onset	duration	trial_type	value	gaze_x	gaze_y	pupil_size	sacc_endx	sacc_endy	sacc_amplitude	sacc_peakvel
0.028	0.0	trigger_100	100	n/a	n/a	n/a	n/a	n/a	n/a	n/a
0.383	0.02	saccade	n/a	247.1	263.3	n/a	240.1	201.0	2.53	178.0
0.405	0.68	fixation	n/a	244.6	188.0	967.0	n/a	n/a	n/a	n/a
1.087	0.02	saccade	n/a	243.3	189.7	n/a	254.3	150.6	1.65	96.0
1.109	0.352	fixation	n/a	256.1	146.7	948.0	n/a	n/a	n/a	n/a
1.463	0.014	saccade	n/a	254.0	159.8	n/a	227.3	160.1	1.06	92.0
1.479	0.514	fixation	n/a	220.8	160.1	979.0	n/a	n/a	n/a	n/a
1.995	0.012	saccade	n/a	218.9	157.3	n/a	236.4	143.1	0.9	88.0
2.009	0.3	fixation	n/a	236.3	142.7	971.0	n/a	n/a	n/a	n/a
2.058	0.0	trigger_10	10	n/a	n/a	n/a	n/a	n/a	n/a	n/a
2.311	0.03	saccade	n/a	237.5	144.1	n/a	214.7	46.0	4.08	255.0
2.343	0.09	fixation	n/a	214.7	52.5	955.0	n/a	n/a	n/a	n/a
2.435	0.024	saccade	n/a	216.5	53.6	n/a	135.1	46.0	3.21	260.0
2.461	0.146	fixation	n/a	150.8	49.3	992.0	n/a	n/a	n/a	n/a
2.609	0.012	saccade	n/a	151.6	48.7	n/a	130.6	58.0	0.9	90.0
2.623	0.144	fixation	n/a	137.5	56.4	1027.0	n/a	n/a	n/a	n/a
2.769	0.024	saccade	n/a	136.5	56.7	n/a	215.7	63.6	3.12	258.0
2.795	0.206	fixation	n/a	210.9	67.2	1031.0	n/a	n/a	n/a	n/a
3.003	0.02	saccade	n/a	211.1	70.5	n/a	258.7	70.9	1.89	163.0
3.025	0.152	fixation	n/a	254.2	71.3	975.0	n/a	n/a	n/a	n/a
3.179	0.044	saccade	n/a	253.6	72.5	n/a	117.9	60.1	5.36	325.0
3.225	0.268	fixation	n/a	120.7	64.6	961.0	n/a	n/a	n/a	n/a
3.495	0.024	saccade	n/a	123.3	64.3	n/a	223.6	72.8	3.95	286.0
3.521	0.204	fixation	n/a	233.7	71.0	1001.0	n/a	n/a	n/a	n/a
3.727	0.022	saccade	n/a	238.4	73.0	n/a	303.0	75.9	2.59	222.0
3.751	0.18	fixation	n/a	294.7	74.7	1034.0	n/a	n/a	n/a	n/a
3.933	0.02	saccade	n/a	295.0	73.9	n/a	349.9	74.7	2.2	182.0
3.955	0.186	fixation	n/a	344.3	76.9	1055.0	n/a	n/a	n/a	n/a
4.143	0.022	saccade	n/a	344.7	77.3	n/a	413.3	82.5	2.77	214.0
4.167	0.19	fixation	n/a	409.3	81.8	1081.0	n/a	n/a	n/a	n/a
4.359	0.024	saccade	n/a	409.0	85.4	n/a	495.4	86.8	3.48	255.0
4.385	0.166	fixation	n/a	489.1	87.0	1095.0	n/a	n/a	n/a	n/a
4.553	0.024	saccade	n/a	486.7	88.1	n/a	549.0	84.6	2.5	170.0
4.579	0.228	fixation	n/a	542.9	85.8	1080.0	n/a	n/a	n/a	n/a
4.809	0.02	saccade	n/a	543.3	86.4	n/a	587.6	83.6	1.76	155.0
4.831	0.094	fixation	n/a	581.8	84.8	1074.0	n/a	n/a	n/a	n/a
4.927	0.07	saccade	n/a	584.1	84.1	n/a	97.5	142.6	19.19	510.0
4.999	0.27	fixation	n/a	110.2	141.9	1097.0	n/a	n/a	n/a	n/a
5.271	0.026	saccade	n/a	107.0	142.0	n/a	211.7	143.4	4.09	280.0
5.299	0.178	fixation	n/a	206.4	144.9	1091.0	n/a	n/a	n/a	n/a
5.479	0.03	saccade	n/a	207.0	147.0	n/a	95.6	145.9	4.34	278.0
5.511	0.294	fixation	n/a	115.4	146.3	1055.0	n/a	n/a	n/a	n/a
5.807	0.024	saccade	n/a	115.2	145.3	n/a	197.8	143.8	3.23	256.0
5.833	0.17	fixation	n/a	192.3	143.7	1038.0	n/a	n/a	n/a	n/a
6.005	0.022	saccade	n/a	192.5	141.6	n/a	268.0	140.1	3.0	287.0
6.029	0.266	fixation	n/a	262.2	141.9	1038.0	n/a	n/a	n/a	n/a
6.297	0.018	saccade	n/a	261.9	143.8	n/a	234.6	102.6	2.0	174.0
6.317	0.292	fixation	n/a	231.4	75.0	978.0	n/a	n/a	n/a	n/a
6.611	0.026	saccade	n/a	232.6	73.6	n/a	144.3	59.5	3.52	253.0
6.639	0.526	fixation	n/a	154.1	65.2	972.0	n/a	n/a	n/a	n/a
6.786	0.0	trigger_11	11	n/a	n/a	n/a	n/a	n/a	n/a	n/a
6.796	0.0	trigger_10	10	n/a	n/a	n/a	n/a	n/a	n/a	n/a
7.167	0.018	saccade	n/a	152.2	65.2	n/a	190.4	64.1	1.5	112.0
7.187	0.132	fixation	n/a	191.9	68.3	1010.0	n/a	n/a	n/a	n/a
7.321	0.022	saccade	n/a	188.7	70.1	n/a	260.4	68.7	2.84	245.0
7.345	0.236	fixation	n/a	251.0	69.7	999.0	n/a	n/a	n/a	n/a
7.583	0.024	saccade	n/a	250.9	71.0	n/a	319.6	74.0	2.75	199.0
7.609	0.188	fixation	n/a	324.0	71.6	952.0	n/a	n/a	n/a	n/a
7.799	0.018	saccade	n/a	324.1	69.9	n/a	368.0	69.9	1.77	153.0
7.819	0.246	fixation	n/a	365.5	68.7	897.0	n/a	n/a	n/a	n/a
8.067	0.028	saccade	n/a	364.3	64.3	n/a	466.5	82.4	4.18	267.0
8.097	0.212	fixation	n/a	467.1	77.0	853.0	n/a	n/a	n/a	n/a
8.311	0.024	saccade	n/a	466.7	76.0	n/a	530.5	69.4	2.57	188.0
8.337	0.204	fixation	n/a	524.9	69.8	849.0	n/a	n/a	n/a	n/a
8.543	0.06	saccade	n/a	525.9	69.4	n/a	91.2	123.6	17.19	501.0
8.605	0.222	fixation	n/a	102.8	125.5	871.0	n/a	n/a	n/a	n/a
8.829	0.022	saccade	n/a	102.9	125.8	n/a	158.9	131.4	2.19	183.0
8.853	0.162	fixation	n/a	156.0	134.8	904.0	n/a	n/a	n/a	n/a
9.017	0.022	saccade	n/a	157.5	135.8	n/a	239.8	137.7	3.25	273.0
9.041	0.31	fixation	n/a	234.9	138.1	955.0	n/a	n/a	n/a	n/a
9.353	0.036	saccade	n/a	236.0	142.1	n/a	349.5	145.8	4.54	242.0
9.391	0.368	fixation	n/a	350.4	146.1	951.0	n/a	n/a	n/a	n/a
9.761	0.024	saccade	n/a	350.9	145.0	n/a	425.5	143.5	3.0	227.0
9.787	0.264	fixation	n/a	423.2	142.7	905.0	n/a	n/a	n/a	n/a
10.053	0.03	saccade	n/a	423.2	142.8	n/a	517.8	149.0	3.81	257.0
10.085	0.34	fixation	n/a	513.4	140.7	913.0	n/a	n/a	n/a	n/a
10.234	0.0	trigger_11	11	n/a	n/a	n/a	n/a	n/a	n/a	n/a
10.246	0.0	trigger_10	10	n/a	n/a	n/a	n/a	n/a	n/a	n/a
10.427	0.056	saccade	n/a	513.9	139.2	n/a	143.4	82.0	14.83	493.0
10.485	0.124	fixation	n/a	154.4	86.0	952.0	n/a	n/a	n/a	n/a
10.611	0.02	saccade	n/a	156.0	88.2	n/a	137.4	52.7	1.6	149.0
10.633	0.2	fixation	n/a	139.3	62.2	954.0	n/a	n/a	n/a	n/a
10.835	0.022	saccade	n/a	137.3	65.0	n/a	217.0	59.9	3.14	254.0
10.859	0.246	fixation	n/a	211.3	62.0	958.0	n/a	n/a	n/a	n/a
11.107	0.026	saccade	n/a	212.8	62.9	n/a	302.2	71.2	3.58	270.0
11.135	0.302	fixation	n/a	299.9	69.2	960.0	n/a	n/a	n/a	n/a
11.439	0.024	saccade	n/a	301.2	71.0	n/a	375.8	63.0	3.02	238.0
11.465	0.288	fixation	n/a	371.1	65.1	967.0	n/a	n/a	n/a	n/a
11.755	0.028	saccade	n/a	371.1	65.6	n/a	475.0	72.9	4.19	259.0
11.785	0.284	fixation	n/a	480.4	71.3	971.0	n/a	n/a	n/a	n/a
12.071	0.02	saccade	n/a	481.8	74.2	n/a	537.8	71.2	2.24	178.0
12.093	0.2	fixation	n/a	533.9	73.7	953.0	n/a	n/a	n/a	n/a
12.295	0.06	saccade	n/a	535.8	72.9	n/a	103.3	126.8	17.1	499.0
12.357	0.312	fixation	n/a	114.0	130.5	980.0	n/a	n/a	n/a	n/a
12.671	0.022	saccade	n/a	115.1	133.9	n/a	185.5	139.6	2.76	218.0
12.695	0.256	fixation	n/a	182.0	139.8	1015.0	n/a	n/a	n/a	n/a
12.953	0.022	saccade	n/a	183.9	140.2	n/a	250.9	138.1	2.65	221.0
12.977	0.302	fixation	n/a	249.7	134.4	977.0	n/a	n/a	n/a	n/a
13.281	0.022	saccade	n/a	249.8	133.5	n/a	311.9	134.6	2.48	214.0
13.305	0.192	fixation	n/a	305.2	137.5	961.0	n/a	n/a	n/a	n/a
13.499	0.022	saccade	n/a	305.9	137.9	n/a	367.0	140.1	2.46	196.0
13.523	0.262	fixation	n/a	359.4	139.9	973.0	n/a	n/a	n/a	n/a
13.787	0.024	saccade	n/a	358.6	141.2	n/a	447.3	137.5	3.57	276.0
13.813	0.348	fixation	n/a	445.9	135.6	952.0	n/a	n/a	n/a	n/a
14.163	0.024	saccade	n/a	445.9	139.1	n/a	524.2	134.6	3.15	245.0
14.189	0.27	fixation	n/a	523.8	136.3	944.0	n/a	n/a	n/a	n/a
14.461	0.062	saccade	n/a	524.6	137.4	n/a	93.5	196.2	17.07	493.0
14.525	0.244	fixation	n/a	106.7	203.1	973.0	n/a	n/a	n/a	n/a
14.771	0.024	saccade	n/a	103.8	203.5	n/a	205.9	200.6	3.99	280.0
14.797	0.402	fixation	n/a	222.7	202.1	951.0	n/a	n/a	n/a	n/a
15.201	0.024	saccade	n/a	221.2	202.6	n/a	317.9	202.4	3.84	264.0
15.227	0.468	fixation	n/a	320.1	200.6	928.0	n/a	n/a	n/a	n/a
15.697	0.024	saccade	n/a	315.5	204.2	n/a	395.1	201.2	3.19	245.0
15.723	0.18	fixation	n/a	388.7	205.2	860.0	n/a	n/a	n/a	n/a
15.905	0.022	saccade	n/a	388.0	208.0	n/a	458.2	207.1	2.82	220.0
15.929	0.198	fixation	n/a	457.0	204.7	796.0	n/a	n/a	n/a	n/a
16.129	0.008	saccade	n/a	459.1	203.2	n/a	446.3	204.9	0.52	64.0
16.139	0.144	fixation	n/a	445.9	203.9	749.0	n/a	n/a	n/a	n/a
16.285	0.022	saccade	n/a	445.3	206.6	n/a	511.4	206.7	2.65	198.0
16.309	0.212	fixation	n/a	507.9	202.9	708.0	n/a	n/a	n/a	n/a
16.523	0.02	saccade	n/a	507.8	203.3	n/a	554.1	197.4	1.86	169.0
16.545	0.112	fixation	n/a	549.1	198.4	681.0	n/a	n/a	n/a	n/a
16.659	0.056	saccade	n/a	551.0	198.3	n/a	222.3	72.8	14.0	466.0
16.717	0.364	fixation	n/a	218.7	74.9	662.0	n/a	n/a	n/a	n/a
16.89	0.0	trigger_11	11	n/a	n/a	n/a	n/a	n/a	n/a	n/a
16.9	0.0	trigger_10	10	n/a	n/a	n/a	n/a	n/a	n/a	n/a
17.083	0.022	saccade	n/a	217.4	75.6	n/a	150.8	42.8	2.94	242.0
17.107	0.35	fixation	n/a	155.6	46.7	763.0	n/a	n/a	n/a	n/a
17.459	0.022	saccade	n/a	156.1	45.0	n/a	229.3	49.3	2.89	243.0
17.483	0.196	fixation	n/a	228.6	51.0	798.0	n/a	n/a	n/a	n/a
17.681	0.022	saccade	n/a	232.5	51.6	n/a	299.3	51.0	2.66	220.0
17.705	0.218	fixation	n/a	293.7	51.5	809.0	n/a	n/a	n/a	n/a
17.925	0.022	saccade	n/a	292.7	52.3	n/a	361.8	54.7	2.77	222.0
17.949	0.24	fixation	n/a	356.9	56.2	837.0	n/a	n/a	n/a	n/a
18.191	0.02	saccade	n/a	355.0	59.8	n/a	408.6	58.1	2.16	170.0
18.213	0.398	fixation	n/a	400.2	62.3	901.0	n/a	n/a	n/a	n/a
18.613	0.026	saccade	n/a	398.6	62.8	n/a	505.0	73.8	4.3	279.0
18.641	0.262	fixation	n/a	500.2	72.2	917.0	n/a	n/a	n/a	n/a
18.905	0.02	saccade	n/a	500.8	74.1	n/a	549.0	70.6	1.93	150.0
18.927	0.442	fixation	n/a	545.8	69.6	901.0	n/a	n/a	n/a	n/a
19.371	0.066	saccade	n/a	548.2	71.1	n/a	80.8	130.4	18.41	502.0
19.439	0.396	fixation	n/a	93.5	133.0	986.0	n/a	n/a	n/a	n/a
19.837	0.024	saccade	n/a	92.3	135.3	n/a	179.2	135.7	3.38	274.0
19.863	0.196	fixation	n/a	180.4	137.6	991.0	n/a	n/a	n/a	n/a
20.061	0.006	saccade	n/a	179.6	134.0	n/a	169.6	136.7	0.41	61.0
20.069	0.132	fixation	n/a	168.5	137.2	969.0	n/a	n/a	n/a	n/a
20.203	0.018	saccade	n/a	170.2	139.7	n/a	220.3	135.9	1.98	174.0
20.223	0.262	fixation	n/a	218.6	136.8	951.0	n/a	n/a	n/a	n/a
20.487	0.044	saccade	n/a	217.6	140.3	n/a	316.1	144.4	3.94	200.0
20.533	0.336	fixation	n/a	315.5	141.2	907.0	n/a	n/a	n/a	n/a
20.871	0.124	saccade	n/a	313.5	149.9	n/a	448.8	146.7	5.44	244.0
20.997	0.028	fixation	n/a	444.8	148.9	828.0	n/a	n/a	n/a	n/a
21.027	0.23	saccade	n/a	446.6	147.9	n/a	457.5	137.8	0.6	920.0
21.055	0.166	blink	n/a	n/a	n/a	n/a	n/a	n/a	n/a	n/a
21.259	0.212	fixation	n/a	453.4	137.4	796.0	n/a	n/a	n/a	n/a
21.473	0.186	saccade	n/a	451.7	134.6	n/a	492.2	145.4	1.69	913.0
21.499	0.126	blink	n/a	n/a	n/a	n/a	n/a	n/a	n/a	n/a
21.661	0.178	fixation	n/a	487.5	146.0	770.0	n/a	n/a	n/a	n/a
21.841	0.018	saccade	n/a	489.8	143.7	n/a	444.8	127.3	1.93	158.0
21.861	0.198	fixation	n/a	444.4	127.2	737.0	n/a	n/a	n/a	n/a
22.061	0.028	saccade	n/a	439.8	128.5	n/a	541.4	124.0	4.08	270.0
22.091	0.23	fixation	n/a	542.3	121.4	734.0	n/a	n/a	n/a	n/a
22.323	0.064	saccade	n/a	544.0	121.2	n/a	101.7	199.1	17.59	448.0
22.389	0.196	fixation	n/a	112.0	198.3	809.0	n/a	n/a	n/a	n/a
22.587	0.022	saccade	n/a	114.7	199.5	n/a	67.8	204.4	1.81	183.0
22.611	0.156	fixation	n/a	77.0	206.2	828.0	n/a	n/a	n/a	n/a
22.769	0.022	saccade	n/a	77.2	208.3	n/a	166.2	195.7	3.49	295.0
22.793	0.224	fixation	n/a	157.3	200.5	850.0	n/a	n/a	n/a	n/a
23.019	0.128	saccade	n/a	154.7	214.7	n/a	291.2	35.8	9.01	744.0
23.051	0.068	blink	n/a	n/a	n/a	n/a	n/a	n/a	n/a	n/a
23.149	0.308	fixation	n/a	290.6	42.9	851.0	n/a	n/a	n/a	n/a
23.25	0.0	trigger_11	11	n/a	n/a	n/a	n/a	n/a	n/a	n/a
23.26	0.0	trigger_10	10	n/a	n/a	n/a	n/a	n/a	n/a	n/a
23.459	0.032	saccade	n/a	289.0	49.0	n/a	152.0	47.6	5.42	312.0
23.493	0.234	fixation	n/a	158.9	50.8	898.0	n/a	n/a	n/a	n/a
23.729	0.006	saccade	n/a	156.8	52.2	n/a	147.9	53.7	0.35	52.0
23.737	0.134	fixation	n/a	145.7	53.6	909.0	n/a	n/a	n/a	n/a
23.873	0.022	saccade	n/a	143.8	50.6	n/a	239.0	56.0	3.76	308.0
23.897	0.204	fixation	n/a	231.0	54.8	877.0	n/a	n/a	n/a	n/a
24.103	0.064	saccade	n/a	234.9	56.9	n/a	339.1	76.9	4.24	237.0
24.169	0.216	fixation	n/a	334.7	68.5	850.0	n/a	n/a	n/a	n/a
24.387	0.114	saccade	n/a	332.8	81.7	n/a	392.0	55.7	2.61	710.0
24.421	0.046	blink	n/a	n/a	n/a	n/a	n/a	n/a	n/a	n/a
24.503	0.194	fixation	n/a	386.4	60.9	858.0	n/a	n/a	n/a	n/a
24.699	0.022	saccade	n/a	384.7	60.3	n/a	318.3	60.0	2.67	201.0
24.723	0.202	fixation	n/a	326.6	61.1	879.0	n/a	n/a	n/a	n/a
24.927	0.024	saccade	n/a	328.1	61.7	n/a	394.7	68.4	2.69	204.0
24.953	0.248	fixation	n/a	390.2	69.2	851.0	n/a	n/a	n/a	n/a
25.203	0.022	saccade	n/a	390.2	66.1	n/a	464.4	61.9	2.99	246.0
25.227	0.218	fixation	n/a	467.9	64.5	780.0	n/a	n/a	n/a	n/a
25.447	0.022	saccade	n/a	470.1	62.8	n/a	538.2	57.5	2.73	192.0
25.471	0.358	fixation	n/a	540.6	62.0	751.0	n/a	n/a	n/a	n/a
25.831	0.062	saccade	n/a	547.5	64.8	n/a	103.1	123.7	17.59	462.0
25.895	0.26	fixation	n/a	110.7	129.4	853.0	n/a	n/a	n/a	n/a
26.157	0.018	saccade	n/a	108.0	132.1	n/a	153.9	133.7	1.78	158.0
26.177	0.174	fixation	n/a	150.5	138.8	882.0	n/a	n/a	n/a	n/a
26.353	0.02	saccade	n/a	150.9	140.5	n/a	215.5	137.8	2.55	190.0
26.375	0.216	fixation	n/a	226.9	140.3	897.0	n/a	n/a	n/a	n/a
26.593	0.024	saccade	n/a	227.6	142.4	n/a	306.7	142.4	3.16	233.0
26.619	0.268	fixation	n/a	301.6	140.9	850.0	n/a	n/a	n/a	n/a
26.889	0.03	saccade	n/a	300.7	140.3	n/a	408.0	145.5	4.32	241.0
26.921	0.28	fixation	n/a	403.8	142.4	843.0	n/a	n/a	n/a	n/a
27.203	0.026	saccade	n/a	404.2	141.6	n/a	502.5	145.6	3.95	261.0
27.231	0.264	fixation	n/a	507.2	144.7	880.0	n/a	n/a	n/a	n/a
27.497	0.024	saccade	n/a	507.5	146.2	n/a	584.7	143.6	3.08	218.0
27.523	0.226	fixation	n/a	580.2	140.7	889.0	n/a	n/a	n/a	n/a
27.751	0.02	saccade	n/a	581.2	143.1	n/a	633.4	140.4	2.06	154.0
27.773	0.222	fixation	n/a	630.4	143.1	910.0	n/a	n/a	n/a	n/a
27.997	0.02	saccade	n/a	627.9	144.6	n/a	680.2	141.3	2.04	160.0
28.019	0.116	fixation	n/a	668.4	143.5	935.0	n/a	n/a	n/a	n/a
28.137	0.08	saccade	n/a	666.9	145.6	n/a	122.3	227.4	21.4	476.0
28.219	0.142	fixation	n/a	136.1	217.5	1026.0	n/a	n/a	n/a	n/a
28.363	0.028	saccade	n/a	135.6	216.3	n/a	94.1	211.7	1.62	217.0
28.393	0.19	fixation	n/a	92.5	208.6	1051.0	n/a	n/a	n/a	n/a
28.585	0.036	saccade	n/a	91.7	208.6	n/a	238.4	204.0	5.73	317.0
28.623	0.19	fixation	n/a	232.0	204.7	1032.0	n/a	n/a	n/a	n/a
28.815	0.028	saccade	n/a	230.5	208.4	n/a	348.1	206.8	4.7	342.0
28.845	0.372	fixation	n/a	345.5	200.8	1033.0	n/a	n/a	n/a	n/a
29.042	0.0	trigger_11	11	n/a	n/a	n/a	n/a	n/a	n/a	n/a
29.048	0.0	trigger_10	10	n/a	n/a	n/a	n/a	n/a	n/a	n/a
29.219	0.048	saccade	n/a	349.0	196.4	n/a	144.1	79.0	9.4	435.0
29.269	0.214	fixation	n/a	153.2	81.2	1014.0	n/a	n/a	n/a	n/a
29.485	0.032	saccade	n/a	151.4	80.0	n/a	226.0	75.7	2.94	176.0
29.519	0.294	fixation	n/a	224.1	74.4	961.0	n/a	n/a	n/a	n/a
29.815	0.028	saccade	n/a	222.4	73.9	n/a	121.7	61.0	3.98	249.0
29.845	0.338	fixation	n/a	119.5	60.7	948.0	n/a	n/a	n/a	n/a
30.185	0.026	saccade	n/a	116.8	62.1	n/a	231.8	68.4	4.52	345.0
30.213	0.272	fixation	n/a	235.9	69.5	971.0	n/a	n/a	n/a	n/a
30.487	0.022	saccade	n/a	237.5	69.9	n/a	298.4	69.2	2.44	202.0
30.511	0.212	fixation	n/a	295.8	69.3	964.0	n/a	n/a	n/a	n/a
30.725	0.006	saccade	n/a	296.7	71.4	n/a	310.5	71.9	0.55	79.0
30.733	0.07	fixation	n/a	318.3	71.4	960.0	n/a	n/a	n/a	n/a
30.805	0.004	saccade	n/a	330.4	72.4	n/a	334.8	71.8	0.18	48.0
30.811	0.19	fixation	n/a	336.9	68.7	948.0	n/a	n/a	n/a	n/a
31.003	0.04	saccade	n/a	333.5	68.4	n/a	431.0	83.9	3.97	141.0
31.045	0.246	fixation	n/a	430.1	79.9	942.0	n/a	n/a	n/a	n/a
31.293	0.02	saccade	n/a	429.8	80.4	n/a	481.6	77.5	2.09	167.0
31.315	0.15	fixation	n/a	479.9	73.7	844.0	n/a	n/a	n/a	n/a
31.467	0.024	saccade	n/a	481.3	71.9	n/a	565.2	63.0	3.37	230.0
31.493	0.108	fixation	n/a	556.0	65.9	783.0	n/a	n/a	n/a	n/a
31.603	0.062	saccade	n/a	556.6	65.2	n/a	66.2	101.0	19.17	503.0
31.667	0.468	fixation	n/a	73.0	107.3	813.0	n/a	n/a	n/a	n/a
31.898	0.0	trigger_11	11	n/a	n/a	n/a	n/a	n/a	n/a	n/a
31.904	0.0	trigger_10	10	n/a	n/a	n/a	n/a	n/a	n/a	n/a
32.137	0.026	saccade	n/a	76.6	117.2	n/a	111.3	37.4	3.45	260.0
32.165	0.222	fixation	n/a	113.6	45.7	887.0	n/a	n/a	n/a	n/a
32.389	0.022	saccade	n/a	114.1	46.4	n/a	173.3	50.2	2.31	217.0
32.413	0.27	fixation	n/a	169.2	51.7	890.0	n/a	n/a	n/a	n/a
32.685	0.014	saccade	n/a	169.1	55.1	n/a	201.3	58.3	1.27	118.0
32.701	0.274	fixation	n/a	201.4	61.7	891.0	n/a	n/a	n/a	n/a
32.977	0.026	saccade	n/a	200.2	63.9	n/a	290.8	57.3	3.61	257.0
33.005	0.306	fixation	n/a	287.6	57.2	892.0	n/a	n/a	n/a	n/a
33.313	0.024	saccade	n/a	289.5	54.9	n/a	372.6	62.5	3.35	248.0
33.339	0.198	fixation	n/a	383.3	64.3	877.0	n/a	n/a	n/a	n/a
33.539	0.024	saccade	n/a	384.0	64.0	n/a	466.4	71.8	3.33	238.0
33.565	0.186	fixation	n/a	464.2	71.3	881.0	n/a	n/a	n/a	n/a
33.753	0.022	saccade	n/a	465.9	68.2	n/a	528.0	70.9	2.49	202.0
33.777	0.22	fixation	n/a	521.4	70.6	855.0	n/a	n/a	n/a	n/a
33.999	0.064	saccade	n/a	522.0	66.9	n/a	77.1	118.4	17.54	483.0
34.065	0.212	fixation	n/a	89.9	120.0	854.0	n/a	n/a	n/a	n/a
34.279	0.018	saccade	n/a	89.5	120.7	n/a	138.0	129.5	1.91	167.0
34.299	0.094	fixation	n/a	134.2	134.5	882.0	n/a	n/a	n/a	n/a
34.395	0.018	saccade	n/a	133.9	136.2	n/a	184.2	141.8	1.98	166.0
34.415	0.568	fixation	n/a	186.3	137.4	887.0	n/a	n/a	n/a	n/a
34.985	0.022	saccade	n/a	187.0	137.4	n/a	277.5	141.2	3.59	277.0
35.009	0.262	fixation	n/a	287.1	142.0	876.0	n/a	n/a	n/a	n/a
35.273	0.024	saccade	n/a	287.3	145.5	n/a	371.9	147.5	3.4	235.0
35.299	0.292	fixation	n/a	368.4	148.6	938.0	n/a	n/a	n/a	n/a
35.593	0.024	saccade	n/a	368.4	148.0	n/a	439.1	143.6	2.86	215.0
35.619	0.248	fixation	n/a	438.9	142.8	958.0	n/a	n/a	n/a	n/a
35.869	0.024	saccade	n/a	441.2	143.7	n/a	520.2	140.2	3.18	241.0
35.895	0.23	fixation	n/a	516.6	141.2	953.0	n/a	n/a	n/a	n/a
36.127	0.024	saccade	n/a	517.3	142.8	n/a	592.2	145.2	2.98	227.0
36.153	0.116	fixation	n/a	582.0	145.8	977.0	n/a	n/a	n/a	n/a
36.271	0.076	saccade	n/a	579.9	147.3	n/a	113.7	193.4	18.34	514.0
36.349	0.312	fixation	n/a	103.7	195.1	1057.0	n/a	n/a	n/a	n/a
36.663	0.048	saccade	n/a	100.1	195.0	n/a	170.2	74.5	5.54	230.0
36.713	0.318	fixation	n/a	181.5	71.7	1002.0	n/a	n/a	n/a	n/a
36.828	0.0	trigger_11	11	n/a	n/a	n/a	n/a	n/a	n/a	n/a
36.834	0.0	trigger_10	10	n/a	n/a	n/a	n/a	n/a	n/a	n/a
37.033	0.026	saccade	n/a	185.1	73.6	n/a	112.0	58.1	2.92	200.0
37.061	0.228	fixation	n/a	124.2	60.9	966.0	n/a	n/a	n/a	n/a
37.291	0.02	saccade	n/a	124.0	60.9	n/a	180.9	60.3	2.22	225.0
37.313	0.242	fixation	n/a	182.4	61.3	953.0	n/a	n/a	n/a	n/a
37.557	0.024	saccade	n/a	182.3	59.4	n/a	257.9	60.5	2.99	238.0
37.583	0.37	fixation	n/a	256.4	62.1	938.0	n/a	n/a	n/a	n/a
37.955	0.026	saccade	n/a	254.6	61.0	n/a	348.7	72.6	3.79	240.0
37.983	0.254	fixation	n/a	351.5	73.1	961.0	n/a	n/a	n/a	n/a
38.239	0.006	saccade	n/a	355.0	76.4	n/a	364.5	74.3	0.39	58.0
38.247	0.19	fixation	n/a	362.7	74.6	971.0	n/a	n/a	n/a	n/a
38.439	0.024	saccade	n/a	360.6	72.7	n/a	451.1	71.0	3.64	275.0
38.465	0.286	fixation	n/a	449.7	72.2	948.0	n/a	n/a	n/a	n/a
38.753	0.024	saccade	n/a	451.6	72.5	n/a	516.8	72.6	2.61	187.0
38.779	0.25	fixation	n/a	514.5	73.9	937.0	n/a	n/a	n/a	n/a
39.031	0.026	saccade	n/a	514.0	73.5	n/a	594.1	67.1	3.2	214.0
39.059	0.164	fixation	n/a	587.8	69.1	913.0	n/a	n/a	n/a	n/a
39.225	0.066	saccade	n/a	588.3	69.4	n/a	93.3	130.3	19.45	512.0
39.293	0.306	fixation	n/a	105.8	132.2	964.0	n/a	n/a	n/a	n/a
39.601	0.024	saccade	n/a	105.0	133.1	n/a	182.7	138.2	3.04	266.0
39.627	0.286	fixation	n/a	181.4	139.8	960.0	n/a	n/a	n/a	n/a
39.915	0.02	saccade	n/a	183.7	148.2	n/a	246.0	143.5	2.47	229.0
39.937	0.276	fixation	n/a	256.0	136.9	912.0	n/a	n/a	n/a	n/a
40.215	0.03	saccade	n/a	255.6	139.0	n/a	378.0	142.4	4.91	306.0
40.247	0.33	fixation	n/a	378.8	137.4	828.0	n/a	n/a	n/a	n/a
40.579	0.024	saccade	n/a	377.6	136.9	n/a	466.9	138.0	3.59	250.0
40.605	0.492	fixation	n/a	466.5	137.6	834.0	n/a	n/a	n/a	n/a
41.099	0.03	saccade	n/a	463.2	143.5	n/a	575.5	137.2	4.49	235.0
41.131	0.534	fixation	n/a	587.0	139.8	854.0	n/a	n/a	n/a	n/a
41.667	0.064	saccade	n/a	593.5	142.3	n/a	99.6	201.5	19.4	480.0
41.733	0.204	fixation	n/a	112.3	201.0	937.0	n/a	n/a	n/a	n/a
41.939	0.03	saccade	n/a	116.9	198.9	n/a	74.9	202.8	1.62	206.0
41.971	0.168	fixation	n/a	73.3	203.3	966.0	n/a	n/a	n/a	n/a
42.141	0.022	saccade	n/a	72.3	203.2	n/a	148.7	202.9	2.95	251.0
42.165	0.104	fixation	n/a	138.6	199.7	981.0	n/a	n/a	n/a	n/a
42.271	0.038	saccade	n/a	138.6	199.7	n/a	217.2	78.5	5.77	285.0
42.311	0.188	fixation	n/a	215.6	75.6	934.0	n/a	n/a	n/a	n/a
42.501	0.018	saccade	n/a	215.7	76.4	n/a	251.3	62.6	1.52	154.0
42.521	0.234	fixation	n/a	245.6	65.5	925.0	n/a	n/a	n/a	n/a
42.556	0.0	trigger_11	11	n/a	n/a	n/a	n/a	n/a	n/a	n/a
42.562	0.0	trigger_10	10	n/a	n/a	n/a	n/a	n/a	n/a	n/a
42.757	0.028	saccade	n/a	248.6	68.0	n/a	126.1	46.7	4.89	326.0
42.787	0.202	fixation	n/a	140.1	54.6	966.0	n/a	n/a	n/a	n/a
42.991	0.022	saccade	n/a	143.2	55.6	n/a	221.5	58.8	3.09	243.0
43.015	0.158	fixation	n/a	220.7	57.8	955.0	n/a	n/a	n/a	n/a
43.175	0.02	saccade	n/a	219.4	55.1	n/a	274.2	60.2	2.19	182.0
43.197	0.256	fixation	n/a	271.7	59.0	930.0	n/a	n/a	n/a	n/a
43.455	0.022	saccade	n/a	272.5	60.8	n/a	327.8	66.7	2.23	186.0
43.479	0.194	fixation	n/a	325.9	66.7	895.0	n/a	n/a	n/a	n/a
43.675	0.022	saccade	n/a	326.1	64.7	n/a	403.0	67.8	3.1	224.0
43.699	0.406	fixation	n/a	405.1	64.8	840.0	n/a	n/a	n/a	n/a
44.107	0.026	saccade	n/a	402.8	66.9	n/a	496.3	72.3	3.77	273.0
44.135	0.194	fixation	n/a	489.6	76.2	871.0	n/a	n/a	n/a	n/a
44.331	0.024	saccade	n/a	486.5	79.4	n/a	571.9	78.9	3.41	270.0
44.357	0.152	fixation	n/a	574.2	77.6	918.0	n/a	n/a	n/a	n/a
44.511	0.06	saccade	n/a	572.4	78.6	n/a	115.5	128.0	18.03	522.0
44.573	0.144	fixation	n/a	126.2	129.0	1036.0	n/a	n/a	n/a	n/a
44.719	0.022	saccade	n/a	127.7	129.7	n/a	86.6	140.1	1.64	160.0
44.743	0.12	fixation	n/a	97.6	137.7	1061.0	n/a	n/a	n/a	n/a
44.865	0.022	saccade	n/a	100.9	138.9	n/a	175.1	139.6	2.89	233.0
44.889	0.236	fixation	n/a	172.9	134.5	1089.0	n/a	n/a	n/a	n/a
45.127	0.034	saccade	n/a	177.7	133.3	n/a	258.2	141.2	3.2	310.0
45.163	0.246	fixation	n/a	270.8	135.5	1142.0	n/a	n/a	n/a	n/a
45.411	0.022	saccade	n/a	268.5	130.3	n/a	346.3	126.2	3.12	252.0
45.435	0.18	fixation	n/a	332.6	124.3	1201.0	n/a	n/a	n/a	n/a
45.617	0.02	saccade	n/a	329.5	127.6	n/a	365.4	126.5	1.45	142.0
45.639	0.3	fixation	n/a	372.4	132.4	1200.0	n/a	n/a	n/a	n/a
45.941	0.048	saccade	n/a	375.8	143.6	n/a	189.5	60.5	8.15	355.0
45.991	0.22	fixation	n/a	211.0	73.2	1045.0	n/a	n/a	n/a	n/a
46.02	0.0	trigger_11	11	n/a	n/a	n/a	n/a	n/a	n/a	n/a
46.026	0.0	trigger_10	10	n/a	n/a	n/a	n/a	n/a	n/a	n/a
46.213	0.028	saccade	n/a	222.3	74.8	n/a	112.3	64.3	4.33	308.0
46.243	0.22	fixation	n/a	124.0	66.7	1008.0	n/a	n/a	n/a	n/a
46.465	0.024	saccade	n/a	122.0	71.9	n/a	215.5	70.9	3.67	304.0
46.491	0.138	fixation	n/a	209.7	72.6	1064.0	n/a	n/a	n/a	n/a
46.631	0.032	saccade	n/a	212.1	80.5	n/a	285.8	75.4	2.94	210.0
46.665	0.258	fixation	n/a	310.9	72.3	1044.0	n/a	n/a	n/a	n/a
46.925	0.038	saccade	n/a	313.7	75.5	n/a	439.5	78.8	5.06	271.0
46.965	0.182	fixation	n/a	439.4	78.5	949.0	n/a	n/a	n/a	n/a
47.149	0.016	saccade	n/a	443.1	76.1	n/a	473.0	73.7	1.21	92.0
47.167	0.15	fixation	n/a	475.3	69.8	902.0	n/a	n/a	n/a	n/a
47.319	0.018	saccade	n/a	475.1	67.6	n/a	518.1	68.7	1.72	141.0
47.339	0.204	fixation	n/a	509.4	73.5	916.0	n/a	n/a	n/a	n/a
47.545	0.024	saccade	n/a	506.5	76.5	n/a	591.4	67.4	3.4	251.0
47.571	0.202	fixation	n/a	580.4	73.9	966.0	n/a	n/a	n/a	n/a
47.775	0.064	saccade	n/a	577.4	76.7	n/a	110.4	127.1	18.43	507.0
47.841	0.134	fixation	n/a	115.4	128.3	1083.0	n/a	n/a	n/a	n/a
47.977	0.016	saccade	n/a	117.2	126.3	n/a	83.7	136.3	1.35	119.0
47.995	0.156	fixation	n/a	94.7	137.1	1118.0	n/a	n/a	n/a	n/a
48.153	0.026	saccade	n/a	93.6	137.5	n/a	190.4	136.9	3.77	285.0
48.181	0.352	fixation	n/a	189.6	132.9	1170.0	n/a	n/a	n/a	n/a
48.535	0.026	saccade	n/a	189.4	134.3	n/a	299.2	137.0	4.37	299.0
48.563	0.5	fixation	n/a	307.0	138.3	1172.0	n/a	n/a	n/a	n/a
49.065	0.028	saccade	n/a	311.3	137.8	n/a	422.0	145.0	4.46	301.0
49.095	0.23	fixation	n/a	419.8	140.5	1157.0	n/a	n/a	n/a	n/a
49.327	0.014	saccade	n/a	421.2	141.6	n/a	392.9	141.1	1.14	105.0
49.343	0.16	fixation	n/a	401.9	141.8	1145.0	n/a	n/a	n/a	n/a
49.505	0.026	saccade	n/a	401.5	141.3	n/a	491.2	143.8	3.61	264.0
49.533	0.248	fixation	n/a	485.8	145.1	1139.0	n/a	n/a	n/a	n/a
49.783	0.024	saccade	n/a	484.5	148.6	n/a	556.7	152.1	2.89	212.0
49.809	0.15	fixation	n/a	553.0	148.5	1131.0	n/a	n/a	n/a	n/a
49.961	0.066	saccade	n/a	553.8	147.3	n/a	81.4	205.1	18.6	462.0
50.029	0.412	fixation	n/a	101.6	203.5	1163.0	n/a	n/a	n/a	n/a
50.443	0.034	saccade	n/a	105.7	204.6	n/a	167.8	93.7	5.06	249.0
50.479	0.35	fixation	n/a	184.9	69.8	1035.0	n/a	n/a	n/a	n/a
50.636	0.0	trigger_11	11	n/a	n/a	n/a	n/a	n/a	n/a	n/a
50.646	0.0	trigger_10	10	n/a	n/a	n/a	n/a	n/a	n/a	n/a
50.831	0.024	saccade	n/a	190.6	67.8	n/a	115.8	69.2	2.92	212.0
50.857	0.458	fixation	n/a	139.9	67.4	1004.0	n/a	n/a	n/a	n/a
51.317	0.022	saccade	n/a	153.2	64.1	n/a	215.2	70.8	2.46	206.0
51.341	0.148	fixation	n/a	210.9	68.6	926.0	n/a	n/a	n/a	n/a
51.491	0.016	saccade	n/a	210.9	62.9	n/a	252.5	67.9	1.66	141.0
51.509	0.16	fixation	n/a	245.5	64.1	867.0	n/a	n/a	n/a	n/a
51.671	0.02	saccade	n/a	243.5	60.9	n/a	301.2	64.0	2.31	200.0
51.693	0.182	fixation	n/a	291.8	63.6	815.0	n/a	n/a	n/a	n/a
51.877	0.252	saccade	n/a	282.0	73.2	n/a	386.4	67.4	4.2	815.0
51.905	0.158	blink	n/a	n/a	n/a	n/a	n/a	n/a	n/a	n/a
52.131	0.092	fixation	n/a	377.9	66.6	684.0	n/a	n/a	n/a	n/a
52.225	0.196	saccade	n/a	375.3	68.0	n/a	441.2	68.8	2.66	658.0
52.243	0.148	blink	n/a	n/a	n/a	n/a	n/a	n/a	n/a	n/a
52.423	0.19	fixation	n/a	432.5	68.0	689.0	n/a	n/a	n/a	n/a
52.615	0.154	saccade	n/a	429.2	70.4	n/a	530.7	63.8	4.09	713.0
52.635	0.1	blink	n/a	n/a	n/a	n/a	n/a	n/a	n/a	n/a
52.771	0.178	fixation	n/a	523.9	62.1	671.0	n/a	n/a	n/a	n/a
52.951	0.012	saccade	n/a	524.1	62.9	n/a	547.7	61.6	0.94	101.0
52.965	0.192	fixation	n/a	546.1	62.8	640.0	n/a	n/a	n/a	n/a
53.159	0.022	saccade	n/a	546.0	61.5	n/a	602.0	63.7	2.22	178.0
53.183	0.098	fixation	n/a	594.4	64.3	627.0	n/a	n/a	n/a	n/a
53.283	0.062	saccade	n/a	594.5	63.3	n/a	108.9	109.9	19.1	500.0
53.347	0.164	fixation	n/a	118.5	114.9	653.0	n/a	n/a	n/a	n/a
53.513	0.018	saccade	n/a	118.7	117.7	n/a	85.8	123.8	1.29	119.0
53.533	0.106	fixation	n/a	92.0	123.3	653.0	n/a	n/a	n/a	n/a
53.641	0.022	saccade	n/a	92.5	122.8	n/a	174.7	117.3	3.21	277.0
53.665	0.292	fixation	n/a	174.9	118.2	677.0	n/a	n/a	n/a	n/a
53.959	0.022	saccade	n/a	176.2	122.5	n/a	235.7	134.1	2.4	216.0
53.983	0.294	fixation	n/a	230.3	131.4	693.0	n/a	n/a	n/a	n/a
54.279	0.024	saccade	n/a	231.5	128.2	n/a	314.4	128.7	3.31	254.0
54.305	0.206	fixation	n/a	316.1	123.9	631.0	n/a	n/a	n/a	n/a
54.513	0.032	saccade	n/a	317.0	119.3	n/a	453.6	124.1	5.49	310.0
54.547	0.152	fixation	n/a	454.3	121.1	585.0	n/a	n/a	n/a	n/a
54.701	0.008	saccade	n/a	454.3	123.0	n/a	440.3	125.2	0.57	70.0
54.711	0.188	fixation	n/a	437.7	125.0	602.0	n/a	n/a	n/a	n/a
54.901	0.036	saccade	n/a	434.4	130.8	n/a	523.3	133.0	3.57	250.0
54.939	0.232	fixation	n/a	520.2	138.1	714.0	n/a	n/a	n/a	n/a
55.173	0.024	saccade	n/a	512.0	160.5	n/a	572.1	155.2	2.4	182.0
55.199	0.178	fixation	n/a	565.6	147.6	812.0	n/a	n/a	n/a	n/a
55.379	0.068	saccade	n/a	564.9	148.9	n/a	45.0	199.0	20.25	529.0
55.449	0.272	fixation	n/a	68.8	199.4	888.0	n/a	n/a	n/a	n/a
55.723	0.026	saccade	n/a	75.1	200.3	n/a	180.3	207.5	4.08	323.0
55.751	0.226	fixation	n/a	186.0	206.8	912.0	n/a	n/a	n/a	n/a
55.979	0.034	saccade	n/a	184.0	218.8	n/a	254.9	214.7	2.81	116.0
56.015	0.242	fixation	n/a	252.3	211.9	927.0	n/a	n/a	n/a	n/a
56.259	0.02	saccade	n/a	253.0	211.8	n/a	305.5	200.4	2.15	178.0
56.281	0.328	fixation	n/a	296.5	204.5	925.0	n/a	n/a	n/a	n/a
56.611	0.04	saccade	n/a	295.3	208.0	n/a	380.8	202.0	3.44	239.0
56.653	0.248	fixation	n/a	370.9	202.2	979.0	n/a	n/a	n/a	n/a
56.903	0.024	saccade	n/a	369.0	205.1	n/a	439.4	200.9	2.83	240.0
56.929	0.234	fixation	n/a	427.1	205.0	1004.0	n/a	n/a	n/a	n/a
57.165	0.024	saccade	n/a	424.3	212.4	n/a	496.5	207.2	2.9	209.0
57.191	0.406	fixation	n/a	504.6	204.7	1029.0	n/a	n/a	n/a	n/a
57.599	0.026	saccade	n/a	508.1	206.1	n/a	587.5	207.8	3.16	222.0
57.627	0.38	fixation	n/a	586.1	204.0	1077.0	n/a	n/a	n/a	n/a
58.009	0.022	saccade	n/a	588.0	203.3	n/a	515.9	203.7	2.87	215.0
58.033	0.236	fixation	n/a	526.1	206.0	1125.0	n/a	n/a	n/a	n/a
58.271	0.022	saccade	n/a	529.0	204.9	n/a	594.3	207.0	2.59	223.0
58.295	0.174	fixation	n/a	584.6	203.8	1131.0	n/a	n/a	n/a	n/a
58.471	0.074	saccade	n/a	586.1	200.5	n/a	122.3	257.4	18.26	531.0
58.547	0.278	fixation	n/a	118.3	260.5	1159.0	n/a	n/a	n/a	n/a
58.827	0.026	saccade	n/a	119.9	257.5	n/a	232.2	257.7	4.39	364.0
58.855	0.25	fixation	n/a	228.3	258.8	1103.0	n/a	n/a	n/a	n/a
59.107	0.026	saccade	n/a	233.8	261.1	n/a	343.5	253.6	4.37	350.0
59.135	0.12	fixation	n/a	338.3	257.3	1043.0	n/a	n/a	n/a	n/a
59.257	0.044	saccade	n/a	340.9	255.5	n/a	229.1	93.0	7.96	396.0
59.303	0.2	fixation	n/a	231.3	94.3	1010.0	n/a	n/a	n/a	n/a
59.308	0.0	trigger_11	11	n/a	n/a	n/a	n/a	n/a	n/a	n/a
59.314	0.0	trigger_10	10	n/a	n/a	n/a	n/a	n/a	n/a	n/a
59.505	0.024	saccade	n/a	233.2	96.3	n/a	142.7	58.8	3.87	306.0
59.531	0.328	fixation	n/a	149.8	69.0	1016.0	n/a	n/a	n/a	n/a
59.861	0.02	saccade	n/a	150.8	66.7	n/a	212.9	72.3	2.46	215.0
59.883	0.378	fixation	n/a	213.7	71.4	965.0	n/a	n/a	n/a	n/a
60.263	0.028	saccade	n/a	218.8	71.7	n/a	262.7	74.1	1.75	221.0
60.293	0.25	fixation	n/a	264.0	75.0	955.0	n/a	n/a	n/a	n/a
60.545	0.022	saccade	n/a	262.1	74.0	n/a	332.7	74.0	2.82	226.0
60.569	0.314	fixation	n/a	324.6	75.8	938.0	n/a	n/a	n/a	n/a
60.885	0.024	saccade	n/a	323.9	76.3	n/a	399.8	78.4	3.06	217.0
60.911	0.266	fixation	n/a	398.8	77.5	925.0	n/a	n/a	n/a	n/a
61.179	0.024	saccade	n/a	396.2	80.3	n/a	484.5	72.3	3.57	283.0
61.205	0.266	fixation	n/a	475.5	72.7	921.0	n/a	n/a	n/a	n/a
61.473	0.022	saccade	n/a	474.1	73.9	n/a	547.0	72.4	2.92	251.0
61.497	0.144	fixation	n/a	540.1	72.3	937.0	n/a	n/a	n/a	n/a
61.643	0.072	saccade	n/a	540.6	73.9	n/a	144.1	142.7	15.89	505.0
61.717	0.142	fixation	n/a	138.0	146.3	983.0	n/a	n/a	n/a	n/a
61.861	0.02	saccade	n/a	139.1	143.8	n/a	103.0	139.6	1.41	129.0
61.883	0.162	fixation	n/a	109.4	144.4	976.0	n/a	n/a	n/a	n/a
62.047	0.032	saccade	n/a	107.8	142.3	n/a	174.4	146.8	2.6	291.0
62.081	0.2	fixation	n/a	185.2	143.6	956.0	n/a	n/a	n/a	n/a
62.283	0.024	saccade	n/a	186.8	140.8	n/a	250.8	143.1	2.54	196.0
62.309	0.162	fixation	n/a	240.2	146.1	904.0	n/a	n/a	n/a	n/a
62.473	0.034	saccade	n/a	241.4	146.4	n/a	304.0	141.8	2.51	137.0
62.509	0.202	fixation	n/a	299.4	143.2	860.0	n/a	n/a	n/a	n/a
62.713	0.028	saccade	n/a	299.4	145.1	n/a	399.0	144.3	4.01	255.0
62.743	0.3	fixation	n/a	391.3	143.6	832.0	n/a	n/a	n/a	n/a
63.045	0.026	saccade	n/a	389.8	142.9	n/a	481.9	139.1	3.71	224.0
63.073	0.16	fixation	n/a	488.0	139.5	812.0	n/a	n/a	n/a	n/a
63.235	0.022	saccade	n/a	488.7	139.4	n/a	567.3	137.2	3.14	246.0
63.259	0.296	fixation	n/a	556.8	137.6	788.0	n/a	n/a	n/a	n/a
63.39	0.0	trigger_11	11	n/a	n/a	n/a	n/a	n/a	n/a	n/a
63.394	0.0	trigger_12	12	n/a	n/a	n/a	n/a	n/a	n/a	n/a
63.557	0.064	saccade	n/a	556.4	137.7	n/a	196.4	66.7	14.57	504.0
63.623	0.12	fixation	n/a	190.1	72.3	805.0	n/a	n/a	n/a	n/a
63.745	0.022	saccade	n/a	189.8	76.1	n/a	141.3	48.6	2.2	200.0
63.769	0.206	fixation	n/a	152.2	52.1	837.0	n/a	n/a	n/a	n/a
63.977	0.024	saccade	n/a	152.3	52.2	n/a	224.7	51.6	2.85	231.0
64.003	0.174	fixation	n/a	221.3	56.1	867.0	n/a	n/a	n/a	n/a
64.179	0.024	saccade	n/a	221.2	56.2	n/a	327.8	59.0	4.26	316.0
64.205	0.258	fixation	n/a	334.6	62.5	880.0	n/a	n/a	n/a	n/a
64.465	0.028	saccade	n/a	335.2	62.2	n/a	429.8	68.6	3.82	211.0
64.495	0.228	fixation	n/a	424.9	65.0	895.0	n/a	n/a	n/a	n/a
64.725	0.02	saccade	n/a	426.4	66.7	n/a	480.6	62.3	2.19	172.0
64.747	0.236	fixation	n/a	475.4	63.7	883.0	n/a	n/a	n/a	n/a
64.985	0.022	saccade	n/a	476.2	64.1	n/a	543.5	59.3	2.7	216.0
65.009	0.16	fixation	n/a	548.1	63.6	843.0	n/a	n/a	n/a	n/a
65.171	0.062	saccade	n/a	549.7	64.5	n/a	135.1	130.1	16.54	475.0
65.235	0.156	fixation	n/a	146.7	130.5	855.0	n/a	n/a	n/a	n/a
65.393	0.02	saccade	n/a	148.0	129.9	n/a	97.2	131.5	1.97	169.0
65.415	0.252	fixation	n/a	105.6	131.9	846.0	n/a	n/a	n/a	n/a
65.669	0.024	saccade	n/a	103.4	133.6	n/a	191.7	128.5	3.46	294.0
65.695	0.306	fixation	n/a	186.8	130.3	868.0	n/a	n/a	n/a	n/a
66.003	0.022	saccade	n/a	186.6	131.5	n/a	265.4	136.0	3.13	263.0
66.027	0.56	fixation	n/a	259.6	135.7	913.0	n/a	n/a	n/a	n/a
66.398	0.0	trigger_13	13	n/a	n/a	n/a	n/a	n/a	n/a	n/a
66.589	0.032	saccade	n/a	262.7	136.7	n/a	137.1	167.5	5.11	308.0
66.623	0.312	fixation	n/a	149.6	164.3	954.0	n/a	n/a	n/a	n/a
66.937	0.046	saccade	n/a	148.5	161.0	n/a	374.6	189.1	9.03	381.0
66.985	0.832	fixation	n/a	375.6	190.7	1059.0	n/a	n/a	n/a	n/a
67.819	0.026	saccade	n/a	377.4	190.9	n/a	296.0	195.1	3.27	238.0
67.847	0.554	fixation	n/a	303.3	194.6	1106.0	n/a	n/a	n/a	n/a
68.198	0.0	trigger_15	15	n/a	n/a	n/a	n/a	n/a	n/a	n/a
68.212	0.0	trigger_10	10	n/a	n/a	n/a	n/a	n/a	n/a	n/a
68.403	0.036	saccade	n/a	303.7	195.0	n/a	232.1	50.0	6.54	364.0
68.441	0.112	fixation	n/a	222.7	60.3	1101.0	n/a	n/a	n/a	n/a
68.555	0.036	saccade	n/a	221.4	62.6	n/a	146.3	66.0	2.96	307.0
68.593	0.196	fixation	n/a	138.9	70.6	1070.0	n/a	n/a	n/a	n/a
68.791	0.022	saccade	n/a	137.5	69.9	n/a	210.4	71.1	2.86	253.0
68.815	0.14	fixation	n/a	204.9	71.6	1048.0	n/a	n/a	n/a	n/a
68.957	0.022	saccade	n/a	204.7	73.9	n/a	274.7	78.0	2.79	224.0
68.981	0.156	fixation	n/a	275.4	76.2	1050.0	n/a	n/a	n/a	n/a
69.139	0.024	saccade	n/a	278.8	73.0	n/a	344.0	73.0	2.61	225.0
69.165	0.336	fixation	n/a	338.0	74.3	1039.0	n/a	n/a	n/a	n/a
69.503	0.022	saccade	n/a	338.4	74.8	n/a	376.2	73.5	1.52	166.0
69.527	0.206	fixation	n/a	374.4	75.0	1031.0	n/a	n/a	n/a	n/a
69.735	0.018	saccade	n/a	376.0	75.8	n/a	401.8	74.3	1.04	105.0
69.755	0.14	fixation	n/a	399.1	72.3	990.0	n/a	n/a	n/a	n/a
69.897	0.028	saccade	n/a	400.6	74.8	n/a	294.9	74.2	4.25	283.0
69.927	0.234	fixation	n/a	303.6	72.7	1015.0	n/a	n/a	n/a	n/a
69.966	0.0	trigger_11	11	n/a	n/a	n/a	n/a	n/a	n/a	n/a
69.97	0.0	trigger_10	10	n/a	n/a	n/a	n/a	n/a	n/a	n/a
70.163	0.038	saccade	n/a	305.5	76.4	n/a	119.7	67.2	7.34	343.0
70.203	0.19	fixation	n/a	127.0	71.2	1075.0	n/a	n/a	n/a	n/a
70.395	0.016	saccade	n/a	127.5	71.3	n/a	160.0	69.9	1.27	124.0
70.413	0.188	fixation	n/a	163.0	71.6	1087.0	n/a	n/a	n/a	n/a
70.603	0.024	saccade	n/a	164.0	73.1	n/a	235.5	70.0	2.82	234.0
70.629	0.144	fixation	n/a	228.2	72.7	1052.0	n/a	n/a	n/a	n/a
70.775	0.036	saccade	n/a	229.3	71.4	n/a	87.2	57.8	5.58	304.0
70.813	0.282	fixation	n/a	101.1	60.6	1010.0	n/a	n/a	n/a	n/a
71.097	0.024	saccade	n/a	100.1	61.6	n/a	177.2	67.8	3.02	259.0
71.123	0.218	fixation	n/a	171.7	66.0	993.0	n/a	n/a	n/a	n/a
71.343	0.024	saccade	n/a	173.5	62.6	n/a	254.4	64.3	3.2	253.0
71.369	0.192	fixation	n/a	247.2	66.4	976.0	n/a	n/a	n/a	n/a
71.563	0.024	saccade	n/a	246.6	68.7	n/a	325.9	73.1	3.18	242.0
71.589	0.182	fixation	n/a	318.1	77.7	1003.0	n/a	n/a	n/a	n/a
71.773	0.026	saccade	n/a	319.3	80.6	n/a	412.0	78.1	3.73	229.0
71.801	0.404	fixation	n/a	411.8	77.9	988.0	n/a	n/a	n/a	n/a
72.207	0.042	saccade	n/a	409.0	85.8	n/a	506.8	77.5	3.94	192.0
72.251	0.27	fixation	n/a	507.4	83.1	976.0	n/a	n/a	n/a	n/a
72.523	0.024	saccade	n/a	507.2	87.2	n/a	577.7	76.9	2.84	200.0
72.549	0.158	fixation	n/a	572.5	80.4	944.0	n/a	n/a	n/a	n/a
72.709	0.066	saccade	n/a	573.2	82.4	n/a	85.2	129.4	19.16	486.0
72.777	0.172	fixation	n/a	96.1	131.5	972.0	n/a	n/a	n/a	n/a
72.951	0.02	saccade	n/a	92.5	133.7	n/a	69.7	134.6	0.87	114.0
72.973	0.1	fixation	n/a	73.3	134.4	981.0	n/a	n/a	n/a	n/a
73.075	0.026	saccade	n/a	71.7	135.8	n/a	132.5	51.4	4.11	327.0
73.103	0.224	fixation	n/a	135.9	67.8	989.0	n/a	n/a	n/a	n/a
73.329	0.034	saccade	n/a	136.1	72.2	n/a	229.0	75.9	3.65	341.0
73.365	0.156	fixation	n/a	239.9	74.1	1027.0	n/a	n/a	n/a	n/a
73.518	0.0	trigger_11	11	n/a	n/a	n/a	n/a	n/a	n/a	n/a
73.523	0.024	saccade	n/a	242.0	72.7	n/a	294.2	83.5	2.13	223.0
73.526	0.0	trigger_12	12	n/a	n/a	n/a	n/a	n/a	n/a	n/a
73.549	0.182	fixation	n/a	287.2	78.7	1059.0	n/a	n/a	n/a	n/a
73.733	0.034	saccade	n/a	287.9	80.6	n/a	108.2	79.3	7.06	394.0
73.769	0.174	fixation	n/a	117.7	80.1	1088.0	n/a	n/a	n/a	n/a
73.945	0.02	saccade	n/a	117.2	83.2	n/a	170.2	72.9	2.11	187.0
73.967	0.142	fixation	n/a	168.2	73.8	1060.0	n/a	n/a	n/a	n/a
74.111	0.022	saccade	n/a	170.0	74.6	n/a	241.4	73.4	2.82	241.0
74.135	0.256	fixation	n/a	234.3	70.7	988.0	n/a	n/a	n/a	n/a
74.393	0.022	saccade	n/a	234.3	68.5	n/a	297.4	75.9	2.54	211.0
74.417	0.23	fixation	n/a	291.2	74.6	940.0	n/a	n/a	n/a	n/a
74.649	0.022	saccade	n/a	292.4	72.9	n/a	361.5	75.2	2.78	216.0
74.673	0.202	fixation	n/a	356.6	74.9	930.0	n/a	n/a	n/a	n/a
74.877	0.018	saccade	n/a	357.4	76.2	n/a	399.1	73.4	1.69	137.0
74.897	0.248	fixation	n/a	396.5	75.6	953.0	n/a	n/a	n/a	n/a
75.147	0.024	saccade	n/a	397.4	71.4	n/a	474.9	69.8	3.12	265.0
75.173	0.344	fixation	n/a	464.8	72.3	1000.0	n/a	n/a	n/a	n/a
75.519	0.02	saccade	n/a	461.7	74.6	n/a	521.9	74.4	2.41	213.0
75.541	0.25	fixation	n/a	513.9	79.5	1056.0	n/a	n/a	n/a	n/a
75.793	0.062	saccade	n/a	514.5	80.6	n/a	140.1	119.7	14.88	457.0
75.857	0.118	fixation	n/a	149.2	121.4	1121.0	n/a	n/a	n/a	n/a
75.977	0.03	saccade	n/a	148.8	122.4	n/a	104.9	138.1	1.82	218.0
76.009	0.188	fixation	n/a	102.1	136.5	1161.0	n/a	n/a	n/a	n/a
76.199	0.024	saccade	n/a	101.1	136.3	n/a	175.4	134.8	2.9	258.0
76.225	0.146	fixation	n/a	166.9	135.9	1179.0	n/a	n/a	n/a	n/a
76.373	0.024	saccade	n/a	171.3	135.1	n/a	253.2	131.2	3.24	271.0
76.399	0.252	fixation	n/a	244.2	133.5	1129.0	n/a	n/a	n/a	n/a
76.653	0.024	saccade	n/a	244.5	138.9	n/a	311.2	140.2	2.67	209.0
76.679	0.174	fixation	n/a	307.7	140.3	1081.0	n/a	n/a	n/a	n/a
76.855	0.026	saccade	n/a	310.7	139.9	n/a	389.7	146.3	3.19	249.0
76.883	0.362	fixation	n/a	383.6	144.5	1046.0	n/a	n/a	n/a	n/a
77.247	0.022	saccade	n/a	382.9	142.7	n/a	457.0	139.9	2.98	238.0
77.271	0.194	fixation	n/a	447.9	140.9	982.0	n/a	n/a	n/a	n/a
77.467	0.024	saccade	n/a	446.3	139.6	n/a	521.8	141.6	3.03	221.0
77.493	0.274	fixation	n/a	513.1	140.0	971.0	n/a	n/a	n/a	n/a
77.769	0.028	saccade	n/a	511.5	141.9	n/a	594.5	138.4	3.3	196.0
77.799	0.17	fixation	n/a	588.0	141.1	1001.0	n/a	n/a	n/a	n/a
77.971	0.064	saccade	n/a	586.2	144.4	n/a	112.6	192.9	18.6	535.0
78.037	0.172	fixation	n/a	118.8	195.0	1082.0	n/a	n/a	n/a	n/a
78.211	0.022	saccade	n/a	117.9	196.1	n/a	87.8	200.3	1.17	153.0
78.235	0.288	fixation	n/a	92.0	201.9	1104.0	n/a	n/a	n/a	n/a
78.525	0.028	saccade	n/a	90.9	203.7	n/a	220.4	203.9	5.05	363.0
78.555	0.286	fixation	n/a	215.5	202.9	1100.0	n/a	n/a	n/a	n/a
78.843	0.032	saccade	n/a	214.9	202.8	n/a	263.0	202.2	1.91	261.0
78.877	0.178	fixation	n/a	270.4	196.7	1101.0	n/a	n/a	n/a	n/a
79.057	0.042	saccade	n/a	271.8	197.2	n/a	225.8	79.3	5.12	254.0
79.101	0.258	fixation	n/a	232.7	84.4	1073.0	n/a	n/a	n/a	n/a
79.158	0.0	trigger_13	13	n/a	n/a	n/a	n/a	n/a	n/a	n/a
79.361	0.034	saccade	n/a	235.4	86.0	n/a	168.0	73.0	2.72	270.0
79.397	0.194	fixation	n/a	163.8	73.0	1052.0	n/a	n/a	n/a	n/a
79.593	0.048	saccade	n/a	164.6	71.1	n/a	260.0	182.7	5.88	406.0
79.643	0.692	fixation	n/a	279.1	196.4	1060.0	n/a	n/a	n/a	n/a
80.337	0.016	saccade	n/a	280.5	199.4	n/a	268.7	179.1	0.95	82.0
80.355	0.272	fixation	n/a	282.5	165.0	1061.0	n/a	n/a	n/a	n/a
80.629	0.022	saccade	n/a	288.1	165.8	n/a	294.1	100.8	2.66	199.0
80.653	0.242	fixation	n/a	300.7	98.2	1071.0	n/a	n/a	n/a	n/a
80.897	0.026	saccade	n/a	299.7	101.6	n/a	325.0	179.6	3.34	269.0
80.925	0.472	fixation	n/a	326.2	176.2	1119.0	n/a	n/a	n/a	n/a
81.216	0.0	trigger_15	15	n/a	n/a	n/a	n/a	n/a	n/a	n/a
81.22	0.0	trigger_12	12	n/a	n/a	n/a	n/a	n/a	n/a	n/a
81.399	0.048	saccade	n/a	330.9	175.3	n/a	170.1	66.1	7.77	374.0
81.449	0.184	fixation	n/a	175.9	63.4	1054.0	n/a	n/a	n/a	n/a
81.635	0.008	saccade	n/a	173.2	64.5	n/a	162.8	69.7	0.46	57.0
81.645	0.26	fixation	n/a	162.0	66.2	1023.0	n/a	n/a	n/a	n/a
81.907	0.022	saccade	n/a	161.7	60.7	n/a	231.6	63.9	2.76	225.0
81.931	0.188	fixation	n/a	227.5	63.3	989.0	n/a	n/a	n/a	n/a
82.121	0.02	saccade	n/a	226.8	58.7	n/a	257.7	65.8	1.26	140.0
82.143	0.254	fixation	n/a	255.7	63.2	932.0	n/a	n/a	n/a	n/a
82.399	0.024	saccade	n/a	254.7	62.6	n/a	329.4	60.3	2.99	245.0
82.425	0.304	fixation	n/a	322.0	60.9	876.0	n/a	n/a	n/a	n/a
82.731	0.022	saccade	n/a	320.5	62.5	n/a	371.7	67.8	2.07	173.0
82.755	0.22	fixation	n/a	362.2	66.4	877.0	n/a	n/a	n/a	n/a
82.977	0.022	saccade	n/a	362.3	67.4	n/a	320.1	60.2	1.72	167.0
83.001	0.294	fixation	n/a	327.4	68.3	930.0	n/a	n/a	n/a	n/a
83.297	0.026	saccade	n/a	328.6	70.3	n/a	230.3	60.5	3.94	261.0
83.325	0.272	fixation	n/a	235.9	69.8	965.0	n/a	n/a	n/a	n/a
83.366	0.0	trigger_13	13	n/a	n/a	n/a	n/a	n/a	n/a	n/a
83.599	0.03	saccade	n/a	236.2	76.5	n/a	155.4	181.4	5.3	366.0
83.631	0.254	fixation	n/a	162.6	177.1	1073.0	n/a	n/a	n/a	n/a
83.887	0.05	saccade	n/a	160.7	180.1	n/a	335.3	189.1	6.94	406.0
83.939	0.184	fixation	n/a	354.0	189.8	1108.0	n/a	n/a	n/a	n/a
84.125	0.032	saccade	n/a	354.5	190.6	n/a	304.7	201.6	2.05	233.0
84.159	0.132	fixation	n/a	301.4	205.8	1107.0	n/a	n/a	n/a	n/a
84.293	0.024	saccade	n/a	303.3	202.1	n/a	376.4	197.6	2.94	244.0
84.319	0.236	fixation	n/a	368.6	199.4	1092.0	n/a	n/a	n/a	n/a
84.557	0.032	saccade	n/a	371.0	199.4	n/a	435.3	198.2	2.58	248.0
84.591	0.98	fixation	n/a	446.3	198.5	1144.0	n/a	n/a	n/a	n/a
85.573	0.02	saccade	n/a	449.3	201.8	n/a	393.1	192.9	2.29	195.0
85.595	0.334	fixation	n/a	407.4	198.7	1161.0	n/a	n/a	n/a	n/a
85.686	0.0	trigger_15	15	n/a	n/a	n/a	n/a	n/a	n/a	n/a
85.692	0.0	trigger_10	10	n/a	n/a	n/a	n/a	n/a	n/a	n/a
85.931	0.044	saccade	n/a	407.5	199.7	n/a	405.7	86.4	4.62	328.0
85.977	0.18	fixation	n/a	407.3	74.4	1137.0	n/a	n/a	n/a	n/a
86.159	0.056	saccade	n/a	409.8	74.7	n/a	200.7	66.9	8.35	411.0
86.217	0.21	fixation	n/a	193.2	68.8	1092.0	n/a	n/a	n/a	n/a
86.429	0.016	saccade	n/a	192.6	72.4	n/a	154.4	74.3	1.5	132.0
86.447	0.128	fixation	n/a	163.6	72.7	1130.0	n/a	n/a	n/a	n/a
86.577	0.024	saccade	n/a	162.0	72.1	n/a	92.8	71.7	2.69	217.0
86.603	0.242	fixation	n/a	109.4	72.1	1146.0	n/a	n/a	n/a	n/a
86.847	0.026	saccade	n/a	110.1	70.8	n/a	208.7	72.2	3.86	282.0
86.875	0.178	fixation	n/a	209.6	75.3	1134.0	n/a	n/a	n/a	n/a
87.055	0.022	saccade	n/a	210.4	76.3	n/a	268.5	72.2	2.32	211.0
87.079	0.166	fixation	n/a	259.0	75.6	1086.0	n/a	n/a	n/a	n/a
87.247	0.016	saccade	n/a	259.0	80.7	n/a	302.0	81.4	1.72	147.0
87.265	0.284	fixation	n/a	318.2	77.2	1047.0	n/a	n/a	n/a	n/a
87.551	0.024	saccade	n/a	318.3	77.1	n/a	410.9	80.8	3.73	246.0
87.577	0.184	fixation	n/a	427.8	78.6	973.0	n/a	n/a	n/a	n/a
87.763	0.018	saccade	n/a	429.4	78.8	n/a	475.2	77.6	1.84	154.0
87.783	0.202	fixation	n/a	467.1	79.1	936.0	n/a	n/a	n/a	n/a
87.987	0.02	saccade	n/a	466.7	77.9	n/a	510.0	79.0	1.74	159.0
88.009	0.218	fixation	n/a	504.9	78.4	921.0	n/a	n/a	n/a	n/a
88.229	0.024	saccade	n/a	505.5	77.9	n/a	578.5	73.6	2.91	223.0
88.255	0.356	fixation	n/a	572.0	77.6	912.0	n/a	n/a	n/a	n/a
88.44	0.0	trigger_11	11	n/a	n/a	n/a	n/a	n/a	n/a	n/a
88.444	0.0	trigger_10	10	n/a	n/a	n/a	n/a	n/a	n/a	n/a
88.613	0.052	saccade	n/a	570.4	79.3	n/a	226.5	92.2	13.66	462.0
88.667	0.132	fixation	n/a	234.3	95.6	1025.0	n/a	n/a	n/a	n/a
88.801	0.026	saccade	n/a	234.7	95.8	n/a	145.6	69.7	3.67	285.0
88.829	0.274	fixation	n/a	159.2	74.7	1049.0	n/a	n/a	n/a	n/a
89.105	0.022	saccade	n/a	158.0	84.2	n/a	228.2	80.8	2.77	212.0
89.129	0.23	fixation	n/a	252.0	85.8	1036.0	n/a	n/a	n/a	n/a
89.361	0.02	saccade	n/a	255.8	88.6	n/a	302.2	86.6	1.86	158.0
89.383	0.152	fixation	n/a	297.3	89.6	1011.0	n/a	n/a	n/a	n/a
89.537	0.022	saccade	n/a	296.0	89.8	n/a	367.2	90.4	2.87	238.0
89.561	0.246	fixation	n/a	363.8	90.8	991.0	n/a	n/a	n/a	n/a
89.809	0.042	saccade	n/a	363.3	94.3	n/a	472.6	91.6	4.4	186.0
89.853	0.246	fixation	n/a	467.5	90.6	967.0	n/a	n/a	n/a	n/a
90.101	0.02	saccade	n/a	465.8	93.3	n/a	515.2	97.4	1.99	167.0
90.123	0.212	fixation	n/a	509.1	98.1	956.0	n/a	n/a	n/a	n/a
90.337	0.02	saccade	n/a	510.3	99.9	n/a	552.7	93.3	1.71	129.0
90.359	0.022	fixation	n/a	547.9	94.4	945.0	n/a	n/a	n/a	n/a
90.383	0.014	saccade	n/a	550.2	94.2	n/a	574.6	96.1	0.97	92.0
90.399	0.254	fixation	n/a	565.1	94.7	952.0	n/a	n/a	n/a	n/a
90.655	0.072	saccade	n/a	566.8	95.9	n/a	152.2	146.3	16.45	467.0
90.729	0.406	fixation	n/a	149.7	148.0	1006.0	n/a	n/a	n/a	n/a
91.137	0.028	saccade	n/a	153.5	152.1	n/a	289.3	149.2	5.37	366.0
91.167	0.352	fixation	n/a	293.5	149.7	1031.0	n/a	n/a	n/a	n/a
91.272	0.0	trigger_11	11	n/a	n/a	n/a	n/a	n/a	n/a	n/a
91.28	0.0	trigger_10	10	n/a	n/a	n/a	n/a	n/a	n/a	n/a
91.521	0.03	saccade	n/a	295.6	153.0	n/a	188.3	88.0	5.01	309.0
91.553	0.14	fixation	n/a	194.7	87.8	1049.0	n/a	n/a	n/a	n/a
91.695	0.022	saccade	n/a	194.6	88.7	n/a	137.6	80.7	2.26	204.0
91.719	0.194	fixation	n/a	152.4	83.9	1016.0	n/a	n/a	n/a	n/a
91.915	0.024	saccade	n/a	151.5	85.9	n/a	236.2	83.4	3.34	258.0
91.941	0.268	fixation	n/a	226.7	87.3	1016.0	n/a	n/a	n/a	n/a
92.211	0.024	saccade	n/a	227.5	89.4	n/a	310.7	90.0	3.32	267.0
92.237	0.264	fixation	n/a	300.7	92.3	1028.0	n/a	n/a	n/a	n/a
92.503	0.018	saccade	n/a	300.2	94.1	n/a	335.5	93.1	1.42	129.0
92.523	0.17	fixation	n/a	330.8	95.8	1046.0	n/a	n/a	n/a	n/a
92.695	0.016	saccade	n/a	328.9	100.4	n/a	366.5	101.9	1.51	128.0
92.713	0.192	fixation	n/a	379.4	100.8	1052.0	n/a	n/a	n/a	n/a
92.907	0.024	saccade	n/a	378.4	100.7	n/a	446.9	102.7	2.76	222.0
92.933	0.286	fixation	n/a	439.4	101.8	1010.0	n/a	n/a	n/a	n/a
93.221	0.032	saccade	n/a	441.3	98.5	n/a	552.7	102.1	4.47	266.0
93.255	0.29	fixation	n/a	550.3	98.4	957.0	n/a	n/a	n/a	n/a
93.547	0.07	saccade	n/a	551.5	97.4	n/a	163.2	152.0	15.51	455.0
93.619	0.17	fixation	n/a	154.8	153.8	953.0	n/a	n/a	n/a	n/a
93.791	0.022	saccade	n/a	154.2	153.5	n/a	114.9	153.3	1.53	150.0
93.815	0.204	fixation	n/a	121.3	155.6	982.0	n/a	n/a	n/a	n/a
94.021	0.034	saccade	n/a	117.5	155.2	n/a	193.4	154.4	2.97	296.0
94.057	0.252	fixation	n/a	201.6	152.0	1017.0	n/a	n/a	n/a	n/a
94.311	0.024	saccade	n/a	202.3	151.6	n/a	293.5	152.3	3.63	278.0
94.337	0.22	fixation	n/a	302.1	151.7	1027.0	n/a	n/a	n/a	n/a
94.559	0.032	saccade	n/a	303.4	152.5	n/a	429.9	153.7	5.09	280.0
94.593	0.236	fixation	n/a	431.4	149.8	1000.0	n/a	n/a	n/a	n/a
94.831	0.024	saccade	n/a	433.5	149.0	n/a	496.0	148.4	2.52	178.0
94.857	0.164	fixation	n/a	485.1	147.3	978.0	n/a	n/a	n/a	n/a
95.023	0.054	saccade	n/a	486.6	146.2	n/a	173.2	77.4	12.77	515.0
95.079	0.248	fixation	n/a	176.9	76.1	984.0	n/a	n/a	n/a	n/a
95.329	0.02	saccade	n/a	173.8	77.3	n/a	224.6	77.8	2.01	171.0
95.351	0.212	fixation	n/a	222.2	79.3	1035.0	n/a	n/a	n/a	n/a
95.565	0.024	saccade	n/a	220.6	80.6	n/a	306.6	87.8	3.45	285.0
95.591	0.162	fixation	n/a	299.1	87.1	1022.0	n/a	n/a	n/a	n/a
95.755	0.024	saccade	n/a	299.5	87.3	n/a	350.7	90.7	2.07	209.0
95.781	0.176	fixation	n/a	346.9	92.8	997.0	n/a	n/a	n/a	n/a
95.959	0.022	saccade	n/a	347.9	93.2	n/a	411.8	88.5	2.58	214.0
95.983	0.284	fixation	n/a	406.1	90.6	963.0	n/a	n/a	n/a	n/a
96.269	0.03	saccade	n/a	406.8	92.7	n/a	525.7	97.8	4.78	286.0
96.301	0.236	fixation	n/a	540.0	94.6	899.0	n/a	n/a	n/a	n/a
96.539	0.07	saccade	n/a	543.7	92.7	n/a	133.1	148.0	16.32	458.0
96.611	0.21	fixation	n/a	141.3	146.1	870.0	n/a	n/a	n/a	n/a
96.823	0.02	saccade	n/a	140.2	146.1	n/a	104.0	150.5	1.42	137.0
96.845	0.166	fixation	n/a	110.4	149.1	876.0	n/a	n/a	n/a	n/a
97.013	0.036	saccade	n/a	109.8	149.6	n/a	201.3	148.2	3.57	340.0
97.051	0.14	fixation	n/a	210.6	151.3	894.0	n/a	n/a	n/a	n/a
97.193	0.036	saccade	n/a	210.6	155.3	n/a	320.7	156.9	4.39	184.0
97.231	0.168	fixation	n/a	325.5	152.8	882.0	n/a	n/a	n/a	n/a
97.401	0.028	saccade	n/a	326.4	151.0	n/a	425.8	150.3	4.0	265.0
97.431	0.228	fixation	n/a	430.4	150.1	873.0	n/a	n/a	n/a	n/a
97.661	0.028	saccade	n/a	432.2	150.9	n/a	456.6	138.3	1.11	168.0
97.691	0.028	fixation	n/a	460.8	139.5	871.0	n/a	n/a	n/a	n/a
97.721	0.064	saccade	n/a	462.2	140.4	n/a	177.6	83.7	11.55	414.0
97.787	0.336	fixation	n/a	171.8	88.5	920.0	n/a	n/a	n/a	n/a
97.84	0.0	trigger_11	11	n/a	n/a	n/a	n/a	n/a	n/a	n/a
97.846	0.0	trigger_10	10	n/a	n/a	n/a	n/a	n/a	n/a	n/a
98.125	0.02	saccade	n/a	173.5	92.9	n/a	160.0	68.1	1.13	126.0
98.147	0.27	fixation	n/a	162.6	77.4	1001.0	n/a	n/a	n/a	n/a
98.419	0.026	saccade	n/a	162.0	79.5	n/a	254.9	79.2	3.67	252.0
98.447	0.196	fixation	n/a	268.6	79.5	999.0	n/a	n/a	n/a	n/a
98.645	0.02	saccade	n/a	270.8	79.4	n/a	324.4	83.0	2.15	187.0
98.667	0.136	fixation	n/a	323.7	82.8	967.0	n/a	n/a	n/a	n/a
98.805	0.024	saccade	n/a	324.6	83.7	n/a	403.2	88.2	3.17	248.0
98.831	0.242	fixation	n/a	394.3	87.0	939.0	n/a	n/a	n/a	n/a
99.075	0.01	saccade	n/a	396.1	87.4	n/a	381.1	88.9	0.61	63.0
99.087	0.178	fixation	n/a	385.2	87.2	918.0	n/a	n/a	n/a	n/a
99.267	0.026	saccade	n/a	385.8	86.0	n/a	488.5	81.1	4.14	277.0
99.295	0.332	fixation	n/a	494.9	82.0	873.0	n/a	n/a	n/a	n/a
99.629	0.028	saccade	n/a	494.7	83.3	n/a	589.7	88.4	3.79	256.0
99.659	0.092	fixation	n/a	581.1	88.9	879.0	n/a	n/a	n/a	n/a
99.753	0.076	saccade	n/a	584.6	88.9	n/a	142.8	138.0	17.51	529.0
99.831	0.238	fixation	n/a	135.3	140.5	971.0	n/a	n/a	n/a	n/a
100.071	0.024	saccade	n/a	136.7	140.1	n/a	217.0	145.4	3.16	270.0
100.097	0.228	fixation	n/a	205.3	148.8	1058.0	n/a	n/a	n/a	n/a
100.327	0.022	saccade	n/a	205.3	153.2	n/a	173.0	152.7	1.27	135.0
100.351	0.348	fixation	n/a	182.0	156.6	1111.0	n/a	n/a	n/a	n/a
100.701	0.026	saccade	n/a	180.2	157.7	n/a	285.3	147.2	4.19	319.0
100.729	0.23	fixation	n/a	286.4	148.2	1076.0	n/a	n/a	n/a	n/a
100.961	0.034	saccade	n/a	288.3	148.9	n/a	347.2	152.0	2.36	264.0
100.997	0.224	fixation	n/a	354.4	152.2	1069.0	n/a	n/a	n/a	n/a
101.223	0.014	saccade	n/a	354.4	153.0	n/a	379.8	150.7	1.03	86.0
101.239	0.13	fixation	n/a	386.8	151.2	1034.0	n/a	n/a	n/a	n/a
101.371	0.022	saccade	n/a	387.5	152.9	n/a	458.8	149.2	2.87	246.0
101.395	0.274	fixation	n/a	446.3	152.1	986.0	n/a	n/a	n/a	n/a
101.671	0.042	saccade	n/a	443.3	156.7	n/a	280.9	101.7	6.89	262.0
101.715	0.696	fixation	n/a	268.6	107.4	1016.0	n/a	n/a	n/a	n/a
102.144	0.0	trigger_11	11	n/a	n/a	n/a	n/a	n/a	n/a	n/a
102.15	0.0	trigger_10	10	n/a	n/a	n/a	n/a	n/a	n/a	n/a
102.413	0.03	saccade	n/a	271.7	110.8	n/a	145.3	101.9	5.01	307.0
102.445	0.168	fixation	n/a	156.8	102.4	1087.0	n/a	n/a	n/a	n/a
102.615	0.022	saccade	n/a	157.8	103.9	n/a	116.3	110.1	1.64	145.0
102.639	0.188	fixation	n/a	124.8	113.8	1090.0	n/a	n/a	n/a	n/a
102.829	0.024	saccade	n/a	125.0	121.4	n/a	219.8	115.9	3.73	279.0
102.855	0.182	fixation	n/a	223.1	121.5	1092.0	n/a	n/a	n/a	n/a
103.039	0.026	saccade	n/a	225.5	127.9	n/a	316.2	131.8	3.62	265.0
103.067	0.136	fixation	n/a	315.5	129.5	1074.0	n/a	n/a	n/a	n/a
103.205	0.014	saccade	n/a	315.9	133.2	n/a	352.2	130.0	1.47	132.0
103.221	0.196	fixation	n/a	393.9	134.4	1049.0	n/a	n/a	n/a	n/a
103.419	0.012	saccade	n/a	396.2	138.2	n/a	375.7	136.7	0.83	82.0
103.433	0.358	fixation	n/a	375.7	120.3	1022.0	n/a	n/a	n/a	n/a
103.793	0.014	saccade	n/a	363.0	113.0	n/a	399.1	118.2	1.47	129.0
103.809	0.194	fixation	n/a	407.5	107.3	954.0	n/a	n/a	n/a	n/a
104.005	0.022	saccade	n/a	406.6	101.1	n/a	482.0	102.3	3.03	242.0
104.029	0.2	fixation	n/a	470.3	95.5	895.0	n/a	n/a	n/a	n/a
104.231	0.02	saccade	n/a	468.0	91.8	n/a	527.8	93.2	2.4	199.0
104.253	0.136	fixation	n/a	520.8	90.1	842.0	n/a	n/a	n/a	n/a
104.391	0.032	saccade	n/a	521.6	85.8	n/a	579.8	81.4	2.33	250.0
104.425	0.116	fixation	n/a	586.2	78.0	795.0	n/a	n/a	n/a	n/a
104.543	0.064	saccade	n/a	587.0	76.0	n/a	119.3	124.8	18.41	503.0
104.609	0.138	fixation	n/a	125.3	129.1	863.0	n/a	n/a	n/a	n/a
104.749	0.022	saccade	n/a	123.8	129.3	n/a	86.9	140.3	1.49	159.0
104.773	0.176	fixation	n/a	94.3	140.2	923.0	n/a	n/a	n/a	n/a
104.951	0.036	saccade	n/a	96.0	143.4	n/a	206.7	148.4	4.33	359.0
104.989	0.18	fixation	n/a	218.5	149.0	1000.0	n/a	n/a	n/a	n/a
105.171	0.032	saccade	n/a	222.9	152.0	n/a	305.0	145.1	3.29	317.0
105.205	0.238	fixation	n/a	315.0	144.3	980.0	n/a	n/a	n/a	n/a
105.445	0.024	saccade	n/a	316.7	145.1	n/a	374.8	142.7	2.34	186.0
105.471	0.17	fixation	n/a	367.7	143.9	976.0	n/a	n/a	n/a	n/a
105.643	0.024	saccade	n/a	368.7	142.2	n/a	448.2	137.2	3.21	252.0
105.669	0.244	fixation	n/a	438.1	142.3	1004.0	n/a	n/a	n/a	n/a
105.915	0.024	saccade	n/a	440.3	144.0	n/a	500.3	141.8	2.42	194.0
105.941	0.216	fixation	n/a	493.7	143.5	1019.0	n/a	n/a	n/a	n/a
106.159	0.066	saccade	n/a	495.3	142.8	n/a	146.2	204.2	14.02	527.0
106.227	0.182	fixation	n/a	132.6	206.5	1037.0	n/a	n/a	n/a	n/a
106.411	0.02	saccade	n/a	132.1	207.1	n/a	110.2	210.1	0.86	125.0
106.433	0.124	fixation	n/a	114.8	211.1	1044.0	n/a	n/a	n/a	n/a
106.559	0.036	saccade	n/a	112.8	213.2	n/a	197.9	207.7	3.33	367.0
106.597	0.286	fixation	n/a	215.6	207.8	1043.0	n/a	n/a	n/a	n/a
106.885	0.038	saccade	n/a	217.5	207.2	n/a	318.7	211.5	4.03	358.0
106.925	0.176	fixation	n/a	332.8	210.7	1050.0	n/a	n/a	n/a	n/a
107.103	0.022	saccade	n/a	333.6	213.8	n/a	382.4	208.0	1.97	204.0
107.127	0.182	fixation	n/a	375.5	209.3	1048.0	n/a	n/a	n/a	n/a
107.311	0.03	saccade	n/a	377.0	209.1	n/a	447.7	205.9	2.84	305.0
107.343	0.156	fixation	n/a	453.4	204.9	1041.0	n/a	n/a	n/a	n/a
107.501	0.048	saccade	n/a	455.6	203.8	n/a	223.4	104.5	10.11	439.0
107.551	0.244	fixation	n/a	229.2	107.0	1048.0	n/a	n/a	n/a	n/a
107.608	0.0	trigger_11	11	n/a	n/a	n/a	n/a	n/a	n/a	n/a
107.616	0.0	trigger_10	10	n/a	n/a	n/a	n/a	n/a	n/a	n/a
107.797	0.034	saccade	n/a	230.4	109.6	n/a	166.5	90.3	2.64	286.0
107.833	0.184	fixation	n/a	156.4	87.1	1060.0	n/a	n/a	n/a	n/a
108.019	0.012	saccade	n/a	152.7	88.9	n/a	134.3	91.0	0.72	78.0
108.033	0.14	fixation	n/a	142.3	90.0	1063.0	n/a	n/a	n/a	n/a
108.175	0.038	saccade	n/a	142.6	90.9	n/a	227.6	91.6	3.35	324.0
108.215	0.152	fixation	n/a	241.9	90.9	1076.0	n/a	n/a	n/a	n/a
108.369	0.032	saccade	n/a	241.6	91.8	n/a	293.4	97.5	2.08	263.0
108.403	0.2	fixation	n/a	305.4	92.2	1090.0	n/a	n/a	n/a	n/a
108.605	0.028	saccade	n/a	309.0	91.3	n/a	194.3	91.3	4.57	268.0
108.635	0.436	fixation	n/a	209.4	85.3	1091.0	n/a	n/a	n/a	n/a
109.073	0.036	saccade	n/a	209.6	85.3	n/a	326.5	94.3	4.67	266.0
109.111	0.364	fixation	n/a	329.0	90.5	1045.0	n/a	n/a	n/a	n/a
109.477	0.022	saccade	n/a	330.4	89.9	n/a	391.5	88.9	2.46	193.0
109.501	0.06	fixation	n/a	382.8	94.9	1023.0	n/a	n/a	n/a	n/a
109.563	0.038	saccade	n/a	385.4	94.8	n/a	457.6	98.7	2.91	135.0
109.603	0.12	fixation	n/a	456.2	97.4	1004.0	n/a	n/a	n/a	n/a
109.725	0.018	saccade	n/a	457.2	96.2	n/a	415.6	99.0	1.68	144.0
109.745	0.22	fixation	n/a	422.8	97.3	984.0	n/a	n/a	n/a	n/a
109.967	0.022	saccade	n/a	423.1	94.7	n/a	487.5	88.3	2.6	218.0
109.991	0.158	fixation	n/a	481.4	88.7	919.0	n/a	n/a	n/a	n/a
110.151	0.032	saccade	n/a	480.4	89.3	n/a	539.1	90.8	2.35	238.0
110.185	0.206	fixation	n/a	546.0	85.9	843.0	n/a	n/a	n/a	n/a
110.393	0.06	saccade	n/a	548.5	81.9	n/a	138.4	135.0	16.29	484.0
110.455	0.136	fixation	n/a	142.7	135.8	821.0	n/a	n/a	n/a	n/a
110.593	0.022	saccade	n/a	140.5	135.6	n/a	86.8	140.6	2.09	180.0
110.617	0.186	fixation	n/a	97.8	140.7	802.0	n/a	n/a	n/a	n/a
110.805	0.034	saccade	n/a	97.7	142.0	n/a	202.0	63.2	5.16	271.0
110.841	0.43	fixation	n/a	202.2	66.7	794.0	n/a	n/a	n/a	n/a
111.016	0.0	trigger_11	11	n/a	n/a	n/a	n/a	n/a	n/a	n/a
111.022	0.0	trigger_10	10	n/a	n/a	n/a	n/a	n/a	n/a	n/a
111.273	0.026	saccade	n/a	203.0	75.3	n/a	122.2	57.7	3.24	230.0
111.301	0.258	fixation	n/a	132.8	63.1	897.0	n/a	n/a	n/a	n/a
111.561	0.02	saccade	n/a	133.5	67.5	n/a	183.8	72.0	1.98	192.0
111.583	0.276	fixation	n/a	179.2	74.4	947.0	n/a	n/a	n/a	n/a
111.861	0.02	saccade	n/a	179.4	75.9	n/a	242.3	68.2	2.51	217.0
111.883	0.052	fixation	n/a	247.2	74.1	958.0	n/a	n/a	n/a	n/a
111.937	0.018	saccade	n/a	248.8	76.2	n/a	292.1	81.9	1.74	158.0
111.957	0.148	fixation	n/a	288.8	84.1	974.0	n/a	n/a	n/a	n/a
112.107	0.018	saccade	n/a	288.9	83.4	n/a	270.8	85.9	0.73	89.0
112.127	0.186	fixation	n/a	273.0	84.4	986.0	n/a	n/a	n/a	n/a
112.315	0.026	saccade	n/a	272.9	83.0	n/a	378.9	91.1	4.27	288.0
112.343	0.208	fixation	n/a	370.4	91.1	984.0	n/a	n/a	n/a	n/a
112.553	0.032	saccade	n/a	368.7	91.2	n/a	424.2	92.9	2.24	251.0
112.587	0.272	fixation	n/a	432.0	88.5	979.0	n/a	n/a	n/a	n/a
112.861	0.024	saccade	n/a	430.5	91.3	n/a	486.0	90.4	2.23	189.0
112.887	0.142	fixation	n/a	477.1	91.7	974.0	n/a	n/a	n/a	n/a
113.031	0.022	saccade	n/a	477.2	93.9	n/a	521.4	92.2	1.77	153.0
113.055	0.114	fixation	n/a	512.4	89.7	975.0	n/a	n/a	n/a	n/a
113.171	0.058	saccade	n/a	513.6	89.4	n/a	125.6	146.4	15.48	504.0
113.231	0.202	fixation	n/a	132.4	153.7	1060.0	n/a	n/a	n/a	n/a
113.435	0.022	saccade	n/a	132.4	153.6	n/a	98.6	150.9	1.31	126.0
113.459	0.132	fixation	n/a	106.2	152.1	1086.0	n/a	n/a	n/a	n/a
113.593	0.034	saccade	n/a	105.1	151.0	n/a	178.9	145.6	2.89	312.0
113.629	0.214	fixation	n/a	191.5	144.8	1069.0	n/a	n/a	n/a	n/a
113.845	0.024	saccade	n/a	193.2	147.6	n/a	271.9	143.1	3.13	249.0
113.871	0.27	fixation	n/a	263.4	145.8	1006.0	n/a	n/a	n/a	n/a
114.143	0.036	saccade	n/a	263.8	154.5	n/a	350.5	145.9	3.49	174.0
114.181	0.414	fixation	n/a	373.5	145.5	954.0	n/a	n/a	n/a	n/a
114.597	0.022	saccade	n/a	373.6	148.3	n/a	442.0	151.3	2.76	238.0
114.621	0.166	fixation	n/a	435.5	147.7	927.0	n/a	n/a	n/a	n/a
114.789	0.022	saccade	n/a	436.7	147.8	n/a	497.3	149.1	2.44	232.0
114.813	0.214	fixation	n/a	488.6	152.0	912.0	n/a	n/a	n/a	n/a
114.858	0.0	trigger_11	11	n/a	n/a	n/a	n/a	n/a	n/a	n/a
114.866	0.0	trigger_12	12	n/a	n/a	n/a	n/a	n/a	n/a	n/a
115.029	0.054	saccade	n/a	489.8	150.4	n/a	142.6	93.5	13.94	508.0
115.085	0.146	fixation	n/a	151.1	96.5	943.0	n/a	n/a	n/a	n/a
115.233	0.02	saccade	n/a	152.4	99.2	n/a	143.3	74.7	1.05	118.0
115.255	0.172	fixation	n/a	142.7	81.2	955.0	n/a	n/a	n/a	n/a
115.429	0.026	saccade	n/a	142.3	80.3	n/a	230.5	79.6	3.47	276.0
115.457	0.184	fixation	n/a	225.1	80.6	971.0	n/a	n/a	n/a	n/a
115.643	0.02	saccade	n/a	227.8	80.4	n/a	278.0	80.4	2.0	174.0
115.665	0.16	fixation	n/a	269.6	82.4	961.0	n/a	n/a	n/a	n/a
115.827	0.026	saccade	n/a	271.6	83.0	n/a	182.6	80.2	3.53	245.0
115.855	0.22	fixation	n/a	195.3	79.8	958.0	n/a	n/a	n/a	n/a
116.077	0.032	saccade	n/a	193.0	80.3	n/a	261.3	82.7	2.71	268.0
116.111	0.168	fixation	n/a	272.3	80.7	996.0	n/a	n/a	n/a	n/a
116.281	0.034	saccade	n/a	273.5	81.3	n/a	333.1	91.2	2.42	258.0
116.317	0.488	fixation	n/a	341.1	91.1	1044.0	n/a	n/a	n/a	n/a
116.807	0.038	saccade	n/a	341.4	94.6	n/a	472.5	95.1	5.27	254.0
116.847	0.166	fixation	n/a	468.1	94.0	1036.0	n/a	n/a	n/a	n/a
117.015	0.022	saccade	n/a	468.7	95.7	n/a	418.5	95.9	2.02	189.0
117.039	0.102	fixation	n/a	428.5	96.3	1041.0	n/a	n/a	n/a	n/a
117.143	0.024	saccade	n/a	427.6	96.2	n/a	361.7	99.1	2.66	217.0
117.169	0.214	fixation	n/a	376.8	97.2	1046.0	n/a	n/a	n/a	n/a
117.385	0.034	saccade	n/a	377.1	97.8	n/a	446.2	96.1	2.79	269.0
117.421	0.186	fixation	n/a	455.0	94.8	1033.0	n/a	n/a	n/a	n/a
117.609	0.022	saccade	n/a	454.5	95.4	n/a	490.2	94.5	1.43	135.0
117.633	0.146	fixation	n/a	484.1	95.5	1049.0	n/a	n/a	n/a	n/a
117.781	0.066	saccade	n/a	485.3	96.3	n/a	140.8	131.1	13.72	464.0
117.849	0.27	fixation	n/a	128.6	135.5	1106.0	n/a	n/a	n/a	n/a
118.121	0.036	saccade	n/a	130.0	137.2	n/a	220.8	99.7	3.88	287.0
118.159	0.252	fixation	n/a	221.1	93.1	1094.0	n/a	n/a	n/a	n/a
118.216	0.0	trigger_13	13	n/a	n/a	n/a	n/a	n/a	n/a	n/a
118.413	0.036	saccade	n/a	225.3	92.0	n/a	176.5	107.1	2.02	239.0
118.451	0.322	fixation	n/a	168.1	108.7	1119.0	n/a	n/a	n/a	n/a
118.775	0.046	saccade	n/a	167.7	111.2	n/a	284.1	106.8	4.61	300.0
118.823	0.252	fixation	n/a	300.2	108.4	1120.0	n/a	n/a	n/a	n/a
119.077	0.026	saccade	n/a	301.7	111.5	n/a	311.0	206.6	3.89	277.0
119.105	0.302	fixation	n/a	312.3	196.0	1141.0	n/a	n/a	n/a	n/a
119.409	0.03	saccade	n/a	312.4	194.8	n/a	285.6	204.1	1.14	176.0
119.441	0.434	fixation	n/a	285.9	206.0	1178.0	n/a	n/a	n/a	n/a
119.674	0.0	trigger_15	15	n/a	n/a	n/a	n/a	n/a	n/a	n/a
119.68	0.0	trigger_10	10	n/a	n/a	n/a	n/a	n/a	n/a	n/a
119.877	0.028	saccade	n/a	290.2	205.2	n/a	186.4	123.8	5.28	327.0
119.907	0.16	fixation	n/a	181.9	106.7	1113.0	n/a	n/a	n/a	n/a
120.069	0.022	saccade	n/a	181.2	104.5	n/a	151.5	70.5	1.8	165.0
120.093	0.156	fixation	n/a	153.8	78.4	1080.0	n/a	n/a	n/a	n/a
120.251	0.016	saccade	n/a	152.9	79.9	n/a	117.8	81.8	1.37	116.0
120.269	0.202	fixation	n/a	124.0	81.7	1066.0	n/a	n/a	n/a	n/a
120.473	0.04	saccade	n/a	122.1	89.3	n/a	236.4	84.0	4.5	292.0
120.515	0.182	fixation	n/a	234.4	85.3	1027.0	n/a	n/a	n/a	n/a
120.699	0.02	saccade	n/a	233.2	89.4	n/a	288.0	89.0	2.18	189.0
120.721	0.268	fixation	n/a	288.6	84.6	968.0	n/a	n/a	n/a	n/a
120.991	0.016	saccade	n/a	288.6	84.9	n/a	326.2	85.9	1.51	134.0
121.009	0.104	fixation	n/a	324.6	86.8	943.0	n/a	n/a	n/a	n/a
121.115	0.224	saccade	n/a	324.8	93.1	n/a	371.1	109.6	1.98	731.0
121.141	0.158	blink	n/a	n/a	n/a	n/a	n/a	n/a	n/a	n/a
121.341	0.026	fixation	n/a	368.6	107.4	937.0	n/a	n/a	n/a	n/a
121.369	0.022	saccade	n/a	367.9	102.5	n/a	396.9	111.5	1.23	140.0
121.393	0.162	fixation	n/a	390.2	107.9	950.0	n/a	n/a	n/a	n/a
121.557	0.018	saccade	n/a	384.0	105.6	n/a	428.0	84.5	1.97	182.0
121.577	0.132	fixation	n/a	420.2	88.8	962.0	n/a	n/a	n/a	n/a
121.711	0.162	saccade	n/a	417.0	104.5	n/a	505.4	98.9	3.56	806.0
121.739	0.088	blink	n/a	n/a	n/a	n/a	n/a	n/a	n/a	n/a
121.875	0.244	fixation	n/a	500.5	95.7	869.0	n/a	n/a	n/a	n/a
122.121	0.028	saccade	n/a	505.0	94.8	n/a	612.3	85.6	4.27	294.0
122.151	0.15	fixation	n/a	605.6	81.7	829.0	n/a	n/a	n/a	n/a
122.303	0.064	saccade	n/a	607.9	80.4	n/a	106.7	136.6	19.67	543.0
122.369	0.304	fixation	n/a	113.6	142.0	859.0	n/a	n/a	n/a	n/a
122.675	0.042	saccade	n/a	108.6	152.6	n/a	226.7	159.5	4.63	277.0
122.719	0.4	fixation	n/a	227.8	150.6	953.0	n/a	n/a	n/a	n/a
123.121	0.026	saccade	n/a	233.2	146.0	n/a	330.7	155.0	3.91	312.0
123.149	0.272	fixation	n/a	326.9	152.2	988.0	n/a	n/a	n/a	n/a
123.423	0.034	saccade	n/a	327.2	154.7	n/a	416.0	146.1	3.59	216.0
123.459	0.29	fixation	n/a	427.6	142.3	1016.0	n/a	n/a	n/a	n/a
123.751	0.026	saccade	n/a	427.2	141.1	n/a	505.9	147.6	3.17	231.0
123.779	0.388	fixation	n/a	497.8	146.5	977.0	n/a	n/a	n/a	n/a
124.169	0.068	saccade	n/a	504.3	147.4	n/a	156.9	195.2	13.87	460.0
124.239	0.156	fixation	n/a	147.6	198.9	1002.0	n/a	n/a	n/a	n/a
124.397	0.028	saccade	n/a	148.5	202.7	n/a	118.4	206.6	1.18	172.0
124.427	0.17	fixation	n/a	118.0	209.2	1034.0	n/a	n/a	n/a	n/a
124.599	0.03	saccade	n/a	118.2	209.3	n/a	184.0	205.5	2.57	272.0
124.631	0.174	fixation	n/a	190.5	206.1	1049.0	n/a	n/a	n/a	n/a
124.807	0.04	saccade	n/a	190.3	205.4	n/a	276.6	207.3	3.42	327.0
124.849	0.258	fixation	n/a	291.7	206.4	1053.0	n/a	n/a	n/a	n/a
125.109	0.034	saccade	n/a	292.7	206.3	n/a	351.7	204.1	2.37	276.0
125.145	0.38	fixation	n/a	361.4	206.9	1041.0	n/a	n/a	n/a	n/a
125.527	0.024	saccade	n/a	361.4	209.5	n/a	440.8	206.0	3.19	255.0
125.553	0.24	fixation	n/a	435.3	206.6	1009.0	n/a	n/a	n/a	n/a
125.795	0.018	saccade	n/a	436.5	207.8	n/a	487.3	204.7	2.04	166.0
125.815	0.228	fixation	n/a	496.8	201.4	1017.0	n/a	n/a	n/a	n/a
126.045	0.022	saccade	n/a	496.9	200.2	n/a	566.4	199.6	2.77	209.0
126.069	0.198	fixation	n/a	562.1	203.6	985.0	n/a	n/a	n/a	n/a
126.269	0.076	saccade	n/a	564.8	207.3	n/a	106.4	285.3	18.14	500.0
126.347	0.204	fixation	n/a	96.1	287.8	998.0	n/a	n/a	n/a	n/a
126.553	0.034	saccade	n/a	92.2	290.8	n/a	154.9	278.5	2.46	260.0
126.589	0.422	fixation	n/a	164.4	277.9	961.0	n/a	n/a	n/a	n/a
127.013	0.022	saccade	n/a	164.2	281.4	n/a	263.9	275.7	3.92	327.0
127.037	0.216	fixation	n/a	264.8	279.5	874.0	n/a	n/a	n/a	n/a
127.255	0.008	saccade	n/a	265.1	279.2	n/a	251.3	278.6	0.55	66.0
127.265	0.056	fixation	n/a	253.9	278.8	859.0	n/a	n/a	n/a	n/a
127.323	0.032	saccade	n/a	255.1	278.8	n/a	312.1	269.9	2.29	258.0
127.357	0.236	fixation	n/a	321.2	269.0	854.0	n/a	n/a	n/a	n/a
127.595	0.038	saccade	n/a	320.4	268.2	n/a	406.4	267.7	3.43	315.0
127.635	0.158	fixation	n/a	419.9	266.2	862.0	n/a	n/a	n/a	n/a
127.795	0.058	saccade	n/a	424.2	266.1	n/a	187.9	86.7	11.85	461.0
127.855	0.478	fixation	n/a	195.2	84.9	850.0	n/a	n/a	n/a	n/a
128.066	0.0	trigger_11	11	n/a	n/a	n/a	n/a	n/a	n/a	n/a
128.076	0.0	trigger_10	10	n/a	n/a	n/a	n/a	n/a	n/a	n/a
128.335	0.02	saccade	n/a	193.8	90.1	n/a	166.6	61.4	1.58	141.0
128.357	0.344	fixation	n/a	168.6	75.0	950.0	n/a	n/a	n/a	n/a
128.703	0.032	saccade	n/a	165.9	75.1	n/a	245.0	77.0	3.13	299.0
128.737	0.142	fixation	n/a	253.6	75.1	982.0	n/a	n/a	n/a	n/a
128.881	0.036	saccade	n/a	254.6	78.1	n/a	338.2	81.0	3.35	314.0
128.919	0.266	fixation	n/a	350.9	81.8	986.0	n/a	n/a	n/a	n/a
129.187	0.026	saccade	n/a	352.2	84.0	n/a	437.0	83.7	3.42	251.0
129.215	0.306	fixation	n/a	428.1	87.4	979.0	n/a	n/a	n/a	n/a
129.523	0.028	saccade	n/a	427.3	88.4	n/a	518.5	90.7	3.66	235.0
129.553	0.424	fixation	n/a	509.5	91.5	973.0	n/a	n/a	n/a	n/a
129.979	0.062	saccade	n/a	510.2	90.9	n/a	150.2	138.6	14.36	464.0
130.043	0.152	fixation	n/a	154.7	140.8	1018.0	n/a	n/a	n/a	n/a
130.197	0.032	saccade	n/a	156.0	141.7	n/a	110.4	144.5	1.78	216.0
130.231	0.308	fixation	n/a	107.8	143.9	1029.0	n/a	n/a	n/a	n/a
130.541	0.034	saccade	n/a	109.4	145.0	n/a	172.7	145.2	2.46	279.0
130.577	0.224	fixation	n/a	181.6	142.5	1019.0	n/a	n/a	n/a	n/a
130.803	0.028	saccade	n/a	183.5	144.2	n/a	169.7	68.4	3.1	203.0
130.833	0.252	fixation	n/a	170.6	80.2	1018.0	n/a	n/a	n/a	n/a
131.087	0.036	saccade	n/a	168.9	81.8	n/a	234.6	80.3	2.59	275.0
131.125	0.234	fixation	n/a	242.7	81.6	1057.0	n/a	n/a	n/a	n/a
131.361	0.036	saccade	n/a	242.2	81.7	n/a	302.6	82.3	2.42	272.0
131.399	0.092	fixation	n/a	316.2	84.4	1048.0	n/a	n/a	n/a	n/a
131.493	0.022	saccade	n/a	317.8	83.2	n/a	369.5	98.7	2.17	201.0
131.517	0.234	fixation	n/a	363.4	91.7	1039.0	n/a	n/a	n/a	n/a
131.554	0.0	trigger_11	11	n/a	n/a	n/a	n/a	n/a	n/a	n/a
131.558	0.0	trigger_10	10	n/a	n/a	n/a	n/a	n/a	n/a	n/a
131.753	0.054	saccade	n/a	367.7	89.6	n/a	150.3	83.8	8.63	420.0
131.809	0.21	fixation	n/a	142.0	84.9	1005.0	n/a	n/a	n/a	n/a
132.021	0.016	saccade	n/a	143.2	84.0	n/a	180.1	79.1	1.46	120.0
132.039	0.352	fixation	n/a	184.9	79.4	994.0	n/a	n/a	n/a	n/a
132.393	0.032	saccade	n/a	188.9	83.1	n/a	98.9	84.8	3.51	184.0
132.427	0.204	fixation	n/a	113.0	84.7	1023.0	n/a	n/a	n/a	n/a
132.633	0.028	saccade	n/a	117.6	87.2	n/a	181.2	89.5	2.49	272.0
132.663	0.486	fixation	n/a	188.4	92.9	1060.0	n/a	n/a	n/a	n/a
133.151	0.02	saccade	n/a	180.4	82.8	n/a	216.0	85.4	1.41	141.0
133.173	0.318	fixation	n/a	210.1	82.8	1117.0	n/a	n/a	n/a	n/a
133.493	0.02	saccade	n/a	210.8	91.6	n/a	259.3	81.5	1.97	151.0
133.515	0.258	fixation	n/a	276.1	82.2	1131.0	n/a	n/a	n/a	n/a
133.775	0.024	saccade	n/a	278.0	81.6	n/a	352.0	82.1	2.97	249.0
133.801	0.436	fixation	n/a	344.4	82.8	1089.0	n/a	n/a	n/a	n/a
134.239	0.024	saccade	n/a	345.8	81.2	n/a	278.1	77.2	2.72	166.0
134.265	0.2	fixation	n/a	287.7	76.5	1089.0	n/a	n/a	n/a	n/a
134.467	0.028	saccade	n/a	285.7	77.5	n/a	409.8	90.9	5.01	309.0
134.497	0.156	fixation	n/a	415.1	87.3	1044.0	n/a	n/a	n/a	n/a
134.655	0.014	saccade	n/a	414.9	87.3	n/a	385.7	85.8	1.18	105.0
134.671	0.166	fixation	n/a	394.1	85.0	1015.0	n/a	n/a	n/a	n/a
134.839	0.022	saccade	n/a	392.9	85.3	n/a	450.7	82.4	2.33	194.0
134.863	0.166	fixation	n/a	440.2	82.1	953.0	n/a	n/a	n/a	n/a
135.031	0.034	saccade	n/a	440.3	82.2	n/a	504.0	79.7	2.56	255.0
135.067	0.136	fixation	n/a	511.9	78.4	913.0	n/a	n/a	n/a	n/a
135.205	0.07	saccade	n/a	514.5	77.5	n/a	143.2	130.0	14.83	488.0
135.277	0.242	fixation	n/a	131.9	134.9	961.0	n/a	n/a	n/a	n/a
135.521	0.036	saccade	n/a	130.4	136.8	n/a	201.0	138.6	2.77	298.0
135.559	0.24	fixation	n/a	210.7	137.9	1015.0	n/a	n/a	n/a	n/a
135.801	0.034	saccade	n/a	209.8	137.1	n/a	260.0	140.0	2.0	276.0
135.837	0.226	fixation	n/a	271.2	138.7	1063.0	n/a	n/a	n/a	n/a
136.065	0.034	saccade	n/a	274.1	138.9	n/a	228.8	77.3	3.09	278.0
136.101	0.256	fixation	n/a	240.1	73.5	1047.0	n/a	n/a	n/a	n/a
136.156	0.0	trigger_11	11	n/a	n/a	n/a	n/a	n/a	n/a	n/a
136.162	0.0	trigger_10	10	n/a	n/a	n/a	n/a	n/a	n/a	n/a
136.359	0.04	saccade	n/a	244.4	75.1	n/a	163.6	77.2	3.19	319.0
136.401	0.264	fixation	n/a	150.0	78.1	1103.0	n/a	n/a	n/a	n/a
136.667	0.032	saccade	n/a	147.1	77.9	n/a	193.1	81.0	1.81	267.0
136.701	0.212	fixation	n/a	203.5	90.8	1153.0	n/a	n/a	n/a	n/a
136.915	0.03	saccade	n/a	202.6	114.7	n/a	256.0	128.1	2.19	240.0
136.947	0.196	fixation	n/a	263.0	139.1	1135.0	n/a	n/a	n/a	n/a
137.145	0.034	saccade	n/a	269.7	140.9	n/a	334.8	130.1	2.65	271.0
137.181	0.154	fixation	n/a	339.4	119.6	1083.0	n/a	n/a	n/a	n/a
137.337	0.016	saccade	n/a	336.6	112.4	n/a	376.2	109.3	1.6	124.0
137.355	0.36	fixation	n/a	384.1	103.8	1029.0	n/a	n/a	n/a	n/a
137.717	0.022	saccade	n/a	380.4	97.5	n/a	451.3	93.7	2.86	223.0
137.741	0.2	fixation	n/a	448.2	96.2	1013.0	n/a	n/a	n/a	n/a
137.943	0.006	saccade	n/a	451.4	105.3	n/a	462.5	103.8	0.45	65.0
137.951	0.23	fixation	n/a	474.3	97.4	1019.0	n/a	n/a	n/a	n/a
138.183	0.022	saccade	n/a	473.5	98.6	n/a	541.5	86.8	2.76	225.0
138.207	0.198	fixation	n/a	534.6	87.5	995.0	n/a	n/a	n/a	n/a
138.407	0.074	saccade	n/a	535.6	89.5	n/a	128.2	129.2	16.15	516.0
138.483	0.16	fixation	n/a	117.6	133.5	1033.0	n/a	n/a	n/a	n/a
138.645	0.022	saccade	n/a	118.4	133.7	n/a	92.4	145.6	1.11	119.0
138.669	0.222	fixation	n/a	94.8	147.3	1078.0	n/a	n/a	n/a	n/a
138.893	0.02	saccade	n/a	91.2	154.2	n/a	142.9	154.2	2.0	133.0
138.915	0.256	fixation	n/a	161.3	153.3	1114.0	n/a	n/a	n/a	n/a
139.173	0.024	saccade	n/a	160.6	150.8	n/a	227.1	151.8	2.62	262.0
139.199	0.27	fixation	n/a	221.2	149.0	1119.0	n/a	n/a	n/a	n/a
139.471	0.034	saccade	n/a	223.0	146.1	n/a	289.5	149.4	2.65	279.0
139.507	0.216	fixation	n/a	296.4	149.2	1159.0	n/a	n/a	n/a	n/a
139.725	0.02	saccade	n/a	294.9	156.3	n/a	352.1	157.4	2.29	172.0
139.747	0.324	fixation	n/a	366.3	152.1	1156.0	n/a	n/a	n/a	n/a
140.073	0.032	saccade	n/a	365.9	150.7	n/a	456.7	152.1	3.65	307.0
140.107	0.318	fixation	n/a	463.9	148.8	1109.0	n/a	n/a	n/a	n/a
140.427	0.018	saccade	n/a	462.2	158.0	n/a	504.5	158.8	1.7	128.0
140.447	0.266	fixation	n/a	500.3	150.9	1126.0	n/a	n/a	n/a	n/a
140.715	0.024	saccade	n/a	499.5	151.2	n/a	569.7	147.0	2.8	200.0
140.741	0.226	fixation	n/a	563.4	149.4	1110.0	n/a	n/a	n/a	n/a
140.969	0.018	saccade	n/a	565.2	150.5	n/a	584.8	150.9	0.78	98.0
140.989	0.13	fixation	n/a	580.9	149.5	1093.0	n/a	n/a	n/a	n/a
141.121	0.076	saccade	n/a	581.0	150.7	n/a	126.3	201.5	17.95	511.0
141.199	0.152	fixation	n/a	119.1	205.3	1136.0	n/a	n/a	n/a	n/a
141.353	0.022	saccade	n/a	120.3	205.5	n/a	90.7	214.4	1.2	132.0
141.377	0.196	fixation	n/a	98.1	213.3	1138.0	n/a	n/a	n/a	n/a
141.575	0.022	saccade	n/a	97.8	213.5	n/a	172.0	207.4	2.89	259.0
141.599	0.162	fixation	n/a	164.9	207.7	1135.0	n/a	n/a	n/a	n/a
141.763	0.022	saccade	n/a	165.6	207.3	n/a	233.7	204.7	2.69	230.0
141.787	0.252	fixation	n/a	223.5	206.4	1096.0	n/a	n/a	n/a	n/a
142.041	0.022	saccade	n/a	221.9	206.8	n/a	288.3	204.8	2.64	216.0
142.065	0.336	fixation	n/a	279.4	212.9	1056.0	n/a	n/a	n/a	n/a
142.403	0.026	saccade	n/a	282.3	217.8	n/a	366.8	207.6	3.41	268.0
142.431	0.208	fixation	n/a	357.2	208.0	1009.0	n/a	n/a	n/a	n/a
142.641	0.022	saccade	n/a	359.2	206.8	n/a	423.4	204.1	2.58	209.0
142.665	0.396	fixation	n/a	417.5	205.7	913.0	n/a	n/a	n/a	n/a
143.063	0.028	saccade	n/a	417.9	208.1	n/a	525.6	202.5	4.31	298.0
143.093	0.268	fixation	n/a	530.1	203.2	866.0	n/a	n/a	n/a	n/a
143.363	0.02	saccade	n/a	532.1	202.1	n/a	566.3	203.2	1.36	118.0
143.385	0.076	fixation	n/a	558.7	201.7	884.0	n/a	n/a	n/a	n/a
143.463	0.066	saccade	n/a	559.0	200.8	n/a	48.5	265.4	19.92	560.0
143.531	0.366	fixation	n/a	57.3	267.2	974.0	n/a	n/a	n/a	n/a
143.668	0.0	trigger_11	11	n/a	n/a	n/a	n/a	n/a	n/a	n/a
143.678	0.0	trigger_10	10	n/a	n/a	n/a	n/a	n/a	n/a	n/a
143.899	0.05	saccade	n/a	60.7	264.1	n/a	109.7	87.7	7.25	462.0
143.951	0.176	fixation	n/a	116.5	70.9	942.0	n/a	n/a	n/a	n/a
144.129	0.022	saccade	n/a	117.0	69.2	n/a	154.9	61.9	1.5	174.0
144.153	0.17	fixation	n/a	148.6	66.7	925.0	n/a	n/a	n/a	n/a
144.325	0.008	saccade	n/a	148.7	74.4	n/a	159.2	73.0	0.41	51.0
144.335	0.18	fixation	n/a	168.1	66.8	914.0	n/a	n/a	n/a	n/a
144.517	0.032	saccade	n/a	167.2	67.3	n/a	223.3	65.5	2.21	253.0
144.551	0.2	fixation	n/a	230.0	62.4	873.0	n/a	n/a	n/a	n/a
144.753	0.014	saccade	n/a	230.3	65.3	n/a	254.7	68.5	0.98	102.0
144.769	0.182	fixation	n/a	255.2	66.8	875.0	n/a	n/a	n/a	n/a
144.953	0.026	saccade	n/a	254.7	66.3	n/a	348.7	70.8	3.76	282.0
144.981	0.322	fixation	n/a	340.9	67.2	868.0	n/a	n/a	n/a	n/a
145.305	0.022	saccade	n/a	341.0	67.5	n/a	402.8	67.7	2.49	206.0
145.329	0.254	fixation	n/a	396.3	67.5	861.0	n/a	n/a	n/a	n/a
145.585	0.022	saccade	n/a	398.4	69.0	n/a	469.7	70.5	2.87	224.0
145.609	0.244	fixation	n/a	457.8	76.5	916.0	n/a	n/a	n/a	n/a
145.855	0.022	saccade	n/a	458.0	80.0	n/a	511.3	78.4	2.14	187.0
145.879	0.184	fixation	n/a	503.0	79.0	963.0	n/a	n/a	n/a	n/a
146.065	0.07	saccade	n/a	505.2	79.8	n/a	132.7	135.8	14.87	508.0
146.137	0.2	fixation	n/a	120.4	139.0	1027.0	n/a	n/a	n/a	n/a
146.339	0.02	saccade	n/a	119.4	139.1	n/a	91.9	144.1	1.08	125.0
146.361	0.268	fixation	n/a	101.1	144.7	1063.0	n/a	n/a	n/a	n/a
146.631	0.02	saccade	n/a	103.0	144.7	n/a	155.8	141.4	2.06	177.0
146.653	0.256	fixation	n/a	148.2	142.9	1036.0	n/a	n/a	n/a	n/a
146.911	0.034	saccade	n/a	148.8	143.9	n/a	224.1	140.5	2.97	288.0
146.947	0.158	fixation	n/a	233.4	142.3	1012.0	n/a	n/a	n/a	n/a
147.107	0.01	saccade	n/a	235.7	144.3	n/a	256.4	146.0	0.83	91.0
147.119	0.208	fixation	n/a	254.7	145.6	997.0	n/a	n/a	n/a	n/a
147.329	0.03	saccade	n/a	251.3	144.2	n/a	363.5	140.0	4.5	312.0
147.361	0.226	fixation	n/a	358.5	140.8	968.0	n/a	n/a	n/a	n/a
147.589	0.024	saccade	n/a	360.2	140.7	n/a	436.9	140.4	3.09	256.0
147.615	0.304	fixation	n/a	426.2	142.1	930.0	n/a	n/a	n/a	n/a
147.921	0.026	saccade	n/a	426.1	141.4	n/a	518.0	135.3	3.7	259.0
147.949	0.338	fixation	n/a	509.6	139.7	905.0	n/a	n/a	n/a	n/a
148.289	0.036	saccade	n/a	507.1	147.5	n/a	579.5	141.5	2.89	177.0
148.327	0.22	fixation	n/a	574.8	140.3	925.0	n/a	n/a	n/a	n/a
148.549	0.062	saccade	n/a	575.4	142.2	n/a	138.9	181.0	17.22	444.0
148.613	0.118	fixation	n/a	148.4	183.9	953.0	n/a	n/a	n/a	n/a
148.733	0.034	saccade	n/a	150.4	186.5	n/a	91.4	201.9	2.37	270.0
148.769	0.172	fixation	n/a	83.3	203.5	982.0	n/a	n/a	n/a	n/a
148.943	0.034	saccade	n/a	81.6	204.7	n/a	162.0	200.7	3.11	337.0
148.979	0.296	fixation	n/a	175.8	199.5	1022.0	n/a	n/a	n/a	n/a
149.277	0.032	saccade	n/a	175.6	200.5	n/a	263.6	206.1	3.49	269.0
149.311	0.3	fixation	n/a	293.4	200.8	960.0	n/a	n/a	n/a	n/a
149.613	0.004	saccade	n/a	299.3	202.7	n/a	306.4	203.2	0.28	54.0
149.619	0.198	fixation	n/a	307.9	202.0	922.0	n/a	n/a	n/a	n/a
149.819	0.026	saccade	n/a	308.4	203.2	n/a	387.6	201.3	3.18	252.0
149.847	0.21	fixation	n/a	382.5	201.6	926.0	n/a	n/a	n/a	n/a
150.059	0.028	saccade	n/a	383.6	201.9	n/a	499.6	194.8	4.66	296.0
150.089	0.338	fixation	n/a	508.8	196.1	925.0	n/a	n/a	n/a	n/a
150.429	0.028	saccade	n/a	510.5	198.1	n/a	616.1	199.4	4.19	274.0
150.459	0.27	fixation	n/a	610.4	198.4	883.0	n/a	n/a	n/a	n/a
150.731	0.07	saccade	n/a	611.9	201.2	n/a	109.3	274.7	19.78	497.0
150.803	0.168	fixation	n/a	116.1	273.8	905.0	n/a	n/a	n/a	n/a
150.973	0.02	saccade	n/a	115.3	273.0	n/a	174.0	271.2	2.28	205.0
150.995	0.206	fixation	n/a	163.3	271.0	955.0	n/a	n/a	n/a	n/a
151.203	0.036	saccade	n/a	163.5	271.2	n/a	235.4	270.2	2.82	338.0
151.241	0.18	fixation	n/a	251.1	270.1	986.0	n/a	n/a	n/a	n/a
151.423	0.032	saccade	n/a	254.3	270.8	n/a	319.9	265.5	2.62	292.0
151.457	0.18	fixation	n/a	327.8	266.0	963.0	n/a	n/a	n/a	n/a
151.639	0.036	saccade	n/a	328.1	268.0	n/a	395.1	260.3	2.7	293.0
151.677	0.14	fixation	n/a	405.9	258.5	965.0	n/a	n/a	n/a	n/a
151.819	0.052	saccade	n/a	407.6	256.9	n/a	263.3	75.1	9.37	429.0
151.873	0.352	fixation	n/a	260.2	73.4	966.0	n/a	n/a	n/a	n/a
152.02	0.0	trigger_11	11	n/a	n/a	n/a	n/a	n/a	n/a	n/a
152.028	0.0	trigger_10	10	n/a	n/a	n/a	n/a	n/a	n/a	n/a
152.227	0.038	saccade	n/a	257.0	78.5	n/a	156.3	63.7	4.02	347.0
152.267	0.19	fixation	n/a	146.9	64.9	1040.0	n/a	n/a	n/a	n/a
152.459	0.034	saccade	n/a	147.1	67.8	n/a	191.2	71.6	1.74	229.0
152.495	0.09	fixation	n/a	202.1	73.1	1059.0	n/a	n/a	n/a	n/a
152.587	0.01	saccade	n/a	207.2	73.0	n/a	223.2	75.4	0.64	69.0
152.599	0.168	fixation	n/a	219.3	73.5	1033.0	n/a	n/a	n/a	n/a
152.769	0.044	saccade	n/a	218.7	75.9	n/a	312.2	82.7	3.74	260.0
152.815	0.156	fixation	n/a	313.2	79.9	982.0	n/a	n/a	n/a	n/a
152.973	0.02	saccade	n/a	314.4	76.5	n/a	286.4	80.4	1.13	123.0
152.995	0.294	fixation	n/a	292.9	80.1	948.0	n/a	n/a	n/a	n/a
153.291	0.026	saccade	n/a	292.2	80.2	n/a	375.0	75.3	3.33	238.0
153.319	0.352	fixation	n/a	372.5	78.9	967.0	n/a	n/a	n/a	n/a
153.673	0.032	saccade	n/a	371.4	84.6	n/a	476.9	91.4	4.25	281.0
153.707	0.294	fixation	n/a	493.1	85.4	962.0	n/a	n/a	n/a	n/a
154.003	0.066	saccade	n/a	494.8	85.4	n/a	123.9	144.4	14.82	518.0
154.071	0.236	fixation	n/a	115.7	144.4	960.0	n/a	n/a	n/a	n/a
154.309	0.02	saccade	n/a	116.0	145.3	n/a	82.4	149.3	1.3	131.0
154.331	0.348	fixation	n/a	91.1	147.6	957.0	n/a	n/a	n/a	n/a
154.681	0.044	saccade	n/a	93.7	153.4	n/a	225.4	145.9	5.15	157.0
154.727	0.384	fixation	n/a	241.4	144.5	970.0	n/a	n/a	n/a	n/a
155.113	0.026	saccade	n/a	241.3	145.0	n/a	357.8	144.0	4.67	333.0
155.141	0.258	fixation	n/a	353.6	143.7	898.0	n/a	n/a	n/a	n/a
155.401	0.016	saccade	n/a	356.8	143.5	n/a	392.1	146.3	1.43	134.0
155.419	0.214	fixation	n/a	386.8	146.8	853.0	n/a	n/a	n/a	n/a
155.635	0.022	saccade	n/a	385.9	148.1	n/a	445.0	141.6	2.4	191.0
155.659	0.272	fixation	n/a	444.5	140.8	839.0	n/a	n/a	n/a	n/a
155.933	0.026	saccade	n/a	445.5	142.1	n/a	528.1	139.5	3.31	233.0
155.961	0.272	fixation	n/a	526.8	142.5	833.0	n/a	n/a	n/a	n/a
156.235	0.024	saccade	n/a	528.4	143.4	n/a	596.1	136.4	2.71	194.0
156.261	0.166	fixation	n/a	588.1	134.8	801.0	n/a	n/a	n/a	n/a
156.429	0.074	saccade	n/a	589.5	133.2	n/a	125.2	194.9	18.34	494.0
156.505	0.124	fixation	n/a	117.8	194.4	809.0	n/a	n/a	n/a	n/a
156.631	0.024	saccade	n/a	116.9	195.1	n/a	56.1	199.8	2.34	214.0
156.657	0.194	fixation	n/a	67.4	204.3	833.0	n/a	n/a	n/a	n/a
156.853	0.034	saccade	n/a	67.0	205.5	n/a	163.2	201.4	3.72	374.0
156.889	0.196	fixation	n/a	175.7	200.9	907.0	n/a	n/a	n/a	n/a
157.087	0.034	saccade	n/a	175.7	200.4	n/a	248.0	201.0	2.85	269.0
157.123	0.21	fixation	n/a	259.2	200.2	943.0	n/a	n/a	n/a	n/a
157.335	0.024	saccade	n/a	262.9	197.9	n/a	335.5	196.0	2.91	257.0
157.361	0.15	fixation	n/a	325.7	196.3	950.0	n/a	n/a	n/a	n/a
157.513	0.01	saccade	n/a	325.6	202.9	n/a	347.6	204.1	0.88	98.0
157.525	0.308	fixation	n/a	372.5	202.2	935.0	n/a	n/a	n/a	n/a
157.835	0.026	saccade	n/a	374.2	203.9	n/a	456.7	199.9	3.32	237.0
157.863	0.162	fixation	n/a	446.6	203.8	893.0	n/a	n/a	n/a	n/a
158.027	0.022	saccade	n/a	446.5	203.9	n/a	512.8	203.6	2.66	215.0
158.051	0.268	fixation	n/a	499.2	201.0	902.0	n/a	n/a	n/a	n/a
158.321	0.034	saccade	n/a	498.9	199.3	n/a	554.8	200.3	2.23	243.0
158.357	0.178	fixation	n/a	559.4	198.5	983.0	n/a	n/a	n/a	n/a
158.537	0.022	saccade	n/a	556.6	197.8	n/a	616.1	202.0	2.36	196.0
158.561	0.066	fixation	n/a	604.9	199.5	1014.0	n/a	n/a	n/a	n/a
158.629	0.078	saccade	n/a	607.8	198.4	n/a	101.3	269.2	19.87	605.0
158.709	0.178	fixation	n/a	87.1	272.7	1063.0	n/a	n/a	n/a	n/a
158.889	0.038	saccade	n/a	88.2	270.5	n/a	183.4	262.5	3.7	451.0
158.929	0.206	fixation	n/a	205.6	263.3	1103.0	n/a	n/a	n/a	n/a
158.982	0.0	trigger_11	11	n/a	n/a	n/a	n/a	n/a	n/a	n/a
158.986	0.0	trigger_10	10	n/a	n/a	n/a	n/a	n/a	n/a	n/a
159.137	0.06	saccade	n/a	208.9	266.0	n/a	205.4	65.7	8.06	477.0
159.199	0.098	fixation	n/a	208.3	67.2	1077.0	n/a	n/a	n/a	n/a
159.299	0.04	saccade	n/a	211.7	69.3	n/a	130.0	74.9	3.21	355.0
159.341	0.196	fixation	n/a	122.1	76.6	1047.0	n/a	n/a	n/a	n/a
159.539	0.022	saccade	n/a	127.6	76.9	n/a	196.5	80.8	2.71	244.0
159.563	0.22	fixation	n/a	182.2	80.6	1043.0	n/a	n/a	n/a	n/a
159.785	0.024	saccade	n/a	181.8	79.8	n/a	259.1	83.4	3.06	258.0
159.811	0.148	fixation	n/a	251.8	81.3	1058.0	n/a	n/a	n/a	n/a
159.961	0.03	saccade	n/a	256.6	83.1	n/a	296.6	87.2	1.61	209.0
159.993	0.336	fixation	n/a	306.9	89.8	1064.0	n/a	n/a	n/a	n/a
160.331	0.006	saccade	n/a	310.8	96.5	n/a	319.5	95.8	0.35	52.0
160.339	0.04	fixation	n/a	315.4	91.0	1057.0	n/a	n/a	n/a	n/a
160.381	0.038	saccade	n/a	310.8	88.2	n/a	256.9	92.9	2.16	245.0
160.421	0.126	fixation	n/a	245.3	93.4	1087.0	n/a	n/a	n/a	n/a
160.549	0.04	saccade	n/a	241.5	92.1	n/a	305.4	94.0	2.56	318.0
160.591	0.212	fixation	n/a	329.1	93.1	1107.0	n/a	n/a	n/a	n/a
160.805	0.03	saccade	n/a	336.1	91.4	n/a	368.8	87.8	1.32	206.0
160.837	0.122	fixation	n/a	377.2	85.1	1124.0	n/a	n/a	n/a	n/a
160.961	0.036	saccade	n/a	379.3	82.4	n/a	326.1	84.6	2.14	257.0
160.999	0.308	fixation	n/a	320.5	87.5	1149.0	n/a	n/a	n/a	n/a
161.309	0.03	saccade	n/a	321.0	94.6	n/a	356.7	90.5	1.45	205.0
161.341	0.544	fixation	n/a	364.5	90.8	1197.0	n/a	n/a	n/a	n/a
161.636	0.0	trigger_11	11	n/a	n/a	n/a	n/a	n/a	n/a	n/a
161.644	0.0	trigger_10	10	n/a	n/a	n/a	n/a	n/a	n/a	n/a
161.887	0.054	saccade	n/a	366.3	93.6	n/a	183.9	102.6	7.28	413.0
161.943	0.118	fixation	n/a	171.2	104.4	1224.0	n/a	n/a	n/a	n/a
162.063	0.02	saccade	n/a	171.0	105.7	n/a	139.9	93.5	1.31	125.0
162.085	0.168	fixation	n/a	146.4	99.4	1201.0	n/a	n/a	n/a	n/a
162.255	0.022	saccade	n/a	145.0	101.4	n/a	214.2	94.9	2.74	207.0
162.279	0.188	fixation	n/a	234.7	95.4	1154.0	n/a	n/a	n/a	n/a
162.469	0.024	saccade	n/a	235.2	95.3	n/a	317.9	89.1	3.32	261.0
162.495	0.186	fixation	n/a	313.8	91.3	1113.0	n/a	n/a	n/a	n/a
162.683	0.024	saccade	n/a	315.3	94.9	n/a	408.9	99.5	3.77	264.0
162.709	0.322	fixation	n/a	415.2	100.5	1044.0	n/a	n/a	n/a	n/a
163.033	0.024	saccade	n/a	413.4	107.0	n/a	493.8	100.5	3.25	234.0
163.059	0.136	fixation	n/a	492.4	102.2	953.0	n/a	n/a	n/a	n/a
163.197	0.202	saccade	n/a	495.0	113.9	n/a	580.2	126.8	3.44	766.0
163.229	0.116	blink	n/a	n/a	n/a	n/a	n/a	n/a	n/a	n/a
163.401	0.154	fixation	n/a	570.7	105.4	854.0	n/a	n/a	n/a	n/a
163.557	0.018	saccade	n/a	569.8	105.3	n/a	615.6	101.2	1.82	161.0
163.577	0.074	fixation	n/a	607.2	99.8	850.0	n/a	n/a	n/a	n/a
163.653	0.072	saccade	n/a	606.6	97.3	n/a	146.1	158.2	18.26	555.0
163.727	0.092	fixation	n/a	137.2	159.9	889.0	n/a	n/a	n/a	n/a
163.821	0.252	saccade	n/a	141.4	159.6	n/a	214.7	191.9	3.16	1673.0
163.849	0.178	blink	n/a	n/a	n/a	n/a	n/a	n/a	n/a	n/a
164.075	0.188	fixation	n/a	215.4	156.4	835.0	n/a	n/a	n/a	n/a
164.265	0.02	saccade	n/a	212.0	158.7	n/a	186.6	159.4	1.0	106.0
164.287	0.186	fixation	n/a	192.8	159.4	840.0	n/a	n/a	n/a	n/a
164.475	0.028	saccade	n/a	193.3	157.9	n/a	308.8	155.7	4.59	341.0
164.505	0.188	fixation	n/a	306.0	156.4	793.0	n/a	n/a	n/a	n/a
164.695	0.02	saccade	n/a	308.7	152.8	n/a	362.8	147.5	2.19	182.0
164.717	0.202	fixation	n/a	357.6	146.5	723.0	n/a	n/a	n/a	n/a
164.921	0.032	saccade	n/a	358.1	145.1	n/a	497.2	159.2	5.62	301.0
164.955	0.272	fixation	n/a	499.4	146.4	683.0	n/a	n/a	n/a	n/a
165.229	0.024	saccade	n/a	494.2	141.1	n/a	565.6	135.4	2.86	220.0
165.255	0.166	fixation	n/a	557.6	135.1	662.0	n/a	n/a	n/a	n/a
165.423	0.066	saccade	n/a	556.9	132.1	n/a	99.3	209.4	18.18	474.0
165.491	0.246	fixation	n/a	105.1	207.2	668.0	n/a	n/a	n/a	n/a
165.739	0.026	saccade	n/a	103.0	207.5	n/a	201.8	217.2	3.86	283.0
165.767	0.248	fixation	n/a	199.1	216.8	679.0	n/a	n/a	n/a	n/a
166.017	0.03	saccade	n/a	200.2	222.1	n/a	304.6	218.3	4.15	265.0
166.049	0.234	fixation	n/a	300.8	217.0	728.0	n/a	n/a	n/a	n/a
166.285	0.024	saccade	n/a	302.5	219.5	n/a	387.6	215.7	3.41	259.0
166.311	0.294	fixation	n/a	377.7	214.2	831.0	n/a	n/a	n/a	n/a
166.607	0.04	saccade	n/a	374.6	216.6	n/a	450.0	212.9	3.03	201.0
166.649	0.448	fixation	n/a	446.7	212.5	942.0	n/a	n/a	n/a	n/a
167.099	0.022	saccade	n/a	450.0	214.8	n/a	489.0	214.7	1.56	147.0
167.123	0.15	fixation	n/a	482.6	216.3	949.0	n/a	n/a	n/a	n/a
167.275	0.036	saccade	n/a	483.3	218.1	n/a	543.0	202.0	2.47	302.0
167.313	0.186	fixation	n/a	555.1	201.7	977.0	n/a	n/a	n/a	n/a
167.501	0.076	saccade	n/a	553.3	203.4	n/a	135.5	249.6	16.49	545.0
167.579	0.13	fixation	n/a	119.4	255.9	1049.0	n/a	n/a	n/a	n/a
167.711	0.034	saccade	n/a	118.7	257.0	n/a	74.8	280.5	1.92	251.0
167.747	0.246	fixation	n/a	65.7	283.5	1099.0	n/a	n/a	n/a	n/a
167.995	0.016	saccade	n/a	61.1	287.3	n/a	114.5	285.7	2.04	174.0
168.013	0.226	fixation	n/a	137.3	279.7	1150.0	n/a	n/a	n/a	n/a
168.241	0.038	saccade	n/a	138.0	281.9	n/a	204.7	277.9	2.61	311.0
168.281	0.184	fixation	n/a	220.1	278.8	1145.0	n/a	n/a	n/a	n/a
168.467	0.036	saccade	n/a	221.7	280.3	n/a	265.8	276.7	1.75	285.0
168.505	0.248	fixation	n/a	281.1	273.6	1099.0	n/a	n/a	n/a	n/a
168.755	0.03	saccade	n/a	282.2	269.8	n/a	346.8	266.2	2.58	291.0
168.787	0.29	fixation	n/a	358.0	265.7	1055.0	n/a	n/a	n/a	n/a
169.079	0.032	saccade	n/a	356.0	269.2	n/a	431.2	268.3	3.01	246.0
169.113	0.21	fixation	n/a	441.9	267.9	1018.0	n/a	n/a	n/a	n/a
169.325	0.034	saccade	n/a	444.0	265.8	n/a	387.9	266.7	2.24	231.0
169.361	0.218	fixation	n/a	386.1	268.2	996.0	n/a	n/a	n/a	n/a
169.581	0.034	saccade	n/a	386.7	269.6	n/a	463.0	267.4	3.05	289.0
169.617	0.134	fixation	n/a	474.1	266.2	990.0	n/a	n/a	n/a	n/a
169.753	0.034	saccade	n/a	476.2	268.0	n/a	531.9	263.8	2.22	281.0
169.789	0.2	fixation	n/a	545.2	269.0	975.0	n/a	n/a	n/a	n/a
169.991	0.064	saccade	n/a	551.5	268.7	n/a	106.7	340.3	17.5	541.0
170.057	0.182	fixation	n/a	106.1	335.2	995.0	n/a	n/a	n/a	n/a
170.241	0.042	saccade	n/a	102.3	333.6	n/a	162.8	111.6	9.12	439.0
170.285	0.27	fixation	n/a	168.4	109.5	1018.0	n/a	n/a	n/a	n/a
170.358	0.0	trigger_11	11	n/a	n/a	n/a	n/a	n/a	n/a	n/a
170.36	0.0	trigger_10	10	n/a	n/a	n/a	n/a	n/a	n/a	n/a
170.557	0.034	saccade	n/a	170.4	110.0	n/a	131.6	91.2	1.69	230.0
170.593	0.26	fixation	n/a	129.4	87.3	1023.0	n/a	n/a	n/a	n/a
170.855	0.032	saccade	n/a	129.3	86.9	n/a	174.4	86.1	1.77	262.0
170.889	0.234	fixation	n/a	184.3	86.2	1009.0	n/a	n/a	n/a	n/a
171.125	0.036	saccade	n/a	182.6	87.9	n/a	257.8	89.8	2.98	310.0
171.163	0.336	fixation	n/a	268.3	90.3	1028.0	n/a	n/a	n/a	n/a
171.501	0.036	saccade	n/a	264.8	87.9	n/a	324.3	91.8	2.39	265.0
171.539	0.216	fixation	n/a	336.2	88.3	1077.0	n/a	n/a	n/a	n/a
171.757	0.016	saccade	n/a	337.0	102.0	n/a	295.2	102.0	1.68	132.0
171.775	0.618	fixation	n/a	297.4	96.5	1092.0	n/a	n/a	n/a	n/a
172.126	0.0	trigger_11	11	n/a	n/a	n/a	n/a	n/a	n/a	n/a
172.134	0.0	trigger_10	10	n/a	n/a	n/a	n/a	n/a	n/a	n/a
172.395	0.038	saccade	n/a	296.2	98.3	n/a	181.3	91.9	4.58	216.0
172.435	0.142	fixation	n/a	185.8	89.9	1137.0	n/a	n/a	n/a	n/a
172.579	0.036	saccade	n/a	184.8	90.5	n/a	128.8	92.2	2.19	284.0
172.617	0.278	fixation	n/a	119.0	92.1	1145.0	n/a	n/a	n/a	n/a
172.897	0.02	saccade	n/a	118.4	93.2	n/a	160.3	92.4	1.63	144.0
172.919	0.156	fixation	n/a	153.6	94.2	1179.0	n/a	n/a	n/a	n/a
173.077	0.034	saccade	n/a	155.5	98.7	n/a	210.7	99.2	2.17	288.0
173.113	0.272	fixation	n/a	225.6	96.8	1216.0	n/a	n/a	n/a	n/a
173.387	0.016	saccade	n/a	229.8	101.7	n/a	264.4	102.0	1.38	104.0
173.405	0.272	fixation	n/a	267.8	98.3	1231.0	n/a	n/a	n/a	n/a
173.679	0.036	saccade	n/a	271.0	95.7	n/a	343.8	95.0	2.92	303.0
173.717	0.232	fixation	n/a	356.3	94.3	1166.0	n/a	n/a	n/a	n/a
173.951	0.028	saccade	n/a	357.6	102.4	n/a	404.6	106.2	1.9	191.0
173.981	0.292	fixation	n/a	422.2	99.0	1112.0	n/a	n/a	n/a	n/a
174.275	0.028	saccade	n/a	423.8	99.0	n/a	513.6	98.1	3.61	245.0
174.305	0.262	fixation	n/a	506.2	99.9	1019.0	n/a	n/a	n/a	n/a
174.569	0.028	saccade	n/a	507.7	99.7	n/a	539.2	102.5	1.26	175.0
174.599	0.118	fixation	n/a	547.4	99.4	987.0	n/a	n/a	n/a	n/a
174.719	0.064	saccade	n/a	549.9	99.2	n/a	127.8	150.2	16.75	510.0
174.785	0.204	fixation	n/a	130.5	153.0	1010.0	n/a	n/a	n/a	n/a
174.991	0.024	saccade	n/a	131.1	154.3	n/a	206.5	148.6	2.97	243.0
175.017	0.24	fixation	n/a	197.5	149.3	990.0	n/a	n/a	n/a	n/a
175.259	0.034	saccade	n/a	199.7	152.9	n/a	285.2	161.8	3.42	322.0
175.295	0.264	fixation	n/a	303.7	156.4	962.0	n/a	n/a	n/a	n/a
175.561	0.024	saccade	n/a	306.2	156.7	n/a	385.9	156.4	3.21	239.0
175.587	0.17	fixation	n/a	378.8	156.0	908.0	n/a	n/a	n/a	n/a
175.759	0.034	saccade	n/a	378.9	158.4	n/a	448.5	159.7	2.8	263.0
175.795	0.188	fixation	n/a	456.8	157.5	895.0	n/a	n/a	n/a	n/a
175.985	0.032	saccade	n/a	457.2	159.0	n/a	512.0	160.7	2.2	234.0
176.019	0.178	fixation	n/a	516.6	157.3	919.0	n/a	n/a	n/a	n/a
176.199	0.036	saccade	n/a	515.8	158.2	n/a	584.5	153.9	2.74	283.0
176.237	0.156	fixation	n/a	594.8	153.9	920.0	n/a	n/a	n/a	n/a
176.395	0.078	saccade	n/a	596.9	154.9	n/a	128.6	223.8	18.54	525.0
176.475	0.236	fixation	n/a	117.6	225.0	962.0	n/a	n/a	n/a	n/a
176.713	0.036	saccade	n/a	117.2	223.6	n/a	190.2	218.3	2.85	292.0
176.751	0.204	fixation	n/a	199.9	217.0	983.0	n/a	n/a	n/a	n/a
176.957	0.026	saccade	n/a	199.7	216.4	n/a	263.9	211.8	2.55	248.0
176.985	0.186	fixation	n/a	263.4	213.9	963.0	n/a	n/a	n/a	n/a
177.173	0.024	saccade	n/a	264.9	213.4	n/a	344.6	208.1	3.2	235.0
177.199	0.27	fixation	n/a	336.3	210.0	957.0	n/a	n/a	n/a	n/a
177.471	0.028	saccade	n/a	339.0	208.5	n/a	271.6	215.9	2.71	232.0
177.501	0.144	fixation	n/a	280.3	212.9	959.0	n/a	n/a	n/a	n/a
177.647	0.036	saccade	n/a	279.6	214.0	n/a	367.3	205.5	3.52	339.0
177.685	0.148	fixation	n/a	384.3	206.9	975.0	n/a	n/a	n/a	n/a
177.835	0.062	saccade	n/a	386.7	207.5	n/a	221.4	84.5	8.27	462.0
177.899	0.212	fixation	n/a	215.9	84.5	951.0	n/a	n/a	n/a	n/a
177.902	0.0	trigger_11	11	n/a	n/a	n/a	n/a	n/a	n/a	n/a
177.908	0.0	trigger_10	10	n/a	n/a	n/a	n/a	n/a	n/a	n/a
178.113	0.038	saccade	n/a	215.0	85.6	n/a	152.2	79.0	2.49	299.0
178.153	0.21	fixation	n/a	139.8	78.1	997.0	n/a	n/a	n/a	n/a
178.365	0.036	saccade	n/a	138.2	78.0	n/a	213.4	80.8	2.96	310.0
178.403	0.132	fixation	n/a	225.0	81.7	979.0	n/a	n/a	n/a	n/a
178.537	0.032	saccade	n/a	226.8	84.4	n/a	284.9	88.0	2.32	260.0
178.571	0.296	fixation	n/a	295.8	81.8	943.0	n/a	n/a	n/a	n/a
178.869	0.036	saccade	n/a	295.8	77.5	n/a	364.3	86.0	2.77	270.0
178.907	0.328	fixation	n/a	376.6	85.3	895.0	n/a	n/a	n/a	n/a
179.237	0.034	saccade	n/a	377.3	84.9	n/a	443.2	86.2	2.66	260.0
179.273	0.178	fixation	n/a	452.2	84.0	835.0	n/a	n/a	n/a	n/a
179.453	0.014	saccade	n/a	455.0	88.8	n/a	472.9	89.2	0.72	52.0
179.469	0.102	fixation	n/a	511.3	81.4	776.0	n/a	n/a	n/a	n/a
179.573	0.032	saccade	n/a	529.3	77.5	n/a	564.2	70.8	1.42	223.0
179.607	0.208	fixation	n/a	574.3	70.3	717.0	n/a	n/a	n/a	n/a
179.817	0.064	saccade	n/a	577.0	68.2	n/a	132.0	128.2	17.65	520.0
179.883	0.168	fixation	n/a	135.7	128.9	717.0	n/a	n/a	n/a	n/a
180.053	0.016	saccade	n/a	132.2	132.1	n/a	100.4	138.2	1.26	121.0
180.071	0.308	fixation	n/a	108.2	142.0	792.0	n/a	n/a	n/a	n/a
180.381	0.03	saccade	n/a	109.0	145.7	n/a	165.0	149.9	2.19	253.0
180.413	0.278	fixation	n/a	173.4	149.4	845.0	n/a	n/a	n/a	n/a
180.693	0.04	saccade	n/a	177.3	153.9	n/a	266.1	153.5	3.52	124.0
180.735	0.34	fixation	n/a	260.9	155.5	806.0	n/a	n/a	n/a	n/a
181.077	0.022	saccade	n/a	258.4	153.3	n/a	324.5	154.3	2.64	232.0
181.101	0.31	fixation	n/a	315.1	155.6	798.0	n/a	n/a	n/a	n/a
181.413	0.03	saccade	n/a	316.6	158.7	n/a	426.2	158.9	4.41	269.0
181.445	0.312	fixation	n/a	427.1	153.3	818.0	n/a	n/a	n/a	n/a
181.759	0.02	saccade	n/a	428.5	153.2	n/a	479.0	151.3	2.03	170.0
181.781	0.206	fixation	n/a	474.0	151.1	814.0	n/a	n/a	n/a	n/a
181.989	0.036	saccade	n/a	473.7	153.0	n/a	550.8	146.1	3.1	282.0
182.027	0.204	fixation	n/a	561.9	145.3	825.0	n/a	n/a	n/a	n/a
182.233	0.034	saccade	n/a	560.9	145.8	n/a	602.8	146.4	1.66	214.0
182.269	0.14	fixation	n/a	612.2	146.0	857.0	n/a	n/a	n/a	n/a
182.411	0.08	saccade	n/a	614.4	143.8	n/a	131.4	216.0	19.09	556.0
182.493	0.152	fixation	n/a	121.7	219.8	936.0	n/a	n/a	n/a	n/a
182.647	0.034	saccade	n/a	120.7	220.2	n/a	82.8	219.1	1.46	232.0
182.683	0.182	fixation	n/a	76.9	221.0	972.0	n/a	n/a	n/a	n/a
182.867	0.034	saccade	n/a	76.9	223.3	n/a	143.9	209.7	2.64	341.0
182.903	0.276	fixation	n/a	160.8	210.7	939.0	n/a	n/a	n/a	n/a
183.181	0.038	saccade	n/a	162.2	214.3	n/a	235.9	209.9	2.91	349.0
183.221	0.232	fixation	n/a	252.2	209.4	900.0	n/a	n/a	n/a	n/a
183.455	0.034	saccade	n/a	253.4	208.8	n/a	320.5	90.5	5.51	344.0
183.491	0.298	fixation	n/a	316.0	95.4	898.0	n/a	n/a	n/a	n/a
183.582	0.0	trigger_11	11	n/a	n/a	n/a	n/a	n/a	n/a	n/a
183.586	0.0	trigger_10	10	n/a	n/a	n/a	n/a	n/a	n/a	n/a
183.791	0.036	saccade	n/a	318.0	99.6	n/a	181.2	83.3	5.48	371.0
183.829	0.132	fixation	n/a	182.7	85.9	964.0	n/a	n/a	n/a	n/a
183.963	0.036	saccade	n/a	181.3	87.4	n/a	131.8	83.2	1.94	266.0
184.001	0.166	fixation	n/a	122.8	83.1	986.0	n/a	n/a	n/a	n/a
184.169	0.036	saccade	n/a	122.9	84.9	n/a	171.9	83.8	1.91	256.0
184.207	0.234	fixation	n/a	187.9	80.5	945.0	n/a	n/a	n/a	n/a
184.443	0.03	saccade	n/a	189.3	75.8	n/a	236.1	82.6	1.87	231.0
184.475	0.278	fixation	n/a	241.3	83.4	906.0	n/a	n/a	n/a	n/a
184.755	0.032	saccade	n/a	240.3	85.1	n/a	285.3	86.3	1.8	214.0
184.789	0.216	fixation	n/a	291.7	83.3	965.0	n/a	n/a	n/a	n/a
185.007	0.034	saccade	n/a	289.6	82.3	n/a	336.6	84.7	1.89	253.0
185.043	0.242	fixation	n/a	347.2	79.9	1061.0	n/a	n/a	n/a	n/a
185.287	0.032	saccade	n/a	347.9	77.5	n/a	390.0	85.7	1.73	224.0
185.321	0.22	fixation	n/a	395.2	83.8	1099.0	n/a	n/a	n/a	n/a
185.543	0.032	saccade	n/a	397.3	83.5	n/a	437.5	88.7	1.63	225.0
185.577	0.174	fixation	n/a	448.9	88.3	1091.0	n/a	n/a	n/a	n/a
185.753	0.022	saccade	n/a	453.0	93.8	n/a	497.2	93.5	1.78	161.0
185.777	0.2	fixation	n/a	491.8	90.5	1090.0	n/a	n/a	n/a	n/a
185.979	0.05	saccade	n/a	493.8	90.3	n/a	325.4	90.5	6.76	445.0
186.031	0.332	fixation	n/a	314.0	90.0	1110.0	n/a	n/a	n/a	n/a
186.174	0.0	trigger_11	11	n/a	n/a	n/a	n/a	n/a	n/a	n/a
186.18	0.0	trigger_12	12	n/a	n/a	n/a	n/a	n/a	n/a	n/a
186.365	0.052	saccade	n/a	315.7	89.0	n/a	144.0	102.2	6.82	439.0
186.419	0.102	fixation	n/a	132.0	103.8	1124.0	n/a	n/a	n/a	n/a
186.523	0.026	saccade	n/a	131.2	103.5	n/a	128.1	83.3	0.82	133.0
186.551	0.164	fixation	n/a	125.5	79.1	1119.0	n/a	n/a	n/a	n/a
186.717	0.04	saccade	n/a	123.0	78.5	n/a	200.2	74.9	3.03	352.0
186.759	0.164	fixation	n/a	216.5	74.2	1090.0	n/a	n/a	n/a	n/a
186.925	0.022	saccade	n/a	217.7	77.1	n/a	275.4	75.2	2.3	207.0
186.949	0.212	fixation	n/a	269.7	73.2	1050.0	n/a	n/a	n/a	n/a
187.163	0.034	saccade	n/a	269.1	69.9	n/a	331.5	75.2	2.51	294.0
187.199	0.252	fixation	n/a	341.3	73.5	1011.0	n/a	n/a	n/a	n/a
187.453	0.024	saccade	n/a	339.8	70.7	n/a	411.5	77.9	2.9	238.0
187.479	0.418	fixation	n/a	402.6	74.6	997.0	n/a	n/a	n/a	n/a
187.899	0.036	saccade	n/a	401.2	73.8	n/a	467.9	73.5	2.68	291.0
187.937	0.27	fixation	n/a	478.2	74.0	1019.0	n/a	n/a	n/a	n/a
188.209	0.02	saccade	n/a	477.8	79.3	n/a	529.0	76.2	2.06	182.0
188.231	0.16	fixation	n/a	525.3	76.2	1041.0	n/a	n/a	n/a	n/a
188.393	0.056	saccade	n/a	527.4	78.6	n/a	131.2	137.3	15.81	510.0
188.451	0.168	fixation	n/a	131.5	139.6	1153.0	n/a	n/a	n/a	n/a
188.621	0.03	saccade	n/a	130.0	141.2	n/a	98.9	144.3	1.21	218.0
188.653	0.196	fixation	n/a	92.2	148.0	1195.0	n/a	n/a	n/a	n/a
188.851	0.034	saccade	n/a	91.8	146.6	n/a	158.9	141.0	2.62	330.0
188.887	0.288	fixation	n/a	171.9	140.2	1220.0	n/a	n/a	n/a	n/a
189.177	0.036	saccade	n/a	174.5	139.6	n/a	241.3	137.7	2.65	286.0
189.215	0.272	fixation	n/a	252.8	140.9	1201.0	n/a	n/a	n/a	n/a
189.489	0.018	saccade	n/a	256.6	147.7	n/a	284.5	144.1	1.12	88.0
189.509	0.258	fixation	n/a	290.8	141.0	1194.0	n/a	n/a	n/a	n/a
189.769	0.04	saccade	n/a	293.6	140.6	n/a	225.1	146.9	2.74	290.0
189.811	0.382	fixation	n/a	220.8	146.4	1168.0	n/a	n/a	n/a	n/a
189.982	0.0	trigger_13	13	n/a	n/a	n/a	n/a	n/a	n/a	n/a
190.195	0.034	saccade	n/a	223.7	145.3	n/a	186.5	181.8	2.08	314.0
190.231	0.3	fixation	n/a	173.2	187.1	1159.0	n/a	n/a	n/a	n/a
190.533	0.056	saccade	n/a	171.8	190.2	n/a	343.2	184.4	6.81	371.0
190.591	0.826	fixation	n/a	357.4	189.0	1108.0	n/a	n/a	n/a	n/a
191.419	0.028	saccade	n/a	356.5	189.4	n/a	336.7	203.4	0.98	158.0
191.449	0.484	fixation	n/a	330.4	203.2	1158.0	n/a	n/a	n/a	n/a
191.935	0.03	saccade	n/a	331.0	202.4	n/a	320.0	195.3	0.53	181.0
191.967	0.176	fixation	n/a	310.6	199.8	1191.0	n/a	n/a	n/a	n/a
192.145	0.034	saccade	n/a	311.1	198.6	n/a	280.5	201.3	1.23	249.0
192.181	0.694	fixation	n/a	277.9	201.6	1155.0	n/a	n/a	n/a	n/a
192.662	0.0	trigger_15	15	n/a	n/a	n/a	n/a	n/a	n/a	n/a
192.676	0.0	trigger_10	10	n/a	n/a	n/a	n/a	n/a	n/a	n/a
192.877	0.05	saccade	n/a	288.6	202.9	n/a	231.8	86.5	5.24	449.0
192.929	0.088	fixation	n/a	225.9	77.0	1079.0	n/a	n/a	n/a	n/a
193.019	0.04	saccade	n/a	225.2	78.2	n/a	148.5	79.7	3.02	360.0
193.061	0.24	fixation	n/a	135.7	78.7	1028.0	n/a	n/a	n/a	n/a
193.303	0.03	saccade	n/a	135.4	78.2	n/a	190.4	76.9	2.15	258.0
193.335	0.316	fixation	n/a	198.3	72.6	952.0	n/a	n/a	n/a	n/a
193.653	0.048	saccade	n/a	196.5	79.1	n/a	276.2	78.7	3.17	207.0
193.703	0.432	fixation	n/a	284.4	72.8	886.0	n/a	n/a	n/a	n/a
194.137	0.028	saccade	n/a	284.4	67.8	n/a	169.3	67.9	4.56	303.0
194.167	0.346	fixation	n/a	179.1	70.7	902.0	n/a	n/a	n/a	n/a
194.272	0.0	trigger_11	11	n/a	n/a	n/a	n/a	n/a	n/a	n/a
194.278	0.0	trigger_10	10	n/a	n/a	n/a	n/a	n/a	n/a	n/a
194.515	0.024	saccade	n/a	178.4	76.4	n/a	120.7	59.4	2.36	186.0
194.541	0.194	fixation	n/a	127.5	64.6	969.0	n/a	n/a	n/a	n/a
194.737	0.034	saccade	n/a	126.4	64.5	n/a	188.9	69.1	2.45	281.0
194.773	0.148	fixation	n/a	197.9	70.0	981.0	n/a	n/a	n/a	n/a
194.923	0.024	saccade	n/a	199.8	71.6	n/a	274.8	78.2	2.99	227.0
194.949	0.206	fixation	n/a	278.2	74.7	967.0	n/a	n/a	n/a	n/a
195.157	0.024	saccade	n/a	278.9	71.4	n/a	382.2	75.9	4.15	303.0
195.183	0.268	fixation	n/a	391.8	74.2	904.0	n/a	n/a	n/a	n/a
195.453	0.02	saccade	n/a	392.3	76.4	n/a	445.1	80.2	2.13	189.0
195.475	0.118	fixation	n/a	435.5	79.4	912.0	n/a	n/a	n/a	n/a
195.595	0.036	saccade	n/a	436.0	78.8	n/a	483.2	78.6	1.9	238.0
195.633	0.142	fixation	n/a	493.7	76.8	933.0	n/a	n/a	n/a	n/a
195.777	0.072	saccade	n/a	495.6	75.7	n/a	125.4	135.2	14.83	530.0
195.851	0.206	fixation	n/a	111.1	139.6	1011.0	n/a	n/a	n/a	n/a
196.059	0.022	saccade	n/a	109.2	150.3	n/a	188.5	149.4	3.09	262.0
196.083	0.306	fixation	n/a	184.2	145.8	1035.0	n/a	n/a	n/a	n/a
196.391	0.04	saccade	n/a	183.3	145.1	n/a	276.6	142.5	3.7	330.0
196.433	0.224	fixation	n/a	288.9	140.9	965.0	n/a	n/a	n/a	n/a
196.659	0.024	saccade	n/a	289.7	139.0	n/a	362.2	140.0	2.91	223.0
196.685	0.304	fixation	n/a	350.0	140.6	872.0	n/a	n/a	n/a	n/a
196.991	0.038	saccade	n/a	349.1	140.2	n/a	423.9	139.7	3.01	293.0
197.031	0.226	fixation	n/a	437.1	140.8	833.0	n/a	n/a	n/a	n/a
197.259	0.022	saccade	n/a	437.6	138.2	n/a	482.4	137.0	1.8	165.0
197.283	0.076	fixation	n/a	474.3	138.4	829.0	n/a	n/a	n/a	n/a
197.361	0.068	saccade	n/a	474.8	139.7	n/a	119.0	204.3	14.28	533.0
197.431	0.134	fixation	n/a	104.7	205.2	904.0	n/a	n/a	n/a	n/a
197.567	0.198	saccade	n/a	113.6	214.8	n/a	223.8	244.2	4.46	888.0
197.595	0.138	blink	n/a	n/a	n/a	n/a	n/a	n/a	n/a	n/a
197.767	0.318	fixation	n/a	215.0	208.8	929.0	n/a	n/a	n/a	n/a
198.087	0.038	saccade	n/a	215.1	214.6	n/a	291.0	216.2	3.02	349.0
198.127	0.518	fixation	n/a	315.1	208.3	909.0	n/a	n/a	n/a	n/a
198.448	0.0	trigger_11	11	n/a	n/a	n/a	n/a	n/a	n/a	n/a
198.452	0.0	trigger_10	10	n/a	n/a	n/a	n/a	n/a	n/a	n/a
198.647	0.048	saccade	n/a	319.2	209.9	n/a	149.2	160.0	7.02	445.0
198.697	0.094	fixation	n/a	139.3	157.3	880.0	n/a	n/a	n/a	n/a
198.793	0.032	saccade	n/a	147.1	162.2	n/a	123.9	100.3	2.65	240.0
198.827	0.224	fixation	n/a	144.3	65.6	852.0	n/a	n/a	n/a	n/a
199.053	0.034	saccade	n/a	144.6	62.6	n/a	218.2	63.1	2.9	304.0
199.089	0.218	fixation	n/a	228.6	63.9	911.0	n/a	n/a	n/a	n/a
199.309	0.03	saccade	n/a	229.1	68.6	n/a	262.8	72.2	1.35	225.0
199.341	0.18	fixation	n/a	269.1	74.8	961.0	n/a	n/a	n/a	n/a
199.523	0.032	saccade	n/a	266.6	78.9	n/a	326.3	87.4	2.42	268.0
199.557	0.204	fixation	n/a	332.5	81.1	1011.0	n/a	n/a	n/a	n/a
199.763	0.022	saccade	n/a	336.0	77.4	n/a	376.4	87.2	1.67	166.0
199.787	0.156	fixation	n/a	371.2	87.3	997.0	n/a	n/a	n/a	n/a
199.945	0.036	saccade	n/a	370.9	86.7	n/a	435.1	88.0	2.59	292.0
199.983	0.182	fixation	n/a	448.0	84.0	965.0	n/a	n/a	n/a	n/a
200.167	0.034	saccade	n/a	449.8	83.6	n/a	497.4	83.6	1.91	229.0
200.203	0.152	fixation	n/a	507.6	84.5	958.0	n/a	n/a	n/a	n/a
200.357	0.028	saccade	n/a	509.2	83.9	n/a	536.8	84.8	1.1	164.0
200.387	0.078	fixation	n/a	541.4	84.9	968.0	n/a	n/a	n/a	n/a
200.467	0.072	saccade	n/a	543.1	84.4	n/a	154.4	130.4	15.45	522.0
200.541	0.152	fixation	n/a	140.4	132.8	1017.0	n/a	n/a	n/a	n/a
200.695	0.022	saccade	n/a	139.6	134.6	n/a	109.3	143.3	1.23	117.0
200.719	0.116	fixation	n/a	117.1	143.1	1029.0	n/a	n/a	n/a	n/a
200.837	0.038	saccade	n/a	116.6	144.1	n/a	187.7	142.9	2.78	348.0
200.877	0.244	fixation	n/a	206.7	144.4	1030.0	n/a	n/a	n/a	n/a
201.123	0.036	saccade	n/a	207.3	144.3	n/a	281.4	150.4	2.96	299.0
201.161	0.26	fixation	n/a	291.5	147.8	992.0	n/a	n/a	n/a	n/a
201.423	0.034	saccade	n/a	291.0	149.2	n/a	346.7	145.7	2.24	287.0
201.459	0.332	fixation	n/a	360.2	145.5	947.0	n/a	n/a	n/a	n/a
201.793	0.024	saccade	n/a	359.4	155.8	n/a	449.8	155.9	3.63	275.0
201.819	0.304	fixation	n/a	440.8	151.4	930.0	n/a	n/a	n/a	n/a
202.125	0.008	saccade	n/a	443.4	154.0	n/a	459.7	156.2	0.66	78.0
202.135	0.268	fixation	n/a	459.8	150.7	900.0	n/a	n/a	n/a	n/a
202.405	0.022	saccade	n/a	461.5	147.7	n/a	534.3	140.2	2.93	232.0
202.429	0.19	fixation	n/a	521.9	143.6	882.0	n/a	n/a	n/a	n/a
202.621	0.032	saccade	n/a	523.7	141.4	n/a	555.7	141.0	1.28	203.0
202.655	0.076	fixation	n/a	563.9	141.6	874.0	n/a	n/a	n/a	n/a
202.733	0.074	saccade	n/a	564.9	141.8	n/a	127.2	205.5	17.36	524.0
202.809	0.176	fixation	n/a	112.3	211.4	939.0	n/a	n/a	n/a	n/a
202.987	0.03	saccade	n/a	111.7	214.5	n/a	84.8	211.5	1.04	198.0
203.019	0.2	fixation	n/a	72.3	213.6	971.0	n/a	n/a	n/a	n/a
203.221	0.034	saccade	n/a	69.2	216.0	n/a	119.9	211.2	1.96	297.0
203.257	0.182	fixation	n/a	135.6	209.5	977.0	n/a	n/a	n/a	n/a
203.441	0.052	saccade	n/a	138.3	210.0	n/a	147.3	74.9	5.43	362.0
203.495	0.284	fixation	n/a	152.8	62.1	941.0	n/a	n/a	n/a	n/a
203.592	0.0	trigger_11	11	n/a	n/a	n/a	n/a	n/a	n/a	n/a
203.596	0.0	trigger_10	10	n/a	n/a	n/a	n/a	n/a	n/a	n/a
203.781	0.03	saccade	n/a	153.1	65.3	n/a	117.3	65.8	1.39	191.0
203.813	0.254	fixation	n/a	111.0	67.4	988.0	n/a	n/a	n/a	n/a
204.069	0.024	saccade	n/a	108.7	67.6	n/a	176.7	72.3	2.66	237.0
204.095	0.25	fixation	n/a	170.1	66.7	949.0	n/a	n/a	n/a	n/a
204.347	0.034	saccade	n/a	173.2	66.2	n/a	225.3	67.9	2.06	256.0
204.383	0.196	fixation	n/a	237.0	68.9	918.0	n/a	n/a	n/a	n/a
204.581	0.034	saccade	n/a	236.2	77.3	n/a	303.5	69.9	2.71	144.0
204.617	0.358	fixation	n/a	301.5	69.1	893.0	n/a	n/a	n/a	n/a
204.792	0.0	trigger_11	11	n/a	n/a	n/a	n/a	n/a	n/a	n/a
204.798	0.0	trigger_10	10	n/a	n/a	n/a	n/a	n/a	n/a	n/a
204.977	0.05	saccade	n/a	302.3	64.8	n/a	140.3	63.3	6.42	394.0
205.029	0.176	fixation	n/a	125.7	64.8	857.0	n/a	n/a	n/a	n/a
205.207	0.02	saccade	n/a	124.1	67.7	n/a	169.6	62.3	1.79	174.0
205.229	0.214	fixation	n/a	163.7	66.9	891.0	n/a	n/a	n/a	n/a
205.445	0.024	saccade	n/a	164.8	70.0	n/a	253.5	70.7	3.51	252.0
205.471	0.378	fixation	n/a	250.2	70.7	926.0	n/a	n/a	n/a	n/a
205.851	0.032	saccade	n/a	253.5	73.2	n/a	289.4	74.9	1.43	220.0
205.885	0.366	fixation	n/a	297.1	72.9	998.0	n/a	n/a	n/a	n/a
206.253	0.036	saccade	n/a	292.6	73.0	n/a	339.4	77.9	1.89	264.0
206.291	0.246	fixation	n/a	351.6	84.8	1069.0	n/a	n/a	n/a	n/a
206.539	0.014	saccade	n/a	349.4	96.2	n/a	329.1	106.9	0.93	82.0
206.555	0.588	fixation	n/a	331.0	97.7	1167.0	n/a	n/a	n/a	n/a
207.145	0.042	saccade	n/a	330.0	106.2	n/a	414.3	90.5	3.45	240.0
207.189	0.354	fixation	n/a	416.8	95.9	1226.0	n/a	n/a	n/a	n/a
207.545	0.034	saccade	n/a	418.8	97.5	n/a	463.9	97.9	1.81	263.0
207.581	0.198	fixation	n/a	482.3	92.1	1215.0	n/a	n/a	n/a	n/a
207.781	0.016	saccade	n/a	489.2	89.0	n/a	500.1	90.3	0.44	78.0
207.799	0.166	fixation	n/a	502.2	88.5	1198.0	n/a	n/a	n/a	n/a
207.967	0.076	saccade	n/a	505.0	87.2	n/a	105.3	144.0	15.87	529.0
208.045	0.37	fixation	n/a	97.7	144.4	1302.0	n/a	n/a	n/a	n/a
208.417	0.034	saccade	n/a	97.4	145.4	n/a	175.9	137.5	3.08	347.0
208.453	0.158	fixation	n/a	184.5	143.8	1365.0	n/a	n/a	n/a	n/a
208.613	0.01	saccade	n/a	186.7	150.7	n/a	206.9	148.5	0.8	87.0
208.625	0.19	fixation	n/a	210.4	145.4	1378.0	n/a	n/a	n/a	n/a
208.817	0.034	saccade	n/a	210.0	144.1	n/a	254.1	144.0	1.75	269.0
208.853	0.21	fixation	n/a	267.1	144.6	1375.0	n/a	n/a	n/a	n/a
209.065	0.022	saccade	n/a	263.5	151.5	n/a	357.7	147.1	3.78	294.0
209.089	0.224	fixation	n/a	374.5	143.9	1365.0	n/a	n/a	n/a	n/a
209.315	0.016	saccade	n/a	377.4	146.2	n/a	369.3	149.0	0.35	71.0
209.333	0.1	fixation	n/a	374.3	148.2	1343.0	n/a	n/a	n/a	n/a
209.435	0.034	saccade	n/a	373.7	149.1	n/a	436.0	147.3	2.51	299.0
209.471	0.268	fixation	n/a	447.2	148.3	1210.0	n/a	n/a	n/a	n/a
209.741	0.036	saccade	n/a	444.0	153.4	n/a	505.0	153.1	2.44	273.0
209.779	0.11	fixation	n/a	517.9	150.5	1126.0	n/a	n/a	n/a	n/a
209.891	0.034	saccade	n/a	519.7	151.4	n/a	558.0	152.7	1.53	242.0
209.927	0.084	fixation	n/a	572.0	151.8	1119.0	n/a	n/a	n/a	n/a
210.013	0.076	saccade	n/a	574.5	150.6	n/a	122.0	172.7	17.77	526.0
210.064	0.0	trigger_11	11	n/a	n/a	n/a	n/a	n/a	n/a	n/a
210.072	0.0	trigger_10	10	n/a	n/a	n/a	n/a	n/a	n/a	n/a
210.091	0.224	fixation	n/a	110.6	175.7	1205.0	n/a	n/a	n/a	n/a
210.317	0.036	saccade	n/a	110.8	174.7	n/a	117.8	110.9	2.57	266.0
210.355	0.072	fixation	n/a	118.5	103.7	1226.0	n/a	n/a	n/a	n/a
210.429	0.028	saccade	n/a	118.8	103.6	n/a	122.3	92.1	0.48	97.0
210.459	0.222	fixation	n/a	121.5	85.9	1233.0	n/a	n/a	n/a	n/a
210.683	0.03	saccade	n/a	121.6	87.8	n/a	165.4	90.0	1.71	210.0
210.715	0.16	fixation	n/a	172.7	89.9	1238.0	n/a	n/a	n/a	n/a
210.877	0.034	saccade	n/a	175.0	89.8	n/a	218.2	91.5	1.71	282.0
210.913	0.188	fixation	n/a	231.4	92.5	1255.0	n/a	n/a	n/a	n/a
211.103	0.022	saccade	n/a	229.3	100.8	n/a	277.8	100.2	1.93	176.0
211.127	0.18	fixation	n/a	269.5	97.6	1261.0	n/a	n/a	n/a	n/a
211.309	0.038	saccade	n/a	270.2	95.7	n/a	319.7	96.7	1.98	302.0
211.349	0.224	fixation	n/a	336.3	96.9	1252.0	n/a	n/a	n/a	n/a
211.575	0.034	saccade	n/a	338.5	98.7	n/a	378.9	99.1	1.63	228.0
211.611	0.152	fixation	n/a	390.6	101.8	1250.0	n/a	n/a	n/a	n/a
211.765	0.036	saccade	n/a	390.1	105.0	n/a	439.3	102.3	1.99	277.0
211.803	0.194	fixation	n/a	451.8	99.3	1225.0	n/a	n/a	n/a	n/a
211.999	0.01	saccade	n/a	454.4	98.8	n/a	473.5	101.7	0.78	83.0
212.011	0.116	fixation	n/a	469.2	103.3	1205.0	n/a	n/a	n/a	n/a
212.129	0.066	saccade	n/a	472.2	103.8	n/a	146.5	144.9	13.01	526.0
212.197	0.178	fixation	n/a	132.5	147.1	1227.0	n/a	n/a	n/a	n/a
212.377	0.03	saccade	n/a	132.4	146.1	n/a	114.7	152.8	0.74	159.0
212.409	0.046	fixation	n/a	108.9	158.6	1216.0	n/a	n/a	n/a	n/a
212.457	0.03	saccade	n/a	106.0	161.9	n/a	90.5	160.1	0.6	130.0
212.489	0.164	fixation	n/a	86.0	159.2	1211.0	n/a	n/a	n/a	n/a
212.655	0.034	saccade	n/a	85.6	158.0	n/a	201.2	145.8	4.53	380.0
212.691	0.314	fixation	n/a	214.4	142.1	1151.0	n/a	n/a	n/a	n/a
213.007	0.04	saccade	n/a	215.4	144.4	n/a	291.8	152.3	3.06	333.0
213.049	0.216	fixation	n/a	307.5	153.5	1099.0	n/a	n/a	n/a	n/a
213.267	0.006	saccade	n/a	306.2	153.1	n/a	298.6	153.0	0.3	47.0
213.275	0.162	fixation	n/a	300.0	152.4	1079.0	n/a	n/a	n/a	n/a
213.439	0.04	saccade	n/a	302.1	152.4	n/a	233.2	149.7	2.75	309.0
213.481	0.222	fixation	n/a	224.1	150.5	1071.0	n/a	n/a	n/a	n/a
213.705	0.022	saccade	n/a	224.2	156.5	n/a	294.5	153.1	2.8	225.0
213.729	0.206	fixation	n/a	302.1	152.4	1010.0	n/a	n/a	n/a	n/a
213.937	0.246	saccade	n/a	304.8	162.1	n/a	376.6	175.8	2.94	1007.0
213.965	0.168	blink	n/a	n/a	n/a	n/a	n/a	n/a	n/a	n/a
214.185	0.334	fixation	n/a	373.7	157.9	925.0	n/a	n/a	n/a	n/a
214.521	0.03	saccade	n/a	374.3	155.9	n/a	491.7	160.9	4.73	304.0
214.553	0.184	fixation	n/a	486.1	160.3	872.0	n/a	n/a	n/a	n/a
214.739	0.016	saccade	n/a	485.2	162.0	n/a	464.1	157.2	0.87	92.0
214.757	0.226	fixation	n/a	471.5	157.0	812.0	n/a	n/a	n/a	n/a
214.985	0.024	saccade	n/a	472.5	157.9	n/a	574.8	148.9	4.1	330.0
215.011	0.326	fixation	n/a	569.6	148.6	793.0	n/a	n/a	n/a	n/a
215.339	0.068	saccade	n/a	570.7	150.3	n/a	112.3	229.1	18.22	462.0
215.409	0.158	fixation	n/a	123.1	224.2	872.0	n/a	n/a	n/a	n/a
215.569	0.03	saccade	n/a	124.8	220.7	n/a	98.6	220.5	1.01	199.0
215.601	0.12	fixation	n/a	91.8	220.8	887.0	n/a	n/a	n/a	n/a
215.723	0.034	saccade	n/a	91.7	222.1	n/a	167.8	213.2	2.97	360.0
215.759	0.188	fixation	n/a	181.1	212.0	903.0	n/a	n/a	n/a	n/a
215.949	0.03	saccade	n/a	182.9	213.1	n/a	211.1	205.8	1.15	248.0
215.981	0.364	fixation	n/a	225.5	203.3	943.0	n/a	n/a	n/a	n/a
216.13	0.0	trigger_11	11	n/a	n/a	n/a	n/a	n/a	n/a	n/a
216.132	0.0	trigger_10	10	n/a	n/a	n/a	n/a	n/a	n/a	n/a
216.347	0.048	saccade	n/a	228.4	206.8	n/a	243.1	87.2	4.88	389.0
216.397	0.104	fixation	n/a	245.6	74.9	932.0	n/a	n/a	n/a	n/a
216.503	0.038	saccade	n/a	246.1	74.8	n/a	152.1	70.5	3.71	374.0
216.543	0.192	fixation	n/a	137.7	71.9	910.0	n/a	n/a	n/a	n/a
216.737	0.016	saccade	n/a	134.2	70.1	n/a	118.7	73.5	0.62	79.0
216.755	0.146	fixation	n/a	123.0	73.3	897.0	n/a	n/a	n/a	n/a
216.903	0.032	saccade	n/a	122.2	73.0	n/a	170.2	80.2	1.89	231.0
216.937	0.244	fixation	n/a	177.4	74.7	917.0	n/a	n/a	n/a	n/a
217.183	0.03	saccade	n/a	180.6	76.0	n/a	218.7	80.5	1.52	203.0
217.215	0.186	fixation	n/a	226.0	77.4	935.0	n/a	n/a	n/a	n/a
217.403	0.032	saccade	n/a	229.0	76.9	n/a	189.5	76.9	1.56	193.0
217.437	0.168	fixation	n/a	183.8	79.4	960.0	n/a	n/a	n/a	n/a
217.607	0.034	saccade	n/a	182.3	80.5	n/a	227.0	81.0	1.77	276.0
217.643	0.14	fixation	n/a	236.0	82.5	986.0	n/a	n/a	n/a	n/a
217.785	0.032	saccade	n/a	232.4	86.7	n/a	270.0	82.3	1.51	229.0
217.819	0.922	fixation	n/a	275.2	86.5	1016.0	n/a	n/a	n/a	n/a
218.538	0.0	trigger_11	11	n/a	n/a	n/a	n/a	n/a	n/a	n/a
218.542	0.0	trigger_10	10	n/a	n/a	n/a	n/a	n/a	n/a	n/a
218.743	0.048	saccade	n/a	279.1	83.5	n/a	145.0	68.8	5.33	388.0
218.793	0.202	fixation	n/a	133.2	69.5	978.0	n/a	n/a	n/a	n/a
218.997	0.034	saccade	n/a	131.3	68.0	n/a	188.6	76.0	2.27	262.0
219.033	0.282	fixation	n/a	204.7	69.7	971.0	n/a	n/a	n/a	n/a
219.317	0.02	saccade	n/a	211.0	68.1	n/a	272.4	77.0	2.47	191.0
219.339	0.172	fixation	n/a	280.7	75.1	913.0	n/a	n/a	n/a	n/a
219.513	0.022	saccade	n/a	282.3	72.9	n/a	348.1	79.7	2.65	234.0
219.537	0.158	fixation	n/a	337.3	79.1	870.0	n/a	n/a	n/a	n/a
219.697	0.024	saccade	n/a	337.4	78.2	n/a	394.7	82.6	2.31	198.0
219.723	0.228	fixation	n/a	384.2	77.4	853.0	n/a	n/a	n/a	n/a
219.953	0.038	saccade	n/a	383.2	77.1	n/a	443.4	69.8	2.45	278.0
219.993	0.214	fixation	n/a	455.7	70.2	873.0	n/a	n/a	n/a	n/a
220.209	0.04	saccade	n/a	455.0	73.3	n/a	529.9	75.1	3.0	307.0
220.251	0.138	fixation	n/a	540.9	80.7	905.0	n/a	n/a	n/a	n/a
220.391	0.074	saccade	n/a	543.4	81.1	n/a	132.7	144.4	16.37	555.0
220.467	0.234	fixation	n/a	124.1	147.0	1017.0	n/a	n/a	n/a	n/a
220.703	0.024	saccade	n/a	125.3	146.1	n/a	211.3	149.5	3.38	244.0
220.729	0.22	fixation	n/a	206.7	148.1	1057.0	n/a	n/a	n/a	n/a
220.951	0.034	saccade	n/a	208.3	148.1	n/a	258.4	149.0	1.99	232.0
220.987	0.134	fixation	n/a	267.1	149.6	1046.0	n/a	n/a	n/a	n/a
221.123	0.036	saccade	n/a	267.8	151.7	n/a	325.3	146.9	2.31	298.0
221.161	0.248	fixation	n/a	339.1	144.3	1018.0	n/a	n/a	n/a	n/a
221.411	0.036	saccade	n/a	340.9	147.6	n/a	401.6	144.0	2.45	280.0
221.449	0.178	fixation	n/a	412.8	147.3	989.0	n/a	n/a	n/a	n/a
221.629	0.04	saccade	n/a	413.7	149.0	n/a	484.2	143.9	2.84	308.0
221.671	0.174	fixation	n/a	498.6	144.4	959.0	n/a	n/a	n/a	n/a
221.847	0.028	saccade	n/a	498.5	146.8	n/a	529.3	148.5	1.24	168.0
221.877	0.218	fixation	n/a	532.6	148.4	956.0	n/a	n/a	n/a	n/a
221.914	0.0	trigger_11	11	n/a	n/a	n/a	n/a	n/a	n/a	n/a
221.926	0.0	trigger_10	10	n/a	n/a	n/a	n/a	n/a	n/a	n/a
222.097	0.068	saccade	n/a	533.3	149.0	n/a	190.8	70.2	13.96	539.0
222.167	0.142	fixation	n/a	180.8	75.0	932.0	n/a	n/a	n/a	n/a
222.311	0.032	saccade	n/a	179.9	74.7	n/a	145.0	75.5	1.37	205.0
222.345	0.154	fixation	n/a	137.4	76.0	939.0	n/a	n/a	n/a	n/a
222.501	0.03	saccade	n/a	135.3	77.8	n/a	170.9	76.7	1.39	215.0
222.533	0.122	fixation	n/a	178.4	79.8	967.0	n/a	n/a	n/a	n/a
222.657	0.026	saccade	n/a	179.8	84.5	n/a	251.8	80.7	2.86	269.0
222.685	0.18	fixation	n/a	245.0	77.8	954.0	n/a	n/a	n/a	n/a
222.867	0.03	saccade	n/a	244.1	76.9	n/a	273.3	84.1	1.2	182.0
222.899	0.238	fixation	n/a	279.3	80.3	928.0	n/a	n/a	n/a	n/a
223.139	0.022	saccade	n/a	280.0	78.5	n/a	327.9	81.7	1.92	181.0
223.163	0.152	fixation	n/a	320.0	81.0	884.0	n/a	n/a	n/a	n/a
223.317	0.032	saccade	n/a	319.6	81.1	n/a	378.3	90.1	2.39	258.0
223.351	0.26	fixation	n/a	386.8	86.0	864.0	n/a	n/a	n/a	n/a
223.613	0.024	saccade	n/a	388.1	86.6	n/a	485.1	86.3	3.9	310.0
223.639	0.288	fixation	n/a	479.5	84.2	834.0	n/a	n/a	n/a	n/a
223.929	0.03	saccade	n/a	480.2	84.3	n/a	508.3	85.9	1.13	175.0
223.961	0.074	fixation	n/a	512.1	86.2	838.0	n/a	n/a	n/a	n/a
224.037	0.068	saccade	n/a	512.6	87.0	n/a	150.0	143.6	14.51	526.0
224.107	0.19	fixation	n/a	136.2	147.2	887.0	n/a	n/a	n/a	n/a
224.299	0.024	saccade	n/a	136.6	150.4	n/a	107.3	148.2	1.14	146.0
224.325	0.19	fixation	n/a	110.2	150.5	907.0	n/a	n/a	n/a	n/a
224.517	0.038	saccade	n/a	107.3	152.5	n/a	177.5	157.2	2.74	308.0
224.557	0.138	fixation	n/a	192.2	156.3	905.0	n/a	n/a	n/a	n/a
224.697	0.038	saccade	n/a	192.7	153.5	n/a	257.5	152.7	2.57	290.0
224.737	0.186	fixation	n/a	271.1	152.2	913.0	n/a	n/a	n/a	n/a
224.925	0.036	saccade	n/a	271.9	153.1	n/a	320.9	157.0	1.97	242.0
224.963	0.18	fixation	n/a	332.0	157.3	923.0	n/a	n/a	n/a	n/a
225.145	0.03	saccade	n/a	333.0	155.7	n/a	374.2	155.2	1.66	223.0
225.177	0.204	fixation	n/a	381.6	153.3	888.0	n/a	n/a	n/a	n/a
225.383	0.034	saccade	n/a	384.1	154.8	n/a	439.2	152.2	2.22	243.0
225.419	0.228	fixation	n/a	449.2	152.7	839.0	n/a	n/a	n/a	n/a
225.649	0.022	saccade	n/a	449.9	154.2	n/a	502.1	148.6	2.1	186.0
225.673	0.18	fixation	n/a	494.8	151.6	821.0	n/a	n/a	n/a	n/a
225.855	0.032	saccade	n/a	495.1	152.4	n/a	550.5	149.0	2.22	246.0
225.889	0.176	fixation	n/a	557.9	146.5	844.0	n/a	n/a	n/a	n/a
226.067	0.056	saccade	n/a	559.0	145.6	n/a	244.5	69.3	12.91	519.0
226.125	0.458	fixation	n/a	246.3	69.5	878.0	n/a	n/a	n/a	n/a
226.338	0.0	trigger_11	11	n/a	n/a	n/a	n/a	n/a	n/a	n/a
226.344	0.0	trigger_10	10	n/a	n/a	n/a	n/a	n/a	n/a	n/a
226.585	0.044	saccade	n/a	247.0	77.0	n/a	151.4	60.7	3.83	372.0
226.631	0.286	fixation	n/a	136.8	65.3	925.0	n/a	n/a	n/a	n/a
226.919	0.022	saccade	n/a	136.1	73.3	n/a	187.6	79.7	2.03	195.0
226.943	0.296	fixation	n/a	180.5	74.4	921.0	n/a	n/a	n/a	n/a
227.241	0.026	saccade	n/a	177.0	75.3	n/a	237.0	72.8	2.38	217.0
227.269	0.2	fixation	n/a	231.3	75.8	896.0	n/a	n/a	n/a	n/a
227.471	0.016	saccade	n/a	232.3	83.7	n/a	263.0	104.9	1.5	127.0
227.489	0.23	fixation	n/a	273.3	104.1	912.0	n/a	n/a	n/a	n/a
227.721	0.016	saccade	n/a	274.0	102.6	n/a	304.7	81.1	1.51	127.0
227.739	0.186	fixation	n/a	299.5	84.5	879.0	n/a	n/a	n/a	n/a
227.927	0.034	saccade	n/a	300.0	81.1	n/a	348.9	85.0	1.97	248.0
227.963	0.276	fixation	n/a	361.0	83.4	848.0	n/a	n/a	n/a	n/a
228.241	0.032	saccade	n/a	360.5	83.4	n/a	391.4	84.6	1.25	201.0
228.275	0.204	fixation	n/a	397.7	81.7	863.0	n/a	n/a	n/a	n/a
228.481	0.028	saccade	n/a	396.7	81.9	n/a	431.7	81.4	1.41	188.0
228.511	0.142	fixation	n/a	434.0	79.8	859.0	n/a	n/a	n/a	n/a
228.655	0.036	saccade	n/a	434.3	79.6	n/a	484.1	80.8	2.0	244.0
228.693	0.202	fixation	n/a	493.3	78.4	865.0	n/a	n/a	n/a	n/a
228.897	0.02	saccade	n/a	492.5	87.9	n/a	558.4	85.3	2.64	219.0
228.919	0.154	fixation	n/a	565.8	77.0	870.0	n/a	n/a	n/a	n/a
229.075	0.086	saccade	n/a	570.2	77.8	n/a	111.9	132.0	18.1	522.0
229.163	0.208	fixation	n/a	106.8	132.5	921.0	n/a	n/a	n/a	n/a
229.373	0.032	saccade	n/a	108.8	131.3	n/a	153.8	145.6	1.84	248.0
229.407	0.314	fixation	n/a	165.4	146.0	960.0	n/a	n/a	n/a	n/a
229.723	0.01	saccade	n/a	166.5	147.8	n/a	146.6	150.4	0.79	84.0
229.735	0.246	fixation	n/a	151.5	147.3	973.0	n/a	n/a	n/a	n/a
229.983	0.04	saccade	n/a	150.9	146.7	n/a	243.8	145.3	3.67	362.0
230.025	0.504	fixation	n/a	261.8	142.9	1009.0	n/a	n/a	n/a	n/a
230.531	0.034	saccade	n/a	263.7	151.9	n/a	331.0	149.8	2.69	136.0
230.567	0.254	fixation	n/a	323.9	148.0	1077.0	n/a	n/a	n/a	n/a
230.823	0.026	saccade	n/a	325.0	149.7	n/a	428.3	143.2	4.17	311.0
230.851	0.606	fixation	n/a	423.2	147.6	1051.0	n/a	n/a	n/a	n/a
231.459	0.038	saccade	n/a	423.9	149.5	n/a	487.2	151.9	2.55	213.0
231.499	0.322	fixation	n/a	500.3	147.9	1014.0	n/a	n/a	n/a	n/a
231.823	0.04	saccade	n/a	502.5	149.0	n/a	582.2	147.8	3.18	246.0
231.865	0.13	fixation	n/a	594.9	147.2	990.0	n/a	n/a	n/a	n/a
231.997	0.082	saccade	n/a	596.7	146.9	n/a	105.2	208.0	19.36	564.0
232.081	0.166	fixation	n/a	90.9	208.3	1040.0	n/a	n/a	n/a	n/a
232.249	0.05	saccade	n/a	90.6	208.1	n/a	170.0	85.0	5.82	389.0
232.301	0.234	fixation	n/a	177.3	78.3	1046.0	n/a	n/a	n/a	n/a
232.33	0.0	trigger_11	11	n/a	n/a	n/a	n/a	n/a	n/a	n/a
232.336	0.0	trigger_10	10	n/a	n/a	n/a	n/a	n/a	n/a	n/a
232.537	0.032	saccade	n/a	180.0	82.9	n/a	154.2	83.1	1.01	201.0
232.571	0.18	fixation	n/a	143.8	82.8	1055.0	n/a	n/a	n/a	n/a
232.753	0.038	saccade	n/a	143.0	81.1	n/a	215.2	77.6	2.85	354.0
232.793	0.162	fixation	n/a	231.2	75.3	1033.0	n/a	n/a	n/a	n/a
232.957	0.022	saccade	n/a	233.3	75.7	n/a	206.9	79.0	1.05	120.0
232.981	0.22	fixation	n/a	212.0	78.0	1004.0	n/a	n/a	n/a	n/a
233.203	0.032	saccade	n/a	211.7	78.7	n/a	259.1	79.4	1.88	245.0
233.237	0.234	fixation	n/a	266.2	78.3	1008.0	n/a	n/a	n/a	n/a
233.473	0.036	saccade	n/a	268.0	75.0	n/a	321.3	80.1	2.15	293.0
233.511	0.43	fixation	n/a	335.7	82.6	1005.0	n/a	n/a	n/a	n/a
233.943	0.038	saccade	n/a	335.1	80.7	n/a	393.9	83.5	2.37	237.0
233.983	0.23	fixation	n/a	404.4	83.1	958.0	n/a	n/a	n/a	n/a
234.215	0.008	saccade	n/a	402.9	82.9	n/a	390.8	81.0	0.49	59.0
234.225	0.222	fixation	n/a	395.3	81.0	943.0	n/a	n/a	n/a	n/a
234.449	0.028	saccade	n/a	395.6	79.9	n/a	528.7	85.0	5.35	366.0
234.479	0.37	fixation	n/a	529.3	83.0	908.0	n/a	n/a	n/a	n/a
234.851	0.016	saccade	n/a	531.5	88.9	n/a	496.0	82.3	1.45	116.0
234.869	0.176	fixation	n/a	500.5	82.1	872.0	n/a	n/a	n/a	n/a
235.047	0.034	saccade	n/a	502.2	82.4	n/a	607.6	79.6	4.18	348.0
235.083	0.204	fixation	n/a	622.1	73.9	827.0	n/a	n/a	n/a	n/a
235.289	0.076	saccade	n/a	624.2	72.7	n/a	162.3	129.1	18.29	500.0
235.367	0.132	fixation	n/a	151.0	134.3	907.0	n/a	n/a	n/a	n/a
235.501	0.034	saccade	n/a	153.8	136.1	n/a	112.6	136.5	1.6	261.0
235.537	0.208	fixation	n/a	101.2	138.9	957.0	n/a	n/a	n/a	n/a
235.747	0.034	saccade	n/a	98.7	141.3	n/a	161.4	140.5	2.44	283.0
235.783	0.448	fixation	n/a	174.9	140.2	1007.0	n/a	n/a	n/a	n/a
236.233	0.028	saccade	n/a	175.0	137.9	n/a	215.7	137.7	1.61	226.0
236.263	0.242	fixation	n/a	218.5	138.6	1021.0	n/a	n/a	n/a	n/a
236.507	0.036	saccade	n/a	215.6	140.0	n/a	261.6	140.8	1.83	255.0
236.545	0.206	fixation	n/a	274.3	140.7	1039.0	n/a	n/a	n/a	n/a
236.753	0.034	saccade	n/a	273.8	142.5	n/a	326.1	143.1	2.1	302.0
236.789	0.304	fixation	n/a	339.4	143.6	1082.0	n/a	n/a	n/a	n/a
237.095	0.028	saccade	n/a	340.2	145.4	n/a	190.7	79.0	6.53	415.0
237.125	0.834	fixation	n/a	191.1	80.1	1062.0	n/a	n/a	n/a	n/a
237.356	0.0	trigger_11	11	n/a	n/a	n/a	n/a	n/a	n/a	n/a
237.358	0.0	trigger_18	18	n/a	n/a	n/a	n/a	n/a	n/a	n/a
237.961	0.02	saccade	n/a	196.8	81.9	n/a	258.4	107.6	2.66	219.0
237.983	0.314	fixation	n/a	283.0	120.0	1043.0	n/a	n/a	n/a	n/a
238.299	0.042	saccade	n/a	286.9	118.8	n/a	200.5	135.3	3.5	312.0
238.343	0.27	fixation	n/a	189.4	139.8	969.0	n/a	n/a	n/a	n/a
238.615	0.034	saccade	n/a	188.8	138.5	n/a	149.2	145.9	1.58	216.0
238.651	0.232	fixation	n/a	140.4	146.6	894.0	n/a	n/a	n/a	n/a
238.885	0.022	saccade	n/a	139.2	145.4	n/a	115.8	100.2	2.03	168.0
238.909	0.158	fixation	n/a	124.6	86.2	878.0	n/a	n/a	n/a	n/a
239.069	0.014	saccade	n/a	126.1	84.0	n/a	137.9	54.8	1.26	112.0
239.085	0.28	fixation	n/a	139.3	63.9	895.0	n/a	n/a	n/a	n/a
239.367	0.03	saccade	n/a	140.7	65.0	n/a	209.1	63.6	2.69	270.0
239.399	0.266	fixation	n/a	214.5	63.9	903.0	n/a	n/a	n/a	n/a
239.667	0.032	saccade	n/a	216.1	62.6	n/a	271.0	66.0	2.19	260.0
239.701	0.17	fixation	n/a	278.9	66.4	922.0	n/a	n/a	n/a	n/a
