onset	duration	trial_type	value	gaze_x	gaze_y	pupil_size	sacc_endx	sacc_endy	sacc_amplitude	sacc_peakvel
2.014	0.226	fixation	n/a	391.5	286.4	920.0	n/a	n/a	n/a	n/a
2.046	0.0	trigger_101	101	n/a	n/a	n/a	n/a	n/a	n/a	n/a
2.048	0.0	trigger_19	19	n/a	n/a	n/a	n/a	n/a	n/a	n/a
2.054	0.0	trigger_10	10	n/a	n/a	n/a	n/a	n/a	n/a	n/a
2.242	0.016	saccade	n/a	390.7	285.8	n/a	410.8	310.5	1.27	122.0
2.26	0.816	fixation	n/a	411.6	321.0	669.0	n/a	n/a	n/a	n/a
3.078	0.006	saccade	n/a	412.0	321.0	n/a	421.0	320.0	0.36	54.0
3.086	0.666	fixation	n/a	420.6	318.2	717.0	n/a	n/a	n/a	n/a
3.754	0.08	saccade	n/a	418.3	318.3	n/a	58.7	491.9	15.32	337.0
3.836	0.3	fixation	n/a	49.0	485.6	782.0	n/a	n/a	n/a	n/a
4.138	0.06	saccade	n/a	51.6	486.0	n/a	376.7	313.4	14.12	366.0
4.2	0.07	fixation	n/a	376.1	313.9	685.0	n/a	n/a	n/a	n/a
4.272	0.04	saccade	n/a	379.3	314.5	n/a	303.9	96.2	9.32	432.0
4.314	0.12	fixation	n/a	301.4	90.6	692.0	n/a	n/a	n/a	n/a
4.436	0.028	saccade	n/a	302.8	93.3	n/a	183.2	87.0	4.76	256.0
4.466	0.132	fixation	n/a	169.7	90.1	741.0	n/a	n/a	n/a	n/a
4.6	0.016	saccade	n/a	168.4	90.9	n/a	131.0	88.2	1.46	126.0
4.618	0.338	fixation	n/a	129.2	90.2	797.0	n/a	n/a	n/a	n/a
4.958	0.022	saccade	n/a	124.8	89.8	n/a	181.3	90.3	2.21	149.0
4.982	0.28	fixation	n/a	185.7	90.9	768.0	n/a	n/a	n/a	n/a
5.264	0.008	saccade	n/a	184.6	88.6	n/a	173.8	91.2	0.44	53.0
5.274	0.128	fixation	n/a	175.8	90.6	794.0	n/a	n/a	n/a	n/a
5.404	0.018	saccade	n/a	176.5	91.2	n/a	226.4	91.8	1.97	145.0
5.424	0.192	fixation	n/a	241.8	92.4	844.0	n/a	n/a	n/a	n/a
5.618	0.014	saccade	n/a	245.5	91.7	n/a	273.5	91.7	1.12	94.0
5.634	0.126	fixation	n/a	274.3	91.4	875.0	n/a	n/a	n/a	n/a
5.762	0.122	saccade	n/a	274.8	92.8	n/a	310.7	107.6	1.56	667.0
5.798	0.0	trigger_11	11	n/a	n/a	n/a	n/a	n/a	n/a	n/a
5.802	0.0	trigger_10	10	n/a	n/a	n/a	n/a	n/a	n/a	n/a
5.812	0.036	blink	n/a	n/a	n/a	n/a	n/a	n/a	n/a	n/a
5.886	0.156	fixation	n/a	311.0	90.0	871.0	n/a	n/a	n/a	n/a
6.044	0.018	saccade	n/a	310.8	89.4	n/a	357.6	94.1	1.89	136.0
6.064	0.272	fixation	n/a	360.2	94.6	845.0	n/a	n/a	n/a	n/a
6.338	0.022	saccade	n/a	359.1	97.1	n/a	421.0	94.5	2.5	172.0
6.362	0.486	fixation	n/a	421.9	93.7	892.0	n/a	n/a	n/a	n/a
6.85	0.02	saccade	n/a	417.5	93.8	n/a	473.8	94.1	2.27	159.0
6.872	0.294	fixation	n/a	474.7	95.3	858.0	n/a	n/a	n/a	n/a
7.168	0.012	saccade	n/a	477.1	94.1	n/a	497.3	95.1	0.81	76.0
7.182	0.178	fixation	n/a	494.4	96.6	852.0	n/a	n/a	n/a	n/a
7.362	0.012	saccade	n/a	494.3	97.9	n/a	519.3	97.8	1.0	96.0
7.376	0.188	fixation	n/a	520.6	101.5	810.0	n/a	n/a	n/a	n/a
7.566	0.058	saccade	n/a	521.4	101.1	n/a	181.0	95.8	13.51	374.0
7.626	0.156	fixation	n/a	187.8	95.3	824.0	n/a	n/a	n/a	n/a
7.784	0.014	saccade	n/a	186.8	95.3	n/a	156.1	94.3	1.21	104.0
7.8	0.256	fixation	n/a	155.6	96.5	874.0	n/a	n/a	n/a	n/a
8.058	0.01	saccade	n/a	155.2	97.3	n/a	137.6	95.3	0.69	71.0
8.07	0.154	fixation	n/a	138.3	97.3	929.0	n/a	n/a	n/a	n/a
8.226	0.016	saccade	n/a	140.0	96.5	n/a	178.7	94.3	1.52	108.0
8.244	0.216	fixation	n/a	181.7	93.8	912.0	n/a	n/a	n/a	n/a
8.462	0.01	saccade	n/a	183.9	91.2	n/a	201.8	93.7	0.71	73.0
8.474	0.17	fixation	n/a	202.9	92.7	843.0	n/a	n/a	n/a	n/a
8.646	0.026	saccade	n/a	202.3	95.3	n/a	279.2	91.3	3.06	182.0
8.674	0.256	fixation	n/a	273.7	95.0	828.0	n/a	n/a	n/a	n/a
8.932	0.022	saccade	n/a	273.5	96.0	n/a	336.4	87.5	2.54	177.0
8.956	0.224	fixation	n/a	335.8	89.6	856.0	n/a	n/a	n/a	n/a
9.046	0.0	trigger_11	11	n/a	n/a	n/a	n/a	n/a	n/a	n/a
9.048	0.0	trigger_10	10	n/a	n/a	n/a	n/a	n/a	n/a	n/a
9.182	0.016	saccade	n/a	336.5	91.9	n/a	367.4	88.4	1.25	101.0
9.2	0.236	fixation	n/a	372.4	87.5	851.0	n/a	n/a	n/a	n/a
9.438	0.022	saccade	n/a	374.1	87.7	n/a	298.2	86.5	3.05	199.0
9.462	0.214	fixation	n/a	284.7	88.2	837.0	n/a	n/a	n/a	n/a
9.678	0.022	saccade	n/a	283.4	88.3	n/a	342.2	85.7	2.36	151.0
9.702	0.164	fixation	n/a	360.6	86.1	843.0	n/a	n/a	n/a	n/a
9.868	0.012	saccade	n/a	363.5	85.2	n/a	388.4	82.9	1.01	99.0
9.882	0.23	fixation	n/a	389.4	82.9	843.0	n/a	n/a	n/a	n/a
10.114	0.022	saccade	n/a	387.1	86.3	n/a	449.7	85.1	2.52	143.0
10.138	0.246	fixation	n/a	453.3	88.4	861.0	n/a	n/a	n/a	n/a
10.386	0.028	saccade	n/a	448.9	90.1	n/a	507.7	92.0	2.36	124.0
10.416	0.17	fixation	n/a	501.7	93.9	861.0	n/a	n/a	n/a	n/a
10.588	0.04	saccade	n/a	501.8	95.2	n/a	316.9	89.4	7.43	342.0
10.63	0.148	fixation	n/a	321.1	92.4	876.0	n/a	n/a	n/a	n/a
10.78	0.038	saccade	n/a	319.9	91.7	n/a	151.3	89.9	6.68	294.0
10.82	0.594	fixation	n/a	152.0	97.6	899.0	n/a	n/a	n/a	n/a
11.416	0.018	saccade	n/a	151.1	102.0	n/a	195.8	92.6	1.8	130.0
11.436	0.206	fixation	n/a	215.7	93.8	926.0	n/a	n/a	n/a	n/a
11.644	0.012	saccade	n/a	217.7	91.7	n/a	245.6	93.2	1.11	103.0
11.658	0.422	fixation	n/a	249.2	95.5	931.0	n/a	n/a	n/a	n/a
12.082	0.034	saccade	n/a	248.4	99.4	n/a	350.7	92.7	4.11	182.0
12.118	0.314	fixation	n/a	348.6	93.4	917.0	n/a	n/a	n/a	n/a
12.39	0.0	trigger_11	11	n/a	n/a	n/a	n/a	n/a	n/a	n/a
12.396	0.0	trigger_10	10	n/a	n/a	n/a	n/a	n/a	n/a	n/a
12.434	0.012	saccade	n/a	352.3	94.2	n/a	378.6	91.9	1.06	102.0
12.448	0.294	fixation	n/a	383.8	93.4	891.0	n/a	n/a	n/a	n/a
12.744	0.02	saccade	n/a	385.2	94.3	n/a	438.5	96.5	2.15	166.0
12.766	0.218	fixation	n/a	457.0	95.0	848.0	n/a	n/a	n/a	n/a
12.986	0.018	saccade	n/a	455.4	93.1	n/a	499.9	91.4	1.79	131.0
13.006	0.252	fixation	n/a	501.4	94.2	800.0	n/a	n/a	n/a	n/a
13.26	0.018	saccade	n/a	497.0	93.4	n/a	450.1	88.4	1.89	124.0
13.28	0.166	fixation	n/a	439.9	88.1	794.0	n/a	n/a	n/a	n/a
13.448	0.022	saccade	n/a	438.0	85.9	n/a	492.9	87.8	2.21	143.0
13.472	0.284	fixation	n/a	503.2	93.8	795.0	n/a	n/a	n/a	n/a
13.758	0.018	saccade	n/a	502.1	96.9	n/a	540.5	101.1	1.55	116.0
13.778	0.166	fixation	n/a	537.7	100.9	822.0	n/a	n/a	n/a	n/a
13.946	0.068	saccade	n/a	538.0	100.3	n/a	167.2	152.9	14.81	434.0
14.016	0.15	fixation	n/a	156.1	154.5	871.0	n/a	n/a	n/a	n/a
14.168	0.01	saccade	n/a	154.0	154.2	n/a	132.8	152.4	0.83	90.0
14.18	0.178	fixation	n/a	130.1	154.3	868.0	n/a	n/a	n/a	n/a
14.36	0.022	saccade	n/a	128.2	154.2	n/a	148.2	91.5	2.64	180.0
14.384	0.474	fixation	n/a	155.9	99.1	844.0	n/a	n/a	n/a	n/a
14.86	0.084	saccade	n/a	163.5	102.3	n/a	275.6	131.4	4.59	632.0
14.946	0.148	fixation	n/a	277.5	102.5	830.0	n/a	n/a	n/a	n/a
15.096	0.018	saccade	n/a	277.4	97.0	n/a	324.5	95.3	1.89	152.0
15.116	0.178	fixation	n/a	331.4	94.0	777.0	n/a	n/a	n/a	n/a
15.296	0.086	saccade	n/a	334.4	107.2	n/a	353.7	109.8	0.78	849.0
15.32	0.032	blink	n/a	n/a	n/a	n/a	n/a	n/a	n/a	n/a
15.384	0.224	fixation	n/a	349.8	91.8	744.0	n/a	n/a	n/a	n/a
15.61	0.026	saccade	n/a	347.4	89.2	n/a	417.4	87.7	2.82	155.0
15.638	0.218	fixation	n/a	418.2	85.0	706.0	n/a	n/a	n/a	n/a
15.858	0.01	saccade	n/a	420.1	86.1	n/a	441.7	87.3	0.87	98.0
15.87	0.194	fixation	n/a	442.0	87.7	719.0	n/a	n/a	n/a	n/a
16.066	0.032	saccade	n/a	440.4	87.6	n/a	345.4	85.1	3.82	193.0
16.1	0.124	fixation	n/a	345.5	86.7	757.0	n/a	n/a	n/a	n/a
16.226	0.032	saccade	n/a	344.5	84.4	n/a	449.2	85.8	4.21	219.0
16.26	0.3	fixation	n/a	445.4	86.9	785.0	n/a	n/a	n/a	n/a
16.562	0.024	saccade	n/a	443.1	87.3	n/a	505.5	89.9	2.51	172.0
16.588	0.198	fixation	n/a	519.2	93.5	788.0	n/a	n/a	n/a	n/a
16.788	0.014	saccade	n/a	519.2	93.7	n/a	492.9	95.0	1.06	88.0
16.804	0.206	fixation	n/a	498.5	96.6	777.0	n/a	n/a	n/a	n/a
17.012	0.018	saccade	n/a	499.9	95.1	n/a	544.9	92.4	1.8	149.0
17.032	0.122	fixation	n/a	546.7	97.1	771.0	n/a	n/a	n/a	n/a
17.156	0.066	saccade	n/a	546.5	98.4	n/a	175.0	101.4	14.71	433.0
17.224	0.112	fixation	n/a	165.8	100.5	790.0	n/a	n/a	n/a	n/a
17.338	0.014	saccade	n/a	162.6	99.4	n/a	133.2	95.7	1.16	101.0
17.354	0.296	fixation	n/a	134.8	95.2	794.0	n/a	n/a	n/a	n/a
17.652	0.066	saccade	n/a	135.0	93.2	n/a	500.5	87.8	14.45	433.0
17.72	0.154	fixation	n/a	509.9	91.1	792.0	n/a	n/a	n/a	n/a
17.876	0.02	saccade	n/a	507.2	90.8	n/a	538.9	95.8	1.28	128.0
17.898	0.146	fixation	n/a	534.1	96.0	784.0	n/a	n/a	n/a	n/a
18.046	0.01	saccade	n/a	536.8	96.8	n/a	553.7	97.5	0.68	70.0
18.058	0.286	fixation	n/a	553.9	98.2	782.0	n/a	n/a	n/a	n/a
18.346	0.018	saccade	n/a	554.0	98.6	n/a	596.9	102.8	1.71	115.0
18.366	0.084	fixation	n/a	593.5	106.1	766.0	n/a	n/a	n/a	n/a
18.452	0.062	saccade	n/a	594.1	106.2	n/a	144.4	151.8	17.77	429.0
18.516	0.152	fixation	n/a	151.9	153.6	811.0	n/a	n/a	n/a	n/a
18.67	0.006	saccade	n/a	147.7	156.5	n/a	139.5	156.9	0.32	50.0
18.678	0.164	fixation	n/a	139.0	155.6	829.0	n/a	n/a	n/a	n/a
18.844	0.02	saccade	n/a	140.2	157.8	n/a	201.2	154.6	2.4	172.0
18.866	0.354	fixation	n/a	205.1	157.1	806.0	n/a	n/a	n/a	n/a
19.222	0.034	saccade	n/a	206.5	159.0	n/a	306.3	155.1	3.98	150.0
19.258	0.286	fixation	n/a	307.5	153.7	769.0	n/a	n/a	n/a	n/a
19.546	0.024	saccade	n/a	308.4	154.0	n/a	389.8	148.8	3.28	188.0
19.572	0.394	fixation	n/a	405.0	149.1	728.0	n/a	n/a	n/a	n/a
19.968	0.022	saccade	n/a	402.9	150.8	n/a	461.8	153.9	2.37	147.0
19.992	0.21	fixation	n/a	463.6	150.8	729.0	n/a	n/a	n/a	n/a
20.204	0.016	saccade	n/a	464.3	150.9	n/a	504.3	147.0	1.61	135.0
20.222	0.314	fixation	n/a	513.9	148.8	721.0	n/a	n/a	n/a	n/a
20.538	0.012	saccade	n/a	515.4	151.9	n/a	538.3	154.3	0.92	84.0
20.552	0.08	fixation	n/a	534.8	155.9	721.0	n/a	n/a	n/a	n/a
20.634	0.064	saccade	n/a	534.9	156.3	n/a	138.5	220.2	15.82	394.0
20.7	0.242	fixation	n/a	140.5	220.7	726.0	n/a	n/a	n/a	n/a
20.944	0.02	saccade	n/a	137.1	222.4	n/a	198.0	215.4	2.4	173.0
20.95	0.0	trigger_11	11	n/a	n/a	n/a	n/a	n/a	n/a	n/a
20.956	0.0	trigger_10	10	n/a	n/a	n/a	n/a	n/a	n/a	n/a
20.966	0.256	fixation	n/a	210.7	216.1	748.0	n/a	n/a	n/a	n/a
21.224	0.014	saccade	n/a	211.5	218.6	n/a	251.0	214.2	1.57	148.0
21.24	0.218	fixation	n/a	264.8	216.9	734.0	n/a	n/a	n/a	n/a
21.46	0.01	saccade	n/a	265.0	216.8	n/a	283.5	218.3	0.74	81.0
21.472	0.192	fixation	n/a	286.7	217.7	729.0	n/a	n/a	n/a	n/a
21.666	0.04	saccade	n/a	286.9	215.6	n/a	372.9	217.9	3.45	134.0
21.708	0.154	fixation	n/a	366.0	215.7	724.0	n/a	n/a	n/a	n/a
21.864	0.008	saccade	n/a	363.2	214.2	n/a	353.5	212.3	0.4	50.0
21.874	0.196	fixation	n/a	350.6	214.5	719.0	n/a	n/a	n/a	n/a
22.072	0.024	saccade	n/a	349.0	214.9	n/a	415.6	212.2	2.68	180.0
22.098	0.544	fixation	n/a	414.2	212.8	708.0	n/a	n/a	n/a	n/a
22.644	0.05	saccade	n/a	414.3	212.0	n/a	187.1	94.6	10.21	351.0
22.696	0.148	fixation	n/a	189.4	92.1	756.0	n/a	n/a	n/a	n/a
22.846	0.018	saccade	n/a	189.1	92.4	n/a	153.0	82.1	1.48	126.0
22.866	0.452	fixation	n/a	154.1	89.7	801.0	n/a	n/a	n/a	n/a
23.32	0.012	saccade	n/a	156.6	95.9	n/a	175.1	98.2	0.73	74.0
23.334	0.34	fixation	n/a	171.8	98.6	833.0	n/a	n/a	n/a	n/a
23.676	0.01	saccade	n/a	171.0	99.7	n/a	188.2	96.9	0.69	71.0
23.688	0.154	fixation	n/a	191.8	98.2	794.0	n/a	n/a	n/a	n/a
23.844	0.026	saccade	n/a	190.5	97.0	n/a	279.2	95.4	3.52	224.0
23.872	0.226	fixation	n/a	281.3	92.4	793.0	n/a	n/a	n/a	n/a
24.1	0.036	saccade	n/a	280.7	93.5	n/a	398.8	87.9	4.75	244.0
24.138	0.572	fixation	n/a	390.2	86.7	797.0	n/a	n/a	n/a	n/a
24.712	0.016	saccade	n/a	385.4	85.9	n/a	423.0	85.2	1.52	121.0
24.73	0.288	fixation	n/a	432.6	86.7	756.0	n/a	n/a	n/a	n/a
25.02	0.02	saccade	n/a	432.4	85.9	n/a	489.2	89.3	2.29	174.0
25.042	0.254	fixation	n/a	487.5	89.2	729.0	n/a	n/a	n/a	n/a
25.298	0.054	saccade	n/a	487.0	89.1	n/a	154.4	158.6	13.47	380.0
25.354	0.138	fixation	n/a	157.6	158.1	754.0	n/a	n/a	n/a	n/a
25.494	0.01	saccade	n/a	153.3	158.8	n/a	134.3	155.0	0.76	80.0
25.506	0.204	fixation	n/a	133.2	157.2	782.0	n/a	n/a	n/a	n/a
25.712	0.02	saccade	n/a	132.5	158.3	n/a	202.4	151.3	2.76	218.0
25.734	0.462	fixation	n/a	218.3	152.8	751.0	n/a	n/a	n/a	n/a
26.198	0.016	saccade	n/a	218.6	152.9	n/a	253.1	152.1	1.37	108.0
26.216	0.28	fixation	n/a	265.4	153.2	729.0	n/a	n/a	n/a	n/a
26.498	0.022	saccade	n/a	267.2	154.5	n/a	327.2	154.5	2.4	188.0
26.522	0.358	fixation	n/a	330.8	154.0	735.0	n/a	n/a	n/a	n/a
26.882	0.022	saccade	n/a	330.3	153.9	n/a	388.9	153.5	2.36	149.0
26.906	0.21	fixation	n/a	399.8	153.8	721.0	n/a	n/a	n/a	n/a
27.118	0.018	saccade	n/a	400.4	152.7	n/a	437.2	156.4	1.49	116.0
27.138	0.632	fixation	n/a	428.3	154.5	712.0	n/a	n/a	n/a	n/a
27.772	0.01	saccade	n/a	426.9	156.7	n/a	444.5	156.2	0.71	74.0
27.784	0.162	fixation	n/a	445.1	156.4	689.0	n/a	n/a	n/a	n/a
27.948	0.014	saccade	n/a	445.3	155.8	n/a	475.3	156.1	1.2	105.0
27.964	0.172	fixation	n/a	472.9	155.6	690.0	n/a	n/a	n/a	n/a
28.138	0.076	saccade	n/a	470.6	157.1	n/a	503.7	178.7	1.59	150.0
28.216	0.154	fixation	n/a	499.0	161.8	715.0	n/a	n/a	n/a	n/a
28.372	0.012	saccade	n/a	499.0	155.6	n/a	475.2	156.6	0.95	87.0
28.386	0.244	fixation	n/a	475.9	157.2	706.0	n/a	n/a	n/a	n/a
28.632	0.082	saccade	n/a	475.2	176.8	n/a	483.0	191.1	0.66	632.0
28.662	0.022	blink	n/a	n/a	n/a	n/a	n/a	n/a	n/a	n/a
28.716	0.226	fixation	n/a	475.0	164.0	717.0	n/a	n/a	n/a	n/a
28.944	0.008	saccade	n/a	475.4	162.6	n/a	489.9	158.1	0.61	77.0
28.954	0.182	fixation	n/a	490.8	163.0	710.0	n/a	n/a	n/a	n/a
29.138	0.022	saccade	n/a	490.0	166.6	n/a	540.0	161.7	2.01	154.0
29.162	0.26	fixation	n/a	535.0	159.9	706.0	n/a	n/a	n/a	n/a
29.424	0.026	saccade	n/a	534.4	161.0	n/a	595.5	162.1	2.43	145.0
29.452	0.358	fixation	n/a	588.5	162.0	681.0	n/a	n/a	n/a	n/a
29.812	0.014	saccade	n/a	586.8	161.9	n/a	612.9	162.4	1.03	88.0
29.828	0.124	fixation	n/a	613.2	163.0	647.0	n/a	n/a	n/a	n/a
29.954	0.066	saccade	n/a	612.4	161.5	n/a	165.5	211.4	17.64	392.0
30.022	0.144	fixation	n/a	168.9	215.7	631.0	n/a	n/a	n/a	n/a
30.168	0.012	saccade	n/a	168.3	219.2	n/a	146.4	215.4	0.87	79.0
30.182	0.242	fixation	n/a	139.6	216.4	636.0	n/a	n/a	n/a	n/a
30.426	0.066	saccade	n/a	138.6	216.5	n/a	591.6	179.6	17.83	417.0
30.494	0.148	fixation	n/a	592.9	175.1	635.0	n/a	n/a	n/a	n/a
30.644	0.01	saccade	n/a	594.2	174.7	n/a	606.6	163.2	0.67	73.0
30.656	0.094	fixation	n/a	606.3	169.6	647.0	n/a	n/a	n/a	n/a
30.752	0.068	saccade	n/a	605.6	171.8	n/a	148.4	217.4	17.99	393.0
30.822	0.252	fixation	n/a	153.5	216.9	715.0	n/a	n/a	n/a	n/a
31.076	0.006	saccade	n/a	150.1	216.7	n/a	142.2	214.3	0.32	52.0
31.084	0.15	fixation	n/a	141.8	214.6	746.0	n/a	n/a	n/a	n/a
31.236	0.026	saccade	n/a	140.3	215.0	n/a	236.0	212.8	3.76	228.0
31.264	0.35	fixation	n/a	258.8	215.3	756.0	n/a	n/a	n/a	n/a
31.616	0.02	saccade	n/a	257.0	215.1	n/a	319.3	214.8	2.49	187.0
31.638	0.144	fixation	n/a	330.6	216.1	764.0	n/a	n/a	n/a	n/a
31.784	0.018	saccade	n/a	331.3	217.6	n/a	291.0	213.3	1.62	125.0
31.804	0.35	fixation	n/a	287.0	215.4	769.0	n/a	n/a	n/a	n/a
32.156	0.024	saccade	n/a	286.2	216.2	n/a	347.7	217.9	2.47	151.0
32.182	0.274	fixation	n/a	361.4	218.0	763.0	n/a	n/a	n/a	n/a
32.458	0.016	saccade	n/a	363.6	215.8	n/a	324.7	213.6	1.56	127.0
32.476	0.118	fixation	n/a	319.0	217.7	751.0	n/a	n/a	n/a	n/a
32.596	0.012	saccade	n/a	317.2	217.4	n/a	293.8	216.4	0.94	87.0
32.61	0.252	fixation	n/a	293.6	217.3	750.0	n/a	n/a	n/a	n/a
32.864	0.01	saccade	n/a	290.3	217.9	n/a	273.8	215.9	0.66	69.0
32.876	0.244	fixation	n/a	277.2	214.1	758.0	n/a	n/a	n/a	n/a
33.122	0.016	saccade	n/a	277.3	215.0	n/a	312.6	212.5	1.41	106.0
33.14	0.17	fixation	n/a	320.8	214.8	748.0	n/a	n/a	n/a	n/a
33.312	0.016	saccade	n/a	320.5	215.3	n/a	359.8	210.1	1.59	127.0
33.33	0.242	fixation	n/a	366.4	213.8	721.0	n/a	n/a	n/a	n/a
33.574	0.016	saccade	n/a	367.4	215.1	n/a	407.6	214.0	1.62	143.0
33.592	0.384	fixation	n/a	418.8	212.8	709.0	n/a	n/a	n/a	n/a
33.978	0.018	saccade	n/a	419.3	215.9	n/a	463.8	216.7	1.79	128.0
33.998	0.336	fixation	n/a	478.1	216.3	675.0	n/a	n/a	n/a	n/a
34.336	0.018	saccade	n/a	478.9	217.1	n/a	519.9	216.8	1.64	115.0
34.356	0.428	fixation	n/a	524.7	218.8	661.0	n/a	n/a	n/a	n/a
34.786	0.058	saccade	n/a	524.3	219.4	n/a	168.1	217.1	14.08	371.0
34.846	0.164	fixation	n/a	172.0	216.8	741.0	n/a	n/a	n/a	n/a
35.012	0.014	saccade	n/a	168.9	216.2	n/a	140.3	210.9	1.14	94.0
35.028	0.142	fixation	n/a	136.5	213.6	772.0	n/a	n/a	n/a	n/a
35.172	0.056	saccade	n/a	134.3	213.4	n/a	460.6	205.6	12.9	350.0
35.23	0.314	fixation	n/a	462.5	207.3	776.0	n/a	n/a	n/a	n/a
35.408	0.0	trigger_11	11	n/a	n/a	n/a	n/a	n/a	n/a	n/a
35.414	0.0	trigger_10	10	n/a	n/a	n/a	n/a	n/a	n/a	n/a
35.546	0.016	saccade	n/a	463.0	209.0	n/a	505.7	209.8	1.71	148.0
35.564	0.19	fixation	n/a	509.7	213.1	786.0	n/a	n/a	n/a	n/a
35.756	0.02	saccade	n/a	510.9	213.8	n/a	463.1	207.5	1.93	152.0
35.778	0.206	fixation	n/a	466.9	213.6	751.0	n/a	n/a	n/a	n/a
35.986	0.024	saccade	n/a	466.5	214.5	n/a	418.5	164.1	2.82	193.0
36.012	0.39	fixation	n/a	411.3	156.1	746.0	n/a	n/a	n/a	n/a
36.404	0.052	saccade	n/a	411.9	155.8	n/a	209.7	119.2	8.21	223.0
36.458	0.156	fixation	n/a	208.2	119.2	805.0	n/a	n/a	n/a	n/a
36.616	0.06	saccade	n/a	207.7	119.7	n/a	416.6	81.1	8.49	309.0
36.678	0.186	fixation	n/a	429.7	82.7	794.0	n/a	n/a	n/a	n/a
36.866	0.014	saccade	n/a	428.8	84.5	n/a	405.0	84.8	0.96	81.0
36.882	0.118	fixation	n/a	410.7	87.2	813.0	n/a	n/a	n/a	n/a
37.002	0.02	saccade	n/a	409.1	88.8	n/a	464.8	89.3	2.24	171.0
37.024	0.13	fixation	n/a	467.6	90.1	813.0	n/a	n/a	n/a	n/a
37.156	0.062	saccade	n/a	467.2	91.5	n/a	149.0	153.7	12.85	444.0
37.22	0.4	fixation	n/a	137.2	156.9	829.0	n/a	n/a	n/a	n/a
37.622	0.024	saccade	n/a	136.2	157.3	n/a	149.8	87.6	2.85	227.0
37.648	0.254	fixation	n/a	153.4	97.6	806.0	n/a	n/a	n/a	n/a
37.904	0.016	saccade	n/a	151.4	93.4	n/a	192.8	91.5	1.63	125.0
37.922	0.146	fixation	n/a	198.1	90.7	788.0	n/a	n/a	n/a	n/a
38.07	0.022	saccade	n/a	198.4	88.8	n/a	266.3	90.0	2.7	204.0
38.094	0.212	fixation	n/a	266.9	88.9	765.0	n/a	n/a	n/a	n/a
38.308	0.016	saccade	n/a	266.1	89.7	n/a	299.0	89.7	1.32	114.0
38.326	0.204	fixation	n/a	296.6	88.1	766.0	n/a	n/a	n/a	n/a
38.532	0.024	saccade	n/a	295.6	88.5	n/a	362.7	85.7	2.7	172.0
38.558	0.31	fixation	n/a	367.0	92.2	783.0	n/a	n/a	n/a	n/a
38.87	0.02	saccade	n/a	366.2	96.9	n/a	419.6	91.2	2.17	144.0
38.892	0.128	fixation	n/a	424.8	91.5	782.0	n/a	n/a	n/a	n/a
39.022	0.074	saccade	n/a	422.7	94.9	n/a	461.9	144.2	2.56	507.0
39.098	0.174	fixation	n/a	454.1	112.7	790.0	n/a	n/a	n/a	n/a
39.274	0.022	saccade	n/a	452.8	106.5	n/a	509.3	104.4	2.27	149.0
39.298	0.224	fixation	n/a	510.3	106.1	754.0	n/a	n/a	n/a	n/a
39.524	0.054	saccade	n/a	510.5	101.8	n/a	149.7	157.8	14.44	412.0
39.58	0.152	fixation	n/a	150.5	157.2	750.0	n/a	n/a	n/a	n/a
39.734	0.012	saccade	n/a	148.3	160.8	n/a	127.2	162.5	0.83	72.0
39.748	0.124	fixation	n/a	126.3	162.4	766.0	n/a	n/a	n/a	n/a
39.874	0.11	saccade	n/a	127.0	164.6	n/a	176.8	177.5	2.01	849.0
39.914	0.032	blink	n/a	n/a	n/a	n/a	n/a	n/a	n/a	n/a
39.986	0.204	fixation	n/a	177.8	164.5	776.0	n/a	n/a	n/a	n/a
40.192	0.01	saccade	n/a	178.9	159.8	n/a	197.0	163.5	0.73	80.0
40.204	0.182	fixation	n/a	198.5	161.0	773.0	n/a	n/a	n/a	n/a
40.388	0.018	saccade	n/a	199.2	161.8	n/a	248.0	159.7	1.94	150.0
40.408	0.182	fixation	n/a	250.6	159.6	770.0	n/a	n/a	n/a	n/a
40.592	0.014	saccade	n/a	253.1	160.9	n/a	284.9	155.4	1.29	115.0
40.608	0.334	fixation	n/a	283.8	160.5	789.0	n/a	n/a	n/a	n/a
40.944	0.02	saccade	n/a	283.0	160.7	n/a	341.9	157.9	2.36	160.0
40.966	0.268	fixation	n/a	349.5	159.1	752.0	n/a	n/a	n/a	n/a
41.236	0.016	saccade	n/a	351.2	159.2	n/a	387.4	154.1	1.47	124.0
41.254	0.184	fixation	n/a	387.0	152.1	747.0	n/a	n/a	n/a	n/a
41.352	0.0	trigger_11	11	n/a	n/a	n/a	n/a	n/a	n/a	n/a
41.358	0.0	trigger_10	10	n/a	n/a	n/a	n/a	n/a	n/a	n/a
41.44	0.016	saccade	n/a	387.2	151.4	n/a	432.4	154.8	1.83	130.0
41.458	0.192	fixation	n/a	441.5	155.6	733.0	n/a	n/a	n/a	n/a
41.652	0.014	saccade	n/a	441.8	154.6	n/a	472.2	154.3	1.22	111.0
41.668	0.314	fixation	n/a	472.5	157.3	741.0	n/a	n/a	n/a	n/a
41.984	0.012	saccade	n/a	469.0	159.3	n/a	446.4	157.0	0.91	84.0
41.998	0.024	fixation	n/a	447.3	155.7	747.0	n/a	n/a	n/a	n/a
42.024	0.036	saccade	n/a	449.4	157.4	n/a	582.2	167.4	5.32	263.0
42.062	0.274	fixation	n/a	579.1	162.7	734.0	n/a	n/a	n/a	n/a
42.338	0.072	saccade	n/a	581.2	165.4	n/a	159.0	209.9	16.72	424.0
42.412	0.216	fixation	n/a	147.1	212.8	759.0	n/a	n/a	n/a	n/a
42.63	0.07	saccade	n/a	144.7	211.7	n/a	607.1	149.0	18.27	413.0
42.702	0.37	fixation	n/a	604.3	153.7	711.0	n/a	n/a	n/a	n/a
43.074	0.068	saccade	n/a	606.5	155.0	n/a	294.6	103.5	12.55	308.0
43.144	0.146	fixation	n/a	298.4	103.0	735.0	n/a	n/a	n/a	n/a
43.292	0.03	saccade	n/a	297.6	101.8	n/a	183.7	85.7	4.58	281.0
43.324	0.224	fixation	n/a	186.7	89.0	776.0	n/a	n/a	n/a	n/a
43.55	0.018	saccade	n/a	187.8	91.2	n/a	149.7	92.5	1.5	108.0
43.57	0.262	fixation	n/a	152.9	96.3	829.0	n/a	n/a	n/a	n/a
43.834	0.014	saccade	n/a	152.2	96.3	n/a	177.8	97.0	1.0	76.0
43.85	0.102	fixation	n/a	178.7	96.8	821.0	n/a	n/a	n/a	n/a
43.954	0.014	saccade	n/a	179.7	94.0	n/a	155.5	91.3	0.96	71.0
43.97	0.142	fixation	n/a	158.0	91.4	783.0	n/a	n/a	n/a	n/a
44.114	0.032	saccade	n/a	159.1	91.5	n/a	261.4	92.4	4.04	189.0
44.148	0.196	fixation	n/a	257.9	90.3	768.0	n/a	n/a	n/a	n/a
44.346	0.024	saccade	n/a	258.3	90.3	n/a	179.9	84.1	3.12	216.0
44.372	0.238	fixation	n/a	175.6	89.2	806.0	n/a	n/a	n/a	n/a
44.612	0.034	saccade	n/a	174.5	91.8	n/a	253.6	89.2	3.13	160.0
44.648	0.284	fixation	n/a	247.1	90.4	814.0	n/a	n/a	n/a	n/a
44.934	0.02	saccade	n/a	248.3	88.8	n/a	299.9	88.3	2.06	126.0
44.956	0.386	fixation	n/a	302.8	88.6	768.0	n/a	n/a	n/a	n/a
45.344	0.018	saccade	n/a	303.2	89.1	n/a	255.1	87.9	1.92	132.0
45.364	0.112	fixation	n/a	247.5	93.1	764.0	n/a	n/a	n/a	n/a
45.478	0.036	saccade	n/a	245.5	89.9	n/a	384.5	87.0	5.57	262.0
45.516	0.406	fixation	n/a	384.5	85.3	758.0	n/a	n/a	n/a	n/a
45.924	0.022	saccade	n/a	384.1	85.6	n/a	441.6	83.7	2.32	131.0
45.948	0.26	fixation	n/a	461.3	85.3	719.0	n/a	n/a	n/a	n/a
46.21	0.02	saccade	n/a	464.5	85.6	n/a	517.1	91.7	2.12	128.0
46.232	0.164	fixation	n/a	524.8	95.1	705.0	n/a	n/a	n/a	n/a
46.398	0.064	saccade	n/a	525.2	94.7	n/a	138.3	154.2	15.45	384.0
46.464	0.312	fixation	n/a	144.2	153.7	748.0	n/a	n/a	n/a	n/a
46.778	0.016	saccade	n/a	143.0	151.7	n/a	166.2	152.4	0.91	68.0
46.796	0.242	fixation	n/a	169.8	152.9	752.0	n/a	n/a	n/a	n/a
47.04	0.022	saccade	n/a	168.5	150.5	n/a	238.0	150.1	2.75	196.0
47.064	0.332	fixation	n/a	243.0	150.6	759.0	n/a	n/a	n/a	n/a
47.398	0.12	saccade	n/a	244.0	156.5	n/a	277.4	186.3	1.8	832.0
47.438	0.042	blink	n/a	n/a	n/a	n/a	n/a	n/a	n/a	n/a
47.52	0.24	fixation	n/a	275.4	164.2	742.0	n/a	n/a	n/a	n/a
47.762	0.018	saccade	n/a	272.4	158.7	n/a	323.9	155.7	2.07	163.0
47.782	0.284	fixation	n/a	325.5	153.3	719.0	n/a	n/a	n/a	n/a
48.068	0.012	saccade	n/a	325.0	155.2	n/a	348.5	153.7	0.95	86.0
48.082	0.258	fixation	n/a	352.9	150.3	751.0	n/a	n/a	n/a	n/a
48.342	0.018	saccade	n/a	352.8	149.6	n/a	396.5	144.4	1.77	157.0
48.362	0.246	fixation	n/a	392.4	146.1	758.0	n/a	n/a	n/a	n/a
48.61	0.018	saccade	n/a	391.1	148.1	n/a	433.3	147.2	1.7	137.0
48.63	0.278	fixation	n/a	439.3	144.0	783.0	n/a	n/a	n/a	n/a
48.648	0.0	trigger_11	11	n/a	n/a	n/a	n/a	n/a	n/a	n/a
48.656	0.0	trigger_10	10	n/a	n/a	n/a	n/a	n/a	n/a	n/a
48.91	0.02	saccade	n/a	438.3	142.7	n/a	487.4	149.3	1.99	130.0
48.932	0.332	fixation	n/a	489.6	149.0	796.0	n/a	n/a	n/a	n/a
49.266	0.022	saccade	n/a	490.9	153.8	n/a	420.0	149.7	2.86	191.0
49.29	0.096	fixation	n/a	407.9	149.3	791.0	n/a	n/a	n/a	n/a
49.388	0.052	saccade	n/a	407.0	149.7	n/a	144.0	88.4	10.73	349.0
49.442	0.286	fixation	n/a	146.9	87.1	791.0	n/a	n/a	n/a	n/a
49.73	0.014	saccade	n/a	147.4	88.1	n/a	174.3	90.3	1.06	88.0
49.746	0.258	fixation	n/a	182.4	92.5	817.0	n/a	n/a	n/a	n/a
50.006	0.024	saccade	n/a	179.7	92.0	n/a	253.9	87.4	2.94	199.0
50.032	0.186	fixation	n/a	259.3	87.0	798.0	n/a	n/a	n/a	n/a
50.22	0.018	saccade	n/a	258.3	88.2	n/a	301.3	87.5	1.72	139.0
50.24	0.202	fixation	n/a	311.2	89.2	793.0	n/a	n/a	n/a	n/a
50.444	0.044	saccade	n/a	311.2	89.1	n/a	474.8	101.6	6.59	262.0
50.49	0.064	fixation	n/a	470.0	100.0	784.0	n/a	n/a	n/a	n/a
50.556	0.064	saccade	n/a	469.8	102.4	n/a	252.0	88.7	8.73	336.0
50.622	0.214	fixation	n/a	240.3	89.5	802.0	n/a	n/a	n/a	n/a
50.838	0.024	saccade	n/a	239.3	92.8	n/a	156.9	86.2	3.27	226.0
50.864	0.328	fixation	n/a	152.8	90.4	828.0	n/a	n/a	n/a	n/a
51.194	0.014	saccade	n/a	147.9	91.6	n/a	181.0	93.6	1.3	108.0
51.21	0.244	fixation	n/a	180.3	89.9	761.0	n/a	n/a	n/a	n/a
51.456	0.024	saccade	n/a	179.5	88.3	n/a	260.5	89.2	3.21	218.0
51.482	0.248	fixation	n/a	267.0	89.7	726.0	n/a	n/a	n/a	n/a
51.732	0.018	saccade	n/a	265.8	89.7	n/a	308.8	87.1	1.73	141.0
51.752	0.236	fixation	n/a	316.7	89.1	736.0	n/a	n/a	n/a	n/a
51.99	0.04	saccade	n/a	315.5	91.8	n/a	406.7	82.8	3.69	134.0
52.032	0.242	fixation	n/a	403.5	82.8	735.0	n/a	n/a	n/a	n/a
52.276	0.02	saccade	n/a	405.7	83.5	n/a	459.1	86.4	2.15	148.0
52.298	0.212	fixation	n/a	459.9	87.0	739.0	n/a	n/a	n/a	n/a
52.474	0.0	trigger_11	11	n/a	n/a	n/a	n/a	n/a	n/a	n/a
52.478	0.0	trigger_10	10	n/a	n/a	n/a	n/a	n/a	n/a	n/a
52.512	0.02	saccade	n/a	460.2	88.4	n/a	506.2	90.9	1.85	111.0
52.534	0.278	fixation	n/a	508.7	93.4	739.0	n/a	n/a	n/a	n/a
52.814	0.022	saccade	n/a	507.4	94.2	n/a	566.5	97.0	2.36	152.0
52.838	0.244	fixation	n/a	566.5	95.4	751.0	n/a	n/a	n/a	n/a
53.084	0.068	saccade	n/a	567.1	95.1	n/a	184.7	151.1	15.28	403.0
53.154	0.138	fixation	n/a	173.5	151.0	804.0	n/a	n/a	n/a	n/a
53.294	0.016	saccade	n/a	171.2	151.9	n/a	138.3	150.2	1.29	99.0
53.312	0.218	fixation	n/a	140.5	153.7	842.0	n/a	n/a	n/a	n/a
53.532	0.026	saccade	n/a	137.2	153.2	n/a	225.8	147.9	3.49	207.0
53.56	0.234	fixation	n/a	244.1	148.8	807.0	n/a	n/a	n/a	n/a
53.796	0.03	saccade	n/a	244.6	151.2	n/a	342.8	144.7	3.94	202.0
53.828	0.334	fixation	n/a	344.7	148.1	771.0	n/a	n/a	n/a	n/a
54.164	0.022	saccade	n/a	344.2	148.2	n/a	396.8	145.5	2.12	145.0
54.188	0.208	fixation	n/a	391.3	145.1	755.0	n/a	n/a	n/a	n/a
54.398	0.024	saccade	n/a	391.5	145.4	n/a	451.5	148.2	2.42	127.0
54.424	0.266	fixation	n/a	447.2	146.6	738.0	n/a	n/a	n/a	n/a
54.692	0.048	saccade	n/a	445.1	144.7	n/a	174.7	87.2	11.0	384.0
54.742	0.212	fixation	n/a	171.2	86.0	749.0	n/a	n/a	n/a	n/a
54.956	0.01	saccade	n/a	167.3	87.1	n/a	148.7	89.6	0.73	75.0
54.968	0.176	fixation	n/a	146.4	89.3	764.0	n/a	n/a	n/a	n/a
55.146	0.016	saccade	n/a	150.1	88.4	n/a	188.8	88.0	1.52	122.0
55.164	0.214	fixation	n/a	203.1	86.3	732.0	n/a	n/a	n/a	n/a
55.38	0.024	saccade	n/a	203.3	84.3	n/a	281.7	78.6	3.13	216.0
55.406	0.234	fixation	n/a	286.6	83.1	724.0	n/a	n/a	n/a	n/a
55.642	0.02	saccade	n/a	288.1	86.6	n/a	351.2	78.4	2.55	201.0
55.664	0.274	fixation	n/a	355.6	81.9	731.0	n/a	n/a	n/a	n/a
55.94	0.036	saccade	n/a	354.3	82.0	n/a	451.4	78.8	3.91	200.0
55.978	0.206	fixation	n/a	445.5	78.1	731.0	n/a	n/a	n/a	n/a
56.186	0.018	saccade	n/a	444.3	79.4	n/a	488.0	84.5	1.77	132.0
56.206	0.288	fixation	n/a	495.3	87.9	711.0	n/a	n/a	n/a	n/a
56.466	0.0	trigger_11	11	n/a	n/a	n/a	n/a	n/a	n/a	n/a
56.472	0.0	trigger_10	10	n/a	n/a	n/a	n/a	n/a	n/a	n/a
56.496	0.032	saccade	n/a	494.3	88.4	n/a	574.2	96.2	3.21	138.0
56.53	0.116	fixation	n/a	571.2	93.9	682.0	n/a	n/a	n/a	n/a
56.648	0.06	saccade	n/a	571.8	93.3	n/a	145.6	152.4	16.95	457.0
56.71	0.304	fixation	n/a	148.2	155.5	748.0	n/a	n/a	n/a	n/a
57.016	0.02	saccade	n/a	146.5	154.7	n/a	209.6	155.6	2.48	195.0
57.038	0.252	fixation	n/a	208.9	152.7	815.0	n/a	n/a	n/a	n/a
57.292	0.02	saccade	n/a	211.7	151.7	n/a	269.8	147.9	2.32	152.0
57.314	0.31	fixation	n/a	283.1	148.5	753.0	n/a	n/a	n/a	n/a
57.626	0.036	saccade	n/a	284.5	148.8	n/a	391.0	148.1	4.28	206.0
57.664	0.202	fixation	n/a	385.0	146.5	754.0	n/a	n/a	n/a	n/a
57.868	0.008	saccade	n/a	382.1	147.2	n/a	371.5	149.1	0.43	53.0
57.878	0.208	fixation	n/a	371.5	150.4	766.0	n/a	n/a	n/a	n/a
58.088	0.018	saccade	n/a	371.1	148.8	n/a	420.4	145.7	1.99	139.0
58.108	0.286	fixation	n/a	426.6	143.1	774.0	n/a	n/a	n/a	n/a
58.396	0.022	saccade	n/a	427.7	137.8	n/a	431.5	78.3	2.43	204.0
58.42	0.27	fixation	n/a	435.2	79.9	786.0	n/a	n/a	n/a	n/a
58.692	0.054	saccade	n/a	434.5	81.5	n/a	151.6	76.9	11.23	347.0
58.748	0.212	fixation	n/a	154.5	80.1	787.0	n/a	n/a	n/a	n/a
58.962	0.012	saccade	n/a	154.5	80.6	n/a	133.0	85.7	0.86	77.0
58.976	0.276	fixation	n/a	133.8	88.7	812.0	n/a	n/a	n/a	n/a
59.254	0.014	saccade	n/a	135.3	87.3	n/a	167.5	89.4	1.26	109.0
59.27	0.352	fixation	n/a	176.4	90.2	763.0	n/a	n/a	n/a	n/a
59.624	0.024	saccade	n/a	176.6	89.3	n/a	249.3	88.3	2.88	202.0
59.65	0.454	fixation	n/a	251.0	91.7	772.0	n/a	n/a	n/a	n/a
60.106	0.008	saccade	n/a	248.7	94.5	n/a	263.3	93.2	0.59	72.0
60.116	0.15	fixation	n/a	264.3	93.2	771.0	n/a	n/a	n/a	n/a
60.268	0.022	saccade	n/a	262.9	93.7	n/a	323.0	87.6	2.42	163.0
60.292	0.392	fixation	n/a	330.4	86.8	753.0	n/a	n/a	n/a	n/a
60.686	0.036	saccade	n/a	328.3	89.3	n/a	168.1	85.0	6.36	257.0
60.724	0.176	fixation	n/a	166.9	91.8	749.0	n/a	n/a	n/a	n/a
60.902	0.012	saccade	n/a	164.0	94.0	n/a	138.9	90.7	0.99	95.0
60.916	0.174	fixation	n/a	137.2	92.2	754.0	n/a	n/a	n/a	n/a
61.092	0.014	saccade	n/a	137.6	92.0	n/a	170.5	93.7	1.29	106.0
61.108	0.158	fixation	n/a	177.4	93.6	765.0	n/a	n/a	n/a	n/a
61.268	0.024	saccade	n/a	179.5	92.3	n/a	258.4	88.6	3.13	211.0
61.294	0.17	fixation	n/a	273.1	92.1	751.0	n/a	n/a	n/a	n/a
61.466	0.02	saccade	n/a	274.5	90.2	n/a	327.8	86.9	2.14	166.0
61.488	0.288	fixation	n/a	327.2	88.9	764.0	n/a	n/a	n/a	n/a
61.778	0.012	saccade	n/a	330.0	89.5	n/a	353.1	86.8	0.94	86.0
61.792	0.148	fixation	n/a	357.2	87.4	749.0	n/a	n/a	n/a	n/a
61.942	0.024	saccade	n/a	358.2	88.7	n/a	272.1	84.9	3.46	209.0
61.968	0.27	fixation	n/a	264.9	86.7	733.0	n/a	n/a	n/a	n/a
62.24	0.02	saccade	n/a	265.1	89.1	n/a	325.3	81.0	2.44	172.0
62.262	0.378	fixation	n/a	335.6	82.2	760.0	n/a	n/a	n/a	n/a
62.642	0.016	saccade	n/a	334.8	81.5	n/a	371.3	81.1	1.47	131.0
62.66	0.174	fixation	n/a	385.1	79.9	773.0	n/a	n/a	n/a	n/a
62.836	0.014	saccade	n/a	384.8	78.7	n/a	361.5	83.9	0.96	75.0
62.852	0.196	fixation	n/a	360.5	83.1	771.0	n/a	n/a	n/a	n/a
63.05	0.018	saccade	n/a	359.0	83.7	n/a	411.1	77.1	2.12	159.0
63.07	0.296	fixation	n/a	416.3	78.0	749.0	n/a	n/a	n/a	n/a
63.368	0.022	saccade	n/a	416.2	79.1	n/a	478.7	78.8	2.52	160.0
63.392	0.496	fixation	n/a	480.8	83.4	737.0	n/a	n/a	n/a	n/a
63.89	0.02	saccade	n/a	480.3	82.9	n/a	522.5	87.5	1.7	129.0
63.912	0.216	fixation	n/a	530.1	91.3	739.0	n/a	n/a	n/a	n/a
64.13	0.06	saccade	n/a	531.2	90.5	n/a	163.7	145.3	14.72	397.0
64.192	0.14	fixation	n/a	167.2	148.8	790.0	n/a	n/a	n/a	n/a
64.334	0.014	saccade	n/a	165.4	150.0	n/a	138.6	151.6	1.05	92.0
64.35	0.162	fixation	n/a	138.9	152.6	810.0	n/a	n/a	n/a	n/a
64.514	0.082	saccade	n/a	141.2	157.2	n/a	189.0	179.0	2.07	533.0
64.598	0.264	fixation	n/a	201.0	158.3	769.0	n/a	n/a	n/a	n/a
64.864	0.018	saccade	n/a	201.3	155.1	n/a	251.5	152.5	1.99	166.0
64.884	0.358	fixation	n/a	264.2	152.7	740.0	n/a	n/a	n/a	n/a
65.244	0.018	saccade	n/a	260.7	151.3	n/a	218.5	152.2	1.68	104.0
65.264	0.156	fixation	n/a	208.6	154.5	769.0	n/a	n/a	n/a	n/a
65.422	0.02	saccade	n/a	208.1	154.3	n/a	260.7	151.0	2.09	139.0
65.444	0.25	fixation	n/a	267.6	149.1	769.0	n/a	n/a	n/a	n/a
65.696	0.014	saccade	n/a	267.2	148.8	n/a	295.0	148.8	1.11	91.0
65.712	0.17	fixation	n/a	305.1	152.1	775.0	n/a	n/a	n/a	n/a
65.884	0.028	saccade	n/a	305.0	155.3	n/a	379.0	153.3	2.98	172.0
65.914	0.366	fixation	n/a	375.0	153.4	760.0	n/a	n/a	n/a	n/a
66.282	0.022	saccade	n/a	374.0	156.2	n/a	437.1	146.3	2.58	183.0
66.306	0.344	fixation	n/a	457.9	149.8	748.0	n/a	n/a	n/a	n/a
66.652	0.038	saccade	n/a	457.0	152.3	n/a	532.1	155.0	3.01	123.0
66.692	0.28	fixation	n/a	530.3	152.7	739.0	n/a	n/a	n/a	n/a
66.974	0.018	saccade	n/a	529.5	154.8	n/a	574.4	156.5	1.79	129.0
66.994	0.228	fixation	n/a	575.7	158.6	722.0	n/a	n/a	n/a	n/a
67.224	0.078	saccade	n/a	575.5	160.3	n/a	167.6	212.7	16.23	386.0
67.304	0.142	fixation	n/a	157.6	211.9	746.0	n/a	n/a	n/a	n/a
67.448	0.01	saccade	n/a	152.2	210.5	n/a	134.2	211.7	0.7	74.0
67.46	0.346	fixation	n/a	132.4	212.5	740.0	n/a	n/a	n/a	n/a
67.808	0.016	saccade	n/a	132.7	213.8	n/a	178.5	213.1	1.79	148.0
67.826	0.268	fixation	n/a	184.8	213.0	700.0	n/a	n/a	n/a	n/a
67.83	0.0	trigger_11	11	n/a	n/a	n/a	n/a	n/a	n/a	n/a
67.834	0.0	trigger_10	10	n/a	n/a	n/a	n/a	n/a	n/a	n/a
68.096	0.022	saccade	n/a	185.3	214.2	n/a	259.3	214.4	2.93	189.0
68.12	0.16	fixation	n/a	271.3	216.1	704.0	n/a	n/a	n/a	n/a
68.282	0.008	saccade	n/a	269.0	216.5	n/a	257.9	215.4	0.44	55.0
68.292	0.204	fixation	n/a	253.3	216.5	728.0	n/a	n/a	n/a	n/a
68.498	0.006	saccade	n/a	250.2	215.4	n/a	242.4	215.5	0.31	46.0
68.506	0.126	fixation	n/a	241.3	216.9	723.0	n/a	n/a	n/a	n/a
68.634	0.034	saccade	n/a	240.1	217.0	n/a	351.8	218.9	4.46	216.0
68.67	0.206	fixation	n/a	354.1	218.0	693.0	n/a	n/a	n/a	n/a
68.878	0.032	saccade	n/a	355.0	214.8	n/a	456.1	216.3	4.06	222.0
68.912	0.314	fixation	n/a	453.5	215.0	694.0	n/a	n/a	n/a	n/a
69.228	0.02	saccade	n/a	451.0	213.8	n/a	500.5	214.8	1.98	153.0
69.25	0.328	fixation	n/a	510.1	215.9	674.0	n/a	n/a	n/a	n/a
69.58	0.014	saccade	n/a	512.2	216.5	n/a	544.5	217.2	1.29	121.0
69.596	0.154	fixation	n/a	542.6	215.6	672.0	n/a	n/a	n/a	n/a
69.752	0.052	saccade	n/a	541.3	215.7	n/a	301.6	98.5	10.71	412.0
69.806	0.242	fixation	n/a	302.0	104.0	748.0	n/a	n/a	n/a	n/a
70.05	0.028	saccade	n/a	299.0	107.5	n/a	182.0	86.4	4.73	274.0
70.08	0.22	fixation	n/a	162.9	92.9	830.0	n/a	n/a	n/a	n/a
70.302	0.02	saccade	n/a	161.9	97.8	n/a	148.1	117.7	0.97	78.0
70.324	0.052	fixation	n/a	147.9	119.2	827.0	n/a	n/a	n/a	n/a
70.378	0.14	saccade	n/a	153.8	126.8	n/a	165.1	118.9	0.55	719.0
70.408	0.076	blink	n/a	n/a	n/a	n/a	n/a	n/a	n/a	n/a
70.52	0.218	fixation	n/a	163.8	109.7	757.0	n/a	n/a	n/a	n/a
70.74	0.014	saccade	n/a	162.1	104.6	n/a	187.1	105.5	0.98	82.0
70.756	0.258	fixation	n/a	194.8	102.5	724.0	n/a	n/a	n/a	n/a
71.016	0.022	saccade	n/a	193.3	103.4	n/a	260.9	101.3	2.68	182.0
71.04	0.318	fixation	n/a	273.1	100.8	765.0	n/a	n/a	n/a	n/a
71.36	0.016	saccade	n/a	276.0	101.1	n/a	302.4	96.7	1.07	79.0
71.378	0.318	fixation	n/a	308.0	97.2	727.0	n/a	n/a	n/a	n/a
71.698	0.034	saccade	n/a	307.7	95.1	n/a	392.2	92.8	3.4	148.0
71.734	0.256	fixation	n/a	389.6	90.0	700.0	n/a	n/a	n/a	n/a
71.992	0.024	saccade	n/a	390.1	91.1	n/a	457.3	90.8	2.7	175.0
72.018	0.262	fixation	n/a	463.7	89.9	701.0	n/a	n/a	n/a	n/a
72.282	0.018	saccade	n/a	463.7	89.6	n/a	509.6	90.6	1.84	140.0
72.302	0.264	fixation	n/a	515.2	92.8	683.0	n/a	n/a	n/a	n/a
72.568	0.058	saccade	n/a	514.5	96.1	n/a	164.6	151.7	14.04	408.0
72.628	0.136	fixation	n/a	167.7	156.9	747.0	n/a	n/a	n/a	n/a
72.766	0.014	saccade	n/a	165.0	157.3	n/a	133.6	157.8	1.23	99.0
72.782	0.338	fixation	n/a	132.6	155.7	757.0	n/a	n/a	n/a	n/a
73.122	0.012	saccade	n/a	131.8	154.7	n/a	153.6	153.6	0.85	83.0
73.136	0.244	fixation	n/a	156.2	153.9	724.0	n/a	n/a	n/a	n/a
73.382	0.034	saccade	n/a	154.9	154.4	n/a	242.3	155.1	3.45	186.0
73.418	0.22	fixation	n/a	239.0	152.4	751.0	n/a	n/a	n/a	n/a
73.64	0.032	saccade	n/a	236.0	150.6	n/a	320.2	153.2	3.36	193.0
73.674	0.284	fixation	n/a	315.4	154.5	754.0	n/a	n/a	n/a	n/a
73.96	0.014	saccade	n/a	315.7	157.5	n/a	347.0	155.0	1.26	104.0
73.976	0.174	fixation	n/a	357.3	155.7	750.0	n/a	n/a	n/a	n/a
74.152	0.03	saccade	n/a	359.1	154.9	n/a	437.8	154.9	3.17	150.0
74.184	0.776	fixation	n/a	436.9	153.6	733.0	n/a	n/a	n/a	n/a
74.524	0.0	trigger_11	11	n/a	n/a	n/a	n/a	n/a	n/a	n/a
74.53	0.0	trigger_10	10	n/a	n/a	n/a	n/a	n/a	n/a	n/a
74.962	0.02	saccade	n/a	435.9	155.7	n/a	382.8	151.4	2.15	136.0
74.984	0.23	fixation	n/a	375.4	155.5	751.0	n/a	n/a	n/a	n/a
75.216	0.012	saccade	n/a	371.3	160.0	n/a	348.6	158.2	0.92	91.0
75.23	0.072	fixation	n/a	345.3	160.3	761.0	n/a	n/a	n/a	n/a
75.304	0.04	saccade	n/a	342.8	158.8	n/a	512.7	163.8	6.81	291.0
75.346	0.234	fixation	n/a	510.8	163.6	756.0	n/a	n/a	n/a	n/a
75.582	0.012	saccade	n/a	509.8	161.5	n/a	487.2	156.2	0.93	85.0
75.596	0.13	fixation	n/a	486.2	153.5	718.0	n/a	n/a	n/a	n/a
75.728	0.016	saccade	n/a	486.4	153.3	n/a	448.5	147.9	1.54	120.0
75.746	0.28	fixation	n/a	446.0	148.7	699.0	n/a	n/a	n/a	n/a
76.028	0.02	saccade	n/a	446.6	148.0	n/a	500.9	153.4	2.19	132.0
76.05	0.326	fixation	n/a	508.8	154.1	683.0	n/a	n/a	n/a	n/a
76.378	0.056	saccade	n/a	508.4	154.5	n/a	258.9	90.2	10.3	352.0
76.436	0.274	fixation	n/a	261.7	90.0	712.0	n/a	n/a	n/a	n/a
76.712	0.022	saccade	n/a	262.0	94.4	n/a	174.4	90.5	3.48	268.0
76.736	0.422	fixation	n/a	154.0	101.1	787.0	n/a	n/a	n/a	n/a
77.16	0.014	saccade	n/a	149.3	101.5	n/a	179.4	98.9	1.19	93.0
77.176	0.176	fixation	n/a	184.2	99.8	791.0	n/a	n/a	n/a	n/a
77.354	0.02	saccade	n/a	183.9	99.9	n/a	243.7	94.1	2.38	192.0
77.376	0.22	fixation	n/a	256.4	99.7	790.0	n/a	n/a	n/a	n/a
77.598	0.014	saccade	n/a	257.9	101.3	n/a	283.8	99.7	1.04	85.0
77.614	0.262	fixation	n/a	286.6	100.9	787.0	n/a	n/a	n/a	n/a
77.878	0.012	saccade	n/a	287.9	100.4	n/a	316.0	99.9	1.13	110.0
77.892	0.258	fixation	n/a	324.8	97.9	780.0	n/a	n/a	n/a	n/a
78.152	0.018	saccade	n/a	325.4	97.0	n/a	367.1	95.7	1.68	122.0
78.172	0.306	fixation	n/a	383.6	93.8	761.0	n/a	n/a	n/a	n/a
78.48	0.018	saccade	n/a	382.4	94.8	n/a	428.3	91.6	1.86	142.0
78.5	0.402	fixation	n/a	435.2	93.3	753.0	n/a	n/a	n/a	n/a
78.904	0.018	saccade	n/a	435.0	93.7	n/a	477.0	98.3	1.7	135.0
78.924	0.24	fixation	n/a	477.8	97.2	763.0	n/a	n/a	n/a	n/a
79.166	0.012	saccade	n/a	477.1	97.1	n/a	499.9	98.9	0.92	88.0
79.18	0.148	fixation	n/a	500.8	98.4	762.0	n/a	n/a	n/a	n/a
79.33	0.066	saccade	n/a	500.6	98.7	n/a	174.1	147.7	13.13	387.0
79.398	0.166	fixation	n/a	166.3	150.8	788.0	n/a	n/a	n/a	n/a
79.566	0.008	saccade	n/a	163.0	151.6	n/a	149.0	155.8	0.57	72.0
79.576	0.154	fixation	n/a	147.2	156.8	798.0	n/a	n/a	n/a	n/a
79.732	0.02	saccade	n/a	144.9	156.2	n/a	204.5	154.8	2.34	177.0
79.754	0.242	fixation	n/a	214.0	155.0	795.0	n/a	n/a	n/a	n/a
79.998	0.014	saccade	n/a	216.4	157.0	n/a	242.6	156.6	1.04	98.0
80.014	0.188	fixation	n/a	240.3	156.2	772.0	n/a	n/a	n/a	n/a
80.204	0.018	saccade	n/a	240.0	157.5	n/a	194.5	155.3	1.81	133.0
80.224	0.172	fixation	n/a	193.3	155.0	782.0	n/a	n/a	n/a	n/a
80.398	0.02	saccade	n/a	193.7	153.2	n/a	252.3	153.2	2.33	163.0
80.42	0.488	fixation	n/a	253.0	154.5	790.0	n/a	n/a	n/a	n/a
80.91	0.024	saccade	n/a	252.4	154.9	n/a	310.3	148.7	2.33	130.0
80.936	0.19	fixation	n/a	327.1	149.8	761.0	n/a	n/a	n/a	n/a
81.128	0.046	saccade	n/a	327.4	151.5	n/a	188.8	104.5	5.83	235.0
81.176	0.246	fixation	n/a	193.5	105.9	744.0	n/a	n/a	n/a	n/a
81.424	0.038	saccade	n/a	192.7	105.9	n/a	324.1	150.9	5.55	237.0
81.464	0.26	fixation	n/a	323.3	150.4	786.0	n/a	n/a	n/a	n/a
81.726	0.02	saccade	n/a	323.7	149.1	n/a	386.1	147.1	2.51	193.0
81.748	0.238	fixation	n/a	389.1	146.4	804.0	n/a	n/a	n/a	n/a
81.988	0.022	saccade	n/a	390.1	146.4	n/a	444.6	145.5	2.19	129.0
82.012	0.192	fixation	n/a	467.0	146.0	759.0	n/a	n/a	n/a	n/a
82.206	0.014	saccade	n/a	469.2	145.4	n/a	498.0	144.8	1.16	105.0
82.222	0.22	fixation	n/a	500.5	146.4	750.0	n/a	n/a	n/a	n/a
82.444	0.014	saccade	n/a	501.7	149.7	n/a	529.5	149.3	1.11	96.0
82.46	0.23	fixation	n/a	541.7	151.9	734.0	n/a	n/a	n/a	n/a
82.692	0.016	saccade	n/a	540.0	154.0	n/a	503.9	152.1	1.44	122.0
82.71	0.222	fixation	n/a	503.1	152.9	744.0	n/a	n/a	n/a	n/a
82.934	0.014	saccade	n/a	502.2	154.0	n/a	530.7	156.2	1.14	96.0
82.95	0.172	fixation	n/a	534.3	156.7	755.0	n/a	n/a	n/a	n/a
83.124	0.036	saccade	n/a	533.4	157.0	n/a	630.1	164.3	3.83	191.0
83.162	0.28	fixation	n/a	626.2	161.5	724.0	n/a	n/a	n/a	n/a
83.444	0.016	saccade	n/a	625.6	161.6	n/a	663.6	159.8	1.49	129.0
83.462	0.242	fixation	n/a	662.8	162.4	700.0	n/a	n/a	n/a	n/a
83.706	0.016	saccade	n/a	661.7	164.9	n/a	631.3	158.2	1.22	93.0
83.724	0.276	fixation	n/a	625.0	159.0	687.0	n/a	n/a	n/a	n/a
84.002	0.014	saccade	n/a	627.4	159.7	n/a	657.9	160.1	1.19	98.0
84.018	0.32	fixation	n/a	666.6	159.4	672.0	n/a	n/a	n/a	n/a
84.34	0.016	saccade	n/a	665.5	160.3	n/a	699.3	161.8	1.31	100.0
84.358	0.114	fixation	n/a	695.8	163.5	667.0	n/a	n/a	n/a	n/a
84.474	0.082	saccade	n/a	694.3	164.2	n/a	217.7	205.9	18.69	420.0
84.558	0.132	fixation	n/a	208.0	209.0	745.0	n/a	n/a	n/a	n/a
84.692	0.044	saccade	n/a	205.6	211.0	n/a	393.8	157.0	7.83	320.0
84.738	0.14	fixation	n/a	389.9	155.8	745.0	n/a	n/a	n/a	n/a
84.88	0.02	saccade	n/a	390.4	157.5	n/a	339.6	152.5	2.05	138.0
84.902	0.164	fixation	n/a	334.6	155.3	726.0	n/a	n/a	n/a	n/a
85.068	0.04	saccade	n/a	333.8	154.2	n/a	166.0	196.2	6.87	341.0
85.11	0.138	fixation	n/a	161.3	205.2	736.0	n/a	n/a	n/a	n/a
85.25	0.014	saccade	n/a	158.7	206.3	n/a	132.0	208.4	1.04	90.0
85.266	0.218	fixation	n/a	130.4	210.2	738.0	n/a	n/a	n/a	n/a
85.356	0.0	trigger_11	11	n/a	n/a	n/a	n/a	n/a	n/a	n/a
85.362	0.0	trigger_10	10	n/a	n/a	n/a	n/a	n/a	n/a	n/a
85.486	0.072	saccade	n/a	129.0	212.3	n/a	684.0	160.1	21.61	434.0
85.56	0.186	fixation	n/a	677.1	161.8	675.0	n/a	n/a	n/a	n/a
85.748	0.072	saccade	n/a	674.6	162.5	n/a	162.8	219.9	20.05	422.0
85.822	0.156	fixation	n/a	162.6	221.9	715.0	n/a	n/a	n/a	n/a
85.98	0.008	saccade	n/a	155.2	220.3	n/a	145.4	214.8	0.44	54.0
85.99	0.122	fixation	n/a	147.0	215.4	740.0	n/a	n/a	n/a	n/a
86.114	0.018	saccade	n/a	146.7	215.5	n/a	198.3	211.1	2.03	158.0
86.134	0.104	fixation	n/a	206.2	208.1	726.0	n/a	n/a	n/a	n/a
86.24	0.028	saccade	n/a	207.9	208.3	n/a	170.1	118.7	3.91	262.0
86.27	0.418	fixation	n/a	174.2	101.7	714.0	n/a	n/a	n/a	n/a
86.69	0.006	saccade	n/a	171.9	101.5	n/a	164.6	98.3	0.31	50.0
86.698	0.05	fixation	n/a	163.5	100.3	765.0	n/a	n/a	n/a	n/a
86.75	0.032	saccade	n/a	163.0	102.7	n/a	285.4	97.3	4.85	290.0
86.784	0.288	fixation	n/a	280.1	96.7	768.0	n/a	n/a	n/a	n/a
87.074	0.04	saccade	n/a	279.4	97.4	n/a	448.8	89.0	6.81	300.0
87.116	0.182	fixation	n/a	446.2	88.1	736.0	n/a	n/a	n/a	n/a
87.3	0.054	saccade	n/a	447.0	90.2	n/a	162.2	100.5	11.33	369.0
87.356	0.416	fixation	n/a	166.7	104.6	773.0	n/a	n/a	n/a	n/a
87.774	0.022	saccade	n/a	162.8	106.8	n/a	216.3	103.8	2.11	136.0
87.798	0.284	fixation	n/a	231.6	104.2	819.0	n/a	n/a	n/a	n/a
88.084	0.016	saccade	n/a	232.6	102.9	n/a	203.8	100.8	1.14	83.0
88.102	0.146	fixation	n/a	200.5	100.7	745.0	n/a	n/a	n/a	n/a
88.25	0.018	saccade	n/a	199.6	101.8	n/a	241.6	98.8	1.67	128.0
88.27	0.262	fixation	n/a	245.6	100.2	739.0	n/a	n/a	n/a	n/a
88.534	0.016	saccade	n/a	246.4	100.6	n/a	286.4	98.4	1.6	130.0
88.552	0.254	fixation	n/a	294.5	99.7	770.0	n/a	n/a	n/a	n/a
88.808	0.014	saccade	n/a	295.5	98.7	n/a	323.9	97.5	1.14	94.0
88.824	0.17	fixation	n/a	327.5	96.4	766.0	n/a	n/a	n/a	n/a
88.996	0.036	saccade	n/a	327.9	100.5	n/a	413.2	94.2	3.44	162.0
89.034	0.332	fixation	n/a	408.0	93.0	776.0	n/a	n/a	n/a	n/a
89.368	0.016	saccade	n/a	408.1	91.2	n/a	443.4	93.5	1.43	106.0
89.386	0.208	fixation	n/a	444.5	92.2	792.0	n/a	n/a	n/a	n/a
89.596	0.014	saccade	n/a	445.9	92.7	n/a	478.5	94.6	1.31	111.0
89.612	0.392	fixation	n/a	479.1	94.7	753.0	n/a	n/a	n/a	n/a
90.006	0.02	saccade	n/a	469.8	94.5	n/a	514.4	96.5	1.79	119.0
90.028	0.224	fixation	n/a	515.6	99.3	736.0	n/a	n/a	n/a	n/a
90.252	0.0	trigger_11	11	n/a	n/a	n/a	n/a	n/a	n/a	n/a
90.254	0.018	saccade	n/a	515.7	101.0	n/a	553.1	103.1	1.5	121.0
90.258	0.0	trigger_10	10	n/a	n/a	n/a	n/a	n/a	n/a	n/a
90.274	0.148	fixation	n/a	549.3	102.0	740.0	n/a	n/a	n/a	n/a
90.424	0.06	saccade	n/a	548.5	102.6	n/a	166.7	156.4	15.25	415.0
90.486	0.144	fixation	n/a	170.3	155.5	801.0	n/a	n/a	n/a	n/a
90.632	0.016	saccade	n/a	168.5	156.9	n/a	137.6	153.7	1.21	95.0
90.65	0.518	fixation	n/a	137.1	155.3	823.0	n/a	n/a	n/a	n/a
91.17	0.036	saccade	n/a	133.0	153.8	n/a	226.6	153.3	3.68	169.0
91.208	0.268	fixation	n/a	224.3	152.7	803.0	n/a	n/a	n/a	n/a
91.478	0.02	saccade	n/a	217.2	154.0	n/a	272.0	154.2	2.18	162.0
91.5	0.32	fixation	n/a	271.8	154.0	845.0	n/a	n/a	n/a	n/a
91.822	0.01	saccade	n/a	272.3	154.9	n/a	288.4	153.8	0.65	67.0
91.834	0.262	fixation	n/a	290.9	156.4	812.0	n/a	n/a	n/a	n/a
92.098	0.032	saccade	n/a	291.5	159.7	n/a	369.1	149.4	3.14	165.0
92.132	0.14	fixation	n/a	366.2	150.0	767.0	n/a	n/a	n/a	n/a
92.274	0.04	saccade	n/a	367.5	150.9	n/a	244.9	107.2	5.23	273.0
92.316	0.19	fixation	n/a	248.3	111.4	776.0	n/a	n/a	n/a	n/a
92.508	0.024	saccade	n/a	246.2	114.2	n/a	163.4	107.0	3.29	225.0
92.534	0.188	fixation	n/a	154.2	109.8	819.0	n/a	n/a	n/a	n/a
92.724	0.006	saccade	n/a	148.5	108.9	n/a	140.4	108.6	0.32	48.0
92.732	0.26	fixation	n/a	139.3	105.2	789.0	n/a	n/a	n/a	n/a
92.994	0.012	saccade	n/a	140.4	100.8	n/a	164.1	101.5	0.93	87.0
93.008	0.44	fixation	n/a	169.2	100.0	713.0	n/a	n/a	n/a	n/a
93.45	0.024	saccade	n/a	167.9	102.3	n/a	237.2	97.0	2.75	165.0
93.476	0.216	fixation	n/a	251.9	99.0	717.0	n/a	n/a	n/a	n/a
93.694	0.016	saccade	n/a	252.1	99.3	n/a	211.9	96.9	1.6	122.0
93.712	0.098	fixation	n/a	203.7	97.1	721.0	n/a	n/a	n/a	n/a
93.812	0.014	saccade	n/a	201.4	97.4	n/a	162.2	95.8	1.54	143.0
93.828	0.43	fixation	n/a	148.9	98.1	752.0	n/a	n/a	n/a	n/a
94.26	0.012	saccade	n/a	146.5	100.5	n/a	170.2	103.1	0.93	86.0
94.274	0.218	fixation	n/a	171.3	101.6	777.0	n/a	n/a	n/a	n/a
94.494	0.008	saccade	n/a	170.4	101.4	n/a	154.5	100.3	0.63	75.0
94.504	0.202	fixation	n/a	155.9	103.1	770.0	n/a	n/a	n/a	n/a
94.708	0.01	saccade	n/a	153.9	103.0	n/a	140.1	98.2	0.57	57.0
94.72	0.212	fixation	n/a	140.1	98.2	782.0	n/a	n/a	n/a	n/a
94.934	0.014	saccade	n/a	141.8	97.4	n/a	170.2	97.4	1.11	97.0
94.95	0.224	fixation	n/a	176.4	100.9	785.0	n/a	n/a	n/a	n/a
95.176	0.022	saccade	n/a	175.4	99.5	n/a	243.4	98.4	2.69	193.0
95.2	0.302	fixation	n/a	250.0	101.9	778.0	n/a	n/a	n/a	n/a
95.504	0.036	saccade	n/a	250.5	104.7	n/a	344.9	101.1	3.78	154.0
95.542	0.222	fixation	n/a	344.4	96.2	766.0	n/a	n/a	n/a	n/a
95.766	0.014	saccade	n/a	345.9	97.7	n/a	378.7	94.7	1.33	119.0
95.782	0.25	fixation	n/a	389.6	95.5	741.0	n/a	n/a	n/a	n/a
96.034	0.012	saccade	n/a	391.6	96.2	n/a	410.5	94.3	0.77	73.0
96.048	0.158	fixation	n/a	410.9	96.2	725.0	n/a	n/a	n/a	n/a
96.208	0.02	saccade	n/a	410.6	99.5	n/a	361.1	97.3	2.0	129.0
96.23	0.182	fixation	n/a	360.7	102.6	732.0	n/a	n/a	n/a	n/a
96.414	0.02	saccade	n/a	358.5	103.1	n/a	410.0	98.1	2.09	138.0
96.436	0.296	fixation	n/a	416.4	96.5	751.0	n/a	n/a	n/a	n/a
96.734	0.026	saccade	n/a	415.7	96.4	n/a	495.5	101.4	3.22	212.0
96.762	0.304	fixation	n/a	492.8	103.8	794.0	n/a	n/a	n/a	n/a
97.068	0.018	saccade	n/a	491.5	104.5	n/a	533.5	108.1	1.69	121.0
97.088	0.186	fixation	n/a	533.8	108.6	793.0	n/a	n/a	n/a	n/a
97.276	0.07	saccade	n/a	535.7	106.5	n/a	161.3	150.6	14.93	453.0
97.348	0.198	fixation	n/a	152.8	153.5	808.0	n/a	n/a	n/a	n/a
97.548	0.006	saccade	n/a	149.2	155.2	n/a	140.9	155.7	0.32	52.0
97.556	0.15	fixation	n/a	141.5	155.8	816.0	n/a	n/a	n/a	n/a
97.708	0.018	saccade	n/a	142.3	155.7	n/a	190.2	155.4	1.88	133.0
97.728	0.204	fixation	n/a	199.1	157.1	808.0	n/a	n/a	n/a	n/a
97.934	0.022	saccade	n/a	198.0	156.0	n/a	261.2	155.7	2.51	178.0
97.958	0.158	fixation	n/a	266.9	155.9	805.0	n/a	n/a	n/a	n/a
98.118	0.016	saccade	n/a	267.1	155.4	n/a	304.3	154.2	1.49	117.0
98.136	0.482	fixation	n/a	299.9	159.0	791.0	n/a	n/a	n/a	n/a
98.62	0.016	saccade	n/a	301.1	161.8	n/a	335.4	161.0	1.38	104.0
98.638	0.132	fixation	n/a	350.1	160.2	763.0	n/a	n/a	n/a	n/a
98.772	0.02	saccade	n/a	351.0	160.6	n/a	400.4	158.3	1.99	145.0
98.794	0.166	fixation	n/a	404.5	157.5	755.0	n/a	n/a	n/a	n/a
98.962	0.008	saccade	n/a	402.8	156.4	n/a	389.8	157.1	0.52	63.0
98.972	0.172	fixation	n/a	389.4	157.2	775.0	n/a	n/a	n/a	n/a
99.146	0.032	saccade	n/a	388.4	156.7	n/a	482.9	156.7	3.8	218.0
99.18	0.32	fixation	n/a	477.8	155.9	763.0	n/a	n/a	n/a	n/a
99.502	0.038	saccade	n/a	476.6	158.7	n/a	577.3	162.0	4.02	158.0
99.542	0.204	fixation	n/a	568.8	158.6	737.0	n/a	n/a	n/a	n/a
99.748	0.016	saccade	n/a	569.3	160.0	n/a	603.0	158.4	1.34	102.0
99.766	0.244	fixation	n/a	603.2	158.3	721.0	n/a	n/a	n/a	n/a
100.012	0.076	saccade	n/a	602.7	159.7	n/a	164.4	213.1	17.36	384.0
100.09	0.16	fixation	n/a	156.4	216.2	727.0	n/a	n/a	n/a	n/a
100.16	0.0	trigger_11	11	n/a	n/a	n/a	n/a	n/a	n/a	n/a
100.168	0.0	trigger_10	10	n/a	n/a	n/a	n/a	n/a	n/a	n/a
100.252	0.008	saccade	n/a	153.3	217.8	n/a	140.9	213.3	0.52	66.0
100.262	0.208	fixation	n/a	140.1	213.0	742.0	n/a	n/a	n/a	n/a
100.472	0.018	saccade	n/a	140.9	213.6	n/a	181.2	210.2	1.58	127.0
100.492	0.222	fixation	n/a	200.5	213.3	720.0	n/a	n/a	n/a	n/a
100.716	0.016	saccade	n/a	201.7	213.3	n/a	239.3	212.9	1.49	130.0
100.734	0.268	fixation	n/a	245.0	211.5	741.0	n/a	n/a	n/a	n/a
101.004	0.026	saccade	n/a	242.7	208.7	n/a	323.9	212.2	3.24	198.0
101.032	0.364	fixation	n/a	324.3	211.5	774.0	n/a	n/a	n/a	n/a
101.398	0.034	saccade	n/a	322.7	213.4	n/a	393.4	207.3	2.84	163.0
101.434	0.194	fixation	n/a	391.5	208.2	778.0	n/a	n/a	n/a	n/a
101.63	0.014	saccade	n/a	393.9	208.6	n/a	423.3	209.1	1.18	86.0
101.646	0.194	fixation	n/a	422.9	209.1	762.0	n/a	n/a	n/a	n/a
101.842	0.016	saccade	n/a	422.4	208.7	n/a	459.7	210.7	1.5	128.0
101.86	0.238	fixation	n/a	468.7	210.4	747.0	n/a	n/a	n/a	n/a
102.1	0.054	saccade	n/a	468.4	210.2	n/a	227.0	104.4	10.55	373.0
102.156	0.21	fixation	n/a	230.9	104.7	770.0	n/a	n/a	n/a	n/a
102.368	0.022	saccade	n/a	229.6	104.2	n/a	163.1	94.3	2.65	197.0
102.392	0.306	fixation	n/a	150.8	100.8	819.0	n/a	n/a	n/a	n/a
102.7	0.016	saccade	n/a	148.9	102.4	n/a	182.3	101.1	1.31	119.0
102.718	0.174	fixation	n/a	192.9	101.3	824.0	n/a	n/a	n/a	n/a
102.894	0.018	saccade	n/a	194.7	101.4	n/a	245.5	98.0	2.02	162.0
102.914	0.25	fixation	n/a	260.1	99.5	827.0	n/a	n/a	n/a	n/a
103.166	0.028	saccade	n/a	259.5	99.9	n/a	351.5	94.0	3.7	221.0
103.196	0.362	fixation	n/a	343.5	94.3	861.0	n/a	n/a	n/a	n/a
103.56	0.018	saccade	n/a	337.8	94.4	n/a	392.2	89.0	2.2	173.0
103.58	0.234	fixation	n/a	398.0	86.7	879.0	n/a	n/a	n/a	n/a
103.816	0.106	saccade	n/a	397.7	91.0	n/a	468.1	120.1	3.07	819.0
103.862	0.024	blink	n/a	n/a	n/a	n/a	n/a	n/a	n/a	n/a
103.924	0.326	fixation	n/a	465.2	92.6	862.0	n/a	n/a	n/a	n/a
104.252	0.02	saccade	n/a	463.5	88.0	n/a	513.0	95.5	2.01	134.0
104.274	0.25	fixation	n/a	520.0	99.0	838.0	n/a	n/a	n/a	n/a
104.526	0.014	saccade	n/a	516.8	100.7	n/a	551.9	103.0	1.4	114.0
104.542	0.1	fixation	n/a	548.9	104.7	864.0	n/a	n/a	n/a	n/a
104.644	0.07	saccade	n/a	548.4	105.5	n/a	151.1	148.6	15.77	435.0
104.716	0.182	fixation	n/a	142.5	149.3	921.0	n/a	n/a	n/a	n/a
104.9	0.006	saccade	n/a	138.6	148.5	n/a	130.3	149.3	0.32	48.0
104.908	0.898	fixation	n/a	128.7	146.1	984.0	n/a	n/a	n/a	n/a
105.808	0.016	saccade	n/a	128.8	140.3	n/a	168.3	138.7	1.54	127.0
105.826	0.21	fixation	n/a	175.7	135.9	1030.0	n/a	n/a	n/a	n/a
106.038	0.062	saccade	n/a	176.1	134.7	n/a	532.3	77.4	14.32	366.0
106.102	0.284	fixation	n/a	521.0	77.8	957.0	n/a	n/a	n/a	n/a
106.388	0.04	saccade	n/a	520.9	80.2	n/a	365.4	70.6	6.26	284.0
106.39	0.0	trigger_11	11	n/a	n/a	n/a	n/a	n/a	n/a	n/a
106.396	0.0	trigger_10	10	n/a	n/a	n/a	n/a	n/a	n/a	n/a
106.43	0.598	fixation	n/a	367.1	73.7	947.0	n/a	n/a	n/a	n/a
107.03	0.052	saccade	n/a	363.9	75.8	n/a	169.0	129.0	8.04	258.0
107.084	0.12	fixation	n/a	173.2	130.9	957.0	n/a	n/a	n/a	n/a
107.206	0.016	saccade	n/a	173.2	131.1	n/a	136.2	137.8	1.47	121.0
107.224	0.374	fixation	n/a	131.3	142.5	918.0	n/a	n/a	n/a	n/a
107.6	0.022	saccade	n/a	134.0	146.3	n/a	177.5	101.7	2.47	173.0
107.624	0.196	fixation	n/a	212.1	105.7	837.0	n/a	n/a	n/a	n/a
107.822	0.06	saccade	n/a	216.1	107.7	n/a	473.2	89.5	10.29	293.0
107.884	0.19	fixation	n/a	469.6	93.7	784.0	n/a	n/a	n/a	n/a
108.076	0.048	saccade	n/a	468.9	91.9	n/a	178.9	107.5	11.55	399.0
108.126	0.202	fixation	n/a	181.5	107.3	838.0	n/a	n/a	n/a	n/a
108.33	0.01	saccade	n/a	180.3	108.0	n/a	165.0	103.2	0.63	66.0
108.342	0.308	fixation	n/a	164.9	103.6	876.0	n/a	n/a	n/a	n/a
108.652	0.012	saccade	n/a	164.0	104.3	n/a	139.5	99.7	0.98	95.0
108.666	0.192	fixation	n/a	140.6	99.7	909.0	n/a	n/a	n/a	n/a
108.86	0.018	saccade	n/a	140.0	100.7	n/a	179.3	99.5	1.54	109.0
108.88	0.182	fixation	n/a	185.8	98.9	880.0	n/a	n/a	n/a	n/a
109.064	0.024	saccade	n/a	185.8	98.0	n/a	269.9	98.0	3.34	236.0
109.09	0.266	fixation	n/a	271.2	95.5	827.0	n/a	n/a	n/a	n/a
109.238	0.0	trigger_11	11	n/a	n/a	n/a	n/a	n/a	n/a	n/a
109.244	0.0	trigger_10	10	n/a	n/a	n/a	n/a	n/a	n/a	n/a
109.358	0.016	saccade	n/a	272.1	95.3	n/a	306.1	95.0	1.36	106.0
109.376	0.28	fixation	n/a	320.9	97.5	823.0	n/a	n/a	n/a	n/a
109.658	0.016	saccade	n/a	320.9	100.3	n/a	358.9	97.3	1.53	116.0
109.676	0.212	fixation	n/a	369.4	96.3	776.0	n/a	n/a	n/a	n/a
109.89	0.022	saccade	n/a	370.6	96.4	n/a	428.2	95.7	2.32	149.0
109.914	0.398	fixation	n/a	440.1	96.2	780.0	n/a	n/a	n/a	n/a
110.314	0.018	saccade	n/a	439.7	97.1	n/a	486.9	100.7	1.91	134.0
110.334	0.204	fixation	n/a	499.3	104.1	772.0	n/a	n/a	n/a	n/a
110.54	0.03	saccade	n/a	499.6	105.0	n/a	573.0	109.7	2.94	150.0
110.572	0.106	fixation	n/a	566.5	108.8	748.0	n/a	n/a	n/a	n/a
110.68	0.072	saccade	n/a	565.3	109.6	n/a	139.2	147.6	16.81	449.0
110.754	0.242	fixation	n/a	127.5	150.1	815.0	n/a	n/a	n/a	n/a
110.998	0.074	saccade	n/a	125.0	151.6	n/a	515.9	89.0	15.63	394.0
111.074	0.13	fixation	n/a	523.8	99.7	816.0	n/a	n/a	n/a	n/a
111.206	0.064	saccade	n/a	523.1	103.1	n/a	178.0	104.7	13.69	469.0
111.272	0.254	fixation	n/a	166.9	108.0	871.0	n/a	n/a	n/a	n/a
111.528	0.01	saccade	n/a	165.0	110.1	n/a	149.4	104.4	0.65	68.0
111.54	0.256	fixation	n/a	151.9	109.3	926.0	n/a	n/a	n/a	n/a
111.798	0.016	saccade	n/a	151.0	113.5	n/a	187.4	104.9	1.47	104.0
111.816	0.332	fixation	n/a	196.7	104.7	854.0	n/a	n/a	n/a	n/a
112.15	0.02	saccade	n/a	198.2	103.6	n/a	250.2	97.6	2.08	144.0
112.172	0.28	fixation	n/a	260.0	98.1	792.0	n/a	n/a	n/a	n/a
112.454	0.018	saccade	n/a	260.8	98.0	n/a	210.6	94.3	2.0	149.0
112.474	0.14	fixation	n/a	204.9	96.5	777.0	n/a	n/a	n/a	n/a
112.616	0.016	saccade	n/a	205.0	97.6	n/a	245.9	96.0	1.62	133.0
112.634	0.248	fixation	n/a	253.0	99.7	779.0	n/a	n/a	n/a	n/a
112.884	0.014	saccade	n/a	255.6	102.6	n/a	279.3	100.0	0.95	76.0
112.9	0.454	fixation	n/a	281.7	103.4	738.0	n/a	n/a	n/a	n/a
113.356	0.024	saccade	n/a	281.1	104.9	n/a	342.8	94.4	2.51	154.0
113.382	0.22	fixation	n/a	340.4	93.7	717.0	n/a	n/a	n/a	n/a
113.604	0.058	saccade	n/a	341.0	103.3	n/a	337.9	140.7	1.53	199.0
113.664	0.142	fixation	n/a	338.8	113.2	733.0	n/a	n/a	n/a	n/a
113.808	0.086	saccade	n/a	340.7	115.6	n/a	373.1	137.2	1.57	535.0
113.896	0.142	fixation	n/a	369.5	113.7	707.0	n/a	n/a	n/a	n/a
114.04	0.022	saccade	n/a	367.5	108.4	n/a	431.4	100.1	2.6	186.0
114.064	0.368	fixation	n/a	435.8	95.3	681.0	n/a	n/a	n/a	n/a
114.434	0.024	saccade	n/a	430.5	95.6	n/a	496.4	94.3	2.65	158.0
114.46	0.168	fixation	n/a	493.3	93.4	702.0	n/a	n/a	n/a	n/a
114.63	0.068	saccade	n/a	492.2	94.6	n/a	155.0	158.4	13.6	402.0
114.7	0.56	fixation	n/a	147.8	157.4	765.0	n/a	n/a	n/a	n/a
115.262	0.068	saccade	n/a	150.9	155.0	n/a	490.9	92.1	13.7	353.0
115.332	0.25	fixation	n/a	497.0	99.1	767.0	n/a	n/a	n/a	n/a
115.584	0.02	saccade	n/a	496.4	98.4	n/a	441.1	92.4	2.24	172.0
115.606	0.14	fixation	n/a	438.1	95.1	790.0	n/a	n/a	n/a	n/a
115.748	0.022	saccade	n/a	435.3	95.0	n/a	497.7	100.5	2.52	177.0
115.772	0.198	fixation	n/a	491.9	100.1	822.0	n/a	n/a	n/a	n/a
115.972	0.052	saccade	n/a	491.8	100.0	n/a	158.1	147.3	13.38	410.0
116.026	0.204	fixation	n/a	160.8	151.6	891.0	n/a	n/a	n/a	n/a
116.232	0.008	saccade	n/a	157.9	151.4	n/a	146.4	152.4	0.45	54.0
116.242	0.072	fixation	n/a	147.1	150.4	912.0	n/a	n/a	n/a	n/a
116.316	0.058	saccade	n/a	148.1	151.2	n/a	434.6	90.0	11.64	336.0
116.376	0.386	fixation	n/a	425.5	87.8	873.0	n/a	n/a	n/a	n/a
116.764	0.024	saccade	n/a	420.3	90.5	n/a	500.9	91.3	3.24	211.0
116.79	0.194	fixation	n/a	499.9	96.4	843.0	n/a	n/a	n/a	n/a
116.986	0.068	saccade	n/a	502.5	96.5	n/a	157.4	151.0	13.87	438.0
117.056	0.302	fixation	n/a	142.7	150.4	817.0	n/a	n/a	n/a	n/a
117.36	0.014	saccade	n/a	141.6	151.6	n/a	172.8	157.7	1.25	104.0
117.376	0.546	fixation	n/a	170.9	156.6	802.0	n/a	n/a	n/a	n/a
117.924	0.01	saccade	n/a	161.9	157.4	n/a	144.8	155.5	0.67	71.0
117.936	0.216	fixation	n/a	145.5	156.2	796.0	n/a	n/a	n/a	n/a
118.154	0.012	saccade	n/a	147.0	156.2	n/a	169.9	156.6	0.9	82.0
118.168	0.42	fixation	n/a	172.0	158.4	795.0	n/a	n/a	n/a	n/a
118.59	0.018	saccade	n/a	169.5	157.2	n/a	209.1	156.8	1.56	111.0
118.61	0.26	fixation	n/a	218.0	156.5	814.0	n/a	n/a	n/a	n/a
118.872	0.018	saccade	n/a	215.3	154.3	n/a	253.5	152.8	1.52	120.0
118.892	0.442	fixation	n/a	259.0	152.4	802.0	n/a	n/a	n/a	n/a
119.336	0.022	saccade	n/a	261.7	151.7	n/a	312.9	148.7	2.05	126.0
119.36	0.21	fixation	n/a	314.2	147.9	772.0	n/a	n/a	n/a	n/a
119.572	0.026	saccade	n/a	314.2	146.2	n/a	382.9	146.6	2.76	156.0
119.6	0.196	fixation	n/a	380.6	147.7	768.0	n/a	n/a	n/a	n/a
119.798	0.018	saccade	n/a	380.4	146.5	n/a	433.0	144.7	2.12	148.0
119.818	0.204	fixation	n/a	445.1	148.4	775.0	n/a	n/a	n/a	n/a
119.886	0.0	trigger_11	11	n/a	n/a	n/a	n/a	n/a	n/a	n/a
119.89	0.0	trigger_10	10	n/a	n/a	n/a	n/a	n/a	n/a	n/a
120.024	0.03	saccade	n/a	445.3	150.1	n/a	538.3	154.3	3.72	197.0
120.056	0.158	fixation	n/a	539.0	154.5	730.0	n/a	n/a	n/a	n/a
120.216	0.016	saccade	n/a	539.1	153.6	n/a	575.4	158.0	1.45	124.0
120.234	0.264	fixation	n/a	584.0	159.7	717.0	n/a	n/a	n/a	n/a
120.5	0.014	saccade	n/a	582.9	161.9	n/a	614.2	163.4	1.24	114.0
120.516	0.204	fixation	n/a	612.7	162.0	724.0	n/a	n/a	n/a	n/a
120.722	0.02	saccade	n/a	611.9	162.0	n/a	646.8	165.5	1.38	101.0
120.744	0.104	fixation	n/a	652.6	163.9	736.0	n/a	n/a	n/a	n/a
120.85	0.076	saccade	n/a	651.2	166.4	n/a	169.2	221.1	18.99	463.0
120.928	0.14	fixation	n/a	160.0	222.4	813.0	n/a	n/a	n/a	n/a
121.07	0.01	saccade	n/a	156.4	220.0	n/a	139.4	214.7	0.7	75.0
121.082	0.254	fixation	n/a	138.8	217.8	825.0	n/a	n/a	n/a	n/a
121.338	0.018	saccade	n/a	138.5	218.5	n/a	194.9	213.6	2.22	175.0
121.358	0.174	fixation	n/a	203.8	212.8	748.0	n/a	n/a	n/a	n/a
121.534	0.014	saccade	n/a	205.4	213.9	n/a	238.6	212.7	1.32	118.0
121.55	0.152	fixation	n/a	252.4	211.7	733.0	n/a	n/a	n/a	n/a
121.686	0.0	trigger_11	11	n/a	n/a	n/a	n/a	n/a	n/a	n/a
121.692	0.0	trigger_10	10	n/a	n/a	n/a	n/a	n/a	n/a	n/a
121.704	0.018	saccade	n/a	252.8	209.0	n/a	292.3	213.5	1.59	127.0
121.724	0.174	fixation	n/a	288.1	211.3	767.0	n/a	n/a	n/a	n/a
121.9	0.008	saccade	n/a	282.4	210.8	n/a	271.4	210.3	0.44	55.0
121.91	0.168	fixation	n/a	266.5	211.5	803.0	n/a	n/a	n/a	n/a
122.08	0.028	saccade	n/a	265.1	210.7	n/a	179.9	119.2	5.01	297.0
122.11	0.206	fixation	n/a	162.1	110.8	795.0	n/a	n/a	n/a	n/a
122.318	0.006	saccade	n/a	158.8	109.2	n/a	151.3	103.2	0.38	58.0
122.326	0.384	fixation	n/a	145.3	105.2	814.0	n/a	n/a	n/a	n/a
122.712	0.02	saccade	n/a	143.7	105.9	n/a	196.1	100.9	2.07	150.0
122.734	0.452	fixation	n/a	202.1	105.4	788.0	n/a	n/a	n/a	n/a
123.188	0.016	saccade	n/a	198.5	106.2	n/a	236.0	105.3	1.49	124.0
123.206	0.27	fixation	n/a	247.5	104.4	798.0	n/a	n/a	n/a	n/a
123.478	0.018	saccade	n/a	247.9	103.6	n/a	287.3	103.4	1.57	117.0
123.498	0.19	fixation	n/a	287.7	102.4	822.0	n/a	n/a	n/a	n/a
123.69	0.01	saccade	n/a	282.5	104.1	n/a	272.0	107.7	0.44	50.0
123.702	0.216	fixation	n/a	274.4	107.3	866.0	n/a	n/a	n/a	n/a
123.92	0.032	saccade	n/a	274.3	105.9	n/a	147.9	103.0	5.0	317.0
123.954	0.36	fixation	n/a	141.2	106.0	866.0	n/a	n/a	n/a	n/a
124.316	0.012	saccade	n/a	135.3	104.9	n/a	154.9	103.5	0.77	64.0
124.33	0.226	fixation	n/a	154.7	100.4	783.0	n/a	n/a	n/a	n/a
124.558	0.026	saccade	n/a	155.2	97.2	n/a	245.0	99.2	3.55	183.0
124.586	0.268	fixation	n/a	254.6	99.8	746.0	n/a	n/a	n/a	n/a
124.856	0.018	saccade	n/a	255.8	100.0	n/a	299.6	97.6	1.75	126.0
124.876	0.278	fixation	n/a	309.3	97.1	763.0	n/a	n/a	n/a	n/a
125.156	0.02	saccade	n/a	308.9	96.7	n/a	356.2	92.5	1.91	139.0
125.178	0.218	fixation	n/a	353.0	93.6	741.0	n/a	n/a	n/a	n/a
125.398	0.014	saccade	n/a	352.3	93.3	n/a	385.7	95.1	1.35	110.0
125.414	0.198	fixation	n/a	385.0	94.9	729.0	n/a	n/a	n/a	n/a
125.614	0.018	saccade	n/a	384.7	97.2	n/a	426.0	95.7	1.67	126.0
125.634	0.446	fixation	n/a	428.5	96.9	748.0	n/a	n/a	n/a	n/a
126.048	0.0	trigger_11	11	n/a	n/a	n/a	n/a	n/a	n/a	n/a
126.052	0.0	trigger_12	12	n/a	n/a	n/a	n/a	n/a	n/a	n/a
126.082	0.036	saccade	n/a	420.8	100.2	n/a	537.6	109.0	4.7	232.0
126.12	0.236	fixation	n/a	527.8	109.1	777.0	n/a	n/a	n/a	n/a
126.358	0.07	saccade	n/a	526.0	111.5	n/a	167.5	157.4	14.32	437.0
126.43	0.13	fixation	n/a	158.3	160.3	857.0	n/a	n/a	n/a	n/a
126.562	0.012	saccade	n/a	156.0	162.1	n/a	128.2	161.2	1.08	102.0
126.576	0.268	fixation	n/a	123.1	163.1	866.0	n/a	n/a	n/a	n/a
126.846	0.018	saccade	n/a	121.6	160.8	n/a	172.1	160.8	1.97	166.0
126.866	0.176	fixation	n/a	177.5	161.5	846.0	n/a	n/a	n/a	n/a
127.044	0.03	saccade	n/a	176.5	161.2	n/a	277.9	161.7	4.02	234.0
127.076	0.194	fixation	n/a	276.0	157.8	792.0	n/a	n/a	n/a	n/a
127.272	0.01	saccade	n/a	274.2	158.1	n/a	259.5	159.5	0.59	59.0
127.284	0.204	fixation	n/a	259.7	158.0	778.0	n/a	n/a	n/a	n/a
127.49	0.016	saccade	n/a	260.6	157.8	n/a	297.4	158.2	1.47	122.0
127.508	0.184	fixation	n/a	312.0	156.3	765.0	n/a	n/a	n/a	n/a
127.694	0.014	saccade	n/a	314.8	152.8	n/a	342.0	151.8	1.09	87.0
127.71	0.174	fixation	n/a	353.9	152.8	743.0	n/a	n/a	n/a	n/a
127.886	0.01	saccade	n/a	355.5	151.7	n/a	374.1	151.5	0.75	83.0
127.898	0.138	fixation	n/a	378.0	150.3	744.0	n/a	n/a	n/a	n/a
128.038	0.046	saccade	n/a	379.1	150.6	n/a	177.4	94.5	8.35	352.0
128.086	0.186	fixation	n/a	178.2	99.4	768.0	n/a	n/a	n/a	n/a
128.274	0.02	saccade	n/a	178.9	99.1	n/a	139.2	99.2	1.56	101.0
128.296	0.26	fixation	n/a	140.8	100.8	809.0	n/a	n/a	n/a	n/a
128.558	0.022	saccade	n/a	137.5	100.2	n/a	198.3	99.7	2.38	158.0
128.582	0.22	fixation	n/a	224.6	99.6	790.0	n/a	n/a	n/a	n/a
128.64	0.0	trigger_13	13	n/a	n/a	n/a	n/a	n/a	n/a	n/a
128.804	0.008	saccade	n/a	225.4	101.8	n/a	214.0	99.5	0.46	58.0
128.814	0.234	fixation	n/a	213.0	100.3	768.0	n/a	n/a	n/a	n/a
129.05	0.02	saccade	n/a	213.5	101.8	n/a	269.2	95.1	2.24	166.0
129.072	0.274	fixation	n/a	278.4	97.1	762.0	n/a	n/a	n/a	n/a
129.348	0.014	saccade	n/a	278.7	97.9	n/a	311.7	93.1	1.34	113.0
129.364	0.158	fixation	n/a	322.3	94.1	753.0	n/a	n/a	n/a	n/a
129.524	0.02	saccade	n/a	321.7	93.8	n/a	366.6	89.4	1.82	134.0
129.546	0.204	fixation	n/a	371.9	91.1	729.0	n/a	n/a	n/a	n/a
129.752	0.032	saccade	n/a	372.2	89.3	n/a	464.8	89.2	3.73	205.0
129.786	0.488	fixation	n/a	458.9	89.4	697.0	n/a	n/a	n/a	n/a
130.276	0.018	saccade	n/a	454.9	88.9	n/a	495.4	90.4	1.63	104.0
130.296	0.172	fixation	n/a	496.4	93.6	703.0	n/a	n/a	n/a	n/a
130.47	0.042	saccade	n/a	495.7	97.5	n/a	293.8	89.4	8.1	284.0
130.514	0.336	fixation	n/a	280.6	99.4	782.0	n/a	n/a	n/a	n/a
130.852	0.032	saccade	n/a	279.4	104.6	n/a	175.3	107.7	4.13	236.0
130.886	0.254	fixation	n/a	179.4	114.0	840.0	n/a	n/a	n/a	n/a
131.142	0.05	saccade	n/a	179.0	111.6	n/a	293.9	206.5	5.97	403.0
131.194	0.264	fixation	n/a	303.1	210.7	837.0	n/a	n/a	n/a	n/a
131.46	0.054	saccade	n/a	303.9	213.1	n/a	568.7	149.7	10.86	337.0
131.48	0.0	trigger_15	15	n/a	n/a	n/a	n/a	n/a	n/a	n/a
131.484	0.0	trigger_10	10	n/a	n/a	n/a	n/a	n/a	n/a	n/a
131.516	0.178	fixation	n/a	569.7	150.6	712.0	n/a	n/a	n/a	n/a
131.696	0.058	saccade	n/a	570.8	151.8	n/a	228.7	95.3	13.77	426.0
131.756	0.304	fixation	n/a	234.9	105.1	742.0	n/a	n/a	n/a	n/a
132.062	0.02	saccade	n/a	234.7	111.2	n/a	292.2	102.4	2.32	173.0
132.084	0.294	fixation	n/a	299.9	105.6	856.0	n/a	n/a	n/a	n/a
132.38	0.056	saccade	n/a	300.9	104.2	n/a	488.1	102.9	7.52	278.0
132.438	0.208	fixation	n/a	502.6	104.9	830.0	n/a	n/a	n/a	n/a
132.648	0.02	saccade	n/a	504.2	106.8	n/a	450.5	95.2	2.2	169.0
132.67	0.266	fixation	n/a	448.4	94.9	825.0	n/a	n/a	n/a	n/a
132.938	0.02	saccade	n/a	447.6	94.3	n/a	514.7	97.3	2.7	201.0
132.96	0.164	fixation	n/a	527.9	100.3	803.0	n/a	n/a	n/a	n/a
133.126	0.018	saccade	n/a	527.5	99.3	n/a	566.8	104.9	1.58	134.0
133.146	0.096	fixation	n/a	567.2	103.6	801.0	n/a	n/a	n/a	n/a
133.244	0.046	saccade	n/a	567.1	103.7	n/a	336.8	203.0	10.04	387.0
133.292	0.388	fixation	n/a	336.2	213.8	815.0	n/a	n/a	n/a	n/a
133.682	0.034	saccade	n/a	336.0	219.3	n/a	182.1	165.2	6.5	357.0
133.718	0.128	fixation	n/a	164.4	154.9	745.0	n/a	n/a	n/a	n/a
133.848	0.024	saccade	n/a	163.0	153.4	n/a	131.2	92.7	2.74	218.0
133.874	0.174	fixation	n/a	135.7	99.0	735.0	n/a	n/a	n/a	n/a
134.05	0.112	saccade	n/a	139.3	102.5	n/a	187.2	117.1	1.97	951.0
134.094	0.032	blink	n/a	n/a	n/a	n/a	n/a	n/a	n/a	n/a
134.164	0.122	fixation	n/a	188.8	105.0	804.0	n/a	n/a	n/a	n/a
134.288	0.016	saccade	n/a	188.9	97.8	n/a	230.3	101.7	1.64	130.0
134.306	0.176	fixation	n/a	235.4	102.8	816.0	n/a	n/a	n/a	n/a
134.484	0.01	saccade	n/a	232.2	104.1	n/a	214.3	101.6	0.72	72.0
134.496	0.138	fixation	n/a	213.1	102.4	782.0	n/a	n/a	n/a	n/a
134.636	0.024	saccade	n/a	212.3	101.3	n/a	282.1	95.7	2.79	192.0
134.662	0.176	fixation	n/a	280.7	100.8	787.0	n/a	n/a	n/a	n/a
134.84	0.016	saccade	n/a	279.8	102.8	n/a	313.0	96.4	1.36	115.0
134.858	0.294	fixation	n/a	317.7	97.0	832.0	n/a	n/a	n/a	n/a
135.154	0.01	saccade	n/a	319.3	96.8	n/a	336.8	94.1	0.71	74.0
135.166	0.186	fixation	n/a	344.0	94.3	825.0	n/a	n/a	n/a	n/a
135.354	0.032	saccade	n/a	345.3	96.2	n/a	441.2	93.1	3.86	185.0
135.388	0.14	fixation	n/a	437.1	89.6	786.0	n/a	n/a	n/a	n/a
135.53	0.016	saccade	n/a	437.5	90.8	n/a	405.5	89.8	1.29	105.0
135.548	0.118	fixation	n/a	409.4	92.4	785.0	n/a	n/a	n/a	n/a
135.668	0.02	saccade	n/a	409.8	93.2	n/a	457.0	93.4	1.9	130.0
135.69	0.192	fixation	n/a	463.6	94.5	809.0	n/a	n/a	n/a	n/a
135.884	0.016	saccade	n/a	464.5	95.4	n/a	497.4	98.1	1.33	99.0
135.902	0.356	fixation	n/a	496.6	98.9	835.0	n/a	n/a	n/a	n/a
136.26	0.024	saccade	n/a	496.5	100.4	n/a	547.9	108.3	2.08	111.0
136.286	0.162	fixation	n/a	544.0	106.6	809.0	n/a	n/a	n/a	n/a
136.45	0.026	saccade	n/a	546.3	108.5	n/a	483.4	99.4	2.54	155.0
136.478	0.144	fixation	n/a	489.2	101.8	795.0	n/a	n/a	n/a	n/a
136.624	0.032	saccade	n/a	489.1	102.3	n/a	573.9	111.1	3.4	182.0
136.658	0.25	fixation	n/a	568.3	109.3	776.0	n/a	n/a	n/a	n/a
136.91	0.018	saccade	n/a	567.5	110.3	n/a	604.9	110.1	1.48	105.0
136.93	0.124	fixation	n/a	602.7	110.0	747.0	n/a	n/a	n/a	n/a
137.056	0.076	saccade	n/a	600.9	111.3	n/a	169.1	156.5	17.1	414.0
137.134	0.12	fixation	n/a	162.5	159.6	774.0	n/a	n/a	n/a	n/a
137.256	0.006	saccade	n/a	162.6	173.2	n/a	152.1	171.8	0.41	63.0
137.264	0.108	fixation	n/a	140.4	168.0	779.0	n/a	n/a	n/a	n/a
137.374	0.066	saccade	n/a	139.0	165.3	n/a	540.8	101.2	16.03	379.0
137.442	0.192	fixation	n/a	537.1	107.0	743.0	n/a	n/a	n/a	n/a
137.636	0.036	saccade	n/a	539.6	108.8	n/a	626.6	107.8	3.44	154.0
137.674	0.152	fixation	n/a	625.0	105.1	672.0	n/a	n/a	n/a	n/a
137.828	0.078	saccade	n/a	626.7	100.6	n/a	164.5	163.3	18.3	441.0
137.908	0.118	fixation	n/a	154.6	159.3	705.0	n/a	n/a	n/a	n/a
138.028	0.012	saccade	n/a	151.2	157.5	n/a	128.3	155.0	0.9	85.0
138.042	0.28	fixation	n/a	125.3	157.3	728.0	n/a	n/a	n/a	n/a
138.324	0.022	saccade	n/a	126.8	154.9	n/a	195.7	152.6	2.7	197.0
138.348	0.264	fixation	n/a	204.5	152.3	727.0	n/a	n/a	n/a	n/a
138.614	0.016	saccade	n/a	204.2	151.8	n/a	244.1	154.0	1.59	116.0
138.632	0.272	fixation	n/a	252.3	152.9	754.0	n/a	n/a	n/a	n/a
138.906	0.018	saccade	n/a	252.6	154.0	n/a	296.9	154.9	1.77	142.0
138.926	0.304	fixation	n/a	307.1	154.7	728.0	n/a	n/a	n/a	n/a
139.232	0.016	saccade	n/a	307.7	154.5	n/a	346.8	155.1	1.57	123.0
139.25	0.208	fixation	n/a	354.5	155.9	727.0	n/a	n/a	n/a	n/a
139.46	0.016	saccade	n/a	356.3	156.1	n/a	394.0	156.0	1.52	120.0
139.478	0.29	fixation	n/a	403.0	155.1	725.0	n/a	n/a	n/a	n/a
139.77	0.022	saccade	n/a	401.6	157.0	n/a	462.7	159.5	2.46	152.0
139.794	0.204	fixation	n/a	472.8	158.2	729.0	n/a	n/a	n/a	n/a
139.928	0.0	trigger_11	11	n/a	n/a	n/a	n/a	n/a	n/a	n/a
139.932	0.0	trigger_10	10	n/a	n/a	n/a	n/a	n/a	n/a	n/a
140.0	0.012	saccade	n/a	474.8	156.9	n/a	495.0	161.2	0.83	76.0
140.014	0.292	fixation	n/a	494.0	160.2	700.0	n/a	n/a	n/a	n/a
140.308	0.014	saccade	n/a	494.5	158.8	n/a	521.0	158.8	1.06	83.0
140.324	0.196	fixation	n/a	523.6	159.5	667.0	n/a	n/a	n/a	n/a
140.522	0.012	saccade	n/a	525.9	162.1	n/a	545.9	159.5	0.81	71.0
140.536	0.256	fixation	n/a	552.8	158.9	654.0	n/a	n/a	n/a	n/a
140.794	0.076	saccade	n/a	552.1	158.9	n/a	140.6	221.6	16.4	379.0
140.872	0.27	fixation	n/a	131.2	221.1	694.0	n/a	n/a	n/a	n/a
141.144	0.012	saccade	n/a	131.6	218.6	n/a	159.5	216.6	1.09	100.0
141.158	0.184	fixation	n/a	166.0	214.6	672.0	n/a	n/a	n/a	n/a
141.344	0.184	saccade	n/a	173.3	217.2	n/a	251.4	227.7	3.11	215.0
141.43	0.064	blink	n/a	n/a	n/a	n/a	n/a	n/a	n/a	n/a
141.53	0.304	fixation	n/a	257.0	140.2	612.0	n/a	n/a	n/a	n/a
141.836	0.022	saccade	n/a	258.7	133.3	n/a	193.8	94.3	3.02	221.0
141.86	0.28	fixation	n/a	184.1	92.1	634.0	n/a	n/a	n/a	n/a
142.142	0.016	saccade	n/a	182.1	94.9	n/a	150.4	87.3	1.28	113.0
142.16	0.164	fixation	n/a	148.8	90.0	681.0	n/a	n/a	n/a	n/a
142.326	0.016	saccade	n/a	148.2	92.0	n/a	183.3	96.1	1.39	108.0
142.344	0.248	fixation	n/a	184.3	96.5	709.0	n/a	n/a	n/a	n/a
142.594	0.026	saccade	n/a	185.1	95.5	n/a	287.3	90.7	4.06	270.0
142.622	0.186	fixation	n/a	291.5	89.5	682.0	n/a	n/a	n/a	n/a
142.81	0.006	saccade	n/a	289.0	90.1	n/a	279.9	89.7	0.36	57.0
142.818	0.4	fixation	n/a	280.0	89.9	677.0	n/a	n/a	n/a	n/a
143.22	0.016	saccade	n/a	280.7	96.3	n/a	316.7	89.3	1.47	117.0
143.238	0.236	fixation	n/a	323.9	88.4	708.0	n/a	n/a	n/a	n/a
143.476	0.018	saccade	n/a	325.5	89.0	n/a	372.8	88.6	1.9	142.0
143.496	0.166	fixation	n/a	380.4	88.4	717.0	n/a	n/a	n/a	n/a
143.664	0.012	saccade	n/a	382.4	88.0	n/a	407.8	88.0	1.02	96.0
143.678	0.168	fixation	n/a	411.0	88.1	722.0	n/a	n/a	n/a	n/a
143.848	0.016	saccade	n/a	411.2	83.3	n/a	447.3	89.1	1.47	118.0
143.866	0.288	fixation	n/a	444.6	86.6	717.0	n/a	n/a	n/a	n/a
144.156	0.02	saccade	n/a	442.8	86.2	n/a	487.0	88.8	1.78	127.0
144.178	0.192	fixation	n/a	492.1	95.1	722.0	n/a	n/a	n/a	n/a
144.372	0.03	saccade	n/a	489.7	96.4	n/a	566.8	110.4	3.13	144.0
144.404	0.078	fixation	n/a	559.4	109.6	727.0	n/a	n/a	n/a	n/a
144.484	0.07	saccade	n/a	558.7	110.0	n/a	182.4	150.5	14.99	440.0
144.556	0.134	fixation	n/a	171.6	149.9	784.0	n/a	n/a	n/a	n/a
144.648	0.0	trigger_11	11	n/a	n/a	n/a	n/a	n/a	n/a	n/a
144.652	0.0	trigger_10	10	n/a	n/a	n/a	n/a	n/a	n/a	n/a
144.692	0.016	saccade	n/a	168.1	150.3	n/a	137.6	154.9	1.21	96.0
144.71	0.194	fixation	n/a	139.5	155.8	818.0	n/a	n/a	n/a	n/a
144.906	0.014	saccade	n/a	139.1	155.4	n/a	168.1	153.6	1.14	100.0
144.922	0.206	fixation	n/a	176.4	152.0	823.0	n/a	n/a	n/a	n/a
145.13	0.02	saccade	n/a	175.8	151.6	n/a	231.0	147.1	2.19	169.0
145.152	0.486	fixation	n/a	237.0	148.3	793.0	n/a	n/a	n/a	n/a
145.64	0.01	saccade	n/a	238.4	150.5	n/a	254.7	151.2	0.65	69.0
145.652	0.19	fixation	n/a	257.6	150.7	789.0	n/a	n/a	n/a	n/a
145.844	0.024	saccade	n/a	256.0	151.8	n/a	329.2	147.4	2.93	163.0
145.87	0.32	fixation	n/a	341.5	150.9	802.0	n/a	n/a	n/a	n/a
146.192	0.016	saccade	n/a	343.4	153.5	n/a	367.4	148.2	0.99	64.0
146.21	0.198	fixation	n/a	371.5	151.7	822.0	n/a	n/a	n/a	n/a
146.41	0.024	saccade	n/a	371.6	155.3	n/a	431.2	153.1	2.4	123.0
146.436	0.2	fixation	n/a	450.5	153.2	764.0	n/a	n/a	n/a	n/a
146.638	0.022	saccade	n/a	451.2	152.8	n/a	461.3	97.1	2.31	181.0
146.662	0.196	fixation	n/a	465.4	105.3	758.0	n/a	n/a	n/a	n/a
146.86	0.064	saccade	n/a	461.1	109.3	n/a	151.8	144.0	12.33	444.0
146.926	0.17	fixation	n/a	162.5	129.7	786.0	n/a	n/a	n/a	n/a
147.098	0.014	saccade	n/a	159.5	124.5	n/a	131.5	108.0	1.28	112.0
147.114	0.058	fixation	n/a	130.6	112.2	798.0	n/a	n/a	n/a	n/a
147.174	0.106	saccade	n/a	132.8	116.3	n/a	195.0	119.5	2.44	832.0
147.212	0.032	blink	n/a	n/a	n/a	n/a	n/a	n/a	n/a	n/a
147.282	0.24	fixation	n/a	196.5	106.3	755.0	n/a	n/a	n/a	n/a
147.524	0.022	saccade	n/a	194.8	105.0	n/a	258.7	97.9	2.55	186.0
147.548	0.244	fixation	n/a	259.0	96.0	737.0	n/a	n/a	n/a	n/a
147.794	0.016	saccade	n/a	259.7	92.4	n/a	300.4	93.1	1.63	116.0
147.812	0.358	fixation	n/a	310.7	94.5	755.0	n/a	n/a	n/a	n/a
148.056	0.0	trigger_11	11	n/a	n/a	n/a	n/a	n/a	n/a	n/a
148.062	0.0	trigger_10	10	n/a	n/a	n/a	n/a	n/a	n/a	n/a
148.172	0.02	saccade	n/a	310.2	92.7	n/a	366.9	88.4	2.29	176.0
148.194	0.092	fixation	n/a	374.5	89.9	716.0	n/a	n/a	n/a	n/a
148.288	0.024	saccade	n/a	375.8	89.0	n/a	450.5	87.5	3.01	197.0
148.314	0.302	fixation	n/a	450.1	87.8	708.0	n/a	n/a	n/a	n/a
148.618	0.016	saccade	n/a	449.5	89.2	n/a	484.7	91.7	1.42	122.0
148.636	0.172	fixation	n/a	496.8	94.9	740.0	n/a	n/a	n/a	n/a
148.81	0.052	saccade	n/a	496.5	94.4	n/a	172.7	150.2	13.05	410.0
148.864	0.246	fixation	n/a	172.3	152.7	786.0	n/a	n/a	n/a	n/a
149.112	0.054	saccade	n/a	172.3	154.9	n/a	499.7	100.1	13.18	376.0
149.168	0.182	fixation	n/a	498.5	97.6	815.0	n/a	n/a	n/a	n/a
149.352	0.056	saccade	n/a	499.2	97.7	n/a	143.5	157.0	14.29	441.0
149.41	0.224	fixation	n/a	147.6	158.9	820.0	n/a	n/a	n/a	n/a
149.636	0.02	saccade	n/a	147.6	160.8	n/a	202.0	155.5	2.15	152.0
149.658	0.202	fixation	n/a	201.8	156.7	823.0	n/a	n/a	n/a	n/a
149.862	0.012	saccade	n/a	204.9	156.0	n/a	228.4	154.4	0.93	89.0
149.876	0.356	fixation	n/a	230.9	155.9	785.0	n/a	n/a	n/a	n/a
150.234	0.024	saccade	n/a	230.8	154.7	n/a	167.8	113.5	2.99	222.0
150.26	0.18	fixation	n/a	155.1	108.6	773.0	n/a	n/a	n/a	n/a
150.442	0.008	saccade	n/a	150.8	106.9	n/a	138.8	98.3	0.58	71.0
150.452	0.254	fixation	n/a	138.1	98.1	776.0	n/a	n/a	n/a	n/a
150.708	0.016	saccade	n/a	139.7	97.8	n/a	175.1	97.0	1.39	109.0
150.726	0.186	fixation	n/a	186.8	99.3	774.0	n/a	n/a	n/a	n/a
150.914	0.098	saccade	n/a	189.3	102.1	n/a	249.3	125.4	2.56	595.0
151.014	0.24	fixation	n/a	248.5	106.7	735.0	n/a	n/a	n/a	n/a
151.256	0.016	saccade	n/a	246.1	99.9	n/a	281.0	92.4	1.43	108.0
151.274	0.244	fixation	n/a	284.8	91.3	693.0	n/a	n/a	n/a	n/a
151.52	0.014	saccade	n/a	285.1	88.2	n/a	315.5	85.5	1.22	101.0
151.536	0.254	fixation	n/a	323.7	86.0	701.0	n/a	n/a	n/a	n/a
151.792	0.116	saccade	n/a	323.1	88.1	n/a	384.5	124.0	2.87	557.0
151.852	0.018	blink	n/a	n/a	n/a	n/a	n/a	n/a	n/a	n/a
151.91	0.29	fixation	n/a	379.9	92.6	707.0	n/a	n/a	n/a	n/a
152.202	0.02	saccade	n/a	379.3	85.7	n/a	430.5	81.5	2.07	131.0
152.224	0.156	fixation	n/a	438.4	82.2	659.0	n/a	n/a	n/a	n/a
152.382	0.018	saccade	n/a	437.5	84.9	n/a	390.2	82.5	1.91	146.0
152.402	0.208	fixation	n/a	388.6	87.3	697.0	n/a	n/a	n/a	n/a
152.612	0.022	saccade	n/a	385.8	89.9	n/a	450.4	89.0	2.6	179.0
152.636	0.216	fixation	n/a	455.4	90.1	747.0	n/a	n/a	n/a	n/a
152.712	0.0	trigger_11	11	n/a	n/a	n/a	n/a	n/a	n/a	n/a
152.72	0.0	trigger_10	10	n/a	n/a	n/a	n/a	n/a	n/a	n/a
152.854	0.032	saccade	n/a	453.5	89.0	n/a	523.9	99.9	2.86	142.0
152.888	0.198	fixation	n/a	517.5	95.8	748.0	n/a	n/a	n/a	n/a
153.088	0.056	saccade	n/a	517.7	96.7	n/a	164.9	156.7	14.18	451.0
153.146	0.154	fixation	n/a	169.3	157.5	770.0	n/a	n/a	n/a	n/a
153.302	0.016	saccade	n/a	168.8	159.5	n/a	135.8	155.8	1.3	113.0
153.32	0.382	fixation	n/a	140.6	157.5	766.0	n/a	n/a	n/a	n/a
153.704	0.01	saccade	n/a	143.2	161.5	n/a	158.2	158.5	0.6	62.0
153.716	0.144	fixation	n/a	165.6	159.1	728.0	n/a	n/a	n/a	n/a
153.862	0.018	saccade	n/a	168.0	159.5	n/a	215.2	158.1	1.86	143.0
153.882	0.32	fixation	n/a	230.9	156.3	703.0	n/a	n/a	n/a	n/a
154.204	0.012	saccade	n/a	230.7	154.7	n/a	255.5	155.8	0.99	89.0
154.218	0.15	fixation	n/a	253.7	155.3	714.0	n/a	n/a	n/a	n/a
154.37	0.034	saccade	n/a	252.3	154.0	n/a	147.9	87.7	4.92	264.0
154.406	0.35	fixation	n/a	147.8	92.1	684.0	n/a	n/a	n/a	n/a
154.758	0.014	saccade	n/a	148.7	91.5	n/a	172.3	95.0	0.94	73.0
154.774	0.224	fixation	n/a	172.1	97.0	720.0	n/a	n/a	n/a	n/a
155.0	0.016	saccade	n/a	171.6	97.5	n/a	139.5	85.7	1.34	104.0
155.018	0.23	fixation	n/a	141.5	86.4	700.0	n/a	n/a	n/a	n/a
155.25	0.012	saccade	n/a	145.5	88.6	n/a	165.2	93.0	0.79	72.0
155.264	0.152	fixation	n/a	171.8	94.7	729.0	n/a	n/a	n/a	n/a
155.418	0.018	saccade	n/a	173.7	95.1	n/a	207.4	94.4	1.33	84.0
155.438	0.122	fixation	n/a	221.2	91.4	709.0	n/a	n/a	n/a	n/a
155.562	0.106	saccade	n/a	222.6	93.9	n/a	301.0	131.0	3.48	478.0
155.67	0.302	fixation	n/a	304.3	95.9	659.0	n/a	n/a	n/a	n/a
155.974	0.026	saccade	n/a	301.6	86.4	n/a	356.7	83.1	2.22	112.0
156.002	0.272	fixation	n/a	372.8	80.1	620.0	n/a	n/a	n/a	n/a
156.276	0.014	saccade	n/a	374.2	84.1	n/a	402.7	86.1	1.15	97.0
156.292	0.206	fixation	n/a	403.5	82.2	625.0	n/a	n/a	n/a	n/a
156.5	0.03	saccade	n/a	403.0	84.1	n/a	472.3	80.8	2.79	123.0
156.532	0.326	fixation	n/a	470.7	74.6	587.0	n/a	n/a	n/a	n/a
156.86	0.018	saccade	n/a	472.4	77.3	n/a	512.9	83.3	1.64	118.0
156.88	0.112	fixation	n/a	516.2	89.0	607.0	n/a	n/a	n/a	n/a
156.994	0.066	saccade	n/a	516.4	91.0	n/a	124.8	152.6	15.62	419.0
157.062	0.232	fixation	n/a	130.0	156.9	662.0	n/a	n/a	n/a	n/a
157.296	0.016	saccade	n/a	132.5	156.7	n/a	160.7	154.2	1.11	82.0
157.314	0.166	fixation	n/a	164.7	154.6	671.0	n/a	n/a	n/a	n/a
157.482	0.022	saccade	n/a	163.4	154.0	n/a	223.6	152.2	2.38	157.0
157.506	0.278	fixation	n/a	242.0	153.9	695.0	n/a	n/a	n/a	n/a
157.786	0.018	saccade	n/a	242.3	152.9	n/a	281.0	152.9	1.54	118.0
157.806	0.372	fixation	n/a	276.6	152.7	730.0	n/a	n/a	n/a	n/a
158.18	0.02	saccade	n/a	274.7	154.0	n/a	323.5	151.8	1.96	137.0
158.202	1.138	fixation	n/a	330.5	151.8	746.0	n/a	n/a	n/a	n/a
159.342	0.042	saccade	n/a	328.7	153.9	n/a	191.3	118.8	5.66	197.0
159.386	0.044	fixation	n/a	185.0	113.0	726.0	n/a	n/a	n/a	n/a
159.432	0.156	saccade	n/a	186.5	117.0	n/a	176.2	112.2	0.45	906.0
159.474	0.074	blink	n/a	n/a	n/a	n/a	n/a	n/a	n/a	n/a
159.59	0.248	fixation	n/a	175.7	111.3	718.0	n/a	n/a	n/a	n/a
159.84	0.016	saccade	n/a	172.5	109.6	n/a	148.6	96.0	1.09	79.0
159.858	0.178	fixation	n/a	143.0	98.5	718.0	n/a	n/a	n/a	n/a
160.038	0.02	saccade	n/a	142.1	105.1	n/a	195.8	106.7	2.11	131.0
160.06	0.578	fixation	n/a	211.0	106.1	742.0	n/a	n/a	n/a	n/a
160.64	0.022	saccade	n/a	212.8	106.6	n/a	164.6	95.6	1.95	113.0
160.664	0.21	fixation	n/a	145.7	87.0	720.0	n/a	n/a	n/a	n/a
160.876	0.018	saccade	n/a	148.4	87.5	n/a	183.6	93.8	1.4	105.0
160.896	0.184	fixation	n/a	195.2	97.2	714.0	n/a	n/a	n/a	n/a
161.082	0.018	saccade	n/a	196.3	101.0	n/a	159.9	89.9	1.5	115.0
161.102	0.22	fixation	n/a	157.9	88.9	707.0	n/a	n/a	n/a	n/a
161.324	0.02	saccade	n/a	156.3	90.1	n/a	196.7	97.8	1.62	101.0
161.346	0.286	fixation	n/a	210.5	94.7	725.0	n/a	n/a	n/a	n/a
161.634	0.022	saccade	n/a	210.6	93.3	n/a	266.0	88.8	2.21	141.0
161.658	0.174	fixation	n/a	281.7	91.0	725.0	n/a	n/a	n/a	n/a
161.834	0.016	saccade	n/a	280.6	92.2	n/a	244.2	90.4	1.45	110.0
161.852	0.214	fixation	n/a	243.1	90.5	713.0	n/a	n/a	n/a	n/a
162.068	0.01	saccade	n/a	238.4	92.9	n/a	223.0	93.7	0.61	64.0
162.08	0.45	fixation	n/a	218.2	95.3	725.0	n/a	n/a	n/a	n/a
162.532	0.018	saccade	n/a	217.0	98.7	n/a	264.3	91.8	1.91	146.0
162.552	0.34	fixation	n/a	278.6	94.7	746.0	n/a	n/a	n/a	n/a
162.894	0.016	saccade	n/a	280.4	97.7	n/a	315.8	93.3	1.43	114.0
162.912	0.298	fixation	n/a	315.7	91.9	763.0	n/a	n/a	n/a	n/a
163.212	0.014	saccade	n/a	313.3	93.1	n/a	290.4	90.6	0.92	73.0
163.228	0.148	fixation	n/a	287.6	90.2	782.0	n/a	n/a	n/a	n/a
163.378	0.026	saccade	n/a	287.2	90.0	n/a	374.4	81.3	3.52	200.0
163.406	0.26	fixation	n/a	391.7	85.3	777.0	n/a	n/a	n/a	n/a
163.602	0.0	trigger_11	11	n/a	n/a	n/a	n/a	n/a	n/a	n/a
163.606	0.0	trigger_10	10	n/a	n/a	n/a	n/a	n/a	n/a	n/a
163.668	0.022	saccade	n/a	390.7	85.3	n/a	450.3	86.2	2.4	164.0
163.692	0.348	fixation	n/a	460.7	86.6	708.0	n/a	n/a	n/a	n/a
164.042	0.056	saccade	n/a	462.5	86.5	n/a	170.9	151.2	11.87	321.0
164.1	0.264	fixation	n/a	176.3	151.3	678.0	n/a	n/a	n/a	n/a
164.366	0.06	saccade	n/a	175.5	152.0	n/a	495.9	101.5	12.9	343.0
164.428	0.154	fixation	n/a	494.9	99.1	672.0	n/a	n/a	n/a	n/a
164.584	0.012	saccade	n/a	496.6	98.7	n/a	513.4	93.8	0.7	66.0
164.598	0.158	fixation	n/a	514.0	97.0	652.0	n/a	n/a	n/a	n/a
164.758	0.058	saccade	n/a	514.6	97.9	n/a	173.4	149.3	13.67	396.0
164.818	0.206	fixation	n/a	175.3	149.9	664.0	n/a	n/a	n/a	n/a
165.026	0.022	saccade	n/a	173.3	150.5	n/a	240.0	152.6	2.64	172.0
165.05	0.248	fixation	n/a	252.0	154.5	699.0	n/a	n/a	n/a	n/a
165.3	0.016	saccade	n/a	251.2	156.3	n/a	286.3	155.3	1.4	118.0
165.318	0.468	fixation	n/a	291.3	156.2	682.0	n/a	n/a	n/a	n/a
165.788	0.024	saccade	n/a	288.2	154.8	n/a	191.7	108.3	4.28	291.0
165.814	0.124	fixation	n/a	166.0	103.4	666.0	n/a	n/a	n/a	n/a
165.94	0.014	saccade	n/a	163.7	103.7	n/a	137.9	82.7	1.32	109.0
165.956	0.462	fixation	n/a	130.6	85.8	682.0	n/a	n/a	n/a	n/a
166.42	0.02	saccade	n/a	123.9	84.6	n/a	179.5	86.8	2.18	148.0
166.442	0.236	fixation	n/a	182.8	91.4	680.0	n/a	n/a	n/a	n/a
166.68	0.024	saccade	n/a	182.4	91.5	n/a	256.6	87.1	2.94	183.0
166.706	0.218	fixation	n/a	269.4	92.5	694.0	n/a	n/a	n/a	n/a
166.926	0.012	saccade	n/a	270.7	95.3	n/a	289.5	96.2	0.75	66.0
166.94	0.244	fixation	n/a	290.6	97.4	722.0	n/a	n/a	n/a	n/a
167.186	0.012	saccade	n/a	292.3	101.0	n/a	313.5	99.0	0.85	75.0
167.2	0.162	fixation	n/a	317.1	96.3	703.0	n/a	n/a	n/a	n/a
167.364	0.028	saccade	n/a	316.0	93.8	n/a	398.9	88.5	3.34	162.0
167.394	0.21	fixation	n/a	406.8	87.1	675.0	n/a	n/a	n/a	n/a
167.606	0.004	saccade	n/a	403.3	88.2	n/a	397.2	88.9	0.25	59.0
167.612	0.154	fixation	n/a	395.2	88.0	684.0	n/a	n/a	n/a	n/a
167.768	0.028	saccade	n/a	392.9	88.2	n/a	482.9	90.7	3.62	196.0
167.798	0.296	fixation	n/a	486.1	91.1	697.0	n/a	n/a	n/a	n/a
167.938	0.0	trigger_11	11	n/a	n/a	n/a	n/a	n/a	n/a	n/a
167.944	0.0	trigger_10	10	n/a	n/a	n/a	n/a	n/a	n/a	n/a
168.096	0.032	saccade	n/a	486.3	90.7	n/a	588.8	99.9	4.1	161.0
168.13	0.36	fixation	n/a	586.8	99.5	671.0	n/a	n/a	n/a	n/a
168.492	0.116	saccade	n/a	579.8	105.8	n/a	593.7	123.8	0.91	604.0
168.536	0.036	blink	n/a	n/a	n/a	n/a	n/a	n/a	n/a	n/a
168.61	0.104	fixation	n/a	586.9	117.3	677.0	n/a	n/a	n/a	n/a
168.716	0.064	saccade	n/a	587.0	112.6	n/a	166.7	167.1	16.73	410.0
168.782	0.12	fixation	n/a	171.1	165.8	708.0	n/a	n/a	n/a	n/a
168.904	0.016	saccade	n/a	169.7	165.0	n/a	133.5	158.5	1.44	128.0
168.922	0.194	fixation	n/a	131.6	158.4	708.0	n/a	n/a	n/a	n/a
169.118	0.024	saccade	n/a	129.5	159.8	n/a	214.8	154.1	3.36	225.0
169.144	0.262	fixation	n/a	235.3	157.7	731.0	n/a	n/a	n/a	n/a
169.408	0.02	saccade	n/a	236.4	161.0	n/a	288.3	155.3	2.08	148.0
169.43	0.298	fixation	n/a	295.5	155.8	697.0	n/a	n/a	n/a	n/a
169.73	0.034	saccade	n/a	294.6	157.1	n/a	174.1	95.0	5.4	288.0
169.766	0.258	fixation	n/a	169.9	89.1	711.0	n/a	n/a	n/a	n/a
170.026	0.01	saccade	n/a	167.9	88.3	n/a	147.8	88.0	0.79	81.0
170.038	0.212	fixation	n/a	148.9	92.6	761.0	n/a	n/a	n/a	n/a
170.252	0.006	saccade	n/a	143.8	97.2	n/a	135.8	94.9	0.33	52.0
170.26	0.25	fixation	n/a	135.4	96.6	811.0	n/a	n/a	n/a	n/a
170.512	0.01	saccade	n/a	136.6	97.5	n/a	155.3	99.0	0.73	80.0
170.524	0.172	fixation	n/a	159.7	96.8	805.0	n/a	n/a	n/a	n/a
170.698	0.018	saccade	n/a	159.6	93.9	n/a	202.0	95.7	1.67	126.0
170.718	0.192	fixation	n/a	202.5	93.7	769.0	n/a	n/a	n/a	n/a
170.912	0.024	saccade	n/a	201.4	92.5	n/a	272.4	90.9	2.82	163.0
170.938	0.266	fixation	n/a	271.5	91.8	752.0	n/a	n/a	n/a	n/a
171.206	0.014	saccade	n/a	272.8	94.5	n/a	296.1	92.2	0.94	79.0
171.222	0.516	fixation	n/a	293.3	92.9	760.0	n/a	n/a	n/a	n/a
171.74	0.024	saccade	n/a	292.5	90.3	n/a	367.2	88.4	3.0	170.0
171.766	0.546	fixation	n/a	370.8	91.9	769.0	n/a	n/a	n/a	n/a
172.314	0.022	saccade	n/a	372.8	95.8	n/a	431.4	92.6	2.37	139.0
172.322	0.0	trigger_11	11	n/a	n/a	n/a	n/a	n/a	n/a	n/a
172.328	0.0	trigger_10	10	n/a	n/a	n/a	n/a	n/a	n/a	n/a
172.338	0.422	fixation	n/a	434.8	86.3	733.0	n/a	n/a	n/a	n/a
172.762	0.01	saccade	n/a	434.6	84.1	n/a	454.0	85.2	0.78	79.0
172.774	0.17	fixation	n/a	458.3	86.2	726.0	n/a	n/a	n/a	n/a
172.946	0.018	saccade	n/a	461.3	84.5	n/a	507.7	91.2	1.88	134.0
172.966	0.2	fixation	n/a	515.0	92.1	717.0	n/a	n/a	n/a	n/a
173.168	0.058	saccade	n/a	515.3	90.8	n/a	157.5	151.9	14.39	391.0
173.228	0.176	fixation	n/a	164.0	155.0	775.0	n/a	n/a	n/a	n/a
173.406	0.014	saccade	n/a	162.4	154.6	n/a	137.0	153.2	0.99	76.0
173.422	0.288	fixation	n/a	132.3	154.3	772.0	n/a	n/a	n/a	n/a
173.712	0.01	saccade	n/a	132.1	153.5	n/a	149.9	151.2	0.7	73.0
173.724	0.164	fixation	n/a	159.2	153.9	735.0	n/a	n/a	n/a	n/a
173.89	0.014	saccade	n/a	160.7	152.9	n/a	193.8	152.6	1.3	112.0
173.906	0.198	fixation	n/a	198.0	153.2	692.0	n/a	n/a	n/a	n/a
174.106	0.024	saccade	n/a	198.4	151.6	n/a	152.0	80.8	3.39	216.0
174.132	0.25	fixation	n/a	156.5	84.9	667.0	n/a	n/a	n/a	n/a
174.384	0.006	saccade	n/a	154.4	85.2	n/a	148.0	81.9	0.28	44.0
174.392	0.368	fixation	n/a	142.8	84.1	718.0	n/a	n/a	n/a	n/a
174.762	0.022	saccade	n/a	133.0	80.1	n/a	200.0	88.5	2.65	163.0
174.786	0.328	fixation	n/a	201.3	87.0	724.0	n/a	n/a	n/a	n/a
175.116	0.156	saccade	n/a	204.9	89.7	n/a	262.5	115.5	2.52	376.0
175.188	0.044	blink	n/a	n/a	n/a	n/a	n/a	n/a	n/a	n/a
175.274	0.404	fixation	n/a	264.4	84.9	654.0	n/a	n/a	n/a	n/a
175.68	0.012	saccade	n/a	266.0	77.7	n/a	291.5	79.0	1.02	96.0
175.694	0.306	fixation	n/a	297.0	81.1	625.0	n/a	n/a	n/a	n/a
176.002	0.012	saccade	n/a	298.2	84.5	n/a	318.3	82.0	0.81	72.0
176.016	0.28	fixation	n/a	328.0	84.7	653.0	n/a	n/a	n/a	n/a
176.298	0.02	saccade	n/a	328.8	85.2	n/a	378.6	80.3	2.01	147.0
176.32	0.378	fixation	n/a	385.5	81.9	668.0	n/a	n/a	n/a	n/a
176.7	0.014	saccade	n/a	387.5	83.4	n/a	416.0	82.7	1.15	95.0
176.716	0.226	fixation	n/a	417.0	85.1	687.0	n/a	n/a	n/a	n/a
176.944	0.02	saccade	n/a	418.7	87.4	n/a	462.6	84.5	1.77	111.0
176.966	0.244	fixation	n/a	471.3	89.2	694.0	n/a	n/a	n/a	n/a
177.212	0.018	saccade	n/a	471.4	91.9	n/a	511.3	96.0	1.61	121.0
177.232	0.348	fixation	n/a	511.3	97.6	758.0	n/a	n/a	n/a	n/a
177.538	0.0	trigger_11	11	n/a	n/a	n/a	n/a	n/a	n/a	n/a
177.548	0.0	trigger_10	10	n/a	n/a	n/a	n/a	n/a	n/a	n/a
177.582	0.068	saccade	n/a	509.4	94.0	n/a	147.6	155.8	14.52	364.0
177.652	0.14	fixation	n/a	152.6	153.9	820.0	n/a	n/a	n/a	n/a
177.794	0.012	saccade	n/a	150.3	152.7	n/a	130.1	150.5	0.79	71.0
177.808	0.264	fixation	n/a	127.6	150.7	828.0	n/a	n/a	n/a	n/a
178.074	0.022	saccade	n/a	124.8	148.6	n/a	188.1	148.5	2.48	168.0
178.098	0.298	fixation	n/a	197.1	149.8	826.0	n/a	n/a	n/a	n/a
178.398	0.016	saccade	n/a	196.3	149.2	n/a	232.6	149.8	1.44	108.0
178.416	0.256	fixation	n/a	236.1	149.6	822.0	n/a	n/a	n/a	n/a
178.674	0.022	saccade	n/a	237.7	150.0	n/a	297.5	144.9	2.4	139.0
178.698	0.224	fixation	n/a	313.5	149.4	769.0	n/a	n/a	n/a	n/a
178.924	0.016	saccade	n/a	315.3	151.0	n/a	347.2	150.6	1.28	116.0
178.942	0.204	fixation	n/a	352.2	151.4	710.0	n/a	n/a	n/a	n/a
179.148	0.05	saccade	n/a	353.0	151.7	n/a	147.0	89.7	8.54	291.0
179.2	0.18	fixation	n/a	148.6	89.3	655.0	n/a	n/a	n/a	n/a
179.382	0.008	saccade	n/a	146.4	89.5	n/a	134.8	80.8	0.57	68.0
179.392	0.44	fixation	n/a	133.6	82.9	712.0	n/a	n/a	n/a	n/a
179.834	0.01	saccade	n/a	135.4	85.8	n/a	153.7	87.9	0.72	75.0
179.846	0.226	fixation	n/a	157.2	89.3	739.0	n/a	n/a	n/a	n/a
180.074	0.02	saccade	n/a	158.9	88.6	n/a	216.0	86.4	2.25	148.0
180.096	0.472	fixation	n/a	235.5	86.0	710.0	n/a	n/a	n/a	n/a
180.57	0.018	saccade	n/a	237.3	85.9	n/a	294.4	85.4	2.28	175.0
180.59	0.22	fixation	n/a	306.0	87.5	692.0	n/a	n/a	n/a	n/a
180.812	0.104	saccade	n/a	308.8	96.9	n/a	331.0	132.4	1.7	498.0
180.866	0.002	blink	n/a	n/a	n/a	n/a	n/a	n/a	n/a	n/a
180.918	0.08	fixation	n/a	330.4	113.7	691.0	n/a	n/a	n/a	n/a
181.0	0.178	saccade	n/a	330.8	121.7	n/a	412.4	116.3	3.29	395.0
181.042	0.1	blink	n/a	n/a	n/a	n/a	n/a	n/a	n/a	n/a
181.18	0.346	fixation	n/a	407.6	89.9	640.0	n/a	n/a	n/a	n/a
181.528	0.006	saccade	n/a	402.8	88.4	n/a	395.1	89.3	0.31	51.0
181.536	0.2	fixation	n/a	392.9	88.4	623.0	n/a	n/a	n/a	n/a
181.738	0.014	saccade	n/a	392.5	89.9	n/a	425.6	89.2	1.33	126.0
181.754	0.282	fixation	n/a	442.1	88.6	625.0	n/a	n/a	n/a	n/a
181.908	0.0	trigger_11	11	n/a	n/a	n/a	n/a	n/a	n/a	n/a
181.916	0.0	trigger_10	10	n/a	n/a	n/a	n/a	n/a	n/a	n/a
182.038	0.022	saccade	n/a	443.7	83.0	n/a	505.7	82.7	2.49	165.0
182.062	0.29	fixation	n/a	511.9	87.4	637.0	n/a	n/a	n/a	n/a
182.354	0.014	saccade	n/a	513.1	90.4	n/a	541.7	94.9	1.16	99.0
182.37	0.166	fixation	n/a	542.0	96.0	631.0	n/a	n/a	n/a	n/a
182.538	0.012	saccade	n/a	543.4	95.7	n/a	568.8	93.3	1.01	95.0
182.552	0.122	fixation	n/a	569.6	94.8	625.0	n/a	n/a	n/a	n/a
182.676	0.074	saccade	n/a	568.7	98.1	n/a	145.6	158.4	16.83	408.0
182.752	0.49	fixation	n/a	132.7	157.6	711.0	n/a	n/a	n/a	n/a
183.244	0.02	saccade	n/a	129.2	154.3	n/a	180.1	156.0	1.99	130.0
183.266	0.274	fixation	n/a	188.5	155.9	681.0	n/a	n/a	n/a	n/a
183.542	0.026	saccade	n/a	188.7	157.7	n/a	163.7	90.2	2.89	193.0
183.57	0.212	fixation	n/a	166.4	100.8	683.0	n/a	n/a	n/a	n/a
183.784	0.008	saccade	n/a	164.4	95.0	n/a	153.0	88.8	0.51	65.0
183.794	0.414	fixation	n/a	152.7	92.9	707.0	n/a	n/a	n/a	n/a
184.21	0.014	saccade	n/a	153.7	99.9	n/a	177.1	95.6	0.93	80.0
184.226	0.264	fixation	n/a	191.2	98.2	775.0	n/a	n/a	n/a	n/a
184.492	0.016	saccade	n/a	193.1	95.8	n/a	232.4	94.7	1.56	117.0
184.51	0.244	fixation	n/a	254.9	92.6	761.0	n/a	n/a	n/a	n/a
184.756	0.02	saccade	n/a	257.7	93.2	n/a	301.0	90.1	1.74	118.0
184.778	0.356	fixation	n/a	310.6	86.4	727.0	n/a	n/a	n/a	n/a
185.136	0.018	saccade	n/a	312.7	84.3	n/a	354.3	82.4	1.68	139.0
185.156	0.158	fixation	n/a	354.0	82.8	706.0	n/a	n/a	n/a	n/a
185.316	0.018	saccade	n/a	354.4	80.9	n/a	398.1	82.8	1.76	122.0
185.336	0.398	fixation	n/a	398.1	82.5	704.0	n/a	n/a	n/a	n/a
185.736	0.018	saccade	n/a	391.5	84.3	n/a	433.9	83.1	1.71	125.0
185.756	0.36	fixation	n/a	432.5	85.3	776.0	n/a	n/a	n/a	n/a
186.118	0.022	saccade	n/a	432.1	85.9	n/a	484.0	88.5	2.09	120.0
186.142	0.382	fixation	n/a	490.3	91.3	811.0	n/a	n/a	n/a	n/a
186.526	0.016	saccade	n/a	491.3	92.8	n/a	526.7	95.7	1.42	108.0
186.544	0.132	fixation	n/a	524.9	96.5	804.0	n/a	n/a	n/a	n/a
186.678	0.062	saccade	n/a	524.5	98.0	n/a	170.3	142.2	14.14	363.0
186.742	0.168	fixation	n/a	176.4	144.8	826.0	n/a	n/a	n/a	n/a
186.912	0.016	saccade	n/a	174.8	145.8	n/a	140.1	149.9	1.37	124.0
186.93	0.408	fixation	n/a	131.7	153.3	846.0	n/a	n/a	n/a	n/a
187.34	0.018	saccade	n/a	129.0	156.0	n/a	179.0	154.7	1.96	135.0
187.36	0.226	fixation	n/a	188.1	155.1	786.0	n/a	n/a	n/a	n/a
187.588	0.16	saccade	n/a	194.5	165.4	n/a	202.1	174.0	0.46	431.0
187.646	0.054	blink	n/a	n/a	n/a	n/a	n/a	n/a	n/a	n/a
187.75	0.254	fixation	n/a	204.2	158.2	776.0	n/a	n/a	n/a	n/a
188.006	0.018	saccade	n/a	203.2	154.2	n/a	257.0	153.6	2.14	148.0
188.026	0.258	fixation	n/a	263.8	152.1	733.0	n/a	n/a	n/a	n/a
188.286	0.032	saccade	n/a	266.5	151.2	n/a	339.9	155.0	2.95	121.0
188.32	0.22	fixation	n/a	335.9	149.8	758.0	n/a	n/a	n/a	n/a
188.542	0.008	saccade	n/a	334.8	150.2	n/a	323.4	151.8	0.46	58.0
188.552	0.14	fixation	n/a	322.5	153.8	763.0	n/a	n/a	n/a	n/a
188.694	0.022	saccade	n/a	320.4	153.9	n/a	384.5	153.2	2.58	162.0
188.718	0.216	fixation	n/a	396.6	151.3	758.0	n/a	n/a	n/a	n/a
188.936	0.022	saccade	n/a	397.6	152.5	n/a	464.3	153.4	2.68	186.0
188.96	0.368	fixation	n/a	480.7	155.5	726.0	n/a	n/a	n/a	n/a
189.33	0.112	saccade	n/a	479.0	164.6	n/a	539.1	181.9	2.51	710.0
189.372	0.034	blink	n/a	n/a	n/a	n/a	n/a	n/a	n/a	n/a
189.444	0.136	fixation	n/a	532.9	171.3	723.0	n/a	n/a	n/a	n/a
189.582	0.066	saccade	n/a	533.2	167.6	n/a	170.7	223.3	14.5	429.0
189.65	0.14	fixation	n/a	161.3	220.2	760.0	n/a	n/a	n/a	n/a
189.792	0.01	saccade	n/a	156.6	221.2	n/a	137.8	221.7	0.73	74.0
189.804	0.228	fixation	n/a	133.8	223.3	750.0	n/a	n/a	n/a	n/a
190.034	0.022	saccade	n/a	130.6	221.4	n/a	188.5	225.0	2.27	141.0
190.058	0.222	fixation	n/a	202.8	219.7	747.0	n/a	n/a	n/a	n/a
190.282	0.016	saccade	n/a	202.3	217.0	n/a	162.3	216.5	1.57	126.0
190.3	0.236	fixation	n/a	154.7	216.3	746.0	n/a	n/a	n/a	n/a
190.538	0.018	saccade	n/a	154.9	215.3	n/a	205.9	217.5	2.01	139.0
190.558	0.252	fixation	n/a	223.0	215.2	766.0	n/a	n/a	n/a	n/a
190.812	0.008	saccade	n/a	227.7	215.3	n/a	243.0	213.8	0.61	74.0
190.822	0.246	fixation	n/a	245.2	217.2	759.0	n/a	n/a	n/a	n/a
191.07	0.018	saccade	n/a	243.0	217.7	n/a	200.5	213.6	1.69	122.0
191.09	0.164	fixation	n/a	191.8	217.7	762.0	n/a	n/a	n/a	n/a
191.256	0.022	saccade	n/a	189.8	216.0	n/a	249.2	215.2	2.35	155.0
191.28	0.16	fixation	n/a	252.1	216.7	758.0	n/a	n/a	n/a	n/a
191.442	0.026	saccade	n/a	253.4	218.8	n/a	330.8	217.2	3.09	187.0
191.47	0.224	fixation	n/a	330.9	218.3	751.0	n/a	n/a	n/a	n/a
191.696	0.018	saccade	n/a	332.1	218.4	n/a	377.3	217.6	1.82	143.0
191.716	0.208	fixation	n/a	391.5	219.7	738.0	n/a	n/a	n/a	n/a
191.926	0.014	saccade	n/a	389.2	220.7	n/a	359.2	217.6	1.21	98.0
191.942	0.056	fixation	n/a	356.2	218.3	721.0	n/a	n/a	n/a	n/a
192.0	0.038	saccade	n/a	356.2	220.7	n/a	490.7	228.5	5.4	246.0
192.04	0.304	fixation	n/a	491.4	221.7	713.0	n/a	n/a	n/a	n/a
192.132	0.0	trigger_11	11	n/a	n/a	n/a	n/a	n/a	n/a	n/a
192.138	0.0	trigger_10	10	n/a	n/a	n/a	n/a	n/a	n/a	n/a
192.346	0.03	saccade	n/a	492.0	221.2	n/a	557.7	219.2	2.62	152.0
192.378	0.194	fixation	n/a	554.3	219.0	703.0	n/a	n/a	n/a	n/a
192.574	0.058	saccade	n/a	553.9	221.4	n/a	167.5	270.5	15.34	415.0
192.634	0.15	fixation	n/a	169.5	272.1	709.0	n/a	n/a	n/a	n/a
192.786	0.012	saccade	n/a	165.9	274.1	n/a	144.8	273.0	0.82	81.0
192.8	0.152	fixation	n/a	142.0	277.0	730.0	n/a	n/a	n/a	n/a
192.954	0.02	saccade	n/a	142.4	276.7	n/a	201.6	275.5	2.31	171.0
192.976	0.226	fixation	n/a	208.2	274.9	726.0	n/a	n/a	n/a	n/a
193.204	0.02	saccade	n/a	208.4	275.2	n/a	264.8	277.0	2.23	164.0
193.226	0.17	fixation	n/a	284.9	276.3	682.0	n/a	n/a	n/a	n/a
193.398	0.022	saccade	n/a	285.4	277.4	n/a	345.4	275.3	2.39	167.0
193.422	0.268	fixation	n/a	347.8	278.0	665.0	n/a	n/a	n/a	n/a
193.692	0.018	saccade	n/a	348.0	278.8	n/a	399.4	278.7	2.06	158.0
193.712	0.212	fixation	n/a	405.9	279.6	673.0	n/a	n/a	n/a	n/a
193.926	0.018	saccade	n/a	406.7	280.7	n/a	450.4	280.4	1.75	144.0
193.946	0.124	fixation	n/a	453.4	280.5	687.0	n/a	n/a	n/a	n/a
194.072	0.046	saccade	n/a	453.4	279.8	n/a	201.8	115.2	12.01	441.0
194.12	0.232	fixation	n/a	189.8	102.6	710.0	n/a	n/a	n/a	n/a
194.354	0.02	saccade	n/a	189.3	103.6	n/a	149.4	92.3	1.63	126.0
194.376	0.216	fixation	n/a	148.4	97.4	750.0	n/a	n/a	n/a	n/a
194.594	0.124	saccade	n/a	152.5	104.6	n/a	185.9	100.9	1.32	655.0
194.642	0.038	blink	n/a	n/a	n/a	n/a	n/a	n/a	n/a	n/a
194.72	0.202	fixation	n/a	184.7	93.6	782.0	n/a	n/a	n/a	n/a
194.924	0.008	saccade	n/a	182.1	93.0	n/a	173.9	100.2	0.43	55.0
194.934	0.162	fixation	n/a	174.4	102.5	765.0	n/a	n/a	n/a	n/a
195.098	0.016	saccade	n/a	177.1	103.5	n/a	212.4	104.3	1.4	122.0
195.116	0.142	fixation	n/a	218.3	102.5	795.0	n/a	n/a	n/a	n/a
195.26	0.026	saccade	n/a	220.1	102.4	n/a	303.1	99.5	3.32	212.0
195.288	0.272	fixation	n/a	303.5	98.1	829.0	n/a	n/a	n/a	n/a
195.562	0.02	saccade	n/a	305.6	98.1	n/a	363.6	91.6	2.35	187.0
195.584	0.328	fixation	n/a	373.1	93.7	773.0	n/a	n/a	n/a	n/a
195.914	0.016	saccade	n/a	375.1	93.2	n/a	410.8	92.0	1.44	117.0
195.932	0.214	fixation	n/a	416.8	88.3	725.0	n/a	n/a	n/a	n/a
196.148	0.016	saccade	n/a	420.1	86.7	n/a	454.6	85.7	1.39	103.0
196.166	0.368	fixation	n/a	465.7	84.7	699.0	n/a	n/a	n/a	n/a
196.536	0.01	saccade	n/a	466.7	84.8	n/a	487.0	88.7	0.83	87.0
196.548	0.18	fixation	n/a	485.1	90.6	745.0	n/a	n/a	n/a	n/a
196.73	0.026	saccade	n/a	486.1	90.7	n/a	545.4	95.2	2.38	117.0
196.758	0.262	fixation	n/a	537.7	95.9	745.0	n/a	n/a	n/a	n/a
196.9	0.0	trigger_11	11	n/a	n/a	n/a	n/a	n/a	n/a	n/a
196.904	0.0	trigger_10	10	n/a	n/a	n/a	n/a	n/a	n/a	n/a
197.022	0.062	saccade	n/a	535.8	98.6	n/a	148.8	156.6	15.47	401.0
197.086	0.152	fixation	n/a	153.3	157.0	820.0	n/a	n/a	n/a	n/a
197.24	0.01	saccade	n/a	147.7	158.1	n/a	130.6	154.3	0.68	73.0
197.252	0.212	fixation	n/a	127.2	155.8	806.0	n/a	n/a	n/a	n/a
197.466	0.022	saccade	n/a	125.9	156.0	n/a	183.1	151.8	2.25	170.0
197.49	0.282	fixation	n/a	192.0	154.2	795.0	n/a	n/a	n/a	n/a
197.774	0.02	saccade	n/a	192.4	153.6	n/a	253.6	147.0	2.44	185.0
197.796	0.206	fixation	n/a	263.4	149.8	795.0	n/a	n/a	n/a	n/a
198.004	0.012	saccade	n/a	264.6	149.8	n/a	285.8	150.1	0.85	84.0
198.018	0.114	fixation	n/a	295.4	154.4	808.0	n/a	n/a	n/a	n/a
198.134	0.022	saccade	n/a	295.0	153.7	n/a	358.1	150.6	2.54	183.0
198.158	0.222	fixation	n/a	362.5	153.2	811.0	n/a	n/a	n/a	n/a
198.382	0.02	saccade	n/a	363.4	153.5	n/a	413.7	152.5	2.03	133.0
198.404	0.196	fixation	n/a	419.8	151.8	809.0	n/a	n/a	n/a	n/a
198.602	0.04	saccade	n/a	420.6	153.1	n/a	512.2	159.2	3.69	191.0
198.644	0.198	fixation	n/a	508.3	159.2	793.0	n/a	n/a	n/a	n/a
198.844	0.056	saccade	n/a	509.6	160.9	n/a	186.4	95.2	13.1	424.0
198.902	0.194	fixation	n/a	187.8	97.8	768.0	n/a	n/a	n/a	n/a
198.908	0.0	trigger_11	11	n/a	n/a	n/a	n/a	n/a	n/a	n/a
198.914	0.0	trigger_10	10	n/a	n/a	n/a	n/a	n/a	n/a	n/a
199.098	0.018	saccade	n/a	186.0	100.1	n/a	136.3	91.8	1.97	134.0
199.118	0.354	fixation	n/a	135.8	93.7	801.0	n/a	n/a	n/a	n/a
199.474	0.016	saccade	n/a	134.1	89.6	n/a	174.0	94.8	1.58	128.0
199.492	0.276	fixation	n/a	181.4	92.5	781.0	n/a	n/a	n/a	n/a
199.77	0.014	saccade	n/a	182.8	90.6	n/a	208.6	86.7	1.03	85.0
199.786	0.154	fixation	n/a	217.1	85.5	738.0	n/a	n/a	n/a	n/a
199.942	0.022	saccade	n/a	217.1	86.8	n/a	281.6	86.2	2.57	186.0
199.966	0.412	fixation	n/a	288.3	89.0	762.0	n/a	n/a	n/a	n/a
200.38	0.016	saccade	n/a	287.5	91.1	n/a	319.9	88.8	1.3	116.0
200.398	0.282	fixation	n/a	324.6	86.4	761.0	n/a	n/a	n/a	n/a
200.682	0.018	saccade	n/a	325.0	84.5	n/a	367.7	82.7	1.72	142.0
200.702	0.168	fixation	n/a	378.3	85.8	780.0	n/a	n/a	n/a	n/a
200.872	0.04	saccade	n/a	380.2	85.0	n/a	222.2	81.1	6.32	328.0
200.914	0.194	fixation	n/a	220.6	85.4	807.0	n/a	n/a	n/a	n/a
201.11	0.018	saccade	n/a	217.4	89.2	n/a	160.0	90.2	2.26	172.0
201.13	0.23	fixation	n/a	155.6	95.9	840.0	n/a	n/a	n/a	n/a
201.362	0.008	saccade	n/a	150.6	98.3	n/a	140.3	97.3	0.4	50.0
201.372	0.198	fixation	n/a	140.6	97.5	809.0	n/a	n/a	n/a	n/a
201.572	0.018	saccade	n/a	140.6	96.6	n/a	183.0	93.6	1.67	132.0
201.592	0.19	fixation	n/a	189.8	94.8	763.0	n/a	n/a	n/a	n/a
201.784	0.096	saccade	n/a	191.2	95.1	n/a	214.8	112.8	1.18	202.0
201.882	0.138	fixation	n/a	221.4	101.4	734.0	n/a	n/a	n/a	n/a
202.022	0.12	saccade	n/a	227.4	106.0	n/a	241.0	108.1	0.55	662.0
202.054	0.05	blink	n/a	n/a	n/a	n/a	n/a	n/a	n/a	n/a
202.144	0.148	fixation	n/a	239.8	103.1	744.0	n/a	n/a	n/a	n/a
202.294	0.016	saccade	n/a	236.9	98.5	n/a	196.2	95.4	1.62	117.0
202.312	0.11	fixation	n/a	192.0	98.2	759.0	n/a	n/a	n/a	n/a
202.424	0.022	saccade	n/a	190.0	97.7	n/a	261.0	91.7	2.82	226.0
202.448	0.364	fixation	n/a	262.4	93.4	760.0	n/a	n/a	n/a	n/a
202.814	0.01	saccade	n/a	264.0	94.2	n/a	281.4	91.2	0.71	71.0
202.826	0.65	fixation	n/a	289.3	93.7	782.0	n/a	n/a	n/a	n/a
203.478	0.008	saccade	n/a	288.9	97.6	n/a	277.7	95.7	0.45	54.0
203.488	0.184	fixation	n/a	275.0	98.1	793.0	n/a	n/a	n/a	n/a
203.674	0.012	saccade	n/a	276.0	99.6	n/a	299.3	99.7	0.93	85.0
203.688	0.202	fixation	n/a	303.0	100.0	814.0	n/a	n/a	n/a	n/a
203.892	0.014	saccade	n/a	303.6	97.5	n/a	331.8	95.5	1.14	102.0
203.908	0.31	fixation	n/a	332.6	96.0	833.0	n/a	n/a	n/a	n/a
204.22	0.016	saccade	n/a	333.7	95.3	n/a	365.7	92.7	1.29	93.0
204.238	0.26	fixation	n/a	360.8	92.3	861.0	n/a	n/a	n/a	n/a
204.5	0.016	saccade	n/a	359.8	92.8	n/a	395.9	90.0	1.46	115.0
204.518	0.25	fixation	n/a	401.7	91.8	841.0	n/a	n/a	n/a	n/a
204.77	0.018	saccade	n/a	400.4	93.1	n/a	357.5	92.3	1.73	126.0
204.79	0.208	fixation	n/a	354.9	92.5	832.0	n/a	n/a	n/a	n/a
205.0	0.01	saccade	n/a	348.2	93.2	n/a	330.6	94.6	0.71	75.0
205.012	0.124	fixation	n/a	326.7	95.3	842.0	n/a	n/a	n/a	n/a
205.138	0.024	saccade	n/a	326.3	95.9	n/a	393.9	89.7	2.73	169.0
205.164	0.262	fixation	n/a	390.1	90.9	855.0	n/a	n/a	n/a	n/a
205.428	0.02	saccade	n/a	390.3	90.3	n/a	446.3	91.9	2.26	153.0
205.45	0.196	fixation	n/a	447.8	91.1	814.0	n/a	n/a	n/a	n/a
205.648	0.018	saccade	n/a	449.9	90.6	n/a	483.9	93.9	1.37	114.0
205.668	0.166	fixation	n/a	494.5	97.3	757.0	n/a	n/a	n/a	n/a
205.836	0.034	saccade	n/a	493.4	96.4	n/a	552.8	103.0	2.39	124.0
205.844	0.0	trigger_11	11	n/a	n/a	n/a	n/a	n/a	n/a	n/a
205.852	0.0	trigger_10	10	n/a	n/a	n/a	n/a	n/a	n/a	n/a
205.872	0.12	fixation	n/a	545.0	100.2	749.0	n/a	n/a	n/a	n/a
205.994	0.07	saccade	n/a	544.4	99.3	n/a	164.2	142.7	15.13	421.0
206.066	0.108	fixation	n/a	154.7	145.5	802.0	n/a	n/a	n/a	n/a
206.176	0.012	saccade	n/a	154.9	148.0	n/a	132.0	154.7	0.93	90.0
206.19	0.168	fixation	n/a	133.2	152.8	845.0	n/a	n/a	n/a	n/a
206.36	0.02	saccade	n/a	131.8	153.5	n/a	191.8	154.4	2.35	182.0
206.382	0.26	fixation	n/a	195.7	153.9	854.0	n/a	n/a	n/a	n/a
206.644	0.02	saccade	n/a	194.1	157.0	n/a	251.0	151.4	2.27	167.0
206.666	0.326	fixation	n/a	255.4	154.3	825.0	n/a	n/a	n/a	n/a
206.994	0.012	saccade	n/a	257.8	160.2	n/a	280.5	153.9	0.94	90.0
207.008	0.196	fixation	n/a	284.4	156.9	841.0	n/a	n/a	n/a	n/a
207.206	0.02	saccade	n/a	284.4	157.9	n/a	336.8	155.2	2.1	156.0
207.228	0.218	fixation	n/a	339.0	156.0	820.0	n/a	n/a	n/a	n/a
207.448	0.03	saccade	n/a	339.4	153.9	n/a	427.1	148.8	3.54	191.0
207.48	0.282	fixation	n/a	425.9	150.7	810.0	n/a	n/a	n/a	n/a
207.764	0.016	saccade	n/a	426.3	151.6	n/a	462.5	155.7	1.47	116.0
207.782	0.254	fixation	n/a	474.2	154.8	814.0	n/a	n/a	n/a	n/a
208.038	0.054	saccade	n/a	474.4	157.6	n/a	173.7	95.0	12.22	405.0
208.094	0.138	fixation	n/a	176.8	97.2	797.0	n/a	n/a	n/a	n/a
208.234	0.018	saccade	n/a	175.7	96.9	n/a	136.1	89.2	1.58	122.0
208.254	0.102	fixation	n/a	139.8	91.3	794.0	n/a	n/a	n/a	n/a
208.358	0.106	saccade	n/a	141.3	96.2	n/a	165.8	111.0	1.13	846.0
208.402	0.022	blink	n/a	n/a	n/a	n/a	n/a	n/a	n/a	n/a
208.466	0.282	fixation	n/a	163.0	105.1	793.0	n/a	n/a	n/a	n/a
208.75	0.006	saccade	n/a	155.9	99.1	n/a	147.0	98.7	0.35	54.0
208.758	0.098	fixation	n/a	145.7	97.3	750.0	n/a	n/a	n/a	n/a
208.858	0.032	saccade	n/a	145.5	97.3	n/a	248.8	97.0	4.07	160.0
208.892	0.27	fixation	n/a	254.6	96.4	762.0	n/a	n/a	n/a	n/a
209.164	0.014	saccade	n/a	256.5	96.9	n/a	288.0	92.0	1.27	107.0
209.18	0.372	fixation	n/a	294.3	92.9	754.0	n/a	n/a	n/a	n/a
209.554	0.02	saccade	n/a	293.6	91.7	n/a	354.4	87.0	2.45	172.0
209.576	0.302	fixation	n/a	364.3	86.7	730.0	n/a	n/a	n/a	n/a
209.88	0.016	saccade	n/a	364.3	87.4	n/a	406.7	81.0	1.73	143.0
209.898	0.27	fixation	n/a	419.2	84.7	732.0	n/a	n/a	n/a	n/a
210.17	0.014	saccade	n/a	422.6	84.4	n/a	458.3	86.3	1.44	126.0
210.186	0.172	fixation	n/a	464.3	85.6	718.0	n/a	n/a	n/a	n/a
210.36	0.03	saccade	n/a	463.5	87.0	n/a	550.3	95.5	3.49	183.0
210.392	0.318	fixation	n/a	546.1	96.4	719.0	n/a	n/a	n/a	n/a
210.712	0.016	saccade	n/a	544.5	96.1	n/a	579.9	98.9	1.41	119.0
210.73	0.09	fixation	n/a	571.1	98.1	738.0	n/a	n/a	n/a	n/a
210.822	0.076	saccade	n/a	570.5	99.1	n/a	158.4	157.1	16.43	417.0
210.9	0.17	fixation	n/a	149.5	155.4	779.0	n/a	n/a	n/a	n/a
211.072	0.008	saccade	n/a	146.0	150.7	n/a	132.9	148.0	0.52	64.0
211.082	0.28	fixation	n/a	131.6	150.9	786.0	n/a	n/a	n/a	n/a
211.364	0.018	saccade	n/a	131.7	152.3	n/a	185.3	147.8	2.11	172.0
211.384	0.508	fixation	n/a	193.8	150.8	758.0	n/a	n/a	n/a	n/a
211.894	0.022	saccade	n/a	187.5	150.9	n/a	244.0	149.9	2.24	149.0
211.918	0.264	fixation	n/a	250.1	148.0	745.0	n/a	n/a	n/a	n/a
212.184	0.02	saccade	n/a	249.9	146.8	n/a	300.4	142.3	2.03	132.0
212.206	0.386	fixation	n/a	302.7	147.6	740.0	n/a	n/a	n/a	n/a
212.594	0.018	saccade	n/a	302.0	148.9	n/a	344.6	146.3	1.71	113.0
212.614	0.208	fixation	n/a	364.6	148.3	735.0	n/a	n/a	n/a	n/a
212.824	0.018	saccade	n/a	368.6	149.6	n/a	416.1	149.5	1.92	122.0
212.844	0.15	fixation	n/a	425.0	150.3	712.0	n/a	n/a	n/a	n/a
212.996	0.034	saccade	n/a	425.3	150.0	n/a	528.8	161.9	4.18	200.0
213.03	0.0	trigger_11	11	n/a	n/a	n/a	n/a	n/a	n/a	n/a
213.032	0.262	fixation	n/a	527.6	159.5	692.0	n/a	n/a	n/a	n/a
213.036	0.0	trigger_10	10	n/a	n/a	n/a	n/a	n/a	n/a	n/a
213.296	0.012	saccade	n/a	529.7	158.9	n/a	551.8	160.1	0.88	80.0
213.31	0.082	fixation	n/a	552.7	160.1	647.0	n/a	n/a	n/a	n/a
213.394	0.07	saccade	n/a	552.0	159.4	n/a	143.2	224.8	16.31	405.0
213.466	0.224	fixation	n/a	137.3	226.8	648.0	n/a	n/a	n/a	n/a
213.692	0.022	saccade	n/a	138.1	226.0	n/a	183.1	216.2	1.8	105.0
213.716	0.416	fixation	n/a	196.0	216.9	661.0	n/a	n/a	n/a	n/a
214.134	0.024	saccade	n/a	195.4	216.6	n/a	262.9	221.6	2.68	159.0
214.16	0.24	fixation	n/a	272.6	222.0	650.0	n/a	n/a	n/a	n/a
214.402	0.016	saccade	n/a	272.7	219.6	n/a	307.6	218.1	1.39	116.0
214.42	0.144	fixation	n/a	320.8	218.0	642.0	n/a	n/a	n/a	n/a
214.566	0.036	saccade	n/a	321.2	217.5	n/a	446.0	224.1	5.01	218.0
214.604	0.304	fixation	n/a	444.4	223.4	642.0	n/a	n/a	n/a	n/a
214.91	0.084	saccade	n/a	446.1	220.7	n/a	223.8	103.5	10.07	359.0
214.996	0.212	fixation	n/a	226.9	101.7	666.0	n/a	n/a	n/a	n/a
215.21	0.022	saccade	n/a	224.6	101.6	n/a	154.0	78.1	2.94	215.0
215.234	0.404	fixation	n/a	143.3	88.9	741.0	n/a	n/a	n/a	n/a
215.64	0.138	saccade	n/a	137.5	89.8	n/a	217.1	110.6	3.24	907.0
215.682	0.064	blink	n/a	n/a	n/a	n/a	n/a	n/a	n/a	n/a
215.78	0.298	fixation	n/a	213.5	93.7	715.0	n/a	n/a	n/a	n/a
216.08	0.018	saccade	n/a	209.5	93.0	n/a	256.4	95.6	1.86	144.0
216.1	0.272	fixation	n/a	252.8	97.0	766.0	n/a	n/a	n/a	n/a
216.374	0.02	saccade	n/a	249.1	97.6	n/a	300.4	96.4	2.05	145.0
216.396	0.536	fixation	n/a	313.5	97.4	821.0	n/a	n/a	n/a	n/a
216.934	0.028	saccade	n/a	313.7	98.2	n/a	399.2	92.0	3.45	175.0
216.964	0.39	fixation	n/a	403.1	88.6	789.0	n/a	n/a	n/a	n/a
217.356	0.032	saccade	n/a	402.8	89.7	n/a	504.3	101.6	4.11	202.0
217.39	0.204	fixation	n/a	501.5	102.0	790.0	n/a	n/a	n/a	n/a
217.596	0.006	saccade	n/a	500.8	103.4	n/a	493.1	101.6	0.32	47.0
217.604	0.142	fixation	n/a	494.5	100.4	755.0	n/a	n/a	n/a	n/a
217.748	0.016	saccade	n/a	495.3	98.7	n/a	524.1	100.0	1.16	90.0
217.766	0.234	fixation	n/a	521.0	104.4	756.0	n/a	n/a	n/a	n/a
218.002	0.056	saccade	n/a	520.3	109.3	n/a	138.9	123.2	15.09	434.0
218.06	0.214	fixation	n/a	145.4	126.1	810.0	n/a	n/a	n/a	n/a
218.276	0.018	saccade	n/a	143.2	125.4	n/a	130.4	161.2	1.52	105.0
218.296	0.228	fixation	n/a	135.0	156.3	834.0	n/a	n/a	n/a	n/a
218.526	0.014	saccade	n/a	132.4	155.6	n/a	162.5	158.1	1.18	107.0
218.542	0.256	fixation	n/a	163.0	155.3	902.0	n/a	n/a	n/a	n/a
218.8	0.018	saccade	n/a	163.1	156.4	n/a	208.6	153.0	1.8	137.0
218.82	0.302	fixation	n/a	215.8	151.9	895.0	n/a	n/a	n/a	n/a
219.124	0.022	saccade	n/a	215.8	151.8	n/a	285.8	151.2	2.79	209.0
219.148	0.3	fixation	n/a	288.0	150.3	889.0	n/a	n/a	n/a	n/a
219.45	0.018	saccade	n/a	289.4	148.8	n/a	327.9	143.9	1.56	107.0
219.47	0.28	fixation	n/a	338.3	151.8	854.0	n/a	n/a	n/a	n/a
219.752	0.022	saccade	n/a	340.6	157.4	n/a	382.0	152.7	1.68	118.0
219.776	0.492	fixation	n/a	409.6	155.5	795.0	n/a	n/a	n/a	n/a
220.27	0.014	saccade	n/a	410.8	161.1	n/a	439.6	161.3	1.16	96.0
220.286	0.284	fixation	n/a	451.2	165.1	809.0	n/a	n/a	n/a	n/a
220.572	0.014	saccade	n/a	453.6	167.2	n/a	485.7	169.0	1.29	102.0
220.588	0.294	fixation	n/a	484.9	170.5	800.0	n/a	n/a	n/a	n/a
220.884	0.032	saccade	n/a	482.9	170.8	n/a	562.7	173.0	3.19	178.0
220.918	0.226	fixation	n/a	559.5	173.1	795.0	n/a	n/a	n/a	n/a
221.146	0.014	saccade	n/a	559.5	173.9	n/a	584.8	172.9	1.0	81.0
221.162	0.08	fixation	n/a	582.7	174.0	786.0	n/a	n/a	n/a	n/a
221.244	0.072	saccade	n/a	582.1	175.5	n/a	167.8	221.9	16.39	425.0
221.318	0.146	fixation	n/a	155.0	221.7	819.0	n/a	n/a	n/a	n/a
221.398	0.0	trigger_11	11	n/a	n/a	n/a	n/a	n/a	n/a	n/a
221.408	0.0	trigger_10	10	n/a	n/a	n/a	n/a	n/a	n/a	n/a
221.466	0.008	saccade	n/a	151.1	220.7	n/a	139.4	217.9	0.47	59.0
221.476	0.192	fixation	n/a	138.1	218.0	805.0	n/a	n/a	n/a	n/a
221.67	0.018	saccade	n/a	137.7	219.9	n/a	166.2	217.2	1.12	89.0
221.69	0.146	fixation	n/a	177.4	217.5	766.0	n/a	n/a	n/a	n/a
221.838	0.02	saccade	n/a	178.3	216.6	n/a	237.8	218.3	2.35	177.0
221.86	0.254	fixation	n/a	253.3	216.0	765.0	n/a	n/a	n/a	n/a
222.116	0.054	saccade	n/a	251.1	213.1	n/a	347.6	211.0	3.85	112.0
222.172	0.298	fixation	n/a	359.2	211.0	775.0	n/a	n/a	n/a	n/a
222.472	0.01	saccade	n/a	360.2	211.7	n/a	377.7	210.7	0.7	74.0
222.484	0.092	fixation	n/a	378.0	212.8	744.0	n/a	n/a	n/a	n/a
222.578	0.022	saccade	n/a	377.9	212.2	n/a	305.1	217.0	2.92	201.0
222.602	0.196	fixation	n/a	297.2	217.5	746.0	n/a	n/a	n/a	n/a
222.8	0.022	saccade	n/a	297.6	217.7	n/a	362.1	216.0	2.59	150.0
222.824	0.178	fixation	n/a	370.7	214.8	745.0	n/a	n/a	n/a	n/a
223.004	0.054	saccade	n/a	371.7	214.7	n/a	154.6	80.6	10.17	375.0
223.06	0.16	fixation	n/a	156.8	83.0	753.0	n/a	n/a	n/a	n/a
223.222	0.008	saccade	n/a	155.5	82.1	n/a	140.1	85.0	0.61	75.0
223.232	0.508	fixation	n/a	140.3	87.5	804.0	n/a	n/a	n/a	n/a
223.742	0.112	saccade	n/a	141.0	90.2	n/a	180.6	111.3	1.77	1029.0
223.784	0.034	blink	n/a	n/a	n/a	n/a	n/a	n/a	n/a	n/a
223.856	0.166	fixation	n/a	179.7	104.0	794.0	n/a	n/a	n/a	n/a
224.024	0.016	saccade	n/a	179.0	99.0	n/a	220.6	100.4	1.65	132.0
224.042	0.188	fixation	n/a	223.9	99.5	799.0	n/a	n/a	n/a	n/a
224.232	0.016	saccade	n/a	225.2	98.8	n/a	259.4	98.6	1.36	101.0
224.25	0.244	fixation	n/a	262.3	98.7	799.0	n/a	n/a	n/a	n/a
224.496	0.018	saccade	n/a	262.3	97.4	n/a	306.3	94.3	1.77	128.0
224.516	0.276	fixation	n/a	319.0	91.5	830.0	n/a	n/a	n/a	n/a
224.794	0.022	saccade	n/a	321.9	90.4	n/a	387.5	87.5	2.64	170.0
224.818	0.452	fixation	n/a	402.2	87.6	762.0	n/a	n/a	n/a	n/a
225.272	0.022	saccade	n/a	399.4	86.2	n/a	452.8	89.7	2.15	146.0
225.296	0.354	fixation	n/a	454.7	86.5	717.0	n/a	n/a	n/a	n/a
225.652	0.024	saccade	n/a	452.8	86.6	n/a	511.9	95.5	2.4	141.0
225.678	0.292	fixation	n/a	517.7	96.5	700.0	n/a	n/a	n/a	n/a
225.972	0.018	saccade	n/a	516.8	96.4	n/a	558.8	96.0	1.68	117.0
225.992	0.148	fixation	n/a	562.3	99.8	682.0	n/a	n/a	n/a	n/a
226.142	0.064	saccade	n/a	563.5	100.0	n/a	135.1	154.0	17.01	442.0
226.208	0.316	fixation	n/a	139.5	156.4	731.0	n/a	n/a	n/a	n/a
226.526	0.02	saccade	n/a	134.7	161.9	n/a	189.5	162.2	2.14	158.0
226.548	0.232	fixation	n/a	199.0	163.3	735.0	n/a	n/a	n/a	n/a
226.782	0.022	saccade	n/a	199.7	164.7	n/a	258.9	159.7	2.36	164.0
226.806	0.26	fixation	n/a	275.9	159.5	713.0	n/a	n/a	n/a	n/a
226.87	0.0	trigger_11	11	n/a	n/a	n/a	n/a	n/a	n/a	n/a
226.874	0.0	trigger_10	10	n/a	n/a	n/a	n/a	n/a	n/a	n/a
227.068	0.018	saccade	n/a	277.3	160.0	n/a	323.1	159.3	1.84	139.0
227.088	0.352	fixation	n/a	338.8	160.6	694.0	n/a	n/a	n/a	n/a
227.442	0.02	saccade	n/a	337.3	161.9	n/a	387.4	161.4	2.02	147.0
227.464	0.368	fixation	n/a	392.0	162.7	685.0	n/a	n/a	n/a	n/a
227.834	0.022	saccade	n/a	391.8	163.0	n/a	448.3	163.1	2.27	139.0
227.858	0.324	fixation	n/a	473.2	163.3	687.0	n/a	n/a	n/a	n/a
228.184	0.02	saccade	n/a	472.8	162.6	n/a	519.9	164.4	1.89	110.0
228.206	0.266	fixation	n/a	526.5	164.3	716.0	n/a	n/a	n/a	n/a
228.474	0.07	saccade	n/a	526.6	162.8	n/a	151.8	220.3	14.99	432.0
228.546	0.14	fixation	n/a	141.1	219.6	775.0	n/a	n/a	n/a	n/a
228.688	0.008	saccade	n/a	138.4	219.4	n/a	126.8	212.7	0.52	64.0
228.698	0.164	fixation	n/a	126.6	214.4	776.0	n/a	n/a	n/a	n/a
228.864	0.032	saccade	n/a	128.6	217.4	n/a	140.9	92.7	5.02	339.0
228.898	0.228	fixation	n/a	142.3	99.0	748.0	n/a	n/a	n/a	n/a
229.128	0.014	saccade	n/a	145.9	103.7	n/a	133.3	86.5	0.85	72.0
229.144	0.154	fixation	n/a	135.3	93.0	827.0	n/a	n/a	n/a	n/a
229.3	0.018	saccade	n/a	133.3	94.0	n/a	185.0	92.7	2.02	156.0
229.32	0.166	fixation	n/a	191.1	94.9	859.0	n/a	n/a	n/a	n/a
229.488	0.02	saccade	n/a	193.5	96.9	n/a	144.6	85.9	1.97	144.0
229.51	0.192	fixation	n/a	145.3	90.7	830.0	n/a	n/a	n/a	n/a
229.704	0.02	saccade	n/a	146.7	92.1	n/a	197.1	98.2	2.0	133.0
229.726	0.55	fixation	n/a	198.6	99.7	800.0	n/a	n/a	n/a	n/a
229.79	0.0	trigger_11	11	n/a	n/a	n/a	n/a	n/a	n/a	n/a
229.794	0.0	trigger_10	10	n/a	n/a	n/a	n/a	n/a	n/a	n/a
230.278	0.012	saccade	n/a	194.8	99.5	n/a	215.7	94.7	0.85	76.0
230.292	0.31	fixation	n/a	227.0	92.1	760.0	n/a	n/a	n/a	n/a
230.604	0.022	saccade	n/a	229.0	95.7	n/a	289.5	88.2	2.43	142.0
230.628	0.204	fixation	n/a	303.7	90.1	756.0	n/a	n/a	n/a	n/a
230.834	0.006	saccade	n/a	302.0	91.8	n/a	291.6	90.0	0.42	62.0
230.842	0.13	fixation	n/a	290.5	91.2	766.0	n/a	n/a	n/a	n/a
230.974	0.018	saccade	n/a	291.3	92.0	n/a	329.3	87.0	1.54	112.0
230.994	0.282	fixation	n/a	327.5	88.8	751.0	n/a	n/a	n/a	n/a
231.278	0.04	saccade	n/a	329.2	89.4	n/a	441.8	89.3	4.53	144.0
231.32	0.318	fixation	n/a	436.1	87.6	714.0	n/a	n/a	n/a	n/a
231.64	0.014	saccade	n/a	434.3	90.7	n/a	410.3	93.5	0.97	87.0
231.656	0.188	fixation	n/a	408.6	93.1	731.0	n/a	n/a	n/a	n/a
231.846	0.006	saccade	n/a	407.7	93.7	n/a	418.2	95.4	0.43	59.0
231.854	0.176	fixation	n/a	417.5	96.6	756.0	n/a	n/a	n/a	n/a
232.032	0.05	saccade	n/a	416.9	98.0	n/a	146.7	88.3	10.73	396.0
232.084	0.178	fixation	n/a	146.0	88.8	782.0	n/a	n/a	n/a	n/a
232.264	0.006	saccade	n/a	139.8	88.9	n/a	130.4	89.1	0.37	54.0
232.272	0.208	fixation	n/a	133.1	89.2	781.0	n/a	n/a	n/a	n/a
232.482	0.022	saccade	n/a	133.7	86.9	n/a	185.0	89.4	2.01	137.0
232.506	0.228	fixation	n/a	196.6	88.3	759.0	n/a	n/a	n/a	n/a
232.736	0.014	saccade	n/a	199.4	88.4	n/a	229.9	87.6	1.21	110.0
232.752	0.204	fixation	n/a	235.8	87.4	750.0	n/a	n/a	n/a	n/a
232.784	0.0	trigger_11	11	n/a	n/a	n/a	n/a	n/a	n/a	n/a
232.788	0.0	trigger_10	10	n/a	n/a	n/a	n/a	n/a	n/a	n/a
232.958	0.02	saccade	n/a	237.1	86.6	n/a	293.7	83.0	2.26	157.0
232.98	0.302	fixation	n/a	300.0	85.2	776.0	n/a	n/a	n/a	n/a
233.284	0.02	saccade	n/a	300.3	86.6	n/a	349.0	81.5	1.97	154.0
233.306	0.426	fixation	n/a	353.4	86.7	800.0	n/a	n/a	n/a	n/a
233.734	0.022	saccade	n/a	353.4	87.8	n/a	402.5	89.3	1.98	114.0
233.758	0.274	fixation	n/a	412.9	93.0	800.0	n/a	n/a	n/a	n/a
234.034	0.016	saccade	n/a	414.7	97.7	n/a	453.4	96.9	1.56	116.0
234.052	0.258	fixation	n/a	454.2	98.5	820.0	n/a	n/a	n/a	n/a
234.312	0.014	saccade	n/a	454.1	100.8	n/a	486.1	96.6	1.3	109.0
234.328	0.124	fixation	n/a	490.9	100.7	817.0	n/a	n/a	n/a	n/a
234.454	0.066	saccade	n/a	492.2	101.4	n/a	173.0	100.8	12.69	403.0
234.522	0.168	fixation	n/a	164.4	103.7	827.0	n/a	n/a	n/a	n/a
234.692	0.014	saccade	n/a	163.9	106.5	n/a	139.7	93.1	1.09	103.0
234.708	0.424	fixation	n/a	143.5	97.6	877.0	n/a	n/a	n/a	n/a
234.984	0.0	trigger_11	11	n/a	n/a	n/a	n/a	n/a	n/a	n/a
234.988	0.0	trigger_10	10	n/a	n/a	n/a	n/a	n/a	n/a	n/a
235.134	0.012	saccade	n/a	143.0	98.4	n/a	163.8	96.7	0.82	78.0
235.148	0.154	fixation	n/a	171.7	98.1	852.0	n/a	n/a	n/a	n/a
235.304	0.02	saccade	n/a	172.9	99.3	n/a	230.9	92.7	2.31	164.0
235.326	0.278	fixation	n/a	250.1	93.8	806.0	n/a	n/a	n/a	n/a
235.606	0.016	saccade	n/a	254.1	96.2	n/a	294.1	91.0	1.61	128.0
235.624	0.298	fixation	n/a	305.3	92.4	769.0	n/a	n/a	n/a	n/a
235.924	0.04	saccade	n/a	305.7	92.5	n/a	396.7	86.6	3.67	154.0
235.966	0.208	fixation	n/a	391.7	85.3	740.0	n/a	n/a	n/a	n/a
236.176	0.024	saccade	n/a	390.5	85.4	n/a	464.6	83.8	2.98	205.0
236.202	0.188	fixation	n/a	464.7	84.8	725.0	n/a	n/a	n/a	n/a
236.392	0.022	saccade	n/a	462.7	87.2	n/a	526.7	93.6	2.58	185.0
236.416	0.192	fixation	n/a	526.1	93.8	741.0	n/a	n/a	n/a	n/a
236.61	0.07	saccade	n/a	525.1	93.1	n/a	148.0	153.5	15.1	441.0
236.682	0.218	fixation	n/a	134.5	155.2	791.0	n/a	n/a	n/a	n/a
236.902	0.038	saccade	n/a	131.5	154.5	n/a	167.3	84.2	3.16	331.0
236.942	0.246	fixation	n/a	165.3	76.4	769.0	n/a	n/a	n/a	n/a
237.19	0.012	saccade	n/a	162.2	78.3	n/a	138.2	84.2	0.97	95.0
237.204	0.23	fixation	n/a	138.0	85.1	789.0	n/a	n/a	n/a	n/a
237.436	0.134	saccade	n/a	140.6	90.7	n/a	168.4	106.0	1.25	1078.0
237.474	0.06	blink	n/a	n/a	n/a	n/a	n/a	n/a	n/a	n/a
237.572	0.218	fixation	n/a	166.9	101.5	802.0	n/a	n/a	n/a	n/a
237.792	0.01	saccade	n/a	167.2	97.7	n/a	181.9	105.6	0.66	69.0
237.804	0.244	fixation	n/a	185.2	104.5	739.0	n/a	n/a	n/a	n/a
238.05	0.022	saccade	n/a	185.7	99.8	n/a	245.9	105.7	2.4	151.0
238.074	0.37	fixation	n/a	251.1	108.5	739.0	n/a	n/a	n/a	n/a
238.368	0.0	trigger_11	11	n/a	n/a	n/a	n/a	n/a	n/a	n/a
238.374	0.0	trigger_10	10	n/a	n/a	n/a	n/a	n/a	n/a	n/a
238.446	0.02	saccade	n/a	252.7	104.7	n/a	292.3	99.0	1.6	110.0
238.468	0.28	fixation	n/a	303.1	100.4	755.0	n/a	n/a	n/a	n/a
238.75	0.038	saccade	n/a	304.2	98.1	n/a	399.3	102.9	3.83	179.0
238.79	0.466	fixation	n/a	394.2	99.6	745.0	n/a	n/a	n/a	n/a
239.258	0.038	saccade	n/a	391.2	97.8	n/a	504.6	111.3	4.59	196.0
239.298	0.218	fixation	n/a	499.5	110.9	736.0	n/a	n/a	n/a	n/a
239.518	0.056	saccade	n/a	500.1	110.9	n/a	163.4	164.6	13.54	408.0
239.576	0.142	fixation	n/a	168.7	166.1	760.0	n/a	n/a	n/a	n/a
239.712	0.0	trigger_11	11	n/a	n/a	n/a	n/a	n/a	n/a	n/a
239.718	0.0	trigger_10	10	n/a	n/a	n/a	n/a	n/a	n/a	n/a
239.72	0.014	saccade	n/a	166.6	166.4	n/a	136.5	165.8	1.18	104.0
239.736	0.266	fixation	n/a	136.9	166.3	756.0	n/a	n/a	n/a	n/a
240.004	0.02	saccade	n/a	136.9	162.9	n/a	197.1	161.8	2.36	166.0
240.026	0.296	fixation	n/a	213.8	164.7	692.0	n/a	n/a	n/a	n/a
240.324	0.016	saccade	n/a	215.7	166.3	n/a	250.4	167.6	1.38	112.0
240.342	0.218	fixation	n/a	258.3	165.9	620.0	n/a	n/a	n/a	n/a
240.562	0.042	saccade	n/a	259.4	163.1	n/a	149.3	81.9	5.45	247.0
240.606	0.44	fixation	n/a	151.8	80.3	589.0	n/a	n/a	n/a	n/a
241.048	0.014	saccade	n/a	157.5	80.0	n/a	182.1	79.7	0.97	88.0
241.064	0.192	fixation	n/a	200.9	82.9	662.0	n/a	n/a	n/a	n/a
241.258	0.02	saccade	n/a	202.2	82.7	n/a	264.0	77.1	2.47	156.0
241.28	0.152	fixation	n/a	273.9	82.7	685.0	n/a	n/a	n/a	n/a
241.434	0.034	saccade	n/a	276.3	84.6	n/a	162.6	75.5	4.52	239.0
241.47	0.532	fixation	n/a	168.0	89.9	808.0	n/a	n/a	n/a	n/a
242.004	0.014	saccade	n/a	164.8	97.7	n/a	142.7	96.7	0.87	71.0
242.02	0.126	fixation	n/a	143.7	95.6	872.0	n/a	n/a	n/a	n/a
242.148	0.09	saccade	n/a	144.2	98.0	n/a	134.5	138.1	1.66	463.0
242.24	0.192	fixation	n/a	141.5	121.6	800.0	n/a	n/a	n/a	n/a
242.434	0.016	saccade	n/a	141.0	113.7	n/a	174.9	96.9	1.49	124.0
242.452	0.114	fixation	n/a	184.7	98.0	755.0	n/a	n/a	n/a	n/a
242.568	0.118	saccade	n/a	185.7	98.6	n/a	230.3	101.3	1.77	768.0
242.61	0.042	blink	n/a	n/a	n/a	n/a	n/a	n/a	n/a	n/a
242.688	0.238	fixation	n/a	227.9	94.7	768.0	n/a	n/a	n/a	n/a
242.928	0.018	saccade	n/a	224.5	90.9	n/a	265.4	97.8	1.65	127.0
242.948	0.256	fixation	n/a	265.8	99.5	755.0	n/a	n/a	n/a	n/a
243.206	0.034	saccade	n/a	266.0	98.0	n/a	321.9	101.2	2.24	100.0
243.242	0.234	fixation	n/a	321.4	96.8	761.0	n/a	n/a	n/a	n/a
243.478	0.014	saccade	n/a	323.8	95.2	n/a	354.0	91.2	1.23	100.0
243.494	0.208	fixation	n/a	368.3	90.4	738.0	n/a	n/a	n/a	n/a
243.704	0.016	saccade	n/a	369.9	90.6	n/a	405.8	88.6	1.45	112.0
243.722	0.23	fixation	n/a	412.0	93.6	742.0	n/a	n/a	n/a	n/a
243.954	0.022	saccade	n/a	410.2	95.9	n/a	463.9	97.5	2.16	147.0
243.978	0.266	fixation	n/a	486.2	106.0	764.0	n/a	n/a	n/a	n/a
244.246	0.056	saccade	n/a	487.5	108.5	n/a	157.0	172.9	13.35	398.0
244.304	0.16	fixation	n/a	158.4	173.6	808.0	n/a	n/a	n/a	n/a
244.466	0.01	saccade	n/a	156.6	175.1	n/a	139.7	171.5	0.67	69.0
244.478	0.158	fixation	n/a	139.7	171.1	817.0	n/a	n/a	n/a	n/a
244.638	0.022	saccade	n/a	140.2	171.1	n/a	221.9	164.7	3.22	224.0
244.662	0.268	fixation	n/a	230.5	164.4	805.0	n/a	n/a	n/a	n/a
244.932	0.018	saccade	n/a	229.4	164.7	n/a	272.9	163.0	1.73	136.0
244.952	0.336	fixation	n/a	306.3	166.3	777.0	n/a	n/a	n/a	n/a
245.29	0.016	saccade	n/a	304.9	168.9	n/a	336.8	169.8	1.28	90.0
245.308	0.202	fixation	n/a	341.9	169.4	774.0	n/a	n/a	n/a	n/a
245.512	0.014	saccade	n/a	343.1	169.1	n/a	369.5	172.8	1.07	89.0
245.528	0.22	fixation	n/a	368.5	171.0	763.0	n/a	n/a	n/a	n/a
245.75	0.034	saccade	n/a	368.9	168.5	n/a	453.3	166.2	3.39	148.0
245.786	0.544	fixation	n/a	450.8	166.8	757.0	n/a	n/a	n/a	n/a
246.332	0.022	saccade	n/a	452.0	166.3	n/a	511.3	169.4	2.38	137.0
246.356	0.278	fixation	n/a	516.2	166.5	734.0	n/a	n/a	n/a	n/a
246.448	0.0	trigger_11	11	n/a	n/a	n/a	n/a	n/a	n/a	n/a
246.454	0.0	trigger_10	10	n/a	n/a	n/a	n/a	n/a	n/a	n/a
246.636	0.018	saccade	n/a	516.6	165.7	n/a	552.8	166.9	1.45	106.0
246.656	0.138	fixation	n/a	567.8	168.4	729.0	n/a	n/a	n/a	n/a
246.796	0.02	saccade	n/a	566.1	169.4	n/a	620.8	167.9	2.16	148.0
246.818	0.152	fixation	n/a	634.3	172.0	715.0	n/a	n/a	n/a	n/a
246.972	0.078	saccade	n/a	634.7	172.1	n/a	166.5	215.5	18.41	451.0
247.052	0.372	fixation	n/a	153.6	215.4	775.0	n/a	n/a	n/a	n/a
247.426	0.006	saccade	n/a	147.5	217.9	n/a	139.6	215.2	0.33	49.0
247.434	0.134	fixation	n/a	134.4	215.6	763.0	n/a	n/a	n/a	n/a
247.57	0.02	saccade	n/a	133.2	215.3	n/a	179.0	215.1	1.79	128.0
247.592	0.21	fixation	n/a	202.5	217.2	721.0	n/a	n/a	n/a	n/a
247.804	0.016	saccade	n/a	205.3	216.5	n/a	239.7	215.5	1.36	103.0
247.822	0.202	fixation	n/a	262.7	213.8	717.0	n/a	n/a	n/a	n/a
248.026	0.03	saccade	n/a	262.8	214.5	n/a	341.8	212.3	3.16	184.0
248.058	0.262	fixation	n/a	337.9	214.1	714.0	n/a	n/a	n/a	n/a
248.322	0.04	saccade	n/a	336.5	214.2	n/a	190.6	106.6	7.27	292.0
248.352	0.0	trigger_11	11	n/a	n/a	n/a	n/a	n/a	n/a	n/a
248.358	0.0	trigger_10	10	n/a	n/a	n/a	n/a	n/a	n/a	n/a
248.364	0.278	fixation	n/a	179.8	99.1	706.0	n/a	n/a	n/a	n/a
248.644	0.018	saccade	n/a	178.9	100.4	n/a	135.2	81.9	1.87	144.0
248.664	0.246	fixation	n/a	133.0	87.1	756.0	n/a	n/a	n/a	n/a
248.912	0.126	saccade	n/a	134.2	87.2	n/a	251.8	118.1	4.8	891.0
248.95	0.056	blink	n/a	n/a	n/a	n/a	n/a	n/a	n/a	n/a
249.04	0.152	fixation	n/a	249.5	115.5	763.0	n/a	n/a	n/a	n/a
249.194	0.018	saccade	n/a	247.0	112.8	n/a	205.9	113.8	1.63	126.0
249.214	0.108	fixation	n/a	211.4	115.7	743.0	n/a	n/a	n/a	n/a
249.324	0.018	saccade	n/a	211.0	117.0	n/a	255.9	111.9	1.79	149.0
249.344	0.438	fixation	n/a	256.0	115.7	727.0	n/a	n/a	n/a	n/a
249.784	0.034	saccade	n/a	253.0	122.3	n/a	356.5	119.2	4.15	186.0
249.82	0.314	fixation	n/a	355.4	117.7	758.0	n/a	n/a	n/a	n/a
250.136	0.01	saccade	n/a	356.8	115.9	n/a	371.7	113.1	0.61	68.0
250.148	0.422	fixation	n/a	370.7	112.9	742.0	n/a	n/a	n/a	n/a
250.572	0.046	saccade	n/a	370.8	112.7	n/a	162.4	112.0	8.29	317.0
250.62	0.22	fixation	n/a	164.1	114.1	758.0	n/a	n/a	n/a	n/a
250.842	0.012	saccade	n/a	162.1	114.0	n/a	142.9	108.6	0.78	75.0
250.856	0.156	fixation	n/a	141.7	106.9	760.0	n/a	n/a	n/a	n/a
251.014	0.016	saccade	n/a	140.5	106.8	n/a	171.0	113.1	1.22	90.0
251.032	0.846	fixation	n/a	171.4	112.1	753.0	n/a	n/a	n/a	n/a
251.88	0.01	saccade	n/a	167.9	113.1	n/a	186.3	114.7	0.73	77.0
251.892	0.434	fixation	n/a	182.3	113.0	790.0	n/a	n/a	n/a	n/a
252.328	0.018	saccade	n/a	174.5	112.8	n/a	217.3	113.4	1.69	117.0
252.348	0.274	fixation	n/a	226.8	111.2	809.0	n/a	n/a	n/a	n/a
252.624	0.018	saccade	n/a	227.8	110.1	n/a	275.0	105.4	1.89	139.0
252.644	0.024	fixation	n/a	276.5	106.7	805.0	n/a	n/a	n/a	n/a
252.67	0.024	saccade	n/a	280.4	107.2	n/a	341.2	107.5	2.44	138.0
252.696	0.12	fixation	n/a	335.1	106.7	794.0	n/a	n/a	n/a	n/a
252.818	0.012	saccade	n/a	331.2	107.8	n/a	307.1	107.5	0.97	92.0
252.832	0.326	fixation	n/a	304.8	105.6	727.0	n/a	n/a	n/a	n/a
253.16	0.018	saccade	n/a	305.4	105.0	n/a	349.4	104.1	1.77	133.0
253.18	0.192	fixation	n/a	364.9	103.9	693.0	n/a	n/a	n/a	n/a
253.374	0.016	saccade	n/a	366.6	104.1	n/a	403.3	101.6	1.48	114.0
253.392	0.246	fixation	n/a	402.6	101.9	711.0	n/a	n/a	n/a	n/a
253.64	0.028	saccade	n/a	400.4	102.2	n/a	476.4	98.3	3.06	153.0
253.67	0.294	fixation	n/a	477.8	101.1	726.0	n/a	n/a	n/a	n/a
253.966	0.014	saccade	n/a	477.7	99.4	n/a	442.9	98.5	1.4	109.0
253.982	0.164	fixation	n/a	439.6	97.9	709.0	n/a	n/a	n/a	n/a
254.148	0.016	saccade	n/a	438.9	99.0	n/a	480.9	100.6	1.69	140.0
254.166	0.28	fixation	n/a	490.3	103.2	752.0	n/a	n/a	n/a	n/a
254.448	0.016	saccade	n/a	490.7	103.6	n/a	523.2	104.5	1.3	103.0
254.466	0.092	fixation	n/a	521.2	104.8	804.0	n/a	n/a	n/a	n/a
254.56	0.06	saccade	n/a	521.8	105.5	n/a	155.9	155.0	14.6	415.0
254.622	0.164	fixation	n/a	162.3	155.5	821.0	n/a	n/a	n/a	n/a
254.788	0.012	saccade	n/a	159.7	157.2	n/a	137.9	159.9	0.86	76.0
254.802	0.222	fixation	n/a	138.4	159.5	828.0	n/a	n/a	n/a	n/a
255.026	0.016	saccade	n/a	139.0	158.0	n/a	182.1	154.3	1.69	124.0
255.044	0.298	fixation	n/a	190.5	153.2	820.0	n/a	n/a	n/a	n/a
255.344	0.018	saccade	n/a	190.4	152.0	n/a	231.6	152.8	1.63	121.0
255.364	0.16	fixation	n/a	249.9	152.1	793.0	n/a	n/a	n/a	n/a
255.526	0.016	saccade	n/a	251.9	151.8	n/a	293.3	151.6	1.65	126.0
255.544	0.332	fixation	n/a	302.0	153.8	789.0	n/a	n/a	n/a	n/a
255.81	0.0	trigger_11	11	n/a	n/a	n/a	n/a	n/a	n/a	n/a
255.814	0.0	trigger_10	10	n/a	n/a	n/a	n/a	n/a	n/a	n/a
255.878	0.02	saccade	n/a	300.9	156.9	n/a	353.4	153.7	2.11	146.0
255.9	0.346	fixation	n/a	362.3	156.0	751.0	n/a	n/a	n/a	n/a
256.248	0.028	saccade	n/a	364.0	158.0	n/a	435.8	156.5	2.9	133.0
256.278	0.42	fixation	n/a	437.4	156.1	700.0	n/a	n/a	n/a	n/a
256.7	0.016	saccade	n/a	438.4	157.6	n/a	475.5	159.9	1.49	124.0
256.718	0.17	fixation	n/a	486.8	160.7	684.0	n/a	n/a	n/a	n/a
256.89	0.02	saccade	n/a	487.0	162.1	n/a	529.2	161.3	1.69	130.0
256.912	0.088	fixation	n/a	534.8	163.2	672.0	n/a	n/a	n/a	n/a
257.002	0.064	saccade	n/a	534.5	164.5	n/a	128.8	208.4	16.04	380.0
257.068	0.23	fixation	n/a	132.9	209.9	703.0	n/a	n/a	n/a	n/a
257.3	0.028	saccade	n/a	132.6	209.2	n/a	156.3	119.4	3.72	209.0
257.33	0.17	fixation	n/a	179.1	122.2	660.0	n/a	n/a	n/a	n/a
257.502	0.014	saccade	n/a	182.0	122.4	n/a	166.3	100.3	1.09	105.0
257.518	0.518	fixation	n/a	162.6	106.6	690.0	n/a	n/a	n/a	n/a
258.038	0.012	saccade	n/a	157.2	113.5	n/a	136.9	108.9	0.81	74.0
258.052	0.294	fixation	n/a	134.4	108.9	739.0	n/a	n/a	n/a	n/a
258.348	0.018	saccade	n/a	134.2	111.0	n/a	174.0	113.0	1.56	117.0
258.368	0.16	fixation	n/a	182.1	114.4	749.0	n/a	n/a	n/a	n/a
258.53	0.014	saccade	n/a	180.3	110.5	n/a	153.1	110.6	1.07	94.0
258.546	0.118	fixation	n/a	152.8	107.7	730.0	n/a	n/a	n/a	n/a
258.666	0.02	saccade	n/a	153.1	107.6	n/a	206.2	107.9	2.09	148.0
258.688	0.144	fixation	n/a	220.8	109.7	746.0	n/a	n/a	n/a	n/a
258.834	0.03	saccade	n/a	221.9	109.9	n/a	324.4	108.7	4.09	245.0
258.866	0.154	fixation	n/a	321.4	108.8	777.0	n/a	n/a	n/a	n/a
259.022	0.014	saccade	n/a	318.8	109.9	n/a	291.1	108.6	1.11	90.0
259.038	0.138	fixation	n/a	294.6	112.1	812.0	n/a	n/a	n/a	n/a
259.178	0.022	saccade	n/a	291.5	115.8	n/a	353.7	113.6	2.5	183.0
259.202	0.356	fixation	n/a	354.5	115.0	787.0	n/a	n/a	n/a	n/a
259.56	0.022	saccade	n/a	355.5	117.1	n/a	308.3	117.4	1.9	121.0
259.584	0.248	fixation	n/a	294.3	120.4	788.0	n/a	n/a	n/a	n/a
259.834	0.02	saccade	n/a	291.8	117.5	n/a	347.0	113.8	2.22	153.0
259.856	0.28	fixation	n/a	352.7	116.5	791.0	n/a	n/a	n/a	n/a
260.138	0.016	saccade	n/a	352.6	118.8	n/a	389.2	115.4	1.48	123.0
260.156	0.358	fixation	n/a	397.4	115.6	790.0	n/a	n/a	n/a	n/a
260.516	0.01	saccade	n/a	398.3	115.9	n/a	420.3	114.2	0.89	93.0
260.528	0.116	fixation	n/a	420.7	115.7	822.0	n/a	n/a	n/a	n/a
260.646	0.092	saccade	n/a	418.7	114.0	n/a	485.9	136.4	2.85	669.0
260.694	0.006	blink	n/a	n/a	n/a	n/a	n/a	n/a	n/a	n/a
260.74	0.374	fixation	n/a	483.8	123.9	813.0	n/a	n/a	n/a	n/a
260.994	0.0	trigger_11	11	n/a	n/a	n/a	n/a	n/a	n/a	n/a
261.0	0.0	trigger_10	10	n/a	n/a	n/a	n/a	n/a	n/a	n/a
261.116	0.056	saccade	n/a	481.1	122.8	n/a	126.8	175.3	14.14	412.0
261.174	0.272	fixation	n/a	130.8	178.1	774.0	n/a	n/a	n/a	n/a
261.448	0.026	saccade	n/a	128.9	177.2	n/a	219.5	170.9	3.57	213.0
261.476	0.256	fixation	n/a	230.4	170.8	777.0	n/a	n/a	n/a	n/a
261.734	0.014	saccade	n/a	229.4	171.0	n/a	211.8	172.2	0.7	56.0
261.75	0.162	fixation	n/a	206.8	171.1	742.0	n/a	n/a	n/a	n/a
261.914	0.02	saccade	n/a	205.0	170.7	n/a	255.5	168.8	2.01	154.0
261.936	0.272	fixation	n/a	276.7	165.1	712.0	n/a	n/a	n/a	n/a
262.21	0.02	saccade	n/a	277.2	164.7	n/a	326.3	164.0	1.97	146.0
262.232	0.234	fixation	n/a	337.7	165.7	752.0	n/a	n/a	n/a	n/a
262.468	0.022	saccade	n/a	335.7	167.1	n/a	415.2	161.6	3.21	221.0
262.492	0.37	fixation	n/a	424.5	159.6	781.0	n/a	n/a	n/a	n/a
262.864	0.05	saccade	n/a	425.5	158.3	n/a	187.7	111.3	9.66	337.0
262.916	0.27	fixation	n/a	192.4	113.6	796.0	n/a	n/a	n/a	n/a
263.188	0.022	saccade	n/a	192.6	114.4	n/a	136.1	101.4	2.28	167.0
263.212	0.452	fixation	n/a	132.4	105.7	842.0	n/a	n/a	n/a	n/a
263.666	0.018	saccade	n/a	126.2	106.4	n/a	180.7	106.7	2.13	170.0
263.686	0.31	fixation	n/a	191.3	107.3	815.0	n/a	n/a	n/a	n/a
263.998	0.022	saccade	n/a	192.7	108.6	n/a	256.5	105.3	2.54	188.0
264.022	0.308	fixation	n/a	259.2	107.1	828.0	n/a	n/a	n/a	n/a
264.332	0.01	saccade	n/a	261.4	109.1	n/a	278.1	110.7	0.67	69.0
264.344	0.224	fixation	n/a	278.4	110.1	862.0	n/a	n/a	n/a	n/a
264.57	0.022	saccade	n/a	278.6	107.4	n/a	340.9	106.9	2.5	134.0
264.594	0.172	fixation	n/a	350.8	107.3	864.0	n/a	n/a	n/a	n/a
264.768	0.018	saccade	n/a	350.9	108.0	n/a	390.0	102.4	1.59	120.0
264.788	0.258	fixation	n/a	397.8	106.9	821.0	n/a	n/a	n/a	n/a
265.048	0.038	saccade	n/a	398.2	107.2	n/a	514.8	117.5	4.7	167.0
265.088	0.352	fixation	n/a	511.1	113.7	771.0	n/a	n/a	n/a	n/a
265.442	0.022	saccade	n/a	509.7	115.3	n/a	557.3	116.7	1.9	111.0
265.466	0.18	fixation	n/a	552.2	117.4	761.0	n/a	n/a	n/a	n/a
265.648	0.064	saccade	n/a	553.0	118.0	n/a	150.6	164.3	15.98	422.0
265.714	0.16	fixation	n/a	156.2	165.8	784.0	n/a	n/a	n/a	n/a
265.876	0.01	saccade	n/a	152.8	164.1	n/a	135.5	166.0	0.68	73.0
265.888	0.306	fixation	n/a	132.0	166.8	819.0	n/a	n/a	n/a	n/a
266.196	0.01	saccade	n/a	132.8	166.6	n/a	147.8	164.0	0.59	61.0
266.208	0.17	fixation	n/a	153.0	163.7	798.0	n/a	n/a	n/a	n/a
266.38	0.02	saccade	n/a	152.8	164.9	n/a	205.3	160.6	2.07	164.0
266.402	0.388	fixation	n/a	219.1	160.7	755.0	n/a	n/a	n/a	n/a
266.792	0.008	saccade	n/a	221.6	160.0	n/a	234.7	159.2	0.52	65.0
266.802	0.15	fixation	n/a	236.3	159.8	767.0	n/a	n/a	n/a	n/a
266.954	0.028	saccade	n/a	235.2	159.5	n/a	319.8	156.8	3.38	194.0
266.984	0.326	fixation	n/a	320.2	159.7	743.0	n/a	n/a	n/a	n/a
267.312	0.024	saccade	n/a	319.6	162.5	n/a	384.7	159.1	2.62	157.0
267.338	0.294	fixation	n/a	398.9	158.7	723.0	n/a	n/a	n/a	n/a
267.634	0.034	saccade	n/a	400.3	158.1	n/a	510.3	163.8	4.42	212.0
267.67	0.266	fixation	n/a	508.4	161.0	715.0	n/a	n/a	n/a	n/a
267.938	0.058	saccade	n/a	508.9	163.2	n/a	152.8	208.8	14.2	402.0
267.998	0.138	fixation	n/a	155.7	208.5	734.0	n/a	n/a	n/a	n/a
268.138	0.01	saccade	n/a	151.7	209.9	n/a	129.6	212.8	0.87	90.0
268.15	0.364	fixation	n/a	124.5	215.8	758.0	n/a	n/a	n/a	n/a
268.516	0.024	saccade	n/a	121.9	215.5	n/a	187.4	213.0	2.56	178.0
268.542	0.3	fixation	n/a	210.3	211.7	754.0	n/a	n/a	n/a	n/a
268.844	0.01	saccade	n/a	214.3	211.9	n/a	232.8	211.6	0.73	80.0
268.856	0.298	fixation	n/a	231.3	211.6	778.0	n/a	n/a	n/a	n/a
269.156	0.026	saccade	n/a	231.6	213.6	n/a	288.6	211.5	2.27	131.0
269.184	0.284	fixation	n/a	305.2	213.6	736.0	n/a	n/a	n/a	n/a
269.47	0.122	saccade	n/a	310.4	215.3	n/a	357.6	241.8	2.17	562.0
269.518	0.04	blink	n/a	n/a	n/a	n/a	n/a	n/a	n/a	n/a
269.594	0.382	fixation	n/a	356.3	225.4	690.0	n/a	n/a	n/a	n/a
269.978	0.008	saccade	n/a	358.3	223.5	n/a	370.5	221.7	0.5	61.0
269.988	0.23	fixation	n/a	371.9	221.0	671.0	n/a	n/a	n/a	n/a
270.22	0.034	saccade	n/a	371.2	219.7	n/a	470.9	223.7	4.0	180.0
270.256	0.176	fixation	n/a	468.6	218.4	670.0	n/a	n/a	n/a	n/a
270.434	0.006	saccade	n/a	464.3	219.2	n/a	457.9	219.0	0.26	42.0
270.442	0.17	fixation	n/a	457.1	218.2	666.0	n/a	n/a	n/a	n/a
270.614	0.016	saccade	n/a	457.1	218.5	n/a	492.2	218.2	1.41	104.0
270.632	0.094	fixation	n/a	518.1	217.3	650.0	n/a	n/a	n/a	n/a
270.728	0.024	saccade	n/a	521.5	218.4	n/a	595.8	214.0	2.95	211.0
270.754	0.21	fixation	n/a	591.3	215.6	634.0	n/a	n/a	n/a	n/a
270.966	0.01	saccade	n/a	592.9	215.1	n/a	608.9	213.2	0.64	66.0
270.978	0.252	fixation	n/a	607.8	215.3	661.0	n/a	n/a	n/a	n/a
271.042	0.0	trigger_11	11	n/a	n/a	n/a	n/a	n/a	n/a	n/a
271.05	0.0	trigger_10	10	n/a	n/a	n/a	n/a	n/a	n/a	n/a
271.232	0.076	saccade	n/a	607.9	216.3	n/a	165.6	282.4	17.51	394.0
271.31	0.122	fixation	n/a	154.7	281.2	701.0	n/a	n/a	n/a	n/a
271.434	0.012	saccade	n/a	151.6	282.0	n/a	131.7	275.8	0.81	82.0
271.448	0.258	fixation	n/a	130.9	277.4	715.0	n/a	n/a	n/a	n/a
271.708	0.022	saccade	n/a	129.5	278.5	n/a	200.8	270.9	2.79	202.0
271.732	0.174	fixation	n/a	213.9	272.9	697.0	n/a	n/a	n/a	n/a
271.908	0.02	saccade	n/a	215.6	273.4	n/a	269.8	273.5	2.14	149.0
271.93	0.246	fixation	n/a	275.0	273.6	690.0	n/a	n/a	n/a	n/a
272.178	0.036	saccade	n/a	273.2	273.3	n/a	394.0	273.6	4.81	234.0
272.216	0.366	fixation	n/a	394.7	273.0	686.0	n/a	n/a	n/a	n/a
272.584	0.03	saccade	n/a	394.6	277.0	n/a	489.1	274.6	3.77	212.0
272.616	0.346	fixation	n/a	490.3	274.3	668.0	n/a	n/a	n/a	n/a
272.964	0.062	saccade	n/a	491.2	275.1	n/a	246.6	91.9	12.24	408.0
273.028	0.212	fixation	n/a	247.4	97.1	667.0	n/a	n/a	n/a	n/a
273.242	0.022	saccade	n/a	243.3	95.6	n/a	161.5	82.7	3.28	220.0
273.266	0.354	fixation	n/a	141.5	89.9	730.0	n/a	n/a	n/a	n/a
273.622	0.044	saccade	n/a	136.8	92.1	n/a	221.0	103.6	3.34	144.0
273.668	0.224	fixation	n/a	219.1	98.8	752.0	n/a	n/a	n/a	n/a
273.894	0.014	saccade	n/a	223.0	99.5	n/a	253.5	99.3	1.21	102.0
273.91	0.284	fixation	n/a	255.7	100.4	741.0	n/a	n/a	n/a	n/a
274.196	0.018	saccade	n/a	255.0	100.8	n/a	301.5	101.2	1.86	138.0
274.216	0.312	fixation	n/a	315.0	102.6	738.0	n/a	n/a	n/a	n/a
274.53	0.02	saccade	n/a	316.6	105.1	n/a	366.1	101.5	2.0	140.0
274.552	0.418	fixation	n/a	371.1	100.5	712.0	n/a	n/a	n/a	n/a
274.972	0.006	saccade	n/a	372.9	98.3	n/a	380.0	100.2	0.3	47.0
274.98	0.144	fixation	n/a	381.5	99.7	697.0	n/a	n/a	n/a	n/a
275.126	0.02	saccade	n/a	382.2	100.7	n/a	441.9	98.2	2.41	176.0
275.148	0.29	fixation	n/a	448.4	98.0	692.0	n/a	n/a	n/a	n/a
275.44	0.02	saccade	n/a	446.7	96.9	n/a	493.7	98.9	1.89	139.0
275.462	0.254	fixation	n/a	501.5	99.1	685.0	n/a	n/a	n/a	n/a
275.718	0.03	saccade	n/a	502.4	101.8	n/a	560.7	106.6	2.34	112.0
275.75	0.218	fixation	n/a	555.3	106.5	707.0	n/a	n/a	n/a	n/a
275.97	0.028	saccade	n/a	553.7	108.0	n/a	475.6	101.3	3.14	149.0
276.0	0.162	fixation	n/a	461.3	104.1	756.0	n/a	n/a	n/a	n/a
276.164	0.01	saccade	n/a	458.0	105.1	n/a	443.7	102.1	0.59	61.0
276.176	0.168	fixation	n/a	443.6	101.9	793.0	n/a	n/a	n/a	n/a
276.346	0.032	saccade	n/a	445.0	101.1	n/a	543.6	109.3	3.97	191.0
276.38	0.232	fixation	n/a	538.1	104.9	810.0	n/a	n/a	n/a	n/a
276.614	0.02	saccade	n/a	535.8	104.8	n/a	574.7	110.0	1.56	128.0
276.636	0.2	fixation	n/a	565.2	108.8	788.0	n/a	n/a	n/a	n/a
276.838	0.076	saccade	n/a	565.6	109.4	n/a	173.7	155.8	15.57	394.0
276.916	0.114	fixation	n/a	163.9	157.5	801.0	n/a	n/a	n/a	n/a
277.032	0.014	saccade	n/a	161.7	160.7	n/a	133.7	161.7	1.09	96.0
277.048	0.198	fixation	n/a	130.0	164.1	828.0	n/a	n/a	n/a	n/a
277.248	0.018	saccade	n/a	128.4	164.8	n/a	171.4	161.8	1.68	112.0
277.268	0.224	fixation	n/a	180.5	160.1	825.0	n/a	n/a	n/a	n/a
277.494	0.02	saccade	n/a	179.7	160.5	n/a	235.9	160.6	2.22	166.0
277.516	0.176	fixation	n/a	241.0	161.1	789.0	n/a	n/a	n/a	n/a
277.694	0.014	saccade	n/a	240.9	163.9	n/a	270.9	163.1	1.2	106.0
277.71	0.254	fixation	n/a	267.3	161.0	778.0	n/a	n/a	n/a	n/a
277.966	0.022	saccade	n/a	265.5	159.9	n/a	330.5	159.2	2.6	185.0
277.99	0.226	fixation	n/a	331.8	163.1	762.0	n/a	n/a	n/a	n/a
278.218	0.136	saccade	n/a	336.0	165.4	n/a	430.2	184.9	3.87	809.0
278.26	0.062	blink	n/a	n/a	n/a	n/a	n/a	n/a	n/a	n/a
278.356	0.304	fixation	n/a	426.7	169.3	708.0	n/a	n/a	n/a	n/a
278.662	0.02	saccade	n/a	425.3	162.1	n/a	474.5	160.1	1.98	126.0
278.684	0.282	fixation	n/a	480.4	158.7	707.0	n/a	n/a	n/a	n/a
278.968	0.02	saccade	n/a	476.5	159.2	n/a	531.4	160.0	2.2	136.0
278.99	0.404	fixation	n/a	535.7	159.0	784.0	n/a	n/a	n/a	n/a
279.396	0.02	saccade	n/a	532.7	158.7	n/a	585.6	156.6	2.1	138.0
279.418	0.128	fixation	n/a	590.4	159.7	816.0	n/a	n/a	n/a	n/a
279.548	0.076	saccade	n/a	590.3	160.7	n/a	181.5	211.6	16.22	452.0
279.626	0.118	fixation	n/a	170.5	211.8	853.0	n/a	n/a	n/a	n/a
279.746	0.016	saccade	n/a	168.5	211.2	n/a	134.5	211.4	1.33	108.0
279.764	0.234	fixation	n/a	135.8	212.1	878.0	n/a	n/a	n/a	n/a
280.0	0.02	saccade	n/a	134.8	215.1	n/a	199.9	214.7	2.55	199.0
280.022	0.294	fixation	n/a	211.9	217.9	818.0	n/a	n/a	n/a	n/a
280.042	0.0	trigger_11	11	n/a	n/a	n/a	n/a	n/a	n/a	n/a
280.054	0.0	trigger_10	10	n/a	n/a	n/a	n/a	n/a	n/a	n/a
280.318	0.006	saccade	n/a	211.4	220.5	n/a	201.7	217.4	0.4	59.0
280.326	0.188	fixation	n/a	200.8	215.8	806.0	n/a	n/a	n/a	n/a
280.516	0.016	saccade	n/a	201.1	214.7	n/a	237.6	215.7	1.44	119.0
280.534	0.272	fixation	n/a	245.8	216.2	809.0	n/a	n/a	n/a	n/a
280.808	0.016	saccade	n/a	245.0	216.2	n/a	280.9	213.3	1.43	120.0
280.826	0.266	fixation	n/a	281.7	210.0	817.0	n/a	n/a	n/a	n/a
281.094	0.02	saccade	n/a	278.2	205.8	n/a	333.1	207.4	2.2	143.0
281.116	0.276	fixation	n/a	341.7	208.6	806.0	n/a	n/a	n/a	n/a
281.394	0.024	saccade	n/a	341.6	211.6	n/a	281.2	170.8	2.93	193.0
281.42	0.344	fixation	n/a	267.6	170.5	781.0	n/a	n/a	n/a	n/a
281.766	0.028	saccade	n/a	264.5	167.9	n/a	344.0	149.9	3.26	154.0
281.796	0.126	fixation	n/a	346.0	146.4	776.0	n/a	n/a	n/a	n/a
281.924	0.044	saccade	n/a	345.9	147.5	n/a	159.0	91.5	7.76	302.0
281.97	0.314	fixation	n/a	161.7	94.1	809.0	n/a	n/a	n/a	n/a
282.286	0.014	saccade	n/a	163.4	97.4	n/a	137.9	89.3	1.05	84.0
282.302	0.138	fixation	n/a	139.8	90.4	844.0	n/a	n/a	n/a	n/a
282.442	0.018	saccade	n/a	139.2	89.8	n/a	186.3	95.6	1.86	143.0
282.462	0.164	fixation	n/a	191.5	96.2	835.0	n/a	n/a	n/a	n/a
282.628	0.02	saccade	n/a	191.6	96.4	n/a	245.6	95.7	2.14	167.0
282.65	0.282	fixation	n/a	258.1	100.3	791.0	n/a	n/a	n/a	n/a
282.934	0.012	saccade	n/a	261.8	102.3	n/a	286.1	99.1	0.98	92.0
282.948	0.45	fixation	n/a	293.9	102.1	796.0	n/a	n/a	n/a	n/a
283.4	0.018	saccade	n/a	299.8	106.4	n/a	339.0	106.3	1.57	108.0
283.42	0.28	fixation	n/a	356.2	107.7	761.0	n/a	n/a	n/a	n/a
283.702	0.018	saccade	n/a	355.4	106.5	n/a	395.9	99.8	1.66	107.0
283.722	0.236	fixation	n/a	416.8	101.1	744.0	n/a	n/a	n/a	n/a
283.96	0.022	saccade	n/a	417.1	98.5	n/a	464.2	98.6	1.9	129.0
283.984	0.128	fixation	n/a	473.8	102.3	735.0	n/a	n/a	n/a	n/a
284.114	0.022	saccade	n/a	475.1	100.5	n/a	530.2	105.8	2.22	157.0
284.138	0.28	fixation	n/a	540.6	109.5	716.0	n/a	n/a	n/a	n/a
284.42	0.06	saccade	n/a	540.3	108.5	n/a	161.2	160.0	15.13	431.0
284.482	0.17	fixation	n/a	164.1	162.6	746.0	n/a	n/a	n/a	n/a
284.654	0.012	saccade	n/a	160.8	162.8	n/a	140.3	164.6	0.8	75.0
284.668	0.228	fixation	n/a	139.4	166.2	739.0	n/a	n/a	n/a	n/a
284.898	0.02	saccade	n/a	137.2	165.2	n/a	198.7	163.5	2.41	169.0
284.92	0.32	fixation	n/a	211.7	161.2	718.0	n/a	n/a	n/a	n/a
285.242	0.016	saccade	n/a	213.6	162.9	n/a	253.7	158.0	1.6	134.0
285.26	0.382	fixation	n/a	253.1	156.4	682.0	n/a	n/a	n/a	n/a
285.644	0.018	saccade	n/a	255.4	155.9	n/a	302.8	154.5	1.9	145.0
285.664	0.194	fixation	n/a	317.3	157.4	690.0	n/a	n/a	n/a	n/a
285.86	0.138	saccade	n/a	322.4	167.1	n/a	384.1	181.8	2.55	699.0
285.9	0.058	blink	n/a	n/a	n/a	n/a	n/a	n/a	n/a	n/a
286.0	0.296	fixation	n/a	381.5	169.2	665.0	n/a	n/a	n/a	n/a
286.298	0.032	saccade	n/a	379.0	164.7	n/a	475.9	164.4	3.9	196.0
286.332	0.192	fixation	n/a	476.8	164.5	640.0	n/a	n/a	n/a	n/a
286.526	0.014	saccade	n/a	478.0	164.0	n/a	506.8	163.4	1.15	103.0
286.542	0.33	fixation	n/a	508.6	165.0	667.0	n/a	n/a	n/a	n/a
286.874	0.06	saccade	n/a	508.5	163.0	n/a	153.5	221.2	14.23	356.0
286.936	0.146	fixation	n/a	157.9	223.3	695.0	n/a	n/a	n/a	n/a
287.084	0.008	saccade	n/a	154.9	222.1	n/a	140.5	218.1	0.58	76.0
287.094	0.364	fixation	n/a	137.1	215.2	737.0	n/a	n/a	n/a	n/a
287.46	0.02	saccade	n/a	136.6	214.0	n/a	190.8	210.2	2.13	170.0
287.482	0.246	fixation	n/a	196.4	213.1	795.0	n/a	n/a	n/a	n/a
287.73	0.018	saccade	n/a	193.1	211.8	n/a	239.9	212.3	1.85	144.0
287.75	0.294	fixation	n/a	250.0	211.1	836.0	n/a	n/a	n/a	n/a
288.046	0.018	saccade	n/a	246.8	211.0	n/a	294.4	209.2	1.9	133.0
288.066	0.258	fixation	n/a	306.5	212.7	864.0	n/a	n/a	n/a	n/a
288.326	0.014	saccade	n/a	309.8	216.4	n/a	335.3	214.4	1.03	86.0
288.342	0.244	fixation	n/a	345.7	212.9	804.0	n/a	n/a	n/a	n/a
288.372	0.0	trigger_11	11	n/a	n/a	n/a	n/a	n/a	n/a	n/a
288.382	0.0	trigger_10	10	n/a	n/a	n/a	n/a	n/a	n/a	n/a
288.588	0.018	saccade	n/a	347.3	211.7	n/a	390.4	204.5	1.76	126.0
288.608	0.186	fixation	n/a	404.1	208.4	823.0	n/a	n/a	n/a	n/a
288.796	0.018	saccade	n/a	402.0	206.6	n/a	440.4	203.7	1.55	114.0
288.816	0.288	fixation	n/a	445.8	206.6	830.0	n/a	n/a	n/a	n/a
289.106	0.03	saccade	n/a	443.4	207.0	n/a	533.0	212.7	3.59	197.0
289.138	0.37	fixation	n/a	530.6	212.8	773.0	n/a	n/a	n/a	n/a
289.51	0.016	saccade	n/a	527.8	215.9	n/a	497.3	214.8	1.22	93.0
289.528	0.16	fixation	n/a	490.4	212.7	751.0	n/a	n/a	n/a	n/a
289.69	0.018	saccade	n/a	492.0	210.2	n/a	536.5	209.7	1.78	131.0
289.71	0.212	fixation	n/a	544.6	209.1	733.0	n/a	n/a	n/a	n/a
289.924	0.032	saccade	n/a	543.6	206.9	n/a	615.5	207.8	2.84	145.0
289.958	0.172	fixation	n/a	612.6	209.7	717.0	n/a	n/a	n/a	n/a
290.132	0.076	saccade	n/a	613.7	211.6	n/a	152.0	280.6	18.28	347.0
290.21	0.132	fixation	n/a	153.5	285.6	731.0	n/a	n/a	n/a	n/a
290.344	0.016	saccade	n/a	152.9	294.3	n/a	126.7	284.7	1.08	82.0
290.362	0.182	fixation	n/a	127.5	283.1	718.0	n/a	n/a	n/a	n/a
290.546	0.036	saccade	n/a	128.2	280.8	n/a	149.1	106.5	7.01	355.0
290.584	0.216	fixation	n/a	152.5	105.1	690.0	n/a	n/a	n/a	n/a
290.802	0.012	saccade	n/a	150.9	102.8	n/a	138.4	85.7	0.84	72.0
290.816	0.222	fixation	n/a	137.5	90.4	727.0	n/a	n/a	n/a	n/a
291.04	0.02	saccade	n/a	137.0	89.8	n/a	197.7	90.6	2.38	186.0
291.062	0.252	fixation	n/a	204.2	90.0	754.0	n/a	n/a	n/a	n/a
291.316	0.014	saccade	n/a	211.8	85.5	n/a	249.1	88.4	1.49	124.0
291.332	0.158	fixation	n/a	257.9	90.0	747.0	n/a	n/a	n/a	n/a
291.492	0.016	saccade	n/a	257.8	88.6	n/a	297.1	88.4	1.57	127.0
291.51	0.242	fixation	n/a	306.1	92.8	733.0	n/a	n/a	n/a	n/a
291.754	0.02	saccade	n/a	305.5	92.7	n/a	370.6	88.7	2.62	190.0
291.776	0.954	fixation	n/a	379.4	93.7	731.0	n/a	n/a	n/a	n/a
292.732	0.018	saccade	n/a	373.0	94.0	n/a	419.6	94.6	1.88	131.0
292.752	0.282	fixation	n/a	436.7	95.3	726.0	n/a	n/a	n/a	n/a
293.036	0.03	saccade	n/a	435.9	99.0	n/a	537.2	107.5	4.07	209.0
293.068	0.294	fixation	n/a	537.4	110.0	756.0	n/a	n/a	n/a	n/a
293.364	0.062	saccade	n/a	537.0	113.0	n/a	163.9	148.2	14.84	392.0
293.428	0.146	fixation	n/a	164.6	149.2	773.0	n/a	n/a	n/a	n/a
293.576	0.014	saccade	n/a	159.2	147.8	n/a	135.3	159.8	1.05	88.0
293.592	0.26	fixation	n/a	137.1	159.2	764.0	n/a	n/a	n/a	n/a
293.854	0.022	saccade	n/a	136.6	158.6	n/a	185.9	159.2	1.93	137.0
293.878	0.352	fixation	n/a	208.3	160.8	752.0	n/a	n/a	n/a	n/a
294.232	0.018	saccade	n/a	209.7	160.8	n/a	257.9	157.6	1.92	147.0
294.252	0.358	fixation	n/a	266.6	157.5	727.0	n/a	n/a	n/a	n/a
294.612	0.018	saccade	n/a	265.9	159.2	n/a	296.3	166.3	1.25	88.0
294.632	0.022	fixation	n/a	302.1	177.0	708.0	n/a	n/a	n/a	n/a
294.656	0.082	saccade	n/a	309.8	187.6	n/a	334.0	204.5	1.19	324.0
294.74	0.202	fixation	n/a	332.7	172.8	698.0	n/a	n/a	n/a	n/a
294.944	0.104	saccade	n/a	335.0	174.2	n/a	389.7	175.7	2.2	850.0
294.97	0.048	blink	n/a	n/a	n/a	n/a	n/a	n/a	n/a	n/a
295.05	0.188	fixation	n/a	395.0	162.2	647.0	n/a	n/a	n/a	n/a
295.204	0.0	trigger_11	11	n/a	n/a	n/a	n/a	n/a	n/a	n/a
295.208	0.0	trigger_10	10	n/a	n/a	n/a	n/a	n/a	n/a	n/a
295.24	0.018	saccade	n/a	394.3	160.1	n/a	443.8	158.2	1.99	155.0
295.26	0.304	fixation	n/a	453.4	160.6	655.0	n/a	n/a	n/a	n/a
295.566	0.022	saccade	n/a	451.6	163.6	n/a	521.4	163.0	2.8	170.0
295.59	0.348	fixation	n/a	536.8	164.0	676.0	n/a	n/a	n/a	n/a
295.94	0.064	saccade	n/a	536.9	163.9	n/a	138.7	215.8	15.82	360.0
296.006	0.282	fixation	n/a	141.7	217.4	734.0	n/a	n/a	n/a	n/a
296.29	0.016	saccade	n/a	142.1	216.0	n/a	169.1	216.6	1.05	76.0
296.308	0.106	fixation	n/a	173.9	216.2	740.0	n/a	n/a	n/a	n/a
296.416	0.022	saccade	n/a	175.3	215.2	n/a	247.2	213.9	2.84	192.0
296.44	0.298	fixation	n/a	264.5	216.2	740.0	n/a	n/a	n/a	n/a
296.74	0.014	saccade	n/a	263.8	216.4	n/a	291.9	214.3	1.12	102.0
296.756	0.144	fixation	n/a	287.9	214.0	775.0	n/a	n/a	n/a	n/a
296.902	0.018	saccade	n/a	287.9	213.4	n/a	331.3	210.3	1.74	131.0
296.922	0.16	fixation	n/a	342.5	213.0	766.0	n/a	n/a	n/a	n/a
297.084	0.03	saccade	n/a	342.9	213.9	n/a	277.7	102.0	5.25	310.0
297.116	0.284	fixation	n/a	271.9	93.2	789.0	n/a	n/a	n/a	n/a
297.402	0.024	saccade	n/a	268.6	94.7	n/a	165.0	90.2	4.11	289.0
297.428	0.156	fixation	n/a	151.0	96.7	831.0	n/a	n/a	n/a	n/a
297.586	0.008	saccade	n/a	145.9	100.8	n/a	134.6	101.6	0.44	55.0
297.596	0.382	fixation	n/a	133.5	98.2	814.0	n/a	n/a	n/a	n/a
297.98	0.012	saccade	n/a	137.1	97.0	n/a	157.6	95.9	0.8	75.0
297.994	0.412	fixation	n/a	163.0	99.5	788.0	n/a	n/a	n/a	n/a
298.408	0.02	saccade	n/a	166.1	101.8	n/a	221.6	100.3	2.19	128.0
298.43	0.378	fixation	n/a	234.5	101.1	782.0	n/a	n/a	n/a	n/a
298.81	0.016	saccade	n/a	236.4	102.1	n/a	273.5	99.2	1.49	114.0
298.828	0.302	fixation	n/a	277.6	100.8	755.0	n/a	n/a	n/a	n/a
299.132	0.026	saccade	n/a	278.3	99.4	n/a	353.4	92.7	3.03	174.0
299.16	0.258	fixation	n/a	351.4	94.2	750.0	n/a	n/a	n/a	n/a
299.42	0.016	saccade	n/a	351.7	96.0	n/a	387.5	94.9	1.44	122.0
299.438	0.38	fixation	n/a	390.1	95.3	709.0	n/a	n/a	n/a	n/a
299.82	0.032	saccade	n/a	389.3	93.1	n/a	472.2	98.5	3.34	188.0
299.854	0.288	fixation	n/a	468.1	94.3	680.0	n/a	n/a	n/a	n/a
300.144	0.016	saccade	n/a	468.2	93.1	n/a	429.0	89.5	1.58	119.0
300.162	0.124	fixation	n/a	415.5	91.5	677.0	n/a	n/a	n/a	n/a
300.288	0.01	saccade	n/a	411.6	89.7	n/a	396.8	90.5	0.6	63.0
300.3	0.166	fixation	n/a	393.8	94.4	686.0	n/a	n/a	n/a	n/a
300.468	0.022	saccade	n/a	392.8	95.1	n/a	458.3	95.4	2.64	174.0
300.492	0.292	fixation	n/a	463.3	97.4	717.0	n/a	n/a	n/a	n/a
300.786	0.028	saccade	n/a	461.9	98.3	n/a	548.3	104.0	3.46	200.0
300.816	0.394	fixation	n/a	562.4	103.9	667.0	n/a	n/a	n/a	n/a
301.052	0.0	trigger_11	11	n/a	n/a	n/a	n/a	n/a	n/a	n/a
301.054	0.0	trigger_18	18	n/a	n/a	n/a	n/a	n/a	n/a	n/a
301.212	0.07	saccade	n/a	560.5	103.7	n/a	147.2	144.4	16.39	361.0
301.284	0.172	fixation	n/a	157.6	145.2	706.0	n/a	n/a	n/a	n/a
301.458	0.008	saccade	n/a	157.0	146.5	n/a	146.7	151.5	0.45	54.0
301.468	0.47	fixation	n/a	140.1	158.3	724.0	n/a	n/a	n/a	n/a
301.94	0.03	saccade	n/a	137.2	160.5	n/a	232.7	159.7	3.75	209.0
301.972	0.71	fixation	n/a	235.7	157.8	705.0	n/a	n/a	n/a	n/a
302.684	0.01	saccade	n/a	235.7	155.6	n/a	253.1	155.3	0.69	70.0
302.696	0.186	fixation	n/a	259.2	155.0	703.0	n/a	n/a	n/a	n/a
302.884	0.018	saccade	n/a	260.2	157.6	n/a	303.9	160.0	1.75	134.0
302.904	0.48	fixation	n/a	311.5	158.5	704.0	n/a	n/a	n/a	n/a
303.386	0.016	saccade	n/a	308.0	157.1	n/a	272.1	157.7	1.44	120.0
303.404	0.292	fixation	n/a	271.7	157.5	726.0	n/a	n/a	n/a	n/a
303.698	0.014	saccade	n/a	272.9	159.0	n/a	306.9	154.5	1.37	119.0
303.714	0.152	fixation	n/a	308.0	154.7	761.0	n/a	n/a	n/a	n/a
303.868	0.028	saccade	n/a	308.5	154.6	n/a	186.8	100.2	5.32	315.0
303.898	0.208	fixation	n/a	168.7	97.9	735.0	n/a	n/a	n/a	n/a
304.108	0.01	saccade	n/a	166.5	95.3	n/a	148.6	87.9	0.76	83.0
304.12	0.218	fixation	n/a	144.7	88.4	709.0	n/a	n/a	n/a	n/a
304.34	0.032	saccade	n/a	144.5	90.9	n/a	243.7	99.9	3.93	208.0
304.374	0.242	fixation	n/a	247.4	96.6	744.0	n/a	n/a	n/a	n/a
304.618	0.016	saccade	n/a	250.3	99.1	n/a	284.5	95.6	1.37	110.0
304.636	0.196	fixation	n/a	289.6	95.3	734.0	n/a	n/a	n/a	n/a
304.834	0.022	saccade	n/a	289.9	96.0	n/a	354.3	88.8	2.6	166.0
304.858	0.188	fixation	n/a	363.7	91.1	722.0	n/a	n/a	n/a	n/a
305.048	0.014	saccade	n/a	365.2	91.9	n/a	395.9	94.8	1.24	109.0
305.064	0.244	fixation	n/a	399.6	96.7	725.0	n/a	n/a	n/a	n/a
305.31	0.012	saccade	n/a	397.7	97.1	n/a	374.2	97.1	0.95	82.0
305.324	0.134	fixation	n/a	367.5	96.0	740.0	n/a	n/a	n/a	n/a
305.46	0.032	saccade	n/a	367.0	94.7	n/a	466.0	97.4	3.99	180.0
305.494	0.076	fixation	n/a	462.6	96.6	722.0	n/a	n/a	n/a	n/a
