onset	duration	trial_type	value	gaze_x	gaze_y	pupil_size	sacc_endx	sacc_endy	sacc_amplitude	sacc_peakvel
1.992	0.332	fixation	n/a	217.6	384.6	1229.0	n/a	n/a	n/a	n/a
2.03	0.0	trigger_19	19	n/a	n/a	n/a	n/a	n/a	n/a	n/a
2.03	0.0	trigger_112	112	n/a	n/a	n/a	n/a	n/a	n/a	n/a
2.048	0.0	trigger_10	10	n/a	n/a	n/a	n/a	n/a	n/a	n/a
2.326	0.018	saccade	n/a	217.0	386.1	n/a	183.9	388.3	1.29	100.0
2.346	0.354	fixation	n/a	173.4	381.1	1226.0	n/a	n/a	n/a	n/a
2.702	0.016	saccade	n/a	169.6	375.3	n/a	205.1	381.2	1.4	117.0
2.72	0.14	fixation	n/a	204.2	382.9	1155.0	n/a	n/a	n/a	n/a
2.862	0.044	saccade	n/a	205.6	383.6	n/a	181.2	173.8	8.38	390.0
2.908	0.188	fixation	n/a	183.8	172.3	1144.0	n/a	n/a	n/a	n/a
3.098	0.022	saccade	n/a	185.2	171.6	n/a	216.4	99.1	3.18	238.0
3.122	0.23	fixation	n/a	222.7	85.5	1124.0	n/a	n/a	n/a	n/a
3.354	0.042	saccade	n/a	224.5	84.5	n/a	229.5	357.7	10.93	523.0
3.398	0.422	fixation	n/a	226.6	366.7	1254.0	n/a	n/a	n/a	n/a
3.822	0.02	saccade	n/a	221.2	366.7	n/a	161.6	365.5	2.32	156.0
3.844	0.404	fixation	n/a	157.5	368.5	1238.0	n/a	n/a	n/a	n/a
4.25	0.038	saccade	n/a	158.7	371.8	n/a	226.0	153.4	9.06	453.0
4.29	0.154	fixation	n/a	229.7	141.0	1191.0	n/a	n/a	n/a	n/a
4.446	0.034	saccade	n/a	231.0	138.2	n/a	146.8	80.8	4.05	236.0
4.482	0.154	fixation	n/a	148.3	81.0	1174.0	n/a	n/a	n/a	n/a
4.638	0.006	saccade	n/a	146.5	82.0	n/a	137.1	77.1	0.42	62.0
4.646	0.438	fixation	n/a	128.9	81.8	1116.0	n/a	n/a	n/a	n/a
5.086	0.022	saccade	n/a	124.2	83.6	n/a	192.6	83.6	2.68	169.0
5.11	0.284	fixation	n/a	194.7	85.0	1067.0	n/a	n/a	n/a	n/a
5.396	0.016	saccade	n/a	196.9	90.8	n/a	233.6	93.7	1.46	110.0
5.414	0.208	fixation	n/a	235.5	94.0	1002.0	n/a	n/a	n/a	n/a
5.624	0.016	saccade	n/a	236.5	93.8	n/a	277.0	92.5	1.62	137.0
5.642	0.154	fixation	n/a	282.4	92.1	958.0	n/a	n/a	n/a	n/a
5.798	0.022	saccade	n/a	282.8	90.9	n/a	331.0	91.0	1.93	127.0
5.822	0.208	fixation	n/a	325.0	90.6	967.0	n/a	n/a	n/a	n/a
6.032	0.022	saccade	n/a	323.0	90.8	n/a	371.8	90.1	1.96	132.0
6.056	0.302	fixation	n/a	382.8	88.3	954.0	n/a	n/a	n/a	n/a
6.36	0.014	saccade	n/a	383.2	87.3	n/a	413.5	90.4	1.23	104.0
6.376	0.146	fixation	n/a	415.3	90.5	982.0	n/a	n/a	n/a	n/a
6.524	0.018	saccade	n/a	413.6	91.4	n/a	460.7	95.9	1.9	146.0
6.544	0.246	fixation	n/a	466.0	97.4	1004.0	n/a	n/a	n/a	n/a
6.792	0.018	saccade	n/a	464.5	95.9	n/a	502.3	98.9	1.52	108.0
6.812	0.11	fixation	n/a	501.7	99.8	1013.0	n/a	n/a	n/a	n/a
6.924	0.066	saccade	n/a	502.0	99.4	n/a	147.9	136.1	14.1	474.0
6.992	0.292	fixation	n/a	133.0	139.3	1093.0	n/a	n/a	n/a	n/a
7.286	0.034	saccade	n/a	129.6	141.1	n/a	247.9	138.1	4.66	262.0
7.322	0.218	fixation	n/a	242.8	142.0	1146.0	n/a	n/a	n/a	n/a
7.542	0.004	saccade	n/a	239.1	141.7	n/a	233.0	142.4	0.24	49.0
7.548	0.228	fixation	n/a	231.1	142.7	1162.0	n/a	n/a	n/a	n/a
7.778	0.02	saccade	n/a	232.5	142.1	n/a	292.2	138.4	2.38	192.0
7.8	0.226	fixation	n/a	304.9	140.9	1121.0	n/a	n/a	n/a	n/a
8.028	0.02	saccade	n/a	307.3	139.2	n/a	366.2	141.0	2.37	186.0
8.05	0.234	fixation	n/a	371.3	139.4	1094.0	n/a	n/a	n/a	n/a
8.286	0.022	saccade	n/a	369.4	138.7	n/a	430.1	138.7	2.45	174.0
8.31	0.296	fixation	n/a	452.3	138.7	1065.0	n/a	n/a	n/a	n/a
8.608	0.03	saccade	n/a	453.0	138.7	n/a	537.6	148.8	3.41	183.0
8.64	0.224	fixation	n/a	550.7	154.7	1007.0	n/a	n/a	n/a	n/a
8.866	0.016	saccade	n/a	550.9	159.3	n/a	584.8	160.2	1.35	117.0
8.884	0.154	fixation	n/a	589.0	162.1	929.0	n/a	n/a	n/a	n/a
9.04	0.072	saccade	n/a	589.0	160.7	n/a	160.2	212.4	16.98	428.0
9.114	0.162	fixation	n/a	148.5	212.1	987.0	n/a	n/a	n/a	n/a
9.278	0.01	saccade	n/a	144.6	212.8	n/a	122.2	212.1	0.87	87.0
9.29	0.238	fixation	n/a	122.5	209.9	1051.0	n/a	n/a	n/a	n/a
9.53	0.018	saccade	n/a	119.7	207.5	n/a	166.5	203.7	1.83	148.0
9.55	0.244	fixation	n/a	172.6	204.4	1053.0	n/a	n/a	n/a	n/a
9.796	0.022	saccade	n/a	172.5	204.4	n/a	232.4	200.4	2.37	152.0
9.82	0.194	fixation	n/a	237.8	199.0	1049.0	n/a	n/a	n/a	n/a
10.016	0.024	saccade	n/a	237.7	198.0	n/a	305.0	200.2	2.68	186.0
10.042	0.33	fixation	n/a	297.7	202.0	1033.0	n/a	n/a	n/a	n/a
10.374	0.02	saccade	n/a	295.0	201.9	n/a	351.8	202.5	2.28	164.0
10.396	0.194	fixation	n/a	357.9	202.0	1029.0	n/a	n/a	n/a	n/a
10.592	0.034	saccade	n/a	359.1	200.6	n/a	433.5	205.8	3.0	162.0
10.628	0.352	fixation	n/a	432.4	203.2	984.0	n/a	n/a	n/a	n/a
10.982	0.018	saccade	n/a	430.6	201.2	n/a	478.1	198.4	1.91	151.0
11.002	0.26	fixation	n/a	475.4	200.1	990.0	n/a	n/a	n/a	n/a
11.264	0.058	saccade	n/a	472.9	206.5	n/a	528.3	515.0	12.25	499.0
11.324	0.176	fixation	n/a	530.3	527.2	983.0	n/a	n/a	n/a	n/a
11.502	0.068	saccade	n/a	532.1	531.6	n/a	447.5	202.9	13.21	446.0
11.572	0.226	fixation	n/a	449.8	209.2	858.0	n/a	n/a	n/a	n/a
11.8	0.018	saccade	n/a	451.0	211.4	n/a	495.2	211.2	1.77	138.0
11.82	0.164	fixation	n/a	500.3	207.2	835.0	n/a	n/a	n/a	n/a
11.986	0.008	saccade	n/a	495.9	206.6	n/a	481.2	205.2	0.59	72.0
11.996	0.188	fixation	n/a	475.8	203.6	894.0	n/a	n/a	n/a	n/a
12.104	0.0	trigger_11	11	n/a	n/a	n/a	n/a	n/a	n/a	n/a
12.112	0.0	trigger_10	10	n/a	n/a	n/a	n/a	n/a	n/a	n/a
12.186	0.024	saccade	n/a	472.5	201.8	n/a	537.9	204.7	2.62	188.0
12.212	0.202	fixation	n/a	534.3	204.1	929.0	n/a	n/a	n/a	n/a
12.416	0.038	saccade	n/a	536.1	205.2	n/a	397.0	153.9	5.95	307.0
12.456	0.232	fixation	n/a	398.1	156.2	960.0	n/a	n/a	n/a	n/a
12.69	0.044	saccade	n/a	397.5	152.8	n/a	569.2	163.0	6.88	271.0
12.736	0.346	fixation	n/a	563.1	163.1	982.0	n/a	n/a	n/a	n/a
13.084	0.034	saccade	n/a	562.0	161.9	n/a	459.2	205.3	4.47	217.0
13.12	0.244	fixation	n/a	456.4	203.8	1026.0	n/a	n/a	n/a	n/a
13.366	0.038	saccade	n/a	456.9	203.1	n/a	308.4	153.5	6.3	280.0
13.406	0.344	fixation	n/a	311.2	154.5	1015.0	n/a	n/a	n/a	n/a
13.752	0.022	saccade	n/a	312.5	159.3	n/a	253.2	123.7	2.78	202.0
13.776	0.224	fixation	n/a	240.9	120.0	992.0	n/a	n/a	n/a	n/a
14.002	0.02	saccade	n/a	241.0	118.4	n/a	190.2	92.1	2.28	180.0
14.024	0.342	fixation	n/a	181.9	90.6	1048.0	n/a	n/a	n/a	n/a
14.368	0.024	saccade	n/a	183.8	96.7	n/a	119.1	83.4	2.58	157.0
14.394	0.39	fixation	n/a	114.8	87.1	1068.0	n/a	n/a	n/a	n/a
14.786	0.016	saccade	n/a	114.2	91.3	n/a	154.1	89.6	1.55	130.0
14.804	0.246	fixation	n/a	156.7	88.9	1011.0	n/a	n/a	n/a	n/a
15.052	0.012	saccade	n/a	158.9	88.7	n/a	186.0	88.0	1.07	108.0
15.066	0.246	fixation	n/a	190.6	90.2	1028.0	n/a	n/a	n/a	n/a
15.314	0.02	saccade	n/a	189.9	91.8	n/a	251.0	88.7	2.42	179.0
15.336	0.218	fixation	n/a	255.0	89.3	1068.0	n/a	n/a	n/a	n/a
15.556	0.022	saccade	n/a	252.7	88.8	n/a	313.0	85.9	2.41	177.0
15.58	0.148	fixation	n/a	329.2	87.0	1047.0	n/a	n/a	n/a	n/a
15.73	0.114	saccade	n/a	332.1	88.5	n/a	335.5	106.0	0.73	967.0
15.768	0.048	blink	n/a	n/a	n/a	n/a	n/a	n/a	n/a	n/a
15.846	0.044	fixation	n/a	334.0	94.3	966.0	n/a	n/a	n/a	n/a
15.892	0.022	saccade	n/a	333.0	90.5	n/a	274.7	90.7	2.34	153.0
15.916	0.334	fixation	n/a	273.8	90.2	944.0	n/a	n/a	n/a	n/a
16.252	0.022	saccade	n/a	271.5	100.0	n/a	333.4	92.4	2.5	178.0
16.276	0.18	fixation	n/a	352.0	92.2	928.0	n/a	n/a	n/a	n/a
16.458	0.02	saccade	n/a	350.9	91.6	n/a	412.6	92.2	2.49	186.0
16.48	0.22	fixation	n/a	414.3	89.2	980.0	n/a	n/a	n/a	n/a
16.702	0.022	saccade	n/a	414.2	86.7	n/a	473.1	91.9	2.38	135.0
16.726	0.22	fixation	n/a	495.8	97.0	1026.0	n/a	n/a	n/a	n/a
16.8	0.0	trigger_11	11	n/a	n/a	n/a	n/a	n/a	n/a	n/a
16.814	0.0	trigger_10	10	n/a	n/a	n/a	n/a	n/a	n/a	n/a
16.948	0.018	saccade	n/a	493.4	93.9	n/a	543.7	99.9	2.03	159.0
16.968	0.162	fixation	n/a	545.9	103.2	1015.0	n/a	n/a	n/a	n/a
17.132	0.068	saccade	n/a	546.8	103.4	n/a	179.5	145.8	14.65	413.0
17.202	0.114	fixation	n/a	168.0	147.9	1062.0	n/a	n/a	n/a	n/a
17.318	0.016	saccade	n/a	164.9	147.3	n/a	129.0	148.6	1.4	116.0
17.336	0.352	fixation	n/a	124.8	146.8	1073.0	n/a	n/a	n/a	n/a
17.69	0.022	saccade	n/a	120.3	149.7	n/a	180.2	146.5	2.34	154.0
17.714	0.284	fixation	n/a	197.9	142.6	1028.0	n/a	n/a	n/a	n/a
18.0	0.018	saccade	n/a	198.8	144.0	n/a	248.7	144.5	1.98	154.0
18.02	0.774	fixation	n/a	254.5	146.0	1006.0	n/a	n/a	n/a	n/a
18.796	0.016	saccade	n/a	254.5	148.4	n/a	261.4	110.3	1.57	153.0
18.814	0.2	fixation	n/a	265.1	106.5	962.0	n/a	n/a	n/a	n/a
19.016	0.026	saccade	n/a	264.2	101.7	n/a	169.1	83.7	3.84	226.0
19.044	0.18	fixation	n/a	154.9	82.9	985.0	n/a	n/a	n/a	n/a
19.226	0.012	saccade	n/a	153.1	84.4	n/a	127.1	79.7	1.03	91.0
19.24	0.27	fixation	n/a	124.4	84.2	1030.0	n/a	n/a	n/a	n/a
19.512	0.02	saccade	n/a	122.1	86.8	n/a	179.8	85.3	2.25	168.0
19.534	0.3	fixation	n/a	193.3	88.4	964.0	n/a	n/a	n/a	n/a
19.836	0.026	saccade	n/a	194.8	88.0	n/a	285.5	88.3	3.61	218.0
19.864	0.6	fixation	n/a	281.8	90.7	981.0	n/a	n/a	n/a	n/a
20.466	0.022	saccade	n/a	279.8	91.8	n/a	347.8	87.3	2.73	183.0
20.49	0.29	fixation	n/a	364.3	87.4	989.0	n/a	n/a	n/a	n/a
20.782	0.016	saccade	n/a	365.1	90.6	n/a	402.3	88.1	1.5	125.0
20.8	0.14	fixation	n/a	407.3	88.7	973.0	n/a	n/a	n/a	n/a
20.942	0.024	saccade	n/a	406.5	87.8	n/a	477.9	93.0	2.88	174.0
20.968	0.284	fixation	n/a	484.1	92.6	941.0	n/a	n/a	n/a	n/a
21.254	0.012	saccade	n/a	481.6	94.5	n/a	505.1	92.2	0.95	89.0
21.268	0.252	fixation	n/a	507.2	96.3	964.0	n/a	n/a	n/a	n/a
21.522	0.022	saccade	n/a	506.9	95.7	n/a	565.0	99.2	2.32	150.0
21.546	0.236	fixation	n/a	578.9	102.5	960.0	n/a	n/a	n/a	n/a
21.784	0.074	saccade	n/a	580.0	104.7	n/a	155.3	147.1	16.81	428.0
21.86	0.154	fixation	n/a	143.4	146.6	1015.0	n/a	n/a	n/a	n/a
22.016	0.012	saccade	n/a	139.6	147.8	n/a	116.5	145.3	0.9	90.0
22.03	0.282	fixation	n/a	120.9	147.2	1022.0	n/a	n/a	n/a	n/a
22.314	0.022	saccade	n/a	122.1	147.2	n/a	192.4	144.0	2.75	181.0
22.338	0.22	fixation	n/a	210.2	144.3	976.0	n/a	n/a	n/a	n/a
22.56	0.018	saccade	n/a	211.6	143.0	n/a	268.0	139.1	2.25	185.0
22.58	0.196	fixation	n/a	282.6	142.2	943.0	n/a	n/a	n/a	n/a
22.778	0.012	saccade	n/a	286.3	142.6	n/a	311.4	143.5	1.01	101.0
22.792	0.192	fixation	n/a	310.5	143.5	920.0	n/a	n/a	n/a	n/a
22.986	0.032	saccade	n/a	307.0	145.0	n/a	406.1	144.3	3.99	172.0
23.02	0.408	fixation	n/a	404.2	146.1	884.0	n/a	n/a	n/a	n/a
23.43	0.02	saccade	n/a	397.4	145.2	n/a	446.0	146.2	1.96	151.0
23.452	0.258	fixation	n/a	443.1	146.9	834.0	n/a	n/a	n/a	n/a
23.712	0.012	saccade	n/a	445.8	148.9	n/a	468.2	154.2	0.93	83.0
23.726	0.162	fixation	n/a	468.6	151.9	818.0	n/a	n/a	n/a	n/a
23.89	0.02	saccade	n/a	468.5	147.8	n/a	519.6	153.9	2.06	148.0
23.912	0.24	fixation	n/a	525.4	155.6	804.0	n/a	n/a	n/a	n/a
24.154	0.016	saccade	n/a	525.7	157.1	n/a	553.2	157.3	1.1	106.0
24.172	0.128	fixation	n/a	549.8	157.4	798.0	n/a	n/a	n/a	n/a
24.302	0.06	saccade	n/a	549.5	154.8	n/a	144.7	200.1	16.04	457.0
24.364	0.168	fixation	n/a	147.8	201.9	829.0	n/a	n/a	n/a	n/a
24.534	0.012	saccade	n/a	144.2	203.6	n/a	123.6	206.2	0.81	74.0
24.548	0.158	fixation	n/a	128.0	207.1	833.0	n/a	n/a	n/a	n/a
24.708	0.036	saccade	n/a	126.4	205.2	n/a	227.4	207.8	3.96	156.0
24.746	0.376	fixation	n/a	227.2	207.6	819.0	n/a	n/a	n/a	n/a
25.124	0.026	saccade	n/a	225.3	207.4	n/a	309.4	209.0	3.35	200.0
25.152	0.334	fixation	n/a	311.8	208.8	835.0	n/a	n/a	n/a	n/a
25.488	0.038	saccade	n/a	309.7	206.5	n/a	436.1	210.9	5.07	220.0
25.528	0.406	fixation	n/a	432.3	208.7	848.0	n/a	n/a	n/a	n/a
25.936	0.098	saccade	n/a	432.3	214.3	n/a	487.2	229.8	2.29	657.0
25.98	0.022	blink	n/a	n/a	n/a	n/a	n/a	n/a	n/a	n/a
26.036	0.276	fixation	n/a	481.3	212.1	817.0	n/a	n/a	n/a	n/a
26.152	0.0	trigger_11	11	n/a	n/a	n/a	n/a	n/a	n/a	n/a
26.168	0.0	trigger_10	10	n/a	n/a	n/a	n/a	n/a	n/a	n/a
26.314	0.028	saccade	n/a	480.0	210.2	n/a	558.2	208.2	3.12	146.0
26.344	0.376	fixation	n/a	552.0	214.6	829.0	n/a	n/a	n/a	n/a
26.722	0.034	saccade	n/a	548.5	216.8	n/a	632.6	223.5	3.32	131.0
26.758	0.186	fixation	n/a	637.2	221.9	834.0	n/a	n/a	n/a	n/a
26.946	0.068	saccade	n/a	636.8	224.2	n/a	165.8	279.2	18.49	409.0
27.016	0.128	fixation	n/a	167.9	277.7	875.0	n/a	n/a	n/a	n/a
27.146	0.018	saccade	n/a	166.9	280.1	n/a	127.3	280.6	1.54	142.0
27.166	0.334	fixation	n/a	122.2	278.9	889.0	n/a	n/a	n/a	n/a
27.502	0.022	saccade	n/a	121.8	279.0	n/a	187.9	273.4	2.58	167.0
27.526	0.528	fixation	n/a	204.7	270.9	863.0	n/a	n/a	n/a	n/a
28.056	0.014	saccade	n/a	205.3	270.0	n/a	236.5	265.4	1.24	101.0
28.072	0.164	fixation	n/a	246.4	265.4	876.0	n/a	n/a	n/a	n/a
28.238	0.05	saccade	n/a	246.8	265.5	n/a	174.3	133.5	6.03	365.0
28.29	0.122	fixation	n/a	169.9	122.7	875.0	n/a	n/a	n/a	n/a
28.414	0.022	saccade	n/a	170.6	120.2	n/a	120.4	83.0	2.46	168.0
28.438	0.216	fixation	n/a	125.1	88.5	873.0	n/a	n/a	n/a	n/a
28.656	0.014	saccade	n/a	125.5	88.4	n/a	155.0	79.1	1.21	119.0
28.672	0.29	fixation	n/a	158.9	78.6	879.0	n/a	n/a	n/a	n/a
28.964	0.014	saccade	n/a	160.8	78.2	n/a	186.3	81.5	1.01	84.0
28.98	0.16	fixation	n/a	194.1	82.0	888.0	n/a	n/a	n/a	n/a
29.142	0.022	saccade	n/a	193.1	82.8	n/a	255.9	78.8	2.5	165.0
29.166	0.296	fixation	n/a	270.4	81.2	930.0	n/a	n/a	n/a	n/a
29.464	0.018	saccade	n/a	269.0	83.2	n/a	319.2	84.2	2.01	148.0
29.484	0.17	fixation	n/a	337.5	85.2	913.0	n/a	n/a	n/a	n/a
29.656	0.02	saccade	n/a	338.0	86.1	n/a	404.9	85.7	2.69	207.0
29.678	0.23	fixation	n/a	416.5	86.7	910.0	n/a	n/a	n/a	n/a
29.91	0.022	saccade	n/a	414.7	86.0	n/a	471.3	89.5	2.28	140.0
29.934	0.292	fixation	n/a	484.1	95.0	914.0	n/a	n/a	n/a	n/a
30.228	0.018	saccade	n/a	483.4	97.3	n/a	521.8	96.6	1.54	117.0
30.248	0.248	fixation	n/a	523.6	96.8	887.0	n/a	n/a	n/a	n/a
30.498	0.016	saccade	n/a	525.9	96.4	n/a	559.2	97.7	1.33	98.0
30.516	0.118	fixation	n/a	559.5	100.4	879.0	n/a	n/a	n/a	n/a
30.636	0.072	saccade	n/a	559.3	102.3	n/a	164.9	136.7	15.65	406.0
30.71	0.12	fixation	n/a	150.9	138.7	947.0	n/a	n/a	n/a	n/a
30.832	0.012	saccade	n/a	147.7	138.9	n/a	127.2	145.9	0.85	78.0
30.846	0.276	fixation	n/a	126.2	144.6	981.0	n/a	n/a	n/a	n/a
31.124	0.018	saccade	n/a	123.7	144.3	n/a	169.7	141.8	1.8	142.0
31.144	0.29	fixation	n/a	177.5	146.6	930.0	n/a	n/a	n/a	n/a
31.436	0.02	saccade	n/a	180.4	148.7	n/a	236.1	145.9	2.2	150.0
31.458	0.226	fixation	n/a	237.5	144.8	905.0	n/a	n/a	n/a	n/a
31.686	0.008	saccade	n/a	237.3	145.5	n/a	225.0	146.5	0.49	59.0
31.696	0.276	fixation	n/a	222.5	148.2	898.0	n/a	n/a	n/a	n/a
31.974	0.036	saccade	n/a	222.0	149.6	n/a	336.6	150.4	4.57	240.0
32.012	0.162	fixation	n/a	333.7	147.2	873.0	n/a	n/a	n/a	n/a
32.176	0.028	saccade	n/a	332.2	147.9	n/a	410.6	143.0	3.16	167.0
32.206	0.154	fixation	n/a	408.5	143.4	854.0	n/a	n/a	n/a	n/a
32.362	0.02	saccade	n/a	408.5	144.9	n/a	455.5	147.7	1.89	146.0
32.384	0.17	fixation	n/a	460.5	149.8	867.0	n/a	n/a	n/a	n/a
32.556	0.012	saccade	n/a	456.9	152.3	n/a	434.3	148.5	0.92	84.0
32.57	0.106	fixation	n/a	432.4	148.5	890.0	n/a	n/a	n/a	n/a
32.678	0.024	saccade	n/a	432.0	149.3	n/a	381.4	144.0	2.05	140.0
32.704	0.214	fixation	n/a	386.8	148.0	900.0	n/a	n/a	n/a	n/a
32.92	0.026	saccade	n/a	385.4	152.0	n/a	454.4	155.3	2.78	162.0
32.948	0.236	fixation	n/a	449.1	156.7	855.0	n/a	n/a	n/a	n/a
33.008	0.0	trigger_11	11	n/a	n/a	n/a	n/a	n/a	n/a	n/a
33.014	0.0	trigger_10	10	n/a	n/a	n/a	n/a	n/a	n/a	n/a
33.186	0.02	saccade	n/a	448.9	157.8	n/a	499.3	158.9	2.02	136.0
33.208	0.23	fixation	n/a	497.6	160.1	819.0	n/a	n/a	n/a	n/a
33.44	0.024	saccade	n/a	495.7	161.4	n/a	565.4	161.2	2.78	162.0
33.466	0.274	fixation	n/a	565.3	161.8	767.0	n/a	n/a	n/a	n/a
33.742	0.058	saccade	n/a	565.1	161.9	n/a	163.8	212.1	15.93	420.0
33.802	0.134	fixation	n/a	160.0	215.0	805.0	n/a	n/a	n/a	n/a
33.938	0.012	saccade	n/a	158.8	216.7	n/a	126.6	216.9	1.25	112.0
33.952	0.226	fixation	n/a	124.8	215.6	828.0	n/a	n/a	n/a	n/a
34.18	0.022	saccade	n/a	124.5	218.7	n/a	191.0	208.0	2.63	177.0
34.204	0.328	fixation	n/a	200.9	212.4	814.0	n/a	n/a	n/a	n/a
34.534	0.008	saccade	n/a	204.6	213.3	n/a	216.4	214.1	0.47	58.0
34.544	0.17	fixation	n/a	216.9	213.5	815.0	n/a	n/a	n/a	n/a
34.716	0.018	saccade	n/a	217.3	211.0	n/a	275.7	207.4	2.32	170.0
34.736	0.2	fixation	n/a	282.2	206.1	821.0	n/a	n/a	n/a	n/a
34.938	0.034	saccade	n/a	283.2	208.3	n/a	184.9	110.7	5.55	296.0
34.974	0.228	fixation	n/a	183.1	98.8	805.0	n/a	n/a	n/a	n/a
35.204	0.02	saccade	n/a	181.1	101.1	n/a	131.4	83.5	2.07	159.0
35.226	0.216	fixation	n/a	127.5	90.4	835.0	n/a	n/a	n/a	n/a
35.444	0.02	saccade	n/a	127.0	91.9	n/a	178.2	82.9	2.04	133.0
35.466	0.196	fixation	n/a	196.7	84.2	854.0	n/a	n/a	n/a	n/a
35.664	0.014	saccade	n/a	196.9	84.5	n/a	165.1	79.4	1.27	112.0
35.68	0.128	fixation	n/a	161.9	81.6	850.0	n/a	n/a	n/a	n/a
35.81	0.032	saccade	n/a	160.6	82.9	n/a	277.8	86.6	4.64	262.0
35.844	0.186	fixation	n/a	291.1	88.1	875.0	n/a	n/a	n/a	n/a
36.032	0.018	saccade	n/a	291.4	88.9	n/a	335.8	89.4	1.78	123.0
36.052	0.224	fixation	n/a	331.3	90.1	895.0	n/a	n/a	n/a	n/a
36.216	0.0	trigger_11	11	n/a	n/a	n/a	n/a	n/a	n/a	n/a
36.232	0.0	trigger_12	12	n/a	n/a	n/a	n/a	n/a	n/a	n/a
36.278	0.034	saccade	n/a	330.1	90.7	n/a	434.0	88.3	4.18	201.0
36.314	0.28	fixation	n/a	429.3	87.9	859.0	n/a	n/a	n/a	n/a
36.596	0.028	saccade	n/a	427.5	84.8	n/a	504.9	95.4	3.14	180.0
36.626	0.244	fixation	n/a	502.1	94.0	819.0	n/a	n/a	n/a	n/a
36.872	0.012	saccade	n/a	503.0	95.0	n/a	522.6	97.6	0.79	82.0
36.886	0.238	fixation	n/a	521.6	97.1	798.0	n/a	n/a	n/a	n/a
37.126	0.018	saccade	n/a	521.2	95.7	n/a	567.9	96.5	1.86	137.0
37.146	0.202	fixation	n/a	575.8	94.5	773.0	n/a	n/a	n/a	n/a
37.35	0.07	saccade	n/a	574.7	92.9	n/a	170.3	136.3	16.05	434.0
37.422	0.166	fixation	n/a	157.5	139.8	825.0	n/a	n/a	n/a	n/a
37.59	0.01	saccade	n/a	154.7	139.9	n/a	132.1	144.9	0.9	97.0
37.602	0.356	fixation	n/a	131.8	144.1	821.0	n/a	n/a	n/a	n/a
37.96	0.026	saccade	n/a	130.3	148.1	n/a	203.5	147.4	2.87	150.0
37.988	0.178	fixation	n/a	218.7	148.1	815.0	n/a	n/a	n/a	n/a
38.168	0.03	saccade	n/a	219.3	145.8	n/a	137.4	83.8	4.08	271.0
38.2	0.284	fixation	n/a	138.7	87.4	891.0	n/a	n/a	n/a	n/a
38.486	0.01	saccade	n/a	137.0	88.1	n/a	118.2	88.7	0.73	79.0
38.498	0.168	fixation	n/a	118.3	90.2	949.0	n/a	n/a	n/a	n/a
38.668	0.014	saccade	n/a	119.1	89.7	n/a	158.1	86.9	1.52	123.0
38.684	0.156	fixation	n/a	164.1	85.6	938.0	n/a	n/a	n/a	n/a
38.842	0.024	saccade	n/a	162.1	83.0	n/a	245.3	86.0	3.29	245.0
38.868	0.198	fixation	n/a	243.3	84.7	932.0	n/a	n/a	n/a	n/a
39.068	0.032	saccade	n/a	241.6	83.7	n/a	376.0	86.1	5.39	299.0
39.102	0.398	fixation	n/a	385.1	83.0	972.0	n/a	n/a	n/a	n/a
39.502	0.036	saccade	n/a	384.7	84.6	n/a	239.0	86.0	5.84	257.0
39.54	0.262	fixation	n/a	242.6	86.1	1001.0	n/a	n/a	n/a	n/a
39.804	0.02	saccade	n/a	240.6	85.9	n/a	300.5	80.5	2.41	167.0
39.826	0.154	fixation	n/a	310.0	84.6	950.0	n/a	n/a	n/a	n/a
39.982	0.088	saccade	n/a	308.1	91.7	n/a	328.3	114.1	1.22	874.0
40.02	0.012	blink	n/a	n/a	n/a	n/a	n/a	n/a	n/a	n/a
40.072	0.162	fixation	n/a	327.0	97.0	908.0	n/a	n/a	n/a	n/a
40.236	0.024	saccade	n/a	325.6	93.3	n/a	239.4	90.9	3.45	240.0
40.262	0.314	fixation	n/a	237.7	89.4	861.0	n/a	n/a	n/a	n/a
40.578	0.024	saccade	n/a	237.1	90.5	n/a	305.2	96.1	2.73	142.0
40.604	0.31	fixation	n/a	306.5	97.0	872.0	n/a	n/a	n/a	n/a
40.916	0.01	saccade	n/a	307.9	94.1	n/a	323.7	93.6	0.63	69.0
40.928	0.238	fixation	n/a	322.9	92.3	819.0	n/a	n/a	n/a	n/a
41.168	0.026	saccade	n/a	320.6	88.8	n/a	390.5	85.3	2.82	166.0
41.196	0.226	fixation	n/a	404.6	87.0	775.0	n/a	n/a	n/a	n/a
41.202	0.0	trigger_13	13	n/a	n/a	n/a	n/a	n/a	n/a	n/a
41.216	0.0	trigger_10	10	n/a	n/a	n/a	n/a	n/a	n/a	n/a
41.424	0.01	saccade	n/a	403.1	86.4	n/a	384.9	83.8	0.74	81.0
41.436	0.386	fixation	n/a	384.1	84.8	810.0	n/a	n/a	n/a	n/a
41.824	0.024	saccade	n/a	381.8	87.3	n/a	453.8	88.1	2.9	168.0
41.85	0.336	fixation	n/a	463.6	92.8	853.0	n/a	n/a	n/a	n/a
42.188	0.022	saccade	n/a	460.7	94.1	n/a	523.4	95.4	2.51	152.0
42.212	0.262	fixation	n/a	532.4	97.7	886.0	n/a	n/a	n/a	n/a
42.476	0.064	saccade	n/a	530.9	98.6	n/a	205.4	121.7	12.98	378.0
42.542	0.254	fixation	n/a	188.6	127.2	974.0	n/a	n/a	n/a	n/a
42.798	0.068	saccade	n/a	185.3	130.0	n/a	505.3	99.0	12.76	361.0
42.868	0.144	fixation	n/a	515.5	100.0	998.0	n/a	n/a	n/a	n/a
43.014	0.02	saccade	n/a	514.0	100.6	n/a	553.4	105.0	1.58	112.0
43.036	0.358	fixation	n/a	546.3	103.5	980.0	n/a	n/a	n/a	n/a
43.396	0.064	saccade	n/a	549.3	103.4	n/a	185.0	85.2	14.45	446.0
43.462	0.132	fixation	n/a	173.0	83.1	1030.0	n/a	n/a	n/a	n/a
43.596	0.018	saccade	n/a	172.1	82.2	n/a	123.3	85.8	1.91	147.0
43.616	0.222	fixation	n/a	120.2	85.3	1013.0	n/a	n/a	n/a	n/a
43.84	0.022	saccade	n/a	116.7	85.0	n/a	165.7	84.9	1.91	120.0
43.864	0.228	fixation	n/a	182.7	82.6	964.0	n/a	n/a	n/a	n/a
44.094	0.022	saccade	n/a	186.8	84.8	n/a	257.5	82.2	2.8	200.0
44.118	0.212	fixation	n/a	271.7	85.7	977.0	n/a	n/a	n/a	n/a
44.332	0.02	saccade	n/a	274.4	85.3	n/a	213.7	80.7	2.43	155.0
44.354	0.266	fixation	n/a	206.3	83.2	1007.0	n/a	n/a	n/a	n/a
44.622	0.02	saccade	n/a	202.8	87.5	n/a	255.4	85.0	2.09	143.0
44.644	0.162	fixation	n/a	263.0	85.9	1050.0	n/a	n/a	n/a	n/a
44.808	0.022	saccade	n/a	260.4	87.2	n/a	326.3	85.8	2.64	184.0
44.832	0.252	fixation	n/a	337.1	85.4	1000.0	n/a	n/a	n/a	n/a
45.086	0.024	saccade	n/a	335.8	86.7	n/a	414.6	83.2	3.17	226.0
45.112	0.33	fixation	n/a	417.6	84.0	950.0	n/a	n/a	n/a	n/a
45.444	0.022	saccade	n/a	420.2	85.0	n/a	488.3	94.0	2.76	186.0
45.468	0.3	fixation	n/a	487.8	95.8	960.0	n/a	n/a	n/a	n/a
45.77	0.02	saccade	n/a	488.9	97.1	n/a	525.9	101.0	1.49	114.0
45.792	0.166	fixation	n/a	515.7	99.2	960.0	n/a	n/a	n/a	n/a
45.96	0.016	saccade	n/a	513.7	98.0	n/a	548.0	99.2	1.37	118.0
45.978	0.134	fixation	n/a	542.9	97.2	941.0	n/a	n/a	n/a	n/a
46.114	0.064	saccade	n/a	542.3	96.3	n/a	156.1	140.2	15.37	402.0
46.18	0.14	fixation	n/a	160.7	136.6	975.0	n/a	n/a	n/a	n/a
46.322	0.014	saccade	n/a	161.3	137.9	n/a	129.2	138.2	1.25	107.0
46.338	0.298	fixation	n/a	126.3	138.8	1004.0	n/a	n/a	n/a	n/a
46.638	0.026	saccade	n/a	123.0	136.8	n/a	203.1	133.8	3.14	179.0
46.666	0.2	fixation	n/a	217.4	136.7	994.0	n/a	n/a	n/a	n/a
46.868	0.008	saccade	n/a	215.5	138.4	n/a	203.1	140.0	0.5	59.0
46.878	0.154	fixation	n/a	202.6	139.5	990.0	n/a	n/a	n/a	n/a
47.034	0.022	saccade	n/a	203.4	140.6	n/a	279.4	139.9	3.02	195.0
47.058	0.22	fixation	n/a	291.8	142.8	968.0	n/a	n/a	n/a	n/a
47.28	0.012	saccade	n/a	292.8	144.4	n/a	318.7	146.7	1.04	97.0
47.294	0.216	fixation	n/a	319.8	146.5	924.0	n/a	n/a	n/a	n/a
47.512	0.02	saccade	n/a	321.2	145.8	n/a	374.9	144.1	2.16	153.0
47.534	0.25	fixation	n/a	384.8	141.5	901.0	n/a	n/a	n/a	n/a
47.786	0.034	saccade	n/a	381.2	144.0	n/a	466.7	146.8	3.44	171.0
47.822	0.176	fixation	n/a	459.2	146.6	901.0	n/a	n/a	n/a	n/a
48.0	0.008	saccade	n/a	457.0	148.2	n/a	444.6	146.2	0.5	59.0
48.01	0.126	fixation	n/a	445.2	146.4	890.0	n/a	n/a	n/a	n/a
48.138	0.02	saccade	n/a	443.6	145.7	n/a	495.3	153.0	2.1	147.0
48.16	0.316	fixation	n/a	490.2	151.8	882.0	n/a	n/a	n/a	n/a
48.478	0.02	saccade	n/a	488.8	151.1	n/a	533.0	156.1	1.78	144.0
48.5	0.526	fixation	n/a	527.7	156.1	867.0	n/a	n/a	n/a	n/a
49.028	0.02	saccade	n/a	525.6	157.2	n/a	570.9	159.1	1.81	120.0
49.05	0.166	fixation	n/a	569.6	156.3	888.0	n/a	n/a	n/a	n/a
49.218	0.074	saccade	n/a	570.1	156.2	n/a	184.7	202.6	15.35	362.0
49.294	0.124	fixation	n/a	174.2	204.5	949.0	n/a	n/a	n/a	n/a
49.42	0.024	saccade	n/a	173.8	203.3	n/a	118.8	207.7	2.15	154.0
49.446	0.298	fixation	n/a	121.4	210.1	994.0	n/a	n/a	n/a	n/a
49.746	0.034	saccade	n/a	121.0	214.7	n/a	250.5	210.7	5.08	233.0
49.782	0.266	fixation	n/a	257.6	202.5	943.0	n/a	n/a	n/a	n/a
50.05	0.024	saccade	n/a	261.1	202.9	n/a	189.7	204.0	2.83	195.0
50.076	0.282	fixation	n/a	178.4	209.6	885.0	n/a	n/a	n/a	n/a
50.36	0.026	saccade	n/a	177.0	209.4	n/a	250.6	212.1	2.91	179.0
50.388	0.292	fixation	n/a	254.7	208.6	898.0	n/a	n/a	n/a	n/a
50.682	0.022	saccade	n/a	252.2	209.6	n/a	311.8	207.4	2.38	150.0
50.706	0.202	fixation	n/a	313.6	209.3	907.0	n/a	n/a	n/a	n/a
50.91	0.026	saccade	n/a	311.6	207.9	n/a	382.3	204.5	2.84	174.0
50.938	0.316	fixation	n/a	384.0	201.2	937.0	n/a	n/a	n/a	n/a
51.256	0.02	saccade	n/a	382.6	198.1	n/a	444.0	197.2	2.47	188.0
51.278	0.214	fixation	n/a	442.2	201.1	958.0	n/a	n/a	n/a	n/a
51.494	0.02	saccade	n/a	444.4	201.6	n/a	493.7	204.7	1.98	147.0
51.516	0.21	fixation	n/a	488.3	204.2	889.0	n/a	n/a	n/a	n/a
51.728	0.012	saccade	n/a	492.0	203.8	n/a	514.3	204.9	0.89	83.0
51.742	0.162	fixation	n/a	516.1	207.3	879.0	n/a	n/a	n/a	n/a
51.906	0.02	saccade	n/a	516.3	206.8	n/a	566.3	211.3	2.0	134.0
51.928	0.616	fixation	n/a	574.8	214.4	819.0	n/a	n/a	n/a	n/a
52.546	0.182	saccade	n/a	572.4	216.0	n/a	576.8	211.0	0.27	853.0
52.586	0.106	blink	n/a	n/a	n/a	n/a	n/a	n/a	n/a	n/a
52.73	0.302	fixation	n/a	562.3	221.0	762.0	n/a	n/a	n/a	n/a
53.034	0.018	saccade	n/a	557.4	217.5	n/a	510.8	202.6	1.95	150.0
53.054	0.286	fixation	n/a	500.9	205.4	727.0	n/a	n/a	n/a	n/a
53.342	0.02	saccade	n/a	502.4	207.3	n/a	447.7	209.9	2.19	163.0
53.364	0.242	fixation	n/a	443.1	207.0	703.0	n/a	n/a	n/a	n/a
53.608	0.038	saccade	n/a	444.6	207.8	n/a	564.9	212.0	4.81	265.0
53.648	0.262	fixation	n/a	558.0	209.5	749.0	n/a	n/a	n/a	n/a
53.912	0.022	saccade	n/a	555.7	212.3	n/a	499.8	153.5	3.27	253.0
53.936	0.188	fixation	n/a	483.5	157.9	811.0	n/a	n/a	n/a	n/a
54.126	0.024	saccade	n/a	481.8	157.2	n/a	406.2	147.6	3.07	207.0
54.152	0.19	fixation	n/a	406.6	150.2	849.0	n/a	n/a	n/a	n/a
54.344	0.042	saccade	n/a	406.1	150.7	n/a	222.5	150.0	7.34	257.0
54.354	0.0	trigger_11	11	n/a	n/a	n/a	n/a	n/a	n/a	n/a
54.368	0.0	trigger_10	10	n/a	n/a	n/a	n/a	n/a	n/a	n/a
54.388	0.192	fixation	n/a	217.9	150.8	860.0	n/a	n/a	n/a	n/a
54.582	0.024	saccade	n/a	216.1	150.7	n/a	149.2	149.7	2.63	168.0
54.608	0.262	fixation	n/a	135.9	154.2	866.0	n/a	n/a	n/a	n/a
54.872	0.056	saccade	n/a	135.7	157.1	n/a	442.1	105.1	12.32	374.0
54.93	0.248	fixation	n/a	442.2	101.5	866.0	n/a	n/a	n/a	n/a
55.18	0.018	saccade	n/a	442.0	100.6	n/a	476.6	97.7	1.4	87.0
55.2	0.194	fixation	n/a	490.5	102.8	855.0	n/a	n/a	n/a	n/a
55.396	0.052	saccade	n/a	491.8	103.1	n/a	213.4	92.0	11.12	384.0
55.45	0.202	fixation	n/a	218.5	95.8	921.0	n/a	n/a	n/a	n/a
55.654	0.038	saccade	n/a	217.3	98.1	n/a	293.5	101.5	3.04	132.0
55.694	0.104	fixation	n/a	287.5	99.3	936.0	n/a	n/a	n/a	n/a
55.8	0.036	saccade	n/a	287.1	100.1	n/a	151.1	90.0	5.39	311.0
55.838	0.32	fixation	n/a	157.2	93.2	958.0	n/a	n/a	n/a	n/a
56.16	0.012	saccade	n/a	158.4	92.5	n/a	132.0	89.9	1.04	91.0
56.174	0.516	fixation	n/a	129.8	88.6	970.0	n/a	n/a	n/a	n/a
56.692	0.012	saccade	n/a	131.3	87.9	n/a	159.2	84.8	1.1	102.0
56.706	0.146	fixation	n/a	162.8	86.0	938.0	n/a	n/a	n/a	n/a
56.854	0.02	saccade	n/a	161.5	85.6	n/a	220.0	85.7	2.31	175.0
56.876	0.244	fixation	n/a	228.0	83.0	915.0	n/a	n/a	n/a	n/a
57.122	0.03	saccade	n/a	227.5	83.6	n/a	324.3	84.3	3.86	193.0
57.154	0.31	fixation	n/a	326.2	85.5	873.0	n/a	n/a	n/a	n/a
57.466	0.034	saccade	n/a	324.6	85.4	n/a	422.8	91.8	3.96	192.0
57.502	0.306	fixation	n/a	424.0	92.0	874.0	n/a	n/a	n/a	n/a
57.81	0.02	saccade	n/a	422.4	95.1	n/a	469.6	98.2	1.9	131.0
57.832	0.238	fixation	n/a	475.3	96.4	881.0	n/a	n/a	n/a	n/a
58.072	0.02	saccade	n/a	474.4	95.9	n/a	516.6	98.4	1.69	125.0
58.094	0.266	fixation	n/a	518.6	100.6	885.0	n/a	n/a	n/a	n/a
58.362	0.014	saccade	n/a	518.8	100.3	n/a	554.1	97.6	1.41	118.0
58.378	0.172	fixation	n/a	559.5	96.8	854.0	n/a	n/a	n/a	n/a
58.552	0.07	saccade	n/a	558.1	97.9	n/a	162.6	141.3	15.73	420.0
58.624	0.24	fixation	n/a	151.0	141.2	926.0	n/a	n/a	n/a	n/a
58.866	0.068	saccade	n/a	149.9	141.0	n/a	492.0	97.9	13.66	407.0
58.936	0.2	fixation	n/a	504.4	101.7	972.0	n/a	n/a	n/a	n/a
59.138	0.014	saccade	n/a	507.6	102.5	n/a	536.3	102.7	1.15	105.0
59.154	0.318	fixation	n/a	528.7	103.8	1010.0	n/a	n/a	n/a	n/a
59.474	0.014	saccade	n/a	525.1	108.1	n/a	491.3	103.7	1.37	116.0
59.49	0.236	fixation	n/a	483.9	102.4	1085.0	n/a	n/a	n/a	n/a
59.728	0.02	saccade	n/a	481.9	99.5	n/a	525.6	107.8	1.78	131.0
59.75	0.218	fixation	n/a	527.2	109.1	1118.0	n/a	n/a	n/a	n/a
59.97	0.072	saccade	n/a	525.8	112.8	n/a	152.2	159.9	14.89	435.0
60.044	0.156	fixation	n/a	142.7	159.2	1135.0	n/a	n/a	n/a	n/a
60.202	0.016	saccade	n/a	140.6	158.3	n/a	105.7	163.5	1.37	97.0
60.22	0.24	fixation	n/a	110.8	162.9	1141.0	n/a	n/a	n/a	n/a
60.462	0.074	saccade	n/a	110.4	160.4	n/a	544.4	104.3	17.17	430.0
60.538	0.214	fixation	n/a	555.8	106.8	1079.0	n/a	n/a	n/a	n/a
60.754	0.07	saccade	n/a	554.4	109.1	n/a	156.2	158.2	15.83	432.0
60.826	0.146	fixation	n/a	146.0	156.4	1137.0	n/a	n/a	n/a	n/a
60.974	0.018	saccade	n/a	145.4	152.9	n/a	102.9	153.7	1.65	138.0
60.994	0.256	fixation	n/a	109.3	149.9	1223.0	n/a	n/a	n/a	n/a
61.252	0.014	saccade	n/a	109.3	146.1	n/a	140.0	143.2	1.2	104.0
61.268	0.308	fixation	n/a	141.8	140.5	1212.0	n/a	n/a	n/a	n/a
61.578	0.022	saccade	n/a	144.5	141.3	n/a	207.0	140.4	2.46	186.0
61.602	0.26	fixation	n/a	213.7	139.0	1154.0	n/a	n/a	n/a	n/a
61.864	0.018	saccade	n/a	214.2	136.7	n/a	248.5	136.5	1.36	112.0
61.884	0.312	fixation	n/a	248.9	134.4	1167.0	n/a	n/a	n/a	n/a
62.198	0.016	saccade	n/a	250.7	137.2	n/a	282.4	138.8	1.27	99.0
62.216	0.152	fixation	n/a	289.6	138.4	1093.0	n/a	n/a	n/a	n/a
62.37	0.02	saccade	n/a	291.7	139.1	n/a	344.8	138.2	2.13	130.0
62.392	0.268	fixation	n/a	355.3	141.6	1020.0	n/a	n/a	n/a	n/a
62.662	0.022	saccade	n/a	353.3	144.4	n/a	427.9	143.3	3.0	211.0
62.686	0.2	fixation	n/a	442.8	144.3	997.0	n/a	n/a	n/a	n/a
62.888	0.02	saccade	n/a	441.1	148.3	n/a	490.0	150.0	1.97	150.0
62.91	0.258	fixation	n/a	490.5	152.6	956.0	n/a	n/a	n/a	n/a
63.17	0.022	saccade	n/a	490.7	154.4	n/a	543.3	153.1	2.1	118.0
63.194	0.156	fixation	n/a	548.0	154.2	911.0	n/a	n/a	n/a	n/a
63.352	0.05	saccade	n/a	548.0	157.5	n/a	259.2	103.5	11.71	424.0
63.404	0.17	fixation	n/a	261.1	109.2	928.0	n/a	n/a	n/a	n/a
63.576	0.016	saccade	n/a	257.5	109.3	n/a	296.9	102.1	1.6	137.0
63.594	0.184	fixation	n/a	299.6	99.1	949.0	n/a	n/a	n/a	n/a
63.78	0.05	saccade	n/a	298.3	100.4	n/a	514.8	152.7	8.94	302.0
63.832	0.162	fixation	n/a	517.4	150.5	940.0	n/a	n/a	n/a	n/a
63.996	0.016	saccade	n/a	523.1	150.6	n/a	555.9	159.2	1.36	120.0
64.014	0.316	fixation	n/a	549.0	158.1	888.0	n/a	n/a	n/a	n/a
64.332	0.06	saccade	n/a	546.2	156.3	n/a	146.1	199.0	15.85	421.0
64.394	0.138	fixation	n/a	146.9	199.3	901.0	n/a	n/a	n/a	n/a
64.534	0.01	saccade	n/a	143.8	199.6	n/a	127.5	206.7	0.69	70.0
64.546	0.154	fixation	n/a	125.0	207.5	928.0	n/a	n/a	n/a	n/a
64.702	0.04	saccade	n/a	123.2	209.0	n/a	237.0	202.9	4.47	224.0
64.744	0.358	fixation	n/a	237.8	201.5	925.0	n/a	n/a	n/a	n/a
65.104	0.022	saccade	n/a	237.5	201.8	n/a	298.9	199.8	2.45	156.0
65.128	0.274	fixation	n/a	321.1	205.0	892.0	n/a	n/a	n/a	n/a
65.404	0.012	saccade	n/a	322.0	207.9	n/a	303.6	208.1	0.74	66.0
65.418	0.154	fixation	n/a	300.2	207.9	880.0	n/a	n/a	n/a	n/a
65.574	0.022	saccade	n/a	296.6	207.3	n/a	373.4	206.3	3.08	218.0
65.598	0.16	fixation	n/a	381.4	204.5	871.0	n/a	n/a	n/a	n/a
65.76	0.032	saccade	n/a	383.1	204.6	n/a	493.9	213.7	4.46	225.0
65.794	0.182	fixation	n/a	505.7	208.7	861.0	n/a	n/a	n/a	n/a
65.948	0.0	trigger_11	11	n/a	n/a	n/a	n/a	n/a	n/a	n/a
65.958	0.0	trigger_10	10	n/a	n/a	n/a	n/a	n/a	n/a	n/a
65.978	0.016	saccade	n/a	506.9	210.9	n/a	545.5	212.3	1.54	119.0
65.996	0.27	fixation	n/a	552.8	213.4	839.0	n/a	n/a	n/a	n/a
66.268	0.054	saccade	n/a	553.2	214.0	n/a	212.4	263.1	13.61	367.0
66.324	0.15	fixation	n/a	212.7	264.0	860.0	n/a	n/a	n/a	n/a
66.476	0.02	saccade	n/a	210.2	263.1	n/a	149.8	268.6	2.37	160.0
66.498	0.204	fixation	n/a	137.5	271.4	895.0	n/a	n/a	n/a	n/a
66.704	0.048	saccade	n/a	137.0	271.2	n/a	261.5	127.6	7.56	325.0
66.754	0.194	fixation	n/a	261.3	124.4	892.0	n/a	n/a	n/a	n/a
66.95	0.052	saccade	n/a	261.6	127.0	n/a	509.2	151.4	9.93	299.0
67.004	0.136	fixation	n/a	504.8	149.8	916.0	n/a	n/a	n/a	n/a
67.142	0.042	saccade	n/a	506.8	148.6	n/a	357.9	148.0	5.98	235.0
67.186	0.312	fixation	n/a	354.8	145.7	969.0	n/a	n/a	n/a	n/a
67.5	0.058	saccade	n/a	354.3	142.0	n/a	225.2	281.8	7.64	379.0
67.56	0.112	fixation	n/a	220.9	293.2	1012.0	n/a	n/a	n/a	n/a
67.674	0.034	saccade	n/a	221.3	292.7	n/a	126.2	275.3	3.77	220.0
67.71	0.17	fixation	n/a	131.4	275.0	990.0	n/a	n/a	n/a	n/a
67.882	0.022	saccade	n/a	131.2	276.9	n/a	198.8	270.4	2.64	199.0
67.906	0.29	fixation	n/a	215.4	272.1	890.0	n/a	n/a	n/a	n/a
68.198	0.034	saccade	n/a	215.3	271.1	n/a	186.7	122.5	6.08	309.0
68.234	0.132	fixation	n/a	179.9	113.5	859.0	n/a	n/a	n/a	n/a
68.368	0.02	saccade	n/a	177.3	112.3	n/a	132.9	77.6	2.23	184.0
68.39	0.236	fixation	n/a	125.3	80.6	847.0	n/a	n/a	n/a	n/a
68.628	0.026	saccade	n/a	126.0	82.5	n/a	218.4	83.1	3.63	212.0
68.656	0.146	fixation	n/a	225.3	85.3	885.0	n/a	n/a	n/a	n/a
68.804	0.08	saccade	n/a	228.1	89.0	n/a	255.9	111.4	1.43	811.0
68.886	0.162	fixation	n/a	258.5	92.4	898.0	n/a	n/a	n/a	n/a
69.05	0.018	saccade	n/a	259.0	87.9	n/a	315.5	85.2	2.26	177.0
69.07	0.25	fixation	n/a	315.4	87.1	900.0	n/a	n/a	n/a	n/a
69.322	0.034	saccade	n/a	311.7	88.1	n/a	415.8	88.8	4.19	224.0
69.358	0.202	fixation	n/a	410.8	87.3	858.0	n/a	n/a	n/a	n/a
69.562	0.01	saccade	n/a	409.4	87.1	n/a	394.2	86.1	0.61	60.0
69.574	0.236	fixation	n/a	395.4	88.0	887.0	n/a	n/a	n/a	n/a
69.812	0.022	saccade	n/a	393.7	88.0	n/a	456.2	85.8	2.52	159.0
69.836	0.186	fixation	n/a	468.3	87.7	893.0	n/a	n/a	n/a	n/a
69.86	0.0	trigger_11	11	n/a	n/a	n/a	n/a	n/a	n/a	n/a
69.868	0.0	trigger_12	12	n/a	n/a	n/a	n/a	n/a	n/a	n/a
70.024	0.02	saccade	n/a	469.0	85.3	n/a	516.7	91.5	1.93	134.0
70.046	0.106	fixation	n/a	512.9	93.5	891.0	n/a	n/a	n/a	n/a
70.154	0.054	saccade	n/a	513.2	94.1	n/a	166.0	133.2	13.84	441.0
70.21	0.122	fixation	n/a	168.0	135.7	960.0	n/a	n/a	n/a	n/a
70.334	0.016	saccade	n/a	166.1	136.6	n/a	137.2	141.0	1.14	108.0
70.352	0.162	fixation	n/a	137.2	140.7	1017.0	n/a	n/a	n/a	n/a
70.516	0.034	saccade	n/a	137.6	139.2	n/a	247.9	136.4	4.34	215.0
70.552	0.45	fixation	n/a	238.5	136.5	1055.0	n/a	n/a	n/a	n/a
71.004	0.016	saccade	n/a	229.3	137.8	n/a	263.3	132.8	1.37	133.0
71.022	0.34	fixation	n/a	263.2	133.8	1009.0	n/a	n/a	n/a	n/a
71.364	0.01	saccade	n/a	267.8	136.4	n/a	283.6	139.6	0.65	66.0
71.376	0.23	fixation	n/a	285.0	142.4	926.0	n/a	n/a	n/a	n/a
71.428	0.0	trigger_13	13	n/a	n/a	n/a	n/a	n/a	n/a	n/a
71.442	0.0	trigger_10	10	n/a	n/a	n/a	n/a	n/a	n/a	n/a
71.608	0.014	saccade	n/a	287.4	146.6	n/a	318.5	145.4	1.25	116.0
71.624	0.166	fixation	n/a	327.2	149.1	872.0	n/a	n/a	n/a	n/a
71.792	0.016	saccade	n/a	326.9	148.0	n/a	363.1	150.0	1.46	120.0
71.81	0.314	fixation	n/a	359.8	145.4	877.0	n/a	n/a	n/a	n/a
72.126	0.04	saccade	n/a	356.5	147.3	n/a	250.6	91.9	4.81	187.0
72.168	0.13	fixation	n/a	254.3	93.0	859.0	n/a	n/a	n/a	n/a
72.3	0.028	saccade	n/a	252.6	91.9	n/a	149.0	79.6	4.12	232.0
72.33	0.36	fixation	n/a	147.3	81.3	848.0	n/a	n/a	n/a	n/a
72.692	0.018	saccade	n/a	146.8	82.8	n/a	189.6	83.0	1.68	143.0
72.712	0.186	fixation	n/a	201.2	85.8	870.0	n/a	n/a	n/a	n/a
72.9	0.04	saccade	n/a	201.3	86.4	n/a	375.2	85.2	6.94	274.0
72.942	0.34	fixation	n/a	372.0	83.5	900.0	n/a	n/a	n/a	n/a
73.284	0.03	saccade	n/a	370.9	83.8	n/a	436.8	90.4	2.67	148.0
73.316	0.408	fixation	n/a	433.4	89.1	880.0	n/a	n/a	n/a	n/a
73.726	0.05	saccade	n/a	434.3	88.6	n/a	189.7	89.0	9.75	342.0
73.778	0.13	fixation	n/a	189.4	91.6	878.0	n/a	n/a	n/a	n/a
73.91	0.022	saccade	n/a	187.1	92.4	n/a	126.6	80.0	2.42	176.0
73.934	0.428	fixation	n/a	117.0	80.2	860.0	n/a	n/a	n/a	n/a
74.364	0.146	saccade	n/a	115.0	79.1	n/a	112.7	93.9	0.6	446.0
74.442	0.028	blink	n/a	n/a	n/a	n/a	n/a	n/a	n/a	n/a
74.512	0.298	fixation	n/a	106.4	86.0	825.0	n/a	n/a	n/a	n/a
74.812	0.018	saccade	n/a	104.6	83.1	n/a	148.7	85.7	1.72	132.0
74.832	0.266	fixation	n/a	160.4	83.3	805.0	n/a	n/a	n/a	n/a
75.1	0.018	saccade	n/a	161.3	82.3	n/a	204.4	83.9	1.7	135.0
75.12	0.218	fixation	n/a	213.3	82.9	815.0	n/a	n/a	n/a	n/a
75.34	0.022	saccade	n/a	214.2	83.7	n/a	280.9	80.2	2.66	186.0
75.364	0.294	fixation	n/a	280.3	80.7	854.0	n/a	n/a	n/a	n/a
75.66	0.006	saccade	n/a	276.9	83.7	n/a	269.9	84.1	0.28	45.0
75.668	0.284	fixation	n/a	265.1	86.3	923.0	n/a	n/a	n/a	n/a
75.954	0.012	saccade	n/a	261.5	91.9	n/a	286.9	92.2	1.02	99.0
75.968	0.084	fixation	n/a	287.7	91.0	947.0	n/a	n/a	n/a	n/a
76.054	0.03	saccade	n/a	284.8	91.7	n/a	188.5	90.5	3.82	227.0
76.086	0.3	fixation	n/a	190.6	90.7	988.0	n/a	n/a	n/a	n/a
76.388	0.024	saccade	n/a	187.8	88.5	n/a	255.5	80.6	2.7	169.0
76.414	0.382	fixation	n/a	273.0	82.2	1042.0	n/a	n/a	n/a	n/a
76.798	0.018	saccade	n/a	275.6	85.7	n/a	327.9	83.2	2.1	156.0
76.818	0.258	fixation	n/a	339.6	83.3	1006.0	n/a	n/a	n/a	n/a
77.078	0.018	saccade	n/a	342.9	79.4	n/a	389.8	78.3	1.89	154.0
77.098	0.374	fixation	n/a	397.5	79.4	985.0	n/a	n/a	n/a	n/a
77.474	0.018	saccade	n/a	397.9	81.9	n/a	358.6	79.8	1.59	112.0
77.494	0.374	fixation	n/a	362.4	80.7	932.0	n/a	n/a	n/a	n/a
77.87	0.02	saccade	n/a	362.0	82.7	n/a	411.5	83.1	2.0	148.0
77.892	0.396	fixation	n/a	410.3	85.4	1017.0	n/a	n/a	n/a	n/a
78.29	0.026	saccade	n/a	405.5	88.2	n/a	473.1	95.1	2.73	170.0
78.318	0.202	fixation	n/a	473.8	93.8	998.0	n/a	n/a	n/a	n/a
78.522	0.034	saccade	n/a	476.2	93.1	n/a	366.3	82.5	4.44	228.0
78.558	0.262	fixation	n/a	367.6	84.5	1011.0	n/a	n/a	n/a	n/a
78.822	0.012	saccade	n/a	373.2	85.5	n/a	392.2	86.4	0.77	62.0
78.836	0.146	fixation	n/a	392.6	85.8	1026.0	n/a	n/a	n/a	n/a
78.852	0.0	trigger_11	11	n/a	n/a	n/a	n/a	n/a	n/a	n/a
78.87	0.0	trigger_10	10	n/a	n/a	n/a	n/a	n/a	n/a	n/a
78.984	0.024	saccade	n/a	393.7	85.2	n/a	464.8	92.3	2.88	160.0
79.01	0.242	fixation	n/a	473.6	91.1	1018.0	n/a	n/a	n/a	n/a
79.254	0.016	saccade	n/a	474.7	88.8	n/a	505.9	93.4	1.26	112.0
79.272	0.258	fixation	n/a	499.1	94.2	994.0	n/a	n/a	n/a	n/a
79.532	0.022	saccade	n/a	497.7	96.5	n/a	561.8	96.1	2.56	159.0
79.556	0.108	fixation	n/a	561.2	99.1	948.0	n/a	n/a	n/a	n/a
79.666	0.07	saccade	n/a	561.5	99.2	n/a	151.8	139.0	16.24	451.0
79.738	0.192	fixation	n/a	143.3	142.8	978.0	n/a	n/a	n/a	n/a
79.932	0.006	saccade	n/a	140.0	142.4	n/a	130.5	146.4	0.4	56.0
79.94	0.132	fixation	n/a	131.1	148.1	982.0	n/a	n/a	n/a	n/a
80.074	0.018	saccade	n/a	132.6	151.0	n/a	176.8	147.5	1.74	135.0
80.094	0.192	fixation	n/a	179.2	148.7	957.0	n/a	n/a	n/a	n/a
80.288	0.016	saccade	n/a	178.3	147.8	n/a	149.1	148.8	1.15	100.0
80.306	0.17	fixation	n/a	155.9	148.0	954.0	n/a	n/a	n/a	n/a
80.478	0.016	saccade	n/a	155.3	145.4	n/a	192.8	143.4	1.48	128.0
80.496	0.328	fixation	n/a	191.1	140.7	1023.0	n/a	n/a	n/a	n/a
80.826	0.022	saccade	n/a	188.8	141.5	n/a	165.7	72.0	2.95	224.0
80.85	0.244	fixation	n/a	164.0	78.5	1040.0	n/a	n/a	n/a	n/a
81.096	0.016	saccade	n/a	162.5	81.1	n/a	133.6	84.1	1.14	79.0
81.114	0.202	fixation	n/a	136.8	84.1	1053.0	n/a	n/a	n/a	n/a
81.318	0.02	saccade	n/a	135.1	88.0	n/a	200.1	86.8	2.55	197.0
81.34	0.282	fixation	n/a	220.2	87.6	1015.0	n/a	n/a	n/a	n/a
81.624	0.014	saccade	n/a	221.0	87.3	n/a	250.3	87.1	1.17	109.0
81.64	0.388	fixation	n/a	254.1	86.0	976.0	n/a	n/a	n/a	n/a
82.03	0.02	saccade	n/a	254.6	88.0	n/a	297.2	82.3	1.72	122.0
82.052	0.184	fixation	n/a	310.0	83.4	970.0	n/a	n/a	n/a	n/a
82.238	0.018	saccade	n/a	310.1	83.5	n/a	360.7	80.9	2.04	168.0
82.258	0.41	fixation	n/a	357.3	81.6	1022.0	n/a	n/a	n/a	n/a
82.67	0.02	saccade	n/a	343.1	80.9	n/a	400.9	79.9	2.33	160.0
82.692	0.336	fixation	n/a	406.7	77.3	994.0	n/a	n/a	n/a	n/a
83.03	0.014	saccade	n/a	408.0	75.3	n/a	435.6	76.2	1.11	96.0
83.046	0.58	fixation	n/a	433.8	79.7	960.0	n/a	n/a	n/a	n/a
83.628	0.016	saccade	n/a	433.2	81.7	n/a	473.2	83.3	1.61	130.0
83.646	0.28	fixation	n/a	480.8	85.1	933.0	n/a	n/a	n/a	n/a
83.928	0.02	saccade	n/a	482.4	83.4	n/a	533.9	88.6	2.07	141.0
83.95	0.346	fixation	n/a	538.8	84.9	945.0	n/a	n/a	n/a	n/a
84.298	0.07	saccade	n/a	538.9	85.7	n/a	136.3	133.7	15.97	393.0
84.37	0.248	fixation	n/a	122.6	133.8	1043.0	n/a	n/a	n/a	n/a
84.62	0.014	saccade	n/a	123.7	134.0	n/a	154.0	135.1	1.18	102.0
84.636	0.268	fixation	n/a	156.3	135.3	1085.0	n/a	n/a	n/a	n/a
84.906	0.006	saccade	n/a	154.7	139.2	n/a	147.0	139.2	0.3	50.0
84.914	0.028	fixation	n/a	151.2	137.8	1047.0	n/a	n/a	n/a	n/a
84.944	0.018	saccade	n/a	160.4	137.4	n/a	198.3	136.2	1.49	106.0
84.964	0.18	fixation	n/a	191.1	135.4	1015.0	n/a	n/a	n/a	n/a
85.146	0.006	saccade	n/a	189.1	135.2	n/a	179.8	137.0	0.37	55.0
85.154	0.226	fixation	n/a	181.1	134.8	1015.0	n/a	n/a	n/a	n/a
85.382	0.014	saccade	n/a	186.1	133.0	n/a	213.1	135.3	1.07	98.0
85.398	0.21	fixation	n/a	218.4	133.0	1042.0	n/a	n/a	n/a	n/a
85.61	0.01	saccade	n/a	220.3	134.1	n/a	238.3	133.7	0.72	79.0
85.622	0.23	fixation	n/a	238.7	134.2	1047.0	n/a	n/a	n/a	n/a
85.854	0.018	saccade	n/a	238.6	134.8	n/a	291.2	131.1	2.11	163.0
85.874	0.206	fixation	n/a	301.6	132.4	1026.0	n/a	n/a	n/a	n/a
86.082	0.016	saccade	n/a	303.2	131.2	n/a	345.5	130.8	1.7	135.0
86.1	0.26	fixation	n/a	353.8	134.8	1003.0	n/a	n/a	n/a	n/a
86.362	0.012	saccade	n/a	351.2	137.7	n/a	328.1	137.8	0.93	85.0
86.376	0.198	fixation	n/a	322.7	138.7	970.0	n/a	n/a	n/a	n/a
86.476	0.0	trigger_11	11	n/a	n/a	n/a	n/a	n/a	n/a	n/a
86.488	0.0	trigger_10	10	n/a	n/a	n/a	n/a	n/a	n/a	n/a
86.576	0.02	saccade	n/a	320.7	141.6	n/a	376.6	139.9	2.25	158.0
86.598	0.066	fixation	n/a	376.1	140.6	945.0	n/a	n/a	n/a	n/a
86.666	0.078	saccade	n/a	376.7	141.3	n/a	462.3	179.3	3.78	550.0
86.746	0.186	fixation	n/a	460.2	158.8	904.0	n/a	n/a	n/a	n/a
86.934	0.12	saccade	n/a	460.1	162.4	n/a	528.7	170.1	2.77	858.0
86.96	0.064	blink	n/a	n/a	n/a	n/a	n/a	n/a	n/a	n/a
87.056	0.222	fixation	n/a	521.5	163.6	811.0	n/a	n/a	n/a	n/a
87.28	0.01	saccade	n/a	519.9	161.0	n/a	539.8	156.5	0.82	86.0
87.292	0.174	fixation	n/a	542.5	159.8	789.0	n/a	n/a	n/a	n/a
87.468	0.066	saccade	n/a	542.6	156.3	n/a	159.8	207.4	15.24	410.0
87.536	0.208	fixation	n/a	149.5	211.7	829.0	n/a	n/a	n/a	n/a
87.746	0.012	saccade	n/a	146.8	212.1	n/a	130.7	209.7	0.63	60.0
87.76	0.168	fixation	n/a	131.2	209.9	859.0	n/a	n/a	n/a	n/a
87.93	0.024	saccade	n/a	129.3	213.4	n/a	197.7	207.2	2.68	178.0
87.956	0.274	fixation	n/a	197.8	206.8	844.0	n/a	n/a	n/a	n/a
88.232	0.036	saccade	n/a	199.6	208.5	n/a	329.7	205.5	5.17	242.0
88.27	0.258	fixation	n/a	331.7	203.8	860.0	n/a	n/a	n/a	n/a
88.53	0.022	saccade	n/a	327.6	205.3	n/a	398.3	205.7	2.84	200.0
88.554	0.148	fixation	n/a	409.0	205.0	858.0	n/a	n/a	n/a	n/a
88.704	0.048	saccade	n/a	410.1	205.2	n/a	196.9	95.6	9.59	400.0
88.754	0.116	fixation	n/a	196.5	97.1	868.0	n/a	n/a	n/a	n/a
88.872	0.02	saccade	n/a	192.9	97.3	n/a	136.6	76.0	2.37	188.0
88.894	0.296	fixation	n/a	128.7	77.3	866.0	n/a	n/a	n/a	n/a
89.192	0.022	saccade	n/a	129.0	78.6	n/a	202.1	81.0	2.87	204.0
89.216	0.164	fixation	n/a	218.5	79.0	894.0	n/a	n/a	n/a	n/a
89.382	0.01	saccade	n/a	219.7	76.6	n/a	205.1	75.5	0.58	61.0
89.394	0.256	fixation	n/a	207.7	75.0	914.0	n/a	n/a	n/a	n/a
89.652	0.016	saccade	n/a	209.9	75.5	n/a	253.5	74.5	1.73	154.0
89.67	0.188	fixation	n/a	264.4	74.6	967.0	n/a	n/a	n/a	n/a
89.86	0.038	saccade	n/a	263.6	74.3	n/a	369.8	73.8	4.27	220.0
89.9	0.4	fixation	n/a	363.2	73.1	996.0	n/a	n/a	n/a	n/a
90.302	0.02	saccade	n/a	363.9	77.8	n/a	416.9	74.9	2.14	140.0
90.324	0.164	fixation	n/a	426.5	78.9	975.0	n/a	n/a	n/a	n/a
90.382	0.0	trigger_11	11	n/a	n/a	n/a	n/a	n/a	n/a	n/a
90.398	0.0	trigger_10	10	n/a	n/a	n/a	n/a	n/a	n/a	n/a
90.49	0.022	saccade	n/a	426.1	80.7	n/a	486.4	85.6	2.43	159.0
90.514	0.296	fixation	n/a	507.3	87.9	953.0	n/a	n/a	n/a	n/a
90.812	0.014	saccade	n/a	511.5	87.9	n/a	541.2	91.2	1.19	91.0
90.828	0.204	fixation	n/a	542.3	93.7	914.0	n/a	n/a	n/a	n/a
91.034	0.016	saccade	n/a	541.8	94.1	n/a	586.3	96.1	1.77	157.0
91.052	0.172	fixation	n/a	588.6	95.8	857.0	n/a	n/a	n/a	n/a
91.226	0.07	saccade	n/a	590.0	94.8	n/a	190.0	145.7	15.91	415.0
91.298	0.16	fixation	n/a	178.1	148.1	901.0	n/a	n/a	n/a	n/a
91.46	0.018	saccade	n/a	174.2	147.6	n/a	133.8	148.9	1.58	115.0
91.48	0.266	fixation	n/a	138.1	149.6	930.0	n/a	n/a	n/a	n/a
91.748	0.022	saccade	n/a	136.3	148.5	n/a	212.3	144.7	2.98	202.0
91.772	0.418	fixation	n/a	229.3	149.4	898.0	n/a	n/a	n/a	n/a
92.192	0.024	saccade	n/a	228.5	150.2	n/a	291.2	146.7	2.5	140.0
92.218	0.364	fixation	n/a	300.2	148.6	867.0	n/a	n/a	n/a	n/a
92.584	0.036	saccade	n/a	296.2	148.9	n/a	153.8	97.6	6.0	307.0
92.622	0.126	fixation	n/a	147.5	97.8	852.0	n/a	n/a	n/a	n/a
92.75	0.014	saccade	n/a	143.2	95.8	n/a	121.7	75.3	1.17	100.0
92.766	0.168	fixation	n/a	122.1	79.1	842.0	n/a	n/a	n/a	n/a
92.936	0.018	saccade	n/a	122.3	78.6	n/a	161.6	80.6	1.53	99.0
92.956	0.152	fixation	n/a	171.7	85.6	842.0	n/a	n/a	n/a	n/a
93.11	0.022	saccade	n/a	170.0	86.2	n/a	241.3	83.2	2.82	193.0
93.134	0.204	fixation	n/a	256.3	82.4	846.0	n/a	n/a	n/a	n/a
93.34	0.034	saccade	n/a	258.4	81.3	n/a	364.6	84.6	4.26	209.0
93.376	0.314	fixation	n/a	364.3	82.7	859.0	n/a	n/a	n/a	n/a
93.692	0.02	saccade	n/a	366.7	86.9	n/a	415.0	85.5	1.95	138.0
93.714	0.33	fixation	n/a	430.4	87.0	856.0	n/a	n/a	n/a	n/a
94.046	0.036	saccade	n/a	430.3	87.0	n/a	526.7	95.9	3.89	164.0
94.084	0.408	fixation	n/a	518.2	93.6	882.0	n/a	n/a	n/a	n/a
94.494	0.066	saccade	n/a	515.2	94.9	n/a	141.4	150.8	14.95	431.0
94.562	0.164	fixation	n/a	131.9	149.4	978.0	n/a	n/a	n/a	n/a
94.728	0.008	saccade	n/a	129.8	150.4	n/a	117.0	146.2	0.52	61.0
94.738	0.194	fixation	n/a	116.6	144.8	996.0	n/a	n/a	n/a	n/a
94.934	0.026	saccade	n/a	117.4	146.1	n/a	207.8	142.7	3.54	234.0
94.962	0.244	fixation	n/a	215.7	140.6	982.0	n/a	n/a	n/a	n/a
95.208	0.008	saccade	n/a	215.0	142.7	n/a	200.8	140.9	0.57	71.0
95.218	0.484	fixation	n/a	199.2	144.4	1002.0	n/a	n/a	n/a	n/a
95.704	0.02	saccade	n/a	200.4	145.3	n/a	254.9	147.0	2.16	160.0
95.726	0.334	fixation	n/a	260.8	144.2	976.0	n/a	n/a	n/a	n/a
96.062	0.01	saccade	n/a	262.2	142.1	n/a	274.7	141.1	0.5	54.0
96.074	0.284	fixation	n/a	274.6	139.4	1019.0	n/a	n/a	n/a	n/a
96.36	0.022	saccade	n/a	273.5	142.3	n/a	342.5	136.1	2.78	200.0
96.384	0.386	fixation	n/a	358.5	140.3	965.0	n/a	n/a	n/a	n/a
96.772	0.018	saccade	n/a	359.7	142.2	n/a	407.4	140.8	1.92	153.0
96.792	0.192	fixation	n/a	421.6	141.9	927.0	n/a	n/a	n/a	n/a
96.986	0.016	saccade	n/a	419.3	144.5	n/a	380.1	140.3	1.59	130.0
97.004	0.126	fixation	n/a	375.5	143.4	918.0	n/a	n/a	n/a	n/a
97.132	0.01	saccade	n/a	373.6	142.9	n/a	357.0	144.0	0.67	74.0
97.144	0.142	fixation	n/a	352.1	146.3	925.0	n/a	n/a	n/a	n/a
97.288	0.02	saccade	n/a	351.3	146.2	n/a	413.5	143.4	2.51	181.0
97.31	0.182	fixation	n/a	427.5	142.2	901.0	n/a	n/a	n/a	n/a
97.494	0.018	saccade	n/a	428.1	142.4	n/a	471.8	142.6	1.76	138.0
97.514	0.25	fixation	n/a	477.4	145.2	891.0	n/a	n/a	n/a	n/a
97.766	0.01	saccade	n/a	475.2	147.4	n/a	461.3	147.1	0.56	57.0
97.778	0.27	fixation	n/a	457.9	147.1	887.0	n/a	n/a	n/a	n/a
98.05	0.016	saccade	n/a	456.5	147.8	n/a	487.6	149.3	1.25	107.0
98.068	0.082	fixation	n/a	497.1	152.4	885.0	n/a	n/a	n/a	n/a
98.152	0.096	saccade	n/a	494.8	150.8	n/a	564.7	177.6	3.0	792.0
98.196	0.012	blink	n/a	n/a	n/a	n/a	n/a	n/a	n/a	n/a
98.25	0.236	fixation	n/a	553.3	164.4	876.0	n/a	n/a	n/a	n/a
98.488	0.016	saccade	n/a	551.4	160.7	n/a	591.9	160.6	1.61	124.0
98.506	0.148	fixation	n/a	595.8	159.7	858.0	n/a	n/a	n/a	n/a
98.582	0.0	trigger_11	11	n/a	n/a	n/a	n/a	n/a	n/a	n/a
98.59	0.0	trigger_10	10	n/a	n/a	n/a	n/a	n/a	n/a	n/a
98.656	0.072	saccade	n/a	595.2	158.4	n/a	149.6	206.5	17.62	419.0
98.73	0.162	fixation	n/a	139.9	209.4	913.0	n/a	n/a	n/a	n/a
98.894	0.008	saccade	n/a	138.0	209.7	n/a	122.8	210.0	0.59	71.0
98.904	0.182	fixation	n/a	122.2	208.1	950.0	n/a	n/a	n/a	n/a
99.088	0.022	saccade	n/a	122.5	209.0	n/a	210.3	198.0	3.46	234.0
99.112	0.328	fixation	n/a	231.1	202.0	922.0	n/a	n/a	n/a	n/a
99.442	0.02	saccade	n/a	233.5	205.1	n/a	304.5	200.6	2.83	215.0
99.464	0.294	fixation	n/a	323.4	199.1	903.0	n/a	n/a	n/a	n/a
99.76	0.026	saccade	n/a	324.7	200.6	n/a	396.8	202.5	2.9	168.0
99.788	0.198	fixation	n/a	403.3	202.8	883.0	n/a	n/a	n/a	n/a
99.988	0.032	saccade	n/a	401.3	201.1	n/a	509.3	207.7	4.34	212.0
100.022	0.156	fixation	n/a	510.6	208.3	871.0	n/a	n/a	n/a	n/a
100.18	0.036	saccade	n/a	509.4	209.9	n/a	609.4	217.2	3.98	195.0
100.218	0.144	fixation	n/a	601.4	215.1	846.0	n/a	n/a	n/a	n/a
100.364	0.062	saccade	n/a	602.0	214.9	n/a	279.6	83.8	13.86	458.0
100.428	0.154	fixation	n/a	271.8	85.0	838.0	n/a	n/a	n/a	n/a
100.584	0.028	saccade	n/a	271.6	86.8	n/a	154.2	71.3	4.68	295.0
100.614	0.256	fixation	n/a	153.2	75.3	864.0	n/a	n/a	n/a	n/a
100.872	0.008	saccade	n/a	149.4	77.5	n/a	136.4	79.4	0.51	61.0
100.882	0.148	fixation	n/a	139.1	81.2	919.0	n/a	n/a	n/a	n/a
101.032	0.02	saccade	n/a	137.7	82.1	n/a	199.8	81.0	2.44	165.0
101.054	0.18	fixation	n/a	212.0	82.0	929.0	n/a	n/a	n/a	n/a
101.236	0.02	saccade	n/a	213.1	80.0	n/a	268.4	79.6	2.2	172.0
101.258	0.29	fixation	n/a	267.6	79.4	932.0	n/a	n/a	n/a	n/a
101.55	0.024	saccade	n/a	263.3	78.5	n/a	341.2	79.2	3.12	195.0
101.576	0.266	fixation	n/a	351.6	79.8	982.0	n/a	n/a	n/a	n/a
101.844	0.02	saccade	n/a	351.9	79.1	n/a	295.4	76.5	2.27	184.0
101.866	0.16	fixation	n/a	296.0	77.3	954.0	n/a	n/a	n/a	n/a
102.028	0.04	saccade	n/a	295.7	75.3	n/a	396.0	82.4	4.04	208.0
102.07	0.22	fixation	n/a	393.2	81.0	936.0	n/a	n/a	n/a	n/a
102.292	0.02	saccade	n/a	391.5	84.4	n/a	450.1	88.8	2.36	166.0
102.314	0.33	fixation	n/a	461.8	92.5	912.0	n/a	n/a	n/a	n/a
102.646	0.008	saccade	n/a	464.1	96.3	n/a	479.1	95.7	0.6	70.0
102.656	0.208	fixation	n/a	477.7	96.9	891.0	n/a	n/a	n/a	n/a
102.866	0.016	saccade	n/a	477.1	99.0	n/a	522.8	99.3	1.83	147.0
102.884	0.338	fixation	n/a	533.7	97.3	880.0	n/a	n/a	n/a	n/a
103.224	0.068	saccade	n/a	534.3	96.9	n/a	156.8	139.5	15.05	454.0
103.294	0.276	fixation	n/a	146.8	141.5	926.0	n/a	n/a	n/a	n/a
103.494	0.0	trigger_11	11	n/a	n/a	n/a	n/a	n/a	n/a	n/a
103.502	0.0	trigger_12	12	n/a	n/a	n/a	n/a	n/a	n/a	n/a
103.572	0.02	saccade	n/a	145.6	143.7	n/a	203.7	142.6	2.28	160.0
103.594	0.22	fixation	n/a	220.1	145.6	947.0	n/a	n/a	n/a	n/a
103.816	0.014	saccade	n/a	222.0	145.8	n/a	253.1	146.4	1.24	109.0
103.832	0.21	fixation	n/a	262.4	149.5	893.0	n/a	n/a	n/a	n/a
104.044	0.034	saccade	n/a	262.4	149.1	n/a	362.9	148.1	4.03	192.0
104.08	0.342	fixation	n/a	359.6	149.3	862.0	n/a	n/a	n/a	n/a
104.424	0.016	saccade	n/a	358.5	152.2	n/a	392.2	147.4	1.37	94.0
104.442	0.28	fixation	n/a	396.4	147.3	820.0	n/a	n/a	n/a	n/a
104.724	0.016	saccade	n/a	396.5	147.9	n/a	367.0	152.2	1.2	86.0
104.742	0.14	fixation	n/a	363.7	154.7	812.0	n/a	n/a	n/a	n/a
104.884	0.02	saccade	n/a	362.2	155.3	n/a	415.5	151.9	2.15	156.0
104.906	0.268	fixation	n/a	415.5	154.3	803.0	n/a	n/a	n/a	n/a
105.176	0.028	saccade	n/a	415.4	154.7	n/a	491.5	159.9	3.07	179.0
105.206	0.162	fixation	n/a	490.6	159.4	797.0	n/a	n/a	n/a	n/a
105.37	0.03	saccade	n/a	491.3	158.9	n/a	400.3	91.6	4.58	233.0
105.402	0.298	fixation	n/a	392.7	93.3	793.0	n/a	n/a	n/a	n/a
105.702	0.03	saccade	n/a	389.3	94.4	n/a	288.2	81.2	4.1	248.0
105.734	0.112	fixation	n/a	286.4	81.2	830.0	n/a	n/a	n/a	n/a
105.848	0.032	saccade	n/a	286.0	82.1	n/a	144.9	71.7	5.59	320.0
105.882	0.196	fixation	n/a	146.4	74.8	843.0	n/a	n/a	n/a	n/a
106.08	0.008	saccade	n/a	145.2	73.9	n/a	132.5	77.7	0.52	62.0
106.09	0.15	fixation	n/a	132.3	75.4	834.0	n/a	n/a	n/a	n/a
106.242	0.02	saccade	n/a	133.5	75.7	n/a	193.0	76.0	2.33	182.0
106.264	0.214	fixation	n/a	213.3	78.6	804.0	n/a	n/a	n/a	n/a
106.48	0.02	saccade	n/a	216.5	79.9	n/a	273.3	80.7	2.26	182.0
106.502	0.264	fixation	n/a	286.9	83.0	829.0	n/a	n/a	n/a	n/a
106.768	0.036	saccade	n/a	286.8	84.8	n/a	378.9	86.2	3.7	223.0
106.806	0.214	fixation	n/a	377.1	89.6	884.0	n/a	n/a	n/a	n/a
107.022	0.016	saccade	n/a	378.9	91.5	n/a	410.1	95.2	1.27	103.0
107.04	0.378	fixation	n/a	409.3	93.1	869.0	n/a	n/a	n/a	n/a
107.414	0.0	trigger_13	13	n/a	n/a	n/a	n/a	n/a	n/a	n/a
107.42	0.018	saccade	n/a	413.0	91.7	n/a	462.2	98.2	2.0	145.0
107.422	0.0	trigger_10	10	n/a	n/a	n/a	n/a	n/a	n/a	n/a
107.44	0.188	fixation	n/a	472.1	96.7	846.0	n/a	n/a	n/a	n/a
107.63	0.016	saccade	n/a	475.0	97.8	n/a	442.9	92.3	1.31	99.0
107.648	0.238	fixation	n/a	441.7	93.6	844.0	n/a	n/a	n/a	n/a
107.888	0.02	saccade	n/a	441.4	94.8	n/a	487.4	96.8	1.85	135.0
107.91	0.138	fixation	n/a	499.2	97.0	868.0	n/a	n/a	n/a	n/a
108.05	0.02	saccade	n/a	499.4	96.3	n/a	552.5	97.5	2.12	148.0
108.072	0.19	fixation	n/a	554.0	98.0	858.0	n/a	n/a	n/a	n/a
108.264	0.07	saccade	n/a	553.9	97.9	n/a	160.2	146.2	15.68	442.0
108.336	0.142	fixation	n/a	147.2	145.4	909.0	n/a	n/a	n/a	n/a
108.48	0.01	saccade	n/a	147.4	144.1	n/a	126.3	145.3	0.82	88.0
108.492	0.13	fixation	n/a	124.6	144.6	939.0	n/a	n/a	n/a	n/a
108.624	0.02	saccade	n/a	124.3	143.5	n/a	181.2	134.8	2.25	180.0
108.646	0.36	fixation	n/a	184.8	140.0	928.0	n/a	n/a	n/a	n/a
109.008	0.02	saccade	n/a	180.5	139.3	n/a	242.7	139.8	2.46	199.0
109.03	0.152	fixation	n/a	237.0	139.0	938.0	n/a	n/a	n/a	n/a
109.184	0.022	saccade	n/a	238.1	140.4	n/a	296.4	144.4	2.33	169.0
109.208	0.196	fixation	n/a	295.7	144.8	894.0	n/a	n/a	n/a	n/a
109.406	0.034	saccade	n/a	295.0	146.8	n/a	171.4	136.3	4.91	271.0
109.442	0.224	fixation	n/a	171.7	139.4	898.0	n/a	n/a	n/a	n/a
109.668	0.022	saccade	n/a	171.2	140.1	n/a	141.4	86.3	2.46	196.0
109.692	0.208	fixation	n/a	139.4	88.7	846.0	n/a	n/a	n/a	n/a
109.902	0.12	saccade	n/a	141.3	91.5	n/a	117.4	87.4	0.94	507.0
109.964	0.016	blink	n/a	n/a	n/a	n/a	n/a	n/a	n/a	n/a
110.024	0.308	fixation	n/a	113.8	83.0	826.0	n/a	n/a	n/a	n/a
110.334	0.014	saccade	n/a	111.8	79.1	n/a	142.9	82.2	1.22	110.0
110.35	0.416	fixation	n/a	136.8	81.6	819.0	n/a	n/a	n/a	n/a
110.768	0.012	saccade	n/a	140.7	80.4	n/a	163.1	80.6	0.88	83.0
110.782	0.26	fixation	n/a	158.3	80.6	847.0	n/a	n/a	n/a	n/a
111.044	0.016	saccade	n/a	157.8	81.6	n/a	199.8	85.4	1.66	137.0
111.062	0.182	fixation	n/a	207.6	83.1	882.0	n/a	n/a	n/a	n/a
111.246	0.026	saccade	n/a	207.5	80.5	n/a	293.1	78.7	3.4	209.0
111.274	0.434	fixation	n/a	302.9	78.9	921.0	n/a	n/a	n/a	n/a
111.71	0.02	saccade	n/a	302.0	79.4	n/a	357.6	79.5	2.24	161.0
111.732	0.286	fixation	n/a	368.7	80.5	922.0	n/a	n/a	n/a	n/a
112.02	0.022	saccade	n/a	367.6	83.2	n/a	428.7	85.9	2.47	171.0
112.044	0.256	fixation	n/a	435.5	90.3	921.0	n/a	n/a	n/a	n/a
112.302	0.012	saccade	n/a	437.9	91.0	n/a	461.3	96.0	0.96	93.0
112.316	0.148	fixation	n/a	456.7	93.5	899.0	n/a	n/a	n/a	n/a
112.466	0.02	saccade	n/a	457.1	92.2	n/a	509.3	93.1	2.09	131.0
112.488	0.28	fixation	n/a	515.7	94.8	862.0	n/a	n/a	n/a	n/a
112.77	0.008	saccade	n/a	518.9	96.1	n/a	536.4	96.6	0.7	84.0
112.78	0.248	fixation	n/a	536.1	97.2	875.0	n/a	n/a	n/a	n/a
113.03	0.022	saccade	n/a	535.3	96.9	n/a	588.5	96.5	2.12	132.0
113.054	0.42	fixation	n/a	594.4	103.2	881.0	n/a	n/a	n/a	n/a
113.476	0.074	saccade	n/a	595.9	101.8	n/a	160.8	135.7	17.18	428.0
113.552	0.156	fixation	n/a	152.7	135.4	919.0	n/a	n/a	n/a	n/a
113.71	0.018	saccade	n/a	152.4	135.6	n/a	116.3	143.9	1.44	100.0
113.73	0.126	fixation	n/a	119.2	143.7	931.0	n/a	n/a	n/a	n/a
113.858	0.018	saccade	n/a	118.3	143.8	n/a	168.6	138.6	1.97	161.0
113.878	0.36	fixation	n/a	181.2	138.8	903.0	n/a	n/a	n/a	n/a
114.24	0.014	saccade	n/a	185.1	143.9	n/a	216.7	140.8	1.26	104.0
114.256	0.144	fixation	n/a	226.9	141.1	867.0	n/a	n/a	n/a	n/a
114.304	0.0	trigger_11	11	n/a	n/a	n/a	n/a	n/a	n/a	n/a
114.318	0.0	trigger_10	10	n/a	n/a	n/a	n/a	n/a	n/a	n/a
114.402	0.022	saccade	n/a	227.0	141.0	n/a	289.6	142.9	2.5	174.0
114.426	0.238	fixation	n/a	304.0	142.1	836.0	n/a	n/a	n/a	n/a
114.666	0.036	saccade	n/a	303.8	141.7	n/a	418.0	145.7	4.6	235.0
114.704	0.208	fixation	n/a	412.9	145.3	837.0	n/a	n/a	n/a	n/a
114.914	0.018	saccade	n/a	411.4	145.4	n/a	459.0	139.5	1.93	139.0
114.934	0.186	fixation	n/a	462.3	142.9	809.0	n/a	n/a	n/a	n/a
115.122	0.022	saccade	n/a	461.8	143.4	n/a	526.2	150.0	2.6	163.0
115.146	0.326	fixation	n/a	542.1	154.4	793.0	n/a	n/a	n/a	n/a
115.474	0.01	saccade	n/a	542.9	153.6	n/a	562.1	160.2	0.81	88.0
115.486	0.17	fixation	n/a	562.1	159.4	788.0	n/a	n/a	n/a	n/a
115.658	0.066	saccade	n/a	562.7	158.5	n/a	199.1	197.3	14.46	441.0
115.726	0.112	fixation	n/a	186.5	197.4	829.0	n/a	n/a	n/a	n/a
115.84	0.02	saccade	n/a	184.9	195.6	n/a	134.9	208.4	2.02	162.0
115.862	0.2	fixation	n/a	127.2	208.7	851.0	n/a	n/a	n/a	n/a
116.064	0.02	saccade	n/a	124.2	209.0	n/a	192.2	206.6	2.66	201.0
116.086	0.168	fixation	n/a	206.8	207.9	830.0	n/a	n/a	n/a	n/a
116.256	0.038	saccade	n/a	208.6	208.8	n/a	325.4	213.2	4.65	237.0
116.296	0.168	fixation	n/a	324.9	210.9	805.0	n/a	n/a	n/a	n/a
116.466	0.048	saccade	n/a	324.9	208.8	n/a	149.9	74.4	8.81	390.0
116.516	0.196	fixation	n/a	152.6	80.4	780.0	n/a	n/a	n/a	n/a
116.714	0.01	saccade	n/a	151.4	83.7	n/a	130.6	77.7	0.85	89.0
116.726	0.126	fixation	n/a	126.7	81.4	801.0	n/a	n/a	n/a	n/a
116.854	0.042	saccade	n/a	127.2	81.6	n/a	270.6	91.8	5.67	213.0
116.898	0.28	fixation	n/a	265.9	88.6	867.0	n/a	n/a	n/a	n/a
117.18	0.028	saccade	n/a	266.4	87.4	n/a	356.0	84.5	3.6	181.0
117.21	0.26	fixation	n/a	357.0	86.5	872.0	n/a	n/a	n/a	n/a
117.472	0.024	saccade	n/a	354.9	85.8	n/a	414.0	87.4	2.38	165.0
117.498	0.332	fixation	n/a	428.3	90.4	818.0	n/a	n/a	n/a	n/a
117.832	0.052	saccade	n/a	426.6	89.4	n/a	588.4	96.9	6.47	309.0
117.886	0.184	fixation	n/a	599.1	98.1	771.0	n/a	n/a	n/a	n/a
118.072	0.012	saccade	n/a	597.3	99.4	n/a	577.0	93.9	0.83	76.0
118.086	0.206	fixation	n/a	578.3	98.3	764.0	n/a	n/a	n/a	n/a
118.294	0.074	saccade	n/a	576.8	98.9	n/a	162.5	148.4	16.47	437.0
118.37	0.194	fixation	n/a	154.7	146.0	847.0	n/a	n/a	n/a	n/a
118.566	0.008	saccade	n/a	154.5	144.6	n/a	136.4	144.7	0.71	84.0
118.576	0.248	fixation	n/a	135.7	146.2	917.0	n/a	n/a	n/a	n/a
118.826	0.02	saccade	n/a	135.6	147.6	n/a	196.7	138.3	2.43	167.0
118.848	0.28	fixation	n/a	203.3	144.1	961.0	n/a	n/a	n/a	n/a
119.13	0.02	saccade	n/a	202.8	146.1	n/a	271.0	145.9	2.71	196.0
119.152	0.412	fixation	n/a	274.6	143.7	986.0	n/a	n/a	n/a	n/a
119.512	0.0	trigger_11	11	n/a	n/a	n/a	n/a	n/a	n/a	n/a
119.522	0.0	trigger_10	10	n/a	n/a	n/a	n/a	n/a	n/a	n/a
119.566	0.024	saccade	n/a	273.8	139.6	n/a	341.3	136.6	2.71	167.0
119.592	0.348	fixation	n/a	360.7	140.5	900.0	n/a	n/a	n/a	n/a
119.942	0.026	saccade	n/a	361.4	142.5	n/a	455.7	141.1	3.8	232.0
119.97	0.296	fixation	n/a	457.3	142.8	856.0	n/a	n/a	n/a	n/a
120.268	0.052	saccade	n/a	460.0	144.6	n/a	163.8	86.8	11.99	398.0
120.322	0.324	fixation	n/a	166.4	86.4	896.0	n/a	n/a	n/a	n/a
120.648	0.044	saccade	n/a	165.6	83.5	n/a	350.3	77.0	7.33	303.0
120.694	0.256	fixation	n/a	350.9	77.3	877.0	n/a	n/a	n/a	n/a
120.952	0.06	saccade	n/a	350.5	77.5	n/a	560.9	94.3	8.44	282.0
121.014	0.232	fixation	n/a	569.3	96.1	848.0	n/a	n/a	n/a	n/a
121.248	0.07	saccade	n/a	569.6	97.5	n/a	289.3	131.6	11.25	314.0
121.32	0.152	fixation	n/a	277.9	140.1	909.0	n/a	n/a	n/a	n/a
121.474	0.026	saccade	n/a	276.9	138.5	n/a	186.8	80.6	4.28	249.0
121.502	0.228	fixation	n/a	173.1	86.4	943.0	n/a	n/a	n/a	n/a
121.732	0.016	saccade	n/a	172.6	86.6	n/a	134.7	82.1	1.49	129.0
121.75	0.38	fixation	n/a	139.8	84.5	987.0	n/a	n/a	n/a	n/a
122.132	0.006	saccade	n/a	135.9	82.9	n/a	127.4	82.7	0.33	53.0
122.14	0.192	fixation	n/a	126.2	82.0	968.0	n/a	n/a	n/a	n/a
122.334	0.014	saccade	n/a	127.5	80.6	n/a	156.2	83.1	1.13	99.0
122.35	0.156	fixation	n/a	158.5	83.3	985.0	n/a	n/a	n/a	n/a
122.508	0.018	saccade	n/a	157.3	83.2	n/a	216.0	82.1	2.32	192.0
122.528	0.306	fixation	n/a	232.3	86.1	974.0	n/a	n/a	n/a	n/a
122.836	0.012	saccade	n/a	233.4	87.5	n/a	264.1	85.3	1.23	107.0
122.85	0.292	fixation	n/a	265.2	84.7	935.0	n/a	n/a	n/a	n/a
123.144	0.0	trigger_11	11	n/a	n/a	n/a	n/a	n/a	n/a	n/a
123.144	0.032	saccade	n/a	267.2	85.5	n/a	363.0	85.7	3.85	196.0
123.15	0.0	trigger_10	10	n/a	n/a	n/a	n/a	n/a	n/a	n/a
123.178	0.146	fixation	n/a	357.1	83.4	914.0	n/a	n/a	n/a	n/a
123.326	0.008	saccade	n/a	355.9	82.2	n/a	341.2	82.3	0.59	74.0
123.336	0.25	fixation	n/a	342.6	83.4	906.0	n/a	n/a	n/a	n/a
123.588	0.02	saccade	n/a	341.5	84.0	n/a	389.1	83.5	1.92	130.0
123.61	0.268	fixation	n/a	402.6	86.0	875.0	n/a	n/a	n/a	n/a
123.88	0.024	saccade	n/a	403.9	89.6	n/a	480.7	92.9	3.09	179.0
123.906	0.252	fixation	n/a	495.6	96.8	839.0	n/a	n/a	n/a	n/a
124.16	0.02	saccade	n/a	494.4	98.1	n/a	543.8	97.3	1.98	132.0
124.182	0.126	fixation	n/a	548.7	97.8	822.0	n/a	n/a	n/a	n/a
124.31	0.06	saccade	n/a	547.3	98.6	n/a	161.5	138.5	15.33	410.0
124.372	0.388	fixation	n/a	154.2	144.1	865.0	n/a	n/a	n/a	n/a
124.762	0.018	saccade	n/a	146.2	146.0	n/a	186.8	142.8	1.6	141.0
124.782	0.164	fixation	n/a	191.1	144.6	859.0	n/a	n/a	n/a	n/a
124.948	0.022	saccade	n/a	190.8	146.0	n/a	259.8	145.1	2.73	186.0
124.972	0.396	fixation	n/a	280.4	145.6	844.0	n/a	n/a	n/a	n/a
125.37	0.036	saccade	n/a	279.7	145.0	n/a	151.5	85.9	5.6	286.0
125.408	0.146	fixation	n/a	147.7	84.2	842.0	n/a	n/a	n/a	n/a
125.556	0.01	saccade	n/a	147.1	83.4	n/a	127.7	78.4	0.78	83.0
125.568	0.154	fixation	n/a	127.3	80.0	840.0	n/a	n/a	n/a	n/a
125.724	0.022	saccade	n/a	127.2	80.0	n/a	175.9	80.2	1.91	126.0
125.748	0.29	fixation	n/a	193.3	83.5	872.0	n/a	n/a	n/a	n/a
126.04	0.022	saccade	n/a	193.3	85.0	n/a	266.1	83.9	2.89	203.0
126.064	0.184	fixation	n/a	264.8	79.5	910.0	n/a	n/a	n/a	n/a
126.25	0.078	saccade	n/a	263.5	82.6	n/a	309.0	114.2	2.23	842.0
126.33	0.212	fixation	n/a	318.4	85.3	931.0	n/a	n/a	n/a	n/a
126.544	0.02	saccade	n/a	317.6	82.4	n/a	363.4	83.3	1.84	141.0
126.566	0.196	fixation	n/a	360.1	84.5	907.0	n/a	n/a	n/a	n/a
126.696	0.0	trigger_11	11	n/a	n/a	n/a	n/a	n/a	n/a	n/a
126.71	0.0	trigger_12	12	n/a	n/a	n/a	n/a	n/a	n/a	n/a
126.764	0.034	saccade	n/a	357.1	87.0	n/a	461.6	95.3	4.22	195.0
126.8	0.24	fixation	n/a	460.5	92.7	893.0	n/a	n/a	n/a	n/a
127.042	0.02	saccade	n/a	457.8	93.8	n/a	519.8	99.5	2.5	165.0
127.064	0.18	fixation	n/a	531.7	100.2	909.0	n/a	n/a	n/a	n/a
127.246	0.054	saccade	n/a	530.5	99.2	n/a	141.1	134.9	15.46	496.0
127.302	0.218	fixation	n/a	144.3	134.4	938.0	n/a	n/a	n/a	n/a
127.522	0.062	saccade	n/a	145.5	133.9	n/a	353.2	571.4	18.64	493.0
127.586	0.154	fixation	n/a	352.7	572.7	962.0	n/a	n/a	n/a	n/a
127.742	0.022	saccade	n/a	352.7	572.8	n/a	424.8	555.2	2.83	222.0
127.766	0.254	fixation	n/a	437.6	551.4	801.0	n/a	n/a	n/a	n/a
128.022	0.02	saccade	n/a	439.9	548.7	n/a	495.8	545.5	2.15	142.0
128.044	0.12	fixation	n/a	499.3	544.3	646.0	n/a	n/a	n/a	n/a
128.166	0.068	saccade	n/a	499.3	545.1	n/a	550.3	48.2	19.4	469.0
128.236	0.19	fixation	n/a	552.1	54.6	595.0	n/a	n/a	n/a	n/a
128.428	0.042	saccade	n/a	550.8	60.7	n/a	367.1	66.1	7.37	300.0
128.472	0.128	fixation	n/a	365.1	74.5	718.0	n/a	n/a	n/a	n/a
128.602	0.038	saccade	n/a	363.9	77.5	n/a	154.0	138.6	8.69	446.0
128.642	0.22	fixation	n/a	148.8	144.4	891.0	n/a	n/a	n/a	n/a
128.864	0.022	saccade	n/a	146.6	145.0	n/a	145.1	78.8	2.66	268.0
128.888	0.222	fixation	n/a	143.9	95.8	963.0	n/a	n/a	n/a	n/a
129.112	0.012	saccade	n/a	145.8	94.2	n/a	169.6	88.7	0.96	94.0
129.126	0.132	fixation	n/a	170.3	89.2	986.0	n/a	n/a	n/a	n/a
129.144	0.0	trigger_13	13	n/a	n/a	n/a	n/a	n/a	n/a	n/a
129.156	0.0	trigger_10	10	n/a	n/a	n/a	n/a	n/a	n/a	n/a
129.26	0.02	saccade	n/a	169.2	88.2	n/a	233.7	88.0	2.54	190.0
129.282	0.182	fixation	n/a	249.5	87.3	1022.0	n/a	n/a	n/a	n/a
129.466	0.02	saccade	n/a	248.5	85.5	n/a	301.9	78.5	2.15	173.0
129.488	0.208	fixation	n/a	308.1	75.4	1032.0	n/a	n/a	n/a	n/a
129.698	0.012	saccade	n/a	308.6	76.2	n/a	289.8	77.4	0.76	75.0
129.712	0.288	fixation	n/a	288.7	81.4	1047.0	n/a	n/a	n/a	n/a
130.002	0.022	saccade	n/a	287.1	82.8	n/a	350.1	74.1	2.55	183.0
130.026	0.21	fixation	n/a	349.9	74.3	1119.0	n/a	n/a	n/a	n/a
130.238	0.018	saccade	n/a	350.0	73.4	n/a	385.5	76.9	1.44	92.0
130.258	0.234	fixation	n/a	385.2	78.0	1148.0	n/a	n/a	n/a	n/a
130.494	0.03	saccade	n/a	384.2	77.1	n/a	462.6	81.9	3.16	180.0
130.526	0.478	fixation	n/a	458.8	80.5	1127.0	n/a	n/a	n/a	n/a
131.006	0.01	saccade	n/a	452.3	78.3	n/a	436.2	74.5	0.67	68.0
131.018	0.128	fixation	n/a	436.5	76.2	1134.0	n/a	n/a	n/a	n/a
131.148	0.018	saccade	n/a	435.2	78.9	n/a	485.7	84.3	2.04	161.0
131.168	0.398	fixation	n/a	491.4	86.5	1079.0	n/a	n/a	n/a	n/a
131.568	0.056	saccade	n/a	494.7	89.4	n/a	160.6	80.8	13.26	381.0
131.626	0.13	fixation	n/a	165.7	79.2	1084.0	n/a	n/a	n/a	n/a
131.758	0.016	saccade	n/a	164.4	79.3	n/a	131.7	74.3	1.29	110.0
131.776	0.166	fixation	n/a	135.7	78.3	1095.0	n/a	n/a	n/a	n/a
131.944	0.016	saccade	n/a	135.2	81.4	n/a	179.2	78.8	1.73	145.0
131.962	0.394	fixation	n/a	184.9	81.9	996.0	n/a	n/a	n/a	n/a
132.358	0.02	saccade	n/a	186.2	79.1	n/a	141.8	78.9	1.74	126.0
132.38	0.46	fixation	n/a	124.9	81.9	979.0	n/a	n/a	n/a	n/a
132.842	0.024	saccade	n/a	115.6	85.4	n/a	180.8	78.2	2.56	175.0
132.868	0.23	fixation	n/a	181.0	80.9	948.0	n/a	n/a	n/a	n/a
133.1	0.036	saccade	n/a	181.2	82.2	n/a	295.5	83.2	4.54	245.0
133.138	0.144	fixation	n/a	288.2	82.5	923.0	n/a	n/a	n/a	n/a
133.284	0.008	saccade	n/a	286.4	84.5	n/a	273.3	86.5	0.53	65.0
133.294	0.132	fixation	n/a	273.2	87.8	930.0	n/a	n/a	n/a	n/a
133.428	0.022	saccade	n/a	273.4	88.3	n/a	337.4	83.0	2.57	198.0
133.452	0.176	fixation	n/a	347.3	87.8	925.0	n/a	n/a	n/a	n/a
133.63	0.014	saccade	n/a	347.7	87.8	n/a	382.5	87.4	1.4	129.0
133.646	0.14	fixation	n/a	382.4	88.7	912.0	n/a	n/a	n/a	n/a
133.788	0.022	saccade	n/a	382.5	87.4	n/a	451.2	86.9	2.76	180.0
133.812	0.246	fixation	n/a	475.9	89.6	891.0	n/a	n/a	n/a	n/a
134.06	0.018	saccade	n/a	476.0	90.0	n/a	516.6	98.9	1.67	110.0
134.08	0.198	fixation	n/a	520.1	98.3	911.0	n/a	n/a	n/a	n/a
134.28	0.034	saccade	n/a	517.0	98.3	n/a	612.1	106.4	3.79	168.0
134.316	0.132	fixation	n/a	603.5	103.1	914.0	n/a	n/a	n/a	n/a
134.45	0.062	saccade	n/a	603.5	105.0	n/a	161.3	146.1	17.49	422.0
134.514	0.136	fixation	n/a	165.9	145.8	999.0	n/a	n/a	n/a	n/a
134.652	0.014	saccade	n/a	163.6	144.9	n/a	134.3	144.1	1.14	97.0
134.668	0.132	fixation	n/a	137.0	142.9	1028.0	n/a	n/a	n/a	n/a
134.802	0.034	saccade	n/a	132.7	142.5	n/a	219.6	144.7	3.42	192.0
134.838	0.288	fixation	n/a	217.0	144.3	999.0	n/a	n/a	n/a	n/a
135.128	0.01	saccade	n/a	218.6	143.2	n/a	237.3	142.7	0.74	81.0
135.14	0.144	fixation	n/a	237.8	143.0	1005.0	n/a	n/a	n/a	n/a
135.286	0.02	saccade	n/a	237.4	141.6	n/a	297.0	143.4	2.38	178.0
135.308	0.232	fixation	n/a	312.6	140.7	968.0	n/a	n/a	n/a	n/a
135.542	0.016	saccade	n/a	314.1	141.7	n/a	355.9	140.6	1.68	131.0
135.56	0.184	fixation	n/a	365.4	143.3	945.0	n/a	n/a	n/a	n/a
135.746	0.022	saccade	n/a	365.9	143.5	n/a	436.9	144.6	2.86	194.0
135.77	0.258	fixation	n/a	450.4	144.0	933.0	n/a	n/a	n/a	n/a
136.03	0.022	saccade	n/a	449.2	145.1	n/a	506.1	145.1	2.28	162.0
136.054	0.144	fixation	n/a	512.8	148.6	934.0	n/a	n/a	n/a	n/a
136.2	0.056	saccade	n/a	512.6	146.1	n/a	166.4	201.4	13.89	451.0
136.258	0.28	fixation	n/a	166.1	203.4	965.0	n/a	n/a	n/a	n/a
136.54	0.02	saccade	n/a	163.7	205.7	n/a	222.3	200.9	2.31	191.0
136.562	0.282	fixation	n/a	225.7	202.3	934.0	n/a	n/a	n/a	n/a
136.846	0.036	saccade	n/a	224.6	204.0	n/a	345.8	205.4	4.84	246.0
136.884	0.164	fixation	n/a	346.3	204.9	873.0	n/a	n/a	n/a	n/a
137.05	0.01	saccade	n/a	346.1	206.0	n/a	326.9	205.0	0.77	76.0
137.062	0.268	fixation	n/a	327.4	203.5	857.0	n/a	n/a	n/a	n/a
137.332	0.028	saccade	n/a	325.5	202.4	n/a	397.7	203.1	2.9	186.0
137.362	0.29	fixation	n/a	422.1	204.1	869.0	n/a	n/a	n/a	n/a
137.654	0.026	saccade	n/a	422.9	204.6	n/a	516.4	204.5	3.75	202.0
137.682	0.18	fixation	n/a	526.5	205.2	876.0	n/a	n/a	n/a	n/a
137.864	0.018	saccade	n/a	528.2	203.4	n/a	480.4	199.3	1.92	139.0
137.884	0.144	fixation	n/a	478.6	199.6	879.0	n/a	n/a	n/a	n/a
138.03	0.014	saccade	n/a	477.4	201.9	n/a	450.0	201.3	1.1	86.0
138.046	0.202	fixation	n/a	450.7	197.2	880.0	n/a	n/a	n/a	n/a
138.104	0.0	trigger_11	11	n/a	n/a	n/a	n/a	n/a	n/a	n/a
138.118	0.0	trigger_10	10	n/a	n/a	n/a	n/a	n/a	n/a	n/a
138.25	0.032	saccade	n/a	450.0	195.3	n/a	539.8	202.3	3.6	177.0
138.284	0.24	fixation	n/a	538.7	203.4	875.0	n/a	n/a	n/a	n/a
138.526	0.02	saccade	n/a	538.6	206.0	n/a	588.8	213.8	2.02	140.0
138.548	0.15	fixation	n/a	589.7	215.0	832.0	n/a	n/a	n/a	n/a
138.7	0.07	saccade	n/a	589.8	216.4	n/a	166.8	277.7	16.77	410.0
138.772	0.166	fixation	n/a	155.5	276.4	819.0	n/a	n/a	n/a	n/a
138.94	0.01	saccade	n/a	151.8	275.2	n/a	135.9	273.4	0.62	63.0
138.952	0.158	fixation	n/a	134.4	273.7	819.0	n/a	n/a	n/a	n/a
139.112	0.022	saccade	n/a	133.8	272.7	n/a	187.3	259.9	2.15	139.0
139.136	0.686	fixation	n/a	201.6	265.3	805.0	n/a	n/a	n/a	n/a
139.824	0.06	saccade	n/a	200.8	267.9	n/a	349.0	538.9	11.94	389.0
139.886	0.168	fixation	n/a	349.8	543.3	821.0	n/a	n/a	n/a	n/a
140.056	0.038	saccade	n/a	349.8	545.5	n/a	485.9	547.2	5.22	228.0
140.096	0.318	fixation	n/a	493.9	543.2	733.0	n/a	n/a	n/a	n/a
140.416	0.07	saccade	n/a	497.1	544.6	n/a	210.0	86.2	20.99	482.0
140.488	0.11	fixation	n/a	212.9	92.9	602.0	n/a	n/a	n/a	n/a
140.6	0.022	saccade	n/a	212.8	93.3	n/a	156.5	61.9	2.55	192.0
140.624	0.254	fixation	n/a	138.9	66.3	619.0	n/a	n/a	n/a	n/a
140.88	0.014	saccade	n/a	139.1	74.4	n/a	168.9	77.8	1.17	105.0
140.896	0.292	fixation	n/a	175.8	85.0	743.0	n/a	n/a	n/a	n/a
141.19	0.022	saccade	n/a	176.3	89.2	n/a	253.6	85.9	3.06	219.0
141.214	0.292	fixation	n/a	265.0	86.3	816.0	n/a	n/a	n/a	n/a
141.508	0.018	saccade	n/a	262.5	85.9	n/a	302.6	81.5	1.62	129.0
141.528	0.17	fixation	n/a	309.5	85.1	838.0	n/a	n/a	n/a	n/a
141.7	0.016	saccade	n/a	309.8	82.7	n/a	274.4	83.2	1.42	103.0
141.718	0.114	fixation	n/a	275.7	85.5	841.0	n/a	n/a	n/a	n/a
141.834	0.022	saccade	n/a	276.6	86.4	n/a	361.1	83.0	3.4	242.0
141.858	0.238	fixation	n/a	372.7	83.1	844.0	n/a	n/a	n/a	n/a
142.098	0.024	saccade	n/a	370.0	84.9	n/a	453.1	81.9	3.35	207.0
142.124	0.158	fixation	n/a	458.1	90.8	871.0	n/a	n/a	n/a	n/a
142.284	0.018	saccade	n/a	457.5	91.2	n/a	495.6	94.7	1.54	121.0
142.304	0.146	fixation	n/a	495.1	93.5	883.0	n/a	n/a	n/a	n/a
142.452	0.052	saccade	n/a	495.0	92.9	n/a	163.6	132.0	13.25	430.0
142.506	0.134	fixation	n/a	165.0	135.8	923.0	n/a	n/a	n/a	n/a
142.642	0.01	saccade	n/a	162.1	138.5	n/a	141.6	143.4	0.83	82.0
142.654	0.226	fixation	n/a	143.7	142.9	953.0	n/a	n/a	n/a	n/a
142.882	0.024	saccade	n/a	141.8	142.2	n/a	225.3	136.6	3.3	208.0
142.908	0.11	fixation	n/a	231.8	141.4	959.0	n/a	n/a	n/a	n/a
143.02	0.134	saccade	n/a	233.3	146.5	n/a	227.8	166.7	0.85	886.0
143.064	0.052	blink	n/a	n/a	n/a	n/a	n/a	n/a	n/a	n/a
143.156	0.206	fixation	n/a	226.0	152.7	918.0	n/a	n/a	n/a	n/a
143.364	0.02	saccade	n/a	220.3	151.4	n/a	282.2	152.9	2.47	187.0
143.386	0.28	fixation	n/a	288.0	155.7	909.0	n/a	n/a	n/a	n/a
143.668	0.012	saccade	n/a	287.2	158.8	n/a	313.0	158.4	1.03	96.0
143.682	0.234	fixation	n/a	311.5	155.1	925.0	n/a	n/a	n/a	n/a
143.918	0.016	saccade	n/a	311.1	155.2	n/a	362.3	154.0	2.06	168.0
143.936	0.248	fixation	n/a	375.5	152.9	900.0	n/a	n/a	n/a	n/a
144.186	0.02	saccade	n/a	376.3	152.4	n/a	435.1	154.0	2.37	178.0
144.208	0.3	fixation	n/a	439.9	154.5	881.0	n/a	n/a	n/a	n/a
144.51	0.038	saccade	n/a	438.2	154.8	n/a	546.3	153.3	4.33	180.0
144.55	0.224	fixation	n/a	539.1	153.3	891.0	n/a	n/a	n/a	n/a
144.554	0.0	trigger_11	11	n/a	n/a	n/a	n/a	n/a	n/a	n/a
144.564	0.0	trigger_10	10	n/a	n/a	n/a	n/a	n/a	n/a	n/a
144.776	0.018	saccade	n/a	538.7	154.9	n/a	484.3	150.8	2.18	171.0
144.796	0.226	fixation	n/a	476.8	152.8	909.0	n/a	n/a	n/a	n/a
145.024	0.022	saccade	n/a	477.1	151.6	n/a	552.7	152.9	3.02	208.0
145.048	0.212	fixation	n/a	560.1	155.2	898.0	n/a	n/a	n/a	n/a
145.262	0.012	saccade	n/a	560.3	156.2	n/a	585.7	160.2	1.02	96.0
145.276	0.102	fixation	n/a	583.6	156.6	912.0	n/a	n/a	n/a	n/a
145.38	0.074	saccade	n/a	582.8	156.1	n/a	160.4	202.1	16.73	406.0
145.456	0.186	fixation	n/a	144.8	203.8	982.0	n/a	n/a	n/a	n/a
145.644	0.006	saccade	n/a	138.0	205.6	n/a	130.7	203.8	0.29	47.0
145.652	0.064	fixation	n/a	131.3	204.3	1001.0	n/a	n/a	n/a	n/a
145.718	0.006	saccade	n/a	130.9	210.4	n/a	129.0	201.8	0.35	54.0
145.726	0.102	fixation	n/a	131.8	205.4	992.0	n/a	n/a	n/a	n/a
145.83	0.018	saccade	n/a	132.5	204.5	n/a	181.6	197.2	1.94	136.0
145.85	0.158	fixation	n/a	184.0	197.8	940.0	n/a	n/a	n/a	n/a
146.01	0.03	saccade	n/a	184.2	199.9	n/a	274.9	197.8	3.59	196.0
146.042	0.228	fixation	n/a	290.2	197.8	895.0	n/a	n/a	n/a	n/a
146.272	0.032	saccade	n/a	291.7	197.7	n/a	398.5	195.3	4.28	230.0
146.306	0.342	fixation	n/a	400.2	195.9	892.0	n/a	n/a	n/a	n/a
146.65	0.01	saccade	n/a	401.5	199.8	n/a	419.4	200.6	0.72	76.0
146.662	0.178	fixation	n/a	418.1	201.0	888.0	n/a	n/a	n/a	n/a
146.842	0.052	saccade	n/a	417.9	202.6	n/a	177.8	89.3	10.59	366.0
146.896	0.144	fixation	n/a	176.7	89.4	867.0	n/a	n/a	n/a	n/a
147.042	0.014	saccade	n/a	174.5	87.8	n/a	145.4	83.1	1.16	105.0
147.058	0.424	fixation	n/a	139.2	85.7	874.0	n/a	n/a	n/a	n/a
147.484	0.012	saccade	n/a	135.5	83.1	n/a	154.5	85.4	0.75	69.0
147.498	0.2	fixation	n/a	153.9	84.8	880.0	n/a	n/a	n/a	n/a
147.7	0.016	saccade	n/a	155.9	84.5	n/a	197.8	85.2	1.65	125.0
147.718	0.29	fixation	n/a	208.1	85.6	863.0	n/a	n/a	n/a	n/a
148.01	0.018	saccade	n/a	208.6	87.0	n/a	263.6	82.6	2.19	176.0
148.03	0.244	fixation	n/a	274.7	79.4	850.0	n/a	n/a	n/a	n/a
148.276	0.026	saccade	n/a	273.2	80.7	n/a	355.3	78.6	3.3	200.0
148.304	0.254	fixation	n/a	355.1	79.9	848.0	n/a	n/a	n/a	n/a
148.56	0.024	saccade	n/a	352.7	79.7	n/a	427.4	79.1	3.01	202.0
148.586	0.148	fixation	n/a	440.4	85.1	823.0	n/a	n/a	n/a	n/a
148.736	0.034	saccade	n/a	440.9	86.0	n/a	294.5	76.5	5.89	298.0
148.772	0.284	fixation	n/a	289.9	81.0	844.0	n/a	n/a	n/a	n/a
149.058	0.024	saccade	n/a	288.9	82.4	n/a	361.5	81.5	2.92	204.0
149.084	0.174	fixation	n/a	382.6	83.2	889.0	n/a	n/a	n/a	n/a
149.26	0.026	saccade	n/a	383.8	83.2	n/a	475.7	92.1	3.72	236.0
149.288	0.514	fixation	n/a	475.8	95.5	874.0	n/a	n/a	n/a	n/a
149.804	0.032	saccade	n/a	474.9	95.3	n/a	544.6	96.9	2.79	156.0
149.838	0.492	fixation	n/a	542.1	98.3	847.0	n/a	n/a	n/a	n/a
149.906	0.0	trigger_11	11	n/a	n/a	n/a	n/a	n/a	n/a	n/a
149.918	0.0	trigger_10	10	n/a	n/a	n/a	n/a	n/a	n/a	n/a
150.332	0.06	saccade	n/a	539.9	102.2	n/a	138.5	149.2	15.92	432.0
150.394	0.176	fixation	n/a	139.7	145.7	909.0	n/a	n/a	n/a	n/a
150.572	0.008	saccade	n/a	136.0	144.8	n/a	125.4	142.3	0.42	50.0
150.582	0.102	fixation	n/a	128.0	143.5	914.0	n/a	n/a	n/a	n/a
150.686	0.024	saccade	n/a	128.4	142.5	n/a	213.6	138.4	3.35	235.0
150.712	0.294	fixation	n/a	228.2	142.7	885.0	n/a	n/a	n/a	n/a
151.008	0.018	saccade	n/a	229.0	145.0	n/a	280.2	142.8	2.04	168.0
151.028	0.222	fixation	n/a	299.2	144.1	876.0	n/a	n/a	n/a	n/a
151.252	0.006	saccade	n/a	301.9	142.8	n/a	292.1	143.3	0.39	56.0
151.26	0.13	fixation	n/a	291.0	142.2	859.0	n/a	n/a	n/a	n/a
151.392	0.022	saccade	n/a	290.5	141.9	n/a	356.2	141.8	2.64	196.0
151.416	0.278	fixation	n/a	369.4	142.9	875.0	n/a	n/a	n/a	n/a
151.696	0.03	saccade	n/a	367.2	146.1	n/a	481.3	151.8	4.6	241.0
151.728	0.15	fixation	n/a	481.8	149.3	871.0	n/a	n/a	n/a	n/a
151.88	0.05	saccade	n/a	483.3	150.0	n/a	167.0	88.3	12.8	453.0
151.932	0.208	fixation	n/a	166.9	86.9	852.0	n/a	n/a	n/a	n/a
152.142	0.014	saccade	n/a	165.8	87.0	n/a	135.2	81.5	1.22	99.0
152.158	0.31	fixation	n/a	136.7	84.4	887.0	n/a	n/a	n/a	n/a
152.47	0.02	saccade	n/a	135.7	85.4	n/a	179.5	87.2	1.72	126.0
152.492	0.276	fixation	n/a	185.8	87.8	868.0	n/a	n/a	n/a	n/a
152.77	0.024	saccade	n/a	187.4	88.0	n/a	260.4	85.1	2.89	192.0
152.796	0.23	fixation	n/a	264.5	80.8	841.0	n/a	n/a	n/a	n/a
153.028	0.02	saccade	n/a	264.5	82.4	n/a	311.9	74.3	1.93	152.0
153.05	0.24	fixation	n/a	332.7	78.7	830.0	n/a	n/a	n/a	n/a
153.292	0.018	saccade	n/a	335.4	78.3	n/a	376.4	80.1	1.65	114.0
153.312	0.336	fixation	n/a	382.2	84.4	857.0	n/a	n/a	n/a	n/a
153.65	0.032	saccade	n/a	380.0	87.4	n/a	493.3	100.0	4.59	229.0
153.684	0.348	fixation	n/a	486.7	96.5	825.0	n/a	n/a	n/a	n/a
154.034	0.014	saccade	n/a	487.6	95.2	n/a	511.3	96.3	0.95	78.0
154.05	0.178	fixation	n/a	530.2	96.2	826.0	n/a	n/a	n/a	n/a
154.23	0.07	saccade	n/a	530.5	95.7	n/a	156.0	140.3	14.94	448.0
154.302	0.384	fixation	n/a	143.8	140.2	885.0	n/a	n/a	n/a	n/a
154.688	0.014	saccade	n/a	143.4	140.9	n/a	181.4	139.3	1.49	126.0
154.704	0.166	fixation	n/a	190.3	140.8	849.0	n/a	n/a	n/a	n/a
154.872	0.018	saccade	n/a	188.7	139.0	n/a	239.7	141.2	2.02	155.0
154.892	0.104	fixation	n/a	241.4	141.4	822.0	n/a	n/a	n/a	n/a
154.998	0.028	saccade	n/a	244.5	143.7	n/a	342.4	143.3	3.92	229.0
155.028	0.182	fixation	n/a	341.2	144.4	834.0	n/a	n/a	n/a	n/a
155.212	0.028	saccade	n/a	341.7	143.5	n/a	231.7	138.7	4.4	269.0
155.242	0.402	fixation	n/a	228.2	141.3	879.0	n/a	n/a	n/a	n/a
155.402	0.0	trigger_11	11	n/a	n/a	n/a	n/a	n/a	n/a	n/a
155.412	0.0	trigger_10	10	n/a	n/a	n/a	n/a	n/a	n/a	n/a
155.646	0.006	saccade	n/a	224.4	141.7	n/a	216.7	143.5	0.31	46.0
155.654	0.068	fixation	n/a	216.3	141.1	860.0	n/a	n/a	n/a	n/a
155.724	0.034	saccade	n/a	216.5	140.3	n/a	343.4	148.8	5.08	248.0
155.76	0.262	fixation	n/a	345.8	148.0	835.0	n/a	n/a	n/a	n/a
156.024	0.02	saccade	n/a	344.2	152.0	n/a	396.2	148.7	2.1	129.0
156.046	0.276	fixation	n/a	402.8	148.2	858.0	n/a	n/a	n/a	n/a
156.324	0.018	saccade	n/a	404.3	148.3	n/a	446.7	153.4	1.72	110.0
156.344	0.26	fixation	n/a	454.3	155.0	834.0	n/a	n/a	n/a	n/a
156.606	0.026	saccade	n/a	455.3	155.8	n/a	524.0	156.5	2.75	144.0
156.634	0.412	fixation	n/a	520.3	154.2	828.0	n/a	n/a	n/a	n/a
157.048	0.022	saccade	n/a	520.2	152.6	n/a	582.7	156.1	2.49	153.0
157.072	0.522	fixation	n/a	587.3	161.3	818.0	n/a	n/a	n/a	n/a
157.596	0.056	saccade	n/a	580.2	161.9	n/a	215.0	95.2	14.74	413.0
157.654	0.126	fixation	n/a	215.4	97.5	830.0	n/a	n/a	n/a	n/a
157.782	0.024	saccade	n/a	215.0	94.7	n/a	148.9	86.8	2.62	186.0
157.808	0.222	fixation	n/a	147.5	89.8	861.0	n/a	n/a	n/a	n/a
158.032	0.01	saccade	n/a	148.6	90.0	n/a	132.1	88.6	0.65	67.0
158.044	0.31	fixation	n/a	131.2	88.3	881.0	n/a	n/a	n/a	n/a
158.356	0.018	saccade	n/a	131.1	90.9	n/a	176.3	88.3	1.77	143.0
158.376	0.236	fixation	n/a	191.5	90.1	875.0	n/a	n/a	n/a	n/a
158.614	0.02	saccade	n/a	192.0	89.4	n/a	254.1	84.6	2.47	182.0
158.636	0.164	fixation	n/a	275.8	82.0	874.0	n/a	n/a	n/a	n/a
158.802	0.022	saccade	n/a	275.1	80.8	n/a	331.8	81.8	2.27	160.0
158.826	0.124	fixation	n/a	343.6	82.3	880.0	n/a	n/a	n/a	n/a
158.952	0.018	saccade	n/a	342.8	85.5	n/a	286.5	79.8	2.27	188.0
158.972	0.23	fixation	n/a	275.2	83.8	914.0	n/a	n/a	n/a	n/a
159.204	0.044	saccade	n/a	274.3	87.3	n/a	373.1	90.5	3.97	179.0
159.25	0.216	fixation	n/a	371.8	87.4	910.0	n/a	n/a	n/a	n/a
159.468	0.088	saccade	n/a	372.6	90.8	n/a	485.3	132.4	4.84	838.0
159.512	0.008	blink	n/a	n/a	n/a	n/a	n/a	n/a	n/a	n/a
159.558	0.264	fixation	n/a	487.3	107.5	841.0	n/a	n/a	n/a	n/a
159.824	0.01	saccade	n/a	487.1	101.9	n/a	505.4	101.3	0.73	75.0
159.836	0.188	fixation	n/a	508.3	102.7	795.0	n/a	n/a	n/a	n/a
160.026	0.054	saccade	n/a	510.8	101.8	n/a	150.4	143.6	14.35	443.0
160.082	0.18	fixation	n/a	152.8	141.9	855.0	n/a	n/a	n/a	n/a
160.264	0.008	saccade	n/a	150.2	144.5	n/a	138.0	141.6	0.49	62.0
160.274	0.122	fixation	n/a	138.1	141.2	925.0	n/a	n/a	n/a	n/a
160.398	0.068	saccade	n/a	137.1	140.6	n/a	490.2	94.2	14.08	425.0
160.468	0.194	fixation	n/a	502.0	96.3	909.0	n/a	n/a	n/a	n/a
160.664	0.068	saccade	n/a	502.3	96.0	n/a	150.8	132.7	14.0	476.0
160.734	0.228	fixation	n/a	142.4	137.3	944.0	n/a	n/a	n/a	n/a
160.964	0.024	saccade	n/a	141.1	135.4	n/a	219.1	132.6	3.07	239.0
160.99	0.372	fixation	n/a	218.3	136.9	1045.0	n/a	n/a	n/a	n/a
161.124	0.0	trigger_11	11	n/a	n/a	n/a	n/a	n/a	n/a	n/a
161.136	0.0	trigger_12	12	n/a	n/a	n/a	n/a	n/a	n/a	n/a
161.364	0.03	saccade	n/a	219.7	139.1	n/a	344.5	140.3	4.98	254.0
161.396	0.162	fixation	n/a	346.3	140.1	1053.0	n/a	n/a	n/a	n/a
161.56	0.032	saccade	n/a	345.9	141.1	n/a	202.8	145.7	5.7	313.0
161.594	0.228	fixation	n/a	193.9	143.0	1031.0	n/a	n/a	n/a	n/a
161.824	0.02	saccade	n/a	193.0	138.3	n/a	238.3	135.2	1.8	142.0
161.846	0.344	fixation	n/a	235.3	135.2	1069.0	n/a	n/a	n/a	n/a
162.192	0.028	saccade	n/a	235.9	137.0	n/a	340.9	135.0	4.2	245.0
162.222	0.188	fixation	n/a	342.6	136.9	990.0	n/a	n/a	n/a	n/a
162.412	0.01	saccade	n/a	343.5	139.2	n/a	327.3	139.4	0.65	68.0
162.424	0.184	fixation	n/a	326.6	142.5	977.0	n/a	n/a	n/a	n/a
162.61	0.032	saccade	n/a	324.4	141.1	n/a	429.2	147.4	4.23	207.0
162.644	0.28	fixation	n/a	428.6	149.7	947.0	n/a	n/a	n/a	n/a
162.926	0.016	saccade	n/a	432.5	151.3	n/a	467.8	152.8	1.42	126.0
162.944	0.366	fixation	n/a	465.4	153.9	909.0	n/a	n/a	n/a	n/a
163.132	0.0	trigger_13	13	n/a	n/a	n/a	n/a	n/a	n/a	n/a
163.142	0.0	trigger_10	10	n/a	n/a	n/a	n/a	n/a	n/a	n/a
163.312	0.062	saccade	n/a	463.7	154.1	n/a	179.0	98.0	11.55	425.0
163.376	0.126	fixation	n/a	169.3	96.7	945.0	n/a	n/a	n/a	n/a
163.504	0.018	saccade	n/a	168.3	94.2	n/a	125.7	92.2	1.67	141.0
163.524	0.588	fixation	n/a	128.2	87.6	985.0	n/a	n/a	n/a	n/a
164.114	0.014	saccade	n/a	129.4	87.1	n/a	168.1	83.1	1.52	133.0
164.13	0.22	fixation	n/a	179.2	86.0	1033.0	n/a	n/a	n/a	n/a
164.352	0.012	saccade	n/a	182.9	85.9	n/a	206.1	82.6	0.92	89.0
164.366	0.19	fixation	n/a	209.7	83.3	1021.0	n/a	n/a	n/a	n/a
164.558	0.044	saccade	n/a	211.4	83.6	n/a	390.5	78.4	7.15	302.0
164.604	0.208	fixation	n/a	391.0	81.5	1006.0	n/a	n/a	n/a	n/a
164.814	0.018	saccade	n/a	391.3	87.3	n/a	347.2	80.7	1.79	138.0
164.834	0.254	fixation	n/a	345.5	81.2	1016.0	n/a	n/a	n/a	n/a
165.09	0.042	saccade	n/a	346.2	84.6	n/a	176.7	85.9	6.74	296.0
165.134	0.184	fixation	n/a	174.0	88.1	998.0	n/a	n/a	n/a	n/a
165.32	0.018	saccade	n/a	172.6	87.7	n/a	133.0	89.9	1.55	129.0
165.34	0.316	fixation	n/a	134.6	91.3	985.0	n/a	n/a	n/a	n/a
165.658	0.016	saccade	n/a	135.6	94.0	n/a	183.0	93.7	1.86	145.0
165.676	0.17	fixation	n/a	202.4	94.2	957.0	n/a	n/a	n/a	n/a
165.848	0.024	saccade	n/a	202.8	95.3	n/a	292.6	87.0	3.59	229.0
165.874	0.226	fixation	n/a	312.4	87.2	919.0	n/a	n/a	n/a	n/a
166.102	0.056	saccade	n/a	313.4	84.9	n/a	507.0	94.1	7.77	351.0
166.16	0.128	fixation	n/a	519.1	96.5	887.0	n/a	n/a	n/a	n/a
166.29	0.014	saccade	n/a	516.0	99.1	n/a	483.5	96.7	1.31	111.0
166.306	0.306	fixation	n/a	486.1	96.8	860.0	n/a	n/a	n/a	n/a
166.614	0.022	saccade	n/a	483.4	94.6	n/a	545.7	90.9	2.5	151.0
166.638	0.122	fixation	n/a	551.0	94.7	813.0	n/a	n/a	n/a	n/a
166.762	0.06	saccade	n/a	551.8	93.1	n/a	138.9	138.1	16.36	448.0
166.824	0.156	fixation	n/a	143.1	139.6	854.0	n/a	n/a	n/a	n/a
166.982	0.008	saccade	n/a	140.0	142.6	n/a	128.4	142.5	0.45	55.0
166.992	0.224	fixation	n/a	128.0	143.0	909.0	n/a	n/a	n/a	n/a
167.218	0.022	saccade	n/a	126.7	143.2	n/a	203.4	141.9	3.01	226.0
167.242	0.436	fixation	n/a	205.4	142.6	947.0	n/a	n/a	n/a	n/a
167.68	0.038	saccade	n/a	200.5	144.1	n/a	315.9	143.9	4.6	173.0
167.72	0.5	fixation	n/a	312.8	145.9	905.0	n/a	n/a	n/a	n/a
168.222	0.018	saccade	n/a	311.4	146.8	n/a	360.1	142.1	1.97	148.0
168.242	0.134	fixation	n/a	368.4	143.8	898.0	n/a	n/a	n/a	n/a
168.378	0.024	saccade	n/a	369.1	144.9	n/a	451.9	151.3	3.34	210.0
168.404	0.216	fixation	n/a	457.8	150.3	867.0	n/a	n/a	n/a	n/a
168.622	0.032	saccade	n/a	456.3	148.2	n/a	547.5	148.5	3.65	175.0
168.656	0.044	fixation	n/a	541.7	150.7	855.0	n/a	n/a	n/a	n/a
168.702	0.094	saccade	n/a	541.6	156.0	n/a	550.5	169.8	0.66	522.0
168.798	0.098	fixation	n/a	543.2	163.2	842.0	n/a	n/a	n/a	n/a
168.898	0.016	saccade	n/a	543.5	156.4	n/a	498.9	153.1	1.79	153.0
168.916	0.168	fixation	n/a	491.5	156.4	816.0	n/a	n/a	n/a	n/a
169.086	0.02	saccade	n/a	490.3	156.3	n/a	546.0	157.3	2.23	172.0
169.108	0.272	fixation	n/a	551.2	158.2	789.0	n/a	n/a	n/a	n/a
169.382	0.02	saccade	n/a	551.0	158.8	n/a	605.5	160.7	2.16	157.0
169.404	0.304	fixation	n/a	606.5	163.7	772.0	n/a	n/a	n/a	n/a
169.708	0.0	trigger_11	11	n/a	n/a	n/a	n/a	n/a	n/a	n/a
169.71	0.01	saccade	n/a	610.5	164.4	n/a	631.5	165.9	0.83	90.0
169.718	0.0	trigger_10	10	n/a	n/a	n/a	n/a	n/a	n/a	n/a
169.722	0.212	fixation	n/a	635.6	165.3	710.0	n/a	n/a	n/a	n/a
169.936	0.02	saccade	n/a	637.2	162.6	n/a	681.7	159.0	1.74	115.0
169.958	0.164	fixation	n/a	679.5	158.9	658.0	n/a	n/a	n/a	n/a
170.124	0.07	saccade	n/a	680.0	157.2	n/a	132.7	216.5	21.35	453.0
170.196	0.278	fixation	n/a	139.4	219.9	700.0	n/a	n/a	n/a	n/a
170.476	0.022	saccade	n/a	139.0	219.3	n/a	190.1	209.6	2.04	144.0
170.5	0.2	fixation	n/a	198.3	211.6	667.0	n/a	n/a	n/a	n/a
170.702	0.016	saccade	n/a	201.9	212.3	n/a	234.8	214.8	1.3	95.0
170.72	0.162	fixation	n/a	237.6	213.6	653.0	n/a	n/a	n/a	n/a
170.884	0.028	saccade	n/a	236.5	214.2	n/a	330.4	209.0	3.75	221.0
170.914	0.176	fixation	n/a	345.7	211.8	648.0	n/a	n/a	n/a	n/a
171.092	0.014	saccade	n/a	347.6	208.5	n/a	318.6	210.1	1.16	104.0
171.108	0.102	fixation	n/a	315.9	213.5	664.0	n/a	n/a	n/a	n/a
171.212	0.018	saccade	n/a	314.2	213.9	n/a	269.3	215.5	1.79	125.0
171.232	0.166	fixation	n/a	250.9	213.8	707.0	n/a	n/a	n/a	n/a
171.4	0.028	saccade	n/a	248.0	211.8	n/a	339.6	211.4	3.66	204.0
171.43	0.2	fixation	n/a	340.3	207.9	749.0	n/a	n/a	n/a	n/a
171.632	0.022	saccade	n/a	340.4	206.7	n/a	402.2	208.8	2.48	172.0
171.656	0.286	fixation	n/a	403.1	208.4	769.0	n/a	n/a	n/a	n/a
171.944	0.048	saccade	n/a	401.7	210.5	n/a	189.6	92.2	9.7	421.0
171.994	0.128	fixation	n/a	189.7	92.8	731.0	n/a	n/a	n/a	n/a
172.124	0.02	saccade	n/a	188.8	94.7	n/a	136.5	78.7	2.15	162.0
172.146	0.25	fixation	n/a	134.8	82.6	738.0	n/a	n/a	n/a	n/a
172.398	0.018	saccade	n/a	132.6	82.9	n/a	178.6	84.7	1.8	136.0
172.418	0.112	fixation	n/a	202.7	86.1	779.0	n/a	n/a	n/a	n/a
172.532	0.026	saccade	n/a	206.3	88.1	n/a	282.7	84.7	3.04	207.0
172.56	0.158	fixation	n/a	280.1	83.8	798.0	n/a	n/a	n/a	n/a
172.72	0.012	saccade	n/a	280.2	85.5	n/a	256.7	84.2	0.94	87.0
172.734	0.14	fixation	n/a	257.7	87.3	820.0	n/a	n/a	n/a	n/a
172.876	0.02	saccade	n/a	256.4	89.1	n/a	314.2	85.9	2.32	151.0
172.898	0.196	fixation	n/a	326.7	88.1	859.0	n/a	n/a	n/a	n/a
173.096	0.02	saccade	n/a	326.7	89.6	n/a	385.6	89.4	2.37	178.0
173.118	0.242	fixation	n/a	400.0	87.9	880.0	n/a	n/a	n/a	n/a
173.362	0.024	saccade	n/a	401.1	88.0	n/a	480.8	96.3	3.23	226.0
173.388	0.266	fixation	n/a	480.0	94.5	887.0	n/a	n/a	n/a	n/a
173.656	0.02	saccade	n/a	477.5	94.3	n/a	534.7	98.9	2.3	152.0
173.678	0.15	fixation	n/a	538.4	97.8	864.0	n/a	n/a	n/a	n/a
173.83	0.07	saccade	n/a	539.2	99.9	n/a	171.4	139.6	14.63	442.0
173.902	0.154	fixation	n/a	157.5	141.3	903.0	n/a	n/a	n/a	n/a
174.058	0.006	saccade	n/a	153.2	143.5	n/a	144.4	145.5	0.35	55.0
174.066	0.308	fixation	n/a	136.1	143.6	947.0	n/a	n/a	n/a	n/a
174.376	0.026	saccade	n/a	128.9	144.9	n/a	205.0	141.9	2.99	199.0
174.404	0.18	fixation	n/a	205.5	143.3	958.0	n/a	n/a	n/a	n/a
174.586	0.022	saccade	n/a	207.3	144.5	n/a	255.8	144.7	1.92	153.0
174.61	0.234	fixation	n/a	253.7	141.9	938.0	n/a	n/a	n/a	n/a
174.846	0.022	saccade	n/a	254.0	141.1	n/a	327.9	148.3	2.97	224.0
174.87	0.2	fixation	n/a	336.7	147.7	921.0	n/a	n/a	n/a	n/a
174.9	0.0	trigger_11	11	n/a	n/a	n/a	n/a	n/a	n/a	n/a
174.91	0.0	trigger_10	10	n/a	n/a	n/a	n/a	n/a	n/a	n/a
175.072	0.028	saccade	n/a	337.4	147.0	n/a	444.4	147.9	4.3	253.0
175.102	0.268	fixation	n/a	445.5	152.1	879.0	n/a	n/a	n/a	n/a
175.372	0.018	saccade	n/a	443.3	155.8	n/a	483.7	158.9	1.63	122.0
175.392	0.15	fixation	n/a	485.5	158.7	819.0	n/a	n/a	n/a	n/a
175.544	0.02	saccade	n/a	483.5	160.1	n/a	522.4	161.3	1.56	133.0
175.566	0.476	fixation	n/a	530.8	160.1	775.0	n/a	n/a	n/a	n/a
176.044	0.02	saccade	n/a	529.1	160.4	n/a	480.4	161.3	1.95	149.0
176.066	0.176	fixation	n/a	477.9	162.0	782.0	n/a	n/a	n/a	n/a
176.244	0.028	saccade	n/a	472.3	158.4	n/a	556.8	162.2	3.38	170.0
176.274	0.074	fixation	n/a	555.8	163.1	791.0	n/a	n/a	n/a	n/a
176.35	0.068	saccade	n/a	555.7	163.9	n/a	162.5	210.7	15.63	444.0
176.42	0.216	fixation	n/a	151.4	211.4	856.0	n/a	n/a	n/a	n/a
176.638	0.008	saccade	n/a	147.2	211.6	n/a	134.4	212.6	0.5	64.0
176.648	0.19	fixation	n/a	133.1	211.7	818.0	n/a	n/a	n/a	n/a
176.84	0.034	saccade	n/a	134.2	212.9	n/a	165.3	105.1	4.5	298.0
176.876	0.23	fixation	n/a	162.2	100.9	757.0	n/a	n/a	n/a	n/a
177.108	0.01	saccade	n/a	162.4	99.7	n/a	146.5	91.3	0.71	72.0
177.12	0.214	fixation	n/a	147.0	96.4	807.0	n/a	n/a	n/a	n/a
177.336	0.012	saccade	n/a	143.9	97.4	n/a	124.1	90.0	0.83	72.0
177.35	0.23	fixation	n/a	128.2	89.6	844.0	n/a	n/a	n/a	n/a
177.582	0.008	saccade	n/a	129.3	92.0	n/a	139.3	91.4	0.39	48.0
177.592	0.244	fixation	n/a	143.6	92.4	856.0	n/a	n/a	n/a	n/a
177.838	0.022	saccade	n/a	145.0	94.1	n/a	212.3	91.7	2.65	184.0
177.862	0.27	fixation	n/a	212.9	92.0	867.0	n/a	n/a	n/a	n/a
178.134	0.024	saccade	n/a	211.1	93.6	n/a	293.8	89.8	3.29	214.0
178.16	0.332	fixation	n/a	290.6	90.4	872.0	n/a	n/a	n/a	n/a
178.494	0.016	saccade	n/a	290.2	92.5	n/a	325.7	93.9	1.42	120.0
178.512	0.168	fixation	n/a	328.6	94.7	863.0	n/a	n/a	n/a	n/a
178.682	0.018	saccade	n/a	328.1	95.5	n/a	374.1	93.1	1.85	132.0
178.702	0.26	fixation	n/a	374.5	93.9	841.0	n/a	n/a	n/a	n/a
178.964	0.022	saccade	n/a	371.7	91.8	n/a	432.8	93.0	2.46	170.0
178.988	0.27	fixation	n/a	436.9	95.6	865.0	n/a	n/a	n/a	n/a
179.26	0.02	saccade	n/a	437.5	99.3	n/a	487.8	101.3	2.03	122.0
179.282	0.34	fixation	n/a	502.1	98.6	880.0	n/a	n/a	n/a	n/a
179.624	0.018	saccade	n/a	501.5	96.7	n/a	539.8	98.1	1.53	109.0
179.644	0.082	fixation	n/a	539.3	98.4	891.0	n/a	n/a	n/a	n/a
179.728	0.068	saccade	n/a	539.2	97.2	n/a	157.1	143.3	15.22	455.0
179.798	0.318	fixation	n/a	146.4	144.3	970.0	n/a	n/a	n/a	n/a
180.118	0.018	saccade	n/a	143.6	144.9	n/a	184.9	144.9	1.62	128.0
180.138	0.254	fixation	n/a	192.0	146.1	974.0	n/a	n/a	n/a	n/a
180.26	0.0	trigger_11	11	n/a	n/a	n/a	n/a	n/a	n/a	n/a
180.274	0.0	trigger_10	10	n/a	n/a	n/a	n/a	n/a	n/a	n/a
180.394	0.016	saccade	n/a	191.1	147.1	n/a	227.2	145.5	1.43	110.0
180.412	0.226	fixation	n/a	232.1	147.5	925.0	n/a	n/a	n/a	n/a
180.64	0.016	saccade	n/a	228.6	148.8	n/a	266.2	141.9	1.52	136.0
180.658	0.348	fixation	n/a	268.6	143.7	886.0	n/a	n/a	n/a	n/a
181.008	0.026	saccade	n/a	269.1	144.0	n/a	350.9	149.6	3.29	238.0
181.036	0.302	fixation	n/a	346.2	151.7	857.0	n/a	n/a	n/a	n/a
181.34	0.02	saccade	n/a	344.4	152.7	n/a	382.5	147.8	1.55	105.0
181.362	0.274	fixation	n/a	388.2	148.0	829.0	n/a	n/a	n/a	n/a
181.638	0.016	saccade	n/a	389.0	149.3	n/a	425.0	152.0	1.46	110.0
181.656	0.146	fixation	n/a	428.8	151.4	781.0	n/a	n/a	n/a	n/a
181.804	0.016	saccade	n/a	428.1	152.4	n/a	464.3	154.8	1.46	117.0
181.822	0.26	fixation	n/a	471.6	156.9	717.0	n/a	n/a	n/a	n/a
182.084	0.02	saccade	n/a	470.9	158.9	n/a	515.9	155.9	1.81	114.0
182.106	0.182	fixation	n/a	518.7	156.7	669.0	n/a	n/a	n/a	n/a
182.29	0.052	saccade	n/a	518.0	157.4	n/a	211.2	82.9	12.57	397.0
182.344	0.18	fixation	n/a	209.9	88.7	673.0	n/a	n/a	n/a	n/a
182.526	0.02	saccade	n/a	207.0	94.9	n/a	147.3	76.7	2.46	184.0
182.548	0.136	fixation	n/a	137.2	83.7	757.0	n/a	n/a	n/a	n/a
182.686	0.112	saccade	n/a	140.3	89.1	n/a	180.6	111.9	1.83	940.0
182.728	0.034	blink	n/a	n/a	n/a	n/a	n/a	n/a	n/a	n/a
182.8	0.178	fixation	n/a	182.1	98.5	803.0	n/a	n/a	n/a	n/a
182.98	0.036	saccade	n/a	178.9	94.2	n/a	292.6	91.8	4.51	171.0
183.018	0.334	fixation	n/a	291.0	88.6	744.0	n/a	n/a	n/a	n/a
183.354	0.012	saccade	n/a	286.7	90.0	n/a	266.0	86.6	0.84	75.0
183.368	0.178	fixation	n/a	262.6	90.0	771.0	n/a	n/a	n/a	n/a
183.548	0.024	saccade	n/a	260.9	92.1	n/a	317.2	85.9	2.27	136.0
183.574	0.15	fixation	n/a	328.8	89.3	778.0	n/a	n/a	n/a	n/a
183.726	0.02	saccade	n/a	329.0	88.0	n/a	388.6	91.0	2.4	168.0
183.748	0.446	fixation	n/a	393.2	92.1	809.0	n/a	n/a	n/a	n/a
184.196	0.016	saccade	n/a	394.0	94.3	n/a	434.3	92.3	1.63	123.0
184.214	0.308	fixation	n/a	436.5	95.3	804.0	n/a	n/a	n/a	n/a
184.524	0.02	saccade	n/a	433.0	98.1	n/a	371.2	93.1	2.5	180.0
184.546	0.152	fixation	n/a	367.0	92.9	835.0	n/a	n/a	n/a	n/a
184.7	0.026	saccade	n/a	364.7	96.4	n/a	471.5	97.3	4.3	262.0
184.728	0.288	fixation	n/a	482.7	99.3	846.0	n/a	n/a	n/a	n/a
185.018	0.066	saccade	n/a	481.7	100.9	n/a	147.1	151.7	13.41	440.0
185.086	0.334	fixation	n/a	133.0	152.0	899.0	n/a	n/a	n/a	n/a
185.422	0.02	saccade	n/a	129.7	152.3	n/a	193.6	151.9	2.51	170.0
185.444	0.386	fixation	n/a	210.8	147.6	889.0	n/a	n/a	n/a	n/a
185.832	0.018	saccade	n/a	212.2	144.9	n/a	255.4	148.6	1.72	128.0
185.852	0.256	fixation	n/a	256.2	143.9	878.0	n/a	n/a	n/a	n/a
185.99	0.0	trigger_11	11	n/a	n/a	n/a	n/a	n/a	n/a	n/a
185.998	0.0	trigger_12	12	n/a	n/a	n/a	n/a	n/a	n/a	n/a
186.11	0.024	saccade	n/a	255.2	144.4	n/a	342.3	152.0	3.5	248.0
186.136	0.356	fixation	n/a	341.0	150.3	871.0	n/a	n/a	n/a	n/a
186.494	0.022	saccade	n/a	336.0	148.9	n/a	394.9	147.2	2.37	183.0
186.518	0.272	fixation	n/a	408.9	145.6	870.0	n/a	n/a	n/a	n/a
186.792	0.02	saccade	n/a	410.0	145.5	n/a	464.3	147.2	2.19	144.0
186.814	0.27	fixation	n/a	470.6	147.4	850.0	n/a	n/a	n/a	n/a
187.086	0.012	saccade	n/a	470.9	147.1	n/a	497.6	148.0	1.07	101.0
187.1	0.182	fixation	n/a	496.9	149.5	868.0	n/a	n/a	n/a	n/a
187.284	0.018	saccade	n/a	495.6	149.9	n/a	544.2	148.7	1.94	154.0
187.304	0.174	fixation	n/a	552.4	148.4	864.0	n/a	n/a	n/a	n/a
187.48	0.07	saccade	n/a	554.6	149.9	n/a	156.7	195.9	15.81	458.0
187.552	0.17	fixation	n/a	145.7	200.3	916.0	n/a	n/a	n/a	n/a
187.724	0.01	saccade	n/a	142.0	201.1	n/a	130.5	202.9	0.45	56.0
187.736	0.276	fixation	n/a	128.2	203.2	901.0	n/a	n/a	n/a	n/a
188.014	0.008	saccade	n/a	130.6	205.7	n/a	142.0	204.6	0.44	57.0
188.024	0.188	fixation	n/a	144.9	203.2	870.0	n/a	n/a	n/a	n/a
188.214	0.028	saccade	n/a	145.5	202.4	n/a	132.2	84.2	4.77	318.0
188.244	0.432	fixation	n/a	126.1	93.0	837.0	n/a	n/a	n/a	n/a
188.678	0.01	saccade	n/a	124.6	89.3	n/a	143.9	89.4	0.75	76.0
188.69	0.248	fixation	n/a	145.7	91.5	897.0	n/a	n/a	n/a	n/a
188.94	0.024	saccade	n/a	143.6	92.3	n/a	202.9	87.3	2.34	160.0
188.966	0.316	fixation	n/a	222.4	88.5	907.0	n/a	n/a	n/a	n/a
189.284	0.02	saccade	n/a	223.2	90.1	n/a	275.5	87.0	2.09	154.0
189.306	0.2	fixation	n/a	280.6	84.4	927.0	n/a	n/a	n/a	n/a
189.508	0.022	saccade	n/a	281.7	84.2	n/a	329.1	83.3	1.9	127.0
189.532	0.19	fixation	n/a	341.3	82.1	914.0	n/a	n/a	n/a	n/a
189.724	0.02	saccade	n/a	341.6	84.1	n/a	286.6	83.2	2.2	158.0
189.746	0.228	fixation	n/a	282.9	85.9	930.0	n/a	n/a	n/a	n/a
189.976	0.05	saccade	n/a	279.9	87.7	n/a	531.6	102.9	10.09	348.0
190.028	0.238	fixation	n/a	532.7	97.4	919.0	n/a	n/a	n/a	n/a
190.268	0.02	saccade	n/a	532.6	99.1	n/a	576.1	104.5	1.75	131.0
190.29	0.106	fixation	n/a	567.8	102.6	902.0	n/a	n/a	n/a	n/a
190.398	0.068	saccade	n/a	568.4	102.6	n/a	155.3	149.3	16.37	452.0
190.468	0.196	fixation	n/a	146.9	151.9	906.0	n/a	n/a	n/a	n/a
190.51	0.0	trigger_13	13	n/a	n/a	n/a	n/a	n/a	n/a	n/a
190.52	0.0	trigger_10	10	n/a	n/a	n/a	n/a	n/a	n/a	n/a
190.666	0.008	saccade	n/a	145.8	149.8	n/a	131.8	150.1	0.55	62.0
190.676	0.194	fixation	n/a	129.3	151.8	951.0	n/a	n/a	n/a	n/a
190.872	0.064	saccade	n/a	128.6	151.3	n/a	420.5	91.3	11.81	382.0
190.938	0.332	fixation	n/a	434.6	96.6	970.0	n/a	n/a	n/a	n/a
191.272	0.04	saccade	n/a	432.6	98.3	n/a	279.7	91.7	6.15	290.0
191.314	0.178	fixation	n/a	280.1	90.1	1019.0	n/a	n/a	n/a	n/a
191.494	0.074	saccade	n/a	278.5	87.9	n/a	465.3	513.0	18.21	563.0
191.57	0.162	fixation	n/a	470.8	527.6	1044.0	n/a	n/a	n/a	n/a
191.734	0.02	saccade	n/a	469.6	527.1	n/a	492.7	542.6	1.06	114.0
191.756	0.048	fixation	n/a	486.9	540.1	992.0	n/a	n/a	n/a	n/a
191.806	0.018	saccade	n/a	487.8	542.3	n/a	436.8	545.3	1.96	149.0
191.826	0.156	fixation	n/a	435.2	546.4	826.0	n/a	n/a	n/a	n/a
191.984	0.068	saccade	n/a	434.2	541.1	n/a	395.8	91.7	17.59	455.0
192.054	0.178	fixation	n/a	398.2	98.0	709.0	n/a	n/a	n/a	n/a
192.234	0.038	saccade	n/a	397.1	98.3	n/a	220.2	77.7	7.13	344.0
192.274	0.21	fixation	n/a	215.0	82.9	817.0	n/a	n/a	n/a	n/a
192.486	0.016	saccade	n/a	212.8	85.5	n/a	174.3	89.0	1.53	119.0
192.504	0.226	fixation	n/a	176.2	88.6	983.0	n/a	n/a	n/a	n/a
192.732	0.018	saccade	n/a	174.2	87.9	n/a	134.7	87.2	1.55	111.0
192.752	0.168	fixation	n/a	138.8	86.0	1050.0	n/a	n/a	n/a	n/a
192.922	0.006	saccade	n/a	134.9	83.4	n/a	127.5	84.0	0.29	47.0
192.93	0.142	fixation	n/a	122.2	83.0	1053.0	n/a	n/a	n/a	n/a
193.074	0.018	saccade	n/a	122.5	82.4	n/a	172.6	80.3	1.96	138.0
193.094	0.318	fixation	n/a	174.7	81.8	1025.0	n/a	n/a	n/a	n/a
193.414	0.022	saccade	n/a	171.9	83.3	n/a	237.3	77.0	2.6	184.0
193.438	0.46	fixation	n/a	240.0	85.8	1006.0	n/a	n/a	n/a	n/a
193.9	0.034	saccade	n/a	234.1	90.2	n/a	333.1	89.0	3.95	197.0
193.936	0.22	fixation	n/a	329.9	86.8	993.0	n/a	n/a	n/a	n/a
194.158	0.02	saccade	n/a	329.5	87.1	n/a	384.1	85.5	2.2	172.0
194.18	0.164	fixation	n/a	386.1	89.1	956.0	n/a	n/a	n/a	n/a
194.346	0.018	saccade	n/a	385.0	93.0	n/a	428.3	94.8	1.75	130.0
194.366	0.274	fixation	n/a	436.1	98.9	919.0	n/a	n/a	n/a	n/a
194.642	0.008	saccade	n/a	432.3	100.9	n/a	423.4	100.2	0.36	46.0
194.652	0.108	fixation	n/a	422.8	97.9	910.0	n/a	n/a	n/a	n/a
194.762	0.02	saccade	n/a	422.7	97.4	n/a	470.7	99.3	1.93	155.0
194.784	0.382	fixation	n/a	465.0	97.2	886.0	n/a	n/a	n/a	n/a
195.168	0.02	saccade	n/a	465.3	95.1	n/a	506.5	96.9	1.65	119.0
195.19	0.308	fixation	n/a	514.4	98.5	806.0	n/a	n/a	n/a	n/a
195.5	0.022	saccade	n/a	512.7	99.3	n/a	562.4	100.7	1.98	139.0
195.524	0.21	fixation	n/a	578.5	102.3	790.0	n/a	n/a	n/a	n/a
195.736	0.072	saccade	n/a	579.0	100.4	n/a	151.8	149.6	16.94	429.0
195.81	0.422	fixation	n/a	136.4	148.1	838.0	n/a	n/a	n/a	n/a
196.234	0.038	saccade	n/a	131.7	147.2	n/a	243.2	146.9	4.39	182.0
196.274	0.146	fixation	n/a	238.4	146.6	832.0	n/a	n/a	n/a	n/a
196.422	0.11	saccade	n/a	240.0	150.3	n/a	260.4	182.1	1.53	956.0
196.452	0.048	blink	n/a	n/a	n/a	n/a	n/a	n/a	n/a	n/a
196.534	0.216	fixation	n/a	257.9	161.9	831.0	n/a	n/a	n/a	n/a
196.752	0.036	saccade	n/a	255.1	158.6	n/a	392.1	167.0	5.5	289.0
196.79	0.26	fixation	n/a	394.7	163.7	783.0	n/a	n/a	n/a	n/a
197.052	0.014	saccade	n/a	395.6	162.7	n/a	368.6	164.9	1.09	90.0
197.068	0.144	fixation	n/a	365.5	166.4	767.0	n/a	n/a	n/a	n/a
197.214	0.022	saccade	n/a	366.0	167.0	n/a	427.8	167.5	2.49	166.0
197.238	0.104	fixation	n/a	433.4	167.3	736.0	n/a	n/a	n/a	n/a
197.344	0.022	saccade	n/a	433.0	165.3	n/a	494.5	167.9	2.47	177.0
197.368	0.228	fixation	n/a	495.8	166.6	715.0	n/a	n/a	n/a	n/a
197.598	0.066	saccade	n/a	496.7	164.3	n/a	171.3	192.3	12.94	391.0
197.666	0.174	fixation	n/a	160.2	194.0	777.0	n/a	n/a	n/a	n/a
197.842	0.014	saccade	n/a	158.1	193.6	n/a	139.1	206.0	0.89	87.0
197.858	0.17	fixation	n/a	145.3	206.4	823.0	n/a	n/a	n/a	n/a
198.03	0.02	saccade	n/a	146.0	204.7	n/a	204.4	201.5	2.29	177.0
198.052	0.306	fixation	n/a	231.6	204.2	833.0	n/a	n/a	n/a	n/a
198.36	0.018	saccade	n/a	230.7	207.1	n/a	282.9	209.0	2.08	157.0
198.38	0.156	fixation	n/a	279.2	210.1	813.0	n/a	n/a	n/a	n/a
198.538	0.012	saccade	n/a	277.7	211.3	n/a	256.3	210.5	0.85	78.0
198.552	0.238	fixation	n/a	253.8	213.2	810.0	n/a	n/a	n/a	n/a
198.792	0.022	saccade	n/a	252.8	213.3	n/a	326.6	212.8	2.95	191.0
198.816	0.264	fixation	n/a	347.0	215.4	810.0	n/a	n/a	n/a	n/a
199.082	0.026	saccade	n/a	347.9	217.4	n/a	437.5	217.1	3.6	178.0
199.11	0.266	fixation	n/a	442.6	214.4	798.0	n/a	n/a	n/a	n/a
199.378	0.036	saccade	n/a	441.2	215.0	n/a	576.5	213.3	5.39	259.0
199.416	0.382	fixation	n/a	571.2	210.6	761.0	n/a	n/a	n/a	n/a
199.686	0.0	trigger_11	11	n/a	n/a	n/a	n/a	n/a	n/a	n/a
199.692	0.0	trigger_10	10	n/a	n/a	n/a	n/a	n/a	n/a	n/a
199.8	0.014	saccade	n/a	571.3	212.6	n/a	605.3	214.8	1.35	114.0
199.816	0.146	fixation	n/a	611.4	215.8	748.0	n/a	n/a	n/a	n/a
199.964	0.072	saccade	n/a	611.9	216.2	n/a	163.5	278.6	17.73	425.0
200.038	0.148	fixation	n/a	153.3	282.6	792.0	n/a	n/a	n/a	n/a
200.188	0.01	saccade	n/a	150.3	284.8	n/a	134.2	277.0	0.7	77.0
200.2	0.366	fixation	n/a	135.8	281.5	780.0	n/a	n/a	n/a	n/a
200.568	0.016	saccade	n/a	135.2	284.3	n/a	171.9	277.8	1.45	136.0
200.586	0.266	fixation	n/a	168.8	275.6	750.0	n/a	n/a	n/a	n/a
200.854	0.03	saccade	n/a	168.0	276.3	n/a	269.6	267.2	4.02	222.0
200.886	0.238	fixation	n/a	276.6	267.0	760.0	n/a	n/a	n/a	n/a
201.126	0.008	saccade	n/a	275.2	265.7	n/a	262.9	267.9	0.5	59.0
201.136	0.482	fixation	n/a	262.8	270.8	762.0	n/a	n/a	n/a	n/a
201.62	0.036	saccade	n/a	263.6	272.5	n/a	223.0	75.7	8.1	393.0
201.658	0.238	fixation	n/a	220.0	80.5	759.0	n/a	n/a	n/a	n/a
201.898	0.02	saccade	n/a	220.2	82.4	n/a	157.6	79.7	2.47	194.0
201.92	0.178	fixation	n/a	151.2	85.6	806.0	n/a	n/a	n/a	n/a
202.1	0.01	saccade	n/a	148.5	90.7	n/a	133.7	92.2	0.58	60.0
202.112	0.118	fixation	n/a	132.1	92.1	854.0	n/a	n/a	n/a	n/a
202.232	0.076	saccade	n/a	132.2	92.3	n/a	549.1	91.0	16.41	394.0
202.31	0.214	fixation	n/a	562.7	98.5	861.0	n/a	n/a	n/a	n/a
202.526	0.022	saccade	n/a	562.7	100.7	n/a	510.3	97.9	2.09	166.0
202.55	0.13	fixation	n/a	519.1	100.4	871.0	n/a	n/a	n/a	n/a
202.682	0.064	saccade	n/a	520.4	98.8	n/a	166.0	95.1	14.04	518.0
202.748	0.136	fixation	n/a	159.0	95.5	895.0	n/a	n/a	n/a	n/a
202.886	0.01	saccade	n/a	157.7	95.8	n/a	142.1	91.2	0.64	69.0
202.898	0.4	fixation	n/a	138.5	94.7	913.0	n/a	n/a	n/a	n/a
203.3	0.014	saccade	n/a	137.0	99.8	n/a	171.7	95.5	1.37	128.0
203.316	0.248	fixation	n/a	178.3	93.6	939.0	n/a	n/a	n/a	n/a
203.566	0.066	saccade	n/a	177.6	92.0	n/a	504.7	96.8	12.98	377.0
203.634	0.114	fixation	n/a	517.7	100.4	908.0	n/a	n/a	n/a	n/a
203.75	0.018	saccade	n/a	517.3	102.6	n/a	479.2	94.9	1.56	128.0
203.77	0.11	fixation	n/a	484.0	95.5	909.0	n/a	n/a	n/a	n/a
203.882	0.032	saccade	n/a	484.8	94.3	n/a	581.3	95.2	3.85	197.0
203.916	0.158	fixation	n/a	577.4	95.7	871.0	n/a	n/a	n/a	n/a
204.076	0.054	saccade	n/a	576.9	98.4	n/a	212.4	140.9	14.54	434.0
204.132	0.116	fixation	n/a	213.3	141.1	934.0	n/a	n/a	n/a	n/a
204.17	0.0	trigger_11	11	n/a	n/a	n/a	n/a	n/a	n/a	n/a
204.184	0.0	trigger_12	12	n/a	n/a	n/a	n/a	n/a	n/a	n/a
204.25	0.02	saccade	n/a	210.3	141.4	n/a	145.2	146.9	2.57	194.0
204.272	0.178	fixation	n/a	143.1	143.8	960.0	n/a	n/a	n/a	n/a
204.452	0.042	saccade	n/a	141.1	143.5	n/a	263.7	138.4	4.85	261.0
204.496	0.242	fixation	n/a	263.0	135.6	997.0	n/a	n/a	n/a	n/a
204.74	0.026	saccade	n/a	262.8	134.3	n/a	369.3	138.1	4.28	305.0
204.768	0.38	fixation	n/a	361.5	147.2	966.0	n/a	n/a	n/a	n/a
205.15	0.022	saccade	n/a	361.1	149.1	n/a	424.7	149.3	2.56	174.0
205.174	0.234	fixation	n/a	426.4	148.9	911.0	n/a	n/a	n/a	n/a
205.41	0.042	saccade	n/a	427.7	146.9	n/a	268.8	135.8	6.4	263.0
205.454	0.328	fixation	n/a	270.5	134.9	947.0	n/a	n/a	n/a	n/a
205.784	0.012	saccade	n/a	267.8	135.0	n/a	242.7	138.5	1.01	99.0
205.798	0.162	fixation	n/a	238.6	138.5	970.0	n/a	n/a	n/a	n/a
205.962	0.03	saccade	n/a	237.3	139.0	n/a	152.6	143.9	3.35	191.0
205.994	0.23	fixation	n/a	155.4	145.6	956.0	n/a	n/a	n/a	n/a
206.226	0.024	saccade	n/a	155.2	149.2	n/a	186.5	86.7	2.81	224.0
206.252	0.172	fixation	n/a	208.2	89.6	923.0	n/a	n/a	n/a	n/a
206.426	0.022	saccade	n/a	210.1	89.0	n/a	142.1	81.7	2.69	185.0
206.45	0.282	fixation	n/a	139.3	87.6	912.0	n/a	n/a	n/a	n/a
206.734	0.026	saccade	n/a	138.1	87.3	n/a	203.4	87.1	2.56	130.0
206.762	0.256	fixation	n/a	222.6	87.7	941.0	n/a	n/a	n/a	n/a
207.02	0.038	saccade	n/a	223.4	88.3	n/a	341.6	86.4	4.72	180.0
207.06	0.302	fixation	n/a	342.3	83.7	929.0	n/a	n/a	n/a	n/a
207.364	0.016	saccade	n/a	344.3	86.9	n/a	388.5	86.0	1.78	150.0
207.382	0.342	fixation	n/a	393.1	87.5	929.0	n/a	n/a	n/a	n/a
207.654	0.0	trigger_13	13	n/a	n/a	n/a	n/a	n/a	n/a	n/a
207.662	0.0	trigger_10	10	n/a	n/a	n/a	n/a	n/a	n/a	n/a
207.726	0.018	saccade	n/a	393.7	88.1	n/a	443.9	90.7	2.03	160.0
207.746	0.39	fixation	n/a	453.1	95.5	943.0	n/a	n/a	n/a	n/a
208.138	0.024	saccade	n/a	453.9	94.3	n/a	509.2	98.2	2.22	153.0
208.164	0.218	fixation	n/a	501.7	96.7	953.0	n/a	n/a	n/a	n/a
208.384	0.07	saccade	n/a	503.1	96.2	n/a	175.5	151.1	13.19	416.0
208.456	0.172	fixation	n/a	164.0	150.0	991.0	n/a	n/a	n/a	n/a
208.63	0.012	saccade	n/a	160.0	150.6	n/a	132.7	146.8	1.08	96.0
208.644	0.252	fixation	n/a	130.0	148.8	1003.0	n/a	n/a	n/a	n/a
208.898	0.02	saccade	n/a	128.9	150.6	n/a	185.5	145.8	2.22	171.0
208.92	0.216	fixation	n/a	193.8	145.3	955.0	n/a	n/a	n/a	n/a
209.138	0.02	saccade	n/a	195.9	145.1	n/a	259.6	141.7	2.53	186.0
209.16	0.302	fixation	n/a	273.6	146.3	952.0	n/a	n/a	n/a	n/a
209.464	0.02	saccade	n/a	271.8	146.5	n/a	303.9	87.2	2.74	232.0
209.486	0.18	fixation	n/a	313.8	95.5	961.0	n/a	n/a	n/a	n/a
209.668	0.036	saccade	n/a	313.8	93.6	n/a	200.1	91.0	4.53	216.0
209.706	0.228	fixation	n/a	199.8	89.8	1003.0	n/a	n/a	n/a	n/a
209.936	0.018	saccade	n/a	195.8	88.2	n/a	146.8	94.0	1.94	141.0
209.956	0.12	fixation	n/a	138.0	94.1	1064.0	n/a	n/a	n/a	n/a
210.078	0.128	saccade	n/a	138.0	98.6	n/a	126.8	108.3	0.58	593.0
210.138	0.022	blink	n/a	n/a	n/a	n/a	n/a	n/a	n/a	n/a
210.208	0.266	fixation	n/a	129.6	96.7	1030.0	n/a	n/a	n/a	n/a
210.476	0.012	saccade	n/a	132.1	90.4	n/a	160.1	89.6	1.09	104.0
210.49	0.256	fixation	n/a	166.8	90.9	901.0	n/a	n/a	n/a	n/a
210.748	0.016	saccade	n/a	166.7	94.1	n/a	206.2	90.3	1.56	139.0
210.766	0.268	fixation	n/a	214.3	90.8	925.0	n/a	n/a	n/a	n/a
211.036	0.014	saccade	n/a	209.4	91.3	n/a	181.7	90.8	1.09	101.0
211.052	0.198	fixation	n/a	184.4	91.9	948.0	n/a	n/a	n/a	n/a
211.252	0.02	saccade	n/a	185.1	90.2	n/a	243.0	89.2	2.29	174.0
211.274	0.278	fixation	n/a	246.6	90.7	962.0	n/a	n/a	n/a	n/a
211.554	0.018	saccade	n/a	248.7	91.3	n/a	288.4	88.4	1.59	133.0
211.574	0.162	fixation	n/a	289.2	88.4	968.0	n/a	n/a	n/a	n/a
211.738	0.018	saccade	n/a	289.4	89.6	n/a	337.0	84.4	1.92	154.0
211.758	0.38	fixation	n/a	342.0	93.2	975.0	n/a	n/a	n/a	n/a
212.14	0.018	saccade	n/a	339.3	98.6	n/a	292.1	93.3	1.9	134.0
212.16	0.158	fixation	n/a	284.9	95.8	988.0	n/a	n/a	n/a	n/a
212.32	0.022	saccade	n/a	285.5	96.1	n/a	356.5	90.4	2.86	190.0
212.344	0.22	fixation	n/a	366.4	94.2	983.0	n/a	n/a	n/a	n/a
212.566	0.02	saccade	n/a	365.3	90.5	n/a	424.2	93.9	2.38	191.0
212.588	0.156	fixation	n/a	433.7	97.6	971.0	n/a	n/a	n/a	n/a
212.746	0.014	saccade	n/a	436.0	97.2	n/a	467.7	101.5	1.29	107.0
212.762	0.204	fixation	n/a	468.0	97.2	946.0	n/a	n/a	n/a	n/a
212.968	0.028	saccade	n/a	467.2	94.7	n/a	554.4	94.7	3.49	190.0
212.998	0.268	fixation	n/a	551.4	98.0	894.0	n/a	n/a	n/a	n/a
213.268	0.056	saccade	n/a	550.8	98.6	n/a	185.1	145.1	14.61	392.0
213.326	0.132	fixation	n/a	184.4	146.1	923.0	n/a	n/a	n/a	n/a
213.46	0.016	saccade	n/a	183.0	148.5	n/a	147.0	153.5	1.43	109.0
213.478	0.172	fixation	n/a	146.1	153.7	923.0	n/a	n/a	n/a	n/a
213.652	0.016	saccade	n/a	145.5	154.0	n/a	179.7	152.9	1.34	115.0
213.67	0.396	fixation	n/a	184.7	152.6	890.0	n/a	n/a	n/a	n/a
214.068	0.02	saccade	n/a	184.5	154.6	n/a	245.7	146.3	2.45	178.0
214.09	0.41	fixation	n/a	249.6	146.8	873.0	n/a	n/a	n/a	n/a
214.502	0.022	saccade	n/a	246.4	144.5	n/a	318.1	148.1	2.87	200.0
214.526	0.38	fixation	n/a	322.1	152.6	890.0	n/a	n/a	n/a	n/a
214.908	0.016	saccade	n/a	320.0	151.4	n/a	354.3	146.6	1.39	105.0
214.926	0.188	fixation	n/a	356.9	145.6	892.0	n/a	n/a	n/a	n/a
215.116	0.018	saccade	n/a	355.9	145.8	n/a	400.0	141.4	1.79	118.0
215.136	0.28	fixation	n/a	408.7	139.1	867.0	n/a	n/a	n/a	n/a
215.418	0.02	saccade	n/a	409.3	137.5	n/a	469.2	141.0	2.41	170.0
215.44	0.344	fixation	n/a	473.8	139.8	866.0	n/a	n/a	n/a	n/a
215.786	0.01	saccade	n/a	476.1	140.0	n/a	488.4	146.5	0.56	60.0
215.798	0.172	fixation	n/a	488.4	147.2	846.0	n/a	n/a	n/a	n/a
215.972	0.026	saccade	n/a	488.4	148.4	n/a	555.3	151.2	2.68	140.0
216.0	0.202	fixation	n/a	557.7	156.8	820.0	n/a	n/a	n/a	n/a
216.152	0.0	trigger_11	11	n/a	n/a	n/a	n/a	n/a	n/a	n/a
216.164	0.0	trigger_10	10	n/a	n/a	n/a	n/a	n/a	n/a	n/a
216.204	0.062	saccade	n/a	557.1	158.5	n/a	132.9	210.0	16.83	411.0
216.268	0.312	fixation	n/a	134.9	211.1	872.0	n/a	n/a	n/a	n/a
216.582	0.03	saccade	n/a	134.1	210.7	n/a	214.2	208.3	3.14	127.0
216.614	0.34	fixation	n/a	215.9	206.7	827.0	n/a	n/a	n/a	n/a
216.956	0.03	saccade	n/a	215.4	208.0	n/a	321.6	212.5	4.23	225.0
216.988	0.346	fixation	n/a	331.1	213.3	811.0	n/a	n/a	n/a	n/a
217.336	0.038	saccade	n/a	330.8	217.1	n/a	471.1	210.5	5.64	204.0
217.376	0.182	fixation	n/a	484.3	212.1	746.0	n/a	n/a	n/a	n/a
217.56	0.018	saccade	n/a	484.1	215.5	n/a	537.7	212.3	2.14	167.0
217.58	0.358	fixation	n/a	543.3	216.5	711.0	n/a	n/a	n/a	n/a
217.94	0.014	saccade	n/a	543.8	217.7	n/a	575.5	220.4	1.26	101.0
217.956	0.128	fixation	n/a	582.0	224.0	709.0	n/a	n/a	n/a	n/a
218.086	0.042	saccade	n/a	582.3	225.9	n/a	394.7	204.0	7.53	365.0
218.13	0.174	fixation	n/a	392.5	213.8	735.0	n/a	n/a	n/a	n/a
218.306	0.05	saccade	n/a	390.7	218.0	n/a	173.1	90.5	10.07	448.0
218.358	0.11	fixation	n/a	172.7	96.5	744.0	n/a	n/a	n/a	n/a
218.47	0.02	saccade	n/a	175.3	101.3	n/a	133.3	74.5	1.97	173.0
218.492	0.164	fixation	n/a	133.7	83.4	772.0	n/a	n/a	n/a	n/a
218.658	0.02	saccade	n/a	132.5	83.3	n/a	193.3	84.4	2.38	186.0
218.68	0.118	fixation	n/a	209.4	84.8	794.0	n/a	n/a	n/a	n/a
218.8	0.02	saccade	n/a	213.5	83.9	n/a	271.0	86.6	2.29	181.0
218.822	0.256	fixation	n/a	283.8	84.3	792.0	n/a	n/a	n/a	n/a
219.08	0.018	saccade	n/a	283.2	84.7	n/a	331.8	82.1	1.95	152.0
219.1	0.168	fixation	n/a	339.8	82.0	793.0	n/a	n/a	n/a	n/a
219.27	0.034	saccade	n/a	339.6	81.0	n/a	473.1	92.5	5.38	264.0
219.306	0.17	fixation	n/a	472.5	92.2	812.0	n/a	n/a	n/a	n/a
219.478	0.006	saccade	n/a	469.4	94.2	n/a	460.0	93.1	0.38	58.0
219.486	0.102	fixation	n/a	460.4	94.8	831.0	n/a	n/a	n/a	n/a
219.59	0.026	saccade	n/a	458.9	95.6	n/a	527.3	100.8	2.75	166.0
219.618	0.238	fixation	n/a	520.4	100.1	834.0	n/a	n/a	n/a	n/a
219.858	0.068	saccade	n/a	520.3	97.7	n/a	160.1	148.2	14.41	440.0
219.928	0.178	fixation	n/a	148.1	145.0	894.0	n/a	n/a	n/a	n/a
220.108	0.01	saccade	n/a	147.2	144.4	n/a	131.8	146.2	0.6	62.0
220.12	0.26	fixation	n/a	132.0	149.2	906.0	n/a	n/a	n/a	n/a
220.382	0.02	saccade	n/a	131.3	152.1	n/a	187.8	150.4	2.21	173.0
220.404	0.362	fixation	n/a	204.1	148.0	874.0	n/a	n/a	n/a	n/a
220.768	0.024	saccade	n/a	204.5	149.7	n/a	269.3	146.1	2.58	170.0
220.794	0.182	fixation	n/a	269.7	145.4	894.0	n/a	n/a	n/a	n/a
220.978	0.024	saccade	n/a	267.7	146.5	n/a	346.1	139.8	3.15	232.0
221.004	0.18	fixation	n/a	348.1	141.5	911.0	n/a	n/a	n/a	n/a
221.186	0.024	saccade	n/a	350.0	141.8	n/a	239.7	139.7	4.41	315.0
221.212	0.178	fixation	n/a	215.7	145.3	939.0	n/a	n/a	n/a	n/a
221.392	0.012	saccade	n/a	209.2	147.7	n/a	185.0	148.6	0.96	92.0
221.406	0.138	fixation	n/a	182.2	149.9	937.0	n/a	n/a	n/a	n/a
221.546	0.024	saccade	n/a	180.8	149.0	n/a	268.6	145.1	3.49	225.0
221.572	0.182	fixation	n/a	289.0	145.8	935.0	n/a	n/a	n/a	n/a
221.756	0.022	saccade	n/a	288.8	145.1	n/a	354.1	140.3	2.63	198.0
221.78	0.204	fixation	n/a	348.2	141.2	934.0	n/a	n/a	n/a	n/a
221.986	0.032	saccade	n/a	346.2	144.0	n/a	453.3	153.9	4.32	237.0
222.02	0.256	fixation	n/a	448.6	152.6	911.0	n/a	n/a	n/a	n/a
222.278	0.018	saccade	n/a	449.1	153.6	n/a	496.7	156.1	1.91	154.0
222.298	0.174	fixation	n/a	505.9	158.3	879.0	n/a	n/a	n/a	n/a
222.336	0.0	trigger_11	11	n/a	n/a	n/a	n/a	n/a	n/a	n/a
222.35	0.0	trigger_10	10	n/a	n/a	n/a	n/a	n/a	n/a	n/a
222.474	0.032	saccade	n/a	505.4	157.6	n/a	583.9	157.3	3.12	198.0
222.508	0.082	fixation	n/a	575.6	156.6	862.0	n/a	n/a	n/a	n/a
222.592	0.068	saccade	n/a	575.6	157.8	n/a	169.0	210.6	16.18	464.0
222.662	0.162	fixation	n/a	157.0	211.2	904.0	n/a	n/a	n/a	n/a
222.826	0.01	saccade	n/a	154.9	210.7	n/a	137.2	210.4	0.69	69.0
222.838	0.128	fixation	n/a	136.8	211.1	919.0	n/a	n/a	n/a	n/a
222.968	0.018	saccade	n/a	134.7	212.4	n/a	181.1	209.4	1.82	150.0
222.988	0.156	fixation	n/a	187.2	211.5	885.0	n/a	n/a	n/a	n/a
223.146	0.022	saccade	n/a	187.6	213.2	n/a	250.7	204.8	2.52	193.0
223.17	0.354	fixation	n/a	253.4	205.1	890.0	n/a	n/a	n/a	n/a
223.526	0.016	saccade	n/a	255.0	205.8	n/a	287.7	206.1	1.31	104.0
223.544	0.214	fixation	n/a	290.3	207.2	907.0	n/a	n/a	n/a	n/a
223.76	0.018	saccade	n/a	291.4	209.0	n/a	333.8	210.4	1.7	126.0
223.78	0.476	fixation	n/a	330.2	209.2	896.0	n/a	n/a	n/a	n/a
224.258	0.006	saccade	n/a	332.0	206.0	n/a	341.1	205.3	0.37	55.0
224.266	0.262	fixation	n/a	341.7	207.6	902.0	n/a	n/a	n/a	n/a
224.53	0.048	saccade	n/a	342.2	208.9	n/a	149.4	114.6	8.54	390.0
224.58	0.114	fixation	n/a	150.1	113.3	898.0	n/a	n/a	n/a	n/a
224.696	0.02	saccade	n/a	150.7	114.9	n/a	126.7	78.2	1.75	152.0
224.718	0.308	fixation	n/a	128.5	84.8	847.0	n/a	n/a	n/a	n/a
225.028	0.136	saccade	n/a	130.5	87.7	n/a	195.3	103.9	2.62	698.0
225.08	0.048	blink	n/a	n/a	n/a	n/a	n/a	n/a	n/a	n/a
225.166	0.382	fixation	n/a	196.9	90.1	877.0	n/a	n/a	n/a	n/a
225.55	0.018	saccade	n/a	194.8	88.2	n/a	236.2	90.4	1.65	136.0
225.57	0.326	fixation	n/a	238.6	91.4	866.0	n/a	n/a	n/a	n/a
225.898	0.022	saccade	n/a	239.2	91.7	n/a	307.1	85.1	2.73	174.0
225.922	0.176	fixation	n/a	316.9	89.0	904.0	n/a	n/a	n/a	n/a
226.1	0.022	saccade	n/a	315.3	87.7	n/a	365.9	83.6	2.04	138.0
226.124	0.354	fixation	n/a	360.6	88.2	898.0	n/a	n/a	n/a	n/a
226.48	0.014	saccade	n/a	358.3	89.7	n/a	324.6	86.4	1.36	111.0
226.496	0.132	fixation	n/a	324.2	86.4	904.0	n/a	n/a	n/a	n/a
226.63	0.022	saccade	n/a	326.4	85.2	n/a	385.4	87.8	2.38	176.0
226.654	0.182	fixation	n/a	392.3	90.2	910.0	n/a	n/a	n/a	n/a
226.838	0.008	saccade	n/a	389.4	90.2	n/a	375.1	88.9	0.58	74.0
226.848	0.126	fixation	n/a	374.6	87.6	928.0	n/a	n/a	n/a	n/a
226.976	0.026	saccade	n/a	373.6	87.9	n/a	448.7	86.5	3.03	190.0
227.004	0.292	fixation	n/a	445.3	89.0	955.0	n/a	n/a	n/a	n/a
227.298	0.01	saccade	n/a	442.4	93.6	n/a	427.8	94.6	0.59	63.0
227.31	0.248	fixation	n/a	428.2	95.2	939.0	n/a	n/a	n/a	n/a
227.56	0.014	saccade	n/a	429.7	97.3	n/a	465.0	98.8	1.42	120.0
227.576	0.19	fixation	n/a	466.7	102.5	858.0	n/a	n/a	n/a	n/a
227.768	0.018	saccade	n/a	465.6	100.4	n/a	511.9	99.1	1.86	140.0
227.788	0.288	fixation	n/a	503.6	96.6	857.0	n/a	n/a	n/a	n/a
228.078	0.032	saccade	n/a	498.3	96.8	n/a	580.3	97.9	3.27	160.0
228.112	0.304	fixation	n/a	577.0	97.5	881.0	n/a	n/a	n/a	n/a
228.418	0.022	saccade	n/a	577.8	102.2	n/a	626.8	104.6	1.94	120.0
228.442	0.22	fixation	n/a	623.0	102.2	865.0	n/a	n/a	n/a	n/a
228.664	0.066	saccade	n/a	624.0	103.6	n/a	150.6	129.5	18.59	427.0
228.732	0.216	fixation	n/a	154.7	134.6	911.0	n/a	n/a	n/a	n/a
228.95	0.006	saccade	n/a	154.0	137.5	n/a	145.8	142.2	0.37	54.0
228.958	0.186	fixation	n/a	143.5	142.9	920.0	n/a	n/a	n/a	n/a
229.146	0.02	saccade	n/a	143.0	143.0	n/a	190.9	141.1	1.88	122.0
229.168	0.216	fixation	n/a	197.1	141.1	913.0	n/a	n/a	n/a	n/a
229.386	0.02	saccade	n/a	193.7	140.4	n/a	246.3	140.4	2.09	165.0
229.408	0.152	fixation	n/a	245.1	140.3	909.0	n/a	n/a	n/a	n/a
229.562	0.02	saccade	n/a	245.0	139.8	n/a	302.9	140.3	2.32	190.0
229.584	0.204	fixation	n/a	314.4	141.7	895.0	n/a	n/a	n/a	n/a
229.79	0.022	saccade	n/a	315.9	144.7	n/a	249.3	141.9	2.67	209.0
229.814	0.252	fixation	n/a	236.2	142.7	905.0	n/a	n/a	n/a	n/a
230.068	0.022	saccade	n/a	232.3	144.4	n/a	313.7	147.5	3.25	237.0
230.092	0.57	fixation	n/a	313.2	150.8	917.0	n/a	n/a	n/a	n/a
230.24	0.0	trigger_11	11	n/a	n/a	n/a	n/a	n/a	n/a	n/a
230.25	0.0	trigger_10	10	n/a	n/a	n/a	n/a	n/a	n/a	n/a
230.664	0.02	saccade	n/a	306.5	152.1	n/a	355.4	150.3	1.97	135.0
230.686	0.376	fixation	n/a	357.9	152.4	857.0	n/a	n/a	n/a	n/a
231.064	0.022	saccade	n/a	358.1	156.0	n/a	429.2	153.4	2.86	200.0
231.088	0.146	fixation	n/a	441.2	158.2	860.0	n/a	n/a	n/a	n/a
231.236	0.01	saccade	n/a	439.9	157.7	n/a	423.8	159.0	0.65	67.0
231.248	0.156	fixation	n/a	425.2	156.1	844.0	n/a	n/a	n/a	n/a
231.406	0.018	saccade	n/a	427.0	153.9	n/a	478.4	155.4	2.07	159.0
231.426	0.304	fixation	n/a	478.9	160.4	814.0	n/a	n/a	n/a	n/a
231.732	0.028	saccade	n/a	476.9	162.2	n/a	559.3	163.5	3.29	156.0
231.762	0.186	fixation	n/a	554.0	164.6	768.0	n/a	n/a	n/a	n/a
231.95	0.072	saccade	n/a	554.3	166.8	n/a	136.0	212.4	16.57	402.0
232.024	0.282	fixation	n/a	127.7	216.3	769.0	n/a	n/a	n/a	n/a
232.308	0.006	saccade	n/a	128.5	214.4	n/a	137.8	216.8	0.37	54.0
232.316	0.124	fixation	n/a	137.4	215.7	744.0	n/a	n/a	n/a	n/a
232.442	0.026	saccade	n/a	138.9	217.4	n/a	119.6	83.5	5.42	395.0
232.47	0.222	fixation	n/a	125.2	80.9	714.0	n/a	n/a	n/a	n/a
232.694	0.016	saccade	n/a	126.1	84.6	n/a	171.7	85.9	1.78	157.0
232.712	0.198	fixation	n/a	187.6	89.7	764.0	n/a	n/a	n/a	n/a
232.912	0.02	saccade	n/a	188.4	93.0	n/a	235.8	93.0	1.88	114.0
232.934	0.23	fixation	n/a	233.4	91.2	788.0	n/a	n/a	n/a	n/a
233.166	0.02	saccade	n/a	231.9	92.8	n/a	292.3	87.8	2.41	175.0
233.188	0.294	fixation	n/a	298.4	87.3	780.0	n/a	n/a	n/a	n/a
233.484	0.018	saccade	n/a	297.2	90.1	n/a	341.7	89.2	1.79	131.0
233.504	0.228	fixation	n/a	355.3	91.4	782.0	n/a	n/a	n/a	n/a
233.734	0.01	saccade	n/a	357.5	91.2	n/a	374.4	90.8	0.68	71.0
233.746	0.146	fixation	n/a	374.0	92.3	807.0	n/a	n/a	n/a	n/a
233.894	0.022	saccade	n/a	371.8	92.6	n/a	446.7	96.0	3.02	221.0
233.918	0.266	fixation	n/a	452.0	97.3	815.0	n/a	n/a	n/a	n/a
234.186	0.018	saccade	n/a	448.9	100.0	n/a	506.5	100.4	2.31	175.0
234.206	0.214	fixation	n/a	514.7	100.8	839.0	n/a	n/a	n/a	n/a
234.422	0.022	saccade	n/a	511.4	102.1	n/a	562.7	103.5	2.05	136.0
234.446	0.134	fixation	n/a	555.5	103.7	839.0	n/a	n/a	n/a	n/a
234.582	0.07	saccade	n/a	556.3	105.4	n/a	174.8	133.8	15.15	436.0
234.632	0.0	trigger_11	11	n/a	n/a	n/a	n/a	n/a	n/a	n/a
234.64	0.0	trigger_12	12	n/a	n/a	n/a	n/a	n/a	n/a	n/a
234.654	0.128	fixation	n/a	163.3	135.0	903.0	n/a	n/a	n/a	n/a
234.784	0.014	saccade	n/a	163.0	135.4	n/a	130.3	137.7	1.28	100.0
234.8	0.158	fixation	n/a	134.9	138.7	952.0	n/a	n/a	n/a	n/a
234.96	0.026	saccade	n/a	131.3	136.6	n/a	214.9	135.2	3.29	209.0
234.988	0.286	fixation	n/a	219.5	141.8	941.0	n/a	n/a	n/a	n/a
235.276	0.018	saccade	n/a	221.5	145.4	n/a	268.6	144.2	1.88	142.0
235.296	0.204	fixation	n/a	293.8	142.6	951.0	n/a	n/a	n/a	n/a
235.502	0.03	saccade	n/a	296.2	141.4	n/a	385.9	140.9	3.6	189.0
235.534	0.3	fixation	n/a	383.3	141.4	979.0	n/a	n/a	n/a	n/a
235.836	0.026	saccade	n/a	383.5	145.7	n/a	456.6	144.3	2.94	185.0
235.864	0.162	fixation	n/a	454.5	147.2	946.0	n/a	n/a	n/a	n/a
236.028	0.026	saccade	n/a	456.4	150.2	n/a	378.3	148.2	3.14	188.0
236.056	0.208	fixation	n/a	376.0	153.2	920.0	n/a	n/a	n/a	n/a
236.266	0.046	saccade	n/a	375.2	155.6	n/a	477.5	155.6	4.12	210.0
236.314	0.23	fixation	n/a	485.3	156.9	885.0	n/a	n/a	n/a	n/a
236.546	0.014	saccade	n/a	483.1	157.9	n/a	510.6	154.3	1.11	87.0
236.562	0.264	fixation	n/a	505.6	157.2	880.0	n/a	n/a	n/a	n/a
236.828	0.052	saccade	n/a	505.4	155.3	n/a	210.2	103.6	11.92	442.0
236.882	0.12	fixation	n/a	211.6	104.0	887.0	n/a	n/a	n/a	n/a
237.004	0.024	saccade	n/a	209.9	101.6	n/a	142.8	88.1	2.69	183.0
237.03	0.226	fixation	n/a	136.0	88.1	869.0	n/a	n/a	n/a	n/a
237.258	0.014	saccade	n/a	137.1	87.9	n/a	165.3	89.4	1.1	95.0
237.274	0.174	fixation	n/a	169.9	92.5	885.0	n/a	n/a	n/a	n/a
237.45	0.022	saccade	n/a	170.1	92.3	n/a	242.1	89.1	2.85	199.0
237.474	0.268	fixation	n/a	257.5	88.4	890.0	n/a	n/a	n/a	n/a
237.744	0.006	saccade	n/a	254.9	88.7	n/a	246.6	89.2	0.33	45.0
237.752	0.122	fixation	n/a	247.0	89.2	881.0	n/a	n/a	n/a	n/a
237.876	0.088	saccade	n/a	248.7	91.7	n/a	287.4	120.3	1.93	642.0
237.966	0.116	fixation	n/a	297.9	97.0	867.0	n/a	n/a	n/a	n/a
238.084	0.02	saccade	n/a	297.0	90.1	n/a	347.8	90.9	2.04	156.0
238.106	0.24	fixation	n/a	362.2	91.9	839.0	n/a	n/a	n/a	n/a
238.348	0.044	saccade	n/a	362.8	90.7	n/a	475.5	96.9	4.54	167.0
238.394	0.23	fixation	n/a	468.9	94.4	822.0	n/a	n/a	n/a	n/a
238.626	0.02	saccade	n/a	467.8	91.1	n/a	516.3	93.3	1.95	140.0
238.648	0.358	fixation	n/a	526.3	95.5	850.0	n/a	n/a	n/a	n/a
239.008	0.02	saccade	n/a	526.5	94.0	n/a	569.7	95.4	1.72	146.0
239.03	0.144	fixation	n/a	576.5	94.1	844.0	n/a	n/a	n/a	n/a
239.176	0.072	saccade	n/a	577.7	93.6	n/a	170.0	137.0	16.18	413.0
239.25	0.164	fixation	n/a	157.4	136.7	916.0	n/a	n/a	n/a	n/a
239.416	0.01	saccade	n/a	156.5	135.1	n/a	136.9	137.7	0.77	84.0
239.428	0.188	fixation	n/a	136.9	140.4	958.0	n/a	n/a	n/a	n/a
239.618	0.024	saccade	n/a	135.3	139.8	n/a	212.5	138.8	3.03	194.0
239.644	0.292	fixation	n/a	221.8	139.2	964.0	n/a	n/a	n/a	n/a
239.938	0.016	saccade	n/a	225.2	140.4	n/a	261.4	138.3	1.44	106.0
239.956	0.396	fixation	n/a	270.1	140.9	940.0	n/a	n/a	n/a	n/a
240.354	0.02	saccade	n/a	268.5	140.9	n/a	309.7	141.0	1.65	116.0
240.376	0.252	fixation	n/a	322.2	142.4	965.0	n/a	n/a	n/a	n/a
240.63	0.036	saccade	n/a	323.6	144.4	n/a	193.9	105.9	5.4	246.0
240.668	0.236	fixation	n/a	190.3	101.8	970.0	n/a	n/a	n/a	n/a
240.808	0.0	trigger_13	13	n/a	n/a	n/a	n/a	n/a	n/a	n/a
240.816	0.0	trigger_10	10	n/a	n/a	n/a	n/a	n/a	n/a	n/a
240.906	0.01	saccade	n/a	186.4	104.1	n/a	169.5	94.8	0.76	83.0
240.918	0.088	fixation	n/a	171.7	97.2	967.0	n/a	n/a	n/a	n/a
241.008	0.032	saccade	n/a	169.4	97.9	n/a	286.1	88.1	4.64	240.0
241.042	0.352	fixation	n/a	292.2	89.0	981.0	n/a	n/a	n/a	n/a
241.396	0.074	saccade	n/a	288.8	93.3	n/a	473.1	521.7	18.26	492.0
241.472	0.212	fixation	n/a	477.6	534.5	1013.0	n/a	n/a	n/a	n/a
241.686	0.018	saccade	n/a	477.9	537.1	n/a	440.1	553.5	1.57	134.0
241.706	0.174	fixation	n/a	441.7	550.4	827.0	n/a	n/a	n/a	n/a
241.882	0.066	saccade	n/a	443.4	544.7	n/a	486.2	105.1	17.22	465.0
241.95	0.184	fixation	n/a	490.6	104.9	649.0	n/a	n/a	n/a	n/a
242.136	0.03	saccade	n/a	492.7	101.5	n/a	378.4	78.4	4.7	266.0
242.168	0.256	fixation	n/a	363.2	86.0	672.0	n/a	n/a	n/a	n/a
242.426	0.024	saccade	n/a	360.2	94.5	n/a	280.0	101.0	3.23	213.0
242.452	0.146	fixation	n/a	279.5	104.9	837.0	n/a	n/a	n/a	n/a
242.6	0.03	saccade	n/a	279.7	104.3	n/a	171.6	98.3	4.29	230.0
242.632	0.156	fixation	n/a	168.0	100.5	941.0	n/a	n/a	n/a	n/a
242.79	0.016	saccade	n/a	166.1	98.9	n/a	135.2	89.1	1.27	105.0
242.808	0.44	fixation	n/a	136.2	88.2	981.0	n/a	n/a	n/a	n/a
243.25	0.13	saccade	n/a	129.4	86.2	n/a	222.8	104.0	3.74	1005.0
243.292	0.054	blink	n/a	n/a	n/a	n/a	n/a	n/a	n/a	n/a
243.382	0.2	fixation	n/a	223.1	92.1	1012.0	n/a	n/a	n/a	n/a
243.584	0.014	saccade	n/a	224.7	87.9	n/a	255.7	86.9	1.23	111.0
243.6	0.144	fixation	n/a	257.7	88.4	1012.0	n/a	n/a	n/a	n/a
243.746	0.022	saccade	n/a	257.8	89.1	n/a	309.9	84.9	2.09	138.0
243.77	0.382	fixation	n/a	308.1	87.4	968.0	n/a	n/a	n/a	n/a
244.154	0.024	saccade	n/a	303.3	86.4	n/a	366.0	83.3	2.53	160.0
244.18	0.17	fixation	n/a	381.4	83.4	971.0	n/a	n/a	n/a	n/a
244.352	0.022	saccade	n/a	383.0	84.3	n/a	319.9	84.1	2.54	168.0
244.376	0.168	fixation	n/a	316.9	86.0	972.0	n/a	n/a	n/a	n/a
244.546	0.022	saccade	n/a	313.9	88.1	n/a	384.2	84.3	2.83	195.0
244.57	0.228	fixation	n/a	397.7	87.8	1032.0	n/a	n/a	n/a	n/a
244.8	0.022	saccade	n/a	394.3	91.8	n/a	460.6	90.1	2.67	169.0
244.824	0.3	fixation	n/a	462.3	91.0	1055.0	n/a	n/a	n/a	n/a
245.126	0.02	saccade	n/a	462.6	93.9	n/a	521.8	99.3	2.38	173.0
245.148	0.272	fixation	n/a	526.2	102.0	1043.0	n/a	n/a	n/a	n/a
245.422	0.018	saccade	n/a	528.8	102.6	n/a	568.5	107.8	1.6	110.0
245.442	0.304	fixation	n/a	567.7	106.8	998.0	n/a	n/a	n/a	n/a
245.748	0.014	saccade	n/a	568.2	106.7	n/a	601.0	106.0	1.3	109.0
245.764	0.114	fixation	n/a	596.1	108.8	942.0	n/a	n/a	n/a	n/a
245.88	0.074	saccade	n/a	596.7	108.4	n/a	167.3	135.4	16.94	414.0
245.956	0.146	fixation	n/a	156.9	140.9	991.0	n/a	n/a	n/a	n/a
246.104	0.01	saccade	n/a	155.9	143.5	n/a	136.5	148.5	0.78	84.0
246.116	0.21	fixation	n/a	134.3	150.9	1005.0	n/a	n/a	n/a	n/a
246.328	0.018	saccade	n/a	132.8	154.3	n/a	180.6	154.5	1.87	144.0
246.348	0.25	fixation	n/a	188.7	151.7	1001.0	n/a	n/a	n/a	n/a
246.6	0.022	saccade	n/a	192.0	150.9	n/a	261.6	142.9	2.78	195.0
246.624	0.352	fixation	n/a	272.9	141.8	959.0	n/a	n/a	n/a	n/a
246.962	0.0	trigger_11	11	n/a	n/a	n/a	n/a	n/a	n/a	n/a
246.978	0.022	saccade	n/a	272.9	139.8	n/a	337.9	138.4	2.61	177.0
246.982	0.0	trigger_10	10	n/a	n/a	n/a	n/a	n/a	n/a	n/a
247.002	0.296	fixation	n/a	343.0	142.8	895.0	n/a	n/a	n/a	n/a
247.3	0.008	saccade	n/a	346.0	143.4	n/a	361.9	143.9	0.64	82.0
247.31	0.216	fixation	n/a	365.7	144.8	857.0	n/a	n/a	n/a	n/a
247.528	0.024	saccade	n/a	365.2	142.2	n/a	436.5	143.5	2.88	171.0
247.554	0.452	fixation	n/a	444.2	145.4	880.0	n/a	n/a	n/a	n/a
248.008	0.022	saccade	n/a	437.7	146.4	n/a	508.1	151.2	2.83	206.0
248.032	0.26	fixation	n/a	514.8	155.2	849.0	n/a	n/a	n/a	n/a
248.294	0.016	saccade	n/a	516.3	158.5	n/a	546.8	159.7	1.22	93.0
248.312	0.31	fixation	n/a	544.5	160.4	806.0	n/a	n/a	n/a	n/a
248.624	0.008	saccade	n/a	543.7	163.7	n/a	556.5	162.1	0.51	65.0
248.634	0.06	fixation	n/a	556.6	162.3	790.0	n/a	n/a	n/a	n/a
248.696	0.066	saccade	n/a	556.3	162.7	n/a	159.7	212.0	15.77	429.0
248.764	0.234	fixation	n/a	146.9	211.5	828.0	n/a	n/a	n/a	n/a
249.0	0.018	saccade	n/a	145.1	211.4	n/a	195.7	207.4	1.99	149.0
249.02	0.154	fixation	n/a	202.2	210.1	818.0	n/a	n/a	n/a	n/a
249.176	0.032	saccade	n/a	203.7	208.0	n/a	134.0	90.2	5.47	312.0
249.21	0.256	fixation	n/a	134.1	91.4	775.0	n/a	n/a	n/a	n/a
249.468	0.02	saccade	n/a	131.8	91.6	n/a	187.8	93.0	2.19	158.0
249.49	0.252	fixation	n/a	203.6	92.5	803.0	n/a	n/a	n/a	n/a
249.744	0.024	saccade	n/a	202.4	92.2	n/a	131.5	85.2	2.79	156.0
249.77	0.206	fixation	n/a	131.0	90.9	811.0	n/a	n/a	n/a	n/a
249.978	0.008	saccade	n/a	131.5	93.4	n/a	145.9	95.6	0.57	69.0
249.988	0.242	fixation	n/a	146.3	94.6	822.0	n/a	n/a	n/a	n/a
250.232	0.034	saccade	n/a	144.6	94.4	n/a	223.7	94.2	3.11	160.0
250.268	0.252	fixation	n/a	221.2	92.4	803.0	n/a	n/a	n/a	n/a
250.522	0.008	saccade	n/a	219.4	94.6	n/a	207.4	93.7	0.48	59.0
250.532	0.126	fixation	n/a	207.4	94.4	802.0	n/a	n/a	n/a	n/a
250.66	0.018	saccade	n/a	208.3	93.4	n/a	160.4	89.3	1.89	146.0
250.68	0.388	fixation	n/a	153.6	91.0	809.0	n/a	n/a	n/a	n/a
251.07	0.02	saccade	n/a	152.4	88.9	n/a	212.1	87.3	2.35	179.0
251.092	0.158	fixation	n/a	225.3	95.0	811.0	n/a	n/a	n/a	n/a
251.252	0.006	saccade	n/a	221.7	96.4	n/a	212.0	94.8	0.39	66.0
251.26	0.266	fixation	n/a	209.8	95.2	808.0	n/a	n/a	n/a	n/a
251.528	0.02	saccade	n/a	210.5	95.7	n/a	259.2	91.8	1.94	140.0
251.55	0.294	fixation	n/a	269.5	95.4	793.0	n/a	n/a	n/a	n/a
251.846	0.036	saccade	n/a	269.4	98.7	n/a	345.1	95.9	3.04	140.0
251.884	0.216	fixation	n/a	346.5	94.9	782.0	n/a	n/a	n/a	n/a
252.102	0.016	saccade	n/a	346.5	94.7	n/a	382.3	98.0	1.45	110.0
252.12	0.212	fixation	n/a	380.0	96.9	850.0	n/a	n/a	n/a	n/a
252.334	0.02	saccade	n/a	377.2	95.4	n/a	427.7	94.1	2.04	157.0
252.356	0.37	fixation	n/a	432.2	98.3	875.0	n/a	n/a	n/a	n/a
252.728	0.014	saccade	n/a	432.2	99.0	n/a	462.7	101.9	1.23	111.0
252.744	0.166	fixation	n/a	467.3	102.0	888.0	n/a	n/a	n/a	n/a
252.912	0.022	saccade	n/a	464.5	101.3	n/a	525.1	101.1	2.43	164.0
252.936	0.332	fixation	n/a	529.3	103.5	913.0	n/a	n/a	n/a	n/a
253.27	0.016	saccade	n/a	526.7	101.5	n/a	561.7	101.2	1.4	109.0
253.288	0.174	fixation	n/a	562.2	101.5	925.0	n/a	n/a	n/a	n/a
253.464	0.076	saccade	n/a	562.4	102.3	n/a	156.2	134.9	16.11	426.0
253.542	0.252	fixation	n/a	148.5	134.5	962.0	n/a	n/a	n/a	n/a
253.796	0.022	saccade	n/a	146.5	136.1	n/a	224.9	137.7	3.09	213.0
253.82	0.292	fixation	n/a	243.1	139.5	1013.0	n/a	n/a	n/a	n/a
254.114	0.014	saccade	n/a	246.2	137.7	n/a	276.3	140.6	1.21	106.0
254.13	0.406	fixation	n/a	273.2	138.4	1016.0	n/a	n/a	n/a	n/a
254.538	0.01	saccade	n/a	277.1	139.0	n/a	292.5	136.8	0.62	69.0
254.55	0.284	fixation	n/a	293.8	141.4	935.0	n/a	n/a	n/a	n/a
254.61	0.0	trigger_11	11	n/a	n/a	n/a	n/a	n/a	n/a	n/a
254.62	0.0	trigger_10	10	n/a	n/a	n/a	n/a	n/a	n/a	n/a
254.836	0.036	saccade	n/a	296.5	145.0	n/a	361.0	121.6	2.76	153.0
254.874	0.178	fixation	n/a	359.4	122.2	879.0	n/a	n/a	n/a	n/a
255.054	0.04	saccade	n/a	360.0	122.6	n/a	226.7	110.6	5.35	254.0
255.096	0.256	fixation	n/a	230.7	113.1	862.0	n/a	n/a	n/a	n/a
255.354	0.042	saccade	n/a	227.6	113.4	n/a	379.7	153.8	6.3	270.0
255.398	0.192	fixation	n/a	377.9	146.4	880.0	n/a	n/a	n/a	n/a
255.592	0.024	saccade	n/a	378.3	143.3	n/a	448.3	146.7	2.82	203.0
255.618	0.21	fixation	n/a	451.8	149.6	845.0	n/a	n/a	n/a	n/a
255.83	0.018	saccade	n/a	455.3	153.6	n/a	497.3	155.3	1.69	107.0
255.85	0.182	fixation	n/a	506.9	156.2	775.0	n/a	n/a	n/a	n/a
256.034	0.014	saccade	n/a	508.5	155.7	n/a	542.1	157.3	1.34	119.0
256.05	0.26	fixation	n/a	544.5	159.6	727.0	n/a	n/a	n/a	n/a
256.312	0.018	saccade	n/a	544.6	159.6	n/a	589.2	164.0	1.78	137.0
256.332	0.138	fixation	n/a	591.0	162.4	730.0	n/a	n/a	n/a	n/a
256.472	0.072	saccade	n/a	588.8	164.2	n/a	165.1	164.7	16.68	454.0
256.546	0.108	fixation	n/a	154.5	164.1	801.0	n/a	n/a	n/a	n/a
256.656	0.028	saccade	n/a	155.7	163.3	n/a	161.9	76.5	3.5	230.0
256.686	0.202	fixation	n/a	164.8	86.7	821.0	n/a	n/a	n/a	n/a
256.89	0.012	saccade	n/a	162.3	84.5	n/a	139.2	85.1	0.9	87.0
256.904	0.15	fixation	n/a	139.7	88.4	844.0	n/a	n/a	n/a	n/a
257.056	0.024	saccade	n/a	139.4	89.4	n/a	227.0	93.2	3.45	232.0
257.082	0.254	fixation	n/a	232.4	94.7	851.0	n/a	n/a	n/a	n/a
257.338	0.02	saccade	n/a	232.6	93.1	n/a	285.9	95.8	2.13	150.0
257.36	0.184	fixation	n/a	296.5	93.3	828.0	n/a	n/a	n/a	n/a
257.546	0.048	saccade	n/a	297.2	95.2	n/a	411.9	101.0	4.62	283.0
257.596	0.274	fixation	n/a	422.5	104.5	796.0	n/a	n/a	n/a	n/a
257.872	0.02	saccade	n/a	420.2	103.9	n/a	473.9	102.9	2.16	153.0
257.894	0.208	fixation	n/a	480.8	103.2	793.0	n/a	n/a	n/a	n/a
258.104	0.016	saccade	n/a	481.0	102.5	n/a	521.9	102.7	1.64	124.0
258.122	0.11	fixation	n/a	520.8	102.9	806.0	n/a	n/a	n/a	n/a
258.234	0.066	saccade	n/a	519.5	103.4	n/a	152.1	140.0	14.6	454.0
258.302	0.27	fixation	n/a	141.1	139.3	890.0	n/a	n/a	n/a	n/a
258.574	0.02	saccade	n/a	140.0	138.7	n/a	203.2	142.5	2.49	189.0
258.596	0.194	fixation	n/a	213.0	140.9	916.0	n/a	n/a	n/a	n/a
258.792	0.108	saccade	n/a	217.3	144.9	n/a	293.8	178.5	3.34	552.0
258.848	0.018	blink	n/a	n/a	n/a	n/a	n/a	n/a	n/a	n/a
258.902	0.204	fixation	n/a	306.6	155.1	870.0	n/a	n/a	n/a	n/a
259.108	0.01	saccade	n/a	303.1	149.8	n/a	285.4	151.5	0.71	75.0
259.12	0.16	fixation	n/a	283.9	154.8	878.0	n/a	n/a	n/a	n/a
259.234	0.0	trigger_11	11	n/a	n/a	n/a	n/a	n/a	n/a	n/a
259.242	0.0	trigger_10	10	n/a	n/a	n/a	n/a	n/a	n/a	n/a
259.282	0.022	saccade	n/a	281.7	156.4	n/a	353.4	152.0	2.88	197.0
259.306	0.284	fixation	n/a	358.2	152.7	836.0	n/a	n/a	n/a	n/a
259.592	0.018	saccade	n/a	357.4	153.4	n/a	395.2	150.8	1.52	124.0
259.612	0.182	fixation	n/a	395.9	153.0	849.0	n/a	n/a	n/a	n/a
259.796	0.02	saccade	n/a	395.8	152.2	n/a	345.2	150.6	2.04	154.0
259.818	0.208	fixation	n/a	342.2	153.7	862.0	n/a	n/a	n/a	n/a
260.028	0.022	saccade	n/a	341.9	153.0	n/a	404.9	153.1	2.54	163.0
260.052	0.12	fixation	n/a	409.0	153.4	878.0	n/a	n/a	n/a	n/a
260.174	0.022	saccade	n/a	407.9	155.6	n/a	479.5	156.2	2.88	193.0
260.198	0.292	fixation	n/a	487.9	156.9	885.0	n/a	n/a	n/a	n/a
260.492	0.016	saccade	n/a	484.2	159.1	n/a	521.5	160.0	1.5	117.0
260.51	0.188	fixation	n/a	529.1	160.3	866.0	n/a	n/a	n/a	n/a
260.7	0.018	saccade	n/a	529.5	161.0	n/a	583.9	161.9	2.16	164.0
260.72	0.194	fixation	n/a	594.4	163.8	844.0	n/a	n/a	n/a	n/a
260.916	0.064	saccade	n/a	595.1	165.1	n/a	132.7	210.2	18.22	420.0
260.982	0.168	fixation	n/a	135.7	211.4	876.0	n/a	n/a	n/a	n/a
261.152	0.006	saccade	n/a	131.8	210.8	n/a	123.6	213.5	0.34	50.0
261.16	0.23	fixation	n/a	125.3	212.5	864.0	n/a	n/a	n/a	n/a
261.392	0.034	saccade	n/a	128.3	212.0	n/a	153.3	91.7	4.93	312.0
261.428	0.298	fixation	n/a	158.2	97.2	815.0	n/a	n/a	n/a	n/a
261.728	0.02	saccade	n/a	158.9	100.5	n/a	202.2	99.3	1.71	119.0
261.75	0.432	fixation	n/a	209.6	101.7	890.0	n/a	n/a	n/a	n/a
262.184	0.022	saccade	n/a	208.4	100.5	n/a	277.0	94.7	2.74	188.0
262.208	0.298	fixation	n/a	283.7	97.3	924.0	n/a	n/a	n/a	n/a
262.508	0.038	saccade	n/a	283.9	97.7	n/a	368.3	100.5	3.39	129.0
262.548	0.516	fixation	n/a	362.8	101.3	952.0	n/a	n/a	n/a	n/a
263.066	0.018	saccade	n/a	359.2	99.8	n/a	397.8	99.7	1.56	116.0
263.086	0.232	fixation	n/a	410.0	100.0	887.0	n/a	n/a	n/a	n/a
263.32	0.02	saccade	n/a	409.4	100.5	n/a	469.1	104.9	2.41	166.0
263.342	0.246	fixation	n/a	470.2	104.3	883.0	n/a	n/a	n/a	n/a
263.59	0.02	saccade	n/a	467.0	103.2	n/a	517.7	109.2	2.05	149.0
263.612	0.27	fixation	n/a	517.5	106.8	873.0	n/a	n/a	n/a	n/a
263.884	0.022	saccade	n/a	515.1	105.0	n/a	569.0	108.4	2.15	133.0
263.908	0.444	fixation	n/a	571.9	108.5	852.0	n/a	n/a	n/a	n/a
264.146	0.0	trigger_11	11	n/a	n/a	n/a	n/a	n/a	n/a	n/a
264.154	0.0	trigger_12	12	n/a	n/a	n/a	n/a	n/a	n/a	n/a
264.354	0.066	saccade	n/a	569.0	109.3	n/a	222.5	144.0	13.82	359.0
264.422	0.112	fixation	n/a	214.4	143.4	902.0	n/a	n/a	n/a	n/a
264.536	0.02	saccade	n/a	213.1	140.8	n/a	154.9	142.9	2.29	190.0
264.558	0.158	fixation	n/a	147.1	143.0	909.0	n/a	n/a	n/a	n/a
264.718	0.01	saccade	n/a	144.3	143.6	n/a	128.5	142.8	0.62	66.0
264.73	0.266	fixation	n/a	127.4	143.2	942.0	n/a	n/a	n/a	n/a
264.998	0.016	saccade	n/a	128.8	142.5	n/a	164.5	139.8	1.4	121.0
265.016	0.54	fixation	n/a	175.9	141.1	881.0	n/a	n/a	n/a	n/a
265.558	0.024	saccade	n/a	180.2	141.3	n/a	248.6	144.3	2.71	154.0
265.584	0.344	fixation	n/a	253.4	143.6	888.0	n/a	n/a	n/a	n/a
265.612	0.0	trigger_13	13	n/a	n/a	n/a	n/a	n/a	n/a	n/a
265.628	0.0	trigger_10	10	n/a	n/a	n/a	n/a	n/a	n/a	n/a
265.93	0.01	saccade	n/a	254.0	143.6	n/a	273.4	145.6	0.78	84.0
265.942	0.24	fixation	n/a	272.0	147.2	903.0	n/a	n/a	n/a	n/a
266.184	0.02	saccade	n/a	272.1	150.9	n/a	320.0	147.0	1.93	151.0
266.206	0.154	fixation	n/a	328.8	150.5	860.0	n/a	n/a	n/a	n/a
266.362	0.042	saccade	n/a	327.7	147.8	n/a	164.7	104.3	6.7	289.0
266.406	0.148	fixation	n/a	164.0	106.3	836.0	n/a	n/a	n/a	n/a
266.556	0.012	saccade	n/a	161.4	104.5	n/a	140.7	90.7	0.98	92.0
266.57	0.144	fixation	n/a	145.4	93.9	829.0	n/a	n/a	n/a	n/a
266.716	0.022	saccade	n/a	144.5	94.1	n/a	196.1	92.4	2.03	130.0
266.74	0.408	fixation	n/a	207.7	94.5	840.0	n/a	n/a	n/a	n/a
267.15	0.02	saccade	n/a	205.1	94.0	n/a	265.4	95.3	2.4	157.0
267.172	0.382	fixation	n/a	276.5	95.7	876.0	n/a	n/a	n/a	n/a
267.556	0.026	saccade	n/a	277.5	98.6	n/a	187.3	92.6	3.59	216.0
267.584	0.252	fixation	n/a	176.8	100.1	908.0	n/a	n/a	n/a	n/a
267.838	0.018	saccade	n/a	175.7	103.2	n/a	132.9	92.9	1.73	135.0
267.858	0.292	fixation	n/a	132.3	94.8	938.0	n/a	n/a	n/a	n/a
268.152	0.012	saccade	n/a	131.9	93.8	n/a	158.7	95.1	1.05	98.0
268.166	0.406	fixation	n/a	166.3	97.3	878.0	n/a	n/a	n/a	n/a
268.574	0.016	saccade	n/a	170.3	96.7	n/a	203.0	93.8	1.29	107.0
268.592	0.276	fixation	n/a	211.4	97.6	830.0	n/a	n/a	n/a	n/a
268.87	0.014	saccade	n/a	214.6	100.3	n/a	247.7	99.6	1.32	117.0
268.886	0.312	fixation	n/a	248.8	101.1	859.0	n/a	n/a	n/a	n/a
269.2	0.016	saccade	n/a	246.4	102.6	n/a	286.9	99.1	1.62	115.0
269.218	0.278	fixation	n/a	295.9	98.6	880.0	n/a	n/a	n/a	n/a
269.498	0.01	saccade	n/a	296.6	99.9	n/a	314.6	98.5	0.73	77.0
269.51	0.122	fixation	n/a	315.6	101.8	892.0	n/a	n/a	n/a	n/a
269.634	0.024	saccade	n/a	313.9	103.2	n/a	388.0	102.8	2.98	204.0
269.66	0.282	fixation	n/a	390.4	102.6	887.0	n/a	n/a	n/a	n/a
269.944	0.018	saccade	n/a	389.4	103.8	n/a	424.2	100.7	1.41	118.0
269.946	0.0	trigger_11	11	n/a	n/a	n/a	n/a	n/a	n/a	n/a
269.96	0.0	trigger_10	10	n/a	n/a	n/a	n/a	n/a	n/a	n/a
269.964	0.26	fixation	n/a	423.0	104.0	869.0	n/a	n/a	n/a	n/a
270.226	0.02	saccade	n/a	424.8	104.5	n/a	467.6	105.8	1.72	118.0
270.248	0.482	fixation	n/a	478.5	102.9	791.0	n/a	n/a	n/a	n/a
270.732	0.018	saccade	n/a	476.6	107.3	n/a	517.1	102.4	1.64	127.0
270.752	0.524	fixation	n/a	543.1	104.0	781.0	n/a	n/a	n/a	n/a
271.278	0.01	saccade	n/a	543.1	108.2	n/a	558.0	107.5	0.59	62.0
271.29	0.168	fixation	n/a	557.4	108.0	783.0	n/a	n/a	n/a	n/a
271.46	0.012	saccade	n/a	557.4	108.4	n/a	584.5	109.9	1.08	99.0
271.474	0.086	fixation	n/a	584.2	109.6	773.0	n/a	n/a	n/a	n/a
271.562	0.072	saccade	n/a	583.2	110.6	n/a	168.1	142.9	16.43	444.0
271.636	0.206	fixation	n/a	156.8	144.3	826.0	n/a	n/a	n/a	n/a
271.844	0.01	saccade	n/a	154.6	142.0	n/a	135.2	141.7	0.76	78.0
271.856	0.116	fixation	n/a	131.8	142.0	857.0	n/a	n/a	n/a	n/a
271.974	0.036	saccade	n/a	131.5	143.8	n/a	146.2	95.9	2.01	237.0
272.012	0.332	fixation	n/a	147.5	92.0	830.0	n/a	n/a	n/a	n/a
272.346	0.012	saccade	n/a	151.9	94.8	n/a	177.4	94.9	1.0	98.0
272.36	0.192	fixation	n/a	174.8	97.0	853.0	n/a	n/a	n/a	n/a
272.554	0.014	saccade	n/a	178.3	96.1	n/a	206.3	100.1	1.12	101.0
272.57	0.258	fixation	n/a	205.6	95.7	854.0	n/a	n/a	n/a	n/a
272.83	0.022	saccade	n/a	205.1	92.5	n/a	266.7	93.6	2.45	156.0
272.854	0.408	fixation	n/a	278.4	89.5	842.0	n/a	n/a	n/a	n/a
273.264	0.03	saccade	n/a	276.7	91.4	n/a	361.5	88.1	3.41	174.0
273.296	0.44	fixation	n/a	355.9	92.0	855.0	n/a	n/a	n/a	n/a
273.738	0.024	saccade	n/a	349.0	96.3	n/a	414.8	97.5	2.65	171.0
273.764	0.284	fixation	n/a	423.7	98.5	854.0	n/a	n/a	n/a	n/a
274.05	0.02	saccade	n/a	424.3	100.6	n/a	473.8	97.7	2.0	128.0
274.072	0.188	fixation	n/a	486.7	101.2	841.0	n/a	n/a	n/a	n/a
274.262	0.016	saccade	n/a	486.2	104.1	n/a	524.5	104.3	1.54	112.0
274.28	0.574	fixation	n/a	525.2	103.6	822.0	n/a	n/a	n/a	n/a
274.372	0.0	trigger_18	18	n/a	n/a	n/a	n/a	n/a	n/a	n/a
274.372	0.0	trigger_11	11	n/a	n/a	n/a	n/a	n/a	n/a	n/a
274.856	0.014	saccade	n/a	524.0	102.2	n/a	551.9	102.1	1.11	90.0
274.872	0.296	fixation	n/a	557.9	102.1	774.0	n/a	n/a	n/a	n/a
275.17	0.016	saccade	n/a	558.7	101.3	n/a	589.8	105.3	1.24	93.0
275.188	0.174	fixation	n/a	589.9	105.9	748.0	n/a	n/a	n/a	n/a
275.364	0.072	saccade	n/a	589.5	106.7	n/a	201.5	148.1	15.43	392.0
275.438	0.108	fixation	n/a	190.4	146.9	776.0	n/a	n/a	n/a	n/a
275.548	0.016	saccade	n/a	189.8	147.3	n/a	145.4	141.9	1.75	150.0
275.566	0.274	fixation	n/a	140.4	142.7	805.0	n/a	n/a	n/a	n/a
275.842	0.034	saccade	n/a	137.4	142.4	n/a	243.1	152.5	4.18	185.0
275.878	0.214	fixation	n/a	244.1	148.3	798.0	n/a	n/a	n/a	n/a
276.094	0.024	saccade	n/a	244.8	148.3	n/a	176.1	93.7	3.51	262.0
276.12	0.192	fixation	n/a	163.9	98.3	738.0	n/a	n/a	n/a	n/a
276.314	0.012	saccade	n/a	163.8	98.4	n/a	145.5	91.4	0.77	71.0
276.328	0.63	fixation	n/a	149.0	98.1	780.0	n/a	n/a	n/a	n/a
276.96	0.052	saccade	n/a	150.2	99.4	n/a	275.9	135.8	5.18	234.0
277.014	0.192	fixation	n/a	285.4	136.4	876.0	n/a	n/a	n/a	n/a
277.208	0.06	saccade	n/a	284.5	137.0	n/a	501.9	115.5	8.76	326.0
277.27	0.506	fixation	n/a	512.0	117.7	801.0	n/a	n/a	n/a	n/a
277.778	0.02	saccade	n/a	510.0	116.9	n/a	556.1	111.1	1.86	124.0
277.8	0.184	fixation	n/a	558.0	110.2	842.0	n/a	n/a	n/a	n/a
277.986	0.052	saccade	n/a	559.1	110.9	n/a	248.0	118.3	12.4	379.0
278.04	0.134	fixation	n/a	252.6	122.4	908.0	n/a	n/a	n/a	n/a
278.176	0.068	saccade	n/a	252.2	123.1	n/a	357.7	547.9	17.01	563.0
278.246	0.18	fixation	n/a	364.3	555.2	920.0	n/a	n/a	n/a	n/a
278.428	0.022	saccade	n/a	365.7	552.3	n/a	274.2	545.3	3.52	242.0
278.452	0.166	fixation	n/a	247.7	545.0	787.0	n/a	n/a	n/a	n/a
278.62	0.054	saccade	n/a	246.9	545.3	n/a	571.8	546.9	12.33	334.0
278.676	0.214	fixation	n/a	568.8	547.7	585.0	n/a	n/a	n/a	n/a
