onset	duration	trial_type	value	gaze_x	gaze_y	pupil_size	sacc_endx	sacc_endy	sacc_amplitude	sacc_peakvel
2.092	0.068	fixation	n/a	451.8	0.3	1081.0	n/a	n/a	n/a	n/a
2.126	0.0	trigger_95	95	n/a	n/a	n/a	n/a	n/a	n/a	n/a
2.132	0.0	trigger_19	19	n/a	n/a	n/a	n/a	n/a	n/a	n/a
2.14	0.0	trigger_10	10	n/a	n/a	n/a	n/a	n/a	n/a	n/a
2.162	0.052	saccade	n/a	451.1	2.2	n/a	192.9	165.5	12.21	349.0
2.216	0.03	fixation	n/a	200.7	170.5	1143.0	n/a	n/a	n/a	n/a
2.248	0.192	saccade	n/a	206.4	183.9	n/a	341.6	304.9	7.24	936.0
2.272	0.124	blink	n/a	n/a	n/a	n/a	n/a	n/a	n/a	n/a
2.442	0.296	fixation	n/a	341.5	297.2	1180.0	n/a	n/a	n/a	n/a
2.74	0.05	saccade	n/a	342.0	295.5	n/a	87.9	173.0	11.09	342.0
2.792	0.244	fixation	n/a	90.8	172.4	1041.0	n/a	n/a	n/a	n/a
3.038	0.03	saccade	n/a	88.8	166.2	n/a	61.9	34.5	5.34	308.0
3.07	0.248	fixation	n/a	61.9	24.7	1064.0	n/a	n/a	n/a	n/a
3.32	0.018	saccade	n/a	62.8	25.1	n/a	22.7	5.2	1.71	131.0
3.34	0.564	fixation	n/a	20.9	10.8	1312.0	n/a	n/a	n/a	n/a
3.906	0.084	saccade	n/a	18.0	15.0	n/a	424.1	355.9	20.67	341.0
3.992	0.296	fixation	n/a	422.6	351.6	1518.0	n/a	n/a	n/a	n/a
4.29	0.064	saccade	n/a	426.2	354.2	n/a	156.9	86.9	15.07	483.0
4.356	0.144	fixation	n/a	157.7	91.4	1284.0	n/a	n/a	n/a	n/a
4.502	0.006	saccade	n/a	155.0	89.4	n/a	147.6	89.7	0.29	47.0
4.51	0.148	fixation	n/a	145.6	91.4	1184.0	n/a	n/a	n/a	n/a
4.66	0.014	saccade	n/a	145.1	93.3	n/a	121.0	90.6	0.94	74.0
4.676	0.158	fixation	n/a	114.8	94.3	1116.0	n/a	n/a	n/a	n/a
4.836	0.02	saccade	n/a	114.1	95.3	n/a	168.6	90.8	2.13	150.0
4.858	0.166	fixation	n/a	187.9	91.6	1063.0	n/a	n/a	n/a	n/a
5.026	0.01	saccade	n/a	185.8	90.3	n/a	168.2	90.2	0.69	75.0
5.038	0.168	fixation	n/a	164.3	91.2	1056.0	n/a	n/a	n/a	n/a
5.208	0.018	saccade	n/a	162.0	89.6	n/a	211.2	84.7	1.95	134.0
5.228	0.404	fixation	n/a	222.9	87.7	1084.0	n/a	n/a	n/a	n/a
5.634	0.02	saccade	n/a	225.7	90.1	n/a	278.8	90.3	2.12	147.0
5.656	0.326	fixation	n/a	287.0	91.0	1095.0	n/a	n/a	n/a	n/a
5.984	0.016	saccade	n/a	288.3	88.3	n/a	324.4	83.8	1.46	105.0
6.002	0.152	fixation	n/a	334.0	83.0	1141.0	n/a	n/a	n/a	n/a
6.156	0.112	saccade	n/a	333.9	82.6	n/a	354.8	103.1	1.19	1033.0
6.194	0.036	blink	n/a	n/a	n/a	n/a	n/a	n/a	n/a	n/a
6.27	0.42	fixation	n/a	346.2	81.7	1219.0	n/a	n/a	n/a	n/a
6.444	0.0	trigger_11	11	n/a	n/a	n/a	n/a	n/a	n/a	n/a
6.448	0.0	trigger_10	10	n/a	n/a	n/a	n/a	n/a	n/a	n/a
6.692	0.006	saccade	n/a	339.5	86.0	n/a	331.6	85.0	0.32	47.0
6.7	0.144	fixation	n/a	330.1	84.7	1172.0	n/a	n/a	n/a	n/a
6.846	0.02	saccade	n/a	330.2	85.5	n/a	390.0	85.6	2.41	172.0
6.868	0.524	fixation	n/a	395.9	85.7	1145.0	n/a	n/a	n/a	n/a
7.394	0.03	saccade	n/a	393.6	90.4	n/a	286.9	81.6	4.3	229.0
7.426	0.206	fixation	n/a	289.1	87.0	1175.0	n/a	n/a	n/a	n/a
7.634	0.006	saccade	n/a	287.8	88.6	n/a	279.9	89.0	0.32	50.0
7.642	0.132	fixation	n/a	277.8	86.3	1232.0	n/a	n/a	n/a	n/a
7.776	0.022	saccade	n/a	278.1	86.4	n/a	341.4	81.4	2.55	152.0
7.8	0.31	fixation	n/a	351.5	83.4	1220.0	n/a	n/a	n/a	n/a
8.112	0.02	saccade	n/a	348.1	83.4	n/a	395.9	81.7	1.92	131.0
8.134	0.186	fixation	n/a	398.2	82.5	1148.0	n/a	n/a	n/a	n/a
8.322	0.044	saccade	n/a	397.4	81.7	n/a	228.4	78.8	6.76	267.0
8.368	0.306	fixation	n/a	236.4	79.6	1191.0	n/a	n/a	n/a	n/a
8.676	0.026	saccade	n/a	236.7	79.2	n/a	146.7	76.0	3.55	184.0
8.704	0.138	fixation	n/a	129.3	79.7	1292.0	n/a	n/a	n/a	n/a
8.844	0.008	saccade	n/a	124.6	80.1	n/a	113.2	79.8	0.44	54.0
8.854	0.252	fixation	n/a	108.8	81.2	1325.0	n/a	n/a	n/a	n/a
9.108	0.024	saccade	n/a	106.3	80.8	n/a	181.6	79.6	2.94	158.0
9.134	0.488	fixation	n/a	193.2	79.3	1243.0	n/a	n/a	n/a	n/a
9.14	0.0	trigger_11	11	n/a	n/a	n/a	n/a	n/a	n/a	n/a
9.148	0.0	trigger_10	10	n/a	n/a	n/a	n/a	n/a	n/a	n/a
9.624	0.02	saccade	n/a	187.5	75.0	n/a	230.9	73.5	1.72	120.0
9.646	0.16	fixation	n/a	238.2	75.3	1306.0	n/a	n/a	n/a	n/a
9.808	0.028	saccade	n/a	235.7	72.2	n/a	318.5	71.7	3.31	150.0
9.838	0.414	fixation	n/a	317.6	75.5	1266.0	n/a	n/a	n/a	n/a
10.254	0.016	saccade	n/a	313.1	81.1	n/a	347.6	76.5	1.4	107.0
10.272	0.218	fixation	n/a	353.7	78.3	1122.0	n/a	n/a	n/a	n/a
10.492	0.02	saccade	n/a	354.8	80.3	n/a	404.9	77.2	2.02	125.0
10.514	0.352	fixation	n/a	409.7	80.7	1117.0	n/a	n/a	n/a	n/a
10.868	0.05	saccade	n/a	408.4	79.6	n/a	203.9	76.2	8.16	244.0
10.92	0.176	fixation	n/a	205.4	74.2	1184.0	n/a	n/a	n/a	n/a
11.098	0.018	saccade	n/a	203.0	71.8	n/a	164.4	75.6	1.53	116.0
11.118	0.294	fixation	n/a	158.9	74.9	1272.0	n/a	n/a	n/a	n/a
11.414	0.014	saccade	n/a	155.0	72.1	n/a	128.3	68.9	1.05	90.0
11.43	0.276	fixation	n/a	125.8	73.5	1267.0	n/a	n/a	n/a	n/a
11.708	0.022	saccade	n/a	125.4	77.0	n/a	193.3	71.7	2.67	164.0
11.732	0.166	fixation	n/a	213.6	74.2	1181.0	n/a	n/a	n/a	n/a
11.9	0.012	saccade	n/a	212.9	75.6	n/a	193.1	75.9	0.78	72.0
11.914	0.126	fixation	n/a	190.2	76.2	1127.0	n/a	n/a	n/a	n/a
12.042	0.032	saccade	n/a	189.6	75.6	n/a	300.4	76.4	4.41	210.0
12.076	0.38	fixation	n/a	303.1	77.0	1114.0	n/a	n/a	n/a	n/a
12.458	0.094	saccade	n/a	310.1	87.3	n/a	320.1	102.2	0.73	962.0
12.492	0.02	blink	n/a	n/a	n/a	n/a	n/a	n/a	n/a	n/a
12.554	0.16	fixation	n/a	321.2	84.1	1107.0	n/a	n/a	n/a	n/a
12.716	0.044	saccade	n/a	321.6	79.8	n/a	130.8	80.8	7.54	295.0
12.762	0.14	fixation	n/a	134.8	83.0	1082.0	n/a	n/a	n/a	n/a
12.904	0.044	saccade	n/a	133.4	83.2	n/a	369.9	93.6	9.38	324.0
12.95	0.176	fixation	n/a	370.5	90.8	1059.0	n/a	n/a	n/a	n/a
13.128	0.01	saccade	n/a	372.2	89.8	n/a	392.8	87.3	0.84	87.0
13.14	0.2	fixation	n/a	395.0	87.7	1104.0	n/a	n/a	n/a	n/a
13.342	0.016	saccade	n/a	397.2	88.4	n/a	425.3	85.9	1.14	90.0
13.36	0.154	fixation	n/a	438.1	87.7	1048.0	n/a	n/a	n/a	n/a
13.516	0.028	saccade	n/a	436.8	88.9	n/a	506.4	90.0	2.8	146.0
13.546	0.32	fixation	n/a	502.8	89.8	989.0	n/a	n/a	n/a	n/a
13.868	0.026	saccade	n/a	502.5	93.1	n/a	598.7	90.6	3.83	219.0
13.896	0.348	fixation	n/a	605.8	93.3	989.0	n/a	n/a	n/a	n/a
14.246	0.064	saccade	n/a	606.0	93.8	n/a	199.1	141.5	16.2	351.0
14.312	0.162	fixation	n/a	200.3	141.3	1079.0	n/a	n/a	n/a	n/a
14.476	0.018	saccade	n/a	195.7	138.4	n/a	144.4	151.0	2.08	147.0
14.496	0.37	fixation	n/a	128.2	154.9	1140.0	n/a	n/a	n/a	n/a
14.868	0.018	saccade	n/a	120.7	157.9	n/a	171.7	150.8	2.01	143.0
14.888	0.206	fixation	n/a	183.4	148.6	1115.0	n/a	n/a	n/a	n/a
15.096	0.008	saccade	n/a	186.0	148.5	n/a	199.3	148.2	0.52	64.0
15.106	0.316	fixation	n/a	205.6	148.3	1082.0	n/a	n/a	n/a	n/a
15.424	0.026	saccade	n/a	204.2	146.8	n/a	275.7	146.4	2.84	158.0
15.452	0.472	fixation	n/a	284.4	144.1	1068.0	n/a	n/a	n/a	n/a
15.926	0.026	saccade	n/a	289.5	145.6	n/a	337.0	143.9	1.91	120.0
15.954	0.198	fixation	n/a	350.6	142.0	1039.0	n/a	n/a	n/a	n/a
16.154	0.016	saccade	n/a	350.3	140.6	n/a	380.0	141.9	1.2	101.0
16.172	0.464	fixation	n/a	384.3	142.9	1027.0	n/a	n/a	n/a	n/a
16.638	0.022	saccade	n/a	383.3	148.8	n/a	424.8	144.5	1.68	98.0
16.662	0.284	fixation	n/a	433.1	146.5	985.0	n/a	n/a	n/a	n/a
16.948	0.014	saccade	n/a	429.7	147.2	n/a	402.3	146.7	1.11	94.0
16.964	0.166	fixation	n/a	393.9	147.7	1002.0	n/a	n/a	n/a	n/a
17.132	0.024	saccade	n/a	393.4	148.2	n/a	457.5	147.2	2.58	138.0
17.158	0.272	fixation	n/a	467.0	146.8	1019.0	n/a	n/a	n/a	n/a
17.432	0.028	saccade	n/a	466.6	147.3	n/a	548.4	146.9	3.27	155.0
17.462	0.228	fixation	n/a	556.8	145.4	1002.0	n/a	n/a	n/a	n/a
17.692	0.018	saccade	n/a	555.7	144.1	n/a	597.9	144.9	1.67	137.0
17.712	0.298	fixation	n/a	605.6	145.9	995.0	n/a	n/a	n/a	n/a
18.012	0.064	saccade	n/a	606.5	144.1	n/a	158.9	207.6	17.74	419.0
18.078	0.134	fixation	n/a	162.6	205.5	1039.0	n/a	n/a	n/a	n/a
18.214	0.014	saccade	n/a	163.0	205.7	n/a	136.6	207.3	1.03	84.0
18.23	0.154	fixation	n/a	134.9	208.3	1068.0	n/a	n/a	n/a	n/a
18.386	0.018	saccade	n/a	134.8	207.5	n/a	169.0	202.6	1.35	116.0
18.406	0.294	fixation	n/a	181.3	202.7	1046.0	n/a	n/a	n/a	n/a
18.702	0.012	saccade	n/a	178.6	202.9	n/a	162.1	204.0	0.65	65.0
18.716	0.212	fixation	n/a	157.7	206.4	1033.0	n/a	n/a	n/a	n/a
18.93	0.014	saccade	n/a	160.5	207.5	n/a	186.7	206.1	1.03	99.0
18.946	0.46	fixation	n/a	189.6	206.0	1040.0	n/a	n/a	n/a	n/a
19.408	0.016	saccade	n/a	186.3	205.0	n/a	159.1	203.7	1.07	75.0
19.426	0.146	fixation	n/a	155.6	203.2	1092.0	n/a	n/a	n/a	n/a
19.574	0.01	saccade	n/a	152.8	202.0	n/a	138.3	204.4	0.57	58.0
19.586	0.138	fixation	n/a	135.7	207.1	1110.0	n/a	n/a	n/a	n/a
19.726	0.026	saccade	n/a	134.9	207.4	n/a	189.2	146.2	3.25	214.0
19.754	0.198	fixation	n/a	207.0	139.7	1116.0	n/a	n/a	n/a	n/a
19.954	0.038	saccade	n/a	205.7	138.6	n/a	377.3	127.3	6.87	269.0
19.994	0.152	fixation	n/a	370.7	128.8	1115.0	n/a	n/a	n/a	n/a
20.148	0.042	saccade	n/a	371.9	130.6	n/a	568.2	80.6	8.11	293.0
20.192	0.22	fixation	n/a	569.9	80.3	1066.0	n/a	n/a	n/a	n/a
20.414	0.014	saccade	n/a	571.8	82.3	n/a	602.1	85.0	1.2	98.0
20.43	0.112	fixation	n/a	601.6	87.2	1011.0	n/a	n/a	n/a	n/a
20.544	0.062	saccade	n/a	602.9	88.8	n/a	154.4	162.7	17.87	477.0
20.608	0.16	fixation	n/a	160.9	163.3	977.0	n/a	n/a	n/a	n/a
20.77	0.01	saccade	n/a	157.6	164.5	n/a	139.4	162.0	0.72	77.0
20.782	0.156	fixation	n/a	137.8	162.8	982.0	n/a	n/a	n/a	n/a
20.94	0.022	saccade	n/a	137.4	162.1	n/a	201.6	157.1	2.53	163.0
20.964	0.202	fixation	n/a	211.0	156.2	1000.0	n/a	n/a	n/a	n/a
21.168	0.014	saccade	n/a	208.9	154.6	n/a	245.9	150.2	1.48	122.0
21.184	0.28	fixation	n/a	256.9	148.9	1004.0	n/a	n/a	n/a	n/a
21.466	0.016	saccade	n/a	259.0	150.8	n/a	292.3	154.6	1.34	104.0
21.484	0.25	fixation	n/a	299.9	154.9	975.0	n/a	n/a	n/a	n/a
21.736	0.016	saccade	n/a	301.7	157.8	n/a	302.2	190.9	1.35	113.0
21.754	0.158	fixation	n/a	301.3	195.3	929.0	n/a	n/a	n/a	n/a
21.914	0.028	saccade	n/a	301.3	194.2	n/a	215.4	206.2	3.45	193.0
21.944	0.028	fixation	n/a	222.2	202.0	931.0	n/a	n/a	n/a	n/a
21.974	0.046	saccade	n/a	221.8	202.0	n/a	416.8	156.0	8.0	284.0
22.022	0.328	fixation	n/a	416.6	153.5	934.0	n/a	n/a	n/a	n/a
22.352	0.02	saccade	n/a	416.7	154.8	n/a	472.2	148.9	2.25	156.0
22.374	0.2	fixation	n/a	487.5	150.4	923.0	n/a	n/a	n/a	n/a
22.576	0.032	saccade	n/a	486.9	150.7	n/a	585.5	151.5	3.93	177.0
22.61	0.258	fixation	n/a	584.7	148.5	927.0	n/a	n/a	n/a	n/a
22.87	0.022	saccade	n/a	583.3	149.2	n/a	515.7	148.4	2.69	179.0
22.894	0.284	fixation	n/a	495.9	149.3	948.0	n/a	n/a	n/a	n/a
23.18	0.034	saccade	n/a	494.2	148.1	n/a	609.3	148.4	4.58	204.0
23.216	0.35	fixation	n/a	604.2	146.7	1040.0	n/a	n/a	n/a	n/a
23.568	0.066	saccade	n/a	600.7	149.5	n/a	120.2	218.5	19.01	449.0
23.636	0.45	fixation	n/a	127.7	217.4	1172.0	n/a	n/a	n/a	n/a
24.088	0.014	saccade	n/a	130.9	214.3	n/a	157.9	207.1	1.09	98.0
24.104	0.194	fixation	n/a	164.2	202.3	1145.0	n/a	n/a	n/a	n/a
24.3	0.012	saccade	n/a	165.7	200.7	n/a	188.0	201.9	0.88	79.0
24.314	0.156	fixation	n/a	187.7	202.2	1109.0	n/a	n/a	n/a	n/a
24.472	0.022	saccade	n/a	186.7	201.7	n/a	253.1	198.2	2.63	170.0
24.496	0.204	fixation	n/a	270.9	199.4	1083.0	n/a	n/a	n/a	n/a
24.702	0.02	saccade	n/a	268.1	201.2	n/a	214.3	203.3	2.14	143.0
24.724	0.124	fixation	n/a	203.0	208.9	1082.0	n/a	n/a	n/a	n/a
24.85	0.012	saccade	n/a	201.7	210.1	n/a	184.0	209.7	0.7	66.0
24.864	0.226	fixation	n/a	177.3	207.2	1103.0	n/a	n/a	n/a	n/a
25.092	0.028	saccade	n/a	177.6	206.2	n/a	262.2	198.8	3.36	177.0
25.122	0.282	fixation	n/a	259.9	196.5	1126.0	n/a	n/a	n/a	n/a
25.406	0.024	saccade	n/a	257.0	195.7	n/a	336.7	191.8	3.19	202.0
25.432	0.176	fixation	n/a	340.9	193.0	1140.0	n/a	n/a	n/a	n/a
25.61	0.062	saccade	n/a	343.2	199.0	n/a	408.0	233.2	2.95	374.0
25.674	0.244	fixation	n/a	404.4	209.1	1103.0	n/a	n/a	n/a	n/a
25.92	0.026	saccade	n/a	403.9	209.4	n/a	472.0	206.9	2.74	140.0
25.948	0.336	fixation	n/a	472.0	206.7	962.0	n/a	n/a	n/a	n/a
26.286	0.02	saccade	n/a	467.0	207.9	n/a	528.0	206.7	2.44	157.0
26.308	0.366	fixation	n/a	543.5	206.4	965.0	n/a	n/a	n/a	n/a
26.676	0.014	saccade	n/a	539.3	203.7	n/a	513.7	198.5	1.04	87.0
26.692	0.144	fixation	n/a	509.9	199.2	1025.0	n/a	n/a	n/a	n/a
26.838	0.018	saccade	n/a	510.6	196.3	n/a	542.3	197.9	1.27	85.0
26.858	0.268	fixation	n/a	547.7	196.6	1068.0	n/a	n/a	n/a	n/a
27.128	0.016	saccade	n/a	546.3	196.7	n/a	579.9	195.0	1.34	99.0
27.146	0.276	fixation	n/a	588.1	193.7	1073.0	n/a	n/a	n/a	n/a
27.424	0.064	saccade	n/a	587.4	195.6	n/a	142.3	258.2	17.6	407.0
27.49	0.45	fixation	n/a	144.8	259.5	1072.0	n/a	n/a	n/a	n/a
27.942	0.016	saccade	n/a	142.8	262.6	n/a	168.8	259.3	1.02	69.0
27.96	0.238	fixation	n/a	179.9	263.0	1015.0	n/a	n/a	n/a	n/a
28.2	0.064	saccade	n/a	181.0	264.5	n/a	584.7	205.1	16.04	390.0
28.266	0.222	fixation	n/a	580.6	200.0	985.0	n/a	n/a	n/a	n/a
28.49	0.018	saccade	n/a	578.5	199.9	n/a	537.0	192.2	1.68	138.0
28.51	0.356	fixation	n/a	535.3	193.7	986.0	n/a	n/a	n/a	n/a
28.868	0.02	saccade	n/a	535.0	193.2	n/a	585.6	194.8	2.01	125.0
28.89	0.252	fixation	n/a	592.3	198.4	990.0	n/a	n/a	n/a	n/a
29.144	0.064	saccade	n/a	592.5	200.2	n/a	182.0	273.4	16.39	391.0
29.21	0.156	fixation	n/a	186.6	274.9	999.0	n/a	n/a	n/a	n/a
29.368	0.026	saccade	n/a	184.2	273.5	n/a	274.0	267.2	3.54	199.0
29.396	0.166	fixation	n/a	278.4	265.3	985.0	n/a	n/a	n/a	n/a
29.564	0.01	saccade	n/a	277.0	267.8	n/a	262.0	267.4	0.6	63.0
29.576	0.116	fixation	n/a	262.4	270.4	957.0	n/a	n/a	n/a	n/a
29.694	0.024	saccade	n/a	263.5	272.8	n/a	335.7	269.0	2.88	177.0
29.72	0.25	fixation	n/a	357.7	267.7	929.0	n/a	n/a	n/a	n/a
29.972	0.036	saccade	n/a	357.8	268.4	n/a	444.4	267.8	3.46	137.0
30.01	0.192	fixation	n/a	451.1	267.4	884.0	n/a	n/a	n/a	n/a
30.204	0.012	saccade	n/a	455.5	267.2	n/a	475.8	268.8	0.81	76.0
30.218	0.166	fixation	n/a	484.3	270.1	854.0	n/a	n/a	n/a	n/a
30.386	0.024	saccade	n/a	483.7	269.2	n/a	542.8	268.4	2.35	129.0
30.412	0.326	fixation	n/a	552.3	269.6	869.0	n/a	n/a	n/a	n/a
30.74	0.022	saccade	n/a	549.6	269.2	n/a	610.7	269.8	2.41	152.0
30.764	0.576	fixation	n/a	617.2	270.5	899.0	n/a	n/a	n/a	n/a
31.342	0.076	saccade	n/a	616.8	271.0	n/a	255.0	343.9	14.48	282.0
31.42	0.114	fixation	n/a	261.0	343.7	948.0	n/a	n/a	n/a	n/a
31.536	0.028	saccade	n/a	259.9	343.7	n/a	154.1	336.4	4.13	199.0
31.566	0.162	fixation	n/a	144.6	337.0	982.0	n/a	n/a	n/a	n/a
31.73	0.014	saccade	n/a	148.7	335.5	n/a	168.1	331.3	0.77	60.0
31.746	0.126	fixation	n/a	174.5	330.9	960.0	n/a	n/a	n/a	n/a
31.874	0.014	saccade	n/a	179.2	332.5	n/a	206.7	331.1	1.07	84.0
31.89	0.232	fixation	n/a	218.5	328.9	923.0	n/a	n/a	n/a	n/a
32.124	0.014	saccade	n/a	221.4	329.8	n/a	242.3	327.5	0.83	75.0
32.14	0.22	fixation	n/a	256.9	326.9	904.0	n/a	n/a	n/a	n/a
32.362	0.026	saccade	n/a	258.0	328.3	n/a	343.2	323.9	3.38	182.0
32.39	0.294	fixation	n/a	364.8	322.5	925.0	n/a	n/a	n/a	n/a
32.686	0.018	saccade	n/a	365.7	322.4	n/a	413.3	318.3	1.9	137.0
32.706	0.368	fixation	n/a	428.8	319.4	923.0	n/a	n/a	n/a	n/a
33.076	0.022	saccade	n/a	429.2	321.6	n/a	491.4	323.6	2.47	178.0
33.1	0.24	fixation	n/a	501.1	326.6	874.0	n/a	n/a	n/a	n/a
33.342	0.012	saccade	n/a	503.8	328.5	n/a	526.1	330.0	0.88	83.0
33.356	0.262	fixation	n/a	534.4	329.8	853.0	n/a	n/a	n/a	n/a
33.62	0.022	saccade	n/a	533.1	326.4	n/a	602.3	328.5	2.72	152.0
33.644	0.372	fixation	n/a	616.2	332.0	839.0	n/a	n/a	n/a	n/a
33.726	0.0	trigger_11	11	n/a	n/a	n/a	n/a	n/a	n/a	n/a
33.734	0.0	trigger_10	10	n/a	n/a	n/a	n/a	n/a	n/a	n/a
34.018	0.06	saccade	n/a	613.8	332.4	n/a	154.7	381.5	17.86	462.0
34.08	0.158	fixation	n/a	155.6	382.9	878.0	n/a	n/a	n/a	n/a
34.24	0.008	saccade	n/a	150.5	385.8	n/a	137.6	389.0	0.51	62.0
34.25	0.104	fixation	n/a	133.3	391.7	886.0	n/a	n/a	n/a	n/a
34.356	0.064	saccade	n/a	133.9	392.6	n/a	620.4	337.7	18.87	427.0
34.422	0.292	fixation	n/a	615.1	334.3	855.0	n/a	n/a	n/a	n/a
34.716	0.032	saccade	n/a	614.0	335.3	n/a	511.3	320.9	4.07	220.0
34.75	0.196	fixation	n/a	515.3	322.8	867.0	n/a	n/a	n/a	n/a
34.948	0.054	saccade	n/a	517.2	320.7	n/a	159.9	371.1	14.1	447.0
35.004	0.16	fixation	n/a	165.5	370.1	943.0	n/a	n/a	n/a	n/a
35.166	0.012	saccade	n/a	163.6	369.0	n/a	144.2	386.9	1.02	95.0
35.18	0.174	fixation	n/a	142.4	390.8	949.0	n/a	n/a	n/a	n/a
35.356	0.056	saccade	n/a	142.4	392.5	n/a	159.2	81.3	12.32	379.0
35.414	0.662	fixation	n/a	151.7	86.7	953.0	n/a	n/a	n/a	n/a
36.078	0.018	saccade	n/a	143.9	81.6	n/a	173.4	78.2	1.16	79.0
36.098	0.232	fixation	n/a	179.0	77.0	1081.0	n/a	n/a	n/a	n/a
36.332	0.014	saccade	n/a	175.6	75.9	n/a	149.8	74.8	1.01	81.0
36.348	0.116	fixation	n/a	149.2	78.8	1095.0	n/a	n/a	n/a	n/a
36.466	0.022	saccade	n/a	152.3	80.7	n/a	217.7	76.5	2.58	178.0
36.49	0.282	fixation	n/a	233.9	78.5	1081.0	n/a	n/a	n/a	n/a
36.774	0.014	saccade	n/a	237.4	79.2	n/a	271.2	80.1	1.35	117.0
36.79	0.232	fixation	n/a	274.9	82.7	1116.0	n/a	n/a	n/a	n/a
37.024	0.018	saccade	n/a	273.8	83.8	n/a	320.3	84.0	1.86	144.0
37.044	0.416	fixation	n/a	329.5	85.2	1108.0	n/a	n/a	n/a	n/a
37.462	0.022	saccade	n/a	329.4	87.1	n/a	378.6	87.1	1.98	113.0
37.486	0.542	fixation	n/a	391.3	87.3	1024.0	n/a	n/a	n/a	n/a
38.03	0.012	saccade	n/a	390.2	83.4	n/a	411.6	82.1	0.86	81.0
38.044	0.218	fixation	n/a	416.9	83.8	1045.0	n/a	n/a	n/a	n/a
38.264	0.01	saccade	n/a	415.8	84.6	n/a	396.0	83.3	0.8	86.0
38.276	0.306	fixation	n/a	390.2	85.3	1030.0	n/a	n/a	n/a	n/a
38.584	0.01	saccade	n/a	391.7	82.8	n/a	408.9	79.9	0.7	74.0
38.596	0.37	fixation	n/a	412.0	81.4	1006.0	n/a	n/a	n/a	n/a
38.968	0.016	saccade	n/a	411.8	84.9	n/a	446.2	85.5	1.39	101.0
38.986	0.436	fixation	n/a	451.1	88.1	994.0	n/a	n/a	n/a	n/a
39.424	0.01	saccade	n/a	452.0	88.2	n/a	464.7	87.1	0.51	56.0
39.436	0.202	fixation	n/a	466.8	87.2	997.0	n/a	n/a	n/a	n/a
39.64	0.02	saccade	n/a	469.8	86.8	n/a	516.5	87.4	1.87	120.0
39.662	0.316	fixation	n/a	534.9	87.3	918.0	n/a	n/a	n/a	n/a
39.98	0.012	saccade	n/a	538.1	89.7	n/a	559.0	90.9	0.83	76.0
39.994	0.276	fixation	n/a	562.5	92.3	845.0	n/a	n/a	n/a	n/a
40.272	0.02	saccade	n/a	562.7	92.9	n/a	608.4	89.2	1.82	125.0
40.294	0.574	fixation	n/a	606.2	89.3	910.0	n/a	n/a	n/a	n/a
40.87	0.01	saccade	n/a	601.9	85.6	n/a	616.3	86.5	0.57	57.0
40.882	0.544	fixation	n/a	614.7	86.1	1001.0	n/a	n/a	n/a	n/a
41.428	0.066	saccade	n/a	617.0	84.3	n/a	235.0	151.7	15.34	331.0
41.496	0.124	fixation	n/a	241.2	153.0	1117.0	n/a	n/a	n/a	n/a
41.622	0.028	saccade	n/a	241.4	153.3	n/a	150.6	153.1	3.58	187.0
41.652	0.212	fixation	n/a	147.8	157.0	1110.0	n/a	n/a	n/a	n/a
41.866	0.03	saccade	n/a	144.3	160.3	n/a	235.2	149.9	3.6	174.0
41.898	0.17	fixation	n/a	249.5	147.4	1039.0	n/a	n/a	n/a	n/a
42.07	0.016	saccade	n/a	249.4	148.5	n/a	284.1	145.6	1.39	113.0
42.088	0.286	fixation	n/a	289.8	147.6	1029.0	n/a	n/a	n/a	n/a
42.376	0.018	saccade	n/a	288.2	145.9	n/a	320.1	146.3	1.28	96.0
42.396	0.154	fixation	n/a	341.1	146.3	1029.0	n/a	n/a	n/a	n/a
42.552	0.022	saccade	n/a	342.3	146.1	n/a	399.6	144.5	2.31	144.0
42.576	0.144	fixation	n/a	407.7	144.0	994.0	n/a	n/a	n/a	n/a
42.722	0.01	saccade	n/a	407.9	145.4	n/a	393.1	143.4	0.6	63.0
42.734	0.134	fixation	n/a	392.1	145.0	964.0	n/a	n/a	n/a	n/a
42.87	0.022	saccade	n/a	392.4	146.2	n/a	446.8	144.4	2.19	135.0
42.894	0.602	fixation	n/a	452.9	143.4	934.0	n/a	n/a	n/a	n/a
43.498	0.024	saccade	n/a	448.4	143.7	n/a	516.6	144.4	2.73	158.0
43.524	0.244	fixation	n/a	524.9	146.4	925.0	n/a	n/a	n/a	n/a
43.77	0.022	saccade	n/a	524.0	149.5	n/a	579.2	149.2	2.2	154.0
43.794	0.258	fixation	n/a	591.6	149.9	904.0	n/a	n/a	n/a	n/a
44.054	0.062	saccade	n/a	589.4	151.3	n/a	138.7	216.1	17.87	437.0
44.118	0.306	fixation	n/a	145.2	219.6	972.0	n/a	n/a	n/a	n/a
44.426	0.018	saccade	n/a	145.6	221.6	n/a	186.4	217.9	1.6	107.0
44.446	0.25	fixation	n/a	204.6	216.3	932.0	n/a	n/a	n/a	n/a
44.698	0.012	saccade	n/a	211.4	215.0	n/a	227.5	213.9	0.64	60.0
44.712	0.14	fixation	n/a	234.8	212.8	931.0	n/a	n/a	n/a	n/a
44.854	0.02	saccade	n/a	234.6	212.4	n/a	281.2	210.8	1.85	110.0
44.876	0.414	fixation	n/a	290.2	209.1	926.0	n/a	n/a	n/a	n/a
45.292	0.022	saccade	n/a	286.9	208.1	n/a	343.1	204.4	2.26	146.0
45.316	0.25	fixation	n/a	350.2	204.9	928.0	n/a	n/a	n/a	n/a
45.568	0.014	saccade	n/a	350.1	206.4	n/a	381.9	204.5	1.28	113.0
45.584	0.412	fixation	n/a	389.6	202.3	946.0	n/a	n/a	n/a	n/a
45.998	0.01	saccade	n/a	390.5	205.7	n/a	407.6	207.7	0.69	69.0
46.01	0.214	fixation	n/a	411.9	205.9	943.0	n/a	n/a	n/a	n/a
46.226	0.024	saccade	n/a	412.8	206.4	n/a	481.9	206.2	2.77	157.0
46.252	0.344	fixation	n/a	496.7	205.0	928.0	n/a	n/a	n/a	n/a
46.598	0.022	saccade	n/a	495.9	204.8	n/a	552.3	208.2	2.25	122.0
46.622	0.184	fixation	n/a	575.1	210.1	914.0	n/a	n/a	n/a	n/a
46.808	0.01	saccade	n/a	576.6	211.0	n/a	597.0	208.9	0.81	87.0
46.82	0.738	fixation	n/a	607.8	212.5	875.0	n/a	n/a	n/a	n/a
47.56	0.068	saccade	n/a	612.1	213.2	n/a	161.5	281.8	17.85	381.0
47.63	0.14	fixation	n/a	164.5	276.9	902.0	n/a	n/a	n/a	n/a
47.772	0.008	saccade	n/a	164.0	275.5	n/a	150.9	272.6	0.52	61.0
47.782	0.13	fixation	n/a	148.7	274.0	904.0	n/a	n/a	n/a	n/a
47.914	0.018	saccade	n/a	151.2	274.3	n/a	178.4	269.7	1.08	73.0
47.934	0.19	fixation	n/a	187.4	271.0	854.0	n/a	n/a	n/a	n/a
48.126	0.018	saccade	n/a	188.4	274.0	n/a	239.2	268.6	2.01	149.0
48.146	0.148	fixation	n/a	251.6	268.6	816.0	n/a	n/a	n/a	n/a
48.296	0.272	saccade	n/a	258.3	279.9	n/a	342.5	284.1	3.35	620.0
48.334	0.198	blink	n/a	n/a	n/a	n/a	n/a	n/a	n/a	n/a
48.57	0.226	fixation	n/a	340.2	276.6	754.0	n/a	n/a	n/a	n/a
48.798	0.038	saccade	n/a	343.0	275.0	n/a	441.8	272.0	3.95	130.0
48.838	0.362	fixation	n/a	440.7	273.5	787.0	n/a	n/a	n/a	n/a
49.202	0.016	saccade	n/a	438.7	271.7	n/a	409.2	274.6	1.19	85.0
49.22	0.202	fixation	n/a	401.7	275.0	791.0	n/a	n/a	n/a	n/a
49.424	0.022	saccade	n/a	399.3	276.6	n/a	472.0	274.8	2.9	194.0
49.448	0.364	fixation	n/a	485.4	271.7	797.0	n/a	n/a	n/a	n/a
49.814	0.02	saccade	n/a	486.9	270.1	n/a	533.5	269.5	1.85	126.0
49.836	0.238	fixation	n/a	546.0	271.9	813.0	n/a	n/a	n/a	n/a
50.076	0.014	saccade	n/a	546.5	271.0	n/a	573.3	274.7	1.07	95.0
50.092	0.19	fixation	n/a	575.8	272.5	845.0	n/a	n/a	n/a	n/a
50.284	0.064	saccade	n/a	574.0	274.3	n/a	208.2	338.7	14.57	362.0
50.35	0.128	fixation	n/a	212.3	339.2	913.0	n/a	n/a	n/a	n/a
50.48	0.022	saccade	n/a	211.4	339.7	n/a	149.4	341.7	2.41	145.0
50.504	0.254	fixation	n/a	136.8	340.9	923.0	n/a	n/a	n/a	n/a
50.76	0.022	saccade	n/a	138.2	338.9	n/a	187.5	335.5	1.91	119.0
50.784	0.176	fixation	n/a	208.7	335.1	869.0	n/a	n/a	n/a	n/a
50.962	0.01	saccade	n/a	212.7	336.3	n/a	235.0	335.8	0.87	92.0
50.974	0.248	fixation	n/a	241.8	333.3	852.0	n/a	n/a	n/a	n/a
51.224	0.014	saccade	n/a	241.9	332.2	n/a	218.1	332.2	0.94	78.0
51.24	0.174	fixation	n/a	215.4	333.6	852.0	n/a	n/a	n/a	n/a
51.416	0.012	saccade	n/a	216.1	332.0	n/a	239.2	332.5	0.91	85.0
51.43	0.276	fixation	n/a	242.5	332.0	864.0	n/a	n/a	n/a	n/a
51.708	0.014	saccade	n/a	242.3	332.6	n/a	260.8	331.2	0.73	60.0
51.724	0.322	fixation	n/a	267.3	331.6	817.0	n/a	n/a	n/a	n/a
52.048	0.016	saccade	n/a	265.0	331.5	n/a	298.0	331.2	1.3	88.0
52.066	0.204	fixation	n/a	306.4	331.2	821.0	n/a	n/a	n/a	n/a
52.272	0.012	saccade	n/a	307.8	332.2	n/a	326.5	331.7	0.74	65.0
52.286	0.954	fixation	n/a	328.2	332.7	812.0	n/a	n/a	n/a	n/a
53.242	0.008	saccade	n/a	322.2	334.7	n/a	334.3	333.8	0.48	57.0
53.252	0.318	fixation	n/a	336.6	334.1	845.0	n/a	n/a	n/a	n/a
53.572	0.018	saccade	n/a	337.8	331.8	n/a	377.8	332.6	1.59	108.0
53.592	0.286	fixation	n/a	385.8	325.8	830.0	n/a	n/a	n/a	n/a
53.88	0.01	saccade	n/a	384.1	323.6	n/a	402.5	322.4	0.73	76.0
53.892	0.384	fixation	n/a	408.6	324.0	841.0	n/a	n/a	n/a	n/a
54.278	0.01	saccade	n/a	412.3	327.0	n/a	424.8	326.3	0.5	50.0
54.29	0.452	fixation	n/a	428.2	328.3	816.0	n/a	n/a	n/a	n/a
54.744	0.024	saccade	n/a	425.3	328.6	n/a	496.7	332.0	2.84	158.0
54.77	0.488	fixation	n/a	502.4	333.0	775.0	n/a	n/a	n/a	n/a
55.26	0.008	saccade	n/a	498.1	335.3	n/a	508.2	336.7	0.4	48.0
55.27	0.404	fixation	n/a	510.0	334.7	778.0	n/a	n/a	n/a	n/a
55.676	0.022	saccade	n/a	508.1	333.3	n/a	558.0	334.9	1.97	111.0
55.7	0.252	fixation	n/a	568.7	334.9	760.0	n/a	n/a	n/a	n/a
55.954	0.058	saccade	n/a	568.9	333.5	n/a	164.0	399.3	15.93	439.0
56.014	0.146	fixation	n/a	168.1	399.6	779.0	n/a	n/a	n/a	n/a
56.162	0.01	saccade	n/a	162.8	398.0	n/a	145.8	398.6	0.65	68.0
56.174	0.246	fixation	n/a	142.6	400.4	787.0	n/a	n/a	n/a	n/a
56.422	0.016	saccade	n/a	144.7	405.2	n/a	178.5	401.5	1.31	104.0
56.44	0.26	fixation	n/a	189.0	400.8	773.0	n/a	n/a	n/a	n/a
56.702	0.05	saccade	n/a	188.6	398.9	n/a	244.0	201.4	8.12	271.0
56.754	0.044	fixation	n/a	247.8	201.6	802.0	n/a	n/a	n/a	n/a
56.8	0.02	saccade	n/a	251.8	200.0	n/a	250.5	162.3	1.53	86.0
56.822	0.154	fixation	n/a	250.6	143.4	823.0	n/a	n/a	n/a	n/a
56.978	0.018	saccade	n/a	249.1	139.6	n/a	214.5	109.5	1.84	135.0
56.998	0.228	fixation	n/a	202.6	101.6	810.0	n/a	n/a	n/a	n/a
57.228	0.02	saccade	n/a	202.4	100.2	n/a	161.4	91.9	1.65	108.0
57.25	0.254	fixation	n/a	154.6	92.8	816.0	n/a	n/a	n/a	n/a
57.506	0.022	saccade	n/a	154.0	92.8	n/a	215.8	94.5	2.43	144.0
57.53	0.236	fixation	n/a	235.4	100.3	830.0	n/a	n/a	n/a	n/a
57.768	0.016	saccade	n/a	237.1	101.3	n/a	212.0	93.8	1.04	88.0
57.786	0.214	fixation	n/a	206.5	94.0	832.0	n/a	n/a	n/a	n/a
58.002	0.024	saccade	n/a	204.7	93.5	n/a	273.1	94.3	2.72	155.0
58.028	0.292	fixation	n/a	288.8	96.3	790.0	n/a	n/a	n/a	n/a
58.322	0.018	saccade	n/a	287.3	97.4	n/a	253.3	90.6	1.39	95.0
58.342	0.218	fixation	n/a	247.2	94.6	813.0	n/a	n/a	n/a	n/a
58.562	0.016	saccade	n/a	248.7	93.1	n/a	276.1	93.3	1.09	84.0
58.58	0.214	fixation	n/a	280.5	91.7	895.0	n/a	n/a	n/a	n/a
58.796	0.034	saccade	n/a	279.1	87.7	n/a	174.9	131.5	4.5	233.0
58.832	0.172	fixation	n/a	173.9	135.4	989.0	n/a	n/a	n/a	n/a
59.006	0.01	saccade	n/a	171.9	134.9	n/a	162.2	142.9	0.5	51.0
59.018	0.128	fixation	n/a	161.4	145.2	1039.0	n/a	n/a	n/a	n/a
59.148	0.03	saccade	n/a	160.2	145.6	n/a	260.0	145.1	3.94	192.0
59.18	0.23	fixation	n/a	278.6	146.9	1041.0	n/a	n/a	n/a	n/a
59.412	0.014	saccade	n/a	279.2	146.3	n/a	308.3	147.5	1.17	99.0
59.428	0.356	fixation	n/a	322.9	152.7	1003.0	n/a	n/a	n/a	n/a
59.786	0.02	saccade	n/a	322.4	159.5	n/a	381.7	154.1	2.4	152.0
59.808	0.466	fixation	n/a	393.6	155.5	886.0	n/a	n/a	n/a	n/a
60.276	0.022	saccade	n/a	395.0	157.3	n/a	447.5	153.8	2.12	126.0
60.3	0.548	fixation	n/a	453.6	151.7	930.0	n/a	n/a	n/a	n/a
60.85	0.022	saccade	n/a	451.9	147.3	n/a	497.4	144.5	1.83	94.0
60.874	0.182	fixation	n/a	510.5	143.2	956.0	n/a	n/a	n/a	n/a
61.058	0.018	saccade	n/a	508.5	144.5	n/a	467.7	144.2	1.64	112.0
61.078	0.156	fixation	n/a	457.7	146.3	958.0	n/a	n/a	n/a	n/a
61.236	0.024	saccade	n/a	456.8	146.3	n/a	382.7	144.4	2.98	177.0
61.262	0.198	fixation	n/a	367.0	148.6	1004.0	n/a	n/a	n/a	n/a
61.462	0.03	saccade	n/a	367.1	150.0	n/a	460.0	143.4	3.75	166.0
61.494	0.228	fixation	n/a	472.4	143.6	1053.0	n/a	n/a	n/a	n/a
61.724	0.048	saccade	n/a	469.7	149.1	n/a	316.2	156.9	6.17	185.0
61.774	0.178	fixation	n/a	319.7	157.2	1083.0	n/a	n/a	n/a	n/a
61.954	0.054	saccade	n/a	319.2	155.9	n/a	608.8	152.9	11.52	332.0
62.01	0.228	fixation	n/a	603.0	153.6	955.0	n/a	n/a	n/a	n/a
62.24	0.06	saccade	n/a	602.0	154.8	n/a	167.1	217.1	17.31	442.0
62.302	0.18	fixation	n/a	170.3	216.2	960.0	n/a	n/a	n/a	n/a
62.484	0.008	saccade	n/a	167.0	217.8	n/a	154.9	218.2	0.47	62.0
62.494	0.114	fixation	n/a	152.7	216.0	979.0	n/a	n/a	n/a	n/a
62.61	0.04	saccade	n/a	152.3	214.1	n/a	262.2	157.5	4.9	216.0
62.652	0.256	fixation	n/a	268.0	152.4	1016.0	n/a	n/a	n/a	n/a
62.91	0.03	saccade	n/a	268.2	150.1	n/a	373.8	143.5	4.25	202.0
62.942	0.15	fixation	n/a	375.8	140.0	1041.0	n/a	n/a	n/a	n/a
63.094	0.022	saccade	n/a	374.4	136.0	n/a	434.7	136.9	2.43	153.0
63.118	0.26	fixation	n/a	444.7	134.5	1096.0	n/a	n/a	n/a	n/a
63.38	0.044	saccade	n/a	444.7	136.2	n/a	232.6	163.6	8.56	341.0
63.426	0.23	fixation	n/a	236.5	167.6	1111.0	n/a	n/a	n/a	n/a
63.658	0.018	saccade	n/a	236.8	169.5	n/a	222.4	204.2	1.51	131.0
63.678	0.192	fixation	n/a	223.3	203.5	1088.0	n/a	n/a	n/a	n/a
63.872	0.054	saccade	n/a	222.9	203.8	n/a	454.7	200.2	9.24	234.0
63.928	0.27	fixation	n/a	455.2	196.4	1087.0	n/a	n/a	n/a	n/a
64.2	0.016	saccade	n/a	457.1	198.4	n/a	424.9	196.2	1.3	85.0
64.218	0.306	fixation	n/a	420.9	199.1	1033.0	n/a	n/a	n/a	n/a
64.526	0.026	saccade	n/a	420.1	197.5	n/a	497.8	199.9	3.12	177.0
64.554	0.168	fixation	n/a	513.7	200.6	1024.0	n/a	n/a	n/a	n/a
64.724	0.032	saccade	n/a	512.7	202.9	n/a	613.2	152.4	4.48	206.0
64.758	0.2	fixation	n/a	610.8	147.4	957.0	n/a	n/a	n/a	n/a
64.96	0.01	saccade	n/a	610.0	150.3	n/a	609.1	132.7	0.71	73.0
64.972	0.122	fixation	n/a	608.0	133.9	943.0	n/a	n/a	n/a	n/a
65.096	0.008	saccade	n/a	604.8	135.8	n/a	595.8	140.9	0.41	48.0
65.106	0.106	fixation	n/a	593.4	140.9	962.0	n/a	n/a	n/a	n/a
65.214	0.06	saccade	n/a	594.1	137.8	n/a	197.8	204.5	15.86	443.0
65.276	0.116	fixation	n/a	203.6	202.6	1033.0	n/a	n/a	n/a	n/a
65.394	0.016	saccade	n/a	202.5	203.0	n/a	159.5	208.2	1.7	122.0
65.412	0.208	fixation	n/a	152.1	211.0	1054.0	n/a	n/a	n/a	n/a
65.472	0.0	trigger_11	11	n/a	n/a	n/a	n/a	n/a	n/a	n/a
65.476	0.0	trigger_10	10	n/a	n/a	n/a	n/a	n/a	n/a	n/a
65.622	0.02	saccade	n/a	152.6	213.5	n/a	202.0	211.7	1.94	117.0
65.644	0.224	fixation	n/a	230.2	208.0	982.0	n/a	n/a	n/a	n/a
65.87	0.032	saccade	n/a	231.8	207.4	n/a	231.2	81.4	5.11	255.0
65.904	0.162	fixation	n/a	230.1	81.4	966.0	n/a	n/a	n/a	n/a
66.068	0.012	saccade	n/a	229.0	80.3	n/a	204.6	84.6	0.98	93.0
66.082	0.132	fixation	n/a	197.0	87.1	983.0	n/a	n/a	n/a	n/a
66.216	0.022	saccade	n/a	196.6	86.7	n/a	144.8	85.0	2.04	123.0
66.24	0.124	fixation	n/a	146.6	88.2	1016.0	n/a	n/a	n/a	n/a
66.366	0.034	saccade	n/a	144.6	89.0	n/a	262.4	82.6	4.66	237.0
66.402	0.322	fixation	n/a	264.8	85.9	1070.0	n/a	n/a	n/a	n/a
66.726	0.024	saccade	n/a	264.9	88.4	n/a	330.2	99.1	2.65	143.0
66.752	0.128	fixation	n/a	343.5	97.8	1102.0	n/a	n/a	n/a	n/a
66.882	0.032	saccade	n/a	344.2	99.1	n/a	450.1	87.8	4.28	222.0
66.916	0.254	fixation	n/a	446.6	88.6	1082.0	n/a	n/a	n/a	n/a
67.172	0.012	saccade	n/a	446.2	86.9	n/a	425.9	89.4	0.82	78.0
67.186	0.024	fixation	n/a	423.7	89.1	1060.0	n/a	n/a	n/a	n/a
67.212	0.038	saccade	n/a	424.5	89.6	n/a	573.4	88.9	5.96	257.0
67.252	0.158	fixation	n/a	569.9	87.0	1051.0	n/a	n/a	n/a	n/a
67.412	0.054	saccade	n/a	571.4	87.7	n/a	225.8	87.1	13.71	437.0
67.468	0.214	fixation	n/a	230.7	88.5	1070.0	n/a	n/a	n/a	n/a
67.684	0.022	saccade	n/a	227.8	89.3	n/a	157.8	87.0	2.76	188.0
67.708	0.48	fixation	n/a	146.4	90.9	1131.0	n/a	n/a	n/a	n/a
68.19	0.016	saccade	n/a	146.9	90.9	n/a	181.2	86.8	1.36	100.0
68.208	0.358	fixation	n/a	196.9	88.6	1077.0	n/a	n/a	n/a	n/a
68.568	0.014	saccade	n/a	200.8	89.2	n/a	227.1	88.0	1.04	87.0
68.584	0.418	fixation	n/a	232.5	88.6	1084.0	n/a	n/a	n/a	n/a
69.004	0.028	saccade	n/a	231.5	90.2	n/a	303.0	89.5	2.85	155.0
69.034	0.244	fixation	n/a	318.0	92.0	1094.0	n/a	n/a	n/a	n/a
69.28	0.022	saccade	n/a	319.4	94.1	n/a	379.1	90.6	2.41	167.0
69.304	0.308	fixation	n/a	389.9	91.8	1061.0	n/a	n/a	n/a	n/a
69.614	0.016	saccade	n/a	389.6	93.8	n/a	356.0	91.6	1.36	108.0
69.632	0.218	fixation	n/a	351.9	95.0	1036.0	n/a	n/a	n/a	n/a
69.852	0.02	saccade	n/a	350.2	92.4	n/a	405.3	93.7	2.22	152.0
69.874	0.574	fixation	n/a	404.4	90.5	1080.0	n/a	n/a	n/a	n/a
70.45	0.02	saccade	n/a	403.3	89.7	n/a	454.8	83.0	2.09	130.0
70.472	0.346	fixation	n/a	463.9	83.0	1089.0	n/a	n/a	n/a	n/a
70.82	0.014	saccade	n/a	465.4	81.0	n/a	488.5	80.1	0.93	74.0
70.836	0.286	fixation	n/a	498.5	81.9	1052.0	n/a	n/a	n/a	n/a
71.124	0.018	saccade	n/a	501.0	83.5	n/a	543.2	78.5	1.7	108.0
71.144	0.25	fixation	n/a	556.2	77.3	1027.0	n/a	n/a	n/a	n/a
71.396	0.016	saccade	n/a	556.6	75.7	n/a	585.8	76.0	1.16	80.0
71.414	0.362	fixation	n/a	587.2	81.1	1002.0	n/a	n/a	n/a	n/a
71.778	0.006	saccade	n/a	586.3	83.8	n/a	595.6	83.3	0.37	54.0
71.786	0.272	fixation	n/a	597.2	79.2	1008.0	n/a	n/a	n/a	n/a
72.06	0.012	saccade	n/a	601.6	75.7	n/a	621.2	78.5	0.78	72.0
72.074	0.166	fixation	n/a	623.4	78.4	1017.0	n/a	n/a	n/a	n/a
72.242	0.072	saccade	n/a	623.8	76.8	n/a	147.1	144.0	18.89	385.0
72.316	0.15	fixation	n/a	150.4	142.6	1128.0	n/a	n/a	n/a	n/a
72.468	0.008	saccade	n/a	145.0	142.6	n/a	134.0	146.7	0.46	56.0
72.478	0.478	fixation	n/a	125.4	153.0	1162.0	n/a	n/a	n/a	n/a
72.958	0.01	saccade	n/a	122.8	160.5	n/a	136.9	159.0	0.55	55.0
72.97	0.154	fixation	n/a	140.2	158.7	1106.0	n/a	n/a	n/a	n/a
73.126	0.016	saccade	n/a	141.9	157.4	n/a	185.0	154.1	1.7	143.0
73.144	0.254	fixation	n/a	196.4	149.8	1104.0	n/a	n/a	n/a	n/a
73.4	0.02	saccade	n/a	198.1	147.7	n/a	250.8	144.7	2.09	148.0
73.422	0.166	fixation	n/a	262.2	143.1	1066.0	n/a	n/a	n/a	n/a
73.59	0.022	saccade	n/a	262.5	143.8	n/a	329.6	139.0	2.69	161.0
73.614	0.342	fixation	n/a	344.4	137.5	1008.0	n/a	n/a	n/a	n/a
73.958	0.026	saccade	n/a	346.8	141.0	n/a	421.9	138.8	3.02	151.0
73.986	0.308	fixation	n/a	423.3	139.6	948.0	n/a	n/a	n/a	n/a
74.296	0.036	saccade	n/a	433.3	148.5	n/a	478.1	189.5	2.46	137.0
74.334	0.148	fixation	n/a	483.0	154.1	969.0	n/a	n/a	n/a	n/a
74.484	0.142	saccade	n/a	480.4	147.8	n/a	545.3	165.3	2.69	726.0
74.518	0.066	blink	n/a	n/a	n/a	n/a	n/a	n/a	n/a	n/a
74.628	0.148	fixation	n/a	538.3	155.6	907.0	n/a	n/a	n/a	n/a
74.778	0.018	saccade	n/a	536.3	153.5	n/a	580.3	155.5	1.75	112.0
74.798	0.194	fixation	n/a	585.5	152.7	880.0	n/a	n/a	n/a	n/a
74.994	0.014	saccade	n/a	587.6	152.1	n/a	607.8	152.6	0.8	67.0
75.01	0.16	fixation	n/a	610.6	154.9	826.0	n/a	n/a	n/a	n/a
75.172	0.062	saccade	n/a	611.6	155.0	n/a	152.3	230.8	18.23	442.0
75.236	0.298	fixation	n/a	155.4	231.0	862.0	n/a	n/a	n/a	n/a
75.41	0.0	trigger_11	11	n/a	n/a	n/a	n/a	n/a	n/a	n/a
75.414	0.0	trigger_10	10	n/a	n/a	n/a	n/a	n/a	n/a	n/a
75.536	0.018	saccade	n/a	154.9	228.9	n/a	202.1	221.9	1.87	147.0
75.556	0.248	fixation	n/a	219.4	220.3	874.0	n/a	n/a	n/a	n/a
75.806	0.022	saccade	n/a	221.4	217.9	n/a	283.4	212.8	2.47	141.0
75.83	0.22	fixation	n/a	305.5	210.4	909.0	n/a	n/a	n/a	n/a
76.052	0.012	saccade	n/a	305.5	208.7	n/a	328.0	210.2	0.9	89.0
76.066	0.208	fixation	n/a	329.0	208.7	949.0	n/a	n/a	n/a	n/a
76.276	0.034	saccade	n/a	327.5	206.7	n/a	255.2	106.2	5.01	298.0
76.312	0.152	fixation	n/a	259.2	96.6	991.0	n/a	n/a	n/a	n/a
76.466	0.036	saccade	n/a	257.5	97.7	n/a	381.2	88.8	4.97	204.0
76.504	0.362	fixation	n/a	383.3	91.8	1005.0	n/a	n/a	n/a	n/a
76.868	0.038	saccade	n/a	382.9	92.6	n/a	482.1	90.1	3.99	151.0
76.908	0.284	fixation	n/a	477.3	89.0	993.0	n/a	n/a	n/a	n/a
77.194	0.028	saccade	n/a	476.9	89.6	n/a	572.8	94.9	3.83	179.0
77.224	0.154	fixation	n/a	576.6	89.9	973.0	n/a	n/a	n/a	n/a
77.38	0.056	saccade	n/a	577.9	89.6	n/a	179.2	113.4	15.79	470.0
77.438	0.204	fixation	n/a	185.6	115.1	1003.0	n/a	n/a	n/a	n/a
77.644	0.018	saccade	n/a	183.7	114.0	n/a	144.3	89.2	1.84	140.0
77.664	0.318	fixation	n/a	140.4	94.7	1036.0	n/a	n/a	n/a	n/a
77.984	0.024	saccade	n/a	140.0	94.7	n/a	190.1	92.2	1.97	127.0
78.01	0.264	fixation	n/a	205.5	90.8	997.0	n/a	n/a	n/a	n/a
78.276	0.024	saccade	n/a	204.5	87.5	n/a	271.1	90.2	2.65	158.0
78.302	0.41	fixation	n/a	276.5	85.3	995.0	n/a	n/a	n/a	n/a
78.714	0.022	saccade	n/a	276.6	81.4	n/a	327.6	82.3	2.04	119.0
78.738	0.276	fixation	n/a	350.5	87.0	994.0	n/a	n/a	n/a	n/a
79.016	0.02	saccade	n/a	350.9	90.1	n/a	401.5	90.3	2.04	134.0
79.038	0.246	fixation	n/a	413.8	90.3	1002.0	n/a	n/a	n/a	n/a
79.242	0.0	trigger_11	11	n/a	n/a	n/a	n/a	n/a	n/a	n/a
79.248	0.0	trigger_10	10	n/a	n/a	n/a	n/a	n/a	n/a	n/a
79.286	0.022	saccade	n/a	414.1	93.0	n/a	461.8	93.2	1.92	108.0
79.31	0.172	fixation	n/a	474.7	88.9	1037.0	n/a	n/a	n/a	n/a
79.484	0.026	saccade	n/a	473.1	87.7	n/a	546.3	83.9	2.93	162.0
79.512	0.218	fixation	n/a	561.7	83.2	1046.0	n/a	n/a	n/a	n/a
79.732	0.018	saccade	n/a	562.6	82.1	n/a	596.3	80.9	1.34	102.0
79.752	0.17	fixation	n/a	603.1	81.0	1015.0	n/a	n/a	n/a	n/a
79.924	0.062	saccade	n/a	603.2	83.1	n/a	170.6	152.4	17.26	447.0
79.988	0.14	fixation	n/a	174.6	153.5	1018.0	n/a	n/a	n/a	n/a
80.13	0.012	saccade	n/a	174.1	155.8	n/a	153.5	156.0	0.81	68.0
80.144	0.288	fixation	n/a	150.5	159.5	1012.0	n/a	n/a	n/a	n/a
80.434	0.01	saccade	n/a	152.8	158.3	n/a	164.0	155.8	0.45	49.0
80.446	0.276	fixation	n/a	166.7	153.7	1005.0	n/a	n/a	n/a	n/a
80.724	0.012	saccade	n/a	166.8	153.6	n/a	186.8	155.6	0.79	76.0
80.738	0.116	fixation	n/a	191.6	154.3	1018.0	n/a	n/a	n/a	n/a
80.856	0.022	saccade	n/a	191.5	153.7	n/a	249.5	145.7	2.32	132.0
80.88	0.298	fixation	n/a	261.1	147.5	1039.0	n/a	n/a	n/a	n/a
81.18	0.024	saccade	n/a	259.7	148.1	n/a	193.9	106.7	3.1	195.0
81.206	0.258	fixation	n/a	184.0	98.1	1061.0	n/a	n/a	n/a	n/a
81.466	0.016	saccade	n/a	183.8	98.1	n/a	149.2	85.2	1.45	112.0
81.484	0.374	fixation	n/a	143.5	88.6	1091.0	n/a	n/a	n/a	n/a
81.86	0.016	saccade	n/a	140.0	88.8	n/a	173.3	83.4	1.32	95.0
81.878	0.58	fixation	n/a	177.0	86.9	1056.0	n/a	n/a	n/a	n/a
82.46	0.012	saccade	n/a	174.9	85.4	n/a	191.3	89.6	0.67	56.0
82.474	0.182	fixation	n/a	191.6	91.1	1043.0	n/a	n/a	n/a	n/a
82.658	0.01	saccade	n/a	192.8	91.0	n/a	204.8	92.0	0.48	48.0
82.67	0.224	fixation	n/a	207.1	89.0	1038.0	n/a	n/a	n/a	n/a
82.896	0.016	saccade	n/a	204.9	88.7	n/a	240.4	84.9	1.42	115.0
82.914	0.402	fixation	n/a	252.6	85.3	1027.0	n/a	n/a	n/a	n/a
83.318	0.026	saccade	n/a	254.9	85.6	n/a	313.7	84.0	2.35	135.0
83.346	0.216	fixation	n/a	324.9	86.1	1028.0	n/a	n/a	n/a	n/a
83.564	0.01	saccade	n/a	328.4	84.3	n/a	344.1	82.7	0.63	68.0
83.576	0.324	fixation	n/a	347.3	85.6	1017.0	n/a	n/a	n/a	n/a
83.902	0.012	saccade	n/a	350.3	89.3	n/a	371.1	87.1	0.84	78.0
83.916	0.256	fixation	n/a	375.5	88.3	924.0	n/a	n/a	n/a	n/a
84.174	0.026	saccade	n/a	375.0	86.1	n/a	445.8	85.2	2.86	157.0
84.202	0.354	fixation	n/a	443.1	84.4	921.0	n/a	n/a	n/a	n/a
84.558	0.012	saccade	n/a	442.8	84.4	n/a	463.3	83.8	0.83	75.0
84.572	0.202	fixation	n/a	465.7	84.8	961.0	n/a	n/a	n/a	n/a
84.776	0.022	saccade	n/a	463.7	84.4	n/a	523.0	83.2	2.38	151.0
84.8	0.244	fixation	n/a	530.3	84.8	966.0	n/a	n/a	n/a	n/a
85.046	0.022	saccade	n/a	529.7	83.8	n/a	591.9	86.1	2.47	170.0
85.07	0.198	fixation	n/a	592.0	85.6	987.0	n/a	n/a	n/a	n/a
85.27	0.06	saccade	n/a	591.8	87.9	n/a	168.5	151.4	16.86	431.0
85.332	0.184	fixation	n/a	172.9	151.2	1013.0	n/a	n/a	n/a	n/a
85.518	0.016	saccade	n/a	173.8	152.8	n/a	136.9	156.4	1.45	114.0
85.536	0.26	fixation	n/a	134.1	159.0	987.0	n/a	n/a	n/a	n/a
85.798	0.014	saccade	n/a	137.8	159.4	n/a	162.0	157.8	0.95	72.0
85.814	0.384	fixation	n/a	166.0	158.3	953.0	n/a	n/a	n/a	n/a
86.2	0.016	saccade	n/a	163.7	157.5	n/a	200.9	154.1	1.47	123.0
86.218	0.244	fixation	n/a	210.5	152.2	986.0	n/a	n/a	n/a	n/a
86.464	0.022	saccade	n/a	207.5	150.0	n/a	262.1	149.4	2.17	132.0
86.488	0.214	fixation	n/a	274.2	150.7	1033.0	n/a	n/a	n/a	n/a
86.704	0.004	saccade	n/a	276.7	153.9	n/a	283.1	153.7	0.26	46.0
86.71	0.54	fixation	n/a	292.6	156.5	991.0	n/a	n/a	n/a	n/a
87.252	0.018	saccade	n/a	298.0	157.1	n/a	342.6	152.2	1.8	118.0
87.272	0.442	fixation	n/a	350.1	147.5	963.0	n/a	n/a	n/a	n/a
87.716	0.014	saccade	n/a	347.1	145.8	n/a	315.7	149.0	1.27	107.0
87.732	0.16	fixation	n/a	308.1	151.1	1000.0	n/a	n/a	n/a	n/a
87.894	0.01	saccade	n/a	304.7	151.1	n/a	290.4	153.0	0.58	61.0
87.906	0.156	fixation	n/a	289.3	153.4	1005.0	n/a	n/a	n/a	n/a
88.064	0.022	saccade	n/a	289.3	153.6	n/a	354.0	145.0	2.62	163.0
88.088	0.286	fixation	n/a	364.9	141.4	978.0	n/a	n/a	n/a	n/a
88.376	0.02	saccade	n/a	366.6	142.0	n/a	418.2	142.8	2.08	153.0
88.398	0.264	fixation	n/a	430.8	144.4	926.0	n/a	n/a	n/a	n/a
88.664	0.02	saccade	n/a	431.2	144.4	n/a	479.7	143.7	1.95	117.0
88.686	0.416	fixation	n/a	484.5	146.3	890.0	n/a	n/a	n/a	n/a
89.104	0.016	saccade	n/a	483.1	145.6	n/a	521.6	145.1	1.54	124.0
89.122	0.528	fixation	n/a	531.0	143.9	922.0	n/a	n/a	n/a	n/a
89.652	0.018	saccade	n/a	529.7	145.8	n/a	561.9	143.6	1.29	92.0
89.672	0.224	fixation	n/a	573.0	143.4	907.0	n/a	n/a	n/a	n/a
89.898	0.014	saccade	n/a	574.1	141.7	n/a	594.0	144.5	0.8	70.0
89.914	0.122	fixation	n/a	596.7	144.2	918.0	n/a	n/a	n/a	n/a
90.038	0.058	saccade	n/a	595.6	145.5	n/a	178.6	201.6	16.57	441.0
90.098	0.13	fixation	n/a	183.9	202.6	1005.0	n/a	n/a	n/a	n/a
90.23	0.016	saccade	n/a	182.2	204.6	n/a	143.6	212.3	1.54	130.0
90.248	0.306	fixation	n/a	140.5	215.4	1034.0	n/a	n/a	n/a	n/a
90.556	0.02	saccade	n/a	138.6	218.1	n/a	185.5	213.8	1.84	125.0
90.578	0.176	fixation	n/a	194.6	213.0	984.0	n/a	n/a	n/a	n/a
90.756	0.15	saccade	n/a	201.6	217.7	n/a	236.2	238.5	1.6	811.0
90.796	0.07	blink	n/a	n/a	n/a	n/a	n/a	n/a	n/a	n/a
90.908	0.258	fixation	n/a	234.6	227.6	939.0	n/a	n/a	n/a	n/a
91.168	0.018	saccade	n/a	236.6	226.4	n/a	270.9	225.9	1.36	93.0
91.188	0.242	fixation	n/a	277.8	226.5	911.0	n/a	n/a	n/a	n/a
91.432	0.016	saccade	n/a	274.6	225.7	n/a	239.0	227.7	1.42	100.0
91.45	0.138	fixation	n/a	233.1	224.6	898.0	n/a	n/a	n/a	n/a
91.59	0.022	saccade	n/a	233.4	224.5	n/a	277.2	223.7	1.74	122.0
91.614	0.3	fixation	n/a	290.0	224.7	810.0	n/a	n/a	n/a	n/a
91.916	0.022	saccade	n/a	292.4	226.2	n/a	346.8	220.3	2.19	133.0
91.94	0.494	fixation	n/a	370.7	223.6	783.0	n/a	n/a	n/a	n/a
92.436	0.016	saccade	n/a	369.7	222.4	n/a	399.4	216.9	1.21	87.0
92.454	0.268	fixation	n/a	417.9	216.3	839.0	n/a	n/a	n/a	n/a
92.724	0.014	saccade	n/a	419.9	216.0	n/a	444.0	217.4	0.97	73.0
92.74	0.24	fixation	n/a	449.3	218.0	848.0	n/a	n/a	n/a	n/a
92.982	0.018	saccade	n/a	448.7	218.0	n/a	405.8	218.1	1.72	128.0
93.002	0.508	fixation	n/a	398.0	216.5	867.0	n/a	n/a	n/a	n/a
93.512	0.048	saccade	n/a	395.4	209.1	n/a	196.2	109.4	8.91	315.0
93.562	0.154	fixation	n/a	194.3	106.2	916.0	n/a	n/a	n/a	n/a
93.718	0.014	saccade	n/a	193.1	106.8	n/a	162.4	99.5	1.24	101.0
93.734	0.146	fixation	n/a	159.6	100.1	910.0	n/a	n/a	n/a	n/a
93.882	0.01	saccade	n/a	157.8	102.0	n/a	144.1	96.7	0.58	59.0
93.894	0.234	fixation	n/a	142.6	98.0	922.0	n/a	n/a	n/a	n/a
94.13	0.016	saccade	n/a	142.7	98.5	n/a	180.6	94.3	1.5	102.0
94.148	0.422	fixation	n/a	186.5	93.5	983.0	n/a	n/a	n/a	n/a
94.572	0.032	saccade	n/a	185.4	90.6	n/a	294.4	89.6	4.33	216.0
94.606	0.214	fixation	n/a	295.2	89.9	1055.0	n/a	n/a	n/a	n/a
94.822	0.032	saccade	n/a	294.3	91.5	n/a	417.3	92.6	4.94	215.0
94.856	0.27	fixation	n/a	434.0	88.8	1074.0	n/a	n/a	n/a	n/a
95.128	0.036	saccade	n/a	432.4	87.9	n/a	261.0	89.1	6.87	317.0
95.166	0.356	fixation	n/a	256.3	92.5	1108.0	n/a	n/a	n/a	n/a
95.524	0.022	saccade	n/a	252.5	91.3	n/a	181.9	88.4	2.8	173.0
95.548	0.244	fixation	n/a	162.0	91.7	1167.0	n/a	n/a	n/a	n/a
95.794	0.008	saccade	n/a	162.2	90.6	n/a	172.4	90.8	0.4	50.0
95.804	0.442	fixation	n/a	177.0	91.7	1144.0	n/a	n/a	n/a	n/a
96.248	0.016	saccade	n/a	171.2	95.0	n/a	137.1	94.9	1.33	100.0
96.25	0.0	trigger_11	11	n/a	n/a	n/a	n/a	n/a	n/a	n/a
96.254	0.0	trigger_10	10	n/a	n/a	n/a	n/a	n/a	n/a	n/a
96.266	0.232	fixation	n/a	131.2	94.5	1160.0	n/a	n/a	n/a	n/a
96.5	0.016	saccade	n/a	129.7	93.9	n/a	166.5	85.7	1.47	108.0
96.518	0.658	fixation	n/a	167.1	83.0	1271.0	n/a	n/a	n/a	n/a
97.178	0.042	saccade	n/a	166.3	83.0	n/a	353.5	179.4	8.4	356.0
97.222	0.202	fixation	n/a	357.4	178.6	1253.0	n/a	n/a	n/a	n/a
97.426	0.012	saccade	n/a	362.5	178.2	n/a	344.8	188.3	0.82	76.0
97.44	0.27	fixation	n/a	349.6	194.0	1155.0	n/a	n/a	n/a	n/a
97.712	0.014	saccade	n/a	352.4	198.4	n/a	376.4	199.8	0.97	82.0
97.728	0.228	fixation	n/a	377.7	198.8	1059.0	n/a	n/a	n/a	n/a
97.958	0.046	saccade	n/a	377.6	199.1	n/a	166.2	110.3	9.13	368.0
98.006	0.174	fixation	n/a	167.0	102.3	1075.0	n/a	n/a	n/a	n/a
98.182	0.01	saccade	n/a	165.7	99.7	n/a	150.7	82.7	0.9	93.0
98.194	0.446	fixation	n/a	140.7	85.3	1132.0	n/a	n/a	n/a	n/a
98.642	0.016	saccade	n/a	126.9	88.4	n/a	160.4	88.5	1.31	108.0
98.66	0.248	fixation	n/a	174.6	87.5	1163.0	n/a	n/a	n/a	n/a
98.91	0.022	saccade	n/a	176.6	88.5	n/a	245.7	80.2	2.76	168.0
98.934	0.27	fixation	n/a	261.1	82.1	1126.0	n/a	n/a	n/a	n/a
99.206	0.03	saccade	n/a	260.0	81.8	n/a	348.6	80.6	3.54	168.0
99.238	0.162	fixation	n/a	355.1	83.4	1105.0	n/a	n/a	n/a	n/a
99.306	0.0	trigger_11	11	n/a	n/a	n/a	n/a	n/a	n/a	n/a
99.312	0.0	trigger_10	10	n/a	n/a	n/a	n/a	n/a	n/a	n/a
99.402	0.012	saccade	n/a	354.3	86.0	n/a	336.5	84.8	0.72	67.0
99.416	0.156	fixation	n/a	335.4	84.8	1099.0	n/a	n/a	n/a	n/a
99.574	0.022	saccade	n/a	334.0	85.2	n/a	394.0	80.8	2.42	153.0
99.598	0.226	fixation	n/a	409.1	82.4	1098.0	n/a	n/a	n/a	n/a
99.826	0.028	saccade	n/a	406.5	82.1	n/a	493.2	79.1	3.49	180.0
99.856	0.228	fixation	n/a	494.7	77.4	1085.0	n/a	n/a	n/a	n/a
100.086	0.016	saccade	n/a	495.0	79.1	n/a	528.9	78.4	1.36	118.0
100.104	0.56	fixation	n/a	532.2	85.1	1031.0	n/a	n/a	n/a	n/a
100.666	0.006	saccade	n/a	532.4	85.7	n/a	541.2	86.8	0.35	55.0
100.674	0.198	fixation	n/a	546.8	86.4	1040.0	n/a	n/a	n/a	n/a
100.874	0.05	saccade	n/a	544.9	86.6	n/a	316.6	80.3	9.14	310.0
100.926	0.142	fixation	n/a	321.9	82.2	1086.0	n/a	n/a	n/a	n/a
101.07	0.038	saccade	n/a	321.6	82.1	n/a	152.9	91.0	6.69	304.0
101.11	0.162	fixation	n/a	156.6	91.5	1117.0	n/a	n/a	n/a	n/a
101.274	0.008	saccade	n/a	153.8	91.2	n/a	141.1	91.9	0.5	57.0
101.284	0.324	fixation	n/a	137.7	90.5	1140.0	n/a	n/a	n/a	n/a
101.61	0.016	saccade	n/a	143.5	90.9	n/a	163.2	87.3	0.78	54.0
101.628	0.236	fixation	n/a	167.4	89.4	1091.0	n/a	n/a	n/a	n/a
101.866	0.014	saccade	n/a	166.0	90.0	n/a	144.6	89.7	0.84	66.0
101.882	0.156	fixation	n/a	143.2	90.6	1045.0	n/a	n/a	n/a	n/a
102.04	0.014	saccade	n/a	146.8	90.3	n/a	179.0	89.7	1.26	105.0
102.056	0.21	fixation	n/a	188.3	89.8	1024.0	n/a	n/a	n/a	n/a
102.268	0.02	saccade	n/a	187.2	87.6	n/a	137.7	87.5	1.94	128.0
102.29	0.17	fixation	n/a	138.3	88.5	1054.0	n/a	n/a	n/a	n/a
102.462	0.016	saccade	n/a	136.1	89.0	n/a	171.7	85.2	1.4	115.0
102.48	0.236	fixation	n/a	177.4	83.8	1050.0	n/a	n/a	n/a	n/a
102.718	0.012	saccade	n/a	174.7	83.9	n/a	147.5	84.9	1.07	97.0
102.732	0.156	fixation	n/a	144.6	87.0	1076.0	n/a	n/a	n/a	n/a
102.89	0.016	saccade	n/a	144.8	85.8	n/a	181.3	85.5	1.43	116.0
102.908	0.16	fixation	n/a	193.9	85.5	1091.0	n/a	n/a	n/a	n/a
103.07	0.012	saccade	n/a	195.6	87.3	n/a	222.0	85.5	1.05	100.0
103.084	0.282	fixation	n/a	219.5	87.0	1093.0	n/a	n/a	n/a	n/a
103.368	0.038	saccade	n/a	215.8	85.6	n/a	372.8	79.6	6.28	273.0
103.408	0.162	fixation	n/a	370.6	81.9	1084.0	n/a	n/a	n/a	n/a
103.572	0.034	saccade	n/a	369.7	81.3	n/a	258.0	84.6	4.48	208.0
103.608	0.164	fixation	n/a	256.8	88.6	1094.0	n/a	n/a	n/a	n/a
103.774	0.014	saccade	n/a	256.7	88.8	n/a	280.7	86.0	0.96	81.0
103.79	0.13	fixation	n/a	286.9	86.9	1075.0	n/a	n/a	n/a	n/a
103.922	0.018	saccade	n/a	287.0	89.9	n/a	324.7	89.6	1.51	127.0
103.942	0.242	fixation	n/a	338.6	89.2	1058.0	n/a	n/a	n/a	n/a
104.186	0.02	saccade	n/a	340.9	89.1	n/a	381.3	83.7	1.64	123.0
104.208	0.172	fixation	n/a	400.5	85.8	1024.0	n/a	n/a	n/a	n/a
104.382	0.012	saccade	n/a	402.7	86.8	n/a	425.5	87.1	0.92	90.0
104.396	0.326	fixation	n/a	431.1	88.8	971.0	n/a	n/a	n/a	n/a
104.724	0.01	saccade	n/a	431.7	91.8	n/a	448.9	92.8	0.69	76.0
104.736	0.266	fixation	n/a	456.5	89.6	948.0	n/a	n/a	n/a	n/a
105.004	0.014	saccade	n/a	458.9	92.3	n/a	484.8	90.3	1.04	90.0
105.02	0.192	fixation	n/a	497.7	88.3	924.0	n/a	n/a	n/a	n/a
105.214	0.01	saccade	n/a	501.6	87.8	n/a	515.2	87.1	0.55	57.0
105.226	0.346	fixation	n/a	516.0	91.5	913.0	n/a	n/a	n/a	n/a
105.574	0.058	saccade	n/a	514.8	96.0	n/a	167.9	154.8	13.94	391.0
105.634	0.158	fixation	n/a	171.7	154.5	957.0	n/a	n/a	n/a	n/a
105.794	0.01	saccade	n/a	169.0	153.3	n/a	151.6	155.5	0.69	72.0
105.806	0.35	fixation	n/a	148.3	159.3	923.0	n/a	n/a	n/a	n/a
106.158	0.018	saccade	n/a	148.3	159.8	n/a	192.5	157.5	1.74	130.0
106.178	0.278	fixation	n/a	206.1	155.7	897.0	n/a	n/a	n/a	n/a
106.458	0.022	saccade	n/a	209.9	157.8	n/a	277.5	157.3	2.69	165.0
106.482	0.208	fixation	n/a	294.6	155.2	893.0	n/a	n/a	n/a	n/a
106.692	0.008	saccade	n/a	293.0	153.5	n/a	282.8	155.2	0.41	51.0
106.702	0.136	fixation	n/a	279.9	154.6	927.0	n/a	n/a	n/a	n/a
106.84	0.036	saccade	n/a	278.5	153.4	n/a	370.0	147.9	3.68	151.0
106.878	0.266	fixation	n/a	369.6	148.1	913.0	n/a	n/a	n/a	n/a
107.146	0.016	saccade	n/a	371.1	147.8	n/a	402.8	145.8	1.28	89.0
107.164	0.102	fixation	n/a	405.0	146.3	916.0	n/a	n/a	n/a	n/a
107.268	0.028	saccade	n/a	404.6	146.8	n/a	487.7	145.6	3.34	186.0
107.298	0.252	fixation	n/a	492.5	144.3	923.0	n/a	n/a	n/a	n/a
107.552	0.028	saccade	n/a	492.9	145.4	n/a	580.8	146.2	3.51	164.0
107.582	0.168	fixation	n/a	593.7	147.4	904.0	n/a	n/a	n/a	n/a
107.752	0.01	saccade	n/a	591.9	148.0	n/a	577.3	148.5	0.58	63.0
107.764	0.23	fixation	n/a	574.7	153.4	883.0	n/a	n/a	n/a	n/a
107.996	0.014	saccade	n/a	574.9	158.5	n/a	602.3	157.2	1.09	90.0
108.012	0.284	fixation	n/a	606.0	155.6	858.0	n/a	n/a	n/a	n/a
108.298	0.012	saccade	n/a	606.2	156.0	n/a	623.9	157.3	0.7	63.0
108.312	0.172	fixation	n/a	624.9	157.7	851.0	n/a	n/a	n/a	n/a
108.486	0.064	saccade	n/a	624.7	158.3	n/a	170.2	225.3	18.03	419.0
108.552	0.188	fixation	n/a	172.6	221.5	909.0	n/a	n/a	n/a	n/a
108.742	0.012	saccade	n/a	168.0	218.3	n/a	149.1	220.4	0.74	67.0
108.756	0.192	fixation	n/a	148.0	220.5	932.0	n/a	n/a	n/a	n/a
108.95	0.012	saccade	n/a	148.5	219.7	n/a	174.4	218.3	1.01	94.0
108.964	0.188	fixation	n/a	178.1	219.2	903.0	n/a	n/a	n/a	n/a
109.154	0.01	saccade	n/a	178.7	220.0	n/a	165.4	217.8	0.53	54.0
109.166	0.172	fixation	n/a	164.4	220.7	884.0	n/a	n/a	n/a	n/a
109.34	0.016	saccade	n/a	166.8	221.2	n/a	204.2	219.1	1.47	108.0
109.358	0.174	fixation	n/a	205.5	214.3	893.0	n/a	n/a	n/a	n/a
109.534	0.034	saccade	n/a	205.6	215.2	n/a	189.0	91.4	5.04	270.0
109.57	0.168	fixation	n/a	191.9	93.9	896.0	n/a	n/a	n/a	n/a
109.74	0.036	saccade	n/a	191.2	93.8	n/a	354.3	90.6	6.51	275.0
109.778	0.15	fixation	n/a	361.9	93.9	900.0	n/a	n/a	n/a	n/a
109.93	0.024	saccade	n/a	361.6	94.1	n/a	438.2	90.4	3.09	187.0
109.948	0.0	trigger_11	11	n/a	n/a	n/a	n/a	n/a	n/a	n/a
109.95	0.0	trigger_10	10	n/a	n/a	n/a	n/a	n/a	n/a	n/a
109.956	0.286	fixation	n/a	447.6	91.5	930.0	n/a	n/a	n/a	n/a
110.244	0.008	saccade	n/a	443.2	92.4	n/a	432.2	92.7	0.44	54.0
110.254	0.586	fixation	n/a	433.2	95.6	942.0	n/a	n/a	n/a	n/a
110.842	0.05	saccade	n/a	435.6	95.6	n/a	185.7	97.6	9.96	359.0
110.894	0.148	fixation	n/a	189.2	97.7	974.0	n/a	n/a	n/a	n/a
111.044	0.018	saccade	n/a	189.0	98.0	n/a	154.5	93.9	1.36	110.0
111.064	0.368	fixation	n/a	148.9	93.0	1004.0	n/a	n/a	n/a	n/a
111.434	0.014	saccade	n/a	147.3	92.4	n/a	173.3	89.1	1.03	87.0
111.45	0.248	fixation	n/a	180.6	87.0	1000.0	n/a	n/a	n/a	n/a
111.484	0.0	trigger_11	11	n/a	n/a	n/a	n/a	n/a	n/a	n/a
111.488	0.0	trigger_12	12	n/a	n/a	n/a	n/a	n/a	n/a	n/a
111.7	0.014	saccade	n/a	180.0	85.6	n/a	214.5	84.1	1.36	108.0
111.716	0.268	fixation	n/a	217.7	82.1	1022.0	n/a	n/a	n/a	n/a
111.986	0.008	saccade	n/a	216.5	78.0	n/a	204.4	80.8	0.49	60.0
111.996	0.236	fixation	n/a	201.2	81.1	1072.0	n/a	n/a	n/a	n/a
112.234	0.02	saccade	n/a	197.9	80.1	n/a	157.9	82.2	1.58	107.0
112.256	0.062	fixation	n/a	151.9	84.1	1088.0	n/a	n/a	n/a	n/a
112.32	0.108	saccade	n/a	156.0	88.2	n/a	143.1	118.4	1.32	655.0
112.376	0.002	blink	n/a	n/a	n/a	n/a	n/a	n/a	n/a	n/a
112.43	0.12	fixation	n/a	143.9	96.0	1083.0	n/a	n/a	n/a	n/a
112.552	0.022	saccade	n/a	142.8	92.5	n/a	197.4	86.7	2.16	131.0
112.576	0.17	fixation	n/a	219.3	84.5	1086.0	n/a	n/a	n/a	n/a
112.748	0.026	saccade	n/a	218.8	87.6	n/a	303.2	84.2	3.37	196.0
112.776	0.23	fixation	n/a	317.1	90.1	1012.0	n/a	n/a	n/a	n/a
113.008	0.016	saccade	n/a	317.3	91.9	n/a	349.8	89.7	1.31	103.0
113.026	0.258	fixation	n/a	352.6	91.0	1047.0	n/a	n/a	n/a	n/a
113.286	0.016	saccade	n/a	354.4	92.3	n/a	389.9	95.3	1.44	113.0
113.304	0.202	fixation	n/a	393.8	96.3	1073.0	n/a	n/a	n/a	n/a
113.508	0.02	saccade	n/a	392.0	93.2	n/a	346.7	98.8	1.84	137.0
113.53	0.198	fixation	n/a	348.5	99.4	1106.0	n/a	n/a	n/a	n/a
113.73	0.044	saccade	n/a	346.6	96.4	n/a	131.5	95.5	8.5	324.0
113.776	0.18	fixation	n/a	132.8	95.0	1154.0	n/a	n/a	n/a	n/a
113.958	0.016	saccade	n/a	131.1	94.2	n/a	164.2	92.1	1.3	101.0
113.976	0.294	fixation	n/a	167.7	92.4	1106.0	n/a	n/a	n/a	n/a
114.272	0.024	saccade	n/a	168.5	92.8	n/a	243.9	87.5	2.99	163.0
114.298	0.156	fixation	n/a	265.6	88.8	1069.0	n/a	n/a	n/a	n/a
114.456	0.012	saccade	n/a	265.3	89.5	n/a	248.4	89.6	0.67	60.0
114.47	0.134	fixation	n/a	246.4	88.3	1085.0	n/a	n/a	n/a	n/a
114.606	0.022	saccade	n/a	246.0	90.1	n/a	311.7	79.9	2.66	170.0
114.63	0.2	fixation	n/a	334.8	81.2	1106.0	n/a	n/a	n/a	n/a
114.832	0.03	saccade	n/a	334.9	82.3	n/a	431.8	82.1	3.9	190.0
114.864	0.24	fixation	n/a	434.3	84.5	1089.0	n/a	n/a	n/a	n/a
115.106	0.02	saccade	n/a	437.5	86.2	n/a	486.4	83.3	1.97	144.0
115.128	0.252	fixation	n/a	493.7	82.3	1037.0	n/a	n/a	n/a	n/a
115.382	0.024	saccade	n/a	494.9	83.4	n/a	563.7	80.7	2.75	163.0
115.408	0.274	fixation	n/a	585.1	81.6	978.0	n/a	n/a	n/a	n/a
115.684	0.062	saccade	n/a	584.6	81.4	n/a	158.1	149.9	17.05	436.0
115.748	0.19	fixation	n/a	158.9	149.9	1047.0	n/a	n/a	n/a	n/a
115.94	0.006	saccade	n/a	154.7	152.4	n/a	145.3	151.5	0.37	54.0
115.948	0.162	fixation	n/a	145.3	152.5	1083.0	n/a	n/a	n/a	n/a
116.112	0.018	saccade	n/a	146.7	154.1	n/a	195.5	148.7	1.93	160.0
116.132	0.454	fixation	n/a	201.5	152.0	1053.0	n/a	n/a	n/a	n/a
116.588	0.02	saccade	n/a	201.0	152.1	n/a	254.3	151.2	2.12	151.0
116.61	0.456	fixation	n/a	275.2	156.2	1010.0	n/a	n/a	n/a	n/a
117.068	0.024	saccade	n/a	275.4	155.8	n/a	339.1	148.1	2.57	145.0
117.094	0.266	fixation	n/a	357.4	149.9	999.0	n/a	n/a	n/a	n/a
117.362	0.006	saccade	n/a	358.0	151.0	n/a	349.8	150.1	0.33	46.0
117.37	0.792	fixation	n/a	344.2	152.3	1000.0	n/a	n/a	n/a	n/a
118.164	0.012	saccade	n/a	340.9	144.0	n/a	360.5	138.0	0.83	72.0
118.178	0.71	fixation	n/a	362.7	138.1	1051.0	n/a	n/a	n/a	n/a
118.89	0.022	saccade	n/a	362.4	141.4	n/a	303.4	141.0	2.37	142.0
118.914	0.486	fixation	n/a	287.7	146.5	1057.0	n/a	n/a	n/a	n/a
119.402	0.018	saccade	n/a	284.2	145.7	n/a	326.9	141.2	1.72	128.0
119.422	0.62	fixation	n/a	339.8	139.0	1090.0	n/a	n/a	n/a	n/a
120.044	0.04	saccade	n/a	340.3	140.9	n/a	173.1	86.9	7.0	311.0
120.086	0.328	fixation	n/a	170.3	87.5	1108.0	n/a	n/a	n/a	n/a
120.416	0.018	saccade	n/a	168.9	90.5	n/a	214.6	85.6	1.81	147.0
120.436	0.134	fixation	n/a	230.0	85.2	1098.0	n/a	n/a	n/a	n/a
120.572	0.022	saccade	n/a	232.0	86.8	n/a	166.5	87.3	2.58	153.0
120.596	0.19	fixation	n/a	161.1	92.0	1082.0	n/a	n/a	n/a	n/a
120.788	0.022	saccade	n/a	160.0	91.7	n/a	219.2	90.7	2.34	138.0
120.812	0.236	fixation	n/a	235.2	92.0	1084.0	n/a	n/a	n/a	n/a
121.05	0.016	saccade	n/a	235.8	92.1	n/a	279.6	88.7	1.75	142.0
121.068	0.302	fixation	n/a	288.7	89.9	1085.0	n/a	n/a	n/a	n/a
121.372	0.02	saccade	n/a	290.3	93.1	n/a	332.3	92.2	1.68	104.0
121.394	0.346	fixation	n/a	355.1	89.8	1067.0	n/a	n/a	n/a	n/a
121.742	0.024	saccade	n/a	354.1	86.5	n/a	418.4	87.9	2.59	173.0
121.768	0.41	fixation	n/a	433.0	88.6	1058.0	n/a	n/a	n/a	n/a
122.18	0.018	saccade	n/a	433.2	88.5	n/a	462.9	88.7	1.2	93.0
122.2	0.342	fixation	n/a	471.0	89.7	976.0	n/a	n/a	n/a	n/a
122.544	0.032	saccade	n/a	474.0	89.2	n/a	543.7	85.9	2.79	175.0
122.578	0.266	fixation	n/a	560.1	87.4	942.0	n/a	n/a	n/a	n/a
122.846	0.014	saccade	n/a	560.2	88.8	n/a	585.6	87.6	1.01	91.0
122.862	0.3	fixation	n/a	593.4	88.9	869.0	n/a	n/a	n/a	n/a
123.044	0.0	trigger_13	13	n/a	n/a	n/a	n/a	n/a	n/a	n/a
123.164	0.068	saccade	n/a	594.2	86.7	n/a	151.9	164.9	17.66	407.0
123.234	0.418	fixation	n/a	151.8	161.9	880.0	n/a	n/a	n/a	n/a
123.654	0.02	saccade	n/a	147.4	158.9	n/a	199.3	153.4	2.05	139.0
123.676	0.52	fixation	n/a	207.4	153.0	948.0	n/a	n/a	n/a	n/a
124.198	0.018	saccade	n/a	205.7	150.6	n/a	244.2	147.1	1.53	101.0
124.218	0.246	fixation	n/a	250.7	145.7	996.0	n/a	n/a	n/a	n/a
124.466	0.014	saccade	n/a	253.4	147.1	n/a	274.1	146.4	0.83	63.0
124.482	0.172	fixation	n/a	276.2	147.2	994.0	n/a	n/a	n/a	n/a
124.656	0.022	saccade	n/a	275.8	146.5	n/a	335.1	141.2	2.39	155.0
124.68	0.298	fixation	n/a	352.3	142.8	975.0	n/a	n/a	n/a	n/a
124.98	0.04	saccade	n/a	353.5	141.7	n/a	183.6	100.1	6.98	286.0
125.022	0.24	fixation	n/a	185.3	98.0	998.0	n/a	n/a	n/a	n/a
125.264	0.018	saccade	n/a	182.9	97.5	n/a	150.3	91.3	1.3	112.0
125.284	0.548	fixation	n/a	143.1	98.9	1060.0	n/a	n/a	n/a	n/a
125.478	0.0	trigger_15	15	n/a	n/a	n/a	n/a	n/a	n/a	n/a
125.484	0.0	trigger_10	10	n/a	n/a	n/a	n/a	n/a	n/a	n/a
125.834	0.024	saccade	n/a	140.5	102.4	n/a	155.9	163.2	2.51	177.0
125.86	0.222	fixation	n/a	154.8	157.6	1126.0	n/a	n/a	n/a	n/a
126.084	0.022	saccade	n/a	156.1	156.4	n/a	157.2	217.7	2.46	162.0
126.108	0.224	fixation	n/a	154.6	222.0	1179.0	n/a	n/a	n/a	n/a
126.334	0.02	saccade	n/a	152.4	221.8	n/a	154.9	271.7	1.99	155.0
126.356	0.168	fixation	n/a	152.5	265.5	1220.0	n/a	n/a	n/a	n/a
126.526	0.014	saccade	n/a	151.8	266.9	n/a	126.5	274.1	1.02	86.0
126.542	0.12	fixation	n/a	128.3	275.0	1210.0	n/a	n/a	n/a	n/a
126.664	0.054	saccade	n/a	128.4	273.8	n/a	356.8	86.8	11.74	353.0
126.72	0.154	fixation	n/a	360.6	86.7	1088.0	n/a	n/a	n/a	n/a
126.876	0.018	saccade	n/a	360.1	89.5	n/a	399.2	90.3	1.58	118.0
126.896	0.154	fixation	n/a	402.4	92.2	1015.0	n/a	n/a	n/a	n/a
127.052	0.018	saccade	n/a	401.5	91.5	n/a	441.4	95.1	1.62	120.0
127.072	0.078	fixation	n/a	443.7	96.0	1003.0	n/a	n/a	n/a	n/a
127.152	0.05	saccade	n/a	443.0	96.8	n/a	138.9	290.9	14.33	523.0
127.204	0.14	fixation	n/a	142.7	290.8	1082.0	n/a	n/a	n/a	n/a
127.346	0.01	saccade	n/a	143.7	286.8	n/a	149.9	269.7	0.72	74.0
127.358	0.17	fixation	n/a	154.3	272.6	1101.0	n/a	n/a	n/a	n/a
127.53	0.04	saccade	n/a	155.9	275.1	n/a	142.5	137.6	5.51	292.0
127.572	0.15	fixation	n/a	144.1	138.3	990.0	n/a	n/a	n/a	n/a
127.724	0.014	saccade	n/a	144.7	138.4	n/a	136.1	108.3	1.25	117.0
127.74	0.346	fixation	n/a	144.5	100.1	1019.0	n/a	n/a	n/a	n/a
128.088	0.014	saccade	n/a	145.5	92.8	n/a	178.0	87.2	1.29	118.0
128.104	0.188	fixation	n/a	183.3	90.4	1041.0	n/a	n/a	n/a	n/a
128.294	0.026	saccade	n/a	183.8	89.8	n/a	261.3	87.2	3.07	171.0
128.322	0.242	fixation	n/a	266.4	84.0	1061.0	n/a	n/a	n/a	n/a
128.566	0.022	saccade	n/a	264.6	82.9	n/a	319.1	76.7	2.2	162.0
128.59	0.252	fixation	n/a	328.4	77.7	1090.0	n/a	n/a	n/a	n/a
128.844	0.018	saccade	n/a	326.5	76.0	n/a	368.0	72.5	1.68	124.0
128.864	0.076	fixation	n/a	378.7	71.9	1102.0	n/a	n/a	n/a	n/a
128.942	0.118	saccade	n/a	380.7	74.1	n/a	441.4	122.7	3.15	690.0
128.992	0.022	blink	n/a	n/a	n/a	n/a	n/a	n/a	n/a	n/a
129.062	0.248	fixation	n/a	428.9	88.3	1064.0	n/a	n/a	n/a	n/a
129.312	0.014	saccade	n/a	427.7	88.5	n/a	457.5	84.5	1.21	104.0
129.328	0.246	fixation	n/a	461.5	90.7	1001.0	n/a	n/a	n/a	n/a
129.576	0.024	saccade	n/a	462.3	93.0	n/a	540.8	85.1	3.16	190.0
129.602	0.176	fixation	n/a	545.2	85.9	991.0	n/a	n/a	n/a	n/a
129.78	0.018	saccade	n/a	546.0	86.9	n/a	504.5	86.9	1.66	126.0
129.8	0.306	fixation	n/a	500.5	86.5	998.0	n/a	n/a	n/a	n/a
130.108	0.02	saccade	n/a	498.7	86.4	n/a	541.2	84.6	1.7	97.0
130.13	0.276	fixation	n/a	544.1	85.9	985.0	n/a	n/a	n/a	n/a
130.408	0.01	saccade	n/a	547.0	89.8	n/a	563.7	89.0	0.66	70.0
130.42	0.324	fixation	n/a	568.3	87.9	981.0	n/a	n/a	n/a	n/a
130.574	0.0	trigger_11	11	n/a	n/a	n/a	n/a	n/a	n/a	n/a
130.576	0.0	trigger_10	10	n/a	n/a	n/a	n/a	n/a	n/a	n/a
130.746	0.02	saccade	n/a	568.0	86.9	n/a	618.6	85.3	2.0	153.0
130.768	0.274	fixation	n/a	619.8	84.2	947.0	n/a	n/a	n/a	n/a
131.044	0.064	saccade	n/a	619.0	84.5	n/a	147.7	100.6	18.49	445.0
131.11	0.228	fixation	n/a	155.6	97.6	1024.0	n/a	n/a	n/a	n/a
131.34	0.008	saccade	n/a	153.0	97.4	n/a	139.4	97.3	0.53	64.0
131.35	0.382	fixation	n/a	136.2	93.9	1055.0	n/a	n/a	n/a	n/a
131.734	0.06	saccade	n/a	132.4	91.9	n/a	558.6	75.9	16.79	397.0
131.796	0.122	fixation	n/a	556.2	72.1	1058.0	n/a	n/a	n/a	n/a
131.92	0.024	saccade	n/a	555.8	74.3	n/a	618.6	74.3	2.49	166.0
131.946	0.16	fixation	n/a	614.6	77.1	1058.0	n/a	n/a	n/a	n/a
132.108	0.042	saccade	n/a	615.4	78.5	n/a	450.8	86.7	6.55	292.0
132.152	0.182	fixation	n/a	455.3	86.6	1059.0	n/a	n/a	n/a	n/a
132.336	0.054	saccade	n/a	454.5	87.3	n/a	158.0	100.2	11.78	388.0
132.392	0.156	fixation	n/a	162.2	97.0	1093.0	n/a	n/a	n/a	n/a
132.55	0.012	saccade	n/a	159.7	95.5	n/a	132.8	95.2	1.05	100.0
132.564	0.302	fixation	n/a	132.3	96.5	1090.0	n/a	n/a	n/a	n/a
132.868	0.014	saccade	n/a	133.2	94.3	n/a	152.4	89.2	0.78	63.0
132.884	0.128	fixation	n/a	159.5	88.0	1100.0	n/a	n/a	n/a	n/a
133.014	0.02	saccade	n/a	160.3	87.9	n/a	216.1	85.2	2.2	174.0
133.036	0.314	fixation	n/a	228.6	85.6	1081.0	n/a	n/a	n/a	n/a
133.352	0.018	saccade	n/a	232.3	91.0	n/a	278.0	89.2	1.82	133.0
133.372	0.15	fixation	n/a	299.9	85.5	1037.0	n/a	n/a	n/a	n/a
133.524	0.024	saccade	n/a	300.5	85.4	n/a	360.8	83.9	2.43	138.0
133.55	0.188	fixation	n/a	368.4	84.7	1032.0	n/a	n/a	n/a	n/a
133.558	0.0	trigger_11	11	n/a	n/a	n/a	n/a	n/a	n/a	n/a
133.56	0.0	trigger_10	10	n/a	n/a	n/a	n/a	n/a	n/a	n/a
133.74	0.008	saccade	n/a	366.6	83.7	n/a	355.5	83.6	0.45	54.0
133.75	0.154	fixation	n/a	356.2	84.4	1066.0	n/a	n/a	n/a	n/a
133.906	0.016	saccade	n/a	355.7	83.7	n/a	394.9	81.9	1.58	130.0
133.924	0.142	fixation	n/a	399.9	83.1	1073.0	n/a	n/a	n/a	n/a
134.068	0.018	saccade	n/a	400.6	84.0	n/a	440.8	81.9	1.62	114.0
134.088	0.178	fixation	n/a	450.3	84.2	1055.0	n/a	n/a	n/a	n/a
134.268	0.006	saccade	n/a	449.1	85.9	n/a	438.8	85.8	0.41	62.0
134.276	0.174	fixation	n/a	436.0	87.7	1040.0	n/a	n/a	n/a	n/a
134.452	0.024	saccade	n/a	434.6	89.5	n/a	499.6	84.4	2.62	164.0
134.478	0.214	fixation	n/a	501.1	85.8	1010.0	n/a	n/a	n/a	n/a
134.694	0.012	saccade	n/a	503.6	86.4	n/a	526.1	86.9	0.9	87.0
134.708	0.142	fixation	n/a	531.1	85.2	1008.0	n/a	n/a	n/a	n/a
134.852	0.016	saccade	n/a	530.7	84.9	n/a	560.9	85.3	1.21	94.0
134.87	0.214	fixation	n/a	561.8	85.7	1029.0	n/a	n/a	n/a	n/a
135.086	0.058	saccade	n/a	561.0	86.4	n/a	142.3	154.3	16.74	444.0
135.146	0.394	fixation	n/a	143.4	156.5	1077.0	n/a	n/a	n/a	n/a
135.542	0.026	saccade	n/a	137.9	157.7	n/a	133.2	76.5	3.27	221.0
135.57	0.292	fixation	n/a	140.5	85.6	1080.0	n/a	n/a	n/a	n/a
135.864	0.01	saccade	n/a	148.2	88.5	n/a	166.4	89.8	0.71	75.0
135.876	0.34	fixation	n/a	168.7	90.3	1134.0	n/a	n/a	n/a	n/a
136.218	0.026	saccade	n/a	170.9	91.8	n/a	245.7	89.0	2.96	171.0
136.246	0.442	fixation	n/a	253.9	85.1	1134.0	n/a	n/a	n/a	n/a
136.69	0.014	saccade	n/a	245.6	82.5	n/a	275.7	78.2	1.21	100.0
136.706	0.186	fixation	n/a	286.3	77.0	1155.0	n/a	n/a	n/a	n/a
136.886	0.0	trigger_11	11	n/a	n/a	n/a	n/a	n/a	n/a	n/a
136.89	0.0	trigger_10	10	n/a	n/a	n/a	n/a	n/a	n/a	n/a
136.894	0.02	saccade	n/a	284.7	77.0	n/a	333.3	72.2	1.96	137.0
136.916	0.158	fixation	n/a	338.2	73.5	1149.0	n/a	n/a	n/a	n/a
137.076	0.022	saccade	n/a	335.9	74.7	n/a	400.0	70.5	2.59	182.0
137.1	0.218	fixation	n/a	401.5	73.9	1151.0	n/a	n/a	n/a	n/a
137.32	0.034	saccade	n/a	401.5	76.5	n/a	469.9	79.6	2.76	142.0
137.356	0.178	fixation	n/a	467.6	79.6	1159.0	n/a	n/a	n/a	n/a
137.536	0.02	saccade	n/a	466.9	78.2	n/a	524.0	76.6	2.29	162.0
137.558	0.14	fixation	n/a	528.4	77.6	1157.0	n/a	n/a	n/a	n/a
137.7	0.054	saccade	n/a	528.5	80.8	n/a	168.8	155.8	14.57	472.0
137.756	0.138	fixation	n/a	174.5	159.0	1164.0	n/a	n/a	n/a	n/a
137.896	0.012	saccade	n/a	171.2	161.0	n/a	146.4	157.2	0.98	98.0
137.91	0.152	fixation	n/a	147.2	157.0	1176.0	n/a	n/a	n/a	n/a
138.064	0.018	saccade	n/a	148.1	157.0	n/a	199.9	152.3	2.04	155.0
138.084	0.156	fixation	n/a	208.5	152.8	1149.0	n/a	n/a	n/a	n/a
138.242	0.022	saccade	n/a	205.9	152.2	n/a	262.7	149.4	2.26	163.0
138.266	0.33	fixation	n/a	270.9	149.9	1093.0	n/a	n/a	n/a	n/a
138.598	0.034	saccade	n/a	274.1	149.9	n/a	135.1	97.8	5.87	273.0
138.634	0.556	fixation	n/a	132.6	91.6	1111.0	n/a	n/a	n/a	n/a
139.192	0.02	saccade	n/a	128.5	88.1	n/a	184.9	81.4	2.22	169.0
139.214	0.27	fixation	n/a	192.1	87.7	1201.0	n/a	n/a	n/a	n/a
139.486	0.02	saccade	n/a	195.1	90.9	n/a	147.3	87.9	1.88	108.0
139.508	0.156	fixation	n/a	142.0	91.6	1159.0	n/a	n/a	n/a	n/a
139.666	0.02	saccade	n/a	141.0	91.6	n/a	196.0	90.7	2.16	163.0
139.688	0.278	fixation	n/a	206.9	97.3	1135.0	n/a	n/a	n/a	n/a
139.968	0.024	saccade	n/a	207.0	97.6	n/a	281.4	96.6	2.96	200.0
139.994	0.2	fixation	n/a	284.7	97.4	1131.0	n/a	n/a	n/a	n/a
140.196	0.004	saccade	n/a	283.4	98.0	n/a	278.6	95.8	0.21	44.0
140.202	0.166	fixation	n/a	277.9	97.4	1089.0	n/a	n/a	n/a	n/a
140.37	0.01	saccade	n/a	279.7	101.2	n/a	300.1	98.8	0.82	89.0
140.382	0.516	fixation	n/a	298.3	96.4	1034.0	n/a	n/a	n/a	n/a
140.9	0.058	saccade	n/a	289.9	92.5	n/a	531.6	81.9	9.68	344.0
140.96	0.234	fixation	n/a	541.0	85.9	1024.0	n/a	n/a	n/a	n/a
141.196	0.016	saccade	n/a	541.2	86.6	n/a	581.1	85.7	1.59	118.0
141.214	0.216	fixation	n/a	584.0	82.9	992.0	n/a	n/a	n/a	n/a
141.432	0.014	saccade	n/a	582.1	78.8	n/a	607.5	78.3	1.0	83.0
141.448	0.212	fixation	n/a	604.8	78.7	1017.0	n/a	n/a	n/a	n/a
141.662	0.044	saccade	n/a	602.5	77.6	n/a	410.4	78.0	7.67	269.0
141.708	0.158	fixation	n/a	412.3	79.9	1107.0	n/a	n/a	n/a	n/a
141.868	0.016	saccade	n/a	411.6	79.7	n/a	373.8	81.8	1.53	125.0
141.886	0.408	fixation	n/a	368.3	78.9	1192.0	n/a	n/a	n/a	n/a
142.296	0.02	saccade	n/a	367.7	81.6	n/a	407.5	77.9	1.61	97.0
142.318	0.232	fixation	n/a	417.7	78.3	1159.0	n/a	n/a	n/a	n/a
142.552	0.012	saccade	n/a	419.1	82.4	n/a	440.4	84.0	0.86	87.0
142.566	0.474	fixation	n/a	450.4	81.1	1080.0	n/a	n/a	n/a	n/a
143.042	0.01	saccade	n/a	452.8	81.5	n/a	436.9	81.4	0.64	71.0
143.054	0.166	fixation	n/a	439.6	79.9	1027.0	n/a	n/a	n/a	n/a
143.222	0.018	saccade	n/a	439.9	78.7	n/a	485.9	77.4	1.85	137.0
143.242	0.17	fixation	n/a	492.1	78.6	1032.0	n/a	n/a	n/a	n/a
143.414	0.01	saccade	n/a	493.5	77.8	n/a	509.2	79.4	0.63	68.0
143.426	0.358	fixation	n/a	513.0	81.6	1035.0	n/a	n/a	n/a	n/a
143.786	0.104	saccade	n/a	517.6	98.4	n/a	569.3	99.9	2.06	309.0
143.892	0.188	fixation	n/a	557.4	74.9	993.0	n/a	n/a	n/a	n/a
144.082	0.01	saccade	n/a	558.7	68.7	n/a	571.8	73.3	0.55	57.0
144.094	0.124	fixation	n/a	573.6	76.5	934.0	n/a	n/a	n/a	n/a
144.22	0.024	saccade	n/a	573.9	77.4	n/a	632.1	76.1	2.3	127.0
144.246	0.114	fixation	n/a	627.5	78.3	902.0	n/a	n/a	n/a	n/a
144.362	0.064	saccade	n/a	627.0	75.4	n/a	145.1	156.5	19.14	467.0
144.428	0.236	fixation	n/a	149.4	154.9	996.0	n/a	n/a	n/a	n/a
144.666	0.02	saccade	n/a	147.4	153.9	n/a	205.7	146.5	2.31	177.0
144.688	0.256	fixation	n/a	216.7	150.7	985.0	n/a	n/a	n/a	n/a
144.946	0.01	saccade	n/a	220.0	153.3	n/a	237.6	153.2	0.7	72.0
144.958	0.172	fixation	n/a	241.4	152.0	963.0	n/a	n/a	n/a	n/a
145.132	0.026	saccade	n/a	240.8	154.2	n/a	331.0	146.0	3.62	221.0
145.16	0.27	fixation	n/a	335.7	146.4	929.0	n/a	n/a	n/a	n/a
145.432	0.014	saccade	n/a	335.1	146.3	n/a	361.3	147.5	1.06	95.0
145.448	0.344	fixation	n/a	367.2	148.7	916.0	n/a	n/a	n/a	n/a
145.794	0.02	saccade	n/a	366.5	148.0	n/a	419.1	146.4	2.12	134.0
145.816	0.19	fixation	n/a	431.1	146.4	918.0	n/a	n/a	n/a	n/a
146.008	0.03	saccade	n/a	432.3	146.6	n/a	505.4	150.3	2.94	139.0
146.04	0.322	fixation	n/a	504.1	149.9	907.0	n/a	n/a	n/a	n/a
146.364	0.024	saccade	n/a	503.7	149.5	n/a	569.4	147.9	2.62	160.0
146.39	0.0	trigger_11	11	n/a	n/a	n/a	n/a	n/a	n/a	n/a
146.39	0.276	fixation	n/a	571.7	149.8	870.0	n/a	n/a	n/a	n/a
146.394	0.0	trigger_10	10	n/a	n/a	n/a	n/a	n/a	n/a	n/a
146.668	0.064	saccade	n/a	571.6	151.8	n/a	152.7	214.3	16.68	389.0
146.734	0.244	fixation	n/a	153.5	213.7	897.0	n/a	n/a	n/a	n/a
146.98	0.062	saccade	n/a	152.2	210.8	n/a	557.8	161.0	16.13	409.0
147.044	0.19	fixation	n/a	558.0	156.0	869.0	n/a	n/a	n/a	n/a
147.236	0.008	saccade	n/a	559.0	154.4	n/a	572.2	149.7	0.56	68.0
147.246	0.176	fixation	n/a	573.8	150.9	836.0	n/a	n/a	n/a	n/a
147.424	0.066	saccade	n/a	575.0	153.0	n/a	131.9	231.5	17.66	406.0
147.492	0.2	fixation	n/a	136.2	230.0	863.0	n/a	n/a	n/a	n/a
147.694	0.008	saccade	n/a	136.1	224.9	n/a	142.3	218.6	0.35	44.0
147.704	0.31	fixation	n/a	147.5	219.1	863.0	n/a	n/a	n/a	n/a
148.016	0.032	saccade	n/a	148.5	217.2	n/a	135.1	82.6	5.42	287.0
148.05	0.642	fixation	n/a	140.2	86.6	841.0	n/a	n/a	n/a	n/a
148.694	0.014	saccade	n/a	141.2	94.2	n/a	159.2	96.8	0.71	56.0
148.71	0.126	fixation	n/a	168.9	97.2	881.0	n/a	n/a	n/a	n/a
148.838	0.022	saccade	n/a	169.1	97.7	n/a	244.9	96.1	3.0	211.0
148.862	0.236	fixation	n/a	263.4	95.6	894.0	n/a	n/a	n/a	n/a
149.1	0.01	saccade	n/a	262.9	95.3	n/a	249.9	96.8	0.52	54.0
149.112	0.132	fixation	n/a	244.4	96.7	897.0	n/a	n/a	n/a	n/a
149.246	0.024	saccade	n/a	242.9	96.0	n/a	317.6	91.7	2.99	174.0
149.272	0.244	fixation	n/a	343.0	90.7	901.0	n/a	n/a	n/a	n/a
149.518	0.014	saccade	n/a	346.1	91.3	n/a	377.6	89.8	1.27	104.0
149.534	0.266	fixation	n/a	380.2	90.4	944.0	n/a	n/a	n/a	n/a
149.802	0.034	saccade	n/a	378.0	91.7	n/a	484.9	90.9	4.3	175.0
149.838	0.254	fixation	n/a	481.1	89.4	951.0	n/a	n/a	n/a	n/a
150.094	0.022	saccade	n/a	479.2	90.9	n/a	542.5	85.1	2.54	172.0
150.118	0.206	fixation	n/a	551.7	84.0	968.0	n/a	n/a	n/a	n/a
150.326	0.016	saccade	n/a	550.2	83.1	n/a	580.2	84.8	1.19	95.0
150.344	0.136	fixation	n/a	585.8	85.6	997.0	n/a	n/a	n/a	n/a
150.482	0.07	saccade	n/a	587.4	85.5	n/a	154.6	157.7	17.25	488.0
150.554	0.41	fixation	n/a	137.3	158.7	1071.0	n/a	n/a	n/a	n/a
150.966	0.02	saccade	n/a	127.4	154.2	n/a	180.2	142.7	2.12	151.0
150.988	0.502	fixation	n/a	188.2	147.0	1141.0	n/a	n/a	n/a	n/a
151.492	0.014	saccade	n/a	186.8	151.8	n/a	211.1	149.8	0.96	79.0
151.508	0.212	fixation	n/a	217.9	153.1	1086.0	n/a	n/a	n/a	n/a
151.722	0.016	saccade	n/a	219.2	151.6	n/a	189.7	151.0	1.17	84.0
151.74	0.592	fixation	n/a	187.3	151.6	1111.0	n/a	n/a	n/a	n/a
151.992	0.0	trigger_11	11	n/a	n/a	n/a	n/a	n/a	n/a	n/a
151.998	0.0	trigger_12	12	n/a	n/a	n/a	n/a	n/a	n/a	n/a
152.334	0.008	saccade	n/a	189.0	153.1	n/a	198.7	150.1	0.4	50.0
152.344	0.276	fixation	n/a	202.2	153.4	1100.0	n/a	n/a	n/a	n/a
152.622	0.012	saccade	n/a	204.9	155.2	n/a	225.6	150.7	0.84	74.0
152.636	0.454	fixation	n/a	235.2	150.3	1048.0	n/a	n/a	n/a	n/a
153.092	0.008	saccade	n/a	239.1	150.3	n/a	250.0	149.3	0.44	54.0
153.102	0.598	fixation	n/a	249.3	149.0	1027.0	n/a	n/a	n/a	n/a
153.702	0.024	saccade	n/a	246.7	147.3	n/a	183.5	100.3	3.15	210.0
153.728	0.174	fixation	n/a	178.1	97.4	1054.0	n/a	n/a	n/a	n/a
153.904	0.012	saccade	n/a	177.0	97.8	n/a	156.2	90.3	0.87	81.0
153.918	0.416	fixation	n/a	155.0	90.7	1104.0	n/a	n/a	n/a	n/a
154.336	0.088	saccade	n/a	155.1	90.4	n/a	168.0	124.0	1.45	484.0
154.426	0.06	fixation	n/a	168.0	104.3	1152.0	n/a	n/a	n/a	n/a
154.488	0.128	saccade	n/a	166.1	103.3	n/a	244.1	129.2	3.26	706.0
154.524	0.048	blink	n/a	n/a	n/a	n/a	n/a	n/a	n/a	n/a
154.618	0.166	fixation	n/a	245.0	108.8	1057.0	n/a	n/a	n/a	n/a
154.786	0.022	saccade	n/a	245.4	107.9	n/a	306.8	91.9	2.54	180.0
154.81	0.222	fixation	n/a	321.9	92.8	976.0	n/a	n/a	n/a	n/a
155.034	0.02	saccade	n/a	322.7	96.5	n/a	356.3	96.5	1.35	93.0
155.056	0.148	fixation	n/a	378.0	94.7	920.0	n/a	n/a	n/a	n/a
155.206	0.02	saccade	n/a	378.0	94.7	n/a	415.6	92.8	1.52	97.0
155.228	0.16	fixation	n/a	426.1	94.1	912.0	n/a	n/a	n/a	n/a
155.39	0.022	saccade	n/a	424.9	93.8	n/a	497.9	94.2	2.94	200.0
155.414	0.274	fixation	n/a	503.0	90.4	913.0	n/a	n/a	n/a	n/a
155.69	0.022	saccade	n/a	501.0	87.6	n/a	551.9	82.8	2.05	130.0
155.714	0.446	fixation	n/a	564.8	82.8	978.0	n/a	n/a	n/a	n/a
156.162	0.028	saccade	n/a	564.2	81.3	n/a	631.1	85.8	2.65	140.0
156.192	0.194	fixation	n/a	627.5	84.1	990.0	n/a	n/a	n/a	n/a
156.388	0.072	saccade	n/a	627.4	85.0	n/a	182.4	145.9	17.66	442.0
156.462	0.102	fixation	n/a	174.2	146.4	1033.0	n/a	n/a	n/a	n/a
156.566	0.02	saccade	n/a	171.1	145.4	n/a	148.2	101.4	1.99	152.0
156.588	0.236	fixation	n/a	144.1	99.1	1055.0	n/a	n/a	n/a	n/a
156.826	0.07	saccade	n/a	144.0	100.7	n/a	586.7	84.1	17.41	435.0
156.848	0.0	trigger_13	13	n/a	n/a	n/a	n/a	n/a	n/a	n/a
156.898	0.132	fixation	n/a	596.0	86.2	1028.0	n/a	n/a	n/a	n/a
157.032	0.066	saccade	n/a	596.6	86.3	n/a	176.6	151.6	16.78	511.0
157.1	0.122	fixation	n/a	169.1	153.6	1062.0	n/a	n/a	n/a	n/a
157.224	0.012	saccade	n/a	168.6	155.3	n/a	145.6	159.0	0.91	93.0
157.238	0.19	fixation	n/a	147.8	158.8	1044.0	n/a	n/a	n/a	n/a
157.43	0.02	saccade	n/a	145.0	156.1	n/a	198.9	156.2	2.12	154.0
157.452	0.21	fixation	n/a	209.4	156.4	1049.0	n/a	n/a	n/a	n/a
157.664	0.024	saccade	n/a	209.9	155.9	n/a	298.4	150.3	3.53	215.0
157.69	0.23	fixation	n/a	313.8	152.4	1002.0	n/a	n/a	n/a	n/a
157.922	0.014	saccade	n/a	313.7	153.8	n/a	343.6	154.0	1.2	102.0
157.938	0.262	fixation	n/a	352.1	156.9	970.0	n/a	n/a	n/a	n/a
158.202	0.02	saccade	n/a	351.2	156.3	n/a	396.5	154.0	1.83	138.0
158.224	0.312	fixation	n/a	421.8	157.3	915.0	n/a	n/a	n/a	n/a
158.538	0.016	saccade	n/a	421.3	158.7	n/a	452.4	158.4	1.25	111.0
158.556	0.242	fixation	n/a	454.3	157.7	908.0	n/a	n/a	n/a	n/a
158.8	0.01	saccade	n/a	451.4	156.2	n/a	433.9	152.0	0.72	73.0
158.812	0.214	fixation	n/a	432.0	150.6	944.0	n/a	n/a	n/a	n/a
159.028	0.046	saccade	n/a	429.2	149.9	n/a	150.6	167.1	11.08	402.0
159.076	0.282	fixation	n/a	151.4	167.1	1025.0	n/a	n/a	n/a	n/a
159.36	0.022	saccade	n/a	152.0	166.7	n/a	164.7	227.1	2.47	224.0
159.384	0.222	fixation	n/a	168.3	223.5	1038.0	n/a	n/a	n/a	n/a
159.608	0.022	saccade	n/a	170.2	223.5	n/a	172.9	280.6	2.29	178.0
159.632	0.22	fixation	n/a	173.9	274.1	1097.0	n/a	n/a	n/a	n/a
159.854	0.02	saccade	n/a	173.8	273.4	n/a	182.4	216.9	2.28	174.0
159.876	0.192	fixation	n/a	199.4	218.9	1090.0	n/a	n/a	n/a	n/a
160.07	0.026	saccade	n/a	200.2	217.7	n/a	221.3	124.4	3.86	254.0
160.098	0.212	fixation	n/a	219.6	110.2	1127.0	n/a	n/a	n/a	n/a
160.312	0.02	saccade	n/a	217.9	111.6	n/a	194.1	160.2	2.18	160.0
160.334	0.222	fixation	n/a	189.3	156.2	1236.0	n/a	n/a	n/a	n/a
160.558	0.018	saccade	n/a	185.7	156.8	n/a	178.2	198.5	1.7	134.0
160.578	0.29	fixation	n/a	180.7	195.1	1346.0	n/a	n/a	n/a	n/a
160.87	0.022	saccade	n/a	178.7	192.8	n/a	168.1	138.3	2.24	160.0
160.894	0.212	fixation	n/a	169.4	141.2	1364.0	n/a	n/a	n/a	n/a
161.108	0.018	saccade	n/a	167.3	140.3	n/a	194.4	179.6	1.91	144.0
161.128	0.166	fixation	n/a	198.0	177.9	1374.0	n/a	n/a	n/a	n/a
161.296	0.02	saccade	n/a	195.7	174.7	n/a	152.8	134.7	2.33	179.0
161.318	0.286	fixation	n/a	149.0	133.1	1442.0	n/a	n/a	n/a	n/a
161.606	0.02	saccade	n/a	142.3	131.3	n/a	186.4	115.1	1.85	141.0
161.628	0.142	fixation	n/a	184.4	114.9	1470.0	n/a	n/a	n/a	n/a
161.772	0.04	saccade	n/a	185.2	116.3	n/a	152.6	239.3	5.11	277.0
161.814	0.11	fixation	n/a	149.5	236.1	1508.0	n/a	n/a	n/a	n/a
161.926	0.034	saccade	n/a	147.8	238.9	n/a	132.1	67.2	6.91	365.0
161.962	0.182	fixation	n/a	150.4	64.1	1487.0	n/a	n/a	n/a	n/a
162.146	0.01	saccade	n/a	148.3	70.6	n/a	130.5	74.0	0.71	73.0
162.158	0.234	fixation	n/a	129.4	80.2	1419.0	n/a	n/a	n/a	n/a
162.394	0.054	saccade	n/a	133.1	84.3	n/a	164.5	282.1	7.99	334.0
162.45	0.132	fixation	n/a	164.6	290.1	1423.0	n/a	n/a	n/a	n/a
162.584	0.014	saccade	n/a	165.9	291.7	n/a	152.9	264.8	1.18	96.0
162.6	0.192	fixation	n/a	153.9	269.9	1379.0	n/a	n/a	n/a	n/a
162.794	0.012	saccade	n/a	156.5	270.9	n/a	184.6	271.3	1.1	108.0
162.808	0.352	fixation	n/a	195.3	272.3	1186.0	n/a	n/a	n/a	n/a
162.904	0.0	trigger_15	15	n/a	n/a	n/a	n/a	n/a	n/a	n/a
162.912	0.0	trigger_10	10	n/a	n/a	n/a	n/a	n/a	n/a	n/a
163.162	0.02	saccade	n/a	198.4	278.3	n/a	167.8	220.8	2.59	216.0
163.184	0.342	fixation	n/a	172.1	216.6	1245.0	n/a	n/a	n/a	n/a
163.528	0.02	saccade	n/a	171.3	211.8	n/a	183.7	160.4	2.13	162.0
163.55	0.156	fixation	n/a	187.2	158.8	1340.0	n/a	n/a	n/a	n/a
163.708	0.018	saccade	n/a	185.7	155.6	n/a	191.3	194.1	1.57	128.0
163.728	0.296	fixation	n/a	191.0	184.4	1419.0	n/a	n/a	n/a	n/a
164.026	0.02	saccade	n/a	191.0	182.9	n/a	155.3	138.3	2.28	167.0
164.048	0.096	fixation	n/a	153.2	142.1	1456.0	n/a	n/a	n/a	n/a
164.146	0.088	saccade	n/a	158.1	145.2	n/a	141.9	222.1	3.15	428.0
164.236	0.368	fixation	n/a	143.9	198.8	1455.0	n/a	n/a	n/a	n/a
164.606	0.018	saccade	n/a	144.7	199.1	n/a	165.5	160.4	1.76	128.0
164.626	0.158	fixation	n/a	174.5	158.9	1411.0	n/a	n/a	n/a	n/a
164.786	0.012	saccade	n/a	171.1	156.1	n/a	153.2	139.4	0.97	85.0
164.8	0.346	fixation	n/a	153.1	136.2	1436.0	n/a	n/a	n/a	n/a
165.148	0.028	saccade	n/a	152.5	135.5	n/a	133.3	55.2	3.32	230.0
165.178	0.086	fixation	n/a	134.9	71.1	1461.0	n/a	n/a	n/a	n/a
165.266	0.112	saccade	n/a	139.2	75.5	n/a	157.9	81.9	0.77	984.0
165.302	0.024	blink	n/a	n/a	n/a	n/a	n/a	n/a	n/a	n/a
165.38	0.114	fixation	n/a	160.4	66.3	1409.0	n/a	n/a	n/a	n/a
165.496	0.024	saccade	n/a	158.1	64.2	n/a	238.4	64.4	3.17	215.0
165.522	0.32	fixation	n/a	256.9	67.0	1337.0	n/a	n/a	n/a	n/a
165.844	0.006	saccade	n/a	262.3	71.3	n/a	271.1	71.4	0.35	50.0
165.852	0.164	fixation	n/a	272.0	72.5	1312.0	n/a	n/a	n/a	n/a
166.018	0.014	saccade	n/a	270.2	72.9	n/a	241.6	70.7	1.15	94.0
166.034	0.264	fixation	n/a	245.6	73.4	1303.0	n/a	n/a	n/a	n/a
166.3	0.014	saccade	n/a	249.7	74.1	n/a	273.8	69.1	0.98	78.0
166.316	0.318	fixation	n/a	276.3	71.3	1276.0	n/a	n/a	n/a	n/a
166.636	0.02	saccade	n/a	277.3	71.9	n/a	319.0	70.7	1.67	124.0
166.658	0.286	fixation	n/a	325.5	71.2	1288.0	n/a	n/a	n/a	n/a
166.946	0.022	saccade	n/a	323.4	73.2	n/a	391.5	68.4	2.75	193.0
166.97	0.388	fixation	n/a	405.2	73.3	1277.0	n/a	n/a	n/a	n/a
167.36	0.036	saccade	n/a	401.9	75.5	n/a	524.3	77.1	4.92	217.0
167.398	0.528	fixation	n/a	518.0	74.1	1262.0	n/a	n/a	n/a	n/a
167.928	0.066	saccade	n/a	516.2	74.1	n/a	158.8	143.5	14.43	356.0
167.996	0.168	fixation	n/a	166.0	145.3	1301.0	n/a	n/a	n/a	n/a
168.166	0.014	saccade	n/a	163.8	144.9	n/a	141.0	147.4	0.9	74.0
168.182	0.066	fixation	n/a	139.9	148.2	1278.0	n/a	n/a	n/a	n/a
168.25	0.066	saccade	n/a	139.7	148.8	n/a	531.2	69.8	15.77	443.0
168.318	0.314	fixation	n/a	538.4	73.9	1214.0	n/a	n/a	n/a	n/a
168.634	0.02	saccade	n/a	537.4	73.7	n/a	483.8	73.0	2.14	145.0
168.656	0.324	fixation	n/a	471.0	81.5	1154.0	n/a	n/a	n/a	n/a
168.982	0.014	saccade	n/a	470.2	86.1	n/a	443.3	80.5	1.11	94.0
168.998	0.098	fixation	n/a	438.4	82.3	1128.0	n/a	n/a	n/a	n/a
169.098	0.032	saccade	n/a	437.5	83.6	n/a	552.2	78.5	4.6	258.0
169.132	0.104	fixation	n/a	548.0	74.7	1132.0	n/a	n/a	n/a	n/a
169.238	0.068	saccade	n/a	548.8	72.6	n/a	144.1	147.7	16.25	523.0
169.308	0.318	fixation	n/a	132.8	149.0	1187.0	n/a	n/a	n/a	n/a
169.628	0.016	saccade	n/a	134.0	148.3	n/a	160.1	144.3	1.03	76.0
169.646	0.352	fixation	n/a	167.7	145.2	1148.0	n/a	n/a	n/a	n/a
170.0	0.018	saccade	n/a	170.3	144.7	n/a	220.3	138.3	1.99	156.0
170.02	0.296	fixation	n/a	227.2	137.3	1110.0	n/a	n/a	n/a	n/a
170.318	0.016	saccade	n/a	226.3	136.3	n/a	262.5	136.3	1.44	124.0
170.336	0.232	fixation	n/a	273.8	138.9	1088.0	n/a	n/a	n/a	n/a
170.57	0.022	saccade	n/a	273.0	140.4	n/a	341.4	136.1	2.75	182.0
170.594	0.33	fixation	n/a	357.5	136.7	1114.0	n/a	n/a	n/a	n/a
170.926	0.018	saccade	n/a	358.5	137.6	n/a	399.3	135.9	1.65	125.0
170.946	0.24	fixation	n/a	395.8	138.5	1118.0	n/a	n/a	n/a	n/a
171.188	0.038	saccade	n/a	396.2	141.8	n/a	514.9	138.4	4.77	190.0
171.228	0.632	fixation	n/a	510.0	140.5	1036.0	n/a	n/a	n/a	n/a
171.862	0.016	saccade	n/a	509.5	143.3	n/a	538.9	138.2	1.19	94.0
171.88	0.18	fixation	n/a	546.8	135.6	1030.0	n/a	n/a	n/a	n/a
172.062	0.056	saccade	n/a	546.0	136.5	n/a	244.4	90.7	12.16	394.0
172.12	0.148	fixation	n/a	245.4	96.4	1071.0	n/a	n/a	n/a	n/a
172.27	0.024	saccade	n/a	243.1	96.7	n/a	159.0	91.8	3.33	244.0
172.296	0.28	fixation	n/a	159.7	93.3	1057.0	n/a	n/a	n/a	n/a
172.578	0.036	saccade	n/a	159.1	94.6	n/a	272.5	86.6	4.5	238.0
172.616	0.252	fixation	n/a	274.5	83.6	1027.0	n/a	n/a	n/a	n/a
172.87	0.038	saccade	n/a	275.1	84.3	n/a	429.2	87.8	6.19	271.0
172.91	0.268	fixation	n/a	429.2	87.3	994.0	n/a	n/a	n/a	n/a
173.18	0.044	saccade	n/a	427.8	87.8	n/a	536.5	136.6	4.79	342.0
173.226	0.178	fixation	n/a	548.7	139.2	980.0	n/a	n/a	n/a	n/a
173.406	0.028	saccade	n/a	548.6	138.0	n/a	624.4	144.5	3.01	160.0
173.436	0.186	fixation	n/a	623.0	146.8	942.0	n/a	n/a	n/a	n/a
173.624	0.008	saccade	n/a	624.0	146.0	n/a	636.0	150.6	0.51	63.0
173.634	0.072	fixation	n/a	638.0	150.3	899.0	n/a	n/a	n/a	n/a
173.708	0.062	saccade	n/a	640.2	148.1	n/a	171.0	204.6	18.54	467.0
173.772	0.166	fixation	n/a	174.9	208.8	866.0	n/a	n/a	n/a	n/a
173.94	0.01	saccade	n/a	171.6	209.5	n/a	157.4	216.7	0.63	66.0
173.952	0.146	fixation	n/a	157.3	216.8	836.0	n/a	n/a	n/a	n/a
174.1	0.022	saccade	n/a	157.0	217.9	n/a	222.6	212.3	2.59	164.0
174.124	0.218	fixation	n/a	238.2	213.5	831.0	n/a	n/a	n/a	n/a
174.344	0.022	saccade	n/a	237.8	216.8	n/a	307.3	221.1	2.77	177.0
174.368	0.268	fixation	n/a	323.7	223.6	801.0	n/a	n/a	n/a	n/a
174.638	0.02	saccade	n/a	324.1	222.8	n/a	382.2	215.6	2.35	160.0
174.66	0.32	fixation	n/a	395.8	211.8	813.0	n/a	n/a	n/a	n/a
174.982	0.024	saccade	n/a	396.2	208.7	n/a	461.7	206.3	2.63	161.0
175.008	0.366	fixation	n/a	471.3	209.7	880.0	n/a	n/a	n/a	n/a
175.376	0.032	saccade	n/a	469.0	207.4	n/a	557.1	205.6	3.52	150.0
175.41	0.33	fixation	n/a	551.0	206.6	916.0	n/a	n/a	n/a	n/a
175.742	0.064	saccade	n/a	549.5	204.9	n/a	164.9	280.2	15.41	393.0
175.808	0.154	fixation	n/a	166.4	275.8	998.0	n/a	n/a	n/a	n/a
175.964	0.008	saccade	n/a	162.8	277.3	n/a	148.1	275.8	0.57	69.0
175.974	0.156	fixation	n/a	149.0	276.2	1003.0	n/a	n/a	n/a	n/a
176.132	0.022	saccade	n/a	147.2	276.6	n/a	224.1	271.3	3.01	220.0
176.156	0.298	fixation	n/a	250.2	271.0	927.0	n/a	n/a	n/a	n/a
176.456	0.032	saccade	n/a	253.5	275.3	n/a	338.4	277.1	3.38	175.0
176.49	0.27	fixation	n/a	353.6	277.3	863.0	n/a	n/a	n/a	n/a
176.762	0.012	saccade	n/a	354.2	278.1	n/a	373.5	279.5	0.77	70.0
176.776	0.278	fixation	n/a	374.1	278.8	867.0	n/a	n/a	n/a	n/a
177.056	0.008	saccade	n/a	372.7	277.5	n/a	383.8	276.8	0.44	56.0
177.066	0.794	fixation	n/a	384.5	272.1	901.0	n/a	n/a	n/a	n/a
177.862	0.03	saccade	n/a	378.9	268.3	n/a	357.5	176.1	3.84	216.0
177.894	0.304	fixation	n/a	366.5	170.7	936.0	n/a	n/a	n/a	n/a
178.2	0.044	saccade	n/a	365.2	168.4	n/a	489.3	146.9	5.06	180.0
178.246	0.214	fixation	n/a	487.7	145.5	968.0	n/a	n/a	n/a	n/a
178.462	0.05	saccade	n/a	488.0	145.2	n/a	202.9	155.9	11.37	404.0
178.514	0.134	fixation	n/a	206.6	157.0	1014.0	n/a	n/a	n/a	n/a
178.65	0.02	saccade	n/a	205.7	156.9	n/a	152.1	160.2	2.11	158.0
178.672	0.256	fixation	n/a	145.9	160.3	1045.0	n/a	n/a	n/a	n/a
178.93	0.024	saccade	n/a	143.1	159.1	n/a	126.3	80.3	3.23	229.0
178.956	0.202	fixation	n/a	138.4	82.6	1042.0	n/a	n/a	n/a	n/a
179.16	0.028	saccade	n/a	138.4	82.8	n/a	221.4	86.0	3.26	153.0
179.19	0.24	fixation	n/a	234.9	85.4	1088.0	n/a	n/a	n/a	n/a
179.432	0.016	saccade	n/a	237.1	84.8	n/a	275.1	82.3	1.52	118.0
179.45	0.358	fixation	n/a	280.2	83.8	1062.0	n/a	n/a	n/a	n/a
179.81	0.016	saccade	n/a	285.5	85.1	n/a	319.4	88.4	1.37	109.0
179.828	0.326	fixation	n/a	323.4	88.8	1018.0	n/a	n/a	n/a	n/a
180.156	0.022	saccade	n/a	322.9	91.1	n/a	393.1	86.6	2.83	224.0
180.18	0.302	fixation	n/a	397.8	87.4	1062.0	n/a	n/a	n/a	n/a
180.484	0.036	saccade	n/a	397.0	85.7	n/a	476.2	88.8	3.19	119.0
180.522	0.24	fixation	n/a	477.1	90.9	1062.0	n/a	n/a	n/a	n/a
180.764	0.022	saccade	n/a	476.2	89.5	n/a	542.2	89.5	2.64	171.0
180.788	0.282	fixation	n/a	549.3	84.0	1046.0	n/a	n/a	n/a	n/a
181.072	0.01	saccade	n/a	544.1	80.9	n/a	528.4	80.1	0.63	70.0
181.084	0.182	fixation	n/a	526.4	78.5	1113.0	n/a	n/a	n/a	n/a
181.268	0.058	saccade	n/a	524.1	78.5	n/a	259.6	96.9	10.59	314.0
181.328	0.12	fixation	n/a	262.2	98.5	1184.0	n/a	n/a	n/a	n/a
181.45	0.03	saccade	n/a	260.3	98.8	n/a	150.2	141.5	4.67	264.0
181.482	0.348	fixation	n/a	150.1	146.7	1219.0	n/a	n/a	n/a	n/a
181.832	0.02	saccade	n/a	149.4	146.4	n/a	211.5	146.0	2.44	167.0
181.854	0.254	fixation	n/a	226.1	145.1	1186.0	n/a	n/a	n/a	n/a
182.11	0.018	saccade	n/a	227.3	145.3	n/a	275.0	144.4	1.9	155.0
182.13	0.27	fixation	n/a	290.7	144.9	1124.0	n/a	n/a	n/a	n/a
182.402	0.024	saccade	n/a	290.9	146.6	n/a	355.4	141.1	2.6	143.0
182.428	0.214	fixation	n/a	363.8	140.1	1084.0	n/a	n/a	n/a	n/a
182.644	0.028	saccade	n/a	363.0	141.2	n/a	268.1	148.8	3.82	192.0
182.674	0.14	fixation	n/a	248.0	148.7	1092.0	n/a	n/a	n/a	n/a
182.816	0.016	saccade	n/a	246.0	151.7	n/a	212.2	147.7	1.35	110.0
182.834	0.18	fixation	n/a	210.3	151.9	1109.0	n/a	n/a	n/a	n/a
183.016	0.026	saccade	n/a	208.7	152.8	n/a	291.2	146.2	3.29	185.0
183.044	0.146	fixation	n/a	310.9	145.4	1157.0	n/a	n/a	n/a	n/a
183.192	0.02	saccade	n/a	310.7	144.0	n/a	378.8	142.8	2.74	209.0
183.214	0.244	fixation	n/a	382.4	142.9	1101.0	n/a	n/a	n/a	n/a
183.46	0.04	saccade	n/a	382.1	142.9	n/a	506.8	140.8	5.01	223.0
183.502	0.434	fixation	n/a	504.5	143.7	1030.0	n/a	n/a	n/a	n/a
183.938	0.036	saccade	n/a	505.5	149.0	n/a	623.9	151.6	4.7	198.0
183.976	0.282	fixation	n/a	621.0	151.6	931.0	n/a	n/a	n/a	n/a
184.26	0.008	saccade	n/a	624.6	154.4	n/a	637.4	154.0	0.5	60.0
184.27	0.068	fixation	n/a	637.8	153.5	883.0	n/a	n/a	n/a	n/a
184.34	0.072	saccade	n/a	637.3	153.6	n/a	170.9	216.5	18.46	445.0
184.414	0.198	fixation	n/a	163.1	219.4	899.0	n/a	n/a	n/a	n/a
184.614	0.068	saccade	n/a	160.0	217.7	n/a	617.0	156.7	18.09	436.0
184.684	0.376	fixation	n/a	614.0	151.1	994.0	n/a	n/a	n/a	n/a
185.062	0.018	saccade	n/a	612.5	154.0	n/a	647.4	153.2	1.37	115.0
185.082	0.142	fixation	n/a	645.8	153.0	1028.0	n/a	n/a	n/a	n/a
185.226	0.076	saccade	n/a	645.5	152.4	n/a	178.6	210.5	18.42	465.0
185.304	0.168	fixation	n/a	168.8	210.5	1147.0	n/a	n/a	n/a	n/a
185.474	0.008	saccade	n/a	166.2	208.2	n/a	153.1	214.4	0.57	70.0
185.484	0.166	fixation	n/a	152.5	213.4	1165.0	n/a	n/a	n/a	n/a
185.652	0.02	saccade	n/a	150.9	213.4	n/a	215.9	208.1	2.56	187.0
185.674	0.258	fixation	n/a	234.7	206.5	1123.0	n/a	n/a	n/a	n/a
185.934	0.024	saccade	n/a	238.1	203.2	n/a	314.2	205.9	3.03	232.0
185.96	0.218	fixation	n/a	319.0	204.3	1096.0	n/a	n/a	n/a	n/a
186.18	0.022	saccade	n/a	319.8	202.7	n/a	396.4	193.8	3.09	210.0
186.204	0.27	fixation	n/a	413.3	200.0	1065.0	n/a	n/a	n/a	n/a
186.322	0.0	trigger_11	11	n/a	n/a	n/a	n/a	n/a	n/a	n/a
186.33	0.0	trigger_10	10	n/a	n/a	n/a	n/a	n/a	n/a	n/a
186.476	0.026	saccade	n/a	411.3	199.7	n/a	488.4	204.8	3.1	190.0
186.504	0.368	fixation	n/a	486.1	204.7	1029.0	n/a	n/a	n/a	n/a
186.874	0.02	saccade	n/a	480.0	205.1	n/a	539.9	204.2	2.39	155.0
186.896	0.188	fixation	n/a	551.3	203.9	1034.0	n/a	n/a	n/a	n/a
187.086	0.068	saccade	n/a	551.3	202.3	n/a	156.9	271.5	15.74	464.0
187.156	0.248	fixation	n/a	148.9	274.8	1124.0	n/a	n/a	n/a	n/a
187.406	0.02	saccade	n/a	147.0	277.3	n/a	215.2	265.5	2.71	207.0
187.428	0.22	fixation	n/a	230.6	269.8	1046.0	n/a	n/a	n/a	n/a
187.65	0.036	saccade	n/a	233.4	271.0	n/a	367.4	280.1	5.34	246.0
187.688	0.582	fixation	n/a	371.5	275.2	955.0	n/a	n/a	n/a	n/a
188.272	0.05	saccade	n/a	378.9	274.5	n/a	183.7	100.2	10.47	427.0
188.324	0.204	fixation	n/a	187.3	94.0	943.0	n/a	n/a	n/a	n/a
188.53	0.014	saccade	n/a	184.0	93.1	n/a	155.2	91.2	1.13	89.0
188.546	0.192	fixation	n/a	153.0	93.5	959.0	n/a	n/a	n/a	n/a
188.74	0.048	saccade	n/a	154.4	101.1	n/a	242.4	152.8	4.05	196.0
188.79	0.036	fixation	n/a	240.1	128.9	1002.0	n/a	n/a	n/a	n/a
188.828	0.142	saccade	n/a	242.9	124.7	n/a	260.7	133.2	0.79	715.0
188.86	0.074	blink	n/a	n/a	n/a	n/a	n/a	n/a	n/a	n/a
188.972	0.15	fixation	n/a	257.3	110.8	1081.0	n/a	n/a	n/a	n/a
189.124	0.02	saccade	n/a	255.0	109.0	n/a	305.4	107.0	2.02	167.0
189.146	0.196	fixation	n/a	313.3	106.5	1070.0	n/a	n/a	n/a	n/a
189.344	0.02	saccade	n/a	314.5	107.6	n/a	371.6	106.0	2.3	174.0
189.366	0.256	fixation	n/a	376.7	104.0	1073.0	n/a	n/a	n/a	n/a
189.624	0.032	saccade	n/a	377.7	103.1	n/a	459.6	102.7	3.3	191.0
189.658	0.184	fixation	n/a	459.5	98.9	1114.0	n/a	n/a	n/a	n/a
189.844	0.014	saccade	n/a	456.7	96.0	n/a	421.7	95.4	1.41	113.0
189.86	0.172	fixation	n/a	412.8	95.9	1128.0	n/a	n/a	n/a	n/a
190.034	0.02	saccade	n/a	408.3	94.8	n/a	461.8	95.3	2.15	157.0
190.056	0.244	fixation	n/a	460.8	90.3	1149.0	n/a	n/a	n/a	n/a
190.302	0.018	saccade	n/a	457.8	84.4	n/a	503.1	80.1	1.82	129.0
190.322	0.242	fixation	n/a	506.5	77.8	1214.0	n/a	n/a	n/a	n/a
190.566	0.06	saccade	n/a	504.4	76.7	n/a	117.2	144.4	15.49	429.0
190.628	0.298	fixation	n/a	125.0	148.5	1258.0	n/a	n/a	n/a	n/a
190.928	0.014	saccade	n/a	126.0	152.2	n/a	154.7	152.2	1.12	97.0
190.944	0.334	fixation	n/a	163.1	148.9	1207.0	n/a	n/a	n/a	n/a
191.28	0.018	saccade	n/a	165.9	149.4	n/a	210.3	144.9	1.76	150.0
191.3	0.302	fixation	n/a	217.6	142.5	1162.0	n/a	n/a	n/a	n/a
191.604	0.016	saccade	n/a	219.2	143.1	n/a	254.7	141.3	1.41	124.0
191.622	0.244	fixation	n/a	257.7	142.5	1156.0	n/a	n/a	n/a	n/a
191.868	0.018	saccade	n/a	256.9	144.4	n/a	297.4	143.3	1.62	132.0
191.888	0.274	fixation	n/a	305.4	146.0	1096.0	n/a	n/a	n/a	n/a
192.164	0.01	saccade	n/a	307.9	148.0	n/a	322.6	147.2	0.59	62.0
192.176	0.29	fixation	n/a	327.9	148.4	1054.0	n/a	n/a	n/a	n/a
192.468	0.014	saccade	n/a	331.1	149.1	n/a	348.3	129.4	1.06	84.0
192.484	0.154	fixation	n/a	357.1	132.7	1061.0	n/a	n/a	n/a	n/a
192.64	0.018	saccade	n/a	357.7	132.0	n/a	405.6	143.8	1.99	156.0
192.66	0.2	fixation	n/a	414.5	144.1	1045.0	n/a	n/a	n/a	n/a
192.862	0.014	saccade	n/a	418.1	144.1	n/a	446.9	147.0	1.16	101.0
192.878	0.168	fixation	n/a	449.7	145.3	1040.0	n/a	n/a	n/a	n/a
193.048	0.018	saccade	n/a	449.6	144.1	n/a	495.4	142.4	1.84	132.0
193.068	0.272	fixation	n/a	508.8	145.5	1025.0	n/a	n/a	n/a	n/a
193.342	0.016	saccade	n/a	507.6	145.7	n/a	544.3	144.5	1.47	118.0
193.36	0.234	fixation	n/a	552.9	145.0	1016.0	n/a	n/a	n/a	n/a
193.596	0.014	saccade	n/a	553.3	147.3	n/a	578.9	143.7	1.03	91.0
193.612	0.174	fixation	n/a	577.9	146.3	994.0	n/a	n/a	n/a	n/a
193.788	0.018	saccade	n/a	576.8	148.3	n/a	617.2	146.6	1.6	112.0
193.808	0.254	fixation	n/a	624.6	150.6	952.0	n/a	n/a	n/a	n/a
194.064	0.062	saccade	n/a	626.0	153.2	n/a	175.2	216.5	17.86	437.0
194.128	0.142	fixation	n/a	179.1	218.6	953.0	n/a	n/a	n/a	n/a
194.272	0.012	saccade	n/a	174.9	221.1	n/a	154.0	223.0	0.82	70.0
194.286	0.256	fixation	n/a	150.1	224.1	906.0	n/a	n/a	n/a	n/a
194.544	0.024	saccade	n/a	149.4	224.5	n/a	216.6	215.6	2.66	156.0
194.57	0.298	fixation	n/a	230.5	214.2	970.0	n/a	n/a	n/a	n/a
194.87	0.02	saccade	n/a	228.4	216.6	n/a	287.9	213.8	2.37	178.0
194.892	0.366	fixation	n/a	294.2	212.3	1030.0	n/a	n/a	n/a	n/a
195.082	0.0	trigger_11	11	n/a	n/a	n/a	n/a	n/a	n/a	n/a
195.092	0.0	trigger_10	10	n/a	n/a	n/a	n/a	n/a	n/a	n/a
195.26	0.016	saccade	n/a	298.3	211.8	n/a	335.9	212.1	1.51	108.0
195.278	0.27	fixation	n/a	347.3	213.4	979.0	n/a	n/a	n/a	n/a
195.55	0.024	saccade	n/a	349.1	211.3	n/a	424.3	210.6	3.02	186.0
195.576	0.632	fixation	n/a	426.2	209.8	992.0	n/a	n/a	n/a	n/a
196.21	0.038	saccade	n/a	421.5	208.9	n/a	498.8	165.1	3.57	187.0
196.25	0.198	fixation	n/a	501.8	158.5	1000.0	n/a	n/a	n/a	n/a
196.45	0.022	saccade	n/a	500.5	159.2	n/a	559.2	153.5	2.35	170.0
196.474	0.156	fixation	n/a	563.6	150.8	971.0	n/a	n/a	n/a	n/a
196.632	0.044	saccade	n/a	560.0	150.6	n/a	368.6	199.1	7.91	333.0
196.678	0.212	fixation	n/a	368.7	204.3	1040.0	n/a	n/a	n/a	n/a
196.892	0.048	saccade	n/a	365.7	202.3	n/a	182.2	117.4	8.07	361.0
196.942	0.154	fixation	n/a	186.4	115.5	1107.0	n/a	n/a	n/a	n/a
197.098	0.018	saccade	n/a	184.7	115.2	n/a	150.0	98.8	1.51	124.0
197.118	0.318	fixation	n/a	157.1	104.3	1047.0	n/a	n/a	n/a	n/a
197.438	0.008	saccade	n/a	157.2	106.7	n/a	144.8	101.6	0.53	64.0
197.448	0.068	fixation	n/a	142.2	102.2	1066.0	n/a	n/a	n/a	n/a
197.518	0.132	saccade	n/a	142.9	101.0	n/a	207.5	132.6	2.84	929.0
197.56	0.05	blink	n/a	n/a	n/a	n/a	n/a	n/a	n/a	n/a
197.652	0.232	fixation	n/a	208.8	105.9	1094.0	n/a	n/a	n/a	n/a
197.886	0.018	saccade	n/a	210.4	100.5	n/a	254.2	98.0	1.74	129.0
197.906	0.208	fixation	n/a	258.0	97.2	1090.0	n/a	n/a	n/a	n/a
198.116	0.034	saccade	n/a	258.4	98.2	n/a	365.6	92.3	4.3	201.0
198.152	0.314	fixation	n/a	366.2	91.1	1114.0	n/a	n/a	n/a	n/a
198.468	0.016	saccade	n/a	367.7	95.0	n/a	405.5	93.2	1.53	122.0
198.486	0.202	fixation	n/a	406.7	98.0	1098.0	n/a	n/a	n/a	n/a
198.69	0.02	saccade	n/a	408.4	96.7	n/a	455.8	97.4	1.91	144.0
198.712	0.166	fixation	n/a	456.8	97.2	1059.0	n/a	n/a	n/a	n/a
198.88	0.032	saccade	n/a	455.3	93.9	n/a	536.6	88.9	3.26	140.0
198.914	0.24	fixation	n/a	531.5	85.8	1088.0	n/a	n/a	n/a	n/a
199.156	0.01	saccade	n/a	531.8	85.1	n/a	550.4	86.1	0.74	79.0
199.168	0.308	fixation	n/a	553.6	88.7	1090.0	n/a	n/a	n/a	n/a
199.478	0.066	saccade	n/a	553.6	92.3	n/a	174.7	149.7	15.18	475.0
199.546	0.146	fixation	n/a	164.9	153.0	1180.0	n/a	n/a	n/a	n/a
199.694	0.012	saccade	n/a	161.5	155.7	n/a	136.2	157.2	0.99	88.0
199.708	0.29	fixation	n/a	132.9	157.1	1193.0	n/a	n/a	n/a	n/a
200.0	0.03	saccade	n/a	130.6	157.2	n/a	225.7	154.5	3.74	192.0
200.032	0.332	fixation	n/a	228.9	152.1	1110.0	n/a	n/a	n/a	n/a
200.366	0.024	saccade	n/a	230.2	148.9	n/a	292.2	143.8	2.48	153.0
200.392	0.274	fixation	n/a	310.0	139.3	1079.0	n/a	n/a	n/a	n/a
200.668	0.022	saccade	n/a	309.3	137.0	n/a	375.5	132.0	2.67	167.0
200.692	0.466	fixation	n/a	389.0	136.5	1086.0	n/a	n/a	n/a	n/a
201.16	0.026	saccade	n/a	396.2	139.6	n/a	472.5	141.5	3.07	145.0
201.188	0.288	fixation	n/a	484.5	145.0	1049.0	n/a	n/a	n/a	n/a
201.478	0.014	saccade	n/a	484.4	148.4	n/a	514.5	146.2	1.21	105.0
201.494	0.31	fixation	n/a	516.7	147.2	1061.0	n/a	n/a	n/a	n/a
201.806	0.022	saccade	n/a	514.3	144.9	n/a	458.4	143.2	2.24	138.0
201.83	0.152	fixation	n/a	460.8	146.9	1074.0	n/a	n/a	n/a	n/a
201.984	0.02	saccade	n/a	459.1	148.9	n/a	513.3	146.9	2.17	165.0
202.006	0.186	fixation	n/a	523.8	143.5	1094.0	n/a	n/a	n/a	n/a
202.194	0.022	saccade	n/a	523.2	140.6	n/a	581.3	139.0	2.32	152.0
202.218	0.122	fixation	n/a	575.0	139.0	1102.0	n/a	n/a	n/a	n/a
202.342	0.062	saccade	n/a	576.2	139.6	n/a	148.6	213.7	17.06	445.0
202.406	0.184	fixation	n/a	152.9	212.9	1141.0	n/a	n/a	n/a	n/a
202.592	0.006	saccade	n/a	146.5	211.4	n/a	138.3	209.9	0.32	52.0
202.6	0.254	fixation	n/a	138.8	213.5	1118.0	n/a	n/a	n/a	n/a
202.856	0.016	saccade	n/a	140.9	217.2	n/a	174.1	208.2	1.35	110.0
202.874	0.14	fixation	n/a	187.9	210.5	1069.0	n/a	n/a	n/a	n/a
203.016	0.014	saccade	n/a	190.4	212.0	n/a	222.0	208.2	1.26	105.0
203.032	0.306	fixation	n/a	227.5	211.4	1047.0	n/a	n/a	n/a	n/a
203.34	0.02	saccade	n/a	227.3	213.3	n/a	288.7	211.0	2.45	167.0
203.362	0.274	fixation	n/a	308.1	214.9	1047.0	n/a	n/a	n/a	n/a
203.638	0.024	saccade	n/a	308.7	217.3	n/a	369.6	214.8	2.44	150.0
203.664	0.252	fixation	n/a	391.1	216.5	1014.0	n/a	n/a	n/a	n/a
203.918	0.016	saccade	n/a	395.1	219.5	n/a	428.2	217.1	1.33	100.0
203.936	0.192	fixation	n/a	439.8	216.6	964.0	n/a	n/a	n/a	n/a
204.13	0.02	saccade	n/a	441.5	217.9	n/a	486.0	217.9	1.78	131.0
204.152	0.212	fixation	n/a	497.0	221.5	925.0	n/a	n/a	n/a	n/a
204.366	0.016	saccade	n/a	498.1	221.2	n/a	532.6	220.7	1.38	111.0
204.384	0.226	fixation	n/a	540.9	219.3	892.0	n/a	n/a	n/a	n/a
204.612	0.022	saccade	n/a	539.1	217.1	n/a	590.2	216.3	2.03	123.0
204.636	0.2	fixation	n/a	598.2	218.8	884.0	n/a	n/a	n/a	n/a
204.838	0.062	saccade	n/a	598.2	215.9	n/a	178.5	277.8	16.64	410.0
204.902	0.142	fixation	n/a	181.5	275.8	951.0	n/a	n/a	n/a	n/a
205.046	0.012	saccade	n/a	175.5	273.4	n/a	149.7	274.3	1.01	93.0
205.06	0.208	fixation	n/a	147.3	275.3	950.0	n/a	n/a	n/a	n/a
205.27	0.006	saccade	n/a	144.5	278.1	n/a	135.6	277.1	0.35	47.0
205.278	0.262	fixation	n/a	138.2	280.5	862.0	n/a	n/a	n/a	n/a
205.542	0.014	saccade	n/a	140.6	282.8	n/a	167.7	280.6	1.06	90.0
205.558	0.152	fixation	n/a	186.1	281.2	799.0	n/a	n/a	n/a	n/a
205.712	0.014	saccade	n/a	184.1	280.5	n/a	159.3	280.2	0.97	73.0
205.728	0.15	fixation	n/a	155.2	283.0	799.0	n/a	n/a	n/a	n/a
205.88	0.018	saccade	n/a	154.6	282.8	n/a	194.3	278.0	1.56	124.0
205.9	0.178	fixation	n/a	205.2	279.6	817.0	n/a	n/a	n/a	n/a
206.08	0.018	saccade	n/a	204.5	278.4	n/a	255.7	277.1	2.02	148.0
206.1	0.408	fixation	n/a	272.3	276.8	798.0	n/a	n/a	n/a	n/a
206.51	0.02	saccade	n/a	273.4	277.7	n/a	316.5	274.4	1.72	107.0
206.532	0.26	fixation	n/a	330.2	273.9	774.0	n/a	n/a	n/a	n/a
206.794	0.014	saccade	n/a	329.8	272.9	n/a	358.3	276.3	1.15	90.0
206.81	0.118	fixation	n/a	367.1	276.0	781.0	n/a	n/a	n/a	n/a
206.93	0.078	saccade	n/a	370.8	280.6	n/a	382.1	309.9	1.26	474.0
207.01	0.334	fixation	n/a	373.9	278.7	764.0	n/a	n/a	n/a	n/a
207.346	0.018	saccade	n/a	373.7	278.7	n/a	420.9	276.8	1.89	128.0
207.366	0.25	fixation	n/a	429.2	279.6	725.0	n/a	n/a	n/a	n/a
207.618	0.028	saccade	n/a	429.6	277.5	n/a	507.1	280.6	3.1	167.0
207.648	0.268	fixation	n/a	505.9	280.3	683.0	n/a	n/a	n/a	n/a
207.918	0.02	saccade	n/a	505.2	283.4	n/a	465.3	280.5	1.59	111.0
207.94	0.072	fixation	n/a	455.5	282.8	660.0	n/a	n/a	n/a	n/a
208.014	0.116	saccade	n/a	457.8	288.2	n/a	481.5	318.3	1.53	704.0
208.042	0.056	blink	n/a	n/a	n/a	n/a	n/a	n/a	n/a	n/a
208.132	0.13	fixation	n/a	468.9	292.5	627.0	n/a	n/a	n/a	n/a
208.264	0.012	saccade	n/a	468.4	286.9	n/a	493.8	288.0	1.01	92.0
208.278	0.148	fixation	n/a	501.0	284.4	645.0	n/a	n/a	n/a	n/a
208.428	0.016	saccade	n/a	500.1	282.9	n/a	531.3	280.3	1.24	108.0
208.446	0.33	fixation	n/a	538.5	278.4	702.0	n/a	n/a	n/a	n/a
208.778	0.02	saccade	n/a	536.4	276.2	n/a	587.4	276.3	2.02	136.0
208.8	0.292	fixation	n/a	598.3	276.4	709.0	n/a	n/a	n/a	n/a
209.094	0.024	saccade	n/a	599.6	278.5	n/a	524.2	275.5	2.98	166.0
209.12	0.462	fixation	n/a	503.9	280.5	689.0	n/a	n/a	n/a	n/a
209.584	0.014	saccade	n/a	498.7	279.0	n/a	524.3	278.7	1.02	89.0
209.6	0.24	fixation	n/a	534.5	277.0	753.0	n/a	n/a	n/a	n/a
209.842	0.022	saccade	n/a	535.1	277.2	n/a	601.5	277.0	2.62	163.0
209.866	0.348	fixation	n/a	612.6	281.1	778.0	n/a	n/a	n/a	n/a
210.216	0.076	saccade	n/a	612.5	281.8	n/a	156.5	347.0	17.9	386.0
210.294	0.264	fixation	n/a	145.1	347.2	839.0	n/a	n/a	n/a	n/a
210.56	0.01	saccade	n/a	143.6	347.6	n/a	160.2	343.8	0.66	68.0
210.572	0.152	fixation	n/a	170.9	341.2	819.0	n/a	n/a	n/a	n/a
210.726	0.018	saccade	n/a	172.5	340.1	n/a	223.8	332.7	2.02	146.0
210.746	0.43	fixation	n/a	239.4	332.3	802.0	n/a	n/a	n/a	n/a
211.178	0.028	saccade	n/a	242.9	333.2	n/a	342.0	334.1	3.92	196.0
211.208	0.248	fixation	n/a	355.4	332.1	797.0	n/a	n/a	n/a	n/a
211.458	0.012	saccade	n/a	356.7	331.6	n/a	380.7	331.9	0.95	96.0
211.472	0.248	fixation	n/a	384.7	332.0	803.0	n/a	n/a	n/a	n/a
211.722	0.018	saccade	n/a	385.0	332.4	n/a	426.9	335.7	1.67	112.0
211.742	0.294	fixation	n/a	437.8	336.5	779.0	n/a	n/a	n/a	n/a
212.038	0.018	saccade	n/a	439.0	336.5	n/a	477.9	336.9	1.54	107.0
212.058	0.33	fixation	n/a	485.8	340.4	779.0	n/a	n/a	n/a	n/a
212.308	0.0	trigger_11	11	n/a	n/a	n/a	n/a	n/a	n/a	n/a
212.31	0.0	trigger_10	10	n/a	n/a	n/a	n/a	n/a	n/a	n/a
212.39	0.018	saccade	n/a	485.0	340.1	n/a	521.9	334.9	1.48	91.0
212.41	0.392	fixation	n/a	530.2	337.9	780.0	n/a	n/a	n/a	n/a
212.804	0.024	saccade	n/a	530.1	337.6	n/a	594.5	340.1	2.53	146.0
212.83	0.186	fixation	n/a	609.2	340.5	745.0	n/a	n/a	n/a	n/a
213.018	0.008	saccade	n/a	608.4	341.2	n/a	596.6	343.1	0.47	55.0
213.028	0.306	fixation	n/a	596.4	339.6	741.0	n/a	n/a	n/a	n/a
213.336	0.048	saccade	n/a	595.5	338.7	n/a	378.8	276.5	8.92	327.0
213.386	0.202	fixation	n/a	382.4	275.5	786.0	n/a	n/a	n/a	n/a
213.59	0.018	saccade	n/a	382.0	274.2	n/a	425.4	276.1	1.74	136.0
213.61	0.216	fixation	n/a	435.6	273.9	832.0	n/a	n/a	n/a	n/a
213.828	0.044	saccade	n/a	435.1	274.7	n/a	650.2	342.0	8.87	302.0
213.874	0.184	fixation	n/a	644.6	339.9	803.0	n/a	n/a	n/a	n/a
214.06	0.014	saccade	n/a	644.5	342.0	n/a	616.4	338.6	1.1	93.0
214.076	0.132	fixation	n/a	615.4	340.0	804.0	n/a	n/a	n/a	n/a
214.21	0.066	saccade	n/a	614.8	340.8	n/a	220.3	109.1	18.06	436.0
214.278	0.212	fixation	n/a	220.3	106.8	827.0	n/a	n/a	n/a	n/a
214.492	0.022	saccade	n/a	215.6	106.3	n/a	145.2	90.0	2.85	205.0
214.516	0.276	fixation	n/a	140.1	93.4	894.0	n/a	n/a	n/a	n/a
214.794	0.014	saccade	n/a	141.4	95.4	n/a	172.7	99.6	1.24	112.0
214.81	0.204	fixation	n/a	181.5	102.8	909.0	n/a	n/a	n/a	n/a
215.016	0.016	saccade	n/a	184.0	102.5	n/a	224.2	106.2	1.6	125.0
215.034	0.184	fixation	n/a	231.5	106.4	906.0	n/a	n/a	n/a	n/a
215.22	0.012	saccade	n/a	229.4	107.0	n/a	207.5	106.9	0.87	79.0
215.234	0.264	fixation	n/a	208.1	109.3	954.0	n/a	n/a	n/a	n/a
215.5	0.02	saccade	n/a	206.6	110.3	n/a	266.5	104.7	2.39	187.0
215.522	0.17	fixation	n/a	267.2	103.1	1018.0	n/a	n/a	n/a	n/a
215.694	0.016	saccade	n/a	265.6	102.5	n/a	293.7	97.0	1.15	97.0
215.712	0.25	fixation	n/a	295.8	96.5	1028.0	n/a	n/a	n/a	n/a
215.964	0.022	saccade	n/a	292.8	96.1	n/a	347.1	92.7	2.18	132.0
215.988	0.29	fixation	n/a	358.2	94.0	1016.0	n/a	n/a	n/a	n/a
216.28	0.016	saccade	n/a	356.7	94.3	n/a	394.1	92.6	1.51	125.0
216.298	0.228	fixation	n/a	400.4	93.2	994.0	n/a	n/a	n/a	n/a
216.528	0.02	saccade	n/a	400.2	92.5	n/a	442.4	93.0	1.7	109.0
216.55	0.246	fixation	n/a	455.2	89.5	991.0	n/a	n/a	n/a	n/a
216.798	0.022	saccade	n/a	454.8	86.8	n/a	502.7	86.2	1.92	125.0
216.822	0.242	fixation	n/a	512.8	85.2	1010.0	n/a	n/a	n/a	n/a
217.066	0.06	saccade	n/a	512.9	86.3	n/a	151.0	155.7	14.58	392.0
217.128	0.134	fixation	n/a	157.3	158.5	1029.0	n/a	n/a	n/a	n/a
217.264	0.008	saccade	n/a	151.9	155.6	n/a	138.8	152.0	0.53	67.0
217.274	0.494	fixation	n/a	135.1	157.4	1048.0	n/a	n/a	n/a	n/a
217.77	0.018	saccade	n/a	135.1	161.4	n/a	182.7	154.1	1.89	148.0
217.79	0.31	fixation	n/a	194.0	156.4	1034.0	n/a	n/a	n/a	n/a
218.102	0.01	saccade	n/a	198.0	157.7	n/a	213.2	156.3	0.6	60.0
218.114	0.656	fixation	n/a	213.0	154.7	1061.0	n/a	n/a	n/a	n/a
218.772	0.024	saccade	n/a	215.0	154.7	n/a	191.2	123.7	1.57	101.0
218.798	0.05	fixation	n/a	181.7	116.5	1070.0	n/a	n/a	n/a	n/a
218.85	0.014	saccade	n/a	171.2	123.1	n/a	173.3	153.7	1.24	90.0
218.866	0.338	fixation	n/a	188.0	140.0	1087.0	n/a	n/a	n/a	n/a
219.206	0.02	saccade	n/a	191.4	140.2	n/a	155.9	105.2	1.99	149.0
219.228	0.124	fixation	n/a	158.3	110.6	1025.0	n/a	n/a	n/a	n/a
219.354	0.15	saccade	n/a	162.7	117.3	n/a	174.9	176.2	2.42	407.0
219.418	0.026	blink	n/a	n/a	n/a	n/a	n/a	n/a	n/a	n/a
219.506	0.234	fixation	n/a	177.8	143.3	1137.0	n/a	n/a	n/a	n/a
219.742	0.014	saccade	n/a	176.0	137.5	n/a	204.6	156.2	1.36	108.0
219.758	0.262	fixation	n/a	204.0	153.1	1171.0	n/a	n/a	n/a	n/a
220.022	0.022	saccade	n/a	201.8	153.2	n/a	153.2	100.3	2.87	220.0
220.046	0.326	fixation	n/a	150.8	100.9	1245.0	n/a	n/a	n/a	n/a
220.374	0.02	saccade	n/a	149.5	99.8	n/a	189.7	143.5	2.37	181.0
220.396	0.24	fixation	n/a	189.0	139.5	1345.0	n/a	n/a	n/a	n/a
220.638	0.03	saccade	n/a	193.4	141.9	n/a	127.4	79.2	3.62	212.0
220.67	0.27	fixation	n/a	142.3	85.8	1424.0	n/a	n/a	n/a	n/a
220.942	0.128	saccade	n/a	145.7	91.7	n/a	187.2	122.0	2.04	568.0
221.072	0.304	fixation	n/a	188.0	94.1	1411.0	n/a	n/a	n/a	n/a
221.378	0.172	saccade	n/a	190.3	97.6	n/a	150.9	108.7	1.61	768.0
221.416	0.078	blink	n/a	n/a	n/a	n/a	n/a	n/a	n/a	n/a
221.552	0.284	fixation	n/a	150.6	92.0	1325.0	n/a	n/a	n/a	n/a
221.838	0.016	saccade	n/a	148.4	89.6	n/a	185.8	91.4	1.47	105.0
221.856	0.252	fixation	n/a	191.7	93.6	1310.0	n/a	n/a	n/a	n/a
222.11	0.02	saccade	n/a	192.5	92.8	n/a	142.5	78.0	2.05	152.0
222.132	0.17	fixation	n/a	141.5	78.0	1364.0	n/a	n/a	n/a	n/a
222.304	0.022	saccade	n/a	140.0	77.7	n/a	195.0	83.7	2.17	144.0
222.328	0.518	fixation	n/a	193.7	84.2	1427.0	n/a	n/a	n/a	n/a
222.848	0.016	saccade	n/a	189.1	80.5	n/a	233.3	82.4	1.75	145.0
222.866	0.256	fixation	n/a	240.5	82.9	1504.0	n/a	n/a	n/a	n/a
223.124	0.018	saccade	n/a	241.7	86.5	n/a	284.8	74.3	1.79	121.0
223.144	0.582	fixation	n/a	292.1	73.7	1466.0	n/a	n/a	n/a	n/a
223.728	0.014	saccade	n/a	291.7	65.7	n/a	319.3	64.7	1.11	91.0
223.744	0.232	fixation	n/a	320.8	66.9	1504.0	n/a	n/a	n/a	n/a
223.978	0.01	saccade	n/a	320.0	70.7	n/a	302.1	66.1	0.74	76.0
223.99	0.374	fixation	n/a	299.8	68.6	1530.0	n/a	n/a	n/a	n/a
224.366	0.022	saccade	n/a	295.1	67.7	n/a	338.9	64.6	1.76	97.0
224.39	0.36	fixation	n/a	332.0	61.4	1532.0	n/a	n/a	n/a	n/a
224.752	0.02	saccade	n/a	326.8	56.0	n/a	382.3	59.7	2.24	162.0
224.774	0.252	fixation	n/a	384.4	62.0	1555.0	n/a	n/a	n/a	n/a
225.028	0.02	saccade	n/a	387.0	65.7	n/a	436.3	66.0	1.99	143.0
225.05	0.19	fixation	n/a	453.1	71.3	1450.0	n/a	n/a	n/a	n/a
225.242	0.02	saccade	n/a	454.5	72.7	n/a	507.2	72.3	2.11	146.0
225.264	0.318	fixation	n/a	516.3	73.7	1334.0	n/a	n/a	n/a	n/a
225.584	0.056	saccade	n/a	515.7	78.4	n/a	167.6	131.1	13.95	405.0
225.642	0.154	fixation	n/a	168.7	129.0	1302.0	n/a	n/a	n/a	n/a
225.798	0.01	saccade	n/a	166.6	130.8	n/a	145.9	136.7	0.84	88.0
225.81	0.462	fixation	n/a	134.7	131.7	1344.0	n/a	n/a	n/a	n/a
226.274	0.024	saccade	n/a	126.8	127.1	n/a	199.5	116.9	2.88	179.0
226.3	0.596	fixation	n/a	208.3	116.5	1428.0	n/a	n/a	n/a	n/a
226.374	0.0	trigger_11	11	n/a	n/a	n/a	n/a	n/a	n/a	n/a
226.378	0.0	trigger_10	10	n/a	n/a	n/a	n/a	n/a	n/a	n/a
226.898	0.018	saccade	n/a	208.1	116.0	n/a	166.2	110.9	1.66	127.0
226.918	0.244	fixation	n/a	167.0	115.1	1461.0	n/a	n/a	n/a	n/a
227.164	0.02	saccade	n/a	166.0	116.2	n/a	152.1	66.3	2.08	163.0
227.186	0.192	fixation	n/a	153.6	69.3	1452.0	n/a	n/a	n/a	n/a
227.38	0.02	saccade	n/a	152.6	70.9	n/a	193.7	113.2	2.35	197.0
227.402	0.174	fixation	n/a	196.4	112.4	1455.0	n/a	n/a	n/a	n/a
227.578	0.028	saccade	n/a	195.0	114.0	n/a	123.0	61.0	3.54	213.0
227.608	0.254	fixation	n/a	132.4	67.9	1477.0	n/a	n/a	n/a	n/a
227.864	0.016	saccade	n/a	136.0	68.2	n/a	162.6	63.7	1.05	77.0
227.882	0.142	fixation	n/a	171.0	66.7	1475.0	n/a	n/a	n/a	n/a
228.026	0.024	saccade	n/a	169.9	66.1	n/a	246.9	64.4	3.04	174.0
228.052	0.186	fixation	n/a	261.4	64.7	1428.0	n/a	n/a	n/a	n/a
228.24	0.016	saccade	n/a	264.3	65.4	n/a	302.2	61.8	1.52	138.0
228.258	0.136	fixation	n/a	310.6	60.5	1370.0	n/a	n/a	n/a	n/a
228.396	0.036	saccade	n/a	311.5	61.6	n/a	138.3	69.8	6.85	367.0
228.434	0.282	fixation	n/a	141.7	69.0	1309.0	n/a	n/a	n/a	n/a
228.718	0.012	saccade	n/a	142.2	71.5	n/a	121.1	70.1	0.82	77.0
228.732	0.124	fixation	n/a	121.4	69.8	1334.0	n/a	n/a	n/a	n/a
228.858	0.02	saccade	n/a	119.6	71.0	n/a	186.0	71.9	2.59	186.0
228.88	0.304	fixation	n/a	207.9	79.6	1286.0	n/a	n/a	n/a	n/a
229.186	0.034	saccade	n/a	210.3	81.0	n/a	305.4	69.1	3.82	228.0
229.222	0.218	fixation	n/a	300.0	68.6	1180.0	n/a	n/a	n/a	n/a
229.442	0.036	saccade	n/a	302.9	69.3	n/a	395.7	68.4	3.73	134.0
229.48	0.248	fixation	n/a	394.9	70.7	1161.0	n/a	n/a	n/a	n/a
229.73	0.016	saccade	n/a	395.8	74.8	n/a	433.5	80.4	1.54	131.0
229.748	0.15	fixation	n/a	443.2	86.9	1138.0	n/a	n/a	n/a	n/a
229.9	0.074	saccade	n/a	444.1	94.4	n/a	435.5	132.3	1.59	406.0
229.976	0.18	fixation	n/a	427.8	101.8	1090.0	n/a	n/a	n/a	n/a
230.158	0.02	saccade	n/a	424.3	97.4	n/a	469.5	97.6	1.82	127.0
230.18	0.206	fixation	n/a	478.8	100.1	1057.0	n/a	n/a	n/a	n/a
230.388	0.02	saccade	n/a	477.4	99.1	n/a	530.1	95.3	2.12	144.0
230.41	0.124	fixation	n/a	541.5	94.6	1070.0	n/a	n/a	n/a	n/a
230.536	0.138	saccade	n/a	539.1	106.4	n/a	553.2	121.9	0.84	879.0
230.566	0.0	trigger_11	11	n/a	n/a	n/a	n/a	n/a	n/a	n/a
230.568	0.06	blink	n/a	n/a	n/a	n/a	n/a	n/a	n/a	n/a
230.572	0.0	trigger_10	10	n/a	n/a	n/a	n/a	n/a	n/a	n/a
230.676	0.136	fixation	n/a	547.9	113.2	1121.0	n/a	n/a	n/a	n/a
230.814	0.01	saccade	n/a	549.0	105.5	n/a	565.9	105.5	0.67	72.0
230.826	0.36	fixation	n/a	566.1	105.3	1073.0	n/a	n/a	n/a	n/a
231.188	0.016	saccade	n/a	567.2	103.0	n/a	611.6	100.3	1.76	143.0
231.206	0.286	fixation	n/a	613.1	93.5	1107.0	n/a	n/a	n/a	n/a
231.494	0.064	saccade	n/a	611.4	87.5	n/a	155.4	145.8	18.04	486.0
231.56	0.164	fixation	n/a	157.5	146.2	1219.0	n/a	n/a	n/a	n/a
231.726	0.012	saccade	n/a	155.0	147.1	n/a	130.5	148.8	0.96	87.0
231.74	0.234	fixation	n/a	133.8	146.7	1234.0	n/a	n/a	n/a	n/a
231.976	0.074	saccade	n/a	133.4	146.1	n/a	571.1	85.1	17.37	405.0
232.052	0.21	fixation	n/a	580.2	88.2	1173.0	n/a	n/a	n/a	n/a
232.264	0.054	saccade	n/a	581.4	89.8	n/a	201.3	90.1	15.05	495.0
232.32	0.142	fixation	n/a	205.2	94.6	1180.0	n/a	n/a	n/a	n/a
232.464	0.028	saccade	n/a	203.3	96.2	n/a	120.9	78.8	3.3	198.0
232.494	0.376	fixation	n/a	124.0	84.0	1220.0	n/a	n/a	n/a	n/a
232.872	0.018	saccade	n/a	124.1	86.5	n/a	166.7	91.6	1.68	131.0
232.892	0.132	fixation	n/a	170.8	94.2	1264.0	n/a	n/a	n/a	n/a
233.026	0.016	saccade	n/a	171.1	95.8	n/a	141.2	91.6	1.18	84.0
233.044	0.282	fixation	n/a	136.9	91.2	1197.0	n/a	n/a	n/a	n/a
233.328	0.008	saccade	n/a	143.3	93.3	n/a	157.5	94.6	0.56	67.0
233.338	0.168	fixation	n/a	160.0	95.2	1139.0	n/a	n/a	n/a	n/a
233.508	0.02	saccade	n/a	161.1	96.2	n/a	213.4	96.0	2.06	156.0
233.53	0.254	fixation	n/a	222.4	99.4	1085.0	n/a	n/a	n/a	n/a
233.786	0.024	saccade	n/a	221.4	100.3	n/a	305.4	96.8	3.36	225.0
233.812	0.338	fixation	n/a	308.6	99.4	1044.0	n/a	n/a	n/a	n/a
234.152	0.022	saccade	n/a	306.9	102.4	n/a	366.3	97.2	2.4	142.0
234.176	0.304	fixation	n/a	383.6	104.0	1006.0	n/a	n/a	n/a	n/a
234.482	0.016	saccade	n/a	384.1	109.0	n/a	415.4	109.0	1.26	97.0
234.5	0.224	fixation	n/a	421.0	112.5	979.0	n/a	n/a	n/a	n/a
234.726	0.018	saccade	n/a	421.2	113.2	n/a	472.2	110.1	2.06	154.0
234.746	0.26	fixation	n/a	492.3	111.3	1003.0	n/a	n/a	n/a	n/a
235.008	0.024	saccade	n/a	492.5	113.2	n/a	573.0	105.0	3.23	193.0
235.034	0.438	fixation	n/a	577.2	102.5	992.0	n/a	n/a	n/a	n/a
235.474	0.016	saccade	n/a	572.0	100.7	n/a	614.9	101.9	1.7	142.0
235.492	0.394	fixation	n/a	616.7	99.4	1028.0	n/a	n/a	n/a	n/a
235.888	0.066	saccade	n/a	615.6	97.0	n/a	300.7	154.0	12.73	296.0
235.956	0.126	fixation	n/a	301.1	151.3	1159.0	n/a	n/a	n/a	n/a
236.084	0.038	saccade	n/a	298.6	148.8	n/a	130.4	151.5	6.64	322.0
236.124	0.284	fixation	n/a	128.1	146.4	1257.0	n/a	n/a	n/a	n/a
236.41	0.016	saccade	n/a	131.9	145.4	n/a	171.6	145.3	1.55	119.0
236.428	0.272	fixation	n/a	177.3	145.9	1227.0	n/a	n/a	n/a	n/a
236.702	0.014	saccade	n/a	179.5	145.8	n/a	210.8	142.7	1.24	104.0
236.718	0.158	fixation	n/a	218.5	145.1	1221.0	n/a	n/a	n/a	n/a
236.878	0.02	saccade	n/a	217.4	143.8	n/a	271.7	141.3	2.17	153.0
236.9	0.242	fixation	n/a	280.2	142.6	1232.0	n/a	n/a	n/a	n/a
237.144	0.02	saccade	n/a	280.4	141.7	n/a	331.9	136.0	2.08	136.0
237.166	0.32	fixation	n/a	350.4	142.1	1216.0	n/a	n/a	n/a	n/a
237.488	0.018	saccade	n/a	353.5	149.4	n/a	399.0	149.9	1.83	148.0
237.508	0.186	fixation	n/a	404.9	149.3	1160.0	n/a	n/a	n/a	n/a
237.696	0.014	saccade	n/a	406.7	152.8	n/a	437.0	154.0	1.22	102.0
237.712	0.168	fixation	n/a	441.4	158.3	1114.0	n/a	n/a	n/a	n/a
237.882	0.03	saccade	n/a	441.5	161.5	n/a	528.6	159.7	3.49	202.0
237.914	0.34	fixation	n/a	530.4	162.1	1055.0	n/a	n/a	n/a	n/a
238.256	0.022	saccade	n/a	531.4	163.7	n/a	582.0	161.7	2.01	110.0
238.28	0.204	fixation	n/a	585.1	159.8	1021.0	n/a	n/a	n/a	n/a
238.486	0.06	saccade	n/a	586.0	158.2	n/a	182.0	218.3	16.09	414.0
238.548	0.132	fixation	n/a	186.9	215.0	1075.0	n/a	n/a	n/a	n/a
238.682	0.016	saccade	n/a	184.7	215.9	n/a	147.3	220.1	1.47	118.0
238.7	0.298	fixation	n/a	151.1	222.8	1050.0	n/a	n/a	n/a	n/a
239.0	0.026	saccade	n/a	152.5	226.3	n/a	224.7	223.3	2.84	192.0
239.028	0.204	fixation	n/a	244.6	221.8	973.0	n/a	n/a	n/a	n/a
239.234	0.052	saccade	n/a	245.6	223.1	n/a	579.1	166.9	13.43	388.0
239.288	0.172	fixation	n/a	578.5	159.9	954.0	n/a	n/a	n/a	n/a
239.462	0.058	saccade	n/a	581.3	162.3	n/a	179.9	222.6	16.02	458.0
239.522	0.15	fixation	n/a	187.7	223.3	960.0	n/a	n/a	n/a	n/a
239.674	0.02	saccade	n/a	187.3	224.5	n/a	243.6	220.4	2.23	176.0
239.696	0.26	fixation	n/a	245.8	218.6	974.0	n/a	n/a	n/a	n/a
239.958	0.018	saccade	n/a	245.9	217.7	n/a	289.0	216.0	1.72	150.0
239.978	0.272	fixation	n/a	305.7	219.6	972.0	n/a	n/a	n/a	n/a
240.252	0.018	saccade	n/a	306.6	221.2	n/a	265.0	221.1	1.66	124.0
240.272	0.262	fixation	n/a	257.1	220.9	966.0	n/a	n/a	n/a	n/a
240.536	0.018	saccade	n/a	252.3	218.0	n/a	309.9	220.2	2.3	180.0
240.556	0.238	fixation	n/a	317.6	218.3	1006.0	n/a	n/a	n/a	n/a
240.796	0.024	saccade	n/a	317.9	222.0	n/a	387.8	221.0	2.8	172.0
240.822	0.136	fixation	n/a	389.8	222.8	1023.0	n/a	n/a	n/a	n/a
240.96	0.096	saccade	n/a	397.5	236.2	n/a	418.6	265.7	1.46	470.0
241.058	0.146	fixation	n/a	410.5	231.5	989.0	n/a	n/a	n/a	n/a
241.206	0.028	saccade	n/a	408.7	223.8	n/a	484.5	228.1	3.04	153.0
241.236	0.138	fixation	n/a	480.2	223.9	932.0	n/a	n/a	n/a	n/a
241.376	0.032	saccade	n/a	479.4	219.6	n/a	580.5	221.3	4.02	203.0
241.41	0.334	fixation	n/a	576.4	222.3	880.0	n/a	n/a	n/a	n/a
241.746	0.016	saccade	n/a	576.4	221.8	n/a	607.5	226.0	1.24	98.0
241.764	0.3	fixation	n/a	612.5	226.7	842.0	n/a	n/a	n/a	n/a
242.066	0.014	saccade	n/a	609.9	225.9	n/a	585.9	220.3	0.97	80.0
242.082	0.118	fixation	n/a	579.2	218.7	870.0	n/a	n/a	n/a	n/a
242.202	0.014	saccade	n/a	575.9	218.9	n/a	550.0	215.2	1.04	85.0
242.218	0.144	fixation	n/a	546.4	217.4	927.0	n/a	n/a	n/a	n/a
242.364	0.022	saccade	n/a	544.2	216.9	n/a	611.1	212.2	2.66	169.0
242.388	0.16	fixation	n/a	618.7	212.6	951.0	n/a	n/a	n/a	n/a
242.55	0.064	saccade	n/a	618.8	209.5	n/a	145.9	283.0	18.67	448.0
242.616	0.202	fixation	n/a	152.0	279.9	1014.0	n/a	n/a	n/a	n/a
242.782	0.0	trigger_11	11	n/a	n/a	n/a	n/a	n/a	n/a	n/a
242.786	0.0	trigger_10	10	n/a	n/a	n/a	n/a	n/a	n/a	n/a
242.82	0.016	saccade	n/a	151.6	279.6	n/a	187.0	275.4	1.39	112.0
242.838	0.25	fixation	n/a	188.0	272.7	992.0	n/a	n/a	n/a	n/a
243.09	0.022	saccade	n/a	192.6	274.4	n/a	124.2	275.0	2.66	176.0
243.114	0.196	fixation	n/a	131.6	275.2	953.0	n/a	n/a	n/a	n/a
243.312	0.02	saccade	n/a	128.8	273.9	n/a	192.0	269.7	2.46	172.0
243.334	0.266	fixation	n/a	203.4	266.9	951.0	n/a	n/a	n/a	n/a
243.602	0.028	saccade	n/a	202.1	266.1	n/a	297.2	274.7	3.78	212.0
243.632	0.33	fixation	n/a	302.1	275.4	916.0	n/a	n/a	n/a	n/a
243.964	0.038	saccade	n/a	305.1	281.0	n/a	336.3	131.1	6.2	286.0
244.004	0.154	fixation	n/a	346.1	118.8	887.0	n/a	n/a	n/a	n/a
244.16	0.02	saccade	n/a	346.4	117.7	n/a	414.8	109.6	2.77	205.0
244.182	0.224	fixation	n/a	424.8	115.4	884.0	n/a	n/a	n/a	n/a
244.408	0.024	saccade	n/a	423.1	115.3	n/a	355.6	97.4	2.82	194.0
244.434	0.136	fixation	n/a	356.4	99.2	925.0	n/a	n/a	n/a	n/a
244.572	0.04	saccade	n/a	353.5	98.3	n/a	154.9	93.8	7.9	391.0
244.614	0.198	fixation	n/a	150.9	93.7	988.0	n/a	n/a	n/a	n/a
244.814	0.008	saccade	n/a	147.0	93.1	n/a	135.2	96.3	0.48	58.0
244.824	0.328	fixation	n/a	135.2	92.7	1050.0	n/a	n/a	n/a	n/a
245.154	0.026	saccade	n/a	134.4	92.0	n/a	199.3	100.7	2.57	137.0
245.182	0.374	fixation	n/a	216.7	101.1	1084.0	n/a	n/a	n/a	n/a
245.558	0.016	saccade	n/a	212.5	102.3	n/a	241.4	97.7	1.16	84.0
245.576	0.226	fixation	n/a	253.2	93.2	1106.0	n/a	n/a	n/a	n/a
245.804	0.014	saccade	n/a	259.3	90.8	n/a	285.0	88.1	1.03	86.0
245.82	0.212	fixation	n/a	289.5	88.1	1109.0	n/a	n/a	n/a	n/a
246.034	0.02	saccade	n/a	288.8	90.2	n/a	340.3	84.7	2.08	150.0
246.056	0.44	fixation	n/a	350.5	91.9	1110.0	n/a	n/a	n/a	n/a
246.498	0.026	saccade	n/a	347.3	95.4	n/a	422.0	104.7	3.03	179.0
246.526	0.282	fixation	n/a	420.6	108.7	1090.0	n/a	n/a	n/a	n/a
246.81	0.014	saccade	n/a	417.0	109.8	n/a	447.6	106.3	1.24	112.0
246.826	0.266	fixation	n/a	458.4	108.7	1087.0	n/a	n/a	n/a	n/a
247.094	0.022	saccade	n/a	461.4	111.2	n/a	528.9	108.3	2.71	186.0
247.118	0.194	fixation	n/a	549.9	110.4	1061.0	n/a	n/a	n/a	n/a
247.314	0.014	saccade	n/a	549.1	110.9	n/a	522.1	111.0	1.08	94.0
247.33	0.096	fixation	n/a	528.6	112.1	1075.0	n/a	n/a	n/a	n/a
247.428	0.018	saccade	n/a	526.4	111.6	n/a	571.0	109.5	1.78	137.0
247.448	0.226	fixation	n/a	566.6	108.0	1097.0	n/a	n/a	n/a	n/a
247.676	0.068	saccade	n/a	565.1	108.4	n/a	185.3	156.1	15.14	474.0
247.746	0.13	fixation	n/a	176.5	156.7	1164.0	n/a	n/a	n/a	n/a
247.878	0.012	saccade	n/a	172.6	156.4	n/a	144.2	162.5	1.14	111.0
247.892	0.446	fixation	n/a	136.7	156.7	1209.0	n/a	n/a	n/a	n/a
248.34	0.024	saccade	n/a	130.1	148.4	n/a	201.1	142.4	2.79	172.0
248.366	0.302	fixation	n/a	215.9	139.0	1315.0	n/a	n/a	n/a	n/a
248.67	0.022	saccade	n/a	216.8	139.2	n/a	282.7	136.2	2.63	182.0
248.694	0.354	fixation	n/a	294.8	139.1	1301.0	n/a	n/a	n/a	n/a
249.05	0.014	saccade	n/a	297.1	140.6	n/a	329.6	138.2	1.31	112.0
249.066	0.192	fixation	n/a	330.6	138.7	1250.0	n/a	n/a	n/a	n/a
249.26	0.026	saccade	n/a	333.3	135.1	n/a	411.8	135.7	3.16	189.0
249.288	0.51	fixation	n/a	410.1	134.1	1251.0	n/a	n/a	n/a	n/a
249.8	0.022	saccade	n/a	411.7	135.2	n/a	477.4	131.9	2.65	161.0
249.824	0.29	fixation	n/a	493.1	134.8	1140.0	n/a	n/a	n/a	n/a
250.116	0.008	saccade	n/a	497.3	131.9	n/a	511.8	131.7	0.58	73.0
250.126	0.322	fixation	n/a	509.5	132.6	1160.0	n/a	n/a	n/a	n/a
250.45	0.022	saccade	n/a	502.8	142.0	n/a	435.8	138.8	2.69	172.0
250.474	0.182	fixation	n/a	426.0	145.1	1144.0	n/a	n/a	n/a	n/a
250.658	0.032	saccade	n/a	424.5	146.9	n/a	503.5	147.3	3.17	151.0
250.692	0.288	fixation	n/a	500.0	150.7	1132.0	n/a	n/a	n/a	n/a
250.982	0.016	saccade	n/a	502.1	153.3	n/a	550.2	150.8	1.92	165.0
251.0	0.236	fixation	n/a	554.4	153.7	1146.0	n/a	n/a	n/a	n/a
251.238	0.016	saccade	n/a	557.0	153.8	n/a	586.3	159.6	1.19	92.0
251.256	0.536	fixation	n/a	589.4	158.2	1065.0	n/a	n/a	n/a	n/a
251.794	0.058	saccade	n/a	592.5	162.0	n/a	207.1	118.5	15.33	446.0
251.854	0.13	fixation	n/a	210.3	118.0	1026.0	n/a	n/a	n/a	n/a
251.986	0.022	saccade	n/a	210.2	118.5	n/a	149.9	110.1	2.39	168.0
252.01	0.514	fixation	n/a	142.0	104.5	1038.0	n/a	n/a	n/a	n/a
252.526	0.018	saccade	n/a	142.5	103.1	n/a	188.6	105.1	1.81	135.0
252.546	0.456	fixation	n/a	209.6	104.6	1038.0	n/a	n/a	n/a	n/a
253.004	0.022	saccade	n/a	209.1	99.6	n/a	277.1	85.9	2.76	168.0
253.028	0.246	fixation	n/a	286.7	86.2	1072.0	n/a	n/a	n/a	n/a
253.276	0.028	saccade	n/a	284.6	88.4	n/a	371.8	88.0	3.5	164.0
253.306	0.144	fixation	n/a	379.2	92.4	1020.0	n/a	n/a	n/a	n/a
253.452	0.022	saccade	n/a	379.2	93.2	n/a	429.7	98.5	2.05	139.0
253.476	0.322	fixation	n/a	442.3	102.9	969.0	n/a	n/a	n/a	n/a
253.8	0.032	saccade	n/a	443.5	107.0	n/a	549.9	106.4	4.26	178.0
253.834	0.236	fixation	n/a	561.4	105.3	882.0	n/a	n/a	n/a	n/a
254.072	0.058	saccade	n/a	560.9	108.8	n/a	170.5	172.5	15.64	458.0
254.132	0.158	fixation	n/a	174.6	174.8	918.0	n/a	n/a	n/a	n/a
254.292	0.01	saccade	n/a	172.0	174.9	n/a	155.3	173.9	0.65	69.0
254.304	0.12	fixation	n/a	153.5	173.4	952.0	n/a	n/a	n/a	n/a
254.426	0.022	saccade	n/a	152.9	174.0	n/a	223.9	166.2	2.81	190.0
254.45	0.434	fixation	n/a	240.1	157.6	980.0	n/a	n/a	n/a	n/a
254.8	0.0	trigger_11	11	n/a	n/a	n/a	n/a	n/a	n/a	n/a
254.806	0.0	trigger_10	10	n/a	n/a	n/a	n/a	n/a	n/a	n/a
254.886	0.024	saccade	n/a	239.7	153.0	n/a	316.1	148.3	3.06	170.0
254.912	0.372	fixation	n/a	333.3	153.9	1060.0	n/a	n/a	n/a	n/a
255.286	0.026	saccade	n/a	335.7	156.8	n/a	430.8	158.3	3.83	227.0
255.314	0.288	fixation	n/a	431.5	159.0	1079.0	n/a	n/a	n/a	n/a
255.604	0.024	saccade	n/a	427.0	158.9	n/a	498.5	157.2	2.87	184.0
255.63	0.256	fixation	n/a	507.6	159.0	1035.0	n/a	n/a	n/a	n/a
255.888	0.018	saccade	n/a	504.2	158.8	n/a	545.3	159.0	1.64	139.0
255.908	0.126	fixation	n/a	550.8	158.6	991.0	n/a	n/a	n/a	n/a
256.036	0.016	saccade	n/a	551.4	159.6	n/a	519.9	158.9	1.26	97.0
256.054	0.3	fixation	n/a	515.2	161.7	965.0	n/a	n/a	n/a	n/a
256.356	0.05	saccade	n/a	512.3	161.4	n/a	281.5	101.0	9.55	347.0
256.408	0.212	fixation	n/a	281.2	102.4	1025.0	n/a	n/a	n/a	n/a
256.622	0.02	saccade	n/a	277.2	101.7	n/a	220.9	106.5	2.25	205.0
256.644	0.162	fixation	n/a	223.6	108.1	1100.0	n/a	n/a	n/a	n/a
256.808	0.016	saccade	n/a	221.0	108.2	n/a	176.4	105.7	1.77	164.0
256.826	0.206	fixation	n/a	173.2	107.3	1150.0	n/a	n/a	n/a	n/a
257.034	0.018	saccade	n/a	169.6	109.4	n/a	125.3	99.3	1.78	130.0
257.054	0.292	fixation	n/a	121.4	98.3	1162.0	n/a	n/a	n/a	n/a
257.348	0.022	saccade	n/a	115.8	97.2	n/a	185.8	101.2	2.74	210.0
257.372	0.218	fixation	n/a	186.8	103.1	1082.0	n/a	n/a	n/a	n/a
257.592	0.03	saccade	n/a	191.2	103.9	n/a	285.2	96.7	3.75	169.0
257.624	0.476	fixation	n/a	284.3	97.0	1071.0	n/a	n/a	n/a	n/a
258.102	0.022	saccade	n/a	281.1	100.6	n/a	331.3	95.1	2.02	144.0
258.126	0.3	fixation	n/a	348.4	98.0	1081.0	n/a	n/a	n/a	n/a
258.428	0.014	saccade	n/a	347.1	98.3	n/a	321.2	91.7	1.07	90.0
258.444	0.186	fixation	n/a	317.3	94.7	1103.0	n/a	n/a	n/a	n/a
258.632	0.036	saccade	n/a	315.2	94.4	n/a	444.9	98.1	5.22	269.0
258.67	0.318	fixation	n/a	446.8	98.0	1099.0	n/a	n/a	n/a	n/a
258.99	0.036	saccade	n/a	446.8	98.4	n/a	564.0	102.8	4.69	236.0
259.028	0.3	fixation	n/a	562.1	101.7	1038.0	n/a	n/a	n/a	n/a
259.33	0.028	saccade	n/a	560.8	103.2	n/a	629.9	97.2	2.74	138.0
259.36	0.554	fixation	n/a	626.0	99.4	998.0	n/a	n/a	n/a	n/a
259.916	0.064	saccade	n/a	627.5	96.5	n/a	155.9	170.0	18.69	480.0
259.982	0.158	fixation	n/a	164.4	171.1	1055.0	n/a	n/a	n/a	n/a
260.142	0.008	saccade	n/a	163.2	172.4	n/a	150.8	171.4	0.49	58.0
260.152	0.16	fixation	n/a	151.1	171.5	1073.0	n/a	n/a	n/a	n/a
260.314	0.024	saccade	n/a	151.6	173.7	n/a	228.1	157.9	3.08	189.0
260.34	0.19	fixation	n/a	253.5	156.9	1027.0	n/a	n/a	n/a	n/a
260.532	0.012	saccade	n/a	253.9	160.4	n/a	279.6	160.3	1.03	105.0
260.546	0.408	fixation	n/a	281.8	159.6	986.0	n/a	n/a	n/a	n/a
260.956	0.008	saccade	n/a	286.7	156.6	n/a	295.3	159.5	0.36	45.0
260.966	0.116	fixation	n/a	299.2	159.5	993.0	n/a	n/a	n/a	n/a
261.084	0.018	saccade	n/a	298.9	159.8	n/a	344.6	155.2	1.84	147.0
261.104	0.592	fixation	n/a	348.6	157.7	973.0	n/a	n/a	n/a	n/a
261.698	0.022	saccade	n/a	344.0	163.0	n/a	432.9	160.5	3.58	283.0
261.722	0.17	fixation	n/a	440.1	164.1	934.0	n/a	n/a	n/a	n/a
261.894	0.008	saccade	n/a	437.7	165.5	n/a	427.2	164.3	0.43	52.0
261.904	0.282	fixation	n/a	423.2	164.2	967.0	n/a	n/a	n/a	n/a
262.188	0.024	saccade	n/a	420.4	162.7	n/a	484.5	158.5	2.59	155.0
262.214	0.238	fixation	n/a	500.8	159.7	950.0	n/a	n/a	n/a	n/a
262.454	0.022	saccade	n/a	501.1	158.1	n/a	449.4	159.5	2.07	152.0
262.478	0.138	fixation	n/a	451.7	162.7	936.0	n/a	n/a	n/a	n/a
262.618	0.022	saccade	n/a	450.0	161.2	n/a	515.8	162.9	2.64	203.0
262.642	0.232	fixation	n/a	525.7	159.4	951.0	n/a	n/a	n/a	n/a
262.876	0.02	saccade	n/a	526.6	158.8	n/a	588.6	156.2	2.47	168.0
262.898	0.316	fixation	n/a	597.8	156.5	943.0	n/a	n/a	n/a	n/a
263.216	0.064	saccade	n/a	598.6	158.6	n/a	159.6	232.4	17.5	430.0
263.282	0.268	fixation	n/a	161.2	232.3	976.0	n/a	n/a	n/a	n/a
263.552	0.012	saccade	n/a	162.2	234.8	n/a	183.5	227.7	0.88	83.0
263.566	0.206	fixation	n/a	190.6	229.9	958.0	n/a	n/a	n/a	n/a
263.774	0.018	saccade	n/a	193.5	230.1	n/a	240.3	221.7	1.88	147.0
263.794	0.23	fixation	n/a	248.3	224.7	938.0	n/a	n/a	n/a	n/a
264.026	0.022	saccade	n/a	249.6	221.3	n/a	309.5	220.9	2.39	179.0
264.05	0.342	fixation	n/a	318.5	216.1	959.0	n/a	n/a	n/a	n/a
264.394	0.018	saccade	n/a	317.9	215.2	n/a	363.5	211.9	1.83	136.0
264.414	0.18	fixation	n/a	373.3	213.2	988.0	n/a	n/a	n/a	n/a
264.596	0.022	saccade	n/a	374.9	214.3	n/a	435.7	207.2	2.46	189.0
264.62	0.2	fixation	n/a	444.7	210.1	981.0	n/a	n/a	n/a	n/a
264.822	0.02	saccade	n/a	445.0	209.4	n/a	503.4	209.0	2.34	160.0
264.844	0.21	fixation	n/a	515.9	211.7	963.0	n/a	n/a	n/a	n/a
265.056	0.018	saccade	n/a	517.2	210.8	n/a	556.2	212.0	1.55	115.0
265.076	0.278	fixation	n/a	563.2	213.1	934.0	n/a	n/a	n/a	n/a
265.356	0.06	saccade	n/a	562.4	213.8	n/a	145.9	285.4	16.58	434.0
265.418	0.206	fixation	n/a	150.7	286.6	959.0	n/a	n/a	n/a	n/a
265.626	0.02	saccade	n/a	147.1	286.7	n/a	205.0	277.2	2.29	169.0
265.648	0.244	fixation	n/a	219.6	277.3	917.0	n/a	n/a	n/a	n/a
265.894	0.016	saccade	n/a	220.2	275.7	n/a	194.3	272.1	1.03	74.0
265.912	0.102	fixation	n/a	191.0	276.5	891.0	n/a	n/a	n/a	n/a
266.016	0.028	saccade	n/a	190.1	275.6	n/a	272.3	272.2	3.25	190.0
266.046	0.144	fixation	n/a	295.8	274.6	872.0	n/a	n/a	n/a	n/a
266.192	0.014	saccade	n/a	297.9	276.4	n/a	265.9	274.6	1.27	100.0
266.208	0.226	fixation	n/a	260.7	275.5	855.0	n/a	n/a	n/a	n/a
266.436	0.022	saccade	n/a	260.1	275.9	n/a	322.9	278.0	2.5	163.0
266.46	0.262	fixation	n/a	337.1	276.8	853.0	n/a	n/a	n/a	n/a
266.724	0.022	saccade	n/a	337.5	278.0	n/a	390.1	276.1	2.11	142.0
266.748	0.166	fixation	n/a	405.7	275.4	847.0	n/a	n/a	n/a	n/a
266.916	0.08	saccade	n/a	415.7	284.4	n/a	448.9	309.9	1.67	486.0
266.998	0.196	fixation	n/a	437.9	274.2	882.0	n/a	n/a	n/a	n/a
267.196	0.022	saccade	n/a	435.5	268.7	n/a	499.0	271.9	2.54	192.0
267.22	0.392	fixation	n/a	505.4	272.2	904.0	n/a	n/a	n/a	n/a
267.614	0.034	saccade	n/a	499.7	271.5	n/a	598.8	269.4	3.92	196.0
267.65	0.196	fixation	n/a	592.7	268.3	949.0	n/a	n/a	n/a	n/a
267.848	0.072	saccade	n/a	592.8	269.7	n/a	153.1	331.4	17.32	402.0
267.922	0.29	fixation	n/a	143.0	332.8	1021.0	n/a	n/a	n/a	n/a
268.04	0.0	trigger_11	11	n/a	n/a	n/a	n/a	n/a	n/a	n/a
268.046	0.0	trigger_10	10	n/a	n/a	n/a	n/a	n/a	n/a	n/a
268.214	0.022	saccade	n/a	142.7	332.9	n/a	217.2	322.3	2.93	191.0
268.238	0.348	fixation	n/a	244.0	325.5	1015.0	n/a	n/a	n/a	n/a
268.588	0.018	saccade	n/a	247.4	327.4	n/a	300.9	323.9	2.12	160.0
268.608	0.282	fixation	n/a	314.5	325.9	993.0	n/a	n/a	n/a	n/a
268.892	0.014	saccade	n/a	314.5	325.5	n/a	344.0	327.4	1.17	110.0
268.908	0.2	fixation	n/a	347.9	326.0	946.0	n/a	n/a	n/a	n/a
269.11	0.032	saccade	n/a	347.0	325.5	n/a	438.8	322.2	3.66	205.0
269.144	0.304	fixation	n/a	432.2	320.9	915.0	n/a	n/a	n/a	n/a
269.45	0.004	saccade	n/a	436.6	323.1	n/a	442.1	323.5	0.22	53.0
269.456	0.58	fixation	n/a	443.0	328.5	912.0	n/a	n/a	n/a	n/a
270.038	0.056	saccade	n/a	440.5	326.1	n/a	226.1	114.6	12.05	440.0
270.096	0.156	fixation	n/a	225.4	111.8	960.0	n/a	n/a	n/a	n/a
270.254	0.032	saccade	n/a	223.7	110.2	n/a	133.9	96.1	3.57	187.0
270.288	0.288	fixation	n/a	129.4	97.0	947.0	n/a	n/a	n/a	n/a
270.578	0.02	saccade	n/a	129.5	96.8	n/a	191.5	102.9	2.44	188.0
270.6	0.278	fixation	n/a	200.8	103.8	990.0	n/a	n/a	n/a	n/a
270.88	0.026	saccade	n/a	200.8	104.8	n/a	297.3	95.0	3.87	238.0
270.908	0.084	fixation	n/a	304.0	92.1	1024.0	n/a	n/a	n/a	n/a
270.994	0.09	saccade	n/a	305.3	94.2	n/a	325.8	128.7	1.63	406.0
271.086	0.056	fixation	n/a	322.8	110.5	1058.0	n/a	n/a	n/a	n/a
271.144	0.134	saccade	n/a	322.7	107.9	n/a	409.0	139.0	3.7	901.0
271.174	0.068	blink	n/a	n/a	n/a	n/a	n/a	n/a	n/a	n/a
271.264	0.0	trigger_11	11	n/a	n/a	n/a	n/a	n/a	n/a	n/a
271.27	0.0	trigger_10	10	n/a	n/a	n/a	n/a	n/a	n/a	n/a
271.28	0.32	fixation	n/a	403.5	124.9	1059.0	n/a	n/a	n/a	n/a
271.602	0.006	saccade	n/a	400.3	124.4	n/a	392.7	119.9	0.36	54.0
271.61	0.166	fixation	n/a	391.7	122.9	981.0	n/a	n/a	n/a	n/a
271.778	0.034	saccade	n/a	391.1	121.7	n/a	510.4	128.5	4.8	234.0
271.814	0.25	fixation	n/a	508.7	125.0	926.0	n/a	n/a	n/a	n/a
272.066	0.02	saccade	n/a	509.8	124.6	n/a	567.8	119.1	2.32	181.0
272.088	0.12	fixation	n/a	572.0	119.6	864.0	n/a	n/a	n/a	n/a
272.21	0.056	saccade	n/a	572.6	119.5	n/a	158.1	179.9	16.5	468.0
272.268	0.376	fixation	n/a	160.4	178.9	940.0	n/a	n/a	n/a	n/a
272.646	0.02	saccade	n/a	157.0	177.4	n/a	213.9	165.7	2.28	163.0
272.668	0.368	fixation	n/a	219.6	165.3	1068.0	n/a	n/a	n/a	n/a
273.038	0.018	saccade	n/a	217.0	165.3	n/a	265.1	168.1	1.92	144.0
273.058	0.18	fixation	n/a	270.9	170.5	1106.0	n/a	n/a	n/a	n/a
273.24	0.032	saccade	n/a	270.6	169.5	n/a	184.7	124.2	3.87	194.0
273.274	0.2	fixation	n/a	182.8	121.9	1129.0	n/a	n/a	n/a	n/a
273.476	0.02	saccade	n/a	183.1	123.2	n/a	138.8	100.2	1.97	154.0
273.498	0.144	fixation	n/a	143.4	102.1	1123.0	n/a	n/a	n/a	n/a
273.644	0.008	saccade	n/a	142.8	100.5	n/a	132.6	97.2	0.42	50.0
273.654	0.154	fixation	n/a	131.2	97.2	1118.0	n/a	n/a	n/a	n/a
273.81	0.02	saccade	n/a	128.7	97.3	n/a	186.2	99.7	2.25	180.0
273.832	0.538	fixation	n/a	191.0	103.2	1082.0	n/a	n/a	n/a	n/a
274.372	0.016	saccade	n/a	188.3	104.3	n/a	228.8	105.2	1.6	129.0
274.39	0.426	fixation	n/a	223.0	103.3	1047.0	n/a	n/a	n/a	n/a
274.818	0.022	saccade	n/a	221.4	105.5	n/a	296.2	93.0	3.03	234.0
274.842	0.196	fixation	n/a	316.3	93.1	1002.0	n/a	n/a	n/a	n/a
275.04	0.006	saccade	n/a	313.2	93.2	n/a	305.4	91.6	0.32	51.0
275.048	0.458	fixation	n/a	305.8	94.7	971.0	n/a	n/a	n/a	n/a
275.508	0.022	saccade	n/a	303.7	95.8	n/a	367.4	98.2	2.57	152.0
275.532	0.368	fixation	n/a	378.5	103.8	1039.0	n/a	n/a	n/a	n/a
275.902	0.01	saccade	n/a	378.8	103.1	n/a	398.1	100.4	0.79	84.0
275.914	0.386	fixation	n/a	402.1	103.1	1003.0	n/a	n/a	n/a	n/a
276.302	0.012	saccade	n/a	406.8	101.9	n/a	429.0	104.0	0.9	87.0
276.316	0.242	fixation	n/a	429.8	100.6	1045.0	n/a	n/a	n/a	n/a
276.56	0.018	saccade	n/a	430.6	99.3	n/a	477.6	99.4	1.89	136.0
276.58	0.288	fixation	n/a	493.0	100.8	1053.0	n/a	n/a	n/a	n/a
276.87	0.016	saccade	n/a	491.8	101.9	n/a	516.1	102.5	0.97	83.0
276.888	0.276	fixation	n/a	522.4	102.3	1066.0	n/a	n/a	n/a	n/a
277.166	0.008	saccade	n/a	521.7	99.5	n/a	509.1	100.5	0.51	63.0
277.176	0.27	fixation	n/a	508.3	101.5	1053.0	n/a	n/a	n/a	n/a
277.448	0.022	saccade	n/a	507.7	103.2	n/a	571.5	101.3	2.54	168.0
277.472	0.37	fixation	n/a	565.3	98.6	1084.0	n/a	n/a	n/a	n/a
277.844	0.022	saccade	n/a	559.4	98.6	n/a	604.0	94.0	1.78	107.0
277.868	0.19	fixation	n/a	605.6	95.3	1053.0	n/a	n/a	n/a	n/a
278.06	0.062	saccade	n/a	604.0	96.1	n/a	172.5	161.9	17.19	485.0
278.124	0.126	fixation	n/a	175.7	159.6	1085.0	n/a	n/a	n/a	n/a
278.252	0.018	saccade	n/a	174.2	161.3	n/a	134.9	163.8	1.54	123.0
278.272	0.204	fixation	n/a	137.8	166.0	1104.0	n/a	n/a	n/a	n/a
278.478	0.022	saccade	n/a	138.3	168.2	n/a	199.9	160.1	2.44	165.0
278.502	0.15	fixation	n/a	224.3	159.5	1035.0	n/a	n/a	n/a	n/a
278.654	0.02	saccade	n/a	227.4	162.5	n/a	282.7	159.2	2.21	171.0
278.676	0.372	fixation	n/a	289.3	159.6	992.0	n/a	n/a	n/a	n/a
279.05	0.02	saccade	n/a	287.8	157.6	n/a	338.2	156.7	2.02	149.0
279.072	0.482	fixation	n/a	351.3	160.1	962.0	n/a	n/a	n/a	n/a
279.556	0.026	saccade	n/a	346.8	161.0	n/a	224.9	132.9	5.0	326.0
279.584	0.188	fixation	n/a	208.4	125.0	970.0	n/a	n/a	n/a	n/a
279.774	0.014	saccade	n/a	208.2	122.7	n/a	228.6	113.1	0.9	74.0
279.79	0.116	fixation	n/a	228.3	116.7	986.0	n/a	n/a	n/a	n/a
279.908	0.026	saccade	n/a	229.2	117.6	n/a	125.4	94.3	4.19	295.0
279.936	0.41	fixation	n/a	129.4	96.3	981.0	n/a	n/a	n/a	n/a
280.348	0.04	saccade	n/a	125.8	96.8	n/a	295.1	129.3	6.81	375.0
280.39	0.114	fixation	n/a	290.9	128.9	1056.0	n/a	n/a	n/a	n/a
280.506	0.046	saccade	n/a	291.3	129.8	n/a	419.3	145.3	5.18	284.0
280.554	0.152	fixation	n/a	430.4	146.6	1033.0	n/a	n/a	n/a	n/a
280.708	0.018	saccade	n/a	431.5	148.3	n/a	472.2	158.0	1.69	139.0
280.728	0.196	fixation	n/a	471.7	161.7	1047.0	n/a	n/a	n/a	n/a
280.926	0.012	saccade	n/a	472.8	162.2	n/a	496.0	165.7	0.94	86.0
280.94	0.154	fixation	n/a	497.3	167.0	1025.0	n/a	n/a	n/a	n/a
281.096	0.032	saccade	n/a	496.9	166.5	n/a	583.8	160.9	3.46	128.0
281.13	0.252	fixation	n/a	599.9	159.3	985.0	n/a	n/a	n/a	n/a
281.384	0.008	saccade	n/a	601.1	161.4	n/a	613.8	162.6	0.5	61.0
281.394	0.36	fixation	n/a	615.1	164.6	970.0	n/a	n/a	n/a	n/a
281.756	0.01	saccade	n/a	616.6	164.8	n/a	631.8	163.0	0.6	66.0
281.768	0.174	fixation	n/a	630.5	162.8	956.0	n/a	n/a	n/a	n/a
281.944	0.012	saccade	n/a	627.0	165.2	n/a	608.6	165.3	0.72	63.0
281.958	0.366	fixation	n/a	609.2	165.8	925.0	n/a	n/a	n/a	n/a
282.326	0.01	saccade	n/a	609.6	167.9	n/a	629.1	167.3	0.77	80.0
282.338	0.266	fixation	n/a	630.7	168.2	859.0	n/a	n/a	n/a	n/a
282.606	0.006	saccade	n/a	633.0	170.1	n/a	642.8	171.1	0.39	53.0
282.614	0.368	fixation	n/a	643.7	168.9	827.0	n/a	n/a	n/a	n/a
282.984	0.074	saccade	n/a	640.8	169.4	n/a	225.8	225.2	16.46	405.0
283.06	0.112	fixation	n/a	216.3	227.0	896.0	n/a	n/a	n/a	n/a
283.174	0.024	saccade	n/a	213.5	226.5	n/a	152.4	234.9	2.42	172.0
283.2	0.368	fixation	n/a	148.6	233.5	893.0	n/a	n/a	n/a	n/a
283.57	0.022	saccade	n/a	149.5	234.4	n/a	203.4	227.4	2.13	160.0
283.594	0.23	fixation	n/a	222.1	228.9	829.0	n/a	n/a	n/a	n/a
283.826	0.018	saccade	n/a	221.9	227.7	n/a	267.8	223.7	1.83	145.0
283.846	0.416	fixation	n/a	279.0	223.4	827.0	n/a	n/a	n/a	n/a
284.264	0.018	saccade	n/a	272.1	228.5	n/a	320.7	223.5	1.95	160.0
284.284	0.602	fixation	n/a	323.4	223.3	834.0	n/a	n/a	n/a	n/a
284.888	0.01	saccade	n/a	313.9	223.7	n/a	329.8	221.9	0.64	69.0
284.9	0.178	fixation	n/a	335.9	221.9	844.0	n/a	n/a	n/a	n/a
285.08	0.018	saccade	n/a	334.6	220.7	n/a	369.0	218.4	1.38	107.0
285.1	0.478	fixation	n/a	375.3	218.9	862.0	n/a	n/a	n/a	n/a
285.58	0.016	saccade	n/a	372.6	218.1	n/a	411.7	220.2	1.57	131.0
285.598	0.226	fixation	n/a	417.7	220.2	862.0	n/a	n/a	n/a	n/a
285.826	0.018	saccade	n/a	417.9	219.8	n/a	465.9	218.1	1.93	150.0
285.846	0.284	fixation	n/a	474.1	215.5	883.0	n/a	n/a	n/a	n/a
286.132	0.01	saccade	n/a	473.0	217.0	n/a	486.5	216.8	0.54	57.0
286.144	0.17	fixation	n/a	489.8	216.6	856.0	n/a	n/a	n/a	n/a
286.316	0.038	saccade	n/a	490.3	218.3	n/a	325.7	198.0	6.65	307.0
286.356	0.136	fixation	n/a	325.8	199.2	847.0	n/a	n/a	n/a	n/a
286.494	0.012	saccade	n/a	323.3	200.1	n/a	307.3	181.5	0.99	100.0
286.508	0.244	fixation	n/a	299.0	181.2	877.0	n/a	n/a	n/a	n/a
286.754	0.018	saccade	n/a	296.0	179.9	n/a	337.8	169.7	1.73	123.0
286.774	0.188	fixation	n/a	345.9	169.7	924.0	n/a	n/a	n/a	n/a
286.964	0.022	saccade	n/a	347.7	170.0	n/a	301.2	159.5	1.91	118.0
286.988	0.266	fixation	n/a	291.2	165.8	933.0	n/a	n/a	n/a	n/a
287.256	0.02	saccade	n/a	287.2	165.9	n/a	341.9	162.4	2.2	149.0
287.278	0.148	fixation	n/a	347.8	163.1	924.0	n/a	n/a	n/a	n/a
287.428	0.036	saccade	n/a	349.4	162.4	n/a	489.3	215.6	6.01	288.0
287.466	0.178	fixation	n/a	487.6	215.1	914.0	n/a	n/a	n/a	n/a
287.646	0.008	saccade	n/a	486.7	215.7	n/a	474.0	217.5	0.51	63.0
287.656	0.256	fixation	n/a	475.3	219.1	920.0	n/a	n/a	n/a	n/a
287.914	0.056	saccade	n/a	476.6	218.1	n/a	208.8	110.8	11.5	390.0
287.972	0.15	fixation	n/a	204.1	105.4	867.0	n/a	n/a	n/a	n/a
288.124	0.022	saccade	n/a	203.3	105.5	n/a	137.2	92.9	2.64	194.0
288.148	0.248	fixation	n/a	134.8	94.9	856.0	n/a	n/a	n/a	n/a
288.398	0.022	saccade	n/a	134.2	96.5	n/a	214.8	111.4	3.22	245.0
288.422	0.136	fixation	n/a	218.2	111.8	880.0	n/a	n/a	n/a	n/a
288.56	0.034	saccade	n/a	216.1	110.9	n/a	356.4	102.6	5.62	326.0
288.596	0.112	fixation	n/a	355.9	101.5	895.0	n/a	n/a	n/a	n/a
288.71	0.038	saccade	n/a	355.2	99.7	n/a	531.3	107.6	7.08	320.0
288.75	0.212	fixation	n/a	535.0	107.6	929.0	n/a	n/a	n/a	n/a
288.938	0.0	trigger_11	11	n/a	n/a	n/a	n/a	n/a	n/a	n/a
288.946	0.0	trigger_10	10	n/a	n/a	n/a	n/a	n/a	n/a	n/a
288.964	0.016	saccade	n/a	535.4	111.0	n/a	502.0	112.4	1.34	105.0
288.982	0.104	fixation	n/a	503.2	112.6	937.0	n/a	n/a	n/a	n/a
289.088	0.022	saccade	n/a	501.4	112.8	n/a	558.6	110.0	2.29	160.0
289.112	0.346	fixation	n/a	564.6	109.6	911.0	n/a	n/a	n/a	n/a
289.46	0.04	saccade	n/a	563.6	108.9	n/a	410.3	102.4	6.15	252.0
289.502	0.3	fixation	n/a	407.0	102.1	984.0	n/a	n/a	n/a	n/a
289.804	0.008	saccade	n/a	406.4	101.9	n/a	418.1	105.7	0.5	58.0
289.814	0.124	fixation	n/a	417.6	107.5	991.0	n/a	n/a	n/a	n/a
289.94	0.048	saccade	n/a	417.9	108.4	n/a	622.3	111.7	8.14	280.0
289.99	0.134	fixation	n/a	621.3	106.2	964.0	n/a	n/a	n/a	n/a
290.126	0.07	saccade	n/a	621.8	105.8	n/a	179.6	98.8	17.41	533.0
290.198	0.142	fixation	n/a	171.2	101.4	999.0	n/a	n/a	n/a	n/a
290.342	0.018	saccade	n/a	168.2	98.0	n/a	130.9	91.4	1.48	102.0
290.362	0.176	fixation	n/a	131.3	91.7	1028.0	n/a	n/a	n/a	n/a
290.54	0.02	saccade	n/a	127.9	94.0	n/a	176.9	96.6	1.92	129.0
290.562	0.254	fixation	n/a	184.4	99.5	1036.0	n/a	n/a	n/a	n/a
290.818	0.018	saccade	n/a	184.6	100.2	n/a	229.2	101.6	1.76	141.0
290.838	0.31	fixation	n/a	223.2	104.6	1047.0	n/a	n/a	n/a	n/a
291.15	0.026	saccade	n/a	222.2	106.4	n/a	124.8	87.0	3.91	236.0
291.178	0.316	fixation	n/a	125.0	90.2	1093.0	n/a	n/a	n/a	n/a
291.496	0.02	saccade	n/a	116.9	87.0	n/a	175.2	94.0	2.29	157.0
291.518	0.272	fixation	n/a	188.9	98.7	1048.0	n/a	n/a	n/a	n/a
291.792	0.014	saccade	n/a	191.1	100.7	n/a	224.2	100.9	1.31	112.0
291.808	0.268	fixation	n/a	233.6	102.4	1011.0	n/a	n/a	n/a	n/a
292.078	0.02	saccade	n/a	235.6	102.5	n/a	279.2	98.4	1.75	132.0
292.1	0.222	fixation	n/a	293.9	97.2	1012.0	n/a	n/a	n/a	n/a
292.324	0.01	saccade	n/a	296.2	97.7	n/a	311.4	96.6	0.61	65.0
292.336	0.184	fixation	n/a	310.8	94.4	1039.0	n/a	n/a	n/a	n/a
292.522	0.018	saccade	n/a	310.5	94.1	n/a	359.8	91.8	1.99	146.0
292.542	0.366	fixation	n/a	368.9	93.0	1020.0	n/a	n/a	n/a	n/a
292.91	0.016	saccade	n/a	371.2	96.7	n/a	404.5	97.1	1.34	99.0
292.928	0.216	fixation	n/a	418.7	102.0	957.0	n/a	n/a	n/a	n/a
293.146	0.01	saccade	n/a	423.3	103.4	n/a	440.6	106.2	0.71	73.0
293.158	0.224	fixation	n/a	441.8	106.7	970.0	n/a	n/a	n/a	n/a
293.384	0.018	saccade	n/a	440.3	103.2	n/a	489.6	103.3	1.98	152.0
293.404	0.266	fixation	n/a	503.1	105.1	1003.0	n/a	n/a	n/a	n/a
293.672	0.014	saccade	n/a	505.3	104.6	n/a	532.3	102.4	1.08	93.0
293.688	0.16	fixation	n/a	540.6	103.8	995.0	n/a	n/a	n/a	n/a
293.85	0.02	saccade	n/a	538.8	105.8	n/a	589.1	102.4	2.0	155.0
293.872	0.238	fixation	n/a	596.9	101.7	983.0	n/a	n/a	n/a	n/a
294.112	0.012	saccade	n/a	598.8	102.0	n/a	624.6	100.9	1.02	94.0
294.126	0.154	fixation	n/a	623.7	99.8	972.0	n/a	n/a	n/a	n/a
294.282	0.064	saccade	n/a	622.1	99.8	n/a	159.5	172.6	18.41	497.0
294.348	0.154	fixation	n/a	163.6	172.8	1017.0	n/a	n/a	n/a	n/a
294.504	0.006	saccade	n/a	161.2	171.4	n/a	149.8	171.4	0.45	65.0
294.512	0.132	fixation	n/a	147.4	171.6	1025.0	n/a	n/a	n/a	n/a
294.646	0.02	saccade	n/a	145.6	169.8	n/a	211.6	163.2	2.61	202.0
294.668	0.274	fixation	n/a	221.7	162.2	1032.0	n/a	n/a	n/a	n/a
294.944	0.026	saccade	n/a	223.0	162.0	n/a	299.4	157.0	3.05	187.0
294.972	0.296	fixation	n/a	300.6	155.9	1004.0	n/a	n/a	n/a	n/a
295.27	0.018	saccade	n/a	300.3	157.1	n/a	345.5	154.4	1.81	148.0
295.29	0.3	fixation	n/a	357.7	155.5	988.0	n/a	n/a	n/a	n/a
295.592	0.02	saccade	n/a	356.9	156.1	n/a	409.2	153.2	2.11	153.0
295.614	0.196	fixation	n/a	416.7	153.3	948.0	n/a	n/a	n/a	n/a
295.812	0.024	saccade	n/a	414.3	157.1	n/a	473.4	158.3	2.38	133.0
295.838	0.246	fixation	n/a	482.1	157.3	950.0	n/a	n/a	n/a	n/a
296.086	0.014	saccade	n/a	481.7	159.3	n/a	511.2	159.8	1.18	100.0
296.102	0.356	fixation	n/a	514.9	162.4	891.0	n/a	n/a	n/a	n/a
296.46	0.018	saccade	n/a	515.6	164.8	n/a	557.0	162.3	1.66	124.0
296.48	0.278	fixation	n/a	554.7	162.4	861.0	n/a	n/a	n/a	n/a
296.76	0.014	saccade	n/a	554.7	164.3	n/a	582.8	165.1	1.12	98.0
296.776	0.136	fixation	n/a	587.1	163.9	845.0	n/a	n/a	n/a	n/a
296.914	0.038	saccade	n/a	587.3	167.8	n/a	433.4	130.9	6.32	270.0
296.954	0.146	fixation	n/a	426.2	131.8	874.0	n/a	n/a	n/a	n/a
297.102	0.042	saccade	n/a	424.1	131.7	n/a	599.0	172.2	7.17	292.0
297.146	0.144	fixation	n/a	597.5	168.0	921.0	n/a	n/a	n/a	n/a
297.292	0.076	saccade	n/a	596.2	168.9	n/a	155.4	220.4	17.44	454.0
297.37	0.366	fixation	n/a	141.0	225.5	1019.0	n/a	n/a	n/a	n/a
297.738	0.022	saccade	n/a	141.9	230.9	n/a	208.3	227.9	2.6	193.0
297.762	0.21	fixation	n/a	218.3	226.9	988.0	n/a	n/a	n/a	n/a
297.974	0.008	saccade	n/a	223.0	225.8	n/a	233.2	225.7	0.4	50.0
297.984	0.262	fixation	n/a	237.1	226.5	1003.0	n/a	n/a	n/a	n/a
298.248	0.114	saccade	n/a	247.1	237.5	n/a	301.4	268.1	2.49	665.0
298.288	0.034	blink	n/a	n/a	n/a	n/a	n/a	n/a	n/a	n/a
298.364	0.25	fixation	n/a	297.8	235.6	937.0	n/a	n/a	n/a	n/a
298.616	0.022	saccade	n/a	298.7	232.6	n/a	352.2	223.5	2.18	143.0
298.64	0.212	fixation	n/a	363.0	225.6	893.0	n/a	n/a	n/a	n/a
298.854	0.014	saccade	n/a	362.0	225.8	n/a	390.3	226.6	1.14	110.0
298.87	0.25	fixation	n/a	392.3	220.6	934.0	n/a	n/a	n/a	n/a
299.122	0.008	saccade	n/a	395.6	218.6	n/a	407.2	215.8	0.48	60.0
299.132	0.194	fixation	n/a	411.0	218.6	930.0	n/a	n/a	n/a	n/a
299.328	0.022	saccade	n/a	411.1	219.1	n/a	471.3	218.0	2.41	162.0
299.352	0.366	fixation	n/a	479.7	216.5	901.0	n/a	n/a	n/a	n/a
299.72	0.022	saccade	n/a	475.5	215.8	n/a	543.8	213.2	2.73	165.0
299.744	0.31	fixation	n/a	554.3	213.4	942.0	n/a	n/a	n/a	n/a
300.056	0.016	saccade	n/a	552.3	214.0	n/a	584.9	214.5	1.29	89.0
300.074	0.132	fixation	n/a	584.8	213.2	937.0	n/a	n/a	n/a	n/a
300.208	0.072	saccade	n/a	586.5	212.1	n/a	174.5	274.7	16.38	437.0
300.282	0.148	fixation	n/a	163.4	274.3	988.0	n/a	n/a	n/a	n/a
300.432	0.012	saccade	n/a	160.0	273.9	n/a	140.0	276.3	0.78	69.0
300.446	0.21	fixation	n/a	138.7	273.5	1000.0	n/a	n/a	n/a	n/a
300.658	0.022	saccade	n/a	141.3	269.9	n/a	183.1	266.3	1.64	94.0
300.682	0.296	fixation	n/a	196.1	266.5	928.0	n/a	n/a	n/a	n/a
300.98	0.018	saccade	n/a	195.7	268.4	n/a	243.0	265.0	1.87	141.0
301.0	0.31	fixation	n/a	255.1	266.7	934.0	n/a	n/a	n/a	n/a
301.312	0.01	saccade	n/a	256.5	266.1	n/a	275.7	266.5	0.76	81.0
301.324	0.266	fixation	n/a	281.2	266.3	944.0	n/a	n/a	n/a	n/a
301.592	0.024	saccade	n/a	280.0	268.0	n/a	356.3	268.8	3.04	177.0
301.618	0.232	fixation	n/a	365.7	268.9	917.0	n/a	n/a	n/a	n/a
301.852	0.014	saccade	n/a	364.9	266.5	n/a	398.2	268.2	1.33	119.0
301.868	0.298	fixation	n/a	409.4	267.9	902.0	n/a	n/a	n/a	n/a
302.01	0.0	trigger_11	11	n/a	n/a	n/a	n/a	n/a	n/a	n/a
302.016	0.0	trigger_10	10	n/a	n/a	n/a	n/a	n/a	n/a	n/a
302.168	0.02	saccade	n/a	409.6	266.3	n/a	359.1	263.3	2.02	145.0
302.19	0.24	fixation	n/a	359.6	265.0	912.0	n/a	n/a	n/a	n/a
302.432	0.022	saccade	n/a	357.1	263.0	n/a	420.4	261.8	2.53	159.0
302.456	0.266	fixation	n/a	443.2	261.8	923.0	n/a	n/a	n/a	n/a
302.724	0.022	saccade	n/a	443.5	266.3	n/a	503.3	266.8	2.39	142.0
302.748	0.228	fixation	n/a	510.6	267.3	893.0	n/a	n/a	n/a	n/a
302.978	0.012	saccade	n/a	511.2	266.5	n/a	534.3	269.9	0.93	91.0
302.992	0.142	fixation	n/a	541.7	266.9	879.0	n/a	n/a	n/a	n/a
303.136	0.02	saccade	n/a	542.0	266.6	n/a	589.6	265.7	1.88	129.0
303.158	0.124	fixation	n/a	595.5	268.6	866.0	n/a	n/a	n/a	n/a
303.284	0.06	saccade	n/a	595.2	266.2	n/a	167.2	333.7	16.93	438.0
303.346	0.144	fixation	n/a	169.7	335.1	881.0	n/a	n/a	n/a	n/a
303.492	0.008	saccade	n/a	166.0	335.9	n/a	150.5	334.1	0.6	76.0
303.502	0.144	fixation	n/a	148.4	335.2	913.0	n/a	n/a	n/a	n/a
303.648	0.02	saccade	n/a	146.6	336.5	n/a	190.4	333.3	1.7	125.0
303.67	0.148	fixation	n/a	192.4	332.9	873.0	n/a	n/a	n/a	n/a
303.82	0.04	saccade	n/a	194.2	335.0	n/a	140.3	95.8	9.76	357.0
303.862	0.176	fixation	n/a	137.3	88.2	818.0	n/a	n/a	n/a	n/a
304.04	0.006	saccade	n/a	137.6	92.7	n/a	140.4	100.8	0.34	51.0
304.048	0.332	fixation	n/a	139.3	104.1	881.0	n/a	n/a	n/a	n/a
304.382	0.018	saccade	n/a	140.0	108.3	n/a	178.9	114.6	1.55	104.0
304.402	0.318	fixation	n/a	196.5	117.1	999.0	n/a	n/a	n/a	n/a
304.722	0.01	saccade	n/a	197.9	115.6	n/a	215.8	114.2	0.71	76.0
304.734	0.176	fixation	n/a	233.9	113.8	940.0	n/a	n/a	n/a	n/a
304.912	0.022	saccade	n/a	234.9	113.2	n/a	312.6	96.0	3.19	279.0
304.936	0.19	fixation	n/a	316.9	93.5	933.0	n/a	n/a	n/a	n/a
305.128	0.006	saccade	n/a	316.4	90.7	n/a	306.4	91.4	0.4	58.0
305.136	0.352	fixation	n/a	299.7	92.0	1027.0	n/a	n/a	n/a	n/a
305.49	0.016	saccade	n/a	295.0	93.7	n/a	327.0	89.2	1.3	117.0
305.508	0.182	fixation	n/a	326.0	91.6	1089.0	n/a	n/a	n/a	n/a
305.692	0.016	saccade	n/a	326.4	91.2	n/a	363.4	92.6	1.49	117.0
305.71	0.24	fixation	n/a	374.8	91.9	1078.0	n/a	n/a	n/a	n/a
305.952	0.02	saccade	n/a	372.7	91.1	n/a	412.9	91.4	1.62	119.0
305.974	0.242	fixation	n/a	423.8	94.5	1086.0	n/a	n/a	n/a	n/a
306.218	0.02	saccade	n/a	424.4	95.9	n/a	474.2	94.1	2.01	134.0
306.24	0.262	fixation	n/a	493.8	97.8	1080.0	n/a	n/a	n/a	n/a
306.504	0.014	saccade	n/a	493.3	100.2	n/a	519.3	99.8	1.04	97.0
306.52	0.19	fixation	n/a	519.1	98.8	1059.0	n/a	n/a	n/a	n/a
306.712	0.066	saccade	n/a	517.6	97.0	n/a	161.7	158.2	14.31	457.0
306.78	0.288	fixation	n/a	149.9	163.7	1112.0	n/a	n/a	n/a	n/a
307.07	0.028	saccade	n/a	149.5	167.1	n/a	243.0	153.9	3.73	214.0
307.1	0.22	fixation	n/a	265.6	154.9	1136.0	n/a	n/a	n/a	n/a
307.322	0.01	saccade	n/a	269.0	155.1	n/a	249.2	153.8	0.79	81.0
307.334	0.248	fixation	n/a	248.4	157.3	1078.0	n/a	n/a	n/a	n/a
307.584	0.02	saccade	n/a	249.5	159.0	n/a	190.0	161.9	2.36	167.0
307.606	0.228	fixation	n/a	181.3	167.4	1034.0	n/a	n/a	n/a	n/a
307.836	0.018	saccade	n/a	182.1	168.3	n/a	228.8	159.2	1.88	137.0
307.856	0.236	fixation	n/a	247.2	155.2	1039.0	n/a	n/a	n/a	n/a
308.094	0.018	saccade	n/a	248.1	155.1	n/a	282.3	156.4	1.37	89.0
308.114	0.252	fixation	n/a	285.3	157.6	1035.0	n/a	n/a	n/a	n/a
308.368	0.022	saccade	n/a	284.8	160.5	n/a	349.2	155.7	2.59	174.0
308.392	0.278	fixation	n/a	363.4	158.0	987.0	n/a	n/a	n/a	n/a
308.672	0.02	saccade	n/a	362.6	158.0	n/a	413.8	155.8	2.07	150.0
308.694	0.224	fixation	n/a	422.7	159.2	943.0	n/a	n/a	n/a	n/a
308.92	0.132	saccade	n/a	424.9	164.2	n/a	476.3	192.8	2.37	847.0
308.956	0.054	blink	n/a	n/a	n/a	n/a	n/a	n/a	n/a	n/a
309.054	0.126	fixation	n/a	464.8	164.3	901.0	n/a	n/a	n/a	n/a
309.182	0.02	saccade	n/a	462.7	159.3	n/a	524.5	167.1	2.5	198.0
309.204	0.326	fixation	n/a	527.4	168.7	874.0	n/a	n/a	n/a	n/a
309.532	0.02	saccade	n/a	524.0	166.5	n/a	567.7	161.7	1.75	118.0
309.554	0.14	fixation	n/a	576.3	162.7	883.0	n/a	n/a	n/a	n/a
309.696	0.06	saccade	n/a	575.6	161.5	n/a	165.6	234.4	16.41	471.0
309.758	0.17	fixation	n/a	169.2	237.3	890.0	n/a	n/a	n/a	n/a
309.93	0.008	saccade	n/a	163.8	238.5	n/a	151.5	234.9	0.5	61.0
309.94	0.196	fixation	n/a	149.9	235.4	903.0	n/a	n/a	n/a	n/a
310.138	0.022	saccade	n/a	148.8	233.7	n/a	216.9	225.0	2.69	192.0
310.162	0.694	fixation	n/a	232.4	224.7	927.0	n/a	n/a	n/a	n/a
310.858	0.018	saccade	n/a	230.6	224.2	n/a	277.1	229.2	1.86	140.0
310.878	0.356	fixation	n/a	284.9	226.0	953.0	n/a	n/a	n/a	n/a
311.204	0.0	trigger_11	11	n/a	n/a	n/a	n/a	n/a	n/a	n/a
311.21	0.0	trigger_12	12	n/a	n/a	n/a	n/a	n/a	n/a	n/a
311.236	0.018	saccade	n/a	284.5	229.0	n/a	326.2	226.9	1.67	114.0
311.256	0.47	fixation	n/a	331.1	229.6	940.0	n/a	n/a	n/a	n/a
311.728	0.02	saccade	n/a	330.7	229.3	n/a	338.1	175.3	2.22	188.0
311.75	0.22	fixation	n/a	343.3	177.6	920.0	n/a	n/a	n/a	n/a
311.972	0.02	saccade	n/a	343.9	176.5	n/a	319.3	217.9	1.95	129.0
311.994	0.138	fixation	n/a	321.4	221.4	929.0	n/a	n/a	n/a	n/a
312.134	0.018	saccade	n/a	321.2	219.6	n/a	279.5	218.0	1.67	124.0
312.154	0.21	fixation	n/a	277.9	220.0	972.0	n/a	n/a	n/a	n/a
312.366	0.02	saccade	n/a	277.2	218.6	n/a	337.1	220.0	2.4	167.0
312.388	0.238	fixation	n/a	339.8	222.5	926.0	n/a	n/a	n/a	n/a
312.628	0.026	saccade	n/a	341.6	222.2	n/a	249.3	153.6	4.63	277.0
312.656	0.194	fixation	n/a	238.7	146.8	885.0	n/a	n/a	n/a	n/a
312.852	0.018	saccade	n/a	239.2	144.1	n/a	214.6	114.3	1.56	130.0
312.872	0.172	fixation	n/a	213.4	116.3	928.0	n/a	n/a	n/a	n/a
313.046	0.022	saccade	n/a	211.9	116.9	n/a	148.8	101.9	2.56	180.0
313.07	0.414	fixation	n/a	140.7	102.0	1043.0	n/a	n/a	n/a	n/a
313.486	0.01	saccade	n/a	140.0	100.7	n/a	123.4	94.8	0.69	72.0
313.498	0.138	fixation	n/a	122.4	95.3	1134.0	n/a	n/a	n/a	n/a
313.638	0.022	saccade	n/a	119.7	93.0	n/a	194.4	98.1	2.93	220.0
313.662	0.17	fixation	n/a	208.8	97.2	1102.0	n/a	n/a	n/a	n/a
313.834	0.012	saccade	n/a	211.6	96.3	n/a	236.4	94.9	0.99	92.0
313.848	0.176	fixation	n/a	240.5	93.5	1047.0	n/a	n/a	n/a	n/a
314.026	0.022	saccade	n/a	240.2	92.4	n/a	312.3	81.8	2.92	246.0
314.05	0.222	fixation	n/a	314.5	80.7	1054.0	n/a	n/a	n/a	n/a
314.274	0.016	saccade	n/a	313.3	79.0	n/a	352.0	78.9	1.56	114.0
314.292	0.258	fixation	n/a	372.3	81.6	1068.0	n/a	n/a	n/a	n/a
314.552	0.016	saccade	n/a	373.5	84.2	n/a	404.5	81.6	1.25	104.0
314.57	0.242	fixation	n/a	412.9	86.1	1039.0	n/a	n/a	n/a	n/a
314.814	0.026	saccade	n/a	413.6	89.3	n/a	338.3	85.2	3.03	169.0
314.842	0.22	fixation	n/a	330.9	86.2	1020.0	n/a	n/a	n/a	n/a
315.064	0.024	saccade	n/a	326.4	85.5	n/a	401.9	90.2	3.04	184.0
315.09	0.42	fixation	n/a	418.1	93.4	1038.0	n/a	n/a	n/a	n/a
315.512	0.02	saccade	n/a	422.6	94.8	n/a	482.7	93.9	2.42	161.0
315.534	0.278	fixation	n/a	491.5	99.5	990.0	n/a	n/a	n/a	n/a
315.814	0.016	saccade	n/a	492.6	103.2	n/a	523.8	102.4	1.25	99.0
315.832	0.176	fixation	n/a	518.6	102.0	973.0	n/a	n/a	n/a	n/a
316.01	0.116	saccade	n/a	518.0	104.6	n/a	588.9	128.9	2.99	495.0
316.128	0.144	fixation	n/a	577.6	107.5	934.0	n/a	n/a	n/a	n/a
316.274	0.012	saccade	n/a	577.6	102.0	n/a	605.1	101.7	1.09	96.0
316.288	0.144	fixation	n/a	605.0	102.1	887.0	n/a	n/a	n/a	n/a
316.434	0.074	saccade	n/a	607.0	104.3	n/a	168.0	182.7	17.57	445.0
316.51	0.148	fixation	n/a	158.5	185.0	885.0	n/a	n/a	n/a	n/a
316.66	0.01	saccade	n/a	156.7	185.7	n/a	141.9	188.6	0.59	61.0
316.672	0.22	fixation	n/a	137.9	182.9	952.0	n/a	n/a	n/a	n/a
316.894	0.026	saccade	n/a	136.2	181.3	n/a	225.9	167.5	3.57	192.0
316.922	0.252	fixation	n/a	242.9	160.0	985.0	n/a	n/a	n/a	n/a
317.176	0.008	saccade	n/a	246.1	158.1	n/a	234.8	160.6	0.46	55.0
317.186	0.164	fixation	n/a	234.6	162.5	961.0	n/a	n/a	n/a	n/a
317.352	0.02	saccade	n/a	234.5	166.2	n/a	287.9	160.9	2.14	176.0
317.374	0.254	fixation	n/a	295.5	161.4	933.0	n/a	n/a	n/a	n/a
317.63	0.022	saccade	n/a	296.0	164.2	n/a	346.5	155.1	2.06	143.0
317.654	0.284	fixation	n/a	356.9	155.3	961.0	n/a	n/a	n/a	n/a
317.94	0.01	saccade	n/a	357.7	153.4	n/a	376.9	155.0	0.78	84.0
317.952	0.356	fixation	n/a	377.2	151.5	1000.0	n/a	n/a	n/a	n/a
318.31	0.022	saccade	n/a	379.6	150.9	n/a	432.4	148.1	2.13	113.0
318.334	0.156	fixation	n/a	438.0	146.9	990.0	n/a	n/a	n/a	n/a
318.492	0.112	saccade	n/a	441.1	158.6	n/a	466.6	178.6	1.31	922.0
318.52	0.04	blink	n/a	n/a	n/a	n/a	n/a	n/a	n/a	n/a
318.606	0.32	fixation	n/a	455.2	157.3	1041.0	n/a	n/a	n/a	n/a
318.928	0.024	saccade	n/a	453.3	156.5	n/a	521.6	152.5	2.74	167.0
318.954	0.392	fixation	n/a	518.9	153.9	1027.0	n/a	n/a	n/a	n/a
319.348	0.016	saccade	n/a	517.5	149.2	n/a	488.1	145.5	1.19	100.0
319.366	0.2	fixation	n/a	492.2	153.8	1097.0	n/a	n/a	n/a	n/a
319.568	0.036	saccade	n/a	489.1	151.9	n/a	575.4	148.8	3.45	145.0
319.606	0.272	fixation	n/a	566.7	147.7	1139.0	n/a	n/a	n/a	n/a
319.88	0.016	saccade	n/a	564.9	146.2	n/a	601.0	145.2	1.43	94.0
319.898	0.268	fixation	n/a	603.4	149.4	1103.0	n/a	n/a	n/a	n/a
320.168	0.074	saccade	n/a	604.6	153.9	n/a	209.6	221.7	15.85	404.0
320.244	0.126	fixation	n/a	198.0	222.0	1083.0	n/a	n/a	n/a	n/a
320.372	0.0	trigger_13	13	n/a	n/a	n/a	n/a	n/a	n/a	n/a
320.372	0.02	saccade	n/a	192.8	221.3	n/a	135.0	227.6	2.27	178.0
320.394	0.454	fixation	n/a	129.7	228.7	1084.0	n/a	n/a	n/a	n/a
320.85	0.018	saccade	n/a	127.2	232.9	n/a	167.5	223.8	1.61	119.0
320.87	0.294	fixation	n/a	190.5	226.4	983.0	n/a	n/a	n/a	n/a
321.166	0.014	saccade	n/a	191.8	224.7	n/a	222.5	223.5	1.21	97.0
321.182	0.474	fixation	n/a	225.7	222.3	983.0	n/a	n/a	n/a	n/a
321.658	0.006	saccade	n/a	229.8	219.8	n/a	237.7	221.8	0.32	50.0
321.666	0.642	fixation	n/a	234.3	217.9	1018.0	n/a	n/a	n/a	n/a
322.31	0.026	saccade	n/a	238.2	213.1	n/a	208.1	104.7	4.54	332.0
322.338	0.266	fixation	n/a	207.5	103.4	1083.0	n/a	n/a	n/a	n/a
322.606	0.024	saccade	n/a	206.0	103.0	n/a	126.7	91.5	3.14	217.0
322.632	0.142	fixation	n/a	126.4	93.7	1166.0	n/a	n/a	n/a	n/a
322.776	0.026	saccade	n/a	126.3	95.6	n/a	150.2	198.9	4.25	364.0
322.804	0.266	fixation	n/a	144.5	193.0	1237.0	n/a	n/a	n/a	n/a
323.072	0.012	saccade	n/a	142.9	192.6	n/a	143.8	178.5	0.57	49.0
323.086	0.166	fixation	n/a	144.9	178.6	1290.0	n/a	n/a	n/a	n/a
323.254	0.02	saccade	n/a	145.6	180.3	n/a	145.6	225.9	1.83	177.0
323.276	0.292	fixation	n/a	145.6	220.8	1241.0	n/a	n/a	n/a	n/a
323.51	0.0	trigger_15	15	n/a	n/a	n/a	n/a	n/a	n/a	n/a
323.516	0.0	trigger_10	10	n/a	n/a	n/a	n/a	n/a	n/a	n/a
323.57	0.022	saccade	n/a	145.3	222.1	n/a	142.6	275.1	2.11	197.0
323.594	0.248	fixation	n/a	139.6	267.1	1366.0	n/a	n/a	n/a	n/a
323.844	0.022	saccade	n/a	135.5	267.6	n/a	143.4	205.1	2.51	223.0
323.868	0.192	fixation	n/a	143.8	208.7	1347.0	n/a	n/a	n/a	n/a
324.062	0.01	saccade	n/a	145.1	208.8	n/a	141.8	220.6	0.49	49.0
324.074	0.252	fixation	n/a	145.5	222.8	1283.0	n/a	n/a	n/a	n/a
324.328	0.02	saccade	n/a	149.3	220.2	n/a	140.7	278.4	2.34	209.0
324.35	0.226	fixation	n/a	142.0	270.3	1290.0	n/a	n/a	n/a	n/a
324.578	0.026	saccade	n/a	142.4	271.2	n/a	112.2	162.5	4.49	294.0
324.606	0.314	fixation	n/a	121.4	166.7	1253.0	n/a	n/a	n/a	n/a
324.922	0.012	saccade	n/a	121.0	166.7	n/a	145.1	164.1	0.94	83.0
324.936	0.286	fixation	n/a	145.8	163.4	1278.0	n/a	n/a	n/a	n/a
325.224	0.01	saccade	n/a	143.1	160.9	n/a	128.0	157.2	0.61	63.0
325.236	0.172	fixation	n/a	126.7	156.0	1310.0	n/a	n/a	n/a	n/a
325.41	0.024	saccade	n/a	125.4	154.4	n/a	110.9	78.7	3.09	241.0
325.436	0.416	fixation	n/a	115.8	85.0	1334.0	n/a	n/a	n/a	n/a
325.854	0.018	saccade	n/a	123.8	77.3	n/a	151.1	84.1	1.1	81.0
325.874	0.302	fixation	n/a	166.0	83.3	1295.0	n/a	n/a	n/a	n/a
326.178	0.016	saccade	n/a	168.7	83.0	n/a	211.0	85.2	1.67	127.0
326.196	0.274	fixation	n/a	215.6	86.1	1220.0	n/a	n/a	n/a	n/a
326.472	0.026	saccade	n/a	216.0	90.0	n/a	322.1	75.3	4.28	306.0
326.5	0.382	fixation	n/a	326.3	77.0	1174.0	n/a	n/a	n/a	n/a
326.884	0.02	saccade	n/a	325.9	77.2	n/a	367.1	81.4	1.67	118.0
326.906	0.246	fixation	n/a	380.4	82.5	1106.0	n/a	n/a	n/a	n/a
327.154	0.014	saccade	n/a	382.3	84.5	n/a	415.0	87.6	1.32	108.0
327.17	0.118	fixation	n/a	429.1	90.1	1105.0	n/a	n/a	n/a	n/a
327.29	0.024	saccade	n/a	430.1	90.9	n/a	500.2	88.9	2.82	186.0
327.316	0.366	fixation	n/a	499.6	91.9	1133.0	n/a	n/a	n/a	n/a
327.684	0.026	saccade	n/a	496.8	96.2	n/a	581.6	94.2	3.39	205.0
327.712	0.216	fixation	n/a	581.7	98.3	1103.0	n/a	n/a	n/a	n/a
327.93	0.136	saccade	n/a	580.1	118.7	n/a	587.9	127.5	0.47	567.0
327.97	0.044	blink	n/a	n/a	n/a	n/a	n/a	n/a	n/a	n/a
328.068	0.138	fixation	n/a	577.3	115.0	1063.0	n/a	n/a	n/a	n/a
328.208	0.058	saccade	n/a	575.5	112.5	n/a	178.5	168.3	15.85	468.0
328.268	0.126	fixation	n/a	185.0	170.8	1036.0	n/a	n/a	n/a	n/a
328.396	0.02	saccade	n/a	186.0	175.9	n/a	134.0	187.0	2.08	151.0
328.418	0.362	fixation	n/a	132.3	186.4	1031.0	n/a	n/a	n/a	n/a
328.782	0.022	saccade	n/a	130.1	184.1	n/a	195.1	176.7	2.56	174.0
328.806	0.144	fixation	n/a	214.1	171.8	1132.0	n/a	n/a	n/a	n/a
328.952	0.022	saccade	n/a	215.5	170.7	n/a	148.0	175.9	2.66	197.0
328.976	0.218	fixation	n/a	137.2	178.7	1155.0	n/a	n/a	n/a	n/a
329.196	0.008	saccade	n/a	136.3	178.9	n/a	124.7	178.9	0.45	53.0
329.206	0.444	fixation	n/a	127.1	178.5	1177.0	n/a	n/a	n/a	n/a
329.652	0.022	saccade	n/a	130.7	180.5	n/a	191.0	171.6	2.39	147.0
329.676	0.226	fixation	n/a	205.8	168.8	1131.0	n/a	n/a	n/a	n/a
329.904	0.014	saccade	n/a	207.3	170.8	n/a	237.7	164.8	1.23	100.0
329.92	0.32	fixation	n/a	247.6	159.3	1103.0	n/a	n/a	n/a	n/a
330.242	0.016	saccade	n/a	245.0	157.9	n/a	277.4	156.2	1.3	112.0
330.26	0.26	fixation	n/a	283.4	155.1	1109.0	n/a	n/a	n/a	n/a
330.522	0.014	saccade	n/a	284.8	153.2	n/a	319.6	148.9	1.41	120.0
330.538	0.264	fixation	n/a	329.8	146.9	1087.0	n/a	n/a	n/a	n/a
330.804	0.016	saccade	n/a	328.6	142.9	n/a	357.0	145.1	1.15	89.0
330.822	0.206	fixation	n/a	374.9	142.8	1093.0	n/a	n/a	n/a	n/a
331.03	0.012	saccade	n/a	377.5	143.8	n/a	406.7	141.1	1.18	106.0
331.044	0.278	fixation	n/a	410.8	147.0	1068.0	n/a	n/a	n/a	n/a
331.324	0.034	saccade	n/a	410.8	151.9	n/a	510.2	155.2	3.99	183.0
331.36	0.344	fixation	n/a	511.1	155.8	1035.0	n/a	n/a	n/a	n/a
331.706	0.01	saccade	n/a	515.5	156.5	n/a	533.1	155.3	0.7	74.0
331.718	0.322	fixation	n/a	532.0	158.4	1028.0	n/a	n/a	n/a	n/a
332.042	0.026	saccade	n/a	537.0	165.3	n/a	575.4	209.3	2.34	108.0
332.07	0.284	fixation	n/a	591.6	169.8	962.0	n/a	n/a	n/a	n/a
332.356	0.02	saccade	n/a	590.2	162.4	n/a	544.0	161.2	1.83	152.0
332.378	0.254	fixation	n/a	539.4	166.9	894.0	n/a	n/a	n/a	n/a
332.634	0.02	saccade	n/a	534.6	169.6	n/a	593.0	159.5	2.35	173.0
332.656	0.334	fixation	n/a	601.2	162.0	855.0	n/a	n/a	n/a	n/a
332.992	0.062	saccade	n/a	602.2	159.8	n/a	192.3	232.8	16.44	422.0
333.056	0.12	fixation	n/a	190.5	232.8	912.0	n/a	n/a	n/a	n/a
333.178	0.014	saccade	n/a	188.4	234.0	n/a	149.9	232.0	1.51	127.0
333.194	0.228	fixation	n/a	142.8	233.3	925.0	n/a	n/a	n/a	n/a
333.424	0.018	saccade	n/a	141.5	235.1	n/a	183.0	228.0	1.65	132.0
333.444	0.302	fixation	n/a	197.6	232.6	885.0	n/a	n/a	n/a	n/a
333.67	0.0	trigger_11	11	n/a	n/a	n/a	n/a	n/a	n/a	n/a
333.674	0.0	trigger_10	10	n/a	n/a	n/a	n/a	n/a	n/a	n/a
333.748	0.012	saccade	n/a	200.1	235.2	n/a	223.1	236.5	0.91	88.0
333.762	0.306	fixation	n/a	230.7	235.1	803.0	n/a	n/a	n/a	n/a
334.07	0.022	saccade	n/a	232.6	237.8	n/a	291.8	230.1	2.37	150.0
334.094	0.34	fixation	n/a	307.1	233.4	710.0	n/a	n/a	n/a	n/a
334.436	0.02	saccade	n/a	307.6	234.2	n/a	355.9	241.7	1.96	120.0
334.458	0.228	fixation	n/a	366.7	242.5	681.0	n/a	n/a	n/a	n/a
334.688	0.02	saccade	n/a	366.5	241.5	n/a	328.5	187.8	2.66	215.0
334.71	0.598	fixation	n/a	319.6	174.5	798.0	n/a	n/a	n/a	n/a
335.31	0.02	saccade	n/a	313.8	169.6	n/a	348.0	219.6	2.46	188.0
335.332	0.164	fixation	n/a	348.6	227.0	883.0	n/a	n/a	n/a	n/a
335.498	0.046	saccade	n/a	349.6	229.2	n/a	170.8	105.3	8.68	389.0
335.546	0.156	fixation	n/a	178.2	105.0	897.0	n/a	n/a	n/a	n/a
335.704	0.02	saccade	n/a	175.7	103.2	n/a	122.0	94.8	2.12	174.0
335.726	0.428	fixation	n/a	123.3	99.1	959.0	n/a	n/a	n/a	n/a
336.156	0.024	saccade	n/a	118.6	101.0	n/a	216.3	109.7	3.85	316.0
336.182	0.202	fixation	n/a	213.5	112.5	989.0	n/a	n/a	n/a	n/a
336.386	0.006	saccade	n/a	218.0	112.6	n/a	227.4	112.5	0.37	57.0
336.394	0.826	fixation	n/a	228.6	111.0	966.0	n/a	n/a	n/a	n/a
337.222	0.008	saccade	n/a	221.9	108.4	n/a	235.9	107.7	0.56	66.0
337.232	0.356	fixation	n/a	236.8	106.6	1027.0	n/a	n/a	n/a	n/a
337.59	0.022	saccade	n/a	236.9	106.2	n/a	311.7	95.9	3.02	228.0
337.614	0.294	fixation	n/a	313.7	92.3	1012.0	n/a	n/a	n/a	n/a
337.91	0.02	saccade	n/a	309.5	90.1	n/a	358.9	94.6	2.0	130.0
337.932	0.146	fixation	n/a	354.0	94.2	1022.0	n/a	n/a	n/a	n/a
338.08	0.112	saccade	n/a	358.5	106.8	n/a	332.3	132.8	1.5	600.0
338.118	0.03	blink	n/a	n/a	n/a	n/a	n/a	n/a	n/a	n/a
338.194	0.21	fixation	n/a	323.7	99.1	998.0	n/a	n/a	n/a	n/a
338.406	0.016	saccade	n/a	321.7	97.7	n/a	359.0	102.0	1.51	120.0
338.424	0.152	fixation	n/a	364.5	103.1	936.0	n/a	n/a	n/a	n/a
338.578	0.014	saccade	n/a	365.5	105.2	n/a	394.2	102.2	1.16	108.0
338.594	0.268	fixation	n/a	394.8	103.2	937.0	n/a	n/a	n/a	n/a
338.864	0.032	saccade	n/a	392.9	104.2	n/a	499.2	109.3	4.28	233.0
338.898	0.316	fixation	n/a	495.9	107.5	978.0	n/a	n/a	n/a	n/a
339.216	0.022	saccade	n/a	494.3	104.9	n/a	544.8	101.6	2.02	137.0
339.24	0.296	fixation	n/a	556.4	98.0	1005.0	n/a	n/a	n/a	n/a
339.538	0.022	saccade	n/a	555.8	98.0	n/a	618.8	90.7	2.51	162.0
339.562	0.162	fixation	n/a	622.4	94.1	1014.0	n/a	n/a	n/a	n/a
339.726	0.064	saccade	n/a	622.4	94.4	n/a	128.5	169.5	19.57	501.0
339.792	0.254	fixation	n/a	135.4	171.4	1078.0	n/a	n/a	n/a	n/a
340.048	0.018	saccade	n/a	134.3	172.2	n/a	176.0	170.4	1.63	133.0
340.068	0.278	fixation	n/a	180.0	163.1	1113.0	n/a	n/a	n/a	n/a
340.348	0.014	saccade	n/a	180.5	162.0	n/a	215.3	153.9	1.41	114.0
340.364	0.182	fixation	n/a	223.6	151.1	1126.0	n/a	n/a	n/a	n/a
340.548	0.02	saccade	n/a	224.8	150.7	n/a	282.9	145.9	2.32	168.0
340.57	0.26	fixation	n/a	298.4	148.5	1107.0	n/a	n/a	n/a	n/a
340.832	0.028	saccade	n/a	298.4	150.6	n/a	377.6	142.8	3.2	168.0
340.862	0.312	fixation	n/a	383.1	151.5	1068.0	n/a	n/a	n/a	n/a
341.176	0.022	saccade	n/a	383.9	157.9	n/a	450.2	152.8	2.68	187.0
341.2	0.358	fixation	n/a	450.5	154.7	1025.0	n/a	n/a	n/a	n/a
341.502	0.0	trigger_11	11	n/a	n/a	n/a	n/a	n/a	n/a	n/a
341.508	0.0	trigger_10	10	n/a	n/a	n/a	n/a	n/a	n/a	n/a
341.56	0.146	saccade	n/a	452.3	158.5	n/a	542.3	205.3	4.07	832.0
341.6	0.054	blink	n/a	n/a	n/a	n/a	n/a	n/a	n/a	n/a
341.708	0.204	fixation	n/a	531.1	183.1	975.0	n/a	n/a	n/a	n/a
341.914	0.056	saccade	n/a	529.2	175.1	n/a	159.5	242.2	14.83	428.0
341.972	0.152	fixation	n/a	161.1	245.8	952.0	n/a	n/a	n/a	n/a
342.126	0.01	saccade	n/a	157.7	248.0	n/a	140.3	251.2	0.69	73.0
342.138	0.22	fixation	n/a	135.3	251.3	976.0	n/a	n/a	n/a	n/a
342.36	0.016	saccade	n/a	136.3	253.2	n/a	177.2	240.5	1.67	135.0
342.378	0.16	fixation	n/a	182.6	240.2	1001.0	n/a	n/a	n/a	n/a
342.54	0.01	saccade	n/a	184.6	238.1	n/a	202.6	242.2	0.73	77.0
342.552	0.554	fixation	n/a	203.8	241.6	965.0	n/a	n/a	n/a	n/a
343.108	0.032	saccade	n/a	201.8	240.4	n/a	188.1	114.1	5.12	287.0
343.142	0.272	fixation	n/a	193.1	113.2	1018.0	n/a	n/a	n/a	n/a
343.416	0.018	saccade	n/a	191.6	109.6	n/a	145.9	101.0	1.83	144.0
343.436	0.306	fixation	n/a	135.4	95.3	1093.0	n/a	n/a	n/a	n/a
343.744	0.006	saccade	n/a	124.5	90.1	n/a	117.2	92.0	0.29	46.0
343.752	0.194	fixation	n/a	115.7	92.3	1137.0	n/a	n/a	n/a	n/a
343.948	0.022	saccade	n/a	113.4	91.8	n/a	179.7	94.5	2.59	217.0
343.972	0.218	fixation	n/a	193.2	99.5	1096.0	n/a	n/a	n/a	n/a
344.192	0.026	saccade	n/a	193.7	98.9	n/a	127.6	90.6	2.61	145.0
344.22	0.278	fixation	n/a	128.4	96.2	1041.0	n/a	n/a	n/a	n/a
344.5	0.024	saccade	n/a	129.1	100.6	n/a	204.7	109.6	2.99	193.0
344.526	0.346	fixation	n/a	209.5	108.7	1075.0	n/a	n/a	n/a	n/a
344.874	0.014	saccade	n/a	202.5	107.0	n/a	228.7	102.8	1.05	87.0
344.89	0.334	fixation	n/a	226.7	102.3	1094.0	n/a	n/a	n/a	n/a
345.226	0.022	saccade	n/a	223.4	103.9	n/a	312.2	86.3	3.62	309.0
345.25	0.21	fixation	n/a	317.4	88.2	1062.0	n/a	n/a	n/a	n/a
345.462	0.01	saccade	n/a	318.0	90.3	n/a	300.4	91.3	0.71	78.0
345.474	0.28	fixation	n/a	302.6	91.8	1004.0	n/a	n/a	n/a	n/a
345.756	0.018	saccade	n/a	302.4	96.1	n/a	345.1	95.7	1.71	124.0
345.776	0.34	fixation	n/a	340.3	98.4	961.0	n/a	n/a	n/a	n/a
346.118	0.012	saccade	n/a	341.9	99.2	n/a	363.3	100.3	0.86	83.0
346.132	0.302	fixation	n/a	368.5	99.7	958.0	n/a	n/a	n/a	n/a
346.436	0.016	saccade	n/a	368.5	99.9	n/a	335.8	95.7	1.33	92.0
346.454	0.306	fixation	n/a	336.9	98.3	966.0	n/a	n/a	n/a	n/a
346.762	0.016	saccade	n/a	337.7	99.0	n/a	305.5	95.6	1.3	101.0
346.78	0.192	fixation	n/a	308.1	98.2	938.0	n/a	n/a	n/a	n/a
346.974	0.018	saccade	n/a	305.2	96.3	n/a	347.6	96.3	1.71	134.0
346.994	0.02	fixation	n/a	352.4	106.4	934.0	n/a	n/a	n/a	n/a
347.016	0.188	saccade	n/a	362.1	117.1	n/a	401.2	114.7	1.58	648.0
347.054	0.096	blink	n/a	n/a	n/a	n/a	n/a	n/a	n/a	n/a
347.206	0.13	fixation	n/a	395.0	100.1	899.0	n/a	n/a	n/a	n/a
347.338	0.008	saccade	n/a	392.6	100.0	n/a	381.1	102.9	0.48	58.0
347.348	0.2	fixation	n/a	379.9	101.0	873.0	n/a	n/a	n/a	n/a
347.55	0.012	saccade	n/a	380.4	100.9	n/a	406.7	103.1	1.06	101.0
347.564	0.206	fixation	n/a	401.7	103.0	911.0	n/a	n/a	n/a	n/a
347.772	0.01	saccade	n/a	401.4	102.4	n/a	421.6	104.7	0.82	86.0
347.784	0.36	fixation	n/a	420.5	103.6	996.0	n/a	n/a	n/a	n/a
348.146	0.02	saccade	n/a	420.0	104.6	n/a	468.2	106.6	1.94	135.0
348.168	0.182	fixation	n/a	469.3	106.4	1033.0	n/a	n/a	n/a	n/a
348.352	0.014	saccade	n/a	471.4	106.5	n/a	498.7	107.8	1.1	88.0
348.368	0.156	fixation	n/a	496.9	107.8	1035.0	n/a	n/a	n/a	n/a
348.526	0.058	saccade	n/a	497.7	106.8	n/a	157.3	166.2	13.69	410.0
348.586	0.126	fixation	n/a	159.6	170.0	1077.0	n/a	n/a	n/a	n/a
348.714	0.01	saccade	n/a	155.8	172.6	n/a	139.5	178.1	0.67	70.0
348.726	0.198	fixation	n/a	139.2	177.6	1098.0	n/a	n/a	n/a	n/a
348.926	0.018	saccade	n/a	138.5	178.3	n/a	171.0	173.1	1.29	92.0
348.946	0.182	fixation	n/a	177.5	170.8	1072.0	n/a	n/a	n/a	n/a
349.13	0.022	saccade	n/a	179.4	169.6	n/a	206.3	110.4	2.62	222.0
349.154	0.326	fixation	n/a	207.2	119.6	1035.0	n/a	n/a	n/a	n/a
349.482	0.036	saccade	n/a	207.6	119.1	n/a	286.9	156.5	3.5	184.0
349.52	0.174	fixation	n/a	285.1	153.4	1068.0	n/a	n/a	n/a	n/a
349.696	0.01	saccade	n/a	283.7	151.8	n/a	268.8	151.6	0.6	64.0
349.708	0.124	fixation	n/a	271.5	155.0	1058.0	n/a	n/a	n/a	n/a
349.834	0.022	saccade	n/a	271.3	154.7	n/a	330.8	142.0	2.44	166.0
349.858	0.246	fixation	n/a	337.6	146.5	961.0	n/a	n/a	n/a	n/a
350.106	0.016	saccade	n/a	338.5	151.8	n/a	378.6	150.1	1.62	131.0
350.124	0.212	fixation	n/a	390.1	151.3	911.0	n/a	n/a	n/a	n/a
350.338	0.014	saccade	n/a	391.0	153.8	n/a	423.3	151.8	1.3	115.0
350.354	0.274	fixation	n/a	424.6	152.8	901.0	n/a	n/a	n/a	n/a
350.63	0.02	saccade	n/a	424.9	152.8	n/a	481.8	152.8	2.29	159.0
350.652	0.456	fixation	n/a	487.9	155.7	893.0	n/a	n/a	n/a	n/a
351.11	0.024	saccade	n/a	486.7	156.2	n/a	538.0	158.4	2.05	130.0
351.136	0.268	fixation	n/a	552.5	160.5	867.0	n/a	n/a	n/a	n/a
351.406	0.016	saccade	n/a	551.5	161.7	n/a	585.0	160.6	1.33	115.0
351.424	0.126	fixation	n/a	588.4	159.9	861.0	n/a	n/a	n/a	n/a
351.552	0.124	saccade	n/a	588.5	162.7	n/a	619.4	174.4	1.31	573.0
351.604	0.01	blink	n/a	n/a	n/a	n/a	n/a	n/a	n/a	n/a
351.678	0.252	fixation	n/a	609.7	165.9	817.0	n/a	n/a	n/a	n/a
351.932	0.012	saccade	n/a	611.5	162.6	n/a	636.7	159.3	1.0	92.0
351.946	0.292	fixation	n/a	645.2	158.9	788.0	n/a	n/a	n/a	n/a
352.24	0.016	saccade	n/a	642.7	159.0	n/a	683.3	153.6	1.59	115.0
352.258	0.196	fixation	n/a	685.4	157.0	840.0	n/a	n/a	n/a	n/a
352.456	0.08	saccade	n/a	682.7	153.0	n/a	206.0	225.3	18.85	413.0
352.538	0.118	fixation	n/a	199.3	226.3	960.0	n/a	n/a	n/a	n/a
352.658	0.022	saccade	n/a	197.6	225.8	n/a	140.5	220.9	2.24	161.0
352.682	0.324	fixation	n/a	144.3	225.7	996.0	n/a	n/a	n/a	n/a
353.008	0.044	saccade	n/a	143.2	229.7	n/a	352.3	104.7	9.7	371.0
353.054	0.156	fixation	n/a	358.1	97.1	921.0	n/a	n/a	n/a	n/a
353.212	0.028	saccade	n/a	357.5	97.8	n/a	456.4	107.7	4.0	244.0
353.242	0.106	fixation	n/a	458.5	109.9	937.0	n/a	n/a	n/a	n/a
353.35	0.018	saccade	n/a	457.8	110.3	n/a	412.2	103.8	1.85	162.0
353.37	0.244	fixation	n/a	411.7	101.5	1005.0	n/a	n/a	n/a	n/a
353.616	0.054	saccade	n/a	411.4	98.5	n/a	156.6	226.1	11.35	382.0
353.672	0.176	fixation	n/a	159.9	224.4	1088.0	n/a	n/a	n/a	n/a
353.85	0.008	saccade	n/a	157.6	224.6	n/a	146.0	225.9	0.46	56.0
353.86	0.106	fixation	n/a	147.1	225.0	1095.0	n/a	n/a	n/a	n/a
353.968	0.02	saccade	n/a	147.6	222.4	n/a	191.4	218.3	1.72	133.0
353.99	0.138	fixation	n/a	206.2	222.2	1047.0	n/a	n/a	n/a	n/a
354.13	0.016	saccade	n/a	210.6	225.5	n/a	247.9	220.5	1.49	120.0
354.148	0.154	fixation	n/a	253.4	220.4	992.0	n/a	n/a	n/a	n/a
354.304	0.016	saccade	n/a	255.8	223.6	n/a	295.6	223.6	1.59	142.0
354.322	0.188	fixation	n/a	307.6	222.4	979.0	n/a	n/a	n/a	n/a
354.512	0.016	saccade	n/a	311.4	224.7	n/a	347.7	222.0	1.46	111.0
354.53	0.276	fixation	n/a	351.0	222.9	938.0	n/a	n/a	n/a	n/a
354.808	0.024	saccade	n/a	348.9	222.4	n/a	411.8	213.2	2.55	172.0
354.834	0.482	fixation	n/a	414.8	219.7	921.0	n/a	n/a	n/a	n/a
355.318	0.02	saccade	n/a	412.9	220.4	n/a	472.0	216.5	2.37	174.0
355.34	0.216	fixation	n/a	480.1	217.9	919.0	n/a	n/a	n/a	n/a
355.558	0.02	saccade	n/a	480.0	219.8	n/a	531.9	219.2	2.07	147.0
355.58	0.146	fixation	n/a	538.6	221.6	904.0	n/a	n/a	n/a	n/a
355.728	0.066	saccade	n/a	539.8	223.1	n/a	176.0	280.6	14.54	458.0
355.796	0.154	fixation	n/a	168.4	282.2	903.0	n/a	n/a	n/a	n/a
355.952	0.01	saccade	n/a	167.5	285.3	n/a	149.3	284.4	0.71	76.0
355.964	0.276	fixation	n/a	150.7	286.8	903.0	n/a	n/a	n/a	n/a
356.242	0.016	saccade	n/a	151.6	284.6	n/a	187.4	277.4	1.42	123.0
356.26	0.182	fixation	n/a	200.9	279.9	891.0	n/a	n/a	n/a	n/a
356.444	0.01	saccade	n/a	202.3	280.2	n/a	221.5	280.4	0.75	82.0
356.456	0.318	fixation	n/a	223.0	280.0	870.0	n/a	n/a	n/a	n/a
356.776	0.022	saccade	n/a	225.1	279.2	n/a	231.7	200.9	3.16	226.0
356.8	0.096	fixation	n/a	241.6	191.6	879.0	n/a	n/a	n/a	n/a
356.898	0.024	saccade	n/a	242.4	189.6	n/a	207.4	141.0	2.41	161.0
356.924	0.13	fixation	n/a	209.5	141.3	901.0	n/a	n/a	n/a	n/a
357.056	0.016	saccade	n/a	211.7	140.3	n/a	178.7	118.2	1.58	132.0
357.074	0.284	fixation	n/a	175.2	120.7	955.0	n/a	n/a	n/a	n/a
357.36	0.018	saccade	n/a	177.1	121.5	n/a	212.1	111.9	1.44	102.0
357.38	0.262	fixation	n/a	217.6	111.7	1021.0	n/a	n/a	n/a	n/a
357.644	0.012	saccade	n/a	217.2	110.2	n/a	244.1	111.0	1.07	102.0
357.658	0.194	fixation	n/a	243.9	109.5	1023.0	n/a	n/a	n/a	n/a
357.808	0.0	trigger_11	11	n/a	n/a	n/a	n/a	n/a	n/a	n/a
357.814	0.0	trigger_10	10	n/a	n/a	n/a	n/a	n/a	n/a	n/a
357.854	0.026	saccade	n/a	241.7	108.8	n/a	283.9	175.0	3.17	228.0
357.882	0.178	fixation	n/a	276.8	172.8	1048.0	n/a	n/a	n/a	n/a
358.062	0.026	saccade	n/a	275.2	171.3	n/a	224.1	258.0	4.05	269.0
358.09	0.5	fixation	n/a	221.9	264.5	1023.0	n/a	n/a	n/a	n/a
358.592	0.052	saccade	n/a	222.1	271.8	n/a	488.2	235.1	10.66	310.0
358.646	0.12	fixation	n/a	489.5	232.3	937.0	n/a	n/a	n/a	n/a
358.768	0.024	saccade	n/a	490.2	233.7	n/a	547.3	222.0	2.32	144.0
358.794	0.064	fixation	n/a	544.8	220.6	931.0	n/a	n/a	n/a	n/a
358.86	0.068	saccade	n/a	544.3	220.6	n/a	143.5	277.6	15.88	475.0
358.93	0.236	fixation	n/a	136.7	282.1	944.0	n/a	n/a	n/a	n/a
359.168	0.012	saccade	n/a	134.8	282.8	n/a	156.9	282.1	0.86	81.0
359.182	0.17	fixation	n/a	155.5	280.8	973.0	n/a	n/a	n/a	n/a
359.354	0.02	saccade	n/a	153.5	279.5	n/a	204.0	272.9	1.99	143.0
359.376	0.226	fixation	n/a	214.2	271.8	974.0	n/a	n/a	n/a	n/a
359.604	0.036	saccade	n/a	213.6	271.9	n/a	201.1	172.2	4.04	190.0
359.642	0.182	fixation	n/a	195.1	138.4	987.0	n/a	n/a	n/a	n/a
359.826	0.016	saccade	n/a	193.8	128.2	n/a	165.3	106.8	1.42	125.0
359.844	0.266	fixation	n/a	166.2	113.6	1000.0	n/a	n/a	n/a	n/a
360.112	0.01	saccade	n/a	162.7	115.6	n/a	146.3	115.1	0.64	66.0
360.124	0.12	fixation	n/a	145.9	116.1	1033.0	n/a	n/a	n/a	n/a
360.246	0.024	saccade	n/a	145.2	116.0	n/a	217.7	108.2	2.87	192.0
360.272	0.146	fixation	n/a	221.4	110.9	1088.0	n/a	n/a	n/a	n/a
360.42	0.012	saccade	n/a	221.4	112.0	n/a	201.5	110.4	0.79	69.0
360.434	0.146	fixation	n/a	202.7	109.3	1065.0	n/a	n/a	n/a	n/a
360.582	0.028	saccade	n/a	201.4	109.4	n/a	296.2	98.6	3.8	229.0
360.612	0.282	fixation	n/a	297.6	96.6	1011.0	n/a	n/a	n/a	n/a
360.896	0.04	saccade	n/a	296.6	97.1	n/a	375.8	92.9	3.19	149.0
360.938	0.378	fixation	n/a	371.7	95.6	1037.0	n/a	n/a	n/a	n/a
361.318	0.034	saccade	n/a	367.1	101.0	n/a	459.3	112.3	3.74	230.0
361.354	0.174	fixation	n/a	460.3	112.4	1032.0	n/a	n/a	n/a	n/a
361.53	0.07	saccade	n/a	461.0	124.2	n/a	529.2	139.7	2.81	464.0
361.602	0.308	fixation	n/a	522.9	115.4	990.0	n/a	n/a	n/a	n/a
361.912	0.016	saccade	n/a	525.3	112.6	n/a	490.4	110.1	1.4	113.0
361.93	0.164	fixation	n/a	490.4	111.4	958.0	n/a	n/a	n/a	n/a
362.096	0.034	saccade	n/a	489.4	109.5	n/a	602.4	104.1	4.51	227.0
362.132	0.632	fixation	n/a	589.3	89.4	1084.0	n/a	n/a	n/a	n/a
362.766	0.01	saccade	n/a	585.3	82.8	n/a	601.5	81.7	0.64	66.0
362.778	0.266	fixation	n/a	604.8	83.1	1197.0	n/a	n/a	n/a	n/a
363.046	0.062	saccade	n/a	606.1	84.5	n/a	173.2	149.7	17.25	436.0
363.11	0.138	fixation	n/a	172.8	149.5	1278.0	n/a	n/a	n/a	n/a
363.25	0.014	saccade	n/a	172.6	151.4	n/a	144.3	158.8	1.15	97.0
363.266	0.26	fixation	n/a	145.3	164.1	1241.0	n/a	n/a	n/a	n/a
363.528	0.008	saccade	n/a	144.1	168.9	n/a	132.2	171.9	0.48	58.0
363.538	0.134	fixation	n/a	132.4	173.4	1161.0	n/a	n/a	n/a	n/a
363.674	0.02	saccade	n/a	131.7	174.7	n/a	179.1	164.0	1.9	146.0
363.696	0.388	fixation	n/a	193.8	157.4	1109.0	n/a	n/a	n/a	n/a
364.086	0.008	saccade	n/a	193.7	155.4	n/a	181.5	156.2	0.48	60.0
364.096	0.162	fixation	n/a	178.3	154.9	1144.0	n/a	n/a	n/a	n/a
364.26	0.02	saccade	n/a	177.1	153.3	n/a	238.6	139.7	2.5	171.0
364.282	0.378	fixation	n/a	256.2	143.4	1173.0	n/a	n/a	n/a	n/a
364.662	0.02	saccade	n/a	254.6	146.1	n/a	310.1	137.5	2.25	159.0
364.684	0.274	fixation	n/a	317.2	135.8	1085.0	n/a	n/a	n/a	n/a
364.96	0.022	saccade	n/a	318.1	135.6	n/a	374.0	130.8	2.26	148.0
364.984	0.344	fixation	n/a	385.4	134.3	1040.0	n/a	n/a	n/a	n/a
365.33	0.13	saccade	n/a	389.7	145.4	n/a	448.8	183.6	2.84	654.0
365.374	0.04	blink	n/a	n/a	n/a	n/a	n/a	n/a	n/a	n/a
365.462	0.124	fixation	n/a	440.5	154.9	991.0	n/a	n/a	n/a	n/a
365.588	0.01	saccade	n/a	440.5	149.4	n/a	458.8	155.0	0.77	81.0
365.6	0.284	fixation	n/a	462.0	154.6	957.0	n/a	n/a	n/a	n/a
365.886	0.026	saccade	n/a	460.6	153.6	n/a	534.2	157.7	2.95	150.0
365.914	0.414	fixation	n/a	539.3	151.8	922.0	n/a	n/a	n/a	n/a
366.33	0.01	saccade	n/a	536.5	150.5	n/a	534.4	137.8	0.52	56.0
366.342	0.46	fixation	n/a	536.0	143.2	989.0	n/a	n/a	n/a	n/a
366.804	0.016	saccade	n/a	533.8	141.0	n/a	567.3	143.6	1.34	97.0
366.822	0.088	fixation	n/a	563.1	141.7	1061.0	n/a	n/a	n/a	n/a
366.912	0.06	saccade	n/a	562.9	142.0	n/a	160.6	217.7	16.13	440.0
366.974	0.142	fixation	n/a	166.4	214.5	1137.0	n/a	n/a	n/a	n/a
367.118	0.01	saccade	n/a	163.0	213.5	n/a	148.2	212.7	0.58	57.0
367.13	0.23	fixation	n/a	148.3	214.6	1142.0	n/a	n/a	n/a	n/a
367.362	0.02	saccade	n/a	145.7	216.9	n/a	214.9	210.7	2.73	188.0
367.384	0.254	fixation	n/a	230.3	213.2	1064.0	n/a	n/a	n/a	n/a
367.64	0.018	saccade	n/a	231.3	214.4	n/a	286.2	208.4	2.2	175.0
367.66	0.18	fixation	n/a	295.8	207.4	1062.0	n/a	n/a	n/a	n/a
367.842	0.008	saccade	n/a	293.4	210.6	n/a	281.7	212.1	0.47	57.0
367.852	0.246	fixation	n/a	278.1	214.8	1033.0	n/a	n/a	n/a	n/a
368.1	0.022	saccade	n/a	277.4	214.5	n/a	341.2	206.9	2.57	168.0
368.124	0.246	fixation	n/a	352.3	210.7	1001.0	n/a	n/a	n/a	n/a
368.372	0.024	saccade	n/a	352.6	212.9	n/a	430.6	207.3	3.14	185.0
368.398	0.288	fixation	n/a	445.5	210.4	929.0	n/a	n/a	n/a	n/a
368.688	0.034	saccade	n/a	444.1	210.4	n/a	540.8	211.1	3.87	169.0
368.724	0.296	fixation	n/a	538.6	214.6	851.0	n/a	n/a	n/a	n/a
369.022	0.01	saccade	n/a	535.2	220.2	n/a	519.1	217.5	0.65	66.0
369.034	0.194	fixation	n/a	514.0	221.3	845.0	n/a	n/a	n/a	n/a
369.23	0.104	saccade	n/a	514.9	235.0	n/a	580.9	248.3	2.67	745.0
369.26	0.024	blink	n/a	n/a	n/a	n/a	n/a	n/a	n/a	n/a
369.336	0.21	fixation	n/a	567.5	227.7	870.0	n/a	n/a	n/a	n/a
369.548	0.032	saccade	n/a	566.4	227.7	n/a	449.7	220.9	4.67	263.0
369.552	0.0	trigger_11	11	n/a	n/a	n/a	n/a	n/a	n/a	n/a
369.556	0.0	trigger_10	10	n/a	n/a	n/a	n/a	n/a	n/a	n/a
369.582	0.15	fixation	n/a	445.0	223.8	838.0	n/a	n/a	n/a	n/a
369.734	0.008	saccade	n/a	442.5	226.0	n/a	429.3	221.9	0.56	66.0
369.744	0.176	fixation	n/a	426.5	222.4	832.0	n/a	n/a	n/a	n/a
369.922	0.008	saccade	n/a	427.7	221.0	n/a	439.2	222.4	0.47	57.0
369.932	0.152	fixation	n/a	440.6	219.8	875.0	n/a	n/a	n/a	n/a
370.086	0.03	saccade	n/a	441.8	222.1	n/a	518.0	217.9	3.05	166.0
370.118	0.26	fixation	n/a	518.7	216.7	824.0	n/a	n/a	n/a	n/a
370.38	0.012	saccade	n/a	519.5	217.5	n/a	543.2	217.1	0.94	85.0
370.394	0.268	fixation	n/a	541.9	217.4	838.0	n/a	n/a	n/a	n/a
370.664	0.03	saccade	n/a	540.2	215.5	n/a	635.4	219.6	3.76	171.0
370.696	0.236	fixation	n/a	642.0	221.1	876.0	n/a	n/a	n/a	n/a
370.934	0.066	saccade	n/a	643.0	220.4	n/a	188.2	103.7	18.44	448.0
371.002	0.176	fixation	n/a	193.8	105.1	918.0	n/a	n/a	n/a	n/a
371.18	0.014	saccade	n/a	191.8	105.9	n/a	159.0	107.2	1.29	109.0
371.196	0.644	fixation	n/a	154.2	107.1	977.0	n/a	n/a	n/a	n/a
371.842	0.018	saccade	n/a	152.3	108.9	n/a	196.4	109.3	1.73	136.0
371.862	0.292	fixation	n/a	209.3	108.0	1049.0	n/a	n/a	n/a	n/a
372.156	0.02	saccade	n/a	207.6	108.5	n/a	259.4	104.2	2.06	143.0
372.178	0.408	fixation	n/a	278.2	106.1	997.0	n/a	n/a	n/a	n/a
372.588	0.014	saccade	n/a	281.2	106.8	n/a	249.4	107.7	1.27	111.0
372.604	0.114	fixation	n/a	247.0	109.2	1006.0	n/a	n/a	n/a	n/a
372.72	0.022	saccade	n/a	246.7	108.5	n/a	324.1	102.1	3.11	246.0
372.744	0.28	fixation	n/a	332.1	99.6	1011.0	n/a	n/a	n/a	n/a
373.026	0.03	saccade	n/a	328.4	96.9	n/a	413.5	103.6	3.44	186.0
373.058	0.302	fixation	n/a	412.2	106.2	1003.0	n/a	n/a	n/a	n/a
373.362	0.024	saccade	n/a	409.7	109.3	n/a	489.3	120.5	3.24	218.0
373.388	0.284	fixation	n/a	491.5	120.4	986.0	n/a	n/a	n/a	n/a
373.674	0.022	saccade	n/a	492.8	123.0	n/a	564.9	119.5	2.88	202.0
373.698	0.38	fixation	n/a	572.5	115.4	974.0	n/a	n/a	n/a	n/a
374.08	0.01	saccade	n/a	576.3	110.0	n/a	592.3	112.3	0.64	66.0
374.092	0.054	fixation	n/a	594.5	112.3	934.0	n/a	n/a	n/a	n/a
374.148	0.116	saccade	n/a	592.8	116.7	n/a	637.8	124.5	1.8	1010.0
374.18	0.036	blink	n/a	n/a	n/a	n/a	n/a	n/a	n/a	n/a
374.266	0.112	fixation	n/a	632.4	115.1	874.0	n/a	n/a	n/a	n/a
374.38	0.056	saccade	n/a	631.0	112.8	n/a	177.6	187.8	18.04	552.0
374.438	0.124	fixation	n/a	182.6	185.5	913.0	n/a	n/a	n/a	n/a
374.564	0.014	saccade	n/a	182.1	184.5	n/a	149.5	185.8	1.28	113.0
374.58	0.406	fixation	n/a	150.1	188.2	890.0	n/a	n/a	n/a	n/a
374.988	0.018	saccade	n/a	149.1	191.7	n/a	190.7	178.1	1.72	128.0
375.008	0.778	fixation	n/a	205.6	175.6	943.0	n/a	n/a	n/a	n/a
375.788	0.012	saccade	n/a	212.7	171.6	n/a	232.9	169.3	0.81	77.0
375.802	0.19	fixation	n/a	233.2	169.2	944.0	n/a	n/a	n/a	n/a
375.994	0.01	saccade	n/a	230.6	169.2	n/a	213.4	169.6	0.68	68.0
376.006	0.518	fixation	n/a	208.6	170.3	970.0	n/a	n/a	n/a	n/a
376.058	0.0	trigger_11	11	n/a	n/a	n/a	n/a	n/a	n/a	n/a
376.062	0.0	trigger_12	12	n/a	n/a	n/a	n/a	n/a	n/a	n/a
376.526	0.008	saccade	n/a	205.8	172.1	n/a	217.7	168.0	0.5	64.0
376.536	0.346	fixation	n/a	222.6	165.8	975.0	n/a	n/a	n/a	n/a
376.884	0.02	saccade	n/a	222.6	162.6	n/a	240.4	112.8	2.14	180.0
376.906	0.178	fixation	n/a	246.8	109.4	1018.0	n/a	n/a	n/a	n/a
377.086	0.02	saccade	n/a	244.3	107.5	n/a	285.8	99.9	1.69	118.0
377.108	0.136	fixation	n/a	303.4	101.4	1026.0	n/a	n/a	n/a	n/a
377.246	0.018	saccade	n/a	305.6	102.8	n/a	353.3	91.5	1.97	145.0
377.266	0.244	fixation	n/a	359.7	94.4	986.0	n/a	n/a	n/a	n/a
377.512	0.034	saccade	n/a	361.9	97.3	n/a	445.0	105.1	3.37	162.0
377.548	0.21	fixation	n/a	439.2	104.5	949.0	n/a	n/a	n/a	n/a
377.76	0.06	saccade	n/a	437.2	102.6	n/a	198.1	124.1	9.58	368.0
377.822	0.154	fixation	n/a	188.5	123.4	985.0	n/a	n/a	n/a	n/a
377.978	0.014	saccade	n/a	185.2	124.6	n/a	160.8	107.7	1.18	112.0
377.994	0.43	fixation	n/a	154.4	104.1	1038.0	n/a	n/a	n/a	n/a
378.426	0.02	saccade	n/a	160.0	103.8	n/a	210.2	103.4	1.98	134.0
378.448	0.192	fixation	n/a	211.1	106.7	1063.0	n/a	n/a	n/a	n/a
378.642	0.02	saccade	n/a	211.9	108.1	n/a	176.4	101.1	1.43	94.0
378.664	0.292	fixation	n/a	164.3	100.6	1027.0	n/a	n/a	n/a	n/a
378.958	0.018	saccade	n/a	163.8	100.2	n/a	211.7	101.4	1.89	132.0
378.978	0.12	fixation	n/a	216.6	105.5	1056.0	n/a	n/a	n/a	n/a
379.1	0.118	saccade	n/a	217.0	107.8	n/a	226.6	144.1	1.52	635.0
379.152	0.012	blink	n/a	n/a	n/a	n/a	n/a	n/a	n/a	n/a
379.22	0.24	fixation	n/a	229.4	113.2	1087.0	n/a	n/a	n/a	n/a
379.462	0.048	saccade	n/a	229.8	111.4	n/a	427.3	99.0	7.92	361.0
379.512	0.138	fixation	n/a	431.1	102.4	965.0	n/a	n/a	n/a	n/a
379.652	0.04	saccade	n/a	431.2	105.6	n/a	597.8	106.8	6.65	315.0
379.694	0.174	fixation	n/a	592.4	104.9	964.0	n/a	n/a	n/a	n/a
379.87	0.014	saccade	n/a	591.3	102.9	n/a	623.8	101.3	1.28	108.0
379.886	0.106	fixation	n/a	621.6	102.3	999.0	n/a	n/a	n/a	n/a
379.994	0.072	saccade	n/a	622.7	101.2	n/a	179.3	162.8	17.63	575.0
380.068	0.286	fixation	n/a	169.0	167.6	1088.0	n/a	n/a	n/a	n/a
380.356	0.01	saccade	n/a	169.4	169.7	n/a	184.8	167.6	0.61	65.0
380.368	0.152	fixation	n/a	189.5	165.6	1100.0	n/a	n/a	n/a	n/a
380.522	0.02	saccade	n/a	188.9	164.7	n/a	239.5	153.7	2.05	153.0
380.544	0.358	fixation	n/a	252.4	155.5	1041.0	n/a	n/a	n/a	n/a
380.904	0.03	saccade	n/a	251.6	157.1	n/a	325.4	110.8	3.5	186.0
380.936	0.036	fixation	n/a	332.0	106.2	986.0	n/a	n/a	n/a	n/a
380.974	0.152	saccade	n/a	338.6	109.0	n/a	370.6	122.0	1.39	802.0
381.006	0.076	blink	n/a	n/a	n/a	n/a	n/a	n/a	n/a	n/a
381.128	0.124	fixation	n/a	365.3	99.6	999.0	n/a	n/a	n/a	n/a
381.254	0.036	saccade	n/a	362.7	94.3	n/a	502.0	116.0	5.68	239.0
381.292	0.234	fixation	n/a	505.6	111.5	1006.0	n/a	n/a	n/a	n/a
381.528	0.022	saccade	n/a	503.8	110.1	n/a	561.1	110.5	2.29	154.0
381.552	0.186	fixation	n/a	582.9	107.2	984.0	n/a	n/a	n/a	n/a
381.74	0.044	saccade	n/a	584.3	105.4	n/a	338.2	89.2	9.85	450.0
381.786	0.266	fixation	n/a	338.7	92.3	1037.0	n/a	n/a	n/a	n/a
382.054	0.024	saccade	n/a	338.9	90.5	n/a	231.1	96.1	4.31	353.0
382.08	0.178	fixation	n/a	228.5	100.5	1123.0	n/a	n/a	n/a	n/a
382.26	0.026	saccade	n/a	224.8	98.9	n/a	118.6	83.1	4.21	298.0
382.288	0.228	fixation	n/a	124.6	88.0	1190.0	n/a	n/a	n/a	n/a
382.518	0.022	saccade	n/a	122.5	89.9	n/a	180.0	94.5	2.25	157.0
382.542	0.254	fixation	n/a	199.9	98.0	1238.0	n/a	n/a	n/a	n/a
382.798	0.016	saccade	n/a	197.5	97.8	n/a	226.9	97.7	1.16	78.0
382.816	0.25	fixation	n/a	228.4	95.3	1283.0	n/a	n/a	n/a	n/a
383.068	0.03	saccade	n/a	227.3	93.0	n/a	306.0	88.2	3.15	138.0
383.1	0.322	fixation	n/a	316.0	85.0	1259.0	n/a	n/a	n/a	n/a
383.424	0.012	saccade	n/a	315.4	81.7	n/a	341.4	81.8	1.04	101.0
383.438	0.214	fixation	n/a	344.8	80.5	1265.0	n/a	n/a	n/a	n/a
383.654	0.012	saccade	n/a	344.5	80.5	n/a	329.1	79.6	0.62	54.0
383.668	0.218	fixation	n/a	333.1	78.8	1254.0	n/a	n/a	n/a	n/a
383.888	0.018	saccade	n/a	333.1	77.8	n/a	373.4	74.1	1.63	121.0
383.908	0.404	fixation	n/a	369.5	70.7	1264.0	n/a	n/a	n/a	n/a
384.314	0.016	saccade	n/a	364.5	70.8	n/a	331.0	67.6	1.35	112.0
384.332	0.148	fixation	n/a	335.0	68.3	1291.0	n/a	n/a	n/a	n/a
384.482	0.018	saccade	n/a	334.9	66.6	n/a	372.0	67.6	1.49	138.0
384.502	0.382	fixation	n/a	370.9	67.8	1322.0	n/a	n/a	n/a	n/a
384.886	0.02	saccade	n/a	369.6	67.4	n/a	422.7	73.7	2.16	160.0
384.908	0.382	fixation	n/a	421.9	72.9	1370.0	n/a	n/a	n/a	n/a
385.292	0.018	saccade	n/a	419.8	71.4	n/a	371.4	58.9	2.02	162.0
385.312	0.168	fixation	n/a	370.2	61.5	1375.0	n/a	n/a	n/a	n/a
385.482	0.018	saccade	n/a	368.0	61.1	n/a	424.7	67.2	2.3	196.0
385.502	0.276	fixation	n/a	432.8	69.5	1332.0	n/a	n/a	n/a	n/a
385.78	0.024	saccade	n/a	432.0	71.4	n/a	499.9	73.1	2.73	162.0
385.806	0.268	fixation	n/a	510.9	72.9	1309.0	n/a	n/a	n/a	n/a
386.076	0.04	saccade	n/a	508.8	72.8	n/a	347.0	59.9	6.51	334.0
386.118	0.178	fixation	n/a	349.4	58.6	1329.0	n/a	n/a	n/a	n/a
386.298	0.042	saccade	n/a	345.1	54.7	n/a	552.8	61.8	8.31	315.0
386.342	0.21	fixation	n/a	549.1	62.4	1328.0	n/a	n/a	n/a	n/a
386.554	0.008	saccade	n/a	543.3	63.1	n/a	533.9	64.2	0.38	47.0
386.564	0.194	fixation	n/a	531.5	67.1	1347.0	n/a	n/a	n/a	n/a
386.76	0.016	saccade	n/a	532.3	68.6	n/a	566.9	60.9	1.41	118.0
386.778	0.624	fixation	n/a	574.5	70.4	1290.0	n/a	n/a	n/a	n/a
387.404	0.046	saccade	n/a	582.2	71.1	n/a	331.8	62.1	10.0	370.0
387.452	0.178	fixation	n/a	337.8	65.8	1294.0	n/a	n/a	n/a	n/a
387.632	0.01	saccade	n/a	340.4	69.2	n/a	360.7	69.8	0.82	84.0
387.644	0.238	fixation	n/a	367.8	72.5	1289.0	n/a	n/a	n/a	n/a
387.884	0.044	saccade	n/a	370.3	76.5	n/a	611.4	81.2	9.61	350.0
387.93	0.294	fixation	n/a	605.7	87.1	1200.0	n/a	n/a	n/a	n/a
387.938	0.0	trigger_13	13	n/a	n/a	n/a	n/a	n/a	n/a	n/a
388.226	0.016	saccade	n/a	604.1	91.6	n/a	635.4	92.1	1.23	117.0
388.244	0.152	fixation	n/a	632.4	92.3	1140.0	n/a	n/a	n/a	n/a
388.398	0.064	saccade	n/a	633.0	94.0	n/a	189.6	159.9	17.62	486.0
388.464	0.132	fixation	n/a	195.3	162.1	1149.0	n/a	n/a	n/a	n/a
388.598	0.014	saccade	n/a	193.2	161.8	n/a	161.1	162.7	1.26	105.0
388.614	0.23	fixation	n/a	160.0	168.2	1147.0	n/a	n/a	n/a	n/a
388.846	0.016	saccade	n/a	160.9	168.9	n/a	201.1	163.7	1.6	122.0
388.864	0.144	fixation	n/a	210.5	164.2	1065.0	n/a	n/a	n/a	n/a
389.01	0.016	saccade	n/a	211.3	163.7	n/a	244.1	159.4	1.31	93.0
389.028	0.192	fixation	n/a	246.7	160.5	1019.0	n/a	n/a	n/a	n/a
389.222	0.02	saccade	n/a	247.5	163.1	n/a	206.6	134.4	2.0	156.0
389.244	0.334	fixation	n/a	205.9	122.9	1031.0	n/a	n/a	n/a	n/a
389.58	0.006	saccade	n/a	206.9	123.2	n/a	213.8	119.7	0.31	49.0
389.588	0.148	fixation	n/a	216.7	118.5	1077.0	n/a	n/a	n/a	n/a
389.738	0.02	saccade	n/a	215.3	116.2	n/a	249.0	155.9	2.1	156.0
389.76	0.156	fixation	n/a	252.5	154.5	1121.0	n/a	n/a	n/a	n/a
389.918	0.032	saccade	n/a	251.4	153.6	n/a	170.0	100.3	3.87	217.0
389.952	0.278	fixation	n/a	172.9	98.8	1179.0	n/a	n/a	n/a	n/a
390.232	0.018	saccade	n/a	167.8	98.5	n/a	131.3	96.9	1.43	101.0
390.252	0.196	fixation	n/a	143.3	99.7	1174.0	n/a	n/a	n/a	n/a
390.45	0.026	saccade	n/a	148.4	102.9	n/a	228.6	97.6	3.16	199.0
390.478	0.23	fixation	n/a	228.5	98.9	1234.0	n/a	n/a	n/a	n/a
390.71	0.03	saccade	n/a	225.5	95.6	n/a	330.4	88.3	4.2	318.0
390.738	0.0	trigger_15	15	n/a	n/a	n/a	n/a	n/a	n/a	n/a
390.742	0.166	fixation	n/a	324.8	84.8	1291.0	n/a	n/a	n/a	n/a
390.742	0.0	trigger_10	10	n/a	n/a	n/a	n/a	n/a	n/a	n/a
390.91	0.04	saccade	n/a	325.1	80.6	n/a	115.2	75.0	8.28	427.0
390.952	0.116	fixation	n/a	115.1	77.8	1373.0	n/a	n/a	n/a	n/a
391.07	0.048	saccade	n/a	111.2	78.6	n/a	138.7	233.2	6.26	410.0
391.12	0.18	fixation	n/a	141.5	250.3	1467.0	n/a	n/a	n/a	n/a
391.302	0.008	saccade	n/a	141.3	253.0	n/a	126.4	262.4	0.69	80.0
391.312	0.294	fixation	n/a	134.8	265.1	1405.0	n/a	n/a	n/a	n/a
391.608	0.044	saccade	n/a	140.7	267.0	n/a	129.9	81.1	7.43	276.0
391.654	0.238	fixation	n/a	132.8	86.0	1199.0	n/a	n/a	n/a	n/a
391.894	0.018	saccade	n/a	138.9	84.3	n/a	176.5	91.9	1.51	109.0
391.914	0.116	fixation	n/a	196.8	94.6	1256.0	n/a	n/a	n/a	n/a
392.032	0.012	saccade	n/a	198.2	94.1	n/a	227.5	94.7	1.16	107.0
392.046	0.222	fixation	n/a	232.0	93.8	1338.0	n/a	n/a	n/a	n/a
392.27	0.028	saccade	n/a	233.9	93.1	n/a	123.6	75.8	4.38	293.0
392.3	0.76	fixation	n/a	123.0	81.8	1310.0	n/a	n/a	n/a	n/a
393.062	0.02	saccade	n/a	120.4	80.4	n/a	151.3	89.4	1.26	83.0
393.084	0.138	fixation	n/a	164.4	91.1	1281.0	n/a	n/a	n/a	n/a
393.224	0.022	saccade	n/a	166.8	92.3	n/a	226.1	90.9	2.34	152.0
393.248	0.254	fixation	n/a	231.6	94.0	1281.0	n/a	n/a	n/a	n/a
393.504	0.022	saccade	n/a	230.6	94.9	n/a	298.3	85.4	2.73	164.0
393.528	0.234	fixation	n/a	315.0	84.7	1248.0	n/a	n/a	n/a	n/a
393.764	0.014	saccade	n/a	313.4	86.4	n/a	344.8	85.6	1.26	104.0
393.78	0.236	fixation	n/a	363.0	87.0	1195.0	n/a	n/a	n/a	n/a
394.018	0.012	saccade	n/a	364.9	87.7	n/a	387.5	86.7	0.91	86.0
394.032	0.14	fixation	n/a	386.4	87.8	1172.0	n/a	n/a	n/a	n/a
394.174	0.032	saccade	n/a	387.2	86.1	n/a	486.6	99.3	4.04	194.0
394.208	0.156	fixation	n/a	484.0	94.4	1170.0	n/a	n/a	n/a	n/a
394.366	0.01	saccade	n/a	481.5	93.5	n/a	461.6	92.7	0.8	81.0
394.378	0.194	fixation	n/a	460.8	94.2	1166.0	n/a	n/a	n/a	n/a
394.574	0.034	saccade	n/a	459.3	96.7	n/a	542.0	96.8	3.31	131.0
394.61	0.276	fixation	n/a	538.8	100.9	1120.0	n/a	n/a	n/a	n/a
394.888	0.024	saccade	n/a	540.6	103.7	n/a	599.0	105.8	2.32	128.0
394.914	0.324	fixation	n/a	597.0	103.5	1034.0	n/a	n/a	n/a	n/a
395.24	0.018	saccade	n/a	594.0	106.2	n/a	556.0	104.6	1.51	125.0
395.26	0.2	fixation	n/a	548.3	106.7	1042.0	n/a	n/a	n/a	n/a
395.462	0.02	saccade	n/a	544.7	104.2	n/a	596.6	101.5	2.06	143.0
395.484	0.472	fixation	n/a	600.5	100.1	1086.0	n/a	n/a	n/a	n/a
395.958	0.078	saccade	n/a	603.8	102.9	n/a	156.1	174.1	17.82	463.0
396.038	0.144	fixation	n/a	147.0	176.4	1126.0	n/a	n/a	n/a	n/a
396.138	0.0	trigger_11	11	n/a	n/a	n/a	n/a	n/a	n/a	n/a
396.142	0.0	trigger_10	10	n/a	n/a	n/a	n/a	n/a	n/a	n/a
396.184	0.01	saccade	n/a	144.8	178.4	n/a	126.1	182.4	0.75	79.0
396.196	0.274	fixation	n/a	129.1	184.2	1098.0	n/a	n/a	n/a	n/a
396.472	0.024	saccade	n/a	131.8	185.4	n/a	120.9	99.9	3.45	242.0
396.498	0.34	fixation	n/a	124.5	99.0	1035.0	n/a	n/a	n/a	n/a
396.84	0.018	saccade	n/a	123.6	98.3	n/a	186.6	104.9	2.48	216.0
396.86	0.248	fixation	n/a	199.3	104.2	1129.0	n/a	n/a	n/a	n/a
397.11	0.014	saccade	n/a	198.9	99.3	n/a	231.0	99.9	1.27	110.0
397.126	0.242	fixation	n/a	234.9	98.9	1176.0	n/a	n/a	n/a	n/a
397.37	0.032	saccade	n/a	235.9	100.9	n/a	127.0	88.4	4.32	229.0
397.404	1.086	fixation	n/a	123.4	88.7	1212.0	n/a	n/a	n/a	n/a
398.492	0.02	saccade	n/a	113.7	81.9	n/a	169.2	86.0	2.17	169.0
398.514	0.182	fixation	n/a	182.4	87.5	1358.0	n/a	n/a	n/a	n/a
398.698	0.02	saccade	n/a	181.8	87.6	n/a	132.9	81.7	1.93	134.0
398.72	0.396	fixation	n/a	141.8	85.0	1257.0	n/a	n/a	n/a	n/a
399.118	0.026	saccade	n/a	148.6	84.5	n/a	215.8	93.2	2.67	150.0
399.146	0.142	fixation	n/a	211.9	92.2	1246.0	n/a	n/a	n/a	n/a
399.29	0.016	saccade	n/a	216.3	98.4	n/a	244.4	108.4	1.19	93.0
399.308	0.104	fixation	n/a	255.3	107.0	1251.0	n/a	n/a	n/a	n/a
399.414	0.136	saccade	n/a	265.4	113.4	n/a	286.5	118.8	0.87	415.0
399.468	0.028	blink	n/a	n/a	n/a	n/a	n/a	n/a	n/a	n/a
399.552	0.136	fixation	n/a	288.2	97.2	1175.0	n/a	n/a	n/a	n/a
399.69	0.016	saccade	n/a	290.7	95.5	n/a	327.7	98.3	1.49	130.0
399.708	0.282	fixation	n/a	332.7	98.0	1070.0	n/a	n/a	n/a	n/a
399.992	0.018	saccade	n/a	330.5	98.5	n/a	371.1	98.8	1.63	122.0
400.012	0.4	fixation	n/a	380.0	98.6	1078.0	n/a	n/a	n/a	n/a
400.414	0.138	saccade	n/a	372.3	110.1	n/a	334.1	125.6	1.66	289.0
400.554	0.216	fixation	n/a	328.0	106.4	1144.0	n/a	n/a	n/a	n/a
400.772	0.02	saccade	n/a	323.7	101.1	n/a	380.7	99.3	2.29	164.0
400.794	0.346	fixation	n/a	385.9	101.8	1160.0	n/a	n/a	n/a	n/a
401.142	0.014	saccade	n/a	387.8	101.3	n/a	421.6	105.3	1.37	116.0
401.158	0.236	fixation	n/a	426.8	105.6	1181.0	n/a	n/a	n/a	n/a
401.396	0.012	saccade	n/a	427.2	104.5	n/a	405.9	101.6	0.87	79.0
401.41	0.304	fixation	n/a	405.2	102.3	1204.0	n/a	n/a	n/a	n/a
401.716	0.02	saccade	n/a	397.6	100.6	n/a	331.4	97.7	2.67	181.0
401.738	0.134	fixation	n/a	319.4	99.1	1233.0	n/a	n/a	n/a	n/a
401.874	0.036	saccade	n/a	318.6	99.5	n/a	105.8	94.9	8.38	432.0
401.912	0.198	fixation	n/a	115.2	102.9	1261.0	n/a	n/a	n/a	n/a
402.112	0.022	saccade	n/a	115.5	102.1	n/a	159.0	102.1	1.7	100.0
402.136	0.28	fixation	n/a	175.0	106.3	1234.0	n/a	n/a	n/a	n/a
402.418	0.02	saccade	n/a	176.3	106.3	n/a	227.4	102.6	2.03	139.0
402.44	0.34	fixation	n/a	236.0	105.6	1242.0	n/a	n/a	n/a	n/a
402.782	0.024	saccade	n/a	233.5	104.8	n/a	325.0	92.7	3.69	289.0
402.808	0.258	fixation	n/a	316.5	91.9	1281.0	n/a	n/a	n/a	n/a
403.068	0.014	saccade	n/a	311.9	87.0	n/a	344.6	83.6	1.32	109.0
403.084	0.318	fixation	n/a	340.4	82.5	1253.0	n/a	n/a	n/a	n/a
403.404	0.006	saccade	n/a	338.3	79.5	n/a	331.1	78.3	0.29	44.0
403.412	0.134	fixation	n/a	328.7	80.9	1246.0	n/a	n/a	n/a	n/a
403.548	0.014	saccade	n/a	328.6	77.4	n/a	365.7	77.8	1.49	123.0
403.564	0.266	fixation	n/a	372.1	79.3	1255.0	n/a	n/a	n/a	n/a
403.832	0.032	saccade	n/a	373.5	81.4	n/a	460.6	93.4	3.54	214.0
403.866	0.334	fixation	n/a	457.1	93.3	1231.0	n/a	n/a	n/a	n/a
404.202	0.024	saccade	n/a	456.5	97.5	n/a	523.7	97.2	2.69	158.0
404.228	0.304	fixation	n/a	527.0	97.5	1211.0	n/a	n/a	n/a	n/a
404.534	0.008	saccade	n/a	530.5	97.5	n/a	542.3	95.2	0.48	56.0
404.544	0.168	fixation	n/a	541.1	97.2	1213.0	n/a	n/a	n/a	n/a
404.714	0.072	saccade	n/a	542.4	95.8	n/a	177.4	157.8	14.67	401.0
404.788	0.112	fixation	n/a	169.1	162.3	1223.0	n/a	n/a	n/a	n/a
404.902	0.018	saccade	n/a	169.8	165.0	n/a	122.0	166.5	1.86	156.0
404.922	0.284	fixation	n/a	124.6	169.9	1200.0	n/a	n/a	n/a	n/a
405.208	0.022	saccade	n/a	123.6	168.1	n/a	192.3	161.8	2.7	196.0
405.232	0.432	fixation	n/a	203.5	160.7	1119.0	n/a	n/a	n/a	n/a
405.252	0.0	trigger_11	11	n/a	n/a	n/a	n/a	n/a	n/a	n/a
405.254	0.0	trigger_10	10	n/a	n/a	n/a	n/a	n/a	n/a	n/a
405.666	0.02	saccade	n/a	207.3	161.2	n/a	262.5	156.1	2.2	157.0
405.688	0.242	fixation	n/a	281.2	156.5	1024.0	n/a	n/a	n/a	n/a
405.932	0.018	saccade	n/a	282.8	157.6	n/a	327.6	149.5	1.83	141.0
405.952	0.33	fixation	n/a	333.6	147.7	1022.0	n/a	n/a	n/a	n/a
406.284	0.13	saccade	n/a	337.1	157.2	n/a	185.0	128.1	6.16	517.0
406.334	0.024	blink	n/a	n/a	n/a	n/a	n/a	n/a	n/a	n/a
406.416	0.274	fixation	n/a	186.7	106.7	1022.0	n/a	n/a	n/a	n/a
406.692	0.016	saccade	n/a	185.6	105.7	n/a	230.1	105.8	1.76	130.0
406.71	0.156	fixation	n/a	240.9	109.2	984.0	n/a	n/a	n/a	n/a
406.868	0.022	saccade	n/a	239.7	109.6	n/a	187.6	99.2	2.11	159.0
406.892	0.208	fixation	n/a	174.0	96.0	1038.0	n/a	n/a	n/a	n/a
407.102	0.02	saccade	n/a	168.5	92.5	n/a	117.2	86.7	2.01	152.0
407.124	0.522	fixation	n/a	119.9	84.1	1153.0	n/a	n/a	n/a	n/a
407.648	0.024	saccade	n/a	117.1	87.3	n/a	203.7	97.3	3.41	254.0
407.674	0.264	fixation	n/a	201.4	98.4	1194.0	n/a	n/a	n/a	n/a
407.94	0.024	saccade	n/a	201.2	98.7	n/a	102.2	87.3	3.89	285.0
407.966	0.228	fixation	n/a	112.9	88.6	1187.0	n/a	n/a	n/a	n/a
408.196	0.024	saccade	n/a	112.2	87.7	n/a	207.5	95.4	3.74	283.0
408.222	0.17	fixation	n/a	211.0	92.9	1212.0	n/a	n/a	n/a	n/a
408.394	0.018	saccade	n/a	209.7	88.9	n/a	247.9	85.7	1.52	112.0
408.414	0.206	fixation	n/a	276.7	80.8	1264.0	n/a	n/a	n/a	n/a
408.622	0.012	saccade	n/a	280.9	78.8	n/a	304.4	79.2	0.94	88.0
408.636	0.18	fixation	n/a	305.0	76.8	1251.0	n/a	n/a	n/a	n/a
408.818	0.018	saccade	n/a	305.1	79.2	n/a	348.0	74.9	1.73	141.0
408.838	0.474	fixation	n/a	355.7	80.1	1179.0	n/a	n/a	n/a	n/a
409.238	0.0	trigger_11	11	n/a	n/a	n/a	n/a	n/a	n/a	n/a
409.244	0.0	trigger_10	10	n/a	n/a	n/a	n/a	n/a	n/a	n/a
409.314	0.094	saccade	n/a	358.7	96.0	n/a	419.0	122.3	2.66	594.0
409.41	0.272	fixation	n/a	415.9	100.9	1108.0	n/a	n/a	n/a	n/a
409.684	0.01	saccade	n/a	419.0	103.0	n/a	438.0	103.8	0.77	80.0
409.696	0.406	fixation	n/a	444.0	109.9	985.0	n/a	n/a	n/a	n/a
410.104	0.018	saccade	n/a	442.7	114.0	n/a	491.8	113.7	1.98	160.0
410.124	0.236	fixation	n/a	503.5	116.8	948.0	n/a	n/a	n/a	n/a
410.362	0.016	saccade	n/a	505.0	118.3	n/a	536.4	117.8	1.26	86.0
410.38	0.352	fixation	n/a	537.6	114.5	942.0	n/a	n/a	n/a	n/a
410.734	0.144	saccade	n/a	538.3	124.8	n/a	552.8	137.9	0.79	748.0
410.772	0.06	blink	n/a	n/a	n/a	n/a	n/a	n/a	n/a	n/a
410.88	0.142	fixation	n/a	540.0	123.5	901.0	n/a	n/a	n/a	n/a
411.024	0.056	saccade	n/a	536.1	118.3	n/a	173.9	129.1	14.38	459.0
411.082	0.132	fixation	n/a	176.4	131.4	929.0	n/a	n/a	n/a	n/a
411.216	0.02	saccade	n/a	173.8	132.6	n/a	121.5	105.5	2.32	210.0
411.238	0.248	fixation	n/a	119.9	105.4	973.0	n/a	n/a	n/a	n/a
411.488	0.008	saccade	n/a	118.6	100.6	n/a	130.6	93.3	0.55	68.0
411.498	0.098	fixation	n/a	133.6	97.4	1033.0	n/a	n/a	n/a	n/a
411.596	0.0	trigger_11	11	n/a	n/a	n/a	n/a	n/a	n/a	n/a
411.598	0.01	saccade	n/a	130.1	96.5	n/a	117.5	92.0	0.52	55.0
411.602	0.0	trigger_10	10	n/a	n/a	n/a	n/a	n/a	n/a	n/a
411.61	0.388	fixation	n/a	113.2	90.3	1023.0	n/a	n/a	n/a	n/a
412.0	0.022	saccade	n/a	110.3	92.9	n/a	155.8	99.2	1.79	104.0
412.024	0.062	fixation	n/a	171.9	102.3	1025.0	n/a	n/a	n/a	n/a
412.088	0.022	saccade	n/a	172.8	103.2	n/a	230.2	105.0	2.27	176.0
412.112	0.264	fixation	n/a	223.8	105.7	1077.0	n/a	n/a	n/a	n/a
412.378	0.024	saccade	n/a	220.6	101.4	n/a	272.6	91.8	2.11	112.0
412.404	0.308	fixation	n/a	286.6	91.6	1146.0	n/a	n/a	n/a	n/a
412.714	0.012	saccade	n/a	288.8	90.1	n/a	308.2	90.3	0.78	70.0
412.728	0.132	fixation	n/a	310.4	90.4	1099.0	n/a	n/a	n/a	n/a
412.862	0.016	saccade	n/a	311.7	88.7	n/a	343.8	87.2	1.29	106.0
412.88	0.3	fixation	n/a	346.3	84.2	1079.0	n/a	n/a	n/a	n/a
413.182	0.034	saccade	n/a	346.7	84.9	n/a	251.7	90.4	3.81	167.0
413.218	0.278	fixation	n/a	254.0	97.0	1121.0	n/a	n/a	n/a	n/a
413.498	0.01	saccade	n/a	253.2	100.2	n/a	239.0	106.7	0.62	68.0
413.51	0.328	fixation	n/a	234.1	108.7	1194.0	n/a	n/a	n/a	n/a
413.84	0.016	saccade	n/a	230.2	107.7	n/a	193.5	94.7	1.55	113.0
413.858	0.146	fixation	n/a	157.2	90.4	1277.0	n/a	n/a	n/a	n/a
414.006	0.018	saccade	n/a	149.4	89.5	n/a	110.8	82.7	1.53	112.0
414.026	0.284	fixation	n/a	107.1	86.2	1221.0	n/a	n/a	n/a	n/a
414.312	0.022	saccade	n/a	105.9	86.5	n/a	189.0	97.0	3.27	277.0
414.336	0.24	fixation	n/a	203.2	100.6	1136.0	n/a	n/a	n/a	n/a
414.578	0.146	saccade	n/a	206.9	104.7	n/a	164.8	109.7	1.67	747.0
414.624	0.046	blink	n/a	n/a	n/a	n/a	n/a	n/a	n/a	n/a
414.726	0.124	fixation	n/a	168.0	97.7	1187.0	n/a	n/a	n/a	n/a
414.852	0.018	saccade	n/a	166.0	94.2	n/a	207.5	95.6	1.63	129.0
414.872	0.58	fixation	n/a	214.0	103.2	1104.0	n/a	n/a	n/a	n/a
415.454	0.008	saccade	n/a	211.8	102.4	n/a	225.8	101.1	0.56	66.0
415.464	0.418	fixation	n/a	229.3	100.4	1143.0	n/a	n/a	n/a	n/a
415.884	0.022	saccade	n/a	231.0	96.7	n/a	267.5	94.5	1.46	89.0
415.908	0.218	fixation	n/a	284.1	94.5	1119.0	n/a	n/a	n/a	n/a
416.128	0.02	saccade	n/a	286.2	95.8	n/a	333.8	88.2	1.93	121.0
416.15	0.398	fixation	n/a	336.2	87.8	1083.0	n/a	n/a	n/a	n/a
416.55	0.012	saccade	n/a	336.1	85.7	n/a	359.2	86.4	0.93	90.0
416.564	0.154	fixation	n/a	355.4	86.5	1054.0	n/a	n/a	n/a	n/a
416.72	0.01	saccade	n/a	356.5	86.7	n/a	377.8	85.9	0.86	89.0
416.732	0.158	fixation	n/a	377.8	87.1	1048.0	n/a	n/a	n/a	n/a
416.892	0.014	saccade	n/a	379.4	88.6	n/a	405.7	86.5	1.06	91.0
416.908	0.624	fixation	n/a	410.3	91.7	1001.0	n/a	n/a	n/a	n/a
417.534	0.012	saccade	n/a	411.5	96.0	n/a	431.0	98.9	0.8	75.0
417.548	0.364	fixation	n/a	432.4	102.0	964.0	n/a	n/a	n/a	n/a
417.914	0.016	saccade	n/a	433.2	105.6	n/a	466.9	109.3	1.36	123.0
417.932	0.242	fixation	n/a	480.5	112.0	971.0	n/a	n/a	n/a	n/a
418.176	0.018	saccade	n/a	481.8	112.6	n/a	518.4	115.4	1.47	102.0
418.196	0.508	fixation	n/a	523.7	112.1	1014.0	n/a	n/a	n/a	n/a
418.706	0.022	saccade	n/a	517.8	111.1	n/a	581.8	105.6	2.56	170.0
418.73	0.228	fixation	n/a	585.9	100.5	1043.0	n/a	n/a	n/a	n/a
418.96	0.062	saccade	n/a	588.7	99.8	n/a	188.7	144.1	15.88	416.0
419.024	0.14	fixation	n/a	192.4	144.8	1125.0	n/a	n/a	n/a	n/a
419.166	0.022	saccade	n/a	191.4	145.0	n/a	137.5	156.2	2.16	164.0
419.19	0.214	fixation	n/a	137.9	157.7	1152.0	n/a	n/a	n/a	n/a
419.406	0.02	saccade	n/a	137.6	161.0	n/a	186.1	162.1	1.9	176.0
419.428	0.308	fixation	n/a	183.8	163.0	1143.0	n/a	n/a	n/a	n/a
419.738	0.014	saccade	n/a	184.1	164.4	n/a	209.8	160.8	1.02	89.0
419.754	0.16	fixation	n/a	224.9	161.7	1107.0	n/a	n/a	n/a	n/a
419.916	0.008	saccade	n/a	222.8	162.3	n/a	212.3	164.3	0.42	51.0
419.926	0.206	fixation	n/a	209.1	167.5	1107.0	n/a	n/a	n/a	n/a
420.134	0.028	saccade	n/a	208.8	168.6	n/a	306.3	155.7	3.92	244.0
420.164	0.256	fixation	n/a	307.7	156.9	1122.0	n/a	n/a	n/a	n/a
420.422	0.024	saccade	n/a	307.9	159.5	n/a	380.5	154.1	2.93	171.0
420.448	0.14	fixation	n/a	383.5	154.9	1073.0	n/a	n/a	n/a	n/a
420.59	0.014	saccade	n/a	386.1	154.5	n/a	356.0	155.3	1.21	111.0
420.606	0.114	fixation	n/a	352.2	156.4	1055.0	n/a	n/a	n/a	n/a
420.722	0.008	saccade	n/a	351.3	155.4	n/a	337.6	155.0	0.55	68.0
420.732	0.294	fixation	n/a	337.8	156.4	1038.0	n/a	n/a	n/a	n/a
421.028	0.018	saccade	n/a	337.9	158.9	n/a	385.4	155.8	1.92	135.0
421.048	0.228	fixation	n/a	392.1	160.4	1007.0	n/a	n/a	n/a	n/a
421.278	0.016	saccade	n/a	393.8	163.6	n/a	432.4	166.7	1.56	126.0
421.296	0.156	fixation	n/a	442.8	165.0	983.0	n/a	n/a	n/a	n/a
421.454	0.02	saccade	n/a	442.8	162.7	n/a	497.4	163.5	2.19	146.0
421.476	0.264	fixation	n/a	503.6	161.8	978.0	n/a	n/a	n/a	n/a
421.742	0.022	saccade	n/a	503.5	158.3	n/a	568.8	158.9	2.6	180.0
421.766	0.124	fixation	n/a	565.1	156.5	977.0	n/a	n/a	n/a	n/a
421.892	0.068	saccade	n/a	565.4	155.2	n/a	178.1	238.7	15.64	418.0
421.962	0.122	fixation	n/a	167.4	242.1	1007.0	n/a	n/a	n/a	n/a
422.086	0.012	saccade	n/a	164.9	245.6	n/a	144.9	241.8	0.79	78.0
422.1	0.366	fixation	n/a	143.3	246.2	951.0	n/a	n/a	n/a	n/a
422.468	0.024	saccade	n/a	143.0	247.1	n/a	221.8	244.6	3.09	190.0
422.494	0.942	fixation	n/a	229.2	237.8	963.0	n/a	n/a	n/a	n/a
422.734	0.0	trigger_11	11	n/a	n/a	n/a	n/a	n/a	n/a	n/a
422.74	0.0	trigger_10	10	n/a	n/a	n/a	n/a	n/a	n/a	n/a
423.438	0.054	saccade	n/a	224.7	232.3	n/a	485.3	192.2	10.49	333.0
423.494	0.222	fixation	n/a	490.7	166.2	939.0	n/a	n/a	n/a	n/a
423.718	0.052	saccade	n/a	489.8	163.3	n/a	216.2	104.3	11.18	423.0
423.772	0.136	fixation	n/a	220.3	115.4	881.0	n/a	n/a	n/a	n/a
423.91	0.022	saccade	n/a	218.3	117.8	n/a	125.6	89.5	3.82	316.0
423.934	0.284	fixation	n/a	119.4	91.5	891.0	n/a	n/a	n/a	n/a
424.22	0.022	saccade	n/a	118.7	91.2	n/a	157.1	96.7	1.51	106.0
424.244	0.064	fixation	n/a	176.0	101.4	943.0	n/a	n/a	n/a	n/a
424.31	0.02	saccade	n/a	180.3	104.9	n/a	236.3	108.2	2.22	177.0
424.332	0.146	fixation	n/a	226.4	109.7	965.0	n/a	n/a	n/a	n/a
424.48	0.008	saccade	n/a	226.6	108.7	n/a	214.3	104.2	0.52	61.0
424.49	0.282	fixation	n/a	213.2	106.3	999.0	n/a	n/a	n/a	n/a
424.774	0.024	saccade	n/a	210.4	107.1	n/a	112.7	81.3	3.96	354.0
424.8	0.258	fixation	n/a	110.2	85.2	1073.0	n/a	n/a	n/a	n/a
425.06	0.018	saccade	n/a	107.4	84.0	n/a	140.4	87.6	1.29	104.0
425.08	0.192	fixation	n/a	147.1	93.3	1141.0	n/a	n/a	n/a	n/a
425.274	0.018	saccade	n/a	146.2	94.4	n/a	112.4	85.9	1.36	117.0
425.294	0.144	fixation	n/a	105.3	87.7	1164.0	n/a	n/a	n/a	n/a
425.44	0.024	saccade	n/a	103.9	88.7	n/a	220.3	101.8	4.59	354.0
425.466	0.244	fixation	n/a	238.6	107.3	1121.0	n/a	n/a	n/a	n/a
425.712	0.024	saccade	n/a	240.1	107.3	n/a	334.0	91.4	3.81	270.0
425.738	0.426	fixation	n/a	345.7	92.1	1136.0	n/a	n/a	n/a	n/a
426.166	0.144	saccade	n/a	350.7	98.3	n/a	380.3	133.6	1.87	767.0
426.21	0.052	blink	n/a	n/a	n/a	n/a	n/a	n/a	n/a	n/a
426.312	0.128	fixation	n/a	376.7	105.9	1117.0	n/a	n/a	n/a	n/a
426.442	0.022	saccade	n/a	378.6	102.9	n/a	440.0	109.7	2.49	176.0
426.466	0.168	fixation	n/a	452.4	114.0	1069.0	n/a	n/a	n/a	n/a
426.636	0.03	saccade	n/a	451.4	116.4	n/a	538.9	119.8	3.5	170.0
426.668	0.216	fixation	n/a	538.1	121.0	999.0	n/a	n/a	n/a	n/a
426.886	0.028	saccade	n/a	536.4	123.2	n/a	613.0	113.8	3.06	176.0
426.916	0.114	fixation	n/a	605.5	112.5	966.0	n/a	n/a	n/a	n/a
427.032	0.06	saccade	n/a	606.2	113.4	n/a	151.7	172.6	18.02	516.0
427.094	0.308	fixation	n/a	155.2	175.1	999.0	n/a	n/a	n/a	n/a
427.404	0.018	saccade	n/a	152.2	172.1	n/a	182.7	174.7	1.2	88.0
427.424	0.326	fixation	n/a	186.4	175.0	1079.0	n/a	n/a	n/a	n/a
427.752	0.018	saccade	n/a	187.0	175.2	n/a	238.5	168.8	2.05	160.0
427.772	0.18	fixation	n/a	248.6	170.1	1060.0	n/a	n/a	n/a	n/a
427.954	0.01	saccade	n/a	247.0	171.1	n/a	232.8	171.2	0.56	60.0
427.966	0.254	fixation	n/a	232.5	171.0	1052.0	n/a	n/a	n/a	n/a
428.222	0.018	saccade	n/a	231.2	168.8	n/a	281.2	163.6	2.0	153.0
428.242	0.276	fixation	n/a	281.8	161.5	1065.0	n/a	n/a	n/a	n/a
428.52	0.01	saccade	n/a	286.7	162.1	n/a	302.9	161.5	0.65	70.0
428.532	0.336	fixation	n/a	303.7	163.3	1023.0	n/a	n/a	n/a	n/a
428.87	0.008	saccade	n/a	304.2	162.5	n/a	315.5	164.0	0.46	55.0
428.88	0.164	fixation	n/a	319.0	162.8	1029.0	n/a	n/a	n/a	n/a
429.046	0.02	saccade	n/a	317.4	160.4	n/a	354.0	156.4	1.48	108.0
429.068	0.72	fixation	n/a	358.4	158.4	1050.0	n/a	n/a	n/a	n/a
429.79	0.01	saccade	n/a	361.2	158.3	n/a	376.7	160.9	0.63	65.0
429.802	0.13	fixation	n/a	375.9	160.2	1027.0	n/a	n/a	n/a	n/a
429.934	0.014	saccade	n/a	375.9	160.0	n/a	348.0	156.0	1.13	105.0
429.95	0.382	fixation	n/a	351.7	157.4	1067.0	n/a	n/a	n/a	n/a
430.334	0.008	saccade	n/a	350.7	159.7	n/a	362.6	155.8	0.5	59.0
430.344	0.29	fixation	n/a	365.0	156.4	1063.0	n/a	n/a	n/a	n/a
430.636	0.006	saccade	n/a	369.3	160.1	n/a	377.5	158.1	0.34	53.0
430.644	0.28	fixation	n/a	380.2	157.5	1073.0	n/a	n/a	n/a	n/a
430.926	0.02	saccade	n/a	378.2	154.4	n/a	431.2	156.9	2.14	140.0
430.948	0.224	fixation	n/a	439.7	157.5	1092.0	n/a	n/a	n/a	n/a
431.174	0.02	saccade	n/a	440.9	158.5	n/a	484.8	159.8	1.76	123.0
431.196	0.124	fixation	n/a	495.4	162.5	1098.0	n/a	n/a	n/a	n/a
431.322	0.02	saccade	n/a	495.4	164.7	n/a	565.5	159.9	2.8	226.0
431.344	0.164	fixation	n/a	570.9	162.8	1049.0	n/a	n/a	n/a	n/a
431.51	0.018	saccade	n/a	569.4	168.3	n/a	533.4	166.5	1.43	112.0
431.53	0.21	fixation	n/a	535.1	166.4	1052.0	n/a	n/a	n/a	n/a
431.742	0.02	saccade	n/a	530.5	165.1	n/a	575.8	162.3	1.81	140.0
431.764	0.168	fixation	n/a	584.3	160.8	1069.0	n/a	n/a	n/a	n/a
431.934	0.06	saccade	n/a	584.1	160.7	n/a	147.8	240.4	17.41	463.0
431.996	0.126	fixation	n/a	152.9	237.0	1082.0	n/a	n/a	n/a	n/a
432.124	0.01	saccade	n/a	151.0	237.1	n/a	133.1	242.1	0.72	76.0
432.136	0.212	fixation	n/a	133.4	242.9	1057.0	n/a	n/a	n/a	n/a
432.35	0.018	saccade	n/a	133.5	246.0	n/a	179.5	239.6	1.81	139.0
432.37	0.256	fixation	n/a	195.6	243.8	988.0	n/a	n/a	n/a	n/a
432.628	0.014	saccade	n/a	197.4	245.5	n/a	231.7	245.1	1.35	119.0
432.644	0.336	fixation	n/a	235.9	241.7	963.0	n/a	n/a	n/a	n/a
432.982	0.006	saccade	n/a	237.3	238.9	n/a	245.8	239.8	0.34	52.0
432.99	0.068	fixation	n/a	253.3	239.7	965.0	n/a	n/a	n/a	n/a
433.06	0.026	saccade	n/a	254.3	239.8	n/a	324.3	234.9	2.8	206.0
433.088	0.228	fixation	n/a	317.8	232.5	954.0	n/a	n/a	n/a	n/a
433.318	0.018	saccade	n/a	318.0	232.2	n/a	369.3	230.4	2.06	144.0
433.338	0.298	fixation	n/a	372.4	231.1	938.0	n/a	n/a	n/a	n/a
433.638	0.02	saccade	n/a	370.4	235.0	n/a	408.3	227.4	1.55	112.0
433.66	0.174	fixation	n/a	418.3	226.6	917.0	n/a	n/a	n/a	n/a
433.836	0.024	saccade	n/a	417.1	227.3	n/a	490.5	231.5	2.95	167.0
433.862	0.148	fixation	n/a	498.3	232.4	907.0	n/a	n/a	n/a	n/a
433.926	0.0	trigger_11	11	n/a	n/a	n/a	n/a	n/a	n/a	n/a
433.93	0.0	trigger_10	10	n/a	n/a	n/a	n/a	n/a	n/a	n/a
434.012	0.034	saccade	n/a	497.5	232.2	n/a	602.4	226.1	4.17	179.0
434.048	0.13	fixation	n/a	598.6	223.6	895.0	n/a	n/a	n/a	n/a
434.18	0.06	saccade	n/a	598.3	224.6	n/a	172.0	286.2	16.9	438.0
434.242	0.142	fixation	n/a	174.0	285.7	908.0	n/a	n/a	n/a	n/a
434.386	0.014	saccade	n/a	175.6	288.9	n/a	148.6	284.5	1.06	100.0
434.402	0.138	fixation	n/a	147.9	287.7	932.0	n/a	n/a	n/a	n/a
434.542	0.024	saccade	n/a	147.4	288.6	n/a	221.5	279.1	2.92	188.0
434.568	0.264	fixation	n/a	236.9	280.1	935.0	n/a	n/a	n/a	n/a
434.834	0.02	saccade	n/a	237.7	280.6	n/a	302.2	282.5	2.56	181.0
434.856	0.31	fixation	n/a	312.7	282.2	934.0	n/a	n/a	n/a	n/a
435.168	0.02	saccade	n/a	313.5	284.5	n/a	266.3	281.0	1.88	131.0
435.19	0.146	fixation	n/a	258.5	281.2	937.0	n/a	n/a	n/a	n/a
435.338	0.026	saccade	n/a	258.1	281.9	n/a	333.7	281.8	3.01	166.0
435.366	0.514	fixation	n/a	329.9	284.5	927.0	n/a	n/a	n/a	n/a
435.882	0.056	saccade	n/a	332.9	290.1	n/a	197.4	89.6	9.71	355.0
435.94	0.184	fixation	n/a	198.8	90.5	840.0	n/a	n/a	n/a	n/a
436.126	0.02	saccade	n/a	196.8	88.0	n/a	125.4	87.3	2.8	262.0
436.148	0.204	fixation	n/a	122.8	90.2	835.0	n/a	n/a	n/a	n/a
436.354	0.02	saccade	n/a	121.7	92.1	n/a	197.2	105.2	3.0	246.0
436.376	0.196	fixation	n/a	211.0	110.4	930.0	n/a	n/a	n/a	n/a
436.574	0.036	saccade	n/a	207.4	109.7	n/a	309.6	103.0	4.08	155.0
436.612	0.474	fixation	n/a	307.4	100.9	992.0	n/a	n/a	n/a	n/a
437.088	0.012	saccade	n/a	304.7	100.9	n/a	277.3	101.9	1.1	105.0
437.102	0.138	fixation	n/a	274.7	104.1	1060.0	n/a	n/a	n/a	n/a
437.242	0.022	saccade	n/a	274.0	106.1	n/a	328.9	97.0	2.23	145.0
437.266	0.252	fixation	n/a	336.0	99.6	1071.0	n/a	n/a	n/a	n/a
437.52	0.006	saccade	n/a	330.6	100.8	n/a	322.6	100.3	0.32	50.0
437.528	0.038	fixation	n/a	322.7	106.1	1061.0	n/a	n/a	n/a	n/a
437.568	0.152	saccade	n/a	325.1	112.1	n/a	351.1	133.2	1.36	1010.0
437.598	0.076	blink	n/a	n/a	n/a	n/a	n/a	n/a	n/a	n/a
437.722	0.334	fixation	n/a	348.8	116.5	963.0	n/a	n/a	n/a	n/a
438.058	0.008	saccade	n/a	348.9	116.9	n/a	361.8	116.7	0.52	65.0
438.068	0.296	fixation	n/a	367.5	116.8	944.0	n/a	n/a	n/a	n/a
438.366	0.018	saccade	n/a	368.1	114.6	n/a	412.2	114.5	1.78	122.0
438.386	0.256	fixation	n/a	421.6	114.8	982.0	n/a	n/a	n/a	n/a
438.644	0.012	saccade	n/a	425.5	117.0	n/a	446.8	114.9	0.86	79.0
438.658	0.132	fixation	n/a	450.7	116.7	1003.0	n/a	n/a	n/a	n/a
438.792	0.012	saccade	n/a	449.4	116.4	n/a	426.1	111.7	0.96	87.0
438.806	0.196	fixation	n/a	425.5	113.2	1008.0	n/a	n/a	n/a	n/a
439.004	0.016	saccade	n/a	425.8	112.4	n/a	467.0	115.8	1.66	139.0
439.022	0.152	fixation	n/a	474.5	118.3	1008.0	n/a	n/a	n/a	n/a
439.176	0.016	saccade	n/a	475.3	117.2	n/a	506.4	118.1	1.25	107.0
439.194	0.46	fixation	n/a	506.4	120.1	1006.0	n/a	n/a	n/a	n/a
439.656	0.03	saccade	n/a	502.2	121.5	n/a	386.1	103.1	4.73	258.0
439.688	0.16	fixation	n/a	385.2	106.8	1018.0	n/a	n/a	n/a	n/a
439.85	0.014	saccade	n/a	381.3	107.5	n/a	355.2	107.5	1.05	86.0
439.866	0.136	fixation	n/a	353.8	106.8	1032.0	n/a	n/a	n/a	n/a
440.004	0.042	saccade	n/a	353.9	109.9	n/a	554.9	125.5	8.08	312.0
440.048	0.174	fixation	n/a	555.1	123.9	984.0	n/a	n/a	n/a	n/a
440.224	0.06	saccade	n/a	556.5	127.8	n/a	142.2	169.1	16.43	488.0
440.286	0.382	fixation	n/a	146.7	173.7	907.0	n/a	n/a	n/a	n/a
440.67	0.006	saccade	n/a	152.4	177.8	n/a	160.1	181.0	0.33	51.0
440.678	0.164	fixation	n/a	165.5	181.5	855.0	n/a	n/a	n/a	n/a
440.844	0.02	saccade	n/a	166.8	181.7	n/a	225.0	181.1	2.3	160.0
440.866	0.222	fixation	n/a	252.6	182.0	811.0	n/a	n/a	n/a	n/a
441.09	0.02	saccade	n/a	257.0	181.6	n/a	305.4	174.0	1.96	126.0
441.112	0.16	fixation	n/a	328.3	167.9	828.0	n/a	n/a	n/a	n/a
441.274	0.012	saccade	n/a	329.9	166.3	n/a	356.5	164.8	1.07	101.0
441.288	0.166	fixation	n/a	359.6	165.6	871.0	n/a	n/a	n/a	n/a
441.456	0.012	saccade	n/a	359.8	165.5	n/a	382.3	165.3	0.91	85.0
441.47	0.184	fixation	n/a	384.5	165.0	906.0	n/a	n/a	n/a	n/a
441.656	0.014	saccade	n/a	382.7	163.2	n/a	351.3	162.2	1.26	104.0
441.672	0.156	fixation	n/a	353.1	163.5	911.0	n/a	n/a	n/a	n/a
441.83	0.018	saccade	n/a	352.9	163.0	n/a	389.8	161.4	1.49	99.0
441.85	0.54	fixation	n/a	392.7	160.7	920.0	n/a	n/a	n/a	n/a
442.392	0.078	saccade	n/a	391.0	166.5	n/a	491.9	170.4	4.06	363.0
442.472	0.232	fixation	n/a	483.5	137.5	912.0	n/a	n/a	n/a	n/a
442.706	0.11	saccade	n/a	483.3	143.2	n/a	401.9	191.3	3.81	863.0
442.734	0.048	blink	n/a	n/a	n/a	n/a	n/a	n/a	n/a	n/a
442.818	0.116	fixation	n/a	395.1	173.6	853.0	n/a	n/a	n/a	n/a
442.936	0.02	saccade	n/a	392.2	167.7	n/a	342.0	168.5	2.02	155.0
442.958	0.262	fixation	n/a	344.2	167.1	917.0	n/a	n/a	n/a	n/a
443.214	0.0	trigger_11	11	n/a	n/a	n/a	n/a	n/a	n/a	n/a
443.218	0.0	trigger_10	10	n/a	n/a	n/a	n/a	n/a	n/a	n/a
443.222	0.018	saccade	n/a	343.9	164.6	n/a	385.1	153.9	1.71	121.0
443.242	0.548	fixation	n/a	397.3	158.9	901.0	n/a	n/a	n/a	n/a
443.792	0.03	saccade	n/a	402.1	165.5	n/a	506.3	139.8	4.31	215.0
443.824	0.474	fixation	n/a	512.1	134.5	846.0	n/a	n/a	n/a	n/a
444.3	0.056	saccade	n/a	507.9	132.3	n/a	206.4	138.1	11.99	377.0
444.358	0.15	fixation	n/a	211.1	137.6	930.0	n/a	n/a	n/a	n/a
444.51	0.022	saccade	n/a	210.6	135.5	n/a	148.5	119.4	2.53	193.0
444.534	0.374	fixation	n/a	145.0	120.0	930.0	n/a	n/a	n/a	n/a
444.91	0.004	saccade	n/a	142.3	121.0	n/a	137.2	118.4	0.22	50.0
444.916	0.114	fixation	n/a	135.1	118.1	898.0	n/a	n/a	n/a	n/a
445.032	0.026	saccade	n/a	133.9	119.9	n/a	213.9	137.7	3.22	216.0
445.06	0.208	fixation	n/a	214.1	136.0	922.0	n/a	n/a	n/a	n/a
445.27	0.012	saccade	n/a	212.9	135.3	n/a	189.9	133.3	0.91	80.0
445.284	0.206	fixation	n/a	188.6	135.9	968.0	n/a	n/a	n/a	n/a
445.492	0.014	saccade	n/a	184.5	133.5	n/a	152.9	128.5	1.26	111.0
445.508	0.164	fixation	n/a	150.2	126.3	1009.0	n/a	n/a	n/a	n/a
445.674	0.02	saccade	n/a	148.9	126.6	n/a	205.8	129.9	2.24	142.0
445.696	0.194	fixation	n/a	217.8	126.0	1001.0	n/a	n/a	n/a	n/a
445.892	0.022	saccade	n/a	219.0	124.4	n/a	270.4	110.1	2.13	156.0
445.916	0.28	fixation	n/a	303.9	108.3	948.0	n/a	n/a	n/a	n/a
446.198	0.016	saccade	n/a	306.6	106.9	n/a	347.1	101.2	1.65	137.0
446.216	0.17	fixation	n/a	350.5	100.3	988.0	n/a	n/a	n/a	n/a
446.388	0.03	saccade	n/a	346.7	98.7	n/a	431.9	107.1	3.45	185.0
446.42	0.216	fixation	n/a	430.9	103.3	1025.0	n/a	n/a	n/a	n/a
446.638	0.006	saccade	n/a	432.0	100.2	n/a	423.1	100.1	0.36	54.0
446.646	0.092	fixation	n/a	422.0	101.0	1054.0	n/a	n/a	n/a	n/a
446.74	0.024	saccade	n/a	420.8	101.4	n/a	483.5	108.1	2.54	174.0
446.766	0.138	fixation	n/a	494.0	108.1	1058.0	n/a	n/a	n/a	n/a
446.906	0.02	saccade	n/a	493.4	108.7	n/a	559.4	108.2	2.64	190.0
446.928	0.162	fixation	n/a	567.4	105.6	1042.0	n/a	n/a	n/a	n/a
447.092	0.06	saccade	n/a	568.1	108.6	n/a	163.9	174.8	16.17	475.0
447.154	0.136	fixation	n/a	168.9	174.3	1093.0	n/a	n/a	n/a	n/a
447.286	0.0	trigger_11	11	n/a	n/a	n/a	n/a	n/a	n/a	n/a
447.292	0.018	saccade	n/a	165.2	174.5	n/a	131.0	164.7	1.39	92.0
447.294	0.0	trigger_10	10	n/a	n/a	n/a	n/a	n/a	n/a	n/a
447.312	0.278	fixation	n/a	127.0	166.7	1100.0	n/a	n/a	n/a	n/a
447.592	0.02	saccade	n/a	127.8	168.8	n/a	171.3	162.7	1.72	119.0
447.614	0.446	fixation	n/a	186.0	170.5	1034.0	n/a	n/a	n/a	n/a
448.062	0.034	saccade	n/a	186.0	173.6	n/a	260.4	173.5	2.95	125.0
448.098	0.376	fixation	n/a	259.1	174.2	995.0	n/a	n/a	n/a	n/a
448.476	0.006	saccade	n/a	260.1	176.1	n/a	269.1	172.2	0.39	59.0
448.484	0.318	fixation	n/a	268.4	174.7	975.0	n/a	n/a	n/a	n/a
448.804	0.092	saccade	n/a	269.1	178.9	n/a	193.9	101.5	4.33	167.0
448.898	0.17	fixation	n/a	195.6	122.9	985.0	n/a	n/a	n/a	n/a
449.07	0.012	saccade	n/a	193.8	121.4	n/a	176.8	129.9	0.75	71.0
449.084	0.55	fixation	n/a	164.4	126.8	987.0	n/a	n/a	n/a	n/a
449.636	0.012	saccade	n/a	152.1	123.6	n/a	132.3	116.1	0.83	81.0
449.65	0.094	fixation	n/a	134.8	115.8	1021.0	n/a	n/a	n/a	n/a
449.746	0.022	saccade	n/a	135.5	113.9	n/a	200.6	118.0	2.56	185.0
449.77	0.206	fixation	n/a	209.2	118.0	1068.0	n/a	n/a	n/a	n/a
449.978	0.016	saccade	n/a	209.2	118.2	n/a	242.3	114.4	1.32	115.0
449.996	0.162	fixation	n/a	249.7	106.0	1082.0	n/a	n/a	n/a	n/a
450.16	0.022	saccade	n/a	250.9	104.9	n/a	311.7	102.6	2.43	183.0
450.184	0.322	fixation	n/a	309.5	102.6	1089.0	n/a	n/a	n/a	n/a
450.508	0.008	saccade	n/a	308.9	101.4	n/a	324.9	103.4	0.65	78.0
450.518	0.196	fixation	n/a	325.4	103.7	1123.0	n/a	n/a	n/a	n/a
450.716	0.006	saccade	n/a	325.5	105.8	n/a	315.0	103.1	0.44	62.0
450.724	0.102	fixation	n/a	315.6	104.6	1134.0	n/a	n/a	n/a	n/a
450.828	0.018	saccade	n/a	315.8	101.5	n/a	355.7	96.9	1.62	123.0
450.848	0.374	fixation	n/a	361.2	97.0	1122.0	n/a	n/a	n/a	n/a
451.224	0.008	saccade	n/a	360.5	97.0	n/a	373.4	98.5	0.52	67.0
451.234	0.316	fixation	n/a	375.0	99.3	1084.0	n/a	n/a	n/a	n/a
451.552	0.018	saccade	n/a	377.9	102.5	n/a	416.4	107.2	1.56	104.0
451.572	0.216	fixation	n/a	428.2	107.6	1051.0	n/a	n/a	n/a	n/a
451.79	0.012	saccade	n/a	428.2	106.0	n/a	456.2	108.6	1.13	104.0
451.804	0.266	fixation	n/a	459.7	109.1	1035.0	n/a	n/a	n/a	n/a
452.072	0.022	saccade	n/a	458.5	108.9	n/a	512.5	109.3	2.16	147.0
452.096	0.184	fixation	n/a	528.5	109.9	1016.0	n/a	n/a	n/a	n/a
452.282	0.058	saccade	n/a	528.0	110.1	n/a	166.6	154.7	14.43	435.0
452.342	0.156	fixation	n/a	171.9	158.7	999.0	n/a	n/a	n/a	n/a
452.5	0.012	saccade	n/a	170.5	160.3	n/a	147.8	171.8	1.0	98.0
452.514	0.186	fixation	n/a	147.7	171.7	1002.0	n/a	n/a	n/a	n/a
452.702	0.056	saccade	n/a	149.3	172.1	n/a	256.8	195.1	4.34	180.0
452.76	0.028	fixation	n/a	261.5	190.1	985.0	n/a	n/a	n/a	n/a
452.79	0.166	saccade	n/a	261.7	192.3	n/a	251.1	210.9	0.86	669.0
452.826	0.084	blink	n/a	n/a	n/a	n/a	n/a	n/a	n/a	n/a
452.958	0.362	fixation	n/a	256.5	184.6	924.0	n/a	n/a	n/a	n/a
453.322	0.014	saccade	n/a	253.8	182.5	n/a	286.0	177.4	1.3	106.0
453.338	0.216	fixation	n/a	294.5	171.4	924.0	n/a	n/a	n/a	n/a
453.556	0.014	saccade	n/a	294.3	171.0	n/a	320.8	168.0	1.07	99.0
453.572	0.268	fixation	n/a	325.3	168.6	932.0	n/a	n/a	n/a	n/a
453.842	0.022	saccade	n/a	326.4	170.8	n/a	381.0	165.8	2.21	144.0
453.866	0.252	fixation	n/a	402.4	169.8	874.0	n/a	n/a	n/a	n/a
454.12	0.02	saccade	n/a	404.5	170.0	n/a	462.2	169.7	2.32	160.0
454.142	0.182	fixation	n/a	476.2	171.7	856.0	n/a	n/a	n/a	n/a
454.326	0.03	saccade	n/a	476.4	173.0	n/a	539.8	176.4	2.54	131.0
454.358	0.47	fixation	n/a	530.3	172.3	872.0	n/a	n/a	n/a	n/a
454.83	0.008	saccade	n/a	525.7	172.7	n/a	513.3	168.7	0.52	67.0
454.84	0.12	fixation	n/a	512.6	170.9	887.0	n/a	n/a	n/a	n/a
454.962	0.032	saccade	n/a	512.7	171.5	n/a	617.1	163.8	4.15	221.0
454.996	0.372	fixation	n/a	613.7	166.0	898.0	n/a	n/a	n/a	n/a
455.37	0.036	saccade	n/a	612.5	167.2	n/a	477.5	168.0	5.37	261.0
455.408	0.136	fixation	n/a	473.0	167.1	977.0	n/a	n/a	n/a	n/a
455.546	0.02	saccade	n/a	471.2	165.7	n/a	427.3	162.8	1.77	138.0
455.568	0.114	fixation	n/a	429.5	164.8	1009.0	n/a	n/a	n/a	n/a
455.684	0.016	saccade	n/a	426.2	163.4	n/a	386.5	162.0	1.6	120.0
455.702	0.242	fixation	n/a	385.5	163.6	1027.0	n/a	n/a	n/a	n/a
455.946	0.008	saccade	n/a	382.4	163.6	n/a	370.2	163.9	0.49	60.0
455.956	0.174	fixation	n/a	371.4	167.1	970.0	n/a	n/a	n/a	n/a
456.132	0.018	saccade	n/a	373.1	168.2	n/a	412.1	168.6	1.57	105.0
456.152	0.146	fixation	n/a	422.9	168.7	913.0	n/a	n/a	n/a	n/a
456.3	0.022	saccade	n/a	423.4	172.4	n/a	480.6	175.6	2.3	138.0
456.324	0.082	fixation	n/a	496.5	176.1	879.0	n/a	n/a	n/a	n/a
456.408	0.024	saccade	n/a	499.2	175.8	n/a	554.3	176.1	2.2	138.0
456.434	0.262	fixation	n/a	548.6	172.1	870.0	n/a	n/a	n/a	n/a
456.698	0.018	saccade	n/a	546.2	171.7	n/a	585.1	169.2	1.55	109.0
456.718	0.23	fixation	n/a	596.3	169.1	840.0	n/a	n/a	n/a	n/a
456.95	0.018	saccade	n/a	596.5	171.1	n/a	638.6	167.7	1.66	102.0
456.97	0.264	fixation	n/a	646.8	169.8	790.0	n/a	n/a	n/a	n/a
457.236	0.066	saccade	n/a	646.0	170.5	n/a	146.2	244.4	19.71	455.0
457.304	0.456	fixation	n/a	142.2	243.9	821.0	n/a	n/a	n/a	n/a
457.762	0.018	saccade	n/a	138.1	243.6	n/a	186.6	239.0	1.9	142.0
457.782	0.214	fixation	n/a	197.0	241.6	777.0	n/a	n/a	n/a	n/a
457.998	0.018	saccade	n/a	198.9	241.5	n/a	234.8	241.8	1.42	93.0
458.018	0.182	fixation	n/a	254.4	238.5	799.0	n/a	n/a	n/a	n/a
458.202	0.022	saccade	n/a	252.4	235.6	n/a	295.3	233.4	1.71	128.0
458.226	0.204	fixation	n/a	306.8	233.9	820.0	n/a	n/a	n/a	n/a
458.432	0.016	saccade	n/a	308.1	236.1	n/a	342.0	231.7	1.37	111.0
458.45	0.134	fixation	n/a	347.8	230.2	793.0	n/a	n/a	n/a	n/a
458.586	0.016	saccade	n/a	348.3	230.2	n/a	384.4	228.5	1.45	120.0
458.604	0.27	fixation	n/a	399.6	228.1	779.0	n/a	n/a	n/a	n/a
458.876	0.02	saccade	n/a	399.7	229.8	n/a	438.6	224.8	1.58	120.0
458.898	0.306	fixation	n/a	446.4	224.1	838.0	n/a	n/a	n/a	n/a
459.206	0.016	saccade	n/a	444.3	222.9	n/a	477.8	224.0	1.34	101.0
459.224	0.25	fixation	n/a	485.0	223.4	893.0	n/a	n/a	n/a	n/a
459.476	0.016	saccade	n/a	486.0	223.0	n/a	521.2	223.4	1.41	105.0
459.494	0.266	fixation	n/a	521.7	224.4	911.0	n/a	n/a	n/a	n/a
459.762	0.026	saccade	n/a	521.7	227.3	n/a	499.0	138.5	3.72	276.0
459.79	0.208	fixation	n/a	500.2	147.3	913.0	n/a	n/a	n/a	n/a
460.0	0.018	saccade	n/a	499.2	146.5	n/a	463.4	129.1	1.6	122.0
460.02	0.178	fixation	n/a	464.9	130.8	946.0	n/a	n/a	n/a	n/a
460.2	0.04	saccade	n/a	462.9	129.5	n/a	589.3	161.1	5.2	220.0
460.242	0.142	fixation	n/a	585.0	161.2	982.0	n/a	n/a	n/a	n/a
460.386	0.034	saccade	n/a	584.5	161.4	n/a	435.8	152.8	5.95	327.0
460.422	0.252	fixation	n/a	435.1	154.5	1035.0	n/a	n/a	n/a	n/a
460.676	0.032	saccade	n/a	431.1	152.2	n/a	530.5	160.9	4.01	220.0
460.68	0.0	trigger_11	11	n/a	n/a	n/a	n/a	n/a	n/a	n/a
460.686	0.0	trigger_10	10	n/a	n/a	n/a	n/a	n/a	n/a	n/a
460.71	0.134	fixation	n/a	527.7	161.7	1064.0	n/a	n/a	n/a	n/a
460.846	0.034	saccade	n/a	528.8	158.9	n/a	642.5	153.5	4.5	282.0
460.882	0.158	fixation	n/a	636.3	153.4	1041.0	n/a	n/a	n/a	n/a
461.042	0.08	saccade	n/a	636.9	154.8	n/a	139.3	222.4	19.63	482.0
461.124	0.194	fixation	n/a	129.2	225.9	1081.0	n/a	n/a	n/a	n/a
461.32	0.034	saccade	n/a	127.4	229.0	n/a	186.9	151.8	3.87	198.0
461.356	0.188	fixation	n/a	190.0	157.3	1030.0	n/a	n/a	n/a	n/a
461.546	0.016	saccade	n/a	190.9	158.8	n/a	157.7	171.1	1.39	125.0
461.564	0.134	fixation	n/a	158.8	176.0	1022.0	n/a	n/a	n/a	n/a
461.7	0.052	saccade	n/a	158.2	176.5	n/a	454.4	129.3	11.89	424.0
461.754	0.142	fixation	n/a	456.3	126.2	1041.0	n/a	n/a	n/a	n/a
461.898	0.05	saccade	n/a	458.6	125.5	n/a	161.4	136.7	11.8	416.0
461.95	0.51	fixation	n/a	156.0	135.8	1082.0	n/a	n/a	n/a	n/a
462.462	0.006	saccade	n/a	154.0	130.9	n/a	160.8	128.4	0.28	45.0
462.47	0.138	fixation	n/a	163.2	130.7	1146.0	n/a	n/a	n/a	n/a
462.61	0.018	saccade	n/a	162.1	131.4	n/a	115.9	109.0	2.01	168.0
462.63	0.322	fixation	n/a	114.5	109.9	1193.0	n/a	n/a	n/a	n/a
462.954	0.022	saccade	n/a	108.4	110.0	n/a	176.5	126.4	2.74	186.0
462.978	0.228	fixation	n/a	179.7	125.3	1266.0	n/a	n/a	n/a	n/a
463.208	0.016	saccade	n/a	177.9	123.9	n/a	216.0	121.5	1.51	128.0
463.226	0.256	fixation	n/a	231.4	110.8	1182.0	n/a	n/a	n/a	n/a
463.484	0.02	saccade	n/a	238.1	109.9	n/a	291.2	100.2	2.16	161.0
463.506	0.288	fixation	n/a	299.8	100.8	1110.0	n/a	n/a	n/a	n/a
463.796	0.01	saccade	n/a	301.4	103.1	n/a	318.8	103.4	0.7	72.0
463.808	0.426	fixation	n/a	320.4	107.6	1120.0	n/a	n/a	n/a	n/a
464.236	0.01	saccade	n/a	321.3	110.3	n/a	304.8	109.2	0.66	69.0
464.248	0.152	fixation	n/a	302.6	112.5	1084.0	n/a	n/a	n/a	n/a
464.402	0.016	saccade	n/a	303.4	112.8	n/a	333.0	107.9	1.21	94.0
464.42	0.114	fixation	n/a	329.5	109.7	1063.0	n/a	n/a	n/a	n/a
464.536	0.018	saccade	n/a	328.3	108.0	n/a	376.5	107.5	1.94	156.0
464.556	0.382	fixation	n/a	380.2	107.6	1060.0	n/a	n/a	n/a	n/a
464.94	0.016	saccade	n/a	378.3	108.1	n/a	340.2	104.1	1.54	117.0
464.958	0.476	fixation	n/a	330.4	109.6	1041.0	n/a	n/a	n/a	n/a
465.436	0.006	saccade	n/a	332.2	113.6	n/a	340.2	113.1	0.32	51.0
465.444	0.142	fixation	n/a	337.7	112.4	985.0	n/a	n/a	n/a	n/a
465.588	0.02	saccade	n/a	338.5	112.8	n/a	381.5	109.8	1.73	138.0
465.61	0.232	fixation	n/a	389.8	112.7	911.0	n/a	n/a	n/a	n/a
465.844	0.018	saccade	n/a	388.9	115.3	n/a	439.7	122.1	2.07	168.0
465.864	0.306	fixation	n/a	455.0	124.5	899.0	n/a	n/a	n/a	n/a
466.172	0.02	saccade	n/a	455.1	124.5	n/a	511.7	126.2	2.27	159.0
466.194	0.13	fixation	n/a	530.3	127.1	898.0	n/a	n/a	n/a	n/a
466.326	0.02	saccade	n/a	532.8	126.1	n/a	581.3	122.0	1.94	113.0
466.348	0.198	fixation	n/a	585.4	121.7	888.0	n/a	n/a	n/a	n/a
466.548	0.072	saccade	n/a	585.6	123.0	n/a	159.8	184.6	16.95	468.0
466.622	0.182	fixation	n/a	147.5	185.7	983.0	n/a	n/a	n/a	n/a
466.806	0.008	saccade	n/a	143.3	186.2	n/a	132.8	186.3	0.41	50.0
466.816	0.14	fixation	n/a	129.8	183.4	1044.0	n/a	n/a	n/a	n/a
466.958	0.02	saccade	n/a	129.8	184.6	n/a	190.7	188.3	2.39	183.0
466.98	0.248	fixation	n/a	200.5	184.7	1016.0	n/a	n/a	n/a	n/a
467.23	0.02	saccade	n/a	200.4	184.5	n/a	259.1	174.8	2.36	191.0
467.252	0.294	fixation	n/a	270.2	169.0	990.0	n/a	n/a	n/a	n/a
467.548	0.02	saccade	n/a	271.0	163.2	n/a	317.0	155.5	1.87	150.0
467.57	0.218	fixation	n/a	334.1	153.6	994.0	n/a	n/a	n/a	n/a
467.79	0.01	saccade	n/a	337.3	153.0	n/a	352.4	154.1	0.61	64.0
467.802	0.22	fixation	n/a	353.0	154.2	991.0	n/a	n/a	n/a	n/a
468.024	0.026	saccade	n/a	352.2	156.4	n/a	417.8	158.7	2.64	159.0
468.052	0.28	fixation	n/a	417.5	159.2	938.0	n/a	n/a	n/a	n/a
468.334	0.026	saccade	n/a	418.2	159.6	n/a	492.9	161.7	3.01	174.0
468.362	0.272	fixation	n/a	497.6	161.1	940.0	n/a	n/a	n/a	n/a
468.636	0.014	saccade	n/a	499.3	159.4	n/a	532.9	160.5	1.34	110.0
468.652	0.222	fixation	n/a	535.9	164.7	979.0	n/a	n/a	n/a	n/a
468.876	0.022	saccade	n/a	533.8	166.7	n/a	602.6	163.2	2.73	171.0
468.9	0.286	fixation	n/a	607.5	163.4	957.0	n/a	n/a	n/a	n/a
469.188	0.016	saccade	n/a	605.5	160.7	n/a	643.0	159.9	1.47	116.0
469.206	0.32	fixation	n/a	641.3	161.1	963.0	n/a	n/a	n/a	n/a
469.528	0.064	saccade	n/a	643.2	162.7	n/a	175.6	222.3	18.46	461.0
469.594	0.122	fixation	n/a	181.7	220.7	1027.0	n/a	n/a	n/a	n/a
469.718	0.02	saccade	n/a	179.7	221.6	n/a	134.6	225.7	1.77	134.0
469.74	0.212	fixation	n/a	134.8	224.4	1101.0	n/a	n/a	n/a	n/a
469.954	0.026	saccade	n/a	129.2	220.8	n/a	220.5	216.9	3.58	231.0
469.982	0.428	fixation	n/a	223.5	219.4	1137.0	n/a	n/a	n/a	n/a
470.412	0.02	saccade	n/a	223.3	218.4	n/a	289.7	212.3	2.65	209.0
470.434	0.312	fixation	n/a	283.4	209.7	1192.0	n/a	n/a	n/a	n/a
470.504	0.0	trigger_11	11	n/a	n/a	n/a	n/a	n/a	n/a	n/a
470.508	0.0	trigger_10	10	n/a	n/a	n/a	n/a	n/a	n/a	n/a
470.748	0.014	saccade	n/a	279.1	206.2	n/a	304.8	204.4	1.03	90.0
470.764	0.29	fixation	n/a	305.7	204.2	1289.0	n/a	n/a	n/a	n/a
471.056	0.016	saccade	n/a	302.7	203.2	n/a	340.9	200.2	1.54	113.0
471.074	0.336	fixation	n/a	345.8	201.4	1292.0	n/a	n/a	n/a	n/a
471.412	0.022	saccade	n/a	343.0	200.1	n/a	305.3	123.1	3.48	268.0
471.436	0.366	fixation	n/a	301.6	102.0	1265.0	n/a	n/a	n/a	n/a
471.804	0.026	saccade	n/a	302.6	99.5	n/a	345.5	196.5	4.31	299.0
471.832	0.342	fixation	n/a	347.7	197.8	1256.0	n/a	n/a	n/a	n/a
472.176	0.022	saccade	n/a	348.8	197.9	n/a	291.5	201.7	2.3	152.0
472.2	0.194	fixation	n/a	282.8	204.9	1229.0	n/a	n/a	n/a	n/a
472.396	0.046	saccade	n/a	283.6	202.6	n/a	143.2	110.5	6.69	352.0
472.444	0.258	fixation	n/a	150.5	116.1	1212.0	n/a	n/a	n/a	n/a
472.704	0.016	saccade	n/a	145.0	112.6	n/a	112.0	91.2	1.55	125.0
472.722	0.35	fixation	n/a	109.6	93.3	1288.0	n/a	n/a	n/a	n/a
473.074	0.02	saccade	n/a	105.4	95.8	n/a	160.9	108.0	2.21	185.0
473.096	0.23	fixation	n/a	165.8	112.3	1353.0	n/a	n/a	n/a	n/a
473.328	0.02	saccade	n/a	163.7	115.4	n/a	208.6	108.4	1.79	150.0
473.35	0.326	fixation	n/a	203.1	111.0	1387.0	n/a	n/a	n/a	n/a
473.678	0.006	saccade	n/a	204.5	112.5	n/a	213.1	109.9	0.36	52.0
473.686	0.222	fixation	n/a	213.0	110.4	1393.0	n/a	n/a	n/a	n/a
473.91	0.014	saccade	n/a	213.1	113.0	n/a	239.9	106.7	1.1	96.0
473.926	0.128	fixation	n/a	247.1	100.7	1347.0	n/a	n/a	n/a	n/a
474.056	0.02	saccade	n/a	248.4	99.7	n/a	307.4	93.7	2.37	193.0
474.078	0.454	fixation	n/a	299.4	89.4	1373.0	n/a	n/a	n/a	n/a
474.534	0.014	saccade	n/a	288.7	89.3	n/a	316.3	89.4	1.11	104.0
474.55	0.144	fixation	n/a	316.2	86.8	1372.0	n/a	n/a	n/a	n/a
474.696	0.022	saccade	n/a	316.6	85.0	n/a	373.4	84.8	2.29	158.0
474.72	0.278	fixation	n/a	378.6	87.8	1363.0	n/a	n/a	n/a	n/a
475.0	0.018	saccade	n/a	378.3	91.6	n/a	423.1	91.4	1.81	146.0
475.02	0.2	fixation	n/a	433.6	94.9	1351.0	n/a	n/a	n/a	n/a
475.222	0.024	saccade	n/a	435.3	96.8	n/a	373.1	85.1	2.55	153.0
475.248	0.128	fixation	n/a	374.9	88.0	1322.0	n/a	n/a	n/a	n/a
475.378	0.022	saccade	n/a	375.6	89.7	n/a	438.6	93.2	2.54	173.0
475.402	0.258	fixation	n/a	449.7	92.2	1324.0	n/a	n/a	n/a	n/a
475.662	0.02	saccade	n/a	450.7	92.6	n/a	500.8	91.5	2.01	155.0
475.684	0.588	fixation	n/a	502.1	91.1	1421.0	n/a	n/a	n/a	n/a
476.274	0.012	saccade	n/a	500.3	87.6	n/a	525.3	89.8	1.01	95.0
476.288	0.292	fixation	n/a	521.6	96.6	1357.0	n/a	n/a	n/a	n/a
476.582	0.01	saccade	n/a	518.2	102.5	n/a	501.7	99.5	0.67	71.0
476.594	0.208	fixation	n/a	503.6	100.4	1293.0	n/a	n/a	n/a	n/a
476.804	0.012	saccade	n/a	506.3	99.2	n/a	522.9	100.8	0.67	61.0
476.818	0.124	fixation	n/a	529.4	98.2	1270.0	n/a	n/a	n/a	n/a
476.944	0.016	saccade	n/a	530.3	96.3	n/a	568.9	96.7	1.54	125.0
476.962	0.336	fixation	n/a	572.7	95.2	1244.0	n/a	n/a	n/a	n/a
477.3	0.062	saccade	n/a	571.5	96.0	n/a	129.2	165.4	17.6	485.0
477.364	0.16	fixation	n/a	132.3	168.1	1343.0	n/a	n/a	n/a	n/a
477.526	0.01	saccade	n/a	133.1	169.8	n/a	113.0	166.3	0.79	83.0
477.538	0.53	fixation	n/a	105.3	164.3	1324.0	n/a	n/a	n/a	n/a
478.07	0.012	saccade	n/a	100.4	162.7	n/a	126.6	164.1	1.02	99.0
478.084	0.158	fixation	n/a	123.8	160.5	1367.0	n/a	n/a	n/a	n/a
478.244	0.02	saccade	n/a	120.4	156.0	n/a	176.8	157.3	2.2	170.0
478.266	0.232	fixation	n/a	178.1	156.0	1446.0	n/a	n/a	n/a	n/a
478.5	0.024	saccade	n/a	176.8	157.1	n/a	236.1	152.9	2.35	130.0
478.526	0.422	fixation	n/a	236.0	156.1	1431.0	n/a	n/a	n/a	n/a
478.95	0.024	saccade	n/a	240.0	160.7	n/a	314.5	143.5	3.06	182.0
478.976	0.276	fixation	n/a	323.7	141.4	1326.0	n/a	n/a	n/a	n/a
479.254	0.014	saccade	n/a	327.2	140.1	n/a	356.8	139.4	1.19	97.0
479.27	0.16	fixation	n/a	376.0	140.9	1264.0	n/a	n/a	n/a	n/a
479.432	0.15	saccade	n/a	381.2	149.1	n/a	401.0	170.4	1.18	956.0
479.462	0.074	blink	n/a	n/a	n/a	n/a	n/a	n/a	n/a	n/a
479.584	0.164	fixation	n/a	394.1	151.8	1170.0	n/a	n/a	n/a	n/a
479.75	0.046	saccade	n/a	393.6	152.7	n/a	209.6	131.7	7.39	263.0
479.798	0.216	fixation	n/a	208.5	136.2	1111.0	n/a	n/a	n/a	n/a
480.016	0.044	saccade	n/a	211.6	138.6	n/a	404.3	151.4	7.71	344.0
480.062	0.342	fixation	n/a	404.9	149.4	1059.0	n/a	n/a	n/a	n/a
480.406	0.052	saccade	n/a	403.6	150.7	n/a	125.1	121.0	11.1	431.0
480.46	0.232	fixation	n/a	127.1	120.2	1115.0	n/a	n/a	n/a	n/a
480.694	0.006	saccade	n/a	120.4	117.0	n/a	113.8	112.6	0.31	49.0
480.702	0.232	fixation	n/a	113.1	113.9	1159.0	n/a	n/a	n/a	n/a
480.936	0.024	saccade	n/a	113.0	115.6	n/a	183.8	132.3	2.85	208.0
480.962	0.534	fixation	n/a	182.5	130.7	1213.0	n/a	n/a	n/a	n/a
481.498	0.016	saccade	n/a	182.1	127.7	n/a	219.0	123.2	1.47	114.0
481.516	0.16	fixation	n/a	221.1	123.5	1143.0	n/a	n/a	n/a	n/a
481.678	0.012	saccade	n/a	218.9	127.7	n/a	194.0	127.9	0.99	90.0
481.692	0.252	fixation	n/a	190.6	131.4	1130.0	n/a	n/a	n/a	n/a
481.946	0.012	saccade	n/a	190.9	131.6	n/a	215.8	126.5	1.01	91.0
481.96	0.208	fixation	n/a	217.0	126.8	1112.0	n/a	n/a	n/a	n/a
482.17	0.012	saccade	n/a	216.9	126.8	n/a	240.9	119.1	1.0	94.0
482.184	0.284	fixation	n/a	246.1	115.6	1072.0	n/a	n/a	n/a	n/a
482.47	0.012	saccade	n/a	243.5	116.0	n/a	220.0	124.3	0.99	98.0
482.484	0.142	fixation	n/a	218.1	126.7	1053.0	n/a	n/a	n/a	n/a
482.628	0.026	saccade	n/a	216.1	126.8	n/a	307.0	114.3	3.66	246.0
482.656	0.432	fixation	n/a	310.5	114.7	1030.0	n/a	n/a	n/a	n/a
483.09	0.024	saccade	n/a	313.6	117.1	n/a	234.2	115.1	3.17	223.0
483.116	0.4	fixation	n/a	229.4	123.2	1018.0	n/a	n/a	n/a	n/a
483.346	0.0	trigger_11	11	n/a	n/a	n/a	n/a	n/a	n/a	n/a
483.35	0.0	trigger_12	12	n/a	n/a	n/a	n/a	n/a	n/a	n/a
483.518	0.042	saccade	n/a	229.3	121.1	n/a	380.7	143.3	6.12	291.0
483.562	0.234	fixation	n/a	380.7	141.0	1053.0	n/a	n/a	n/a	n/a
483.798	0.044	saccade	n/a	381.3	140.3	n/a	236.5	121.1	5.86	235.0
483.844	0.25	fixation	n/a	237.1	119.7	1066.0	n/a	n/a	n/a	n/a
484.096	0.018	saccade	n/a	232.9	124.4	n/a	187.5	130.5	1.81	137.0
484.116	0.18	fixation	n/a	186.6	131.6	1064.0	n/a	n/a	n/a	n/a
484.298	0.026	saccade	n/a	186.9	129.3	n/a	107.8	108.9	3.19	206.0
484.326	0.322	fixation	n/a	111.5	105.0	1137.0	n/a	n/a	n/a	n/a
484.65	0.022	saccade	n/a	110.5	106.0	n/a	176.6	124.0	2.68	190.0
484.674	0.168	fixation	n/a	179.6	126.1	1193.0	n/a	n/a	n/a	n/a
484.844	0.038	saccade	n/a	179.4	127.5	n/a	356.1	111.4	7.07	363.0
484.884	0.244	fixation	n/a	362.5	114.6	1084.0	n/a	n/a	n/a	n/a
485.13	0.038	saccade	n/a	364.7	114.8	n/a	220.7	131.7	5.8	252.0
485.17	0.158	fixation	n/a	221.5	133.2	1043.0	n/a	n/a	n/a	n/a
485.33	0.018	saccade	n/a	220.5	133.4	n/a	187.6	129.1	1.31	105.0
485.35	0.25	fixation	n/a	183.3	130.9	1094.0	n/a	n/a	n/a	n/a
485.602	0.016	saccade	n/a	182.5	126.5	n/a	141.4	120.7	1.63	134.0
485.62	0.33	fixation	n/a	137.7	118.4	1202.0	n/a	n/a	n/a	n/a
485.952	0.02	saccade	n/a	135.8	116.4	n/a	197.3	124.1	2.43	177.0
485.974	0.252	fixation	n/a	205.6	126.5	1148.0	n/a	n/a	n/a	n/a
486.228	0.036	saccade	n/a	203.7	128.5	n/a	300.8	111.8	3.93	190.0
486.266	0.228	fixation	n/a	297.4	114.6	1101.0	n/a	n/a	n/a	n/a
486.496	0.018	saccade	n/a	295.8	117.1	n/a	341.9	116.9	1.85	136.0
486.516	0.33	fixation	n/a	337.9	116.3	1112.0	n/a	n/a	n/a	n/a
486.538	0.0	trigger_13	13	n/a	n/a	n/a	n/a	n/a	n/a	n/a
486.848	0.022	saccade	n/a	335.9	116.2	n/a	384.0	115.7	1.94	142.0
486.872	0.214	fixation	n/a	397.3	117.2	1109.0	n/a	n/a	n/a	n/a
487.088	0.02	saccade	n/a	396.5	115.6	n/a	439.6	121.0	1.75	138.0
487.11	0.92	fixation	n/a	436.5	109.3	1099.0	n/a	n/a	n/a	n/a
488.032	0.044	saccade	n/a	436.8	98.4	n/a	291.5	88.7	5.85	230.0
488.078	0.232	fixation	n/a	294.4	90.9	1286.0	n/a	n/a	n/a	n/a
488.312	0.016	saccade	n/a	288.7	93.5	n/a	251.0	102.3	1.55	123.0
488.33	0.438	fixation	n/a	251.0	104.3	1284.0	n/a	n/a	n/a	n/a
488.562	0.0	trigger_15	15	n/a	n/a	n/a	n/a	n/a	n/a	n/a
488.566	0.0	trigger_10	10	n/a	n/a	n/a	n/a	n/a	n/a	n/a
488.77	0.044	saccade	n/a	246.6	103.4	n/a	143.5	178.7	5.08	257.0
488.816	0.288	fixation	n/a	139.6	173.3	1347.0	n/a	n/a	n/a	n/a
489.106	0.024	saccade	n/a	137.5	169.6	n/a	137.0	245.3	3.03	232.0
489.132	0.334	fixation	n/a	138.8	240.9	1356.0	n/a	n/a	n/a	n/a
489.468	0.018	saccade	n/a	140.3	247.1	n/a	147.7	214.5	1.33	132.0
489.488	0.166	fixation	n/a	152.6	218.4	1275.0	n/a	n/a	n/a	n/a
489.656	0.016	saccade	n/a	152.4	217.8	n/a	115.3	212.8	1.45	126.0
489.674	0.178	fixation	n/a	113.8	214.7	1319.0	n/a	n/a	n/a	n/a
489.854	0.03	saccade	n/a	113.9	213.7	n/a	203.6	103.8	5.64	323.0
489.886	0.268	fixation	n/a	215.7	104.9	1349.0	n/a	n/a	n/a	n/a
490.156	0.022	saccade	n/a	216.2	110.0	n/a	162.9	112.0	2.1	132.0
490.18	0.178	fixation	n/a	150.6	109.1	1346.0	n/a	n/a	n/a	n/a
490.36	0.028	saccade	n/a	149.3	109.3	n/a	128.9	232.7	5.01	345.0
490.39	0.166	fixation	n/a	128.8	225.9	1364.0	n/a	n/a	n/a	n/a
490.558	0.008	saccade	n/a	127.3	223.6	n/a	119.6	211.7	0.56	69.0
490.568	0.244	fixation	n/a	124.9	215.9	1326.0	n/a	n/a	n/a	n/a
490.814	0.022	saccade	n/a	128.9	221.5	n/a	120.5	154.0	2.72	201.0
490.838	0.12	fixation	n/a	125.9	149.8	1195.0	n/a	n/a	n/a	n/a
490.96	0.022	saccade	n/a	127.5	151.5	n/a	122.7	97.1	2.19	190.0
490.984	0.364	fixation	n/a	124.9	104.6	1196.0	n/a	n/a	n/a	n/a
491.35	0.02	saccade	n/a	122.1	102.4	n/a	173.4	117.2	2.09	168.0
491.372	0.562	fixation	n/a	180.6	122.0	1230.0	n/a	n/a	n/a	n/a
491.936	0.008	saccade	n/a	185.1	126.4	n/a	197.8	124.6	0.51	63.0
491.946	0.232	fixation	n/a	199.6	125.1	1170.0	n/a	n/a	n/a	n/a
492.18	0.022	saccade	n/a	200.8	125.5	n/a	258.4	110.3	2.37	151.0
492.204	0.246	fixation	n/a	263.3	106.5	1140.0	n/a	n/a	n/a	n/a
492.452	0.02	saccade	n/a	265.0	107.5	n/a	320.0	104.9	2.21	175.0
492.474	0.392	fixation	n/a	323.5	107.1	1067.0	n/a	n/a	n/a	n/a
492.868	0.154	saccade	n/a	326.0	119.9	n/a	341.8	130.5	0.77	780.0
492.906	0.072	blink	n/a	n/a	n/a	n/a	n/a	n/a	n/a	n/a
493.024	0.074	fixation	n/a	339.2	110.5	1041.0	n/a	n/a	n/a	n/a
493.1	0.014	saccade	n/a	337.2	104.3	n/a	307.6	111.2	1.22	103.0
493.116	0.204	fixation	n/a	302.2	112.0	1039.0	n/a	n/a	n/a	n/a
493.322	0.052	saccade	n/a	300.3	113.5	n/a	179.3	136.3	4.9	128.0
493.376	0.714	fixation	n/a	185.9	136.0	1071.0	n/a	n/a	n/a	n/a
494.092	0.036	saccade	n/a	189.1	136.7	n/a	354.1	108.9	6.67	376.0
494.13	0.486	fixation	n/a	353.3	111.1	1016.0	n/a	n/a	n/a	n/a
494.618	0.012	saccade	n/a	353.8	113.9	n/a	375.1	113.9	0.86	77.0
494.632	0.242	fixation	n/a	377.5	115.2	997.0	n/a	n/a	n/a	n/a
494.876	0.014	saccade	n/a	377.7	115.1	n/a	412.0	115.6	1.38	112.0
494.892	0.204	fixation	n/a	421.7	117.5	1026.0	n/a	n/a	n/a	n/a
495.098	0.018	saccade	n/a	420.8	116.5	n/a	455.6	120.3	1.41	93.0
495.118	0.252	fixation	n/a	466.2	124.2	1043.0	n/a	n/a	n/a	n/a
495.372	0.018	saccade	n/a	464.6	126.2	n/a	503.7	125.7	1.57	106.0
495.392	0.2	fixation	n/a	512.9	126.0	1045.0	n/a	n/a	n/a	n/a
495.594	0.008	saccade	n/a	514.7	124.0	n/a	529.0	122.2	0.58	70.0
495.604	0.414	fixation	n/a	529.3	118.5	1071.0	n/a	n/a	n/a	n/a
496.02	0.004	saccade	n/a	535.0	114.8	n/a	540.8	115.8	0.24	49.0
496.026	0.242	fixation	n/a	543.0	120.8	1066.0	n/a	n/a	n/a	n/a
496.27	0.018	saccade	n/a	543.7	123.5	n/a	586.2	118.7	1.7	135.0
496.29	0.2	fixation	n/a	587.5	121.0	1046.0	n/a	n/a	n/a	n/a
496.492	0.062	saccade	n/a	589.1	121.4	n/a	144.4	180.1	17.63	475.0
496.556	0.162	fixation	n/a	150.3	181.2	1136.0	n/a	n/a	n/a	n/a
496.72	0.008	saccade	n/a	146.6	181.4	n/a	135.7	181.5	0.42	53.0
496.73	0.298	fixation	n/a	135.1	183.0	1128.0	n/a	n/a	n/a	n/a
497.03	0.022	saccade	n/a	139.3	187.3	n/a	208.2	182.9	2.71	164.0
497.054	0.348	fixation	n/a	222.4	183.5	1071.0	n/a	n/a	n/a	n/a
497.404	0.02	saccade	n/a	224.1	185.7	n/a	265.0	178.4	1.65	129.0
497.426	0.162	fixation	n/a	286.4	167.6	1066.0	n/a	n/a	n/a	n/a
497.59	0.016	saccade	n/a	285.6	166.9	n/a	248.3	171.8	1.5	126.0
497.608	0.342	fixation	n/a	242.4	172.8	1133.0	n/a	n/a	n/a	n/a
497.952	0.018	saccade	n/a	239.0	170.3	n/a	289.5	157.7	2.08	168.0
497.972	0.836	fixation	n/a	296.3	159.5	1155.0	n/a	n/a	n/a	n/a
498.81	0.018	saccade	n/a	295.4	158.9	n/a	339.1	152.3	1.77	125.0
498.83	0.34	fixation	n/a	345.2	157.3	1105.0	n/a	n/a	n/a	n/a
499.172	0.016	saccade	n/a	342.9	160.9	n/a	380.5	157.0	1.52	133.0
499.19	0.236	fixation	n/a	386.9	157.6	1061.0	n/a	n/a	n/a	n/a
499.428	0.01	saccade	n/a	390.3	158.6	n/a	406.6	157.1	0.66	71.0
499.44	0.148	fixation	n/a	407.1	157.3	1042.0	n/a	n/a	n/a	n/a
499.59	0.022	saccade	n/a	404.9	158.1	n/a	463.6	162.1	2.37	156.0
499.614	0.192	fixation	n/a	475.5	162.0	1021.0	n/a	n/a	n/a	n/a
499.808	0.016	saccade	n/a	477.2	161.7	n/a	512.2	163.5	1.4	125.0
499.826	0.376	fixation	n/a	520.4	167.2	965.0	n/a	n/a	n/a	n/a
500.204	0.02	saccade	n/a	519.0	171.6	n/a	575.2	166.2	2.25	160.0
500.226	0.22	fixation	n/a	577.1	169.5	903.0	n/a	n/a	n/a	n/a
500.448	0.062	saccade	n/a	577.8	171.1	n/a	144.9	237.3	17.22	439.0
500.512	0.38	fixation	n/a	144.0	238.4	922.0	n/a	n/a	n/a	n/a
500.894	0.064	saccade	n/a	138.1	240.2	n/a	569.6	173.2	17.13	399.0
500.96	0.258	fixation	n/a	565.8	174.3	872.0	n/a	n/a	n/a	n/a
501.14	0.0	trigger_11	11	n/a	n/a	n/a	n/a	n/a	n/a	n/a
501.15	0.0	trigger_10	10	n/a	n/a	n/a	n/a	n/a	n/a	n/a
501.22	0.058	saccade	n/a	564.4	175.2	n/a	239.2	152.7	12.96	371.0
501.28	0.208	fixation	n/a	239.3	151.0	912.0	n/a	n/a	n/a	n/a
501.49	0.02	saccade	n/a	235.2	150.6	n/a	294.6	133.7	2.46	174.0
501.512	0.128	fixation	n/a	311.1	127.4	953.0	n/a	n/a	n/a	n/a
501.642	0.034	saccade	n/a	312.3	127.6	n/a	391.6	117.8	3.22	185.0
501.678	0.178	fixation	n/a	391.7	115.7	991.0	n/a	n/a	n/a	n/a
501.858	0.028	saccade	n/a	392.5	113.6	n/a	492.9	126.9	4.08	245.0
501.888	0.194	fixation	n/a	516.8	126.2	985.0	n/a	n/a	n/a	n/a
502.084	0.008	saccade	n/a	521.5	128.8	n/a	533.6	127.7	0.49	60.0
502.094	0.32	fixation	n/a	532.8	128.6	975.0	n/a	n/a	n/a	n/a
502.416	0.036	saccade	n/a	535.2	128.0	n/a	367.4	108.8	6.78	315.0
502.454	0.288	fixation	n/a	361.6	113.5	940.0	n/a	n/a	n/a	n/a
502.744	0.05	saccade	n/a	363.2	112.8	n/a	145.5	135.5	8.69	355.0
502.796	0.138	fixation	n/a	149.4	136.6	966.0	n/a	n/a	n/a	n/a
502.936	0.016	saccade	n/a	144.1	132.9	n/a	125.7	107.4	1.25	95.0
502.954	0.16	fixation	n/a	131.1	115.3	990.0	n/a	n/a	n/a	n/a
503.116	0.018	saccade	n/a	131.0	114.7	n/a	174.3	128.9	1.79	141.0
503.136	0.258	fixation	n/a	177.0	131.8	1020.0	n/a	n/a	n/a	n/a
503.396	0.02	saccade	n/a	175.2	130.8	n/a	127.1	109.2	2.07	145.0
503.418	0.344	fixation	n/a	126.4	107.5	993.0	n/a	n/a	n/a	n/a
503.764	0.022	saccade	n/a	123.4	106.0	n/a	201.2	129.1	3.19	245.0
503.788	0.196	fixation	n/a	208.4	131.1	958.0	n/a	n/a	n/a	n/a
503.986	0.006	saccade	n/a	207.1	132.5	n/a	197.8	130.3	0.38	56.0
503.994	0.22	fixation	n/a	197.2	132.8	949.0	n/a	n/a	n/a	n/a
504.216	0.024	saccade	n/a	194.8	133.8	n/a	255.8	117.6	2.51	150.0
504.242	0.326	fixation	n/a	281.7	114.1	964.0	n/a	n/a	n/a	n/a
504.57	0.018	saccade	n/a	284.9	118.6	n/a	329.5	114.2	1.8	123.0
504.59	0.2	fixation	n/a	340.0	116.6	943.0	n/a	n/a	n/a	n/a
504.792	0.014	saccade	n/a	340.2	117.7	n/a	363.2	119.4	0.93	67.0
504.808	0.306	fixation	n/a	362.8	119.8	896.0	n/a	n/a	n/a	n/a
505.116	0.03	saccade	n/a	362.6	122.5	n/a	444.3	127.5	3.3	154.0
505.148	0.46	fixation	n/a	445.1	126.5	862.0	n/a	n/a	n/a	n/a
505.61	0.022	saccade	n/a	444.9	124.5	n/a	509.5	130.6	2.61	148.0
505.634	0.234	fixation	n/a	527.4	127.2	875.0	n/a	n/a	n/a	n/a
505.87	0.014	saccade	n/a	528.9	126.6	n/a	560.1	125.3	1.25	109.0
505.886	0.282	fixation	n/a	559.1	124.4	864.0	n/a	n/a	n/a	n/a
506.17	0.012	saccade	n/a	561.3	121.5	n/a	589.5	122.4	1.12	105.0
506.184	0.2	fixation	n/a	595.2	122.8	826.0	n/a	n/a	n/a	n/a
506.386	0.062	saccade	n/a	596.4	122.6	n/a	187.5	182.9	16.31	419.0
506.45	0.122	fixation	n/a	189.4	182.8	905.0	n/a	n/a	n/a	n/a
506.574	0.016	saccade	n/a	185.3	181.2	n/a	146.4	183.7	1.53	136.0
506.592	0.522	fixation	n/a	134.9	186.6	972.0	n/a	n/a	n/a	n/a
507.116	0.018	saccade	n/a	136.0	185.9	n/a	174.0	189.6	1.49	124.0
507.136	0.22	fixation	n/a	190.3	191.7	971.0	n/a	n/a	n/a	n/a
507.358	0.012	saccade	n/a	193.1	191.8	n/a	215.9	187.0	0.92	84.0
507.372	0.286	fixation	n/a	219.8	187.4	991.0	n/a	n/a	n/a	n/a
507.66	0.014	saccade	n/a	222.9	189.3	n/a	249.6	182.6	1.1	89.0
507.676	0.164	fixation	n/a	261.5	178.7	989.0	n/a	n/a	n/a	n/a
507.842	0.028	saccade	n/a	262.1	176.6	n/a	331.0	163.7	2.81	133.0
507.872	0.126	fixation	n/a	330.8	162.4	982.0	n/a	n/a	n/a	n/a
508.0	0.018	saccade	n/a	330.5	161.1	n/a	379.1	156.1	1.97	155.0
508.02	0.282	fixation	n/a	383.6	157.4	965.0	n/a	n/a	n/a	n/a
508.304	0.01	saccade	n/a	383.9	162.0	n/a	366.3	165.3	0.72	75.0
508.316	0.222	fixation	n/a	360.5	166.4	926.0	n/a	n/a	n/a	n/a
508.54	0.016	saccade	n/a	360.3	165.7	n/a	401.3	166.3	1.65	132.0
508.558	0.246	fixation	n/a	402.3	166.4	937.0	n/a	n/a	n/a	n/a
508.806	0.024	saccade	n/a	401.0	164.2	n/a	468.1	167.2	2.7	170.0
508.832	0.246	fixation	n/a	473.0	165.9	955.0	n/a	n/a	n/a	n/a
509.08	0.016	saccade	n/a	472.0	170.4	n/a	457.1	176.6	0.65	64.0
509.098	0.196	fixation	n/a	455.2	175.9	926.0	n/a	n/a	n/a	n/a
509.296	0.012	saccade	n/a	457.1	174.6	n/a	478.2	175.2	0.85	79.0
509.31	0.306	fixation	n/a	479.1	175.4	873.0	n/a	n/a	n/a	n/a
509.618	0.018	saccade	n/a	477.8	177.5	n/a	528.9	175.3	2.05	148.0
509.638	0.246	fixation	n/a	537.6	172.6	892.0	n/a	n/a	n/a	n/a
509.886	0.01	saccade	n/a	538.1	170.9	n/a	557.0	171.7	0.75	81.0
509.898	0.132	fixation	n/a	555.6	170.2	922.0	n/a	n/a	n/a	n/a
510.032	0.068	saccade	n/a	553.6	169.3	n/a	152.9	220.1	15.94	441.0
510.102	0.35	fixation	n/a	149.2	222.5	979.0	n/a	n/a	n/a	n/a
510.454	0.024	saccade	n/a	148.7	228.2	n/a	226.3	224.0	3.05	201.0
510.48	0.512	fixation	n/a	234.5	226.3	989.0	n/a	n/a	n/a	n/a
510.994	0.012	saccade	n/a	227.7	231.5	n/a	253.7	229.0	1.03	100.0
511.008	0.284	fixation	n/a	261.4	231.2	975.0	n/a	n/a	n/a	n/a
511.294	0.022	saccade	n/a	262.9	232.4	n/a	324.5	229.4	2.46	169.0
511.318	0.244	fixation	n/a	335.0	229.7	925.0	n/a	n/a	n/a	n/a
511.564	0.018	saccade	n/a	333.9	230.4	n/a	383.7	222.1	2.02	162.0
511.584	0.216	fixation	n/a	387.6	222.5	924.0	n/a	n/a	n/a	n/a
511.802	0.014	saccade	n/a	388.1	223.3	n/a	416.4	222.8	1.14	108.0
511.818	0.378	fixation	n/a	424.4	224.1	883.0	n/a	n/a	n/a	n/a
512.198	0.028	saccade	n/a	428.2	228.8	n/a	503.9	225.3	3.04	140.0
512.228	0.15	fixation	n/a	522.4	231.1	826.0	n/a	n/a	n/a	n/a
512.38	0.01	saccade	n/a	518.9	233.5	n/a	502.0	229.3	0.7	76.0
512.392	0.296	fixation	n/a	498.1	233.5	807.0	n/a	n/a	n/a	n/a
512.69	0.016	saccade	n/a	493.6	232.5	n/a	525.5	233.3	1.27	107.0
512.708	0.132	fixation	n/a	527.1	233.2	789.0	n/a	n/a	n/a	n/a
512.842	0.058	saccade	n/a	526.3	233.0	n/a	159.2	287.8	14.62	397.0
512.902	0.138	fixation	n/a	162.2	291.5	826.0	n/a	n/a	n/a	n/a
513.042	0.01	saccade	n/a	159.8	290.1	n/a	144.8	290.8	0.58	60.0
513.054	0.202	fixation	n/a	142.1	290.5	846.0	n/a	n/a	n/a	n/a
513.258	0.02	saccade	n/a	140.4	290.6	n/a	185.8	285.7	1.78	114.0
513.28	0.236	fixation	n/a	201.7	288.8	807.0	n/a	n/a	n/a	n/a
513.518	0.116	saccade	n/a	207.9	294.3	n/a	216.3	315.5	0.91	768.0
513.554	0.04	blink	n/a	n/a	n/a	n/a	n/a	n/a	n/a	n/a
513.636	0.268	fixation	n/a	218.2	297.7	697.0	n/a	n/a	n/a	n/a
513.906	0.014	saccade	n/a	215.7	293.0	n/a	191.9	296.6	0.94	73.0
513.922	0.13	fixation	n/a	187.1	296.1	691.0	n/a	n/a	n/a	n/a
514.054	0.026	saccade	n/a	186.6	294.4	n/a	270.1	288.1	3.3	194.0
514.082	0.236	fixation	n/a	275.2	287.1	755.0	n/a	n/a	n/a	n/a
514.32	0.028	saccade	n/a	274.9	282.6	n/a	364.4	284.1	3.57	189.0
514.35	0.492	fixation	n/a	367.0	286.0	789.0	n/a	n/a	n/a	n/a
514.844	0.014	saccade	n/a	370.6	289.4	n/a	398.3	288.7	1.11	98.0
514.86	0.194	fixation	n/a	406.4	289.7	725.0	n/a	n/a	n/a	n/a
515.056	0.008	saccade	n/a	408.1	288.5	n/a	418.6	289.2	0.42	51.0
515.066	0.316	fixation	n/a	424.2	286.2	790.0	n/a	n/a	n/a	n/a
515.384	0.018	saccade	n/a	420.9	282.4	n/a	465.2	281.8	1.77	140.0
515.404	0.432	fixation	n/a	471.9	282.4	815.0	n/a	n/a	n/a	n/a
515.838	0.022	saccade	n/a	472.2	281.1	n/a	536.1	281.2	2.54	148.0
515.862	0.198	fixation	n/a	539.5	282.6	834.0	n/a	n/a	n/a	n/a
516.062	0.014	saccade	n/a	538.9	283.0	n/a	570.1	284.0	1.23	98.0
516.078	0.15	fixation	n/a	575.3	286.2	830.0	n/a	n/a	n/a	n/a
516.23	0.016	saccade	n/a	574.3	286.7	n/a	547.7	280.6	1.08	81.0
516.248	0.268	fixation	n/a	542.4	280.3	835.0	n/a	n/a	n/a	n/a
516.518	0.02	saccade	n/a	543.6	278.9	n/a	593.8	283.4	1.98	134.0
516.54	0.16	fixation	n/a	599.4	282.5	843.0	n/a	n/a	n/a	n/a
516.702	0.062	saccade	n/a	598.6	282.5	n/a	180.5	334.8	16.46	428.0
516.766	0.13	fixation	n/a	186.8	332.1	908.0	n/a	n/a	n/a	n/a
516.898	0.018	saccade	n/a	189.4	333.7	n/a	146.2	337.3	1.68	128.0
516.918	0.274	fixation	n/a	147.7	340.8	918.0	n/a	n/a	n/a	n/a
517.194	0.014	saccade	n/a	149.0	344.3	n/a	181.5	337.0	1.29	116.0
517.21	0.252	fixation	n/a	192.5	339.8	839.0	n/a	n/a	n/a	n/a
517.464	0.03	saccade	n/a	193.8	341.1	n/a	256.2	337.6	2.45	110.0
517.496	0.224	fixation	n/a	256.2	334.6	826.0	n/a	n/a	n/a	n/a
517.722	0.012	saccade	n/a	257.4	332.7	n/a	282.6	336.4	1.0	96.0
517.736	0.19	fixation	n/a	287.5	331.5	860.0	n/a	n/a	n/a	n/a
517.928	0.016	saccade	n/a	285.8	330.5	n/a	251.7	331.1	1.35	100.0
517.946	0.15	fixation	n/a	244.0	330.5	881.0	n/a	n/a	n/a	n/a
518.098	0.03	saccade	n/a	240.6	328.4	n/a	337.0	325.7	3.81	207.0
518.13	0.3	fixation	n/a	333.6	324.6	894.0	n/a	n/a	n/a	n/a
518.432	0.02	saccade	n/a	330.3	320.3	n/a	387.0	323.6	2.26	161.0
518.454	0.238	fixation	n/a	394.2	325.3	889.0	n/a	n/a	n/a	n/a
518.694	0.026	saccade	n/a	394.8	326.0	n/a	470.5	327.5	3.01	170.0
518.722	0.138	fixation	n/a	484.3	329.9	863.0	n/a	n/a	n/a	n/a
518.862	0.02	saccade	n/a	484.0	329.2	n/a	433.3	327.1	2.02	126.0
518.884	0.072	fixation	n/a	415.3	327.2	867.0	n/a	n/a	n/a	n/a
518.958	0.02	saccade	n/a	413.8	326.1	n/a	370.5	330.6	1.73	135.0
518.98	0.184	fixation	n/a	372.5	330.9	865.0	n/a	n/a	n/a	n/a
519.166	0.028	saccade	n/a	371.6	332.4	n/a	458.9	331.7	3.47	155.0
519.196	0.226	fixation	n/a	471.8	336.2	852.0	n/a	n/a	n/a	n/a
519.424	0.026	saccade	n/a	470.1	337.3	n/a	541.5	332.8	2.83	156.0
519.452	0.264	fixation	n/a	564.1	334.9	821.0	n/a	n/a	n/a	n/a
519.718	0.06	saccade	n/a	565.1	335.5	n/a	152.4	403.4	16.21	400.0
519.78	0.368	fixation	n/a	150.2	404.0	806.0	n/a	n/a	n/a	n/a
520.15	0.02	saccade	n/a	144.4	405.1	n/a	197.9	398.8	2.08	170.0
520.172	0.266	fixation	n/a	210.9	396.3	798.0	n/a	n/a	n/a	n/a
520.44	0.04	saccade	n/a	212.2	397.3	n/a	300.3	393.8	3.44	127.0
520.482	0.28	fixation	n/a	296.5	394.3	756.0	n/a	n/a	n/a	n/a
520.764	0.018	saccade	n/a	293.2	398.0	n/a	337.7	397.6	1.75	112.0
520.784	0.162	fixation	n/a	355.3	398.6	702.0	n/a	n/a	n/a	n/a
520.948	0.02	saccade	n/a	359.7	398.5	n/a	406.5	394.9	1.85	140.0
520.97	0.228	fixation	n/a	421.4	401.8	672.0	n/a	n/a	n/a	n/a
521.2	0.024	saccade	n/a	421.7	402.7	n/a	498.2	401.2	3.01	183.0
521.226	0.326	fixation	n/a	508.7	404.5	628.0	n/a	n/a	n/a	n/a
521.554	0.022	saccade	n/a	508.1	405.9	n/a	563.1	409.2	2.15	131.0
521.578	0.218	fixation	n/a	583.3	412.7	573.0	n/a	n/a	n/a	n/a
521.798	0.008	saccade	n/a	585.2	413.9	n/a	598.7	414.3	0.52	63.0
521.808	0.174	fixation	n/a	605.7	417.1	529.0	n/a	n/a	n/a	n/a
521.984	0.06	saccade	n/a	606.9	415.9	n/a	199.8	475.8	15.82	388.0
522.046	0.134	fixation	n/a	195.9	472.6	548.0	n/a	n/a	n/a	n/a
522.182	0.014	saccade	n/a	191.1	470.7	n/a	168.3	470.4	0.87	68.0
522.198	0.21	fixation	n/a	163.7	468.5	601.0	n/a	n/a	n/a	n/a
522.41	0.04	saccade	n/a	164.6	465.7	n/a	276.0	456.4	4.29	165.0
522.452	0.314	fixation	n/a	277.1	456.4	670.0	n/a	n/a	n/a	n/a
522.768	0.012	saccade	n/a	278.4	458.1	n/a	302.5	456.4	0.94	88.0
522.782	0.522	fixation	n/a	304.7	455.4	691.0	n/a	n/a	n/a	n/a
523.306	0.022	saccade	n/a	303.2	457.7	n/a	366.6	457.5	2.47	145.0
523.33	0.558	fixation	n/a	375.5	457.3	710.0	n/a	n/a	n/a	n/a
523.61	0.0	trigger_11	11	n/a	n/a	n/a	n/a	n/a	n/a	n/a
523.614	0.0	trigger_10	10	n/a	n/a	n/a	n/a	n/a	n/a	n/a
523.89	0.018	saccade	n/a	368.8	457.7	n/a	413.8	454.5	1.76	131.0
523.91	0.336	fixation	n/a	417.5	454.8	746.0	n/a	n/a	n/a	n/a
524.248	0.034	saccade	n/a	418.3	458.0	n/a	298.0	454.7	4.69	184.0
524.284	0.298	fixation	n/a	291.3	457.5	751.0	n/a	n/a	n/a	n/a
524.584	0.03	saccade	n/a	289.3	456.7	n/a	394.7	460.8	4.11	200.0
524.616	0.258	fixation	n/a	400.4	457.8	719.0	n/a	n/a	n/a	n/a
524.876	0.012	saccade	n/a	400.7	459.9	n/a	426.7	455.8	1.03	100.0
524.89	0.272	fixation	n/a	421.6	458.2	734.0	n/a	n/a	n/a	n/a
525.164	0.06	saccade	n/a	419.3	458.5	n/a	279.9	189.0	11.99	384.0
525.226	0.154	fixation	n/a	281.5	191.3	749.0	n/a	n/a	n/a	n/a
525.382	0.024	saccade	n/a	281.5	191.9	n/a	212.2	119.5	4.03	284.0
525.408	0.148	fixation	n/a	209.4	107.8	789.0	n/a	n/a	n/a	n/a
525.558	0.018	saccade	n/a	208.6	111.8	n/a	155.5	116.9	2.1	161.0
525.578	0.396	fixation	n/a	141.7	112.7	860.0	n/a	n/a	n/a	n/a
525.976	0.022	saccade	n/a	140.3	111.4	n/a	203.2	117.6	2.48	180.0
526.0	0.17	fixation	n/a	207.7	114.0	891.0	n/a	n/a	n/a	n/a
526.172	0.016	saccade	n/a	206.1	112.4	n/a	245.9	102.6	1.63	132.0
526.19	0.332	fixation	n/a	251.1	100.8	919.0	n/a	n/a	n/a	n/a
526.524	0.022	saccade	n/a	251.5	103.2	n/a	316.0	114.6	2.62	217.0
526.548	0.228	fixation	n/a	312.1	115.6	976.0	n/a	n/a	n/a	n/a
526.778	0.03	saccade	n/a	311.9	114.1	n/a	394.8	109.5	3.34	179.0
526.81	0.496	fixation	n/a	382.6	109.2	1019.0	n/a	n/a	n/a	n/a
527.308	0.02	saccade	n/a	375.3	110.7	n/a	439.3	113.8	2.58	194.0
527.33	0.29	fixation	n/a	450.2	120.1	976.0	n/a	n/a	n/a	n/a
527.622	0.02	saccade	n/a	452.0	122.3	n/a	507.1	123.6	2.21	171.0
527.644	0.196	fixation	n/a	528.3	124.9	952.0	n/a	n/a	n/a	n/a
527.842	0.016	saccade	n/a	530.3	127.7	n/a	575.2	123.3	1.8	146.0
527.86	0.176	fixation	n/a	580.0	122.7	957.0	n/a	n/a	n/a	n/a
528.038	0.016	saccade	n/a	577.7	121.5	n/a	618.4	119.3	1.61	132.0
528.056	0.186	fixation	n/a	616.8	118.9	988.0	n/a	n/a	n/a	n/a
528.244	0.078	saccade	n/a	616.6	120.0	n/a	176.1	182.1	17.49	439.0
528.324	0.134	fixation	n/a	167.1	185.4	1048.0	n/a	n/a	n/a	n/a
528.46	0.014	saccade	n/a	163.6	183.4	n/a	138.0	184.5	1.0	85.0
528.476	0.23	fixation	n/a	143.1	184.2	1064.0	n/a	n/a	n/a	n/a
528.708	0.022	saccade	n/a	142.5	184.4	n/a	208.6	183.4	2.59	191.0
528.732	0.312	fixation	n/a	222.6	187.1	1041.0	n/a	n/a	n/a	n/a
529.046	0.024	saccade	n/a	222.8	190.4	n/a	140.4	184.8	3.25	225.0
529.072	0.258	fixation	n/a	138.5	185.8	1047.0	n/a	n/a	n/a	n/a
529.332	0.022	saccade	n/a	137.0	183.6	n/a	226.5	185.0	3.52	248.0
529.356	0.104	fixation	n/a	242.8	179.3	1060.0	n/a	n/a	n/a	n/a
529.462	0.056	saccade	n/a	241.4	178.3	n/a	601.3	121.6	14.44	379.0
529.52	0.168	fixation	n/a	594.7	118.5	1053.0	n/a	n/a	n/a	n/a
529.69	0.012	saccade	n/a	593.5	113.1	n/a	616.0	107.1	0.92	77.0
529.704	0.172	fixation	n/a	613.3	108.9	1015.0	n/a	n/a	n/a	n/a
529.878	0.068	saccade	n/a	616.1	112.0	n/a	169.4	185.6	17.8	474.0
529.948	0.148	fixation	n/a	169.6	187.8	1005.0	n/a	n/a	n/a	n/a
530.098	0.016	saccade	n/a	165.3	188.0	n/a	132.2	180.8	1.32	95.0
530.116	0.236	fixation	n/a	128.3	181.3	1046.0	n/a	n/a	n/a	n/a
530.354	0.022	saccade	n/a	127.7	181.4	n/a	190.8	180.5	2.47	145.0
530.378	0.196	fixation	n/a	205.4	180.8	1020.0	n/a	n/a	n/a	n/a
530.576	0.014	saccade	n/a	207.7	178.6	n/a	240.9	174.1	1.33	112.0
530.592	0.318	fixation	n/a	245.5	172.8	1031.0	n/a	n/a	n/a	n/a
530.912	0.006	saccade	n/a	247.5	170.9	n/a	258.9	169.6	0.46	65.0
530.92	0.208	fixation	n/a	256.6	168.8	1038.0	n/a	n/a	n/a	n/a
530.934	0.0	trigger_11	11	n/a	n/a	n/a	n/a	n/a	n/a	n/a
530.936	0.0	trigger_20	20	n/a	n/a	n/a	n/a	n/a	n/a	n/a
531.13	0.024	saccade	n/a	258.6	171.8	n/a	175.5	129.9	3.7	288.0
531.156	0.21	fixation	n/a	167.1	129.0	1014.0	n/a	n/a	n/a	n/a
531.368	0.022	saccade	n/a	169.0	129.0	n/a	222.1	97.8	2.45	168.0
531.392	0.264	fixation	n/a	237.0	95.1	1032.0	n/a	n/a	n/a	n/a
531.658	0.024	saccade	n/a	234.7	91.6	n/a	304.8	93.9	2.81	171.0
531.684	0.294	fixation	n/a	314.9	100.9	1072.0	n/a	n/a	n/a	n/a
531.98	0.04	saccade	n/a	312.6	100.4	n/a	446.5	100.0	5.39	220.0
532.022	0.152	fixation	n/a	444.2	98.5	1092.0	n/a	n/a	n/a	n/a
532.176	0.02	saccade	n/a	444.4	102.0	n/a	390.9	92.5	2.19	180.0
532.198	0.516	fixation	n/a	382.6	98.3	1072.0	n/a	n/a	n/a	n/a
532.716	0.048	saccade	n/a	372.6	103.2	n/a	142.0	105.5	9.15	503.0
532.766	0.252	fixation	n/a	147.2	116.5	1048.0	n/a	n/a	n/a	n/a
533.02	0.008	saccade	n/a	142.4	120.1	n/a	127.4	114.6	0.63	75.0
533.03	0.274	fixation	n/a	128.0	114.4	1070.0	n/a	n/a	n/a	n/a
533.306	0.036	saccade	n/a	127.4	112.9	n/a	237.0	173.2	4.95	233.0
533.344	0.116	fixation	n/a	239.1	167.8	1092.0	n/a	n/a	n/a	n/a
