onset	duration	trial_type	value	gaze_x	gaze_y	pupil_size	sacc_endx	sacc_endy	sacc_amplitude	sacc_peakvel
2.014	0.09	fixation	n/a	424.2	255.4	778.0	n/a	n/a	n/a	n/a
2.046	0.0	trigger_101	101	n/a	n/a	n/a	n/a	n/a	n/a	n/a
2.05	0.0	trigger_19	19	n/a	n/a	n/a	n/a	n/a	n/a	n/a
2.056	0.0	trigger_12	12	n/a	n/a	n/a	n/a	n/a	n/a	n/a
2.106	0.028	saccade	n/a	424.7	256.5	n/a	396.7	294.3	1.89	245.0
2.136	0.7	fixation	n/a	392.6	298.8	653.0	n/a	n/a	n/a	n/a
2.838	0.026	saccade	n/a	394.5	303.2	n/a	323.0	312.0	2.87	180.0
2.866	0.286	fixation	n/a	331.1	313.0	529.0	n/a	n/a	n/a	n/a
3.154	0.034	saccade	n/a	333.2	312.1	n/a	405.1	309.1	2.87	115.0
3.19	0.234	fixation	n/a	402.8	305.2	511.0	n/a	n/a	n/a	n/a
3.426	0.082	saccade	n/a	401.9	306.9	n/a	42.6	304.2	13.9	309.0
3.51	0.178	fixation	n/a	19.2	290.3	484.0	n/a	n/a	n/a	n/a
3.69	0.092	saccade	n/a	17.9	287.3	n/a	-517.7	445.1	18.09	390.0
3.784	0.052	fixation	n/a	-503.4	434.4	536.0	n/a	n/a	n/a	n/a
3.838	0.014	saccade	n/a	-492.0	427.9	n/a	-507.5	447.9	0.8	112.0
3.854	0.316	fixation	n/a	-467.5	446.5	557.0	n/a	n/a	n/a	n/a
4.172	0.112	saccade	n/a	-420.4	454.1	n/a	393.5	210.7	29.29	852.0
4.286	0.13	fixation	n/a	391.1	165.3	646.0	n/a	n/a	n/a	n/a
4.418	0.042	saccade	n/a	387.4	157.4	n/a	329.4	85.5	3.75	414.0
4.462	0.104	fixation	n/a	318.0	78.9	644.0	n/a	n/a	n/a	n/a
4.568	0.048	saccade	n/a	315.3	77.3	n/a	194.9	74.8	4.8	429.0
4.618	0.184	fixation	n/a	181.6	77.0	667.0	n/a	n/a	n/a	n/a
4.804	0.046	saccade	n/a	181.2	77.9	n/a	427.9	87.2	9.84	383.0
4.852	0.256	fixation	n/a	423.2	88.0	637.0	n/a	n/a	n/a	n/a
5.11	0.022	saccade	n/a	424.1	89.5	n/a	500.6	85.3	3.08	210.0
5.134	0.132	fixation	n/a	508.5	86.3	622.0	n/a	n/a	n/a	n/a
5.268	0.06	saccade	n/a	509.6	86.4	n/a	244.5	78.2	10.59	461.0
5.33	0.134	fixation	n/a	227.6	81.0	667.0	n/a	n/a	n/a	n/a
5.466	0.024	saccade	n/a	229.5	82.2	n/a	138.0	81.6	3.6	307.0
5.492	0.216	fixation	n/a	148.8	81.9	694.0	n/a	n/a	n/a	n/a
5.56	0.0	trigger_13	13	n/a	n/a	n/a	n/a	n/a	n/a	n/a
5.71	0.038	saccade	n/a	148.1	82.4	n/a	295.8	83.7	5.84	360.0
5.75	0.22	fixation	n/a	286.8	83.5	702.0	n/a	n/a	n/a	n/a
5.972	0.024	saccade	n/a	287.4	84.6	n/a	390.1	97.0	4.16	301.0
5.998	0.166	fixation	n/a	396.2	97.8	673.0	n/a	n/a	n/a	n/a
6.166	0.038	saccade	n/a	395.6	96.9	n/a	492.4	91.9	3.9	238.0
6.206	0.282	fixation	n/a	484.3	92.9	625.0	n/a	n/a	n/a	n/a
6.49	0.02	saccade	n/a	484.4	94.6	n/a	424.6	99.9	2.42	201.0
6.512	0.33	fixation	n/a	436.1	98.4	661.0	n/a	n/a	n/a	n/a
6.844	0.022	saccade	n/a	436.6	98.4	n/a	507.2	95.2	2.84	220.0
6.868	0.174	fixation	n/a	515.7	94.3	662.0	n/a	n/a	n/a	n/a
7.044	0.062	saccade	n/a	516.3	94.0	n/a	248.2	83.6	10.71	434.0
7.108	0.75	fixation	n/a	239.9	83.6	662.0	n/a	n/a	n/a	n/a
7.86	0.02	saccade	n/a	238.1	82.5	n/a	198.1	81.7	1.59	122.0
7.882	0.104	fixation	n/a	208.2	80.7	648.0	n/a	n/a	n/a	n/a
7.912	0.0	trigger_15	15	n/a	n/a	n/a	n/a	n/a	n/a	n/a
7.916	0.0	trigger_10	10	n/a	n/a	n/a	n/a	n/a	n/a	n/a
7.988	0.054	saccade	n/a	207.7	80.9	n/a	496.0	96.4	11.5	381.0
8.044	0.218	fixation	n/a	488.1	93.7	627.0	n/a	n/a	n/a	n/a
8.264	0.054	saccade	n/a	489.9	95.7	n/a	310.7	175.4	7.9	413.0
8.32	0.13	fixation	n/a	298.4	184.0	741.0	n/a	n/a	n/a	n/a
8.452	0.022	saccade	n/a	298.3	186.1	n/a	367.9	212.5	2.99	223.0
8.476	0.148	fixation	n/a	363.6	209.0	773.0	n/a	n/a	n/a	n/a
8.626	0.026	saccade	n/a	363.9	210.2	n/a	284.8	206.5	3.17	253.0
8.654	0.212	fixation	n/a	296.6	206.1	744.0	n/a	n/a	n/a	n/a
8.868	0.016	saccade	n/a	296.5	205.9	n/a	272.8	205.3	0.95	101.0
8.886	0.408	fixation	n/a	278.9	205.5	719.0	n/a	n/a	n/a	n/a
9.296	0.04	saccade	n/a	277.9	206.3	n/a	404.0	205.6	5.04	212.0
9.338	0.144	fixation	n/a	398.0	209.1	741.0	n/a	n/a	n/a	n/a
9.472	0.0	trigger_11	11	n/a	n/a	n/a	n/a	n/a	n/a	n/a
9.48	0.0	trigger_10	10	n/a	n/a	n/a	n/a	n/a	n/a	n/a
9.484	0.04	saccade	n/a	398.4	209.0	n/a	292.1	209.5	4.26	335.0
9.526	0.286	fixation	n/a	285.1	208.6	732.0	n/a	n/a	n/a	n/a
9.814	0.014	saccade	n/a	283.5	210.3	n/a	271.8	209.6	0.47	63.0
9.83	0.288	fixation	n/a	275.6	209.5	740.0	n/a	n/a	n/a	n/a
10.12	0.028	saccade	n/a	277.1	209.3	n/a	248.1	101.6	4.52	272.0
10.15	0.16	fixation	n/a	257.7	88.1	621.0	n/a	n/a	n/a	n/a
10.312	0.024	saccade	n/a	258.8	82.7	n/a	171.2	85.9	3.46	259.0
10.338	0.344	fixation	n/a	170.7	82.3	637.0	n/a	n/a	n/a	n/a
10.684	0.022	saccade	n/a	170.5	82.9	n/a	261.0	84.9	3.58	250.0
10.708	0.222	fixation	n/a	262.0	84.0	664.0	n/a	n/a	n/a	n/a
10.932	0.022	saccade	n/a	262.2	86.0	n/a	187.6	87.8	2.96	236.0
10.956	0.274	fixation	n/a	194.8	86.8	702.0	n/a	n/a	n/a	n/a
11.232	0.02	saccade	n/a	197.3	85.2	n/a	265.4	85.0	2.71	212.0
11.254	0.216	fixation	n/a	274.1	83.0	656.0	n/a	n/a	n/a	n/a
11.472	0.018	saccade	n/a	273.4	83.4	n/a	314.8	86.9	1.67	137.0
11.492	0.222	fixation	n/a	306.1	84.9	644.0	n/a	n/a	n/a	n/a
11.716	0.04	saccade	n/a	306.7	84.5	n/a	158.6	80.1	5.88	223.0
11.758	0.256	fixation	n/a	170.6	77.2	660.0	n/a	n/a	n/a	n/a
12.016	0.044	saccade	n/a	175.0	77.4	n/a	377.1	91.5	8.07	284.0
12.062	0.154	fixation	n/a	369.5	89.6	650.0	n/a	n/a	n/a	n/a
12.218	0.04	saccade	n/a	367.8	89.7	n/a	474.8	85.8	4.31	222.0
12.26	0.14	fixation	n/a	470.7	84.8	625.0	n/a	n/a	n/a	n/a
12.402	0.024	saccade	n/a	470.3	83.4	n/a	536.2	79.0	2.64	185.0
12.428	0.158	fixation	n/a	541.6	78.5	607.0	n/a	n/a	n/a	n/a
12.588	0.058	saccade	n/a	540.7	78.8	n/a	148.9	117.2	15.53	446.0
12.648	0.218	fixation	n/a	157.5	116.8	618.0	n/a	n/a	n/a	n/a
12.868	0.044	saccade	n/a	158.8	116.9	n/a	355.2	136.1	7.85	318.0
12.914	0.182	fixation	n/a	347.9	135.8	633.0	n/a	n/a	n/a	n/a
13.098	0.034	saccade	n/a	347.3	136.3	n/a	434.9	124.8	3.56	186.0
13.134	0.216	fixation	n/a	435.0	124.3	598.0	n/a	n/a	n/a	n/a
13.352	0.032	saccade	n/a	435.3	123.3	n/a	516.1	117.0	3.26	175.0
13.386	0.224	fixation	n/a	510.7	117.8	559.0	n/a	n/a	n/a	n/a
13.392	0.0	trigger_11	11	n/a	n/a	n/a	n/a	n/a	n/a	n/a
13.4	0.0	trigger_10	10	n/a	n/a	n/a	n/a	n/a	n/a	n/a
13.612	0.052	saccade	n/a	509.5	117.1	n/a	244.2	192.2	11.0	426.0
13.666	0.184	fixation	n/a	250.2	193.8	598.0	n/a	n/a	n/a	n/a
13.852	0.044	saccade	n/a	249.8	194.7	n/a	440.4	192.7	7.62	264.0
13.898	0.186	fixation	n/a	434.5	196.5	633.0	n/a	n/a	n/a	n/a
14.086	0.022	saccade	n/a	434.9	197.0	n/a	385.0	201.9	2.01	177.0
14.11	0.122	fixation	n/a	397.1	200.6	625.0	n/a	n/a	n/a	n/a
14.234	0.038	saccade	n/a	396.3	199.5	n/a	499.0	186.0	4.15	226.0
14.274	0.136	fixation	n/a	494.6	186.6	596.0	n/a	n/a	n/a	n/a
14.412	0.066	saccade	n/a	496.7	185.2	n/a	162.8	188.3	13.22	434.0
14.48	0.214	fixation	n/a	157.3	188.1	587.0	n/a	n/a	n/a	n/a
14.696	0.026	saccade	n/a	157.9	190.1	n/a	256.9	189.3	3.91	256.0
14.724	0.176	fixation	n/a	263.2	192.7	621.0	n/a	n/a	n/a	n/a
14.902	0.018	saccade	n/a	262.4	197.4	n/a	309.4	191.9	1.89	166.0
14.922	0.144	fixation	n/a	305.5	190.8	639.0	n/a	n/a	n/a	n/a
15.068	0.052	saccade	n/a	305.5	192.0	n/a	504.5	175.4	7.99	241.0
15.122	0.166	fixation	n/a	497.0	176.0	622.0	n/a	n/a	n/a	n/a
15.29	0.084	saccade	n/a	496.1	178.5	n/a	323.7	176.2	6.91	301.0
15.376	0.206	fixation	n/a	319.4	179.8	653.0	n/a	n/a	n/a	n/a
15.584	0.052	saccade	n/a	319.7	182.2	n/a	201.2	83.2	6.2	350.0
15.638	0.176	fixation	n/a	195.1	78.1	627.0	n/a	n/a	n/a	n/a
15.816	0.05	saccade	n/a	195.6	76.2	n/a	356.0	81.5	6.41	195.0
15.868	0.146	fixation	n/a	351.5	80.2	609.0	n/a	n/a	n/a	n/a
16.016	0.054	saccade	n/a	353.6	80.7	n/a	154.0	72.2	7.93	370.0
16.072	0.238	fixation	n/a	146.6	73.8	624.0	n/a	n/a	n/a	n/a
16.312	0.022	saccade	n/a	149.3	74.1	n/a	232.9	73.7	3.29	252.0
16.336	0.18	fixation	n/a	252.7	72.0	619.0	n/a	n/a	n/a	n/a
16.518	0.028	saccade	n/a	253.5	72.4	n/a	373.9	84.2	4.85	284.0
16.548	0.144	fixation	n/a	388.2	86.6	608.0	n/a	n/a	n/a	n/a
16.694	0.022	saccade	n/a	387.6	86.8	n/a	463.1	82.3	3.04	213.0
16.718	0.17	fixation	n/a	471.4	81.4	597.0	n/a	n/a	n/a	n/a
16.89	0.058	saccade	n/a	472.0	81.6	n/a	212.8	118.8	10.46	402.0
16.95	0.2	fixation	n/a	203.2	116.5	595.0	n/a	n/a	n/a	n/a
17.152	0.044	saccade	n/a	202.4	117.2	n/a	324.3	127.8	4.88	216.0
17.198	0.206	fixation	n/a	322.8	131.4	582.0	n/a	n/a	n/a	n/a
17.248	0.0	trigger_11	11	n/a	n/a	n/a	n/a	n/a	n/a	n/a
17.252	0.0	trigger_10	10	n/a	n/a	n/a	n/a	n/a	n/a	n/a
17.406	0.054	saccade	n/a	324.5	131.3	n/a	147.3	119.4	7.03	283.0
17.462	0.166	fixation	n/a	141.4	121.7	562.0	n/a	n/a	n/a	n/a
17.63	0.058	saccade	n/a	141.7	122.9	n/a	374.7	126.9	9.25	227.0
17.69	0.11	fixation	n/a	368.7	126.7	556.0	n/a	n/a	n/a	n/a
17.802	0.042	saccade	n/a	368.0	126.5	n/a	493.2	118.4	5.05	264.0
17.846	0.29	fixation	n/a	490.7	119.5	555.0	n/a	n/a	n/a	n/a
18.138	0.018	saccade	n/a	490.2	119.6	n/a	487.3	87.8	1.3	112.0
18.158	0.172	fixation	n/a	491.0	87.0	546.0	n/a	n/a	n/a	n/a
18.332	0.056	saccade	n/a	492.9	86.3	n/a	143.5	116.2	13.89	466.0
18.39	0.236	fixation	n/a	148.9	116.1	582.0	n/a	n/a	n/a	n/a
18.628	0.022	saccade	n/a	149.9	115.4	n/a	246.7	120.6	3.82	255.0
18.652	0.204	fixation	n/a	277.1	124.5	612.0	n/a	n/a	n/a	n/a
18.858	0.018	saccade	n/a	278.9	126.3	n/a	226.9	129.9	2.08	174.0
18.878	0.242	fixation	n/a	224.1	125.6	610.0	n/a	n/a	n/a	n/a
19.122	0.02	saccade	n/a	224.0	123.6	n/a	225.8	71.0	2.14	169.0
19.144	0.356	fixation	n/a	231.5	70.8	584.0	n/a	n/a	n/a	n/a
19.502	0.03	saccade	n/a	230.6	71.4	n/a	175.9	75.2	2.17	106.0
19.534	0.176	fixation	n/a	183.8	75.5	630.0	n/a	n/a	n/a	n/a
19.712	0.02	saccade	n/a	186.6	76.7	n/a	135.9	78.4	1.99	151.0
19.734	0.124	fixation	n/a	141.8	77.6	651.0	n/a	n/a	n/a	n/a
19.86	0.046	saccade	n/a	141.7	78.4	n/a	355.2	86.7	8.48	317.0
19.874	0.0	trigger_11	11	n/a	n/a	n/a	n/a	n/a	n/a	n/a
19.88	0.0	trigger_10	10	n/a	n/a	n/a	n/a	n/a	n/a	n/a
19.908	0.18	fixation	n/a	349.3	84.5	631.0	n/a	n/a	n/a	n/a
20.09	0.02	saccade	n/a	348.7	83.9	n/a	409.3	88.8	2.45	196.0
20.112	0.516	fixation	n/a	408.4	88.4	600.0	n/a	n/a	n/a	n/a
20.63	0.038	saccade	n/a	405.3	88.6	n/a	518.7	83.3	4.56	205.0
20.67	0.134	fixation	n/a	514.7	82.4	583.0	n/a	n/a	n/a	n/a
20.806	0.06	saccade	n/a	514.6	81.8	n/a	110.3	123.8	16.01	465.0
20.868	0.168	fixation	n/a	116.9	124.1	623.0	n/a	n/a	n/a	n/a
21.038	0.022	saccade	n/a	116.7	125.5	n/a	171.8	118.7	2.17	196.0
21.062	0.176	fixation	n/a	163.4	119.5	601.0	n/a	n/a	n/a	n/a
21.24	0.02	saccade	n/a	164.7	119.7	n/a	145.2	75.5	1.94	149.0
21.262	0.196	fixation	n/a	151.3	75.6	574.0	n/a	n/a	n/a	n/a
21.46	0.02	saccade	n/a	152.7	75.6	n/a	219.7	72.1	2.64	206.0
21.482	0.166	fixation	n/a	234.2	71.6	556.0	n/a	n/a	n/a	n/a
21.65	0.022	saccade	n/a	235.8	72.1	n/a	312.9	75.9	3.08	235.0
21.674	0.4	fixation	n/a	323.0	80.4	573.0	n/a	n/a	n/a	n/a
22.076	0.04	saccade	n/a	324.8	79.8	n/a	153.6	74.3	6.78	321.0
22.118	0.164	fixation	n/a	160.8	72.2	581.0	n/a	n/a	n/a	n/a
22.284	0.022	saccade	n/a	160.6	71.9	n/a	232.2	71.7	2.82	212.0
22.308	0.204	fixation	n/a	247.5	72.1	561.0	n/a	n/a	n/a	n/a
22.514	0.088	saccade	n/a	249.2	71.7	n/a	508.4	76.7	10.35	229.0
22.604	0.178	fixation	n/a	507.9	76.3	538.0	n/a	n/a	n/a	n/a
22.784	0.068	saccade	n/a	508.0	75.4	n/a	180.2	116.1	13.11	444.0
22.818	0.0	trigger_11	11	n/a	n/a	n/a	n/a	n/a	n/a	n/a
22.824	0.0	trigger_12	12	n/a	n/a	n/a	n/a	n/a	n/a	n/a
22.854	0.228	fixation	n/a	174.2	116.7	561.0	n/a	n/a	n/a	n/a
23.084	0.042	saccade	n/a	173.2	118.1	n/a	341.0	129.0	6.69	230.0
23.128	0.344	fixation	n/a	336.9	127.3	558.0	n/a	n/a	n/a	n/a
23.474	0.038	saccade	n/a	335.8	127.0	n/a	450.9	121.3	4.63	216.0
23.514	0.172	fixation	n/a	446.7	121.7	533.0	n/a	n/a	n/a	n/a
23.688	0.054	saccade	n/a	447.4	121.0	n/a	166.0	192.4	11.56	387.0
23.744	0.224	fixation	n/a	169.9	189.2	557.0	n/a	n/a	n/a	n/a
23.97	0.042	saccade	n/a	171.2	189.4	n/a	319.4	189.9	5.88	248.0
24.014	0.152	fixation	n/a	315.7	192.7	565.0	n/a	n/a	n/a	n/a
24.168	0.022	saccade	n/a	317.3	190.1	n/a	253.4	195.9	2.57	166.0
24.192	0.22	fixation	n/a	262.2	190.9	547.0	n/a	n/a	n/a	n/a
24.414	0.038	saccade	n/a	263.5	190.4	n/a	218.4	79.1	4.85	283.0
24.454	0.634	fixation	n/a	227.7	73.8	536.0	n/a	n/a	n/a	n/a
25.09	0.02	saccade	n/a	228.6	73.6	n/a	169.3	74.4	2.34	164.0
25.112	0.224	fixation	n/a	166.3	74.1	585.0	n/a	n/a	n/a	n/a
25.338	0.042	saccade	n/a	166.1	74.2	n/a	268.9	71.1	4.07	228.0
25.382	0.156	fixation	n/a	266.7	71.2	574.0	n/a	n/a	n/a	n/a
25.54	0.04	saccade	n/a	268.2	70.8	n/a	388.0	87.0	4.86	204.0
25.582	0.156	fixation	n/a	385.1	86.2	560.0	n/a	n/a	n/a	n/a
25.74	0.024	saccade	n/a	385.5	86.2	n/a	467.1	79.5	3.3	188.0
25.766	0.2	fixation	n/a	489.5	77.2	554.0	n/a	n/a	n/a	n/a
25.968	0.052	saccade	n/a	490.1	77.0	n/a	183.1	118.9	12.33	432.0
26.022	0.22	fixation	n/a	189.8	118.5	567.0	n/a	n/a	n/a	n/a
26.244	0.038	saccade	n/a	193.0	118.8	n/a	340.1	121.8	5.86	275.0
26.284	0.248	fixation	n/a	349.1	120.2	538.0	n/a	n/a	n/a	n/a
26.534	0.03	saccade	n/a	349.0	118.7	n/a	441.0	117.6	3.71	224.0
26.566	0.096	fixation	n/a	455.4	117.7	516.0	n/a	n/a	n/a	n/a
26.664	0.058	saccade	n/a	456.5	117.6	n/a	175.8	179.3	11.42	443.0
26.724	0.162	fixation	n/a	170.5	178.6	530.0	n/a	n/a	n/a	n/a
26.888	0.022	saccade	n/a	170.3	177.6	n/a	243.0	179.5	2.87	201.0
26.912	0.17	fixation	n/a	244.3	180.4	531.0	n/a	n/a	n/a	n/a
27.084	0.028	saccade	n/a	245.0	179.8	n/a	132.3	170.1	4.45	270.0
27.114	0.258	fixation	n/a	134.9	170.6	500.0	n/a	n/a	n/a	n/a
27.322	0.0	trigger_13	13	n/a	n/a	n/a	n/a	n/a	n/a	n/a
27.374	0.012	saccade	n/a	135.6	171.7	n/a	111.8	172.0	0.92	88.0
27.388	0.2	fixation	n/a	115.7	170.3	488.0	n/a	n/a	n/a	n/a
27.59	0.028	saccade	n/a	115.5	170.1	n/a	234.7	172.1	4.68	277.0
27.62	0.202	fixation	n/a	247.2	170.2	470.0	n/a	n/a	n/a	n/a
27.824	0.01	saccade	n/a	245.0	169.0	n/a	230.0	172.4	0.61	64.0
27.836	0.19	fixation	n/a	231.4	172.5	473.0	n/a	n/a	n/a	n/a
28.028	0.044	saccade	n/a	231.2	171.4	n/a	416.3	168.5	7.4	271.0
28.074	0.164	fixation	n/a	413.9	172.7	470.0	n/a	n/a	n/a	n/a
28.24	0.02	saccade	n/a	415.2	176.4	n/a	366.5	179.2	1.96	159.0
28.262	0.164	fixation	n/a	373.1	176.8	468.0	n/a	n/a	n/a	n/a
28.428	0.024	saccade	n/a	372.8	177.7	n/a	455.6	171.8	3.33	233.0
28.454	0.132	fixation	n/a	470.5	171.2	465.0	n/a	n/a	n/a	n/a
28.588	0.034	saccade	n/a	469.3	172.5	n/a	571.4	170.2	4.08	218.0
28.624	0.17	fixation	n/a	567.6	170.2	455.0	n/a	n/a	n/a	n/a
28.796	0.064	saccade	n/a	567.1	169.8	n/a	139.4	253.2	17.1	494.0
28.862	0.198	fixation	n/a	149.0	255.0	519.0	n/a	n/a	n/a	n/a
29.062	0.042	saccade	n/a	149.4	258.8	n/a	261.7	141.2	6.48	294.0
29.106	0.41	fixation	n/a	266.8	147.2	515.0	n/a	n/a	n/a	n/a
29.45	0.0	trigger_15	15	n/a	n/a	n/a	n/a	n/a	n/a	n/a
29.454	0.0	trigger_10	10	n/a	n/a	n/a	n/a	n/a	n/a	n/a
29.518	0.026	saccade	n/a	268.5	154.4	n/a	235.3	74.3	3.51	234.0
29.546	0.198	fixation	n/a	238.2	73.3	538.0	n/a	n/a	n/a	n/a
29.746	0.046	saccade	n/a	237.3	71.1	n/a	406.3	89.3	6.81	231.0
29.794	0.164	fixation	n/a	398.7	88.8	531.0	n/a	n/a	n/a	n/a
29.96	0.044	saccade	n/a	398.1	89.2	n/a	567.9	71.6	6.83	294.0
30.006	0.232	fixation	n/a	569.3	72.9	558.0	n/a	n/a	n/a	n/a
30.24	0.03	saccade	n/a	569.4	74.0	n/a	522.8	80.7	1.88	248.0
30.272	0.096	fixation	n/a	520.1	82.5	594.0	n/a	n/a	n/a	n/a
30.37	0.056	saccade	n/a	518.9	84.1	n/a	354.0	215.0	8.49	368.0
30.428	0.194	fixation	n/a	346.1	217.6	696.0	n/a	n/a	n/a	n/a
30.624	0.04	saccade	n/a	345.0	217.9	n/a	458.2	192.4	4.66	217.0
30.666	0.288	fixation	n/a	453.4	188.7	608.0	n/a	n/a	n/a	n/a
30.956	0.05	saccade	n/a	453.9	183.6	n/a	569.2	83.0	6.16	252.0
31.008	0.198	fixation	n/a	565.5	80.9	491.0	n/a	n/a	n/a	n/a
31.208	0.038	saccade	n/a	563.8	82.9	n/a	464.7	197.7	6.12	280.0
31.248	0.38	fixation	n/a	460.9	198.1	614.0	n/a	n/a	n/a	n/a
31.63	0.048	saccade	n/a	457.4	201.2	n/a	296.4	85.8	7.99	394.0
31.68	0.17	fixation	n/a	303.9	78.9	570.0	n/a	n/a	n/a	n/a
31.786	0.0	trigger_11	11	n/a	n/a	n/a	n/a	n/a	n/a	n/a
31.792	0.0	trigger_10	10	n/a	n/a	n/a	n/a	n/a	n/a	n/a
31.852	0.04	saccade	n/a	306.7	76.6	n/a	177.6	74.9	5.13	280.0
31.894	0.256	fixation	n/a	188.0	73.0	572.0	n/a	n/a	n/a	n/a
32.152	0.026	saccade	n/a	188.5	73.8	n/a	276.4	72.9	3.49	228.0
32.18	0.118	fixation	n/a	306.7	76.6	584.0	n/a	n/a	n/a	n/a
32.3	0.022	saccade	n/a	307.7	77.2	n/a	390.7	87.8	3.37	270.0
32.324	0.21	fixation	n/a	406.8	87.9	602.0	n/a	n/a	n/a	n/a
32.536	0.02	saccade	n/a	408.1	87.7	n/a	357.0	85.1	2.06	170.0
32.558	0.226	fixation	n/a	365.7	85.6	581.0	n/a	n/a	n/a	n/a
32.786	0.046	saccade	n/a	367.3	85.1	n/a	168.0	75.9	7.93	352.0
32.834	0.3	fixation	n/a	176.2	74.9	579.0	n/a	n/a	n/a	n/a
33.136	0.04	saccade	n/a	175.3	75.8	n/a	294.2	77.5	4.72	238.0
33.178	0.12	fixation	n/a	290.4	78.2	593.0	n/a	n/a	n/a	n/a
33.3	0.04	saccade	n/a	290.2	79.4	n/a	417.1	86.6	5.1	263.0
33.342	0.144	fixation	n/a	414.8	86.3	583.0	n/a	n/a	n/a	n/a
33.488	0.028	saccade	n/a	415.6	85.1	n/a	291.4	77.1	5.0	317.0
33.518	0.044	fixation	n/a	291.5	76.3	576.0	n/a	n/a	n/a	n/a
33.564	0.024	saccade	n/a	291.6	76.5	n/a	213.2	77.1	3.12	240.0
33.59	0.418	fixation	n/a	218.4	76.5	599.0	n/a	n/a	n/a	n/a
34.01	0.024	saccade	n/a	220.6	75.8	n/a	311.6	78.2	3.63	235.0
34.036	0.152	fixation	n/a	322.7	79.3	621.0	n/a	n/a	n/a	n/a
34.19	0.04	saccade	n/a	323.6	80.1	n/a	154.8	76.1	6.69	306.0
34.232	0.146	fixation	n/a	163.4	73.7	614.0	n/a	n/a	n/a	n/a
34.38	0.018	saccade	n/a	163.8	72.9	n/a	122.1	78.6	1.64	138.0
34.4	0.07	fixation	n/a	126.6	79.8	592.0	n/a	n/a	n/a	n/a
34.472	0.24	saccade	n/a	132.0	81.7	n/a	227.6	119.4	4.05	726.0
34.528	0.142	blink	n/a	n/a	n/a	n/a	n/a	n/a	n/a	n/a
34.714	0.044	fixation	n/a	233.1	85.8	576.0	n/a	n/a	n/a	n/a
34.76	0.024	saccade	n/a	227.0	62.9	n/a	161.4	69.3	2.6	205.0
34.786	0.084	fixation	n/a	181.2	69.4	620.0	n/a	n/a	n/a	n/a
34.872	0.024	saccade	n/a	186.1	70.1	n/a	114.6	71.6	2.79	234.0
34.898	0.556	fixation	n/a	130.1	72.2	606.0	n/a	n/a	n/a	n/a
35.456	0.012	saccade	n/a	129.8	71.9	n/a	109.4	73.7	0.79	84.0
35.47	0.334	fixation	n/a	117.0	72.8	534.0	n/a	n/a	n/a	n/a
35.61	0.0	trigger_11	11	n/a	n/a	n/a	n/a	n/a	n/a	n/a
35.614	0.0	trigger_10	10	n/a	n/a	n/a	n/a	n/a	n/a	n/a
35.806	0.022	saccade	n/a	117.0	72.2	n/a	192.0	67.1	2.94	221.0
35.83	0.036	fixation	n/a	209.4	66.7	504.0	n/a	n/a	n/a	n/a
35.868	0.04	saccade	n/a	211.9	66.7	n/a	341.2	70.6	5.15	251.0
35.91	0.182	fixation	n/a	340.5	72.3	493.0	n/a	n/a	n/a	n/a
36.094	0.022	saccade	n/a	343.1	73.5	n/a	421.1	78.1	3.14	234.0
36.118	0.198	fixation	n/a	441.1	77.0	491.0	n/a	n/a	n/a	n/a
36.318	0.022	saccade	n/a	441.6	78.1	n/a	383.8	82.4	2.34	167.0
36.342	0.078	fixation	n/a	387.8	82.7	507.0	n/a	n/a	n/a	n/a
36.422	0.024	saccade	n/a	388.1	83.0	n/a	282.4	70.7	4.27	316.0
36.448	0.316	fixation	n/a	270.4	69.7	521.0	n/a	n/a	n/a	n/a
36.766	0.038	saccade	n/a	270.6	69.6	n/a	443.9	79.6	6.97	267.0
36.806	0.172	fixation	n/a	444.7	77.7	529.0	n/a	n/a	n/a	n/a
36.98	0.022	saccade	n/a	447.1	76.9	n/a	385.3	82.6	2.5	178.0
37.004	0.14	fixation	n/a	391.0	83.5	520.0	n/a	n/a	n/a	n/a
37.14	0.0	trigger_11	11	n/a	n/a	n/a	n/a	n/a	n/a	n/a
37.144	0.0	trigger_10	10	n/a	n/a	n/a	n/a	n/a	n/a	n/a
37.146	0.05	saccade	n/a	391.5	83.7	n/a	122.0	120.2	10.75	380.0
37.198	0.208	fixation	n/a	125.8	121.2	533.0	n/a	n/a	n/a	n/a
37.408	0.062	saccade	n/a	125.5	121.8	n/a	485.8	70.2	14.39	386.0
37.472	0.15	fixation	n/a	483.2	69.3	517.0	n/a	n/a	n/a	n/a
37.624	0.058	saccade	n/a	483.7	68.6	n/a	211.2	66.4	10.86	386.0
37.684	0.248	fixation	n/a	207.4	66.8	518.0	n/a	n/a	n/a	n/a
37.934	0.026	saccade	n/a	210.5	66.6	n/a	131.8	72.1	3.09	210.0
37.962	0.186	fixation	n/a	141.8	71.2	562.0	n/a	n/a	n/a	n/a
38.15	0.016	saccade	n/a	140.8	70.7	n/a	183.9	69.0	1.69	150.0
38.168	0.202	fixation	n/a	181.6	69.8	550.0	n/a	n/a	n/a	n/a
38.372	0.022	saccade	n/a	180.2	69.5	n/a	246.5	70.9	2.63	203.0
38.396	0.146	fixation	n/a	239.8	70.7	525.0	n/a	n/a	n/a	n/a
38.544	0.038	saccade	n/a	240.8	70.6	n/a	119.1	71.1	4.78	180.0
38.584	0.37	fixation	n/a	130.0	69.5	527.0	n/a	n/a	n/a	n/a
38.956	0.018	saccade	n/a	131.1	69.6	n/a	194.2	68.3	2.48	199.0
38.976	0.498	fixation	n/a	205.6	70.2	529.0	n/a	n/a	n/a	n/a
39.476	0.042	saccade	n/a	205.4	70.7	n/a	365.3	79.6	6.39	241.0
39.52	0.2	fixation	n/a	362.6	79.0	515.0	n/a	n/a	n/a	n/a
39.722	0.03	saccade	n/a	361.9	78.3	n/a	469.6	73.2	4.34	236.0
39.754	0.144	fixation	n/a	488.2	73.3	519.0	n/a	n/a	n/a	n/a
39.9	0.052	saccade	n/a	489.2	73.7	n/a	154.5	72.2	13.26	438.0
39.954	0.276	fixation	n/a	162.4	70.8	539.0	n/a	n/a	n/a	n/a
40.156	0.0	trigger_11	11	n/a	n/a	n/a	n/a	n/a	n/a	n/a
40.164	0.0	trigger_10	10	n/a	n/a	n/a	n/a	n/a	n/a	n/a
40.232	0.022	saccade	n/a	162.0	70.8	n/a	236.2	70.5	2.93	226.0
40.256	0.19	fixation	n/a	246.3	71.0	554.0	n/a	n/a	n/a	n/a
40.448	0.028	saccade	n/a	248.0	70.9	n/a	157.1	72.5	3.59	235.0
40.478	0.194	fixation	n/a	165.1	71.1	579.0	n/a	n/a	n/a	n/a
40.674	0.048	saccade	n/a	165.2	70.9	n/a	356.7	81.9	7.63	301.0
40.724	0.212	fixation	n/a	349.5	81.3	582.0	n/a	n/a	n/a	n/a
40.938	0.022	saccade	n/a	349.3	81.2	n/a	423.1	83.2	2.97	241.0
40.962	0.272	fixation	n/a	435.0	82.1	586.0	n/a	n/a	n/a	n/a
41.236	0.02	saccade	n/a	433.5	82.9	n/a	497.9	80.1	2.59	180.0
41.258	0.078	fixation	n/a	508.2	80.8	571.0	n/a	n/a	n/a	n/a
41.338	0.068	saccade	n/a	508.1	81.3	n/a	139.4	120.7	14.66	500.0
41.408	0.206	fixation	n/a	132.2	122.2	597.0	n/a	n/a	n/a	n/a
41.616	0.018	saccade	n/a	133.2	123.3	n/a	163.0	79.7	2.11	166.0
41.636	0.188	fixation	n/a	169.7	77.7	578.0	n/a	n/a	n/a	n/a
41.826	0.022	saccade	n/a	169.5	77.4	n/a	115.4	111.7	2.52	206.0
41.85	0.198	fixation	n/a	117.4	112.9	568.0	n/a	n/a	n/a	n/a
42.05	0.018	saccade	n/a	117.4	112.3	n/a	144.4	79.7	1.68	138.0
42.07	0.324	fixation	n/a	164.5	64.4	554.0	n/a	n/a	n/a	n/a
42.396	0.036	saccade	n/a	165.9	62.4	n/a	327.8	72.7	6.44	304.0
42.434	0.162	fixation	n/a	343.6	75.8	538.0	n/a	n/a	n/a	n/a
42.598	0.02	saccade	n/a	344.5	76.8	n/a	412.1	83.0	2.73	216.0
42.62	0.19	fixation	n/a	416.6	81.6	541.0	n/a	n/a	n/a	n/a
42.812	0.046	saccade	n/a	416.4	81.6	n/a	196.8	68.8	8.78	408.0
42.86	0.182	fixation	n/a	201.7	67.5	529.0	n/a	n/a	n/a	n/a
43.028	0.0	trigger_11	11	n/a	n/a	n/a	n/a	n/a	n/a	n/a
43.036	0.0	trigger_10	10	n/a	n/a	n/a	n/a	n/a	n/a	n/a
43.044	0.022	saccade	n/a	202.4	67.6	n/a	278.9	68.6	3.04	214.0
43.068	0.224	fixation	n/a	298.4	70.8	514.0	n/a	n/a	n/a	n/a
43.294	0.046	saccade	n/a	299.1	71.6	n/a	503.5	73.3	8.19	292.0
43.342	0.22	fixation	n/a	500.4	74.0	510.0	n/a	n/a	n/a	n/a
43.564	0.058	saccade	n/a	501.2	74.7	n/a	164.0	113.2	13.45	445.0
43.624	0.158	fixation	n/a	171.9	112.8	528.0	n/a	n/a	n/a	n/a
43.784	0.02	saccade	n/a	173.4	112.9	n/a	116.6	121.4	2.24	191.0
43.806	0.152	fixation	n/a	125.9	118.2	531.0	n/a	n/a	n/a	n/a
43.96	0.05	saccade	n/a	125.7	117.8	n/a	380.7	122.3	10.1	327.0
44.012	0.182	fixation	n/a	378.3	122.2	490.0	n/a	n/a	n/a	n/a
44.196	0.02	saccade	n/a	377.4	121.6	n/a	436.3	119.0	2.38	184.0
44.218	0.234	fixation	n/a	448.9	119.8	487.0	n/a	n/a	n/a	n/a
44.454	0.046	saccade	n/a	449.2	120.4	n/a	232.5	116.8	8.67	335.0
44.502	0.268	fixation	n/a	237.1	115.7	487.0	n/a	n/a	n/a	n/a
44.772	0.022	saccade	n/a	235.9	115.5	n/a	307.2	114.2	2.85	185.0
44.796	0.222	fixation	n/a	324.5	117.2	506.0	n/a	n/a	n/a	n/a
45.02	0.024	saccade	n/a	326.8	117.8	n/a	253.0	94.9	3.1	199.0
45.046	0.224	fixation	n/a	252.3	89.4	510.0	n/a	n/a	n/a	n/a
45.272	0.026	saccade	n/a	252.8	88.4	n/a	192.8	73.9	2.45	150.0
45.3	0.178	fixation	n/a	199.2	72.5	530.0	n/a	n/a	n/a	n/a
45.48	0.022	saccade	n/a	199.9	73.5	n/a	131.0	76.7	2.71	190.0
45.504	0.228	fixation	n/a	137.1	74.9	555.0	n/a	n/a	n/a	n/a
45.734	0.02	saccade	n/a	137.5	74.3	n/a	195.6	72.4	2.28	167.0
45.756	0.172	fixation	n/a	201.4	73.6	538.0	n/a	n/a	n/a	n/a
45.93	0.022	saccade	n/a	203.5	72.7	n/a	285.2	73.6	3.25	241.0
45.954	0.188	fixation	n/a	303.3	75.3	529.0	n/a	n/a	n/a	n/a
46.144	0.044	saccade	n/a	303.5	75.0	n/a	458.8	81.6	6.24	273.0
46.19	0.238	fixation	n/a	454.3	81.1	528.0	n/a	n/a	n/a	n/a
46.43	0.018	saccade	n/a	452.8	81.7	n/a	413.9	85.5	1.57	152.0
46.45	0.13	fixation	n/a	419.1	84.4	520.0	n/a	n/a	n/a	n/a
46.582	0.034	saccade	n/a	418.6	84.6	n/a	524.9	72.8	4.3	207.0
46.618	0.15	fixation	n/a	536.0	75.3	508.0	n/a	n/a	n/a	n/a
46.77	0.064	saccade	n/a	536.7	76.2	n/a	122.1	120.3	16.39	465.0
46.836	0.296	fixation	n/a	130.0	118.5	538.0	n/a	n/a	n/a	n/a
47.134	0.056	saccade	n/a	131.1	117.7	n/a	250.8	116.1	4.71	226.0
47.192	0.084	fixation	n/a	249.4	116.8	523.0	n/a	n/a	n/a	n/a
47.278	0.042	saccade	n/a	248.8	117.5	n/a	402.8	125.7	6.18	282.0
47.322	0.216	fixation	n/a	399.8	125.9	502.0	n/a	n/a	n/a	n/a
47.54	0.026	saccade	n/a	400.4	125.9	n/a	315.2	120.0	3.44	239.0
47.568	0.26	fixation	n/a	318.2	119.8	498.0	n/a	n/a	n/a	n/a
47.83	0.016	saccade	n/a	319.3	119.1	n/a	279.6	118.7	1.59	123.0
47.848	0.17	fixation	n/a	282.5	117.8	497.0	n/a	n/a	n/a	n/a
48.02	0.052	saccade	n/a	281.8	117.1	n/a	497.1	112.6	8.63	256.0
48.074	0.23	fixation	n/a	494.3	112.6	489.0	n/a	n/a	n/a	n/a
48.306	0.054	saccade	n/a	495.9	113.3	n/a	154.4	156.0	13.64	433.0
48.362	0.202	fixation	n/a	160.1	154.5	494.0	n/a	n/a	n/a	n/a
48.566	0.03	saccade	n/a	159.5	153.8	n/a	300.8	177.3	5.68	300.0
48.598	0.31	fixation	n/a	311.8	181.5	509.0	n/a	n/a	n/a	n/a
48.91	0.018	saccade	n/a	312.4	179.8	n/a	269.6	184.3	1.72	131.0
48.93	0.366	fixation	n/a	272.9	177.7	468.0	n/a	n/a	n/a	n/a
49.298	0.05	saccade	n/a	271.8	172.7	n/a	460.3	167.8	7.56	250.0
49.35	0.196	fixation	n/a	456.3	166.4	437.0	n/a	n/a	n/a	n/a
49.548	0.018	saccade	n/a	457.3	166.9	n/a	409.7	173.7	1.94	164.0
49.568	0.12	fixation	n/a	410.5	172.8	441.0	n/a	n/a	n/a	n/a
49.69	0.018	saccade	n/a	410.7	173.5	n/a	369.6	181.8	1.69	142.0
49.71	0.284	fixation	n/a	371.7	180.2	457.0	n/a	n/a	n/a	n/a
49.716	0.0	trigger_11	11	n/a	n/a	n/a	n/a	n/a	n/a	n/a
49.724	0.0	trigger_10	10	n/a	n/a	n/a	n/a	n/a	n/a	n/a
49.996	0.05	saccade	n/a	372.3	183.2	n/a	137.7	234.7	9.48	273.0
50.048	0.18	fixation	n/a	144.1	230.1	476.0	n/a	n/a	n/a	n/a
50.23	0.024	saccade	n/a	146.1	230.7	n/a	236.4	253.7	3.66	252.0
50.256	0.308	fixation	n/a	259.2	254.1	505.0	n/a	n/a	n/a	n/a
50.566	0.018	saccade	n/a	260.6	258.5	n/a	229.5	254.2	1.24	110.0
50.586	0.29	fixation	n/a	238.4	255.0	505.0	n/a	n/a	n/a	n/a
50.878	0.056	saccade	n/a	238.2	256.0	n/a	511.9	163.3	11.51	307.0
50.936	0.176	fixation	n/a	512.2	161.8	464.0	n/a	n/a	n/a	n/a
51.114	0.018	saccade	n/a	512.1	161.8	n/a	548.6	166.7	1.47	131.0
51.134	0.064	fixation	n/a	542.3	166.7	470.0	n/a	n/a	n/a	n/a
51.2	0.05	saccade	n/a	542.2	167.0	n/a	246.8	253.0	12.25	437.0
51.252	0.144	fixation	n/a	252.1	254.2	533.0	n/a	n/a	n/a	n/a
51.398	0.018	saccade	n/a	250.7	253.3	n/a	301.4	252.8	2.02	163.0
51.418	0.482	fixation	n/a	305.9	254.7	544.0	n/a	n/a	n/a	n/a
51.902	0.04	saccade	n/a	306.6	250.7	n/a	246.8	84.3	7.15	424.0
51.944	0.168	fixation	n/a	254.6	74.6	478.0	n/a	n/a	n/a	n/a
52.114	0.024	saccade	n/a	254.3	70.4	n/a	149.7	71.8	4.13	278.0
52.14	0.168	fixation	n/a	144.8	71.5	497.0	n/a	n/a	n/a	n/a
52.31	0.042	saccade	n/a	145.9	71.6	n/a	314.7	73.9	6.69	297.0
52.354	0.192	fixation	n/a	313.4	73.9	499.0	n/a	n/a	n/a	n/a
52.548	0.038	saccade	n/a	312.7	72.5	n/a	476.7	76.0	6.59	260.0
52.588	0.326	fixation	n/a	482.2	74.4	487.0	n/a	n/a	n/a	n/a
52.916	0.042	saccade	n/a	483.5	74.2	n/a	288.3	75.4	7.82	308.0
52.96	0.032	fixation	n/a	296.2	74.5	473.0	n/a	n/a	n/a	n/a
52.994	0.032	saccade	n/a	294.6	73.9	n/a	243.5	75.8	2.04	209.0
53.028	0.17	fixation	n/a	238.2	76.0	477.0	n/a	n/a	n/a	n/a
53.2	0.026	saccade	n/a	237.9	75.7	n/a	142.3	72.0	3.77	252.0
53.228	0.2	fixation	n/a	143.4	70.3	489.0	n/a	n/a	n/a	n/a
53.43	0.01	saccade	n/a	143.2	70.8	n/a	123.9	73.5	0.76	81.0
53.442	0.206	fixation	n/a	122.9	73.7	499.0	n/a	n/a	n/a	n/a
53.65	0.05	saccade	n/a	124.7	74.0	n/a	397.9	86.9	10.83	399.0
53.702	0.168	fixation	n/a	402.0	84.8	485.0	n/a	n/a	n/a	n/a
53.872	0.018	saccade	n/a	401.5	84.8	n/a	469.7	77.4	2.76	248.0
53.892	0.238	fixation	n/a	487.9	74.3	478.0	n/a	n/a	n/a	n/a
54.132	0.014	saccade	n/a	488.7	74.8	n/a	521.5	71.2	1.32	113.0
54.148	0.134	fixation	n/a	524.3	71.5	481.0	n/a	n/a	n/a	n/a
54.284	0.06	saccade	n/a	524.5	72.3	n/a	151.8	122.2	14.87	445.0
54.346	0.166	fixation	n/a	159.9	120.0	507.0	n/a	n/a	n/a	n/a
54.514	0.044	saccade	n/a	161.9	119.6	n/a	339.3	116.0	7.04	278.0
54.56	0.216	fixation	n/a	338.7	116.7	505.0	n/a	n/a	n/a	n/a
54.778	0.034	saccade	n/a	338.4	116.8	n/a	447.3	119.7	4.38	250.0
54.814	0.232	fixation	n/a	448.9	120.3	495.0	n/a	n/a	n/a	n/a
55.048	0.024	saccade	n/a	449.4	120.5	n/a	365.8	123.6	3.37	254.0
55.074	0.184	fixation	n/a	363.6	123.1	496.0	n/a	n/a	n/a	n/a
55.26	0.022	saccade	n/a	365.1	122.8	n/a	285.7	118.3	3.19	259.0
55.284	0.25	fixation	n/a	276.6	118.0	503.0	n/a	n/a	n/a	n/a
55.536	0.018	saccade	n/a	276.0	118.8	n/a	234.9	118.0	1.64	154.0
55.556	0.128	fixation	n/a	241.5	117.6	509.0	n/a	n/a	n/a	n/a
55.686	0.05	saccade	n/a	241.2	118.2	n/a	475.2	123.3	9.36	286.0
55.732	0.0	trigger_11	11	n/a	n/a	n/a	n/a	n/a	n/a	n/a
55.736	0.0	trigger_10	10	n/a	n/a	n/a	n/a	n/a	n/a	n/a
55.738	0.206	fixation	n/a	494.3	122.7	502.0	n/a	n/a	n/a	n/a
55.946	0.02	saccade	n/a	494.3	122.7	n/a	551.3	120.4	2.28	179.0
55.968	0.14	fixation	n/a	555.6	118.1	498.0	n/a	n/a	n/a	n/a
56.11	0.064	saccade	n/a	554.4	119.8	n/a	192.8	183.9	14.55	449.0
56.176	0.188	fixation	n/a	201.9	178.4	537.0	n/a	n/a	n/a	n/a
56.366	0.014	saccade	n/a	208.4	175.1	n/a	225.9	177.4	0.7	54.0
56.382	0.17	fixation	n/a	229.0	178.0	536.0	n/a	n/a	n/a	n/a
56.554	0.022	saccade	n/a	228.7	178.4	n/a	156.5	164.3	2.9	243.0
56.578	0.312	fixation	n/a	156.0	161.2	508.0	n/a	n/a	n/a	n/a
56.892	0.056	saccade	n/a	154.0	162.1	n/a	402.4	137.5	9.91	344.0
56.95	0.332	fixation	n/a	399.9	136.3	502.0	n/a	n/a	n/a	n/a
57.284	0.018	saccade	n/a	400.1	137.6	n/a	360.2	129.6	1.64	140.0
57.304	0.318	fixation	n/a	360.3	129.5	508.0	n/a	n/a	n/a	n/a
57.624	0.04	saccade	n/a	362.3	129.2	n/a	244.4	90.8	4.98	233.0
57.666	0.268	fixation	n/a	247.6	89.2	508.0	n/a	n/a	n/a	n/a
57.936	0.022	saccade	n/a	249.0	87.1	n/a	171.8	77.7	3.08	239.0
57.96	0.18	fixation	n/a	165.0	77.9	520.0	n/a	n/a	n/a	n/a
58.142	0.056	saccade	n/a	163.0	77.4	n/a	442.2	83.6	11.1	369.0
58.2	0.254	fixation	n/a	442.7	79.7	504.0	n/a	n/a	n/a	n/a
58.456	0.024	saccade	n/a	445.1	79.2	n/a	377.7	87.0	2.74	189.0
58.482	0.222	fixation	n/a	386.6	86.8	487.0	n/a	n/a	n/a	n/a
58.706	0.044	saccade	n/a	387.5	86.9	n/a	276.2	79.0	4.48	169.0
58.752	0.182	fixation	n/a	281.0	75.7	487.0	n/a	n/a	n/a	n/a
58.884	0.0	trigger_11	11	n/a	n/a	n/a	n/a	n/a	n/a	n/a
58.892	0.0	trigger_10	10	n/a	n/a	n/a	n/a	n/a	n/a	n/a
58.936	0.052	saccade	n/a	281.3	74.9	n/a	467.0	77.8	7.44	220.0
58.99	0.146	fixation	n/a	465.8	77.1	479.0	n/a	n/a	n/a	n/a
59.138	0.02	saccade	n/a	465.2	75.9	n/a	519.8	70.9	2.2	188.0
59.16	0.154	fixation	n/a	519.3	71.4	480.0	n/a	n/a	n/a	n/a
59.316	0.062	saccade	n/a	519.6	72.7	n/a	199.8	89.4	12.73	300.0
59.38	0.074	fixation	n/a	184.4	86.4	476.0	n/a	n/a	n/a	n/a
59.456	0.28	saccade	n/a	188.2	89.2	n/a	300.7	99.0	4.49	356.0
59.504	0.212	blink	n/a	n/a	n/a	n/a	n/a	n/a	n/a	n/a
59.738	0.15	fixation	n/a	306.8	59.0	470.0	n/a	n/a	n/a	n/a
59.89	0.012	saccade	n/a	309.6	58.6	n/a	331.0	65.2	0.9	84.0
59.904	0.642	fixation	n/a	327.6	67.9	484.0	n/a	n/a	n/a	n/a
60.548	0.044	saccade	n/a	324.5	67.9	n/a	205.4	68.9	4.75	168.0
60.594	0.558	fixation	n/a	213.8	68.7	465.0	n/a	n/a	n/a	n/a
61.154	0.044	saccade	n/a	214.9	67.8	n/a	397.3	76.2	7.3	305.0
61.2	0.17	fixation	n/a	397.1	76.4	486.0	n/a	n/a	n/a	n/a
61.372	0.022	saccade	n/a	396.5	76.0	n/a	468.0	69.7	2.89	205.0
61.396	0.25	fixation	n/a	477.7	69.7	496.0	n/a	n/a	n/a	n/a
61.648	0.07	saccade	n/a	477.3	70.1	n/a	171.7	63.4	12.13	325.0
61.72	0.264	fixation	n/a	168.0	65.4	519.0	n/a	n/a	n/a	n/a
61.986	0.042	saccade	n/a	167.2	66.0	n/a	314.6	68.4	5.85	325.0
62.03	0.208	fixation	n/a	307.1	67.9	517.0	n/a	n/a	n/a	n/a
62.24	0.02	saccade	n/a	305.3	68.9	n/a	366.0	76.0	2.46	228.0
62.262	0.168	fixation	n/a	370.1	76.7	504.0	n/a	n/a	n/a	n/a
62.432	0.034	saccade	n/a	369.8	77.0	n/a	464.8	75.7	3.82	200.0
62.468	0.258	fixation	n/a	460.4	76.0	501.0	n/a	n/a	n/a	n/a
62.728	0.056	saccade	n/a	459.9	76.0	n/a	220.7	63.2	9.56	410.0
62.786	0.368	fixation	n/a	220.7	64.2	497.0	n/a	n/a	n/a	n/a
63.156	0.028	saccade	n/a	227.7	65.0	n/a	129.1	71.3	3.88	219.0
63.186	0.106	fixation	n/a	134.0	70.4	507.0	n/a	n/a	n/a	n/a
63.294	0.068	saccade	n/a	134.9	70.9	n/a	513.6	73.1	14.94	418.0
63.364	0.142	fixation	n/a	507.2	72.5	474.0	n/a	n/a	n/a	n/a
63.508	0.024	saccade	n/a	506.4	72.7	n/a	437.0	78.2	2.8	205.0
63.534	0.282	fixation	n/a	445.9	76.8	468.0	n/a	n/a	n/a	n/a
63.756	0.0	trigger_11	11	n/a	n/a	n/a	n/a	n/a	n/a	n/a
63.766	0.0	trigger_10	10	n/a	n/a	n/a	n/a	n/a	n/a	n/a
63.818	0.052	saccade	n/a	449.6	76.2	n/a	166.1	105.5	11.31	375.0
63.872	0.164	fixation	n/a	166.6	104.7	481.0	n/a	n/a	n/a	n/a
64.038	0.018	saccade	n/a	167.9	105.9	n/a	129.5	118.1	1.58	135.0
64.058	0.13	fixation	n/a	137.4	114.9	496.0	n/a	n/a	n/a	n/a
64.19	0.026	saccade	n/a	136.3	115.4	n/a	253.2	110.6	4.61	299.0
64.218	0.366	fixation	n/a	261.1	110.7	487.0	n/a	n/a	n/a	n/a
64.586	0.018	saccade	n/a	261.5	111.8	n/a	213.6	114.2	1.91	156.0
64.606	0.212	fixation	n/a	216.5	113.6	482.0	n/a	n/a	n/a	n/a
64.82	0.06	saccade	n/a	217.5	114.3	n/a	480.8	70.3	10.66	287.0
64.882	0.26	fixation	n/a	477.9	69.2	468.0	n/a	n/a	n/a	n/a
65.144	0.02	saccade	n/a	477.6	69.7	n/a	425.4	76.8	2.12	183.0
65.166	0.104	fixation	n/a	429.2	76.0	485.0	n/a	n/a	n/a	n/a
65.272	0.04	saccade	n/a	429.4	77.1	n/a	289.1	66.2	5.65	337.0
65.314	0.208	fixation	n/a	295.6	68.4	522.0	n/a	n/a	n/a	n/a
65.524	0.028	saccade	n/a	295.9	69.8	n/a	206.1	67.2	3.57	235.0
65.554	0.134	fixation	n/a	218.3	67.8	552.0	n/a	n/a	n/a	n/a
65.69	0.02	saccade	n/a	219.8	67.9	n/a	155.1	74.1	2.56	195.0
65.712	0.292	fixation	n/a	157.1	72.7	558.0	n/a	n/a	n/a	n/a
66.006	0.036	saccade	n/a	159.4	72.4	n/a	321.6	76.5	6.44	360.0
66.044	0.17	fixation	n/a	318.1	76.0	555.0	n/a	n/a	n/a	n/a
66.216	0.044	saccade	n/a	316.5	76.2	n/a	483.2	77.9	6.7	295.0
66.262	0.288	fixation	n/a	474.9	77.0	543.0	n/a	n/a	n/a	n/a
66.552	0.03	saccade	n/a	474.5	76.3	n/a	358.6	81.1	4.67	247.0
66.584	0.278	fixation	n/a	356.1	79.6	529.0	n/a	n/a	n/a	n/a
66.864	0.042	saccade	n/a	354.5	79.0	n/a	520.3	74.3	6.66	232.0
66.908	0.356	fixation	n/a	512.4	74.0	520.0	n/a	n/a	n/a	n/a
67.266	0.01	saccade	n/a	511.2	72.6	n/a	524.8	71.4	0.55	57.0
67.278	0.102	fixation	n/a	527.9	69.2	512.0	n/a	n/a	n/a	n/a
67.286	0.0	trigger_11	11	n/a	n/a	n/a	n/a	n/a	n/a	n/a
67.29	0.0	trigger_10	10	n/a	n/a	n/a	n/a	n/a	n/a	n/a
67.382	0.068	saccade	n/a	528.2	70.5	n/a	154.3	112.5	14.88	472.0
67.452	0.26	fixation	n/a	153.1	113.4	545.0	n/a	n/a	n/a	n/a
67.714	0.042	saccade	n/a	156.4	112.8	n/a	319.4	115.9	6.47	312.0
67.758	0.236	fixation	n/a	320.7	116.6	516.0	n/a	n/a	n/a	n/a
67.996	0.028	saccade	n/a	322.9	116.3	n/a	425.1	121.3	4.12	215.0
68.026	0.198	fixation	n/a	447.1	120.3	492.0	n/a	n/a	n/a	n/a
68.226	0.034	saccade	n/a	449.1	120.5	n/a	339.7	122.2	4.4	270.0
68.262	0.202	fixation	n/a	345.0	122.6	492.0	n/a	n/a	n/a	n/a
68.466	0.022	saccade	n/a	345.1	121.5	n/a	409.4	130.5	2.61	176.0
68.49	0.066	fixation	n/a	416.5	130.6	499.0	n/a	n/a	n/a	n/a
68.558	0.054	saccade	n/a	416.6	130.9	n/a	107.1	171.8	12.32	402.0
68.614	0.216	fixation	n/a	116.3	168.4	544.0	n/a	n/a	n/a	n/a
68.832	0.066	saccade	n/a	117.0	169.4	n/a	497.7	110.6	15.2	377.0
68.9	0.142	fixation	n/a	490.0	111.3	518.0	n/a	n/a	n/a	n/a
69.044	0.052	saccade	n/a	491.1	111.6	n/a	293.9	107.6	7.91	419.0
69.098	0.234	fixation	n/a	285.7	108.6	509.0	n/a	n/a	n/a	n/a
69.334	0.032	saccade	n/a	286.8	108.6	n/a	174.8	109.8	4.44	217.0
69.368	0.152	fixation	n/a	180.4	106.7	549.0	n/a	n/a	n/a	n/a
69.522	0.018	saccade	n/a	180.7	106.6	n/a	180.7	66.5	1.62	125.0
69.542	0.188	fixation	n/a	183.0	70.0	565.0	n/a	n/a	n/a	n/a
69.732	0.024	saccade	n/a	182.0	68.3	n/a	303.8	69.2	4.84	354.0
69.758	0.252	fixation	n/a	323.1	73.0	559.0	n/a	n/a	n/a	n/a
70.012	0.026	saccade	n/a	324.5	73.9	n/a	245.6	70.6	3.16	181.0
70.04	0.136	fixation	n/a	254.9	69.8	562.0	n/a	n/a	n/a	n/a
70.178	0.03	saccade	n/a	256.2	70.5	n/a	151.3	80.4	4.16	270.0
70.21	0.168	fixation	n/a	161.5	77.8	576.0	n/a	n/a	n/a	n/a
70.38	0.056	saccade	n/a	160.7	77.3	n/a	457.8	82.5	11.79	416.0
70.438	0.202	fixation	n/a	451.8	81.9	562.0	n/a	n/a	n/a	n/a
70.642	0.02	saccade	n/a	451.4	82.1	n/a	510.3	75.2	2.38	183.0
70.664	0.214	fixation	n/a	508.8	75.8	562.0	n/a	n/a	n/a	n/a
70.88	0.03	saccade	n/a	508.6	76.9	n/a	385.9	86.8	4.94	333.0
70.912	0.236	fixation	n/a	396.8	88.6	594.0	n/a	n/a	n/a	n/a
70.918	0.0	trigger_11	11	n/a	n/a	n/a	n/a	n/a	n/a	n/a
70.922	0.0	trigger_10	10	n/a	n/a	n/a	n/a	n/a	n/a	n/a
71.15	0.024	saccade	n/a	399.8	88.5	n/a	322.6	81.3	3.12	228.0
71.176	0.212	fixation	n/a	328.5	80.2	597.0	n/a	n/a	n/a	n/a
71.39	0.018	saccade	n/a	329.0	80.0	n/a	378.3	83.7	1.99	146.0
71.41	0.11	fixation	n/a	386.8	85.6	580.0	n/a	n/a	n/a	n/a
71.522	0.034	saccade	n/a	387.2	85.8	n/a	521.3	74.2	5.41	313.0
71.558	0.176	fixation	n/a	535.4	71.2	555.0	n/a	n/a	n/a	n/a
71.736	0.068	saccade	n/a	534.9	71.4	n/a	154.7	117.8	15.14	507.0
71.806	0.342	fixation	n/a	149.8	118.9	585.0	n/a	n/a	n/a	n/a
72.15	0.05	saccade	n/a	148.3	118.4	n/a	348.3	82.7	8.05	255.0
72.202	0.202	fixation	n/a	348.0	82.8	535.0	n/a	n/a	n/a	n/a
72.406	0.04	saccade	n/a	347.7	82.5	n/a	205.7	67.2	5.69	238.0
72.448	0.17	fixation	n/a	212.3	67.6	537.0	n/a	n/a	n/a	n/a
72.62	0.02	saccade	n/a	210.5	68.6	n/a	149.8	78.2	2.42	176.0
72.642	0.138	fixation	n/a	148.8	77.0	561.0	n/a	n/a	n/a	n/a
72.782	0.034	saccade	n/a	149.7	77.0	n/a	280.9	64.9	5.21	270.0
72.818	0.378	fixation	n/a	292.8	69.7	551.0	n/a	n/a	n/a	n/a
73.198	0.022	saccade	n/a	294.5	72.1	n/a	325.5	77.9	1.26	82.0
73.222	0.162	fixation	n/a	340.3	79.5	559.0	n/a	n/a	n/a	n/a
73.386	0.052	saccade	n/a	343.4	79.5	n/a	168.1	76.6	6.96	396.0
73.44	0.27	fixation	n/a	160.5	73.7	557.0	n/a	n/a	n/a	n/a
73.712	0.016	saccade	n/a	162.0	71.9	n/a	127.2	79.2	1.39	125.0
73.73	0.232	fixation	n/a	137.0	77.0	543.0	n/a	n/a	n/a	n/a
73.964	0.056	saccade	n/a	139.0	77.7	n/a	420.1	82.1	11.13	325.0
74.022	0.384	fixation	n/a	423.5	80.5	526.0	n/a	n/a	n/a	n/a
74.408	0.02	saccade	n/a	422.9	80.1	n/a	478.2	77.4	2.23	197.0
74.43	0.182	fixation	n/a	484.9	75.7	512.0	n/a	n/a	n/a	n/a
74.614	0.016	saccade	n/a	483.0	75.4	n/a	519.6	71.2	1.48	122.0
74.632	0.218	fixation	n/a	525.3	69.9	503.0	n/a	n/a	n/a	n/a
74.852	0.068	saccade	n/a	524.0	70.1	n/a	136.4	108.0	15.37	451.0
74.922	0.246	fixation	n/a	145.0	106.0	535.0	n/a	n/a	n/a	n/a
75.17	0.024	saccade	n/a	145.2	107.0	n/a	239.9	110.7	3.74	280.0
75.196	0.144	fixation	n/a	242.8	111.7	528.0	n/a	n/a	n/a	n/a
75.342	0.048	saccade	n/a	242.0	112.9	n/a	404.3	89.1	6.58	214.0
75.392	0.372	fixation	n/a	404.5	86.4	493.0	n/a	n/a	n/a	n/a
75.766	0.02	saccade	n/a	404.6	87.3	n/a	347.7	82.0	2.3	188.0
75.788	0.168	fixation	n/a	345.2	81.0	494.0	n/a	n/a	n/a	n/a
75.958	0.038	saccade	n/a	345.5	81.9	n/a	225.2	68.9	4.83	214.0
75.998	0.12	fixation	n/a	234.0	67.9	505.0	n/a	n/a	n/a	n/a
76.11	0.0	trigger_11	11	n/a	n/a	n/a	n/a	n/a	n/a	n/a
76.118	0.0	trigger_12	12	n/a	n/a	n/a	n/a	n/a	n/a	n/a
76.12	0.048	saccade	n/a	235.2	68.2	n/a	462.0	79.5	9.07	295.0
76.17	0.216	fixation	n/a	459.7	79.9	522.0	n/a	n/a	n/a	n/a
76.388	0.018	saccade	n/a	457.9	81.4	n/a	508.7	74.4	2.06	177.0
76.408	0.196	fixation	n/a	504.4	74.4	539.0	n/a	n/a	n/a	n/a
76.606	0.06	saccade	n/a	503.9	75.4	n/a	133.7	117.2	14.7	415.0
76.668	0.356	fixation	n/a	139.7	115.3	559.0	n/a	n/a	n/a	n/a
77.026	0.018	saccade	n/a	140.8	114.1	n/a	167.1	77.4	1.8	150.0
77.046	0.188	fixation	n/a	167.5	78.3	555.0	n/a	n/a	n/a	n/a
77.236	0.01	saccade	n/a	169.0	77.3	n/a	183.0	66.4	0.7	76.0
77.248	0.232	fixation	n/a	184.0	65.4	532.0	n/a	n/a	n/a	n/a
77.482	0.018	saccade	n/a	184.1	66.1	n/a	135.1	76.1	1.96	163.0
77.502	0.186	fixation	n/a	131.5	77.2	538.0	n/a	n/a	n/a	n/a
77.69	0.042	saccade	n/a	132.8	78.4	n/a	284.8	69.2	6.01	231.0
77.734	0.596	fixation	n/a	283.6	70.2	549.0	n/a	n/a	n/a	n/a
78.332	0.024	saccade	n/a	283.7	69.8	n/a	181.7	70.7	4.05	261.0
78.358	0.224	fixation	n/a	169.7	71.9	559.0	n/a	n/a	n/a	n/a
78.584	0.036	saccade	n/a	168.5	72.1	n/a	288.1	71.0	4.74	271.0
78.622	0.112	fixation	n/a	284.7	71.4	549.0	n/a	n/a	n/a	n/a
78.736	0.034	saccade	n/a	284.6	71.8	n/a	409.4	87.3	5.05	269.0
78.772	0.266	fixation	n/a	416.1	85.0	546.0	n/a	n/a	n/a	n/a
79.04	0.02	saccade	n/a	414.8	84.2	n/a	474.7	80.2	2.42	197.0
79.062	0.186	fixation	n/a	481.1	77.0	527.0	n/a	n/a	n/a	n/a
79.25	0.056	saccade	n/a	480.9	77.2	n/a	166.9	124.0	12.6	412.0
79.308	0.174	fixation	n/a	173.4	120.1	547.0	n/a	n/a	n/a	n/a
79.484	0.018	saccade	n/a	175.9	119.0	n/a	135.2	122.4	1.6	142.0
79.504	0.132	fixation	n/a	143.4	119.9	541.0	n/a	n/a	n/a	n/a
79.638	0.246	saccade	n/a	143.7	119.4	n/a	299.4	134.0	6.19	806.0
79.684	0.17	blink	n/a	n/a	n/a	n/a	n/a	n/a	n/a	n/a
79.886	0.264	fixation	n/a	304.6	106.2	475.0	n/a	n/a	n/a	n/a
80.152	0.022	saccade	n/a	305.1	107.9	n/a	377.6	119.3	2.95	222.0
80.176	0.248	fixation	n/a	382.4	121.5	500.0	n/a	n/a	n/a	n/a
80.426	0.04	saccade	n/a	380.2	122.1	n/a	495.9	114.4	4.67	224.0
80.468	0.248	fixation	n/a	489.3	114.8	458.0	n/a	n/a	n/a	n/a
80.718	0.016	saccade	n/a	488.8	114.5	n/a	454.6	118.4	1.38	109.0
80.736	0.082	fixation	n/a	450.3	119.2	459.0	n/a	n/a	n/a	n/a
80.82	0.024	saccade	n/a	449.9	119.3	n/a	377.5	120.6	2.92	213.0
80.846	0.198	fixation	n/a	383.6	121.5	468.0	n/a	n/a	n/a	n/a
81.046	0.02	saccade	n/a	384.6	122.1	n/a	342.0	116.8	1.73	150.0
81.068	0.142	fixation	n/a	347.2	117.9	480.0	n/a	n/a	n/a	n/a
81.212	0.044	saccade	n/a	346.3	118.5	n/a	531.7	112.2	7.44	325.0
81.258	0.268	fixation	n/a	524.1	113.4	506.0	n/a	n/a	n/a	n/a
81.51	0.0	trigger_13	13	n/a	n/a	n/a	n/a	n/a	n/a	n/a
81.528	0.036	saccade	n/a	522.3	114.0	n/a	607.5	111.9	3.39	184.0
81.566	0.168	fixation	n/a	599.5	111.4	511.0	n/a	n/a	n/a	n/a
81.736	0.072	saccade	n/a	600.1	110.9	n/a	174.4	149.9	16.87	450.0
81.81	0.188	fixation	n/a	169.1	153.7	529.0	n/a	n/a	n/a	n/a
82.0	0.016	saccade	n/a	169.4	152.7	n/a	134.7	165.4	1.45	128.0
82.018	0.18	fixation	n/a	145.0	161.0	543.0	n/a	n/a	n/a	n/a
82.2	0.032	saccade	n/a	146.9	160.1	n/a	298.0	174.0	6.0	359.0
82.234	0.198	fixation	n/a	308.1	176.4	521.0	n/a	n/a	n/a	n/a
82.434	0.016	saccade	n/a	309.5	174.5	n/a	345.0	180.1	1.44	121.0
82.452	0.104	fixation	n/a	344.7	180.9	507.0	n/a	n/a	n/a	n/a
82.558	0.026	saccade	n/a	345.6	179.9	n/a	253.4	174.7	3.69	230.0
82.586	0.206	fixation	n/a	255.5	172.7	497.0	n/a	n/a	n/a	n/a
82.794	0.01	saccade	n/a	254.5	172.2	n/a	235.9	170.1	0.74	77.0
82.806	0.268	fixation	n/a	232.4	167.6	488.0	n/a	n/a	n/a	n/a
83.076	0.07	saccade	n/a	233.0	165.0	n/a	599.7	121.3	14.63	296.0
83.148	0.268	fixation	n/a	591.3	119.0	468.0	n/a	n/a	n/a	n/a
83.374	0.0	trigger_15	15	n/a	n/a	n/a	n/a	n/a	n/a	n/a
83.382	0.0	trigger_10	10	n/a	n/a	n/a	n/a	n/a	n/a	n/a
83.418	0.042	saccade	n/a	590.8	119.3	n/a	391.8	105.3	7.96	340.0
83.462	0.238	fixation	n/a	398.7	105.1	485.0	n/a	n/a	n/a	n/a
83.702	0.04	saccade	n/a	399.3	106.7	n/a	218.4	79.4	7.32	433.0
83.744	0.23	fixation	n/a	231.6	79.1	507.0	n/a	n/a	n/a	n/a
83.976	0.056	saccade	n/a	233.6	78.8	n/a	502.7	76.8	10.72	379.0
84.034	0.282	fixation	n/a	494.9	77.7	522.0	n/a	n/a	n/a	n/a
84.318	0.052	saccade	n/a	493.3	82.7	n/a	317.4	169.4	7.9	392.0
84.372	0.254	fixation	n/a	309.7	170.4	622.0	n/a	n/a	n/a	n/a
84.628	0.024	saccade	n/a	309.2	173.0	n/a	343.4	189.0	1.52	169.0
84.654	0.178	fixation	n/a	338.6	182.3	616.0	n/a	n/a	n/a	n/a
84.834	0.022	saccade	n/a	338.5	180.2	n/a	411.2	188.2	2.94	226.0
84.858	0.19	fixation	n/a	410.8	186.3	581.0	n/a	n/a	n/a	n/a
85.05	0.024	saccade	n/a	411.3	189.7	n/a	337.9	189.4	2.95	230.0
85.076	0.498	fixation	n/a	349.2	188.5	574.0	n/a	n/a	n/a	n/a
85.576	0.026	saccade	n/a	351.1	186.2	n/a	273.6	98.2	4.74	346.0
85.604	0.174	fixation	n/a	282.1	87.8	531.0	n/a	n/a	n/a	n/a
85.78	0.026	saccade	n/a	282.3	83.6	n/a	164.3	79.2	4.68	334.0
85.808	0.22	fixation	n/a	152.3	76.6	548.0	n/a	n/a	n/a	n/a
86.03	0.03	saccade	n/a	152.0	76.4	n/a	279.3	80.0	5.03	302.0
86.062	0.118	fixation	n/a	290.4	76.7	558.0	n/a	n/a	n/a	n/a
86.182	0.044	saccade	n/a	289.6	76.9	n/a	483.6	81.8	7.78	286.0
86.228	0.302	fixation	n/a	482.0	78.8	559.0	n/a	n/a	n/a	n/a
86.532	0.032	saccade	n/a	483.3	79.8	n/a	378.5	96.9	4.27	251.0
86.566	0.256	fixation	n/a	378.7	96.4	550.0	n/a	n/a	n/a	n/a
86.824	0.04	saccade	n/a	377.5	96.4	n/a	515.9	79.7	5.6	334.0
86.866	0.22	fixation	n/a	513.2	80.2	552.0	n/a	n/a	n/a	n/a
87.088	0.018	saccade	n/a	511.8	79.9	n/a	555.9	77.8	1.76	134.0
87.108	0.13	fixation	n/a	549.5	78.1	551.0	n/a	n/a	n/a	n/a
87.24	0.066	saccade	n/a	549.6	78.2	n/a	185.2	109.6	14.49	484.0
87.308	0.142	fixation	n/a	182.1	112.0	584.0	n/a	n/a	n/a	n/a
87.452	0.02	saccade	n/a	183.0	113.1	n/a	126.1	125.9	2.29	194.0
87.474	0.17	fixation	n/a	134.6	123.9	582.0	n/a	n/a	n/a	n/a
87.646	0.044	saccade	n/a	134.8	123.2	n/a	347.0	119.3	8.39	368.0
87.692	0.168	fixation	n/a	343.4	118.0	549.0	n/a	n/a	n/a	n/a
87.862	0.02	saccade	n/a	343.2	118.8	n/a	411.9	123.7	2.77	213.0
87.884	0.198	fixation	n/a	431.0	123.9	537.0	n/a	n/a	n/a	n/a
88.084	0.042	saccade	n/a	432.9	123.3	n/a	238.8	119.9	7.78	343.0
88.128	0.204	fixation	n/a	246.0	117.5	527.0	n/a	n/a	n/a	n/a
88.334	0.02	saccade	n/a	246.8	117.5	n/a	196.7	119.6	1.99	165.0
88.356	0.286	fixation	n/a	203.0	118.7	531.0	n/a	n/a	n/a	n/a
88.644	0.024	saccade	n/a	202.9	118.7	n/a	300.7	119.2	3.9	239.0
88.67	0.224	fixation	n/a	328.2	118.6	527.0	n/a	n/a	n/a	n/a
88.896	0.016	saccade	n/a	330.3	118.6	n/a	296.9	121.5	1.35	108.0
88.914	0.184	fixation	n/a	302.6	120.8	523.0	n/a	n/a	n/a	n/a
89.1	0.02	saccade	n/a	301.1	120.9	n/a	360.7	120.1	2.4	196.0
89.122	0.182	fixation	n/a	374.1	122.4	524.0	n/a	n/a	n/a	n/a
89.306	0.022	saccade	n/a	373.0	122.4	n/a	451.7	123.3	3.17	238.0
89.33	0.258	fixation	n/a	462.4	125.6	531.0	n/a	n/a	n/a	n/a
89.59	0.024	saccade	n/a	462.0	126.1	n/a	367.2	124.2	3.82	255.0
89.616	0.202	fixation	n/a	352.6	123.8	531.0	n/a	n/a	n/a	n/a
89.82	0.028	saccade	n/a	351.5	122.7	n/a	475.5	123.1	4.99	266.0
89.85	0.244	fixation	n/a	490.1	122.1	524.0	n/a	n/a	n/a	n/a
90.096	0.06	saccade	n/a	491.5	121.0	n/a	147.1	164.1	13.75	421.0
90.158	0.228	fixation	n/a	153.5	161.1	535.0	n/a	n/a	n/a	n/a
90.388	0.032	saccade	n/a	154.6	160.6	n/a	301.6	180.2	5.86	330.0
90.422	0.278	fixation	n/a	312.2	183.5	526.0	n/a	n/a	n/a	n/a
90.702	0.042	saccade	n/a	312.8	183.2	n/a	195.8	172.2	4.68	221.0
90.746	0.128	fixation	n/a	205.1	172.6	503.0	n/a	n/a	n/a	n/a
90.876	0.056	saccade	n/a	203.8	169.4	n/a	533.8	172.5	13.1	346.0
90.934	0.27	fixation	n/a	528.8	170.6	467.0	n/a	n/a	n/a	n/a
91.206	0.056	saccade	n/a	528.1	170.2	n/a	161.9	239.7	14.74	482.0
91.264	0.298	fixation	n/a	166.4	241.7	503.0	n/a	n/a	n/a	n/a
91.272	0.0	trigger_11	11	n/a	n/a	n/a	n/a	n/a	n/a	n/a
91.278	0.0	trigger_10	10	n/a	n/a	n/a	n/a	n/a	n/a	n/a
91.564	0.046	saccade	n/a	166.1	243.4	n/a	340.5	250.4	6.9	288.0
91.612	0.226	fixation	n/a	337.1	247.8	525.0	n/a	n/a	n/a	n/a
91.84	0.022	saccade	n/a	338.3	249.0	n/a	273.9	256.4	2.59	193.0
91.864	0.228	fixation	n/a	273.4	254.9	511.0	n/a	n/a	n/a	n/a
92.094	0.016	saccade	n/a	272.9	255.5	n/a	236.6	255.4	1.44	119.0
92.112	0.118	fixation	n/a	238.5	252.2	508.0	n/a	n/a	n/a	n/a
92.232	0.042	saccade	n/a	237.8	251.2	n/a	420.8	245.1	7.29	268.0
92.276	0.302	fixation	n/a	420.7	247.2	509.0	n/a	n/a	n/a	n/a
92.58	0.022	saccade	n/a	421.2	245.8	n/a	349.3	241.8	2.89	211.0
92.604	0.174	fixation	n/a	342.9	247.2	505.0	n/a	n/a	n/a	n/a
92.78	0.024	saccade	n/a	342.1	249.4	n/a	276.7	251.6	2.61	186.0
92.806	0.272	fixation	n/a	283.0	254.5	529.0	n/a	n/a	n/a	n/a
93.08	0.038	saccade	n/a	283.2	256.6	n/a	320.3	137.5	5.05	246.0
93.12	0.378	fixation	n/a	323.6	137.2	506.0	n/a	n/a	n/a	n/a
93.5	0.026	saccade	n/a	325.0	137.1	n/a	248.2	93.8	3.54	186.0
93.528	0.206	fixation	n/a	238.7	87.0	515.0	n/a	n/a	n/a	n/a
93.736	0.03	saccade	n/a	239.5	86.6	n/a	120.4	81.6	4.68	351.0
93.768	0.134	fixation	n/a	138.8	77.9	513.0	n/a	n/a	n/a	n/a
93.904	0.066	saccade	n/a	147.5	78.9	n/a	448.4	81.2	11.92	330.0
93.972	0.172	fixation	n/a	442.8	80.6	509.0	n/a	n/a	n/a	n/a
94.146	0.022	saccade	n/a	442.3	80.3	n/a	502.8	73.9	2.44	182.0
94.17	0.186	fixation	n/a	503.0	74.3	520.0	n/a	n/a	n/a	n/a
94.358	0.044	saccade	n/a	502.3	75.3	n/a	249.8	73.3	10.08	388.0
94.404	0.134	fixation	n/a	252.3	72.1	531.0	n/a	n/a	n/a	n/a
94.54	0.028	saccade	n/a	252.7	72.1	n/a	109.5	83.1	5.64	420.0
94.57	0.342	fixation	n/a	149.4	73.3	533.0	n/a	n/a	n/a	n/a
94.914	0.036	saccade	n/a	172.3	72.7	n/a	288.1	70.4	4.59	171.0
94.952	0.194	fixation	n/a	305.5	69.9	503.0	n/a	n/a	n/a	n/a
95.148	0.022	saccade	n/a	305.5	68.7	n/a	382.2	76.4	3.1	225.0
95.172	0.562	fixation	n/a	386.5	75.7	481.0	n/a	n/a	n/a	n/a
95.736	0.022	saccade	n/a	387.4	75.0	n/a	306.1	67.4	3.29	244.0
95.76	0.054	fixation	n/a	306.9	67.1	480.0	n/a	n/a	n/a	n/a
95.816	0.016	saccade	n/a	307.2	67.6	n/a	272.7	71.9	1.39	128.0
95.834	0.242	fixation	n/a	276.7	71.3	470.0	n/a	n/a	n/a	n/a
96.078	0.052	saccade	n/a	276.0	70.4	n/a	489.2	70.4	8.55	296.0
96.132	0.17	fixation	n/a	486.4	71.0	470.0	n/a	n/a	n/a	n/a
96.304	0.02	saccade	n/a	485.1	71.6	n/a	536.0	68.3	2.04	155.0
96.326	0.18	fixation	n/a	537.1	68.1	466.0	n/a	n/a	n/a	n/a
96.508	0.062	saccade	n/a	538.0	67.4	n/a	147.7	118.0	15.53	497.0
96.572	0.248	fixation	n/a	157.0	116.7	486.0	n/a	n/a	n/a	n/a
96.822	0.046	saccade	n/a	158.8	117.0	n/a	326.1	119.8	6.64	275.0
96.87	0.348	fixation	n/a	325.3	119.8	460.0	n/a	n/a	n/a	n/a
97.22	0.018	saccade	n/a	325.9	119.2	n/a	282.5	115.8	1.75	141.0
97.24	0.162	fixation	n/a	280.6	116.1	449.0	n/a	n/a	n/a	n/a
97.404	0.046	saccade	n/a	278.9	116.4	n/a	482.3	120.9	8.15	292.0
97.452	0.28	fixation	n/a	482.3	121.0	451.0	n/a	n/a	n/a	n/a
97.672	0.0	trigger_11	11	n/a	n/a	n/a	n/a	n/a	n/a	n/a
97.678	0.0	trigger_10	10	n/a	n/a	n/a	n/a	n/a	n/a	n/a
97.734	0.064	saccade	n/a	482.3	120.3	n/a	138.0	168.2	13.75	330.0
97.8	0.168	fixation	n/a	141.7	167.2	482.0	n/a	n/a	n/a	n/a
97.97	0.024	saccade	n/a	140.7	167.6	n/a	237.9	175.4	3.83	267.0
97.996	0.282	fixation	n/a	252.0	176.0	487.0	n/a	n/a	n/a	n/a
98.28	0.032	saccade	n/a	254.2	174.7	n/a	172.5	169.9	3.24	146.0
98.314	0.174	fixation	n/a	178.8	168.0	483.0	n/a	n/a	n/a	n/a
98.49	0.044	saccade	n/a	177.1	167.4	n/a	368.8	182.3	7.65	317.0
98.536	0.308	fixation	n/a	365.6	181.5	499.0	n/a	n/a	n/a	n/a
98.846	0.04	saccade	n/a	364.8	185.1	n/a	511.3	177.4	5.88	214.0
98.888	0.224	fixation	n/a	510.5	177.7	491.0	n/a	n/a	n/a	n/a
99.114	0.014	saccade	n/a	512.6	178.9	n/a	541.0	178.9	1.13	104.0
99.13	0.106	fixation	n/a	534.5	178.3	495.0	n/a	n/a	n/a	n/a
99.238	0.06	saccade	n/a	534.3	177.1	n/a	235.3	83.8	12.5	459.0
99.3	0.134	fixation	n/a	238.6	76.0	485.0	n/a	n/a	n/a	n/a
99.436	0.022	saccade	n/a	239.9	75.2	n/a	184.8	60.9	2.26	185.0
99.46	0.47	fixation	n/a	198.8	61.5	515.0	n/a	n/a	n/a	n/a
99.932	0.022	saccade	n/a	198.6	62.3	n/a	262.7	71.1	2.57	184.0
99.956	0.314	fixation	n/a	286.9	71.9	525.0	n/a	n/a	n/a	n/a
100.272	0.044	saccade	n/a	288.5	70.7	n/a	455.7	77.2	6.71	347.0
100.318	0.298	fixation	n/a	458.7	74.5	475.0	n/a	n/a	n/a	n/a
100.618	0.056	saccade	n/a	460.9	73.9	n/a	98.7	91.9	14.28	499.0
100.676	0.234	fixation	n/a	109.9	98.9	476.0	n/a	n/a	n/a	n/a
100.912	0.01	saccade	n/a	119.5	99.4	n/a	128.5	109.4	0.53	73.0
100.924	0.138	fixation	n/a	134.2	108.9	477.0	n/a	n/a	n/a	n/a
101.064	0.058	saccade	n/a	135.0	109.7	n/a	392.6	127.4	10.23	248.0
101.124	0.15	fixation	n/a	388.0	126.8	473.0	n/a	n/a	n/a	n/a
101.276	0.05	saccade	n/a	388.7	126.1	n/a	568.6	113.0	7.22	305.0
101.328	0.174	fixation	n/a	566.0	113.3	469.0	n/a	n/a	n/a	n/a
101.504	0.024	saccade	n/a	566.6	114.0	n/a	506.1	117.7	2.42	189.0
101.53	0.162	fixation	n/a	515.0	117.9	448.0	n/a	n/a	n/a	n/a
101.694	0.034	saccade	n/a	514.8	118.4	n/a	400.8	129.5	4.6	202.0
101.73	0.19	fixation	n/a	407.6	127.6	441.0	n/a	n/a	n/a	n/a
101.922	0.108	saccade	n/a	408.0	127.2	n/a	623.5	118.6	8.59	216.0
102.032	0.148	fixation	n/a	621.3	118.0	428.0	n/a	n/a	n/a	n/a
102.182	0.074	saccade	n/a	620.2	117.7	n/a	183.0	161.6	17.3	416.0
102.258	0.206	fixation	n/a	191.7	161.1	455.0	n/a	n/a	n/a	n/a
102.466	0.03	saccade	n/a	193.8	159.9	n/a	286.1	168.8	3.69	181.0
102.498	0.224	fixation	n/a	294.7	170.1	466.0	n/a	n/a	n/a	n/a
102.568	0.0	trigger_11	11	n/a	n/a	n/a	n/a	n/a	n/a	n/a
102.572	0.0	trigger_10	10	n/a	n/a	n/a	n/a	n/a	n/a	n/a
102.724	0.032	saccade	n/a	295.5	169.9	n/a	198.4	171.1	3.86	216.0
102.758	0.186	fixation	n/a	203.1	169.5	456.0	n/a	n/a	n/a	n/a
102.946	0.022	saccade	n/a	203.4	169.1	n/a	141.5	167.7	2.43	177.0
102.97	0.34	fixation	n/a	142.2	165.0	480.0	n/a	n/a	n/a	n/a
103.312	0.042	saccade	n/a	142.4	164.7	n/a	325.6	171.1	7.26	312.0
103.356	0.176	fixation	n/a	328.2	172.6	473.0	n/a	n/a	n/a	n/a
103.534	0.024	saccade	n/a	327.0	173.9	n/a	406.3	177.2	3.19	212.0
103.56	0.174	fixation	n/a	421.1	177.5	472.0	n/a	n/a	n/a	n/a
103.736	0.02	saccade	n/a	420.6	178.5	n/a	487.2	188.5	2.7	216.0
103.758	0.148	fixation	n/a	498.2	187.2	476.0	n/a	n/a	n/a	n/a
103.908	0.056	saccade	n/a	498.1	186.9	n/a	162.8	233.6	13.39	431.0
103.966	0.256	fixation	n/a	168.3	226.4	499.0	n/a	n/a	n/a	n/a
104.224	0.02	saccade	n/a	171.4	221.3	n/a	120.1	216.7	2.01	168.0
104.246	0.16	fixation	n/a	127.8	219.8	495.0	n/a	n/a	n/a	n/a
104.408	0.042	saccade	n/a	127.8	217.3	n/a	135.7	68.1	5.99	246.0
104.452	0.358	fixation	n/a	167.3	60.9	468.0	n/a	n/a	n/a	n/a
104.812	0.046	saccade	n/a	181.0	63.0	n/a	357.0	74.7	7.03	249.0
104.86	0.16	fixation	n/a	356.9	75.4	483.0	n/a	n/a	n/a	n/a
105.022	0.018	saccade	n/a	357.0	75.5	n/a	416.2	81.3	2.4	192.0
105.042	0.178	fixation	n/a	431.2	78.1	492.0	n/a	n/a	n/a	n/a
105.222	0.03	saccade	n/a	431.4	78.7	n/a	303.8	74.2	5.14	316.0
105.254	0.18	fixation	n/a	307.6	73.6	484.0	n/a	n/a	n/a	n/a
105.436	0.02	saccade	n/a	307.6	73.8	n/a	259.6	74.6	1.92	174.0
105.458	0.306	fixation	n/a	265.3	74.2	482.0	n/a	n/a	n/a	n/a
105.766	0.056	saccade	n/a	266.0	73.9	n/a	516.0	69.8	10.0	343.0
105.824	0.198	fixation	n/a	513.2	69.4	471.0	n/a	n/a	n/a	n/a
105.896	0.0	trigger_11	11	n/a	n/a	n/a	n/a	n/a	n/a	n/a
105.902	0.0	trigger_10	10	n/a	n/a	n/a	n/a	n/a	n/a	n/a
106.024	0.058	saccade	n/a	513.5	69.1	n/a	160.9	119.8	14.11	503.0
106.084	0.308	fixation	n/a	164.9	118.8	487.0	n/a	n/a	n/a	n/a
106.394	0.018	saccade	n/a	164.3	117.8	n/a	123.9	123.5	1.59	139.0
106.414	0.192	fixation	n/a	130.1	121.3	485.0	n/a	n/a	n/a	n/a
106.608	0.042	saccade	n/a	129.3	121.3	n/a	292.5	125.9	6.44	318.0
106.652	0.16	fixation	n/a	294.1	126.8	462.0	n/a	n/a	n/a	n/a
106.814	0.022	saccade	n/a	294.8	127.2	n/a	372.1	122.6	3.11	237.0
106.838	0.172	fixation	n/a	373.8	121.6	458.0	n/a	n/a	n/a	n/a
107.012	0.018	saccade	n/a	372.9	121.5	n/a	414.8	118.8	1.69	135.0
107.032	0.262	fixation	n/a	420.0	120.4	462.0	n/a	n/a	n/a	n/a
107.296	0.026	saccade	n/a	421.4	120.7	n/a	334.0	128.5	3.53	177.0
107.324	0.196	fixation	n/a	327.3	129.1	464.0	n/a	n/a	n/a	n/a
107.522	0.02	saccade	n/a	329.7	129.1	n/a	273.4	120.7	2.28	200.0
107.544	0.17	fixation	n/a	282.1	121.6	474.0	n/a	n/a	n/a	n/a
107.716	0.028	saccade	n/a	282.3	122.4	n/a	274.0	78.2	1.83	166.0
107.746	0.392	fixation	n/a	269.9	73.3	494.0	n/a	n/a	n/a	n/a
108.14	0.036	saccade	n/a	269.3	72.8	n/a	378.7	80.5	4.4	200.0
108.178	0.188	fixation	n/a	375.4	81.6	526.0	n/a	n/a	n/a	n/a
108.368	0.034	saccade	n/a	373.9	81.9	n/a	197.2	68.7	7.07	381.0
108.404	0.378	fixation	n/a	185.4	66.0	529.0	n/a	n/a	n/a	n/a
108.784	0.058	saccade	n/a	182.6	64.5	n/a	397.7	83.9	8.61	253.0
108.844	0.098	fixation	n/a	393.5	83.0	506.0	n/a	n/a	n/a	n/a
108.944	0.024	saccade	n/a	394.4	82.6	n/a	464.3	76.6	2.82	184.0
108.97	0.046	fixation	n/a	466.6	77.9	506.0	n/a	n/a	n/a	n/a
109.018	0.238	saccade	n/a	468.1	83.9	n/a	442.2	117.0	1.71	419.0
109.056	0.168	blink	n/a	n/a	n/a	n/a	n/a	n/a	n/a	n/a
109.258	0.018	fixation	n/a	451.1	102.7	459.0	n/a	n/a	n/a	n/a
109.278	0.032	saccade	n/a	453.4	91.3	n/a	365.3	100.3	3.56	185.0
109.28	0.0	trigger_11	11	n/a	n/a	n/a	n/a	n/a	n/a	n/a
109.286	0.0	trigger_10	10	n/a	n/a	n/a	n/a	n/a	n/a	n/a
109.312	0.114	fixation	n/a	371.5	98.4	494.0	n/a	n/a	n/a	n/a
109.428	0.044	saccade	n/a	373.9	97.1	n/a	194.7	114.5	7.19	328.0
109.474	0.176	fixation	n/a	202.2	114.0	512.0	n/a	n/a	n/a	n/a
109.652	0.02	saccade	n/a	205.1	114.1	n/a	139.0	117.3	2.6	223.0
109.674	0.264	fixation	n/a	149.5	117.5	480.0	n/a	n/a	n/a	n/a
109.94	0.028	saccade	n/a	151.2	118.3	n/a	260.4	116.1	4.31	243.0
109.97	0.07	fixation	n/a	264.1	116.5	439.0	n/a	n/a	n/a	n/a
110.042	0.03	saccade	n/a	264.9	116.5	n/a	359.7	126.6	3.83	185.0
110.074	0.38	fixation	n/a	362.3	128.7	429.0	n/a	n/a	n/a	n/a
110.456	0.022	saccade	n/a	362.3	129.0	n/a	310.1	75.5	3.03	253.0
110.48	0.152	fixation	n/a	307.5	69.9	444.0	n/a	n/a	n/a	n/a
110.634	0.024	saccade	n/a	307.0	70.2	n/a	197.9	62.4	4.36	306.0
110.66	0.41	fixation	n/a	185.6	61.3	467.0	n/a	n/a	n/a	n/a
111.072	0.042	saccade	n/a	181.6	64.9	n/a	335.2	76.0	6.12	315.0
111.116	0.072	fixation	n/a	330.6	75.4	498.0	n/a	n/a	n/a	n/a
111.19	0.054	saccade	n/a	333.0	75.5	n/a	159.7	70.2	6.88	324.0
111.246	0.286	fixation	n/a	169.6	68.4	508.0	n/a	n/a	n/a	n/a
111.534	0.042	saccade	n/a	169.7	68.0	n/a	339.2	75.9	6.73	274.0
111.578	0.184	fixation	n/a	332.7	75.1	499.0	n/a	n/a	n/a	n/a
111.764	0.024	saccade	n/a	332.6	74.2	n/a	250.0	71.8	3.31	242.0
111.79	0.308	fixation	n/a	259.0	69.9	479.0	n/a	n/a	n/a	n/a
112.1	0.022	saccade	n/a	258.6	68.4	n/a	190.7	68.8	2.69	220.0
112.124	0.178	fixation	n/a	191.0	66.5	477.0	n/a	n/a	n/a	n/a
112.304	0.044	saccade	n/a	189.5	67.2	n/a	355.7	78.4	6.64	307.0
112.35	0.224	fixation	n/a	350.8	76.7	473.0	n/a	n/a	n/a	n/a
112.576	0.022	saccade	n/a	349.7	76.2	n/a	409.5	81.6	2.42	178.0
112.6	0.196	fixation	n/a	413.1	80.4	466.0	n/a	n/a	n/a	n/a
112.798	0.02	saccade	n/a	412.3	80.1	n/a	459.7	74.3	1.92	156.0
112.82	0.214	fixation	n/a	458.3	74.4	468.0	n/a	n/a	n/a	n/a
113.036	0.022	saccade	n/a	457.0	74.7	n/a	506.0	70.6	1.97	144.0
113.06	0.644	fixation	n/a	509.8	71.9	468.0	n/a	n/a	n/a	n/a
113.706	0.02	saccade	n/a	504.9	72.8	n/a	552.3	69.3	1.9	142.0
113.728	0.824	fixation	n/a	550.7	68.7	496.0	n/a	n/a	n/a	n/a
114.554	0.064	saccade	n/a	547.7	70.6	n/a	129.0	127.6	16.64	434.0
114.62	0.298	fixation	n/a	145.4	126.4	529.0	n/a	n/a	n/a	n/a
114.92	0.038	saccade	n/a	149.3	124.9	n/a	283.2	124.9	5.29	304.0
114.96	0.306	fixation	n/a	280.9	125.5	494.0	n/a	n/a	n/a	n/a
115.268	0.048	saccade	n/a	280.9	125.2	n/a	432.1	125.3	6.07	289.0
115.318	0.414	fixation	n/a	430.1	124.5	471.0	n/a	n/a	n/a	n/a
115.378	0.0	trigger_11	11	n/a	n/a	n/a	n/a	n/a	n/a	n/a
115.38	0.0	trigger_10	10	n/a	n/a	n/a	n/a	n/a	n/a	n/a
115.734	0.028	saccade	n/a	428.4	124.8	n/a	511.0	120.4	3.32	156.0
115.764	0.24	fixation	n/a	524.0	121.6	478.0	n/a	n/a	n/a	n/a
116.006	0.066	saccade	n/a	522.3	122.4	n/a	166.2	159.0	14.18	421.0
116.074	0.162	fixation	n/a	178.9	157.1	486.0	n/a	n/a	n/a	n/a
116.238	0.022	saccade	n/a	183.4	155.6	n/a	124.0	168.4	2.38	214.0
116.262	0.3	fixation	n/a	135.3	166.8	475.0	n/a	n/a	n/a	n/a
116.564	0.03	saccade	n/a	138.3	165.6	n/a	230.5	161.1	3.63	167.0
116.596	0.214	fixation	n/a	241.0	160.7	441.0	n/a	n/a	n/a	n/a
116.812	0.012	saccade	n/a	241.1	161.1	n/a	214.5	164.3	1.06	98.0
116.826	0.208	fixation	n/a	218.2	162.5	424.0	n/a	n/a	n/a	n/a
117.036	0.022	saccade	n/a	220.7	160.9	n/a	267.4	158.5	1.86	108.0
117.06	0.194	fixation	n/a	302.1	159.4	414.0	n/a	n/a	n/a	n/a
117.256	0.036	saccade	n/a	304.1	159.2	n/a	245.1	63.4	4.56	229.0
117.294	0.302	fixation	n/a	260.0	67.1	406.0	n/a	n/a	n/a	n/a
117.598	0.028	saccade	n/a	262.6	69.6	n/a	169.4	66.4	3.69	213.0
117.628	0.222	fixation	n/a	168.9	64.3	417.0	n/a	n/a	n/a	n/a
117.852	0.018	saccade	n/a	168.2	64.0	n/a	133.6	63.0	1.35	124.0
117.872	0.19	fixation	n/a	137.7	63.3	436.0	n/a	n/a	n/a	n/a
118.064	0.016	saccade	n/a	137.6	64.5	n/a	176.9	64.8	1.54	130.0
118.082	0.128	fixation	n/a	182.4	65.7	427.0	n/a	n/a	n/a	n/a
118.212	0.042	saccade	n/a	181.4	65.6	n/a	334.0	76.6	6.08	298.0
118.256	0.25	fixation	n/a	333.5	75.5	422.0	n/a	n/a	n/a	n/a
118.508	0.036	saccade	n/a	333.8	75.3	n/a	451.7	72.9	4.74	227.0
118.546	0.196	fixation	n/a	451.3	73.8	417.0	n/a	n/a	n/a	n/a
118.744	0.016	saccade	n/a	450.3	74.7	n/a	414.8	78.7	1.44	122.0
118.762	0.342	fixation	n/a	417.7	78.7	425.0	n/a	n/a	n/a	n/a
119.106	0.02	saccade	n/a	415.1	80.2	n/a	477.6	69.2	2.55	187.0
119.128	0.488	fixation	n/a	491.1	68.6	431.0	n/a	n/a	n/a	n/a
119.346	0.0	trigger_11	11	n/a	n/a	n/a	n/a	n/a	n/a	n/a
119.352	0.0	trigger_10	10	n/a	n/a	n/a	n/a	n/a	n/a	n/a
119.618	0.016	saccade	n/a	489.9	69.0	n/a	529.3	65.5	1.59	134.0
119.636	0.136	fixation	n/a	532.1	65.7	441.0	n/a	n/a	n/a	n/a
119.774	0.06	saccade	n/a	532.3	65.9	n/a	162.7	116.2	14.78	433.0
119.836	0.228	fixation	n/a	172.4	114.0	458.0	n/a	n/a	n/a	n/a
120.066	0.016	saccade	n/a	173.6	114.4	n/a	137.1	119.8	1.45	126.0
120.084	0.186	fixation	n/a	139.6	118.9	470.0	n/a	n/a	n/a	n/a
120.272	0.024	saccade	n/a	138.9	119.0	n/a	211.1	112.2	2.86	190.0
120.298	0.224	fixation	n/a	224.6	115.3	431.0	n/a	n/a	n/a	n/a
120.524	0.018	saccade	n/a	224.9	116.3	n/a	173.3	117.6	2.04	158.0
120.544	0.108	fixation	n/a	164.7	117.5	433.0	n/a	n/a	n/a	n/a
120.654	0.02	saccade	n/a	165.6	117.4	n/a	112.5	128.4	2.12	153.0
120.676	0.228	fixation	n/a	117.9	128.0	457.0	n/a	n/a	n/a	n/a
120.906	0.03	saccade	n/a	120.6	126.1	n/a	195.0	82.5	3.4	191.0
120.938	0.26	fixation	n/a	219.4	76.6	478.0	n/a	n/a	n/a	n/a
121.2	0.02	saccade	n/a	221.7	77.2	n/a	163.3	71.0	2.32	180.0
121.222	0.342	fixation	n/a	155.9	70.6	514.0	n/a	n/a	n/a	n/a
121.566	0.036	saccade	n/a	154.8	71.6	n/a	317.0	77.2	6.43	334.0
121.604	0.21	fixation	n/a	332.0	77.5	527.0	n/a	n/a	n/a	n/a
121.816	0.038	saccade	n/a	331.9	77.9	n/a	462.7	75.7	5.25	256.0
121.856	0.232	fixation	n/a	463.1	75.3	512.0	n/a	n/a	n/a	n/a
122.09	0.02	saccade	n/a	461.8	75.4	n/a	513.6	71.0	2.08	158.0
122.112	0.174	fixation	n/a	521.2	70.7	499.0	n/a	n/a	n/a	n/a
122.288	0.018	saccade	n/a	521.3	70.6	n/a	571.0	70.9	1.98	147.0
122.308	0.442	fixation	n/a	579.2	69.5	471.0	n/a	n/a	n/a	n/a
122.752	0.066	saccade	n/a	580.1	68.6	n/a	181.9	116.3	15.86	420.0
122.77	0.0	trigger_11	11	n/a	n/a	n/a	n/a	n/a	n/a	n/a
122.776	0.0	trigger_10	10	n/a	n/a	n/a	n/a	n/a	n/a	n/a
122.82	0.488	fixation	n/a	191.3	112.6	470.0	n/a	n/a	n/a	n/a
123.31	0.016	saccade	n/a	194.8	110.1	n/a	165.4	116.7	1.19	110.0
123.328	0.168	fixation	n/a	173.6	114.6	454.0	n/a	n/a	n/a	n/a
123.498	0.032	saccade	n/a	173.9	114.9	n/a	310.4	122.7	5.44	280.0
123.532	0.218	fixation	n/a	312.4	123.4	441.0	n/a	n/a	n/a	n/a
123.752	0.018	saccade	n/a	313.4	122.4	n/a	265.9	116.2	1.92	185.0
123.772	0.214	fixation	n/a	273.9	115.0	438.0	n/a	n/a	n/a	n/a
123.988	0.022	saccade	n/a	275.4	113.9	n/a	185.3	119.4	3.58	277.0
124.012	0.284	fixation	n/a	179.3	116.2	455.0	n/a	n/a	n/a	n/a
124.298	0.026	saccade	n/a	178.4	115.6	n/a	307.6	113.7	5.14	346.0
124.326	0.262	fixation	n/a	324.6	121.8	468.0	n/a	n/a	n/a	n/a
124.59	0.022	saccade	n/a	323.6	122.8	n/a	271.7	108.3	2.16	142.0
124.614	0.13	fixation	n/a	281.8	108.5	473.0	n/a	n/a	n/a	n/a
124.746	0.02	saccade	n/a	283.9	110.0	n/a	223.5	85.3	2.61	212.0
124.768	0.27	fixation	n/a	224.6	73.9	480.0	n/a	n/a	n/a	n/a
125.04	0.02	saccade	n/a	227.8	74.8	n/a	166.8	72.2	2.41	190.0
125.062	0.168	fixation	n/a	166.5	72.1	524.0	n/a	n/a	n/a	n/a
125.232	0.02	saccade	n/a	167.5	73.4	n/a	120.4	75.7	1.84	133.0
125.254	0.214	fixation	n/a	126.3	75.5	560.0	n/a	n/a	n/a	n/a
125.47	0.016	saccade	n/a	126.0	76.5	n/a	172.0	74.8	1.8	153.0
125.488	0.136	fixation	n/a	184.4	73.1	563.0	n/a	n/a	n/a	n/a
125.626	0.048	saccade	n/a	185.4	72.8	n/a	358.8	83.7	6.92	313.0
125.676	0.338	fixation	n/a	354.8	82.0	525.0	n/a	n/a	n/a	n/a
126.016	0.038	saccade	n/a	354.2	82.7	n/a	498.0	75.2	5.79	243.0
126.056	0.198	fixation	n/a	491.1	75.6	515.0	n/a	n/a	n/a	n/a
126.256	0.022	saccade	n/a	490.1	75.6	n/a	428.4	83.9	2.51	195.0
126.28	0.234	fixation	n/a	436.8	82.5	514.0	n/a	n/a	n/a	n/a
126.516	0.038	saccade	n/a	436.5	82.3	n/a	554.3	74.6	4.73	185.0
126.556	0.152	fixation	n/a	550.6	73.9	515.0	n/a	n/a	n/a	n/a
126.71	0.02	saccade	n/a	549.2	74.3	n/a	594.9	73.0	1.81	132.0
126.732	0.43	fixation	n/a	587.7	74.0	517.0	n/a	n/a	n/a	n/a
127.164	0.02	saccade	n/a	586.2	73.9	n/a	632.4	72.5	1.82	150.0
127.186	0.096	fixation	n/a	629.0	71.4	511.0	n/a	n/a	n/a	n/a
127.284	0.07	saccade	n/a	628.5	71.8	n/a	137.4	115.7	19.26	459.0
127.356	0.198	fixation	n/a	146.8	113.3	548.0	n/a	n/a	n/a	n/a
127.556	0.034	saccade	n/a	148.5	113.3	n/a	285.2	106.1	5.41	274.0
127.592	0.208	fixation	n/a	284.7	108.6	539.0	n/a	n/a	n/a	n/a
127.802	0.026	saccade	n/a	285.0	109.2	n/a	174.2	114.8	4.4	358.0
127.83	0.142	fixation	n/a	178.5	112.3	520.0	n/a	n/a	n/a	n/a
127.974	0.052	saccade	n/a	177.6	112.7	n/a	459.0	120.7	11.19	423.0
128.028	0.176	fixation	n/a	453.6	121.2	498.0	n/a	n/a	n/a	n/a
128.206	0.022	saccade	n/a	455.8	122.1	n/a	405.8	124.8	2.02	169.0
128.23	0.104	fixation	n/a	416.3	124.0	501.0	n/a	n/a	n/a	n/a
128.29	0.0	trigger_11	11	n/a	n/a	n/a	n/a	n/a	n/a	n/a
128.294	0.0	trigger_12	12	n/a	n/a	n/a	n/a	n/a	n/a	n/a
128.336	0.038	saccade	n/a	416.6	124.2	n/a	542.1	114.0	5.05	210.0
128.376	0.204	fixation	n/a	539.3	114.2	516.0	n/a	n/a	n/a	n/a
128.582	0.032	saccade	n/a	540.3	114.0	n/a	422.5	121.2	4.73	288.0
128.616	0.228	fixation	n/a	429.7	121.8	524.0	n/a	n/a	n/a	n/a
128.846	0.018	saccade	n/a	429.9	122.0	n/a	472.2	119.0	1.71	139.0
128.866	0.292	fixation	n/a	468.8	119.6	518.0	n/a	n/a	n/a	n/a
129.16	0.064	saccade	n/a	470.1	119.4	n/a	90.2	187.2	15.18	346.0
129.226	0.16	fixation	n/a	97.7	184.5	540.0	n/a	n/a	n/a	n/a
129.388	0.018	saccade	n/a	99.6	185.5	n/a	134.6	167.3	1.54	144.0
129.408	0.108	fixation	n/a	129.0	169.1	533.0	n/a	n/a	n/a	n/a
129.518	0.072	saccade	n/a	129.0	169.4	n/a	527.0	126.1	15.8	372.0
129.592	0.17	fixation	n/a	536.6	115.5	488.0	n/a	n/a	n/a	n/a
129.764	0.024	saccade	n/a	536.5	110.9	n/a	445.7	121.9	3.67	266.0
129.79	0.142	fixation	n/a	442.2	122.2	473.0	n/a	n/a	n/a	n/a
129.934	0.022	saccade	n/a	442.1	122.8	n/a	519.5	114.4	3.13	190.0
129.958	0.514	fixation	n/a	531.0	116.2	516.0	n/a	n/a	n/a	n/a
130.474	0.05	saccade	n/a	528.1	116.2	n/a	209.6	84.9	12.73	415.0
130.526	0.16	fixation	n/a	218.2	79.9	542.0	n/a	n/a	n/a	n/a
130.688	0.022	saccade	n/a	223.2	79.2	n/a	134.2	76.1	3.5	267.0
130.712	0.186	fixation	n/a	138.1	74.2	537.0	n/a	n/a	n/a	n/a
130.9	0.044	saccade	n/a	138.6	74.7	n/a	330.7	81.1	7.6	365.0
130.946	0.312	fixation	n/a	330.6	80.5	519.0	n/a	n/a	n/a	n/a
131.26	0.042	saccade	n/a	332.3	80.7	n/a	153.8	79.1	7.07	256.0
131.304	0.268	fixation	n/a	158.7	77.0	546.0	n/a	n/a	n/a	n/a
131.418	0.0	trigger_13	13	n/a	n/a	n/a	n/a	n/a	n/a	n/a
131.574	0.02	saccade	n/a	158.6	77.8	n/a	116.4	81.8	1.65	135.0
131.596	0.178	fixation	n/a	123.5	81.1	564.0	n/a	n/a	n/a	n/a
131.776	0.018	saccade	n/a	124.4	81.6	n/a	136.1	117.8	1.52	139.0
131.796	0.072	fixation	n/a	136.2	111.8	564.0	n/a	n/a	n/a	n/a
131.87	0.064	saccade	n/a	134.6	111.8	n/a	490.2	83.2	14.1	421.0
131.936	0.436	fixation	n/a	486.0	78.1	526.0	n/a	n/a	n/a	n/a
132.374	0.052	saccade	n/a	486.0	78.2	n/a	155.6	112.7	13.19	417.0
132.428	0.136	fixation	n/a	156.7	112.1	551.0	n/a	n/a	n/a	n/a
132.566	0.016	saccade	n/a	156.6	113.1	n/a	125.0	127.3	1.36	134.0
132.584	0.434	fixation	n/a	132.6	123.5	546.0	n/a	n/a	n/a	n/a
133.02	0.042	saccade	n/a	135.4	118.9	n/a	292.0	88.4	6.3	222.0
133.064	0.114	fixation	n/a	336.6	97.3	461.0	n/a	n/a	n/a	n/a
133.18	0.036	saccade	n/a	340.5	90.6	n/a	211.5	83.0	5.15	263.0
133.218	0.464	fixation	n/a	225.1	77.2	504.0	n/a	n/a	n/a	n/a
133.394	0.0	trigger_15	15	n/a	n/a	n/a	n/a	n/a	n/a	n/a
133.398	0.0	trigger_10	10	n/a	n/a	n/a	n/a	n/a	n/a	n/a
133.684	0.024	saccade	n/a	227.1	78.1	n/a	316.8	78.1	3.58	263.0
133.71	0.226	fixation	n/a	334.7	80.0	544.0	n/a	n/a	n/a	n/a
133.938	0.034	saccade	n/a	336.3	80.7	n/a	287.8	166.1	3.98	225.0
133.974	0.162	fixation	n/a	291.6	158.3	585.0	n/a	n/a	n/a	n/a
134.138	0.06	saccade	n/a	291.2	160.4	n/a	485.4	92.8	8.26	263.0
134.2	0.216	fixation	n/a	482.6	93.3	564.0	n/a	n/a	n/a	n/a
134.418	0.038	saccade	n/a	484.7	93.2	n/a	586.4	83.8	4.07	236.0
134.458	0.26	fixation	n/a	580.9	83.6	510.0	n/a	n/a	n/a	n/a
134.72	0.034	saccade	n/a	580.2	84.9	n/a	483.9	97.2	3.88	232.0
134.756	0.16	fixation	n/a	489.5	95.9	544.0	n/a	n/a	n/a	n/a
134.918	0.042	saccade	n/a	488.9	96.8	n/a	358.2	175.3	6.15	395.0
134.962	0.208	fixation	n/a	361.7	173.0	608.0	n/a	n/a	n/a	n/a
135.172	0.018	saccade	n/a	361.6	173.8	n/a	341.1	182.3	0.89	98.0
135.192	0.386	fixation	n/a	345.5	176.3	592.0	n/a	n/a	n/a	n/a
135.58	0.024	saccade	n/a	345.6	175.1	n/a	282.7	96.8	4.07	312.0
135.606	0.182	fixation	n/a	288.3	87.6	515.0	n/a	n/a	n/a	n/a
135.79	0.026	saccade	n/a	288.2	86.2	n/a	177.3	81.8	4.4	272.0
135.818	0.234	fixation	n/a	167.4	78.6	517.0	n/a	n/a	n/a	n/a
135.922	0.0	trigger_11	11	n/a	n/a	n/a	n/a	n/a	n/a	n/a
135.926	0.0	trigger_10	10	n/a	n/a	n/a	n/a	n/a	n/a	n/a
136.054	0.02	saccade	n/a	168.4	77.2	n/a	235.4	76.4	2.64	203.0
136.076	0.172	fixation	n/a	244.0	77.2	533.0	n/a	n/a	n/a	n/a
136.25	0.038	saccade	n/a	243.6	77.9	n/a	359.4	83.5	4.65	232.0
136.29	0.162	fixation	n/a	355.7	83.4	542.0	n/a	n/a	n/a	n/a
136.454	0.044	saccade	n/a	357.1	83.8	n/a	164.9	78.3	7.65	324.0
136.5	0.184	fixation	n/a	172.9	76.4	564.0	n/a	n/a	n/a	n/a
136.686	0.018	saccade	n/a	174.0	77.3	n/a	137.5	83.0	1.45	118.0
136.706	0.202	fixation	n/a	146.3	81.7	580.0	n/a	n/a	n/a	n/a
136.91	0.012	saccade	n/a	147.6	82.5	n/a	123.0	84.5	0.96	90.0
136.924	0.128	fixation	n/a	124.6	83.5	585.0	n/a	n/a	n/a	n/a
137.054	0.058	saccade	n/a	124.3	84.3	n/a	416.2	88.4	11.56	389.0
137.114	0.28	fixation	n/a	413.7	89.1	564.0	n/a	n/a	n/a	n/a
137.396	0.024	saccade	n/a	413.6	88.3	n/a	347.0	83.7	2.69	211.0
137.422	0.108	fixation	n/a	352.2	82.9	542.0	n/a	n/a	n/a	n/a
137.532	0.02	saccade	n/a	353.5	82.9	n/a	290.3	81.3	2.54	185.0
137.554	0.242	fixation	n/a	286.9	80.4	525.0	n/a	n/a	n/a	n/a
137.798	0.018	saccade	n/a	286.8	80.6	n/a	246.9	82.0	1.59	142.0
137.818	0.332	fixation	n/a	254.6	80.9	539.0	n/a	n/a	n/a	n/a
138.106	0.0	trigger_11	11	n/a	n/a	n/a	n/a	n/a	n/a	n/a
138.112	0.0	trigger_10	10	n/a	n/a	n/a	n/a	n/a	n/a	n/a
138.152	0.022	saccade	n/a	255.5	80.7	n/a	326.0	81.7	2.82	183.0
138.176	0.172	fixation	n/a	336.8	82.9	537.0	n/a	n/a	n/a	n/a
138.35	0.04	saccade	n/a	338.5	83.3	n/a	160.0	79.8	7.08	325.0
138.392	0.312	fixation	n/a	163.6	77.2	528.0	n/a	n/a	n/a	n/a
138.706	0.022	saccade	n/a	164.8	76.7	n/a	232.7	76.8	2.68	194.0
138.73	0.256	fixation	n/a	238.6	78.1	522.0	n/a	n/a	n/a	n/a
138.988	0.022	saccade	n/a	240.3	78.8	n/a	314.6	82.1	2.98	189.0
139.012	0.248	fixation	n/a	336.5	82.0	520.0	n/a	n/a	n/a	n/a
139.262	0.02	saccade	n/a	336.8	81.9	n/a	283.9	83.2	2.12	166.0
139.284	0.104	fixation	n/a	294.8	82.0	525.0	n/a	n/a	n/a	n/a
139.39	0.022	saccade	n/a	295.5	81.8	n/a	375.2	87.4	3.21	240.0
139.414	0.258	fixation	n/a	378.9	87.1	525.0	n/a	n/a	n/a	n/a
139.674	0.048	saccade	n/a	380.5	86.7	n/a	194.3	80.4	7.44	269.0
139.724	0.176	fixation	n/a	203.7	78.9	533.0	n/a	n/a	n/a	n/a
139.902	0.02	saccade	n/a	205.2	78.7	n/a	153.4	80.9	2.04	174.0
139.924	0.418	fixation	n/a	160.6	80.1	522.0	n/a	n/a	n/a	n/a
140.344	0.042	saccade	n/a	160.1	79.7	n/a	318.6	77.7	6.29	275.0
140.388	0.186	fixation	n/a	316.4	77.0	510.0	n/a	n/a	n/a	n/a
140.576	0.018	saccade	n/a	315.7	77.8	n/a	366.8	81.3	2.06	171.0
140.596	0.14	fixation	n/a	374.2	82.2	504.0	n/a	n/a	n/a	n/a
140.738	0.018	saccade	n/a	374.4	82.7	n/a	417.3	82.6	1.73	148.0
140.758	0.148	fixation	n/a	418.9	82.2	493.0	n/a	n/a	n/a	n/a
140.908	0.048	saccade	n/a	418.4	83.3	n/a	145.4	108.5	10.88	417.0
140.958	0.228	fixation	n/a	149.9	106.8	525.0	n/a	n/a	n/a	n/a
141.188	0.032	saccade	n/a	150.2	106.3	n/a	274.4	112.0	4.91	288.0
141.222	0.158	fixation	n/a	274.2	113.6	518.0	n/a	n/a	n/a	n/a
141.382	0.038	saccade	n/a	272.1	113.5	n/a	401.9	125.8	5.24	319.0
141.422	0.198	fixation	n/a	398.2	126.0	495.0	n/a	n/a	n/a	n/a
141.622	0.016	saccade	n/a	397.8	126.7	n/a	362.8	126.5	1.41	120.0
141.64	0.184	fixation	n/a	373.1	127.3	480.0	n/a	n/a	n/a	n/a
141.826	0.028	saccade	n/a	372.7	127.0	n/a	480.8	119.7	4.36	236.0
141.856	0.178	fixation	n/a	502.8	117.1	475.0	n/a	n/a	n/a	n/a
142.036	0.024	saccade	n/a	502.2	117.8	n/a	563.9	114.4	2.47	154.0
142.062	0.236	fixation	n/a	579.1	114.5	472.0	n/a	n/a	n/a	n/a
142.3	0.078	saccade	n/a	579.4	115.1	n/a	142.2	167.3	17.34	423.0
142.38	0.16	fixation	n/a	139.6	168.3	493.0	n/a	n/a	n/a	n/a
142.542	0.304	saccade	n/a	144.1	167.7	n/a	268.2	206.8	5.14	444.0
142.626	0.172	blink	n/a	n/a	n/a	n/a	n/a	n/a	n/a	n/a
142.764	0.0	trigger_11	11	n/a	n/a	n/a	n/a	n/a	n/a	n/a
142.77	0.0	trigger_10	10	n/a	n/a	n/a	n/a	n/a	n/a	n/a
142.848	0.124	fixation	n/a	263.3	159.7	492.0	n/a	n/a	n/a	n/a
142.974	0.014	saccade	n/a	257.4	146.5	n/a	284.7	153.4	1.13	99.0
142.99	0.168	fixation	n/a	289.4	170.0	493.0	n/a	n/a	n/a	n/a
143.16	0.04	saccade	n/a	291.8	174.4	n/a	135.6	174.7	6.16	355.0
143.202	0.136	fixation	n/a	138.6	172.8	506.0	n/a	n/a	n/a	n/a
143.34	0.018	saccade	n/a	138.6	171.6	n/a	99.0	183.0	1.6	134.0
143.36	0.114	fixation	n/a	105.8	179.2	483.0	n/a	n/a	n/a	n/a
143.476	0.072	saccade	n/a	105.6	178.1	n/a	551.1	110.7	17.68	460.0
143.55	0.246	fixation	n/a	549.5	111.6	441.0	n/a	n/a	n/a	n/a
143.798	0.056	saccade	n/a	549.7	112.9	n/a	220.0	175.9	13.36	481.0
143.856	0.348	fixation	n/a	223.4	169.9	481.0	n/a	n/a	n/a	n/a
144.206	0.022	saccade	n/a	222.2	163.4	n/a	304.7	175.1	3.32	274.0
144.23	0.258	fixation	n/a	313.7	176.4	506.0	n/a	n/a	n/a	n/a
144.49	0.082	saccade	n/a	315.3	176.4	n/a	154.0	109.8	6.93	281.0
144.574	0.098	fixation	n/a	164.7	107.8	493.0	n/a	n/a	n/a	n/a
144.674	0.012	saccade	n/a	167.3	103.3	n/a	160.6	79.9	0.98	91.0
144.688	0.322	fixation	n/a	165.3	79.6	494.0	n/a	n/a	n/a	n/a
145.012	0.04	saccade	n/a	167.5	79.1	n/a	329.4	80.5	6.42	265.0
145.054	0.172	fixation	n/a	321.3	78.7	515.0	n/a	n/a	n/a	n/a
145.228	0.042	saccade	n/a	320.3	79.3	n/a	464.1	79.8	5.78	253.0
145.272	0.234	fixation	n/a	459.2	79.5	518.0	n/a	n/a	n/a	n/a
145.508	0.022	saccade	n/a	457.1	79.7	n/a	516.6	74.1	2.4	149.0
145.532	0.194	fixation	n/a	524.5	74.1	503.0	n/a	n/a	n/a	n/a
145.556	0.0	trigger_11	11	n/a	n/a	n/a	n/a	n/a	n/a	n/a
145.56	0.0	trigger_10	10	n/a	n/a	n/a	n/a	n/a	n/a	n/a
145.728	0.068	saccade	n/a	524.9	74.7	n/a	148.8	111.3	14.94	420.0
145.798	0.186	fixation	n/a	141.7	111.2	522.0	n/a	n/a	n/a	n/a
145.986	0.016	saccade	n/a	140.2	112.1	n/a	121.9	117.6	0.75	78.0
146.004	0.198	fixation	n/a	127.2	117.1	517.0	n/a	n/a	n/a	n/a
146.204	0.018	saccade	n/a	127.2	117.1	n/a	172.4	88.7	2.11	176.0
146.224	0.16	fixation	n/a	180.6	78.0	495.0	n/a	n/a	n/a	n/a
146.386	0.038	saccade	n/a	182.3	78.5	n/a	319.2	78.7	5.44	266.0
146.426	0.25	fixation	n/a	324.0	81.5	491.0	n/a	n/a	n/a	n/a
146.678	0.016	saccade	n/a	324.2	83.2	n/a	365.7	86.5	1.68	144.0
146.696	0.136	fixation	n/a	364.7	87.5	507.0	n/a	n/a	n/a	n/a
146.834	0.022	saccade	n/a	364.0	87.5	n/a	432.2	87.7	2.75	204.0
146.858	0.158	fixation	n/a	451.6	85.2	517.0	n/a	n/a	n/a	n/a
147.018	0.064	saccade	n/a	454.5	86.7	n/a	191.0	83.4	10.48	290.0
147.084	0.244	fixation	n/a	190.5	78.3	529.0	n/a	n/a	n/a	n/a
147.33	0.014	saccade	n/a	194.0	77.6	n/a	218.7	77.3	0.98	90.0
147.346	0.474	fixation	n/a	220.0	74.6	517.0	n/a	n/a	n/a	n/a
147.822	0.022	saccade	n/a	221.8	72.0	n/a	148.0	79.8	2.92	224.0
147.846	0.28	fixation	n/a	149.7	78.0	497.0	n/a	n/a	n/a	n/a
148.128	0.052	saccade	n/a	148.5	77.9	n/a	383.0	87.5	9.31	318.0
148.182	0.504	fixation	n/a	377.8	85.6	474.0	n/a	n/a	n/a	n/a
148.356	0.0	trigger_11	11	n/a	n/a	n/a	n/a	n/a	n/a	n/a
148.362	0.0	trigger_10	10	n/a	n/a	n/a	n/a	n/a	n/a	n/a
148.688	0.04	saccade	n/a	373.9	86.4	n/a	522.0	72.6	5.97	238.0
148.73	0.2	fixation	n/a	536.0	72.5	472.0	n/a	n/a	n/a	n/a
148.932	0.06	saccade	n/a	537.0	72.9	n/a	177.0	112.3	14.35	439.0
148.994	0.228	fixation	n/a	180.1	112.6	544.0	n/a	n/a	n/a	n/a
149.224	0.024	saccade	n/a	180.6	113.7	n/a	287.9	116.6	4.26	272.0
149.25	0.304	fixation	n/a	320.6	116.4	527.0	n/a	n/a	n/a	n/a
149.556	0.022	saccade	n/a	323.1	115.8	n/a	258.4	113.2	2.59	195.0
149.58	0.136	fixation	n/a	264.3	112.0	509.0	n/a	n/a	n/a	n/a
149.718	0.024	saccade	n/a	265.2	111.6	n/a	186.6	115.0	3.12	236.0
149.744	0.2	fixation	n/a	185.7	113.6	513.0	n/a	n/a	n/a	n/a
149.946	0.02	saccade	n/a	188.1	113.9	n/a	128.9	120.3	2.33	167.0
149.968	0.202	fixation	n/a	128.0	121.5	530.0	n/a	n/a	n/a	n/a
150.172	0.04	saccade	n/a	128.3	121.4	n/a	240.9	106.1	4.48	191.0
150.214	0.34	fixation	n/a	244.4	107.6	540.0	n/a	n/a	n/a	n/a
150.556	0.018	saccade	n/a	242.7	107.4	n/a	218.6	74.1	1.66	140.0
150.576	0.184	fixation	n/a	220.5	72.5	559.0	n/a	n/a	n/a	n/a
150.762	0.022	saccade	n/a	220.8	72.7	n/a	155.4	82.0	2.61	217.0
150.786	0.2	fixation	n/a	158.7	78.6	557.0	n/a	n/a	n/a	n/a
150.988	0.042	saccade	n/a	159.1	77.6	n/a	315.3	81.3	6.2	231.0
151.032	0.204	fixation	n/a	311.9	79.8	532.0	n/a	n/a	n/a	n/a
151.238	0.024	saccade	n/a	313.1	78.8	n/a	224.2	78.1	3.55	247.0
151.264	0.09	fixation	n/a	224.2	77.4	533.0	n/a	n/a	n/a	n/a
151.356	0.284	saccade	n/a	225.7	84.3	n/a	241.6	111.3	1.27	501.0
151.398	0.184	blink	n/a	n/a	n/a	n/a	n/a	n/a	n/a	n/a
151.642	0.222	fixation	n/a	253.1	77.2	490.0	n/a	n/a	n/a	n/a
151.866	0.024	saccade	n/a	253.3	76.8	n/a	176.8	76.0	3.03	230.0
151.892	0.206	fixation	n/a	183.7	76.0	533.0	n/a	n/a	n/a	n/a
152.1	0.022	saccade	n/a	184.4	77.2	n/a	260.1	78.5	3.0	210.0
152.124	0.172	fixation	n/a	269.5	79.3	500.0	n/a	n/a	n/a	n/a
152.298	0.036	saccade	n/a	270.3	80.1	n/a	405.5	89.4	5.44	265.0
152.336	0.048	fixation	n/a	409.5	89.0	479.0	n/a	n/a	n/a	n/a
152.386	0.026	saccade	n/a	410.1	88.6	n/a	506.2	81.0	3.87	260.0
152.414	0.184	fixation	n/a	501.5	80.0	470.0	n/a	n/a	n/a	n/a
152.6	0.022	saccade	n/a	500.3	79.6	n/a	443.5	84.3	2.29	152.0
152.624	0.216	fixation	n/a	440.5	84.8	463.0	n/a	n/a	n/a	n/a
152.842	0.05	saccade	n/a	441.7	85.6	n/a	141.6	111.8	11.96	338.0
152.894	0.224	fixation	n/a	142.9	110.7	494.0	n/a	n/a	n/a	n/a
153.12	0.032	saccade	n/a	143.7	110.5	n/a	269.5	113.1	4.97	299.0
153.154	0.126	fixation	n/a	269.9	115.2	487.0	n/a	n/a	n/a	n/a
153.282	0.038	saccade	n/a	269.3	115.0	n/a	414.5	125.1	5.85	362.0
153.322	0.228	fixation	n/a	413.3	125.1	475.0	n/a	n/a	n/a	n/a
153.552	0.03	saccade	n/a	413.7	125.2	n/a	508.5	120.5	3.81	204.0
153.584	0.226	fixation	n/a	523.7	119.5	460.0	n/a	n/a	n/a	n/a
153.812	0.026	saccade	n/a	523.6	119.3	n/a	400.4	124.1	4.95	328.0
153.84	0.176	fixation	n/a	393.9	124.9	447.0	n/a	n/a	n/a	n/a
154.018	0.018	saccade	n/a	393.2	126.1	n/a	346.8	123.6	1.87	159.0
154.038	0.176	fixation	n/a	353.0	123.4	449.0	n/a	n/a	n/a	n/a
154.216	0.05	saccade	n/a	353.8	124.5	n/a	537.4	122.5	7.36	211.0
154.268	0.18	fixation	n/a	536.5	120.2	453.0	n/a	n/a	n/a	n/a
154.45	0.064	saccade	n/a	534.8	120.5	n/a	140.8	165.2	15.65	378.0
154.516	0.19	fixation	n/a	138.5	162.7	482.0	n/a	n/a	n/a	n/a
154.676	0.0	trigger_11	11	n/a	n/a	n/a	n/a	n/a	n/a	n/a
154.682	0.0	trigger_10	10	n/a	n/a	n/a	n/a	n/a	n/a	n/a
154.708	0.05	saccade	n/a	140.6	161.5	n/a	381.0	170.4	9.53	414.0
154.76	0.156	fixation	n/a	380.4	175.2	469.0	n/a	n/a	n/a	n/a
154.918	0.022	saccade	n/a	379.2	177.2	n/a	459.0	177.7	3.2	238.0
154.942	0.196	fixation	n/a	468.6	175.6	443.0	n/a	n/a	n/a	n/a
155.14	0.034	saccade	n/a	468.3	174.1	n/a	552.0	169.8	3.35	174.0
155.176	0.112	fixation	n/a	547.1	171.0	433.0	n/a	n/a	n/a	n/a
155.29	0.062	saccade	n/a	545.7	170.8	n/a	154.3	218.0	15.56	476.0
155.354	0.284	fixation	n/a	160.6	215.2	470.0	n/a	n/a	n/a	n/a
155.64	0.03	saccade	n/a	164.1	216.9	n/a	298.5	235.2	5.36	303.0
155.672	0.232	fixation	n/a	309.3	241.1	494.0	n/a	n/a	n/a	n/a
155.906	0.038	saccade	n/a	310.5	241.1	n/a	135.6	175.8	7.38	416.0
155.946	0.198	fixation	n/a	138.0	170.6	487.0	n/a	n/a	n/a	n/a
156.146	0.024	saccade	n/a	137.0	170.9	n/a	210.7	156.2	2.95	206.0
156.172	0.192	fixation	n/a	230.6	154.9	505.0	n/a	n/a	n/a	n/a
156.366	0.016	saccade	n/a	229.6	155.8	n/a	274.6	159.0	1.8	165.0
156.384	0.17	fixation	n/a	290.8	170.1	519.0	n/a	n/a	n/a	n/a
156.556	0.034	saccade	n/a	292.5	171.4	n/a	192.4	91.6	5.13	293.0
156.592	0.168	fixation	n/a	175.4	66.6	481.0	n/a	n/a	n/a	n/a
156.762	0.018	saccade	n/a	175.4	59.3	n/a	202.8	70.2	1.17	117.0
156.782	0.272	fixation	n/a	199.1	66.1	522.0	n/a	n/a	n/a	n/a
157.056	0.024	saccade	n/a	200.6	67.6	n/a	135.8	77.1	2.57	183.0
157.082	0.414	fixation	n/a	145.9	75.3	536.0	n/a	n/a	n/a	n/a
157.498	0.044	saccade	n/a	145.6	74.0	n/a	321.1	80.0	6.95	306.0
157.544	0.234	fixation	n/a	313.4	76.5	506.0	n/a	n/a	n/a	n/a
157.78	0.02	saccade	n/a	314.1	76.1	n/a	261.6	74.4	2.1	167.0
157.802	0.246	fixation	n/a	270.8	74.5	490.0	n/a	n/a	n/a	n/a
158.05	0.026	saccade	n/a	273.4	75.3	n/a	191.6	71.0	3.25	213.0
158.078	0.296	fixation	n/a	201.0	70.7	484.0	n/a	n/a	n/a	n/a
158.376	0.046	saccade	n/a	200.9	71.1	n/a	350.4	81.4	5.98	261.0
158.424	0.13	fixation	n/a	350.4	80.8	468.0	n/a	n/a	n/a	n/a
158.556	0.032	saccade	n/a	350.1	79.7	n/a	481.6	74.7	5.29	225.0
158.59	0.188	fixation	n/a	501.5	73.5	460.0	n/a	n/a	n/a	n/a
158.78	0.02	saccade	n/a	501.8	74.2	n/a	561.5	70.0	2.39	177.0
158.802	0.238	fixation	n/a	569.5	69.9	453.0	n/a	n/a	n/a	n/a
159.042	0.06	saccade	n/a	569.7	69.8	n/a	130.2	117.2	17.38	462.0
159.104	0.186	fixation	n/a	138.3	117.4	468.0	n/a	n/a	n/a	n/a
159.292	0.022	saccade	n/a	140.3	117.3	n/a	204.3	118.2	2.51	197.0
159.316	0.292	fixation	n/a	201.2	118.0	455.0	n/a	n/a	n/a	n/a
159.61	0.044	saccade	n/a	200.8	117.2	n/a	371.1	122.5	6.8	288.0
159.656	0.226	fixation	n/a	367.5	121.3	446.0	n/a	n/a	n/a	n/a
159.884	0.022	saccade	n/a	367.8	121.1	n/a	307.8	118.5	2.42	183.0
159.908	0.0	trigger_11	11	n/a	n/a	n/a	n/a	n/a	n/a	n/a
159.908	0.174	fixation	n/a	313.9	118.6	449.0	n/a	n/a	n/a	n/a
159.914	0.0	trigger_10	10	n/a	n/a	n/a	n/a	n/a	n/a	n/a
160.084	0.046	saccade	n/a	313.5	118.7	n/a	471.6	121.9	6.35	239.0
160.132	0.278	fixation	n/a	467.5	121.7	459.0	n/a	n/a	n/a	n/a
160.412	0.016	saccade	n/a	465.7	121.8	n/a	487.6	119.8	0.88	91.0
160.43	0.156	fixation	n/a	481.8	119.5	468.0	n/a	n/a	n/a	n/a
160.588	0.024	saccade	n/a	482.1	119.3	n/a	396.0	126.4	3.48	227.0
160.614	0.228	fixation	n/a	388.4	127.4	472.0	n/a	n/a	n/a	n/a
160.844	0.032	saccade	n/a	389.6	128.2	n/a	291.0	175.2	4.4	237.0
160.878	0.258	fixation	n/a	298.9	170.7	492.0	n/a	n/a	n/a	n/a
161.138	0.04	saccade	n/a	300.4	170.0	n/a	173.8	156.3	5.04	238.0
161.18	0.354	fixation	n/a	184.4	153.5	475.0	n/a	n/a	n/a	n/a
161.536	0.036	saccade	n/a	188.5	152.7	n/a	298.2	152.5	4.35	168.0
161.574	0.154	fixation	n/a	308.4	153.9	450.0	n/a	n/a	n/a	n/a
161.73	0.018	saccade	n/a	308.4	152.4	n/a	357.4	161.4	2.0	171.0
161.75	0.33	fixation	n/a	358.6	166.3	470.0	n/a	n/a	n/a	n/a
162.082	0.044	saccade	n/a	357.7	168.2	n/a	247.3	79.1	5.72	323.0
162.128	0.148	fixation	n/a	258.6	75.9	464.0	n/a	n/a	n/a	n/a
162.278	0.024	saccade	n/a	260.1	75.2	n/a	162.9	68.1	3.85	282.0
162.304	0.156	fixation	n/a	162.6	68.7	476.0	n/a	n/a	n/a	n/a
162.462	0.042	saccade	n/a	162.9	69.0	n/a	377.4	83.5	8.55	344.0
162.506	0.242	fixation	n/a	384.8	84.1	487.0	n/a	n/a	n/a	n/a
162.75	0.022	saccade	n/a	386.0	85.9	n/a	293.7	80.6	3.71	274.0
162.774	0.096	fixation	n/a	284.4	78.9	500.0	n/a	n/a	n/a	n/a
162.872	0.038	saccade	n/a	283.6	79.4	n/a	139.2	74.6	5.7	355.0
162.912	0.21	fixation	n/a	147.3	71.1	518.0	n/a	n/a	n/a	n/a
163.124	0.026	saccade	n/a	148.1	70.3	n/a	240.0	70.5	3.63	231.0
163.152	0.14	fixation	n/a	264.0	73.3	504.0	n/a	n/a	n/a	n/a
163.294	0.03	saccade	n/a	264.7	74.1	n/a	381.7	86.6	4.73	277.0
163.326	0.21	fixation	n/a	392.6	86.8	498.0	n/a	n/a	n/a	n/a
163.468	0.0	trigger_11	11	n/a	n/a	n/a	n/a	n/a	n/a	n/a
163.474	0.0	trigger_10	10	n/a	n/a	n/a	n/a	n/a	n/a	n/a
163.538	0.02	saccade	n/a	391.2	85.9	n/a	454.8	78.4	2.58	206.0
163.56	0.43	fixation	n/a	461.3	76.9	486.0	n/a	n/a	n/a	n/a
163.992	0.02	saccade	n/a	458.4	77.3	n/a	506.9	73.0	1.95	138.0
164.014	0.112	fixation	n/a	517.3	71.5	480.0	n/a	n/a	n/a	n/a
164.128	0.054	saccade	n/a	517.6	71.3	n/a	147.9	113.0	14.71	488.0
164.184	0.186	fixation	n/a	151.3	113.9	499.0	n/a	n/a	n/a	n/a
164.372	0.022	saccade	n/a	151.3	114.7	n/a	112.5	122.3	1.54	146.0
164.396	0.178	fixation	n/a	118.8	121.1	512.0	n/a	n/a	n/a	n/a
164.576	0.032	saccade	n/a	118.1	122.0	n/a	240.5	113.6	4.82	293.0
164.61	0.32	fixation	n/a	242.5	114.6	485.0	n/a	n/a	n/a	n/a
164.932	0.02	saccade	n/a	242.8	114.1	n/a	273.7	78.7	1.9	142.0
164.954	0.214	fixation	n/a	282.6	73.0	469.0	n/a	n/a	n/a	n/a
165.17	0.026	saccade	n/a	284.1	74.5	n/a	189.1	69.9	3.77	234.0
165.198	0.492	fixation	n/a	186.9	69.5	488.0	n/a	n/a	n/a	n/a
165.692	0.042	saccade	n/a	186.8	70.2	n/a	349.7	81.7	6.49	293.0
165.736	0.16	fixation	n/a	347.0	81.0	504.0	n/a	n/a	n/a	n/a
165.898	0.044	saccade	n/a	345.4	81.3	n/a	450.0	80.1	4.2	206.0
165.944	0.264	fixation	n/a	447.0	80.2	506.0	n/a	n/a	n/a	n/a
166.21	0.048	saccade	n/a	446.3	80.8	n/a	196.6	72.8	9.97	391.0
166.26	0.12	fixation	n/a	199.1	69.6	507.0	n/a	n/a	n/a	n/a
166.382	0.024	saccade	n/a	201.7	69.6	n/a	126.3	80.0	2.99	234.0
166.408	0.298	fixation	n/a	140.7	76.7	508.0	n/a	n/a	n/a	n/a
166.708	0.042	saccade	n/a	143.0	77.5	n/a	258.1	76.7	4.54	170.0
166.752	0.098	fixation	n/a	259.0	77.2	510.0	n/a	n/a	n/a	n/a
166.852	0.056	saccade	n/a	259.6	77.8	n/a	461.8	82.4	8.09	295.0
166.91	0.336	fixation	n/a	459.0	82.4	505.0	n/a	n/a	n/a	n/a
167.248	0.034	saccade	n/a	458.3	82.6	n/a	528.8	78.3	2.83	143.0
167.284	0.21	fixation	n/a	524.0	78.0	515.0	n/a	n/a	n/a	n/a
167.496	0.022	saccade	n/a	524.0	78.8	n/a	440.8	87.7	3.36	245.0
167.52	0.242	fixation	n/a	425.8	88.3	520.0	n/a	n/a	n/a	n/a
167.764	0.036	saccade	n/a	424.3	88.3	n/a	550.5	77.8	5.08	243.0
167.802	0.152	fixation	n/a	543.8	76.9	517.0	n/a	n/a	n/a	n/a
167.956	0.062	saccade	n/a	543.8	77.4	n/a	157.6	116.3	15.35	409.0
168.02	0.21	fixation	n/a	164.3	113.9	540.0	n/a	n/a	n/a	n/a
168.232	0.028	saccade	n/a	165.7	113.5	n/a	271.7	115.4	4.2	258.0
168.254	0.0	trigger_11	11	n/a	n/a	n/a	n/a	n/a	n/a	n/a
168.26	0.0	trigger_12	12	n/a	n/a	n/a	n/a	n/a	n/a	n/a
168.262	0.194	fixation	n/a	271.4	115.5	518.0	n/a	n/a	n/a	n/a
168.458	0.04	saccade	n/a	271.8	114.4	n/a	128.7	124.5	5.66	313.0
168.5	0.288	fixation	n/a	137.1	120.8	512.0	n/a	n/a	n/a	n/a
168.79	0.07	saccade	n/a	138.4	120.2	n/a	520.7	80.2	15.2	351.0
168.862	0.158	fixation	n/a	519.0	78.9	488.0	n/a	n/a	n/a	n/a
169.022	0.068	saccade	n/a	518.8	79.0	n/a	174.5	112.1	13.73	312.0
169.092	0.084	fixation	n/a	180.6	111.0	511.0	n/a	n/a	n/a	n/a
169.178	0.02	saccade	n/a	180.2	111.8	n/a	134.0	129.1	1.94	160.0
169.2	0.164	fixation	n/a	142.3	129.2	526.0	n/a	n/a	n/a	n/a
169.366	0.02	saccade	n/a	144.1	127.9	n/a	156.7	72.2	2.3	168.0
169.388	0.132	fixation	n/a	162.0	57.4	518.0	n/a	n/a	n/a	n/a
169.522	0.012	saccade	n/a	162.8	59.3	n/a	181.2	71.6	0.88	84.0
169.536	0.236	fixation	n/a	180.1	72.1	522.0	n/a	n/a	n/a	n/a
169.774	0.034	saccade	n/a	181.0	73.4	n/a	285.4	88.9	4.19	172.0
169.81	0.178	fixation	n/a	284.8	89.2	520.0	n/a	n/a	n/a	n/a
169.99	0.018	saccade	n/a	284.9	88.5	n/a	237.3	77.3	1.95	167.0
170.01	0.448	fixation	n/a	245.3	77.9	513.0	n/a	n/a	n/a	n/a
170.46	0.034	saccade	n/a	245.9	76.4	n/a	146.6	77.8	3.92	260.0
170.496	0.254	fixation	n/a	153.4	72.9	500.0	n/a	n/a	n/a	n/a
170.752	0.044	saccade	n/a	153.4	71.3	n/a	332.8	78.1	7.11	305.0
170.798	0.132	fixation	n/a	332.9	76.4	486.0	n/a	n/a	n/a	n/a
170.932	0.034	saccade	n/a	334.1	76.6	n/a	429.1	81.9	3.83	184.0
170.968	0.172	fixation	n/a	449.4	80.9	488.0	n/a	n/a	n/a	n/a
171.142	0.018	saccade	n/a	451.7	81.9	n/a	501.3	75.0	2.01	157.0
171.162	0.16	fixation	n/a	510.6	74.5	492.0	n/a	n/a	n/a	n/a
171.324	0.016	saccade	n/a	509.9	75.1	n/a	547.9	74.9	1.52	129.0
171.342	0.196	fixation	n/a	546.5	74.3	492.0	n/a	n/a	n/a	n/a
171.54	0.062	saccade	n/a	545.6	74.0	n/a	214.5	113.0	13.26	399.0
171.604	0.226	fixation	n/a	222.5	108.5	500.0	n/a	n/a	n/a	n/a
171.832	0.022	saccade	n/a	227.9	107.8	n/a	157.1	118.0	2.82	209.0
171.856	0.24	fixation	n/a	156.4	117.9	507.0	n/a	n/a	n/a	n/a
172.098	0.046	saccade	n/a	158.5	118.2	n/a	355.6	121.7	7.84	265.0
172.146	0.19	fixation	n/a	353.8	121.3	473.0	n/a	n/a	n/a	n/a
172.27	0.0	trigger_13	13	n/a	n/a	n/a	n/a	n/a	n/a	n/a
172.338	0.022	saccade	n/a	354.2	122.5	n/a	295.3	118.5	2.38	198.0
172.362	0.204	fixation	n/a	307.2	120.2	466.0	n/a	n/a	n/a	n/a
172.568	0.044	saccade	n/a	307.5	121.1	n/a	486.2	121.2	7.18	279.0
172.614	0.282	fixation	n/a	492.5	119.9	455.0	n/a	n/a	n/a	n/a
172.898	0.062	saccade	n/a	492.6	119.8	n/a	111.7	165.7	15.14	430.0
172.962	0.308	fixation	n/a	127.5	171.3	473.0	n/a	n/a	n/a	n/a
173.272	0.024	saccade	n/a	133.0	173.8	n/a	126.3	91.3	3.32	236.0
173.298	0.14	fixation	n/a	129.5	93.2	469.0	n/a	n/a	n/a	n/a
173.44	0.07	saccade	n/a	129.7	93.5	n/a	498.2	118.0	14.6	344.0
173.512	0.192	fixation	n/a	495.9	119.4	426.0	n/a	n/a	n/a	n/a
173.706	0.22	saccade	n/a	489.6	122.5	n/a	201.3	101.1	11.52	240.0
173.738	0.148	blink	n/a	n/a	n/a	n/a	n/a	n/a	n/a	n/a
173.928	0.23	fixation	n/a	219.3	65.7	465.0	n/a	n/a	n/a	n/a
174.16	0.012	saccade	n/a	217.4	65.4	n/a	198.7	65.3	0.74	64.0
174.174	0.352	fixation	n/a	197.0	66.5	499.0	n/a	n/a	n/a	n/a
174.406	0.0	trigger_15	15	n/a	n/a	n/a	n/a	n/a	n/a	n/a
174.444	0.0	trigger_10	10	n/a	n/a	n/a	n/a	n/a	n/a	n/a
174.528	0.042	saccade	n/a	195.1	66.5	n/a	369.9	76.7	6.99	247.0
174.572	0.372	fixation	n/a	363.3	75.3	464.0	n/a	n/a	n/a	n/a
174.946	0.046	saccade	n/a	361.0	76.3	n/a	569.6	72.0	8.35	305.0
174.994	0.2	fixation	n/a	568.0	72.6	509.0	n/a	n/a	n/a	n/a
175.196	0.044	saccade	n/a	569.6	74.3	n/a	487.0	74.8	3.3	273.0
175.242	0.098	fixation	n/a	479.7	76.7	546.0	n/a	n/a	n/a	n/a
175.342	0.052	saccade	n/a	478.5	77.9	n/a	319.7	163.6	7.27	466.0
175.396	0.2	fixation	n/a	307.4	165.9	612.0	n/a	n/a	n/a	n/a
175.598	0.022	saccade	n/a	306.7	166.2	n/a	357.8	187.5	2.23	186.0
175.622	0.176	fixation	n/a	346.6	181.8	628.0	n/a	n/a	n/a	n/a
175.8	0.026	saccade	n/a	347.7	181.4	n/a	288.6	98.4	4.13	312.0
175.828	0.268	fixation	n/a	311.0	95.0	544.0	n/a	n/a	n/a	n/a
176.098	0.04	saccade	n/a	310.9	97.0	n/a	399.9	203.1	5.61	267.0
176.14	0.15	fixation	n/a	397.1	196.0	585.0	n/a	n/a	n/a	n/a
176.292	0.024	saccade	n/a	396.2	197.2	n/a	320.3	184.1	3.09	233.0
176.318	0.304	fixation	n/a	330.7	185.8	608.0	n/a	n/a	n/a	n/a
176.342	0.0	trigger_11	11	n/a	n/a	n/a	n/a	n/a	n/a	n/a
176.346	0.0	trigger_10	10	n/a	n/a	n/a	n/a	n/a	n/a	n/a
176.624	0.028	saccade	n/a	331.8	184.5	n/a	242.0	90.2	5.25	423.0
176.654	0.194	fixation	n/a	247.3	78.3	547.0	n/a	n/a	n/a	n/a
176.85	0.024	saccade	n/a	252.3	74.6	n/a	164.0	76.0	3.49	262.0
176.876	0.248	fixation	n/a	168.3	75.5	547.0	n/a	n/a	n/a	n/a
177.126	0.024	saccade	n/a	168.3	76.4	n/a	266.5	77.0	3.89	259.0
177.152	0.202	fixation	n/a	280.0	79.8	565.0	n/a	n/a	n/a	n/a
177.356	0.022	saccade	n/a	277.8	89.2	n/a	212.8	93.3	2.59	187.0
177.38	0.306	fixation	n/a	212.2	84.9	582.0	n/a	n/a	n/a	n/a
177.688	0.02	saccade	n/a	212.1	80.5	n/a	159.1	86.8	2.11	170.0
177.71	0.184	fixation	n/a	166.9	83.3	596.0	n/a	n/a	n/a	n/a
177.896	0.04	saccade	n/a	166.2	83.2	n/a	279.2	80.4	4.48	230.0
177.938	0.218	fixation	n/a	276.4	79.1	588.0	n/a	n/a	n/a	n/a
178.158	0.022	saccade	n/a	277.4	78.4	n/a	198.7	78.4	3.13	225.0
178.182	0.408	fixation	n/a	192.9	74.7	585.0	n/a	n/a	n/a	n/a
178.592	0.048	saccade	n/a	194.3	72.5	n/a	393.1	88.0	7.96	325.0
178.642	0.372	fixation	n/a	391.6	86.7	553.0	n/a	n/a	n/a	n/a
179.016	0.02	saccade	n/a	393.8	87.2	n/a	348.5	83.4	1.83	156.0
179.038	0.166	fixation	n/a	360.0	83.8	566.0	n/a	n/a	n/a	n/a
179.206	0.052	saccade	n/a	360.5	83.7	n/a	177.6	73.3	7.3	384.0
179.26	0.29	fixation	n/a	170.0	74.9	614.0	n/a	n/a	n/a	n/a
179.552	0.038	saccade	n/a	168.6	76.5	n/a	297.2	78.1	5.1	286.0
179.592	0.186	fixation	n/a	291.7	77.5	589.0	n/a	n/a	n/a	n/a
179.78	0.05	saccade	n/a	293.1	76.2	n/a	497.1	78.5	8.18	297.0
179.832	0.164	fixation	n/a	494.4	78.7	511.0	n/a	n/a	n/a	n/a
179.998	0.02	saccade	n/a	492.8	79.1	n/a	548.4	76.6	2.23	176.0
180.02	0.214	fixation	n/a	552.7	77.6	518.0	n/a	n/a	n/a	n/a
180.236	0.068	saccade	n/a	552.4	78.3	n/a	200.1	115.4	14.06	415.0
180.306	0.18	fixation	n/a	190.9	116.8	581.0	n/a	n/a	n/a	n/a
180.488	0.02	saccade	n/a	193.1	117.2	n/a	134.9	121.8	2.29	212.0
180.51	0.184	fixation	n/a	145.2	118.2	605.0	n/a	n/a	n/a	n/a
180.696	0.018	saccade	n/a	144.3	118.1	n/a	159.9	76.9	1.77	142.0
180.716	0.238	fixation	n/a	160.3	77.0	581.0	n/a	n/a	n/a	n/a
180.956	0.016	saccade	n/a	160.8	76.7	n/a	196.3	71.8	1.41	120.0
180.974	0.406	fixation	n/a	189.0	72.3	597.0	n/a	n/a	n/a	n/a
181.382	0.046	saccade	n/a	188.8	73.2	n/a	352.5	85.7	6.54	270.0
181.43	0.34	fixation	n/a	346.4	81.5	566.0	n/a	n/a	n/a	n/a
181.766	0.0	trigger_11	11	n/a	n/a	n/a	n/a	n/a	n/a	n/a
181.772	0.072	saccade	n/a	347.8	79.8	n/a	544.0	76.7	7.85	201.0
181.774	0.0	trigger_10	10	n/a	n/a	n/a	n/a	n/a	n/a	n/a
181.846	0.192	fixation	n/a	540.0	76.8	505.0	n/a	n/a	n/a	n/a
182.04	0.02	saccade	n/a	540.0	76.8	n/a	492.1	79.1	1.92	162.0
182.062	0.246	fixation	n/a	499.6	78.0	476.0	n/a	n/a	n/a	n/a
182.31	0.058	saccade	n/a	500.0	77.6	n/a	166.1	106.9	13.3	454.0
182.37	0.142	fixation	n/a	171.6	105.9	475.0	n/a	n/a	n/a	n/a
182.514	0.02	saccade	n/a	175.6	104.3	n/a	123.0	114.2	2.09	174.0
182.536	0.136	fixation	n/a	129.3	114.3	476.0	n/a	n/a	n/a	n/a
182.674	0.072	saccade	n/a	130.4	113.6	n/a	487.0	78.6	14.17	332.0
182.748	0.104	fixation	n/a	487.7	78.9	437.0	n/a	n/a	n/a	n/a
182.854	0.02	saccade	n/a	488.1	79.4	n/a	544.8	74.9	2.28	185.0
182.876	0.29	fixation	n/a	555.0	74.1	441.0	n/a	n/a	n/a	n/a
183.168	0.066	saccade	n/a	554.8	74.0	n/a	167.0	106.6	15.38	438.0
183.236	0.126	fixation	n/a	177.5	101.8	459.0	n/a	n/a	n/a	n/a
183.364	0.018	saccade	n/a	182.3	99.1	n/a	139.8	121.3	1.89	157.0
183.384	0.236	fixation	n/a	144.5	129.0	445.0	n/a	n/a	n/a	n/a
183.622	0.006	saccade	n/a	143.6	129.6	n/a	135.0	129.3	0.34	52.0
183.63	0.17	fixation	n/a	133.8	125.5	427.0	n/a	n/a	n/a	n/a
183.802	0.02	saccade	n/a	135.2	125.6	n/a	191.7	108.1	2.33	190.0
183.824	0.184	fixation	n/a	198.2	108.9	399.0	n/a	n/a	n/a	n/a
184.01	0.02	saccade	n/a	199.0	108.6	n/a	179.1	63.2	2.0	133.0
184.032	0.194	fixation	n/a	183.8	62.3	377.0	n/a	n/a	n/a	n/a
184.228	0.018	saccade	n/a	183.8	64.3	n/a	140.5	67.8	1.7	129.0
184.248	0.164	fixation	n/a	144.3	66.3	380.0	n/a	n/a	n/a	n/a
184.414	0.022	saccade	n/a	145.1	66.3	n/a	223.3	67.7	3.08	203.0
184.438	0.158	fixation	n/a	253.4	69.2	390.0	n/a	n/a	n/a	n/a
184.598	0.042	saccade	n/a	254.5	68.0	n/a	382.7	79.8	5.16	245.0
184.642	0.194	fixation	n/a	380.4	78.5	400.0	n/a	n/a	n/a	n/a
184.838	0.018	saccade	n/a	380.8	79.2	n/a	341.8	77.9	1.57	128.0
184.858	0.16	fixation	n/a	346.6	78.4	405.0	n/a	n/a	n/a	n/a
185.02	0.022	saccade	n/a	346.9	78.6	n/a	428.3	84.3	3.28	208.0
185.044	0.246	fixation	n/a	453.1	80.4	397.0	n/a	n/a	n/a	n/a
185.292	0.066	saccade	n/a	452.5	80.1	n/a	155.1	114.7	11.88	276.0
185.36	0.212	fixation	n/a	163.3	112.6	413.0	n/a	n/a	n/a	n/a
185.574	0.028	saccade	n/a	164.8	111.2	n/a	270.7	117.4	4.2	226.0
185.604	0.178	fixation	n/a	292.2	117.1	431.0	n/a	n/a	n/a	n/a
185.784	0.046	saccade	n/a	292.9	116.6	n/a	436.5	125.9	5.78	219.0
185.832	0.192	fixation	n/a	436.1	123.7	439.0	n/a	n/a	n/a	n/a
185.966	0.0	trigger_11	11	n/a	n/a	n/a	n/a	n/a	n/a	n/a
185.974	0.0	trigger_10	10	n/a	n/a	n/a	n/a	n/a	n/a	n/a
186.026	0.02	saccade	n/a	436.1	124.1	n/a	491.9	122.4	2.25	166.0
186.048	0.19	fixation	n/a	502.1	120.4	447.0	n/a	n/a	n/a	n/a
186.24	0.02	saccade	n/a	502.7	119.8	n/a	556.1	121.2	2.14	157.0
186.262	0.174	fixation	n/a	566.2	120.3	456.0	n/a	n/a	n/a	n/a
186.438	0.074	saccade	n/a	565.7	120.0	n/a	202.8	161.4	14.47	363.0
186.514	0.118	fixation	n/a	206.0	161.7	471.0	n/a	n/a	n/a	n/a
186.634	0.022	saccade	n/a	207.8	160.9	n/a	153.0	165.1	2.16	147.0
186.658	0.186	fixation	n/a	137.5	170.5	495.0	n/a	n/a	n/a	n/a
186.846	0.02	saccade	n/a	139.3	167.8	n/a	187.4	153.4	1.97	134.0
186.868	0.02	fixation	n/a	185.2	154.5	486.0	n/a	n/a	n/a	n/a
186.89	0.008	saccade	n/a	197.5	155.4	n/a	213.4	155.8	0.63	93.0
186.9	0.256	fixation	n/a	209.1	153.7	477.0	n/a	n/a	n/a	n/a
187.158	0.02	saccade	n/a	208.0	151.1	n/a	149.7	159.2	2.31	183.0
187.18	0.332	fixation	n/a	146.9	159.7	492.0	n/a	n/a	n/a	n/a
187.514	0.036	saccade	n/a	150.3	160.7	n/a	269.9	162.1	4.73	171.0
187.552	0.396	fixation	n/a	285.4	166.0	472.0	n/a	n/a	n/a	n/a
187.95	0.036	saccade	n/a	287.4	161.1	n/a	218.5	94.6	3.85	221.0
187.988	0.208	fixation	n/a	232.5	91.1	439.0	n/a	n/a	n/a	n/a
188.198	0.014	saccade	n/a	238.2	90.1	n/a	224.6	68.3	1.04	89.0
188.214	0.21	fixation	n/a	231.8	68.1	434.0	n/a	n/a	n/a	n/a
188.426	0.02	saccade	n/a	233.3	68.7	n/a	165.6	72.3	2.67	207.0
188.448	0.218	fixation	n/a	157.3	71.1	469.0	n/a	n/a	n/a	n/a
188.668	0.052	saccade	n/a	158.5	71.7	n/a	407.1	85.4	9.9	343.0
188.722	0.206	fixation	n/a	404.0	84.7	465.0	n/a	n/a	n/a	n/a
188.93	0.016	saccade	n/a	405.7	85.9	n/a	446.6	82.4	1.66	136.0
188.948	0.17	fixation	n/a	465.9	81.7	463.0	n/a	n/a	n/a	n/a
189.12	0.042	saccade	n/a	468.3	81.3	n/a	346.6	88.4	4.9	184.0
189.164	0.352	fixation	n/a	351.9	86.4	454.0	n/a	n/a	n/a	n/a
189.518	0.01	saccade	n/a	352.1	87.8	n/a	371.6	89.5	0.79	82.0
189.53	0.096	fixation	n/a	369.1	90.1	453.0	n/a	n/a	n/a	n/a
189.628	0.036	saccade	n/a	369.3	90.3	n/a	445.7	82.9	3.1	182.0
189.666	0.06	fixation	n/a	462.7	82.1	448.0	n/a	n/a	n/a	n/a
189.728	0.02	saccade	n/a	463.2	82.0	n/a	528.4	74.5	2.63	188.0
189.75	0.156	fixation	n/a	539.4	71.4	447.0	n/a	n/a	n/a	n/a
189.908	0.066	saccade	n/a	540.3	71.4	n/a	162.8	108.4	15.0	409.0
189.976	0.25	fixation	n/a	170.1	108.8	465.0	n/a	n/a	n/a	n/a
190.228	0.05	saccade	n/a	170.8	110.0	n/a	396.9	125.5	9.01	304.0
190.28	0.364	fixation	n/a	395.9	123.5	441.0	n/a	n/a	n/a	n/a
190.318	0.0	trigger_11	11	n/a	n/a	n/a	n/a	n/a	n/a	n/a
190.322	0.0	trigger_10	10	n/a	n/a	n/a	n/a	n/a	n/a	n/a
190.646	0.02	saccade	n/a	396.3	124.1	n/a	346.4	121.1	2.01	169.0
190.668	0.204	fixation	n/a	349.8	121.4	439.0	n/a	n/a	n/a	n/a
190.874	0.044	saccade	n/a	349.5	122.0	n/a	536.4	116.0	7.51	286.0
190.92	0.206	fixation	n/a	536.5	116.1	441.0	n/a	n/a	n/a	n/a
191.128	0.062	saccade	n/a	538.0	116.4	n/a	158.0	163.9	15.14	445.0
191.192	0.178	fixation	n/a	161.8	163.6	487.0	n/a	n/a	n/a	n/a
191.372	0.042	saccade	n/a	161.1	162.1	n/a	304.9	181.2	5.75	312.0
191.416	0.176	fixation	n/a	303.0	180.6	497.0	n/a	n/a	n/a	n/a
191.594	0.04	saccade	n/a	302.5	181.1	n/a	451.7	175.2	5.98	256.0
191.636	0.158	fixation	n/a	450.2	174.1	473.0	n/a	n/a	n/a	n/a
191.796	0.022	saccade	n/a	451.6	175.4	n/a	385.0	182.0	2.69	203.0
191.82	0.356	fixation	n/a	388.8	181.8	479.0	n/a	n/a	n/a	n/a
192.178	0.044	saccade	n/a	389.4	179.8	n/a	255.8	96.8	6.32	243.0
192.224	0.348	fixation	n/a	228.2	67.3	463.0	n/a	n/a	n/a	n/a
192.574	0.04	saccade	n/a	231.3	60.7	n/a	354.7	78.0	4.99	248.0
192.616	0.102	fixation	n/a	350.3	77.1	500.0	n/a	n/a	n/a	n/a
192.72	0.05	saccade	n/a	350.6	77.0	n/a	138.4	74.0	8.39	409.0
192.772	0.278	fixation	n/a	131.9	74.4	538.0	n/a	n/a	n/a	n/a
193.052	0.02	saccade	n/a	131.4	75.1	n/a	185.0	69.9	2.11	174.0
193.074	0.216	fixation	n/a	179.1	70.2	542.0	n/a	n/a	n/a	n/a
193.292	0.022	saccade	n/a	178.1	70.1	n/a	257.7	72.1	3.15	218.0
193.316	0.438	fixation	n/a	271.5	73.8	502.0	n/a	n/a	n/a	n/a
193.39	0.0	trigger_11	11	n/a	n/a	n/a	n/a	n/a	n/a	n/a
193.394	0.0	trigger_10	10	n/a	n/a	n/a	n/a	n/a	n/a	n/a
193.756	0.024	saccade	n/a	271.4	73.4	n/a	201.5	72.1	2.78	204.0
193.782	0.276	fixation	n/a	208.9	71.1	496.0	n/a	n/a	n/a	n/a
194.06	0.024	saccade	n/a	208.1	71.8	n/a	286.6	74.8	3.12	226.0
194.086	0.206	fixation	n/a	295.4	76.8	490.0	n/a	n/a	n/a	n/a
194.294	0.016	saccade	n/a	295.7	77.5	n/a	337.1	78.5	1.66	143.0
194.312	0.332	fixation	n/a	346.8	78.8	478.0	n/a	n/a	n/a	n/a
194.646	0.02	saccade	n/a	347.2	78.8	n/a	407.9	83.7	2.45	185.0
194.668	0.266	fixation	n/a	405.7	83.7	460.0	n/a	n/a	n/a	n/a
194.936	0.018	saccade	n/a	404.8	84.1	n/a	448.1	79.2	1.75	149.0
194.956	0.094	fixation	n/a	446.3	79.7	459.0	n/a	n/a	n/a	n/a
195.052	0.05	saccade	n/a	446.7	80.2	n/a	166.5	68.4	11.15	396.0
195.104	0.166	fixation	n/a	171.0	68.0	478.0	n/a	n/a	n/a	n/a
195.272	0.02	saccade	n/a	170.9	68.1	n/a	119.7	74.0	2.01	169.0
195.294	0.326	fixation	n/a	127.9	73.7	495.0	n/a	n/a	n/a	n/a
195.622	0.042	saccade	n/a	130.6	74.8	n/a	309.3	75.3	7.06	284.0
195.666	0.294	fixation	n/a	307.9	75.8	500.0	n/a	n/a	n/a	n/a
195.962	0.032	saccade	n/a	308.3	75.6	n/a	375.0	84.1	2.71	107.0
195.996	0.224	fixation	n/a	371.9	83.5	479.0	n/a	n/a	n/a	n/a
196.216	0.0	trigger_11	11	n/a	n/a	n/a	n/a	n/a	n/a	n/a
196.222	0.048	saccade	n/a	372.9	84.1	n/a	148.2	72.2	8.93	318.0
196.224	0.0	trigger_10	10	n/a	n/a	n/a	n/a	n/a	n/a	n/a
196.272	0.336	fixation	n/a	153.6	70.8	486.0	n/a	n/a	n/a	n/a
196.61	0.022	saccade	n/a	153.8	71.8	n/a	221.5	70.7	2.67	201.0
196.634	0.244	fixation	n/a	234.7	72.0	494.0	n/a	n/a	n/a	n/a
196.88	0.024	saccade	n/a	236.5	71.4	n/a	323.7	78.3	3.5	249.0
196.906	0.268	fixation	n/a	342.6	80.6	490.0	n/a	n/a	n/a	n/a
197.176	0.026	saccade	n/a	341.3	81.1	n/a	425.7	83.1	3.4	200.0
197.204	0.196	fixation	n/a	442.6	82.3	504.0	n/a	n/a	n/a	n/a
197.402	0.02	saccade	n/a	443.6	82.4	n/a	391.7	90.3	2.12	176.0
197.424	0.138	fixation	n/a	403.2	89.9	506.0	n/a	n/a	n/a	n/a
197.564	0.056	saccade	n/a	402.8	90.1	n/a	144.9	75.0	10.25	312.0
197.622	0.208	fixation	n/a	155.4	74.2	538.0	n/a	n/a	n/a	n/a
197.832	0.016	saccade	n/a	159.3	74.5	n/a	195.8	71.7	1.44	127.0
197.85	0.598	fixation	n/a	191.3	73.8	554.0	n/a	n/a	n/a	n/a
198.45	0.044	saccade	n/a	193.1	74.1	n/a	355.2	88.6	6.5	256.0
198.496	0.094	fixation	n/a	347.4	85.9	555.0	n/a	n/a	n/a	n/a
198.592	0.058	saccade	n/a	348.5	85.9	n/a	165.6	82.1	7.26	405.0
198.652	0.336	fixation	n/a	154.8	80.8	577.0	n/a	n/a	n/a	n/a
198.99	0.022	saccade	n/a	152.6	80.5	n/a	219.9	74.7	2.66	220.0
199.014	0.146	fixation	n/a	212.3	75.8	569.0	n/a	n/a	n/a	n/a
199.162	0.038	saccade	n/a	211.8	75.4	n/a	347.5	87.5	5.43	290.0
199.202	0.298	fixation	n/a	343.1	86.7	538.0	n/a	n/a	n/a	n/a
199.502	0.02	saccade	n/a	342.8	86.7	n/a	280.0	84.1	2.52	170.0
199.524	0.21	fixation	n/a	271.9	82.1	519.0	n/a	n/a	n/a	n/a
199.736	0.044	saccade	n/a	272.5	81.4	n/a	437.1	86.6	6.61	278.0
199.782	0.332	fixation	n/a	435.5	86.3	502.0	n/a	n/a	n/a	n/a
200.116	0.038	saccade	n/a	434.1	86.7	n/a	540.9	77.0	4.3	215.0
200.156	0.316	fixation	n/a	536.5	75.8	508.0	n/a	n/a	n/a	n/a
200.474	0.02	saccade	n/a	537.6	74.6	n/a	481.7	81.1	2.25	195.0
200.496	0.148	fixation	n/a	492.7	79.5	490.0	n/a	n/a	n/a	n/a
200.646	0.054	saccade	n/a	492.3	79.6	n/a	169.1	114.1	12.9	419.0
200.702	0.164	fixation	n/a	171.8	113.6	503.0	n/a	n/a	n/a	n/a
200.868	0.02	saccade	n/a	174.0	113.6	n/a	128.9	120.3	1.79	160.0
200.89	0.098	fixation	n/a	134.8	118.4	512.0	n/a	n/a	n/a	n/a
200.936	0.0	trigger_11	11	n/a	n/a	n/a	n/a	n/a	n/a	n/a
200.94	0.0	trigger_10	10	n/a	n/a	n/a	n/a	n/a	n/a	n/a
200.99	0.292	saccade	n/a	137.9	119.6	n/a	233.5	162.0	4.13	771.0
201.052	0.19	blink	n/a	n/a	n/a	n/a	n/a	n/a	n/a	n/a
201.284	0.216	fixation	n/a	248.1	108.4	463.0	n/a	n/a	n/a	n/a
201.502	0.028	saccade	n/a	248.4	104.2	n/a	150.7	122.2	3.92	215.0
201.532	0.104	fixation	n/a	146.9	122.3	486.0	n/a	n/a	n/a	n/a
201.638	0.02	saccade	n/a	146.0	122.9	n/a	98.8	135.6	1.9	148.0
201.66	0.178	fixation	n/a	109.9	133.0	479.0	n/a	n/a	n/a	n/a
201.84	0.054	saccade	n/a	112.4	133.6	n/a	401.5	126.6	11.43	336.0
201.896	0.51	fixation	n/a	402.7	125.9	433.0	n/a	n/a	n/a	n/a
202.408	0.028	saccade	n/a	402.3	124.6	n/a	456.0	90.1	2.58	159.0
202.438	0.248	fixation	n/a	479.4	75.7	421.0	n/a	n/a	n/a	n/a
202.688	0.022	saccade	n/a	480.8	75.6	n/a	407.3	84.0	2.98	238.0
202.712	0.126	fixation	n/a	411.1	84.9	430.0	n/a	n/a	n/a	n/a
202.84	0.052	saccade	n/a	411.6	86.3	n/a	162.5	80.6	9.91	286.0
202.894	0.272	fixation	n/a	172.1	78.7	479.0	n/a	n/a	n/a	n/a
203.168	0.02	saccade	n/a	176.3	77.5	n/a	241.8	66.3	2.63	211.0
203.19	0.136	fixation	n/a	244.1	68.9	501.0	n/a	n/a	n/a	n/a
203.328	0.028	saccade	n/a	243.9	69.8	n/a	351.7	78.1	4.33	271.0
203.358	0.25	fixation	n/a	363.9	82.0	511.0	n/a	n/a	n/a	n/a
203.61	0.038	saccade	n/a	363.5	82.1	n/a	256.8	73.4	4.29	282.0
203.65	0.078	fixation	n/a	264.5	74.0	506.0	n/a	n/a	n/a	n/a
203.73	0.026	saccade	n/a	263.4	74.2	n/a	139.2	74.3	4.9	373.0
203.758	0.276	fixation	n/a	146.1	72.8	514.0	n/a	n/a	n/a	n/a
204.036	0.06	saccade	n/a	147.7	73.6	n/a	482.8	75.7	13.27	429.0
204.098	0.2	fixation	n/a	478.0	76.7	508.0	n/a	n/a	n/a	n/a
204.3	0.022	saccade	n/a	476.3	78.0	n/a	549.0	76.2	2.91	205.0
204.324	0.214	fixation	n/a	551.9	76.6	507.0	n/a	n/a	n/a	n/a
204.54	0.026	saccade	n/a	552.1	78.1	n/a	454.6	83.2	3.91	258.0
204.568	0.262	fixation	n/a	459.9	83.7	511.0	n/a	n/a	n/a	n/a
204.832	0.022	saccade	n/a	460.3	83.3	n/a	395.3	90.3	2.63	225.0
204.856	0.282	fixation	n/a	402.4	91.1	512.0	n/a	n/a	n/a	n/a
205.14	0.042	saccade	n/a	401.7	91.4	n/a	535.2	77.0	5.39	245.0
205.184	0.232	fixation	n/a	531.5	77.2	511.0	n/a	n/a	n/a	n/a
205.418	0.03	saccade	n/a	532.5	76.9	n/a	450.2	84.1	3.31	195.0
205.45	0.166	fixation	n/a	456.8	83.5	499.0	n/a	n/a	n/a	n/a
205.618	0.022	saccade	n/a	455.9	84.3	n/a	380.7	89.8	3.03	246.0
205.642	0.118	fixation	n/a	379.8	88.1	499.0	n/a	n/a	n/a	n/a
205.762	0.05	saccade	n/a	381.0	88.2	n/a	133.7	116.4	9.86	347.0
205.814	0.174	fixation	n/a	140.4	113.8	538.0	n/a	n/a	n/a	n/a
205.99	0.04	saccade	n/a	140.7	115.0	n/a	278.9	115.7	5.46	310.0
206.032	0.16	fixation	n/a	275.3	115.8	529.0	n/a	n/a	n/a	n/a
206.064	0.0	trigger_11	11	n/a	n/a	n/a	n/a	n/a	n/a	n/a
206.072	0.0	trigger_10	10	n/a	n/a	n/a	n/a	n/a	n/a	n/a
206.194	0.04	saccade	n/a	274.6	116.1	n/a	406.2	130.3	5.32	276.0
206.236	0.204	fixation	n/a	399.1	128.6	502.0	n/a	n/a	n/a	n/a
206.442	0.022	saccade	n/a	398.3	127.8	n/a	476.8	120.9	3.17	239.0
206.466	0.29	fixation	n/a	502.5	120.8	487.0	n/a	n/a	n/a	n/a
206.758	0.054	saccade	n/a	502.3	121.6	n/a	168.8	157.3	13.31	428.0
206.814	0.156	fixation	n/a	173.5	155.9	511.0	n/a	n/a	n/a	n/a
206.972	0.022	saccade	n/a	174.2	156.1	n/a	123.8	170.1	2.04	138.0
206.996	0.164	fixation	n/a	131.9	168.1	515.0	n/a	n/a	n/a	n/a
207.162	0.024	saccade	n/a	132.4	169.4	n/a	225.4	160.3	3.67	254.0
207.188	0.196	fixation	n/a	247.8	167.8	495.0	n/a	n/a	n/a	n/a
207.386	0.036	saccade	n/a	249.0	169.3	n/a	128.9	168.8	4.73	269.0
207.424	0.36	fixation	n/a	135.9	164.8	497.0	n/a	n/a	n/a	n/a
207.696	0.0	trigger_11	11	n/a	n/a	n/a	n/a	n/a	n/a	n/a
207.702	0.0	trigger_10	10	n/a	n/a	n/a	n/a	n/a	n/a	n/a
207.786	0.024	saccade	n/a	136.1	163.0	n/a	134.3	100.6	2.51	147.0
207.812	0.15	fixation	n/a	138.7	88.1	487.0	n/a	n/a	n/a	n/a
207.964	0.016	saccade	n/a	139.6	86.4	n/a	169.3	65.8	1.43	133.0
207.982	0.308	fixation	n/a	168.3	67.4	490.0	n/a	n/a	n/a	n/a
208.292	0.022	saccade	n/a	168.2	68.7	n/a	249.6	71.6	3.22	248.0
208.316	0.172	fixation	n/a	264.4	73.7	509.0	n/a	n/a	n/a	n/a
208.49	0.024	saccade	n/a	264.8	74.2	n/a	167.6	75.5	3.85	245.0
208.516	0.356	fixation	n/a	155.2	77.4	531.0	n/a	n/a	n/a	n/a
208.874	0.022	saccade	n/a	155.0	77.0	n/a	221.9	74.8	2.64	203.0
208.898	0.228	fixation	n/a	231.1	76.0	513.0	n/a	n/a	n/a	n/a
209.128	0.022	saccade	n/a	230.2	76.5	n/a	303.6	77.8	2.93	211.0
209.152	0.186	fixation	n/a	306.3	78.7	510.0	n/a	n/a	n/a	n/a
209.34	0.034	saccade	n/a	307.4	78.8	n/a	163.0	80.0	5.73	301.0
209.376	0.59	fixation	n/a	173.5	78.3	546.0	n/a	n/a	n/a	n/a
209.968	0.038	saccade	n/a	173.9	77.2	n/a	320.9	81.0	5.85	268.0
210.008	0.168	fixation	n/a	313.8	80.3	535.0	n/a	n/a	n/a	n/a
210.178	0.044	saccade	n/a	311.9	81.1	n/a	472.6	83.3	6.45	262.0
210.224	0.282	fixation	n/a	472.7	82.1	527.0	n/a	n/a	n/a	n/a
210.508	0.02	saccade	n/a	472.9	82.8	n/a	429.9	89.1	1.75	138.0
210.53	0.206	fixation	n/a	436.6	87.2	501.0	n/a	n/a	n/a	n/a
210.738	0.052	saccade	n/a	437.0	86.6	n/a	156.5	114.4	11.21	360.0
210.792	0.244	fixation	n/a	162.2	112.6	507.0	n/a	n/a	n/a	n/a
211.038	0.048	saccade	n/a	164.2	113.0	n/a	320.8	102.2	6.23	269.0
211.088	0.086	fixation	n/a	324.9	101.6	484.0	n/a	n/a	n/a	n/a
211.176	0.012	saccade	n/a	326.7	100.7	n/a	332.9	76.3	1.03	100.0
211.19	0.18	fixation	n/a	336.4	77.1	474.0	n/a	n/a	n/a	n/a
211.372	0.018	saccade	n/a	337.3	77.1	n/a	384.0	85.8	1.91	147.0
211.392	0.15	fixation	n/a	391.1	86.9	473.0	n/a	n/a	n/a	n/a
211.544	0.05	saccade	n/a	392.1	87.1	n/a	147.9	117.5	9.77	338.0
211.596	0.186	fixation	n/a	152.2	117.9	531.0	n/a	n/a	n/a	n/a
211.784	0.04	saccade	n/a	151.1	118.7	n/a	319.4	118.8	6.67	345.0
211.826	0.174	fixation	n/a	319.3	118.6	520.0	n/a	n/a	n/a	n/a
212.002	0.032	saccade	n/a	319.6	119.0	n/a	409.6	124.8	3.63	198.0
212.036	0.154	fixation	n/a	422.9	125.1	498.0	n/a	n/a	n/a	n/a
212.192	0.048	saccade	n/a	423.8	124.9	n/a	146.4	120.1	11.01	416.0
212.242	0.258	fixation	n/a	150.1	116.8	502.0	n/a	n/a	n/a	n/a
212.502	0.024	saccade	n/a	149.9	115.9	n/a	237.7	112.2	3.47	258.0
212.528	0.296	fixation	n/a	244.1	114.4	495.0	n/a	n/a	n/a	n/a
212.826	0.064	saccade	n/a	244.2	113.9	n/a	600.3	79.2	14.2	326.0
212.892	0.192	fixation	n/a	600.2	77.0	474.0	n/a	n/a	n/a	n/a
213.086	0.066	saccade	n/a	600.5	77.1	n/a	200.4	114.8	15.89	456.0
213.154	0.174	fixation	n/a	201.7	114.4	500.0	n/a	n/a	n/a	n/a
213.33	0.022	saccade	n/a	200.1	114.5	n/a	289.3	115.8	3.55	274.0
213.354	0.19	fixation	n/a	294.9	115.0	498.0	n/a	n/a	n/a	n/a
213.546	0.024	saccade	n/a	297.0	115.0	n/a	388.3	121.4	3.68	248.0
213.572	0.226	fixation	n/a	402.6	123.6	490.0	n/a	n/a	n/a	n/a
213.8	0.022	saccade	n/a	403.0	124.1	n/a	335.9	123.0	2.7	210.0
213.824	0.294	fixation	n/a	344.7	121.5	483.0	n/a	n/a	n/a	n/a
214.12	0.02	saccade	n/a	345.0	122.2	n/a	288.3	118.1	2.28	192.0
214.142	0.27	fixation	n/a	294.5	117.5	477.0	n/a	n/a	n/a	n/a
214.414	0.022	saccade	n/a	292.9	116.7	n/a	357.2	119.6	2.59	182.0
214.438	0.04	fixation	n/a	375.5	120.7	473.0	n/a	n/a	n/a	n/a
214.48	0.022	saccade	n/a	377.3	120.2	n/a	439.8	121.7	2.52	189.0
214.504	0.314	fixation	n/a	434.8	122.1	475.0	n/a	n/a	n/a	n/a
214.56	0.0	trigger_11	11	n/a	n/a	n/a	n/a	n/a	n/a	n/a
214.562	0.0	trigger_18	18	n/a	n/a	n/a	n/a	n/a	n/a	n/a
214.82	0.014	saccade	n/a	435.7	121.3	n/a	460.5	119.2	1.0	82.0
214.836	0.16	fixation	n/a	461.9	120.7	474.0	n/a	n/a	n/a	n/a
214.998	0.018	saccade	n/a	461.4	120.8	n/a	511.2	119.9	2.0	163.0
215.018	0.25	fixation	n/a	513.9	119.6	477.0	n/a	n/a	n/a	n/a
215.27	0.064	saccade	n/a	512.0	120.2	n/a	138.9	163.9	14.82	389.0
215.336	0.288	fixation	n/a	150.5	159.5	491.0	n/a	n/a	n/a	n/a
215.626	0.062	saccade	n/a	152.3	159.6	n/a	487.9	118.1	13.4	356.0
215.69	0.304	fixation	n/a	488.8	120.5	442.0	n/a	n/a	n/a	n/a
215.996	0.054	saccade	n/a	488.7	121.6	n/a	285.4	92.8	8.23	290.0
216.052	0.118	fixation	n/a	289.8	90.9	448.0	n/a	n/a	n/a	n/a
216.172	0.018	saccade	n/a	289.6	90.7	n/a	328.9	71.0	1.77	149.0
216.192	0.208	fixation	n/a	328.4	74.3	457.0	n/a	n/a	n/a	n/a
216.402	0.034	saccade	n/a	327.4	75.3	n/a	431.8	82.5	4.21	236.0
216.438	0.534	fixation	n/a	445.5	82.3	497.0	n/a	n/a	n/a	n/a
216.974	0.038	saccade	n/a	445.6	82.5	n/a	293.1	89.0	6.13	315.0
217.014	0.146	fixation	n/a	296.7	88.8	516.0	n/a	n/a	n/a	n/a
217.162	0.022	saccade	n/a	296.8	89.7	n/a	200.3	75.2	3.89	281.0
217.186	0.276	fixation	n/a	185.8	76.4	548.0	n/a	n/a	n/a	n/a
217.464	0.02	saccade	n/a	186.0	75.3	n/a	250.3	75.3	2.55	200.0
217.486	0.21	fixation	n/a	259.9	77.2	520.0	n/a	n/a	n/a	n/a
217.698	0.03	saccade	n/a	261.1	77.5	n/a	170.8	77.1	3.57	210.0
217.73	0.148	fixation	n/a	181.7	75.3	521.0	n/a	n/a	n/a	n/a
217.88	0.02	saccade	n/a	182.8	75.1	n/a	137.8	82.6	1.79	154.0
217.902	0.452	fixation	n/a	144.8	79.8	525.0	n/a	n/a	n/a	n/a
218.356	0.034	saccade	n/a	143.0	79.3	n/a	256.4	76.7	4.47	169.0
218.392	0.2	fixation	n/a	269.2	78.6	493.0	n/a	n/a	n/a	n/a
218.594	0.046	saccade	n/a	268.7	78.6	n/a	424.9	86.5	6.28	207.0
218.642	0.222	fixation	n/a	426.1	89.6	489.0	n/a	n/a	n/a	n/a
218.866	0.216	saccade	n/a	429.5	112.6	n/a	426.6	218.1	4.3	364.0
218.91	0.172	blink	n/a	n/a	n/a	n/a	n/a	n/a	n/a	n/a
