onset	duration	trial_type	value	gaze_x	gaze_y	pupil_size	sacc_endx	sacc_endy	sacc_amplitude	sacc_peakvel
1.996	0.25	fixation	n/a	98.8	68.0	853.0	n/a	n/a	n/a	n/a
2.03	0.0	trigger_93	93	n/a	n/a	n/a	n/a	n/a	n/a	n/a
2.032	0.0	trigger_19	19	n/a	n/a	n/a	n/a	n/a	n/a	n/a
2.038	0.0	trigger_10	10	n/a	n/a	n/a	n/a	n/a	n/a	n/a
2.248	0.058	saccade	n/a	103.4	73.8	n/a	280.2	207.7	8.78	290.0
2.308	0.354	fixation	n/a	282.4	216.4	963.0	n/a	n/a	n/a	n/a
2.664	0.036	saccade	n/a	286.8	223.5	n/a	380.3	244.5	3.84	259.0
2.702	0.396	fixation	n/a	376.4	246.6	790.0	n/a	n/a	n/a	n/a
3.1	0.026	saccade	n/a	374.8	248.3	n/a	295.7	282.4	3.45	267.0
3.128	0.202	fixation	n/a	306.6	282.8	746.0	n/a	n/a	n/a	n/a
3.332	0.02	saccade	n/a	308.1	283.2	n/a	361.4	290.4	2.15	181.0
3.354	0.232	fixation	n/a	363.9	293.2	748.0	n/a	n/a	n/a	n/a
3.588	0.018	saccade	n/a	363.9	293.6	n/a	409.5	297.4	1.83	160.0
3.608	0.568	fixation	n/a	422.5	299.7	669.0	n/a	n/a	n/a	n/a
4.178	0.054	saccade	n/a	426.2	300.1	n/a	282.9	114.7	9.44	501.0
4.234	0.178	fixation	n/a	276.9	108.6	627.0	n/a	n/a	n/a	n/a
4.414	0.032	saccade	n/a	279.3	108.7	n/a	202.6	112.3	3.05	218.0
4.448	0.1	fixation	n/a	212.3	115.0	648.0	n/a	n/a	n/a	n/a
4.55	0.022	saccade	n/a	212.2	116.2	n/a	179.4	55.9	2.76	254.0
4.574	0.128	fixation	n/a	186.5	59.9	654.0	n/a	n/a	n/a	n/a
4.704	0.026	saccade	n/a	188.9	60.8	n/a	95.1	63.2	3.65	255.0
4.732	0.172	fixation	n/a	106.2	61.9	688.0	n/a	n/a	n/a	n/a
4.906	0.044	saccade	n/a	107.1	61.6	n/a	333.7	64.0	8.92	392.0
4.952	0.232	fixation	n/a	326.5	61.5	651.0	n/a	n/a	n/a	n/a
5.186	0.02	saccade	n/a	326.2	60.5	n/a	386.6	54.7	2.44	218.0
5.208	0.248	fixation	n/a	385.9	55.4	663.0	n/a	n/a	n/a	n/a
5.458	0.038	saccade	n/a	386.4	59.1	n/a	533.7	66.2	5.92	305.0
5.498	0.15	fixation	n/a	523.2	66.1	664.0	n/a	n/a	n/a	n/a
5.52	0.0	trigger_11	11	n/a	n/a	n/a	n/a	n/a	n/a	n/a
5.526	0.0	trigger_10	10	n/a	n/a	n/a	n/a	n/a	n/a	n/a
5.65	0.06	saccade	n/a	524.7	66.1	n/a	255.2	139.6	11.17	475.0
5.712	0.232	fixation	n/a	241.1	142.0	734.0	n/a	n/a	n/a	n/a
5.946	0.044	saccade	n/a	240.8	144.1	n/a	397.3	147.8	6.27	304.0
5.992	0.136	fixation	n/a	389.7	147.2	747.0	n/a	n/a	n/a	n/a
6.13	0.056	saccade	n/a	389.9	149.0	n/a	180.3	138.3	8.36	350.0
6.188	0.222	fixation	n/a	167.4	137.7	734.0	n/a	n/a	n/a	n/a
6.412	0.024	saccade	n/a	167.3	136.0	n/a	97.2	138.6	2.73	189.0
6.438	0.208	fixation	n/a	103.0	136.7	730.0	n/a	n/a	n/a	n/a
6.648	0.042	saccade	n/a	102.2	134.6	n/a	290.3	151.7	7.42	368.0
6.692	0.338	fixation	n/a	284.2	145.5	697.0	n/a	n/a	n/a	n/a
7.032	0.016	saccade	n/a	283.6	143.7	n/a	255.8	144.7	1.11	105.0
7.05	0.268	fixation	n/a	262.6	142.3	682.0	n/a	n/a	n/a	n/a
7.32	0.016	saccade	n/a	261.1	137.9	n/a	296.3	139.1	1.41	125.0
7.338	0.442	fixation	n/a	290.5	139.4	677.0	n/a	n/a	n/a	n/a
7.782	0.03	saccade	n/a	292.8	141.9	n/a	223.3	73.7	3.92	236.0
7.814	0.104	fixation	n/a	231.8	69.8	676.0	n/a	n/a	n/a	n/a
7.92	0.034	saccade	n/a	232.9	68.9	n/a	107.7	67.9	4.9	283.0
7.956	0.258	fixation	n/a	119.1	61.9	693.0	n/a	n/a	n/a	n/a
8.216	0.022	saccade	n/a	120.1	60.2	n/a	194.3	61.4	2.9	211.0
8.24	0.23	fixation	n/a	199.2	63.9	679.0	n/a	n/a	n/a	n/a
8.472	0.052	saccade	n/a	198.3	64.1	n/a	480.0	72.3	11.23	346.0
8.526	0.102	fixation	n/a	472.7	68.3	684.0	n/a	n/a	n/a	n/a
8.63	0.02	saccade	n/a	471.7	67.5	n/a	544.8	71.5	2.93	248.0
8.652	0.184	fixation	n/a	544.3	70.0	670.0	n/a	n/a	n/a	n/a
8.838	0.066	saccade	n/a	544.6	70.4	n/a	144.0	115.0	15.91	539.0
8.906	0.234	fixation	n/a	136.1	113.0	706.0	n/a	n/a	n/a	n/a
8.928	0.0	trigger_11	11	n/a	n/a	n/a	n/a	n/a	n/a	n/a
8.934	0.0	trigger_10	10	n/a	n/a	n/a	n/a	n/a	n/a	n/a
9.142	0.046	saccade	n/a	137.2	114.7	n/a	360.3	139.7	8.89	342.0
9.19	0.144	fixation	n/a	351.8	141.7	721.0	n/a	n/a	n/a	n/a
9.336	0.024	saccade	n/a	353.2	140.6	n/a	277.4	146.5	3.05	237.0
9.362	0.116	fixation	n/a	289.3	145.5	714.0	n/a	n/a	n/a	n/a
9.48	0.042	saccade	n/a	289.3	142.9	n/a	82.2	128.1	8.14	375.0
9.524	0.234	fixation	n/a	90.2	122.2	701.0	n/a	n/a	n/a	n/a
9.76	0.016	saccade	n/a	89.9	118.2	n/a	133.6	122.1	1.7	152.0
9.778	0.138	fixation	n/a	127.6	120.3	692.0	n/a	n/a	n/a	n/a
9.918	0.022	saccade	n/a	127.0	120.6	n/a	206.9	128.8	3.15	236.0
9.942	0.262	fixation	n/a	216.6	128.2	675.0	n/a	n/a	n/a	n/a
10.206	0.022	saccade	n/a	216.5	124.2	n/a	253.1	74.8	2.48	154.0
10.23	0.092	fixation	n/a	268.0	66.8	623.0	n/a	n/a	n/a	n/a
10.324	0.02	saccade	n/a	268.2	66.6	n/a	325.9	64.7	2.31	204.0
10.346	0.208	fixation	n/a	318.6	63.2	629.0	n/a	n/a	n/a	n/a
10.556	0.038	saccade	n/a	318.1	62.4	n/a	448.3	54.2	5.24	230.0
10.596	0.162	fixation	n/a	444.6	55.2	634.0	n/a	n/a	n/a	n/a
10.76	0.06	saccade	n/a	444.6	57.1	n/a	197.4	108.3	10.07	423.0
10.822	0.318	fixation	n/a	189.9	115.2	730.0	n/a	n/a	n/a	n/a
11.142	0.022	saccade	n/a	191.8	121.9	n/a	200.5	58.0	2.61	202.0
11.166	0.202	fixation	n/a	201.9	62.1	703.0	n/a	n/a	n/a	n/a
11.37	0.03	saccade	n/a	201.7	61.4	n/a	322.2	70.3	4.81	266.0
11.402	0.168	fixation	n/a	335.0	62.0	666.0	n/a	n/a	n/a	n/a
11.572	0.036	saccade	n/a	335.3	60.5	n/a	469.7	62.1	5.4	263.0
11.61	0.166	fixation	n/a	463.9	61.2	652.0	n/a	n/a	n/a	n/a
11.778	0.062	saccade	n/a	465.9	60.8	n/a	145.9	67.9	12.68	478.0
11.842	0.108	fixation	n/a	135.7	68.6	669.0	n/a	n/a	n/a	n/a
11.952	0.02	saccade	n/a	137.3	68.6	n/a	86.3	72.8	1.98	188.0
11.974	0.222	fixation	n/a	96.1	72.1	677.0	n/a	n/a	n/a	n/a
12.198	0.024	saccade	n/a	98.5	74.2	n/a	94.8	142.3	2.73	176.0
12.224	0.14	fixation	n/a	97.6	138.6	735.0	n/a	n/a	n/a	n/a
12.366	0.042	saccade	n/a	97.3	139.4	n/a	298.2	152.8	7.91	369.0
12.41	0.218	fixation	n/a	293.2	152.3	744.0	n/a	n/a	n/a	n/a
12.63	0.024	saccade	n/a	295.7	149.7	n/a	207.2	143.0	3.53	241.0
12.656	0.116	fixation	n/a	204.3	139.1	698.0	n/a	n/a	n/a	n/a
12.774	0.05	saccade	n/a	203.9	136.4	n/a	463.9	139.7	10.36	358.0
12.826	0.242	fixation	n/a	460.9	139.7	672.0	n/a	n/a	n/a	n/a
13.07	0.024	saccade	n/a	462.4	141.2	n/a	377.3	157.6	3.49	263.0
13.096	0.22	fixation	n/a	381.7	153.3	699.0	n/a	n/a	n/a	n/a
13.318	0.056	saccade	n/a	383.4	154.4	n/a	177.6	207.9	8.46	222.0
13.376	0.266	fixation	n/a	186.4	203.4	772.0	n/a	n/a	n/a	n/a
13.644	0.044	saccade	n/a	188.5	205.7	n/a	360.7	221.3	6.88	344.0
13.69	0.176	fixation	n/a	355.3	220.6	769.0	n/a	n/a	n/a	n/a
13.762	0.0	trigger_11	11	n/a	n/a	n/a	n/a	n/a	n/a	n/a
13.772	0.0	trigger_10	10	n/a	n/a	n/a	n/a	n/a	n/a	n/a
13.868	0.034	saccade	n/a	356.6	218.6	n/a	258.3	183.2	4.19	231.0
13.904	0.154	fixation	n/a	269.8	187.1	697.0	n/a	n/a	n/a	n/a
14.06	0.042	saccade	n/a	269.3	185.2	n/a	402.8	139.7	5.66	223.0
14.104	0.162	fixation	n/a	395.4	138.4	657.0	n/a	n/a	n/a	n/a
14.268	0.042	saccade	n/a	393.5	138.7	n/a	491.0	128.7	3.94	247.0
14.312	0.124	fixation	n/a	483.3	129.7	658.0	n/a	n/a	n/a	n/a
14.438	0.02	saccade	n/a	480.7	131.1	n/a	533.3	131.9	2.11	175.0
14.46	0.102	fixation	n/a	535.5	131.0	660.0	n/a	n/a	n/a	n/a
14.564	0.064	saccade	n/a	535.4	132.8	n/a	204.5	155.7	13.19	474.0
14.63	0.168	fixation	n/a	195.6	156.2	737.0	n/a	n/a	n/a	n/a
14.8	0.036	saccade	n/a	195.0	156.2	n/a	96.4	190.9	4.09	232.0
14.838	0.21	fixation	n/a	103.7	191.0	748.0	n/a	n/a	n/a	n/a
15.05	0.024	saccade	n/a	104.0	193.3	n/a	197.9	190.3	3.66	249.0
15.076	0.162	fixation	n/a	209.4	193.4	764.0	n/a	n/a	n/a	n/a
15.24	0.048	saccade	n/a	209.7	191.9	n/a	408.3	159.1	8.04	311.0
15.29	0.088	fixation	n/a	401.7	161.9	744.0	n/a	n/a	n/a	n/a
15.38	0.036	saccade	n/a	403.6	160.6	n/a	244.1	146.8	6.42	345.0
15.418	0.256	fixation	n/a	253.0	147.3	719.0	n/a	n/a	n/a	n/a
15.676	0.022	saccade	n/a	254.7	147.0	n/a	179.4	147.3	2.98	248.0
15.7	0.284	fixation	n/a	182.4	146.3	762.0	n/a	n/a	n/a	n/a
15.986	0.024	saccade	n/a	182.0	145.3	n/a	165.8	73.9	2.95	224.0
16.012	0.21	fixation	n/a	167.2	77.2	706.0	n/a	n/a	n/a	n/a
16.224	0.042	saccade	n/a	166.2	74.2	n/a	327.4	84.5	6.41	304.0
16.268	0.172	fixation	n/a	320.4	75.9	680.0	n/a	n/a	n/a	n/a
16.442	0.04	saccade	n/a	320.8	74.9	n/a	482.8	78.6	6.51	284.0
16.484	0.27	fixation	n/a	477.6	75.8	675.0	n/a	n/a	n/a	n/a
16.756	0.066	saccade	n/a	479.0	78.8	n/a	125.0	118.0	14.08	507.0
16.824	0.17	fixation	n/a	116.3	119.8	750.0	n/a	n/a	n/a	n/a
16.996	0.014	saccade	n/a	117.4	121.2	n/a	94.8	136.2	1.06	97.0
17.012	0.25	fixation	n/a	102.0	133.1	764.0	n/a	n/a	n/a	n/a
17.264	0.024	saccade	n/a	103.3	132.5	n/a	101.9	72.9	2.38	178.0
17.29	0.26	fixation	n/a	104.5	75.4	698.0	n/a	n/a	n/a	n/a
17.552	0.038	saccade	n/a	105.0	76.2	n/a	210.9	76.8	4.14	191.0
17.592	0.308	fixation	n/a	208.1	82.1	716.0	n/a	n/a	n/a	n/a
17.902	0.02	saccade	n/a	208.6	87.0	n/a	249.6	123.4	2.2	189.0
17.924	0.176	fixation	n/a	242.1	120.7	745.0	n/a	n/a	n/a	n/a
18.102	0.024	saccade	n/a	241.5	123.7	n/a	175.4	100.7	2.78	218.0
18.128	0.172	fixation	n/a	181.0	99.8	755.0	n/a	n/a	n/a	n/a
18.302	0.016	saccade	n/a	180.4	100.1	n/a	132.2	96.5	1.89	164.0
18.32	0.218	fixation	n/a	124.8	91.3	727.0	n/a	n/a	n/a	n/a
18.54	0.046	saccade	n/a	124.8	89.1	n/a	302.1	87.0	7.01	281.0
18.588	0.154	fixation	n/a	295.2	83.5	699.0	n/a	n/a	n/a	n/a
18.744	0.042	saccade	n/a	296.5	78.4	n/a	443.4	85.5	5.91	262.0
18.788	0.168	fixation	n/a	439.2	79.5	690.0	n/a	n/a	n/a	n/a
18.958	0.022	saccade	n/a	440.5	75.0	n/a	504.8	75.8	2.58	178.0
18.982	0.166	fixation	n/a	515.8	77.3	650.0	n/a	n/a	n/a	n/a
19.15	0.06	saccade	n/a	515.7	78.2	n/a	111.6	146.0	16.14	529.0
19.212	0.196	fixation	n/a	119.5	145.5	740.0	n/a	n/a	n/a	n/a
19.41	0.012	saccade	n/a	118.3	146.2	n/a	95.0	144.6	0.9	89.0
19.424	0.162	fixation	n/a	101.5	143.9	731.0	n/a	n/a	n/a	n/a
19.588	0.05	saccade	n/a	100.0	142.0	n/a	371.7	157.8	10.74	374.0
19.64	0.254	fixation	n/a	365.5	149.5	693.0	n/a	n/a	n/a	n/a
19.786	0.0	trigger_11	11	n/a	n/a	n/a	n/a	n/a	n/a	n/a
19.788	0.0	trigger_12	12	n/a	n/a	n/a	n/a	n/a	n/a	n/a
19.896	0.022	saccade	n/a	363.9	150.0	n/a	448.2	139.8	3.42	247.0
19.92	0.164	fixation	n/a	461.4	140.0	694.0	n/a	n/a	n/a	n/a
20.086	0.052	saccade	n/a	461.5	142.4	n/a	134.4	195.0	13.1	451.0
20.14	0.164	fixation	n/a	139.5	194.0	742.0	n/a	n/a	n/a	n/a
20.306	0.046	saccade	n/a	139.9	194.2	n/a	328.7	217.8	7.51	324.0
20.354	0.152	fixation	n/a	325.8	218.1	734.0	n/a	n/a	n/a	n/a
20.508	0.02	saccade	n/a	326.2	218.4	n/a	395.4	216.4	2.77	221.0
20.53	0.184	fixation	n/a	414.2	213.5	716.0	n/a	n/a	n/a	n/a
20.716	0.02	saccade	n/a	415.0	211.7	n/a	483.8	200.3	2.8	227.0
20.738	0.182	fixation	n/a	488.3	202.9	668.0	n/a	n/a	n/a	n/a
20.922	0.062	saccade	n/a	488.5	202.7	n/a	168.0	263.1	12.9	476.0
20.986	0.202	fixation	n/a	159.2	260.9	698.0	n/a	n/a	n/a	n/a
21.19	0.042	saccade	n/a	158.6	260.3	n/a	327.6	271.3	6.68	327.0
21.234	0.22	fixation	n/a	323.8	273.8	685.0	n/a	n/a	n/a	n/a
21.456	0.022	saccade	n/a	325.2	272.3	n/a	267.8	271.5	2.28	183.0
21.48	0.192	fixation	n/a	276.5	273.1	672.0	n/a	n/a	n/a	n/a
21.674	0.02	saccade	n/a	277.1	276.1	n/a	211.5	255.9	2.72	198.0
21.696	0.28	fixation	n/a	202.3	250.3	684.0	n/a	n/a	n/a	n/a
21.978	0.032	saccade	n/a	202.2	249.2	n/a	145.5	94.3	6.62	398.0
22.012	0.246	fixation	n/a	152.2	66.4	605.0	n/a	n/a	n/a	n/a
22.26	0.018	saccade	n/a	155.6	60.7	n/a	115.7	58.2	1.56	129.0
22.28	0.136	fixation	n/a	121.5	58.8	597.0	n/a	n/a	n/a	n/a
22.418	0.044	saccade	n/a	122.2	59.2	n/a	300.4	63.2	7.03	325.0
22.464	0.216	fixation	n/a	295.3	63.9	603.0	n/a	n/a	n/a	n/a
22.586	0.0	trigger_13	13	n/a	n/a	n/a	n/a	n/a	n/a	n/a
22.682	0.03	saccade	n/a	294.2	65.2	n/a	410.3	54.6	4.68	264.0
22.714	0.294	fixation	n/a	424.5	55.5	621.0	n/a	n/a	n/a	n/a
23.01	0.018	saccade	n/a	423.9	56.7	n/a	375.2	63.4	1.98	176.0
23.03	0.144	fixation	n/a	381.2	64.1	635.0	n/a	n/a	n/a	n/a
23.176	0.052	saccade	n/a	382.1	64.5	n/a	78.2	106.8	12.06	404.0
23.23	0.192	fixation	n/a	82.5	104.8	680.0	n/a	n/a	n/a	n/a
23.424	0.016	saccade	n/a	82.9	103.0	n/a	99.3	72.4	1.38	107.0
23.442	0.22	fixation	n/a	102.7	70.0	678.0	n/a	n/a	n/a	n/a
23.664	0.02	saccade	n/a	101.4	69.3	n/a	168.3	65.9	2.61	205.0
23.686	0.228	fixation	n/a	176.7	65.1	672.0	n/a	n/a	n/a	n/a
23.916	0.024	saccade	n/a	177.9	66.2	n/a	268.7	70.6	3.61	245.0
23.942	0.43	fixation	n/a	285.0	70.3	643.0	n/a	n/a	n/a	n/a
24.154	0.0	trigger_15	15	n/a	n/a	n/a	n/a	n/a	n/a	n/a
24.16	0.0	trigger_10	10	n/a	n/a	n/a	n/a	n/a	n/a	n/a
24.374	0.028	saccade	n/a	286.0	71.1	n/a	404.2	64.7	4.75	266.0
24.404	0.138	fixation	n/a	428.1	62.6	629.0	n/a	n/a	n/a	n/a
24.544	0.056	saccade	n/a	431.5	62.8	n/a	89.9	98.6	13.53	480.0
24.602	0.312	fixation	n/a	96.6	96.1	645.0	n/a	n/a	n/a	n/a
24.916	0.038	saccade	n/a	96.7	98.1	n/a	237.6	69.3	5.65	245.0
24.956	0.19	fixation	n/a	227.0	69.8	646.0	n/a	n/a	n/a	n/a
25.148	0.042	saccade	n/a	226.7	69.4	n/a	364.8	70.6	5.52	255.0
25.192	0.24	fixation	n/a	357.2	71.4	674.0	n/a	n/a	n/a	n/a
25.434	0.024	saccade	n/a	359.1	75.3	n/a	275.4	80.2	3.37	269.0
25.46	0.124	fixation	n/a	283.6	80.7	694.0	n/a	n/a	n/a	n/a
25.586	0.052	saccade	n/a	285.0	83.8	n/a	118.1	253.0	9.45	484.0
25.64	0.298	fixation	n/a	104.3	251.9	835.0	n/a	n/a	n/a	n/a
25.94	0.02	saccade	n/a	105.0	251.4	n/a	104.5	207.5	1.75	144.0
25.962	0.26	fixation	n/a	103.9	210.0	773.0	n/a	n/a	n/a	n/a
26.224	0.016	saccade	n/a	101.8	205.8	n/a	136.4	199.3	1.36	124.0
26.242	0.154	fixation	n/a	129.4	198.7	746.0	n/a	n/a	n/a	n/a
26.398	0.026	saccade	n/a	129.4	200.3	n/a	148.2	101.3	4.04	250.0
26.426	0.224	fixation	n/a	153.5	79.1	657.0	n/a	n/a	n/a	n/a
26.652	0.036	saccade	n/a	152.7	72.8	n/a	290.6	74.3	5.45	248.0
26.69	0.154	fixation	n/a	289.5	78.1	667.0	n/a	n/a	n/a	n/a
26.846	0.046	saccade	n/a	288.9	81.2	n/a	420.7	67.7	5.32	269.0
26.894	0.12	fixation	n/a	416.3	71.2	683.0	n/a	n/a	n/a	n/a
27.016	0.024	saccade	n/a	415.6	70.8	n/a	488.3	67.7	2.93	207.0
27.042	0.154	fixation	n/a	509.0	69.5	655.0	n/a	n/a	n/a	n/a
27.198	0.054	saccade	n/a	511.3	69.3	n/a	144.3	130.8	14.72	468.0
27.254	0.148	fixation	n/a	147.4	128.9	729.0	n/a	n/a	n/a	n/a
27.404	0.018	saccade	n/a	148.0	130.1	n/a	98.4	132.3	1.93	152.0
27.424	0.198	fixation	n/a	102.8	132.9	730.0	n/a	n/a	n/a	n/a
27.624	0.046	saccade	n/a	102.3	132.9	n/a	371.1	155.0	10.64	440.0
27.672	0.164	fixation	n/a	364.9	154.7	733.0	n/a	n/a	n/a	n/a
27.838	0.042	saccade	n/a	366.6	152.1	n/a	507.3	139.2	5.68	282.0
27.882	0.332	fixation	n/a	504.5	139.2	682.0	n/a	n/a	n/a	n/a
28.216	0.018	saccade	n/a	506.9	137.9	n/a	468.5	137.4	1.54	140.0
28.236	0.114	fixation	n/a	475.4	134.5	647.0	n/a	n/a	n/a	n/a
28.352	0.038	saccade	n/a	478.2	132.1	n/a	350.2	142.5	5.16	285.0
28.392	0.148	fixation	n/a	356.7	145.1	636.0	n/a	n/a	n/a	n/a
28.542	0.026	saccade	n/a	356.4	146.0	n/a	248.3	136.8	4.35	284.0
28.57	0.222	fixation	n/a	240.3	134.8	627.0	n/a	n/a	n/a	n/a
28.794	0.048	saccade	n/a	239.1	133.8	n/a	484.1	124.0	9.81	331.0
28.844	0.224	fixation	n/a	481.0	127.7	630.0	n/a	n/a	n/a	n/a
29.07	0.022	saccade	n/a	482.7	128.0	n/a	421.3	131.8	2.48	176.0
29.094	0.398	fixation	n/a	430.2	130.6	638.0	n/a	n/a	n/a	n/a
29.494	0.02	saccade	n/a	432.5	134.3	n/a	371.4	142.0	2.48	208.0
29.516	0.216	fixation	n/a	378.5	141.1	642.0	n/a	n/a	n/a	n/a
29.734	0.044	saccade	n/a	380.3	139.8	n/a	186.3	200.8	8.12	327.0
29.78	0.154	fixation	n/a	191.7	197.1	660.0	n/a	n/a	n/a	n/a
29.936	0.042	saccade	n/a	192.1	197.5	n/a	338.3	209.8	5.83	263.0
29.954	0.0	trigger_11	11	n/a	n/a	n/a	n/a	n/a	n/a	n/a
29.958	0.0	trigger_10	10	n/a	n/a	n/a	n/a	n/a	n/a	n/a
29.98	0.118	fixation	n/a	332.4	211.4	681.0	n/a	n/a	n/a	n/a
30.1	0.038	saccade	n/a	332.4	212.9	n/a	466.7	198.5	5.43	254.0
30.14	0.186	fixation	n/a	466.2	201.6	678.0	n/a	n/a	n/a	n/a
30.328	0.056	saccade	n/a	467.0	202.2	n/a	143.5	246.2	12.91	435.0
30.386	0.194	fixation	n/a	147.1	244.5	696.0	n/a	n/a	n/a	n/a
30.582	0.018	saccade	n/a	146.2	242.6	n/a	101.1	243.6	1.75	144.0
30.602	0.144	fixation	n/a	106.5	243.1	721.0	n/a	n/a	n/a	n/a
30.748	0.03	saccade	n/a	107.5	244.0	n/a	206.8	187.4	4.48	266.0
30.78	0.192	fixation	n/a	225.9	189.7	700.0	n/a	n/a	n/a	n/a
30.974	0.02	saccade	n/a	226.3	189.2	n/a	289.1	207.6	2.61	231.0
30.996	0.16	fixation	n/a	287.2	205.4	700.0	n/a	n/a	n/a	n/a
31.158	0.072	saccade	n/a	287.2	206.2	n/a	590.1	147.8	12.27	252.0
31.232	0.156	fixation	n/a	580.3	148.0	658.0	n/a	n/a	n/a	n/a
31.39	0.076	saccade	n/a	580.4	144.6	n/a	113.6	194.2	18.38	486.0
31.468	0.336	fixation	n/a	104.3	195.0	739.0	n/a	n/a	n/a	n/a
31.806	0.036	saccade	n/a	106.5	201.4	n/a	134.8	90.4	4.57	211.0
31.844	0.388	fixation	n/a	138.8	77.1	644.0	n/a	n/a	n/a	n/a
32.234	0.04	saccade	n/a	140.0	73.2	n/a	283.5	74.5	5.67	299.0
32.276	0.31	fixation	n/a	279.5	75.0	635.0	n/a	n/a	n/a	n/a
32.588	0.034	saccade	n/a	278.8	75.7	n/a	121.4	74.9	6.2	328.0
32.624	0.16	fixation	n/a	118.1	72.7	646.0	n/a	n/a	n/a	n/a
32.786	0.02	saccade	n/a	119.7	72.4	n/a	70.4	79.9	1.92	158.0
32.808	0.098	fixation	n/a	81.7	77.5	642.0	n/a	n/a	n/a	n/a
32.866	0.0	trigger_11	11	n/a	n/a	n/a	n/a	n/a	n/a	n/a
32.874	0.0	trigger_10	10	n/a	n/a	n/a	n/a	n/a	n/a	n/a
32.908	0.042	saccade	n/a	80.9	77.5	n/a	288.1	75.2	8.11	291.0
32.952	0.2	fixation	n/a	290.9	76.5	637.0	n/a	n/a	n/a	n/a
33.154	0.038	saccade	n/a	290.4	75.4	n/a	422.3	67.4	5.31	296.0
33.194	0.184	fixation	n/a	414.7	70.6	650.0	n/a	n/a	n/a	n/a
33.38	0.024	saccade	n/a	414.4	70.1	n/a	501.1	71.1	3.48	244.0
33.406	0.218	fixation	n/a	510.4	70.8	624.0	n/a	n/a	n/a	n/a
33.626	0.06	saccade	n/a	511.9	71.8	n/a	118.6	133.3	15.68	501.0
33.688	0.174	fixation	n/a	120.9	130.6	683.0	n/a	n/a	n/a	n/a
33.864	0.014	saccade	n/a	121.7	131.4	n/a	94.3	137.4	1.08	104.0
33.88	0.118	fixation	n/a	99.7	135.3	687.0	n/a	n/a	n/a	n/a
34.0	0.044	saccade	n/a	100.5	135.5	n/a	280.0	151.3	7.08	349.0
34.046	0.182	fixation	n/a	277.7	149.7	682.0	n/a	n/a	n/a	n/a
34.23	0.042	saccade	n/a	278.2	148.0	n/a	452.1	134.0	6.99	265.0
34.274	0.234	fixation	n/a	450.5	129.5	625.0	n/a	n/a	n/a	n/a
34.51	0.02	saccade	n/a	453.8	123.0	n/a	407.5	131.7	1.9	162.0
34.532	0.09	fixation	n/a	414.3	129.9	606.0	n/a	n/a	n/a	n/a
34.624	0.032	saccade	n/a	414.3	129.8	n/a	523.9	119.2	4.42	223.0
34.658	0.136	fixation	n/a	536.7	119.6	571.0	n/a	n/a	n/a	n/a
34.796	0.062	saccade	n/a	534.9	119.7	n/a	124.7	76.7	16.27	453.0
34.86	0.264	fixation	n/a	131.7	69.8	603.0	n/a	n/a	n/a	n/a
35.126	0.036	saccade	n/a	131.9	68.0	n/a	291.3	69.0	6.29	304.0
35.164	0.278	fixation	n/a	290.4	68.1	610.0	n/a	n/a	n/a	n/a
35.444	0.024	saccade	n/a	287.5	68.8	n/a	387.7	64.8	4.03	250.0
35.47	0.3	fixation	n/a	405.8	61.9	629.0	n/a	n/a	n/a	n/a
35.772	0.046	saccade	n/a	405.1	62.1	n/a	166.5	67.4	9.49	408.0
35.82	0.41	fixation	n/a	167.4	67.8	638.0	n/a	n/a	n/a	n/a
36.232	0.014	saccade	n/a	166.3	72.2	n/a	132.9	79.5	1.34	112.0
36.248	0.558	fixation	n/a	135.7	78.6	629.0	n/a	n/a	n/a	n/a
36.808	0.028	saccade	n/a	133.4	77.1	n/a	235.1	72.7	4.0	251.0
36.838	0.188	fixation	n/a	263.4	76.5	614.0	n/a	n/a	n/a	n/a
37.028	0.038	saccade	n/a	264.7	76.2	n/a	433.2	70.1	6.77	293.0
37.068	0.276	fixation	n/a	444.4	67.5	615.0	n/a	n/a	n/a	n/a
37.346	0.036	saccade	n/a	445.5	67.4	n/a	351.4	73.8	3.79	260.0
37.384	0.158	fixation	n/a	357.5	71.7	603.0	n/a	n/a	n/a	n/a
37.544	0.042	saccade	n/a	359.1	71.9	n/a	227.3	82.5	5.29	293.0
37.588	0.144	fixation	n/a	234.0	78.6	607.0	n/a	n/a	n/a	n/a
37.734	0.024	saccade	n/a	235.5	77.9	n/a	140.2	98.3	3.85	288.0
37.76	0.174	fixation	n/a	145.8	103.6	637.0	n/a	n/a	n/a	n/a
37.936	0.042	saccade	n/a	147.6	105.8	n/a	346.1	154.2	8.1	349.0
37.98	0.182	fixation	n/a	361.4	149.2	661.0	n/a	n/a	n/a	n/a
38.164	0.02	saccade	n/a	360.9	145.5	n/a	418.9	131.0	2.41	206.0
38.186	0.184	fixation	n/a	410.6	125.5	623.0	n/a	n/a	n/a	n/a
38.372	0.048	saccade	n/a	411.2	122.8	n/a	248.0	76.9	6.8	299.0
38.422	0.212	fixation	n/a	256.4	70.8	571.0	n/a	n/a	n/a	n/a
38.636	0.03	saccade	n/a	255.8	68.8	n/a	330.0	133.2	3.96	237.0
38.668	0.164	fixation	n/a	327.5	125.9	603.0	n/a	n/a	n/a	n/a
38.834	0.036	saccade	n/a	325.7	126.9	n/a	465.3	124.3	5.61	268.0
38.872	0.14	fixation	n/a	458.0	126.1	628.0	n/a	n/a	n/a	n/a
39.014	0.022	saccade	n/a	456.6	126.6	n/a	532.7	124.9	3.05	207.0
39.038	0.178	fixation	n/a	551.9	119.0	568.0	n/a	n/a	n/a	n/a
39.218	0.07	saccade	n/a	553.7	118.4	n/a	154.1	180.1	15.96	473.0
39.29	0.156	fixation	n/a	146.2	177.8	588.0	n/a	n/a	n/a	n/a
39.448	0.046	saccade	n/a	143.1	176.6	n/a	291.4	199.9	5.94	305.0
39.496	0.058	fixation	n/a	286.5	201.0	594.0	n/a	n/a	n/a	n/a
39.556	0.264	saccade	n/a	285.0	199.9	n/a	406.3	179.0	4.95	676.0
39.598	0.18	blink	n/a	n/a	n/a	n/a	n/a	n/a	n/a	n/a
39.822	0.13	fixation	n/a	422.8	175.7	549.0	n/a	n/a	n/a	n/a
39.954	0.042	saccade	n/a	416.9	183.3	n/a	543.1	189.6	5.05	250.0
39.998	0.174	fixation	n/a	532.4	192.7	569.0	n/a	n/a	n/a	n/a
40.174	0.062	saccade	n/a	529.5	193.6	n/a	131.7	243.1	15.76	516.0
40.238	0.286	fixation	n/a	142.0	250.0	573.0	n/a	n/a	n/a	n/a
40.526	0.02	saccade	n/a	143.4	249.4	n/a	96.8	237.1	1.87	136.0
40.548	0.2	fixation	n/a	104.3	235.8	536.0	n/a	n/a	n/a	n/a
40.612	0.0	trigger_11	11	n/a	n/a	n/a	n/a	n/a	n/a	n/a
40.616	0.0	trigger_10	10	n/a	n/a	n/a	n/a	n/a	n/a	n/a
40.75	0.042	saccade	n/a	104.6	234.2	n/a	316.8	267.8	8.41	376.0
40.794	0.402	fixation	n/a	316.4	268.8	514.0	n/a	n/a	n/a	n/a
41.198	0.022	saccade	n/a	316.2	268.7	n/a	372.6	269.5	2.25	165.0
41.222	0.158	fixation	n/a	386.7	268.1	542.0	n/a	n/a	n/a	n/a
41.382	0.048	saccade	n/a	386.8	268.6	n/a	145.5	290.4	9.54	335.0
41.432	0.27	fixation	n/a	151.0	285.8	596.0	n/a	n/a	n/a	n/a
41.704	0.02	saccade	n/a	151.5	285.8	n/a	194.1	249.4	2.2	144.0
41.726	0.186	fixation	n/a	209.4	247.4	597.0	n/a	n/a	n/a	n/a
41.914	0.022	saccade	n/a	209.3	249.6	n/a	275.0	261.3	2.64	210.0
41.938	0.252	fixation	n/a	277.1	267.3	579.0	n/a	n/a	n/a	n/a
42.192	0.032	saccade	n/a	275.9	264.9	n/a	175.5	127.8	6.8	364.0
42.226	0.094	fixation	n/a	178.2	95.3	533.0	n/a	n/a	n/a	n/a
42.322	0.022	saccade	n/a	185.0	89.9	n/a	149.9	35.0	2.61	186.0
42.346	0.504	fixation	n/a	153.0	46.2	544.0	n/a	n/a	n/a	n/a
42.852	0.04	saccade	n/a	149.1	51.3	n/a	320.7	67.8	6.83	332.0
42.894	0.238	fixation	n/a	316.4	64.8	595.0	n/a	n/a	n/a	n/a
43.134	0.042	saccade	n/a	316.1	66.0	n/a	470.2	63.1	6.19	294.0
43.178	0.096	fixation	n/a	464.0	62.1	600.0	n/a	n/a	n/a	n/a
43.276	0.036	saccade	n/a	464.3	61.5	n/a	562.5	65.7	3.92	211.0
43.314	0.224	fixation	n/a	555.6	64.6	579.0	n/a	n/a	n/a	n/a
43.54	0.06	saccade	n/a	555.5	65.8	n/a	132.2	104.3	16.74	563.0
43.602	0.158	fixation	n/a	137.1	103.4	638.0	n/a	n/a	n/a	n/a
43.762	0.02	saccade	n/a	139.7	104.8	n/a	93.2	116.6	1.86	156.0
43.784	0.354	fixation	n/a	105.3	116.5	647.0	n/a	n/a	n/a	n/a
44.14	0.02	saccade	n/a	103.9	116.2	n/a	165.3	115.2	2.39	182.0
44.162	0.204	fixation	n/a	162.1	112.8	614.0	n/a	n/a	n/a	n/a
44.368	0.02	saccade	n/a	162.2	111.7	n/a	117.9	94.7	1.86	134.0
44.39	0.228	fixation	n/a	118.4	84.6	598.0	n/a	n/a	n/a	n/a
44.62	0.016	saccade	n/a	119.3	83.0	n/a	153.6	65.0	1.52	135.0
44.638	0.228	fixation	n/a	151.5	68.6	609.0	n/a	n/a	n/a	n/a
44.706	0.0	trigger_11	11	n/a	n/a	n/a	n/a	n/a	n/a	n/a
44.71	0.0	trigger_10	10	n/a	n/a	n/a	n/a	n/a	n/a	n/a
44.868	0.046	saccade	n/a	152.3	69.1	n/a	297.8	69.7	5.75	280.0
44.916	0.196	fixation	n/a	291.8	69.5	600.0	n/a	n/a	n/a	n/a
45.114	0.05	saccade	n/a	291.9	70.1	n/a	468.6	69.7	7.08	230.0
45.166	0.182	fixation	n/a	462.9	69.7	617.0	n/a	n/a	n/a	n/a
45.35	0.04	saccade	n/a	461.9	69.6	n/a	565.9	70.2	4.15	219.0
45.392	0.176	fixation	n/a	558.3	69.0	603.0	n/a	n/a	n/a	n/a
45.57	0.058	saccade	n/a	557.6	68.8	n/a	142.6	102.0	16.43	510.0
45.63	0.122	fixation	n/a	148.6	101.9	648.0	n/a	n/a	n/a	n/a
45.754	0.022	saccade	n/a	149.0	102.4	n/a	84.5	124.9	2.66	209.0
45.778	0.514	fixation	n/a	92.1	118.5	640.0	n/a	n/a	n/a	n/a
46.294	0.02	saccade	n/a	92.1	118.6	n/a	142.0	99.1	2.09	173.0
46.316	0.17	fixation	n/a	136.1	98.7	616.0	n/a	n/a	n/a	n/a
46.488	0.018	saccade	n/a	136.6	98.0	n/a	112.6	66.2	1.58	138.0
46.508	0.438	fixation	n/a	117.3	72.1	601.0	n/a	n/a	n/a	n/a
46.948	0.042	saccade	n/a	119.8	75.1	n/a	280.5	72.0	6.33	245.0
46.98	0.0	trigger_11	11	n/a	n/a	n/a	n/a	n/a	n/a	n/a
46.986	0.0	trigger_10	10	n/a	n/a	n/a	n/a	n/a	n/a	n/a
46.992	0.188	fixation	n/a	275.4	67.8	587.0	n/a	n/a	n/a	n/a
47.182	0.04	saccade	n/a	275.8	66.4	n/a	410.0	59.7	5.4	228.0
47.224	0.21	fixation	n/a	400.4	57.9	585.0	n/a	n/a	n/a	n/a
47.436	0.036	saccade	n/a	397.9	58.3	n/a	515.6	59.7	4.73	245.0
47.474	0.176	fixation	n/a	521.5	62.4	581.0	n/a	n/a	n/a	n/a
47.652	0.062	saccade	n/a	520.3	63.2	n/a	133.7	92.6	15.3	489.0
47.716	0.134	fixation	n/a	140.3	90.1	626.0	n/a	n/a	n/a	n/a
47.852	0.022	saccade	n/a	141.6	90.0	n/a	89.3	116.9	2.3	194.0
47.876	0.186	fixation	n/a	100.2	112.8	629.0	n/a	n/a	n/a	n/a
48.064	0.024	saccade	n/a	102.5	114.0	n/a	204.5	120.1	3.99	252.0
48.09	0.218	fixation	n/a	221.9	119.7	625.0	n/a	n/a	n/a	n/a
48.31	0.02	saccade	n/a	222.7	116.1	n/a	155.0	92.4	2.84	225.0
48.332	0.212	fixation	n/a	146.7	75.0	586.0	n/a	n/a	n/a	n/a
48.546	0.048	saccade	n/a	148.8	71.3	n/a	237.2	63.1	3.5	164.0
48.596	0.15	fixation	n/a	235.8	63.3	565.0	n/a	n/a	n/a	n/a
48.748	0.028	saccade	n/a	239.0	61.5	n/a	140.1	61.7	3.89	261.0
48.778	0.434	fixation	n/a	150.0	62.6	587.0	n/a	n/a	n/a	n/a
49.214	0.036	saccade	n/a	152.2	62.8	n/a	314.0	66.0	6.41	312.0
49.252	0.164	fixation	n/a	325.5	64.7	597.0	n/a	n/a	n/a	n/a
49.418	0.04	saccade	n/a	324.5	63.7	n/a	492.6	60.2	6.75	347.0
49.46	0.214	fixation	n/a	489.6	58.3	598.0	n/a	n/a	n/a	n/a
49.676	0.058	saccade	n/a	490.0	59.6	n/a	118.3	105.9	14.78	551.0
49.736	0.236	fixation	n/a	126.6	105.3	619.0	n/a	n/a	n/a	n/a
49.974	0.044	saccade	n/a	128.1	106.9	n/a	297.0	127.6	6.73	330.0
50.02	0.148	fixation	n/a	291.2	127.6	608.0	n/a	n/a	n/a	n/a
50.17	0.04	saccade	n/a	290.6	122.9	n/a	398.7	130.3	4.35	241.0
50.212	0.124	fixation	n/a	390.2	125.2	602.0	n/a	n/a	n/a	n/a
50.338	0.024	saccade	n/a	390.4	120.9	n/a	482.8	111.5	3.74	266.0
50.364	0.154	fixation	n/a	499.9	112.0	575.0	n/a	n/a	n/a	n/a
50.52	0.064	saccade	n/a	500.2	111.7	n/a	151.1	175.5	14.06	557.0
50.586	0.18	fixation	n/a	144.6	173.2	615.0	n/a	n/a	n/a	n/a
50.768	0.022	saccade	n/a	145.0	174.3	n/a	231.2	194.2	3.49	273.0
50.772	0.0	trigger_11	11	n/a	n/a	n/a	n/a	n/a	n/a	n/a
50.782	0.0	trigger_10	10	n/a	n/a	n/a	n/a	n/a	n/a	n/a
50.792	0.146	fixation	n/a	239.1	195.5	619.0	n/a	n/a	n/a	n/a
50.94	0.038	saccade	n/a	241.6	194.3	n/a	118.5	164.9	4.97	279.0
50.98	0.184	fixation	n/a	118.8	159.6	566.0	n/a	n/a	n/a	n/a
51.166	0.016	saccade	n/a	116.3	153.2	n/a	79.6	163.3	1.47	132.0
51.184	0.178	fixation	n/a	85.0	162.7	535.0	n/a	n/a	n/a	n/a
51.364	0.02	saccade	n/a	87.2	161.2	n/a	146.9	153.8	2.33	157.0
51.386	0.346	fixation	n/a	172.5	155.4	536.0	n/a	n/a	n/a	n/a
51.734	0.02	saccade	n/a	173.3	154.3	n/a	107.3	134.9	2.68	202.0
51.756	0.194	fixation	n/a	102.3	121.3	518.0	n/a	n/a	n/a	n/a
51.952	0.018	saccade	n/a	101.9	118.3	n/a	129.9	92.5	1.5	112.0
51.972	0.068	fixation	n/a	134.8	84.8	510.0	n/a	n/a	n/a	n/a
52.042	0.016	saccade	n/a	136.0	83.6	n/a	177.2	60.9	1.85	152.0
52.06	0.174	fixation	n/a	188.3	57.4	508.0	n/a	n/a	n/a	n/a
52.236	0.048	saccade	n/a	189.7	56.0	n/a	352.2	57.8	6.46	280.0
52.286	0.27	fixation	n/a	348.4	57.5	518.0	n/a	n/a	n/a	n/a
52.558	0.034	saccade	n/a	349.7	59.5	n/a	176.8	67.4	6.88	281.0
52.594	0.44	fixation	n/a	168.7	65.5	556.0	n/a	n/a	n/a	n/a
53.036	0.042	saccade	n/a	171.9	64.1	n/a	341.2	65.4	6.72	299.0
53.08	0.202	fixation	n/a	334.3	64.3	575.0	n/a	n/a	n/a	n/a
53.284	0.018	saccade	n/a	333.2	64.5	n/a	370.0	61.7	1.49	138.0
53.304	0.11	fixation	n/a	363.1	59.9	556.0	n/a	n/a	n/a	n/a
53.416	0.036	saccade	n/a	362.6	58.9	n/a	508.0	58.2	5.84	300.0
53.454	0.14	fixation	n/a	521.8	59.5	526.0	n/a	n/a	n/a	n/a
53.596	0.064	saccade	n/a	522.1	58.6	n/a	66.5	63.5	17.8	563.0
53.662	0.314	fixation	n/a	76.7	61.2	540.0	n/a	n/a	n/a	n/a
53.978	0.026	saccade	n/a	79.3	64.1	n/a	75.3	131.7	2.7	184.0
54.006	0.13	fixation	n/a	77.6	125.8	590.0	n/a	n/a	n/a	n/a
54.138	0.044	saccade	n/a	76.3	126.9	n/a	225.9	122.7	5.83	249.0
54.184	0.104	fixation	n/a	222.0	121.3	606.0	n/a	n/a	n/a	n/a
54.29	0.048	saccade	n/a	220.2	121.3	n/a	400.6	120.7	7.22	317.0
54.34	0.088	fixation	n/a	394.0	116.3	582.0	n/a	n/a	n/a	n/a
54.43	0.02	saccade	n/a	394.3	113.8	n/a	440.6	69.8	2.59	233.0
54.452	0.182	fixation	n/a	448.1	63.5	551.0	n/a	n/a	n/a	n/a
54.636	0.024	saccade	n/a	449.1	65.0	n/a	344.2	67.4	4.21	313.0
54.662	0.272	fixation	n/a	349.8	67.5	544.0	n/a	n/a	n/a	n/a
54.936	0.048	saccade	n/a	349.7	68.4	n/a	236.6	120.7	5.0	331.0
54.986	0.264	fixation	n/a	227.0	117.5	603.0	n/a	n/a	n/a	n/a
55.252	0.042	saccade	n/a	225.3	119.3	n/a	360.7	134.6	5.45	283.0
55.296	0.156	fixation	n/a	356.2	127.9	591.0	n/a	n/a	n/a	n/a
55.454	0.022	saccade	n/a	355.4	120.1	n/a	430.7	113.2	3.05	230.0
55.478	0.212	fixation	n/a	443.2	108.7	560.0	n/a	n/a	n/a	n/a
55.692	0.02	saccade	n/a	443.4	109.3	n/a	393.6	120.5	2.06	159.0
55.714	0.202	fixation	n/a	394.5	122.2	562.0	n/a	n/a	n/a	n/a
55.918	0.054	saccade	n/a	393.9	125.2	n/a	106.6	182.2	11.56	338.0
55.974	0.2	fixation	n/a	107.2	178.6	618.0	n/a	n/a	n/a	n/a
56.176	0.044	saccade	n/a	107.4	179.2	n/a	310.7	203.8	8.05	304.0
56.222	0.224	fixation	n/a	304.5	202.4	616.0	n/a	n/a	n/a	n/a
56.448	0.05	saccade	n/a	303.9	199.5	n/a	439.8	197.1	5.45	195.0
56.5	0.228	fixation	n/a	436.9	192.8	578.0	n/a	n/a	n/a	n/a
56.73	0.052	saccade	n/a	438.0	192.7	n/a	139.1	231.4	11.92	425.0
56.784	0.222	fixation	n/a	138.1	230.3	602.0	n/a	n/a	n/a	n/a
57.008	0.04	saccade	n/a	136.5	232.2	n/a	308.7	269.3	6.93	335.0
57.05	0.256	fixation	n/a	308.1	270.5	601.0	n/a	n/a	n/a	n/a
57.308	0.042	saccade	n/a	308.6	270.3	n/a	475.6	256.9	6.69	247.0
57.352	0.15	fixation	n/a	478.0	255.5	591.0	n/a	n/a	n/a	n/a
57.504	0.054	saccade	n/a	477.0	255.8	n/a	133.5	295.1	13.59	438.0
57.56	0.182	fixation	n/a	137.0	291.3	608.0	n/a	n/a	n/a	n/a
57.744	0.05	saccade	n/a	137.8	291.2	n/a	342.6	328.5	8.15	260.0
57.796	0.19	fixation	n/a	338.1	329.0	596.0	n/a	n/a	n/a	n/a
57.988	0.04	saccade	n/a	338.2	331.2	n/a	487.8	317.0	5.96	250.0
58.03	0.282	fixation	n/a	484.8	317.9	577.0	n/a	n/a	n/a	n/a
58.314	0.02	saccade	n/a	483.8	315.9	n/a	543.9	314.9	2.38	179.0
58.336	0.15	fixation	n/a	557.2	313.2	561.0	n/a	n/a	n/a	n/a
58.38	0.0	trigger_11	11	n/a	n/a	n/a	n/a	n/a	n/a	n/a
58.386	0.0	trigger_10	10	n/a	n/a	n/a	n/a	n/a	n/a	n/a
58.488	0.042	saccade	n/a	558.3	311.8	n/a	377.5	315.5	7.16	330.0
58.532	0.076	fixation	n/a	381.2	317.4	565.0	n/a	n/a	n/a	n/a
58.61	0.024	saccade	n/a	381.5	319.5	n/a	309.0	318.3	2.88	209.0
58.636	0.186	fixation	n/a	312.6	318.8	574.0	n/a	n/a	n/a	n/a
58.824	0.02	saccade	n/a	314.6	318.7	n/a	258.6	309.6	2.25	173.0
58.846	0.18	fixation	n/a	261.4	307.6	584.0	n/a	n/a	n/a	n/a
59.028	0.034	saccade	n/a	257.4	304.3	n/a	141.1	330.0	4.66	248.0
59.064	0.166	fixation	n/a	149.9	332.8	613.0	n/a	n/a	n/a	n/a
59.232	0.016	saccade	n/a	150.7	330.8	n/a	122.3	349.0	1.3	114.0
59.25	0.33	fixation	n/a	122.4	350.2	612.0	n/a	n/a	n/a	n/a
59.582	0.024	saccade	n/a	120.6	350.8	n/a	192.1	346.2	2.77	199.0
59.608	0.332	fixation	n/a	209.6	346.3	616.0	n/a	n/a	n/a	n/a
59.942	0.038	saccade	n/a	210.6	345.2	n/a	107.5	354.3	4.0	208.0
59.982	0.198	fixation	n/a	112.3	353.6	573.0	n/a	n/a	n/a	n/a
60.182	0.07	saccade	n/a	111.6	351.0	n/a	546.8	312.5	16.97	453.0
60.254	0.178	fixation	n/a	542.2	315.2	548.0	n/a	n/a	n/a	n/a
60.434	0.02	saccade	n/a	541.1	314.7	n/a	584.0	310.4	1.7	142.0
60.456	0.128	fixation	n/a	583.0	304.7	536.0	n/a	n/a	n/a	n/a
60.586	0.058	saccade	n/a	578.5	306.3	n/a	189.8	109.9	17.19	545.0
60.646	0.17	fixation	n/a	206.2	77.5	475.0	n/a	n/a	n/a	n/a
60.818	0.022	saccade	n/a	210.4	74.4	n/a	132.1	54.2	3.18	215.0
60.842	0.194	fixation	n/a	117.8	53.5	482.0	n/a	n/a	n/a	n/a
61.038	0.044	saccade	n/a	117.4	53.9	n/a	303.8	53.1	7.35	332.0
61.084	0.236	fixation	n/a	298.4	54.6	483.0	n/a	n/a	n/a	n/a
61.322	0.038	saccade	n/a	298.3	56.1	n/a	385.2	51.2	3.5	188.0
61.362	0.186	fixation	n/a	382.7	52.3	499.0	n/a	n/a	n/a	n/a
61.55	0.022	saccade	n/a	382.7	52.4	n/a	464.5	50.7	3.29	232.0
61.574	0.278	fixation	n/a	482.5	52.1	512.0	n/a	n/a	n/a	n/a
61.854	0.062	saccade	n/a	483.3	52.8	n/a	147.7	81.2	13.34	356.0
61.918	0.252	fixation	n/a	152.5	78.6	559.0	n/a	n/a	n/a	n/a
62.172	0.012	saccade	n/a	153.2	77.3	n/a	165.0	59.3	0.86	82.0
62.186	0.46	fixation	n/a	163.7	61.9	561.0	n/a	n/a	n/a	n/a
62.648	0.022	saccade	n/a	164.4	63.5	n/a	97.5	71.6	2.62	201.0
62.672	0.158	fixation	n/a	103.8	69.2	565.0	n/a	n/a	n/a	n/a
62.832	0.044	saccade	n/a	103.6	69.4	n/a	295.7	67.3	7.55	315.0
62.878	0.196	fixation	n/a	295.8	67.9	570.0	n/a	n/a	n/a	n/a
63.076	0.042	saccade	n/a	295.6	67.2	n/a	406.8	62.6	4.47	230.0
63.12	0.17	fixation	n/a	402.1	61.5	574.0	n/a	n/a	n/a	n/a
63.292	0.022	saccade	n/a	401.2	61.5	n/a	467.0	64.3	2.65	215.0
63.316	0.112	fixation	n/a	478.8	64.2	570.0	n/a	n/a	n/a	n/a
63.35	0.0	trigger_11	11	n/a	n/a	n/a	n/a	n/a	n/a	n/a
63.356	0.0	trigger_10	10	n/a	n/a	n/a	n/a	n/a	n/a	n/a
63.43	0.056	saccade	n/a	479.3	65.8	n/a	99.4	116.9	15.1	584.0
63.488	0.218	fixation	n/a	107.0	115.2	613.0	n/a	n/a	n/a	n/a
63.708	0.042	saccade	n/a	107.0	115.4	n/a	307.3	137.6	7.94	280.0
63.752	0.204	fixation	n/a	297.7	135.7	617.0	n/a	n/a	n/a	n/a
63.958	0.022	saccade	n/a	297.9	133.5	n/a	235.0	132.5	2.51	187.0
63.982	0.268	fixation	n/a	237.7	129.2	593.0	n/a	n/a	n/a	n/a
64.252	0.048	saccade	n/a	234.1	126.3	n/a	405.1	124.1	6.84	225.0
64.302	0.09	fixation	n/a	402.2	122.3	582.0	n/a	n/a	n/a	n/a
64.394	0.022	saccade	n/a	403.3	121.9	n/a	481.1	115.4	3.14	246.0
64.418	0.138	fixation	n/a	500.8	111.8	568.0	n/a	n/a	n/a	n/a
64.558	0.052	saccade	n/a	502.6	111.1	n/a	160.1	186.7	13.91	515.0
64.612	0.214	fixation	n/a	160.5	184.0	644.0	n/a	n/a	n/a	n/a
64.828	0.022	saccade	n/a	162.1	184.7	n/a	186.5	108.7	3.21	240.0
64.852	0.25	fixation	n/a	192.9	97.9	585.0	n/a	n/a	n/a	n/a
65.104	0.022	saccade	n/a	194.6	96.4	n/a	273.4	111.3	3.19	252.0
65.128	0.412	fixation	n/a	283.1	123.2	587.0	n/a	n/a	n/a	n/a
65.542	0.04	saccade	n/a	285.0	127.4	n/a	146.5	79.3	5.81	312.0
65.584	0.286	fixation	n/a	152.7	70.3	580.0	n/a	n/a	n/a	n/a
65.872	0.02	saccade	n/a	153.9	66.6	n/a	99.2	67.9	2.12	168.0
65.894	0.288	fixation	n/a	98.6	66.1	565.0	n/a	n/a	n/a	n/a
66.184	0.03	saccade	n/a	98.0	65.8	n/a	189.4	59.8	3.57	192.0
66.216	0.146	fixation	n/a	202.8	62.0	576.0	n/a	n/a	n/a	n/a
66.364	0.042	saccade	n/a	202.1	63.2	n/a	346.4	66.4	5.75	289.0
66.408	0.236	fixation	n/a	342.2	64.2	564.0	n/a	n/a	n/a	n/a
66.646	0.024	saccade	n/a	344.6	62.2	n/a	266.9	67.9	3.12	221.0
66.672	0.142	fixation	n/a	271.4	68.0	556.0	n/a	n/a	n/a	n/a
66.816	0.04	saccade	n/a	272.8	67.1	n/a	112.4	68.3	6.32	358.0
66.858	0.182	fixation	n/a	119.7	65.4	574.0	n/a	n/a	n/a	n/a
67.042	0.052	saccade	n/a	119.3	64.9	n/a	377.7	55.9	10.22	378.0
67.096	0.262	fixation	n/a	375.1	54.5	565.0	n/a	n/a	n/a	n/a
67.36	0.026	saccade	n/a	376.2	55.2	n/a	479.8	60.7	4.18	269.0
67.388	0.172	fixation	n/a	493.9	61.9	559.0	n/a	n/a	n/a	n/a
67.562	0.054	saccade	n/a	496.4	62.3	n/a	132.7	118.6	14.56	512.0
67.618	0.238	fixation	n/a	135.3	117.2	580.0	n/a	n/a	n/a	n/a
67.858	0.02	saccade	n/a	135.0	117.6	n/a	205.4	115.1	2.76	226.0
67.88	0.154	fixation	n/a	208.0	117.5	554.0	n/a	n/a	n/a	n/a
68.036	0.048	saccade	n/a	207.7	117.2	n/a	433.3	110.1	9.01	294.0
68.086	0.132	fixation	n/a	431.5	108.8	530.0	n/a	n/a	n/a	n/a
68.22	0.022	saccade	n/a	430.7	110.0	n/a	500.3	108.8	2.8	204.0
68.244	0.164	fixation	n/a	521.7	109.3	510.0	n/a	n/a	n/a	n/a
68.41	0.054	saccade	n/a	524.7	108.4	n/a	161.3	177.8	14.66	501.0
68.466	0.294	fixation	n/a	159.3	172.8	551.0	n/a	n/a	n/a	n/a
68.762	0.022	saccade	n/a	157.5	170.2	n/a	94.4	168.5	2.45	186.0
68.786	0.158	fixation	n/a	96.2	163.6	563.0	n/a	n/a	n/a	n/a
68.946	0.04	saccade	n/a	96.1	161.9	n/a	259.0	180.1	6.42	296.0
68.988	0.044	fixation	n/a	256.8	181.6	549.0	n/a	n/a	n/a	n/a
69.034	0.046	saccade	n/a	257.5	181.6	n/a	487.1	121.2	9.51	308.0
69.082	0.068	fixation	n/a	489.8	120.7	522.0	n/a	n/a	n/a	n/a
69.152	0.02	saccade	n/a	490.6	121.1	n/a	541.0	104.3	2.13	176.0
69.174	0.142	fixation	n/a	537.7	107.2	497.0	n/a	n/a	n/a	n/a
69.318	0.052	saccade	n/a	539.7	107.9	n/a	268.7	195.3	11.36	419.0
69.372	0.172	fixation	n/a	274.0	194.6	551.0	n/a	n/a	n/a	n/a
69.546	0.022	saccade	n/a	274.1	194.6	n/a	208.8	193.2	2.59	204.0
69.57	0.172	fixation	n/a	212.5	188.2	600.0	n/a	n/a	n/a	n/a
69.744	0.046	saccade	n/a	208.6	184.7	n/a	438.2	193.1	9.15	353.0
69.792	0.234	fixation	n/a	432.7	193.7	587.0	n/a	n/a	n/a	n/a
70.028	0.05	saccade	n/a	433.7	193.7	n/a	121.8	234.4	12.39	434.0
70.08	0.284	fixation	n/a	123.3	237.6	614.0	n/a	n/a	n/a	n/a
70.366	0.044	saccade	n/a	125.4	238.3	n/a	297.8	262.6	6.84	294.0
70.412	0.166	fixation	n/a	295.4	262.6	604.0	n/a	n/a	n/a	n/a
70.47	0.0	trigger_11	11	n/a	n/a	n/a	n/a	n/a	n/a	n/a
70.476	0.0	trigger_10	10	n/a	n/a	n/a	n/a	n/a	n/a	n/a
70.58	0.022	saccade	n/a	295.2	261.0	n/a	230.9	252.3	2.58	216.0
70.604	0.302	fixation	n/a	238.7	251.6	601.0	n/a	n/a	n/a	n/a
70.908	0.018	saccade	n/a	235.5	249.3	n/a	195.8	248.3	1.57	132.0
70.928	0.152	fixation	n/a	201.3	246.3	613.0	n/a	n/a	n/a	n/a
71.082	0.042	saccade	n/a	200.3	244.3	n/a	344.9	266.2	5.81	314.0
71.126	0.242	fixation	n/a	341.5	263.0	582.0	n/a	n/a	n/a	n/a
71.37	0.024	saccade	n/a	341.9	263.3	n/a	284.2	200.9	3.42	261.0
71.396	0.178	fixation	n/a	288.2	205.4	574.0	n/a	n/a	n/a	n/a
71.576	0.024	saccade	n/a	288.5	204.5	n/a	201.1	179.5	3.62	269.0
71.602	0.114	fixation	n/a	203.3	176.7	569.0	n/a	n/a	n/a	n/a
71.718	0.048	saccade	n/a	203.1	176.5	n/a	429.6	194.7	9.05	358.0
71.768	0.21	fixation	n/a	428.8	193.4	555.0	n/a	n/a	n/a	n/a
71.98	0.062	saccade	n/a	430.5	195.0	n/a	122.8	256.4	12.36	408.0
72.044	0.196	fixation	n/a	129.9	258.2	622.0	n/a	n/a	n/a	n/a
72.242	0.07	saccade	n/a	129.5	259.2	n/a	339.1	192.1	8.7	220.0
72.314	0.356	fixation	n/a	338.9	188.3	576.0	n/a	n/a	n/a	n/a
72.672	0.028	saccade	n/a	339.7	184.8	n/a	239.2	93.6	5.47	407.0
72.702	0.15	fixation	n/a	256.7	78.0	522.0	n/a	n/a	n/a	n/a
72.854	0.026	saccade	n/a	264.3	70.7	n/a	148.8	62.8	4.58	296.0
72.882	0.24	fixation	n/a	135.8	60.1	536.0	n/a	n/a	n/a	n/a
73.124	0.04	saccade	n/a	136.8	58.2	n/a	296.1	62.5	6.29	294.0
73.166	0.158	fixation	n/a	292.8	62.5	523.0	n/a	n/a	n/a	n/a
73.326	0.042	saccade	n/a	293.4	61.9	n/a	444.1	59.8	6.04	222.0
73.37	0.23	fixation	n/a	443.2	59.4	546.0	n/a	n/a	n/a	n/a
73.602	0.02	saccade	n/a	445.7	59.8	n/a	395.5	58.5	2.02	165.0
73.624	0.182	fixation	n/a	403.5	58.4	539.0	n/a	n/a	n/a	n/a
73.808	0.052	saccade	n/a	404.1	58.7	n/a	146.5	106.0	10.4	410.0
73.862	0.214	fixation	n/a	147.0	105.0	573.0	n/a	n/a	n/a	n/a
74.078	0.014	saccade	n/a	144.6	105.1	n/a	117.3	109.8	1.08	101.0
74.094	0.12	fixation	n/a	123.8	109.4	578.0	n/a	n/a	n/a	n/a
74.216	0.046	saccade	n/a	122.4	109.6	n/a	343.5	114.6	8.72	341.0
74.264	0.234	fixation	n/a	342.2	112.9	549.0	n/a	n/a	n/a	n/a
74.5	0.036	saccade	n/a	343.9	112.9	n/a	244.9	122.9	3.98	245.0
74.538	0.066	fixation	n/a	250.4	123.1	560.0	n/a	n/a	n/a	n/a
74.606	0.022	saccade	n/a	250.0	124.5	n/a	193.5	114.8	2.28	182.0
74.63	0.132	fixation	n/a	202.2	116.1	571.0	n/a	n/a	n/a	n/a
74.764	0.054	saccade	n/a	201.5	115.5	n/a	512.2	73.4	12.47	367.0
74.82	0.246	fixation	n/a	516.6	68.1	532.0	n/a	n/a	n/a	n/a
75.068	0.02	saccade	n/a	519.7	68.4	n/a	453.3	63.8	2.67	211.0
75.09	0.24	fixation	n/a	453.0	64.3	553.0	n/a	n/a	n/a	n/a
75.222	0.0	trigger_11	11	n/a	n/a	n/a	n/a	n/a	n/a	n/a
75.228	0.0	trigger_10	10	n/a	n/a	n/a	n/a	n/a	n/a	n/a
75.332	0.038	saccade	n/a	455.7	64.6	n/a	288.8	117.4	7.03	382.0
75.372	0.256	fixation	n/a	301.5	116.9	575.0	n/a	n/a	n/a	n/a
75.63	0.022	saccade	n/a	303.9	123.3	n/a	388.3	125.3	3.4	242.0
75.654	0.296	fixation	n/a	402.3	115.2	578.0	n/a	n/a	n/a	n/a
75.952	0.034	saccade	n/a	405.1	109.5	n/a	304.1	126.2	4.12	208.0
75.988	0.3	fixation	n/a	308.9	121.8	545.0	n/a	n/a	n/a	n/a
76.29	0.042	saccade	n/a	311.1	122.8	n/a	430.3	114.9	4.81	210.0
76.334	0.182	fixation	n/a	431.0	113.3	543.0	n/a	n/a	n/a	n/a
76.518	0.034	saccade	n/a	430.2	113.2	n/a	526.9	112.8	3.88	201.0
76.554	0.164	fixation	n/a	521.6	111.7	530.0	n/a	n/a	n/a	n/a
76.72	0.016	saccade	n/a	522.3	110.8	n/a	566.9	111.2	1.78	139.0
76.738	0.108	fixation	n/a	573.1	112.4	517.0	n/a	n/a	n/a	n/a
76.848	0.066	saccade	n/a	574.1	112.8	n/a	108.5	171.6	18.38	476.0
76.916	0.258	fixation	n/a	116.1	168.8	552.0	n/a	n/a	n/a	n/a
77.176	0.02	saccade	n/a	116.3	164.2	n/a	170.0	160.3	2.1	169.0
77.198	0.222	fixation	n/a	172.7	159.8	512.0	n/a	n/a	n/a	n/a
77.422	0.026	saccade	n/a	172.2	155.8	n/a	146.9	70.1	3.59	228.0
77.45	0.176	fixation	n/a	154.5	65.3	477.0	n/a	n/a	n/a	n/a
77.628	0.04	saccade	n/a	156.6	64.1	n/a	290.2	57.0	5.3	245.0
77.67	0.16	fixation	n/a	294.3	59.0	456.0	n/a	n/a	n/a	n/a
77.832	0.034	saccade	n/a	294.6	60.2	n/a	394.4	49.6	4.03	229.0
77.868	0.176	fixation	n/a	397.6	51.2	463.0	n/a	n/a	n/a	n/a
78.046	0.024	saccade	n/a	396.9	52.2	n/a	476.9	53.8	3.22	202.0
78.072	0.17	fixation	n/a	491.3	55.7	475.0	n/a	n/a	n/a	n/a
78.244	0.048	saccade	n/a	491.2	56.6	n/a	204.0	63.4	11.45	484.0
78.246	0.0	trigger_11	11	n/a	n/a	n/a	n/a	n/a	n/a	n/a
78.25	0.0	trigger_12	12	n/a	n/a	n/a	n/a	n/a	n/a	n/a
78.294	0.158	fixation	n/a	202.5	59.3	490.0	n/a	n/a	n/a	n/a
78.454	0.048	saccade	n/a	200.5	58.7	n/a	390.1	54.4	7.57	268.0
78.504	0.106	fixation	n/a	389.0	55.5	488.0	n/a	n/a	n/a	n/a
78.612	0.024	saccade	n/a	388.9	56.0	n/a	487.6	54.4	3.97	290.0
78.638	0.29	fixation	n/a	508.3	57.0	496.0	n/a	n/a	n/a	n/a
78.93	0.064	saccade	n/a	507.4	57.7	n/a	131.4	116.0	15.02	530.0
78.996	0.162	fixation	n/a	124.2	118.8	549.0	n/a	n/a	n/a	n/a
79.16	0.034	saccade	n/a	123.3	119.9	n/a	262.7	123.4	5.5	301.0
79.196	0.15	fixation	n/a	265.3	123.1	540.0	n/a	n/a	n/a	n/a
79.348	0.04	saccade	n/a	264.6	119.1	n/a	377.2	117.1	4.52	217.0
79.39	0.112	fixation	n/a	374.5	110.8	516.0	n/a	n/a	n/a	n/a
79.504	0.05	saccade	n/a	377.3	109.3	n/a	138.9	63.7	9.62	322.0
79.556	0.338	fixation	n/a	142.9	59.8	515.0	n/a	n/a	n/a	n/a
79.896	0.06	saccade	n/a	143.6	61.3	n/a	365.6	60.0	8.81	258.0
79.958	0.15	fixation	n/a	358.9	61.1	549.0	n/a	n/a	n/a	n/a
80.11	0.026	saccade	n/a	361.4	62.5	n/a	267.8	67.1	3.76	264.0
80.138	0.338	fixation	n/a	278.7	68.1	575.0	n/a	n/a	n/a	n/a
80.478	0.036	saccade	n/a	281.3	68.8	n/a	130.9	69.0	5.93	309.0
80.516	0.326	fixation	n/a	135.7	64.7	589.0	n/a	n/a	n/a	n/a
80.844	0.042	saccade	n/a	135.1	62.8	n/a	293.5	68.6	6.25	286.0
80.888	0.134	fixation	n/a	295.5	69.1	563.0	n/a	n/a	n/a	n/a
81.024	0.04	saccade	n/a	297.3	67.6	n/a	460.8	64.6	6.55	279.0
81.066	0.24	fixation	n/a	457.6	64.1	577.0	n/a	n/a	n/a	n/a
81.308	0.036	saccade	n/a	458.4	64.6	n/a	325.2	66.7	5.35	325.0
81.346	0.228	fixation	n/a	333.3	66.1	569.0	n/a	n/a	n/a	n/a
81.574	0.0	trigger_13	13	n/a	n/a	n/a	n/a	n/a	n/a	n/a
81.576	0.054	saccade	n/a	334.8	66.3	n/a	137.3	107.5	7.98	326.0
81.632	0.214	fixation	n/a	128.6	107.2	593.0	n/a	n/a	n/a	n/a
81.848	0.018	saccade	n/a	128.5	105.7	n/a	177.0	108.4	1.9	172.0
81.868	0.214	fixation	n/a	175.1	109.1	558.0	n/a	n/a	n/a	n/a
82.084	0.03	saccade	n/a	176.6	108.8	n/a	243.1	68.9	3.09	170.0
82.116	0.188	fixation	n/a	257.2	68.3	521.0	n/a	n/a	n/a	n/a
82.306	0.02	saccade	n/a	260.3	67.1	n/a	201.7	63.2	2.33	184.0
82.328	0.156	fixation	n/a	202.9	62.7	512.0	n/a	n/a	n/a	n/a
82.486	0.02	saccade	n/a	204.1	62.3	n/a	153.2	61.3	2.0	170.0
82.508	0.382	fixation	n/a	158.2	60.1	527.0	n/a	n/a	n/a	n/a
82.892	0.022	saccade	n/a	159.4	61.0	n/a	115.3	105.9	2.49	171.0
82.916	0.2	fixation	n/a	113.1	112.8	539.0	n/a	n/a	n/a	n/a
83.118	0.048	saccade	n/a	112.1	112.7	n/a	307.1	73.2	7.86	261.0
83.142	0.0	trigger_15	15	n/a	n/a	n/a	n/a	n/a	n/a	n/a
83.15	0.0	trigger_10	10	n/a	n/a	n/a	n/a	n/a	n/a	n/a
83.168	0.074	fixation	n/a	305.4	72.7	508.0	n/a	n/a	n/a	n/a
83.244	0.052	saccade	n/a	307.9	73.0	n/a	91.7	70.2	8.5	266.0
83.298	0.496	fixation	n/a	97.4	64.4	507.0	n/a	n/a	n/a	n/a
83.796	0.034	saccade	n/a	98.2	62.5	n/a	233.5	58.2	5.3	253.0
83.832	0.222	fixation	n/a	247.8	62.4	512.0	n/a	n/a	n/a	n/a
84.056	0.022	saccade	n/a	248.2	62.3	n/a	179.8	59.3	2.71	211.0
84.08	0.124	fixation	n/a	176.5	57.3	517.0	n/a	n/a	n/a	n/a
84.206	0.024	saccade	n/a	176.3	58.5	n/a	86.8	120.8	4.29	305.0
84.232	0.194	fixation	n/a	85.8	137.8	560.0	n/a	n/a	n/a	n/a
84.428	0.014	saccade	n/a	85.0	138.4	n/a	73.1	110.6	1.2	102.0
84.444	0.078	fixation	n/a	76.9	115.0	577.0	n/a	n/a	n/a	n/a
84.524	0.04	saccade	n/a	76.4	117.1	n/a	83.8	211.7	3.77	318.0
84.566	0.154	fixation	n/a	83.2	217.0	607.0	n/a	n/a	n/a	n/a
84.722	0.02	saccade	n/a	83.3	216.3	n/a	69.7	159.6	2.31	199.0
84.744	0.164	fixation	n/a	72.2	165.9	553.0	n/a	n/a	n/a	n/a
84.91	0.036	saccade	n/a	73.4	168.2	n/a	71.2	230.7	2.48	236.0
84.948	0.396	fixation	n/a	72.7	234.7	577.0	n/a	n/a	n/a	n/a
85.346	0.04	saccade	n/a	72.2	230.7	n/a	135.1	81.8	6.41	319.0
85.388	0.23	fixation	n/a	133.9	66.4	504.0	n/a	n/a	n/a	n/a
85.62	0.02	saccade	n/a	133.8	61.8	n/a	202.4	61.4	2.69	209.0
85.642	0.212	fixation	n/a	215.3	62.5	504.0	n/a	n/a	n/a	n/a
85.856	0.026	saccade	n/a	217.4	62.4	n/a	120.0	58.3	3.82	258.0
85.884	0.13	fixation	n/a	119.0	56.3	522.0	n/a	n/a	n/a	n/a
86.016	0.056	saccade	n/a	118.4	56.7	n/a	385.4	59.2	10.55	348.0
86.074	0.15	fixation	n/a	384.1	56.2	518.0	n/a	n/a	n/a	n/a
86.226	0.292	saccade	n/a	385.6	59.0	n/a	475.7	110.4	4.19	565.0
86.284	0.202	blink	n/a	n/a	n/a	n/a	n/a	n/a	n/a	n/a
86.52	0.21	fixation	n/a	472.4	52.8	518.0	n/a	n/a	n/a	n/a
86.732	0.024	saccade	n/a	470.0	46.0	n/a	529.9	56.8	2.44	139.0
86.758	0.182	fixation	n/a	524.7	58.7	556.0	n/a	n/a	n/a	n/a
86.942	0.03	saccade	n/a	524.6	59.3	n/a	398.3	61.3	5.07	318.0
86.974	0.216	fixation	n/a	409.6	61.6	537.0	n/a	n/a	n/a	n/a
87.192	0.024	saccade	n/a	413.5	61.8	n/a	317.1	61.3	3.88	282.0
87.218	0.186	fixation	n/a	314.4	62.9	526.0	n/a	n/a	n/a	n/a
87.406	0.02	saccade	n/a	316.8	63.5	n/a	376.3	61.2	2.4	186.0
87.428	0.268	fixation	n/a	383.1	58.0	530.0	n/a	n/a	n/a	n/a
87.698	0.024	saccade	n/a	383.2	58.9	n/a	479.6	59.2	3.88	293.0
87.724	0.458	fixation	n/a	484.6	60.0	535.0	n/a	n/a	n/a	n/a
88.184	0.058	saccade	n/a	485.0	61.0	n/a	107.9	120.4	15.04	488.0
88.244	0.21	fixation	n/a	118.7	117.2	558.0	n/a	n/a	n/a	n/a
88.456	0.026	saccade	n/a	120.3	116.8	n/a	240.6	109.7	4.74	314.0
88.484	0.386	fixation	n/a	264.1	113.0	512.0	n/a	n/a	n/a	n/a
88.52	0.0	trigger_11	11	n/a	n/a	n/a	n/a	n/a	n/a	n/a
88.524	0.0	trigger_10	10	n/a	n/a	n/a	n/a	n/a	n/a	n/a
88.872	0.038	saccade	n/a	264.6	112.8	n/a	393.7	111.3	5.19	220.0
88.912	0.374	fixation	n/a	388.3	112.3	477.0	n/a	n/a	n/a	n/a
89.288	0.018	saccade	n/a	388.9	111.0	n/a	349.6	114.7	1.59	137.0
89.308	0.138	fixation	n/a	353.5	115.3	470.0	n/a	n/a	n/a	n/a
89.448	0.048	saccade	n/a	354.6	115.4	n/a	150.4	153.5	8.25	264.0
89.498	0.156	fixation	n/a	156.8	152.8	489.0	n/a	n/a	n/a	n/a
89.656	0.026	saccade	n/a	157.4	151.7	n/a	274.9	179.9	4.79	332.0
89.684	0.178	fixation	n/a	293.2	182.6	488.0	n/a	n/a	n/a	n/a
89.864	0.048	saccade	n/a	294.2	180.6	n/a	504.4	168.6	8.42	254.0
89.914	0.144	fixation	n/a	501.0	164.4	459.0	n/a	n/a	n/a	n/a
90.06	0.022	saccade	n/a	498.9	163.5	n/a	558.0	164.9	2.36	172.0
90.084	0.13	fixation	n/a	571.0	164.5	435.0	n/a	n/a	n/a	n/a
90.216	0.064	saccade	n/a	572.4	164.7	n/a	103.6	206.2	18.42	586.0
90.282	0.232	fixation	n/a	113.4	204.2	465.0	n/a	n/a	n/a	n/a
90.516	0.032	saccade	n/a	114.6	204.3	n/a	123.6	96.7	4.32	224.0
90.55	0.192	fixation	n/a	126.6	93.1	446.0	n/a	n/a	n/a	n/a
90.744	0.018	saccade	n/a	128.4	89.4	n/a	126.2	53.0	1.46	106.0
90.764	0.244	fixation	n/a	133.1	49.7	425.0	n/a	n/a	n/a	n/a
91.01	0.026	saccade	n/a	134.7	49.8	n/a	241.2	53.0	4.19	266.0
91.038	0.334	fixation	n/a	265.2	54.7	434.0	n/a	n/a	n/a	n/a
91.374	0.038	saccade	n/a	265.7	55.8	n/a	111.0	56.6	6.08	307.0
91.414	0.182	fixation	n/a	116.3	55.5	468.0	n/a	n/a	n/a	n/a
91.598	0.016	saccade	n/a	116.8	56.3	n/a	83.0	57.9	1.3	114.0
91.616	0.276	fixation	n/a	88.4	57.8	499.0	n/a	n/a	n/a	n/a
91.85	0.0	trigger_11	11	n/a	n/a	n/a	n/a	n/a	n/a	n/a
91.856	0.0	trigger_10	10	n/a	n/a	n/a	n/a	n/a	n/a	n/a
91.894	0.058	saccade	n/a	88.1	61.1	n/a	481.0	53.3	15.44	444.0
91.954	0.212	fixation	n/a	473.2	52.4	522.0	n/a	n/a	n/a	n/a
92.168	0.022	saccade	n/a	471.7	52.4	n/a	536.3	56.8	2.59	194.0
92.192	0.098	fixation	n/a	537.9	59.5	510.0	n/a	n/a	n/a	n/a
92.292	0.066	saccade	n/a	538.1	60.1	n/a	163.0	107.6	14.95	518.0
92.36	0.188	fixation	n/a	152.8	110.7	539.0	n/a	n/a	n/a	n/a
92.55	0.042	saccade	n/a	152.6	110.6	n/a	292.8	119.7	5.55	292.0
92.594	0.19	fixation	n/a	291.8	119.2	528.0	n/a	n/a	n/a	n/a
92.786	0.02	saccade	n/a	292.3	118.2	n/a	359.5	113.4	2.71	208.0
92.808	0.338	fixation	n/a	369.9	113.4	513.0	n/a	n/a	n/a	n/a
93.148	0.052	saccade	n/a	371.1	114.0	n/a	240.9	59.3	5.67	301.0
93.202	0.232	fixation	n/a	237.7	57.2	516.0	n/a	n/a	n/a	n/a
93.436	0.022	saccade	n/a	238.0	56.2	n/a	302.5	60.9	2.58	181.0
93.46	0.256	fixation	n/a	312.6	62.2	532.0	n/a	n/a	n/a	n/a
93.718	0.038	saccade	n/a	314.5	62.0	n/a	163.0	65.2	6.01	257.0
93.758	0.35	fixation	n/a	175.4	63.3	555.0	n/a	n/a	n/a	n/a
94.11	0.042	saccade	n/a	177.5	63.0	n/a	351.2	63.6	6.91	326.0
94.154	0.252	fixation	n/a	350.0	60.6	526.0	n/a	n/a	n/a	n/a
94.408	0.036	saccade	n/a	348.6	59.2	n/a	448.6	56.5	4.02	260.0
94.446	0.192	fixation	n/a	441.6	56.0	515.0	n/a	n/a	n/a	n/a
94.64	0.026	saccade	n/a	439.8	55.0	n/a	533.3	60.2	3.75	248.0
94.668	0.156	fixation	n/a	543.7	64.1	491.0	n/a	n/a	n/a	n/a
94.824	0.0	trigger_11	11	n/a	n/a	n/a	n/a	n/a	n/a	n/a
94.826	0.06	saccade	n/a	544.1	65.5	n/a	119.5	105.3	16.76	540.0
94.83	0.0	trigger_10	10	n/a	n/a	n/a	n/a	n/a	n/a	n/a
94.888	0.214	fixation	n/a	128.5	106.2	537.0	n/a	n/a	n/a	n/a
95.104	0.022	saccade	n/a	128.8	105.9	n/a	232.8	115.8	4.11	318.0
95.128	0.182	fixation	n/a	242.9	117.4	511.0	n/a	n/a	n/a	n/a
95.312	0.02	saccade	n/a	243.6	116.9	n/a	299.9	117.6	2.25	179.0
95.334	0.144	fixation	n/a	301.0	116.9	479.0	n/a	n/a	n/a	n/a
95.48	0.04	saccade	n/a	301.6	116.5	n/a	105.7	111.4	7.72	306.0
95.522	0.33	fixation	n/a	113.7	109.1	471.0	n/a	n/a	n/a	n/a
95.854	0.028	saccade	n/a	114.8	108.4	n/a	180.4	82.6	2.76	163.0
95.884	0.15	fixation	n/a	196.6	76.5	449.0	n/a	n/a	n/a	n/a
96.036	0.044	saccade	n/a	197.1	75.5	n/a	323.6	61.6	5.07	203.0
96.082	0.268	fixation	n/a	334.9	58.9	443.0	n/a	n/a	n/a	n/a
96.352	0.02	saccade	n/a	331.4	59.4	n/a	386.0	46.9	2.26	151.0
96.374	0.222	fixation	n/a	398.2	46.9	457.0	n/a	n/a	n/a	n/a
96.598	0.05	saccade	n/a	398.3	47.6	n/a	197.8	58.1	8.02	289.0
96.65	0.458	fixation	n/a	200.0	55.8	486.0	n/a	n/a	n/a	n/a
97.11	0.018	saccade	n/a	199.6	57.0	n/a	154.4	52.9	1.78	136.0
97.13	0.118	fixation	n/a	150.6	52.6	501.0	n/a	n/a	n/a	n/a
97.25	0.05	saccade	n/a	150.5	52.8	n/a	385.5	52.2	9.33	358.0
97.302	0.38	fixation	n/a	381.1	50.2	478.0	n/a	n/a	n/a	n/a
97.684	0.02	saccade	n/a	381.7	51.0	n/a	327.9	57.4	2.18	184.0
97.706	0.148	fixation	n/a	334.1	56.1	488.0	n/a	n/a	n/a	n/a
97.856	0.04	saccade	n/a	333.9	56.1	n/a	510.4	58.8	7.08	349.0
97.898	0.196	fixation	n/a	501.9	56.0	498.0	n/a	n/a	n/a	n/a
98.096	0.02	saccade	n/a	502.8	54.4	n/a	475.4	53.9	1.1	120.0
98.118	0.102	fixation	n/a	479.8	53.5	510.0	n/a	n/a	n/a	n/a
98.222	0.046	saccade	n/a	479.7	54.0	n/a	230.2	118.3	10.3	508.0
98.27	0.224	fixation	n/a	237.6	116.6	519.0	n/a	n/a	n/a	n/a
98.496	0.024	saccade	n/a	235.9	116.2	n/a	321.5	118.0	3.42	215.0
98.522	0.174	fixation	n/a	346.5	115.7	511.0	n/a	n/a	n/a	n/a
98.698	0.042	saccade	n/a	349.3	114.6	n/a	122.7	105.3	8.96	333.0
98.742	0.248	fixation	n/a	127.2	105.2	507.0	n/a	n/a	n/a	n/a
98.992	0.02	saccade	n/a	127.7	106.0	n/a	181.2	108.8	2.1	176.0
99.014	0.248	fixation	n/a	173.2	109.1	510.0	n/a	n/a	n/a	n/a
99.264	0.054	saccade	n/a	172.7	109.9	n/a	490.6	112.1	12.64	363.0
99.32	0.154	fixation	n/a	485.7	113.0	501.0	n/a	n/a	n/a	n/a
99.476	0.02	saccade	n/a	485.9	114.1	n/a	538.9	109.9	2.13	155.0
99.498	0.132	fixation	n/a	540.6	107.6	478.0	n/a	n/a	n/a	n/a
99.632	0.056	saccade	n/a	541.1	107.4	n/a	139.1	156.2	15.95	515.0
99.69	0.18	fixation	n/a	143.7	156.3	489.0	n/a	n/a	n/a	n/a
99.872	0.02	saccade	n/a	144.6	156.0	n/a	99.9	164.8	1.77	128.0
99.88	0.0	trigger_11	11	n/a	n/a	n/a	n/a	n/a	n/a	n/a
99.884	0.0	trigger_10	10	n/a	n/a	n/a	n/a	n/a	n/a	n/a
99.894	0.192	fixation	n/a	94.5	164.9	486.0	n/a	n/a	n/a	n/a
100.088	0.042	saccade	n/a	94.9	164.3	n/a	279.3	188.2	7.3	325.0
100.132	0.154	fixation	n/a	275.3	186.5	450.0	n/a	n/a	n/a	n/a
100.288	0.022	saccade	n/a	275.1	184.2	n/a	224.0	181.7	2.04	147.0
100.312	0.258	fixation	n/a	225.2	175.2	418.0	n/a	n/a	n/a	n/a
100.572	0.022	saccade	n/a	224.1	174.3	n/a	292.5	173.9	2.73	202.0
100.596	0.124	fixation	n/a	304.2	173.8	391.0	n/a	n/a	n/a	n/a
100.722	0.212	saccade	n/a	306.6	170.6	n/a	529.5	167.7	8.93	606.0
100.76	0.158	blink	n/a	n/a	n/a	n/a	n/a	n/a	n/a	n/a
100.936	0.136	fixation	n/a	528.5	114.1	374.0	n/a	n/a	n/a	n/a
101.074	0.022	saccade	n/a	527.4	107.9	n/a	456.0	116.7	2.88	240.0
101.098	0.17	fixation	n/a	458.7	116.5	378.0	n/a	n/a	n/a	n/a
101.27	0.018	saccade	n/a	458.6	115.5	n/a	501.7	113.8	1.73	152.0
101.29	0.13	fixation	n/a	498.0	113.9	406.0	n/a	n/a	n/a	n/a
101.422	0.068	saccade	n/a	498.2	114.4	n/a	59.7	157.5	17.25	433.0
101.492	0.19	fixation	n/a	69.3	159.2	449.0	n/a	n/a	n/a	n/a
101.684	0.02	saccade	n/a	71.0	159.7	n/a	121.9	151.7	1.98	159.0
101.706	0.176	fixation	n/a	124.6	150.3	455.0	n/a	n/a	n/a	n/a
101.884	0.022	saccade	n/a	125.1	149.7	n/a	218.8	156.7	3.69	244.0
101.908	0.184	fixation	n/a	240.2	166.7	441.0	n/a	n/a	n/a	n/a
102.094	0.026	saccade	n/a	240.4	167.7	n/a	157.4	67.5	5.21	357.0
102.122	0.212	fixation	n/a	172.0	59.8	431.0	n/a	n/a	n/a	n/a
102.336	0.03	saccade	n/a	178.1	60.7	n/a	295.7	51.9	4.68	236.0
102.368	0.224	fixation	n/a	309.1	55.5	426.0	n/a	n/a	n/a	n/a
102.594	0.044	saccade	n/a	309.1	56.4	n/a	481.1	55.3	6.91	240.0
102.64	0.238	fixation	n/a	478.0	55.6	447.0	n/a	n/a	n/a	n/a
102.88	0.012	saccade	n/a	476.6	56.1	n/a	503.5	52.0	1.09	100.0
102.894	0.152	fixation	n/a	504.1	49.8	457.0	n/a	n/a	n/a	n/a
103.048	0.024	saccade	n/a	503.6	49.9	n/a	395.5	50.0	4.34	337.0
103.074	0.148	fixation	n/a	383.3	50.9	457.0	n/a	n/a	n/a	n/a
103.224	0.048	saccade	n/a	383.0	50.5	n/a	156.7	47.1	8.98	316.0
103.274	0.208	fixation	n/a	161.5	45.8	473.0	n/a	n/a	n/a	n/a
103.484	0.024	saccade	n/a	163.0	45.4	n/a	269.5	56.6	4.24	287.0
103.51	0.268	fixation	n/a	283.4	56.1	468.0	n/a	n/a	n/a	n/a
103.78	0.032	saccade	n/a	284.0	56.7	n/a	133.7	72.3	5.96	308.0
103.814	0.13	fixation	n/a	133.6	71.7	498.0	n/a	n/a	n/a	n/a
103.946	0.01	saccade	n/a	134.4	68.2	n/a	135.1	54.9	0.53	55.0
103.958	0.132	fixation	n/a	139.1	56.1	497.0	n/a	n/a	n/a	n/a
104.092	0.024	saccade	n/a	140.0	56.8	n/a	87.8	111.5	2.98	232.0
104.118	0.124	fixation	n/a	92.8	109.1	505.0	n/a	n/a	n/a	n/a
104.184	0.0	trigger_11	11	n/a	n/a	n/a	n/a	n/a	n/a	n/a
104.186	0.0	trigger_10	10	n/a	n/a	n/a	n/a	n/a	n/a	n/a
104.244	0.056	saccade	n/a	93.2	109.9	n/a	357.7	112.2	10.41	350.0
104.302	0.206	fixation	n/a	352.7	114.2	482.0	n/a	n/a	n/a	n/a
104.51	0.04	saccade	n/a	352.8	114.8	n/a	235.4	110.0	4.71	273.0
104.552	0.238	fixation	n/a	242.9	110.5	478.0	n/a	n/a	n/a	n/a
104.792	0.028	saccade	n/a	243.2	110.4	n/a	111.2	111.6	5.19	300.0
104.822	0.296	fixation	n/a	111.5	109.7	480.0	n/a	n/a	n/a	n/a
105.12	0.066	saccade	n/a	113.8	108.1	n/a	510.0	63.1	15.7	362.0
105.188	0.236	fixation	n/a	500.7	54.1	451.0	n/a	n/a	n/a	n/a
105.426	0.024	saccade	n/a	497.5	53.0	n/a	422.1	58.4	3.04	223.0
105.452	0.324	fixation	n/a	418.6	57.9	432.0	n/a	n/a	n/a	n/a
105.778	0.02	saccade	n/a	418.5	55.8	n/a	373.3	56.7	1.82	166.0
105.8	0.188	fixation	n/a	377.9	53.5	444.0	n/a	n/a	n/a	n/a
105.99	0.032	saccade	n/a	375.3	54.6	n/a	497.8	44.2	4.94	258.0
106.024	0.13	fixation	n/a	507.8	43.2	449.0	n/a	n/a	n/a	n/a
106.156	0.058	saccade	n/a	507.7	42.9	n/a	174.3	46.6	13.2	426.0
106.216	0.194	fixation	n/a	181.4	47.5	449.0	n/a	n/a	n/a	n/a
106.412	0.026	saccade	n/a	179.7	48.6	n/a	298.1	52.9	4.7	320.0
106.44	0.244	fixation	n/a	325.4	55.1	453.0	n/a	n/a	n/a	n/a
106.686	0.02	saccade	n/a	326.3	54.8	n/a	287.4	57.8	1.56	122.0
106.708	0.512	fixation	n/a	293.9	58.9	455.0	n/a	n/a	n/a	n/a
106.912	0.0	trigger_11	11	n/a	n/a	n/a	n/a	n/a	n/a	n/a
106.924	0.0	trigger_10	10	n/a	n/a	n/a	n/a	n/a	n/a	n/a
107.222	0.02	saccade	n/a	290.6	59.4	n/a	354.4	54.3	2.57	213.0
107.244	0.476	fixation	n/a	369.1	52.6	443.0	n/a	n/a	n/a	n/a
107.722	0.02	saccade	n/a	370.4	52.1	n/a	314.1	54.8	2.27	188.0
107.744	0.186	fixation	n/a	323.5	53.4	450.0	n/a	n/a	n/a	n/a
107.932	0.014	saccade	n/a	326.0	54.3	n/a	361.3	52.8	1.42	121.0
107.948	0.114	fixation	n/a	360.5	53.6	456.0	n/a	n/a	n/a	n/a
108.064	0.026	saccade	n/a	361.5	53.6	n/a	281.3	55.8	3.22	230.0
108.092	0.406	fixation	n/a	292.3	58.7	489.0	n/a	n/a	n/a	n/a
108.5	0.014	saccade	n/a	292.0	60.7	n/a	267.7	66.9	1.0	98.0
108.516	0.662	fixation	n/a	275.7	63.9	504.0	n/a	n/a	n/a	n/a
109.18	0.04	saccade	n/a	276.9	61.7	n/a	402.9	56.9	5.06	197.0
109.222	0.222	fixation	n/a	398.9	55.4	484.0	n/a	n/a	n/a	n/a
109.446	0.016	saccade	n/a	397.0	54.5	n/a	439.4	53.3	1.71	150.0
109.464	0.172	fixation	n/a	444.5	53.6	475.0	n/a	n/a	n/a	n/a
109.638	0.028	saccade	n/a	446.6	54.4	n/a	309.2	52.8	5.52	347.0
109.668	0.19	fixation	n/a	303.9	54.3	453.0	n/a	n/a	n/a	n/a
109.86	0.042	saccade	n/a	306.0	56.8	n/a	131.3	50.2	6.91	275.0
109.904	0.166	fixation	n/a	137.7	49.2	468.0	n/a	n/a	n/a	n/a
110.072	0.016	saccade	n/a	138.5	48.9	n/a	101.1	49.3	1.45	129.0
110.09	0.256	fixation	n/a	101.5	49.1	468.0	n/a	n/a	n/a	n/a
110.348	0.064	saccade	n/a	101.4	50.1	n/a	424.4	52.5	12.74	298.0
110.414	0.138	fixation	n/a	420.1	51.1	452.0	n/a	n/a	n/a	n/a
110.554	0.04	saccade	n/a	418.8	51.0	n/a	543.7	45.8	5.01	234.0
110.596	0.118	fixation	n/a	540.7	45.5	441.0	n/a	n/a	n/a	n/a
110.716	0.06	saccade	n/a	541.5	45.8	n/a	146.1	102.9	15.77	489.0
110.778	0.172	fixation	n/a	150.3	103.5	461.0	n/a	n/a	n/a	n/a
110.952	0.02	saccade	n/a	149.9	103.0	n/a	90.1	108.9	2.33	182.0
110.974	0.272	fixation	n/a	96.4	107.5	471.0	n/a	n/a	n/a	n/a
111.248	0.07	saccade	n/a	90.1	104.7	n/a	505.8	44.2	16.48	411.0
111.32	0.238	fixation	n/a	508.2	42.3	413.0	n/a	n/a	n/a	n/a
111.56	0.044	saccade	n/a	514.4	41.3	n/a	330.1	116.1	7.99	324.0
111.606	0.144	fixation	n/a	338.6	115.5	418.0	n/a	n/a	n/a	n/a
111.752	0.04	saccade	n/a	339.3	114.6	n/a	498.5	137.8	6.46	287.0
111.794	0.258	fixation	n/a	510.1	140.4	442.0	n/a	n/a	n/a	n/a
112.016	0.0	trigger_11	11	n/a	n/a	n/a	n/a	n/a	n/a	n/a
112.02	0.0	trigger_10	10	n/a	n/a	n/a	n/a	n/a	n/a	n/a
112.054	0.028	saccade	n/a	515.6	140.0	n/a	394.4	104.4	5.08	290.0
112.084	0.186	fixation	n/a	384.8	106.9	434.0	n/a	n/a	n/a	n/a
112.272	0.02	saccade	n/a	387.5	106.4	n/a	364.4	113.7	0.98	119.0
112.294	0.102	fixation	n/a	368.5	111.7	434.0	n/a	n/a	n/a	n/a
112.398	0.022	saccade	n/a	368.3	112.9	n/a	375.1	168.1	2.27	165.0
112.422	0.102	fixation	n/a	373.6	160.2	443.0	n/a	n/a	n/a	n/a
112.526	0.028	saccade	n/a	372.9	157.6	n/a	482.5	160.3	4.41	259.0
112.556	0.222	fixation	n/a	499.2	162.0	450.0	n/a	n/a	n/a	n/a
112.78	0.052	saccade	n/a	500.4	160.5	n/a	241.5	239.8	10.8	448.0
112.834	0.18	fixation	n/a	246.0	235.5	455.0	n/a	n/a	n/a	n/a
113.016	0.018	saccade	n/a	246.2	234.5	n/a	291.1	255.9	1.98	160.0
113.036	0.196	fixation	n/a	295.9	255.0	454.0	n/a	n/a	n/a	n/a
113.234	0.038	saccade	n/a	297.2	254.8	n/a	156.8	189.0	6.14	303.0
113.274	0.124	fixation	n/a	160.5	189.7	457.0	n/a	n/a	n/a	n/a
113.4	0.02	saccade	n/a	159.8	191.4	n/a	107.5	206.3	2.12	177.0
113.422	0.234	fixation	n/a	110.1	207.7	455.0	n/a	n/a	n/a	n/a
113.658	0.044	saccade	n/a	112.0	208.0	n/a	281.5	254.2	6.9	258.0
113.704	0.18	fixation	n/a	284.5	255.2	487.0	n/a	n/a	n/a	n/a
113.886	0.026	saccade	n/a	283.9	249.9	n/a	231.2	151.4	4.5	301.0
113.914	0.144	fixation	n/a	227.5	133.7	473.0	n/a	n/a	n/a	n/a
114.06	0.016	saccade	n/a	229.5	128.2	n/a	199.0	104.7	1.54	117.0
114.078	0.182	fixation	n/a	205.6	93.5	468.0	n/a	n/a	n/a	n/a
114.262	0.016	saccade	n/a	207.0	87.6	n/a	170.6	63.2	1.74	142.0
114.28	0.26	fixation	n/a	170.6	52.3	474.0	n/a	n/a	n/a	n/a
114.542	0.024	saccade	n/a	171.5	52.0	n/a	264.3	60.1	3.68	252.0
114.568	0.148	fixation	n/a	290.6	64.0	480.0	n/a	n/a	n/a	n/a
114.718	0.032	saccade	n/a	292.8	63.6	n/a	114.9	56.7	7.01	405.0
114.752	0.276	fixation	n/a	108.4	56.3	486.0	n/a	n/a	n/a	n/a
115.03	0.04	saccade	n/a	108.8	56.2	n/a	304.0	64.1	7.69	291.0
115.072	0.112	fixation	n/a	298.6	63.7	466.0	n/a	n/a	n/a	n/a
115.186	0.024	saccade	n/a	297.4	63.8	n/a	381.3	61.7	3.37	251.0
115.212	0.2	fixation	n/a	394.9	54.2	464.0	n/a	n/a	n/a	n/a
115.414	0.038	saccade	n/a	393.7	53.9	n/a	216.7	60.1	7.08	338.0
115.454	0.176	fixation	n/a	219.4	57.9	467.0	n/a	n/a	n/a	n/a
115.632	0.02	saccade	n/a	219.1	57.3	n/a	175.6	56.5	1.72	146.0
115.654	0.302	fixation	n/a	184.8	55.5	464.0	n/a	n/a	n/a	n/a
115.958	0.048	saccade	n/a	184.3	54.2	n/a	409.6	50.7	8.98	356.0
116.008	0.306	fixation	n/a	406.9	48.4	440.0	n/a	n/a	n/a	n/a
116.316	0.024	saccade	n/a	405.4	48.7	n/a	491.1	45.6	3.45	222.0
116.342	0.18	fixation	n/a	503.1	49.2	451.0	n/a	n/a	n/a	n/a
116.524	0.04	saccade	n/a	503.0	49.6	n/a	276.2	81.5	9.16	420.0
116.566	0.084	fixation	n/a	279.2	82.1	467.0	n/a	n/a	n/a	n/a
116.652	0.022	saccade	n/a	280.4	82.8	n/a	339.0	69.1	2.41	168.0
116.676	0.178	fixation	n/a	352.5	68.1	471.0	n/a	n/a	n/a	n/a
116.712	0.0	trigger_11	11	n/a	n/a	n/a	n/a	n/a	n/a	n/a
116.72	0.0	trigger_10	10	n/a	n/a	n/a	n/a	n/a	n/a	n/a
116.856	0.02	saccade	n/a	353.6	70.2	n/a	299.3	71.1	2.18	185.0
116.878	0.154	fixation	n/a	311.7	70.7	478.0	n/a	n/a	n/a	n/a
117.034	0.036	saccade	n/a	313.8	69.9	n/a	141.2	100.0	6.94	305.0
117.072	0.238	fixation	n/a	133.9	100.7	507.0	n/a	n/a	n/a	n/a
117.312	0.066	saccade	n/a	134.9	100.9	n/a	459.7	55.2	12.97	399.0
117.38	0.226	fixation	n/a	453.5	50.7	482.0	n/a	n/a	n/a	n/a
117.608	0.056	saccade	n/a	453.5	47.3	n/a	125.1	100.0	13.15	403.0
117.666	0.312	fixation	n/a	128.3	102.4	530.0	n/a	n/a	n/a	n/a
117.98	0.016	saccade	n/a	129.7	102.5	n/a	130.4	76.5	1.04	88.0
117.998	0.206	fixation	n/a	130.9	67.6	532.0	n/a	n/a	n/a	n/a
118.206	0.01	saccade	n/a	132.9	66.4	n/a	148.1	57.2	0.7	73.0
118.218	0.72	fixation	n/a	148.1	58.6	534.0	n/a	n/a	n/a	n/a
118.94	0.042	saccade	n/a	147.5	58.7	n/a	288.5	67.5	5.58	265.0
118.984	0.146	fixation	n/a	285.7	66.7	527.0	n/a	n/a	n/a	n/a
119.132	0.04	saccade	n/a	286.3	64.9	n/a	93.8	66.0	7.55	382.0
119.174	0.252	fixation	n/a	99.7	62.3	522.0	n/a	n/a	n/a	n/a
119.428	0.02	saccade	n/a	99.8	61.9	n/a	143.7	59.0	1.71	160.0
119.442	0.0	trigger_11	11	n/a	n/a	n/a	n/a	n/a	n/a	n/a
119.448	0.0	trigger_10	10	n/a	n/a	n/a	n/a	n/a	n/a	n/a
119.45	0.134	fixation	n/a	137.4	57.5	535.0	n/a	n/a	n/a	n/a
119.586	0.062	saccade	n/a	137.4	58.4	n/a	528.5	67.6	15.43	471.0
119.65	0.23	fixation	n/a	522.5	65.6	505.0	n/a	n/a	n/a	n/a
119.882	0.056	saccade	n/a	524.6	65.0	n/a	141.5	106.5	15.23	664.0
119.94	0.156	fixation	n/a	147.1	106.1	522.0	n/a	n/a	n/a	n/a
120.098	0.02	saccade	n/a	147.4	106.0	n/a	90.8	113.2	2.21	183.0
120.12	0.214	fixation	n/a	97.1	111.9	503.0	n/a	n/a	n/a	n/a
120.336	0.016	saccade	n/a	99.9	110.8	n/a	139.1	103.3	1.55	122.0
120.354	0.034	fixation	n/a	135.1	103.2	486.0	n/a	n/a	n/a	n/a
120.39	0.014	saccade	n/a	137.8	102.3	n/a	167.6	100.7	1.17	89.0
120.406	0.064	fixation	n/a	169.9	101.6	475.0	n/a	n/a	n/a	n/a
120.472	0.316	saccade	n/a	171.6	101.7	n/a	178.2	165.8	2.6	627.0
120.52	0.242	blink	n/a	n/a	n/a	n/a	n/a	n/a	n/a	n/a
120.79	0.148	fixation	n/a	193.1	109.8	430.0	n/a	n/a	n/a	n/a
120.94	0.02	saccade	n/a	193.1	97.7	n/a	145.2	107.2	1.92	134.0
120.962	0.286	fixation	n/a	140.5	105.9	489.0	n/a	n/a	n/a	n/a
121.25	0.026	saccade	n/a	141.3	104.2	n/a	234.7	84.5	3.76	223.0
121.278	0.38	fixation	n/a	249.6	91.5	479.0	n/a	n/a	n/a	n/a
121.66	0.022	saccade	n/a	248.6	90.8	n/a	196.9	52.0	2.59	203.0
121.684	0.212	fixation	n/a	197.8	51.1	505.0	n/a	n/a	n/a	n/a
121.898	0.024	saccade	n/a	198.9	51.7	n/a	123.0	66.6	3.03	228.0
121.924	0.256	fixation	n/a	132.1	63.4	525.0	n/a	n/a	n/a	n/a
122.182	0.046	saccade	n/a	131.7	65.6	n/a	328.7	67.8	7.79	294.0
122.23	0.182	fixation	n/a	317.8	66.9	540.0	n/a	n/a	n/a	n/a
122.414	0.042	saccade	n/a	317.3	64.6	n/a	471.7	54.9	6.21	287.0
122.458	0.298	fixation	n/a	465.9	51.9	555.0	n/a	n/a	n/a	n/a
122.758	0.038	saccade	n/a	464.0	52.2	n/a	543.5	66.6	3.23	188.0
122.798	0.138	fixation	n/a	535.1	65.6	543.0	n/a	n/a	n/a	n/a
122.938	0.064	saccade	n/a	535.1	66.1	n/a	107.8	106.4	16.84	506.0
123.004	0.228	fixation	n/a	115.7	103.2	592.0	n/a	n/a	n/a	n/a
123.234	0.02	saccade	n/a	119.2	103.3	n/a	174.2	104.0	2.15	181.0
123.256	0.252	fixation	n/a	167.7	104.4	617.0	n/a	n/a	n/a	n/a
123.51	0.02	saccade	n/a	167.7	104.8	n/a	112.2	118.8	2.24	180.0
123.532	0.21	fixation	n/a	116.9	116.8	593.0	n/a	n/a	n/a	n/a
123.744	0.02	saccade	n/a	118.5	117.6	n/a	182.1	107.4	2.52	215.0
123.766	0.154	fixation	n/a	175.3	109.2	599.0	n/a	n/a	n/a	n/a
123.922	0.02	saccade	n/a	174.7	112.0	n/a	236.0	109.4	2.43	198.0
123.944	0.1	fixation	n/a	248.5	115.3	578.0	n/a	n/a	n/a	n/a
124.046	0.042	saccade	n/a	249.9	118.2	n/a	365.1	126.7	4.63	349.0
124.09	0.414	fixation	n/a	353.9	123.1	537.0	n/a	n/a	n/a	n/a
124.506	0.016	saccade	n/a	352.7	122.5	n/a	347.4	119.9	0.24	61.0
124.524	0.13	fixation	n/a	348.4	119.6	513.0	n/a	n/a	n/a	n/a
124.65	0.0	trigger_11	11	n/a	n/a	n/a	n/a	n/a	n/a	n/a
124.656	0.032	saccade	n/a	343.8	120.8	n/a	532.7	126.2	7.57	735.0
124.66	0.0	trigger_10	10	n/a	n/a	n/a	n/a	n/a	n/a	n/a
124.69	0.14	fixation	n/a	527.3	123.2	517.0	n/a	n/a	n/a	n/a
124.832	0.056	saccade	n/a	527.9	121.5	n/a	147.8	156.2	15.09	704.0
124.89	0.248	fixation	n/a	153.2	156.1	542.0	n/a	n/a	n/a	n/a
125.14	0.024	saccade	n/a	156.8	157.2	n/a	92.5	168.3	2.53	182.0
125.166	0.2	fixation	n/a	96.8	167.4	514.0	n/a	n/a	n/a	n/a
125.368	0.046	saccade	n/a	95.9	167.4	n/a	356.0	184.5	10.24	396.0
125.416	0.198	fixation	n/a	358.4	184.9	490.0	n/a	n/a	n/a	n/a
125.616	0.038	saccade	n/a	356.5	184.3	n/a	501.7	175.0	5.83	277.0
125.656	0.23	fixation	n/a	498.0	173.0	484.0	n/a	n/a	n/a	n/a
125.888	0.018	saccade	n/a	495.6	174.0	n/a	535.4	160.6	1.68	123.0
125.908	0.104	fixation	n/a	533.9	160.3	462.0	n/a	n/a	n/a	n/a
126.014	0.03	saccade	n/a	534.0	160.9	n/a	364.1	177.8	6.83	472.0
126.046	0.198	fixation	n/a	366.4	176.8	456.0	n/a	n/a	n/a	n/a
126.246	0.018	saccade	n/a	368.8	174.9	n/a	325.6	169.8	1.75	160.0
126.266	0.222	fixation	n/a	331.7	176.4	462.0	n/a	n/a	n/a	n/a
126.49	0.048	saccade	n/a	334.7	178.6	n/a	131.0	159.4	8.09	420.0
126.54	0.062	fixation	n/a	137.0	154.6	480.0	n/a	n/a	n/a	n/a
126.604	0.022	saccade	n/a	137.4	151.2	n/a	190.7	82.0	3.48	254.0
126.628	0.274	fixation	n/a	198.8	66.4	463.0	n/a	n/a	n/a	n/a
126.904	0.04	saccade	n/a	203.6	62.8	n/a	338.5	63.8	5.37	280.0
126.946	0.21	fixation	n/a	336.1	64.7	449.0	n/a	n/a	n/a	n/a
127.158	0.04	saccade	n/a	334.9	64.0	n/a	500.0	54.9	6.63	262.0
127.2	0.35	fixation	n/a	500.3	52.9	458.0	n/a	n/a	n/a	n/a
127.552	0.018	saccade	n/a	497.9	53.5	n/a	551.9	54.2	2.16	184.0
127.572	0.372	fixation	n/a	569.6	53.4	454.0	n/a	n/a	n/a	n/a
127.946	0.064	saccade	n/a	569.4	55.5	n/a	94.2	109.6	18.69	516.0
128.012	0.328	fixation	n/a	103.6	107.8	508.0	n/a	n/a	n/a	n/a
128.342	0.044	saccade	n/a	105.1	108.1	n/a	286.9	114.2	7.15	274.0
128.388	0.202	fixation	n/a	287.5	114.2	468.0	n/a	n/a	n/a	n/a
128.592	0.046	saccade	n/a	286.8	113.9	n/a	485.9	106.9	7.99	444.0
128.64	0.104	fixation	n/a	482.7	105.4	454.0	n/a	n/a	n/a	n/a
128.746	0.056	saccade	n/a	480.4	106.9	n/a	249.7	60.9	9.42	444.0
128.804	0.182	fixation	n/a	245.7	57.5	449.0	n/a	n/a	n/a	n/a
128.988	0.04	saccade	n/a	247.0	57.2	n/a	392.5	50.0	5.84	211.0
129.03	0.288	fixation	n/a	390.4	51.1	451.0	n/a	n/a	n/a	n/a
129.32	0.038	saccade	n/a	388.8	51.8	n/a	250.9	52.1	5.53	267.0
129.36	0.212	fixation	n/a	263.5	52.3	459.0	n/a	n/a	n/a	n/a
129.574	0.048	saccade	n/a	263.4	53.5	n/a	483.8	124.3	9.28	556.0
129.624	0.16	fixation	n/a	486.3	121.1	474.0	n/a	n/a	n/a	n/a
129.786	0.03	saccade	n/a	488.9	121.8	n/a	317.7	114.3	6.88	586.0
129.818	0.212	fixation	n/a	322.0	114.1	471.0	n/a	n/a	n/a	n/a
130.032	0.04	saccade	n/a	323.1	112.5	n/a	179.9	104.4	5.7	257.0
130.074	0.02	fixation	n/a	186.8	104.0	480.0	n/a	n/a	n/a	n/a
130.096	0.024	saccade	n/a	185.2	104.1	n/a	101.1	107.8	3.28	234.0
130.122	0.146	fixation	n/a	113.9	106.3	473.0	n/a	n/a	n/a	n/a
130.27	0.018	saccade	n/a	112.9	107.2	n/a	155.0	100.9	1.66	144.0
130.29	0.18	fixation	n/a	152.7	102.3	472.0	n/a	n/a	n/a	n/a
130.472	0.048	saccade	n/a	153.1	102.4	n/a	355.7	99.9	8.04	422.0
130.522	0.192	fixation	n/a	350.1	99.2	448.0	n/a	n/a	n/a	n/a
130.716	0.02	saccade	n/a	350.1	99.4	n/a	310.9	111.6	1.65	153.0
130.738	0.248	fixation	n/a	319.9	110.2	449.0	n/a	n/a	n/a	n/a
130.988	0.02	saccade	n/a	321.2	110.3	n/a	266.7	117.0	2.2	186.0
131.01	0.134	fixation	n/a	269.8	114.8	460.0	n/a	n/a	n/a	n/a
131.146	0.05	saccade	n/a	268.4	114.1	n/a	499.1	109.4	9.25	414.0
131.198	0.162	fixation	n/a	495.1	109.5	454.0	n/a	n/a	n/a	n/a
131.362	0.022	saccade	n/a	493.8	110.4	n/a	555.9	111.8	2.48	191.0
131.386	0.096	fixation	n/a	549.9	111.8	438.0	n/a	n/a	n/a	n/a
131.484	0.058	saccade	n/a	551.4	112.1	n/a	169.4	155.5	15.2	890.0
131.544	0.178	fixation	n/a	173.4	153.8	462.0	n/a	n/a	n/a	n/a
131.724	0.026	saccade	n/a	174.2	152.4	n/a	302.3	170.8	5.14	342.0
131.752	0.236	fixation	n/a	319.7	178.8	445.0	n/a	n/a	n/a	n/a
131.99	0.018	saccade	n/a	322.3	174.2	n/a	284.9	174.7	1.5	137.0
132.01	0.142	fixation	n/a	293.6	173.3	429.0	n/a	n/a	n/a	n/a
132.154	0.042	saccade	n/a	292.8	171.4	n/a	487.5	162.3	7.81	369.0
132.198	0.096	fixation	n/a	484.7	162.8	409.0	n/a	n/a	n/a	n/a
132.296	0.052	saccade	n/a	484.2	164.3	n/a	100.0	147.5	15.14	575.0
132.35	0.25	fixation	n/a	104.4	145.4	433.0	n/a	n/a	n/a	n/a
132.37	0.0	trigger_11	11	n/a	n/a	n/a	n/a	n/a	n/a	n/a
132.374	0.0	trigger_10	10	n/a	n/a	n/a	n/a	n/a	n/a	n/a
132.602	0.024	saccade	n/a	106.4	145.9	n/a	196.3	152.5	3.52	254.0
132.628	0.112	fixation	n/a	217.0	160.2	417.0	n/a	n/a	n/a	n/a
132.742	0.054	saccade	n/a	218.4	160.3	n/a	510.3	158.5	11.63	440.0
132.798	0.216	fixation	n/a	508.1	160.7	428.0	n/a	n/a	n/a	n/a
133.016	0.022	saccade	n/a	510.2	161.7	n/a	460.5	168.4	2.01	138.0
133.04	0.158	fixation	n/a	461.8	168.5	414.0	n/a	n/a	n/a	n/a
133.2	0.044	saccade	n/a	460.3	167.8	n/a	250.8	247.3	8.96	457.0
133.246	0.154	fixation	n/a	253.7	239.7	461.0	n/a	n/a	n/a	n/a
133.402	0.024	saccade	n/a	250.4	236.5	n/a	345.8	248.3	3.83	280.0
133.428	0.178	fixation	n/a	360.5	250.9	464.0	n/a	n/a	n/a	n/a
133.608	0.018	saccade	n/a	361.1	246.0	n/a	407.4	243.7	1.86	156.0
133.628	0.238	fixation	n/a	411.9	240.0	461.0	n/a	n/a	n/a	n/a
133.868	0.01	saccade	n/a	413.7	239.8	n/a	431.0	235.9	0.71	75.0
133.88	0.192	fixation	n/a	425.4	235.8	451.0	n/a	n/a	n/a	n/a
134.074	0.06	saccade	n/a	424.0	237.5	n/a	210.7	70.7	10.85	461.0
134.136	0.432	fixation	n/a	230.3	66.9	415.0	n/a	n/a	n/a	n/a
134.57	0.024	saccade	n/a	233.1	66.8	n/a	146.6	45.1	3.52	252.0
134.596	0.132	fixation	n/a	141.8	43.3	442.0	n/a	n/a	n/a	n/a
134.73	0.044	saccade	n/a	142.7	42.3	n/a	354.3	47.5	8.38	371.0
134.776	0.192	fixation	n/a	355.7	43.9	429.0	n/a	n/a	n/a	n/a
134.97	0.042	saccade	n/a	355.9	43.7	n/a	514.7	42.6	6.36	303.0
134.994	0.0	trigger_11	11	n/a	n/a	n/a	n/a	n/a	n/a	n/a
135.0	0.0	trigger_10	10	n/a	n/a	n/a	n/a	n/a	n/a	n/a
135.014	0.222	fixation	n/a	509.8	41.4	434.0	n/a	n/a	n/a	n/a
135.238	0.016	saccade	n/a	507.7	42.2	n/a	542.1	43.5	1.37	105.0
135.256	0.144	fixation	n/a	542.2	43.5	429.0	n/a	n/a	n/a	n/a
135.402	0.034	saccade	n/a	542.3	43.6	n/a	406.7	46.9	5.44	289.0
135.438	0.318	fixation	n/a	410.6	47.9	455.0	n/a	n/a	n/a	n/a
135.758	0.05	saccade	n/a	410.3	49.1	n/a	223.8	56.3	7.47	264.0
135.81	0.286	fixation	n/a	225.9	52.9	494.0	n/a	n/a	n/a	n/a
136.098	0.02	saccade	n/a	227.3	52.1	n/a	174.3	53.9	2.09	174.0
136.12	0.322	fixation	n/a	173.1	53.0	519.0	n/a	n/a	n/a	n/a
136.444	0.016	saccade	n/a	174.8	52.1	n/a	138.1	54.5	1.44	120.0
136.462	0.208	fixation	n/a	137.9	57.5	512.0	n/a	n/a	n/a	n/a
136.672	0.018	saccade	n/a	139.2	58.4	n/a	95.2	64.1	1.72	135.0
136.692	0.226	fixation	n/a	99.9	60.7	492.0	n/a	n/a	n/a	n/a
136.92	0.036	saccade	n/a	100.9	59.9	n/a	208.6	47.3	4.24	181.0
136.958	0.34	fixation	n/a	212.2	45.2	476.0	n/a	n/a	n/a	n/a
137.3	0.026	saccade	n/a	216.1	44.1	n/a	110.9	50.8	4.12	277.0
137.328	0.32	fixation	n/a	117.1	47.8	482.0	n/a	n/a	n/a	n/a
137.65	0.01	saccade	n/a	116.4	46.2	n/a	101.7	51.1	0.6	60.0
137.662	0.184	fixation	n/a	101.7	50.4	475.0	n/a	n/a	n/a	n/a
137.848	0.042	saccade	n/a	100.8	50.0	n/a	303.5	59.7	7.99	282.0
137.892	0.16	fixation	n/a	308.0	64.1	449.0	n/a	n/a	n/a	n/a
138.054	0.044	saccade	n/a	307.2	62.7	n/a	462.8	50.0	6.27	215.0
138.1	0.502	fixation	n/a	463.1	46.4	451.0	n/a	n/a	n/a	n/a
138.604	0.038	saccade	n/a	461.7	46.7	n/a	577.9	49.0	4.64	213.0
138.644	0.392	fixation	n/a	571.2	49.9	457.0	n/a	n/a	n/a	n/a
139.038	0.058	saccade	n/a	571.7	50.6	n/a	217.2	66.1	14.08	410.0
139.098	0.2	fixation	n/a	223.8	63.6	483.0	n/a	n/a	n/a	n/a
139.3	0.02	saccade	n/a	223.8	63.4	n/a	279.1	60.8	2.21	182.0
139.322	0.376	fixation	n/a	277.0	61.5	470.0	n/a	n/a	n/a	n/a
139.7	0.044	saccade	n/a	274.6	62.7	n/a	499.6	41.2	9.04	342.0
139.746	0.174	fixation	n/a	495.5	41.6	478.0	n/a	n/a	n/a	n/a
139.922	0.024	saccade	n/a	495.2	42.4	n/a	414.5	49.6	3.25	232.0
139.948	0.278	fixation	n/a	413.7	53.1	493.0	n/a	n/a	n/a	n/a
140.228	0.026	saccade	n/a	415.7	52.6	n/a	317.3	63.4	3.98	269.0
140.256	0.196	fixation	n/a	317.9	64.6	488.0	n/a	n/a	n/a	n/a
140.454	0.042	saccade	n/a	317.8	65.5	n/a	487.1	49.1	6.83	305.0
140.498	0.142	fixation	n/a	481.2	48.7	498.0	n/a	n/a	n/a	n/a
140.642	0.04	saccade	n/a	481.9	49.5	n/a	355.5	66.1	5.12	327.0
140.684	0.162	fixation	n/a	359.5	65.7	494.0	n/a	n/a	n/a	n/a
140.698	0.0	trigger_11	11	n/a	n/a	n/a	n/a	n/a	n/a	n/a
140.702	0.0	trigger_10	10	n/a	n/a	n/a	n/a	n/a	n/a	n/a
140.848	0.044	saccade	n/a	358.4	66.9	n/a	117.5	110.5	9.68	347.0
140.894	0.176	fixation	n/a	114.6	110.6	534.0	n/a	n/a	n/a	n/a
141.072	0.034	saccade	n/a	113.9	112.6	n/a	258.8	119.7	5.7	309.0
141.108	0.154	fixation	n/a	257.8	120.0	519.0	n/a	n/a	n/a	n/a
141.264	0.04	saccade	n/a	257.2	118.0	n/a	429.8	107.7	6.93	283.0
141.306	0.332	fixation	n/a	433.0	109.6	467.0	n/a	n/a	n/a	n/a
141.64	0.05	saccade	n/a	433.2	108.5	n/a	150.3	161.6	11.43	736.0
141.692	0.242	fixation	n/a	143.8	156.6	463.0	n/a	n/a	n/a	n/a
141.936	0.028	saccade	n/a	137.5	151.1	n/a	153.3	73.1	3.2	151.0
141.966	0.182	fixation	n/a	176.0	58.0	431.0	n/a	n/a	n/a	n/a
142.15	0.022	saccade	n/a	180.1	41.6	n/a	107.7	44.0	2.82	220.0
142.174	0.388	fixation	n/a	106.9	41.8	442.0	n/a	n/a	n/a	n/a
142.564	0.01	saccade	n/a	108.4	43.6	n/a	90.5	47.1	0.7	76.0
142.576	0.354	fixation	n/a	90.7	46.2	471.0	n/a	n/a	n/a	n/a
142.932	0.04	saccade	n/a	91.1	46.0	n/a	258.4	53.3	6.55	321.0
142.974	0.416	fixation	n/a	254.7	54.2	444.0	n/a	n/a	n/a	n/a
143.392	0.022	saccade	n/a	257.1	54.4	n/a	183.0	50.6	2.94	206.0
143.416	0.262	fixation	n/a	177.8	47.4	444.0	n/a	n/a	n/a	n/a
143.68	0.046	saccade	n/a	174.2	46.9	n/a	351.9	58.0	7.07	316.0
143.728	0.176	fixation	n/a	353.3	56.7	432.0	n/a	n/a	n/a	n/a
143.906	0.032	saccade	n/a	352.6	55.5	n/a	469.7	43.9	4.73	266.0
143.94	0.218	fixation	n/a	481.5	43.8	435.0	n/a	n/a	n/a	n/a
144.16	0.042	saccade	n/a	481.3	42.4	n/a	251.0	54.6	9.23	427.0
144.204	0.206	fixation	n/a	257.6	51.7	440.0	n/a	n/a	n/a	n/a
144.412	0.028	saccade	n/a	260.1	51.6	n/a	173.0	48.8	3.44	221.0
144.442	0.2	fixation	n/a	178.1	47.0	447.0	n/a	n/a	n/a	n/a
144.644	0.042	saccade	n/a	176.4	48.1	n/a	303.8	69.0	5.14	235.0
144.688	0.284	fixation	n/a	300.8	70.2	435.0	n/a	n/a	n/a	n/a
144.974	0.018	saccade	n/a	301.1	69.7	n/a	342.5	63.6	1.68	145.0
144.994	0.24	fixation	n/a	343.6	61.4	424.0	n/a	n/a	n/a	n/a
145.236	0.042	saccade	n/a	342.7	60.5	n/a	488.0	46.2	5.86	212.0
145.28	0.258	fixation	n/a	500.5	45.1	433.0	n/a	n/a	n/a	n/a
145.316	0.0	trigger_11	11	n/a	n/a	n/a	n/a	n/a	n/a	n/a
145.324	0.0	trigger_10	10	n/a	n/a	n/a	n/a	n/a	n/a	n/a
145.54	0.054	saccade	n/a	500.8	45.2	n/a	218.6	116.2	11.61	508.0
145.596	0.176	fixation	n/a	219.1	110.7	441.0	n/a	n/a	n/a	n/a
145.774	0.026	saccade	n/a	219.6	109.2	n/a	127.8	109.5	3.61	254.0
145.802	0.222	fixation	n/a	129.6	107.3	466.0	n/a	n/a	n/a	n/a
146.026	0.018	saccade	n/a	130.1	106.1	n/a	92.7	108.3	1.45	122.0
146.046	0.212	fixation	n/a	97.5	107.6	457.0	n/a	n/a	n/a	n/a
146.26	0.018	saccade	n/a	98.5	105.2	n/a	135.5	81.3	1.72	124.0
146.28	0.162	fixation	n/a	139.6	68.9	441.0	n/a	n/a	n/a	n/a
146.444	0.012	saccade	n/a	140.7	66.2	n/a	128.2	48.7	0.86	79.0
146.458	0.314	fixation	n/a	133.2	49.4	440.0	n/a	n/a	n/a	n/a
146.774	0.038	saccade	n/a	135.1	50.5	n/a	264.3	59.9	5.1	250.0
146.814	0.266	fixation	n/a	267.2	61.4	442.0	n/a	n/a	n/a	n/a
147.082	0.028	saccade	n/a	267.4	61.9	n/a	108.7	51.5	6.25	363.0
147.112	0.202	fixation	n/a	96.7	52.7	454.0	n/a	n/a	n/a	n/a
147.316	0.018	saccade	n/a	99.6	55.1	n/a	144.5	51.4	1.75	125.0
147.336	0.36	fixation	n/a	147.9	47.0	463.0	n/a	n/a	n/a	n/a
147.698	0.018	saccade	n/a	147.9	45.2	n/a	98.4	54.2	1.96	158.0
147.718	0.304	fixation	n/a	103.5	52.9	472.0	n/a	n/a	n/a	n/a
148.024	0.026	saccade	n/a	102.0	51.3	n/a	194.0	47.2	3.59	208.0
148.052	0.252	fixation	n/a	216.9	50.6	451.0	n/a	n/a	n/a	n/a
148.306	0.024	saccade	n/a	218.7	49.5	n/a	129.6	46.8	3.5	227.0
148.332	0.114	fixation	n/a	132.1	45.2	441.0	n/a	n/a	n/a	n/a
148.448	0.02	saccade	n/a	132.4	44.4	n/a	83.2	48.0	1.91	134.0
148.47	0.232	fixation	n/a	85.1	47.4	432.0	n/a	n/a	n/a	n/a
148.704	0.042	saccade	n/a	85.1	46.7	n/a	309.8	73.6	8.9	367.0
148.748	0.172	fixation	n/a	306.9	72.8	409.0	n/a	n/a	n/a	n/a
148.922	0.05	saccade	n/a	306.7	72.0	n/a	503.9	50.5	7.95	247.0
148.974	0.166	fixation	n/a	502.0	48.3	407.0	n/a	n/a	n/a	n/a
149.142	0.018	saccade	n/a	502.3	47.2	n/a	552.1	46.0	1.99	150.0
149.162	0.122	fixation	n/a	555.2	45.4	387.0	n/a	n/a	n/a	n/a
149.286	0.068	saccade	n/a	555.5	45.8	n/a	134.8	110.8	16.77	559.0
149.356	0.24	fixation	n/a	138.2	109.4	399.0	n/a	n/a	n/a	n/a
149.598	0.038	saccade	n/a	136.0	107.2	n/a	280.6	90.8	5.74	337.0
149.638	0.164	fixation	n/a	278.6	90.4	394.0	n/a	n/a	n/a	n/a
149.804	0.022	saccade	n/a	280.4	89.9	n/a	364.5	104.5	3.43	290.0
149.828	0.156	fixation	n/a	394.6	109.1	376.0	n/a	n/a	n/a	n/a
149.986	0.036	saccade	n/a	396.1	108.8	n/a	537.5	106.6	5.67	322.0
150.024	0.162	fixation	n/a	549.0	107.4	377.0	n/a	n/a	n/a	n/a
150.188	0.06	saccade	n/a	548.8	107.3	n/a	143.7	170.9	16.19	827.0
150.25	0.184	fixation	n/a	140.4	168.6	390.0	n/a	n/a	n/a	n/a
150.42	0.0	trigger_11	11	n/a	n/a	n/a	n/a	n/a	n/a	n/a
150.424	0.0	trigger_12	12	n/a	n/a	n/a	n/a	n/a	n/a	n/a
150.436	0.044	saccade	n/a	136.7	164.9	n/a	333.1	209.8	7.97	293.0
150.482	0.196	fixation	n/a	334.7	211.4	403.0	n/a	n/a	n/a	n/a
150.68	0.024	saccade	n/a	338.2	215.8	n/a	243.3	182.0	4.04	330.0
150.706	0.234	fixation	n/a	232.2	173.8	393.0	n/a	n/a	n/a	n/a
150.942	0.034	saccade	n/a	230.4	173.4	n/a	377.8	167.5	5.9	436.0
150.978	0.32	fixation	n/a	390.4	159.3	384.0	n/a	n/a	n/a	n/a
151.3	0.03	saccade	n/a	387.7	158.9	n/a	235.2	173.9	6.13	529.0
151.332	0.166	fixation	n/a	214.4	161.5	431.0	n/a	n/a	n/a	n/a
151.5	0.02	saccade	n/a	211.1	161.2	n/a	159.6	150.9	2.07	171.0
151.522	0.14	fixation	n/a	164.5	149.5	454.0	n/a	n/a	n/a	n/a
151.664	0.044	saccade	n/a	163.2	150.1	n/a	346.9	233.9	8.02	366.0
151.71	0.202	fixation	n/a	351.4	229.2	463.0	n/a	n/a	n/a	n/a
151.914	0.046	saccade	n/a	239.1	116.0	n/a	191.8	70.6	2.63	198.0
151.924	0.0	blink	n/a	n/a	n/a	n/a	n/a	n/a	n/a	n/a
151.962	0.288	fixation	n/a	195.5	61.9	480.0	n/a	n/a	n/a	n/a
152.252	0.018	saccade	n/a	197.7	59.4	n/a	241.0	53.0	1.74	149.0
152.272	0.376	fixation	n/a	233.4	54.9	478.0	n/a	n/a	n/a	n/a
152.65	0.024	saccade	n/a	232.2	53.8	n/a	144.0	49.9	3.48	256.0
152.676	0.18	fixation	n/a	140.8	46.8	491.0	n/a	n/a	n/a	n/a
152.844	0.0	trigger_13	13	n/a	n/a	n/a	n/a	n/a	n/a	n/a
152.858	0.018	saccade	n/a	140.1	46.5	n/a	102.5	55.7	1.5	130.0
152.878	0.174	fixation	n/a	107.4	54.7	480.0	n/a	n/a	n/a	n/a
153.054	0.034	saccade	n/a	106.0	54.8	n/a	270.9	61.2	6.48	298.0
153.09	0.336	fixation	n/a	279.9	66.1	463.0	n/a	n/a	n/a	n/a
153.428	0.02	saccade	n/a	278.9	66.0	n/a	338.1	58.5	2.39	183.0
153.45	0.246	fixation	n/a	343.6	54.6	438.0	n/a	n/a	n/a	n/a
153.698	0.02	saccade	n/a	344.8	55.2	n/a	283.7	70.7	2.53	200.0
153.72	0.266	fixation	n/a	282.3	68.7	439.0	n/a	n/a	n/a	n/a
153.988	0.034	saccade	n/a	282.2	67.9	n/a	167.9	45.4	4.62	243.0
154.024	0.246	fixation	n/a	169.7	44.0	437.0	n/a	n/a	n/a	n/a
154.272	0.02	saccade	n/a	168.7	43.3	n/a	217.6	49.5	1.95	157.0
154.284	0.0	trigger_15	15	n/a	n/a	n/a	n/a	n/a	n/a	n/a
154.288	0.0	trigger_10	10	n/a	n/a	n/a	n/a	n/a	n/a	n/a
154.294	0.142	fixation	n/a	217.4	52.4	422.0	n/a	n/a	n/a	n/a
154.438	0.022	saccade	n/a	216.6	53.8	n/a	283.4	62.8	2.69	191.0
154.462	0.304	fixation	n/a	288.7	67.0	413.0	n/a	n/a	n/a	n/a
154.768	0.032	saccade	n/a	288.7	64.1	n/a	155.6	44.0	5.32	292.0
154.802	0.374	fixation	n/a	154.3	42.6	420.0	n/a	n/a	n/a	n/a
155.178	0.038	saccade	n/a	150.7	43.2	n/a	280.9	58.5	5.18	284.0
155.218	0.136	fixation	n/a	277.8	60.9	421.0	n/a	n/a	n/a	n/a
155.356	0.046	saccade	n/a	276.7	61.9	n/a	111.4	105.4	6.74	358.0
155.404	0.19	fixation	n/a	103.5	108.0	452.0	n/a	n/a	n/a	n/a
155.596	0.024	saccade	n/a	102.0	108.9	n/a	103.7	165.7	2.27	188.0
155.622	0.204	fixation	n/a	97.5	157.7	508.0	n/a	n/a	n/a	n/a
155.828	0.034	saccade	n/a	97.7	157.2	n/a	91.2	212.3	2.21	219.0
155.864	0.096	fixation	n/a	89.7	213.0	525.0	n/a	n/a	n/a	n/a
155.962	0.022	saccade	n/a	89.0	210.9	n/a	56.2	159.4	2.4	182.0
155.986	0.498	fixation	n/a	64.2	160.6	494.0	n/a	n/a	n/a	n/a
156.486	0.024	saccade	n/a	65.2	161.2	n/a	106.2	71.8	3.89	259.0
156.512	0.192	fixation	n/a	116.5	57.1	487.0	n/a	n/a	n/a	n/a
156.706	0.288	saccade	n/a	114.4	53.7	n/a	234.3	92.7	4.96	668.0
156.78	0.176	blink	n/a	n/a	n/a	n/a	n/a	n/a	n/a	n/a
156.996	0.338	fixation	n/a	238.7	45.7	486.0	n/a	n/a	n/a	n/a
157.336	0.022	saccade	n/a	243.5	47.8	n/a	314.7	58.0	2.88	203.0
157.36	0.248	fixation	n/a	320.1	61.0	499.0	n/a	n/a	n/a	n/a
157.61	0.036	saccade	n/a	322.4	60.3	n/a	476.6	57.3	6.19	243.0
157.648	0.276	fixation	n/a	477.6	54.9	469.0	n/a	n/a	n/a	n/a
157.926	0.022	saccade	n/a	476.5	54.7	n/a	394.7	52.5	3.29	282.0
157.95	0.104	fixation	n/a	402.5	52.8	459.0	n/a	n/a	n/a	n/a
158.056	0.046	saccade	n/a	402.0	52.5	n/a	216.9	61.1	7.41	364.0
158.104	0.196	fixation	n/a	227.2	60.1	470.0	n/a	n/a	n/a	n/a
158.302	0.022	saccade	n/a	229.2	59.6	n/a	296.4	63.6	2.68	184.0
158.326	0.102	fixation	n/a	306.3	67.8	473.0	n/a	n/a	n/a	n/a
158.43	0.036	saccade	n/a	308.3	68.1	n/a	120.6	55.7	7.42	391.0
158.468	0.344	fixation	n/a	128.7	52.7	508.0	n/a	n/a	n/a	n/a
158.524	0.0	trigger_11	11	n/a	n/a	n/a	n/a	n/a	n/a	n/a
158.528	0.0	trigger_10	10	n/a	n/a	n/a	n/a	n/a	n/a	n/a
158.814	0.022	saccade	n/a	131.1	53.7	n/a	85.2	101.3	2.61	205.0
158.838	0.19	fixation	n/a	93.8	109.9	538.0	n/a	n/a	n/a	n/a
159.03	0.046	saccade	n/a	93.9	110.3	n/a	277.0	119.3	7.19	316.0
159.078	0.2	fixation	n/a	272.7	118.4	493.0	n/a	n/a	n/a	n/a
159.28	0.038	saccade	n/a	274.6	117.8	n/a	385.2	97.6	4.52	169.0
159.32	0.162	fixation	n/a	381.7	97.1	454.0	n/a	n/a	n/a	n/a
159.484	0.04	saccade	n/a	382.6	97.4	n/a	524.1	111.5	5.71	259.0
159.526	0.158	fixation	n/a	521.3	111.4	430.0	n/a	n/a	n/a	n/a
159.686	0.058	saccade	n/a	521.3	111.7	n/a	138.9	160.7	15.21	677.0
159.746	0.204	fixation	n/a	143.7	159.0	443.0	n/a	n/a	n/a	n/a
159.952	0.018	saccade	n/a	145.7	157.1	n/a	99.5	158.3	1.79	154.0
159.972	0.26	fixation	n/a	106.8	156.1	454.0	n/a	n/a	n/a	n/a
160.234	0.028	saccade	n/a	107.8	155.7	n/a	143.7	59.9	4.08	215.0
160.264	0.492	fixation	n/a	154.3	46.3	414.0	n/a	n/a	n/a	n/a
160.758	0.044	saccade	n/a	155.1	45.2	n/a	343.7	56.3	7.48	335.0
160.772	0.0	trigger_11	11	n/a	n/a	n/a	n/a	n/a	n/a	n/a
160.778	0.0	trigger_10	10	n/a	n/a	n/a	n/a	n/a	n/a	n/a
160.804	0.232	fixation	n/a	344.1	53.4	406.0	n/a	n/a	n/a	n/a
161.038	0.04	saccade	n/a	342.5	52.4	n/a	528.0	42.5	7.45	275.0
161.08	0.184	fixation	n/a	527.4	42.0	408.0	n/a	n/a	n/a	n/a
161.266	0.02	saccade	n/a	526.4	42.6	n/a	581.0	44.3	2.18	159.0
161.288	0.172	fixation	n/a	587.8	45.9	395.0	n/a	n/a	n/a	n/a
161.462	0.014	saccade	n/a	588.5	46.1	n/a	618.4	47.1	1.18	102.0
161.478	0.172	fixation	n/a	617.2	47.7	397.0	n/a	n/a	n/a	n/a
161.652	0.052	saccade	n/a	617.9	49.5	n/a	262.6	50.4	14.07	435.0
161.706	0.206	fixation	n/a	273.7	52.2	418.0	n/a	n/a	n/a	n/a
161.914	0.02	saccade	n/a	273.9	54.0	n/a	317.2	54.5	1.74	145.0
161.936	0.16	fixation	n/a	316.2	54.2	420.0	n/a	n/a	n/a	n/a
162.098	0.044	saccade	n/a	319.1	53.6	n/a	174.0	50.2	5.76	193.0
162.144	0.844	fixation	n/a	180.4	51.2	469.0	n/a	n/a	n/a	n/a
162.99	0.056	saccade	n/a	178.7	53.5	n/a	409.6	55.3	9.2	323.0
163.048	0.28	fixation	n/a	405.1	52.1	481.0	n/a	n/a	n/a	n/a
163.33	0.022	saccade	n/a	404.5	50.0	n/a	491.0	50.3	3.48	272.0
163.354	0.134	fixation	n/a	506.6	50.3	475.0	n/a	n/a	n/a	n/a
163.49	0.06	saccade	n/a	507.2	51.0	n/a	122.7	102.6	15.28	529.0
163.552	0.142	fixation	n/a	128.8	101.0	491.0	n/a	n/a	n/a	n/a
163.696	0.026	saccade	n/a	130.6	101.9	n/a	273.9	121.9	5.71	377.0
163.724	0.18	fixation	n/a	288.5	119.7	475.0	n/a	n/a	n/a	n/a
163.906	0.04	saccade	n/a	290.8	119.1	n/a	470.7	109.2	7.22	291.0
163.948	0.202	fixation	n/a	477.7	107.8	467.0	n/a	n/a	n/a	n/a
164.152	0.022	saccade	n/a	477.4	108.8	n/a	544.0	110.0	2.66	174.0
164.176	0.14	fixation	n/a	561.4	112.4	438.0	n/a	n/a	n/a	n/a
164.318	0.058	saccade	n/a	561.6	113.4	n/a	233.7	151.8	13.13	418.0
164.378	0.186	fixation	n/a	234.9	153.1	454.0	n/a	n/a	n/a	n/a
164.566	0.022	saccade	n/a	231.9	153.9	n/a	266.0	162.6	1.4	121.0
164.59	0.206	fixation	n/a	247.0	167.9	457.0	n/a	n/a	n/a	n/a
164.798	0.038	saccade	n/a	245.5	167.4	n/a	122.2	153.0	4.88	379.0
164.838	0.23	fixation	n/a	129.2	151.9	472.0	n/a	n/a	n/a	n/a
165.07	0.012	saccade	n/a	127.9	151.2	n/a	104.2	154.6	0.93	95.0
165.084	0.154	fixation	n/a	109.7	153.2	457.0	n/a	n/a	n/a	n/a
165.24	0.032	saccade	n/a	109.7	152.3	n/a	230.9	158.9	4.75	243.0
165.274	0.198	fixation	n/a	248.1	169.8	430.0	n/a	n/a	n/a	n/a
165.474	0.014	saccade	n/a	248.0	169.5	n/a	223.2	166.6	0.99	96.0
165.49	0.104	fixation	n/a	226.8	163.8	427.0	n/a	n/a	n/a	n/a
165.492	0.0	trigger_11	11	n/a	n/a	n/a	n/a	n/a	n/a	n/a
165.496	0.0	trigger_10	10	n/a	n/a	n/a	n/a	n/a	n/a	n/a
165.596	0.052	saccade	n/a	224.3	164.0	n/a	475.3	155.3	10.03	857.0
165.65	0.232	fixation	n/a	470.2	154.3	418.0	n/a	n/a	n/a	n/a
165.884	0.02	saccade	n/a	468.2	154.1	n/a	525.7	155.1	2.3	178.0
165.906	0.176	fixation	n/a	521.7	154.9	422.0	n/a	n/a	n/a	n/a
166.084	0.026	saccade	n/a	522.3	154.7	n/a	402.2	153.9	4.82	366.0
166.112	0.48	fixation	n/a	392.3	158.3	397.0	n/a	n/a	n/a	n/a
166.594	0.034	saccade	n/a	385.6	160.4	n/a	564.6	157.0	7.16	357.0
166.63	0.328	fixation	n/a	581.5	159.1	377.0	n/a	n/a	n/a	n/a
166.96	0.036	saccade	n/a	581.2	159.4	n/a	491.8	161.2	3.57	198.0
166.998	0.186	fixation	n/a	492.5	162.7	360.0	n/a	n/a	n/a	n/a
167.186	0.018	saccade	n/a	490.1	162.9	n/a	537.5	155.6	1.92	142.0
167.206	0.204	fixation	n/a	536.2	156.5	370.0	n/a	n/a	n/a	n/a
167.412	0.024	saccade	n/a	535.7	157.7	n/a	478.6	109.5	3.01	205.0
167.438	0.242	fixation	n/a	479.9	111.2	367.0	n/a	n/a	n/a	n/a
167.682	0.05	saccade	n/a	480.4	112.3	n/a	204.3	70.6	11.13	398.0
167.734	0.134	fixation	n/a	217.0	69.2	395.0	n/a	n/a	n/a	n/a
167.78	0.0	trigger_11	11	n/a	n/a	n/a	n/a	n/a	n/a	n/a
167.788	0.0	trigger_10	10	n/a	n/a	n/a	n/a	n/a	n/a	n/a
167.87	0.02	saccade	n/a	222.0	71.8	n/a	177.4	45.4	2.06	170.0
167.892	0.222	fixation	n/a	179.4	47.8	400.0	n/a	n/a	n/a	n/a
168.116	0.034	saccade	n/a	179.2	48.0	n/a	303.0	53.8	4.93	294.0
168.152	0.182	fixation	n/a	322.3	51.8	417.0	n/a	n/a	n/a	n/a
168.336	0.042	saccade	n/a	325.5	52.3	n/a	154.8	95.0	6.99	272.0
168.38	0.16	fixation	n/a	153.3	92.3	444.0	n/a	n/a	n/a	n/a
168.542	0.02	saccade	n/a	151.1	91.5	n/a	109.7	99.8	1.65	151.0
168.564	0.176	fixation	n/a	116.0	98.0	479.0	n/a	n/a	n/a	n/a
168.742	0.024	saccade	n/a	113.6	97.7	n/a	224.3	112.5	4.38	309.0
168.768	0.19	fixation	n/a	243.8	119.0	461.0	n/a	n/a	n/a	n/a
168.96	0.028	saccade	n/a	243.7	119.6	n/a	233.2	54.6	2.67	150.0
168.99	0.212	fixation	n/a	239.3	54.9	452.0	n/a	n/a	n/a	n/a
169.204	0.028	saccade	n/a	239.5	54.2	n/a	135.0	47.8	4.12	239.0
169.234	0.206	fixation	n/a	140.6	47.8	464.0	n/a	n/a	n/a	n/a
169.442	0.046	saccade	n/a	140.3	50.0	n/a	330.3	61.6	7.52	319.0
169.49	0.252	fixation	n/a	328.6	59.7	458.0	n/a	n/a	n/a	n/a
169.744	0.042	saccade	n/a	331.4	60.0	n/a	119.8	67.7	8.35	304.0
169.788	0.226	fixation	n/a	116.1	68.5	508.0	n/a	n/a	n/a	n/a
170.016	0.06	saccade	n/a	118.9	68.2	n/a	342.4	60.8	8.82	239.0
170.078	0.318	fixation	n/a	340.3	57.2	478.0	n/a	n/a	n/a	n/a
170.398	0.018	saccade	n/a	339.0	54.7	n/a	379.1	50.4	1.62	134.0
170.418	0.09	fixation	n/a	372.8	49.7	458.0	n/a	n/a	n/a	n/a
170.51	0.026	saccade	n/a	374.9	49.4	n/a	278.9	61.5	3.89	269.0
170.538	0.206	fixation	n/a	288.5	60.6	462.0	n/a	n/a	n/a	n/a
170.746	0.05	saccade	n/a	288.5	60.5	n/a	545.9	54.2	10.28	326.0
170.798	0.142	fixation	n/a	543.4	55.2	454.0	n/a	n/a	n/a	n/a
170.942	0.068	saccade	n/a	543.2	56.6	n/a	107.2	109.7	17.23	588.0
171.012	0.41	fixation	n/a	105.7	111.9	485.0	n/a	n/a	n/a	n/a
171.424	0.042	saccade	n/a	106.4	110.6	n/a	280.7	126.5	6.88	277.0
171.468	0.234	fixation	n/a	287.8	124.7	440.0	n/a	n/a	n/a	n/a
171.704	0.036	saccade	n/a	286.8	124.9	n/a	376.8	114.3	3.64	183.0
171.742	0.228	fixation	n/a	373.5	115.3	425.0	n/a	n/a	n/a	n/a
171.972	0.026	saccade	n/a	371.8	116.1	n/a	271.2	123.1	4.05	261.0
172.0	0.17	fixation	n/a	274.0	125.1	430.0	n/a	n/a	n/a	n/a
172.172	0.02	saccade	n/a	275.2	124.7	n/a	209.2	121.7	2.63	201.0
172.194	0.144	fixation	n/a	201.5	118.4	432.0	n/a	n/a	n/a	n/a
172.34	0.056	saccade	n/a	199.9	117.0	n/a	510.1	104.4	12.34	368.0
172.398	0.3	fixation	n/a	508.9	105.1	434.0	n/a	n/a	n/a	n/a
172.7	0.058	saccade	n/a	511.4	103.2	n/a	158.8	165.8	14.19	475.0
172.76	0.19	fixation	n/a	162.9	162.4	432.0	n/a	n/a	n/a	n/a
172.952	0.036	saccade	n/a	162.6	159.9	n/a	366.8	179.9	8.14	767.0
172.99	0.166	fixation	n/a	353.7	177.1	419.0	n/a	n/a	n/a	n/a
173.158	0.03	saccade	n/a	350.7	175.0	n/a	418.4	159.4	2.8	194.0
173.19	0.144	fixation	n/a	415.4	158.7	393.0	n/a	n/a	n/a	n/a
173.336	0.038	saccade	n/a	415.7	159.7	n/a	547.2	159.8	5.27	275.0
173.376	0.272	fixation	n/a	543.9	158.7	394.0	n/a	n/a	n/a	n/a
173.65	0.014	saccade	n/a	544.9	158.7	n/a	514.9	158.6	1.2	109.0
173.666	0.168	fixation	n/a	522.0	157.8	387.0	n/a	n/a	n/a	n/a
173.836	0.02	saccade	n/a	521.4	156.9	n/a	572.2	157.5	2.02	140.0
173.858	0.218	fixation	n/a	582.7	159.2	376.0	n/a	n/a	n/a	n/a
174.078	0.022	saccade	n/a	582.5	159.8	n/a	509.2	155.0	2.93	214.0
174.102	0.4	fixation	n/a	510.6	156.0	399.0	n/a	n/a	n/a	n/a
174.504	0.024	saccade	n/a	510.0	155.0	n/a	417.8	154.5	3.7	275.0
174.53	0.362	fixation	n/a	412.6	154.7	400.0	n/a	n/a	n/a	n/a
174.838	0.0	trigger_11	11	n/a	n/a	n/a	n/a	n/a	n/a	n/a
174.842	0.0	trigger_10	10	n/a	n/a	n/a	n/a	n/a	n/a	n/a
174.894	0.018	saccade	n/a	413.2	155.1	n/a	455.6	155.8	1.71	154.0
174.914	0.128	fixation	n/a	455.0	154.7	412.0	n/a	n/a	n/a	n/a
175.044	0.052	saccade	n/a	456.1	155.3	n/a	397.7	173.0	2.46	313.0
175.098	0.19	fixation	n/a	384.7	175.9	426.0	n/a	n/a	n/a	n/a
175.29	0.02	saccade	n/a	379.9	174.6	n/a	372.4	162.3	0.59	88.0
175.312	0.174	fixation	n/a	374.2	161.6	424.0	n/a	n/a	n/a	n/a
175.488	0.04	saccade	n/a	373.4	169.0	n/a	554.3	156.8	7.27	318.0
175.53	0.196	fixation	n/a	568.9	158.6	421.0	n/a	n/a	n/a	n/a
175.728	0.066	saccade	n/a	569.8	159.0	n/a	151.7	210.6	16.59	546.0
175.796	0.206	fixation	n/a	154.6	206.5	472.0	n/a	n/a	n/a	n/a
176.004	0.04	saccade	n/a	154.2	203.2	n/a	338.7	271.5	7.79	388.0
176.046	0.258	fixation	n/a	341.2	268.4	455.0	n/a	n/a	n/a	n/a
176.306	0.054	saccade	n/a	343.9	266.4	n/a	548.0	156.2	9.29	290.0
176.362	0.162	fixation	n/a	550.6	156.4	396.0	n/a	n/a	n/a	n/a
176.526	0.016	saccade	n/a	551.0	156.2	n/a	589.5	159.5	1.53	112.0
176.544	0.47	fixation	n/a	582.3	159.2	383.0	n/a	n/a	n/a	n/a
177.016	0.064	saccade	n/a	579.7	156.8	n/a	179.0	52.1	16.39	419.0
177.082	0.218	fixation	n/a	194.2	54.0	384.0	n/a	n/a	n/a	n/a
177.302	0.022	saccade	n/a	196.4	56.4	n/a	258.1	58.7	2.45	168.0
177.326	0.118	fixation	n/a	256.6	57.1	378.0	n/a	n/a	n/a	n/a
177.442	0.0	trigger_11	11	n/a	n/a	n/a	n/a	n/a	n/a	n/a
177.446	0.0	trigger_10	10	n/a	n/a	n/a	n/a	n/a	n/a	n/a
177.446	0.03	saccade	n/a	257.6	56.8	n/a	129.7	47.1	5.05	274.0
177.478	0.186	fixation	n/a	122.4	44.6	385.0	n/a	n/a	n/a	n/a
177.666	0.01	saccade	n/a	121.0	44.7	n/a	103.4	46.7	0.69	73.0
177.678	0.17	fixation	n/a	98.5	46.5	397.0	n/a	n/a	n/a	n/a
177.85	0.046	saccade	n/a	98.0	46.2	n/a	273.2	59.8	6.91	242.0
177.898	0.152	fixation	n/a	275.3	57.4	389.0	n/a	n/a	n/a	n/a
178.052	0.042	saccade	n/a	277.1	56.7	n/a	386.9	55.0	4.41	177.0
178.096	0.4	fixation	n/a	401.9	51.0	375.0	n/a	n/a	n/a	n/a
178.498	0.016	saccade	n/a	401.0	50.2	n/a	368.0	53.6	1.34	120.0
178.516	0.128	fixation	n/a	369.4	53.0	366.0	n/a	n/a	n/a	n/a
178.646	0.038	saccade	n/a	369.0	52.8	n/a	505.7	54.0	5.49	226.0
178.686	0.108	fixation	n/a	513.9	54.1	370.0	n/a	n/a	n/a	n/a
178.796	0.062	saccade	n/a	515.8	55.1	n/a	137.1	102.8	15.06	464.0
178.86	0.12	fixation	n/a	137.7	99.3	384.0	n/a	n/a	n/a	n/a
178.982	0.014	saccade	n/a	136.4	95.1	n/a	117.8	78.6	0.98	81.0
178.998	0.124	fixation	n/a	120.4	72.2	402.0	n/a	n/a	n/a	n/a
179.124	0.014	saccade	n/a	120.7	69.8	n/a	135.6	52.0	0.92	74.0
179.14	0.524	fixation	n/a	132.9	53.8	414.0	n/a	n/a	n/a	n/a
179.666	0.042	saccade	n/a	133.3	54.6	n/a	288.7	55.3	6.13	268.0
179.71	0.186	fixation	n/a	288.9	55.2	418.0	n/a	n/a	n/a	n/a
179.898	0.038	saccade	n/a	290.6	55.7	n/a	139.7	45.6	5.97	296.0
179.938	0.23	fixation	n/a	142.2	44.3	436.0	n/a	n/a	n/a	n/a
180.054	0.0	trigger_11	11	n/a	n/a	n/a	n/a	n/a	n/a	n/a
180.058	0.0	trigger_10	10	n/a	n/a	n/a	n/a	n/a	n/a	n/a
180.17	0.022	saccade	n/a	142.0	44.8	n/a	84.9	49.5	2.22	175.0
180.194	0.238	fixation	n/a	92.3	48.2	447.0	n/a	n/a	n/a	n/a
180.434	0.026	saccade	n/a	91.6	48.2	n/a	174.2	44.4	3.21	196.0
180.462	0.27	fixation	n/a	191.0	47.1	435.0	n/a	n/a	n/a	n/a
180.734	0.02	saccade	n/a	189.6	46.7	n/a	244.3	52.4	2.18	176.0
180.756	0.15	fixation	n/a	243.4	53.2	426.0	n/a	n/a	n/a	n/a
180.908	0.06	saccade	n/a	244.0	53.5	n/a	564.8	54.6	12.76	343.0
180.97	0.234	fixation	n/a	562.7	52.9	404.0	n/a	n/a	n/a	n/a
181.206	0.012	saccade	n/a	564.8	52.9	n/a	586.1	55.1	0.85	78.0
181.22	0.056	fixation	n/a	584.0	54.2	395.0	n/a	n/a	n/a	n/a
181.278	0.062	saccade	n/a	584.1	54.5	n/a	142.2	104.1	17.48	530.0
181.342	0.14	fixation	n/a	144.8	100.1	418.0	n/a	n/a	n/a	n/a
181.484	0.02	saccade	n/a	145.0	98.9	n/a	91.3	101.5	2.08	165.0
181.506	0.172	fixation	n/a	95.3	100.5	424.0	n/a	n/a	n/a	n/a
181.68	0.016	saccade	n/a	96.8	97.1	n/a	121.0	76.8	1.24	101.0
181.698	0.576	fixation	n/a	151.9	45.6	403.0	n/a	n/a	n/a	n/a
182.276	0.038	saccade	n/a	151.5	43.2	n/a	320.8	56.7	6.73	321.0
182.316	0.198	fixation	n/a	318.3	57.3	403.0	n/a	n/a	n/a	n/a
182.516	0.02	saccade	n/a	317.6	56.9	n/a	263.7	54.4	2.16	180.0
182.538	0.222	fixation	n/a	268.2	54.0	403.0	n/a	n/a	n/a	n/a
182.762	0.024	saccade	n/a	267.8	53.5	n/a	339.7	54.9	2.88	193.0
182.788	0.2	fixation	n/a	368.8	48.5	395.0	n/a	n/a	n/a	n/a
182.99	0.022	saccade	n/a	369.6	47.7	n/a	309.5	59.3	2.46	202.0
183.014	0.322	fixation	n/a	319.9	58.1	401.0	n/a	n/a	n/a	n/a
183.338	0.038	saccade	n/a	318.5	58.2	n/a	441.4	50.2	4.95	194.0
183.378	0.184	fixation	n/a	440.6	48.3	392.0	n/a	n/a	n/a	n/a
183.564	0.022	saccade	n/a	441.2	49.0	n/a	384.7	48.6	2.27	174.0
183.588	0.168	fixation	n/a	391.1	48.0	393.0	n/a	n/a	n/a	n/a
183.614	0.0	trigger_11	11	n/a	n/a	n/a	n/a	n/a	n/a	n/a
183.62	0.0	trigger_10	10	n/a	n/a	n/a	n/a	n/a	n/a	n/a
183.758	0.028	saccade	n/a	389.9	47.9	n/a	487.9	55.0	3.95	220.0
183.788	0.236	fixation	n/a	492.1	54.7	397.0	n/a	n/a	n/a	n/a
184.026	0.02	saccade	n/a	492.0	56.0	n/a	442.8	51.9	1.98	177.0
184.048	0.324	fixation	n/a	446.5	51.4	398.0	n/a	n/a	n/a	n/a
184.374	0.022	saccade	n/a	445.0	51.1	n/a	384.4	47.0	2.44	194.0
184.398	0.376	fixation	n/a	386.2	46.1	424.0	n/a	n/a	n/a	n/a
184.776	0.022	saccade	n/a	383.9	46.5	n/a	449.3	52.4	2.64	196.0
184.8	0.196	fixation	n/a	454.0	53.0	428.0	n/a	n/a	n/a	n/a
184.998	0.056	saccade	n/a	453.9	53.0	n/a	124.6	100.4	13.16	471.0
185.056	0.774	fixation	n/a	120.3	95.9	453.0	n/a	n/a	n/a	n/a
185.832	0.02	saccade	n/a	116.3	93.6	n/a	137.4	43.4	2.18	155.0
185.854	0.184	fixation	n/a	140.1	41.9	444.0	n/a	n/a	n/a	n/a
186.04	0.042	saccade	n/a	139.7	42.5	n/a	307.3	57.3	6.65	320.0
186.084	0.24	fixation	n/a	302.2	54.2	431.0	n/a	n/a	n/a	n/a
186.326	0.024	saccade	n/a	302.7	51.3	n/a	233.1	54.1	2.78	200.0
186.352	0.118	fixation	n/a	239.5	51.7	439.0	n/a	n/a	n/a	n/a
186.472	0.282	saccade	n/a	231.9	54.9	n/a	116.4	129.3	5.43	622.0
186.534	0.184	blink	n/a	n/a	n/a	n/a	n/a	n/a	n/a	n/a
186.756	0.268	fixation	n/a	133.4	53.6	421.0	n/a	n/a	n/a	n/a
187.026	0.046	saccade	n/a	134.2	39.1	n/a	299.9	56.8	6.58	275.0
187.074	0.176	fixation	n/a	300.5	53.5	430.0	n/a	n/a	n/a	n/a
187.252	0.02	saccade	n/a	302.7	52.9	n/a	361.2	55.1	2.35	195.0
187.274	0.138	fixation	n/a	373.0	52.9	414.0	n/a	n/a	n/a	n/a
187.414	0.042	saccade	n/a	373.5	54.9	n/a	504.5	58.2	5.26	234.0
187.458	0.134	fixation	n/a	501.8	56.3	402.0	n/a	n/a	n/a	n/a
187.594	0.054	saccade	n/a	501.5	55.9	n/a	181.9	116.1	12.92	493.0
187.65	0.178	fixation	n/a	180.2	116.7	405.0	n/a	n/a	n/a	n/a
187.83	0.022	saccade	n/a	179.8	115.7	n/a	112.5	106.4	2.66	198.0
187.854	0.206	fixation	n/a	115.0	103.0	415.0	n/a	n/a	n/a	n/a
188.062	0.014	saccade	n/a	114.2	101.0	n/a	86.1	103.4	1.09	94.0
188.078	0.248	fixation	n/a	89.9	102.0	420.0	n/a	n/a	n/a	n/a
188.328	0.046	saccade	n/a	89.2	102.3	n/a	300.5	118.6	8.33	317.0
188.376	0.292	fixation	n/a	296.2	118.3	409.0	n/a	n/a	n/a	n/a
188.67	0.042	saccade	n/a	294.1	118.4	n/a	445.5	101.3	6.12	239.0
188.714	0.198	fixation	n/a	442.2	102.1	403.0	n/a	n/a	n/a	n/a
188.914	0.022	saccade	n/a	442.3	102.4	n/a	523.8	102.9	3.27	220.0
188.938	0.212	fixation	n/a	539.9	103.7	409.0	n/a	n/a	n/a	n/a
189.152	0.056	saccade	n/a	539.2	102.5	n/a	154.1	141.9	15.27	553.0
189.21	0.162	fixation	n/a	153.1	140.5	443.0	n/a	n/a	n/a	n/a
189.374	0.02	saccade	n/a	152.3	140.3	n/a	106.7	156.5	1.89	139.0
189.396	0.11	fixation	n/a	114.1	155.7	454.0	n/a	n/a	n/a	n/a
189.508	0.044	saccade	n/a	114.4	156.3	n/a	326.8	176.8	8.42	319.0
189.526	0.0	trigger_11	11	n/a	n/a	n/a	n/a	n/a	n/a	n/a
189.53	0.0	trigger_10	10	n/a	n/a	n/a	n/a	n/a	n/a	n/a
189.554	0.234	fixation	n/a	329.2	180.2	448.0	n/a	n/a	n/a	n/a
189.79	0.018	saccade	n/a	330.4	180.7	n/a	307.5	167.8	1.06	100.0
189.81	0.118	fixation	n/a	311.9	167.8	442.0	n/a	n/a	n/a	n/a
189.93	0.048	saccade	n/a	311.7	171.5	n/a	514.7	109.3	8.52	270.0
189.98	0.144	fixation	n/a	511.4	106.6	416.0	n/a	n/a	n/a	n/a
190.126	0.026	saccade	n/a	512.2	107.0	n/a	414.3	108.6	3.93	294.0
190.154	0.102	fixation	n/a	419.5	108.7	402.0	n/a	n/a	n/a	n/a
190.258	0.02	saccade	n/a	418.7	109.1	n/a	367.7	110.7	2.06	177.0
190.28	0.224	fixation	n/a	371.9	111.1	407.0	n/a	n/a	n/a	n/a
190.506	0.024	saccade	n/a	372.4	112.8	n/a	336.7	171.8	2.8	195.0
190.532	0.132	fixation	n/a	338.6	182.9	434.0	n/a	n/a	n/a	n/a
190.666	0.018	saccade	n/a	337.1	184.4	n/a	373.8	170.5	1.58	138.0
190.686	0.16	fixation	n/a	367.9	169.6	426.0	n/a	n/a	n/a	n/a
190.848	0.044	saccade	n/a	367.9	168.8	n/a	184.7	141.0	7.37	360.0
190.894	0.022	fixation	n/a	190.7	139.8	475.0	n/a	n/a	n/a	n/a
190.918	0.024	saccade	n/a	188.7	138.4	n/a	127.7	156.4	2.5	173.0
190.944	0.104	fixation	n/a	138.2	154.0	453.0	n/a	n/a	n/a	n/a
191.05	0.024	saccade	n/a	140.3	153.2	n/a	79.6	166.4	2.41	173.0
191.076	0.242	fixation	n/a	88.6	164.3	444.0	n/a	n/a	n/a	n/a
191.32	0.022	saccade	n/a	90.2	164.3	n/a	158.1	136.2	2.87	202.0
191.344	0.152	fixation	n/a	180.8	127.1	470.0	n/a	n/a	n/a	n/a
191.498	0.018	saccade	n/a	182.2	125.8	n/a	198.0	90.1	1.57	124.0
191.518	0.212	fixation	n/a	195.4	88.3	466.0	n/a	n/a	n/a	n/a
191.732	0.02	saccade	n/a	194.6	88.2	n/a	165.1	48.9	1.97	139.0
191.754	0.244	fixation	n/a	169.5	42.5	452.0	n/a	n/a	n/a	n/a
192.0	0.042	saccade	n/a	169.8	41.1	n/a	309.7	53.5	5.57	277.0
192.044	0.206	fixation	n/a	302.4	52.1	435.0	n/a	n/a	n/a	n/a
192.252	0.05	saccade	n/a	300.3	52.0	n/a	468.3	45.0	6.74	224.0
192.304	0.22	fixation	n/a	465.0	44.0	441.0	n/a	n/a	n/a	n/a
192.526	0.048	saccade	n/a	464.9	45.5	n/a	205.0	111.0	10.69	486.0
192.576	0.192	fixation	n/a	201.8	107.6	459.0	n/a	n/a	n/a	n/a
192.77	0.022	saccade	n/a	197.5	105.7	n/a	271.9	115.6	2.99	229.0
192.794	0.164	fixation	n/a	273.1	113.7	463.0	n/a	n/a	n/a	n/a
192.96	0.028	saccade	n/a	273.6	113.2	n/a	134.7	102.2	5.5	321.0
192.99	0.246	fixation	n/a	122.7	100.8	485.0	n/a	n/a	n/a	n/a
193.238	0.008	saccade	n/a	122.0	101.0	n/a	106.8	98.9	0.59	73.0
193.248	0.214	fixation	n/a	109.0	98.4	484.0	n/a	n/a	n/a	n/a
193.272	0.0	trigger_11	11	n/a	n/a	n/a	n/a	n/a	n/a	n/a
193.276	0.0	trigger_10	10	n/a	n/a	n/a	n/a	n/a	n/a	n/a
193.464	0.036	saccade	n/a	109.3	98.0	n/a	244.6	114.3	5.36	229.0
193.502	0.138	fixation	n/a	246.9	114.6	470.0	n/a	n/a	n/a	n/a
193.642	0.06	saccade	n/a	246.8	113.6	n/a	376.8	34.1	6.13	163.0
193.704	0.168	fixation	n/a	374.2	35.0	461.0	n/a	n/a	n/a	n/a
193.874	0.028	saccade	n/a	374.0	36.0	n/a	260.7	54.3	4.59	336.0
193.904	0.198	fixation	n/a	267.0	52.2	478.0	n/a	n/a	n/a	n/a
194.104	0.024	saccade	n/a	267.8	53.6	n/a	199.5	58.2	2.72	207.0
194.13	0.226	fixation	n/a	207.6	56.5	507.0	n/a	n/a	n/a	n/a
194.358	0.054	saccade	n/a	205.3	54.7	n/a	476.2	49.7	10.79	342.0
194.414	0.228	fixation	n/a	474.2	50.2	484.0	n/a	n/a	n/a	n/a
194.644	0.06	saccade	n/a	475.3	50.0	n/a	126.3	100.4	13.94	468.0
194.706	0.336	fixation	n/a	129.1	99.6	501.0	n/a	n/a	n/a	n/a
195.044	0.042	saccade	n/a	129.6	101.4	n/a	278.4	112.6	5.89	295.0
195.088	0.172	fixation	n/a	276.0	112.6	474.0	n/a	n/a	n/a	n/a
195.262	0.02	saccade	n/a	276.8	111.8	n/a	229.1	110.7	1.9	162.0
195.284	0.204	fixation	n/a	235.8	109.7	469.0	n/a	n/a	n/a	n/a
195.49	0.022	saccade	n/a	238.9	108.7	n/a	174.0	60.9	3.21	248.0
195.514	0.282	fixation	n/a	175.6	46.1	433.0	n/a	n/a	n/a	n/a
195.798	0.046	saccade	n/a	181.8	47.2	n/a	351.9	48.6	6.76	286.0
195.846	0.154	fixation	n/a	354.5	45.2	404.0	n/a	n/a	n/a	n/a
196.002	0.052	saccade	n/a	354.9	45.2	n/a	134.0	46.1	8.73	267.0
196.056	0.296	fixation	n/a	139.4	45.7	428.0	n/a	n/a	n/a	n/a
196.354	0.018	saccade	n/a	142.2	46.2	n/a	103.6	46.9	1.5	126.0
196.374	0.152	fixation	n/a	107.1	45.8	444.0	n/a	n/a	n/a	n/a
196.528	0.058	saccade	n/a	107.2	46.8	n/a	411.9	39.8	12.02	439.0
196.544	0.0	trigger_11	11	n/a	n/a	n/a	n/a	n/a	n/a	n/a
196.548	0.0	trigger_10	10	n/a	n/a	n/a	n/a	n/a	n/a	n/a
196.588	0.164	fixation	n/a	408.8	38.3	432.0	n/a	n/a	n/a	n/a
196.754	0.024	saccade	n/a	410.2	38.9	n/a	334.8	46.6	3.05	211.0
196.78	0.074	fixation	n/a	342.9	46.8	436.0	n/a	n/a	n/a	n/a
196.856	0.042	saccade	n/a	340.5	47.0	n/a	484.0	48.1	5.76	268.0
196.9	0.27	fixation	n/a	475.4	46.0	455.0	n/a	n/a	n/a	n/a
197.172	0.022	saccade	n/a	474.1	45.7	n/a	409.4	43.2	2.61	200.0
197.196	0.348	fixation	n/a	413.9	43.4	456.0	n/a	n/a	n/a	n/a
197.546	0.022	saccade	n/a	411.7	43.0	n/a	475.0	48.9	2.56	178.0
197.57	0.506	fixation	n/a	475.1	48.0	448.0	n/a	n/a	n/a	n/a
198.078	0.01	saccade	n/a	476.7	48.3	n/a	495.1	49.7	0.74	84.0
198.09	0.062	fixation	n/a	494.3	48.7	439.0	n/a	n/a	n/a	n/a
198.154	0.056	saccade	n/a	494.4	48.3	n/a	106.3	94.5	15.36	489.0
198.212	0.252	fixation	n/a	108.6	93.5	463.0	n/a	n/a	n/a	n/a
198.466	0.02	saccade	n/a	110.8	95.4	n/a	133.1	48.2	2.08	143.0
198.488	0.172	fixation	n/a	154.2	30.8	443.0	n/a	n/a	n/a	n/a
198.662	0.012	saccade	n/a	158.7	27.0	n/a	182.1	40.9	1.07	100.0
198.676	0.178	fixation	n/a	182.3	42.8	437.0	n/a	n/a	n/a	n/a
198.856	0.026	saccade	n/a	184.8	43.5	n/a	292.0	53.1	4.27	258.0
198.884	0.148	fixation	n/a	303.4	51.3	428.0	n/a	n/a	n/a	n/a
199.034	0.036	saccade	n/a	303.2	49.8	n/a	424.1	42.8	4.85	242.0
199.072	0.2	fixation	n/a	424.5	43.2	424.0	n/a	n/a	n/a	n/a
199.274	0.02	saccade	n/a	423.2	45.2	n/a	470.9	50.1	1.93	144.0
199.296	0.128	fixation	n/a	472.8	49.9	429.0	n/a	n/a	n/a	n/a
199.426	0.054	saccade	n/a	474.7	49.8	n/a	202.1	118.4	11.21	459.0
199.482	0.168	fixation	n/a	204.6	116.0	447.0	n/a	n/a	n/a	n/a
199.652	0.026	saccade	n/a	205.6	114.7	n/a	117.2	110.3	3.46	208.0
199.68	0.268	fixation	n/a	120.1	106.9	469.0	n/a	n/a	n/a	n/a
199.95	0.022	saccade	n/a	119.2	105.8	n/a	194.9	112.7	2.98	220.0
199.974	0.188	fixation	n/a	209.0	116.6	444.0	n/a	n/a	n/a	n/a
200.164	0.048	saccade	n/a	211.5	117.1	n/a	344.1	110.7	5.3	227.0
200.214	0.138	fixation	n/a	341.2	110.0	446.0	n/a	n/a	n/a	n/a
200.354	0.044	saccade	n/a	341.0	109.3	n/a	517.7	109.3	7.08	279.0
200.4	0.222	fixation	n/a	520.2	108.9	461.0	n/a	n/a	n/a	n/a
200.464	0.0	trigger_11	11	n/a	n/a	n/a	n/a	n/a	n/a	n/a
200.468	0.0	trigger_10	10	n/a	n/a	n/a	n/a	n/a	n/a	n/a
200.624	0.018	saccade	n/a	518.7	108.3	n/a	556.3	108.0	1.5	121.0
200.644	0.266	fixation	n/a	558.8	106.7	442.0	n/a	n/a	n/a	n/a
200.912	0.078	saccade	n/a	556.7	106.6	n/a	246.0	92.2	12.39	316.0
200.992	0.114	fixation	n/a	246.8	87.7	452.0	n/a	n/a	n/a	n/a
201.108	0.016	saccade	n/a	244.3	86.4	n/a	226.3	63.7	1.17	101.0
201.126	0.18	fixation	n/a	232.1	61.0	446.0	n/a	n/a	n/a	n/a
201.308	0.022	saccade	n/a	232.0	61.3	n/a	311.8	60.7	3.19	227.0
201.332	0.192	fixation	n/a	340.8	53.9	435.0	n/a	n/a	n/a	n/a
201.526	0.028	saccade	n/a	341.8	54.5	n/a	437.4	51.3	3.84	208.0
201.556	0.162	fixation	n/a	454.7	53.0	451.0	n/a	n/a	n/a	n/a
201.72	0.046	saccade	n/a	456.1	53.9	n/a	246.2	61.6	8.4	357.0
201.768	0.12	fixation	n/a	248.5	60.7	475.0	n/a	n/a	n/a	n/a
201.89	0.028	saccade	n/a	250.5	60.9	n/a	150.9	49.4	3.96	237.0
201.92	0.364	fixation	n/a	140.8	53.0	495.0	n/a	n/a	n/a	n/a
202.286	0.012	saccade	n/a	141.7	57.1	n/a	118.1	60.6	0.93	89.0
202.3	0.38	fixation	n/a	124.0	60.2	527.0	n/a	n/a	n/a	n/a
202.682	0.04	saccade	n/a	126.1	59.4	n/a	312.0	63.3	7.35	341.0
202.724	0.238	fixation	n/a	306.0	64.0	521.0	n/a	n/a	n/a	n/a
202.964	0.026	saccade	n/a	308.0	64.2	n/a	195.7	57.9	4.48	298.0
202.992	0.216	fixation	n/a	182.9	55.7	538.0	n/a	n/a	n/a	n/a
203.21	0.022	saccade	n/a	180.0	54.8	n/a	257.0	58.5	3.05	242.0
203.234	0.17	fixation	n/a	255.6	60.0	519.0	n/a	n/a	n/a	n/a
203.406	0.036	saccade	n/a	257.8	60.8	n/a	110.2	62.0	5.79	334.0
203.432	0.0	trigger_11	11	n/a	n/a	n/a	n/a	n/a	n/a	n/a
203.436	0.0	trigger_10	10	n/a	n/a	n/a	n/a	n/a	n/a	n/a
203.444	0.324	fixation	n/a	115.4	59.5	520.0	n/a	n/a	n/a	n/a
203.77	0.022	saccade	n/a	114.6	60.4	n/a	186.5	54.1	2.82	210.0
203.794	0.034	fixation	n/a	184.2	55.5	539.0	n/a	n/a	n/a	n/a
203.83	0.018	saccade	n/a	184.2	56.7	n/a	228.7	57.3	1.76	143.0
203.85	0.24	fixation	n/a	224.5	57.7	517.0	n/a	n/a	n/a	n/a
204.092	0.042	saccade	n/a	223.7	58.1	n/a	428.4	57.2	8.19	308.0
204.136	0.226	fixation	n/a	446.4	57.8	497.0	n/a	n/a	n/a	n/a
204.364	0.02	saccade	n/a	446.1	58.3	n/a	507.2	57.5	2.45	195.0
204.386	0.128	fixation	n/a	504.9	57.4	520.0	n/a	n/a	n/a	n/a
204.516	0.058	saccade	n/a	504.7	58.1	n/a	274.5	128.9	9.65	460.0
204.576	0.194	fixation	n/a	269.4	125.8	532.0	n/a	n/a	n/a	n/a
204.772	0.018	saccade	n/a	271.1	123.0	n/a	322.4	113.8	2.09	175.0
204.792	0.216	fixation	n/a	338.0	112.1	528.0	n/a	n/a	n/a	n/a
205.01	0.02	saccade	n/a	338.4	112.7	n/a	400.4	115.5	2.5	194.0
205.032	0.224	fixation	n/a	405.9	114.3	515.0	n/a	n/a	n/a	n/a
205.258	0.064	saccade	n/a	406.9	114.9	n/a	120.8	76.1	11.42	369.0
205.324	0.16	fixation	n/a	123.8	74.1	562.0	n/a	n/a	n/a	n/a
205.486	0.018	saccade	n/a	125.0	74.4	n/a	156.5	46.1	1.67	142.0
205.506	0.21	fixation	n/a	151.2	52.7	589.0	n/a	n/a	n/a	n/a
205.718	0.02	saccade	n/a	152.6	54.0	n/a	101.1	63.2	2.03	163.0
205.74	0.242	fixation	n/a	109.8	62.7	627.0	n/a	n/a	n/a	n/a
205.984	0.048	saccade	n/a	109.8	64.5	n/a	328.0	70.7	8.59	419.0
206.034	0.14	fixation	n/a	324.2	71.0	608.0	n/a	n/a	n/a	n/a
206.176	0.04	saccade	n/a	324.3	71.1	n/a	512.3	61.8	7.54	358.0
206.218	0.174	fixation	n/a	520.6	62.0	584.0	n/a	n/a	n/a	n/a
206.322	0.0	trigger_11	11	n/a	n/a	n/a	n/a	n/a	n/a	n/a
206.328	0.0	trigger_10	10	n/a	n/a	n/a	n/a	n/a	n/a	n/a
206.394	0.018	saccade	n/a	521.2	62.8	n/a	567.1	63.9	1.83	151.0
206.414	0.206	fixation	n/a	561.2	64.7	566.0	n/a	n/a	n/a	n/a
206.622	0.054	saccade	n/a	561.7	64.7	n/a	220.5	143.3	13.91	444.0
206.678	0.21	fixation	n/a	217.7	143.6	592.0	n/a	n/a	n/a	n/a
206.89	0.3	saccade	n/a	210.6	140.6	n/a	134.8	127.2	3.02	1054.0
206.972	0.158	blink	n/a	n/a	n/a	n/a	n/a	n/a	n/a	n/a
207.192	0.226	fixation	n/a	148.9	104.3	594.0	n/a	n/a	n/a	n/a
207.42	0.028	saccade	n/a	145.9	101.7	n/a	285.1	122.7	5.57	346.0
207.45	1.078	fixation	n/a	302.1	137.0	629.0	n/a	n/a	n/a	n/a
208.53	0.026	saccade	n/a	307.0	140.9	n/a	198.3	69.1	5.22	393.0
208.558	0.05	fixation	n/a	194.6	67.8	620.0	n/a	n/a	n/a	n/a
208.61	0.032	saccade	n/a	192.3	65.7	n/a	148.4	65.9	1.72	203.0
208.644	0.184	fixation	n/a	141.3	64.7	633.0	n/a	n/a	n/a	n/a
208.8	0.0	trigger_11	11	n/a	n/a	n/a	n/a	n/a	n/a	n/a
208.802	0.0	trigger_12	12	n/a	n/a	n/a	n/a	n/a	n/a	n/a
208.83	0.042	saccade	n/a	139.5	63.9	n/a	280.6	72.1	5.58	308.0
208.874	0.198	fixation	n/a	273.4	70.8	603.0	n/a	n/a	n/a	n/a
209.074	0.04	saccade	n/a	271.9	69.4	n/a	458.3	59.5	7.48	362.0
209.116	0.308	fixation	n/a	456.9	58.9	587.0	n/a	n/a	n/a	n/a
209.426	0.054	saccade	n/a	458.9	59.3	n/a	149.4	123.2	12.53	510.0
209.482	0.24	fixation	n/a	150.8	118.7	644.0	n/a	n/a	n/a	n/a
209.724	0.028	saccade	n/a	150.0	122.6	n/a	274.0	141.3	4.96	290.0
209.754	0.23	fixation	n/a	288.4	153.4	675.0	n/a	n/a	n/a	n/a
209.986	0.036	saccade	n/a	292.8	153.3	n/a	190.5	86.3	4.89	299.0
210.024	0.148	fixation	n/a	200.3	84.4	635.0	n/a	n/a	n/a	n/a
210.174	0.012	saccade	n/a	201.6	82.9	n/a	202.3	63.8	0.77	73.0
210.188	0.216	fixation	n/a	206.0	66.1	637.0	n/a	n/a	n/a	n/a
210.406	0.032	saccade	n/a	207.9	67.0	n/a	111.4	78.4	3.8	221.0
210.44	0.32	fixation	n/a	123.7	77.1	664.0	n/a	n/a	n/a	n/a
210.762	0.022	saccade	n/a	125.9	78.1	n/a	206.7	65.2	3.21	240.0
210.786	0.288	fixation	n/a	229.4	65.1	651.0	n/a	n/a	n/a	n/a
211.076	0.022	saccade	n/a	232.2	62.9	n/a	172.3	66.8	2.37	178.0
211.1	0.124	fixation	n/a	166.7	64.3	636.0	n/a	n/a	n/a	n/a
211.226	0.042	saccade	n/a	166.0	62.8	n/a	328.7	64.9	6.46	286.0
211.27	0.26	fixation	n/a	326.4	63.6	582.0	n/a	n/a	n/a	n/a
211.532	0.024	saccade	n/a	328.1	62.8	n/a	255.8	71.0	2.91	197.0
211.558	0.28	fixation	n/a	264.7	70.4	572.0	n/a	n/a	n/a	n/a
211.84	0.028	saccade	n/a	268.5	69.6	n/a	158.5	61.4	4.37	250.0
211.87	0.264	fixation	n/a	154.5	58.4	583.0	n/a	n/a	n/a	n/a
212.136	0.04	saccade	n/a	151.4	58.3	n/a	294.4	68.6	5.67	265.0
212.178	0.424	fixation	n/a	291.0	68.2	552.0	n/a	n/a	n/a	n/a
212.604	0.024	saccade	n/a	293.1	68.7	n/a	226.9	67.9	2.64	181.0
212.63	0.234	fixation	n/a	234.0	64.9	563.0	n/a	n/a	n/a	n/a
212.696	0.0	trigger_13	13	n/a	n/a	n/a	n/a	n/a	n/a	n/a
212.866	0.03	saccade	n/a	234.8	64.8	n/a	327.8	61.7	3.71	160.0
212.898	0.274	fixation	n/a	341.5	60.0	543.0	n/a	n/a	n/a	n/a
213.174	0.038	saccade	n/a	340.4	60.0	n/a	484.5	57.2	5.79	309.0
213.214	0.288	fixation	n/a	482.8	57.0	522.0	n/a	n/a	n/a	n/a
213.504	0.058	saccade	n/a	482.9	56.8	n/a	126.7	105.8	14.22	488.0
213.564	0.18	fixation	n/a	125.5	102.8	553.0	n/a	n/a	n/a	n/a
213.746	0.018	saccade	n/a	124.9	102.5	n/a	86.8	111.8	1.52	136.0
213.766	0.288	fixation	n/a	94.0	109.1	533.0	n/a	n/a	n/a	n/a
213.88	0.0	trigger_15	15	n/a	n/a	n/a	n/a	n/a	n/a	n/a
213.888	0.0	trigger_10	10	n/a	n/a	n/a	n/a	n/a	n/a	n/a
214.056	0.014	saccade	n/a	95.0	108.2	n/a	113.3	86.9	1.11	95.0
214.072	0.848	fixation	n/a	126.3	62.6	510.0	n/a	n/a	n/a	n/a
214.922	0.022	saccade	n/a	128.6	56.7	n/a	215.4	53.7	3.41	246.0
214.946	0.1	fixation	n/a	230.7	57.8	553.0	n/a	n/a	n/a	n/a
215.048	0.046	saccade	n/a	231.8	58.7	n/a	113.7	115.2	5.16	387.0
215.096	0.224	fixation	n/a	105.6	118.2	598.0	n/a	n/a	n/a	n/a
215.322	0.034	saccade	n/a	106.5	119.7	n/a	103.2	171.6	2.08	244.0
215.358	0.124	fixation	n/a	103.0	180.5	624.0	n/a	n/a	n/a	n/a
215.484	0.032	saccade	n/a	102.4	178.9	n/a	104.2	212.9	1.36	215.0
215.518	0.25	fixation	n/a	108.3	223.3	609.0	n/a	n/a	n/a	n/a
215.77	0.018	saccade	n/a	111.7	226.6	n/a	71.1	234.8	1.59	147.0
215.79	0.278	fixation	n/a	78.2	233.0	585.0	n/a	n/a	n/a	n/a
216.07	0.032	saccade	n/a	79.3	232.1	n/a	140.8	87.0	6.25	377.0
216.104	0.178	fixation	n/a	138.4	68.3	521.0	n/a	n/a	n/a	n/a
216.284	0.04	saccade	n/a	134.5	61.9	n/a	266.9	58.1	5.23	264.0
216.326	0.222	fixation	n/a	263.4	59.0	506.0	n/a	n/a	n/a	n/a
216.55	0.038	saccade	n/a	263.8	59.1	n/a	436.5	53.4	6.91	289.0
216.59	0.214	fixation	n/a	432.4	50.8	533.0	n/a	n/a	n/a	n/a
216.806	0.036	saccade	n/a	434.9	51.9	n/a	537.3	54.1	4.1	202.0
216.844	0.184	fixation	n/a	533.6	54.0	522.0	n/a	n/a	n/a	n/a
217.03	0.06	saccade	n/a	535.5	53.8	n/a	256.6	110.0	11.34	406.0
217.092	0.122	fixation	n/a	252.4	112.0	518.0	n/a	n/a	n/a	n/a
217.216	0.042	saccade	n/a	254.1	111.4	n/a	402.6	59.1	6.32	219.0
217.26	0.298	fixation	n/a	399.8	58.5	523.0	n/a	n/a	n/a	n/a
217.56	0.02	saccade	n/a	399.4	58.1	n/a	455.3	51.6	2.27	191.0
217.582	0.322	fixation	n/a	470.5	51.0	525.0	n/a	n/a	n/a	n/a
217.906	0.054	saccade	n/a	472.0	51.4	n/a	145.7	95.3	13.04	520.0
217.962	0.194	fixation	n/a	143.7	95.7	567.0	n/a	n/a	n/a	n/a
218.158	0.046	saccade	n/a	143.5	95.8	n/a	348.8	112.7	8.18	349.0
218.206	0.148	fixation	n/a	347.3	112.1	535.0	n/a	n/a	n/a	n/a
218.356	0.04	saccade	n/a	348.8	110.6	n/a	477.4	112.2	5.18	289.0
218.398	0.218	fixation	n/a	472.2	113.2	511.0	n/a	n/a	n/a	n/a
218.618	0.052	saccade	n/a	473.9	114.8	n/a	259.7	189.0	9.08	464.0
218.672	0.184	fixation	n/a	254.3	189.1	519.0	n/a	n/a	n/a	n/a
218.858	0.018	saccade	n/a	253.9	188.4	n/a	308.5	203.6	2.27	183.0
218.878	0.204	fixation	n/a	337.9	201.5	513.0	n/a	n/a	n/a	n/a
219.084	0.026	saccade	n/a	340.8	201.1	n/a	266.4	195.2	2.99	202.0
219.112	0.114	fixation	n/a	276.4	195.2	501.0	n/a	n/a	n/a	n/a
219.228	0.044	saccade	n/a	276.2	196.9	n/a	480.1	165.9	8.25	277.0
219.274	0.194	fixation	n/a	477.0	164.4	478.0	n/a	n/a	n/a	n/a
219.458	0.0	trigger_18	18	n/a	n/a	n/a	n/a	n/a	n/a	n/a
219.458	0.0	trigger_11	11	n/a	n/a	n/a	n/a	n/a	n/a	n/a
219.47	0.02	saccade	n/a	476.3	162.9	n/a	534.5	156.1	2.34	186.0
219.492	0.152	fixation	n/a	538.9	155.1	456.0	n/a	n/a	n/a	n/a
219.646	0.058	saccade	n/a	540.6	155.5	n/a	155.4	228.0	15.47	550.0
219.706	0.15	fixation	n/a	154.1	227.5	505.0	n/a	n/a	n/a	n/a
219.858	0.024	saccade	n/a	153.1	228.0	n/a	267.7	254.7	4.64	376.0
219.884	0.32	fixation	n/a	279.5	253.3	496.0	n/a	n/a	n/a	n/a
220.206	0.044	saccade	n/a	278.4	250.0	n/a	443.7	245.4	6.6	321.0
220.252	0.18	fixation	n/a	441.5	247.9	494.0	n/a	n/a	n/a	n/a
220.434	0.022	saccade	n/a	440.9	246.8	n/a	525.6	238.0	3.4	243.0
220.458	0.234	fixation	n/a	536.2	233.5	478.0	n/a	n/a	n/a	n/a
220.694	0.036	saccade	n/a	535.8	233.3	n/a	650.0	207.5	4.62	261.0
220.732	0.142	fixation	n/a	644.1	209.8	453.0	n/a	n/a	n/a	n/a
220.876	0.07	saccade	n/a	643.6	211.5	n/a	85.7	281.1	21.72	598.0
220.948	0.224	fixation	n/a	92.0	283.6	543.0	n/a	n/a	n/a	n/a
221.174	0.036	saccade	n/a	94.3	288.9	n/a	174.2	220.2	4.12	182.0
221.212	0.084	fixation	n/a	170.8	223.8	561.0	n/a	n/a	n/a	n/a
221.298	0.036	saccade	n/a	172.2	224.7	n/a	175.9	64.5	6.45	406.0
221.336	0.548	fixation	n/a	183.7	40.0	497.0	n/a	n/a	n/a	n/a
221.886	0.02	saccade	n/a	182.1	41.7	n/a	137.6	56.5	1.84	147.0
221.908	0.172	fixation	n/a	142.8	54.5	575.0	n/a	n/a	n/a	n/a
222.082	0.044	saccade	n/a	141.3	55.2	n/a	264.6	58.0	4.87	297.0
222.128	0.424	fixation	n/a	263.1	58.6	560.0	n/a	n/a	n/a	n/a
222.554	0.024	saccade	n/a	266.3	58.2	n/a	192.0	64.7	2.96	209.0
222.58	0.602	fixation	n/a	193.8	62.3	572.0	n/a	n/a	n/a	n/a
223.184	0.018	saccade	n/a	195.4	61.8	n/a	237.5	66.3	1.68	137.0
223.204	0.32	fixation	n/a	234.9	68.0	542.0	n/a	n/a	n/a	n/a
223.526	0.02	saccade	n/a	235.5	69.3	n/a	197.7	102.8	2.02	134.0
223.548	0.238	fixation	n/a	195.9	108.3	543.0	n/a	n/a	n/a	n/a
223.788	0.02	saccade	n/a	194.1	107.3	n/a	240.2	118.6	1.89	175.0
223.81	0.17	fixation	n/a	238.1	116.9	527.0	n/a	n/a	n/a	n/a
