onset	duration	trial_type	value	gaze_x	gaze_y	pupil_size	sacc_endx	sacc_endy	sacc_amplitude	sacc_peakvel
2.006	0.118	fixation	n/a	208.0	155.6	722.0	n/a	n/a	n/a	n/a
2.042	0.0	trigger_113	113	n/a	n/a	n/a	n/a	n/a	n/a	n/a
2.044	0.0	trigger_19	19	n/a	n/a	n/a	n/a	n/a	n/a	n/a
2.058	0.0	trigger_10	10	n/a	n/a	n/a	n/a	n/a	n/a	n/a
2.126	0.024	saccade	n/a	208.9	154.9	n/a	231.1	82.4	3.07	208.0
2.152	0.178	fixation	n/a	225.1	100.6	686.0	n/a	n/a	n/a	n/a
2.332	0.024	saccade	n/a	229.1	102.7	n/a	256.3	66.2	1.84	135.0
2.358	0.174	fixation	n/a	254.7	83.1	679.0	n/a	n/a	n/a	n/a
2.534	0.122	saccade	n/a	261.1	82.5	n/a	278.0	114.9	1.48	1009.0
2.572	0.044	blink	n/a	n/a	n/a	n/a	n/a	n/a	n/a	n/a
2.658	0.242	fixation	n/a	261.5	118.1	693.0	n/a	n/a	n/a	n/a
2.902	0.038	saccade	n/a	262.5	117.8	n/a	211.8	108.9	2.05	180.0
2.942	0.026	fixation	n/a	195.8	113.1	739.0	n/a	n/a	n/a	n/a
2.97	0.004	saccade	n/a	198.1	127.8	n/a	201.2	127.7	0.12	36.0
2.976	0.23	fixation	n/a	203.0	113.9	763.0	n/a	n/a	n/a	n/a
3.208	0.022	saccade	n/a	210.2	112.4	n/a	252.1	86.4	1.97	158.0
3.232	0.432	fixation	n/a	241.4	92.1	742.0	n/a	n/a	n/a	n/a
3.666	0.048	saccade	n/a	240.9	89.3	n/a	131.1	191.5	5.97	298.0
3.716	0.32	fixation	n/a	100.9	206.3	720.0	n/a	n/a	n/a	n/a
4.038	0.02	saccade	n/a	104.3	209.1	n/a	167.1	217.1	2.46	187.0
4.06	0.26	fixation	n/a	164.4	221.2	717.0	n/a	n/a	n/a	n/a
4.322	0.052	saccade	n/a	166.1	219.5	n/a	139.7	112.7	4.41	256.0
4.376	0.034	fixation	n/a	140.5	110.7	708.0	n/a	n/a	n/a	n/a
4.412	0.028	saccade	n/a	135.7	102.7	n/a	129.7	76.7	1.07	132.0
4.442	0.168	fixation	n/a	123.4	79.6	710.0	n/a	n/a	n/a	n/a
4.612	0.02	saccade	n/a	125.4	85.5	n/a	81.0	89.3	1.72	140.0
4.634	0.402	fixation	n/a	83.8	83.1	703.0	n/a	n/a	n/a	n/a
5.038	0.066	saccade	n/a	85.6	79.4	n/a	175.0	62.0	3.55	216.0
5.106	0.374	fixation	n/a	174.8	76.9	671.0	n/a	n/a	n/a	n/a
5.482	0.052	saccade	n/a	178.0	78.3	n/a	268.8	90.6	3.64	198.0
5.536	0.192	fixation	n/a	260.8	85.4	653.0	n/a	n/a	n/a	n/a
5.73	0.048	saccade	n/a	262.5	91.0	n/a	331.6	88.8	2.77	212.0
5.78	0.196	fixation	n/a	326.7	84.3	645.0	n/a	n/a	n/a	n/a
5.978	0.046	saccade	n/a	327.7	89.9	n/a	398.1	90.2	2.83	205.0
6.026	0.226	fixation	n/a	391.4	77.1	638.0	n/a	n/a	n/a	n/a
6.254	0.052	saccade	n/a	393.1	76.5	n/a	441.9	89.1	2.03	174.0
6.308	0.204	fixation	n/a	437.1	88.8	641.0	n/a	n/a	n/a	n/a
6.514	0.018	saccade	n/a	439.7	89.6	n/a	485.6	80.8	1.88	153.0
6.534	0.206	fixation	n/a	478.2	89.4	644.0	n/a	n/a	n/a	n/a
6.742	0.028	saccade	n/a	479.8	95.7	n/a	400.1	87.7	3.22	208.0
6.772	0.034	fixation	n/a	403.0	80.2	660.0	n/a	n/a	n/a	n/a
6.808	0.012	saccade	n/a	398.0	92.1	n/a	401.8	75.0	0.71	86.0
6.822	0.244	fixation	n/a	401.8	80.2	661.0	n/a	n/a	n/a	n/a
7.068	0.102	saccade	n/a	412.0	102.0	n/a	434.1	101.9	0.89	852.0
7.088	0.052	blink	n/a	n/a	n/a	n/a	n/a	n/a	n/a	n/a
7.172	0.38	fixation	n/a	414.9	109.0	727.0	n/a	n/a	n/a	n/a
7.554	0.066	saccade	n/a	415.2	104.1	n/a	482.0	117.5	2.74	216.0
7.622	0.348	fixation	n/a	475.3	117.2	780.0	n/a	n/a	n/a	n/a
7.972	0.076	saccade	n/a	482.6	115.1	n/a	67.4	166.9	16.38	399.0
8.05	0.176	fixation	n/a	51.3	167.2	775.0	n/a	n/a	n/a	n/a
8.228	0.02	saccade	n/a	54.4	163.5	n/a	105.4	155.5	1.98	159.0
8.25	0.392	fixation	n/a	98.5	164.8	750.0	n/a	n/a	n/a	n/a
8.644	0.024	saccade	n/a	99.5	167.0	n/a	162.9	156.8	2.5	182.0
8.67	0.252	fixation	n/a	157.4	164.0	739.0	n/a	n/a	n/a	n/a
8.924	0.028	saccade	n/a	158.4	165.6	n/a	265.8	164.2	4.25	255.0
8.954	0.246	fixation	n/a	260.0	169.0	726.0	n/a	n/a	n/a	n/a
9.202	0.016	saccade	n/a	261.8	169.4	n/a	229.7	166.9	1.28	108.0
9.22	0.432	fixation	n/a	233.5	171.9	742.0	n/a	n/a	n/a	n/a
9.654	0.05	saccade	n/a	237.2	169.5	n/a	329.3	172.5	3.68	222.0
9.706	0.26	fixation	n/a	320.5	162.6	692.0	n/a	n/a	n/a	n/a
9.968	0.018	saccade	n/a	322.0	167.4	n/a	366.6	153.0	1.89	156.0
9.988	0.166	fixation	n/a	354.7	162.7	674.0	n/a	n/a	n/a	n/a
10.156	0.026	saccade	n/a	355.8	162.8	n/a	435.7	164.0	3.21	223.0
10.184	0.23	fixation	n/a	424.3	165.7	668.0	n/a	n/a	n/a	n/a
10.416	0.042	saccade	n/a	422.5	170.3	n/a	489.0	178.5	2.7	184.0
10.46	0.324	fixation	n/a	484.9	174.7	648.0	n/a	n/a	n/a	n/a
10.786	0.024	saccade	n/a	484.5	177.1	n/a	549.8	159.0	2.71	190.0
10.812	0.29	fixation	n/a	541.3	168.0	630.0	n/a	n/a	n/a	n/a
11.086	0.0	trigger_11	11	n/a	n/a	n/a	n/a	n/a	n/a	n/a
11.102	0.0	trigger_10	10	n/a	n/a	n/a	n/a	n/a	n/a	n/a
11.104	0.024	saccade	n/a	543.2	169.8	n/a	600.3	165.9	2.27	174.0
11.13	0.58	fixation	n/a	586.6	170.7	627.0	n/a	n/a	n/a	n/a
11.712	0.064	saccade	n/a	588.8	170.3	n/a	152.5	217.9	17.25	376.0
11.778	0.186	fixation	n/a	126.3	226.3	658.0	n/a	n/a	n/a	n/a
11.966	0.02	saccade	n/a	128.6	225.1	n/a	83.9	218.6	1.74	141.0
11.988	0.262	fixation	n/a	86.0	220.5	660.0	n/a	n/a	n/a	n/a
12.252	0.014	saccade	n/a	90.4	226.3	n/a	61.5	223.8	1.11	93.0
12.268	0.112	fixation	n/a	65.6	220.7	672.0	n/a	n/a	n/a	n/a
12.382	0.106	saccade	n/a	71.2	219.3	n/a	123.4	224.2	2.02	982.0
12.412	0.038	blink	n/a	n/a	n/a	n/a	n/a	n/a	n/a	n/a
12.49	0.266	fixation	n/a	108.7	229.8	673.0	n/a	n/a	n/a	n/a
12.758	0.024	saccade	n/a	103.1	224.4	n/a	166.7	230.8	2.48	188.0
12.784	0.264	fixation	n/a	159.8	236.7	694.0	n/a	n/a	n/a	n/a
13.05	0.05	saccade	n/a	160.5	235.2	n/a	298.7	166.2	6.13	298.0
13.102	0.272	fixation	n/a	302.2	154.7	672.0	n/a	n/a	n/a	n/a
13.376	0.08	saccade	n/a	310.7	157.3	n/a	141.0	77.9	7.45	315.0
13.458	0.156	fixation	n/a	143.6	72.7	650.0	n/a	n/a	n/a	n/a
13.616	0.022	saccade	n/a	148.2	74.7	n/a	96.1	69.8	2.03	167.0
13.64	0.28	fixation	n/a	95.5	73.1	657.0	n/a	n/a	n/a	n/a
13.922	0.114	saccade	n/a	102.3	86.1	n/a	223.9	83.6	4.76	879.0
13.944	0.064	blink	n/a	n/a	n/a	n/a	n/a	n/a	n/a	n/a
14.038	0.342	fixation	n/a	196.5	82.5	676.0	n/a	n/a	n/a	n/a
14.382	0.026	saccade	n/a	198.4	81.0	n/a	139.9	95.4	2.37	156.0
14.41	0.242	fixation	n/a	134.2	84.2	673.0	n/a	n/a	n/a	n/a
14.654	0.088	saccade	n/a	134.1	85.2	n/a	275.3	90.0	5.57	305.0
14.744	0.214	fixation	n/a	281.8	82.0	661.0	n/a	n/a	n/a	n/a
14.96	0.01	saccade	n/a	281.8	86.2	n/a	267.2	82.0	0.61	61.0
14.972	0.192	fixation	n/a	267.0	84.2	652.0	n/a	n/a	n/a	n/a
15.166	0.054	saccade	n/a	272.0	86.7	n/a	356.8	82.7	3.41	230.0
15.222	0.228	fixation	n/a	348.0	77.5	637.0	n/a	n/a	n/a	n/a
15.452	0.048	saccade	n/a	353.9	75.4	n/a	425.4	99.3	3.04	204.0
15.502	0.272	fixation	n/a	422.2	86.6	641.0	n/a	n/a	n/a	n/a
15.776	0.052	saccade	n/a	425.1	90.6	n/a	492.1	94.3	2.7	186.0
15.83	0.226	fixation	n/a	482.5	88.7	635.0	n/a	n/a	n/a	n/a
16.058	0.01	saccade	n/a	482.6	86.0	n/a	466.8	87.5	0.64	70.0
16.07	0.294	fixation	n/a	470.1	85.5	622.0	n/a	n/a	n/a	n/a
16.366	0.064	saccade	n/a	474.7	86.9	n/a	154.5	130.2	12.8	349.0
16.432	0.17	fixation	n/a	134.6	146.8	647.0	n/a	n/a	n/a	n/a
16.604	0.024	saccade	n/a	138.1	148.3	n/a	82.9	160.7	2.19	153.0
16.63	0.268	fixation	n/a	81.8	156.4	661.0	n/a	n/a	n/a	n/a
16.9	0.03	saccade	n/a	85.6	162.9	n/a	176.3	163.6	3.53	181.0
16.932	0.282	fixation	n/a	173.3	164.3	686.0	n/a	n/a	n/a	n/a
17.216	0.026	saccade	n/a	175.5	158.7	n/a	253.8	160.4	3.1	222.0
17.244	0.662	fixation	n/a	246.7	163.9	664.0	n/a	n/a	n/a	n/a
17.39	0.0	trigger_11	11	n/a	n/a	n/a	n/a	n/a	n/a	n/a
17.408	0.0	trigger_10	10	n/a	n/a	n/a	n/a	n/a	n/a	n/a
17.908	0.012	saccade	n/a	250.9	157.3	n/a	227.1	158.9	0.95	92.0
17.922	0.214	fixation	n/a	228.3	161.9	650.0	n/a	n/a	n/a	n/a
18.138	0.02	saccade	n/a	231.3	164.5	n/a	287.2	157.7	2.24	160.0
18.16	0.22	fixation	n/a	282.9	166.1	648.0	n/a	n/a	n/a	n/a
18.382	0.104	saccade	n/a	290.5	175.7	n/a	308.7	160.3	0.96	704.0
18.402	0.052	blink	n/a	n/a	n/a	n/a	n/a	n/a	n/a	n/a
18.488	0.14	fixation	n/a	298.4	166.9	632.0	n/a	n/a	n/a	n/a
18.63	0.022	saccade	n/a	296.2	170.6	n/a	263.4	117.1	2.54	194.0
18.654	0.408	fixation	n/a	260.0	110.4	642.0	n/a	n/a	n/a	n/a
19.064	0.026	saccade	n/a	262.0	99.0	n/a	319.2	87.0	2.34	155.0
19.092	0.548	fixation	n/a	312.5	90.1	637.0	n/a	n/a	n/a	n/a
19.642	0.084	saccade	n/a	315.7	87.4	n/a	136.0	72.1	7.13	249.0
19.728	0.146	fixation	n/a	136.4	64.4	637.0	n/a	n/a	n/a	n/a
19.876	0.024	saccade	n/a	141.0	64.7	n/a	73.7	73.0	2.62	176.0
19.902	0.034	fixation	n/a	75.2	64.3	632.0	n/a	n/a	n/a	n/a
19.938	0.004	saccade	n/a	73.3	78.9	n/a	75.7	78.1	0.1	33.0
19.944	0.308	fixation	n/a	72.7	62.0	630.0	n/a	n/a	n/a	n/a
20.254	0.018	saccade	n/a	77.0	60.8	n/a	128.4	62.7	1.99	147.0
20.274	0.212	fixation	n/a	132.2	68.5	633.0	n/a	n/a	n/a	n/a
20.488	0.026	saccade	n/a	136.4	65.6	n/a	214.1	55.8	3.07	208.0
20.516	0.132	fixation	n/a	212.2	70.6	622.0	n/a	n/a	n/a	n/a
20.65	0.048	saccade	n/a	214.0	72.6	n/a	481.4	93.5	10.71	354.0
20.7	0.36	fixation	n/a	468.4	82.2	616.0	n/a	n/a	n/a	n/a
21.062	0.056	saccade	n/a	468.7	83.2	n/a	544.4	94.7	3.06	206.0
21.12	0.238	fixation	n/a	531.9	88.1	617.0	n/a	n/a	n/a	n/a
21.36	0.082	saccade	n/a	530.1	86.9	n/a	127.3	150.4	16.1	396.0
21.444	0.136	fixation	n/a	128.2	144.2	642.0	n/a	n/a	n/a	n/a
21.582	0.024	saccade	n/a	133.6	142.2	n/a	81.7	145.6	2.01	142.0
21.608	0.236	fixation	n/a	83.4	142.5	645.0	n/a	n/a	n/a	n/a
21.846	0.02	saccade	n/a	85.6	152.2	n/a	61.3	151.0	0.93	104.0
21.868	0.156	fixation	n/a	63.0	151.6	652.0	n/a	n/a	n/a	n/a
22.026	0.058	saccade	n/a	64.3	148.8	n/a	201.9	157.9	5.36	248.0
22.086	0.272	fixation	n/a	196.2	158.0	645.0	n/a	n/a	n/a	n/a
22.318	0.0	trigger_11	11	n/a	n/a	n/a	n/a	n/a	n/a	n/a
22.34	0.0	trigger_10	10	n/a	n/a	n/a	n/a	n/a	n/a	n/a
22.36	0.034	saccade	n/a	199.3	162.9	n/a	334.3	160.0	5.38	249.0
22.396	0.246	fixation	n/a	331.1	165.0	643.0	n/a	n/a	n/a	n/a
22.644	0.054	saccade	n/a	334.2	164.3	n/a	410.8	162.5	3.08	224.0
22.7	0.236	fixation	n/a	401.9	156.3	628.0	n/a	n/a	n/a	n/a
22.938	0.024	saccade	n/a	401.3	162.6	n/a	464.4	164.5	2.54	160.0
22.964	0.292	fixation	n/a	456.4	165.4	616.0	n/a	n/a	n/a	n/a
23.258	0.064	saccade	n/a	457.6	169.5	n/a	153.7	205.8	12.13	376.0
23.324	0.158	fixation	n/a	136.6	212.3	626.0	n/a	n/a	n/a	n/a
23.484	0.022	saccade	n/a	140.5	213.0	n/a	83.0	216.4	2.22	155.0
23.508	0.37	fixation	n/a	81.5	218.4	623.0	n/a	n/a	n/a	n/a
23.88	0.03	saccade	n/a	85.2	220.1	n/a	183.4	223.4	3.81	190.0
23.912	0.314	fixation	n/a	183.8	230.1	635.0	n/a	n/a	n/a	n/a
24.228	0.028	saccade	n/a	185.3	231.7	n/a	276.8	223.5	3.63	217.0
24.258	0.262	fixation	n/a	270.8	233.8	627.0	n/a	n/a	n/a	n/a
24.522	0.042	saccade	n/a	275.4	231.7	n/a	217.9	60.8	7.29	278.0
24.566	0.068	fixation	n/a	204.4	71.7	587.0	n/a	n/a	n/a	n/a
24.636	0.068	saccade	n/a	202.2	81.1	n/a	92.4	72.5	4.29	236.0
24.706	0.248	fixation	n/a	96.7	61.0	582.0	n/a	n/a	n/a	n/a
24.956	0.014	saccade	n/a	102.1	62.9	n/a	75.0	69.2	1.07	96.0
24.972	0.186	fixation	n/a	80.0	67.1	594.0	n/a	n/a	n/a	n/a
25.16	0.07	saccade	n/a	84.2	68.1	n/a	189.0	57.5	4.1	221.0
25.232	0.332	fixation	n/a	190.1	69.2	608.0	n/a	n/a	n/a	n/a
25.566	0.062	saccade	n/a	193.8	67.2	n/a	278.4	69.4	3.37	222.0
25.63	0.188	fixation	n/a	276.3	79.0	608.0	n/a	n/a	n/a	n/a
25.82	0.048	saccade	n/a	280.0	80.3	n/a	354.5	84.9	3.0	231.0
25.87	0.244	fixation	n/a	349.1	71.4	598.0	n/a	n/a	n/a	n/a
26.116	0.06	saccade	n/a	349.3	69.5	n/a	444.4	70.4	3.82	246.0
26.178	0.306	fixation	n/a	438.3	69.8	595.0	n/a	n/a	n/a	n/a
26.486	0.044	saccade	n/a	438.2	75.7	n/a	474.7	94.1	1.65	142.0
26.532	0.24	fixation	n/a	469.5	86.3	607.0	n/a	n/a	n/a	n/a
26.774	0.044	saccade	n/a	471.6	90.6	n/a	525.0	99.4	2.17	181.0
26.82	0.392	fixation	n/a	519.3	86.5	605.0	n/a	n/a	n/a	n/a
27.214	0.016	saccade	n/a	520.3	88.2	n/a	486.0	86.6	1.38	142.0
27.232	0.182	fixation	n/a	485.7	90.9	620.0	n/a	n/a	n/a	n/a
27.416	0.124	saccade	n/a	489.5	95.9	n/a	122.8	153.4	14.65	844.0
27.446	0.064	blink	n/a	n/a	n/a	n/a	n/a	n/a	n/a	n/a
27.542	0.224	fixation	n/a	113.8	166.7	640.0	n/a	n/a	n/a	n/a
27.768	0.02	saccade	n/a	117.7	166.1	n/a	79.7	163.6	1.47	122.0
27.79	0.298	fixation	n/a	87.7	161.9	665.0	n/a	n/a	n/a	n/a
28.09	0.048	saccade	n/a	88.4	159.6	n/a	174.6	174.9	3.4	212.0
28.14	0.324	fixation	n/a	167.6	161.2	653.0	n/a	n/a	n/a	n/a
28.466	0.052	saccade	n/a	170.6	166.9	n/a	297.8	181.2	5.07	289.0
28.52	0.346	fixation	n/a	291.9	168.2	646.0	n/a	n/a	n/a	n/a
28.868	0.018	saccade	n/a	297.5	172.4	n/a	253.3	167.1	1.78	137.0
28.888	0.262	fixation	n/a	251.0	169.6	650.0	n/a	n/a	n/a	n/a
29.152	0.056	saccade	n/a	254.1	169.7	n/a	370.9	172.0	4.67	235.0
29.21	0.274	fixation	n/a	365.8	168.1	650.0	n/a	n/a	n/a	n/a
29.486	0.078	saccade	n/a	368.2	172.4	n/a	159.5	187.0	8.29	300.0
29.566	0.272	fixation	n/a	156.0	172.2	658.0	n/a	n/a	n/a	n/a
29.84	0.106	saccade	n/a	161.9	175.2	n/a	181.7	160.5	0.98	788.0
29.86	0.05	blink	n/a	n/a	n/a	n/a	n/a	n/a	n/a	n/a
29.948	0.32	fixation	n/a	172.9	172.3	642.0	n/a	n/a	n/a	n/a
30.27	0.048	saccade	n/a	171.5	171.1	n/a	267.2	189.0	3.85	221.0
30.32	0.572	fixation	n/a	266.4	184.8	645.0	n/a	n/a	n/a	n/a
30.894	0.02	saccade	n/a	272.3	177.9	n/a	325.4	163.1	2.21	175.0
30.916	0.264	fixation	n/a	322.0	170.4	624.0	n/a	n/a	n/a	n/a
31.182	0.052	saccade	n/a	326.5	165.9	n/a	410.3	169.8	3.38	230.0
31.236	0.522	fixation	n/a	404.8	169.7	634.0	n/a	n/a	n/a	n/a
31.76	0.026	saccade	n/a	403.2	171.4	n/a	473.2	170.2	2.82	179.0
31.788	0.332	fixation	n/a	462.0	179.1	648.0	n/a	n/a	n/a	n/a
32.122	0.118	saccade	n/a	468.8	188.1	n/a	499.8	176.7	1.33	921.0
32.144	0.058	blink	n/a	n/a	n/a	n/a	n/a	n/a	n/a	n/a
32.242	0.282	fixation	n/a	482.0	184.0	634.0	n/a	n/a	n/a	n/a
32.526	0.022	saccade	n/a	481.3	177.3	n/a	425.3	174.8	2.25	175.0
32.55	0.262	fixation	n/a	430.2	173.0	649.0	n/a	n/a	n/a	n/a
32.814	0.024	saccade	n/a	433.6	170.2	n/a	503.3	173.3	2.8	185.0
32.84	0.246	fixation	n/a	496.3	176.5	635.0	n/a	n/a	n/a	n/a
33.088	0.014	saccade	n/a	498.2	174.7	n/a	525.7	167.4	1.14	105.0
33.104	0.256	fixation	n/a	515.8	174.2	631.0	n/a	n/a	n/a	n/a
33.362	0.026	saccade	n/a	520.1	174.2	n/a	483.3	107.0	3.11	216.0
33.39	0.18	fixation	n/a	482.2	113.6	620.0	n/a	n/a	n/a	n/a
33.572	0.012	saccade	n/a	480.2	114.3	n/a	476.8	104.4	0.43	72.0
33.586	0.162	fixation	n/a	476.0	108.9	625.0	n/a	n/a	n/a	n/a
33.75	0.006	saccade	n/a	478.8	108.4	n/a	469.4	104.1	0.42	56.0
33.758	0.414	fixation	n/a	474.1	101.7	620.0	n/a	n/a	n/a	n/a
34.16	0.0	trigger_11	11	n/a	n/a	n/a	n/a	n/a	n/a	n/a
34.17	0.0	trigger_10	10	n/a	n/a	n/a	n/a	n/a	n/a	n/a
34.174	0.036	saccade	n/a	478.2	99.0	n/a	505.6	174.8	3.28	229.0
34.212	0.33	fixation	n/a	493.1	180.6	649.0	n/a	n/a	n/a	n/a
34.544	0.012	saccade	n/a	493.2	182.2	n/a	513.0	175.7	0.83	75.0
34.558	0.28	fixation	n/a	507.0	177.3	654.0	n/a	n/a	n/a	n/a
34.84	0.128	saccade	n/a	512.6	180.9	n/a	454.4	165.3	2.42	1026.0
34.862	0.05	blink	n/a	n/a	n/a	n/a	n/a	n/a	n/a	n/a
34.97	0.328	fixation	n/a	451.6	184.9	650.0	n/a	n/a	n/a	n/a
35.3	0.024	saccade	n/a	454.3	187.2	n/a	513.5	178.5	2.4	171.0
35.326	0.278	fixation	n/a	504.5	182.5	656.0	n/a	n/a	n/a	n/a
35.606	0.06	saccade	n/a	510.3	176.2	n/a	383.5	175.2	5.09	247.0
35.668	0.002	fixation	n/a	383.7	181.5	662.0	n/a	n/a	n/a	n/a
35.672	0.004	saccade	n/a	386.2	186.0	n/a	390.8	186.0	0.18	50.0
35.678	0.28	fixation	n/a	392.5	170.2	660.0	n/a	n/a	n/a	n/a
35.96	0.024	saccade	n/a	395.3	172.6	n/a	325.8	171.5	2.8	184.0
35.986	0.404	fixation	n/a	326.3	175.9	687.0	n/a	n/a	n/a	n/a
36.392	0.052	saccade	n/a	331.2	173.4	n/a	173.6	72.8	7.48	294.0
36.446	0.166	fixation	n/a	160.2	84.2	681.0	n/a	n/a	n/a	n/a
36.614	0.04	saccade	n/a	167.8	77.8	n/a	95.6	60.1	2.89	196.0
36.656	0.32	fixation	n/a	82.4	65.4	672.0	n/a	n/a	n/a	n/a
36.978	0.034	saccade	n/a	87.1	67.7	n/a	213.6	75.0	4.95	229.0
37.014	0.228	fixation	n/a	214.5	79.4	678.0	n/a	n/a	n/a	n/a
37.244	0.018	saccade	n/a	217.1	78.9	n/a	188.5	74.5	1.14	107.0
37.264	0.348	fixation	n/a	194.1	78.1	661.0	n/a	n/a	n/a	n/a
37.614	0.048	saccade	n/a	197.4	83.6	n/a	273.9	93.6	3.07	202.0
37.664	0.164	fixation	n/a	264.8	84.7	674.0	n/a	n/a	n/a	n/a
37.83	0.024	saccade	n/a	264.1	94.5	n/a	322.9	83.2	2.4	188.0
37.856	0.328	fixation	n/a	316.6	87.6	672.0	n/a	n/a	n/a	n/a
38.186	0.024	saccade	n/a	319.7	90.9	n/a	386.7	80.1	2.73	194.0
38.212	0.216	fixation	n/a	379.0	82.2	650.0	n/a	n/a	n/a	n/a
38.43	0.064	saccade	n/a	379.6	79.7	n/a	467.3	71.3	3.55	222.0
38.496	0.24	fixation	n/a	464.5	85.6	631.0	n/a	n/a	n/a	n/a
38.738	0.018	saccade	n/a	466.9	93.6	n/a	433.3	91.4	1.36	120.0
38.758	0.334	fixation	n/a	441.0	88.6	626.0	n/a	n/a	n/a	n/a
39.094	0.048	saccade	n/a	441.9	88.7	n/a	521.5	101.2	3.24	209.0
39.144	0.274	fixation	n/a	513.1	92.3	618.0	n/a	n/a	n/a	n/a
39.42	0.076	saccade	n/a	513.5	97.3	n/a	384.4	91.4	5.19	236.0
39.498	0.166	fixation	n/a	385.7	84.5	617.0	n/a	n/a	n/a	n/a
39.666	0.016	saccade	n/a	385.7	89.5	n/a	356.0	84.7	1.21	114.0
39.684	0.248	fixation	n/a	359.6	88.4	616.0	n/a	n/a	n/a	n/a
39.934	0.05	saccade	n/a	364.2	85.6	n/a	474.8	103.4	4.51	255.0
39.986	0.186	fixation	n/a	471.9	88.0	615.0	n/a	n/a	n/a	n/a
40.174	0.046	saccade	n/a	475.0	89.0	n/a	545.2	106.5	2.9	213.0
40.222	0.244	fixation	n/a	539.7	92.6	598.0	n/a	n/a	n/a	n/a
40.468	0.076	saccade	n/a	540.7	94.6	n/a	135.5	139.2	16.05	416.0
40.546	0.148	fixation	n/a	126.9	140.6	609.0	n/a	n/a	n/a	n/a
40.696	0.022	saccade	n/a	131.9	133.6	n/a	79.2	149.2	2.13	148.0
40.72	0.222	fixation	n/a	75.9	146.6	603.0	n/a	n/a	n/a	n/a
40.944	0.014	saccade	n/a	80.4	153.7	n/a	54.9	153.1	0.97	104.0
40.96	0.27	fixation	n/a	62.5	155.2	619.0	n/a	n/a	n/a	n/a
41.232	0.108	saccade	n/a	65.1	159.2	n/a	124.4	156.1	2.28	652.0
41.26	0.044	blink	n/a	n/a	n/a	n/a	n/a	n/a	n/a	n/a
41.342	0.354	fixation	n/a	113.2	162.4	631.0	n/a	n/a	n/a	n/a
41.698	0.02	saccade	n/a	112.0	163.0	n/a	162.5	168.0	1.98	151.0
41.72	0.312	fixation	n/a	157.9	168.3	634.0	n/a	n/a	n/a	n/a
42.034	0.006	saccade	n/a	155.3	167.6	n/a	147.5	165.5	0.32	46.0
42.042	0.186	fixation	n/a	149.2	162.9	616.0	n/a	n/a	n/a	n/a
42.23	0.056	saccade	n/a	152.2	161.9	n/a	250.5	164.1	3.88	226.0
42.288	0.602	fixation	n/a	246.0	166.8	608.0	n/a	n/a	n/a	n/a
42.892	0.05	saccade	n/a	246.0	167.4	n/a	339.5	184.0	3.8	211.0
42.944	0.486	fixation	n/a	337.8	168.5	613.0	n/a	n/a	n/a	n/a
43.432	0.026	saccade	n/a	342.2	170.6	n/a	414.1	168.8	2.89	193.0
43.46	0.384	fixation	n/a	404.1	168.6	615.0	n/a	n/a	n/a	n/a
43.846	0.03	saccade	n/a	402.8	172.4	n/a	497.3	165.2	3.81	205.0
43.878	0.296	fixation	n/a	487.5	173.4	614.0	n/a	n/a	n/a	n/a
44.176	0.008	saccade	n/a	488.6	176.2	n/a	475.0	177.6	0.55	69.0
44.186	0.214	fixation	n/a	475.6	171.2	608.0	n/a	n/a	n/a	n/a
44.402	0.148	saccade	n/a	483.7	181.4	n/a	102.2	220.3	15.07	599.0
44.42	0.094	blink	n/a	n/a	n/a	n/a	n/a	n/a	n/a	n/a
44.552	0.17	fixation	n/a	105.7	232.1	611.0	n/a	n/a	n/a	n/a
44.724	0.014	saccade	n/a	105.5	232.1	n/a	76.1	235.3	1.13	110.0
44.74	0.198	fixation	n/a	75.1	233.1	632.0	n/a	n/a	n/a	n/a
44.94	0.03	saccade	n/a	75.4	230.9	n/a	170.7	233.6	3.68	200.0
44.972	0.398	fixation	n/a	172.1	240.3	653.0	n/a	n/a	n/a	n/a
45.372	0.026	saccade	n/a	170.0	237.4	n/a	258.3	233.6	3.48	241.0
45.4	0.258	fixation	n/a	254.3	240.7	638.0	n/a	n/a	n/a	n/a
45.66	0.022	saccade	n/a	255.0	235.5	n/a	317.3	237.2	2.48	175.0
45.684	0.272	fixation	n/a	310.2	243.4	631.0	n/a	n/a	n/a	n/a
45.958	0.054	saccade	n/a	310.8	247.1	n/a	507.7	556.5	14.23	438.0
46.014	0.18	fixation	n/a	460.3	550.8	643.0	n/a	n/a	n/a	n/a
46.196	0.028	saccade	n/a	445.4	547.7	n/a	418.5	540.4	1.07	152.0
46.226	0.406	fixation	n/a	398.6	535.0	656.0	n/a	n/a	n/a	n/a
46.634	0.024	saccade	n/a	398.8	534.0	n/a	468.4	540.8	2.69	164.0
46.66	0.294	fixation	n/a	459.3	543.3	649.0	n/a	n/a	n/a	n/a
46.784	0.0	trigger_11	11	n/a	n/a	n/a	n/a	n/a	n/a	n/a
46.792	0.0	trigger_12	12	n/a	n/a	n/a	n/a	n/a	n/a	n/a
46.956	0.146	saccade	n/a	472.1	547.9	n/a	377.7	134.1	16.52	688.0
46.978	0.096	blink	n/a	n/a	n/a	n/a	n/a	n/a	n/a	n/a
47.104	0.074	fixation	n/a	374.7	143.0	615.0	n/a	n/a	n/a	n/a
47.18	0.036	saccade	n/a	377.5	148.0	n/a	376.2	98.6	2.02	250.0
47.218	0.246	fixation	n/a	373.9	76.5	622.0	n/a	n/a	n/a	n/a
47.466	0.072	saccade	n/a	376.7	84.2	n/a	477.1	77.3	4.05	255.0
47.54	0.332	fixation	n/a	481.8	93.1	654.0	n/a	n/a	n/a	n/a
47.874	0.018	saccade	n/a	487.9	89.7	n/a	452.2	82.9	1.46	138.0
47.894	0.228	fixation	n/a	456.7	85.0	634.0	n/a	n/a	n/a	n/a
48.124	0.048	saccade	n/a	459.0	82.5	n/a	533.7	97.5	3.06	225.0
48.174	0.266	fixation	n/a	526.5	87.0	605.0	n/a	n/a	n/a	n/a
48.442	0.074	saccade	n/a	524.9	91.0	n/a	285.0	143.9	9.83	298.0
48.518	0.21	fixation	n/a	292.2	137.0	626.0	n/a	n/a	n/a	n/a
48.73	0.02	saccade	n/a	295.2	142.5	n/a	351.7	163.0	2.41	199.0
48.752	0.218	fixation	n/a	341.0	164.8	631.0	n/a	n/a	n/a	n/a
48.972	0.086	saccade	n/a	342.3	161.3	n/a	273.6	89.7	4.01	248.0
49.06	0.09	fixation	n/a	277.3	100.5	632.0	n/a	n/a	n/a	n/a
49.152	0.084	saccade	n/a	281.5	100.1	n/a	84.6	65.1	7.85	309.0
49.238	0.492	fixation	n/a	85.2	65.3	619.0	n/a	n/a	n/a	n/a
49.732	0.12	saccade	n/a	93.3	72.4	n/a	195.7	78.5	4.0	837.0
49.772	0.052	blink	n/a	n/a	n/a	n/a	n/a	n/a	n/a	n/a
49.854	0.286	fixation	n/a	187.0	85.3	643.0	n/a	n/a	n/a	n/a
50.142	0.022	saccade	n/a	187.1	89.2	n/a	243.1	79.3	2.25	181.0
50.166	0.23	fixation	n/a	237.4	88.4	648.0	n/a	n/a	n/a	n/a
50.192	0.0	trigger_13	13	n/a	n/a	n/a	n/a	n/a	n/a	n/a
50.2	0.0	trigger_10	10	n/a	n/a	n/a	n/a	n/a	n/a	n/a
50.398	0.06	saccade	n/a	238.3	83.5	n/a	354.9	88.0	4.68	246.0
50.46	0.186	fixation	n/a	347.3	81.7	632.0	n/a	n/a	n/a	n/a
50.648	0.018	saccade	n/a	348.9	82.1	n/a	313.1	81.7	1.44	119.0
50.668	0.194	fixation	n/a	317.9	81.8	625.0	n/a	n/a	n/a	n/a
50.864	0.01	saccade	n/a	319.1	83.0	n/a	301.9	79.6	0.7	77.0
50.876	0.14	fixation	n/a	306.2	81.6	625.0	n/a	n/a	n/a	n/a
51.018	0.072	saccade	n/a	311.9	79.6	n/a	451.7	61.3	5.66	284.0
51.092	0.266	fixation	n/a	449.9	76.8	609.0	n/a	n/a	n/a	n/a
51.36	0.052	saccade	n/a	450.2	77.8	n/a	520.5	87.5	2.85	187.0
51.414	0.228	fixation	n/a	509.9	82.7	596.0	n/a	n/a	n/a	n/a
51.644	0.072	saccade	n/a	511.3	83.2	n/a	90.8	140.1	16.65	422.0
51.718	0.358	fixation	n/a	72.4	147.8	608.0	n/a	n/a	n/a	n/a
52.078	0.012	saccade	n/a	74.6	146.2	n/a	97.9	142.9	0.91	88.0
52.092	0.288	fixation	n/a	102.2	146.3	599.0	n/a	n/a	n/a	n/a
52.382	0.03	saccade	n/a	110.5	143.6	n/a	85.8	54.7	3.67	243.0
52.414	0.32	fixation	n/a	80.5	59.2	575.0	n/a	n/a	n/a	n/a
52.736	0.048	saccade	n/a	84.1	60.7	n/a	164.5	76.3	3.18	183.0
52.786	0.27	fixation	n/a	162.0	69.6	596.0	n/a	n/a	n/a	n/a
53.058	0.106	saccade	n/a	174.9	82.7	n/a	127.7	61.0	2.04	671.0
53.076	0.054	blink	n/a	n/a	n/a	n/a	n/a	n/a	n/a	n/a
53.166	0.256	fixation	n/a	122.3	78.7	598.0	n/a	n/a	n/a	n/a
53.424	0.06	saccade	n/a	122.8	71.3	n/a	238.1	75.3	4.53	228.0
53.486	0.354	fixation	n/a	238.0	73.9	626.0	n/a	n/a	n/a	n/a
53.842	0.06	saccade	n/a	244.2	76.9	n/a	337.8	94.0	3.81	222.0
53.904	0.188	fixation	n/a	328.5	89.2	645.0	n/a	n/a	n/a	n/a
54.094	0.018	saccade	n/a	332.6	85.9	n/a	298.9	87.4	1.35	124.0
54.114	0.296	fixation	n/a	303.0	89.4	656.0	n/a	n/a	n/a	n/a
54.412	0.05	saccade	n/a	306.6	85.6	n/a	387.6	106.7	3.37	238.0
54.464	0.298	fixation	n/a	380.8	90.0	667.0	n/a	n/a	n/a	n/a
54.764	0.056	saccade	n/a	380.6	94.4	n/a	452.8	100.2	2.92	211.0
54.822	0.264	fixation	n/a	447.0	90.6	655.0	n/a	n/a	n/a	n/a
55.088	0.02	saccade	n/a	451.6	84.0	n/a	493.9	78.3	1.71	145.0
55.11	0.138	fixation	n/a	486.1	86.1	613.0	n/a	n/a	n/a	n/a
55.25	0.07	saccade	n/a	490.1	82.8	n/a	388.4	75.7	4.1	222.0
55.322	0.22	fixation	n/a	390.3	71.2	591.0	n/a	n/a	n/a	n/a
55.544	0.024	saccade	n/a	394.8	74.9	n/a	461.5	76.7	2.69	191.0
55.57	0.364	fixation	n/a	456.1	82.6	581.0	n/a	n/a	n/a	n/a
55.936	0.066	saccade	n/a	456.0	84.7	n/a	119.7	146.7	13.5	417.0
56.004	0.18	fixation	n/a	102.1	145.2	603.0	n/a	n/a	n/a	n/a
56.186	0.014	saccade	n/a	105.1	147.3	n/a	70.8	146.9	1.32	114.0
56.202	0.378	fixation	n/a	73.1	147.4	594.0	n/a	n/a	n/a	n/a
56.582	0.104	saccade	n/a	83.7	155.4	n/a	173.3	143.5	3.52	777.0
56.606	0.05	blink	n/a	n/a	n/a	n/a	n/a	n/a	n/a	n/a
56.688	0.43	fixation	n/a	163.4	158.9	597.0	n/a	n/a	n/a	n/a
57.12	0.022	saccade	n/a	165.0	154.1	n/a	220.3	156.7	2.18	153.0
57.144	0.236	fixation	n/a	216.1	161.4	611.0	n/a	n/a	n/a	n/a
57.382	0.056	saccade	n/a	220.4	160.0	n/a	323.4	162.7	4.11	233.0
57.44	0.296	fixation	n/a	320.5	156.6	595.0	n/a	n/a	n/a	n/a
57.738	0.028	saccade	n/a	323.3	158.6	n/a	403.3	156.4	3.22	200.0
57.768	0.33	fixation	n/a	397.4	162.3	594.0	n/a	n/a	n/a	n/a
58.1	0.026	saccade	n/a	400.5	163.4	n/a	476.8	164.6	3.07	197.0
58.128	0.382	fixation	n/a	465.2	171.1	605.0	n/a	n/a	n/a	n/a
58.512	0.02	saccade	n/a	466.3	173.3	n/a	513.5	166.0	1.92	142.0
58.534	0.394	fixation	n/a	505.9	175.0	595.0	n/a	n/a	n/a	n/a
58.93	0.018	saccade	n/a	509.6	172.2	n/a	545.1	161.9	1.48	120.0
58.95	0.426	fixation	n/a	536.4	171.2	584.0	n/a	n/a	n/a	n/a
59.29	0.0	trigger_11	11	n/a	n/a	n/a	n/a	n/a	n/a	n/a
59.302	0.0	trigger_10	10	n/a	n/a	n/a	n/a	n/a	n/a	n/a
59.378	0.016	saccade	n/a	538.3	173.3	n/a	504.6	171.9	1.35	107.0
59.396	0.332	fixation	n/a	513.5	169.2	576.0	n/a	n/a	n/a	n/a
59.73	0.014	saccade	n/a	519.3	166.2	n/a	494.2	162.8	1.02	97.0
59.746	0.302	fixation	n/a	497.4	169.4	576.0	n/a	n/a	n/a	n/a
60.05	0.084	saccade	n/a	509.9	182.1	n/a	525.5	174.3	0.7	825.0
60.072	0.026	blink	n/a	n/a	n/a	n/a	n/a	n/a	n/a	n/a
60.136	0.358	fixation	n/a	507.2	168.6	588.0	n/a	n/a	n/a	n/a
60.496	0.018	saccade	n/a	506.7	171.1	n/a	465.4	170.9	1.66	129.0
60.516	0.426	fixation	n/a	465.2	173.6	611.0	n/a	n/a	n/a	n/a
60.944	0.018	saccade	n/a	468.9	169.0	n/a	513.7	167.1	1.8	149.0
60.964	0.2	fixation	n/a	505.2	172.7	605.0	n/a	n/a	n/a	n/a
61.166	0.048	saccade	n/a	508.2	168.8	n/a	587.2	175.2	3.15	204.0
61.216	0.312	fixation	n/a	581.6	166.1	594.0	n/a	n/a	n/a	n/a
61.53	0.068	saccade	n/a	583.9	160.9	n/a	299.4	72.2	11.89	367.0
61.6	0.15	fixation	n/a	299.5	77.6	611.0	n/a	n/a	n/a	n/a
61.752	0.076	saccade	n/a	307.6	74.3	n/a	106.2	79.6	7.93	289.0
61.83	0.17	fixation	n/a	105.3	60.9	610.0	n/a	n/a	n/a	n/a
62.002	0.018	saccade	n/a	111.1	61.0	n/a	72.5	64.0	1.49	125.0
62.022	0.278	fixation	n/a	82.4	65.4	624.0	n/a	n/a	n/a	n/a
62.302	0.022	saccade	n/a	83.9	62.0	n/a	134.1	61.6	1.94	166.0
62.326	0.324	fixation	n/a	129.3	69.2	631.0	n/a	n/a	n/a	n/a
62.652	0.114	saccade	n/a	132.0	66.2	n/a	246.7	73.5	4.53	736.0
62.682	0.052	blink	n/a	n/a	n/a	n/a	n/a	n/a	n/a	n/a
62.768	0.236	fixation	n/a	240.7	84.6	618.0	n/a	n/a	n/a	n/a
63.006	0.016	saccade	n/a	240.8	81.2	n/a	219.4	82.3	0.85	94.0
63.024	0.258	fixation	n/a	225.0	79.6	612.0	n/a	n/a	n/a	n/a
63.284	0.06	saccade	n/a	229.1	69.5	n/a	346.0	77.1	4.68	217.0
63.346	0.524	fixation	n/a	343.1	71.7	586.0	n/a	n/a	n/a	n/a
63.872	0.034	saccade	n/a	348.6	69.5	n/a	470.3	62.9	4.89	256.0
63.908	0.446	fixation	n/a	461.8	65.4	565.0	n/a	n/a	n/a	n/a
64.356	0.064	saccade	n/a	461.7	68.5	n/a	551.9	71.8	3.61	216.0
64.386	0.0	trigger_11	11	n/a	n/a	n/a	n/a	n/a	n/a	n/a
64.396	0.0	trigger_10	10	n/a	n/a	n/a	n/a	n/a	n/a	n/a
64.422	0.282	fixation	n/a	547.5	79.2	563.0	n/a	n/a	n/a	n/a
64.706	0.062	saccade	n/a	549.5	79.2	n/a	126.1	135.0	16.82	416.0
64.77	0.17	fixation	n/a	103.5	138.9	581.0	n/a	n/a	n/a	n/a
64.942	0.016	saccade	n/a	106.3	140.7	n/a	69.2	142.1	1.43	121.0
64.96	0.328	fixation	n/a	75.2	142.0	581.0	n/a	n/a	n/a	n/a
65.29	0.026	saccade	n/a	80.8	146.9	n/a	170.2	146.2	3.47	200.0
65.318	0.308	fixation	n/a	171.0	159.9	593.0	n/a	n/a	n/a	n/a
65.628	0.026	saccade	n/a	174.5	161.3	n/a	236.6	147.6	2.52	176.0
65.656	0.276	fixation	n/a	232.5	152.7	590.0	n/a	n/a	n/a	n/a
65.934	0.04	saccade	n/a	235.7	146.6	n/a	292.7	102.1	2.91	250.0
65.976	0.058	fixation	n/a	289.5	95.4	576.0	n/a	n/a	n/a	n/a
66.036	0.022	saccade	n/a	288.2	96.7	n/a	317.1	47.3	2.33	196.0
66.06	0.332	fixation	n/a	313.4	61.5	570.0	n/a	n/a	n/a	n/a
66.394	0.022	saccade	n/a	315.3	71.6	n/a	354.0	52.5	1.74	120.0
66.418	0.242	fixation	n/a	344.2	62.9	577.0	n/a	n/a	n/a	n/a
66.662	0.054	saccade	n/a	347.2	61.8	n/a	129.8	52.0	8.6	279.0
66.718	0.166	fixation	n/a	114.8	65.5	569.0	n/a	n/a	n/a	n/a
66.886	0.018	saccade	n/a	120.6	65.2	n/a	79.5	65.5	1.58	122.0
66.906	0.322	fixation	n/a	81.9	64.4	566.0	n/a	n/a	n/a	n/a
67.23	0.106	saccade	n/a	91.1	73.8	n/a	225.9	52.8	5.33	868.0
67.252	0.058	blink	n/a	n/a	n/a	n/a	n/a	n/a	n/a	n/a
67.338	0.406	fixation	n/a	214.4	64.0	557.0	n/a	n/a	n/a	n/a
67.746	0.014	saccade	n/a	219.9	64.4	n/a	254.7	54.4	1.44	134.0
67.762	0.21	fixation	n/a	253.0	63.4	568.0	n/a	n/a	n/a	n/a
67.974	0.056	saccade	n/a	254.7	65.1	n/a	350.0	69.0	3.82	214.0
68.032	0.168	fixation	n/a	344.1	66.5	561.0	n/a	n/a	n/a	n/a
68.202	0.034	saccade	n/a	346.3	69.1	n/a	469.5	66.4	4.95	243.0
68.238	0.186	fixation	n/a	462.8	66.5	551.0	n/a	n/a	n/a	n/a
68.426	0.05	saccade	n/a	462.2	68.1	n/a	552.5	86.0	3.68	243.0
68.478	0.126	fixation	n/a	544.4	77.0	546.0	n/a	n/a	n/a	n/a
68.606	0.042	saccade	n/a	548.1	78.4	n/a	585.2	92.0	1.57	146.0
68.65	0.174	fixation	n/a	580.1	85.9	545.0	n/a	n/a	n/a	n/a
68.826	0.06	saccade	n/a	579.6	86.4	n/a	147.6	143.3	17.16	419.0
68.888	0.176	fixation	n/a	122.1	145.2	584.0	n/a	n/a	n/a	n/a
69.066	0.018	saccade	n/a	125.8	145.5	n/a	82.5	143.6	1.67	129.0
69.086	0.28	fixation	n/a	80.6	144.6	586.0	n/a	n/a	n/a	n/a
69.368	0.056	saccade	n/a	84.5	149.0	n/a	200.9	162.1	4.57	240.0
69.426	0.29	fixation	n/a	201.2	155.7	611.0	n/a	n/a	n/a	n/a
69.718	0.052	saccade	n/a	205.0	157.9	n/a	292.4	173.7	3.53	228.0
69.772	0.352	fixation	n/a	284.0	165.7	604.0	n/a	n/a	n/a	n/a
70.126	0.022	saccade	n/a	289.2	169.0	n/a	337.4	161.4	1.96	154.0
70.15	0.184	fixation	n/a	329.6	168.5	611.0	n/a	n/a	n/a	n/a
70.336	0.046	saccade	n/a	330.5	166.7	n/a	398.4	174.2	2.75	212.0
70.384	0.294	fixation	n/a	394.1	161.6	598.0	n/a	n/a	n/a	n/a
70.68	0.02	saccade	n/a	395.1	163.8	n/a	442.0	153.0	1.94	146.0
70.702	0.152	fixation	n/a	438.2	161.6	580.0	n/a	n/a	n/a	n/a
70.856	0.024	saccade	n/a	440.7	158.6	n/a	509.1	158.9	2.74	190.0
70.882	0.178	fixation	n/a	498.4	166.2	572.0	n/a	n/a	n/a	n/a
71.062	0.058	saccade	n/a	502.1	162.0	n/a	110.7	210.1	15.5	404.0
71.122	0.386	fixation	n/a	93.1	215.6	574.0	n/a	n/a	n/a	n/a
71.51	0.022	saccade	n/a	95.0	219.5	n/a	152.7	212.2	2.26	163.0
71.534	0.332	fixation	n/a	155.0	222.6	573.0	n/a	n/a	n/a	n/a
71.868	0.052	saccade	n/a	160.2	223.2	n/a	230.8	222.6	2.78	178.0
71.922	0.238	fixation	n/a	228.0	228.0	578.0	n/a	n/a	n/a	n/a
72.162	0.022	saccade	n/a	229.3	230.0	n/a	295.8	231.5	2.64	192.0
72.186	0.276	fixation	n/a	296.0	238.0	566.0	n/a	n/a	n/a	n/a
72.464	0.028	saccade	n/a	297.7	239.5	n/a	375.4	235.0	3.11	165.0
72.494	0.24	fixation	n/a	370.5	238.0	553.0	n/a	n/a	n/a	n/a
72.736	0.03	saccade	n/a	372.8	241.0	n/a	469.9	229.7	3.92	196.0
72.768	0.19	fixation	n/a	459.6	234.4	539.0	n/a	n/a	n/a	n/a
72.96	0.118	saccade	n/a	461.2	239.0	n/a	455.7	236.4	0.24	601.0
72.988	0.05	blink	n/a	n/a	n/a	n/a	n/a	n/a	n/a	n/a
73.08	0.314	fixation	n/a	439.9	250.9	553.0	n/a	n/a	n/a	n/a
73.396	0.03	saccade	n/a	436.1	248.8	n/a	324.6	256.9	4.47	249.0
73.428	0.266	fixation	n/a	319.1	246.8	577.0	n/a	n/a	n/a	n/a
73.696	0.016	saccade	n/a	322.5	244.8	n/a	289.1	247.9	1.34	117.0
73.714	0.27	fixation	n/a	290.0	247.5	581.0	n/a	n/a	n/a	n/a
73.986	0.062	saccade	n/a	294.9	249.5	n/a	436.2	239.4	5.67	254.0
74.05	0.182	fixation	n/a	430.0	247.0	592.0	n/a	n/a	n/a	n/a
74.234	0.024	saccade	n/a	431.8	246.6	n/a	494.7	238.3	2.54	192.0
74.26	0.336	fixation	n/a	481.9	245.2	598.0	n/a	n/a	n/a	n/a
74.598	0.022	saccade	n/a	481.2	250.9	n/a	540.7	244.2	2.39	180.0
74.622	0.206	fixation	n/a	529.7	246.2	599.0	n/a	n/a	n/a	n/a
74.83	0.062	saccade	n/a	528.0	246.3	n/a	101.1	291.1	16.77	388.0
74.894	0.314	fixation	n/a	80.0	292.8	608.0	n/a	n/a	n/a	n/a
75.21	0.022	saccade	n/a	82.7	292.9	n/a	143.0	288.7	2.33	174.0
75.234	0.246	fixation	n/a	142.3	295.5	612.0	n/a	n/a	n/a	n/a
75.482	0.02	saccade	n/a	143.8	298.2	n/a	202.9	291.4	2.32	178.0
75.504	0.352	fixation	n/a	201.3	296.9	615.0	n/a	n/a	n/a	n/a
75.858	0.022	saccade	n/a	204.1	295.5	n/a	263.6	295.8	2.34	172.0
75.882	0.142	fixation	n/a	261.5	301.7	611.0	n/a	n/a	n/a	n/a
76.026	0.026	saccade	n/a	261.2	300.7	n/a	341.3	298.8	3.18	194.0
76.054	0.332	fixation	n/a	338.8	306.9	601.0	n/a	n/a	n/a	n/a
76.388	0.026	saccade	n/a	341.6	308.0	n/a	260.3	304.1	3.23	195.0
76.416	0.326	fixation	n/a	254.4	300.4	594.0	n/a	n/a	n/a	n/a
76.682	0.0	trigger_11	11	n/a	n/a	n/a	n/a	n/a	n/a	n/a
76.696	0.0	trigger_10	10	n/a	n/a	n/a	n/a	n/a	n/a	n/a
76.744	0.024	saccade	n/a	256.9	303.3	n/a	188.3	295.7	2.71	176.0
76.77	0.262	fixation	n/a	188.0	300.7	591.0	n/a	n/a	n/a	n/a
77.034	0.016	saccade	n/a	189.6	299.0	n/a	160.7	295.4	1.14	109.0
77.052	0.206	fixation	n/a	163.8	299.0	589.0	n/a	n/a	n/a	n/a
77.26	0.106	saccade	n/a	170.2	303.9	n/a	307.7	310.9	5.41	559.0
77.286	0.054	blink	n/a	n/a	n/a	n/a	n/a	n/a	n/a	n/a
77.368	0.346	fixation	n/a	296.2	315.2	588.0	n/a	n/a	n/a	n/a
77.716	0.022	saccade	n/a	295.4	308.2	n/a	354.0	304.6	2.33	172.0
77.74	0.182	fixation	n/a	355.2	308.1	592.0	n/a	n/a	n/a	n/a
77.924	0.046	saccade	n/a	357.3	306.2	n/a	469.3	262.7	4.8	276.0
77.972	0.318	fixation	n/a	466.0	252.8	578.0	n/a	n/a	n/a	n/a
78.292	0.006	saccade	n/a	470.2	256.7	n/a	479.7	254.3	0.39	52.0
78.3	0.29	fixation	n/a	478.2	254.6	585.0	n/a	n/a	n/a	n/a
78.592	0.024	saccade	n/a	482.1	253.6	n/a	500.9	195.6	2.47	159.0
78.618	0.102	fixation	n/a	495.5	202.0	566.0	n/a	n/a	n/a	n/a
78.722	0.022	saccade	n/a	497.5	204.1	n/a	460.8	157.4	2.4	198.0
78.746	0.2	fixation	n/a	464.4	162.6	564.0	n/a	n/a	n/a	n/a
78.948	0.07	saccade	n/a	470.7	156.9	n/a	126.1	70.3	14.06	408.0
79.02	0.21	fixation	n/a	112.8	69.1	554.0	n/a	n/a	n/a	n/a
79.232	0.022	saccade	n/a	119.0	69.5	n/a	72.9	60.5	1.81	139.0
79.256	0.284	fixation	n/a	76.4	66.5	575.0	n/a	n/a	n/a	n/a
79.542	0.072	saccade	n/a	78.7	69.1	n/a	211.4	60.7	5.17	282.0
79.616	0.176	fixation	n/a	220.0	66.2	605.0	n/a	n/a	n/a	n/a
79.794	0.018	saccade	n/a	223.4	72.4	n/a	187.5	69.8	1.42	132.0
79.814	0.258	fixation	n/a	190.3	78.8	620.0	n/a	n/a	n/a	n/a
80.074	0.062	saccade	n/a	195.1	84.0	n/a	331.6	78.7	5.44	273.0
80.138	0.22	fixation	n/a	329.3	72.1	600.0	n/a	n/a	n/a	n/a
80.36	0.016	saccade	n/a	334.7	71.8	n/a	300.9	76.0	1.37	118.0
80.378	0.66	fixation	n/a	303.5	80.5	596.0	n/a	n/a	n/a	n/a
81.04	0.112	saccade	n/a	310.4	84.8	n/a	445.1	69.7	5.44	830.0
81.07	0.054	blink	n/a	n/a	n/a	n/a	n/a	n/a	n/a	n/a
81.154	0.4	fixation	n/a	419.4	78.1	567.0	n/a	n/a	n/a	n/a
81.556	0.016	saccade	n/a	421.7	75.3	n/a	456.8	71.6	1.42	130.0
81.574	0.242	fixation	n/a	448.9	81.1	577.0	n/a	n/a	n/a	n/a
81.818	0.04	saccade	n/a	451.4	78.5	n/a	486.1	88.8	1.46	139.0
81.86	0.224	fixation	n/a	482.0	83.3	565.0	n/a	n/a	n/a	n/a
82.086	0.068	saccade	n/a	483.5	80.7	n/a	94.9	141.0	15.46	396.0
82.156	0.272	fixation	n/a	73.4	148.6	571.0	n/a	n/a	n/a	n/a
82.43	0.06	saccade	n/a	75.9	146.4	n/a	197.3	152.3	4.73	237.0
82.492	0.334	fixation	n/a	197.4	154.9	581.0	n/a	n/a	n/a	n/a
82.828	0.056	saccade	n/a	200.2	152.4	n/a	295.6	166.9	3.84	224.0
82.886	0.27	fixation	n/a	291.1	166.5	591.0	n/a	n/a	n/a	n/a
83.158	0.02	saccade	n/a	295.5	168.1	n/a	254.3	157.1	1.7	124.0
83.18	0.14	fixation	n/a	253.4	165.2	588.0	n/a	n/a	n/a	n/a
83.322	0.06	saccade	n/a	257.3	158.3	n/a	384.8	153.3	5.11	238.0
83.384	0.212	fixation	n/a	380.3	156.8	569.0	n/a	n/a	n/a	n/a
83.598	0.048	saccade	n/a	384.4	166.7	n/a	484.4	169.3	4.03	226.0
83.648	0.306	fixation	n/a	479.1	158.1	554.0	n/a	n/a	n/a	n/a
83.956	0.044	saccade	n/a	478.2	161.9	n/a	541.3	177.4	2.6	197.0
84.002	0.212	fixation	n/a	535.9	172.1	552.0	n/a	n/a	n/a	n/a
84.216	0.05	saccade	n/a	534.8	174.0	n/a	646.2	149.9	4.5	263.0
84.268	0.21	fixation	n/a	638.4	147.2	527.0	n/a	n/a	n/a	n/a
84.48	0.01	saccade	n/a	638.9	148.2	n/a	619.3	150.9	0.78	82.0
84.492	0.094	fixation	n/a	619.8	150.1	526.0	n/a	n/a	n/a	n/a
84.588	0.082	saccade	n/a	619.1	143.8	n/a	134.4	196.4	19.09	424.0
84.672	0.154	fixation	n/a	119.0	199.1	553.0	n/a	n/a	n/a	n/a
84.828	0.02	saccade	n/a	123.5	201.0	n/a	78.1	209.3	1.78	144.0
84.85	0.224	fixation	n/a	79.1	213.5	548.0	n/a	n/a	n/a	n/a
85.076	0.034	saccade	n/a	82.6	218.0	n/a	201.6	223.3	4.63	229.0
85.112	0.098	fixation	n/a	202.9	225.5	558.0	n/a	n/a	n/a	n/a
85.212	0.048	saccade	n/a	205.0	229.0	n/a	338.7	254.6	5.41	266.0
85.262	0.242	fixation	n/a	336.1	241.7	558.0	n/a	n/a	n/a	n/a
85.506	0.026	saccade	n/a	340.4	243.6	n/a	417.4	230.1	3.13	197.0
85.534	0.184	fixation	n/a	413.6	237.4	544.0	n/a	n/a	n/a	n/a
85.72	0.104	saccade	n/a	419.0	239.7	n/a	536.7	228.0	4.73	766.0
85.746	0.052	blink	n/a	n/a	n/a	n/a	n/a	n/a	n/a	n/a
85.826	0.302	fixation	n/a	515.1	238.9	533.0	n/a	n/a	n/a	n/a
86.13	0.058	saccade	n/a	511.6	242.5	n/a	124.8	288.0	15.28	382.0
86.19	0.282	fixation	n/a	105.6	288.4	552.0	n/a	n/a	n/a	n/a
86.42	0.0	trigger_11	11	n/a	n/a	n/a	n/a	n/a	n/a	n/a
86.43	0.0	trigger_10	10	n/a	n/a	n/a	n/a	n/a	n/a	n/a
86.474	0.022	saccade	n/a	109.3	286.5	n/a	185.2	297.2	2.97	218.0
86.498	0.254	fixation	n/a	180.9	297.7	550.0	n/a	n/a	n/a	n/a
86.754	0.028	saccade	n/a	183.7	298.4	n/a	281.4	300.7	3.85	242.0
86.784	0.192	fixation	n/a	279.9	302.8	552.0	n/a	n/a	n/a	n/a
86.978	0.034	saccade	n/a	283.8	306.9	n/a	435.5	309.1	6.03	268.0
87.014	0.242	fixation	n/a	431.6	305.8	551.0	n/a	n/a	n/a	n/a
87.258	0.028	saccade	n/a	435.6	304.8	n/a	530.2	302.8	3.75	229.0
87.288	0.186	fixation	n/a	516.9	307.8	553.0	n/a	n/a	n/a	n/a
87.476	0.068	saccade	n/a	514.7	308.1	n/a	121.6	367.4	15.47	411.0
87.546	0.326	fixation	n/a	101.5	368.2	569.0	n/a	n/a	n/a	n/a
87.874	0.02	saccade	n/a	105.6	367.2	n/a	107.5	422.1	2.11	167.0
87.896	0.266	fixation	n/a	93.3	419.0	581.0	n/a	n/a	n/a	n/a
88.164	0.026	saccade	n/a	94.1	419.1	n/a	173.1	420.5	3.01	184.0
88.192	0.416	fixation	n/a	177.1	422.2	583.0	n/a	n/a	n/a	n/a
88.61	0.062	saccade	n/a	186.0	418.4	n/a	168.3	128.0	11.48	367.0
88.674	0.052	fixation	n/a	163.1	125.5	563.0	n/a	n/a	n/a	n/a
88.728	0.026	saccade	n/a	165.6	123.9	n/a	113.9	59.4	3.28	280.0
88.756	0.206	fixation	n/a	116.0	61.6	565.0	n/a	n/a	n/a	n/a
88.964	0.022	saccade	n/a	122.6	58.9	n/a	74.5	65.9	1.87	146.0
88.988	0.418	fixation	n/a	77.0	68.6	590.0	n/a	n/a	n/a	n/a
89.408	0.052	saccade	n/a	76.6	75.9	n/a	163.6	83.0	3.38	233.0
89.462	0.352	fixation	n/a	153.5	69.4	617.0	n/a	n/a	n/a	n/a
89.816	0.088	saccade	n/a	157.8	75.7	n/a	266.4	89.6	4.34	777.0
89.844	0.03	blink	n/a	n/a	n/a	n/a	n/a	n/a	n/a	n/a
89.906	0.378	fixation	n/a	256.8	81.9	598.0	n/a	n/a	n/a	n/a
90.286	0.06	saccade	n/a	261.3	76.4	n/a	323.9	70.4	2.52	202.0
90.348	0.286	fixation	n/a	325.2	70.8	581.0	n/a	n/a	n/a	n/a
90.636	0.068	saccade	n/a	330.0	65.7	n/a	387.4	47.8	2.42	195.0
90.706	0.28	fixation	n/a	387.6	60.5	571.0	n/a	n/a	n/a	n/a
90.988	0.058	saccade	n/a	388.1	60.3	n/a	444.9	57.5	2.29	162.0
91.048	0.296	fixation	n/a	441.0	65.6	570.0	n/a	n/a	n/a	n/a
91.346	0.028	saccade	n/a	444.2	64.5	n/a	366.2	68.3	3.14	212.0
91.376	0.28	fixation	n/a	365.6	66.0	578.0	n/a	n/a	n/a	n/a
91.658	0.068	saccade	n/a	367.7	69.2	n/a	457.6	58.8	3.64	231.0
91.728	0.232	fixation	n/a	459.8	71.3	580.0	n/a	n/a	n/a	n/a
91.962	0.052	saccade	n/a	464.3	72.3	n/a	543.2	89.4	3.23	216.0
92.016	0.304	fixation	n/a	531.0	85.5	585.0	n/a	n/a	n/a	n/a
92.322	0.014	saccade	n/a	535.2	86.9	n/a	555.3	83.8	0.81	80.0
92.338	0.152	fixation	n/a	546.5	86.7	579.0	n/a	n/a	n/a	n/a
92.492	0.076	saccade	n/a	547.6	82.3	n/a	118.4	144.4	17.05	424.0
92.57	0.152	fixation	n/a	104.2	148.0	595.0	n/a	n/a	n/a	n/a
92.724	0.02	saccade	n/a	110.0	148.9	n/a	69.2	145.4	1.57	130.0
92.746	0.246	fixation	n/a	72.7	146.5	591.0	n/a	n/a	n/a	n/a
92.988	0.0	trigger_11	11	n/a	n/a	n/a	n/a	n/a	n/a	n/a
92.994	0.052	saccade	n/a	77.2	153.3	n/a	193.5	170.5	4.57	238.0
92.998	0.0	trigger_12	12	n/a	n/a	n/a	n/a	n/a	n/a	n/a
93.048	0.258	fixation	n/a	189.9	157.3	608.0	n/a	n/a	n/a	n/a
93.308	0.014	saccade	n/a	193.6	153.0	n/a	171.4	158.9	0.91	90.0
93.324	0.378	fixation	n/a	176.7	165.5	638.0	n/a	n/a	n/a	n/a
93.704	0.074	saccade	n/a	189.8	178.9	n/a	246.7	161.2	2.36	1021.0
93.726	0.018	blink	n/a	n/a	n/a	n/a	n/a	n/a	n/a	n/a
93.78	0.202	fixation	n/a	240.7	159.5	645.0	n/a	n/a	n/a	n/a
93.984	0.052	saccade	n/a	242.3	158.9	n/a	360.2	102.5	5.25	298.0
94.038	0.222	fixation	n/a	354.1	87.7	628.0	n/a	n/a	n/a	n/a
94.262	0.022	saccade	n/a	356.9	100.5	n/a	403.7	77.0	2.12	169.0
94.286	0.318	fixation	n/a	395.4	90.0	632.0	n/a	n/a	n/a	n/a
94.606	0.022	saccade	n/a	397.8	86.4	n/a	461.1	83.0	2.55	190.0
94.63	0.362	fixation	n/a	456.6	87.8	618.0	n/a	n/a	n/a	n/a
94.994	0.072	saccade	n/a	460.1	81.8	n/a	190.2	158.3	11.17	386.0
95.068	0.172	fixation	n/a	195.8	150.4	628.0	n/a	n/a	n/a	n/a
95.242	0.07	saccade	n/a	201.0	157.9	n/a	89.5	84.4	5.26	322.0
95.314	0.216	fixation	n/a	90.9	68.2	614.0	n/a	n/a	n/a	n/a
95.532	0.02	saccade	n/a	97.9	67.1	n/a	75.8	62.3	0.87	112.0
95.554	0.204	fixation	n/a	73.6	63.8	621.0	n/a	n/a	n/a	n/a
95.76	0.026	saccade	n/a	74.7	61.7	n/a	161.1	51.3	3.37	214.0
95.788	0.22	fixation	n/a	174.3	60.0	615.0	n/a	n/a	n/a	n/a
96.01	0.048	saccade	n/a	176.1	56.0	n/a	257.9	74.4	3.32	211.0
96.06	0.254	fixation	n/a	254.3	63.1	603.0	n/a	n/a	n/a	n/a
96.316	0.02	saccade	n/a	259.1	64.6	n/a	213.9	63.4	1.8	148.0
96.338	0.278	fixation	n/a	216.6	61.0	607.0	n/a	n/a	n/a	n/a
96.412	0.0	trigger_13	13	n/a	n/a	n/a	n/a	n/a	n/a	n/a
96.426	0.0	trigger_10	10	n/a	n/a	n/a	n/a	n/a	n/a	n/a
96.618	0.102	saccade	n/a	224.0	70.3	n/a	280.5	83.6	2.32	985.0
96.646	0.038	blink	n/a	n/a	n/a	n/a	n/a	n/a	n/a	n/a
96.722	0.148	fixation	n/a	272.7	77.3	598.0	n/a	n/a	n/a	n/a
96.872	0.09	saccade	n/a	269.1	69.8	n/a	353.6	84.2	3.44	232.0
96.964	0.254	fixation	n/a	354.5	69.1	592.0	n/a	n/a	n/a	n/a
97.22	0.068	saccade	n/a	352.8	72.5	n/a	411.4	53.7	2.48	189.0
97.29	0.19	fixation	n/a	409.4	71.3	588.0	n/a	n/a	n/a	n/a
97.482	0.052	saccade	n/a	412.3	73.6	n/a	481.0	88.4	2.83	184.0
97.536	0.07	fixation	n/a	474.5	75.8	575.0	n/a	n/a	n/a	n/a
97.608	0.046	saccade	n/a	472.8	73.9	n/a	534.1	89.5	2.54	202.0
97.656	0.386	fixation	n/a	530.5	82.3	565.0	n/a	n/a	n/a	n/a
98.044	0.06	saccade	n/a	535.6	85.0	n/a	106.2	132.0	16.98	406.0
98.106	0.34	fixation	n/a	77.3	137.1	602.0	n/a	n/a	n/a	n/a
98.448	0.028	saccade	n/a	80.8	141.3	n/a	61.5	67.6	3.02	213.0
98.478	0.21	fixation	n/a	61.8	72.0	601.0	n/a	n/a	n/a	n/a
98.69	0.018	saccade	n/a	66.7	71.1	n/a	106.5	53.1	1.69	146.0
98.71	0.356	fixation	n/a	104.0	61.7	607.0	n/a	n/a	n/a	n/a
99.068	0.046	saccade	n/a	107.6	61.1	n/a	175.4	77.9	2.73	204.0
99.116	0.228	fixation	n/a	170.4	63.9	608.0	n/a	n/a	n/a	n/a
99.346	0.014	saccade	n/a	174.7	60.2	n/a	147.2	60.7	1.08	98.0
99.362	0.312	fixation	n/a	151.3	58.4	584.0	n/a	n/a	n/a	n/a
99.676	0.056	saccade	n/a	156.2	59.0	n/a	237.5	54.5	3.21	175.0
99.734	0.292	fixation	n/a	235.1	57.1	566.0	n/a	n/a	n/a	n/a
100.028	0.064	saccade	n/a	237.0	58.3	n/a	180.7	67.6	2.26	280.0
100.094	0.28	fixation	n/a	175.6	59.5	567.0	n/a	n/a	n/a	n/a
100.376	0.052	saccade	n/a	176.3	58.5	n/a	307.3	86.6	5.33	256.0
100.43	0.194	fixation	n/a	302.1	73.4	575.0	n/a	n/a	n/a	n/a
100.626	0.052	saccade	n/a	306.3	70.7	n/a	386.4	69.7	3.22	226.0
100.68	0.18	fixation	n/a	379.3	59.8	558.0	n/a	n/a	n/a	n/a
100.862	0.018	saccade	n/a	383.0	50.7	n/a	356.8	52.2	1.06	108.0
100.882	0.156	fixation	n/a	358.5	54.7	543.0	n/a	n/a	n/a	n/a
101.04	0.06	saccade	n/a	359.6	63.1	n/a	443.1	45.9	3.43	210.0
101.102	0.374	fixation	n/a	438.9	55.9	516.0	n/a	n/a	n/a	n/a
101.478	0.016	saccade	n/a	439.5	55.0	n/a	467.4	55.1	1.12	109.0
101.496	0.21	fixation	n/a	460.7	63.8	510.0	n/a	n/a	n/a	n/a
101.708	0.026	saccade	n/a	463.9	64.1	n/a	540.8	60.2	3.08	206.0
101.736	0.442	fixation	n/a	534.3	70.0	511.0	n/a	n/a	n/a	n/a
102.18	0.076	saccade	n/a	536.8	70.7	n/a	120.2	116.8	16.47	435.0
102.258	0.156	fixation	n/a	111.6	124.1	553.0	n/a	n/a	n/a	n/a
102.416	0.018	saccade	n/a	117.9	122.6	n/a	82.7	146.3	1.65	139.0
102.436	0.344	fixation	n/a	81.6	143.1	577.0	n/a	n/a	n/a	n/a
102.782	0.028	saccade	n/a	85.2	150.3	n/a	176.7	151.7	3.56	203.0
102.812	0.306	fixation	n/a	175.6	165.3	638.0	n/a	n/a	n/a	n/a
103.12	0.022	saccade	n/a	176.6	164.4	n/a	228.9	148.6	2.16	178.0
103.144	0.246	fixation	n/a	222.7	158.2	629.0	n/a	n/a	n/a	n/a
103.392	0.022	saccade	n/a	223.4	156.8	n/a	283.1	148.6	2.4	198.0
103.416	0.302	fixation	n/a	277.4	158.1	605.0	n/a	n/a	n/a	n/a
103.72	0.058	saccade	n/a	281.9	152.9	n/a	365.5	155.4	3.36	196.0
103.78	0.212	fixation	n/a	358.9	159.0	592.0	n/a	n/a	n/a	n/a
103.994	0.048	saccade	n/a	366.1	155.7	n/a	443.6	180.1	3.27	228.0
104.044	0.366	fixation	n/a	440.4	167.5	586.0	n/a	n/a	n/a	n/a
104.412	0.022	saccade	n/a	443.3	170.2	n/a	499.6	157.4	2.32	168.0
104.436	0.222	fixation	n/a	489.3	168.4	581.0	n/a	n/a	n/a	n/a
104.444	0.0	trigger_11	11	n/a	n/a	n/a	n/a	n/a	n/a	n/a
104.456	0.0	trigger_10	10	n/a	n/a	n/a	n/a	n/a	n/a	n/a
104.66	0.068	saccade	n/a	490.2	170.5	n/a	119.8	223.0	14.73	406.0
104.73	0.29	fixation	n/a	101.9	226.0	592.0	n/a	n/a	n/a	n/a
105.022	0.018	saccade	n/a	101.5	221.9	n/a	80.7	223.2	0.8	87.0
105.042	0.25	fixation	n/a	82.5	231.6	603.0	n/a	n/a	n/a	n/a
105.294	0.026	saccade	n/a	85.6	235.0	n/a	190.1	234.5	4.05	244.0
105.322	0.256	fixation	n/a	192.6	237.5	608.0	n/a	n/a	n/a	n/a
105.58	0.022	saccade	n/a	195.4	231.2	n/a	260.7	229.9	2.59	193.0
105.604	0.218	fixation	n/a	257.4	242.8	606.0	n/a	n/a	n/a	n/a
105.824	0.032	saccade	n/a	260.0	243.5	n/a	380.6	242.9	4.81	244.0
105.858	0.284	fixation	n/a	378.4	248.8	603.0	n/a	n/a	n/a	n/a
106.144	0.022	saccade	n/a	382.1	251.1	n/a	443.3	233.8	2.56	180.0
106.168	0.23	fixation	n/a	433.3	244.5	594.0	n/a	n/a	n/a	n/a
106.4	0.096	saccade	n/a	443.6	253.8	n/a	300.7	86.0	8.91	792.0
106.436	0.032	blink	n/a	n/a	n/a	n/a	n/a	n/a	n/a	n/a
106.498	0.224	fixation	n/a	297.2	89.4	545.0	n/a	n/a	n/a	n/a
106.724	0.038	saccade	n/a	299.0	84.9	n/a	117.2	53.3	7.28	292.0
106.764	0.268	fixation	n/a	104.9	57.0	555.0	n/a	n/a	n/a	n/a
107.034	0.018	saccade	n/a	108.0	54.8	n/a	87.8	61.9	0.83	101.0
107.054	0.306	fixation	n/a	89.8	62.6	579.0	n/a	n/a	n/a	n/a
107.362	0.046	saccade	n/a	93.9	64.1	n/a	174.5	69.8	3.14	224.0
107.41	0.398	fixation	n/a	170.8	58.8	581.0	n/a	n/a	n/a	n/a
107.81	0.05	saccade	n/a	175.4	58.8	n/a	225.0	66.3	1.98	153.0
107.862	0.406	fixation	n/a	221.0	65.3	590.0	n/a	n/a	n/a	n/a
108.27	0.022	saccade	n/a	220.7	70.9	n/a	278.8	52.6	2.43	178.0
108.294	0.254	fixation	n/a	269.6	70.9	603.0	n/a	n/a	n/a	n/a
108.55	0.032	saccade	n/a	271.7	68.7	n/a	180.5	80.3	3.65	208.0
108.584	0.026	fixation	n/a	179.7	68.5	597.0	n/a	n/a	n/a	n/a
108.612	0.012	saccade	n/a	169.0	78.4	n/a	174.8	71.4	0.36	81.0
108.626	0.26	fixation	n/a	172.4	71.5	599.0	n/a	n/a	n/a	n/a
108.888	0.02	saccade	n/a	175.1	80.3	n/a	216.7	67.9	1.72	135.0
108.91	0.13	fixation	n/a	214.5	78.6	610.0	n/a	n/a	n/a	n/a
109.042	0.046	saccade	n/a	218.6	81.7	n/a	299.9	91.5	3.27	272.0
109.09	0.26	fixation	n/a	300.7	74.5	607.0	n/a	n/a	n/a	n/a
109.352	0.022	saccade	n/a	305.5	68.2	n/a	360.1	61.8	2.21	174.0
109.376	0.22	fixation	n/a	354.1	71.7	594.0	n/a	n/a	n/a	n/a
109.598	0.056	saccade	n/a	356.9	69.5	n/a	455.0	76.5	3.96	243.0
109.656	0.174	fixation	n/a	447.2	68.2	577.0	n/a	n/a	n/a	n/a
109.832	0.018	saccade	n/a	449.0	66.6	n/a	421.1	64.6	1.13	110.0
109.852	0.33	fixation	n/a	423.8	67.4	566.0	n/a	n/a	n/a	n/a
110.184	0.044	saccade	n/a	428.9	66.1	n/a	501.6	73.8	2.94	182.0
110.23	0.38	fixation	n/a	495.7	66.8	543.0	n/a	n/a	n/a	n/a
110.612	0.058	saccade	n/a	498.4	73.5	n/a	106.4	131.9	15.61	414.0
110.672	0.024	fixation	n/a	97.2	137.6	579.0	n/a	n/a	n/a	n/a
110.698	0.004	saccade	n/a	84.3	152.2	n/a	83.8	152.9	0.03	30.0
110.704	0.288	fixation	n/a	87.3	137.0	571.0	n/a	n/a	n/a	n/a
110.994	0.02	saccade	n/a	91.3	134.5	n/a	137.9	129.6	1.81	146.0
111.016	0.132	fixation	n/a	137.1	140.7	568.0	n/a	n/a	n/a	n/a
111.15	0.026	saccade	n/a	140.5	142.5	n/a	218.5	149.2	3.08	223.0
111.178	0.324	fixation	n/a	218.7	157.8	575.0	n/a	n/a	n/a	n/a
111.504	0.012	saccade	n/a	222.1	160.1	n/a	201.3	155.9	0.84	78.0
111.518	0.3	fixation	n/a	204.2	155.3	573.0	n/a	n/a	n/a	n/a
111.82	0.06	saccade	n/a	205.9	155.9	n/a	327.5	135.6	4.91	319.0
111.882	0.386	fixation	n/a	323.5	152.1	566.0	n/a	n/a	n/a	n/a
112.27	0.042	saccade	n/a	326.9	163.1	n/a	199.9	161.8	5.06	303.0
112.314	0.028	fixation	n/a	194.9	168.0	559.0	n/a	n/a	n/a	n/a
112.344	0.01	saccade	n/a	196.3	168.8	n/a	193.2	150.9	0.73	79.0
112.356	0.198	fixation	n/a	188.0	157.8	562.0	n/a	n/a	n/a	n/a
112.556	0.02	saccade	n/a	185.8	159.9	n/a	136.8	147.4	1.98	168.0
112.578	0.188	fixation	n/a	139.5	151.4	565.0	n/a	n/a	n/a	n/a
112.768	0.118	saccade	n/a	144.7	161.3	n/a	173.1	162.6	1.11	821.0
112.794	0.058	blink	n/a	n/a	n/a	n/a	n/a	n/a	n/a	n/a
112.888	0.066	fixation	n/a	168.7	168.9	569.0	n/a	n/a	n/a	n/a
112.956	0.028	saccade	n/a	167.0	168.5	n/a	265.5	171.1	3.89	246.0
112.986	0.158	fixation	n/a	263.0	173.8	576.0	n/a	n/a	n/a	n/a
113.146	0.052	saccade	n/a	263.3	176.1	n/a	378.8	183.1	4.63	249.0
113.2	0.242	fixation	n/a	370.5	174.1	604.0	n/a	n/a	n/a	n/a
113.444	0.018	saccade	n/a	372.6	177.8	n/a	329.3	179.3	1.74	154.0
113.464	0.374	fixation	n/a	331.8	173.2	620.0	n/a	n/a	n/a	n/a
113.84	0.036	saccade	n/a	338.7	168.3	n/a	395.1	167.5	2.27	192.0
113.878	0.402	fixation	n/a	404.0	158.6	599.0	n/a	n/a	n/a	n/a
114.282	0.014	saccade	n/a	402.1	166.1	n/a	391.9	171.9	0.47	67.0
114.298	0.27	fixation	n/a	393.0	169.4	603.0	n/a	n/a	n/a	n/a
114.57	0.048	saccade	n/a	395.5	172.1	n/a	465.7	182.2	2.85	214.0
114.62	0.18	fixation	n/a	459.7	173.6	604.0	n/a	n/a	n/a	n/a
114.802	0.042	saccade	n/a	462.4	174.6	n/a	507.2	185.3	1.85	183.0
114.846	0.192	fixation	n/a	505.6	175.6	603.0	n/a	n/a	n/a	n/a
115.04	0.024	saccade	n/a	506.8	177.3	n/a	559.5	164.7	2.16	167.0
115.066	0.168	fixation	n/a	546.6	174.5	605.0	n/a	n/a	n/a	n/a
115.236	0.072	saccade	n/a	546.9	177.2	n/a	153.9	226.3	15.63	415.0
115.31	0.166	fixation	n/a	137.2	227.1	638.0	n/a	n/a	n/a	n/a
115.478	0.034	saccade	n/a	137.7	223.8	n/a	90.3	228.8	1.84	163.0
115.514	0.428	fixation	n/a	78.5	227.9	660.0	n/a	n/a	n/a	n/a
115.944	0.042	saccade	n/a	79.7	230.1	n/a	193.4	234.2	4.41	244.0
115.988	0.472	fixation	n/a	205.4	234.6	674.0	n/a	n/a	n/a	n/a
116.462	0.072	saccade	n/a	216.6	235.0	n/a	254.1	244.0	1.53	729.0
116.536	0.504	fixation	n/a	243.1	238.2	636.0	n/a	n/a	n/a	n/a
117.042	0.02	saccade	n/a	244.2	240.1	n/a	202.6	232.5	1.67	130.0
117.064	0.292	fixation	n/a	203.5	237.1	633.0	n/a	n/a	n/a	n/a
117.358	0.03	saccade	n/a	205.3	230.6	n/a	278.7	186.9	3.41	238.0
117.39	0.172	fixation	n/a	274.7	199.6	627.0	n/a	n/a	n/a	n/a
117.564	0.014	saccade	n/a	276.4	201.7	n/a	298.1	186.8	1.06	93.0
117.58	0.47	fixation	n/a	293.9	193.1	637.0	n/a	n/a	n/a	n/a
118.052	0.018	saccade	n/a	296.2	195.2	n/a	329.7	171.9	1.64	135.0
118.072	0.474	fixation	n/a	322.6	184.3	636.0	n/a	n/a	n/a	n/a
118.548	0.026	saccade	n/a	323.6	183.9	n/a	391.7	165.5	2.84	180.0
118.576	0.286	fixation	n/a	388.1	177.5	623.0	n/a	n/a	n/a	n/a
118.864	0.006	saccade	n/a	391.0	178.8	n/a	395.7	173.1	0.3	50.0
118.872	0.32	fixation	n/a	395.4	176.2	622.0	n/a	n/a	n/a	n/a
119.194	0.176	saccade	n/a	401.3	181.2	n/a	431.5	187.0	1.24	641.0
119.218	0.096	blink	n/a	n/a	n/a	n/a	n/a	n/a	n/a	n/a
119.372	0.426	fixation	n/a	420.3	180.4	600.0	n/a	n/a	n/a	n/a
119.8	0.038	saccade	n/a	419.6	173.5	n/a	370.5	181.4	2.0	180.0
119.84	0.184	fixation	n/a	360.1	189.1	628.0	n/a	n/a	n/a	n/a
120.026	0.014	saccade	n/a	363.2	186.0	n/a	390.6	176.2	1.17	121.0
120.042	0.316	fixation	n/a	387.3	182.0	616.0	n/a	n/a	n/a	n/a
120.36	0.034	saccade	n/a	391.6	181.7	n/a	266.9	184.0	4.99	219.0
120.396	0.53	fixation	n/a	263.5	177.6	612.0	n/a	n/a	n/a	n/a
120.928	0.02	saccade	n/a	267.1	173.5	n/a	330.7	170.5	2.55	194.0
120.95	0.31	fixation	n/a	332.1	179.2	612.0	n/a	n/a	n/a	n/a
121.262	0.024	saccade	n/a	336.9	175.9	n/a	402.5	167.4	2.66	193.0
121.288	0.554	fixation	n/a	396.2	176.1	620.0	n/a	n/a	n/a	n/a
121.844	0.022	saccade	n/a	395.2	175.1	n/a	448.9	174.5	2.16	167.0
121.868	0.17	fixation	n/a	442.3	179.1	615.0	n/a	n/a	n/a	n/a
122.04	0.024	saccade	n/a	445.8	177.2	n/a	506.8	161.9	2.52	176.0
122.066	0.312	fixation	n/a	500.5	171.6	595.0	n/a	n/a	n/a	n/a
122.38	0.024	saccade	n/a	502.8	173.2	n/a	561.1	166.5	2.34	156.0
122.406	0.238	fixation	n/a	551.3	173.1	593.0	n/a	n/a	n/a	n/a
122.646	0.024	saccade	n/a	551.1	177.4	n/a	489.5	180.2	2.47	173.0
122.672	0.352	fixation	n/a	493.6	176.3	606.0	n/a	n/a	n/a	n/a
122.862	0.0	trigger_11	11	n/a	n/a	n/a	n/a	n/a	n/a	n/a
122.872	0.0	trigger_10	10	n/a	n/a	n/a	n/a	n/a	n/a	n/a
123.026	0.07	saccade	n/a	496.4	175.4	n/a	173.7	219.2	12.9	346.0
123.098	0.452	fixation	n/a	170.1	223.2	628.0	n/a	n/a	n/a	n/a
123.552	0.016	saccade	n/a	172.5	228.3	n/a	208.0	231.2	1.4	123.0
123.57	0.44	fixation	n/a	207.5	231.5	623.0	n/a	n/a	n/a	n/a
124.012	0.118	saccade	n/a	214.8	229.3	n/a	238.3	228.2	0.93	730.0
124.036	0.054	blink	n/a	n/a	n/a	n/a	n/a	n/a	n/a	n/a
124.132	0.568	fixation	n/a	235.7	229.0	611.0	n/a	n/a	n/a	n/a
124.702	0.034	saccade	n/a	238.1	229.7	n/a	364.2	186.8	5.33	249.0
124.738	0.32	fixation	n/a	362.9	185.4	615.0	n/a	n/a	n/a	n/a
125.06	0.036	saccade	n/a	368.8	185.8	n/a	246.8	87.3	6.32	334.0
125.098	0.03	fixation	n/a	239.3	79.3	595.0	n/a	n/a	n/a	n/a
125.13	0.0	saccade	n/a	231.7	95.6	n/a	231.7	95.6	0.0	16.0
125.132	0.138	fixation	n/a	233.3	81.6	608.0	n/a	n/a	n/a	n/a
125.272	0.042	saccade	n/a	238.9	86.7	n/a	113.0	56.0	5.1	253.0
125.316	0.02	fixation	n/a	99.6	60.9	608.0	n/a	n/a	n/a	n/a
125.338	0.014	saccade	n/a	96.1	79.5	n/a	100.7	70.5	0.4	94.0
125.354	0.254	fixation	n/a	102.6	62.2	605.0	n/a	n/a	n/a	n/a
125.582	0.0	trigger_11	11	n/a	n/a	n/a	n/a	n/a	n/a	n/a
125.6	0.0	trigger_10	10	n/a	n/a	n/a	n/a	n/a	n/a	n/a
125.61	0.014	saccade	n/a	105.6	67.0	n/a	75.9	69.6	1.15	99.0
125.626	0.26	fixation	n/a	80.8	69.5	615.0	n/a	n/a	n/a	n/a
125.888	0.058	saccade	n/a	87.7	70.7	n/a	214.0	73.9	4.94	253.0
125.948	0.372	fixation	n/a	208.2	78.9	638.0	n/a	n/a	n/a	n/a
126.322	0.054	saccade	n/a	210.2	84.9	n/a	299.9	92.5	3.59	251.0
126.378	0.292	fixation	n/a	295.7	82.2	642.0	n/a	n/a	n/a	n/a
126.672	0.058	saccade	n/a	300.6	83.7	n/a	342.1	70.6	1.75	165.0
126.732	0.18	fixation	n/a	339.4	76.5	615.0	n/a	n/a	n/a	n/a
126.914	0.048	saccade	n/a	342.0	73.2	n/a	438.1	92.8	3.95	234.0
126.964	0.334	fixation	n/a	436.6	74.6	584.0	n/a	n/a	n/a	n/a
127.3	0.062	saccade	n/a	441.9	72.9	n/a	484.7	62.7	1.77	147.0
127.364	0.126	fixation	n/a	483.8	73.0	572.0	n/a	n/a	n/a	n/a
127.492	0.086	saccade	n/a	487.1	74.0	n/a	326.3	54.1	6.51	278.0
127.58	0.294	fixation	n/a	329.0	72.1	577.0	n/a	n/a	n/a	n/a
127.876	0.078	saccade	n/a	331.9	78.3	n/a	87.6	86.3	9.6	320.0
127.956	0.19	fixation	n/a	85.9	67.5	599.0	n/a	n/a	n/a	n/a
128.148	0.018	saccade	n/a	93.3	65.8	n/a	71.5	66.2	0.84	95.0
128.168	0.278	fixation	n/a	73.8	66.2	598.0	n/a	n/a	n/a	n/a
128.448	0.108	saccade	n/a	86.9	73.6	n/a	86.3	44.5	1.16	650.0
128.466	0.056	blink	n/a	n/a	n/a	n/a	n/a	n/a	n/a	n/a
128.558	0.25	fixation	n/a	74.2	65.5	592.0	n/a	n/a	n/a	n/a
128.81	0.06	saccade	n/a	72.5	68.7	n/a	242.0	83.3	6.65	288.0
128.872	0.184	fixation	n/a	239.8	81.3	629.0	n/a	n/a	n/a	n/a
129.058	0.02	saccade	n/a	243.2	87.1	n/a	226.5	86.8	0.66	102.0
129.08	0.44	fixation	n/a	227.7	85.9	617.0	n/a	n/a	n/a	n/a
129.522	0.016	saccade	n/a	226.0	81.5	n/a	255.2	72.1	1.22	116.0
129.54	0.266	fixation	n/a	250.6	80.4	611.0	n/a	n/a	n/a	n/a
129.808	0.054	saccade	n/a	249.9	76.4	n/a	332.5	75.4	3.3	219.0
129.864	0.34	fixation	n/a	325.5	76.9	600.0	n/a	n/a	n/a	n/a
130.206	0.066	saccade	n/a	327.0	84.3	n/a	393.8	67.6	2.77	189.0
130.274	0.238	fixation	n/a	392.9	78.4	597.0	n/a	n/a	n/a	n/a
130.514	0.06	saccade	n/a	394.3	76.2	n/a	493.9	86.9	4.03	236.0
130.576	0.334	fixation	n/a	487.5	87.4	589.0	n/a	n/a	n/a	n/a
130.912	0.012	saccade	n/a	486.3	86.8	n/a	468.6	81.0	0.75	87.0
130.926	0.318	fixation	n/a	472.3	84.4	582.0	n/a	n/a	n/a	n/a
131.246	0.064	saccade	n/a	476.9	84.1	n/a	587.3	75.8	4.41	240.0
131.312	0.28	fixation	n/a	582.1	91.4	581.0	n/a	n/a	n/a	n/a
131.594	0.016	saccade	n/a	582.4	96.5	n/a	564.9	92.1	0.72	87.0
131.612	0.316	fixation	n/a	567.8	97.2	595.0	n/a	n/a	n/a	n/a
131.93	0.024	saccade	n/a	572.1	95.6	n/a	517.6	86.6	2.2	150.0
131.956	0.236	fixation	n/a	520.3	88.8	578.0	n/a	n/a	n/a	n/a
132.194	0.058	saccade	n/a	525.2	90.2	n/a	590.2	78.4	2.63	175.0
132.254	0.136	fixation	n/a	584.9	84.5	554.0	n/a	n/a	n/a	n/a
132.392	0.096	saccade	n/a	586.4	85.0	n/a	93.7	139.8	19.37	417.0
132.49	0.136	fixation	n/a	100.9	127.5	593.0	n/a	n/a	n/a	n/a
132.628	0.018	saccade	n/a	107.7	127.9	n/a	71.4	141.6	1.5	136.0
132.648	0.316	fixation	n/a	76.7	145.1	598.0	n/a	n/a	n/a	n/a
132.966	0.06	saccade	n/a	83.9	150.8	n/a	229.4	167.4	5.72	284.0
133.028	0.204	fixation	n/a	227.3	162.0	610.0	n/a	n/a	n/a	n/a
133.234	0.008	saccade	n/a	230.0	166.7	n/a	212.9	162.6	0.7	81.0
133.244	0.446	fixation	n/a	217.1	163.0	601.0	n/a	n/a	n/a	n/a
133.692	0.114	saccade	n/a	220.5	168.8	n/a	299.2	187.7	3.23	635.0
133.72	0.054	blink	n/a	n/a	n/a	n/a	n/a	n/a	n/a	n/a
133.808	0.284	fixation	n/a	286.6	187.2	586.0	n/a	n/a	n/a	n/a
133.998	0.0	trigger_11	11	n/a	n/a	n/a	n/a	n/a	n/a	n/a
134.01	0.0	trigger_12	12	n/a	n/a	n/a	n/a	n/a	n/a	n/a
134.094	0.05	saccade	n/a	283.1	187.6	n/a	358.9	196.7	3.06	206.0
134.146	0.258	fixation	n/a	355.6	183.0	603.0	n/a	n/a	n/a	n/a
134.406	0.046	saccade	n/a	360.5	177.6	n/a	439.5	184.8	3.19	213.0
134.454	0.35	fixation	n/a	439.2	175.7	587.0	n/a	n/a	n/a	n/a
134.806	0.024	saccade	n/a	444.9	182.8	n/a	507.0	179.1	2.49	180.0
134.832	0.234	fixation	n/a	498.1	178.0	568.0	n/a	n/a	n/a	n/a
135.068	0.042	saccade	n/a	499.8	175.2	n/a	573.7	180.8	2.95	194.0
135.112	0.218	fixation	n/a	576.3	171.1	554.0	n/a	n/a	n/a	n/a
135.332	0.082	saccade	n/a	579.8	170.9	n/a	84.3	219.6	19.42	425.0
135.416	0.306	fixation	n/a	74.9	224.5	567.0	n/a	n/a	n/a	n/a
135.724	0.03	saccade	n/a	81.0	228.9	n/a	184.4	231.4	4.01	221.0
135.756	0.444	fixation	n/a	186.7	233.2	586.0	n/a	n/a	n/a	n/a
136.202	0.04	saccade	n/a	190.7	228.4	n/a	158.3	68.4	6.56	296.0
136.244	0.162	fixation	n/a	148.2	72.8	567.0	n/a	n/a	n/a	n/a
136.408	0.022	saccade	n/a	155.0	78.5	n/a	101.5	68.4	2.12	150.0
136.432	0.5	fixation	n/a	99.7	67.7	575.0	n/a	n/a	n/a	n/a
136.934	0.022	saccade	n/a	100.9	74.1	n/a	164.4	50.1	2.65	190.0
136.958	0.254	fixation	n/a	166.0	65.6	590.0	n/a	n/a	n/a	n/a
137.214	0.022	saccade	n/a	168.3	70.8	n/a	229.6	53.9	2.51	186.0
137.238	0.02	fixation	n/a	230.2	65.3	598.0	n/a	n/a	n/a	n/a
137.26	0.004	saccade	n/a	232.9	79.5	n/a	235.2	81.1	0.11	28.0
137.266	0.212	fixation	n/a	228.1	69.2	596.0	n/a	n/a	n/a	n/a
137.48	0.01	saccade	n/a	228.0	70.6	n/a	211.2	67.4	0.68	77.0
137.492	0.192	fixation	n/a	217.3	66.1	588.0	n/a	n/a	n/a	n/a
137.686	0.062	saccade	n/a	223.5	69.1	n/a	342.9	48.7	4.84	301.0
137.75	0.232	fixation	n/a	340.5	59.7	579.0	n/a	n/a	n/a	n/a
137.928	0.0	trigger_13	13	n/a	n/a	n/a	n/a	n/a	n/a	n/a
137.95	0.0	trigger_10	10	n/a	n/a	n/a	n/a	n/a	n/a	n/a
137.984	0.044	saccade	n/a	340.6	65.9	n/a	385.3	83.2	1.93	157.0
138.03	0.238	fixation	n/a	378.7	74.0	597.0	n/a	n/a	n/a	n/a
138.27	0.046	saccade	n/a	381.3	82.4	n/a	437.1	100.8	2.37	197.0
138.318	0.228	fixation	n/a	434.0	84.0	590.0	n/a	n/a	n/a	n/a
138.548	0.042	saccade	n/a	436.4	84.3	n/a	476.5	96.4	1.69	138.0
138.592	0.232	fixation	n/a	473.6	83.9	573.0	n/a	n/a	n/a	n/a
138.826	0.014	saccade	n/a	473.4	86.5	n/a	501.3	80.3	1.15	108.0
138.842	0.154	fixation	n/a	489.3	84.7	564.0	n/a	n/a	n/a	n/a
138.998	0.164	saccade	n/a	490.6	85.7	n/a	491.6	91.2	0.23	553.0
139.03	0.088	blink	n/a	n/a	n/a	n/a	n/a	n/a	n/a	n/a
139.164	0.268	fixation	n/a	482.1	93.3	549.0	n/a	n/a	n/a	n/a
139.434	0.092	saccade	n/a	480.9	88.3	n/a	287.5	72.0	7.78	338.0
139.528	0.156	fixation	n/a	291.3	82.0	573.0	n/a	n/a	n/a	n/a
139.686	0.022	saccade	n/a	291.0	85.7	n/a	329.9	79.8	1.58	139.0
139.71	0.17	fixation	n/a	326.6	89.4	582.0	n/a	n/a	n/a	n/a
139.882	0.048	saccade	n/a	330.5	94.1	n/a	442.4	84.8	4.52	259.0
139.932	0.276	fixation	n/a	442.3	75.0	582.0	n/a	n/a	n/a	n/a
140.21	0.072	saccade	n/a	445.2	74.8	n/a	81.9	63.7	14.28	367.0
140.284	0.446	fixation	n/a	83.9	69.5	602.0	n/a	n/a	n/a	n/a
140.732	0.012	saccade	n/a	91.3	68.1	n/a	115.6	60.3	0.99	103.0
140.746	0.18	fixation	n/a	112.4	64.0	579.0	n/a	n/a	n/a	n/a
140.928	0.02	saccade	n/a	114.5	60.8	n/a	169.4	43.6	2.25	183.0
140.95	0.306	fixation	n/a	169.6	53.8	555.0	n/a	n/a	n/a	n/a
141.258	0.122	saccade	n/a	189.8	61.4	n/a	214.5	45.7	1.16	622.0
141.278	0.068	blink	n/a	n/a	n/a	n/a	n/a	n/a	n/a	n/a
141.382	0.166	fixation	n/a	203.5	65.4	549.0	n/a	n/a	n/a	n/a
141.55	0.054	saccade	n/a	198.4	71.9	n/a	269.3	67.8	2.82	181.0
141.606	0.266	fixation	n/a	266.5	77.0	563.0	n/a	n/a	n/a	n/a
141.874	0.042	saccade	n/a	267.9	79.2	n/a	324.2	91.8	2.31	172.0
141.918	0.206	fixation	n/a	320.7	80.3	577.0	n/a	n/a	n/a	n/a
142.126	0.058	saccade	n/a	324.5	80.2	n/a	411.4	85.6	3.5	222.0
142.186	0.164	fixation	n/a	405.3	84.1	581.0	n/a	n/a	n/a	n/a
142.352	0.018	saccade	n/a	408.1	84.1	n/a	368.9	84.5	1.58	140.0
142.372	0.16	fixation	n/a	373.3	86.5	591.0	n/a	n/a	n/a	n/a
142.534	0.032	saccade	n/a	377.1	89.3	n/a	264.5	106.2	4.57	237.0
142.568	0.034	fixation	n/a	260.5	99.5	621.0	n/a	n/a	n/a	n/a
142.604	0.004	saccade	n/a	255.5	113.0	n/a	260.3	111.5	0.2	44.0
142.61	0.318	fixation	n/a	259.3	104.9	639.0	n/a	n/a	n/a	n/a
142.93	0.028	saccade	n/a	262.6	108.8	n/a	347.4	96.5	3.44	202.0
142.96	0.254	fixation	n/a	359.0	105.9	652.0	n/a	n/a	n/a	n/a
143.216	0.022	saccade	n/a	365.6	100.3	n/a	426.2	83.6	2.54	212.0
143.24	0.02	fixation	n/a	419.4	94.0	635.0	n/a	n/a	n/a	n/a
143.262	0.008	saccade	n/a	420.6	108.4	n/a	423.8	101.7	0.3	82.0
143.272	0.162	fixation	n/a	414.9	90.3	627.0	n/a	n/a	n/a	n/a
143.436	0.048	saccade	n/a	414.8	90.9	n/a	467.6	108.6	2.24	172.0
143.486	0.25	fixation	n/a	460.3	99.1	623.0	n/a	n/a	n/a	n/a
143.738	0.038	saccade	n/a	459.8	105.6	n/a	400.2	90.4	2.48	191.0
143.778	0.34	fixation	n/a	391.6	101.0	648.0	n/a	n/a	n/a	n/a
144.12	0.036	saccade	n/a	395.8	95.9	n/a	523.9	105.8	5.16	244.0
144.158	0.36	fixation	n/a	522.4	102.0	625.0	n/a	n/a	n/a	n/a
144.52	0.068	saccade	n/a	527.4	97.1	n/a	172.6	124.7	14.12	353.0
144.59	0.134	fixation	n/a	155.5	135.3	612.0	n/a	n/a	n/a	n/a
144.726	0.028	saccade	n/a	163.3	133.0	n/a	84.6	153.9	3.17	197.0
144.756	0.354	fixation	n/a	80.6	150.6	585.0	n/a	n/a	n/a	n/a
145.112	0.026	saccade	n/a	85.9	149.7	n/a	171.5	156.9	3.34	187.0
145.14	0.212	fixation	n/a	171.7	161.8	587.0	n/a	n/a	n/a	n/a
145.354	0.026	saccade	n/a	173.5	160.6	n/a	246.0	162.1	2.87	190.0
145.382	0.022	fixation	n/a	246.3	169.7	595.0	n/a	n/a	n/a	n/a
145.406	0.006	saccade	n/a	246.8	166.5	n/a	245.3	155.5	0.45	75.0
145.414	0.192	fixation	n/a	241.2	163.1	593.0	n/a	n/a	n/a	n/a
145.608	0.018	saccade	n/a	243.2	159.3	n/a	208.8	158.8	1.37	126.0
145.628	0.216	fixation	n/a	212.2	161.9	604.0	n/a	n/a	n/a	n/a
145.846	0.052	saccade	n/a	218.7	164.9	n/a	326.8	187.7	4.41	231.0
145.9	0.272	fixation	n/a	325.3	174.5	616.0	n/a	n/a	n/a	n/a
146.174	0.048	saccade	n/a	331.2	170.7	n/a	415.8	182.2	3.43	263.0
146.224	0.298	fixation	n/a	414.1	164.8	608.0	n/a	n/a	n/a	n/a
146.524	0.03	saccade	n/a	414.5	163.9	n/a	513.6	165.4	3.98	240.0
146.556	0.222	fixation	n/a	505.7	170.2	581.0	n/a	n/a	n/a	n/a
146.78	0.008	saccade	n/a	504.1	170.0	n/a	491.3	170.0	0.51	66.0
146.79	0.312	fixation	n/a	492.0	170.8	556.0	n/a	n/a	n/a	n/a
147.104	0.066	saccade	n/a	497.4	168.5	n/a	204.4	222.6	11.83	340.0
147.172	0.154	fixation	n/a	198.4	223.4	562.0	n/a	n/a	n/a	n/a
147.328	0.03	saccade	n/a	203.1	219.7	n/a	92.6	223.6	4.3	206.0
147.36	0.202	fixation	n/a	90.4	219.0	556.0	n/a	n/a	n/a	n/a
147.564	0.014	saccade	n/a	93.5	222.3	n/a	68.5	220.9	0.96	80.0
147.58	0.206	fixation	n/a	73.5	221.7	555.0	n/a	n/a	n/a	n/a
147.788	0.024	saccade	n/a	76.4	223.6	n/a	155.2	228.4	3.05	206.0
147.814	0.302	fixation	n/a	157.4	231.7	555.0	n/a	n/a	n/a	n/a
148.118	0.016	saccade	n/a	162.8	227.6	n/a	132.4	236.5	1.24	99.0
148.136	0.102	fixation	n/a	135.2	235.4	554.0	n/a	n/a	n/a	n/a
148.24	0.034	saccade	n/a	135.6	234.9	n/a	291.2	239.5	6.12	296.0
148.276	0.382	fixation	n/a	295.3	240.1	554.0	n/a	n/a	n/a	n/a
148.66	0.024	saccade	n/a	300.6	240.1	n/a	372.1	239.7	2.87	186.0
148.686	0.19	fixation	n/a	365.5	243.7	551.0	n/a	n/a	n/a	n/a
148.878	0.022	saccade	n/a	367.4	244.8	n/a	429.4	239.9	2.5	182.0
148.902	0.116	fixation	n/a	437.3	246.4	544.0	n/a	n/a	n/a	n/a
149.02	0.024	saccade	n/a	435.4	247.2	n/a	503.1	236.7	2.74	194.0
149.046	0.228	fixation	n/a	495.1	248.4	538.0	n/a	n/a	n/a	n/a
149.276	0.022	saccade	n/a	498.8	250.4	n/a	562.6	237.4	2.59	189.0
149.3	0.254	fixation	n/a	557.0	243.6	522.0	n/a	n/a	n/a	n/a
149.556	0.026	saccade	n/a	558.2	246.3	n/a	628.0	227.4	2.86	164.0
149.584	0.222	fixation	n/a	616.1	234.9	502.0	n/a	n/a	n/a	n/a
149.808	0.064	saccade	n/a	614.0	235.0	n/a	153.1	288.9	18.1	435.0
149.874	0.158	fixation	n/a	131.4	290.7	529.0	n/a	n/a	n/a	n/a
150.034	0.02	saccade	n/a	138.1	291.4	n/a	90.0	291.9	1.85	146.0
150.056	0.24	fixation	n/a	80.1	285.8	529.0	n/a	n/a	n/a	n/a
150.298	0.032	saccade	n/a	81.8	286.8	n/a	204.8	304.6	4.81	236.0
150.332	0.282	fixation	n/a	204.8	302.9	547.0	n/a	n/a	n/a	n/a
150.616	0.024	saccade	n/a	207.9	305.5	n/a	276.7	296.4	2.74	193.0
150.642	0.208	fixation	n/a	274.2	307.9	554.0	n/a	n/a	n/a	n/a
150.852	0.022	saccade	n/a	278.2	311.6	n/a	340.8	303.6	2.5	191.0
150.876	0.226	fixation	n/a	340.5	307.9	543.0	n/a	n/a	n/a	n/a
151.104	0.022	saccade	n/a	342.8	306.0	n/a	398.0	309.1	2.2	164.0
151.128	0.248	fixation	n/a	393.1	318.2	549.0	n/a	n/a	n/a	n/a
151.378	0.028	saccade	n/a	392.5	321.0	n/a	479.3	307.2	3.5	203.0
151.408	0.162	fixation	n/a	468.9	317.2	542.0	n/a	n/a	n/a	n/a
151.572	0.028	saccade	n/a	468.7	320.8	n/a	540.1	304.9	2.9	188.0
151.602	0.216	fixation	n/a	528.1	312.2	529.0	n/a	n/a	n/a	n/a
151.82	0.06	saccade	n/a	532.4	315.0	n/a	148.4	349.8	15.06	375.0
151.882	0.166	fixation	n/a	129.7	354.1	530.0	n/a	n/a	n/a	n/a
152.05	0.022	saccade	n/a	134.7	357.6	n/a	77.9	357.5	2.16	162.0
152.074	0.262	fixation	n/a	77.6	354.1	529.0	n/a	n/a	n/a	n/a
152.338	0.03	saccade	n/a	81.2	358.8	n/a	181.3	365.5	3.84	205.0
152.37	0.134	fixation	n/a	182.9	373.0	545.0	n/a	n/a	n/a	n/a
152.506	0.116	saccade	n/a	189.9	376.8	n/a	295.7	379.2	4.13	545.0
152.536	0.056	blink	n/a	n/a	n/a	n/a	n/a	n/a	n/a	n/a
152.624	0.338	fixation	n/a	281.9	375.9	558.0	n/a	n/a	n/a	n/a
152.964	0.028	saccade	n/a	281.6	374.5	n/a	376.0	368.3	3.74	231.0
152.994	0.404	fixation	n/a	368.0	371.9	581.0	n/a	n/a	n/a	n/a
153.4	0.028	saccade	n/a	369.4	368.5	n/a	452.4	373.9	3.29	182.0
153.416	0.0	trigger_11	11	n/a	n/a	n/a	n/a	n/a	n/a	n/a
153.428	0.0	trigger_10	10	n/a	n/a	n/a	n/a	n/a	n/a	n/a
153.43	0.186	fixation	n/a	439.5	381.4	581.0	n/a	n/a	n/a	n/a
153.618	0.048	saccade	n/a	441.3	382.5	n/a	144.4	413.9	11.59	364.0
153.668	0.17	fixation	n/a	122.9	416.0	587.0	n/a	n/a	n/a	n/a
153.84	0.018	saccade	n/a	125.3	416.8	n/a	81.2	426.5	1.7	148.0
153.86	0.272	fixation	n/a	83.7	420.7	593.0	n/a	n/a	n/a	n/a
154.134	0.03	saccade	n/a	84.1	420.6	n/a	197.3	421.4	4.31	220.0
154.166	0.212	fixation	n/a	194.9	426.1	598.0	n/a	n/a	n/a	n/a
154.38	0.02	saccade	n/a	197.8	428.6	n/a	254.3	423.0	2.2	164.0
154.402	0.146	fixation	n/a	249.1	428.7	590.0	n/a	n/a	n/a	n/a
154.55	0.03	saccade	n/a	251.8	431.3	n/a	352.8	426.7	3.95	228.0
154.582	0.208	fixation	n/a	345.0	427.8	580.0	n/a	n/a	n/a	n/a
154.792	0.026	saccade	n/a	348.0	427.0	n/a	439.1	423.6	3.57	228.0
154.82	0.232	fixation	n/a	438.2	428.1	570.0	n/a	n/a	n/a	n/a
155.054	0.03	saccade	n/a	440.6	431.1	n/a	540.3	434.4	3.9	204.0
155.086	0.306	fixation	n/a	530.9	439.5	547.0	n/a	n/a	n/a	n/a
155.394	0.042	saccade	n/a	534.4	439.2	n/a	400.2	336.8	6.64	301.0
155.438	0.192	fixation	n/a	396.8	348.1	536.0	n/a	n/a	n/a	n/a
155.632	0.052	saccade	n/a	397.6	353.6	n/a	218.3	82.6	12.98	411.0
155.686	0.092	fixation	n/a	209.4	94.1	493.0	n/a	n/a	n/a	n/a
155.78	0.04	saccade	n/a	214.7	99.9	n/a	117.8	83.5	3.86	235.0
155.822	0.166	fixation	n/a	97.2	78.9	512.0	n/a	n/a	n/a	n/a
155.99	0.014	saccade	n/a	101.5	80.0	n/a	81.5	63.1	1.02	84.0
156.006	0.252	fixation	n/a	81.1	70.5	526.0	n/a	n/a	n/a	n/a
156.26	0.022	saccade	n/a	85.1	73.9	n/a	148.2	52.8	2.59	198.0
156.284	0.248	fixation	n/a	148.1	64.0	534.0	n/a	n/a	n/a	n/a
156.534	0.048	saccade	n/a	150.7	63.7	n/a	247.5	65.8	3.82	249.0
156.584	0.362	fixation	n/a	246.4	55.5	534.0	n/a	n/a	n/a	n/a
156.948	0.056	saccade	n/a	253.2	62.1	n/a	366.3	72.3	4.55	257.0
157.006	0.196	fixation	n/a	360.0	70.8	534.0	n/a	n/a	n/a	n/a
157.204	0.022	saccade	n/a	365.8	60.3	n/a	317.0	64.9	1.97	149.0
157.228	0.246	fixation	n/a	319.8	64.2	527.0	n/a	n/a	n/a	n/a
157.476	0.064	saccade	n/a	326.0	60.5	n/a	473.0	51.4	5.92	298.0
157.542	0.25	fixation	n/a	467.3	62.6	522.0	n/a	n/a	n/a	n/a
157.794	0.026	saccade	n/a	469.7	62.6	n/a	394.5	77.8	3.09	232.0
157.822	0.03	fixation	n/a	396.8	71.9	546.0	n/a	n/a	n/a	n/a
157.854	0.004	saccade	n/a	389.1	84.6	n/a	392.2	88.0	0.19	52.0
157.86	0.282	fixation	n/a	396.6	72.3	545.0	n/a	n/a	n/a	n/a
158.144	0.07	saccade	n/a	398.0	74.2	n/a	487.9	70.2	3.62	260.0
158.216	0.382	fixation	n/a	491.5	81.9	552.0	n/a	n/a	n/a	n/a
158.6	0.084	saccade	n/a	498.7	88.3	n/a	70.7	155.0	16.97	429.0
158.686	0.37	fixation	n/a	76.9	149.8	573.0	n/a	n/a	n/a	n/a
159.058	0.082	saccade	n/a	80.6	154.8	n/a	205.6	162.4	4.87	564.0
159.142	0.274	fixation	n/a	207.8	157.3	574.0	n/a	n/a	n/a	n/a
159.418	0.014	saccade	n/a	207.1	152.2	n/a	181.9	160.7	1.05	106.0
159.434	0.172	fixation	n/a	183.0	164.6	573.0	n/a	n/a	n/a	n/a
159.608	0.03	saccade	n/a	186.4	164.4	n/a	301.9	163.6	4.58	231.0
159.64	0.348	fixation	n/a	304.2	169.5	569.0	n/a	n/a	n/a	n/a
159.99	0.008	saccade	n/a	305.5	171.5	n/a	294.6	174.9	0.46	55.0
160.0	0.156	fixation	n/a	296.1	177.8	570.0	n/a	n/a	n/a	n/a
160.158	0.028	saccade	n/a	299.8	178.4	n/a	388.6	165.4	3.61	245.0
160.188	0.384	fixation	n/a	384.9	164.7	564.0	n/a	n/a	n/a	n/a
160.574	0.024	saccade	n/a	388.2	162.8	n/a	320.5	171.8	2.75	183.0
160.6	0.458	fixation	n/a	324.2	172.0	567.0	n/a	n/a	n/a	n/a
160.72	0.0	trigger_11	11	n/a	n/a	n/a	n/a	n/a	n/a	n/a
160.736	0.0	trigger_10	10	n/a	n/a	n/a	n/a	n/a	n/a	n/a
161.06	0.016	saccade	n/a	329.6	172.8	n/a	294.6	172.6	1.4	113.0
161.078	0.328	fixation	n/a	301.9	170.8	564.0	n/a	n/a	n/a	n/a
161.408	0.044	saccade	n/a	304.9	168.3	n/a	373.5	173.6	2.76	212.0
161.454	0.212	fixation	n/a	367.5	163.7	572.0	n/a	n/a	n/a	n/a
161.668	0.07	saccade	n/a	367.2	172.4	n/a	488.7	152.1	4.95	307.0
161.74	0.258	fixation	n/a	495.8	166.8	587.0	n/a	n/a	n/a	n/a
162.0	0.072	saccade	n/a	500.2	166.7	n/a	205.0	239.4	12.08	378.0
162.074	0.27	fixation	n/a	204.1	242.9	619.0	n/a	n/a	n/a	n/a
162.346	0.026	saccade	n/a	204.3	245.2	n/a	290.1	238.7	3.41	234.0
162.374	0.534	fixation	n/a	291.4	247.0	613.0	n/a	n/a	n/a	n/a
162.91	0.036	saccade	n/a	300.3	243.0	n/a	253.3	105.1	5.9	263.0
162.948	0.154	fixation	n/a	244.5	115.1	582.0	n/a	n/a	n/a	n/a
163.104	0.076	saccade	n/a	253.0	129.8	n/a	113.0	80.7	5.85	863.0
163.134	0.02	blink	n/a	n/a	n/a	n/a	n/a	n/a	n/a	n/a
163.182	0.34	fixation	n/a	101.1	76.1	575.0	n/a	n/a	n/a	n/a
163.524	0.02	saccade	n/a	101.6	74.7	n/a	70.4	68.9	1.22	112.0
163.546	0.312	fixation	n/a	71.7	71.6	600.0	n/a	n/a	n/a	n/a
163.86	0.052	saccade	n/a	76.1	65.2	n/a	168.6	77.6	3.62	245.0
163.914	0.238	fixation	n/a	164.1	56.8	593.0	n/a	n/a	n/a	n/a
164.154	0.046	saccade	n/a	166.5	56.8	n/a	232.7	80.3	2.78	208.0
164.202	0.234	fixation	n/a	229.5	71.2	607.0	n/a	n/a	n/a	n/a
164.438	0.066	saccade	n/a	232.1	74.1	n/a	339.2	62.0	4.3	288.0
164.506	0.242	fixation	n/a	337.1	70.0	599.0	n/a	n/a	n/a	n/a
164.75	0.016	saccade	n/a	342.3	71.4	n/a	313.8	83.6	1.25	100.0
164.768	0.356	fixation	n/a	317.1	85.1	606.0	n/a	n/a	n/a	n/a
164.858	0.0	trigger_11	11	n/a	n/a	n/a	n/a	n/a	n/a	n/a
164.868	0.0	trigger_12	12	n/a	n/a	n/a	n/a	n/a	n/a	n/a
165.126	0.06	saccade	n/a	318.4	92.1	n/a	445.4	75.5	5.16	309.0
165.188	0.32	fixation	n/a	442.4	73.2	597.0	n/a	n/a	n/a	n/a
165.51	0.064	saccade	n/a	450.5	76.3	n/a	515.0	69.0	2.6	200.0
165.576	0.198	fixation	n/a	512.0	82.4	594.0	n/a	n/a	n/a	n/a
165.776	0.078	saccade	n/a	513.3	86.3	n/a	96.0	148.8	16.56	426.0
165.856	0.284	fixation	n/a	83.0	146.1	606.0	n/a	n/a	n/a	n/a
166.142	0.02	saccade	n/a	90.2	146.0	n/a	153.6	150.2	2.46	182.0
166.164	0.272	fixation	n/a	162.4	159.1	605.0	n/a	n/a	n/a	n/a
166.438	0.05	saccade	n/a	167.9	161.9	n/a	290.5	176.5	4.89	252.0
166.49	0.582	fixation	n/a	292.2	159.9	591.0	n/a	n/a	n/a	n/a
167.074	0.036	saccade	n/a	301.7	153.1	n/a	136.1	59.2	7.57	334.0
167.112	0.022	fixation	n/a	134.6	58.6	559.0	n/a	n/a	n/a	n/a
167.136	0.01	saccade	n/a	124.9	62.4	n/a	120.4	76.0	0.57	78.0
167.148	0.144	fixation	n/a	123.5	61.0	571.0	n/a	n/a	n/a	n/a
167.294	0.02	saccade	n/a	129.3	61.3	n/a	88.7	61.8	1.57	154.0
167.316	0.244	fixation	n/a	94.0	63.9	590.0	n/a	n/a	n/a	n/a
167.562	0.024	saccade	n/a	98.2	72.5	n/a	167.8	56.7	2.78	211.0
167.588	0.2	fixation	n/a	166.4	73.6	628.0	n/a	n/a	n/a	n/a
167.79	0.05	saccade	n/a	167.5	75.3	n/a	245.3	95.6	3.18	242.0
167.842	0.326	fixation	n/a	240.1	82.0	645.0	n/a	n/a	n/a	n/a
168.17	0.05	saccade	n/a	241.9	84.1	n/a	316.6	109.5	3.16	224.0
168.222	0.35	fixation	n/a	304.8	93.2	676.0	n/a	n/a	n/a	n/a
168.574	0.058	saccade	n/a	303.7	98.7	n/a	378.2	102.7	3.0	203.0
168.634	0.206	fixation	n/a	367.5	97.4	698.0	n/a	n/a	n/a	n/a
168.722	0.0	trigger_13	13	n/a	n/a	n/a	n/a	n/a	n/a	n/a
168.736	0.0	trigger_10	10	n/a	n/a	n/a	n/a	n/a	n/a	n/a
168.842	0.05	saccade	n/a	371.0	99.5	n/a	430.9	120.6	2.56	180.0
168.894	0.172	fixation	n/a	426.7	101.8	701.0	n/a	n/a	n/a	n/a
169.068	0.046	saccade	n/a	427.4	94.5	n/a	478.8	109.4	2.16	171.0
169.116	0.234	fixation	n/a	477.1	93.2	678.0	n/a	n/a	n/a	n/a
169.352	0.084	saccade	n/a	479.0	89.2	n/a	135.6	158.6	13.86	422.0
169.438	0.132	fixation	n/a	134.0	144.9	675.0	n/a	n/a	n/a	n/a
169.572	0.032	saccade	n/a	136.8	142.0	n/a	95.4	149.0	1.63	148.0
169.606	0.26	fixation	n/a	81.4	154.7	677.0	n/a	n/a	n/a	n/a
169.868	0.026	saccade	n/a	87.8	161.2	n/a	159.4	158.9	2.78	182.0
169.896	0.24	fixation	n/a	159.2	166.5	690.0	n/a	n/a	n/a	n/a
170.138	0.046	saccade	n/a	161.5	169.8	n/a	243.6	180.8	3.28	212.0
170.186	0.262	fixation	n/a	243.2	171.2	674.0	n/a	n/a	n/a	n/a
170.45	0.024	saccade	n/a	247.5	167.5	n/a	311.2	156.4	2.59	183.0
170.476	0.436	fixation	n/a	307.1	166.4	655.0	n/a	n/a	n/a	n/a
170.914	0.038	saccade	n/a	311.7	165.9	n/a	146.3	82.9	7.37	313.0
170.954	0.022	fixation	n/a	143.5	82.0	620.0	n/a	n/a	n/a	n/a
170.978	0.014	saccade	n/a	137.6	93.2	n/a	137.7	94.6	0.06	90.0
170.994	0.06	fixation	n/a	137.9	83.3	628.0	n/a	n/a	n/a	n/a
171.056	0.032	saccade	n/a	143.4	85.3	n/a	94.3	68.5	2.02	240.0
171.09	0.024	fixation	n/a	83.6	65.6	621.0	n/a	n/a	n/a	n/a
171.116	0.002	saccade	n/a	83.7	78.8	n/a	84.4	78.4	0.03	26.0
171.12	0.216	fixation	n/a	83.7	66.5	621.0	n/a	n/a	n/a	n/a
171.338	0.072	saccade	n/a	87.1	69.7	n/a	203.7	65.7	4.55	245.0
171.412	0.206	fixation	n/a	216.2	81.4	650.0	n/a	n/a	n/a	n/a
171.62	0.022	saccade	n/a	223.2	84.6	n/a	171.6	78.1	2.05	158.0
171.644	0.186	fixation	n/a	174.6	79.1	658.0	n/a	n/a	n/a	n/a
171.832	0.088	saccade	n/a	179.5	84.3	n/a	314.0	97.4	5.37	1109.0
171.87	0.016	blink	n/a	n/a	n/a	n/a	n/a	n/a	n/a	n/a
171.922	0.482	fixation	n/a	298.6	81.4	644.0	n/a	n/a	n/a	n/a
172.406	0.018	saccade	n/a	290.5	87.7	n/a	328.1	90.0	1.51	125.0
172.426	0.288	fixation	n/a	315.6	95.8	688.0	n/a	n/a	n/a	n/a
172.716	0.02	saccade	n/a	317.6	94.1	n/a	302.0	95.3	0.63	93.0
172.738	0.316	fixation	n/a	306.4	88.2	684.0	n/a	n/a	n/a	n/a
173.056	0.066	saccade	n/a	309.2	84.5	n/a	366.7	66.8	2.42	179.0
173.124	0.276	fixation	n/a	365.4	82.6	674.0	n/a	n/a	n/a	n/a
173.402	0.022	saccade	n/a	370.7	82.1	n/a	329.7	92.9	1.71	133.0
173.426	0.228	fixation	n/a	336.2	85.5	675.0	n/a	n/a	n/a	n/a
173.656	0.06	saccade	n/a	339.5	85.8	n/a	433.3	83.6	3.78	277.0
173.718	0.282	fixation	n/a	425.6	78.5	645.0	n/a	n/a	n/a	n/a
174.002	0.062	saccade	n/a	428.7	74.4	n/a	516.3	63.8	3.54	226.0
174.066	0.252	fixation	n/a	512.1	71.5	589.0	n/a	n/a	n/a	n/a
174.32	0.018	saccade	n/a	516.4	73.1	n/a	479.0	67.8	1.51	129.0
174.34	0.238	fixation	n/a	483.8	75.7	595.0	n/a	n/a	n/a	n/a
174.58	0.058	saccade	n/a	487.8	82.9	n/a	571.2	69.4	3.37	208.0
174.64	0.234	fixation	n/a	564.5	71.8	574.0	n/a	n/a	n/a	n/a
174.876	0.074	saccade	n/a	566.9	73.2	n/a	165.1	133.3	16.04	422.0
174.952	0.144	fixation	n/a	157.4	136.6	600.0	n/a	n/a	n/a	n/a
175.098	0.038	saccade	n/a	161.4	130.1	n/a	87.7	125.9	2.87	183.0
175.138	0.196	fixation	n/a	72.9	129.4	589.0	n/a	n/a	n/a	n/a
175.336	0.022	saccade	n/a	76.2	133.0	n/a	55.9	135.4	0.78	84.0
175.36	0.342	fixation	n/a	57.1	141.9	618.0	n/a	n/a	n/a	n/a
175.704	0.06	saccade	n/a	60.2	143.6	n/a	197.4	152.6	5.34	306.0
175.766	0.206	fixation	n/a	195.8	151.1	641.0	n/a	n/a	n/a	n/a
175.974	0.02	saccade	n/a	202.4	151.1	n/a	251.1	148.0	1.94	171.0
175.996	0.222	fixation	n/a	248.2	159.3	640.0	n/a	n/a	n/a	n/a
176.22	0.054	saccade	n/a	250.5	164.9	n/a	339.0	174.6	3.56	214.0
176.276	0.226	fixation	n/a	331.5	167.3	632.0	n/a	n/a	n/a	n/a
176.504	0.052	saccade	n/a	337.0	172.4	n/a	423.9	174.7	3.49	249.0
176.558	0.29	fixation	n/a	416.9	154.5	598.0	n/a	n/a	n/a	n/a
176.85	0.048	saccade	n/a	418.7	159.2	n/a	519.4	165.8	4.05	252.0
176.9	0.308	fixation	n/a	511.9	159.5	569.0	n/a	n/a	n/a	n/a
177.21	0.04	saccade	n/a	511.9	163.7	n/a	571.6	165.4	2.38	223.0
177.252	0.23	fixation	n/a	570.9	157.6	557.0	n/a	n/a	n/a	n/a
177.484	0.066	saccade	n/a	573.7	154.5	n/a	201.7	202.0	14.86	382.0
177.552	0.15	fixation	n/a	189.6	216.4	563.0	n/a	n/a	n/a	n/a
177.704	0.032	saccade	n/a	199.1	218.7	n/a	90.3	226.7	4.24	220.0
177.738	0.254	fixation	n/a	89.5	222.8	551.0	n/a	n/a	n/a	n/a
177.994	0.012	saccade	n/a	91.0	226.2	n/a	68.6	221.9	0.87	86.0
178.008	0.29	fixation	n/a	72.8	221.7	558.0	n/a	n/a	n/a	n/a
178.3	0.02	saccade	n/a	73.1	220.8	n/a	134.8	218.2	2.38	190.0
178.322	0.32	fixation	n/a	143.1	229.5	586.0	n/a	n/a	n/a	n/a
178.644	0.02	saccade	n/a	146.5	230.5	n/a	218.6	230.9	2.83	235.0
178.666	0.318	fixation	n/a	213.2	235.5	609.0	n/a	n/a	n/a	n/a
178.986	0.026	saccade	n/a	215.0	235.6	n/a	304.4	240.1	3.56	259.0
179.014	0.226	fixation	n/a	298.7	246.9	642.0	n/a	n/a	n/a	n/a
179.242	0.018	saccade	n/a	301.3	244.9	n/a	262.7	247.8	1.54	126.0
179.262	0.374	fixation	n/a	273.2	244.1	654.0	n/a	n/a	n/a	n/a
179.638	0.04	saccade	n/a	279.1	238.0	n/a	368.1	240.5	3.56	235.0
179.68	0.442	fixation	n/a	375.4	237.4	624.0	n/a	n/a	n/a	n/a
180.124	0.018	saccade	n/a	378.9	238.4	n/a	421.7	239.3	1.72	167.0
180.144	0.34	fixation	n/a	420.7	246.9	598.0	n/a	n/a	n/a	n/a
180.486	0.026	saccade	n/a	421.3	249.8	n/a	506.2	232.0	3.47	247.0
180.514	0.28	fixation	n/a	494.3	243.2	591.0	n/a	n/a	n/a	n/a
180.796	0.024	saccade	n/a	498.2	243.4	n/a	556.9	230.4	2.39	174.0
180.822	0.194	fixation	n/a	545.5	243.9	587.0	n/a	n/a	n/a	n/a
181.018	0.058	saccade	n/a	547.8	248.0	n/a	146.6	286.5	15.81	402.0
181.078	0.186	fixation	n/a	136.7	289.1	589.0	n/a	n/a	n/a	n/a
181.266	0.022	saccade	n/a	141.3	292.1	n/a	86.1	287.3	2.13	182.0
181.29	0.35	fixation	n/a	83.7	284.3	590.0	n/a	n/a	n/a	n/a
181.642	0.028	saccade	n/a	86.0	285.5	n/a	173.3	289.6	3.37	225.0
181.672	0.292	fixation	n/a	174.6	290.9	600.0	n/a	n/a	n/a	n/a
181.966	0.022	saccade	n/a	177.6	293.5	n/a	242.3	289.5	2.55	199.0
181.99	0.206	fixation	n/a	239.5	294.3	596.0	n/a	n/a	n/a	n/a
182.198	0.1	saccade	n/a	244.8	299.1	n/a	248.2	312.2	0.54	564.0
182.23	0.034	blink	n/a	n/a	n/a	n/a	n/a	n/a	n/a	n/a
182.3	0.252	fixation	n/a	240.9	305.5	598.0	n/a	n/a	n/a	n/a
182.554	0.028	saccade	n/a	245.4	298.8	n/a	343.2	307.8	3.9	253.0
182.584	0.21	fixation	n/a	340.4	310.2	603.0	n/a	n/a	n/a	n/a
182.796	0.02	saccade	n/a	343.6	311.3	n/a	304.8	306.9	1.55	128.0
182.818	0.22	fixation	n/a	310.4	304.9	605.0	n/a	n/a	n/a	n/a
183.04	0.03	saccade	n/a	315.5	302.3	n/a	432.5	311.7	4.68	236.0
183.072	0.236	fixation	n/a	427.4	315.0	603.0	n/a	n/a	n/a	n/a
183.31	0.034	saccade	n/a	432.1	317.3	n/a	377.5	311.0	2.19	189.0
183.346	0.254	fixation	n/a	369.5	311.9	602.0	n/a	n/a	n/a	n/a
183.602	0.044	saccade	n/a	375.5	315.8	n/a	509.0	309.2	5.31	277.0
183.648	0.536	fixation	n/a	511.4	304.6	587.0	n/a	n/a	n/a	n/a
184.186	0.018	saccade	n/a	514.0	307.6	n/a	474.5	318.7	1.63	149.0
184.206	0.276	fixation	n/a	475.5	314.1	584.0	n/a	n/a	n/a	n/a
184.484	0.028	saccade	n/a	477.5	316.1	n/a	423.7	235.3	3.9	239.0
184.514	0.092	fixation	n/a	417.3	243.1	577.0	n/a	n/a	n/a	n/a
184.608	0.03	saccade	n/a	418.9	241.6	n/a	420.8	139.3	4.16	234.0
184.64	0.142	fixation	n/a	415.6	144.7	569.0	n/a	n/a	n/a	n/a
184.784	0.044	saccade	n/a	421.1	144.4	n/a	468.0	107.8	2.41	245.0
184.83	0.152	fixation	n/a	470.0	94.2	554.0	n/a	n/a	n/a	n/a
184.984	0.046	saccade	n/a	470.8	95.3	n/a	538.5	65.5	2.97	216.0
185.032	0.138	fixation	n/a	532.0	54.5	543.0	n/a	n/a	n/a	n/a
185.172	0.066	saccade	n/a	534.4	55.0	n/a	146.8	56.2	15.29	425.0
185.24	0.17	fixation	n/a	119.7	65.8	565.0	n/a	n/a	n/a	n/a
185.412	0.022	saccade	n/a	128.1	65.7	n/a	76.0	60.0	2.02	171.0
185.436	0.142	fixation	n/a	78.2	61.2	575.0	n/a	n/a	n/a	n/a
185.58	0.058	saccade	n/a	76.7	63.0	n/a	202.7	70.0	4.91	312.0
185.64	0.256	fixation	n/a	200.2	74.6	601.0	n/a	n/a	n/a	n/a
185.898	0.062	saccade	n/a	207.7	81.1	n/a	314.0	72.5	4.25	235.0
185.962	0.242	fixation	n/a	311.4	75.0	613.0	n/a	n/a	n/a	n/a
186.206	0.06	saccade	n/a	315.3	76.4	n/a	387.4	61.7	2.96	217.0
186.268	0.332	fixation	n/a	384.4	77.8	602.0	n/a	n/a	n/a	n/a
186.602	0.056	saccade	n/a	388.9	80.6	n/a	440.3	80.9	2.07	156.0
186.66	0.212	fixation	n/a	431.4	71.1	596.0	n/a	n/a	n/a	n/a
186.874	0.054	saccade	n/a	431.4	71.4	n/a	530.2	83.7	4.0	252.0
186.93	0.216	fixation	n/a	522.7	72.3	576.0	n/a	n/a	n/a	n/a
187.148	0.02	saccade	n/a	525.1	74.1	n/a	480.9	70.5	1.78	146.0
187.17	0.16	fixation	n/a	487.5	69.1	571.0	n/a	n/a	n/a	n/a
187.332	0.16	saccade	n/a	496.3	82.3	n/a	98.8	144.7	15.85	809.0
187.354	0.104	blink	n/a	n/a	n/a	n/a	n/a	n/a	n/a	n/a
187.494	0.356	fixation	n/a	95.6	150.2	584.0	n/a	n/a	n/a	n/a
187.852	0.026	saccade	n/a	98.6	156.4	n/a	182.7	158.6	3.28	230.0
187.88	0.248	fixation	n/a	183.5	171.1	620.0	n/a	n/a	n/a	n/a
188.13	0.036	saccade	n/a	184.3	171.8	n/a	117.5	156.4	2.68	202.0
188.168	0.36	fixation	n/a	100.9	156.4	608.0	n/a	n/a	n/a	n/a
188.53	0.058	saccade	n/a	101.7	161.2	n/a	228.7	183.6	5.05	268.0
188.59	0.632	fixation	n/a	231.4	173.8	622.0	n/a	n/a	n/a	n/a
189.224	0.052	saccade	n/a	238.4	174.0	n/a	353.1	193.1	4.64	234.0
189.278	0.314	fixation	n/a	351.3	178.5	613.0	n/a	n/a	n/a	n/a
189.594	0.108	saccade	n/a	360.8	184.3	n/a	430.8	183.8	2.81	608.0
189.614	0.056	blink	n/a	n/a	n/a	n/a	n/a	n/a	n/a	n/a
189.704	0.192	fixation	n/a	417.4	181.1	605.0	n/a	n/a	n/a	n/a
189.898	0.058	saccade	n/a	419.4	178.2	n/a	569.7	190.3	6.02	291.0
189.958	0.278	fixation	n/a	558.9	185.4	602.0	n/a	n/a	n/a	n/a
190.238	0.078	saccade	n/a	563.1	189.7	n/a	130.4	229.2	17.04	402.0
190.318	0.166	fixation	n/a	120.2	227.8	622.0	n/a	n/a	n/a	n/a
190.486	0.022	saccade	n/a	126.3	228.1	n/a	73.8	229.8	2.02	151.0
190.51	0.252	fixation	n/a	76.9	230.7	624.0	n/a	n/a	n/a	n/a
190.764	0.034	saccade	n/a	81.2	232.8	n/a	204.2	229.0	4.78	227.0
190.8	0.498	fixation	n/a	206.8	240.9	637.0	n/a	n/a	n/a	n/a
191.3	0.12	saccade	n/a	222.7	249.4	n/a	158.8	229.9	2.63	592.0
191.322	0.06	blink	n/a	n/a	n/a	n/a	n/a	n/a	n/a	n/a
191.422	0.322	fixation	n/a	151.7	245.1	621.0	n/a	n/a	n/a	n/a
191.746	0.032	saccade	n/a	151.6	242.3	n/a	269.5	248.4	4.65	239.0
191.78	0.258	fixation	n/a	275.9	251.1	632.0	n/a	n/a	n/a	n/a
192.04	0.11	saccade	n/a	286.8	256.9	n/a	311.0	242.0	1.14	543.0
192.06	0.056	blink	n/a	n/a	n/a	n/a	n/a	n/a	n/a	n/a
192.152	0.316	fixation	n/a	304.6	249.5	609.0	n/a	n/a	n/a	n/a
192.3	0.0	trigger_11	11	n/a	n/a	n/a	n/a	n/a	n/a	n/a
192.306	0.0	trigger_10	10	n/a	n/a	n/a	n/a	n/a	n/a	n/a
192.47	0.028	saccade	n/a	302.9	250.8	n/a	397.8	254.8	3.79	234.0
192.5	0.242	fixation	n/a	392.8	258.4	626.0	n/a	n/a	n/a	n/a
192.744	0.03	saccade	n/a	396.7	252.1	n/a	491.0	246.3	3.79	195.0
192.776	0.4	fixation	n/a	480.5	250.5	612.0	n/a	n/a	n/a	n/a
193.178	0.074	saccade	n/a	484.3	249.1	n/a	170.6	313.9	12.64	390.0
193.254	0.268	fixation	n/a	176.5	310.1	604.0	n/a	n/a	n/a	n/a
193.524	0.034	saccade	n/a	176.8	314.7	n/a	230.3	369.9	3.01	239.0
193.56	0.234	fixation	n/a	223.5	376.8	610.0	n/a	n/a	n/a	n/a
193.796	0.03	saccade	n/a	227.9	378.1	n/a	328.2	369.9	3.95	220.0
193.828	0.27	fixation	n/a	321.8	376.3	617.0	n/a	n/a	n/a	n/a
194.1	0.024	saccade	n/a	324.6	376.5	n/a	403.0	366.8	3.13	220.0
194.126	0.356	fixation	n/a	396.6	371.7	618.0	n/a	n/a	n/a	n/a
194.484	0.048	saccade	n/a	401.1	368.2	n/a	269.4	161.0	9.82	368.0
194.534	0.114	fixation	n/a	267.5	175.7	599.0	n/a	n/a	n/a	n/a
194.65	0.082	saccade	n/a	279.1	195.3	n/a	117.8	124.6	6.96	814.0
194.67	0.038	blink	n/a	n/a	n/a	n/a	n/a	n/a	n/a	n/a
194.734	0.22	fixation	n/a	113.2	117.9	585.0	n/a	n/a	n/a	n/a
194.956	0.018	saccade	n/a	117.9	121.7	n/a	96.8	85.7	1.66	133.0
194.976	0.26	fixation	n/a	97.0	92.6	601.0	n/a	n/a	n/a	n/a
195.238	0.02	saccade	n/a	99.6	84.6	n/a	55.4	67.5	1.83	155.0
195.26	0.5	fixation	n/a	61.6	72.7	602.0	n/a	n/a	n/a	n/a
195.762	0.056	saccade	n/a	69.4	71.3	n/a	178.2	86.3	4.26	249.0
195.82	0.458	fixation	n/a	176.3	81.1	616.0	n/a	n/a	n/a	n/a
196.28	0.016	saccade	n/a	177.8	93.5	n/a	149.0	87.0	1.16	116.0
196.298	0.184	fixation	n/a	151.3	90.7	634.0	n/a	n/a	n/a	n/a
196.484	0.054	saccade	n/a	152.9	90.1	n/a	250.0	102.7	3.86	230.0
196.54	0.36	fixation	n/a	243.5	87.5	608.0	n/a	n/a	n/a	n/a
196.902	0.046	saccade	n/a	249.3	91.6	n/a	316.4	109.5	2.78	202.0
196.95	0.978	fixation	n/a	312.4	94.5	603.0	n/a	n/a	n/a	n/a
197.93	0.108	saccade	n/a	319.0	109.1	n/a	409.2	100.7	3.65	736.0
197.952	0.052	blink	n/a	n/a	n/a	n/a	n/a	n/a	n/a	n/a
198.04	0.324	fixation	n/a	396.5	95.6	597.0	n/a	n/a	n/a	n/a
198.366	0.042	saccade	n/a	399.3	85.8	n/a	441.9	111.0	2.0	154.0
198.41	0.248	fixation	n/a	440.0	98.9	603.0	n/a	n/a	n/a	n/a
198.66	0.042	saccade	n/a	440.9	99.3	n/a	487.5	114.1	1.97	166.0
198.704	0.424	fixation	n/a	486.4	99.7	602.0	n/a	n/a	n/a	n/a
199.13	0.018	saccade	n/a	490.8	100.9	n/a	467.6	104.3	0.94	100.0
199.15	0.242	fixation	n/a	472.5	103.0	593.0	n/a	n/a	n/a	n/a
199.394	0.07	saccade	n/a	475.9	108.0	n/a	127.2	138.7	13.84	358.0
199.466	0.136	fixation	n/a	108.9	147.8	601.0	n/a	n/a	n/a	n/a
199.604	0.02	saccade	n/a	114.5	147.4	n/a	76.4	161.7	1.58	130.0
199.626	0.232	fixation	n/a	79.0	157.1	602.0	n/a	n/a	n/a	n/a
199.86	0.05	saccade	n/a	84.6	159.7	n/a	193.3	182.9	4.33	199.0
199.912	0.208	fixation	n/a	186.8	171.5	613.0	n/a	n/a	n/a	n/a
200.122	0.022	saccade	n/a	190.6	173.1	n/a	252.5	174.4	2.45	196.0
200.146	0.194	fixation	n/a	244.9	181.1	616.0	n/a	n/a	n/a	n/a
200.342	0.022	saccade	n/a	246.0	183.1	n/a	302.3	168.2	2.33	168.0
200.366	0.196	fixation	n/a	298.5	182.4	607.0	n/a	n/a	n/a	n/a
200.564	0.046	saccade	n/a	302.1	187.1	n/a	375.7	188.9	2.95	199.0
200.612	0.234	fixation	n/a	371.9	179.7	601.0	n/a	n/a	n/a	n/a
200.848	0.02	saccade	n/a	373.8	178.6	n/a	422.5	172.4	1.98	151.0
200.87	0.194	fixation	n/a	413.6	181.6	592.0	n/a	n/a	n/a	n/a
201.066	0.172	saccade	n/a	417.3	196.2	n/a	421.0	555.4	13.92	662.0
201.09	0.112	blink	n/a	n/a	n/a	n/a	n/a	n/a	n/a	n/a
201.24	0.326	fixation	n/a	394.8	544.3	606.0	n/a	n/a	n/a	n/a
201.568	0.034	saccade	n/a	385.1	542.2	n/a	327.3	547.1	2.23	196.0
201.604	0.622	fixation	n/a	308.8	547.3	627.0	n/a	n/a	n/a	n/a
201.628	0.0	trigger_11	11	n/a	n/a	n/a	n/a	n/a	n/a	n/a
201.64	0.0	trigger_10	10	n/a	n/a	n/a	n/a	n/a	n/a	n/a
202.228	0.028	saccade	n/a	313.2	545.5	n/a	417.7	534.3	4.04	258.0
202.258	0.308	fixation	n/a	414.1	536.6	619.0	n/a	n/a	n/a	n/a
202.568	0.02	saccade	n/a	422.6	538.0	n/a	473.4	547.2	1.98	172.0
202.59	0.42	fixation	n/a	463.0	548.4	643.0	n/a	n/a	n/a	n/a
203.012	0.03	saccade	n/a	462.7	547.6	n/a	348.8	548.3	4.37	214.0
203.044	0.412	fixation	n/a	349.0	544.3	658.0	n/a	n/a	n/a	n/a
203.458	0.016	saccade	n/a	357.8	542.0	n/a	399.4	529.5	1.67	155.0
203.476	0.386	fixation	n/a	400.4	537.0	686.0	n/a	n/a	n/a	n/a
203.864	0.132	saccade	n/a	418.1	546.5	n/a	216.6	114.4	18.51	837.0
203.884	0.076	blink	n/a	n/a	n/a	n/a	n/a	n/a	n/a	n/a
203.998	0.112	fixation	n/a	217.3	139.7	678.0	n/a	n/a	n/a	n/a
204.112	0.082	saccade	n/a	225.4	137.3	n/a	113.2	127.5	4.42	228.0
204.196	0.08	fixation	n/a	111.3	118.9	680.0	n/a	n/a	n/a	n/a
204.278	0.048	saccade	n/a	116.4	113.2	n/a	81.5	79.0	1.92	170.0
204.328	0.372	fixation	n/a	89.7	80.9	666.0	n/a	n/a	n/a	n/a
204.702	0.02	saccade	n/a	93.1	71.9	n/a	137.7	53.4	1.88	164.0
204.724	0.212	fixation	n/a	131.6	69.1	638.0	n/a	n/a	n/a	n/a
204.938	0.022	saccade	n/a	133.9	68.3	n/a	190.0	61.1	2.21	172.0
204.962	0.232	fixation	n/a	185.2	71.0	630.0	n/a	n/a	n/a	n/a
205.196	0.04	saccade	n/a	186.1	72.9	n/a	240.8	91.3	2.29	188.0
205.238	0.132	fixation	n/a	239.4	80.5	632.0	n/a	n/a	n/a	n/a
205.372	0.022	saccade	n/a	240.5	82.3	n/a	302.5	71.2	2.52	194.0
205.396	0.282	fixation	n/a	299.6	84.3	643.0	n/a	n/a	n/a	n/a
205.68	0.064	saccade	n/a	302.8	89.4	n/a	435.8	81.4	5.36	300.0
205.746	0.308	fixation	n/a	429.6	78.5	655.0	n/a	n/a	n/a	n/a
206.056	0.026	saccade	n/a	434.5	81.0	n/a	370.3	87.2	2.6	185.0
206.084	0.034	fixation	n/a	372.6	80.0	657.0	n/a	n/a	n/a	n/a
206.12	0.004	saccade	n/a	368.1	89.7	n/a	372.6	91.7	0.2	54.0
206.126	0.1	fixation	n/a	373.2	80.7	648.0	n/a	n/a	n/a	n/a
206.228	0.024	saccade	n/a	374.0	74.7	n/a	376.0	72.8	0.11	78.0
206.254	0.06	fixation	n/a	376.8	80.9	645.0	n/a	n/a	n/a	n/a
206.316	0.066	saccade	n/a	379.4	73.2	n/a	555.4	94.3	7.11	297.0
206.384	0.23	fixation	n/a	542.6	102.5	643.0	n/a	n/a	n/a	n/a
206.616	0.088	saccade	n/a	545.3	107.2	n/a	68.5	168.8	18.75	406.0
206.706	0.29	fixation	n/a	73.2	162.2	690.0	n/a	n/a	n/a	n/a
206.998	0.022	saccade	n/a	78.2	160.2	n/a	144.6	154.8	2.58	192.0
207.022	0.298	fixation	n/a	140.8	169.7	702.0	n/a	n/a	n/a	n/a
207.316	0.0	trigger_11	11	n/a	n/a	n/a	n/a	n/a	n/a	n/a
207.322	0.038	saccade	n/a	143.7	168.0	n/a	84.6	157.8	2.33	179.0
207.334	0.0	trigger_10	10	n/a	n/a	n/a	n/a	n/a	n/a	n/a
207.362	0.308	fixation	n/a	70.2	161.6	692.0	n/a	n/a	n/a	n/a
207.672	0.05	saccade	n/a	75.8	163.3	n/a	171.1	179.0	3.75	220.0
207.724	0.168	fixation	n/a	162.4	164.1	686.0	n/a	n/a	n/a	n/a
207.894	0.026	saccade	n/a	165.9	167.8	n/a	239.3	159.4	2.92	201.0
207.922	0.366	fixation	n/a	235.6	167.0	669.0	n/a	n/a	n/a	n/a
208.29	0.024	saccade	n/a	238.6	171.8	n/a	307.8	158.1	2.82	204.0
208.316	0.25	fixation	n/a	301.9	169.5	673.0	n/a	n/a	n/a	n/a
208.568	0.026	saccade	n/a	306.1	166.6	n/a	381.9	161.2	3.06	214.0
208.596	0.326	fixation	n/a	375.2	169.7	663.0	n/a	n/a	n/a	n/a
208.924	0.042	saccade	n/a	375.1	168.1	n/a	459.5	179.7	3.43	197.0
208.968	0.58	fixation	n/a	464.0	177.3	635.0	n/a	n/a	n/a	n/a
209.55	0.062	saccade	n/a	467.5	175.3	n/a	173.2	46.4	12.8	347.0
209.614	0.162	fixation	n/a	160.2	59.9	614.0	n/a	n/a	n/a	n/a
209.778	0.022	saccade	n/a	166.0	59.8	n/a	106.7	71.0	2.35	177.0
209.802	0.228	fixation	n/a	102.2	66.7	612.0	n/a	n/a	n/a	n/a
210.032	0.02	saccade	n/a	104.1	69.2	n/a	81.6	63.9	0.89	106.0
210.054	0.198	fixation	n/a	83.4	65.8	615.0	n/a	n/a	n/a	n/a
210.254	0.024	saccade	n/a	86.8	68.1	n/a	164.4	55.1	3.06	205.0
210.28	0.252	fixation	n/a	177.1	70.4	617.0	n/a	n/a	n/a	n/a
210.534	0.042	saccade	n/a	178.3	68.9	n/a	230.1	80.2	2.1	152.0
210.578	0.116	fixation	n/a	225.6	74.1	610.0	n/a	n/a	n/a	n/a
210.696	0.116	saccade	n/a	227.0	80.4	n/a	270.4	86.5	1.75	712.0
210.728	0.05	blink	n/a	n/a	n/a	n/a	n/a	n/a	n/a	n/a
210.814	0.286	fixation	n/a	255.8	90.0	600.0	n/a	n/a	n/a	n/a
211.102	0.018	saccade	n/a	251.6	81.6	n/a	293.3	69.6	1.73	142.0
211.122	0.572	fixation	n/a	291.7	79.5	613.0	n/a	n/a	n/a	n/a
211.696	0.042	saccade	n/a	296.5	78.3	n/a	349.3	88.2	2.16	185.0
211.74	0.242	fixation	n/a	347.0	75.4	614.0	n/a	n/a	n/a	n/a
211.984	0.016	saccade	n/a	347.7	73.3	n/a	323.6	69.1	0.98	100.0
212.002	0.07	fixation	n/a	330.0	72.4	605.0	n/a	n/a	n/a	n/a
212.074	0.064	saccade	n/a	329.5	70.0	n/a	408.0	50.8	3.25	232.0
212.14	0.29	fixation	n/a	409.6	59.5	585.0	n/a	n/a	n/a	n/a
212.432	0.008	saccade	n/a	413.7	58.1	n/a	397.5	58.3	0.65	78.0
212.442	0.242	fixation	n/a	396.1	56.2	567.0	n/a	n/a	n/a	n/a
212.686	0.046	saccade	n/a	399.8	53.7	n/a	468.5	79.3	2.96	180.0
212.734	0.1	fixation	n/a	466.9	65.0	549.0	n/a	n/a	n/a	n/a
212.836	0.044	saccade	n/a	469.1	73.0	n/a	528.6	70.6	2.39	235.0
212.882	0.282	fixation	n/a	528.8	60.2	533.0	n/a	n/a	n/a	n/a
213.166	0.066	saccade	n/a	532.6	63.4	n/a	150.4	129.7	15.34	425.0
213.234	0.182	fixation	n/a	131.0	140.7	564.0	n/a	n/a	n/a	n/a
213.418	0.022	saccade	n/a	138.8	141.2	n/a	79.2	142.0	2.3	152.0
213.442	0.222	fixation	n/a	75.3	140.2	568.0	n/a	n/a	n/a	n/a
213.666	0.032	saccade	n/a	79.0	143.8	n/a	196.4	145.1	4.57	228.0
213.7	0.182	fixation	n/a	200.0	154.3	588.0	n/a	n/a	n/a	n/a
213.884	0.022	saccade	n/a	206.3	160.8	n/a	270.7	153.0	2.58	183.0
213.908	0.242	fixation	n/a	270.0	165.8	597.0	n/a	n/a	n/a	n/a
214.152	0.024	saccade	n/a	272.5	167.0	n/a	334.2	158.2	2.5	190.0
214.178	0.318	fixation	n/a	328.1	172.4	619.0	n/a	n/a	n/a	n/a
214.498	0.024	saccade	n/a	327.4	169.2	n/a	395.2	159.0	2.76	199.0
214.524	0.218	fixation	n/a	390.8	168.6	618.0	n/a	n/a	n/a	n/a
214.744	0.04	saccade	n/a	394.5	168.7	n/a	449.4	179.2	2.25	172.0
214.786	0.218	fixation	n/a	451.5	168.5	608.0	n/a	n/a	n/a	n/a
215.006	0.022	saccade	n/a	452.6	170.6	n/a	516.7	166.2	2.58	192.0
215.03	0.258	fixation	n/a	503.4	177.2	614.0	n/a	n/a	n/a	n/a
215.29	0.066	saccade	n/a	505.3	174.7	n/a	151.8	218.5	14.08	364.0
215.358	0.166	fixation	n/a	133.8	229.7	631.0	n/a	n/a	n/a	n/a
215.526	0.022	saccade	n/a	140.0	229.4	n/a	85.8	228.2	2.09	164.0
215.55	0.376	fixation	n/a	81.2	227.6	627.0	n/a	n/a	n/a	n/a
215.928	0.028	saccade	n/a	84.0	226.7	n/a	168.8	228.2	3.28	193.0
215.958	0.3	fixation	n/a	169.8	233.9	644.0	n/a	n/a	n/a	n/a
216.26	0.016	saccade	n/a	172.3	236.2	n/a	138.3	233.4	1.33	125.0
216.278	0.246	fixation	n/a	143.1	233.1	638.0	n/a	n/a	n/a	n/a
216.526	0.03	saccade	n/a	144.9	232.8	n/a	246.0	232.5	3.97	203.0
216.558	0.302	fixation	n/a	248.3	237.6	624.0	n/a	n/a	n/a	n/a
216.862	0.032	saccade	n/a	253.4	240.9	n/a	355.0	240.7	4.05	223.0
216.896	0.3	fixation	n/a	348.2	244.4	606.0	n/a	n/a	n/a	n/a
217.198	0.03	saccade	n/a	352.4	246.1	n/a	452.0	247.6	3.98	205.0
217.23	0.352	fixation	n/a	439.4	251.5	589.0	n/a	n/a	n/a	n/a
217.584	0.026	saccade	n/a	439.7	256.5	n/a	501.5	236.5	2.6	169.0
217.612	0.24	fixation	n/a	488.6	251.3	585.0	n/a	n/a	n/a	n/a
217.854	0.018	saccade	n/a	489.0	251.4	n/a	532.3	246.0	1.74	138.0
217.874	0.218	fixation	n/a	522.9	250.5	577.0	n/a	n/a	n/a	n/a
218.094	0.058	saccade	n/a	526.0	251.0	n/a	176.6	288.4	13.86	339.0
218.154	0.18	fixation	n/a	160.3	291.5	585.0	n/a	n/a	n/a	n/a
218.336	0.028	saccade	n/a	164.0	293.8	n/a	82.0	293.7	3.15	171.0
218.366	0.398	fixation	n/a	84.2	293.5	587.0	n/a	n/a	n/a	n/a
218.766	0.02	saccade	n/a	89.2	293.1	n/a	135.8	291.5	1.79	135.0
218.788	0.202	fixation	n/a	136.1	298.2	596.0	n/a	n/a	n/a	n/a
218.992	0.024	saccade	n/a	136.3	297.5	n/a	219.8	296.0	3.26	204.0
219.018	0.248	fixation	n/a	215.9	300.7	591.0	n/a	n/a	n/a	n/a
219.268	0.024	saccade	n/a	219.2	301.1	n/a	290.3	301.7	2.81	186.0
219.294	0.348	fixation	n/a	286.7	307.3	579.0	n/a	n/a	n/a	n/a
219.438	0.0	trigger_11	11	n/a	n/a	n/a	n/a	n/a	n/a	n/a
219.454	0.0	trigger_10	10	n/a	n/a	n/a	n/a	n/a	n/a	n/a
219.644	0.02	saccade	n/a	292.8	310.7	n/a	341.0	305.2	1.93	145.0
219.666	0.24	fixation	n/a	336.4	311.6	564.0	n/a	n/a	n/a	n/a
219.908	0.018	saccade	n/a	338.2	312.2	n/a	383.9	313.4	1.82	135.0
219.928	0.32	fixation	n/a	384.0	317.8	557.0	n/a	n/a	n/a	n/a
220.25	0.03	saccade	n/a	384.8	315.5	n/a	483.6	307.3	3.94	207.0
220.282	0.252	fixation	n/a	470.4	313.6	552.0	n/a	n/a	n/a	n/a
220.536	0.03	saccade	n/a	471.7	309.0	n/a	567.1	303.2	3.79	233.0
220.568	0.304	fixation	n/a	554.2	315.4	547.0	n/a	n/a	n/a	n/a
220.874	0.068	saccade	n/a	556.6	316.5	n/a	143.9	359.3	16.15	384.0
220.944	0.182	fixation	n/a	126.3	368.9	555.0	n/a	n/a	n/a	n/a
221.128	0.02	saccade	n/a	131.6	364.0	n/a	81.1	370.3	1.94	151.0
221.15	0.472	fixation	n/a	84.8	365.5	559.0	n/a	n/a	n/a	n/a
221.624	0.048	saccade	n/a	93.6	359.7	n/a	135.2	99.0	10.41	337.0
221.674	0.078	fixation	n/a	134.3	98.6	519.0	n/a	n/a	n/a	n/a
221.754	0.022	saccade	n/a	137.4	105.3	n/a	93.3	59.1	2.52	188.0
221.778	0.21	fixation	n/a	97.2	62.6	536.0	n/a	n/a	n/a	n/a
221.99	0.016	saccade	n/a	104.6	59.9	n/a	74.0	61.7	1.18	109.0
222.008	0.156	fixation	n/a	80.0	61.5	545.0	n/a	n/a	n/a	n/a
222.166	0.044	saccade	n/a	85.1	62.7	n/a	151.1	69.2	2.57	186.0
222.212	0.288	fixation	n/a	149.4	57.7	548.0	n/a	n/a	n/a	n/a
222.502	0.054	saccade	n/a	154.8	57.3	n/a	247.8	63.0	3.68	234.0
222.558	0.37	fixation	n/a	244.2	58.2	558.0	n/a	n/a	n/a	n/a
222.93	0.054	saccade	n/a	247.4	57.0	n/a	333.8	58.9	3.46	225.0
222.986	0.24	fixation	n/a	327.0	60.5	557.0	n/a	n/a	n/a	n/a
223.228	0.046	saccade	n/a	329.5	65.7	n/a	384.6	65.7	2.22	202.0
223.276	0.218	fixation	n/a	379.9	50.2	551.0	n/a	n/a	n/a	n/a
223.496	0.016	saccade	n/a	378.6	49.7	n/a	352.1	57.3	1.11	109.0
223.514	0.364	fixation	n/a	356.2	61.5	545.0	n/a	n/a	n/a	n/a
223.88	0.058	saccade	n/a	360.0	67.3	n/a	453.8	65.3	3.78	235.0
223.94	0.306	fixation	n/a	449.1	65.5	535.0	n/a	n/a	n/a	n/a
224.248	0.052	saccade	n/a	455.2	68.9	n/a	528.2	67.3	2.93	222.0
224.302	0.254	fixation	n/a	519.5	66.1	522.0	n/a	n/a	n/a	n/a
224.558	0.022	saccade	n/a	522.8	66.9	n/a	576.5	63.8	2.14	158.0
224.582	0.124	fixation	n/a	564.6	68.2	508.0	n/a	n/a	n/a	n/a
224.708	0.064	saccade	n/a	563.4	66.8	n/a	123.3	122.6	17.44	422.0
224.774	0.178	fixation	n/a	110.9	133.0	540.0	n/a	n/a	n/a	n/a
224.954	0.016	saccade	n/a	116.5	130.4	n/a	85.5	137.9	1.23	106.0
224.972	0.21	fixation	n/a	89.5	136.2	540.0	n/a	n/a	n/a	n/a
224.982	0.0	trigger_11	11	n/a	n/a	n/a	n/a	n/a	n/a	n/a
224.998	0.0	trigger_10	10	n/a	n/a	n/a	n/a	n/a	n/a	n/a
225.184	0.048	saccade	n/a	93.0	143.2	n/a	183.0	170.8	3.67	194.0
225.234	0.27	fixation	n/a	178.6	156.9	561.0	n/a	n/a	n/a	n/a
225.506	0.05	saccade	n/a	185.7	159.3	n/a	296.3	169.8	4.41	228.0
225.558	0.264	fixation	n/a	293.2	159.7	560.0	n/a	n/a	n/a	n/a
225.824	0.044	saccade	n/a	298.9	159.0	n/a	375.1	165.6	3.07	203.0
225.87	0.248	fixation	n/a	369.0	158.0	549.0	n/a	n/a	n/a	n/a
226.12	0.044	saccade	n/a	372.5	163.9	n/a	423.9	168.5	2.08	168.0
226.166	0.258	fixation	n/a	421.7	160.0	545.0	n/a	n/a	n/a	n/a
226.426	0.022	saccade	n/a	423.0	161.2	n/a	485.5	153.2	2.54	187.0
226.45	0.26	fixation	n/a	481.2	159.8	540.0	n/a	n/a	n/a	n/a
226.712	0.05	saccade	n/a	483.8	164.0	n/a	569.4	167.8	3.42	220.0
226.764	0.194	fixation	n/a	562.3	162.2	536.0	n/a	n/a	n/a	n/a
226.96	0.066	saccade	n/a	566.4	164.1	n/a	223.9	167.6	13.59	364.0
227.028	0.182	fixation	n/a	218.5	183.1	558.0	n/a	n/a	n/a	n/a
227.212	0.04	saccade	n/a	230.7	188.9	n/a	126.3	43.7	7.13	332.0
227.254	0.082	fixation	n/a	117.2	50.4	529.0	n/a	n/a	n/a	n/a
227.338	0.092	saccade	n/a	131.1	64.2	n/a	138.3	65.1	0.28	629.0
227.358	0.048	blink	n/a	n/a	n/a	n/a	n/a	n/a	n/a	n/a
227.432	0.302	fixation	n/a	118.8	70.0	544.0	n/a	n/a	n/a	n/a
227.736	0.016	saccade	n/a	118.0	71.1	n/a	79.0	70.7	1.5	128.0
227.754	0.288	fixation	n/a	72.0	69.2	576.0	n/a	n/a	n/a	n/a
228.044	0.058	saccade	n/a	72.0	69.3	n/a	206.8	82.6	5.27	257.0
228.104	0.19	fixation	n/a	199.6	71.0	600.0	n/a	n/a	n/a	n/a
228.296	0.014	saccade	n/a	203.3	78.3	n/a	174.2	75.2	1.15	104.0
228.312	0.304	fixation	n/a	178.3	80.4	610.0	n/a	n/a	n/a	n/a
228.618	0.046	saccade	n/a	184.5	79.6	n/a	263.2	79.0	3.12	241.0
228.666	0.172	fixation	n/a	265.4	58.3	581.0	n/a	n/a	n/a	n/a
228.84	0.058	saccade	n/a	268.2	54.1	n/a	348.0	66.4	3.24	204.0
228.9	0.386	fixation	n/a	346.7	65.9	566.0	n/a	n/a	n/a	n/a
229.288	0.048	saccade	n/a	352.1	69.2	n/a	415.6	74.4	2.56	239.0
229.338	0.264	fixation	n/a	411.2	60.5	564.0	n/a	n/a	n/a	n/a
229.604	0.05	saccade	n/a	412.7	61.9	n/a	469.8	87.0	2.52	174.0
229.656	0.352	fixation	n/a	466.1	73.1	553.0	n/a	n/a	n/a	n/a
230.01	0.056	saccade	n/a	469.5	73.0	n/a	102.4	132.6	14.65	438.0
230.068	0.378	fixation	n/a	87.4	135.2	558.0	n/a	n/a	n/a	n/a
230.448	0.048	saccade	n/a	87.6	134.3	n/a	179.7	174.2	3.93	217.0
230.498	0.416	fixation	n/a	175.0	160.6	587.0	n/a	n/a	n/a	n/a
230.916	0.048	saccade	n/a	177.5	159.2	n/a	266.3	179.3	3.61	246.0
230.966	0.316	fixation	n/a	264.1	167.7	586.0	n/a	n/a	n/a	n/a
231.284	0.044	saccade	n/a	266.5	162.7	n/a	343.3	172.5	3.1	195.0
231.33	0.372	fixation	n/a	345.3	164.7	575.0	n/a	n/a	n/a	n/a
231.704	0.024	saccade	n/a	350.9	171.0	n/a	406.7	149.5	2.41	178.0
231.73	0.246	fixation	n/a	403.5	161.4	566.0	n/a	n/a	n/a	n/a
231.978	0.016	saccade	n/a	403.5	159.3	n/a	376.4	165.7	1.12	112.0
231.996	0.202	fixation	n/a	380.2	166.0	561.0	n/a	n/a	n/a	n/a
232.2	0.052	saccade	n/a	383.3	164.2	n/a	456.9	168.7	2.97	183.0
232.254	0.256	fixation	n/a	448.7	162.9	553.0	n/a	n/a	n/a	n/a
232.398	0.0	trigger_11	11	n/a	n/a	n/a	n/a	n/a	n/a	n/a
232.406	0.0	trigger_12	12	n/a	n/a	n/a	n/a	n/a	n/a	n/a
232.512	0.05	saccade	n/a	454.2	164.0	n/a	550.5	177.4	3.89	211.0
232.564	0.53	fixation	n/a	548.0	170.2	545.0	n/a	n/a	n/a	n/a
233.096	0.026	saccade	n/a	556.3	175.7	n/a	624.9	150.7	2.89	178.0
233.124	0.142	fixation	n/a	613.3	155.0	521.0	n/a	n/a	n/a	n/a
233.268	0.078	saccade	n/a	612.5	155.5	n/a	110.2	230.8	19.81	460.0
233.348	0.318	fixation	n/a	101.8	232.6	550.0	n/a	n/a	n/a	n/a
233.668	0.048	saccade	n/a	107.8	233.8	n/a	200.3	248.8	3.65	203.0
233.718	0.214	fixation	n/a	193.1	241.2	568.0	n/a	n/a	n/a	n/a
233.934	0.026	saccade	n/a	195.9	239.4	n/a	284.9	228.0	3.55	220.0
233.962	0.616	fixation	n/a	283.2	238.9	585.0	n/a	n/a	n/a	n/a
234.58	0.122	saccade	n/a	292.2	245.2	n/a	151.3	89.1	8.4	818.0
234.61	0.052	blink	n/a	n/a	n/a	n/a	n/a	n/a	n/a	n/a
234.704	0.154	fixation	n/a	145.2	90.5	568.0	n/a	n/a	n/a	n/a
234.86	0.022	saccade	n/a	148.7	87.4	n/a	95.4	73.4	2.14	161.0
234.884	0.3	fixation	n/a	95.1	73.8	576.0	n/a	n/a	n/a	n/a
235.186	0.068	saccade	n/a	97.0	79.5	n/a	201.2	62.6	4.13	261.0
235.256	0.362	fixation	n/a	207.8	65.3	590.0	n/a	n/a	n/a	n/a
235.62	0.07	saccade	n/a	212.2	68.9	n/a	308.6	47.9	3.93	260.0
235.692	0.266	fixation	n/a	309.6	62.5	580.0	n/a	n/a	n/a	n/a
235.96	0.048	saccade	n/a	311.2	63.7	n/a	378.9	77.0	2.78	213.0
236.01	0.208	fixation	n/a	375.4	62.9	569.0	n/a	n/a	n/a	n/a
236.22	0.01	saccade	n/a	377.3	67.6	n/a	364.7	62.2	0.55	64.0
236.232	0.258	fixation	n/a	372.8	62.0	565.0	n/a	n/a	n/a	n/a
236.488	0.0	trigger_13	13	n/a	n/a	n/a	n/a	n/a	n/a	n/a
236.492	0.05	saccade	n/a	377.4	65.3	n/a	479.9	89.1	4.24	230.0
236.498	0.0	trigger_10	10	n/a	n/a	n/a	n/a	n/a	n/a	n/a
236.544	0.238	fixation	n/a	476.7	67.5	550.0	n/a	n/a	n/a	n/a
236.784	0.052	saccade	n/a	477.1	69.2	n/a	533.1	78.6	2.28	165.0
236.838	0.432	fixation	n/a	527.0	78.5	539.0	n/a	n/a	n/a	n/a
237.272	0.064	saccade	n/a	533.7	75.3	n/a	126.5	123.2	16.18	394.0
237.338	0.162	fixation	n/a	110.6	127.9	548.0	n/a	n/a	n/a	n/a
237.502	0.022	saccade	n/a	115.9	122.1	n/a	71.8	136.5	1.79	134.0
237.526	0.316	fixation	n/a	71.6	130.8	533.0	n/a	n/a	n/a	n/a
237.844	0.042	saccade	n/a	74.1	129.9	n/a	145.7	158.3	2.99	182.0
237.888	0.37	fixation	n/a	141.8	145.5	538.0	n/a	n/a	n/a	n/a
238.26	0.03	saccade	n/a	149.9	146.5	n/a	203.1	58.1	4.14	255.0
238.292	0.416	fixation	n/a	208.7	68.1	536.0	n/a	n/a	n/a	n/a
238.71	0.074	saccade	n/a	219.9	70.7	n/a	87.3	73.2	5.18	229.0
238.786	0.196	fixation	n/a	86.2	61.2	566.0	n/a	n/a	n/a	n/a
238.984	0.018	saccade	n/a	92.2	64.8	n/a	79.0	69.5	0.54	80.0
239.004	0.108	fixation	n/a	79.9	70.3	576.0	n/a	n/a	n/a	n/a
239.114	0.072	saccade	n/a	79.5	73.0	n/a	159.0	62.0	3.11	216.0
239.188	0.256	fixation	n/a	161.8	73.5	591.0	n/a	n/a	n/a	n/a
239.446	0.062	saccade	n/a	164.9	67.3	n/a	308.4	62.5	5.7	274.0
239.51	0.228	fixation	n/a	305.2	61.1	574.0	n/a	n/a	n/a	n/a
239.648	0.0	trigger_11	11	n/a	n/a	n/a	n/a	n/a	n/a	n/a
239.656	0.0	trigger_10	10	n/a	n/a	n/a	n/a	n/a	n/a	n/a
239.74	0.024	saccade	n/a	312.3	64.7	n/a	243.5	72.0	2.77	182.0
239.766	0.244	fixation	n/a	244.3	68.6	565.0	n/a	n/a	n/a	n/a
240.012	0.094	saccade	n/a	245.2	72.5	n/a	417.7	66.0	6.92	309.0
240.108	0.232	fixation	n/a	425.5	60.6	563.0	n/a	n/a	n/a	n/a
240.342	0.018	saccade	n/a	431.7	65.6	n/a	397.5	67.8	1.38	120.0
240.362	0.482	fixation	n/a	399.8	67.2	562.0	n/a	n/a	n/a	n/a
240.846	0.064	saccade	n/a	402.0	64.8	n/a	465.3	65.9	2.55	197.0
240.912	0.27	fixation	n/a	462.2	76.3	551.0	n/a	n/a	n/a	n/a
241.184	0.048	saccade	n/a	465.1	80.1	n/a	536.0	93.9	2.9	204.0
241.234	0.306	fixation	n/a	530.1	80.0	534.0	n/a	n/a	n/a	n/a
241.542	0.062	saccade	n/a	534.6	80.3	n/a	284.3	70.8	10.02	323.0
241.606	0.254	fixation	n/a	286.6	76.4	538.0	n/a	n/a	n/a	n/a
241.862	0.072	saccade	n/a	296.6	79.4	n/a	78.1	85.8	8.56	294.0
241.936	0.294	fixation	n/a	83.2	73.7	545.0	n/a	n/a	n/a	n/a
242.232	0.02	saccade	n/a	90.6	75.6	n/a	129.5	61.3	1.61	133.0
242.254	0.23	fixation	n/a	131.4	67.1	554.0	n/a	n/a	n/a	n/a
242.486	0.022	saccade	n/a	134.6	65.0	n/a	190.6	53.6	2.24	155.0
242.51	0.37	fixation	n/a	188.6	61.3	550.0	n/a	n/a	n/a	n/a
242.882	0.022	saccade	n/a	203.0	62.2	n/a	269.2	59.6	2.63	185.0
242.906	0.582	fixation	n/a	275.4	67.6	554.0	n/a	n/a	n/a	n/a
243.49	0.046	saccade	n/a	271.2	70.7	n/a	339.1	90.0	2.83	187.0
243.538	0.466	fixation	n/a	336.4	75.3	558.0	n/a	n/a	n/a	n/a
244.006	0.028	saccade	n/a	340.1	79.3	n/a	268.8	91.8	2.9	182.0
244.036	0.164	fixation	n/a	269.0	83.4	580.0	n/a	n/a	n/a	n/a
244.202	0.062	saccade	n/a	269.2	84.8	n/a	415.6	68.9	5.92	279.0
244.266	0.202	fixation	n/a	410.1	67.4	583.0	n/a	n/a	n/a	n/a
244.47	0.022	saccade	n/a	414.0	65.3	n/a	363.2	71.6	2.06	152.0
244.494	0.026	fixation	n/a	371.7	68.6	581.0	n/a	n/a	n/a	n/a
244.522	0.01	saccade	n/a	363.3	71.9	n/a	364.7	87.0	0.62	88.0
244.534	0.254	fixation	n/a	368.6	75.5	586.0	n/a	n/a	n/a	n/a
244.79	0.064	saccade	n/a	369.1	83.5	n/a	475.2	72.3	4.29	244.0
244.856	0.196	fixation	n/a	475.1	77.3	575.0	n/a	n/a	n/a	n/a
245.054	0.018	saccade	n/a	482.9	75.8	n/a	447.1	74.8	1.44	106.0
245.074	0.268	fixation	n/a	455.3	74.2	557.0	n/a	n/a	n/a	n/a
245.344	0.052	saccade	n/a	459.5	73.5	n/a	524.8	78.9	2.63	193.0
245.398	0.264	fixation	n/a	519.1	70.8	527.0	n/a	n/a	n/a	n/a
245.664	0.058	saccade	n/a	523.6	74.0	n/a	120.8	157.0	16.21	424.0
245.724	0.224	fixation	n/a	96.7	158.0	560.0	n/a	n/a	n/a	n/a
245.95	0.022	saccade	n/a	98.0	152.4	n/a	71.9	143.0	1.07	122.0
245.974	0.16	fixation	n/a	72.6	146.7	553.0	n/a	n/a	n/a	n/a
246.136	0.05	saccade	n/a	73.3	144.7	n/a	178.0	173.5	4.23	214.0
246.188	0.278	fixation	n/a	172.1	161.4	558.0	n/a	n/a	n/a	n/a
246.468	0.018	saccade	n/a	173.1	159.7	n/a	137.2	152.2	1.43	122.0
246.488	0.06	fixation	n/a	140.1	154.3	556.0	n/a	n/a	n/a	n/a
246.55	0.062	saccade	n/a	138.2	152.7	n/a	290.7	164.3	6.03	312.0
246.614	0.206	fixation	n/a	284.7	157.1	561.0	n/a	n/a	n/a	n/a
246.822	0.018	saccade	n/a	287.5	162.3	n/a	248.8	168.2	1.56	134.0
246.842	0.266	fixation	n/a	246.6	164.9	564.0	n/a	n/a	n/a	n/a
247.11	0.056	saccade	n/a	250.0	169.9	n/a	358.7	169.6	4.35	241.0
247.168	0.468	fixation	n/a	353.0	169.8	573.0	n/a	n/a	n/a	n/a
247.638	0.098	saccade	n/a	360.4	176.6	n/a	428.9	175.7	2.75	755.0
247.674	0.028	blink	n/a	n/a	n/a	n/a	n/a	n/a	n/a	n/a
247.738	0.542	fixation	n/a	419.3	171.5	572.0	n/a	n/a	n/a	n/a
248.282	0.02	saccade	n/a	419.7	169.8	n/a	369.2	175.0	2.04	145.0
248.304	0.366	fixation	n/a	375.0	173.5	565.0	n/a	n/a	n/a	n/a
248.672	0.016	saccade	n/a	380.0	164.6	n/a	417.1	165.0	1.5	125.0
248.69	0.37	fixation	n/a	412.9	173.5	555.0	n/a	n/a	n/a	n/a
249.062	0.022	saccade	n/a	416.8	169.9	n/a	468.3	163.2	2.09	156.0
249.086	0.416	fixation	n/a	459.1	174.6	563.0	n/a	n/a	n/a	n/a
249.504	0.032	saccade	n/a	462.2	175.9	n/a	372.3	169.1	3.63	188.0
249.538	0.352	fixation	n/a	375.1	168.9	570.0	n/a	n/a	n/a	n/a
249.892	0.018	saccade	n/a	380.8	161.1	n/a	414.7	159.3	1.37	118.0
249.912	0.424	fixation	n/a	410.5	169.8	570.0	n/a	n/a	n/a	n/a
250.338	0.02	saccade	n/a	413.3	168.6	n/a	457.9	167.9	1.79	141.0
250.36	0.204	fixation	n/a	450.1	171.9	581.0	n/a	n/a	n/a	n/a
250.566	0.112	saccade	n/a	459.3	181.8	n/a	393.6	187.4	2.65	787.0
250.59	0.056	blink	n/a	n/a	n/a	n/a	n/a	n/a	n/a	n/a
250.68	0.62	fixation	n/a	393.5	177.8	587.0	n/a	n/a	n/a	n/a
251.302	0.042	saccade	n/a	396.9	170.4	n/a	311.9	175.6	3.43	181.0
251.346	0.6	fixation	n/a	304.5	179.0	574.0	n/a	n/a	n/a	n/a
251.948	0.016	saccade	n/a	307.9	179.1	n/a	273.7	179.1	1.37	130.0
251.966	0.484	fixation	n/a	272.9	178.7	574.0	n/a	n/a	n/a	n/a
252.452	0.134	saccade	n/a	284.7	179.4	n/a	338.4	187.1	2.17	839.0
252.478	0.062	blink	n/a	n/a	n/a	n/a	n/a	n/a	n/a	n/a
252.588	0.356	fixation	n/a	332.5	176.2	565.0	n/a	n/a	n/a	n/a
252.946	0.018	saccade	n/a	332.2	166.7	n/a	369.7	153.5	1.6	145.0
252.966	0.546	fixation	n/a	358.3	166.9	577.0	n/a	n/a	n/a	n/a
253.514	0.026	saccade	n/a	357.0	166.6	n/a	427.5	165.1	2.84	181.0
253.542	0.358	fixation	n/a	423.0	172.5	577.0	n/a	n/a	n/a	n/a
253.902	0.016	saccade	n/a	424.2	173.0	n/a	395.9	163.7	1.2	111.0
253.92	0.334	fixation	n/a	399.9	169.9	579.0	n/a	n/a	n/a	n/a
254.256	0.02	saccade	n/a	403.0	165.2	n/a	454.2	164.7	2.06	154.0
254.278	0.346	fixation	n/a	448.6	177.5	580.0	n/a	n/a	n/a	n/a
254.626	0.138	saccade	n/a	455.3	180.9	n/a	422.1	181.5	1.33	760.0
254.654	0.064	blink	n/a	n/a	n/a	n/a	n/a	n/a	n/a	n/a
254.766	0.378	fixation	n/a	416.9	177.0	578.0	n/a	n/a	n/a	n/a
255.146	0.024	saccade	n/a	420.0	174.3	n/a	367.4	192.6	2.24	168.0
255.172	0.416	fixation	n/a	373.8	184.0	581.0	n/a	n/a	n/a	n/a
255.59	0.06	saccade	n/a	377.3	185.4	n/a	522.5	535.6	14.79	338.0
255.652	0.31	fixation	n/a	460.5	541.5	587.0	n/a	n/a	n/a	n/a
255.964	0.018	saccade	n/a	440.8	538.0	n/a	397.4	536.8	1.67	120.0
255.984	0.204	fixation	n/a	395.8	535.8	582.0	n/a	n/a	n/a	n/a
256.19	0.026	saccade	n/a	397.3	535.6	n/a	475.7	547.9	3.05	175.0
256.218	0.778	fixation	n/a	471.6	550.4	566.0	n/a	n/a	n/a	n/a
256.998	0.02	saccade	n/a	475.5	552.1	n/a	527.7	548.0	2.0	139.0
257.02	0.07	fixation	n/a	531.4	548.7	569.0	n/a	n/a	n/a	n/a
257.092	0.12	saccade	n/a	541.1	556.9	n/a	353.7	229.9	14.59	821.0
257.112	0.054	blink	n/a	n/a	n/a	n/a	n/a	n/a	n/a	n/a
257.214	0.174	fixation	n/a	356.8	226.1	578.0	n/a	n/a	n/a	n/a
257.39	0.02	saccade	n/a	361.6	218.0	n/a	364.7	193.5	1.0	131.0
257.412	0.19	fixation	n/a	361.7	197.1	586.0	n/a	n/a	n/a	n/a
257.604	0.072	saccade	n/a	365.1	194.1	n/a	270.5	192.4	3.78	231.0
257.678	0.496	fixation	n/a	273.9	175.8	593.0	n/a	n/a	n/a	n/a
258.176	0.08	saccade	n/a	280.8	168.8	n/a	139.0	160.4	5.6	235.0
258.258	0.374	fixation	n/a	139.0	158.8	565.0	n/a	n/a	n/a	n/a
258.634	0.048	saccade	n/a	143.2	160.8	n/a	259.2	183.8	4.67	228.0
258.684	0.572	fixation	n/a	261.6	174.2	577.0	n/a	n/a	n/a	n/a
259.258	0.02	saccade	n/a	270.3	178.0	n/a	325.9	175.7	2.23	164.0
259.28	0.478	fixation	n/a	326.7	180.1	582.0	n/a	n/a	n/a	n/a
259.672	0.0	trigger_11	11	n/a	n/a	n/a	n/a	n/a	n/a	n/a
259.686	0.0	trigger_10	10	n/a	n/a	n/a	n/a	n/a	n/a	n/a
259.76	0.022	saccade	n/a	330.4	184.6	n/a	372.4	170.4	1.78	140.0
259.784	0.434	fixation	n/a	363.5	183.4	589.0	n/a	n/a	n/a	n/a
260.22	0.15	saccade	n/a	371.1	188.1	n/a	404.5	183.5	1.35	836.0
260.246	0.086	blink	n/a	n/a	n/a	n/a	n/a	n/a	n/a	n/a
260.372	0.488	fixation	n/a	389.2	183.3	588.0	n/a	n/a	n/a	n/a
260.862	0.02	saccade	n/a	393.0	177.1	n/a	444.2	168.4	2.09	167.0
260.884	0.314	fixation	n/a	437.9	174.8	588.0	n/a	n/a	n/a	n/a
261.2	0.122	saccade	n/a	448.1	179.4	n/a	368.2	177.3	3.21	628.0
261.224	0.068	blink	n/a	n/a	n/a	n/a	n/a	n/a	n/a	n/a
261.324	0.574	fixation	n/a	365.8	180.1	592.0	n/a	n/a	n/a	n/a
261.9	0.078	saccade	n/a	370.0	177.9	n/a	148.0	105.2	9.27	333.0
261.98	0.024	fixation	n/a	144.7	85.6	575.0	n/a	n/a	n/a	n/a
262.006	0.022	saccade	n/a	141.6	81.3	n/a	83.7	66.2	2.32	182.0
262.03	0.284	fixation	n/a	87.1	66.8	577.0	n/a	n/a	n/a	n/a
262.316	0.02	saccade	n/a	91.6	64.2	n/a	49.3	73.6	1.66	135.0
262.338	0.536	fixation	n/a	56.1	69.5	593.0	n/a	n/a	n/a	n/a
262.876	0.022	saccade	n/a	61.4	67.0	n/a	116.4	56.1	2.16	180.0
262.9	0.368	fixation	n/a	110.9	76.5	616.0	n/a	n/a	n/a	n/a
263.27	0.022	saccade	n/a	113.8	85.5	n/a	173.9	78.7	2.36	184.0
263.294	0.364	fixation	n/a	172.9	83.7	642.0	n/a	n/a	n/a	n/a
263.66	0.038	saccade	n/a	174.4	79.8	n/a	247.4	88.8	2.91	220.0
263.7	0.388	fixation	n/a	258.9	84.9	623.0	n/a	n/a	n/a	n/a
264.09	0.064	saccade	n/a	266.0	85.9	n/a	328.1	73.7	2.54	203.0
264.156	0.402	fixation	n/a	335.4	81.5	599.0	n/a	n/a	n/a	n/a
264.56	0.084	saccade	n/a	349.0	87.8	n/a	442.6	83.2	3.78	755.0
264.59	0.02	blink	n/a	n/a	n/a	n/a	n/a	n/a	n/a	n/a
264.646	0.412	fixation	n/a	435.1	85.6	587.0	n/a	n/a	n/a	n/a
265.06	0.064	saccade	n/a	436.0	84.2	n/a	484.2	86.9	1.94	175.0
265.126	0.27	fixation	n/a	483.0	99.2	594.0	n/a	n/a	n/a	n/a
265.398	0.042	saccade	n/a	486.4	99.4	n/a	536.3	111.4	2.06	194.0
265.442	0.328	fixation	n/a	532.5	103.2	586.0	n/a	n/a	n/a	n/a
265.772	0.072	saccade	n/a	536.2	103.0	n/a	129.0	138.5	16.13	413.0
265.846	0.162	fixation	n/a	111.7	151.1	607.0	n/a	n/a	n/a	n/a
266.01	0.02	saccade	n/a	117.7	155.2	n/a	74.8	156.7	1.65	123.0
266.032	0.324	fixation	n/a	79.8	156.0	605.0	n/a	n/a	n/a	n/a
266.358	0.024	saccade	n/a	82.9	159.0	n/a	149.6	156.8	2.58	157.0
266.384	0.182	fixation	n/a	147.0	162.5	607.0	n/a	n/a	n/a	n/a
266.568	0.028	saccade	n/a	147.0	159.9	n/a	236.4	162.2	3.52	201.0
266.598	0.224	fixation	n/a	232.6	166.3	599.0	n/a	n/a	n/a	n/a
266.824	0.01	saccade	n/a	234.5	172.8	n/a	215.0	173.5	0.77	83.0
266.836	0.114	fixation	n/a	219.2	170.8	606.0	n/a	n/a	n/a	n/a
266.952	0.056	saccade	n/a	218.5	163.5	n/a	288.5	183.1	2.9	187.0
267.01	0.136	fixation	n/a	283.7	171.7	609.0	n/a	n/a	n/a	n/a
267.148	0.024	saccade	n/a	285.7	178.5	n/a	359.5	159.4	3.06	215.0
267.174	0.276	fixation	n/a	357.7	173.1	615.0	n/a	n/a	n/a	n/a
267.452	0.052	saccade	n/a	360.1	174.8	n/a	418.1	177.8	2.33	189.0
267.506	0.246	fixation	n/a	412.7	174.8	620.0	n/a	n/a	n/a	n/a
267.754	0.048	saccade	n/a	411.8	174.9	n/a	481.6	186.5	2.85	204.0
267.804	0.222	fixation	n/a	478.5	176.4	589.0	n/a	n/a	n/a	n/a
268.028	0.046	saccade	n/a	482.2	177.2	n/a	560.2	183.7	3.12	226.0
268.076	0.358	fixation	n/a	560.1	174.0	554.0	n/a	n/a	n/a	n/a
268.234	0.0	trigger_11	11	n/a	n/a	n/a	n/a	n/a	n/a	n/a
268.246	0.0	trigger_10	10	n/a	n/a	n/a	n/a	n/a	n/a	n/a
268.436	0.062	saccade	n/a	566.9	175.3	n/a	164.7	220.4	15.94	380.0
268.5	0.154	fixation	n/a	150.4	222.4	563.0	n/a	n/a	n/a	n/a
268.656	0.024	saccade	n/a	154.8	219.3	n/a	93.1	226.6	2.41	171.0
268.682	0.438	fixation	n/a	86.4	224.2	549.0	n/a	n/a	n/a	n/a
269.122	0.028	saccade	n/a	86.6	226.2	n/a	178.7	237.2	3.6	196.0
269.152	0.196	fixation	n/a	180.1	239.3	558.0	n/a	n/a	n/a	n/a
269.35	0.024	saccade	n/a	181.7	235.2	n/a	259.1	242.8	3.07	202.0
269.376	0.222	fixation	n/a	255.5	246.1	556.0	n/a	n/a	n/a	n/a
269.6	0.048	saccade	n/a	257.3	248.9	n/a	356.4	256.2	3.96	222.0
269.65	0.296	fixation	n/a	351.8	245.9	549.0	n/a	n/a	n/a	n/a
269.948	0.026	saccade	n/a	357.7	248.4	n/a	429.4	247.3	2.87	180.0
269.976	0.432	fixation	n/a	418.7	253.1	547.0	n/a	n/a	n/a	n/a
270.41	0.044	saccade	n/a	422.6	252.7	n/a	222.7	65.4	11.0	391.0
270.456	0.094	fixation	n/a	204.4	62.8	512.0	n/a	n/a	n/a	n/a
270.552	0.038	saccade	n/a	205.8	64.2	n/a	128.6	71.5	3.04	228.0
270.592	0.106	fixation	n/a	112.9	71.3	527.0	n/a	n/a	n/a	n/a
270.7	0.022	saccade	n/a	116.7	70.1	n/a	65.0	66.0	2.0	170.0
270.724	0.382	fixation	n/a	70.3	70.4	532.0	n/a	n/a	n/a	n/a
271.108	0.016	saccade	n/a	72.4	74.2	n/a	102.8	66.0	1.21	108.0
271.126	0.384	fixation	n/a	98.0	72.9	561.0	n/a	n/a	n/a	n/a
271.512	0.024	saccade	n/a	99.6	72.6	n/a	174.3	49.2	3.05	208.0
271.538	0.25	fixation	n/a	181.8	61.8	560.0	n/a	n/a	n/a	n/a
271.79	0.016	saccade	n/a	188.0	61.9	n/a	151.2	61.8	1.44	110.0
271.808	0.284	fixation	n/a	150.9	65.6	556.0	n/a	n/a	n/a	n/a
272.094	0.108	saccade	n/a	153.2	69.7	n/a	280.3	102.7	5.2	918.0
272.124	0.048	blink	n/a	n/a	n/a	n/a	n/a	n/a	n/a	n/a
272.204	0.312	fixation	n/a	265.5	88.7	551.0	n/a	n/a	n/a	n/a
272.518	0.05	saccade	n/a	265.6	79.7	n/a	320.6	94.7	2.29	169.0
272.57	0.176	fixation	n/a	314.1	90.2	550.0	n/a	n/a	n/a	n/a
272.748	0.066	saccade	n/a	319.4	88.7	n/a	391.7	63.0	3.09	232.0
272.816	0.288	fixation	n/a	392.3	68.3	526.0	n/a	n/a	n/a	n/a
273.106	0.034	saccade	n/a	397.7	58.9	n/a	493.2	68.9	3.86	187.0
273.142	0.374	fixation	n/a	479.3	72.1	509.0	n/a	n/a	n/a	n/a
273.518	0.01	saccade	n/a	479.7	77.7	n/a	465.6	73.0	0.6	68.0
273.53	0.318	fixation	n/a	465.0	74.2	501.0	n/a	n/a	n/a	n/a
273.85	0.058	saccade	n/a	462.1	71.1	n/a	91.1	129.4	14.77	410.0
273.91	0.316	fixation	n/a	73.7	133.8	520.0	n/a	n/a	n/a	n/a
274.228	0.05	saccade	n/a	78.5	138.7	n/a	191.6	177.0	4.65	232.0
274.28	0.192	fixation	n/a	186.4	166.8	547.0	n/a	n/a	n/a	n/a
274.474	0.016	saccade	n/a	189.3	169.2	n/a	156.3	167.8	1.3	118.0
274.492	0.584	fixation	n/a	158.6	168.0	545.0	n/a	n/a	n/a	n/a
275.078	0.03	saccade	n/a	159.3	167.0	n/a	262.0	158.7	4.07	230.0
275.11	0.3	fixation	n/a	265.0	166.3	538.0	n/a	n/a	n/a	n/a
275.412	0.018	saccade	n/a	269.8	166.4	n/a	305.2	160.6	1.44	124.0
275.432	0.338	fixation	n/a	304.8	172.9	552.0	n/a	n/a	n/a	n/a
275.594	0.0	trigger_11	11	n/a	n/a	n/a	n/a	n/a	n/a	n/a
275.604	0.0	trigger_10	10	n/a	n/a	n/a	n/a	n/a	n/a	n/a
275.772	0.026	saccade	n/a	306.0	177.9	n/a	376.3	168.8	2.85	191.0
275.8	0.182	fixation	n/a	366.5	173.2	552.0	n/a	n/a	n/a	n/a
275.984	0.02	saccade	n/a	371.7	172.2	n/a	427.5	165.4	2.26	168.0
276.006	0.248	fixation	n/a	425.0	171.3	548.0	n/a	n/a	n/a	n/a
276.256	0.06	saccade	n/a	426.1	171.5	n/a	542.5	171.9	4.66	250.0
276.318	0.292	fixation	n/a	533.5	174.0	543.0	n/a	n/a	n/a	n/a
276.612	0.05	saccade	n/a	537.5	180.4	n/a	611.4	185.0	2.93	208.0
276.664	0.194	fixation	n/a	605.2	172.2	536.0	n/a	n/a	n/a	n/a
276.86	0.078	saccade	n/a	606.0	173.7	n/a	88.2	212.1	20.17	442.0
276.94	0.15	fixation	n/a	69.4	218.0	552.0	n/a	n/a	n/a	n/a
277.092	0.012	saccade	n/a	74.6	219.2	n/a	52.2	226.2	0.9	92.0
277.106	0.344	fixation	n/a	60.3	225.3	567.0	n/a	n/a	n/a	n/a
277.452	0.034	saccade	n/a	67.5	221.7	n/a	81.3	89.7	5.26	260.0
277.488	0.198	fixation	n/a	80.2	93.5	560.0	n/a	n/a	n/a	n/a
277.688	0.018	saccade	n/a	86.4	90.8	n/a	101.1	58.9	1.4	124.0
277.708	0.334	fixation	n/a	95.7	74.9	557.0	n/a	n/a	n/a	n/a
278.044	0.106	saccade	n/a	102.8	79.7	n/a	130.8	69.9	1.15	711.0
278.072	0.05	blink	n/a	n/a	n/a	n/a	n/a	n/a	n/a	n/a
278.152	0.132	fixation	n/a	116.8	71.8	569.0	n/a	n/a	n/a	n/a
278.286	0.06	saccade	n/a	110.5	72.0	n/a	192.3	92.5	3.31	223.0
278.348	0.25	fixation	n/a	185.4	83.6	573.0	n/a	n/a	n/a	n/a
278.6	0.022	saccade	n/a	190.6	85.4	n/a	142.8	81.9	1.88	144.0
278.624	0.292	fixation	n/a	143.2	78.5	563.0	n/a	n/a	n/a	n/a
278.918	0.068	saccade	n/a	144.9	77.4	n/a	257.3	66.4	4.46	247.0
278.988	0.372	fixation	n/a	265.9	72.9	552.0	n/a	n/a	n/a	n/a
279.362	0.018	saccade	n/a	269.4	72.9	n/a	247.7	69.0	0.88	93.0
279.382	0.39	fixation	n/a	250.0	69.2	543.0	n/a	n/a	n/a	n/a
279.774	0.05	saccade	n/a	252.7	68.8	n/a	358.2	75.4	4.24	230.0
279.826	0.198	fixation	n/a	358.1	68.0	540.0	n/a	n/a	n/a	n/a
280.026	0.014	saccade	n/a	363.0	65.4	n/a	336.8	64.7	1.05	97.0
280.042	0.324	fixation	n/a	338.9	70.0	538.0	n/a	n/a	n/a	n/a
280.368	0.056	saccade	n/a	339.6	69.6	n/a	447.8	59.0	4.37	259.0
280.426	0.222	fixation	n/a	444.4	53.2	517.0	n/a	n/a	n/a	n/a
280.65	0.01	saccade	n/a	444.4	56.4	n/a	425.8	56.9	0.75	76.0
280.662	0.202	fixation	n/a	428.0	60.5	512.0	n/a	n/a	n/a	n/a
280.866	0.046	saccade	n/a	431.0	67.2	n/a	497.7	74.1	2.7	170.0
280.914	0.186	fixation	n/a	491.2	61.9	502.0	n/a	n/a	n/a	n/a
281.102	0.06	saccade	n/a	492.9	62.1	n/a	118.3	120.8	14.97	427.0
281.164	0.198	fixation	n/a	104.5	131.9	529.0	n/a	n/a	n/a	n/a
281.364	0.016	saccade	n/a	110.3	133.1	n/a	79.5	141.8	1.24	96.0
281.382	0.182	fixation	n/a	80.2	140.8	538.0	n/a	n/a	n/a	n/a
281.566	0.048	saccade	n/a	80.7	141.2	n/a	194.8	169.5	4.57	237.0
281.616	0.258	fixation	n/a	188.9	159.2	569.0	n/a	n/a	n/a	n/a
281.876	0.02	saccade	n/a	190.7	160.5	n/a	146.2	160.0	1.75	139.0
281.898	0.238	fixation	n/a	147.9	166.5	589.0	n/a	n/a	n/a	n/a
282.138	0.044	saccade	n/a	152.8	171.2	n/a	233.0	189.1	3.24	203.0
282.184	0.328	fixation	n/a	234.1	172.5	590.0	n/a	n/a	n/a	n/a
282.514	0.022	saccade	n/a	236.9	171.9	n/a	298.2	154.5	2.54	196.0
282.538	0.272	fixation	n/a	292.5	172.6	584.0	n/a	n/a	n/a	n/a
282.812	0.02	saccade	n/a	296.4	172.5	n/a	338.6	160.4	1.76	135.0
282.834	0.19	fixation	n/a	330.9	167.0	572.0	n/a	n/a	n/a	n/a
283.026	0.044	saccade	n/a	332.9	173.6	n/a	399.7	182.0	2.7	202.0
283.072	0.258	fixation	n/a	395.0	169.4	568.0	n/a	n/a	n/a	n/a
283.332	0.02	saccade	n/a	397.1	170.8	n/a	445.8	160.4	2.01	146.0
283.354	0.364	fixation	n/a	436.6	173.0	569.0	n/a	n/a	n/a	n/a
283.72	0.028	saccade	n/a	435.3	173.9	n/a	519.3	169.0	3.37	191.0
283.75	0.228	fixation	n/a	506.8	177.4	566.0	n/a	n/a	n/a	n/a
283.98	0.046	saccade	n/a	509.9	174.2	n/a	556.0	188.2	1.92	143.0
284.028	0.266	fixation	n/a	554.4	177.3	550.0	n/a	n/a	n/a	n/a
284.296	0.064	saccade	n/a	553.7	177.1	n/a	130.0	236.9	16.82	405.0
284.362	0.198	fixation	n/a	113.8	239.5	564.0	n/a	n/a	n/a	n/a
284.562	0.016	saccade	n/a	116.2	239.4	n/a	79.4	231.5	1.45	128.0
284.58	0.272	fixation	n/a	79.9	230.0	550.0	n/a	n/a	n/a	n/a
284.854	0.034	saccade	n/a	86.0	232.5	n/a	219.4	232.5	5.19	216.0
284.89	0.38	fixation	n/a	219.4	238.0	547.0	n/a	n/a	n/a	n/a
285.272	0.024	saccade	n/a	225.7	238.3	n/a	289.6	233.0	2.54	180.0
285.298	0.272	fixation	n/a	288.3	243.4	539.0	n/a	n/a	n/a	n/a
285.572	0.028	saccade	n/a	290.7	245.4	n/a	386.9	240.3	3.85	219.0
285.602	0.26	fixation	n/a	378.2	243.5	527.0	n/a	n/a	n/a	n/a
285.864	0.024	saccade	n/a	381.9	248.6	n/a	453.3	237.5	2.9	195.0
285.89	0.226	fixation	n/a	448.1	246.3	518.0	n/a	n/a	n/a	n/a
286.118	0.03	saccade	n/a	449.0	250.6	n/a	571.7	243.4	4.89	263.0
286.15	0.286	fixation	n/a	561.2	244.3	506.0	n/a	n/a	n/a	n/a
286.438	0.014	saccade	n/a	563.4	252.9	n/a	537.4	251.1	1.03	87.0
286.454	0.148	fixation	n/a	541.1	249.5	508.0	n/a	n/a	n/a	n/a
286.604	0.058	saccade	n/a	544.8	248.1	n/a	141.7	292.9	15.91	420.0
286.664	0.19	fixation	n/a	123.0	302.2	525.0	n/a	n/a	n/a	n/a
286.856	0.018	saccade	n/a	124.8	297.7	n/a	82.7	295.8	1.61	126.0
286.876	0.278	fixation	n/a	81.5	292.1	529.0	n/a	n/a	n/a	n/a
287.156	0.03	saccade	n/a	83.6	292.9	n/a	190.8	297.5	4.14	203.0
287.188	0.286	fixation	n/a	192.3	300.2	545.0	n/a	n/a	n/a	n/a
287.332	0.0	trigger_11	11	n/a	n/a	n/a	n/a	n/a	n/a	n/a
287.344	0.0	trigger_10	10	n/a	n/a	n/a	n/a	n/a	n/a	n/a
287.476	0.028	saccade	n/a	195.2	299.0	n/a	293.7	302.9	3.88	226.0
287.506	0.172	fixation	n/a	287.2	312.0	554.0	n/a	n/a	n/a	n/a
287.68	0.02	saccade	n/a	287.6	314.0	n/a	345.5	308.7	2.31	177.0
287.702	0.224	fixation	n/a	338.1	317.0	566.0	n/a	n/a	n/a	n/a
287.928	0.026	saccade	n/a	339.2	310.6	n/a	423.9	312.6	3.38	224.0
287.956	0.258	fixation	n/a	414.7	324.8	575.0	n/a	n/a	n/a	n/a
288.216	0.05	saccade	n/a	415.8	327.9	n/a	500.4	330.8	3.36	216.0
288.268	0.286	fixation	n/a	493.1	319.3	571.0	n/a	n/a	n/a	n/a
288.556	0.028	saccade	n/a	494.1	320.8	n/a	576.0	308.9	3.27	197.0
288.586	0.132	fixation	n/a	561.3	319.9	563.0	n/a	n/a	n/a	n/a
288.72	0.058	saccade	n/a	560.0	322.2	n/a	134.9	363.4	16.59	404.0
288.78	0.2	fixation	n/a	106.5	368.5	564.0	n/a	n/a	n/a	n/a
288.982	0.014	saccade	n/a	105.8	364.4	n/a	73.7	365.1	1.22	120.0
288.998	0.218	fixation	n/a	74.4	365.7	565.0	n/a	n/a	n/a	n/a
289.218	0.1	saccade	n/a	78.9	367.8	n/a	167.9	108.4	10.79	709.0
289.262	0.008	blink	n/a	n/a	n/a	n/a	n/a	n/a	n/a	n/a
289.32	0.086	fixation	n/a	168.2	94.5	508.0	n/a	n/a	n/a	n/a
289.408	0.022	saccade	n/a	168.1	104.2	n/a	115.9	76.7	2.32	183.0
289.432	0.196	fixation	n/a	118.8	80.8	510.0	n/a	n/a	n/a	n/a
289.63	0.02	saccade	n/a	119.6	81.0	n/a	82.7	76.8	1.43	123.0
289.652	0.238	fixation	n/a	83.3	79.2	518.0	n/a	n/a	n/a	n/a
289.892	0.048	saccade	n/a	86.7	79.0	n/a	189.5	83.1	4.0	277.0
289.942	0.23	fixation	n/a	184.2	64.8	533.0	n/a	n/a	n/a	n/a
290.174	0.024	saccade	n/a	186.1	63.6	n/a	129.9	75.8	2.25	141.0
290.2	0.278	fixation	n/a	131.8	77.0	538.0	n/a	n/a	n/a	n/a
290.48	0.074	saccade	n/a	140.5	79.4	n/a	278.3	47.7	5.6	292.0
290.556	0.374	fixation	n/a	286.7	63.3	525.0	n/a	n/a	n/a	n/a
290.828	0.0	trigger_11	11	n/a	n/a	n/a	n/a	n/a	n/a	n/a
290.834	0.0	trigger_12	12	n/a	n/a	n/a	n/a	n/a	n/a	n/a
290.932	0.022	saccade	n/a	289.3	67.6	n/a	351.7	59.4	2.52	171.0
290.956	0.256	fixation	n/a	354.6	71.4	524.0	n/a	n/a	n/a	n/a
291.214	0.054	saccade	n/a	355.4	65.3	n/a	439.1	84.9	3.46	233.0
291.27	0.194	fixation	n/a	432.1	79.0	534.0	n/a	n/a	n/a	n/a
291.466	0.048	saccade	n/a	434.2	85.5	n/a	517.4	102.0	3.41	249.0
291.516	0.238	fixation	n/a	514.8	87.5	538.0	n/a	n/a	n/a	n/a
291.756	0.022	saccade	n/a	516.0	84.8	n/a	471.2	88.8	1.8	148.0
291.78	0.236	fixation	n/a	476.3	85.6	537.0	n/a	n/a	n/a	n/a
292.018	0.086	saccade	n/a	481.3	82.9	n/a	134.7	171.2	14.16	400.0
292.106	0.15	fixation	n/a	135.6	156.6	556.0	n/a	n/a	n/a	n/a
292.258	0.022	saccade	n/a	142.5	158.9	n/a	88.5	155.5	2.1	160.0
292.282	0.306	fixation	n/a	86.5	154.6	553.0	n/a	n/a	n/a	n/a
292.59	0.028	saccade	n/a	90.6	159.2	n/a	178.1	151.0	3.42	199.0
292.62	0.392	fixation	n/a	180.8	156.3	552.0	n/a	n/a	n/a	n/a
293.014	0.026	saccade	n/a	189.3	152.2	n/a	121.6	78.3	3.98	273.0
293.042	0.164	fixation	n/a	111.8	77.3	533.0	n/a	n/a	n/a	n/a
293.208	0.018	saccade	n/a	115.8	76.8	n/a	78.9	75.6	1.42	135.0
293.228	0.23	fixation	n/a	80.4	78.5	539.0	n/a	n/a	n/a	n/a
293.46	0.024	saccade	n/a	82.4	80.9	n/a	158.6	60.9	3.07	225.0
293.486	0.258	fixation	n/a	159.3	69.0	544.0	n/a	n/a	n/a	n/a
293.746	0.024	saccade	n/a	161.8	67.9	n/a	97.4	81.2	2.56	169.0
293.772	0.18	fixation	n/a	98.3	78.4	544.0	n/a	n/a	n/a	n/a
293.954	0.062	saccade	n/a	101.9	81.5	n/a	253.7	67.8	5.98	267.0
294.018	0.244	fixation	n/a	247.9	66.7	540.0	n/a	n/a	n/a	n/a
294.264	0.016	saccade	n/a	252.2	68.4	n/a	223.3	67.0	1.15	107.0
294.282	0.188	fixation	n/a	226.7	68.8	539.0	n/a	n/a	n/a	n/a
294.472	0.088	saccade	n/a	232.8	70.7	n/a	324.8	78.4	3.69	230.0
294.524	0.0	trigger_13	13	n/a	n/a	n/a	n/a	n/a	n/a	n/a
294.532	0.0	trigger_10	10	n/a	n/a	n/a	n/a	n/a	n/a	n/a
294.562	0.198	fixation	n/a	327.3	62.9	519.0	n/a	n/a	n/a	n/a
294.762	0.048	saccade	n/a	332.4	59.9	n/a	417.2	58.6	3.41	250.0
294.812	0.18	fixation	n/a	411.2	47.7	501.0	n/a	n/a	n/a	n/a
294.994	0.018	saccade	n/a	411.8	54.5	n/a	376.4	60.4	1.45	118.0
295.014	0.18	fixation	n/a	379.9	57.7	496.0	n/a	n/a	n/a	n/a
295.196	0.05	saccade	n/a	383.5	59.9	n/a	489.3	78.8	4.33	210.0
295.248	0.264	fixation	n/a	481.1	67.3	487.0	n/a	n/a	n/a	n/a
295.514	0.046	saccade	n/a	486.4	68.4	n/a	560.5	83.7	3.03	177.0
295.562	0.232	fixation	n/a	552.4	77.0	490.0	n/a	n/a	n/a	n/a
295.796	0.07	saccade	n/a	550.8	79.7	n/a	127.4	124.6	16.77	445.0
295.868	0.146	fixation	n/a	114.9	134.4	532.0	n/a	n/a	n/a	n/a
296.016	0.022	saccade	n/a	121.1	137.9	n/a	72.7	151.2	1.94	145.0
296.04	0.238	fixation	n/a	70.9	144.8	542.0	n/a	n/a	n/a	n/a
296.28	0.018	saccade	n/a	70.9	149.2	n/a	116.6	147.4	1.76	148.0
296.3	0.44	fixation	n/a	118.0	158.7	576.0	n/a	n/a	n/a	n/a
296.742	0.024	saccade	n/a	121.0	155.0	n/a	81.6	80.7	3.34	254.0
296.768	0.288	fixation	n/a	79.7	85.1	580.0	n/a	n/a	n/a	n/a
297.058	0.022	saccade	n/a	84.4	85.5	n/a	134.8	68.1	2.07	164.0
297.082	0.25	fixation	n/a	128.9	86.5	599.0	n/a	n/a	n/a	n/a
297.334	0.05	saccade	n/a	132.8	92.1	n/a	220.7	97.3	3.46	212.0
297.386	0.068	fixation	n/a	218.1	83.6	610.0	n/a	n/a	n/a	n/a
297.456	0.06	saccade	n/a	222.3	83.3	n/a	304.2	108.2	3.42	239.0
297.518	0.178	fixation	n/a	301.2	97.7	620.0	n/a	n/a	n/a	n/a
297.698	0.032	saccade	n/a	304.5	102.0	n/a	275.5	99.2	1.17	142.0
297.732	0.274	fixation	n/a	268.7	99.8	629.0	n/a	n/a	n/a	n/a
298.008	0.062	saccade	n/a	272.3	99.7	n/a	383.2	87.4	4.48	287.0
298.072	0.228	fixation	n/a	379.6	81.9	605.0	n/a	n/a	n/a	n/a
298.302	0.018	saccade	n/a	384.9	79.9	n/a	350.1	78.9	1.4	132.0
298.322	0.126	fixation	n/a	354.2	82.1	594.0	n/a	n/a	n/a	n/a
298.45	0.07	saccade	n/a	356.0	91.7	n/a	461.7	69.0	4.35	295.0
298.522	0.324	fixation	n/a	464.0	83.2	582.0	n/a	n/a	n/a	n/a
298.848	0.048	saccade	n/a	470.0	88.1	n/a	533.1	109.8	2.68	213.0
298.898	0.22	fixation	n/a	531.1	94.3	567.0	n/a	n/a	n/a	n/a
299.12	0.066	saccade	n/a	533.5	97.7	n/a	138.9	129.4	15.65	426.0
299.188	0.174	fixation	n/a	118.3	143.8	576.0	n/a	n/a	n/a	n/a
299.364	0.018	saccade	n/a	121.0	142.8	n/a	79.5	149.1	1.62	130.0
299.384	0.31	fixation	n/a	77.2	144.8	563.0	n/a	n/a	n/a	n/a
299.696	0.056	saccade	n/a	77.0	141.0	n/a	175.2	164.3	3.93	209.0
299.754	0.334	fixation	n/a	170.1	157.4	558.0	n/a	n/a	n/a	n/a
300.09	0.026	saccade	n/a	174.8	157.2	n/a	174.3	65.8	3.69	253.0
300.118	0.174	fixation	n/a	168.5	81.6	551.0	n/a	n/a	n/a	n/a
300.294	0.036	saccade	n/a	168.7	83.1	n/a	277.0	77.7	4.29	255.0
300.332	0.224	fixation	n/a	275.8	74.5	550.0	n/a	n/a	n/a	n/a
300.412	0.0	trigger_11	11	n/a	n/a	n/a	n/a	n/a	n/a	n/a
300.418	0.0	trigger_10	10	n/a	n/a	n/a	n/a	n/a	n/a	n/a
300.558	0.064	saccade	n/a	277.1	75.6	n/a	385.1	45.2	4.51	244.0
300.624	0.288	fixation	n/a	384.8	59.7	543.0	n/a	n/a	n/a	n/a
300.914	0.066	saccade	n/a	391.6	61.4	n/a	460.7	62.9	2.78	181.0
300.982	0.244	fixation	n/a	457.7	76.6	544.0	n/a	n/a	n/a	n/a
301.228	0.048	saccade	n/a	459.3	79.2	n/a	530.5	98.8	2.96	219.0
301.278	0.128	fixation	n/a	525.7	85.7	541.0	n/a	n/a	n/a	n/a
301.408	0.062	saccade	n/a	526.5	86.8	n/a	181.3	157.1	13.99	439.0
301.472	0.294	fixation	n/a	158.7	170.1	569.0	n/a	n/a	n/a	n/a
301.768	0.026	saccade	n/a	164.3	172.7	n/a	230.8	165.5	2.64	172.0
301.796	0.214	fixation	n/a	225.2	177.8	585.0	n/a	n/a	n/a	n/a
302.012	0.142	saccade	n/a	228.1	177.8	n/a	183.3	71.0	4.66	735.0
302.05	0.074	blink	n/a	n/a	n/a	n/a	n/a	n/a	n/a	n/a
302.156	0.496	fixation	n/a	174.3	82.1	548.0	n/a	n/a	n/a	n/a
302.654	0.038	saccade	n/a	172.2	77.5	n/a	108.3	66.7	2.52	180.0
302.694	0.318	fixation	n/a	93.8	70.2	559.0	n/a	n/a	n/a	n/a
303.014	0.046	saccade	n/a	97.7	70.5	n/a	173.6	71.7	2.96	190.0
303.062	0.16	fixation	n/a	168.5	61.2	551.0	n/a	n/a	n/a	n/a
303.076	0.0	trigger_11	11	n/a	n/a	n/a	n/a	n/a	n/a	n/a
303.084	0.0	trigger_10	10	n/a	n/a	n/a	n/a	n/a	n/a	n/a
303.224	0.056	saccade	n/a	169.3	60.0	n/a	249.5	60.2	3.17	226.0
303.282	0.192	fixation	n/a	246.4	58.8	544.0	n/a	n/a	n/a	n/a
303.476	0.068	saccade	n/a	249.5	64.2	n/a	340.7	56.5	3.66	243.0
303.546	0.22	fixation	n/a	342.7	72.6	551.0	n/a	n/a	n/a	n/a
303.768	0.056	saccade	n/a	347.8	67.1	n/a	456.7	78.7	4.4	260.0
303.826	0.296	fixation	n/a	449.4	70.1	548.0	n/a	n/a	n/a	n/a
304.124	0.044	saccade	n/a	449.5	79.1	n/a	492.4	98.2	1.89	168.0
304.17	0.314	fixation	n/a	486.2	88.8	560.0	n/a	n/a	n/a	n/a
304.486	0.02	saccade	n/a	486.8	91.0	n/a	429.6	83.9	2.32	174.0
304.508	0.03	fixation	n/a	425.2	82.0	571.0	n/a	n/a	n/a	n/a
304.54	0.004	saccade	n/a	418.3	81.9	n/a	415.2	89.5	0.33	70.0
304.546	0.37	fixation	n/a	424.4	87.6	577.0	n/a	n/a	n/a	n/a
304.918	0.054	saccade	n/a	427.0	88.8	n/a	511.8	107.6	3.49	242.0
304.974	0.418	fixation	n/a	503.1	101.8	597.0	n/a	n/a	n/a	n/a
305.394	0.13	saccade	n/a	505.9	115.9	n/a	126.8	128.2	14.96	734.0
305.426	0.046	blink	n/a	n/a	n/a	n/a	n/a	n/a	n/a	n/a
305.526	0.156	fixation	n/a	127.3	117.7	615.0	n/a	n/a	n/a	n/a
305.684	0.066	saccade	n/a	134.8	117.4	n/a	77.8	104.5	2.26	186.0
305.752	0.294	fixation	n/a	78.6	89.0	599.0	n/a	n/a	n/a	n/a
306.048	0.02	saccade	n/a	80.2	87.7	n/a	120.1	81.0	1.56	131.0
306.07	0.274	fixation	n/a	114.5	80.6	582.0	n/a	n/a	n/a	n/a
306.346	0.054	saccade	n/a	115.0	76.1	n/a	202.7	86.8	3.46	195.0
306.402	0.212	fixation	n/a	197.9	74.9	563.0	n/a	n/a	n/a	n/a
306.616	0.022	saccade	n/a	202.7	77.7	n/a	254.4	61.6	2.15	178.0
306.64	0.394	fixation	n/a	256.9	77.3	553.0	n/a	n/a	n/a	n/a
307.036	0.052	saccade	n/a	261.7	77.3	n/a	321.4	78.2	2.39	168.0
307.09	0.458	fixation	n/a	316.9	69.6	542.0	n/a	n/a	n/a	n/a
307.55	0.02	saccade	n/a	318.8	69.1	n/a	272.9	75.1	1.86	146.0
307.572	0.212	fixation	n/a	269.5	72.8	538.0	n/a	n/a	n/a	n/a
307.786	0.068	saccade	n/a	272.2	71.0	n/a	381.4	49.1	4.48	291.0
307.856	0.294	fixation	n/a	382.5	66.5	536.0	n/a	n/a	n/a	n/a
308.152	0.044	saccade	n/a	384.9	76.9	n/a	445.0	82.8	2.44	182.0
308.198	0.352	fixation	n/a	439.0	79.1	556.0	n/a	n/a	n/a	n/a
308.552	0.044	saccade	n/a	440.1	83.0	n/a	497.2	103.2	2.44	171.0
308.598	0.348	fixation	n/a	496.9	84.8	549.0	n/a	n/a	n/a	n/a
308.948	0.026	saccade	n/a	500.6	86.7	n/a	435.2	83.1	2.64	194.0
308.976	0.03	fixation	n/a	437.9	72.7	545.0	n/a	n/a	n/a	n/a
309.008	0.012	saccade	n/a	433.2	85.4	n/a	439.5	80.2	0.33	73.0
309.022	0.326	fixation	n/a	439.3	79.5	545.0	n/a	n/a	n/a	n/a
309.35	0.046	saccade	n/a	442.7	82.8	n/a	516.8	95.4	3.02	196.0
309.398	0.19	fixation	n/a	512.3	82.2	543.0	n/a	n/a	n/a	n/a
309.59	0.07	saccade	n/a	515.4	82.1	n/a	131.4	145.1	15.36	392.0
309.662	0.18	fixation	n/a	117.8	156.8	559.0	n/a	n/a	n/a	n/a
309.844	0.018	saccade	n/a	120.9	153.6	n/a	85.8	152.6	1.36	117.0
309.864	0.608	fixation	n/a	80.3	148.4	538.0	n/a	n/a	n/a	n/a
310.474	0.036	saccade	n/a	76.7	148.6	n/a	163.8	75.8	4.46	226.0
310.512	0.204	fixation	n/a	166.9	83.3	517.0	n/a	n/a	n/a	n/a
310.718	0.022	saccade	n/a	168.5	86.0	n/a	218.9	64.7	2.17	167.0
310.742	0.304	fixation	n/a	216.6	74.7	509.0	n/a	n/a	n/a	n/a
311.048	0.12	saccade	n/a	223.6	79.3	n/a	173.5	157.3	3.72	553.0
311.06	0.0	trigger_11	11	n/a	n/a	n/a	n/a	n/a	n/a	n/a
311.074	0.0	trigger_10	10	n/a	n/a	n/a	n/a	n/a	n/a	n/a
311.076	0.06	blink	n/a	n/a	n/a	n/a	n/a	n/a	n/a	n/a
311.17	0.31	fixation	n/a	163.4	156.1	523.0	n/a	n/a	n/a	n/a
311.482	0.02	saccade	n/a	163.5	157.0	n/a	144.8	159.9	0.74	75.0
311.504	0.134	fixation	n/a	146.4	155.7	529.0	n/a	n/a	n/a	n/a
311.64	0.052	saccade	n/a	149.8	155.6	n/a	230.2	166.0	3.19	191.0
311.694	0.216	fixation	n/a	224.5	155.3	522.0	n/a	n/a	n/a	n/a
311.912	0.024	saccade	n/a	229.5	152.2	n/a	298.0	149.5	2.73	185.0
311.938	0.304	fixation	n/a	299.6	155.9	505.0	n/a	n/a	n/a	n/a
312.244	0.02	saccade	n/a	303.5	158.5	n/a	256.8	156.8	1.87	132.0
312.266	0.198	fixation	n/a	251.3	156.7	504.0	n/a	n/a	n/a	n/a
312.466	0.032	saccade	n/a	253.3	160.0	n/a	384.7	165.0	5.27	255.0
312.5	0.188	fixation	n/a	385.0	162.0	509.0	n/a	n/a	n/a	n/a
312.69	0.046	saccade	n/a	386.2	164.9	n/a	484.2	168.2	3.95	215.0
312.738	0.22	fixation	n/a	477.9	162.3	496.0	n/a	n/a	n/a	n/a
312.96	0.042	saccade	n/a	480.7	167.8	n/a	535.9	165.1	2.21	168.0
313.004	0.258	fixation	n/a	529.2	155.6	495.0	n/a	n/a	n/a	n/a
313.264	0.05	saccade	n/a	529.8	152.0	n/a	270.9	46.5	11.21	372.0
313.316	0.146	fixation	n/a	267.8	50.5	491.0	n/a	n/a	n/a	n/a
313.464	0.07	saccade	n/a	273.6	52.3	n/a	107.5	88.2	6.69	293.0
313.536	0.166	fixation	n/a	114.3	71.6	500.0	n/a	n/a	n/a	n/a
313.704	0.018	saccade	n/a	117.6	73.1	n/a	81.2	77.6	1.41	134.0
313.724	0.16	fixation	n/a	87.5	77.5	510.0	n/a	n/a	n/a	n/a
313.886	0.024	saccade	n/a	89.0	75.7	n/a	160.9	63.4	2.84	182.0
313.912	0.354	fixation	n/a	164.1	72.1	520.0	n/a	n/a	n/a	n/a
314.268	0.028	saccade	n/a	168.7	74.5	n/a	254.2	51.5	3.51	210.0
314.298	0.308	fixation	n/a	251.5	62.0	515.0	n/a	n/a	n/a	n/a
314.608	0.044	saccade	n/a	252.8	63.2	n/a	315.6	71.0	2.53	186.0
314.654	0.206	fixation	n/a	311.7	58.2	501.0	n/a	n/a	n/a	n/a
314.862	0.044	saccade	n/a	314.8	58.7	n/a	377.2	72.8	2.58	187.0
314.908	0.238	fixation	n/a	370.6	61.6	501.0	n/a	n/a	n/a	n/a
315.148	0.05	saccade	n/a	374.2	61.7	n/a	470.3	75.8	3.91	230.0
315.2	0.302	fixation	n/a	467.9	61.9	503.0	n/a	n/a	n/a	n/a
315.504	0.02	saccade	n/a	467.8	60.5	n/a	446.1	63.8	0.88	99.0
315.526	0.06	fixation	n/a	447.7	61.7	508.0	n/a	n/a	n/a	n/a
315.588	0.058	saccade	n/a	447.8	60.6	n/a	541.5	75.0	3.79	277.0
315.648	0.228	fixation	n/a	536.5	72.8	507.0	n/a	n/a	n/a	n/a
315.878	0.022	saccade	n/a	544.1	71.4	n/a	486.4	61.3	2.34	176.0
315.902	0.208	fixation	n/a	490.8	60.7	508.0	n/a	n/a	n/a	n/a
316.112	0.072	saccade	n/a	496.4	61.7	n/a	123.4	141.9	15.07	407.0
316.186	0.17	fixation	n/a	111.9	151.4	526.0	n/a	n/a	n/a	n/a
316.206	0.0	trigger_11	11	n/a	n/a	n/a	n/a	n/a	n/a	n/a
316.218	0.0	trigger_12	12	n/a	n/a	n/a	n/a	n/a	n/a	n/a
316.358	0.018	saccade	n/a	115.5	150.4	n/a	79.2	140.9	1.45	138.0
316.378	0.346	fixation	n/a	81.2	140.1	513.0	n/a	n/a	n/a	n/a
316.726	0.046	saccade	n/a	84.4	140.9	n/a	171.4	160.8	3.47	186.0
316.774	0.35	fixation	n/a	165.8	151.0	526.0	n/a	n/a	n/a	n/a
317.126	0.054	saccade	n/a	167.3	149.7	n/a	252.5	164.0	3.42	213.0
317.182	0.266	fixation	n/a	248.5	155.3	529.0	n/a	n/a	n/a	n/a
317.45	0.026	saccade	n/a	250.2	158.3	n/a	318.1	144.5	2.77	173.0
317.478	0.258	fixation	n/a	312.9	154.7	518.0	n/a	n/a	n/a	n/a
317.738	0.04	saccade	n/a	316.0	159.4	n/a	157.9	95.2	6.79	265.0
317.78	0.306	fixation	n/a	128.0	84.2	504.0	n/a	n/a	n/a	n/a
318.088	0.018	saccade	n/a	131.6	84.9	n/a	109.6	79.3	0.88	97.0
318.108	0.064	fixation	n/a	112.8	78.5	518.0	n/a	n/a	n/a	n/a
318.174	0.05	saccade	n/a	111.3	79.4	n/a	221.8	82.5	4.34	240.0
318.226	0.232	fixation	n/a	219.2	65.5	537.0	n/a	n/a	n/a	n/a
318.46	0.044	saccade	n/a	224.9	72.2	n/a	137.0	72.5	3.45	201.0
318.506	0.022	fixation	n/a	120.1	79.4	565.0	n/a	n/a	n/a	n/a
318.53	0.004	saccade	n/a	118.8	95.5	n/a	121.8	94.2	0.13	40.0
318.536	0.178	fixation	n/a	120.8	81.8	579.0	n/a	n/a	n/a	n/a
318.716	0.026	saccade	n/a	126.0	85.5	n/a	102.5	88.0	0.92	134.0
318.744	0.202	fixation	n/a	95.0	88.6	600.0	n/a	n/a	n/a	n/a
318.948	0.028	saccade	n/a	97.9	88.0	n/a	182.8	84.2	3.31	200.0
318.978	0.4	fixation	n/a	183.0	81.2	578.0	n/a	n/a	n/a	n/a
319.38	0.046	saccade	n/a	187.2	76.9	n/a	245.0	87.0	2.33	200.0
319.428	0.27	fixation	n/a	241.8	74.4	545.0	n/a	n/a	n/a	n/a
319.7	0.056	saccade	n/a	245.2	73.4	n/a	360.7	76.3	4.63	254.0
319.758	0.232	fixation	n/a	354.8	70.3	534.0	n/a	n/a	n/a	n/a
319.992	0.016	saccade	n/a	357.2	74.8	n/a	323.1	71.5	1.38	118.0
320.01	0.176	fixation	n/a	325.3	79.7	545.0	n/a	n/a	n/a	n/a
320.188	0.046	saccade	n/a	330.1	85.4	n/a	397.3	93.7	2.73	216.0
320.236	0.222	fixation	n/a	395.4	72.3	547.0	n/a	n/a	n/a	n/a
320.254	0.0	trigger_13	13	n/a	n/a	n/a	n/a	n/a	n/a	n/a
320.268	0.0	trigger_10	10	n/a	n/a	n/a	n/a	n/a	n/a	n/a
320.46	0.046	saccade	n/a	398.5	65.7	n/a	461.0	94.1	2.77	187.0
320.508	0.232	fixation	n/a	458.1	82.5	536.0	n/a	n/a	n/a	n/a
320.742	0.054	saccade	n/a	460.7	87.9	n/a	536.2	100.5	3.07	220.0
320.798	0.2	fixation	n/a	530.5	91.6	538.0	n/a	n/a	n/a	n/a
321.0	0.052	saccade	n/a	534.1	95.0	n/a	570.8	92.3	1.47	143.0
321.054	0.17	fixation	n/a	563.8	89.9	534.0	n/a	n/a	n/a	n/a
321.226	0.086	saccade	n/a	565.0	94.4	n/a	183.9	100.7	15.07	392.0
321.314	0.158	fixation	n/a	186.9	79.8	539.0	n/a	n/a	n/a	n/a
321.474	0.036	saccade	n/a	191.4	76.6	n/a	135.4	77.8	2.19	195.0
321.512	0.3	fixation	n/a	124.1	84.0	540.0	n/a	n/a	n/a	n/a
321.814	0.05	saccade	n/a	128.1	87.3	n/a	217.9	99.3	3.56	203.0
321.866	0.248	fixation	n/a	213.7	84.3	565.0	n/a	n/a	n/a	n/a
322.116	0.046	saccade	n/a	218.8	81.2	n/a	268.2	95.2	2.05	168.0
322.164	0.352	fixation	n/a	265.3	85.3	579.0	n/a	n/a	n/a	n/a
322.518	0.084	saccade	n/a	266.1	86.4	n/a	76.4	83.9	7.43	308.0
322.604	0.426	fixation	n/a	82.4	80.7	595.0	n/a	n/a	n/a	n/a
323.032	0.106	saccade	n/a	89.7	79.5	n/a	125.5	61.4	1.56	898.0
323.064	0.044	blink	n/a	n/a	n/a	n/a	n/a	n/a	n/a	n/a
323.14	0.436	fixation	n/a	104.8	71.9	557.0	n/a	n/a	n/a	n/a
323.578	0.022	saccade	n/a	107.1	69.2	n/a	164.3	59.8	2.26	161.0
323.602	0.31	fixation	n/a	162.5	67.7	539.0	n/a	n/a	n/a	n/a
323.914	0.022	saccade	n/a	165.8	67.9	n/a	223.4	55.1	2.33	167.0
323.938	0.504	fixation	n/a	216.3	65.0	526.0	n/a	n/a	n/a	n/a
324.444	0.014	saccade	n/a	220.2	67.0	n/a	197.2	67.6	0.91	82.0
324.46	0.248	fixation	n/a	202.2	67.5	534.0	n/a	n/a	n/a	n/a
324.71	0.072	saccade	n/a	206.7	67.5	n/a	335.7	56.5	5.16	264.0
324.784	0.24	fixation	n/a	340.0	72.0	533.0	n/a	n/a	n/a	n/a
325.026	0.076	saccade	n/a	346.2	74.3	n/a	225.9	83.3	4.82	228.0
325.104	0.088	fixation	n/a	222.8	75.2	533.0	n/a	n/a	n/a	n/a
325.194	0.036	saccade	n/a	229.5	78.1	n/a	163.5	87.6	2.63	190.0
325.232	0.164	fixation	n/a	154.3	86.2	536.0	n/a	n/a	n/a	n/a
325.398	0.06	saccade	n/a	158.0	85.4	n/a	264.9	72.9	4.26	253.0
325.46	0.19	fixation	n/a	263.4	78.8	534.0	n/a	n/a	n/a	n/a
325.652	0.06	saccade	n/a	268.7	81.8	n/a	328.2	57.6	2.58	191.0
325.714	0.254	fixation	n/a	320.1	77.6	542.0	n/a	n/a	n/a	n/a
325.97	0.072	saccade	n/a	322.0	84.1	n/a	430.8	60.5	4.48	267.0
326.044	0.496	fixation	n/a	433.3	77.8	549.0	n/a	n/a	n/a	n/a
326.542	0.058	saccade	n/a	450.6	102.7	n/a	551.9	86.4	4.11	583.0
326.602	0.322	fixation	n/a	521.7	76.6	517.0	n/a	n/a	n/a	n/a
326.926	0.066	saccade	n/a	524.2	76.0	n/a	94.5	128.4	16.98	422.0
326.994	0.418	fixation	n/a	89.7	131.3	540.0	n/a	n/a	n/a	n/a
327.414	0.016	saccade	n/a	93.4	136.3	n/a	74.9	148.4	0.86	93.0
327.432	0.354	fixation	n/a	76.0	143.1	544.0	n/a	n/a	n/a	n/a
327.788	0.044	saccade	n/a	77.8	145.6	n/a	148.0	170.3	2.89	184.0
327.834	0.266	fixation	n/a	145.4	156.5	550.0	n/a	n/a	n/a	n/a
328.102	0.018	saccade	n/a	150.1	152.6	n/a	200.7	153.1	1.99	150.0
328.122	0.142	fixation	n/a	200.8	163.8	552.0	n/a	n/a	n/a	n/a
328.266	0.028	saccade	n/a	203.2	163.7	n/a	269.6	72.2	4.56	270.0
328.296	0.346	fixation	n/a	269.4	83.5	536.0	n/a	n/a	n/a	n/a
328.644	0.04	saccade	n/a	274.7	88.3	n/a	213.8	139.1	3.18	245.0
328.686	0.188	fixation	n/a	199.5	153.2	552.0	n/a	n/a	n/a	n/a
328.876	0.022	saccade	n/a	204.7	158.8	n/a	162.7	164.3	1.67	118.0
328.9	0.164	fixation	n/a	165.7	167.1	554.0	n/a	n/a	n/a	n/a
329.066	0.058	saccade	n/a	170.3	169.0	n/a	300.5	171.5	5.16	268.0
329.126	0.2	fixation	n/a	295.9	167.4	556.0	n/a	n/a	n/a	n/a
329.328	0.05	saccade	n/a	301.2	166.8	n/a	365.7	163.6	2.59	195.0
329.35	0.0	trigger_11	11	n/a	n/a	n/a	n/a	n/a	n/a	n/a
329.352	0.0	trigger_18	18	n/a	n/a	n/a	n/a	n/a	n/a	n/a
329.38	0.176	fixation	n/a	360.8	160.7	543.0	n/a	n/a	n/a	n/a
329.558	0.058	saccade	n/a	364.6	158.8	n/a	462.9	174.1	4.0	228.0
329.618	0.304	fixation	n/a	453.8	169.6	533.0	n/a	n/a	n/a	n/a
329.924	0.048	saccade	n/a	457.3	170.8	n/a	547.9	188.5	3.69	207.0
329.974	0.22	fixation	n/a	539.6	171.3	512.0	n/a	n/a	n/a	n/a
330.196	0.044	saccade	n/a	543.7	174.8	n/a	605.0	174.0	2.43	169.0
330.242	0.128	fixation	n/a	601.9	161.3	499.0	n/a	n/a	n/a	n/a
330.372	0.066	saccade	n/a	604.2	160.8	n/a	116.8	234.4	19.27	477.0
330.44	0.24	fixation	n/a	99.2	232.3	518.0	n/a	n/a	n/a	n/a
330.682	0.018	saccade	n/a	105.5	233.2	n/a	75.2	229.8	1.17	109.0
330.702	0.186	fixation	n/a	79.1	231.6	515.0	n/a	n/a	n/a	n/a
330.89	0.024	saccade	n/a	82.9	233.5	n/a	164.5	235.8	3.16	204.0
330.916	0.276	fixation	n/a	176.5	242.9	524.0	n/a	n/a	n/a	n/a
331.194	0.058	saccade	n/a	177.6	244.4	n/a	268.2	235.1	3.6	235.0
331.254	0.558	fixation	n/a	269.5	246.0	534.0	n/a	n/a	n/a	n/a
331.814	0.078	saccade	n/a	282.7	247.4	n/a	392.4	274.0	4.51	792.0
331.852	0.006	blink	n/a	n/a	n/a	n/a	n/a	n/a	n/a	n/a
331.894	0.29	fixation	n/a	373.3	260.9	543.0	n/a	n/a	n/a	n/a
332.186	0.028	saccade	n/a	371.3	257.3	n/a	447.2	252.1	3.04	195.0
332.216	0.306	fixation	n/a	433.5	259.5	556.0	n/a	n/a	n/a	n/a
332.524	0.054	saccade	n/a	434.3	259.1	n/a	502.0	249.1	2.73	198.0
332.58	0.294	fixation	n/a	497.2	250.0	536.0	n/a	n/a	n/a	n/a
332.876	0.03	saccade	n/a	502.2	252.0	n/a	406.6	259.3	3.83	227.0
332.908	0.356	fixation	n/a	410.8	254.5	537.0	n/a	n/a	n/a	n/a
333.266	0.03	saccade	n/a	417.2	256.1	n/a	320.3	193.7	4.64	276.0
333.298	0.224	fixation	n/a	316.5	196.1	538.0	n/a	n/a	n/a	n/a
333.524	0.112	saccade	n/a	324.9	199.1	n/a	309.8	208.1	0.71	630.0
333.558	0.05	blink	n/a	n/a	n/a	n/a	n/a	n/a	n/a	n/a
333.638	0.146	fixation	n/a	297.8	213.8	551.0	n/a	n/a	n/a	n/a
333.786	0.034	saccade	n/a	293.4	215.3	n/a	173.7	174.6	5.02	255.0
333.822	0.048	fixation	n/a	164.6	164.1	551.0	n/a	n/a	n/a	n/a
