onset	duration	trial_type	value	gaze_x	gaze_y	pupil_size	sacc_endx	sacc_endy	sacc_amplitude	sacc_peakvel
2.047	0.65	fixation	n/a	434.0	279.6	768.0	n/a	n/a	n/a	n/a
2.084	0.0	trigger_93	93	n/a	n/a	n/a	n/a	n/a	n/a	n/a
2.086	0.0	trigger_19	19	n/a	n/a	n/a	n/a	n/a	n/a	n/a
2.092	0.0	trigger_10	10	n/a	n/a	n/a	n/a	n/a	n/a	n/a
2.699	0.02	saccade	n/a	433.7	272.4	n/a	412.9	290.5	1.11	119.0
2.721	0.6	fixation	n/a	414.0	283.1	773.0	n/a	n/a	n/a	n/a
3.323	0.016	saccade	n/a	419.4	279.2	n/a	447.5	267.0	1.23	92.0
3.341	0.37	fixation	n/a	437.3	271.2	760.0	n/a	n/a	n/a	n/a
3.713	0.018	saccade	n/a	440.7	270.4	n/a	401.5	273.2	1.57	127.0
3.733	0.166	fixation	n/a	406.3	272.0	762.0	n/a	n/a	n/a	n/a
3.901	0.102	saccade	n/a	410.6	269.9	n/a	401.9	233.5	1.51	668.0
3.929	0.044	blink	n/a	n/a	n/a	n/a	n/a	n/a	n/a	n/a
4.005	0.32	fixation	n/a	388.0	237.6	749.0	n/a	n/a	n/a	n/a
4.327	0.15	saccade	n/a	390.1	238.9	n/a	141.9	107.3	11.17	264.0
4.479	0.062	fixation	n/a	147.2	109.9	817.0	n/a	n/a	n/a	n/a
4.543	0.05	saccade	n/a	149.8	112.5	n/a	90.3	80.0	2.65	184.0
4.595	0.352	fixation	n/a	92.8	78.2	772.0	n/a	n/a	n/a	n/a
4.949	0.054	saccade	n/a	96.6	78.2	n/a	257.9	98.8	6.38	290.0
5.005	0.354	fixation	n/a	249.8	98.7	777.0	n/a	n/a	n/a	n/a
5.361	0.02	saccade	n/a	258.6	111.0	n/a	307.8	98.4	2.03	166.0
5.383	0.364	fixation	n/a	301.7	110.5	841.0	n/a	n/a	n/a	n/a
5.749	0.046	saccade	n/a	297.2	102.9	n/a	377.7	110.1	3.25	190.0
5.797	0.23	fixation	n/a	369.6	96.0	796.0	n/a	n/a	n/a	n/a
6.029	0.006	saccade	n/a	370.6	99.2	n/a	362.5	97.3	0.34	54.0
6.037	0.244	fixation	n/a	362.0	101.4	769.0	n/a	n/a	n/a	n/a
6.283	0.018	saccade	n/a	366.8	104.0	n/a	406.8	95.3	1.65	146.0
6.303	0.138	fixation	n/a	403.8	101.3	750.0	n/a	n/a	n/a	n/a
6.443	0.028	saccade	n/a	403.6	101.8	n/a	484.7	97.0	3.27	206.0
6.473	0.256	fixation	n/a	476.1	103.7	736.0	n/a	n/a	n/a	n/a
6.731	0.022	saccade	n/a	479.0	106.3	n/a	537.5	101.5	2.35	164.0
6.755	0.284	fixation	n/a	529.2	108.1	725.0	n/a	n/a	n/a	n/a
7.041	0.022	saccade	n/a	527.2	106.0	n/a	592.2	98.6	2.6	179.0
7.065	0.284	fixation	n/a	582.1	105.3	707.0	n/a	n/a	n/a	n/a
7.351	0.07	saccade	n/a	582.9	106.2	n/a	203.2	143.8	15.11	381.0
7.423	0.14	fixation	n/a	175.9	144.5	718.0	n/a	n/a	n/a	n/a
7.565	0.018	saccade	n/a	179.6	142.8	n/a	136.0	155.0	1.78	130.0
7.585	0.294	fixation	n/a	133.2	156.3	733.0	n/a	n/a	n/a	n/a
7.881	0.014	saccade	n/a	140.1	159.6	n/a	112.8	158.7	1.06	98.0
7.897	0.212	fixation	n/a	113.0	158.1	763.0	n/a	n/a	n/a	n/a
8.111	0.058	saccade	n/a	114.8	159.1	n/a	240.9	156.3	4.96	235.0
8.171	0.152	fixation	n/a	234.8	153.9	747.0	n/a	n/a	n/a	n/a
8.325	0.024	saccade	n/a	239.0	154.2	n/a	314.2	148.8	3.02	206.0
8.351	0.184	fixation	n/a	305.4	155.3	728.0	n/a	n/a	n/a	n/a
8.537	0.008	saccade	n/a	306.1	156.1	n/a	291.7	157.9	0.58	69.0
8.547	0.482	fixation	n/a	293.6	158.3	715.0	n/a	n/a	n/a	n/a
9.031	0.012	saccade	n/a	295.3	156.7	n/a	321.1	152.0	1.05	96.0
9.045	0.392	fixation	n/a	316.7	157.7	703.0	n/a	n/a	n/a	n/a
9.414	0.0	trigger_11	11	n/a	n/a	n/a	n/a	n/a	n/a	n/a
9.42	0.0	trigger_10	10	n/a	n/a	n/a	n/a	n/a	n/a	n/a
9.439	0.014	saccade	n/a	316.7	155.3	n/a	347.4	151.5	1.24	105.0
9.455	0.342	fixation	n/a	345.2	158.2	682.0	n/a	n/a	n/a	n/a
9.799	0.02	saccade	n/a	346.3	162.0	n/a	396.1	154.9	2.02	145.0
9.821	0.112	fixation	n/a	394.8	158.5	664.0	n/a	n/a	n/a	n/a
9.935	0.024	saccade	n/a	395.9	156.0	n/a	462.8	159.0	2.69	188.0
9.961	0.282	fixation	n/a	456.0	160.4	652.0	n/a	n/a	n/a	n/a
10.245	0.018	saccade	n/a	460.8	164.1	n/a	422.1	163.4	1.56	131.0
10.265	0.188	fixation	n/a	421.0	160.1	649.0	n/a	n/a	n/a	n/a
10.455	0.094	saccade	n/a	431.0	166.8	n/a	303.8	161.4	5.11	677.0
10.475	0.046	blink	n/a	n/a	n/a	n/a	n/a	n/a	n/a	n/a
10.551	0.218	fixation	n/a	295.9	169.2	665.0	n/a	n/a	n/a	n/a
10.771	0.008	saccade	n/a	293.9	169.3	n/a	282.9	164.4	0.48	58.0
10.781	0.288	fixation	n/a	283.9	165.6	676.0	n/a	n/a	n/a	n/a
11.071	0.012	saccade	n/a	284.9	163.7	n/a	304.0	156.6	0.82	79.0
11.085	0.404	fixation	n/a	300.5	159.5	662.0	n/a	n/a	n/a	n/a
11.491	0.012	saccade	n/a	304.0	160.8	n/a	329.0	157.3	1.01	97.0
11.505	0.178	fixation	n/a	326.8	161.0	660.0	n/a	n/a	n/a	n/a
11.685	0.038	saccade	n/a	327.3	162.1	n/a	172.3	91.2	6.8	258.0
11.725	0.08	fixation	n/a	158.3	87.6	639.0	n/a	n/a	n/a	n/a
11.807	0.02	saccade	n/a	156.7	86.8	n/a	111.0	71.4	1.89	140.0
11.829	0.18	fixation	n/a	113.1	74.1	640.0	n/a	n/a	n/a	n/a
12.011	0.01	saccade	n/a	114.0	75.5	n/a	95.3	77.5	0.73	75.0
12.023	0.294	fixation	n/a	100.2	78.5	649.0	n/a	n/a	n/a	n/a
12.319	0.048	saccade	n/a	106.2	79.9	n/a	215.9	85.1	4.3	205.0
12.369	0.366	fixation	n/a	209.6	77.5	673.0	n/a	n/a	n/a	n/a
12.737	0.058	saccade	n/a	214.7	83.3	n/a	314.2	94.1	4.0	205.0
12.797	0.18	fixation	n/a	307.7	94.3	706.0	n/a	n/a	n/a	n/a
12.979	0.008	saccade	n/a	309.8	96.5	n/a	293.5	97.1	0.65	77.0
12.989	0.292	fixation	n/a	296.4	95.9	700.0	n/a	n/a	n/a	n/a
13.283	0.028	saccade	n/a	299.4	94.2	n/a	220.3	88.1	3.17	181.0
13.313	0.2	fixation	n/a	217.4	85.5	685.0	n/a	n/a	n/a	n/a
13.515	0.05	saccade	n/a	219.9	87.7	n/a	319.7	100.3	4.02	201.0
13.567	0.194	fixation	n/a	309.2	92.1	684.0	n/a	n/a	n/a	n/a
13.763	0.006	saccade	n/a	309.6	95.9	n/a	298.5	93.1	0.46	67.0
13.771	0.162	fixation	n/a	299.9	94.8	685.0	n/a	n/a	n/a	n/a
13.935	0.026	saccade	n/a	302.4	95.2	n/a	374.9	87.8	2.93	196.0
13.963	0.562	fixation	n/a	369.7	94.2	693.0	n/a	n/a	n/a	n/a
14.527	0.054	saccade	n/a	373.8	104.1	n/a	471.0	110.8	3.92	229.0
14.583	0.324	fixation	n/a	462.5	101.6	727.0	n/a	n/a	n/a	n/a
14.909	0.024	saccade	n/a	466.7	104.8	n/a	527.0	94.7	2.45	178.0
14.935	0.176	fixation	n/a	516.3	102.4	732.0	n/a	n/a	n/a	n/a
15.113	0.018	saccade	n/a	516.3	103.2	n/a	564.7	96.0	1.95	160.0
15.133	0.32	fixation	n/a	558.7	105.1	730.0	n/a	n/a	n/a	n/a
15.455	0.028	saccade	n/a	560.1	102.5	n/a	626.4	93.9	2.64	168.0
15.485	0.414	fixation	n/a	615.5	104.1	707.0	n/a	n/a	n/a	n/a
15.901	0.066	saccade	n/a	614.8	107.4	n/a	153.1	145.8	18.17	394.0
15.969	0.22	fixation	n/a	123.5	150.1	749.0	n/a	n/a	n/a	n/a
16.191	0.02	saccade	n/a	126.3	149.5	n/a	104.8	147.7	0.84	101.0
16.213	0.22	fixation	n/a	105.2	149.4	754.0	n/a	n/a	n/a	n/a
16.435	0.024	saccade	n/a	109.7	152.6	n/a	180.7	137.4	2.83	204.0
16.461	0.29	fixation	n/a	178.8	146.4	766.0	n/a	n/a	n/a	n/a
16.753	0.018	saccade	n/a	178.7	147.7	n/a	227.5	143.5	1.94	156.0
16.773	0.214	fixation	n/a	225.6	150.2	764.0	n/a	n/a	n/a	n/a
16.989	0.05	saccade	n/a	227.7	148.7	n/a	324.2	158.5	3.87	236.0
17.041	0.174	fixation	n/a	316.5	150.2	752.0	n/a	n/a	n/a	n/a
17.217	0.012	saccade	n/a	320.1	154.8	n/a	299.5	148.6	0.87	84.0
17.231	0.096	fixation	n/a	304.9	152.6	747.0	n/a	n/a	n/a	n/a
17.329	0.034	saccade	n/a	305.2	149.2	n/a	454.1	142.8	5.99	275.0
17.365	0.278	fixation	n/a	446.8	149.5	707.0	n/a	n/a	n/a	n/a
17.645	0.026	saccade	n/a	452.9	151.7	n/a	542.4	152.8	3.58	216.0
17.673	0.198	fixation	n/a	532.8	156.5	678.0	n/a	n/a	n/a	n/a
17.873	0.054	saccade	n/a	535.4	156.5	n/a	210.6	154.9	12.89	330.0
17.929	0.214	fixation	n/a	193.4	160.1	674.0	n/a	n/a	n/a	n/a
18.145	0.014	saccade	n/a	194.7	159.8	n/a	187.6	147.2	0.58	67.0
18.161	0.116	fixation	n/a	187.6	152.5	665.0	n/a	n/a	n/a	n/a
18.279	0.026	saccade	n/a	189.1	150.6	n/a	161.6	72.0	3.35	182.0
18.307	0.254	fixation	n/a	156.3	77.6	664.0	n/a	n/a	n/a	n/a
18.374	0.0	trigger_11	11	n/a	n/a	n/a	n/a	n/a	n/a	n/a
18.382	0.0	trigger_10	10	n/a	n/a	n/a	n/a	n/a	n/a	n/a
18.563	0.02	saccade	n/a	162.7	79.3	n/a	113.0	79.8	1.94	147.0
18.585	0.324	fixation	n/a	106.1	78.3	688.0	n/a	n/a	n/a	n/a
18.911	0.026	saccade	n/a	112.6	78.4	n/a	202.0	128.2	4.03	232.0
18.939	0.198	fixation	n/a	198.8	139.0	700.0	n/a	n/a	n/a	n/a
19.139	0.024	saccade	n/a	196.0	139.7	n/a	129.5	146.3	2.62	174.0
19.165	0.434	fixation	n/a	125.8	146.2	689.0	n/a	n/a	n/a	n/a
19.601	0.048	saccade	n/a	130.4	147.1	n/a	234.6	158.5	4.12	212.0
19.651	0.28	fixation	n/a	229.4	149.9	684.0	n/a	n/a	n/a	n/a
19.933	0.02	saccade	n/a	232.1	152.1	n/a	286.6	143.1	2.2	175.0
19.955	0.16	fixation	n/a	285.1	150.4	672.0	n/a	n/a	n/a	n/a
20.117	0.026	saccade	n/a	287.3	151.9	n/a	372.3	147.3	3.42	202.0
20.145	0.208	fixation	n/a	364.8	151.5	670.0	n/a	n/a	n/a	n/a
20.355	0.034	saccade	n/a	368.1	156.6	n/a	231.1	159.6	5.48	251.0
20.391	0.298	fixation	n/a	223.5	156.5	680.0	n/a	n/a	n/a	n/a
20.691	0.028	saccade	n/a	228.1	158.0	n/a	166.5	91.0	3.64	228.0
20.721	0.188	fixation	n/a	161.8	99.2	689.0	n/a	n/a	n/a	n/a
20.911	0.022	saccade	n/a	164.1	96.7	n/a	109.4	86.7	2.17	169.0
20.935	0.266	fixation	n/a	111.5	86.3	708.0	n/a	n/a	n/a	n/a
21.203	0.056	saccade	n/a	118.0	84.3	n/a	216.5	88.6	3.87	210.0
21.261	0.28	fixation	n/a	209.1	87.7	720.0	n/a	n/a	n/a	n/a
21.543	0.05	saccade	n/a	208.7	92.1	n/a	303.9	114.2	3.9	226.0
21.595	0.34	fixation	n/a	295.3	104.3	770.0	n/a	n/a	n/a	n/a
21.937	0.046	saccade	n/a	300.7	105.5	n/a	358.0	121.4	2.4	166.0
21.985	0.218	fixation	n/a	350.9	111.5	815.0	n/a	n/a	n/a	n/a
22.205	0.054	saccade	n/a	350.5	111.7	n/a	448.8	121.9	3.99	232.0
22.261	0.232	fixation	n/a	437.8	110.8	822.0	n/a	n/a	n/a	n/a
22.495	0.02	saccade	n/a	441.3	113.8	n/a	404.9	111.1	1.47	130.0
22.517	0.252	fixation	n/a	409.8	111.6	818.0	n/a	n/a	n/a	n/a
22.771	0.052	saccade	n/a	413.1	111.0	n/a	508.4	126.0	3.88	232.0
22.825	0.3	fixation	n/a	500.5	110.3	804.0	n/a	n/a	n/a	n/a
23.127	0.022	saccade	n/a	503.5	109.5	n/a	556.4	109.6	2.11	178.0
23.151	0.224	fixation	n/a	544.1	114.0	808.0	n/a	n/a	n/a	n/a
23.377	0.064	saccade	n/a	542.8	113.2	n/a	189.3	99.1	14.01	382.0
23.443	0.186	fixation	n/a	163.2	112.6	822.0	n/a	n/a	n/a	n/a
23.631	0.036	saccade	n/a	167.8	116.6	n/a	119.2	136.5	2.06	167.0
23.669	0.524	fixation	n/a	107.3	141.9	840.0	n/a	n/a	n/a	n/a
24.195	0.022	saccade	n/a	116.2	142.3	n/a	143.8	97.7	2.09	131.0
24.219	0.296	fixation	n/a	143.2	106.5	796.0	n/a	n/a	n/a	n/a
24.517	0.022	saccade	n/a	146.8	105.6	n/a	189.8	138.6	2.15	170.0
24.541	0.216	fixation	n/a	176.8	140.6	796.0	n/a	n/a	n/a	n/a
24.759	0.022	saccade	n/a	176.9	142.1	n/a	248.0	139.5	2.82	191.0
24.783	0.256	fixation	n/a	265.8	147.9	777.0	n/a	n/a	n/a	n/a
25.041	0.024	saccade	n/a	270.6	151.3	n/a	333.1	142.1	2.53	184.0
25.067	0.19	fixation	n/a	331.8	150.3	749.0	n/a	n/a	n/a	n/a
25.259	0.026	saccade	n/a	335.1	152.5	n/a	409.7	147.3	3.01	186.0
25.287	0.294	fixation	n/a	404.4	151.2	724.0	n/a	n/a	n/a	n/a
25.583	0.026	saccade	n/a	406.7	151.0	n/a	489.5	147.4	3.34	204.0
25.611	0.308	fixation	n/a	479.5	154.2	725.0	n/a	n/a	n/a	n/a
25.921	0.044	saccade	n/a	483.3	154.7	n/a	561.7	167.8	3.17	215.0
25.967	0.61	fixation	n/a	562.7	157.1	728.0	n/a	n/a	n/a	n/a
26.579	0.07	saccade	n/a	569.0	156.1	n/a	218.2	210.0	14.06	352.0
26.651	0.156	fixation	n/a	205.8	213.0	773.0	n/a	n/a	n/a	n/a
26.809	0.028	saccade	n/a	212.3	213.3	n/a	124.1	211.5	3.45	189.0
26.839	0.328	fixation	n/a	121.3	209.9	784.0	n/a	n/a	n/a	n/a
27.169	0.028	saccade	n/a	126.2	213.8	n/a	214.6	202.1	3.49	193.0
27.199	0.25	fixation	n/a	223.4	211.5	799.0	n/a	n/a	n/a	n/a
27.451	0.024	saccade	n/a	224.7	210.9	n/a	298.0	202.9	2.93	198.0
27.477	0.332	fixation	n/a	293.1	210.2	765.0	n/a	n/a	n/a	n/a
27.811	0.032	saccade	n/a	298.6	211.8	n/a	414.1	208.1	4.63	236.0
27.845	0.254	fixation	n/a	410.5	212.2	730.0	n/a	n/a	n/a	n/a
28.101	0.026	saccade	n/a	415.3	213.8	n/a	492.9	210.2	3.11	189.0
28.129	0.2	fixation	n/a	482.8	213.8	704.0	n/a	n/a	n/a	n/a
28.331	0.024	saccade	n/a	484.7	213.3	n/a	558.5	207.9	2.95	196.0
28.357	0.216	fixation	n/a	554.5	214.9	688.0	n/a	n/a	n/a	n/a
28.575	0.022	saccade	n/a	554.1	217.4	n/a	611.2	220.1	2.26	167.0
28.599	0.492	fixation	n/a	597.2	218.5	650.0	n/a	n/a	n/a	n/a
29.093	0.018	saccade	n/a	598.6	216.5	n/a	580.3	175.9	1.79	136.0
29.113	0.18	fixation	n/a	574.8	180.0	641.0	n/a	n/a	n/a	n/a
29.295	0.01	saccade	n/a	574.4	180.4	n/a	573.3	160.0	0.83	87.0
29.307	0.118	fixation	n/a	571.7	166.3	642.0	n/a	n/a	n/a	n/a
29.427	0.024	saccade	n/a	576.0	170.0	n/a	538.3	108.9	2.9	190.0
29.453	0.184	fixation	n/a	532.9	115.7	629.0	n/a	n/a	n/a	n/a
29.639	0.026	saccade	n/a	535.1	117.2	n/a	472.4	156.4	2.98	197.0
29.667	0.326	fixation	n/a	468.0	155.8	666.0	n/a	n/a	n/a	n/a
29.995	0.028	saccade	n/a	471.6	157.4	n/a	383.7	158.1	3.54	207.0
30.025	0.254	fixation	n/a	379.7	154.0	697.0	n/a	n/a	n/a	n/a
30.281	0.044	saccade	n/a	382.8	151.6	n/a	258.0	147.3	5.01	237.0
30.327	0.228	fixation	n/a	243.7	156.3	707.0	n/a	n/a	n/a	n/a
30.557	0.02	saccade	n/a	244.7	158.7	n/a	293.6	153.9	1.96	146.0
30.579	0.214	fixation	n/a	287.7	161.6	732.0	n/a	n/a	n/a	n/a
30.795	0.022	saccade	n/a	288.9	165.4	n/a	347.2	150.6	2.41	181.0
30.819	0.238	fixation	n/a	344.2	157.4	730.0	n/a	n/a	n/a	n/a
31.059	0.03	saccade	n/a	345.8	158.2	n/a	449.4	150.4	4.17	206.0
31.091	0.066	fixation	n/a	446.7	156.1	712.0	n/a	n/a	n/a	n/a
31.159	0.046	saccade	n/a	447.0	157.6	n/a	530.2	166.9	3.36	246.0
31.207	0.222	fixation	n/a	527.9	155.3	697.0	n/a	n/a	n/a	n/a
31.431	0.044	saccade	n/a	531.1	159.0	n/a	584.6	166.8	2.15	182.0
31.477	0.276	fixation	n/a	580.9	157.5	676.0	n/a	n/a	n/a	n/a
31.755	0.066	saccade	n/a	584.5	156.9	n/a	172.4	209.7	16.36	358.0
31.823	0.17	fixation	n/a	150.2	217.1	690.0	n/a	n/a	n/a	n/a
31.995	0.018	saccade	n/a	156.0	218.6	n/a	121.7	210.5	1.37	117.0
32.015	0.194	fixation	n/a	121.6	211.7	686.0	n/a	n/a	n/a	n/a
32.211	0.026	saccade	n/a	125.0	213.1	n/a	213.7	208.5	3.48	196.0
32.239	0.218	fixation	n/a	214.1	212.1	700.0	n/a	n/a	n/a	n/a
32.459	0.026	saccade	n/a	217.6	212.8	n/a	302.2	205.8	3.38	220.0
32.487	0.258	fixation	n/a	300.5	212.2	718.0	n/a	n/a	n/a	n/a
32.747	0.026	saccade	n/a	305.1	216.2	n/a	380.9	209.4	3.05	194.0
32.775	0.264	fixation	n/a	371.1	213.9	729.0	n/a	n/a	n/a	n/a
33.041	0.024	saccade	n/a	374.3	216.7	n/a	452.0	205.4	3.15	225.0
33.067	0.2	fixation	n/a	444.5	210.5	729.0	n/a	n/a	n/a	n/a
33.269	0.02	saccade	n/a	445.7	210.2	n/a	508.0	205.4	2.5	194.0
33.291	0.386	fixation	n/a	505.1	210.6	721.0	n/a	n/a	n/a	n/a
33.679	0.038	saccade	n/a	504.6	210.8	n/a	581.9	222.6	3.11	220.0
33.719	0.664	fixation	n/a	582.1	222.5	748.0	n/a	n/a	n/a	n/a
34.096	0.0	trigger_11	11	n/a	n/a	n/a	n/a	n/a	n/a	n/a
34.106	0.0	trigger_10	10	n/a	n/a	n/a	n/a	n/a	n/a	n/a
34.385	0.022	saccade	n/a	585.9	221.4	n/a	551.9	223.1	1.35	141.0
34.409	0.658	fixation	n/a	554.9	219.3	735.0	n/a	n/a	n/a	n/a
35.069	0.008	saccade	n/a	557.3	221.0	n/a	545.9	217.4	0.48	62.0
35.079	0.368	fixation	n/a	548.6	214.9	737.0	n/a	n/a	n/a	n/a
35.449	0.016	saccade	n/a	548.9	210.5	n/a	585.4	211.8	1.45	122.0
35.467	0.278	fixation	n/a	576.9	216.5	751.0	n/a	n/a	n/a	n/a
35.747	0.022	saccade	n/a	578.9	216.9	n/a	554.6	214.2	0.97	118.0
35.771	0.588	fixation	n/a	556.4	212.7	754.0	n/a	n/a	n/a	n/a
36.361	0.106	saccade	n/a	559.5	214.5	n/a	159.7	45.8	17.18	908.0
36.413	0.02	blink	n/a	n/a	n/a	n/a	n/a	n/a	n/a	n/a
36.469	0.164	fixation	n/a	169.0	70.5	726.0	n/a	n/a	n/a	n/a
36.635	0.024	saccade	n/a	175.7	74.3	n/a	118.4	88.5	2.31	158.0
36.661	0.212	fixation	n/a	116.2	81.3	727.0	n/a	n/a	n/a	n/a
36.875	0.018	saccade	n/a	118.6	81.5	n/a	94.6	81.0	0.93	97.0
36.895	0.21	fixation	n/a	98.0	84.1	743.0	n/a	n/a	n/a	n/a
37.107	0.066	saccade	n/a	100.4	85.5	n/a	305.7	78.5	8.09	313.0
37.175	0.222	fixation	n/a	302.7	85.7	740.0	n/a	n/a	n/a	n/a
37.399	0.014	saccade	n/a	308.4	93.4	n/a	280.7	91.8	1.11	103.0
37.415	0.254	fixation	n/a	284.9	96.7	770.0	n/a	n/a	n/a	n/a
37.671	0.018	saccade	n/a	285.6	95.4	n/a	253.0	96.8	1.3	129.0
37.691	0.134	fixation	n/a	253.5	93.3	776.0	n/a	n/a	n/a	n/a
37.827	0.06	saccade	n/a	255.3	92.8	n/a	387.3	95.4	5.29	248.0
37.889	0.292	fixation	n/a	381.9	91.7	754.0	n/a	n/a	n/a	n/a
38.183	0.022	saccade	n/a	387.6	96.5	n/a	332.4	92.3	2.23	169.0
38.207	0.382	fixation	n/a	337.4	91.2	741.0	n/a	n/a	n/a	n/a
38.591	0.062	saccade	n/a	341.3	89.0	n/a	490.4	89.9	5.99	252.0
38.655	0.302	fixation	n/a	481.5	92.2	726.0	n/a	n/a	n/a	n/a
38.959	0.014	saccade	n/a	484.7	93.5	n/a	459.6	89.5	1.02	101.0
38.975	0.326	fixation	n/a	464.8	91.5	715.0	n/a	n/a	n/a	n/a
39.303	0.032	saccade	n/a	467.0	94.7	n/a	590.0	95.8	4.9	232.0
39.337	0.512	fixation	n/a	581.8	99.4	721.0	n/a	n/a	n/a	n/a
39.851	0.026	saccade	n/a	589.1	95.5	n/a	515.1	90.7	2.95	200.0
39.879	0.194	fixation	n/a	517.8	86.7	694.0	n/a	n/a	n/a	n/a
40.075	0.062	saccade	n/a	523.3	86.9	n/a	144.7	113.1	15.0	353.0
40.139	0.19	fixation	n/a	125.2	122.1	686.0	n/a	n/a	n/a	n/a
40.331	0.018	saccade	n/a	128.8	123.6	n/a	104.6	127.0	0.95	97.0
40.351	0.252	fixation	n/a	107.3	129.2	698.0	n/a	n/a	n/a	n/a
40.605	0.014	saccade	n/a	111.8	133.6	n/a	141.8	132.4	1.17	107.0
40.621	0.384	fixation	n/a	140.1	135.5	707.0	n/a	n/a	n/a	n/a
41.007	0.022	saccade	n/a	143.5	134.8	n/a	211.3	131.3	2.67	182.0
41.031	0.274	fixation	n/a	209.6	140.5	689.0	n/a	n/a	n/a	n/a
41.307	0.014	saccade	n/a	210.2	142.0	n/a	240.1	137.0	1.2	113.0
41.323	0.372	fixation	n/a	239.5	144.4	679.0	n/a	n/a	n/a	n/a
41.697	0.02	saccade	n/a	241.7	143.1	n/a	296.3	138.2	2.19	162.0
41.719	0.662	fixation	n/a	301.1	149.1	695.0	n/a	n/a	n/a	n/a
42.383	0.018	saccade	n/a	303.1	151.1	n/a	347.8	148.1	1.8	142.0
42.403	0.49	fixation	n/a	348.5	151.0	711.0	n/a	n/a	n/a	n/a
42.895	0.02	saccade	n/a	352.2	151.6	n/a	402.3	146.5	2.03	154.0
42.917	0.24	fixation	n/a	399.1	150.6	720.0	n/a	n/a	n/a	n/a
43.159	0.014	saccade	n/a	401.5	150.4	n/a	372.5	151.4	1.17	100.0
43.175	0.218	fixation	n/a	372.1	149.8	719.0	n/a	n/a	n/a	n/a
43.395	0.026	saccade	n/a	374.0	150.5	n/a	447.8	146.9	2.97	188.0
43.423	0.34	fixation	n/a	442.0	155.7	721.0	n/a	n/a	n/a	n/a
43.765	0.028	saccade	n/a	445.1	160.3	n/a	527.5	145.2	3.36	201.0
43.795	0.328	fixation	n/a	520.3	154.9	693.0	n/a	n/a	n/a	n/a
44.125	0.018	saccade	n/a	523.0	156.5	n/a	567.5	153.7	1.78	138.0
44.145	0.278	fixation	n/a	557.9	153.9	671.0	n/a	n/a	n/a	n/a
44.425	0.068	saccade	n/a	560.3	152.0	n/a	231.9	197.5	13.19	354.0
44.495	0.14	fixation	n/a	213.2	197.2	702.0	n/a	n/a	n/a	n/a
44.637	0.028	saccade	n/a	215.5	197.1	n/a	125.7	211.3	3.56	204.0
44.667	0.438	fixation	n/a	123.4	210.8	730.0	n/a	n/a	n/a	n/a
45.107	0.022	saccade	n/a	126.9	209.4	n/a	191.5	196.2	2.58	185.0
45.131	0.36	fixation	n/a	195.0	202.3	724.0	n/a	n/a	n/a	n/a
45.493	0.022	saccade	n/a	198.3	203.2	n/a	261.9	202.1	2.52	177.0
45.517	0.248	fixation	n/a	262.8	208.7	726.0	n/a	n/a	n/a	n/a
45.767	0.022	saccade	n/a	265.0	209.4	n/a	323.7	209.1	2.34	164.0
45.791	0.208	fixation	n/a	322.3	213.0	706.0	n/a	n/a	n/a	n/a
46.001	0.028	saccade	n/a	325.5	214.1	n/a	409.4	208.6	3.37	203.0
46.031	0.328	fixation	n/a	405.4	213.1	668.0	n/a	n/a	n/a	n/a
46.361	0.018	saccade	n/a	408.5	213.1	n/a	368.4	216.6	1.62	126.0
46.381	0.356	fixation	n/a	371.8	213.7	661.0	n/a	n/a	n/a	n/a
46.739	0.024	saccade	n/a	376.7	215.9	n/a	453.1	209.9	3.08	186.0
46.765	0.278	fixation	n/a	461.3	216.5	654.0	n/a	n/a	n/a	n/a
47.045	0.022	saccade	n/a	462.0	218.5	n/a	517.8	211.4	2.25	153.0
47.069	0.244	fixation	n/a	508.0	217.1	644.0	n/a	n/a	n/a	n/a
47.315	0.026	saccade	n/a	509.1	217.2	n/a	583.6	219.1	2.96	184.0
47.343	0.284	fixation	n/a	574.8	221.5	636.0	n/a	n/a	n/a	n/a
47.629	0.03	saccade	n/a	577.7	220.2	n/a	474.9	217.8	4.09	212.0
47.661	0.286	fixation	n/a	473.9	219.0	637.0	n/a	n/a	n/a	n/a
47.949	0.018	saccade	n/a	476.6	220.8	n/a	517.7	215.5	1.65	135.0
47.969	0.17	fixation	n/a	512.3	220.3	646.0	n/a	n/a	n/a	n/a
48.141	0.054	saccade	n/a	514.1	219.5	n/a	198.3	255.9	12.59	318.0
48.197	0.162	fixation	n/a	175.0	259.7	666.0	n/a	n/a	n/a	n/a
48.361	0.024	saccade	n/a	177.5	259.8	n/a	104.0	266.6	2.86	186.0
48.387	0.364	fixation	n/a	98.8	265.9	659.0	n/a	n/a	n/a	n/a
48.753	0.032	saccade	n/a	105.6	268.6	n/a	220.1	266.9	4.46	214.0
48.787	0.308	fixation	n/a	219.9	269.2	656.0	n/a	n/a	n/a	n/a
49.097	0.016	saccade	n/a	222.5	271.3	n/a	263.2	267.1	1.62	130.0
49.115	0.294	fixation	n/a	261.1	273.9	644.0	n/a	n/a	n/a	n/a
49.411	0.034	saccade	n/a	264.7	276.0	n/a	395.8	274.6	5.22	226.0
49.447	0.236	fixation	n/a	391.8	277.0	642.0	n/a	n/a	n/a	n/a
49.592	0.0	trigger_11	11	n/a	n/a	n/a	n/a	n/a	n/a	n/a
49.6	0.0	trigger_12	12	n/a	n/a	n/a	n/a	n/a	n/a	n/a
49.685	0.018	saccade	n/a	396.2	281.9	n/a	437.9	272.3	1.71	124.0
49.705	0.264	fixation	n/a	435.2	273.2	642.0	n/a	n/a	n/a	n/a
49.971	0.024	saccade	n/a	437.4	272.3	n/a	501.2	265.9	2.56	186.0
49.997	0.284	fixation	n/a	495.2	271.2	638.0	n/a	n/a	n/a	n/a
50.283	0.016	saccade	n/a	496.4	270.1	n/a	465.2	275.0	1.26	116.0
50.301	0.532	fixation	n/a	469.2	273.7	644.0	n/a	n/a	n/a	n/a
50.835	0.026	saccade	n/a	470.5	274.6	n/a	530.3	236.2	2.84	153.0
50.863	0.204	fixation	n/a	524.1	242.2	651.0	n/a	n/a	n/a	n/a
51.069	0.1	saccade	n/a	531.6	250.6	n/a	560.2	277.5	1.57	689.0
51.093	0.044	blink	n/a	n/a	n/a	n/a	n/a	n/a	n/a	n/a
51.171	0.352	fixation	n/a	536.0	275.1	644.0	n/a	n/a	n/a	n/a
51.525	0.018	saccade	n/a	536.7	274.6	n/a	502.2	285.0	1.43	124.0
51.545	0.272	fixation	n/a	505.2	281.0	660.0	n/a	n/a	n/a	n/a
51.819	0.056	saccade	n/a	507.7	277.2	n/a	267.5	58.3	13.04	400.0
51.877	0.156	fixation	n/a	256.5	68.3	614.0	n/a	n/a	n/a	n/a
52.035	0.034	saccade	n/a	260.2	67.7	n/a	128.2	80.0	5.22	226.0
52.071	0.45	fixation	n/a	120.8	73.5	649.0	n/a	n/a	n/a	n/a
52.523	0.014	saccade	n/a	121.8	74.4	n/a	92.6	78.8	1.14	111.0
52.539	0.206	fixation	n/a	97.7	77.3	678.0	n/a	n/a	n/a	n/a
52.747	0.024	saccade	n/a	101.1	78.2	n/a	168.3	74.0	2.62	168.0
52.773	0.402	fixation	n/a	176.6	85.1	664.0	n/a	n/a	n/a	n/a
53.177	0.022	saccade	n/a	182.3	90.5	n/a	234.2	74.3	2.15	166.0
53.201	0.256	fixation	n/a	232.6	83.7	674.0	n/a	n/a	n/a	n/a
53.459	0.046	saccade	n/a	238.0	85.0	n/a	306.9	93.8	2.78	171.0
53.507	0.274	fixation	n/a	300.4	85.8	682.0	n/a	n/a	n/a	n/a
53.783	0.052	saccade	n/a	303.0	85.9	n/a	403.1	100.4	4.07	209.0
53.837	0.182	fixation	n/a	393.8	89.5	702.0	n/a	n/a	n/a	n/a
54.021	0.018	saccade	n/a	398.0	90.0	n/a	358.9	92.3	1.58	128.0
54.041	0.332	fixation	n/a	364.7	92.7	711.0	n/a	n/a	n/a	n/a
54.375	0.056	saccade	n/a	370.4	93.4	n/a	500.0	98.3	5.22	247.0
54.433	0.236	fixation	n/a	487.6	89.4	714.0	n/a	n/a	n/a	n/a
54.671	0.018	saccade	n/a	490.4	92.6	n/a	473.3	96.6	0.71	92.0
54.691	0.276	fixation	n/a	476.1	94.8	693.0	n/a	n/a	n/a	n/a
54.738	0.0	trigger_13	13	n/a	n/a	n/a	n/a	n/a	n/a	n/a
54.969	0.056	saccade	n/a	478.0	93.4	n/a	134.4	134.4	13.68	349.0
55.027	0.252	fixation	n/a	110.8	148.8	710.0	n/a	n/a	n/a	n/a
55.281	0.008	saccade	n/a	113.7	153.0	n/a	105.0	143.0	0.52	64.0
55.291	0.648	fixation	n/a	108.6	144.2	709.0	n/a	n/a	n/a	n/a
55.941	0.018	saccade	n/a	110.5	139.7	n/a	147.8	113.2	1.8	126.0
55.961	0.168	fixation	n/a	148.8	118.4	680.0	n/a	n/a	n/a	n/a
56.131	0.014	saccade	n/a	153.0	118.1	n/a	141.4	92.8	1.11	90.0
56.147	0.236	fixation	n/a	137.9	94.3	663.0	n/a	n/a	n/a	n/a
56.385	0.016	saccade	n/a	140.8	95.7	n/a	172.1	84.4	1.31	117.0
56.403	0.566	fixation	n/a	176.5	89.5	651.0	n/a	n/a	n/a	n/a
56.971	0.026	saccade	n/a	182.1	89.6	n/a	110.6	120.2	3.05	184.0
56.999	0.178	fixation	n/a	102.4	117.1	666.0	n/a	n/a	n/a	n/a
57.179	0.016	saccade	n/a	104.6	119.1	n/a	140.1	127.4	1.42	131.0
57.197	0.122	fixation	n/a	139.0	138.4	685.0	n/a	n/a	n/a	n/a
57.321	0.022	saccade	n/a	140.7	140.8	n/a	113.4	101.1	1.92	151.0
57.345	0.118	fixation	n/a	113.4	104.3	690.0	n/a	n/a	n/a	n/a
57.465	0.018	saccade	n/a	118.0	102.7	n/a	129.8	80.6	1.0	105.0
57.485	0.186	fixation	n/a	124.5	90.1	708.0	n/a	n/a	n/a	n/a
57.673	0.022	saccade	n/a	127.4	90.3	n/a	188.8	73.6	2.5	187.0
57.697	0.264	fixation	n/a	186.6	91.6	753.0	n/a	n/a	n/a	n/a
57.963	0.052	saccade	n/a	187.2	97.3	n/a	286.5	115.4	4.01	223.0
58.017	0.178	fixation	n/a	274.3	101.2	782.0	n/a	n/a	n/a	n/a
58.197	0.052	saccade	n/a	275.5	100.4	n/a	352.4	111.1	3.12	190.0
58.251	0.112	fixation	n/a	343.4	97.0	753.0	n/a	n/a	n/a	n/a
58.365	0.068	saccade	n/a	343.2	95.5	n/a	418.3	90.9	3.03	228.0
58.435	0.206	fixation	n/a	421.3	103.8	726.0	n/a	n/a	n/a	n/a
58.466	0.0	trigger_15	15	n/a	n/a	n/a	n/a	n/a	n/a	n/a
58.472	0.0	trigger_10	10	n/a	n/a	n/a	n/a	n/a	n/a	n/a
58.643	0.066	saccade	n/a	424.8	103.6	n/a	146.3	179.7	11.47	328.0
58.711	0.178	fixation	n/a	126.4	179.7	743.0	n/a	n/a	n/a	n/a
58.891	0.018	saccade	n/a	128.6	179.8	n/a	136.3	219.1	1.6	135.0
58.911	0.43	fixation	n/a	129.5	220.3	780.0	n/a	n/a	n/a	n/a
59.343	0.036	saccade	n/a	134.9	220.9	n/a	141.1	266.3	1.82	166.0
59.381	0.37	fixation	n/a	122.6	281.3	801.0	n/a	n/a	n/a	n/a
59.753	0.018	saccade	n/a	125.1	281.1	n/a	83.1	277.5	1.62	137.0
59.773	0.538	fixation	n/a	88.5	278.0	792.0	n/a	n/a	n/a	n/a
60.313	0.016	saccade	n/a	92.3	274.7	n/a	131.9	272.3	1.53	134.0
60.331	0.37	fixation	n/a	133.3	275.9	785.0	n/a	n/a	n/a	n/a
60.703	0.032	saccade	n/a	137.6	273.4	n/a	141.2	161.7	4.46	228.0
60.737	0.082	fixation	n/a	138.1	160.7	772.0	n/a	n/a	n/a	n/a
60.821	0.022	saccade	n/a	138.9	165.6	n/a	124.7	124.7	1.73	131.0
60.845	0.08	fixation	n/a	121.9	130.2	766.0	n/a	n/a	n/a	n/a
60.927	0.026	saccade	n/a	124.2	131.5	n/a	105.9	83.6	2.05	134.0
60.955	0.324	fixation	n/a	107.0	93.6	742.0	n/a	n/a	n/a	n/a
61.281	0.012	saccade	n/a	113.6	90.4	n/a	126.2	80.1	0.64	63.0
61.295	0.27	fixation	n/a	124.3	88.6	753.0	n/a	n/a	n/a	n/a
61.567	0.022	saccade	n/a	125.4	86.3	n/a	190.2	74.4	2.58	176.0
61.591	0.07	fixation	n/a	202.2	84.1	745.0	n/a	n/a	n/a	n/a
61.663	0.018	saccade	n/a	203.7	90.1	n/a	248.8	82.9	1.81	146.0
61.683	0.254	fixation	n/a	248.1	91.8	737.0	n/a	n/a	n/a	n/a
61.939	0.02	saccade	n/a	253.3	93.8	n/a	209.9	95.2	1.72	134.0
61.961	0.34	fixation	n/a	214.3	95.5	729.0	n/a	n/a	n/a	n/a
62.303	0.024	saccade	n/a	220.0	96.8	n/a	284.9	83.5	2.64	170.0
62.329	0.224	fixation	n/a	282.0	89.7	722.0	n/a	n/a	n/a	n/a
62.555	0.056	saccade	n/a	286.0	89.4	n/a	374.8	91.0	3.57	188.0
62.613	0.28	fixation	n/a	368.5	93.7	696.0	n/a	n/a	n/a	n/a
62.895	0.022	saccade	n/a	372.2	95.7	n/a	435.0	85.0	2.57	171.0
62.919	0.266	fixation	n/a	431.6	93.8	669.0	n/a	n/a	n/a	n/a
63.187	0.028	saccade	n/a	436.7	93.2	n/a	511.9	87.3	3.03	177.0
63.217	0.21	fixation	n/a	505.7	94.2	660.0	n/a	n/a	n/a	n/a
63.429	0.024	saccade	n/a	507.9	96.2	n/a	579.1	94.4	2.84	204.0
63.455	0.186	fixation	n/a	571.3	103.1	664.0	n/a	n/a	n/a	n/a
63.643	0.06	saccade	n/a	571.9	103.7	n/a	185.0	130.9	15.33	386.0
63.705	0.176	fixation	n/a	155.5	141.1	690.0	n/a	n/a	n/a	n/a
63.883	0.018	saccade	n/a	157.8	143.2	n/a	114.9	144.7	1.67	131.0
63.903	0.322	fixation	n/a	112.6	142.0	689.0	n/a	n/a	n/a	n/a
64.227	0.024	saccade	n/a	116.8	143.9	n/a	186.6	137.2	2.74	177.0
64.253	0.832	fixation	n/a	198.4	148.4	697.0	n/a	n/a	n/a	n/a
65.087	0.01	saccade	n/a	202.5	149.1	n/a	184.5	147.2	0.71	76.0
65.099	0.084	fixation	n/a	188.8	146.5	679.0	n/a	n/a	n/a	n/a
65.185	0.086	saccade	n/a	196.2	150.8	n/a	226.0	133.9	1.36	800.0
65.207	0.028	blink	n/a	n/a	n/a	n/a	n/a	n/a	n/a	n/a
65.273	0.55	fixation	n/a	222.8	145.2	672.0	n/a	n/a	n/a	n/a
65.825	0.022	saccade	n/a	223.1	141.7	n/a	283.9	141.9	2.42	172.0
65.849	0.24	fixation	n/a	281.4	148.5	668.0	n/a	n/a	n/a	n/a
66.091	0.03	saccade	n/a	283.3	150.4	n/a	385.2	146.2	4.1	192.0
66.123	0.292	fixation	n/a	379.7	149.9	653.0	n/a	n/a	n/a	n/a
66.417	0.028	saccade	n/a	387.0	151.5	n/a	478.4	147.1	3.68	224.0
66.447	0.468	fixation	n/a	471.4	151.3	645.0	n/a	n/a	n/a	n/a
66.917	0.024	saccade	n/a	472.9	151.0	n/a	543.8	151.0	2.84	188.0
66.943	0.246	fixation	n/a	534.4	154.4	634.0	n/a	n/a	n/a	n/a
67.191	0.016	saccade	n/a	535.0	157.7	n/a	516.5	156.3	0.74	83.0
67.209	0.266	fixation	n/a	521.6	157.6	656.0	n/a	n/a	n/a	n/a
67.477	0.058	saccade	n/a	525.7	158.4	n/a	633.3	154.4	4.26	242.0
67.537	0.328	fixation	n/a	623.8	157.7	641.0	n/a	n/a	n/a	n/a
67.867	0.022	saccade	n/a	628.8	163.2	n/a	579.2	162.2	1.96	143.0
67.891	0.274	fixation	n/a	583.1	160.0	635.0	n/a	n/a	n/a	n/a
68.167	0.026	saccade	n/a	588.5	158.4	n/a	668.4	151.5	3.15	199.0
68.195	0.152	fixation	n/a	655.7	156.3	616.0	n/a	n/a	n/a	n/a
68.349	0.068	saccade	n/a	654.5	156.0	n/a	158.7	195.6	19.43	417.0
68.419	0.2	fixation	n/a	134.8	203.2	655.0	n/a	n/a	n/a	n/a
68.621	0.012	saccade	n/a	138.7	207.1	n/a	116.4	215.1	0.92	92.0
68.635	0.162	fixation	n/a	115.2	211.6	676.0	n/a	n/a	n/a	n/a
68.799	0.03	saccade	n/a	117.1	212.6	n/a	224.2	210.5	4.18	233.0
68.831	0.328	fixation	n/a	224.0	214.6	707.0	n/a	n/a	n/a	n/a
69.161	0.02	saccade	n/a	227.3	220.8	n/a	178.8	217.3	1.91	146.0
69.183	0.344	fixation	n/a	175.5	215.4	728.0	n/a	n/a	n/a	n/a
69.529	0.032	saccade	n/a	175.8	212.5	n/a	288.5	211.5	4.46	222.0
69.563	0.342	fixation	n/a	287.8	214.8	726.0	n/a	n/a	n/a	n/a
69.907	0.016	saccade	n/a	290.2	216.0	n/a	326.9	211.8	1.48	122.0
69.925	0.482	fixation	n/a	321.2	214.5	724.0	n/a	n/a	n/a	n/a
70.409	0.012	saccade	n/a	321.5	213.5	n/a	297.6	214.2	0.96	87.0
70.423	0.244	fixation	n/a	304.0	214.1	722.0	n/a	n/a	n/a	n/a
70.669	0.028	saccade	n/a	307.3	210.9	n/a	389.6	210.1	3.3	203.0
70.699	0.346	fixation	n/a	386.6	215.1	718.0	n/a	n/a	n/a	n/a
71.047	0.022	saccade	n/a	390.7	216.4	n/a	446.9	212.0	2.26	180.0
71.071	0.342	fixation	n/a	438.9	217.7	744.0	n/a	n/a	n/a	n/a
71.415	0.026	saccade	n/a	439.9	221.7	n/a	519.7	212.7	3.21	212.0
71.443	0.242	fixation	n/a	510.7	218.4	745.0	n/a	n/a	n/a	n/a
71.687	0.022	saccade	n/a	513.3	220.2	n/a	570.9	213.7	2.31	168.0
71.711	0.218	fixation	n/a	561.0	219.0	724.0	n/a	n/a	n/a	n/a
71.931	0.064	saccade	n/a	562.6	217.6	n/a	133.5	267.7	16.95	386.0
71.962	0.0	trigger_11	11	n/a	n/a	n/a	n/a	n/a	n/a	n/a
71.966	0.0	trigger_10	10	n/a	n/a	n/a	n/a	n/a	n/a	n/a
71.997	0.386	fixation	n/a	112.2	270.9	715.0	n/a	n/a	n/a	n/a
72.385	0.022	saccade	n/a	116.9	271.8	n/a	172.3	268.3	2.15	165.0
72.409	0.452	fixation	n/a	171.6	275.7	725.0	n/a	n/a	n/a	n/a
72.863	0.092	saccade	n/a	184.3	276.4	n/a	238.3	261.4	2.21	855.0
72.901	0.018	blink	n/a	n/a	n/a	n/a	n/a	n/a	n/a	n/a
72.957	0.434	fixation	n/a	221.6	275.9	698.0	n/a	n/a	n/a	n/a
73.393	0.022	saccade	n/a	219.1	274.4	n/a	278.1	268.3	2.34	170.0
73.417	0.29	fixation	n/a	273.5	273.7	710.0	n/a	n/a	n/a	n/a
73.709	0.02	saccade	n/a	275.8	272.3	n/a	228.9	275.4	1.86	152.0
73.731	0.42	fixation	n/a	237.3	274.7	698.0	n/a	n/a	n/a	n/a
74.153	0.046	saccade	n/a	245.2	274.3	n/a	166.1	88.9	8.08	290.0
74.201	0.162	fixation	n/a	164.7	95.5	644.0	n/a	n/a	n/a	n/a
74.365	0.02	saccade	n/a	170.8	97.7	n/a	114.4	92.2	2.21	156.0
74.387	0.19	fixation	n/a	110.6	86.9	644.0	n/a	n/a	n/a	n/a
74.579	0.014	saccade	n/a	112.4	81.2	n/a	139.1	66.4	1.19	97.0
74.595	0.176	fixation	n/a	138.6	73.2	655.0	n/a	n/a	n/a	n/a
74.773	0.02	saccade	n/a	138.9	72.0	n/a	189.3	64.2	2.0	144.0
74.795	0.288	fixation	n/a	189.7	73.7	659.0	n/a	n/a	n/a	n/a
75.085	0.046	saccade	n/a	191.8	80.7	n/a	271.0	106.4	3.32	198.0
75.133	0.554	fixation	n/a	267.1	104.5	754.0	n/a	n/a	n/a	n/a
75.689	0.006	saccade	n/a	270.7	103.5	n/a	280.7	100.6	0.42	62.0
75.697	0.276	fixation	n/a	277.8	99.4	766.0	n/a	n/a	n/a	n/a
75.975	0.064	saccade	n/a	277.9	97.7	n/a	416.4	93.4	5.57	258.0
76.041	0.15	fixation	n/a	407.2	94.5	750.0	n/a	n/a	n/a	n/a
76.193	0.018	saccade	n/a	409.8	95.4	n/a	374.3	102.5	1.46	126.0
76.213	0.312	fixation	n/a	378.4	101.2	741.0	n/a	n/a	n/a	n/a
76.527	0.058	saccade	n/a	380.8	99.3	n/a	519.7	105.6	5.58	276.0
76.587	0.21	fixation	n/a	510.6	100.5	720.0	n/a	n/a	n/a	n/a
76.799	0.016	saccade	n/a	513.2	103.9	n/a	497.3	101.7	0.64	79.0
76.817	0.258	fixation	n/a	502.8	101.9	704.0	n/a	n/a	n/a	n/a
77.077	0.022	saccade	n/a	506.2	102.7	n/a	566.9	95.0	2.44	182.0
77.101	0.29	fixation	n/a	555.9	103.7	690.0	n/a	n/a	n/a	n/a
77.393	0.062	saccade	n/a	557.0	103.8	n/a	148.7	145.8	16.2	372.0
77.457	0.186	fixation	n/a	123.1	154.4	730.0	n/a	n/a	n/a	n/a
77.645	0.018	saccade	n/a	126.1	156.4	n/a	91.1	152.2	1.36	124.0
77.665	0.22	fixation	n/a	92.6	147.1	719.0	n/a	n/a	n/a	n/a
77.887	0.026	saccade	n/a	94.3	145.9	n/a	179.8	137.2	3.35	190.0
77.915	0.252	fixation	n/a	186.6	144.2	713.0	n/a	n/a	n/a	n/a
78.169	0.016	saccade	n/a	189.2	143.0	n/a	158.1	148.3	1.24	107.0
78.187	0.184	fixation	n/a	161.0	146.3	704.0	n/a	n/a	n/a	n/a
78.373	0.058	saccade	n/a	165.3	147.6	n/a	297.0	146.9	5.22	248.0
78.433	0.262	fixation	n/a	294.9	146.1	702.0	n/a	n/a	n/a	n/a
78.697	0.03	saccade	n/a	299.7	149.3	n/a	421.1	146.0	4.89	256.0
78.729	0.328	fixation	n/a	418.0	151.3	689.0	n/a	n/a	n/a	n/a
79.059	0.03	saccade	n/a	424.7	150.7	n/a	529.1	150.1	4.19	232.0
79.091	0.222	fixation	n/a	520.1	154.8	658.0	n/a	n/a	n/a	n/a
79.315	0.012	saccade	n/a	523.4	158.3	n/a	501.9	158.2	0.86	90.0
79.329	0.13	fixation	n/a	507.6	155.8	650.0	n/a	n/a	n/a	n/a
79.461	0.024	saccade	n/a	509.9	154.6	n/a	588.4	154.5	3.12	200.0
79.487	0.72	fixation	n/a	580.4	157.3	628.0	n/a	n/a	n/a	n/a
79.922	0.0	trigger_11	11	n/a	n/a	n/a	n/a	n/a	n/a	n/a
79.932	0.0	trigger_10	10	n/a	n/a	n/a	n/a	n/a	n/a	n/a
80.209	0.016	saccade	n/a	582.6	155.2	n/a	549.4	158.3	1.33	122.0
80.227	0.302	fixation	n/a	555.9	157.3	619.0	n/a	n/a	n/a	n/a
80.531	0.024	saccade	n/a	559.8	155.2	n/a	499.9	157.5	2.39	161.0
80.557	0.228	fixation	n/a	502.7	154.9	632.0	n/a	n/a	n/a	n/a
80.787	0.022	saccade	n/a	506.7	154.6	n/a	456.5	143.8	2.06	150.0
80.811	0.342	fixation	n/a	459.1	147.0	645.0	n/a	n/a	n/a	n/a
81.155	0.018	saccade	n/a	461.5	147.5	n/a	479.1	117.9	1.4	113.0
81.175	0.168	fixation	n/a	474.6	122.9	641.0	n/a	n/a	n/a	n/a
81.345	0.03	saccade	n/a	475.5	123.8	n/a	375.7	103.0	4.1	238.0
81.377	0.322	fixation	n/a	367.6	98.1	661.0	n/a	n/a	n/a	n/a
81.701	0.006	saccade	n/a	374.3	103.7	n/a	380.7	96.0	0.41	60.0
81.709	0.44	fixation	n/a	382.7	100.4	680.0	n/a	n/a	n/a	n/a
82.151	0.06	saccade	n/a	382.8	100.8	n/a	131.8	79.7	9.98	297.0
82.213	0.202	fixation	n/a	115.3	85.4	684.0	n/a	n/a	n/a	n/a
82.417	0.014	saccade	n/a	119.1	83.5	n/a	89.8	82.0	1.13	101.0
82.433	0.346	fixation	n/a	92.4	83.0	677.0	n/a	n/a	n/a	n/a
82.781	0.048	saccade	n/a	97.0	86.2	n/a	204.9	88.4	4.22	210.0
82.831	0.358	fixation	n/a	203.3	80.9	661.0	n/a	n/a	n/a	n/a
83.191	0.026	saccade	n/a	208.4	81.7	n/a	135.5	85.4	2.86	159.0
83.219	0.346	fixation	n/a	132.0	83.7	682.0	n/a	n/a	n/a	n/a
83.567	0.056	saccade	n/a	136.5	82.3	n/a	233.1	81.4	3.8	193.0
83.625	0.19	fixation	n/a	224.7	79.7	691.0	n/a	n/a	n/a	n/a
83.817	0.014	saccade	n/a	228.5	83.9	n/a	203.5	84.4	0.99	89.0
83.833	0.178	fixation	n/a	208.7	84.8	689.0	n/a	n/a	n/a	n/a
84.013	0.046	saccade	n/a	215.3	87.8	n/a	310.7	96.9	3.83	229.0
84.061	0.502	fixation	n/a	305.6	88.0	716.0	n/a	n/a	n/a	n/a
84.565	0.03	saccade	n/a	309.9	91.8	n/a	406.0	95.1	3.87	206.0
84.597	0.262	fixation	n/a	401.7	96.1	719.0	n/a	n/a	n/a	n/a
84.861	0.02	saccade	n/a	404.0	94.4	n/a	355.2	93.0	1.97	147.0
84.883	0.462	fixation	n/a	360.7	96.5	737.0	n/a	n/a	n/a	n/a
85.347	0.022	saccade	n/a	363.2	98.1	n/a	409.3	92.0	1.88	144.0
85.371	0.246	fixation	n/a	404.4	98.1	752.0	n/a	n/a	n/a	n/a
85.619	0.056	saccade	n/a	407.4	93.1	n/a	499.2	93.2	3.69	214.0
85.677	0.222	fixation	n/a	491.2	89.1	707.0	n/a	n/a	n/a	n/a
85.901	0.02	saccade	n/a	495.1	91.3	n/a	452.0	91.6	1.73	139.0
85.923	0.318	fixation	n/a	455.3	91.1	703.0	n/a	n/a	n/a	n/a
86.243	0.02	saccade	n/a	458.1	90.7	n/a	500.5	87.2	1.71	142.0
86.265	0.46	fixation	n/a	493.0	93.7	690.0	n/a	n/a	n/a	n/a
86.727	0.054	saccade	n/a	492.0	92.7	n/a	161.8	109.0	13.12	350.0
86.783	0.162	fixation	n/a	139.0	116.6	684.0	n/a	n/a	n/a	n/a
86.947	0.02	saccade	n/a	139.7	117.2	n/a	92.3	133.1	1.94	147.0
86.969	0.428	fixation	n/a	91.7	133.4	671.0	n/a	n/a	n/a	n/a
87.399	0.026	saccade	n/a	98.5	134.9	n/a	189.4	132.1	3.55	193.0
87.427	0.328	fixation	n/a	195.3	140.3	672.0	n/a	n/a	n/a	n/a
87.757	0.016	saccade	n/a	199.5	141.0	n/a	234.9	136.5	1.41	117.0
87.775	0.126	fixation	n/a	233.6	143.7	666.0	n/a	n/a	n/a	n/a
87.903	0.022	saccade	n/a	234.4	145.1	n/a	293.7	139.3	2.37	159.0
87.927	0.278	fixation	n/a	295.6	147.3	664.0	n/a	n/a	n/a	n/a
88.207	0.034	saccade	n/a	299.0	149.1	n/a	411.9	150.0	4.53	192.0
88.243	0.294	fixation	n/a	411.4	155.1	652.0	n/a	n/a	n/a	n/a
88.539	0.012	saccade	n/a	413.0	158.9	n/a	388.8	156.7	0.98	93.0
88.553	0.26	fixation	n/a	391.4	154.3	650.0	n/a	n/a	n/a	n/a
88.815	0.02	saccade	n/a	394.7	158.9	n/a	444.5	147.4	2.06	150.0
88.837	0.774	fixation	n/a	439.2	153.9	636.0	n/a	n/a	n/a	n/a
89.613	0.006	saccade	n/a	439.1	153.1	n/a	427.9	155.4	0.46	67.0
89.621	0.122	fixation	n/a	429.2	158.0	640.0	n/a	n/a	n/a	n/a
89.745	0.09	saccade	n/a	436.0	168.7	n/a	537.1	197.9	4.21	611.0
89.765	0.04	blink	n/a	n/a	n/a	n/a	n/a	n/a	n/a	n/a
89.837	0.39	fixation	n/a	518.4	171.6	626.0	n/a	n/a	n/a	n/a
90.229	0.028	saccade	n/a	522.1	153.4	n/a	609.1	152.5	3.45	185.0
90.259	0.182	fixation	n/a	598.5	154.9	621.0	n/a	n/a	n/a	n/a
90.443	0.032	saccade	n/a	599.5	155.6	n/a	504.7	159.4	3.77	187.0
90.477	0.234	fixation	n/a	509.2	156.1	609.0	n/a	n/a	n/a	n/a
90.713	0.03	saccade	n/a	513.7	154.5	n/a	617.1	158.8	4.11	210.0
90.745	0.224	fixation	n/a	605.3	157.7	593.0	n/a	n/a	n/a	n/a
90.971	0.064	saccade	n/a	606.3	155.7	n/a	192.4	194.4	16.37	386.0
91.037	0.16	fixation	n/a	169.8	201.4	619.0	n/a	n/a	n/a	n/a
91.199	0.022	saccade	n/a	176.0	205.5	n/a	124.6	219.6	2.08	151.0
91.223	0.204	fixation	n/a	120.1	213.1	626.0	n/a	n/a	n/a	n/a
91.429	0.014	saccade	n/a	122.8	214.2	n/a	94.3	215.2	1.1	100.0
91.445	0.204	fixation	n/a	100.0	215.4	644.0	n/a	n/a	n/a	n/a
91.651	0.026	saccade	n/a	105.2	218.5	n/a	189.8	219.4	3.3	204.0
91.679	0.252	fixation	n/a	193.1	224.5	673.0	n/a	n/a	n/a	n/a
91.933	0.024	saccade	n/a	194.7	222.5	n/a	256.0	213.2	2.46	153.0
91.959	0.264	fixation	n/a	255.0	221.2	697.0	n/a	n/a	n/a	n/a
92.225	0.024	saccade	n/a	256.2	224.5	n/a	196.3	228.3	2.37	168.0
92.251	0.334	fixation	n/a	196.6	223.0	718.0	n/a	n/a	n/a	n/a
92.587	0.024	saccade	n/a	197.3	218.2	n/a	273.9	220.4	3.03	197.0
92.613	0.292	fixation	n/a	281.3	222.5	706.0	n/a	n/a	n/a	n/a
92.907	0.022	saccade	n/a	288.0	222.8	n/a	349.1	213.2	2.47	177.0
92.931	0.18	fixation	n/a	345.5	220.9	702.0	n/a	n/a	n/a	n/a
93.113	0.03	saccade	n/a	347.9	221.2	n/a	256.0	223.1	3.67	191.0
93.145	0.412	fixation	n/a	248.6	218.6	705.0	n/a	n/a	n/a	n/a
93.559	0.026	saccade	n/a	252.1	218.1	n/a	337.9	216.2	3.43	208.0
93.587	0.122	fixation	n/a	335.4	219.3	710.0	n/a	n/a	n/a	n/a
93.711	0.028	saccade	n/a	335.3	218.5	n/a	422.7	218.6	3.51	210.0
93.741	0.346	fixation	n/a	418.4	225.8	695.0	n/a	n/a	n/a	n/a
94.089	0.032	saccade	n/a	422.0	229.7	n/a	537.7	223.9	4.63	241.0
94.123	0.262	fixation	n/a	526.6	225.8	685.0	n/a	n/a	n/a	n/a
94.387	0.028	saccade	n/a	527.0	228.9	n/a	418.3	237.8	4.36	241.0
94.417	0.338	fixation	n/a	415.8	233.2	678.0	n/a	n/a	n/a	n/a
94.757	0.03	saccade	n/a	419.8	233.8	n/a	531.5	228.3	4.47	223.0
94.789	0.366	fixation	n/a	523.0	228.4	691.0	n/a	n/a	n/a	n/a
95.157	0.008	saccade	n/a	525.6	233.1	n/a	511.2	232.9	0.57	70.0
95.167	0.124	fixation	n/a	512.0	225.8	700.0	n/a	n/a	n/a	n/a
95.293	0.04	saccade	n/a	515.6	226.9	n/a	588.5	237.3	2.92	226.0
95.335	0.172	fixation	n/a	591.2	230.4	692.0	n/a	n/a	n/a	n/a
95.509	0.072	saccade	n/a	591.5	230.3	n/a	175.8	273.0	16.39	394.0
95.583	0.15	fixation	n/a	151.9	276.7	699.0	n/a	n/a	n/a	n/a
95.735	0.02	saccade	n/a	155.3	275.1	n/a	109.4	282.3	1.8	130.0
95.757	0.422	fixation	n/a	105.5	277.7	691.0	n/a	n/a	n/a	n/a
96.181	0.02	saccade	n/a	109.9	276.8	n/a	171.5	272.6	2.39	173.0
96.203	0.336	fixation	n/a	170.5	276.8	688.0	n/a	n/a	n/a	n/a
96.541	0.024	saccade	n/a	176.1	278.5	n/a	107.8	278.8	2.65	184.0
96.567	0.288	fixation	n/a	105.5	278.2	675.0	n/a	n/a	n/a	n/a
96.857	0.028	saccade	n/a	107.8	278.2	n/a	214.6	274.5	4.16	226.0
96.887	0.086	fixation	n/a	215.9	280.3	667.0	n/a	n/a	n/a	n/a
96.975	0.098	saccade	n/a	220.5	283.9	n/a	254.0	279.2	1.33	927.0
97.001	0.038	blink	n/a	n/a	n/a	n/a	n/a	n/a	n/a	n/a
97.075	0.292	fixation	n/a	244.3	284.2	678.0	n/a	n/a	n/a	n/a
97.369	0.018	saccade	n/a	240.0	283.7	n/a	280.9	279.2	1.63	136.0
97.389	0.434	fixation	n/a	274.7	279.5	698.0	n/a	n/a	n/a	n/a
97.825	0.028	saccade	n/a	281.1	275.3	n/a	366.2	271.1	3.39	198.0
97.855	0.24	fixation	n/a	365.5	274.2	677.0	n/a	n/a	n/a	n/a
98.097	0.018	saccade	n/a	369.2	276.5	n/a	331.2	279.5	1.52	123.0
98.117	0.3	fixation	n/a	334.4	276.9	683.0	n/a	n/a	n/a	n/a
98.419	0.034	saccade	n/a	339.0	277.2	n/a	487.4	274.6	5.93	284.0
98.455	0.432	fixation	n/a	485.3	276.6	701.0	n/a	n/a	n/a	n/a
98.889	0.02	saccade	n/a	490.9	278.6	n/a	535.4	275.2	1.77	141.0
98.911	0.246	fixation	n/a	527.5	280.4	689.0	n/a	n/a	n/a	n/a
99.159	0.02	saccade	n/a	531.2	280.4	n/a	487.8	282.6	1.73	136.0
99.181	0.134	fixation	n/a	489.9	280.8	679.0	n/a	n/a	n/a	n/a
99.317	0.054	saccade	n/a	491.0	280.7	n/a	147.5	331.3	13.62	355.0
99.373	0.302	fixation	n/a	117.7	334.7	696.0	n/a	n/a	n/a	n/a
99.468	0.0	trigger_11	11	n/a	n/a	n/a	n/a	n/a	n/a	n/a
99.472	0.0	trigger_10	10	n/a	n/a	n/a	n/a	n/a	n/a	n/a
99.677	0.026	saccade	n/a	119.4	334.2	n/a	205.1	324.6	3.34	212.0
99.705	0.29	fixation	n/a	203.9	329.6	698.0	n/a	n/a	n/a	n/a
99.997	0.024	saccade	n/a	207.6	328.7	n/a	207.3	277.4	2.04	129.0
100.023	0.27	fixation	n/a	203.8	291.5	676.0	n/a	n/a	n/a	n/a
100.295	0.026	saccade	n/a	210.0	293.6	n/a	137.8	320.7	3.01	177.0
100.323	0.362	fixation	n/a	135.2	321.7	675.0	n/a	n/a	n/a	n/a
100.687	0.012	saccade	n/a	139.1	323.5	n/a	118.1	331.4	0.87	78.0
100.701	0.266	fixation	n/a	118.5	328.9	667.0	n/a	n/a	n/a	n/a
100.969	0.026	saccade	n/a	123.5	329.0	n/a	220.6	328.1	3.77	228.0
100.997	0.298	fixation	n/a	221.1	329.5	657.0	n/a	n/a	n/a	n/a
101.297	0.024	saccade	n/a	222.8	327.4	n/a	290.5	292.6	3.01	194.0
101.323	0.326	fixation	n/a	292.7	294.0	655.0	n/a	n/a	n/a	n/a
101.651	0.054	saccade	n/a	300.1	297.9	n/a	174.7	93.0	9.61	302.0
101.707	0.15	fixation	n/a	172.8	95.9	621.0	n/a	n/a	n/a	n/a
101.859	0.024	saccade	n/a	178.5	95.6	n/a	113.8	86.4	2.55	163.0
101.885	0.278	fixation	n/a	111.7	81.7	625.0	n/a	n/a	n/a	n/a
102.165	0.034	saccade	n/a	115.7	81.9	n/a	227.0	66.1	4.41	180.0
102.201	0.436	fixation	n/a	222.3	78.7	620.0	n/a	n/a	n/a	n/a
102.639	0.022	saccade	n/a	226.4	81.2	n/a	284.8	60.0	2.48	177.0
102.663	0.628	fixation	n/a	282.2	74.7	622.0	n/a	n/a	n/a	n/a
103.293	0.05	saccade	n/a	284.4	84.4	n/a	378.1	105.7	3.86	194.0
103.345	0.218	fixation	n/a	371.2	96.1	659.0	n/a	n/a	n/a	n/a
103.565	0.022	saccade	n/a	373.9	93.8	n/a	431.2	77.7	2.4	178.0
103.589	0.22	fixation	n/a	426.4	90.4	653.0	n/a	n/a	n/a	n/a
103.811	0.026	saccade	n/a	428.5	92.6	n/a	491.6	84.3	2.56	174.0
103.839	0.174	fixation	n/a	480.1	91.7	652.0	n/a	n/a	n/a	n/a
104.015	0.054	saccade	n/a	477.8	93.7	n/a	536.6	100.5	2.37	162.0
104.071	0.18	fixation	n/a	528.3	99.7	657.0	n/a	n/a	n/a	n/a
104.253	0.022	saccade	n/a	530.5	102.3	n/a	586.2	95.8	2.23	171.0
104.277	0.304	fixation	n/a	577.4	106.3	674.0	n/a	n/a	n/a	n/a
104.583	0.078	saccade	n/a	577.1	103.4	n/a	113.5	153.3	18.29	390.0
104.663	0.216	fixation	n/a	93.4	152.5	691.0	n/a	n/a	n/a	n/a
104.881	0.018	saccade	n/a	100.0	149.3	n/a	143.4	138.5	1.74	148.0
104.901	0.562	fixation	n/a	145.4	150.4	712.0	n/a	n/a	n/a	n/a
105.465	0.016	saccade	n/a	149.7	147.4	n/a	116.4	142.6	1.31	121.0
105.483	0.75	fixation	n/a	119.0	143.5	713.0	n/a	n/a	n/a	n/a
106.235	0.02	saccade	n/a	118.1	141.9	n/a	171.3	138.8	2.08	156.0
106.257	0.254	fixation	n/a	172.5	147.0	727.0	n/a	n/a	n/a	n/a
106.31	0.0	trigger_11	11	n/a	n/a	n/a	n/a	n/a	n/a	n/a
106.312	0.0	trigger_10	10	n/a	n/a	n/a	n/a	n/a	n/a	n/a
106.513	0.016	saccade	n/a	172.2	148.7	n/a	155.7	154.5	0.69	87.0
106.531	0.204	fixation	n/a	157.2	151.8	718.0	n/a	n/a	n/a	n/a
106.737	0.094	saccade	n/a	164.7	157.3	n/a	182.8	125.0	1.49	843.0
106.759	0.03	blink	n/a	n/a	n/a	n/a	n/a	n/a	n/a	n/a
106.833	0.19	fixation	n/a	178.9	144.8	704.0	n/a	n/a	n/a	n/a
107.025	0.022	saccade	n/a	175.7	145.0	n/a	234.6	145.7	2.33	168.0
107.049	0.236	fixation	n/a	226.5	152.5	707.0	n/a	n/a	n/a	n/a
107.287	0.016	saccade	n/a	226.2	151.3	n/a	215.2	150.3	0.44	55.0
107.305	0.08	fixation	n/a	216.9	151.5	697.0	n/a	n/a	n/a	n/a
107.387	0.064	saccade	n/a	217.4	152.4	n/a	522.2	85.5	12.44	342.0
107.453	0.174	fixation	n/a	516.8	98.9	655.0	n/a	n/a	n/a	n/a
107.629	0.024	saccade	n/a	521.2	102.4	n/a	589.0	89.6	2.75	196.0
107.655	0.318	fixation	n/a	579.7	101.7	639.0	n/a	n/a	n/a	n/a
107.975	0.032	saccade	n/a	583.1	107.2	n/a	455.1	96.7	5.13	272.0
108.009	0.53	fixation	n/a	458.0	96.2	664.0	n/a	n/a	n/a	n/a
108.541	0.054	saccade	n/a	461.7	95.8	n/a	158.1	88.5	12.05	324.0
108.597	0.232	fixation	n/a	141.0	91.2	669.0	n/a	n/a	n/a	n/a
108.831	0.022	saccade	n/a	151.0	90.3	n/a	97.5	89.3	2.08	164.0
108.855	0.566	fixation	n/a	100.0	87.7	694.0	n/a	n/a	n/a	n/a
109.423	0.052	saccade	n/a	105.4	89.2	n/a	209.7	103.3	4.11	190.0
109.477	0.42	fixation	n/a	203.1	88.5	717.0	n/a	n/a	n/a	n/a
109.899	0.008	saccade	n/a	211.2	88.4	n/a	223.4	82.5	0.54	69.0
109.909	0.228	fixation	n/a	224.6	84.6	705.0	n/a	n/a	n/a	n/a
110.139	0.018	saccade	n/a	226.0	85.5	n/a	258.9	73.4	1.4	117.0
110.159	0.29	fixation	n/a	258.0	79.0	685.0	n/a	n/a	n/a	n/a
110.451	0.02	saccade	n/a	259.7	78.7	n/a	312.0	73.9	2.1	161.0
110.473	0.244	fixation	n/a	315.5	82.6	679.0	n/a	n/a	n/a	n/a
110.719	0.016	saccade	n/a	317.8	84.3	n/a	353.1	78.0	1.44	114.0
110.737	0.246	fixation	n/a	351.8	85.9	672.0	n/a	n/a	n/a	n/a
110.985	0.044	saccade	n/a	352.7	84.9	n/a	413.3	93.8	2.47	152.0
111.031	0.454	fixation	n/a	410.4	88.9	665.0	n/a	n/a	n/a	n/a
111.487	0.02	saccade	n/a	414.3	89.5	n/a	461.4	80.4	1.93	139.0
111.509	0.224	fixation	n/a	455.5	86.2	659.0	n/a	n/a	n/a	n/a
111.735	0.018	saccade	n/a	454.7	84.6	n/a	498.4	81.7	1.76	137.0
111.755	0.298	fixation	n/a	493.9	87.7	644.0	n/a	n/a	n/a	n/a
112.055	0.024	saccade	n/a	494.8	86.5	n/a	559.3	87.9	2.58	178.0
112.081	0.228	fixation	n/a	548.6	92.8	635.0	n/a	n/a	n/a	n/a
112.311	0.024	saccade	n/a	550.4	93.3	n/a	483.6	92.0	2.67	193.0
112.337	0.258	fixation	n/a	486.6	88.8	645.0	n/a	n/a	n/a	n/a
112.597	0.046	saccade	n/a	490.3	91.3	n/a	585.7	100.1	3.83	235.0
112.645	0.166	fixation	n/a	579.1	89.9	637.0	n/a	n/a	n/a	n/a
112.813	0.062	saccade	n/a	581.8	85.5	n/a	178.7	141.9	16.09	373.0
112.877	0.176	fixation	n/a	163.3	145.4	658.0	n/a	n/a	n/a	n/a
113.055	0.026	saccade	n/a	166.4	142.6	n/a	90.1	142.4	2.96	184.0
113.083	0.248	fixation	n/a	85.7	141.9	631.0	n/a	n/a	n/a	n/a
113.333	0.048	saccade	n/a	87.1	142.1	n/a	228.3	148.3	5.52	255.0
113.383	0.528	fixation	n/a	229.7	141.9	631.0	n/a	n/a	n/a	n/a
113.446	0.0	trigger_11	11	n/a	n/a	n/a	n/a	n/a	n/a	n/a
113.45	0.0	trigger_10	10	n/a	n/a	n/a	n/a	n/a	n/a	n/a
113.913	0.022	saccade	n/a	237.8	144.7	n/a	298.6	143.5	2.43	165.0
113.937	0.396	fixation	n/a	299.2	151.1	632.0	n/a	n/a	n/a	n/a
114.335	0.016	saccade	n/a	300.8	149.4	n/a	282.9	153.5	0.74	86.0
114.353	0.228	fixation	n/a	285.9	151.3	628.0	n/a	n/a	n/a	n/a
114.583	0.108	saccade	n/a	292.9	154.3	n/a	331.0	154.7	1.53	720.0
114.621	0.034	blink	n/a	n/a	n/a	n/a	n/a	n/a	n/a	n/a
114.693	0.58	fixation	n/a	321.7	154.6	609.0	n/a	n/a	n/a	n/a
115.275	0.016	saccade	n/a	319.4	146.2	n/a	350.5	130.6	1.4	115.0
115.293	0.184	fixation	n/a	352.5	139.7	618.0	n/a	n/a	n/a	n/a
115.479	0.022	saccade	n/a	355.9	140.1	n/a	329.0	89.5	2.33	183.0
115.503	0.172	fixation	n/a	324.4	91.9	608.0	n/a	n/a	n/a	n/a
115.677	0.01	saccade	n/a	326.9	94.8	n/a	337.3	80.8	0.71	72.0
115.689	0.154	fixation	n/a	336.5	87.2	613.0	n/a	n/a	n/a	n/a
115.845	0.042	saccade	n/a	338.1	87.9	n/a	134.4	83.1	8.05	284.0
115.889	0.304	fixation	n/a	118.4	80.9	650.0	n/a	n/a	n/a	n/a
116.195	0.02	saccade	n/a	120.5	82.6	n/a	175.0	75.0	2.15	154.0
116.217	0.302	fixation	n/a	177.2	82.2	667.0	n/a	n/a	n/a	n/a
116.521	0.022	saccade	n/a	179.0	81.2	n/a	241.9	66.2	2.56	183.0
116.545	0.276	fixation	n/a	251.7	79.4	661.0	n/a	n/a	n/a	n/a
116.823	0.02	saccade	n/a	254.8	81.6	n/a	300.0	70.1	1.87	144.0
116.845	0.234	fixation	n/a	303.1	81.7	659.0	n/a	n/a	n/a	n/a
117.081	0.05	saccade	n/a	308.4	83.7	n/a	392.6	98.4	3.44	182.0
117.133	0.202	fixation	n/a	385.8	86.8	659.0	n/a	n/a	n/a	n/a
117.337	0.06	saccade	n/a	389.9	88.6	n/a	507.3	87.6	4.72	250.0
117.399	0.182	fixation	n/a	499.9	86.9	657.0	n/a	n/a	n/a	n/a
117.583	0.02	saccade	n/a	504.6	92.2	n/a	472.4	96.6	1.3	114.0
117.605	0.194	fixation	n/a	475.3	94.1	671.0	n/a	n/a	n/a	n/a
117.801	0.062	saccade	n/a	476.4	96.2	n/a	587.3	96.4	4.42	255.0
117.865	0.302	fixation	n/a	577.7	100.1	688.0	n/a	n/a	n/a	n/a
118.169	0.082	saccade	n/a	582.1	105.5	n/a	174.0	132.1	16.17	377.0
118.253	0.15	fixation	n/a	178.3	135.3	765.0	n/a	n/a	n/a	n/a
118.405	0.038	saccade	n/a	181.2	137.0	n/a	126.6	151.7	2.22	186.0
118.445	0.406	fixation	n/a	117.6	154.6	776.0	n/a	n/a	n/a	n/a
118.853	0.02	saccade	n/a	124.3	155.9	n/a	171.8	147.1	1.89	155.0
118.875	0.326	fixation	n/a	169.6	151.6	755.0	n/a	n/a	n/a	n/a
119.203	0.02	saccade	n/a	171.3	149.9	n/a	221.0	144.0	1.97	157.0
119.225	0.292	fixation	n/a	220.8	152.3	714.0	n/a	n/a	n/a	n/a
119.519	0.024	saccade	n/a	224.3	154.5	n/a	158.9	153.6	2.58	180.0
119.545	0.27	fixation	n/a	155.6	148.1	684.0	n/a	n/a	n/a	n/a
119.817	0.018	saccade	n/a	156.3	145.5	n/a	200.5	140.1	1.75	135.0
119.837	0.322	fixation	n/a	204.5	149.6	667.0	n/a	n/a	n/a	n/a
120.161	0.012	saccade	n/a	206.0	152.1	n/a	182.2	154.7	0.94	88.0
120.175	0.572	fixation	n/a	189.7	152.7	668.0	n/a	n/a	n/a	n/a
120.749	0.018	saccade	n/a	198.1	152.1	n/a	156.8	150.1	1.63	129.0
120.769	0.28	fixation	n/a	156.2	147.6	668.0	n/a	n/a	n/a	n/a
121.051	0.024	saccade	n/a	154.7	145.9	n/a	223.1	140.1	2.7	172.0
121.077	0.364	fixation	n/a	233.1	153.3	666.0	n/a	n/a	n/a	n/a
121.443	0.032	saccade	n/a	235.8	154.5	n/a	126.5	153.8	4.29	218.0
121.477	0.032	fixation	n/a	124.6	148.1	658.0	n/a	n/a	n/a	n/a
121.511	0.002	saccade	n/a	123.3	160.8	n/a	124.3	160.7	0.04	28.0
121.515	0.148	fixation	n/a	122.9	146.0	656.0	n/a	n/a	n/a	n/a
121.665	0.018	saccade	n/a	128.8	144.9	n/a	94.0	142.3	1.35	138.0
121.685	0.37	fixation	n/a	96.7	142.7	660.0	n/a	n/a	n/a	n/a
122.057	0.05	saccade	n/a	99.7	147.1	n/a	234.9	156.4	5.3	235.0
122.109	0.252	fixation	n/a	227.3	146.3	676.0	n/a	n/a	n/a	n/a
122.363	0.02	saccade	n/a	229.4	147.1	n/a	283.0	140.4	2.15	174.0
122.385	0.378	fixation	n/a	285.9	154.5	690.0	n/a	n/a	n/a	n/a
122.765	0.026	saccade	n/a	290.3	161.4	n/a	375.4	159.7	3.42	204.0
122.793	0.224	fixation	n/a	373.4	161.1	699.0	n/a	n/a	n/a	n/a
123.019	0.01	saccade	n/a	374.4	162.9	n/a	354.9	160.7	0.79	81.0
123.031	0.26	fixation	n/a	354.4	159.7	686.0	n/a	n/a	n/a	n/a
123.293	0.032	saccade	n/a	357.0	157.7	n/a	463.7	152.9	4.29	220.0
123.327	0.218	fixation	n/a	458.8	160.0	668.0	n/a	n/a	n/a	n/a
123.547	0.012	saccade	n/a	462.1	164.2	n/a	440.7	166.1	0.86	87.0
123.561	0.23	fixation	n/a	448.4	163.2	669.0	n/a	n/a	n/a	n/a
123.793	0.03	saccade	n/a	452.3	165.1	n/a	556.0	159.2	4.15	238.0
123.825	0.282	fixation	n/a	549.4	162.7	660.0	n/a	n/a	n/a	n/a
124.109	0.018	saccade	n/a	554.8	166.7	n/a	516.5	160.2	1.55	128.0
124.129	0.292	fixation	n/a	518.6	160.6	674.0	n/a	n/a	n/a	n/a
124.423	0.07	saccade	n/a	522.1	152.7	n/a	150.7	204.1	14.83	381.0
124.495	0.158	fixation	n/a	130.8	205.7	685.0	n/a	n/a	n/a	n/a
124.655	0.016	saccade	n/a	134.7	205.8	n/a	106.2	212.8	1.14	108.0
124.673	0.22	fixation	n/a	106.5	210.9	682.0	n/a	n/a	n/a	n/a
124.895	0.028	saccade	n/a	105.5	213.5	n/a	199.6	206.4	3.68	214.0
124.925	0.284	fixation	n/a	198.7	215.1	705.0	n/a	n/a	n/a	n/a
125.211	0.024	saccade	n/a	203.0	217.0	n/a	273.6	217.9	2.8	186.0
125.237	0.376	fixation	n/a	272.7	220.6	704.0	n/a	n/a	n/a	n/a
125.615	0.034	saccade	n/a	278.1	220.0	n/a	347.9	91.6	5.92	286.0
125.651	0.296	fixation	n/a	355.8	85.0	647.0	n/a	n/a	n/a	n/a
125.949	0.046	saccade	n/a	360.9	89.3	n/a	475.5	102.2	4.64	245.0
125.997	0.256	fixation	n/a	472.1	88.9	654.0	n/a	n/a	n/a	n/a
126.255	0.028	saccade	n/a	476.5	90.1	n/a	561.0	98.1	3.4	199.0
126.285	0.19	fixation	n/a	549.8	100.9	647.0	n/a	n/a	n/a	n/a
126.477	0.068	saccade	n/a	548.9	99.8	n/a	119.9	165.1	17.06	375.0
126.547	0.172	fixation	n/a	99.1	171.1	662.0	n/a	n/a	n/a	n/a
126.721	0.012	saccade	n/a	105.3	170.1	n/a	111.8	148.3	0.91	85.0
126.735	0.286	fixation	n/a	112.0	157.1	653.0	n/a	n/a	n/a	n/a
127.023	0.024	saccade	n/a	113.7	160.5	n/a	190.9	144.7	3.08	213.0
127.049	0.264	fixation	n/a	194.2	155.2	660.0	n/a	n/a	n/a	n/a
127.315	0.016	saccade	n/a	197.3	155.4	n/a	160.5	154.4	1.45	115.0
127.333	0.268	fixation	n/a	161.9	152.8	652.0	n/a	n/a	n/a	n/a
127.603	0.022	saccade	n/a	166.9	152.9	n/a	221.1	136.2	2.24	150.0
127.627	0.194	fixation	n/a	227.7	146.6	651.0	n/a	n/a	n/a	n/a
127.823	0.106	saccade	n/a	232.8	152.6	n/a	233.8	158.6	0.25	933.0
127.853	0.042	blink	n/a	n/a	n/a	n/a	n/a	n/a	n/a	n/a
127.931	0.21	fixation	n/a	221.9	170.7	658.0	n/a	n/a	n/a	n/a
128.143	0.024	saccade	n/a	218.0	170.7	n/a	290.5	162.9	2.91	188.0
128.169	0.218	fixation	n/a	286.7	167.1	669.0	n/a	n/a	n/a	n/a
128.389	0.026	saccade	n/a	288.3	165.1	n/a	368.4	160.6	3.22	211.0
128.417	0.228	fixation	n/a	364.4	165.5	664.0	n/a	n/a	n/a	n/a
128.647	0.034	saccade	n/a	365.7	165.4	n/a	489.5	161.4	4.97	246.0
128.683	0.21	fixation	n/a	479.7	163.2	650.0	n/a	n/a	n/a	n/a
128.895	0.014	saccade	n/a	482.3	165.6	n/a	455.7	168.9	1.08	107.0
128.911	0.176	fixation	n/a	458.1	166.1	638.0	n/a	n/a	n/a	n/a
129.089	0.032	saccade	n/a	461.3	162.0	n/a	573.0	165.3	4.46	232.0
129.123	0.258	fixation	n/a	565.2	164.6	620.0	n/a	n/a	n/a	n/a
129.383	0.02	saccade	n/a	570.0	167.5	n/a	524.9	166.9	1.8	140.0
129.405	0.306	fixation	n/a	521.6	164.0	608.0	n/a	n/a	n/a	n/a
129.59	0.0	trigger_11	11	n/a	n/a	n/a	n/a	n/a	n/a	n/a
129.602	0.0	trigger_10	10	n/a	n/a	n/a	n/a	n/a	n/a	n/a
129.713	0.072	saccade	n/a	523.4	160.9	n/a	139.4	207.4	15.26	389.0
129.787	0.222	fixation	n/a	122.1	211.3	622.0	n/a	n/a	n/a	n/a
130.011	0.014	saccade	n/a	127.9	211.4	n/a	95.7	208.6	1.25	113.0
130.027	0.196	fixation	n/a	99.7	211.0	625.0	n/a	n/a	n/a	n/a
130.225	0.032	saccade	n/a	104.6	215.1	n/a	234.6	215.5	5.09	238.0
130.259	0.582	fixation	n/a	242.0	221.9	657.0	n/a	n/a	n/a	n/a
130.843	0.02	saccade	n/a	248.7	223.4	n/a	297.0	213.3	1.97	142.0
130.865	0.224	fixation	n/a	295.0	219.9	662.0	n/a	n/a	n/a	n/a
131.091	0.106	saccade	n/a	304.4	226.2	n/a	336.6	193.3	1.86	837.0
131.117	0.048	blink	n/a	n/a	n/a	n/a	n/a	n/a	n/a	n/a
131.199	0.208	fixation	n/a	321.6	204.9	658.0	n/a	n/a	n/a	n/a
131.409	0.02	saccade	n/a	317.0	205.5	n/a	323.7	165.4	1.66	134.0
131.431	0.394	fixation	n/a	317.8	176.5	691.0	n/a	n/a	n/a	n/a
131.827	0.042	saccade	n/a	321.2	172.0	n/a	121.3	92.9	8.51	308.0
131.871	0.296	fixation	n/a	108.3	87.9	680.0	n/a	n/a	n/a	n/a
132.169	0.048	saccade	n/a	109.0	86.2	n/a	197.1	87.1	3.45	204.0
132.219	0.256	fixation	n/a	190.8	77.6	688.0	n/a	n/a	n/a	n/a
132.477	0.02	saccade	n/a	193.4	77.3	n/a	243.0	71.4	1.98	157.0
132.499	0.294	fixation	n/a	242.6	84.2	698.0	n/a	n/a	n/a	n/a
132.795	0.02	saccade	n/a	245.6	84.5	n/a	296.2	73.6	2.07	163.0
132.817	0.414	fixation	n/a	294.8	85.0	690.0	n/a	n/a	n/a	n/a
133.233	0.052	saccade	n/a	300.7	87.4	n/a	395.6	100.2	3.85	199.0
133.287	0.23	fixation	n/a	385.7	91.5	691.0	n/a	n/a	n/a	n/a
133.519	0.042	saccade	n/a	389.1	90.9	n/a	277.8	85.8	4.47	239.0
133.563	0.022	fixation	n/a	265.5	91.3	699.0	n/a	n/a	n/a	n/a
133.587	0.004	saccade	n/a	267.3	104.2	n/a	269.7	103.3	0.1	45.0
133.593	0.29	fixation	n/a	268.6	93.2	705.0	n/a	n/a	n/a	n/a
133.885	0.018	saccade	n/a	272.8	95.1	n/a	231.8	93.4	1.63	135.0
133.905	0.318	fixation	n/a	236.9	99.4	736.0	n/a	n/a	n/a	n/a
134.225	0.038	saccade	n/a	239.5	104.4	n/a	309.6	107.0	2.81	211.0
134.265	0.18	fixation	n/a	315.1	114.5	778.0	n/a	n/a	n/a	n/a
134.447	0.024	saccade	n/a	318.6	123.6	n/a	385.4	110.3	2.74	201.0
134.473	0.388	fixation	n/a	375.6	118.1	799.0	n/a	n/a	n/a	n/a
134.863	0.02	saccade	n/a	375.2	117.3	n/a	336.7	115.9	1.55	135.0
134.885	0.248	fixation	n/a	338.9	115.1	804.0	n/a	n/a	n/a	n/a
135.135	0.058	saccade	n/a	341.2	111.0	n/a	490.1	111.5	5.98	259.0
135.195	0.188	fixation	n/a	481.0	103.2	749.0	n/a	n/a	n/a	n/a
135.385	0.018	saccade	n/a	485.6	106.4	n/a	447.1	99.4	1.58	139.0
135.405	0.354	fixation	n/a	455.7	104.5	743.0	n/a	n/a	n/a	n/a
135.761	0.016	saccade	n/a	457.1	103.0	n/a	440.7	99.9	0.67	90.0
135.779	0.19	fixation	n/a	445.6	104.5	729.0	n/a	n/a	n/a	n/a
135.971	0.03	saccade	n/a	449.3	104.3	n/a	529.2	99.1	3.22	176.0
136.003	0.256	fixation	n/a	523.5	105.5	715.0	n/a	n/a	n/a	n/a
136.261	0.026	saccade	n/a	525.6	106.5	n/a	589.5	98.4	2.56	180.0
136.289	0.226	fixation	n/a	579.7	107.0	727.0	n/a	n/a	n/a	n/a
136.517	0.062	saccade	n/a	581.9	107.8	n/a	171.9	137.1	16.22	376.0
136.581	0.14	fixation	n/a	149.1	144.5	756.0	n/a	n/a	n/a	n/a
136.723	0.022	saccade	n/a	154.7	148.1	n/a	106.4	161.4	1.95	133.0
136.747	0.158	fixation	n/a	106.9	159.0	764.0	n/a	n/a	n/a	n/a
136.907	0.018	saccade	n/a	110.5	161.4	n/a	66.5	164.9	1.69	145.0
136.927	0.308	fixation	n/a	70.8	163.7	760.0	n/a	n/a	n/a	n/a
137.237	0.04	saccade	n/a	75.7	160.6	n/a	257.3	158.8	7.09	255.0
137.279	0.316	fixation	n/a	262.9	160.0	724.0	n/a	n/a	n/a	n/a
137.597	0.028	saccade	n/a	267.6	165.1	n/a	354.2	151.7	3.51	214.0
137.627	0.344	fixation	n/a	351.4	158.0	699.0	n/a	n/a	n/a	n/a
137.973	0.016	saccade	n/a	354.2	155.9	n/a	392.9	158.8	1.56	118.0
137.991	0.06	fixation	n/a	390.7	163.8	688.0	n/a	n/a	n/a	n/a
138.053	0.022	saccade	n/a	388.6	167.7	n/a	445.7	161.2	2.31	160.0
138.077	0.25	fixation	n/a	441.8	166.9	686.0	n/a	n/a	n/a	n/a
138.329	0.012	saccade	n/a	446.6	163.7	n/a	426.5	166.0	0.81	85.0
138.343	0.288	fixation	n/a	430.7	164.8	680.0	n/a	n/a	n/a	n/a
138.633	0.018	saccade	n/a	433.9	162.0	n/a	478.0	159.3	1.77	149.0
138.653	0.354	fixation	n/a	476.4	166.7	693.0	n/a	n/a	n/a	n/a
139.009	0.022	saccade	n/a	481.1	166.2	n/a	416.3	170.7	2.61	196.0
139.033	0.43	fixation	n/a	415.3	166.4	740.0	n/a	n/a	n/a	n/a
139.465	0.072	saccade	n/a	418.4	167.8	n/a	136.4	221.8	11.38	334.0
139.539	0.162	fixation	n/a	139.1	215.3	788.0	n/a	n/a	n/a	n/a
139.703	0.018	saccade	n/a	141.7	214.0	n/a	101.9	215.0	1.54	127.0
139.723	0.222	fixation	n/a	101.7	215.3	768.0	n/a	n/a	n/a	n/a
139.947	0.03	saccade	n/a	102.8	217.8	n/a	211.8	213.0	4.25	229.0
139.979	0.28	fixation	n/a	214.3	218.3	759.0	n/a	n/a	n/a	n/a
140.261	0.026	saccade	n/a	222.8	222.8	n/a	298.0	214.7	3.01	212.0
140.289	0.324	fixation	n/a	296.2	220.6	762.0	n/a	n/a	n/a	n/a
140.615	0.02	saccade	n/a	298.3	217.9	n/a	357.9	207.7	2.42	181.0
140.637	0.378	fixation	n/a	362.3	215.7	750.0	n/a	n/a	n/a	n/a
141.017	0.018	saccade	n/a	366.1	215.9	n/a	415.6	212.9	1.99	161.0
141.037	0.224	fixation	n/a	405.3	218.8	749.0	n/a	n/a	n/a	n/a
141.263	0.034	saccade	n/a	405.6	219.6	n/a	529.1	212.3	4.95	229.0
141.299	0.24	fixation	n/a	516.9	217.5	726.0	n/a	n/a	n/a	n/a
141.541	0.02	saccade	n/a	521.1	220.3	n/a	473.7	223.5	1.9	156.0
141.563	0.28	fixation	n/a	477.1	220.6	709.0	n/a	n/a	n/a	n/a
141.845	0.034	saccade	n/a	483.4	221.6	n/a	604.6	224.4	4.81	226.0
141.881	0.242	fixation	n/a	592.6	225.2	688.0	n/a	n/a	n/a	n/a
142.125	0.016	saccade	n/a	593.9	226.6	n/a	559.7	224.4	1.35	118.0
142.143	0.196	fixation	n/a	560.7	225.9	697.0	n/a	n/a	n/a	n/a
142.341	0.026	saccade	n/a	562.3	225.2	n/a	634.9	224.4	2.86	177.0
142.369	0.494	fixation	n/a	624.6	227.2	685.0	n/a	n/a	n/a	n/a
142.865	0.066	saccade	n/a	625.7	227.4	n/a	166.9	259.8	18.0	397.0
142.933	0.184	fixation	n/a	144.8	265.2	693.0	n/a	n/a	n/a	n/a
143.119	0.02	saccade	n/a	149.6	267.0	n/a	106.0	274.0	1.71	125.0
143.141	0.284	fixation	n/a	109.0	275.7	699.0	n/a	n/a	n/a	n/a
143.427	0.018	saccade	n/a	113.0	278.9	n/a	164.0	268.7	2.01	161.0
143.447	0.21	fixation	n/a	164.3	275.2	714.0	n/a	n/a	n/a	n/a
143.659	0.022	saccade	n/a	164.4	274.0	n/a	225.1	272.1	2.38	164.0
143.683	0.26	fixation	n/a	228.4	275.1	702.0	n/a	n/a	n/a	n/a
143.945	0.02	saccade	n/a	232.9	275.8	n/a	295.1	272.4	2.47	185.0
143.967	0.264	fixation	n/a	293.9	277.2	685.0	n/a	n/a	n/a	n/a
144.233	0.03	saccade	n/a	296.1	275.7	n/a	395.8	268.1	3.99	217.0
144.265	0.194	fixation	n/a	390.5	272.5	671.0	n/a	n/a	n/a	n/a
144.461	0.014	saccade	n/a	394.2	274.7	n/a	366.4	279.3	1.13	107.0
144.477	0.296	fixation	n/a	363.8	277.3	667.0	n/a	n/a	n/a	n/a
144.775	0.036	saccade	n/a	368.0	274.7	n/a	519.5	270.8	6.04	283.0
144.813	0.264	fixation	n/a	511.0	271.9	650.0	n/a	n/a	n/a	n/a
145.079	0.02	saccade	n/a	512.2	278.4	n/a	469.7	282.3	1.7	138.0
145.101	0.262	fixation	n/a	470.0	280.6	650.0	n/a	n/a	n/a	n/a
145.365	0.032	saccade	n/a	475.0	280.1	n/a	579.0	277.5	4.12	218.0
145.399	0.222	fixation	n/a	566.3	280.4	641.0	n/a	n/a	n/a	n/a
145.623	0.056	saccade	n/a	565.0	282.2	n/a	186.7	341.8	15.02	394.0
145.681	0.16	fixation	n/a	158.1	351.6	648.0	n/a	n/a	n/a	n/a
145.843	0.018	saccade	n/a	160.3	353.5	n/a	117.5	346.8	1.67	122.0
145.863	0.29	fixation	n/a	118.7	346.0	640.0	n/a	n/a	n/a	n/a
146.155	0.032	saccade	n/a	125.4	348.3	n/a	238.3	336.2	4.4	195.0
146.189	0.218	fixation	n/a	239.4	339.2	635.0	n/a	n/a	n/a	n/a
146.409	0.018	saccade	n/a	242.5	339.8	n/a	291.7	332.7	1.96	147.0
146.429	0.212	fixation	n/a	291.2	334.8	637.0	n/a	n/a	n/a	n/a
146.643	0.022	saccade	n/a	293.1	333.8	n/a	354.8	331.6	2.45	159.0
146.667	0.198	fixation	n/a	348.2	335.1	644.0	n/a	n/a	n/a	n/a
146.867	0.02	saccade	n/a	348.9	334.7	n/a	401.4	331.4	2.09	158.0
146.889	0.208	fixation	n/a	396.7	336.2	644.0	n/a	n/a	n/a	n/a
147.099	0.03	saccade	n/a	401.1	335.3	n/a	498.6	331.4	3.87	218.0
147.131	0.298	fixation	n/a	489.5	335.2	635.0	n/a	n/a	n/a	n/a
147.431	0.02	saccade	n/a	492.9	336.6	n/a	467.0	337.0	1.03	117.0
147.453	0.09	fixation	n/a	468.2	336.7	641.0	n/a	n/a	n/a	n/a
147.545	0.028	saccade	n/a	469.2	335.6	n/a	563.3	331.6	3.72	227.0
147.575	0.226	fixation	n/a	557.1	333.9	631.0	n/a	n/a	n/a	n/a
147.803	0.008	saccade	n/a	556.8	336.2	n/a	541.9	335.1	0.59	72.0
147.813	0.316	fixation	n/a	540.7	336.6	614.0	n/a	n/a	n/a	n/a
148.131	0.028	saccade	n/a	544.1	336.2	n/a	618.8	333.6	2.93	172.0
148.161	0.254	fixation	n/a	603.2	337.6	596.0	n/a	n/a	n/a	n/a
148.417	0.056	saccade	n/a	602.2	342.5	n/a	211.8	388.5	15.3	398.0
148.475	0.164	fixation	n/a	179.3	394.8	622.0	n/a	n/a	n/a	n/a
148.641	0.024	saccade	n/a	178.5	392.2	n/a	112.5	399.4	2.54	151.0
148.667	0.192	fixation	n/a	115.8	398.0	635.0	n/a	n/a	n/a	n/a
148.861	0.012	saccade	n/a	118.3	396.5	n/a	96.8	398.3	0.82	79.0
148.875	0.28	fixation	n/a	102.8	400.0	650.0	n/a	n/a	n/a	n/a
149.144	0.0	trigger_11	11	n/a	n/a	n/a	n/a	n/a	n/a	n/a
149.15	0.0	trigger_10	10	n/a	n/a	n/a	n/a	n/a	n/a	n/a
149.157	0.024	saccade	n/a	104.6	399.7	n/a	177.5	389.7	2.81	193.0
149.183	0.24	fixation	n/a	181.9	395.5	650.0	n/a	n/a	n/a	n/a
149.425	0.026	saccade	n/a	180.0	394.0	n/a	266.4	387.8	3.37	222.0
149.453	0.39	fixation	n/a	266.8	392.8	653.0	n/a	n/a	n/a	n/a
149.845	0.108	saccade	n/a	283.6	398.6	n/a	312.7	391.4	1.18	679.0
149.871	0.038	blink	n/a	n/a	n/a	n/a	n/a	n/a	n/a	n/a
149.955	0.102	fixation	n/a	304.0	396.4	624.0	n/a	n/a	n/a	n/a
150.059	0.046	saccade	n/a	302.5	399.6	n/a	395.6	259.6	6.68	248.0
150.107	0.146	fixation	n/a	386.8	251.3	613.0	n/a	n/a	n/a	n/a
150.255	0.044	saccade	n/a	390.8	250.3	n/a	432.6	134.7	4.99	198.0
150.301	0.03	fixation	n/a	431.0	132.7	581.0	n/a	n/a	n/a	n/a
150.333	0.03	saccade	n/a	430.2	133.5	n/a	416.5	59.4	3.07	187.0
150.365	0.402	fixation	n/a	423.0	66.8	562.0	n/a	n/a	n/a	n/a
150.769	0.02	saccade	n/a	428.7	60.9	n/a	380.9	83.5	2.14	166.0
150.791	0.366	fixation	n/a	381.6	77.4	561.0	n/a	n/a	n/a	n/a
151.159	0.02	saccade	n/a	384.7	74.2	n/a	340.4	98.2	2.03	168.0
151.181	0.262	fixation	n/a	341.6	90.3	558.0	n/a	n/a	n/a	n/a
151.445	0.046	saccade	n/a	346.5	92.6	n/a	117.5	88.6	9.03	296.0
151.493	0.308	fixation	n/a	101.6	84.9	588.0	n/a	n/a	n/a	n/a
151.803	0.018	saccade	n/a	103.5	83.8	n/a	149.8	69.8	1.88	152.0
151.823	0.272	fixation	n/a	153.4	83.0	610.0	n/a	n/a	n/a	n/a
152.097	0.018	saccade	n/a	156.1	84.3	n/a	201.3	77.0	1.8	152.0
152.117	0.254	fixation	n/a	204.9	86.9	616.0	n/a	n/a	n/a	n/a
152.373	0.014	saccade	n/a	206.1	89.8	n/a	182.4	87.3	0.94	91.0
152.389	0.268	fixation	n/a	185.9	87.7	630.0	n/a	n/a	n/a	n/a
152.659	0.048	saccade	n/a	187.8	87.8	n/a	278.3	90.4	3.59	202.0
152.709	0.234	fixation	n/a	270.8	78.2	630.0	n/a	n/a	n/a	n/a
152.945	0.058	saccade	n/a	272.5	80.4	n/a	368.0	84.4	3.84	238.0
153.005	0.196	fixation	n/a	366.8	88.8	636.0	n/a	n/a	n/a	n/a
153.203	0.02	saccade	n/a	371.7	92.0	n/a	332.1	96.1	1.6	132.0
153.225	0.334	fixation	n/a	334.9	91.0	631.0	n/a	n/a	n/a	n/a
153.561	0.038	saccade	n/a	337.6	87.8	n/a	474.9	91.9	5.52	224.0
153.601	0.23	fixation	n/a	466.4	92.4	612.0	n/a	n/a	n/a	n/a
153.833	0.014	saccade	n/a	469.7	96.5	n/a	445.9	91.2	0.98	91.0
153.849	0.29	fixation	n/a	452.4	93.7	609.0	n/a	n/a	n/a	n/a
154.141	0.05	saccade	n/a	455.6	95.9	n/a	553.2	95.8	3.9	214.0
154.193	0.21	fixation	n/a	545.5	91.9	602.0	n/a	n/a	n/a	n/a
154.405	0.058	saccade	n/a	549.5	95.9	n/a	165.0	148.8	15.35	389.0
154.465	0.174	fixation	n/a	138.9	156.5	637.0	n/a	n/a	n/a	n/a
154.641	0.018	saccade	n/a	142.4	158.2	n/a	103.9	156.7	1.5	120.0
154.661	0.356	fixation	n/a	104.3	158.4	652.0	n/a	n/a	n/a	n/a
155.019	0.026	saccade	n/a	107.5	162.8	n/a	196.8	149.2	3.53	217.0
155.047	0.218	fixation	n/a	206.7	158.9	669.0	n/a	n/a	n/a	n/a
155.267	0.016	saccade	n/a	211.0	159.0	n/a	241.7	154.9	1.23	112.0
155.285	0.386	fixation	n/a	238.8	161.9	652.0	n/a	n/a	n/a	n/a
155.673	0.018	saccade	n/a	240.0	161.4	n/a	283.4	155.2	1.75	148.0
155.693	0.204	fixation	n/a	285.4	161.7	639.0	n/a	n/a	n/a	n/a
155.899	0.024	saccade	n/a	286.6	160.4	n/a	223.6	160.8	2.51	162.0
155.925	0.33	fixation	n/a	227.9	163.4	637.0	n/a	n/a	n/a	n/a
156.257	0.022	saccade	n/a	230.6	163.2	n/a	294.5	150.0	2.6	187.0
156.281	0.084	fixation	n/a	298.6	161.7	643.0	n/a	n/a	n/a	n/a
156.367	0.024	saccade	n/a	298.2	160.8	n/a	375.5	159.4	3.1	220.0
156.393	0.246	fixation	n/a	369.9	164.2	645.0	n/a	n/a	n/a	n/a
156.641	0.014	saccade	n/a	373.6	167.1	n/a	350.6	171.2	0.94	87.0
156.657	0.232	fixation	n/a	352.0	167.6	642.0	n/a	n/a	n/a	n/a
156.891	0.032	saccade	n/a	354.3	165.6	n/a	453.7	161.1	4.0	201.0
156.925	0.45	fixation	n/a	447.7	164.3	629.0	n/a	n/a	n/a	n/a
157.377	0.02	saccade	n/a	452.6	169.6	n/a	500.8	162.0	1.96	146.0
157.399	0.082	fixation	n/a	497.6	165.7	629.0	n/a	n/a	n/a	n/a
157.483	0.024	saccade	n/a	494.8	160.5	n/a	567.5	166.5	2.91	206.0
157.509	0.36	fixation	n/a	560.0	168.5	606.0	n/a	n/a	n/a	n/a
157.871	0.06	saccade	n/a	563.6	163.5	n/a	151.6	211.5	16.34	410.0
157.933	0.28	fixation	n/a	116.8	217.1	621.0	n/a	n/a	n/a	n/a
158.215	0.026	saccade	n/a	117.5	217.9	n/a	201.6	210.3	3.29	190.0
158.243	0.234	fixation	n/a	202.1	219.8	640.0	n/a	n/a	n/a	n/a
158.479	0.02	saccade	n/a	206.2	222.2	n/a	161.1	220.7	1.77	132.0
158.49	0.0	trigger_11	11	n/a	n/a	n/a	n/a	n/a	n/a	n/a
158.496	0.0	trigger_10	10	n/a	n/a	n/a	n/a	n/a	n/a	n/a
158.501	0.282	fixation	n/a	163.4	218.5	644.0	n/a	n/a	n/a	n/a
158.785	0.11	saccade	n/a	170.0	219.5	n/a	282.4	207.1	4.48	694.0
158.813	0.054	blink	n/a	n/a	n/a	n/a	n/a	n/a	n/a	n/a
158.897	0.43	fixation	n/a	264.7	220.2	640.0	n/a	n/a	n/a	n/a
159.329	0.03	saccade	n/a	262.1	219.7	n/a	171.3	229.6	3.61	174.0
159.361	0.272	fixation	n/a	171.7	226.4	648.0	n/a	n/a	n/a	n/a
159.635	0.012	saccade	n/a	174.8	223.6	n/a	150.1	217.2	1.0	100.0
159.649	0.224	fixation	n/a	155.5	219.5	633.0	n/a	n/a	n/a	n/a
159.875	0.028	saccade	n/a	158.1	221.7	n/a	258.7	211.3	3.99	218.0
159.905	0.278	fixation	n/a	260.9	217.6	624.0	n/a	n/a	n/a	n/a
160.185	0.028	saccade	n/a	266.7	221.0	n/a	344.7	175.9	3.62	225.0
160.215	0.2	fixation	n/a	347.6	177.6	619.0	n/a	n/a	n/a	n/a
160.417	0.012	saccade	n/a	352.0	180.0	n/a	354.9	162.7	0.72	73.0
160.431	0.274	fixation	n/a	352.9	167.8	621.0	n/a	n/a	n/a	n/a
160.707	0.044	saccade	n/a	355.6	169.2	n/a	147.8	91.1	8.82	309.0
160.753	0.186	fixation	n/a	133.4	86.7	607.0	n/a	n/a	n/a	n/a
160.941	0.016	saccade	n/a	138.5	83.4	n/a	105.1	83.4	1.29	109.0
160.959	0.184	fixation	n/a	108.4	83.8	614.0	n/a	n/a	n/a	n/a
161.145	0.024	saccade	n/a	110.8	84.8	n/a	180.2	74.3	2.74	188.0
161.171	0.234	fixation	n/a	184.5	82.7	623.0	n/a	n/a	n/a	n/a
161.407	0.018	saccade	n/a	187.5	84.2	n/a	151.3	82.7	1.42	117.0
161.427	0.204	fixation	n/a	155.0	82.8	644.0	n/a	n/a	n/a	n/a
161.633	0.046	saccade	n/a	158.8	83.3	n/a	234.9	95.5	3.05	193.0
161.681	0.364	fixation	n/a	229.5	89.1	676.0	n/a	n/a	n/a	n/a
162.047	0.018	saccade	n/a	230.8	92.6	n/a	271.4	86.8	1.63	132.0
162.067	0.19	fixation	n/a	268.4	95.6	691.0	n/a	n/a	n/a	n/a
162.259	0.024	saccade	n/a	269.6	98.3	n/a	340.0	85.1	2.87	185.0
162.285	0.204	fixation	n/a	350.3	96.8	691.0	n/a	n/a	n/a	n/a
162.491	0.018	saccade	n/a	353.4	99.4	n/a	330.6	100.0	0.92	102.0
162.511	0.448	fixation	n/a	336.0	96.6	681.0	n/a	n/a	n/a	n/a
162.961	0.02	saccade	n/a	338.2	97.4	n/a	387.1	87.6	2.01	141.0
162.983	0.466	fixation	n/a	392.5	97.1	670.0	n/a	n/a	n/a	n/a
163.451	0.054	saccade	n/a	397.5	98.8	n/a	502.9	105.6	4.25	246.0
163.507	0.292	fixation	n/a	493.0	103.7	710.0	n/a	n/a	n/a	n/a
163.801	0.044	saccade	n/a	495.3	106.7	n/a	381.5	103.3	4.58	274.0
163.847	0.406	fixation	n/a	368.7	112.2	756.0	n/a	n/a	n/a	n/a
164.255	0.054	saccade	n/a	372.2	111.5	n/a	479.9	118.0	4.34	255.0
164.311	1.302	fixation	n/a	469.7	108.8	767.0	n/a	n/a	n/a	n/a
165.615	0.026	saccade	n/a	471.7	103.9	n/a	550.0	98.9	3.14	208.0
165.643	0.724	fixation	n/a	550.5	116.0	751.0	n/a	n/a	n/a	n/a
166.369	0.066	saccade	n/a	556.1	120.2	n/a	183.0	131.8	14.78	402.0
166.437	0.29	fixation	n/a	166.2	146.3	804.0	n/a	n/a	n/a	n/a
166.729	0.036	saccade	n/a	170.7	145.7	n/a	107.8	157.9	2.5	179.0
166.767	0.638	fixation	n/a	98.0	160.8	802.0	n/a	n/a	n/a	n/a
167.407	0.026	saccade	n/a	103.2	157.7	n/a	179.8	152.3	2.99	179.0
167.435	0.296	fixation	n/a	181.7	160.0	790.0	n/a	n/a	n/a	n/a
167.733	0.02	saccade	n/a	184.6	155.8	n/a	242.3	150.5	2.3	166.0
167.755	0.298	fixation	n/a	252.2	153.7	741.0	n/a	n/a	n/a	n/a
168.055	0.016	saccade	n/a	256.0	153.5	n/a	240.4	153.5	0.62	78.0
168.073	0.208	fixation	n/a	244.8	152.9	711.0	n/a	n/a	n/a	n/a
168.283	0.1	saccade	n/a	250.4	156.6	n/a	277.7	147.5	1.15	1072.0
168.315	0.032	blink	n/a	n/a	n/a	n/a	n/a	n/a	n/a	n/a
168.385	0.316	fixation	n/a	270.2	155.2	678.0	n/a	n/a	n/a	n/a
168.703	0.026	saccade	n/a	269.2	150.2	n/a	350.3	141.8	3.27	192.0
168.731	0.208	fixation	n/a	354.2	146.7	668.0	n/a	n/a	n/a	n/a
168.941	0.01	saccade	n/a	358.2	152.2	n/a	341.5	154.6	0.68	72.0
168.953	0.242	fixation	n/a	344.6	151.2	651.0	n/a	n/a	n/a	n/a
169.197	0.018	saccade	n/a	348.7	149.8	n/a	390.4	152.9	1.68	123.0
169.217	0.126	fixation	n/a	387.1	154.7	634.0	n/a	n/a	n/a	n/a
169.345	0.02	saccade	n/a	386.0	153.3	n/a	442.9	149.8	2.29	162.0
169.367	0.128	fixation	n/a	446.7	154.2	619.0	n/a	n/a	n/a	n/a
169.497	0.02	saccade	n/a	446.7	156.7	n/a	495.5	150.6	1.98	136.0
169.519	0.24	fixation	n/a	491.6	157.1	602.0	n/a	n/a	n/a	n/a
169.761	0.022	saccade	n/a	493.5	162.1	n/a	545.9	152.6	2.13	149.0
169.785	0.174	fixation	n/a	538.1	157.0	592.0	n/a	n/a	n/a	n/a
169.961	0.024	saccade	n/a	538.5	158.7	n/a	602.9	153.3	2.56	171.0
169.987	0.31	fixation	n/a	595.2	156.1	583.0	n/a	n/a	n/a	n/a
170.299	0.05	saccade	n/a	599.3	157.3	n/a	369.7	195.1	9.28	354.0
170.351	0.144	fixation	n/a	354.2	204.6	611.0	n/a	n/a	n/a	n/a
170.497	0.042	saccade	n/a	357.4	205.3	n/a	137.6	210.2	8.69	297.0
170.541	0.186	fixation	n/a	127.2	210.8	601.0	n/a	n/a	n/a	n/a
170.729	0.016	saccade	n/a	134.7	213.3	n/a	102.3	211.7	1.26	115.0
170.747	0.298	fixation	n/a	106.5	213.1	617.0	n/a	n/a	n/a	n/a
171.047	0.024	saccade	n/a	112.0	217.1	n/a	189.8	211.8	3.04	204.0
171.073	0.342	fixation	n/a	193.5	217.5	688.0	n/a	n/a	n/a	n/a
171.417	0.02	saccade	n/a	195.0	214.8	n/a	242.3	209.3	1.88	152.0
171.439	0.316	fixation	n/a	235.5	219.2	716.0	n/a	n/a	n/a	n/a
171.757	0.022	saccade	n/a	237.7	222.1	n/a	190.3	218.2	1.88	152.0
171.781	0.226	fixation	n/a	193.9	218.2	740.0	n/a	n/a	n/a	n/a
172.009	0.032	saccade	n/a	196.5	215.9	n/a	313.2	209.6	4.64	261.0
172.043	0.336	fixation	n/a	316.1	212.5	723.0	n/a	n/a	n/a	n/a
172.381	0.02	saccade	n/a	318.8	214.5	n/a	366.0	212.1	1.89	146.0
172.403	0.36	fixation	n/a	359.3	219.6	705.0	n/a	n/a	n/a	n/a
172.765	0.016	saccade	n/a	360.9	220.8	n/a	396.7	214.0	1.46	129.0
172.783	0.216	fixation	n/a	392.5	222.7	698.0	n/a	n/a	n/a	n/a
173.001	0.018	saccade	n/a	392.3	224.3	n/a	442.3	216.0	2.04	165.0
173.021	0.242	fixation	n/a	447.5	223.1	693.0	n/a	n/a	n/a	n/a
173.265	0.024	saccade	n/a	450.5	223.3	n/a	515.3	222.3	2.59	181.0
173.291	0.298	fixation	n/a	506.6	226.8	684.0	n/a	n/a	n/a	n/a
173.591	0.024	saccade	n/a	510.7	228.9	n/a	435.0	226.9	3.03	206.0
173.617	0.262	fixation	n/a	434.6	225.1	677.0	n/a	n/a	n/a	n/a
173.881	0.02	saccade	n/a	438.2	226.2	n/a	389.1	226.0	1.97	150.0
173.903	0.21	fixation	n/a	390.9	224.4	687.0	n/a	n/a	n/a	n/a
174.115	0.014	saccade	n/a	392.9	221.0	n/a	367.3	225.2	1.04	98.0
174.131	0.246	fixation	n/a	373.8	223.4	684.0	n/a	n/a	n/a	n/a
174.379	0.028	saccade	n/a	378.0	223.1	n/a	464.6	224.2	3.47	207.0
174.409	0.098	fixation	n/a	460.2	226.4	685.0	n/a	n/a	n/a	n/a
174.509	0.024	saccade	n/a	459.1	227.1	n/a	533.2	216.8	2.99	220.0
174.535	0.38	fixation	n/a	526.3	220.9	673.0	n/a	n/a	n/a	n/a
174.917	0.068	saccade	n/a	530.0	221.4	n/a	146.6	280.1	15.25	317.0
174.987	0.162	fixation	n/a	137.9	282.2	665.0	n/a	n/a	n/a	n/a
175.151	0.022	saccade	n/a	147.2	281.6	n/a	99.2	287.9	1.87	141.0
175.175	0.412	fixation	n/a	105.3	285.7	649.0	n/a	n/a	n/a	n/a
175.589	0.01	saccade	n/a	108.9	287.3	n/a	89.2	284.1	0.77	82.0
175.601	0.484	fixation	n/a	96.6	284.0	658.0	n/a	n/a	n/a	n/a
176.087	0.018	saccade	n/a	102.4	283.9	n/a	147.5	276.5	1.76	136.0
176.107	0.138	fixation	n/a	145.8	281.4	694.0	n/a	n/a	n/a	n/a
176.247	0.058	saccade	n/a	145.0	282.4	n/a	525.1	215.1	15.18	381.0
176.307	0.28	fixation	n/a	508.4	218.1	679.0	n/a	n/a	n/a	n/a
176.589	0.016	saccade	n/a	510.5	227.6	n/a	495.1	221.3	0.67	79.0
176.607	0.16	fixation	n/a	496.7	227.3	672.0	n/a	n/a	n/a	n/a
176.769	0.064	saccade	n/a	497.5	227.3	n/a	126.6	269.3	14.67	370.0
176.835	0.308	fixation	n/a	101.2	279.6	689.0	n/a	n/a	n/a	n/a
177.145	0.03	saccade	n/a	104.4	275.1	n/a	227.8	283.2	4.81	273.0
177.177	0.2	fixation	n/a	228.0	285.8	698.0	n/a	n/a	n/a	n/a
177.379	0.016	saccade	n/a	231.2	286.2	n/a	199.7	284.4	1.24	115.0
177.397	0.348	fixation	n/a	202.4	287.9	725.0	n/a	n/a	n/a	n/a
177.747	0.05	saccade	n/a	205.4	287.1	n/a	316.5	282.2	4.4	281.0
177.799	0.234	fixation	n/a	309.3	274.2	693.0	n/a	n/a	n/a	n/a
178.035	0.014	saccade	n/a	313.2	274.6	n/a	288.3	279.1	1.01	98.0
178.051	0.432	fixation	n/a	291.0	278.6	692.0	n/a	n/a	n/a	n/a
178.458	0.0	trigger_11	11	n/a	n/a	n/a	n/a	n/a	n/a	n/a
178.464	0.0	trigger_10	10	n/a	n/a	n/a	n/a	n/a	n/a	n/a
178.485	0.026	saccade	n/a	294.8	278.9	n/a	373.8	269.9	3.17	204.0
178.513	0.284	fixation	n/a	371.9	276.7	687.0	n/a	n/a	n/a	n/a
178.799	0.024	saccade	n/a	377.2	278.1	n/a	310.7	285.8	2.67	192.0
178.825	0.244	fixation	n/a	308.0	283.5	685.0	n/a	n/a	n/a	n/a
179.071	0.028	saccade	n/a	309.1	283.9	n/a	405.3	273.3	3.86	233.0
179.101	0.226	fixation	n/a	403.0	278.1	670.0	n/a	n/a	n/a	n/a
179.329	0.082	saccade	n/a	411.0	286.2	n/a	460.5	299.3	2.04	816.0
179.369	0.006	blink	n/a	n/a	n/a	n/a	n/a	n/a	n/a	n/a
179.413	0.236	fixation	n/a	439.6	301.3	655.0	n/a	n/a	n/a	n/a
179.651	0.006	saccade	n/a	431.1	306.2	n/a	426.2	298.2	0.38	56.0
179.659	0.162	fixation	n/a	426.3	298.1	667.0	n/a	n/a	n/a	n/a
179.823	0.008	saccade	n/a	425.0	291.8	n/a	420.6	283.5	0.38	49.0
179.833	0.178	fixation	n/a	421.2	286.3	671.0	n/a	n/a	n/a	n/a
180.013	0.044	saccade	n/a	424.9	284.8	n/a	329.7	149.6	6.67	260.0
180.059	0.212	fixation	n/a	323.3	157.9	649.0	n/a	n/a	n/a	n/a
180.273	0.042	saccade	n/a	327.5	158.4	n/a	129.5	79.8	8.45	329.0
180.317	0.628	fixation	n/a	113.6	80.5	653.0	n/a	n/a	n/a	n/a
180.947	0.054	saccade	n/a	115.0	81.0	n/a	215.7	103.3	4.05	184.0
181.003	0.176	fixation	n/a	205.4	94.0	729.0	n/a	n/a	n/a	n/a
181.181	0.018	saccade	n/a	207.7	94.1	n/a	188.5	95.4	0.76	101.0
181.201	0.166	fixation	n/a	188.9	93.0	732.0	n/a	n/a	n/a	n/a
181.369	0.048	saccade	n/a	191.9	92.2	n/a	282.2	113.8	3.7	220.0
181.419	0.318	fixation	n/a	273.8	99.0	723.0	n/a	n/a	n/a	n/a
181.739	0.05	saccade	n/a	280.5	107.2	n/a	362.1	121.0	3.33	221.0
181.791	0.23	fixation	n/a	350.3	107.3	742.0	n/a	n/a	n/a	n/a
182.023	0.052	saccade	n/a	348.2	102.8	n/a	443.1	117.4	3.87	213.0
182.077	0.226	fixation	n/a	434.4	106.2	732.0	n/a	n/a	n/a	n/a
182.305	0.018	saccade	n/a	436.3	109.0	n/a	480.3	101.4	1.8	154.0
182.325	0.22	fixation	n/a	472.0	107.4	726.0	n/a	n/a	n/a	n/a
182.547	0.028	saccade	n/a	471.7	105.5	n/a	371.8	111.0	4.03	257.0
182.577	0.318	fixation	n/a	371.8	101.1	715.0	n/a	n/a	n/a	n/a
182.897	0.028	saccade	n/a	373.5	102.6	n/a	471.3	93.8	3.95	237.0
182.927	0.194	fixation	n/a	464.0	102.0	713.0	n/a	n/a	n/a	n/a
183.123	0.016	saccade	n/a	466.5	104.9	n/a	447.7	107.1	0.76	87.0
183.141	0.108	fixation	n/a	451.4	105.6	710.0	n/a	n/a	n/a	n/a
183.251	0.056	saccade	n/a	454.6	106.1	n/a	571.1	102.9	4.65	248.0
183.309	0.564	fixation	n/a	563.3	103.2	705.0	n/a	n/a	n/a	n/a
183.875	0.076	saccade	n/a	569.4	102.6	n/a	145.1	143.2	16.79	374.0
183.953	0.146	fixation	n/a	127.8	146.5	735.0	n/a	n/a	n/a	n/a
184.101	0.018	saccade	n/a	134.6	147.9	n/a	100.5	158.0	1.38	114.0
184.121	0.474	fixation	n/a	106.8	160.7	759.0	n/a	n/a	n/a	n/a
184.597	0.03	saccade	n/a	112.8	166.3	n/a	200.2	154.6	3.45	192.0
184.629	0.244	fixation	n/a	203.8	162.2	806.0	n/a	n/a	n/a	n/a
184.875	0.014	saccade	n/a	204.8	159.6	n/a	195.0	160.6	0.39	60.0
184.891	0.234	fixation	n/a	199.6	161.3	796.0	n/a	n/a	n/a	n/a
185.127	0.018	saccade	n/a	201.5	158.4	n/a	241.2	150.2	1.61	126.0
185.147	0.212	fixation	n/a	233.6	155.1	778.0	n/a	n/a	n/a	n/a
185.361	0.118	saccade	n/a	236.0	160.5	n/a	254.5	154.5	0.77	1018.0
185.395	0.036	blink	n/a	n/a	n/a	n/a	n/a	n/a	n/a	n/a
185.481	0.24	fixation	n/a	246.3	168.1	765.0	n/a	n/a	n/a	n/a
185.723	0.018	saccade	n/a	244.3	165.4	n/a	227.5	162.5	0.68	90.0
185.743	0.698	fixation	n/a	228.4	159.2	731.0	n/a	n/a	n/a	n/a
186.443	0.018	saccade	n/a	233.3	157.4	n/a	198.0	151.2	1.42	135.0
186.463	0.244	fixation	n/a	203.1	152.9	709.0	n/a	n/a	n/a	n/a
186.709	0.016	saccade	n/a	206.4	155.0	n/a	234.6	151.8	1.12	112.0
186.727	0.484	fixation	n/a	233.7	152.8	694.0	n/a	n/a	n/a	n/a
187.213	0.026	saccade	n/a	235.1	152.1	n/a	312.0	150.5	3.07	172.0
187.241	0.188	fixation	n/a	311.3	162.7	689.0	n/a	n/a	n/a	n/a
187.431	0.014	saccade	n/a	312.3	161.6	n/a	283.2	158.2	1.17	109.0
187.447	0.522	fixation	n/a	288.8	161.4	674.0	n/a	n/a	n/a	n/a
187.971	0.02	saccade	n/a	293.7	164.8	n/a	342.6	154.9	2.0	150.0
187.993	0.262	fixation	n/a	339.1	162.6	686.0	n/a	n/a	n/a	n/a
188.257	0.022	saccade	n/a	340.5	157.5	n/a	398.8	155.0	2.35	167.0
188.281	0.314	fixation	n/a	394.4	161.9	684.0	n/a	n/a	n/a	n/a
188.597	0.024	saccade	n/a	400.1	167.4	n/a	339.9	170.5	2.43	170.0
188.623	0.39	fixation	n/a	343.1	165.5	690.0	n/a	n/a	n/a	n/a
189.015	0.03	saccade	n/a	344.8	162.3	n/a	456.9	158.0	4.51	238.0
189.047	0.392	fixation	n/a	457.4	162.6	689.0	n/a	n/a	n/a	n/a
189.441	0.02	saccade	n/a	457.7	163.9	n/a	494.5	156.9	1.51	128.0
189.463	0.476	fixation	n/a	487.7	161.7	676.0	n/a	n/a	n/a	n/a
189.941	0.024	saccade	n/a	491.4	159.6	n/a	547.1	161.4	2.23	145.0
189.967	0.2	fixation	n/a	539.9	165.0	649.0	n/a	n/a	n/a	n/a
190.169	0.02	saccade	n/a	541.4	168.6	n/a	588.1	158.8	1.9	136.0
190.191	0.686	fixation	n/a	582.3	163.7	628.0	n/a	n/a	n/a	n/a
190.879	0.066	saccade	n/a	585.8	161.6	n/a	141.2	197.6	17.5	361.0
190.947	0.208	fixation	n/a	119.5	204.7	633.0	n/a	n/a	n/a	n/a
191.157	0.016	saccade	n/a	123.1	204.0	n/a	94.1	220.4	1.3	119.0
191.175	0.232	fixation	n/a	97.0	220.6	641.0	n/a	n/a	n/a	n/a
191.409	0.018	saccade	n/a	97.1	222.0	n/a	82.1	223.9	0.58	96.0
191.429	0.29	fixation	n/a	83.8	223.7	650.0	n/a	n/a	n/a	n/a
191.721	0.026	saccade	n/a	87.0	224.5	n/a	188.6	216.7	3.96	231.0
191.749	0.202	fixation	n/a	196.0	225.5	652.0	n/a	n/a	n/a	n/a
191.953	0.01	saccade	n/a	202.1	229.0	n/a	221.0	222.7	0.79	82.0
191.965	0.296	fixation	n/a	223.3	226.2	632.0	n/a	n/a	n/a	n/a
192.263	0.118	saccade	n/a	228.9	229.4	n/a	235.9	208.1	0.9	746.0
192.293	0.048	blink	n/a	n/a	n/a	n/a	n/a	n/a	n/a	n/a
192.383	0.238	fixation	n/a	225.8	226.6	618.0	n/a	n/a	n/a	n/a
192.623	0.018	saccade	n/a	223.8	226.7	n/a	231.7	181.6	1.85	145.0
192.643	0.072	fixation	n/a	225.7	194.5	611.0	n/a	n/a	n/a	n/a
192.717	0.022	saccade	n/a	222.5	196.4	n/a	233.5	151.3	1.88	123.0
192.741	0.246	fixation	n/a	229.2	163.8	612.0	n/a	n/a	n/a	n/a
192.989	0.028	saccade	n/a	232.6	160.0	n/a	224.3	78.5	3.32	189.0
193.019	0.22	fixation	n/a	225.6	82.2	585.0	n/a	n/a	n/a	n/a
193.241	0.03	saccade	n/a	231.4	81.5	n/a	135.5	80.3	3.77	176.0
193.273	0.202	fixation	n/a	133.1	74.3	592.0	n/a	n/a	n/a	n/a
193.477	0.014	saccade	n/a	133.1	74.8	n/a	105.9	81.7	1.09	105.0
193.493	0.14	fixation	n/a	109.7	82.1	599.0	n/a	n/a	n/a	n/a
193.635	0.034	saccade	n/a	111.6	83.7	n/a	246.7	70.8	5.33	233.0
193.671	0.08	fixation	n/a	251.8	76.1	596.0	n/a	n/a	n/a	n/a
193.753	0.054	saccade	n/a	251.3	74.4	n/a	344.2	76.0	3.72	245.0
193.809	0.2	fixation	n/a	340.5	76.6	592.0	n/a	n/a	n/a	n/a
194.011	0.024	saccade	n/a	345.3	80.6	n/a	410.9	86.4	2.65	182.0
194.037	0.188	fixation	n/a	402.2	90.2	597.0	n/a	n/a	n/a	n/a
194.227	0.022	saccade	n/a	402.2	90.9	n/a	466.8	82.8	2.62	172.0
194.251	0.432	fixation	n/a	463.0	89.6	587.0	n/a	n/a	n/a	n/a
194.685	0.048	saccade	n/a	466.6	90.9	n/a	564.7	100.1	3.93	212.0
194.735	0.446	fixation	n/a	555.3	94.2	597.0	n/a	n/a	n/a	n/a
195.183	0.016	saccade	n/a	555.7	94.9	n/a	586.0	87.4	1.24	112.0
195.201	0.21	fixation	n/a	574.6	95.8	624.0	n/a	n/a	n/a	n/a
195.413	0.06	saccade	n/a	575.5	96.2	n/a	186.8	138.6	15.46	379.0
195.475	0.166	fixation	n/a	166.2	139.0	645.0	n/a	n/a	n/a	n/a
195.643	0.024	saccade	n/a	169.7	137.0	n/a	111.7	146.2	2.29	154.0
195.669	0.934	fixation	n/a	114.7	150.6	686.0	n/a	n/a	n/a	n/a
196.605	0.022	saccade	n/a	116.5	153.8	n/a	177.1	149.3	2.37	184.0
196.629	1.26	fixation	n/a	185.4	158.9	744.0	n/a	n/a	n/a	n/a
197.891	0.12	saccade	n/a	187.4	160.4	n/a	247.5	155.1	2.39	1028.0
197.935	0.03	blink	n/a	n/a	n/a	n/a	n/a	n/a	n/a	n/a
198.013	0.21	fixation	n/a	239.1	168.1	758.0	n/a	n/a	n/a	n/a
198.225	0.028	saccade	n/a	236.4	167.5	n/a	162.0	172.1	2.94	178.0
198.255	0.186	fixation	n/a	159.0	165.0	755.0	n/a	n/a	n/a	n/a
198.443	0.024	saccade	n/a	164.8	162.4	n/a	103.5	160.8	2.39	160.0
198.469	0.206	fixation	n/a	97.2	150.3	714.0	n/a	n/a	n/a	n/a
198.677	0.056	saccade	n/a	97.0	146.1	n/a	209.5	150.7	4.4	216.0
198.735	0.158	fixation	n/a	205.0	145.7	690.0	n/a	n/a	n/a	n/a
198.895	0.012	saccade	n/a	208.6	147.5	n/a	234.9	145.7	1.04	102.0
198.909	0.444	fixation	n/a	234.5	152.6	673.0	n/a	n/a	n/a	n/a
199.355	0.026	saccade	n/a	240.0	155.8	n/a	312.6	153.6	2.91	192.0
199.383	0.31	fixation	n/a	309.3	157.1	653.0	n/a	n/a	n/a	n/a
199.695	0.026	saccade	n/a	313.9	156.7	n/a	402.9	157.2	3.58	209.0
199.723	0.246	fixation	n/a	397.8	159.4	638.0	n/a	n/a	n/a	n/a
199.971	0.018	saccade	n/a	399.2	159.0	n/a	357.4	159.1	1.68	138.0
199.991	0.222	fixation	n/a	354.9	157.9	632.0	n/a	n/a	n/a	n/a
200.215	0.06	saccade	n/a	359.8	160.9	n/a	496.7	151.9	5.51	267.0
200.277	0.718	fixation	n/a	498.9	159.6	632.0	n/a	n/a	n/a	n/a
200.997	0.022	saccade	n/a	509.6	162.3	n/a	574.0	163.8	2.57	170.0
201.021	0.264	fixation	n/a	567.0	166.8	616.0	n/a	n/a	n/a	n/a
201.287	0.016	saccade	n/a	570.7	169.8	n/a	539.8	162.5	1.26	111.0
201.305	0.154	fixation	n/a	543.8	163.8	604.0	n/a	n/a	n/a	n/a
201.461	0.058	saccade	n/a	544.6	167.6	n/a	151.3	202.0	15.58	387.0
201.521	0.38	fixation	n/a	128.9	213.6	617.0	n/a	n/a	n/a	n/a
201.748	0.0	trigger_11	11	n/a	n/a	n/a	n/a	n/a	n/a	n/a
201.754	0.0	trigger_10	10	n/a	n/a	n/a	n/a	n/a	n/a	n/a
201.903	0.018	saccade	n/a	127.6	217.6	n/a	87.5	216.8	1.55	139.0
201.923	0.276	fixation	n/a	88.3	213.9	627.0	n/a	n/a	n/a	n/a
202.201	0.048	saccade	n/a	90.9	213.6	n/a	214.7	226.6	4.85	247.0
202.251	0.374	fixation	n/a	210.5	220.9	643.0	n/a	n/a	n/a	n/a
202.627	0.026	saccade	n/a	215.0	225.1	n/a	233.8	165.8	2.51	152.0
202.655	0.158	fixation	n/a	229.1	175.5	638.0	n/a	n/a	n/a	n/a
202.815	0.012	saccade	n/a	229.8	176.3	n/a	238.3	155.3	0.92	89.0
202.829	0.186	fixation	n/a	235.6	165.4	635.0	n/a	n/a	n/a	n/a
203.017	0.022	saccade	n/a	234.8	167.8	n/a	291.7	160.7	2.29	161.0
203.041	0.028	fixation	n/a	292.1	166.9	637.0	n/a	n/a	n/a	n/a
203.071	0.046	saccade	n/a	292.7	164.4	n/a	529.2	163.8	9.46	366.0
203.119	0.202	fixation	n/a	518.9	161.5	644.0	n/a	n/a	n/a	n/a
203.323	0.02	saccade	n/a	521.8	162.2	n/a	484.3	169.6	1.53	127.0
203.345	0.322	fixation	n/a	490.2	168.6	659.0	n/a	n/a	n/a	n/a
203.669	0.068	saccade	n/a	496.7	169.4	n/a	223.7	219.5	11.04	336.0
203.739	0.046	fixation	n/a	219.2	219.8	672.0	n/a	n/a	n/a	n/a
203.787	0.038	saccade	n/a	221.8	223.8	n/a	173.5	248.4	2.14	225.0
203.827	0.216	fixation	n/a	162.5	256.9	673.0	n/a	n/a	n/a	n/a
204.045	0.082	saccade	n/a	171.9	261.8	n/a	184.1	96.6	6.65	874.0
204.069	0.026	blink	n/a	n/a	n/a	n/a	n/a	n/a	n/a	n/a
204.129	0.138	fixation	n/a	179.8	123.1	641.0	n/a	n/a	n/a	n/a
204.269	0.038	saccade	n/a	185.1	129.4	n/a	126.1	94.5	2.7	216.0
204.309	0.228	fixation	n/a	115.6	91.1	642.0	n/a	n/a	n/a	n/a
204.539	0.018	saccade	n/a	121.8	89.8	n/a	160.6	72.2	1.67	126.0
204.559	0.25	fixation	n/a	154.9	83.1	647.0	n/a	n/a	n/a	n/a
204.811	0.052	saccade	n/a	157.6	84.9	n/a	247.7	88.2	3.56	215.0
204.865	0.252	fixation	n/a	246.3	85.9	647.0	n/a	n/a	n/a	n/a
205.119	0.022	saccade	n/a	253.0	91.0	n/a	307.6	83.2	2.21	162.0
205.143	0.246	fixation	n/a	302.2	93.0	663.0	n/a	n/a	n/a	n/a
205.391	0.008	saccade	n/a	301.6	91.3	n/a	287.1	89.8	0.58	68.0
205.401	0.538	fixation	n/a	291.2	88.9	648.0	n/a	n/a	n/a	n/a
205.941	0.02	saccade	n/a	291.4	84.9	n/a	342.5	84.0	2.05	151.0
205.963	0.232	fixation	n/a	339.4	92.5	644.0	n/a	n/a	n/a	n/a
206.197	0.018	saccade	n/a	340.6	93.5	n/a	382.2	82.0	1.74	142.0
206.217	0.358	fixation	n/a	383.4	92.2	637.0	n/a	n/a	n/a	n/a
206.577	0.022	saccade	n/a	388.7	92.3	n/a	444.6	86.3	2.27	175.0
206.601	0.308	fixation	n/a	436.7	94.1	631.0	n/a	n/a	n/a	n/a
206.911	0.034	saccade	n/a	441.1	96.4	n/a	311.6	94.1	5.21	238.0
206.947	0.03	fixation	n/a	308.4	85.7	634.0	n/a	n/a	n/a	n/a
206.979	0.01	saccade	n/a	305.8	98.9	n/a	308.5	92.1	0.3	73.0
206.991	0.178	fixation	n/a	309.8	85.8	624.0	n/a	n/a	n/a	n/a
207.171	0.014	saccade	n/a	314.0	85.1	n/a	286.1	85.0	1.12	104.0
207.187	0.342	fixation	n/a	289.0	82.9	615.0	n/a	n/a	n/a	n/a
207.531	0.028	saccade	n/a	293.9	85.4	n/a	392.3	88.4	3.95	219.0
207.561	0.382	fixation	n/a	390.5	101.0	668.0	n/a	n/a	n/a	n/a
207.945	0.052	saccade	n/a	393.5	106.6	n/a	468.4	109.5	3.02	211.0
207.999	0.364	fixation	n/a	457.6	97.3	694.0	n/a	n/a	n/a	n/a
208.365	0.068	saccade	n/a	460.1	95.5	n/a	354.0	114.9	4.34	255.0
208.435	0.386	fixation	n/a	358.8	101.2	704.0	n/a	n/a	n/a	n/a
208.823	0.02	saccade	n/a	365.3	106.1	n/a	325.2	102.1	1.62	123.0
208.845	0.164	fixation	n/a	328.2	103.9	722.0	n/a	n/a	n/a	n/a
209.011	0.062	saccade	n/a	330.1	103.8	n/a	437.4	96.1	4.33	208.0
209.075	0.274	fixation	n/a	431.5	95.8	698.0	n/a	n/a	n/a	n/a
209.351	0.06	saccade	n/a	436.7	95.6	n/a	531.1	93.1	3.79	210.0
209.413	0.266	fixation	n/a	522.1	88.6	661.0	n/a	n/a	n/a	n/a
209.681	0.024	saccade	n/a	525.3	91.2	n/a	457.7	94.2	2.71	212.0
209.707	0.25	fixation	n/a	461.9	89.8	640.0	n/a	n/a	n/a	n/a
209.959	0.05	saccade	n/a	464.2	91.3	n/a	561.8	98.9	3.92	209.0
210.011	0.094	fixation	n/a	554.9	91.7	630.0	n/a	n/a	n/a	n/a
210.107	0.088	saccade	n/a	559.9	107.9	n/a	608.4	105.0	1.92	731.0
210.129	0.034	blink	n/a	n/a	n/a	n/a	n/a	n/a	n/a	n/a
210.197	0.234	fixation	n/a	580.1	98.2	626.0	n/a	n/a	n/a	n/a
210.433	0.02	saccade	n/a	575.0	99.0	n/a	527.7	98.8	1.88	139.0
210.455	0.192	fixation	n/a	529.4	97.4	632.0	n/a	n/a	n/a	n/a
210.649	0.064	saccade	n/a	532.5	97.2	n/a	116.6	147.6	16.5	375.0
210.715	0.334	fixation	n/a	98.9	159.6	667.0	n/a	n/a	n/a	n/a
211.051	0.05	saccade	n/a	96.7	157.5	n/a	203.8	156.7	4.18	226.0
211.103	0.234	fixation	n/a	199.7	150.5	685.0	n/a	n/a	n/a	n/a
211.339	0.018	saccade	n/a	204.9	151.3	n/a	163.3	149.4	1.64	150.0
211.359	0.228	fixation	n/a	166.9	147.8	669.0	n/a	n/a	n/a	n/a
211.589	0.066	saccade	n/a	169.8	145.7	n/a	334.9	154.3	6.56	293.0
211.657	0.34	fixation	n/a	333.5	157.1	659.0	n/a	n/a	n/a	n/a
211.999	0.024	saccade	n/a	339.5	164.6	n/a	412.4	161.0	2.94	194.0
212.025	0.308	fixation	n/a	406.9	165.0	655.0	n/a	n/a	n/a	n/a
212.246	0.0	trigger_11	11	n/a	n/a	n/a	n/a	n/a	n/a	n/a
212.25	0.0	trigger_12	12	n/a	n/a	n/a	n/a	n/a	n/a	n/a
212.335	0.02	saccade	n/a	411.1	165.6	n/a	459.7	159.3	1.97	154.0
212.357	0.208	fixation	n/a	456.4	166.3	643.0	n/a	n/a	n/a	n/a
212.567	0.04	saccade	n/a	459.8	165.8	n/a	480.1	98.8	2.85	206.0
212.609	0.182	fixation	n/a	471.5	96.4	603.0	n/a	n/a	n/a	n/a
212.793	0.024	saccade	n/a	475.4	100.7	n/a	543.9	87.7	2.79	201.0
212.819	0.25	fixation	n/a	541.4	93.6	593.0	n/a	n/a	n/a	n/a
213.071	0.028	saccade	n/a	543.4	95.8	n/a	468.2	147.8	3.68	215.0
213.101	0.398	fixation	n/a	469.0	149.1	614.0	n/a	n/a	n/a	n/a
213.501	0.02	saccade	n/a	478.2	147.2	n/a	426.7	131.6	2.17	178.0
213.523	0.528	fixation	n/a	423.8	129.4	615.0	n/a	n/a	n/a	n/a
214.053	0.018	saccade	n/a	427.4	137.6	n/a	452.8	170.4	1.68	133.0
214.073	0.358	fixation	n/a	446.8	169.4	649.0	n/a	n/a	n/a	n/a
214.433	0.05	saccade	n/a	449.8	167.1	n/a	179.7	73.0	11.4	353.0
214.485	0.158	fixation	n/a	168.5	74.5	616.0	n/a	n/a	n/a	n/a
214.645	0.022	saccade	n/a	174.2	73.9	n/a	120.6	84.6	2.14	146.0
214.669	0.27	fixation	n/a	111.1	79.7	620.0	n/a	n/a	n/a	n/a
214.941	0.028	saccade	n/a	111.1	80.8	n/a	198.5	76.7	3.42	179.0
214.971	0.17	fixation	n/a	208.7	83.9	635.0	n/a	n/a	n/a	n/a
215.143	0.018	saccade	n/a	212.4	84.7	n/a	261.2	73.2	2.0	145.0
215.163	0.218	fixation	n/a	263.8	86.1	639.0	n/a	n/a	n/a	n/a
215.383	0.018	saccade	n/a	267.3	89.3	n/a	243.8	87.5	0.94	111.0
215.403	0.274	fixation	n/a	247.4	86.0	636.0	n/a	n/a	n/a	n/a
215.679	0.056	saccade	n/a	250.4	82.5	n/a	341.2	83.2	3.63	201.0
215.737	0.176	fixation	n/a	335.3	81.1	618.0	n/a	n/a	n/a	n/a
215.915	0.038	saccade	n/a	337.2	82.4	n/a	384.8	95.8	1.99	140.0
215.955	0.292	fixation	n/a	382.9	91.0	619.0	n/a	n/a	n/a	n/a
216.249	0.018	saccade	n/a	384.3	92.9	n/a	428.0	84.9	1.79	140.0
216.269	0.306	fixation	n/a	423.5	94.6	624.0	n/a	n/a	n/a	n/a
216.577	0.028	saccade	n/a	427.3	95.7	n/a	512.2	85.4	3.44	189.0
216.607	0.284	fixation	n/a	507.6	91.4	603.0	n/a	n/a	n/a	n/a
216.893	0.018	saccade	n/a	512.9	93.3	n/a	474.3	92.9	1.55	125.0
216.913	0.18	fixation	n/a	482.9	93.7	604.0	n/a	n/a	n/a	n/a
217.095	0.12	saccade	n/a	489.9	101.7	n/a	533.9	105.3	1.77	741.0
217.125	0.058	blink	n/a	n/a	n/a	n/a	n/a	n/a	n/a	n/a
217.217	0.362	fixation	n/a	505.0	105.5	606.0	n/a	n/a	n/a	n/a
217.581	0.056	saccade	n/a	499.8	100.6	n/a	151.5	145.4	13.91	374.0
217.639	0.182	fixation	n/a	130.4	154.4	629.0	n/a	n/a	n/a	n/a
217.823	0.018	saccade	n/a	134.3	158.9	n/a	92.8	157.0	1.61	142.0
217.843	0.294	fixation	n/a	98.2	157.7	617.0	n/a	n/a	n/a	n/a
218.139	0.022	saccade	n/a	104.6	153.0	n/a	177.4	150.5	2.84	190.0
218.163	0.57	fixation	n/a	200.4	153.3	617.0	n/a	n/a	n/a	n/a
218.71	0.0	trigger_13	13	n/a	n/a	n/a	n/a	n/a	n/a	n/a
218.735	0.116	saccade	n/a	212.6	159.8	n/a	230.2	149.5	0.81	826.0
218.759	0.054	blink	n/a	n/a	n/a	n/a	n/a	n/a	n/a	n/a
218.853	0.554	fixation	n/a	215.8	170.0	674.0	n/a	n/a	n/a	n/a
219.409	0.03	saccade	n/a	218.5	161.6	n/a	291.5	98.5	3.88	193.0
219.441	0.328	fixation	n/a	304.2	105.0	643.0	n/a	n/a	n/a	n/a
219.771	0.068	saccade	n/a	311.6	104.8	n/a	203.4	147.0	4.64	236.0
219.841	0.474	fixation	n/a	204.6	143.9	662.0	n/a	n/a	n/a	n/a
220.317	0.024	saccade	n/a	209.8	149.1	n/a	141.2	96.9	3.42	247.0
220.343	0.37	fixation	n/a	128.5	91.1	659.0	n/a	n/a	n/a	n/a
220.715	0.02	saccade	n/a	133.4	91.5	n/a	179.4	79.6	1.86	138.0
220.737	0.258	fixation	n/a	175.9	89.0	667.0	n/a	n/a	n/a	n/a
220.997	0.036	saccade	n/a	180.5	89.5	n/a	140.7	84.2	1.58	175.0
221.035	0.286	fixation	n/a	120.4	84.9	703.0	n/a	n/a	n/a	n/a
221.323	0.054	saccade	n/a	118.7	85.3	n/a	216.2	93.3	3.84	208.0
221.379	0.21	fixation	n/a	203.0	80.7	695.0	n/a	n/a	n/a	n/a
221.39	0.0	trigger_15	15	n/a	n/a	n/a	n/a	n/a	n/a	n/a
221.398	0.0	trigger_10	10	n/a	n/a	n/a	n/a	n/a	n/a	n/a
221.591	0.02	saccade	n/a	207.0	83.8	n/a	261.2	75.3	2.18	175.0
221.613	0.314	fixation	n/a	259.0	88.7	687.0	n/a	n/a	n/a	n/a
221.929	0.026	saccade	n/a	260.2	91.3	n/a	335.3	85.3	3.01	188.0
221.957	0.164	fixation	n/a	332.5	95.6	685.0	n/a	n/a	n/a	n/a
222.123	0.088	saccade	n/a	336.1	96.2	n/a	90.0	143.3	9.86	312.0
222.213	0.28	fixation	n/a	86.8	143.8	668.0	n/a	n/a	n/a	n/a
222.495	0.034	saccade	n/a	92.8	151.8	n/a	124.4	218.6	2.93	235.0
222.531	0.272	fixation	n/a	107.4	236.5	709.0	n/a	n/a	n/a	n/a
222.805	0.02	saccade	n/a	107.8	236.9	n/a	126.0	284.7	2.02	164.0
222.827	0.812	fixation	n/a	106.5	281.5	719.0	n/a	n/a	n/a	n/a
223.641	0.116	saccade	n/a	114.0	280.8	n/a	132.4	74.3	8.26	826.0
223.689	0.04	blink	n/a	n/a	n/a	n/a	n/a	n/a	n/a	n/a
223.759	0.196	fixation	n/a	135.1	88.0	679.0	n/a	n/a	n/a	n/a
223.957	0.02	saccade	n/a	141.2	86.3	n/a	113.4	89.6	1.09	118.0
223.979	0.248	fixation	n/a	113.4	87.3	691.0	n/a	n/a	n/a	n/a
224.229	0.048	saccade	n/a	113.2	88.3	n/a	199.2	105.6	3.44	191.0
224.279	0.164	fixation	n/a	189.0	94.1	710.0	n/a	n/a	n/a	n/a
224.445	0.018	saccade	n/a	190.9	92.3	n/a	165.9	96.2	1.0	100.0
224.465	0.28	fixation	n/a	168.1	92.6	705.0	n/a	n/a	n/a	n/a
224.747	0.024	saccade	n/a	171.6	91.8	n/a	110.7	89.6	2.38	160.0
224.773	0.248	fixation	n/a	106.9	89.9	690.0	n/a	n/a	n/a	n/a
225.023	0.058	saccade	n/a	111.1	91.1	n/a	208.1	87.1	3.8	213.0
225.083	0.232	fixation	n/a	202.0	86.0	682.0	n/a	n/a	n/a	n/a
225.317	0.018	saccade	n/a	207.5	85.2	n/a	164.7	83.0	1.69	144.0
225.337	0.284	fixation	n/a	165.3	81.9	684.0	n/a	n/a	n/a	n/a
225.623	0.058	saccade	n/a	167.2	82.4	n/a	277.9	92.6	4.4	246.0
225.683	0.324	fixation	n/a	276.3	94.4	709.0	n/a	n/a	n/a	n/a
226.009	0.048	saccade	n/a	279.3	96.8	n/a	364.3	109.4	3.45	215.0
226.059	0.236	fixation	n/a	358.2	101.3	729.0	n/a	n/a	n/a	n/a
226.297	0.02	saccade	n/a	360.7	100.0	n/a	406.9	93.3	1.88	155.0
226.319	0.292	fixation	n/a	400.0	102.1	730.0	n/a	n/a	n/a	n/a
226.613	0.02	saccade	n/a	398.7	105.2	n/a	441.7	102.3	1.74	138.0
226.635	0.374	fixation	n/a	432.3	111.1	759.0	n/a	n/a	n/a	n/a
227.011	0.02	saccade	n/a	434.0	111.4	n/a	477.6	102.8	1.79	146.0
227.033	0.222	fixation	n/a	469.0	108.3	764.0	n/a	n/a	n/a	n/a
227.257	0.022	saccade	n/a	471.2	109.0	n/a	521.4	102.6	2.03	157.0
227.281	0.288	fixation	n/a	513.2	110.5	760.0	n/a	n/a	n/a	n/a
227.571	0.022	saccade	n/a	514.4	108.2	n/a	566.8	95.2	2.15	155.0
227.595	0.476	fixation	n/a	560.3	100.9	708.0	n/a	n/a	n/a	n/a
228.073	0.024	saccade	n/a	566.5	101.7	n/a	494.1	106.8	2.9	201.0
228.099	0.228	fixation	n/a	494.9	102.7	693.0	n/a	n/a	n/a	n/a
228.329	0.02	saccade	n/a	496.7	102.5	n/a	546.1	100.2	1.98	151.0
228.351	0.116	fixation	n/a	538.0	106.7	679.0	n/a	n/a	n/a	n/a
228.469	0.026	saccade	n/a	536.3	106.0	n/a	459.6	105.6	3.07	207.0
228.497	0.268	fixation	n/a	458.3	106.6	677.0	n/a	n/a	n/a	n/a
228.767	0.016	saccade	n/a	462.9	109.5	n/a	430.0	102.3	1.36	124.0
228.785	0.264	fixation	n/a	432.3	105.3	674.0	n/a	n/a	n/a	n/a
229.051	0.034	saccade	n/a	435.6	105.5	n/a	564.2	93.5	5.17	234.0
229.087	0.508	fixation	n/a	559.9	98.8	650.0	n/a	n/a	n/a	n/a
229.597	0.022	saccade	n/a	564.9	100.3	n/a	509.5	108.4	2.23	162.0
229.621	0.116	fixation	n/a	512.8	106.0	661.0	n/a	n/a	n/a	n/a
229.739	0.07	saccade	n/a	515.5	104.1	n/a	150.5	127.3	14.46	359.0
229.811	0.154	fixation	n/a	135.1	133.0	662.0	n/a	n/a	n/a	n/a
229.967	0.02	saccade	n/a	139.7	132.8	n/a	101.7	149.5	1.62	136.0
229.989	0.292	fixation	n/a	99.2	148.2	661.0	n/a	n/a	n/a	n/a
230.283	0.024	saccade	n/a	101.1	148.8	n/a	172.0	150.1	2.76	176.0
230.309	0.222	fixation	n/a	179.2	161.5	701.0	n/a	n/a	n/a	n/a
230.533	0.018	saccade	n/a	182.2	164.5	n/a	229.9	161.0	1.89	150.0
230.553	0.324	fixation	n/a	228.6	165.7	695.0	n/a	n/a	n/a	n/a
230.879	0.024	saccade	n/a	232.6	164.7	n/a	172.6	163.2	2.37	143.0
230.905	0.22	fixation	n/a	173.7	162.2	667.0	n/a	n/a	n/a	n/a
231.127	0.028	saccade	n/a	176.5	162.6	n/a	289.6	159.4	4.49	240.0
231.157	0.258	fixation	n/a	304.0	166.6	660.0	n/a	n/a	n/a	n/a
231.417	0.016	saccade	n/a	308.1	166.8	n/a	343.8	158.3	1.47	129.0
231.435	0.23	fixation	n/a	342.7	167.3	667.0	n/a	n/a	n/a	n/a
231.667	0.022	saccade	n/a	345.6	165.7	n/a	410.3	158.6	2.62	189.0
231.691	0.14	fixation	n/a	408.4	166.7	672.0	n/a	n/a	n/a	n/a
231.833	0.026	saccade	n/a	410.0	171.6	n/a	485.3	168.0	3.03	205.0
231.861	0.308	fixation	n/a	486.1	173.5	669.0	n/a	n/a	n/a	n/a
232.171	0.026	saccade	n/a	490.7	174.9	n/a	566.7	169.6	3.04	202.0
232.199	0.406	fixation	n/a	558.1	173.1	645.0	n/a	n/a	n/a	n/a
232.607	0.04	saccade	n/a	559.7	173.5	n/a	364.5	175.6	7.79	297.0
232.649	0.352	fixation	n/a	366.0	172.2	638.0	n/a	n/a	n/a	n/a
233.003	0.028	saccade	n/a	373.6	173.7	n/a	453.3	172.4	3.2	191.0
233.033	0.038	fixation	n/a	454.8	180.0	626.0	n/a	n/a	n/a	n/a
233.073	0.104	saccade	n/a	458.1	179.2	n/a	532.2	180.9	2.96	832.0
233.095	0.044	blink	n/a	n/a	n/a	n/a	n/a	n/a	n/a	n/a
233.179	0.262	fixation	n/a	516.7	177.8	619.0	n/a	n/a	n/a	n/a
233.443	0.066	saccade	n/a	513.3	179.9	n/a	165.6	215.7	13.82	395.0
233.511	0.152	fixation	n/a	149.6	218.8	648.0	n/a	n/a	n/a	n/a
233.665	0.018	saccade	n/a	155.2	219.7	n/a	115.8	229.1	1.58	145.0
233.685	0.33	fixation	n/a	114.6	223.6	646.0	n/a	n/a	n/a	n/a
234.017	0.03	saccade	n/a	118.7	224.8	n/a	226.6	221.7	4.22	234.0
234.049	0.22	fixation	n/a	228.4	224.4	638.0	n/a	n/a	n/a	n/a
234.271	0.016	saccade	n/a	232.0	222.8	n/a	193.9	226.2	1.51	122.0
234.289	0.332	fixation	n/a	197.8	226.1	637.0	n/a	n/a	n/a	n/a
234.623	0.032	saccade	n/a	202.6	228.9	n/a	319.8	228.5	4.65	229.0
234.657	0.222	fixation	n/a	317.8	227.7	652.0	n/a	n/a	n/a	n/a
234.881	0.02	saccade	n/a	323.5	227.7	n/a	283.8	229.1	1.59	115.0
234.903	0.242	fixation	n/a	290.9	229.0	654.0	n/a	n/a	n/a	n/a
235.147	0.032	saccade	n/a	293.8	228.2	n/a	402.2	227.7	4.34	227.0
235.181	0.446	fixation	n/a	401.5	231.1	662.0	n/a	n/a	n/a	n/a
235.629	0.018	saccade	n/a	406.2	233.0	n/a	366.4	231.1	1.6	127.0
235.649	0.148	fixation	n/a	370.3	233.7	677.0	n/a	n/a	n/a	n/a
235.799	0.028	saccade	n/a	373.3	234.4	n/a	458.1	229.9	3.4	207.0
235.829	0.234	fixation	n/a	454.3	230.0	654.0	n/a	n/a	n/a	n/a
236.065	0.02	saccade	n/a	459.1	234.2	n/a	511.1	226.4	2.1	173.0
236.087	0.392	fixation	n/a	508.1	230.3	639.0	n/a	n/a	n/a	n/a
236.481	0.024	saccade	n/a	510.1	231.7	n/a	579.6	228.2	2.76	189.0
236.507	0.294	fixation	n/a	573.6	234.1	637.0	n/a	n/a	n/a	n/a
236.803	0.024	saccade	n/a	576.4	236.4	n/a	634.0	230.6	2.28	160.0
236.829	0.328	fixation	n/a	625.9	234.7	629.0	n/a	n/a	n/a	n/a
237.159	0.07	saccade	n/a	627.4	234.1	n/a	169.0	271.8	17.97	364.0
237.231	0.156	fixation	n/a	154.8	274.4	653.0	n/a	n/a	n/a	n/a
237.389	0.02	saccade	n/a	161.6	275.1	n/a	106.0	284.4	2.18	155.0
237.411	0.408	fixation	n/a	110.1	280.8	644.0	n/a	n/a	n/a	n/a
237.821	0.096	saccade	n/a	120.9	285.4	n/a	220.8	197.7	5.24	850.0
237.855	0.028	blink	n/a	n/a	n/a	n/a	n/a	n/a	n/a	n/a
237.919	0.298	fixation	n/a	218.0	221.4	627.0	n/a	n/a	n/a	n/a
238.219	0.026	saccade	n/a	219.1	221.5	n/a	299.9	224.4	3.21	211.0
238.247	0.234	fixation	n/a	296.7	223.9	630.0	n/a	n/a	n/a	n/a
238.483	0.022	saccade	n/a	300.7	222.2	n/a	367.0	226.2	2.66	190.0
238.507	0.244	fixation	n/a	363.1	231.8	619.0	n/a	n/a	n/a	n/a
238.753	0.024	saccade	n/a	367.2	238.0	n/a	427.2	240.4	2.41	168.0
238.779	0.246	fixation	n/a	421.5	243.1	610.0	n/a	n/a	n/a	n/a
238.832	0.0	trigger_11	11	n/a	n/a	n/a	n/a	n/a	n/a	n/a
238.836	0.0	trigger_10	10	n/a	n/a	n/a	n/a	n/a	n/a	n/a
239.027	0.034	saccade	n/a	422.6	241.4	n/a	537.8	244.3	4.6	212.0
239.063	0.222	fixation	n/a	528.9	242.5	586.0	n/a	n/a	n/a	n/a
239.287	0.022	saccade	n/a	531.7	249.2	n/a	597.8	240.2	2.64	189.0
239.311	0.378	fixation	n/a	598.6	244.9	581.0	n/a	n/a	n/a	n/a
239.691	0.06	saccade	n/a	603.0	242.9	n/a	182.2	287.0	16.6	393.0
239.753	0.23	fixation	n/a	156.3	290.9	604.0	n/a	n/a	n/a	n/a
239.985	0.022	saccade	n/a	161.0	293.4	n/a	107.1	282.9	2.13	163.0
240.009	0.456	fixation	n/a	110.9	280.9	618.0	n/a	n/a	n/a	n/a
240.467	0.066	saccade	n/a	115.6	280.0	n/a	570.1	249.0	17.76	404.0
240.535	0.112	fixation	n/a	553.0	250.3	631.0	n/a	n/a	n/a	n/a
240.649	0.016	saccade	n/a	556.2	252.0	n/a	554.0	228.4	0.95	105.0
240.667	0.14	fixation	n/a	549.4	239.9	639.0	n/a	n/a	n/a	n/a
240.809	0.022	saccade	n/a	549.2	241.9	n/a	485.1	240.5	2.55	189.0
240.833	0.276	fixation	n/a	481.9	235.7	641.0	n/a	n/a	n/a	n/a
241.111	0.046	saccade	n/a	488.4	233.9	n/a	320.1	136.7	7.82	294.0
241.159	0.088	fixation	n/a	305.6	133.3	630.0	n/a	n/a	n/a	n/a
241.249	0.04	saccade	n/a	306.6	130.1	n/a	212.2	92.8	4.06	250.0
241.291	0.078	fixation	n/a	196.6	92.8	615.0	n/a	n/a	n/a	n/a
241.371	0.026	saccade	n/a	199.7	93.0	n/a	136.3	94.2	2.49	158.0
241.399	0.208	fixation	n/a	138.8	93.5	614.0	n/a	n/a	n/a	n/a
241.609	0.018	saccade	n/a	143.6	96.1	n/a	113.6	97.5	1.17	117.0
241.629	0.284	fixation	n/a	115.2	98.5	620.0	n/a	n/a	n/a	n/a
241.915	0.026	saccade	n/a	116.3	98.8	n/a	180.8	83.7	2.59	158.0
241.943	0.288	fixation	n/a	181.1	90.2	619.0	n/a	n/a	n/a	n/a
242.233	0.006	saccade	n/a	182.1	91.3	n/a	175.0	93.0	0.29	44.0
242.241	0.128	fixation	n/a	174.1	94.4	613.0	n/a	n/a	n/a	n/a
242.371	0.042	saccade	n/a	175.9	96.0	n/a	252.0	103.0	3.03	186.0
242.415	0.32	fixation	n/a	249.3	94.1	618.0	n/a	n/a	n/a	n/a
242.737	0.022	saccade	n/a	252.4	93.4	n/a	318.8	89.3	2.66	184.0
242.761	0.376	fixation	n/a	313.5	105.4	645.0	n/a	n/a	n/a	n/a
243.139	0.024	saccade	n/a	316.8	108.4	n/a	387.5	104.4	2.85	183.0
243.165	0.198	fixation	n/a	382.3	111.9	657.0	n/a	n/a	n/a	n/a
243.365	0.024	saccade	n/a	384.0	113.3	n/a	446.9	104.2	2.56	176.0
243.391	0.242	fixation	n/a	444.3	110.6	650.0	n/a	n/a	n/a	n/a
243.635	0.06	saccade	n/a	447.5	108.1	n/a	557.3	108.1	4.4	201.0
243.697	0.174	fixation	n/a	546.4	110.5	632.0	n/a	n/a	n/a	n/a
243.873	0.022	saccade	n/a	548.7	115.6	n/a	602.3	103.0	2.19	169.0
243.897	0.556	fixation	n/a	591.4	112.3	631.0	n/a	n/a	n/a	n/a
244.455	0.024	saccade	n/a	593.8	110.3	n/a	518.1	109.6	3.01	205.0
244.481	0.284	fixation	n/a	526.1	107.5	612.0	n/a	n/a	n/a	n/a
244.767	0.02	saccade	n/a	529.1	104.9	n/a	573.8	99.8	1.79	150.0
244.789	0.212	fixation	n/a	564.8	108.6	601.0	n/a	n/a	n/a	n/a
245.003	0.016	saccade	n/a	565.8	108.4	n/a	599.2	98.1	1.39	126.0
245.021	0.198	fixation	n/a	590.0	103.7	598.0	n/a	n/a	n/a	n/a
245.221	0.026	saccade	n/a	590.2	104.4	n/a	569.4	168.5	2.72	179.0
245.249	0.302	fixation	n/a	562.0	171.8	640.0	n/a	n/a	n/a	n/a
245.553	0.028	saccade	n/a	562.3	177.0	n/a	599.8	112.1	3.02	201.0
245.583	0.192	fixation	n/a	588.8	126.1	642.0	n/a	n/a	n/a	n/a
245.777	0.008	saccade	n/a	590.2	127.6	n/a	598.5	117.7	0.52	63.0
245.787	0.178	fixation	n/a	595.7	120.6	638.0	n/a	n/a	n/a	n/a
245.967	0.062	saccade	n/a	599.6	118.2	n/a	203.1	169.7	15.81	382.0
246.031	0.152	fixation	n/a	188.7	178.4	679.0	n/a	n/a	n/a	n/a
246.185	0.036	saccade	n/a	198.7	182.5	n/a	141.3	166.0	2.35	203.0
246.223	0.152	fixation	n/a	126.1	166.0	686.0	n/a	n/a	n/a	n/a
246.377	0.02	saccade	n/a	128.5	166.1	n/a	98.9	162.3	1.16	143.0
246.399	0.238	fixation	n/a	98.3	165.5	691.0	n/a	n/a	n/a	n/a
246.639	0.05	saccade	n/a	98.4	162.0	n/a	225.4	174.8	5.0	252.0
246.691	0.27	fixation	n/a	222.3	163.4	665.0	n/a	n/a	n/a	n/a
246.963	0.024	saccade	n/a	224.7	163.8	n/a	296.3	159.6	2.86	192.0
246.989	0.356	fixation	n/a	296.1	173.1	655.0	n/a	n/a	n/a	n/a
247.347	0.05	saccade	n/a	301.1	172.2	n/a	411.6	184.0	4.45	238.0
247.399	0.316	fixation	n/a	404.6	174.6	651.0	n/a	n/a	n/a	n/a
247.717	0.02	saccade	n/a	407.1	175.1	n/a	452.1	166.4	1.85	137.0
247.739	0.272	fixation	n/a	447.1	177.5	655.0	n/a	n/a	n/a	n/a
248.013	0.026	saccade	n/a	449.2	177.7	n/a	372.7	182.0	3.08	204.0
248.041	0.32	fixation	n/a	372.7	179.1	648.0	n/a	n/a	n/a	n/a
248.352	0.0	trigger_11	11	n/a	n/a	n/a	n/a	n/a	n/a	n/a
248.358	0.0	trigger_10	10	n/a	n/a	n/a	n/a	n/a	n/a	n/a
248.363	0.028	saccade	n/a	379.5	178.0	n/a	474.2	174.0	3.81	201.0
248.393	0.09	fixation	n/a	471.6	174.1	637.0	n/a	n/a	n/a	n/a
248.485	0.108	saccade	n/a	474.6	183.1	n/a	522.3	188.8	1.93	626.0
248.505	0.052	blink	n/a	n/a	n/a	n/a	n/a	n/a	n/a	n/a
248.595	0.414	fixation	n/a	503.1	191.9	640.0	n/a	n/a	n/a	n/a
249.011	0.022	saccade	n/a	503.0	188.0	n/a	552.6	181.0	2.0	147.0
249.035	0.27	fixation	n/a	543.1	187.1	640.0	n/a	n/a	n/a	n/a
249.307	0.028	saccade	n/a	546.2	182.0	n/a	457.9	173.1	3.55	227.0
249.337	0.778	fixation	n/a	462.3	172.6	631.0	n/a	n/a	n/a	n/a
250.117	0.024	saccade	n/a	464.3	177.2	n/a	408.5	177.8	2.25	156.0
250.143	0.136	fixation	n/a	406.9	174.0	642.0	n/a	n/a	n/a	n/a
250.281	0.022	saccade	n/a	406.3	167.4	n/a	399.0	104.4	2.59	176.0
250.305	0.354	fixation	n/a	397.9	112.1	621.0	n/a	n/a	n/a	n/a
250.661	0.056	saccade	n/a	404.2	112.9	n/a	154.9	87.7	9.97	307.0
250.719	0.184	fixation	n/a	134.2	93.9	633.0	n/a	n/a	n/a	n/a
250.905	0.018	saccade	n/a	140.4	92.1	n/a	103.8	97.6	1.44	114.0
250.925	0.264	fixation	n/a	108.6	95.1	644.0	n/a	n/a	n/a	n/a
251.191	0.016	saccade	n/a	116.5	94.8	n/a	149.1	89.3	1.29	108.0
251.209	0.182	fixation	n/a	148.8	94.6	642.0	n/a	n/a	n/a	n/a
251.393	0.018	saccade	n/a	150.6	94.2	n/a	191.6	84.4	1.66	131.0
251.413	0.246	fixation	n/a	194.2	90.2	631.0	n/a	n/a	n/a	n/a
251.661	0.056	saccade	n/a	193.7	92.0	n/a	296.7	92.9	4.1	222.0
251.719	0.218	fixation	n/a	291.8	92.9	618.0	n/a	n/a	n/a	n/a
251.939	0.018	saccade	n/a	297.8	96.0	n/a	255.2	96.8	1.7	134.0
251.959	0.328	fixation	n/a	256.7	97.5	616.0	n/a	n/a	n/a	n/a
252.289	0.028	saccade	n/a	265.3	98.8	n/a	354.0	99.7	3.56	206.0
252.319	0.19	fixation	n/a	355.5	104.8	622.0	n/a	n/a	n/a	n/a
252.511	0.022	saccade	n/a	359.7	102.9	n/a	427.1	93.0	2.75	191.0
252.535	0.262	fixation	n/a	427.1	104.1	621.0	n/a	n/a	n/a	n/a
252.799	0.01	saccade	n/a	428.2	104.5	n/a	412.9	111.6	0.68	73.0
252.811	0.336	fixation	n/a	416.5	111.5	627.0	n/a	n/a	n/a	n/a
253.149	0.026	saccade	n/a	418.6	110.7	n/a	494.0	105.6	3.04	196.0
253.177	0.178	fixation	n/a	490.9	112.9	614.0	n/a	n/a	n/a	n/a
253.357	0.026	saccade	n/a	492.2	114.0	n/a	558.3	101.4	2.69	165.0
253.385	0.248	fixation	n/a	550.0	108.2	596.0	n/a	n/a	n/a	n/a
253.635	0.024	saccade	n/a	553.2	109.5	n/a	619.3	100.3	2.64	185.0
253.661	0.2	fixation	n/a	607.5	106.9	590.0	n/a	n/a	n/a	n/a
253.863	0.064	saccade	n/a	608.2	108.3	n/a	164.9	151.4	17.51	404.0
253.929	0.184	fixation	n/a	146.0	158.4	626.0	n/a	n/a	n/a	n/a
254.115	0.018	saccade	n/a	151.5	160.0	n/a	113.8	155.7	1.48	134.0
254.135	0.256	fixation	n/a	111.4	155.7	633.0	n/a	n/a	n/a	n/a
254.393	0.054	saccade	n/a	110.3	156.9	n/a	205.3	167.7	3.74	194.0
254.449	0.336	fixation	n/a	203.1	167.5	652.0	n/a	n/a	n/a	n/a
254.688	0.0	trigger_11	11	n/a	n/a	n/a	n/a	n/a	n/a	n/a
254.694	0.0	trigger_10	10	n/a	n/a	n/a	n/a	n/a	n/a	n/a
254.787	0.052	saccade	n/a	208.5	171.8	n/a	283.5	181.1	3.01	174.0
254.841	0.26	fixation	n/a	275.6	174.9	656.0	n/a	n/a	n/a	n/a
255.103	0.054	saccade	n/a	279.7	173.7	n/a	362.8	175.4	3.33	199.0
255.159	0.196	fixation	n/a	358.0	173.7	641.0	n/a	n/a	n/a	n/a
255.357	0.01	saccade	n/a	359.2	175.6	n/a	340.7	176.1	0.74	81.0
255.369	0.248	fixation	n/a	345.6	179.2	638.0	n/a	n/a	n/a	n/a
255.619	0.026	saccade	n/a	348.4	177.9	n/a	259.4	182.0	3.56	221.0
255.647	0.212	fixation	n/a	252.6	173.5	628.0	n/a	n/a	n/a	n/a
255.861	0.112	saccade	n/a	267.5	185.8	n/a	320.5	160.9	2.35	876.0
255.883	0.052	blink	n/a	n/a	n/a	n/a	n/a	n/a	n/a	n/a
255.975	0.172	fixation	n/a	315.2	175.2	624.0	n/a	n/a	n/a	n/a
256.149	0.028	saccade	n/a	310.8	177.1	n/a	215.9	128.2	4.28	220.0
256.179	0.216	fixation	n/a	201.9	115.1	609.0	n/a	n/a	n/a	n/a
256.397	0.02	saccade	n/a	207.5	116.0	n/a	163.7	105.9	1.77	137.0
256.419	0.206	fixation	n/a	168.9	102.8	602.0	n/a	n/a	n/a	n/a
256.627	0.02	saccade	n/a	173.6	100.2	n/a	123.1	98.3	1.97	142.0
256.649	0.388	fixation	n/a	124.2	97.2	600.0	n/a	n/a	n/a	n/a
257.039	0.014	saccade	n/a	125.4	95.4	n/a	96.0	95.3	1.14	99.0
257.055	0.208	fixation	n/a	96.5	95.2	605.0	n/a	n/a	n/a	n/a
257.265	0.026	saccade	n/a	101.4	96.9	n/a	182.5	87.9	3.18	172.0
257.293	0.44	fixation	n/a	190.3	93.1	599.0	n/a	n/a	n/a	n/a
257.735	0.018	saccade	n/a	192.8	94.3	n/a	236.5	89.5	1.75	131.0
257.755	0.206	fixation	n/a	233.8	95.9	607.0	n/a	n/a	n/a	n/a
257.963	0.024	saccade	n/a	234.9	96.7	n/a	299.2	89.0	2.59	168.0
257.989	0.256	fixation	n/a	301.1	96.2	605.0	n/a	n/a	n/a	n/a
258.247	0.018	saccade	n/a	305.5	99.1	n/a	343.6	94.5	1.54	125.0
258.267	0.218	fixation	n/a	339.6	101.2	607.0	n/a	n/a	n/a	n/a
258.487	0.02	saccade	n/a	342.1	100.0	n/a	301.7	101.5	1.62	137.0
258.509	0.348	fixation	n/a	302.9	99.4	607.0	n/a	n/a	n/a	n/a
258.859	0.016	saccade	n/a	305.4	102.9	n/a	293.0	103.8	0.5	66.0
258.877	0.212	fixation	n/a	294.5	102.9	629.0	n/a	n/a	n/a	n/a
259.091	0.028	saccade	n/a	295.6	102.5	n/a	377.4	98.2	3.3	194.0
259.121	0.23	fixation	n/a	373.9	106.6	649.0	n/a	n/a	n/a	n/a
259.353	0.018	saccade	n/a	375.8	107.4	n/a	335.1	109.5	1.64	126.0
259.373	0.184	fixation	n/a	336.2	108.3	651.0	n/a	n/a	n/a	n/a
259.559	0.054	saccade	n/a	337.9	104.8	n/a	471.9	113.0	5.39	248.0
259.615	0.472	fixation	n/a	470.0	97.3	634.0	n/a	n/a	n/a	n/a
260.089	0.012	saccade	n/a	475.7	94.4	n/a	496.3	96.5	0.83	78.0
260.103	0.152	fixation	n/a	492.8	97.6	612.0	n/a	n/a	n/a	n/a
260.257	0.022	saccade	n/a	493.2	96.5	n/a	543.4	90.7	2.02	141.0
260.281	0.356	fixation	n/a	536.6	93.3	581.0	n/a	n/a	n/a	n/a
260.639	0.026	saccade	n/a	539.9	95.4	n/a	464.3	102.9	3.04	184.0
260.667	0.294	fixation	n/a	469.2	101.1	599.0	n/a	n/a	n/a	n/a
260.963	0.026	saccade	n/a	473.8	102.0	n/a	536.7	92.1	2.55	159.0
260.991	0.33	fixation	n/a	527.6	105.5	623.0	n/a	n/a	n/a	n/a
261.323	0.022	saccade	n/a	530.4	106.0	n/a	584.3	105.0	2.15	159.0
261.347	0.41	fixation	n/a	577.8	109.8	621.0	n/a	n/a	n/a	n/a
261.759	0.054	saccade	n/a	582.4	106.8	n/a	295.9	136.7	11.48	302.0
261.815	0.15	fixation	n/a	295.3	145.3	634.0	n/a	n/a	n/a	n/a
261.967	0.036	saccade	n/a	301.6	148.2	n/a	149.9	157.9	6.02	250.0
262.005	0.03	fixation	n/a	140.1	151.2	621.0	n/a	n/a	n/a	n/a
262.037	0.012	saccade	n/a	135.6	165.1	n/a	133.2	151.1	0.57	84.0
262.051	0.134	fixation	n/a	136.6	149.0	609.0	n/a	n/a	n/a	n/a
262.187	0.016	saccade	n/a	141.3	150.0	n/a	103.6	152.0	1.47	122.0
262.205	0.134	fixation	n/a	104.4	151.4	604.0	n/a	n/a	n/a	n/a
262.341	0.118	saccade	n/a	108.0	154.8	n/a	201.8	148.2	3.67	688.0
262.371	0.046	blink	n/a	n/a	n/a	n/a	n/a	n/a	n/a	n/a
262.461	0.27	fixation	n/a	190.7	166.0	604.0	n/a	n/a	n/a	n/a
262.733	0.02	saccade	n/a	189.1	162.3	n/a	241.2	159.4	2.07	162.0
262.755	0.42	fixation	n/a	244.8	165.1	607.0	n/a	n/a	n/a	n/a
263.177	0.018	saccade	n/a	250.2	164.9	n/a	293.7	162.8	1.74	136.0
263.197	0.2	fixation	n/a	293.1	166.1	592.0	n/a	n/a	n/a	n/a
263.399	0.028	saccade	n/a	296.7	168.4	n/a	198.2	159.0	3.94	210.0
263.429	0.03	fixation	n/a	196.8	149.9	579.0	n/a	n/a	n/a	n/a
263.461	0.012	saccade	n/a	195.9	163.3	n/a	195.2	151.9	0.46	74.0
263.475	0.26	fixation	n/a	198.7	153.2	585.0	n/a	n/a	n/a	n/a
263.737	0.03	saccade	n/a	202.9	154.9	n/a	313.8	163.2	4.43	220.0
263.769	0.32	fixation	n/a	319.6	168.0	618.0	n/a	n/a	n/a	n/a
264.091	0.018	saccade	n/a	323.0	168.4	n/a	358.6	163.7	1.44	122.0
264.111	0.376	fixation	n/a	351.3	171.9	647.0	n/a	n/a	n/a	n/a
264.489	0.03	saccade	n/a	353.4	171.2	n/a	269.6	176.5	3.36	186.0
264.521	0.35	fixation	n/a	272.4	171.1	649.0	n/a	n/a	n/a	n/a
264.873	0.03	saccade	n/a	279.2	170.8	n/a	376.3	169.1	3.9	198.0
264.905	0.222	fixation	n/a	375.2	171.8	650.0	n/a	n/a	n/a	n/a
265.129	0.032	saccade	n/a	377.5	175.6	n/a	476.3	179.2	3.97	208.0
265.163	0.23	fixation	n/a	467.0	179.8	653.0	n/a	n/a	n/a	n/a
265.395	0.02	saccade	n/a	470.2	179.8	n/a	520.3	177.4	2.01	161.0
265.417	0.362	fixation	n/a	515.4	181.0	637.0	n/a	n/a	n/a	n/a
265.781	0.014	saccade	n/a	518.5	182.3	n/a	547.7	179.8	1.17	104.0
265.797	0.206	fixation	n/a	541.1	183.7	629.0	n/a	n/a	n/a	n/a
266.005	0.018	saccade	n/a	542.0	185.6	n/a	582.0	175.2	1.64	138.0
266.025	0.34	fixation	n/a	574.3	181.4	624.0	n/a	n/a	n/a	n/a
266.367	0.068	saccade	n/a	575.5	182.0	n/a	195.6	227.2	15.13	395.0
266.437	0.172	fixation	n/a	169.6	240.0	648.0	n/a	n/a	n/a	n/a
266.611	0.022	saccade	n/a	171.6	239.4	n/a	108.8	237.2	2.44	177.0
266.635	0.47	fixation	n/a	107.3	227.9	644.0	n/a	n/a	n/a	n/a
267.107	0.062	saccade	n/a	113.9	230.5	n/a	481.3	193.1	14.54	341.0
267.171	0.09	fixation	n/a	468.1	195.2	638.0	n/a	n/a	n/a	n/a
267.263	0.022	saccade	n/a	472.8	200.5	n/a	526.3	180.2	2.3	174.0
267.287	0.182	fixation	n/a	519.5	185.4	629.0	n/a	n/a	n/a	n/a
267.471	0.012	saccade	n/a	520.0	190.2	n/a	538.8	181.0	0.84	76.0
267.485	0.236	fixation	n/a	532.5	187.8	625.0	n/a	n/a	n/a	n/a
267.723	0.054	saccade	n/a	532.4	186.7	n/a	285.8	242.6	10.08	341.0
267.779	0.222	fixation	n/a	266.9	247.1	636.0	n/a	n/a	n/a	n/a
268.003	0.016	saccade	n/a	266.4	241.0	n/a	229.5	242.4	1.47	141.0
268.021	0.314	fixation	n/a	225.9	243.6	627.0	n/a	n/a	n/a	n/a
268.226	0.0	trigger_11	11	n/a	n/a	n/a	n/a	n/a	n/a	n/a
268.23	0.0	trigger_10	10	n/a	n/a	n/a	n/a	n/a	n/a	n/a
268.337	0.032	saccade	n/a	228.0	244.7	n/a	326.6	239.1	3.93	179.0
268.371	0.266	fixation	n/a	320.8	239.7	625.0	n/a	n/a	n/a	n/a
268.639	0.012	saccade	n/a	322.8	241.7	n/a	299.2	242.9	0.94	92.0
268.653	0.442	fixation	n/a	301.3	239.4	629.0	n/a	n/a	n/a	n/a
269.097	0.01	saccade	n/a	306.1	237.2	n/a	324.8	237.7	0.75	81.0
269.109	0.268	fixation	n/a	322.6	237.3	623.0	n/a	n/a	n/a	n/a
269.379	0.05	saccade	n/a	324.5	232.5	n/a	142.5	221.8	7.19	278.0
269.431	0.25	fixation	n/a	134.1	235.3	613.0	n/a	n/a	n/a	n/a
269.683	0.02	saccade	n/a	143.9	235.2	n/a	198.3	222.8	2.19	151.0
269.705	0.168	fixation	n/a	196.9	227.4	617.0	n/a	n/a	n/a	n/a
269.875	0.124	saccade	n/a	205.1	237.4	n/a	265.0	211.2	2.6	776.0
269.901	0.054	blink	n/a	n/a	n/a	n/a	n/a	n/a	n/a	n/a
270.001	0.134	fixation	n/a	260.1	227.0	616.0	n/a	n/a	n/a	n/a
270.137	0.026	saccade	n/a	259.3	227.7	n/a	234.1	138.1	3.76	244.0
270.165	0.088	fixation	n/a	227.0	132.2	606.0	n/a	n/a	n/a	n/a
270.255	0.02	saccade	n/a	226.1	132.6	n/a	185.1	95.0	2.23	204.0
270.277	0.22	fixation	n/a	188.9	99.6	622.0	n/a	n/a	n/a	n/a
270.499	0.026	saccade	n/a	194.5	97.3	n/a	115.4	93.8	3.1	202.0
270.527	0.324	fixation	n/a	111.6	92.0	633.0	n/a	n/a	n/a	n/a
270.853	0.02	saccade	n/a	115.4	93.1	n/a	167.9	85.4	2.07	146.0
270.875	0.278	fixation	n/a	172.0	91.7	647.0	n/a	n/a	n/a	n/a
271.155	0.058	saccade	n/a	172.4	91.0	n/a	294.6	99.3	4.86	244.0
271.215	0.272	fixation	n/a	291.5	98.1	637.0	n/a	n/a	n/a	n/a
271.489	0.032	saccade	n/a	296.0	98.0	n/a	193.7	93.4	4.08	223.0
271.523	0.262	fixation	n/a	192.6	89.7	626.0	n/a	n/a	n/a	n/a
271.787	0.058	saccade	n/a	197.7	91.8	n/a	332.2	101.3	5.37	259.0
271.847	0.18	fixation	n/a	326.0	99.6	637.0	n/a	n/a	n/a	n/a
272.029	0.048	saccade	n/a	329.6	101.2	n/a	395.9	113.4	2.71	181.0
272.079	0.172	fixation	n/a	386.2	102.9	640.0	n/a	n/a	n/a	n/a
272.253	0.02	saccade	n/a	387.2	102.9	n/a	436.8	98.2	2.01	161.0
272.275	0.238	fixation	n/a	431.7	103.9	634.0	n/a	n/a	n/a	n/a
272.515	0.026	saccade	n/a	436.1	102.5	n/a	357.8	107.7	3.16	217.0
272.543	0.334	fixation	n/a	356.5	99.6	619.0	n/a	n/a	n/a	n/a
272.879	0.022	saccade	n/a	358.1	95.7	n/a	411.6	91.5	2.16	159.0
272.903	0.026	fixation	n/a	414.9	98.0	608.0	n/a	n/a	n/a	n/a
272.931	0.034	saccade	n/a	419.2	98.6	n/a	544.6	93.9	5.03	246.0
272.967	0.2	fixation	n/a	542.5	92.4	596.0	n/a	n/a	n/a	n/a
273.169	0.014	saccade	n/a	552.1	96.9	n/a	523.4	102.7	1.17	102.0
273.185	0.314	fixation	n/a	526.8	104.9	604.0	n/a	n/a	n/a	n/a
273.501	0.026	saccade	n/a	532.4	105.3	n/a	615.2	100.7	3.29	226.0
273.529	0.762	fixation	n/a	613.1	101.1	579.0	n/a	n/a	n/a	n/a
274.293	0.07	saccade	n/a	616.5	101.2	n/a	157.3	157.0	18.18	372.0
274.365	0.182	fixation	n/a	146.4	160.5	633.0	n/a	n/a	n/a	n/a
274.549	0.02	saccade	n/a	156.7	163.7	n/a	122.2	160.1	1.35	131.0
274.571	0.28	fixation	n/a	122.1	156.7	637.0	n/a	n/a	n/a	n/a
274.853	0.022	saccade	n/a	123.5	158.7	n/a	184.8	155.4	2.4	169.0
274.877	0.364	fixation	n/a	189.6	162.3	655.0	n/a	n/a	n/a	n/a
275.243	0.02	saccade	n/a	193.9	163.5	n/a	250.4	157.1	2.25	184.0
275.265	0.28	fixation	n/a	253.9	162.4	661.0	n/a	n/a	n/a	n/a
275.547	0.018	saccade	n/a	258.1	163.4	n/a	218.0	165.2	1.6	131.0
275.567	0.524	fixation	n/a	224.5	168.1	705.0	n/a	n/a	n/a	n/a
276.093	0.024	saccade	n/a	230.7	166.5	n/a	310.2	156.2	3.2	216.0
276.119	0.334	fixation	n/a	319.6	169.2	724.0	n/a	n/a	n/a	n/a
276.455	0.02	saccade	n/a	323.6	171.7	n/a	384.2	159.7	2.49	195.0
276.477	0.396	fixation	n/a	381.0	168.8	727.0	n/a	n/a	n/a	n/a
276.875	0.02	saccade	n/a	388.5	170.8	n/a	348.6	172.3	1.61	138.0
276.897	0.394	fixation	n/a	354.6	170.4	717.0	n/a	n/a	n/a	n/a
277.293	0.052	saccade	n/a	359.4	172.5	n/a	457.9	185.7	3.99	216.0
277.347	1.006	fixation	n/a	447.8	175.7	725.0	n/a	n/a	n/a	n/a
277.714	0.0	trigger_11	11	n/a	n/a	n/a	n/a	n/a	n/a	n/a
277.716	0.0	trigger_10	10	n/a	n/a	n/a	n/a	n/a	n/a	n/a
278.355	0.02	saccade	n/a	448.9	175.3	n/a	497.4	163.8	2.0	159.0
278.377	0.188	fixation	n/a	491.2	169.3	697.0	n/a	n/a	n/a	n/a
278.567	0.022	saccade	n/a	494.5	164.1	n/a	538.4	118.5	2.55	201.0
278.591	0.186	fixation	n/a	540.8	118.6	648.0	n/a	n/a	n/a	n/a
278.779	0.016	saccade	n/a	544.5	120.1	n/a	571.9	110.2	1.16	98.0
278.797	0.196	fixation	n/a	566.3	114.5	628.0	n/a	n/a	n/a	n/a
278.995	0.022	saccade	n/a	571.4	113.9	n/a	507.9	111.3	2.53	184.0
279.019	0.208	fixation	n/a	498.6	105.8	627.0	n/a	n/a	n/a	n/a
279.229	0.022	saccade	n/a	503.3	109.1	n/a	443.2	103.8	2.43	174.0
279.253	0.744	fixation	n/a	447.3	105.1	622.0	n/a	n/a	n/a	n/a
279.999	0.052	saccade	n/a	454.7	107.9	n/a	158.3	85.1	11.8	324.0
280.053	0.19	fixation	n/a	145.0	87.4	619.0	n/a	n/a	n/a	n/a
280.245	0.018	saccade	n/a	149.0	86.2	n/a	109.1	94.9	1.59	142.0
280.265	0.236	fixation	n/a	111.2	91.8	632.0	n/a	n/a	n/a	n/a
280.503	0.026	saccade	n/a	113.5	93.0	n/a	197.2	85.2	3.29	191.0
280.531	0.262	fixation	n/a	201.9	89.7	647.0	n/a	n/a	n/a	n/a
280.795	0.016	saccade	n/a	202.8	90.6	n/a	169.6	92.9	1.31	120.0
280.813	0.206	fixation	n/a	169.4	93.8	655.0	n/a	n/a	n/a	n/a
281.021	0.058	saccade	n/a	171.8	95.9	n/a	287.0	103.3	4.57	223.0
281.081	0.532	fixation	n/a	285.3	102.5	686.0	n/a	n/a	n/a	n/a
281.615	0.02	saccade	n/a	283.6	105.2	n/a	326.2	103.4	1.71	144.0
281.637	0.27	fixation	n/a	321.3	106.6	682.0	n/a	n/a	n/a	n/a
281.909	0.026	saccade	n/a	323.2	103.9	n/a	394.2	100.7	2.86	175.0
281.937	0.534	fixation	n/a	394.5	104.7	651.0	n/a	n/a	n/a	n/a
282.084	0.0	trigger_11	11	n/a	n/a	n/a	n/a	n/a	n/a	n/a
282.09	0.0	trigger_10	10	n/a	n/a	n/a	n/a	n/a	n/a	n/a
282.473	0.024	saccade	n/a	398.4	104.9	n/a	457.8	99.0	2.4	168.0
282.499	0.64	fixation	n/a	457.9	106.1	623.0	n/a	n/a	n/a	n/a
283.141	0.04	saccade	n/a	464.9	104.5	n/a	312.9	112.2	6.11	236.0
283.183	0.292	fixation	n/a	316.3	109.7	620.0	n/a	n/a	n/a	n/a
283.477	0.02	saccade	n/a	324.2	107.5	n/a	274.0	96.1	2.06	162.0
283.499	0.292	fixation	n/a	273.0	97.1	614.0	n/a	n/a	n/a	n/a
283.793	0.022	saccade	n/a	277.1	97.6	n/a	332.9	82.1	2.32	162.0
283.817	0.286	fixation	n/a	336.2	95.4	623.0	n/a	n/a	n/a	n/a
284.105	0.042	saccade	n/a	339.6	97.4	n/a	141.7	97.4	7.84	262.0
284.149	0.268	fixation	n/a	134.9	95.7	644.0	n/a	n/a	n/a	n/a
284.419	0.02	saccade	n/a	141.4	95.5	n/a	96.0	96.9	1.76	144.0
284.441	0.298	fixation	n/a	99.0	97.2	684.0	n/a	n/a	n/a	n/a
284.741	0.022	saccade	n/a	102.9	97.6	n/a	159.7	91.0	2.23	162.0
284.765	0.144	fixation	n/a	157.5	99.4	727.0	n/a	n/a	n/a	n/a
284.911	0.022	saccade	n/a	158.0	101.6	n/a	212.5	101.4	2.15	151.0
284.935	0.184	fixation	n/a	208.2	106.2	737.0	n/a	n/a	n/a	n/a
285.121	0.026	saccade	n/a	209.1	103.6	n/a	288.4	100.0	3.16	190.0
285.149	0.238	fixation	n/a	287.8	107.0	714.0	n/a	n/a	n/a	n/a
285.389	0.018	saccade	n/a	289.7	104.8	n/a	251.3	101.4	1.54	128.0
285.409	0.23	fixation	n/a	257.6	101.0	689.0	n/a	n/a	n/a	n/a
285.641	0.058	saccade	n/a	261.7	99.7	n/a	393.1	108.6	5.29	239.0
285.701	0.202	fixation	n/a	385.0	106.4	682.0	n/a	n/a	n/a	n/a
285.905	0.008	saccade	n/a	388.1	112.1	n/a	372.5	114.2	0.63	77.0
285.915	0.158	fixation	n/a	372.4	112.6	683.0	n/a	n/a	n/a	n/a
286.075	0.05	saccade	n/a	374.9	115.1	n/a	465.7	124.2	3.67	240.0
286.127	0.344	fixation	n/a	455.4	114.1	688.0	n/a	n/a	n/a	n/a
286.473	0.026	saccade	n/a	457.1	112.6	n/a	370.9	117.8	3.48	233.0
286.501	0.216	fixation	n/a	367.9	110.3	685.0	n/a	n/a	n/a	n/a
286.719	0.036	saccade	n/a	372.4	109.7	n/a	529.0	107.5	6.29	274.0
286.757	0.232	fixation	n/a	524.8	103.1	647.0	n/a	n/a	n/a	n/a
286.991	0.012	saccade	n/a	527.0	102.9	n/a	502.2	105.6	1.0	92.0
287.005	0.318	fixation	n/a	503.4	104.4	636.0	n/a	n/a	n/a	n/a
287.325	0.018	saccade	n/a	505.7	101.2	n/a	473.7	107.6	1.31	114.0
287.345	0.272	fixation	n/a	479.0	107.1	641.0	n/a	n/a	n/a	n/a
287.619	0.106	saccade	n/a	485.5	116.5	n/a	562.9	118.6	3.1	669.0
287.641	0.052	blink	n/a	n/a	n/a	n/a	n/a	n/a	n/a	n/a
287.727	0.516	fixation	n/a	542.0	118.7	643.0	n/a	n/a	n/a	n/a
288.245	0.06	saccade	n/a	544.4	115.0	n/a	141.0	150.1	15.98	369.0
288.307	0.3	fixation	n/a	127.1	152.3	639.0	n/a	n/a	n/a	n/a
288.609	0.01	saccade	n/a	130.9	151.3	n/a	113.3	152.7	0.69	74.0
288.621	0.212	fixation	n/a	118.3	151.3	624.0	n/a	n/a	n/a	n/a
288.835	0.022	saccade	n/a	122.5	153.0	n/a	190.9	147.2	2.68	191.0
288.859	0.254	fixation	n/a	201.3	159.3	632.0	n/a	n/a	n/a	n/a
289.115	0.02	saccade	n/a	206.4	159.8	n/a	159.1	159.9	1.86	152.0
289.137	0.52	fixation	n/a	153.9	156.5	623.0	n/a	n/a	n/a	n/a
289.659	0.02	saccade	n/a	158.0	155.0	n/a	110.0	154.8	1.87	124.0
289.681	0.174	fixation	n/a	109.3	151.5	604.0	n/a	n/a	n/a	n/a
289.857	0.034	saccade	n/a	112.4	151.9	n/a	272.1	162.4	6.3	293.0
289.893	0.366	fixation	n/a	283.0	161.3	600.0	n/a	n/a	n/a	n/a
290.261	0.022	saccade	n/a	287.2	162.3	n/a	339.3	163.9	2.09	151.0
290.285	0.224	fixation	n/a	333.8	167.0	599.0	n/a	n/a	n/a	n/a
290.511	0.032	saccade	n/a	335.1	168.9	n/a	454.5	173.1	4.8	211.0
290.545	0.228	fixation	n/a	451.2	172.0	594.0	n/a	n/a	n/a	n/a
290.775	0.02	saccade	n/a	457.3	176.8	n/a	410.3	179.4	1.89	146.0
290.797	0.162	fixation	n/a	413.4	173.7	598.0	n/a	n/a	n/a	n/a
290.961	0.012	saccade	n/a	413.3	169.9	n/a	388.9	171.7	0.99	99.0
290.975	0.098	fixation	n/a	394.8	170.9	599.0	n/a	n/a	n/a	n/a
291.075	0.034	saccade	n/a	394.5	167.6	n/a	531.8	165.6	5.5	246.0
291.111	0.57	fixation	n/a	528.0	170.0	583.0	n/a	n/a	n/a	n/a
291.683	0.022	saccade	n/a	526.2	172.3	n/a	587.3	173.6	2.43	175.0
291.707	0.208	fixation	n/a	577.8	179.7	581.0	n/a	n/a	n/a	n/a
291.917	0.01	saccade	n/a	576.8	179.0	n/a	559.1	174.1	0.73	85.0
291.929	0.236	fixation	n/a	557.3	174.0	580.0	n/a	n/a	n/a	n/a
292.167	0.018	saccade	n/a	558.5	178.1	n/a	601.6	169.9	1.74	142.0
292.187	0.112	fixation	n/a	591.9	174.5	575.0	n/a	n/a	n/a	n/a
292.301	0.02	saccade	n/a	592.7	175.5	n/a	641.3	169.5	1.92	151.0
292.323	0.264	fixation	n/a	634.7	175.1	569.0	n/a	n/a	n/a	n/a
292.589	0.066	saccade	n/a	637.4	173.3	n/a	166.0	208.8	18.54	392.0
292.657	0.176	fixation	n/a	150.9	213.8	582.0	n/a	n/a	n/a	n/a
292.835	0.02	saccade	n/a	158.1	213.6	n/a	119.0	217.5	1.53	127.0
292.857	0.182	fixation	n/a	122.4	218.5	586.0	n/a	n/a	n/a	n/a
293.041	0.03	saccade	n/a	128.0	221.4	n/a	247.5	223.3	4.69	250.0
293.073	0.232	fixation	n/a	250.9	228.7	624.0	n/a	n/a	n/a	n/a
293.307	0.052	saccade	n/a	251.1	225.7	n/a	365.1	240.4	4.59	260.0
293.361	0.19	fixation	n/a	356.0	233.2	653.0	n/a	n/a	n/a	n/a
293.553	0.018	saccade	n/a	359.6	232.9	n/a	322.8	238.0	1.49	130.0
293.573	0.228	fixation	n/a	321.3	234.8	651.0	n/a	n/a	n/a	n/a
293.803	0.032	saccade	n/a	322.4	232.6	n/a	431.0	229.3	4.35	228.0
293.837	0.264	fixation	n/a	427.8	233.2	646.0	n/a	n/a	n/a	n/a
294.103	0.014	saccade	n/a	431.2	236.8	n/a	406.1	236.7	1.01	99.0
294.119	0.204	fixation	n/a	412.1	234.7	641.0	n/a	n/a	n/a	n/a
294.325	0.03	saccade	n/a	416.0	234.4	n/a	518.6	231.3	4.11	229.0
294.357	0.272	fixation	n/a	513.8	237.0	627.0	n/a	n/a	n/a	n/a
294.631	0.024	saccade	n/a	518.1	240.2	n/a	578.9	235.2	2.42	176.0
294.657	0.172	fixation	n/a	568.6	238.5	618.0	n/a	n/a	n/a	n/a
294.831	0.068	saccade	n/a	568.1	238.5	n/a	308.3	291.8	10.53	350.0
294.901	0.186	fixation	n/a	312.7	286.6	637.0	n/a	n/a	n/a	n/a
295.089	0.018	saccade	n/a	315.7	289.2	n/a	268.6	291.6	1.88	149.0
295.109	0.246	fixation	n/a	269.0	291.9	651.0	n/a	n/a	n/a	n/a
295.357	0.032	saccade	n/a	271.9	291.6	n/a	141.2	298.9	5.12	252.0
295.391	0.2	fixation	n/a	129.7	289.6	649.0	n/a	n/a	n/a	n/a
295.593	0.018	saccade	n/a	134.5	290.3	n/a	105.7	291.0	1.11	110.0
295.613	0.256	fixation	n/a	111.2	290.0	634.0	n/a	n/a	n/a	n/a
295.871	0.026	saccade	n/a	112.6	290.6	n/a	185.9	284.3	2.85	181.0
295.899	0.258	fixation	n/a	186.2	289.2	634.0	n/a	n/a	n/a	n/a
295.972	0.0	trigger_11	11	n/a	n/a	n/a	n/a	n/a	n/a	n/a
295.976	0.0	trigger_10	10	n/a	n/a	n/a	n/a	n/a	n/a	n/a
296.159	0.02	saccade	n/a	190.5	294.9	n/a	242.2	289.8	2.04	154.0
296.181	0.158	fixation	n/a	237.1	291.9	643.0	n/a	n/a	n/a	n/a
296.341	0.028	saccade	n/a	238.7	289.7	n/a	338.3	289.5	3.95	253.0
296.371	0.298	fixation	n/a	333.9	290.9	644.0	n/a	n/a	n/a	n/a
296.671	0.01	saccade	n/a	338.3	293.6	n/a	361.6	287.9	0.96	102.0
296.683	0.414	fixation	n/a	359.2	291.2	641.0	n/a	n/a	n/a	n/a
297.099	0.03	saccade	n/a	359.1	289.8	n/a	265.1	290.9	3.75	178.0
297.131	0.188	fixation	n/a	264.7	288.6	637.0	n/a	n/a	n/a	n/a
297.321	0.092	saccade	n/a	276.5	294.9	n/a	331.8	292.2	2.2	607.0
297.345	0.032	blink	n/a	n/a	n/a	n/a	n/a	n/a	n/a	n/a
297.415	0.356	fixation	n/a	322.9	296.2	625.0	n/a	n/a	n/a	n/a
297.773	0.018	saccade	n/a	322.4	294.9	n/a	364.6	288.7	1.7	145.0
297.793	0.396	fixation	n/a	367.1	290.7	617.0	n/a	n/a	n/a	n/a
298.191	0.044	saccade	n/a	373.5	287.2	n/a	240.2	102.6	9.16	323.0
298.237	0.148	fixation	n/a	234.4	107.5	578.0	n/a	n/a	n/a	n/a
298.387	0.026	saccade	n/a	239.6	109.4	n/a	157.4	108.8	3.25	207.0
298.415	0.196	fixation	n/a	152.1	102.6	593.0	n/a	n/a	n/a	n/a
298.613	0.018	saccade	n/a	158.1	101.3	n/a	118.0	100.1	1.56	138.0
298.633	0.364	fixation	n/a	120.8	99.2	621.0	n/a	n/a	n/a	n/a
298.999	0.058	saccade	n/a	122.2	99.3	n/a	224.6	106.3	4.03	210.0
299.059	0.288	fixation	n/a	217.6	97.8	645.0	n/a	n/a	n/a	n/a
299.349	0.022	saccade	n/a	221.3	96.3	n/a	275.2	87.9	2.17	167.0
299.373	0.29	fixation	n/a	277.0	103.1	639.0	n/a	n/a	n/a	n/a
299.665	0.024	saccade	n/a	280.0	104.7	n/a	214.0	101.8	2.63	160.0
299.691	0.27	fixation	n/a	209.9	97.9	625.0	n/a	n/a	n/a	n/a
299.963	0.048	saccade	n/a	213.4	96.6	n/a	353.2	114.5	5.64	253.0
300.013	0.224	fixation	n/a	349.5	102.1	614.0	n/a	n/a	n/a	n/a
300.239	0.006	saccade	n/a	352.4	105.4	n/a	343.7	107.2	0.36	53.0
300.247	0.196	fixation	n/a	344.5	104.5	609.0	n/a	n/a	n/a	n/a
300.445	0.044	saccade	n/a	348.1	106.7	n/a	431.0	110.3	3.35	196.0
300.491	0.228	fixation	n/a	428.0	102.3	596.0	n/a	n/a	n/a	n/a
300.721	0.022	saccade	n/a	433.6	106.2	n/a	496.5	88.5	2.63	192.0
300.745	0.21	fixation	n/a	493.0	95.0	583.0	n/a	n/a	n/a	n/a
300.957	0.008	saccade	n/a	493.3	98.5	n/a	480.4	99.9	0.52	65.0
300.967	0.2	fixation	n/a	480.4	96.5	580.0	n/a	n/a	n/a	n/a
301.169	0.028	saccade	n/a	482.9	97.4	n/a	564.7	85.6	3.3	202.0
301.199	0.124	fixation	n/a	551.3	89.1	563.0	n/a	n/a	n/a	n/a
301.325	0.06	saccade	n/a	552.0	91.6	n/a	160.3	129.6	15.56	420.0
301.387	0.186	fixation	n/a	145.9	139.5	584.0	n/a	n/a	n/a	n/a
301.532	0.0	trigger_11	11	n/a	n/a	n/a	n/a	n/a	n/a	n/a
301.536	0.0	trigger_10	10	n/a	n/a	n/a	n/a	n/a	n/a	n/a
301.575	0.016	saccade	n/a	151.0	142.3	n/a	120.1	150.9	1.25	109.0
301.593	0.286	fixation	n/a	123.0	150.4	587.0	n/a	n/a	n/a	n/a
301.881	0.058	saccade	n/a	125.1	151.0	n/a	257.3	153.9	5.21	268.0
301.941	0.2	fixation	n/a	256.5	153.6	599.0	n/a	n/a	n/a	n/a
302.143	0.112	saccade	n/a	265.2	164.5	n/a	292.5	118.3	2.17	564.0
302.173	0.052	blink	n/a	n/a	n/a	n/a	n/a	n/a	n/a	n/a
302.257	0.126	fixation	n/a	285.3	135.5	575.0	n/a	n/a	n/a	n/a
302.385	0.02	saccade	n/a	279.6	139.2	n/a	252.0	108.4	1.67	129.0
302.407	0.184	fixation	n/a	246.7	105.0	573.0	n/a	n/a	n/a	n/a
302.593	0.016	saccade	n/a	246.7	104.2	n/a	213.8	97.7	1.33	114.0
302.611	0.31	fixation	n/a	215.3	96.5	570.0	n/a	n/a	n/a	n/a
302.923	0.02	saccade	n/a	221.6	95.7	n/a	270.4	83.8	2.0	150.0
302.945	0.486	fixation	n/a	274.0	89.5	569.0	n/a	n/a	n/a	n/a
303.433	0.04	saccade	n/a	280.3	90.9	n/a	204.3	86.8	3.03	193.0
303.475	0.286	fixation	n/a	195.4	90.7	609.0	n/a	n/a	n/a	n/a
303.763	0.026	saccade	n/a	202.0	92.5	n/a	124.4	96.2	3.05	201.0
303.791	0.358	fixation	n/a	120.4	95.6	634.0	n/a	n/a	n/a	n/a
304.151	0.018	saccade	n/a	120.2	95.1	n/a	159.0	87.7	1.54	129.0
304.171	0.306	fixation	n/a	156.3	92.2	643.0	n/a	n/a	n/a	n/a
304.479	0.048	saccade	n/a	156.8	91.6	n/a	242.4	100.2	3.4	168.0
304.529	0.236	fixation	n/a	236.0	89.8	619.0	n/a	n/a	n/a	n/a
304.767	0.026	saccade	n/a	239.1	91.7	n/a	315.6	83.5	3.08	180.0
304.795	0.344	fixation	n/a	312.0	90.4	607.0	n/a	n/a	n/a	n/a
305.141	0.016	saccade	n/a	317.8	88.4	n/a	355.9	83.1	1.55	126.0
305.159	0.386	fixation	n/a	355.5	92.6	595.0	n/a	n/a	n/a	n/a
305.547	0.048	saccade	n/a	357.7	92.2	n/a	456.1	108.5	4.02	202.0
305.597	0.258	fixation	n/a	446.8	96.6	592.0	n/a	n/a	n/a	n/a
305.857	0.016	saccade	n/a	451.1	100.4	n/a	484.9	91.7	1.4	121.0
305.875	0.15	fixation	n/a	479.9	99.1	590.0	n/a	n/a	n/a	n/a
306.027	0.024	saccade	n/a	482.1	100.0	n/a	540.8	94.7	2.36	176.0
306.053	0.502	fixation	n/a	537.8	102.0	576.0	n/a	n/a	n/a	n/a
306.557	0.022	saccade	n/a	540.8	101.5	n/a	591.1	93.7	2.02	138.0
306.581	0.298	fixation	n/a	581.2	98.8	554.0	n/a	n/a	n/a	n/a
306.881	0.064	saccade	n/a	583.6	97.1	n/a	147.9	146.1	17.27	400.0
306.947	0.214	fixation	n/a	132.1	149.1	572.0	n/a	n/a	n/a	n/a
307.163	0.016	saccade	n/a	134.7	149.6	n/a	106.1	156.3	1.14	104.0
307.181	0.208	fixation	n/a	108.8	154.4	565.0	n/a	n/a	n/a	n/a
307.391	0.03	saccade	n/a	111.7	154.9	n/a	215.9	151.6	4.09	194.0
307.423	0.226	fixation	n/a	219.5	156.3	573.0	n/a	n/a	n/a	n/a
307.651	0.02	saccade	n/a	220.9	160.5	n/a	270.7	151.1	2.02	150.0
307.673	0.228	fixation	n/a	278.3	163.4	577.0	n/a	n/a	n/a	n/a
307.868	0.0	trigger_11	11	n/a	n/a	n/a	n/a	n/a	n/a	n/a
307.874	0.0	trigger_10	10	n/a	n/a	n/a	n/a	n/a	n/a	n/a
307.903	0.02	saccade	n/a	282.2	166.4	n/a	331.9	163.8	1.99	151.0
307.925	0.442	fixation	n/a	328.2	169.6	580.0	n/a	n/a	n/a	n/a
308.369	0.026	saccade	n/a	329.4	170.8	n/a	250.3	167.6	3.17	182.0
308.397	0.31	fixation	n/a	243.7	162.6	578.0	n/a	n/a	n/a	n/a
308.709	0.022	saccade	n/a	246.1	163.2	n/a	312.4	160.0	2.66	176.0
308.733	0.19	fixation	n/a	318.2	168.7	592.0	n/a	n/a	n/a	n/a
308.925	0.12	saccade	n/a	324.7	179.9	n/a	368.0	168.1	1.8	582.0
308.955	0.058	blink	n/a	n/a	n/a	n/a	n/a	n/a	n/a	n/a
309.047	0.226	fixation	n/a	356.2	174.3	610.0	n/a	n/a	n/a	n/a
309.275	0.038	saccade	n/a	351.2	171.9	n/a	168.8	108.7	7.68	331.0
309.315	0.214	fixation	n/a	150.7	102.3	626.0	n/a	n/a	n/a	n/a
309.531	0.022	saccade	n/a	157.8	99.6	n/a	105.7	99.7	2.03	167.0
309.555	0.682	fixation	n/a	112.7	98.7	653.0	n/a	n/a	n/a	n/a
310.239	0.02	saccade	n/a	115.0	96.7	n/a	173.4	89.4	2.3	171.0
310.261	0.276	fixation	n/a	176.7	95.9	641.0	n/a	n/a	n/a	n/a
310.539	0.02	saccade	n/a	180.2	94.0	n/a	240.5	84.9	2.42	169.0
310.561	0.228	fixation	n/a	246.8	94.1	620.0	n/a	n/a	n/a	n/a
310.791	0.012	saccade	n/a	247.9	94.3	n/a	222.8	95.5	1.0	92.0
310.805	0.176	fixation	n/a	225.1	95.9	622.0	n/a	n/a	n/a	n/a
310.983	0.034	saccade	n/a	229.5	98.4	n/a	367.5	103.6	5.52	259.0
311.019	0.204	fixation	n/a	365.9	101.5	626.0	n/a	n/a	n/a	n/a
311.225	0.012	saccade	n/a	369.4	101.8	n/a	345.8	101.2	0.95	96.0
311.239	0.246	fixation	n/a	349.9	103.2	619.0	n/a	n/a	n/a	n/a
311.487	0.028	saccade	n/a	351.9	105.4	n/a	432.1	92.9	3.27	192.0
311.517	0.254	fixation	n/a	428.9	99.9	609.0	n/a	n/a	n/a	n/a
311.773	0.014	saccade	n/a	431.2	101.2	n/a	400.3	102.4	1.25	112.0
311.789	0.2	fixation	n/a	402.5	98.0	598.0	n/a	n/a	n/a	n/a
311.991	0.058	saccade	n/a	407.9	102.3	n/a	513.0	103.2	4.22	220.0
312.051	0.404	fixation	n/a	508.3	103.5	572.0	n/a	n/a	n/a	n/a
312.457	0.016	saccade	n/a	512.5	109.0	n/a	549.0	105.4	1.46	114.0
312.475	0.4	fixation	n/a	546.3	105.6	547.0	n/a	n/a	n/a	n/a
312.877	0.02	saccade	n/a	547.9	102.1	n/a	499.4	100.7	1.94	146.0
312.899	0.246	fixation	n/a	499.6	100.4	541.0	n/a	n/a	n/a	n/a
313.147	0.06	saccade	n/a	501.6	104.1	n/a	117.7	144.4	15.23	366.0
313.209	0.294	fixation	n/a	102.9	151.2	585.0	n/a	n/a	n/a	n/a
313.505	0.022	saccade	n/a	103.4	152.1	n/a	165.2	142.9	2.43	169.0
313.529	0.166	fixation	n/a	166.3	153.9	606.0	n/a	n/a	n/a	n/a
313.697	0.022	saccade	n/a	169.3	159.1	n/a	230.0	157.9	2.39	176.0
313.721	0.236	fixation	n/a	229.7	165.3	629.0	n/a	n/a	n/a	n/a
313.959	0.008	saccade	n/a	232.8	166.8	n/a	220.7	168.8	0.49	61.0
313.969	0.15	fixation	n/a	227.1	165.2	625.0	n/a	n/a	n/a	n/a
314.121	0.03	saccade	n/a	230.4	162.7	n/a	328.7	164.0	3.92	200.0
314.153	0.22	fixation	n/a	328.2	165.0	610.0	n/a	n/a	n/a	n/a
314.375	0.01	saccade	n/a	331.3	165.9	n/a	313.4	163.0	0.73	77.0
314.387	0.53	fixation	n/a	313.6	166.2	602.0	n/a	n/a	n/a	n/a
314.919	0.018	saccade	n/a	314.7	165.3	n/a	357.2	159.9	1.72	142.0
314.939	0.204	fixation	n/a	354.3	168.1	602.0	n/a	n/a	n/a	n/a
315.145	0.124	saccade	n/a	359.3	170.6	n/a	383.1	166.9	0.97	501.0
315.175	0.06	blink	n/a	n/a	n/a	n/a	n/a	n/a	n/a	n/a
315.271	0.086	fixation	n/a	376.2	173.0	580.0	n/a	n/a	n/a	n/a
315.359	0.022	saccade	n/a	369.6	169.8	n/a	317.2	186.3	2.21	171.0
315.383	0.35	fixation	n/a	312.2	180.3	592.0	n/a	n/a	n/a	n/a
315.735	0.032	saccade	n/a	315.8	180.7	n/a	420.3	178.3	4.2	205.0
315.769	0.344	fixation	n/a	421.0	175.4	590.0	n/a	n/a	n/a	n/a
316.115	0.022	saccade	n/a	425.9	174.3	n/a	482.5	169.6	2.28	145.0
316.139	0.412	fixation	n/a	476.5	175.8	575.0	n/a	n/a	n/a	n/a
316.553	0.028	saccade	n/a	479.6	178.0	n/a	557.6	168.3	3.14	176.0
316.583	0.35	fixation	n/a	553.5	176.2	563.0	n/a	n/a	n/a	n/a
316.935	0.022	saccade	n/a	559.3	177.4	n/a	499.8	183.3	2.38	151.0
316.959	0.348	fixation	n/a	496.1	179.4	567.0	n/a	n/a	n/a	n/a
317.309	0.026	saccade	n/a	502.7	181.3	n/a	572.2	166.5	2.83	168.0
317.337	0.296	fixation	n/a	564.0	175.8	573.0	n/a	n/a	n/a	n/a
317.635	0.06	saccade	n/a	567.3	178.6	n/a	180.2	206.0	15.31	374.0
317.697	0.16	fixation	n/a	166.1	213.3	626.0	n/a	n/a	n/a	n/a
317.859	0.022	saccade	n/a	172.7	216.7	n/a	121.1	226.3	2.05	171.0
317.883	0.272	fixation	n/a	123.1	222.4	645.0	n/a	n/a	n/a	n/a
318.157	0.026	saccade	n/a	127.8	223.8	n/a	223.5	225.6	3.75	232.0
318.185	0.284	fixation	n/a	229.0	233.4	691.0	n/a	n/a	n/a	n/a
318.471	0.028	saccade	n/a	235.0	233.6	n/a	215.1	229.0	0.81	124.0
318.501	0.234	fixation	n/a	207.8	228.9	717.0	n/a	n/a	n/a	n/a
318.737	0.056	saccade	n/a	211.0	230.3	n/a	324.8	238.3	4.54	258.0
318.795	0.45	fixation	n/a	313.7	226.9	752.0	n/a	n/a	n/a	n/a
319.247	0.024	saccade	n/a	322.4	230.4	n/a	396.0	225.2	2.96	238.0
319.273	0.384	fixation	n/a	389.7	229.9	749.0	n/a	n/a	n/a	n/a
319.659	0.02	saccade	n/a	394.8	229.0	n/a	448.0	232.2	2.14	191.0
319.681	0.24	fixation	n/a	449.9	234.8	736.0	n/a	n/a	n/a	n/a
319.923	0.024	saccade	n/a	452.3	234.3	n/a	510.1	224.5	2.34	174.0
319.926	0.0	trigger_11	11	n/a	n/a	n/a	n/a	n/a	n/a	n/a
319.934	0.0	trigger_10	10	n/a	n/a	n/a	n/a	n/a	n/a	n/a
319.949	0.282	fixation	n/a	504.4	234.1	706.0	n/a	n/a	n/a	n/a
320.233	0.026	saccade	n/a	506.1	234.4	n/a	575.8	228.2	2.78	196.0
320.261	0.3	fixation	n/a	566.8	234.9	682.0	n/a	n/a	n/a	n/a
320.563	0.036	saccade	n/a	572.0	237.9	n/a	625.8	238.9	2.11	178.0
320.601	0.248	fixation	n/a	628.4	240.5	649.0	n/a	n/a	n/a	n/a
320.851	0.064	saccade	n/a	629.8	239.5	n/a	161.3	276.4	18.32	408.0
320.917	0.166	fixation	n/a	135.5	282.3	650.0	n/a	n/a	n/a	n/a
321.085	0.018	saccade	n/a	137.8	279.7	n/a	94.5	292.2	1.74	154.0
321.105	0.33	fixation	n/a	103.1	289.4	639.0	n/a	n/a	n/a	n/a
321.437	0.02	saccade	n/a	114.6	286.3	n/a	171.1	274.8	2.24	168.0
321.459	0.172	fixation	n/a	175.8	277.0	639.0	n/a	n/a	n/a	n/a
321.633	0.022	saccade	n/a	180.8	277.2	n/a	158.0	230.5	2.07	156.0
321.657	0.254	fixation	n/a	158.4	234.9	634.0	n/a	n/a	n/a	n/a
321.913	0.018	saccade	n/a	164.0	234.3	n/a	159.4	205.6	1.16	114.0
321.933	0.234	fixation	n/a	158.8	215.3	634.0	n/a	n/a	n/a	n/a
322.169	0.032	saccade	n/a	162.7	215.5	n/a	125.9	102.8	4.75	266.0
322.203	0.184	fixation	n/a	119.0	100.4	629.0	n/a	n/a	n/a	n/a
322.389	0.016	saccade	n/a	120.9	100.9	n/a	110.8	89.7	0.6	80.0
322.407	0.18	fixation	n/a	111.2	95.6	658.0	n/a	n/a	n/a	n/a
322.589	0.052	saccade	n/a	113.5	97.9	n/a	204.4	103.6	3.57	192.0
322.643	0.256	fixation	n/a	197.1	88.5	663.0	n/a	n/a	n/a	n/a
322.901	0.024	saccade	n/a	200.1	86.3	n/a	270.7	85.5	2.81	177.0
322.927	0.414	fixation	n/a	269.6	90.9	627.0	n/a	n/a	n/a	n/a
323.343	0.028	saccade	n/a	271.3	90.0	n/a	189.9	98.3	3.25	164.0
323.373	0.282	fixation	n/a	189.7	97.6	613.0	n/a	n/a	n/a	n/a
323.657	0.036	saccade	n/a	195.8	100.5	n/a	352.9	106.2	6.28	251.0
323.695	0.194	fixation	n/a	364.4	111.9	631.0	n/a	n/a	n/a	n/a
323.891	0.018	saccade	n/a	371.4	111.8	n/a	340.5	111.3	1.24	116.0
323.911	0.1	fixation	n/a	344.3	111.2	633.0	n/a	n/a	n/a	n/a
324.013	0.06	saccade	n/a	346.7	112.3	n/a	482.8	102.1	5.48	291.0
324.075	0.252	fixation	n/a	471.2	102.8	631.0	n/a	n/a	n/a	n/a
324.329	0.018	saccade	n/a	476.0	106.5	n/a	436.6	110.9	1.6	120.0
324.349	0.212	fixation	n/a	436.8	107.2	617.0	n/a	n/a	n/a	n/a
324.563	0.058	saccade	n/a	442.8	106.5	n/a	527.3	91.7	3.45	220.0
324.623	0.38	fixation	n/a	525.2	92.8	571.0	n/a	n/a	n/a	n/a
325.005	0.024	saccade	n/a	528.2	93.6	n/a	592.5	93.8	2.56	163.0
325.031	0.286	fixation	n/a	585.4	101.6	559.0	n/a	n/a	n/a	n/a
325.319	0.016	saccade	n/a	586.3	103.0	n/a	618.3	96.9	1.29	115.0
325.337	0.236	fixation	n/a	609.0	102.2	550.0	n/a	n/a	n/a	n/a
325.575	0.026	saccade	n/a	609.4	100.2	n/a	541.5	92.5	2.71	164.0
325.603	0.406	fixation	n/a	550.3	93.9	558.0	n/a	n/a	n/a	n/a
326.011	0.134	saccade	n/a	564.3	108.0	n/a	139.3	145.2	16.77	830.0
326.081	0.02	blink	n/a	n/a	n/a	n/a	n/a	n/a	n/a	n/a
326.147	0.19	fixation	n/a	146.7	161.4	579.0	n/a	n/a	n/a	n/a
326.339	0.018	saccade	n/a	152.3	164.3	n/a	112.7	163.1	1.54	126.0
326.359	0.812	fixation	n/a	107.3	155.5	594.0	n/a	n/a	n/a	n/a
327.173	0.018	saccade	n/a	110.7	152.8	n/a	155.8	145.7	1.78	138.0
327.193	0.226	fixation	n/a	160.3	152.2	592.0	n/a	n/a	n/a	n/a
327.421	0.014	saccade	n/a	164.3	151.8	n/a	195.5	143.6	1.27	120.0
327.437	0.216	fixation	n/a	199.5	150.7	590.0	n/a	n/a	n/a	n/a
327.655	0.01	saccade	n/a	198.0	149.1	n/a	180.0	147.5	0.71	76.0
327.667	0.348	fixation	n/a	186.9	153.2	592.0	n/a	n/a	n/a	n/a
328.017	0.03	saccade	n/a	190.1	152.7	n/a	276.8	155.4	3.44	163.0
328.049	0.214	fixation	n/a	276.0	160.3	594.0	n/a	n/a	n/a	n/a
328.265	0.01	saccade	n/a	278.3	166.2	n/a	259.6	161.6	0.77	83.0
328.277	0.238	fixation	n/a	261.8	158.8	580.0	n/a	n/a	n/a	n/a
328.517	0.03	saccade	n/a	267.7	161.3	n/a	359.2	152.7	3.69	195.0
328.549	0.384	fixation	n/a	366.0	157.7	559.0	n/a	n/a	n/a	n/a
328.935	0.03	saccade	n/a	372.7	158.7	n/a	275.2	159.4	3.92	199.0
328.967	0.206	fixation	n/a	271.2	157.8	549.0	n/a	n/a	n/a	n/a
329.175	0.03	saccade	n/a	273.3	156.1	n/a	359.5	154.3	3.46	158.0
329.207	0.036	fixation	n/a	367.1	157.4	541.0	n/a	n/a	n/a	n/a
329.245	0.02	saccade	n/a	364.7	152.6	n/a	419.7	157.2	2.23	176.0
329.267	0.28	fixation	n/a	420.5	159.4	542.0	n/a	n/a	n/a	n/a
329.549	0.026	saccade	n/a	425.3	162.2	n/a	505.9	157.6	3.24	206.0
329.577	0.222	fixation	n/a	497.0	161.1	541.0	n/a	n/a	n/a	n/a
329.801	0.012	saccade	n/a	497.0	163.6	n/a	471.7	167.8	1.03	98.0
329.815	0.332	fixation	n/a	470.9	165.7	546.0	n/a	n/a	n/a	n/a
330.149	0.046	saccade	n/a	474.3	163.1	n/a	579.3	170.5	4.2	227.0
330.197	0.192	fixation	n/a	575.5	163.8	539.0	n/a	n/a	n/a	n/a
330.391	0.01	saccade	n/a	579.7	168.8	n/a	561.0	171.8	0.75	79.0
330.403	0.308	fixation	n/a	564.0	169.0	542.0	n/a	n/a	n/a	n/a
330.713	0.134	saccade	n/a	570.2	175.3	n/a	626.0	174.5	2.2	589.0
330.743	0.076	blink	n/a	n/a	n/a	n/a	n/a	n/a	n/a	n/a
330.849	0.172	fixation	n/a	597.6	189.4	543.0	n/a	n/a	n/a	n/a
331.023	0.07	saccade	n/a	586.6	191.0	n/a	159.9	221.1	16.81	426.0
331.095	0.214	fixation	n/a	140.5	227.0	572.0	n/a	n/a	n/a	n/a
331.311	0.018	saccade	n/a	144.7	226.3	n/a	110.0	232.0	1.36	124.0
331.331	0.176	fixation	n/a	113.0	226.9	575.0	n/a	n/a	n/a	n/a
331.509	0.028	saccade	n/a	113.8	226.8	n/a	213.6	224.7	3.9	221.0
331.539	0.248	fixation	n/a	217.0	227.9	593.0	n/a	n/a	n/a	n/a
331.789	0.02	saccade	n/a	220.1	231.4	n/a	269.4	228.9	1.96	167.0
331.811	0.42	fixation	n/a	265.7	232.2	595.0	n/a	n/a	n/a	n/a
332.233	0.02	saccade	n/a	267.1	228.9	n/a	321.5	223.1	2.18	158.0
332.255	0.07	fixation	n/a	318.5	227.5	595.0	n/a	n/a	n/a	n/a
332.327	0.022	saccade	n/a	316.6	227.7	n/a	387.1	236.7	2.85	217.0
332.351	0.22	fixation	n/a	382.2	242.8	595.0	n/a	n/a	n/a	n/a
332.573	0.014	saccade	n/a	387.0	245.6	n/a	363.5	238.9	0.98	93.0
332.589	0.164	fixation	n/a	366.4	239.5	601.0	n/a	n/a	n/a	n/a
332.755	0.028	saccade	n/a	369.2	238.8	n/a	453.4	229.7	3.4	201.0
332.785	0.354	fixation	n/a	452.7	236.1	603.0	n/a	n/a	n/a	n/a
333.141	0.016	saccade	n/a	457.0	237.0	n/a	427.7	240.3	1.18	106.0
333.159	0.396	fixation	n/a	434.5	236.8	599.0	n/a	n/a	n/a	n/a
333.557	0.022	saccade	n/a	438.4	237.5	n/a	496.9	230.9	2.36	158.0
333.581	0.22	fixation	n/a	490.2	237.7	588.0	n/a	n/a	n/a	n/a
333.803	0.03	saccade	n/a	490.2	243.2	n/a	572.8	236.7	3.29	193.0
333.835	0.296	fixation	n/a	569.0	238.4	587.0	n/a	n/a	n/a	n/a
334.133	0.03	saccade	n/a	569.0	235.7	n/a	669.9	236.5	3.95	208.0
334.165	0.226	fixation	n/a	658.4	241.8	569.0	n/a	n/a	n/a	n/a
334.393	0.072	saccade	n/a	659.9	246.4	n/a	164.0	283.6	19.31	378.0
334.467	0.198	fixation	n/a	155.2	285.0	574.0	n/a	n/a	n/a	n/a
334.667	0.016	saccade	n/a	160.9	279.9	n/a	129.9	293.4	1.32	113.0
334.685	0.404	fixation	n/a	128.6	288.9	581.0	n/a	n/a	n/a	n/a
335.091	0.032	saccade	n/a	130.3	289.0	n/a	263.2	297.5	5.2	250.0
335.125	0.376	fixation	n/a	262.7	296.7	625.0	n/a	n/a	n/a	n/a
335.503	0.022	saccade	n/a	264.3	294.7	n/a	324.7	286.8	2.42	177.0
335.527	0.268	fixation	n/a	319.7	292.9	641.0	n/a	n/a	n/a	n/a
335.797	0.02	saccade	n/a	323.5	292.0	n/a	368.5	291.3	1.8	144.0
335.819	0.238	fixation	n/a	364.3	295.2	631.0	n/a	n/a	n/a	n/a
336.059	0.028	saccade	n/a	364.2	296.1	n/a	446.8	286.9	3.32	203.0
336.089	0.31	fixation	n/a	441.0	291.8	615.0	n/a	n/a	n/a	n/a
336.401	0.012	saccade	n/a	442.5	293.3	n/a	465.4	296.2	0.92	93.0
336.415	0.268	fixation	n/a	456.7	296.7	609.0	n/a	n/a	n/a	n/a
336.55	0.0	trigger_11	11	n/a	n/a	n/a	n/a	n/a	n/a	n/a
336.554	0.0	trigger_10	10	n/a	n/a	n/a	n/a	n/a	n/a	n/a
336.685	0.028	saccade	n/a	455.2	295.7	n/a	370.7	300.9	3.37	207.0
336.715	0.386	fixation	n/a	369.5	296.3	622.0	n/a	n/a	n/a	n/a
337.103	0.012	saccade	n/a	371.4	299.7	n/a	350.7	300.6	0.83	89.0
337.117	0.266	fixation	n/a	355.4	298.4	622.0	n/a	n/a	n/a	n/a
337.385	0.102	saccade	n/a	369.0	305.7	n/a	470.1	310.6	4.03	574.0
337.411	0.046	blink	n/a	n/a	n/a	n/a	n/a	n/a	n/a	n/a
337.489	0.4	fixation	n/a	450.2	301.6	608.0	n/a	n/a	n/a	n/a
337.891	0.026	saccade	n/a	445.6	299.9	n/a	538.0	292.6	3.68	254.0
337.919	0.216	fixation	n/a	531.0	298.8	606.0	n/a	n/a	n/a	n/a
338.137	0.004	saccade	n/a	530.6	298.0	n/a	524.4	299.4	0.25	53.0
338.143	0.368	fixation	n/a	525.8	297.3	587.0	n/a	n/a	n/a	n/a
338.513	0.036	saccade	n/a	530.8	294.5	n/a	468.0	203.3	4.45	193.0
338.551	0.206	fixation	n/a	465.2	211.3	561.0	n/a	n/a	n/a	n/a
338.759	0.048	saccade	n/a	470.9	210.8	n/a	169.4	89.5	12.93	424.0
338.809	0.166	fixation	n/a	157.6	91.7	534.0	n/a	n/a	n/a	n/a
338.977	0.018	saccade	n/a	164.0	90.8	n/a	120.3	98.2	1.73	135.0
338.997	0.34	fixation	n/a	122.3	94.2	545.0	n/a	n/a	n/a	n/a
339.339	0.014	saccade	n/a	128.7	95.8	n/a	99.6	97.4	1.13	100.0
339.355	0.24	fixation	n/a	102.1	96.2	573.0	n/a	n/a	n/a	n/a
339.597	0.026	saccade	n/a	105.5	97.8	n/a	189.4	86.9	3.3	209.0
339.625	0.286	fixation	n/a	195.0	93.4	594.0	n/a	n/a	n/a	n/a
339.913	0.014	saccade	n/a	197.4	94.9	n/a	170.5	95.1	1.06	102.0
339.929	0.344	fixation	n/a	174.9	95.6	631.0	n/a	n/a	n/a	n/a
340.275	0.022	saccade	n/a	179.3	94.9	n/a	244.0	84.8	2.59	199.0
340.299	0.214	fixation	n/a	248.9	94.3	647.0	n/a	n/a	n/a	n/a
340.515	0.024	saccade	n/a	250.4	93.5	n/a	319.1	86.1	2.76	192.0
340.541	0.234	fixation	n/a	311.5	97.0	642.0	n/a	n/a	n/a	n/a
340.704	0.0	trigger_11	11	n/a	n/a	n/a	n/a	n/a	n/a	n/a
340.708	0.0	trigger_10	10	n/a	n/a	n/a	n/a	n/a	n/a	n/a
340.777	0.016	saccade	n/a	312.2	96.9	n/a	282.0	101.8	1.23	107.0
340.795	0.21	fixation	n/a	286.9	101.1	648.0	n/a	n/a	n/a	n/a
341.007	0.064	saccade	n/a	292.4	104.8	n/a	411.1	102.4	4.77	243.0
341.073	0.312	fixation	n/a	410.4	104.9	652.0	n/a	n/a	n/a	n/a
341.387	0.026	saccade	n/a	418.3	109.4	n/a	499.3	100.6	3.28	205.0
341.415	0.352	fixation	n/a	490.9	106.0	632.0	n/a	n/a	n/a	n/a
341.769	0.054	saccade	n/a	496.6	107.7	n/a	572.7	107.8	3.04	198.0
341.825	0.61	fixation	n/a	565.7	105.3	597.0	n/a	n/a	n/a	n/a
342.437	0.024	saccade	n/a	570.6	101.4	n/a	498.1	105.5	2.9	202.0
342.463	0.528	fixation	n/a	502.8	100.4	583.0	n/a	n/a	n/a	n/a
342.993	0.06	saccade	n/a	506.3	102.1	n/a	157.9	105.3	13.8	379.0
343.055	0.152	fixation	n/a	135.9	116.3	599.0	n/a	n/a	n/a	n/a
343.209	0.016	saccade	n/a	141.1	115.7	n/a	114.8	96.7	1.28	115.0
343.227	0.208	fixation	n/a	118.5	99.4	599.0	n/a	n/a	n/a	n/a
343.437	0.012	saccade	n/a	119.1	98.7	n/a	107.0	93.5	0.51	54.0
343.451	0.302	fixation	n/a	111.9	94.2	590.0	n/a	n/a	n/a	n/a
343.755	0.018	saccade	n/a	113.8	94.5	n/a	160.3	84.4	1.86	144.0
343.775	0.224	fixation	n/a	163.9	91.6	581.0	n/a	n/a	n/a	n/a
344.001	0.03	saccade	n/a	165.0	92.5	n/a	266.1	86.3	4.01	208.0
344.033	0.206	fixation	n/a	268.8	90.9	582.0	n/a	n/a	n/a	n/a
344.241	0.012	saccade	n/a	271.0	91.5	n/a	247.7	92.2	0.93	93.0
344.255	0.29	fixation	n/a	255.8	93.4	578.0	n/a	n/a	n/a	n/a
344.547	0.014	saccade	n/a	263.7	94.3	n/a	236.0	97.4	1.11	94.0
344.563	0.102	fixation	n/a	238.0	96.5	574.0	n/a	n/a	n/a	n/a
344.667	0.112	saccade	n/a	241.4	100.0	n/a	310.0	84.8	2.81	514.0
344.691	0.06	blink	n/a	n/a	n/a	n/a	n/a	n/a	n/a	n/a
344.781	0.37	fixation	n/a	290.0	97.8	567.0	n/a	n/a	n/a	n/a
345.153	0.064	saccade	n/a	292.1	106.2	n/a	390.2	102.9	3.94	250.0
345.219	0.16	fixation	n/a	389.2	107.7	584.0	n/a	n/a	n/a	n/a
345.381	0.016	saccade	n/a	391.7	106.1	n/a	361.2	100.2	1.25	112.0
345.399	0.258	fixation	n/a	359.0	99.9	578.0	n/a	n/a	n/a	n/a
345.659	0.056	saccade	n/a	359.7	99.0	n/a	448.8	101.2	3.59	216.0
345.717	0.286	fixation	n/a	439.0	104.6	612.0	n/a	n/a	n/a	n/a
346.005	0.052	saccade	n/a	442.0	107.2	n/a	537.7	124.1	3.9	206.0
346.059	0.326	fixation	n/a	529.3	111.5	630.0	n/a	n/a	n/a	n/a
346.387	0.02	saccade	n/a	532.2	116.7	n/a	509.1	114.6	0.93	120.0
346.409	0.194	fixation	n/a	511.4	115.8	662.0	n/a	n/a	n/a	n/a
346.605	0.04	saccade	n/a	514.4	115.2	n/a	420.7	104.5	3.79	257.0
346.647	0.022	fixation	n/a	403.7	107.6	664.0	n/a	n/a	n/a	n/a
346.671	0.006	saccade	n/a	403.6	120.8	n/a	411.2	121.8	0.31	54.0
346.679	0.35	fixation	n/a	408.4	105.8	658.0	n/a	n/a	n/a	n/a
347.031	0.018	saccade	n/a	410.4	108.3	n/a	381.8	116.8	1.2	109.0
347.051	0.22	fixation	n/a	386.2	117.2	684.0	n/a	n/a	n/a	n/a
347.273	0.016	saccade	n/a	387.2	112.9	n/a	360.4	116.2	1.09	98.0
347.291	0.188	fixation	n/a	365.6	114.6	682.0	n/a	n/a	n/a	n/a
347.481	0.06	saccade	n/a	369.1	113.4	n/a	480.1	108.5	4.47	228.0
347.543	0.182	fixation	n/a	471.1	106.9	646.0	n/a	n/a	n/a	n/a
347.727	0.026	saccade	n/a	471.6	105.0	n/a	541.1	103.7	2.78	183.0
347.755	0.222	fixation	n/a	528.7	107.5	622.0	n/a	n/a	n/a	n/a
347.979	0.094	saccade	n/a	533.9	115.2	n/a	617.0	114.1	3.3	886.0
348.003	0.04	blink	n/a	n/a	n/a	n/a	n/a	n/a	n/a	n/a
348.075	0.276	fixation	n/a	590.7	113.3	591.0	n/a	n/a	n/a	n/a
348.353	0.06	saccade	n/a	585.3	112.8	n/a	152.0	164.6	17.19	438.0
348.415	0.218	fixation	n/a	131.5	172.5	627.0	n/a	n/a	n/a	n/a
348.635	0.018	saccade	n/a	136.4	173.9	n/a	116.1	166.2	0.85	108.0
348.655	0.2	fixation	n/a	117.9	164.4	617.0	n/a	n/a	n/a	n/a
348.857	0.024	saccade	n/a	120.4	164.2	n/a	191.0	154.3	2.79	157.0
348.883	0.184	fixation	n/a	192.1	159.9	614.0	n/a	n/a	n/a	n/a
349.069	0.058	saccade	n/a	194.9	157.2	n/a	282.4	165.5	3.5	202.0
349.129	0.254	fixation	n/a	280.8	167.7	616.0	n/a	n/a	n/a	n/a
349.385	0.012	saccade	n/a	284.1	169.0	n/a	265.1	166.3	0.77	68.0
349.399	0.232	fixation	n/a	265.8	168.4	614.0	n/a	n/a	n/a	n/a
349.633	0.026	saccade	n/a	271.4	167.7	n/a	349.6	158.4	3.16	197.0
349.661	0.156	fixation	n/a	352.2	165.8	610.0	n/a	n/a	n/a	n/a
349.819	0.022	saccade	n/a	355.7	165.8	n/a	413.7	159.4	2.35	178.0
349.843	0.15	fixation	n/a	409.2	168.3	614.0	n/a	n/a	n/a	n/a
349.92	0.0	trigger_11	11	n/a	n/a	n/a	n/a	n/a	n/a	n/a
349.924	0.0	trigger_10	10	n/a	n/a	n/a	n/a	n/a	n/a	n/a
349.995	0.022	saccade	n/a	412.8	172.3	n/a	476.5	170.2	2.56	184.0
350.019	0.214	fixation	n/a	470.4	177.1	617.0	n/a	n/a	n/a	n/a
350.235	0.024	saccade	n/a	473.7	178.2	n/a	538.2	167.6	2.62	180.0
350.261	0.242	fixation	n/a	529.0	173.1	608.0	n/a	n/a	n/a	n/a
350.505	0.026	saccade	n/a	531.4	176.9	n/a	607.3	165.3	3.04	190.0
350.533	0.13	fixation	n/a	596.7	175.9	601.0	n/a	n/a	n/a	n/a
350.665	0.104	saccade	n/a	602.5	184.3	n/a	141.6	236.9	18.16	644.0
350.695	0.036	blink	n/a	n/a	n/a	n/a	n/a	n/a	n/a	n/a
350.771	0.314	fixation	n/a	134.0	243.3	608.0	n/a	n/a	n/a	n/a
351.087	0.018	saccade	n/a	140.2	244.3	n/a	185.1	232.1	1.82	153.0
351.107	0.188	fixation	n/a	180.8	236.6	627.0	n/a	n/a	n/a	n/a
351.297	0.032	saccade	n/a	182.9	236.1	n/a	158.0	127.6	4.47	250.0
351.331	0.24	fixation	n/a	153.7	132.5	593.0	n/a	n/a	n/a	n/a
351.573	0.016	saccade	n/a	159.2	134.2	n/a	184.9	106.7	1.5	118.0
351.591	0.228	fixation	n/a	180.6	113.6	588.0	n/a	n/a	n/a	n/a
351.821	0.018	saccade	n/a	182.3	113.0	n/a	226.0	98.2	1.83	148.0
351.841	0.11	fixation	n/a	225.0	104.5	591.0	n/a	n/a	n/a	n/a
351.953	0.02	saccade	n/a	227.9	105.7	n/a	278.2	100.8	2.01	173.0
351.975	0.268	fixation	n/a	277.6	110.2	601.0	n/a	n/a	n/a	n/a
352.245	0.034	saccade	n/a	280.5	108.7	n/a	146.0	99.1	5.33	238.0
352.281	0.284	fixation	n/a	133.3	91.6	627.0	n/a	n/a	n/a	n/a
352.567	0.018	saccade	n/a	137.9	90.7	n/a	112.5	98.5	1.03	112.0
352.587	0.206	fixation	n/a	114.0	95.3	636.0	n/a	n/a	n/a	n/a
352.795	0.026	saccade	n/a	116.0	95.0	n/a	202.9	88.0	3.41	202.0
352.823	0.346	fixation	n/a	205.7	95.1	637.0	n/a	n/a	n/a	n/a
353.171	0.022	saccade	n/a	206.1	96.8	n/a	273.9	93.8	2.7	183.0
353.195	0.252	fixation	n/a	270.6	100.9	639.0	n/a	n/a	n/a	n/a
353.449	0.02	saccade	n/a	271.3	97.6	n/a	325.1	92.0	2.17	158.0
353.471	0.216	fixation	n/a	320.8	104.7	635.0	n/a	n/a	n/a	n/a
353.689	0.02	saccade	n/a	322.8	107.8	n/a	365.8	97.8	1.78	134.0
353.711	0.394	fixation	n/a	361.8	104.2	634.0	n/a	n/a	n/a	n/a
354.107	0.05	saccade	n/a	364.1	104.3	n/a	468.5	112.2	4.21	219.0
354.159	0.322	fixation	n/a	464.4	103.7	635.0	n/a	n/a	n/a	n/a
354.483	0.03	saccade	n/a	470.4	102.2	n/a	383.3	109.8	3.52	186.0
354.515	0.34	fixation	n/a	384.6	104.8	625.0	n/a	n/a	n/a	n/a
354.857	0.122	saccade	n/a	388.4	105.8	n/a	501.8	138.5	4.75	750.0
354.901	0.048	blink	n/a	n/a	n/a	n/a	n/a	n/a	n/a	n/a
354.981	0.202	fixation	n/a	487.6	134.4	627.0	n/a	n/a	n/a	n/a
355.185	0.028	saccade	n/a	483.5	136.0	n/a	561.8	131.6	3.14	183.0
355.215	0.55	fixation	n/a	549.2	128.2	625.0	n/a	n/a	n/a	n/a
355.767	0.058	saccade	n/a	554.3	119.9	n/a	203.5	142.9	13.95	346.0
355.827	0.158	fixation	n/a	188.5	153.3	613.0	n/a	n/a	n/a	n/a
355.987	0.026	saccade	n/a	193.5	155.5	n/a	124.6	157.9	2.7	184.0
356.015	0.244	fixation	n/a	124.6	155.3	599.0	n/a	n/a	n/a	n/a
356.261	0.016	saccade	n/a	129.3	159.6	n/a	116.9	162.0	0.49	71.0
356.279	0.088	fixation	n/a	119.9	159.8	604.0	n/a	n/a	n/a	n/a
356.369	0.03	saccade	n/a	122.5	159.3	n/a	231.7	164.9	4.29	228.0
356.401	0.356	fixation	n/a	236.3	168.3	613.0	n/a	n/a	n/a	n/a
356.744	0.0	trigger_11	11	n/a	n/a	n/a	n/a	n/a	n/a	n/a
356.75	0.0	trigger_10	10	n/a	n/a	n/a	n/a	n/a	n/a	n/a
356.759	0.006	saccade	n/a	235.5	169.0	n/a	225.7	169.3	0.39	63.0
356.767	0.15	fixation	n/a	227.0	169.8	612.0	n/a	n/a	n/a	n/a
356.919	0.03	saccade	n/a	229.1	171.1	n/a	325.4	168.3	3.85	212.0
356.951	0.26	fixation	n/a	324.8	175.4	624.0	n/a	n/a	n/a	n/a
357.213	0.014	saccade	n/a	329.1	175.5	n/a	360.5	169.6	1.28	112.0
357.229	0.23	fixation	n/a	354.9	178.1	627.0	n/a	n/a	n/a	n/a
357.461	0.03	saccade	n/a	357.4	178.8	n/a	261.6	179.3	3.83	199.0
357.493	0.18	fixation	n/a	258.3	174.8	629.0	n/a	n/a	n/a	n/a
357.675	0.034	saccade	n/a	260.8	171.5	n/a	207.3	168.7	2.13	190.0
357.711	0.316	fixation	n/a	197.6	170.4	624.0	n/a	n/a	n/a	n/a
358.029	0.024	saccade	n/a	202.7	168.5	n/a	274.7	163.6	2.87	178.0
358.055	0.258	fixation	n/a	279.6	171.9	627.0	n/a	n/a	n/a	n/a
358.315	0.024	saccade	n/a	286.8	173.9	n/a	348.5	161.9	2.52	156.0
358.341	0.182	fixation	n/a	342.7	167.6	620.0	n/a	n/a	n/a	n/a
358.525	0.04	saccade	n/a	343.0	169.8	n/a	146.8	116.9	8.06	305.0
358.567	0.246	fixation	n/a	136.3	113.0	610.0	n/a	n/a	n/a	n/a
358.815	0.018	saccade	n/a	143.5	113.5	n/a	186.2	95.5	1.83	149.0
358.835	0.222	fixation	n/a	188.5	104.5	623.0	n/a	n/a	n/a	n/a
359.059	0.018	saccade	n/a	192.2	104.9	n/a	145.2	97.1	1.87	155.0
359.079	0.228	fixation	n/a	144.7	97.5	623.0	n/a	n/a	n/a	n/a
359.309	0.018	saccade	n/a	149.7	96.9	n/a	107.1	99.4	1.66	139.0
359.329	0.248	fixation	n/a	108.3	98.0	609.0	n/a	n/a	n/a	n/a
359.579	0.028	saccade	n/a	110.2	98.5	n/a	206.0	90.7	3.76	207.0
359.609	0.536	fixation	n/a	223.6	99.5	596.0	n/a	n/a	n/a	n/a
360.147	0.048	saccade	n/a	226.2	102.3	n/a	323.0	111.5	3.88	204.0
360.197	0.184	fixation	n/a	318.4	100.5	594.0	n/a	n/a	n/a	n/a
360.383	0.012	saccade	n/a	325.5	100.7	n/a	302.3	97.5	0.94	85.0
360.397	0.16	fixation	n/a	307.7	99.6	589.0	n/a	n/a	n/a	n/a
360.559	0.052	saccade	n/a	310.9	101.5	n/a	392.4	104.8	3.28	185.0
360.613	0.318	fixation	n/a	387.7	103.0	597.0	n/a	n/a	n/a	n/a
360.933	0.016	saccade	n/a	388.4	102.9	n/a	423.1	110.4	1.43	125.0
360.951	0.31	fixation	n/a	413.7	113.9	614.0	n/a	n/a	n/a	n/a
361.263	0.024	saccade	n/a	415.7	112.3	n/a	359.2	116.8	2.29	163.0
361.289	0.226	fixation	n/a	362.5	112.0	619.0	n/a	n/a	n/a	n/a
361.517	0.02	saccade	n/a	366.4	111.0	n/a	314.8	109.7	2.08	141.0
361.539	0.296	fixation	n/a	314.5	110.1	625.0	n/a	n/a	n/a	n/a
361.837	0.026	saccade	n/a	318.8	110.3	n/a	394.6	99.0	3.08	182.0
361.865	0.126	fixation	n/a	400.6	108.9	624.0	n/a	n/a	n/a	n/a
361.993	0.104	saccade	n/a	412.9	123.3	n/a	452.5	136.3	1.68	793.0
362.019	0.042	blink	n/a	n/a	n/a	n/a	n/a	n/a	n/a	n/a
362.099	0.398	fixation	n/a	437.3	130.4	636.0	n/a	n/a	n/a	n/a
362.499	0.05	saccade	n/a	430.3	126.9	n/a	508.6	131.3	3.15	210.0
362.551	0.27	fixation	n/a	500.8	116.4	632.0	n/a	n/a	n/a	n/a
362.823	0.022	saccade	n/a	506.0	118.5	n/a	563.0	110.5	2.3	171.0
362.847	0.23	fixation	n/a	552.4	118.1	614.0	n/a	n/a	n/a	n/a
363.079	0.018	saccade	n/a	554.5	119.3	n/a	597.4	107.5	1.77	148.0
363.099	0.568	fixation	n/a	591.0	116.2	598.0	n/a	n/a	n/a	n/a
363.669	0.064	saccade	n/a	594.3	113.7	n/a	213.9	136.3	15.09	403.0
363.735	0.16	fixation	n/a	198.5	154.5	634.0	n/a	n/a	n/a	n/a
363.897	0.024	saccade	n/a	208.8	160.6	n/a	141.1	163.5	2.66	193.0
363.923	0.17	fixation	n/a	144.6	162.8	652.0	n/a	n/a	n/a	n/a
364.095	0.016	saccade	n/a	148.4	163.1	n/a	113.9	165.9	1.35	128.0
364.113	0.296	fixation	n/a	119.0	168.4	672.0	n/a	n/a	n/a	n/a
364.411	0.048	saccade	n/a	124.0	168.6	n/a	224.3	180.1	3.96	224.0
364.461	0.116	fixation	n/a	217.7	166.5	668.0	n/a	n/a	n/a	n/a
364.579	0.022	saccade	n/a	219.3	167.6	n/a	284.2	163.5	2.59	183.0
364.603	0.242	fixation	n/a	285.0	171.0	652.0	n/a	n/a	n/a	n/a
364.847	0.02	saccade	n/a	287.9	173.4	n/a	339.5	171.8	2.07	166.0
364.869	0.374	fixation	n/a	336.5	176.2	629.0	n/a	n/a	n/a	n/a
365.245	0.026	saccade	n/a	340.3	179.3	n/a	410.7	168.6	2.87	185.0
365.273	0.306	fixation	n/a	404.5	173.7	627.0	n/a	n/a	n/a	n/a
365.581	0.018	saccade	n/a	407.2	175.6	n/a	448.1	174.1	1.65	131.0
365.601	0.242	fixation	n/a	444.4	178.4	629.0	n/a	n/a	n/a	n/a
365.845	0.026	saccade	n/a	447.0	177.0	n/a	519.3	178.5	2.9	180.0
365.873	0.286	fixation	n/a	512.1	180.3	615.0	n/a	n/a	n/a	n/a
366.161	0.028	saccade	n/a	515.1	180.1	n/a	405.5	184.8	4.4	272.0
366.191	0.396	fixation	n/a	398.1	179.3	621.0	n/a	n/a	n/a	n/a
366.589	0.026	saccade	n/a	401.3	181.4	n/a	466.0	177.7	2.6	168.0
366.617	0.212	fixation	n/a	460.4	185.3	632.0	n/a	n/a	n/a	n/a
366.831	0.088	saccade	n/a	463.3	184.6	n/a	515.8	192.2	2.13	816.0
366.863	0.028	blink	n/a	n/a	n/a	n/a	n/a	n/a	n/a	n/a
366.921	0.24	fixation	n/a	496.1	176.6	627.0	n/a	n/a	n/a	n/a
367.163	0.024	saccade	n/a	488.6	174.3	n/a	554.2	183.1	2.65	190.0
367.189	0.32	fixation	n/a	542.1	183.9	634.0	n/a	n/a	n/a	n/a
367.511	0.026	saccade	n/a	545.9	180.4	n/a	616.1	173.0	2.8	174.0
367.539	0.222	fixation	n/a	610.5	179.4	612.0	n/a	n/a	n/a	n/a
367.763	0.08	saccade	n/a	612.0	176.9	n/a	151.1	213.6	18.13	404.0
367.845	0.168	fixation	n/a	141.6	217.1	605.0	n/a	n/a	n/a	n/a
368.015	0.016	saccade	n/a	149.2	221.4	n/a	116.7	222.3	1.26	113.0
368.033	0.24	fixation	n/a	121.3	222.1	597.0	n/a	n/a	n/a	n/a
368.275	0.022	saccade	n/a	126.2	221.9	n/a	196.5	222.7	2.75	207.0
368.299	0.154	fixation	n/a	197.1	223.7	605.0	n/a	n/a	n/a	n/a
368.455	0.026	saccade	n/a	199.0	222.5	n/a	282.2	229.1	3.31	206.0
368.483	0.28	fixation	n/a	278.9	232.0	604.0	n/a	n/a	n/a	n/a
368.522	0.0	trigger_11	11	n/a	n/a	n/a	n/a	n/a	n/a	n/a
368.524	0.0	trigger_12	12	n/a	n/a	n/a	n/a	n/a	n/a	n/a
368.765	0.022	saccade	n/a	281.1	234.3	n/a	345.0	229.0	2.56	184.0
368.789	0.236	fixation	n/a	345.8	237.6	596.0	n/a	n/a	n/a	n/a
369.027	0.028	saccade	n/a	348.9	240.5	n/a	440.7	235.0	3.69	205.0
369.057	0.28	fixation	n/a	435.7	237.7	580.0	n/a	n/a	n/a	n/a
369.339	0.014	saccade	n/a	438.3	239.8	n/a	406.4	242.5	1.29	119.0
369.355	0.168	fixation	n/a	404.6	238.3	574.0	n/a	n/a	n/a	n/a
369.525	0.028	saccade	n/a	407.5	241.0	n/a	488.5	235.7	3.25	174.0
369.555	0.094	fixation	n/a	483.6	240.2	568.0	n/a	n/a	n/a	n/a
369.651	0.136	saccade	n/a	485.3	243.9	n/a	495.9	255.0	0.62	675.0
369.683	0.068	blink	n/a	n/a	n/a	n/a	n/a	n/a	n/a	n/a
369.789	0.226	fixation	n/a	477.2	256.6	577.0	n/a	n/a	n/a	n/a
370.017	0.034	saccade	n/a	473.6	251.4	n/a	549.2	186.8	3.99	242.0
370.053	0.198	fixation	n/a	537.8	188.3	589.0	n/a	n/a	n/a	n/a
370.253	0.054	saccade	n/a	537.7	187.7	n/a	298.2	94.9	10.3	338.0
370.309	0.17	fixation	n/a	298.7	108.5	577.0	n/a	n/a	n/a	n/a
370.481	0.038	saccade	n/a	307.2	111.9	n/a	147.9	110.0	6.31	255.0
370.521	0.24	fixation	n/a	141.9	104.8	580.0	n/a	n/a	n/a	n/a
370.763	0.016	saccade	n/a	148.5	103.4	n/a	110.8	98.4	1.48	130.0
370.781	0.212	fixation	n/a	111.5	100.5	591.0	n/a	n/a	n/a	n/a
370.995	0.03	saccade	n/a	113.3	102.5	n/a	213.6	96.6	3.94	205.0
371.027	0.268	fixation	n/a	215.7	98.9	598.0	n/a	n/a	n/a	n/a
371.297	0.02	saccade	n/a	219.4	98.6	n/a	177.0	103.9	1.69	130.0
371.319	0.216	fixation	n/a	182.2	102.7	611.0	n/a	n/a	n/a	n/a
371.537	0.048	saccade	n/a	187.4	104.2	n/a	287.8	118.8	4.03	210.0
371.587	0.374	fixation	n/a	284.2	101.6	599.0	n/a	n/a	n/a	n/a
371.698	0.0	trigger_13	13	n/a	n/a	n/a	n/a	n/a	n/a	n/a
371.963	0.016	saccade	n/a	287.7	104.6	n/a	326.0	94.6	1.59	138.0
371.981	0.372	fixation	n/a	323.6	107.1	606.0	n/a	n/a	n/a	n/a
372.355	0.018	saccade	n/a	324.4	106.3	n/a	361.3	106.6	1.48	115.0
372.375	0.178	fixation	n/a	355.8	112.3	612.0	n/a	n/a	n/a	n/a
372.555	0.052	saccade	n/a	360.3	111.2	n/a	415.9	106.7	2.25	160.0
372.609	0.202	fixation	n/a	409.1	101.0	593.0	n/a	n/a	n/a	n/a
372.813	0.006	saccade	n/a	410.4	98.4	n/a	400.1	98.2	0.42	60.0
372.821	0.614	fixation	n/a	401.8	103.8	590.0	n/a	n/a	n/a	n/a
373.437	0.028	saccade	n/a	409.2	110.4	n/a	310.7	103.9	3.97	236.0
373.467	0.442	fixation	n/a	306.8	103.8	603.0	n/a	n/a	n/a	n/a
373.911	0.066	saccade	n/a	311.1	106.3	n/a	120.1	133.4	7.61	264.0
373.979	0.16	fixation	n/a	127.8	121.6	618.0	n/a	n/a	n/a	n/a
374.141	0.018	saccade	n/a	133.1	119.0	n/a	135.4	87.7	1.26	92.0
374.161	0.2	fixation	n/a	132.6	98.3	618.0	n/a	n/a	n/a	n/a
374.363	0.022	saccade	n/a	136.2	101.9	n/a	199.7	94.0	2.51	167.0
374.387	0.206	fixation	n/a	200.3	100.5	616.0	n/a	n/a	n/a	n/a
374.595	0.024	saccade	n/a	202.0	101.2	n/a	261.7	97.0	2.38	160.0
374.621	0.292	fixation	n/a	255.9	109.0	644.0	n/a	n/a	n/a	n/a
374.915	0.024	saccade	n/a	257.8	109.8	n/a	325.7	103.2	2.73	182.0
374.941	0.366	fixation	n/a	320.6	110.3	638.0	n/a	n/a	n/a	n/a
374.962	0.0	trigger_15	15	n/a	n/a	n/a	n/a	n/a	n/a	n/a
374.972	0.0	trigger_10	10	n/a	n/a	n/a	n/a	n/a	n/a	n/a
375.309	0.018	saccade	n/a	324.2	109.9	n/a	362.2	104.6	1.54	119.0
375.329	0.246	fixation	n/a	354.6	112.5	646.0	n/a	n/a	n/a	n/a
375.577	0.086	saccade	n/a	355.4	112.8	n/a	138.5	166.0	8.86	300.0
375.665	0.186	fixation	n/a	133.4	164.6	679.0	n/a	n/a	n/a	n/a
375.853	0.042	saccade	n/a	139.9	169.7	n/a	160.5	242.9	3.04	231.0
375.897	0.138	fixation	n/a	141.3	250.6	722.0	n/a	n/a	n/a	n/a
376.037	0.032	saccade	n/a	142.3	251.4	n/a	148.0	290.6	1.57	176.0
376.071	0.268	fixation	n/a	130.5	299.8	737.0	n/a	n/a	n/a	n/a
376.341	0.026	saccade	n/a	128.8	297.9	n/a	138.8	226.9	2.85	194.0
376.369	0.558	fixation	n/a	139.7	233.1	709.0	n/a	n/a	n/a	n/a
376.929	0.034	saccade	n/a	152.9	229.7	n/a	150.7	269.1	1.58	158.0
376.965	0.258	fixation	n/a	138.3	282.6	703.0	n/a	n/a	n/a	n/a
377.225	0.098	saccade	n/a	143.1	283.2	n/a	152.3	118.7	6.59	766.0
377.273	0.02	blink	n/a	n/a	n/a	n/a	n/a	n/a	n/a	n/a
377.325	0.14	fixation	n/a	154.3	140.1	666.0	n/a	n/a	n/a	n/a
377.467	0.02	saccade	n/a	159.0	144.3	n/a	114.9	104.3	2.36	183.0
377.489	0.564	fixation	n/a	120.2	99.9	665.0	n/a	n/a	n/a	n/a
378.055	0.058	saccade	n/a	124.0	101.3	n/a	251.5	122.5	5.09	242.0
378.115	0.318	fixation	n/a	243.4	113.5	731.0	n/a	n/a	n/a	n/a
378.435	0.06	saccade	n/a	249.5	113.9	n/a	141.8	112.4	4.25	205.0
378.497	0.236	fixation	n/a	154.5	116.2	764.0	n/a	n/a	n/a	n/a
378.735	0.054	saccade	n/a	161.9	122.9	n/a	261.5	139.4	3.99	224.0
378.791	0.262	fixation	n/a	250.0	125.8	802.0	n/a	n/a	n/a	n/a
379.055	0.032	saccade	n/a	252.4	125.6	n/a	303.7	119.0	2.07	202.0
379.089	0.28	fixation	n/a	308.4	125.8	805.0	n/a	n/a	n/a	n/a
379.371	0.056	saccade	n/a	311.5	125.7	n/a	211.9	117.1	3.99	228.0
379.429	0.168	fixation	n/a	223.0	120.3	812.0	n/a	n/a	n/a	n/a
379.599	0.03	saccade	n/a	227.8	120.7	n/a	338.7	118.2	4.43	229.0
379.631	0.278	fixation	n/a	340.9	123.6	811.0	n/a	n/a	n/a	n/a
379.911	0.026	saccade	n/a	342.5	119.6	n/a	414.9	106.8	2.96	178.0
379.939	0.388	fixation	n/a	413.6	116.6	786.0	n/a	n/a	n/a	n/a
380.329	0.072	saccade	n/a	418.1	118.7	n/a	332.5	136.5	3.52	224.0
380.403	0.18	fixation	n/a	329.7	123.4	824.0	n/a	n/a	n/a	n/a
380.585	0.014	saccade	n/a	335.2	126.0	n/a	365.8	118.0	1.27	113.0
380.601	0.19	fixation	n/a	360.8	122.1	821.0	n/a	n/a	n/a	n/a
380.793	0.03	saccade	n/a	363.4	123.1	n/a	469.0	116.1	4.26	244.0
380.825	0.308	fixation	n/a	466.2	118.8	808.0	n/a	n/a	n/a	n/a
381.135	0.052	saccade	n/a	468.4	121.2	n/a	558.8	131.8	3.64	221.0
381.189	0.632	fixation	n/a	550.4	124.6	770.0	n/a	n/a	n/a	n/a
381.823	0.022	saccade	n/a	557.9	121.6	n/a	611.1	110.5	2.15	154.0
381.847	0.23	fixation	n/a	604.7	117.5	717.0	n/a	n/a	n/a	n/a
382.079	0.042	saccade	n/a	607.1	116.2	n/a	484.5	105.8	4.9	262.0
382.123	0.02	fixation	n/a	474.6	111.5	724.0	n/a	n/a	n/a	n/a
382.145	0.01	saccade	n/a	474.1	125.7	n/a	479.0	116.0	0.44	80.0
382.157	0.14	fixation	n/a	478.8	110.8	710.0	n/a	n/a	n/a	n/a
382.299	0.112	saccade	n/a	485.9	119.8	n/a	531.1	115.6	1.82	740.0
382.325	0.052	blink	n/a	n/a	n/a	n/a	n/a	n/a	n/a	n/a
382.413	0.226	fixation	n/a	511.5	120.0	708.0	n/a	n/a	n/a	n/a
382.641	0.028	saccade	n/a	507.3	122.2	n/a	583.0	114.7	3.03	180.0
382.671	0.15	fixation	n/a	573.3	117.8	717.0	n/a	n/a	n/a	n/a
382.823	0.074	saccade	n/a	573.9	121.0	n/a	164.5	146.5	16.18	417.0
382.899	0.168	fixation	n/a	153.8	155.0	745.0	n/a	n/a	n/a	n/a
383.069	0.018	saccade	n/a	157.7	153.3	n/a	123.9	164.8	1.4	128.0
383.089	0.408	fixation	n/a	127.3	162.8	744.0	n/a	n/a	n/a	n/a
383.499	0.04	saccade	n/a	129.3	165.0	n/a	322.4	136.2	7.72	284.0
383.541	0.086	fixation	n/a	324.2	130.4	726.0	n/a	n/a	n/a	n/a
383.629	0.018	saccade	n/a	331.3	125.8	n/a	371.6	108.8	1.76	143.0
383.649	0.222	fixation	n/a	368.6	117.9	713.0	n/a	n/a	n/a	n/a
383.873	0.014	saccade	n/a	370.6	121.6	n/a	347.1	104.9	1.17	109.0
383.889	0.386	fixation	n/a	350.2	109.5	696.0	n/a	n/a	n/a	n/a
384.277	0.044	saccade	n/a	351.7	106.8	n/a	154.6	140.8	7.94	279.0
384.323	0.18	fixation	n/a	139.7	141.9	673.0	n/a	n/a	n/a	n/a
384.505	0.014	saccade	n/a	143.0	143.1	n/a	119.0	153.3	1.02	97.0
384.521	0.244	fixation	n/a	124.4	152.8	662.0	n/a	n/a	n/a	n/a
384.767	0.054	saccade	n/a	127.8	153.7	n/a	221.7	161.5	3.7	215.0
384.823	0.17	fixation	n/a	215.9	158.1	669.0	n/a	n/a	n/a	n/a
384.995	0.012	saccade	n/a	219.3	160.6	n/a	194.2	163.1	1.0	98.0
385.009	0.23	fixation	n/a	196.9	161.2	658.0	n/a	n/a	n/a	n/a
385.241	0.024	saccade	n/a	201.5	163.2	n/a	278.9	160.5	3.08	197.0
385.267	0.246	fixation	n/a	277.9	166.5	661.0	n/a	n/a	n/a	n/a
385.515	0.018	saccade	n/a	279.6	169.3	n/a	324.9	163.5	1.83	139.0
385.535	0.362	fixation	n/a	318.7	167.3	653.0	n/a	n/a	n/a	n/a
385.899	0.022	saccade	n/a	322.9	169.1	n/a	268.0	168.7	2.2	162.0
385.923	0.202	fixation	n/a	265.7	164.4	634.0	n/a	n/a	n/a	n/a
386.127	0.03	saccade	n/a	268.4	162.3	n/a	405.6	169.7	5.52	271.0
386.159	0.578	fixation	n/a	409.0	167.8	632.0	n/a	n/a	n/a	n/a
386.739	0.028	saccade	n/a	411.4	172.7	n/a	495.6	165.8	3.39	208.0
386.769	0.298	fixation	n/a	493.8	173.4	664.0	n/a	n/a	n/a	n/a
387.069	0.024	saccade	n/a	496.1	171.2	n/a	558.5	165.6	2.5	181.0
387.095	0.192	fixation	n/a	548.1	172.0	656.0	n/a	n/a	n/a	n/a
387.178	0.0	trigger_11	11	n/a	n/a	n/a	n/a	n/a	n/a	n/a
387.182	0.0	trigger_10	10	n/a	n/a	n/a	n/a	n/a	n/a	n/a
387.289	0.074	saccade	n/a	548.4	172.6	n/a	133.7	217.2	16.39	406.0
387.365	0.262	fixation	n/a	123.4	218.6	664.0	n/a	n/a	n/a	n/a
387.629	0.028	saccade	n/a	130.1	218.1	n/a	231.9	220.7	3.99	220.0
387.659	0.268	fixation	n/a	234.4	225.8	675.0	n/a	n/a	n/a	n/a
387.929	0.024	saccade	n/a	240.3	225.2	n/a	175.0	226.3	2.58	168.0
387.955	0.406	fixation	n/a	175.7	224.2	677.0	n/a	n/a	n/a	n/a
388.363	0.032	saccade	n/a	183.8	226.7	n/a	316.3	223.4	5.25	256.0
388.397	0.35	fixation	n/a	319.6	226.0	699.0	n/a	n/a	n/a	n/a
388.749	0.032	saccade	n/a	329.0	229.1	n/a	289.0	158.3	3.29	177.0
388.783	0.216	fixation	n/a	284.9	165.8	704.0	n/a	n/a	n/a	n/a
389.001	0.036	saccade	n/a	291.2	172.2	n/a	170.7	98.8	5.62	276.0
389.039	0.408	fixation	n/a	163.5	100.7	701.0	n/a	n/a	n/a	n/a
389.449	0.022	saccade	n/a	169.4	104.3	n/a	113.8	99.8	2.18	186.0
389.473	0.216	fixation	n/a	110.8	98.4	723.0	n/a	n/a	n/a	n/a
389.691	0.024	saccade	n/a	112.7	99.1	n/a	194.4	89.3	3.22	210.0
389.717	0.33	fixation	n/a	207.9	100.3	712.0	n/a	n/a	n/a	n/a
390.049	0.018	saccade	n/a	213.5	102.3	n/a	260.3	93.5	1.89	148.0
390.069	0.216	fixation	n/a	259.9	104.7	712.0	n/a	n/a	n/a	n/a
390.287	0.052	saccade	n/a	261.3	104.5	n/a	351.2	116.3	3.64	210.0
390.341	0.358	fixation	n/a	341.4	103.1	710.0	n/a	n/a	n/a	n/a
390.701	0.04	saccade	n/a	341.9	100.5	n/a	255.3	99.4	3.46	221.0
390.743	0.278	fixation	n/a	244.2	103.8	693.0	n/a	n/a	n/a	n/a
391.023	0.026	saccade	n/a	249.6	106.4	n/a	171.4	99.8	3.1	200.0
391.051	0.344	fixation	n/a	166.9	94.7	680.0	n/a	n/a	n/a	n/a
391.397	0.016	saccade	n/a	170.4	93.0	n/a	211.0	87.6	1.61	131.0
391.415	0.436	fixation	n/a	210.0	92.0	676.0	n/a	n/a	n/a	n/a
391.853	0.04	saccade	n/a	216.0	89.6	n/a	141.0	81.3	2.97	170.0
391.895	0.278	fixation	n/a	128.6	86.2	679.0	n/a	n/a	n/a	n/a
392.175	0.022	saccade	n/a	131.2	89.3	n/a	202.1	81.3	2.8	192.0
392.199	0.178	fixation	n/a	221.2	96.8	691.0	n/a	n/a	n/a	n/a
392.379	0.06	saccade	n/a	227.4	98.3	n/a	338.3	97.3	4.43	225.0
392.441	0.286	fixation	n/a	335.1	95.1	681.0	n/a	n/a	n/a	n/a
392.729	0.048	saccade	n/a	339.0	93.1	n/a	442.6	101.8	4.18	238.0
392.779	0.216	fixation	n/a	435.8	93.0	652.0	n/a	n/a	n/a	n/a
392.997	0.014	saccade	n/a	437.1	97.3	n/a	409.1	98.7	1.13	106.0
393.013	0.208	fixation	n/a	411.7	98.4	636.0	n/a	n/a	n/a	n/a
393.223	0.032	saccade	n/a	414.7	96.8	n/a	309.5	99.8	4.24	227.0
393.257	0.03	fixation	n/a	307.0	94.9	632.0	n/a	n/a	n/a	n/a
393.289	0.01	saccade	n/a	304.1	108.6	n/a	306.9	102.1	0.29	79.0
393.301	0.294	fixation	n/a	309.0	95.9	625.0	n/a	n/a	n/a	n/a
393.597	0.034	saccade	n/a	317.6	100.2	n/a	450.3	96.3	5.34	232.0
393.633	0.294	fixation	n/a	452.9	100.5	652.0	n/a	n/a	n/a	n/a
393.929	0.026	saccade	n/a	457.4	103.8	n/a	535.3	97.6	3.13	212.0
393.957	0.332	fixation	n/a	524.8	104.5	668.0	n/a	n/a	n/a	n/a
394.164	0.0	trigger_11	11	n/a	n/a	n/a	n/a	n/a	n/a	n/a
394.172	0.0	trigger_10	10	n/a	n/a	n/a	n/a	n/a	n/a	n/a
394.291	0.018	saccade	n/a	527.8	101.9	n/a	486.9	104.4	1.64	145.0
394.311	0.25	fixation	n/a	491.5	103.1	663.0	n/a	n/a	n/a	n/a
394.563	0.05	saccade	n/a	497.1	100.5	n/a	598.0	112.5	4.05	230.0
394.615	0.268	fixation	n/a	589.8	99.6	635.0	n/a	n/a	n/a	n/a
394.885	0.042	saccade	n/a	593.6	100.8	n/a	641.9	109.6	1.93	160.0
394.929	0.332	fixation	n/a	640.7	100.5	618.0	n/a	n/a	n/a	n/a
395.263	0.016	saccade	n/a	640.5	98.9	n/a	623.4	100.6	0.68	91.0
395.281	0.396	fixation	n/a	628.8	101.2	622.0	n/a	n/a	n/a	n/a
395.679	0.134	saccade	n/a	642.1	110.4	n/a	207.4	81.5	17.15	907.0
395.713	0.07	blink	n/a	n/a	n/a	n/a	n/a	n/a	n/a	n/a
395.815	0.066	fixation	n/a	205.8	95.7	615.0	n/a	n/a	n/a	n/a
395.883	0.022	saccade	n/a	207.4	98.1	n/a	140.2	104.4	2.65	216.0
395.907	0.542	fixation	n/a	152.1	95.6	634.0	n/a	n/a	n/a	n/a
396.451	0.018	saccade	n/a	147.5	92.5	n/a	108.1	93.5	1.53	131.0
396.471	0.246	fixation	n/a	109.4	93.8	659.0	n/a	n/a	n/a	n/a
396.719	0.048	saccade	n/a	114.2	94.3	n/a	209.0	102.0	3.72	205.0
396.769	0.31	fixation	n/a	203.9	89.0	656.0	n/a	n/a	n/a	n/a
397.081	0.062	saccade	n/a	208.4	90.0	n/a	342.1	94.2	5.33	237.0
397.145	0.226	fixation	n/a	340.0	98.9	662.0	n/a	n/a	n/a	n/a
397.373	0.022	saccade	n/a	347.9	100.2	n/a	282.8	101.2	2.61	196.0
397.397	0.384	fixation	n/a	282.9	96.5	669.0	n/a	n/a	n/a	n/a
397.783	0.036	saccade	n/a	287.8	97.5	n/a	428.5	96.4	5.65	268.0
397.821	0.288	fixation	n/a	431.1	99.3	680.0	n/a	n/a	n/a	n/a
398.111	0.056	saccade	n/a	434.1	101.1	n/a	550.9	118.8	4.74	249.0
398.169	0.174	fixation	n/a	539.2	108.0	670.0	n/a	n/a	n/a	n/a
398.345	0.018	saccade	n/a	542.4	109.2	n/a	506.5	110.7	1.43	126.0
398.365	0.26	fixation	n/a	509.4	108.6	671.0	n/a	n/a	n/a	n/a
398.627	0.02	saccade	n/a	512.2	106.2	n/a	565.6	102.4	2.13	168.0
398.649	0.25	fixation	n/a	558.2	106.1	648.0	n/a	n/a	n/a	n/a
398.901	0.16	saccade	n/a	561.4	109.0	n/a	619.1	98.9	2.32	637.0
398.925	0.102	blink	n/a	n/a	n/a	n/a	n/a	n/a	n/a	n/a
399.063	0.272	fixation	n/a	588.7	116.4	622.0	n/a	n/a	n/a	n/a
399.337	0.012	saccade	n/a	583.7	116.8	n/a	563.3	113.0	0.83	79.0
399.351	0.206	fixation	n/a	565.4	116.8	641.0	n/a	n/a	n/a	n/a
399.559	0.084	saccade	n/a	566.0	118.2	n/a	139.5	162.6	16.85	418.0
399.645	0.148	fixation	n/a	155.6	163.7	655.0	n/a	n/a	n/a	n/a
399.795	0.018	saccade	n/a	158.3	160.2	n/a	119.9	167.8	1.53	135.0
399.815	0.424	fixation	n/a	120.4	166.4	671.0	n/a	n/a	n/a	n/a
400.241	0.024	saccade	n/a	128.9	166.1	n/a	202.4	154.5	2.92	184.0
400.267	0.25	fixation	n/a	206.9	159.4	681.0	n/a	n/a	n/a	n/a
400.519	0.022	saccade	n/a	212.6	160.9	n/a	178.2	156.0	1.37	132.0
400.543	0.276	fixation	n/a	182.9	159.1	669.0	n/a	n/a	n/a	n/a
400.821	0.046	saccade	n/a	189.0	162.5	n/a	266.8	184.4	3.21	218.0
400.869	0.33	fixation	n/a	261.8	175.0	708.0	n/a	n/a	n/a	n/a
401.201	0.028	saccade	n/a	267.1	179.3	n/a	196.8	184.1	2.79	160.0
401.231	0.234	fixation	n/a	197.5	183.0	751.0	n/a	n/a	n/a	n/a
401.467	0.142	saccade	n/a	202.8	184.7	n/a	300.7	164.8	3.98	610.0
401.495	0.072	blink	n/a	n/a	n/a	n/a	n/a	n/a	n/a	n/a
401.611	0.072	fixation	n/a	297.1	184.2	736.0	n/a	n/a	n/a	n/a
401.685	0.02	saccade	n/a	290.3	182.8	n/a	342.3	188.6	2.1	180.0
401.707	0.244	fixation	n/a	332.6	186.8	748.0	n/a	n/a	n/a	n/a
401.953	0.018	saccade	n/a	335.6	182.9	n/a	318.6	183.2	0.68	82.0
401.973	0.16	fixation	n/a	320.6	182.2	759.0	n/a	n/a	n/a	n/a
402.135	0.04	saccade	n/a	324.3	182.1	n/a	406.6	178.6	3.31	219.0
402.177	0.342	fixation	n/a	420.8	175.2	733.0	n/a	n/a	n/a	n/a
402.521	0.048	saccade	n/a	424.2	172.1	n/a	510.2	190.4	3.53	214.0
402.571	0.124	fixation	n/a	502.5	179.3	698.0	n/a	n/a	n/a	n/a
402.697	0.024	saccade	n/a	504.2	175.9	n/a	570.7	176.9	2.65	174.0
402.723	0.27	fixation	n/a	562.7	181.0	681.0	n/a	n/a	n/a	n/a
402.995	0.02	saccade	n/a	564.9	179.9	n/a	616.5	173.8	2.05	164.0
403.017	0.252	fixation	n/a	611.1	183.0	660.0	n/a	n/a	n/a	n/a
403.271	0.062	saccade	n/a	612.1	184.0	n/a	157.1	217.6	17.89	437.0
403.335	0.186	fixation	n/a	135.4	223.9	659.0	n/a	n/a	n/a	n/a
403.523	0.016	saccade	n/a	139.9	225.7	n/a	118.2	230.8	0.87	96.0
403.541	0.176	fixation	n/a	123.1	229.4	655.0	n/a	n/a	n/a	n/a
403.719	0.032	saccade	n/a	127.9	233.5	n/a	264.8	238.3	5.38	273.0
403.753	0.348	fixation	n/a	265.8	238.9	672.0	n/a	n/a	n/a	n/a
404.103	0.104	saccade	n/a	276.8	245.6	n/a	305.2	224.5	1.42	700.0
404.127	0.046	blink	n/a	n/a	n/a	n/a	n/a	n/a	n/a	n/a
404.209	0.274	fixation	n/a	291.9	245.2	662.0	n/a	n/a	n/a	n/a
404.485	0.018	saccade	n/a	288.6	249.6	n/a	334.8	245.2	1.85	160.0
404.505	0.36	fixation	n/a	328.7	249.9	677.0	n/a	n/a	n/a	n/a
404.867	0.03	saccade	n/a	331.2	247.2	n/a	435.8	238.6	4.21	220.0
404.899	0.372	fixation	n/a	430.8	243.8	688.0	n/a	n/a	n/a	n/a
405.273	0.018	saccade	n/a	432.9	246.8	n/a	412.6	250.2	0.83	98.0
405.293	0.172	fixation	n/a	412.6	246.6	692.0	n/a	n/a	n/a	n/a
405.467	0.01	saccade	n/a	409.8	242.7	n/a	393.2	241.8	0.67	73.0
405.479	0.466	fixation	n/a	397.4	243.2	674.0	n/a	n/a	n/a	n/a
405.947	0.034	saccade	n/a	398.8	239.9	n/a	493.6	240.4	3.8	172.0
405.983	0.218	fixation	n/a	486.2	239.8	638.0	n/a	n/a	n/a	n/a
406.203	0.02	saccade	n/a	489.3	239.3	n/a	539.4	232.0	2.02	160.0
406.225	0.398	fixation	n/a	535.9	237.6	619.0	n/a	n/a	n/a	n/a
406.625	0.026	saccade	n/a	538.4	241.8	n/a	603.3	239.0	2.57	158.0
406.653	0.362	fixation	n/a	592.9	242.7	610.0	n/a	n/a	n/a	n/a
407.017	0.016	saccade	n/a	596.0	240.6	n/a	631.8	237.6	1.41	128.0
407.035	0.236	fixation	n/a	622.2	244.1	615.0	n/a	n/a	n/a	n/a
407.273	0.188	saccade	n/a	630.2	256.3	n/a	609.9	254.3	0.8	743.0
407.293	0.08	blink	n/a	n/a	n/a	n/a	n/a	n/a	n/a	n/a
407.463	0.334	fixation	n/a	605.2	254.7	617.0	n/a	n/a	n/a	n/a
407.799	0.028	saccade	n/a	605.2	247.9	n/a	513.3	253.2	3.64	207.0
407.829	0.26	fixation	n/a	514.4	245.6	645.0	n/a	n/a	n/a	n/a
408.091	0.024	saccade	n/a	520.1	240.0	n/a	460.3	243.9	2.39	183.0
408.117	0.132	fixation	n/a	460.7	237.7	629.0	n/a	n/a	n/a	n/a
408.251	0.042	saccade	n/a	463.2	231.5	n/a	362.3	109.6	6.4	242.0
408.295	0.084	fixation	n/a	359.5	111.6	594.0	n/a	n/a	n/a	n/a
408.381	0.02	saccade	n/a	361.1	111.8	n/a	324.4	76.6	2.06	181.0
408.403	0.212	fixation	n/a	330.4	86.8	587.0	n/a	n/a	n/a	n/a
408.617	0.052	saccade	n/a	335.2	90.3	n/a	398.5	95.5	2.56	158.0
408.671	0.158	fixation	n/a	392.9	97.4	605.0	n/a	n/a	n/a	n/a
408.831	0.018	saccade	n/a	397.4	100.1	n/a	432.2	93.7	1.43	109.0
408.851	0.022	fixation	n/a	428.7	97.0	615.0	n/a	n/a	n/a	n/a
408.875	0.044	saccade	n/a	432.3	103.2	n/a	171.9	101.8	10.37	356.0
408.921	0.32	fixation	n/a	140.7	99.6	620.0	n/a	n/a	n/a	n/a
409.243	0.026	saccade	n/a	145.0	100.2	n/a	217.7	91.7	2.88	165.0
409.271	0.248	fixation	n/a	215.1	96.1	622.0	n/a	n/a	n/a	n/a
409.521	0.052	saccade	n/a	217.3	95.7	n/a	336.9	106.5	4.79	213.0
409.575	0.194	fixation	n/a	326.3	96.5	627.0	n/a	n/a	n/a	n/a
409.771	0.02	saccade	n/a	329.1	97.6	n/a	293.3	101.0	1.44	116.0
409.793	0.242	fixation	n/a	297.7	102.2	645.0	n/a	n/a	n/a	n/a
410.037	0.062	saccade	n/a	305.0	102.1	n/a	464.6	89.7	6.43	251.0
410.101	0.33	fixation	n/a	458.0	95.3	661.0	n/a	n/a	n/a	n/a
410.433	0.052	saccade	n/a	462.6	99.6	n/a	545.5	120.8	3.43	222.0
410.487	0.294	fixation	n/a	532.8	109.8	677.0	n/a	n/a	n/a	n/a
410.783	0.022	saccade	n/a	533.2	109.4	n/a	590.6	110.0	2.28	176.0
410.807	0.17	fixation	n/a	576.6	119.2	674.0	n/a	n/a	n/a	n/a
410.979	0.096	saccade	n/a	582.8	126.9	n/a	141.6	164.5	17.44	868.0
411.015	0.016	blink	n/a	n/a	n/a	n/a	n/a	n/a	n/a	n/a
411.077	0.192	fixation	n/a	144.7	172.4	665.0	n/a	n/a	n/a	n/a
411.271	0.018	saccade	n/a	152.0	172.1	n/a	110.7	165.6	1.62	132.0
411.291	0.33	fixation	n/a	111.2	163.5	656.0	n/a	n/a	n/a	n/a
411.623	0.026	saccade	n/a	114.6	160.8	n/a	200.5	152.8	3.38	202.0
411.651	0.452	fixation	n/a	213.9	159.5	641.0	n/a	n/a	n/a	n/a
412.105	0.028	saccade	n/a	215.5	161.3	n/a	307.2	167.0	3.67	219.0
412.135	0.302	fixation	n/a	312.7	172.5	626.0	n/a	n/a	n/a	n/a
412.439	0.014	saccade	n/a	318.6	178.2	n/a	347.1	168.6	1.21	101.0
412.455	0.152	fixation	n/a	341.9	172.9	621.0	n/a	n/a	n/a	n/a
412.609	0.028	saccade	n/a	342.4	174.8	n/a	432.4	171.0	3.62	211.0
412.639	0.27	fixation	n/a	427.4	177.3	622.0	n/a	n/a	n/a	n/a
412.911	0.01	saccade	n/a	429.7	176.6	n/a	408.5	177.9	0.85	94.0
412.923	0.172	fixation	n/a	412.4	176.8	614.0	n/a	n/a	n/a	n/a
413.097	0.034	saccade	n/a	417.6	174.0	n/a	539.7	172.3	4.89	229.0
413.133	0.292	fixation	n/a	534.7	172.2	591.0	n/a	n/a	n/a	n/a
413.427	0.026	saccade	n/a	537.3	171.4	n/a	610.1	162.8	2.9	192.0
413.455	0.266	fixation	n/a	600.9	172.4	594.0	n/a	n/a	n/a	n/a
413.723	0.066	saccade	n/a	601.5	175.5	n/a	142.6	211.5	18.05	385.0
413.791	0.348	fixation	n/a	129.3	218.7	604.0	n/a	n/a	n/a	n/a
414.141	0.034	saccade	n/a	133.1	219.4	n/a	264.9	225.6	5.18	234.0
414.177	0.312	fixation	n/a	271.3	231.0	618.0	n/a	n/a	n/a	n/a
414.491	0.012	saccade	n/a	276.0	229.7	n/a	251.5	230.6	0.97	95.0
414.505	0.22	fixation	n/a	254.7	233.1	620.0	n/a	n/a	n/a	n/a
414.556	0.0	trigger_11	11	n/a	n/a	n/a	n/a	n/a	n/a	n/a
414.56	0.0	trigger_10	10	n/a	n/a	n/a	n/a	n/a	n/a	n/a
414.727	0.026	saccade	n/a	256.0	230.3	n/a	333.4	220.5	3.12	199.0
414.755	0.312	fixation	n/a	332.8	230.0	624.0	n/a	n/a	n/a	n/a
415.069	0.12	saccade	n/a	338.5	233.6	n/a	378.9	223.8	1.67	553.0
415.095	0.058	blink	n/a	n/a	n/a	n/a	n/a	n/a	n/a	n/a
415.191	0.146	fixation	n/a	366.3	234.5	618.0	n/a	n/a	n/a	n/a
415.339	0.028	saccade	n/a	356.8	237.3	n/a	441.4	245.0	3.41	194.0
415.369	0.196	fixation	n/a	427.3	248.0	631.0	n/a	n/a	n/a	n/a
415.567	0.008	saccade	n/a	426.3	249.0	n/a	413.5	244.1	0.55	68.0
415.577	0.258	fixation	n/a	414.1	244.0	634.0	n/a	n/a	n/a	n/a
415.837	0.032	saccade	n/a	420.0	247.1	n/a	521.2	245.4	4.05	175.0
415.871	0.328	fixation	n/a	517.1	243.6	602.0	n/a	n/a	n/a	n/a
416.201	0.018	saccade	n/a	519.6	241.1	n/a	568.1	233.9	1.95	154.0
416.221	0.196	fixation	n/a	561.2	242.0	586.0	n/a	n/a	n/a	n/a
416.419	0.018	saccade	n/a	562.8	242.2	n/a	608.5	231.7	1.85	147.0
416.439	0.308	fixation	n/a	604.9	237.9	574.0	n/a	n/a	n/a	n/a
416.749	0.062	saccade	n/a	606.4	238.0	n/a	236.1	90.0	15.84	383.0
416.813	0.18	fixation	n/a	222.4	90.8	565.0	n/a	n/a	n/a	n/a
416.995	0.034	saccade	n/a	231.0	89.9	n/a	114.1	95.4	4.59	203.0
417.031	0.276	fixation	n/a	113.4	93.0	572.0	n/a	n/a	n/a	n/a
417.309	0.018	saccade	n/a	117.9	96.1	n/a	163.1	92.9	1.77	134.0
417.329	0.04	fixation	n/a	168.8	102.1	576.0	n/a	n/a	n/a	n/a
417.371	0.094	saccade	n/a	174.2	106.6	n/a	217.1	88.7	1.84	601.0
417.389	0.05	blink	n/a	n/a	n/a	n/a	n/a	n/a	n/a	n/a
417.467	0.332	fixation	n/a	203.3	94.7	596.0	n/a	n/a	n/a	n/a
417.801	0.02	saccade	n/a	199.0	96.5	n/a	249.2	94.3	1.99	143.0
417.823	0.232	fixation	n/a	247.1	102.2	627.0	n/a	n/a	n/a	n/a
418.057	0.088	saccade	n/a	260.1	108.8	n/a	341.4	96.2	3.29	861.0
418.077	0.04	blink	n/a	n/a	n/a	n/a	n/a	n/a	n/a	n/a
418.147	0.292	fixation	n/a	320.1	101.2	594.0	n/a	n/a	n/a	n/a
418.441	0.022	saccade	n/a	315.6	100.3	n/a	371.1	95.6	2.24	174.0
418.465	0.224	fixation	n/a	369.3	106.2	607.0	n/a	n/a	n/a	n/a
418.691	0.022	saccade	n/a	373.1	110.7	n/a	435.9	107.0	2.54	185.0
418.715	0.34	fixation	n/a	429.3	108.2	610.0	n/a	n/a	n/a	n/a
419.057	0.05	saccade	n/a	430.6	103.6	n/a	141.5	140.8	11.57	364.0
419.109	0.318	fixation	n/a	123.8	150.8	605.0	n/a	n/a	n/a	n/a
419.134	0.0	trigger_11	11	n/a	n/a	n/a	n/a	n/a	n/a	n/a
419.14	0.0	trigger_10	10	n/a	n/a	n/a	n/a	n/a	n/a	n/a
419.429	0.066	saccade	n/a	131.0	158.9	n/a	270.8	158.6	5.51	932.0
419.457	0.006	blink	n/a	n/a	n/a	n/a	n/a	n/a	n/a	n/a
419.497	0.426	fixation	n/a	263.6	175.7	643.0	n/a	n/a	n/a	n/a
419.925	0.02	saccade	n/a	268.2	179.2	n/a	317.2	172.4	1.98	163.0
419.947	0.278	fixation	n/a	312.0	174.8	661.0	n/a	n/a	n/a	n/a
420.227	0.01	saccade	n/a	317.1	174.0	n/a	336.6	170.6	0.8	90.0
420.239	0.242	fixation	n/a	333.1	169.7	629.0	n/a	n/a	n/a	n/a
420.483	0.038	saccade	n/a	336.2	165.9	n/a	240.3	120.5	4.26	242.0
420.523	0.31	fixation	n/a	230.1	130.9	609.0	n/a	n/a	n/a	n/a
420.835	0.032	saccade	n/a	232.8	129.0	n/a	120.7	99.0	4.56	227.0
420.869	0.512	fixation	n/a	122.3	100.5	615.0	n/a	n/a	n/a	n/a
421.383	0.11	saccade	n/a	130.9	110.6	n/a	170.3	81.9	1.92	689.0
421.409	0.054	blink	n/a	n/a	n/a	n/a	n/a	n/a	n/a	n/a
421.495	0.24	fixation	n/a	154.5	97.5	662.0	n/a	n/a	n/a	n/a
421.737	0.022	saccade	n/a	152.1	96.1	n/a	122.6	104.1	1.19	132.0
421.761	0.26	fixation	n/a	120.9	100.9	682.0	n/a	n/a	n/a	n/a
422.023	0.092	saccade	n/a	132.7	105.8	n/a	222.5	92.1	3.57	868.0
422.045	0.034	blink	n/a	n/a	n/a	n/a	n/a	n/a	n/a	n/a
422.117	0.356	fixation	n/a	223.8	109.5	685.0	n/a	n/a	n/a	n/a
422.475	0.02	saccade	n/a	224.7	111.6	n/a	289.2	105.4	2.58	233.0
422.497	0.022	fixation	n/a	288.5	110.8	694.0	n/a	n/a	n/a	n/a
422.521	0.004	saccade	n/a	295.9	126.8	n/a	298.3	126.9	0.1	43.0
422.527	0.352	fixation	n/a	289.2	110.5	665.0	n/a	n/a	n/a	n/a
422.881	0.026	saccade	n/a	292.3	105.8	n/a	377.9	97.5	3.45	218.0
422.909	0.61	fixation	n/a	381.8	104.4	619.0	n/a	n/a	n/a	n/a
423.521	0.056	saccade	n/a	381.1	103.3	n/a	488.7	109.0	4.34	260.0
423.579	0.392	fixation	n/a	482.5	108.9	631.0	n/a	n/a	n/a	n/a
423.973	0.03	saccade	n/a	496.1	121.4	n/a	468.4	121.1	1.11	115.0
424.005	0.234	fixation	n/a	473.0	116.9	631.0	n/a	n/a	n/a	n/a
424.241	0.072	saccade	n/a	474.9	119.2	n/a	550.9	96.0	3.18	231.0
424.315	0.242	fixation	n/a	556.6	111.3	637.0	n/a	n/a	n/a	n/a
424.559	0.032	saccade	n/a	559.0	113.9	n/a	520.2	111.0	1.55	166.0
424.593	0.386	fixation	n/a	513.9	109.3	646.0	n/a	n/a	n/a	n/a
424.981	0.06	saccade	n/a	515.8	108.7	n/a	144.0	129.9	14.72	368.0
425.043	0.326	fixation	n/a	134.4	141.4	652.0	n/a	n/a	n/a	n/a
425.371	0.008	saccade	n/a	138.5	145.7	n/a	152.0	155.4	0.65	79.0
425.381	0.114	fixation	n/a	148.0	160.2	680.0	n/a	n/a	n/a	n/a
425.497	0.02	saccade	n/a	147.5	161.2	n/a	100.7	170.2	1.85	154.0
425.519	0.288	fixation	n/a	103.8	167.7	688.0	n/a	n/a	n/a	n/a
425.809	0.01	saccade	n/a	108.9	167.3	n/a	124.9	160.6	0.67	70.0
425.821	0.604	fixation	n/a	120.1	159.4	671.0	n/a	n/a	n/a	n/a
426.427	0.098	saccade	n/a	129.7	160.7	n/a	173.7	140.7	1.9	829.0
426.447	0.046	blink	n/a	n/a	n/a	n/a	n/a	n/a	n/a	n/a
426.527	0.304	fixation	n/a	160.0	162.9	653.0	n/a	n/a	n/a	n/a
426.833	0.044	saccade	n/a	160.1	166.4	n/a	234.3	177.6	2.96	204.0
426.879	0.332	fixation	n/a	233.1	169.7	684.0	n/a	n/a	n/a	n/a
427.213	0.02	saccade	n/a	236.9	170.7	n/a	290.4	168.8	2.13	168.0
427.235	0.202	fixation	n/a	287.3	172.1	676.0	n/a	n/a	n/a	n/a
427.439	0.022	saccade	n/a	290.2	171.8	n/a	342.4	167.2	2.1	142.0
427.463	0.198	fixation	n/a	342.5	171.9	654.0	n/a	n/a	n/a	n/a
427.663	0.092	saccade	n/a	353.7	175.2	n/a	427.7	183.3	2.99	671.0
427.683	0.044	blink	n/a	n/a	n/a	n/a	n/a	n/a	n/a	n/a
427.757	0.444	fixation	n/a	403.4	186.4	644.0	n/a	n/a	n/a	n/a
428.203	0.032	saccade	n/a	395.3	188.7	n/a	516.2	184.0	4.85	218.0
428.237	0.262	fixation	n/a	508.5	185.8	666.0	n/a	n/a	n/a	n/a
428.501	0.022	saccade	n/a	514.9	178.5	n/a	458.3	183.9	2.28	173.0
428.525	0.268	fixation	n/a	468.0	183.4	650.0	n/a	n/a	n/a	n/a
428.795	0.036	saccade	n/a	474.6	179.6	n/a	623.0	178.7	5.89	230.0
428.833	0.248	fixation	n/a	612.3	179.9	613.0	n/a	n/a	n/a	n/a
429.083	0.018	saccade	n/a	614.8	180.6	n/a	574.6	183.8	1.59	135.0
429.103	0.312	fixation	n/a	577.2	184.3	626.0	n/a	n/a	n/a	n/a
429.417	0.138	saccade	n/a	590.3	192.8	n/a	642.4	233.2	2.61	948.0
429.443	0.068	blink	n/a	n/a	n/a	n/a	n/a	n/a	n/a	n/a
429.557	0.52	fixation	n/a	608.2	211.1	656.0	n/a	n/a	n/a	n/a
430.079	0.076	saccade	n/a	600.5	204.2	n/a	155.5	240.5	17.48	436.0
430.157	0.194	fixation	n/a	145.3	242.0	693.0	n/a	n/a	n/a	n/a
430.353	0.02	saccade	n/a	151.9	241.8	n/a	103.2	240.0	1.89	146.0
430.375	0.282	fixation	n/a	110.0	239.2	673.0	n/a	n/a	n/a	n/a
430.659	0.032	saccade	n/a	113.6	240.6	n/a	227.4	234.9	4.45	189.0
430.693	0.336	fixation	n/a	230.8	238.0	688.0	n/a	n/a	n/a	n/a
431.031	0.024	saccade	n/a	234.2	237.9	n/a	301.3	234.1	2.67	186.0
431.057	0.29	fixation	n/a	295.9	238.9	712.0	n/a	n/a	n/a	n/a
431.349	0.02	saccade	n/a	299.1	241.7	n/a	340.5	234.7	1.68	142.0
431.371	0.482	fixation	n/a	336.1	240.4	727.0	n/a	n/a	n/a	n/a
431.855	0.022	saccade	n/a	338.7	239.3	n/a	297.5	241.0	1.65	154.0
431.879	0.284	fixation	n/a	302.2	239.7	701.0	n/a	n/a	n/a	n/a
432.165	0.024	saccade	n/a	304.8	235.9	n/a	374.4	235.1	2.79	185.0
432.191	0.124	fixation	n/a	366.6	239.2	684.0	n/a	n/a	n/a	n/a
432.317	0.024	saccade	n/a	367.3	238.7	n/a	430.3	236.9	2.53	200.0
432.343	0.304	fixation	n/a	424.6	242.9	681.0	n/a	n/a	n/a	n/a
432.649	0.018	saccade	n/a	428.3	242.6	n/a	390.8	240.3	1.51	128.0
432.669	0.186	fixation	n/a	393.2	239.2	683.0	n/a	n/a	n/a	n/a
432.857	0.026	saccade	n/a	396.4	240.7	n/a	474.5	236.5	3.13	190.0
432.885	0.412	fixation	n/a	476.0	239.3	666.0	n/a	n/a	n/a	n/a
433.299	0.02	saccade	n/a	478.9	242.5	n/a	531.0	232.4	2.12	153.0
433.321	0.336	fixation	n/a	523.0	240.1	650.0	n/a	n/a	n/a	n/a
433.659	0.01	saccade	n/a	527.1	242.1	n/a	546.4	240.9	0.77	80.0
433.671	0.168	fixation	n/a	542.5	243.8	645.0	n/a	n/a	n/a	n/a
433.841	0.022	saccade	n/a	542.9	240.7	n/a	600.0	236.5	2.26	154.0
433.865	0.294	fixation	n/a	592.2	243.7	629.0	n/a	n/a	n/a	n/a
434.161	0.104	saccade	n/a	599.2	252.7	n/a	648.7	237.3	2.03	596.0
434.181	0.054	blink	n/a	n/a	n/a	n/a	n/a	n/a	n/a	n/a
434.267	0.302	fixation	n/a	619.9	249.0	618.0	n/a	n/a	n/a	n/a
434.571	0.064	saccade	n/a	615.2	245.6	n/a	183.7	290.9	16.98	370.0
434.637	0.148	fixation	n/a	166.9	291.3	658.0	n/a	n/a	n/a	n/a
434.787	0.02	saccade	n/a	171.6	290.9	n/a	123.0	300.6	1.92	162.0
434.809	0.268	fixation	n/a	127.3	296.7	652.0	n/a	n/a	n/a	n/a
435.079	0.03	saccade	n/a	134.5	298.2	n/a	253.4	294.8	4.65	228.0
435.111	0.334	fixation	n/a	251.6	296.9	663.0	n/a	n/a	n/a	n/a
435.447	0.028	saccade	n/a	255.4	296.6	n/a	360.3	289.9	4.18	249.0
435.477	0.286	fixation	n/a	354.0	291.4	665.0	n/a	n/a	n/a	n/a
435.765	0.022	saccade	n/a	358.7	291.9	n/a	307.5	296.0	2.05	165.0
435.789	0.278	fixation	n/a	309.4	293.6	670.0	n/a	n/a	n/a	n/a
436.069	0.518	saccade	n/a	317.5	295.9	n/a	413.7	311.2	3.88	692.0
436.099	0.474	blink	n/a	n/a	n/a	n/a	n/a	n/a	n/a	n/a
436.182	0.0	trigger_11	11	n/a	n/a	n/a	n/a	n/a	n/a	n/a
436.186	0.0	trigger_10	10	n/a	n/a	n/a	n/a	n/a	n/a	n/a
436.589	0.27	fixation	n/a	396.6	316.8	688.0	n/a	n/a	n/a	n/a
436.861	0.02	saccade	n/a	388.8	318.1	n/a	420.0	291.7	1.63	141.0
436.883	0.308	fixation	n/a	409.8	299.5	768.0	n/a	n/a	n/a	n/a
437.193	0.03	saccade	n/a	413.4	298.5	n/a	393.9	293.2	0.81	142.0
437.225	0.132	fixation	n/a	378.4	291.1	769.0	n/a	n/a	n/a	n/a
437.359	0.128	saccade	n/a	386.4	296.8	n/a	420.4	276.7	1.58	680.0
437.381	0.078	blink	n/a	n/a	n/a	n/a	n/a	n/a	n/a	n/a
437.489	0.344	fixation	n/a	404.1	289.6	717.0	n/a	n/a	n/a	n/a
437.835	0.022	saccade	n/a	404.1	290.0	n/a	362.8	284.9	1.66	174.0
437.859	0.502	fixation	n/a	374.6	285.3	723.0	n/a	n/a	n/a	n/a
438.363	0.108	saccade	n/a	386.0	284.1	n/a	160.6	64.4	12.58	621.0
438.393	0.056	blink	n/a	n/a	n/a	n/a	n/a	n/a	n/a	n/a
438.473	0.22	fixation	n/a	153.7	79.8	643.0	n/a	n/a	n/a	n/a
438.695	0.018	saccade	n/a	156.3	82.3	n/a	116.3	92.2	1.61	131.0
438.715	0.354	fixation	n/a	111.8	93.8	668.0	n/a	n/a	n/a	n/a
439.071	0.02	saccade	n/a	114.5	97.1	n/a	169.8	97.0	2.16	182.0
439.093	0.342	fixation	n/a	169.9	100.9	689.0	n/a	n/a	n/a	n/a
439.437	0.024	saccade	n/a	170.8	97.8	n/a	235.9	96.4	2.57	174.0
439.463	0.34	fixation	n/a	241.4	106.4	672.0	n/a	n/a	n/a	n/a
439.805	0.118	saccade	n/a	254.3	116.1	n/a	335.1	96.5	3.33	786.0
439.825	0.066	blink	n/a	n/a	n/a	n/a	n/a	n/a	n/a	n/a
439.925	0.248	fixation	n/a	324.1	120.8	668.0	n/a	n/a	n/a	n/a
440.175	0.02	saccade	n/a	320.4	123.7	n/a	374.7	120.7	2.19	173.0
440.197	0.234	fixation	n/a	368.3	127.2	695.0	n/a	n/a	n/a	n/a
440.433	0.02	saccade	n/a	369.0	125.2	n/a	414.1	113.2	1.88	153.0
440.455	0.158	fixation	n/a	404.5	114.7	683.0	n/a	n/a	n/a	n/a
440.615	0.026	saccade	n/a	405.3	114.7	n/a	490.5	112.0	3.43	226.0
440.643	0.25	fixation	n/a	482.7	118.2	664.0	n/a	n/a	n/a	n/a
440.895	0.03	saccade	n/a	483.8	121.6	n/a	374.2	126.4	4.41	279.0
440.927	0.25	fixation	n/a	373.7	119.7	668.0	n/a	n/a	n/a	n/a
441.179	0.016	saccade	n/a	379.4	119.1	n/a	348.2	117.4	1.26	116.0
441.197	0.302	fixation	n/a	352.4	119.1	681.0	n/a	n/a	n/a	n/a
441.501	0.048	saccade	n/a	356.0	119.3	n/a	421.5	128.8	2.67	176.0
441.551	0.288	fixation	n/a	413.5	121.5	707.0	n/a	n/a	n/a	n/a
441.841	0.022	saccade	n/a	417.4	126.6	n/a	476.7	116.2	2.42	184.0
441.865	0.48	fixation	n/a	473.1	125.8	725.0	n/a	n/a	n/a	n/a
442.347	0.036	saccade	n/a	477.7	123.3	n/a	418.0	124.8	2.4	191.0
442.385	0.224	fixation	n/a	408.3	126.3	725.0	n/a	n/a	n/a	n/a
442.611	0.018	saccade	n/a	413.2	124.8	n/a	380.4	123.5	1.32	119.0
442.631	0.24	fixation	n/a	384.3	125.9	728.0	n/a	n/a	n/a	n/a
442.873	0.012	saccade	n/a	384.1	131.4	n/a	405.2	125.5	0.88	89.0
442.887	0.234	fixation	n/a	400.3	123.0	704.0	n/a	n/a	n/a	n/a
443.123	0.03	saccade	n/a	403.0	115.6	n/a	487.0	116.1	3.38	184.0
443.155	0.234	fixation	n/a	477.4	113.9	645.0	n/a	n/a	n/a	n/a
443.391	0.006	saccade	n/a	480.1	113.9	n/a	468.4	116.0	0.48	69.0
443.399	0.198	fixation	n/a	465.6	113.0	628.0	n/a	n/a	n/a	n/a
443.599	0.032	saccade	n/a	466.7	112.7	n/a	578.4	94.8	4.52	237.0
443.633	0.344	fixation	n/a	572.0	104.9	597.0	n/a	n/a	n/a	n/a
443.979	0.062	saccade	n/a	574.5	109.3	n/a	134.2	149.9	17.38	401.0
444.043	0.336	fixation	n/a	112.5	159.7	616.0	n/a	n/a	n/a	n/a
444.381	0.112	saccade	n/a	119.5	166.5	n/a	134.8	164.6	0.6	678.0
444.401	0.048	blink	n/a	n/a	n/a	n/a	n/a	n/a	n/a	n/a
444.495	0.338	fixation	n/a	129.6	177.8	646.0	n/a	n/a	n/a	n/a
444.835	0.044	saccade	n/a	133.8	177.2	n/a	202.4	117.7	3.6	240.0
444.881	0.252	fixation	n/a	193.3	109.0	649.0	n/a	n/a	n/a	n/a
445.135	0.016	saccade	n/a	192.4	108.1	n/a	161.5	106.6	1.22	104.0
445.153	0.222	fixation	n/a	161.4	105.5	648.0	n/a	n/a	n/a	n/a
445.377	0.054	saccade	n/a	162.9	105.7	n/a	250.9	108.5	3.48	206.0
445.433	0.23	fixation	n/a	245.1	103.9	649.0	n/a	n/a	n/a	n/a
445.6	0.0	trigger_11	11	n/a	n/a	n/a	n/a	n/a	n/a	n/a
445.606	0.0	trigger_10	10	n/a	n/a	n/a	n/a	n/a	n/a	n/a
445.665	0.024	saccade	n/a	248.4	100.1	n/a	316.0	100.9	2.7	176.0
445.691	0.212	fixation	n/a	311.2	107.3	633.0	n/a	n/a	n/a	n/a
445.905	0.022	saccade	n/a	314.0	107.8	n/a	369.6	97.8	2.27	171.0
445.929	0.406	fixation	n/a	368.2	107.1	622.0	n/a	n/a	n/a	n/a
446.337	0.056	saccade	n/a	371.6	106.4	n/a	467.2	104.9	3.85	215.0
446.395	0.256	fixation	n/a	456.7	105.1	622.0	n/a	n/a	n/a	n/a
446.653	0.11	saccade	n/a	464.0	112.8	n/a	523.2	112.8	2.37	674.0
446.675	0.052	blink	n/a	n/a	n/a	n/a	n/a	n/a	n/a	n/a
446.765	0.106	fixation	n/a	512.4	121.8	625.0	n/a	n/a	n/a	n/a
446.873	0.024	saccade	n/a	506.9	123.9	n/a	570.4	124.6	2.53	172.0
446.899	0.13	fixation	n/a	559.8	123.9	623.0	n/a	n/a	n/a	n/a
447.031	0.02	saccade	n/a	560.5	124.0	n/a	610.8	109.0	2.08	170.0
447.053	0.156	fixation	n/a	595.7	118.2	619.0	n/a	n/a	n/a	n/a
447.211	0.068	saccade	n/a	596.3	117.3	n/a	150.0	154.9	17.6	449.0
447.281	0.196	fixation	n/a	132.0	163.1	623.0	n/a	n/a	n/a	n/a
447.479	0.016	saccade	n/a	135.5	160.7	n/a	114.3	155.2	0.85	98.0
447.497	0.318	fixation	n/a	117.0	157.7	608.0	n/a	n/a	n/a	n/a
447.817	0.024	saccade	n/a	121.5	155.8	n/a	115.8	90.6	2.63	192.0
447.843	0.438	fixation	n/a	116.1	97.9	620.0	n/a	n/a	n/a	n/a
448.283	0.022	saccade	n/a	119.8	99.6	n/a	182.9	92.8	2.48	166.0
448.307	0.408	fixation	n/a	178.9	100.3	642.0	n/a	n/a	n/a	n/a
448.717	0.046	saccade	n/a	178.8	102.5	n/a	246.4	120.5	2.78	165.0
448.765	0.25	fixation	n/a	239.7	105.8	652.0	n/a	n/a	n/a	n/a
449.017	0.018	saccade	n/a	245.1	105.7	n/a	222.6	104.6	0.9	96.0
449.037	0.366	fixation	n/a	227.2	104.5	645.0	n/a	n/a	n/a	n/a
449.405	0.102	saccade	n/a	236.8	107.5	n/a	253.7	80.6	1.28	874.0
449.429	0.042	blink	n/a	n/a	n/a	n/a	n/a	n/a	n/a	n/a
449.509	0.226	fixation	n/a	244.1	95.4	617.0	n/a	n/a	n/a	n/a
449.737	0.052	saccade	n/a	238.0	96.1	n/a	310.0	109.5	2.93	199.0
449.791	0.284	fixation	n/a	302.6	104.8	623.0	n/a	n/a	n/a	n/a
450.077	0.024	saccade	n/a	309.1	103.9	n/a	375.9	95.6	2.71	179.0
450.103	0.254	fixation	n/a	377.7	106.1	624.0	n/a	n/a	n/a	n/a
450.359	0.016	saccade	n/a	379.9	108.1	n/a	415.6	104.1	1.45	113.0
450.377	0.242	fixation	n/a	407.7	109.4	625.0	n/a	n/a	n/a	n/a
450.621	0.014	saccade	n/a	409.0	111.4	n/a	437.1	104.5	1.17	102.0
450.637	0.15	fixation	n/a	433.9	109.0	618.0	n/a	n/a	n/a	n/a
450.789	0.022	saccade	n/a	434.8	106.3	n/a	493.1	96.7	2.38	182.0
450.813	0.296	fixation	n/a	486.2	106.7	615.0	n/a	n/a	n/a	n/a
451.111	0.022	saccade	n/a	489.9	107.7	n/a	545.4	101.6	2.23	163.0
451.135	0.252	fixation	n/a	540.5	110.2	615.0	n/a	n/a	n/a	n/a
451.328	0.0	trigger_11	11	n/a	n/a	n/a	n/a	n/a	n/a	n/a
451.332	0.0	trigger_10	10	n/a	n/a	n/a	n/a	n/a	n/a	n/a
451.389	0.018	saccade	n/a	542.8	110.3	n/a	580.8	104.1	1.53	135.0
451.409	0.172	fixation	n/a	571.6	110.3	615.0	n/a	n/a	n/a	n/a
451.583	0.022	saccade	n/a	573.2	109.3	n/a	633.2	102.0	2.39	189.0
451.607	0.174	fixation	n/a	617.4	109.5	604.0	n/a	n/a	n/a	n/a
451.783	0.074	saccade	n/a	618.1	109.6	n/a	139.4	138.1	18.81	440.0
451.859	0.366	fixation	n/a	124.3	147.1	608.0	n/a	n/a	n/a	n/a
452.227	0.016	saccade	n/a	124.6	147.9	n/a	109.1	156.8	0.7	89.0
452.245	0.186	fixation	n/a	108.8	156.3	612.0	n/a	n/a	n/a	n/a
452.433	0.022	saccade	n/a	112.0	157.1	n/a	178.5	149.9	2.61	183.0
452.457	0.366	fixation	n/a	187.6	158.4	617.0	n/a	n/a	n/a	n/a
452.825	0.026	saccade	n/a	192.6	157.6	n/a	126.4	111.7	3.18	191.0
452.853	0.366	fixation	n/a	120.3	104.5	623.0	n/a	n/a	n/a	n/a
453.221	0.018	saccade	n/a	125.7	105.3	n/a	164.0	87.4	1.66	128.0
453.241	0.324	fixation	n/a	164.6	96.1	633.0	n/a	n/a	n/a	n/a
453.567	0.022	saccade	n/a	168.6	96.1	n/a	108.3	98.9	2.35	164.0
453.591	0.372	fixation	n/a	109.9	96.5	653.0	n/a	n/a	n/a	n/a
453.965	0.056	saccade	n/a	112.4	96.4	n/a	203.7	101.0	3.58	216.0
454.023	0.058	fixation	n/a	192.0	92.2	674.0	n/a	n/a	n/a	n/a
454.083	0.048	saccade	n/a	193.8	95.4	n/a	252.3	116.8	2.48	186.0
454.133	0.19	fixation	n/a	246.1	107.7	701.0	n/a	n/a	n/a	n/a
454.325	0.03	saccade	n/a	248.6	109.5	n/a	221.4	107.5	1.08	139.0
454.357	0.512	fixation	n/a	216.0	111.1	727.0	n/a	n/a	n/a	n/a
454.871	0.02	saccade	n/a	219.4	115.5	n/a	266.6	106.4	1.92	158.0
454.893	0.234	fixation	n/a	256.1	116.1	755.0	n/a	n/a	n/a	n/a
455.129	0.016	saccade	n/a	255.9	115.2	n/a	236.7	113.3	0.77	95.0
455.147	0.23	fixation	n/a	240.8	117.6	769.0	n/a	n/a	n/a	n/a
455.379	0.134	saccade	n/a	248.2	123.9	n/a	267.7	119.9	0.8	856.0
455.399	0.068	blink	n/a	n/a	n/a	n/a	n/a	n/a	n/a	n/a
455.515	0.344	fixation	n/a	262.1	123.2	736.0	n/a	n/a	n/a	n/a
455.861	0.054	saccade	n/a	259.0	122.9	n/a	370.1	130.8	4.46	249.0
455.917	0.184	fixation	n/a	360.0	119.4	706.0	n/a	n/a	n/a	n/a
456.103	0.146	saccade	n/a	366.5	120.1	n/a	339.2	117.2	1.1	664.0
456.123	0.084	blink	n/a	n/a	n/a	n/a	n/a	n/a	n/a	n/a
456.251	0.438	fixation	n/a	326.5	118.2	680.0	n/a	n/a	n/a	n/a
456.691	0.022	saccade	n/a	328.5	118.5	n/a	382.4	109.6	2.2	173.0
456.715	0.312	fixation	n/a	382.3	112.4	683.0	n/a	n/a	n/a	n/a
457.029	0.012	saccade	n/a	382.7	108.1	n/a	362.4	115.9	0.88	89.0
457.043	0.244	fixation	n/a	367.7	114.5	661.0	n/a	n/a	n/a	n/a
457.289	0.056	saccade	n/a	370.1	115.9	n/a	468.5	113.0	3.96	224.0
457.347	0.396	fixation	n/a	461.2	111.2	638.0	n/a	n/a	n/a	n/a
457.745	0.046	saccade	n/a	462.4	111.3	n/a	541.8	118.9	3.19	204.0
457.793	0.274	fixation	n/a	536.1	108.9	614.0	n/a	n/a	n/a	n/a
458.069	0.014	saccade	n/a	537.6	105.3	n/a	509.6	107.6	1.12	99.0
458.085	0.216	fixation	n/a	512.9	104.9	595.0	n/a	n/a	n/a	n/a
458.303	0.016	saccade	n/a	516.3	103.3	n/a	554.6	101.4	1.53	134.0
458.321	0.174	fixation	n/a	554.1	105.4	588.0	n/a	n/a	n/a	n/a
458.497	0.072	saccade	n/a	553.5	107.6	n/a	149.7	151.1	16.03	395.0
458.571	0.174	fixation	n/a	135.9	156.5	610.0	n/a	n/a	n/a	n/a
458.747	0.018	saccade	n/a	143.1	157.5	n/a	104.6	156.3	1.5	128.0
458.767	0.338	fixation	n/a	107.7	154.8	632.0	n/a	n/a	n/a	n/a
459.107	0.008	saccade	n/a	110.2	153.2	n/a	126.3	150.1	0.64	76.0
459.117	0.192	fixation	n/a	126.7	153.4	635.0	n/a	n/a	n/a	n/a
459.311	0.13	saccade	n/a	129.5	155.6	n/a	175.6	148.2	1.83	479.0
459.335	0.06	blink	n/a	n/a	n/a	n/a	n/a	n/a	n/a	n/a
459.443	0.23	fixation	n/a	164.6	159.7	624.0	n/a	n/a	n/a	n/a
459.675	0.026	saccade	n/a	165.2	159.1	n/a	218.7	92.0	3.44	212.0
459.703	0.372	fixation	n/a	226.8	100.5	619.0	n/a	n/a	n/a	n/a
460.077	0.032	saccade	n/a	232.2	101.4	n/a	110.2	98.9	4.79	230.0
460.111	0.294	fixation	n/a	106.5	91.8	627.0	n/a	n/a	n/a	n/a
460.256	0.0	trigger_11	11	n/a	n/a	n/a	n/a	n/a	n/a	n/a
460.262	0.0	trigger_10	10	n/a	n/a	n/a	n/a	n/a	n/a	n/a
460.407	0.022	saccade	n/a	111.2	92.8	n/a	181.3	84.3	2.76	190.0
460.431	0.254	fixation	n/a	188.2	90.9	625.0	n/a	n/a	n/a	n/a
460.687	0.022	saccade	n/a	190.1	92.6	n/a	245.7	85.7	2.22	157.0
460.711	0.314	fixation	n/a	244.1	92.9	621.0	n/a	n/a	n/a	n/a
461.027	0.028	saccade	n/a	245.4	93.0	n/a	326.4	90.9	3.24	166.0
461.057	0.296	fixation	n/a	322.1	97.9	612.0	n/a	n/a	n/a	n/a
461.355	0.018	saccade	n/a	329.3	98.2	n/a	374.0	94.8	1.8	141.0
461.375	0.158	fixation	n/a	373.3	101.8	599.0	n/a	n/a	n/a	n/a
461.535	0.02	saccade	n/a	373.5	99.6	n/a	421.1	91.6	1.95	147.0
461.557	0.312	fixation	n/a	417.2	100.1	585.0	n/a	n/a	n/a	n/a
461.871	0.062	saccade	n/a	422.2	104.3	n/a	512.6	91.1	3.67	217.0
461.935	0.194	fixation	n/a	509.3	100.9	582.0	n/a	n/a	n/a	n/a
462.131	0.044	saccade	n/a	511.2	106.6	n/a	565.1	125.0	2.27	174.0
462.177	0.084	fixation	n/a	558.6	114.9	582.0	n/a	n/a	n/a	n/a
462.263	0.064	saccade	n/a	558.6	117.6	n/a	175.2	148.7	15.24	423.0
462.329	0.214	fixation	n/a	163.1	164.7	611.0	n/a	n/a	n/a	n/a
462.545	0.03	saccade	n/a	175.1	167.4	n/a	142.6	84.8	3.56	223.0
462.577	0.236	fixation	n/a	141.4	91.3	610.0	n/a	n/a	n/a	n/a
462.815	0.018	saccade	n/a	145.3	92.2	n/a	115.3	100.0	1.21	110.0
462.835	0.164	fixation	n/a	117.3	96.7	629.0	n/a	n/a	n/a	n/a
463.001	0.062	saccade	n/a	120.6	98.7	n/a	244.7	101.9	4.88	244.0
463.065	0.234	fixation	n/a	236.8	96.2	633.0	n/a	n/a	n/a	n/a
463.301	0.022	saccade	n/a	240.1	94.5	n/a	190.3	100.2	1.99	165.0
463.325	0.29	fixation	n/a	191.8	97.4	635.0	n/a	n/a	n/a	n/a
463.617	0.034	saccade	n/a	196.1	96.3	n/a	312.6	98.5	4.64	206.0
463.653	0.064	fixation	n/a	311.0	100.3	632.0	n/a	n/a	n/a	n/a
463.719	0.068	saccade	n/a	309.3	100.3	n/a	385.1	91.9	3.07	224.0
463.789	0.29	fixation	n/a	393.6	106.7	643.0	n/a	n/a	n/a	n/a
464.081	0.044	saccade	n/a	397.5	113.2	n/a	284.2	102.7	4.57	255.0
464.127	0.022	fixation	n/a	269.5	104.6	671.0	n/a	n/a	n/a	n/a
464.151	0.006	saccade	n/a	271.3	122.1	n/a	278.1	123.0	0.27	65.0
464.159	0.35	fixation	n/a	276.6	115.9	709.0	n/a	n/a	n/a	n/a
464.511	0.042	saccade	n/a	281.0	117.5	n/a	367.3	120.2	3.47	250.0
464.555	0.286	fixation	n/a	375.8	118.0	746.0	n/a	n/a	n/a	n/a
464.843	0.028	saccade	n/a	377.9	109.2	n/a	361.5	111.4	0.67	122.0
464.873	0.186	fixation	n/a	353.2	112.2	731.0	n/a	n/a	n/a	n/a
465.061	0.06	saccade	n/a	355.7	114.0	n/a	490.3	125.0	5.44	274.0
465.123	0.216	fixation	n/a	476.8	118.2	745.0	n/a	n/a	n/a	n/a
465.341	0.018	saccade	n/a	482.0	124.2	n/a	464.8	126.1	0.7	82.0
465.361	0.09	fixation	n/a	466.7	120.5	758.0	n/a	n/a	n/a	n/a
465.453	0.056	saccade	n/a	468.4	120.4	n/a	567.5	134.6	4.0	240.0
465.511	0.3	fixation	n/a	556.3	121.9	740.0	n/a	n/a	n/a	n/a
465.813	0.066	saccade	n/a	561.2	119.6	n/a	168.8	136.4	15.52	398.0
465.881	0.144	fixation	n/a	152.2	145.8	717.0	n/a	n/a	n/a	n/a
466.027	0.018	saccade	n/a	160.5	145.1	n/a	118.5	160.4	1.75	150.0
466.047	0.386	fixation	n/a	121.3	159.6	706.0	n/a	n/a	n/a	n/a
466.435	0.028	saccade	n/a	127.0	165.9	n/a	217.0	157.5	3.55	201.0
466.465	0.33	fixation	n/a	221.4	163.5	709.0	n/a	n/a	n/a	n/a
466.797	0.018	saccade	n/a	226.0	166.2	n/a	265.6	164.3	1.58	132.0
466.817	0.186	fixation	n/a	263.6	171.5	716.0	n/a	n/a	n/a	n/a
467.005	0.018	saccade	n/a	265.2	173.3	n/a	310.4	169.7	1.81	154.0
467.025	0.206	fixation	n/a	306.3	173.7	705.0	n/a	n/a	n/a	n/a
467.233	0.028	saccade	n/a	307.8	171.5	n/a	235.6	177.8	2.89	167.0
467.263	0.178	fixation	n/a	236.4	171.1	684.0	n/a	n/a	n/a	n/a
467.443	0.096	saccade	n/a	248.0	181.8	n/a	318.7	167.9	2.88	970.0
467.465	0.034	blink	n/a	n/a	n/a	n/a	n/a	n/a	n/a	n/a
467.541	0.174	fixation	n/a	308.9	177.1	675.0	n/a	n/a	n/a	n/a
467.717	0.02	saccade	n/a	305.3	176.1	n/a	354.3	178.6	1.97	164.0
467.739	0.22	fixation	n/a	344.3	182.3	673.0	n/a	n/a	n/a	n/a
467.961	0.022	saccade	n/a	345.5	182.9	n/a	404.4	176.2	2.39	174.0
467.985	0.284	fixation	n/a	395.5	179.6	648.0	n/a	n/a	n/a	n/a
468.271	0.05	saccade	n/a	398.0	177.9	n/a	514.6	184.7	4.69	241.0
468.323	0.328	fixation	n/a	507.7	176.7	663.0	n/a	n/a	n/a	n/a
468.653	0.038	saccade	n/a	511.3	183.1	n/a	568.1	186.7	2.27	206.0
468.693	0.242	fixation	n/a	572.4	190.1	723.0	n/a	n/a	n/a	n/a
468.937	0.026	saccade	n/a	575.5	192.5	n/a	636.1	185.1	2.41	181.0
468.965	0.2	fixation	n/a	624.3	187.5	735.0	n/a	n/a	n/a	n/a
469.167	0.092	saccade	n/a	625.8	191.4	n/a	238.6	240.4	15.4	438.0
469.261	0.382	fixation	n/a	247.0	233.7	813.0	n/a	n/a	n/a	n/a
469.645	0.066	saccade	n/a	253.5	237.7	n/a	96.7	275.1	6.29	269.0
469.713	0.138	fixation	n/a	112.4	264.7	871.0	n/a	n/a	n/a	n/a
469.853	0.018	saccade	n/a	118.0	262.9	n/a	141.0	245.2	1.14	115.0
469.873	0.194	fixation	n/a	140.3	253.2	875.0	n/a	n/a	n/a	n/a
470.069	0.022	saccade	n/a	146.7	252.8	n/a	211.2	232.8	2.65	196.0
470.093	0.188	fixation	n/a	202.7	240.7	869.0	n/a	n/a	n/a	n/a
470.258	0.0	trigger_11	11	n/a	n/a	n/a	n/a	n/a	n/a	n/a
470.26	0.0	trigger_10	10	n/a	n/a	n/a	n/a	n/a	n/a	n/a
470.283	0.064	saccade	n/a	201.0	240.8	n/a	378.8	236.5	7.07	329.0
470.349	0.218	fixation	n/a	367.7	233.1	851.0	n/a	n/a	n/a	n/a
470.569	0.022	saccade	n/a	374.3	232.0	n/a	318.7	234.1	2.23	176.0
470.593	0.384	fixation	n/a	320.2	231.0	808.0	n/a	n/a	n/a	n/a
470.979	0.028	saccade	n/a	326.1	230.4	n/a	414.4	232.1	3.54	207.0
471.009	0.338	fixation	n/a	410.5	236.3	805.0	n/a	n/a	n/a	n/a
471.349	0.008	saccade	n/a	414.7	237.2	n/a	401.2	235.3	0.55	64.0
471.359	0.338	fixation	n/a	405.8	235.1	813.0	n/a	n/a	n/a	n/a
471.699	0.024	saccade	n/a	410.8	234.4	n/a	340.4	205.2	3.07	203.0
471.725	0.298	fixation	n/a	328.3	200.5	795.0	n/a	n/a	n/a	n/a
472.025	0.016	saccade	n/a	340.0	198.9	n/a	322.4	193.1	0.75	89.0
472.043	0.106	fixation	n/a	323.9	196.0	786.0	n/a	n/a	n/a	n/a
472.151	0.078	saccade	n/a	330.1	201.9	n/a	355.0	193.1	1.06	675.0
472.231	0.262	fixation	n/a	343.3	190.6	774.0	n/a	n/a	n/a	n/a
472.495	0.094	saccade	n/a	340.5	191.9	n/a	135.1	94.0	9.03	304.0
472.591	0.132	fixation	n/a	149.1	108.7	742.0	n/a	n/a	n/a	n/a
472.725	0.018	saccade	n/a	152.9	105.9	n/a	115.7	104.1	1.45	143.0
472.745	0.378	fixation	n/a	120.0	99.3	740.0	n/a	n/a	n/a	n/a
473.125	0.06	saccade	n/a	129.0	103.5	n/a	238.8	112.6	4.34	219.0
473.187	0.27	fixation	n/a	236.6	111.4	771.0	n/a	n/a	n/a	n/a
473.459	0.008	saccade	n/a	236.3	112.4	n/a	220.3	113.1	0.64	76.0
473.469	0.358	fixation	n/a	222.3	111.3	761.0	n/a	n/a	n/a	n/a
473.829	0.072	saccade	n/a	229.6	109.5	n/a	112.4	108.0	4.6	242.0
473.903	0.378	fixation	n/a	109.0	94.9	719.0	n/a	n/a	n/a	n/a
474.283	0.02	saccade	n/a	110.6	95.5	n/a	165.8	85.9	2.19	165.0
474.305	0.23	fixation	n/a	168.3	96.3	721.0	n/a	n/a	n/a	n/a
474.537	0.054	saccade	n/a	169.3	98.4	n/a	231.1	101.8	2.44	178.0
474.593	0.174	fixation	n/a	227.2	101.3	712.0	n/a	n/a	n/a	n/a
474.769	0.016	saccade	n/a	231.4	105.0	n/a	202.5	103.4	1.15	110.0
474.787	0.332	fixation	n/a	206.2	104.2	701.0	n/a	n/a	n/a	n/a
475.121	0.02	saccade	n/a	212.1	108.8	n/a	261.5	106.0	1.97	141.0
475.143	0.168	fixation	n/a	258.3	114.5	700.0	n/a	n/a	n/a	n/a
475.313	0.022	saccade	n/a	261.8	116.3	n/a	317.9	102.3	2.32	144.0
475.337	0.238	fixation	n/a	313.7	108.8	680.0	n/a	n/a	n/a	n/a
475.577	0.024	saccade	n/a	319.1	108.1	n/a	389.8	103.6	2.85	169.0
475.603	0.056	fixation	n/a	391.7	105.3	659.0	n/a	n/a	n/a	n/a
475.661	0.108	saccade	n/a	394.9	114.2	n/a	418.4	111.3	0.95	640.0
475.679	0.06	blink	n/a	n/a	n/a	n/a	n/a	n/a	n/a	n/a
475.771	0.252	fixation	n/a	407.0	123.2	647.0	n/a	n/a	n/a	n/a
476.025	0.024	saccade	n/a	403.3	124.6	n/a	474.4	110.9	2.92	206.0
476.051	0.292	fixation	n/a	463.6	119.7	657.0	n/a	n/a	n/a	n/a
476.345	0.046	saccade	n/a	463.4	117.9	n/a	546.3	122.4	3.32	197.0
476.393	0.346	fixation	n/a	541.5	114.2	623.0	n/a	n/a	n/a	n/a
476.741	0.054	saccade	n/a	544.2	111.7	n/a	189.2	154.2	14.16	381.0
476.797	0.162	fixation	n/a	168.8	157.8	641.0	n/a	n/a	n/a	n/a
476.961	0.022	saccade	n/a	175.1	160.0	n/a	116.5	166.7	2.3	161.0
476.985	0.358	fixation	n/a	118.2	166.4	658.0	n/a	n/a	n/a	n/a
477.345	0.048	saccade	n/a	125.7	171.3	n/a	235.4	182.6	4.33	237.0
477.395	0.356	fixation	n/a	231.6	168.8	696.0	n/a	n/a	n/a	n/a
477.442	0.0	trigger_11	11	n/a	n/a	n/a	n/a	n/a	n/a	n/a
477.446	0.0	trigger_10	10	n/a	n/a	n/a	n/a	n/a	n/a	n/a
477.753	0.02	saccade	n/a	234.3	169.7	n/a	286.9	163.2	2.11	169.0
477.775	0.332	fixation	n/a	285.1	171.3	684.0	n/a	n/a	n/a	n/a
478.109	0.02	saccade	n/a	287.7	168.0	n/a	239.2	176.3	1.96	144.0
478.131	0.184	fixation	n/a	242.1	172.3	657.0	n/a	n/a	n/a	n/a
478.317	0.018	saccade	n/a	245.4	171.4	n/a	199.8	166.7	1.82	144.0
478.337	0.32	fixation	n/a	200.4	163.0	639.0	n/a	n/a	n/a	n/a
478.659	0.106	saccade	n/a	205.1	167.9	n/a	304.0	172.3	3.94	940.0
478.687	0.038	blink	n/a	n/a	n/a	n/a	n/a	n/a	n/a	n/a
478.767	0.2	fixation	n/a	295.5	174.2	645.0	n/a	n/a	n/a	n/a
478.969	0.008	saccade	n/a	294.7	176.5	n/a	281.7	177.0	0.52	66.0
478.979	0.12	fixation	n/a	281.9	176.9	650.0	n/a	n/a	n/a	n/a
479.101	0.066	saccade	n/a	281.7	173.3	n/a	613.7	116.6	13.37	354.0
479.169	0.162	fixation	n/a	606.8	135.4	633.0	n/a	n/a	n/a	n/a
479.333	0.042	saccade	n/a	614.0	139.2	n/a	519.9	98.2	4.09	235.0
479.377	0.02	fixation	n/a	507.0	102.1	628.0	n/a	n/a	n/a	n/a
479.399	0.004	saccade	n/a	508.4	115.6	n/a	512.4	115.8	0.16	50.0
479.405	0.252	fixation	n/a	518.3	105.6	621.0	n/a	n/a	n/a	n/a
479.659	0.06	saccade	n/a	520.6	110.1	n/a	173.6	88.0	13.8	417.0
479.721	0.178	fixation	n/a	159.9	98.8	637.0	n/a	n/a	n/a	n/a
479.901	0.022	saccade	n/a	169.3	99.0	n/a	113.5	98.3	2.18	173.0
479.925	0.298	fixation	n/a	115.5	95.6	646.0	n/a	n/a	n/a	n/a
480.225	0.028	saccade	n/a	116.7	96.8	n/a	211.9	86.8	3.76	212.0
480.255	0.222	fixation	n/a	215.4	95.0	644.0	n/a	n/a	n/a	n/a
480.479	0.044	saccade	n/a	217.3	95.4	n/a	281.3	113.3	2.65	191.0
480.525	0.184	fixation	n/a	275.7	105.8	646.0	n/a	n/a	n/a	n/a
480.711	0.032	saccade	n/a	277.7	109.8	n/a	390.3	105.5	4.53	236.0
480.745	0.294	fixation	n/a	389.1	109.0	635.0	n/a	n/a	n/a	n/a
481.041	0.02	saccade	n/a	394.5	107.7	n/a	350.3	105.9	1.78	135.0
481.063	0.132	fixation	n/a	353.2	106.5	623.0	n/a	n/a	n/a	n/a
481.197	0.064	saccade	n/a	354.7	107.6	n/a	516.2	106.0	6.49	292.0
481.263	0.206	fixation	n/a	507.3	108.7	618.0	n/a	n/a	n/a	n/a
481.471	0.066	saccade	n/a	511.0	110.7	n/a	149.4	152.8	14.39	385.0
481.539	0.504	fixation	n/a	134.4	161.6	645.0	n/a	n/a	n/a	n/a
482.045	0.09	saccade	n/a	138.8	164.7	n/a	507.0	126.7	14.61	967.0
482.093	0.016	blink	n/a	n/a	n/a	n/a	n/a	n/a	n/a	n/a
482.137	0.282	fixation	n/a	496.7	125.6	647.0	n/a	n/a	n/a	n/a
482.421	0.012	saccade	n/a	500.7	128.7	n/a	487.9	115.5	0.74	77.0
482.435	0.226	fixation	n/a	487.0	118.1	646.0	n/a	n/a	n/a	n/a
482.562	0.0	trigger_11	11	n/a	n/a	n/a	n/a	n/a	n/a	n/a
482.566	0.0	trigger_10	10	n/a	n/a	n/a	n/a	n/a	n/a	n/a
482.663	0.016	saccade	n/a	485.9	118.5	n/a	474.9	113.2	0.49	65.0
482.681	0.38	fixation	n/a	475.2	113.7	628.0	n/a	n/a	n/a	n/a
483.063	0.026	saccade	n/a	482.2	108.9	n/a	396.9	101.5	3.45	225.0
483.091	0.46	fixation	n/a	400.2	100.1	611.0	n/a	n/a	n/a	n/a
483.553	0.054	saccade	n/a	403.2	101.7	n/a	501.4	113.6	3.98	224.0
483.609	0.348	fixation	n/a	495.7	108.6	610.0	n/a	n/a	n/a	n/a
483.959	0.058	saccade	n/a	500.0	108.2	n/a	144.2	156.2	14.22	336.0
484.019	0.38	fixation	n/a	129.6	165.8	607.0	n/a	n/a	n/a	n/a
484.401	0.012	saccade	n/a	137.0	165.9	n/a	162.1	153.3	1.1	106.0
484.415	0.37	fixation	n/a	166.3	156.7	614.0	n/a	n/a	n/a	n/a
484.787	0.024	saccade	n/a	170.7	155.8	n/a	130.3	103.7	2.62	171.0
484.813	0.196	fixation	n/a	126.8	105.4	621.0	n/a	n/a	n/a	n/a
485.011	0.014	saccade	n/a	128.1	106.6	n/a	113.2	104.5	0.58	73.0
485.027	0.208	fixation	n/a	116.3	104.3	629.0	n/a	n/a	n/a	n/a
485.237	0.026	saccade	n/a	117.5	104.4	n/a	200.3	96.1	3.26	204.0
485.265	0.172	fixation	n/a	204.0	101.6	629.0	n/a	n/a	n/a	n/a
485.439	0.108	saccade	n/a	214.0	107.7	n/a	248.5	86.8	1.61	650.0
485.457	0.06	blink	n/a	n/a	n/a	n/a	n/a	n/a	n/a	n/a
485.549	0.338	fixation	n/a	234.9	104.5	621.0	n/a	n/a	n/a	n/a
485.889	0.02	saccade	n/a	227.7	102.3	n/a	285.4	103.2	2.3	180.0
485.911	0.21	fixation	n/a	285.1	111.3	636.0	n/a	n/a	n/a	n/a
486.123	0.022	saccade	n/a	285.4	108.0	n/a	346.4	106.3	2.45	174.0
486.147	0.366	fixation	n/a	340.9	107.4	615.0	n/a	n/a	n/a	n/a
486.515	0.016	saccade	n/a	345.0	104.8	n/a	310.9	105.0	1.37	120.0
486.533	0.388	fixation	n/a	312.7	104.0	598.0	n/a	n/a	n/a	n/a
486.923	0.058	saccade	n/a	314.5	103.2	n/a	412.3	103.6	3.94	187.0
486.983	0.152	fixation	n/a	406.5	101.5	589.0	n/a	n/a	n/a	n/a
487.137	0.052	saccade	n/a	409.9	102.6	n/a	473.1	110.3	2.56	189.0
487.191	0.224	fixation	n/a	465.7	110.2	591.0	n/a	n/a	n/a	n/a
487.417	0.024	saccade	n/a	466.5	111.3	n/a	520.8	103.4	2.2	148.0
487.443	0.254	fixation	n/a	513.9	108.9	585.0	n/a	n/a	n/a	n/a
487.699	0.058	saccade	n/a	516.2	104.2	n/a	134.6	143.3	15.14	366.0
487.759	0.364	fixation	n/a	131.0	154.8	595.0	n/a	n/a	n/a	n/a
488.125	0.022	saccade	n/a	135.9	155.3	n/a	199.9	155.0	2.51	178.0
488.149	0.342	fixation	n/a	204.9	168.3	627.0	n/a	n/a	n/a	n/a
488.493	0.024	saccade	n/a	206.0	170.4	n/a	273.9	170.6	2.7	187.0
488.519	0.308	fixation	n/a	270.2	175.4	651.0	n/a	n/a	n/a	n/a
488.829	0.048	saccade	n/a	271.6	174.6	n/a	355.7	189.0	3.42	216.0
488.879	0.184	fixation	n/a	347.0	177.8	645.0	n/a	n/a	n/a	n/a
488.906	0.0	trigger_11	11	n/a	n/a	n/a	n/a	n/a	n/a	n/a
488.912	0.0	trigger_10	10	n/a	n/a	n/a	n/a	n/a	n/a	n/a
489.065	0.026	saccade	n/a	347.4	175.7	n/a	433.5	177.6	3.46	207.0
489.093	0.16	fixation	n/a	425.9	185.2	642.0	n/a	n/a	n/a	n/a
489.255	0.114	saccade	n/a	432.1	192.1	n/a	511.4	184.7	3.19	703.0
489.277	0.06	blink	n/a	n/a	n/a	n/a	n/a	n/a	n/a	n/a
489.371	0.308	fixation	n/a	489.0	184.6	628.0	n/a	n/a	n/a	n/a
489.681	0.044	saccade	n/a	488.9	184.9	n/a	587.3	195.3	3.94	256.0
489.727	0.216	fixation	n/a	589.2	183.5	635.0	n/a	n/a	n/a	n/a
489.945	0.006	saccade	n/a	590.6	180.4	n/a	582.7	183.1	0.33	52.0
489.953	0.622	fixation	n/a	582.9	181.2	614.0	n/a	n/a	n/a	n/a
490.577	0.042	saccade	n/a	586.7	180.9	n/a	402.4	188.4	7.35	275.0
490.621	0.198	fixation	n/a	400.2	184.6	616.0	n/a	n/a	n/a	n/a
490.821	0.044	saccade	n/a	407.8	187.9	n/a	203.3	102.2	8.86	296.0
490.867	0.256	fixation	n/a	199.7	104.3	594.0	n/a	n/a	n/a	n/a
491.125	0.026	saccade	n/a	206.4	103.6	n/a	117.1	102.4	3.5	211.0
491.153	0.382	fixation	n/a	114.8	100.8	613.0	n/a	n/a	n/a	n/a
491.537	0.026	saccade	n/a	117.9	99.2	n/a	199.6	87.1	3.23	182.0
491.565	0.484	fixation	n/a	204.7	98.7	628.0	n/a	n/a	n/a	n/a
492.051	0.02	saccade	n/a	208.5	99.1	n/a	256.6	92.7	1.93	146.0
492.073	0.262	fixation	n/a	254.4	98.2	619.0	n/a	n/a	n/a	n/a
492.337	0.012	saccade	n/a	256.6	98.0	n/a	279.5	97.0	0.92	89.0
492.351	0.196	fixation	n/a	277.7	102.2	613.0	n/a	n/a	n/a	n/a
492.549	0.094	saccade	n/a	284.0	108.0	n/a	314.7	97.1	1.31	747.0
492.575	0.036	blink	n/a	n/a	n/a	n/a	n/a	n/a	n/a	n/a
492.645	0.252	fixation	n/a	306.0	107.7	603.0	n/a	n/a	n/a	n/a
492.899	0.02	saccade	n/a	302.7	106.3	n/a	351.1	103.7	1.95	151.0
492.921	0.26	fixation	n/a	343.9	109.9	611.0	n/a	n/a	n/a	n/a
493.183	0.014	saccade	n/a	345.9	109.1	n/a	374.1	104.4	1.15	101.0
493.199	0.22	fixation	n/a	370.5	109.2	609.0	n/a	n/a	n/a	n/a
493.421	0.03	saccade	n/a	372.2	107.9	n/a	461.5	101.5	3.6	193.0
493.453	0.33	fixation	n/a	456.5	108.2	592.0	n/a	n/a	n/a	n/a
493.785	0.052	saccade	n/a	459.7	111.2	n/a	524.4	116.3	2.6	186.0
493.839	0.32	fixation	n/a	517.7	116.1	610.0	n/a	n/a	n/a	n/a
494.161	0.028	saccade	n/a	522.5	121.3	n/a	588.3	103.5	2.71	156.0
494.191	0.116	fixation	n/a	579.1	112.3	604.0	n/a	n/a	n/a	n/a
494.309	0.066	saccade	n/a	579.8	111.8	n/a	171.8	167.1	16.25	409.0
494.377	0.196	fixation	n/a	156.1	170.3	621.0	n/a	n/a	n/a	n/a
494.575	0.018	saccade	n/a	163.4	168.1	n/a	127.3	162.3	1.43	119.0
494.595	0.216	fixation	n/a	130.5	166.1	616.0	n/a	n/a	n/a	n/a
494.813	0.028	saccade	n/a	134.0	170.4	n/a	229.9	168.8	3.77	231.0
494.843	0.282	fixation	n/a	231.9	173.4	650.0	n/a	n/a	n/a	n/a
495.127	0.024	saccade	n/a	235.1	176.8	n/a	299.5	174.8	2.57	179.0
495.153	0.28	fixation	n/a	292.1	182.8	669.0	n/a	n/a	n/a	n/a
495.435	0.03	saccade	n/a	295.0	183.0	n/a	388.3	186.2	3.74	210.0
495.467	0.196	fixation	n/a	384.0	189.5	651.0	n/a	n/a	n/a	n/a
495.665	0.022	saccade	n/a	389.1	188.1	n/a	454.8	180.7	2.66	205.0
495.689	0.266	fixation	n/a	445.8	181.6	627.0	n/a	n/a	n/a	n/a
495.957	0.012	saccade	n/a	444.4	180.1	n/a	419.0	182.1	1.02	97.0
495.971	0.48	fixation	n/a	421.4	184.0	623.0	n/a	n/a	n/a	n/a
496.22	0.0	trigger_11	11	n/a	n/a	n/a	n/a	n/a	n/a	n/a
496.226	0.0	trigger_10	10	n/a	n/a	n/a	n/a	n/a	n/a	n/a
496.453	0.022	saccade	n/a	426.7	186.3	n/a	479.3	179.4	2.13	146.0
496.477	0.054	fixation	n/a	475.8	184.3	610.0	n/a	n/a	n/a	n/a
496.533	0.094	saccade	n/a	479.4	190.1	n/a	508.5	198.7	1.22	578.0
496.551	0.046	blink	n/a	n/a	n/a	n/a	n/a	n/a	n/a	n/a
496.629	0.314	fixation	n/a	489.1	200.2	613.0	n/a	n/a	n/a	n/a
496.945	0.022	saccade	n/a	489.3	193.7	n/a	430.4	195.0	2.36	179.0
496.969	0.394	fixation	n/a	432.3	189.7	615.0	n/a	n/a	n/a	n/a
497.365	0.018	saccade	n/a	435.3	189.5	n/a	476.3	184.0	1.66	139.0
497.385	0.276	fixation	n/a	478.8	187.7	589.0	n/a	n/a	n/a	n/a
497.663	0.06	saccade	n/a	483.1	185.0	n/a	126.2	82.6	14.7	380.0
497.725	0.286	fixation	n/a	121.0	87.2	574.0	n/a	n/a	n/a	n/a
498.013	0.016	saccade	n/a	126.8	86.9	n/a	163.2	87.7	1.42	123.0
498.031	0.188	fixation	n/a	167.1	93.7	582.0	n/a	n/a	n/a	n/a
498.221	0.016	saccade	n/a	167.6	95.8	n/a	201.2	96.4	1.32	124.0
498.239	0.306	fixation	n/a	203.3	102.6	593.0	n/a	n/a	n/a	n/a
498.547	0.028	saccade	n/a	206.8	105.2	n/a	125.7	116.9	3.22	185.0
498.577	0.2	fixation	n/a	125.5	114.5	604.0	n/a	n/a	n/a	n/a
498.779	0.014	saccade	n/a	131.1	113.4	n/a	151.7	100.8	0.95	87.0
498.795	0.184	fixation	n/a	149.5	107.5	602.0	n/a	n/a	n/a	n/a
498.981	0.02	saccade	n/a	151.2	108.3	n/a	204.1	98.4	2.12	165.0
499.003	0.434	fixation	n/a	206.7	105.5	598.0	n/a	n/a	n/a	n/a
499.439	0.028	saccade	n/a	208.6	109.2	n/a	142.3	113.2	2.61	157.0
499.469	0.338	fixation	n/a	145.8	112.1	637.0	n/a	n/a	n/a	n/a
499.809	0.024	saccade	n/a	157.2	113.7	n/a	145.9	105.5	0.55	102.0
499.835	0.43	fixation	n/a	141.1	107.4	649.0	n/a	n/a	n/a	n/a
500.267	0.06	saccade	n/a	140.2	106.8	n/a	246.7	117.3	4.22	211.0
500.329	0.33	fixation	n/a	242.7	109.4	663.0	n/a	n/a	n/a	n/a
500.661	0.026	saccade	n/a	247.3	110.4	n/a	321.2	112.8	2.96	176.0
500.689	0.17	fixation	n/a	323.4	122.9	647.0	n/a	n/a	n/a	n/a
500.861	0.118	saccade	n/a	329.1	129.8	n/a	397.4	126.2	2.75	609.0
500.887	0.058	blink	n/a	n/a	n/a	n/a	n/a	n/a	n/a	n/a
500.981	0.322	fixation	n/a	393.6	132.2	626.0	n/a	n/a	n/a	n/a
501.305	0.018	saccade	n/a	394.4	130.7	n/a	360.6	130.6	1.36	125.0
501.325	0.344	fixation	n/a	363.1	121.4	616.0	n/a	n/a	n/a	n/a
501.671	0.032	saccade	n/a	367.4	116.0	n/a	467.1	112.9	4.01	187.0
501.705	0.19	fixation	n/a	463.5	111.7	590.0	n/a	n/a	n/a	n/a
501.897	0.024	saccade	n/a	466.5	112.1	n/a	525.4	106.3	2.37	154.0
501.923	0.24	fixation	n/a	521.6	107.9	578.0	n/a	n/a	n/a	n/a
502.165	0.044	saccade	n/a	524.9	108.4	n/a	607.5	108.4	3.28	229.0
502.211	0.326	fixation	n/a	609.1	100.8	555.0	n/a	n/a	n/a	n/a
502.539	0.072	saccade	n/a	615.3	102.5	n/a	159.1	148.3	18.02	369.0
502.613	0.156	fixation	n/a	156.2	152.4	572.0	n/a	n/a	n/a	n/a
502.771	0.02	saccade	n/a	163.2	152.1	n/a	125.3	163.7	1.55	125.0
502.793	0.48	fixation	n/a	132.2	162.5	579.0	n/a	n/a	n/a	n/a
503.275	0.018	saccade	n/a	139.6	163.3	n/a	189.3	156.6	1.96	157.0
503.295	0.09	fixation	n/a	196.9	163.5	589.0	n/a	n/a	n/a	n/a
503.387	0.022	saccade	n/a	197.3	165.8	n/a	261.4	173.6	2.56	172.0
503.411	0.262	fixation	n/a	257.0	177.4	596.0	n/a	n/a	n/a	n/a
503.675	0.014	saccade	n/a	258.6	179.2	n/a	234.2	171.8	1.02	104.0
503.691	0.18	fixation	n/a	236.2	172.0	594.0	n/a	n/a	n/a	n/a
503.873	0.048	saccade	n/a	236.3	171.0	n/a	335.0	182.9	3.97	217.0
503.923	0.212	fixation	n/a	328.5	177.3	607.0	n/a	n/a	n/a	n/a
503.98	0.0	trigger_11	11	n/a	n/a	n/a	n/a	n/a	n/a	n/a
503.986	0.0	trigger_10	10	n/a	n/a	n/a	n/a	n/a	n/a	n/a
504.137	0.016	saccade	n/a	333.1	179.5	n/a	313.8	185.9	0.82	92.0
504.155	0.256	fixation	n/a	318.0	182.2	615.0	n/a	n/a	n/a	n/a
504.413	0.136	saccade	n/a	320.3	184.4	n/a	354.7	171.7	1.48	629.0
504.445	0.066	blink	n/a	n/a	n/a	n/a	n/a	n/a	n/a	n/a
504.551	0.218	fixation	n/a	344.5	188.0	597.0	n/a	n/a	n/a	n/a
504.771	0.25	saccade	n/a	344.2	189.0	n/a	630.6	120.2	11.7	632.0
504.811	0.178	blink	n/a	n/a	n/a	n/a	n/a	n/a	n/a	n/a
505.023	0.248	fixation	n/a	607.8	127.8	557.0	n/a	n/a	n/a	n/a
505.273	0.01	saccade	n/a	604.0	128.4	n/a	622.3	123.0	0.75	79.0
505.285	0.298	fixation	n/a	613.1	124.8	585.0	n/a	n/a	n/a	n/a
505.585	0.032	saccade	n/a	620.8	120.4	n/a	512.7	136.4	4.34	242.0
505.619	0.204	fixation	n/a	517.9	128.3	573.0	n/a	n/a	n/a	n/a
505.825	0.054	saccade	n/a	530.6	130.5	n/a	191.0	154.5	13.51	387.0
505.881	0.346	fixation	n/a	185.6	166.8	578.0	n/a	n/a	n/a	n/a
506.229	0.094	saccade	n/a	203.3	179.1	n/a	138.6	95.1	4.23	715.0
506.261	0.038	blink	n/a	n/a	n/a	n/a	n/a	n/a	n/a	n/a
506.325	0.23	fixation	n/a	128.2	114.9	609.0	n/a	n/a	n/a	n/a
506.557	0.016	saccade	n/a	124.5	116.4	n/a	158.5	105.2	1.4	131.0
506.575	0.304	fixation	n/a	154.0	112.0	645.0	n/a	n/a	n/a	n/a
506.881	0.022	saccade	n/a	154.9	108.5	n/a	208.8	97.1	2.17	152.0
506.905	0.278	fixation	n/a	208.2	103.9	616.0	n/a	n/a	n/a	n/a
507.185	0.022	saccade	n/a	211.2	104.2	n/a	265.4	99.6	2.17	162.0
507.209	0.368	fixation	n/a	265.4	108.6	606.0	n/a	n/a	n/a	n/a
507.579	0.02	saccade	n/a	270.5	110.7	n/a	321.6	108.6	2.05	140.0
507.601	0.208	fixation	n/a	315.7	119.2	632.0	n/a	n/a	n/a	n/a
507.811	0.074	saccade	n/a	318.8	122.5	n/a	213.3	127.0	4.22	237.0
507.887	0.254	fixation	n/a	209.6	116.5	659.0	n/a	n/a	n/a	n/a
508.143	0.098	saccade	n/a	216.9	127.9	n/a	307.9	130.6	3.63	873.0
508.171	0.028	blink	n/a	n/a	n/a	n/a	n/a	n/a	n/a	n/a
508.243	0.35	fixation	n/a	293.1	132.6	683.0	n/a	n/a	n/a	n/a
508.595	0.018	saccade	n/a	291.0	135.4	n/a	271.5	132.4	0.79	97.0
508.615	0.13	fixation	n/a	268.8	129.9	688.0	n/a	n/a	n/a	n/a
508.747	0.064	saccade	n/a	271.7	129.2	n/a	407.0	129.3	5.43	292.0
508.813	0.39	fixation	n/a	404.7	122.6	656.0	n/a	n/a	n/a	n/a
509.205	0.02	saccade	n/a	411.3	124.0	n/a	472.5	118.6	2.47	197.0
509.227	0.274	fixation	n/a	475.6	127.8	642.0	n/a	n/a	n/a	n/a
509.503	0.048	saccade	n/a	475.4	126.6	n/a	562.4	135.6	3.5	228.0
509.553	0.278	fixation	n/a	557.5	123.6	624.0	n/a	n/a	n/a	n/a
509.833	0.018	saccade	n/a	558.1	122.3	n/a	519.3	123.9	1.55	134.0
509.853	0.156	fixation	n/a	519.4	122.4	620.0	n/a	n/a	n/a	n/a
510.011	0.024	saccade	n/a	521.8	121.3	n/a	593.3	125.1	2.85	187.0
510.037	0.39	fixation	n/a	584.7	127.5	598.0	n/a	n/a	n/a	n/a
510.429	0.07	saccade	n/a	588.2	124.9	n/a	148.6	161.6	17.34	368.0
510.501	0.204	fixation	n/a	137.5	164.2	604.0	n/a	n/a	n/a	n/a
510.707	0.016	saccade	n/a	142.7	164.3	n/a	112.9	170.1	1.18	105.0
510.725	0.21	fixation	n/a	113.8	167.7	601.0	n/a	n/a	n/a	n/a
510.937	0.012	saccade	n/a	120.0	172.8	n/a	143.7	167.5	0.95	94.0
510.951	0.196	fixation	n/a	147.0	175.7	619.0	n/a	n/a	n/a	n/a
511.149	0.018	saccade	n/a	149.1	175.0	n/a	197.5	167.8	1.92	166.0
511.169	0.276	fixation	n/a	199.6	174.3	621.0	n/a	n/a	n/a	n/a
511.447	0.016	saccade	n/a	201.4	175.5	n/a	239.3	172.8	1.5	119.0
511.465	0.336	fixation	n/a	241.0	179.2	616.0	n/a	n/a	n/a	n/a
511.803	0.108	saccade	n/a	252.1	187.9	n/a	346.4	166.7	3.87	636.0
511.827	0.054	blink	n/a	n/a	n/a	n/a	n/a	n/a	n/a	n/a
511.913	0.474	fixation	n/a	341.9	182.2	604.0	n/a	n/a	n/a	n/a
512.389	0.02	saccade	n/a	340.6	178.9	n/a	388.3	173.8	1.93	140.0
512.411	0.328	fixation	n/a	381.9	181.1	602.0	n/a	n/a	n/a	n/a
512.741	0.016	saccade	n/a	386.2	183.2	n/a	353.3	182.9	1.32	119.0
512.759	0.258	fixation	n/a	350.1	180.6	591.0	n/a	n/a	n/a	n/a
513.019	0.024	saccade	n/a	354.6	180.1	n/a	424.7	170.9	2.85	192.0
513.045	0.174	fixation	n/a	422.7	172.4	585.0	n/a	n/a	n/a	n/a
513.148	0.0	trigger_11	11	n/a	n/a	n/a	n/a	n/a	n/a	n/a
513.152	0.0	trigger_12	12	n/a	n/a	n/a	n/a	n/a	n/a	n/a
513.221	0.028	saccade	n/a	425.0	169.0	n/a	329.9	136.3	4.05	260.0
513.251	0.212	fixation	n/a	317.9	127.0	572.0	n/a	n/a	n/a	n/a
513.465	0.022	saccade	n/a	321.6	126.4	n/a	270.7	117.5	2.07	172.0
513.489	0.266	fixation	n/a	271.9	113.9	584.0	n/a	n/a	n/a	n/a
513.757	0.016	saccade	n/a	277.9	118.1	n/a	246.5	120.0	1.26	115.0
513.775	0.11	fixation	n/a	248.5	117.4	601.0	n/a	n/a	n/a	n/a
513.887	0.12	saccade	n/a	254.9	120.2	n/a	305.7	172.3	2.94	826.0
513.909	0.054	blink	n/a	n/a	n/a	n/a	n/a	n/a	n/a	n/a
514.009	0.23	fixation	n/a	295.2	173.0	624.0	n/a	n/a	n/a	n/a
514.241	0.062	saccade	n/a	293.9	168.9	n/a	401.7	174.1	4.33	223.0
514.305	0.356	fixation	n/a	401.2	181.7	648.0	n/a	n/a	n/a	n/a
514.663	0.022	saccade	n/a	407.6	181.4	n/a	354.4	183.6	2.14	165.0
514.687	0.238	fixation	n/a	355.1	181.7	650.0	n/a	n/a	n/a	n/a
514.927	0.02	saccade	n/a	357.1	177.3	n/a	409.0	180.9	2.09	153.0
514.949	0.196	fixation	n/a	405.0	182.6	633.0	n/a	n/a	n/a	n/a
515.147	0.044	saccade	n/a	411.4	182.7	n/a	255.0	111.8	6.89	282.0
515.193	0.022	fixation	n/a	244.2	116.0	603.0	n/a	n/a	n/a	n/a
515.217	0.01	saccade	n/a	242.5	127.2	n/a	242.8	117.0	0.41	78.0
515.229	0.136	fixation	n/a	240.9	111.4	602.0	n/a	n/a	n/a	n/a
515.367	0.03	saccade	n/a	248.2	115.1	n/a	143.9	106.0	4.13	220.0
515.399	0.176	fixation	n/a	137.8	101.1	603.0	n/a	n/a	n/a	n/a
515.577	0.016	saccade	n/a	143.8	100.6	n/a	115.2	101.6	1.11	104.0
515.595	0.26	fixation	n/a	120.3	101.7	618.0	n/a	n/a	n/a	n/a
515.857	0.054	saccade	n/a	122.3	103.4	n/a	213.6	111.3	3.59	192.0
515.913	0.426	fixation	n/a	211.7	106.3	624.0	n/a	n/a	n/a	n/a
516.341	0.02	saccade	n/a	222.4	113.8	n/a	274.4	102.7	2.12	155.0
516.363	0.072	fixation	n/a	276.9	111.9	625.0	n/a	n/a	n/a	n/a
516.437	0.026	saccade	n/a	277.3	115.5	n/a	343.4	113.7	2.65	168.0
516.465	0.204	fixation	n/a	338.0	117.1	616.0	n/a	n/a	n/a	n/a
516.671	0.02	saccade	n/a	344.9	117.3	n/a	318.5	115.2	1.06	109.0
516.693	0.174	fixation	n/a	322.7	115.4	605.0	n/a	n/a	n/a	n/a
516.869	0.122	saccade	n/a	327.7	117.4	n/a	453.9	116.4	5.07	686.0
516.899	0.064	blink	n/a	n/a	n/a	n/a	n/a	n/a	n/a	n/a
516.993	0.318	fixation	n/a	433.4	128.8	608.0	n/a	n/a	n/a	n/a
517.313	0.022	saccade	n/a	426.8	130.1	n/a	482.0	122.2	2.24	171.0
517.337	0.38	fixation	n/a	474.2	129.9	602.0	n/a	n/a	n/a	n/a
517.719	0.006	saccade	n/a	473.5	123.0	n/a	463.1	125.6	0.43	62.0
517.727	0.25	fixation	n/a	466.3	121.1	580.0	n/a	n/a	n/a	n/a
517.979	0.024	saccade	n/a	469.8	120.6	n/a	529.1	109.5	2.42	162.0
518.005	0.228	fixation	n/a	524.4	114.3	568.0	n/a	n/a	n/a	n/a
518.235	0.044	saccade	n/a	527.1	114.0	n/a	579.0	122.7	2.1	166.0
518.281	0.466	fixation	n/a	576.4	113.9	572.0	n/a	n/a	n/a	n/a
518.678	0.0	trigger_13	13	n/a	n/a	n/a	n/a	n/a	n/a	n/a
518.749	0.062	saccade	n/a	579.0	119.0	n/a	143.6	160.4	17.22	398.0
518.813	0.46	fixation	n/a	137.5	171.3	620.0	n/a	n/a	n/a	n/a
519.275	0.016	saccade	n/a	137.7	168.2	n/a	177.0	160.8	1.57	134.0
519.293	0.314	fixation	n/a	172.5	165.7	615.0	n/a	n/a	n/a	n/a
519.609	0.02	saccade	n/a	172.0	163.0	n/a	123.4	172.4	1.93	138.0
519.631	0.378	fixation	n/a	123.5	170.6	597.0	n/a	n/a	n/a	n/a
520.011	0.02	saccade	n/a	128.7	171.0	n/a	183.3	160.2	2.18	177.0
520.033	0.476	fixation	n/a	184.0	167.8	598.0	n/a	n/a	n/a	n/a
520.511	0.022	saccade	n/a	187.6	164.2	n/a	144.4	118.3	2.51	165.0
520.535	0.45	fixation	n/a	142.7	108.9	585.0	n/a	n/a	n/a	n/a
520.987	0.012	saccade	n/a	146.7	108.9	n/a	136.9	104.6	0.42	54.0
521.001	0.092	fixation	n/a	139.2	106.2	585.0	n/a	n/a	n/a	n/a
521.095	0.024	saccade	n/a	138.5	108.1	n/a	201.7	94.4	2.54	179.0
521.121	0.2	fixation	n/a	200.2	103.1	584.0	n/a	n/a	n/a	n/a
521.302	0.0	trigger_15	15	n/a	n/a	n/a	n/a	n/a	n/a	n/a
521.308	0.0	trigger_10	10	n/a	n/a	n/a	n/a	n/a	n/a	n/a
521.323	0.052	saccade	n/a	202.2	102.8	n/a	267.4	109.0	2.6	184.0
521.377	0.472	fixation	n/a	263.5	110.8	605.0	n/a	n/a	n/a	n/a
521.851	0.05	saccade	n/a	267.2	120.3	n/a	164.3	176.4	4.67	253.0
521.903	0.316	fixation	n/a	153.4	180.1	673.0	n/a	n/a	n/a	n/a
522.221	0.034	saccade	n/a	157.6	181.9	n/a	170.5	235.5	2.21	189.0
522.257	0.172	fixation	n/a	150.8	247.6	702.0	n/a	n/a	n/a	n/a
522.431	0.03	saccade	n/a	151.2	248.7	n/a	163.5	291.9	1.78	191.0
522.463	0.386	fixation	n/a	147.7	305.2	708.0	n/a	n/a	n/a	n/a
522.851	0.032	saccade	n/a	152.7	306.5	n/a	157.5	341.3	1.38	145.0
522.885	0.272	fixation	n/a	144.0	353.6	697.0	n/a	n/a	n/a	n/a
523.159	0.066	saccade	n/a	146.8	355.8	n/a	288.7	338.5	5.57	339.0
523.227	0.262	fixation	n/a	285.1	351.5	661.0	n/a	n/a	n/a	n/a
523.491	0.044	saccade	n/a	293.8	350.0	n/a	179.9	164.4	8.67	333.0
523.537	0.07	fixation	n/a	168.1	170.2	633.0	n/a	n/a	n/a	n/a
523.609	0.038	saccade	n/a	171.0	175.0	n/a	143.3	118.3	2.53	250.0
523.649	0.24	fixation	n/a	142.6	106.7	645.0	n/a	n/a	n/a	n/a
523.891	0.02	saccade	n/a	150.2	104.9	n/a	116.0	104.6	1.33	124.0
523.913	0.26	fixation	n/a	119.5	106.9	677.0	n/a	n/a	n/a	n/a
524.175	0.07	saccade	n/a	120.7	110.2	n/a	248.2	121.8	5.03	284.0
524.247	0.164	fixation	n/a	246.3	122.7	726.0	n/a	n/a	n/a	n/a
524.413	0.022	saccade	n/a	248.6	122.8	n/a	221.3	117.8	1.1	129.0
524.437	0.202	fixation	n/a	226.5	122.8	745.0	n/a	n/a	n/a	n/a
524.641	0.064	saccade	n/a	233.1	126.9	n/a	322.3	137.7	3.59	240.0
524.707	0.226	fixation	n/a	309.3	129.5	763.0	n/a	n/a	n/a	n/a
524.935	0.016	saccade	n/a	309.5	128.2	n/a	288.3	128.3	0.85	84.0
524.953	0.178	fixation	n/a	294.2	128.7	759.0	n/a	n/a	n/a	n/a
525.133	0.078	saccade	n/a	299.8	126.7	n/a	198.8	129.3	4.03	208.0
525.213	0.022	fixation	n/a	191.4	116.7	729.0	n/a	n/a	n/a	n/a
525.237	0.032	saccade	n/a	191.6	120.5	n/a	155.2	110.3	1.49	193.0
525.271	0.276	fixation	n/a	151.3	114.7	708.0	n/a	n/a	n/a	n/a
525.549	0.058	saccade	n/a	157.5	117.9	n/a	469.4	136.0	12.4	362.0
525.609	0.2	fixation	n/a	458.2	136.2	732.0	n/a	n/a	n/a	n/a
525.811	0.038	saccade	n/a	464.6	142.8	n/a	388.5	131.0	3.1	229.0
525.851	0.462	fixation	n/a	377.3	135.7	761.0	n/a	n/a	n/a	n/a
526.315	0.04	saccade	n/a	381.3	140.2	n/a	452.0	135.5	2.85	236.0
526.357	0.324	fixation	n/a	460.7	134.5	807.0	n/a	n/a	n/a	n/a
526.683	0.048	saccade	n/a	467.2	135.1	n/a	373.3	132.4	3.78	240.0
526.733	0.252	fixation	n/a	367.5	139.0	825.0	n/a	n/a	n/a	n/a
526.987	0.02	saccade	n/a	375.9	143.6	n/a	431.0	132.3	2.27	179.0
527.009	0.358	fixation	n/a	423.5	140.4	846.0	n/a	n/a	n/a	n/a
527.369	0.06	saccade	n/a	423.2	140.3	n/a	559.8	147.5	5.48	280.0
527.431	0.158	fixation	n/a	548.5	140.9	827.0	n/a	n/a	n/a	n/a
527.591	0.022	saccade	n/a	551.9	145.6	n/a	518.9	141.0	1.33	142.0
527.615	0.238	fixation	n/a	524.8	142.9	832.0	n/a	n/a	n/a	n/a
527.855	0.056	saccade	n/a	528.8	145.4	n/a	617.0	152.5	3.51	223.0
527.913	0.108	fixation	n/a	603.8	142.9	816.0	n/a	n/a	n/a	n/a
528.023	0.078	saccade	n/a	604.1	141.8	n/a	394.3	153.1	8.39	342.0
528.103	0.176	fixation	n/a	394.1	136.0	799.0	n/a	n/a	n/a	n/a
528.281	0.02	saccade	n/a	397.3	138.2	n/a	354.7	140.5	1.72	148.0
528.303	0.134	fixation	n/a	358.1	138.6	785.0	n/a	n/a	n/a	n/a
528.439	0.1	saccade	n/a	366.6	152.4	n/a	308.3	133.6	2.47	671.0
528.459	0.048	blink	n/a	n/a	n/a	n/a	n/a	n/a	n/a	n/a
528.541	0.376	fixation	n/a	302.3	143.9	777.0	n/a	n/a	n/a	n/a
528.919	0.074	saccade	n/a	305.2	146.2	n/a	163.1	178.2	5.79	251.0
528.995	0.12	fixation	n/a	157.9	166.4	785.0	n/a	n/a	n/a	n/a
529.117	0.016	saccade	n/a	160.9	164.9	n/a	131.6	181.6	1.33	114.0
529.135	0.192	fixation	n/a	132.1	180.4	772.0	n/a	n/a	n/a	n/a
529.329	0.018	saccade	n/a	134.6	179.3	n/a	110.1	187.4	1.0	106.0
529.349	0.246	fixation	n/a	115.6	183.5	772.0	n/a	n/a	n/a	n/a
529.597	0.056	saccade	n/a	119.3	178.6	n/a	221.7	181.3	4.02	243.0
529.655	0.246	fixation	n/a	220.1	178.4	767.0	n/a	n/a	n/a	n/a
529.903	0.014	saccade	n/a	225.1	180.0	n/a	250.1	178.4	1.0	85.0
529.919	0.232	fixation	n/a	242.7	183.4	794.0	n/a	n/a	n/a	n/a
530.153	0.01	saccade	n/a	244.3	185.9	n/a	265.2	183.4	0.84	87.0
530.165	0.134	fixation	n/a	260.8	184.7	817.0	n/a	n/a	n/a	n/a
530.301	0.022	saccade	n/a	262.0	184.8	n/a	322.7	176.3	2.45	177.0
530.325	0.23	fixation	n/a	321.6	181.9	815.0	n/a	n/a	n/a	n/a
530.557	0.052	saccade	n/a	323.1	180.4	n/a	438.9	188.3	4.66	241.0
530.611	0.192	fixation	n/a	433.3	175.4	782.0	n/a	n/a	n/a	n/a
530.805	0.014	saccade	n/a	437.6	176.3	n/a	408.8	180.1	1.17	104.0
530.821	0.24	fixation	n/a	412.8	177.7	768.0	n/a	n/a	n/a	n/a
531.063	0.024	saccade	n/a	416.1	178.4	n/a	495.8	173.1	3.2	225.0
531.089	0.292	fixation	n/a	491.2	180.7	749.0	n/a	n/a	n/a	n/a
531.383	0.024	saccade	n/a	496.0	183.5	n/a	558.7	179.1	2.5	176.0
531.409	0.394	fixation	n/a	548.2	185.2	716.0	n/a	n/a	n/a	n/a
531.805	0.034	saccade	n/a	551.5	187.5	n/a	428.4	224.2	5.14	244.0
531.841	0.122	fixation	n/a	419.9	226.0	713.0	n/a	n/a	n/a	n/a
531.965	0.1	saccade	n/a	425.5	233.4	n/a	151.1	232.6	10.85	781.0
531.991	0.046	blink	n/a	n/a	n/a	n/a	n/a	n/a	n/a	n/a
532.067	0.252	fixation	n/a	144.3	245.2	708.0	n/a	n/a	n/a	n/a
532.321	0.016	saccade	n/a	148.8	240.3	n/a	115.9	244.0	1.28	118.0
532.339	0.186	fixation	n/a	116.0	246.2	725.0	n/a	n/a	n/a	n/a
532.527	0.028	saccade	n/a	117.0	250.3	n/a	214.3	235.9	3.84	232.0
532.557	0.264	fixation	n/a	219.1	239.7	716.0	n/a	n/a	n/a	n/a
532.823	0.016	saccade	n/a	220.5	238.8	n/a	256.4	234.5	1.43	129.0
532.841	0.346	fixation	n/a	256.5	242.3	690.0	n/a	n/a	n/a	n/a
533.189	0.02	saccade	n/a	258.6	243.2	n/a	308.4	236.1	2.0	159.0
533.211	0.414	fixation	n/a	310.6	240.1	665.0	n/a	n/a	n/a	n/a
533.627	0.02	saccade	n/a	317.1	242.9	n/a	375.2	240.7	2.33	168.0
533.649	0.24	fixation	n/a	371.5	241.0	651.0	n/a	n/a	n/a	n/a
533.891	0.032	saccade	n/a	371.7	240.7	n/a	485.7	241.0	4.57	226.0
533.925	0.204	fixation	n/a	481.7	241.6	639.0	n/a	n/a	n/a	n/a
534.131	0.016	saccade	n/a	485.7	243.2	n/a	452.8	245.4	1.32	118.0
534.149	0.346	fixation	n/a	458.3	243.9	639.0	n/a	n/a	n/a	n/a
534.497	0.032	saccade	n/a	465.1	246.9	n/a	589.6	248.0	4.94	224.0
534.531	0.182	fixation	n/a	584.2	249.2	634.0	n/a	n/a	n/a	n/a
534.715	0.074	saccade	n/a	585.5	249.0	n/a	181.7	285.8	15.9	398.0
534.791	0.148	fixation	n/a	160.8	288.4	658.0	n/a	n/a	n/a	n/a
534.941	0.018	saccade	n/a	164.6	289.3	n/a	118.3	295.3	1.81	151.0
534.961	0.312	fixation	n/a	116.8	295.8	660.0	n/a	n/a	n/a	n/a
535.275	0.1	saccade	n/a	128.9	302.1	n/a	180.4	232.3	3.42	776.0
535.299	0.044	blink	n/a	n/a	n/a	n/a	n/a	n/a	n/a	n/a
535.377	0.342	fixation	n/a	170.9	234.6	659.0	n/a	n/a	n/a	n/a
535.721	0.032	saccade	n/a	171.2	232.0	n/a	249.1	296.8	4.02	225.0
535.755	0.2	fixation	n/a	241.7	294.4	673.0	n/a	n/a	n/a	n/a
535.957	0.014	saccade	n/a	246.5	298.0	n/a	214.7	301.6	1.26	107.0
535.973	0.31	fixation	n/a	211.5	300.7	661.0	n/a	n/a	n/a	n/a
536.285	0.026	saccade	n/a	211.7	299.2	n/a	296.5	295.2	3.35	212.0
536.313	0.362	fixation	n/a	293.9	300.7	635.0	n/a	n/a	n/a	n/a
536.677	0.02	saccade	n/a	296.2	302.2	n/a	352.4	296.6	2.25	163.0
536.699	0.266	fixation	n/a	352.0	299.9	616.0	n/a	n/a	n/a	n/a
536.967	0.102	saccade	n/a	361.0	306.9	n/a	420.3	305.3	2.36	470.0
536.989	0.052	blink	n/a	n/a	n/a	n/a	n/a	n/a	n/a	n/a
537.071	0.42	fixation	n/a	403.6	313.1	600.0	n/a	n/a	n/a	n/a
537.493	0.018	saccade	n/a	401.8	312.1	n/a	449.0	304.9	1.9	150.0
537.513	0.166	fixation	n/a	447.2	307.7	605.0	n/a	n/a	n/a	n/a
537.681	0.028	saccade	n/a	449.2	308.8	n/a	346.3	314.8	4.11	229.0
537.711	0.29	fixation	n/a	345.7	311.2	597.0	n/a	n/a	n/a	n/a
538.003	0.006	saccade	n/a	348.6	313.2	n/a	339.6	312.3	0.36	54.0
538.011	0.17	fixation	n/a	341.8	310.5	592.0	n/a	n/a	n/a	n/a
538.183	0.022	saccade	n/a	345.0	309.8	n/a	408.3	307.4	2.52	174.0
538.207	0.588	fixation	n/a	403.6	310.6	599.0	n/a	n/a	n/a	n/a
538.797	0.088	saccade	n/a	412.4	317.2	n/a	487.0	318.4	2.97	532.0
538.817	0.038	blink	n/a	n/a	n/a	n/a	n/a	n/a	n/a	n/a
538.887	0.324	fixation	n/a	470.9	311.3	597.0	n/a	n/a	n/a	n/a
539.213	0.022	saccade	n/a	470.2	312.8	n/a	530.4	302.0	2.43	165.0
539.237	0.282	fixation	n/a	525.6	303.1	597.0	n/a	n/a	n/a	n/a
539.521	0.024	saccade	n/a	527.9	300.4	n/a	600.7	300.4	2.87	176.0
539.547	0.292	fixation	n/a	591.3	305.8	583.0	n/a	n/a	n/a	n/a
539.841	0.03	saccade	n/a	593.7	309.3	n/a	673.6	299.0	3.13	175.0
539.873	0.342	fixation	n/a	663.1	305.1	577.0	n/a	n/a	n/a	n/a
540.022	0.0	trigger_11	11	n/a	n/a	n/a	n/a	n/a	n/a	n/a
540.026	0.0	trigger_18	18	n/a	n/a	n/a	n/a	n/a	n/a	n/a
540.217	0.072	saccade	n/a	663.3	308.2	n/a	134.4	361.4	20.45	388.0
540.291	0.554	fixation	n/a	115.7	358.5	612.0	n/a	n/a	n/a	n/a
540.847	0.124	saccade	n/a	128.1	363.0	n/a	209.9	114.9	10.35	720.0
540.877	0.072	blink	n/a	n/a	n/a	n/a	n/a	n/a	n/a	n/a
540.973	0.234	fixation	n/a	203.9	128.8	591.0	n/a	n/a	n/a	n/a
541.209	0.018	saccade	n/a	208.6	126.5	n/a	181.5	105.8	1.36	122.0
541.229	0.274	fixation	n/a	180.7	107.4	608.0	n/a	n/a	n/a	n/a
541.505	0.048	saccade	n/a	182.0	109.5	n/a	260.7	118.6	3.14	188.0
541.555	0.476	fixation	n/a	255.1	106.7	607.0	n/a	n/a	n/a	n/a
542.033	0.03	saccade	n/a	261.0	104.3	n/a	166.3	114.1	3.76	202.0
542.065	0.524	fixation	n/a	171.9	113.7	622.0	n/a	n/a	n/a	n/a
542.591	0.02	saccade	n/a	185.2	113.6	n/a	136.6	115.7	1.9	151.0
542.613	0.53	fixation	n/a	142.4	116.1	660.0	n/a	n/a	n/a	n/a
543.145	0.026	saccade	n/a	145.3	115.6	n/a	222.8	113.4	3.05	192.0
543.173	0.224	fixation	n/a	230.3	125.4	680.0	n/a	n/a	n/a	n/a
543.399	0.022	saccade	n/a	231.5	119.9	n/a	294.4	119.7	2.51	187.0
543.423	0.246	fixation	n/a	296.2	127.3	666.0	n/a	n/a	n/a	n/a
543.671	0.06	saccade	n/a	295.0	123.8	n/a	403.1	130.9	4.35	254.0
543.733	0.254	fixation	n/a	397.1	127.8	665.0	n/a	n/a	n/a	n/a
543.989	0.028	saccade	n/a	401.4	128.0	n/a	481.6	121.6	3.24	195.0
544.019	0.392	fixation	n/a	477.3	132.4	683.0	n/a	n/a	n/a	n/a
544.413	0.03	saccade	n/a	480.5	132.8	n/a	581.5	132.1	4.03	232.0
544.445	0.1	fixation	n/a	576.0	140.5	685.0	n/a	n/a	n/a	n/a
