onset	duration	trial_type	value	gaze_x	gaze_y	pupil_size	sacc_endx	sacc_endy	sacc_amplitude	sacc_peakvel
2.01	0.704	fixation	n/a	402.1	335.3	342.0	n/a	n/a	n/a	n/a
2.05	0.0	trigger_103	103	n/a	n/a	n/a	n/a	n/a	n/a	n/a
2.05	0.0	trigger_19	19	n/a	n/a	n/a	n/a	n/a	n/a	n/a
2.058	0.0	trigger_10	10	n/a	n/a	n/a	n/a	n/a	n/a	n/a
2.716	0.274	saccade	n/a	407.5	325.9	n/a	406.2	273.9	2.08	164.0
2.74	0.222	blink	n/a	n/a	n/a	n/a	n/a	n/a	n/a	n/a
2.992	0.164	fixation	n/a	390.5	211.9	279.0	n/a	n/a	n/a	n/a
3.158	0.02	saccade	n/a	386.5	198.4	n/a	421.3	228.6	1.86	120.0
3.18	0.178	fixation	n/a	412.2	223.1	300.0	n/a	n/a	n/a	n/a
3.36	0.344	saccade	n/a	419.1	224.4	n/a	416.0	256.9	1.32	183.0
3.38	0.308	blink	n/a	n/a	n/a	n/a	n/a	n/a	n/a	n/a
3.706	0.43	fixation	n/a	400.9	234.9	285.0	n/a	n/a	n/a	n/a
4.138	0.188	saccade	n/a	399.8	219.1	n/a	357.6	186.7	2.15	137.0
4.164	0.142	blink	n/a	n/a	n/a	n/a	n/a	n/a	n/a	n/a
4.328	0.038	fixation	n/a	348.7	170.5	267.0	n/a	n/a	n/a	n/a
4.368	0.052	saccade	n/a	345.5	169.6	n/a	178.4	108.1	7.1	450.0
4.422	0.072	fixation	n/a	167.3	104.0	284.0	n/a	n/a	n/a	n/a
4.496	0.032	saccade	n/a	167.1	103.3	n/a	142.1	90.7	1.1	215.0
4.53	0.13	fixation	n/a	133.9	86.6	283.0	n/a	n/a	n/a	n/a
4.662	0.022	saccade	n/a	133.1	82.2	n/a	185.1	77.5	2.04	158.0
4.686	0.16	fixation	n/a	175.6	72.9	269.0	n/a	n/a	n/a	n/a
4.848	0.028	saccade	n/a	174.9	70.7	n/a	282.3	73.9	4.26	278.0
4.878	0.24	fixation	n/a	270.8	72.6	253.0	n/a	n/a	n/a	n/a
5.12	0.024	saccade	n/a	272.1	77.5	n/a	358.4	80.0	3.47	260.0
5.146	0.176	fixation	n/a	345.2	81.0	259.0	n/a	n/a	n/a	n/a
5.324	0.02	saccade	n/a	347.0	82.8	n/a	305.5	81.3	1.67	118.0
5.346	0.206	fixation	n/a	312.8	82.6	272.0	n/a	n/a	n/a	n/a
5.554	0.048	saccade	n/a	312.5	85.3	n/a	420.6	86.6	4.35	269.0
5.604	0.114	fixation	n/a	427.1	87.1	286.0	n/a	n/a	n/a	n/a
5.72	0.024	saccade	n/a	428.3	87.3	n/a	506.4	75.6	3.17	260.0
5.746	0.126	fixation	n/a	493.4	79.4	298.0	n/a	n/a	n/a	n/a
5.874	0.07	saccade	n/a	495.7	81.2	n/a	152.5	144.2	13.83	552.0
5.946	0.292	fixation	n/a	151.1	149.0	336.0	n/a	n/a	n/a	n/a
6.24	0.006	saccade	n/a	148.4	147.6	n/a	157.1	143.8	0.37	53.0
6.248	0.132	fixation	n/a	155.2	145.0	348.0	n/a	n/a	n/a	n/a
6.382	0.036	saccade	n/a	155.6	143.8	n/a	253.9	139.3	3.88	344.0
6.42	0.146	fixation	n/a	262.8	136.4	340.0	n/a	n/a	n/a	n/a
6.568	0.024	saccade	n/a	265.7	136.8	n/a	336.6	136.1	2.84	224.0
6.594	0.18	fixation	n/a	326.2	137.2	344.0	n/a	n/a	n/a	n/a
6.776	0.036	saccade	n/a	326.5	138.6	n/a	388.6	137.7	2.5	243.0
6.814	0.182	fixation	n/a	394.2	138.4	344.0	n/a	n/a	n/a	n/a
6.998	0.026	saccade	n/a	394.9	139.3	n/a	473.8	140.9	3.18	230.0
7.026	0.238	fixation	n/a	460.2	136.9	356.0	n/a	n/a	n/a	n/a
7.266	0.038	saccade	n/a	462.5	138.8	n/a	528.0	132.8	2.64	268.0
7.306	0.172	fixation	n/a	538.2	134.0	356.0	n/a	n/a	n/a	n/a
7.48	0.022	saccade	n/a	541.5	136.3	n/a	482.8	135.4	2.35	206.0
7.504	0.242	fixation	n/a	491.3	138.5	351.0	n/a	n/a	n/a	n/a
7.748	0.018	saccade	n/a	492.9	139.8	n/a	476.6	136.2	0.67	78.0
7.768	0.21	fixation	n/a	480.6	137.1	333.0	n/a	n/a	n/a	n/a
7.98	0.016	saccade	n/a	480.8	137.7	n/a	444.9	141.1	1.45	121.0
7.998	0.378	fixation	n/a	452.8	141.5	326.0	n/a	n/a	n/a	n/a
8.378	0.022	saccade	n/a	452.0	146.6	n/a	519.4	145.5	2.7	200.0
8.402	0.15	fixation	n/a	505.0	146.7	340.0	n/a	n/a	n/a	n/a
8.426	0.0	trigger_11	11	n/a	n/a	n/a	n/a	n/a	n/a	n/a
8.43	0.0	trigger_10	10	n/a	n/a	n/a	n/a	n/a	n/a	n/a
8.554	0.04	saccade	n/a	505.5	146.3	n/a	591.9	141.6	3.44	317.0
8.596	0.132	fixation	n/a	602.5	143.8	333.0	n/a	n/a	n/a	n/a
8.73	0.056	saccade	n/a	605.3	144.0	n/a	154.1	216.0	17.96	578.0
8.788	0.26	fixation	n/a	164.9	208.0	345.0	n/a	n/a	n/a	n/a
9.05	0.026	saccade	n/a	168.2	208.1	n/a	227.8	211.2	2.35	135.0
9.078	0.182	fixation	n/a	214.6	203.6	331.0	n/a	n/a	n/a	n/a
9.262	0.034	saccade	n/a	215.6	203.0	n/a	324.3	213.6	4.34	228.0
9.298	0.22	fixation	n/a	316.6	204.8	315.0	n/a	n/a	n/a	n/a
9.52	0.044	saccade	n/a	318.7	206.1	n/a	429.4	214.1	4.45	295.0
9.566	0.39	fixation	n/a	438.9	213.1	313.0	n/a	n/a	n/a	n/a
9.958	0.026	saccade	n/a	439.0	214.4	n/a	511.2	207.5	2.91	203.0
9.986	0.616	fixation	n/a	501.6	205.6	314.0	n/a	n/a	n/a	n/a
10.604	0.058	saccade	n/a	500.6	211.1	n/a	249.3	91.2	11.15	528.0
10.664	0.104	fixation	n/a	239.8	90.3	309.0	n/a	n/a	n/a	n/a
10.77	0.026	saccade	n/a	239.1	91.7	n/a	148.4	93.9	3.58	267.0
10.798	0.214	fixation	n/a	164.7	90.8	316.0	n/a	n/a	n/a	n/a
11.014	0.018	saccade	n/a	165.4	89.7	n/a	166.6	85.7	0.17	93.0
11.034	0.132	fixation	n/a	168.8	85.3	302.0	n/a	n/a	n/a	n/a
11.168	0.026	saccade	n/a	168.4	84.8	n/a	274.8	87.6	4.22	276.0
11.196	0.194	fixation	n/a	272.6	84.3	282.0	n/a	n/a	n/a	n/a
11.392	0.022	saccade	n/a	274.6	83.7	n/a	329.7	85.3	2.21	165.0
11.416	0.224	fixation	n/a	322.9	85.7	280.0	n/a	n/a	n/a	n/a
11.642	0.022	saccade	n/a	324.3	85.3	n/a	376.9	85.7	2.12	179.0
11.666	0.22	fixation	n/a	369.9	84.8	278.0	n/a	n/a	n/a	n/a
11.888	0.024	saccade	n/a	371.3	84.8	n/a	334.2	83.0	1.49	166.0
11.914	0.254	fixation	n/a	337.6	83.5	293.0	n/a	n/a	n/a	n/a
12.17	0.022	saccade	n/a	337.6	83.3	n/a	292.0	81.2	1.83	137.0
12.194	0.268	fixation	n/a	303.0	81.2	308.0	n/a	n/a	n/a	n/a
12.464	0.02	saccade	n/a	301.5	82.0	n/a	360.9	84.4	2.39	217.0
12.486	0.424	fixation	n/a	355.4	85.2	313.0	n/a	n/a	n/a	n/a
12.602	0.0	trigger_11	11	n/a	n/a	n/a	n/a	n/a	n/a	n/a
12.606	0.0	trigger_10	10	n/a	n/a	n/a	n/a	n/a	n/a	n/a
12.912	0.024	saccade	n/a	353.4	85.2	n/a	293.4	84.2	2.41	191.0
12.938	0.37	fixation	n/a	305.4	85.0	309.0	n/a	n/a	n/a	n/a
13.31	0.02	saccade	n/a	305.0	85.5	n/a	270.8	84.1	1.37	131.0
13.332	0.958	fixation	n/a	279.7	84.5	301.0	n/a	n/a	n/a	n/a
14.292	0.044	saccade	n/a	281.5	86.6	n/a	428.3	84.7	5.9	428.0
14.338	0.43	fixation	n/a	440.1	86.3	302.0	n/a	n/a	n/a	n/a
14.77	0.06	saccade	n/a	438.1	85.1	n/a	195.4	89.6	9.69	467.0
14.832	0.128	fixation	n/a	183.8	95.1	308.0	n/a	n/a	n/a	n/a
14.962	0.022	saccade	n/a	185.9	95.3	n/a	148.0	88.7	1.51	157.0
14.986	0.17	fixation	n/a	156.6	90.1	307.0	n/a	n/a	n/a	n/a
15.158	0.006	saccade	n/a	154.1	90.1	n/a	143.8	89.7	0.4	58.0
15.166	0.204	fixation	n/a	143.4	87.2	288.0	n/a	n/a	n/a	n/a
15.372	0.022	saccade	n/a	142.0	85.0	n/a	221.5	85.4	3.13	221.0
15.396	0.186	fixation	n/a	215.3	87.1	276.0	n/a	n/a	n/a	n/a
15.584	0.028	saccade	n/a	216.9	87.0	n/a	300.2	85.8	3.33	208.0
15.614	0.176	fixation	n/a	293.2	84.7	268.0	n/a	n/a	n/a	n/a
15.792	0.028	saccade	n/a	293.7	84.5	n/a	372.8	88.6	3.18	184.0
15.822	0.15	fixation	n/a	363.2	87.4	264.0	n/a	n/a	n/a	n/a
15.974	0.02	saccade	n/a	364.7	88.1	n/a	423.5	83.9	2.38	184.0
15.996	0.19	fixation	n/a	427.1	83.6	255.0	n/a	n/a	n/a	n/a
16.188	0.054	saccade	n/a	428.5	82.8	n/a	522.6	76.9	3.79	268.0
16.244	0.152	fixation	n/a	522.5	76.5	259.0	n/a	n/a	n/a	n/a
16.398	0.024	saccade	n/a	520.6	76.9	n/a	582.0	73.6	2.45	197.0
16.424	0.106	fixation	n/a	568.7	73.3	259.0	n/a	n/a	n/a	n/a
16.532	0.062	saccade	n/a	569.9	74.8	n/a	196.3	139.2	15.02	536.0
16.596	0.122	fixation	n/a	185.7	138.6	271.0	n/a	n/a	n/a	n/a
16.72	0.024	saccade	n/a	185.5	139.9	n/a	116.6	147.2	2.71	206.0
16.746	0.214	fixation	n/a	132.7	145.7	268.0	n/a	n/a	n/a	n/a
16.962	0.024	saccade	n/a	133.0	143.6	n/a	209.5	136.7	3.01	218.0
16.988	0.258	fixation	n/a	213.6	139.5	256.0	n/a	n/a	n/a	n/a
17.248	0.022	saccade	n/a	213.7	138.2	n/a	276.2	134.4	2.49	187.0
17.272	0.238	fixation	n/a	274.6	135.5	252.0	n/a	n/a	n/a	n/a
17.512	0.016	saccade	n/a	272.5	136.7	n/a	261.1	134.6	0.46	78.0
17.53	0.208	fixation	n/a	263.3	135.2	256.0	n/a	n/a	n/a	n/a
17.74	0.042	saccade	n/a	262.9	135.1	n/a	334.3	134.6	2.86	240.0
17.784	0.172	fixation	n/a	343.2	136.7	253.0	n/a	n/a	n/a	n/a
17.958	0.026	saccade	n/a	345.1	136.4	n/a	264.9	139.8	3.22	226.0
17.986	0.106	fixation	n/a	271.9	139.4	258.0	n/a	n/a	n/a	n/a
18.094	0.042	saccade	n/a	272.2	141.4	n/a	216.3	142.6	2.23	255.0
18.138	0.292	fixation	n/a	209.8	146.1	269.0	n/a	n/a	n/a	n/a
18.298	0.0	trigger_11	11	n/a	n/a	n/a	n/a	n/a	n/a	n/a
18.304	0.0	trigger_12	12	n/a	n/a	n/a	n/a	n/a	n/a	n/a
18.432	0.022	saccade	n/a	212.1	146.5	n/a	255.0	141.5	1.71	112.0
18.456	0.178	fixation	n/a	249.2	141.7	277.0	n/a	n/a	n/a	n/a
18.636	0.026	saccade	n/a	249.2	138.6	n/a	342.9	134.0	3.75	261.0
18.664	0.28	fixation	n/a	336.4	134.5	258.0	n/a	n/a	n/a	n/a
18.946	0.012	saccade	n/a	338.6	133.9	n/a	365.4	135.0	1.08	98.0
18.96	0.22	fixation	n/a	358.7	134.5	258.0	n/a	n/a	n/a	n/a
19.182	0.038	saccade	n/a	360.3	136.0	n/a	301.5	111.7	2.57	257.0
19.222	0.184	fixation	n/a	293.1	109.6	259.0	n/a	n/a	n/a	n/a
19.408	0.022	saccade	n/a	291.6	110.2	n/a	235.4	83.6	2.49	184.0
19.432	0.302	fixation	n/a	245.0	84.3	256.0	n/a	n/a	n/a	n/a
19.736	0.03	saccade	n/a	245.5	84.8	n/a	395.2	88.5	6.0	367.0
19.768	0.232	fixation	n/a	387.5	87.2	242.0	n/a	n/a	n/a	n/a
20.002	0.06	saccade	n/a	390.6	86.6	n/a	546.3	80.5	6.25	414.0
20.064	0.152	fixation	n/a	544.4	80.7	241.0	n/a	n/a	n/a	n/a
20.218	0.064	saccade	n/a	543.6	81.0	n/a	182.2	133.3	14.47	518.0
20.284	0.214	fixation	n/a	170.6	139.4	250.0	n/a	n/a	n/a	n/a
20.394	0.0	trigger_13	13	n/a	n/a	n/a	n/a	n/a	n/a	n/a
20.5	0.022	saccade	n/a	172.4	141.4	n/a	174.2	73.5	2.74	211.0
20.524	0.128	fixation	n/a	177.3	81.6	243.0	n/a	n/a	n/a	n/a
20.654	0.022	saccade	n/a	177.9	81.2	n/a	119.7	92.0	2.31	200.0
20.678	0.246	fixation	n/a	132.7	88.0	248.0	n/a	n/a	n/a	n/a
20.926	0.03	saccade	n/a	131.2	87.8	n/a	235.6	90.7	4.11	242.0
20.958	0.242	fixation	n/a	236.3	86.5	250.0	n/a	n/a	n/a	n/a
21.202	0.024	saccade	n/a	237.5	87.7	n/a	317.3	87.9	3.19	222.0
21.228	0.216	fixation	n/a	309.7	88.3	253.0	n/a	n/a	n/a	n/a
21.446	0.044	saccade	n/a	310.7	89.6	n/a	399.3	87.7	3.57	262.0
21.492	0.206	fixation	n/a	407.5	88.0	247.0	n/a	n/a	n/a	n/a
21.7	0.018	saccade	n/a	409.3	88.8	n/a	450.7	85.1	1.67	134.0
21.72	0.152	fixation	n/a	442.8	83.9	253.0	n/a	n/a	n/a	n/a
21.874	0.056	saccade	n/a	443.2	83.4	n/a	228.6	83.8	8.58	389.0
21.932	0.81	fixation	n/a	215.8	84.6	263.0	n/a	n/a	n/a	n/a
22.522	0.0	trigger_15	15	n/a	n/a	n/a	n/a	n/a	n/a	n/a
22.53	0.0	trigger_10	10	n/a	n/a	n/a	n/a	n/a	n/a	n/a
22.744	0.048	saccade	n/a	212.8	88.5	n/a	307.4	169.1	5.0	382.0
22.794	0.198	fixation	n/a	317.7	174.3	297.0	n/a	n/a	n/a	n/a
22.994	0.044	saccade	n/a	318.9	175.0	n/a	432.0	202.0	4.67	402.0
23.04	0.594	fixation	n/a	454.3	189.1	272.0	n/a	n/a	n/a	n/a
23.636	0.034	saccade	n/a	456.5	187.3	n/a	474.9	93.9	3.88	247.0
23.672	0.388	fixation	n/a	473.5	95.9	280.0	n/a	n/a	n/a	n/a
24.062	0.026	saccade	n/a	475.5	96.7	n/a	540.7	85.8	2.65	177.0
24.09	0.326	fixation	n/a	528.1	86.1	289.0	n/a	n/a	n/a	n/a
24.418	0.058	saccade	n/a	527.7	85.9	n/a	307.1	75.2	8.85	398.0
24.478	0.246	fixation	n/a	298.4	78.9	285.0	n/a	n/a	n/a	n/a
24.726	0.048	saccade	n/a	300.8	79.7	n/a	174.2	88.2	5.05	358.0
24.776	0.116	fixation	n/a	166.2	89.9	293.0	n/a	n/a	n/a	n/a
24.894	0.022	saccade	n/a	166.9	89.5	n/a	120.3	91.3	1.82	145.0
24.918	0.176	fixation	n/a	130.1	91.4	284.0	n/a	n/a	n/a	n/a
25.096	0.016	saccade	n/a	129.8	90.6	n/a	182.5	90.8	2.06	173.0
25.114	0.18	fixation	n/a	191.7	90.8	266.0	n/a	n/a	n/a	n/a
25.296	0.02	saccade	n/a	193.3	89.3	n/a	253.8	89.5	2.4	188.0
25.318	0.228	fixation	n/a	253.7	88.4	249.0	n/a	n/a	n/a	n/a
25.548	0.036	saccade	n/a	254.2	89.0	n/a	312.6	90.7	2.34	189.0
25.586	0.184	fixation	n/a	319.6	90.6	245.0	n/a	n/a	n/a	n/a
25.772	0.042	saccade	n/a	319.7	91.3	n/a	406.1	92.4	3.48	204.0
25.816	0.124	fixation	n/a	411.9	92.0	247.0	n/a	n/a	n/a	n/a
25.942	0.022	saccade	n/a	413.8	93.2	n/a	389.1	92.5	1.0	129.0
25.966	0.184	fixation	n/a	392.0	92.0	255.0	n/a	n/a	n/a	n/a
26.152	0.024	saccade	n/a	391.0	91.9	n/a	467.4	86.5	3.08	218.0
26.178	0.186	fixation	n/a	459.4	88.7	256.0	n/a	n/a	n/a	n/a
26.366	0.056	saccade	n/a	458.5	88.3	n/a	553.4	80.4	3.81	299.0
26.424	0.242	fixation	n/a	549.4	83.0	259.0	n/a	n/a	n/a	n/a
26.668	0.032	saccade	n/a	546.6	86.1	n/a	557.1	84.4	0.42	128.0
26.702	0.104	fixation	n/a	565.1	85.0	268.0	n/a	n/a	n/a	n/a
26.808	0.06	saccade	n/a	566.1	85.0	n/a	145.8	142.0	16.71	484.0
26.87	0.278	fixation	n/a	155.0	149.2	287.0	n/a	n/a	n/a	n/a
27.15	0.02	saccade	n/a	156.9	154.0	n/a	219.1	161.6	2.47	180.0
27.172	0.178	fixation	n/a	215.2	159.7	283.0	n/a	n/a	n/a	n/a
27.352	0.012	saccade	n/a	216.0	159.7	n/a	239.2	153.3	0.96	92.0
27.366	0.12	fixation	n/a	239.7	151.2	273.0	n/a	n/a	n/a	n/a
27.488	0.032	saccade	n/a	239.6	151.1	n/a	307.0	150.5	2.7	160.0
27.522	0.172	fixation	n/a	300.6	147.8	265.0	n/a	n/a	n/a	n/a
27.696	0.03	saccade	n/a	299.9	147.5	n/a	397.8	146.2	3.94	212.0
27.728	0.196	fixation	n/a	388.4	144.6	257.0	n/a	n/a	n/a	n/a
27.926	0.04	saccade	n/a	391.1	145.6	n/a	457.6	140.8	2.68	251.0
27.968	0.194	fixation	n/a	464.6	141.6	259.0	n/a	n/a	n/a	n/a
28.164	0.024	saccade	n/a	465.0	141.8	n/a	536.4	139.7	2.86	199.0
28.19	0.158	fixation	n/a	529.2	133.3	258.0	n/a	n/a	n/a	n/a
28.35	0.06	saccade	n/a	531.4	132.9	n/a	203.6	193.4	13.26	514.0
28.412	0.11	fixation	n/a	190.5	194.4	263.0	n/a	n/a	n/a	n/a
28.524	0.02	saccade	n/a	189.0	196.1	n/a	140.0	202.6	1.94	149.0
28.546	0.19	fixation	n/a	148.9	203.5	264.0	n/a	n/a	n/a	n/a
28.738	0.022	saccade	n/a	149.1	203.7	n/a	212.4	196.6	2.5	213.0
28.762	0.174	fixation	n/a	209.5	196.0	262.0	n/a	n/a	n/a	n/a
28.938	0.024	saccade	n/a	210.3	196.5	n/a	273.3	196.5	2.5	158.0
28.964	0.182	fixation	n/a	266.0	197.5	251.0	n/a	n/a	n/a	n/a
29.148	0.024	saccade	n/a	267.8	199.6	n/a	325.0	193.9	2.3	147.0
29.174	0.112	fixation	n/a	320.9	194.4	249.0	n/a	n/a	n/a	n/a
29.288	0.026	saccade	n/a	321.5	194.7	n/a	416.2	198.1	3.81	265.0
29.316	0.212	fixation	n/a	410.4	198.5	248.0	n/a	n/a	n/a	n/a
29.53	0.042	saccade	n/a	413.2	199.2	n/a	486.7	198.5	2.95	222.0
29.574	0.176	fixation	n/a	496.1	200.0	258.0	n/a	n/a	n/a	n/a
29.752	0.02	saccade	n/a	498.5	199.4	n/a	444.9	195.7	2.15	179.0
29.774	0.146	fixation	n/a	456.1	195.1	256.0	n/a	n/a	n/a	n/a
29.922	0.042	saccade	n/a	454.3	195.5	n/a	529.3	195.4	3.0	244.0
29.966	0.208	fixation	n/a	539.5	197.9	265.0	n/a	n/a	n/a	n/a
30.176	0.042	saccade	n/a	540.1	205.1	n/a	592.7	198.6	2.1	259.0
30.22	0.192	fixation	n/a	606.6	203.0	278.0	n/a	n/a	n/a	n/a
30.414	0.07	saccade	n/a	608.0	209.3	n/a	195.6	256.0	16.31	551.0
30.486	0.13	fixation	n/a	179.3	257.2	294.0	n/a	n/a	n/a	n/a
30.618	0.022	saccade	n/a	180.9	263.6	n/a	130.4	265.2	1.97	141.0
30.642	0.364	fixation	n/a	138.3	266.7	278.0	n/a	n/a	n/a	n/a
31.008	0.008	saccade	n/a	135.7	267.8	n/a	125.5	267.5	0.39	49.0
31.018	0.118	fixation	n/a	128.8	265.7	263.0	n/a	n/a	n/a	n/a
31.138	0.024	saccade	n/a	128.8	266.7	n/a	217.4	259.7	3.47	248.0
31.164	0.208	fixation	n/a	208.9	257.5	259.0	n/a	n/a	n/a	n/a
31.374	0.022	saccade	n/a	208.9	255.6	n/a	277.7	265.3	2.75	214.0
31.398	0.24	fixation	n/a	271.1	264.3	266.0	n/a	n/a	n/a	n/a
31.64	0.018	saccade	n/a	272.3	262.7	n/a	317.2	271.9	1.82	154.0
31.66	0.286	fixation	n/a	306.9	270.0	271.0	n/a	n/a	n/a	n/a
31.948	0.016	saccade	n/a	304.3	268.6	n/a	293.1	269.9	0.45	67.0
31.966	0.29	fixation	n/a	295.9	268.1	276.0	n/a	n/a	n/a	n/a
32.258	0.006	saccade	n/a	294.3	269.7	n/a	285.7	270.1	0.34	54.0
32.266	0.266	fixation	n/a	286.5	266.3	275.0	n/a	n/a	n/a	n/a
32.534	0.018	saccade	n/a	287.3	265.5	n/a	316.8	272.5	1.21	120.0
32.554	0.514	fixation	n/a	307.0	268.4	279.0	n/a	n/a	n/a	n/a
33.07	0.022	saccade	n/a	300.5	265.5	n/a	356.3	269.3	2.23	178.0
33.094	0.266	fixation	n/a	349.2	272.0	274.0	n/a	n/a	n/a	n/a
33.362	0.006	saccade	n/a	346.0	276.9	n/a	337.8	275.1	0.34	54.0
33.37	0.162	fixation	n/a	336.9	277.2	280.0	n/a	n/a	n/a	n/a
33.534	0.024	saccade	n/a	339.2	277.9	n/a	282.3	271.3	2.28	152.0
33.56	0.24	fixation	n/a	291.8	269.6	277.0	n/a	n/a	n/a	n/a
33.802	0.006	saccade	n/a	294.9	273.1	n/a	307.1	274.3	0.49	73.0
33.81	0.31	fixation	n/a	304.3	274.4	281.0	n/a	n/a	n/a	n/a
34.122	0.016	saccade	n/a	304.9	277.3	n/a	285.3	279.8	0.79	88.0
34.14	0.358	fixation	n/a	289.8	275.1	277.0	n/a	n/a	n/a	n/a
34.5	0.024	saccade	n/a	287.8	273.2	n/a	367.2	271.9	3.17	247.0
34.526	0.388	fixation	n/a	355.1	273.6	266.0	n/a	n/a	n/a	n/a
34.916	0.018	saccade	n/a	357.6	278.0	n/a	388.6	278.2	1.24	95.0
34.936	0.058	fixation	n/a	381.1	274.8	262.0	n/a	n/a	n/a	n/a
34.996	0.018	saccade	n/a	382.2	276.1	n/a	338.4	268.8	1.78	140.0
35.016	0.134	fixation	n/a	344.5	270.2	258.0	n/a	n/a	n/a	n/a
35.02	0.0	trigger_11	11	n/a	n/a	n/a	n/a	n/a	n/a	n/a
35.028	0.0	trigger_10	10	n/a	n/a	n/a	n/a	n/a	n/a	n/a
35.152	0.024	saccade	n/a	343.8	273.3	n/a	403.5	275.0	2.39	189.0
35.178	0.194	fixation	n/a	394.1	277.7	258.0	n/a	n/a	n/a	n/a
35.374	0.02	saccade	n/a	395.9	280.9	n/a	441.1	276.6	1.82	153.0
35.396	0.296	fixation	n/a	431.3	276.0	256.0	n/a	n/a	n/a	n/a
35.694	0.022	saccade	n/a	430.3	279.0	n/a	483.1	282.8	2.11	159.0
35.718	0.138	fixation	n/a	474.1	278.3	259.0	n/a	n/a	n/a	n/a
35.858	0.026	saccade	n/a	476.4	278.3	n/a	393.2	278.0	3.32	237.0
35.886	0.48	fixation	n/a	399.3	277.8	259.0	n/a	n/a	n/a	n/a
36.368	0.044	saccade	n/a	398.3	279.4	n/a	464.0	281.8	2.62	228.0
36.414	0.486	fixation	n/a	474.0	287.5	271.0	n/a	n/a	n/a	n/a
36.902	0.04	saccade	n/a	474.3	288.4	n/a	408.6	152.1	6.11	355.0
36.944	0.272	fixation	n/a	411.2	157.9	246.0	n/a	n/a	n/a	n/a
37.218	0.052	saccade	n/a	411.3	156.8	n/a	208.5	97.0	8.45	465.0
37.272	0.124	fixation	n/a	196.7	96.1	257.0	n/a	n/a	n/a	n/a
37.398	0.02	saccade	n/a	195.6	96.1	n/a	156.4	88.4	1.57	121.0
37.42	0.196	fixation	n/a	165.4	88.7	258.0	n/a	n/a	n/a	n/a
37.618	0.02	saccade	n/a	166.7	87.2	n/a	218.3	85.9	2.04	142.0
37.64	0.192	fixation	n/a	238.1	84.1	242.0	n/a	n/a	n/a	n/a
37.834	0.022	saccade	n/a	239.0	83.0	n/a	317.7	85.0	3.15	238.0
37.858	0.224	fixation	n/a	316.3	85.2	234.0	n/a	n/a	n/a	n/a
38.084	0.008	saccade	n/a	320.5	85.6	n/a	330.8	85.2	0.41	55.0
38.094	0.192	fixation	n/a	335.0	84.9	231.0	n/a	n/a	n/a	n/a
38.288	0.038	saccade	n/a	334.8	84.0	n/a	422.6	83.7	3.53	267.0
38.328	0.28	fixation	n/a	429.6	84.8	231.0	n/a	n/a	n/a	n/a
38.61	0.026	saccade	n/a	430.4	84.9	n/a	514.5	82.4	3.38	196.0
38.638	0.252	fixation	n/a	509.8	79.4	238.0	n/a	n/a	n/a	n/a
38.892	0.022	saccade	n/a	510.7	80.7	n/a	466.3	83.2	1.78	166.0
38.916	0.16	fixation	n/a	475.3	82.5	240.0	n/a	n/a	n/a	n/a
39.078	0.038	saccade	n/a	475.1	83.0	n/a	535.3	73.3	2.44	250.0
39.118	0.152	fixation	n/a	542.8	73.9	250.0	n/a	n/a	n/a	n/a
39.272	0.064	saccade	n/a	545.3	73.8	n/a	225.3	132.4	12.94	441.0
39.338	0.114	fixation	n/a	216.1	135.1	273.0	n/a	n/a	n/a	n/a
39.454	0.024	saccade	n/a	214.3	137.6	n/a	150.4	149.0	2.56	205.0
39.48	0.584	fixation	n/a	160.1	146.7	266.0	n/a	n/a	n/a	n/a
40.066	0.024	saccade	n/a	155.3	146.6	n/a	229.1	149.9	2.91	218.0
40.092	0.182	fixation	n/a	220.4	148.2	256.0	n/a	n/a	n/a	n/a
40.276	0.018	saccade	n/a	225.4	149.1	n/a	272.3	140.0	1.9	139.0
40.296	0.232	fixation	n/a	282.2	139.9	251.0	n/a	n/a	n/a	n/a
40.53	0.026	saccade	n/a	283.7	140.6	n/a	366.7	141.6	3.33	205.0
40.558	0.322	fixation	n/a	366.6	143.1	242.0	n/a	n/a	n/a	n/a
40.882	0.028	saccade	n/a	366.2	143.5	n/a	280.6	85.4	4.18	287.0
40.912	0.228	fixation	n/a	292.9	86.9	247.0	n/a	n/a	n/a	n/a
41.142	0.018	saccade	n/a	293.6	86.2	n/a	329.7	88.5	1.45	128.0
41.162	0.188	fixation	n/a	323.0	88.8	256.0	n/a	n/a	n/a	n/a
41.352	0.042	saccade	n/a	323.5	88.4	n/a	423.1	88.9	4.01	335.0
41.396	0.208	fixation	n/a	430.8	89.8	254.0	n/a	n/a	n/a	n/a
41.606	0.046	saccade	n/a	433.2	88.6	n/a	324.6	143.5	4.91	391.0
41.654	0.21	fixation	n/a	311.8	150.1	279.0	n/a	n/a	n/a	n/a
41.866	0.026	saccade	n/a	311.3	152.1	n/a	403.2	143.5	3.71	268.0
41.894	0.21	fixation	n/a	388.7	144.3	299.0	n/a	n/a	n/a	n/a
42.106	0.034	saccade	n/a	388.5	144.0	n/a	427.5	145.5	1.57	221.0
42.142	0.22	fixation	n/a	433.8	146.1	309.0	n/a	n/a	n/a	n/a
42.364	0.054	saccade	n/a	436.7	145.4	n/a	250.1	94.0	7.77	457.0
42.42	0.358	fixation	n/a	238.9	91.3	305.0	n/a	n/a	n/a	n/a
42.534	0.0	trigger_11	11	n/a	n/a	n/a	n/a	n/a	n/a	n/a
42.538	0.0	trigger_10	10	n/a	n/a	n/a	n/a	n/a	n/a	n/a
42.78	0.04	saccade	n/a	241.7	91.6	n/a	173.4	93.2	2.71	267.0
42.822	0.194	fixation	n/a	161.9	92.4	299.0	n/a	n/a	n/a	n/a
43.018	0.026	saccade	n/a	161.5	91.5	n/a	289.2	87.9	5.06	343.0
43.046	0.236	fixation	n/a	302.7	84.7	293.0	n/a	n/a	n/a	n/a
43.284	0.028	saccade	n/a	305.5	84.6	n/a	329.6	87.9	0.98	167.0
43.314	0.222	fixation	n/a	335.7	87.0	288.0	n/a	n/a	n/a	n/a
43.538	0.042	saccade	n/a	335.8	87.2	n/a	413.7	91.5	3.14	289.0
43.582	0.336	fixation	n/a	425.5	91.4	282.0	n/a	n/a	n/a	n/a
43.92	0.05	saccade	n/a	426.1	93.4	n/a	269.4	87.1	6.3	385.0
43.972	0.098	fixation	n/a	257.3	87.5	287.0	n/a	n/a	n/a	n/a
44.072	0.044	saccade	n/a	257.3	87.8	n/a	172.4	85.9	3.36	288.0
44.118	0.646	fixation	n/a	167.3	89.2	292.0	n/a	n/a	n/a	n/a
44.766	0.018	saccade	n/a	167.7	88.7	n/a	135.8	86.8	1.25	119.0
44.786	0.19	fixation	n/a	146.2	90.6	294.0	n/a	n/a	n/a	n/a
44.978	0.02	saccade	n/a	147.2	91.1	n/a	203.7	91.9	2.22	179.0
45.0	0.188	fixation	n/a	202.8	92.5	307.0	n/a	n/a	n/a	n/a
45.19	0.018	saccade	n/a	201.9	91.2	n/a	253.5	91.5	2.05	168.0
45.21	0.258	fixation	n/a	250.9	87.9	286.0	n/a	n/a	n/a	n/a
45.47	0.04	saccade	n/a	251.6	85.9	n/a	301.9	86.5	2.01	211.0
45.512	0.192	fixation	n/a	311.5	87.7	272.0	n/a	n/a	n/a	n/a
45.684	0.0	trigger_11	11	n/a	n/a	n/a	n/a	n/a	n/a	n/a
45.688	0.0	trigger_12	12	n/a	n/a	n/a	n/a	n/a	n/a	n/a
45.706	0.012	saccade	n/a	310.8	86.7	n/a	335.9	88.2	1.01	103.0
45.72	0.166	fixation	n/a	337.5	86.8	266.0	n/a	n/a	n/a	n/a
45.888	0.026	saccade	n/a	338.2	87.4	n/a	434.4	84.1	3.87	240.0
45.916	0.222	fixation	n/a	434.8	84.9	253.0	n/a	n/a	n/a	n/a
46.14	0.012	saccade	n/a	439.4	85.1	n/a	462.0	83.7	0.91	88.0
46.154	0.196	fixation	n/a	457.3	84.4	252.0	n/a	n/a	n/a	n/a
46.352	0.008	saccade	n/a	459.9	86.0	n/a	471.6	81.6	0.5	62.0
46.362	0.114	fixation	n/a	473.1	81.6	248.0	n/a	n/a	n/a	n/a
46.478	0.028	saccade	n/a	472.1	82.5	n/a	555.1	78.7	3.32	204.0
46.508	0.262	fixation	n/a	544.3	78.0	247.0	n/a	n/a	n/a	n/a
46.772	0.036	saccade	n/a	545.1	78.7	n/a	573.5	76.9	1.13	140.0
46.81	0.064	fixation	n/a	581.4	77.0	253.0	n/a	n/a	n/a	n/a
46.876	0.066	saccade	n/a	582.7	76.8	n/a	174.1	132.1	16.3	553.0
46.944	0.31	fixation	n/a	160.9	135.8	266.0	n/a	n/a	n/a	n/a
47.256	0.018	saccade	n/a	159.7	136.8	n/a	210.7	138.1	2.01	178.0
47.276	0.122	fixation	n/a	207.5	136.2	257.0	n/a	n/a	n/a	n/a
47.4	0.022	saccade	n/a	209.9	136.9	n/a	225.1	75.0	2.58	189.0
47.424	0.452	fixation	n/a	230.8	82.6	253.0	n/a	n/a	n/a	n/a
47.75	0.0	trigger_13	13	n/a	n/a	n/a	n/a	n/a	n/a	n/a
47.878	0.036	saccade	n/a	232.8	85.1	n/a	175.6	91.4	2.28	229.0
47.916	0.182	fixation	n/a	171.4	91.0	275.0	n/a	n/a	n/a	n/a
48.1	0.022	saccade	n/a	171.4	90.7	n/a	239.6	88.3	2.7	206.0
48.124	0.302	fixation	n/a	239.8	88.3	272.0	n/a	n/a	n/a	n/a
48.428	0.022	saccade	n/a	239.3	85.9	n/a	311.7	85.4	2.9	233.0
48.452	0.184	fixation	n/a	304.0	84.5	258.0	n/a	n/a	n/a	n/a
48.638	0.026	saccade	n/a	306.1	83.6	n/a	226.7	85.6	3.17	206.0
48.666	0.228	fixation	n/a	234.9	82.8	253.0	n/a	n/a	n/a	n/a
48.896	0.024	saccade	n/a	233.7	84.0	n/a	310.4	90.9	3.07	230.0
48.922	0.378	fixation	n/a	298.2	89.6	250.0	n/a	n/a	n/a	n/a
49.302	0.016	saccade	n/a	298.6	89.1	n/a	291.1	82.9	0.39	54.0
49.32	0.176	fixation	n/a	293.3	84.8	247.0	n/a	n/a	n/a	n/a
49.498	0.036	saccade	n/a	292.3	85.0	n/a	350.6	84.1	2.34	260.0
49.536	0.956	fixation	n/a	363.5	88.8	274.0	n/a	n/a	n/a	n/a
50.102	0.0	trigger_15	15	n/a	n/a	n/a	n/a	n/a	n/a	n/a
50.104	0.0	trigger_10	10	n/a	n/a	n/a	n/a	n/a	n/a	n/a
50.494	0.026	saccade	n/a	364.2	88.9	n/a	411.5	91.6	1.91	101.0
50.522	0.22	fixation	n/a	405.5	90.8	290.0	n/a	n/a	n/a	n/a
50.744	0.032	saccade	n/a	405.1	91.7	n/a	522.0	90.8	4.69	222.0
50.778	0.204	fixation	n/a	534.9	86.7	317.0	n/a	n/a	n/a	n/a
50.984	0.02	saccade	n/a	536.4	87.8	n/a	585.7	84.1	1.97	158.0
51.006	0.164	fixation	n/a	578.1	86.6	311.0	n/a	n/a	n/a	n/a
51.172	0.02	saccade	n/a	582.7	100.4	n/a	619.7	126.6	1.81	124.0
51.194	0.038	fixation	n/a	631.4	129.6	218.0	n/a	n/a	n/a	n/a
51.234	0.008	saccade	n/a	625.8	113.9	n/a	608.4	108.5	0.72	92.0
51.244	0.406	fixation	n/a	602.9	82.1	265.0	n/a	n/a	n/a	n/a
51.652	0.022	saccade	n/a	606.5	79.0	n/a	557.0	91.3	2.03	167.0
51.676	0.634	fixation	n/a	565.9	87.3	269.0	n/a	n/a	n/a	n/a
52.312	0.05	saccade	n/a	567.4	82.0	n/a	414.5	86.9	6.12	372.0
52.364	0.138	fixation	n/a	403.9	88.8	282.0	n/a	n/a	n/a	n/a
52.504	0.056	saccade	n/a	404.4	87.8	n/a	218.8	80.8	7.43	389.0
52.562	0.134	fixation	n/a	205.8	85.2	297.0	n/a	n/a	n/a	n/a
52.698	0.024	saccade	n/a	204.9	86.4	n/a	140.2	92.2	2.55	212.0
52.724	0.244	fixation	n/a	153.4	91.0	301.0	n/a	n/a	n/a	n/a
52.97	0.006	saccade	n/a	151.6	91.7	n/a	144.5	93.1	0.28	44.0
52.978	0.166	fixation	n/a	144.4	90.8	297.0	n/a	n/a	n/a	n/a
53.146	0.024	saccade	n/a	144.3	90.2	n/a	229.4	89.8	3.35	281.0
53.172	0.228	fixation	n/a	215.7	88.4	292.0	n/a	n/a	n/a	n/a
53.342	0.0	trigger_11	11	n/a	n/a	n/a	n/a	n/a	n/a	n/a
53.348	0.0	trigger_10	10	n/a	n/a	n/a	n/a	n/a	n/a	n/a
53.402	0.022	saccade	n/a	215.4	88.7	n/a	283.7	91.8	2.72	203.0
53.426	0.16	fixation	n/a	277.3	90.9	306.0	n/a	n/a	n/a	n/a
53.588	0.036	saccade	n/a	279.6	90.9	n/a	336.8	90.8	2.29	257.0
53.626	0.25	fixation	n/a	343.6	88.8	312.0	n/a	n/a	n/a	n/a
53.878	0.026	saccade	n/a	343.7	90.7	n/a	450.3	87.3	4.28	312.0
53.906	0.23	fixation	n/a	441.9	88.0	320.0	n/a	n/a	n/a	n/a
54.138	0.042	saccade	n/a	444.1	88.6	n/a	515.1	80.4	2.87	297.0
54.182	0.282	fixation	n/a	526.5	83.4	332.0	n/a	n/a	n/a	n/a
54.466	0.02	saccade	n/a	526.7	86.2	n/a	573.0	84.0	1.85	147.0
54.488	0.312	fixation	n/a	560.0	82.7	333.0	n/a	n/a	n/a	n/a
54.802	0.16	saccade	n/a	560.8	90.8	n/a	270.9	139.9	11.74	262.0
54.828	0.116	blink	n/a	n/a	n/a	n/a	n/a	n/a	n/a	n/a
54.964	0.574	fixation	n/a	271.6	93.8	323.0	n/a	n/a	n/a	n/a
55.54	0.044	saccade	n/a	269.9	94.0	n/a	185.6	93.0	3.35	313.0
55.586	0.126	fixation	n/a	173.5	94.3	326.0	n/a	n/a	n/a	n/a
55.714	0.02	saccade	n/a	173.5	94.9	n/a	138.6	96.3	1.37	140.0
55.736	0.178	fixation	n/a	145.7	94.4	329.0	n/a	n/a	n/a	n/a
55.916	0.034	saccade	n/a	146.9	93.1	n/a	212.4	89.0	2.58	261.0
55.952	0.158	fixation	n/a	218.9	88.8	312.0	n/a	n/a	n/a	n/a
56.112	0.04	saccade	n/a	222.7	87.0	n/a	167.2	89.0	2.19	207.0
56.154	0.144	fixation	n/a	159.2	88.9	305.0	n/a	n/a	n/a	n/a
56.3	0.032	saccade	n/a	159.7	90.5	n/a	335.3	85.8	6.97	424.0
56.334	0.196	fixation	n/a	337.7	87.0	307.0	n/a	n/a	n/a	n/a
56.532	0.014	saccade	n/a	343.7	89.2	n/a	375.0	92.2	1.27	112.0
56.548	0.134	fixation	n/a	368.7	91.6	307.0	n/a	n/a	n/a	n/a
56.684	0.028	saccade	n/a	368.6	92.7	n/a	456.1	90.9	3.52	223.0
56.714	0.184	fixation	n/a	442.4	91.5	310.0	n/a	n/a	n/a	n/a
56.9	0.044	saccade	n/a	442.6	92.2	n/a	504.3	80.1	2.53	200.0
56.946	0.158	fixation	n/a	515.9	80.3	308.0	n/a	n/a	n/a	n/a
57.106	0.064	saccade	n/a	517.2	79.4	n/a	172.2	144.3	13.91	505.0
57.172	0.252	fixation	n/a	155.0	146.2	334.0	n/a	n/a	n/a	n/a
57.426	0.008	saccade	n/a	156.3	148.6	n/a	170.8	146.1	0.58	70.0
57.436	0.148	fixation	n/a	172.9	145.5	331.0	n/a	n/a	n/a	n/a
57.586	0.036	saccade	n/a	173.3	144.3	n/a	257.4	143.1	3.33	284.0
57.624	0.166	fixation	n/a	264.8	142.0	317.0	n/a	n/a	n/a	n/a
57.792	0.018	saccade	n/a	269.1	141.6	n/a	224.1	141.9	1.79	150.0
57.812	0.19	fixation	n/a	232.5	140.5	310.0	n/a	n/a	n/a	n/a
58.004	0.044	saccade	n/a	233.1	140.2	n/a	342.8	139.2	4.38	295.0
58.05	0.17	fixation	n/a	354.3	142.1	304.0	n/a	n/a	n/a	n/a
58.222	0.022	saccade	n/a	356.3	143.7	n/a	412.0	144.9	2.25	154.0
58.246	0.138	fixation	n/a	415.6	143.0	307.0	n/a	n/a	n/a	n/a
58.246	0.0	trigger_11	11	n/a	n/a	n/a	n/a	n/a	n/a	n/a
58.25	0.0	trigger_10	10	n/a	n/a	n/a	n/a	n/a	n/a	n/a
58.386	0.018	saccade	n/a	415.8	142.6	n/a	469.3	143.0	2.15	177.0
58.406	0.168	fixation	n/a	469.1	141.7	318.0	n/a	n/a	n/a	n/a
58.576	0.022	saccade	n/a	468.8	141.8	n/a	536.6	139.2	2.71	192.0
58.6	0.202	fixation	n/a	531.2	138.3	322.0	n/a	n/a	n/a	n/a
58.804	0.024	saccade	n/a	531.7	139.9	n/a	589.7	137.6	2.31	174.0
58.83	0.258	fixation	n/a	579.9	137.0	308.0	n/a	n/a	n/a	n/a
59.09	0.05	saccade	n/a	581.6	137.6	n/a	627.6	135.9	1.82	192.0
59.142	0.136	fixation	n/a	626.4	135.4	285.0	n/a	n/a	n/a	n/a
59.28	0.076	saccade	n/a	629.2	134.6	n/a	147.7	197.2	19.01	521.0
59.358	0.322	fixation	n/a	133.5	204.1	288.0	n/a	n/a	n/a	n/a
59.682	0.086	saccade	n/a	131.5	203.6	n/a	488.3	139.8	14.34	368.0
59.77	0.318	fixation	n/a	500.8	137.7	257.0	n/a	n/a	n/a	n/a
60.09	0.056	saccade	n/a	500.1	137.4	n/a	337.1	113.4	6.62	297.0
60.148	0.252	fixation	n/a	341.5	114.2	247.0	n/a	n/a	n/a	n/a
60.402	0.048	saccade	n/a	339.4	113.3	n/a	166.1	85.5	6.97	390.0
60.452	0.166	fixation	n/a	156.7	87.0	262.0	n/a	n/a	n/a	n/a
60.62	0.018	saccade	n/a	155.1	88.4	n/a	132.9	87.6	0.87	114.0
60.64	0.232	fixation	n/a	137.7	85.6	265.0	n/a	n/a	n/a	n/a
60.874	0.024	saccade	n/a	138.0	83.9	n/a	234.3	82.1	3.78	259.0
60.9	0.222	fixation	n/a	230.2	81.5	259.0	n/a	n/a	n/a	n/a
61.124	0.016	saccade	n/a	233.1	81.8	n/a	265.1	83.8	1.28	115.0
61.142	0.168	fixation	n/a	257.5	83.5	255.0	n/a	n/a	n/a	n/a
61.312	0.032	saccade	n/a	257.2	84.5	n/a	123.2	92.3	5.27	290.0
61.346	0.33	fixation	n/a	130.1	86.9	260.0	n/a	n/a	n/a	n/a
61.678	0.014	saccade	n/a	129.1	87.8	n/a	105.9	88.6	0.9	81.0
61.694	0.256	fixation	n/a	113.9	87.1	257.0	n/a	n/a	n/a	n/a
61.952	0.014	saccade	n/a	114.3	87.9	n/a	142.5	86.8	1.1	90.0
61.968	0.146	fixation	n/a	143.8	86.8	257.0	n/a	n/a	n/a	n/a
62.116	0.028	saccade	n/a	144.7	86.4	n/a	232.0	88.9	3.44	205.0
62.146	0.162	fixation	n/a	237.9	85.6	255.0	n/a	n/a	n/a	n/a
62.31	0.028	saccade	n/a	238.3	85.2	n/a	328.1	87.6	3.59	248.0
62.34	0.178	fixation	n/a	319.6	86.3	250.0	n/a	n/a	n/a	n/a
62.52	0.028	saccade	n/a	321.6	86.3	n/a	399.3	90.7	3.13	209.0
62.55	0.204	fixation	n/a	390.5	89.8	238.0	n/a	n/a	n/a	n/a
62.756	0.014	saccade	n/a	389.7	89.5	n/a	366.8	87.3	0.93	77.0
62.772	0.134	fixation	n/a	373.5	86.8	232.0	n/a	n/a	n/a	n/a
62.908	0.02	saccade	n/a	373.6	88.0	n/a	433.9	88.1	2.43	179.0
62.93	0.234	fixation	n/a	441.6	85.2	228.0	n/a	n/a	n/a	n/a
63.166	0.022	saccade	n/a	442.3	85.6	n/a	385.2	89.3	2.31	181.0
63.19	0.204	fixation	n/a	396.5	88.9	228.0	n/a	n/a	n/a	n/a
63.396	0.046	saccade	n/a	396.2	90.0	n/a	504.1	82.1	4.35	221.0
63.444	0.236	fixation	n/a	512.6	81.7	236.0	n/a	n/a	n/a	n/a
63.682	0.018	saccade	n/a	515.5	82.2	n/a	550.0	79.5	1.38	108.0
63.702	0.066	fixation	n/a	540.3	79.4	235.0	n/a	n/a	n/a	n/a
63.77	0.02	saccade	n/a	541.6	79.9	n/a	475.6	82.8	2.64	222.0
63.792	0.16	fixation	n/a	479.1	83.5	239.0	n/a	n/a	n/a	n/a
63.902	0.0	trigger_11	11	n/a	n/a	n/a	n/a	n/a	n/a	n/a
63.91	0.0	trigger_10	10	n/a	n/a	n/a	n/a	n/a	n/a	n/a
63.954	0.042	saccade	n/a	477.5	83.1	n/a	549.4	76.5	2.89	207.0
63.998	0.186	fixation	n/a	556.4	78.9	247.0	n/a	n/a	n/a	n/a
64.186	0.066	saccade	n/a	560.8	79.3	n/a	228.0	125.4	13.36	489.0
64.254	0.134	fixation	n/a	216.3	128.8	268.0	n/a	n/a	n/a	n/a
64.39	0.024	saccade	n/a	216.0	130.8	n/a	130.0	148.2	3.45	249.0
64.416	0.374	fixation	n/a	142.6	144.5	266.0	n/a	n/a	n/a	n/a
64.792	0.02	saccade	n/a	142.9	144.4	n/a	201.3	139.8	2.3	201.0
64.814	0.314	fixation	n/a	197.4	139.1	256.0	n/a	n/a	n/a	n/a
65.13	0.016	saccade	n/a	195.0	140.6	n/a	183.8	141.2	0.44	69.0
65.148	0.24	fixation	n/a	187.2	141.3	263.0	n/a	n/a	n/a	n/a
65.39	0.022	saccade	n/a	184.6	143.2	n/a	245.2	143.8	2.4	190.0
65.414	0.248	fixation	n/a	232.0	143.5	266.0	n/a	n/a	n/a	n/a
65.664	0.036	saccade	n/a	232.3	144.1	n/a	284.8	137.9	2.11	210.0
65.702	0.39	fixation	n/a	292.8	136.7	251.0	n/a	n/a	n/a	n/a
66.094	0.046	saccade	n/a	295.7	136.1	n/a	167.4	92.4	5.38	374.0
66.142	0.152	fixation	n/a	156.6	90.2	252.0	n/a	n/a	n/a	n/a
66.296	0.018	saccade	n/a	155.8	90.5	n/a	133.6	86.8	0.88	96.0
66.316	0.128	fixation	n/a	138.4	86.9	255.0	n/a	n/a	n/a	n/a
66.446	0.02	saccade	n/a	138.7	89.1	n/a	199.8	89.8	2.4	184.0
66.468	0.168	fixation	n/a	208.1	86.3	244.0	n/a	n/a	n/a	n/a
66.638	0.02	saccade	n/a	208.2	85.4	n/a	263.7	81.6	2.21	179.0
66.66	0.23	fixation	n/a	271.1	82.5	236.0	n/a	n/a	n/a	n/a
66.892	0.02	saccade	n/a	272.3	82.9	n/a	230.7	83.0	1.66	143.0
66.914	0.144	fixation	n/a	239.6	82.0	240.0	n/a	n/a	n/a	n/a
67.06	0.036	saccade	n/a	239.6	81.9	n/a	395.5	84.9	6.25	353.0
67.098	0.21	fixation	n/a	394.9	85.0	242.0	n/a	n/a	n/a	n/a
67.31	0.024	saccade	n/a	397.5	85.5	n/a	470.8	83.8	2.95	218.0
67.336	0.172	fixation	n/a	462.6	84.1	248.0	n/a	n/a	n/a	n/a
67.51	0.024	saccade	n/a	462.3	84.4	n/a	539.7	79.6	3.1	240.0
67.536	0.208	fixation	n/a	528.3	80.5	248.0	n/a	n/a	n/a	n/a
67.746	0.064	saccade	n/a	527.8	82.0	n/a	175.9	138.2	14.15	469.0
67.812	0.286	fixation	n/a	163.5	139.9	269.0	n/a	n/a	n/a	n/a
68.1	0.004	saccade	n/a	157.4	144.3	n/a	165.4	142.2	0.32	62.0
68.106	0.152	fixation	n/a	165.4	142.5	272.0	n/a	n/a	n/a	n/a
68.26	0.024	saccade	n/a	164.6	141.7	n/a	233.4	145.6	2.72	225.0
68.286	0.162	fixation	n/a	225.8	144.4	266.0	n/a	n/a	n/a	n/a
68.45	0.024	saccade	n/a	227.0	146.0	n/a	307.4	139.6	3.22	201.0
68.476	0.19	fixation	n/a	301.1	139.7	264.0	n/a	n/a	n/a	n/a
68.668	0.026	saccade	n/a	302.3	140.8	n/a	388.9	142.6	3.49	246.0
68.696	0.27	fixation	n/a	383.6	142.5	251.0	n/a	n/a	n/a	n/a
68.968	0.018	saccade	n/a	386.5	143.3	n/a	344.4	140.9	1.7	139.0
68.988	0.142	fixation	n/a	350.4	141.8	246.0	n/a	n/a	n/a	n/a
69.132	0.022	saccade	n/a	350.3	141.8	n/a	417.1	145.4	2.69	208.0
69.156	0.264	fixation	n/a	421.0	142.9	242.0	n/a	n/a	n/a	n/a
69.422	0.024	saccade	n/a	422.6	141.5	n/a	330.4	142.8	3.71	259.0
69.448	0.184	fixation	n/a	325.8	141.0	244.0	n/a	n/a	n/a	n/a
69.634	0.026	saccade	n/a	323.2	139.6	n/a	413.1	143.2	3.62	225.0
69.662	0.206	fixation	n/a	407.2	142.9	249.0	n/a	n/a	n/a	n/a
69.87	0.044	saccade	n/a	408.0	142.9	n/a	476.1	138.3	2.75	218.0
69.916	0.212	fixation	n/a	488.3	137.6	247.0	n/a	n/a	n/a	n/a
70.13	0.046	saccade	n/a	489.9	138.7	n/a	586.8	133.0	3.87	304.0
70.178	0.232	fixation	n/a	605.5	134.9	252.0	n/a	n/a	n/a	n/a
70.412	0.074	saccade	n/a	608.4	134.5	n/a	187.6	196.2	16.75	482.0
70.488	0.188	fixation	n/a	175.5	201.0	266.0	n/a	n/a	n/a	n/a
70.678	0.022	saccade	n/a	175.9	199.8	n/a	107.0	207.9	2.7	212.0
70.702	0.248	fixation	n/a	121.1	206.3	263.0	n/a	n/a	n/a	n/a
70.952	0.038	saccade	n/a	120.1	205.2	n/a	211.6	197.3	3.6	258.0
70.992	0.286	fixation	n/a	220.1	195.1	249.0	n/a	n/a	n/a	n/a
71.0	0.0	trigger_11	11	n/a	n/a	n/a	n/a	n/a	n/a	n/a
71.004	0.0	trigger_12	12	n/a	n/a	n/a	n/a	n/a	n/a	n/a
71.28	0.018	saccade	n/a	223.2	193.3	n/a	266.5	201.7	1.75	145.0
71.3	0.162	fixation	n/a	263.4	208.3	246.0	n/a	n/a	n/a	n/a
71.464	0.026	saccade	n/a	265.7	205.7	n/a	298.3	120.4	3.7	237.0
71.492	0.172	fixation	n/a	309.4	111.7	229.0	n/a	n/a	n/a	n/a
71.666	0.02	saccade	n/a	309.6	111.8	n/a	330.7	77.2	1.65	128.0
71.688	0.26	fixation	n/a	332.1	83.6	230.0	n/a	n/a	n/a	n/a
71.95	0.026	saccade	n/a	331.9	85.7	n/a	458.5	86.5	5.08	362.0
71.978	0.21	fixation	n/a	456.8	85.6	235.0	n/a	n/a	n/a	n/a
72.19	0.06	saccade	n/a	459.2	86.8	n/a	170.0	138.3	11.66	476.0
72.252	0.19	fixation	n/a	154.0	144.8	263.0	n/a	n/a	n/a	n/a
72.444	0.024	saccade	n/a	153.8	146.5	n/a	253.7	146.7	3.94	327.0
72.47	0.258	fixation	n/a	261.0	141.7	262.0	n/a	n/a	n/a	n/a
72.73	0.024	saccade	n/a	263.9	141.2	n/a	268.0	194.7	2.18	140.0
72.756	0.396	fixation	n/a	266.1	187.6	262.0	n/a	n/a	n/a	n/a
73.154	0.05	saccade	n/a	267.4	187.0	n/a	208.3	85.4	4.74	296.0
73.206	0.098	fixation	n/a	203.9	82.0	253.0	n/a	n/a	n/a	n/a
73.306	0.024	saccade	n/a	204.1	81.8	n/a	125.9	82.4	3.07	233.0
73.332	0.186	fixation	n/a	136.7	83.5	254.0	n/a	n/a	n/a	n/a
73.52	0.016	saccade	n/a	137.0	83.4	n/a	176.1	82.7	1.53	130.0
73.538	0.138	fixation	n/a	172.7	84.5	253.0	n/a	n/a	n/a	n/a
73.678	0.024	saccade	n/a	174.3	85.9	n/a	116.8	85.7	2.25	148.0
73.704	0.198	fixation	n/a	126.4	86.0	246.0	n/a	n/a	n/a	n/a
73.904	0.022	saccade	n/a	126.3	86.4	n/a	176.3	86.1	1.96	118.0
73.928	0.092	fixation	n/a	172.2	88.0	243.0	n/a	n/a	n/a	n/a
74.022	0.018	saccade	n/a	174.2	88.9	n/a	126.2	84.5	1.89	138.0
74.042	0.21	fixation	n/a	127.7	84.9	245.0	n/a	n/a	n/a	n/a
74.254	0.018	saccade	n/a	127.6	84.9	n/a	171.4	85.9	1.71	151.0
74.274	0.134	fixation	n/a	164.9	88.2	242.0	n/a	n/a	n/a	n/a
74.336	0.0	trigger_13	13	n/a	n/a	n/a	n/a	n/a	n/a	n/a
74.41	0.02	saccade	n/a	165.1	89.1	n/a	215.9	85.9	2.01	150.0
74.432	0.21	fixation	n/a	207.6	87.0	237.0	n/a	n/a	n/a	n/a
74.644	0.016	saccade	n/a	207.1	86.2	n/a	247.1	83.8	1.59	130.0
74.662	0.138	fixation	n/a	244.8	85.5	231.0	n/a	n/a	n/a	n/a
74.802	0.036	saccade	n/a	245.0	86.0	n/a	319.3	89.5	2.98	264.0
74.84	0.192	fixation	n/a	329.7	91.0	225.0	n/a	n/a	n/a	n/a
75.034	0.044	saccade	n/a	332.8	91.8	n/a	410.6	89.6	3.13	226.0
75.08	0.2	fixation	n/a	420.5	89.8	214.0	n/a	n/a	n/a	n/a
75.282	0.024	saccade	n/a	422.0	89.9	n/a	495.8	82.2	2.99	207.0
75.308	0.182	fixation	n/a	486.9	83.2	215.0	n/a	n/a	n/a	n/a
75.492	0.028	saccade	n/a	487.2	82.2	n/a	569.1	76.7	3.28	204.0
75.522	0.198	fixation	n/a	555.6	76.5	213.0	n/a	n/a	n/a	n/a
75.688	0.0	trigger_15	15	n/a	n/a	n/a	n/a	n/a	n/a	n/a
75.692	0.0	trigger_10	10	n/a	n/a	n/a	n/a	n/a	n/a	n/a
75.722	0.064	saccade	n/a	556.8	74.7	n/a	133.7	135.2	16.84	472.0
75.788	0.256	fixation	n/a	135.2	138.3	229.0	n/a	n/a	n/a	n/a
76.046	0.02	saccade	n/a	134.2	139.4	n/a	180.0	95.7	2.51	177.0
76.068	0.57	fixation	n/a	186.0	85.1	234.0	n/a	n/a	n/a	n/a
76.64	0.038	saccade	n/a	185.9	87.5	n/a	305.8	193.5	6.41	408.0
76.68	0.382	fixation	n/a	303.7	189.9	280.0	n/a	n/a	n/a	n/a
77.064	0.216	saccade	n/a	305.5	186.8	n/a	305.3	194.3	0.3	112.0
77.082	0.19	blink	n/a	n/a	n/a	n/a	n/a	n/a	n/a	n/a
77.282	0.184	fixation	n/a	374.3	221.9	236.0	n/a	n/a	n/a	n/a
77.468	0.02	saccade	n/a	368.9	201.5	n/a	325.6	199.5	1.74	138.0
77.49	0.364	fixation	n/a	335.9	192.1	265.0	n/a	n/a	n/a	n/a
77.856	0.048	saccade	n/a	336.1	186.3	n/a	195.2	119.0	6.24	401.0
77.906	0.078	fixation	n/a	185.5	114.9	254.0	n/a	n/a	n/a	n/a
77.986	0.022	saccade	n/a	185.1	115.6	n/a	153.7	83.8	1.78	177.0
78.01	0.22	fixation	n/a	159.2	88.7	247.0	n/a	n/a	n/a	n/a
78.232	0.014	saccade	n/a	157.8	88.9	n/a	149.0	84.3	0.39	52.0
78.248	0.192	fixation	n/a	152.4	85.8	241.0	n/a	n/a	n/a	n/a
78.442	0.024	saccade	n/a	153.1	86.1	n/a	256.2	87.5	4.07	313.0
78.468	0.228	fixation	n/a	253.2	86.8	235.0	n/a	n/a	n/a	n/a
78.698	0.02	saccade	n/a	255.7	88.6	n/a	298.0	84.9	1.7	137.0
78.72	0.156	fixation	n/a	287.8	87.7	237.0	n/a	n/a	n/a	n/a
78.878	0.04	saccade	n/a	286.3	88.0	n/a	365.3	91.3	3.18	281.0
78.92	0.212	fixation	n/a	375.2	92.8	235.0	n/a	n/a	n/a	n/a
79.134	0.042	saccade	n/a	377.5	93.2	n/a	489.6	83.9	4.53	346.0
79.178	0.216	fixation	n/a	501.0	86.5	235.0	n/a	n/a	n/a	n/a
79.396	0.03	saccade	n/a	501.5	88.0	n/a	567.6	82.9	2.65	164.0
79.428	0.286	fixation	n/a	560.5	81.9	240.0	n/a	n/a	n/a	n/a
79.716	0.04	saccade	n/a	561.3	82.2	n/a	612.9	78.7	2.05	201.0
79.758	0.308	fixation	n/a	621.6	80.3	255.0	n/a	n/a	n/a	n/a
80.068	0.076	saccade	n/a	623.4	81.5	n/a	193.2	139.9	17.13	533.0
80.146	0.132	fixation	n/a	181.6	142.9	306.0	n/a	n/a	n/a	n/a
80.28	0.022	saccade	n/a	181.3	143.4	n/a	129.3	151.5	2.06	172.0
80.304	0.252	fixation	n/a	142.9	148.6	307.0	n/a	n/a	n/a	n/a
80.558	0.028	saccade	n/a	142.3	147.6	n/a	266.0	148.7	4.89	338.0
80.588	0.474	fixation	n/a	261.1	145.7	275.0	n/a	n/a	n/a	n/a
81.064	0.032	saccade	n/a	259.7	145.7	n/a	345.4	146.6	3.43	154.0
81.098	0.196	fixation	n/a	335.0	143.9	263.0	n/a	n/a	n/a	n/a
81.296	0.018	saccade	n/a	338.1	144.8	n/a	393.1	147.0	2.22	168.0
81.316	0.154	fixation	n/a	399.7	146.9	257.0	n/a	n/a	n/a	n/a
81.472	0.022	saccade	n/a	400.3	147.0	n/a	470.8	143.6	2.84	210.0
81.496	0.248	fixation	n/a	467.6	140.9	255.0	n/a	n/a	n/a	n/a
81.746	0.02	saccade	n/a	468.7	141.5	n/a	521.7	137.6	2.13	161.0
81.768	0.202	fixation	n/a	519.3	137.4	246.0	n/a	n/a	n/a	n/a
81.972	0.02	saccade	n/a	519.8	137.9	n/a	567.1	138.5	1.88	147.0
81.994	0.14	fixation	n/a	559.2	137.2	240.0	n/a	n/a	n/a	n/a
82.136	0.058	saccade	n/a	559.8	138.0	n/a	157.0	207.4	16.14	517.0
82.196	0.224	fixation	n/a	160.7	211.3	249.0	n/a	n/a	n/a	n/a
82.422	0.028	saccade	n/a	160.0	212.2	n/a	267.0	205.2	4.23	260.0
82.452	0.204	fixation	n/a	267.9	202.1	243.0	n/a	n/a	n/a	n/a
82.658	0.022	saccade	n/a	269.6	203.1	n/a	345.9	198.7	3.06	196.0
82.682	0.348	fixation	n/a	364.3	197.2	229.0	n/a	n/a	n/a	n/a
83.032	0.028	saccade	n/a	366.4	199.0	n/a	273.2	212.0	3.77	253.0
83.062	0.274	fixation	n/a	281.3	205.7	236.0	n/a	n/a	n/a	n/a
83.338	0.034	saccade	n/a	282.1	204.2	n/a	354.8	200.7	2.92	126.0
83.374	0.296	fixation	n/a	349.2	200.6	235.0	n/a	n/a	n/a	n/a
83.672	0.04	saccade	n/a	347.4	201.8	n/a	407.5	201.0	2.41	229.0
83.714	0.184	fixation	n/a	415.9	203.6	236.0	n/a	n/a	n/a	n/a
83.9	0.014	saccade	n/a	416.9	202.9	n/a	455.2	202.2	1.54	146.0
83.916	0.242	fixation	n/a	459.6	196.4	235.0	n/a	n/a	n/a	n/a
84.16	0.032	saccade	n/a	462.1	196.2	n/a	470.0	127.1	2.83	168.0
84.194	0.116	fixation	n/a	475.6	131.6	231.0	n/a	n/a	n/a	n/a
84.312	0.06	saccade	n/a	476.0	130.8	n/a	222.6	93.3	10.23	453.0
84.374	0.258	fixation	n/a	210.8	94.5	237.0	n/a	n/a	n/a	n/a
84.634	0.01	saccade	n/a	208.2	96.7	n/a	191.0	92.1	0.7	71.0
84.646	0.146	fixation	n/a	193.5	89.1	233.0	n/a	n/a	n/a	n/a
84.794	0.024	saccade	n/a	195.5	88.5	n/a	278.7	84.6	3.31	222.0
84.82	0.23	fixation	n/a	276.8	85.1	222.0	n/a	n/a	n/a	n/a
85.052	0.026	saccade	n/a	278.6	85.8	n/a	363.3	83.6	3.4	215.0
85.08	0.226	fixation	n/a	360.1	84.2	217.0	n/a	n/a	n/a	n/a
85.308	0.022	saccade	n/a	361.8	84.6	n/a	295.4	81.2	2.67	192.0
85.332	0.196	fixation	n/a	287.6	82.6	215.0	n/a	n/a	n/a	n/a
85.53	0.032	saccade	n/a	286.6	84.1	n/a	386.7	90.2	4.03	253.0
85.564	0.136	fixation	n/a	380.5	89.3	216.0	n/a	n/a	n/a	n/a
85.702	0.05	saccade	n/a	382.3	89.3	n/a	491.6	84.9	4.4	310.0
85.754	0.154	fixation	n/a	490.9	84.7	225.0	n/a	n/a	n/a	n/a
85.91	0.024	saccade	n/a	491.9	83.9	n/a	567.6	78.6	3.03	210.0
85.936	0.292	fixation	n/a	561.1	79.4	232.0	n/a	n/a	n/a	n/a
86.23	0.022	saccade	n/a	561.5	80.2	n/a	635.3	76.4	2.92	219.0
86.254	0.164	fixation	n/a	625.4	76.1	241.0	n/a	n/a	n/a	n/a
86.42	0.076	saccade	n/a	628.8	76.5	n/a	162.0	137.6	18.47	544.0
86.498	0.266	fixation	n/a	149.4	145.4	263.0	n/a	n/a	n/a	n/a
86.766	0.03	saccade	n/a	149.2	148.0	n/a	283.2	143.5	5.3	328.0
86.798	0.47	fixation	n/a	281.0	140.5	263.0	n/a	n/a	n/a	n/a
87.12	0.0	trigger_11	11	n/a	n/a	n/a	n/a	n/a	n/a	n/a
87.126	0.0	trigger_10	10	n/a	n/a	n/a	n/a	n/a	n/a	n/a
87.27	0.032	saccade	n/a	281.8	138.0	n/a	376.1	140.6	3.79	220.0
87.304	0.16	fixation	n/a	366.2	139.5	262.0	n/a	n/a	n/a	n/a
87.466	0.046	saccade	n/a	366.4	140.2	n/a	456.0	133.1	3.62	247.0
87.514	0.188	fixation	n/a	464.5	134.6	268.0	n/a	n/a	n/a	n/a
87.704	0.016	saccade	n/a	466.7	134.8	n/a	499.5	135.8	1.32	110.0
87.722	0.17	fixation	n/a	489.8	135.8	271.0	n/a	n/a	n/a	n/a
87.894	0.064	saccade	n/a	490.7	136.9	n/a	159.5	202.4	13.38	502.0
87.96	0.254	fixation	n/a	144.9	208.3	279.0	n/a	n/a	n/a	n/a
88.216	0.056	saccade	n/a	147.6	210.1	n/a	285.8	198.6	5.47	143.0
88.274	0.22	fixation	n/a	282.0	197.4	270.0	n/a	n/a	n/a	n/a
88.496	0.04	saccade	n/a	284.8	197.7	n/a	384.0	198.8	3.98	295.0
88.538	0.284	fixation	n/a	394.8	200.9	250.0	n/a	n/a	n/a	n/a
88.824	0.024	saccade	n/a	395.2	202.9	n/a	452.1	195.8	2.3	168.0
88.85	0.212	fixation	n/a	445.1	196.5	255.0	n/a	n/a	n/a	n/a
89.064	0.036	saccade	n/a	446.8	195.3	n/a	268.5	109.8	7.95	392.0
89.102	0.202	fixation	n/a	264.7	99.7	254.0	n/a	n/a	n/a	n/a
89.306	0.042	saccade	n/a	264.9	100.8	n/a	167.1	85.7	3.92	341.0
89.35	0.224	fixation	n/a	156.1	87.1	259.0	n/a	n/a	n/a	n/a
89.576	0.006	saccade	n/a	157.0	88.9	n/a	164.8	90.8	0.32	46.0
89.584	0.214	fixation	n/a	164.2	88.3	273.0	n/a	n/a	n/a	n/a
89.8	0.006	saccade	n/a	162.4	90.2	n/a	156.3	92.9	0.26	43.0
89.808	0.314	fixation	n/a	156.8	93.7	284.0	n/a	n/a	n/a	n/a
90.124	0.02	saccade	n/a	156.7	96.0	n/a	211.6	94.4	2.17	183.0
90.146	0.256	fixation	n/a	208.2	94.3	286.0	n/a	n/a	n/a	n/a
90.404	0.036	saccade	n/a	207.3	94.5	n/a	289.1	94.9	3.25	138.0
90.442	0.208	fixation	n/a	280.5	93.7	276.0	n/a	n/a	n/a	n/a
90.652	0.018	saccade	n/a	282.8	91.9	n/a	314.2	92.5	1.26	116.0
90.672	0.208	fixation	n/a	306.8	93.2	266.0	n/a	n/a	n/a	n/a
90.882	0.024	saccade	n/a	306.7	94.0	n/a	381.4	96.1	3.01	215.0
90.908	0.246	fixation	n/a	381.7	92.1	255.0	n/a	n/a	n/a	n/a
91.156	0.044	saccade	n/a	383.2	91.4	n/a	472.3	87.2	3.59	241.0
91.202	0.164	fixation	n/a	486.2	87.6	255.0	n/a	n/a	n/a	n/a
91.368	0.026	saccade	n/a	487.9	87.4	n/a	409.4	91.6	3.16	212.0
91.396	0.186	fixation	n/a	417.6	91.1	242.0	n/a	n/a	n/a	n/a
91.584	0.044	saccade	n/a	414.5	91.2	n/a	514.8	80.4	4.05	260.0
91.63	0.174	fixation	n/a	525.2	82.2	251.0	n/a	n/a	n/a	n/a
91.806	0.036	saccade	n/a	526.7	83.0	n/a	570.4	76.9	1.76	160.0
91.844	0.106	fixation	n/a	573.6	76.3	256.0	n/a	n/a	n/a	n/a
91.952	0.072	saccade	n/a	575.8	77.4	n/a	189.2	139.1	15.48	538.0
92.026	0.124	fixation	n/a	176.6	142.9	270.0	n/a	n/a	n/a	n/a
92.152	0.034	saccade	n/a	173.9	146.8	n/a	138.2	151.8	1.41	161.0
92.188	0.216	fixation	n/a	132.8	152.5	275.0	n/a	n/a	n/a	n/a
92.406	0.028	saccade	n/a	132.2	153.4	n/a	220.5	148.9	3.47	212.0
92.436	0.256	fixation	n/a	216.1	146.7	258.0	n/a	n/a	n/a	n/a
92.694	0.024	saccade	n/a	217.8	146.3	n/a	295.3	140.4	3.1	204.0
92.72	0.23	fixation	n/a	301.1	140.6	247.0	n/a	n/a	n/a	n/a
92.952	0.02	saccade	n/a	301.9	141.6	n/a	369.0	141.9	2.7	227.0
92.974	0.17	fixation	n/a	364.3	140.8	243.0	n/a	n/a	n/a	n/a
93.146	0.04	saccade	n/a	365.9	140.2	n/a	420.0	138.9	2.18	196.0
93.188	0.042	fixation	n/a	425.3	138.8	246.0	n/a	n/a	n/a	n/a
93.232	0.048	saccade	n/a	426.3	138.5	n/a	311.2	137.4	4.63	311.0
93.282	0.244	fixation	n/a	301.7	139.2	254.0	n/a	n/a	n/a	n/a
93.528	0.012	saccade	n/a	301.7	139.2	n/a	278.6	141.4	0.93	95.0
93.542	0.158	fixation	n/a	285.7	140.5	267.0	n/a	n/a	n/a	n/a
93.702	0.046	saccade	n/a	285.6	141.3	n/a	402.6	140.5	4.7	390.0
93.75	0.222	fixation	n/a	415.3	142.9	264.0	n/a	n/a	n/a	n/a
93.974	0.028	saccade	n/a	416.7	144.6	n/a	515.4	138.5	3.97	271.0
94.004	0.194	fixation	n/a	509.5	140.9	280.0	n/a	n/a	n/a	n/a
94.2	0.024	saccade	n/a	512.4	140.7	n/a	434.5	139.5	3.13	245.0
94.226	0.24	fixation	n/a	445.2	140.5	277.0	n/a	n/a	n/a	n/a
94.468	0.018	saccade	n/a	444.9	142.1	n/a	430.8	140.4	0.57	91.0
94.488	0.098	fixation	n/a	433.4	140.6	281.0	n/a	n/a	n/a	n/a
94.588	0.03	saccade	n/a	431.8	140.1	n/a	534.1	142.2	4.11	256.0
94.62	0.24	fixation	n/a	523.6	141.1	276.0	n/a	n/a	n/a	n/a
94.862	0.022	saccade	n/a	527.4	141.3	n/a	460.1	139.7	2.7	203.0
94.886	0.216	fixation	n/a	470.9	140.4	272.0	n/a	n/a	n/a	n/a
95.104	0.022	saccade	n/a	471.1	139.7	n/a	421.7	140.4	1.99	156.0
95.128	0.226	fixation	n/a	430.9	141.8	257.0	n/a	n/a	n/a	n/a
95.356	0.044	saccade	n/a	429.4	144.1	n/a	540.3	141.3	4.45	297.0
95.402	0.282	fixation	n/a	551.9	139.9	255.0	n/a	n/a	n/a	n/a
95.686	0.022	saccade	n/a	553.9	139.0	n/a	602.0	136.8	1.91	128.0
95.71	0.246	fixation	n/a	593.7	137.5	244.0	n/a	n/a	n/a	n/a
95.958	0.036	saccade	n/a	593.5	137.5	n/a	623.4	134.8	1.18	170.0
95.996	0.078	fixation	n/a	632.2	136.3	239.0	n/a	n/a	n/a	n/a
96.076	0.068	saccade	n/a	633.4	136.6	n/a	175.7	197.6	18.12	510.0
96.146	0.184	fixation	n/a	175.1	197.9	244.0	n/a	n/a	n/a	n/a
96.332	0.02	saccade	n/a	174.1	198.3	n/a	118.5	206.7	2.19	172.0
96.354	0.226	fixation	n/a	132.3	204.7	243.0	n/a	n/a	n/a	n/a
96.582	0.02	saccade	n/a	132.4	205.8	n/a	177.6	193.5	1.83	155.0
96.604	0.27	fixation	n/a	173.5	196.4	236.0	n/a	n/a	n/a	n/a
96.876	0.042	saccade	n/a	175.1	197.7	n/a	214.4	88.9	4.65	217.0
96.92	0.48	fixation	n/a	221.8	88.1	241.0	n/a	n/a	n/a	n/a
97.336	0.0	trigger_11	11	n/a	n/a	n/a	n/a	n/a	n/a	n/a
97.344	0.0	trigger_10	10	n/a	n/a	n/a	n/a	n/a	n/a	n/a
97.402	0.024	saccade	n/a	222.4	88.7	n/a	152.3	87.3	2.76	213.0
97.428	0.474	fixation	n/a	162.5	87.9	247.0	n/a	n/a	n/a	n/a
97.904	0.028	saccade	n/a	158.3	90.6	n/a	262.0	94.4	4.11	290.0
97.934	0.184	fixation	n/a	254.0	91.8	251.0	n/a	n/a	n/a	n/a
98.12	0.02	saccade	n/a	255.6	90.2	n/a	318.0	90.8	2.5	190.0
98.142	0.182	fixation	n/a	323.8	90.2	243.0	n/a	n/a	n/a	n/a
98.326	0.02	saccade	n/a	326.4	89.2	n/a	393.5	90.5	2.7	201.0
98.348	0.374	fixation	n/a	399.6	92.4	232.0	n/a	n/a	n/a	n/a
98.724	0.032	saccade	n/a	400.8	93.3	n/a	454.5	84.5	2.19	121.0
98.758	0.134	fixation	n/a	448.9	82.9	234.0	n/a	n/a	n/a	n/a
98.894	0.028	saccade	n/a	449.9	83.2	n/a	536.3	83.2	3.46	240.0
98.924	0.32	fixation	n/a	523.3	82.1	241.0	n/a	n/a	n/a	n/a
99.246	0.054	saccade	n/a	522.4	81.9	n/a	174.9	106.9	13.83	461.0
99.302	0.204	fixation	n/a	182.2	109.1	251.0	n/a	n/a	n/a	n/a
99.508	0.024	saccade	n/a	183.5	110.0	n/a	133.2	86.0	2.19	202.0
99.534	0.154	fixation	n/a	144.6	88.9	256.0	n/a	n/a	n/a	n/a
99.69	0.018	saccade	n/a	144.7	89.1	n/a	126.8	94.1	0.73	74.0
99.71	0.126	fixation	n/a	132.0	92.8	262.0	n/a	n/a	n/a	n/a
99.838	0.022	saccade	n/a	129.8	94.6	n/a	192.1	91.1	2.45	170.0
99.862	0.198	fixation	n/a	204.4	92.8	265.0	n/a	n/a	n/a	n/a
100.062	0.022	saccade	n/a	204.3	92.9	n/a	266.2	91.7	2.46	174.0
100.086	0.824	fixation	n/a	257.2	91.9	251.0	n/a	n/a	n/a	n/a
100.912	0.028	saccade	n/a	249.5	92.2	n/a	353.3	92.8	4.16	262.0
100.942	0.186	fixation	n/a	347.2	92.6	245.0	n/a	n/a	n/a	n/a
101.13	0.032	saccade	n/a	347.7	93.3	n/a	420.7	93.6	2.94	149.0
101.164	0.16	fixation	n/a	414.1	90.8	238.0	n/a	n/a	n/a	n/a
101.326	0.022	saccade	n/a	417.0	91.0	n/a	475.8	88.4	2.37	163.0
101.35	0.224	fixation	n/a	468.6	86.0	240.0	n/a	n/a	n/a	n/a
101.576	0.014	saccade	n/a	470.3	85.7	n/a	502.4	82.9	1.29	105.0
101.592	0.226	fixation	n/a	501.1	82.4	237.0	n/a	n/a	n/a	n/a
101.818	0.0	trigger_11	11	n/a	n/a	n/a	n/a	n/a	n/a	n/a
101.82	0.016	saccade	n/a	504.7	82.2	n/a	539.7	80.9	1.4	108.0
101.822	0.0	trigger_10	10	n/a	n/a	n/a	n/a	n/a	n/a	n/a
101.838	0.21	fixation	n/a	530.7	82.6	232.0	n/a	n/a	n/a	n/a
102.05	0.04	saccade	n/a	530.4	83.5	n/a	574.7	77.5	1.78	169.0
102.092	0.116	fixation	n/a	581.9	76.3	228.0	n/a	n/a	n/a	n/a
102.21	0.058	saccade	n/a	584.9	75.6	n/a	180.5	136.3	16.17	483.0
102.27	0.248	fixation	n/a	171.2	143.2	235.0	n/a	n/a	n/a	n/a
102.52	0.016	saccade	n/a	168.1	145.1	n/a	137.0	143.3	1.22	105.0
102.538	0.236	fixation	n/a	145.1	143.7	235.0	n/a	n/a	n/a	n/a
102.776	0.022	saccade	n/a	146.8	143.1	n/a	220.1	139.5	2.89	228.0
102.8	0.254	fixation	n/a	215.2	140.1	226.0	n/a	n/a	n/a	n/a
103.056	0.032	saccade	n/a	215.9	138.3	n/a	270.7	139.5	2.18	205.0
103.09	0.644	fixation	n/a	275.8	137.4	229.0	n/a	n/a	n/a	n/a
103.736	0.022	saccade	n/a	277.0	140.0	n/a	238.4	91.1	2.52	188.0
103.76	0.238	fixation	n/a	249.6	93.7	235.0	n/a	n/a	n/a	n/a
104.0	0.044	saccade	n/a	250.0	95.1	n/a	163.3	87.0	3.44	322.0
104.046	0.232	fixation	n/a	153.9	89.8	266.0	n/a	n/a	n/a	n/a
104.28	0.018	saccade	n/a	156.7	91.6	n/a	198.9	90.5	1.66	118.0
104.3	0.19	fixation	n/a	207.0	90.2	254.0	n/a	n/a	n/a	n/a
104.492	0.02	saccade	n/a	207.4	88.3	n/a	251.4	89.0	1.75	133.0
104.514	0.284	fixation	n/a	248.8	89.5	233.0	n/a	n/a	n/a	n/a
104.8	0.028	saccade	n/a	249.1	88.7	n/a	344.3	90.1	3.81	228.0
104.83	0.228	fixation	n/a	339.2	89.1	224.0	n/a	n/a	n/a	n/a
105.06	0.02	saccade	n/a	340.5	89.2	n/a	380.3	87.4	1.6	115.0
105.082	0.18	fixation	n/a	390.3	89.0	216.0	n/a	n/a	n/a	n/a
105.264	0.016	saccade	n/a	391.7	88.6	n/a	430.8	85.8	1.58	138.0
105.282	0.136	fixation	n/a	431.3	83.2	211.0	n/a	n/a	n/a	n/a
105.42	0.032	saccade	n/a	432.9	82.0	n/a	529.3	82.0	3.87	223.0
105.454	0.25	fixation	n/a	521.4	81.2	218.0	n/a	n/a	n/a	n/a
105.706	0.026	saccade	n/a	523.0	82.0	n/a	598.2	72.9	3.01	211.0
105.734	0.226	fixation	n/a	586.6	74.7	217.0	n/a	n/a	n/a	n/a
105.962	0.058	saccade	n/a	589.8	75.4	n/a	185.1	138.9	16.17	491.0
106.022	0.252	fixation	n/a	179.7	142.8	236.0	n/a	n/a	n/a	n/a
106.276	0.018	saccade	n/a	178.7	144.9	n/a	137.1	146.8	1.63	141.0
106.296	0.242	fixation	n/a	148.2	146.3	244.0	n/a	n/a	n/a	n/a
106.498	0.0	trigger_11	11	n/a	n/a	n/a	n/a	n/a	n/a	n/a
106.506	0.0	trigger_10	10	n/a	n/a	n/a	n/a	n/a	n/a	n/a
106.54	0.006	saccade	n/a	146.5	146.3	n/a	138.8	145.9	0.3	43.0
106.548	0.15	fixation	n/a	141.2	142.4	240.0	n/a	n/a	n/a	n/a
106.7	0.058	saccade	n/a	141.6	142.1	n/a	311.3	137.8	6.72	215.0
106.76	0.3	fixation	n/a	309.3	138.7	237.0	n/a	n/a	n/a	n/a
107.062	0.022	saccade	n/a	308.9	140.6	n/a	366.8	145.2	2.34	179.0
107.086	0.194	fixation	n/a	365.1	145.5	239.0	n/a	n/a	n/a	n/a
107.282	0.026	saccade	n/a	366.6	146.1	n/a	437.8	141.6	2.88	178.0
107.31	0.168	fixation	n/a	431.9	141.7	232.0	n/a	n/a	n/a	n/a
107.48	0.024	saccade	n/a	432.4	143.2	n/a	490.0	142.5	2.32	161.0
107.506	0.374	fixation	n/a	481.3	144.4	231.0	n/a	n/a	n/a	n/a
107.882	0.02	saccade	n/a	482.5	144.8	n/a	532.3	140.9	2.0	164.0
107.904	0.024	fixation	n/a	529.0	138.2	227.0	n/a	n/a	n/a	n/a
107.93	0.078	saccade	n/a	524.0	136.8	n/a	548.7	158.3	1.32	113.0
107.96	0.04	blink	n/a	n/a	n/a	n/a	n/a	n/a	n/a	n/a
108.01	0.67	fixation	n/a	513.2	145.4	214.0	n/a	n/a	n/a	n/a
108.682	0.056	saccade	n/a	510.0	131.2	n/a	169.6	89.3	13.59	460.0
108.74	0.284	fixation	n/a	176.1	84.9	214.0	n/a	n/a	n/a	n/a
109.026	0.016	saccade	n/a	175.8	86.9	n/a	220.1	83.3	1.76	135.0
109.044	0.26	fixation	n/a	233.8	83.6	211.0	n/a	n/a	n/a	n/a
109.306	0.026	saccade	n/a	237.4	82.9	n/a	163.0	82.5	2.94	210.0
109.334	0.16	fixation	n/a	172.8	82.8	218.0	n/a	n/a	n/a	n/a
109.496	0.026	saccade	n/a	171.5	82.6	n/a	295.2	91.7	4.91	316.0
109.524	0.176	fixation	n/a	311.9	93.4	232.0	n/a	n/a	n/a	n/a
109.702	0.026	saccade	n/a	315.0	94.6	n/a	394.7	94.2	3.21	232.0
109.73	0.258	fixation	n/a	383.1	93.2	238.0	n/a	n/a	n/a	n/a
109.99	0.022	saccade	n/a	384.0	93.9	n/a	456.8	89.6	2.93	222.0
110.014	0.164	fixation	n/a	448.3	89.8	241.0	n/a	n/a	n/a	n/a
110.18	0.018	saccade	n/a	450.1	90.7	n/a	498.9	85.5	1.97	153.0
110.2	0.178	fixation	n/a	505.2	85.7	249.0	n/a	n/a	n/a	n/a
110.38	0.022	saccade	n/a	506.1	86.1	n/a	563.5	83.7	2.29	144.0
110.404	0.112	fixation	n/a	561.6	80.5	255.0	n/a	n/a	n/a	n/a
110.518	0.058	saccade	n/a	562.3	80.9	n/a	161.1	147.2	16.08	510.0
110.578	0.314	fixation	n/a	159.8	150.9	269.0	n/a	n/a	n/a	n/a
110.894	0.02	saccade	n/a	158.5	151.1	n/a	218.2	148.3	2.36	189.0
110.916	0.414	fixation	n/a	223.9	147.7	250.0	n/a	n/a	n/a	n/a
111.332	0.02	saccade	n/a	230.8	145.7	n/a	292.8	142.2	2.47	196.0
111.354	0.556	fixation	n/a	292.2	142.9	248.0	n/a	n/a	n/a	n/a
111.726	0.0	trigger_11	11	n/a	n/a	n/a	n/a	n/a	n/a	n/a
111.73	0.0	trigger_10	10	n/a	n/a	n/a	n/a	n/a	n/a	n/a
111.912	0.022	saccade	n/a	287.9	146.4	n/a	354.4	150.5	2.67	203.0
111.936	0.532	fixation	n/a	350.5	147.1	260.0	n/a	n/a	n/a	n/a
112.47	0.036	saccade	n/a	349.2	144.8	n/a	486.8	143.0	5.53	256.0
112.508	0.176	fixation	n/a	478.6	141.7	268.0	n/a	n/a	n/a	n/a
112.686	0.042	saccade	n/a	480.2	141.4	n/a	552.1	140.9	2.88	211.0
112.73	0.204	fixation	n/a	560.5	142.2	262.0	n/a	n/a	n/a	n/a
112.936	0.074	saccade	n/a	561.8	140.6	n/a	142.2	202.0	16.7	425.0
113.012	0.224	fixation	n/a	145.1	200.3	261.0	n/a	n/a	n/a	n/a
113.238	0.032	saccade	n/a	145.0	197.7	n/a	225.9	158.2	3.56	197.0
113.272	0.298	fixation	n/a	258.2	141.6	233.0	n/a	n/a	n/a	n/a
113.572	0.024	saccade	n/a	262.9	138.5	n/a	191.4	87.7	3.51	247.0
113.598	0.324	fixation	n/a	204.4	87.1	220.0	n/a	n/a	n/a	n/a
113.924	0.016	saccade	n/a	201.3	85.5	n/a	166.4	86.0	1.37	110.0
113.942	0.234	fixation	n/a	169.6	84.4	222.0	n/a	n/a	n/a	n/a
114.178	0.014	saccade	n/a	171.2	85.2	n/a	190.3	85.2	0.75	57.0
114.194	0.256	fixation	n/a	195.4	82.1	218.0	n/a	n/a	n/a	n/a
114.452	0.006	saccade	n/a	198.1	82.4	n/a	207.1	84.5	0.37	53.0
114.46	0.158	fixation	n/a	208.6	85.7	213.0	n/a	n/a	n/a	n/a
114.62	0.022	saccade	n/a	209.0	85.5	n/a	273.5	83.3	2.57	173.0
114.644	0.13	fixation	n/a	286.0	83.8	214.0	n/a	n/a	n/a	n/a
114.776	0.016	saccade	n/a	285.3	84.7	n/a	256.1	82.8	1.17	87.0
114.794	0.174	fixation	n/a	250.8	83.1	214.0	n/a	n/a	n/a	n/a
114.97	0.026	saccade	n/a	249.9	83.6	n/a	332.7	84.4	3.31	169.0
114.998	0.204	fixation	n/a	351.6	86.1	211.0	n/a	n/a	n/a	n/a
115.204	0.008	saccade	n/a	351.9	86.1	n/a	341.6	86.4	0.41	50.0
115.214	0.228	fixation	n/a	343.1	84.6	203.0	n/a	n/a	n/a	n/a
115.444	0.02	saccade	n/a	342.9	84.2	n/a	393.5	90.0	2.05	125.0
115.466	0.172	fixation	n/a	400.0	86.7	196.0	n/a	n/a	n/a	n/a
115.64	0.026	saccade	n/a	402.0	86.2	n/a	476.1	80.9	2.99	143.0
115.668	0.224	fixation	n/a	496.3	79.8	196.0	n/a	n/a	n/a	n/a
115.894	0.042	saccade	n/a	498.6	79.1	n/a	565.6	76.9	2.68	206.0
115.938	0.142	fixation	n/a	576.1	75.1	194.0	n/a	n/a	n/a	n/a
116.082	0.074	saccade	n/a	575.7	76.0	n/a	189.2	131.9	15.44	309.0
116.158	0.142	fixation	n/a	184.1	139.7	201.0	n/a	n/a	n/a	n/a
116.302	0.01	saccade	n/a	181.5	137.9	n/a	162.3	138.7	0.76	80.0
116.314	0.214	fixation	n/a	154.5	136.4	202.0	n/a	n/a	n/a	n/a
116.53	0.01	saccade	n/a	157.1	138.3	n/a	172.7	139.6	0.61	65.0
116.542	0.326	fixation	n/a	168.4	141.1	201.0	n/a	n/a	n/a	n/a
116.87	0.034	saccade	n/a	157.8	141.8	n/a	243.8	138.5	3.4	122.0
116.906	0.284	fixation	n/a	276.1	135.1	197.0	n/a	n/a	n/a	n/a
117.192	0.018	saccade	n/a	282.6	133.8	n/a	332.6	137.7	2.01	148.0
117.212	0.242	fixation	n/a	350.0	136.7	197.0	n/a	n/a	n/a	n/a
117.456	0.024	saccade	n/a	353.2	134.7	n/a	405.6	138.8	2.12	104.0
117.482	0.2	fixation	n/a	402.5	137.9	193.0	n/a	n/a	n/a	n/a
117.684	0.006	saccade	n/a	406.0	138.5	n/a	415.8	138.8	0.4	54.0
117.692	0.364	fixation	n/a	414.5	137.6	191.0	n/a	n/a	n/a	n/a
118.01	0.0	trigger_11	11	n/a	n/a	n/a	n/a	n/a	n/a	n/a
118.016	0.0	trigger_10	10	n/a	n/a	n/a	n/a	n/a	n/a	n/a
118.058	0.582	saccade	n/a	405.1	140.7	n/a	404.4	143.2	0.11	58.0
118.072	0.56	blink	n/a	n/a	n/a	n/a	n/a	n/a	n/a	n/a
118.642	0.098	fixation	n/a	453.0	145.5	174.0	n/a	n/a	n/a	n/a
118.742	0.058	saccade	n/a	442.0	137.5	n/a	426.3	144.1	0.69	61.0
118.78	0.012	blink	n/a	n/a	n/a	n/a	n/a	n/a	n/a	n/a
118.802	0.128	fixation	n/a	422.8	135.4	180.0	n/a	n/a	n/a	n/a
118.932	0.006	saccade	n/a	423.0	136.0	n/a	415.1	137.8	0.33	45.0
118.94	0.154	fixation	n/a	410.2	138.5	182.0	n/a	n/a	n/a	n/a
119.096	0.018	saccade	n/a	410.0	136.1	n/a	444.9	136.3	1.41	96.0
119.116	0.162	fixation	n/a	454.7	136.2	192.0	n/a	n/a	n/a	n/a
119.28	0.064	saccade	n/a	454.9	134.5	n/a	365.8	87.7	4.06	177.0
119.322	0.014	blink	n/a	n/a	n/a	n/a	n/a	n/a	n/a	n/a
119.346	0.182	fixation	n/a	358.6	81.7	189.0	n/a	n/a	n/a	n/a
119.53	0.034	saccade	n/a	357.1	83.4	n/a	239.4	82.3	4.72	256.0
119.566	0.322	fixation	n/a	243.6	85.9	195.0	n/a	n/a	n/a	n/a
119.89	0.016	saccade	n/a	241.5	89.5	n/a	206.3	86.5	1.4	116.0
119.908	0.322	fixation	n/a	206.0	86.5	210.0	n/a	n/a	n/a	n/a
120.232	0.02	saccade	n/a	208.1	89.0	n/a	165.7	82.8	1.69	135.0
120.254	0.23	fixation	n/a	170.3	85.9	228.0	n/a	n/a	n/a	n/a
120.486	0.008	saccade	n/a	167.9	90.1	n/a	154.5	94.2	0.55	65.0
120.496	0.128	fixation	n/a	159.0	93.5	249.0	n/a	n/a	n/a	n/a
120.626	0.028	saccade	n/a	159.2	93.4	n/a	282.7	98.0	4.89	350.0
120.656	0.402	fixation	n/a	274.0	95.0	258.0	n/a	n/a	n/a	n/a
121.06	0.02	saccade	n/a	275.4	93.1	n/a	334.7	92.9	2.38	150.0
121.082	0.172	fixation	n/a	346.3	96.1	268.0	n/a	n/a	n/a	n/a
121.256	0.016	saccade	n/a	348.3	96.9	n/a	379.2	97.0	1.25	92.0
121.274	0.228	fixation	n/a	381.2	97.2	263.0	n/a	n/a	n/a	n/a
121.504	0.03	saccade	n/a	381.6	98.6	n/a	484.8	89.0	4.17	272.0
121.536	0.246	fixation	n/a	474.8	89.9	265.0	n/a	n/a	n/a	n/a
121.784	0.02	saccade	n/a	478.6	91.5	n/a	531.2	88.7	2.11	144.0
121.806	0.252	fixation	n/a	528.6	86.6	255.0	n/a	n/a	n/a	n/a
122.06	0.032	saccade	n/a	531.6	87.8	n/a	614.1	81.3	3.28	154.0
122.094	0.294	fixation	n/a	602.6	81.3	240.0	n/a	n/a	n/a	n/a
122.39	0.06	saccade	n/a	603.6	81.2	n/a	212.7	132.5	15.62	458.0
122.452	0.122	fixation	n/a	209.1	136.4	249.0	n/a	n/a	n/a	n/a
122.576	0.022	saccade	n/a	204.9	138.0	n/a	130.2	143.6	2.94	220.0
122.6	0.238	fixation	n/a	136.6	144.5	256.0	n/a	n/a	n/a	n/a
122.84	0.022	saccade	n/a	136.0	146.2	n/a	197.4	149.3	2.41	163.0
122.864	0.23	fixation	n/a	199.1	150.6	244.0	n/a	n/a	n/a	n/a
123.096	0.022	saccade	n/a	202.1	149.3	n/a	130.1	152.2	2.83	210.0
123.12	0.254	fixation	n/a	137.1	148.4	241.0	n/a	n/a	n/a	n/a
123.376	0.024	saccade	n/a	137.3	145.7	n/a	210.1	147.8	2.86	195.0
123.402	0.17	fixation	n/a	208.2	146.6	237.0	n/a	n/a	n/a	n/a
123.574	0.016	saccade	n/a	210.7	146.9	n/a	244.8	147.4	1.35	111.0
123.592	0.168	fixation	n/a	249.8	145.4	238.0	n/a	n/a	n/a	n/a
123.762	0.016	saccade	n/a	250.1	145.1	n/a	281.9	143.8	1.27	105.0
123.78	0.216	fixation	n/a	289.9	142.5	231.0	n/a	n/a	n/a	n/a
123.998	0.02	saccade	n/a	292.1	141.6	n/a	333.8	139.3	1.67	111.0
124.02	0.22	fixation	n/a	331.7	138.4	217.0	n/a	n/a	n/a	n/a
124.242	0.016	saccade	n/a	336.5	137.7	n/a	365.4	141.2	1.17	91.0
124.26	0.158	fixation	n/a	370.7	141.8	208.0	n/a	n/a	n/a	n/a
124.42	0.02	saccade	n/a	372.5	141.3	n/a	405.2	140.7	1.32	104.0
124.442	0.188	fixation	n/a	417.1	140.5	205.0	n/a	n/a	n/a	n/a
124.632	0.016	saccade	n/a	422.4	139.7	n/a	451.8	137.6	1.19	84.0
124.65	0.138	fixation	n/a	460.7	136.6	203.0	n/a	n/a	n/a	n/a
124.79	0.018	saccade	n/a	461.1	135.1	n/a	502.9	136.5	1.68	135.0
124.81	0.188	fixation	n/a	523.8	136.6	203.0	n/a	n/a	n/a	n/a
125.0	0.016	saccade	n/a	527.4	135.5	n/a	557.8	135.6	1.21	110.0
125.018	0.306	fixation	n/a	562.9	134.3	201.0	n/a	n/a	n/a	n/a
125.326	0.064	saccade	n/a	554.4	133.7	n/a	243.0	180.6	12.55	283.0
125.392	0.13	fixation	n/a	214.2	185.4	206.0	n/a	n/a	n/a	n/a
125.524	0.018	saccade	n/a	211.7	183.8	n/a	165.6	188.5	1.82	117.0
125.544	0.262	fixation	n/a	154.5	193.4	210.0	n/a	n/a	n/a	n/a
125.808	0.018	saccade	n/a	149.8	196.3	n/a	186.2	194.9	1.43	87.0
125.828	0.29	fixation	n/a	189.4	193.3	199.0	n/a	n/a	n/a	n/a
126.12	0.018	saccade	n/a	189.0	191.1	n/a	144.1	195.6	1.77	121.0
126.14	0.216	fixation	n/a	142.5	196.3	193.0	n/a	n/a	n/a	n/a
126.358	0.02	saccade	n/a	144.1	192.1	n/a	191.1	190.7	1.84	111.0
126.38	0.188	fixation	n/a	209.0	193.0	183.0	n/a	n/a	n/a	n/a
126.57	0.02	saccade	n/a	212.3	192.3	n/a	264.7	194.6	2.08	145.0
126.578	0.0	trigger_11	11	n/a	n/a	n/a	n/a	n/a	n/a	n/a
126.582	0.0	trigger_10	10	n/a	n/a	n/a	n/a	n/a	n/a	n/a
126.592	0.42	fixation	n/a	270.2	194.6	179.0	n/a	n/a	n/a	n/a
127.014	0.02	saccade	n/a	272.7	192.9	n/a	326.7	197.3	2.17	159.0
127.036	0.226	fixation	n/a	326.5	195.1	186.0	n/a	n/a	n/a	n/a
127.264	0.026	saccade	n/a	328.2	193.3	n/a	240.5	125.1	4.47	283.0
127.292	0.19	fixation	n/a	226.0	96.8	189.0	n/a	n/a	n/a	n/a
127.484	0.018	saccade	n/a	223.5	97.2	n/a	189.2	86.9	1.42	113.0
127.504	0.208	fixation	n/a	195.5	86.2	198.0	n/a	n/a	n/a	n/a
127.714	0.066	saccade	n/a	195.1	88.9	n/a	396.9	86.5	8.06	261.0
127.782	0.154	fixation	n/a	391.3	86.0	200.0	n/a	n/a	n/a	n/a
127.938	0.04	saccade	n/a	393.5	87.2	n/a	544.5	82.2	6.06	370.0
127.98	0.378	fixation	n/a	541.2	82.1	218.0	n/a	n/a	n/a	n/a
128.36	0.042	saccade	n/a	539.8	81.8	n/a	622.5	77.7	3.28	287.0
128.404	0.332	fixation	n/a	630.1	76.8	248.0	n/a	n/a	n/a	n/a
128.738	0.068	saccade	n/a	627.7	74.9	n/a	223.4	88.4	15.96	551.0
128.808	0.124	fixation	n/a	210.9	93.7	277.0	n/a	n/a	n/a	n/a
128.934	0.03	saccade	n/a	209.7	95.9	n/a	176.0	99.2	1.34	174.0
128.966	0.184	fixation	n/a	171.7	98.9	297.0	n/a	n/a	n/a	n/a
129.152	0.02	saccade	n/a	171.5	100.6	n/a	137.0	99.1	1.35	124.0
129.174	0.25	fixation	n/a	144.9	97.9	313.0	n/a	n/a	n/a	n/a
129.426	0.022	saccade	n/a	144.0	98.7	n/a	204.3	98.6	2.37	182.0
129.45	0.21	fixation	n/a	193.8	100.0	315.0	n/a	n/a	n/a	n/a
129.662	0.02	saccade	n/a	192.5	101.4	n/a	242.4	98.5	1.98	159.0
129.684	0.174	fixation	n/a	239.7	97.8	321.0	n/a	n/a	n/a	n/a
129.86	0.024	saccade	n/a	241.3	98.3	n/a	305.2	95.2	2.56	174.0
129.886	0.174	fixation	n/a	299.4	95.2	326.0	n/a	n/a	n/a	n/a
130.062	0.024	saccade	n/a	300.5	96.1	n/a	369.3	98.5	2.77	198.0
130.088	0.184	fixation	n/a	361.9	97.2	324.0	n/a	n/a	n/a	n/a
130.274	0.024	saccade	n/a	363.0	96.1	n/a	430.8	95.8	2.73	184.0
130.3	0.14	fixation	n/a	426.3	94.7	317.0	n/a	n/a	n/a	n/a
130.442	0.026	saccade	n/a	428.1	95.3	n/a	353.5	92.1	3.01	210.0
130.47	0.238	fixation	n/a	366.3	93.3	311.0	n/a	n/a	n/a	n/a
130.628	0.0	trigger_11	11	n/a	n/a	n/a	n/a	n/a	n/a	n/a
130.632	0.0	trigger_10	10	n/a	n/a	n/a	n/a	n/a	n/a	n/a
130.71	0.02	saccade	n/a	365.8	95.4	n/a	423.0	97.5	2.31	167.0
130.732	0.236	fixation	n/a	418.6	94.1	313.0	n/a	n/a	n/a	n/a
130.97	0.018	saccade	n/a	422.6	95.9	n/a	457.4	97.8	1.4	95.0
130.99	0.176	fixation	n/a	459.6	95.3	326.0	n/a	n/a	n/a	n/a
131.168	0.026	saccade	n/a	461.5	95.6	n/a	540.9	90.8	3.18	235.0
131.196	0.248	fixation	n/a	525.9	94.0	346.0	n/a	n/a	n/a	n/a
131.446	0.022	saccade	n/a	526.8	99.5	n/a	513.2	95.4	0.57	101.0
131.47	0.312	fixation	n/a	521.7	93.8	353.0	n/a	n/a	n/a	n/a
131.784	0.052	saccade	n/a	521.4	91.7	n/a	155.2	143.9	14.63	503.0
131.838	0.314	fixation	n/a	156.4	143.3	380.0	n/a	n/a	n/a	n/a
132.154	0.026	saccade	n/a	157.3	146.3	n/a	223.1	94.3	3.34	269.0
132.182	0.636	fixation	n/a	219.6	106.4	365.0	n/a	n/a	n/a	n/a
132.82	0.036	saccade	n/a	218.5	106.5	n/a	151.9	114.4	2.64	255.0
132.858	0.234	fixation	n/a	147.9	112.7	384.0	n/a	n/a	n/a	n/a
133.094	0.014	saccade	n/a	146.1	114.3	n/a	137.5	111.9	0.35	53.0
133.11	0.134	fixation	n/a	140.9	112.1	382.0	n/a	n/a	n/a	n/a
133.246	0.024	saccade	n/a	140.6	111.8	n/a	236.1	110.2	3.77	293.0
133.272	0.22	fixation	n/a	232.1	108.4	356.0	n/a	n/a	n/a	n/a
133.494	0.026	saccade	n/a	234.9	107.9	n/a	298.5	103.8	2.55	167.0
133.522	0.242	fixation	n/a	288.3	102.2	354.0	n/a	n/a	n/a	n/a
133.766	0.018	saccade	n/a	288.2	101.7	n/a	332.9	95.1	1.81	148.0
133.786	0.264	fixation	n/a	334.7	96.5	366.0	n/a	n/a	n/a	n/a
134.052	0.028	saccade	n/a	333.5	96.7	n/a	413.5	97.2	3.22	201.0
134.082	0.47	fixation	n/a	402.2	96.4	363.0	n/a	n/a	n/a	n/a
134.554	0.036	saccade	n/a	397.6	94.4	n/a	469.0	92.9	2.87	273.0
134.592	0.216	fixation	n/a	472.8	91.2	366.0	n/a	n/a	n/a	n/a
134.81	0.042	saccade	n/a	474.3	90.7	n/a	545.9	85.9	2.87	242.0
134.854	0.208	fixation	n/a	559.8	87.8	376.0	n/a	n/a	n/a	n/a
135.064	0.068	saccade	n/a	561.5	87.1	n/a	174.2	147.6	15.53	540.0
135.134	0.23	fixation	n/a	159.4	152.9	371.0	n/a	n/a	n/a	n/a
135.366	0.018	saccade	n/a	159.0	156.0	n/a	139.3	153.8	0.77	90.0
135.386	0.318	fixation	n/a	145.1	154.2	339.0	n/a	n/a	n/a	n/a
135.706	0.064	saccade	n/a	146.3	154.3	n/a	513.3	92.5	14.72	470.0
135.772	0.19	fixation	n/a	532.0	93.5	311.0	n/a	n/a	n/a	n/a
135.964	0.06	saccade	n/a	536.7	93.5	n/a	216.9	149.6	12.92	478.0
136.026	0.206	fixation	n/a	204.1	154.7	316.0	n/a	n/a	n/a	n/a
136.234	0.026	saccade	n/a	203.7	156.3	n/a	125.2	163.4	3.09	241.0
136.262	0.236	fixation	n/a	138.5	158.4	308.0	n/a	n/a	n/a	n/a
136.5	0.028	saccade	n/a	137.1	157.9	n/a	246.7	153.0	4.32	300.0
136.53	0.18	fixation	n/a	241.8	149.3	296.0	n/a	n/a	n/a	n/a
136.712	0.02	saccade	n/a	244.9	149.7	n/a	202.4	148.1	1.69	128.0
136.734	0.262	fixation	n/a	211.5	148.8	295.0	n/a	n/a	n/a	n/a
136.998	0.004	saccade	n/a	210.8	149.4	n/a	205.0	150.7	0.24	47.0
137.004	0.166	fixation	n/a	206.2	150.3	292.0	n/a	n/a	n/a	n/a
137.172	0.024	saccade	n/a	205.8	150.2	n/a	292.4	153.9	3.45	244.0
137.198	0.202	fixation	n/a	298.4	151.8	280.0	n/a	n/a	n/a	n/a
137.402	0.024	saccade	n/a	301.0	151.3	n/a	369.9	148.7	2.77	201.0
137.428	0.182	fixation	n/a	360.6	149.7	282.0	n/a	n/a	n/a	n/a
137.612	0.038	saccade	n/a	361.5	150.2	n/a	432.7	145.6	2.88	242.0
137.652	0.172	fixation	n/a	440.6	146.0	291.0	n/a	n/a	n/a	n/a
137.826	0.024	saccade	n/a	442.3	146.2	n/a	509.8	145.9	2.71	193.0
137.852	0.17	fixation	n/a	500.9	145.5	288.0	n/a	n/a	n/a	n/a
138.024	0.04	saccade	n/a	503.6	145.6	n/a	562.5	141.5	2.35	227.0
138.066	0.314	fixation	n/a	574.1	142.8	288.0	n/a	n/a	n/a	n/a
138.382	0.072	saccade	n/a	576.4	142.2	n/a	188.1	208.1	15.58	463.0
138.428	0.0	trigger_11	11	n/a	n/a	n/a	n/a	n/a	n/a	n/a
138.432	0.0	trigger_12	12	n/a	n/a	n/a	n/a	n/a	n/a	n/a
138.456	0.348	fixation	n/a	173.6	210.5	285.0	n/a	n/a	n/a	n/a
138.806	0.02	saccade	n/a	173.2	212.8	n/a	241.1	208.1	2.69	193.0
138.828	0.216	fixation	n/a	254.1	204.2	268.0	n/a	n/a	n/a	n/a
139.046	0.04	saccade	n/a	255.3	202.3	n/a	176.8	207.1	3.11	248.0
139.088	0.178	fixation	n/a	166.9	208.6	262.0	n/a	n/a	n/a	n/a
139.268	0.024	saccade	n/a	167.3	208.9	n/a	253.8	205.7	3.42	242.0
139.294	0.272	fixation	n/a	259.5	204.2	261.0	n/a	n/a	n/a	n/a
139.568	0.02	saccade	n/a	260.7	204.1	n/a	299.2	196.1	1.57	126.0
139.59	0.394	fixation	n/a	295.5	197.3	259.0	n/a	n/a	n/a	n/a
139.986	0.024	saccade	n/a	296.9	196.6	n/a	232.0	205.4	2.61	205.0
140.012	0.586	fixation	n/a	246.7	200.0	261.0	n/a	n/a	n/a	n/a
140.268	0.0	trigger_13	13	n/a	n/a	n/a	n/a	n/a	n/a	n/a
140.6	0.032	saccade	n/a	249.3	199.2	n/a	193.7	87.5	5.03	354.0
140.634	0.162	fixation	n/a	200.4	95.1	277.0	n/a	n/a	n/a	n/a
140.798	0.022	saccade	n/a	200.2	96.0	n/a	161.9	98.0	1.51	146.0
140.822	0.144	fixation	n/a	168.5	97.6	282.0	n/a	n/a	n/a	n/a
140.968	0.018	saccade	n/a	168.8	98.2	n/a	214.2	98.2	1.79	152.0
140.988	0.324	fixation	n/a	206.3	99.3	282.0	n/a	n/a	n/a	n/a
141.314	0.026	saccade	n/a	205.7	100.4	n/a	305.0	95.2	3.96	293.0
141.342	0.65	fixation	n/a	292.9	94.8	280.0	n/a	n/a	n/a	n/a
141.994	0.022	saccade	n/a	290.2	94.2	n/a	337.8	89.8	1.92	154.0
142.018	0.876	fixation	n/a	335.3	91.0	296.0	n/a	n/a	n/a	n/a
142.796	0.0	trigger_15	15	n/a	n/a	n/a	n/a	n/a	n/a	n/a
142.802	0.0	trigger_10	10	n/a	n/a	n/a	n/a	n/a	n/a	n/a
142.896	0.04	saccade	n/a	335.1	93.1	n/a	394.9	185.2	4.46	215.0
142.938	0.188	fixation	n/a	390.8	176.7	316.0	n/a	n/a	n/a	n/a
143.128	0.026	saccade	n/a	391.3	174.8	n/a	448.4	212.0	2.75	198.0
143.156	1.024	fixation	n/a	441.8	209.6	315.0	n/a	n/a	n/a	n/a
144.182	0.022	saccade	n/a	442.3	218.6	n/a	410.1	227.8	1.35	126.0
144.206	0.786	fixation	n/a	417.9	229.3	361.0	n/a	n/a	n/a	n/a
144.994	0.02	saccade	n/a	413.5	225.5	n/a	430.3	148.9	3.19	270.0
145.016	0.046	fixation	n/a	434.1	144.1	339.0	n/a	n/a	n/a	n/a
145.064	0.014	saccade	n/a	441.6	143.3	n/a	464.2	140.8	0.92	74.0
145.08	0.112	fixation	n/a	455.9	138.7	331.0	n/a	n/a	n/a	n/a
145.194	0.058	saccade	n/a	456.6	136.6	n/a	238.0	97.0	8.89	412.0
145.254	0.102	fixation	n/a	228.6	97.2	299.0	n/a	n/a	n/a	n/a
145.358	0.032	saccade	n/a	226.6	98.5	n/a	125.3	99.9	3.98	223.0
145.392	0.448	fixation	n/a	148.2	98.6	283.0	n/a	n/a	n/a	n/a
145.842	0.018	saccade	n/a	155.9	98.5	n/a	192.4	95.6	1.44	114.0
145.862	0.12	fixation	n/a	199.6	97.6	267.0	n/a	n/a	n/a	n/a
145.984	0.024	saccade	n/a	199.6	97.2	n/a	253.8	97.9	2.15	173.0
146.01	0.138	fixation	n/a	242.6	99.4	268.0	n/a	n/a	n/a	n/a
146.15	0.024	saccade	n/a	244.3	101.3	n/a	309.4	96.0	2.61	167.0
146.176	0.214	fixation	n/a	302.0	97.5	285.0	n/a	n/a	n/a	n/a
146.392	0.02	saccade	n/a	303.1	97.4	n/a	343.3	93.8	1.62	125.0
146.414	0.324	fixation	n/a	344.6	94.3	281.0	n/a	n/a	n/a	n/a
146.74	0.02	saccade	n/a	344.5	94.1	n/a	298.2	93.6	1.86	149.0
146.762	0.256	fixation	n/a	306.9	95.5	286.0	n/a	n/a	n/a	n/a
147.02	0.032	saccade	n/a	306.2	96.0	n/a	407.3	97.3	4.07	191.0
147.054	0.148	fixation	n/a	395.2	95.7	293.0	n/a	n/a	n/a	n/a
147.204	0.022	saccade	n/a	396.0	95.9	n/a	329.9	98.5	2.66	209.0
147.228	0.248	fixation	n/a	331.5	97.3	283.0	n/a	n/a	n/a	n/a
147.478	0.012	saccade	n/a	330.1	98.0	n/a	311.0	94.6	0.78	79.0
147.492	0.152	fixation	n/a	316.1	94.7	279.0	n/a	n/a	n/a	n/a
147.646	0.042	saccade	n/a	316.1	94.8	n/a	406.9	92.7	3.65	313.0
147.69	0.17	fixation	n/a	417.0	93.6	275.0	n/a	n/a	n/a	n/a
147.862	0.026	saccade	n/a	419.2	93.8	n/a	485.8	88.5	2.69	183.0
147.89	0.202	fixation	n/a	471.0	91.0	273.0	n/a	n/a	n/a	n/a
148.094	0.018	saccade	n/a	474.6	91.5	n/a	517.3	89.6	1.71	132.0
148.114	0.206	fixation	n/a	515.5	88.4	267.0	n/a	n/a	n/a	n/a
148.322	0.042	saccade	n/a	517.4	87.9	n/a	564.4	85.5	1.88	167.0
148.366	0.116	fixation	n/a	573.2	85.7	261.0	n/a	n/a	n/a	n/a
148.484	0.056	saccade	n/a	574.9	86.6	n/a	200.4	141.0	14.99	486.0
148.542	0.136	fixation	n/a	199.5	145.2	272.0	n/a	n/a	n/a	n/a
148.68	0.024	saccade	n/a	197.1	147.6	n/a	125.1	152.8	2.83	214.0
148.706	0.234	fixation	n/a	137.3	153.6	279.0	n/a	n/a	n/a	n/a
148.942	0.018	saccade	n/a	137.1	152.1	n/a	183.9	148.8	1.84	139.0
148.962	0.27	fixation	n/a	189.6	151.4	269.0	n/a	n/a	n/a	n/a
149.234	0.024	saccade	n/a	190.3	152.0	n/a	271.4	145.9	3.23	220.0
149.26	0.282	fixation	n/a	276.7	151.0	270.0	n/a	n/a	n/a	n/a
149.544	0.02	saccade	n/a	280.0	154.0	n/a	332.0	155.5	2.09	159.0
149.566	0.196	fixation	n/a	327.1	156.3	290.0	n/a	n/a	n/a	n/a
149.764	0.014	saccade	n/a	328.9	155.7	n/a	355.4	160.9	1.09	97.0
149.78	0.18	fixation	n/a	349.4	159.6	300.0	n/a	n/a	n/a	n/a
149.962	0.044	saccade	n/a	350.1	158.7	n/a	459.0	148.7	4.39	346.0
150.008	0.168	fixation	n/a	468.3	147.4	309.0	n/a	n/a	n/a	n/a
150.178	0.022	saccade	n/a	469.9	147.0	n/a	407.9	152.1	2.5	209.0
150.202	0.214	fixation	n/a	416.2	149.9	329.0	n/a	n/a	n/a	n/a
150.418	0.026	saccade	n/a	415.0	147.8	n/a	483.6	146.8	2.76	199.0
150.446	0.168	fixation	n/a	469.1	145.4	357.0	n/a	n/a	n/a	n/a
150.616	0.026	saccade	n/a	467.9	148.6	n/a	535.5	145.6	2.71	183.0
150.644	0.174	fixation	n/a	526.3	149.0	361.0	n/a	n/a	n/a	n/a
150.82	0.018	saccade	n/a	527.7	149.1	n/a	580.8	147.0	2.12	173.0
150.84	0.1	fixation	n/a	578.8	144.2	342.0	n/a	n/a	n/a	n/a
150.942	0.058	saccade	n/a	581.3	144.4	n/a	178.7	202.6	16.05	523.0
151.002	0.19	fixation	n/a	183.8	208.5	330.0	n/a	n/a	n/a	n/a
151.194	0.024	saccade	n/a	184.8	207.9	n/a	124.2	220.8	2.42	194.0
151.22	0.242	fixation	n/a	135.7	217.4	315.0	n/a	n/a	n/a	n/a
151.464	0.03	saccade	n/a	135.3	216.5	n/a	210.5	214.3	2.95	283.0
151.496	0.47	fixation	n/a	219.6	210.5	291.0	n/a	n/a	n/a	n/a
151.968	0.01	saccade	n/a	219.7	211.2	n/a	201.0	213.1	0.74	79.0
151.98	0.214	fixation	n/a	204.5	214.1	317.0	n/a	n/a	n/a	n/a
152.196	0.018	saccade	n/a	203.1	213.7	n/a	192.4	209.7	0.45	66.0
152.216	0.192	fixation	n/a	194.9	209.6	322.0	n/a	n/a	n/a	n/a
152.41	0.036	saccade	n/a	196.5	209.3	n/a	248.5	205.2	2.06	160.0
152.448	0.22	fixation	n/a	254.3	205.4	309.0	n/a	n/a	n/a	n/a
152.67	0.018	saccade	n/a	257.2	205.4	n/a	298.5	209.7	1.66	126.0
152.69	0.17	fixation	n/a	293.2	204.0	306.0	n/a	n/a	n/a	n/a
152.862	0.024	saccade	n/a	292.4	201.9	n/a	369.7	210.5	3.12	236.0
152.888	0.348	fixation	n/a	356.1	206.0	289.0	n/a	n/a	n/a	n/a
153.238	0.03	saccade	n/a	355.8	204.8	n/a	461.6	208.1	4.25	263.0
153.27	0.29	fixation	n/a	448.7	203.9	275.0	n/a	n/a	n/a	n/a
153.562	0.028	saccade	n/a	449.7	197.1	n/a	319.1	162.6	5.43	329.0
153.592	0.218	fixation	n/a	307.9	161.5	270.0	n/a	n/a	n/a	n/a
153.812	0.048	saccade	n/a	306.5	161.6	n/a	564.7	149.6	10.32	363.0
153.862	0.196	fixation	n/a	558.3	148.4	274.0	n/a	n/a	n/a	n/a
154.06	0.022	saccade	n/a	559.4	148.9	n/a	508.9	139.3	2.05	191.0
154.084	0.182	fixation	n/a	517.7	141.0	268.0	n/a	n/a	n/a	n/a
154.142	0.0	trigger_11	11	n/a	n/a	n/a	n/a	n/a	n/a	n/a
154.146	0.0	trigger_10	10	n/a	n/a	n/a	n/a	n/a	n/a	n/a
154.268	0.064	saccade	n/a	517.3	143.4	n/a	180.8	198.5	13.51	500.0
154.334	0.158	fixation	n/a	175.1	201.8	264.0	n/a	n/a	n/a	n/a
154.494	0.024	saccade	n/a	176.1	202.1	n/a	133.9	213.6	1.71	157.0
154.52	0.258	fixation	n/a	142.6	213.2	271.0	n/a	n/a	n/a	n/a
154.78	0.022	saccade	n/a	142.5	213.7	n/a	225.7	200.7	3.31	274.0
154.804	0.232	fixation	n/a	218.9	204.0	270.0	n/a	n/a	n/a	n/a
155.038	0.02	saccade	n/a	222.5	203.5	n/a	274.0	198.9	2.05	172.0
155.06	0.228	fixation	n/a	268.5	200.1	261.0	n/a	n/a	n/a	n/a
155.29	0.028	saccade	n/a	268.9	199.6	n/a	345.9	196.2	3.08	210.0
155.32	0.214	fixation	n/a	336.6	198.1	273.0	n/a	n/a	n/a	n/a
155.536	0.018	saccade	n/a	337.6	199.4	n/a	373.0	200.2	1.42	117.0
155.556	0.148	fixation	n/a	363.5	201.1	277.0	n/a	n/a	n/a	n/a
155.706	0.04	saccade	n/a	364.4	201.7	n/a	421.3	139.7	3.41	206.0
155.748	0.22	fixation	n/a	413.2	140.2	271.0	n/a	n/a	n/a	n/a
155.97	0.052	saccade	n/a	415.4	140.5	n/a	226.9	154.9	7.56	418.0
156.024	0.13	fixation	n/a	213.2	157.3	284.0	n/a	n/a	n/a	n/a
156.156	0.038	saccade	n/a	212.6	157.6	n/a	156.6	158.8	2.2	270.0
156.196	0.24	fixation	n/a	148.9	160.5	294.0	n/a	n/a	n/a	n/a
156.438	0.032	saccade	n/a	151.0	159.5	n/a	182.5	85.1	3.24	201.0
156.472	0.154	fixation	n/a	174.2	87.6	288.0	n/a	n/a	n/a	n/a
156.628	0.012	saccade	n/a	174.4	87.5	n/a	155.6	93.5	0.78	74.0
156.642	0.164	fixation	n/a	161.2	92.3	270.0	n/a	n/a	n/a	n/a
156.808	0.028	saccade	n/a	160.3	90.9	n/a	289.2	99.4	5.12	340.0
156.838	0.276	fixation	n/a	291.4	96.9	264.0	n/a	n/a	n/a	n/a
157.116	0.036	saccade	n/a	292.6	96.1	n/a	372.2	95.3	3.2	184.0
157.154	0.168	fixation	n/a	367.2	94.5	256.0	n/a	n/a	n/a	n/a
157.324	0.02	saccade	n/a	369.9	94.8	n/a	422.3	93.3	2.11	167.0
157.346	0.272	fixation	n/a	416.4	93.7	244.0	n/a	n/a	n/a	n/a
157.62	0.028	saccade	n/a	416.7	93.3	n/a	535.1	88.4	4.76	304.0
157.65	0.308	fixation	n/a	520.4	85.7	245.0	n/a	n/a	n/a	n/a
157.96	0.012	saccade	n/a	520.5	86.0	n/a	538.3	85.9	0.71	63.0
157.974	0.304	fixation	n/a	537.0	85.0	245.0	n/a	n/a	n/a	n/a
158.28	0.044	saccade	n/a	538.8	84.8	n/a	605.0	79.0	2.64	168.0
158.326	0.338	fixation	n/a	613.4	82.0	253.0	n/a	n/a	n/a	n/a
158.666	0.02	saccade	n/a	614.8	84.4	n/a	634.7	81.1	0.79	87.0
158.688	0.184	fixation	n/a	629.5	80.5	264.0	n/a	n/a	n/a	n/a
158.874	0.06	saccade	n/a	629.3	81.4	n/a	297.9	118.6	13.24	400.0
158.936	0.222	fixation	n/a	300.4	123.1	280.0	n/a	n/a	n/a	n/a
159.16	0.048	saccade	n/a	299.8	124.9	n/a	195.5	144.4	4.23	332.0
159.21	0.176	fixation	n/a	185.7	148.5	280.0	n/a	n/a	n/a	n/a
159.388	0.022	saccade	n/a	185.2	148.9	n/a	114.6	153.6	2.76	214.0
159.412	0.256	fixation	n/a	128.0	152.4	280.0	n/a	n/a	n/a	n/a
159.67	0.076	saccade	n/a	128.5	151.1	n/a	532.2	95.4	16.08	479.0
159.748	0.198	fixation	n/a	547.5	95.3	282.0	n/a	n/a	n/a	n/a
159.948	0.02	saccade	n/a	550.4	96.7	n/a	531.7	89.9	0.8	105.0
159.97	0.33	fixation	n/a	530.6	89.8	282.0	n/a	n/a	n/a	n/a
160.302	0.046	saccade	n/a	528.2	88.3	n/a	608.2	81.4	3.19	265.0
160.35	0.212	fixation	n/a	623.9	81.1	280.0	n/a	n/a	n/a	n/a
160.564	0.012	saccade	n/a	624.7	82.1	n/a	605.0	86.5	0.8	80.0
160.578	0.092	fixation	n/a	610.7	85.5	286.0	n/a	n/a	n/a	n/a
160.672	0.076	saccade	n/a	610.7	85.4	n/a	194.7	151.1	16.62	478.0
160.75	0.138	fixation	n/a	184.9	153.0	296.0	n/a	n/a	n/a	n/a
160.89	0.022	saccade	n/a	183.7	155.3	n/a	128.8	158.5	2.15	169.0
160.914	0.26	fixation	n/a	142.0	157.7	297.0	n/a	n/a	n/a	n/a
161.176	0.022	saccade	n/a	140.6	158.8	n/a	214.6	155.8	2.91	235.0
161.2	0.29	fixation	n/a	212.0	154.3	282.0	n/a	n/a	n/a	n/a
161.492	0.01	saccade	n/a	214.3	153.8	n/a	227.2	151.4	0.52	54.0
161.504	0.384	fixation	n/a	224.7	151.5	280.0	n/a	n/a	n/a	n/a
161.71	0.0	trigger_11	11	n/a	n/a	n/a	n/a	n/a	n/a	n/a
161.716	0.0	trigger_10	10	n/a	n/a	n/a	n/a	n/a	n/a	n/a
161.89	0.008	saccade	n/a	222.8	152.5	n/a	210.7	154.7	0.49	61.0
161.9	0.328	fixation	n/a	214.9	152.5	284.0	n/a	n/a	n/a	n/a
162.23	0.038	saccade	n/a	214.7	151.3	n/a	292.2	151.2	3.09	312.0
162.27	0.298	fixation	n/a	305.2	150.3	284.0	n/a	n/a	n/a	n/a
162.57	0.01	saccade	n/a	307.2	148.5	n/a	290.9	149.5	0.65	70.0
162.582	0.226	fixation	n/a	293.7	146.9	280.0	n/a	n/a	n/a	n/a
162.81	0.026	saccade	n/a	294.6	147.1	n/a	215.2	150.8	3.17	234.0
162.838	0.298	fixation	n/a	226.4	145.9	275.0	n/a	n/a	n/a	n/a
163.138	0.038	saccade	n/a	230.5	142.6	n/a	304.7	150.8	2.98	247.0
163.178	0.23	fixation	n/a	312.1	149.9	264.0	n/a	n/a	n/a	n/a
163.41	0.014	saccade	n/a	312.8	149.2	n/a	303.1	143.2	0.46	52.0
163.426	0.456	fixation	n/a	305.1	141.8	260.0	n/a	n/a	n/a	n/a
163.884	0.034	saccade	n/a	303.6	139.8	n/a	159.4	116.1	5.8	338.0
163.92	0.152	fixation	n/a	163.4	108.7	254.0	n/a	n/a	n/a	n/a
164.074	0.012	saccade	n/a	160.0	108.7	n/a	167.0	96.4	0.57	61.0
164.088	0.162	fixation	n/a	166.3	99.2	260.0	n/a	n/a	n/a	n/a
164.252	0.018	saccade	n/a	166.1	100.0	n/a	129.2	97.4	1.45	122.0
164.272	0.128	fixation	n/a	137.0	96.3	264.0	n/a	n/a	n/a	n/a
164.402	0.044	saccade	n/a	137.0	96.0	n/a	274.9	94.5	5.44	392.0
164.448	0.13	fixation	n/a	286.0	98.0	261.0	n/a	n/a	n/a	n/a
164.58	0.02	saccade	n/a	289.7	97.7	n/a	251.7	97.1	1.52	140.0
164.602	0.192	fixation	n/a	260.6	95.5	261.0	n/a	n/a	n/a	n/a
164.796	0.01	saccade	n/a	260.5	94.6	n/a	243.0	95.2	0.7	72.0
164.808	0.112	fixation	n/a	244.2	94.7	271.0	n/a	n/a	n/a	n/a
164.922	0.026	saccade	n/a	243.3	95.5	n/a	335.5	92.7	3.69	266.0
164.95	0.194	fixation	n/a	328.8	93.5	274.0	n/a	n/a	n/a	n/a
165.146	0.028	saccade	n/a	330.2	95.1	n/a	404.1	93.6	2.97	161.0
165.176	0.218	fixation	n/a	398.6	94.1	265.0	n/a	n/a	n/a	n/a
165.396	0.022	saccade	n/a	400.9	94.7	n/a	339.2	97.0	2.48	180.0
165.42	0.15	fixation	n/a	347.6	95.0	258.0	n/a	n/a	n/a	n/a
165.572	0.022	saccade	n/a	344.5	94.3	n/a	420.8	90.2	3.07	216.0
165.596	0.238	fixation	n/a	419.8	90.8	260.0	n/a	n/a	n/a	n/a
165.836	0.024	saccade	n/a	419.2	94.1	n/a	488.7	90.5	2.8	217.0
165.862	0.272	fixation	n/a	475.7	91.4	277.0	n/a	n/a	n/a	n/a
166.136	0.026	saccade	n/a	474.8	93.7	n/a	559.6	81.1	3.43	217.0
166.164	0.164	fixation	n/a	546.3	83.2	284.0	n/a	n/a	n/a	n/a
166.33	0.038	saccade	n/a	546.5	83.0	n/a	588.2	80.9	1.66	189.0
166.37	0.114	fixation	n/a	597.6	82.8	280.0	n/a	n/a	n/a	n/a
166.486	0.058	saccade	n/a	599.9	82.6	n/a	180.4	149.9	16.77	529.0
166.546	0.178	fixation	n/a	182.9	152.4	290.0	n/a	n/a	n/a	n/a
166.726	0.016	saccade	n/a	180.8	153.5	n/a	145.4	152.3	1.39	129.0
166.744	0.136	fixation	n/a	153.5	152.5	293.0	n/a	n/a	n/a	n/a
166.882	0.026	saccade	n/a	152.7	152.7	n/a	252.7	148.0	3.95	273.0
166.91	0.264	fixation	n/a	259.9	149.3	284.0	n/a	n/a	n/a	n/a
167.176	0.028	saccade	n/a	261.9	149.4	n/a	341.4	144.3	3.19	190.0
167.206	0.244	fixation	n/a	329.6	144.6	275.0	n/a	n/a	n/a	n/a
167.452	0.032	saccade	n/a	330.9	143.9	n/a	220.0	156.3	4.46	250.0
167.486	0.362	fixation	n/a	228.5	148.1	274.0	n/a	n/a	n/a	n/a
167.85	0.014	saccade	n/a	228.6	149.9	n/a	257.2	147.5	1.14	101.0
167.866	0.198	fixation	n/a	255.3	146.9	277.0	n/a	n/a	n/a	n/a
168.066	0.026	saccade	n/a	256.3	147.5	n/a	337.9	146.2	3.26	222.0
168.094	0.194	fixation	n/a	329.3	147.9	267.0	n/a	n/a	n/a	n/a
168.29	0.02	saccade	n/a	327.6	147.0	n/a	382.3	144.9	2.2	189.0
168.312	0.25	fixation	n/a	373.1	145.3	260.0	n/a	n/a	n/a	n/a
168.43	0.0	trigger_11	11	n/a	n/a	n/a	n/a	n/a	n/a	n/a
168.434	0.0	trigger_10	10	n/a	n/a	n/a	n/a	n/a	n/a	n/a
168.564	0.02	saccade	n/a	371.7	145.4	n/a	427.0	144.1	2.23	193.0
168.586	0.31	fixation	n/a	419.8	143.3	260.0	n/a	n/a	n/a	n/a
168.898	0.028	saccade	n/a	421.9	144.6	n/a	346.6	147.1	3.03	209.0
168.928	0.17	fixation	n/a	356.0	141.5	260.0	n/a	n/a	n/a	n/a
169.1	0.048	saccade	n/a	355.9	141.5	n/a	210.3	144.4	5.81	382.0
169.15	0.202	fixation	n/a	200.0	149.5	273.0	n/a	n/a	n/a	n/a
169.354	0.02	saccade	n/a	200.2	149.9	n/a	226.0	97.1	2.37	156.0
169.376	0.222	fixation	n/a	235.8	99.3	279.0	n/a	n/a	n/a	n/a
169.6	0.018	saccade	n/a	236.6	98.7	n/a	278.6	96.3	1.68	129.0
169.62	0.212	fixation	n/a	270.8	95.7	273.0	n/a	n/a	n/a	n/a
169.834	0.048	saccade	n/a	270.4	95.7	n/a	437.0	92.0	6.69	289.0
169.884	0.222	fixation	n/a	430.9	91.0	264.0	n/a	n/a	n/a	n/a
170.108	0.02	saccade	n/a	431.5	91.3	n/a	410.5	94.2	0.86	95.0
170.13	0.24	fixation	n/a	413.5	92.1	269.0	n/a	n/a	n/a	n/a
170.372	0.04	saccade	n/a	413.2	91.6	n/a	502.5	89.7	3.59	252.0
170.414	0.188	fixation	n/a	507.8	89.5	270.0	n/a	n/a	n/a	n/a
170.604	0.18	saccade	n/a	509.1	94.2	n/a	395.8	101.5	4.56	420.0
170.634	0.142	blink	n/a	n/a	n/a	n/a	n/a	n/a	n/a	n/a
170.786	0.154	fixation	n/a	187.7	89.6	260.0	n/a	n/a	n/a	n/a
170.942	0.028	saccade	n/a	189.4	80.5	n/a	166.0	93.6	1.06	144.0
170.972	0.198	fixation	n/a	161.8	92.0	271.0	n/a	n/a	n/a	n/a
171.172	0.01	saccade	n/a	165.7	94.5	n/a	183.2	93.5	0.69	75.0
171.184	0.15	fixation	n/a	178.8	93.7	258.0	n/a	n/a	n/a	n/a
171.336	0.018	saccade	n/a	179.4	93.8	n/a	225.9	96.5	1.84	148.0
171.356	0.304	fixation	n/a	225.6	94.2	261.0	n/a	n/a	n/a	n/a
171.662	0.01	saccade	n/a	225.3	96.1	n/a	209.3	95.3	0.63	69.0
171.674	0.178	fixation	n/a	212.1	94.6	268.0	n/a	n/a	n/a	n/a
171.854	0.016	saccade	n/a	211.0	94.4	n/a	180.6	98.0	1.21	99.0
171.872	0.19	fixation	n/a	189.6	96.0	274.0	n/a	n/a	n/a	n/a
172.064	0.02	saccade	n/a	189.3	96.3	n/a	246.4	95.5	2.26	170.0
172.086	0.272	fixation	n/a	237.3	99.6	286.0	n/a	n/a	n/a	n/a
172.31	0.0	trigger_11	11	n/a	n/a	n/a	n/a	n/a	n/a	n/a
172.316	0.0	trigger_12	12	n/a	n/a	n/a	n/a	n/a	n/a	n/a
172.36	0.014	saccade	n/a	238.1	101.7	n/a	264.5	99.8	1.06	90.0
172.376	0.424	fixation	n/a	259.9	97.2	285.0	n/a	n/a	n/a	n/a
172.802	0.018	saccade	n/a	259.3	97.6	n/a	221.9	99.0	1.49	128.0
172.822	0.41	fixation	n/a	229.2	99.6	285.0	n/a	n/a	n/a	n/a
173.234	0.022	saccade	n/a	227.5	102.4	n/a	300.0	98.0	2.9	195.0
173.258	0.206	fixation	n/a	302.0	99.5	286.0	n/a	n/a	n/a	n/a
173.466	0.016	saccade	n/a	302.7	99.1	n/a	343.6	95.4	1.65	137.0
173.484	0.174	fixation	n/a	353.1	94.3	280.0	n/a	n/a	n/a	n/a
173.66	0.028	saccade	n/a	354.9	93.7	n/a	426.3	91.6	2.88	223.0
173.69	0.43	fixation	n/a	416.9	92.4	259.0	n/a	n/a	n/a	n/a
174.122	0.05	saccade	n/a	416.5	93.4	n/a	199.9	101.0	8.65	342.0
174.174	0.338	fixation	n/a	205.1	97.9	265.0	n/a	n/a	n/a	n/a
174.514	0.03	saccade	n/a	206.3	98.2	n/a	169.7	98.4	1.44	204.0
174.546	0.228	fixation	n/a	163.3	96.4	267.0	n/a	n/a	n/a	n/a
174.776	0.028	saccade	n/a	164.2	96.5	n/a	251.5	93.9	3.45	192.0
174.806	0.238	fixation	n/a	251.7	92.4	254.0	n/a	n/a	n/a	n/a
175.046	0.022	saccade	n/a	253.3	92.7	n/a	323.4	90.7	2.81	197.0
175.07	0.204	fixation	n/a	324.3	91.5	247.0	n/a	n/a	n/a	n/a
175.276	0.038	saccade	n/a	324.2	92.7	n/a	424.1	90.1	4.02	331.0
175.316	0.156	fixation	n/a	432.2	91.0	247.0	n/a	n/a	n/a	n/a
175.474	0.018	saccade	n/a	431.5	92.2	n/a	401.3	92.4	1.22	128.0
175.494	0.226	fixation	n/a	408.4	93.0	251.0	n/a	n/a	n/a	n/a
175.722	0.042	saccade	n/a	407.7	94.1	n/a	490.8	88.7	3.35	267.0
175.766	0.178	fixation	n/a	502.2	88.2	259.0	n/a	n/a	n/a	n/a
175.946	0.036	saccade	n/a	504.1	89.7	n/a	537.8	81.1	1.39	174.0
175.984	0.108	fixation	n/a	545.6	81.2	259.0	n/a	n/a	n/a	n/a
176.094	0.05	saccade	n/a	547.3	81.1	n/a	173.1	141.7	15.02	513.0
176.146	0.286	fixation	n/a	162.5	151.7	278.0	n/a	n/a	n/a	n/a
176.434	0.04	saccade	n/a	162.6	153.3	n/a	237.9	151.9	2.98	198.0
176.476	0.464	fixation	n/a	245.5	151.9	270.0	n/a	n/a	n/a	n/a
176.518	0.0	trigger_13	13	n/a	n/a	n/a	n/a	n/a	n/a	n/a
176.942	0.024	saccade	n/a	246.7	150.9	n/a	311.5	147.6	2.6	149.0
176.968	0.224	fixation	n/a	316.6	145.2	273.0	n/a	n/a	n/a	n/a
177.194	0.024	saccade	n/a	317.8	144.0	n/a	399.7	142.5	3.3	224.0
177.22	0.19	fixation	n/a	403.0	143.8	276.0	n/a	n/a	n/a	n/a
177.412	0.022	saccade	n/a	405.3	143.6	n/a	455.4	142.5	2.02	170.0
177.436	0.258	fixation	n/a	444.9	141.8	286.0	n/a	n/a	n/a	n/a
177.696	0.026	saccade	n/a	445.5	141.5	n/a	532.7	140.6	3.5	253.0
177.724	0.326	fixation	n/a	514.9	142.3	295.0	n/a	n/a	n/a	n/a
178.052	0.022	saccade	n/a	514.8	144.5	n/a	460.1	147.8	2.2	175.0
178.076	0.166	fixation	n/a	470.2	149.3	313.0	n/a	n/a	n/a	n/a
178.244	0.05	saccade	n/a	468.0	149.3	n/a	542.5	144.5	2.99	256.0
178.296	0.172	fixation	n/a	539.7	144.8	313.0	n/a	n/a	n/a	n/a
178.47	0.034	saccade	n/a	540.3	145.1	n/a	459.2	157.7	3.28	326.0
178.506	0.27	fixation	n/a	449.5	155.8	314.0	n/a	n/a	n/a	n/a
178.778	0.054	saccade	n/a	449.3	152.8	n/a	270.2	108.5	7.4	420.0
178.834	0.184	fixation	n/a	255.3	109.0	318.0	n/a	n/a	n/a	n/a
178.966	0.0	trigger_15	15	n/a	n/a	n/a	n/a	n/a	n/a	n/a
178.974	0.0	trigger_10	10	n/a	n/a	n/a	n/a	n/a	n/a	n/a
179.02	0.03	saccade	n/a	255.0	109.6	n/a	296.5	197.1	3.92	266.0
179.052	0.202	fixation	n/a	302.0	188.8	344.0	n/a	n/a	n/a	n/a
179.256	0.046	saccade	n/a	302.4	194.0	n/a	408.7	219.7	4.39	308.0
179.304	0.238	fixation	n/a	423.4	217.2	361.0	n/a	n/a	n/a	n/a
179.544	0.022	saccade	n/a	424.2	211.3	n/a	474.7	226.0	2.11	167.0
179.568	0.938	fixation	n/a	465.3	223.0	357.0	n/a	n/a	n/a	n/a
180.508	0.034	saccade	n/a	464.6	223.3	n/a	440.5	114.1	4.55	324.0
180.544	0.606	fixation	n/a	440.5	119.2	357.0	n/a	n/a	n/a	n/a
181.152	0.052	saccade	n/a	443.8	114.8	n/a	250.1	102.5	7.78	424.0
181.206	0.108	fixation	n/a	237.8	104.9	351.0	n/a	n/a	n/a	n/a
181.316	0.03	saccade	n/a	235.8	106.1	n/a	150.1	101.1	3.39	279.0
181.348	0.178	fixation	n/a	158.9	96.7	346.0	n/a	n/a	n/a	n/a
181.528	0.012	saccade	n/a	156.6	96.2	n/a	138.1	95.6	0.72	72.0
181.542	0.192	fixation	n/a	145.8	94.1	331.0	n/a	n/a	n/a	n/a
181.736	0.022	saccade	n/a	145.9	93.0	n/a	197.7	94.8	2.04	152.0
181.76	0.242	fixation	n/a	194.5	95.4	316.0	n/a	n/a	n/a	n/a
182.004	0.02	saccade	n/a	197.5	94.9	n/a	260.7	95.3	2.51	206.0
182.026	0.288	fixation	n/a	254.9	95.8	317.0	n/a	n/a	n/a	n/a
182.316	0.024	saccade	n/a	256.1	94.9	n/a	343.0	97.6	3.48	276.0
182.342	0.204	fixation	n/a	334.7	97.2	315.0	n/a	n/a	n/a	n/a
182.548	0.04	saccade	n/a	335.9	96.9	n/a	411.9	96.6	3.06	234.0
182.59	0.182	fixation	n/a	419.3	96.0	304.0	n/a	n/a	n/a	n/a
182.774	0.016	saccade	n/a	419.7	96.8	n/a	403.2	97.4	0.67	79.0
182.792	0.148	fixation	n/a	407.6	96.3	302.0	n/a	n/a	n/a	n/a
182.942	0.024	saccade	n/a	407.8	95.8	n/a	340.7	94.6	2.7	230.0
182.968	0.146	fixation	n/a	351.4	94.6	300.0	n/a	n/a	n/a	n/a
183.116	0.046	saccade	n/a	350.2	95.3	n/a	484.3	86.5	5.41	375.0
183.164	0.21	fixation	n/a	496.2	88.7	307.0	n/a	n/a	n/a	n/a
183.376	0.026	saccade	n/a	498.9	89.2	n/a	572.4	85.6	2.94	211.0
183.404	0.132	fixation	n/a	558.8	85.3	302.0	n/a	n/a	n/a	n/a
183.538	0.022	saccade	n/a	560.0	84.4	n/a	633.2	82.9	2.89	209.0
183.562	0.118	fixation	n/a	633.4	83.0	299.0	n/a	n/a	n/a	n/a
183.682	0.068	saccade	n/a	634.4	83.3	n/a	244.2	143.8	15.62	537.0
183.752	0.15	fixation	n/a	230.7	146.9	307.0	n/a	n/a	n/a	n/a
183.904	0.028	saccade	n/a	228.2	148.6	n/a	138.6	155.7	3.53	260.0
183.934	0.268	fixation	n/a	150.3	156.1	316.0	n/a	n/a	n/a	n/a
184.016	0.0	trigger_11	11	n/a	n/a	n/a	n/a	n/a	n/a	n/a
184.02	0.0	trigger_10	10	n/a	n/a	n/a	n/a	n/a	n/a	n/a
184.204	0.032	saccade	n/a	154.4	159.1	n/a	222.4	159.7	2.68	242.0
184.238	0.236	fixation	n/a	229.5	157.4	309.0	n/a	n/a	n/a	n/a
184.476	0.028	saccade	n/a	232.8	156.9	n/a	149.5	162.0	3.29	217.0
184.506	0.136	fixation	n/a	160.5	158.4	313.0	n/a	n/a	n/a	n/a
184.644	0.026	saccade	n/a	160.1	157.8	n/a	247.0	153.4	3.44	263.0
184.672	0.128	fixation	n/a	233.5	154.6	315.0	n/a	n/a	n/a	n/a
184.802	0.018	saccade	n/a	235.3	155.7	n/a	275.8	151.8	1.62	142.0
184.822	0.46	fixation	n/a	265.5	151.4	316.0	n/a	n/a	n/a	n/a
185.284	0.04	saccade	n/a	266.9	152.7	n/a	344.1	150.4	3.1	300.0
185.326	0.272	fixation	n/a	355.2	150.3	314.0	n/a	n/a	n/a	n/a
185.6	0.018	saccade	n/a	353.9	148.6	n/a	336.1	144.3	0.74	95.0
185.62	0.142	fixation	n/a	339.8	144.7	310.0	n/a	n/a	n/a	n/a
185.764	0.012	saccade	n/a	338.2	143.9	n/a	312.9	151.1	1.06	101.0
185.778	0.206	fixation	n/a	316.3	148.7	307.0	n/a	n/a	n/a	n/a
185.986	0.022	saccade	n/a	316.1	147.4	n/a	292.8	108.0	1.86	179.0
186.01	0.21	fixation	n/a	298.9	112.3	298.0	n/a	n/a	n/a	n/a
186.222	0.044	saccade	n/a	298.9	109.9	n/a	182.4	98.7	4.65	316.0
186.268	0.132	fixation	n/a	174.0	99.8	305.0	n/a	n/a	n/a	n/a
186.402	0.022	saccade	n/a	173.0	101.4	n/a	132.8	100.2	1.57	158.0
186.426	0.248	fixation	n/a	144.0	99.3	321.0	n/a	n/a	n/a	n/a
186.676	0.03	saccade	n/a	144.0	99.8	n/a	228.2	94.5	3.32	183.0
186.708	0.226	fixation	n/a	219.5	93.6	302.0	n/a	n/a	n/a	n/a
186.936	0.026	saccade	n/a	220.7	93.9	n/a	311.1	91.5	3.61	251.0
186.964	0.218	fixation	n/a	303.2	91.1	291.0	n/a	n/a	n/a	n/a
187.184	0.01	saccade	n/a	304.6	91.7	n/a	287.3	91.5	0.69	73.0
187.196	0.17	fixation	n/a	290.0	91.6	290.0	n/a	n/a	n/a	n/a
187.368	0.026	saccade	n/a	289.2	91.2	n/a	370.6	95.6	3.27	225.0
187.396	0.128	fixation	n/a	359.0	96.7	295.0	n/a	n/a	n/a	n/a
187.526	0.054	saccade	n/a	360.4	96.0	n/a	190.7	196.5	7.9	424.0
187.582	0.248	fixation	n/a	180.3	207.4	310.0	n/a	n/a	n/a	n/a
187.832	0.054	saccade	n/a	181.1	207.8	n/a	356.9	116.7	7.9	340.0
187.888	0.122	fixation	n/a	351.7	114.8	292.0	n/a	n/a	n/a	n/a
188.012	0.018	saccade	n/a	354.6	113.4	n/a	374.5	94.6	1.11	86.0
188.032	0.12	fixation	n/a	377.3	96.6	274.0	n/a	n/a	n/a	n/a
188.154	0.038	saccade	n/a	377.6	96.6	n/a	447.7	91.4	2.83	276.0
188.194	0.174	fixation	n/a	457.6	91.0	268.0	n/a	n/a	n/a	n/a
188.37	0.026	saccade	n/a	460.1	91.8	n/a	534.2	83.0	2.99	206.0
188.398	0.108	fixation	n/a	523.7	81.4	267.0	n/a	n/a	n/a	n/a
188.508	0.066	saccade	n/a	523.7	82.5	n/a	185.0	143.8	13.67	471.0
188.576	0.258	fixation	n/a	172.4	149.3	275.0	n/a	n/a	n/a	n/a
188.836	0.026	saccade	n/a	171.4	152.0	n/a	257.8	147.8	3.42	248.0
188.864	0.172	fixation	n/a	251.5	148.6	280.0	n/a	n/a	n/a	n/a
188.96	0.0	trigger_11	11	n/a	n/a	n/a	n/a	n/a	n/a	n/a
188.964	0.0	trigger_10	10	n/a	n/a	n/a	n/a	n/a	n/a	n/a
189.038	0.046	saccade	n/a	253.5	148.8	n/a	353.5	140.9	4.02	254.0
189.086	0.182	fixation	n/a	363.1	142.2	266.0	n/a	n/a	n/a	n/a
189.27	0.022	saccade	n/a	363.3	141.9	n/a	411.8	143.7	1.96	150.0
189.294	0.234	fixation	n/a	405.0	145.3	266.0	n/a	n/a	n/a	n/a
189.53	0.03	saccade	n/a	404.5	145.3	n/a	466.5	145.4	2.49	116.0
189.562	0.17	fixation	n/a	460.7	145.1	267.0	n/a	n/a	n/a	n/a
189.734	0.044	saccade	n/a	460.0	146.2	n/a	556.1	137.3	3.86	306.0
189.78	0.196	fixation	n/a	569.5	140.1	272.0	n/a	n/a	n/a	n/a
189.978	0.022	saccade	n/a	572.9	140.3	n/a	499.5	141.2	2.93	240.0
190.002	0.162	fixation	n/a	496.2	141.0	282.0	n/a	n/a	n/a	n/a
190.166	0.042	saccade	n/a	494.6	139.9	n/a	579.1	137.7	3.37	326.0
190.21	0.12	fixation	n/a	588.9	140.3	284.0	n/a	n/a	n/a	n/a
190.332	0.068	saccade	n/a	590.2	141.0	n/a	176.8	202.6	16.46	500.0
190.402	0.19	fixation	n/a	162.4	205.0	309.0	n/a	n/a	n/a	n/a
190.594	0.036	saccade	n/a	160.9	206.9	n/a	120.7	210.8	1.57	232.0
190.632	0.15	fixation	n/a	113.0	212.9	313.0	n/a	n/a	n/a	n/a
190.784	0.042	saccade	n/a	113.6	213.6	n/a	228.7	196.6	4.56	350.0
190.828	0.286	fixation	n/a	242.0	194.4	303.0	n/a	n/a	n/a	n/a
191.116	0.028	saccade	n/a	244.8	192.8	n/a	212.0	98.9	4.02	271.0
191.146	0.112	fixation	n/a	208.0	94.2	298.0	n/a	n/a	n/a	n/a
191.26	0.042	saccade	n/a	210.0	93.3	n/a	156.3	91.9	2.11	222.0
191.304	0.192	fixation	n/a	148.3	93.8	303.0	n/a	n/a	n/a	n/a
191.498	0.036	saccade	n/a	147.0	96.0	n/a	282.7	99.5	5.37	296.0
191.536	0.084	fixation	n/a	277.0	97.2	309.0	n/a	n/a	n/a	n/a
191.622	0.092	saccade	n/a	279.2	101.8	n/a	338.7	167.3	3.58	215.0
191.652	0.046	blink	n/a	n/a	n/a	n/a	n/a	n/a	n/a	n/a
191.716	0.27	fixation	n/a	336.4	101.0	299.0	n/a	n/a	n/a	n/a
191.988	0.024	saccade	n/a	334.7	89.9	n/a	389.9	93.9	2.23	162.0
192.014	0.262	fixation	n/a	378.2	94.4	293.0	n/a	n/a	n/a	n/a
192.278	0.024	saccade	n/a	379.0	95.1	n/a	437.9	94.7	2.38	178.0
192.304	0.238	fixation	n/a	424.2	95.5	275.0	n/a	n/a	n/a	n/a
192.544	0.032	saccade	n/a	422.5	95.9	n/a	504.6	86.2	3.32	176.0
192.578	0.266	fixation	n/a	492.5	87.3	292.0	n/a	n/a	n/a	n/a
192.846	0.016	saccade	n/a	493.3	86.9	n/a	521.6	82.3	1.15	102.0
192.864	0.42	fixation	n/a	512.2	82.4	296.0	n/a	n/a	n/a	n/a
193.286	0.058	saccade	n/a	514.8	80.2	n/a	192.8	145.3	13.07	411.0
193.346	0.134	fixation	n/a	194.1	142.9	312.0	n/a	n/a	n/a	n/a
193.482	0.024	saccade	n/a	191.3	144.5	n/a	128.4	155.8	2.5	188.0
193.508	0.234	fixation	n/a	142.9	151.0	319.0	n/a	n/a	n/a	n/a
193.744	0.022	saccade	n/a	142.9	150.9	n/a	207.5	149.9	2.54	206.0
193.768	0.238	fixation	n/a	199.7	149.1	307.0	n/a	n/a	n/a	n/a
194.008	0.024	saccade	n/a	202.1	148.8	n/a	127.8	154.5	2.92	214.0
194.034	0.322	fixation	n/a	139.0	152.2	301.0	n/a	n/a	n/a	n/a
194.358	0.024	saccade	n/a	137.7	151.6	n/a	224.3	151.8	3.4	265.0
194.376	0.0	trigger_11	11	n/a	n/a	n/a	n/a	n/a	n/a	n/a
194.382	0.0	trigger_10	10	n/a	n/a	n/a	n/a	n/a	n/a	n/a
194.384	0.398	fixation	n/a	214.0	151.8	294.0	n/a	n/a	n/a	n/a
194.784	0.024	saccade	n/a	214.8	151.1	n/a	284.7	146.1	2.79	191.0
194.81	0.214	fixation	n/a	281.1	147.4	279.0	n/a	n/a	n/a	n/a
195.026	0.022	saccade	n/a	283.7	146.8	n/a	229.8	150.3	2.15	164.0
195.05	0.158	fixation	n/a	242.2	149.6	274.0	n/a	n/a	n/a	n/a
195.21	0.032	saccade	n/a	241.6	149.4	n/a	357.9	142.0	4.67	257.0
195.244	0.202	fixation	n/a	353.6	143.1	275.0	n/a	n/a	n/a	n/a
195.448	0.03	saccade	n/a	357.0	143.5	n/a	469.2	139.5	4.52	273.0
195.48	0.206	fixation	n/a	463.8	138.9	270.0	n/a	n/a	n/a	n/a
195.688	0.018	saccade	n/a	464.1	138.4	n/a	504.4	139.6	1.62	113.0
195.708	0.284	fixation	n/a	496.8	136.5	271.0	n/a	n/a	n/a	n/a
195.994	0.038	saccade	n/a	498.2	134.4	n/a	295.9	108.0	8.2	350.0
196.034	0.254	fixation	n/a	278.5	103.2	260.0	n/a	n/a	n/a	n/a
196.29	0.022	saccade	n/a	276.2	103.7	n/a	310.0	139.8	2.0	167.0
196.314	0.224	fixation	n/a	303.5	136.0	271.0	n/a	n/a	n/a	n/a
196.54	0.046	saccade	n/a	304.0	136.3	n/a	181.5	93.4	5.17	358.0
196.588	0.226	fixation	n/a	171.2	92.2	275.0	n/a	n/a	n/a	n/a
196.816	0.016	saccade	n/a	169.1	94.3	n/a	155.2	93.2	0.55	76.0
196.834	0.202	fixation	n/a	158.0	93.4	275.0	n/a	n/a	n/a	n/a
197.038	0.026	saccade	n/a	158.6	92.2	n/a	249.4	93.0	3.59	233.0
197.066	0.266	fixation	n/a	248.2	90.4	262.0	n/a	n/a	n/a	n/a
197.334	0.014	saccade	n/a	250.8	89.9	n/a	283.3	90.7	1.3	118.0
197.35	0.174	fixation	n/a	284.1	90.4	264.0	n/a	n/a	n/a	n/a
197.526	0.04	saccade	n/a	284.3	90.1	n/a	345.7	91.8	2.46	219.0
197.568	0.262	fixation	n/a	353.1	91.0	259.0	n/a	n/a	n/a	n/a
197.832	0.018	saccade	n/a	353.9	91.7	n/a	382.3	95.3	1.15	84.0
197.852	0.12	fixation	n/a	373.6	93.7	250.0	n/a	n/a	n/a	n/a
197.974	0.042	saccade	n/a	373.7	93.9	n/a	460.1	84.7	3.5	248.0
198.018	0.236	fixation	n/a	469.6	83.7	242.0	n/a	n/a	n/a	n/a
198.256	0.028	saccade	n/a	472.1	84.2	n/a	544.9	76.1	2.93	194.0
198.286	0.178	fixation	n/a	533.7	76.2	238.0	n/a	n/a	n/a	n/a
198.456	0.0	trigger_11	11	n/a	n/a	n/a	n/a	n/a	n/a	n/a
198.464	0.0	trigger_10	10	n/a	n/a	n/a	n/a	n/a	n/a	n/a
198.466	0.05	saccade	n/a	535.0	77.2	n/a	172.3	138.0	14.57	482.0
198.518	0.288	fixation	n/a	169.6	146.4	259.0	n/a	n/a	n/a	n/a
198.808	0.026	saccade	n/a	161.6	149.7	n/a	231.8	152.0	2.77	147.0
198.836	0.218	fixation	n/a	233.6	149.2	268.0	n/a	n/a	n/a	n/a
199.056	0.022	saccade	n/a	234.2	149.1	n/a	306.3	139.3	2.91	229.0
199.08	0.172	fixation	n/a	310.2	139.6	263.0	n/a	n/a	n/a	n/a
199.254	0.028	saccade	n/a	311.2	139.3	n/a	397.5	142.7	3.48	227.0
199.284	0.238	fixation	n/a	388.8	143.4	261.0	n/a	n/a	n/a	n/a
199.524	0.034	saccade	n/a	392.6	143.8	n/a	462.9	142.2	2.83	160.0
199.56	0.218	fixation	n/a	454.3	140.7	257.0	n/a	n/a	n/a	n/a
199.78	0.026	saccade	n/a	454.3	140.1	n/a	530.8	141.7	3.07	201.0
199.808	0.242	fixation	n/a	524.4	140.9	252.0	n/a	n/a	n/a	n/a
200.052	0.024	saccade	n/a	525.6	140.9	n/a	600.8	137.7	2.99	184.0
200.078	0.226	fixation	n/a	596.0	137.7	254.0	n/a	n/a	n/a	n/a
200.306	0.06	saccade	n/a	596.4	135.7	n/a	410.7	107.3	7.5	318.0
200.368	0.27	fixation	n/a	416.2	108.6	252.0	n/a	n/a	n/a	n/a
200.64	0.054	saccade	n/a	417.3	109.3	n/a	203.6	90.1	8.57	446.0
200.696	0.114	fixation	n/a	193.3	92.3	266.0	n/a	n/a	n/a	n/a
200.812	0.022	saccade	n/a	191.8	92.7	n/a	137.6	92.7	2.13	174.0
200.836	0.214	fixation	n/a	148.9	91.5	269.0	n/a	n/a	n/a	n/a
201.052	0.012	saccade	n/a	148.1	90.2	n/a	167.5	87.8	0.77	74.0
201.066	0.32	fixation	n/a	171.6	87.1	247.0	n/a	n/a	n/a	n/a
201.388	0.024	saccade	n/a	171.6	87.8	n/a	251.1	88.7	3.14	228.0
201.414	0.188	fixation	n/a	250.2	85.4	239.0	n/a	n/a	n/a	n/a
201.604	0.022	saccade	n/a	251.9	87.3	n/a	312.6	89.2	2.43	138.0
201.628	0.18	fixation	n/a	309.8	89.7	239.0	n/a	n/a	n/a	n/a
201.81	0.024	saccade	n/a	309.6	90.6	n/a	392.6	92.1	3.34	212.0
201.836	0.19	fixation	n/a	394.0	94.5	234.0	n/a	n/a	n/a	n/a
202.028	0.03	saccade	n/a	395.1	95.3	n/a	461.0	86.8	2.67	195.0
202.06	0.236	fixation	n/a	455.6	85.7	236.0	n/a	n/a	n/a	n/a
202.298	0.022	saccade	n/a	456.7	87.2	n/a	503.1	76.3	1.91	157.0
202.322	0.116	fixation	n/a	495.6	76.5	239.0	n/a	n/a	n/a	n/a
202.44	0.052	saccade	n/a	496.7	76.7	n/a	166.3	143.1	13.38	498.0
202.494	0.268	fixation	n/a	163.4	147.5	252.0	n/a	n/a	n/a	n/a
202.764	0.028	saccade	n/a	162.1	148.4	n/a	254.6	151.4	3.66	221.0
202.794	0.24	fixation	n/a	251.1	146.4	248.0	n/a	n/a	n/a	n/a
203.036	0.018	saccade	n/a	253.3	146.0	n/a	296.3	143.4	1.72	127.0
203.056	0.25	fixation	n/a	296.1	144.1	240.0	n/a	n/a	n/a	n/a
203.308	0.022	saccade	n/a	297.1	143.3	n/a	234.8	149.4	2.49	161.0
203.332	0.192	fixation	n/a	233.8	148.9	233.0	n/a	n/a	n/a	n/a
203.526	0.036	saccade	n/a	234.4	148.3	n/a	337.1	144.7	4.1	189.0
203.564	0.402	fixation	n/a	333.3	140.1	222.0	n/a	n/a	n/a	n/a
203.968	0.034	saccade	n/a	332.8	139.8	n/a	425.9	141.0	3.75	148.0
204.004	0.16	fixation	n/a	421.5	141.5	214.0	n/a	n/a	n/a	n/a
204.166	0.028	saccade	n/a	423.1	142.1	n/a	514.0	141.3	3.65	182.0
204.196	0.182	fixation	n/a	519.3	140.5	211.0	n/a	n/a	n/a	n/a
204.38	0.03	saccade	n/a	520.0	142.4	n/a	589.5	135.6	2.78	131.0
204.412	0.222	fixation	n/a	585.5	135.8	206.0	n/a	n/a	n/a	n/a
204.636	0.02	saccade	n/a	585.4	136.8	n/a	638.5	140.4	2.1	161.0
204.658	0.138	fixation	n/a	630.5	137.9	207.0	n/a	n/a	n/a	n/a
204.798	0.064	saccade	n/a	631.1	136.0	n/a	209.0	207.1	16.86	432.0
204.834	0.0	trigger_11	11	n/a	n/a	n/a	n/a	n/a	n/a	n/a
204.838	0.0	trigger_10	10	n/a	n/a	n/a	n/a	n/a	n/a	n/a
204.864	0.132	fixation	n/a	209.2	209.6	218.0	n/a	n/a	n/a	n/a
204.998	0.026	saccade	n/a	209.6	210.1	n/a	141.9	206.8	2.66	184.0
205.026	0.262	fixation	n/a	154.4	206.0	233.0	n/a	n/a	n/a	n/a
205.29	0.022	saccade	n/a	155.4	204.8	n/a	208.9	206.4	2.1	118.0
205.314	0.302	fixation	n/a	215.8	204.4	237.0	n/a	n/a	n/a	n/a
205.618	0.022	saccade	n/a	217.4	205.0	n/a	287.4	199.0	2.79	211.0
205.642	0.354	fixation	n/a	282.4	200.8	239.0	n/a	n/a	n/a	n/a
205.998	0.006	saccade	n/a	280.0	201.5	n/a	271.8	203.5	0.34	51.0
206.006	0.12	fixation	n/a	272.6	201.3	239.0	n/a	n/a	n/a	n/a
206.128	0.024	saccade	n/a	271.5	201.4	n/a	334.7	199.6	2.53	164.0
206.154	0.316	fixation	n/a	329.5	196.5	234.0	n/a	n/a	n/a	n/a
206.472	0.032	saccade	n/a	329.3	193.0	n/a	382.4	155.1	2.64	118.0
206.506	0.208	fixation	n/a	386.2	145.2	226.0	n/a	n/a	n/a	n/a
206.716	0.016	saccade	n/a	387.3	140.4	n/a	355.8	113.4	1.68	125.0
206.734	0.268	fixation	n/a	339.4	104.5	221.0	n/a	n/a	n/a	n/a
207.004	0.032	saccade	n/a	338.7	101.9	n/a	179.4	83.8	6.38	363.0
207.038	0.132	fixation	n/a	179.9	79.5	218.0	n/a	n/a	n/a	n/a
207.172	0.02	saccade	n/a	179.7	79.8	n/a	131.8	87.3	1.9	152.0
207.194	0.246	fixation	n/a	139.0	83.7	220.0	n/a	n/a	n/a	n/a
207.442	0.026	saccade	n/a	139.8	84.2	n/a	194.9	86.1	2.17	115.0
207.47	0.172	fixation	n/a	194.6	84.7	215.0	n/a	n/a	n/a	n/a
207.644	0.018	saccade	n/a	195.7	84.2	n/a	243.5	87.0	1.9	147.0
207.664	0.228	fixation	n/a	240.9	87.3	208.0	n/a	n/a	n/a	n/a
207.894	0.02	saccade	n/a	242.3	88.1	n/a	293.7	85.2	2.06	150.0
207.916	0.288	fixation	n/a	303.9	85.5	214.0	n/a	n/a	n/a	n/a
208.206	0.022	saccade	n/a	305.7	87.1	n/a	368.6	86.9	2.53	171.0
208.23	0.214	fixation	n/a	365.1	89.2	219.0	n/a	n/a	n/a	n/a
208.446	0.024	saccade	n/a	365.6	91.2	n/a	426.1	92.4	2.44	181.0
208.472	0.226	fixation	n/a	417.8	92.8	220.0	n/a	n/a	n/a	n/a
208.7	0.032	saccade	n/a	417.7	94.6	n/a	525.8	85.4	4.36	240.0
208.734	0.126	fixation	n/a	518.5	85.1	230.0	n/a	n/a	n/a	n/a
208.862	0.024	saccade	n/a	522.2	85.5	n/a	419.5	87.3	4.13	291.0
208.888	0.176	fixation	n/a	403.0	91.5	232.0	n/a	n/a	n/a	n/a
209.066	0.05	saccade	n/a	400.1	91.9	n/a	536.9	82.5	5.5	373.0
209.118	0.13	fixation	n/a	552.3	82.6	238.0	n/a	n/a	n/a	n/a
209.25	0.078	saccade	n/a	555.4	83.3	n/a	160.2	141.1	15.79	406.0
209.314	0.0	trigger_11	11	n/a	n/a	n/a	n/a	n/a	n/a	n/a
209.318	0.0	trigger_12	12	n/a	n/a	n/a	n/a	n/a	n/a	n/a
209.33	0.182	fixation	n/a	150.4	144.8	254.0	n/a	n/a	n/a	n/a
209.514	0.014	saccade	n/a	148.2	147.8	n/a	125.1	152.8	0.92	76.0
209.53	0.232	fixation	n/a	132.4	151.8	252.0	n/a	n/a	n/a	n/a
209.764	0.022	saccade	n/a	130.6	150.9	n/a	179.0	150.4	1.89	105.0
209.788	0.17	fixation	n/a	175.5	148.7	238.0	n/a	n/a	n/a	n/a
209.96	0.02	saccade	n/a	174.6	147.0	n/a	229.5	147.3	2.17	161.0
209.982	0.232	fixation	n/a	241.0	145.1	224.0	n/a	n/a	n/a	n/a
210.216	0.018	saccade	n/a	240.8	144.8	n/a	206.5	148.4	1.37	102.0
210.236	0.19	fixation	n/a	215.2	146.4	219.0	n/a	n/a	n/a	n/a
210.428	0.02	saccade	n/a	215.1	145.7	n/a	270.2	143.7	2.2	162.0
210.45	0.188	fixation	n/a	284.7	142.0	210.0	n/a	n/a	n/a	n/a
210.64	0.02	saccade	n/a	285.4	139.6	n/a	340.5	141.0	2.21	147.0
210.662	0.2	fixation	n/a	353.5	141.4	202.0	n/a	n/a	n/a	n/a
210.858	0.0	trigger_13	13	n/a	n/a	n/a	n/a	n/a	n/a	n/a
210.864	0.018	saccade	n/a	354.4	141.9	n/a	323.5	142.6	1.24	87.0
210.884	0.304	fixation	n/a	331.5	137.5	198.0	n/a	n/a	n/a	n/a
211.19	0.018	saccade	n/a	330.6	131.6	n/a	302.2	103.3	1.62	128.0
211.21	0.292	fixation	n/a	304.1	90.9	204.0	n/a	n/a	n/a	n/a
211.504	0.032	saccade	n/a	305.0	92.4	n/a	177.8	87.3	5.06	326.0
211.538	0.312	fixation	n/a	186.8	88.3	233.0	n/a	n/a	n/a	n/a
211.852	0.018	saccade	n/a	187.5	89.5	n/a	235.5	90.8	1.9	139.0
211.872	0.218	fixation	n/a	238.0	92.1	255.0	n/a	n/a	n/a	n/a
212.092	0.018	saccade	n/a	238.9	93.3	n/a	284.7	91.8	1.83	127.0
212.112	0.2	fixation	n/a	287.8	91.3	266.0	n/a	n/a	n/a	n/a
212.314	0.018	saccade	n/a	291.0	92.0	n/a	328.2	93.8	1.49	115.0
212.334	0.25	fixation	n/a	324.7	92.6	267.0	n/a	n/a	n/a	n/a
212.586	0.008	saccade	n/a	322.0	92.5	n/a	309.7	90.4	0.5	63.0
212.596	0.788	fixation	n/a	313.4	90.5	260.0	n/a	n/a	n/a	n/a
213.386	0.028	saccade	n/a	313.6	92.2	n/a	355.9	95.9	1.71	162.0
213.416	0.028	fixation	n/a	365.0	95.7	278.0	n/a	n/a	n/a	n/a
213.446	0.032	saccade	n/a	368.9	95.3	n/a	419.3	130.5	2.49	97.0
213.48	0.02	fixation	n/a	430.8	146.1	210.0	n/a	n/a	n/a	n/a
213.502	0.026	saccade	n/a	368.9	95.3	n/a	419.3	130.5	2.48	0.0
213.512	0.008	blink	n/a	n/a	n/a	n/a	n/a	n/a	n/a	n/a
213.53	0.296	fixation	n/a	412.1	141.6	235.0	n/a	n/a	n/a	n/a
213.828	0.036	saccade	n/a	401.1	113.4	n/a	439.9	178.3	3.07	301.0
213.866	0.202	fixation	n/a	445.9	180.8	278.0	n/a	n/a	n/a	n/a
214.07	0.028	saccade	n/a	447.4	182.6	n/a	407.7	214.1	2.05	150.0
214.1	0.366	fixation	n/a	408.4	208.3	294.0	n/a	n/a	n/a	n/a
214.29	0.0	trigger_15	15	n/a	n/a	n/a	n/a	n/a	n/a	n/a
214.294	0.0	trigger_12	12	n/a	n/a	n/a	n/a	n/a	n/a	n/a
214.468	0.22	saccade	n/a	404.8	220.6	n/a	399.7	225.2	0.28	74.0
214.484	0.196	blink	n/a	n/a	n/a	n/a	n/a	n/a	n/a	n/a
214.69	0.244	fixation	n/a	410.9	166.0	277.0	n/a	n/a	n/a	n/a
214.936	0.036	saccade	n/a	406.3	152.7	n/a	437.4	168.1	1.4	198.0
214.974	0.216	fixation	n/a	444.4	168.2	311.0	n/a	n/a	n/a	n/a
215.192	0.03	saccade	n/a	444.4	167.7	n/a	417.0	171.7	1.11	175.0
215.224	0.222	fixation	n/a	412.0	170.8	307.0	n/a	n/a	n/a	n/a
215.448	0.038	saccade	n/a	409.6	171.8	n/a	466.4	207.2	2.7	238.0
215.488	1.032	fixation	n/a	474.2	209.3	358.0	n/a	n/a	n/a	n/a
216.522	0.034	saccade	n/a	479.4	210.4	n/a	385.5	138.0	4.79	356.0
216.558	0.1	fixation	n/a	397.4	137.2	364.0	n/a	n/a	n/a	n/a
216.66	0.054	saccade	n/a	396.6	137.3	n/a	209.1	104.8	7.6	408.0
216.716	0.122	fixation	n/a	199.0	105.2	366.0	n/a	n/a	n/a	n/a
216.84	0.02	saccade	n/a	197.1	106.6	n/a	150.5	103.8	1.83	154.0
216.862	0.138	fixation	n/a	160.6	101.3	349.0	n/a	n/a	n/a	n/a
217.002	0.214	saccade	n/a	160.7	102.5	n/a	164.2	137.7	1.43	238.0
217.032	0.176	blink	n/a	n/a	n/a	n/a	n/a	n/a	n/a	n/a
217.218	0.18	fixation	n/a	242.7	118.7	265.0	n/a	n/a	n/a	n/a
217.4	0.024	saccade	n/a	243.3	99.3	n/a	314.0	93.7	2.84	205.0
217.426	0.248	fixation	n/a	308.5	91.2	280.0	n/a	n/a	n/a	n/a
217.676	0.028	saccade	n/a	309.5	90.0	n/a	405.7	92.5	3.87	230.0
217.706	0.162	fixation	n/a	396.6	91.2	262.0	n/a	n/a	n/a	n/a
217.87	0.02	saccade	n/a	397.8	92.2	n/a	372.4	95.9	1.04	92.0
217.892	0.158	fixation	n/a	378.5	95.1	264.0	n/a	n/a	n/a	n/a
218.052	0.028	saccade	n/a	376.4	95.0	n/a	477.4	88.0	4.07	278.0
218.082	0.186	fixation	n/a	467.2	89.8	266.0	n/a	n/a	n/a	n/a
218.27	0.04	saccade	n/a	468.2	90.5	n/a	509.1	85.7	1.65	191.0
218.282	0.0	trigger_13	13	n/a	n/a	n/a	n/a	n/a	n/a	n/a
218.312	0.126	fixation	n/a	518.1	84.9	285.0	n/a	n/a	n/a	n/a
218.44	0.072	saccade	n/a	521.1	82.7	n/a	169.9	144.8	14.13	525.0
218.514	0.262	fixation	n/a	152.6	147.1	310.0	n/a	n/a	n/a	n/a
218.778	0.026	saccade	n/a	150.7	146.7	n/a	252.0	145.0	4.0	304.0
218.806	0.282	fixation	n/a	244.6	144.0	293.0	n/a	n/a	n/a	n/a
219.09	0.012	saccade	n/a	245.3	144.9	n/a	227.5	145.1	0.71	61.0
219.104	0.214	fixation	n/a	229.1	146.3	283.0	n/a	n/a	n/a	n/a
219.32	0.024	saccade	n/a	228.2	147.4	n/a	301.3	147.9	2.92	177.0
219.346	0.178	fixation	n/a	292.3	147.2	282.0	n/a	n/a	n/a	n/a
219.526	0.046	saccade	n/a	293.8	145.6	n/a	407.3	139.7	4.56	231.0
219.574	0.2	fixation	n/a	414.9	141.0	269.0	n/a	n/a	n/a	n/a
219.65	0.0	trigger_15	15	n/a	n/a	n/a	n/a	n/a	n/a	n/a
219.654	0.0	trigger_10	10	n/a	n/a	n/a	n/a	n/a	n/a	n/a
219.776	0.032	saccade	n/a	417.0	141.3	n/a	505.2	138.8	3.54	162.0
219.81	0.196	fixation	n/a	499.2	137.0	256.0	n/a	n/a	n/a	n/a
220.008	0.06	saccade	n/a	501.7	138.3	n/a	221.9	81.6	11.38	463.0
220.07	0.422	fixation	n/a	211.2	86.1	251.0	n/a	n/a	n/a	n/a
220.494	0.022	saccade	n/a	214.0	89.3	n/a	171.2	87.0	1.69	158.0
220.518	0.446	fixation	n/a	178.6	90.2	267.0	n/a	n/a	n/a	n/a
220.966	0.06	saccade	n/a	180.6	93.0	n/a	357.7	98.4	7.06	320.0
221.028	0.188	fixation	n/a	370.1	99.1	300.0	n/a	n/a	n/a	n/a
221.218	0.028	saccade	n/a	373.0	98.2	n/a	413.2	190.1	4.08	298.0
221.248	0.22	fixation	n/a	414.0	179.0	315.0	n/a	n/a	n/a	n/a
221.47	0.042	saccade	n/a	414.5	184.3	n/a	477.4	184.0	2.53	236.0
221.514	0.096	fixation	n/a	484.6	184.6	354.0	n/a	n/a	n/a	n/a
221.612	0.036	saccade	n/a	486.1	184.1	n/a	505.6	78.6	4.37	333.0
221.65	0.206	fixation	n/a	503.3	80.2	336.0	n/a	n/a	n/a	n/a
221.858	0.056	saccade	n/a	505.7	79.7	n/a	230.3	86.2	10.98	504.0
221.916	0.118	fixation	n/a	215.1	87.0	359.0	n/a	n/a	n/a	n/a
222.036	0.022	saccade	n/a	213.4	89.8	n/a	138.4	96.7	2.97	233.0
222.06	0.214	fixation	n/a	155.6	94.8	338.0	n/a	n/a	n/a	n/a
222.276	0.018	saccade	n/a	157.3	95.2	n/a	138.1	97.4	0.76	77.0
222.296	0.506	fixation	n/a	144.4	94.6	328.0	n/a	n/a	n/a	n/a
222.804	0.026	saccade	n/a	144.5	94.2	n/a	235.6	105.4	3.62	262.0
222.832	0.43	fixation	n/a	222.9	101.8	306.0	n/a	n/a	n/a	n/a
223.264	0.026	saccade	n/a	218.2	96.2	n/a	314.5	96.8	3.84	264.0
223.292	0.282	fixation	n/a	312.4	94.2	275.0	n/a	n/a	n/a	n/a
223.576	0.028	saccade	n/a	312.6	95.2	n/a	424.8	96.0	4.52	292.0
223.606	0.328	fixation	n/a	412.5	95.6	256.0	n/a	n/a	n/a	n/a
223.936	0.016	saccade	n/a	418.9	97.5	n/a	436.8	94.3	0.73	56.0
223.954	0.292	fixation	n/a	452.7	90.4	253.0	n/a	n/a	n/a	n/a
224.248	0.02	saccade	n/a	454.9	91.1	n/a	506.8	88.0	2.08	155.0
224.27	0.228	fixation	n/a	505.0	88.9	263.0	n/a	n/a	n/a	n/a
224.5	0.022	saccade	n/a	504.2	88.5	n/a	554.7	80.8	2.04	139.0
224.524	0.316	fixation	n/a	550.0	81.8	274.0	n/a	n/a	n/a	n/a
224.842	0.02	saccade	n/a	551.7	81.7	n/a	600.2	80.2	1.93	154.0
224.864	0.188	fixation	n/a	584.2	80.2	269.0	n/a	n/a	n/a	n/a
225.054	0.064	saccade	n/a	584.2	79.5	n/a	157.9	151.7	17.07	492.0
225.12	0.358	fixation	n/a	160.2	157.1	297.0	n/a	n/a	n/a	n/a
225.48	0.026	saccade	n/a	161.0	160.4	n/a	263.1	150.1	4.06	289.0
225.508	0.222	fixation	n/a	253.0	152.9	290.0	n/a	n/a	n/a	n/a
225.732	0.02	saccade	n/a	254.3	153.1	n/a	300.3	150.8	1.84	160.0
225.754	0.19	fixation	n/a	296.7	150.6	285.0	n/a	n/a	n/a	n/a
225.946	0.024	saccade	n/a	297.4	150.2	n/a	362.8	146.1	2.63	199.0
225.972	0.236	fixation	n/a	353.8	144.7	267.0	n/a	n/a	n/a	n/a
226.21	0.014	saccade	n/a	358.1	143.4	n/a	386.6	143.4	1.15	110.0
226.226	0.348	fixation	n/a	381.6	143.2	256.0	n/a	n/a	n/a	n/a
226.306	0.0	trigger_11	11	n/a	n/a	n/a	n/a	n/a	n/a	n/a
226.312	0.0	trigger_10	10	n/a	n/a	n/a	n/a	n/a	n/a	n/a
226.576	0.034	saccade	n/a	379.7	143.5	n/a	511.3	142.8	5.29	300.0
226.612	0.26	fixation	n/a	506.8	139.9	252.0	n/a	n/a	n/a	n/a
226.874	0.036	saccade	n/a	509.8	139.5	n/a	368.0	100.0	5.92	307.0
226.912	0.288	fixation	n/a	375.0	98.0	241.0	n/a	n/a	n/a	n/a
227.202	0.22	saccade	n/a	377.8	105.0	n/a	377.9	106.9	0.08	85.0
227.216	0.198	blink	n/a	n/a	n/a	n/a	n/a	n/a	n/a	n/a
227.424	0.31	fixation	n/a	386.5	86.9	241.0	n/a	n/a	n/a	n/a
227.736	0.022	saccade	n/a	383.1	80.2	n/a	332.7	87.1	2.05	159.0
227.76	0.734	fixation	n/a	337.2	89.5	271.0	n/a	n/a	n/a	n/a
228.496	0.048	saccade	n/a	338.0	92.6	n/a	178.1	93.2	6.36	408.0
228.546	0.166	fixation	n/a	169.5	93.0	323.0	n/a	n/a	n/a	n/a
228.714	0.012	saccade	n/a	172.9	95.4	n/a	197.3	97.1	0.96	93.0
228.728	0.184	fixation	n/a	195.9	97.3	322.0	n/a	n/a	n/a	n/a
228.914	0.028	saccade	n/a	193.9	95.6	n/a	277.9	94.8	3.34	184.0
228.944	0.188	fixation	n/a	275.3	93.5	288.0	n/a	n/a	n/a	n/a
229.134	0.02	saccade	n/a	278.4	94.5	n/a	326.0	96.8	1.91	138.0
229.156	0.19	fixation	n/a	319.8	95.6	273.0	n/a	n/a	n/a	n/a
229.348	0.016	saccade	n/a	321.1	96.3	n/a	355.4	96.7	1.38	112.0
229.366	0.118	fixation	n/a	358.3	97.1	270.0	n/a	n/a	n/a	n/a
229.486	0.024	saccade	n/a	359.3	97.1	n/a	299.4	95.9	2.41	170.0
229.512	0.164	fixation	n/a	307.0	93.1	265.0	n/a	n/a	n/a	n/a
229.678	0.026	saccade	n/a	304.5	93.9	n/a	381.0	98.1	3.08	205.0
229.706	0.162	fixation	n/a	377.2	94.8	256.0	n/a	n/a	n/a	n/a
229.87	0.022	saccade	n/a	378.6	95.2	n/a	430.3	93.2	2.09	140.0
229.894	0.184	fixation	n/a	429.6	93.1	243.0	n/a	n/a	n/a	n/a
230.08	0.026	saccade	n/a	431.6	92.6	n/a	491.7	88.1	2.43	134.0
230.108	0.188	fixation	n/a	482.8	87.2	241.0	n/a	n/a	n/a	n/a
230.298	0.028	saccade	n/a	484.0	88.1	n/a	546.6	82.0	2.52	154.0
230.328	0.148	fixation	n/a	538.3	82.0	239.0	n/a	n/a	n/a	n/a
230.478	0.056	saccade	n/a	540.5	81.0	n/a	165.5	135.7	14.99	480.0
230.536	0.268	fixation	n/a	169.5	142.6	247.0	n/a	n/a	n/a	n/a
230.806	0.008	saccade	n/a	168.2	143.7	n/a	158.3	147.9	0.42	54.0
230.816	0.128	fixation	n/a	160.1	145.4	247.0	n/a	n/a	n/a	n/a
230.892	0.0	trigger_11	11	n/a	n/a	n/a	n/a	n/a	n/a	n/a
230.896	0.0	trigger_12	12	n/a	n/a	n/a	n/a	n/a	n/a	n/a
230.946	0.024	saccade	n/a	160.8	145.0	n/a	251.5	144.7	3.59	256.0
230.972	0.276	fixation	n/a	259.7	145.5	236.0	n/a	n/a	n/a	n/a
231.25	0.022	saccade	n/a	262.7	144.5	n/a	316.5	141.5	2.16	172.0
231.274	0.208	fixation	n/a	312.1	143.4	230.0	n/a	n/a	n/a	n/a
231.484	0.048	saccade	n/a	312.2	143.3	n/a	434.2	142.2	4.91	233.0
231.534	0.248	fixation	n/a	443.2	141.2	231.0	n/a	n/a	n/a	n/a
231.784	0.02	saccade	n/a	444.3	142.3	n/a	493.4	144.8	1.98	137.0
231.806	0.176	fixation	n/a	490.0	144.2	230.0	n/a	n/a	n/a	n/a
231.984	0.02	saccade	n/a	491.8	141.8	n/a	539.7	142.5	1.92	143.0
232.006	0.198	fixation	n/a	541.7	144.5	224.0	n/a	n/a	n/a	n/a
232.206	0.018	saccade	n/a	543.9	144.9	n/a	586.3	142.6	1.69	109.0
232.226	0.132	fixation	n/a	594.3	141.5	221.0	n/a	n/a	n/a	n/a
232.36	0.066	saccade	n/a	593.8	140.0	n/a	181.2	197.0	16.44	395.0
232.428	0.442	fixation	n/a	170.2	196.8	225.0	n/a	n/a	n/a	n/a
232.872	0.024	saccade	n/a	165.6	186.7	n/a	224.9	124.4	3.44	243.0
232.898	0.236	fixation	n/a	250.3	99.0	212.0	n/a	n/a	n/a	n/a
233.136	0.026	saccade	n/a	255.1	96.6	n/a	163.4	78.1	3.7	288.0
233.164	0.164	fixation	n/a	172.6	81.2	224.0	n/a	n/a	n/a	n/a
233.33	0.016	saccade	n/a	168.1	85.3	n/a	145.4	89.3	0.9	84.0
233.348	0.122	fixation	n/a	153.7	87.2	239.0	n/a	n/a	n/a	n/a
233.472	0.036	saccade	n/a	152.9	86.7	n/a	230.4	92.2	3.06	185.0
233.51	0.18	fixation	n/a	229.6	89.9	232.0	n/a	n/a	n/a	n/a
233.692	0.03	saccade	n/a	233.1	89.9	n/a	139.6	92.7	3.68	232.0
233.724	0.188	fixation	n/a	145.4	89.8	234.0	n/a	n/a	n/a	n/a
233.914	0.02	saccade	n/a	145.0	90.3	n/a	201.4	92.5	2.22	166.0
233.936	0.178	fixation	n/a	207.2	95.6	240.0	n/a	n/a	n/a	n/a
234.116	0.02	saccade	n/a	209.4	99.9	n/a	258.7	92.3	1.98	150.0
234.138	0.25	fixation	n/a	258.2	97.5	257.0	n/a	n/a	n/a	n/a
234.39	0.044	saccade	n/a	259.5	97.6	n/a	354.2	95.8	3.8	238.0
234.436	0.158	fixation	n/a	365.5	98.0	258.0	n/a	n/a	n/a	n/a
234.596	0.022	saccade	n/a	366.2	99.8	n/a	429.9	94.1	2.58	200.0
234.62	0.18	fixation	n/a	422.9	95.6	256.0	n/a	n/a	n/a	n/a
234.802	0.04	saccade	n/a	422.4	96.3	n/a	490.3	89.2	2.75	228.0
234.844	0.2	fixation	n/a	497.1	90.7	270.0	n/a	n/a	n/a	n/a
235.046	0.05	saccade	n/a	500.4	90.8	n/a	184.1	143.3	12.76	495.0
235.098	0.192	fixation	n/a	183.7	148.0	286.0	n/a	n/a	n/a	n/a
235.292	0.022	saccade	n/a	183.2	148.2	n/a	126.1	161.4	2.3	173.0
235.316	0.202	fixation	n/a	141.3	158.1	290.0	n/a	n/a	n/a	n/a
235.484	0.0	trigger_13	13	n/a	n/a	n/a	n/a	n/a	n/a	n/a
235.52	0.024	saccade	n/a	141.9	157.0	n/a	234.6	149.8	3.66	252.0
235.546	0.344	fixation	n/a	241.0	148.6	259.0	n/a	n/a	n/a	n/a
235.892	0.016	saccade	n/a	240.4	148.1	n/a	274.8	146.0	1.38	92.0
235.91	0.236	fixation	n/a	277.7	146.8	241.0	n/a	n/a	n/a	n/a
236.148	0.02	saccade	n/a	277.7	146.0	n/a	235.2	146.5	1.69	132.0
236.17	0.144	fixation	n/a	241.7	146.0	236.0	n/a	n/a	n/a	n/a
236.316	0.27	saccade	n/a	243.2	149.9	n/a	242.4	151.5	0.07	61.0
236.33	0.248	blink	n/a	n/a	n/a	n/a	n/a	n/a	n/a	n/a
236.588	0.246	fixation	n/a	297.7	146.6	221.0	n/a	n/a	n/a	n/a
236.716	0.0	trigger_15	15	n/a	n/a	n/a	n/a	n/a	n/a	n/a
236.722	0.0	trigger_10	10	n/a	n/a	n/a	n/a	n/a	n/a	n/a
236.836	0.034	saccade	n/a	297.8	139.5	n/a	214.4	138.2	3.33	149.0
236.872	0.152	fixation	n/a	221.6	133.7	221.0	n/a	n/a	n/a	n/a
237.026	0.026	saccade	n/a	221.6	131.2	n/a	146.8	144.3	2.99	209.0
237.054	0.344	fixation	n/a	151.6	147.2	224.0	n/a	n/a	n/a	n/a
237.4	0.04	saccade	n/a	151.2	149.8	n/a	265.9	115.8	4.74	308.0
237.442	0.238	fixation	n/a	268.3	114.2	224.0	n/a	n/a	n/a	n/a
237.682	0.028	saccade	n/a	270.9	113.4	n/a	185.4	86.3	3.57	230.0
237.712	0.376	fixation	n/a	196.7	86.5	228.0	n/a	n/a	n/a	n/a
238.09	0.042	saccade	n/a	195.0	86.3	n/a	308.2	207.2	6.66	359.0
238.134	0.246	fixation	n/a	311.4	202.5	272.0	n/a	n/a	n/a	n/a
238.382	0.02	saccade	n/a	314.3	201.3	n/a	359.4	186.5	1.91	144.0
238.404	0.208	fixation	n/a	356.5	185.2	265.0	n/a	n/a	n/a	n/a
238.614	0.022	saccade	n/a	358.4	182.1	n/a	324.3	142.9	2.11	150.0
238.638	0.232	fixation	n/a	324.5	117.4	260.0	n/a	n/a	n/a	n/a
238.872	0.05	saccade	n/a	323.0	116.7	n/a	195.2	90.9	5.2	314.0
238.924	0.166	fixation	n/a	188.7	87.1	272.0	n/a	n/a	n/a	n/a
239.092	0.01	saccade	n/a	188.6	86.9	n/a	171.1	90.5	0.7	72.0
239.104	0.138	fixation	n/a	172.5	91.4	271.0	n/a	n/a	n/a	n/a
239.244	0.016	saccade	n/a	171.4	92.4	n/a	138.4	96.7	1.3	92.0
239.262	0.208	fixation	n/a	140.5	94.8	256.0	n/a	n/a	n/a	n/a
239.472	0.022	saccade	n/a	139.0	94.3	n/a	198.9	91.6	2.36	137.0
239.496	0.294	fixation	n/a	200.6	92.9	235.0	n/a	n/a	n/a	n/a
239.792	0.018	saccade	n/a	199.6	92.1	n/a	251.5	89.0	2.06	162.0
239.812	0.258	fixation	n/a	252.7	88.5	228.0	n/a	n/a	n/a	n/a
240.072	0.018	saccade	n/a	255.5	88.7	n/a	298.1	87.5	1.7	138.0
240.092	0.172	fixation	n/a	292.6	89.4	226.0	n/a	n/a	n/a	n/a
240.266	0.024	saccade	n/a	293.0	89.9	n/a	357.4	92.7	2.59	172.0
240.292	0.23	fixation	n/a	349.0	94.1	224.0	n/a	n/a	n/a	n/a
240.524	0.024	saccade	n/a	350.1	95.9	n/a	416.1	96.5	2.66	205.0
240.55	0.178	fixation	n/a	411.4	95.1	234.0	n/a	n/a	n/a	n/a
240.73	0.038	saccade	n/a	411.5	96.3	n/a	467.2	87.1	2.27	225.0
240.77	0.174	fixation	n/a	475.0	88.2	252.0	n/a	n/a	n/a	n/a
240.946	0.022	saccade	n/a	474.6	88.3	n/a	526.3	85.6	2.08	168.0
240.97	0.292	fixation	n/a	512.7	85.9	263.0	n/a	n/a	n/a	n/a
241.264	0.056	saccade	n/a	510.4	87.3	n/a	209.5	139.2	12.15	443.0
241.322	0.14	fixation	n/a	213.2	141.1	278.0	n/a	n/a	n/a	n/a
241.464	0.024	saccade	n/a	211.3	141.7	n/a	140.5	156.4	2.84	210.0
241.49	0.312	fixation	n/a	153.9	153.7	274.0	n/a	n/a	n/a	n/a
241.804	0.006	saccade	n/a	152.1	153.3	n/a	144.2	153.9	0.31	49.0
241.812	0.252	fixation	n/a	145.8	152.5	257.0	n/a	n/a	n/a	n/a
241.868	0.0	trigger_11	11	n/a	n/a	n/a	n/a	n/a	n/a	n/a
241.872	0.0	trigger_10	10	n/a	n/a	n/a	n/a	n/a	n/a	n/a
242.066	0.028	saccade	n/a	145.5	150.8	n/a	255.1	155.3	4.33	298.0
242.096	0.222	fixation	n/a	246.9	154.1	245.0	n/a	n/a	n/a	n/a
242.32	0.022	saccade	n/a	248.5	152.3	n/a	312.0	144.1	2.56	192.0
242.344	0.198	fixation	n/a	323.9	143.5	240.0	n/a	n/a	n/a	n/a
242.544	0.02	saccade	n/a	325.3	142.9	n/a	383.6	141.1	2.35	190.0
242.566	0.21	fixation	n/a	379.2	141.4	229.0	n/a	n/a	n/a	n/a
242.778	0.024	saccade	n/a	380.7	140.7	n/a	450.4	139.4	2.81	153.0
242.804	0.326	fixation	n/a	467.9	139.8	222.0	n/a	n/a	n/a	n/a
243.132	0.038	saccade	n/a	463.9	140.6	n/a	258.1	103.8	8.37	394.0
243.172	0.9	fixation	n/a	239.9	87.0	216.0	n/a	n/a	n/a	n/a
244.074	0.026	saccade	n/a	240.7	88.0	n/a	137.5	88.6	4.06	286.0
244.102	0.214	fixation	n/a	147.5	90.4	243.0	n/a	n/a	n/a	n/a
244.318	0.02	saccade	n/a	147.4	95.1	n/a	202.4	94.0	2.16	173.0
244.34	0.186	fixation	n/a	200.4	95.9	253.0	n/a	n/a	n/a	n/a
244.528	0.024	saccade	n/a	201.7	95.0	n/a	267.0	91.8	2.6	185.0
244.554	0.196	fixation	n/a	262.9	91.4	242.0	n/a	n/a	n/a	n/a
244.752	0.022	saccade	n/a	264.3	92.0	n/a	325.4	88.1	2.45	160.0
244.776	0.23	fixation	n/a	331.9	92.0	240.0	n/a	n/a	n/a	n/a
245.008	0.032	saccade	n/a	333.5	92.0	n/a	430.2	94.2	3.89	152.0
245.042	0.16	fixation	n/a	435.4	91.0	232.0	n/a	n/a	n/a	n/a
245.204	0.02	saccade	n/a	433.9	90.8	n/a	368.2	91.9	2.65	180.0
245.226	0.404	fixation	n/a	342.6	89.5	228.0	n/a	n/a	n/a	n/a
245.632	0.064	saccade	n/a	338.4	89.6	n/a	460.3	84.9	4.9	126.0
245.698	0.154	fixation	n/a	479.6	84.9	210.0	n/a	n/a	n/a	n/a
245.854	0.008	saccade	n/a	476.2	84.2	n/a	462.7	85.5	0.54	67.0
245.864	0.18	fixation	n/a	463.6	83.6	207.0	n/a	n/a	n/a	n/a
246.046	0.022	saccade	n/a	464.7	83.7	n/a	525.8	84.6	2.45	150.0
246.07	0.368	fixation	n/a	548.9	81.0	206.0	n/a	n/a	n/a	n/a
246.44	0.08	saccade	n/a	527.7	79.2	n/a	265.5	117.6	10.6	212.0
246.522	0.16	fixation	n/a	221.6	127.4	215.0	n/a	n/a	n/a	n/a
246.684	0.008	saccade	n/a	204.7	128.8	n/a	194.9	130.2	0.39	48.0
246.694	0.398	fixation	n/a	170.5	135.3	209.0	n/a	n/a	n/a	n/a
247.094	0.02	saccade	n/a	162.4	137.9	n/a	214.4	138.4	2.05	131.0
247.116	0.44	fixation	n/a	273.9	138.2	197.0	n/a	n/a	n/a	n/a
247.3	0.0	trigger_11	11	n/a	n/a	n/a	n/a	n/a	n/a	n/a
247.306	0.0	trigger_12	12	n/a	n/a	n/a	n/a	n/a	n/a	n/a
247.558	0.018	saccade	n/a	278.0	135.1	n/a	321.5	137.0	1.75	134.0
247.578	0.208	fixation	n/a	329.2	138.2	197.0	n/a	n/a	n/a	n/a
247.788	0.016	saccade	n/a	330.4	138.7	n/a	356.8	138.5	1.06	74.0
247.806	0.258	fixation	n/a	359.6	138.3	198.0	n/a	n/a	n/a	n/a
248.066	0.028	saccade	n/a	363.9	137.6	n/a	428.3	140.2	2.6	134.0
248.096	0.31	fixation	n/a	423.1	142.2	204.0	n/a	n/a	n/a	n/a
248.408	0.036	saccade	n/a	424.8	144.8	n/a	272.4	155.9	6.14	353.0
248.446	0.356	fixation	n/a	278.0	148.8	229.0	n/a	n/a	n/a	n/a
248.804	0.026	saccade	n/a	275.1	148.6	n/a	360.7	140.8	3.45	227.0
248.832	0.24	fixation	n/a	347.2	141.6	231.0	n/a	n/a	n/a	n/a
249.074	0.024	saccade	n/a	349.0	142.1	n/a	436.9	137.9	3.54	256.0
249.1	0.368	fixation	n/a	424.2	136.7	236.0	n/a	n/a	n/a	n/a
249.47	0.05	saccade	n/a	424.0	135.2	n/a	230.2	99.6	7.89	424.0
249.522	0.108	fixation	n/a	222.8	100.8	268.0	n/a	n/a	n/a	n/a
249.632	0.044	saccade	n/a	221.6	102.6	n/a	149.8	92.7	2.86	288.0
249.678	0.506	fixation	n/a	141.9	96.8	287.0	n/a	n/a	n/a	n/a
250.186	0.008	saccade	n/a	144.5	100.7	n/a	155.8	98.8	0.45	54.0
250.196	0.116	fixation	n/a	157.9	99.8	303.0	n/a	n/a	n/a	n/a
250.314	0.024	saccade	n/a	158.6	102.4	n/a	231.9	108.5	2.9	219.0
250.34	0.256	fixation	n/a	223.7	107.7	309.0	n/a	n/a	n/a	n/a
250.598	0.016	saccade	n/a	226.0	110.0	n/a	264.4	101.1	1.57	135.0
250.616	0.918	fixation	n/a	250.5	99.3	301.0	n/a	n/a	n/a	n/a
251.536	0.028	saccade	n/a	245.7	98.4	n/a	336.1	98.9	3.62	237.0
251.566	0.262	fixation	n/a	327.3	96.4	286.0	n/a	n/a	n/a	n/a
251.83	0.024	saccade	n/a	330.1	95.9	n/a	393.4	96.3	2.55	156.0
251.856	0.206	fixation	n/a	387.3	93.9	263.0	n/a	n/a	n/a	n/a
252.064	0.032	saccade	n/a	388.9	93.5	n/a	470.0	88.6	3.27	158.0
252.098	0.182	fixation	n/a	460.0	89.4	249.0	n/a	n/a	n/a	n/a
252.282	0.018	saccade	n/a	460.5	90.1	n/a	515.9	84.8	2.23	180.0
252.302	0.186	fixation	n/a	518.5	82.9	247.0	n/a	n/a	n/a	n/a
252.49	0.02	saccade	n/a	519.6	81.0	n/a	464.1	85.8	2.23	187.0
252.512	0.17	fixation	n/a	471.8	86.4	250.0	n/a	n/a	n/a	n/a
252.684	0.018	saccade	n/a	470.7	87.5	n/a	516.2	85.9	1.82	156.0
252.704	0.194	fixation	n/a	509.4	84.8	258.0	n/a	n/a	n/a	n/a
252.766	0.0	trigger_13	13	n/a	n/a	n/a	n/a	n/a	n/a	n/a
252.9	0.07	saccade	n/a	511.9	84.9	n/a	209.3	136.6	12.21	427.0
252.972	0.112	fixation	n/a	198.4	140.1	281.0	n/a	n/a	n/a	n/a
253.086	0.024	saccade	n/a	195.7	141.6	n/a	128.8	155.4	2.68	216.0
253.112	0.238	fixation	n/a	142.4	154.0	298.0	n/a	n/a	n/a	n/a
253.352	0.012	saccade	n/a	145.2	154.1	n/a	168.9	152.3	0.93	92.0
253.366	0.146	fixation	n/a	165.5	151.8	294.0	n/a	n/a	n/a	n/a
253.514	0.02	saccade	n/a	163.4	152.3	n/a	211.1	149.7	1.88	144.0
253.536	0.17	fixation	n/a	205.4	150.3	289.0	n/a	n/a	n/a	n/a
253.708	0.036	saccade	n/a	205.9	151.2	n/a	274.4	146.1	2.73	226.0
253.746	0.466	fixation	n/a	279.8	147.3	282.0	n/a	n/a	n/a	n/a
254.214	0.044	saccade	n/a	277.8	145.7	n/a	351.8	136.6	2.99	299.0
254.26	0.234	fixation	n/a	361.5	138.4	268.0	n/a	n/a	n/a	n/a
254.496	0.012	saccade	n/a	360.0	136.0	n/a	339.1	133.5	0.85	81.0
254.51	0.44	fixation	n/a	339.9	130.8	270.0	n/a	n/a	n/a	n/a
254.66	0.0	trigger_15	15	n/a	n/a	n/a	n/a	n/a	n/a	n/a
254.664	0.0	trigger_10	10	n/a	n/a	n/a	n/a	n/a	n/a	n/a
254.952	0.036	saccade	n/a	341.1	131.1	n/a	206.4	98.8	5.52	328.0
254.99	0.846	fixation	n/a	216.4	95.2	280.0	n/a	n/a	n/a	n/a
255.838	0.188	saccade	n/a	214.6	94.6	n/a	385.4	214.4	8.37	235.0
255.91	0.108	blink	n/a	n/a	n/a	n/a	n/a	n/a	n/a	n/a
256.028	0.23	fixation	n/a	394.6	320.1	266.0	n/a	n/a	n/a	n/a
256.26	0.014	saccade	n/a	393.7	282.9	n/a	369.7	264.1	1.22	108.0
256.276	0.56	fixation	n/a	354.9	205.0	263.0	n/a	n/a	n/a	n/a
256.838	0.026	saccade	n/a	348.6	187.0	n/a	233.7	133.5	5.08	387.0
256.866	0.134	fixation	n/a	234.9	131.6	257.0	n/a	n/a	n/a	n/a
257.002	0.044	saccade	n/a	235.5	130.3	n/a	163.0	93.2	3.24	310.0
257.048	0.192	fixation	n/a	155.3	96.8	261.0	n/a	n/a	n/a	n/a
257.242	0.014	saccade	n/a	156.5	100.6	n/a	180.5	93.0	0.99	75.0
257.258	0.234	fixation	n/a	179.6	94.7	275.0	n/a	n/a	n/a	n/a
257.494	0.018	saccade	n/a	179.4	97.3	n/a	221.0	89.0	1.68	116.0
257.514	0.19	fixation	n/a	226.2	91.5	271.0	n/a	n/a	n/a	n/a
257.706	0.03	saccade	n/a	226.5	92.5	n/a	308.3	91.4	3.27	203.0
257.738	0.144	fixation	n/a	298.8	90.3	271.0	n/a	n/a	n/a	n/a
257.87	0.0	trigger_11	11	n/a	n/a	n/a	n/a	n/a	n/a	n/a
257.876	0.0	trigger_10	10	n/a	n/a	n/a	n/a	n/a	n/a	n/a
257.884	0.02	saccade	n/a	299.6	91.9	n/a	356.8	98.2	2.32	178.0
257.906	0.194	fixation	n/a	363.9	97.9	264.0	n/a	n/a	n/a	n/a
258.102	0.024	saccade	n/a	364.3	100.7	n/a	448.7	97.3	3.41	240.0
258.128	0.248	fixation	n/a	450.6	95.5	247.0	n/a	n/a	n/a	n/a
258.378	0.026	saccade	n/a	452.2	94.7	n/a	551.6	87.5	3.99	290.0
258.406	0.2	fixation	n/a	537.9	86.1	239.0	n/a	n/a	n/a	n/a
258.608	0.032	saccade	n/a	541.6	87.0	n/a	395.2	95.0	5.88	345.0
258.642	0.278	fixation	n/a	390.3	93.6	237.0	n/a	n/a	n/a	n/a
258.922	0.03	saccade	n/a	387.8	93.0	n/a	504.8	87.4	4.7	246.0
258.954	0.238	fixation	n/a	511.8	85.5	241.0	n/a	n/a	n/a	n/a
259.194	0.026	saccade	n/a	511.0	85.6	n/a	578.6	82.6	2.7	200.0
259.222	0.132	fixation	n/a	565.6	81.9	245.0	n/a	n/a	n/a	n/a
259.356	0.056	saccade	n/a	568.1	81.0	n/a	169.6	140.6	15.9	504.0
259.414	0.24	fixation	n/a	174.2	149.3	263.0	n/a	n/a	n/a	n/a
259.656	0.016	saccade	n/a	172.8	150.9	n/a	135.0	155.0	1.49	132.0
259.674	0.216	fixation	n/a	139.9	155.5	274.0	n/a	n/a	n/a	n/a
259.892	0.024	saccade	n/a	140.6	155.8	n/a	194.0	73.6	3.92	285.0
259.918	0.172	fixation	n/a	212.6	84.5	265.0	n/a	n/a	n/a	n/a
260.092	0.038	saccade	n/a	216.1	83.9	n/a	164.1	92.1	2.08	204.0
260.132	0.204	fixation	n/a	155.5	91.9	279.0	n/a	n/a	n/a	n/a
260.338	0.018	saccade	n/a	155.4	93.4	n/a	195.0	98.8	1.57	136.0
260.358	0.268	fixation	n/a	202.0	99.7	293.0	n/a	n/a	n/a	n/a
260.628	0.022	saccade	n/a	203.8	101.5	n/a	273.0	94.0	2.77	206.0
260.652	0.274	fixation	n/a	269.8	96.8	275.0	n/a	n/a	n/a	n/a
260.928	0.014	saccade	n/a	271.3	96.6	n/a	296.7	94.6	1.02	86.0
260.944	0.116	fixation	n/a	291.0	94.7	264.0	n/a	n/a	n/a	n/a
261.062	0.018	saccade	n/a	290.6	93.7	n/a	333.8	98.1	1.74	137.0
261.082	0.18	fixation	n/a	329.4	96.5	253.0	n/a	n/a	n/a	n/a
261.264	0.02	saccade	n/a	330.5	97.9	n/a	388.1	96.2	2.32	166.0
261.286	0.182	fixation	n/a	397.0	97.5	246.0	n/a	n/a	n/a	n/a
261.47	0.03	saccade	n/a	398.6	97.8	n/a	518.0	89.0	4.81	264.0
261.502	0.262	fixation	n/a	510.8	87.2	239.0	n/a	n/a	n/a	n/a
261.766	0.022	saccade	n/a	512.4	88.5	n/a	562.3	82.6	2.01	130.0
261.79	0.186	fixation	n/a	567.2	82.3	233.0	n/a	n/a	n/a	n/a
261.978	0.058	saccade	n/a	567.6	79.5	n/a	193.0	136.3	15.01	451.0
262.038	0.118	fixation	n/a	189.5	140.4	243.0	n/a	n/a	n/a	n/a
262.158	0.02	saccade	n/a	187.4	141.5	n/a	133.4	150.9	2.15	178.0
262.18	0.172	fixation	n/a	142.4	153.1	249.0	n/a	n/a	n/a	n/a
262.354	0.026	saccade	n/a	140.8	152.9	n/a	237.5	155.4	3.81	258.0
262.382	0.218	fixation	n/a	234.8	153.7	245.0	n/a	n/a	n/a	n/a
262.602	0.026	saccade	n/a	236.1	152.6	n/a	314.6	145.5	3.15	246.0
262.63	0.312	fixation	n/a	305.0	146.4	241.0	n/a	n/a	n/a	n/a
262.944	0.04	saccade	n/a	306.4	145.5	n/a	398.5	144.4	3.71	311.0
262.986	0.184	fixation	n/a	409.2	144.3	234.0	n/a	n/a	n/a	n/a
263.172	0.04	saccade	n/a	411.2	144.3	n/a	469.9	144.2	2.36	184.0
263.214	0.356	fixation	n/a	478.5	143.0	241.0	n/a	n/a	n/a	n/a
263.572	0.054	saccade	n/a	479.2	140.5	n/a	175.9	195.6	12.24	395.0
263.628	0.484	fixation	n/a	168.2	201.2	245.0	n/a	n/a	n/a	n/a
264.114	0.012	saccade	n/a	165.3	206.2	n/a	188.9	201.6	0.95	98.0
264.128	0.132	fixation	n/a	189.1	203.0	239.0	n/a	n/a	n/a	n/a
264.262	0.018	saccade	n/a	190.1	203.3	n/a	140.4	206.9	1.95	160.0
264.282	0.226	fixation	n/a	147.6	205.2	236.0	n/a	n/a	n/a	n/a
264.51	0.022	saccade	n/a	147.3	204.8	n/a	215.3	198.5	2.68	176.0
264.534	0.166	fixation	n/a	234.2	197.7	228.0	n/a	n/a	n/a	n/a
264.702	0.024	saccade	n/a	235.9	194.8	n/a	306.2	196.3	2.8	155.0
264.728	0.18	fixation	n/a	320.6	195.8	222.0	n/a	n/a	n/a	n/a
264.91	0.022	saccade	n/a	320.9	195.9	n/a	381.9	198.1	2.45	179.0
264.934	0.358	fixation	n/a	380.6	195.7	214.0	n/a	n/a	n/a	n/a
265.294	0.034	saccade	n/a	382.4	194.5	n/a	475.0	196.7	3.72	170.0
265.33	0.242	fixation	n/a	470.3	193.8	212.0	n/a	n/a	n/a	n/a
265.574	0.048	saccade	n/a	470.9	191.0	n/a	301.9	91.8	7.9	427.0
265.624	0.226	fixation	n/a	293.0	92.4	233.0	n/a	n/a	n/a	n/a
265.852	0.006	saccade	n/a	288.6	93.9	n/a	280.1	91.7	0.35	53.0
265.86	0.202	fixation	n/a	282.7	92.1	250.0	n/a	n/a	n/a	n/a
266.064	0.032	saccade	n/a	282.1	93.9	n/a	227.1	97.0	2.19	240.0
266.098	0.33	fixation	n/a	222.9	95.7	275.0	n/a	n/a	n/a	n/a
266.43	0.042	saccade	n/a	222.8	96.6	n/a	373.4	100.0	6.03	236.0
266.474	0.18	fixation	n/a	364.6	96.9	291.0	n/a	n/a	n/a	n/a
266.566	0.0	trigger_11	11	n/a	n/a	n/a	n/a	n/a	n/a	n/a
266.57	0.0	trigger_12	12	n/a	n/a	n/a	n/a	n/a	n/a	n/a
266.656	0.052	saccade	n/a	367.2	96.1	n/a	212.1	84.6	6.22	383.0
266.71	0.242	fixation	n/a	199.8	90.3	288.0	n/a	n/a	n/a	n/a
266.954	0.034	saccade	n/a	199.2	90.7	n/a	337.9	95.6	5.53	310.0
266.99	0.2	fixation	n/a	330.5	92.8	292.0	n/a	n/a	n/a	n/a
267.192	0.024	saccade	n/a	332.4	92.2	n/a	406.4	96.6	2.98	218.0
267.218	0.22	fixation	n/a	399.9	96.9	276.0	n/a	n/a	n/a	n/a
267.44	0.028	saccade	n/a	404.1	96.1	n/a	493.6	89.2	3.61	217.0
267.47	0.126	fixation	n/a	490.8	87.5	259.0	n/a	n/a	n/a	n/a
267.598	0.03	saccade	n/a	492.0	87.4	n/a	589.4	80.6	3.89	218.0
267.63	0.148	fixation	n/a	576.5	81.4	251.0	n/a	n/a	n/a	n/a
267.78	0.052	saccade	n/a	579.9	81.2	n/a	188.9	137.1	15.62	536.0
267.834	0.212	fixation	n/a	183.4	142.1	255.0	n/a	n/a	n/a	n/a
268.048	0.022	saccade	n/a	182.5	141.7	n/a	254.9	144.6	2.87	217.0
268.072	0.262	fixation	n/a	268.3	146.6	243.0	n/a	n/a	n/a	n/a
268.336	0.052	saccade	n/a	269.8	144.9	n/a	406.6	195.0	5.85	302.0
268.39	0.34	fixation	n/a	415.0	194.6	221.0	n/a	n/a	n/a	n/a
268.598	0.0	trigger_13	13	n/a	n/a	n/a	n/a	n/a	n/a	n/a
268.732	0.048	saccade	n/a	414.3	190.9	n/a	245.4	82.4	8.07	472.0
268.782	0.122	fixation	n/a	235.1	81.7	212.0	n/a	n/a	n/a	n/a
268.906	0.024	saccade	n/a	234.6	84.2	n/a	155.2	88.3	3.14	240.0
268.932	0.234	fixation	n/a	165.6	91.3	214.0	n/a	n/a	n/a	n/a
269.168	0.02	saccade	n/a	168.1	96.2	n/a	225.9	88.7	2.3	166.0
269.19	0.24	fixation	n/a	231.3	91.2	223.0	n/a	n/a	n/a	n/a
269.432	0.02	saccade	n/a	234.2	91.6	n/a	295.7	90.2	2.46	193.0
269.454	0.224	fixation	n/a	297.3	91.8	226.0	n/a	n/a	n/a	n/a
269.68	0.018	saccade	n/a	299.8	92.3	n/a	348.5	93.1	1.96	174.0
269.7	0.222	fixation	n/a	353.4	92.6	249.0	n/a	n/a	n/a	n/a
269.924	0.032	saccade	n/a	355.0	95.7	n/a	464.9	96.6	4.42	196.0
269.958	0.284	fixation	n/a	453.5	95.3	253.0	n/a	n/a	n/a	n/a
269.966	0.0	trigger_15	15	n/a	n/a	n/a	n/a	n/a	n/a	n/a
269.974	0.0	trigger_10	10	n/a	n/a	n/a	n/a	n/a	n/a	n/a
270.244	0.038	saccade	n/a	455.1	95.4	n/a	522.1	87.2	2.71	184.0
270.284	0.16	fixation	n/a	525.5	85.9	250.0	n/a	n/a	n/a	n/a
270.446	0.062	saccade	n/a	526.6	84.7	n/a	246.4	88.4	11.19	344.0
270.51	0.282	fixation	n/a	247.9	82.3	256.0	n/a	n/a	n/a	n/a
270.794	0.036	saccade	n/a	247.4	83.1	n/a	193.2	90.3	2.17	216.0
270.832	0.322	fixation	n/a	186.9	92.8	277.0	n/a	n/a	n/a	n/a
271.156	0.058	saccade	n/a	183.8	94.4	n/a	367.1	211.5	8.7	443.0
271.216	0.182	fixation	n/a	381.8	220.9	318.0	n/a	n/a	n/a	n/a
271.4	0.028	saccade	n/a	384.0	220.0	n/a	467.9	214.2	3.38	195.0
271.43	0.186	fixation	n/a	459.4	203.5	301.0	n/a	n/a	n/a	n/a
271.618	0.038	saccade	n/a	462.7	197.7	n/a	457.0	82.8	4.69	324.0
271.658	0.492	fixation	n/a	448.0	84.9	291.0	n/a	n/a	n/a	n/a
272.152	0.054	saccade	n/a	445.9	85.2	n/a	248.0	84.2	7.93	456.0
272.208	0.092	fixation	n/a	231.9	85.5	320.0	n/a	n/a	n/a	n/a
272.302	0.026	saccade	n/a	230.1	88.4	n/a	143.3	96.5	3.43	256.0
272.33	0.23	fixation	n/a	153.7	96.3	316.0	n/a	n/a	n/a	n/a
272.562	0.028	saccade	n/a	152.6	94.5	n/a	202.2	101.7	1.97	212.0
272.592	0.19	fixation	n/a	206.8	97.9	292.0	n/a	n/a	n/a	n/a
272.784	0.028	saccade	n/a	206.3	98.6	n/a	285.2	93.9	3.14	209.0
272.814	0.22	fixation	n/a	277.4	96.5	279.0	n/a	n/a	n/a	n/a
273.036	0.026	saccade	n/a	276.7	98.6	n/a	202.7	102.1	2.95	200.0
273.064	0.31	fixation	n/a	211.9	101.3	293.0	n/a	n/a	n/a	n/a
273.376	0.038	saccade	n/a	210.7	101.7	n/a	169.0	99.5	1.64	185.0
273.416	0.204	fixation	n/a	159.7	99.2	311.0	n/a	n/a	n/a	n/a
273.622	0.03	saccade	n/a	157.7	98.7	n/a	272.6	98.8	4.55	320.0
273.654	0.188	fixation	n/a	263.5	97.4	324.0	n/a	n/a	n/a	n/a
273.844	0.024	saccade	n/a	265.7	100.3	n/a	337.7	100.2	2.89	201.0
273.87	0.336	fixation	n/a	329.0	100.6	341.0	n/a	n/a	n/a	n/a
274.208	0.044	saccade	n/a	330.4	99.2	n/a	404.9	98.2	3.0	227.0
274.254	0.29	fixation	n/a	414.2	98.5	326.0	n/a	n/a	n/a	n/a
274.546	0.042	saccade	n/a	416.7	98.6	n/a	486.8	89.7	2.84	268.0
274.59	0.16	fixation	n/a	498.6	93.4	328.0	n/a	n/a	n/a	n/a
274.752	0.04	saccade	n/a	499.2	94.3	n/a	552.0	87.5	2.13	220.0
274.794	0.074	fixation	n/a	559.4	87.8	325.0	n/a	n/a	n/a	n/a
274.87	0.064	saccade	n/a	562.8	88.3	n/a	196.6	153.7	14.77	539.0
274.936	0.15	fixation	n/a	183.5	152.4	329.0	n/a	n/a	n/a	n/a
275.088	0.022	saccade	n/a	179.6	154.1	n/a	131.2	164.1	1.94	148.0
275.112	0.164	fixation	n/a	142.3	161.9	330.0	n/a	n/a	n/a	n/a
275.278	0.03	saccade	n/a	141.1	165.5	n/a	246.2	155.1	4.16	256.0
275.31	0.222	fixation	n/a	236.0	156.1	313.0	n/a	n/a	n/a	n/a
275.534	0.022	saccade	n/a	238.0	155.8	n/a	307.7	149.8	2.8	240.0
275.558	0.152	fixation	n/a	294.0	151.5	295.0	n/a	n/a	n/a	n/a
275.712	0.024	saccade	n/a	293.6	150.8	n/a	371.1	147.4	3.12	234.0
275.738	0.216	fixation	n/a	368.1	145.5	281.0	n/a	n/a	n/a	n/a
275.956	0.022	saccade	n/a	368.3	146.1	n/a	441.8	139.2	2.98	221.0
275.98	0.23	fixation	n/a	442.9	140.5	291.0	n/a	n/a	n/a	n/a
276.212	0.022	saccade	n/a	442.6	141.7	n/a	505.7	143.8	2.54	183.0
276.236	0.218	fixation	n/a	490.9	144.3	296.0	n/a	n/a	n/a	n/a
276.352	0.0	trigger_11	11	n/a	n/a	n/a	n/a	n/a	n/a	n/a
276.356	0.0	trigger_10	10	n/a	n/a	n/a	n/a	n/a	n/a	n/a
276.456	0.04	saccade	n/a	488.7	147.0	n/a	553.3	141.2	2.59	245.0
276.498	0.192	fixation	n/a	560.3	143.6	311.0	n/a	n/a	n/a	n/a
276.692	0.058	saccade	n/a	561.2	142.1	n/a	173.5	204.8	15.53	511.0
276.752	0.206	fixation	n/a	171.9	207.5	334.0	n/a	n/a	n/a	n/a
276.96	0.022	saccade	n/a	170.7	208.9	n/a	124.9	215.3	1.8	155.0
276.984	0.198	fixation	n/a	139.1	213.1	349.0	n/a	n/a	n/a	n/a
277.184	0.02	saccade	n/a	140.5	212.0	n/a	199.8	203.3	2.35	191.0
277.206	0.264	fixation	n/a	198.8	205.1	329.0	n/a	n/a	n/a	n/a
277.472	0.028	saccade	n/a	199.0	205.0	n/a	287.4	212.4	3.52	223.0
277.502	0.2	fixation	n/a	278.3	211.6	327.0	n/a	n/a	n/a	n/a
277.704	0.016	saccade	n/a	279.3	210.2	n/a	248.9	205.5	1.22	111.0
277.722	0.154	fixation	n/a	255.7	204.4	311.0	n/a	n/a	n/a	n/a
277.878	0.042	saccade	n/a	256.2	204.2	n/a	348.7	219.4	3.75	328.0
277.922	0.29	fixation	n/a	363.2	215.0	313.0	n/a	n/a	n/a	n/a
278.214	0.024	saccade	n/a	364.5	215.8	n/a	430.4	208.9	2.66	189.0
278.24	0.286	fixation	n/a	423.3	205.5	301.0	n/a	n/a	n/a	n/a
278.528	0.052	saccade	n/a	426.5	201.2	n/a	245.0	105.6	8.23	466.0
278.582	0.1	fixation	n/a	235.6	105.4	293.0	n/a	n/a	n/a	n/a
278.684	0.038	saccade	n/a	234.9	106.3	n/a	183.5	102.4	2.04	202.0
278.724	0.278	fixation	n/a	176.4	101.1	296.0	n/a	n/a	n/a	n/a
279.004	0.024	saccade	n/a	174.8	100.7	n/a	241.0	99.3	2.62	168.0
279.03	0.19	fixation	n/a	237.0	99.5	287.0	n/a	n/a	n/a	n/a
279.222	0.014	saccade	n/a	237.7	99.7	n/a	264.5	98.4	1.07	92.0
279.238	0.13	fixation	n/a	256.4	98.7	285.0	n/a	n/a	n/a	n/a
279.37	0.022	saccade	n/a	255.8	99.5	n/a	202.3	96.9	2.13	149.0
279.394	0.248	fixation	n/a	208.3	97.0	291.0	n/a	n/a	n/a	n/a
279.644	0.024	saccade	n/a	207.1	98.2	n/a	267.3	100.0	2.39	171.0
279.67	0.8	fixation	n/a	258.0	99.3	283.0	n/a	n/a	n/a	n/a
280.472	0.042	saccade	n/a	250.9	98.5	n/a	333.0	105.1	3.29	226.0
280.516	0.172	fixation	n/a	342.3	103.8	272.0	n/a	n/a	n/a	n/a
280.69	0.008	saccade	n/a	340.3	103.2	n/a	328.8	98.5	0.5	61.0
280.7	0.116	fixation	n/a	331.1	97.6	270.0	n/a	n/a	n/a	n/a
280.818	0.024	saccade	n/a	329.8	97.8	n/a	403.9	95.6	2.98	205.0
280.844	0.248	fixation	n/a	397.0	96.6	259.0	n/a	n/a	n/a	n/a
281.094	0.01	saccade	n/a	395.9	98.4	n/a	381.0	98.4	0.6	66.0
281.106	0.246	fixation	n/a	385.7	98.0	249.0	n/a	n/a	n/a	n/a
281.32	0.0	trigger_11	11	n/a	n/a	n/a	n/a	n/a	n/a	n/a
281.326	0.0	trigger_10	10	n/a	n/a	n/a	n/a	n/a	n/a	n/a
281.354	0.024	saccade	n/a	384.4	96.8	n/a	447.3	97.4	2.54	175.0
281.38	0.186	fixation	n/a	439.1	96.6	248.0	n/a	n/a	n/a	n/a
281.568	0.042	saccade	n/a	440.5	96.8	n/a	494.3	87.5	2.2	211.0
281.612	0.082	fixation	n/a	504.0	88.2	259.0	n/a	n/a	n/a	n/a
281.696	0.054	saccade	n/a	506.2	89.6	n/a	178.0	149.3	13.25	451.0
281.752	0.162	fixation	n/a	179.7	149.8	280.0	n/a	n/a	n/a	n/a
281.916	0.018	saccade	n/a	177.8	150.1	n/a	137.0	158.9	1.64	144.0
281.936	0.212	fixation	n/a	147.3	155.3	285.0	n/a	n/a	n/a	n/a
282.15	0.024	saccade	n/a	146.3	154.4	n/a	234.2	155.1	3.46	260.0
282.176	0.234	fixation	n/a	231.7	153.4	277.0	n/a	n/a	n/a	n/a
282.412	0.014	saccade	n/a	235.6	151.4	n/a	260.3	148.1	0.99	100.0
282.428	0.178	fixation	n/a	255.3	148.1	274.0	n/a	n/a	n/a	n/a
282.608	0.022	saccade	n/a	258.1	147.5	n/a	196.1	150.9	2.46	193.0
282.632	0.112	fixation	n/a	208.2	149.9	271.0	n/a	n/a	n/a	n/a
282.746	0.028	saccade	n/a	207.9	150.2	n/a	319.2	145.2	4.44	300.0
282.776	0.21	fixation	n/a	310.6	145.5	268.0	n/a	n/a	n/a	n/a
282.988	0.04	saccade	n/a	312.5	146.5	n/a	381.2	141.6	2.77	314.0
283.03	0.202	fixation	n/a	393.6	146.1	255.0	n/a	n/a	n/a	n/a
283.234	0.116	saccade	n/a	396.5	145.8	n/a	217.4	106.2	7.34	394.0
283.292	0.05	blink	n/a	n/a	n/a	n/a	n/a	n/a	n/a	n/a
283.352	0.228	fixation	n/a	252.6	94.6	249.0	n/a	n/a	n/a	n/a
283.582	0.024	saccade	n/a	255.4	79.0	n/a	175.7	87.6	3.18	239.0
283.608	0.294	fixation	n/a	184.9	88.0	273.0	n/a	n/a	n/a	n/a
283.904	0.17	saccade	n/a	186.3	91.8	n/a	115.1	139.4	3.38	177.0
283.926	0.138	blink	n/a	n/a	n/a	n/a	n/a	n/a	n/a	n/a
284.076	0.19	fixation	n/a	128.6	95.0	258.0	n/a	n/a	n/a	n/a
284.268	0.024	saccade	n/a	132.3	88.3	n/a	230.6	93.2	3.87	276.0
284.294	0.246	fixation	n/a	235.4	92.4	260.0	n/a	n/a	n/a	n/a
284.542	0.026	saccade	n/a	237.0	90.5	n/a	339.2	94.2	4.09	286.0
284.57	0.196	fixation	n/a	327.6	96.0	249.0	n/a	n/a	n/a	n/a
284.768	0.018	saccade	n/a	330.5	96.7	n/a	372.6	94.6	1.7	125.0
284.788	0.252	fixation	n/a	375.3	94.8	246.0	n/a	n/a	n/a	n/a
285.042	0.014	saccade	n/a	377.5	95.1	n/a	404.2	94.5	1.08	95.0
285.058	0.24	fixation	n/a	399.9	94.2	242.0	n/a	n/a	n/a	n/a
285.3	0.04	saccade	n/a	399.2	94.7	n/a	464.8	87.8	2.65	206.0
285.342	0.372	fixation	n/a	475.1	88.7	246.0	n/a	n/a	n/a	n/a
285.716	0.022	saccade	n/a	476.2	91.7	n/a	422.7	95.8	2.16	168.0
285.74	0.204	fixation	n/a	433.3	96.0	266.0	n/a	n/a	n/a	n/a
285.946	0.048	saccade	n/a	433.8	97.8	n/a	530.5	86.2	3.91	295.0
285.996	0.164	fixation	n/a	538.9	88.6	272.0	n/a	n/a	n/a	n/a
286.162	0.036	saccade	n/a	540.3	90.1	n/a	580.8	84.7	1.63	178.0
286.2	0.17	fixation	n/a	588.2	85.3	284.0	n/a	n/a	n/a	n/a
286.372	0.074	saccade	n/a	591.4	84.6	n/a	184.9	151.4	16.26	488.0
286.448	0.254	fixation	n/a	170.5	155.7	293.0	n/a	n/a	n/a	n/a
286.704	0.022	saccade	n/a	166.5	157.8	n/a	222.1	154.5	2.2	164.0
286.728	0.182	fixation	n/a	213.9	155.9	296.0	n/a	n/a	n/a	n/a
286.912	0.016	saccade	n/a	213.9	156.6	n/a	254.3	153.1	1.61	142.0
286.93	0.172	fixation	n/a	248.6	155.2	294.0	n/a	n/a	n/a	n/a
287.104	0.038	saccade	n/a	249.3	156.2	n/a	315.3	149.6	2.65	306.0
287.144	0.17	fixation	n/a	326.6	151.8	298.0	n/a	n/a	n/a	n/a
287.316	0.022	saccade	n/a	327.4	151.8	n/a	384.6	151.2	2.3	175.0
287.34	0.382	fixation	n/a	376.5	151.5	301.0	n/a	n/a	n/a	n/a
287.724	0.024	saccade	n/a	376.5	151.0	n/a	426.1	147.2	2.01	147.0
287.75	0.276	fixation	n/a	415.5	146.2	309.0	n/a	n/a	n/a	n/a
288.028	0.018	saccade	n/a	415.3	146.6	n/a	416.3	105.3	1.69	134.0
288.048	0.434	fixation	n/a	418.9	107.1	314.0	n/a	n/a	n/a	n/a
288.484	0.024	saccade	n/a	418.0	109.8	n/a	483.1	100.4	2.65	189.0
288.51	0.162	fixation	n/a	471.3	99.9	316.0	n/a	n/a	n/a	n/a
288.674	0.044	saccade	n/a	473.6	98.6	n/a	387.3	145.3	3.96	328.0
288.72	0.178	fixation	n/a	379.5	148.3	325.0	n/a	n/a	n/a	n/a
288.9	0.018	saccade	n/a	377.8	148.6	n/a	419.1	153.5	1.68	121.0
288.92	0.226	fixation	n/a	414.5	152.0	325.0	n/a	n/a	n/a	n/a
289.024	0.0	trigger_11	11	n/a	n/a	n/a	n/a	n/a	n/a	n/a
289.03	0.0	trigger_10	10	n/a	n/a	n/a	n/a	n/a	n/a	n/a
289.148	0.044	saccade	n/a	416.3	151.3	n/a	498.5	141.9	3.33	278.0
289.194	0.232	fixation	n/a	509.6	143.9	317.0	n/a	n/a	n/a	n/a
289.428	0.04	saccade	n/a	509.6	145.0	n/a	566.6	142.6	2.27	220.0
289.47	0.13	fixation	n/a	574.7	143.3	315.0	n/a	n/a	n/a	n/a
289.602	0.07	saccade	n/a	575.7	144.8	n/a	165.3	207.1	16.38	503.0
289.674	0.174	fixation	n/a	150.1	216.4	320.0	n/a	n/a	n/a	n/a
289.85	0.016	saccade	n/a	145.8	218.8	n/a	133.1	216.1	0.5	70.0
289.868	0.174	fixation	n/a	135.8	214.9	321.0	n/a	n/a	n/a	n/a
290.044	0.054	saccade	n/a	136.0	214.2	n/a	323.5	132.9	8.11	344.0
290.1	0.188	fixation	n/a	321.4	132.7	297.0	n/a	n/a	n/a	n/a
290.29	0.02	saccade	n/a	324.4	133.3	n/a	375.6	142.8	2.1	174.0
290.312	0.15	fixation	n/a	369.6	141.1	294.0	n/a	n/a	n/a	n/a
290.464	0.02	saccade	n/a	370.7	140.9	n/a	335.3	91.6	2.47	237.0
290.486	0.334	fixation	n/a	339.1	98.7	288.0	n/a	n/a	n/a	n/a
290.822	0.042	saccade	n/a	339.0	99.7	n/a	248.3	99.2	3.63	311.0
290.866	0.372	fixation	n/a	239.9	99.6	288.0	n/a	n/a	n/a	n/a
291.24	0.022	saccade	n/a	241.8	99.0	n/a	185.7	93.5	2.23	192.0
291.264	0.13	fixation	n/a	196.4	92.1	290.0	n/a	n/a	n/a	n/a
291.396	0.02	saccade	n/a	193.2	93.4	n/a	148.6	98.0	1.76	111.0
291.418	0.234	fixation	n/a	155.2	97.0	291.0	n/a	n/a	n/a	n/a
291.654	0.026	saccade	n/a	156.2	98.0	n/a	244.1	95.7	3.48	204.0
291.682	0.262	fixation	n/a	251.1	94.5	283.0	n/a	n/a	n/a	n/a
291.946	0.014	saccade	n/a	253.4	95.3	n/a	283.3	94.5	1.19	107.0
291.962	0.232	fixation	n/a	289.1	92.9	282.0	n/a	n/a	n/a	n/a
292.196	0.01	saccade	n/a	287.3	93.6	n/a	271.9	96.0	0.62	67.0
292.208	0.12	fixation	n/a	277.4	95.4	279.0	n/a	n/a	n/a	n/a
292.33	0.024	saccade	n/a	277.2	96.0	n/a	350.3	93.0	2.94	215.0
292.356	0.184	fixation	n/a	338.7	95.4	279.0	n/a	n/a	n/a	n/a
292.542	0.038	saccade	n/a	339.8	95.6	n/a	201.3	100.7	5.52	317.0
292.582	0.204	fixation	n/a	207.7	97.2	284.0	n/a	n/a	n/a	n/a
292.788	0.03	saccade	n/a	206.9	98.5	n/a	317.2	106.7	4.41	253.0
292.82	0.234	fixation	n/a	319.3	102.3	288.0	n/a	n/a	n/a	n/a
293.056	0.018	saccade	n/a	320.3	102.6	n/a	282.2	97.0	1.54	120.0
293.076	0.25	fixation	n/a	289.1	98.8	292.0	n/a	n/a	n/a	n/a
293.328	0.02	saccade	n/a	288.4	100.5	n/a	330.8	95.4	1.71	138.0
293.35	0.232	fixation	n/a	327.4	96.8	280.0	n/a	n/a	n/a	n/a
293.584	0.016	saccade	n/a	328.8	96.9	n/a	368.0	97.2	1.58	138.0
293.602	0.144	fixation	n/a	368.1	98.0	279.0	n/a	n/a	n/a	n/a
293.748	0.044	saccade	n/a	368.2	98.9	n/a	453.3	94.2	3.43	224.0
293.794	0.258	fixation	n/a	462.9	96.2	285.0	n/a	n/a	n/a	n/a
294.054	0.02	saccade	n/a	466.2	96.8	n/a	507.0	89.8	1.66	121.0
294.076	0.204	fixation	n/a	500.0	91.1	279.0	n/a	n/a	n/a	n/a
294.282	0.026	saccade	n/a	500.9	90.3	n/a	584.5	86.2	3.34	212.0
294.31	0.148	fixation	n/a	575.6	85.4	264.0	n/a	n/a	n/a	n/a
294.46	0.022	saccade	n/a	575.2	85.3	n/a	510.8	89.4	2.57	204.0
294.484	0.226	fixation	n/a	518.0	86.6	266.0	n/a	n/a	n/a	n/a
294.712	0.04	saccade	n/a	520.0	82.8	n/a	581.6	78.3	2.46	217.0
294.754	0.21	fixation	n/a	588.4	81.7	259.0	n/a	n/a	n/a	n/a
294.966	0.022	saccade	n/a	590.0	81.4	n/a	534.1	85.3	2.23	187.0
294.99	0.15	fixation	n/a	542.5	85.0	262.0	n/a	n/a	n/a	n/a
295.142	0.024	saccade	n/a	545.0	85.2	n/a	475.2	91.4	2.8	212.0
295.168	0.342	fixation	n/a	483.9	90.4	279.0	n/a	n/a	n/a	n/a
295.512	0.008	saccade	n/a	481.6	92.8	n/a	466.9	91.9	0.59	72.0
295.522	0.134	fixation	n/a	468.3	90.0	290.0	n/a	n/a	n/a	n/a
295.658	0.02	saccade	n/a	470.1	89.7	n/a	425.6	97.7	1.82	140.0
295.68	0.376	fixation	n/a	436.6	97.7	290.0	n/a	n/a	n/a	n/a
296.058	0.044	saccade	n/a	437.4	98.3	n/a	558.0	82.1	4.88	371.0
296.104	0.14	fixation	n/a	570.3	83.0	291.0	n/a	n/a	n/a	n/a
296.246	0.02	saccade	n/a	572.8	83.1	n/a	533.5	86.9	1.57	121.0
296.268	0.358	fixation	n/a	541.9	86.0	288.0	n/a	n/a	n/a	n/a
296.628	0.038	saccade	n/a	541.4	85.9	n/a	578.8	83.8	1.49	195.0
296.668	0.166	fixation	n/a	590.1	85.1	270.0	n/a	n/a	n/a	n/a
296.836	0.058	saccade	n/a	593.3	85.0	n/a	190.3	148.6	16.1	492.0
296.896	0.15	fixation	n/a	190.8	149.1	273.0	n/a	n/a	n/a	n/a
297.048	0.024	saccade	n/a	188.3	150.2	n/a	129.4	155.8	2.32	183.0
297.074	0.146	fixation	n/a	141.0	155.6	272.0	n/a	n/a	n/a	n/a
297.222	0.026	saccade	n/a	139.4	155.6	n/a	258.0	153.6	4.67	341.0
297.25	0.324	fixation	n/a	263.6	151.4	260.0	n/a	n/a	n/a	n/a
297.576	0.022	saccade	n/a	264.8	151.3	n/a	324.8	151.3	2.4	170.0
297.6	0.142	fixation	n/a	320.4	149.8	255.0	n/a	n/a	n/a	n/a
297.744	0.026	saccade	n/a	321.1	148.8	n/a	400.6	148.6	3.2	226.0
297.772	0.214	fixation	n/a	391.0	147.1	253.0	n/a	n/a	n/a	n/a
297.988	0.028	saccade	n/a	392.6	144.8	n/a	473.9	139.8	3.28	201.0
298.018	0.19	fixation	n/a	463.3	140.1	257.0	n/a	n/a	n/a	n/a
298.21	0.044	saccade	n/a	462.4	141.0	n/a	518.5	130.5	2.29	179.0
298.256	0.33	fixation	n/a	526.1	132.4	263.0	n/a	n/a	n/a	n/a
298.588	0.056	saccade	n/a	527.2	132.2	n/a	172.8	206.6	14.35	456.0
298.646	0.232	fixation	n/a	175.2	211.9	291.0	n/a	n/a	n/a	n/a
298.88	0.018	saccade	n/a	173.3	213.8	n/a	147.5	217.1	1.02	104.0
298.9	0.304	fixation	n/a	153.8	216.9	301.0	n/a	n/a	n/a	n/a
299.206	0.014	saccade	n/a	156.2	218.5	n/a	183.5	210.1	1.12	98.0
299.222	0.136	fixation	n/a	179.1	211.1	307.0	n/a	n/a	n/a	n/a
299.36	0.022	saccade	n/a	179.2	212.0	n/a	250.8	204.8	2.84	230.0
299.384	0.294	fixation	n/a	242.5	205.9	312.0	n/a	n/a	n/a	n/a
299.68	0.026	saccade	n/a	244.5	204.7	n/a	320.7	203.8	3.04	206.0
299.708	0.196	fixation	n/a	311.2	199.8	296.0	n/a	n/a	n/a	n/a
299.728	0.0	trigger_11	11	n/a	n/a	n/a	n/a	n/a	n/a	n/a
299.732	0.0	trigger_10	10	n/a	n/a	n/a	n/a	n/a	n/a	n/a
299.906	0.026	saccade	n/a	311.4	200.1	n/a	382.6	210.7	2.89	211.0
299.934	0.238	fixation	n/a	369.8	208.8	296.0	n/a	n/a	n/a	n/a
300.174	0.022	saccade	n/a	370.5	206.4	n/a	434.0	213.0	2.56	194.0
300.198	0.212	fixation	n/a	429.7	216.2	307.0	n/a	n/a	n/a	n/a
300.412	0.04	saccade	n/a	429.4	223.2	n/a	490.6	219.8	2.46	204.0
300.454	0.154	fixation	n/a	497.0	217.6	311.0	n/a	n/a	n/a	n/a
300.61	0.046	saccade	n/a	498.9	216.0	n/a	589.9	210.3	3.63	309.0
300.658	0.112	fixation	n/a	602.0	211.6	294.0	n/a	n/a	n/a	n/a
300.772	0.03	saccade	n/a	605.7	209.0	n/a	581.3	202.9	0.99	157.0
300.804	0.184	fixation	n/a	575.3	204.7	289.0	n/a	n/a	n/a	n/a
300.99	0.068	saccade	n/a	575.3	205.1	n/a	194.0	277.7	15.29	488.0
301.06	0.21	fixation	n/a	179.6	277.7	305.0	n/a	n/a	n/a	n/a
301.272	0.018	saccade	n/a	180.3	282.9	n/a	154.1	280.7	1.03	97.0
301.292	0.148	fixation	n/a	158.0	277.5	305.0	n/a	n/a	n/a	n/a
301.442	0.05	saccade	n/a	159.0	279.6	n/a	292.7	193.3	6.31	285.0
301.494	0.174	fixation	n/a	289.7	190.7	284.0	n/a	n/a	n/a	n/a
301.67	0.024	saccade	n/a	290.6	189.2	n/a	231.0	100.8	4.31	298.0
301.696	0.236	fixation	n/a	244.5	89.5	274.0	n/a	n/a	n/a	n/a
301.934	0.024	saccade	n/a	245.9	88.8	n/a	166.4	92.1	3.15	240.0
301.96	0.256	fixation	n/a	177.0	95.1	294.0	n/a	n/a	n/a	n/a
302.088	0.0	trigger_11	11	n/a	n/a	n/a	n/a	n/a	n/a	n/a
302.09	0.0	trigger_18	18	n/a	n/a	n/a	n/a	n/a	n/a	n/a
302.218	0.008	saccade	n/a	178.3	95.6	n/a	194.0	96.3	0.62	74.0
302.228	0.124	fixation	n/a	189.1	94.0	300.0	n/a	n/a	n/a	n/a
302.354	0.02	saccade	n/a	189.6	94.6	n/a	232.5	94.5	1.7	149.0
302.376	0.168	fixation	n/a	225.4	94.9	295.0	n/a	n/a	n/a	n/a
302.546	0.018	saccade	n/a	225.2	94.2	n/a	202.6	93.3	0.9	88.0
302.566	0.406	fixation	n/a	208.0	91.9	285.0	n/a	n/a	n/a	n/a
302.974	0.02	saccade	n/a	208.0	91.1	n/a	164.6	94.7	1.71	132.0
302.996	0.368	fixation	n/a	175.1	93.4	292.0	n/a	n/a	n/a	n/a
303.366	0.01	saccade	n/a	178.7	97.2	n/a	195.8	94.7	0.68	72.0
303.378	0.236	fixation	n/a	194.0	93.3	301.0	n/a	n/a	n/a	n/a
303.616	0.008	saccade	n/a	192.6	92.9	n/a	180.8	94.9	0.47	56.0
303.626	0.172	fixation	n/a	184.1	92.5	291.0	n/a	n/a	n/a	n/a
303.8	0.026	saccade	n/a	184.7	91.1	n/a	270.8	94.0	3.42	261.0
303.828	0.724	fixation	n/a	266.9	99.8	316.0	n/a	n/a	n/a	n/a
304.554	0.148	saccade	n/a	273.0	107.1	n/a	231.3	154.0	2.53	188.0
304.574	0.104	blink	n/a	n/a	n/a	n/a	n/a	n/a	n/a	n/a
304.704	0.34	fixation	n/a	232.8	97.2	360.0	n/a	n/a	n/a	n/a
305.046	0.022	saccade	n/a	234.0	91.6	n/a	192.3	96.4	1.66	140.0
305.07	0.334	fixation	n/a	201.2	94.5	331.0	n/a	n/a	n/a	n/a
305.406	0.238	saccade	n/a	205.7	97.6	n/a	220.8	121.6	1.14	139.0
305.438	0.198	blink	n/a	n/a	n/a	n/a	n/a	n/a	n/a	n/a
305.646	0.152	fixation	n/a	323.7	140.8	304.0	n/a	n/a	n/a	n/a
305.8	0.03	saccade	n/a	316.8	108.2	n/a	225.5	96.3	3.68	240.0
305.832	0.43	fixation	n/a	232.0	93.8	338.0	n/a	n/a	n/a	n/a
306.264	0.2	saccade	n/a	231.4	95.2	n/a	265.6	170.6	3.35	104.0
306.29	0.158	blink	n/a	n/a	n/a	n/a	n/a	n/a	n/a	n/a
306.466	0.146	fixation	n/a	266.2	107.4	313.0	n/a	n/a	n/a	n/a
