onset	duration	trial_type	value	gaze_x	gaze_y	pupil_size	sacc_endx	sacc_endy	sacc_amplitude	sacc_peakvel
0.032	0.0	trigger_100	100	n/a	n/a	n/a	n/a	n/a	n/a	n/a
0.229	0.02	saccade	n/a	242.5	81.7	n/a	183.9	85.5	2.33	178.0
0.251	0.302	fixation	n/a	187.7	87.2	1206.0	n/a	n/a	n/a	n/a
0.555	0.2	saccade	n/a	191.8	90.3	n/a	272.7	125.8	3.52	1095.0
0.585	0.098	blink	n/a	n/a	n/a	n/a	n/a	n/a	n/a	n/a
0.757	0.188	fixation	n/a	275.1	147.0	1251.0	n/a	n/a	n/a	n/a
0.947	0.028	saccade	n/a	277.5	147.0	n/a	287.8	243.6	3.93	248.0
0.977	0.14	fixation	n/a	286.4	235.3	1263.0	n/a	n/a	n/a	n/a
1.119	0.03	saccade	n/a	287.0	236.5	n/a	192.0	276.9	4.09	255.0
1.151	0.164	fixation	n/a	198.5	278.0	1236.0	n/a	n/a	n/a	n/a
1.317	0.016	saccade	n/a	200.1	279.1	n/a	164.9	280.1	1.38	131.0
1.335	0.164	fixation	n/a	168.2	282.0	1224.0	n/a	n/a	n/a	n/a
1.501	0.088	saccade	n/a	168.5	286.0	n/a	194.4	251.3	1.71	517.0
1.591	0.2	fixation	n/a	198.1	272.3	1187.0	n/a	n/a	n/a	n/a
1.793	0.184	saccade	n/a	202.0	273.9	n/a	230.3	328.3	2.43	837.0
1.825	0.088	blink	n/a	n/a	n/a	n/a	n/a	n/a	n/a	n/a
1.979	0.248	fixation	n/a	232.9	340.2	1204.0	n/a	n/a	n/a	n/a
2.064	0.0	trigger_10	10	n/a	n/a	n/a	n/a	n/a	n/a	n/a
2.229	0.038	saccade	n/a	233.5	339.2	n/a	206.2	139.7	8.05	385.0
2.269	0.098	fixation	n/a	211.4	147.5	1181.0	n/a	n/a	n/a	n/a
2.369	0.02	saccade	n/a	213.0	149.6	n/a	187.1	92.4	2.53	215.0
2.391	0.264	fixation	n/a	192.2	99.5	1113.0	n/a	n/a	n/a	n/a
2.657	0.016	saccade	n/a	195.1	101.0	n/a	234.0	92.7	1.58	137.0
2.675	0.094	fixation	n/a	239.5	93.0	1140.0	n/a	n/a	n/a	n/a
2.771	0.028	saccade	n/a	241.9	93.8	n/a	156.4	90.5	3.38	188.0
2.801	0.242	fixation	n/a	166.6	93.1	1188.0	n/a	n/a	n/a	n/a
3.045	0.028	saccade	n/a	166.7	93.9	n/a	253.8	92.2	3.44	186.0
3.075	0.36	fixation	n/a	256.0	91.9	1254.0	n/a	n/a	n/a	n/a
3.437	0.022	saccade	n/a	254.6	92.3	n/a	312.7	92.9	2.32	142.0
3.461	0.26	fixation	n/a	320.7	91.2	1285.0	n/a	n/a	n/a	n/a
3.723	0.024	saccade	n/a	321.2	91.7	n/a	387.0	85.8	2.66	134.0
3.749	0.198	fixation	n/a	387.3	85.9	1308.0	n/a	n/a	n/a	n/a
3.949	0.018	saccade	n/a	388.7	85.1	n/a	344.4	91.2	1.8	137.0
3.969	0.2	fixation	n/a	345.0	89.9	1311.0	n/a	n/a	n/a	n/a
4.171	0.034	saccade	n/a	345.7	91.8	n/a	174.0	91.6	6.83	338.0
4.207	0.242	fixation	n/a	184.4	94.2	1316.0	n/a	n/a	n/a	n/a
4.451	0.024	saccade	n/a	184.8	96.7	n/a	253.9	90.6	2.75	188.0
4.477	0.178	fixation	n/a	263.6	94.7	1302.0	n/a	n/a	n/a	n/a
4.657	0.026	saccade	n/a	266.0	94.7	n/a	184.9	88.9	3.23	211.0
4.685	0.114	fixation	n/a	191.5	91.1	1317.0	n/a	n/a	n/a	n/a
4.801	0.154	saccade	n/a	193.3	91.6	n/a	263.8	103.8	2.85	706.0
4.851	0.036	blink	n/a	n/a	n/a	n/a	n/a	n/a	n/a	n/a
4.957	0.02	fixation	n/a	263.7	88.7	1335.0	n/a	n/a	n/a	n/a
4.979	0.14	saccade	n/a	264.4	86.5	n/a	384.4	94.2	4.83	661.0
5.031	0.034	blink	n/a	n/a	n/a	n/a	n/a	n/a	n/a	n/a
5.121	0.266	fixation	n/a	384.6	94.4	1319.0	n/a	n/a	n/a	n/a
5.389	0.022	saccade	n/a	386.3	98.2	n/a	449.0	95.3	2.53	168.0
5.413	0.258	fixation	n/a	453.0	94.1	1218.0	n/a	n/a	n/a	n/a
5.673	0.032	saccade	n/a	455.3	99.1	n/a	556.4	95.3	4.05	184.0
5.707	0.276	fixation	n/a	557.3	97.0	1163.0	n/a	n/a	n/a	n/a
5.985	0.012	saccade	n/a	554.4	96.9	n/a	534.6	96.7	0.79	70.0
5.999	0.204	fixation	n/a	536.4	97.9	1175.0	n/a	n/a	n/a	n/a
6.205	0.026	saccade	n/a	535.7	98.4	n/a	612.8	94.4	3.06	166.0
6.233	0.208	fixation	n/a	614.9	100.4	1156.0	n/a	n/a	n/a	n/a
6.443	0.054	saccade	n/a	617.8	105.2	n/a	192.4	155.1	16.87	526.0
6.499	0.124	fixation	n/a	206.2	158.1	1227.0	n/a	n/a	n/a	n/a
6.625	0.022	saccade	n/a	207.8	159.3	n/a	146.4	159.8	2.41	174.0
6.649	0.272	fixation	n/a	154.6	163.1	1262.0	n/a	n/a	n/a	n/a
6.923	0.042	saccade	n/a	153.4	163.7	n/a	377.3	152.3	8.9	342.0
6.967	0.25	fixation	n/a	372.2	152.6	1271.0	n/a	n/a	n/a	n/a
7.219	0.026	saccade	n/a	371.1	155.0	n/a	461.8	151.4	3.65	240.0
7.247	0.246	fixation	n/a	459.7	153.7	1270.0	n/a	n/a	n/a	n/a
7.495	0.026	saccade	n/a	460.9	157.8	n/a	545.9	157.3	3.4	183.0
7.523	0.254	fixation	n/a	545.7	157.7	1267.0	n/a	n/a	n/a	n/a
7.779	0.02	saccade	n/a	543.9	159.3	n/a	594.3	157.3	2.0	125.0
7.801	0.152	fixation	n/a	599.8	157.6	1230.0	n/a	n/a	n/a	n/a
7.955	0.048	saccade	n/a	602.8	158.9	n/a	285.0	94.4	12.91	487.0
8.005	0.192	fixation	n/a	295.9	99.7	1243.0	n/a	n/a	n/a	n/a
8.199	0.026	saccade	n/a	296.9	101.1	n/a	194.6	96.3	4.08	247.0
8.227	0.208	fixation	n/a	199.5	99.1	1262.0	n/a	n/a	n/a	n/a
8.437	0.042	saccade	n/a	199.1	99.4	n/a	342.6	97.0	5.72	222.0
8.481	0.232	fixation	n/a	342.9	96.8	1268.0	n/a	n/a	n/a	n/a
8.715	0.02	saccade	n/a	344.6	95.4	n/a	288.7	95.8	2.24	163.0
8.737	0.216	fixation	n/a	289.8	95.2	1265.0	n/a	n/a	n/a	n/a
8.955	0.03	saccade	n/a	288.9	95.8	n/a	403.4	88.1	4.61	238.0
8.987	0.134	fixation	n/a	402.8	88.4	1254.0	n/a	n/a	n/a	n/a
9.123	0.014	saccade	n/a	401.2	87.4	n/a	371.5	92.3	1.21	97.0
9.139	0.222	fixation	n/a	371.4	94.3	1242.0	n/a	n/a	n/a	n/a
9.363	0.008	saccade	n/a	367.3	93.0	n/a	355.9	98.6	0.51	61.0
9.373	0.12	fixation	n/a	356.8	97.5	1252.0	n/a	n/a	n/a	n/a
9.495	0.164	saccade	n/a	357.9	100.1	n/a	476.4	82.4	4.82	676.0
9.533	0.074	blink	n/a	n/a	n/a	n/a	n/a	n/a	n/a	n/a
9.661	0.14	fixation	n/a	480.3	93.2	1213.0	n/a	n/a	n/a	n/a
9.803	0.042	saccade	n/a	479.6	94.8	n/a	211.5	97.5	10.7	438.0
9.847	0.178	fixation	n/a	222.0	96.2	1196.0	n/a	n/a	n/a	n/a
10.027	0.02	saccade	n/a	221.1	94.9	n/a	164.0	90.7	2.26	173.0
10.049	0.598	fixation	n/a	165.5	95.7	1198.0	n/a	n/a	n/a	n/a
10.406	0.0	trigger_11	11	n/a	n/a	n/a	n/a	n/a	n/a	n/a
10.418	0.0	trigger_10	10	n/a	n/a	n/a	n/a	n/a	n/a	n/a
10.649	0.02	saccade	n/a	168.1	97.7	n/a	210.3	86.1	1.73	129.0
10.671	0.328	fixation	n/a	216.7	89.1	1274.0	n/a	n/a	n/a	n/a
11.001	0.028	saccade	n/a	216.2	90.9	n/a	312.4	90.0	3.84	202.0
11.031	0.28	fixation	n/a	325.1	95.9	1279.0	n/a	n/a	n/a	n/a
11.313	0.134	saccade	n/a	330.1	102.4	n/a	410.0	120.4	3.3	641.0
11.355	0.032	blink	n/a	n/a	n/a	n/a	n/a	n/a	n/a	n/a
11.449	0.082	fixation	n/a	400.9	90.6	1298.0	n/a	n/a	n/a	n/a
11.533	0.168	saccade	n/a	404.0	99.9	n/a	509.4	94.3	4.24	549.0
11.593	0.054	blink	n/a	n/a	n/a	n/a	n/a	n/a	n/a	n/a
11.703	0.218	fixation	n/a	509.4	104.9	1267.0	n/a	n/a	n/a	n/a
11.923	0.028	saccade	n/a	506.9	103.3	n/a	587.9	99.7	3.22	174.0
11.953	0.22	fixation	n/a	589.7	102.5	1188.0	n/a	n/a	n/a	n/a
12.175	0.008	saccade	n/a	586.9	102.1	n/a	571.3	102.4	0.62	72.0
12.185	0.208	fixation	n/a	570.4	104.1	1153.0	n/a	n/a	n/a	n/a
12.395	0.018	saccade	n/a	571.5	103.6	n/a	612.6	105.3	1.63	115.0
12.415	0.1	fixation	n/a	613.5	106.0	1150.0	n/a	n/a	n/a	n/a
12.517	0.054	saccade	n/a	614.3	104.6	n/a	197.5	156.1	16.57	469.0
12.573	0.118	fixation	n/a	207.9	155.3	1202.0	n/a	n/a	n/a	n/a
12.693	0.022	saccade	n/a	208.9	155.1	n/a	149.1	158.4	2.35	189.0
12.717	0.3	fixation	n/a	156.6	159.1	1210.0	n/a	n/a	n/a	n/a
13.019	0.026	saccade	n/a	158.2	159.9	n/a	245.9	154.2	3.47	184.0
13.047	0.208	fixation	n/a	255.5	155.5	1211.0	n/a	n/a	n/a	n/a
13.257	0.022	saccade	n/a	256.1	156.6	n/a	331.3	156.3	3.01	208.0
13.281	0.224	fixation	n/a	341.5	157.1	1212.0	n/a	n/a	n/a	n/a
13.507	0.026	saccade	n/a	340.4	159.3	n/a	418.9	155.4	3.16	173.0
13.535	0.222	fixation	n/a	422.7	155.5	1209.0	n/a	n/a	n/a	n/a
13.759	0.034	saccade	n/a	420.1	155.0	n/a	559.5	152.0	5.59	251.0
13.795	0.176	fixation	n/a	559.5	153.0	1172.0	n/a	n/a	n/a	n/a
13.973	0.02	saccade	n/a	560.8	154.7	n/a	620.0	154.3	2.34	156.0
13.995	0.174	fixation	n/a	625.2	155.6	1149.0	n/a	n/a	n/a	n/a
14.171	0.05	saccade	n/a	625.8	157.0	n/a	283.9	217.1	13.73	436.0
14.223	0.144	fixation	n/a	296.2	217.0	1198.0	n/a	n/a	n/a	n/a
14.369	0.03	saccade	n/a	296.3	216.9	n/a	193.1	224.5	4.11	249.0
14.401	0.232	fixation	n/a	197.2	225.3	1195.0	n/a	n/a	n/a	n/a
14.635	0.018	saccade	n/a	197.3	226.5	n/a	158.5	224.3	1.52	134.0
14.655	0.208	fixation	n/a	157.4	226.4	1185.0	n/a	n/a	n/a	n/a
14.865	0.03	saccade	n/a	155.8	227.9	n/a	174.3	108.8	4.84	285.0
14.897	0.168	fixation	n/a	174.1	117.9	1152.0	n/a	n/a	n/a	n/a
15.067	0.016	saccade	n/a	173.4	120.3	n/a	201.8	100.3	1.38	115.0
15.085	0.238	fixation	n/a	204.0	102.8	1158.0	n/a	n/a	n/a	n/a
15.325	0.008	saccade	n/a	202.8	103.9	n/a	194.3	99.7	0.38	49.0
15.335	0.106	fixation	n/a	196.5	99.7	1185.0	n/a	n/a	n/a	n/a
15.443	0.032	saccade	n/a	196.0	98.4	n/a	323.8	91.5	5.1	258.0
15.477	0.266	fixation	n/a	325.1	92.5	1219.0	n/a	n/a	n/a	n/a
15.745	0.03	saccade	n/a	325.8	93.1	n/a	185.5	84.0	5.59	332.0
15.777	0.3	fixation	n/a	200.8	91.1	1236.0	n/a	n/a	n/a	n/a
15.828	0.0	trigger_11	11	n/a	n/a	n/a	n/a	n/a	n/a	n/a
15.836	0.0	trigger_10	10	n/a	n/a	n/a	n/a	n/a	n/a	n/a
16.079	0.014	saccade	n/a	200.8	91.5	n/a	169.3	91.5	1.24	102.0
16.095	0.36	fixation	n/a	177.1	97.0	1275.0	n/a	n/a	n/a	n/a
16.457	0.02	saccade	n/a	175.1	100.4	n/a	222.0	97.2	1.86	134.0
16.479	0.156	fixation	n/a	234.4	100.0	1282.0	n/a	n/a	n/a	n/a
16.637	0.034	saccade	n/a	233.4	100.3	n/a	348.2	94.6	4.6	219.0
16.673	0.236	fixation	n/a	347.3	93.8	1291.0	n/a	n/a	n/a	n/a
16.911	0.022	saccade	n/a	348.3	95.3	n/a	409.1	88.6	2.47	155.0
16.935	0.186	fixation	n/a	423.1	93.4	1303.0	n/a	n/a	n/a	n/a
17.123	0.03	saccade	n/a	422.6	93.7	n/a	507.5	95.8	3.41	174.0
17.155	0.22	fixation	n/a	506.3	98.1	1272.0	n/a	n/a	n/a	n/a
17.377	0.026	saccade	n/a	504.1	98.0	n/a	578.0	100.0	2.95	159.0
17.405	0.292	fixation	n/a	579.9	98.4	1250.0	n/a	n/a	n/a	n/a
17.699	0.05	saccade	n/a	579.7	99.8	n/a	216.5	153.8	14.58	526.0
17.751	0.122	fixation	n/a	228.5	154.8	1279.0	n/a	n/a	n/a	n/a
17.875	0.024	saccade	n/a	228.2	155.0	n/a	150.4	161.5	3.07	212.0
17.901	0.296	fixation	n/a	152.9	163.3	1273.0	n/a	n/a	n/a	n/a
18.199	0.022	saccade	n/a	149.1	163.7	n/a	208.3	158.6	2.34	157.0
18.223	0.35	fixation	n/a	212.5	159.9	1271.0	n/a	n/a	n/a	n/a
18.575	0.032	saccade	n/a	214.2	161.8	n/a	307.1	87.4	4.78	248.0
18.609	0.16	fixation	n/a	313.0	90.4	1255.0	n/a	n/a	n/a	n/a
18.771	0.028	saccade	n/a	315.5	93.5	n/a	404.2	87.4	3.58	180.0
18.801	0.252	fixation	n/a	405.5	90.5	1244.0	n/a	n/a	n/a	n/a
19.055	0.022	saccade	n/a	404.3	90.5	n/a	465.3	90.7	2.45	167.0
19.079	0.248	fixation	n/a	475.8	93.9	1234.0	n/a	n/a	n/a	n/a
19.329	0.024	saccade	n/a	476.1	95.4	n/a	534.5	94.6	2.34	155.0
19.355	0.134	fixation	n/a	542.0	96.6	1201.0	n/a	n/a	n/a	n/a
19.491	0.07	saccade	n/a	540.9	106.6	n/a	609.9	129.4	2.88	219.0
19.563	0.026	fixation	n/a	605.9	111.5	1175.0	n/a	n/a	n/a	n/a
19.591	0.17	saccade	n/a	605.1	110.2	n/a	440.3	107.3	6.58	642.0
19.633	0.076	blink	n/a	n/a	n/a	n/a	n/a	n/a	n/a	n/a
19.763	0.142	fixation	n/a	441.2	109.4	1204.0	n/a	n/a	n/a	n/a
19.907	0.106	saccade	n/a	436.1	99.4	n/a	356.4	79.2	3.32	545.0
20.015	0.212	fixation	n/a	363.3	96.9	1141.0	n/a	n/a	n/a	n/a
20.229	0.014	saccade	n/a	362.5	99.9	n/a	333.1	103.0	1.19	108.0
20.245	0.182	fixation	n/a	337.9	103.1	1100.0	n/a	n/a	n/a	n/a
20.429	0.024	saccade	n/a	338.9	102.2	n/a	255.6	96.7	3.34	210.0
20.455	0.242	fixation	n/a	243.8	100.7	1072.0	n/a	n/a	n/a	n/a
20.699	0.016	saccade	n/a	244.6	101.2	n/a	210.0	97.4	1.38	120.0
20.717	0.08	fixation	n/a	213.0	99.9	1070.0	n/a	n/a	n/a	n/a
20.799	0.134	saccade	n/a	215.8	99.8	n/a	195.5	92.2	0.86	679.0
20.839	0.036	blink	n/a	n/a	n/a	n/a	n/a	n/a	n/a	n/a
20.935	0.136	fixation	n/a	200.9	97.3	1106.0	n/a	n/a	n/a	n/a
21.073	0.014	saccade	n/a	199.7	101.9	n/a	169.4	98.2	1.2	104.0
21.089	0.058	fixation	n/a	172.2	100.7	1126.0	n/a	n/a	n/a	n/a
21.149	0.042	saccade	n/a	173.7	102.7	n/a	435.2	96.9	10.42	380.0
21.193	0.374	fixation	n/a	434.7	96.1	1133.0	n/a	n/a	n/a	n/a
21.569	0.024	saccade	n/a	436.1	95.5	n/a	371.6	98.1	2.6	167.0
21.595	0.188	fixation	n/a	376.1	98.3	1146.0	n/a	n/a	n/a	n/a
21.785	0.168	saccade	n/a	380.2	101.9	n/a	474.6	104.1	3.8	834.0
21.817	0.046	blink	n/a	n/a	n/a	n/a	n/a	n/a	n/a	n/a
21.955	0.246	fixation	n/a	472.0	100.1	1162.0	n/a	n/a	n/a	n/a
22.203	0.018	saccade	n/a	473.5	102.2	n/a	516.7	105.3	1.74	134.0
22.223	0.2	fixation	n/a	520.9	103.7	1132.0	n/a	n/a	n/a	n/a
22.425	0.028	saccade	n/a	518.6	103.6	n/a	597.8	109.5	3.16	145.0
22.455	0.232	fixation	n/a	605.3	108.7	1112.0	n/a	n/a	n/a	n/a
22.689	0.058	saccade	n/a	607.7	110.1	n/a	186.0	163.1	16.74	512.0
22.749	0.144	fixation	n/a	198.1	162.3	1178.0	n/a	n/a	n/a	n/a
22.895	0.018	saccade	n/a	197.2	160.4	n/a	154.5	166.8	1.7	149.0
22.915	0.236	fixation	n/a	158.8	167.8	1175.0	n/a	n/a	n/a	n/a
23.153	0.024	saccade	n/a	159.4	167.2	n/a	226.0	158.7	2.65	170.0
23.179	0.172	fixation	n/a	226.2	159.3	1202.0	n/a	n/a	n/a	n/a
23.353	0.026	saccade	n/a	228.2	163.2	n/a	293.6	104.4	3.54	226.0
23.381	0.188	fixation	n/a	297.5	106.9	1191.0	n/a	n/a	n/a	n/a
23.571	0.028	saccade	n/a	298.1	108.3	n/a	400.0	93.6	4.14	242.0
23.601	0.136	fixation	n/a	404.6	95.6	1187.0	n/a	n/a	n/a	n/a
23.739	0.036	saccade	n/a	405.7	96.7	n/a	225.8	83.3	7.22	371.0
23.777	0.236	fixation	n/a	240.3	86.4	1210.0	n/a	n/a	n/a	n/a
23.836	0.0	trigger_11	11	n/a	n/a	n/a	n/a	n/a	n/a	n/a
23.842	0.0	trigger_12	12	n/a	n/a	n/a	n/a	n/a	n/a	n/a
24.015	0.022	saccade	n/a	241.6	89.5	n/a	171.2	92.4	2.79	198.0
24.039	0.154	fixation	n/a	176.8	95.7	1246.0	n/a	n/a	n/a	n/a
24.195	0.012	saccade	n/a	176.5	96.5	n/a	151.6	98.2	0.98	88.0
24.209	0.228	fixation	n/a	154.7	102.1	1262.0	n/a	n/a	n/a	n/a
24.439	0.02	saccade	n/a	153.8	102.9	n/a	198.5	95.8	1.78	125.0
24.461	0.248	fixation	n/a	200.6	98.0	1258.0	n/a	n/a	n/a	n/a
24.711	0.036	saccade	n/a	198.8	99.8	n/a	335.7	98.6	5.45	249.0
24.749	0.176	fixation	n/a	333.6	97.5	1244.0	n/a	n/a	n/a	n/a
24.927	0.018	saccade	n/a	332.9	99.1	n/a	293.5	102.6	1.59	112.0
24.947	0.274	fixation	n/a	293.9	103.9	1246.0	n/a	n/a	n/a	n/a
25.223	0.028	saccade	n/a	294.2	106.1	n/a	398.4	90.8	4.23	253.0
25.253	0.18	fixation	n/a	400.0	92.3	1229.0	n/a	n/a	n/a	n/a
25.435	0.03	saccade	n/a	402.9	94.5	n/a	298.8	101.8	4.2	245.0
25.467	0.222	fixation	n/a	303.4	100.5	1254.0	n/a	n/a	n/a	n/a
25.691	0.016	saccade	n/a	304.4	101.4	n/a	270.9	103.9	1.35	110.0
25.709	0.24	fixation	n/a	275.6	102.9	1260.0	n/a	n/a	n/a	n/a
25.951	0.06	saccade	n/a	276.5	103.3	n/a	400.8	77.1	5.11	231.0
26.013	0.05	fixation	n/a	407.6	86.9	1237.0	n/a	n/a	n/a	n/a
26.065	0.282	saccade	n/a	408.3	85.9	n/a	281.1	68.5	5.16	596.0
26.111	0.17	blink	n/a	n/a	n/a	n/a	n/a	n/a	n/a	n/a
26.349	0.19	fixation	n/a	284.3	91.0	1220.0	n/a	n/a	n/a	n/a
26.541	0.028	saccade	n/a	282.6	90.0	n/a	165.7	93.7	4.63	312.0
26.571	0.346	fixation	n/a	172.1	96.6	1204.0	n/a	n/a	n/a	n/a
26.919	0.252	saccade	n/a	176.8	97.5	n/a	261.3	77.8	3.44	826.0
26.955	0.144	blink	n/a	n/a	n/a	n/a	n/a	n/a	n/a	n/a
27.173	0.3	fixation	n/a	264.0	102.2	1214.0	n/a	n/a	n/a	n/a
27.475	0.02	saccade	n/a	261.9	102.6	n/a	207.3	98.1	2.18	168.0
27.497	0.308	fixation	n/a	214.9	101.7	1187.0	n/a	n/a	n/a	n/a
27.502	0.0	trigger_13	13	n/a	n/a	n/a	n/a	n/a	n/a	n/a
27.807	0.038	saccade	n/a	213.4	102.4	n/a	401.4	90.2	7.54	339.0
27.847	0.174	fixation	n/a	398.8	91.2	1230.0	n/a	n/a	n/a	n/a
28.023	0.104	saccade	n/a	400.3	92.5	n/a	602.4	67.4	8.13	708.0
28.061	0.014	blink	n/a	n/a	n/a	n/a	n/a	n/a	n/a	n/a
28.129	0.24	fixation	n/a	605.5	83.8	1222.0	n/a	n/a	n/a	n/a
28.371	0.022	saccade	n/a	607.8	89.3	n/a	539.1	95.2	2.73	179.0
28.395	0.216	fixation	n/a	531.0	101.2	1207.0	n/a	n/a	n/a	n/a
28.613	0.026	saccade	n/a	529.9	104.1	n/a	599.8	111.0	2.79	163.0
28.641	0.172	fixation	n/a	594.6	111.8	1223.0	n/a	n/a	n/a	n/a
28.815	0.838	saccade	n/a	593.8	113.1	n/a	403.5	356.2	12.32	1179.0
28.851	0.718	blink	n/a	n/a	n/a	n/a	n/a	n/a	n/a	n/a
29.655	0.308	fixation	n/a	403.4	334.3	1397.0	n/a	n/a	n/a	n/a
29.965	0.034	saccade	n/a	401.7	333.2	n/a	318.4	247.3	4.79	253.0
30.001	0.352	fixation	n/a	326.1	255.4	1094.0	n/a	n/a	n/a	n/a
30.355	0.038	saccade	n/a	325.9	259.2	n/a	203.4	502.3	10.6	466.0
30.395	2.622	fixation	n/a	211.9	492.9	1294.0	n/a	n/a	n/a	n/a
33.019	0.328	saccade	n/a	238.1	490.3	n/a	495.5	224.8	14.49	1466.0
33.075	0.196	blink	n/a	n/a	n/a	n/a	n/a	n/a	n/a	n/a
33.349	0.198	fixation	n/a	500.4	236.3	1399.0	n/a	n/a	n/a	n/a
33.549	0.036	saccade	n/a	500.2	236.5	n/a	655.1	232.3	6.11	276.0
33.587	0.288	fixation	n/a	651.3	229.9	1275.0	n/a	n/a	n/a	n/a
33.877	0.044	saccade	n/a	655.5	231.9	n/a	401.3	117.4	11.08	398.0
33.923	0.416	fixation	n/a	412.0	121.5	1180.0	n/a	n/a	n/a	n/a
34.341	0.022	saccade	n/a	411.8	123.8	n/a	468.1	117.0	2.28	166.0
34.365	0.242	fixation	n/a	470.1	117.5	1231.0	n/a	n/a	n/a	n/a
34.609	0.034	saccade	n/a	473.7	119.9	n/a	311.2	115.7	6.53	369.0
34.645	0.478	fixation	n/a	321.2	116.9	1280.0	n/a	n/a	n/a	n/a
34.918	0.0	trigger_15	15	n/a	n/a	n/a	n/a	n/a	n/a	n/a
34.932	0.0	trigger_10	10	n/a	n/a	n/a	n/a	n/a	n/a	n/a
35.125	0.032	saccade	n/a	322.9	119.8	n/a	204.0	113.4	4.74	234.0
35.159	0.146	fixation	n/a	212.0	111.6	1312.0	n/a	n/a	n/a	n/a
35.307	0.012	saccade	n/a	210.5	109.9	n/a	180.9	106.2	1.18	106.0
35.321	0.232	fixation	n/a	181.5	104.7	1303.0	n/a	n/a	n/a	n/a
35.555	0.03	saccade	n/a	178.8	102.8	n/a	273.4	97.9	3.76	204.0
35.587	0.154	fixation	n/a	277.3	98.1	1296.0	n/a	n/a	n/a	n/a
35.743	0.02	saccade	n/a	276.1	98.2	n/a	227.5	99.0	1.94	152.0
35.765	0.212	fixation	n/a	235.0	99.3	1314.0	n/a	n/a	n/a	n/a
35.979	0.022	saccade	n/a	236.6	99.9	n/a	168.8	100.5	2.68	190.0
36.003	0.162	fixation	n/a	175.5	105.1	1341.0	n/a	n/a	n/a	n/a
36.167	0.038	saccade	n/a	175.6	106.6	n/a	343.4	101.0	6.68	315.0
36.207	0.206	fixation	n/a	341.5	99.8	1333.0	n/a	n/a	n/a	n/a
36.415	0.022	saccade	n/a	339.9	102.2	n/a	281.3	103.1	2.35	160.0
36.439	0.264	fixation	n/a	283.5	104.8	1336.0	n/a	n/a	n/a	n/a
36.705	0.03	saccade	n/a	281.9	105.2	n/a	379.9	102.0	3.94	200.0
36.737	0.244	fixation	n/a	381.5	102.1	1301.0	n/a	n/a	n/a	n/a
36.983	0.026	saccade	n/a	382.3	104.1	n/a	458.9	103.4	3.08	186.0
37.011	0.314	fixation	n/a	462.4	100.7	1283.0	n/a	n/a	n/a	n/a
37.327	0.024	saccade	n/a	463.0	99.0	n/a	379.9	94.9	3.35	230.0
37.353	0.176	fixation	n/a	371.9	97.2	1267.0	n/a	n/a	n/a	n/a
37.531	0.014	saccade	n/a	370.1	99.0	n/a	337.1	101.1	1.33	112.0
37.547	0.362	fixation	n/a	335.5	102.3	1255.0	n/a	n/a	n/a	n/a
37.911	0.02	saccade	n/a	335.0	105.6	n/a	279.8	104.6	2.21	177.0
37.933	0.32	fixation	n/a	287.9	106.9	1246.0	n/a	n/a	n/a	n/a
38.255	0.042	saccade	n/a	290.2	111.1	n/a	526.9	106.8	9.47	361.0
38.299	0.188	fixation	n/a	528.9	107.2	1216.0	n/a	n/a	n/a	n/a
38.489	0.016	saccade	n/a	530.2	107.9	n/a	573.0	104.3	1.71	140.0
38.507	0.228	fixation	n/a	577.9	105.4	1175.0	n/a	n/a	n/a	n/a
38.737	0.048	saccade	n/a	576.0	105.4	n/a	246.1	161.1	13.31	461.0
38.787	0.118	fixation	n/a	255.9	159.3	1179.0	n/a	n/a	n/a	n/a
38.907	0.026	saccade	n/a	257.4	160.7	n/a	172.8	167.6	3.36	210.0
38.935	0.264	fixation	n/a	179.4	168.6	1183.0	n/a	n/a	n/a	n/a
39.201	0.022	saccade	n/a	182.6	167.8	n/a	249.2	159.8	2.66	182.0
39.225	0.22	fixation	n/a	269.5	161.2	1198.0	n/a	n/a	n/a	n/a
39.447	0.02	saccade	n/a	271.0	161.0	n/a	216.5	166.3	2.18	165.0
39.469	0.246	fixation	n/a	220.6	167.5	1206.0	n/a	n/a	n/a	n/a
39.717	0.028	saccade	n/a	222.0	168.3	n/a	321.1	155.7	3.99	209.0
39.747	0.166	fixation	n/a	324.2	158.3	1218.0	n/a	n/a	n/a	n/a
39.915	0.028	saccade	n/a	323.2	160.5	n/a	407.9	158.0	3.41	190.0
39.945	0.19	fixation	n/a	406.1	158.2	1222.0	n/a	n/a	n/a	n/a
40.137	0.022	saccade	n/a	406.4	159.6	n/a	349.9	157.9	2.27	158.0
40.161	0.222	fixation	n/a	353.5	161.2	1213.0	n/a	n/a	n/a	n/a
40.385	0.032	saccade	n/a	354.0	162.5	n/a	236.5	161.9	4.69	268.0
40.419	0.176	fixation	n/a	241.1	164.7	1214.0	n/a	n/a	n/a	n/a
40.597	0.022	saccade	n/a	238.3	167.0	n/a	292.6	159.4	2.19	158.0
40.621	0.288	fixation	n/a	294.9	163.9	1224.0	n/a	n/a	n/a	n/a
40.911	0.03	saccade	n/a	293.9	166.9	n/a	396.4	158.2	4.13	211.0
40.943	0.204	fixation	n/a	394.8	158.9	1206.0	n/a	n/a	n/a	n/a
41.149	0.03	saccade	n/a	396.3	159.7	n/a	265.8	102.6	5.73	333.0
41.181	0.2	fixation	n/a	264.8	104.2	1188.0	n/a	n/a	n/a	n/a
41.383	0.022	saccade	n/a	265.8	105.8	n/a	196.6	97.8	2.77	197.0
41.407	0.184	fixation	n/a	193.8	100.9	1180.0	n/a	n/a	n/a	n/a
41.593	0.05	saccade	n/a	194.4	100.2	n/a	531.1	102.1	13.39	431.0
41.645	0.218	fixation	n/a	529.4	105.1	1145.0	n/a	n/a	n/a	n/a
41.865	0.02	saccade	n/a	528.0	106.4	n/a	578.0	105.3	1.99	137.0
41.887	0.186	fixation	n/a	581.0	106.9	1124.0	n/a	n/a	n/a	n/a
42.075	0.048	saccade	n/a	581.2	108.2	n/a	265.1	105.4	12.59	465.0
42.102	0.0	trigger_11	11	n/a	n/a	n/a	n/a	n/a	n/a	n/a
42.11	0.0	trigger_10	10	n/a	n/a	n/a	n/a	n/a	n/a	n/a
42.125	0.186	fixation	n/a	273.1	106.5	1110.0	n/a	n/a	n/a	n/a
42.313	0.024	saccade	n/a	271.5	105.1	n/a	174.1	93.6	3.89	274.0
42.339	0.258	fixation	n/a	177.0	96.2	1118.0	n/a	n/a	n/a	n/a
42.599	0.024	saccade	n/a	176.2	95.4	n/a	250.9	94.6	2.96	188.0
42.625	0.136	fixation	n/a	256.7	97.9	1155.0	n/a	n/a	n/a	n/a
42.763	0.03	saccade	n/a	259.7	100.8	n/a	151.9	95.9	4.26	242.0
42.795	0.242	fixation	n/a	165.0	98.4	1145.0	n/a	n/a	n/a	n/a
43.039	0.036	saccade	n/a	165.0	101.7	n/a	307.9	98.6	5.67	288.0
43.077	0.242	fixation	n/a	309.4	96.8	1152.0	n/a	n/a	n/a	n/a
43.321	0.024	saccade	n/a	312.4	96.5	n/a	248.1	96.3	2.57	162.0
43.347	0.128	fixation	n/a	253.1	95.4	1159.0	n/a	n/a	n/a	n/a
43.477	0.082	saccade	n/a	254.2	97.7	n/a	270.9	84.6	0.85	249.0
43.561	0.048	fixation	n/a	279.6	95.7	1173.0	n/a	n/a	n/a	n/a
43.611	0.136	saccade	n/a	279.6	93.4	n/a	384.2	80.1	4.24	519.0
43.749	0.196	fixation	n/a	389.6	96.4	1173.0	n/a	n/a	n/a	n/a
43.947	0.024	saccade	n/a	388.8	98.2	n/a	455.6	95.6	2.69	177.0
43.973	0.214	fixation	n/a	457.4	97.5	1144.0	n/a	n/a	n/a	n/a
44.189	0.022	saccade	n/a	457.2	97.2	n/a	514.4	95.4	2.29	148.0
44.213	0.24	fixation	n/a	526.0	98.6	1120.0	n/a	n/a	n/a	n/a
44.455	0.012	saccade	n/a	529.5	99.9	n/a	550.5	101.5	0.84	77.0
44.469	0.154	fixation	n/a	557.2	102.8	1125.0	n/a	n/a	n/a	n/a
44.625	0.048	saccade	n/a	557.3	100.8	n/a	212.5	158.1	13.88	448.0
44.675	0.146	fixation	n/a	224.7	156.8	1163.0	n/a	n/a	n/a	n/a
44.823	0.024	saccade	n/a	226.9	158.5	n/a	161.2	162.3	2.6	180.0
44.849	0.314	fixation	n/a	170.8	165.1	1201.0	n/a	n/a	n/a	n/a
45.165	0.032	saccade	n/a	172.1	164.3	n/a	286.0	161.1	4.51	213.0
45.199	0.172	fixation	n/a	284.4	161.0	1213.0	n/a	n/a	n/a	n/a
45.373	0.032	saccade	n/a	284.9	164.1	n/a	387.2	156.1	4.12	224.0
45.407	0.236	fixation	n/a	384.2	156.5	1224.0	n/a	n/a	n/a	n/a
45.645	0.02	saccade	n/a	386.2	159.6	n/a	445.7	158.6	2.39	171.0
45.667	0.166	fixation	n/a	448.1	158.6	1234.0	n/a	n/a	n/a	n/a
45.835	0.042	saccade	n/a	447.6	159.3	n/a	235.0	91.4	8.94	374.0
45.879	0.138	fixation	n/a	244.1	93.8	1214.0	n/a	n/a	n/a	n/a
46.019	0.022	saccade	n/a	242.3	93.1	n/a	173.3	92.9	2.73	198.0
46.043	0.292	fixation	n/a	176.1	97.1	1210.0	n/a	n/a	n/a	n/a
46.337	0.032	saccade	n/a	175.9	97.5	n/a	289.6	94.4	4.51	205.0
46.371	0.182	fixation	n/a	288.8	94.8	1233.0	n/a	n/a	n/a	n/a
46.555	0.024	saccade	n/a	289.4	94.2	n/a	217.9	96.0	2.85	187.0
46.581	0.072	fixation	n/a	220.5	97.1	1241.0	n/a	n/a	n/a	n/a
46.655	0.024	saccade	n/a	221.5	97.2	n/a	162.2	97.1	2.34	169.0
46.681	0.28	fixation	n/a	173.2	98.4	1243.0	n/a	n/a	n/a	n/a
46.963	0.024	saccade	n/a	173.9	100.1	n/a	272.4	93.2	3.92	240.0
46.989	0.25	fixation	n/a	284.3	93.4	1238.0	n/a	n/a	n/a	n/a
47.241	0.028	saccade	n/a	287.4	97.1	n/a	378.6	95.2	3.66	207.0
47.271	0.21	fixation	n/a	378.1	93.5	1241.0	n/a	n/a	n/a	n/a
47.483	0.026	saccade	n/a	377.3	96.6	n/a	477.8	100.3	4.05	247.0
47.511	0.196	fixation	n/a	478.4	99.1	1229.0	n/a	n/a	n/a	n/a
47.709	0.032	saccade	n/a	478.4	99.5	n/a	566.4	100.5	3.51	178.0
47.743	0.124	fixation	n/a	563.9	102.5	1204.0	n/a	n/a	n/a	n/a
47.869	0.046	saccade	n/a	565.3	104.8	n/a	236.8	157.8	13.21	469.0
47.917	0.108	fixation	n/a	247.8	157.5	1224.0	n/a	n/a	n/a	n/a
48.027	0.022	saccade	n/a	246.8	155.1	n/a	178.2	164.6	2.74	198.0
48.051	0.288	fixation	n/a	177.1	167.7	1202.0	n/a	n/a	n/a	n/a
48.341	0.01	saccade	n/a	175.1	169.7	n/a	154.1	169.9	0.82	88.0
48.353	0.144	fixation	n/a	155.4	167.4	1184.0	n/a	n/a	n/a	n/a
48.499	0.032	saccade	n/a	154.3	168.0	n/a	266.5	165.9	4.43	208.0
48.533	0.15	fixation	n/a	265.3	166.0	1180.0	n/a	n/a	n/a	n/a
48.685	0.016	saccade	n/a	266.0	166.3	n/a	234.0	167.4	1.27	108.0
48.703	0.166	fixation	n/a	232.3	166.8	1195.0	n/a	n/a	n/a	n/a
48.871	0.038	saccade	n/a	229.5	166.4	n/a	409.0	161.5	7.18	320.0
48.911	0.166	fixation	n/a	404.4	161.6	1208.0	n/a	n/a	n/a	n/a
49.079	0.018	saccade	n/a	403.4	162.2	n/a	363.0	162.6	1.63	137.0
49.099	0.22	fixation	n/a	369.9	161.7	1206.0	n/a	n/a	n/a	n/a
49.321	0.016	saccade	n/a	369.8	160.9	n/a	335.4	165.8	1.4	119.0
49.339	0.348	fixation	n/a	331.6	166.2	1192.0	n/a	n/a	n/a	n/a
49.689	0.036	saccade	n/a	331.2	167.7	n/a	484.0	164.2	6.14	259.0
49.727	0.314	fixation	n/a	478.3	161.7	1181.0	n/a	n/a	n/a	n/a
50.043	0.03	saccade	n/a	477.0	161.6	n/a	404.7	98.6	3.88	224.0
50.075	0.164	fixation	n/a	410.9	104.6	1175.0	n/a	n/a	n/a	n/a
50.241	0.038	saccade	n/a	409.7	102.8	n/a	219.5	91.1	7.62	347.0
50.281	0.174	fixation	n/a	228.6	96.3	1157.0	n/a	n/a	n/a	n/a
50.457	0.022	saccade	n/a	232.6	100.5	n/a	166.9	100.3	2.59	187.0
50.481	0.294	fixation	n/a	175.8	103.3	1182.0	n/a	n/a	n/a	n/a
50.777	0.032	saccade	n/a	178.7	105.8	n/a	298.0	94.9	4.76	251.0
50.811	0.114	fixation	n/a	298.6	95.3	1192.0	n/a	n/a	n/a	n/a
50.927	0.028	saccade	n/a	299.1	92.9	n/a	187.8	96.6	4.43	286.0
50.957	0.154	fixation	n/a	192.6	96.0	1193.0	n/a	n/a	n/a	n/a
51.113	0.02	saccade	n/a	190.8	94.4	n/a	149.1	95.3	1.64	148.0
51.135	0.46	fixation	n/a	157.6	100.5	1217.0	n/a	n/a	n/a	n/a
51.597	0.02	saccade	n/a	159.6	103.6	n/a	216.2	90.0	2.3	164.0
51.619	0.292	fixation	n/a	214.7	91.4	1236.0	n/a	n/a	n/a	n/a
51.728	0.0	trigger_11	11	n/a	n/a	n/a	n/a	n/a	n/a	n/a
51.732	0.0	trigger_10	10	n/a	n/a	n/a	n/a	n/a	n/a	n/a
51.913	0.02	saccade	n/a	215.0	91.7	n/a	171.7	96.9	1.72	135.0
51.935	0.222	fixation	n/a	179.2	96.0	1298.0	n/a	n/a	n/a	n/a
52.159	0.026	saccade	n/a	176.5	94.5	n/a	245.2	94.1	2.72	166.0
52.187	0.174	fixation	n/a	241.7	94.7	1326.0	n/a	n/a	n/a	n/a
52.363	0.028	saccade	n/a	244.6	96.2	n/a	169.1	99.9	2.99	176.0
52.393	0.308	fixation	n/a	181.0	102.1	1297.0	n/a	n/a	n/a	n/a
52.703	0.014	saccade	n/a	181.5	110.7	n/a	158.8	88.9	1.25	113.0
52.719	0.304	fixation	n/a	170.1	101.8	1290.0	n/a	n/a	n/a	n/a
53.025	0.016	saccade	n/a	169.4	103.6	n/a	212.6	101.1	1.71	120.0
53.043	0.13	fixation	n/a	214.2	101.1	1301.0	n/a	n/a	n/a	n/a
53.175	0.03	saccade	n/a	214.4	102.2	n/a	331.1	101.2	4.66	258.0
53.207	0.184	fixation	n/a	327.9	101.7	1278.0	n/a	n/a	n/a	n/a
53.393	0.022	saccade	n/a	330.4	105.5	n/a	395.2	98.3	2.62	193.0
53.417	0.244	fixation	n/a	401.7	102.8	1261.0	n/a	n/a	n/a	n/a
53.663	0.034	saccade	n/a	401.9	101.0	n/a	549.0	106.3	5.9	272.0
53.699	0.282	fixation	n/a	545.8	106.4	1203.0	n/a	n/a	n/a	n/a
53.983	0.028	saccade	n/a	542.4	108.2	n/a	613.5	105.9	2.82	132.0
54.013	0.156	fixation	n/a	611.0	105.8	1181.0	n/a	n/a	n/a	n/a
54.171	0.054	saccade	n/a	609.8	106.6	n/a	197.0	166.6	16.46	516.0
54.227	0.16	fixation	n/a	204.9	166.1	1210.0	n/a	n/a	n/a	n/a
54.389	0.022	saccade	n/a	206.7	168.6	n/a	160.3	170.6	1.83	141.0
54.413	0.31	fixation	n/a	169.5	170.5	1210.0	n/a	n/a	n/a	n/a
54.725	0.022	saccade	n/a	169.8	173.3	n/a	242.6	164.0	2.9	206.0
54.749	0.188	fixation	n/a	255.0	166.0	1209.0	n/a	n/a	n/a	n/a
54.939	0.028	saccade	n/a	258.1	167.8	n/a	163.8	170.8	3.73	213.0
54.969	0.21	fixation	n/a	169.4	172.2	1225.0	n/a	n/a	n/a	n/a
55.181	0.012	saccade	n/a	169.3	169.6	n/a	151.5	170.9	0.7	62.0
55.195	0.19	fixation	n/a	152.6	170.8	1230.0	n/a	n/a	n/a	n/a
55.387	0.034	saccade	n/a	152.7	172.4	n/a	265.2	167.3	4.44	199.0
55.423	0.26	fixation	n/a	263.6	164.3	1253.0	n/a	n/a	n/a	n/a
55.685	0.034	saccade	n/a	264.0	164.5	n/a	414.7	160.2	6.04	269.0
55.721	0.19	fixation	n/a	408.9	157.7	1272.0	n/a	n/a	n/a	n/a
55.913	0.034	saccade	n/a	409.6	162.8	n/a	541.2	162.2	5.27	248.0
55.949	0.128	fixation	n/a	535.9	162.6	1239.0	n/a	n/a	n/a	n/a
56.079	0.026	saccade	n/a	537.2	163.3	n/a	463.4	165.3	2.95	181.0
56.107	0.162	fixation	n/a	467.8	163.6	1218.0	n/a	n/a	n/a	n/a
56.271	0.026	saccade	n/a	466.6	162.7	n/a	387.1	161.2	3.2	217.0
56.299	0.282	fixation	n/a	391.3	163.6	1196.0	n/a	n/a	n/a	n/a
56.583	0.038	saccade	n/a	389.0	165.0	n/a	576.8	160.9	7.51	330.0
56.623	0.28	fixation	n/a	575.7	164.8	1175.0	n/a	n/a	n/a	n/a
56.905	0.018	saccade	n/a	575.1	167.2	n/a	535.8	168.6	1.56	116.0
56.925	0.208	fixation	n/a	539.0	166.9	1183.0	n/a	n/a	n/a	n/a
57.135	0.122	saccade	n/a	537.1	167.0	n/a	230.3	104.2	12.46	486.0
57.259	0.032	fixation	n/a	235.5	92.5	1165.0	n/a	n/a	n/a	n/a
57.293	0.15	saccade	n/a	239.1	94.1	n/a	176.5	88.5	2.49	616.0
57.341	0.038	blink	n/a	n/a	n/a	n/a	n/a	n/a	n/a	n/a
57.445	0.226	fixation	n/a	181.6	105.9	1171.0	n/a	n/a	n/a	n/a
57.673	0.032	saccade	n/a	179.9	107.0	n/a	296.6	99.8	4.65	238.0
57.707	0.448	fixation	n/a	303.1	103.6	1156.0	n/a	n/a	n/a	n/a
57.976	0.0	trigger_11	11	n/a	n/a	n/a	n/a	n/a	n/a	n/a
57.98	0.0	trigger_10	10	n/a	n/a	n/a	n/a	n/a	n/a	n/a
58.157	0.03	saccade	n/a	306.0	106.3	n/a	185.0	101.3	4.82	302.0
58.189	0.168	fixation	n/a	195.8	105.6	1146.0	n/a	n/a	n/a	n/a
58.359	0.014	saccade	n/a	196.6	106.1	n/a	168.8	103.0	1.1	98.0
58.375	0.136	fixation	n/a	173.2	104.2	1172.0	n/a	n/a	n/a	n/a
58.513	0.034	saccade	n/a	171.9	101.5	n/a	290.0	96.4	4.69	233.0
58.549	0.16	fixation	n/a	292.5	96.9	1221.0	n/a	n/a	n/a	n/a
58.711	0.032	saccade	n/a	292.4	96.6	n/a	389.7	94.0	3.91	196.0
58.745	0.164	fixation	n/a	388.3	94.7	1223.0	n/a	n/a	n/a	n/a
58.911	0.032	saccade	n/a	389.3	95.4	n/a	512.9	99.1	4.97	268.0
58.945	0.24	fixation	n/a	513.1	102.0	1213.0	n/a	n/a	n/a	n/a
59.187	0.014	saccade	n/a	513.4	103.9	n/a	485.3	103.2	1.13	97.0
59.203	0.226	fixation	n/a	486.3	103.3	1220.0	n/a	n/a	n/a	n/a
59.431	0.014	saccade	n/a	485.6	103.6	n/a	462.2	101.7	0.94	78.0
59.447	0.154	fixation	n/a	467.6	103.5	1221.0	n/a	n/a	n/a	n/a
59.603	0.044	saccade	n/a	466.1	101.3	n/a	158.0	152.9	12.4	442.0
59.649	0.236	fixation	n/a	169.1	152.3	1250.0	n/a	n/a	n/a	n/a
59.887	0.048	saccade	n/a	167.2	152.9	n/a	512.7	101.4	13.84	442.0
59.937	0.284	fixation	n/a	514.6	100.8	1228.0	n/a	n/a	n/a	n/a
60.223	0.02	saccade	n/a	516.0	102.6	n/a	565.7	103.2	1.98	144.0
60.245	0.34	fixation	n/a	564.5	103.4	1163.0	n/a	n/a	n/a	n/a
60.587	0.024	saccade	n/a	567.8	105.5	n/a	495.8	99.4	2.88	205.0
60.613	0.182	fixation	n/a	494.3	103.3	1151.0	n/a	n/a	n/a	n/a
60.797	0.02	saccade	n/a	493.1	105.5	n/a	439.7	102.2	2.15	174.0
60.819	0.208	fixation	n/a	440.0	101.8	1172.0	n/a	n/a	n/a	n/a
61.029	0.042	saccade	n/a	437.7	101.7	n/a	175.3	174.7	10.85	453.0
61.073	0.222	fixation	n/a	177.9	170.5	1241.0	n/a	n/a	n/a	n/a
61.297	0.026	saccade	n/a	177.3	170.3	n/a	170.4	77.2	3.76	264.0
61.325	0.32	fixation	n/a	173.0	90.9	1233.0	n/a	n/a	n/a	n/a
61.392	0.0	trigger_11	11	n/a	n/a	n/a	n/a	n/a	n/a	n/a
61.4	0.0	trigger_10	10	n/a	n/a	n/a	n/a	n/a	n/a	n/a
61.647	0.026	saccade	n/a	172.0	94.4	n/a	252.5	95.9	3.19	204.0
61.675	0.202	fixation	n/a	246.9	95.1	1230.0	n/a	n/a	n/a	n/a
61.879	0.024	saccade	n/a	247.4	93.8	n/a	183.3	97.5	2.54	168.0
61.905	0.136	fixation	n/a	188.7	98.0	1273.0	n/a	n/a	n/a	n/a
62.043	0.054	saccade	n/a	190.9	101.4	n/a	289.6	100.2	3.92	255.0
62.099	0.202	fixation	n/a	302.0	100.0	1245.0	n/a	n/a	n/a	n/a
62.303	0.026	saccade	n/a	300.1	102.8	n/a	381.0	98.6	3.26	189.0
62.331	0.086	fixation	n/a	382.1	98.5	1230.0	n/a	n/a	n/a	n/a
62.419	0.138	saccade	n/a	385.4	98.1	n/a	376.4	99.0	0.36	550.0
62.461	0.038	blink	n/a	n/a	n/a	n/a	n/a	n/a	n/a	n/a
62.559	0.148	fixation	n/a	377.7	101.4	1219.0	n/a	n/a	n/a	n/a
62.709	0.024	saccade	n/a	377.1	102.3	n/a	304.8	109.1	2.92	210.0
62.735	0.222	fixation	n/a	305.6	107.2	1199.0	n/a	n/a	n/a	n/a
62.959	0.012	saccade	n/a	303.3	110.3	n/a	279.3	107.1	0.97	92.0
62.973	0.086	fixation	n/a	280.7	106.2	1149.0	n/a	n/a	n/a	n/a
63.061	0.036	saccade	n/a	281.0	105.9	n/a	436.0	100.0	6.23	281.0
63.099	0.238	fixation	n/a	434.4	101.0	1115.0	n/a	n/a	n/a	n/a
63.339	0.016	saccade	n/a	435.1	100.3	n/a	402.6	99.0	1.31	110.0
63.357	0.174	fixation	n/a	405.6	99.2	1117.0	n/a	n/a	n/a	n/a
63.533	0.02	saccade	n/a	404.3	98.6	n/a	461.1	98.5	2.29	164.0
63.555	0.142	fixation	n/a	468.9	102.6	1112.0	n/a	n/a	n/a	n/a
63.699	0.028	saccade	n/a	469.0	104.2	n/a	563.3	104.8	3.77	234.0
63.729	0.222	fixation	n/a	564.3	104.6	1120.0	n/a	n/a	n/a	n/a
63.953	0.02	saccade	n/a	564.9	104.7	n/a	621.0	105.1	2.22	155.0
63.975	0.154	fixation	n/a	625.4	106.7	1132.0	n/a	n/a	n/a	n/a
64.131	0.064	saccade	n/a	627.1	105.6	n/a	212.4	146.0	16.41	543.0
64.197	0.104	fixation	n/a	206.3	148.8	1197.0	n/a	n/a	n/a	n/a
64.303	0.022	saccade	n/a	206.4	149.1	n/a	146.7	155.7	2.36	178.0
64.327	0.156	fixation	n/a	154.5	159.6	1192.0	n/a	n/a	n/a	n/a
64.485	0.032	saccade	n/a	153.1	162.6	n/a	278.2	160.4	4.95	266.0
64.519	0.25	fixation	n/a	274.4	158.9	1200.0	n/a	n/a	n/a	n/a
64.771	0.04	saccade	n/a	273.9	158.0	n/a	423.3	158.7	6.0	254.0
64.813	0.182	fixation	n/a	423.4	159.3	1195.0	n/a	n/a	n/a	n/a
64.997	0.014	saccade	n/a	422.3	160.1	n/a	399.1	160.8	0.94	83.0
65.013	0.094	fixation	n/a	405.7	161.1	1194.0	n/a	n/a	n/a	n/a
65.109	0.036	saccade	n/a	404.9	161.1	n/a	566.0	161.3	6.44	311.0
65.147	0.24	fixation	n/a	567.7	161.4	1173.0	n/a	n/a	n/a	n/a
65.389	0.02	saccade	n/a	570.7	162.6	n/a	615.7	163.6	1.78	137.0
65.411	0.246	fixation	n/a	617.8	167.2	1162.0	n/a	n/a	n/a	n/a
65.659	0.06	saccade	n/a	619.6	167.2	n/a	237.3	232.3	15.34	508.0
65.721	0.114	fixation	n/a	234.2	236.1	1223.0	n/a	n/a	n/a	n/a
65.837	0.024	saccade	n/a	233.7	235.7	n/a	152.5	224.4	3.22	237.0
65.863	0.246	fixation	n/a	162.4	230.1	1231.0	n/a	n/a	n/a	n/a
66.111	0.03	saccade	n/a	161.0	233.4	n/a	272.4	222.3	4.42	256.0
66.143	0.34	fixation	n/a	271.0	223.1	1210.0	n/a	n/a	n/a	n/a
66.485	0.204	saccade	n/a	275.3	229.7	n/a	280.0	95.0	5.48	549.0
66.539	0.09	blink	n/a	n/a	n/a	n/a	n/a	n/a	n/a	n/a
66.691	0.116	fixation	n/a	283.3	113.8	1192.0	n/a	n/a	n/a	n/a
66.809	0.028	saccade	n/a	286.1	113.9	n/a	182.2	100.2	4.16	277.0
66.839	0.256	fixation	n/a	193.7	104.8	1205.0	n/a	n/a	n/a	n/a
67.097	0.216	saccade	n/a	196.1	108.0	n/a	256.2	94.1	2.45	681.0
67.137	0.102	blink	n/a	n/a	n/a	n/a	n/a	n/a	n/a	n/a
67.315	0.144	fixation	n/a	258.5	115.5	1217.0	n/a	n/a	n/a	n/a
67.461	0.032	saccade	n/a	256.7	114.5	n/a	360.9	106.1	4.19	194.0
67.495	0.392	fixation	n/a	354.4	109.0	1167.0	n/a	n/a	n/a	n/a
67.889	0.04	saccade	n/a	353.7	114.0	n/a	554.7	114.1	8.06	328.0
67.931	0.272	fixation	n/a	554.6	114.8	1140.0	n/a	n/a	n/a	n/a
68.205	0.132	saccade	n/a	552.5	119.4	n/a	496.5	113.5	2.25	620.0
68.241	0.046	blink	n/a	n/a	n/a	n/a	n/a	n/a	n/a	n/a
68.328	0.0	trigger_11	11	n/a	n/a	n/a	n/a	n/a	n/a	n/a
68.336	0.0	trigger_10	10	n/a	n/a	n/a	n/a	n/a	n/a	n/a
68.339	0.172	fixation	n/a	500.2	119.1	1175.0	n/a	n/a	n/a	n/a
68.513	0.05	saccade	n/a	504.3	122.4	n/a	242.2	99.7	10.5	515.0
68.565	0.112	fixation	n/a	237.7	101.0	1218.0	n/a	n/a	n/a	n/a
68.679	0.024	saccade	n/a	237.7	98.9	n/a	168.0	105.4	2.77	196.0
68.705	0.312	fixation	n/a	177.2	107.4	1244.0	n/a	n/a	n/a	n/a
69.019	0.034	saccade	n/a	177.3	106.9	n/a	280.5	103.7	4.1	225.0
69.055	0.18	fixation	n/a	280.0	104.7	1270.0	n/a	n/a	n/a	n/a
69.237	0.27	saccade	n/a	280.9	106.4	n/a	182.5	113.5	3.92	574.0
69.421	0.012	blink	n/a	n/a	n/a	n/a	n/a	n/a	n/a	n/a
69.509	0.214	fixation	n/a	186.4	109.3	1252.0	n/a	n/a	n/a	n/a
69.725	0.034	saccade	n/a	185.3	111.4	n/a	318.6	99.2	5.32	276.0
69.761	0.198	fixation	n/a	317.2	98.5	1222.0	n/a	n/a	n/a	n/a
69.961	0.022	saccade	n/a	314.6	98.5	n/a	370.9	97.9	2.27	164.0
69.985	0.296	fixation	n/a	369.0	101.8	1197.0	n/a	n/a	n/a	n/a
70.283	0.032	saccade	n/a	370.7	105.8	n/a	465.8	106.3	3.83	172.0
70.317	0.226	fixation	n/a	463.1	102.6	1177.0	n/a	n/a	n/a	n/a
70.545	0.026	saccade	n/a	464.4	101.7	n/a	386.7	96.7	3.13	198.0
70.573	0.2	fixation	n/a	396.4	100.1	1184.0	n/a	n/a	n/a	n/a
70.775	0.032	saccade	n/a	394.4	101.3	n/a	505.6	107.2	4.47	241.0
70.809	0.226	fixation	n/a	501.2	107.1	1207.0	n/a	n/a	n/a	n/a
71.037	0.028	saccade	n/a	501.6	108.6	n/a	581.1	107.7	3.17	197.0
71.067	0.322	fixation	n/a	581.6	107.6	1214.0	n/a	n/a	n/a	n/a
71.391	0.016	saccade	n/a	582.1	105.5	n/a	619.6	104.3	1.48	117.0
71.409	0.29	fixation	n/a	624.4	105.6	1221.0	n/a	n/a	n/a	n/a
71.701	0.056	saccade	n/a	624.4	103.2	n/a	232.0	150.9	15.63	463.0
71.759	0.108	fixation	n/a	242.6	151.1	1278.0	n/a	n/a	n/a	n/a
71.869	0.026	saccade	n/a	242.5	150.8	n/a	161.3	160.3	3.23	213.0
71.897	0.264	fixation	n/a	170.3	165.0	1291.0	n/a	n/a	n/a	n/a
72.163	0.024	saccade	n/a	171.0	166.4	n/a	253.8	161.3	3.28	208.0
72.189	0.208	fixation	n/a	271.3	160.9	1274.0	n/a	n/a	n/a	n/a
72.399	0.028	saccade	n/a	273.4	163.7	n/a	180.3	167.3	3.7	230.0
72.429	0.228	fixation	n/a	190.2	167.5	1255.0	n/a	n/a	n/a	n/a
72.659	0.028	saccade	n/a	187.5	165.0	n/a	290.4	159.2	4.09	217.0
72.689	0.23	fixation	n/a	300.8	161.3	1241.0	n/a	n/a	n/a	n/a
72.921	0.02	saccade	n/a	299.5	161.3	n/a	358.1	159.8	2.35	173.0
72.943	0.304	fixation	n/a	367.1	161.4	1230.0	n/a	n/a	n/a	n/a
73.249	0.026	saccade	n/a	367.1	163.1	n/a	435.4	158.4	2.76	152.0
73.277	0.242	fixation	n/a	439.4	160.2	1189.0	n/a	n/a	n/a	n/a
73.521	0.018	saccade	n/a	440.9	160.6	n/a	485.9	157.6	1.81	138.0
73.541	0.246	fixation	n/a	492.2	161.6	1145.0	n/a	n/a	n/a	n/a
73.789	0.016	saccade	n/a	492.4	165.0	n/a	532.7	166.0	1.61	118.0
73.807	0.136	fixation	n/a	536.3	164.4	1131.0	n/a	n/a	n/a	n/a
73.945	0.05	saccade	n/a	537.1	163.5	n/a	220.9	229.9	12.83	454.0
73.997	0.128	fixation	n/a	230.2	231.9	1157.0	n/a	n/a	n/a	n/a
74.127	0.02	saccade	n/a	229.5	233.2	n/a	173.0	231.8	2.23	168.0
74.149	0.216	fixation	n/a	174.7	231.7	1144.0	n/a	n/a	n/a	n/a
74.367	0.03	saccade	n/a	177.1	233.8	n/a	285.8	227.3	4.3	227.0
74.399	0.22	fixation	n/a	289.6	227.3	1111.0	n/a	n/a	n/a	n/a
74.621	0.034	saccade	n/a	292.6	230.5	n/a	410.5	225.1	4.73	249.0
74.657	0.472	fixation	n/a	411.0	225.4	1087.0	n/a	n/a	n/a	n/a
75.131	0.038	saccade	n/a	411.4	228.1	n/a	261.2	101.0	7.93	385.0
75.171	0.366	fixation	n/a	267.6	105.3	1079.0	n/a	n/a	n/a	n/a
75.539	0.032	saccade	n/a	267.7	108.3	n/a	389.6	103.5	4.9	252.0
75.573	0.304	fixation	n/a	389.7	102.9	1123.0	n/a	n/a	n/a	n/a
75.879	0.012	saccade	n/a	388.5	101.2	n/a	363.2	101.4	1.02	91.0
75.893	0.132	fixation	n/a	364.4	104.9	1133.0	n/a	n/a	n/a	n/a
76.027	0.032	saccade	n/a	364.6	109.5	n/a	486.8	105.5	4.92	215.0
76.061	0.304	fixation	n/a	513.8	105.1	1147.0	n/a	n/a	n/a	n/a
76.367	0.026	saccade	n/a	513.5	107.1	n/a	588.0	106.1	2.96	164.0
76.395	0.166	fixation	n/a	585.5	109.2	1131.0	n/a	n/a	n/a	n/a
76.563	0.02	saccade	n/a	584.9	111.5	n/a	629.6	108.3	1.77	135.0
76.585	0.186	fixation	n/a	633.3	111.0	1119.0	n/a	n/a	n/a	n/a
76.773	0.056	saccade	n/a	633.0	113.1	n/a	219.6	152.9	16.39	488.0
76.831	0.116	fixation	n/a	229.0	152.3	1174.0	n/a	n/a	n/a	n/a
76.949	0.024	saccade	n/a	228.2	151.0	n/a	154.4	162.3	2.94	203.0
76.975	0.288	fixation	n/a	163.6	166.0	1181.0	n/a	n/a	n/a	n/a
77.265	0.038	saccade	n/a	161.4	164.7	n/a	335.4	160.0	6.91	308.0
77.305	0.288	fixation	n/a	337.1	158.9	1208.0	n/a	n/a	n/a	n/a
77.595	0.008	saccade	n/a	334.8	158.4	n/a	322.5	163.0	0.53	65.0
77.605	0.208	fixation	n/a	321.8	164.3	1204.0	n/a	n/a	n/a	n/a
77.815	0.018	saccade	n/a	320.7	165.5	n/a	280.9	168.5	1.6	133.0
77.835	0.272	fixation	n/a	288.3	171.4	1198.0	n/a	n/a	n/a	n/a
78.109	0.024	saccade	n/a	286.7	172.1	n/a	361.8	162.8	3.03	196.0
78.135	0.15	fixation	n/a	358.7	163.0	1204.0	n/a	n/a	n/a	n/a
78.287	0.022	saccade	n/a	359.8	166.1	n/a	310.2	170.4	2.0	132.0
78.311	0.322	fixation	n/a	318.4	175.1	1215.0	n/a	n/a	n/a	n/a
78.635	0.022	saccade	n/a	317.1	175.7	n/a	382.8	164.9	2.68	181.0
78.659	0.128	fixation	n/a	382.4	166.7	1199.0	n/a	n/a	n/a	n/a
78.789	0.054	saccade	n/a	382.1	164.6	n/a	392.7	176.0	0.63	168.0
78.845	0.11	fixation	n/a	401.2	163.0	1191.0	n/a	n/a	n/a	n/a
78.957	0.148	saccade	n/a	401.0	161.9	n/a	367.3	168.5	1.38	428.0
79.013	0.02	blink	n/a	n/a	n/a	n/a	n/a	n/a	n/a	n/a
79.107	0.106	fixation	n/a	372.0	172.9	1195.0	n/a	n/a	n/a	n/a
79.215	0.18	saccade	n/a	371.4	168.9	n/a	408.5	167.3	1.5	615.0
79.261	0.07	blink	n/a	n/a	n/a	n/a	n/a	n/a	n/a	n/a
79.397	0.194	fixation	n/a	412.8	179.7	1173.0	n/a	n/a	n/a	n/a
79.593	0.014	saccade	n/a	411.2	182.4	n/a	383.5	184.7	1.12	97.0
79.609	0.268	fixation	n/a	383.6	181.8	1132.0	n/a	n/a	n/a	n/a
79.879	0.02	saccade	n/a	383.9	181.2	n/a	443.8	168.7	2.46	181.0
79.901	0.308	fixation	n/a	449.8	168.0	1078.0	n/a	n/a	n/a	n/a
80.211	0.024	saccade	n/a	447.9	165.8	n/a	516.1	160.9	2.74	174.0
80.237	0.144	fixation	n/a	517.9	163.8	1095.0	n/a	n/a	n/a	n/a
80.383	0.044	saccade	n/a	518.6	162.6	n/a	233.7	228.3	11.66	444.0
80.429	0.204	fixation	n/a	245.5	228.4	1143.0	n/a	n/a	n/a	n/a
80.635	0.022	saccade	n/a	245.9	225.9	n/a	182.7	229.1	2.5	187.0
80.659	0.102	fixation	n/a	190.3	229.2	1162.0	n/a	n/a	n/a	n/a
80.763	0.042	saccade	n/a	189.0	228.1	n/a	186.9	107.3	4.87	353.0
80.807	0.144	fixation	n/a	188.0	99.8	1145.0	n/a	n/a	n/a	n/a
80.953	0.03	saccade	n/a	187.8	100.1	n/a	306.7	98.0	4.73	270.0
80.985	0.178	fixation	n/a	312.4	98.2	1164.0	n/a	n/a	n/a	n/a
81.165	0.028	saccade	n/a	313.1	99.6	n/a	389.7	96.3	3.09	172.0
81.195	0.184	fixation	n/a	386.1	96.1	1213.0	n/a	n/a	n/a	n/a
81.381	0.028	saccade	n/a	386.3	95.9	n/a	274.1	102.0	4.51	270.0
81.411	0.258	fixation	n/a	277.9	101.4	1268.0	n/a	n/a	n/a	n/a
81.671	0.194	saccade	n/a	277.3	100.9	n/a	268.1	98.0	0.39	464.0
81.761	0.034	blink	n/a	n/a	n/a	n/a	n/a	n/a	n/a	n/a
81.867	0.062	fixation	n/a	272.3	97.5	1266.0	n/a	n/a	n/a	n/a
81.931	0.162	saccade	n/a	274.1	102.1	n/a	180.1	93.7	3.75	522.0
81.991	0.036	blink	n/a	n/a	n/a	n/a	n/a	n/a	n/a	n/a
82.095	0.244	fixation	n/a	184.3	102.8	1241.0	n/a	n/a	n/a	n/a
82.341	0.028	saccade	n/a	182.0	105.2	n/a	274.7	106.0	3.68	212.0
82.371	0.156	fixation	n/a	272.3	103.2	1213.0	n/a	n/a	n/a	n/a
82.529	0.014	saccade	n/a	272.3	101.9	n/a	245.2	105.2	1.09	90.0
82.545	0.312	fixation	n/a	254.3	107.1	1222.0	n/a	n/a	n/a	n/a
82.859	0.036	saccade	n/a	257.6	110.3	n/a	378.4	97.7	4.87	184.0
82.897	0.214	fixation	n/a	374.9	98.2	1234.0	n/a	n/a	n/a	n/a
83.113	0.194	saccade	n/a	378.9	100.1	n/a	389.2	93.8	0.49	1240.0
83.141	0.108	blink	n/a	n/a	n/a	n/a	n/a	n/a	n/a	n/a
83.309	0.122	fixation	n/a	391.5	103.0	1234.0	n/a	n/a	n/a	n/a
83.433	0.018	saccade	n/a	392.5	115.0	n/a	350.3	118.6	1.71	151.0
83.453	0.174	fixation	n/a	349.4	113.4	1225.0	n/a	n/a	n/a	n/a
83.629	0.03	saccade	n/a	348.3	113.8	n/a	226.1	111.4	4.89	296.0
83.661	0.33	fixation	n/a	233.3	115.3	1166.0	n/a	n/a	n/a	n/a
83.993	0.036	saccade	n/a	234.6	116.9	n/a	343.1	111.5	4.35	223.0
84.031	0.138	fixation	n/a	341.4	106.9	1189.0	n/a	n/a	n/a	n/a
84.171	0.028	saccade	n/a	342.3	107.1	n/a	458.0	107.5	4.65	302.0
84.201	0.17	fixation	n/a	461.2	106.0	1190.0	n/a	n/a	n/a	n/a
84.373	0.026	saccade	n/a	461.4	105.4	n/a	542.5	107.0	3.24	206.0
84.401	0.226	fixation	n/a	542.7	107.6	1190.0	n/a	n/a	n/a	n/a
84.629	0.02	saccade	n/a	542.8	108.3	n/a	598.8	111.3	2.23	149.0
84.651	0.288	fixation	n/a	607.3	111.4	1185.0	n/a	n/a	n/a	n/a
84.941	0.018	saccade	n/a	607.7	111.2	n/a	647.4	110.7	1.56	101.0
84.961	0.08	fixation	n/a	647.2	113.6	1190.0	n/a	n/a	n/a	n/a
85.043	0.064	saccade	n/a	648.2	113.8	n/a	228.3	156.7	16.62	545.0
85.109	0.112	fixation	n/a	221.5	159.4	1273.0	n/a	n/a	n/a	n/a
85.223	0.022	saccade	n/a	221.4	160.5	n/a	155.7	164.6	2.59	207.0
85.247	0.206	fixation	n/a	170.7	168.4	1300.0	n/a	n/a	n/a	n/a
85.455	0.032	saccade	n/a	170.1	170.7	n/a	296.2	162.5	5.01	268.0
85.489	0.292	fixation	n/a	296.0	161.9	1291.0	n/a	n/a	n/a	n/a
85.783	0.028	saccade	n/a	298.7	163.8	n/a	207.1	85.6	4.83	346.0
85.813	0.35	fixation	n/a	220.0	95.6	1287.0	n/a	n/a	n/a	n/a
85.93	0.0	trigger_11	11	n/a	n/a	n/a	n/a	n/a	n/a	n/a
85.936	0.0	trigger_10	10	n/a	n/a	n/a	n/a	n/a	n/a	n/a
86.165	0.032	saccade	n/a	220.6	98.0	n/a	342.3	94.3	4.86	285.0
86.199	0.088	fixation	n/a	338.6	93.3	1336.0	n/a	n/a	n/a	n/a
86.289	0.044	saccade	n/a	338.4	91.0	n/a	196.6	97.6	5.66	318.0
86.335	0.334	fixation	n/a	186.5	99.9	1393.0	n/a	n/a	n/a	n/a
86.671	0.016	saccade	n/a	182.5	103.9	n/a	150.0	103.4	1.27	112.0
86.689	0.19	fixation	n/a	160.7	104.9	1372.0	n/a	n/a	n/a	n/a
86.881	0.034	saccade	n/a	160.6	106.6	n/a	290.3	104.9	5.14	257.0
86.917	0.232	fixation	n/a	289.5	106.0	1366.0	n/a	n/a	n/a	n/a
87.151	0.02	saccade	n/a	286.4	107.5	n/a	235.9	109.0	2.02	140.0
87.173	0.08	fixation	n/a	239.9	109.2	1383.0	n/a	n/a	n/a	n/a
87.255	0.044	saccade	n/a	238.3	112.9	n/a	407.8	104.1	6.8	376.0
87.301	0.218	fixation	n/a	421.8	103.0	1366.0	n/a	n/a	n/a	n/a
87.521	0.028	saccade	n/a	421.5	105.2	n/a	513.1	109.0	3.68	227.0
87.551	0.212	fixation	n/a	509.0	106.4	1339.0	n/a	n/a	n/a	n/a
87.765	0.018	saccade	n/a	510.1	107.1	n/a	560.3	107.0	2.0	149.0
87.785	0.142	fixation	n/a	560.7	108.7	1294.0	n/a	n/a	n/a	n/a
87.929	0.014	saccade	n/a	561.6	108.0	n/a	532.5	108.4	1.16	101.0
87.945	0.124	fixation	n/a	538.0	110.3	1282.0	n/a	n/a	n/a	n/a
88.071	0.016	saccade	n/a	536.0	112.2	n/a	504.6	108.7	1.26	109.0
88.089	0.2	fixation	n/a	508.3	112.5	1286.0	n/a	n/a	n/a	n/a
88.291	0.022	saccade	n/a	507.4	113.7	n/a	569.1	110.0	2.46	164.0
88.315	0.172	fixation	n/a	563.3	111.5	1281.0	n/a	n/a	n/a	n/a
88.489	0.058	saccade	n/a	563.4	110.8	n/a	215.7	168.6	14.0	497.0
88.549	0.114	fixation	n/a	207.0	173.0	1327.0	n/a	n/a	n/a	n/a
88.665	0.024	saccade	n/a	209.6	174.7	n/a	152.0	174.4	2.26	193.0
88.691	0.266	fixation	n/a	163.5	174.0	1321.0	n/a	n/a	n/a	n/a
88.959	0.032	saccade	n/a	163.3	177.0	n/a	280.0	166.3	4.64	258.0
88.993	0.162	fixation	n/a	282.2	165.8	1288.0	n/a	n/a	n/a	n/a
89.157	0.034	saccade	n/a	281.3	162.9	n/a	402.0	158.6	4.85	276.0
89.193	0.57	fixation	n/a	400.1	157.2	1234.0	n/a	n/a	n/a	n/a
89.765	0.03	saccade	n/a	397.6	154.6	n/a	305.4	115.6	4.04	238.0
89.797	0.232	fixation	n/a	310.2	116.9	1216.0	n/a	n/a	n/a	n/a
90.031	0.034	saccade	n/a	309.7	114.5	n/a	194.3	100.5	4.63	264.0
90.067	0.176	fixation	n/a	203.3	100.2	1221.0	n/a	n/a	n/a	n/a
90.245	0.02	saccade	n/a	203.4	98.7	n/a	160.1	98.6	1.7	159.0
90.266	0.0	trigger_11	11	n/a	n/a	n/a	n/a	n/a	n/a	n/a
90.267	0.232	fixation	n/a	172.6	100.5	1255.0	n/a	n/a	n/a	n/a
90.27	0.0	trigger_12	12	n/a	n/a	n/a	n/a	n/a	n/a	n/a
90.501	0.034	saccade	n/a	174.7	101.9	n/a	341.2	94.1	6.63	361.0
90.537	0.178	fixation	n/a	339.0	91.1	1289.0	n/a	n/a	n/a	n/a
90.717	0.032	saccade	n/a	339.6	93.0	n/a	440.5	92.8	4.06	203.0
90.751	0.242	fixation	n/a	440.0	92.9	1285.0	n/a	n/a	n/a	n/a
90.995	0.018	saccade	n/a	440.8	96.6	n/a	422.0	94.7	0.76	96.0
91.015	0.142	fixation	n/a	426.0	96.6	1244.0	n/a	n/a	n/a	n/a
91.159	0.032	saccade	n/a	428.9	99.7	n/a	301.7	94.6	5.12	301.0
91.193	0.362	fixation	n/a	309.6	99.5	1243.0	n/a	n/a	n/a	n/a
91.557	0.026	saccade	n/a	307.2	100.3	n/a	388.2	94.5	3.27	171.0
91.585	0.256	fixation	n/a	395.5	98.0	1268.0	n/a	n/a	n/a	n/a
91.843	0.062	saccade	n/a	393.5	99.0	n/a	486.0	110.7	3.75	267.0
91.907	0.062	fixation	n/a	489.0	101.9	1242.0	n/a	n/a	n/a	n/a
91.971	0.28	saccade	n/a	492.0	104.9	n/a	354.8	87.6	5.57	622.0
92.135	0.056	blink	n/a	n/a	n/a	n/a	n/a	n/a	n/a	n/a
92.253	0.098	fixation	n/a	359.1	101.4	1247.0	n/a	n/a	n/a	n/a
92.353	0.036	saccade	n/a	358.1	103.8	n/a	187.0	107.5	6.82	319.0
92.391	0.482	fixation	n/a	195.5	106.7	1183.0	n/a	n/a	n/a	n/a
92.626	0.0	trigger_13	13	n/a	n/a	n/a	n/a	n/a	n/a	n/a
92.875	0.054	saccade	n/a	195.4	108.1	n/a	480.6	128.4	11.39	388.0
92.931	0.11	fixation	n/a	491.7	129.9	1181.0	n/a	n/a	n/a	n/a
93.043	0.022	saccade	n/a	493.0	130.7	n/a	551.6	111.3	2.47	183.0
93.067	0.282	fixation	n/a	549.1	113.1	1192.0	n/a	n/a	n/a	n/a
93.351	0.04	saccade	n/a	549.3	113.8	n/a	340.5	97.5	8.38	410.0
93.393	0.23	fixation	n/a	348.1	98.3	1151.0	n/a	n/a	n/a	n/a
93.434	0.0	trigger_15	15	n/a	n/a	n/a	n/a	n/a	n/a	n/a
93.438	0.0	trigger_12	12	n/a	n/a	n/a	n/a	n/a	n/a	n/a
93.625	0.032	saccade	n/a	346.7	96.7	n/a	197.8	94.4	5.93	326.0
93.659	0.158	fixation	n/a	205.4	95.0	1181.0	n/a	n/a	n/a	n/a
93.819	0.018	saccade	n/a	205.1	94.9	n/a	163.1	98.5	1.66	146.0
93.839	0.256	fixation	n/a	171.6	99.2	1260.0	n/a	n/a	n/a	n/a
94.097	0.1	saccade	n/a	175.8	102.2	n/a	209.5	112.2	1.39	375.0
94.199	0.028	fixation	n/a	214.3	93.7	1288.0	n/a	n/a	n/a	n/a
94.229	0.146	saccade	n/a	216.9	91.7	n/a	217.1	92.8	0.05	488.0
94.289	0.016	blink	n/a	n/a	n/a	n/a	n/a	n/a	n/a	n/a
94.377	0.164	fixation	n/a	221.5	98.5	1295.0	n/a	n/a	n/a	n/a
94.543	0.026	saccade	n/a	221.5	102.2	n/a	154.0	98.3	2.66	194.0
94.571	0.29	fixation	n/a	166.6	100.3	1305.0	n/a	n/a	n/a	n/a
94.863	0.03	saccade	n/a	166.1	102.9	n/a	254.0	103.8	3.47	165.0
94.895	0.196	fixation	n/a	255.2	104.1	1299.0	n/a	n/a	n/a	n/a
95.093	0.022	saccade	n/a	255.5	102.2	n/a	325.6	96.1	2.81	190.0
95.117	0.214	fixation	n/a	337.6	97.4	1307.0	n/a	n/a	n/a	n/a
95.333	0.026	saccade	n/a	339.4	99.3	n/a	413.1	97.5	2.97	185.0
95.361	0.218	fixation	n/a	409.9	95.5	1288.0	n/a	n/a	n/a	n/a
95.581	0.318	saccade	n/a	415.3	97.0	n/a	279.1	99.2	5.47	530.0
95.631	0.198	blink	n/a	n/a	n/a	n/a	n/a	n/a	n/a	n/a
95.901	0.192	fixation	n/a	281.8	104.0	1259.0	n/a	n/a	n/a	n/a
96.095	0.024	saccade	n/a	278.2	104.9	n/a	197.0	99.2	3.24	237.0
96.121	0.068	fixation	n/a	200.2	104.9	1246.0	n/a	n/a	n/a	n/a
96.191	0.044	saccade	n/a	199.0	107.1	n/a	457.4	102.8	10.3	414.0
96.237	0.172	fixation	n/a	460.4	104.1	1180.0	n/a	n/a	n/a	n/a
96.386	0.0	trigger_13	13	n/a	n/a	n/a	n/a	n/a	n/a	n/a
96.411	0.042	saccade	n/a	462.6	104.0	n/a	206.7	91.9	10.21	461.0
96.455	0.362	fixation	n/a	220.6	92.9	1156.0	n/a	n/a	n/a	n/a
96.819	0.056	saccade	n/a	223.4	95.8	n/a	514.6	93.7	11.6	417.0
96.877	0.122	fixation	n/a	529.4	97.0	1204.0	n/a	n/a	n/a	n/a
97.001	0.884	saccade	n/a	533.6	101.7	n/a	332.1	154.9	8.36	534.0
97.041	0.804	blink	n/a	n/a	n/a	n/a	n/a	n/a	n/a	n/a
97.887	0.212	fixation	n/a	348.8	167.4	1338.0	n/a	n/a	n/a	n/a
98.101	0.026	saccade	n/a	353.4	168.5	n/a	371.8	99.5	2.91	216.0
98.129	0.094	fixation	n/a	374.5	112.3	1304.0	n/a	n/a	n/a	n/a
98.225	0.18	saccade	n/a	373.0	113.6	n/a	417.2	139.4	2.07	570.0
98.271	0.074	blink	n/a	n/a	n/a	n/a	n/a	n/a	n/a	n/a
98.407	0.364	fixation	n/a	422.3	142.5	1234.0	n/a	n/a	n/a	n/a
98.773	0.024	saccade	n/a	425.5	143.9	n/a	373.1	99.4	2.79	194.0
98.799	0.258	fixation	n/a	382.3	107.6	1278.0	n/a	n/a	n/a	n/a
98.882	0.0	trigger_15	15	n/a	n/a	n/a	n/a	n/a	n/a	n/a
98.888	0.0	trigger_10	10	n/a	n/a	n/a	n/a	n/a	n/a	n/a
99.059	0.034	saccade	n/a	381.6	104.8	n/a	198.7	96.4	7.31	396.0
99.095	0.176	fixation	n/a	209.0	100.3	1293.0	n/a	n/a	n/a	n/a
99.273	0.014	saccade	n/a	208.8	98.7	n/a	185.9	102.8	0.92	87.0
99.289	0.166	fixation	n/a	192.6	102.5	1311.0	n/a	n/a	n/a	n/a
99.457	0.024	saccade	n/a	191.3	101.9	n/a	279.3	92.9	3.52	247.0
99.483	0.136	fixation	n/a	287.3	96.9	1321.0	n/a	n/a	n/a	n/a
99.621	0.02	saccade	n/a	287.1	97.6	n/a	349.1	91.7	2.5	168.0
99.643	0.168	fixation	n/a	359.9	96.6	1335.0	n/a	n/a	n/a	n/a
99.813	0.03	saccade	n/a	361.3	98.0	n/a	447.9	98.2	3.49	182.0
99.845	0.274	fixation	n/a	441.9	99.2	1333.0	n/a	n/a	n/a	n/a
100.121	0.024	saccade	n/a	438.4	102.1	n/a	513.1	105.0	3.0	184.0
100.147	0.316	fixation	n/a	511.0	105.3	1335.0	n/a	n/a	n/a	n/a
100.465	0.026	saccade	n/a	512.5	106.2	n/a	431.7	98.5	3.26	221.0
100.493	0.4	fixation	n/a	444.8	103.3	1341.0	n/a	n/a	n/a	n/a
100.895	0.012	saccade	n/a	446.5	106.1	n/a	470.2	104.2	0.96	82.0
100.909	0.292	fixation	n/a	472.9	106.4	1337.0	n/a	n/a	n/a	n/a
101.203	0.028	saccade	n/a	474.1	107.5	n/a	571.9	109.0	3.9	218.0
101.233	0.376	fixation	n/a	563.8	104.7	1321.0	n/a	n/a	n/a	n/a
101.611	0.056	saccade	n/a	563.4	101.9	n/a	270.7	90.2	11.69	484.0
101.669	0.236	fixation	n/a	262.5	96.0	1313.0	n/a	n/a	n/a	n/a
101.907	0.024	saccade	n/a	264.0	98.4	n/a	213.1	97.8	2.03	137.0
101.933	0.346	fixation	n/a	222.6	100.2	1286.0	n/a	n/a	n/a	n/a
102.281	0.02	saccade	n/a	224.7	102.6	n/a	287.1	91.9	2.52	160.0
102.303	0.198	fixation	n/a	300.8	95.8	1265.0	n/a	n/a	n/a	n/a
102.503	0.028	saccade	n/a	303.0	98.0	n/a	198.4	145.8	4.6	300.0
102.533	0.192	fixation	n/a	203.6	149.7	1277.0	n/a	n/a	n/a	n/a
102.727	0.008	saccade	n/a	201.0	151.8	n/a	190.8	158.3	0.48	60.0
102.737	0.374	fixation	n/a	190.4	162.1	1276.0	n/a	n/a	n/a	n/a
103.113	0.02	saccade	n/a	187.1	162.7	n/a	233.5	162.4	1.83	135.0
103.135	0.22	fixation	n/a	245.4	162.8	1241.0	n/a	n/a	n/a	n/a
103.357	0.022	saccade	n/a	244.8	165.3	n/a	297.0	160.8	2.09	146.0
103.381	0.228	fixation	n/a	314.1	161.0	1229.0	n/a	n/a	n/a	n/a
103.611	0.02	saccade	n/a	314.8	164.5	n/a	382.8	159.7	2.74	202.0
103.633	0.164	fixation	n/a	404.7	161.7	1223.0	n/a	n/a	n/a	n/a
103.799	0.03	saccade	n/a	406.5	163.3	n/a	506.4	161.2	4.01	206.0
103.831	0.192	fixation	n/a	505.7	160.5	1214.0	n/a	n/a	n/a	n/a
104.025	0.02	saccade	n/a	506.4	161.7	n/a	459.1	161.1	1.9	138.0
104.047	0.206	fixation	n/a	463.2	163.9	1234.0	n/a	n/a	n/a	n/a
104.255	0.032	saccade	n/a	464.2	163.9	n/a	579.3	163.8	4.59	208.0
104.289	0.224	fixation	n/a	576.7	162.7	1221.0	n/a	n/a	n/a	n/a
104.515	0.014	saccade	n/a	576.3	158.9	n/a	609.3	159.3	1.3	109.0
104.531	0.126	fixation	n/a	611.0	162.5	1211.0	n/a	n/a	n/a	n/a
104.659	0.052	saccade	n/a	612.3	161.0	n/a	215.2	223.7	15.87	527.0
104.713	0.136	fixation	n/a	222.6	226.8	1259.0	n/a	n/a	n/a	n/a
104.851	0.024	saccade	n/a	222.5	231.3	n/a	154.8	225.6	2.67	204.0
104.877	0.362	fixation	n/a	163.0	227.8	1217.0	n/a	n/a	n/a	n/a
105.241	0.04	saccade	n/a	163.4	230.1	n/a	168.1	117.6	4.52	307.0
105.283	0.18	fixation	n/a	166.6	110.2	1174.0	n/a	n/a	n/a	n/a
105.465	0.028	saccade	n/a	167.9	111.0	n/a	257.3	99.0	3.57	221.0
105.495	0.174	fixation	n/a	255.2	97.9	1182.0	n/a	n/a	n/a	n/a
105.671	0.03	saccade	n/a	255.5	98.4	n/a	352.9	93.6	3.91	212.0
105.703	0.168	fixation	n/a	350.8	92.9	1215.0	n/a	n/a	n/a	n/a
105.873	0.026	saccade	n/a	351.1	97.3	n/a	438.3	96.9	3.52	204.0
105.901	0.324	fixation	n/a	440.4	98.7	1202.0	n/a	n/a	n/a	n/a
106.227	0.032	saccade	n/a	439.5	98.3	n/a	539.6	103.8	4.02	194.0
106.261	0.198	fixation	n/a	540.6	103.2	1169.0	n/a	n/a	n/a	n/a
106.461	0.056	saccade	n/a	540.1	103.3	n/a	229.9	147.2	12.46	490.0
106.519	0.14	fixation	n/a	223.2	150.1	1202.0	n/a	n/a	n/a	n/a
106.661	0.022	saccade	n/a	223.7	150.4	n/a	172.1	161.6	2.09	166.0
106.685	0.196	fixation	n/a	179.4	161.9	1210.0	n/a	n/a	n/a	n/a
106.883	0.032	saccade	n/a	177.8	162.1	n/a	301.7	158.9	4.93	291.0
106.917	0.234	fixation	n/a	306.8	160.8	1213.0	n/a	n/a	n/a	n/a
107.153	0.03	saccade	n/a	309.4	164.2	n/a	412.8	158.6	4.17	241.0
107.185	0.196	fixation	n/a	410.5	158.4	1218.0	n/a	n/a	n/a	n/a
107.383	0.036	saccade	n/a	412.7	158.3	n/a	239.2	123.0	7.1	375.0
107.421	0.124	fixation	n/a	249.6	121.8	1218.0	n/a	n/a	n/a	n/a
107.547	0.024	saccade	n/a	250.6	124.3	n/a	182.6	98.7	2.89	221.0
107.573	0.254	fixation	n/a	193.2	107.0	1199.0	n/a	n/a	n/a	n/a
107.636	0.0	trigger_11	11	n/a	n/a	n/a	n/a	n/a	n/a	n/a
107.638	0.0	trigger_10	10	n/a	n/a	n/a	n/a	n/a	n/a	n/a
107.829	0.032	saccade	n/a	193.8	109.1	n/a	324.5	97.7	5.23	294.0
107.863	0.17	fixation	n/a	321.9	97.9	1228.0	n/a	n/a	n/a	n/a
108.035	0.034	saccade	n/a	319.5	96.4	n/a	452.6	95.6	5.35	296.0
108.071	0.136	fixation	n/a	448.9	93.3	1219.0	n/a	n/a	n/a	n/a
108.209	0.028	saccade	n/a	449.0	92.9	n/a	345.4	92.8	4.17	256.0
108.239	0.196	fixation	n/a	352.2	97.9	1209.0	n/a	n/a	n/a	n/a
108.437	0.028	saccade	n/a	352.4	98.8	n/a	447.8	99.7	3.85	224.0
108.467	0.312	fixation	n/a	453.0	99.6	1175.0	n/a	n/a	n/a	n/a
108.781	0.042	saccade	n/a	456.3	102.0	n/a	235.0	98.7	8.85	402.0
108.825	0.184	fixation	n/a	242.8	100.9	1175.0	n/a	n/a	n/a	n/a
109.011	0.026	saccade	n/a	243.8	102.9	n/a	174.1	97.4	2.77	189.0
109.039	0.134	fixation	n/a	184.0	100.3	1170.0	n/a	n/a	n/a	n/a
109.175	0.04	saccade	n/a	183.9	101.2	n/a	366.8	96.1	7.29	307.0
109.217	0.232	fixation	n/a	368.6	98.2	1183.0	n/a	n/a	n/a	n/a
109.451	0.198	saccade	n/a	371.6	105.6	n/a	375.4	82.5	0.96	527.0
109.497	0.086	blink	n/a	n/a	n/a	n/a	n/a	n/a	n/a	n/a
109.651	0.138	fixation	n/a	382.0	107.3	1200.0	n/a	n/a	n/a	n/a
109.791	0.046	saccade	n/a	381.6	113.5	n/a	216.1	107.1	6.63	385.0
109.839	0.426	fixation	n/a	209.1	106.6	1162.0	n/a	n/a	n/a	n/a
110.018	0.0	trigger_11	11	n/a	n/a	n/a	n/a	n/a	n/a	n/a
110.028	0.0	trigger_10	10	n/a	n/a	n/a	n/a	n/a	n/a	n/a
110.267	0.024	saccade	n/a	209.3	106.0	n/a	265.2	104.4	2.22	136.0
110.293	0.18	fixation	n/a	265.4	106.0	1172.0	n/a	n/a	n/a	n/a
110.475	0.026	saccade	n/a	266.8	104.7	n/a	172.9	96.8	3.74	253.0
110.503	0.232	fixation	n/a	179.6	100.8	1200.0	n/a	n/a	n/a	n/a
110.737	0.036	saccade	n/a	179.2	102.7	n/a	312.7	104.4	5.31	268.0
110.775	0.312	fixation	n/a	315.7	101.5	1221.0	n/a	n/a	n/a	n/a
111.089	0.064	saccade	n/a	315.4	107.2	n/a	392.0	89.4	3.17	217.0
111.155	0.172	fixation	n/a	400.4	98.9	1226.0	n/a	n/a	n/a	n/a
111.329	0.02	saccade	n/a	399.0	97.0	n/a	345.3	107.1	2.2	160.0
111.351	0.242	fixation	n/a	349.1	107.4	1217.0	n/a	n/a	n/a	n/a
111.595	0.132	saccade	n/a	351.3	110.0	n/a	440.3	97.8	3.62	438.0
111.729	0.176	fixation	n/a	449.7	110.2	1189.0	n/a	n/a	n/a	n/a
111.907	0.03	saccade	n/a	453.3	110.1	n/a	553.9	102.0	4.04	228.0
111.939	0.186	fixation	n/a	556.6	103.2	1158.0	n/a	n/a	n/a	n/a
112.127	0.014	saccade	n/a	556.4	104.5	n/a	586.1	104.0	1.18	103.0
112.143	0.078	fixation	n/a	585.4	107.8	1129.0	n/a	n/a	n/a	n/a
112.223	0.048	saccade	n/a	585.0	107.5	n/a	261.6	156.2	13.01	482.0
112.273	0.112	fixation	n/a	267.4	158.4	1168.0	n/a	n/a	n/a	n/a
112.387	0.026	saccade	n/a	266.7	158.9	n/a	175.1	168.9	3.65	227.0
112.415	0.228	fixation	n/a	180.5	168.8	1168.0	n/a	n/a	n/a	n/a
112.645	0.028	saccade	n/a	181.5	169.5	n/a	293.4	162.2	4.45	236.0
112.675	0.138	fixation	n/a	306.4	163.0	1181.0	n/a	n/a	n/a	n/a
112.815	0.032	saccade	n/a	307.1	163.7	n/a	421.2	159.1	4.6	245.0
112.849	0.362	fixation	n/a	421.7	159.6	1195.0	n/a	n/a	n/a	n/a
113.213	0.024	saccade	n/a	426.9	160.6	n/a	349.0	159.6	3.14	195.0
113.239	0.226	fixation	n/a	345.7	163.5	1225.0	n/a	n/a	n/a	n/a
113.467	0.022	saccade	n/a	345.6	165.7	n/a	285.9	164.2	2.39	179.0
113.491	0.192	fixation	n/a	290.8	163.5	1223.0	n/a	n/a	n/a	n/a
113.685	0.036	saccade	n/a	292.7	165.4	n/a	473.2	159.4	7.24	323.0
113.723	0.192	fixation	n/a	474.5	158.7	1228.0	n/a	n/a	n/a	n/a
113.917	0.044	saccade	n/a	476.6	159.3	n/a	210.4	95.0	10.92	449.0
113.963	0.378	fixation	n/a	213.3	98.6	1230.0	n/a	n/a	n/a	n/a
114.108	0.0	trigger_11	11	n/a	n/a	n/a	n/a	n/a	n/a	n/a
114.112	0.0	trigger_12	12	n/a	n/a	n/a	n/a	n/a	n/a	n/a
114.343	0.022	saccade	n/a	212.0	100.1	n/a	289.9	92.2	3.12	220.0
114.367	0.256	fixation	n/a	293.8	92.7	1244.0	n/a	n/a	n/a	n/a
114.625	0.022	saccade	n/a	294.5	92.3	n/a	360.2	87.1	2.65	193.0
114.649	0.396	fixation	n/a	360.4	91.9	1246.0	n/a	n/a	n/a	n/a
115.047	0.016	saccade	n/a	357.6	96.8	n/a	320.2	98.9	1.51	126.0
115.065	0.244	fixation	n/a	325.8	98.8	1230.0	n/a	n/a	n/a	n/a
115.311	0.028	saccade	n/a	325.6	98.2	n/a	224.8	94.0	4.03	250.0
115.341	0.202	fixation	n/a	237.0	100.5	1248.0	n/a	n/a	n/a	n/a
115.545	0.024	saccade	n/a	235.4	101.0	n/a	170.3	100.4	2.57	167.0
115.571	0.22	fixation	n/a	181.5	102.3	1251.0	n/a	n/a	n/a	n/a
115.793	0.04	saccade	n/a	180.9	102.4	n/a	358.1	101.0	7.06	327.0
115.835	0.144	fixation	n/a	361.8	97.4	1278.0	n/a	n/a	n/a	n/a
115.981	0.028	saccade	n/a	361.5	96.7	n/a	440.0	97.1	3.17	204.0
116.011	0.15	fixation	n/a	436.1	94.4	1273.0	n/a	n/a	n/a	n/a
116.163	0.024	saccade	n/a	437.2	95.7	n/a	508.8	96.4	2.88	197.0
116.189	0.192	fixation	n/a	511.5	100.1	1267.0	n/a	n/a	n/a	n/a
116.383	0.042	saccade	n/a	512.6	97.3	n/a	223.7	150.3	11.71	482.0
116.427	0.116	fixation	n/a	226.8	152.7	1319.0	n/a	n/a	n/a	n/a
116.545	0.022	saccade	n/a	225.7	155.0	n/a	165.9	159.3	2.37	188.0
116.569	0.176	fixation	n/a	175.1	163.6	1301.0	n/a	n/a	n/a	n/a
116.747	0.03	saccade	n/a	174.5	167.3	n/a	303.1	157.5	5.12	291.0
116.779	0.212	fixation	n/a	310.4	159.0	1260.0	n/a	n/a	n/a	n/a
116.993	0.022	saccade	n/a	313.4	159.5	n/a	266.7	162.9	1.87	140.0
117.017	0.21	fixation	n/a	274.6	161.3	1239.0	n/a	n/a	n/a	n/a
117.229	0.024	saccade	n/a	275.0	162.9	n/a	227.0	96.2	3.32	237.0
117.255	0.256	fixation	n/a	232.8	102.5	1232.0	n/a	n/a	n/a	n/a
117.513	0.022	saccade	n/a	233.6	103.7	n/a	176.7	88.1	2.34	188.0
117.537	0.456	fixation	n/a	188.4	91.9	1302.0	n/a	n/a	n/a	n/a
117.748	0.0	trigger_13	13	n/a	n/a	n/a	n/a	n/a	n/a	n/a
117.995	0.03	saccade	n/a	185.6	92.6	n/a	310.1	96.2	4.95	313.0
118.027	0.174	fixation	n/a	308.3	93.4	1364.0	n/a	n/a	n/a	n/a
118.203	0.318	saccade	n/a	312.3	94.3	n/a	-17.3	-29.4	13.62	772.0
118.239	0.214	blink	n/a	n/a	n/a	n/a	n/a	n/a	n/a	n/a
118.523	0.586	fixation	n/a	-8.5	2.9	1238.0	n/a	n/a	n/a	n/a
119.111	0.166	saccade	n/a	-11.1	4.4	n/a	342.6	145.4	14.77	507.0
119.173	0.034	blink	n/a	n/a	n/a	n/a	n/a	n/a	n/a	n/a
119.279	0.62	fixation	n/a	348.9	155.8	1373.0	n/a	n/a	n/a	n/a
119.901	0.226	saccade	n/a	351.5	164.5	n/a	457.8	531.0	14.91	1041.0
119.959	0.092	blink	n/a	n/a	n/a	n/a	n/a	n/a	n/a	n/a
120.129	0.106	fixation	n/a	464.4	500.2	1338.0	n/a	n/a	n/a	n/a
120.237	0.218	saccade	n/a	465.2	495.4	n/a	475.7	410.6	3.29	1179.0
120.279	0.096	blink	n/a	n/a	n/a	n/a	n/a	n/a	n/a	n/a
120.457	0.668	fixation	n/a	475.8	388.9	1149.0	n/a	n/a	n/a	n/a
121.127	0.152	saccade	n/a	476.1	394.9	n/a	550.3	238.5	6.88	606.0
121.167	0.062	blink	n/a	n/a	n/a	n/a	n/a	n/a	n/a	n/a
121.281	0.188	fixation	n/a	550.3	229.0	1146.0	n/a	n/a	n/a	n/a
121.471	0.04	saccade	n/a	550.7	225.8	n/a	329.2	219.9	8.83	419.0
121.513	0.42	fixation	n/a	337.8	217.0	1232.0	n/a	n/a	n/a	n/a
121.935	0.528	saccade	n/a	341.1	223.7	n/a	445.5	177.9	4.59	910.0
122.021	0.39	blink	n/a	n/a	n/a	n/a	n/a	n/a	n/a	n/a
122.465	0.514	fixation	n/a	445.8	174.7	1353.0	n/a	n/a	n/a	n/a
122.981	0.03	saccade	n/a	441.4	175.8	n/a	343.4	227.9	4.47	277.0
123.013	0.656	fixation	n/a	352.8	230.1	1226.0	n/a	n/a	n/a	n/a
123.671	0.034	saccade	n/a	347.1	233.4	n/a	458.1	222.7	4.48	220.0
123.707	1.362	fixation	n/a	456.4	224.4	1259.0	n/a	n/a	n/a	n/a
125.071	0.042	saccade	n/a	462.6	229.2	n/a	669.0	217.2	8.14	298.0
125.115	0.238	fixation	n/a	672.0	216.5	1273.0	n/a	n/a	n/a	n/a
125.355	0.036	saccade	n/a	672.9	216.1	n/a	572.1	110.9	5.8	319.0
125.393	0.39	fixation	n/a	577.1	118.4	1226.0	n/a	n/a	n/a	n/a
125.785	0.048	saccade	n/a	575.6	122.2	n/a	434.5	176.8	6.06	288.0
125.835	0.176	fixation	n/a	425.1	181.2	1297.0	n/a	n/a	n/a	n/a
126.013	0.028	saccade	n/a	424.1	183.9	n/a	340.8	116.1	4.34	350.0
126.043	0.236	fixation	n/a	344.8	123.2	1343.0	n/a	n/a	n/a	n/a
126.104	0.0	trigger_15	15	n/a	n/a	n/a	n/a	n/a	n/a	n/a
126.112	0.0	trigger_10	10	n/a	n/a	n/a	n/a	n/a	n/a	n/a
126.281	0.032	saccade	n/a	344.9	123.2	n/a	206.1	106.2	5.57	334.0
126.315	0.502	fixation	n/a	209.7	106.3	1317.0	n/a	n/a	n/a	n/a
126.819	0.01	saccade	n/a	210.5	110.5	n/a	191.2	106.4	0.78	80.0
126.831	0.158	fixation	n/a	197.4	106.7	1309.0	n/a	n/a	n/a	n/a
126.991	0.012	saccade	n/a	195.7	108.5	n/a	178.3	110.1	0.69	72.0
127.005	0.07	fixation	n/a	184.8	109.5	1326.0	n/a	n/a	n/a	n/a
127.077	0.032	saccade	n/a	184.0	110.6	n/a	306.0	98.1	4.88	296.0
127.111	0.182	fixation	n/a	304.8	97.4	1340.0	n/a	n/a	n/a	n/a
127.295	0.026	saccade	n/a	304.7	97.9	n/a	391.5	94.9	3.5	248.0
127.323	0.168	fixation	n/a	384.8	92.8	1361.0	n/a	n/a	n/a	n/a
127.493	0.016	saccade	n/a	382.0	91.2	n/a	348.3	93.5	1.36	115.0
127.511	0.138	fixation	n/a	360.4	95.8	1373.0	n/a	n/a	n/a	n/a
127.651	0.028	saccade	n/a	362.0	96.9	n/a	454.6	95.3	3.73	244.0
127.681	0.182	fixation	n/a	454.5	98.2	1342.0	n/a	n/a	n/a	n/a
127.865	0.014	saccade	n/a	455.2	100.3	n/a	487.7	100.7	1.31	114.0
127.881	0.31	fixation	n/a	490.0	102.1	1337.0	n/a	n/a	n/a	n/a
128.193	0.024	saccade	n/a	488.7	104.3	n/a	558.6	102.1	2.8	177.0
128.219	0.192	fixation	n/a	567.8	105.7	1340.0	n/a	n/a	n/a	n/a
128.413	0.01	saccade	n/a	570.4	106.7	n/a	584.1	106.4	0.54	54.0
128.425	0.168	fixation	n/a	585.9	107.3	1354.0	n/a	n/a	n/a	n/a
128.595	0.058	saccade	n/a	588.0	108.8	n/a	326.2	92.0	10.45	438.0
128.655	0.086	fixation	n/a	316.6	97.1	1407.0	n/a	n/a	n/a	n/a
128.743	0.044	saccade	n/a	316.9	98.6	n/a	204.2	101.9	4.49	335.0
128.789	0.266	fixation	n/a	194.2	103.8	1400.0	n/a	n/a	n/a	n/a
129.057	0.024	saccade	n/a	195.4	105.9	n/a	280.2	101.7	3.38	250.0
129.083	0.136	fixation	n/a	277.3	103.0	1369.0	n/a	n/a	n/a	n/a
129.221	0.024	saccade	n/a	277.3	103.8	n/a	357.5	97.9	3.23	200.0
129.247	0.314	fixation	n/a	368.0	98.0	1337.0	n/a	n/a	n/a	n/a
129.563	0.024	saccade	n/a	367.9	96.3	n/a	433.6	98.1	2.65	176.0
129.589	0.252	fixation	n/a	429.6	96.9	1306.0	n/a	n/a	n/a	n/a
129.843	0.018	saccade	n/a	428.8	95.8	n/a	467.7	96.3	1.57	116.0
129.863	0.12	fixation	n/a	463.5	99.9	1280.0	n/a	n/a	n/a	n/a
129.985	0.078	saccade	n/a	458.2	102.0	n/a	518.6	131.2	2.7	253.0
130.065	0.02	fixation	n/a	517.1	115.8	1242.0	n/a	n/a	n/a	n/a
130.087	0.166	saccade	n/a	517.3	112.5	n/a	524.5	113.5	0.29	512.0
130.135	0.064	blink	n/a	n/a	n/a	n/a	n/a	n/a	n/a	n/a
130.255	0.19	fixation	n/a	523.5	107.7	1245.0	n/a	n/a	n/a	n/a
130.447	0.024	saccade	n/a	524.6	111.2	n/a	582.5	106.9	2.31	149.0
130.473	0.174	fixation	n/a	579.0	107.0	1187.0	n/a	n/a	n/a	n/a
130.649	0.056	saccade	n/a	579.8	110.1	n/a	235.7	149.2	13.75	503.0
130.707	0.11	fixation	n/a	230.5	152.8	1171.0	n/a	n/a	n/a	n/a
130.819	0.022	saccade	n/a	230.7	154.5	n/a	160.9	162.7	2.77	216.0
130.843	0.254	fixation	n/a	168.3	165.9	1169.0	n/a	n/a	n/a	n/a
131.099	0.046	saccade	n/a	166.4	167.4	n/a	346.2	161.0	7.14	362.0
131.147	0.302	fixation	n/a	359.5	161.1	1183.0	n/a	n/a	n/a	n/a
131.451	0.034	saccade	n/a	358.7	162.1	n/a	493.9	159.8	5.43	307.0
131.487	0.27	fixation	n/a	495.7	158.4	1184.0	n/a	n/a	n/a	n/a
131.759	0.024	saccade	n/a	495.2	160.5	n/a	567.0	158.1	2.87	203.0
131.785	0.352	fixation	n/a	567.2	160.3	1176.0	n/a	n/a	n/a	n/a
132.139	0.028	saccade	n/a	569.8	162.7	n/a	490.3	160.5	3.17	223.0
132.169	0.164	fixation	n/a	499.0	162.1	1218.0	n/a	n/a	n/a	n/a
132.335	0.032	saccade	n/a	500.2	160.2	n/a	368.9	162.4	5.27	336.0
132.369	0.21	fixation	n/a	373.5	161.5	1271.0	n/a	n/a	n/a	n/a
132.581	0.03	saccade	n/a	374.3	161.9	n/a	462.6	157.9	3.56	197.0
132.613	0.174	fixation	n/a	459.1	158.4	1308.0	n/a	n/a	n/a	n/a
132.789	0.03	saccade	n/a	459.0	156.5	n/a	575.3	160.6	4.65	260.0
132.821	0.276	fixation	n/a	572.5	163.4	1306.0	n/a	n/a	n/a	n/a
133.099	0.062	saccade	n/a	574.2	164.1	n/a	229.6	203.5	13.77	456.0
133.163	0.222	fixation	n/a	218.7	208.0	1301.0	n/a	n/a	n/a	n/a
133.387	0.032	saccade	n/a	215.7	207.6	n/a	333.4	216.5	4.7	291.0
133.421	0.13	fixation	n/a	333.0	215.6	1266.0	n/a	n/a	n/a	n/a
133.553	0.028	saccade	n/a	333.9	215.0	n/a	440.3	217.0	4.27	264.0
133.583	0.176	fixation	n/a	437.1	215.1	1265.0	n/a	n/a	n/a	n/a
133.761	0.018	saccade	n/a	439.2	218.4	n/a	484.5	212.7	1.83	149.0
133.781	0.132	fixation	n/a	487.1	214.4	1247.0	n/a	n/a	n/a	n/a
133.915	0.04	saccade	n/a	487.2	213.9	n/a	250.2	278.4	9.78	478.0
133.957	0.122	fixation	n/a	252.1	276.2	1232.0	n/a	n/a	n/a	n/a
134.081	0.022	saccade	n/a	251.4	278.1	n/a	183.5	280.9	2.67	227.0
134.105	0.368	fixation	n/a	186.8	282.3	1212.0	n/a	n/a	n/a	n/a
134.475	0.04	saccade	n/a	187.0	283.8	n/a	316.5	281.3	5.11	242.0
134.517	0.166	fixation	n/a	314.4	281.0	1150.0	n/a	n/a	n/a	n/a
134.685	0.024	saccade	n/a	316.3	284.1	n/a	231.0	282.4	3.38	232.0
134.711	0.352	fixation	n/a	225.5	287.7	1121.0	n/a	n/a	n/a	n/a
135.065	0.026	saccade	n/a	221.8	288.1	n/a	322.5	281.8	4.0	243.0
135.093	0.248	fixation	n/a	327.7	283.2	1126.0	n/a	n/a	n/a	n/a
135.343	0.164	saccade	n/a	329.5	288.6	n/a	337.8	306.9	0.8	307.0
135.509	0.022	fixation	n/a	338.7	286.7	1123.0	n/a	n/a	n/a	n/a
135.533	0.152	saccade	n/a	342.8	281.4	n/a	281.0	296.1	2.53	812.0
135.587	0.028	blink	n/a	n/a	n/a	n/a	n/a	n/a	n/a	n/a
135.687	0.048	fixation	n/a	286.5	285.6	1136.0	n/a	n/a	n/a	n/a
135.737	0.202	saccade	n/a	288.2	283.1	n/a	363.7	293.2	3.04	916.0
135.805	0.056	blink	n/a	n/a	n/a	n/a	n/a	n/a	n/a	n/a
135.941	0.118	fixation	n/a	367.5	286.7	1115.0	n/a	n/a	n/a	n/a
136.061	0.034	saccade	n/a	367.8	287.8	n/a	472.6	231.1	4.77	280.0
136.097	0.158	fixation	n/a	468.6	228.6	1087.0	n/a	n/a	n/a	n/a
136.257	0.036	saccade	n/a	469.6	229.7	n/a	264.6	227.9	8.18	437.0
136.295	0.188	fixation	n/a	267.8	228.6	1071.0	n/a	n/a	n/a	n/a
136.485	0.018	saccade	n/a	267.5	230.1	n/a	225.8	228.8	1.66	144.0
136.505	0.126	fixation	n/a	235.9	229.8	1066.0	n/a	n/a	n/a	n/a
136.633	0.024	saccade	n/a	235.3	229.5	n/a	316.3	221.0	3.25	216.0
136.659	0.19	fixation	n/a	320.6	223.6	1071.0	n/a	n/a	n/a	n/a
136.851	0.02	saccade	n/a	321.9	228.3	n/a	374.7	224.4	2.12	176.0
136.873	0.362	fixation	n/a	380.5	224.2	1076.0	n/a	n/a	n/a	n/a
137.237	0.036	saccade	n/a	379.6	227.1	n/a	542.6	165.3	6.99	308.0
137.275	0.192	fixation	n/a	546.9	167.5	1071.0	n/a	n/a	n/a	n/a
137.294	0.0	trigger_11	11	n/a	n/a	n/a	n/a	n/a	n/a	n/a
137.3	0.0	trigger_10	10	n/a	n/a	n/a	n/a	n/a	n/a	n/a
137.469	0.056	saccade	n/a	549.6	167.8	n/a	226.5	118.3	13.0	559.0
137.527	0.096	fixation	n/a	220.0	118.1	1094.0	n/a	n/a	n/a	n/a
137.625	0.022	saccade	n/a	222.6	118.5	n/a	183.8	99.1	1.72	150.0
137.649	0.222	fixation	n/a	194.8	104.7	1122.0	n/a	n/a	n/a	n/a
137.873	0.036	saccade	n/a	195.7	109.4	n/a	289.3	98.8	3.75	220.0
137.911	0.21	fixation	n/a	288.2	99.4	1130.0	n/a	n/a	n/a	n/a
138.123	0.028	saccade	n/a	289.6	103.4	n/a	392.5	96.0	4.14	247.0
138.153	0.194	fixation	n/a	391.2	95.2	1132.0	n/a	n/a	n/a	n/a
138.349	0.024	saccade	n/a	392.4	96.7	n/a	328.3	95.5	2.58	180.0
138.375	0.258	fixation	n/a	335.1	98.3	1172.0	n/a	n/a	n/a	n/a
138.635	0.03	saccade	n/a	335.2	98.4	n/a	237.8	103.6	3.9	228.0
138.667	0.184	fixation	n/a	247.7	105.8	1190.0	n/a	n/a	n/a	n/a
138.853	0.046	saccade	n/a	247.7	108.7	n/a	410.4	100.3	6.53	337.0
138.901	0.304	fixation	n/a	423.9	100.5	1187.0	n/a	n/a	n/a	n/a
139.207	0.024	saccade	n/a	422.7	101.5	n/a	481.0	102.3	2.35	167.0
139.233	0.204	fixation	n/a	477.6	103.6	1186.0	n/a	n/a	n/a	n/a
139.439	0.02	saccade	n/a	480.8	105.9	n/a	533.7	101.7	2.13	167.0
139.461	0.164	fixation	n/a	539.9	104.2	1185.0	n/a	n/a	n/a	n/a
139.627	0.026	saccade	n/a	538.7	102.3	n/a	604.6	107.6	2.62	149.0
139.655	0.168	fixation	n/a	600.5	105.0	1200.0	n/a	n/a	n/a	n/a
139.825	0.064	saccade	n/a	602.6	107.9	n/a	221.3	152.5	15.21	497.0
139.891	0.114	fixation	n/a	213.1	154.3	1263.0	n/a	n/a	n/a	n/a
140.007	0.022	saccade	n/a	214.3	154.8	n/a	168.5	157.3	1.81	164.0
140.031	0.144	fixation	n/a	181.3	160.3	1262.0	n/a	n/a	n/a	n/a
140.177	0.04	saccade	n/a	181.3	163.1	n/a	297.3	155.7	4.61	276.0
140.219	0.148	fixation	n/a	306.6	154.5	1261.0	n/a	n/a	n/a	n/a
140.369	0.02	saccade	n/a	307.3	154.3	n/a	253.7	158.1	2.15	157.0
140.391	0.09	fixation	n/a	255.4	161.0	1278.0	n/a	n/a	n/a	n/a
140.483	0.022	saccade	n/a	256.9	160.8	n/a	187.4	160.3	2.75	203.0
140.507	0.144	fixation	n/a	202.8	163.8	1305.0	n/a	n/a	n/a	n/a
140.653	0.02	saccade	n/a	204.3	164.6	n/a	162.0	165.7	1.67	145.0
140.675	0.16	fixation	n/a	175.4	166.7	1324.0	n/a	n/a	n/a	n/a
140.837	0.028	saccade	n/a	176.6	168.1	n/a	278.3	157.0	4.06	266.0
140.867	0.244	fixation	n/a	279.6	158.7	1337.0	n/a	n/a	n/a	n/a
141.113	0.02	saccade	n/a	281.6	158.3	n/a	353.5	156.2	2.88	219.0
141.135	0.182	fixation	n/a	371.1	156.9	1301.0	n/a	n/a	n/a	n/a
141.319	0.026	saccade	n/a	372.0	158.3	n/a	447.9	158.7	3.05	193.0
141.347	0.216	fixation	n/a	443.5	157.1	1272.0	n/a	n/a	n/a	n/a
141.565	0.03	saccade	n/a	444.3	156.9	n/a	541.4	158.6	3.88	241.0
141.597	0.236	fixation	n/a	535.3	157.3	1246.0	n/a	n/a	n/a	n/a
141.835	0.018	saccade	n/a	532.4	156.6	n/a	573.8	156.3	1.65	130.0
141.855	0.392	fixation	n/a	578.0	156.6	1220.0	n/a	n/a	n/a	n/a
142.249	0.016	saccade	n/a	583.6	156.2	n/a	546.8	156.1	1.46	115.0
142.267	0.218	fixation	n/a	551.4	157.2	1219.0	n/a	n/a	n/a	n/a
142.487	0.048	saccade	n/a	553.8	159.2	n/a	222.3	204.8	13.28	502.0
142.537	0.144	fixation	n/a	228.2	205.9	1252.0	n/a	n/a	n/a	n/a
142.683	0.018	saccade	n/a	228.1	208.2	n/a	190.5	217.1	1.53	124.0
142.703	0.054	fixation	n/a	201.0	215.1	1250.0	n/a	n/a	n/a	n/a
142.759	0.05	saccade	n/a	200.8	215.7	n/a	425.1	206.2	8.93	398.0
142.811	0.142	fixation	n/a	441.6	210.6	1206.0	n/a	n/a	n/a	n/a
142.955	0.022	saccade	n/a	442.3	211.2	n/a	384.9	213.4	2.31	202.0
142.979	0.168	fixation	n/a	394.8	215.3	1177.0	n/a	n/a	n/a	n/a
143.149	0.036	saccade	n/a	393.2	216.5	n/a	574.1	215.4	7.21	383.0
143.187	0.204	fixation	n/a	579.1	215.4	1147.0	n/a	n/a	n/a	n/a
143.393	0.058	saccade	n/a	579.0	214.6	n/a	213.3	267.7	14.58	524.0
143.453	0.164	fixation	n/a	208.2	271.1	1169.0	n/a	n/a	n/a	n/a
143.619	0.022	saccade	n/a	210.0	271.5	n/a	152.9	277.9	2.25	163.0
143.643	0.18	fixation	n/a	163.5	278.1	1157.0	n/a	n/a	n/a	n/a
143.825	0.046	saccade	n/a	163.3	279.4	n/a	172.2	116.2	6.54	426.0
143.873	0.262	fixation	n/a	173.4	102.7	1124.0	n/a	n/a	n/a	n/a
144.137	0.014	saccade	n/a	175.1	105.1	n/a	201.2	91.3	1.17	112.0
144.153	0.632	fixation	n/a	198.4	98.3	1187.0	n/a	n/a	n/a	n/a
144.574	0.0	trigger_11	11	n/a	n/a	n/a	n/a	n/a	n/a	n/a
144.582	0.0	trigger_10	10	n/a	n/a	n/a	n/a	n/a	n/a	n/a
144.787	0.018	saccade	n/a	200.2	103.8	n/a	248.6	96.0	1.95	140.0
144.807	0.278	fixation	n/a	253.5	97.5	1258.0	n/a	n/a	n/a	n/a
145.087	0.026	saccade	n/a	253.6	99.0	n/a	315.6	94.4	2.49	153.0
145.115	0.146	fixation	n/a	312.2	93.8	1272.0	n/a	n/a	n/a	n/a
145.263	0.024	saccade	n/a	310.7	92.8	n/a	388.7	87.8	3.15	202.0
145.289	0.148	fixation	n/a	392.6	87.7	1253.0	n/a	n/a	n/a	n/a
145.439	0.022	saccade	n/a	394.4	91.5	n/a	460.5	93.6	2.66	183.0
145.463	0.194	fixation	n/a	476.1	95.4	1228.0	n/a	n/a	n/a	n/a
145.659	0.03	saccade	n/a	479.0	95.6	n/a	576.6	101.6	3.9	191.0
145.691	0.15	fixation	n/a	569.8	100.7	1206.0	n/a	n/a	n/a	n/a
145.843	0.022	saccade	n/a	568.8	101.0	n/a	625.3	102.4	2.23	153.0
145.867	0.254	fixation	n/a	620.5	102.1	1184.0	n/a	n/a	n/a	n/a
146.123	0.016	saccade	n/a	621.9	102.2	n/a	656.2	101.7	1.35	104.0
146.141	0.088	fixation	n/a	654.5	103.9	1150.0	n/a	n/a	n/a	n/a
146.231	0.064	saccade	n/a	655.3	102.7	n/a	226.0	147.2	17.0	558.0
146.297	0.116	fixation	n/a	219.2	149.9	1195.0	n/a	n/a	n/a	n/a
146.415	0.02	saccade	n/a	220.2	151.5	n/a	168.1	157.1	2.07	169.0
146.437	0.23	fixation	n/a	176.9	158.3	1192.0	n/a	n/a	n/a	n/a
146.669	0.032	saccade	n/a	175.4	157.3	n/a	317.2	151.5	5.64	328.0
146.703	0.238	fixation	n/a	321.2	153.5	1193.0	n/a	n/a	n/a	n/a
146.943	0.026	saccade	n/a	322.3	156.8	n/a	416.1	150.5	3.78	228.0
146.971	0.18	fixation	n/a	421.4	152.8	1186.0	n/a	n/a	n/a	n/a
147.153	0.018	saccade	n/a	421.7	153.8	n/a	377.0	156.2	1.81	144.0
147.173	0.122	fixation	n/a	378.2	157.1	1184.0	n/a	n/a	n/a	n/a
147.297	0.038	saccade	n/a	378.8	160.2	n/a	603.7	154.5	8.98	442.0
147.337	0.178	fixation	n/a	607.3	156.8	1144.0	n/a	n/a	n/a	n/a
147.517	0.062	saccade	n/a	610.9	160.8	n/a	243.8	217.1	14.69	515.0
147.581	0.212	fixation	n/a	236.8	220.7	1167.0	n/a	n/a	n/a	n/a
147.795	0.034	saccade	n/a	236.7	223.2	n/a	383.9	216.2	5.88	314.0
147.831	0.208	fixation	n/a	384.0	216.5	1136.0	n/a	n/a	n/a	n/a
148.041	0.026	saccade	n/a	384.0	215.5	n/a	296.6	222.4	3.51	258.0
148.069	0.174	fixation	n/a	302.6	223.2	1135.0	n/a	n/a	n/a	n/a
148.245	0.024	saccade	n/a	303.9	223.8	n/a	219.6	216.9	3.36	259.0
148.271	0.31	fixation	n/a	225.4	219.7	1152.0	n/a	n/a	n/a	n/a
148.583	0.01	saccade	n/a	224.2	221.1	n/a	205.0	220.8	0.76	80.0
148.595	0.176	fixation	n/a	211.6	221.7	1166.0	n/a	n/a	n/a	n/a
148.773	0.02	saccade	n/a	209.0	222.0	n/a	259.1	218.1	1.99	149.0
148.795	0.298	fixation	n/a	257.8	222.5	1171.0	n/a	n/a	n/a	n/a
149.095	0.018	saccade	n/a	255.9	223.2	n/a	296.2	217.7	1.62	121.0
149.115	0.18	fixation	n/a	292.0	221.8	1160.0	n/a	n/a	n/a	n/a
149.297	0.03	saccade	n/a	292.7	223.6	n/a	406.8	215.3	4.59	284.0
149.329	0.234	fixation	n/a	406.2	217.3	1146.0	n/a	n/a	n/a	n/a
149.565	0.038	saccade	n/a	407.2	216.4	n/a	254.5	104.0	7.63	424.0
149.605	0.134	fixation	n/a	259.1	107.8	1139.0	n/a	n/a	n/a	n/a
149.741	0.022	saccade	n/a	260.9	108.7	n/a	197.2	93.8	2.6	234.0
149.765	0.28	fixation	n/a	208.4	96.3	1144.0	n/a	n/a	n/a	n/a
149.806	0.0	trigger_11	11	n/a	n/a	n/a	n/a	n/a	n/a	n/a
149.818	0.0	trigger_10	10	n/a	n/a	n/a	n/a	n/a	n/a	n/a
150.047	0.016	saccade	n/a	208.8	96.0	n/a	176.5	91.4	1.29	110.0
150.065	0.142	fixation	n/a	178.6	91.2	1191.0	n/a	n/a	n/a	n/a
150.209	0.034	saccade	n/a	177.9	92.5	n/a	302.9	89.6	4.97	261.0
150.245	0.218	fixation	n/a	296.9	88.2	1213.0	n/a	n/a	n/a	n/a
150.465	0.024	saccade	n/a	297.7	88.5	n/a	374.4	81.8	3.1	216.0
150.491	0.236	fixation	n/a	374.9	85.5	1191.0	n/a	n/a	n/a	n/a
150.729	0.024	saccade	n/a	375.8	91.1	n/a	445.8	93.0	2.82	202.0
150.755	0.454	fixation	n/a	447.6	94.1	1187.0	n/a	n/a	n/a	n/a
151.211	0.04	saccade	n/a	449.5	97.2	n/a	269.1	92.0	7.25	355.0
151.253	0.112	fixation	n/a	276.1	96.5	1193.0	n/a	n/a	n/a	n/a
151.367	0.026	saccade	n/a	277.2	98.9	n/a	182.3	98.4	3.77	264.0
151.395	0.254	fixation	n/a	193.4	98.9	1211.0	n/a	n/a	n/a	n/a
151.651	0.018	saccade	n/a	195.3	97.7	n/a	159.0	100.9	1.43	100.0
151.671	0.146	fixation	n/a	167.3	103.3	1223.0	n/a	n/a	n/a	n/a
151.819	0.03	saccade	n/a	165.2	106.3	n/a	300.0	96.2	5.36	308.0
151.851	0.234	fixation	n/a	300.5	98.6	1206.0	n/a	n/a	n/a	n/a
152.087	0.02	saccade	n/a	300.6	98.5	n/a	359.8	91.5	2.4	180.0
152.109	0.252	fixation	n/a	367.6	93.4	1205.0	n/a	n/a	n/a	n/a
152.363	0.038	saccade	n/a	364.2	90.3	n/a	543.1	97.5	7.18	312.0
152.403	0.158	fixation	n/a	541.5	98.9	1176.0	n/a	n/a	n/a	n/a
152.563	0.02	saccade	n/a	541.9	98.3	n/a	499.1	96.4	1.71	134.0
152.585	0.104	fixation	n/a	506.6	99.1	1173.0	n/a	n/a	n/a	n/a
152.691	0.022	saccade	n/a	506.7	98.7	n/a	455.0	96.2	2.07	166.0
152.715	0.186	fixation	n/a	463.8	97.4	1167.0	n/a	n/a	n/a	n/a
152.903	0.03	saccade	n/a	463.7	97.9	n/a	559.9	96.0	3.85	225.0
152.935	0.252	fixation	n/a	560.2	98.3	1161.0	n/a	n/a	n/a	n/a
153.189	0.058	saccade	n/a	563.1	101.4	n/a	257.7	135.2	12.24	463.0
153.249	0.104	fixation	n/a	251.1	140.6	1186.0	n/a	n/a	n/a	n/a
153.355	0.024	saccade	n/a	251.4	143.1	n/a	172.4	152.8	3.15	237.0
153.381	0.23	fixation	n/a	178.7	155.2	1202.0	n/a	n/a	n/a	n/a
153.613	0.02	saccade	n/a	177.5	156.3	n/a	255.0	149.5	3.08	226.0
153.635	0.178	fixation	n/a	271.3	156.0	1226.0	n/a	n/a	n/a	n/a
153.815	0.044	saccade	n/a	271.5	157.2	n/a	410.8	153.0	5.6	298.0
153.861	0.134	fixation	n/a	420.9	152.9	1202.0	n/a	n/a	n/a	n/a
153.997	0.02	saccade	n/a	421.6	154.8	n/a	380.5	158.9	1.67	122.0
154.019	0.156	fixation	n/a	388.2	158.9	1190.0	n/a	n/a	n/a	n/a
154.177	0.044	saccade	n/a	388.0	159.9	n/a	571.8	157.5	7.35	382.0
154.223	0.144	fixation	n/a	585.7	157.1	1146.0	n/a	n/a	n/a	n/a
154.369	0.02	saccade	n/a	587.1	157.1	n/a	541.2	155.2	1.82	146.0
154.391	0.146	fixation	n/a	547.3	157.4	1138.0	n/a	n/a	n/a	n/a
154.539	0.022	saccade	n/a	545.2	156.9	n/a	609.1	156.0	2.53	173.0
154.563	0.136	fixation	n/a	608.6	157.6	1117.0	n/a	n/a	n/a	n/a
154.701	0.058	saccade	n/a	609.2	158.8	n/a	227.8	221.6	15.26	518.0
154.761	0.518	fixation	n/a	221.5	228.1	1137.0	n/a	n/a	n/a	n/a
155.281	0.042	saccade	n/a	220.8	230.6	n/a	194.5	116.4	4.73	301.0
155.325	0.424	fixation	n/a	194.6	106.0	1100.0	n/a	n/a	n/a	n/a
155.534	0.0	trigger_11	11	n/a	n/a	n/a	n/a	n/a	n/a	n/a
155.54	0.0	trigger_12	12	n/a	n/a	n/a	n/a	n/a	n/a	n/a
155.751	0.024	saccade	n/a	197.7	106.3	n/a	269.6	94.4	2.9	199.0
155.777	0.246	fixation	n/a	267.0	97.7	1178.0	n/a	n/a	n/a	n/a
156.025	0.03	saccade	n/a	266.7	99.3	n/a	369.1	92.4	4.12	206.0
156.057	0.162	fixation	n/a	369.7	91.3	1213.0	n/a	n/a	n/a	n/a
156.221	0.034	saccade	n/a	371.6	92.2	n/a	489.3	93.9	4.74	228.0
156.257	0.226	fixation	n/a	484.8	95.4	1197.0	n/a	n/a	n/a	n/a
156.485	0.02	saccade	n/a	487.1	98.1	n/a	427.8	93.3	2.39	176.0
156.507	0.16	fixation	n/a	422.7	94.7	1205.0	n/a	n/a	n/a	n/a
156.669	0.026	saccade	n/a	420.8	92.6	n/a	348.1	89.9	2.93	168.0
156.697	0.268	fixation	n/a	356.5	95.8	1199.0	n/a	n/a	n/a	n/a
156.967	0.038	saccade	n/a	357.6	100.4	n/a	557.2	100.3	8.0	403.0
157.007	0.236	fixation	n/a	559.4	99.3	1176.0	n/a	n/a	n/a	n/a
157.245	0.06	saccade	n/a	563.0	101.9	n/a	239.9	157.8	13.07	483.0
157.307	0.158	fixation	n/a	229.1	158.9	1202.0	n/a	n/a	n/a	n/a
157.467	0.02	saccade	n/a	228.2	159.7	n/a	173.5	159.5	2.16	183.0
157.489	0.316	fixation	n/a	184.5	159.6	1210.0	n/a	n/a	n/a	n/a
157.807	0.022	saccade	n/a	184.3	158.8	n/a	208.7	121.5	1.79	109.0
157.831	1.18	fixation	n/a	213.6	97.2	1264.0	n/a	n/a	n/a	n/a
158.592	0.0	trigger_13	13	n/a	n/a	n/a	n/a	n/a	n/a	n/a
159.013	0.058	saccade	n/a	208.7	98.4	n/a	487.1	94.1	11.09	432.0
159.073	0.25	fixation	n/a	508.7	100.9	1352.0	n/a	n/a	n/a	n/a
159.325	0.046	saccade	n/a	514.3	105.4	n/a	390.0	100.3	5.0	354.0
159.373	0.422	fixation	n/a	378.0	104.0	1320.0	n/a	n/a	n/a	n/a
159.797	0.046	saccade	n/a	380.0	106.0	n/a	272.0	176.0	5.19	312.0
159.845	0.168	fixation	n/a	264.6	181.1	1395.0	n/a	n/a	n/a	n/a
160.008	0.0	trigger_15	15	n/a	n/a	n/a	n/a	n/a	n/a	n/a
160.015	0.04	saccade	n/a	266.7	184.1	n/a	262.8	107.1	3.13	240.0
160.02	0.0	trigger_10	10	n/a	n/a	n/a	n/a	n/a	n/a	n/a
160.057	0.274	fixation	n/a	263.1	102.1	1384.0	n/a	n/a	n/a	n/a
160.333	0.022	saccade	n/a	264.8	106.8	n/a	196.3	104.8	2.72	201.0
160.357	0.416	fixation	n/a	203.1	105.8	1318.0	n/a	n/a	n/a	n/a
160.775	0.014	saccade	n/a	202.7	107.7	n/a	174.3	103.7	1.13	100.0
160.791	0.186	fixation	n/a	179.1	104.6	1362.0	n/a	n/a	n/a	n/a
160.979	0.048	saccade	n/a	178.9	105.3	n/a	338.0	95.1	6.34	292.0
161.029	0.14	fixation	n/a	347.9	92.6	1381.0	n/a	n/a	n/a	n/a
161.171	0.02	saccade	n/a	349.6	93.9	n/a	398.8	91.4	1.99	132.0
161.193	0.138	fixation	n/a	408.3	92.6	1390.0	n/a	n/a	n/a	n/a
161.333	0.026	saccade	n/a	409.9	94.8	n/a	485.0	97.6	3.02	197.0
161.361	0.154	fixation	n/a	479.2	97.0	1348.0	n/a	n/a	n/a	n/a
161.517	0.02	saccade	n/a	478.5	97.8	n/a	527.0	94.9	1.95	146.0
161.539	0.208	fixation	n/a	532.2	95.2	1308.0	n/a	n/a	n/a	n/a
161.749	0.018	saccade	n/a	534.8	96.6	n/a	585.0	94.9	2.0	136.0
161.769	0.146	fixation	n/a	590.0	98.1	1270.0	n/a	n/a	n/a	n/a
161.917	0.06	saccade	n/a	590.4	97.8	n/a	265.2	142.1	13.05	470.0
161.979	0.1	fixation	n/a	256.2	145.4	1300.0	n/a	n/a	n/a	n/a
162.081	0.024	saccade	n/a	256.1	144.8	n/a	179.4	152.5	3.05	221.0
162.107	0.254	fixation	n/a	184.6	159.4	1298.0	n/a	n/a	n/a	n/a
162.363	0.03	saccade	n/a	185.7	162.2	n/a	277.2	154.7	3.64	202.0
162.395	0.306	fixation	n/a	281.9	158.9	1262.0	n/a	n/a	n/a	n/a
162.703	0.024	saccade	n/a	281.4	162.9	n/a	357.5	157.0	3.06	210.0
162.729	0.118	fixation	n/a	361.3	161.2	1223.0	n/a	n/a	n/a	n/a
162.849	0.024	saccade	n/a	364.8	167.2	n/a	400.6	164.5	1.44	112.0
162.875	0.14	fixation	n/a	442.9	162.0	1187.0	n/a	n/a	n/a	n/a
163.017	0.136	saccade	n/a	445.6	166.4	n/a	499.1	184.8	2.27	364.0
163.075	0.016	blink	n/a	n/a	n/a	n/a	n/a	n/a	n/a	n/a
163.155	0.024	fixation	n/a	496.8	170.2	1134.0	n/a	n/a	n/a	n/a
163.181	0.142	saccade	n/a	496.1	170.7	n/a	491.1	184.3	0.59	368.0
163.237	0.026	blink	n/a	n/a	n/a	n/a	n/a	n/a	n/a	n/a
163.325	0.044	fixation	n/a	489.0	167.7	1116.0	n/a	n/a	n/a	n/a
163.371	0.136	saccade	n/a	489.1	168.0	n/a	318.9	146.2	6.89	401.0
163.423	0.016	blink	n/a	n/a	n/a	n/a	n/a	n/a	n/a	n/a
163.509	0.214	fixation	n/a	319.0	157.2	1107.0	n/a	n/a	n/a	n/a
163.725	0.026	saccade	n/a	317.0	157.5	n/a	231.1	158.1	3.43	242.0
163.753	0.224	fixation	n/a	234.5	160.5	1067.0	n/a	n/a	n/a	n/a
163.979	0.02	saccade	n/a	234.0	162.2	n/a	180.3	167.0	2.13	170.0
164.001	0.254	fixation	n/a	187.1	165.7	1045.0	n/a	n/a	n/a	n/a
164.257	0.046	saccade	n/a	186.7	165.5	n/a	476.8	110.6	11.75	388.0
164.305	0.218	fixation	n/a	478.0	109.7	1036.0	n/a	n/a	n/a	n/a
164.525	0.026	saccade	n/a	477.3	111.8	n/a	546.3	105.2	2.77	151.0
164.553	0.226	fixation	n/a	548.6	105.0	1044.0	n/a	n/a	n/a	n/a
164.781	0.038	saccade	n/a	547.9	103.7	n/a	354.2	161.6	8.1	378.0
164.821	0.186	fixation	n/a	359.7	162.5	1081.0	n/a	n/a	n/a	n/a
165.009	0.026	saccade	n/a	359.6	163.6	n/a	261.7	164.1	3.92	287.0
165.037	0.218	fixation	n/a	271.2	167.2	1117.0	n/a	n/a	n/a	n/a
165.257	0.024	saccade	n/a	271.2	167.9	n/a	194.5	155.2	3.09	243.0
165.283	0.18	fixation	n/a	200.8	160.9	1141.0	n/a	n/a	n/a	n/a
165.304	0.0	trigger_11	11	n/a	n/a	n/a	n/a	n/a	n/a	n/a
165.308	0.0	trigger_10	10	n/a	n/a	n/a	n/a	n/a	n/a	n/a
165.465	0.024	saccade	n/a	199.2	158.3	n/a	192.2	87.4	2.88	235.0
165.491	0.196	fixation	n/a	194.8	98.4	1149.0	n/a	n/a	n/a	n/a
165.689	0.036	saccade	n/a	195.4	98.5	n/a	336.2	94.8	5.61	296.0
165.727	0.284	fixation	n/a	335.6	95.6	1173.0	n/a	n/a	n/a	n/a
166.013	0.032	saccade	n/a	335.6	94.4	n/a	180.8	96.3	6.16	355.0
166.047	0.252	fixation	n/a	192.9	98.7	1178.0	n/a	n/a	n/a	n/a
166.301	0.038	saccade	n/a	193.3	101.1	n/a	383.5	91.7	7.6	351.0
166.341	0.264	fixation	n/a	385.0	89.3	1173.0	n/a	n/a	n/a	n/a
166.607	0.032	saccade	n/a	387.3	90.0	n/a	232.7	87.6	6.18	350.0
166.641	0.476	fixation	n/a	242.9	92.2	1203.0	n/a	n/a	n/a	n/a
166.888	0.0	trigger_11	11	n/a	n/a	n/a	n/a	n/a	n/a	n/a
166.892	0.0	trigger_10	10	n/a	n/a	n/a	n/a	n/a	n/a	n/a
167.119	0.02	saccade	n/a	242.5	93.4	n/a	197.2	97.7	1.81	141.0
167.141	0.178	fixation	n/a	203.8	99.7	1279.0	n/a	n/a	n/a	n/a
167.321	0.022	saccade	n/a	202.7	99.2	n/a	272.5	93.2	2.79	200.0
167.345	0.242	fixation	n/a	294.8	95.1	1294.0	n/a	n/a	n/a	n/a
167.589	0.022	saccade	n/a	296.3	95.0	n/a	362.9	88.4	2.69	189.0
167.613	0.228	fixation	n/a	372.0	91.4	1238.0	n/a	n/a	n/a	n/a
167.843	0.036	saccade	n/a	373.6	92.7	n/a	191.5	94.4	7.27	356.0
167.881	0.19	fixation	n/a	198.4	97.5	1225.0	n/a	n/a	n/a	n/a
168.073	0.018	saccade	n/a	197.8	101.1	n/a	159.9	102.9	1.49	118.0
168.093	0.466	fixation	n/a	171.0	105.4	1237.0	n/a	n/a	n/a	n/a
168.561	0.018	saccade	n/a	170.4	106.1	n/a	222.0	101.2	2.05	150.0
168.581	0.224	fixation	n/a	234.0	103.2	1231.0	n/a	n/a	n/a	n/a
168.807	0.024	saccade	n/a	235.7	101.8	n/a	309.6	93.3	2.98	199.0
168.833	0.17	fixation	n/a	313.8	95.1	1258.0	n/a	n/a	n/a	n/a
169.005	0.028	saccade	n/a	315.8	98.0	n/a	401.0	89.5	3.45	211.0
169.035	0.266	fixation	n/a	391.5	88.1	1262.0	n/a	n/a	n/a	n/a
169.303	0.18	saccade	n/a	391.6	96.8	n/a	314.9	87.8	3.11	409.0
169.367	0.044	blink	n/a	n/a	n/a	n/a	n/a	n/a	n/a	n/a
169.485	0.064	fixation	n/a	320.1	104.3	1252.0	n/a	n/a	n/a	n/a
169.551	0.162	saccade	n/a	321.9	102.6	n/a	330.9	77.2	1.1	554.0
169.605	0.046	blink	n/a	n/a	n/a	n/a	n/a	n/a	n/a	n/a
169.715	0.404	fixation	n/a	333.7	91.5	1193.0	n/a	n/a	n/a	n/a
169.928	0.0	trigger_11	11	n/a	n/a	n/a	n/a	n/a	n/a	n/a
169.932	0.0	trigger_12	12	n/a	n/a	n/a	n/a	n/a	n/a	n/a
170.121	0.034	saccade	n/a	333.1	92.3	n/a	188.4	100.9	5.76	302.0
170.157	0.184	fixation	n/a	195.1	101.3	1168.0	n/a	n/a	n/a	n/a
170.343	0.016	saccade	n/a	195.0	101.5	n/a	162.7	99.7	1.27	108.0
170.361	0.292	fixation	n/a	167.2	101.3	1172.0	n/a	n/a	n/a	n/a
170.655	0.028	saccade	n/a	167.3	103.6	n/a	271.4	94.4	4.14	240.0
170.685	0.19	fixation	n/a	274.2	97.5	1164.0	n/a	n/a	n/a	n/a
170.877	0.046	saccade	n/a	276.9	98.5	n/a	424.5	89.7	5.94	287.0
170.925	0.14	fixation	n/a	438.5	89.7	1167.0	n/a	n/a	n/a	n/a
171.067	0.016	saccade	n/a	438.5	91.0	n/a	403.7	91.3	1.4	119.0
171.085	0.218	fixation	n/a	408.5	91.1	1186.0	n/a	n/a	n/a	n/a
171.305	0.026	saccade	n/a	407.5	94.7	n/a	480.9	100.2	2.96	180.0
171.333	0.258	fixation	n/a	479.8	99.2	1162.0	n/a	n/a	n/a	n/a
171.593	0.026	saccade	n/a	482.5	102.9	n/a	405.3	94.4	3.13	201.0
171.621	0.192	fixation	n/a	415.0	97.0	1163.0	n/a	n/a	n/a	n/a
171.815	0.026	saccade	n/a	414.6	101.0	n/a	490.0	103.6	3.04	183.0
171.843	0.188	fixation	n/a	488.9	100.5	1163.0	n/a	n/a	n/a	n/a
172.033	0.03	saccade	n/a	488.2	100.7	n/a	574.7	102.8	3.45	168.0
172.065	0.202	fixation	n/a	569.5	103.4	1151.0	n/a	n/a	n/a	n/a
172.269	0.018	saccade	n/a	568.8	103.8	n/a	522.7	103.7	1.84	148.0
172.289	0.14	fixation	n/a	524.4	104.1	1170.0	n/a	n/a	n/a	n/a
172.431	0.024	saccade	n/a	525.6	103.8	n/a	465.6	102.4	2.41	181.0
172.457	0.216	fixation	n/a	475.2	104.5	1172.0	n/a	n/a	n/a	n/a
172.675	0.032	saccade	n/a	472.6	107.1	n/a	600.4	107.4	5.09	284.0
172.709	0.256	fixation	n/a	598.4	107.7	1142.0	n/a	n/a	n/a	n/a
172.967	0.062	saccade	n/a	597.6	109.9	n/a	210.3	156.9	15.43	528.0
173.031	0.176	fixation	n/a	202.9	159.5	1214.0	n/a	n/a	n/a	n/a
173.209	0.022	saccade	n/a	203.5	160.3	n/a	153.5	161.8	1.97	162.0
173.233	0.082	fixation	n/a	165.8	164.2	1216.0	n/a	n/a	n/a	n/a
173.317	0.474	saccade	n/a	169.6	168.7	n/a	240.7	114.1	3.58	496.0
173.365	0.362	blink	n/a	n/a	n/a	n/a	n/a	n/a	n/a	n/a
173.793	0.094	fixation	n/a	245.4	132.9	1215.0	n/a	n/a	n/a	n/a
173.889	0.024	saccade	n/a	245.7	136.9	n/a	195.9	105.6	2.35	189.0
173.915	0.586	fixation	n/a	200.8	111.0	1136.0	n/a	n/a	n/a	n/a
174.503	0.062	saccade	n/a	201.7	116.2	n/a	520.4	110.3	12.67	366.0
174.567	0.178	fixation	n/a	530.8	108.9	1063.0	n/a	n/a	n/a	n/a
174.747	0.056	saccade	n/a	533.6	107.3	n/a	259.0	98.9	10.97	516.0
174.792	0.0	trigger_13	13	n/a	n/a	n/a	n/a	n/a	n/a	n/a
174.805	0.374	fixation	n/a	250.6	104.8	1151.0	n/a	n/a	n/a	n/a
175.181	0.056	saccade	n/a	254.7	108.3	n/a	523.5	102.5	10.73	394.0
175.239	0.162	fixation	n/a	540.2	107.4	1227.0	n/a	n/a	n/a	n/a
175.403	0.384	saccade	n/a	539.3	113.5	n/a	495.1	310.1	8.12	1367.0
175.453	0.258	blink	n/a	n/a	n/a	n/a	n/a	n/a	n/a	n/a
175.789	0.578	fixation	n/a	500.3	321.2	1251.0	n/a	n/a	n/a	n/a
176.369	0.034	saccade	n/a	497.5	322.0	n/a	591.2	245.1	4.81	232.0
176.405	0.514	fixation	n/a	591.2	246.1	1102.0	n/a	n/a	n/a	n/a
176.921	0.052	saccade	n/a	592.0	249.2	n/a	429.4	366.9	7.96	344.0
176.975	0.154	fixation	n/a	420.4	375.2	1182.0	n/a	n/a	n/a	n/a
177.131	0.05	saccade	n/a	419.5	376.8	n/a	367.2	162.9	8.82	539.0
177.183	0.27	fixation	n/a	366.1	150.0	1162.0	n/a	n/a	n/a	n/a
177.288	0.0	trigger_15	15	n/a	n/a	n/a	n/a	n/a	n/a	n/a
177.292	0.0	trigger_10	10	n/a	n/a	n/a	n/a	n/a	n/a	n/a
177.455	0.022	saccade	n/a	365.0	152.8	n/a	307.9	112.4	2.83	220.0
177.479	0.136	fixation	n/a	299.1	112.1	1141.0	n/a	n/a	n/a	n/a
177.617	0.028	saccade	n/a	297.3	108.6	n/a	197.4	104.6	3.98	259.0
177.647	0.262	fixation	n/a	206.5	106.1	1188.0	n/a	n/a	n/a	n/a
177.911	0.018	saccade	n/a	205.4	104.7	n/a	257.3	99.2	2.07	158.0
177.931	0.248	fixation	n/a	260.2	100.4	1220.0	n/a	n/a	n/a	n/a
178.181	0.028	saccade	n/a	263.7	104.1	n/a	164.6	106.1	3.93	263.0
178.211	0.448	fixation	n/a	176.9	108.7	1238.0	n/a	n/a	n/a	n/a
178.661	0.03	saccade	n/a	177.9	110.7	n/a	275.9	102.8	3.9	204.0
178.693	0.18	fixation	n/a	278.1	103.9	1244.0	n/a	n/a	n/a	n/a
178.875	0.022	saccade	n/a	280.8	105.7	n/a	335.1	98.1	2.2	147.0
178.899	0.282	fixation	n/a	334.4	99.9	1246.0	n/a	n/a	n/a	n/a
179.183	0.028	saccade	n/a	334.5	101.2	n/a	409.5	95.2	3.03	172.0
179.213	0.108	fixation	n/a	407.5	95.3	1242.0	n/a	n/a	n/a	n/a
179.323	0.206	saccade	n/a	410.7	102.2	n/a	243.9	95.9	6.69	471.0
179.373	0.084	blink	n/a	n/a	n/a	n/a	n/a	n/a	n/a	n/a
179.531	0.136	fixation	n/a	249.3	110.9	1224.0	n/a	n/a	n/a	n/a
179.669	0.03	saccade	n/a	248.2	110.1	n/a	322.3	98.6	3.0	162.0
179.701	0.284	fixation	n/a	319.7	97.5	1200.0	n/a	n/a	n/a	n/a
179.987	0.024	saccade	n/a	319.2	98.1	n/a	379.9	97.6	2.44	151.0
180.013	0.216	fixation	n/a	380.4	97.9	1136.0	n/a	n/a	n/a	n/a
180.231	0.036	saccade	n/a	381.1	100.5	n/a	200.8	87.0	7.22	320.0
180.269	0.362	fixation	n/a	204.7	91.7	1150.0	n/a	n/a	n/a	n/a
180.376	0.0	trigger_11	11	n/a	n/a	n/a	n/a	n/a	n/a	n/a
180.38	0.0	trigger_10	10	n/a	n/a	n/a	n/a	n/a	n/a	n/a
180.633	0.006	saccade	n/a	206.6	93.8	n/a	215.6	93.4	0.36	53.0
180.641	0.122	fixation	n/a	217.5	92.8	1182.0	n/a	n/a	n/a	n/a
180.765	0.024	saccade	n/a	219.2	95.1	n/a	308.7	91.7	3.58	229.0
180.791	0.182	fixation	n/a	322.9	93.5	1203.0	n/a	n/a	n/a	n/a
180.975	0.022	saccade	n/a	323.7	93.8	n/a	392.3	91.2	2.76	191.0
180.999	0.16	fixation	n/a	401.2	94.0	1202.0	n/a	n/a	n/a	n/a
181.161	0.036	saccade	n/a	403.6	96.6	n/a	548.3	104.3	5.81	264.0
181.199	0.234	fixation	n/a	543.7	104.2	1202.0	n/a	n/a	n/a	n/a
181.435	0.014	saccade	n/a	545.5	108.7	n/a	576.1	107.1	1.22	103.0
181.451	0.144	fixation	n/a	576.9	106.7	1186.0	n/a	n/a	n/a	n/a
181.597	0.062	saccade	n/a	575.5	106.5	n/a	198.7	155.1	15.05	477.0
181.661	0.236	fixation	n/a	194.2	162.2	1208.0	n/a	n/a	n/a	n/a
181.899	0.014	saccade	n/a	194.2	165.8	n/a	168.1	166.7	1.03	91.0
181.915	0.208	fixation	n/a	174.7	165.8	1202.0	n/a	n/a	n/a	n/a
182.125	0.022	saccade	n/a	175.9	163.8	n/a	178.7	100.7	2.55	187.0
182.149	0.158	fixation	n/a	178.9	105.9	1179.0	n/a	n/a	n/a	n/a
182.309	0.026	saccade	n/a	177.9	105.5	n/a	266.5	101.2	3.52	220.0
182.337	0.216	fixation	n/a	277.5	102.1	1185.0	n/a	n/a	n/a	n/a
182.555	0.034	saccade	n/a	280.5	103.4	n/a	388.3	95.2	4.34	214.0
182.591	0.194	fixation	n/a	390.5	93.2	1199.0	n/a	n/a	n/a	n/a
182.787	0.034	saccade	n/a	391.1	91.7	n/a	529.7	99.3	5.57	293.0
182.823	0.342	fixation	n/a	527.8	99.4	1173.0	n/a	n/a	n/a	n/a
183.167	0.024	saccade	n/a	527.3	102.8	n/a	581.9	103.4	2.18	140.0
183.193	0.182	fixation	n/a	581.0	105.0	1127.0	n/a	n/a	n/a	n/a
183.29	0.0	trigger_11	11	n/a	n/a	n/a	n/a	n/a	n/a	n/a
183.292	0.0	trigger_12	12	n/a	n/a	n/a	n/a	n/a	n/a	n/a
183.377	0.056	saccade	n/a	581.2	104.8	n/a	241.7	137.0	13.56	507.0
183.435	0.11	fixation	n/a	232.0	134.4	1153.0	n/a	n/a	n/a	n/a
183.547	0.018	saccade	n/a	232.9	134.5	n/a	198.4	105.5	1.8	150.0
183.567	0.218	fixation	n/a	205.6	110.4	1169.0	n/a	n/a	n/a	n/a
183.787	0.026	saccade	n/a	206.4	112.4	n/a	294.3	94.5	3.57	235.0
183.815	0.22	fixation	n/a	299.1	98.2	1194.0	n/a	n/a	n/a	n/a
184.037	0.026	saccade	n/a	299.8	102.1	n/a	379.5	92.9	3.23	187.0
184.065	0.22	fixation	n/a	383.8	93.6	1186.0	n/a	n/a	n/a	n/a
184.287	0.028	saccade	n/a	385.2	94.2	n/a	470.1	92.8	3.42	190.0
184.317	0.316	fixation	n/a	472.5	97.7	1180.0	n/a	n/a	n/a	n/a
184.635	0.02	saccade	n/a	472.3	99.8	n/a	418.0	97.2	2.19	151.0
184.657	0.298	fixation	n/a	420.3	98.5	1175.0	n/a	n/a	n/a	n/a
184.957	0.028	saccade	n/a	421.9	100.7	n/a	329.4	100.5	3.72	234.0
184.987	0.144	fixation	n/a	337.1	99.6	1169.0	n/a	n/a	n/a	n/a
185.133	0.026	saccade	n/a	334.6	96.2	n/a	237.3	91.3	3.9	263.0
185.161	0.222	fixation	n/a	247.5	97.0	1180.0	n/a	n/a	n/a	n/a
185.385	0.018	saccade	n/a	245.6	96.1	n/a	295.1	95.4	1.98	142.0
185.405	0.11	fixation	n/a	300.5	98.1	1213.0	n/a	n/a	n/a	n/a
185.517	0.038	saccade	n/a	300.7	99.5	n/a	536.2	92.1	9.44	424.0
185.557	0.236	fixation	n/a	542.0	97.6	1186.0	n/a	n/a	n/a	n/a
185.795	0.04	saccade	n/a	542.5	99.9	n/a	277.7	91.2	10.58	464.0
185.837	0.548	fixation	n/a	255.8	101.6	1177.0	n/a	n/a	n/a	n/a
186.162	0.0	trigger_13	13	n/a	n/a	n/a	n/a	n/a	n/a	n/a
186.387	0.05	saccade	n/a	255.0	108.7	n/a	438.0	91.1	7.37	305.0
186.439	0.298	fixation	n/a	455.0	92.2	1196.0	n/a	n/a	n/a	n/a
186.739	0.334	saccade	n/a	456.8	97.2	n/a	440.0	376.6	11.22	1194.0
186.791	0.206	blink	n/a	n/a	n/a	n/a	n/a	n/a	n/a	n/a
187.075	0.272	fixation	n/a	441.5	341.8	1259.0	n/a	n/a	n/a	n/a
187.349	0.368	saccade	n/a	447.1	345.0	n/a	376.7	149.9	8.34	1064.0
187.409	0.246	blink	n/a	n/a	n/a	n/a	n/a	n/a	n/a	n/a
187.719	0.382	fixation	n/a	381.2	158.4	1115.0	n/a	n/a	n/a	n/a
187.872	0.0	trigger_15	15	n/a	n/a	n/a	n/a	n/a	n/a	n/a
187.88	0.0	trigger_10	10	n/a	n/a	n/a	n/a	n/a	n/a	n/a
188.103	0.046	saccade	n/a	380.6	154.4	n/a	226.6	148.6	6.16	390.0
188.151	0.258	fixation	n/a	220.1	147.0	1110.0	n/a	n/a	n/a	n/a
188.411	0.02	saccade	n/a	219.5	146.0	n/a	188.9	106.0	2.02	159.0
188.433	0.45	fixation	n/a	201.0	109.8	1152.0	n/a	n/a	n/a	n/a
188.885	0.028	saccade	n/a	205.7	109.5	n/a	309.6	92.8	4.19	257.0
188.915	0.272	fixation	n/a	316.1	96.9	1248.0	n/a	n/a	n/a	n/a
189.189	0.028	saccade	n/a	315.9	97.4	n/a	419.6	90.9	4.18	275.0
189.219	0.352	fixation	n/a	419.8	92.9	1320.0	n/a	n/a	n/a	n/a
189.573	0.05	saccade	n/a	422.0	94.7	n/a	243.9	90.6	7.14	373.0
189.625	0.16	fixation	n/a	235.0	92.0	1342.0	n/a	n/a	n/a	n/a
189.787	0.024	saccade	n/a	235.7	93.3	n/a	173.6	100.0	2.47	187.0
189.813	0.174	fixation	n/a	186.0	100.5	1325.0	n/a	n/a	n/a	n/a
189.989	0.036	saccade	n/a	187.1	103.3	n/a	331.2	102.4	5.73	259.0
190.027	0.214	fixation	n/a	327.3	97.6	1354.0	n/a	n/a	n/a	n/a
190.243	0.034	saccade	n/a	327.4	96.2	n/a	423.6	95.5	3.87	187.0
190.279	0.226	fixation	n/a	419.2	93.6	1347.0	n/a	n/a	n/a	n/a
190.507	0.028	saccade	n/a	418.0	93.3	n/a	500.6	98.5	3.33	194.0
190.537	0.212	fixation	n/a	495.3	98.9	1311.0	n/a	n/a	n/a	n/a
190.751	0.03	saccade	n/a	496.5	103.1	n/a	593.3	108.1	3.86	223.0
190.783	0.194	fixation	n/a	587.6	106.7	1271.0	n/a	n/a	n/a	n/a
190.979	0.012	saccade	n/a	589.9	108.1	n/a	610.9	104.8	0.84	81.0
190.993	0.122	fixation	n/a	607.9	107.6	1241.0	n/a	n/a	n/a	n/a
191.117	0.064	saccade	n/a	606.3	109.2	n/a	209.7	145.6	15.75	562.0
191.183	0.108	fixation	n/a	201.2	149.2	1288.0	n/a	n/a	n/a	n/a
191.293	0.022	saccade	n/a	202.1	149.4	n/a	156.2	160.1	1.85	179.0
191.317	0.152	fixation	n/a	165.2	161.6	1309.0	n/a	n/a	n/a	n/a
191.471	0.036	saccade	n/a	163.1	160.7	n/a	301.2	166.1	5.47	303.0
191.509	0.144	fixation	n/a	300.6	163.5	1310.0	n/a	n/a	n/a	n/a
191.655	0.018	saccade	n/a	301.6	164.6	n/a	262.8	167.5	1.55	124.0
191.675	0.184	fixation	n/a	270.6	166.8	1304.0	n/a	n/a	n/a	n/a
191.861	0.026	saccade	n/a	270.3	167.0	n/a	347.7	165.7	3.1	201.0
191.889	0.254	fixation	n/a	342.8	166.9	1306.0	n/a	n/a	n/a	n/a
192.145	0.024	saccade	n/a	339.8	168.5	n/a	408.7	165.3	2.78	188.0
192.171	0.202	fixation	n/a	405.5	163.9	1286.0	n/a	n/a	n/a	n/a
192.375	0.03	saccade	n/a	409.1	163.9	n/a	512.7	159.8	4.16	231.0
192.407	0.21	fixation	n/a	512.2	160.8	1251.0	n/a	n/a	n/a	n/a
192.619	0.028	saccade	n/a	512.2	161.2	n/a	605.2	160.3	3.69	235.0
192.649	0.146	fixation	n/a	603.1	162.0	1224.0	n/a	n/a	n/a	n/a
192.797	0.064	saccade	n/a	603.4	161.6	n/a	201.7	218.2	16.01	504.0
192.863	0.188	fixation	n/a	191.0	222.7	1243.0	n/a	n/a	n/a	n/a
193.053	0.018	saccade	n/a	189.2	225.4	n/a	146.1	224.4	1.69	125.0
193.073	0.414	fixation	n/a	154.2	225.9	1205.0	n/a	n/a	n/a	n/a
193.489	0.03	saccade	n/a	157.2	232.8	n/a	279.2	219.0	4.84	267.0
193.521	0.236	fixation	n/a	282.8	221.9	1153.0	n/a	n/a	n/a	n/a
193.759	0.028	saccade	n/a	283.5	221.7	n/a	213.7	124.2	4.83	334.0
193.789	0.232	fixation	n/a	213.8	121.5	1142.0	n/a	n/a	n/a	n/a
194.023	0.012	saccade	n/a	210.5	120.2	n/a	196.0	102.9	0.91	86.0
194.037	0.446	fixation	n/a	202.3	106.7	1178.0	n/a	n/a	n/a	n/a
194.266	0.0	trigger_11	11	n/a	n/a	n/a	n/a	n/a	n/a	n/a
194.27	0.0	trigger_10	10	n/a	n/a	n/a	n/a	n/a	n/a	n/a
194.485	0.032	saccade	n/a	202.0	109.2	n/a	305.2	99.1	4.13	226.0
194.519	0.168	fixation	n/a	301.3	98.6	1226.0	n/a	n/a	n/a	n/a
194.689	0.038	saccade	n/a	301.3	98.2	n/a	431.7	95.3	5.25	212.0
194.729	0.216	fixation	n/a	429.2	92.0	1246.0	n/a	n/a	n/a	n/a
194.947	0.028	saccade	n/a	431.8	92.0	n/a	529.2	96.1	3.92	227.0
194.977	0.202	fixation	n/a	528.7	99.2	1231.0	n/a	n/a	n/a	n/a
195.181	0.058	saccade	n/a	532.2	102.4	n/a	236.9	157.2	11.97	485.0
195.241	0.124	fixation	n/a	230.2	160.8	1249.0	n/a	n/a	n/a	n/a
195.367	0.022	saccade	n/a	230.9	160.7	n/a	168.4	164.6	2.47	202.0
195.391	0.188	fixation	n/a	174.6	165.0	1243.0	n/a	n/a	n/a	n/a
195.581	0.036	saccade	n/a	172.3	164.4	n/a	366.7	153.6	7.74	401.0
195.619	0.248	fixation	n/a	368.7	155.1	1231.0	n/a	n/a	n/a	n/a
195.869	0.022	saccade	n/a	370.7	154.4	n/a	301.6	153.3	2.78	213.0
195.893	0.28	fixation	n/a	302.8	158.3	1251.0	n/a	n/a	n/a	n/a
196.175	0.028	saccade	n/a	303.0	159.4	n/a	226.4	92.6	4.09	274.0
196.205	0.324	fixation	n/a	230.8	98.1	1248.0	n/a	n/a	n/a	n/a
196.314	0.0	trigger_11	11	n/a	n/a	n/a	n/a	n/a	n/a	n/a
196.322	0.0	trigger_10	10	n/a	n/a	n/a	n/a	n/a	n/a	n/a
196.531	0.012	saccade	n/a	225.0	95.5	n/a	201.4	95.0	0.93	85.0
196.545	0.234	fixation	n/a	204.1	95.2	1274.0	n/a	n/a	n/a	n/a
196.781	0.016	saccade	n/a	203.9	97.2	n/a	172.0	92.3	1.27	111.0
196.799	0.226	fixation	n/a	178.4	92.4	1318.0	n/a	n/a	n/a	n/a
197.027	0.028	saccade	n/a	177.5	90.4	n/a	274.5	79.4	3.87	237.0
197.057	0.186	fixation	n/a	278.0	80.9	1308.0	n/a	n/a	n/a	n/a
197.245	0.016	saccade	n/a	278.6	83.5	n/a	245.7	87.9	1.33	110.0
197.263	0.45	fixation	n/a	255.9	92.0	1279.0	n/a	n/a	n/a	n/a
197.715	0.034	saccade	n/a	256.1	93.1	n/a	351.0	84.6	3.82	183.0
197.751	0.132	fixation	n/a	344.5	80.3	1299.0	n/a	n/a	n/a	n/a
197.885	0.03	saccade	n/a	344.1	78.3	n/a	443.3	83.7	4.0	221.0
197.917	0.256	fixation	n/a	435.8	79.3	1319.0	n/a	n/a	n/a	n/a
198.175	0.034	saccade	n/a	433.4	81.0	n/a	543.4	87.5	4.42	181.0
198.211	0.22	fixation	n/a	540.1	90.8	1266.0	n/a	n/a	n/a	n/a
198.433	0.028	saccade	n/a	541.3	97.7	n/a	629.3	90.4	3.49	213.0
198.463	0.216	fixation	n/a	632.0	96.1	1209.0	n/a	n/a	n/a	n/a
198.681	0.062	saccade	n/a	634.6	99.3	n/a	252.2	144.9	15.23	517.0
198.745	0.126	fixation	n/a	244.1	148.2	1254.0	n/a	n/a	n/a	n/a
198.873	0.022	saccade	n/a	242.1	147.6	n/a	191.6	155.5	2.03	164.0
198.897	0.102	fixation	n/a	198.8	156.4	1270.0	n/a	n/a	n/a	n/a
199.001	0.032	saccade	n/a	196.6	158.3	n/a	344.7	152.6	5.9	327.0
199.035	0.238	fixation	n/a	347.8	149.9	1281.0	n/a	n/a	n/a	n/a
199.275	0.024	saccade	n/a	346.4	145.3	n/a	417.1	142.1	2.85	200.0
199.301	0.202	fixation	n/a	420.4	143.5	1300.0	n/a	n/a	n/a	n/a
199.505	0.036	saccade	n/a	415.3	142.9	n/a	546.9	144.6	5.28	240.0
199.543	0.266	fixation	n/a	546.7	148.4	1227.0	n/a	n/a	n/a	n/a
199.811	0.032	saccade	n/a	548.1	151.0	n/a	635.3	142.8	3.46	185.0
199.845	0.138	fixation	n/a	630.9	147.0	1156.0	n/a	n/a	n/a	n/a
199.985	0.062	saccade	n/a	632.9	148.8	n/a	231.6	209.4	16.02	521.0
200.049	0.114	fixation	n/a	226.8	212.5	1186.0	n/a	n/a	n/a	n/a
200.165	0.02	saccade	n/a	227.2	214.1	n/a	171.1	225.7	2.26	189.0
200.187	0.252	fixation	n/a	181.1	222.7	1198.0	n/a	n/a	n/a	n/a
200.441	0.024	saccade	n/a	180.3	223.3	n/a	264.3	215.9	3.33	227.0
200.467	0.146	fixation	n/a	281.1	218.0	1210.0	n/a	n/a	n/a	n/a
200.615	0.034	saccade	n/a	285.3	220.0	n/a	438.1	210.1	6.13	322.0
200.651	0.194	fixation	n/a	446.8	211.0	1196.0	n/a	n/a	n/a	n/a
200.847	0.024	saccade	n/a	445.6	209.5	n/a	511.9	211.2	2.66	170.0
200.873	0.42	fixation	n/a	506.5	214.0	1169.0	n/a	n/a	n/a	n/a
201.295	0.02	saccade	n/a	508.2	215.1	n/a	522.1	163.4	2.17	171.0
201.317	0.172	fixation	n/a	532.2	164.9	1145.0	n/a	n/a	n/a	n/a
201.491	0.048	saccade	n/a	532.5	166.1	n/a	266.2	81.3	11.18	470.0
201.541	0.266	fixation	n/a	252.3	87.3	1152.0	n/a	n/a	n/a	n/a
201.809	0.038	saccade	n/a	253.6	89.8	n/a	391.9	88.3	5.54	231.0
201.849	0.24	fixation	n/a	390.7	91.1	1132.0	n/a	n/a	n/a	n/a
202.091	0.022	saccade	n/a	391.2	93.6	n/a	466.8	95.6	3.04	207.0
202.115	0.51	fixation	n/a	483.9	97.9	1134.0	n/a	n/a	n/a	n/a
202.627	0.032	saccade	n/a	484.3	99.3	n/a	619.7	101.9	5.38	278.0
202.661	0.144	fixation	n/a	617.1	99.6	1107.0	n/a	n/a	n/a	n/a
202.807	0.018	saccade	n/a	616.3	101.4	n/a	592.6	98.8	0.94	100.0
202.827	0.086	fixation	n/a	598.2	98.7	1118.0	n/a	n/a	n/a	n/a
202.915	0.024	saccade	n/a	597.7	100.9	n/a	662.8	97.9	2.56	179.0
202.941	0.126	fixation	n/a	659.4	96.8	1125.0	n/a	n/a	n/a	n/a
203.069	0.064	saccade	n/a	660.0	99.4	n/a	267.2	129.3	15.54	539.0
203.135	0.078	fixation	n/a	258.7	132.8	1201.0	n/a	n/a	n/a	n/a
203.215	0.026	saccade	n/a	262.3	137.2	n/a	173.6	142.9	3.52	272.0
203.243	0.252	fixation	n/a	184.1	147.8	1208.0	n/a	n/a	n/a	n/a
203.497	0.03	saccade	n/a	183.1	148.7	n/a	317.7	145.2	5.35	323.0
203.529	0.262	fixation	n/a	322.0	148.4	1190.0	n/a	n/a	n/a	n/a
203.793	0.022	saccade	n/a	323.8	151.9	n/a	386.0	147.9	2.51	183.0
203.817	0.226	fixation	n/a	389.2	148.5	1170.0	n/a	n/a	n/a	n/a
204.045	0.036	saccade	n/a	387.8	146.1	n/a	499.0	149.4	4.47	217.0
204.083	0.21	fixation	n/a	497.0	150.5	1130.0	n/a	n/a	n/a	n/a
204.295	0.032	saccade	n/a	496.8	149.9	n/a	596.0	153.7	3.96	193.0
204.329	0.37	fixation	n/a	591.6	152.8	1115.0	n/a	n/a	n/a	n/a
204.701	0.048	saccade	n/a	592.1	153.5	n/a	263.5	213.3	13.26	454.0
204.751	0.142	fixation	n/a	271.2	217.3	1150.0	n/a	n/a	n/a	n/a
204.895	0.024	saccade	n/a	269.5	216.2	n/a	197.8	215.8	2.84	220.0
204.921	0.202	fixation	n/a	205.4	217.6	1144.0	n/a	n/a	n/a	n/a
205.125	0.048	saccade	n/a	205.0	219.4	n/a	425.1	207.4	8.76	395.0
205.175	0.272	fixation	n/a	439.6	210.8	1120.0	n/a	n/a	n/a	n/a
205.449	0.022	saccade	n/a	438.2	211.4	n/a	504.4	206.8	2.66	198.0
205.473	0.23	fixation	n/a	508.0	208.3	1098.0	n/a	n/a	n/a	n/a
205.705	0.034	saccade	n/a	509.8	211.0	n/a	372.1	209.8	5.52	308.0
205.741	0.338	fixation	n/a	379.5	211.4	1111.0	n/a	n/a	n/a	n/a
206.081	0.034	saccade	n/a	381.8	212.4	n/a	239.1	99.4	7.33	433.0
206.117	0.298	fixation	n/a	245.2	104.8	1120.0	n/a	n/a	n/a	n/a
206.226	0.0	trigger_11	11	n/a	n/a	n/a	n/a	n/a	n/a	n/a
206.232	0.0	trigger_10	10	n/a	n/a	n/a	n/a	n/a	n/a	n/a
206.417	0.018	saccade	n/a	247.8	106.1	n/a	210.3	84.9	1.72	142.0
206.437	0.134	fixation	n/a	217.3	85.1	1173.0	n/a	n/a	n/a	n/a
206.573	0.012	saccade	n/a	215.6	85.3	n/a	189.2	84.3	1.04	103.0
206.587	0.136	fixation	n/a	196.1	86.3	1224.0	n/a	n/a	n/a	n/a
206.725	0.026	saccade	n/a	194.9	87.1	n/a	280.5	80.4	3.41	214.0
206.753	0.216	fixation	n/a	298.5	83.0	1198.0	n/a	n/a	n/a	n/a
206.971	0.018	saccade	n/a	299.3	83.6	n/a	258.4	88.1	1.65	132.0
206.991	0.234	fixation	n/a	259.9	88.8	1193.0	n/a	n/a	n/a	n/a
207.227	0.032	saccade	n/a	260.1	89.5	n/a	387.0	84.2	5.09	278.0
207.261	0.196	fixation	n/a	385.3	82.2	1186.0	n/a	n/a	n/a	n/a
207.459	0.022	saccade	n/a	386.7	82.1	n/a	459.1	85.3	2.92	200.0
207.483	0.254	fixation	n/a	472.5	88.8	1184.0	n/a	n/a	n/a	n/a
207.739	0.022	saccade	n/a	472.9	91.2	n/a	527.6	93.7	2.19	160.0
207.763	0.186	fixation	n/a	526.7	91.9	1176.0	n/a	n/a	n/a	n/a
207.951	0.024	saccade	n/a	528.9	93.1	n/a	462.4	90.2	2.67	186.0
207.977	0.296	fixation	n/a	465.9	90.9	1168.0	n/a	n/a	n/a	n/a
208.275	0.034	saccade	n/a	464.5	87.4	n/a	568.1	88.3	4.14	198.0
208.311	0.058	fixation	n/a	564.2	89.3	1160.0	n/a	n/a	n/a	n/a
208.371	0.028	saccade	n/a	564.9	91.5	n/a	642.9	95.7	3.08	205.0
208.401	0.174	fixation	n/a	634.8	92.8	1161.0	n/a	n/a	n/a	n/a
208.577	0.062	saccade	n/a	636.7	93.0	n/a	270.5	135.1	14.6	520.0
208.641	0.108	fixation	n/a	261.4	138.3	1214.0	n/a	n/a	n/a	n/a
208.751	0.024	saccade	n/a	263.8	142.0	n/a	175.5	143.3	3.5	250.0
208.777	0.246	fixation	n/a	182.8	146.5	1188.0	n/a	n/a	n/a	n/a
209.025	0.03	saccade	n/a	180.5	148.7	n/a	292.5	145.2	4.45	270.0
209.057	0.354	fixation	n/a	292.3	146.1	1176.0	n/a	n/a	n/a	n/a
209.413	0.02	saccade	n/a	292.9	148.0	n/a	348.1	142.2	2.23	152.0
209.435	0.196	fixation	n/a	346.4	145.0	1172.0	n/a	n/a	n/a	n/a
209.633	0.026	saccade	n/a	345.3	143.2	n/a	259.8	155.2	3.45	249.0
209.661	0.244	fixation	n/a	267.9	156.9	1165.0	n/a	n/a	n/a	n/a
209.907	0.026	saccade	n/a	267.8	158.1	n/a	358.2	146.7	3.66	250.0
209.935	0.424	fixation	n/a	355.0	148.8	1170.0	n/a	n/a	n/a	n/a
210.361	0.028	saccade	n/a	355.2	147.2	n/a	274.5	100.6	3.75	223.0
210.391	0.214	fixation	n/a	283.8	104.7	1188.0	n/a	n/a	n/a	n/a
210.607	0.018	saccade	n/a	285.3	106.5	n/a	324.5	84.6	1.81	134.0
210.627	0.168	fixation	n/a	327.6	88.2	1205.0	n/a	n/a	n/a	n/a
210.797	0.042	saccade	n/a	326.5	86.5	n/a	214.4	83.7	4.48	324.0
210.841	0.26	fixation	n/a	206.9	85.4	1215.0	n/a	n/a	n/a	n/a
210.884	0.0	trigger_11	11	n/a	n/a	n/a	n/a	n/a	n/a	n/a
210.888	0.0	trigger_10	10	n/a	n/a	n/a	n/a	n/a	n/a	n/a
211.103	0.028	saccade	n/a	205.3	87.6	n/a	293.8	84.7	3.52	219.0
211.133	0.162	fixation	n/a	291.1	83.3	1238.0	n/a	n/a	n/a	n/a
211.297	0.018	saccade	n/a	290.8	81.2	n/a	257.6	84.4	1.33	106.0
211.317	0.134	fixation	n/a	263.5	83.2	1273.0	n/a	n/a	n/a	n/a
211.453	0.048	saccade	n/a	260.0	82.3	n/a	409.9	75.5	6.01	340.0
211.503	0.14	fixation	n/a	426.4	79.3	1244.0	n/a	n/a	n/a	n/a
211.645	0.02	saccade	n/a	428.5	83.1	n/a	384.6	83.1	1.77	140.0
211.667	0.242	fixation	n/a	391.9	83.2	1210.0	n/a	n/a	n/a	n/a
211.911	0.034	saccade	n/a	389.9	83.9	n/a	500.6	88.6	4.46	242.0
211.947	0.27	fixation	n/a	497.2	88.2	1159.0	n/a	n/a	n/a	n/a
212.219	0.026	saccade	n/a	497.1	88.9	n/a	566.5	91.4	2.77	149.0
212.247	0.208	fixation	n/a	563.7	91.5	1130.0	n/a	n/a	n/a	n/a
212.457	0.012	saccade	n/a	565.0	91.7	n/a	584.0	92.3	0.75	68.0
212.471	0.208	fixation	n/a	584.5	96.9	1109.0	n/a	n/a	n/a	n/a
212.681	0.03	saccade	n/a	584.7	99.1	n/a	451.6	86.0	5.34	293.0
212.713	0.16	fixation	n/a	448.5	90.7	1121.0	n/a	n/a	n/a	n/a
212.875	0.026	saccade	n/a	449.0	90.3	n/a	369.4	81.1	3.23	214.0
212.903	0.186	fixation	n/a	379.9	84.4	1142.0	n/a	n/a	n/a	n/a
213.091	0.018	saccade	n/a	378.9	83.4	n/a	357.8	84.2	0.85	97.0
213.111	0.026	fixation	n/a	362.3	84.3	1155.0	n/a	n/a	n/a	n/a
213.139	0.044	saccade	n/a	360.2	84.6	n/a	198.6	141.7	6.86	430.0
213.185	0.142	fixation	n/a	191.5	145.6	1178.0	n/a	n/a	n/a	n/a
213.329	0.02	saccade	n/a	191.1	146.5	n/a	147.0	146.8	1.73	131.0
213.351	0.144	fixation	n/a	156.7	149.4	1166.0	n/a	n/a	n/a	n/a
213.497	0.028	saccade	n/a	155.0	151.5	n/a	276.2	143.3	4.8	273.0
213.527	0.166	fixation	n/a	292.0	146.3	1165.0	n/a	n/a	n/a	n/a
213.695	0.018	saccade	n/a	294.8	148.0	n/a	343.0	144.1	1.94	159.0
213.715	0.154	fixation	n/a	346.6	147.4	1148.0	n/a	n/a	n/a	n/a
213.871	0.034	saccade	n/a	346.8	150.8	n/a	465.4	149.5	4.76	259.0
213.907	0.16	fixation	n/a	464.1	149.3	1127.0	n/a	n/a	n/a	n/a
214.069	0.032	saccade	n/a	463.6	150.5	n/a	589.2	150.9	5.0	273.0
214.103	0.292	fixation	n/a	591.1	154.0	1086.0	n/a	n/a	n/a	n/a
214.397	0.056	saccade	n/a	593.9	152.6	n/a	285.0	93.0	12.52	432.0
214.455	0.222	fixation	n/a	280.3	93.1	1095.0	n/a	n/a	n/a	n/a
214.679	0.026	saccade	n/a	279.8	94.1	n/a	195.1	86.2	3.38	251.0
214.707	0.476	fixation	n/a	204.4	91.3	1123.0	n/a	n/a	n/a	n/a
214.956	0.0	trigger_11	11	n/a	n/a	n/a	n/a	n/a	n/a	n/a
214.96	0.0	trigger_10	10	n/a	n/a	n/a	n/a	n/a	n/a	n/a
215.185	0.036	saccade	n/a	209.1	92.7	n/a	320.9	85.1	4.46	254.0
215.223	0.202	fixation	n/a	319.7	84.2	1171.0	n/a	n/a	n/a	n/a
215.427	0.016	saccade	n/a	319.9	85.5	n/a	286.7	87.3	1.33	114.0
215.445	0.242	fixation	n/a	292.6	88.9	1179.0	n/a	n/a	n/a	n/a
215.689	0.02	saccade	n/a	293.2	89.4	n/a	246.2	92.7	1.88	143.0
215.711	0.208	fixation	n/a	253.1	92.1	1149.0	n/a	n/a	n/a	n/a
215.921	0.034	saccade	n/a	252.6	94.3	n/a	377.7	82.8	5.04	270.0
215.957	0.232	fixation	n/a	375.0	82.1	1151.0	n/a	n/a	n/a	n/a
216.191	0.04	saccade	n/a	375.6	85.3	n/a	482.9	91.2	4.32	272.0
216.233	0.38	fixation	n/a	494.6	92.0	1169.0	n/a	n/a	n/a	n/a
216.615	0.03	saccade	n/a	491.8	93.6	n/a	599.1	96.9	4.28	250.0
216.647	0.286	fixation	n/a	597.9	99.3	1137.0	n/a	n/a	n/a	n/a
216.935	0.02	saccade	n/a	596.3	100.2	n/a	641.8	97.7	1.79	132.0
216.957	0.188	fixation	n/a	647.9	97.5	1138.0	n/a	n/a	n/a	n/a
217.147	0.06	saccade	n/a	648.3	99.1	n/a	284.3	89.8	14.39	494.0
217.209	0.116	fixation	n/a	276.8	91.6	1168.0	n/a	n/a	n/a	n/a
217.327	0.026	saccade	n/a	277.6	93.9	n/a	177.1	81.4	4.02	298.0
217.355	0.262	fixation	n/a	188.7	86.1	1177.0	n/a	n/a	n/a	n/a
217.396	0.0	trigger_11	11	n/a	n/a	n/a	n/a	n/a	n/a	n/a
217.402	0.0	trigger_10	10	n/a	n/a	n/a	n/a	n/a	n/a	n/a
217.619	0.026	saccade	n/a	188.4	86.1	n/a	297.4	81.6	4.34	289.0
217.647	0.158	fixation	n/a	305.5	80.4	1198.0	n/a	n/a	n/a	n/a
217.807	0.018	saccade	n/a	304.6	78.3	n/a	267.7	85.6	1.51	123.0
217.827	0.128	fixation	n/a	275.1	84.1	1224.0	n/a	n/a	n/a	n/a
217.957	0.028	saccade	n/a	274.4	83.6	n/a	171.3	81.0	4.08	264.0
217.987	0.236	fixation	n/a	185.2	84.6	1218.0	n/a	n/a	n/a	n/a
218.225	0.046	saccade	n/a	187.6	85.3	n/a	454.1	83.4	10.6	364.0
218.273	0.232	fixation	n/a	457.2	85.5	1200.0	n/a	n/a	n/a	n/a
218.507	0.02	saccade	n/a	458.4	87.2	n/a	408.9	80.8	2.01	167.0
218.529	0.214	fixation	n/a	416.9	88.5	1217.0	n/a	n/a	n/a	n/a
218.745	0.026	saccade	n/a	419.0	91.4	n/a	346.5	87.6	2.92	168.0
218.773	0.386	fixation	n/a	355.1	91.4	1185.0	n/a	n/a	n/a	n/a
219.161	0.022	saccade	n/a	354.0	92.6	n/a	408.5	86.7	2.21	132.0
219.185	0.112	fixation	n/a	411.6	87.0	1193.0	n/a	n/a	n/a	n/a
219.299	0.032	saccade	n/a	411.3	85.0	n/a	533.0	90.6	4.89	291.0
219.333	0.168	fixation	n/a	529.1	90.2	1189.0	n/a	n/a	n/a	n/a
219.503	0.026	saccade	n/a	528.5	90.7	n/a	606.2	93.1	3.09	198.0
219.531	0.186	fixation	n/a	601.1	91.3	1168.0	n/a	n/a	n/a	n/a
219.719	0.014	saccade	n/a	600.3	94.6	n/a	631.5	95.2	1.23	109.0
219.735	0.122	fixation	n/a	633.9	96.6	1147.0	n/a	n/a	n/a	n/a
219.859	0.064	saccade	n/a	635.2	98.0	n/a	228.2	142.8	16.16	493.0
219.925	0.118	fixation	n/a	219.9	145.4	1180.0	n/a	n/a	n/a	n/a
220.045	0.02	saccade	n/a	220.1	147.0	n/a	166.1	149.7	2.13	171.0
220.067	0.166	fixation	n/a	173.3	150.9	1181.0	n/a	n/a	n/a	n/a
220.235	0.038	saccade	n/a	173.1	149.3	n/a	376.5	144.5	8.09	395.0
220.275	0.146	fixation	n/a	380.0	143.3	1169.0	n/a	n/a	n/a	n/a
220.423	0.018	saccade	n/a	383.6	147.2	n/a	344.5	151.4	1.58	127.0
220.443	0.212	fixation	n/a	350.7	147.5	1164.0	n/a	n/a	n/a	n/a
220.657	0.028	saccade	n/a	352.9	149.0	n/a	258.0	149.4	3.8	258.0
220.687	0.138	fixation	n/a	264.9	151.8	1178.0	n/a	n/a	n/a	n/a
220.827	0.024	saccade	n/a	264.4	152.7	n/a	184.6	146.2	3.17	236.0
220.853	0.276	fixation	n/a	186.1	150.0	1171.0	n/a	n/a	n/a	n/a
221.131	0.042	saccade	n/a	188.6	150.1	n/a	430.2	141.8	9.63	433.0
221.175	0.172	fixation	n/a	431.4	136.2	1156.0	n/a	n/a	n/a	n/a
221.349	0.024	saccade	n/a	432.0	137.5	n/a	507.5	139.9	3.03	192.0
221.375	0.192	fixation	n/a	514.6	142.8	1140.0	n/a	n/a	n/a	n/a
221.569	0.03	saccade	n/a	514.8	144.6	n/a	602.3	145.9	3.48	187.0
221.601	0.204	fixation	n/a	602.5	150.8	1111.0	n/a	n/a	n/a	n/a
221.807	0.018	saccade	n/a	601.7	153.3	n/a	646.3	153.4	1.75	134.0
221.827	0.156	fixation	n/a	645.7	153.1	1088.0	n/a	n/a	n/a	n/a
221.985	0.064	saccade	n/a	646.8	155.0	n/a	233.5	189.8	16.33	481.0
222.051	0.11	fixation	n/a	226.8	193.9	1132.0	n/a	n/a	n/a	n/a
222.163	0.022	saccade	n/a	226.9	194.4	n/a	173.8	205.5	2.14	172.0
222.187	0.206	fixation	n/a	180.3	207.7	1130.0	n/a	n/a	n/a	n/a
222.395	0.036	saccade	n/a	181.5	210.2	n/a	304.2	211.1	4.86	220.0
222.433	0.23	fixation	n/a	304.6	210.0	1117.0	n/a	n/a	n/a	n/a
222.665	0.04	saccade	n/a	306.5	213.3	n/a	480.1	209.2	6.95	281.0
222.707	0.23	fixation	n/a	481.7	210.5	1080.0	n/a	n/a	n/a	n/a
222.939	0.024	saccade	n/a	480.8	211.8	n/a	551.0	208.1	2.8	164.0
222.965	0.134	fixation	n/a	551.8	212.2	1058.0	n/a	n/a	n/a	n/a
223.101	0.048	saccade	n/a	553.4	212.7	n/a	195.4	263.1	14.27	531.0
223.151	0.176	fixation	n/a	203.4	264.7	1088.0	n/a	n/a	n/a	n/a
223.329	0.016	saccade	n/a	201.4	263.5	n/a	169.3	273.5	1.32	118.0
223.347	0.436	fixation	n/a	175.2	276.7	1077.0	n/a	n/a	n/a	n/a
223.785	0.046	saccade	n/a	176.0	279.7	n/a	222.5	107.6	7.16	417.0
223.833	0.314	fixation	n/a	229.0	100.9	1063.0	n/a	n/a	n/a	n/a
223.924	0.0	trigger_11	11	n/a	n/a	n/a	n/a	n/a	n/a	n/a
223.93	0.0	trigger_10	10	n/a	n/a	n/a	n/a	n/a	n/a	n/a
224.149	0.006	saccade	n/a	233.1	102.4	n/a	236.6	93.0	0.41	59.0
224.157	0.228	fixation	n/a	241.3	93.1	1146.0	n/a	n/a	n/a	n/a
224.387	0.038	saccade	n/a	242.7	96.0	n/a	371.1	83.6	5.17	233.0
224.427	0.188	fixation	n/a	368.9	83.3	1174.0	n/a	n/a	n/a	n/a
224.617	0.028	saccade	n/a	370.3	83.3	n/a	286.8	87.0	3.36	206.0
224.647	0.21	fixation	n/a	292.1	87.5	1147.0	n/a	n/a	n/a	n/a
224.859	0.034	saccade	n/a	295.7	90.7	n/a	402.7	79.0	4.33	198.0
224.895	0.29	fixation	n/a	443.9	86.6	1131.0	n/a	n/a	n/a	n/a
225.187	0.022	saccade	n/a	444.9	87.8	n/a	507.0	87.6	2.49	175.0
225.211	0.23	fixation	n/a	510.6	91.3	1094.0	n/a	n/a	n/a	n/a
225.443	0.032	saccade	n/a	508.5	90.8	n/a	590.1	98.1	3.26	154.0
225.477	0.154	fixation	n/a	588.2	94.9	1053.0	n/a	n/a	n/a	n/a
225.633	0.022	saccade	n/a	587.0	95.0	n/a	526.3	91.5	2.42	166.0
225.657	0.21	fixation	n/a	530.4	91.0	1063.0	n/a	n/a	n/a	n/a
225.869	0.03	saccade	n/a	530.2	94.0	n/a	638.6	99.1	4.3	225.0
225.901	0.216	fixation	n/a	632.9	97.0	1057.0	n/a	n/a	n/a	n/a
226.119	0.066	saccade	n/a	634.7	96.8	n/a	222.6	146.9	16.38	486.0
226.187	0.114	fixation	n/a	214.0	148.9	1094.0	n/a	n/a	n/a	n/a
226.303	0.022	saccade	n/a	214.6	149.7	n/a	155.9	151.1	2.31	170.0
226.327	0.282	fixation	n/a	166.3	154.7	1083.0	n/a	n/a	n/a	n/a
226.611	0.024	saccade	n/a	165.0	159.5	n/a	248.4	147.8	3.33	215.0
226.637	0.42	fixation	n/a	270.4	151.9	1078.0	n/a	n/a	n/a	n/a
227.059	0.024	saccade	n/a	274.6	155.5	n/a	349.7	152.4	3.01	198.0
227.085	0.202	fixation	n/a	348.0	152.0	1085.0	n/a	n/a	n/a	n/a
227.289	0.032	saccade	n/a	348.5	153.9	n/a	455.8	148.7	4.31	196.0
227.323	0.238	fixation	n/a	455.5	149.3	1074.0	n/a	n/a	n/a	n/a
227.563	0.026	saccade	n/a	456.0	148.9	n/a	542.2	151.3	3.45	213.0
227.591	0.212	fixation	n/a	547.1	151.7	1080.0	n/a	n/a	n/a	n/a
227.805	0.018	saccade	n/a	545.2	151.8	n/a	594.2	156.7	1.95	158.0
227.825	0.196	fixation	n/a	600.3	157.3	1068.0	n/a	n/a	n/a	n/a
228.023	0.062	saccade	n/a	602.0	157.4	n/a	215.4	201.8	15.39	457.0
228.087	0.122	fixation	n/a	207.7	204.2	1118.0	n/a	n/a	n/a	n/a
228.211	0.02	saccade	n/a	208.1	202.9	n/a	156.6	212.3	2.06	170.0
228.233	0.168	fixation	n/a	164.7	212.7	1124.0	n/a	n/a	n/a	n/a
228.403	0.032	saccade	n/a	164.5	212.9	n/a	301.9	215.7	5.43	309.0
228.437	0.262	fixation	n/a	303.9	215.3	1129.0	n/a	n/a	n/a	n/a
228.701	0.04	saccade	n/a	303.9	214.7	n/a	446.4	211.6	5.71	248.0
228.743	0.274	fixation	n/a	447.0	210.9	1103.0	n/a	n/a	n/a	n/a
229.019	0.03	saccade	n/a	446.9	213.0	n/a	553.1	209.5	4.24	230.0
229.051	0.238	fixation	n/a	556.5	212.0	1084.0	n/a	n/a	n/a	n/a
229.291	0.028	saccade	n/a	557.2	212.1	n/a	642.7	213.3	3.37	196.0
229.321	0.136	fixation	n/a	638.9	209.9	1054.0	n/a	n/a	n/a	n/a
229.459	0.06	saccade	n/a	640.6	213.4	n/a	216.0	266.3	16.79	522.0
229.521	0.094	fixation	n/a	210.8	267.1	1099.0	n/a	n/a	n/a	n/a
229.617	0.022	saccade	n/a	212.6	268.3	n/a	153.3	278.2	2.35	186.0
229.641	0.142	fixation	n/a	162.2	277.7	1093.0	n/a	n/a	n/a	n/a
229.785	0.05	saccade	n/a	160.4	277.9	n/a	170.5	93.3	7.39	395.0
229.837	0.2	fixation	n/a	171.7	80.3	1043.0	n/a	n/a	n/a	n/a
230.039	0.022	saccade	n/a	173.1	82.6	n/a	256.7	83.1	3.31	236.0
230.063	0.286	fixation	n/a	271.5	87.2	1078.0	n/a	n/a	n/a	n/a
230.351	0.03	saccade	n/a	274.5	89.7	n/a	354.0	86.4	3.2	192.0
230.383	0.238	fixation	n/a	351.5	85.3	1126.0	n/a	n/a	n/a	n/a
230.623	0.036	saccade	n/a	350.7	87.1	n/a	497.6	90.9	5.91	263.0
230.661	0.334	fixation	n/a	499.3	90.9	1106.0	n/a	n/a	n/a	n/a
230.997	0.052	saccade	n/a	501.5	93.1	n/a	194.2	105.4	12.25	470.0
231.051	0.174	fixation	n/a	194.2	108.3	1132.0	n/a	n/a	n/a	n/a
231.227	0.014	saccade	n/a	193.8	109.9	n/a	183.3	87.0	1.02	91.0
231.243	0.266	fixation	n/a	187.2	91.1	1145.0	n/a	n/a	n/a	n/a
231.284	0.0	trigger_11	11	n/a	n/a	n/a	n/a	n/a	n/a	n/a
231.288	0.0	trigger_10	10	n/a	n/a	n/a	n/a	n/a	n/a	n/a
231.511	0.04	saccade	n/a	188.0	92.7	n/a	355.4	75.2	6.71	261.0
231.553	0.202	fixation	n/a	349.7	75.0	1185.0	n/a	n/a	n/a	n/a
231.757	0.014	saccade	n/a	351.3	79.5	n/a	327.0	80.7	0.98	83.0
231.773	0.114	fixation	n/a	333.3	82.0	1191.0	n/a	n/a	n/a	n/a
231.889	0.048	saccade	n/a	332.7	81.7	n/a	535.1	83.9	8.11	396.0
231.939	0.242	fixation	n/a	550.1	87.4	1144.0	n/a	n/a	n/a	n/a
232.183	0.02	saccade	n/a	551.1	90.9	n/a	595.8	90.1	1.77	140.0
232.205	0.16	fixation	n/a	601.1	92.0	1131.0	n/a	n/a	n/a	n/a
232.367	0.064	saccade	n/a	601.2	90.8	n/a	195.3	142.4	16.18	533.0
232.433	0.186	fixation	n/a	189.0	147.1	1186.0	n/a	n/a	n/a	n/a
232.621	0.016	saccade	n/a	188.1	146.9	n/a	159.8	153.3	1.14	107.0
232.639	0.262	fixation	n/a	165.7	151.0	1170.0	n/a	n/a	n/a	n/a
232.903	0.024	saccade	n/a	167.5	151.4	n/a	159.0	94.4	2.32	172.0
232.929	0.14	fixation	n/a	159.6	100.1	1149.0	n/a	n/a	n/a	n/a
233.071	0.012	saccade	n/a	161.7	101.6	n/a	158.6	80.1	0.88	77.0
233.085	0.224	fixation	n/a	162.1	83.8	1132.0	n/a	n/a	n/a	n/a
233.311	0.024	saccade	n/a	161.8	85.4	n/a	251.3	84.8	3.54	220.0
233.337	0.268	fixation	n/a	268.9	85.5	1123.0	n/a	n/a	n/a	n/a
233.607	0.026	saccade	n/a	269.7	87.0	n/a	347.1	81.7	3.11	193.0
233.635	0.182	fixation	n/a	352.4	84.3	1127.0	n/a	n/a	n/a	n/a
233.819	0.024	saccade	n/a	354.0	85.3	n/a	440.1	86.5	3.47	206.0
233.845	0.166	fixation	n/a	453.6	86.2	1120.0	n/a	n/a	n/a	n/a
234.013	0.034	saccade	n/a	453.3	85.8	n/a	586.7	93.4	5.33	240.0
234.049	0.262	fixation	n/a	586.2	97.0	1106.0	n/a	n/a	n/a	n/a
234.313	0.062	saccade	n/a	587.2	97.8	n/a	218.7	144.8	14.72	498.0
234.377	0.142	fixation	n/a	209.3	147.8	1152.0	n/a	n/a	n/a	n/a
234.521	0.02	saccade	n/a	208.3	145.9	n/a	153.1	152.6	2.19	193.0
234.543	0.242	fixation	n/a	167.4	153.0	1146.0	n/a	n/a	n/a	n/a
234.787	0.026	saccade	n/a	168.7	154.9	n/a	181.6	71.4	3.4	255.0
234.815	0.326	fixation	n/a	187.3	87.6	1125.0	n/a	n/a	n/a	n/a
234.91	0.0	trigger_11	11	n/a	n/a	n/a	n/a	n/a	n/a	n/a
234.916	0.0	trigger_12	12	n/a	n/a	n/a	n/a	n/a	n/a	n/a
235.143	0.024	saccade	n/a	187.6	88.8	n/a	263.8	85.9	3.03	208.0
235.169	0.148	fixation	n/a	260.0	87.4	1175.0	n/a	n/a	n/a	n/a
235.319	0.026	saccade	n/a	259.7	88.6	n/a	341.7	85.3	3.28	220.0
235.347	0.21	fixation	n/a	339.9	83.4	1211.0	n/a	n/a	n/a	n/a
235.559	0.01	saccade	n/a	337.0	82.9	n/a	316.8	88.6	0.84	90.0
235.571	0.142	fixation	n/a	320.7	90.4	1186.0	n/a	n/a	n/a	n/a
235.715	0.044	saccade	n/a	320.9	92.2	n/a	444.4	86.4	4.98	288.0
235.761	0.298	fixation	n/a	457.2	91.4	1151.0	n/a	n/a	n/a	n/a
236.061	0.022	saccade	n/a	458.0	94.8	n/a	516.4	93.3	2.34	177.0
236.085	0.266	fixation	n/a	522.2	94.5	1151.0	n/a	n/a	n/a	n/a
236.353	0.058	saccade	n/a	520.0	92.9	n/a	218.3	142.5	12.19	479.0
236.413	0.248	fixation	n/a	208.3	147.8	1177.0	n/a	n/a	n/a	n/a
236.663	0.036	saccade	n/a	207.6	148.0	n/a	386.4	144.8	7.14	343.0
236.701	0.136	fixation	n/a	386.9	147.0	1169.0	n/a	n/a	n/a	n/a
236.839	0.022	saccade	n/a	388.2	144.4	n/a	317.8	147.6	2.84	201.0
236.863	0.256	fixation	n/a	320.3	150.1	1155.0	n/a	n/a	n/a	n/a
237.121	0.022	saccade	n/a	323.3	155.2	n/a	386.6	145.4	2.58	175.0
237.145	0.196	fixation	n/a	401.2	146.8	1116.0	n/a	n/a	n/a	n/a
237.343	0.034	saccade	n/a	399.7	146.5	n/a	522.5	146.1	4.93	236.0
237.379	0.168	fixation	n/a	527.1	148.5	1096.0	n/a	n/a	n/a	n/a
237.549	0.052	saccade	n/a	529.0	148.0	n/a	279.1	200.3	10.22	470.0
237.603	0.146	fixation	n/a	270.8	202.2	1124.0	n/a	n/a	n/a	n/a
237.751	0.022	saccade	n/a	271.0	202.4	n/a	191.4	206.1	3.16	238.0
237.775	0.354	fixation	n/a	195.4	209.6	1115.0	n/a	n/a	n/a	n/a
238.131	0.028	saccade	n/a	193.9	211.5	n/a	303.7	209.2	4.36	270.0
238.161	0.23	fixation	n/a	306.8	209.1	1107.0	n/a	n/a	n/a	n/a
238.393	0.042	saccade	n/a	309.9	208.7	n/a	235.7	103.0	5.22	354.0
238.437	0.308	fixation	n/a	233.1	97.4	1091.0	n/a	n/a	n/a	n/a
238.747	0.014	saccade	n/a	230.8	101.0	n/a	208.4	87.0	1.05	92.0
238.763	0.472	fixation	n/a	217.2	91.6	1142.0	n/a	n/a	n/a	n/a
238.958	0.0	trigger_13	13	n/a	n/a	n/a	n/a	n/a	n/a	n/a
239.237	0.038	saccade	n/a	218.4	95.4	n/a	357.2	93.1	5.55	240.0
239.277	0.2	fixation	n/a	353.9	90.8	1219.0	n/a	n/a	n/a	n/a
239.479	0.052	saccade	n/a	354.1	91.5	n/a	571.8	88.5	8.71	372.0
239.533	0.108	fixation	n/a	587.8	92.4	1223.0	n/a	n/a	n/a	n/a
239.643	0.16	saccade	n/a	591.1	99.0	n/a	396.6	980.2	30.91	331.0
239.805	0.032	fixation	n/a	371.9	1002.1	1060.0	n/a	n/a	n/a	n/a
239.839	0.206	saccade	n/a	348.4	1012.4	n/a	324.9	159.7	28.87	566.0
239.933	0.06	blink	n/a	n/a	n/a	n/a	n/a	n/a	n/a	n/a
240.047	0.268	fixation	n/a	332.4	167.7	1085.0	n/a	n/a	n/a	n/a
240.317	0.028	saccade	n/a	334.4	169.4	n/a	248.3	74.8	5.17	332.0
240.347	0.306	fixation	n/a	251.3	83.8	1053.0	n/a	n/a	n/a	n/a
240.454	0.0	trigger_15	15	n/a	n/a	n/a	n/a	n/a	n/a	n/a
240.458	0.0	trigger_10	10	n/a	n/a	n/a	n/a	n/a	n/a	n/a
240.655	0.024	saccade	n/a	252.6	86.6	n/a	186.0	81.1	2.65	175.0
240.681	0.404	fixation	n/a	191.0	86.1	1107.0	n/a	n/a	n/a	n/a
241.087	0.014	saccade	n/a	193.0	89.6	n/a	165.1	89.4	1.1	96.0
241.103	0.09	fixation	n/a	173.4	88.4	1140.0	n/a	n/a	n/a	n/a
241.195	0.036	saccade	n/a	173.5	88.8	n/a	340.4	87.0	6.64	312.0
241.233	0.244	fixation	n/a	336.3	82.5	1179.0	n/a	n/a	n/a	n/a
241.479	0.018	saccade	n/a	338.1	83.5	n/a	384.8	80.2	1.88	143.0
241.499	0.158	fixation	n/a	388.4	80.3	1226.0	n/a	n/a	n/a	n/a
241.659	0.028	saccade	n/a	389.0	82.0	n/a	478.1	86.2	3.59	210.0
241.689	0.222	fixation	n/a	476.4	84.2	1226.0	n/a	n/a	n/a	n/a
241.913	0.036	saccade	n/a	477.2	87.9	n/a	587.5	90.4	4.4	214.0
241.951	0.232	fixation	n/a	585.1	88.7	1198.0	n/a	n/a	n/a	n/a
242.185	0.058	saccade	n/a	586.7	91.7	n/a	257.2	145.6	13.28	498.0
242.245	0.12	fixation	n/a	249.8	146.5	1226.0	n/a	n/a	n/a	n/a
242.367	0.02	saccade	n/a	250.1	146.1	n/a	187.1	151.6	2.5	201.0
242.389	0.186	fixation	n/a	189.7	149.6	1234.0	n/a	n/a	n/a	n/a
242.577	0.01	saccade	n/a	184.3	151.3	n/a	168.0	152.0	0.64	73.0
242.589	0.096	fixation	n/a	174.6	151.5	1238.0	n/a	n/a	n/a	n/a
242.687	0.028	saccade	n/a	174.8	153.4	n/a	280.8	144.5	4.22	244.0
242.717	0.188	fixation	n/a	279.6	149.6	1218.0	n/a	n/a	n/a	n/a
242.907	0.02	saccade	n/a	279.7	152.4	n/a	231.2	151.7	1.93	148.0
242.929	0.162	fixation	n/a	236.0	151.3	1194.0	n/a	n/a	n/a	n/a
243.093	0.024	saccade	n/a	238.4	155.0	n/a	188.7	88.9	3.33	248.0
243.119	0.222	fixation	n/a	192.4	93.4	1164.0	n/a	n/a	n/a	n/a
243.343	0.012	saccade	n/a	191.5	94.3	n/a	170.6	86.6	0.88	85.0
243.357	0.264	fixation	n/a	175.4	87.4	1152.0	n/a	n/a	n/a	n/a
243.623	0.03	saccade	n/a	173.1	89.4	n/a	266.7	81.4	3.73	208.0
243.655	0.136	fixation	n/a	266.5	82.7	1154.0	n/a	n/a	n/a	n/a
243.793	0.028	saccade	n/a	267.7	86.0	n/a	360.1	81.0	3.72	221.0
243.823	0.214	fixation	n/a	365.0	80.4	1143.0	n/a	n/a	n/a	n/a
244.039	0.04	saccade	n/a	367.1	81.4	n/a	566.9	88.8	8.0	300.0
244.081	0.242	fixation	n/a	574.1	89.1	1102.0	n/a	n/a	n/a	n/a
244.325	0.018	saccade	n/a	576.1	91.9	n/a	618.0	91.8	1.66	125.0
244.345	0.062	fixation	n/a	615.8	92.4	1078.0	n/a	n/a	n/a	n/a
244.409	0.054	saccade	n/a	615.6	91.3	n/a	208.5	140.3	16.18	528.0
244.465	0.128	fixation	n/a	215.8	141.0	1117.0	n/a	n/a	n/a	n/a
244.595	0.022	saccade	n/a	217.6	144.5	n/a	146.8	148.7	2.79	222.0
244.619	0.188	fixation	n/a	157.9	149.6	1106.0	n/a	n/a	n/a	n/a
244.809	0.032	saccade	n/a	157.7	149.9	n/a	289.3	145.9	5.21	293.0
244.843	0.222	fixation	n/a	286.5	147.1	1125.0	n/a	n/a	n/a	n/a
245.067	0.028	saccade	n/a	284.1	145.3	n/a	180.5	73.0	5.05	367.0
245.097	0.344	fixation	n/a	184.5	83.6	1120.0	n/a	n/a	n/a	n/a
245.246	0.0	trigger_11	11	n/a	n/a	n/a	n/a	n/a	n/a	n/a
245.25	0.0	trigger_10	10	n/a	n/a	n/a	n/a	n/a	n/a	n/a
245.443	0.028	saccade	n/a	184.5	87.2	n/a	286.1	83.6	4.03	243.0
245.473	0.178	fixation	n/a	290.7	81.6	1141.0	n/a	n/a	n/a	n/a
245.653	0.016	saccade	n/a	290.2	81.0	n/a	255.5	84.9	1.39	116.0
245.671	0.296	fixation	n/a	261.1	84.8	1169.0	n/a	n/a	n/a	n/a
245.969	0.02	saccade	n/a	260.8	85.9	n/a	315.7	78.1	2.22	184.0
245.991	0.312	fixation	n/a	318.3	85.2	1146.0	n/a	n/a	n/a	n/a
246.305	0.032	saccade	n/a	320.4	87.4	n/a	174.2	84.2	5.81	356.0
246.339	0.768	fixation	n/a	184.0	89.5	1163.0	n/a	n/a	n/a	n/a
246.702	0.0	trigger_11	11	n/a	n/a	n/a	n/a	n/a	n/a	n/a
246.706	0.0	trigger_10	10	n/a	n/a	n/a	n/a	n/a	n/a	n/a
247.109	0.008	saccade	n/a	187.0	88.3	n/a	195.8	85.9	0.36	47.0
247.119	0.13	fixation	n/a	196.0	87.3	1202.0	n/a	n/a	n/a	n/a
247.251	0.022	saccade	n/a	194.0	88.0	n/a	265.2	79.4	2.85	198.0
247.275	0.242	fixation	n/a	282.3	81.7	1226.0	n/a	n/a	n/a	n/a
247.519	0.016	saccade	n/a	283.5	83.6	n/a	245.3	86.0	1.53	129.0
247.537	0.214	fixation	n/a	241.5	85.5	1239.0	n/a	n/a	n/a	n/a
247.753	0.028	saccade	n/a	242.6	86.0	n/a	151.3	85.4	3.6	241.0
247.783	0.254	fixation	n/a	162.7	90.0	1216.0	n/a	n/a	n/a	n/a
248.039	0.04	saccade	n/a	160.3	91.9	n/a	368.1	89.9	8.26	405.0
248.081	0.148	fixation	n/a	371.0	87.0	1219.0	n/a	n/a	n/a	n/a
248.231	0.022	saccade	n/a	372.6	85.1	n/a	318.1	90.3	2.2	168.0
248.255	0.206	fixation	n/a	327.6	88.4	1239.0	n/a	n/a	n/a	n/a
248.463	0.034	saccade	n/a	328.0	89.2	n/a	459.8	84.2	5.3	301.0
248.499	0.338	fixation	n/a	460.5	89.5	1186.0	n/a	n/a	n/a	n/a
248.839	0.034	saccade	n/a	460.3	90.1	n/a	301.3	86.6	6.39	367.0
248.875	0.282	fixation	n/a	305.2	87.0	1185.0	n/a	n/a	n/a	n/a
249.159	0.04	saccade	n/a	307.3	88.1	n/a	199.2	87.8	4.31	346.0
249.201	0.4	fixation	n/a	192.2	90.0	1212.0	n/a	n/a	n/a	n/a
249.398	0.0	trigger_11	11	n/a	n/a	n/a	n/a	n/a	n/a	n/a
249.402	0.0	trigger_10	10	n/a	n/a	n/a	n/a	n/a	n/a	n/a
249.603	0.036	saccade	n/a	192.7	91.4	n/a	356.1	77.6	6.55	305.0
249.641	0.138	fixation	n/a	357.6	75.7	1225.0	n/a	n/a	n/a	n/a
249.781	0.018	saccade	n/a	360.5	76.9	n/a	316.9	80.9	1.76	143.0
249.801	0.198	fixation	n/a	323.7	80.6	1232.0	n/a	n/a	n/a	n/a
250.001	0.05	saccade	n/a	323.8	81.0	n/a	524.9	81.9	8.06	367.0
250.053	0.21	fixation	n/a	542.8	87.7	1175.0	n/a	n/a	n/a	n/a
250.265	0.032	saccade	n/a	544.6	89.2	n/a	440.5	84.1	4.18	225.0
250.299	0.28	fixation	n/a	445.1	86.5	1152.0	n/a	n/a	n/a	n/a
250.581	0.026	saccade	n/a	443.6	88.9	n/a	364.2	82.9	3.21	225.0
250.609	0.196	fixation	n/a	371.7	85.6	1140.0	n/a	n/a	n/a	n/a
250.807	0.022	saccade	n/a	370.6	85.8	n/a	320.0	80.8	2.05	141.0
250.831	0.202	fixation	n/a	325.8	85.4	1148.0	n/a	n/a	n/a	n/a
251.035	0.018	saccade	n/a	325.7	86.4	n/a	289.9	86.6	1.43	120.0
251.055	0.214	fixation	n/a	297.3	88.7	1171.0	n/a	n/a	n/a	n/a
251.271	0.024	saccade	n/a	297.5	90.4	n/a	225.0	83.2	2.91	208.0
251.297	0.374	fixation	n/a	235.8	90.1	1184.0	n/a	n/a	n/a	n/a
251.478	0.0	trigger_11	11	n/a	n/a	n/a	n/a	n/a	n/a	n/a
251.482	0.0	trigger_10	10	n/a	n/a	n/a	n/a	n/a	n/a	n/a
251.673	0.022	saccade	n/a	234.2	90.3	n/a	286.7	82.2	2.12	130.0
251.697	0.156	fixation	n/a	298.3	81.3	1223.0	n/a	n/a	n/a	n/a
251.855	0.028	saccade	n/a	297.0	79.7	n/a	184.1	84.4	4.49	284.0
251.885	0.308	fixation	n/a	193.0	86.4	1262.0	n/a	n/a	n/a	n/a
252.195	0.024	saccade	n/a	192.8	87.3	n/a	262.9	80.4	2.8	187.0
252.221	0.876	fixation	n/a	278.3	86.6	1272.0	n/a	n/a	n/a	n/a
252.886	0.0	trigger_11	11	n/a	n/a	n/a	n/a	n/a	n/a	n/a
252.89	0.0	trigger_10	10	n/a	n/a	n/a	n/a	n/a	n/a	n/a
253.099	0.028	saccade	n/a	288.8	92.5	n/a	201.1	87.8	3.49	203.0
253.129	0.164	fixation	n/a	209.9	87.6	1279.0	n/a	n/a	n/a	n/a
253.295	0.018	saccade	n/a	212.5	84.3	n/a	171.3	88.0	1.63	122.0
253.315	0.23	fixation	n/a	177.6	90.7	1306.0	n/a	n/a	n/a	n/a
253.547	0.042	saccade	n/a	174.3	92.7	n/a	372.5	82.7	7.91	324.0
253.591	0.312	fixation	n/a	368.0	78.2	1323.0	n/a	n/a	n/a	n/a
253.905	0.022	saccade	n/a	367.8	78.7	n/a	419.4	76.5	2.08	138.0
253.929	0.35	fixation	n/a	417.7	78.8	1308.0	n/a	n/a	n/a	n/a
254.281	0.026	saccade	n/a	420.5	83.9	n/a	497.9	83.8	3.11	167.0
254.309	0.244	fixation	n/a	498.7	83.7	1262.0	n/a	n/a	n/a	n/a
254.555	0.054	saccade	n/a	501.1	84.7	n/a	265.1	87.4	9.46	435.0
254.611	0.166	fixation	n/a	255.6	89.3	1291.0	n/a	n/a	n/a	n/a
254.779	0.028	saccade	n/a	256.7	88.9	n/a	173.7	87.5	3.29	221.0
254.809	0.37	fixation	n/a	182.6	89.2	1276.0	n/a	n/a	n/a	n/a
255.181	0.038	saccade	n/a	180.5	90.9	n/a	321.6	79.7	5.63	268.0
255.221	0.1	fixation	n/a	321.5	75.9	1270.0	n/a	n/a	n/a	n/a
255.323	0.034	saccade	n/a	324.7	77.3	n/a	475.2	76.6	6.04	338.0
255.359	0.174	fixation	n/a	477.6	79.2	1262.0	n/a	n/a	n/a	n/a
255.535	0.056	saccade	n/a	482.8	82.5	n/a	232.2	79.3	10.0	460.0
255.593	0.31	fixation	n/a	221.6	85.3	1257.0	n/a	n/a	n/a	n/a
255.71	0.0	trigger_11	11	n/a	n/a	n/a	n/a	n/a	n/a	n/a
255.716	0.0	trigger_10	10	n/a	n/a	n/a	n/a	n/a	n/a	n/a
255.905	0.02	saccade	n/a	221.8	89.5	n/a	174.6	85.6	1.87	144.0
255.927	0.26	fixation	n/a	185.0	87.3	1233.0	n/a	n/a	n/a	n/a
256.189	0.048	saccade	n/a	182.7	89.3	n/a	341.2	77.4	6.32	280.0
256.239	0.168	fixation	n/a	356.2	76.9	1272.0	n/a	n/a	n/a	n/a
256.409	0.018	saccade	n/a	358.9	78.8	n/a	317.8	84.4	1.67	135.0
256.429	0.272	fixation	n/a	322.5	85.8	1279.0	n/a	n/a	n/a	n/a
256.703	0.028	saccade	n/a	322.9	88.8	n/a	417.4	83.4	3.81	221.0
256.733	0.148	fixation	n/a	418.5	82.0	1263.0	n/a	n/a	n/a	n/a
256.883	0.03	saccade	n/a	418.6	82.9	n/a	511.0	88.7	3.72	194.0
256.915	0.262	fixation	n/a	505.9	89.3	1224.0	n/a	n/a	n/a	n/a
257.179	0.018	saccade	n/a	506.0	89.6	n/a	547.7	90.5	1.67	136.0
257.199	0.184	fixation	n/a	549.4	89.8	1193.0	n/a	n/a	n/a	n/a
257.385	0.016	saccade	n/a	549.1	89.1	n/a	584.4	90.8	1.41	105.0
257.403	0.106	fixation	n/a	587.7	92.7	1167.0	n/a	n/a	n/a	n/a
257.511	0.06	saccade	n/a	590.3	93.0	n/a	244.9	140.6	13.84	491.0
257.573	0.096	fixation	n/a	236.9	143.9	1216.0	n/a	n/a	n/a	n/a
257.671	0.022	saccade	n/a	237.9	144.1	n/a	168.7	151.4	2.75	217.0
257.695	0.258	fixation	n/a	177.7	154.0	1221.0	n/a	n/a	n/a	n/a
257.955	0.034	saccade	n/a	178.8	155.1	n/a	313.5	147.8	5.36	295.0
257.991	0.232	fixation	n/a	312.1	146.7	1228.0	n/a	n/a	n/a	n/a
258.225	0.04	saccade	n/a	314.1	148.5	n/a	527.0	148.4	8.53	365.0
258.267	0.232	fixation	n/a	529.1	147.3	1203.0	n/a	n/a	n/a	n/a
258.501	0.018	saccade	n/a	528.1	144.6	n/a	489.3	143.0	1.56	128.0
258.521	0.07	fixation	n/a	494.7	144.7	1186.0	n/a	n/a	n/a	n/a
258.593	0.03	saccade	n/a	493.4	144.8	n/a	602.3	149.2	4.34	267.0
258.625	0.172	fixation	n/a	600.6	150.3	1163.0	n/a	n/a	n/a	n/a
258.799	0.05	saccade	n/a	601.7	151.8	n/a	268.2	86.9	13.52	505.0
258.851	0.184	fixation	n/a	275.0	88.0	1179.0	n/a	n/a	n/a	n/a
259.037	0.036	saccade	n/a	276.3	91.9	n/a	197.0	84.6	3.17	319.0
259.075	0.446	fixation	n/a	195.5	85.8	1197.0	n/a	n/a	n/a	n/a
259.318	0.0	trigger_11	11	n/a	n/a	n/a	n/a	n/a	n/a	n/a
259.324	0.0	trigger_10	10	n/a	n/a	n/a	n/a	n/a	n/a	n/a
259.523	0.036	saccade	n/a	196.8	90.7	n/a	327.2	80.0	5.21	251.0
259.561	0.158	fixation	n/a	324.1	79.1	1230.0	n/a	n/a	n/a	n/a
259.721	0.024	saccade	n/a	323.3	78.4	n/a	269.4	83.3	2.17	139.0
259.747	0.21	fixation	n/a	272.2	85.3	1276.0	n/a	n/a	n/a	n/a
259.959	0.03	saccade	n/a	272.5	87.2	n/a	368.3	78.8	3.86	206.0
259.991	0.17	fixation	n/a	368.8	82.9	1248.0	n/a	n/a	n/a	n/a
260.163	0.026	saccade	n/a	369.0	85.2	n/a	444.9	88.3	3.06	174.0
260.191	0.286	fixation	n/a	461.6	85.5	1214.0	n/a	n/a	n/a	n/a
260.479	0.028	saccade	n/a	461.1	86.1	n/a	545.4	92.5	3.38	174.0
260.509	0.264	fixation	n/a	543.7	90.2	1207.0	n/a	n/a	n/a	n/a
260.775	0.02	saccade	n/a	543.0	88.9	n/a	589.9	88.8	1.86	137.0
260.797	0.264	fixation	n/a	591.4	90.4	1210.0	n/a	n/a	n/a	n/a
261.063	0.034	saccade	n/a	594.8	90.3	n/a	449.7	81.8	5.79	319.0
261.099	0.254	fixation	n/a	458.6	85.5	1232.0	n/a	n/a	n/a	n/a
261.355	0.022	saccade	n/a	457.8	84.8	n/a	512.2	86.1	2.18	172.0
261.379	0.27	fixation	n/a	508.8	86.2	1227.0	n/a	n/a	n/a	n/a
261.651	0.044	saccade	n/a	510.6	87.1	n/a	228.7	80.2	11.23	450.0
261.697	0.24	fixation	n/a	238.1	81.0	1224.0	n/a	n/a	n/a	n/a
261.939	0.024	saccade	n/a	240.5	82.8	n/a	165.4	78.6	2.97	208.0
261.965	0.152	fixation	n/a	176.3	80.3	1238.0	n/a	n/a	n/a	n/a
262.119	0.054	saccade	n/a	176.5	81.9	n/a	471.3	77.5	11.72	420.0
262.175	0.142	fixation	n/a	487.9	79.4	1216.0	n/a	n/a	n/a	n/a
262.319	0.054	saccade	n/a	493.1	82.8	n/a	229.3	76.4	10.53	455.0
262.375	0.252	fixation	n/a	225.3	83.5	1189.0	n/a	n/a	n/a	n/a
262.43	0.0	trigger_11	11	n/a	n/a	n/a	n/a	n/a	n/a	n/a
262.434	0.0	trigger_10	10	n/a	n/a	n/a	n/a	n/a	n/a	n/a
262.629	0.018	saccade	n/a	230.0	86.3	n/a	260.8	85.2	1.23	87.0
262.649	0.098	fixation	n/a	265.4	85.7	1167.0	n/a	n/a	n/a	n/a
262.749	0.026	saccade	n/a	264.6	86.6	n/a	159.0	83.4	4.18	278.0
262.777	0.294	fixation	n/a	165.8	87.9	1175.0	n/a	n/a	n/a	n/a
263.073	0.024	saccade	n/a	169.1	91.8	n/a	239.9	85.6	2.81	175.0
263.099	0.188	fixation	n/a	247.7	88.6	1175.0	n/a	n/a	n/a	n/a
263.289	0.036	saccade	n/a	249.0	89.9	n/a	396.8	81.3	5.93	278.0
263.327	0.298	fixation	n/a	395.4	81.1	1180.0	n/a	n/a	n/a	n/a
263.627	0.02	saccade	n/a	395.5	83.1	n/a	353.2	83.7	1.71	128.0
263.649	0.082	fixation	n/a	363.2	86.3	1173.0	n/a	n/a	n/a	n/a
263.733	0.034	saccade	n/a	362.1	86.9	n/a	480.3	88.5	4.76	250.0
263.769	0.192	fixation	n/a	476.3	87.1	1143.0	n/a	n/a	n/a	n/a
263.963	0.016	saccade	n/a	475.1	93.8	n/a	444.9	90.6	1.22	90.0
263.981	0.328	fixation	n/a	384.9	86.6	1140.0	n/a	n/a	n/a	n/a
264.311	0.028	saccade	n/a	379.5	84.0	n/a	464.4	85.7	3.42	192.0
264.341	0.266	fixation	n/a	467.3	89.4	1101.0	n/a	n/a	n/a	n/a
264.609	0.036	saccade	n/a	467.8	85.8	n/a	309.3	91.6	6.37	337.0
264.647	0.142	fixation	n/a	313.4	92.9	1116.0	n/a	n/a	n/a	n/a
264.791	0.028	saccade	n/a	311.4	93.6	n/a	409.7	77.7	4.01	244.0
264.821	0.122	fixation	n/a	407.6	79.9	1130.0	n/a	n/a	n/a	n/a
264.945	0.032	saccade	n/a	409.4	80.8	n/a	269.7	84.1	5.61	348.0
264.979	0.184	fixation	n/a	275.3	88.7	1154.0	n/a	n/a	n/a	n/a
265.165	0.026	saccade	n/a	274.7	86.6	n/a	185.1	83.1	3.56	272.0
265.193	0.184	fixation	n/a	193.3	87.1	1134.0	n/a	n/a	n/a	n/a
265.379	0.028	saccade	n/a	195.5	87.5	n/a	290.2	84.1	3.77	234.0
265.409	0.422	fixation	n/a	291.8	86.0	1154.0	n/a	n/a	n/a	n/a
265.608	0.0	trigger_11	11	n/a	n/a	n/a	n/a	n/a	n/a	n/a
265.612	0.0	trigger_10	10	n/a	n/a	n/a	n/a	n/a	n/a	n/a
265.833	0.026	saccade	n/a	294.3	88.9	n/a	209.8	80.2	3.38	217.0
265.861	0.278	fixation	n/a	215.7	84.9	1170.0	n/a	n/a	n/a	n/a
266.141	0.04	saccade	n/a	217.4	86.3	n/a	365.1	79.1	5.92	232.0
266.183	0.212	fixation	n/a	366.7	80.4	1179.0	n/a	n/a	n/a	n/a
266.397	0.028	saccade	n/a	368.0	81.5	n/a	451.4	76.3	3.36	204.0
266.427	0.238	fixation	n/a	454.3	81.0	1146.0	n/a	n/a	n/a	n/a
266.667	0.018	saccade	n/a	454.5	80.0	n/a	501.3	82.5	1.88	158.0
266.687	0.182	fixation	n/a	506.0	83.5	1137.0	n/a	n/a	n/a	n/a
266.871	0.016	saccade	n/a	506.5	84.2	n/a	539.1	85.3	1.3	106.0
266.889	0.086	fixation	n/a	540.7	89.1	1130.0	n/a	n/a	n/a	n/a
266.977	0.058	saccade	n/a	541.9	90.6	n/a	237.0	138.9	12.31	473.0
267.037	0.128	fixation	n/a	228.5	141.8	1161.0	n/a	n/a	n/a	n/a
267.167	0.02	saccade	n/a	226.4	140.4	n/a	172.3	151.2	2.18	179.0
267.189	0.32	fixation	n/a	178.0	152.1	1157.0	n/a	n/a	n/a	n/a
267.511	0.022	saccade	n/a	180.6	151.1	n/a	167.9	99.4	2.14	147.0
267.535	0.246	fixation	n/a	170.8	98.3	1098.0	n/a	n/a	n/a	n/a
267.783	0.036	saccade	n/a	169.6	97.9	n/a	318.6	85.8	5.93	279.0
267.821	0.452	fixation	n/a	319.1	85.6	1096.0	n/a	n/a	n/a	n/a
268.275	0.04	saccade	n/a	317.6	88.2	n/a	510.3	87.4	7.72	313.0
268.317	0.262	fixation	n/a	510.0	88.1	1103.0	n/a	n/a	n/a	n/a
268.581	0.032	saccade	n/a	511.2	89.1	n/a	415.5	79.7	3.86	196.0
268.615	0.15	fixation	n/a	420.1	82.1	1118.0	n/a	n/a	n/a	n/a
268.767	0.024	saccade	n/a	421.1	83.9	n/a	359.8	84.2	2.47	174.0
268.793	0.458	fixation	n/a	368.1	85.8	1114.0	n/a	n/a	n/a	n/a
269.253	0.032	saccade	n/a	366.4	85.9	n/a	469.9	83.5	4.17	185.0
269.287	0.064	fixation	n/a	464.6	82.3	1108.0	n/a	n/a	n/a	n/a
269.353	0.03	saccade	n/a	466.7	85.5	n/a	553.7	90.6	3.49	214.0
269.385	0.134	fixation	n/a	546.0	86.4	1125.0	n/a	n/a	n/a	n/a
269.521	0.056	saccade	n/a	548.0	87.0	n/a	244.6	143.4	12.3	514.0
269.579	0.142	fixation	n/a	233.7	143.0	1214.0	n/a	n/a	n/a	n/a
269.712	0.0	trigger_11	11	n/a	n/a	n/a	n/a	n/a	n/a	n/a
269.714	0.0	trigger_18	18	n/a	n/a	n/a	n/a	n/a	n/a	n/a
269.723	0.032	saccade	n/a	233.9	145.3	n/a	199.0	88.9	2.67	240.0
269.757	0.568	fixation	n/a	190.7	93.1	1185.0	n/a	n/a	n/a	n/a
270.327	0.04	saccade	n/a	192.3	95.8	n/a	349.5	84.4	6.28	242.0
270.369	0.18	fixation	n/a	345.4	82.8	1222.0	n/a	n/a	n/a	n/a
270.551	0.158	saccade	n/a	349.1	90.4	n/a	348.8	79.6	0.44	586.0
270.595	0.054	blink	n/a	n/a	n/a	n/a	n/a	n/a	n/a	n/a
270.711	0.21	fixation	n/a	354.9	77.0	1222.0	n/a	n/a	n/a	n/a
270.923	0.034	saccade	n/a	353.8	80.2	n/a	487.7	84.5	5.39	250.0
270.959	0.474	fixation	n/a	482.6	86.4	1097.0	n/a	n/a	n/a	n/a
271.435	0.042	saccade	n/a	480.2	83.3	n/a	254.3	139.3	9.32	357.0
271.479	0.284	fixation	n/a	257.7	139.3	1137.0	n/a	n/a	n/a	n/a
271.765	0.024	saccade	n/a	258.3	139.0	n/a	193.3	110.4	2.83	212.0
271.791	0.182	fixation	n/a	201.2	113.4	1194.0	n/a	n/a	n/a	n/a
271.975	0.172	saccade	n/a	208.5	122.8	n/a	205.3	77.7	1.83	767.0
272.015	0.066	blink	n/a	n/a	n/a	n/a	n/a	n/a	n/a	n/a
272.149	0.078	fixation	n/a	209.0	91.6	1177.0	n/a	n/a	n/a	n/a
