onset	duration	trial_type	value	gaze_x	gaze_y	pupil_size	sacc_endx	sacc_endy	sacc_amplitude	sacc_peakvel
1.994	0.648	fixation	n/a	394.2	289.7	1081.0	n/a	n/a	n/a	n/a
2.034	0.0	trigger_101	101	n/a	n/a	n/a	n/a	n/a	n/a	n/a
2.036	0.0	trigger_19	19	n/a	n/a	n/a	n/a	n/a	n/a	n/a
2.042	0.0	trigger_12	12	n/a	n/a	n/a	n/a	n/a	n/a	n/a
2.644	0.018	saccade	n/a	396.1	288.9	n/a	359.9	281.3	1.48	114.0
2.664	1.532	fixation	n/a	367.9	278.0	1171.0	n/a	n/a	n/a	n/a
4.198	0.038	saccade	n/a	369.0	280.0	n/a	312.6	119.6	6.89	272.0
4.238	0.086	fixation	n/a	314.8	119.7	1203.0	n/a	n/a	n/a	n/a
4.326	0.03	saccade	n/a	314.4	121.5	n/a	216.4	92.0	4.09	228.0
4.358	0.15	fixation	n/a	220.2	90.9	1233.0	n/a	n/a	n/a	n/a
4.51	0.022	saccade	n/a	221.0	90.5	n/a	162.9	89.6	2.29	168.0
4.534	0.182	fixation	n/a	160.7	92.4	1266.0	n/a	n/a	n/a	n/a
4.718	0.026	saccade	n/a	161.0	93.3	n/a	254.7	83.0	3.73	207.0
4.746	0.15	fixation	n/a	259.9	84.9	1231.0	n/a	n/a	n/a	n/a
4.898	0.038	saccade	n/a	259.6	85.4	n/a	423.5	79.9	6.57	249.0
4.938	0.186	fixation	n/a	423.1	79.9	1208.0	n/a	n/a	n/a	n/a
5.126	0.02	saccade	n/a	424.7	82.1	n/a	370.6	84.9	2.18	147.0
5.148	0.184	fixation	n/a	363.4	85.2	1210.0	n/a	n/a	n/a	n/a
5.334	0.032	saccade	n/a	364.9	85.5	n/a	230.0	89.4	5.4	264.0
5.368	0.166	fixation	n/a	234.1	90.9	1203.0	n/a	n/a	n/a	n/a
5.536	0.022	saccade	n/a	235.4	90.7	n/a	164.5	92.0	2.8	201.0
5.56	0.188	fixation	n/a	164.7	92.7	1186.0	n/a	n/a	n/a	n/a
5.75	0.03	saccade	n/a	162.9	93.3	n/a	272.1	84.8	4.34	216.0
5.782	0.234	fixation	n/a	277.7	87.3	1169.0	n/a	n/a	n/a	n/a
6.018	0.024	saccade	n/a	277.3	88.1	n/a	354.6	82.6	3.11	203.0
6.044	0.254	fixation	n/a	366.7	83.9	1168.0	n/a	n/a	n/a	n/a
6.3	0.034	saccade	n/a	367.2	87.1	n/a	497.0	79.1	5.23	244.0
6.336	0.29	fixation	n/a	496.1	78.7	1121.0	n/a	n/a	n/a	n/a
6.344	0.0	trigger_13	13	n/a	n/a	n/a	n/a	n/a	n/a	n/a
6.628	0.02	saccade	n/a	496.5	77.0	n/a	443.6	80.8	2.13	152.0
6.65	0.296	fixation	n/a	450.2	81.4	1113.0	n/a	n/a	n/a	n/a
6.948	0.118	saccade	n/a	448.7	84.4	n/a	507.3	98.7	2.42	331.0
7.068	0.182	fixation	n/a	505.0	74.3	1109.0	n/a	n/a	n/a	n/a
7.252	0.372	saccade	n/a	506.5	78.6	n/a	341.8	92.6	6.63	458.0
7.302	0.266	blink	n/a	n/a	n/a	n/a	n/a	n/a	n/a	n/a
7.626	0.212	fixation	n/a	348.6	95.6	1110.0	n/a	n/a	n/a	n/a
7.84	0.036	saccade	n/a	348.8	97.3	n/a	199.6	90.3	5.96	300.0
7.878	0.332	fixation	n/a	209.6	92.5	1106.0	n/a	n/a	n/a	n/a
8.0	0.0	trigger_15	15	n/a	n/a	n/a	n/a	n/a	n/a	n/a
8.004	0.0	trigger_10	10	n/a	n/a	n/a	n/a	n/a	n/a	n/a
8.212	0.042	saccade	n/a	214.1	96.6	n/a	477.5	79.0	10.54	388.0
8.256	0.27	fixation	n/a	474.1	80.6	1064.0	n/a	n/a	n/a	n/a
8.528	0.042	saccade	n/a	476.8	83.1	n/a	217.8	102.9	10.37	405.0
8.572	0.246	fixation	n/a	231.9	103.8	1143.0	n/a	n/a	n/a	n/a
8.82	0.044	saccade	n/a	232.7	102.4	n/a	468.2	82.2	9.44	320.0
8.866	0.094	fixation	n/a	458.6	80.7	1210.0	n/a	n/a	n/a	n/a
8.962	0.22	saccade	n/a	455.4	85.9	n/a	485.0	116.7	1.73	391.0
9.012	0.108	blink	n/a	n/a	n/a	n/a	n/a	n/a	n/a	n/a
9.184	0.336	fixation	n/a	485.0	117.1	1265.0	n/a	n/a	n/a	n/a
9.522	0.04	saccade	n/a	483.9	119.1	n/a	287.0	166.5	8.12	358.0
9.564	0.16	fixation	n/a	298.2	167.1	1327.0	n/a	n/a	n/a	n/a
9.726	0.03	saccade	n/a	301.6	171.8	n/a	289.3	80.8	3.74	224.0
9.758	0.438	fixation	n/a	292.9	91.0	1280.0	n/a	n/a	n/a	n/a
10.198	0.03	saccade	n/a	293.7	91.3	n/a	204.8	84.2	3.55	184.0
10.23	0.154	fixation	n/a	208.2	85.9	1268.0	n/a	n/a	n/a	n/a
10.386	0.018	saccade	n/a	208.6	86.4	n/a	161.5	85.1	1.86	140.0
10.406	0.26	fixation	n/a	160.3	84.3	1292.0	n/a	n/a	n/a	n/a
10.668	0.034	saccade	n/a	160.0	84.9	n/a	289.8	76.2	5.15	238.0
10.704	0.138	fixation	n/a	286.6	77.1	1305.0	n/a	n/a	n/a	n/a
10.844	0.02	saccade	n/a	286.8	80.0	n/a	243.1	83.8	1.75	130.0
10.866	0.456	fixation	n/a	248.6	86.6	1323.0	n/a	n/a	n/a	n/a
11.324	0.016	saccade	n/a	249.1	86.5	n/a	214.9	82.0	1.37	104.0
11.342	0.178	fixation	n/a	221.5	85.8	1356.0	n/a	n/a	n/a	n/a
11.522	0.022	saccade	n/a	222.9	87.2	n/a	160.4	83.3	2.47	159.0
11.546	0.26	fixation	n/a	156.7	85.8	1371.0	n/a	n/a	n/a	n/a
11.808	0.01	saccade	n/a	154.3	87.4	n/a	135.6	86.7	0.73	76.0
11.82	0.252	fixation	n/a	136.1	87.7	1415.0	n/a	n/a	n/a	n/a
12.026	0.0	trigger_11	11	n/a	n/a	n/a	n/a	n/a	n/a	n/a
12.032	0.0	trigger_10	10	n/a	n/a	n/a	n/a	n/a	n/a	n/a
12.074	0.034	saccade	n/a	134.2	88.2	n/a	242.6	83.6	4.27	192.0
12.11	0.174	fixation	n/a	241.0	82.3	1426.0	n/a	n/a	n/a	n/a
12.286	0.024	saccade	n/a	242.1	83.8	n/a	301.9	78.4	2.4	147.0
12.312	0.14	fixation	n/a	302.3	80.7	1401.0	n/a	n/a	n/a	n/a
12.454	0.018	saccade	n/a	303.8	80.6	n/a	259.5	83.1	1.77	136.0
12.474	0.26	fixation	n/a	261.0	84.1	1346.0	n/a	n/a	n/a	n/a
12.736	0.028	saccade	n/a	258.2	88.1	n/a	171.8	84.7	3.42	199.0
12.766	0.288	fixation	n/a	176.2	89.1	1306.0	n/a	n/a	n/a	n/a
13.056	0.358	saccade	n/a	177.9	89.5	n/a	251.7	108.3	3.02	523.0
13.114	0.24	blink	n/a	n/a	n/a	n/a	n/a	n/a	n/a	n/a
13.416	0.024	fixation	n/a	251.0	86.2	1275.0	n/a	n/a	n/a	n/a
13.442	0.244	saccade	n/a	251.6	77.8	n/a	243.3	77.7	0.33	803.0
13.486	0.136	blink	n/a	n/a	n/a	n/a	n/a	n/a	n/a	n/a
13.688	0.276	fixation	n/a	249.4	90.5	1206.0	n/a	n/a	n/a	n/a
13.966	0.02	saccade	n/a	248.7	93.5	n/a	195.2	97.6	2.13	160.0
13.988	0.248	fixation	n/a	199.3	98.9	1141.0	n/a	n/a	n/a	n/a
14.238	0.016	saccade	n/a	199.6	99.7	n/a	160.1	87.2	1.64	133.0
14.256	0.274	fixation	n/a	159.8	89.2	1157.0	n/a	n/a	n/a	n/a
14.532	0.014	saccade	n/a	160.0	91.2	n/a	191.0	87.4	1.23	102.0
14.548	0.174	fixation	n/a	193.8	90.3	1161.0	n/a	n/a	n/a	n/a
14.724	0.022	saccade	n/a	194.6	91.9	n/a	134.5	91.0	2.36	151.0
14.748	0.246	fixation	n/a	136.9	93.7	1164.0	n/a	n/a	n/a	n/a
14.996	0.022	saccade	n/a	137.5	93.2	n/a	205.2	86.4	2.67	175.0
15.02	0.314	fixation	n/a	219.3	85.5	1213.0	n/a	n/a	n/a	n/a
15.336	0.016	saccade	n/a	221.4	85.0	n/a	180.3	85.3	1.62	125.0
15.354	0.084	fixation	n/a	176.6	84.4	1243.0	n/a	n/a	n/a	n/a
15.44	0.02	saccade	n/a	176.8	84.8	n/a	126.2	86.2	1.98	151.0
15.462	0.228	fixation	n/a	133.0	90.6	1218.0	n/a	n/a	n/a	n/a
15.692	0.032	saccade	n/a	133.3	94.0	n/a	259.3	87.7	4.97	240.0
15.726	0.234	fixation	n/a	256.1	87.8	1204.0	n/a	n/a	n/a	n/a
15.962	0.016	saccade	n/a	255.5	89.7	n/a	223.2	87.4	1.29	100.0
15.98	0.106	fixation	n/a	224.4	89.5	1201.0	n/a	n/a	n/a	n/a
16.088	0.03	saccade	n/a	224.6	92.0	n/a	330.5	78.9	4.26	219.0
16.12	0.456	fixation	n/a	331.5	81.1	1194.0	n/a	n/a	n/a	n/a
16.578	0.026	saccade	n/a	333.1	81.8	n/a	401.1	76.5	2.74	145.0
16.606	0.18	fixation	n/a	409.0	77.3	1167.0	n/a	n/a	n/a	n/a
16.788	0.032	saccade	n/a	409.0	80.2	n/a	518.8	72.3	4.42	216.0
16.822	0.17	fixation	n/a	521.4	72.4	1120.0	n/a	n/a	n/a	n/a
16.994	0.02	saccade	n/a	522.6	76.6	n/a	572.3	70.0	2.0	136.0
17.016	0.162	fixation	n/a	580.6	69.4	1084.0	n/a	n/a	n/a	n/a
17.18	0.054	saccade	n/a	582.0	71.2	n/a	153.2	132.7	17.06	536.0
17.236	0.112	fixation	n/a	167.7	133.7	1104.0	n/a	n/a	n/a	n/a
17.35	0.018	saccade	n/a	169.8	133.7	n/a	124.5	146.6	1.84	147.0
17.37	0.2	fixation	n/a	128.8	148.0	1095.0	n/a	n/a	n/a	n/a
17.572	0.024	saccade	n/a	127.9	148.1	n/a	221.8	142.8	3.7	207.0
17.598	0.174	fixation	n/a	235.8	142.1	1113.0	n/a	n/a	n/a	n/a
17.774	0.034	saccade	n/a	233.5	141.2	n/a	362.0	136.3	5.14	255.0
17.81	0.216	fixation	n/a	361.9	135.5	1136.0	n/a	n/a	n/a	n/a
18.028	0.028	saccade	n/a	361.8	136.3	n/a	459.5	130.8	3.94	216.0
18.058	0.222	fixation	n/a	461.7	131.7	1117.0	n/a	n/a	n/a	n/a
18.282	0.018	saccade	n/a	461.4	134.3	n/a	508.4	129.7	1.89	146.0
18.302	0.126	fixation	n/a	514.8	131.8	1086.0	n/a	n/a	n/a	n/a
18.43	0.02	saccade	n/a	513.2	133.0	n/a	564.0	128.5	2.03	152.0
18.452	0.196	fixation	n/a	571.4	132.5	1074.0	n/a	n/a	n/a	n/a
18.65	0.05	saccade	n/a	571.4	131.6	n/a	229.5	192.3	13.79	476.0
18.702	0.124	fixation	n/a	238.6	192.5	1113.0	n/a	n/a	n/a	n/a
18.828	0.024	saccade	n/a	237.0	191.6	n/a	155.9	200.4	3.21	208.0
18.854	0.212	fixation	n/a	153.1	200.9	1100.0	n/a	n/a	n/a	n/a
19.068	0.042	saccade	n/a	153.2	203.6	n/a	387.1	185.6	9.29	373.0
19.112	0.228	fixation	n/a	385.5	188.7	1065.0	n/a	n/a	n/a	n/a
19.342	0.034	saccade	n/a	384.4	191.5	n/a	508.4	189.6	4.97	210.0
19.378	0.216	fixation	n/a	507.5	189.2	1047.0	n/a	n/a	n/a	n/a
19.596	0.016	saccade	n/a	507.1	190.8	n/a	473.0	192.9	1.37	119.0
19.614	0.154	fixation	n/a	474.3	192.5	1036.0	n/a	n/a	n/a	n/a
19.77	0.024	saccade	n/a	473.3	193.0	n/a	541.7	188.3	2.74	155.0
19.796	0.236	fixation	n/a	550.5	191.2	1005.0	n/a	n/a	n/a	n/a
20.034	0.022	saccade	n/a	551.8	190.5	n/a	485.4	192.9	2.65	188.0
20.058	0.128	fixation	n/a	494.2	194.4	1006.0	n/a	n/a	n/a	n/a
20.188	0.044	saccade	n/a	494.5	194.8	n/a	234.1	86.8	11.27	430.0
20.234	0.178	fixation	n/a	235.6	88.8	1015.0	n/a	n/a	n/a	n/a
20.414	0.028	saccade	n/a	238.5	91.2	n/a	160.4	80.4	3.12	176.0
20.444	0.148	fixation	n/a	168.1	82.5	1032.0	n/a	n/a	n/a	n/a
20.594	0.026	saccade	n/a	169.5	85.0	n/a	265.8	80.8	3.82	210.0
20.594	0.0	trigger_11	11	n/a	n/a	n/a	n/a	n/a	n/a	n/a
20.602	0.0	trigger_10	10	n/a	n/a	n/a	n/a	n/a	n/a	n/a
20.622	0.104	fixation	n/a	272.2	82.1	1066.0	n/a	n/a	n/a	n/a
20.728	0.032	saccade	n/a	273.3	81.4	n/a	133.6	83.0	5.51	269.0
20.762	0.282	fixation	n/a	145.7	82.6	1082.0	n/a	n/a	n/a	n/a
21.046	0.034	saccade	n/a	148.4	83.8	n/a	266.3	80.5	4.66	210.0
21.082	0.136	fixation	n/a	265.8	79.7	1112.0	n/a	n/a	n/a	n/a
21.22	0.02	saccade	n/a	266.5	80.4	n/a	216.1	86.2	2.02	156.0
21.242	0.214	fixation	n/a	213.4	88.0	1109.0	n/a	n/a	n/a	n/a
21.458	0.034	saccade	n/a	214.5	88.1	n/a	383.6	78.5	6.78	326.0
21.494	0.19	fixation	n/a	383.2	79.3	1113.0	n/a	n/a	n/a	n/a
21.686	0.014	saccade	n/a	384.6	79.9	n/a	356.4	79.9	1.14	100.0
21.702	0.126	fixation	n/a	360.2	83.2	1127.0	n/a	n/a	n/a	n/a
21.83	0.036	saccade	n/a	359.4	85.4	n/a	474.7	76.7	4.65	186.0
21.868	0.41	fixation	n/a	470.3	78.6	1094.0	n/a	n/a	n/a	n/a
22.28	0.028	saccade	n/a	473.5	80.9	n/a	374.4	79.7	3.99	255.0
22.31	0.08	fixation	n/a	384.8	80.9	1096.0	n/a	n/a	n/a	n/a
22.392	0.038	saccade	n/a	385.9	82.4	n/a	187.2	90.0	7.92	345.0
22.432	0.172	fixation	n/a	200.2	91.0	1115.0	n/a	n/a	n/a	n/a
22.606	0.022	saccade	n/a	202.4	90.4	n/a	139.1	83.8	2.5	195.0
22.63	0.218	fixation	n/a	148.7	86.2	1164.0	n/a	n/a	n/a	n/a
22.85	0.034	saccade	n/a	147.9	87.9	n/a	302.6	76.9	6.14	259.0
22.886	0.198	fixation	n/a	297.2	77.0	1181.0	n/a	n/a	n/a	n/a
23.086	0.026	saccade	n/a	296.1	76.3	n/a	385.4	73.9	3.59	213.0
23.114	0.188	fixation	n/a	388.5	74.7	1163.0	n/a	n/a	n/a	n/a
23.304	0.028	saccade	n/a	389.7	75.6	n/a	304.3	78.5	3.44	180.0
23.334	0.058	fixation	n/a	309.2	78.0	1149.0	n/a	n/a	n/a	n/a
23.394	0.038	saccade	n/a	308.5	76.8	n/a	502.3	66.2	7.78	339.0
23.434	0.146	fixation	n/a	500.9	66.6	1116.0	n/a	n/a	n/a	n/a
23.582	0.012	saccade	n/a	501.4	70.4	n/a	527.3	69.5	1.04	91.0
23.596	0.106	fixation	n/a	528.5	71.6	1114.0	n/a	n/a	n/a	n/a
23.704	0.048	saccade	n/a	528.9	72.0	n/a	186.1	129.3	13.8	469.0
23.754	0.096	fixation	n/a	199.7	131.0	1171.0	n/a	n/a	n/a	n/a
23.852	0.024	saccade	n/a	199.9	130.6	n/a	127.3	147.7	2.93	180.0
23.878	0.21	fixation	n/a	133.4	148.5	1172.0	n/a	n/a	n/a	n/a
24.09	0.036	saccade	n/a	132.9	149.6	n/a	270.2	136.1	5.44	238.0
24.128	0.232	fixation	n/a	272.6	137.5	1173.0	n/a	n/a	n/a	n/a
24.362	0.026	saccade	n/a	273.6	139.7	n/a	352.4	135.1	3.17	182.0
24.39	0.194	fixation	n/a	365.7	135.7	1158.0	n/a	n/a	n/a	n/a
24.586	0.008	saccade	n/a	363.8	135.6	n/a	354.5	133.5	0.38	45.0
24.596	0.186	fixation	n/a	355.6	138.5	1144.0	n/a	n/a	n/a	n/a
24.784	0.032	saccade	n/a	356.3	140.6	n/a	267.7	145.1	3.56	180.0
24.818	0.088	fixation	n/a	271.9	141.9	1147.0	n/a	n/a	n/a	n/a
24.908	0.026	saccade	n/a	273.0	142.9	n/a	197.9	141.7	2.99	195.0
24.936	0.222	fixation	n/a	207.2	145.2	1150.0	n/a	n/a	n/a	n/a
25.16	0.044	saccade	n/a	209.8	146.2	n/a	495.4	127.2	11.4	408.0
25.206	0.292	fixation	n/a	496.5	127.0	1145.0	n/a	n/a	n/a	n/a
25.362	0.0	trigger_11	11	n/a	n/a	n/a	n/a	n/a	n/a	n/a
25.37	0.0	trigger_10	10	n/a	n/a	n/a	n/a	n/a	n/a	n/a
25.5	0.024	saccade	n/a	497.3	129.5	n/a	429.5	132.4	2.73	167.0
25.526	0.228	fixation	n/a	430.1	135.0	1136.0	n/a	n/a	n/a	n/a
25.756	0.044	saccade	n/a	430.8	134.6	n/a	182.8	95.8	10.01	415.0
25.802	0.176	fixation	n/a	194.6	97.5	1109.0	n/a	n/a	n/a	n/a
25.98	0.018	saccade	n/a	196.9	98.9	n/a	151.1	91.6	1.82	141.0
26.0	0.368	fixation	n/a	148.2	90.3	1085.0	n/a	n/a	n/a	n/a
26.37	0.048	saccade	n/a	141.4	89.3	n/a	453.3	84.4	12.35	375.0
26.42	0.266	fixation	n/a	448.0	85.4	1074.0	n/a	n/a	n/a	n/a
26.688	0.022	saccade	n/a	446.4	89.6	n/a	516.9	74.1	2.9	191.0
26.712	0.118	fixation	n/a	523.2	77.6	1066.0	n/a	n/a	n/a	n/a
26.832	0.046	saccade	n/a	522.8	78.4	n/a	200.8	112.5	12.88	441.0
26.88	0.264	fixation	n/a	216.4	112.3	1077.0	n/a	n/a	n/a	n/a
27.146	0.022	saccade	n/a	218.8	114.5	n/a	170.5	83.2	2.29	171.0
27.17	0.432	fixation	n/a	174.2	86.7	1082.0	n/a	n/a	n/a	n/a
27.604	0.008	saccade	n/a	172.5	87.1	n/a	158.0	87.8	0.57	70.0
27.614	0.252	fixation	n/a	157.0	88.1	1115.0	n/a	n/a	n/a	n/a
27.868	0.028	saccade	n/a	156.7	90.3	n/a	255.0	80.5	3.91	212.0
27.898	0.152	fixation	n/a	257.4	83.2	1122.0	n/a	n/a	n/a	n/a
28.052	0.032	saccade	n/a	258.0	83.7	n/a	358.7	78.9	4.04	196.0
28.086	0.248	fixation	n/a	362.4	77.7	1107.0	n/a	n/a	n/a	n/a
28.336	0.036	saccade	n/a	362.2	76.7	n/a	502.7	69.7	5.65	251.0
28.374	0.194	fixation	n/a	501.2	69.3	1086.0	n/a	n/a	n/a	n/a
28.57	0.05	saccade	n/a	502.8	73.0	n/a	157.7	139.9	13.93	442.0
28.618	0.0	trigger_11	11	n/a	n/a	n/a	n/a	n/a	n/a	n/a
28.622	0.188	fixation	n/a	169.3	137.5	1098.0	n/a	n/a	n/a	n/a
28.624	0.0	trigger_10	10	n/a	n/a	n/a	n/a	n/a	n/a	n/a
28.812	0.016	saccade	n/a	170.6	137.2	n/a	135.5	144.1	1.4	117.0
28.83	0.388	fixation	n/a	135.8	146.8	1080.0	n/a	n/a	n/a	n/a
29.22	0.024	saccade	n/a	136.5	147.4	n/a	132.0	84.8	2.52	149.0
29.246	0.232	fixation	n/a	134.5	88.1	1065.0	n/a	n/a	n/a	n/a
29.48	0.02	saccade	n/a	134.7	88.9	n/a	196.3	79.1	2.45	181.0
29.502	0.226	fixation	n/a	211.5	82.9	1081.0	n/a	n/a	n/a	n/a
29.73	0.022	saccade	n/a	212.2	84.8	n/a	265.6	80.8	2.13	145.0
29.754	0.354	fixation	n/a	274.7	82.4	1079.0	n/a	n/a	n/a	n/a
30.11	0.03	saccade	n/a	272.9	81.9	n/a	155.4	79.1	4.65	271.0
30.142	0.364	fixation	n/a	163.2	83.6	1069.0	n/a	n/a	n/a	n/a
30.508	0.012	saccade	n/a	162.4	88.9	n/a	134.7	88.0	1.08	102.0
30.522	0.32	fixation	n/a	136.4	89.4	1096.0	n/a	n/a	n/a	n/a
30.844	0.024	saccade	n/a	136.5	90.6	n/a	221.7	80.5	3.37	208.0
30.87	0.156	fixation	n/a	235.0	83.2	1112.0	n/a	n/a	n/a	n/a
31.028	0.026	saccade	n/a	234.1	84.3	n/a	305.2	78.5	2.85	146.0
31.056	0.152	fixation	n/a	322.2	79.3	1121.0	n/a	n/a	n/a	n/a
31.21	0.03	saccade	n/a	322.4	80.5	n/a	413.7	75.7	3.68	183.0
31.242	0.152	fixation	n/a	412.3	75.8	1103.0	n/a	n/a	n/a	n/a
31.396	0.02	saccade	n/a	413.6	76.0	n/a	467.8	74.2	2.18	166.0
31.418	0.268	fixation	n/a	478.1	75.2	1079.0	n/a	n/a	n/a	n/a
31.688	0.02	saccade	n/a	476.9	75.1	n/a	525.9	72.8	1.97	118.0
31.71	0.154	fixation	n/a	533.7	74.8	1051.0	n/a	n/a	n/a	n/a
31.866	0.054	saccade	n/a	534.2	74.7	n/a	164.1	134.4	14.86	448.0
31.922	0.122	fixation	n/a	176.4	133.1	1078.0	n/a	n/a	n/a	n/a
32.046	0.016	saccade	n/a	176.6	133.7	n/a	137.1	142.0	1.58	138.0
32.064	0.156	fixation	n/a	137.3	145.1	1077.0	n/a	n/a	n/a	n/a
32.222	0.03	saccade	n/a	136.2	144.4	n/a	250.2	140.6	4.49	249.0
32.254	0.258	fixation	n/a	249.0	140.7	1088.0	n/a	n/a	n/a	n/a
32.514	0.032	saccade	n/a	250.7	142.8	n/a	364.3	135.4	4.56	188.0
32.548	0.26	fixation	n/a	366.3	134.6	1072.0	n/a	n/a	n/a	n/a
32.81	0.018	saccade	n/a	366.3	138.1	n/a	413.0	132.5	1.9	137.0
32.83	0.216	fixation	n/a	421.8	133.1	1054.0	n/a	n/a	n/a	n/a
33.048	0.022	saccade	n/a	423.1	134.9	n/a	484.9	127.9	2.5	156.0
33.072	0.222	fixation	n/a	491.6	130.0	1029.0	n/a	n/a	n/a	n/a
33.172	0.0	trigger_11	11	n/a	n/a	n/a	n/a	n/a	n/a	n/a
33.178	0.0	trigger_12	12	n/a	n/a	n/a	n/a	n/a	n/a	n/a
33.296	0.048	saccade	n/a	492.2	127.8	n/a	202.3	199.0	11.91	432.0
33.346	0.098	fixation	n/a	213.7	197.2	1048.0	n/a	n/a	n/a	n/a
33.446	0.022	saccade	n/a	212.9	196.4	n/a	141.7	201.1	2.8	186.0
33.47	0.266	fixation	n/a	143.5	205.6	1042.0	n/a	n/a	n/a	n/a
33.738	0.034	saccade	n/a	140.3	205.5	n/a	275.9	199.1	5.34	262.0
33.774	0.262	fixation	n/a	280.5	198.8	1030.0	n/a	n/a	n/a	n/a
34.038	0.034	saccade	n/a	278.6	199.0	n/a	390.9	199.0	4.5	217.0
34.074	0.2	fixation	n/a	389.9	198.9	1026.0	n/a	n/a	n/a	n/a
34.276	0.032	saccade	n/a	391.7	197.0	n/a	271.8	203.3	4.8	252.0
34.31	0.372	fixation	n/a	274.1	203.5	1031.0	n/a	n/a	n/a	n/a
34.684	0.032	saccade	n/a	275.8	205.1	n/a	197.3	97.4	5.36	282.0
34.718	0.202	fixation	n/a	203.3	98.6	1023.0	n/a	n/a	n/a	n/a
34.922	0.018	saccade	n/a	203.6	99.8	n/a	153.8	85.2	2.04	165.0
34.942	0.442	fixation	n/a	150.6	89.4	1043.0	n/a	n/a	n/a	n/a
35.386	0.02	saccade	n/a	150.7	93.2	n/a	202.4	78.3	2.12	147.0
35.408	0.228	fixation	n/a	212.7	81.6	1091.0	n/a	n/a	n/a	n/a
35.638	0.018	saccade	n/a	212.1	81.8	n/a	165.1	83.0	1.85	124.0
35.658	0.156	fixation	n/a	162.5	86.1	1103.0	n/a	n/a	n/a	n/a
35.816	0.056	saccade	n/a	159.0	90.5	n/a	203.8	99.7	1.8	139.0
35.874	0.162	fixation	n/a	223.7	87.5	1093.0	n/a	n/a	n/a	n/a
36.038	0.024	saccade	n/a	224.9	87.8	n/a	292.1	82.0	2.69	148.0
36.064	0.114	fixation	n/a	292.8	82.7	1086.0	n/a	n/a	n/a	n/a
36.18	0.118	saccade	n/a	290.9	85.7	n/a	366.9	84.7	3.05	381.0
36.3	0.176	fixation	n/a	374.0	78.5	1069.0	n/a	n/a	n/a	n/a
36.478	0.028	saccade	n/a	374.9	78.8	n/a	471.2	73.8	3.88	188.0
36.508	0.19	fixation	n/a	469.1	73.0	1041.0	n/a	n/a	n/a	n/a
36.7	0.02	saccade	n/a	471.5	75.6	n/a	522.0	73.9	2.03	134.0
36.722	0.24	fixation	n/a	523.4	75.4	994.0	n/a	n/a	n/a	n/a
36.964	0.052	saccade	n/a	522.2	78.0	n/a	165.8	139.9	14.34	414.0
37.018	0.13	fixation	n/a	175.1	136.3	1002.0	n/a	n/a	n/a	n/a
37.15	0.022	saccade	n/a	178.3	138.7	n/a	126.6	143.9	2.03	145.0
37.174	0.218	fixation	n/a	130.0	146.4	1011.0	n/a	n/a	n/a	n/a
37.394	0.03	saccade	n/a	131.0	148.9	n/a	226.2	138.8	3.76	171.0
37.426	0.138	fixation	n/a	228.2	141.3	1041.0	n/a	n/a	n/a	n/a
37.566	0.03	saccade	n/a	230.8	143.3	n/a	329.9	138.4	3.96	188.0
37.598	0.268	fixation	n/a	328.7	139.0	1057.0	n/a	n/a	n/a	n/a
37.868	0.032	saccade	n/a	328.0	139.5	n/a	416.7	132.8	3.58	137.0
37.902	0.228	fixation	n/a	420.2	131.6	1057.0	n/a	n/a	n/a	n/a
38.132	0.02	saccade	n/a	419.8	133.2	n/a	463.8	127.7	1.78	124.0
38.154	0.15	fixation	n/a	469.5	132.5	1033.0	n/a	n/a	n/a	n/a
38.306	0.012	saccade	n/a	469.4	132.4	n/a	488.8	129.6	0.79	71.0
38.32	0.142	fixation	n/a	492.5	132.6	1018.0	n/a	n/a	n/a	n/a
38.464	0.046	saccade	n/a	491.7	134.9	n/a	167.5	202.3	13.15	440.0
38.512	0.144	fixation	n/a	176.8	202.8	1040.0	n/a	n/a	n/a	n/a
38.658	0.016	saccade	n/a	176.8	203.4	n/a	139.8	208.8	1.46	127.0
38.676	0.146	fixation	n/a	145.5	208.3	1031.0	n/a	n/a	n/a	n/a
38.824	0.034	saccade	n/a	143.7	207.1	n/a	252.9	201.4	4.31	204.0
38.86	0.246	fixation	n/a	248.7	201.1	1026.0	n/a	n/a	n/a	n/a
39.108	0.03	saccade	n/a	246.9	202.3	n/a	330.4	200.6	3.33	162.0
39.14	0.172	fixation	n/a	332.6	202.1	1018.0	n/a	n/a	n/a	n/a
39.314	0.028	saccade	n/a	330.7	200.5	n/a	435.5	190.6	4.23	204.0
39.344	0.272	fixation	n/a	442.1	194.1	996.0	n/a	n/a	n/a	n/a
39.618	0.02	saccade	n/a	443.4	195.5	n/a	397.6	203.8	1.87	129.0
39.64	0.098	fixation	n/a	391.3	205.1	999.0	n/a	n/a	n/a	n/a
39.74	0.038	saccade	n/a	389.5	204.0	n/a	570.6	198.3	7.23	324.0
39.78	0.196	fixation	n/a	568.0	196.6	971.0	n/a	n/a	n/a	n/a
39.828	0.0	trigger_13	13	n/a	n/a	n/a	n/a	n/a	n/a	n/a
39.978	0.012	saccade	n/a	568.3	198.1	n/a	544.1	197.3	0.96	100.0
39.992	0.122	fixation	n/a	541.4	200.1	984.0	n/a	n/a	n/a	n/a
40.116	0.054	saccade	n/a	541.1	199.4	n/a	127.3	260.0	16.41	484.0
40.172	0.234	fixation	n/a	142.0	260.8	1038.0	n/a	n/a	n/a	n/a
40.408	0.032	saccade	n/a	143.4	262.8	n/a	155.2	139.4	4.97	280.0
40.442	0.278	fixation	n/a	155.7	145.2	993.0	n/a	n/a	n/a	n/a
40.722	0.024	saccade	n/a	156.1	146.2	n/a	226.4	112.6	3.09	198.0
40.748	0.114	fixation	n/a	227.3	112.1	998.0	n/a	n/a	n/a	n/a
40.864	0.014	saccade	n/a	228.8	111.6	n/a	247.3	86.6	1.25	104.0
40.88	0.262	fixation	n/a	252.0	90.2	1010.0	n/a	n/a	n/a	n/a
41.06	0.0	trigger_15	15	n/a	n/a	n/a	n/a	n/a	n/a	n/a
41.064	0.0	trigger_10	10	n/a	n/a	n/a	n/a	n/a	n/a	n/a
41.144	0.024	saccade	n/a	251.7	93.6	n/a	323.9	80.7	2.94	177.0
41.17	0.144	fixation	n/a	328.7	82.3	1017.0	n/a	n/a	n/a	n/a
41.316	0.036	saccade	n/a	330.1	83.0	n/a	178.1	85.2	6.04	288.0
41.354	0.204	fixation	n/a	186.9	87.2	1010.0	n/a	n/a	n/a	n/a
41.56	0.016	saccade	n/a	187.3	87.6	n/a	149.9	86.9	1.47	119.0
41.578	0.484	fixation	n/a	158.5	90.5	1046.0	n/a	n/a	n/a	n/a
42.064	0.032	saccade	n/a	159.2	91.9	n/a	273.7	83.7	4.55	233.0
42.098	0.204	fixation	n/a	265.8	83.6	1098.0	n/a	n/a	n/a	n/a
42.304	0.046	saccade	n/a	265.2	86.9	n/a	527.2	72.7	10.5	372.0
42.352	0.352	fixation	n/a	524.8	69.7	1120.0	n/a	n/a	n/a	n/a
42.706	0.06	saccade	n/a	522.7	73.5	n/a	282.1	94.1	9.66	209.0
42.768	0.48	fixation	n/a	270.5	105.7	1130.0	n/a	n/a	n/a	n/a
43.25	0.024	saccade	n/a	271.8	105.8	n/a	188.0	88.9	3.4	194.0
43.276	0.226	fixation	n/a	179.2	88.3	1148.0	n/a	n/a	n/a	n/a
43.504	0.024	saccade	n/a	178.4	89.4	n/a	256.9	78.2	3.14	193.0
43.53	0.222	fixation	n/a	264.0	80.6	1149.0	n/a	n/a	n/a	n/a
43.66	0.0	trigger_11	11	n/a	n/a	n/a	n/a	n/a	n/a	n/a
43.664	0.0	trigger_10	10	n/a	n/a	n/a	n/a	n/a	n/a	n/a
43.754	0.01	saccade	n/a	260.3	82.1	n/a	247.3	84.4	0.53	53.0
43.766	0.154	fixation	n/a	246.9	84.1	1153.0	n/a	n/a	n/a	n/a
43.922	0.028	saccade	n/a	247.3	85.6	n/a	135.8	91.8	4.4	263.0
43.952	0.238	fixation	n/a	140.3	93.6	1169.0	n/a	n/a	n/a	n/a
44.192	0.016	saccade	n/a	142.9	96.1	n/a	188.3	90.9	1.79	139.0
44.21	0.184	fixation	n/a	195.7	92.0	1194.0	n/a	n/a	n/a	n/a
44.396	0.034	saccade	n/a	196.4	92.9	n/a	286.1	84.4	3.58	160.0
44.432	0.16	fixation	n/a	285.4	82.9	1220.0	n/a	n/a	n/a	n/a
44.594	0.036	saccade	n/a	283.1	82.3	n/a	409.3	78.2	5.07	240.0
44.632	0.218	fixation	n/a	406.5	77.8	1191.0	n/a	n/a	n/a	n/a
44.852	0.018	saccade	n/a	407.5	77.1	n/a	362.3	80.2	1.83	141.0
44.872	0.296	fixation	n/a	360.7	83.5	1173.0	n/a	n/a	n/a	n/a
45.17	0.034	saccade	n/a	359.4	82.5	n/a	230.3	85.7	5.17	268.0
45.206	0.162	fixation	n/a	235.7	85.4	1143.0	n/a	n/a	n/a	n/a
45.37	0.018	saccade	n/a	236.9	85.4	n/a	282.7	81.0	1.84	132.0
45.39	0.202	fixation	n/a	280.4	81.5	1150.0	n/a	n/a	n/a	n/a
45.594	0.028	saccade	n/a	279.8	81.3	n/a	191.8	81.8	3.5	231.0
45.624	0.292	fixation	n/a	202.8	86.6	1144.0	n/a	n/a	n/a	n/a
45.918	0.022	saccade	n/a	204.1	88.9	n/a	270.2	78.6	2.66	176.0
45.942	0.104	fixation	n/a	276.3	78.9	1156.0	n/a	n/a	n/a	n/a
46.048	0.034	saccade	n/a	276.2	77.6	n/a	152.1	87.0	4.92	251.0
46.084	0.23	fixation	n/a	160.8	87.4	1174.0	n/a	n/a	n/a	n/a
46.316	0.026	saccade	n/a	160.7	90.3	n/a	238.3	81.4	3.09	171.0
46.344	0.236	fixation	n/a	250.4	81.5	1154.0	n/a	n/a	n/a	n/a
46.582	0.024	saccade	n/a	249.1	80.7	n/a	185.1	83.4	2.54	159.0
46.608	0.17	fixation	n/a	188.0	84.1	1142.0	n/a	n/a	n/a	n/a
46.78	0.02	saccade	n/a	186.7	86.4	n/a	133.7	85.7	2.07	144.0
46.802	0.192	fixation	n/a	136.5	88.4	1128.0	n/a	n/a	n/a	n/a
46.98	0.0	trigger_11	11	n/a	n/a	n/a	n/a	n/a	n/a	n/a
46.986	0.0	trigger_10	10	n/a	n/a	n/a	n/a	n/a	n/a	n/a
46.996	0.036	saccade	n/a	135.6	91.3	n/a	277.0	78.5	5.6	264.0
47.034	0.218	fixation	n/a	279.3	79.3	1125.0	n/a	n/a	n/a	n/a
47.254	0.02	saccade	n/a	281.1	80.1	n/a	342.7	76.8	2.47	182.0
47.276	0.208	fixation	n/a	362.0	78.1	1104.0	n/a	n/a	n/a	n/a
47.486	0.02	saccade	n/a	362.1	79.2	n/a	309.3	80.6	2.13	140.0
47.508	0.164	fixation	n/a	304.4	82.4	1088.0	n/a	n/a	n/a	n/a
47.674	0.016	saccade	n/a	304.1	83.6	n/a	267.1	84.2	1.48	126.0
47.692	0.19	fixation	n/a	261.2	85.8	1077.0	n/a	n/a	n/a	n/a
47.884	0.036	saccade	n/a	258.8	87.0	n/a	408.1	78.8	5.99	245.0
47.922	0.22	fixation	n/a	405.2	80.9	1067.0	n/a	n/a	n/a	n/a
48.144	0.024	saccade	n/a	403.5	84.4	n/a	483.3	77.3	3.22	219.0
48.17	0.186	fixation	n/a	492.3	76.6	1064.0	n/a	n/a	n/a	n/a
48.358	0.05	saccade	n/a	493.5	77.9	n/a	140.6	137.7	14.18	473.0
48.41	0.158	fixation	n/a	153.3	136.2	1063.0	n/a	n/a	n/a	n/a
48.516	0.0	trigger_11	11	n/a	n/a	n/a	n/a	n/a	n/a	n/a
48.52	0.0	trigger_10	10	n/a	n/a	n/a	n/a	n/a	n/a	n/a
48.57	0.012	saccade	n/a	153.9	137.2	n/a	132.9	149.7	0.96	90.0
48.584	0.2	fixation	n/a	134.1	147.9	1068.0	n/a	n/a	n/a	n/a
48.786	0.026	saccade	n/a	136.0	149.5	n/a	140.8	79.1	2.83	169.0
48.814	0.366	fixation	n/a	142.4	87.8	1041.0	n/a	n/a	n/a	n/a
49.182	0.024	saccade	n/a	143.3	90.5	n/a	218.9	82.1	3.0	185.0
49.208	0.144	fixation	n/a	225.0	82.9	1056.0	n/a	n/a	n/a	n/a
49.354	0.028	saccade	n/a	226.5	82.4	n/a	145.2	89.8	3.21	190.0
49.384	0.172	fixation	n/a	150.0	90.3	1070.0	n/a	n/a	n/a	n/a
49.558	0.012	saccade	n/a	151.3	90.7	n/a	128.8	92.2	0.88	78.0
49.572	0.224	fixation	n/a	132.0	93.1	1083.0	n/a	n/a	n/a	n/a
49.798	0.006	saccade	n/a	130.0	94.7	n/a	122.0	92.7	0.32	47.0
49.806	0.142	fixation	n/a	122.2	93.3	1087.0	n/a	n/a	n/a	n/a
49.95	0.028	saccade	n/a	120.6	95.8	n/a	238.0	83.9	4.64	255.0
49.98	0.36	fixation	n/a	249.2	84.6	1104.0	n/a	n/a	n/a	n/a
50.342	0.024	saccade	n/a	248.8	83.9	n/a	171.0	85.5	3.08	210.0
50.368	0.402	fixation	n/a	173.3	88.7	1102.0	n/a	n/a	n/a	n/a
50.772	0.03	saccade	n/a	174.9	89.5	n/a	281.6	80.0	4.25	201.0
50.804	0.252	fixation	n/a	280.1	80.4	1158.0	n/a	n/a	n/a	n/a
51.058	0.022	saccade	n/a	282.6	80.5	n/a	345.0	77.8	2.5	160.0
51.082	0.164	fixation	n/a	357.6	76.6	1184.0	n/a	n/a	n/a	n/a
51.248	0.022	saccade	n/a	360.3	78.8	n/a	411.2	73.9	2.06	123.0
51.272	0.222	fixation	n/a	423.1	76.6	1160.0	n/a	n/a	n/a	n/a
51.496	0.032	saccade	n/a	419.7	78.3	n/a	523.8	75.5	4.18	208.0
51.53	0.186	fixation	n/a	522.2	73.5	1129.0	n/a	n/a	n/a	n/a
51.718	0.052	saccade	n/a	521.3	71.9	n/a	153.2	142.5	14.83	481.0
51.772	0.194	fixation	n/a	167.0	140.9	1137.0	n/a	n/a	n/a	n/a
51.968	0.014	saccade	n/a	167.2	138.5	n/a	138.9	147.8	1.17	97.0
51.984	0.358	fixation	n/a	138.8	149.5	1086.0	n/a	n/a	n/a	n/a
51.988	0.0	trigger_11	11	n/a	n/a	n/a	n/a	n/a	n/a	n/a
51.992	0.0	trigger_10	10	n/a	n/a	n/a	n/a	n/a	n/a	n/a
52.344	0.018	saccade	n/a	138.4	149.1	n/a	151.9	109.6	1.67	123.0
52.364	0.138	fixation	n/a	155.4	106.5	1061.0	n/a	n/a	n/a	n/a
52.504	0.036	saccade	n/a	153.7	105.9	n/a	278.1	85.9	4.98	236.0
52.542	0.41	fixation	n/a	278.1	86.5	1064.0	n/a	n/a	n/a	n/a
52.954	0.038	saccade	n/a	277.5	89.9	n/a	418.4	79.7	5.67	194.0
52.994	0.224	fixation	n/a	418.6	79.0	1045.0	n/a	n/a	n/a	n/a
53.22	0.032	saccade	n/a	419.7	81.7	n/a	521.7	75.6	4.1	177.0
53.254	0.162	fixation	n/a	528.6	76.1	1035.0	n/a	n/a	n/a	n/a
53.418	0.054	saccade	n/a	530.1	75.8	n/a	165.8	107.4	14.48	454.0
53.474	0.246	fixation	n/a	180.3	107.1	1047.0	n/a	n/a	n/a	n/a
53.722	0.014	saccade	n/a	180.1	108.0	n/a	170.3	84.2	1.04	91.0
53.738	0.502	fixation	n/a	174.1	83.8	1024.0	n/a	n/a	n/a	n/a
54.242	0.032	saccade	n/a	175.6	87.2	n/a	268.9	80.7	3.71	154.0
54.276	0.146	fixation	n/a	268.7	80.8	1069.0	n/a	n/a	n/a	n/a
54.424	0.024	saccade	n/a	266.7	80.5	n/a	335.5	75.8	2.76	170.0
54.45	0.138	fixation	n/a	343.2	77.1	1097.0	n/a	n/a	n/a	n/a
54.59	0.018	saccade	n/a	342.6	77.7	n/a	384.0	76.2	1.67	122.0
54.61	0.196	fixation	n/a	389.2	79.0	1076.0	n/a	n/a	n/a	n/a
54.808	0.032	saccade	n/a	387.9	82.3	n/a	497.4	76.8	4.41	218.0
54.842	0.3	fixation	n/a	496.0	76.6	1037.0	n/a	n/a	n/a	n/a
55.144	0.02	saccade	n/a	496.5	78.7	n/a	536.5	72.0	1.62	117.0
55.166	0.324	fixation	n/a	542.5	74.7	1007.0	n/a	n/a	n/a	n/a
55.492	0.018	saccade	n/a	540.5	76.1	n/a	495.8	77.1	1.79	128.0
55.512	0.182	fixation	n/a	492.3	79.1	995.0	n/a	n/a	n/a	n/a
55.696	0.022	saccade	n/a	489.6	79.5	n/a	550.8	73.0	2.46	141.0
55.72	0.144	fixation	n/a	554.3	75.0	994.0	n/a	n/a	n/a	n/a
55.866	0.056	saccade	n/a	554.8	75.2	n/a	164.7	141.8	15.65	450.0
55.924	0.118	fixation	n/a	175.4	139.6	1055.0	n/a	n/a	n/a	n/a
56.044	0.022	saccade	n/a	175.8	140.5	n/a	123.4	146.5	2.06	134.0
56.068	0.37	fixation	n/a	131.5	147.4	1052.0	n/a	n/a	n/a	n/a
56.214	0.0	trigger_11	11	n/a	n/a	n/a	n/a	n/a	n/a	n/a
56.222	0.0	trigger_10	10	n/a	n/a	n/a	n/a	n/a	n/a	n/a
56.44	0.022	saccade	n/a	132.3	148.8	n/a	200.7	143.5	2.69	160.0
56.464	0.276	fixation	n/a	217.6	142.8	1057.0	n/a	n/a	n/a	n/a
56.742	0.028	saccade	n/a	219.7	142.1	n/a	306.9	140.7	3.48	172.0
56.772	0.228	fixation	n/a	322.8	140.6	1087.0	n/a	n/a	n/a	n/a
57.002	0.034	saccade	n/a	322.4	139.4	n/a	458.6	135.6	5.47	249.0
57.038	0.188	fixation	n/a	456.8	136.8	1059.0	n/a	n/a	n/a	n/a
57.228	0.016	saccade	n/a	455.0	138.2	n/a	418.9	140.7	1.46	109.0
57.246	0.362	fixation	n/a	419.6	138.7	1044.0	n/a	n/a	n/a	n/a
57.61	0.024	saccade	n/a	418.4	141.6	n/a	489.5	132.7	2.88	162.0
57.636	0.338	fixation	n/a	505.0	133.9	1037.0	n/a	n/a	n/a	n/a
57.976	0.062	saccade	n/a	506.2	135.1	n/a	203.1	98.6	12.14	296.0
58.04	0.152	fixation	n/a	205.4	95.8	1076.0	n/a	n/a	n/a	n/a
58.194	0.018	saccade	n/a	207.9	95.2	n/a	164.3	88.1	1.74	144.0
58.214	0.222	fixation	n/a	173.6	90.3	1099.0	n/a	n/a	n/a	n/a
58.438	0.01	saccade	n/a	172.9	93.6	n/a	157.3	91.1	0.62	61.0
58.45	0.188	fixation	n/a	158.7	90.6	1139.0	n/a	n/a	n/a	n/a
58.64	0.03	saccade	n/a	159.2	89.9	n/a	266.8	79.4	4.28	214.0
58.672	0.312	fixation	n/a	272.1	79.8	1158.0	n/a	n/a	n/a	n/a
58.986	0.016	saccade	n/a	274.2	83.2	n/a	316.4	78.9	1.7	144.0
59.004	0.208	fixation	n/a	322.3	81.7	1106.0	n/a	n/a	n/a	n/a
59.214	0.022	saccade	n/a	324.2	80.5	n/a	383.8	79.0	2.4	140.0
59.238	0.228	fixation	n/a	391.7	82.2	1073.0	n/a	n/a	n/a	n/a
59.468	0.028	saccade	n/a	392.7	85.4	n/a	487.4	79.3	3.82	199.0
59.498	0.302	fixation	n/a	485.9	77.4	1054.0	n/a	n/a	n/a	n/a
59.802	0.018	saccade	n/a	484.9	81.6	n/a	529.5	77.9	1.79	120.0
59.822	0.274	fixation	n/a	541.3	77.9	1021.0	n/a	n/a	n/a	n/a
60.098	0.014	saccade	n/a	544.8	76.2	n/a	568.9	75.7	0.96	78.0
60.114	0.098	fixation	n/a	570.6	77.3	1004.0	n/a	n/a	n/a	n/a
60.214	0.052	saccade	n/a	570.8	79.4	n/a	157.3	152.5	16.58	516.0
60.268	0.116	fixation	n/a	171.5	149.9	1044.0	n/a	n/a	n/a	n/a
60.386	0.022	saccade	n/a	172.9	149.9	n/a	114.6	154.6	2.28	172.0
60.41	0.308	fixation	n/a	124.8	154.2	1040.0	n/a	n/a	n/a	n/a
60.72	0.03	saccade	n/a	126.1	156.6	n/a	212.5	145.1	3.42	184.0
60.752	0.242	fixation	n/a	212.4	145.1	1042.0	n/a	n/a	n/a	n/a
60.996	0.024	saccade	n/a	211.2	145.0	n/a	296.9	138.3	3.42	204.0
61.022	0.278	fixation	n/a	306.6	141.4	1035.0	n/a	n/a	n/a	n/a
61.302	0.026	saccade	n/a	307.4	143.2	n/a	388.2	134.1	3.27	175.0
61.33	0.286	fixation	n/a	396.2	138.3	1026.0	n/a	n/a	n/a	n/a
61.618	0.03	saccade	n/a	395.6	136.8	n/a	491.9	134.0	3.88	183.0
61.65	0.282	fixation	n/a	493.4	135.0	1013.0	n/a	n/a	n/a	n/a
61.934	0.02	saccade	n/a	494.8	137.1	n/a	542.4	133.9	1.91	128.0
61.956	0.202	fixation	n/a	553.0	138.3	978.0	n/a	n/a	n/a	n/a
62.16	0.012	saccade	n/a	553.8	136.6	n/a	577.4	133.9	0.94	85.0
62.174	0.138	fixation	n/a	579.0	133.6	965.0	n/a	n/a	n/a	n/a
62.314	0.06	saccade	n/a	579.3	135.6	n/a	172.7	213.3	16.34	424.0
62.376	0.13	fixation	n/a	174.4	221.8	1000.0	n/a	n/a	n/a	n/a
62.508	0.016	saccade	n/a	174.3	220.4	n/a	136.6	218.3	1.48	120.0
62.526	0.198	fixation	n/a	134.3	216.7	993.0	n/a	n/a	n/a	n/a
62.726	0.024	saccade	n/a	132.5	215.6	n/a	209.7	206.5	3.04	168.0
62.752	0.228	fixation	n/a	226.0	210.3	956.0	n/a	n/a	n/a	n/a
62.982	0.02	saccade	n/a	227.9	213.6	n/a	279.7	208.6	2.07	158.0
63.004	0.24	fixation	n/a	298.5	207.7	935.0	n/a	n/a	n/a	n/a
63.246	0.022	saccade	n/a	299.3	207.7	n/a	364.8	201.7	2.64	172.0
63.27	0.274	fixation	n/a	375.3	205.8	919.0	n/a	n/a	n/a	n/a
63.546	0.022	saccade	n/a	374.0	205.0	n/a	426.5	201.1	2.11	136.0
63.57	0.22	fixation	n/a	437.2	199.5	917.0	n/a	n/a	n/a	n/a
63.792	0.022	saccade	n/a	435.5	197.8	n/a	502.4	195.5	2.68	164.0
63.816	0.236	fixation	n/a	518.3	198.1	922.0	n/a	n/a	n/a	n/a
64.054	0.05	saccade	n/a	519.5	201.2	n/a	178.0	256.8	13.68	438.0
64.106	0.128	fixation	n/a	189.6	257.3	961.0	n/a	n/a	n/a	n/a
64.236	0.022	saccade	n/a	190.4	258.2	n/a	120.3	265.1	2.74	203.0
64.26	0.218	fixation	n/a	126.2	267.7	961.0	n/a	n/a	n/a	n/a
64.48	0.036	saccade	n/a	127.3	269.3	n/a	267.8	263.4	5.5	238.0
64.518	0.298	fixation	n/a	270.2	265.1	975.0	n/a	n/a	n/a	n/a
64.818	0.016	saccade	n/a	272.5	267.4	n/a	312.6	261.3	1.61	127.0
64.836	0.202	fixation	n/a	312.5	260.8	963.0	n/a	n/a	n/a	n/a
64.982	0.0	trigger_11	11	n/a	n/a	n/a	n/a	n/a	n/a	n/a
64.988	0.0	trigger_10	10	n/a	n/a	n/a	n/a	n/a	n/a	n/a
65.04	0.024	saccade	n/a	314.7	261.9	n/a	243.7	263.9	2.82	192.0
65.066	0.192	fixation	n/a	248.3	265.1	974.0	n/a	n/a	n/a	n/a
65.26	0.018	saccade	n/a	246.4	261.8	n/a	198.9	265.9	1.88	149.0
65.28	0.296	fixation	n/a	201.5	269.1	982.0	n/a	n/a	n/a	n/a
65.578	0.022	saccade	n/a	201.6	270.1	n/a	143.8	271.4	2.25	147.0
65.602	0.328	fixation	n/a	146.1	272.0	1011.0	n/a	n/a	n/a	n/a
65.932	0.026	saccade	n/a	145.3	272.0	n/a	245.0	261.2	3.93	222.0
65.96	0.228	fixation	n/a	252.3	264.0	1028.0	n/a	n/a	n/a	n/a
66.19	0.016	saccade	n/a	250.2	265.2	n/a	210.8	272.2	1.58	135.0
66.208	0.118	fixation	n/a	211.2	272.6	1039.0	n/a	n/a	n/a	n/a
66.328	0.028	saccade	n/a	211.6	271.0	n/a	123.5	271.9	3.43	207.0
66.358	0.172	fixation	n/a	129.4	271.1	1036.0	n/a	n/a	n/a	n/a
66.532	0.054	saccade	n/a	127.6	269.9	n/a	543.2	190.9	16.6	478.0
66.588	0.256	fixation	n/a	545.0	193.1	987.0	n/a	n/a	n/a	n/a
66.846	0.086	saccade	n/a	544.7	196.6	n/a	198.1	116.2	14.13	273.0
66.934	0.23	fixation	n/a	188.4	108.3	994.0	n/a	n/a	n/a	n/a
67.166	0.02	saccade	n/a	190.3	107.8	n/a	151.6	90.2	1.68	120.0
67.188	0.214	fixation	n/a	157.8	90.7	1023.0	n/a	n/a	n/a	n/a
67.404	0.036	saccade	n/a	158.1	92.9	n/a	283.5	85.0	4.98	208.0
67.442	0.252	fixation	n/a	281.4	86.7	1058.0	n/a	n/a	n/a	n/a
67.696	0.018	saccade	n/a	281.6	88.0	n/a	328.8	84.7	1.9	129.0
67.716	0.186	fixation	n/a	329.0	85.6	1052.0	n/a	n/a	n/a	n/a
67.904	0.024	saccade	n/a	329.2	84.7	n/a	249.6	90.1	3.19	221.0
67.93	0.244	fixation	n/a	252.5	91.2	1053.0	n/a	n/a	n/a	n/a
68.176	0.038	saccade	n/a	253.7	92.5	n/a	432.9	80.3	7.2	307.0
68.216	0.224	fixation	n/a	432.9	80.5	1052.0	n/a	n/a	n/a	n/a
68.442	0.026	saccade	n/a	433.0	81.7	n/a	518.7	78.8	3.44	187.0
68.47	0.242	fixation	n/a	521.2	78.4	1043.0	n/a	n/a	n/a	n/a
68.714	0.018	saccade	n/a	520.9	78.4	n/a	557.8	73.9	1.48	103.0
68.734	0.174	fixation	n/a	559.2	77.7	1014.0	n/a	n/a	n/a	n/a
68.91	0.012	saccade	n/a	558.3	78.1	n/a	576.5	75.6	0.73	64.0
68.924	0.092	fixation	n/a	578.3	74.9	1000.0	n/a	n/a	n/a	n/a
69.018	0.058	saccade	n/a	578.1	76.9	n/a	195.5	136.6	15.34	447.0
69.078	0.114	fixation	n/a	207.8	137.3	1047.0	n/a	n/a	n/a	n/a
69.194	0.02	saccade	n/a	207.3	136.8	n/a	151.7	146.5	2.22	167.0
69.216	0.216	fixation	n/a	151.1	149.6	1058.0	n/a	n/a	n/a	n/a
69.434	0.008	saccade	n/a	148.7	152.2	n/a	135.7	154.3	0.51	62.0
69.444	0.134	fixation	n/a	133.2	153.5	1071.0	n/a	n/a	n/a	n/a
69.58	0.036	saccade	n/a	132.4	153.2	n/a	251.8	144.8	4.71	218.0
69.618	0.18	fixation	n/a	249.9	143.9	1060.0	n/a	n/a	n/a	n/a
69.8	0.032	saccade	n/a	250.3	147.1	n/a	349.1	142.4	3.96	189.0
69.834	0.224	fixation	n/a	347.7	141.8	1061.0	n/a	n/a	n/a	n/a
70.06	0.034	saccade	n/a	349.4	145.0	n/a	472.9	139.7	4.96	220.0
70.096	0.324	fixation	n/a	471.8	137.2	1035.0	n/a	n/a	n/a	n/a
70.422	0.022	saccade	n/a	471.4	138.9	n/a	534.7	135.6	2.54	164.0
70.446	0.358	fixation	n/a	546.5	140.1	996.0	n/a	n/a	n/a	n/a
70.806	0.012	saccade	n/a	546.5	141.8	n/a	573.4	137.3	1.09	100.0
70.82	0.154	fixation	n/a	576.6	137.3	981.0	n/a	n/a	n/a	n/a
70.976	0.052	saccade	n/a	577.0	138.9	n/a	212.8	192.4	14.58	455.0
71.03	0.122	fixation	n/a	223.5	195.2	1023.0	n/a	n/a	n/a	n/a
71.154	0.024	saccade	n/a	223.4	196.0	n/a	143.2	202.9	3.16	220.0
71.18	0.278	fixation	n/a	141.0	207.1	1035.0	n/a	n/a	n/a	n/a
71.46	0.026	saccade	n/a	140.5	211.4	n/a	231.1	203.3	3.57	204.0
71.488	0.16	fixation	n/a	239.9	202.6	1036.0	n/a	n/a	n/a	n/a
71.65	0.018	saccade	n/a	240.8	203.6	n/a	205.8	204.8	1.39	114.0
71.67	0.208	fixation	n/a	212.3	205.6	1034.0	n/a	n/a	n/a	n/a
71.88	0.022	saccade	n/a	211.8	205.7	n/a	280.9	199.4	2.76	170.0
71.904	0.17	fixation	n/a	297.9	202.3	1020.0	n/a	n/a	n/a	n/a
72.076	0.022	saccade	n/a	296.7	204.1	n/a	355.4	195.5	2.38	166.0
72.1	0.174	fixation	n/a	370.6	199.1	1011.0	n/a	n/a	n/a	n/a
72.174	0.0	trigger_11	11	n/a	n/a	n/a	n/a	n/a	n/a	n/a
72.178	0.0	trigger_10	10	n/a	n/a	n/a	n/a	n/a	n/a	n/a
72.276	0.026	saccade	n/a	372.6	201.1	n/a	301.1	205.1	2.87	162.0
72.304	0.18	fixation	n/a	303.1	207.2	1001.0	n/a	n/a	n/a	n/a
72.486	0.032	saccade	n/a	302.2	209.0	n/a	273.7	85.7	5.14	272.0
72.52	0.224	fixation	n/a	276.9	96.0	974.0	n/a	n/a	n/a	n/a
72.746	0.018	saccade	n/a	276.3	97.7	n/a	318.9	84.4	1.79	136.0
72.766	0.068	fixation	n/a	317.5	88.5	965.0	n/a	n/a	n/a	n/a
72.836	0.034	saccade	n/a	317.9	89.5	n/a	178.4	85.9	5.55	281.0
72.872	0.286	fixation	n/a	186.5	87.6	972.0	n/a	n/a	n/a	n/a
73.16	0.022	saccade	n/a	186.8	88.5	n/a	251.0	87.4	2.54	157.0
73.184	0.186	fixation	n/a	262.0	87.6	989.0	n/a	n/a	n/a	n/a
73.372	0.038	saccade	n/a	264.6	87.9	n/a	444.7	77.1	7.25	309.0
73.412	0.204	fixation	n/a	444.1	78.7	987.0	n/a	n/a	n/a	n/a
73.618	0.024	saccade	n/a	443.1	76.5	n/a	362.1	78.5	3.27	216.0
73.644	0.112	fixation	n/a	356.5	78.4	999.0	n/a	n/a	n/a	n/a
73.758	0.024	saccade	n/a	358.5	78.6	n/a	283.4	80.0	3.02	201.0
73.784	0.198	fixation	n/a	288.8	83.9	1028.0	n/a	n/a	n/a	n/a
73.984	0.022	saccade	n/a	290.7	86.3	n/a	240.8	81.5	2.0	150.0
74.008	0.34	fixation	n/a	251.5	86.2	1068.0	n/a	n/a	n/a	n/a
74.35	0.024	saccade	n/a	253.1	85.5	n/a	181.3	82.0	2.85	185.0
74.376	0.226	fixation	n/a	184.6	86.2	1114.0	n/a	n/a	n/a	n/a
74.604	0.046	saccade	n/a	185.0	88.9	n/a	443.9	76.0	10.33	374.0
74.652	0.162	fixation	n/a	442.3	74.9	1092.0	n/a	n/a	n/a	n/a
74.816	0.034	saccade	n/a	445.7	77.6	n/a	335.5	84.8	4.44	195.0
74.852	0.168	fixation	n/a	344.1	83.5	1065.0	n/a	n/a	n/a	n/a
75.022	0.03	saccade	n/a	344.6	85.0	n/a	258.7	90.1	3.44	174.0
75.054	0.222	fixation	n/a	262.6	93.6	1044.0	n/a	n/a	n/a	n/a
75.278	0.04	saccade	n/a	260.7	94.3	n/a	439.2	82.9	7.17	304.0
75.32	0.22	fixation	n/a	439.2	83.1	1027.0	n/a	n/a	n/a	n/a
75.542	0.018	saccade	n/a	438.0	82.8	n/a	396.6	82.5	1.67	127.0
75.562	0.264	fixation	n/a	396.5	88.3	1025.0	n/a	n/a	n/a	n/a
75.614	0.0	trigger_11	11	n/a	n/a	n/a	n/a	n/a	n/a	n/a
75.62	0.0	trigger_10	10	n/a	n/a	n/a	n/a	n/a	n/a	n/a
75.828	0.034	saccade	n/a	394.7	87.3	n/a	514.6	80.1	4.82	245.0
75.864	0.334	fixation	n/a	512.2	78.7	1016.0	n/a	n/a	n/a	n/a
76.2	0.01	saccade	n/a	508.7	77.8	n/a	490.9	79.9	0.72	77.0
76.212	0.362	fixation	n/a	491.9	81.1	1035.0	n/a	n/a	n/a	n/a
76.576	0.034	saccade	n/a	491.7	81.6	n/a	380.2	83.3	4.49	192.0
76.612	0.162	fixation	n/a	384.0	86.7	1042.0	n/a	n/a	n/a	n/a
76.776	0.038	saccade	n/a	382.9	87.5	n/a	218.8	92.4	6.57	328.0
76.816	0.222	fixation	n/a	226.3	92.8	1062.0	n/a	n/a	n/a	n/a
77.04	0.022	saccade	n/a	229.1	93.2	n/a	163.0	92.6	2.61	178.0
77.064	0.21	fixation	n/a	165.8	91.8	1091.0	n/a	n/a	n/a	n/a
77.276	0.036	saccade	n/a	163.7	92.8	n/a	325.1	83.8	6.42	269.0
77.314	0.226	fixation	n/a	325.8	83.7	1088.0	n/a	n/a	n/a	n/a
77.542	0.034	saccade	n/a	328.5	84.9	n/a	198.9	81.9	5.16	291.0
77.578	0.228	fixation	n/a	207.0	83.2	1086.0	n/a	n/a	n/a	n/a
77.808	0.02	saccade	n/a	206.8	82.9	n/a	150.7	85.5	2.21	168.0
77.83	0.194	fixation	n/a	155.6	85.7	1107.0	n/a	n/a	n/a	n/a
78.026	0.034	saccade	n/a	156.8	87.4	n/a	286.0	77.9	5.13	242.0
78.062	0.22	fixation	n/a	284.9	79.1	1125.0	n/a	n/a	n/a	n/a
78.284	0.022	saccade	n/a	285.6	81.1	n/a	357.0	77.4	2.87	195.0
78.308	0.208	fixation	n/a	361.7	77.0	1093.0	n/a	n/a	n/a	n/a
78.518	0.034	saccade	n/a	360.8	76.5	n/a	468.4	71.3	4.34	198.0
78.554	0.138	fixation	n/a	465.0	72.4	1060.0	n/a	n/a	n/a	n/a
78.614	0.0	trigger_11	11	n/a	n/a	n/a	n/a	n/a	n/a	n/a
78.62	0.0	trigger_10	10	n/a	n/a	n/a	n/a	n/a	n/a	n/a
78.694	0.014	saccade	n/a	464.8	73.9	n/a	435.4	78.4	1.2	107.0
78.71	0.176	fixation	n/a	437.3	77.7	1057.0	n/a	n/a	n/a	n/a
78.888	0.028	saccade	n/a	435.2	74.7	n/a	513.7	75.4	3.15	175.0
78.918	0.242	fixation	n/a	509.6	76.8	1051.0	n/a	n/a	n/a	n/a
79.162	0.05	saccade	n/a	509.1	78.8	n/a	178.4	146.0	13.4	443.0
79.214	0.148	fixation	n/a	189.2	146.1	1071.0	n/a	n/a	n/a	n/a
79.364	0.022	saccade	n/a	189.2	147.6	n/a	132.5	153.1	2.23	171.0
79.388	0.232	fixation	n/a	139.3	153.6	1071.0	n/a	n/a	n/a	n/a
79.622	0.03	saccade	n/a	138.1	152.5	n/a	252.8	143.0	4.53	244.0
79.654	0.2	fixation	n/a	255.8	143.6	1058.0	n/a	n/a	n/a	n/a
79.856	0.018	saccade	n/a	257.6	142.3	n/a	217.3	145.6	1.61	119.0
79.876	0.246	fixation	n/a	216.1	145.3	1047.0	n/a	n/a	n/a	n/a
80.124	0.022	saccade	n/a	217.6	148.2	n/a	284.2	133.9	2.72	182.0
80.148	0.184	fixation	n/a	287.6	133.9	1050.0	n/a	n/a	n/a	n/a
80.334	0.024	saccade	n/a	289.1	133.8	n/a	217.3	93.1	3.3	227.0
80.36	0.194	fixation	n/a	216.4	82.1	1040.0	n/a	n/a	n/a	n/a
80.556	0.022	saccade	n/a	216.5	82.4	n/a	279.5	77.4	2.52	158.0
80.58	0.23	fixation	n/a	285.9	79.3	1062.0	n/a	n/a	n/a	n/a
80.812	0.032	saccade	n/a	287.4	82.6	n/a	161.0	97.2	5.04	273.0
80.846	0.138	fixation	n/a	167.4	97.1	1079.0	n/a	n/a	n/a	n/a
80.986	0.006	saccade	n/a	164.7	96.3	n/a	156.3	93.3	0.35	52.0
80.994	0.154	fixation	n/a	157.5	93.2	1098.0	n/a	n/a	n/a	n/a
81.15	0.028	saccade	n/a	156.8	93.0	n/a	251.0	84.2	3.74	201.0
81.18	0.144	fixation	n/a	249.9	83.4	1091.0	n/a	n/a	n/a	n/a
81.326	0.026	saccade	n/a	250.0	84.8	n/a	338.2	77.5	3.54	205.0
81.354	0.262	fixation	n/a	348.5	79.4	1062.0	n/a	n/a	n/a	n/a
81.618	0.018	saccade	n/a	347.8	82.3	n/a	307.8	85.1	1.61	126.0
81.638	0.176	fixation	n/a	301.7	83.9	1060.0	n/a	n/a	n/a	n/a
81.816	0.032	saccade	n/a	301.1	86.1	n/a	412.7	74.9	4.51	242.0
81.85	0.188	fixation	n/a	412.6	77.5	1062.0	n/a	n/a	n/a	n/a
82.04	0.024	saccade	n/a	413.1	77.9	n/a	485.5	72.6	2.92	178.0
82.066	0.17	fixation	n/a	506.0	75.5	1054.0	n/a	n/a	n/a	n/a
82.238	0.022	saccade	n/a	508.2	76.0	n/a	567.4	71.6	2.37	131.0
82.262	0.186	fixation	n/a	568.5	74.5	1025.0	n/a	n/a	n/a	n/a
82.45	0.052	saccade	n/a	567.6	73.8	n/a	177.5	134.8	15.62	490.0
82.504	0.11	fixation	n/a	184.4	133.2	1045.0	n/a	n/a	n/a	n/a
82.616	0.024	saccade	n/a	186.0	134.8	n/a	120.6	145.7	2.59	186.0
82.642	0.206	fixation	n/a	126.1	147.4	1042.0	n/a	n/a	n/a	n/a
82.85	0.03	saccade	n/a	125.8	148.7	n/a	213.2	145.1	3.44	185.0
82.882	0.236	fixation	n/a	213.8	145.5	1051.0	n/a	n/a	n/a	n/a
83.12	0.03	saccade	n/a	213.2	145.5	n/a	309.3	142.7	3.84	196.0
83.152	0.244	fixation	n/a	307.5	141.9	1054.0	n/a	n/a	n/a	n/a
83.27	0.0	trigger_11	11	n/a	n/a	n/a	n/a	n/a	n/a	n/a
83.276	0.0	trigger_10	10	n/a	n/a	n/a	n/a	n/a	n/a	n/a
83.398	0.034	saccade	n/a	308.7	144.6	n/a	436.4	140.8	5.14	228.0
83.434	0.212	fixation	n/a	433.3	138.6	1050.0	n/a	n/a	n/a	n/a
83.648	0.018	saccade	n/a	433.8	138.4	n/a	397.6	143.4	1.47	119.0
83.668	0.092	fixation	n/a	392.0	142.5	1037.0	n/a	n/a	n/a	n/a
83.762	0.034	saccade	n/a	390.8	143.1	n/a	538.1	135.6	5.91	255.0
83.798	0.204	fixation	n/a	534.8	138.7	1023.0	n/a	n/a	n/a	n/a
84.004	0.052	saccade	n/a	536.2	135.5	n/a	137.5	210.2	15.98	494.0
84.058	0.21	fixation	n/a	148.2	208.2	1067.0	n/a	n/a	n/a	n/a
84.27	0.01	saccade	n/a	145.8	209.0	n/a	129.4	209.1	0.64	63.0
84.282	0.084	fixation	n/a	131.3	208.0	1061.0	n/a	n/a	n/a	n/a
84.368	0.032	saccade	n/a	129.6	207.8	n/a	239.3	134.9	5.22	277.0
84.402	0.234	fixation	n/a	243.2	140.0	1022.0	n/a	n/a	n/a	n/a
84.638	0.028	saccade	n/a	244.5	144.1	n/a	168.1	145.6	3.02	170.0
84.668	0.214	fixation	n/a	177.7	148.3	1015.0	n/a	n/a	n/a	n/a
84.884	0.036	saccade	n/a	178.6	149.3	n/a	325.5	144.3	5.84	251.0
84.922	0.228	fixation	n/a	324.6	142.8	1046.0	n/a	n/a	n/a	n/a
85.152	0.058	saccade	n/a	325.8	139.9	n/a	184.3	86.9	6.02	267.0
85.212	0.272	fixation	n/a	189.8	84.6	1050.0	n/a	n/a	n/a	n/a
85.486	0.016	saccade	n/a	188.8	85.3	n/a	152.4	88.5	1.43	113.0
85.504	0.118	fixation	n/a	158.2	88.4	1064.0	n/a	n/a	n/a	n/a
85.624	0.038	saccade	n/a	158.0	88.9	n/a	275.9	85.7	4.67	210.0
85.664	0.33	fixation	n/a	275.3	85.3	1090.0	n/a	n/a	n/a	n/a
85.996	0.022	saccade	n/a	276.2	85.9	n/a	342.0	80.5	2.65	179.0
86.02	0.256	fixation	n/a	352.0	82.3	1059.0	n/a	n/a	n/a	n/a
86.278	0.022	saccade	n/a	352.8	83.7	n/a	414.6	76.9	2.51	140.0
86.302	0.284	fixation	n/a	427.4	77.8	1043.0	n/a	n/a	n/a	n/a
86.588	0.03	saccade	n/a	424.7	77.3	n/a	508.2	74.3	3.36	174.0
86.62	0.354	fixation	n/a	509.6	77.4	1042.0	n/a	n/a	n/a	n/a
86.976	0.018	saccade	n/a	509.1	80.5	n/a	465.2	79.4	1.76	141.0
86.996	0.17	fixation	n/a	464.7	80.7	1050.0	n/a	n/a	n/a	n/a
87.168	0.024	saccade	n/a	463.6	81.5	n/a	542.8	75.3	3.18	196.0
87.194	0.198	fixation	n/a	548.8	76.8	1028.0	n/a	n/a	n/a	n/a
87.232	0.0	trigger_11	11	n/a	n/a	n/a	n/a	n/a	n/a	n/a
87.236	0.0	trigger_10	10	n/a	n/a	n/a	n/a	n/a	n/a	n/a
87.394	0.052	saccade	n/a	551.4	77.3	n/a	199.8	135.6	14.15	462.0
87.448	0.128	fixation	n/a	209.2	136.2	1082.0	n/a	n/a	n/a	n/a
87.578	0.024	saccade	n/a	209.3	135.9	n/a	141.4	147.7	2.71	201.0
87.604	0.26	fixation	n/a	145.0	148.3	1081.0	n/a	n/a	n/a	n/a
87.866	0.02	saccade	n/a	142.4	149.0	n/a	196.6	143.8	2.14	148.0
87.888	0.106	fixation	n/a	203.6	143.4	1078.0	n/a	n/a	n/a	n/a
87.996	0.046	saccade	n/a	203.8	144.2	n/a	481.3	85.9	11.31	373.0
88.044	0.31	fixation	n/a	481.1	86.0	1042.0	n/a	n/a	n/a	n/a
88.356	0.028	saccade	n/a	480.6	88.8	n/a	569.4	73.5	3.6	190.0
88.386	0.226	fixation	n/a	565.7	74.6	1027.0	n/a	n/a	n/a	n/a
88.614	0.062	saccade	n/a	565.2	78.0	n/a	267.9	90.9	11.86	283.0
88.678	0.278	fixation	n/a	268.3	85.7	1063.0	n/a	n/a	n/a	n/a
88.958	0.03	saccade	n/a	267.2	84.2	n/a	166.7	87.4	3.98	232.0
88.99	0.462	fixation	n/a	171.0	89.1	1059.0	n/a	n/a	n/a	n/a
89.454	0.04	saccade	n/a	174.2	91.8	n/a	342.3	70.9	6.74	273.0
89.496	0.14	fixation	n/a	338.8	68.7	1072.0	n/a	n/a	n/a	n/a
89.638	0.018	saccade	n/a	337.7	68.4	n/a	298.2	77.5	1.63	114.0
89.658	0.234	fixation	n/a	301.4	78.0	1086.0	n/a	n/a	n/a	n/a
89.894	0.032	saccade	n/a	301.6	80.8	n/a	412.6	72.6	4.48	197.0
89.928	0.146	fixation	n/a	413.6	72.4	1073.0	n/a	n/a	n/a	n/a
90.076	0.03	saccade	n/a	414.6	73.2	n/a	496.4	74.4	3.29	170.0
90.108	0.152	fixation	n/a	495.3	74.6	1049.0	n/a	n/a	n/a	n/a
90.262	0.014	saccade	n/a	493.5	75.8	n/a	467.4	75.7	1.05	90.0
90.278	0.108	fixation	n/a	473.8	78.8	1059.0	n/a	n/a	n/a	n/a
90.388	0.008	saccade	n/a	464.7	88.5	n/a	456.5	95.4	0.43	54.0
90.398	0.182	fixation	n/a	448.9	86.6	1059.0	n/a	n/a	n/a	n/a
90.582	0.022	saccade	n/a	445.2	81.7	n/a	508.0	76.2	2.53	170.0
90.606	0.256	fixation	n/a	515.5	79.4	1041.0	n/a	n/a	n/a	n/a
90.864	0.048	saccade	n/a	519.1	82.0	n/a	204.1	137.7	12.73	426.0
90.914	0.146	fixation	n/a	217.4	138.4	1045.0	n/a	n/a	n/a	n/a
91.062	0.022	saccade	n/a	218.0	136.2	n/a	150.2	146.2	2.7	205.0
91.086	0.252	fixation	n/a	147.9	148.0	1058.0	n/a	n/a	n/a	n/a
91.34	0.024	saccade	n/a	147.3	148.9	n/a	217.9	138.0	2.81	173.0
91.366	0.284	fixation	n/a	221.1	143.1	1094.0	n/a	n/a	n/a	n/a
91.652	0.02	saccade	n/a	218.7	155.4	n/a	214.6	193.9	1.56	91.0
91.674	0.05	fixation	n/a	217.9	202.1	989.0	n/a	n/a	n/a	n/a
91.726	0.194	saccade	n/a	223.2	202.8	n/a	272.9	105.7	4.4	332.0
91.798	0.046	blink	n/a	n/a	n/a	n/a	n/a	n/a	n/a	n/a
91.922	0.13	fixation	n/a	280.2	91.2	1108.0	n/a	n/a	n/a	n/a
92.054	0.028	saccade	n/a	283.1	94.8	n/a	361.0	88.0	3.14	186.0
92.084	0.216	fixation	n/a	356.5	84.4	1108.0	n/a	n/a	n/a	n/a
92.302	0.034	saccade	n/a	356.8	87.2	n/a	504.1	82.6	5.92	303.0
92.304	0.0	trigger_11	11	n/a	n/a	n/a	n/a	n/a	n/a	n/a
92.31	0.0	trigger_12	12	n/a	n/a	n/a	n/a	n/a	n/a	n/a
92.338	0.464	fixation	n/a	505.3	85.0	1032.0	n/a	n/a	n/a	n/a
92.804	0.052	saccade	n/a	508.8	85.3	n/a	180.0	146.3	13.28	397.0
92.858	0.13	fixation	n/a	189.5	145.5	1082.0	n/a	n/a	n/a	n/a
92.99	0.022	saccade	n/a	189.8	147.6	n/a	137.6	156.0	2.07	162.0
93.014	0.248	fixation	n/a	146.6	158.4	1113.0	n/a	n/a	n/a	n/a
93.264	0.024	saccade	n/a	148.6	157.7	n/a	147.7	102.7	2.21	129.0
93.29	0.192	fixation	n/a	148.1	109.2	1124.0	n/a	n/a	n/a	n/a
93.484	0.022	saccade	n/a	146.6	109.5	n/a	204.0	87.6	2.42	166.0
93.508	0.374	fixation	n/a	217.0	89.1	1146.0	n/a	n/a	n/a	n/a
93.884	0.034	saccade	n/a	217.2	92.0	n/a	320.7	85.1	4.14	164.0
93.92	0.176	fixation	n/a	317.6	86.1	1211.0	n/a	n/a	n/a	n/a
94.098	0.036	saccade	n/a	320.8	89.4	n/a	187.8	140.7	5.68	311.0
94.136	0.146	fixation	n/a	197.6	141.9	1216.0	n/a	n/a	n/a	n/a
94.284	0.024	saccade	n/a	199.2	143.6	n/a	163.0	79.9	2.94	230.0
94.31	0.266	fixation	n/a	170.6	89.3	1192.0	n/a	n/a	n/a	n/a
94.578	0.022	saccade	n/a	170.4	90.8	n/a	240.1	87.5	2.76	187.0
94.602	0.22	fixation	n/a	252.1	87.7	1184.0	n/a	n/a	n/a	n/a
94.824	0.032	saccade	n/a	254.8	92.0	n/a	359.0	85.8	4.18	224.0
94.858	0.248	fixation	n/a	354.1	86.2	1185.0	n/a	n/a	n/a	n/a
95.108	0.03	saccade	n/a	355.1	89.6	n/a	454.3	83.1	4.0	211.0
95.14	0.196	fixation	n/a	453.4	83.4	1147.0	n/a	n/a	n/a	n/a
95.338	0.018	saccade	n/a	454.7	86.3	n/a	492.2	81.2	1.52	113.0
95.358	0.146	fixation	n/a	497.6	83.2	1108.0	n/a	n/a	n/a	n/a
95.506	0.05	saccade	n/a	497.9	84.7	n/a	175.2	154.2	13.14	454.0
95.558	0.13	fixation	n/a	184.6	150.8	1134.0	n/a	n/a	n/a	n/a
95.69	0.02	saccade	n/a	185.3	150.4	n/a	135.4	157.4	1.97	145.0
95.712	0.208	fixation	n/a	142.4	155.9	1121.0	n/a	n/a	n/a	n/a
95.922	0.036	saccade	n/a	144.3	157.8	n/a	277.3	143.1	5.29	223.0
95.96	0.26	fixation	n/a	278.7	141.6	1121.0	n/a	n/a	n/a	n/a
96.222	0.024	saccade	n/a	278.6	141.7	n/a	355.9	138.2	3.11	186.0
96.248	0.172	fixation	n/a	368.6	138.3	1122.0	n/a	n/a	n/a	n/a
96.422	0.022	saccade	n/a	370.3	137.4	n/a	438.4	135.9	2.75	194.0
96.446	0.27	fixation	n/a	453.7	134.8	1100.0	n/a	n/a	n/a	n/a
96.718	0.028	saccade	n/a	452.9	137.2	n/a	527.9	139.6	3.01	155.0
96.748	0.308	fixation	n/a	522.8	140.2	1078.0	n/a	n/a	n/a	n/a
96.912	0.0	trigger_13	13	n/a	n/a	n/a	n/a	n/a	n/a	n/a
97.058	0.03	saccade	n/a	523.3	141.6	n/a	605.4	143.4	3.27	137.0
97.09	0.14	fixation	n/a	600.6	140.8	1050.0	n/a	n/a	n/a	n/a
97.232	0.016	saccade	n/a	600.8	141.3	n/a	634.5	137.7	1.33	108.0
97.25	0.178	fixation	n/a	632.4	141.5	1039.0	n/a	n/a	n/a	n/a
97.43	0.054	saccade	n/a	633.7	142.2	n/a	243.3	199.8	15.58	491.0
97.486	0.132	fixation	n/a	252.7	197.9	1087.0	n/a	n/a	n/a	n/a
97.62	0.026	saccade	n/a	252.5	197.2	n/a	157.1	210.2	3.8	248.0
97.648	0.224	fixation	n/a	156.2	212.4	1070.0	n/a	n/a	n/a	n/a
97.874	0.036	saccade	n/a	153.8	214.6	n/a	316.4	203.7	6.44	302.0
97.912	0.262	fixation	n/a	316.5	205.1	1049.0	n/a	n/a	n/a	n/a
98.176	0.02	saccade	n/a	317.9	206.0	n/a	372.9	197.5	2.23	171.0
98.198	0.228	fixation	n/a	373.1	198.8	1035.0	n/a	n/a	n/a	n/a
98.428	0.038	saccade	n/a	373.7	198.2	n/a	194.4	106.1	8.06	405.0
98.468	0.148	fixation	n/a	202.7	104.2	1019.0	n/a	n/a	n/a	n/a
98.618	0.018	saccade	n/a	204.0	103.2	n/a	169.7	90.6	1.44	118.0
98.634	0.0	trigger_15	15	n/a	n/a	n/a	n/a	n/a	n/a	n/a
98.638	0.526	fixation	n/a	181.0	98.1	1047.0	n/a	n/a	n/a	n/a
98.642	0.0	trigger_10	10	n/a	n/a	n/a	n/a	n/a	n/a	n/a
99.166	0.022	saccade	n/a	184.5	102.2	n/a	259.8	88.2	3.04	200.0
99.19	0.194	fixation	n/a	274.9	89.4	1093.0	n/a	n/a	n/a	n/a
99.386	0.312	saccade	n/a	279.5	100.5	n/a	86.6	-27.8	9.14	564.0
99.432	0.218	blink	n/a	n/a	n/a	n/a	n/a	n/a	n/a	n/a
99.7	0.056	fixation	n/a	87.9	-16.9	1063.0	n/a	n/a	n/a	n/a
99.758	0.142	saccade	n/a	93.2	-9.5	n/a	-98.3	-75.8	7.55	448.0
99.81	0.044	blink	n/a	n/a	n/a	n/a	n/a	n/a	n/a	n/a
99.902	0.334	fixation	n/a	-73.7	-55.7	1050.0	n/a	n/a	n/a	n/a
100.238	0.066	saccade	n/a	-72.2	-44.8	n/a	425.8	143.4	20.38	497.0
100.306	0.262	fixation	n/a	421.8	138.0	1122.0	n/a	n/a	n/a	n/a
100.57	0.036	saccade	n/a	422.2	132.7	n/a	340.8	88.1	3.75	344.0
100.608	0.218	fixation	n/a	337.6	91.1	1144.0	n/a	n/a	n/a	n/a
100.828	0.032	saccade	n/a	340.0	95.3	n/a	184.1	89.0	6.2	378.0
100.862	0.202	fixation	n/a	196.0	91.8	1107.0	n/a	n/a	n/a	n/a
101.066	0.018	saccade	n/a	197.8	92.7	n/a	157.9	94.5	1.57	132.0
101.086	0.204	fixation	n/a	164.8	96.9	1132.0	n/a	n/a	n/a	n/a
101.292	0.038	saccade	n/a	167.8	98.3	n/a	297.0	90.5	5.14	229.0
101.332	0.25	fixation	n/a	296.5	91.6	1160.0	n/a	n/a	n/a	n/a
101.584	0.022	saccade	n/a	297.4	92.3	n/a	357.0	90.2	2.4	176.0
101.608	0.186	fixation	n/a	361.8	92.8	1177.0	n/a	n/a	n/a	n/a
101.796	0.03	saccade	n/a	363.2	92.3	n/a	456.7	85.1	3.77	219.0
101.828	0.152	fixation	n/a	456.8	85.3	1180.0	n/a	n/a	n/a	n/a
101.982	0.014	saccade	n/a	455.6	84.3	n/a	424.3	88.9	1.27	106.0
101.998	0.132	fixation	n/a	430.2	87.5	1169.0	n/a	n/a	n/a	n/a
102.132	0.012	saccade	n/a	428.2	88.6	n/a	401.8	89.2	1.06	99.0
102.146	0.168	fixation	n/a	402.0	90.0	1161.0	n/a	n/a	n/a	n/a
102.316	0.018	saccade	n/a	399.5	90.2	n/a	362.0	90.4	1.51	121.0
102.336	0.148	fixation	n/a	371.6	93.1	1145.0	n/a	n/a	n/a	n/a
102.486	0.034	saccade	n/a	371.6	95.2	n/a	524.1	83.1	6.14	304.0
102.522	0.304	fixation	n/a	521.5	81.0	1124.0	n/a	n/a	n/a	n/a
102.828	0.016	saccade	n/a	522.9	79.9	n/a	560.8	74.1	1.53	124.0
102.846	0.282	fixation	n/a	561.4	78.4	1109.0	n/a	n/a	n/a	n/a
103.13	0.01	saccade	n/a	560.8	79.8	n/a	577.1	78.7	0.65	68.0
103.142	0.164	fixation	n/a	578.1	78.4	1111.0	n/a	n/a	n/a	n/a
103.308	0.054	saccade	n/a	578.7	79.6	n/a	195.6	133.4	15.33	470.0
103.364	0.106	fixation	n/a	204.7	133.5	1163.0	n/a	n/a	n/a	n/a
103.472	0.024	saccade	n/a	205.8	133.5	n/a	131.7	146.0	2.95	198.0
103.498	0.26	fixation	n/a	140.5	150.4	1179.0	n/a	n/a	n/a	n/a
103.76	0.02	saccade	n/a	140.5	152.2	n/a	195.8	149.0	2.18	162.0
103.782	0.234	fixation	n/a	204.4	149.6	1173.0	n/a	n/a	n/a	n/a
104.018	0.028	saccade	n/a	203.2	151.5	n/a	287.8	149.2	3.37	197.0
104.048	0.212	fixation	n/a	286.5	147.2	1171.0	n/a	n/a	n/a	n/a
104.262	0.024	saccade	n/a	286.8	147.8	n/a	230.0	151.7	2.27	154.0
104.288	0.222	fixation	n/a	236.7	151.6	1152.0	n/a	n/a	n/a	n/a
104.512	0.034	saccade	n/a	237.0	155.1	n/a	385.2	146.7	5.94	262.0
104.548	0.262	fixation	n/a	385.0	146.2	1128.0	n/a	n/a	n/a	n/a
104.812	0.028	saccade	n/a	385.2	146.3	n/a	454.4	141.5	2.79	148.0
104.842	0.154	fixation	n/a	452.1	143.3	1107.0	n/a	n/a	n/a	n/a
104.998	0.026	saccade	n/a	451.4	142.2	n/a	534.1	137.0	3.32	194.0
105.026	0.192	fixation	n/a	534.1	138.5	1077.0	n/a	n/a	n/a	n/a
105.22	0.05	saccade	n/a	534.3	137.3	n/a	192.8	202.4	13.81	431.0
105.272	0.136	fixation	n/a	204.2	204.6	1097.0	n/a	n/a	n/a	n/a
105.41	0.02	saccade	n/a	203.3	207.3	n/a	151.3	213.4	2.06	173.0
105.432	0.232	fixation	n/a	149.7	216.9	1074.0	n/a	n/a	n/a	n/a
105.666	0.036	saccade	n/a	151.1	221.5	n/a	297.0	212.4	5.78	250.0
105.704	0.226	fixation	n/a	299.9	212.9	1042.0	n/a	n/a	n/a	n/a
105.932	0.024	saccade	n/a	301.1	214.5	n/a	378.5	211.4	3.1	184.0
105.958	0.16	fixation	n/a	385.2	211.5	1011.0	n/a	n/a	n/a	n/a
106.12	0.022	saccade	n/a	384.1	213.5	n/a	451.6	207.3	2.72	193.0
106.144	0.212	fixation	n/a	462.9	205.8	980.0	n/a	n/a	n/a	n/a
106.358	0.024	saccade	n/a	462.2	204.3	n/a	535.8	203.1	2.94	158.0
106.384	0.234	fixation	n/a	551.6	204.6	979.0	n/a	n/a	n/a	n/a
106.504	0.0	trigger_11	11	n/a	n/a	n/a	n/a	n/a	n/a	n/a
106.512	0.0	trigger_10	10	n/a	n/a	n/a	n/a	n/a	n/a	n/a
106.62	0.02	saccade	n/a	551.6	203.3	n/a	597.4	200.7	1.81	119.0
106.642	0.146	fixation	n/a	600.8	201.2	976.0	n/a	n/a	n/a	n/a
106.79	0.052	saccade	n/a	601.6	201.2	n/a	233.7	267.3	14.75	476.0
106.844	0.136	fixation	n/a	238.8	264.7	1019.0	n/a	n/a	n/a	n/a
106.982	0.024	saccade	n/a	241.1	269.0	n/a	157.7	269.1	3.27	218.0
107.008	0.296	fixation	n/a	158.7	270.8	1022.0	n/a	n/a	n/a	n/a
107.306	0.012	saccade	n/a	158.5	273.7	n/a	135.1	274.0	0.91	83.0
107.32	0.084	fixation	n/a	138.0	272.8	1012.0	n/a	n/a	n/a	n/a
107.406	0.04	saccade	n/a	139.4	276.7	n/a	357.7	269.0	8.6	360.0
107.448	0.252	fixation	n/a	362.4	273.7	1027.0	n/a	n/a	n/a	n/a
107.702	0.026	saccade	n/a	366.6	275.6	n/a	446.2	269.1	3.19	215.0
107.73	0.326	fixation	n/a	443.8	268.6	1044.0	n/a	n/a	n/a	n/a
108.058	0.032	saccade	n/a	440.8	267.3	n/a	324.4	271.0	4.65	290.0
108.092	0.234	fixation	n/a	329.1	271.2	1044.0	n/a	n/a	n/a	n/a
108.328	0.042	saccade	n/a	330.3	269.6	n/a	200.4	76.8	9.35	417.0
108.372	0.13	fixation	n/a	209.7	85.0	1051.0	n/a	n/a	n/a	n/a
108.504	0.024	saccade	n/a	214.5	87.0	n/a	148.7	85.2	2.59	180.0
108.53	0.236	fixation	n/a	157.6	89.6	1079.0	n/a	n/a	n/a	n/a
108.768	0.024	saccade	n/a	159.4	92.5	n/a	239.5	87.9	3.17	198.0
108.794	0.146	fixation	n/a	246.4	89.9	1133.0	n/a	n/a	n/a	n/a
108.942	0.022	saccade	n/a	246.6	90.2	n/a	320.5	82.8	2.97	193.0
108.966	0.174	fixation	n/a	334.2	83.4	1171.0	n/a	n/a	n/a	n/a
109.142	0.034	saccade	n/a	335.7	83.2	n/a	211.0	95.1	4.99	279.0
109.178	0.252	fixation	n/a	217.2	95.1	1182.0	n/a	n/a	n/a	n/a
109.432	0.016	saccade	n/a	217.1	97.7	n/a	180.5	102.5	1.46	115.0
109.45	0.246	fixation	n/a	177.3	101.8	1195.0	n/a	n/a	n/a	n/a
109.698	0.036	saccade	n/a	177.1	103.5	n/a	315.0	91.4	5.51	249.0
109.736	0.174	fixation	n/a	313.1	93.7	1202.0	n/a	n/a	n/a	n/a
109.912	0.026	saccade	n/a	313.5	92.9	n/a	388.4	95.0	3.02	191.0
109.94	0.244	fixation	n/a	383.8	91.9	1216.0	n/a	n/a	n/a	n/a
110.186	0.036	saccade	n/a	383.5	93.0	n/a	544.0	84.1	6.44	352.0
110.224	0.19	fixation	n/a	544.0	84.2	1189.0	n/a	n/a	n/a	n/a
110.416	0.022	saccade	n/a	543.9	82.5	n/a	596.9	73.8	2.13	158.0
110.44	0.098	fixation	n/a	596.4	78.2	1172.0	n/a	n/a	n/a	n/a
110.54	0.062	saccade	n/a	598.2	80.2	n/a	206.3	138.6	15.67	528.0
110.604	0.11	fixation	n/a	201.4	142.3	1210.0	n/a	n/a	n/a	n/a
110.716	0.024	saccade	n/a	200.8	142.9	n/a	137.9	154.4	2.51	196.0
110.742	0.312	fixation	n/a	146.8	156.5	1207.0	n/a	n/a	n/a	n/a
111.056	0.03	saccade	n/a	147.6	155.5	n/a	236.7	150.8	3.51	182.0
111.088	0.208	fixation	n/a	239.1	150.6	1236.0	n/a	n/a	n/a	n/a
111.298	0.02	saccade	n/a	240.9	150.0	n/a	303.0	143.5	2.5	182.0
111.32	0.29	fixation	n/a	304.5	145.3	1225.0	n/a	n/a	n/a	n/a
111.612	0.014	saccade	n/a	301.4	146.5	n/a	272.2	146.9	1.17	100.0
111.628	0.26	fixation	n/a	275.5	150.7	1196.0	n/a	n/a	n/a	n/a
111.89	0.024	saccade	n/a	275.8	152.9	n/a	346.6	144.8	2.86	170.0
111.916	0.218	fixation	n/a	347.6	144.2	1183.0	n/a	n/a	n/a	n/a
112.136	0.026	saccade	n/a	348.9	146.5	n/a	416.7	142.1	2.73	137.0
112.164	0.202	fixation	n/a	427.9	143.4	1159.0	n/a	n/a	n/a	n/a
112.368	0.022	saccade	n/a	428.1	145.0	n/a	491.5	139.9	2.56	163.0
112.392	0.19	fixation	n/a	503.1	140.0	1122.0	n/a	n/a	n/a	n/a
112.584	0.028	saccade	n/a	502.0	140.5	n/a	567.6	137.7	2.62	124.0
112.614	0.166	fixation	n/a	567.5	138.2	1091.0	n/a	n/a	n/a	n/a
112.782	0.052	saccade	n/a	569.2	137.1	n/a	221.0	209.2	14.1	474.0
112.836	0.102	fixation	n/a	228.1	208.7	1119.0	n/a	n/a	n/a	n/a
112.94	0.024	saccade	n/a	228.2	209.5	n/a	152.1	212.5	3.0	218.0
112.966	0.27	fixation	n/a	153.7	215.0	1089.0	n/a	n/a	n/a	n/a
113.238	0.014	saccade	n/a	152.5	214.7	n/a	125.2	217.0	1.07	96.0
113.254	0.08	fixation	n/a	131.9	217.2	1063.0	n/a	n/a	n/a	n/a
113.336	0.044	saccade	n/a	132.4	217.6	n/a	410.7	197.6	11.01	421.0
113.382	0.178	fixation	n/a	416.1	200.9	1025.0	n/a	n/a	n/a	n/a
113.472	0.0	trigger_11	11	n/a	n/a	n/a	n/a	n/a	n/a	n/a
113.48	0.0	trigger_10	10	n/a	n/a	n/a	n/a	n/a	n/a	n/a
113.562	0.022	saccade	n/a	417.3	201.2	n/a	356.6	204.9	2.44	167.0
113.586	0.156	fixation	n/a	366.1	204.3	1005.0	n/a	n/a	n/a	n/a
113.744	0.032	saccade	n/a	366.9	207.0	n/a	503.2	200.2	5.47	282.0
113.778	0.156	fixation	n/a	504.6	199.6	1000.0	n/a	n/a	n/a	n/a
113.936	0.024	saccade	n/a	506.1	200.8	n/a	444.2	201.5	2.48	153.0
113.962	0.208	fixation	n/a	449.8	204.5	990.0	n/a	n/a	n/a	n/a
114.172	0.034	saccade	n/a	451.2	205.3	n/a	335.2	212.0	4.67	240.0
114.208	0.338	fixation	n/a	341.4	214.3	993.0	n/a	n/a	n/a	n/a
114.548	0.038	saccade	n/a	344.6	215.2	n/a	198.1	141.0	6.57	304.0
114.588	0.294	fixation	n/a	187.4	100.3	964.0	n/a	n/a	n/a	n/a
114.884	0.03	saccade	n/a	187.2	99.4	n/a	278.9	93.7	3.65	180.0
114.916	0.174	fixation	n/a	279.9	92.1	987.0	n/a	n/a	n/a	n/a
115.092	0.03	saccade	n/a	278.2	91.0	n/a	162.5	91.1	4.58	252.0
115.124	0.262	fixation	n/a	169.6	93.3	987.0	n/a	n/a	n/a	n/a
115.388	0.018	saccade	n/a	170.9	96.7	n/a	220.9	92.1	1.98	164.0
115.408	0.304	fixation	n/a	228.9	94.7	1008.0	n/a	n/a	n/a	n/a
115.714	0.022	saccade	n/a	230.2	95.2	n/a	159.2	91.8	2.8	200.0
115.738	0.232	fixation	n/a	160.0	94.8	1024.0	n/a	n/a	n/a	n/a
115.972	0.028	saccade	n/a	161.1	96.5	n/a	257.0	90.4	3.8	211.0
116.002	0.242	fixation	n/a	265.1	92.8	1042.0	n/a	n/a	n/a	n/a
116.246	0.022	saccade	n/a	266.4	94.0	n/a	326.8	89.8	2.43	160.0
116.27	0.238	fixation	n/a	346.2	89.1	1034.0	n/a	n/a	n/a	n/a
116.51	0.026	saccade	n/a	349.2	89.5	n/a	432.8	81.5	3.39	204.0
116.538	0.202	fixation	n/a	433.4	86.0	1043.0	n/a	n/a	n/a	n/a
116.742	0.028	saccade	n/a	433.4	88.6	n/a	520.8	79.9	3.53	202.0
116.772	0.37	fixation	n/a	523.2	80.7	1013.0	n/a	n/a	n/a	n/a
117.144	0.05	saccade	n/a	522.9	83.8	n/a	215.5	142.4	12.48	409.0
117.196	0.112	fixation	n/a	220.5	141.1	1023.0	n/a	n/a	n/a	n/a
117.31	0.02	saccade	n/a	220.8	142.0	n/a	154.6	153.5	2.65	205.0
117.332	0.23	fixation	n/a	153.7	156.8	1033.0	n/a	n/a	n/a	n/a
117.466	0.0	trigger_11	11	n/a	n/a	n/a	n/a	n/a	n/a	n/a
117.47	0.0	trigger_10	10	n/a	n/a	n/a	n/a	n/a	n/a	n/a
117.564	0.05	saccade	n/a	155.6	158.5	n/a	458.4	143.5	12.01	355.0
117.616	0.146	fixation	n/a	459.8	140.6	1047.0	n/a	n/a	n/a	n/a
117.764	0.036	saccade	n/a	460.4	141.0	n/a	605.8	132.4	5.8	279.0
117.802	0.144	fixation	n/a	605.8	135.0	1015.0	n/a	n/a	n/a	n/a
117.948	0.016	saccade	n/a	606.2	137.0	n/a	640.9	137.0	1.37	107.0
117.966	0.144	fixation	n/a	640.2	139.7	1014.0	n/a	n/a	n/a	n/a
118.112	0.076	saccade	n/a	641.0	139.0	n/a	167.9	213.3	18.79	468.0
118.19	0.24	fixation	n/a	177.4	204.2	1051.0	n/a	n/a	n/a	n/a
118.432	0.036	saccade	n/a	173.5	200.9	n/a	333.2	201.5	6.34	290.0
118.47	0.222	fixation	n/a	334.1	200.9	1046.0	n/a	n/a	n/a	n/a
118.694	0.042	saccade	n/a	335.8	200.4	n/a	536.6	189.4	8.04	350.0
118.738	0.156	fixation	n/a	538.3	190.2	1036.0	n/a	n/a	n/a	n/a
118.896	0.048	saccade	n/a	542.0	191.4	n/a	208.5	262.3	13.51	507.0
118.946	0.164	fixation	n/a	216.8	264.7	1058.0	n/a	n/a	n/a	n/a
119.112	0.026	saccade	n/a	219.3	268.4	n/a	144.6	268.3	2.92	197.0
119.14	0.156	fixation	n/a	152.7	269.5	1052.0	n/a	n/a	n/a	n/a
119.298	0.046	saccade	n/a	152.2	271.1	n/a	156.9	113.6	6.3	382.0
119.346	0.312	fixation	n/a	159.2	101.2	1021.0	n/a	n/a	n/a	n/a
119.66	0.006	saccade	n/a	160.4	102.5	n/a	152.4	98.6	0.35	53.0
119.668	0.118	fixation	n/a	155.4	97.7	1026.0	n/a	n/a	n/a	n/a
119.738	0.0	trigger_11	11	n/a	n/a	n/a	n/a	n/a	n/a	n/a
119.742	0.0	trigger_10	10	n/a	n/a	n/a	n/a	n/a	n/a	n/a
119.788	0.028	saccade	n/a	155.7	99.3	n/a	267.9	89.7	4.46	257.0
119.818	0.15	fixation	n/a	279.8	89.8	1077.0	n/a	n/a	n/a	n/a
119.97	0.016	saccade	n/a	280.5	87.2	n/a	251.5	92.5	1.18	113.0
119.988	0.28	fixation	n/a	252.9	91.8	1138.0	n/a	n/a	n/a	n/a
120.27	0.054	saccade	n/a	253.7	93.4	n/a	439.6	85.6	7.46	334.0
120.326	0.144	fixation	n/a	451.5	85.1	1173.0	n/a	n/a	n/a	n/a
120.472	0.022	saccade	n/a	454.0	86.6	n/a	411.9	82.7	1.7	156.0
120.496	0.022	fixation	n/a	422.5	84.5	1173.0	n/a	n/a	n/a	n/a
120.52	0.028	saccade	n/a	422.4	87.7	n/a	518.2	73.5	3.89	256.0
120.55	0.214	fixation	n/a	511.4	78.2	1150.0	n/a	n/a	n/a	n/a
120.766	0.058	saccade	n/a	511.8	77.8	n/a	200.0	143.3	12.68	487.0
120.826	0.16	fixation	n/a	190.7	145.8	1196.0	n/a	n/a	n/a	n/a
120.988	0.02	saccade	n/a	190.6	147.1	n/a	142.1	157.3	1.95	155.0
121.01	0.19	fixation	n/a	148.1	157.7	1210.0	n/a	n/a	n/a	n/a
121.202	0.038	saccade	n/a	146.8	158.1	n/a	380.1	143.9	9.28	406.0
121.242	0.19	fixation	n/a	380.7	144.3	1176.0	n/a	n/a	n/a	n/a
121.434	0.024	saccade	n/a	380.9	143.9	n/a	442.9	141.8	2.5	160.0
121.46	0.16	fixation	n/a	435.1	140.5	1131.0	n/a	n/a	n/a	n/a
121.622	0.036	saccade	n/a	436.6	142.0	n/a	225.0	118.1	8.52	407.0
121.66	0.272	fixation	n/a	206.1	106.0	1114.0	n/a	n/a	n/a	n/a
121.934	0.02	saccade	n/a	205.0	106.6	n/a	156.0	94.4	1.99	166.0
121.956	0.342	fixation	n/a	161.0	97.4	1103.0	n/a	n/a	n/a	n/a
122.3	0.022	saccade	n/a	160.8	100.1	n/a	234.2	91.4	2.92	190.0
122.324	0.162	fixation	n/a	243.9	93.2	1106.0	n/a	n/a	n/a	n/a
122.488	0.032	saccade	n/a	246.6	93.7	n/a	344.8	84.6	3.95	201.0
122.522	0.21	fixation	n/a	342.5	88.4	1093.0	n/a	n/a	n/a	n/a
122.734	0.02	saccade	n/a	344.3	88.8	n/a	390.7	82.3	1.89	114.0
122.756	0.214	fixation	n/a	397.7	86.2	1070.0	n/a	n/a	n/a	n/a
122.972	0.026	saccade	n/a	397.5	88.9	n/a	472.5	82.2	3.03	177.0
123.0	0.21	fixation	n/a	470.6	86.4	1050.0	n/a	n/a	n/a	n/a
123.212	0.044	saccade	n/a	470.1	86.9	n/a	204.9	147.7	10.85	411.0
123.258	0.12	fixation	n/a	206.9	146.9	1065.0	n/a	n/a	n/a	n/a
123.38	0.022	saccade	n/a	206.2	148.5	n/a	146.9	159.6	2.37	162.0
123.404	0.232	fixation	n/a	147.6	160.3	1062.0	n/a	n/a	n/a	n/a
123.638	0.034	saccade	n/a	149.0	160.6	n/a	290.5	154.5	5.6	242.0
123.674	0.244	fixation	n/a	290.2	153.8	1065.0	n/a	n/a	n/a	n/a
123.92	0.028	saccade	n/a	289.8	153.2	n/a	381.8	145.2	3.71	214.0
123.95	0.376	fixation	n/a	388.1	147.4	1050.0	n/a	n/a	n/a	n/a
124.328	0.068	saccade	n/a	387.0	154.1	n/a	268.5	112.6	5.05	111.0
124.398	0.256	fixation	n/a	258.8	97.6	1019.0	n/a	n/a	n/a	n/a
124.656	0.024	saccade	n/a	256.8	95.3	n/a	329.9	91.2	2.93	169.0
124.682	0.242	fixation	n/a	345.2	91.9	1007.0	n/a	n/a	n/a	n/a
124.926	0.034	saccade	n/a	344.7	94.4	n/a	183.6	92.2	6.41	331.0
124.962	0.278	fixation	n/a	192.4	93.5	994.0	n/a	n/a	n/a	n/a
125.242	0.034	saccade	n/a	194.4	96.4	n/a	309.0	93.0	4.57	210.0
125.278	0.136	fixation	n/a	307.0	92.0	1004.0	n/a	n/a	n/a	n/a
125.416	0.03	saccade	n/a	307.6	92.3	n/a	175.3	93.0	5.26	298.0
125.448	0.218	fixation	n/a	179.7	92.4	998.0	n/a	n/a	n/a	n/a
125.578	0.0	trigger_11	11	n/a	n/a	n/a	n/a	n/a	n/a	n/a
125.584	0.0	trigger_10	10	n/a	n/a	n/a	n/a	n/a	n/a	n/a
125.668	0.016	saccade	n/a	180.1	93.3	n/a	140.4	94.1	1.56	122.0
125.686	0.246	fixation	n/a	143.1	94.3	1005.0	n/a	n/a	n/a	n/a
125.934	0.04	saccade	n/a	142.3	95.6	n/a	313.4	93.2	6.78	240.0
125.976	0.308	fixation	n/a	311.3	91.6	1033.0	n/a	n/a	n/a	n/a
126.286	0.032	saccade	n/a	311.3	93.6	n/a	397.1	84.1	3.47	159.0
126.32	0.198	fixation	n/a	402.0	88.3	1054.0	n/a	n/a	n/a	n/a
126.52	0.022	saccade	n/a	402.0	91.4	n/a	466.2	86.8	2.59	167.0
126.544	0.302	fixation	n/a	469.4	87.1	1069.0	n/a	n/a	n/a	n/a
126.848	0.044	saccade	n/a	468.8	87.7	n/a	231.4	148.5	9.8	383.0
126.894	0.238	fixation	n/a	239.1	146.8	1094.0	n/a	n/a	n/a	n/a
127.134	0.034	saccade	n/a	237.6	148.8	n/a	355.5	147.4	4.73	187.0
127.17	0.24	fixation	n/a	351.9	145.9	1098.0	n/a	n/a	n/a	n/a
127.412	0.034	saccade	n/a	352.2	146.6	n/a	211.4	95.4	5.99	344.0
127.448	0.316	fixation	n/a	219.9	99.4	1055.0	n/a	n/a	n/a	n/a
127.766	0.02	saccade	n/a	220.5	101.2	n/a	162.3	89.8	2.34	194.0
127.788	0.274	fixation	n/a	167.3	93.3	1070.0	n/a	n/a	n/a	n/a
128.064	0.02	saccade	n/a	165.3	93.3	n/a	216.2	91.9	2.01	139.0
128.086	0.252	fixation	n/a	218.6	93.9	1082.0	n/a	n/a	n/a	n/a
128.34	0.022	saccade	n/a	219.6	95.7	n/a	290.9	88.9	2.85	185.0
128.364	0.296	fixation	n/a	304.8	91.6	1071.0	n/a	n/a	n/a	n/a
128.662	0.022	saccade	n/a	307.0	92.7	n/a	374.2	88.0	2.71	184.0
128.686	0.28	fixation	n/a	385.6	86.6	1089.0	n/a	n/a	n/a	n/a
128.968	0.022	saccade	n/a	385.7	88.6	n/a	449.2	82.0	2.57	164.0
128.992	0.182	fixation	n/a	458.1	85.9	1084.0	n/a	n/a	n/a	n/a
129.176	0.03	saccade	n/a	457.0	84.4	n/a	551.8	80.3	3.8	225.0
129.208	0.166	fixation	n/a	550.0	82.0	1059.0	n/a	n/a	n/a	n/a
129.376	0.012	saccade	n/a	550.4	80.5	n/a	528.8	83.6	0.87	83.0
129.39	0.18	fixation	n/a	529.0	82.7	1058.0	n/a	n/a	n/a	n/a
129.572	0.018	saccade	n/a	528.5	82.6	n/a	572.3	76.2	1.76	125.0
129.592	0.128	fixation	n/a	577.6	79.8	1044.0	n/a	n/a	n/a	n/a
129.722	0.062	saccade	n/a	577.5	76.0	n/a	142.8	138.3	17.3	517.0
129.786	0.144	fixation	n/a	166.2	149.1	1075.0	n/a	n/a	n/a	n/a
129.932	0.016	saccade	n/a	170.1	147.9	n/a	137.8	153.8	1.28	100.0
129.95	0.194	fixation	n/a	145.2	153.9	1070.0	n/a	n/a	n/a	n/a
130.146	0.03	saccade	n/a	141.8	155.3	n/a	254.5	145.2	4.46	243.0
130.178	0.236	fixation	n/a	249.7	149.5	1047.0	n/a	n/a	n/a	n/a
130.274	0.0	trigger_11	11	n/a	n/a	n/a	n/a	n/a	n/a	n/a
130.28	0.0	trigger_10	10	n/a	n/a	n/a	n/a	n/a	n/a	n/a
130.416	0.038	saccade	n/a	249.4	150.5	n/a	411.1	143.2	6.49	288.0
130.456	0.284	fixation	n/a	412.0	143.9	1034.0	n/a	n/a	n/a	n/a
130.742	0.02	saccade	n/a	412.7	148.0	n/a	474.3	142.9	2.49	176.0
130.764	0.196	fixation	n/a	488.0	141.4	1028.0	n/a	n/a	n/a	n/a
130.962	0.028	saccade	n/a	488.6	144.6	n/a	568.6	141.6	3.2	174.0
130.992	0.172	fixation	n/a	566.9	141.2	1041.0	n/a	n/a	n/a	n/a
131.166	0.052	saccade	n/a	568.7	140.8	n/a	201.8	206.1	14.74	496.0
131.22	0.156	fixation	n/a	209.4	205.2	1098.0	n/a	n/a	n/a	n/a
131.378	0.02	saccade	n/a	211.0	207.4	n/a	150.8	212.5	2.37	178.0
131.4	0.266	fixation	n/a	152.5	215.5	1101.0	n/a	n/a	n/a	n/a
131.668	0.036	saccade	n/a	151.0	219.3	n/a	265.0	204.4	4.54	207.0
131.706	0.336	fixation	n/a	263.9	208.3	1087.0	n/a	n/a	n/a	n/a
132.044	0.042	saccade	n/a	263.2	205.9	n/a	179.7	93.1	5.64	387.0
132.088	0.518	fixation	n/a	179.7	91.2	1104.0	n/a	n/a	n/a	n/a
132.608	0.022	saccade	n/a	181.2	92.1	n/a	254.7	88.4	2.91	197.0
132.632	0.346	fixation	n/a	277.5	90.5	1161.0	n/a	n/a	n/a	n/a
132.98	0.034	saccade	n/a	281.1	92.2	n/a	419.0	82.1	5.55	287.0
133.016	0.234	fixation	n/a	413.8	83.3	1146.0	n/a	n/a	n/a	n/a
133.252	0.028	saccade	n/a	414.2	86.4	n/a	507.0	81.7	3.73	204.0
133.282	0.25	fixation	n/a	506.4	83.7	1110.0	n/a	n/a	n/a	n/a
133.534	0.046	saccade	n/a	505.8	87.4	n/a	205.2	148.8	12.21	466.0
133.582	0.136	fixation	n/a	213.2	148.0	1130.0	n/a	n/a	n/a	n/a
133.72	0.024	saccade	n/a	214.9	146.5	n/a	143.9	156.2	2.82	202.0
133.746	0.294	fixation	n/a	153.3	154.0	1129.0	n/a	n/a	n/a	n/a
134.042	0.014	saccade	n/a	153.5	156.0	n/a	130.2	156.9	0.91	80.0
134.058	0.134	fixation	n/a	136.2	156.4	1116.0	n/a	n/a	n/a	n/a
134.194	0.03	saccade	n/a	134.1	155.3	n/a	248.8	143.6	4.54	248.0
134.226	0.49	fixation	n/a	256.4	145.1	1101.0	n/a	n/a	n/a	n/a
134.718	0.028	saccade	n/a	262.4	147.7	n/a	197.9	100.2	3.2	187.0
134.748	0.28	fixation	n/a	204.6	103.8	1081.0	n/a	n/a	n/a	n/a
135.03	0.03	saccade	n/a	203.4	105.9	n/a	291.9	89.1	3.58	202.0
135.062	0.55	fixation	n/a	290.1	90.7	1118.0	n/a	n/a	n/a	n/a
135.614	0.022	saccade	n/a	292.3	96.3	n/a	229.4	93.2	2.51	150.0
135.638	0.336	fixation	n/a	221.1	92.8	1101.0	n/a	n/a	n/a	n/a
135.976	0.024	saccade	n/a	223.0	93.0	n/a	287.7	88.9	2.58	146.0
136.002	0.238	fixation	n/a	301.8	90.4	1106.0	n/a	n/a	n/a	n/a
136.212	0.0	trigger_11	11	n/a	n/a	n/a	n/a	n/a	n/a	n/a
136.222	0.0	trigger_10	10	n/a	n/a	n/a	n/a	n/a	n/a	n/a
136.242	0.014	saccade	n/a	300.6	90.5	n/a	271.6	92.3	1.16	105.0
136.258	0.222	fixation	n/a	276.9	95.4	1097.0	n/a	n/a	n/a	n/a
136.482	0.008	saccade	n/a	273.9	95.0	n/a	263.1	95.7	0.43	52.0
136.492	0.14	fixation	n/a	261.7	96.1	1090.0	n/a	n/a	n/a	n/a
136.634	0.034	saccade	n/a	259.3	94.6	n/a	399.5	87.9	5.63	302.0
136.67	0.276	fixation	n/a	400.5	88.3	1072.0	n/a	n/a	n/a	n/a
136.948	0.034	saccade	n/a	399.9	89.0	n/a	510.9	80.5	4.47	198.0
136.984	0.174	fixation	n/a	510.7	81.5	1065.0	n/a	n/a	n/a	n/a
137.16	0.05	saccade	n/a	510.7	81.9	n/a	185.9	144.0	13.13	431.0
137.212	0.124	fixation	n/a	189.4	140.8	1072.0	n/a	n/a	n/a	n/a
137.338	0.022	saccade	n/a	188.7	140.9	n/a	134.3	155.0	2.2	178.0
137.362	0.174	fixation	n/a	144.7	153.8	1055.0	n/a	n/a	n/a	n/a
137.538	0.06	saccade	n/a	143.4	153.3	n/a	541.3	84.5	15.94	408.0
137.6	0.206	fixation	n/a	539.0	85.8	1027.0	n/a	n/a	n/a	n/a
137.808	0.016	saccade	n/a	537.6	86.6	n/a	568.7	79.2	1.27	99.0
137.826	0.084	fixation	n/a	566.1	82.3	1016.0	n/a	n/a	n/a	n/a
137.912	0.06	saccade	n/a	566.0	84.6	n/a	199.0	143.3	14.73	506.0
137.974	0.216	fixation	n/a	193.6	145.2	1044.0	n/a	n/a	n/a	n/a
138.192	0.022	saccade	n/a	195.1	145.9	n/a	172.4	88.2	2.5	206.0
138.216	0.248	fixation	n/a	178.6	99.2	1036.0	n/a	n/a	n/a	n/a
138.466	0.028	saccade	n/a	177.4	100.8	n/a	263.4	91.6	3.43	190.0
138.496	0.182	fixation	n/a	262.5	90.9	1051.0	n/a	n/a	n/a	n/a
138.68	0.022	saccade	n/a	263.7	91.0	n/a	338.4	88.0	3.0	210.0
138.704	0.2	fixation	n/a	356.2	89.4	1076.0	n/a	n/a	n/a	n/a
138.906	0.026	saccade	n/a	356.9	89.8	n/a	441.7	84.1	3.43	192.0
138.934	0.168	fixation	n/a	443.6	84.0	1060.0	n/a	n/a	n/a	n/a
139.104	0.02	saccade	n/a	442.0	82.9	n/a	498.3	81.9	2.27	168.0
139.126	0.31	fixation	n/a	499.4	81.7	1093.0	n/a	n/a	n/a	n/a
139.438	0.03	saccade	n/a	500.0	83.4	n/a	588.9	81.1	3.54	182.0
139.47	0.302	fixation	n/a	583.9	84.1	1093.0	n/a	n/a	n/a	n/a
139.774	0.014	saccade	n/a	583.6	81.4	n/a	606.8	81.1	0.92	74.0
139.79	0.446	fixation	n/a	603.0	84.5	1074.0	n/a	n/a	n/a	n/a
139.94	0.0	trigger_11	11	n/a	n/a	n/a	n/a	n/a	n/a	n/a
139.944	0.0	trigger_10	10	n/a	n/a	n/a	n/a	n/a	n/a	n/a
140.238	0.06	saccade	n/a	603.8	84.2	n/a	189.5	150.1	16.56	432.0
140.3	0.128	fixation	n/a	193.2	152.3	1106.0	n/a	n/a	n/a	n/a
140.43	0.022	saccade	n/a	194.7	150.8	n/a	138.3	158.4	2.23	169.0
140.454	0.174	fixation	n/a	148.4	155.0	1137.0	n/a	n/a	n/a	n/a
140.63	0.036	saccade	n/a	147.9	154.7	n/a	298.1	146.9	5.95	313.0
140.668	0.226	fixation	n/a	294.9	145.8	1127.0	n/a	n/a	n/a	n/a
140.896	0.018	saccade	n/a	295.6	147.4	n/a	255.1	148.8	1.62	127.0
140.916	0.25	fixation	n/a	261.4	148.8	1095.0	n/a	n/a	n/a	n/a
141.168	0.03	saccade	n/a	262.1	153.9	n/a	368.7	148.2	4.28	252.0
141.2	0.39	fixation	n/a	367.7	149.1	1070.0	n/a	n/a	n/a	n/a
141.592	0.04	saccade	n/a	368.6	149.0	n/a	213.9	103.6	6.46	305.0
141.634	0.14	fixation	n/a	225.4	100.9	1079.0	n/a	n/a	n/a	n/a
141.776	0.032	saccade	n/a	225.8	101.2	n/a	169.9	93.1	2.23	236.0
141.81	0.37	fixation	n/a	170.1	96.1	1111.0	n/a	n/a	n/a	n/a
142.182	0.026	saccade	n/a	168.9	98.4	n/a	255.1	88.7	3.43	207.0
142.21	0.178	fixation	n/a	253.3	89.2	1151.0	n/a	n/a	n/a	n/a
142.39	0.024	saccade	n/a	252.9	88.7	n/a	330.7	82.0	3.12	217.0
142.416	0.152	fixation	n/a	333.1	86.3	1179.0	n/a	n/a	n/a	n/a
142.57	0.02	saccade	n/a	332.1	84.9	n/a	402.6	83.7	2.84	206.0
142.592	0.222	fixation	n/a	417.6	86.7	1166.0	n/a	n/a	n/a	n/a
142.816	0.022	saccade	n/a	414.7	93.6	n/a	462.2	99.3	1.93	117.0
142.84	0.434	fixation	n/a	494.0	93.3	1128.0	n/a	n/a	n/a	n/a
143.276	0.022	saccade	n/a	494.1	94.0	n/a	563.6	84.5	2.8	188.0
143.3	0.348	fixation	n/a	574.3	87.6	1053.0	n/a	n/a	n/a	n/a
143.65	0.02	saccade	n/a	573.4	90.6	n/a	618.9	84.9	1.81	124.0
143.672	0.25	fixation	n/a	624.2	82.9	1045.0	n/a	n/a	n/a	n/a
143.924	0.054	saccade	n/a	625.5	82.5	n/a	190.7	142.5	17.29	503.0
143.98	0.132	fixation	n/a	201.1	139.8	1114.0	n/a	n/a	n/a	n/a
144.114	0.02	saccade	n/a	202.2	139.1	n/a	151.2	152.1	2.07	161.0
144.136	0.12	fixation	n/a	162.4	154.3	1124.0	n/a	n/a	n/a	n/a
144.258	0.03	saccade	n/a	160.6	157.6	n/a	276.7	148.0	4.61	288.0
144.29	0.192	fixation	n/a	273.7	150.5	1122.0	n/a	n/a	n/a	n/a
144.484	0.046	saccade	n/a	273.7	151.0	n/a	446.4	142.6	6.93	358.0
144.532	0.136	fixation	n/a	460.9	145.1	1105.0	n/a	n/a	n/a	n/a
144.67	0.02	saccade	n/a	462.5	145.2	n/a	415.0	147.8	1.91	147.0
144.692	0.202	fixation	n/a	423.1	149.6	1075.0	n/a	n/a	n/a	n/a
144.896	0.034	saccade	n/a	424.9	152.0	n/a	556.1	142.7	5.27	259.0
144.932	0.264	fixation	n/a	558.2	144.1	1047.0	n/a	n/a	n/a	n/a
145.084	0.0	trigger_11	11	n/a	n/a	n/a	n/a	n/a	n/a	n/a
145.088	0.0	trigger_12	12	n/a	n/a	n/a	n/a	n/a	n/a	n/a
145.198	0.064	saccade	n/a	559.0	144.7	n/a	173.6	212.5	15.48	502.0
145.264	0.334	fixation	n/a	164.6	216.4	1087.0	n/a	n/a	n/a	n/a
145.6	0.054	saccade	n/a	163.4	217.7	n/a	521.4	155.7	14.37	414.0
145.656	0.2	fixation	n/a	524.4	157.0	1033.0	n/a	n/a	n/a	n/a
145.858	0.048	saccade	n/a	527.4	157.3	n/a	239.6	92.4	11.79	487.0
145.908	0.23	fixation	n/a	245.0	93.2	1039.0	n/a	n/a	n/a	n/a
146.14	0.024	saccade	n/a	244.2	95.3	n/a	166.4	95.0	3.08	226.0
146.166	0.464	fixation	n/a	174.3	99.9	1083.0	n/a	n/a	n/a	n/a
146.632	0.024	saccade	n/a	175.5	103.0	n/a	266.5	91.4	3.64	247.0
146.658	0.616	fixation	n/a	267.8	103.4	1095.0	n/a	n/a	n/a	n/a
147.14	0.0	trigger_13	13	n/a	n/a	n/a	n/a	n/a	n/a	n/a
147.276	0.028	saccade	n/a	255.5	110.0	n/a	166.0	99.2	3.56	224.0
147.306	0.364	fixation	n/a	168.0	97.7	1056.0	n/a	n/a	n/a	n/a
147.672	0.034	saccade	n/a	161.2	97.9	n/a	284.2	91.7	4.88	216.0
147.708	0.186	fixation	n/a	287.0	93.6	1054.0	n/a	n/a	n/a	n/a
147.896	0.03	saccade	n/a	288.8	94.6	n/a	381.6	90.3	3.73	180.0
147.928	0.176	fixation	n/a	377.1	89.5	1033.0	n/a	n/a	n/a	n/a
148.106	0.032	saccade	n/a	376.7	89.2	n/a	474.0	84.4	3.92	202.0
148.14	0.224	fixation	n/a	473.8	85.9	1037.0	n/a	n/a	n/a	n/a
148.366	0.018	saccade	n/a	474.6	85.9	n/a	516.6	86.1	1.68	122.0
148.386	0.118	fixation	n/a	511.9	86.5	1048.0	n/a	n/a	n/a	n/a
148.506	0.056	saccade	n/a	513.0	86.4	n/a	168.4	139.2	13.81	507.0
148.564	0.176	fixation	n/a	163.0	142.7	1074.0	n/a	n/a	n/a	n/a
148.742	0.012	saccade	n/a	162.3	143.4	n/a	144.2	155.7	0.86	83.0
148.756	0.294	fixation	n/a	151.3	154.5	1076.0	n/a	n/a	n/a	n/a
149.052	0.024	saccade	n/a	153.4	154.5	n/a	170.3	93.4	2.55	177.0
149.078	0.31	fixation	n/a	172.7	92.9	1061.0	n/a	n/a	n/a	n/a
149.244	0.0	trigger_15	15	n/a	n/a	n/a	n/a	n/a	n/a	n/a
149.248	0.0	trigger_10	10	n/a	n/a	n/a	n/a	n/a	n/a	n/a
149.39	0.034	saccade	n/a	172.8	93.4	n/a	305.8	98.8	5.29	272.0
149.426	0.206	fixation	n/a	299.2	97.0	1100.0	n/a	n/a	n/a	n/a
149.634	0.31	saccade	n/a	303.2	102.4	n/a	-268.0	-90.2	21.91	704.0
149.692	0.182	blink	n/a	n/a	n/a	n/a	n/a	n/a	n/a	n/a
149.946	0.128	fixation	n/a	-262.8	-94.3	1049.0	n/a	n/a	n/a	n/a
150.076	0.252	saccade	n/a	-265.4	-85.1	n/a	-136.5	124.3	8.98	316.0
150.174	0.08	blink	n/a	n/a	n/a	n/a	n/a	n/a	n/a	n/a
150.33	0.352	fixation	n/a	-125.0	117.5	1036.0	n/a	n/a	n/a	n/a
150.684	0.064	saccade	n/a	-121.0	119.9	n/a	379.1	168.5	19.01	468.0
150.75	0.256	fixation	n/a	380.2	164.0	1114.0	n/a	n/a	n/a	n/a
151.008	0.04	saccade	n/a	383.4	164.8	n/a	414.6	99.1	2.96	269.0
151.05	0.376	fixation	n/a	419.9	93.9	1057.0	n/a	n/a	n/a	n/a
151.244	0.0	trigger_11	11	n/a	n/a	n/a	n/a	n/a	n/a	n/a
151.248	0.0	trigger_10	10	n/a	n/a	n/a	n/a	n/a	n/a	n/a
151.428	0.038	saccade	n/a	424.3	96.8	n/a	213.9	99.5	8.42	415.0
151.468	0.17	fixation	n/a	221.4	100.5	1074.0	n/a	n/a	n/a	n/a
151.64	0.022	saccade	n/a	222.8	102.3	n/a	161.8	104.6	2.41	187.0
151.664	0.212	fixation	n/a	169.2	106.5	1119.0	n/a	n/a	n/a	n/a
151.878	0.022	saccade	n/a	168.7	107.8	n/a	231.6	101.3	2.5	182.0
151.902	0.266	fixation	n/a	246.8	99.8	1182.0	n/a	n/a	n/a	n/a
152.17	0.028	saccade	n/a	248.6	99.9	n/a	149.3	103.7	3.92	255.0
152.2	0.212	fixation	n/a	160.2	105.7	1231.0	n/a	n/a	n/a	n/a
152.414	0.042	saccade	n/a	160.1	105.8	n/a	328.7	100.9	6.69	258.0
152.458	0.194	fixation	n/a	324.7	101.4	1261.0	n/a	n/a	n/a	n/a
152.654	0.016	saccade	n/a	325.6	102.6	n/a	289.0	101.2	1.47	129.0
152.672	0.128	fixation	n/a	294.6	103.5	1262.0	n/a	n/a	n/a	n/a
152.802	0.046	saccade	n/a	293.7	104.7	n/a	428.9	90.1	5.46	274.0
152.85	0.248	fixation	n/a	439.8	87.9	1226.0	n/a	n/a	n/a	n/a
152.916	0.0	trigger_11	11	n/a	n/a	n/a	n/a	n/a	n/a	n/a
152.922	0.0	trigger_10	10	n/a	n/a	n/a	n/a	n/a	n/a	n/a
153.1	0.044	saccade	n/a	440.6	88.3	n/a	207.4	102.0	9.33	370.0
153.146	0.322	fixation	n/a	208.4	101.6	1198.0	n/a	n/a	n/a	n/a
153.47	0.008	saccade	n/a	207.1	102.6	n/a	196.3	102.6	0.43	50.0
153.48	0.14	fixation	n/a	195.5	103.1	1190.0	n/a	n/a	n/a	n/a
153.622	0.034	saccade	n/a	195.4	103.2	n/a	320.0	94.3	4.98	254.0
153.658	0.168	fixation	n/a	319.7	94.0	1194.0	n/a	n/a	n/a	n/a
153.828	0.022	saccade	n/a	320.7	93.8	n/a	258.6	96.1	2.49	169.0
153.852	0.184	fixation	n/a	260.4	99.1	1185.0	n/a	n/a	n/a	n/a
154.038	0.016	saccade	n/a	257.7	98.3	n/a	222.0	97.8	1.42	118.0
154.056	0.136	fixation	n/a	229.3	99.6	1153.0	n/a	n/a	n/a	n/a
154.194	0.034	saccade	n/a	228.8	101.6	n/a	317.3	95.5	3.54	146.0
154.23	0.136	fixation	n/a	314.6	92.6	1128.0	n/a	n/a	n/a	n/a
154.368	0.026	saccade	n/a	315.8	93.1	n/a	391.8	83.7	3.08	185.0
154.396	0.212	fixation	n/a	393.2	86.7	1115.0	n/a	n/a	n/a	n/a
154.61	0.024	saccade	n/a	394.8	87.3	n/a	331.3	91.2	2.56	154.0
154.636	0.234	fixation	n/a	338.2	94.0	1133.0	n/a	n/a	n/a	n/a
154.872	0.032	saccade	n/a	339.2	94.0	n/a	204.9	86.4	5.36	312.0
154.906	0.244	fixation	n/a	213.0	91.0	1128.0	n/a	n/a	n/a	n/a
155.152	0.018	saccade	n/a	212.6	94.5	n/a	175.1	92.0	1.49	123.0
155.172	0.146	fixation	n/a	186.5	95.6	1144.0	n/a	n/a	n/a	n/a
155.32	0.038	saccade	n/a	186.3	98.7	n/a	319.3	92.7	5.29	212.0
155.36	0.234	fixation	n/a	319.3	95.3	1162.0	n/a	n/a	n/a	n/a
155.596	0.02	saccade	n/a	321.4	102.9	n/a	369.1	100.4	1.92	130.0
155.618	0.266	fixation	n/a	416.0	91.9	1118.0	n/a	n/a	n/a	n/a
155.886	0.016	saccade	n/a	421.0	90.4	n/a	453.0	86.7	1.3	97.0
155.904	0.134	fixation	n/a	456.1	89.9	1071.0	n/a	n/a	n/a	n/a
156.04	0.046	saccade	n/a	457.5	93.3	n/a	200.3	145.0	10.46	409.0
156.088	0.148	fixation	n/a	205.7	145.2	1042.0	n/a	n/a	n/a	n/a
156.238	0.02	saccade	n/a	205.2	145.5	n/a	156.9	158.4	1.97	154.0
156.26	0.148	fixation	n/a	163.3	159.0	1049.0	n/a	n/a	n/a	n/a
156.41	0.04	saccade	n/a	163.1	161.9	n/a	333.3	152.7	6.76	296.0
156.436	0.0	trigger_11	11	n/a	n/a	n/a	n/a	n/a	n/a	n/a
156.44	0.0	trigger_10	10	n/a	n/a	n/a	n/a	n/a	n/a	n/a
156.452	0.238	fixation	n/a	332.4	152.8	1077.0	n/a	n/a	n/a	n/a
156.692	0.03	saccade	n/a	332.7	151.7	n/a	433.8	146.8	4.07	209.0
156.724	0.164	fixation	n/a	435.1	146.5	1084.0	n/a	n/a	n/a	n/a
156.89	0.034	saccade	n/a	435.0	147.0	n/a	537.8	146.9	4.12	212.0
156.926	0.154	fixation	n/a	532.8	143.6	1049.0	n/a	n/a	n/a	n/a
157.082	0.022	saccade	n/a	531.4	145.2	n/a	587.3	139.1	2.24	150.0
157.106	0.158	fixation	n/a	597.3	142.3	1045.0	n/a	n/a	n/a	n/a
157.266	0.058	saccade	n/a	597.2	143.9	n/a	244.0	203.7	14.2	532.0
157.326	0.104	fixation	n/a	237.7	205.5	1107.0	n/a	n/a	n/a	n/a
157.432	0.024	saccade	n/a	237.2	205.4	n/a	152.2	216.6	3.38	249.0
157.458	0.22	fixation	n/a	160.1	217.3	1103.0	n/a	n/a	n/a	n/a
157.68	0.044	saccade	n/a	159.5	218.0	n/a	315.7	204.3	6.2	316.0
157.726	0.138	fixation	n/a	326.9	204.8	1067.0	n/a	n/a	n/a	n/a
157.866	0.022	saccade	n/a	328.6	204.6	n/a	258.4	211.6	2.82	203.0
157.89	0.168	fixation	n/a	255.5	210.1	1073.0	n/a	n/a	n/a	n/a
158.06	0.028	saccade	n/a	255.8	212.8	n/a	347.9	199.4	3.72	197.0
158.09	0.144	fixation	n/a	345.0	198.9	1075.0	n/a	n/a	n/a	n/a
158.236	0.034	saccade	n/a	346.1	199.3	n/a	201.1	86.4	7.37	409.0
158.272	0.372	fixation	n/a	208.6	93.3	1059.0	n/a	n/a	n/a	n/a
158.646	0.012	saccade	n/a	207.1	94.8	n/a	183.6	93.0	0.93	91.0
158.66	0.15	fixation	n/a	186.4	93.8	1063.0	n/a	n/a	n/a	n/a
158.812	0.036	saccade	n/a	185.1	93.5	n/a	310.4	94.6	4.98	243.0
158.85	0.28	fixation	n/a	309.9	94.1	1082.0	n/a	n/a	n/a	n/a
159.132	0.022	saccade	n/a	310.8	94.8	n/a	368.7	90.5	2.34	171.0
159.156	0.204	fixation	n/a	376.2	94.2	1098.0	n/a	n/a	n/a	n/a
159.362	0.03	saccade	n/a	377.7	95.8	n/a	467.7	84.4	3.65	189.0
159.394	0.218	fixation	n/a	467.6	84.4	1089.0	n/a	n/a	n/a	n/a
159.614	0.032	saccade	n/a	465.0	84.2	n/a	554.8	84.1	3.59	191.0
159.648	0.202	fixation	n/a	551.6	83.6	1082.0	n/a	n/a	n/a	n/a
159.852	0.06	saccade	n/a	552.8	86.7	n/a	220.1	147.0	13.45	509.0
159.914	0.12	fixation	n/a	213.5	151.5	1117.0	n/a	n/a	n/a	n/a
160.036	0.024	saccade	n/a	213.9	150.3	n/a	145.8	163.5	2.73	200.0
160.062	0.428	fixation	n/a	153.0	163.0	1122.0	n/a	n/a	n/a	n/a
160.492	0.024	saccade	n/a	151.0	163.5	n/a	194.5	111.5	2.71	176.0
160.518	0.18	fixation	n/a	200.2	110.0	1079.0	n/a	n/a	n/a	n/a
160.7	0.028	saccade	n/a	201.0	110.3	n/a	307.6	95.5	4.29	250.0
160.708	0.0	trigger_11	11	n/a	n/a	n/a	n/a	n/a	n/a	n/a
160.712	0.0	trigger_10	10	n/a	n/a	n/a	n/a	n/a	n/a	n/a
160.73	0.282	fixation	n/a	314.0	96.6	1086.0	n/a	n/a	n/a	n/a
161.014	0.022	saccade	n/a	315.8	99.1	n/a	367.2	92.4	2.09	155.0
161.038	0.086	fixation	n/a	362.3	95.5	1091.0	n/a	n/a	n/a	n/a
161.126	0.034	saccade	n/a	364.4	95.2	n/a	209.9	98.1	6.17	339.0
161.162	0.346	fixation	n/a	216.7	98.1	1083.0	n/a	n/a	n/a	n/a
161.51	0.036	saccade	n/a	215.9	100.0	n/a	340.1	94.1	4.96	223.0
161.548	0.198	fixation	n/a	339.1	93.4	1102.0	n/a	n/a	n/a	n/a
161.748	0.02	saccade	n/a	341.5	93.4	n/a	297.6	97.6	1.77	133.0
161.77	0.182	fixation	n/a	304.6	99.7	1101.0	n/a	n/a	n/a	n/a
161.954	0.034	saccade	n/a	303.6	103.2	n/a	419.8	95.8	4.69	218.0
161.99	0.266	fixation	n/a	416.9	93.3	1096.0	n/a	n/a	n/a	n/a
162.258	0.02	saccade	n/a	418.8	95.4	n/a	469.8	89.9	2.06	154.0
162.28	0.28	fixation	n/a	473.1	91.7	1089.0	n/a	n/a	n/a	n/a
162.562	0.03	saccade	n/a	473.0	91.8	n/a	556.7	86.0	3.36	171.0
162.594	0.088	fixation	n/a	556.6	87.2	1075.0	n/a	n/a	n/a	n/a
162.684	0.052	saccade	n/a	558.0	89.5	n/a	306.0	93.9	10.08	448.0
162.738	0.176	fixation	n/a	295.1	96.5	1118.0	n/a	n/a	n/a	n/a
162.916	0.032	saccade	n/a	294.5	96.1	n/a	168.0	95.2	5.01	309.0
162.95	0.172	fixation	n/a	176.7	95.7	1103.0	n/a	n/a	n/a	n/a
163.124	0.008	saccade	n/a	172.4	97.4	n/a	159.7	99.9	0.51	62.0
163.134	0.184	fixation	n/a	163.2	98.6	1097.0	n/a	n/a	n/a	n/a
163.32	0.032	saccade	n/a	162.6	98.7	n/a	274.2	92.9	4.43	229.0
163.354	0.308	fixation	n/a	273.0	93.9	1078.0	n/a	n/a	n/a	n/a
163.588	0.0	trigger_11	11	n/a	n/a	n/a	n/a	n/a	n/a	n/a
163.596	0.0	trigger_10	10	n/a	n/a	n/a	n/a	n/a	n/a	n/a
163.664	0.028	saccade	n/a	272.0	94.8	n/a	357.6	93.5	3.44	196.0
163.694	0.248	fixation	n/a	358.3	94.4	1039.0	n/a	n/a	n/a	n/a
163.944	0.022	saccade	n/a	357.4	93.9	n/a	408.0	89.9	2.05	139.0
163.968	0.196	fixation	n/a	421.7	89.9	1024.0	n/a	n/a	n/a	n/a
164.166	0.034	saccade	n/a	421.7	90.8	n/a	526.8	86.2	4.23	207.0
164.202	0.242	fixation	n/a	524.5	85.3	1002.0	n/a	n/a	n/a	n/a
164.446	0.05	saccade	n/a	523.8	85.3	n/a	202.1	146.7	13.03	444.0
164.498	0.112	fixation	n/a	207.1	146.3	1018.0	n/a	n/a	n/a	n/a
164.612	0.022	saccade	n/a	206.0	147.1	n/a	145.0	155.1	2.42	184.0
164.636	0.23	fixation	n/a	148.1	159.2	1021.0	n/a	n/a	n/a	n/a
164.868	0.034	saccade	n/a	149.0	160.6	n/a	314.0	153.0	6.54	326.0
164.904	0.308	fixation	n/a	316.1	156.7	1003.0	n/a	n/a	n/a	n/a
165.214	0.022	saccade	n/a	316.6	159.2	n/a	248.3	156.4	2.73	202.0
165.238	0.324	fixation	n/a	249.7	157.0	999.0	n/a	n/a	n/a	n/a
165.564	0.028	saccade	n/a	248.6	158.5	n/a	193.5	78.3	3.92	270.0
165.594	0.212	fixation	n/a	199.9	86.0	975.0	n/a	n/a	n/a	n/a
165.808	0.016	saccade	n/a	199.5	86.5	n/a	167.5	94.6	1.3	106.0
165.826	0.238	fixation	n/a	173.9	92.6	995.0	n/a	n/a	n/a	n/a
166.066	0.028	saccade	n/a	173.8	92.4	n/a	264.7	89.3	3.61	179.0
166.096	0.2	fixation	n/a	267.0	90.1	1031.0	n/a	n/a	n/a	n/a
166.298	0.034	saccade	n/a	267.4	91.9	n/a	372.6	88.9	4.23	213.0
166.334	0.18	fixation	n/a	371.6	89.1	1033.0	n/a	n/a	n/a	n/a
166.516	0.024	saccade	n/a	373.0	90.2	n/a	437.9	82.8	2.63	179.0
166.542	0.138	fixation	n/a	452.5	83.5	1025.0	n/a	n/a	n/a	n/a
166.682	0.022	saccade	n/a	451.7	82.6	n/a	504.9	80.3	2.13	128.0
166.706	0.186	fixation	n/a	512.2	83.0	1010.0	n/a	n/a	n/a	n/a
166.894	0.06	saccade	n/a	512.8	87.8	n/a	190.1	146.9	13.03	448.0
166.956	0.156	fixation	n/a	185.0	150.2	1032.0	n/a	n/a	n/a	n/a
167.038	0.0	trigger_11	11	n/a	n/a	n/a	n/a	n/a	n/a	n/a
167.042	0.0	trigger_10	10	n/a	n/a	n/a	n/a	n/a	n/a	n/a
167.114	0.016	saccade	n/a	185.4	151.0	n/a	152.0	156.7	1.33	112.0
167.132	0.168	fixation	n/a	160.1	158.1	1035.0	n/a	n/a	n/a	n/a
167.302	0.04	saccade	n/a	160.9	159.6	n/a	364.3	143.6	8.11	369.0
167.344	0.37	fixation	n/a	365.5	147.5	1031.0	n/a	n/a	n/a	n/a
167.716	0.024	saccade	n/a	365.2	150.1	n/a	443.8	149.3	3.16	212.0
167.742	0.206	fixation	n/a	442.1	151.5	1020.0	n/a	n/a	n/a	n/a
167.95	0.03	saccade	n/a	443.1	153.5	n/a	553.4	145.6	4.42	253.0
167.982	0.296	fixation	n/a	556.0	147.8	1024.0	n/a	n/a	n/a	n/a
168.28	0.012	saccade	n/a	560.7	149.8	n/a	587.3	149.2	1.06	96.0
168.294	0.084	fixation	n/a	590.1	150.6	1051.0	n/a	n/a	n/a	n/a
168.38	0.054	saccade	n/a	592.0	151.1	n/a	250.6	217.4	13.78	499.0
168.436	0.274	fixation	n/a	258.8	225.3	1125.0	n/a	n/a	n/a	n/a
168.712	0.04	saccade	n/a	258.0	220.7	n/a	321.1	257.2	2.92	217.0
168.754	0.134	fixation	n/a	325.3	262.4	1113.0	n/a	n/a	n/a	n/a
168.89	0.022	saccade	n/a	323.0	262.4	n/a	384.6	259.7	2.47	182.0
168.914	0.078	fixation	n/a	381.0	258.9	1123.0	n/a	n/a	n/a	n/a
168.994	0.048	saccade	n/a	381.3	257.9	n/a	244.3	84.6	8.91	531.0
169.044	0.176	fixation	n/a	242.8	76.5	1119.0	n/a	n/a	n/a	n/a
169.222	0.024	saccade	n/a	245.6	78.6	n/a	175.7	95.6	2.85	210.0
169.248	0.324	fixation	n/a	182.7	97.1	1136.0	n/a	n/a	n/a	n/a
169.574	0.022	saccade	n/a	183.6	97.2	n/a	256.4	92.8	2.89	182.0
169.598	0.324	fixation	n/a	275.5	96.0	1228.0	n/a	n/a	n/a	n/a
169.924	0.018	saccade	n/a	279.1	98.1	n/a	327.1	94.2	1.93	143.0
169.926	0.0	trigger_11	11	n/a	n/a	n/a	n/a	n/a	n/a	n/a
169.93	0.0	trigger_10	10	n/a	n/a	n/a	n/a	n/a	n/a	n/a
169.944	0.242	fixation	n/a	328.9	95.4	1257.0	n/a	n/a	n/a	n/a
170.188	0.028	saccade	n/a	326.4	95.2	n/a	406.4	91.1	3.22	184.0
170.218	0.226	fixation	n/a	406.9	91.7	1256.0	n/a	n/a	n/a	n/a
170.446	0.038	saccade	n/a	408.0	93.3	n/a	372.8	149.5	2.7	251.0
170.486	0.158	fixation	n/a	369.3	156.7	1267.0	n/a	n/a	n/a	n/a
170.646	0.03	saccade	n/a	368.4	157.8	n/a	472.3	153.2	4.19	240.0
170.678	0.204	fixation	n/a	467.6	153.4	1262.0	n/a	n/a	n/a	n/a
170.884	0.028	saccade	n/a	469.0	156.5	n/a	380.6	209.5	4.16	331.0
170.914	0.15	fixation	n/a	389.8	207.0	1242.0	n/a	n/a	n/a	n/a
171.066	0.032	saccade	n/a	389.6	208.1	n/a	263.6	215.5	5.05	312.0
171.1	0.238	fixation	n/a	271.5	218.8	1243.0	n/a	n/a	n/a	n/a
171.34	0.032	saccade	n/a	269.4	217.4	n/a	389.4	204.0	4.83	263.0
171.374	0.158	fixation	n/a	387.6	203.6	1196.0	n/a	n/a	n/a	n/a
171.534	0.036	saccade	n/a	387.4	204.3	n/a	228.3	97.9	7.68	389.0
171.572	0.766	fixation	n/a	231.7	99.8	1186.0	n/a	n/a	n/a	n/a
172.34	0.02	saccade	n/a	220.7	97.9	n/a	169.5	99.3	2.02	134.0
172.362	0.208	fixation	n/a	164.2	103.6	1199.0	n/a	n/a	n/a	n/a
172.572	0.034	saccade	n/a	162.5	105.0	n/a	282.2	89.9	4.78	229.0
172.608	0.152	fixation	n/a	278.7	91.4	1196.0	n/a	n/a	n/a	n/a
172.762	0.022	saccade	n/a	278.7	94.6	n/a	344.5	90.2	2.64	204.0
172.786	0.19	fixation	n/a	352.5	91.3	1177.0	n/a	n/a	n/a	n/a
172.978	0.026	saccade	n/a	353.9	93.2	n/a	436.1	89.9	3.32	228.0
173.006	0.372	fixation	n/a	433.6	91.2	1167.0	n/a	n/a	n/a	n/a
173.158	0.0	trigger_11	11	n/a	n/a	n/a	n/a	n/a	n/a	n/a
173.162	0.0	trigger_10	10	n/a	n/a	n/a	n/a	n/a	n/a	n/a
173.38	0.026	saccade	n/a	431.6	93.4	n/a	521.2	85.4	3.61	208.0
173.408	0.164	fixation	n/a	529.0	86.1	1158.0	n/a	n/a	n/a	n/a
173.574	0.06	saccade	n/a	530.8	85.9	n/a	226.6	149.0	12.39	494.0
173.636	0.138	fixation	n/a	218.7	154.2	1203.0	n/a	n/a	n/a	n/a
173.776	0.026	saccade	n/a	219.1	153.8	n/a	142.0	156.3	3.04	228.0
173.804	0.38	fixation	n/a	152.2	160.8	1209.0	n/a	n/a	n/a	n/a
174.186	0.036	saccade	n/a	149.5	159.3	n/a	307.8	149.6	6.28	277.0
174.224	0.152	fixation	n/a	303.0	147.7	1177.0	n/a	n/a	n/a	n/a
174.378	0.026	saccade	n/a	305.2	148.7	n/a	232.5	156.2	2.92	193.0
174.406	0.316	fixation	n/a	235.3	158.5	1171.0	n/a	n/a	n/a	n/a
174.724	0.016	saccade	n/a	235.7	163.2	n/a	218.9	142.8	1.06	94.0
174.742	0.374	fixation	n/a	219.5	109.0	1153.0	n/a	n/a	n/a	n/a
175.118	0.02	saccade	n/a	219.1	106.8	n/a	193.2	93.5	1.16	114.0
175.14	0.246	fixation	n/a	199.7	94.2	1135.0	n/a	n/a	n/a	n/a
175.388	0.014	saccade	n/a	198.6	94.5	n/a	166.8	99.9	1.27	110.0
175.404	0.148	fixation	n/a	172.9	99.9	1170.0	n/a	n/a	n/a	n/a
175.554	0.038	saccade	n/a	172.4	100.5	n/a	331.7	88.6	6.35	284.0
175.594	0.216	fixation	n/a	329.4	88.5	1198.0	n/a	n/a	n/a	n/a
175.812	0.028	saccade	n/a	332.1	90.7	n/a	441.9	81.1	4.44	264.0
175.842	0.258	fixation	n/a	447.6	84.2	1155.0	n/a	n/a	n/a	n/a
176.038	0.0	trigger_11	11	n/a	n/a	n/a	n/a	n/a	n/a	n/a
176.046	0.0	trigger_12	12	n/a	n/a	n/a	n/a	n/a	n/a	n/a
176.102	0.028	saccade	n/a	447.2	87.3	n/a	540.1	82.2	3.73	238.0
176.132	0.216	fixation	n/a	540.2	85.1	1128.0	n/a	n/a	n/a	n/a
176.35	0.056	saccade	n/a	541.8	82.3	n/a	261.2	141.7	11.44	467.0
176.408	0.128	fixation	n/a	254.2	146.0	1201.0	n/a	n/a	n/a	n/a
176.538	0.028	saccade	n/a	256.5	146.4	n/a	160.3	153.3	3.81	277.0
176.568	0.246	fixation	n/a	168.6	156.2	1241.0	n/a	n/a	n/a	n/a
176.816	0.038	saccade	n/a	166.2	156.1	n/a	344.9	139.9	7.12	338.0
176.856	0.168	fixation	n/a	344.5	139.0	1233.0	n/a	n/a	n/a	n/a
177.026	0.024	saccade	n/a	346.7	138.4	n/a	267.7	146.8	3.18	215.0
177.052	0.354	fixation	n/a	277.7	146.6	1258.0	n/a	n/a	n/a	n/a
177.408	0.03	saccade	n/a	281.0	146.8	n/a	378.3	137.7	3.93	236.0
177.44	0.178	fixation	n/a	373.4	137.3	1226.0	n/a	n/a	n/a	n/a
177.62	0.034	saccade	n/a	371.2	138.4	n/a	227.4	93.1	6.04	351.0
177.656	0.144	fixation	n/a	234.5	94.6	1184.0	n/a	n/a	n/a	n/a
177.802	0.022	saccade	n/a	236.2	96.4	n/a	180.0	89.6	2.24	184.0
177.826	0.396	fixation	n/a	191.5	93.8	1170.0	n/a	n/a	n/a	n/a
178.224	0.014	saccade	n/a	192.3	100.1	n/a	168.3	101.3	0.95	80.0
178.24	0.138	fixation	n/a	174.1	101.2	1187.0	n/a	n/a	n/a	n/a
178.38	0.038	saccade	n/a	172.4	100.8	n/a	274.7	90.0	4.08	197.0
178.42	0.134	fixation	n/a	271.1	92.5	1200.0	n/a	n/a	n/a	n/a
178.556	0.024	saccade	n/a	269.8	93.5	n/a	328.4	88.7	2.36	154.0
178.582	0.164	fixation	n/a	326.1	91.0	1197.0	n/a	n/a	n/a	n/a
178.748	0.024	saccade	n/a	326.2	93.9	n/a	397.7	91.7	2.88	188.0
178.774	0.246	fixation	n/a	398.6	92.9	1180.0	n/a	n/a	n/a	n/a
179.022	0.03	saccade	n/a	398.2	94.8	n/a	498.5	89.4	4.04	233.0
179.054	0.17	fixation	n/a	497.3	86.6	1167.0	n/a	n/a	n/a	n/a
179.214	0.0	trigger_13	13	n/a	n/a	n/a	n/a	n/a	n/a	n/a
179.226	0.02	saccade	n/a	498.0	88.6	n/a	555.6	83.9	2.31	175.0
179.248	0.254	fixation	n/a	561.7	84.6	1151.0	n/a	n/a	n/a	n/a
179.504	0.062	saccade	n/a	563.3	82.1	n/a	227.7	140.3	13.53	471.0
179.568	0.108	fixation	n/a	221.1	142.2	1185.0	n/a	n/a	n/a	n/a
179.678	0.024	saccade	n/a	222.2	144.3	n/a	158.4	148.6	2.52	195.0
179.704	0.184	fixation	n/a	166.4	151.7	1166.0	n/a	n/a	n/a	n/a
179.83	0.0	trigger_15	15	n/a	n/a	n/a	n/a	n/a	n/a	n/a
179.832	0.0	trigger_10	10	n/a	n/a	n/a	n/a	n/a	n/a	n/a
179.89	0.032	saccade	n/a	166.5	153.2	n/a	311.4	145.0	5.76	311.0
179.924	0.226	fixation	n/a	309.3	144.6	1150.0	n/a	n/a	n/a	n/a
180.152	0.026	saccade	n/a	309.8	147.0	n/a	391.4	141.9	3.29	224.0
180.18	0.23	fixation	n/a	392.2	145.0	1124.0	n/a	n/a	n/a	n/a
180.412	0.03	saccade	n/a	394.0	145.9	n/a	305.5	149.6	3.56	201.0
180.444	0.07	fixation	n/a	311.5	149.5	1115.0	n/a	n/a	n/a	n/a
180.516	0.038	saccade	n/a	309.9	151.3	n/a	506.2	146.9	7.87	385.0
180.556	0.206	fixation	n/a	509.6	146.5	1077.0	n/a	n/a	n/a	n/a
180.764	0.024	saccade	n/a	508.8	148.7	n/a	576.2	142.5	2.7	178.0
180.79	0.092	fixation	n/a	572.5	145.8	1052.0	n/a	n/a	n/a	n/a
180.884	0.05	saccade	n/a	575.7	145.6	n/a	180.8	200.9	15.74	466.0
180.936	0.19	fixation	n/a	156.6	222.6	1082.0	n/a	n/a	n/a	n/a
181.128	0.04	saccade	n/a	155.5	225.4	n/a	175.3	117.7	4.39	330.0
181.17	0.312	fixation	n/a	175.4	108.4	1003.0	n/a	n/a	n/a	n/a
181.484	0.038	saccade	n/a	175.8	109.0	n/a	323.0	106.7	5.85	264.0
181.524	0.15	fixation	n/a	319.0	106.2	1023.0	n/a	n/a	n/a	n/a
181.676	0.036	saccade	n/a	323.2	110.8	n/a	351.4	136.3	1.54	88.0
181.714	0.05	fixation	n/a	364.0	155.0	964.0	n/a	n/a	n/a	n/a
181.75	0.0	trigger_11	11	n/a	n/a	n/a	n/a	n/a	n/a	n/a
181.754	0.0	trigger_10	10	n/a	n/a	n/a	n/a	n/a	n/a	n/a
181.766	0.016	saccade	n/a	363.2	153.8	n/a	358.0	124.0	1.23	81.0
181.784	0.24	fixation	n/a	364.7	99.4	1062.0	n/a	n/a	n/a	n/a
182.026	0.028	saccade	n/a	365.5	102.9	n/a	242.2	94.6	4.95	304.0
182.056	0.162	fixation	n/a	250.1	96.1	1033.0	n/a	n/a	n/a	n/a
182.22	0.024	saccade	n/a	249.4	95.4	n/a	179.2	95.8	2.78	196.0
182.246	0.378	fixation	n/a	184.1	99.3	1025.0	n/a	n/a	n/a	n/a
182.626	0.018	saccade	n/a	185.9	101.3	n/a	235.7	93.9	1.99	149.0
182.646	0.174	fixation	n/a	241.7	95.3	1053.0	n/a	n/a	n/a	n/a
182.822	0.022	saccade	n/a	242.5	97.2	n/a	306.9	91.0	2.59	177.0
182.846	0.216	fixation	n/a	318.3	93.8	1070.0	n/a	n/a	n/a	n/a
183.064	0.148	saccade	n/a	318.4	115.3	n/a	311.5	122.4	0.4	187.0
183.214	0.052	fixation	n/a	316.2	97.3	1060.0	n/a	n/a	n/a	n/a
183.268	0.168	saccade	n/a	318.8	97.9	n/a	278.1	113.9	1.76	321.0
183.438	0.502	fixation	n/a	282.7	101.3	1033.0	n/a	n/a	n/a	n/a
183.942	0.03	saccade	n/a	282.8	103.1	n/a	181.7	101.6	4.01	237.0
183.974	0.236	fixation	n/a	186.4	103.1	991.0	n/a	n/a	n/a	n/a
184.212	0.028	saccade	n/a	186.1	102.9	n/a	261.0	97.3	2.98	169.0
184.242	0.202	fixation	n/a	261.5	97.0	985.0	n/a	n/a	n/a	n/a
184.446	0.028	saccade	n/a	262.9	96.4	n/a	355.3	91.4	3.72	185.0
184.476	0.206	fixation	n/a	352.6	90.7	995.0	n/a	n/a	n/a	n/a
184.684	0.028	saccade	n/a	351.8	89.9	n/a	437.5	91.2	3.46	171.0
184.714	0.22	fixation	n/a	450.2	89.3	995.0	n/a	n/a	n/a	n/a
184.936	0.02	saccade	n/a	451.2	88.3	n/a	510.2	85.3	2.37	166.0
184.958	0.218	fixation	n/a	531.4	87.5	990.0	n/a	n/a	n/a	n/a
185.078	0.0	trigger_11	11	n/a	n/a	n/a	n/a	n/a	n/a	n/a
185.084	0.0	trigger_10	10	n/a	n/a	n/a	n/a	n/a	n/a	n/a
185.178	0.02	saccade	n/a	533.8	91.8	n/a	582.7	89.0	1.95	138.0
185.2	0.158	fixation	n/a	589.1	88.3	983.0	n/a	n/a	n/a	n/a
185.36	0.06	saccade	n/a	590.2	86.9	n/a	233.8	157.4	14.4	494.0
185.422	0.138	fixation	n/a	228.9	159.1	1013.0	n/a	n/a	n/a	n/a
185.562	0.024	saccade	n/a	229.8	161.0	n/a	152.0	159.7	3.06	226.0
185.588	0.272	fixation	n/a	158.3	161.7	1019.0	n/a	n/a	n/a	n/a
185.862	0.02	saccade	n/a	159.3	166.2	n/a	213.4	160.3	2.14	162.0
185.884	0.168	fixation	n/a	214.5	160.8	1005.0	n/a	n/a	n/a	n/a
186.054	0.026	saccade	n/a	215.9	160.7	n/a	166.6	108.7	2.86	208.0
186.082	0.172	fixation	n/a	175.0	113.6	995.0	n/a	n/a	n/a	n/a
186.256	0.036	saccade	n/a	175.8	113.9	n/a	309.4	97.5	5.35	252.0
186.294	0.166	fixation	n/a	306.8	95.1	1015.0	n/a	n/a	n/a	n/a
186.462	0.038	saccade	n/a	307.2	94.3	n/a	463.0	87.9	6.26	257.0
186.502	0.272	fixation	n/a	465.0	89.5	1034.0	n/a	n/a	n/a	n/a
186.776	0.026	saccade	n/a	465.8	90.8	n/a	540.2	85.2	2.98	200.0
186.804	0.166	fixation	n/a	537.1	85.8	1038.0	n/a	n/a	n/a	n/a
186.972	0.042	saccade	n/a	537.9	84.7	n/a	333.9	91.6	8.16	368.0
187.016	0.262	fixation	n/a	341.3	92.0	1059.0	n/a	n/a	n/a	n/a
187.28	0.034	saccade	n/a	340.8	92.5	n/a	183.5	98.8	6.26	343.0
187.316	0.258	fixation	n/a	187.0	100.5	1077.0	n/a	n/a	n/a	n/a
187.576	0.014	saccade	n/a	185.4	102.2	n/a	161.1	103.4	0.96	80.0
187.592	0.166	fixation	n/a	164.7	100.6	1060.0	n/a	n/a	n/a	n/a
187.76	0.04	saccade	n/a	164.7	101.3	n/a	302.2	87.6	5.48	231.0
187.798	0.0	trigger_11	11	n/a	n/a	n/a	n/a	n/a	n/a	n/a
187.802	0.17	fixation	n/a	300.1	88.8	1046.0	n/a	n/a	n/a	n/a
187.806	0.0	trigger_10	10	n/a	n/a	n/a	n/a	n/a	n/a	n/a
187.974	0.022	saccade	n/a	301.8	91.6	n/a	357.0	86.4	2.23	161.0
187.998	0.156	fixation	n/a	361.3	89.5	1025.0	n/a	n/a	n/a	n/a
188.156	0.026	saccade	n/a	361.0	91.2	n/a	434.0	87.5	2.95	185.0
188.184	0.194	fixation	n/a	433.4	88.2	1015.0	n/a	n/a	n/a	n/a
188.38	0.022	saccade	n/a	434.6	90.7	n/a	492.4	83.1	2.35	156.0
188.404	0.2	fixation	n/a	502.3	85.2	1006.0	n/a	n/a	n/a	n/a
188.606	0.01	saccade	n/a	502.2	85.7	n/a	517.6	84.7	0.62	63.0
188.618	0.154	fixation	n/a	519.5	86.1	988.0	n/a	n/a	n/a	n/a
188.774	0.052	saccade	n/a	520.1	88.9	n/a	208.7	147.0	12.6	399.0
188.828	0.126	fixation	n/a	215.6	146.2	994.0	n/a	n/a	n/a	n/a
188.956	0.022	saccade	n/a	217.5	147.1	n/a	157.7	153.6	2.37	190.0
188.98	0.176	fixation	n/a	161.8	154.9	993.0	n/a	n/a	n/a	n/a
189.158	0.046	saccade	n/a	163.2	155.3	n/a	449.4	150.6	11.36	387.0
189.206	0.14	fixation	n/a	452.8	148.9	991.0	n/a	n/a	n/a	n/a
189.348	0.026	saccade	n/a	452.2	149.1	n/a	381.9	150.7	2.83	175.0
189.376	0.174	fixation	n/a	386.9	152.3	984.0	n/a	n/a	n/a	n/a
189.552	0.038	saccade	n/a	387.1	155.2	n/a	538.6	141.9	6.1	296.0
189.592	0.172	fixation	n/a	537.5	142.4	962.0	n/a	n/a	n/a	n/a
189.766	0.046	saccade	n/a	536.8	141.8	n/a	295.1	207.8	10.01	426.0
189.814	0.216	fixation	n/a	281.7	208.6	974.0	n/a	n/a	n/a	n/a
190.032	0.028	saccade	n/a	283.8	204.3	n/a	214.7	113.3	4.6	288.0
190.062	0.136	fixation	n/a	216.7	108.6	940.0	n/a	n/a	n/a	n/a
190.2	0.018	saccade	n/a	217.1	110.1	n/a	173.0	100.3	1.79	146.0
190.22	0.208	fixation	n/a	179.0	101.5	917.0	n/a	n/a	n/a	n/a
190.43	0.026	saccade	n/a	179.3	104.8	n/a	259.0	89.9	3.21	173.0
190.458	0.35	fixation	n/a	266.3	93.5	939.0	n/a	n/a	n/a	n/a
190.81	0.02	saccade	n/a	270.0	95.7	n/a	323.8	91.7	2.16	155.0
190.832	0.26	fixation	n/a	328.7	101.6	969.0	n/a	n/a	n/a	n/a
191.094	0.006	saccade	n/a	372.7	126.7	n/a	384.0	120.7	0.52	79.0
191.102	0.184	fixation	n/a	413.6	106.1	960.0	n/a	n/a	n/a	n/a
191.288	0.024	saccade	n/a	415.6	102.6	n/a	494.8	91.5	3.22	206.0
191.314	0.262	fixation	n/a	509.7	89.6	933.0	n/a	n/a	n/a	n/a
191.578	0.016	saccade	n/a	510.4	90.3	n/a	536.7	84.4	1.08	82.0
191.596	0.144	fixation	n/a	543.6	86.6	910.0	n/a	n/a	n/a	n/a
191.742	0.05	saccade	n/a	545.2	89.3	n/a	218.4	157.1	13.28	444.0
191.794	0.112	fixation	n/a	226.1	155.9	944.0	n/a	n/a	n/a	n/a
191.908	0.024	saccade	n/a	226.2	154.6	n/a	144.4	156.6	3.22	221.0
191.934	0.228	fixation	n/a	152.5	160.1	945.0	n/a	n/a	n/a	n/a
192.164	0.046	saccade	n/a	155.4	162.1	n/a	409.4	150.5	10.09	367.0
192.212	0.172	fixation	n/a	411.1	150.9	961.0	n/a	n/a	n/a	n/a
192.386	0.022	saccade	n/a	410.4	153.0	n/a	356.7	157.1	2.17	143.0
192.41	0.264	fixation	n/a	361.7	157.6	980.0	n/a	n/a	n/a	n/a
192.676	0.038	saccade	n/a	363.1	160.7	n/a	530.9	153.8	6.73	275.0
192.716	0.206	fixation	n/a	532.2	153.0	988.0	n/a	n/a	n/a	n/a
192.88	0.0	trigger_11	11	n/a	n/a	n/a	n/a	n/a	n/a	n/a
192.884	0.0	trigger_10	10	n/a	n/a	n/a	n/a	n/a	n/a	n/a
192.924	0.016	saccade	n/a	533.0	155.0	n/a	568.3	152.2	1.41	117.0
192.942	0.176	fixation	n/a	566.7	154.3	978.0	n/a	n/a	n/a	n/a
193.12	0.05	saccade	n/a	568.3	157.3	n/a	290.7	214.3	11.3	417.0
193.172	0.12	fixation	n/a	296.0	214.0	997.0	n/a	n/a	n/a	n/a
193.294	0.026	saccade	n/a	295.4	215.3	n/a	181.3	218.6	4.52	318.0
193.322	0.276	fixation	n/a	181.6	223.1	976.0	n/a	n/a	n/a	n/a
193.6	0.028	saccade	n/a	179.7	225.1	n/a	284.9	214.9	4.19	261.0
193.63	0.142	fixation	n/a	302.4	217.2	950.0	n/a	n/a	n/a	n/a
193.774	0.034	saccade	n/a	303.9	217.0	n/a	412.0	209.4	4.34	208.0
193.81	0.278	fixation	n/a	412.8	212.1	942.0	n/a	n/a	n/a	n/a
194.09	0.022	saccade	n/a	412.6	215.2	n/a	484.9	205.7	2.92	168.0
194.114	0.218	fixation	n/a	498.0	210.1	911.0	n/a	n/a	n/a	n/a
194.334	0.03	saccade	n/a	496.9	212.7	n/a	580.7	206.3	3.34	158.0
194.366	0.188	fixation	n/a	581.4	208.1	890.0	n/a	n/a	n/a	n/a
194.556	0.054	saccade	n/a	582.1	206.4	n/a	251.2	117.8	13.61	414.0
194.612	0.102	fixation	n/a	255.1	113.3	921.0	n/a	n/a	n/a	n/a
194.716	0.024	saccade	n/a	255.6	114.4	n/a	188.9	97.4	2.73	216.0
194.742	0.324	fixation	n/a	203.3	102.9	927.0	n/a	n/a	n/a	n/a
195.068	0.014	saccade	n/a	206.7	108.2	n/a	176.8	104.9	1.19	106.0
195.084	0.168	fixation	n/a	185.4	106.2	973.0	n/a	n/a	n/a	n/a
195.254	0.014	saccade	n/a	183.0	106.0	n/a	155.3	106.9	1.09	95.0
195.27	0.2	fixation	n/a	158.0	102.3	992.0	n/a	n/a	n/a	n/a
195.472	0.022	saccade	n/a	158.9	102.2	n/a	228.7	96.2	2.76	197.0
195.496	0.25	fixation	n/a	228.3	98.6	1041.0	n/a	n/a	n/a	n/a
195.748	0.028	saccade	n/a	228.5	100.2	n/a	301.8	96.2	2.93	182.0
195.778	0.288	fixation	n/a	298.8	94.1	1067.0	n/a	n/a	n/a	n/a
195.832	0.0	trigger_11	11	n/a	n/a	n/a	n/a	n/a	n/a	n/a
195.834	0.0	trigger_10	10	n/a	n/a	n/a	n/a	n/a	n/a	n/a
196.068	0.018	saccade	n/a	301.0	96.8	n/a	343.2	93.0	1.7	139.0
196.088	0.256	fixation	n/a	339.5	93.8	1085.0	n/a	n/a	n/a	n/a
196.346	0.032	saccade	n/a	339.1	91.9	n/a	439.7	88.3	4.05	213.0
196.38	0.262	fixation	n/a	439.2	86.6	1082.0	n/a	n/a	n/a	n/a
196.644	0.024	saccade	n/a	439.1	84.3	n/a	368.5	88.4	2.85	173.0
196.67	0.192	fixation	n/a	368.4	88.1	1095.0	n/a	n/a	n/a	n/a
196.864	0.016	saccade	n/a	366.4	86.2	n/a	328.1	89.0	1.55	127.0
196.882	0.234	fixation	n/a	327.2	90.1	1087.0	n/a	n/a	n/a	n/a
197.118	0.016	saccade	n/a	325.8	91.6	n/a	293.7	92.3	1.29	105.0
197.136	0.192	fixation	n/a	300.1	94.6	1085.0	n/a	n/a	n/a	n/a
197.33	0.17	saccade	n/a	306.6	109.3	n/a	345.1	115.8	1.57	595.0
197.386	0.042	blink	n/a	n/a	n/a	n/a	n/a	n/a	n/a	n/a
197.502	0.166	fixation	n/a	351.8	94.9	1063.0	n/a	n/a	n/a	n/a
197.67	0.032	saccade	n/a	353.3	94.5	n/a	198.7	97.9	6.17	372.0
197.704	0.336	fixation	n/a	206.9	95.5	983.0	n/a	n/a	n/a	n/a
198.042	0.02	saccade	n/a	204.3	96.7	n/a	156.0	95.9	1.9	146.0
198.064	0.168	fixation	n/a	161.1	96.1	920.0	n/a	n/a	n/a	n/a
198.234	0.038	saccade	n/a	160.4	96.5	n/a	342.6	91.5	7.23	312.0
198.274	0.184	fixation	n/a	341.0	91.5	946.0	n/a	n/a	n/a	n/a
198.46	0.022	saccade	n/a	344.7	93.5	n/a	291.0	94.6	2.15	139.0
198.484	0.278	fixation	n/a	288.1	96.2	948.0	n/a	n/a	n/a	n/a
198.764	0.036	saccade	n/a	287.5	97.2	n/a	428.4	93.5	5.66	239.0
198.802	0.234	fixation	n/a	430.7	94.8	940.0	n/a	n/a	n/a	n/a
199.038	0.018	saccade	n/a	431.2	97.7	n/a	390.3	96.1	1.65	122.0
199.058	0.192	fixation	n/a	388.4	97.3	959.0	n/a	n/a	n/a	n/a
199.252	0.03	saccade	n/a	388.9	96.6	n/a	313.3	95.6	3.04	139.0
199.284	0.134	fixation	n/a	321.4	96.0	984.0	n/a	n/a	n/a	n/a
199.336	0.0	trigger_11	11	n/a	n/a	n/a	n/a	n/a	n/a	n/a
199.34	0.0	trigger_10	10	n/a	n/a	n/a	n/a	n/a	n/a	n/a
199.42	0.03	saccade	n/a	321.8	97.8	n/a	214.4	100.3	4.29	272.0
199.452	0.344	fixation	n/a	223.8	101.2	1012.0	n/a	n/a	n/a	n/a
199.798	0.018	saccade	n/a	224.8	102.6	n/a	272.3	92.4	1.94	131.0
199.818	0.178	fixation	n/a	273.1	96.1	1028.0	n/a	n/a	n/a	n/a
199.998	0.04	saccade	n/a	273.3	95.6	n/a	486.4	86.9	8.55	313.0
200.04	0.23	fixation	n/a	488.5	87.6	1022.0	n/a	n/a	n/a	n/a
200.272	0.02	saccade	n/a	490.0	90.1	n/a	425.6	94.0	2.6	184.0
200.294	0.22	fixation	n/a	423.0	92.2	1013.0	n/a	n/a	n/a	n/a
200.516	0.04	saccade	n/a	422.6	92.8	n/a	203.2	97.5	8.76	386.0
200.558	0.156	fixation	n/a	210.3	98.2	998.0	n/a	n/a	n/a	n/a
200.716	0.022	saccade	n/a	211.7	100.5	n/a	149.5	105.1	2.46	203.0
200.74	0.236	fixation	n/a	161.1	107.7	1009.0	n/a	n/a	n/a	n/a
200.978	0.03	saccade	n/a	162.8	109.4	n/a	266.4	87.8	4.2	226.0
201.01	0.242	fixation	n/a	270.3	91.7	1013.0	n/a	n/a	n/a	n/a
201.254	0.022	saccade	n/a	273.0	90.9	n/a	224.3	96.7	1.95	142.0
201.278	0.268	fixation	n/a	232.5	96.9	1005.0	n/a	n/a	n/a	n/a
201.548	0.022	saccade	n/a	233.7	100.3	n/a	177.3	98.7	2.23	170.0
201.572	0.242	fixation	n/a	183.1	101.0	1019.0	n/a	n/a	n/a	n/a
201.816	0.03	saccade	n/a	183.7	103.4	n/a	272.7	95.6	3.55	194.0
201.848	0.186	fixation	n/a	271.2	92.3	1044.0	n/a	n/a	n/a	n/a
202.036	0.028	saccade	n/a	270.3	93.7	n/a	349.0	88.3	3.17	188.0
202.066	0.126	fixation	n/a	348.2	88.4	1031.0	n/a	n/a	n/a	n/a
202.194	0.036	saccade	n/a	349.3	88.2	n/a	450.4	88.0	4.07	172.0
202.232	0.154	fixation	n/a	450.5	88.5	1030.0	n/a	n/a	n/a	n/a
202.388	0.02	saccade	n/a	451.5	90.6	n/a	516.1	87.5	2.59	188.0
202.41	0.248	fixation	n/a	533.7	86.2	1033.0	n/a	n/a	n/a	n/a
202.66	0.018	saccade	n/a	535.4	87.3	n/a	573.0	85.4	1.5	111.0
202.68	0.14	fixation	n/a	578.2	88.6	1032.0	n/a	n/a	n/a	n/a
202.822	0.054	saccade	n/a	579.8	86.5	n/a	201.2	149.1	15.21	489.0
202.878	0.118	fixation	n/a	210.1	148.7	1060.0	n/a	n/a	n/a	n/a
202.998	0.024	saccade	n/a	212.1	150.8	n/a	144.5	158.1	2.67	197.0
203.016	0.0	trigger_11	11	n/a	n/a	n/a	n/a	n/a	n/a	n/a
203.024	0.22	fixation	n/a	153.7	158.6	1073.0	n/a	n/a	n/a	n/a
203.026	0.0	trigger_10	10	n/a	n/a	n/a	n/a	n/a	n/a	n/a
203.246	0.018	saccade	n/a	153.3	158.4	n/a	138.3	163.3	0.62	72.0
203.266	0.182	fixation	n/a	142.6	162.8	1087.0	n/a	n/a	n/a	n/a
203.45	0.022	saccade	n/a	143.7	165.4	n/a	227.9	156.3	3.34	232.0
203.474	0.15	fixation	n/a	247.6	155.7	1106.0	n/a	n/a	n/a	n/a
203.626	0.024	saccade	n/a	249.0	154.6	n/a	327.6	144.7	3.17	218.0
203.652	0.142	fixation	n/a	339.2	146.7	1123.0	n/a	n/a	n/a	n/a
203.796	0.04	saccade	n/a	340.5	147.2	n/a	433.3	141.7	3.74	271.0
203.838	0.136	fixation	n/a	443.6	141.8	1128.0	n/a	n/a	n/a	n/a
203.976	0.022	saccade	n/a	446.7	142.2	n/a	394.0	147.7	2.13	154.0
204.0	0.624	fixation	n/a	401.9	147.9	1117.0	n/a	n/a	n/a	n/a
204.626	0.04	saccade	n/a	405.4	149.1	n/a	235.8	107.0	7.01	362.0
204.668	0.182	fixation	n/a	241.1	107.3	1149.0	n/a	n/a	n/a	n/a
204.852	0.02	saccade	n/a	241.4	107.4	n/a	196.7	97.2	1.82	155.0
204.874	0.388	fixation	n/a	208.7	100.1	1192.0	n/a	n/a	n/a	n/a
205.264	0.012	saccade	n/a	207.7	100.0	n/a	182.6	98.6	0.99	91.0
205.278	0.282	fixation	n/a	182.2	99.8	1209.0	n/a	n/a	n/a	n/a
205.562	0.006	saccade	n/a	178.2	104.4	n/a	169.5	103.7	0.34	50.0
205.57	0.11	fixation	n/a	170.0	103.0	1214.0	n/a	n/a	n/a	n/a
205.682	0.036	saccade	n/a	169.4	104.4	n/a	285.7	91.8	4.63	238.0
205.72	0.242	fixation	n/a	284.8	89.3	1176.0	n/a	n/a	n/a	n/a
205.964	0.022	saccade	n/a	284.7	90.3	n/a	346.6	85.5	2.49	172.0
205.988	0.196	fixation	n/a	348.0	86.7	1148.0	n/a	n/a	n/a	n/a
206.186	0.042	saccade	n/a	348.5	87.6	n/a	453.8	87.6	4.23	198.0
206.23	0.224	fixation	n/a	459.4	85.0	1096.0	n/a	n/a	n/a	n/a
206.456	0.03	saccade	n/a	458.0	84.2	n/a	552.2	81.9	3.77	201.0
206.488	0.322	fixation	n/a	549.9	84.1	1046.0	n/a	n/a	n/a	n/a
206.812	0.02	saccade	n/a	548.1	84.7	n/a	599.4	79.8	2.05	144.0
206.834	0.202	fixation	n/a	604.7	81.7	1004.0	n/a	n/a	n/a	n/a
207.038	0.014	saccade	n/a	604.2	81.2	n/a	627.1	82.8	0.9	71.0
207.054	0.058	fixation	n/a	625.7	82.9	992.0	n/a	n/a	n/a	n/a
207.114	0.054	saccade	n/a	626.0	84.7	n/a	223.6	136.8	16.01	520.0
207.17	0.112	fixation	n/a	230.3	136.5	1036.0	n/a	n/a	n/a	n/a
207.284	0.024	saccade	n/a	229.3	136.8	n/a	152.1	149.5	3.08	224.0
207.31	0.192	fixation	n/a	156.7	153.6	1032.0	n/a	n/a	n/a	n/a
207.504	0.038	saccade	n/a	156.0	153.6	n/a	357.3	150.0	7.99	356.0
207.544	0.132	fixation	n/a	359.3	151.5	1016.0	n/a	n/a	n/a	n/a
207.678	0.018	saccade	n/a	360.3	154.6	n/a	317.0	156.1	1.74	132.0
207.698	0.212	fixation	n/a	318.6	156.0	991.0	n/a	n/a	n/a	n/a
207.912	0.02	saccade	n/a	318.1	156.0	n/a	274.6	160.6	1.75	122.0
207.934	0.202	fixation	n/a	275.9	162.1	968.0	n/a	n/a	n/a	n/a
208.138	0.028	saccade	n/a	275.2	162.8	n/a	384.5	152.8	4.41	270.0
208.168	0.314	fixation	n/a	387.9	154.9	956.0	n/a	n/a	n/a	n/a
208.484	0.024	saccade	n/a	388.3	156.9	n/a	470.0	149.5	3.3	207.0
208.51	0.19	fixation	n/a	479.8	148.5	974.0	n/a	n/a	n/a	n/a
208.702	0.024	saccade	n/a	480.6	151.5	n/a	568.9	148.5	3.53	217.0
208.728	0.192	fixation	n/a	584.9	149.1	954.0	n/a	n/a	n/a	n/a
208.922	0.052	saccade	n/a	585.8	150.9	n/a	244.4	211.0	13.74	485.0
208.976	0.16	fixation	n/a	252.7	211.8	980.0	n/a	n/a	n/a	n/a
209.138	0.026	saccade	n/a	255.7	214.1	n/a	164.1	217.5	3.62	258.0
209.166	0.252	fixation	n/a	168.9	218.0	980.0	n/a	n/a	n/a	n/a
209.42	0.026	saccade	n/a	169.9	220.8	n/a	262.2	210.6	3.67	206.0
209.448	0.224	fixation	n/a	267.5	213.4	989.0	n/a	n/a	n/a	n/a
209.674	0.028	saccade	n/a	267.7	211.1	n/a	173.5	218.1	3.73	232.0
209.704	0.212	fixation	n/a	183.4	217.2	1008.0	n/a	n/a	n/a	n/a
209.918	0.036	saccade	n/a	184.0	216.7	n/a	182.8	136.5	3.23	303.0
209.956	0.216	fixation	n/a	182.8	128.6	1038.0	n/a	n/a	n/a	n/a
210.174	0.022	saccade	n/a	182.6	128.4	n/a	227.7	95.6	2.22	167.0
210.198	0.18	fixation	n/a	230.4	98.3	1069.0	n/a	n/a	n/a	n/a
210.38	0.038	saccade	n/a	231.1	98.4	n/a	357.9	87.0	5.09	237.0
210.42	0.238	fixation	n/a	362.6	87.1	1081.0	n/a	n/a	n/a	n/a
210.66	0.014	saccade	n/a	363.4	88.0	n/a	335.7	89.4	1.12	97.0
210.676	0.136	fixation	n/a	342.2	91.1	1061.0	n/a	n/a	n/a	n/a
210.814	0.018	saccade	n/a	341.3	92.5	n/a	297.7	96.4	1.76	142.0
210.834	0.14	fixation	n/a	297.9	95.3	1059.0	n/a	n/a	n/a	n/a
210.976	0.038	saccade	n/a	298.6	95.6	n/a	499.0	96.9	8.05	367.0
211.016	0.33	fixation	n/a	503.4	96.0	1032.0	n/a	n/a	n/a	n/a
211.348	0.024	saccade	n/a	504.4	95.6	n/a	436.5	95.8	2.73	180.0
211.374	0.198	fixation	n/a	439.4	94.6	1009.0	n/a	n/a	n/a	n/a
211.574	0.014	saccade	n/a	438.3	95.7	n/a	413.2	94.7	1.01	83.0
211.59	0.14	fixation	n/a	417.4	98.2	993.0	n/a	n/a	n/a	n/a
211.732	0.04	saccade	n/a	416.0	99.3	n/a	581.1	88.7	6.62	299.0
211.774	0.332	fixation	n/a	581.6	89.1	979.0	n/a	n/a	n/a	n/a
212.108	0.02	saccade	n/a	581.0	90.5	n/a	628.3	87.2	1.87	124.0
212.13	0.164	fixation	n/a	627.5	85.8	986.0	n/a	n/a	n/a	n/a
212.296	0.068	saccade	n/a	629.4	85.1	n/a	205.1	146.0	16.88	481.0
212.366	0.14	fixation	n/a	197.8	145.8	1035.0	n/a	n/a	n/a	n/a
212.508	0.022	saccade	n/a	198.9	147.6	n/a	147.7	158.5	2.06	165.0
212.532	0.274	fixation	n/a	155.8	159.4	1039.0	n/a	n/a	n/a	n/a
212.584	0.0	trigger_11	11	n/a	n/a	n/a	n/a	n/a	n/a	n/a
212.588	0.0	trigger_10	10	n/a	n/a	n/a	n/a	n/a	n/a	n/a
212.808	0.042	saccade	n/a	156.3	163.0	n/a	352.9	150.2	7.8	297.0
212.852	0.246	fixation	n/a	351.8	149.7	1039.0	n/a	n/a	n/a	n/a
213.1	0.032	saccade	n/a	350.8	148.4	n/a	455.3	148.3	4.2	208.0
213.134	0.218	fixation	n/a	453.5	147.0	1041.0	n/a	n/a	n/a	n/a
213.354	0.034	saccade	n/a	454.0	150.2	n/a	575.9	97.7	5.32	314.0
213.39	0.434	fixation	n/a	578.6	96.3	1017.0	n/a	n/a	n/a	n/a
213.826	0.058	saccade	n/a	580.2	98.3	n/a	209.2	133.3	14.76	424.0
213.886	0.166	fixation	n/a	202.5	133.9	1041.0	n/a	n/a	n/a	n/a
214.054	0.022	saccade	n/a	204.6	132.5	n/a	180.4	102.2	1.55	141.0
214.078	0.678	fixation	n/a	187.8	110.6	1054.0	n/a	n/a	n/a	n/a
214.192	0.0	trigger_11	11	n/a	n/a	n/a	n/a	n/a	n/a	n/a
214.198	0.0	trigger_10	10	n/a	n/a	n/a	n/a	n/a	n/a	n/a
214.758	0.03	saccade	n/a	187.1	113.0	n/a	284.5	94.9	3.93	223.0
214.79	0.114	fixation	n/a	281.9	93.3	1070.0	n/a	n/a	n/a	n/a
214.906	0.028	saccade	n/a	283.9	93.3	n/a	195.7	100.7	3.52	238.0
214.936	0.326	fixation	n/a	206.3	101.8	1103.0	n/a	n/a	n/a	n/a
215.264	0.03	saccade	n/a	208.5	102.4	n/a	315.1	88.4	4.28	228.0
215.296	0.206	fixation	n/a	313.8	88.8	1109.0	n/a	n/a	n/a	n/a
215.504	0.032	saccade	n/a	317.0	92.5	n/a	179.8	99.2	5.46	311.0
215.538	0.258	fixation	n/a	187.3	99.6	1106.0	n/a	n/a	n/a	n/a
215.798	0.028	saccade	n/a	188.3	100.6	n/a	278.7	86.3	3.63	230.0
215.828	0.222	fixation	n/a	275.8	88.0	1134.0	n/a	n/a	n/a	n/a
216.052	0.026	saccade	n/a	275.4	85.7	n/a	205.4	102.0	2.86	218.0
216.08	0.308	fixation	n/a	216.5	101.1	1128.0	n/a	n/a	n/a	n/a
216.39	0.016	saccade	n/a	214.3	103.9	n/a	175.3	103.5	1.54	144.0
216.408	0.154	fixation	n/a	177.8	102.5	1130.0	n/a	n/a	n/a	n/a
216.564	0.04	saccade	n/a	177.6	103.1	n/a	381.4	87.8	8.14	376.0
216.606	0.224	fixation	n/a	388.3	87.2	1134.0	n/a	n/a	n/a	n/a
216.696	0.0	trigger_11	11	n/a	n/a	n/a	n/a	n/a	n/a	n/a
216.698	0.0	trigger_18	18	n/a	n/a	n/a	n/a	n/a	n/a	n/a
216.832	0.024	saccade	n/a	389.8	85.9	n/a	465.2	81.6	3.04	196.0
216.858	0.14	fixation	n/a	478.3	86.3	1092.0	n/a	n/a	n/a	n/a
217.0	0.024	saccade	n/a	480.6	89.7	n/a	552.4	86.0	2.88	205.0
217.026	0.202	fixation	n/a	572.6	85.5	1045.0	n/a	n/a	n/a	n/a
217.23	0.02	saccade	n/a	570.6	85.1	n/a	622.6	82.7	2.06	133.0
217.252	0.164	fixation	n/a	628.8	87.3	1016.0	n/a	n/a	n/a	n/a
217.418	0.054	saccade	n/a	628.3	85.4	n/a	260.3	149.0	14.77	482.0
217.474	0.186	fixation	n/a	265.0	149.4	1038.0	n/a	n/a	n/a	n/a
217.662	0.03	saccade	n/a	264.1	149.2	n/a	361.4	147.6	3.9	206.0
217.694	0.154	fixation	n/a	361.5	151.5	1022.0	n/a	n/a	n/a	n/a
217.85	0.026	saccade	n/a	361.2	153.9	n/a	459.7	144.1	3.98	248.0
217.878	0.242	fixation	n/a	477.6	147.5	996.0	n/a	n/a	n/a	n/a
218.122	0.046	saccade	n/a	480.2	149.5	n/a	187.9	210.3	11.88	477.0
218.17	0.15	fixation	n/a	194.7	209.6	1015.0	n/a	n/a	n/a	n/a
218.322	0.022	saccade	n/a	195.6	210.7	n/a	142.1	215.6	2.1	171.0
218.346	0.192	fixation	n/a	151.6	215.8	1020.0	n/a	n/a	n/a	n/a
218.54	0.042	saccade	n/a	148.6	214.0	n/a	155.2	95.8	4.75	318.0
218.584	0.532	fixation	n/a	157.4	88.9	1003.0	n/a	n/a	n/a	n/a
219.118	0.024	saccade	n/a	160.3	93.8	n/a	236.8	96.5	3.03	196.0
219.144	0.198	fixation	n/a	238.9	95.9	1120.0	n/a	n/a	n/a	n/a
219.344	0.034	saccade	n/a	240.5	98.3	n/a	336.6	86.5	3.87	204.0
219.38	0.156	fixation	n/a	331.8	85.3	1175.0	n/a	n/a	n/a	n/a
219.538	0.034	saccade	n/a	333.1	83.8	n/a	417.3	81.1	3.39	164.0
219.574	0.204	fixation	n/a	411.3	83.0	1152.0	n/a	n/a	n/a	n/a
219.78	0.036	saccade	n/a	411.2	84.2	n/a	528.7	85.3	4.72	206.0
219.818	0.18	fixation	n/a	527.4	83.1	1130.0	n/a	n/a	n/a	n/a
220.0	0.022	saccade	n/a	528.4	87.3	n/a	584.0	80.4	2.23	156.0
220.024	0.15	fixation	n/a	592.5	80.6	1105.0	n/a	n/a	n/a	n/a
220.176	0.066	saccade	n/a	593.9	81.4	n/a	263.5	159.4	13.49	465.0
220.244	0.184	fixation	n/a	271.8	159.6	1136.0	n/a	n/a	n/a	n/a
220.43	0.02	saccade	n/a	269.5	156.6	n/a	211.1	155.4	2.32	193.0
220.452	0.192	fixation	n/a	217.0	157.2	1104.0	n/a	n/a	n/a	n/a
220.646	0.038	saccade	n/a	215.8	156.8	n/a	381.8	149.4	6.65	295.0
220.686	0.134	fixation	n/a	383.6	148.0	1057.0	n/a	n/a	n/a	n/a
220.822	0.022	saccade	n/a	385.3	148.2	n/a	335.8	154.8	2.01	132.0
220.846	0.18	fixation	n/a	339.3	154.1	1053.0	n/a	n/a	n/a	n/a
221.028	0.012	saccade	n/a	337.0	154.6	n/a	316.6	159.1	0.84	77.0
221.042	0.174	fixation	n/a	319.5	159.4	1055.0	n/a	n/a	n/a	n/a
