onset	duration	trial_type	value	gaze_x	gaze_y	pupil_size	sacc_endx	sacc_endy	sacc_amplitude	sacc_peakvel
2.001	0.228	fixation	n/a	237.5	282.8	918.0	n/a	n/a	n/a	n/a
2.04	0.0	trigger_113	113	n/a	n/a	n/a	n/a	n/a	n/a	n/a
2.04	0.0	trigger_19	19	n/a	n/a	n/a	n/a	n/a	n/a	n/a
2.054	0.0	trigger_10	10	n/a	n/a	n/a	n/a	n/a	n/a	n/a
2.231	0.032	saccade	n/a	238.2	283.4	n/a	292.0	270.7	2.19	248.0
2.265	0.256	fixation	n/a	298.2	266.4	944.0	n/a	n/a	n/a	n/a
2.523	0.228	saccade	n/a	306.4	270.6	n/a	217.5	387.7	5.82	728.0
2.545	0.142	blink	n/a	n/a	n/a	n/a	n/a	n/a	n/a	n/a
2.753	0.282	fixation	n/a	204.6	337.4	1045.0	n/a	n/a	n/a	n/a
3.037	0.032	saccade	n/a	204.1	332.9	n/a	209.0	182.2	6.03	356.0
3.071	0.208	fixation	n/a	214.9	177.1	1031.0	n/a	n/a	n/a	n/a
3.281	0.02	saccade	n/a	214.9	176.9	n/a	246.0	212.6	1.9	141.0
3.303	0.224	fixation	n/a	237.2	204.9	979.0	n/a	n/a	n/a	n/a
3.529	0.03	saccade	n/a	236.9	205.8	n/a	276.1	218.2	1.64	193.0
3.561	0.116	fixation	n/a	281.0	215.3	1045.0	n/a	n/a	n/a	n/a
3.679	0.05	saccade	n/a	280.6	217.8	n/a	210.6	356.0	6.17	408.0
3.731	0.356	fixation	n/a	204.9	375.2	1068.0	n/a	n/a	n/a	n/a
4.089	0.022	saccade	n/a	204.0	376.8	n/a	153.0	377.0	1.97	151.0
4.113	0.162	fixation	n/a	165.5	380.4	980.0	n/a	n/a	n/a	n/a
4.277	0.046	saccade	n/a	166.8	380.6	n/a	180.1	156.7	8.88	376.0
4.325	0.076	fixation	n/a	179.2	129.9	909.0	n/a	n/a	n/a	n/a
4.403	0.018	saccade	n/a	180.2	118.3	n/a	178.1	82.5	1.45	119.0
4.423	0.114	fixation	n/a	181.0	93.1	878.0	n/a	n/a	n/a	n/a
4.539	0.02	saccade	n/a	179.8	90.6	n/a	189.2	71.7	0.85	89.0
4.561	0.202	fixation	n/a	187.0	77.6	882.0	n/a	n/a	n/a	n/a
4.765	0.034	saccade	n/a	189.3	77.8	n/a	241.1	75.2	2.05	238.0
4.801	0.1	fixation	n/a	246.4	75.0	942.0	n/a	n/a	n/a	n/a
4.903	0.052	saccade	n/a	247.2	76.0	n/a	434.6	81.5	7.51	481.0
4.957	0.204	fixation	n/a	451.6	86.9	981.0	n/a	n/a	n/a	n/a
5.163	0.036	saccade	n/a	451.5	89.6	n/a	522.8	94.3	2.86	261.0
5.201	0.156	fixation	n/a	528.9	89.0	1004.0	n/a	n/a	n/a	n/a
5.359	0.066	saccade	n/a	529.3	89.1	n/a	158.0	136.8	14.83	565.0
5.427	0.17	fixation	n/a	144.3	141.1	1077.0	n/a	n/a	n/a	n/a
5.599	0.034	saccade	n/a	146.5	141.9	n/a	189.2	143.5	1.68	236.0
5.635	0.254	fixation	n/a	197.4	145.0	1101.0	n/a	n/a	n/a	n/a
5.891	0.038	saccade	n/a	196.5	149.5	n/a	275.7	153.7	3.15	320.0
5.931	0.2	fixation	n/a	283.9	152.8	1157.0	n/a	n/a	n/a	n/a
6.133	0.038	saccade	n/a	283.3	153.3	n/a	358.8	156.8	3.03	303.0
6.173	0.156	fixation	n/a	369.6	158.8	1166.0	n/a	n/a	n/a	n/a
6.331	0.02	saccade	n/a	371.0	166.7	n/a	420.5	167.8	2.0	166.0
6.353	0.23	fixation	n/a	424.7	162.7	1158.0	n/a	n/a	n/a	n/a
6.585	0.05	saccade	n/a	427.7	156.3	n/a	285.9	158.1	5.7	461.0
6.637	0.172	fixation	n/a	275.0	159.1	1206.0	n/a	n/a	n/a	n/a
6.811	0.036	saccade	n/a	272.8	159.7	n/a	331.1	161.4	2.34	271.0
6.849	0.118	fixation	n/a	339.7	158.8	1228.0	n/a	n/a	n/a	n/a
6.969	0.206	saccade	n/a	344.4	170.0	n/a	369.1	223.0	2.38	866.0
6.995	0.122	blink	n/a	n/a	n/a	n/a	n/a	n/a	n/a	n/a
7.177	0.238	fixation	n/a	362.3	169.2	1231.0	n/a	n/a	n/a	n/a
7.417	0.034	saccade	n/a	362.3	164.7	n/a	425.1	157.8	2.54	282.0
7.453	0.146	fixation	n/a	430.2	159.0	1208.0	n/a	n/a	n/a	n/a
7.601	0.028	saccade	n/a	428.3	159.6	n/a	542.8	161.5	4.59	307.0
7.631	0.212	fixation	n/a	538.9	162.4	1121.0	n/a	n/a	n/a	n/a
7.845	0.034	saccade	n/a	541.1	163.8	n/a	605.0	165.3	2.53	274.0
7.881	0.058	fixation	n/a	612.8	165.9	1085.0	n/a	n/a	n/a	n/a
7.941	0.066	saccade	n/a	615.4	167.2	n/a	208.4	196.4	16.1	587.0
8.009	0.272	fixation	n/a	192.9	203.5	1149.0	n/a	n/a	n/a	n/a
8.283	0.036	saccade	n/a	191.5	205.5	n/a	146.6	212.1	1.78	201.0
8.321	0.116	fixation	n/a	136.4	218.3	1206.0	n/a	n/a	n/a	n/a
8.439	0.036	saccade	n/a	133.7	220.7	n/a	179.7	219.8	1.79	237.0
8.477	0.204	fixation	n/a	188.3	220.6	1237.0	n/a	n/a	n/a	n/a
8.683	0.014	saccade	n/a	190.0	222.0	n/a	219.8	219.3	1.18	103.0
8.699	0.274	fixation	n/a	212.0	219.9	1198.0	n/a	n/a	n/a	n/a
8.975	0.058	saccade	n/a	212.5	220.3	n/a	337.2	549.5	13.63	454.0
9.035	0.398	fixation	n/a	341.2	550.6	1105.0	n/a	n/a	n/a	n/a
9.435	0.024	saccade	n/a	345.9	545.7	n/a	435.9	539.1	3.47	250.0
9.461	0.3	fixation	n/a	430.8	539.6	929.0	n/a	n/a	n/a	n/a
9.763	0.05	saccade	n/a	433.5	542.6	n/a	228.7	547.3	7.83	418.0
9.815	0.2	fixation	n/a	211.4	549.1	949.0	n/a	n/a	n/a	n/a
10.017	0.23	saccade	n/a	211.2	551.8	n/a	158.5	58.1	19.13	464.0
10.051	0.134	blink	n/a	n/a	n/a	n/a	n/a	n/a	n/a	n/a
10.249	0.23	fixation	n/a	165.7	70.8	1026.0	n/a	n/a	n/a	n/a
10.481	0.034	saccade	n/a	170.4	72.3	n/a	135.2	75.6	1.38	198.0
10.517	0.286	fixation	n/a	128.6	79.7	1117.0	n/a	n/a	n/a	n/a
10.805	0.03	saccade	n/a	129.4	81.1	n/a	170.6	85.2	1.62	211.0
10.837	0.218	fixation	n/a	177.2	85.8	1174.0	n/a	n/a	n/a	n/a
11.057	0.022	saccade	n/a	179.4	87.3	n/a	214.6	87.9	1.39	145.0
11.081	0.212	fixation	n/a	206.7	87.5	1182.0	n/a	n/a	n/a	n/a
11.295	0.036	saccade	n/a	209.0	89.1	n/a	278.0	99.0	2.77	274.0
11.333	0.178	fixation	n/a	287.6	96.8	1191.0	n/a	n/a	n/a	n/a
11.513	0.03	saccade	n/a	291.8	97.7	n/a	339.9	100.4	1.93	200.0
11.545	0.318	fixation	n/a	344.3	95.4	1131.0	n/a	n/a	n/a	n/a
11.865	0.028	saccade	n/a	346.6	94.7	n/a	378.3	96.1	1.28	165.0
11.895	0.216	fixation	n/a	381.3	93.7	1090.0	n/a	n/a	n/a	n/a
12.113	0.036	saccade	n/a	381.5	94.0	n/a	455.4	105.3	3.01	297.0
12.151	0.224	fixation	n/a	467.0	102.7	1131.0	n/a	n/a	n/a	n/a
12.377	0.038	saccade	n/a	468.6	100.9	n/a	535.2	110.0	2.69	267.0
12.417	0.158	fixation	n/a	546.5	105.2	1060.0	n/a	n/a	n/a	n/a
12.577	0.068	saccade	n/a	548.2	103.1	n/a	151.1	134.3	15.72	536.0
12.647	0.186	fixation	n/a	136.9	140.0	1080.0	n/a	n/a	n/a	n/a
12.835	0.034	saccade	n/a	136.6	141.3	n/a	189.7	150.0	2.11	230.0
12.871	0.14	fixation	n/a	196.5	147.0	1085.0	n/a	n/a	n/a	n/a
12.938	0.0	trigger_11	11	n/a	n/a	n/a	n/a	n/a	n/a	n/a
12.952	0.0	trigger_10	10	n/a	n/a	n/a	n/a	n/a	n/a	n/a
13.013	0.042	saccade	n/a	195.9	147.9	n/a	278.9	155.4	3.31	319.0
13.057	0.192	fixation	n/a	292.9	156.1	1084.0	n/a	n/a	n/a	n/a
13.251	0.044	saccade	n/a	292.7	156.3	n/a	394.7	159.7	4.1	319.0
13.297	0.25	fixation	n/a	407.5	159.0	1049.0	n/a	n/a	n/a	n/a
13.549	0.024	saccade	n/a	409.6	159.2	n/a	459.0	158.6	1.99	176.0
13.575	0.154	fixation	n/a	448.4	158.4	1010.0	n/a	n/a	n/a	n/a
13.731	0.04	saccade	n/a	451.1	156.4	n/a	536.8	161.7	3.43	302.0
13.773	0.18	fixation	n/a	549.8	158.2	954.0	n/a	n/a	n/a	n/a
13.955	0.026	saccade	n/a	550.5	157.3	n/a	637.3	159.5	3.43	240.0
13.983	0.072	fixation	n/a	624.1	161.1	920.0	n/a	n/a	n/a	n/a
14.057	0.068	saccade	n/a	626.1	160.8	n/a	208.2	191.1	16.5	604.0
14.127	0.148	fixation	n/a	193.5	193.3	1011.0	n/a	n/a	n/a	n/a
14.277	0.034	saccade	n/a	192.2	192.9	n/a	156.3	204.6	1.48	239.0
14.313	0.146	fixation	n/a	145.5	208.5	1064.0	n/a	n/a	n/a	n/a
14.461	0.032	saccade	n/a	144.5	207.5	n/a	198.5	208.7	2.11	248.0
14.495	0.154	fixation	n/a	205.4	206.0	1104.0	n/a	n/a	n/a	n/a
14.651	0.022	saccade	n/a	205.6	204.5	n/a	171.8	158.6	2.28	176.0
14.675	0.126	fixation	n/a	180.1	172.1	1145.0	n/a	n/a	n/a	n/a
14.803	0.024	saccade	n/a	179.8	170.9	n/a	175.6	94.4	3.09	202.0
14.829	0.314	fixation	n/a	183.0	92.2	1120.0	n/a	n/a	n/a	n/a
15.145	0.034	saccade	n/a	179.8	92.2	n/a	147.4	77.8	1.4	191.0
15.17	0.0	trigger_11	11	n/a	n/a	n/a	n/a	n/a	n/a	n/a
15.176	0.0	trigger_10	10	n/a	n/a	n/a	n/a	n/a	n/a	n/a
15.181	0.086	fixation	n/a	140.2	76.5	1128.0	n/a	n/a	n/a	n/a
15.269	0.04	saccade	n/a	139.1	76.8	n/a	226.1	79.4	3.42	321.0
15.311	0.184	fixation	n/a	237.0	75.5	1134.0	n/a	n/a	n/a	n/a
15.497	0.036	saccade	n/a	236.7	76.4	n/a	309.0	84.2	2.91	281.0
15.535	0.23	fixation	n/a	319.8	83.9	1130.0	n/a	n/a	n/a	n/a
15.767	0.022	saccade	n/a	321.2	85.4	n/a	382.9	86.7	2.48	188.0
15.791	0.114	fixation	n/a	372.2	87.0	1123.0	n/a	n/a	n/a	n/a
15.907	0.026	saccade	n/a	371.9	86.9	n/a	465.4	96.8	3.78	266.0
15.935	0.16	fixation	n/a	457.8	97.6	1080.0	n/a	n/a	n/a	n/a
16.097	0.038	saccade	n/a	457.8	97.9	n/a	518.3	103.0	2.43	270.0
16.137	0.162	fixation	n/a	530.8	101.9	1008.0	n/a	n/a	n/a	n/a
16.301	0.066	saccade	n/a	533.2	100.7	n/a	163.2	131.8	14.71	518.0
16.369	0.216	fixation	n/a	149.6	136.4	1027.0	n/a	n/a	n/a	n/a
16.587	0.038	saccade	n/a	148.7	138.3	n/a	220.4	146.8	2.84	298.0
16.627	0.212	fixation	n/a	234.0	144.9	1063.0	n/a	n/a	n/a	n/a
16.841	0.03	saccade	n/a	236.1	142.8	n/a	279.6	152.3	1.78	202.0
16.873	0.16	fixation	n/a	285.4	146.8	1094.0	n/a	n/a	n/a	n/a
17.035	0.024	saccade	n/a	285.9	142.9	n/a	268.6	75.9	2.82	200.0
17.061	0.294	fixation	n/a	274.9	81.3	1057.0	n/a	n/a	n/a	n/a
17.357	0.048	saccade	n/a	275.5	82.9	n/a	172.7	71.8	4.1	364.0
17.407	0.292	fixation	n/a	159.9	73.1	1063.0	n/a	n/a	n/a	n/a
17.701	0.034	saccade	n/a	158.9	73.0	n/a	243.2	78.3	3.34	317.0
17.737	0.168	fixation	n/a	249.2	74.6	1100.0	n/a	n/a	n/a	n/a
17.907	0.06	saccade	n/a	250.4	75.9	n/a	489.6	102.6	9.63	459.0
17.969	0.226	fixation	n/a	507.2	102.4	1044.0	n/a	n/a	n/a	n/a
18.154	0.0	trigger_11	11	n/a	n/a	n/a	n/a	n/a	n/a	n/a
18.164	0.0	trigger_10	10	n/a	n/a	n/a	n/a	n/a	n/a	n/a
18.197	0.034	saccade	n/a	507.5	104.0	n/a	560.6	105.5	2.12	252.0
18.233	0.096	fixation	n/a	568.0	101.7	1020.0	n/a	n/a	n/a	n/a
18.331	0.06	saccade	n/a	568.8	101.4	n/a	208.9	134.0	14.31	542.0
18.393	0.142	fixation	n/a	190.3	141.4	1075.0	n/a	n/a	n/a	n/a
18.537	0.032	saccade	n/a	189.1	142.0	n/a	165.1	140.2	0.95	175.0
18.571	0.106	fixation	n/a	156.2	145.2	1075.0	n/a	n/a	n/a	n/a
18.679	0.036	saccade	n/a	156.0	145.7	n/a	241.8	152.0	3.4	303.0
18.717	0.186	fixation	n/a	251.4	147.0	1063.0	n/a	n/a	n/a	n/a
18.905	0.05	saccade	n/a	253.5	148.8	n/a	427.5	160.3	6.99	426.0
18.957	0.206	fixation	n/a	443.8	163.4	1015.0	n/a	n/a	n/a	n/a
19.165	0.036	saccade	n/a	445.6	163.3	n/a	517.2	165.9	2.87	272.0
19.203	0.158	fixation	n/a	527.7	163.6	949.0	n/a	n/a	n/a	n/a
19.363	0.064	saccade	n/a	529.6	164.1	n/a	181.0	207.6	13.92	517.0
19.429	0.2	fixation	n/a	165.8	211.8	958.0	n/a	n/a	n/a	n/a
19.631	0.038	saccade	n/a	167.9	214.2	n/a	259.7	217.7	3.63	337.0
19.671	0.262	fixation	n/a	272.3	216.5	1001.0	n/a	n/a	n/a	n/a
19.935	0.038	saccade	n/a	273.3	217.5	n/a	342.3	216.1	2.76	272.0
19.975	0.092	fixation	n/a	353.7	217.3	969.0	n/a	n/a	n/a	n/a
20.069	0.03	saccade	n/a	355.9	217.5	n/a	263.9	101.3	5.99	378.0
20.101	0.268	fixation	n/a	265.6	89.6	901.0	n/a	n/a	n/a	n/a
20.371	0.038	saccade	n/a	265.1	86.8	n/a	191.3	74.4	2.97	293.0
20.411	0.186	fixation	n/a	176.0	74.9	888.0	n/a	n/a	n/a	n/a
20.599	0.036	saccade	n/a	175.9	76.8	n/a	253.7	79.2	3.08	308.0
20.637	0.198	fixation	n/a	262.1	75.0	952.0	n/a	n/a	n/a	n/a
20.837	0.038	saccade	n/a	260.8	76.4	n/a	351.8	78.0	3.65	362.0
20.877	0.252	fixation	n/a	366.7	77.3	1012.0	n/a	n/a	n/a	n/a
21.131	0.03	saccade	n/a	369.5	80.4	n/a	482.0	89.4	4.54	299.0
21.163	0.142	fixation	n/a	473.8	84.9	1002.0	n/a	n/a	n/a	n/a
21.307	0.024	saccade	n/a	476.0	83.2	n/a	547.4	85.4	2.86	216.0
21.333	0.126	fixation	n/a	534.5	82.9	959.0	n/a	n/a	n/a	n/a
21.461	0.028	saccade	n/a	536.2	78.9	n/a	564.3	82.8	1.13	172.0
21.491	0.06	fixation	n/a	568.0	80.2	941.0	n/a	n/a	n/a	n/a
21.553	0.068	saccade	n/a	569.9	80.7	n/a	192.9	115.7	15.0	553.0
21.623	0.26	fixation	n/a	178.4	124.6	1057.0	n/a	n/a	n/a	n/a
21.885	0.028	saccade	n/a	180.2	128.8	n/a	289.3	144.1	4.37	307.0
21.915	0.196	fixation	n/a	279.6	145.4	1127.0	n/a	n/a	n/a	n/a
22.113	0.036	saccade	n/a	283.2	149.7	n/a	344.6	155.2	2.47	301.0
22.151	0.246	fixation	n/a	356.7	153.7	1131.0	n/a	n/a	n/a	n/a
22.399	0.028	saccade	n/a	358.0	155.5	n/a	481.5	160.2	4.96	333.0
22.429	0.33	fixation	n/a	480.5	158.2	1073.0	n/a	n/a	n/a	n/a
22.761	0.032	saccade	n/a	482.6	155.8	n/a	527.8	162.0	1.83	225.0
22.795	0.46	fixation	n/a	536.1	160.4	1025.0	n/a	n/a	n/a	n/a
23.242	0.0	trigger_11	11	n/a	n/a	n/a	n/a	n/a	n/a	n/a
23.256	0.0	trigger_10	10	n/a	n/a	n/a	n/a	n/a	n/a	n/a
23.257	0.02	saccade	n/a	535.7	161.2	n/a	558.0	163.7	0.89	102.0
23.279	0.404	fixation	n/a	553.5	163.1	1050.0	n/a	n/a	n/a	n/a
23.685	0.044	saccade	n/a	555.5	162.5	n/a	459.0	159.1	3.86	356.0
23.731	0.398	fixation	n/a	442.9	160.7	1112.0	n/a	n/a	n/a	n/a
24.131	0.04	saccade	n/a	442.8	163.9	n/a	365.3	154.9	3.14	346.0
24.173	0.894	fixation	n/a	347.3	160.6	1073.0	n/a	n/a	n/a	n/a
25.069	0.048	saccade	n/a	348.1	163.4	n/a	499.9	166.3	6.09	386.0
25.119	0.318	fixation	n/a	512.7	167.9	1096.0	n/a	n/a	n/a	n/a
25.439	0.04	saccade	n/a	510.9	165.3	n/a	229.4	119.4	11.37	517.0
25.481	0.066	fixation	n/a	209.2	115.8	1147.0	n/a	n/a	n/a	n/a
25.549	0.024	saccade	n/a	204.1	109.9	n/a	172.4	67.8	2.11	175.0
25.575	0.248	fixation	n/a	175.7	80.4	1112.0	n/a	n/a	n/a	n/a
25.825	0.038	saccade	n/a	173.0	81.4	n/a	250.5	87.5	3.08	314.0
25.865	0.208	fixation	n/a	260.7	82.7	1120.0	n/a	n/a	n/a	n/a
26.075	0.034	saccade	n/a	261.9	83.1	n/a	336.1	86.1	2.97	325.0
26.111	0.164	fixation	n/a	347.1	83.2	1165.0	n/a	n/a	n/a	n/a
26.277	0.036	saccade	n/a	349.3	85.8	n/a	412.2	94.4	2.56	249.0
26.315	0.222	fixation	n/a	422.8	93.3	1152.0	n/a	n/a	n/a	n/a
26.539	0.038	saccade	n/a	423.3	95.0	n/a	505.8	105.3	3.34	304.0
26.579	0.332	fixation	n/a	517.3	103.0	1077.0	n/a	n/a	n/a	n/a
26.913	0.032	saccade	n/a	516.7	102.5	n/a	568.7	105.5	2.08	232.0
26.947	0.26	fixation	n/a	578.9	101.6	1073.0	n/a	n/a	n/a	n/a
27.209	0.064	saccade	n/a	581.5	99.3	n/a	144.5	148.8	17.32	518.0
27.275	0.288	fixation	n/a	146.6	150.2	1163.0	n/a	n/a	n/a	n/a
27.565	0.034	saccade	n/a	147.4	152.3	n/a	216.5	153.6	2.72	289.0
27.578	0.0	trigger_11	11	n/a	n/a	n/a	n/a	n/a	n/a	n/a
27.588	0.0	trigger_12	12	n/a	n/a	n/a	n/a	n/a	n/a	n/a
27.601	0.188	fixation	n/a	225.4	148.3	1167.0	n/a	n/a	n/a	n/a
27.791	0.036	saccade	n/a	226.5	147.0	n/a	303.2	152.2	3.07	277.0
27.829	0.152	fixation	n/a	312.0	146.9	1095.0	n/a	n/a	n/a	n/a
27.983	0.026	saccade	n/a	313.7	148.5	n/a	415.0	151.0	4.08	298.0
28.011	0.204	fixation	n/a	405.2	152.1	1044.0	n/a	n/a	n/a	n/a
28.217	0.03	saccade	n/a	406.0	152.9	n/a	508.9	153.1	4.13	234.0
28.249	0.202	fixation	n/a	507.9	152.5	969.0	n/a	n/a	n/a	n/a
28.453	0.022	saccade	n/a	508.9	152.6	n/a	574.0	156.5	2.6	196.0
28.477	0.084	fixation	n/a	560.2	158.3	941.0	n/a	n/a	n/a	n/a
28.563	0.066	saccade	n/a	557.9	158.5	n/a	170.2	207.6	15.45	499.0
28.631	0.148	fixation	n/a	156.6	213.1	978.0	n/a	n/a	n/a	n/a
28.781	0.022	saccade	n/a	157.4	215.1	n/a	127.8	205.8	1.21	121.0
28.805	0.102	fixation	n/a	133.0	211.3	961.0	n/a	n/a	n/a	n/a
28.909	0.038	saccade	n/a	131.6	210.5	n/a	221.6	217.7	3.53	317.0
28.949	0.27	fixation	n/a	235.2	212.7	968.0	n/a	n/a	n/a	n/a
29.221	0.024	saccade	n/a	237.5	213.9	n/a	328.2	207.6	3.63	281.0
29.247	0.136	fixation	n/a	319.5	211.5	946.0	n/a	n/a	n/a	n/a
29.385	0.042	saccade	n/a	321.9	207.2	n/a	344.7	60.5	6.05	300.0
29.429	0.338	fixation	n/a	350.6	63.3	878.0	n/a	n/a	n/a	n/a
29.458	0.0	trigger_13	13	n/a	n/a	n/a	n/a	n/a	n/a	n/a
29.472	0.0	trigger_10	10	n/a	n/a	n/a	n/a	n/a	n/a	n/a
29.769	0.048	saccade	n/a	350.4	63.3	n/a	169.1	73.3	7.21	442.0
29.819	0.282	fixation	n/a	151.6	76.6	915.0	n/a	n/a	n/a	n/a
30.103	0.028	saccade	n/a	151.2	77.1	n/a	235.3	73.5	3.31	252.0
30.133	0.194	fixation	n/a	226.7	73.4	929.0	n/a	n/a	n/a	n/a
30.329	0.032	saccade	n/a	228.0	73.9	n/a	278.3	75.2	2.0	233.0
30.363	0.194	fixation	n/a	284.8	73.5	946.0	n/a	n/a	n/a	n/a
30.559	0.04	saccade	n/a	286.1	74.6	n/a	376.0	73.4	3.61	320.0
30.601	0.22	fixation	n/a	387.9	74.6	973.0	n/a	n/a	n/a	n/a
30.823	0.046	saccade	n/a	387.8	78.0	n/a	500.8	93.4	4.59	315.0
30.871	0.238	fixation	n/a	515.7	95.0	978.0	n/a	n/a	n/a	n/a
31.111	0.024	saccade	n/a	517.0	96.1	n/a	572.7	97.5	2.22	209.0
31.137	0.1	fixation	n/a	562.2	97.1	960.0	n/a	n/a	n/a	n/a
31.239	0.07	saccade	n/a	562.8	97.1	n/a	152.5	130.2	16.24	549.0
31.311	0.174	fixation	n/a	138.6	140.0	1044.0	n/a	n/a	n/a	n/a
31.487	0.042	saccade	n/a	136.7	141.0	n/a	154.9	69.6	2.96	226.0
31.531	0.21	fixation	n/a	145.8	69.3	1026.0	n/a	n/a	n/a	n/a
31.743	0.038	saccade	n/a	148.2	70.4	n/a	207.8	75.3	2.35	251.0
31.783	0.262	fixation	n/a	217.9	74.2	1036.0	n/a	n/a	n/a	n/a
32.047	0.03	saccade	n/a	219.2	78.2	n/a	254.8	87.9	1.47	192.0
32.079	0.154	fixation	n/a	259.8	85.7	1128.0	n/a	n/a	n/a	n/a
32.235	0.036	saccade	n/a	262.2	86.7	n/a	360.6	97.5	3.98	337.0
32.273	0.202	fixation	n/a	368.3	92.0	1099.0	n/a	n/a	n/a	n/a
32.477	0.034	saccade	n/a	370.2	90.1	n/a	437.0	94.9	2.7	268.0
32.513	0.204	fixation	n/a	445.5	89.0	989.0	n/a	n/a	n/a	n/a
32.682	0.0	trigger_11	11	n/a	n/a	n/a	n/a	n/a	n/a	n/a
32.69	0.0	trigger_10	10	n/a	n/a	n/a	n/a	n/a	n/a	n/a
32.719	0.024	saccade	n/a	446.9	86.2	n/a	514.7	85.3	2.72	208.0
32.745	0.226	fixation	n/a	505.6	83.9	902.0	n/a	n/a	n/a	n/a
32.973	0.02	saccade	n/a	508.3	82.3	n/a	533.7	85.2	1.02	107.0
32.995	0.05	fixation	n/a	527.8	83.9	867.0	n/a	n/a	n/a	n/a
33.047	0.054	saccade	n/a	528.5	83.3	n/a	171.3	120.6	14.23	526.0
33.103	0.188	fixation	n/a	166.9	126.1	931.0	n/a	n/a	n/a	n/a
33.293	0.034	saccade	n/a	164.5	128.0	n/a	134.1	133.1	1.21	207.0
33.329	0.15	fixation	n/a	119.7	139.4	976.0	n/a	n/a	n/a	n/a
33.481	0.038	saccade	n/a	118.4	139.2	n/a	198.3	145.6	3.14	323.0
33.521	0.136	fixation	n/a	209.5	142.7	1029.0	n/a	n/a	n/a	n/a
33.659	0.05	saccade	n/a	211.0	143.8	n/a	368.4	149.9	6.29	375.0
33.711	0.174	fixation	n/a	385.4	151.5	1058.0	n/a	n/a	n/a	n/a
33.887	0.028	saccade	n/a	384.0	152.4	n/a	363.2	148.8	0.85	153.0
33.917	0.076	fixation	n/a	359.1	152.8	1058.0	n/a	n/a	n/a	n/a
33.995	0.042	saccade	n/a	359.1	153.4	n/a	442.5	158.7	3.36	291.0
34.039	0.226	fixation	n/a	453.1	158.3	1015.0	n/a	n/a	n/a	n/a
34.267	0.034	saccade	n/a	453.7	157.2	n/a	516.8	159.7	2.53	259.0
34.303	0.19	fixation	n/a	526.9	158.5	961.0	n/a	n/a	n/a	n/a
34.495	0.028	saccade	n/a	530.4	160.2	n/a	621.3	157.9	3.61	239.0
34.525	0.116	fixation	n/a	615.8	154.6	885.0	n/a	n/a	n/a	n/a
34.643	0.046	saccade	n/a	618.5	151.3	n/a	441.3	103.9	7.32	455.0
34.691	0.168	fixation	n/a	420.1	98.7	876.0	n/a	n/a	n/a	n/a
34.861	0.052	saccade	n/a	418.6	95.5	n/a	190.3	78.9	9.12	449.0
34.915	0.264	fixation	n/a	175.3	81.7	904.0	n/a	n/a	n/a	n/a
35.181	0.034	saccade	n/a	174.5	81.1	n/a	264.2	78.4	3.56	288.0
35.196	0.0	trigger_11	11	n/a	n/a	n/a	n/a	n/a	n/a	n/a
35.206	0.0	trigger_10	10	n/a	n/a	n/a	n/a	n/a	n/a	n/a
35.217	0.234	fixation	n/a	269.7	73.3	919.0	n/a	n/a	n/a	n/a
35.453	0.046	saccade	n/a	268.6	76.3	n/a	415.8	78.9	5.91	362.0
35.501	0.228	fixation	n/a	429.7	78.9	938.0	n/a	n/a	n/a	n/a
35.731	0.032	saccade	n/a	431.4	79.4	n/a	483.6	88.3	2.13	228.0
35.765	0.218	fixation	n/a	490.0	86.8	928.0	n/a	n/a	n/a	n/a
35.985	0.026	saccade	n/a	493.7	87.6	n/a	575.6	91.9	3.27	233.0
36.013	0.128	fixation	n/a	565.7	91.7	884.0	n/a	n/a	n/a	n/a
36.143	0.058	saccade	n/a	566.6	91.1	n/a	294.1	124.7	10.94	497.0
36.203	0.108	fixation	n/a	276.8	130.2	939.0	n/a	n/a	n/a	n/a
36.313	0.042	saccade	n/a	274.8	129.5	n/a	163.3	129.3	4.42	383.0
36.357	0.256	fixation	n/a	145.4	134.0	943.0	n/a	n/a	n/a	n/a
36.615	0.032	saccade	n/a	146.4	135.3	n/a	204.3	142.2	2.29	259.0
36.649	0.3	fixation	n/a	213.5	141.1	950.0	n/a	n/a	n/a	n/a
36.951	0.022	saccade	n/a	211.9	137.1	n/a	177.2	86.4	2.46	184.0
36.975	0.112	fixation	n/a	185.0	94.0	911.0	n/a	n/a	n/a	n/a
37.089	0.036	saccade	n/a	185.7	94.3	n/a	258.7	81.4	2.94	273.0
37.127	0.264	fixation	n/a	268.7	77.3	885.0	n/a	n/a	n/a	n/a
37.393	0.042	saccade	n/a	270.5	76.3	n/a	176.6	76.0	3.73	326.0
37.437	0.26	fixation	n/a	159.1	79.0	933.0	n/a	n/a	n/a	n/a
37.699	0.026	saccade	n/a	159.9	78.3	n/a	251.8	70.1	3.65	232.0
37.727	0.118	fixation	n/a	242.1	70.7	913.0	n/a	n/a	n/a	n/a
37.847	0.054	saccade	n/a	244.8	69.8	n/a	445.6	72.8	8.03	414.0
37.903	0.164	fixation	n/a	463.4	74.9	845.0	n/a	n/a	n/a	n/a
38.069	0.036	saccade	n/a	465.9	75.8	n/a	552.8	84.8	3.5	309.0
38.107	0.128	fixation	n/a	564.5	83.9	820.0	n/a	n/a	n/a	n/a
38.237	0.022	saccade	n/a	567.0	84.0	n/a	633.0	88.1	2.61	209.0
38.261	0.19	fixation	n/a	619.3	88.4	796.0	n/a	n/a	n/a	n/a
38.453	0.062	saccade	n/a	619.3	86.7	n/a	190.5	125.0	16.95	518.0
38.517	0.138	fixation	n/a	184.5	127.0	833.0	n/a	n/a	n/a	n/a
38.657	0.03	saccade	n/a	181.6	128.3	n/a	151.3	130.1	1.19	152.0
38.689	0.172	fixation	n/a	145.9	133.6	842.0	n/a	n/a	n/a	n/a
38.863	0.036	saccade	n/a	145.8	134.1	n/a	228.6	136.2	3.26	302.0
38.901	0.192	fixation	n/a	241.1	131.9	827.0	n/a	n/a	n/a	n/a
39.095	0.026	saccade	n/a	242.0	132.0	n/a	353.8	142.0	4.5	327.0
39.123	0.258	fixation	n/a	344.9	140.1	821.0	n/a	n/a	n/a	n/a
39.383	0.03	saccade	n/a	347.1	141.2	n/a	387.8	144.7	1.64	202.0
39.415	0.146	fixation	n/a	393.0	139.9	783.0	n/a	n/a	n/a	n/a
39.563	0.034	saccade	n/a	393.8	141.2	n/a	472.3	145.9	3.16	286.0
39.599	0.218	fixation	n/a	478.4	142.1	748.0	n/a	n/a	n/a	n/a
39.819	0.022	saccade	n/a	481.1	142.6	n/a	539.1	138.8	2.33	185.0
39.843	0.188	fixation	n/a	533.8	142.0	709.0	n/a	n/a	n/a	n/a
40.033	0.06	saccade	n/a	531.9	142.1	n/a	133.9	188.4	15.81	485.0
40.095	0.188	fixation	n/a	131.4	189.8	743.0	n/a	n/a	n/a	n/a
40.285	0.034	saccade	n/a	130.4	190.5	n/a	195.8	198.4	2.58	262.0
40.321	0.226	fixation	n/a	204.6	199.4	769.0	n/a	n/a	n/a	n/a
40.549	0.034	saccade	n/a	205.7	201.8	n/a	279.7	215.1	2.99	275.0
40.585	0.186	fixation	n/a	289.0	213.3	822.0	n/a	n/a	n/a	n/a
40.773	0.042	saccade	n/a	290.0	214.8	n/a	396.5	220.2	4.27	334.0
40.817	0.262	fixation	n/a	409.0	216.0	787.0	n/a	n/a	n/a	n/a
40.97	0.0	trigger_11	11	n/a	n/a	n/a	n/a	n/a	n/a	n/a
40.98	0.0	trigger_10	10	n/a	n/a	n/a	n/a	n/a	n/a	n/a
41.081	0.028	saccade	n/a	410.0	217.3	n/a	508.6	215.2	3.95	282.0
41.111	0.296	fixation	n/a	500.6	213.6	748.0	n/a	n/a	n/a	n/a
41.409	0.024	saccade	n/a	499.8	213.3	n/a	574.5	206.1	2.98	228.0
41.435	0.132	fixation	n/a	563.6	210.4	733.0	n/a	n/a	n/a	n/a
41.569	0.06	saccade	n/a	565.7	209.2	n/a	156.4	235.6	16.15	490.0
41.631	0.328	fixation	n/a	148.7	268.0	764.0	n/a	n/a	n/a	n/a
41.961	0.022	saccade	n/a	148.9	271.2	n/a	223.6	260.1	2.96	228.0
41.985	0.144	fixation	n/a	217.3	267.8	785.0	n/a	n/a	n/a	n/a
42.131	0.034	saccade	n/a	218.6	270.3	n/a	289.1	278.0	2.81	281.0
42.167	0.206	fixation	n/a	298.1	273.0	756.0	n/a	n/a	n/a	n/a
42.375	0.036	saccade	n/a	300.1	270.7	n/a	391.1	275.6	3.64	306.0
42.413	0.258	fixation	n/a	400.7	272.2	694.0	n/a	n/a	n/a	n/a
42.673	0.024	saccade	n/a	401.3	274.0	n/a	480.2	271.0	3.15	229.0
42.699	0.142	fixation	n/a	473.1	271.4	659.0	n/a	n/a	n/a	n/a
42.843	0.02	saccade	n/a	474.7	269.8	n/a	489.1	208.1	2.56	196.0
42.865	0.308	fixation	n/a	498.6	190.4	631.0	n/a	n/a	n/a	n/a
43.175	0.048	saccade	n/a	498.1	187.9	n/a	218.8	105.9	11.61	448.0
43.225	0.026	fixation	n/a	218.9	101.0	659.0	n/a	n/a	n/a	n/a
43.253	0.016	saccade	n/a	210.6	94.0	n/a	183.9	69.7	1.44	104.0
43.271	0.172	fixation	n/a	183.5	70.5	658.0	n/a	n/a	n/a	n/a
43.445	0.018	saccade	n/a	179.8	68.3	n/a	159.4	63.7	0.82	79.0
43.465	0.09	fixation	n/a	165.3	66.3	649.0	n/a	n/a	n/a	n/a
43.557	0.026	saccade	n/a	166.4	67.3	n/a	259.3	62.7	3.68	247.0
43.585	0.266	fixation	n/a	254.7	67.5	676.0	n/a	n/a	n/a	n/a
43.853	0.036	saccade	n/a	257.3	68.4	n/a	400.9	68.4	5.76	336.0
43.891	0.162	fixation	n/a	400.6	67.2	726.0	n/a	n/a	n/a	n/a
44.055	0.024	saccade	n/a	402.7	68.2	n/a	478.6	70.5	3.06	224.0
44.081	0.138	fixation	n/a	472.2	72.9	744.0	n/a	n/a	n/a	n/a
44.221	0.022	saccade	n/a	473.3	73.1	n/a	539.2	79.6	2.65	206.0
44.245	0.09	fixation	n/a	525.4	80.1	734.0	n/a	n/a	n/a	n/a
44.337	0.066	saccade	n/a	525.6	79.7	n/a	169.1	130.4	14.27	468.0
44.405	0.254	fixation	n/a	152.8	134.2	768.0	n/a	n/a	n/a	n/a
44.661	0.036	saccade	n/a	151.5	133.9	n/a	233.5	138.3	3.23	278.0
44.699	0.182	fixation	n/a	241.2	134.0	748.0	n/a	n/a	n/a	n/a
44.883	0.034	saccade	n/a	242.4	134.3	n/a	316.5	134.6	2.96	291.0
44.919	0.18	fixation	n/a	328.6	130.0	738.0	n/a	n/a	n/a	n/a
45.101	0.028	saccade	n/a	333.0	129.8	n/a	432.7	130.7	4.01	265.0
45.131	0.176	fixation	n/a	428.8	132.0	699.0	n/a	n/a	n/a	n/a
45.309	0.03	saccade	n/a	430.7	132.8	n/a	552.3	138.0	4.88	291.0
45.341	0.156	fixation	n/a	555.7	138.5	661.0	n/a	n/a	n/a	n/a
45.499	0.022	saccade	n/a	556.5	138.6	n/a	515.6	136.8	1.63	148.0
45.523	0.08	fixation	n/a	523.5	139.9	654.0	n/a	n/a	n/a	n/a
45.605	0.028	saccade	n/a	521.2	139.8	n/a	628.7	137.0	4.26	262.0
45.635	0.128	fixation	n/a	631.0	138.6	643.0	n/a	n/a	n/a	n/a
45.765	0.024	saccade	n/a	632.2	138.9	n/a	705.0	143.8	2.83	220.0
45.791	0.098	fixation	n/a	694.5	142.1	660.0	n/a	n/a	n/a	n/a
45.891	0.064	saccade	n/a	696.2	143.6	n/a	225.5	169.0	18.45	492.0
45.957	0.248	fixation	n/a	188.9	189.9	711.0	n/a	n/a	n/a	n/a
46.207	0.012	saccade	n/a	181.4	194.1	n/a	163.4	196.7	0.71	64.0
46.221	0.106	fixation	n/a	165.6	196.1	709.0	n/a	n/a	n/a	n/a
46.329	0.026	saccade	n/a	166.8	195.6	n/a	266.2	199.0	3.93	269.0
46.357	0.2	fixation	n/a	257.7	199.4	711.0	n/a	n/a	n/a	n/a
46.559	0.024	saccade	n/a	260.4	196.9	n/a	324.1	205.5	2.57	187.0
46.585	0.122	fixation	n/a	317.0	205.1	690.0	n/a	n/a	n/a	n/a
46.709	0.026	saccade	n/a	317.4	204.2	n/a	410.5	203.6	3.73	258.0
46.737	0.2	fixation	n/a	409.4	206.8	668.0	n/a	n/a	n/a	n/a
46.939	0.024	saccade	n/a	413.2	208.2	n/a	503.9	212.0	3.64	266.0
46.965	0.23	fixation	n/a	503.1	212.2	634.0	n/a	n/a	n/a	n/a
47.197	0.032	saccade	n/a	506.0	209.8	n/a	594.0	201.8	3.51	186.0
47.231	0.164	fixation	n/a	588.2	201.6	585.0	n/a	n/a	n/a	n/a
47.397	0.016	saccade	n/a	591.5	199.1	n/a	620.1	198.0	1.13	94.0
47.415	0.062	fixation	n/a	611.9	200.0	564.0	n/a	n/a	n/a	n/a
47.479	0.06	saccade	n/a	608.5	200.9	n/a	204.9	240.5	15.97	477.0
47.541	0.134	fixation	n/a	197.2	242.4	607.0	n/a	n/a	n/a	n/a
47.677	0.032	saccade	n/a	195.0	244.7	n/a	142.5	252.6	2.07	210.0
47.711	0.208	fixation	n/a	135.1	260.5	652.0	n/a	n/a	n/a	n/a
47.921	0.036	saccade	n/a	133.6	264.1	n/a	229.4	268.9	3.75	278.0
47.959	0.17	fixation	n/a	237.9	265.1	706.0	n/a	n/a	n/a	n/a
48.131	0.026	saccade	n/a	238.7	262.1	n/a	339.4	266.1	4.01	265.0
48.159	0.194	fixation	n/a	336.3	270.8	711.0	n/a	n/a	n/a	n/a
48.355	0.024	saccade	n/a	337.1	268.9	n/a	422.4	267.7	3.41	223.0
48.381	0.174	fixation	n/a	422.1	271.8	701.0	n/a	n/a	n/a	n/a
48.557	0.026	saccade	n/a	425.4	269.6	n/a	511.2	271.3	3.43	238.0
48.585	0.178	fixation	n/a	501.7	269.7	664.0	n/a	n/a	n/a	n/a
48.765	0.024	saccade	n/a	503.2	269.8	n/a	560.1	269.3	2.26	163.0
48.791	0.14	fixation	n/a	552.4	269.8	637.0	n/a	n/a	n/a	n/a
48.933	0.018	saccade	n/a	555.1	269.2	n/a	590.9	271.2	1.41	123.0
48.953	0.076	fixation	n/a	582.6	272.2	618.0	n/a	n/a	n/a	n/a
49.031	0.058	saccade	n/a	583.3	271.4	n/a	182.3	328.6	15.86	530.0
49.091	0.128	fixation	n/a	178.1	329.9	639.0	n/a	n/a	n/a	n/a
49.221	0.02	saccade	n/a	172.5	329.2	n/a	142.7	325.4	1.16	120.0
49.243	0.144	fixation	n/a	150.1	329.5	641.0	n/a	n/a	n/a	n/a
49.389	0.034	saccade	n/a	150.7	328.8	n/a	224.7	329.9	2.88	267.0
49.425	0.202	fixation	n/a	237.4	325.1	633.0	n/a	n/a	n/a	n/a
49.596	0.0	trigger_11	11	n/a	n/a	n/a	n/a	n/a	n/a	n/a
49.614	0.0	trigger_10	10	n/a	n/a	n/a	n/a	n/a	n/a	n/a
49.629	0.026	saccade	n/a	244.0	325.2	n/a	363.1	321.9	4.72	307.0
49.657	0.244	fixation	n/a	378.8	330.3	619.0	n/a	n/a	n/a	n/a
49.903	0.022	saccade	n/a	383.9	333.2	n/a	463.2	326.5	3.16	223.0
49.927	0.166	fixation	n/a	463.4	328.6	606.0	n/a	n/a	n/a	n/a
50.095	0.024	saccade	n/a	466.0	329.0	n/a	528.9	324.3	2.5	198.0
50.121	0.172	fixation	n/a	524.2	325.2	574.0	n/a	n/a	n/a	n/a
50.295	0.022	saccade	n/a	527.8	324.9	n/a	582.6	324.0	2.16	166.0
50.319	0.142	fixation	n/a	577.9	327.4	563.0	n/a	n/a	n/a	n/a
50.463	0.022	saccade	n/a	579.7	327.7	n/a	635.5	332.3	2.18	149.0
50.487	0.072	fixation	n/a	633.4	334.3	552.0	n/a	n/a	n/a	n/a
50.561	0.068	saccade	n/a	635.6	337.8	n/a	192.4	369.8	17.22	405.0
50.631	0.168	fixation	n/a	189.2	371.7	589.0	n/a	n/a	n/a	n/a
50.801	0.02	saccade	n/a	188.9	371.4	n/a	145.6	381.5	1.71	142.0
50.823	0.156	fixation	n/a	153.5	384.5	600.0	n/a	n/a	n/a	n/a
50.981	0.038	saccade	n/a	154.6	384.4	n/a	239.4	390.4	3.3	269.0
51.021	0.322	fixation	n/a	250.0	391.5	610.0	n/a	n/a	n/a	n/a
51.345	0.018	saccade	n/a	251.7	393.6	n/a	297.1	388.3	1.79	137.0
51.365	0.088	fixation	n/a	290.9	389.4	602.0	n/a	n/a	n/a	n/a
51.455	0.04	saccade	n/a	293.0	387.0	n/a	252.0	187.0	8.13	292.0
51.497	0.332	fixation	n/a	258.8	151.3	589.0	n/a	n/a	n/a	n/a
51.831	0.028	saccade	n/a	259.7	149.3	n/a	166.5	96.4	4.26	273.0
51.861	0.08	fixation	n/a	169.5	91.7	638.0	n/a	n/a	n/a	n/a
51.943	0.016	saccade	n/a	164.8	86.7	n/a	152.7	59.9	1.18	89.0
51.961	0.076	fixation	n/a	159.4	65.8	670.0	n/a	n/a	n/a	n/a
52.039	0.276	saccade	n/a	159.5	71.4	n/a	200.5	100.2	1.99	603.0
52.075	0.198	blink	n/a	n/a	n/a	n/a	n/a	n/a	n/a	n/a
52.132	0.0	trigger_11	11	n/a	n/a	n/a	n/a	n/a	n/a	n/a
52.14	0.0	trigger_12	12	n/a	n/a	n/a	n/a	n/a	n/a	n/a
52.317	0.208	fixation	n/a	212.9	78.8	735.0	n/a	n/a	n/a	n/a
52.527	0.032	saccade	n/a	213.9	76.3	n/a	349.5	67.0	5.43	314.0
52.561	0.242	fixation	n/a	351.3	66.2	778.0	n/a	n/a	n/a	n/a
52.805	0.036	saccade	n/a	353.3	66.3	n/a	428.0	71.5	3.01	281.0
52.843	0.18	fixation	n/a	436.8	70.9	759.0	n/a	n/a	n/a	n/a
53.025	0.026	saccade	n/a	435.9	72.1	n/a	518.1	73.7	3.3	236.0
53.053	0.23	fixation	n/a	510.0	74.7	723.0	n/a	n/a	n/a	n/a
53.285	0.032	saccade	n/a	511.3	75.3	n/a	555.1	81.3	1.77	203.0
53.319	0.152	fixation	n/a	560.6	81.1	708.0	n/a	n/a	n/a	n/a
53.473	0.072	saccade	n/a	561.7	82.1	n/a	170.2	122.8	15.56	510.0
53.547	0.252	fixation	n/a	152.9	129.8	793.0	n/a	n/a	n/a	n/a
53.801	0.028	saccade	n/a	152.1	131.2	n/a	254.7	134.3	4.05	305.0
53.831	0.172	fixation	n/a	247.7	133.1	834.0	n/a	n/a	n/a	n/a
53.908	0.0	trigger_13	13	n/a	n/a	n/a	n/a	n/a	n/a	n/a
53.924	0.0	trigger_10	10	n/a	n/a	n/a	n/a	n/a	n/a	n/a
54.005	0.03	saccade	n/a	249.2	132.1	n/a	189.9	69.4	3.46	248.0
54.037	0.328	fixation	n/a	188.1	80.1	873.0	n/a	n/a	n/a	n/a
54.367	0.02	saccade	n/a	185.6	79.7	n/a	146.2	69.0	1.6	122.0
54.389	0.15	fixation	n/a	156.3	71.2	888.0	n/a	n/a	n/a	n/a
54.541	0.034	saccade	n/a	157.7	70.4	n/a	285.9	65.6	5.08	300.0
54.577	0.232	fixation	n/a	280.9	64.3	872.0	n/a	n/a	n/a	n/a
54.811	0.028	saccade	n/a	282.6	67.4	n/a	400.6	64.2	4.74	324.0
54.841	0.184	fixation	n/a	393.2	61.4	873.0	n/a	n/a	n/a	n/a
55.027	0.026	saccade	n/a	396.1	62.2	n/a	498.7	73.2	4.15	304.0
55.055	0.202	fixation	n/a	490.5	76.1	897.0	n/a	n/a	n/a	n/a
55.259	0.026	saccade	n/a	491.8	78.4	n/a	571.5	87.7	3.2	233.0
55.287	0.1	fixation	n/a	561.2	86.6	902.0	n/a	n/a	n/a	n/a
55.389	0.024	saccade	n/a	564.0	86.6	n/a	631.0	96.5	2.67	183.0
55.415	0.108	fixation	n/a	621.6	98.9	878.0	n/a	n/a	n/a	n/a
55.525	0.064	saccade	n/a	622.6	98.0	n/a	197.1	117.9	16.8	537.0
55.591	0.054	fixation	n/a	193.7	117.9	931.0	n/a	n/a	n/a	n/a
55.647	0.026	saccade	n/a	188.1	119.6	n/a	87.3	128.2	3.94	257.0
55.675	0.18	fixation	n/a	90.1	136.5	938.0	n/a	n/a	n/a	n/a
55.857	0.026	saccade	n/a	86.8	135.6	n/a	95.7	67.8	2.73	172.0
55.885	0.292	fixation	n/a	100.8	69.8	941.0	n/a	n/a	n/a	n/a
56.179	0.022	saccade	n/a	102.9	68.0	n/a	169.1	57.3	2.61	208.0
56.203	0.192	fixation	n/a	156.3	62.5	940.0	n/a	n/a	n/a	n/a
56.397	0.036	saccade	n/a	156.8	64.8	n/a	225.0	72.4	2.71	245.0
56.435	0.212	fixation	n/a	232.6	69.4	928.0	n/a	n/a	n/a	n/a
56.649	0.028	saccade	n/a	233.9	71.9	n/a	321.3	69.9	3.49	223.0
56.679	0.156	fixation	n/a	313.4	69.4	902.0	n/a	n/a	n/a	n/a
56.837	0.026	saccade	n/a	316.8	70.1	n/a	413.1	66.8	3.88	290.0
56.865	0.214	fixation	n/a	401.6	68.1	851.0	n/a	n/a	n/a	n/a
57.081	0.026	saccade	n/a	401.8	70.4	n/a	493.2	80.5	3.7	266.0
57.109	0.15	fixation	n/a	480.5	79.1	821.0	n/a	n/a	n/a	n/a
57.261	0.024	saccade	n/a	480.3	79.6	n/a	568.6	83.2	3.53	243.0
57.287	0.174	fixation	n/a	567.4	85.5	807.0	n/a	n/a	n/a	n/a
57.463	0.018	saccade	n/a	569.5	86.0	n/a	610.3	85.3	1.61	118.0
57.483	0.122	fixation	n/a	601.3	84.9	798.0	n/a	n/a	n/a	n/a
57.607	0.06	saccade	n/a	595.5	83.6	n/a	174.3	126.4	16.71	513.0
57.669	0.156	fixation	n/a	165.6	131.3	862.0	n/a	n/a	n/a	n/a
57.827	0.022	saccade	n/a	161.5	132.5	n/a	132.7	134.9	1.13	108.0
57.851	0.094	fixation	n/a	138.2	136.8	864.0	n/a	n/a	n/a	n/a
57.947	0.038	saccade	n/a	138.1	137.8	n/a	227.6	138.3	3.52	274.0
57.987	0.17	fixation	n/a	237.6	135.9	847.0	n/a	n/a	n/a	n/a
58.159	0.026	saccade	n/a	238.6	135.9	n/a	338.4	131.5	4.0	283.0
58.187	0.154	fixation	n/a	333.7	133.8	810.0	n/a	n/a	n/a	n/a
58.268	0.0	trigger_11	11	n/a	n/a	n/a	n/a	n/a	n/a	n/a
58.284	0.0	trigger_10	10	n/a	n/a	n/a	n/a	n/a	n/a	n/a
58.343	0.026	saccade	n/a	338.4	134.2	n/a	435.5	141.7	3.92	293.0
58.371	0.204	fixation	n/a	425.3	144.7	772.0	n/a	n/a	n/a	n/a
58.577	0.026	saccade	n/a	428.7	146.3	n/a	517.7	145.3	3.57	247.0
58.605	0.342	fixation	n/a	514.3	144.3	694.0	n/a	n/a	n/a	n/a
58.949	0.02	saccade	n/a	518.3	142.9	n/a	565.5	139.5	1.89	147.0
58.971	0.212	fixation	n/a	559.1	141.4	643.0	n/a	n/a	n/a	n/a
59.185	0.066	saccade	n/a	558.7	141.5	n/a	152.7	197.7	16.18	437.0
59.253	0.218	fixation	n/a	149.6	199.5	674.0	n/a	n/a	n/a	n/a
59.473	0.028	saccade	n/a	149.1	200.3	n/a	253.9	199.1	4.13	282.0
59.503	0.216	fixation	n/a	248.6	202.2	675.0	n/a	n/a	n/a	n/a
59.721	0.028	saccade	n/a	249.3	205.4	n/a	344.8	207.5	3.81	265.0
59.751	0.162	fixation	n/a	339.4	210.7	688.0	n/a	n/a	n/a	n/a
59.915	0.03	saccade	n/a	340.8	212.2	n/a	462.7	212.1	4.9	346.0
59.947	0.224	fixation	n/a	458.3	213.9	692.0	n/a	n/a	n/a	n/a
60.173	0.026	saccade	n/a	458.9	210.6	n/a	392.1	109.2	4.93	350.0
60.201	0.262	fixation	n/a	397.8	106.7	654.0	n/a	n/a	n/a	n/a
60.465	0.046	saccade	n/a	395.2	107.2	n/a	162.2	74.9	9.36	407.0
60.513	0.258	fixation	n/a	161.1	70.8	678.0	n/a	n/a	n/a	n/a
60.773	0.024	saccade	n/a	160.8	71.5	n/a	230.8	61.4	2.79	212.0
60.799	0.25	fixation	n/a	225.7	68.7	672.0	n/a	n/a	n/a	n/a
61.051	0.022	saccade	n/a	228.3	71.8	n/a	279.4	70.5	2.04	143.0
61.075	0.136	fixation	n/a	270.5	72.5	684.0	n/a	n/a	n/a	n/a
61.213	0.03	saccade	n/a	271.0	71.8	n/a	366.0	70.3	3.82	212.0
61.245	0.25	fixation	n/a	361.9	70.4	694.0	n/a	n/a	n/a	n/a
61.497	0.022	saccade	n/a	363.3	72.7	n/a	417.1	69.4	2.17	174.0
61.521	0.206	fixation	n/a	407.0	71.8	715.0	n/a	n/a	n/a	n/a
61.729	0.028	saccade	n/a	406.9	71.0	n/a	503.1	75.6	3.87	287.0
61.759	0.276	fixation	n/a	494.4	75.0	722.0	n/a	n/a	n/a	n/a
62.037	0.026	saccade	n/a	494.5	79.3	n/a	565.4	88.5	2.86	213.0
62.065	0.136	fixation	n/a	555.0	88.9	751.0	n/a	n/a	n/a	n/a
62.203	0.068	saccade	n/a	553.8	89.6	n/a	185.1	134.9	14.72	532.0
62.273	0.136	fixation	n/a	167.6	139.0	842.0	n/a	n/a	n/a	n/a
62.411	0.032	saccade	n/a	165.4	139.6	n/a	135.3	130.7	1.23	179.0
62.445	0.232	fixation	n/a	124.2	136.2	904.0	n/a	n/a	n/a	n/a
62.679	0.026	saccade	n/a	122.6	135.2	n/a	222.0	138.3	3.9	289.0
62.707	0.276	fixation	n/a	210.6	137.0	930.0	n/a	n/a	n/a	n/a
62.985	0.024	saccade	n/a	210.9	138.2	n/a	292.3	144.2	3.25	247.0
63.011	0.208	fixation	n/a	285.5	147.0	951.0	n/a	n/a	n/a	n/a
63.221	0.026	saccade	n/a	288.7	148.7	n/a	386.8	153.9	3.95	293.0
63.249	0.244	fixation	n/a	377.2	152.1	970.0	n/a	n/a	n/a	n/a
63.495	0.034	saccade	n/a	377.1	150.6	n/a	439.8	150.7	2.53	258.0
63.531	0.374	fixation	n/a	449.7	147.4	919.0	n/a	n/a	n/a	n/a
63.907	0.028	saccade	n/a	451.9	145.5	n/a	554.2	145.3	4.09	283.0
63.937	0.148	fixation	n/a	549.8	147.3	842.0	n/a	n/a	n/a	n/a
64.087	0.022	saccade	n/a	552.1	147.9	n/a	616.9	140.8	2.58	182.0
64.111	0.1	fixation	n/a	607.6	142.9	808.0	n/a	n/a	n/a	n/a
64.213	0.06	saccade	n/a	608.9	144.2	n/a	257.2	176.7	13.99	466.0
64.275	0.128	fixation	n/a	255.7	179.5	847.0	n/a	n/a	n/a	n/a
64.405	0.04	saccade	n/a	253.7	179.9	n/a	164.1	192.3	3.58	335.0
64.447	0.268	fixation	n/a	148.0	195.8	852.0	n/a	n/a	n/a	n/a
64.717	0.02	saccade	n/a	150.3	197.8	n/a	189.2	204.7	1.55	150.0
64.739	0.32	fixation	n/a	183.8	206.3	865.0	n/a	n/a	n/a	n/a
65.061	0.036	saccade	n/a	184.4	208.4	n/a	251.5	219.1	2.69	293.0
65.099	0.286	fixation	n/a	261.8	214.6	898.0	n/a	n/a	n/a	n/a
65.387	0.056	saccade	n/a	260.6	220.0	n/a	376.8	510.5	12.23	364.0
65.445	0.216	fixation	n/a	369.2	518.3	874.0	n/a	n/a	n/a	n/a
65.663	0.032	saccade	n/a	370.2	523.1	n/a	432.4	524.9	2.4	249.0
65.697	0.164	fixation	n/a	441.1	522.9	806.0	n/a	n/a	n/a	n/a
65.863	0.024	saccade	n/a	444.1	524.7	n/a	516.1	523.2	2.78	209.0
65.889	0.242	fixation	n/a	506.9	524.4	690.0	n/a	n/a	n/a	n/a
66.133	0.04	saccade	n/a	506.5	522.7	n/a	376.6	511.8	5.03	398.0
66.175	0.042	fixation	n/a	359.4	512.5	677.0	n/a	n/a	n/a	n/a
66.219	0.088	saccade	n/a	357.6	508.6	n/a	373.0	214.9	11.51	264.0
66.309	0.252	fixation	n/a	392.7	165.2	757.0	n/a	n/a	n/a	n/a
66.563	0.038	saccade	n/a	395.1	163.9	n/a	321.5	141.1	3.1	357.0
66.603	0.388	fixation	n/a	307.5	143.7	934.0	n/a	n/a	n/a	n/a
66.993	0.036	saccade	n/a	308.1	146.6	n/a	373.3	150.8	2.63	311.0
67.031	0.176	fixation	n/a	385.5	148.2	1004.0	n/a	n/a	n/a	n/a
67.209	0.052	saccade	n/a	386.3	148.3	n/a	215.5	136.3	6.85	406.0
67.263	0.356	fixation	n/a	198.0	138.4	1027.0	n/a	n/a	n/a	n/a
67.621	0.044	saccade	n/a	198.9	138.1	n/a	420.0	88.9	9.05	394.0
67.667	0.262	fixation	n/a	422.4	88.5	1024.0	n/a	n/a	n/a	n/a
67.931	0.036	saccade	n/a	423.2	96.8	n/a	432.9	137.7	1.71	190.0
67.969	0.262	fixation	n/a	434.9	150.9	1053.0	n/a	n/a	n/a	n/a
68.233	0.03	saccade	n/a	433.8	152.5	n/a	477.5	104.8	2.62	225.0
68.265	0.306	fixation	n/a	472.8	104.9	1047.0	n/a	n/a	n/a	n/a
68.573	0.034	saccade	n/a	473.0	105.4	n/a	429.9	121.8	1.86	247.0
68.609	0.148	fixation	n/a	420.1	123.9	1056.0	n/a	n/a	n/a	n/a
68.759	0.026	saccade	n/a	421.0	126.6	n/a	468.5	157.1	2.28	205.0
68.787	0.264	fixation	n/a	462.7	151.2	1090.0	n/a	n/a	n/a	n/a
69.053	0.07	saccade	n/a	464.3	154.3	n/a	370.3	541.5	15.54	338.0
69.125	0.278	fixation	n/a	363.1	544.7	1056.0	n/a	n/a	n/a	n/a
69.405	0.024	saccade	n/a	362.2	546.9	n/a	430.5	525.1	2.76	217.0
69.431	0.128	fixation	n/a	420.0	524.7	897.0	n/a	n/a	n/a	n/a
69.561	0.034	saccade	n/a	422.4	523.0	n/a	486.3	521.0	2.46	238.0
69.597	0.286	fixation	n/a	493.5	521.5	780.0	n/a	n/a	n/a	n/a
69.885	0.032	saccade	n/a	494.6	520.9	n/a	433.1	520.7	2.37	251.0
69.919	0.056	fixation	n/a	425.6	519.8	753.0	n/a	n/a	n/a	n/a
69.977	0.07	saccade	n/a	424.4	517.8	n/a	399.4	258.4	10.16	320.0
70.049	0.386	fixation	n/a	395.7	168.2	839.0	n/a	n/a	n/a	n/a
70.437	0.032	saccade	n/a	393.5	163.6	n/a	456.8	157.1	2.56	267.0
70.471	0.236	fixation	n/a	458.4	152.3	977.0	n/a	n/a	n/a	n/a
70.709	0.034	saccade	n/a	458.0	153.5	n/a	515.7	154.0	2.31	235.0
70.745	0.208	fixation	n/a	522.9	151.4	982.0	n/a	n/a	n/a	n/a
70.782	0.0	trigger_11	11	n/a	n/a	n/a	n/a	n/a	n/a	n/a
70.796	0.0	trigger_10	10	n/a	n/a	n/a	n/a	n/a	n/a	n/a
70.955	0.024	saccade	n/a	524.1	152.8	n/a	597.4	155.6	2.92	229.0
70.981	0.11	fixation	n/a	584.2	155.7	960.0	n/a	n/a	n/a	n/a
71.093	0.056	saccade	n/a	582.8	156.4	n/a	206.6	207.3	15.04	537.0
71.151	0.152	fixation	n/a	203.6	209.9	1070.0	n/a	n/a	n/a	n/a
71.305	0.032	saccade	n/a	199.5	210.1	n/a	163.9	193.7	1.55	206.0
71.339	0.346	fixation	n/a	153.1	201.2	1119.0	n/a	n/a	n/a	n/a
71.687	0.026	saccade	n/a	153.3	200.5	n/a	258.6	204.0	4.16	304.0
71.715	0.144	fixation	n/a	247.7	203.6	1100.0	n/a	n/a	n/a	n/a
71.861	0.026	saccade	n/a	247.9	199.7	n/a	201.2	113.6	3.95	270.0
71.889	0.202	fixation	n/a	210.0	98.1	1054.0	n/a	n/a	n/a	n/a
72.093	0.024	saccade	n/a	211.1	85.7	n/a	266.7	72.8	2.27	159.0
72.119	0.13	fixation	n/a	260.3	76.4	1037.0	n/a	n/a	n/a	n/a
72.251	0.026	saccade	n/a	261.6	76.2	n/a	377.2	69.4	4.64	315.0
72.279	0.244	fixation	n/a	370.6	73.9	1038.0	n/a	n/a	n/a	n/a
72.525	0.034	saccade	n/a	371.8	76.5	n/a	480.9	93.8	4.45	295.0
72.561	0.274	fixation	n/a	477.9	89.3	1035.0	n/a	n/a	n/a	n/a
72.837	0.02	saccade	n/a	480.8	90.2	n/a	516.9	96.4	1.47	134.0
72.859	0.162	fixation	n/a	507.8	94.1	994.0	n/a	n/a	n/a	n/a
73.023	0.056	saccade	n/a	506.6	93.6	n/a	283.8	71.5	8.96	475.0
73.081	0.124	fixation	n/a	263.8	73.6	978.0	n/a	n/a	n/a	n/a
73.207	0.036	saccade	n/a	262.5	72.5	n/a	192.0	65.5	2.81	300.0
73.245	0.254	fixation	n/a	179.2	69.5	973.0	n/a	n/a	n/a	n/a
73.501	0.032	saccade	n/a	180.1	71.4	n/a	269.4	69.9	3.54	303.0
73.535	0.36	fixation	n/a	275.9	67.1	1043.0	n/a	n/a	n/a	n/a
73.897	0.034	saccade	n/a	277.9	72.0	n/a	343.0	79.8	2.63	246.0
73.933	0.084	fixation	n/a	348.5	76.3	1108.0	n/a	n/a	n/a	n/a
73.95	0.0	trigger_11	11	n/a	n/a	n/a	n/a	n/a	n/a	n/a
73.964	0.0	trigger_10	10	n/a	n/a	n/a	n/a	n/a	n/a	n/a
74.019	0.182	saccade	n/a	353.1	91.2	n/a	368.6	116.3	1.2	1018.0
74.043	0.11	blink	n/a	n/a	n/a	n/a	n/a	n/a	n/a	n/a
74.203	0.334	fixation	n/a	367.4	85.6	1133.0	n/a	n/a	n/a	n/a
74.539	0.026	saccade	n/a	364.5	89.2	n/a	460.2	96.7	3.86	256.0
74.567	0.138	fixation	n/a	453.1	94.3	1038.0	n/a	n/a	n/a	n/a
74.707	0.036	saccade	n/a	454.3	91.9	n/a	399.6	79.1	2.26	275.0
74.745	0.186	fixation	n/a	385.0	83.0	1021.0	n/a	n/a	n/a	n/a
74.933	0.034	saccade	n/a	386.8	81.9	n/a	444.7	92.1	2.37	266.0
74.969	0.286	fixation	n/a	456.3	92.6	1053.0	n/a	n/a	n/a	n/a
75.257	0.08	saccade	n/a	458.5	100.9	n/a	528.1	554.1	17.81	434.0
75.339	0.09	fixation	n/a	526.6	571.1	1078.0	n/a	n/a	n/a	n/a
75.431	0.032	saccade	n/a	524.5	569.1	n/a	507.7	541.7	1.2	181.0
75.465	0.144	fixation	n/a	503.7	539.1	1022.0	n/a	n/a	n/a	n/a
75.611	0.038	saccade	n/a	506.8	534.6	n/a	422.2	525.2	3.27	331.0
75.651	0.136	fixation	n/a	409.7	521.2	845.0	n/a	n/a	n/a	n/a
75.789	0.108	saccade	n/a	409.9	516.3	n/a	409.6	119.8	15.55	378.0
75.899	0.274	fixation	n/a	409.5	72.3	753.0	n/a	n/a	n/a	n/a
76.175	0.042	saccade	n/a	408.3	72.2	n/a	170.2	74.3	9.47	486.0
76.219	0.404	fixation	n/a	160.5	77.7	897.0	n/a	n/a	n/a	n/a
76.625	0.034	saccade	n/a	158.4	78.6	n/a	242.4	74.5	3.32	309.0
76.661	0.18	fixation	n/a	254.9	72.4	1031.0	n/a	n/a	n/a	n/a
76.843	0.034	saccade	n/a	258.2	74.7	n/a	323.1	80.5	2.61	250.0
76.879	0.166	fixation	n/a	330.4	76.0	1025.0	n/a	n/a	n/a	n/a
77.047	0.036	saccade	n/a	333.5	76.3	n/a	414.4	79.8	3.26	301.0
77.085	0.118	fixation	n/a	420.3	73.9	1010.0	n/a	n/a	n/a	n/a
77.205	0.044	saccade	n/a	421.0	73.1	n/a	553.0	91.0	5.34	340.0
77.251	0.178	fixation	n/a	563.5	88.4	962.0	n/a	n/a	n/a	n/a
77.431	0.024	saccade	n/a	563.9	88.3	n/a	632.5	88.5	2.71	205.0
77.457	0.148	fixation	n/a	619.6	88.7	914.0	n/a	n/a	n/a	n/a
77.607	0.074	saccade	n/a	619.5	88.9	n/a	195.1	131.7	16.83	554.0
77.683	0.144	fixation	n/a	182.4	137.0	956.0	n/a	n/a	n/a	n/a
77.814	0.0	trigger_11	11	n/a	n/a	n/a	n/a	n/a	n/a	n/a
77.824	0.0	trigger_12	12	n/a	n/a	n/a	n/a	n/a	n/a	n/a
77.829	0.03	saccade	n/a	181.5	138.0	n/a	149.0	126.3	1.36	173.0
77.861	0.148	fixation	n/a	143.3	130.4	942.0	n/a	n/a	n/a	n/a
78.011	0.036	saccade	n/a	142.3	131.0	n/a	226.9	141.2	3.36	336.0
78.049	0.186	fixation	n/a	240.2	138.4	978.0	n/a	n/a	n/a	n/a
78.237	0.038	saccade	n/a	242.9	139.9	n/a	312.8	146.7	2.81	274.0
78.277	0.19	fixation	n/a	322.8	146.0	966.0	n/a	n/a	n/a	n/a
78.469	0.048	saccade	n/a	325.9	146.6	n/a	484.1	157.3	6.37	383.0
78.519	0.184	fixation	n/a	500.0	156.7	862.0	n/a	n/a	n/a	n/a
78.705	0.034	saccade	n/a	501.6	154.8	n/a	552.9	156.7	2.05	230.0
78.741	0.148	fixation	n/a	560.1	151.4	797.0	n/a	n/a	n/a	n/a
78.891	0.026	saccade	n/a	561.8	151.0	n/a	639.4	142.9	3.08	220.0
78.919	0.086	fixation	n/a	630.2	145.1	758.0	n/a	n/a	n/a	n/a
79.007	0.07	saccade	n/a	630.8	145.3	n/a	206.9	192.5	16.8	523.0
79.054	0.0	trigger_13	13	n/a	n/a	n/a	n/a	n/a	n/a	n/a
79.066	0.0	trigger_10	10	n/a	n/a	n/a	n/a	n/a	n/a	n/a
79.079	0.142	fixation	n/a	190.1	194.8	800.0	n/a	n/a	n/a	n/a
79.223	0.034	saccade	n/a	186.2	194.0	n/a	144.4	189.3	1.65	212.0
79.259	0.208	fixation	n/a	133.1	194.1	800.0	n/a	n/a	n/a	n/a
79.469	0.026	saccade	n/a	134.1	198.0	n/a	246.2	204.9	4.41	326.0
79.497	0.118	fixation	n/a	240.7	207.2	841.0	n/a	n/a	n/a	n/a
79.617	0.026	saccade	n/a	242.3	198.8	n/a	190.5	97.6	4.58	306.0
79.645	0.368	fixation	n/a	207.1	90.8	814.0	n/a	n/a	n/a	n/a
80.015	0.032	saccade	n/a	207.9	87.8	n/a	161.2	69.2	1.99	240.0
80.049	0.154	fixation	n/a	152.7	73.3	843.0	n/a	n/a	n/a	n/a
80.205	0.034	saccade	n/a	150.7	73.9	n/a	243.3	70.5	3.66	301.0
80.241	0.206	fixation	n/a	250.4	67.8	856.0	n/a	n/a	n/a	n/a
80.449	0.02	saccade	n/a	252.3	69.0	n/a	313.9	64.4	2.47	198.0
80.471	0.144	fixation	n/a	302.7	66.9	873.0	n/a	n/a	n/a	n/a
80.617	0.05	saccade	n/a	303.6	67.5	n/a	446.4	76.5	5.75	378.0
80.669	0.216	fixation	n/a	461.0	78.2	845.0	n/a	n/a	n/a	n/a
80.887	0.032	saccade	n/a	462.8	79.3	n/a	513.1	85.4	2.03	215.0
80.921	0.066	fixation	n/a	516.8	82.0	845.0	n/a	n/a	n/a	n/a
80.989	0.05	saccade	n/a	518.0	82.0	n/a	345.1	58.2	7.0	421.0
81.041	0.212	fixation	n/a	324.9	62.0	900.0	n/a	n/a	n/a	n/a
81.255	0.048	saccade	n/a	323.1	62.8	n/a	178.9	72.4	5.75	424.0
81.305	0.168	fixation	n/a	160.7	76.0	924.0	n/a	n/a	n/a	n/a
81.475	0.034	saccade	n/a	159.4	76.4	n/a	225.9	76.3	2.62	253.0
81.511	0.144	fixation	n/a	232.0	71.3	895.0	n/a	n/a	n/a	n/a
81.657	0.054	saccade	n/a	233.5	72.3	n/a	432.0	73.5	7.94	401.0
81.713	0.106	fixation	n/a	449.2	74.5	860.0	n/a	n/a	n/a	n/a
81.821	0.036	saccade	n/a	450.5	75.4	n/a	525.3	83.3	3.02	316.0
81.859	0.196	fixation	n/a	536.6	82.1	814.0	n/a	n/a	n/a	n/a
82.057	0.024	saccade	n/a	537.6	83.4	n/a	596.5	88.6	2.35	184.0
82.083	0.086	fixation	n/a	583.4	88.0	769.0	n/a	n/a	n/a	n/a
82.171	0.064	saccade	n/a	583.6	87.2	n/a	151.9	113.8	17.03	496.0
82.237	0.22	fixation	n/a	150.3	118.6	812.0	n/a	n/a	n/a	n/a
82.459	0.026	saccade	n/a	149.7	119.3	n/a	246.3	130.3	3.84	274.0
82.487	0.154	fixation	n/a	243.0	130.2	841.0	n/a	n/a	n/a	n/a
82.643	0.038	saccade	n/a	245.9	132.3	n/a	337.7	152.3	3.76	319.0
82.683	0.21	fixation	n/a	347.8	145.8	846.0	n/a	n/a	n/a	n/a
82.895	0.03	saccade	n/a	349.1	143.8	n/a	492.1	149.8	5.75	358.0
82.927	0.15	fixation	n/a	496.6	146.2	787.0	n/a	n/a	n/a	n/a
83.079	0.036	saccade	n/a	498.9	143.9	n/a	567.6	140.4	2.75	256.0
83.117	0.144	fixation	n/a	575.5	134.8	742.0	n/a	n/a	n/a	n/a
83.263	0.052	saccade	n/a	575.8	134.7	n/a	208.5	182.6	14.68	524.0
83.317	0.224	fixation	n/a	195.8	189.5	808.0	n/a	n/a	n/a	n/a
83.543	0.034	saccade	n/a	194.9	193.1	n/a	270.7	208.9	3.07	284.0
83.579	0.196	fixation	n/a	277.3	207.3	843.0	n/a	n/a	n/a	n/a
83.777	0.038	saccade	n/a	279.6	208.7	n/a	360.0	213.5	3.22	298.0
83.817	0.156	fixation	n/a	372.3	210.3	844.0	n/a	n/a	n/a	n/a
83.975	0.022	saccade	n/a	372.1	209.4	n/a	346.0	210.0	1.05	129.0
83.999	0.082	fixation	n/a	349.8	209.8	802.0	n/a	n/a	n/a	n/a
84.083	0.05	saccade	n/a	349.3	209.7	n/a	491.8	216.4	5.72	335.0
84.135	0.194	fixation	n/a	505.2	216.0	747.0	n/a	n/a	n/a	n/a
84.331	0.036	saccade	n/a	507.9	214.9	n/a	600.2	212.1	3.66	310.0
84.369	0.166	fixation	n/a	608.8	206.8	703.0	n/a	n/a	n/a	n/a
84.537	0.024	saccade	n/a	609.2	207.2	n/a	680.7	198.1	2.82	208.0
84.563	0.068	fixation	n/a	667.0	199.8	659.0	n/a	n/a	n/a	n/a
84.633	0.076	saccade	n/a	669.1	199.9	n/a	198.5	272.7	18.58	553.0
84.711	0.25	fixation	n/a	184.3	275.6	717.0	n/a	n/a	n/a	n/a
84.963	0.026	saccade	n/a	184.4	276.6	n/a	277.3	261.4	3.71	291.0
84.991	0.166	fixation	n/a	270.8	266.0	761.0	n/a	n/a	n/a	n/a
85.159	0.03	saccade	n/a	271.2	264.5	n/a	415.1	269.3	5.74	365.0
85.191	0.23	fixation	n/a	418.0	268.2	777.0	n/a	n/a	n/a	n/a
85.423	0.044	saccade	n/a	419.9	269.8	n/a	534.3	266.2	4.56	328.0
85.469	0.142	fixation	n/a	548.8	267.2	741.0	n/a	n/a	n/a	n/a
85.613	0.032	saccade	n/a	551.3	266.4	n/a	590.9	270.8	1.57	192.0
85.647	0.068	fixation	n/a	596.7	268.3	731.0	n/a	n/a	n/a	n/a
85.717	0.072	saccade	n/a	598.7	267.6	n/a	191.5	324.8	16.1	511.0
85.791	0.286	fixation	n/a	173.7	325.7	765.0	n/a	n/a	n/a	n/a
85.95	0.0	trigger_11	11	n/a	n/a	n/a	n/a	n/a	n/a	n/a
85.964	0.0	trigger_10	10	n/a	n/a	n/a	n/a	n/a	n/a	n/a
86.079	0.032	saccade	n/a	170.7	326.4	n/a	229.5	328.0	2.3	256.0
86.113	0.082	fixation	n/a	235.1	323.0	808.0	n/a	n/a	n/a	n/a
86.197	0.028	saccade	n/a	236.7	322.0	n/a	352.5	320.5	4.59	315.0
86.227	0.258	fixation	n/a	343.9	320.9	816.0	n/a	n/a	n/a	n/a
86.487	0.032	saccade	n/a	345.2	321.8	n/a	436.4	318.7	3.64	376.0
86.521	0.184	fixation	n/a	444.8	317.8	773.0	n/a	n/a	n/a	n/a
86.707	0.032	saccade	n/a	447.9	318.0	n/a	489.8	325.3	1.69	190.0
86.741	0.124	fixation	n/a	496.3	321.0	729.0	n/a	n/a	n/a	n/a
86.867	0.046	saccade	n/a	496.7	318.9	n/a	179.6	376.2	12.64	537.0
86.915	0.3	fixation	n/a	171.1	384.1	765.0	n/a	n/a	n/a	n/a
87.217	0.028	saccade	n/a	170.5	383.7	n/a	290.7	376.2	4.7	336.0
87.247	0.208	fixation	n/a	282.2	376.3	773.0	n/a	n/a	n/a	n/a
87.457	0.05	saccade	n/a	284.1	376.5	n/a	430.4	372.7	5.77	328.0
87.509	0.198	fixation	n/a	445.5	369.2	801.0	n/a	n/a	n/a	n/a
87.709	0.026	saccade	n/a	447.7	369.6	n/a	554.0	378.3	4.19	301.0
87.737	0.086	fixation	n/a	544.1	376.0	803.0	n/a	n/a	n/a	n/a
87.825	0.066	saccade	n/a	545.4	372.8	n/a	368.7	151.4	11.3	467.0
87.893	0.294	fixation	n/a	360.7	139.1	842.0	n/a	n/a	n/a	n/a
88.189	0.032	saccade	n/a	356.1	142.0	n/a	184.3	92.8	7.13	436.0
88.223	0.244	fixation	n/a	183.2	91.4	895.0	n/a	n/a	n/a	n/a
88.469	0.02	saccade	n/a	179.4	89.8	n/a	141.7	73.4	1.62	133.0
88.491	0.364	fixation	n/a	152.8	81.1	955.0	n/a	n/a	n/a	n/a
88.857	0.022	saccade	n/a	154.3	83.5	n/a	200.7	76.8	1.84	182.0
88.881	0.39	fixation	n/a	193.1	77.7	1024.0	n/a	n/a	n/a	n/a
89.273	0.036	saccade	n/a	192.3	75.5	n/a	273.0	82.9	3.22	280.0
89.311	0.234	fixation	n/a	281.9	75.8	1038.0	n/a	n/a	n/a	n/a
89.547	0.034	saccade	n/a	285.8	75.9	n/a	353.7	75.6	2.73	272.0
89.583	0.404	fixation	n/a	362.3	70.0	976.0	n/a	n/a	n/a	n/a
89.989	0.032	saccade	n/a	366.1	69.4	n/a	422.2	79.3	2.3	249.0
90.023	0.292	fixation	n/a	427.1	75.2	908.0	n/a	n/a	n/a	n/a
90.317	0.016	saccade	n/a	431.3	75.2	n/a	460.0	77.4	1.16	101.0
90.335	0.332	fixation	n/a	452.0	78.7	869.0	n/a	n/a	n/a	n/a
90.669	0.026	saccade	n/a	453.9	77.9	n/a	531.4	79.3	3.11	210.0
90.697	0.176	fixation	n/a	521.6	82.7	833.0	n/a	n/a	n/a	n/a
90.875	0.03	saccade	n/a	523.2	82.9	n/a	491.2	76.1	1.31	177.0
90.907	0.282	fixation	n/a	486.3	79.6	806.0	n/a	n/a	n/a	n/a
91.191	0.024	saccade	n/a	487.2	77.8	n/a	549.0	83.1	2.48	170.0
91.217	0.12	fixation	n/a	537.1	83.5	777.0	n/a	n/a	n/a	n/a
91.339	0.188	saccade	n/a	529.8	91.4	n/a	554.0	122.7	1.6	549.0
91.369	0.11	blink	n/a	n/a	n/a	n/a	n/a	n/a	n/a	n/a
91.529	0.396	fixation	n/a	549.8	91.0	773.0	n/a	n/a	n/a	n/a
91.927	0.054	saccade	n/a	553.5	88.4	n/a	312.7	84.2	9.63	430.0
91.983	0.124	fixation	n/a	298.4	87.5	771.0	n/a	n/a	n/a	n/a
92.032	0.0	trigger_11	11	n/a	n/a	n/a	n/a	n/a	n/a	n/a
92.04	0.0	trigger_10	10	n/a	n/a	n/a	n/a	n/a	n/a	n/a
92.109	0.03	saccade	n/a	296.4	89.8	n/a	154.3	106.4	5.67	388.0
92.141	0.228	fixation	n/a	152.5	123.0	832.0	n/a	n/a	n/a	n/a
92.371	0.04	saccade	n/a	151.6	125.8	n/a	263.4	141.8	4.47	366.0
92.413	0.176	fixation	n/a	276.4	139.8	849.0	n/a	n/a	n/a	n/a
92.591	0.04	saccade	n/a	278.0	141.5	n/a	370.8	149.7	3.74	320.0
92.633	0.152	fixation	n/a	380.6	145.8	849.0	n/a	n/a	n/a	n/a
92.787	0.032	saccade	n/a	382.0	146.6	n/a	438.1	151.2	2.27	237.0
92.821	0.104	fixation	n/a	443.9	146.3	809.0	n/a	n/a	n/a	n/a
92.927	0.028	saccade	n/a	445.2	144.7	n/a	559.4	151.2	4.58	309.0
92.957	0.13	fixation	n/a	555.8	149.4	775.0	n/a	n/a	n/a	n/a
93.089	0.054	saccade	n/a	556.4	146.5	n/a	215.2	215.7	13.83	459.0
93.145	0.294	fixation	n/a	207.5	221.6	775.0	n/a	n/a	n/a	n/a
93.441	0.026	saccade	n/a	209.2	224.1	n/a	310.8	213.3	4.06	288.0
93.469	0.192	fixation	n/a	303.3	216.3	767.0	n/a	n/a	n/a	n/a
93.663	0.042	saccade	n/a	301.8	214.8	n/a	236.5	97.2	5.44	308.0
93.707	0.566	fixation	n/a	217.6	72.2	731.0	n/a	n/a	n/a	n/a
94.275	0.036	saccade	n/a	213.4	72.2	n/a	162.4	70.0	2.01	223.0
94.313	0.114	fixation	n/a	152.4	71.9	804.0	n/a	n/a	n/a	n/a
94.429	0.038	saccade	n/a	151.6	74.0	n/a	244.1	75.0	3.65	302.0
94.469	0.194	fixation	n/a	257.1	73.9	788.0	n/a	n/a	n/a	n/a
94.665	0.022	saccade	n/a	260.3	74.4	n/a	311.8	74.0	2.06	175.0
94.689	0.164	fixation	n/a	302.1	75.0	799.0	n/a	n/a	n/a	n/a
94.855	0.026	saccade	n/a	303.5	74.9	n/a	415.6	69.0	4.52	327.0
94.883	0.208	fixation	n/a	413.1	71.9	789.0	n/a	n/a	n/a	n/a
95.093	0.008	saccade	n/a	413.7	72.6	n/a	401.5	72.0	0.49	59.0
95.103	0.096	fixation	n/a	404.3	71.2	759.0	n/a	n/a	n/a	n/a
95.201	0.026	saccade	n/a	405.4	71.7	n/a	503.1	78.1	3.93	291.0
95.229	0.282	fixation	n/a	500.6	78.3	711.0	n/a	n/a	n/a	n/a
95.513	0.016	saccade	n/a	504.5	77.5	n/a	537.7	76.1	1.33	111.0
95.531	0.69	fixation	n/a	527.4	81.8	671.0	n/a	n/a	n/a	n/a
95.592	0.0	trigger_11	11	n/a	n/a	n/a	n/a	n/a	n/a	n/a
95.608	0.0	trigger_12	12	n/a	n/a	n/a	n/a	n/a	n/a	n/a
96.223	0.024	saccade	n/a	525.9	83.9	n/a	593.6	84.3	2.69	203.0
96.249	0.068	fixation	n/a	583.5	85.4	659.0	n/a	n/a	n/a	n/a
96.319	0.074	saccade	n/a	585.1	86.0	n/a	221.2	107.7	14.47	462.0
96.395	0.144	fixation	n/a	207.0	114.9	733.0	n/a	n/a	n/a	n/a
96.541	0.032	saccade	n/a	204.9	116.8	n/a	173.5	122.9	1.26	189.0
96.575	0.112	fixation	n/a	162.7	128.0	779.0	n/a	n/a	n/a	n/a
96.689	0.04	saccade	n/a	160.8	129.3	n/a	253.8	133.6	3.68	340.0
96.731	0.196	fixation	n/a	267.2	131.9	832.0	n/a	n/a	n/a	n/a
96.929	0.03	saccade	n/a	265.8	127.2	n/a	317.5	80.3	2.82	187.0
96.961	0.292	fixation	n/a	312.9	78.9	834.0	n/a	n/a	n/a	n/a
97.255	0.042	saccade	n/a	312.9	77.6	n/a	242.8	70.2	2.82	216.0
97.299	0.14	fixation	n/a	228.6	69.9	831.0	n/a	n/a	n/a	n/a
97.441	0.022	saccade	n/a	225.7	72.1	n/a	172.3	67.0	2.12	164.0
97.465	0.156	fixation	n/a	182.7	69.9	869.0	n/a	n/a	n/a	n/a
97.623	0.04	saccade	n/a	182.0	72.2	n/a	263.2	74.5	3.22	310.0
97.665	0.306	fixation	n/a	273.2	74.8	925.0	n/a	n/a	n/a	n/a
97.973	0.044	saccade	n/a	275.4	75.6	n/a	178.3	71.2	3.86	378.0
98.019	0.258	fixation	n/a	162.6	71.5	966.0	n/a	n/a	n/a	n/a
98.279	0.022	saccade	n/a	165.3	73.0	n/a	218.1	74.6	2.08	180.0
98.303	0.162	fixation	n/a	206.9	74.2	948.0	n/a	n/a	n/a	n/a
98.312	0.0	trigger_13	13	n/a	n/a	n/a	n/a	n/a	n/a	n/a
98.324	0.0	trigger_10	10	n/a	n/a	n/a	n/a	n/a	n/a	n/a
98.467	0.026	saccade	n/a	207.3	74.3	n/a	289.4	73.4	3.26	261.0
98.495	0.17	fixation	n/a	279.1	73.5	890.0	n/a	n/a	n/a	n/a
98.667	0.028	saccade	n/a	281.5	73.6	n/a	367.6	67.9	3.47	235.0
98.697	0.196	fixation	n/a	358.3	70.6	882.0	n/a	n/a	n/a	n/a
98.895	0.024	saccade	n/a	360.9	72.3	n/a	435.3	72.6	3.0	211.0
98.921	0.168	fixation	n/a	429.6	72.6	858.0	n/a	n/a	n/a	n/a
99.091	0.042	saccade	n/a	430.9	72.2	n/a	535.3	84.5	4.22	294.0
99.135	0.112	fixation	n/a	544.7	82.2	786.0	n/a	n/a	n/a	n/a
99.249	0.058	saccade	n/a	548.5	81.5	n/a	183.4	127.3	14.58	515.0
99.309	0.282	fixation	n/a	176.1	132.1	784.0	n/a	n/a	n/a	n/a
99.593	0.022	saccade	n/a	174.3	136.5	n/a	253.4	130.2	3.14	259.0
99.617	0.192	fixation	n/a	240.8	134.0	807.0	n/a	n/a	n/a	n/a
99.811	0.036	saccade	n/a	240.8	134.4	n/a	299.2	143.4	2.36	231.0
99.849	0.112	fixation	n/a	305.3	136.9	829.0	n/a	n/a	n/a	n/a
99.963	0.032	saccade	n/a	305.6	134.7	n/a	260.0	71.6	3.15	188.0
99.997	0.544	fixation	n/a	239.2	73.0	838.0	n/a	n/a	n/a	n/a
100.543	0.032	saccade	n/a	236.0	78.2	n/a	141.7	65.1	3.76	289.0
100.577	0.14	fixation	n/a	144.2	72.1	922.0	n/a	n/a	n/a	n/a
100.719	0.04	saccade	n/a	144.1	71.6	n/a	232.2	76.9	3.48	287.0
100.761	0.188	fixation	n/a	245.7	74.4	877.0	n/a	n/a	n/a	n/a
100.951	0.038	saccade	n/a	249.4	74.2	n/a	356.2	75.3	4.28	280.0
100.991	0.166	fixation	n/a	356.2	73.5	847.0	n/a	n/a	n/a	n/a
101.159	0.024	saccade	n/a	358.2	72.0	n/a	432.7	70.1	3.01	228.0
101.185	0.274	fixation	n/a	427.1	73.1	780.0	n/a	n/a	n/a	n/a
101.461	0.038	saccade	n/a	430.8	72.6	n/a	526.0	77.9	3.83	218.0
101.501	0.136	fixation	n/a	521.5	78.3	718.0	n/a	n/a	n/a	n/a
101.639	0.026	saccade	n/a	520.3	78.7	n/a	604.0	79.2	3.33	200.0
101.667	0.146	fixation	n/a	603.0	81.5	687.0	n/a	n/a	n/a	n/a
101.815	0.06	saccade	n/a	600.9	82.0	n/a	208.2	120.4	15.6	462.0
101.877	0.278	fixation	n/a	206.0	123.0	706.0	n/a	n/a	n/a	n/a
102.157	0.016	saccade	n/a	203.2	124.1	n/a	174.3	135.5	1.23	104.0
102.175	0.27	fixation	n/a	179.2	132.6	740.0	n/a	n/a	n/a	n/a
102.447	0.024	saccade	n/a	176.7	135.4	n/a	256.2	133.2	3.15	221.0
102.473	0.224	fixation	n/a	248.2	136.8	746.0	n/a	n/a	n/a	n/a
102.699	0.022	saccade	n/a	250.9	136.7	n/a	325.4	129.5	2.99	207.0
102.723	0.174	fixation	n/a	323.4	131.4	734.0	n/a	n/a	n/a	n/a
102.899	0.048	saccade	n/a	325.8	132.0	n/a	461.2	136.2	5.44	269.0
102.949	0.198	fixation	n/a	472.9	135.0	692.0	n/a	n/a	n/a	n/a
103.149	0.036	saccade	n/a	474.4	136.5	n/a	585.2	143.2	4.43	268.0
103.187	0.22	fixation	n/a	583.3	142.6	661.0	n/a	n/a	n/a	n/a
103.409	0.018	saccade	n/a	586.9	142.8	n/a	609.1	150.2	0.93	91.0
103.429	0.034	fixation	n/a	598.6	150.6	650.0	n/a	n/a	n/a	n/a
103.465	0.052	saccade	n/a	589.8	150.0	n/a	241.3	188.8	13.89	472.0
103.519	0.138	fixation	n/a	236.2	196.0	678.0	n/a	n/a	n/a	n/a
103.659	0.036	saccade	n/a	231.9	198.2	n/a	170.1	195.7	2.44	216.0
103.697	0.208	fixation	n/a	162.0	200.3	669.0	n/a	n/a	n/a	n/a
103.907	0.026	saccade	n/a	161.9	198.3	n/a	251.2	205.6	3.53	239.0
103.935	0.226	fixation	n/a	247.7	205.4	670.0	n/a	n/a	n/a	n/a
104.163	0.026	saccade	n/a	250.3	202.5	n/a	331.5	202.1	3.25	201.0
104.191	0.242	fixation	n/a	327.6	204.9	650.0	n/a	n/a	n/a	n/a
104.435	0.022	saccade	n/a	334.3	205.9	n/a	399.1	204.7	2.6	191.0
104.459	0.158	fixation	n/a	394.0	209.8	614.0	n/a	n/a	n/a	n/a
104.619	0.034	saccade	n/a	397.8	208.9	n/a	495.4	197.5	3.94	164.0
104.655	0.252	fixation	n/a	495.0	201.0	558.0	n/a	n/a	n/a	n/a
104.909	0.022	saccade	n/a	499.6	197.0	n/a	554.9	197.0	2.2	148.0
104.933	0.12	fixation	n/a	551.1	198.2	523.0	n/a	n/a	n/a	n/a
105.055	0.018	saccade	n/a	553.7	197.6	n/a	593.4	197.8	1.57	106.0
105.075	0.044	fixation	n/a	593.1	199.9	511.0	n/a	n/a	n/a	n/a
105.121	0.07	saccade	n/a	593.0	200.1	n/a	210.1	207.7	15.14	348.0
105.193	0.278	fixation	n/a	207.4	251.8	545.0	n/a	n/a	n/a	n/a
105.473	0.018	saccade	n/a	228.4	272.2	n/a	255.6	276.9	1.09	72.0
105.493	0.044	fixation	n/a	273.2	276.5	578.0	n/a	n/a	n/a	n/a
105.539	0.02	saccade	n/a	290.2	274.4	n/a	339.1	277.3	1.96	111.0
105.561	0.23	fixation	n/a	356.9	277.5	581.0	n/a	n/a	n/a	n/a
105.793	0.03	saccade	n/a	361.4	277.7	n/a	467.9	276.5	4.25	215.0
105.825	0.174	fixation	n/a	466.3	276.9	572.0	n/a	n/a	n/a	n/a
106.001	0.026	saccade	n/a	467.7	276.7	n/a	562.1	273.1	3.75	251.0
106.029	0.118	fixation	n/a	558.6	273.8	552.0	n/a	n/a	n/a	n/a
106.136	0.0	trigger_11	11	n/a	n/a	n/a	n/a	n/a	n/a	n/a
106.144	0.0	trigger_10	10	n/a	n/a	n/a	n/a	n/a	n/a	n/a
106.149	0.064	saccade	n/a	560.7	275.4	n/a	209.1	327.4	13.97	382.0
106.215	0.236	fixation	n/a	208.7	328.1	586.0	n/a	n/a	n/a	n/a
106.453	0.026	saccade	n/a	210.1	326.6	n/a	305.2	328.1	3.75	232.0
106.481	0.196	fixation	n/a	315.8	333.5	617.0	n/a	n/a	n/a	n/a
106.679	0.074	saccade	n/a	320.6	344.9	n/a	314.1	544.0	7.65	157.0
106.755	0.142	fixation	n/a	322.9	544.4	612.0	n/a	n/a	n/a	n/a
106.899	0.01	saccade	n/a	345.2	529.6	n/a	360.9	528.6	0.61	63.0
106.911	0.182	fixation	n/a	370.0	525.9	589.0	n/a	n/a	n/a	n/a
107.095	0.016	saccade	n/a	367.4	525.7	n/a	335.9	528.1	1.22	108.0
107.113	0.104	fixation	n/a	346.3	531.3	550.0	n/a	n/a	n/a	n/a
107.219	0.028	saccade	n/a	347.7	535.4	n/a	459.8	526.6	4.33	271.0
107.249	0.18	fixation	n/a	452.1	530.4	517.0	n/a	n/a	n/a	n/a
107.431	0.026	saccade	n/a	455.2	532.9	n/a	530.8	535.7	2.9	193.0
107.459	0.14	fixation	n/a	529.1	537.1	517.0	n/a	n/a	n/a	n/a
107.601	0.392	saccade	n/a	529.7	533.5	n/a	280.2	235.1	15.14	135.0
107.619	0.346	blink	n/a	n/a	n/a	n/a	n/a	n/a	n/a	n/a
107.995	0.398	fixation	n/a	291.7	166.6	656.0	n/a	n/a	n/a	n/a
108.395	0.028	saccade	n/a	283.8	164.8	n/a	195.9	105.0	4.25	245.0
108.425	0.28	fixation	n/a	198.2	87.8	660.0	n/a	n/a	n/a	n/a
108.707	0.032	saccade	n/a	195.3	87.8	n/a	324.3	76.3	5.16	322.0
108.741	0.322	fixation	n/a	317.7	77.6	640.0	n/a	n/a	n/a	n/a
108.824	0.0	trigger_11	11	n/a	n/a	n/a	n/a	n/a	n/a	n/a
108.83	0.0	trigger_10	10	n/a	n/a	n/a	n/a	n/a	n/a	n/a
109.065	0.024	saccade	n/a	319.0	83.0	n/a	391.6	72.4	2.95	227.0
109.091	0.28	fixation	n/a	381.6	77.2	671.0	n/a	n/a	n/a	n/a
109.373	0.026	saccade	n/a	381.4	78.4	n/a	486.6	77.4	4.23	303.0
109.401	0.154	fixation	n/a	478.8	77.3	694.0	n/a	n/a	n/a	n/a
109.557	0.022	saccade	n/a	480.6	77.6	n/a	540.6	83.2	2.41	182.0
109.581	0.156	fixation	n/a	529.2	84.8	687.0	n/a	n/a	n/a	n/a
109.739	0.062	saccade	n/a	528.6	84.8	n/a	219.5	119.1	12.39	447.0
109.803	0.172	fixation	n/a	201.3	125.0	733.0	n/a	n/a	n/a	n/a
109.977	0.02	saccade	n/a	195.4	129.1	n/a	168.4	135.0	1.09	112.0
109.999	0.122	fixation	n/a	172.9	136.2	771.0	n/a	n/a	n/a	n/a
110.123	0.048	saccade	n/a	172.8	138.2	n/a	297.4	145.3	4.95	331.0
110.173	0.244	fixation	n/a	313.2	148.8	810.0	n/a	n/a	n/a	n/a
110.419	0.024	saccade	n/a	316.7	152.5	n/a	388.8	141.2	2.94	216.0
110.445	0.276	fixation	n/a	377.6	145.6	778.0	n/a	n/a	n/a	n/a
110.723	0.024	saccade	n/a	378.4	147.2	n/a	436.9	144.7	2.36	161.0
110.749	0.06	fixation	n/a	428.3	146.8	771.0	n/a	n/a	n/a	n/a
110.811	0.03	saccade	n/a	426.6	144.5	n/a	293.5	90.9	5.78	334.0
110.843	0.254	fixation	n/a	304.0	94.5	734.0	n/a	n/a	n/a	n/a
111.099	0.054	saccade	n/a	304.1	96.2	n/a	168.6	72.3	5.46	298.0
111.155	0.158	fixation	n/a	158.1	74.6	707.0	n/a	n/a	n/a	n/a
111.315	0.028	saccade	n/a	160.1	76.3	n/a	242.7	74.3	3.27	213.0
111.345	0.206	fixation	n/a	235.4	73.8	720.0	n/a	n/a	n/a	n/a
111.553	0.024	saccade	n/a	235.5	74.9	n/a	304.6	73.0	2.76	207.0
111.579	0.154	fixation	n/a	296.0	72.6	728.0	n/a	n/a	n/a	n/a
111.6	0.0	trigger_11	11	n/a	n/a	n/a	n/a	n/a	n/a	n/a
111.618	0.0	trigger_10	10	n/a	n/a	n/a	n/a	n/a	n/a	n/a
111.735	0.026	saccade	n/a	302.5	71.9	n/a	404.3	70.7	4.1	272.0
111.763	0.198	fixation	n/a	407.0	74.0	700.0	n/a	n/a	n/a	n/a
111.963	0.044	saccade	n/a	408.9	74.7	n/a	518.8	77.3	4.41	222.0
112.009	0.108	fixation	n/a	515.0	76.0	652.0	n/a	n/a	n/a	n/a
112.119	0.022	saccade	n/a	516.3	76.5	n/a	581.7	77.6	2.61	175.0
112.143	0.102	fixation	n/a	584.0	80.5	640.0	n/a	n/a	n/a	n/a
112.247	0.076	saccade	n/a	582.9	80.9	n/a	174.6	117.4	16.21	322.0
112.325	0.298	fixation	n/a	173.5	125.8	701.0	n/a	n/a	n/a	n/a
112.625	0.028	saccade	n/a	172.8	129.0	n/a	282.8	133.1	4.37	312.0
112.655	0.314	fixation	n/a	272.8	135.2	737.0	n/a	n/a	n/a	n/a
112.971	0.034	saccade	n/a	272.3	139.1	n/a	339.6	139.8	2.7	273.0
113.007	0.33	fixation	n/a	347.8	135.1	737.0	n/a	n/a	n/a	n/a
113.339	0.028	saccade	n/a	347.6	138.7	n/a	430.8	142.0	3.35	251.0
113.369	0.134	fixation	n/a	423.9	142.3	739.0	n/a	n/a	n/a	n/a
113.505	0.024	saccade	n/a	425.8	140.7	n/a	504.0	137.8	3.14	204.0
113.531	0.246	fixation	n/a	505.1	137.9	668.0	n/a	n/a	n/a	n/a
113.779	0.056	saccade	n/a	503.0	136.6	n/a	249.6	102.7	10.21	274.0
113.837	0.074	fixation	n/a	249.5	85.8	663.0	n/a	n/a	n/a	n/a
113.913	0.02	saccade	n/a	246.2	78.1	n/a	194.7	61.7	2.15	173.0
113.935	0.13	fixation	n/a	203.9	64.2	653.0	n/a	n/a	n/a	n/a
114.067	0.02	saccade	n/a	200.7	66.5	n/a	154.7	63.4	1.81	147.0
114.089	0.206	fixation	n/a	163.3	65.0	659.0	n/a	n/a	n/a	n/a
114.297	0.03	saccade	n/a	163.5	67.6	n/a	273.9	64.7	4.37	286.0
114.329	0.214	fixation	n/a	268.0	65.7	699.0	n/a	n/a	n/a	n/a
114.545	0.026	saccade	n/a	269.5	65.4	n/a	359.5	64.2	3.61	240.0
114.573	0.266	fixation	n/a	349.8	66.1	671.0	n/a	n/a	n/a	n/a
114.841	0.024	saccade	n/a	353.2	67.0	n/a	434.4	64.3	3.27	221.0
114.867	0.338	fixation	n/a	427.1	71.7	649.0	n/a	n/a	n/a	n/a
115.207	0.018	saccade	n/a	429.6	73.7	n/a	467.6	70.8	1.53	122.0
115.227	0.14	fixation	n/a	461.0	72.9	644.0	n/a	n/a	n/a	n/a
115.369	0.026	saccade	n/a	463.0	72.8	n/a	545.4	74.5	3.3	204.0
115.397	0.188	fixation	n/a	543.9	78.4	618.0	n/a	n/a	n/a	n/a
115.587	0.016	saccade	n/a	549.2	78.2	n/a	584.3	82.2	1.41	114.0
115.605	0.064	fixation	n/a	577.4	83.7	602.0	n/a	n/a	n/a	n/a
115.671	0.066	saccade	n/a	572.2	83.4	n/a	197.3	112.6	14.89	367.0
115.739	0.054	fixation	n/a	192.3	115.7	635.0	n/a	n/a	n/a	n/a
115.795	0.026	saccade	n/a	183.6	120.2	n/a	111.2	122.9	2.83	177.0
115.823	0.248	fixation	n/a	118.6	131.0	630.0	n/a	n/a	n/a	n/a
116.073	0.026	saccade	n/a	124.8	132.8	n/a	200.2	128.7	2.96	138.0
116.101	0.218	fixation	n/a	226.9	137.8	612.0	n/a	n/a	n/a	n/a
116.321	0.018	saccade	n/a	253.5	134.8	n/a	287.4	130.3	1.37	91.0
116.341	0.226	fixation	n/a	292.9	131.4	591.0	n/a	n/a	n/a	n/a
116.569	0.028	saccade	n/a	293.7	131.2	n/a	383.2	129.3	3.6	249.0
116.599	0.186	fixation	n/a	378.2	130.5	574.0	n/a	n/a	n/a	n/a
116.787	0.022	saccade	n/a	380.7	132.3	n/a	454.0	133.1	2.95	212.0
116.811	0.184	fixation	n/a	458.2	138.3	569.0	n/a	n/a	n/a	n/a
116.997	0.018	saccade	n/a	463.0	139.7	n/a	502.0	138.0	1.56	107.0
117.017	0.168	fixation	n/a	505.5	139.3	563.0	n/a	n/a	n/a	n/a
117.187	0.02	saccade	n/a	508.8	141.4	n/a	566.4	137.7	2.3	169.0
117.209	0.168	fixation	n/a	565.3	139.6	558.0	n/a	n/a	n/a	n/a
117.379	0.072	saccade	n/a	559.8	142.0	n/a	224.8	168.6	13.36	278.0
117.453	0.146	fixation	n/a	202.8	176.8	585.0	n/a	n/a	n/a	n/a
117.601	0.014	saccade	n/a	187.2	185.3	n/a	160.1	191.4	1.09	87.0
117.617	0.188	fixation	n/a	153.9	194.3	597.0	n/a	n/a	n/a	n/a
117.807	0.022	saccade	n/a	154.0	191.1	n/a	207.9	189.9	2.12	150.0
117.831	0.194	fixation	n/a	201.2	193.6	611.0	n/a	n/a	n/a	n/a
118.027	0.02	saccade	n/a	205.0	194.1	n/a	261.1	191.3	2.23	167.0
118.049	0.134	fixation	n/a	256.2	196.0	596.0	n/a	n/a	n/a	n/a
118.185	0.024	saccade	n/a	258.5	195.8	n/a	335.8	196.2	3.09	218.0
118.211	0.2	fixation	n/a	332.6	203.1	601.0	n/a	n/a	n/a	n/a
118.413	0.026	saccade	n/a	335.8	207.4	n/a	416.0	202.8	3.23	192.0
118.441	0.226	fixation	n/a	413.8	207.8	635.0	n/a	n/a	n/a	n/a
118.669	0.024	saccade	n/a	413.8	209.2	n/a	488.6	207.8	3.0	219.0
118.695	0.3	fixation	n/a	479.1	212.8	672.0	n/a	n/a	n/a	n/a
118.997	0.02	saccade	n/a	479.3	215.8	n/a	527.1	214.9	1.91	144.0
119.019	0.182	fixation	n/a	515.3	217.6	698.0	n/a	n/a	n/a	n/a
119.203	0.02	saccade	n/a	517.1	219.2	n/a	566.7	213.9	1.98	147.0
119.225	0.31	fixation	n/a	558.4	219.2	681.0	n/a	n/a	n/a	n/a
119.537	0.02	saccade	n/a	556.3	221.0	n/a	515.5	218.3	1.63	130.0
119.559	0.198	fixation	n/a	522.8	223.1	739.0	n/a	n/a	n/a	n/a
119.759	0.024	saccade	n/a	520.8	225.3	n/a	590.1	220.0	2.76	186.0
119.785	0.172	fixation	n/a	578.4	221.7	780.0	n/a	n/a	n/a	n/a
119.959	0.054	saccade	n/a	577.7	220.5	n/a	230.7	255.5	13.79	430.0
120.015	0.096	fixation	n/a	212.8	263.2	836.0	n/a	n/a	n/a	n/a
120.113	0.026	saccade	n/a	205.6	263.8	n/a	142.5	273.1	2.49	158.0
120.141	0.216	fixation	n/a	150.1	281.3	842.0	n/a	n/a	n/a	n/a
120.359	0.028	saccade	n/a	150.7	282.2	n/a	248.0	271.1	3.83	244.0
120.389	0.18	fixation	n/a	239.5	277.0	859.0	n/a	n/a	n/a	n/a
120.571	0.038	saccade	n/a	240.5	278.2	n/a	316.8	279.8	3.03	252.0
120.611	0.29	fixation	n/a	328.8	281.4	829.0	n/a	n/a	n/a	n/a
120.903	0.02	saccade	n/a	331.7	285.0	n/a	383.4	275.4	2.1	168.0
120.925	0.164	fixation	n/a	373.9	278.2	807.0	n/a	n/a	n/a	n/a
121.091	0.028	saccade	n/a	376.0	279.4	n/a	448.1	272.4	2.9	227.0
121.121	0.224	fixation	n/a	440.9	271.9	803.0	n/a	n/a	n/a	n/a
121.347	0.036	saccade	n/a	441.0	272.5	n/a	388.6	269.3	2.1	244.0
121.385	0.132	fixation	n/a	377.7	271.0	786.0	n/a	n/a	n/a	n/a
121.519	0.026	saccade	n/a	376.9	269.5	n/a	445.1	268.5	2.73	193.0
121.547	0.196	fixation	n/a	436.5	270.1	771.0	n/a	n/a	n/a	n/a
121.745	0.026	saccade	n/a	438.0	270.8	n/a	518.6	270.0	3.21	228.0
121.773	0.246	fixation	n/a	509.6	271.5	742.0	n/a	n/a	n/a	n/a
122.021	0.026	saccade	n/a	513.7	273.4	n/a	605.9	276.1	3.65	248.0
122.049	0.148	fixation	n/a	595.9	276.2	705.0	n/a	n/a	n/a	n/a
122.199	0.062	saccade	n/a	597.1	275.1	n/a	194.3	324.2	15.89	444.0
122.263	0.14	fixation	n/a	190.9	326.7	740.0	n/a	n/a	n/a	n/a
122.405	0.034	saccade	n/a	186.6	327.4	n/a	143.9	319.5	1.68	226.0
122.441	0.136	fixation	n/a	132.2	323.2	792.0	n/a	n/a	n/a	n/a
122.579	0.038	saccade	n/a	128.9	322.9	n/a	199.1	327.4	2.73	256.0
122.619	0.06	fixation	n/a	207.4	325.0	816.0	n/a	n/a	n/a	n/a
122.681	0.044	saccade	n/a	209.4	324.5	n/a	240.4	187.4	5.62	259.0
122.727	0.174	fixation	n/a	241.8	181.2	829.0	n/a	n/a	n/a	n/a
122.903	0.052	saccade	n/a	242.2	183.6	n/a	395.8	187.2	6.13	378.0
122.957	0.18	fixation	n/a	410.7	186.5	881.0	n/a	n/a	n/a	n/a
123.139	0.036	saccade	n/a	410.6	187.3	n/a	351.5	198.3	2.42	299.0
123.177	0.25	fixation	n/a	337.5	201.5	930.0	n/a	n/a	n/a	n/a
123.429	0.04	saccade	n/a	337.0	203.0	n/a	428.6	210.2	3.69	332.0
123.471	0.198	fixation	n/a	443.1	209.6	914.0	n/a	n/a	n/a	n/a
123.671	0.032	saccade	n/a	445.0	209.1	n/a	501.5	215.2	2.28	244.0
123.705	0.27	fixation	n/a	507.7	212.2	878.0	n/a	n/a	n/a	n/a
123.977	2.508	saccade	n/a	507.6	214.3	n/a	211.5	264.1	11.92	698.0
124.002	0.0	trigger_11	11	n/a	n/a	n/a	n/a	n/a	n/a	n/a
124.007	2.44	blink	n/a	n/a	n/a	n/a	n/a	n/a	n/a	n/a
124.01	0.0	trigger_10	10	n/a	n/a	n/a	n/a	n/a	n/a	n/a
126.487	0.162	fixation	n/a	226.8	248.9	982.0	n/a	n/a	n/a	n/a
126.651	0.15	saccade	n/a	240.0	271.6	n/a	197.5	92.6	7.41	732.0
126.671	0.092	blink	n/a	n/a	n/a	n/a	n/a	n/a	n/a	n/a
126.803	0.126	fixation	n/a	200.5	99.4	600.0	n/a	n/a	n/a	n/a
126.931	0.01	saccade	n/a	201.5	82.9	n/a	201.3	69.5	0.54	56.0
126.943	0.176	fixation	n/a	200.9	69.5	510.0	n/a	n/a	n/a	n/a
127.121	0.026	saccade	n/a	201.0	70.4	n/a	293.9	64.4	3.7	252.0
127.149	0.156	fixation	n/a	289.4	65.9	511.0	n/a	n/a	n/a	n/a
127.307	0.022	saccade	n/a	289.9	65.8	n/a	234.1	71.3	2.23	164.0
127.331	0.134	fixation	n/a	241.4	72.8	569.0	n/a	n/a	n/a	n/a
127.467	0.028	saccade	n/a	237.7	74.4	n/a	340.6	68.4	4.12	299.0
127.497	0.18	fixation	n/a	334.2	69.4	648.0	n/a	n/a	n/a	n/a
127.679	0.026	saccade	n/a	335.5	69.2	n/a	423.2	67.7	3.53	253.0
127.707	0.294	fixation	n/a	415.0	68.0	706.0	n/a	n/a	n/a	n/a
128.003	0.024	saccade	n/a	415.7	68.2	n/a	481.3	76.1	2.66	202.0
128.029	0.36	fixation	n/a	474.4	74.6	757.0	n/a	n/a	n/a	n/a
128.391	0.018	saccade	n/a	473.6	73.0	n/a	497.5	72.9	0.96	101.0
128.411	0.294	fixation	n/a	490.7	74.0	884.0	n/a	n/a	n/a	n/a
128.707	0.024	saccade	n/a	490.0	73.8	n/a	546.8	83.3	2.3	159.0
128.733	0.216	fixation	n/a	542.2	84.7	895.0	n/a	n/a	n/a	n/a
128.951	0.024	saccade	n/a	543.7	85.0	n/a	617.5	89.2	2.93	214.0
128.977	0.144	fixation	n/a	606.5	88.3	896.0	n/a	n/a	n/a	n/a
129.123	0.066	saccade	n/a	606.8	86.9	n/a	169.7	124.6	17.28	494.0
129.191	0.156	fixation	n/a	166.6	127.6	960.0	n/a	n/a	n/a	n/a
129.349	0.02	saccade	n/a	160.6	129.4	n/a	134.5	131.1	1.02	120.0
129.371	0.118	fixation	n/a	138.1	131.1	975.0	n/a	n/a	n/a	n/a
129.491	0.036	saccade	n/a	138.7	132.2	n/a	229.2	146.1	3.6	319.0
129.529	0.294	fixation	n/a	238.7	144.2	1047.0	n/a	n/a	n/a	n/a
129.825	0.04	saccade	n/a	237.2	147.6	n/a	309.1	149.0	2.88	247.0
129.867	0.236	fixation	n/a	322.7	144.9	1049.0	n/a	n/a	n/a	n/a
130.105	0.022	saccade	n/a	324.1	146.7	n/a	387.1	149.1	2.54	186.0
130.129	0.312	fixation	n/a	374.4	149.3	1079.0	n/a	n/a	n/a	n/a
130.443	0.022	saccade	n/a	377.3	149.3	n/a	428.8	149.8	2.08	169.0
130.467	0.128	fixation	n/a	417.3	149.9	1065.0	n/a	n/a	n/a	n/a
130.597	0.036	saccade	n/a	418.5	150.7	n/a	498.6	159.2	3.24	300.0
130.635	0.322	fixation	n/a	507.7	157.1	1005.0	n/a	n/a	n/a	n/a
130.959	0.022	saccade	n/a	509.9	158.4	n/a	556.9	162.6	1.88	152.0
130.983	0.164	fixation	n/a	547.2	163.6	1017.0	n/a	n/a	n/a	n/a
131.09	0.0	trigger_11	11	n/a	n/a	n/a	n/a	n/a	n/a	n/a
131.106	0.0	trigger_10	10	n/a	n/a	n/a	n/a	n/a	n/a	n/a
131.149	0.026	saccade	n/a	548.9	163.9	n/a	642.4	166.4	3.69	251.0
131.177	0.098	fixation	n/a	630.5	163.4	993.0	n/a	n/a	n/a	n/a
131.277	0.05	saccade	n/a	632.2	162.9	n/a	290.4	100.4	13.77	554.0
131.329	0.088	fixation	n/a	282.5	91.8	1046.0	n/a	n/a	n/a	n/a
131.419	0.032	saccade	n/a	278.8	89.0	n/a	241.8	73.4	1.61	213.0
131.453	0.074	fixation	n/a	232.4	74.5	1038.0	n/a	n/a	n/a	n/a
131.529	0.034	saccade	n/a	228.9	74.4	n/a	194.6	66.1	1.4	218.0
131.565	0.136	fixation	n/a	184.5	70.1	1065.0	n/a	n/a	n/a	n/a
131.703	0.03	saccade	n/a	184.8	70.2	n/a	312.6	77.9	5.09	353.0
131.735	0.142	fixation	n/a	306.1	76.9	1109.0	n/a	n/a	n/a	n/a
131.879	0.038	saccade	n/a	308.0	75.8	n/a	410.9	86.6	4.16	359.0
131.919	0.234	fixation	n/a	422.4	84.5	1155.0	n/a	n/a	n/a	n/a
132.155	0.024	saccade	n/a	423.5	85.3	n/a	483.1	95.1	2.43	195.0
132.181	0.28	fixation	n/a	473.6	93.3	1102.0	n/a	n/a	n/a	n/a
132.463	0.032	saccade	n/a	475.3	91.6	n/a	523.2	104.9	2.0	193.0
132.497	0.304	fixation	n/a	528.5	99.3	1059.0	n/a	n/a	n/a	n/a
132.803	0.028	saccade	n/a	528.3	102.8	n/a	535.7	154.7	2.13	119.0
132.833	0.114	fixation	n/a	533.5	148.5	1107.0	n/a	n/a	n/a	n/a
132.949	0.054	saccade	n/a	532.9	149.5	n/a	191.7	124.7	13.6	441.0
133.005	0.142	fixation	n/a	183.6	116.7	1140.0	n/a	n/a	n/a	n/a
133.149	0.016	saccade	n/a	183.8	111.4	n/a	194.2	87.9	1.04	83.0
133.167	0.166	fixation	n/a	191.8	98.7	1109.0	n/a	n/a	n/a	n/a
133.335	0.022	saccade	n/a	190.7	96.5	n/a	162.8	68.8	1.57	153.0
133.359	0.108	fixation	n/a	166.4	77.8	1084.0	n/a	n/a	n/a	n/a
133.469	0.036	saccade	n/a	165.6	77.5	n/a	245.2	76.6	3.15	306.0
133.507	0.172	fixation	n/a	255.3	70.6	1036.0	n/a	n/a	n/a	n/a
133.681	0.026	saccade	n/a	258.7	71.7	n/a	377.9	65.0	4.79	342.0
133.709	0.15	fixation	n/a	375.5	67.6	973.0	n/a	n/a	n/a	n/a
133.861	0.03	saccade	n/a	376.8	68.4	n/a	488.6	83.7	4.54	305.0
133.893	0.16	fixation	n/a	484.0	79.5	948.0	n/a	n/a	n/a	n/a
134.055	0.022	saccade	n/a	485.5	77.9	n/a	540.3	87.9	2.23	176.0
134.079	0.096	fixation	n/a	526.4	85.4	921.0	n/a	n/a	n/a	n/a
134.177	0.072	saccade	n/a	526.0	84.5	n/a	153.6	134.4	14.86	495.0
134.251	0.196	fixation	n/a	139.9	137.0	1009.0	n/a	n/a	n/a	n/a
134.449	0.036	saccade	n/a	139.8	141.0	n/a	236.9	145.7	3.84	342.0
134.487	0.226	fixation	n/a	249.1	142.0	1065.0	n/a	n/a	n/a	n/a
134.715	0.008	saccade	n/a	246.6	143.2	n/a	233.4	144.6	0.53	63.0
134.725	0.108	fixation	n/a	236.0	143.5	1065.0	n/a	n/a	n/a	n/a
134.835	0.036	saccade	n/a	235.3	144.7	n/a	305.6	148.4	2.81	264.0
134.873	0.186	fixation	n/a	313.6	146.1	1024.0	n/a	n/a	n/a	n/a
135.061	0.036	saccade	n/a	315.1	146.6	n/a	390.0	150.7	3.02	294.0
135.099	0.19	fixation	n/a	403.9	145.6	943.0	n/a	n/a	n/a	n/a
135.291	0.024	saccade	n/a	407.5	147.0	n/a	485.6	149.1	3.14	232.0
135.317	0.234	fixation	n/a	474.3	149.6	850.0	n/a	n/a	n/a	n/a
135.553	0.02	saccade	n/a	476.9	147.9	n/a	504.8	148.8	1.12	117.0
135.575	0.244	fixation	n/a	501.9	147.2	794.0	n/a	n/a	n/a	n/a
135.821	0.022	saccade	n/a	502.6	147.1	n/a	563.0	143.2	2.41	186.0
135.845	0.172	fixation	n/a	550.4	144.7	769.0	n/a	n/a	n/a	n/a
136.019	0.02	saccade	n/a	549.4	145.6	n/a	508.0	146.1	1.65	126.0
136.041	0.254	fixation	n/a	514.9	146.5	786.0	n/a	n/a	n/a	n/a
136.297	0.036	saccade	n/a	513.3	148.6	n/a	575.7	153.0	2.49	268.0
136.335	0.26	fixation	n/a	585.4	150.8	798.0	n/a	n/a	n/a	n/a
136.597	0.034	saccade	n/a	585.4	153.3	n/a	641.5	151.8	2.21	232.0
136.633	0.094	fixation	n/a	650.1	147.6	795.0	n/a	n/a	n/a	n/a
136.729	0.07	saccade	n/a	652.3	146.7	n/a	167.3	194.6	19.08	527.0
136.801	0.154	fixation	n/a	167.9	196.4	859.0	n/a	n/a	n/a	n/a
136.957	0.028	saccade	n/a	167.1	198.4	n/a	143.1	195.6	0.94	147.0
136.987	0.096	fixation	n/a	136.0	197.7	865.0	n/a	n/a	n/a	n/a
137.085	0.038	saccade	n/a	134.7	197.1	n/a	250.5	203.5	4.57	327.0
137.125	0.174	fixation	n/a	263.7	202.0	899.0	n/a	n/a	n/a	n/a
137.301	0.014	saccade	n/a	261.3	203.7	n/a	239.9	205.5	0.85	80.0
137.317	0.152	fixation	n/a	246.2	206.2	919.0	n/a	n/a	n/a	n/a
137.471	0.038	saccade	n/a	245.6	206.5	n/a	328.8	210.0	3.32	293.0
137.511	0.232	fixation	n/a	340.8	209.7	892.0	n/a	n/a	n/a	n/a
137.538	0.0	trigger_11	11	n/a	n/a	n/a	n/a	n/a	n/a	n/a
137.554	0.0	trigger_12	12	n/a	n/a	n/a	n/a	n/a	n/a	n/a
137.745	0.04	saccade	n/a	345.1	211.8	n/a	440.8	214.4	3.84	286.0
137.787	0.206	fixation	n/a	453.4	213.2	819.0	n/a	n/a	n/a	n/a
137.995	0.02	saccade	n/a	457.0	213.4	n/a	496.9	213.5	1.6	134.0
138.017	0.144	fixation	n/a	489.7	215.0	745.0	n/a	n/a	n/a	n/a
138.163	0.028	saccade	n/a	491.5	215.6	n/a	592.1	214.4	4.0	255.0
138.193	0.18	fixation	n/a	590.1	213.0	681.0	n/a	n/a	n/a	n/a
138.375	0.02	saccade	n/a	592.6	212.4	n/a	642.4	207.3	1.97	162.0
138.397	0.126	fixation	n/a	634.5	208.1	638.0	n/a	n/a	n/a	n/a
138.525	0.062	saccade	n/a	634.5	207.9	n/a	233.5	249.0	15.84	460.0
138.589	0.148	fixation	n/a	227.4	252.0	666.0	n/a	n/a	n/a	n/a
138.739	0.036	saccade	n/a	224.2	252.8	n/a	175.7	264.9	1.97	248.0
138.777	0.114	fixation	n/a	164.2	269.5	678.0	n/a	n/a	n/a	n/a
138.893	0.038	saccade	n/a	162.6	269.7	n/a	254.0	274.0	3.6	292.0
138.933	0.214	fixation	n/a	264.9	272.8	701.0	n/a	n/a	n/a	n/a
139.149	0.024	saccade	n/a	266.7	272.9	n/a	369.4	271.1	4.09	301.0
139.175	0.298	fixation	n/a	362.4	272.8	675.0	n/a	n/a	n/a	n/a
139.475	0.036	saccade	n/a	362.2	271.0	n/a	302.6	116.9	6.69	335.0
139.513	0.046	fixation	n/a	304.0	109.4	627.0	n/a	n/a	n/a	n/a
139.561	0.01	saccade	n/a	297.5	93.3	n/a	284.1	75.2	0.91	93.0
139.573	0.22	fixation	n/a	278.8	71.4	615.0	n/a	n/a	n/a	n/a
139.684	0.0	trigger_13	13	n/a	n/a	n/a	n/a	n/a	n/a	n/a
139.698	0.0	trigger_10	10	n/a	n/a	n/a	n/a	n/a	n/a	n/a
139.795	0.044	saccade	n/a	279.4	70.0	n/a	156.7	58.0	4.87	334.0
139.841	0.102	fixation	n/a	142.6	59.9	654.0	n/a	n/a	n/a	n/a
139.945	0.204	saccade	n/a	142.2	63.7	n/a	360.4	92.0	8.73	420.0
139.975	0.132	blink	n/a	n/a	n/a	n/a	n/a	n/a	n/a	n/a
140.151	0.234	fixation	n/a	360.7	67.5	756.0	n/a	n/a	n/a	n/a
140.387	0.034	saccade	n/a	360.1	66.3	n/a	411.7	70.4	2.09	235.0
140.423	0.126	fixation	n/a	418.3	68.8	782.0	n/a	n/a	n/a	n/a
140.551	0.032	saccade	n/a	419.6	69.2	n/a	558.1	84.1	5.58	350.0
140.585	0.318	fixation	n/a	555.1	84.2	741.0	n/a	n/a	n/a	n/a
140.905	0.022	saccade	n/a	557.6	85.7	n/a	624.3	87.3	2.64	218.0
140.929	0.14	fixation	n/a	611.8	87.1	762.0	n/a	n/a	n/a	n/a
141.071	0.056	saccade	n/a	611.8	85.6	n/a	182.5	122.8	16.97	586.0
141.129	0.154	fixation	n/a	177.5	126.4	843.0	n/a	n/a	n/a	n/a
141.172	0.0	trigger_11	11	n/a	n/a	n/a	n/a	n/a	n/a	n/a
141.182	0.0	trigger_10	10	n/a	n/a	n/a	n/a	n/a	n/a	n/a
141.285	0.032	saccade	n/a	174.9	128.1	n/a	144.3	122.9	1.22	201.0
141.319	0.132	fixation	n/a	132.9	128.7	869.0	n/a	n/a	n/a	n/a
141.453	0.034	saccade	n/a	132.5	129.1	n/a	182.6	130.6	1.96	242.0
141.489	0.064	fixation	n/a	188.8	128.6	894.0	n/a	n/a	n/a	n/a
141.555	0.04	saccade	n/a	191.7	128.0	n/a	212.9	52.1	3.19	194.0
141.597	0.328	fixation	n/a	205.2	50.6	883.0	n/a	n/a	n/a	n/a
141.927	0.032	saccade	n/a	207.2	54.7	n/a	177.9	61.4	1.19	180.0
141.961	0.126	fixation	n/a	169.3	66.4	901.0	n/a	n/a	n/a	n/a
142.089	0.032	saccade	n/a	169.0	66.9	n/a	293.8	70.8	4.95	327.0
142.123	0.224	fixation	n/a	287.3	67.1	901.0	n/a	n/a	n/a	n/a
142.349	0.024	saccade	n/a	289.4	65.8	n/a	370.1	67.5	3.24	254.0
142.375	0.18	fixation	n/a	358.7	67.3	865.0	n/a	n/a	n/a	n/a
142.557	0.03	saccade	n/a	359.7	66.1	n/a	459.1	73.1	4.01	271.0
142.589	0.29	fixation	n/a	452.4	70.3	838.0	n/a	n/a	n/a	n/a
142.881	0.028	saccade	n/a	456.6	69.6	n/a	569.1	78.0	4.5	286.0
142.911	0.348	fixation	n/a	567.8	80.3	750.0	n/a	n/a	n/a	n/a
143.261	0.054	saccade	n/a	568.9	79.2	n/a	426.2	71.9	5.72	276.0
143.317	0.048	fixation	n/a	413.3	74.9	729.0	n/a	n/a	n/a	n/a
143.367	0.036	saccade	n/a	412.0	75.9	n/a	225.8	77.2	7.45	320.0
143.405	0.094	fixation	n/a	195.1	77.8	738.0	n/a	n/a	n/a	n/a
143.501	0.006	saccade	n/a	185.9	75.8	n/a	179.0	74.4	0.28	42.0
143.509	0.216	fixation	n/a	182.6	71.2	748.0	n/a	n/a	n/a	n/a
143.727	0.036	saccade	n/a	184.6	70.0	n/a	262.5	70.4	3.09	248.0
143.765	0.268	fixation	n/a	274.8	67.3	722.0	n/a	n/a	n/a	n/a
144.035	0.024	saccade	n/a	279.4	67.9	n/a	356.1	69.0	3.08	231.0
144.061	0.12	fixation	n/a	346.6	71.9	697.0	n/a	n/a	n/a	n/a
144.183	0.036	saccade	n/a	347.5	72.7	n/a	278.6	69.6	2.76	280.0
144.221	0.256	fixation	n/a	267.6	71.5	708.0	n/a	n/a	n/a	n/a
144.479	0.028	saccade	n/a	267.4	70.5	n/a	358.4	67.8	3.66	238.0
144.509	0.678	fixation	n/a	356.6	74.3	743.0	n/a	n/a	n/a	n/a
145.189	0.024	saccade	n/a	357.4	73.3	n/a	426.3	69.6	2.78	207.0
145.215	0.226	fixation	n/a	417.5	72.4	805.0	n/a	n/a	n/a	n/a
145.443	0.026	saccade	n/a	419.2	74.1	n/a	518.7	82.1	4.01	286.0
145.471	0.156	fixation	n/a	512.0	82.5	795.0	n/a	n/a	n/a	n/a
145.629	0.016	saccade	n/a	510.9	82.9	n/a	482.2	77.3	1.17	101.0
145.647	0.098	fixation	n/a	492.8	79.9	777.0	n/a	n/a	n/a	n/a
145.747	0.026	saccade	n/a	492.9	79.9	n/a	573.4	89.6	3.24	222.0
145.775	0.09	fixation	n/a	565.8	87.6	728.0	n/a	n/a	n/a	n/a
145.812	0.0	trigger_11	11	n/a	n/a	n/a	n/a	n/a	n/a	n/a
145.824	0.0	trigger_10	10	n/a	n/a	n/a	n/a	n/a	n/a	n/a
145.867	0.052	saccade	n/a	566.6	87.0	n/a	214.8	123.7	14.04	496.0
145.921	0.304	fixation	n/a	202.9	130.2	791.0	n/a	n/a	n/a	n/a
146.227	0.036	saccade	n/a	200.5	131.5	n/a	295.1	135.4	3.76	340.0
146.265	0.242	fixation	n/a	307.7	130.7	794.0	n/a	n/a	n/a	n/a
146.509	0.034	saccade	n/a	311.1	130.6	n/a	386.8	138.0	3.06	282.0
146.545	0.256	fixation	n/a	394.2	133.9	729.0	n/a	n/a	n/a	n/a
146.803	0.032	saccade	n/a	395.3	135.9	n/a	453.6	144.2	2.37	222.0
146.837	0.252	fixation	n/a	459.5	141.2	723.0	n/a	n/a	n/a	n/a
147.091	0.02	saccade	n/a	462.4	137.4	n/a	510.6	140.2	1.94	148.0
147.113	0.136	fixation	n/a	500.6	139.7	672.0	n/a	n/a	n/a	n/a
147.251	0.062	saccade	n/a	499.4	143.3	n/a	399.8	460.7	13.17	350.0
147.315	0.116	fixation	n/a	386.8	464.3	680.0	n/a	n/a	n/a	n/a
147.433	0.022	saccade	n/a	384.3	473.5	n/a	419.3	518.4	2.18	158.0
147.457	0.24	fixation	n/a	409.3	514.2	699.0	n/a	n/a	n/a	n/a
147.699	0.048	saccade	n/a	409.1	513.1	n/a	391.4	302.9	8.21	286.0
147.749	0.04	fixation	n/a	391.3	273.0	686.0	n/a	n/a	n/a	n/a
147.791	0.036	saccade	n/a	391.0	250.8	n/a	385.8	184.6	2.7	92.0
147.829	0.23	fixation	n/a	369.7	129.1	628.0	n/a	n/a	n/a	n/a
148.061	0.024	saccade	n/a	364.3	117.5	n/a	296.2	93.7	2.91	186.0
148.087	0.036	fixation	n/a	302.3	85.5	619.0	n/a	n/a	n/a	n/a
148.125	0.032	saccade	n/a	299.7	85.4	n/a	172.1	60.1	5.17	298.0
148.159	0.336	fixation	n/a	168.3	66.7	692.0	n/a	n/a	n/a	n/a
148.497	0.036	saccade	n/a	169.5	69.3	n/a	246.8	75.3	3.06	248.0
148.535	0.154	fixation	n/a	257.4	72.1	739.0	n/a	n/a	n/a	n/a
148.691	0.026	saccade	n/a	259.9	72.9	n/a	368.7	64.2	4.38	316.0
148.719	0.16	fixation	n/a	363.4	68.1	744.0	n/a	n/a	n/a	n/a
148.881	0.02	saccade	n/a	364.7	68.0	n/a	319.5	66.6	1.82	138.0
148.903	0.124	fixation	n/a	331.9	68.5	732.0	n/a	n/a	n/a	n/a
149.029	0.032	saccade	n/a	332.6	69.2	n/a	468.5	79.9	5.48	333.0
149.063	0.25	fixation	n/a	465.3	77.2	688.0	n/a	n/a	n/a	n/a
149.315	0.026	saccade	n/a	467.2	75.0	n/a	552.6	76.0	3.42	228.0
149.343	0.166	fixation	n/a	548.2	77.2	645.0	n/a	n/a	n/a	n/a
149.511	0.056	saccade	n/a	544.0	78.6	n/a	184.6	131.1	14.39	434.0
149.569	0.166	fixation	n/a	181.6	132.5	679.0	n/a	n/a	n/a	n/a
149.737	0.024	saccade	n/a	177.4	134.2	n/a	131.1	127.0	1.84	166.0
149.763	0.132	fixation	n/a	139.0	131.9	683.0	n/a	n/a	n/a	n/a
149.897	0.034	saccade	n/a	137.6	134.8	n/a	212.0	132.7	2.92	252.0
149.933	0.232	fixation	n/a	218.4	132.6	683.0	n/a	n/a	n/a	n/a
150.167	0.026	saccade	n/a	219.1	135.1	n/a	299.7	133.2	3.22	255.0
150.195	0.226	fixation	n/a	291.8	133.3	686.0	n/a	n/a	n/a	n/a
150.252	0.0	trigger_11	11	n/a	n/a	n/a	n/a	n/a	n/a	n/a
150.266	0.0	trigger_10	10	n/a	n/a	n/a	n/a	n/a	n/a	n/a
150.423	0.03	saccade	n/a	290.8	134.2	n/a	405.5	133.7	4.61	303.0
150.455	0.152	fixation	n/a	399.2	131.6	686.0	n/a	n/a	n/a	n/a
150.609	0.026	saccade	n/a	400.7	132.7	n/a	506.3	133.4	4.24	281.0
150.637	0.208	fixation	n/a	506.5	136.1	656.0	n/a	n/a	n/a	n/a
150.847	0.026	saccade	n/a	508.1	136.7	n/a	597.1	139.3	3.54	268.0
150.875	0.098	fixation	n/a	589.6	140.6	620.0	n/a	n/a	n/a	n/a
150.975	0.062	saccade	n/a	591.0	141.2	n/a	193.6	198.1	15.84	486.0
151.039	0.292	fixation	n/a	188.1	204.4	662.0	n/a	n/a	n/a	n/a
151.333	0.032	saccade	n/a	188.4	207.2	n/a	234.4	204.7	1.82	219.0
151.367	0.226	fixation	n/a	241.6	202.3	704.0	n/a	n/a	n/a	n/a
151.595	0.03	saccade	n/a	242.9	201.3	n/a	383.8	208.6	5.63	350.0
151.627	0.306	fixation	n/a	385.0	208.9	685.0	n/a	n/a	n/a	n/a
151.935	0.026	saccade	n/a	387.4	209.1	n/a	469.0	207.5	3.28	224.0
151.963	0.148	fixation	n/a	462.2	208.2	649.0	n/a	n/a	n/a	n/a
152.113	0.022	saccade	n/a	464.9	197.6	n/a	436.6	130.0	2.98	183.0
152.137	0.338	fixation	n/a	422.7	60.8	591.0	n/a	n/a	n/a	n/a
152.477	0.046	saccade	n/a	417.3	57.9	n/a	167.9	58.1	9.92	393.0
152.525	0.222	fixation	n/a	171.0	59.2	602.0	n/a	n/a	n/a	n/a
152.749	0.024	saccade	n/a	172.9	59.5	n/a	235.8	58.4	2.48	164.0
152.775	0.192	fixation	n/a	229.0	62.2	621.0	n/a	n/a	n/a	n/a
152.969	0.026	saccade	n/a	229.7	64.6	n/a	313.8	65.7	3.36	222.0
152.997	0.144	fixation	n/a	306.1	67.7	648.0	n/a	n/a	n/a	n/a
153.143	0.038	saccade	n/a	307.8	68.5	n/a	466.5	73.6	6.38	315.0
153.183	0.134	fixation	n/a	466.9	72.8	669.0	n/a	n/a	n/a	n/a
153.319	0.024	saccade	n/a	467.3	74.2	n/a	554.2	80.5	3.49	266.0
153.345	0.096	fixation	n/a	540.2	81.1	674.0	n/a	n/a	n/a	n/a
153.443	0.06	saccade	n/a	542.3	81.1	n/a	144.5	119.5	15.77	508.0
153.505	0.21	fixation	n/a	142.1	123.5	734.0	n/a	n/a	n/a	n/a
153.717	0.028	saccade	n/a	138.5	125.6	n/a	253.6	132.7	4.54	309.0
153.747	0.262	fixation	n/a	245.3	132.5	805.0	n/a	n/a	n/a	n/a
154.011	0.048	saccade	n/a	246.1	133.4	n/a	346.8	139.6	4.04	260.0
154.061	0.246	fixation	n/a	361.8	140.0	868.0	n/a	n/a	n/a	n/a
154.309	0.022	saccade	n/a	364.2	140.2	n/a	416.3	137.3	2.1	175.0
154.333	0.19	fixation	n/a	407.8	137.8	820.0	n/a	n/a	n/a	n/a
154.525	0.024	saccade	n/a	409.8	137.1	n/a	494.7	138.9	3.42	236.0
154.551	0.214	fixation	n/a	488.1	142.4	783.0	n/a	n/a	n/a	n/a
154.767	0.026	saccade	n/a	489.1	145.7	n/a	585.0	144.5	3.83	270.0
154.795	0.242	fixation	n/a	578.0	147.3	762.0	n/a	n/a	n/a	n/a
155.039	0.032	saccade	n/a	581.9	147.2	n/a	646.9	149.1	2.56	224.0
155.073	0.136	fixation	n/a	651.9	145.9	709.0	n/a	n/a	n/a	n/a
155.211	0.05	saccade	n/a	652.6	145.8	n/a	483.4	139.5	6.71	428.0
155.263	0.07	fixation	n/a	470.0	142.1	703.0	n/a	n/a	n/a	n/a
155.335	0.248	saccade	n/a	470.7	150.0	n/a	387.7	197.5	3.85	775.0
155.361	0.162	blink	n/a	n/a	n/a	n/a	n/a	n/a	n/a	n/a
155.585	0.374	fixation	n/a	383.0	136.0	722.0	n/a	n/a	n/a	n/a
155.961	0.024	saccade	n/a	378.3	127.6	n/a	292.7	129.8	3.44	268.0
155.987	0.148	fixation	n/a	296.2	133.3	708.0	n/a	n/a	n/a	n/a
156.137	0.024	saccade	n/a	294.1	134.5	n/a	218.2	133.1	3.02	192.0
156.163	0.32	fixation	n/a	222.2	137.3	666.0	n/a	n/a	n/a	n/a
156.485	0.05	saccade	n/a	224.1	137.4	n/a	481.4	93.4	10.43	364.0
156.537	0.262	fixation	n/a	487.4	91.5	637.0	n/a	n/a	n/a	n/a
156.801	0.054	saccade	n/a	488.3	92.1	n/a	341.6	76.2	5.93	405.0
156.857	0.192	fixation	n/a	337.9	77.2	687.0	n/a	n/a	n/a	n/a
157.051	0.034	saccade	n/a	334.9	76.2	n/a	260.1	59.8	3.07	334.0
157.087	0.26	fixation	n/a	248.5	66.9	748.0	n/a	n/a	n/a	n/a
157.349	0.034	saccade	n/a	248.7	68.3	n/a	312.3	75.0	2.56	258.0
157.385	0.202	fixation	n/a	321.7	70.1	775.0	n/a	n/a	n/a	n/a
157.589	0.024	saccade	n/a	324.1	69.7	n/a	387.2	72.2	2.54	201.0
157.615	0.198	fixation	n/a	375.3	72.6	751.0	n/a	n/a	n/a	n/a
157.815	0.04	saccade	n/a	374.1	77.1	n/a	294.5	122.1	3.69	289.0
157.857	0.184	fixation	n/a	279.3	124.9	783.0	n/a	n/a	n/a	n/a
158.043	0.022	saccade	n/a	281.0	125.6	n/a	336.5	126.9	2.23	170.0
158.067	0.242	fixation	n/a	331.9	131.8	771.0	n/a	n/a	n/a	n/a
158.311	0.024	saccade	n/a	335.3	133.4	n/a	397.2	130.9	2.49	185.0
158.337	0.174	fixation	n/a	386.7	134.6	734.0	n/a	n/a	n/a	n/a
158.513	0.028	saccade	n/a	388.7	133.3	n/a	477.4	134.5	3.57	212.0
158.543	0.218	fixation	n/a	478.3	142.2	722.0	n/a	n/a	n/a	n/a
158.692	0.0	trigger_11	11	n/a	n/a	n/a	n/a	n/a	n/a	n/a
158.706	0.0	trigger_10	10	n/a	n/a	n/a	n/a	n/a	n/a	n/a
158.763	0.026	saccade	n/a	479.3	143.8	n/a	581.0	142.9	4.06	278.0
158.791	0.184	fixation	n/a	581.3	144.1	705.0	n/a	n/a	n/a	n/a
158.977	0.022	saccade	n/a	581.5	145.3	n/a	647.6	147.6	2.6	204.0
159.001	0.08	fixation	n/a	645.6	149.0	695.0	n/a	n/a	n/a	n/a
159.083	0.07	saccade	n/a	646.7	149.1	n/a	159.2	171.2	19.1	523.0
159.155	0.288	fixation	n/a	156.9	173.8	756.0	n/a	n/a	n/a	n/a
159.445	0.062	saccade	n/a	153.8	173.8	n/a	407.5	154.3	10.1	365.0
159.509	0.216	fixation	n/a	423.3	161.0	844.0	n/a	n/a	n/a	n/a
159.727	0.048	saccade	n/a	424.0	161.0	n/a	298.6	150.4	5.05	341.0
159.777	0.146	fixation	n/a	283.5	151.2	878.0	n/a	n/a	n/a	n/a
159.925	0.026	saccade	n/a	281.3	147.1	n/a	192.4	131.4	3.59	260.0
159.953	0.168	fixation	n/a	194.5	134.3	838.0	n/a	n/a	n/a	n/a
160.123	0.022	saccade	n/a	192.1	134.3	n/a	141.3	135.0	2.0	134.0
160.147	0.144	fixation	n/a	150.6	137.3	846.0	n/a	n/a	n/a	n/a
160.293	0.04	saccade	n/a	151.4	138.0	n/a	232.0	135.5	3.17	235.0
160.335	0.59	fixation	n/a	243.9	133.5	821.0	n/a	n/a	n/a	n/a
160.927	0.032	saccade	n/a	243.9	133.2	n/a	203.4	104.5	1.98	199.0
160.961	0.056	fixation	n/a	197.8	106.0	820.0	n/a	n/a	n/a	n/a
161.019	0.022	saccade	n/a	194.9	101.6	n/a	173.4	65.2	1.7	127.0
161.043	0.216	fixation	n/a	183.9	76.5	793.0	n/a	n/a	n/a	n/a
161.261	0.22	saccade	n/a	191.4	85.1	n/a	133.8	156.0	3.64	648.0
161.283	0.152	blink	n/a	n/a	n/a	n/a	n/a	n/a	n/a	n/a
161.483	0.266	fixation	n/a	145.2	77.4	735.0	n/a	n/a	n/a	n/a
161.751	0.036	saccade	n/a	145.6	69.7	n/a	219.3	70.8	2.9	256.0
161.789	0.312	fixation	n/a	229.2	70.0	767.0	n/a	n/a	n/a	n/a
162.103	0.028	saccade	n/a	231.7	72.1	n/a	322.3	72.8	3.62	238.0
162.133	0.438	fixation	n/a	313.6	76.5	766.0	n/a	n/a	n/a	n/a
162.573	0.034	saccade	n/a	314.8	77.0	n/a	374.2	74.0	2.39	244.0
162.609	0.148	fixation	n/a	380.3	73.2	743.0	n/a	n/a	n/a	n/a
162.759	0.026	saccade	n/a	382.0	73.6	n/a	477.3	78.0	3.84	267.0
162.787	0.178	fixation	n/a	469.7	79.5	750.0	n/a	n/a	n/a	n/a
162.967	0.022	saccade	n/a	471.0	81.1	n/a	532.3	85.4	2.46	191.0
162.991	0.17	fixation	n/a	521.9	86.8	765.0	n/a	n/a	n/a	n/a
163.163	0.062	saccade	n/a	520.8	87.4	n/a	182.3	122.5	13.51	473.0
163.227	0.29	fixation	n/a	180.5	125.0	809.0	n/a	n/a	n/a	n/a
163.519	0.036	saccade	n/a	176.4	125.4	n/a	248.9	134.0	2.89	270.0
163.557	0.198	fixation	n/a	256.5	132.2	846.0	n/a	n/a	n/a	n/a
163.757	0.048	saccade	n/a	257.8	136.1	n/a	395.8	150.8	5.56	309.0
163.807	0.174	fixation	n/a	410.1	150.2	863.0	n/a	n/a	n/a	n/a
163.983	0.024	saccade	n/a	411.0	151.9	n/a	473.9	152.6	2.53	189.0
164.009	0.112	fixation	n/a	462.7	149.8	806.0	n/a	n/a	n/a	n/a
164.123	0.03	saccade	n/a	464.8	152.9	n/a	579.2	148.6	4.57	291.0
164.155	0.13	fixation	n/a	574.7	150.0	757.0	n/a	n/a	n/a	n/a
164.287	0.018	saccade	n/a	575.4	150.8	n/a	618.0	145.9	1.7	111.0
164.307	0.022	fixation	n/a	618.9	148.1	711.0	n/a	n/a	n/a	n/a
164.331	0.068	saccade	n/a	612.6	146.7	n/a	185.8	190.8	16.9	423.0
164.401	0.25	fixation	n/a	188.7	192.4	751.0	n/a	n/a	n/a	n/a
164.653	0.05	saccade	n/a	188.7	191.1	n/a	386.2	212.8	7.9	382.0
164.705	0.24	fixation	n/a	401.6	212.4	770.0	n/a	n/a	n/a	n/a
164.947	0.024	saccade	n/a	403.7	212.1	n/a	501.6	210.5	3.92	284.0
164.973	0.148	fixation	n/a	507.8	216.5	733.0	n/a	n/a	n/a	n/a
165.123	0.022	saccade	n/a	512.9	216.9	n/a	584.5	205.1	2.88	217.0
165.147	0.086	fixation	n/a	596.6	208.5	671.0	n/a	n/a	n/a	n/a
165.235	0.06	saccade	n/a	598.0	208.6	n/a	188.8	238.7	16.12	502.0
165.297	0.304	fixation	n/a	187.1	246.4	673.0	n/a	n/a	n/a	n/a
165.603	0.034	saccade	n/a	183.8	247.9	n/a	385.5	266.8	8.02	453.0
165.639	0.312	fixation	n/a	395.0	269.0	700.0	n/a	n/a	n/a	n/a
165.953	0.032	saccade	n/a	397.3	272.7	n/a	454.4	277.5	2.29	247.0
165.987	0.188	fixation	n/a	462.9	275.9	671.0	n/a	n/a	n/a	n/a
166.177	0.028	saccade	n/a	464.8	276.3	n/a	577.0	287.2	4.47	261.0
166.207	0.096	fixation	n/a	573.6	286.8	643.0	n/a	n/a	n/a	n/a
166.305	0.052	saccade	n/a	575.0	284.4	n/a	402.2	129.1	9.31	450.0
166.359	0.05	fixation	n/a	396.7	113.1	619.0	n/a	n/a	n/a	n/a
166.411	0.02	saccade	n/a	396.9	108.0	n/a	392.8	76.7	1.29	78.0
166.433	0.104	fixation	n/a	395.8	75.1	617.0	n/a	n/a	n/a	n/a
166.539	0.03	saccade	n/a	396.7	74.5	n/a	517.5	72.4	4.85	284.0
166.571	0.218	fixation	n/a	511.3	74.2	630.0	n/a	n/a	n/a	n/a
166.791	0.022	saccade	n/a	509.7	75.3	n/a	557.0	78.8	1.89	147.0
166.815	0.054	fixation	n/a	544.5	79.9	679.0	n/a	n/a	n/a	n/a
166.871	0.07	saccade	n/a	543.4	80.3	n/a	183.4	136.6	14.44	516.0
166.943	0.264	fixation	n/a	165.3	145.5	796.0	n/a	n/a	n/a	n/a
167.209	0.038	saccade	n/a	164.8	145.8	n/a	263.5	136.1	3.93	366.0
167.249	0.23	fixation	n/a	278.2	132.1	795.0	n/a	n/a	n/a	n/a
167.481	0.034	saccade	n/a	282.2	131.3	n/a	415.4	145.0	5.38	398.0
167.517	0.452	fixation	n/a	425.0	141.2	761.0	n/a	n/a	n/a	n/a
167.971	0.046	saccade	n/a	423.4	156.5	n/a	295.1	283.6	7.27	320.0
168.019	0.208	fixation	n/a	286.2	286.8	753.0	n/a	n/a	n/a	n/a
168.229	0.03	saccade	n/a	285.3	287.4	n/a	415.9	274.4	5.23	346.0
168.261	0.436	fixation	n/a	415.2	275.9	667.0	n/a	n/a	n/a	n/a
168.699	0.022	saccade	n/a	416.0	274.9	n/a	387.6	213.9	2.72	180.0
168.723	0.462	fixation	n/a	386.9	204.6	620.0	n/a	n/a	n/a	n/a
169.166	0.0	trigger_11	11	n/a	n/a	n/a	n/a	n/a	n/a	n/a
169.182	0.0	trigger_10	10	n/a	n/a	n/a	n/a	n/a	n/a	n/a
169.187	0.256	saccade	n/a	397.7	224.6	n/a	406.9	269.9	1.87	568.0
169.211	0.224	blink	n/a	n/a	n/a	n/a	n/a	n/a	n/a	n/a
169.445	0.336	fixation	n/a	202.2	232.0	589.0	n/a	n/a	n/a	n/a
169.783	0.058	saccade	n/a	189.5	209.7	n/a	465.3	216.9	10.97	333.0
169.843	0.358	fixation	n/a	474.9	219.0	642.0	n/a	n/a	n/a	n/a
170.203	0.022	saccade	n/a	478.3	229.6	n/a	464.1	261.6	1.41	92.0
170.227	0.18	fixation	n/a	452.5	275.5	605.0	n/a	n/a	n/a	n/a
170.409	0.04	saccade	n/a	449.3	275.2	n/a	373.3	267.8	3.05	190.0
170.451	0.306	fixation	n/a	367.8	273.9	597.0	n/a	n/a	n/a	n/a
170.759	0.044	saccade	n/a	366.2	275.0	n/a	244.0	277.2	4.86	334.0
170.805	0.148	fixation	n/a	230.8	282.3	606.0	n/a	n/a	n/a	n/a
170.955	0.032	saccade	n/a	231.9	281.2	n/a	273.8	154.8	5.36	297.0
170.989	0.442	fixation	n/a	286.5	140.8	645.0	n/a	n/a	n/a	n/a
171.433	0.026	saccade	n/a	283.9	138.6	n/a	252.9	79.0	2.72	171.0
171.461	0.064	fixation	n/a	255.1	89.0	726.0	n/a	n/a	n/a	n/a
171.527	0.032	saccade	n/a	251.0	87.0	n/a	216.5	61.3	1.72	203.0
171.561	0.364	fixation	n/a	206.9	66.7	761.0	n/a	n/a	n/a	n/a
171.574	0.0	trigger_11	11	n/a	n/a	n/a	n/a	n/a	n/a	n/a
171.588	0.0	trigger_12	12	n/a	n/a	n/a	n/a	n/a	n/a	n/a
171.927	0.032	saccade	n/a	205.1	65.9	n/a	309.6	68.3	4.16	314.0
171.961	0.156	fixation	n/a	303.9	64.5	811.0	n/a	n/a	n/a	n/a
172.119	0.028	saccade	n/a	305.6	64.5	n/a	428.4	64.2	4.94	352.0
172.149	0.212	fixation	n/a	419.6	66.2	853.0	n/a	n/a	n/a	n/a
172.363	0.024	saccade	n/a	421.0	68.4	n/a	487.2	78.0	2.69	209.0
172.389	0.248	fixation	n/a	473.3	75.2	882.0	n/a	n/a	n/a	n/a
172.639	0.02	saccade	n/a	472.4	76.7	n/a	544.9	82.0	2.91	226.0
172.661	0.23	fixation	n/a	550.9	88.9	856.0	n/a	n/a	n/a	n/a
172.893	0.048	saccade	n/a	549.4	91.1	n/a	238.7	107.4	12.4	449.0
172.943	0.112	fixation	n/a	225.7	114.5	867.0	n/a	n/a	n/a	n/a
173.057	0.026	saccade	n/a	222.4	116.6	n/a	135.0	121.1	3.44	234.0
173.085	0.246	fixation	n/a	142.0	130.9	868.0	n/a	n/a	n/a	n/a
173.333	0.03	saccade	n/a	142.6	133.9	n/a	236.7	143.2	3.73	238.0
173.365	0.1	fixation	n/a	232.7	143.1	893.0	n/a	n/a	n/a	n/a
173.467	0.022	saccade	n/a	233.8	141.1	n/a	218.7	82.9	2.44	147.0
173.491	0.344	fixation	n/a	218.4	64.3	839.0	n/a	n/a	n/a	n/a
173.542	0.0	trigger_13	13	n/a	n/a	n/a	n/a	n/a	n/a	n/a
173.554	0.0	trigger_10	10	n/a	n/a	n/a	n/a	n/a	n/a	n/a
173.837	0.034	saccade	n/a	214.6	66.8	n/a	157.3	69.8	2.26	226.0
173.873	0.104	fixation	n/a	149.1	72.5	803.0	n/a	n/a	n/a	n/a
173.979	0.032	saccade	n/a	147.0	72.8	n/a	293.4	71.4	5.79	367.0
174.013	0.204	fixation	n/a	288.2	71.2	803.0	n/a	n/a	n/a	n/a
174.219	0.026	saccade	n/a	289.4	72.9	n/a	406.1	65.9	4.7	296.0
174.247	0.252	fixation	n/a	410.5	70.0	784.0	n/a	n/a	n/a	n/a
174.501	0.032	saccade	n/a	413.4	70.1	n/a	509.6	81.3	3.89	235.0
174.535	0.138	fixation	n/a	505.0	79.9	730.0	n/a	n/a	n/a	n/a
174.675	0.028	saccade	n/a	506.4	80.7	n/a	593.6	93.4	3.51	240.0
174.705	0.14	fixation	n/a	585.7	90.8	706.0	n/a	n/a	n/a	n/a
174.847	0.058	saccade	n/a	583.5	90.8	n/a	201.6	114.7	15.16	519.0
174.907	0.13	fixation	n/a	193.9	118.5	766.0	n/a	n/a	n/a	n/a
175.039	0.024	saccade	n/a	188.7	121.1	n/a	131.3	130.7	2.28	171.0
175.065	0.162	fixation	n/a	139.8	129.0	775.0	n/a	n/a	n/a	n/a
175.229	0.026	saccade	n/a	141.8	126.7	n/a	248.4	81.3	4.59	311.0
175.257	0.224	fixation	n/a	255.7	83.6	778.0	n/a	n/a	n/a	n/a
175.483	0.022	saccade	n/a	254.2	83.7	n/a	191.4	72.1	2.53	202.0
175.507	0.31	fixation	n/a	203.5	77.2	758.0	n/a	n/a	n/a	n/a
175.819	0.022	saccade	n/a	201.8	76.8	n/a	162.2	65.5	1.62	155.0
175.843	0.166	fixation	n/a	169.6	70.0	719.0	n/a	n/a	n/a	n/a
175.982	0.0	trigger_11	11	n/a	n/a	n/a	n/a	n/a	n/a	n/a
176.0	0.0	trigger_10	10	n/a	n/a	n/a	n/a	n/a	n/a	n/a
176.011	0.034	saccade	n/a	170.6	70.0	n/a	223.6	69.4	2.09	211.0
176.047	0.184	fixation	n/a	231.9	68.3	700.0	n/a	n/a	n/a	n/a
176.233	0.028	saccade	n/a	237.6	69.8	n/a	335.5	64.0	3.92	245.0
176.263	0.264	fixation	n/a	331.7	65.5	676.0	n/a	n/a	n/a	n/a
176.529	0.028	saccade	n/a	336.1	66.2	n/a	435.7	67.9	4.01	258.0
176.559	0.152	fixation	n/a	427.9	67.6	648.0	n/a	n/a	n/a	n/a
176.713	0.028	saccade	n/a	429.3	68.9	n/a	545.6	75.9	4.67	328.0
176.743	0.16	fixation	n/a	543.8	79.3	623.0	n/a	n/a	n/a	n/a
176.905	0.022	saccade	n/a	545.7	81.2	n/a	596.1	80.6	2.0	166.0
176.929	0.08	fixation	n/a	586.5	83.9	622.0	n/a	n/a	n/a	n/a
177.011	0.062	saccade	n/a	584.5	84.8	n/a	221.6	107.3	14.43	445.0
177.075	0.154	fixation	n/a	218.8	111.0	675.0	n/a	n/a	n/a	n/a
177.231	0.018	saccade	n/a	214.5	114.2	n/a	167.4	123.0	1.89	142.0
177.251	0.278	fixation	n/a	165.3	130.6	720.0	n/a	n/a	n/a	n/a
177.502	0.0	trigger_11	11	n/a	n/a	n/a	n/a	n/a	n/a	n/a
177.514	0.0	trigger_10	10	n/a	n/a	n/a	n/a	n/a	n/a	n/a
177.531	0.022	saccade	n/a	166.4	132.8	n/a	233.7	129.9	2.66	197.0
177.555	0.182	fixation	n/a	223.3	132.6	716.0	n/a	n/a	n/a	n/a
177.739	0.02	saccade	n/a	227.7	133.0	n/a	280.9	135.1	2.12	165.0
177.761	0.098	fixation	n/a	270.3	136.4	693.0	n/a	n/a	n/a	n/a
177.861	0.024	saccade	n/a	271.1	130.6	n/a	261.0	74.5	2.32	141.0
177.887	0.316	fixation	n/a	268.6	66.6	645.0	n/a	n/a	n/a	n/a
178.205	0.03	saccade	n/a	266.2	67.2	n/a	179.7	64.1	3.43	168.0
178.237	0.126	fixation	n/a	179.5	66.3	631.0	n/a	n/a	n/a	n/a
178.365	0.03	saccade	n/a	181.5	66.0	n/a	303.4	62.4	4.85	254.0
178.397	0.192	fixation	n/a	307.1	64.1	628.0	n/a	n/a	n/a	n/a
178.591	0.026	saccade	n/a	310.6	63.7	n/a	390.2	59.8	3.21	207.0
178.619	0.152	fixation	n/a	384.5	61.4	630.0	n/a	n/a	n/a	n/a
178.773	0.032	saccade	n/a	385.8	62.1	n/a	508.2	70.4	4.93	248.0
178.807	0.324	fixation	n/a	511.9	71.5	616.0	n/a	n/a	n/a	n/a
179.133	0.02	saccade	n/a	517.0	71.4	n/a	560.4	73.1	1.73	112.0
179.155	0.136	fixation	n/a	553.6	75.4	582.0	n/a	n/a	n/a	n/a
179.293	0.068	saccade	n/a	551.8	76.5	n/a	334.0	68.1	8.72	241.0
179.363	0.386	fixation	n/a	286.9	70.9	596.0	n/a	n/a	n/a	n/a
179.751	0.034	saccade	n/a	281.5	72.4	n/a	186.9	64.9	3.77	167.0
179.787	0.278	fixation	n/a	184.0	65.6	610.0	n/a	n/a	n/a	n/a
180.067	0.028	saccade	n/a	181.9	66.5	n/a	293.6	59.6	4.44	278.0
180.097	0.288	fixation	n/a	296.4	64.6	633.0	n/a	n/a	n/a	n/a
180.387	0.018	saccade	n/a	300.9	67.2	n/a	343.1	67.1	1.69	125.0
180.407	0.148	fixation	n/a	342.5	71.8	626.0	n/a	n/a	n/a	n/a
180.557	0.036	saccade	n/a	342.3	73.3	n/a	260.3	65.3	3.3	281.0
180.595	0.166	fixation	n/a	252.5	70.6	633.0	n/a	n/a	n/a	n/a
180.763	0.024	saccade	n/a	254.6	71.5	n/a	335.8	64.3	3.26	187.0
180.789	0.204	fixation	n/a	340.6	69.0	650.0	n/a	n/a	n/a	n/a
180.995	0.028	saccade	n/a	344.8	70.9	n/a	404.6	71.6	2.41	116.0
181.025	0.126	fixation	n/a	402.3	75.8	655.0	n/a	n/a	n/a	n/a
181.153	0.034	saccade	n/a	408.0	80.4	n/a	459.1	85.9	2.07	104.0
181.189	0.232	fixation	n/a	491.4	87.6	618.0	n/a	n/a	n/a	n/a
181.423	0.02	saccade	n/a	510.7	88.9	n/a	560.6	87.6	1.99	148.0
181.445	0.068	fixation	n/a	560.5	86.1	582.0	n/a	n/a	n/a	n/a
181.515	0.064	saccade	n/a	559.6	87.1	n/a	205.3	120.4	14.12	332.0
181.581	0.35	fixation	n/a	184.8	136.5	621.0	n/a	n/a	n/a	n/a
181.933	0.028	saccade	n/a	193.8	139.0	n/a	289.2	132.5	3.8	202.0
181.963	0.182	fixation	n/a	289.0	135.1	643.0	n/a	n/a	n/a	n/a
181.974	0.0	trigger_11	11	n/a	n/a	n/a	n/a	n/a	n/a	n/a
181.984	0.0	trigger_10	10	n/a	n/a	n/a	n/a	n/a	n/a	n/a
182.147	0.026	saccade	n/a	291.1	136.5	n/a	366.9	131.4	3.05	195.0
182.175	0.088	fixation	n/a	358.4	134.3	628.0	n/a	n/a	n/a	n/a
182.265	0.024	saccade	n/a	363.9	135.0	n/a	443.8	133.6	3.22	186.0
182.291	0.212	fixation	n/a	463.7	137.7	589.0	n/a	n/a	n/a	n/a
182.505	0.012	saccade	n/a	477.4	141.2	n/a	491.8	141.0	0.58	48.0
182.519	0.336	fixation	n/a	537.6	148.7	552.0	n/a	n/a	n/a	n/a
182.857	0.082	saccade	n/a	555.7	158.1	n/a	145.3	172.2	16.2	293.0
182.941	0.22	fixation	n/a	135.8	178.8	551.0	n/a	n/a	n/a	n/a
183.163	1.77	saccade	n/a	167.0	191.3	n/a	108.1	123.4	3.56	276.0
183.193	1.704	blink	n/a	n/a	n/a	n/a	n/a	n/a	n/a	n/a
184.935	0.164	fixation	n/a	151.4	118.8	762.0	n/a	n/a	n/a	n/a
185.101	0.018	saccade	n/a	185.0	135.4	n/a	161.9	103.4	1.58	106.0
185.121	0.088	fixation	n/a	177.5	101.6	687.0	n/a	n/a	n/a	n/a
185.166	0.0	trigger_11	11	n/a	n/a	n/a	n/a	n/a	n/a	n/a
185.174	0.0	trigger_12	12	n/a	n/a	n/a	n/a	n/a	n/a	n/a
185.211	0.008	saccade	n/a	189.7	101.4	n/a	184.7	89.8	0.51	61.0
185.221	0.074	fixation	n/a	195.3	95.0	564.0	n/a	n/a	n/a	n/a
185.297	0.01	saccade	n/a	199.1	92.0	n/a	200.8	79.6	0.51	51.0
185.309	0.13	fixation	n/a	204.6	86.5	481.0	n/a	n/a	n/a	n/a
185.441	0.022	saccade	n/a	207.6	88.2	n/a	261.7	57.5	2.48	167.0
185.465	0.142	fixation	n/a	252.1	72.5	449.0	n/a	n/a	n/a	n/a
185.609	0.16	saccade	n/a	256.2	90.3	n/a	363.8	40.4	4.76	305.0
185.631	0.11	blink	n/a	n/a	n/a	n/a	n/a	n/a	n/a	n/a
185.771	0.292	fixation	n/a	366.7	52.8	531.0	n/a	n/a	n/a	n/a
186.065	0.03	saccade	n/a	368.2	57.5	n/a	456.0	62.6	3.54	279.0
186.097	0.136	fixation	n/a	448.9	64.6	641.0	n/a	n/a	n/a	n/a
186.235	0.026	saccade	n/a	451.1	68.5	n/a	547.2	76.3	3.86	261.0
186.263	0.09	fixation	n/a	538.3	77.4	662.0	n/a	n/a	n/a	n/a
186.355	0.05	saccade	n/a	541.7	79.8	n/a	223.0	106.7	12.72	498.0
186.407	0.16	fixation	n/a	213.1	111.3	724.0	n/a	n/a	n/a	n/a
186.569	0.028	saccade	n/a	203.5	113.5	n/a	183.2	123.2	0.89	140.0
186.599	0.104	fixation	n/a	174.7	130.0	725.0	n/a	n/a	n/a	n/a
186.614	0.0	trigger_13	13	n/a	n/a	n/a	n/a	n/a	n/a	n/a
186.626	0.0	trigger_10	10	n/a	n/a	n/a	n/a	n/a	n/a	n/a
186.705	0.026	saccade	n/a	173.9	131.6	n/a	273.1	129.5	3.94	289.0
186.733	0.19	fixation	n/a	262.8	134.1	764.0	n/a	n/a	n/a	n/a
186.925	0.028	saccade	n/a	262.1	134.2	n/a	359.1	128.6	3.89	268.0
186.955	0.186	fixation	n/a	353.7	133.2	784.0	n/a	n/a	n/a	n/a
187.143	0.026	saccade	n/a	353.4	129.4	n/a	333.1	58.1	3.02	149.0
187.171	0.242	fixation	n/a	334.8	65.0	744.0	n/a	n/a	n/a	n/a
187.415	0.036	saccade	n/a	332.6	69.8	n/a	170.3	52.3	6.48	348.0
187.453	0.272	fixation	n/a	171.1	59.9	742.0	n/a	n/a	n/a	n/a
187.727	0.026	saccade	n/a	169.4	62.1	n/a	257.6	60.3	3.49	249.0
187.755	0.168	fixation	n/a	245.5	64.1	775.0	n/a	n/a	n/a	n/a
187.925	0.034	saccade	n/a	244.8	66.5	n/a	401.5	70.5	6.28	377.0
187.961	0.246	fixation	n/a	396.2	71.1	775.0	n/a	n/a	n/a	n/a
188.209	0.026	saccade	n/a	396.0	74.8	n/a	483.1	75.9	3.51	251.0
188.237	0.232	fixation	n/a	473.2	77.2	754.0	n/a	n/a	n/a	n/a
188.471	0.04	saccade	n/a	474.0	77.8	n/a	399.3	61.4	3.08	274.0
188.513	0.318	fixation	n/a	383.4	67.2	763.0	n/a	n/a	n/a	n/a
188.833	0.05	saccade	n/a	379.4	71.1	n/a	200.0	71.8	7.16	394.0
188.885	0.292	fixation	n/a	185.2	74.6	843.0	n/a	n/a	n/a	n/a
189.179	0.034	saccade	n/a	187.9	77.7	n/a	253.0	73.8	2.58	235.0
189.215	0.242	fixation	n/a	261.0	72.1	789.0	n/a	n/a	n/a	n/a
189.459	0.026	saccade	n/a	264.1	73.7	n/a	356.1	68.1	3.7	247.0
189.487	0.268	fixation	n/a	351.5	72.7	757.0	n/a	n/a	n/a	n/a
189.757	0.024	saccade	n/a	351.1	74.4	n/a	283.9	70.3	2.7	184.0
189.783	0.192	fixation	n/a	290.4	72.0	717.0	n/a	n/a	n/a	n/a
189.977	0.026	saccade	n/a	295.9	73.4	n/a	366.0	74.2	2.82	165.0
190.005	0.226	fixation	n/a	357.7	80.1	694.0	n/a	n/a	n/a	n/a
190.233	0.05	saccade	n/a	347.9	81.4	n/a	285.6	76.2	2.51	151.0
190.285	0.226	fixation	n/a	290.7	79.2	672.0	n/a	n/a	n/a	n/a
190.513	0.266	saccade	n/a	315.2	101.3	n/a	233.2	108.5	3.29	459.0
190.537	0.198	blink	n/a	n/a	n/a	n/a	n/a	n/a	n/a	n/a
190.781	0.884	fixation	n/a	252.0	83.4	640.0	n/a	n/a	n/a	n/a
191.667	0.03	saccade	n/a	252.7	90.0	n/a	353.5	77.9	4.07	259.0
191.699	0.208	fixation	n/a	348.3	79.5	693.0	n/a	n/a	n/a	n/a
191.909	0.024	saccade	n/a	350.2	78.7	n/a	418.0	74.8	2.73	224.0
191.935	0.294	fixation	n/a	407.5	75.6	719.0	n/a	n/a	n/a	n/a
192.231	0.022	saccade	n/a	409.3	77.7	n/a	462.5	77.4	2.14	158.0
192.255	0.264	fixation	n/a	454.9	79.9	689.0	n/a	n/a	n/a	n/a
192.521	0.028	saccade	n/a	456.6	80.3	n/a	560.3	86.8	4.16	278.0
192.551	0.138	fixation	n/a	559.4	86.5	678.0	n/a	n/a	n/a	n/a
192.691	0.066	saccade	n/a	557.9	85.6	n/a	177.0	127.8	15.18	392.0
192.759	0.186	fixation	n/a	175.0	129.1	703.0	n/a	n/a	n/a	n/a
192.947	0.028	saccade	n/a	175.6	129.7	n/a	277.1	126.7	4.03	272.0
192.977	0.212	fixation	n/a	272.7	130.1	698.0	n/a	n/a	n/a	n/a
193.191	0.024	saccade	n/a	276.3	131.5	n/a	350.4	130.7	2.98	207.0
193.217	0.192	fixation	n/a	342.7	135.2	693.0	n/a	n/a	n/a	n/a
193.411	0.036	saccade	n/a	344.8	137.3	n/a	463.8	144.2	4.79	226.0
193.449	0.144	fixation	n/a	459.6	144.0	653.0	n/a	n/a	n/a	n/a
193.595	0.026	saccade	n/a	461.3	143.7	n/a	554.8	141.2	3.74	254.0
193.623	0.152	fixation	n/a	550.2	144.9	610.0	n/a	n/a	n/a	n/a
193.777	0.024	saccade	n/a	556.1	144.1	n/a	630.3	142.8	2.93	175.0
193.803	0.168	fixation	n/a	631.4	144.6	568.0	n/a	n/a	n/a	n/a
193.973	0.08	saccade	n/a	628.2	146.3	n/a	187.7	183.4	17.37	397.0
193.974	0.0	trigger_11	11	n/a	n/a	n/a	n/a	n/a	n/a	n/a
193.976	0.0	trigger_18	18	n/a	n/a	n/a	n/a	n/a	n/a	n/a
194.055	0.144	fixation	n/a	187.3	188.1	585.0	n/a	n/a	n/a	n/a
194.201	0.02	saccade	n/a	182.5	189.8	n/a	140.1	195.1	1.67	102.0
194.223	0.188	fixation	n/a	143.7	199.8	589.0	n/a	n/a	n/a	n/a
194.413	0.024	saccade	n/a	144.4	201.6	n/a	214.0	195.1	2.74	190.0
194.439	0.16	fixation	n/a	208.2	199.3	601.0	n/a	n/a	n/a	n/a
194.601	0.024	saccade	n/a	209.1	200.2	n/a	302.9	191.9	3.74	255.0
194.627	0.256	fixation	n/a	318.1	198.0	586.0	n/a	n/a	n/a	n/a
194.885	0.024	saccade	n/a	322.9	197.9	n/a	388.7	197.4	2.64	174.0
194.911	0.19	fixation	n/a	386.1	198.2	567.0	n/a	n/a	n/a	n/a
195.103	0.03	saccade	n/a	391.2	198.0	n/a	469.4	194.7	3.14	156.0
195.135	0.182	fixation	n/a	466.3	195.1	533.0	n/a	n/a	n/a	n/a
195.319	0.024	saccade	n/a	469.9	194.1	n/a	526.7	195.0	2.27	122.0
195.345	0.05	fixation	n/a	528.5	194.4	516.0	n/a	n/a	n/a	n/a
195.397	0.056	saccade	n/a	530.0	194.5	n/a	193.5	122.2	13.67	388.0
195.455	0.252	fixation	n/a	140.6	88.9	529.0	n/a	n/a	n/a	n/a
195.709	0.014	saccade	n/a	139.8	84.1	n/a	152.4	65.7	0.89	74.0
195.725	0.706	fixation	n/a	155.3	81.2	594.0	n/a	n/a	n/a	n/a
196.433	0.038	saccade	n/a	179.7	103.6	n/a	277.7	154.2	4.4	262.0
196.473	0.166	fixation	n/a	274.7	143.9	661.0	n/a	n/a	n/a	n/a
196.641	0.08	saccade	n/a	274.1	145.7	n/a	522.9	501.7	17.01	481.0
196.723	0.302	fixation	n/a	516.6	514.5	701.0	n/a	n/a	n/a	n/a
197.027	0.04	saccade	n/a	517.6	517.9	n/a	433.8	525.8	3.24	281.0
197.069	0.176	fixation	n/a	422.3	528.4	590.0	n/a	n/a	n/a	n/a
197.247	0.054	saccade	n/a	420.6	529.9	n/a	249.6	538.4	6.57	383.0
197.303	0.04	fixation	n/a	239.7	538.4	655.0	n/a	n/a	n/a	n/a
197.345	0.33	saccade	n/a	244.2	533.8	n/a	252.2	605.4	2.64	391.0
197.367	0.276	blink	n/a	n/a	n/a	n/a	n/a	n/a	n/a	n/a
197.677	0.194	fixation	n/a	226.0	541.2	702.0	n/a	n/a	n/a	n/a
197.873	0.08	saccade	n/a	214.7	501.8	n/a	215.4	149.2	13.75	377.0
197.955	0.316	fixation	n/a	230.1	181.7	906.0	n/a	n/a	n/a	n/a
198.273	0.052	saccade	n/a	235.6	192.6	n/a	408.1	204.5	6.9	415.0
198.327	0.168	fixation	n/a	417.8	205.5	882.0	n/a	n/a	n/a	n/a
