onset	duration	trial_type	value	gaze_x	gaze_y	pupil_size	sacc_endx	sacc_endy	sacc_amplitude	sacc_peakvel
2.022	0.25	fixation	n/a	325.7	245.3	757.0	n/a	n/a	n/a	n/a
2.058	0.0	trigger_102	102	n/a	n/a	n/a	n/a	n/a	n/a	n/a
2.058	0.0	trigger_19	19	n/a	n/a	n/a	n/a	n/a	n/a	n/a
2.066	0.0	trigger_10	10	n/a	n/a	n/a	n/a	n/a	n/a	n/a
2.274	0.026	saccade	n/a	329.3	247.8	n/a	408.3	293.2	3.65	277.0
2.302	0.6	fixation	n/a	397.8	293.1	730.0	n/a	n/a	n/a	n/a
2.904	0.008	saccade	n/a	403.4	299.2	n/a	412.4	307.2	0.48	60.0
2.914	0.09	fixation	n/a	411.4	307.6	703.0	n/a	n/a	n/a	n/a
3.006	0.248	saccade	n/a	411.3	316.2	n/a	411.2	339.8	0.94	457.0
3.042	0.174	blink	n/a	n/a	n/a	n/a	n/a	n/a	n/a	n/a
3.256	0.676	fixation	n/a	401.7	298.6	724.0	n/a	n/a	n/a	n/a
3.934	0.03	saccade	n/a	402.7	298.2	n/a	443.9	308.4	1.69	182.0
3.966	0.136	fixation	n/a	450.4	306.5	629.0	n/a	n/a	n/a	n/a
4.104	0.218	saccade	n/a	452.0	312.5	n/a	356.8	247.7	4.61	533.0
4.15	0.134	blink	n/a	n/a	n/a	n/a	n/a	n/a	n/a	n/a
4.324	0.072	fixation	n/a	354.5	237.3	720.0	n/a	n/a	n/a	n/a
4.398	0.046	saccade	n/a	353.0	231.8	n/a	215.9	124.1	7.0	402.0
4.446	0.062	fixation	n/a	222.4	118.9	718.0	n/a	n/a	n/a	n/a
4.51	0.036	saccade	n/a	220.1	116.5	n/a	180.3	89.5	1.92	268.0
4.548	0.1	fixation	n/a	174.0	82.9	751.0	n/a	n/a	n/a	n/a
4.65	0.028	saccade	n/a	172.5	84.2	n/a	147.8	78.6	0.99	138.0
4.68	0.236	fixation	n/a	141.2	80.8	694.0	n/a	n/a	n/a	n/a
4.918	0.022	saccade	n/a	140.6	80.8	n/a	211.2	77.3	2.78	225.0
4.942	0.164	fixation	n/a	198.8	79.5	730.0	n/a	n/a	n/a	n/a
5.108	0.036	saccade	n/a	199.6	81.1	n/a	261.1	79.2	2.44	274.0
5.146	0.19	fixation	n/a	270.8	76.0	781.0	n/a	n/a	n/a	n/a
5.338	0.028	saccade	n/a	271.8	76.6	n/a	349.2	81.2	3.11	249.0
5.368	0.31	fixation	n/a	345.6	80.6	820.0	n/a	n/a	n/a	n/a
5.68	0.032	saccade	n/a	346.7	81.3	n/a	385.9	85.9	1.59	196.0
5.714	0.454	fixation	n/a	393.9	87.4	851.0	n/a	n/a	n/a	n/a
6.17	0.02	saccade	n/a	394.1	92.2	n/a	428.5	92.4	1.39	137.0
6.192	0.142	fixation	n/a	420.9	90.3	873.0	n/a	n/a	n/a	n/a
6.336	0.034	saccade	n/a	421.6	89.1	n/a	471.8	89.1	2.02	228.0
6.372	0.252	fixation	n/a	481.5	85.1	851.0	n/a	n/a	n/a	n/a
6.626	0.036	saccade	n/a	484.1	84.3	n/a	537.9	86.6	2.15	222.0
6.664	0.212	fixation	n/a	546.8	86.9	803.0	n/a	n/a	n/a	n/a
6.878	0.034	saccade	n/a	549.0	88.3	n/a	599.5	90.6	2.01	209.0
6.914	0.122	fixation	n/a	608.3	87.7	778.0	n/a	n/a	n/a	n/a
6.99	0.0	trigger_11	11	n/a	n/a	n/a	n/a	n/a	n/a	n/a
6.996	0.0	trigger_10	10	n/a	n/a	n/a	n/a	n/a	n/a	n/a
7.038	0.058	saccade	n/a	608.7	87.5	n/a	176.9	147.3	17.17	555.0
7.098	0.14	fixation	n/a	174.9	149.3	820.0	n/a	n/a	n/a	n/a
7.24	0.032	saccade	n/a	173.9	149.7	n/a	147.1	139.7	1.13	194.0
7.274	0.154	fixation	n/a	136.1	145.1	842.0	n/a	n/a	n/a	n/a
7.43	0.04	saccade	n/a	134.3	146.4	n/a	223.3	151.0	3.5	353.0
7.472	0.208	fixation	n/a	240.0	146.6	899.0	n/a	n/a	n/a	n/a
7.682	0.032	saccade	n/a	241.2	145.0	n/a	288.6	150.3	1.9	228.0
7.716	0.16	fixation	n/a	294.6	146.6	885.0	n/a	n/a	n/a	n/a
7.878	0.028	saccade	n/a	296.1	143.8	n/a	409.4	149.9	4.56	310.0
7.908	0.186	fixation	n/a	400.9	148.7	845.0	n/a	n/a	n/a	n/a
8.096	0.022	saccade	n/a	401.9	147.7	n/a	474.4	148.6	2.92	235.0
8.12	0.196	fixation	n/a	460.3	148.9	840.0	n/a	n/a	n/a	n/a
8.318	0.042	saccade	n/a	461.6	148.3	n/a	548.7	148.7	3.48	302.0
8.362	0.104	fixation	n/a	560.5	148.3	797.0	n/a	n/a	n/a	n/a
8.468	0.036	saccade	n/a	561.5	147.0	n/a	508.0	148.2	2.14	308.0
8.506	0.218	fixation	n/a	490.7	150.1	782.0	n/a	n/a	n/a	n/a
8.726	0.038	saccade	n/a	488.4	150.4	n/a	572.4	154.3	3.36	309.0
8.766	0.098	fixation	n/a	583.9	156.3	780.0	n/a	n/a	n/a	n/a
8.866	0.074	saccade	n/a	585.1	155.9	n/a	188.7	88.7	15.87	552.0
8.942	0.342	fixation	n/a	173.0	92.3	767.0	n/a	n/a	n/a	n/a
9.286	0.034	saccade	n/a	174.4	90.7	n/a	216.0	84.5	1.66	157.0
9.322	0.132	fixation	n/a	219.6	81.6	815.0	n/a	n/a	n/a	n/a
9.456	0.034	saccade	n/a	218.2	82.5	n/a	181.9	79.9	1.44	198.0
9.492	0.106	fixation	n/a	171.6	83.6	850.0	n/a	n/a	n/a	n/a
9.6	0.038	saccade	n/a	169.5	85.2	n/a	249.8	88.5	3.18	319.0
9.64	0.212	fixation	n/a	263.3	90.1	872.0	n/a	n/a	n/a	n/a
9.854	0.04	saccade	n/a	265.2	92.7	n/a	356.9	102.4	3.7	321.0
9.896	0.442	fixation	n/a	373.2	99.1	860.0	n/a	n/a	n/a	n/a
10.34	0.042	saccade	n/a	373.5	97.0	n/a	466.4	101.5	3.74	273.0
10.384	0.224	fixation	n/a	477.3	95.0	788.0	n/a	n/a	n/a	n/a
10.61	0.022	saccade	n/a	479.8	94.2	n/a	543.6	90.9	2.56	199.0
10.634	0.128	fixation	n/a	535.4	91.3	776.0	n/a	n/a	n/a	n/a
10.764	0.022	saccade	n/a	536.9	89.7	n/a	591.2	90.0	2.15	178.0
10.788	0.072	fixation	n/a	578.4	89.5	747.0	n/a	n/a	n/a	n/a
10.846	0.0	trigger_11	11	n/a	n/a	n/a	n/a	n/a	n/a	n/a
10.852	0.0	trigger_10	10	n/a	n/a	n/a	n/a	n/a	n/a	n/a
10.862	0.058	saccade	n/a	580.6	88.7	n/a	169.9	146.4	16.37	542.0
10.922	0.236	fixation	n/a	168.3	145.7	742.0	n/a	n/a	n/a	n/a
11.16	0.034	saccade	n/a	168.4	145.9	n/a	219.6	142.9	2.02	231.0
11.196	0.102	fixation	n/a	228.1	141.4	757.0	n/a	n/a	n/a	n/a
11.3	0.154	saccade	n/a	235.0	147.1	n/a	294.4	185.5	2.83	874.0
11.33	0.064	blink	n/a	n/a	n/a	n/a	n/a	n/a	n/a	n/a
11.456	0.166	fixation	n/a	294.4	147.3	704.0	n/a	n/a	n/a	n/a
11.624	0.036	saccade	n/a	293.2	138.7	n/a	372.6	149.2	3.22	314.0
11.662	0.196	fixation	n/a	382.8	146.3	671.0	n/a	n/a	n/a	n/a
11.86	0.046	saccade	n/a	383.1	144.3	n/a	518.6	147.6	5.44	332.0
11.908	0.158	fixation	n/a	531.9	147.0	638.0	n/a	n/a	n/a	n/a
12.068	0.034	saccade	n/a	531.9	145.0	n/a	573.9	147.2	1.68	206.0
12.104	0.086	fixation	n/a	581.8	144.2	608.0	n/a	n/a	n/a	n/a
12.192	0.056	saccade	n/a	582.0	143.1	n/a	177.5	185.4	16.05	544.0
12.25	0.288	fixation	n/a	172.5	191.0	635.0	n/a	n/a	n/a	n/a
12.54	0.03	saccade	n/a	171.0	191.4	n/a	146.6	189.0	0.96	163.0
12.572	0.116	fixation	n/a	137.7	195.0	684.0	n/a	n/a	n/a	n/a
12.69	0.028	saccade	n/a	136.3	195.8	n/a	157.8	68.3	5.19	366.0
12.72	0.57	fixation	n/a	162.4	77.2	729.0	n/a	n/a	n/a	n/a
13.292	0.044	saccade	n/a	163.1	79.3	n/a	273.8	80.4	4.38	368.0
13.338	0.148	fixation	n/a	290.0	82.6	809.0	n/a	n/a	n/a	n/a
13.488	0.03	saccade	n/a	289.7	82.7	n/a	266.7	80.8	0.92	162.0
13.52	0.108	fixation	n/a	258.4	84.0	816.0	n/a	n/a	n/a	n/a
13.63	0.042	saccade	n/a	257.2	84.6	n/a	355.4	91.0	3.94	360.0
13.674	0.266	fixation	n/a	373.2	93.7	840.0	n/a	n/a	n/a	n/a
13.942	0.04	saccade	n/a	375.6	96.9	n/a	458.8	97.9	3.35	325.0
13.984	0.14	fixation	n/a	472.9	96.3	820.0	n/a	n/a	n/a	n/a
14.126	0.034	saccade	n/a	473.1	96.3	n/a	522.2	96.4	1.97	228.0
14.162	0.134	fixation	n/a	530.7	90.7	764.0	n/a	n/a	n/a	n/a
14.298	0.02	saccade	n/a	533.0	87.9	n/a	564.0	84.4	1.24	115.0
14.32	0.17	fixation	n/a	556.4	83.4	726.0	n/a	n/a	n/a	n/a
14.492	0.056	saccade	n/a	556.6	79.7	n/a	169.9	129.4	15.42	513.0
14.55	0.17	fixation	n/a	166.3	129.8	734.0	n/a	n/a	n/a	n/a
14.576	0.0	trigger_11	11	n/a	n/a	n/a	n/a	n/a	n/a	n/a
14.58	0.0	trigger_10	10	n/a	n/a	n/a	n/a	n/a	n/a	n/a
14.722	0.03	saccade	n/a	165.2	130.6	n/a	143.3	135.0	0.88	138.0
14.754	0.14	fixation	n/a	136.1	139.3	789.0	n/a	n/a	n/a	n/a
14.896	0.038	saccade	n/a	134.9	139.3	n/a	205.5	142.7	2.77	285.0
14.936	0.218	fixation	n/a	217.1	142.5	848.0	n/a	n/a	n/a	n/a
15.156	0.04	saccade	n/a	217.8	143.6	n/a	308.9	147.4	3.64	320.0
15.198	0.256	fixation	n/a	325.3	144.7	808.0	n/a	n/a	n/a	n/a
15.456	0.038	saccade	n/a	327.9	143.1	n/a	396.0	145.0	2.74	280.0
15.496	0.2	fixation	n/a	408.8	142.4	722.0	n/a	n/a	n/a	n/a
15.698	0.046	saccade	n/a	411.2	141.3	n/a	519.0	144.0	4.33	280.0
15.746	0.318	fixation	n/a	531.8	143.4	695.0	n/a	n/a	n/a	n/a
16.066	0.038	saccade	n/a	530.0	144.2	n/a	306.1	99.9	9.15	459.0
16.106	0.23	fixation	n/a	298.0	91.8	706.0	n/a	n/a	n/a	n/a
16.338	0.034	saccade	n/a	296.5	92.1	n/a	363.4	86.0	2.7	275.0
16.374	0.234	fixation	n/a	371.5	84.4	703.0	n/a	n/a	n/a	n/a
16.61	0.038	saccade	n/a	371.2	84.7	n/a	298.1	80.2	2.95	322.0
16.65	0.216	fixation	n/a	280.7	82.9	713.0	n/a	n/a	n/a	n/a
16.768	0.0	trigger_11	11	n/a	n/a	n/a	n/a	n/a	n/a	n/a
16.774	0.0	trigger_12	12	n/a	n/a	n/a	n/a	n/a	n/a	n/a
16.868	0.042	saccade	n/a	280.3	82.7	n/a	171.9	75.3	4.3	374.0
16.912	0.336	fixation	n/a	152.9	75.4	743.0	n/a	n/a	n/a	n/a
17.25	0.026	saccade	n/a	153.2	73.7	n/a	263.3	76.9	4.35	290.0
17.278	0.298	fixation	n/a	261.5	79.2	746.0	n/a	n/a	n/a	n/a
17.578	0.024	saccade	n/a	261.8	80.7	n/a	317.0	81.4	2.21	200.0
17.604	0.198	fixation	n/a	309.2	82.7	765.0	n/a	n/a	n/a	n/a
17.804	0.022	saccade	n/a	311.1	83.8	n/a	373.8	82.3	2.52	200.0
17.828	0.194	fixation	n/a	364.3	82.9	756.0	n/a	n/a	n/a	n/a
18.024	0.024	saccade	n/a	365.8	83.0	n/a	446.5	79.2	3.26	241.0
18.05	0.232	fixation	n/a	435.6	81.3	716.0	n/a	n/a	n/a	n/a
18.284	0.04	saccade	n/a	436.1	81.2	n/a	528.0	78.6	3.69	286.0
18.326	0.252	fixation	n/a	540.7	77.1	690.0	n/a	n/a	n/a	n/a
18.58	0.058	saccade	n/a	542.3	74.7	n/a	242.2	77.3	11.96	519.0
18.64	0.36	fixation	n/a	222.7	82.4	734.0	n/a	n/a	n/a	n/a
19.002	0.038	saccade	n/a	221.8	81.9	n/a	168.2	77.9	2.12	268.0
19.042	0.292	fixation	n/a	152.5	80.2	806.0	n/a	n/a	n/a	n/a
19.336	0.038	saccade	n/a	151.6	82.6	n/a	217.1	84.7	2.58	243.0
19.376	0.118	fixation	n/a	226.5	80.9	789.0	n/a	n/a	n/a	n/a
19.496	0.026	saccade	n/a	226.8	81.4	n/a	331.2	81.0	4.17	290.0
19.524	0.196	fixation	n/a	320.1	82.9	784.0	n/a	n/a	n/a	n/a
19.722	0.04	saccade	n/a	321.9	82.8	n/a	400.2	89.5	3.16	288.0
19.764	0.248	fixation	n/a	415.7	87.1	773.0	n/a	n/a	n/a	n/a
20.014	0.032	saccade	n/a	418.5	85.4	n/a	473.2	90.1	2.21	221.0
20.048	0.318	fixation	n/a	479.4	87.1	758.0	n/a	n/a	n/a	n/a
20.368	0.028	saccade	n/a	480.1	85.0	n/a	582.5	90.5	4.09	269.0
20.398	0.238	fixation	n/a	575.3	92.9	755.0	n/a	n/a	n/a	n/a
20.638	0.022	saccade	n/a	577.8	90.4	n/a	607.8	88.3	1.19	131.0
20.662	0.074	fixation	n/a	602.3	85.4	745.0	n/a	n/a	n/a	n/a
20.738	0.06	saccade	n/a	603.9	83.4	n/a	183.7	121.9	16.65	532.0
20.8	0.132	fixation	n/a	182.0	124.1	758.0	n/a	n/a	n/a	n/a
20.934	0.034	saccade	n/a	181.6	124.2	n/a	146.3	124.4	1.38	226.0
20.97	0.138	fixation	n/a	132.7	130.0	765.0	n/a	n/a	n/a	n/a
21.11	0.038	saccade	n/a	131.0	130.4	n/a	213.9	132.3	3.26	295.0
21.15	0.156	fixation	n/a	227.2	130.6	764.0	n/a	n/a	n/a	n/a
21.308	0.036	saccade	n/a	227.4	130.6	n/a	298.8	139.1	2.87	276.0
21.346	0.16	fixation	n/a	307.5	133.8	776.0	n/a	n/a	n/a	n/a
21.508	0.038	saccade	n/a	308.4	132.2	n/a	398.6	140.2	3.64	306.0
21.548	0.224	fixation	n/a	412.3	138.2	729.0	n/a	n/a	n/a	n/a
21.774	0.022	saccade	n/a	413.6	137.8	n/a	473.7	139.7	2.42	185.0
21.798	0.286	fixation	n/a	464.4	139.8	658.0	n/a	n/a	n/a	n/a
21.976	0.0	trigger_13	13	n/a	n/a	n/a	n/a	n/a	n/a	n/a
22.086	0.036	saccade	n/a	465.8	143.6	n/a	415.5	139.8	2.03	256.0
22.124	0.22	fixation	n/a	401.3	141.9	646.0	n/a	n/a	n/a	n/a
22.346	0.026	saccade	n/a	401.0	143.9	n/a	480.2	147.3	3.19	230.0
22.374	0.222	fixation	n/a	471.2	151.3	688.0	n/a	n/a	n/a	n/a
22.598	0.024	saccade	n/a	470.8	153.0	n/a	535.1	148.7	2.58	180.0
22.624	0.114	fixation	n/a	527.7	151.2	719.0	n/a	n/a	n/a	n/a
22.74	0.054	saccade	n/a	528.1	151.1	n/a	169.8	190.5	14.28	489.0
22.796	0.156	fixation	n/a	167.5	192.6	704.0	n/a	n/a	n/a	n/a
22.954	0.028	saccade	n/a	165.9	193.1	n/a	139.0	192.4	1.05	158.0
22.984	0.116	fixation	n/a	132.2	198.2	704.0	n/a	n/a	n/a	n/a
23.102	0.034	saccade	n/a	131.2	199.2	n/a	206.3	206.2	2.96	285.0
23.138	0.18	fixation	n/a	216.8	204.0	740.0	n/a	n/a	n/a	n/a
23.32	0.03	saccade	n/a	217.8	205.0	n/a	269.8	208.1	2.07	213.0
23.352	0.158	fixation	n/a	272.1	203.4	741.0	n/a	n/a	n/a	n/a
23.512	0.036	saccade	n/a	272.3	203.5	n/a	347.8	211.8	3.04	297.0
23.55	0.226	fixation	n/a	358.4	209.3	727.0	n/a	n/a	n/a	n/a
23.778	0.026	saccade	n/a	358.6	207.9	n/a	286.3	100.0	5.26	353.0
23.806	0.416	fixation	n/a	284.4	82.2	666.0	n/a	n/a	n/a	n/a
24.224	0.042	saccade	n/a	283.1	82.5	n/a	192.2	77.0	3.62	284.0
24.268	0.168	fixation	n/a	176.9	77.6	711.0	n/a	n/a	n/a	n/a
24.438	0.058	saccade	n/a	175.5	78.8	n/a	386.1	83.1	8.39	423.0
24.498	0.096	fixation	n/a	396.5	87.5	738.0	n/a	n/a	n/a	n/a
24.596	0.044	saccade	n/a	395.8	89.2	n/a	519.3	83.8	4.96	383.0
24.642	0.244	fixation	n/a	536.4	86.4	770.0	n/a	n/a	n/a	n/a
24.848	0.0	trigger_15	15	n/a	n/a	n/a	n/a	n/a	n/a	n/a
24.854	0.0	trigger_10	10	n/a	n/a	n/a	n/a	n/a	n/a	n/a
24.888	0.048	saccade	n/a	538.3	93.0	n/a	493.8	191.4	4.38	353.0
24.938	0.22	fixation	n/a	492.8	206.1	822.0	n/a	n/a	n/a	n/a
25.16	0.018	saccade	n/a	490.6	211.3	n/a	454.3	218.5	1.48	117.0
25.18	0.292	fixation	n/a	457.7	224.0	846.0	n/a	n/a	n/a	n/a
25.474	0.272	saccade	n/a	455.6	224.6	n/a	568.2	423.2	9.03	684.0
25.506	0.202	blink	n/a	n/a	n/a	n/a	n/a	n/a	n/a	n/a
25.748	0.082	fixation	n/a	556.6	375.5	776.0	n/a	n/a	n/a	n/a
25.832	0.048	saccade	n/a	552.8	367.1	n/a	462.1	217.1	7.0	351.0
25.882	0.136	fixation	n/a	448.8	208.1	861.0	n/a	n/a	n/a	n/a
26.02	0.038	saccade	n/a	446.4	205.7	n/a	469.6	115.2	3.8	205.0
26.06	0.192	fixation	n/a	467.0	110.8	710.0	n/a	n/a	n/a	n/a
26.254	0.036	saccade	n/a	467.4	107.2	n/a	564.7	84.8	3.99	344.0
26.292	0.324	fixation	n/a	573.2	90.7	714.0	n/a	n/a	n/a	n/a
26.618	0.024	saccade	n/a	570.7	99.8	n/a	653.9	97.1	3.28	256.0
26.644	0.18	fixation	n/a	639.8	100.9	790.0	n/a	n/a	n/a	n/a
26.826	0.058	saccade	n/a	639.0	103.1	n/a	464.8	133.1	7.02	504.0
26.886	0.2	fixation	n/a	467.6	133.2	859.0	n/a	n/a	n/a	n/a
27.088	0.054	saccade	n/a	466.6	133.2	n/a	228.8	121.5	9.5	482.0
27.144	0.068	fixation	n/a	210.0	122.5	889.0	n/a	n/a	n/a	n/a
27.214	0.038	saccade	n/a	209.3	120.2	n/a	164.8	95.6	2.01	289.0
27.254	0.32	fixation	n/a	152.0	90.3	875.0	n/a	n/a	n/a	n/a
27.576	0.034	saccade	n/a	153.0	89.5	n/a	204.6	90.5	2.03	230.0
27.612	0.234	fixation	n/a	215.1	88.2	853.0	n/a	n/a	n/a	n/a
27.848	0.028	saccade	n/a	216.9	89.7	n/a	193.8	86.7	0.92	145.0
27.878	0.174	fixation	n/a	190.6	90.1	906.0	n/a	n/a	n/a	n/a
28.054	0.018	saccade	n/a	193.1	88.3	n/a	213.0	85.7	0.8	95.0
28.074	0.048	fixation	n/a	207.2	87.5	942.0	n/a	n/a	n/a	n/a
28.124	0.036	saccade	n/a	208.2	89.0	n/a	157.0	81.7	2.04	252.0
28.162	0.184	fixation	n/a	145.1	85.8	927.0	n/a	n/a	n/a	n/a
28.348	0.036	saccade	n/a	145.1	86.8	n/a	214.0	89.0	2.71	292.0
28.386	0.26	fixation	n/a	223.0	90.7	897.0	n/a	n/a	n/a	n/a
28.648	0.036	saccade	n/a	221.9	94.0	n/a	304.3	100.3	3.3	324.0
28.686	0.206	fixation	n/a	312.8	102.1	924.0	n/a	n/a	n/a	n/a
28.894	0.024	saccade	n/a	314.1	104.4	n/a	394.8	106.8	3.25	253.0
28.92	0.164	fixation	n/a	380.6	107.4	927.0	n/a	n/a	n/a	n/a
29.086	0.024	saccade	n/a	380.9	107.6	n/a	457.9	107.3	3.1	240.0
29.112	0.234	fixation	n/a	447.8	106.0	873.0	n/a	n/a	n/a	n/a
29.348	0.024	saccade	n/a	449.9	104.5	n/a	533.9	101.6	3.38	267.0
29.374	0.168	fixation	n/a	527.0	103.2	816.0	n/a	n/a	n/a	n/a
29.544	0.026	saccade	n/a	527.2	101.3	n/a	604.2	98.9	3.06	221.0
29.572	0.33	fixation	n/a	592.0	95.7	770.0	n/a	n/a	n/a	n/a
29.904	0.074	saccade	n/a	590.8	93.1	n/a	155.1	138.5	17.22	513.0
29.98	0.218	fixation	n/a	145.7	144.3	811.0	n/a	n/a	n/a	n/a
30.008	0.0	trigger_11	11	n/a	n/a	n/a	n/a	n/a	n/a	n/a
30.014	0.0	trigger_10	10	n/a	n/a	n/a	n/a	n/a	n/a	n/a
30.2	0.042	saccade	n/a	145.2	144.9	n/a	247.3	151.8	4.04	354.0
30.244	0.256	fixation	n/a	262.3	152.2	882.0	n/a	n/a	n/a	n/a
30.502	0.038	saccade	n/a	263.5	154.6	n/a	334.7	159.3	2.85	318.0
30.542	0.194	fixation	n/a	347.0	157.4	877.0	n/a	n/a	n/a	n/a
30.738	0.028	saccade	n/a	348.6	153.8	n/a	450.1	158.0	4.08	281.0
30.768	0.172	fixation	n/a	441.2	155.8	822.0	n/a	n/a	n/a	n/a
30.942	0.036	saccade	n/a	442.3	155.5	n/a	513.8	156.6	2.87	242.0
30.98	0.198	fixation	n/a	521.0	155.4	773.0	n/a	n/a	n/a	n/a
31.18	0.042	saccade	n/a	520.9	158.2	n/a	602.8	160.4	3.26	256.0
31.224	0.2	fixation	n/a	612.9	159.4	739.0	n/a	n/a	n/a	n/a
31.426	0.058	saccade	n/a	612.8	159.9	n/a	190.6	205.9	16.73	531.0
31.486	0.156	fixation	n/a	182.5	203.7	750.0	n/a	n/a	n/a	n/a
31.644	0.022	saccade	n/a	181.3	202.8	n/a	140.6	195.8	1.61	147.0
31.668	0.224	fixation	n/a	147.5	201.5	766.0	n/a	n/a	n/a	n/a
31.894	0.03	saccade	n/a	145.5	200.1	n/a	175.0	100.4	4.17	277.0
31.926	0.324	fixation	n/a	172.7	96.1	763.0	n/a	n/a	n/a	n/a
32.252	0.022	saccade	n/a	174.8	95.2	n/a	127.9	76.3	1.99	161.0
32.276	0.142	fixation	n/a	136.6	83.2	768.0	n/a	n/a	n/a	n/a
32.42	0.038	saccade	n/a	136.0	84.1	n/a	225.6	85.9	3.52	289.0
32.46	0.218	fixation	n/a	237.7	83.3	780.0	n/a	n/a	n/a	n/a
32.68	0.034	saccade	n/a	240.3	85.7	n/a	293.1	87.9	2.11	216.0
32.716	0.266	fixation	n/a	302.3	87.3	764.0	n/a	n/a	n/a	n/a
32.984	0.036	saccade	n/a	304.2	88.1	n/a	379.8	93.2	3.05	280.0
33.016	0.0	trigger_11	11	n/a	n/a	n/a	n/a	n/a	n/a	n/a
33.022	0.0	trigger_10	10	n/a	n/a	n/a	n/a	n/a	n/a	n/a
33.022	0.186	fixation	n/a	390.0	93.0	754.0	n/a	n/a	n/a	n/a
33.21	0.02	saccade	n/a	391.4	92.7	n/a	437.8	89.8	1.87	147.0
33.232	0.168	fixation	n/a	428.1	93.0	756.0	n/a	n/a	n/a	n/a
33.402	0.024	saccade	n/a	428.0	91.6	n/a	503.6	89.4	3.04	229.0
33.428	0.186	fixation	n/a	494.7	85.1	713.0	n/a	n/a	n/a	n/a
33.616	0.024	saccade	n/a	498.3	81.2	n/a	578.3	79.8	3.19	217.0
33.642	0.128	fixation	n/a	571.1	80.2	663.0	n/a	n/a	n/a	n/a
33.772	0.022	saccade	n/a	573.5	80.1	n/a	626.2	79.7	2.08	159.0
33.796	0.112	fixation	n/a	618.9	80.7	646.0	n/a	n/a	n/a	n/a
33.91	0.06	saccade	n/a	620.1	80.7	n/a	192.4	139.8	17.04	545.0
33.972	0.142	fixation	n/a	191.3	141.8	672.0	n/a	n/a	n/a	n/a
34.116	0.036	saccade	n/a	190.5	141.7	n/a	154.9	138.8	1.4	227.0
34.154	0.17	fixation	n/a	142.2	142.4	704.0	n/a	n/a	n/a	n/a
34.326	0.034	saccade	n/a	142.5	142.4	n/a	189.6	141.4	1.85	239.0
34.362	0.198	fixation	n/a	197.1	139.0	760.0	n/a	n/a	n/a	n/a
34.562	0.038	saccade	n/a	196.3	140.5	n/a	252.0	148.8	2.24	293.0
34.602	0.32	fixation	n/a	265.0	148.6	787.0	n/a	n/a	n/a	n/a
34.924	0.024	saccade	n/a	265.7	150.0	n/a	256.3	72.8	3.16	221.0
34.95	0.292	fixation	n/a	258.8	86.0	794.0	n/a	n/a	n/a	n/a
35.244	0.038	saccade	n/a	259.4	87.7	n/a	189.8	81.3	2.77	296.0
35.284	0.158	fixation	n/a	176.9	81.6	799.0	n/a	n/a	n/a	n/a
35.444	0.022	saccade	n/a	175.3	81.5	n/a	141.0	80.2	1.35	114.0
35.468	0.136	fixation	n/a	149.8	82.7	806.0	n/a	n/a	n/a	n/a
35.606	0.044	saccade	n/a	151.2	83.0	n/a	279.9	85.9	5.09	352.0
35.652	0.188	fixation	n/a	296.7	85.4	791.0	n/a	n/a	n/a	n/a
35.842	0.028	saccade	n/a	299.1	86.1	n/a	398.0	89.1	3.98	286.0
35.872	0.336	fixation	n/a	392.5	88.0	756.0	n/a	n/a	n/a	n/a
36.21	0.024	saccade	n/a	393.7	86.3	n/a	470.1	82.5	3.08	218.0
36.236	0.162	fixation	n/a	463.6	83.6	673.0	n/a	n/a	n/a	n/a
36.4	0.022	saccade	n/a	465.7	82.7	n/a	524.3	80.2	2.35	174.0
36.424	0.142	fixation	n/a	513.8	80.6	642.0	n/a	n/a	n/a	n/a
36.568	0.024	saccade	n/a	514.7	80.9	n/a	587.4	78.3	2.89	213.0
36.594	0.242	fixation	n/a	580.7	79.1	620.0	n/a	n/a	n/a	n/a
36.838	0.012	saccade	n/a	582.8	79.2	n/a	601.2	80.1	0.73	71.0
36.852	0.06	fixation	n/a	595.4	81.9	601.0	n/a	n/a	n/a	n/a
36.914	0.068	saccade	n/a	595.9	82.0	n/a	130.5	126.4	18.34	513.0
36.984	0.294	fixation	n/a	139.5	145.7	636.0	n/a	n/a	n/a	n/a
37.28	0.036	saccade	n/a	140.8	146.3	n/a	202.4	143.7	2.42	255.0
37.318	0.264	fixation	n/a	213.0	141.7	633.0	n/a	n/a	n/a	n/a
37.584	0.022	saccade	n/a	214.2	143.1	n/a	276.4	137.0	2.49	183.0
37.608	0.224	fixation	n/a	275.0	141.1	621.0	n/a	n/a	n/a	n/a
37.834	0.02	saccade	n/a	278.6	142.2	n/a	319.6	140.1	1.65	153.0
37.856	0.188	fixation	n/a	311.6	140.5	608.0	n/a	n/a	n/a	n/a
38.046	0.02	saccade	n/a	313.6	140.1	n/a	367.4	135.0	2.17	171.0
38.068	0.19	fixation	n/a	357.7	137.9	595.0	n/a	n/a	n/a	n/a
38.184	0.0	trigger_11	11	n/a	n/a	n/a	n/a	n/a	n/a	n/a
38.19	0.0	trigger_10	10	n/a	n/a	n/a	n/a	n/a	n/a	n/a
38.26	0.026	saccade	n/a	359.5	137.6	n/a	449.0	144.9	3.61	266.0
38.288	0.146	fixation	n/a	449.4	144.0	592.0	n/a	n/a	n/a	n/a
38.436	0.028	saccade	n/a	450.0	141.6	n/a	569.6	146.8	4.78	333.0
38.466	0.218	fixation	n/a	569.5	146.0	585.0	n/a	n/a	n/a	n/a
38.686	0.024	saccade	n/a	569.7	147.3	n/a	633.5	141.0	2.53	179.0
38.712	0.116	fixation	n/a	626.0	144.1	563.0	n/a	n/a	n/a	n/a
38.83	0.064	saccade	n/a	625.8	144.9	n/a	174.2	195.7	17.83	488.0
38.896	0.136	fixation	n/a	174.1	199.1	604.0	n/a	n/a	n/a	n/a
39.034	0.032	saccade	n/a	174.6	198.2	n/a	143.3	197.0	1.22	186.0
39.068	0.172	fixation	n/a	134.4	201.2	617.0	n/a	n/a	n/a	n/a
39.242	0.024	saccade	n/a	135.4	201.5	n/a	221.4	198.0	3.38	261.0
39.268	0.174	fixation	n/a	212.5	199.1	619.0	n/a	n/a	n/a	n/a
39.444	0.022	saccade	n/a	214.2	198.4	n/a	273.3	200.2	2.35	177.0
39.468	0.234	fixation	n/a	262.2	201.5	612.0	n/a	n/a	n/a	n/a
39.704	0.04	saccade	n/a	263.3	201.5	n/a	348.2	206.1	3.4	235.0
39.746	0.264	fixation	n/a	357.8	207.3	594.0	n/a	n/a	n/a	n/a
40.012	0.024	saccade	n/a	358.9	205.0	n/a	289.2	138.5	3.89	273.0
40.038	0.378	fixation	n/a	283.6	138.5	572.0	n/a	n/a	n/a	n/a
40.418	0.028	saccade	n/a	280.6	141.5	n/a	174.5	95.0	4.61	288.0
40.448	0.132	fixation	n/a	175.6	98.8	603.0	n/a	n/a	n/a	n/a
40.582	0.01	saccade	n/a	171.8	93.5	n/a	166.2	80.3	0.58	61.0
40.594	0.15	fixation	n/a	170.2	81.4	602.0	n/a	n/a	n/a	n/a
40.746	0.02	saccade	n/a	166.6	81.4	n/a	121.9	75.8	1.76	155.0
40.768	0.234	fixation	n/a	129.9	78.1	610.0	n/a	n/a	n/a	n/a
41.004	0.024	saccade	n/a	129.3	78.3	n/a	210.5	74.0	3.19	227.0
41.03	0.286	fixation	n/a	203.8	76.7	634.0	n/a	n/a	n/a	n/a
41.318	0.026	saccade	n/a	203.9	76.9	n/a	301.7	81.0	3.9	261.0
41.346	0.238	fixation	n/a	298.6	83.8	686.0	n/a	n/a	n/a	n/a
41.586	0.024	saccade	n/a	300.9	85.5	n/a	360.4	83.1	2.4	201.0
41.612	0.138	fixation	n/a	351.1	84.7	669.0	n/a	n/a	n/a	n/a
41.752	0.024	saccade	n/a	353.2	83.9	n/a	438.1	81.9	3.42	248.0
41.778	0.332	fixation	n/a	435.5	82.4	643.0	n/a	n/a	n/a	n/a
42.112	0.014	saccade	n/a	439.4	82.2	n/a	465.6	81.5	1.05	89.0
42.128	0.144	fixation	n/a	458.5	83.3	632.0	n/a	n/a	n/a	n/a
42.274	0.028	saccade	n/a	459.1	83.1	n/a	572.0	79.5	4.51	288.0
42.304	0.252	fixation	n/a	569.4	79.5	612.0	n/a	n/a	n/a	n/a
42.558	0.022	saccade	n/a	570.7	80.0	n/a	628.3	82.8	2.28	182.0
42.582	0.068	fixation	n/a	617.6	82.7	596.0	n/a	n/a	n/a	n/a
42.652	0.062	saccade	n/a	619.2	83.0	n/a	218.2	128.5	15.96	494.0
42.658	0.0	trigger_11	11	n/a	n/a	n/a	n/a	n/a	n/a	n/a
42.662	0.0	trigger_10	10	n/a	n/a	n/a	n/a	n/a	n/a	n/a
42.716	0.126	fixation	n/a	215.2	130.8	624.0	n/a	n/a	n/a	n/a
42.844	0.034	saccade	n/a	213.6	130.2	n/a	168.5	133.9	1.79	231.0
42.88	0.226	fixation	n/a	155.9	141.0	658.0	n/a	n/a	n/a	n/a
43.108	0.024	saccade	n/a	155.0	143.4	n/a	226.1	141.2	2.8	200.0
43.134	0.316	fixation	n/a	219.3	142.9	689.0	n/a	n/a	n/a	n/a
43.452	0.016	saccade	n/a	220.8	143.4	n/a	247.5	139.4	1.07	91.0
43.47	0.11	fixation	n/a	239.2	141.3	676.0	n/a	n/a	n/a	n/a
43.582	0.036	saccade	n/a	238.8	140.3	n/a	350.1	147.0	4.46	202.0
43.62	0.28	fixation	n/a	343.6	145.4	696.0	n/a	n/a	n/a	n/a
43.902	0.036	saccade	n/a	343.6	144.8	n/a	402.0	153.1	2.37	243.0
43.94	0.36	fixation	n/a	409.2	150.0	686.0	n/a	n/a	n/a	n/a
44.302	0.032	saccade	n/a	407.8	149.6	n/a	453.5	152.5	1.84	203.0
44.336	0.128	fixation	n/a	459.0	150.2	667.0	n/a	n/a	n/a	n/a
44.466	0.032	saccade	n/a	459.7	150.7	n/a	279.0	93.1	7.61	452.0
44.5	0.36	fixation	n/a	268.5	95.3	685.0	n/a	n/a	n/a	n/a
44.862	0.042	saccade	n/a	266.3	97.5	n/a	151.4	83.3	4.58	350.0
44.906	0.21	fixation	n/a	134.5	80.9	739.0	n/a	n/a	n/a	n/a
45.118	0.024	saccade	n/a	133.2	82.2	n/a	195.1	77.3	2.44	199.0
45.144	0.158	fixation	n/a	185.2	79.0	711.0	n/a	n/a	n/a	n/a
45.304	0.026	saccade	n/a	185.9	79.3	n/a	263.4	79.1	3.08	234.0
45.332	0.2	fixation	n/a	253.3	80.0	706.0	n/a	n/a	n/a	n/a
45.534	0.022	saccade	n/a	254.0	81.5	n/a	320.7	79.8	2.67	203.0
45.558	0.168	fixation	n/a	308.1	82.2	708.0	n/a	n/a	n/a	n/a
45.728	0.024	saccade	n/a	307.8	82.7	n/a	392.8	82.9	3.42	256.0
45.754	0.288	fixation	n/a	380.3	84.1	724.0	n/a	n/a	n/a	n/a
46.044	0.024	saccade	n/a	382.5	85.3	n/a	444.0	83.5	2.48	200.0
46.07	0.256	fixation	n/a	433.4	85.2	684.0	n/a	n/a	n/a	n/a
46.25	0.0	trigger_11	11	n/a	n/a	n/a	n/a	n/a	n/a	n/a
46.258	0.0	trigger_10	10	n/a	n/a	n/a	n/a	n/a	n/a	n/a
46.328	0.022	saccade	n/a	433.7	86.0	n/a	496.7	82.2	2.54	198.0
46.352	0.166	fixation	n/a	489.9	84.1	656.0	n/a	n/a	n/a	n/a
46.52	0.022	saccade	n/a	489.5	84.4	n/a	452.7	82.4	1.48	132.0
46.544	0.108	fixation	n/a	460.0	84.0	663.0	n/a	n/a	n/a	n/a
46.654	0.026	saccade	n/a	458.1	83.6	n/a	535.3	81.3	3.1	218.0
46.682	0.232	fixation	n/a	527.3	80.9	663.0	n/a	n/a	n/a	n/a
46.916	0.022	saccade	n/a	530.0	80.5	n/a	592.2	81.0	2.47	175.0
46.94	0.126	fixation	n/a	584.2	82.6	683.0	n/a	n/a	n/a	n/a
47.068	0.07	saccade	n/a	583.3	83.6	n/a	173.1	139.7	16.37	540.0
47.14	0.324	fixation	n/a	159.9	146.2	759.0	n/a	n/a	n/a	n/a
47.466	0.028	saccade	n/a	158.7	147.8	n/a	195.0	149.0	1.43	179.0
47.496	0.296	fixation	n/a	199.9	144.9	822.0	n/a	n/a	n/a	n/a
47.794	0.028	saccade	n/a	201.6	144.6	n/a	280.2	97.4	3.67	239.0
47.824	0.16	fixation	n/a	277.7	97.4	794.0	n/a	n/a	n/a	n/a
47.986	0.022	saccade	n/a	279.2	97.8	n/a	345.5	86.1	2.7	210.0
48.01	0.438	fixation	n/a	336.6	93.2	794.0	n/a	n/a	n/a	n/a
48.45	0.03	saccade	n/a	336.6	92.0	n/a	168.1	76.2	6.72	416.0
48.482	0.202	fixation	n/a	171.2	83.1	760.0	n/a	n/a	n/a	n/a
48.686	0.028	saccade	n/a	168.4	82.5	n/a	150.7	78.2	0.71	121.0
48.716	0.156	fixation	n/a	144.4	83.1	736.0	n/a	n/a	n/a	n/a
48.874	0.034	saccade	n/a	143.1	84.2	n/a	204.3	88.3	2.41	237.0
48.91	0.174	fixation	n/a	213.9	85.1	742.0	n/a	n/a	n/a	n/a
49.086	0.032	saccade	n/a	216.9	85.1	n/a	292.8	91.1	3.03	283.0
49.12	0.188	fixation	n/a	302.4	87.9	761.0	n/a	n/a	n/a	n/a
49.31	0.038	saccade	n/a	303.9	89.2	n/a	408.7	93.3	4.22	261.0
49.35	0.2	fixation	n/a	404.1	94.4	796.0	n/a	n/a	n/a	n/a
49.552	0.024	saccade	n/a	404.7	91.2	n/a	452.8	90.1	1.94	171.0
49.578	0.19	fixation	n/a	446.1	85.7	698.0	n/a	n/a	n/a	n/a
49.77	0.026	saccade	n/a	447.9	85.4	n/a	533.6	83.3	3.44	241.0
49.798	0.244	fixation	n/a	527.7	82.6	640.0	n/a	n/a	n/a	n/a
50.044	0.024	saccade	n/a	529.3	83.0	n/a	605.2	81.2	3.02	213.0
50.07	0.19	fixation	n/a	605.2	81.7	626.0	n/a	n/a	n/a	n/a
50.262	0.062	saccade	n/a	604.9	82.1	n/a	190.5	124.9	16.44	500.0
50.326	0.204	fixation	n/a	169.7	144.7	684.0	n/a	n/a	n/a	n/a
50.532	0.02	saccade	n/a	165.8	146.9	n/a	142.9	141.0	0.93	103.0
50.554	0.102	fixation	n/a	147.0	143.3	705.0	n/a	n/a	n/a	n/a
50.658	0.034	saccade	n/a	146.8	144.1	n/a	224.5	145.0	3.06	287.0
50.694	0.24	fixation	n/a	233.0	141.4	693.0	n/a	n/a	n/a	n/a
50.936	0.024	saccade	n/a	234.7	141.2	n/a	306.0	139.0	2.85	222.0
50.962	0.166	fixation	n/a	296.6	138.9	662.0	n/a	n/a	n/a	n/a
51.13	0.036	saccade	n/a	297.4	138.0	n/a	384.7	148.5	3.54	280.0
51.168	0.33	fixation	n/a	392.6	139.6	617.0	n/a	n/a	n/a	n/a
51.5	0.024	saccade	n/a	393.1	137.1	n/a	457.7	139.1	2.6	183.0
51.526	0.162	fixation	n/a	454.2	142.0	594.0	n/a	n/a	n/a	n/a
51.69	0.024	saccade	n/a	455.8	142.5	n/a	528.0	140.7	2.89	209.0
51.716	0.086	fixation	n/a	519.8	143.4	589.0	n/a	n/a	n/a	n/a
51.738	0.0	trigger_11	11	n/a	n/a	n/a	n/a	n/a	n/a	n/a
51.742	0.0	trigger_10	10	n/a	n/a	n/a	n/a	n/a	n/a	n/a
51.804	0.054	saccade	n/a	521.0	144.3	n/a	182.4	184.0	13.53	460.0
51.86	0.284	fixation	n/a	180.9	188.8	599.0	n/a	n/a	n/a	n/a
52.146	0.03	saccade	n/a	179.5	189.4	n/a	279.0	204.1	3.99	272.0
52.178	0.24	fixation	n/a	275.7	204.9	625.0	n/a	n/a	n/a	n/a
52.42	0.03	saccade	n/a	275.4	206.5	n/a	402.9	220.1	5.13	335.0
52.452	0.338	fixation	n/a	402.5	218.7	620.0	n/a	n/a	n/a	n/a
52.792	0.024	saccade	n/a	406.1	218.7	n/a	473.9	213.4	2.73	174.0
52.818	0.148	fixation	n/a	471.7	214.2	587.0	n/a	n/a	n/a	n/a
52.968	0.028	saccade	n/a	472.2	212.6	n/a	345.7	118.2	6.36	432.0
52.998	0.282	fixation	n/a	325.5	86.5	569.0	n/a	n/a	n/a	n/a
53.282	0.026	saccade	n/a	320.3	86.4	n/a	426.8	80.6	4.29	306.0
53.31	0.216	fixation	n/a	419.3	82.5	619.0	n/a	n/a	n/a	n/a
53.528	0.028	saccade	n/a	419.9	82.9	n/a	521.1	83.4	4.06	272.0
53.558	0.384	fixation	n/a	515.6	82.9	659.0	n/a	n/a	n/a	n/a
53.944	0.054	saccade	n/a	515.4	83.0	n/a	251.7	89.4	10.53	450.0
54.0	0.118	fixation	n/a	232.8	92.6	644.0	n/a	n/a	n/a	n/a
54.12	0.032	saccade	n/a	232.5	92.8	n/a	186.5	78.8	1.9	260.0
54.154	0.226	fixation	n/a	173.6	81.4	645.0	n/a	n/a	n/a	n/a
54.382	0.028	saccade	n/a	174.2	81.9	n/a	262.4	78.5	3.5	248.0
54.412	0.178	fixation	n/a	257.5	79.8	682.0	n/a	n/a	n/a	n/a
54.49	0.0	trigger_11	11	n/a	n/a	n/a	n/a	n/a	n/a	n/a
54.494	0.0	trigger_10	10	n/a	n/a	n/a	n/a	n/a	n/a	n/a
54.592	0.036	saccade	n/a	260.0	81.7	n/a	400.1	86.1	5.62	351.0
54.63	0.224	fixation	n/a	399.1	86.0	679.0	n/a	n/a	n/a	n/a
54.856	0.032	saccade	n/a	400.8	87.3	n/a	531.0	84.7	5.23	292.0
54.89	0.242	fixation	n/a	528.7	83.0	640.0	n/a	n/a	n/a	n/a
55.134	0.026	saccade	n/a	529.5	84.6	n/a	603.5	81.8	2.94	204.0
55.162	0.186	fixation	n/a	594.8	81.7	607.0	n/a	n/a	n/a	n/a
55.35	0.074	saccade	n/a	593.7	81.3	n/a	173.8	126.7	16.67	480.0
55.426	0.216	fixation	n/a	162.0	132.3	614.0	n/a	n/a	n/a	n/a
55.644	0.032	saccade	n/a	163.2	133.4	n/a	253.4	142.6	3.58	296.0
55.678	0.428	fixation	n/a	260.1	141.8	619.0	n/a	n/a	n/a	n/a
56.108	0.022	saccade	n/a	262.0	143.7	n/a	309.4	142.2	1.9	165.0
56.132	0.182	fixation	n/a	300.4	142.2	610.0	n/a	n/a	n/a	n/a
56.21	0.0	trigger_11	11	n/a	n/a	n/a	n/a	n/a	n/a	n/a
56.216	0.0	trigger_10	10	n/a	n/a	n/a	n/a	n/a	n/a	n/a
56.316	0.018	saccade	n/a	299.2	136.6	n/a	275.6	93.9	1.98	144.0
56.336	0.378	fixation	n/a	280.4	84.2	613.0	n/a	n/a	n/a	n/a
56.716	0.042	saccade	n/a	279.5	85.0	n/a	182.2	73.8	3.89	322.0
56.76	0.37	fixation	n/a	166.1	75.3	656.0	n/a	n/a	n/a	n/a
57.132	0.022	saccade	n/a	166.6	75.5	n/a	236.0	76.5	2.74	200.0
57.156	0.178	fixation	n/a	224.3	80.1	661.0	n/a	n/a	n/a	n/a
57.336	0.034	saccade	n/a	224.1	81.2	n/a	292.0	87.8	2.72	260.0
57.372	0.148	fixation	n/a	298.9	84.0	665.0	n/a	n/a	n/a	n/a
57.522	0.044	saccade	n/a	299.5	83.7	n/a	419.4	84.2	4.82	322.0
57.568	0.348	fixation	n/a	433.4	83.5	691.0	n/a	n/a	n/a	n/a
57.918	0.016	saccade	n/a	432.6	81.6	n/a	401.1	83.2	1.27	102.0
57.936	0.142	fixation	n/a	408.6	84.0	652.0	n/a	n/a	n/a	n/a
58.08	0.028	saccade	n/a	408.1	84.0	n/a	500.3	85.8	3.71	252.0
58.11	0.098	fixation	n/a	493.3	85.9	653.0	n/a	n/a	n/a	n/a
58.21	0.048	saccade	n/a	492.2	86.4	n/a	312.9	92.1	7.2	446.0
58.26	0.18	fixation	n/a	293.6	97.9	722.0	n/a	n/a	n/a	n/a
58.442	0.03	saccade	n/a	292.6	99.0	n/a	152.4	72.2	5.65	395.0
58.474	0.338	fixation	n/a	156.6	82.0	752.0	n/a	n/a	n/a	n/a
58.814	0.032	saccade	n/a	157.8	82.5	n/a	211.2	87.5	2.11	207.0
58.848	0.124	fixation	n/a	218.2	83.4	740.0	n/a	n/a	n/a	n/a
58.974	0.154	saccade	n/a	229.5	89.1	n/a	269.1	189.4	4.37	390.0
59.01	0.076	blink	n/a	n/a	n/a	n/a	n/a	n/a	n/a	n/a
59.13	0.146	fixation	n/a	269.5	119.5	698.0	n/a	n/a	n/a	n/a
59.278	0.038	saccade	n/a	273.2	98.8	n/a	203.6	85.1	2.82	250.0
59.318	0.264	fixation	n/a	192.9	85.0	709.0	n/a	n/a	n/a	n/a
59.584	0.024	saccade	n/a	193.6	85.3	n/a	264.7	79.4	2.84	215.0
59.61	0.186	fixation	n/a	258.7	84.0	657.0	n/a	n/a	n/a	n/a
59.798	0.024	saccade	n/a	260.6	84.0	n/a	331.3	80.6	2.83	208.0
59.824	0.182	fixation	n/a	326.8	83.3	628.0	n/a	n/a	n/a	n/a
60.008	0.032	saccade	n/a	328.5	85.1	n/a	375.9	84.9	1.91	198.0
60.042	0.218	fixation	n/a	383.1	83.7	611.0	n/a	n/a	n/a	n/a
60.262	0.022	saccade	n/a	385.2	83.3	n/a	441.5	82.0	2.27	169.0
60.286	0.11	fixation	n/a	433.3	83.0	578.0	n/a	n/a	n/a	n/a
60.398	0.024	saccade	n/a	434.4	82.2	n/a	507.3	81.0	2.93	198.0
60.424	0.19	fixation	n/a	507.1	82.3	560.0	n/a	n/a	n/a	n/a
60.616	0.018	saccade	n/a	507.1	83.0	n/a	549.8	81.7	1.71	131.0
60.636	0.098	fixation	n/a	544.4	83.1	557.0	n/a	n/a	n/a	n/a
60.736	0.06	saccade	n/a	544.3	82.8	n/a	204.2	123.6	13.6	421.0
60.798	0.136	fixation	n/a	204.1	125.5	570.0	n/a	n/a	n/a	n/a
60.936	0.024	saccade	n/a	204.3	126.2	n/a	139.5	132.3	2.56	175.0
60.962	0.208	fixation	n/a	146.8	137.0	583.0	n/a	n/a	n/a	n/a
61.172	0.024	saccade	n/a	146.8	138.2	n/a	225.8	139.6	3.11	215.0
61.198	0.29	fixation	n/a	218.2	141.6	616.0	n/a	n/a	n/a	n/a
61.49	0.02	saccade	n/a	219.6	142.1	n/a	268.7	139.4	1.96	147.0
61.512	0.348	fixation	n/a	257.6	143.2	624.0	n/a	n/a	n/a	n/a
61.862	0.018	saccade	n/a	261.0	144.0	n/a	305.4	137.5	1.8	148.0
61.882	0.144	fixation	n/a	295.0	140.7	624.0	n/a	n/a	n/a	n/a
62.028	0.024	saccade	n/a	295.4	140.8	n/a	378.0	140.0	3.32	245.0
62.054	0.358	fixation	n/a	378.8	142.0	611.0	n/a	n/a	n/a	n/a
62.414	0.05	saccade	n/a	381.5	140.3	n/a	504.9	143.5	4.96	303.0
62.466	0.228	fixation	n/a	518.2	145.7	604.0	n/a	n/a	n/a	n/a
62.696	0.024	saccade	n/a	519.9	147.7	n/a	598.2	146.6	3.11	224.0
62.722	0.17	fixation	n/a	590.3	148.8	598.0	n/a	n/a	n/a	n/a
62.894	0.066	saccade	n/a	591.0	148.5	n/a	199.2	97.7	15.62	449.0
62.962	0.332	fixation	n/a	198.3	91.0	594.0	n/a	n/a	n/a	n/a
63.296	0.034	saccade	n/a	198.5	89.9	n/a	155.2	74.1	1.82	259.0
63.332	0.076	fixation	n/a	142.0	78.8	606.0	n/a	n/a	n/a	n/a
63.41	0.028	saccade	n/a	142.1	78.8	n/a	255.4	79.8	4.47	294.0
63.44	0.262	fixation	n/a	255.6	82.5	633.0	n/a	n/a	n/a	n/a
63.704	0.026	saccade	n/a	258.3	84.8	n/a	361.9	82.9	4.15	289.0
63.732	0.29	fixation	n/a	364.1	83.2	652.0	n/a	n/a	n/a	n/a
64.024	0.024	saccade	n/a	365.2	82.5	n/a	440.5	80.1	3.04	230.0
64.05	0.164	fixation	n/a	430.9	81.0	645.0	n/a	n/a	n/a	n/a
64.216	0.024	saccade	n/a	431.4	81.3	n/a	508.7	79.9	3.1	234.0
64.242	0.144	fixation	n/a	499.1	81.0	648.0	n/a	n/a	n/a	n/a
64.3	0.0	trigger_11	11	n/a	n/a	n/a	n/a	n/a	n/a	n/a
64.304	0.0	trigger_10	10	n/a	n/a	n/a	n/a	n/a	n/a	n/a
64.388	0.03	saccade	n/a	499.3	81.4	n/a	529.4	85.2	1.22	166.0
64.42	0.128	fixation	n/a	533.6	82.3	662.0	n/a	n/a	n/a	n/a
64.55	0.052	saccade	n/a	532.6	82.7	n/a	184.3	140.2	14.02	502.0
64.604	0.384	fixation	n/a	179.6	146.0	680.0	n/a	n/a	n/a	n/a
64.99	0.026	saccade	n/a	176.5	148.5	n/a	252.1	139.9	3.01	222.0
65.018	0.164	fixation	n/a	244.5	144.7	744.0	n/a	n/a	n/a	n/a
65.184	0.03	saccade	n/a	244.6	148.3	n/a	217.9	145.6	1.07	185.0
65.216	0.22	fixation	n/a	209.6	149.5	764.0	n/a	n/a	n/a	n/a
65.438	0.034	saccade	n/a	210.9	149.4	n/a	273.9	160.3	2.54	275.0
65.474	0.212	fixation	n/a	282.7	155.3	743.0	n/a	n/a	n/a	n/a
65.688	0.034	saccade	n/a	283.3	152.2	n/a	359.9	155.3	3.08	258.0
65.724	0.214	fixation	n/a	366.4	151.3	729.0	n/a	n/a	n/a	n/a
65.94	0.038	saccade	n/a	368.0	151.4	n/a	450.2	157.0	3.32	275.0
65.98	0.23	fixation	n/a	461.2	155.0	709.0	n/a	n/a	n/a	n/a
66.212	0.028	saccade	n/a	463.5	155.3	n/a	555.8	157.1	3.69	247.0
66.242	0.268	fixation	n/a	552.0	153.4	691.0	n/a	n/a	n/a	n/a
66.512	0.06	saccade	n/a	554.2	153.9	n/a	211.6	99.3	13.8	500.0
66.574	0.054	fixation	n/a	211.8	96.3	683.0	n/a	n/a	n/a	n/a
66.63	0.034	saccade	n/a	210.2	96.0	n/a	168.2	75.3	1.85	252.0
66.666	0.248	fixation	n/a	153.3	79.7	674.0	n/a	n/a	n/a	n/a
66.916	0.034	saccade	n/a	153.0	80.1	n/a	225.3	87.8	2.86	250.0
66.952	0.19	fixation	n/a	231.2	83.5	737.0	n/a	n/a	n/a	n/a
67.144	0.046	saccade	n/a	232.7	85.4	n/a	361.5	88.8	5.15	366.0
67.192	0.218	fixation	n/a	375.1	91.8	786.0	n/a	n/a	n/a	n/a
67.412	0.04	saccade	n/a	377.0	92.4	n/a	469.0	96.3	3.71	310.0
67.454	0.26	fixation	n/a	479.2	90.2	730.0	n/a	n/a	n/a	n/a
67.716	0.04	saccade	n/a	481.0	87.4	n/a	571.3	91.8	3.61	252.0
67.758	0.214	fixation	n/a	582.2	86.0	661.0	n/a	n/a	n/a	n/a
67.974	0.022	saccade	n/a	584.8	84.6	n/a	641.9	84.1	2.25	174.0
67.998	0.1	fixation	n/a	635.0	85.3	634.0	n/a	n/a	n/a	n/a
68.1	0.066	saccade	n/a	636.1	85.3	n/a	206.5	134.1	17.03	466.0
68.168	0.136	fixation	n/a	202.0	134.8	667.0	n/a	n/a	n/a	n/a
68.306	0.032	saccade	n/a	200.2	134.1	n/a	156.4	136.3	1.73	200.0
68.34	0.31	fixation	n/a	148.2	142.1	709.0	n/a	n/a	n/a	n/a
68.652	0.024	saccade	n/a	149.0	144.5	n/a	228.8	144.6	3.14	224.0
68.678	0.214	fixation	n/a	223.7	144.9	700.0	n/a	n/a	n/a	n/a
68.894	0.028	saccade	n/a	225.2	144.4	n/a	319.0	147.3	3.75	252.0
68.924	0.286	fixation	n/a	312.1	144.6	670.0	n/a	n/a	n/a	n/a
69.212	0.028	saccade	n/a	313.3	141.1	n/a	391.2	153.5	3.18	190.0
69.242	0.244	fixation	n/a	382.9	149.3	639.0	n/a	n/a	n/a	n/a
69.488	0.014	saccade	n/a	387.7	147.1	n/a	418.8	144.7	1.26	113.0
69.504	0.266	fixation	n/a	415.0	149.3	608.0	n/a	n/a	n/a	n/a
69.772	0.018	saccade	n/a	416.9	148.4	n/a	452.1	146.9	1.42	117.0
69.792	0.108	fixation	n/a	447.3	149.6	579.0	n/a	n/a	n/a	n/a
69.902	0.022	saccade	n/a	448.5	148.7	n/a	504.5	147.4	2.25	156.0
69.926	0.756	fixation	n/a	516.8	156.3	562.0	n/a	n/a	n/a	n/a
70.476	0.0	trigger_11	11	n/a	n/a	n/a	n/a	n/a	n/a	n/a
70.486	0.0	trigger_10	10	n/a	n/a	n/a	n/a	n/a	n/a	n/a
70.684	0.016	saccade	n/a	522.7	149.8	n/a	552.2	139.8	1.25	108.0
70.702	0.478	fixation	n/a	548.0	146.4	515.0	n/a	n/a	n/a	n/a
71.182	0.022	saccade	n/a	549.8	147.3	n/a	613.4	139.1	2.54	185.0
71.206	0.318	fixation	n/a	603.3	140.7	516.0	n/a	n/a	n/a	n/a
71.526	0.06	saccade	n/a	601.0	142.4	n/a	231.7	195.8	14.78	431.0
71.588	0.142	fixation	n/a	230.1	197.6	581.0	n/a	n/a	n/a	n/a
71.732	0.032	saccade	n/a	229.5	197.4	n/a	188.1	193.3	1.64	169.0
71.766	0.16	fixation	n/a	180.9	199.0	595.0	n/a	n/a	n/a	n/a
71.928	0.02	saccade	n/a	178.5	200.6	n/a	147.2	200.1	1.23	111.0
71.95	0.156	fixation	n/a	153.3	203.0	594.0	n/a	n/a	n/a	n/a
72.108	0.028	saccade	n/a	152.1	204.9	n/a	249.5	202.0	3.84	246.0
72.138	0.128	fixation	n/a	244.8	203.0	582.0	n/a	n/a	n/a	n/a
72.268	0.026	saccade	n/a	247.6	205.3	n/a	333.4	215.1	3.45	252.0
72.296	0.104	fixation	n/a	325.9	210.8	592.0	n/a	n/a	n/a	n/a
72.402	0.022	saccade	n/a	327.2	209.1	n/a	318.5	131.2	3.19	223.0
72.426	0.282	fixation	n/a	325.9	108.4	564.0	n/a	n/a	n/a	n/a
72.71	0.046	saccade	n/a	325.5	110.6	n/a	180.0	85.6	5.87	319.0
72.758	0.2	fixation	n/a	168.5	83.8	574.0	n/a	n/a	n/a	n/a
72.96	0.024	saccade	n/a	169.9	84.2	n/a	251.0	79.6	3.21	228.0
72.986	0.144	fixation	n/a	243.0	81.7	567.0	n/a	n/a	n/a	n/a
73.132	0.018	saccade	n/a	241.3	81.9	n/a	202.9	83.9	1.53	128.0
73.152	0.18	fixation	n/a	212.3	81.9	577.0	n/a	n/a	n/a	n/a
73.334	0.026	saccade	n/a	211.6	83.2	n/a	292.0	83.6	3.2	220.0
73.362	0.21	fixation	n/a	282.6	84.9	591.0	n/a	n/a	n/a	n/a
73.574	0.024	saccade	n/a	283.6	85.9	n/a	340.2	83.6	2.27	162.0
73.6	0.254	fixation	n/a	331.7	86.2	594.0	n/a	n/a	n/a	n/a
73.856	0.024	saccade	n/a	332.3	88.1	n/a	404.9	84.6	2.93	214.0
73.882	0.358	fixation	n/a	403.6	89.2	582.0	n/a	n/a	n/a	n/a
74.242	0.02	saccade	n/a	401.1	88.8	n/a	355.2	84.5	1.86	143.0
74.264	0.09	fixation	n/a	366.8	85.8	569.0	n/a	n/a	n/a	n/a
74.356	0.022	saccade	n/a	367.1	86.0	n/a	438.0	84.9	2.86	207.0
74.38	0.166	fixation	n/a	432.3	87.3	575.0	n/a	n/a	n/a	n/a
74.548	0.022	saccade	n/a	433.1	87.1	n/a	500.1	83.2	2.7	210.0
74.572	0.206	fixation	n/a	493.1	88.0	609.0	n/a	n/a	n/a	n/a
74.78	0.022	saccade	n/a	494.1	89.8	n/a	551.6	84.4	2.31	176.0
74.804	0.15	fixation	n/a	546.4	86.1	595.0	n/a	n/a	n/a	n/a
74.956	0.066	saccade	n/a	547.7	86.3	n/a	188.6	121.2	14.29	422.0
75.024	0.276	fixation	n/a	165.8	145.8	605.0	n/a	n/a	n/a	n/a
75.302	0.284	saccade	n/a	174.1	164.5	n/a	205.0	204.5	2.02	640.0
75.332	0.212	blink	n/a	n/a	n/a	n/a	n/a	n/a	n/a	n/a
75.588	0.166	fixation	n/a	213.2	144.3	609.0	n/a	n/a	n/a	n/a
75.756	0.042	saccade	n/a	212.8	135.7	n/a	136.6	132.9	3.0	248.0
75.8	0.308	fixation	n/a	121.8	140.4	654.0	n/a	n/a	n/a	n/a
76.11	0.018	saccade	n/a	125.4	141.4	n/a	155.1	145.0	1.17	106.0
76.13	0.128	fixation	n/a	147.8	145.8	639.0	n/a	n/a	n/a	n/a
76.212	0.0	trigger_11	11	n/a	n/a	n/a	n/a	n/a	n/a	n/a
76.218	0.0	trigger_10	10	n/a	n/a	n/a	n/a	n/a	n/a	n/a
76.26	0.032	saccade	n/a	150.0	146.2	n/a	226.5	145.7	3.01	279.0
76.294	0.228	fixation	n/a	232.4	143.9	627.0	n/a	n/a	n/a	n/a
76.524	0.022	saccade	n/a	233.3	145.3	n/a	284.8	140.5	2.06	163.0
76.548	0.144	fixation	n/a	276.5	143.3	599.0	n/a	n/a	n/a	n/a
76.694	0.028	saccade	n/a	278.3	142.7	n/a	376.7	144.9	3.95	260.0
76.724	0.23	fixation	n/a	376.1	145.5	582.0	n/a	n/a	n/a	n/a
76.956	0.024	saccade	n/a	376.9	147.9	n/a	447.2	140.7	2.84	220.0
76.982	0.148	fixation	n/a	439.0	142.9	580.0	n/a	n/a	n/a	n/a
77.132	0.026	saccade	n/a	440.1	143.5	n/a	523.3	138.3	3.35	236.0
77.16	0.302	fixation	n/a	521.4	144.2	580.0	n/a	n/a	n/a	n/a
77.464	0.022	saccade	n/a	522.2	144.3	n/a	573.4	146.6	2.04	166.0
77.488	0.09	fixation	n/a	563.7	151.0	576.0	n/a	n/a	n/a	n/a
77.58	0.056	saccade	n/a	564.1	152.3	n/a	194.3	184.6	14.67	455.0
77.638	0.19	fixation	n/a	188.4	187.1	621.0	n/a	n/a	n/a	n/a
77.83	0.03	saccade	n/a	184.5	188.1	n/a	156.1	192.5	1.13	160.0
77.862	0.174	fixation	n/a	148.7	197.5	693.0	n/a	n/a	n/a	n/a
78.038	0.024	saccade	n/a	147.3	197.4	n/a	157.4	105.4	3.72	235.0
78.064	0.416	fixation	n/a	191.9	59.7	730.0	n/a	n/a	n/a	n/a
78.482	0.03	saccade	n/a	193.5	61.2	n/a	164.2	71.4	1.22	166.0
78.514	0.27	fixation	n/a	157.9	77.2	802.0	n/a	n/a	n/a	n/a
78.786	0.006	saccade	n/a	155.4	81.4	n/a	147.0	83.6	0.34	53.0
78.794	0.062	fixation	n/a	147.5	84.1	797.0	n/a	n/a	n/a	n/a
78.858	0.038	saccade	n/a	148.9	84.9	n/a	233.9	89.8	3.35	281.0
78.898	0.222	fixation	n/a	248.4	89.0	755.0	n/a	n/a	n/a	n/a
79.122	0.022	saccade	n/a	251.0	90.1	n/a	299.1	86.5	1.93	175.0
79.146	0.146	fixation	n/a	291.7	85.7	731.0	n/a	n/a	n/a	n/a
79.294	0.026	saccade	n/a	294.2	84.8	n/a	391.2	85.2	3.9	297.0
79.322	0.21	fixation	n/a	387.9	86.0	703.0	n/a	n/a	n/a	n/a
79.534	0.022	saccade	n/a	390.0	87.2	n/a	456.7	82.5	2.69	206.0
79.558	0.228	fixation	n/a	450.1	85.4	671.0	n/a	n/a	n/a	n/a
79.788	0.024	saccade	n/a	450.6	86.7	n/a	516.5	82.8	2.65	187.0
79.814	0.1	fixation	n/a	510.1	82.5	634.0	n/a	n/a	n/a	n/a
79.916	0.034	saccade	n/a	511.1	82.1	n/a	466.2	81.9	1.8	189.0
79.952	0.112	fixation	n/a	456.6	84.3	622.0	n/a	n/a	n/a	n/a
80.066	0.022	saccade	n/a	453.6	85.6	n/a	413.9	85.5	1.6	160.0
80.09	0.2	fixation	n/a	417.5	88.1	632.0	n/a	n/a	n/a	n/a
80.292	0.028	saccade	n/a	415.3	89.1	n/a	509.3	84.9	3.78	233.0
80.322	0.276	fixation	n/a	501.6	87.9	667.0	n/a	n/a	n/a	n/a
80.6	0.024	saccade	n/a	501.9	87.7	n/a	580.1	80.9	3.13	239.0
80.626	0.168	fixation	n/a	569.3	82.5	655.0	n/a	n/a	n/a	n/a
80.796	0.022	saccade	n/a	570.8	83.0	n/a	618.7	83.1	1.89	153.0
80.82	0.136	fixation	n/a	607.9	84.9	653.0	n/a	n/a	n/a	n/a
80.958	0.068	saccade	n/a	605.6	87.4	n/a	203.6	123.2	15.96	454.0
81.028	0.126	fixation	n/a	206.6	124.9	705.0	n/a	n/a	n/a	n/a
81.156	0.036	saccade	n/a	205.5	126.3	n/a	156.4	138.0	1.99	233.0
81.194	0.318	fixation	n/a	143.1	143.6	769.0	n/a	n/a	n/a	n/a
81.514	0.034	saccade	n/a	142.5	145.7	n/a	200.3	155.4	2.3	250.0
81.55	0.12	fixation	n/a	209.3	152.0	842.0	n/a	n/a	n/a	n/a
81.672	0.016	saccade	n/a	209.2	153.2	n/a	172.8	158.4	1.45	118.0
81.69	0.148	fixation	n/a	181.1	157.5	855.0	n/a	n/a	n/a	n/a
81.84	0.034	saccade	n/a	182.1	159.7	n/a	241.9	164.7	2.38	238.0
81.876	0.176	fixation	n/a	248.5	160.5	856.0	n/a	n/a	n/a	n/a
82.054	0.022	saccade	n/a	251.4	159.9	n/a	305.7	160.8	2.17	161.0
82.078	0.192	fixation	n/a	298.5	162.2	853.0	n/a	n/a	n/a	n/a
82.272	0.026	saccade	n/a	300.8	161.9	n/a	380.3	165.3	3.2	205.0
82.3	0.3	fixation	n/a	371.6	163.9	834.0	n/a	n/a	n/a	n/a
82.602	0.022	saccade	n/a	373.9	164.4	n/a	429.8	168.4	2.26	171.0
82.626	0.18	fixation	n/a	420.8	167.9	809.0	n/a	n/a	n/a	n/a
82.764	0.0	trigger_11	11	n/a	n/a	n/a	n/a	n/a	n/a	n/a
82.768	0.0	trigger_10	10	n/a	n/a	n/a	n/a	n/a	n/a	n/a
82.808	0.022	saccade	n/a	422.8	167.6	n/a	469.0	164.6	1.86	138.0
82.832	0.302	fixation	n/a	462.7	166.7	744.0	n/a	n/a	n/a	n/a
83.136	0.016	saccade	n/a	465.8	166.5	n/a	497.3	162.2	1.27	110.0
83.154	0.254	fixation	n/a	490.6	164.1	688.0	n/a	n/a	n/a	n/a
83.41	0.018	saccade	n/a	492.9	161.2	n/a	519.3	158.0	1.07	106.0
83.43	0.152	fixation	n/a	512.6	158.2	677.0	n/a	n/a	n/a	n/a
83.584	0.024	saccade	n/a	513.0	158.6	n/a	586.1	151.2	2.92	210.0
83.61	0.25	fixation	n/a	576.1	154.7	694.0	n/a	n/a	n/a	n/a
83.862	0.018	saccade	n/a	578.4	156.2	n/a	620.4	155.0	1.66	139.0
83.882	0.07	fixation	n/a	614.0	159.2	713.0	n/a	n/a	n/a	n/a
83.954	0.07	saccade	n/a	614.5	160.0	n/a	134.1	197.9	18.86	513.0
84.026	0.404	fixation	n/a	132.4	202.2	741.0	n/a	n/a	n/a	n/a
84.432	0.034	saccade	n/a	129.1	202.2	n/a	236.8	155.3	4.63	234.0
84.468	0.214	fixation	n/a	235.9	157.5	811.0	n/a	n/a	n/a	n/a
84.684	0.024	saccade	n/a	235.6	156.0	n/a	214.8	86.3	2.95	200.0
84.71	0.296	fixation	n/a	217.4	82.3	794.0	n/a	n/a	n/a	n/a
85.008	0.024	saccade	n/a	218.2	82.3	n/a	156.0	78.3	2.46	195.0
85.034	0.248	fixation	n/a	166.7	77.2	761.0	n/a	n/a	n/a	n/a
85.284	0.028	saccade	n/a	167.8	76.3	n/a	270.7	76.8	4.08	280.0
85.314	0.276	fixation	n/a	269.4	79.1	757.0	n/a	n/a	n/a	n/a
85.592	0.026	saccade	n/a	272.1	80.5	n/a	353.9	84.4	3.29	226.0
85.62	0.162	fixation	n/a	346.9	83.9	732.0	n/a	n/a	n/a	n/a
85.784	0.036	saccade	n/a	348.3	83.6	n/a	431.3	87.3	3.34	272.0
85.822	0.224	fixation	n/a	439.7	82.7	719.0	n/a	n/a	n/a	n/a
86.048	0.026	saccade	n/a	440.8	81.8	n/a	525.3	82.9	3.39	243.0
86.076	0.262	fixation	n/a	517.5	83.5	676.0	n/a	n/a	n/a	n/a
86.172	0.0	trigger_11	11	n/a	n/a	n/a	n/a	n/a	n/a	n/a
86.178	0.0	trigger_10	10	n/a	n/a	n/a	n/a	n/a	n/a	n/a
86.34	0.022	saccade	n/a	518.4	82.4	n/a	577.1	79.0	2.34	186.0
86.364	0.13	fixation	n/a	567.9	79.6	642.0	n/a	n/a	n/a	n/a
86.496	0.02	saccade	n/a	569.7	79.9	n/a	621.4	78.7	2.04	144.0
86.518	0.084	fixation	n/a	614.1	80.6	617.0	n/a	n/a	n/a	n/a
86.604	0.062	saccade	n/a	613.7	81.3	n/a	181.3	135.6	17.16	504.0
86.668	0.16	fixation	n/a	177.5	141.5	654.0	n/a	n/a	n/a	n/a
86.83	0.028	saccade	n/a	175.3	142.8	n/a	150.7	137.1	0.99	140.0
86.86	0.104	fixation	n/a	144.8	142.0	689.0	n/a	n/a	n/a	n/a
86.966	0.036	saccade	n/a	143.6	144.1	n/a	229.0	145.7	3.36	270.0
87.004	0.2	fixation	n/a	238.5	142.1	732.0	n/a	n/a	n/a	n/a
87.206	0.032	saccade	n/a	242.3	144.3	n/a	284.8	147.1	1.7	223.0
87.24	0.174	fixation	n/a	292.7	145.3	759.0	n/a	n/a	n/a	n/a
87.416	0.03	saccade	n/a	294.4	148.8	n/a	406.7	156.3	4.52	289.0
87.448	0.188	fixation	n/a	403.4	152.5	746.0	n/a	n/a	n/a	n/a
87.638	0.026	saccade	n/a	405.6	151.4	n/a	495.5	155.3	3.62	250.0
87.666	0.144	fixation	n/a	486.7	156.8	698.0	n/a	n/a	n/a	n/a
87.812	0.032	saccade	n/a	488.9	155.2	n/a	345.7	98.1	6.21	354.0
87.846	0.196	fixation	n/a	319.6	91.2	644.0	n/a	n/a	n/a	n/a
88.044	0.022	saccade	n/a	317.4	90.3	n/a	259.8	77.8	2.36	179.0
88.068	0.316	fixation	n/a	265.3	81.2	655.0	n/a	n/a	n/a	n/a
88.386	0.04	saccade	n/a	261.7	81.7	n/a	168.4	77.7	3.69	324.0
88.428	0.322	fixation	n/a	153.7	81.8	675.0	n/a	n/a	n/a	n/a
88.752	0.026	saccade	n/a	156.5	82.4	n/a	245.8	82.4	3.53	228.0
88.78	0.192	fixation	n/a	244.7	85.7	643.0	n/a	n/a	n/a	n/a
88.974	0.024	saccade	n/a	247.6	85.4	n/a	326.0	82.3	3.14	226.0
89.0	0.2	fixation	n/a	318.4	84.3	614.0	n/a	n/a	n/a	n/a
89.202	0.022	saccade	n/a	320.8	84.4	n/a	413.1	81.1	3.72	264.0
89.226	0.262	fixation	n/a	431.3	84.0	593.0	n/a	n/a	n/a	n/a
89.49	0.02	saccade	n/a	432.8	85.0	n/a	469.9	83.5	1.49	115.0
89.512	0.152	fixation	n/a	461.3	83.6	571.0	n/a	n/a	n/a	n/a
89.666	0.028	saccade	n/a	462.4	83.0	n/a	568.1	79.9	4.22	292.0
89.696	0.26	fixation	n/a	564.8	80.4	564.0	n/a	n/a	n/a	n/a
89.958	0.022	saccade	n/a	563.7	83.9	n/a	615.2	84.0	2.04	107.0
89.982	0.404	fixation	n/a	634.4	89.6	585.0	n/a	n/a	n/a	n/a
90.388	0.018	saccade	n/a	624.9	87.7	n/a	668.0	81.6	1.7	136.0
90.408	0.122	fixation	n/a	661.8	82.7	575.0	n/a	n/a	n/a	n/a
90.532	0.066	saccade	n/a	661.4	82.4	n/a	255.2	112.3	16.04	390.0
90.6	0.14	fixation	n/a	234.9	123.3	582.0	n/a	n/a	n/a	n/a
90.742	0.028	saccade	n/a	236.3	127.9	n/a	146.2	134.3	3.56	250.0
90.772	0.284	fixation	n/a	154.4	141.8	591.0	n/a	n/a	n/a	n/a
91.058	0.036	saccade	n/a	154.7	142.7	n/a	249.3	151.4	3.75	292.0
91.096	0.234	fixation	n/a	257.4	146.2	600.0	n/a	n/a	n/a	n/a
91.332	0.022	saccade	n/a	261.6	145.0	n/a	320.4	142.4	2.35	172.0
91.356	0.204	fixation	n/a	316.7	144.8	571.0	n/a	n/a	n/a	n/a
91.562	0.022	saccade	n/a	318.3	145.0	n/a	370.3	140.2	2.1	154.0
91.586	0.164	fixation	n/a	362.4	142.3	553.0	n/a	n/a	n/a	n/a
91.752	0.02	saccade	n/a	362.0	142.3	n/a	326.3	140.6	1.44	127.0
91.774	0.176	fixation	n/a	333.6	141.7	542.0	n/a	n/a	n/a	n/a
91.952	0.024	saccade	n/a	334.6	142.2	n/a	409.2	137.8	3.01	224.0
91.978	0.234	fixation	n/a	400.4	139.4	527.0	n/a	n/a	n/a	n/a
92.206	0.0	trigger_11	11	n/a	n/a	n/a	n/a	n/a	n/a	n/a
92.21	0.0	trigger_10	10	n/a	n/a	n/a	n/a	n/a	n/a	n/a
92.214	0.026	saccade	n/a	400.5	139.0	n/a	475.3	131.9	3.02	191.0
92.242	0.29	fixation	n/a	474.2	132.7	515.0	n/a	n/a	n/a	n/a
92.534	0.022	saccade	n/a	477.1	132.4	n/a	537.5	131.1	2.42	162.0
92.558	0.104	fixation	n/a	532.4	136.0	506.0	n/a	n/a	n/a	n/a
92.664	0.054	saccade	n/a	533.2	134.6	n/a	215.7	176.7	12.74	449.0
92.72	0.128	fixation	n/a	215.6	180.6	534.0	n/a	n/a	n/a	n/a
92.85	0.034	saccade	n/a	217.6	183.0	n/a	168.8	195.4	1.99	213.0
92.886	0.208	fixation	n/a	159.7	202.4	544.0	n/a	n/a	n/a	n/a
93.096	0.022	saccade	n/a	158.7	202.5	n/a	210.6	196.2	2.05	143.0
93.12	0.102	fixation	n/a	206.6	200.6	555.0	n/a	n/a	n/a	n/a
93.224	0.022	saccade	n/a	209.1	201.1	n/a	300.0	197.7	3.62	245.0
93.248	0.34	fixation	n/a	331.2	204.1	545.0	n/a	n/a	n/a	n/a
93.59	0.026	saccade	n/a	334.9	206.6	n/a	433.9	211.5	3.98	280.0
93.618	0.332	fixation	n/a	436.6	218.2	547.0	n/a	n/a	n/a	n/a
93.952	0.022	saccade	n/a	439.1	220.9	n/a	504.7	223.2	2.63	192.0
93.976	0.086	fixation	n/a	498.2	223.4	531.0	n/a	n/a	n/a	n/a
94.064	0.032	saccade	n/a	499.8	220.9	n/a	404.0	112.3	5.86	313.0
94.098	0.37	fixation	n/a	364.3	78.1	486.0	n/a	n/a	n/a	n/a
94.47	0.034	saccade	n/a	354.5	81.8	n/a	189.3	75.4	6.59	371.0
94.506	0.3	fixation	n/a	184.8	78.7	549.0	n/a	n/a	n/a	n/a
94.808	0.028	saccade	n/a	184.1	81.2	n/a	282.6	84.3	3.91	260.0
94.838	0.234	fixation	n/a	280.5	85.5	597.0	n/a	n/a	n/a	n/a
95.074	0.022	saccade	n/a	282.9	85.6	n/a	347.3	81.0	2.59	200.0
95.098	0.19	fixation	n/a	337.8	84.3	610.0	n/a	n/a	n/a	n/a
95.29	0.024	saccade	n/a	337.4	84.9	n/a	413.3	81.7	3.06	218.0
95.316	0.326	fixation	n/a	402.7	83.3	640.0	n/a	n/a	n/a	n/a
95.598	0.0	trigger_11	11	n/a	n/a	n/a	n/a	n/a	n/a	n/a
95.604	0.0	trigger_10	10	n/a	n/a	n/a	n/a	n/a	n/a	n/a
95.644	0.02	saccade	n/a	403.4	83.2	n/a	453.8	81.0	2.03	158.0
95.666	0.24	fixation	n/a	448.7	83.5	677.0	n/a	n/a	n/a	n/a
95.908	0.018	saccade	n/a	452.1	88.3	n/a	486.9	89.6	1.4	119.0
95.928	0.112	fixation	n/a	477.2	92.7	725.0	n/a	n/a	n/a	n/a
96.042	0.024	saccade	n/a	477.6	95.6	n/a	550.8	94.2	2.93	232.0
96.068	0.176	fixation	n/a	543.0	95.9	713.0	n/a	n/a	n/a	n/a
96.246	0.068	saccade	n/a	544.2	95.7	n/a	172.6	148.0	14.84	511.0
96.316	0.41	fixation	n/a	161.5	154.5	721.0	n/a	n/a	n/a	n/a
96.728	0.024	saccade	n/a	160.8	156.5	n/a	230.9	149.1	2.78	204.0
96.754	0.424	fixation	n/a	222.4	150.1	743.0	n/a	n/a	n/a	n/a
97.18	0.02	saccade	n/a	223.3	147.4	n/a	194.2	140.6	1.18	122.0
97.202	0.09	fixation	n/a	201.8	143.5	689.0	n/a	n/a	n/a	n/a
97.294	0.042	saccade	n/a	203.4	142.5	n/a	320.8	90.0	5.14	234.0
97.338	0.488	fixation	n/a	317.2	91.3	694.0	n/a	n/a	n/a	n/a
97.828	0.042	saccade	n/a	318.0	91.9	n/a	193.9	89.1	4.95	386.0
97.872	0.276	fixation	n/a	179.3	90.8	681.0	n/a	n/a	n/a	n/a
98.15	0.032	saccade	n/a	180.9	91.8	n/a	238.4	93.1	2.28	228.0
98.184	0.122	fixation	n/a	245.3	88.9	676.0	n/a	n/a	n/a	n/a
98.308	0.024	saccade	n/a	246.6	88.6	n/a	340.5	86.0	3.76	268.0
98.334	0.21	fixation	n/a	338.9	89.5	703.0	n/a	n/a	n/a	n/a
98.546	0.024	saccade	n/a	340.9	90.5	n/a	424.1	86.7	3.35	243.0
98.572	0.298	fixation	n/a	417.7	88.9	711.0	n/a	n/a	n/a	n/a
98.872	0.024	saccade	n/a	420.1	86.5	n/a	493.2	84.3	2.94	195.0
98.898	0.242	fixation	n/a	494.0	86.1	629.0	n/a	n/a	n/a	n/a
99.142	0.022	saccade	n/a	497.1	85.8	n/a	562.7	81.6	2.63	194.0
99.166	0.158	fixation	n/a	560.4	83.4	613.0	n/a	n/a	n/a	n/a
99.326	0.062	saccade	n/a	560.7	84.3	n/a	193.2	144.1	14.78	411.0
99.39	0.144	fixation	n/a	189.3	146.9	654.0	n/a	n/a	n/a	n/a
99.536	0.028	saccade	n/a	187.2	147.9	n/a	160.9	145.8	1.04	158.0
99.566	0.166	fixation	n/a	152.7	149.6	658.0	n/a	n/a	n/a	n/a
99.734	0.028	saccade	n/a	153.6	150.1	n/a	250.6	142.3	3.84	244.0
99.764	0.232	fixation	n/a	252.4	143.5	671.0	n/a	n/a	n/a	n/a
99.998	0.022	saccade	n/a	254.0	144.8	n/a	317.6	142.9	2.55	214.0
100.022	0.204	fixation	n/a	307.0	141.5	637.0	n/a	n/a	n/a	n/a
100.118	0.0	trigger_11	11	n/a	n/a	n/a	n/a	n/a	n/a	n/a
100.124	0.0	trigger_10	10	n/a	n/a	n/a	n/a	n/a	n/a	n/a
100.228	0.018	saccade	n/a	308.9	141.6	n/a	348.0	141.9	1.57	130.0
100.248	0.152	fixation	n/a	340.7	142.5	609.0	n/a	n/a	n/a	n/a
100.402	0.03	saccade	n/a	340.8	141.5	n/a	452.8	149.7	4.51	296.0
100.434	0.22	fixation	n/a	448.6	147.6	615.0	n/a	n/a	n/a	n/a
100.656	0.032	saccade	n/a	449.3	151.4	n/a	559.6	150.7	4.41	251.0
100.69	0.27	fixation	n/a	554.6	151.8	635.0	n/a	n/a	n/a	n/a
100.962	0.022	saccade	n/a	554.9	152.4	n/a	624.8	152.4	2.76	198.0
100.986	0.188	fixation	n/a	617.1	153.1	628.0	n/a	n/a	n/a	n/a
101.176	0.062	saccade	n/a	617.1	152.6	n/a	212.5	200.4	16.08	484.0
101.24	0.13	fixation	n/a	209.3	203.8	668.0	n/a	n/a	n/a	n/a
101.372	0.034	saccade	n/a	207.8	206.0	n/a	159.3	199.7	1.92	250.0
101.408	0.206	fixation	n/a	146.8	205.4	693.0	n/a	n/a	n/a	n/a
101.616	0.032	saccade	n/a	146.7	206.0	n/a	230.6	218.5	3.33	293.0
101.65	0.18	fixation	n/a	236.7	214.8	709.0	n/a	n/a	n/a	n/a
101.832	0.028	saccade	n/a	237.9	215.7	n/a	342.8	217.9	4.19	286.0
101.862	0.118	fixation	n/a	334.2	217.3	710.0	n/a	n/a	n/a	n/a
101.982	0.024	saccade	n/a	334.5	216.5	n/a	260.1	117.7	5.0	367.0
102.008	0.326	fixation	n/a	263.0	104.8	657.0	n/a	n/a	n/a	n/a
102.336	0.024	saccade	n/a	260.6	105.0	n/a	160.6	85.8	4.03	308.0
102.362	0.314	fixation	n/a	172.0	90.6	724.0	n/a	n/a	n/a	n/a
102.678	0.024	saccade	n/a	173.6	91.9	n/a	247.1	84.9	2.92	193.0
102.704	0.196	fixation	n/a	251.1	87.6	752.0	n/a	n/a	n/a	n/a
102.902	0.024	saccade	n/a	252.7	86.9	n/a	317.3	84.7	2.59	202.0
102.928	0.252	fixation	n/a	309.9	85.5	753.0	n/a	n/a	n/a	n/a
103.182	0.196	saccade	n/a	319.3	98.9	n/a	356.9	199.2	4.36	694.0
103.21	0.106	blink	n/a	n/a	n/a	n/a	n/a	n/a	n/a	n/a
103.38	0.148	fixation	n/a	354.7	126.2	688.0	n/a	n/a	n/a	n/a
103.53	0.022	saccade	n/a	356.1	101.1	n/a	410.3	89.5	2.24	169.0
103.554	0.534	fixation	n/a	403.1	90.3	625.0	n/a	n/a	n/a	n/a
104.09	0.038	saccade	n/a	398.8	90.4	n/a	183.7	78.1	8.58	397.0
104.13	0.346	fixation	n/a	178.1	84.8	657.0	n/a	n/a	n/a	n/a
104.478	0.03	saccade	n/a	176.4	87.8	n/a	273.2	86.4	3.84	239.0
104.51	0.204	fixation	n/a	267.3	86.7	757.0	n/a	n/a	n/a	n/a
104.716	0.048	saccade	n/a	267.4	87.1	n/a	389.5	95.8	4.92	321.0
104.766	0.234	fixation	n/a	398.4	99.5	839.0	n/a	n/a	n/a	n/a
105.002	0.034	saccade	n/a	399.6	100.5	n/a	480.7	101.3	3.26	280.0
105.038	0.334	fixation	n/a	490.1	96.6	812.0	n/a	n/a	n/a	n/a
105.374	0.022	saccade	n/a	492.9	89.4	n/a	552.4	85.7	2.38	180.0
105.398	0.152	fixation	n/a	542.9	86.9	699.0	n/a	n/a	n/a	n/a
105.552	0.056	saccade	n/a	543.5	83.1	n/a	179.4	144.1	14.63	456.0
105.61	0.268	fixation	n/a	166.2	153.8	720.0	n/a	n/a	n/a	n/a
105.88	0.024	saccade	n/a	165.3	154.4	n/a	228.3	140.0	2.55	201.0
105.906	0.154	fixation	n/a	219.5	142.8	735.0	n/a	n/a	n/a	n/a
106.062	0.026	saccade	n/a	220.7	142.6	n/a	320.0	144.9	3.97	286.0
106.09	0.23	fixation	n/a	316.1	147.0	741.0	n/a	n/a	n/a	n/a
106.322	0.024	saccade	n/a	318.0	146.5	n/a	382.6	153.6	2.62	202.0
106.348	0.242	fixation	n/a	372.9	150.6	711.0	n/a	n/a	n/a	n/a
106.422	0.0	trigger_11	11	n/a	n/a	n/a	n/a	n/a	n/a	n/a
106.426	0.0	trigger_10	10	n/a	n/a	n/a	n/a	n/a	n/a	n/a
106.592	0.032	saccade	n/a	373.7	148.8	n/a	499.1	158.4	5.05	300.0
106.626	0.132	fixation	n/a	499.9	158.0	673.0	n/a	n/a	n/a	n/a
106.76	0.034	saccade	n/a	501.5	156.2	n/a	452.1	152.3	1.99	256.0
106.796	0.196	fixation	n/a	438.9	154.6	638.0	n/a	n/a	n/a	n/a
106.994	0.024	saccade	n/a	436.1	154.2	n/a	507.3	149.9	2.86	234.0
107.02	0.156	fixation	n/a	500.1	152.8	633.0	n/a	n/a	n/a	n/a
107.178	0.024	saccade	n/a	500.9	152.7	n/a	582.7	154.8	3.26	230.0
107.204	0.15	fixation	n/a	580.0	155.6	624.0	n/a	n/a	n/a	n/a
107.356	0.058	saccade	n/a	581.0	155.5	n/a	242.5	175.1	13.48	425.0
107.416	0.142	fixation	n/a	239.5	179.5	622.0	n/a	n/a	n/a	n/a
107.56	0.036	saccade	n/a	235.8	182.7	n/a	177.7	193.3	2.33	257.0
107.598	0.19	fixation	n/a	165.8	199.9	655.0	n/a	n/a	n/a	n/a
107.79	0.038	saccade	n/a	165.7	201.4	n/a	246.4	216.7	3.24	277.0
107.83	0.156	fixation	n/a	256.0	214.6	691.0	n/a	n/a	n/a	n/a
107.988	0.034	saccade	n/a	256.1	215.1	n/a	310.9	222.7	2.21	232.0
108.024	0.148	fixation	n/a	317.6	218.9	698.0	n/a	n/a	n/a	n/a
108.174	0.028	saccade	n/a	318.0	216.0	n/a	247.0	101.6	5.45	348.0
108.204	0.438	fixation	n/a	258.2	91.2	681.0	n/a	n/a	n/a	n/a
108.644	0.028	saccade	n/a	255.6	92.1	n/a	152.5	82.6	4.09	295.0
108.674	0.13	fixation	n/a	162.8	85.8	715.0	n/a	n/a	n/a	n/a
108.806	0.038	saccade	n/a	162.3	86.3	n/a	250.8	87.1	3.5	308.0
108.846	0.172	fixation	n/a	261.1	84.9	719.0	n/a	n/a	n/a	n/a
109.02	0.026	saccade	n/a	262.3	85.1	n/a	340.5	86.3	3.13	231.0
109.048	0.2	fixation	n/a	331.0	86.1	710.0	n/a	n/a	n/a	n/a
109.25	0.022	saccade	n/a	333.7	86.7	n/a	388.3	87.8	2.2	192.0
109.274	0.116	fixation	n/a	378.5	87.4	709.0	n/a	n/a	n/a	n/a
109.392	0.022	saccade	n/a	381.1	87.3	n/a	463.7	84.1	3.33	237.0
109.416	0.264	fixation	n/a	467.6	87.2	674.0	n/a	n/a	n/a	n/a
109.574	0.0	trigger_11	11	n/a	n/a	n/a	n/a	n/a	n/a	n/a
109.58	0.0	trigger_12	12	n/a	n/a	n/a	n/a	n/a	n/a	n/a
109.682	0.022	saccade	n/a	471.5	87.3	n/a	520.6	85.5	1.97	166.0
109.706	0.104	fixation	n/a	510.1	86.3	644.0	n/a	n/a	n/a	n/a
109.812	0.024	saccade	n/a	511.4	86.5	n/a	589.8	83.5	3.12	235.0
109.838	0.352	fixation	n/a	586.3	85.7	625.0	n/a	n/a	n/a	n/a
110.192	0.022	saccade	n/a	587.5	85.9	n/a	637.0	88.2	1.95	155.0
110.216	0.068	fixation	n/a	628.2	87.7	628.0	n/a	n/a	n/a	n/a
110.286	0.074	saccade	n/a	622.4	87.5	n/a	168.9	132.0	17.91	558.0
110.362	0.222	fixation	n/a	155.9	140.0	655.0	n/a	n/a	n/a	n/a
110.586	0.02	saccade	n/a	153.6	141.4	n/a	125.6	147.0	1.11	111.0
110.608	0.17	fixation	n/a	131.6	146.4	694.0	n/a	n/a	n/a	n/a
110.78	0.024	saccade	n/a	130.4	146.6	n/a	213.6	89.7	3.99	291.0
110.806	0.404	fixation	n/a	222.6	97.1	713.0	n/a	n/a	n/a	n/a
111.212	0.026	saccade	n/a	221.2	98.1	n/a	327.3	89.1	4.25	309.0
111.24	0.194	fixation	n/a	320.3	90.3	669.0	n/a	n/a	n/a	n/a
111.436	0.022	saccade	n/a	322.2	89.7	n/a	381.0	86.1	2.37	177.0
111.46	0.336	fixation	n/a	371.7	88.6	632.0	n/a	n/a	n/a	n/a
111.718	0.0	trigger_13	13	n/a	n/a	n/a	n/a	n/a	n/a	n/a
111.798	0.048	saccade	n/a	373.9	88.1	n/a	199.7	82.3	6.96	422.0
111.848	0.286	fixation	n/a	184.3	84.3	624.0	n/a	n/a	n/a	n/a
112.136	0.036	saccade	n/a	184.2	84.2	n/a	256.0	85.6	2.84	269.0
112.174	0.222	fixation	n/a	266.1	83.0	655.0	n/a	n/a	n/a	n/a
112.398	0.032	saccade	n/a	267.1	82.5	n/a	328.4	87.1	2.46	230.0
112.432	0.182	fixation	n/a	332.8	84.5	640.0	n/a	n/a	n/a	n/a
112.616	0.024	saccade	n/a	335.7	85.0	n/a	406.8	84.3	2.86	214.0
112.642	0.242	fixation	n/a	396.6	85.3	624.0	n/a	n/a	n/a	n/a
112.886	0.018	saccade	n/a	399.7	85.7	n/a	440.6	83.4	1.65	134.0
112.906	0.152	fixation	n/a	431.1	84.2	590.0	n/a	n/a	n/a	n/a
113.06	0.026	saccade	n/a	431.5	83.9	n/a	527.5	78.8	3.86	256.0
113.088	0.258	fixation	n/a	526.3	79.0	562.0	n/a	n/a	n/a	n/a
113.348	0.022	saccade	n/a	528.1	78.3	n/a	587.8	80.1	2.37	194.0
113.372	0.076	fixation	n/a	578.8	80.7	559.0	n/a	n/a	n/a	n/a
113.45	0.056	saccade	n/a	580.4	80.6	n/a	255.4	84.1	12.92	461.0
113.508	0.478	fixation	n/a	249.2	89.0	611.0	n/a	n/a	n/a	n/a
113.902	0.0	trigger_15	15	n/a	n/a	n/a	n/a	n/a	n/a	n/a
113.908	0.0	trigger_10	10	n/a	n/a	n/a	n/a	n/a	n/a	n/a
113.988	0.036	saccade	n/a	244.0	92.1	n/a	199.2	81.0	1.83	271.0
114.026	0.096	fixation	n/a	185.1	84.0	673.0	n/a	n/a	n/a	n/a
114.124	0.05	saccade	n/a	183.5	84.3	n/a	362.2	90.0	7.12	414.0
114.176	0.154	fixation	n/a	380.6	95.3	685.0	n/a	n/a	n/a	n/a
114.332	0.054	saccade	n/a	380.4	100.5	n/a	466.3	213.6	5.76	419.0
114.388	0.278	fixation	n/a	471.7	222.5	803.0	n/a	n/a	n/a	n/a
114.668	0.034	saccade	n/a	471.4	223.6	n/a	525.9	223.9	2.18	240.0
114.704	0.258	fixation	n/a	531.2	222.7	736.0	n/a	n/a	n/a	n/a
114.964	0.224	saccade	n/a	533.7	224.4	n/a	511.0	343.7	4.87	697.0
114.99	0.15	blink	n/a	n/a	n/a	n/a	n/a	n/a	n/a	n/a
115.19	0.548	fixation	n/a	486.7	245.4	756.0	n/a	n/a	n/a	n/a
115.74	0.022	saccade	n/a	484.4	240.5	n/a	526.1	214.7	1.97	155.0
115.764	0.34	fixation	n/a	520.3	224.2	679.0	n/a	n/a	n/a	n/a
116.106	0.044	saccade	n/a	518.3	223.2	n/a	278.8	162.4	9.87	467.0
116.152	0.088	fixation	n/a	269.9	154.8	699.0	n/a	n/a	n/a	n/a
116.242	0.028	saccade	n/a	266.0	149.6	n/a	205.1	79.8	3.73	238.0
116.272	0.124	fixation	n/a	201.9	88.3	679.0	n/a	n/a	n/a	n/a
116.398	0.02	saccade	n/a	199.0	88.5	n/a	165.5	81.2	1.35	134.0
116.42	0.298	fixation	n/a	168.8	88.2	715.0	n/a	n/a	n/a	n/a
116.72	0.024	saccade	n/a	165.5	90.2	n/a	232.8	85.8	2.66	213.0
116.746	0.444	fixation	n/a	224.2	88.0	844.0	n/a	n/a	n/a	n/a
117.192	0.034	saccade	n/a	222.9	91.3	n/a	186.1	91.0	1.45	183.0
117.228	0.242	fixation	n/a	179.9	96.1	876.0	n/a	n/a	n/a	n/a
117.472	0.032	saccade	n/a	176.1	97.2	n/a	146.4	88.5	1.22	153.0
117.506	0.33	fixation	n/a	138.0	94.6	887.0	n/a	n/a	n/a	n/a
117.838	0.024	saccade	n/a	136.3	93.8	n/a	207.1	90.8	2.78	212.0
117.864	0.18	fixation	n/a	197.9	94.6	908.0	n/a	n/a	n/a	n/a
118.046	0.026	saccade	n/a	200.6	94.6	n/a	292.3	99.4	3.65	274.0
118.074	0.2	fixation	n/a	284.5	102.3	923.0	n/a	n/a	n/a	n/a
118.276	0.026	saccade	n/a	287.6	101.7	n/a	372.2	111.3	3.42	242.0
118.304	0.18	fixation	n/a	366.9	108.5	864.0	n/a	n/a	n/a	n/a
118.486	0.022	saccade	n/a	367.3	106.3	n/a	338.9	100.6	1.17	128.0
118.51	0.124	fixation	n/a	343.5	102.2	800.0	n/a	n/a	n/a	n/a
118.636	0.026	saccade	n/a	342.9	100.6	n/a	438.1	102.1	3.83	265.0
118.664	0.252	fixation	n/a	430.6	103.0	770.0	n/a	n/a	n/a	n/a
118.918	0.03	saccade	n/a	431.1	103.3	n/a	465.7	101.4	1.39	162.0
118.95	0.13	fixation	n/a	469.7	102.5	791.0	n/a	n/a	n/a	n/a
119.082	0.026	saccade	n/a	470.5	103.7	n/a	555.3	103.0	3.39	234.0
119.11	0.288	fixation	n/a	549.7	103.1	791.0	n/a	n/a	n/a	n/a
119.4	0.022	saccade	n/a	551.5	98.7	n/a	624.1	93.6	2.88	228.0
119.424	0.254	fixation	n/a	621.1	92.3	710.0	n/a	n/a	n/a	n/a
119.512	0.0	trigger_11	11	n/a	n/a	n/a	n/a	n/a	n/a	n/a
119.514	0.0	trigger_12	12	n/a	n/a	n/a	n/a	n/a	n/a	n/a
119.68	0.062	saccade	n/a	622.6	88.6	n/a	230.0	134.6	15.63	412.0
119.744	0.146	fixation	n/a	225.7	136.5	753.0	n/a	n/a	n/a	n/a
119.892	0.036	saccade	n/a	224.5	139.2	n/a	173.7	138.8	2.01	236.0
119.93	0.202	fixation	n/a	163.4	145.3	799.0	n/a	n/a	n/a	n/a
120.134	0.284	saccade	n/a	158.8	152.7	n/a	155.3	175.4	0.92	496.0
120.17	0.166	blink	n/a	n/a	n/a	n/a	n/a	n/a	n/a	n/a
120.42	0.144	fixation	n/a	154.3	145.4	829.0	n/a	n/a	n/a	n/a
120.566	0.02	saccade	n/a	150.5	143.7	n/a	124.2	144.9	1.02	116.0
120.588	0.154	fixation	n/a	128.0	147.6	844.0	n/a	n/a	n/a	n/a
120.744	0.032	saccade	n/a	128.5	148.0	n/a	232.9	154.4	4.11	252.0
120.778	0.18	fixation	n/a	228.8	151.6	752.0	n/a	n/a	n/a	n/a
120.96	0.022	saccade	n/a	232.7	150.0	n/a	283.4	150.8	2.02	149.0
120.984	0.266	fixation	n/a	278.3	156.3	745.0	n/a	n/a	n/a	n/a
121.252	0.022	saccade	n/a	280.2	152.2	n/a	265.3	101.3	2.15	146.0
121.276	0.142	fixation	n/a	269.7	103.1	737.0	n/a	n/a	n/a	n/a
121.42	0.02	saccade	n/a	267.3	101.3	n/a	215.7	79.0	2.25	176.0
121.442	0.32	fixation	n/a	217.7	84.1	739.0	n/a	n/a	n/a	n/a
121.764	0.034	saccade	n/a	217.0	86.4	n/a	174.1	82.1	1.7	192.0
121.8	0.222	fixation	n/a	162.7	85.1	754.0	n/a	n/a	n/a	n/a
122.024	0.036	saccade	n/a	160.6	87.0	n/a	230.9	90.0	2.78	263.0
122.062	0.176	fixation	n/a	239.7	86.6	773.0	n/a	n/a	n/a	n/a
122.24	0.01	saccade	n/a	237.7	88.1	n/a	225.7	88.6	0.48	50.0
122.252	0.11	fixation	n/a	227.8	87.7	784.0	n/a	n/a	n/a	n/a
122.364	0.028	saccade	n/a	227.9	88.1	n/a	320.9	92.9	3.72	256.0
122.394	0.236	fixation	n/a	308.2	89.8	782.0	n/a	n/a	n/a	n/a
122.632	0.04	saccade	n/a	306.7	89.6	n/a	234.2	85.6	2.9	298.0
122.674	0.232	fixation	n/a	222.4	87.5	768.0	n/a	n/a	n/a	n/a
122.908	0.026	saccade	n/a	222.9	88.6	n/a	309.4	87.7	3.45	262.0
122.936	0.242	fixation	n/a	304.4	90.9	735.0	n/a	n/a	n/a	n/a
123.18	0.022	saccade	n/a	307.6	91.5	n/a	374.3	85.9	2.69	216.0
123.204	0.162	fixation	n/a	366.2	87.6	721.0	n/a	n/a	n/a	n/a
123.296	0.0	trigger_13	13	n/a	n/a	n/a	n/a	n/a	n/a	n/a
123.368	0.024	saccade	n/a	368.8	87.4	n/a	450.5	86.0	3.29	220.0
123.394	0.24	fixation	n/a	442.1	84.8	697.0	n/a	n/a	n/a	n/a
123.636	0.018	saccade	n/a	444.4	84.0	n/a	482.2	80.6	1.53	126.0
123.656	0.3	fixation	n/a	474.5	81.6	653.0	n/a	n/a	n/a	n/a
123.958	0.024	saccade	n/a	476.6	80.7	n/a	557.6	77.2	3.24	228.0
123.984	0.254	fixation	n/a	558.1	80.2	636.0	n/a	n/a	n/a	n/a
124.24	0.048	saccade	n/a	559.4	80.5	n/a	235.6	120.2	13.0	423.0
124.29	0.134	fixation	n/a	218.4	126.4	655.0	n/a	n/a	n/a	n/a
124.426	0.024	saccade	n/a	219.6	128.0	n/a	148.0	132.4	2.82	218.0
124.452	0.298	fixation	n/a	155.6	137.2	651.0	n/a	n/a	n/a	n/a
124.752	0.036	saccade	n/a	153.1	138.4	n/a	220.0	145.5	2.65	251.0
124.79	0.216	fixation	n/a	229.7	140.2	672.0	n/a	n/a	n/a	n/a
125.008	0.018	saccade	n/a	228.7	134.9	n/a	233.8	90.2	1.83	136.0
125.028	0.494	fixation	n/a	236.2	95.5	664.0	n/a	n/a	n/a	n/a
125.524	0.022	saccade	n/a	234.0	99.3	n/a	178.0	82.4	2.32	189.0
125.548	0.17	fixation	n/a	190.0	87.1	671.0	n/a	n/a	n/a	n/a
125.72	0.06	saccade	n/a	190.1	87.7	n/a	410.5	87.0	8.78	397.0
125.782	0.182	fixation	n/a	412.6	92.4	651.0	n/a	n/a	n/a	n/a
125.966	0.022	saccade	n/a	412.9	93.5	n/a	484.9	85.2	2.92	230.0
125.99	0.356	fixation	n/a	478.0	96.2	748.0	n/a	n/a	n/a	n/a
126.348	0.222	saccade	n/a	477.9	105.1	n/a	529.6	145.4	2.64	818.0
126.378	0.14	blink	n/a	n/a	n/a	n/a	n/a	n/a	n/a	n/a
126.572	0.93	fixation	n/a	523.0	99.7	823.0	n/a	n/a	n/a	n/a
126.64	0.0	trigger_15	15	n/a	n/a	n/a	n/a	n/a	n/a	n/a
126.644	0.0	trigger_10	10	n/a	n/a	n/a	n/a	n/a	n/a	n/a
127.504	0.052	saccade	n/a	525.7	108.4	n/a	367.6	206.9	7.5	444.0
127.558	0.24	fixation	n/a	352.3	218.5	927.0	n/a	n/a	n/a	n/a
127.8	0.216	saccade	n/a	356.2	224.6	n/a	287.2	319.6	4.71	767.0
127.83	0.132	blink	n/a	n/a	n/a	n/a	n/a	n/a	n/a	n/a
128.018	0.176	fixation	n/a	266.1	243.2	892.0	n/a	n/a	n/a	n/a
128.196	0.036	saccade	n/a	260.3	225.3	n/a	332.1	226.0	2.87	260.0
128.234	0.234	fixation	n/a	339.3	225.2	918.0	n/a	n/a	n/a	n/a
128.47	0.01	saccade	n/a	341.1	225.3	n/a	356.3	224.2	0.61	65.0
128.482	0.188	fixation	n/a	353.5	225.5	853.0	n/a	n/a	n/a	n/a
128.672	0.026	saccade	n/a	353.8	221.9	n/a	330.7	130.3	3.84	246.0
128.7	0.198	fixation	n/a	337.3	139.6	815.0	n/a	n/a	n/a	n/a
128.9	0.046	saccade	n/a	337.8	143.0	n/a	211.4	110.6	5.21	422.0
128.948	0.11	fixation	n/a	193.7	111.4	817.0	n/a	n/a	n/a	n/a
129.06	0.032	saccade	n/a	193.2	109.4	n/a	163.3	99.4	1.24	182.0
129.094	0.38	fixation	n/a	155.6	96.9	865.0	n/a	n/a	n/a	n/a
129.476	0.03	saccade	n/a	156.7	94.0	n/a	200.0	89.7	1.71	193.0
129.508	0.178	fixation	n/a	204.5	86.1	899.0	n/a	n/a	n/a	n/a
129.688	0.024	saccade	n/a	205.3	85.5	n/a	277.1	88.2	2.86	208.0
129.714	0.278	fixation	n/a	266.3	88.2	926.0	n/a	n/a	n/a	n/a
129.994	0.024	saccade	n/a	268.8	89.6	n/a	333.9	100.2	2.64	197.0
130.02	0.156	fixation	n/a	324.5	98.2	909.0	n/a	n/a	n/a	n/a
130.178	0.03	saccade	n/a	326.6	97.9	n/a	457.2	107.9	5.26	334.0
130.184	0.0	trigger_11	11	n/a	n/a	n/a	n/a	n/a	n/a	n/a
130.188	0.0	trigger_10	10	n/a	n/a	n/a	n/a	n/a	n/a	n/a
130.21	0.234	fixation	n/a	456.9	104.6	847.0	n/a	n/a	n/a	n/a
130.446	0.024	saccade	n/a	458.6	104.3	n/a	517.8	100.7	2.38	165.0
130.472	0.088	fixation	n/a	514.0	102.2	800.0	n/a	n/a	n/a	n/a
130.562	0.022	saccade	n/a	517.4	102.5	n/a	583.5	97.2	2.64	222.0
130.586	0.128	fixation	n/a	573.5	96.7	760.0	n/a	n/a	n/a	n/a
130.716	0.066	saccade	n/a	576.7	95.6	n/a	203.8	130.7	14.84	469.0
130.784	0.156	fixation	n/a	190.7	135.5	733.0	n/a	n/a	n/a	n/a
130.942	0.034	saccade	n/a	190.7	136.2	n/a	155.5	139.8	1.39	198.0
130.978	0.214	fixation	n/a	142.7	145.6	752.0	n/a	n/a	n/a	n/a
131.194	0.016	saccade	n/a	146.2	149.6	n/a	177.5	144.5	1.24	90.0
131.212	0.046	fixation	n/a	175.3	152.2	787.0	n/a	n/a	n/a	n/a
131.26	0.016	saccade	n/a	180.2	158.4	n/a	186.5	175.2	0.72	62.0
131.278	0.02	fixation	n/a	181.5	190.5	780.0	n/a	n/a	n/a	n/a
131.3	0.31	saccade	n/a	180.4	209.1	n/a	210.3	201.8	1.21	413.0
131.34	0.198	blink	n/a	n/a	n/a	n/a	n/a	n/a	n/a	n/a
131.472	0.0	trigger_11	11	n/a	n/a	n/a	n/a	n/a	n/a	n/a
131.478	0.0	trigger_10	10	n/a	n/a	n/a	n/a	n/a	n/a	n/a
131.612	0.038	fixation	n/a	206.4	165.6	767.0	n/a	n/a	n/a	n/a
131.652	0.018	saccade	n/a	203.5	135.2	n/a	203.1	85.9	2.0	132.0
131.672	0.184	fixation	n/a	204.7	91.8	792.0	n/a	n/a	n/a	n/a
131.858	0.044	saccade	n/a	203.1	94.0	n/a	335.6	101.2	5.29	379.0
131.904	0.482	fixation	n/a	351.3	94.1	756.0	n/a	n/a	n/a	n/a
132.388	0.046	saccade	n/a	354.1	89.8	n/a	196.0	85.3	6.31	419.0
132.436	0.216	fixation	n/a	180.6	86.3	705.0	n/a	n/a	n/a	n/a
132.654	0.022	saccade	n/a	179.2	85.1	n/a	149.8	78.5	1.18	123.0
132.678	0.198	fixation	n/a	156.0	81.9	713.0	n/a	n/a	n/a	n/a
132.878	0.038	saccade	n/a	156.2	82.2	n/a	243.8	84.4	3.46	302.0
132.918	0.282	fixation	n/a	254.9	80.7	759.0	n/a	n/a	n/a	n/a
133.202	0.034	saccade	n/a	255.8	81.8	n/a	321.3	89.3	2.64	249.0
133.238	0.182	fixation	n/a	329.3	85.9	735.0	n/a	n/a	n/a	n/a
133.422	0.046	saccade	n/a	332.5	85.7	n/a	200.1	84.2	5.28	343.0
133.47	0.39	fixation	n/a	185.5	89.1	714.0	n/a	n/a	n/a	n/a
133.862	0.032	saccade	n/a	186.2	91.0	n/a	238.3	84.9	2.08	204.0
133.896	0.132	fixation	n/a	243.7	82.6	711.0	n/a	n/a	n/a	n/a
134.03	0.048	saccade	n/a	244.4	82.6	n/a	375.5	85.0	5.26	301.0
134.08	0.132	fixation	n/a	389.0	84.2	666.0	n/a	n/a	n/a	n/a
134.214	0.026	saccade	n/a	390.8	85.5	n/a	484.9	81.0	3.79	262.0
134.242	0.346	fixation	n/a	476.2	82.5	612.0	n/a	n/a	n/a	n/a
134.59	0.02	saccade	n/a	478.4	82.3	n/a	540.5	77.7	2.49	201.0
134.612	0.196	fixation	n/a	538.9	79.2	583.0	n/a	n/a	n/a	n/a
134.81	0.056	saccade	n/a	538.7	79.8	n/a	188.5	132.1	14.03	412.0
134.868	0.266	fixation	n/a	178.7	135.9	615.0	n/a	n/a	n/a	n/a
135.136	0.026	saccade	n/a	175.9	137.6	n/a	265.8	135.1	3.57	249.0
135.164	0.206	fixation	n/a	260.2	138.2	639.0	n/a	n/a	n/a	n/a
135.372	0.026	saccade	n/a	260.3	138.6	n/a	353.2	146.4	3.73	271.0
135.4	0.196	fixation	n/a	347.4	141.7	646.0	n/a	n/a	n/a	n/a
135.598	0.024	saccade	n/a	349.4	140.0	n/a	433.8	148.4	3.41	238.0
135.624	0.166	fixation	n/a	424.3	149.1	621.0	n/a	n/a	n/a	n/a
135.716	0.0	trigger_11	11	n/a	n/a	n/a	n/a	n/a	n/a	n/a
135.724	0.0	trigger_12	12	n/a	n/a	n/a	n/a	n/a	n/a	n/a
135.792	0.026	saccade	n/a	424.9	149.9	n/a	527.7	148.8	4.13	271.0
135.82	0.24	fixation	n/a	527.3	149.0	581.0	n/a	n/a	n/a	n/a
136.062	0.028	saccade	n/a	527.5	145.1	n/a	618.0	153.0	3.61	235.0
136.092	0.096	fixation	n/a	614.6	152.3	551.0	n/a	n/a	n/a	n/a
136.19	0.062	saccade	n/a	615.3	151.6	n/a	192.7	200.9	16.76	489.0
136.254	0.242	fixation	n/a	189.8	203.8	572.0	n/a	n/a	n/a	n/a
136.498	0.036	saccade	n/a	189.4	204.5	n/a	277.8	206.8	3.5	291.0
136.536	0.222	fixation	n/a	288.5	207.3	593.0	n/a	n/a	n/a	n/a
136.76	0.024	saccade	n/a	290.5	210.0	n/a	353.2	208.9	2.51	179.0
136.786	0.12	fixation	n/a	347.9	211.6	613.0	n/a	n/a	n/a	n/a
136.908	0.046	saccade	n/a	349.7	212.3	n/a	488.9	216.8	5.58	318.0
136.956	0.356	fixation	n/a	503.6	216.8	598.0	n/a	n/a	n/a	n/a
137.314	0.022	saccade	n/a	505.3	215.8	n/a	563.7	218.8	2.33	195.0
137.338	0.13	fixation	n/a	552.9	216.6	590.0	n/a	n/a	n/a	n/a
137.47	0.056	saccade	n/a	552.8	213.5	n/a	344.2	211.4	8.33	424.0
137.528	0.11	fixation	n/a	342.0	211.7	612.0	n/a	n/a	n/a	n/a
137.64	0.036	saccade	n/a	341.4	210.1	n/a	243.3	82.8	6.49	395.0
137.678	0.254	fixation	n/a	242.0	83.8	611.0	n/a	n/a	n/a	n/a
137.934	0.034	saccade	n/a	241.0	86.0	n/a	177.2	77.3	2.55	274.0
137.97	0.188	fixation	n/a	167.8	80.7	635.0	n/a	n/a	n/a	n/a
138.024	0.0	trigger_13	13	n/a	n/a	n/a	n/a	n/a	n/a	n/a
138.16	0.028	saccade	n/a	168.6	81.0	n/a	284.3	83.6	4.58	302.0
138.19	0.166	fixation	n/a	277.2	83.5	665.0	n/a	n/a	n/a	n/a
138.358	0.034	saccade	n/a	278.1	83.2	n/a	357.4	89.3	3.19	295.0
138.394	0.194	fixation	n/a	365.6	84.2	665.0	n/a	n/a	n/a	n/a
138.59	0.022	saccade	n/a	366.5	84.9	n/a	421.2	84.6	2.21	154.0
138.614	0.106	fixation	n/a	411.2	85.5	669.0	n/a	n/a	n/a	n/a
138.722	0.024	saccade	n/a	412.7	84.4	n/a	495.0	83.1	3.31	214.0
138.748	0.396	fixation	n/a	502.2	86.0	638.0	n/a	n/a	n/a	n/a
139.146	0.024	saccade	n/a	504.1	86.6	n/a	565.1	85.6	2.43	192.0
139.172	0.132	fixation	n/a	558.8	86.2	584.0	n/a	n/a	n/a	n/a
139.306	0.046	saccade	n/a	559.0	85.6	n/a	247.0	126.8	12.54	456.0
139.354	0.172	fixation	n/a	234.9	134.0	604.0	n/a	n/a	n/a	n/a
139.528	0.036	saccade	n/a	235.1	133.9	n/a	186.2	133.8	1.93	222.0
139.566	0.238	fixation	n/a	173.7	137.0	617.0	n/a	n/a	n/a	n/a
139.792	0.0	trigger_15	15	n/a	n/a	n/a	n/a	n/a	n/a	n/a
139.798	0.0	trigger_10	10	n/a	n/a	n/a	n/a	n/a	n/a	n/a
139.806	0.046	saccade	n/a	174.6	139.2	n/a	284.7	139.7	4.37	255.0
139.854	0.14	fixation	n/a	295.7	140.7	623.0	n/a	n/a	n/a	n/a
139.996	0.024	saccade	n/a	296.9	141.8	n/a	379.3	139.7	3.31	246.0
140.022	0.272	fixation	n/a	371.2	141.3	594.0	n/a	n/a	n/a	n/a
140.296	0.042	saccade	n/a	370.7	139.9	n/a	253.7	100.3	4.96	390.0
140.34	0.144	fixation	n/a	240.5	98.0	585.0	n/a	n/a	n/a	n/a
140.486	0.054	saccade	n/a	241.0	100.4	n/a	420.3	181.7	7.9	416.0
140.542	0.296	fixation	n/a	431.4	196.3	693.0	n/a	n/a	n/a	n/a
140.84	0.246	saccade	n/a	427.9	202.0	n/a	473.8	364.4	6.76	822.0
140.868	0.176	blink	n/a	n/a	n/a	n/a	n/a	n/a	n/a	n/a
141.088	0.228	fixation	n/a	452.2	269.2	721.0	n/a	n/a	n/a	n/a
141.318	0.018	saccade	n/a	445.7	238.1	n/a	477.9	220.2	1.48	110.0
141.338	0.334	fixation	n/a	473.9	222.8	750.0	n/a	n/a	n/a	n/a
141.674	0.024	saccade	n/a	481.0	222.5	n/a	535.6	219.1	2.18	142.0
141.7	0.332	fixation	n/a	529.9	219.6	661.0	n/a	n/a	n/a	n/a
142.034	0.042	saccade	n/a	531.2	216.8	n/a	278.5	120.7	10.82	430.0
142.078	0.07	fixation	n/a	268.1	108.4	652.0	n/a	n/a	n/a	n/a
142.15	0.036	saccade	n/a	265.2	105.5	n/a	217.0	83.1	2.12	242.0
142.188	0.126	fixation	n/a	204.1	83.3	636.0	n/a	n/a	n/a	n/a
142.316	0.03	saccade	n/a	201.6	83.0	n/a	161.0	78.2	1.61	188.0
142.348	0.186	fixation	n/a	153.1	83.6	657.0	n/a	n/a	n/a	n/a
142.536	0.032	saccade	n/a	152.5	86.2	n/a	204.4	89.6	2.04	217.0
142.57	0.15	fixation	n/a	212.1	87.4	710.0	n/a	n/a	n/a	n/a
142.722	0.032	saccade	n/a	214.4	89.3	n/a	335.6	90.6	4.84	308.0
142.756	0.284	fixation	n/a	333.3	91.2	732.0	n/a	n/a	n/a	n/a
143.042	0.02	saccade	n/a	335.1	91.6	n/a	382.2	92.2	1.9	161.0
143.064	0.122	fixation	n/a	372.8	91.4	727.0	n/a	n/a	n/a	n/a
143.188	0.026	saccade	n/a	375.0	91.3	n/a	458.8	94.4	3.37	255.0
143.216	0.246	fixation	n/a	453.9	90.7	684.0	n/a	n/a	n/a	n/a
143.464	0.024	saccade	n/a	456.1	86.4	n/a	535.7	83.6	3.19	229.0
143.49	0.186	fixation	n/a	531.3	86.3	653.0	n/a	n/a	n/a	n/a
143.678	0.022	saccade	n/a	533.9	84.4	n/a	587.1	86.2	2.12	160.0
143.702	0.144	fixation	n/a	577.2	86.6	626.0	n/a	n/a	n/a	n/a
143.848	0.064	saccade	n/a	577.9	86.0	n/a	240.8	125.9	13.5	454.0
143.914	0.122	fixation	n/a	244.2	126.5	647.0	n/a	n/a	n/a	n/a
144.038	0.024	saccade	n/a	244.4	126.8	n/a	148.9	139.8	3.8	291.0
144.064	0.302	fixation	n/a	158.6	143.8	667.0	n/a	n/a	n/a	n/a
144.368	0.024	saccade	n/a	158.7	145.4	n/a	251.7	141.6	3.68	273.0
144.394	0.224	fixation	n/a	247.8	145.0	679.0	n/a	n/a	n/a	n/a
144.62	0.026	saccade	n/a	249.7	144.1	n/a	334.3	143.7	3.38	242.0
144.648	0.202	fixation	n/a	329.3	143.9	646.0	n/a	n/a	n/a	n/a
144.852	0.018	saccade	n/a	333.6	141.2	n/a	375.7	138.8	1.7	147.0
144.872	0.204	fixation	n/a	368.8	137.8	579.0	n/a	n/a	n/a	n/a
145.078	0.026	saccade	n/a	371.6	137.4	n/a	444.8	134.7	2.95	187.0
145.106	0.228	fixation	n/a	442.0	139.1	514.0	n/a	n/a	n/a	n/a
145.336	0.012	saccade	n/a	444.8	141.4	n/a	468.2	136.7	0.96	93.0
145.35	0.164	fixation	n/a	469.3	136.0	499.0	n/a	n/a	n/a	n/a
145.516	0.022	saccade	n/a	469.2	135.9	n/a	551.6	132.5	3.3	239.0
145.54	0.318	fixation	n/a	565.2	140.9	503.0	n/a	n/a	n/a	n/a
145.546	0.0	trigger_11	11	n/a	n/a	n/a	n/a	n/a	n/a	n/a
145.552	0.0	trigger_10	10	n/a	n/a	n/a	n/a	n/a	n/a	n/a
145.86	0.014	saccade	n/a	562.7	150.7	n/a	593.9	146.3	1.25	112.0
145.876	0.1	fixation	n/a	594.0	143.3	503.0	n/a	n/a	n/a	n/a
145.978	0.064	saccade	n/a	592.4	141.6	n/a	197.6	173.5	15.66	363.0
146.044	0.168	fixation	n/a	182.4	180.4	533.0	n/a	n/a	n/a	n/a
146.214	0.014	saccade	n/a	184.6	185.4	n/a	161.5	194.9	0.98	84.0
146.23	0.132	fixation	n/a	164.6	196.2	534.0	n/a	n/a	n/a	n/a
146.364	0.036	saccade	n/a	164.9	197.2	n/a	305.9	201.3	5.59	272.0
146.402	0.232	fixation	n/a	314.5	205.6	551.0	n/a	n/a	n/a	n/a
146.636	0.022	saccade	n/a	318.4	207.8	n/a	381.8	207.7	2.54	166.0
146.66	0.378	fixation	n/a	391.2	215.2	538.0	n/a	n/a	n/a	n/a
147.04	0.024	saccade	n/a	394.6	216.5	n/a	505.2	216.2	4.43	301.0
147.066	0.138	fixation	n/a	518.6	222.0	512.0	n/a	n/a	n/a	n/a
147.206	0.054	saccade	n/a	518.7	221.4	n/a	214.1	230.6	12.09	402.0
147.262	0.198	fixation	n/a	207.8	235.7	494.0	n/a	n/a	n/a	n/a
147.462	0.018	saccade	n/a	206.2	237.4	n/a	164.1	257.9	1.84	136.0
147.482	0.106	fixation	n/a	161.7	259.1	511.0	n/a	n/a	n/a	n/a
147.59	0.034	saccade	n/a	159.8	256.3	n/a	184.8	131.2	5.12	233.0
147.626	0.228	fixation	n/a	195.3	121.8	512.0	n/a	n/a	n/a	n/a
147.856	0.016	saccade	n/a	202.4	130.2	n/a	184.5	111.4	1.04	79.0
147.874	0.356	fixation	n/a	175.2	82.8	511.0	n/a	n/a	n/a	n/a
148.232	0.022	saccade	n/a	178.3	82.2	n/a	233.6	80.9	2.19	140.0
148.256	0.266	fixation	n/a	227.4	83.0	509.0	n/a	n/a	n/a	n/a
148.524	0.022	saccade	n/a	231.9	82.8	n/a	294.9	81.1	2.51	182.0
148.548	0.19	fixation	n/a	286.5	83.6	494.0	n/a	n/a	n/a	n/a
148.74	0.024	saccade	n/a	288.8	83.6	n/a	349.0	80.7	2.42	168.0
148.766	0.148	fixation	n/a	345.3	82.2	490.0	n/a	n/a	n/a	n/a
148.916	0.018	saccade	n/a	349.3	82.5	n/a	398.9	81.5	2.0	149.0
148.936	0.184	fixation	n/a	401.5	82.8	478.0	n/a	n/a	n/a	n/a
149.122	0.022	saccade	n/a	403.1	83.5	n/a	464.6	79.9	2.48	168.0
149.146	0.16	fixation	n/a	465.7	80.8	466.0	n/a	n/a	n/a	n/a
149.308	0.02	saccade	n/a	469.6	81.5	n/a	517.4	76.1	1.93	128.0
149.33	0.186	fixation	n/a	515.9	76.1	462.0	n/a	n/a	n/a	n/a
149.518	0.018	saccade	n/a	518.6	75.5	n/a	564.9	72.6	1.85	143.0
149.538	0.156	fixation	n/a	567.6	75.6	469.0	n/a	n/a	n/a	n/a
149.696	0.014	saccade	n/a	570.6	76.2	n/a	598.6	75.6	1.11	92.0
149.712	0.138	fixation	n/a	597.4	78.7	485.0	n/a	n/a	n/a	n/a
149.852	0.06	saccade	n/a	597.0	79.1	n/a	213.6	138.3	15.37	498.0
149.914	0.148	fixation	n/a	212.5	141.2	544.0	n/a	n/a	n/a	n/a
150.064	0.022	saccade	n/a	214.3	142.2	n/a	156.2	143.2	2.29	175.0
150.088	0.212	fixation	n/a	170.0	147.7	598.0	n/a	n/a	n/a	n/a
150.302	0.022	saccade	n/a	170.5	151.0	n/a	222.5	141.8	2.08	162.0
150.326	0.126	fixation	n/a	210.4	146.6	645.0	n/a	n/a	n/a	n/a
150.454	0.024	saccade	n/a	211.0	147.0	n/a	307.3	143.0	3.84	299.0
150.48	0.292	fixation	n/a	302.7	146.5	664.0	n/a	n/a	n/a	n/a
150.774	0.022	saccade	n/a	305.9	150.7	n/a	356.6	147.0	2.05	152.0
150.798	0.394	fixation	n/a	346.2	147.0	657.0	n/a	n/a	n/a	n/a
151.194	0.016	saccade	n/a	349.3	145.5	n/a	379.6	144.9	1.22	102.0
151.212	0.15	fixation	n/a	370.0	146.8	634.0	n/a	n/a	n/a	n/a
151.364	0.022	saccade	n/a	370.6	148.3	n/a	431.8	143.7	2.47	184.0
151.388	0.322	fixation	n/a	427.2	153.3	675.0	n/a	n/a	n/a	n/a
151.712	0.024	saccade	n/a	428.5	155.2	n/a	493.8	150.6	2.63	206.0
151.738	0.17	fixation	n/a	485.0	152.8	651.0	n/a	n/a	n/a	n/a
151.91	0.022	saccade	n/a	484.9	153.2	n/a	545.9	141.6	2.49	169.0
151.934	0.202	fixation	n/a	551.2	149.7	639.0	n/a	n/a	n/a	n/a
152.138	0.02	saccade	n/a	549.9	152.2	n/a	595.9	145.2	1.85	154.0
152.16	0.16	fixation	n/a	588.7	150.1	660.0	n/a	n/a	n/a	n/a
152.322	0.072	saccade	n/a	586.1	152.5	n/a	290.4	168.8	11.78	404.0
152.396	0.108	fixation	n/a	286.4	174.8	685.0	n/a	n/a	n/a	n/a
152.506	0.042	saccade	n/a	289.1	175.8	n/a	175.8	181.4	4.49	353.0
152.55	0.236	fixation	n/a	160.5	187.4	711.0	n/a	n/a	n/a	n/a
152.788	0.014	saccade	n/a	169.5	198.2	n/a	192.8	205.9	0.97	74.0
152.804	0.272	fixation	n/a	227.1	220.1	784.0	n/a	n/a	n/a	n/a
153.078	0.212	saccade	n/a	235.0	227.3	n/a	315.2	271.0	3.64	646.0
153.112	0.13	blink	n/a	n/a	n/a	n/a	n/a	n/a	n/a	n/a
153.292	0.218	fixation	n/a	310.7	221.1	772.0	n/a	n/a	n/a	n/a
153.512	0.022	saccade	n/a	312.7	217.1	n/a	368.2	216.9	2.22	161.0
153.536	0.22	fixation	n/a	357.9	221.7	781.0	n/a	n/a	n/a	n/a
153.758	0.022	saccade	n/a	359.4	224.4	n/a	416.1	221.8	2.28	175.0
153.782	0.174	fixation	n/a	402.7	226.5	760.0	n/a	n/a	n/a	n/a
153.958	0.028	saccade	n/a	401.6	227.5	n/a	474.2	223.5	2.91	229.0
153.988	0.228	fixation	n/a	467.1	222.8	794.0	n/a	n/a	n/a	n/a
154.218	0.038	saccade	n/a	466.3	220.1	n/a	409.2	218.9	2.29	244.0
154.258	0.274	fixation	n/a	394.6	216.7	845.0	n/a	n/a	n/a	n/a
154.534	0.028	saccade	n/a	393.4	213.3	n/a	477.4	214.4	3.37	239.0
154.564	0.33	fixation	n/a	472.7	213.5	872.0	n/a	n/a	n/a	n/a
154.896	0.022	saccade	n/a	477.9	214.3	n/a	531.4	216.9	2.14	156.0
154.92	0.282	fixation	n/a	523.0	221.1	802.0	n/a	n/a	n/a	n/a
155.204	0.022	saccade	n/a	523.5	223.5	n/a	559.7	224.2	1.44	147.0
155.228	0.142	fixation	n/a	553.9	222.7	758.0	n/a	n/a	n/a	n/a
155.372	0.02	saccade	n/a	555.5	220.5	n/a	610.0	215.6	2.16	156.0
155.394	0.092	fixation	n/a	609.0	220.4	748.0	n/a	n/a	n/a	n/a
155.488	0.062	saccade	n/a	608.7	221.8	n/a	189.8	263.3	16.54	493.0
155.552	0.158	fixation	n/a	186.7	266.7	803.0	n/a	n/a	n/a	n/a
155.712	0.018	saccade	n/a	183.1	268.0	n/a	157.1	270.8	1.02	101.0
155.732	0.154	fixation	n/a	161.3	270.2	824.0	n/a	n/a	n/a	n/a
155.888	0.034	saccade	n/a	160.0	267.4	n/a	176.4	91.7	7.07	403.0
155.924	0.134	fixation	n/a	186.3	89.4	768.0	n/a	n/a	n/a	n/a
156.06	0.022	saccade	n/a	189.9	89.2	n/a	233.0	67.7	1.91	146.0
156.084	0.13	fixation	n/a	223.4	76.5	763.0	n/a	n/a	n/a	n/a
156.216	0.026	saccade	n/a	224.4	77.9	n/a	321.1	79.1	3.86	283.0
156.244	0.168	fixation	n/a	310.9	81.4	789.0	n/a	n/a	n/a	n/a
156.414	0.026	saccade	n/a	312.0	82.3	n/a	395.9	92.2	3.4	257.0
156.442	0.164	fixation	n/a	385.0	91.0	824.0	n/a	n/a	n/a	n/a
156.608	0.028	saccade	n/a	385.9	92.2	n/a	470.6	91.6	3.41	210.0
156.638	0.224	fixation	n/a	461.6	90.8	775.0	n/a	n/a	n/a	n/a
156.864	0.022	saccade	n/a	461.7	87.5	n/a	511.9	87.5	2.01	147.0
156.888	0.128	fixation	n/a	502.9	86.7	712.0	n/a	n/a	n/a	n/a
157.018	0.024	saccade	n/a	505.2	85.2	n/a	581.8	83.9	3.05	228.0
157.044	0.146	fixation	n/a	572.0	81.1	678.0	n/a	n/a	n/a	n/a
157.192	0.06	saccade	n/a	570.7	80.6	n/a	225.4	138.7	13.9	511.0
157.254	0.132	fixation	n/a	210.6	145.1	697.0	n/a	n/a	n/a	n/a
157.388	0.032	saccade	n/a	208.6	145.9	n/a	171.1	140.0	1.5	174.0
157.422	0.132	fixation	n/a	164.6	145.6	718.0	n/a	n/a	n/a	n/a
157.556	0.038	saccade	n/a	164.1	146.0	n/a	239.2	140.9	2.98	266.0
157.596	0.164	fixation	n/a	250.2	139.9	764.0	n/a	n/a	n/a	n/a
157.762	0.036	saccade	n/a	253.0	142.2	n/a	317.8	148.0	2.6	258.0
157.8	0.406	fixation	n/a	329.9	147.0	749.0	n/a	n/a	n/a	n/a
158.208	0.02	saccade	n/a	331.0	144.0	n/a	286.4	141.4	1.79	129.0
158.23	0.132	fixation	n/a	294.7	140.1	681.0	n/a	n/a	n/a	n/a
158.364	0.026	saccade	n/a	293.2	139.6	n/a	392.5	144.4	3.99	273.0
158.392	0.248	fixation	n/a	388.7	149.9	693.0	n/a	n/a	n/a	n/a
158.642	0.032	saccade	n/a	389.9	151.1	n/a	448.1	158.8	2.36	216.0
158.676	0.212	fixation	n/a	450.9	152.9	685.0	n/a	n/a	n/a	n/a
158.89	0.04	saccade	n/a	452.9	153.6	n/a	562.4	155.2	4.37	335.0
158.93	0.0	trigger_11	11	n/a	n/a	n/a	n/a	n/a	n/a	n/a
158.932	0.156	fixation	n/a	574.0	154.4	659.0	n/a	n/a	n/a	n/a
158.94	0.0	trigger_10	10	n/a	n/a	n/a	n/a	n/a	n/a	n/a
159.09	0.062	saccade	n/a	573.4	153.0	n/a	192.8	187.6	15.11	423.0
159.154	0.284	fixation	n/a	187.7	193.2	645.0	n/a	n/a	n/a	n/a
159.44	0.03	saccade	n/a	186.7	193.9	n/a	324.0	215.6	5.52	349.0
159.472	0.228	fixation	n/a	322.1	214.7	693.0	n/a	n/a	n/a	n/a
159.702	0.026	saccade	n/a	323.1	215.5	n/a	403.1	214.0	3.21	229.0
159.73	0.136	fixation	n/a	392.5	215.4	718.0	n/a	n/a	n/a	n/a
159.868	0.026	saccade	n/a	393.4	215.5	n/a	510.0	216.0	4.67	334.0
159.896	0.266	fixation	n/a	502.3	214.7	692.0	n/a	n/a	n/a	n/a
160.164	0.022	saccade	n/a	505.3	214.9	n/a	569.6	216.4	2.56	190.0
160.188	0.236	fixation	n/a	559.4	216.2	661.0	n/a	n/a	n/a	n/a
160.426	0.036	saccade	n/a	558.9	215.3	n/a	614.0	218.1	2.18	232.0
160.464	0.068	fixation	n/a	621.1	218.4	663.0	n/a	n/a	n/a	n/a
160.534	0.074	saccade	n/a	622.1	219.1	n/a	202.2	249.3	16.54	505.0
160.61	0.134	fixation	n/a	190.0	252.5	714.0	n/a	n/a	n/a	n/a
160.746	0.03	saccade	n/a	187.8	252.9	n/a	157.7	261.4	1.22	167.0
160.778	0.088	fixation	n/a	150.6	262.7	709.0	n/a	n/a	n/a	n/a
160.868	0.032	saccade	n/a	147.9	260.3	n/a	184.5	91.1	6.94	375.0
160.902	0.404	fixation	n/a	185.1	67.8	709.0	n/a	n/a	n/a	n/a
161.308	0.028	saccade	n/a	184.3	67.8	n/a	160.7	67.5	0.93	147.0
161.338	0.212	fixation	n/a	153.3	72.3	773.0	n/a	n/a	n/a	n/a
161.552	0.012	saccade	n/a	150.3	74.8	n/a	130.5	79.3	0.79	74.0
161.566	0.108	fixation	n/a	135.9	77.6	807.0	n/a	n/a	n/a	n/a
161.676	0.028	saccade	n/a	136.2	78.7	n/a	230.8	77.8	3.72	274.0
161.706	0.398	fixation	n/a	224.2	79.7	773.0	n/a	n/a	n/a	n/a
162.106	0.024	saccade	n/a	227.0	82.1	n/a	315.7	83.0	3.54	254.0
162.132	0.38	fixation	n/a	308.7	86.2	710.0	n/a	n/a	n/a	n/a
162.514	0.024	saccade	n/a	310.7	85.6	n/a	374.0	85.7	2.55	190.0
162.54	0.22	fixation	n/a	367.1	85.3	675.0	n/a	n/a	n/a	n/a
162.604	0.0	trigger_11	11	n/a	n/a	n/a	n/a	n/a	n/a	n/a
162.608	0.0	trigger_10	10	n/a	n/a	n/a	n/a	n/a	n/a	n/a
162.762	0.02	saccade	n/a	369.7	84.9	n/a	425.2	82.8	2.24	182.0
162.784	0.144	fixation	n/a	417.3	84.3	653.0	n/a	n/a	n/a	n/a
162.93	0.018	saccade	n/a	418.0	84.5	n/a	472.7	78.9	2.21	179.0
162.95	0.23	fixation	n/a	481.2	82.4	622.0	n/a	n/a	n/a	n/a
163.182	0.026	saccade	n/a	482.3	82.8	n/a	578.2	76.0	3.84	240.0
163.21	0.158	fixation	n/a	582.1	80.3	597.0	n/a	n/a	n/a	n/a
163.37	0.018	saccade	n/a	584.4	79.8	n/a	626.1	80.6	1.65	130.0
163.39	0.076	fixation	n/a	618.5	80.2	581.0	n/a	n/a	n/a	n/a
163.468	0.078	saccade	n/a	617.8	80.6	n/a	180.2	142.9	17.41	447.0
163.548	0.144	fixation	n/a	185.9	147.3	599.0	n/a	n/a	n/a	n/a
163.694	0.028	saccade	n/a	188.3	152.0	n/a	162.4	143.7	1.07	146.0
163.724	0.268	fixation	n/a	157.5	147.0	630.0	n/a	n/a	n/a	n/a
163.994	0.018	saccade	n/a	158.5	143.8	n/a	196.3	137.3	1.51	119.0
164.014	0.168	fixation	n/a	188.7	140.0	644.0	n/a	n/a	n/a	n/a
164.184	0.034	saccade	n/a	189.6	140.2	n/a	257.1	140.4	2.67	234.0
164.22	0.272	fixation	n/a	262.4	137.3	600.0	n/a	n/a	n/a	n/a
164.494	0.018	saccade	n/a	264.2	137.1	n/a	305.3	134.8	1.65	127.0
164.514	0.104	fixation	n/a	299.5	136.8	588.0	n/a	n/a	n/a	n/a
164.62	0.022	saccade	n/a	297.9	132.6	n/a	257.6	79.8	2.69	172.0
164.644	0.276	fixation	n/a	261.7	69.8	568.0	n/a	n/a	n/a	n/a
164.922	0.042	saccade	n/a	259.9	70.8	n/a	160.7	64.9	3.93	260.0
164.966	0.212	fixation	n/a	150.5	66.8	562.0	n/a	n/a	n/a	n/a
165.18	0.024	saccade	n/a	150.1	67.2	n/a	223.7	71.4	2.9	194.0
165.206	0.222	fixation	n/a	218.1	72.4	577.0	n/a	n/a	n/a	n/a
165.43	0.024	saccade	n/a	219.5	73.6	n/a	287.6	75.1	2.71	180.0
165.456	0.196	fixation	n/a	283.9	77.9	564.0	n/a	n/a	n/a	n/a
165.554	0.0	trigger_11	11	n/a	n/a	n/a	n/a	n/a	n/a	n/a
165.562	0.0	trigger_10	10	n/a	n/a	n/a	n/a	n/a	n/a	n/a
165.654	0.024	saccade	n/a	285.2	79.8	n/a	350.5	78.5	2.62	186.0
165.68	0.232	fixation	n/a	344.8	79.8	548.0	n/a	n/a	n/a	n/a
165.914	0.022	saccade	n/a	345.8	80.4	n/a	407.0	78.8	2.46	171.0
165.938	0.186	fixation	n/a	400.5	80.3	531.0	n/a	n/a	n/a	n/a
166.126	0.028	saccade	n/a	401.8	80.1	n/a	507.1	77.9	4.23	270.0
166.156	0.188	fixation	n/a	510.9	78.2	515.0	n/a	n/a	n/a	n/a
166.346	0.02	saccade	n/a	512.8	79.7	n/a	559.4	76.5	1.86	152.0
166.368	0.082	fixation	n/a	550.5	78.7	504.0	n/a	n/a	n/a	n/a
166.452	0.062	saccade	n/a	552.0	79.1	n/a	186.8	129.2	14.61	401.0
166.516	0.29	fixation	n/a	180.5	136.1	532.0	n/a	n/a	n/a	n/a
166.808	0.032	saccade	n/a	177.2	138.1	n/a	243.4	140.8	2.62	234.0
166.842	0.224	fixation	n/a	247.6	137.1	559.0	n/a	n/a	n/a	n/a
167.068	0.022	saccade	n/a	249.3	137.8	n/a	306.9	135.2	2.31	172.0
167.092	0.196	fixation	n/a	297.2	138.3	546.0	n/a	n/a	n/a	n/a
167.29	0.02	saccade	n/a	299.0	139.0	n/a	347.4	134.6	1.95	148.0
167.312	0.12	fixation	n/a	339.0	136.9	533.0	n/a	n/a	n/a	n/a
167.434	0.02	saccade	n/a	338.5	133.6	n/a	293.4	86.1	2.65	189.0
167.456	0.356	fixation	n/a	290.1	72.0	516.0	n/a	n/a	n/a	n/a
167.814	0.036	saccade	n/a	285.6	74.3	n/a	202.6	67.4	3.31	275.0
167.852	0.174	fixation	n/a	192.5	69.8	520.0	n/a	n/a	n/a	n/a
168.028	0.014	saccade	n/a	188.6	70.1	n/a	159.2	71.4	1.16	103.0
168.044	0.11	fixation	n/a	165.7	71.9	527.0	n/a	n/a	n/a	n/a
168.076	0.0	trigger_11	11	n/a	n/a	n/a	n/a	n/a	n/a	n/a
168.08	0.0	trigger_10	10	n/a	n/a	n/a	n/a	n/a	n/a	n/a
168.156	0.03	saccade	n/a	166.1	73.0	n/a	282.9	78.6	4.63	268.0
168.188	0.244	fixation	n/a	284.5	79.6	534.0	n/a	n/a	n/a	n/a
168.434	0.024	saccade	n/a	285.6	81.2	n/a	355.8	78.1	2.82	199.0
168.46	0.302	fixation	n/a	352.8	80.3	523.0	n/a	n/a	n/a	n/a
168.764	0.02	saccade	n/a	354.7	80.5	n/a	405.8	78.8	2.06	172.0
168.786	0.17	fixation	n/a	397.3	81.1	503.0	n/a	n/a	n/a	n/a
168.958	0.024	saccade	n/a	398.0	82.2	n/a	462.9	79.6	2.61	194.0
168.984	0.248	fixation	n/a	459.7	80.0	484.0	n/a	n/a	n/a	n/a
169.234	0.022	saccade	n/a	461.1	80.2	n/a	512.0	76.3	2.05	151.0
169.258	0.176	fixation	n/a	506.3	77.6	473.0	n/a	n/a	n/a	n/a
169.436	0.018	saccade	n/a	508.7	77.3	n/a	556.7	74.2	1.92	146.0
169.456	0.226	fixation	n/a	559.9	77.6	467.0	n/a	n/a	n/a	n/a
169.684	0.016	saccade	n/a	562.4	79.4	n/a	573.1	81.8	0.44	51.0
169.702	0.01	fixation	n/a	568.6	83.8	473.0	n/a	n/a	n/a	n/a
169.714	0.058	saccade	n/a	568.7	82.5	n/a	202.9	98.1	14.5	403.0
169.774	0.238	fixation	n/a	124.2	122.4	515.0	n/a	n/a	n/a	n/a
170.014	0.018	saccade	n/a	119.3	117.4	n/a	136.0	88.4	1.33	80.0
170.034	0.086	fixation	n/a	144.6	81.5	515.0	n/a	n/a	n/a	n/a
170.122	0.014	saccade	n/a	150.1	77.0	n/a	170.1	67.6	0.87	73.0
170.138	0.274	fixation	n/a	173.2	69.3	518.0	n/a	n/a	n/a	n/a
170.414	0.026	saccade	n/a	173.0	67.4	n/a	258.0	66.8	3.36	230.0
170.442	0.24	fixation	n/a	253.2	70.9	532.0	n/a	n/a	n/a	n/a
170.684	0.02	saccade	n/a	257.9	72.3	n/a	312.0	70.7	2.16	150.0
170.706	0.396	fixation	n/a	313.4	75.3	514.0	n/a	n/a	n/a	n/a
171.104	0.018	saccade	n/a	315.3	75.1	n/a	355.1	74.4	1.6	122.0
171.124	0.162	fixation	n/a	352.0	78.4	499.0	n/a	n/a	n/a	n/a
171.288	0.022	saccade	n/a	352.1	80.5	n/a	433.8	77.5	3.3	224.0
171.312	0.214	fixation	n/a	449.6	81.8	504.0	n/a	n/a	n/a	n/a
171.452	0.0	trigger_11	11	n/a	n/a	n/a	n/a	n/a	n/a	n/a
171.454	0.0	trigger_12	12	n/a	n/a	n/a	n/a	n/a	n/a	n/a
171.528	0.022	saccade	n/a	451.5	81.7	n/a	511.1	76.6	2.4	177.0
171.552	0.238	fixation	n/a	505.1	78.4	505.0	n/a	n/a	n/a	n/a
171.792	0.022	saccade	n/a	505.8	78.7	n/a	575.4	75.0	2.78	196.0
171.816	0.248	fixation	n/a	579.7	78.7	512.0	n/a	n/a	n/a	n/a
172.066	0.06	saccade	n/a	580.0	79.9	n/a	211.5	133.5	14.75	463.0
172.128	0.148	fixation	n/a	208.5	134.3	576.0	n/a	n/a	n/a	n/a
172.278	0.032	saccade	n/a	207.9	134.6	n/a	174.8	130.7	1.32	180.0
172.312	0.132	fixation	n/a	165.1	137.0	614.0	n/a	n/a	n/a	n/a
172.446	0.038	saccade	n/a	164.3	137.0	n/a	243.3	135.7	3.12	302.0
172.486	0.172	fixation	n/a	255.2	131.8	671.0	n/a	n/a	n/a	n/a
172.66	0.026	saccade	n/a	256.2	131.8	n/a	308.1	135.7	2.08	195.0
172.688	0.182	fixation	n/a	301.6	135.6	704.0	n/a	n/a	n/a	n/a
172.872	0.036	saccade	n/a	302.2	137.1	n/a	374.4	150.0	2.95	262.0
172.91	0.21	fixation	n/a	383.4	146.9	703.0	n/a	n/a	n/a	n/a
173.06	0.0	trigger_13	13	n/a	n/a	n/a	n/a	n/a	n/a	n/a
173.122	0.026	saccade	n/a	384.8	149.7	n/a	473.2	154.1	3.56	253.0
173.15	0.146	fixation	n/a	470.6	154.2	686.0	n/a	n/a	n/a	n/a
173.298	0.04	saccade	n/a	470.9	151.3	n/a	305.1	92.9	7.07	398.0
173.34	0.36	fixation	n/a	292.9	86.5	647.0	n/a	n/a	n/a	n/a
173.702	0.04	saccade	n/a	289.1	89.5	n/a	175.6	76.1	4.54	361.0
173.744	0.222	fixation	n/a	160.0	78.7	697.0	n/a	n/a	n/a	n/a
173.968	0.03	saccade	n/a	160.2	79.9	n/a	199.1	82.7	1.54	177.0
174.0	0.324	fixation	n/a	203.9	80.8	732.0	n/a	n/a	n/a	n/a
174.326	0.016	saccade	n/a	206.5	80.3	n/a	231.3	80.3	0.98	95.0
174.344	0.126	fixation	n/a	224.5	81.5	718.0	n/a	n/a	n/a	n/a
174.472	0.026	saccade	n/a	224.9	81.6	n/a	325.8	81.5	4.03	270.0
174.484	0.0	trigger_15	15	n/a	n/a	n/a	n/a	n/a	n/a	n/a
174.49	0.0	trigger_10	10	n/a	n/a	n/a	n/a	n/a	n/a	n/a
174.5	0.332	fixation	n/a	319.1	84.3	700.0	n/a	n/a	n/a	n/a
174.834	0.05	saccade	n/a	320.6	85.2	n/a	187.2	74.9	5.32	259.0
174.886	0.47	fixation	n/a	178.4	78.5	663.0	n/a	n/a	n/a	n/a
175.358	0.034	saccade	n/a	179.5	79.6	n/a	264.0	88.8	3.37	301.0
175.394	0.172	fixation	n/a	272.0	84.6	681.0	n/a	n/a	n/a	n/a
175.568	0.042	saccade	n/a	272.4	89.6	n/a	278.1	179.9	3.68	357.0
175.612	0.564	fixation	n/a	283.4	202.9	757.0	n/a	n/a	n/a	n/a
176.178	0.016	saccade	n/a	284.5	200.0	n/a	317.8	202.3	1.34	108.0
176.196	0.138	fixation	n/a	313.3	207.6	726.0	n/a	n/a	n/a	n/a
176.336	0.028	saccade	n/a	313.5	207.3	n/a	304.7	94.7	4.6	277.0
176.366	0.446	fixation	n/a	327.6	85.2	728.0	n/a	n/a	n/a	n/a
176.814	0.032	saccade	n/a	326.4	89.8	n/a	192.9	76.5	5.35	325.0
176.848	0.178	fixation	n/a	196.4	80.8	720.0	n/a	n/a	n/a	n/a
177.028	0.03	saccade	n/a	192.7	80.4	n/a	163.6	73.3	1.18	163.0
177.06	0.14	fixation	n/a	155.6	78.1	705.0	n/a	n/a	n/a	n/a
177.202	0.026	saccade	n/a	154.1	79.4	n/a	244.9	78.5	3.58	258.0
177.23	0.196	fixation	n/a	236.8	81.2	742.0	n/a	n/a	n/a	n/a
177.428	0.032	saccade	n/a	239.1	82.5	n/a	304.3	84.3	2.61	243.0
177.462	0.282	fixation	n/a	309.0	81.3	738.0	n/a	n/a	n/a	n/a
177.746	0.016	saccade	n/a	310.6	83.3	n/a	343.0	83.1	1.3	105.0
177.764	0.246	fixation	n/a	336.7	84.3	713.0	n/a	n/a	n/a	n/a
177.924	0.0	trigger_11	11	n/a	n/a	n/a	n/a	n/a	n/a	n/a
177.932	0.0	trigger_12	12	n/a	n/a	n/a	n/a	n/a	n/a	n/a
178.012	0.02	saccade	n/a	335.8	84.6	n/a	285.6	82.3	2.01	164.0
178.034	0.366	fixation	n/a	297.9	85.9	669.0	n/a	n/a	n/a	n/a
178.402	0.016	saccade	n/a	299.7	88.1	n/a	332.5	87.6	1.32	102.0
178.42	0.164	fixation	n/a	325.9	89.7	665.0	n/a	n/a	n/a	n/a
178.586	0.026	saccade	n/a	326.3	89.7	n/a	409.0	91.1	3.33	231.0
178.614	0.224	fixation	n/a	403.1	91.3	638.0	n/a	n/a	n/a	n/a
178.84	0.024	saccade	n/a	406.0	90.9	n/a	472.5	86.3	2.68	197.0
178.866	0.236	fixation	n/a	467.7	85.2	597.0	n/a	n/a	n/a	n/a
179.104	0.02	saccade	n/a	470.4	85.0	n/a	527.4	80.4	2.29	168.0
179.126	0.35	fixation	n/a	528.5	81.4	558.0	n/a	n/a	n/a	n/a
179.478	0.01	saccade	n/a	531.5	81.0	n/a	546.1	79.2	0.59	59.0
179.49	0.218	fixation	n/a	543.0	80.6	532.0	n/a	n/a	n/a	n/a
179.71	0.04	saccade	n/a	542.6	79.8	n/a	463.3	80.6	3.17	246.0
179.752	0.102	fixation	n/a	451.7	83.0	529.0	n/a	n/a	n/a	n/a
179.856	0.046	saccade	n/a	449.3	82.2	n/a	281.8	69.8	6.73	253.0
179.904	0.26	fixation	n/a	266.7	72.1	533.0	n/a	n/a	n/a	n/a
180.166	0.028	saccade	n/a	262.2	74.6	n/a	161.2	71.5	3.99	269.0
180.196	0.254	fixation	n/a	166.0	75.6	557.0	n/a	n/a	n/a	n/a
180.452	0.028	saccade	n/a	165.9	76.0	n/a	264.9	78.3	3.92	261.0
180.482	0.174	fixation	n/a	263.2	79.2	567.0	n/a	n/a	n/a	n/a
180.658	0.036	saccade	n/a	265.5	79.2	n/a	392.0	82.3	5.08	267.0
180.696	0.316	fixation	n/a	390.0	83.1	551.0	n/a	n/a	n/a	n/a
181.014	0.024	saccade	n/a	391.4	84.0	n/a	482.8	75.5	3.69	260.0
181.04	0.226	fixation	n/a	479.7	78.7	537.0	n/a	n/a	n/a	n/a
181.268	0.022	saccade	n/a	481.6	78.3	n/a	551.8	74.5	2.81	201.0
181.292	0.304	fixation	n/a	547.9	76.3	528.0	n/a	n/a	n/a	n/a
181.598	0.02	saccade	n/a	549.6	76.2	n/a	595.5	73.2	1.83	137.0
181.62	0.116	fixation	n/a	590.9	75.6	513.0	n/a	n/a	n/a	n/a
181.738	0.014	saccade	n/a	594.0	75.7	n/a	628.0	74.8	1.34	112.0
181.754	0.076	fixation	n/a	634.3	76.9	503.0	n/a	n/a	n/a	n/a
181.832	0.07	saccade	n/a	632.0	79.0	n/a	252.0	118.0	15.1	371.0
181.904	0.39	fixation	n/a	181.4	147.2	547.0	n/a	n/a	n/a	n/a
182.296	0.02	saccade	n/a	186.0	148.5	n/a	236.7	138.6	2.05	148.0
182.318	0.172	fixation	n/a	233.1	140.8	521.0	n/a	n/a	n/a	n/a
182.492	0.028	saccade	n/a	234.8	139.7	n/a	327.7	135.5	3.71	214.0
182.522	0.266	fixation	n/a	326.5	138.3	494.0	n/a	n/a	n/a	n/a
182.79	0.024	saccade	n/a	330.1	138.6	n/a	408.4	136.8	3.15	220.0
182.816	0.238	fixation	n/a	408.4	138.9	462.0	n/a	n/a	n/a	n/a
183.056	0.024	saccade	n/a	407.4	138.8	n/a	463.0	131.2	2.26	136.0
183.082	0.216	fixation	n/a	460.7	131.5	442.0	n/a	n/a	n/a	n/a
183.3	0.02	saccade	n/a	463.5	131.8	n/a	512.2	128.2	1.96	145.0
183.322	0.242	fixation	n/a	511.8	132.8	430.0	n/a	n/a	n/a	n/a
183.566	0.018	saccade	n/a	511.8	133.3	n/a	552.1	130.0	1.61	122.0
183.586	0.262	fixation	n/a	552.3	132.8	413.0	n/a	n/a	n/a	n/a
183.85	0.078	saccade	n/a	549.7	132.0	n/a	192.2	186.5	14.33	398.0
183.93	0.31	fixation	n/a	172.6	199.8	479.0	n/a	n/a	n/a	n/a
184.242	0.022	saccade	n/a	175.7	199.8	n/a	243.5	190.9	2.7	181.0
184.266	0.234	fixation	n/a	242.8	196.0	518.0	n/a	n/a	n/a	n/a
184.502	0.024	saccade	n/a	242.8	197.1	n/a	299.7	195.7	2.27	147.0
184.528	0.168	fixation	n/a	296.3	200.4	551.0	n/a	n/a	n/a	n/a
184.698	0.022	saccade	n/a	298.3	201.1	n/a	359.6	202.0	2.46	176.0
184.722	0.166	fixation	n/a	355.4	206.0	582.0	n/a	n/a	n/a	n/a
184.89	0.026	saccade	n/a	356.7	206.0	n/a	455.4	208.4	3.97	244.0
184.908	0.0	trigger_13	13	n/a	n/a	n/a	n/a	n/a	n/a	n/a
184.918	0.272	fixation	n/a	468.5	215.4	552.0	n/a	n/a	n/a	n/a
185.192	0.026	saccade	n/a	470.8	218.5	n/a	546.9	213.3	3.04	206.0
185.22	0.262	fixation	n/a	541.4	216.5	516.0	n/a	n/a	n/a	n/a
185.484	0.016	saccade	n/a	542.1	218.5	n/a	563.7	214.5	0.87	88.0
185.502	0.134	fixation	n/a	558.5	216.0	525.0	n/a	n/a	n/a	n/a
185.638	0.022	saccade	n/a	558.8	215.0	n/a	641.0	208.7	3.25	224.0
185.662	0.098	fixation	n/a	643.1	208.3	532.0	n/a	n/a	n/a	n/a
185.762	0.066	saccade	n/a	644.3	207.7	n/a	194.0	246.1	17.73	465.0
185.83	0.22	fixation	n/a	189.7	248.3	573.0	n/a	n/a	n/a	n/a
186.052	0.038	saccade	n/a	188.6	250.3	n/a	168.1	96.3	6.24	293.0
186.092	0.24	fixation	n/a	169.4	91.8	606.0	n/a	n/a	n/a	n/a
186.334	0.026	saccade	n/a	169.4	95.0	n/a	277.7	74.8	4.37	316.0
186.362	0.846	fixation	n/a	268.5	85.7	690.0	n/a	n/a	n/a	n/a
186.452	0.0	trigger_15	15	n/a	n/a	n/a	n/a	n/a	n/a	n/a
186.458	0.0	trigger_10	10	n/a	n/a	n/a	n/a	n/a	n/a	n/a
187.21	0.026	saccade	n/a	266.2	88.1	n/a	194.2	72.9	2.93	227.0
187.238	0.11	fixation	n/a	204.3	79.2	708.0	n/a	n/a	n/a	n/a
187.35	0.056	saccade	n/a	203.8	80.8	n/a	453.8	90.0	9.97	428.0
187.408	0.188	fixation	n/a	472.6	93.9	685.0	n/a	n/a	n/a	n/a
187.598	0.034	saccade	n/a	473.0	98.6	n/a	557.0	80.0	3.44	327.0
187.634	0.192	fixation	n/a	564.6	82.2	735.0	n/a	n/a	n/a	n/a
187.828	0.058	saccade	n/a	562.6	87.0	n/a	328.5	179.5	10.09	504.0
187.888	0.232	fixation	n/a	312.6	187.2	786.0	n/a	n/a	n/a	n/a
188.122	0.01	saccade	n/a	310.5	190.1	n/a	304.8	205.3	0.66	68.0
188.134	0.212	fixation	n/a	308.4	204.5	825.0	n/a	n/a	n/a	n/a
188.348	0.032	saccade	n/a	309.7	205.5	n/a	363.0	206.4	2.14	231.0
188.382	0.312	fixation	n/a	368.4	204.3	832.0	n/a	n/a	n/a	n/a
188.696	0.064	saccade	n/a	366.3	203.1	n/a	229.6	93.0	7.06	370.0
188.762	0.162	fixation	n/a	219.9	85.3	727.0	n/a	n/a	n/a	n/a
188.926	0.034	saccade	n/a	217.6	85.8	n/a	168.2	75.5	1.99	228.0
188.962	0.122	fixation	n/a	159.4	76.6	699.0	n/a	n/a	n/a	n/a
189.086	0.026	saccade	n/a	157.9	78.4	n/a	247.9	74.9	3.56	250.0
189.114	0.204	fixation	n/a	237.8	78.7	740.0	n/a	n/a	n/a	n/a
189.32	0.026	saccade	n/a	239.0	80.4	n/a	317.2	76.5	3.13	217.0
189.348	0.448	fixation	n/a	311.0	77.7	786.0	n/a	n/a	n/a	n/a
189.798	0.02	saccade	n/a	317.8	78.8	n/a	359.1	78.5	1.66	131.0
189.82	0.206	fixation	n/a	351.8	80.0	734.0	n/a	n/a	n/a	n/a
190.028	0.024	saccade	n/a	355.7	80.2	n/a	433.6	81.2	3.14	233.0
190.054	0.198	fixation	n/a	431.1	80.8	703.0	n/a	n/a	n/a	n/a
190.254	0.026	saccade	n/a	432.4	80.6	n/a	537.7	80.4	4.22	282.0
190.282	0.176	fixation	n/a	540.3	80.7	685.0	n/a	n/a	n/a	n/a
190.46	0.02	saccade	n/a	542.2	78.9	n/a	587.8	74.6	1.82	134.0
190.482	0.128	fixation	n/a	583.2	77.1	657.0	n/a	n/a	n/a	n/a
190.612	0.06	saccade	n/a	582.9	77.3	n/a	182.0	130.5	15.99	478.0
190.674	0.242	fixation	n/a	182.1	134.2	621.0	n/a	n/a	n/a	n/a
190.918	0.036	saccade	n/a	182.5	136.1	n/a	277.2	137.1	3.76	303.0
190.956	0.214	fixation	n/a	284.7	132.1	648.0	n/a	n/a	n/a	n/a
191.172	0.038	saccade	n/a	285.2	133.4	n/a	353.9	143.7	2.79	243.0
191.212	0.168	fixation	n/a	362.2	138.4	667.0	n/a	n/a	n/a	n/a
191.382	0.022	saccade	n/a	364.1	136.7	n/a	434.8	137.7	2.85	221.0
191.406	0.176	fixation	n/a	425.5	139.8	627.0	n/a	n/a	n/a	n/a
191.584	0.028	saccade	n/a	429.3	139.0	n/a	516.0	142.6	3.49	234.0
191.614	0.184	fixation	n/a	510.4	140.9	601.0	n/a	n/a	n/a	n/a
191.8	0.024	saccade	n/a	511.8	141.2	n/a	593.6	137.9	3.26	223.0
191.826	0.172	fixation	n/a	596.7	139.0	568.0	n/a	n/a	n/a	n/a
192.0	0.022	saccade	n/a	598.2	142.6	n/a	682.5	132.7	3.32	238.0
192.024	0.108	fixation	n/a	680.3	137.6	556.0	n/a	n/a	n/a	n/a
192.134	0.058	saccade	n/a	678.2	140.4	n/a	271.6	191.9	16.11	477.0
192.194	0.06	fixation	n/a	265.9	190.5	593.0	n/a	n/a	n/a	n/a
192.256	0.036	saccade	n/a	263.8	191.7	n/a	207.9	193.7	2.22	246.0
192.294	0.174	fixation	n/a	191.2	198.7	619.0	n/a	n/a	n/a	n/a
192.47	0.028	saccade	n/a	189.5	198.7	n/a	294.4	207.1	4.18	307.0
192.478	0.0	trigger_11	11	n/a	n/a	n/a	n/a	n/a	n/a	n/a
192.482	0.0	trigger_10	10	n/a	n/a	n/a	n/a	n/a	n/a	n/a
192.5	0.204	fixation	n/a	291.1	207.2	702.0	n/a	n/a	n/a	n/a
192.706	0.036	saccade	n/a	293.0	209.2	n/a	358.7	212.2	2.64	268.0
192.744	0.182	fixation	n/a	368.4	210.6	726.0	n/a	n/a	n/a	n/a
192.928	0.032	saccade	n/a	370.4	212.1	n/a	433.7	213.5	2.54	245.0
192.962	0.246	fixation	n/a	439.5	211.0	690.0	n/a	n/a	n/a	n/a
193.21	0.026	saccade	n/a	439.5	210.3	n/a	542.6	215.7	4.13	294.0
193.238	0.226	fixation	n/a	538.0	217.3	681.0	n/a	n/a	n/a	n/a
193.466	0.05	saccade	n/a	538.9	218.2	n/a	410.0	217.5	5.16	338.0
193.518	0.098	fixation	n/a	398.0	220.2	644.0	n/a	n/a	n/a	n/a
193.618	0.044	saccade	n/a	398.0	221.4	n/a	286.1	217.5	4.49	329.0
193.664	0.17	fixation	n/a	269.9	218.2	635.0	n/a	n/a	n/a	n/a
193.836	0.022	saccade	n/a	270.5	218.4	n/a	337.3	206.5	2.72	212.0
193.86	0.136	fixation	n/a	328.9	212.5	665.0	n/a	n/a	n/a	n/a
193.998	0.04	saccade	n/a	330.2	213.5	n/a	519.1	215.8	7.56	343.0
194.04	0.136	fixation	n/a	528.9	215.9	643.0	n/a	n/a	n/a	n/a
194.178	0.31	saccade	n/a	534.9	225.1	n/a	611.9	223.6	3.04	679.0
194.208	0.22	blink	n/a	n/a	n/a	n/a	n/a	n/a	n/a	n/a
194.49	0.052	fixation	n/a	603.8	197.6	552.0	n/a	n/a	n/a	n/a
194.544	0.016	saccade	n/a	592.6	192.8	n/a	561.2	176.1	1.41	106.0
194.562	0.134	fixation	n/a	533.2	150.8	556.0	n/a	n/a	n/a	n/a
194.698	0.044	saccade	n/a	521.2	155.6	n/a	346.0	100.2	7.38	327.0
194.744	0.04	fixation	n/a	340.9	96.7	561.0	n/a	n/a	n/a	n/a
194.786	0.028	saccade	n/a	333.1	95.1	n/a	234.4	77.2	4.01	252.0
194.816	0.128	fixation	n/a	234.8	83.2	521.0	n/a	n/a	n/a	n/a
194.946	0.032	saccade	n/a	230.9	81.5	n/a	184.3	74.7	1.86	218.0
194.98	0.314	fixation	n/a	172.8	79.1	525.0	n/a	n/a	n/a	n/a
195.296	0.026	saccade	n/a	172.2	81.1	n/a	251.3	76.3	3.13	225.0
195.324	0.178	fixation	n/a	241.4	77.8	580.0	n/a	n/a	n/a	n/a
195.504	0.026	saccade	n/a	243.0	77.6	n/a	337.8	78.6	3.79	280.0
195.532	0.164	fixation	n/a	329.2	80.2	594.0	n/a	n/a	n/a	n/a
195.698	0.03	saccade	n/a	327.9	80.5	n/a	298.9	74.7	1.19	175.0
195.73	0.138	fixation	n/a	290.6	77.3	617.0	n/a	n/a	n/a	n/a
195.87	0.022	saccade	n/a	287.2	77.8	n/a	247.1	75.8	1.6	161.0
195.894	0.06	fixation	n/a	255.8	78.2	630.0	n/a	n/a	n/a	n/a
195.956	0.03	saccade	n/a	255.2	79.5	n/a	388.0	79.4	5.32	297.0
195.988	0.28	fixation	n/a	392.4	82.5	610.0	n/a	n/a	n/a	n/a
196.27	0.042	saccade	n/a	393.8	82.4	n/a	302.8	77.6	3.67	298.0
196.314	0.12	fixation	n/a	287.3	81.8	617.0	n/a	n/a	n/a	n/a
196.436	0.022	saccade	n/a	285.5	83.1	n/a	227.1	83.1	2.33	160.0
196.46	0.22	fixation	n/a	228.4	78.3	619.0	n/a	n/a	n/a	n/a
196.682	0.02	saccade	n/a	226.9	77.3	n/a	189.2	79.2	1.49	143.0
196.704	0.062	fixation	n/a	199.6	80.6	631.0	n/a	n/a	n/a	n/a
196.768	0.032	saccade	n/a	199.6	82.1	n/a	332.4	82.7	5.29	316.0
196.802	0.204	fixation	n/a	326.9	84.7	640.0	n/a	n/a	n/a	n/a
196.806	0.0	trigger_11	11	n/a	n/a	n/a	n/a	n/a	n/a	n/a
196.812	0.0	trigger_10	10	n/a	n/a	n/a	n/a	n/a	n/a	n/a
197.008	0.042	saccade	n/a	327.1	86.2	n/a	429.3	82.7	4.12	253.0
197.052	0.238	fixation	n/a	427.9	86.5	620.0	n/a	n/a	n/a	n/a
197.292	0.022	saccade	n/a	426.4	87.9	n/a	482.6	80.4	2.28	176.0
197.316	0.164	fixation	n/a	476.5	81.1	579.0	n/a	n/a	n/a	n/a
197.482	0.022	saccade	n/a	476.7	80.0	n/a	545.9	73.9	2.78	213.0
197.506	0.218	fixation	n/a	542.1	74.8	565.0	n/a	n/a	n/a	n/a
197.726	0.02	saccade	n/a	541.6	73.9	n/a	592.5	71.2	2.02	147.0
197.748	0.068	fixation	n/a	593.6	74.4	562.0	n/a	n/a	n/a	n/a
197.818	0.074	saccade	n/a	594.0	74.6	n/a	203.4	118.2	15.54	445.0
197.894	0.152	fixation	n/a	195.1	125.2	605.0	n/a	n/a	n/a	n/a
198.048	0.018	saccade	n/a	193.1	126.4	n/a	149.3	138.1	1.78	150.0
198.068	0.126	fixation	n/a	158.9	137.2	631.0	n/a	n/a	n/a	n/a
198.196	0.034	saccade	n/a	157.5	139.2	n/a	232.5	141.5	2.96	264.0
198.232	0.294	fixation	n/a	235.7	138.1	678.0	n/a	n/a	n/a	n/a
198.528	0.036	saccade	n/a	235.8	139.0	n/a	312.2	147.3	3.07	271.0
198.566	0.126	fixation	n/a	319.9	139.6	662.0	n/a	n/a	n/a	n/a
198.694	0.036	saccade	n/a	318.9	135.3	n/a	190.3	94.3	5.38	298.0
198.732	0.328	fixation	n/a	194.4	93.6	631.0	n/a	n/a	n/a	n/a
199.062	0.006	saccade	n/a	191.8	91.9	n/a	187.7	86.4	0.28	45.0
199.07	0.12	fixation	n/a	189.0	86.8	645.0	n/a	n/a	n/a	n/a
199.192	0.028	saccade	n/a	188.5	86.4	n/a	297.3	80.7	4.33	280.0
199.222	0.14	fixation	n/a	288.7	80.0	661.0	n/a	n/a	n/a	n/a
199.364	0.026	saccade	n/a	289.6	81.1	n/a	380.2	78.3	3.64	269.0
199.392	0.202	fixation	n/a	376.9	79.3	644.0	n/a	n/a	n/a	n/a
199.596	0.028	saccade	n/a	379.7	78.7	n/a	471.8	76.0	3.71	223.0
199.626	0.244	fixation	n/a	468.5	78.0	618.0	n/a	n/a	n/a	n/a
199.872	0.022	saccade	n/a	470.3	76.4	n/a	546.5	72.0	3.05	233.0
199.896	0.22	fixation	n/a	540.9	75.6	577.0	n/a	n/a	n/a	n/a
200.118	0.052	saccade	n/a	536.9	75.9	n/a	210.5	107.0	13.01	342.0
200.172	0.204	fixation	n/a	185.0	118.1	590.0	n/a	n/a	n/a	n/a
200.378	0.012	saccade	n/a	184.7	124.3	n/a	170.0	134.0	0.7	61.0
200.392	0.114	fixation	n/a	169.5	134.4	621.0	n/a	n/a	n/a	n/a
200.508	0.036	saccade	n/a	167.6	134.7	n/a	239.9	136.1	2.86	262.0
200.546	0.174	fixation	n/a	247.6	132.1	681.0	n/a	n/a	n/a	n/a
200.722	0.024	saccade	n/a	249.9	132.7	n/a	317.0	136.6	2.69	178.0
200.748	0.258	fixation	n/a	310.5	135.6	704.0	n/a	n/a	n/a	n/a
201.008	0.024	saccade	n/a	314.3	129.3	n/a	384.0	135.0	2.81	160.0
201.034	0.184	fixation	n/a	380.5	138.1	629.0	n/a	n/a	n/a	n/a
201.22	0.018	saccade	n/a	379.7	140.9	n/a	340.9	136.7	1.57	124.0
201.24	0.144	fixation	n/a	350.5	135.7	608.0	n/a	n/a	n/a	n/a
201.386	0.026	saccade	n/a	349.5	136.1	n/a	421.1	140.6	2.89	194.0
201.414	0.288	fixation	n/a	411.1	141.1	644.0	n/a	n/a	n/a	n/a
201.704	0.028	saccade	n/a	411.3	143.4	n/a	482.5	152.0	2.89	168.0
201.734	0.22	fixation	n/a	474.8	153.4	682.0	n/a	n/a	n/a	n/a
201.956	0.268	saccade	n/a	476.3	154.9	n/a	588.2	242.4	5.69	573.0
202.002	0.182	blink	n/a	n/a	n/a	n/a	n/a	n/a	n/a	n/a
202.226	0.348	fixation	n/a	560.3	175.0	626.0	n/a	n/a	n/a	n/a
202.576	0.02	saccade	n/a	549.3	166.6	n/a	590.3	155.3	1.69	139.0
202.598	0.166	fixation	n/a	585.7	158.9	655.0	n/a	n/a	n/a	n/a
202.766	0.068	saccade	n/a	587.4	155.5	n/a	154.5	207.3	17.14	463.0
202.836	0.352	fixation	n/a	156.1	213.5	612.0	n/a	n/a	n/a	n/a
203.19	0.032	saccade	n/a	155.1	215.9	n/a	210.8	214.9	2.19	232.0
203.224	0.254	fixation	n/a	220.0	218.8	704.0	n/a	n/a	n/a	n/a
203.48	0.022	saccade	n/a	221.8	222.1	n/a	261.7	214.3	1.61	147.0
203.504	0.16	fixation	n/a	255.4	217.7	746.0	n/a	n/a	n/a	n/a
203.59	0.0	trigger_11	11	n/a	n/a	n/a	n/a	n/a	n/a	n/a
203.596	0.0	trigger_10	10	n/a	n/a	n/a	n/a	n/a	n/a	n/a
203.666	0.024	saccade	n/a	259.6	218.1	n/a	325.3	209.8	2.65	185.0
203.692	0.302	fixation	n/a	317.2	214.4	713.0	n/a	n/a	n/a	n/a
203.996	0.022	saccade	n/a	317.6	217.8	n/a	382.0	210.5	2.6	208.0
204.02	0.314	fixation	n/a	371.6	215.2	711.0	n/a	n/a	n/a	n/a
204.336	0.19	saccade	n/a	375.7	230.6	n/a	449.5	381.2	6.7	707.0
204.36	0.146	blink	n/a	n/a	n/a	n/a	n/a	n/a	n/a	n/a
204.528	0.68	fixation	n/a	411.4	237.7	721.0	n/a	n/a	n/a	n/a
205.21	0.034	saccade	n/a	408.8	225.7	n/a	366.9	218.7	1.71	216.0
205.246	0.274	fixation	n/a	356.4	223.8	746.0	n/a	n/a	n/a	n/a
205.522	0.028	saccade	n/a	355.6	218.7	n/a	291.0	141.2	4.08	263.0
205.552	0.266	fixation	n/a	295.9	147.9	756.0	n/a	n/a	n/a	n/a
205.82	0.026	saccade	n/a	291.1	145.9	n/a	215.8	81.5	3.98	269.0
205.848	0.138	fixation	n/a	221.8	89.3	735.0	n/a	n/a	n/a	n/a
205.988	0.022	saccade	n/a	220.1	88.8	n/a	173.5	79.8	1.88	164.0
206.012	0.194	fixation	n/a	184.6	85.0	779.0	n/a	n/a	n/a	n/a
206.208	0.02	saccade	n/a	184.7	86.1	n/a	155.6	80.6	1.16	114.0
206.23	0.052	fixation	n/a	164.6	83.5	815.0	n/a	n/a	n/a	n/a
206.284	0.028	saccade	n/a	164.8	83.8	n/a	260.7	81.2	3.79	255.0
206.314	0.164	fixation	n/a	252.0	82.4	851.0	n/a	n/a	n/a	n/a
206.48	0.026	saccade	n/a	255.0	82.6	n/a	346.5	90.0	3.67	263.0
206.508	0.25	fixation	n/a	340.3	92.2	846.0	n/a	n/a	n/a	n/a
206.76	0.022	saccade	n/a	343.4	93.9	n/a	412.9	93.4	2.8	218.0
206.784	0.14	fixation	n/a	404.7	96.1	823.0	n/a	n/a	n/a	n/a
206.926	0.018	saccade	n/a	404.9	96.3	n/a	370.6	92.6	1.39	110.0
206.946	0.086	fixation	n/a	378.3	90.7	782.0	n/a	n/a	n/a	n/a
207.034	0.026	saccade	n/a	377.1	89.8	n/a	484.3	86.3	4.32	311.0
207.062	0.214	fixation	n/a	479.9	84.8	735.0	n/a	n/a	n/a	n/a
207.118	0.0	trigger_11	11	n/a	n/a	n/a	n/a	n/a	n/a	n/a
207.124	0.0	trigger_10	10	n/a	n/a	n/a	n/a	n/a	n/a	n/a
207.278	0.022	saccade	n/a	481.4	83.1	n/a	538.9	79.8	2.3	169.0
207.302	0.216	fixation	n/a	534.8	78.6	679.0	n/a	n/a	n/a	n/a
207.52	0.022	saccade	n/a	537.5	76.0	n/a	612.6	74.8	2.97	236.0
207.544	0.178	fixation	n/a	609.1	76.8	626.0	n/a	n/a	n/a	n/a
207.724	0.07	saccade	n/a	610.9	77.9	n/a	236.0	138.6	15.05	484.0
207.796	0.136	fixation	n/a	221.9	144.7	646.0	n/a	n/a	n/a	n/a
207.934	0.032	saccade	n/a	217.2	146.7	n/a	179.8	135.9	1.54	204.0
207.968	0.152	fixation	n/a	169.1	141.5	672.0	n/a	n/a	n/a	n/a
208.122	0.024	saccade	n/a	167.1	141.7	n/a	245.3	131.8	3.12	239.0
208.148	0.142	fixation	n/a	233.8	137.3	713.0	n/a	n/a	n/a	n/a
208.292	0.036	saccade	n/a	233.4	138.7	n/a	310.1	151.6	3.11	282.0
208.33	0.21	fixation	n/a	317.0	148.2	729.0	n/a	n/a	n/a	n/a
208.542	0.022	saccade	n/a	317.8	148.4	n/a	370.7	149.8	2.13	154.0
208.566	0.154	fixation	n/a	360.5	149.1	710.0	n/a	n/a	n/a	n/a
208.722	0.022	saccade	n/a	362.3	151.6	n/a	434.5	153.6	2.91	228.0
208.746	0.182	fixation	n/a	426.6	154.6	695.0	n/a	n/a	n/a	n/a
208.93	0.022	saccade	n/a	427.7	153.7	n/a	485.4	158.9	2.33	168.0
208.954	0.126	fixation	n/a	475.2	160.2	690.0	n/a	n/a	n/a	n/a
209.082	0.026	saccade	n/a	476.5	157.4	n/a	406.0	86.3	4.06	274.0
209.11	0.244	fixation	n/a	401.7	88.7	656.0	n/a	n/a	n/a	n/a
209.356	0.048	saccade	n/a	398.6	89.3	n/a	201.6	74.8	7.89	446.0
209.406	0.23	fixation	n/a	184.0	79.2	720.0	n/a	n/a	n/a	n/a
209.638	0.008	saccade	n/a	180.7	80.2	n/a	168.7	81.7	0.48	58.0
209.648	0.126	fixation	n/a	170.7	79.5	740.0	n/a	n/a	n/a	n/a
209.776	0.024	saccade	n/a	171.6	79.3	n/a	253.8	75.9	3.25	228.0
209.802	0.202	fixation	n/a	248.5	78.8	759.0	n/a	n/a	n/a	n/a
210.006	0.024	saccade	n/a	250.7	79.8	n/a	328.8	81.2	3.12	217.0
210.032	0.174	fixation	n/a	321.6	84.0	750.0	n/a	n/a	n/a	n/a
210.208	0.024	saccade	n/a	322.6	84.5	n/a	425.7	87.1	4.15	281.0
210.234	0.256	fixation	n/a	439.5	89.8	727.0	n/a	n/a	n/a	n/a
210.492	0.024	saccade	n/a	441.4	88.5	n/a	500.6	90.0	2.38	151.0
210.518	0.178	fixation	n/a	491.9	88.7	683.0	n/a	n/a	n/a	n/a
210.698	0.022	saccade	n/a	491.7	88.2	n/a	553.7	82.7	2.49	169.0
210.722	0.122	fixation	n/a	550.7	83.0	631.0	n/a	n/a	n/a	n/a
210.846	0.022	saccade	n/a	550.1	83.0	n/a	605.0	82.5	2.18	169.0
210.87	0.14	fixation	n/a	596.4	81.4	605.0	n/a	n/a	n/a	n/a
211.012	0.066	saccade	n/a	593.8	81.3	n/a	213.0	132.2	15.22	453.0
211.08	0.128	fixation	n/a	217.8	133.8	620.0	n/a	n/a	n/a	n/a
211.21	0.022	saccade	n/a	217.5	135.9	n/a	165.4	138.7	2.06	138.0
211.234	0.196	fixation	n/a	173.5	139.4	636.0	n/a	n/a	n/a	n/a
211.432	0.022	saccade	n/a	174.0	138.5	n/a	274.2	130.9	3.99	290.0
211.456	0.33	fixation	n/a	291.9	138.5	621.0	n/a	n/a	n/a	n/a
211.788	0.024	saccade	n/a	293.3	139.1	n/a	371.9	134.5	3.16	211.0
211.814	0.224	fixation	n/a	382.3	143.7	588.0	n/a	n/a	n/a	n/a
212.04	0.018	saccade	n/a	385.5	141.1	n/a	421.9	140.5	1.47	114.0
212.06	0.224	fixation	n/a	415.3	141.2	549.0	n/a	n/a	n/a	n/a
212.286	0.026	saccade	n/a	416.6	140.0	n/a	499.6	135.9	3.34	210.0
212.314	0.152	fixation	n/a	499.9	141.1	515.0	n/a	n/a	n/a	n/a
212.446	0.0	trigger_11	11	n/a	n/a	n/a	n/a	n/a	n/a	n/a
212.456	0.0	trigger_10	10	n/a	n/a	n/a	n/a	n/a	n/a	n/a
212.468	0.022	saccade	n/a	502.5	139.6	n/a	559.9	134.3	2.3	158.0
212.492	0.12	fixation	n/a	558.0	134.4	491.0	n/a	n/a	n/a	n/a
212.614	0.064	saccade	n/a	557.5	134.8	n/a	229.9	174.8	13.13	279.0
212.68	0.144	fixation	n/a	223.8	178.8	506.0	n/a	n/a	n/a	n/a
212.826	0.024	saccade	n/a	220.8	179.4	n/a	157.3	189.6	2.53	168.0
212.852	0.176	fixation	n/a	164.1	190.1	509.0	n/a	n/a	n/a	n/a
213.03	0.024	saccade	n/a	163.8	190.7	n/a	226.0	190.7	2.45	170.0
213.056	0.232	fixation	n/a	222.1	194.3	523.0	n/a	n/a	n/a	n/a
213.29	0.034	saccade	n/a	224.0	195.5	n/a	311.2	204.0	3.49	296.0
213.326	0.288	fixation	n/a	321.1	203.7	535.0	n/a	n/a	n/a	n/a
213.616	0.012	saccade	n/a	318.7	204.8	n/a	302.6	202.5	0.65	62.0
213.63	0.2	fixation	n/a	302.8	200.9	506.0	n/a	n/a	n/a	n/a
213.832	0.016	saccade	n/a	305.2	199.1	n/a	341.0	198.7	1.43	114.0
213.85	0.078	fixation	n/a	335.0	200.4	506.0	n/a	n/a	n/a	n/a
213.93	0.026	saccade	n/a	335.3	198.9	n/a	282.1	115.4	4.01	250.0
213.958	0.068	fixation	n/a	292.7	105.2	490.0	n/a	n/a	n/a	n/a
214.028	0.018	saccade	n/a	295.9	95.9	n/a	319.7	69.0	1.46	110.0
214.048	0.122	fixation	n/a	316.7	78.7	490.0	n/a	n/a	n/a	n/a
214.172	0.032	saccade	n/a	317.3	82.2	n/a	458.9	82.4	5.69	313.0
214.206	0.258	fixation	n/a	462.8	82.8	521.0	n/a	n/a	n/a	n/a
214.466	0.026	saccade	n/a	457.5	83.6	n/a	394.7	88.1	2.53	209.0
214.494	0.216	fixation	n/a	397.0	93.0	598.0	n/a	n/a	n/a	n/a
214.712	0.038	saccade	n/a	392.7	93.2	n/a	192.6	83.4	8.0	412.0
214.752	0.322	fixation	n/a	191.7	82.5	655.0	n/a	n/a	n/a	n/a
215.076	0.022	saccade	n/a	191.5	84.1	n/a	149.5	78.6	1.67	156.0
215.1	0.272	fixation	n/a	155.6	80.8	660.0	n/a	n/a	n/a	n/a
215.374	0.03	saccade	n/a	156.3	79.9	n/a	207.9	82.3	2.03	205.0
215.406	0.306	fixation	n/a	211.3	81.1	639.0	n/a	n/a	n/a	n/a
215.714	0.024	saccade	n/a	212.6	83.1	n/a	281.9	82.9	2.76	200.0
215.74	0.072	fixation	n/a	270.5	83.8	651.0	n/a	n/a	n/a	n/a
215.814	0.032	saccade	n/a	270.4	83.4	n/a	129.8	81.3	5.55	300.0
215.848	0.35	fixation	n/a	128.7	83.4	619.0	n/a	n/a	n/a	n/a
216.2	0.014	saccade	n/a	132.9	82.5	n/a	155.0	77.9	0.88	82.0
216.216	0.164	fixation	n/a	150.0	81.5	596.0	n/a	n/a	n/a	n/a
216.382	0.026	saccade	n/a	150.1	82.8	n/a	223.2	80.4	2.88	166.0
216.41	0.28	fixation	n/a	219.9	84.2	554.0	n/a	n/a	n/a	n/a
216.692	0.024	saccade	n/a	223.8	84.0	n/a	293.6	83.9	2.78	177.0
216.718	0.202	fixation	n/a	290.8	84.9	533.0	n/a	n/a	n/a	n/a
216.922	0.022	saccade	n/a	291.8	84.2	n/a	359.5	79.7	2.73	181.0
216.946	0.238	fixation	n/a	373.0	82.3	518.0	n/a	n/a	n/a	n/a
217.186	0.024	saccade	n/a	376.7	81.9	n/a	434.2	80.3	2.32	145.0
217.212	0.254	fixation	n/a	432.0	80.8	492.0	n/a	n/a	n/a	n/a
217.468	0.022	saccade	n/a	434.5	80.0	n/a	501.9	79.2	2.71	190.0
217.492	0.182	fixation	n/a	497.1	81.6	484.0	n/a	n/a	n/a	n/a
217.624	0.0	trigger_11	11	n/a	n/a	n/a	n/a	n/a	n/a	n/a
217.628	0.0	trigger_10	10	n/a	n/a	n/a	n/a	n/a	n/a	n/a
217.676	0.022	saccade	n/a	498.2	82.9	n/a	569.2	78.1	2.84	222.0
217.7	0.308	fixation	n/a	568.5	80.7	481.0	n/a	n/a	n/a	n/a
218.01	0.018	saccade	n/a	567.0	83.7	n/a	601.6	81.5	1.37	94.0
218.03	0.124	fixation	n/a	598.6	83.2	481.0	n/a	n/a	n/a	n/a
218.156	0.008	saccade	n/a	588.2	89.9	n/a	577.7	90.6	0.42	51.0
218.166	0.024	fixation	n/a	573.0	93.6	490.0	n/a	n/a	n/a	n/a
218.192	0.092	saccade	n/a	565.8	95.3	n/a	235.5	141.0	13.24	223.0
218.286	0.584	fixation	n/a	180.2	144.6	524.0	n/a	n/a	n/a	n/a
218.872	0.016	saccade	n/a	181.5	142.9	n/a	219.0	134.5	1.52	129.0
218.89	0.168	fixation	n/a	213.4	139.7	555.0	n/a	n/a	n/a	n/a
219.06	0.024	saccade	n/a	214.9	140.4	n/a	278.7	132.5	2.56	195.0
219.086	0.148	fixation	n/a	271.9	135.0	543.0	n/a	n/a	n/a	n/a
219.236	0.024	saccade	n/a	275.0	135.9	n/a	350.8	132.7	3.05	244.0
219.262	0.218	fixation	n/a	347.7	137.2	526.0	n/a	n/a	n/a	n/a
219.482	0.016	saccade	n/a	351.3	137.2	n/a	385.3	134.2	1.37	116.0
219.5	0.332	fixation	n/a	377.8	141.0	530.0	n/a	n/a	n/a	n/a
219.834	0.04	saccade	n/a	373.3	142.0	n/a	195.3	108.7	7.23	270.0
219.876	0.366	fixation	n/a	188.2	84.4	531.0	n/a	n/a	n/a	n/a
220.244	0.02	saccade	n/a	187.5	85.1	n/a	245.5	76.9	2.32	178.0
220.266	0.212	fixation	n/a	253.6	82.6	551.0	n/a	n/a	n/a	n/a
220.48	0.022	saccade	n/a	255.6	84.0	n/a	315.4	80.3	2.4	163.0
220.504	0.234	fixation	n/a	310.5	84.9	554.0	n/a	n/a	n/a	n/a
220.74	0.008	saccade	n/a	313.7	85.3	n/a	323.5	83.5	0.4	49.0
220.75	0.15	fixation	n/a	322.0	84.6	538.0	n/a	n/a	n/a	n/a
220.902	0.046	saccade	n/a	321.2	84.1	n/a	203.4	74.6	4.71	316.0
220.95	0.238	fixation	n/a	194.0	77.8	540.0	n/a	n/a	n/a	n/a
221.19	0.018	saccade	n/a	193.3	77.4	n/a	170.1	76.6	0.91	88.0
221.21	0.086	fixation	n/a	176.6	77.5	550.0	n/a	n/a	n/a	n/a
221.298	0.048	saccade	n/a	175.8	80.0	n/a	359.5	85.1	7.32	306.0
221.348	0.2	fixation	n/a	360.4	87.9	561.0	n/a	n/a	n/a	n/a
221.55	0.022	saccade	n/a	360.0	89.1	n/a	409.0	84.1	1.99	146.0
221.574	0.19	fixation	n/a	404.2	84.7	562.0	n/a	n/a	n/a	n/a
221.766	0.022	saccade	n/a	409.3	83.3	n/a	479.7	77.5	2.84	202.0
221.79	0.244	fixation	n/a	487.9	79.4	514.0	n/a	n/a	n/a	n/a
222.036	0.018	saccade	n/a	493.2	78.5	n/a	532.9	73.8	1.6	117.0
222.056	0.194	fixation	n/a	538.7	76.8	484.0	n/a	n/a	n/a	n/a
222.252	0.022	saccade	n/a	540.3	78.3	n/a	598.7	78.6	2.32	165.0
222.276	0.112	fixation	n/a	597.3	80.0	475.0	n/a	n/a	n/a	n/a
222.352	0.0	trigger_11	11	n/a	n/a	n/a	n/a	n/a	n/a	n/a
222.356	0.0	trigger_10	10	n/a	n/a	n/a	n/a	n/a	n/a	n/a
222.39	0.064	saccade	n/a	595.5	79.6	n/a	193.9	123.3	15.97	380.0
222.456	0.294	fixation	n/a	182.4	131.3	502.0	n/a	n/a	n/a	n/a
222.752	0.022	saccade	n/a	180.8	133.8	n/a	262.8	129.6	3.26	220.0
222.776	0.304	fixation	n/a	274.2	135.9	514.0	n/a	n/a	n/a	n/a
223.082	0.024	saccade	n/a	275.8	139.0	n/a	362.9	132.4	3.51	263.0
223.108	0.236	fixation	n/a	361.6	135.8	508.0	n/a	n/a	n/a	n/a
223.346	0.014	saccade	n/a	365.5	136.0	n/a	392.4	132.8	1.09	87.0
223.362	0.136	fixation	n/a	386.7	135.9	503.0	n/a	n/a	n/a	n/a
223.5	0.028	saccade	n/a	387.0	136.9	n/a	491.6	133.5	4.21	265.0
223.53	0.442	fixation	n/a	495.5	135.9	488.0	n/a	n/a	n/a	n/a
223.974	0.02	saccade	n/a	494.1	137.6	n/a	538.5	131.1	1.8	146.0
223.996	0.166	fixation	n/a	529.3	133.5	493.0	n/a	n/a	n/a	n/a
224.164	0.042	saccade	n/a	528.2	134.1	n/a	287.1	132.0	9.64	408.0
224.208	0.14	fixation	n/a	278.8	132.0	502.0	n/a	n/a	n/a	n/a
224.35	0.018	saccade	n/a	277.4	126.7	n/a	256.3	93.6	1.59	112.0
224.37	0.24	fixation	n/a	259.7	77.6	493.0	n/a	n/a	n/a	n/a
224.612	0.03	saccade	n/a	258.0	78.9	n/a	160.7	68.4	3.87	230.0
224.644	0.21	fixation	n/a	164.8	71.3	512.0	n/a	n/a	n/a	n/a
224.856	0.024	saccade	n/a	165.0	73.6	n/a	237.2	72.7	2.85	202.0
224.882	0.172	fixation	n/a	230.7	73.8	532.0	n/a	n/a	n/a	n/a
225.056	0.028	saccade	n/a	229.0	74.7	n/a	203.9	72.7	1.0	133.0
225.086	0.252	fixation	n/a	201.0	75.8	528.0	n/a	n/a	n/a	n/a
225.34	0.02	saccade	n/a	199.3	76.0	n/a	155.8	75.1	1.71	128.0
225.362	0.688	fixation	n/a	160.8	77.1	522.0	n/a	n/a	n/a	n/a
226.052	0.016	saccade	n/a	158.8	77.9	n/a	193.5	72.8	1.38	118.0
226.07	0.356	fixation	n/a	186.8	77.6	507.0	n/a	n/a	n/a	n/a
226.428	0.022	saccade	n/a	190.7	79.0	n/a	248.0	74.0	2.28	160.0
226.452	0.296	fixation	n/a	238.9	78.0	496.0	n/a	n/a	n/a	n/a
226.75	0.024	saccade	n/a	241.3	78.5	n/a	326.5	76.2	3.41	210.0
226.776	0.158	fixation	n/a	330.3	80.4	486.0	n/a	n/a	n/a	n/a
226.936	0.022	saccade	n/a	333.5	81.9	n/a	405.4	80.5	2.89	211.0
226.96	0.238	fixation	n/a	402.7	83.5	485.0	n/a	n/a	n/a	n/a
227.2	0.022	saccade	n/a	406.9	84.6	n/a	463.5	79.7	2.29	157.0
227.224	0.148	fixation	n/a	458.8	79.9	480.0	n/a	n/a	n/a	n/a
227.374	0.022	saccade	n/a	461.4	80.7	n/a	541.6	74.8	3.22	215.0
227.398	0.168	fixation	n/a	552.1	79.4	466.0	n/a	n/a	n/a	n/a
227.424	0.0	trigger_11	11	n/a	n/a	n/a	n/a	n/a	n/a	n/a
227.428	0.0	trigger_10	10	n/a	n/a	n/a	n/a	n/a	n/a	n/a
227.568	0.014	saccade	n/a	555.2	80.9	n/a	588.5	76.4	1.33	119.0
227.584	0.448	fixation	n/a	592.3	79.2	456.0	n/a	n/a	n/a	n/a
228.034	0.08	saccade	n/a	588.9	80.1	n/a	195.9	116.6	15.6	318.0
228.116	0.298	fixation	n/a	161.6	138.6	488.0	n/a	n/a	n/a	n/a
228.416	0.016	saccade	n/a	162.6	140.4	n/a	191.4	130.3	1.21	104.0
228.434	0.302	fixation	n/a	186.2	135.1	505.0	n/a	n/a	n/a	n/a
228.738	0.022	saccade	n/a	186.0	137.1	n/a	250.7	132.2	2.57	198.0
228.762	1.172	fixation	n/a	233.7	102.2	514.0	n/a	n/a	n/a	n/a
229.936	0.018	saccade	n/a	228.7	95.5	n/a	211.0	78.9	0.97	86.0
229.956	0.106	fixation	n/a	216.4	83.5	569.0	n/a	n/a	n/a	n/a
230.064	0.024	saccade	n/a	216.5	83.3	n/a	295.9	74.4	3.18	234.0
230.09	0.178	fixation	n/a	286.0	78.5	577.0	n/a	n/a	n/a	n/a
230.27	0.026	saccade	n/a	288.4	78.8	n/a	363.8	77.8	3.03	182.0
230.298	0.162	fixation	n/a	361.8	78.8	579.0	n/a	n/a	n/a	n/a
230.462	0.022	saccade	n/a	364.8	79.7	n/a	433.0	77.9	2.75	197.0
230.486	0.31	fixation	n/a	431.5	80.0	555.0	n/a	n/a	n/a	n/a
230.798	0.02	saccade	n/a	435.3	79.4	n/a	488.3	75.5	2.14	151.0
230.82	0.224	fixation	n/a	493.3	77.2	510.0	n/a	n/a	n/a	n/a
231.046	0.048	saccade	n/a	493.9	77.4	n/a	215.2	107.4	11.19	385.0
231.096	0.318	fixation	n/a	196.3	121.3	521.0	n/a	n/a	n/a	n/a
231.112	0.0	trigger_11	11	n/a	n/a	n/a	n/a	n/a	n/a	n/a
231.118	0.0	trigger_10	10	n/a	n/a	n/a	n/a	n/a	n/a	n/a
231.416	0.026	saccade	n/a	193.9	126.9	n/a	299.2	128.5	4.2	259.0
231.444	0.272	fixation	n/a	311.8	134.3	545.0	n/a	n/a	n/a	n/a
231.718	0.026	saccade	n/a	313.6	136.6	n/a	404.1	132.2	3.65	216.0
231.746	0.224	fixation	n/a	403.0	136.6	538.0	n/a	n/a	n/a	n/a
231.972	0.018	saccade	n/a	406.4	138.4	n/a	448.4	133.5	1.7	125.0
231.992	0.15	fixation	n/a	444.1	135.7	521.0	n/a	n/a	n/a	n/a
232.144	0.028	saccade	n/a	444.1	134.0	n/a	362.3	93.5	3.69	202.0
232.174	0.482	fixation	n/a	316.4	89.8	513.0	n/a	n/a	n/a	n/a
232.658	0.018	saccade	n/a	308.1	91.9	n/a	271.7	88.0	1.47	118.0
232.678	0.128	fixation	n/a	277.8	88.4	519.0	n/a	n/a	n/a	n/a
232.808	0.024	saccade	n/a	275.3	87.8	n/a	213.4	76.8	2.51	153.0
232.834	0.606	fixation	n/a	216.1	83.3	509.0	n/a	n/a	n/a	n/a
233.442	0.022	saccade	n/a	216.1	84.0	n/a	285.9	74.5	2.81	199.0
233.466	0.152	fixation	n/a	278.6	77.4	533.0	n/a	n/a	n/a	n/a
233.62	0.022	saccade	n/a	279.7	78.7	n/a	344.5	75.7	2.6	184.0
233.644	0.148	fixation	n/a	344.1	78.8	543.0	n/a	n/a	n/a	n/a
233.794	0.02	saccade	n/a	347.2	79.1	n/a	406.7	76.2	2.4	183.0
233.816	0.18	fixation	n/a	408.9	80.1	538.0	n/a	n/a	n/a	n/a
233.998	0.02	saccade	n/a	414.1	80.7	n/a	469.1	74.2	2.23	133.0
234.02	0.172	fixation	n/a	480.2	77.0	517.0	n/a	n/a	n/a	n/a
234.194	0.022	saccade	n/a	483.8	76.8	n/a	545.5	72.8	2.47	163.0
234.218	0.204	fixation	n/a	550.9	76.0	499.0	n/a	n/a	n/a	n/a
234.424	0.014	saccade	n/a	554.5	76.8	n/a	581.9	75.1	1.09	96.0
234.44	0.06	fixation	n/a	580.8	77.6	488.0	n/a	n/a	n/a	n/a
234.502	0.054	saccade	n/a	580.0	77.9	n/a	292.7	103.0	11.49	357.0
234.558	0.024	fixation	n/a	272.8	106.6	503.0	n/a	n/a	n/a	n/a
234.584	0.01	saccade	n/a	253.8	113.0	n/a	226.5	122.1	1.15	118.0
234.596	0.39	fixation	n/a	180.2	137.2	511.0	n/a	n/a	n/a	n/a
234.988	0.026	saccade	n/a	177.4	138.3	n/a	257.8	133.8	3.19	227.0
235.016	0.19	fixation	n/a	251.5	136.6	534.0	n/a	n/a	n/a	n/a
235.208	0.022	saccade	n/a	252.2	136.9	n/a	312.5	131.9	2.42	188.0
235.232	0.166	fixation	n/a	307.0	134.5	556.0	n/a	n/a	n/a	n/a
235.4	0.022	saccade	n/a	311.0	136.2	n/a	370.7	133.8	2.4	173.0
235.424	0.184	fixation	n/a	363.4	137.5	554.0	n/a	n/a	n/a	n/a
235.61	0.026	saccade	n/a	366.3	137.6	n/a	451.2	132.6	3.42	239.0
235.638	0.222	fixation	n/a	448.1	134.8	538.0	n/a	n/a	n/a	n/a
235.862	0.024	saccade	n/a	450.8	136.4	n/a	524.7	137.8	2.96	209.0
235.888	0.152	fixation	n/a	524.1	136.2	520.0	n/a	n/a	n/a	n/a
235.936	0.0	trigger_11	11	n/a	n/a	n/a	n/a	n/a	n/a	n/a
235.944	0.0	trigger_10	10	n/a	n/a	n/a	n/a	n/a	n/a	n/a
236.042	0.024	saccade	n/a	528.0	136.1	n/a	586.8	131.2	2.35	166.0
236.068	0.196	fixation	n/a	584.1	133.9	494.0	n/a	n/a	n/a	n/a
236.266	0.022	saccade	n/a	587.8	133.5	n/a	648.5	134.8	2.39	146.0
236.29	0.084	fixation	n/a	646.2	135.7	480.0	n/a	n/a	n/a	n/a
236.376	0.058	saccade	n/a	643.1	134.7	n/a	247.8	176.1	15.68	472.0
236.436	0.128	fixation	n/a	239.4	178.9	514.0	n/a	n/a	n/a	n/a
236.566	0.022	saccade	n/a	237.0	180.4	n/a	175.1	192.0	2.49	179.0
236.59	0.204	fixation	n/a	176.2	195.9	529.0	n/a	n/a	n/a	n/a
236.796	0.022	saccade	n/a	176.9	198.5	n/a	240.1	193.7	2.5	194.0
236.82	0.16	fixation	n/a	232.6	196.3	536.0	n/a	n/a	n/a	n/a
236.982	0.028	saccade	n/a	234.1	197.5	n/a	340.7	207.1	4.27	290.0
237.012	0.262	fixation	n/a	334.6	204.1	555.0	n/a	n/a	n/a	n/a
237.276	0.02	saccade	n/a	336.6	205.8	n/a	380.5	203.9	1.76	150.0
237.298	0.136	fixation	n/a	371.2	204.5	556.0	n/a	n/a	n/a	n/a
237.436	0.024	saccade	n/a	371.7	204.9	n/a	296.6	158.3	3.56	269.0
237.462	0.68	fixation	n/a	294.2	156.8	540.0	n/a	n/a	n/a	n/a
238.144	0.022	saccade	n/a	290.5	154.5	n/a	262.1	102.2	2.41	155.0
238.168	0.1	fixation	n/a	266.7	99.3	552.0	n/a	n/a	n/a	n/a
238.27	0.024	saccade	n/a	263.2	98.3	n/a	176.0	73.2	3.61	255.0
238.296	0.178	fixation	n/a	185.6	77.7	546.0	n/a	n/a	n/a	n/a
238.476	0.02	saccade	n/a	183.3	79.2	n/a	145.8	77.2	1.47	103.0
238.498	0.19	fixation	n/a	153.5	79.4	562.0	n/a	n/a	n/a	n/a
238.69	0.022	saccade	n/a	155.5	81.1	n/a	214.5	76.5	2.33	170.0
238.714	0.188	fixation	n/a	206.3	79.1	602.0	n/a	n/a	n/a	n/a
238.904	0.024	saccade	n/a	208.6	78.8	n/a	279.3	75.2	2.81	198.0
238.93	0.198	fixation	n/a	270.7	81.1	574.0	n/a	n/a	n/a	n/a
239.13	0.882	saccade	n/a	281.5	89.0	n/a	283.1	120.5	1.29	384.0
239.154	0.85	blink	n/a	n/a	n/a	n/a	n/a	n/a	n/a	n/a
239.832	0.0	trigger_11	11	n/a	n/a	n/a	n/a	n/a	n/a	n/a
239.834	0.0	trigger_18	18	n/a	n/a	n/a	n/a	n/a	n/a	n/a
240.014	0.104	fixation	n/a	197.2	146.9	607.0	n/a	n/a	n/a	n/a
240.12	0.284	saccade	n/a	213.1	129.7	n/a	139.0	87.3	3.38	557.0
240.148	0.226	blink	n/a	n/a	n/a	n/a	n/a	n/a	n/a	n/a
240.406	0.174	fixation	n/a	161.4	101.4	483.0	n/a	n/a	n/a	n/a
240.582	0.01	saccade	n/a	172.4	112.9	n/a	176.8	100.6	0.53	56.0
240.594	0.118	fixation	n/a	177.7	108.0	486.0	n/a	n/a	n/a	n/a
240.714	0.05	saccade	n/a	177.4	115.0	n/a	303.6	90.1	5.12	263.0
240.766	0.296	fixation	n/a	311.1	94.9	463.0	n/a	n/a	n/a	n/a
241.064	0.024	saccade	n/a	312.0	95.2	n/a	376.4	77.8	2.69	181.0
241.09	0.224	fixation	n/a	370.7	84.2	462.0	n/a	n/a	n/a	n/a
241.316	0.04	saccade	n/a	371.6	86.7	n/a	271.0	80.4	4.05	297.0
241.358	0.292	fixation	n/a	255.7	84.3	545.0	n/a	n/a	n/a	n/a
241.652	0.022	saccade	n/a	252.4	85.7	n/a	312.3	78.7	2.41	193.0
241.676	0.512	fixation	n/a	299.9	85.0	672.0	n/a	n/a	n/a	n/a
242.19	0.044	saccade	n/a	298.6	87.9	n/a	183.1	79.6	4.6	357.0
242.236	0.22	fixation	n/a	166.6	82.4	737.0	n/a	n/a	n/a	n/a
242.458	0.036	saccade	n/a	166.5	82.7	n/a	259.4	85.0	3.67	297.0
242.496	0.22	fixation	n/a	265.5	80.6	792.0	n/a	n/a	n/a	n/a
242.718	0.094	saccade	n/a	267.6	81.9	n/a	698.2	479.8	22.76	528.0
242.814	0.078	fixation	n/a	706.8	499.2	854.0	n/a	n/a	n/a	n/a
242.894	0.042	saccade	n/a	704.8	500.8	n/a	805.5	627.1	5.82	439.0
242.938	0.116	fixation	n/a	819.3	636.1	796.0	n/a	n/a	n/a	n/a
243.056	0.028	saccade	n/a	821.1	644.9	n/a	942.7	645.0	4.15	259.0
243.086	0.276	fixation	n/a	937.0	646.1	665.0	n/a	n/a	n/a	n/a
243.364	0.004	saccade	n/a	939.2	650.4	n/a	945.0	653.6	0.22	46.0
243.37	0.434	fixation	n/a	943.6	645.5	769.0	n/a	n/a	n/a	n/a
243.806	0.17	saccade	n/a	938.8	643.7	n/a	321.7	190.1	28.08	584.0
243.84	0.084	blink	n/a	n/a	n/a	n/a	n/a	n/a	n/a	n/a
243.978	0.098	fixation	n/a	322.5	190.3	953.0	n/a	n/a	n/a	n/a
244.078	0.022	saccade	n/a	322.3	185.4	n/a	252.8	118.3	3.89	331.0
244.102	0.208	fixation	n/a	257.4	118.8	934.0	n/a	n/a	n/a	n/a
244.312	0.046	saccade	n/a	256.9	119.6	n/a	175.6	94.5	3.38	330.0
