onset	duration	trial_type	value	gaze_x	gaze_y	pupil_size	sacc_endx	sacc_endy	sacc_amplitude	sacc_peakvel
2.036	0.346	fixation	n/a	160.1	448.3	1292.0	n/a	n/a	n/a	n/a
2.07	0.0	trigger_110	110	n/a	n/a	n/a	n/a	n/a	n/a	n/a
2.076	0.0	trigger_19	19	n/a	n/a	n/a	n/a	n/a	n/a	n/a
2.11	0.0	trigger_10	10	n/a	n/a	n/a	n/a	n/a	n/a	n/a
2.384	0.05	saccade	n/a	160.2	444.9	n/a	220.4	224.3	8.96	427.0
2.436	0.322	fixation	n/a	232.8	220.8	1213.0	n/a	n/a	n/a	n/a
2.76	0.052	saccade	n/a	234.4	222.9	n/a	202.2	410.4	7.52	400.0
2.814	0.394	fixation	n/a	201.8	433.9	1296.0	n/a	n/a	n/a	n/a
3.21	0.038	saccade	n/a	199.4	433.9	n/a	280.9	434.4	3.16	310.0
3.25	0.19	fixation	n/a	290.5	435.5	1305.0	n/a	n/a	n/a	n/a
3.442	0.044	saccade	n/a	291.8	435.9	n/a	203.9	438.1	3.41	339.0
3.488	0.126	fixation	n/a	186.9	438.9	1245.0	n/a	n/a	n/a	n/a
3.616	0.212	saccade	n/a	190.6	438.4	n/a	181.1	491.8	2.06	839.0
3.65	0.118	blink	n/a	n/a	n/a	n/a	n/a	n/a	n/a	n/a
3.83	0.162	fixation	n/a	168.5	439.9	1208.0	n/a	n/a	n/a	n/a
3.994	0.03	saccade	n/a	169.0	433.9	n/a	145.0	315.4	4.69	329.0
4.026	0.316	fixation	n/a	153.5	320.4	1208.0	n/a	n/a	n/a	n/a
4.344	0.03	saccade	n/a	156.6	316.5	n/a	156.6	187.5	5.14	327.0
4.376	0.054	fixation	n/a	154.2	182.4	1160.0	n/a	n/a	n/a	n/a
4.432	0.028	saccade	n/a	154.3	173.9	n/a	151.3	89.9	3.38	265.0
4.462	0.108	fixation	n/a	153.0	98.1	1149.0	n/a	n/a	n/a	n/a
4.572	0.03	saccade	n/a	153.2	92.4	n/a	160.2	80.1	0.57	118.0
4.604	0.114	fixation	n/a	159.1	74.7	1149.0	n/a	n/a	n/a	n/a
4.72	0.038	saccade	n/a	159.9	75.3	n/a	239.5	80.9	3.15	338.0
4.76	0.238	fixation	n/a	256.0	76.5	1162.0	n/a	n/a	n/a	n/a
5.0	0.078	saccade	n/a	257.4	80.7	n/a	282.6	534.8	17.7	531.0
5.08	0.094	fixation	n/a	279.5	555.9	1339.0	n/a	n/a	n/a	n/a
5.176	0.034	saccade	n/a	278.0	556.9	n/a	249.1	535.3	1.36	215.0
5.212	0.124	fixation	n/a	240.7	530.0	1391.0	n/a	n/a	n/a	n/a
5.338	0.044	saccade	n/a	239.8	529.1	n/a	353.2	523.9	4.36	372.0
5.384	0.154	fixation	n/a	369.2	523.8	1356.0	n/a	n/a	n/a	n/a
5.54	0.038	saccade	n/a	369.2	523.7	n/a	430.5	524.2	2.37	294.0
5.58	0.292	fixation	n/a	449.0	527.8	1209.0	n/a	n/a	n/a	n/a
5.874	0.028	saccade	n/a	450.7	528.0	n/a	485.9	532.1	1.37	177.0
5.904	0.246	fixation	n/a	493.2	532.0	1084.0	n/a	n/a	n/a	n/a
6.152	0.038	saccade	n/a	495.3	533.7	n/a	423.1	528.3	2.79	324.0
6.192	0.304	fixation	n/a	405.0	529.3	1109.0	n/a	n/a	n/a	n/a
6.498	0.038	saccade	n/a	402.5	533.4	n/a	466.9	538.0	2.49	280.0
6.538	0.216	fixation	n/a	479.2	539.9	1235.0	n/a	n/a	n/a	n/a
6.756	0.034	saccade	n/a	477.9	540.7	n/a	436.8	533.7	1.6	245.0
6.792	0.368	fixation	n/a	427.2	534.1	1251.0	n/a	n/a	n/a	n/a
7.162	0.032	saccade	n/a	427.1	533.2	n/a	391.0	527.9	1.41	203.0
7.196	0.134	fixation	n/a	382.3	533.2	1272.0	n/a	n/a	n/a	n/a
7.332	0.044	saccade	n/a	381.2	532.8	n/a	467.3	539.5	3.33	269.0
7.378	0.194	fixation	n/a	481.0	541.3	1220.0	n/a	n/a	n/a	n/a
7.574	0.09	saccade	n/a	481.5	539.4	n/a	254.2	130.7	18.22	379.0
7.666	0.06	fixation	n/a	243.2	104.3	1196.0	n/a	n/a	n/a	n/a
7.728	0.038	saccade	n/a	241.0	95.7	n/a	200.3	59.1	2.19	269.0
7.768	0.164	fixation	n/a	184.7	53.5	1145.0	n/a	n/a	n/a	n/a
7.934	0.03	saccade	n/a	183.6	52.3	n/a	162.6	68.1	1.04	158.0
7.966	0.126	fixation	n/a	158.3	74.7	1145.0	n/a	n/a	n/a	n/a
8.094	0.036	saccade	n/a	158.9	76.1	n/a	251.3	86.3	3.68	325.0
8.132	0.246	fixation	n/a	261.3	84.6	1214.0	n/a	n/a	n/a	n/a
8.38	0.042	saccade	n/a	262.6	86.1	n/a	361.1	83.0	3.96	330.0
8.424	0.296	fixation	n/a	377.4	80.4	1274.0	n/a	n/a	n/a	n/a
8.722	0.026	saccade	n/a	380.0	79.8	n/a	483.4	82.5	4.16	306.0
8.75	0.314	fixation	n/a	475.1	83.3	1245.0	n/a	n/a	n/a	n/a
9.066	0.046	saccade	n/a	473.9	84.3	n/a	567.5	93.0	3.75	283.0
9.114	0.132	fixation	n/a	580.4	94.9	1240.0	n/a	n/a	n/a	n/a
9.248	0.124	saccade	n/a	582.5	95.3	n/a	146.8	148.5	17.29	608.0
9.374	0.218	fixation	n/a	129.5	157.6	1368.0	n/a	n/a	n/a	n/a
9.594	0.04	saccade	n/a	129.2	157.9	n/a	213.5	149.3	3.33	328.0
9.636	0.334	fixation	n/a	230.5	145.3	1365.0	n/a	n/a	n/a	n/a
9.972	0.034	saccade	n/a	231.4	144.7	n/a	281.7	149.3	2.01	237.0
10.008	0.216	fixation	n/a	286.8	147.0	1325.0	n/a	n/a	n/a	n/a
10.226	0.024	saccade	n/a	285.0	148.2	n/a	351.3	142.8	2.67	212.0
10.252	0.192	fixation	n/a	341.0	144.6	1283.0	n/a	n/a	n/a	n/a
10.446	0.024	saccade	n/a	340.5	144.8	n/a	407.8	143.5	2.71	217.0
10.472	0.148	fixation	n/a	395.1	144.1	1237.0	n/a	n/a	n/a	n/a
10.622	0.038	saccade	n/a	396.5	143.2	n/a	461.3	145.3	2.61	257.0
10.662	0.282	fixation	n/a	471.9	145.6	1172.0	n/a	n/a	n/a	n/a
10.946	0.046	saccade	n/a	473.5	145.3	n/a	144.5	205.9	13.23	538.0
10.994	0.368	fixation	n/a	131.1	211.2	1258.0	n/a	n/a	n/a	n/a
11.364	0.034	saccade	n/a	129.4	209.0	n/a	130.2	65.5	5.75	362.0
11.4	0.224	fixation	n/a	131.4	72.2	1219.0	n/a	n/a	n/a	n/a
11.626	0.036	saccade	n/a	132.2	72.7	n/a	204.1	84.4	2.86	280.0
11.664	0.168	fixation	n/a	211.7	80.5	1236.0	n/a	n/a	n/a	n/a
11.834	0.032	saccade	n/a	212.3	81.1	n/a	271.0	84.2	2.34	238.0
11.868	0.194	fixation	n/a	275.6	80.8	1255.0	n/a	n/a	n/a	n/a
12.064	0.036	saccade	n/a	277.4	82.2	n/a	350.8	80.6	2.95	296.0
12.102	0.186	fixation	n/a	359.7	77.2	1252.0	n/a	n/a	n/a	n/a
12.29	0.038	saccade	n/a	358.8	80.2	n/a	423.0	84.1	2.59	276.0
12.33	0.224	fixation	n/a	435.8	82.5	1225.0	n/a	n/a	n/a	n/a
12.556	0.034	saccade	n/a	436.8	83.2	n/a	508.8	89.0	2.9	265.0
12.592	0.176	fixation	n/a	517.2	85.1	1181.0	n/a	n/a	n/a	n/a
12.77	0.022	saccade	n/a	520.5	84.8	n/a	571.6	86.5	2.04	170.0
12.794	0.138	fixation	n/a	559.8	84.2	1134.0	n/a	n/a	n/a	n/a
12.934	0.032	saccade	n/a	560.8	83.0	n/a	602.5	85.6	1.66	218.0
12.968	0.15	fixation	n/a	610.5	85.5	1048.0	n/a	n/a	n/a	n/a
13.12	0.076	saccade	n/a	612.1	85.1	n/a	132.2	136.9	18.9	566.0
13.198	0.242	fixation	n/a	116.2	143.8	1130.0	n/a	n/a	n/a	n/a
13.442	0.036	saccade	n/a	115.8	143.5	n/a	188.5	150.3	2.85	281.0
13.48	0.21	fixation	n/a	196.5	146.4	1195.0	n/a	n/a	n/a	n/a
13.692	0.032	saccade	n/a	197.0	146.5	n/a	245.9	148.5	1.94	236.0
13.726	0.17	fixation	n/a	252.9	146.0	1222.0	n/a	n/a	n/a	n/a
13.898	0.034	saccade	n/a	253.8	146.6	n/a	303.0	145.5	1.97	245.0
13.934	0.21	fixation	n/a	314.1	142.1	1178.0	n/a	n/a	n/a	n/a
14.146	0.024	saccade	n/a	316.2	140.9	n/a	407.6	134.4	3.69	264.0
14.172	0.358	fixation	n/a	401.7	136.6	1148.0	n/a	n/a	n/a	n/a
14.372	0.0	trigger_11	11	n/a	n/a	n/a	n/a	n/a	n/a	n/a
14.4	0.0	trigger_10	10	n/a	n/a	n/a	n/a	n/a	n/a	n/a
14.532	0.036	saccade	n/a	402.6	138.2	n/a	463.2	144.7	2.45	252.0
14.57	0.23	fixation	n/a	470.0	144.8	1135.0	n/a	n/a	n/a	n/a
14.802	0.068	saccade	n/a	471.7	147.0	n/a	124.8	215.0	13.96	565.0
14.872	0.426	fixation	n/a	113.3	221.6	1237.0	n/a	n/a	n/a	n/a
15.3	0.064	saccade	n/a	113.2	227.7	n/a	248.5	552.0	13.49	522.0
15.366	0.086	fixation	n/a	254.5	570.2	1304.0	n/a	n/a	n/a	n/a
15.454	0.03	saccade	n/a	253.2	569.1	n/a	262.7	547.7	0.87	141.0
15.486	0.106	fixation	n/a	261.8	544.8	1327.0	n/a	n/a	n/a	n/a
15.594	0.026	saccade	n/a	263.0	546.0	n/a	362.9	534.6	3.85	278.0
15.622	0.194	fixation	n/a	354.7	538.6	1258.0	n/a	n/a	n/a	n/a
15.818	0.026	saccade	n/a	357.7	539.2	n/a	468.3	538.8	4.25	301.0
15.846	0.184	fixation	n/a	458.8	538.0	1115.0	n/a	n/a	n/a	n/a
16.032	0.036	saccade	n/a	462.7	535.8	n/a	532.9	544.2	2.71	277.0
16.07	0.276	fixation	n/a	547.6	543.4	971.0	n/a	n/a	n/a	n/a
16.348	0.026	saccade	n/a	549.4	543.2	n/a	525.4	534.0	0.98	154.0
16.376	0.214	fixation	n/a	520.0	534.6	958.0	n/a	n/a	n/a	n/a
16.592	0.086	saccade	n/a	519.7	535.9	n/a	219.3	148.7	19.06	574.0
16.68	0.062	fixation	n/a	217.9	152.1	1035.0	n/a	n/a	n/a	n/a
16.744	0.03	saccade	n/a	217.0	148.9	n/a	168.9	64.6	3.9	315.0
16.776	0.194	fixation	n/a	165.1	69.0	1024.0	n/a	n/a	n/a	n/a
16.972	0.03	saccade	n/a	163.4	70.2	n/a	131.0	71.3	1.27	208.0
17.004	0.124	fixation	n/a	120.7	75.1	1063.0	n/a	n/a	n/a	n/a
17.13	0.038	saccade	n/a	118.5	74.8	n/a	190.8	79.7	2.83	313.0
17.17	0.27	fixation	n/a	201.8	76.9	1190.0	n/a	n/a	n/a	n/a
17.442	0.032	saccade	n/a	202.1	76.7	n/a	258.0	79.1	2.22	223.0
17.476	0.15	fixation	n/a	262.7	74.8	1262.0	n/a	n/a	n/a	n/a
17.628	0.038	saccade	n/a	263.1	75.3	n/a	354.0	74.5	3.65	315.0
17.668	0.32	fixation	n/a	365.1	71.6	1263.0	n/a	n/a	n/a	n/a
17.99	0.034	saccade	n/a	366.4	75.1	n/a	433.5	79.4	2.71	289.0
18.026	0.166	fixation	n/a	444.5	78.9	1252.0	n/a	n/a	n/a	n/a
18.194	0.028	saccade	n/a	446.0	79.6	n/a	551.8	83.7	4.24	300.0
18.224	0.224	fixation	n/a	542.4	85.0	1220.0	n/a	n/a	n/a	n/a
18.45	0.028	saccade	n/a	543.6	86.8	n/a	572.6	92.8	1.18	150.0
18.48	0.1	fixation	n/a	573.8	87.2	1219.0	n/a	n/a	n/a	n/a
18.582	0.074	saccade	n/a	573.8	87.3	n/a	141.1	146.7	17.2	560.0
18.658	0.202	fixation	n/a	123.2	154.4	1342.0	n/a	n/a	n/a	n/a
18.862	0.04	saccade	n/a	123.3	154.7	n/a	196.4	148.4	2.87	284.0
18.904	0.236	fixation	n/a	206.6	143.6	1373.0	n/a	n/a	n/a	n/a
19.142	0.036	saccade	n/a	204.3	142.5	n/a	289.1	142.2	3.37	336.0
19.18	0.268	fixation	n/a	298.9	139.7	1384.0	n/a	n/a	n/a	n/a
19.45	0.038	saccade	n/a	299.7	141.0	n/a	388.0	140.0	3.55	326.0
19.49	0.188	fixation	n/a	400.3	142.6	1300.0	n/a	n/a	n/a	n/a
19.68	0.034	saccade	n/a	401.5	144.4	n/a	454.6	147.8	2.14	244.0
19.716	0.214	fixation	n/a	465.0	147.4	1266.0	n/a	n/a	n/a	n/a
19.932	0.026	saccade	n/a	467.9	148.1	n/a	551.1	146.5	3.33	234.0
19.96	0.192	fixation	n/a	540.9	148.1	1180.0	n/a	n/a	n/a	n/a
20.154	0.03	saccade	n/a	542.6	148.4	n/a	575.6	155.4	1.34	181.0
20.186	0.176	fixation	n/a	582.4	153.3	1135.0	n/a	n/a	n/a	n/a
20.364	0.072	saccade	n/a	583.1	152.2	n/a	164.9	200.3	16.61	573.0
20.438	0.318	fixation	n/a	146.5	205.0	1257.0	n/a	n/a	n/a	n/a
20.758	0.038	saccade	n/a	144.2	207.6	n/a	264.5	208.6	4.74	383.0
20.798	0.204	fixation	n/a	276.6	209.5	1269.0	n/a	n/a	n/a	n/a
21.004	0.038	saccade	n/a	278.2	208.2	n/a	347.7	206.3	2.78	304.0
21.044	0.24	fixation	n/a	361.9	202.0	1246.0	n/a	n/a	n/a	n/a
21.286	0.028	saccade	n/a	363.2	204.1	n/a	424.1	203.8	2.45	190.0
21.316	0.238	fixation	n/a	417.3	201.8	1159.0	n/a	n/a	n/a	n/a
21.556	0.038	saccade	n/a	418.8	201.2	n/a	354.5	199.2	2.58	289.0
21.596	0.258	fixation	n/a	340.6	201.8	1137.0	n/a	n/a	n/a	n/a
21.856	0.032	saccade	n/a	340.0	201.5	n/a	399.0	204.7	2.37	266.0
21.89	0.176	fixation	n/a	405.5	201.6	1139.0	n/a	n/a	n/a	n/a
22.068	0.022	saccade	n/a	406.8	202.6	n/a	473.7	199.8	2.69	212.0
22.092	0.092	fixation	n/a	458.9	203.4	1122.0	n/a	n/a	n/a	n/a
22.186	0.064	saccade	n/a	460.5	210.3	n/a	355.0	519.8	12.78	455.0
22.252	0.19	fixation	n/a	356.5	540.9	1216.0	n/a	n/a	n/a	n/a
22.444	0.034	saccade	n/a	355.4	543.4	n/a	414.3	532.1	2.31	264.0
22.48	0.156	fixation	n/a	424.7	530.1	1152.0	n/a	n/a	n/a	n/a
22.638	0.034	saccade	n/a	427.7	530.1	n/a	460.5	531.9	1.27	205.0
22.674	0.278	fixation	n/a	473.2	531.3	1008.0	n/a	n/a	n/a	n/a
22.954	0.03	saccade	n/a	478.6	531.9	n/a	515.0	538.4	1.42	202.0
22.986	0.02	fixation	n/a	519.6	537.4	916.0	n/a	n/a	n/a	n/a
23.008	0.058	saccade	n/a	522.5	539.0	n/a	244.6	528.1	10.63	478.0
23.068	0.246	fixation	n/a	228.5	530.6	979.0	n/a	n/a	n/a	n/a
23.242	0.0	trigger_11	11	n/a	n/a	n/a	n/a	n/a	n/a	n/a
23.252	0.0	trigger_10	10	n/a	n/a	n/a	n/a	n/a	n/a	n/a
23.316	0.03	saccade	n/a	227.7	531.8	n/a	269.7	535.4	1.61	197.0
23.348	0.24	fixation	n/a	275.5	534.9	1042.0	n/a	n/a	n/a	n/a
23.59	0.034	saccade	n/a	278.9	534.8	n/a	325.8	536.1	1.8	220.0
23.626	0.306	fixation	n/a	337.0	533.9	1047.0	n/a	n/a	n/a	n/a
23.934	0.026	saccade	n/a	339.2	533.2	n/a	437.2	531.4	3.78	284.0
23.962	0.274	fixation	n/a	428.5	530.4	965.0	n/a	n/a	n/a	n/a
24.238	0.022	saccade	n/a	430.6	530.8	n/a	504.3	536.1	2.84	216.0
24.262	0.476	fixation	n/a	491.7	537.9	954.0	n/a	n/a	n/a	n/a
24.74	0.032	saccade	n/a	488.8	538.1	n/a	534.9	540.6	1.77	201.0
24.774	0.412	fixation	n/a	541.0	543.0	1002.0	n/a	n/a	n/a	n/a
25.188	0.016	saccade	n/a	544.5	545.3	n/a	562.4	544.2	0.68	80.0
25.206	0.108	fixation	n/a	555.8	546.6	1008.0	n/a	n/a	n/a	n/a
25.316	0.032	saccade	n/a	555.7	549.2	n/a	528.9	542.0	1.06	168.0
25.35	0.172	fixation	n/a	519.1	542.6	1030.0	n/a	n/a	n/a	n/a
25.524	0.08	saccade	n/a	518.7	541.6	n/a	232.8	143.6	19.06	594.0
25.606	0.026	fixation	n/a	221.9	128.3	1085.0	n/a	n/a	n/a	n/a
25.634	0.01	saccade	n/a	210.6	115.0	n/a	190.6	100.2	0.99	104.0
25.646	0.114	fixation	n/a	192.3	94.9	1091.0	n/a	n/a	n/a	n/a
25.762	0.034	saccade	n/a	190.1	93.1	n/a	150.4	71.4	1.79	239.0
25.798	0.128	fixation	n/a	141.8	72.1	1082.0	n/a	n/a	n/a	n/a
25.928	0.038	saccade	n/a	141.6	71.7	n/a	226.3	80.1	3.35	336.0
25.968	0.124	fixation	n/a	238.7	78.7	1115.0	n/a	n/a	n/a	n/a
26.094	0.034	saccade	n/a	240.6	81.7	n/a	290.5	84.6	2.0	249.0
26.13	0.152	fixation	n/a	299.4	82.2	1182.0	n/a	n/a	n/a	n/a
26.284	0.036	saccade	n/a	299.8	83.6	n/a	364.6	83.1	2.61	295.0
26.322	0.504	fixation	n/a	371.5	83.2	1241.0	n/a	n/a	n/a	n/a
26.828	0.024	saccade	n/a	371.3	84.5	n/a	416.3	80.6	1.82	175.0
26.854	0.328	fixation	n/a	409.3	81.9	1263.0	n/a	n/a	n/a	n/a
27.184	0.024	saccade	n/a	410.0	81.6	n/a	455.5	84.5	1.83	166.0
27.21	0.174	fixation	n/a	449.3	82.6	1285.0	n/a	n/a	n/a	n/a
27.386	0.028	saccade	n/a	450.7	81.7	n/a	529.6	87.7	3.17	250.0
27.416	0.178	fixation	n/a	521.2	87.1	1268.0	n/a	n/a	n/a	n/a
27.596	0.024	saccade	n/a	520.8	87.8	n/a	572.2	91.3	2.05	164.0
27.622	0.096	fixation	n/a	559.9	89.9	1249.0	n/a	n/a	n/a	n/a
27.72	0.07	saccade	n/a	560.9	91.3	n/a	162.2	152.4	15.95	544.0
27.792	0.252	fixation	n/a	143.7	159.6	1347.0	n/a	n/a	n/a	n/a
28.046	0.038	saccade	n/a	143.4	161.0	n/a	225.7	151.1	3.26	325.0
28.086	0.222	fixation	n/a	236.0	147.4	1314.0	n/a	n/a	n/a	n/a
28.31	0.044	saccade	n/a	236.8	146.6	n/a	350.8	145.1	4.56	364.0
28.356	0.286	fixation	n/a	367.8	146.2	1263.0	n/a	n/a	n/a	n/a
28.644	0.028	saccade	n/a	368.2	147.8	n/a	465.2	144.2	3.91	294.0
28.674	0.15	fixation	n/a	455.6	141.3	1185.0	n/a	n/a	n/a	n/a
28.826	0.01	saccade	n/a	454.0	143.1	n/a	437.5	143.7	0.66	68.0
28.838	0.202	fixation	n/a	441.3	142.0	1186.0	n/a	n/a	n/a	n/a
29.042	0.036	saccade	n/a	441.2	142.8	n/a	496.4	144.0	2.22	265.0
29.08	0.292	fixation	n/a	509.1	144.8	1182.0	n/a	n/a	n/a	n/a
29.374	0.034	saccade	n/a	510.6	146.1	n/a	556.8	148.4	1.85	215.0
29.394	0.0	trigger_11	11	n/a	n/a	n/a	n/a	n/a	n/a	n/a
29.408	0.0	trigger_10	10	n/a	n/a	n/a	n/a	n/a	n/a	n/a
29.41	0.252	fixation	n/a	564.5	150.7	1166.0	n/a	n/a	n/a	n/a
29.664	0.018	saccade	n/a	566.1	150.2	n/a	582.5	155.0	0.68	80.0
29.684	0.442	fixation	n/a	580.0	151.4	1174.0	n/a	n/a	n/a	n/a
30.128	0.076	saccade	n/a	580.0	147.5	n/a	112.3	201.4	18.43	560.0
30.206	0.234	fixation	n/a	96.3	207.4	1361.0	n/a	n/a	n/a	n/a
30.442	0.032	saccade	n/a	93.9	207.3	n/a	147.3	204.7	2.07	271.0
30.476	0.254	fixation	n/a	155.3	202.0	1378.0	n/a	n/a	n/a	n/a
30.732	0.028	saccade	n/a	158.0	203.9	n/a	181.9	203.7	0.94	171.0
30.762	0.104	fixation	n/a	187.5	201.4	1386.0	n/a	n/a	n/a	n/a
30.868	0.066	saccade	n/a	186.2	204.2	n/a	281.8	522.4	12.91	474.0
30.936	0.136	fixation	n/a	284.5	544.2	1388.0	n/a	n/a	n/a	n/a
31.074	0.05	saccade	n/a	283.3	547.2	n/a	423.6	533.8	5.41	362.0
31.126	0.236	fixation	n/a	439.7	537.1	1209.0	n/a	n/a	n/a	n/a
31.364	0.078	saccade	n/a	440.8	538.2	n/a	266.6	166.2	16.0	465.0
31.444	0.228	fixation	n/a	250.8	126.8	1037.0	n/a	n/a	n/a	n/a
31.674	0.03	saccade	n/a	250.1	121.3	n/a	157.8	73.6	4.13	360.0
31.706	0.246	fixation	n/a	158.8	80.3	1081.0	n/a	n/a	n/a	n/a
31.954	0.034	saccade	n/a	159.5	85.3	n/a	242.7	86.7	3.29	336.0
31.99	0.142	fixation	n/a	252.2	80.6	1220.0	n/a	n/a	n/a	n/a
32.134	0.04	saccade	n/a	254.5	82.4	n/a	341.4	79.2	3.48	334.0
32.176	0.306	fixation	n/a	356.4	74.4	1302.0	n/a	n/a	n/a	n/a
32.45	0.0	trigger_11	11	n/a	n/a	n/a	n/a	n/a	n/a	n/a
32.464	0.0	trigger_12	12	n/a	n/a	n/a	n/a	n/a	n/a	n/a
32.484	0.028	saccade	n/a	356.8	75.5	n/a	475.7	79.8	4.79	330.0
32.514	0.132	fixation	n/a	466.3	76.4	1329.0	n/a	n/a	n/a	n/a
32.648	0.036	saccade	n/a	467.8	75.0	n/a	536.1	82.4	2.75	306.0
32.686	0.154	fixation	n/a	549.1	81.5	1315.0	n/a	n/a	n/a	n/a
32.842	0.078	saccade	n/a	550.9	85.4	n/a	486.3	528.1	17.44	448.0
32.922	0.096	fixation	n/a	479.3	548.7	1364.0	n/a	n/a	n/a	n/a
33.02	0.02	saccade	n/a	478.4	546.3	n/a	476.0	529.3	0.64	80.0
33.042	0.204	fixation	n/a	479.5	535.5	1288.0	n/a	n/a	n/a	n/a
33.248	0.032	saccade	n/a	482.3	536.0	n/a	515.4	533.4	1.27	210.0
33.282	0.352	fixation	n/a	533.2	537.0	1061.0	n/a	n/a	n/a	n/a
33.636	0.014	saccade	n/a	541.5	538.5	n/a	553.1	539.9	0.45	54.0
33.652	0.09	fixation	n/a	550.1	539.4	956.0	n/a	n/a	n/a	n/a
33.744	0.114	saccade	n/a	551.1	539.2	n/a	462.4	68.2	18.65	475.0
33.86	0.19	fixation	n/a	486.1	46.8	899.0	n/a	n/a	n/a	n/a
34.052	0.036	saccade	n/a	490.1	45.9	n/a	558.6	65.8	2.86	323.0
34.09	0.222	fixation	n/a	569.3	72.1	923.0	n/a	n/a	n/a	n/a
34.314	0.072	saccade	n/a	567.8	77.5	n/a	153.8	76.6	16.3	582.0
34.388	0.324	fixation	n/a	136.5	84.5	1214.0	n/a	n/a	n/a	n/a
34.714	0.042	saccade	n/a	132.6	90.5	n/a	241.6	85.1	4.3	389.0
34.758	0.2	fixation	n/a	255.9	82.7	1268.0	n/a	n/a	n/a	n/a
34.96	0.04	saccade	n/a	258.7	85.8	n/a	351.4	79.0	3.73	354.0
35.002	0.206	fixation	n/a	365.6	76.5	1253.0	n/a	n/a	n/a	n/a
35.21	0.026	saccade	n/a	366.3	78.3	n/a	463.8	80.4	3.92	291.0
35.238	0.204	fixation	n/a	456.0	82.4	1250.0	n/a	n/a	n/a	n/a
35.292	0.0	trigger_13	13	n/a	n/a	n/a	n/a	n/a	n/a	n/a
35.302	0.0	trigger_10	10	n/a	n/a	n/a	n/a	n/a	n/a	n/a
35.444	0.032	saccade	n/a	457.4	83.1	n/a	501.9	85.5	1.79	199.0
35.478	0.1	fixation	n/a	506.8	83.7	1240.0	n/a	n/a	n/a	n/a
35.58	0.026	saccade	n/a	509.3	83.4	n/a	618.9	94.2	4.37	327.0
35.608	0.106	fixation	n/a	607.4	90.7	1206.0	n/a	n/a	n/a	n/a
35.716	0.074	saccade	n/a	610.3	91.5	n/a	158.4	154.3	17.94	586.0
35.792	0.164	fixation	n/a	142.5	163.1	1360.0	n/a	n/a	n/a	n/a
35.958	0.038	saccade	n/a	143.5	163.2	n/a	230.6	147.9	3.48	373.0
35.998	0.176	fixation	n/a	246.7	143.4	1364.0	n/a	n/a	n/a	n/a
36.176	0.04	saccade	n/a	248.1	140.7	n/a	337.0	138.2	3.56	349.0
36.218	0.186	fixation	n/a	349.1	137.5	1380.0	n/a	n/a	n/a	n/a
36.406	0.068	saccade	n/a	350.7	138.2	n/a	386.0	503.6	14.42	466.0
36.476	0.166	fixation	n/a	385.4	525.5	1429.0	n/a	n/a	n/a	n/a
36.644	0.048	saccade	n/a	383.1	528.8	n/a	497.1	530.6	4.39	363.0
36.694	0.19	fixation	n/a	513.6	536.0	1284.0	n/a	n/a	n/a	n/a
36.886	0.03	saccade	n/a	514.2	538.9	n/a	546.4	539.6	1.23	185.0
36.918	0.124	fixation	n/a	555.2	540.3	1132.0	n/a	n/a	n/a	n/a
37.044	0.028	saccade	n/a	557.0	540.8	n/a	583.2	539.4	1.0	140.0
37.074	0.162	fixation	n/a	587.9	537.7	1047.0	n/a	n/a	n/a	n/a
37.238	0.072	saccade	n/a	590.3	537.0	n/a	340.5	144.7	18.11	582.0
37.312	0.366	fixation	n/a	311.4	105.4	1138.0	n/a	n/a	n/a	n/a
37.68	0.058	saccade	n/a	309.6	102.6	n/a	137.3	89.9	6.83	418.0
37.74	0.192	fixation	n/a	138.1	90.7	1283.0	n/a	n/a	n/a	n/a
37.934	0.034	saccade	n/a	135.9	90.3	n/a	196.5	84.9	2.39	262.0
37.97	0.118	fixation	n/a	201.7	78.1	1343.0	n/a	n/a	n/a	n/a
38.09	0.082	saccade	n/a	202.3	83.3	n/a	524.9	546.3	21.89	618.0
38.174	0.118	fixation	n/a	528.2	564.4	1303.0	n/a	n/a	n/a	n/a
38.294	0.022	saccade	n/a	529.7	562.3	n/a	523.3	529.2	1.25	129.0
38.318	0.162	fixation	n/a	527.2	539.2	1281.0	n/a	n/a	n/a	n/a
38.482	0.056	saccade	n/a	530.8	540.1	n/a	294.1	517.5	9.11	496.0
38.54	0.236	fixation	n/a	279.0	513.8	1151.0	n/a	n/a	n/a	n/a
38.778	0.032	saccade	n/a	279.6	512.2	n/a	338.7	522.1	2.31	272.0
38.812	0.046	fixation	n/a	346.6	518.9	1091.0	n/a	n/a	n/a	n/a
38.86	0.082	saccade	n/a	349.6	516.3	n/a	205.8	111.0	16.8	566.0
38.944	0.232	fixation	n/a	170.1	77.9	1044.0	n/a	n/a	n/a	n/a
39.178	0.036	saccade	n/a	165.0	74.9	n/a	233.7	68.9	2.72	303.0
39.216	0.194	fixation	n/a	245.9	65.9	1065.0	n/a	n/a	n/a	n/a
39.412	0.03	saccade	n/a	246.1	69.2	n/a	286.4	69.7	1.61	212.0
39.444	0.134	fixation	n/a	289.4	70.1	1152.0	n/a	n/a	n/a	n/a
39.58	0.042	saccade	n/a	288.8	72.1	n/a	211.9	76.1	3.06	262.0
39.624	0.118	fixation	n/a	198.4	74.8	1224.0	n/a	n/a	n/a	n/a
39.744	0.03	saccade	n/a	197.2	76.5	n/a	349.7	76.0	6.08	408.0
39.776	0.234	fixation	n/a	347.8	73.6	1238.0	n/a	n/a	n/a	n/a
40.012	0.048	saccade	n/a	351.4	73.9	n/a	464.2	74.9	4.53	318.0
40.062	0.142	fixation	n/a	477.6	75.9	1246.0	n/a	n/a	n/a	n/a
40.206	0.034	saccade	n/a	476.7	77.0	n/a	435.6	72.8	1.66	233.0
40.242	0.134	fixation	n/a	424.7	73.6	1261.0	n/a	n/a	n/a	n/a
40.378	0.028	saccade	n/a	423.5	73.3	n/a	494.6	78.6	2.87	231.0
40.408	0.118	fixation	n/a	484.8	78.1	1222.0	n/a	n/a	n/a	n/a
40.528	0.036	saccade	n/a	485.8	78.4	n/a	547.3	83.2	2.47	278.0
40.566	0.194	fixation	n/a	559.9	83.0	1173.0	n/a	n/a	n/a	n/a
40.762	0.076	saccade	n/a	557.3	83.4	n/a	190.0	150.5	14.8	480.0
40.84	0.126	fixation	n/a	166.8	156.0	1269.0	n/a	n/a	n/a	n/a
40.968	0.034	saccade	n/a	164.2	157.6	n/a	132.0	150.2	1.29	212.0
41.004	0.148	fixation	n/a	122.2	151.5	1269.0	n/a	n/a	n/a	n/a
41.02	0.0	trigger_11	11	n/a	n/a	n/a	n/a	n/a	n/a	n/a
41.046	0.0	trigger_10	10	n/a	n/a	n/a	n/a	n/a	n/a	n/a
41.154	0.036	saccade	n/a	120.8	150.5	n/a	187.0	147.2	2.59	265.0
41.192	0.176	fixation	n/a	196.8	141.8	1275.0	n/a	n/a	n/a	n/a
41.37	0.034	saccade	n/a	198.8	141.4	n/a	270.0	143.0	2.83	315.0
41.406	0.214	fixation	n/a	282.1	140.0	1259.0	n/a	n/a	n/a	n/a
41.622	0.034	saccade	n/a	284.3	141.5	n/a	353.2	141.0	2.77	281.0
41.658	0.198	fixation	n/a	361.3	138.7	1186.0	n/a	n/a	n/a	n/a
41.858	0.03	saccade	n/a	364.2	139.6	n/a	418.0	143.1	2.17	229.0
41.89	0.092	fixation	n/a	422.0	139.2	1114.0	n/a	n/a	n/a	n/a
41.984	0.028	saccade	n/a	423.4	138.3	n/a	541.7	140.3	4.74	316.0
42.014	0.134	fixation	n/a	536.4	141.3	1053.0	n/a	n/a	n/a	n/a
42.15	0.03	saccade	n/a	537.0	140.9	n/a	579.5	145.5	1.7	197.0
42.182	0.058	fixation	n/a	582.6	144.1	1010.0	n/a	n/a	n/a	n/a
42.242	0.068	saccade	n/a	585.1	142.8	n/a	168.2	205.0	16.64	591.0
42.312	0.218	fixation	n/a	150.8	211.5	1139.0	n/a	n/a	n/a	n/a
42.532	0.038	saccade	n/a	149.3	210.3	n/a	242.3	194.8	3.71	373.0
42.572	0.216	fixation	n/a	256.8	193.3	1176.0	n/a	n/a	n/a	n/a
42.79	0.03	saccade	n/a	258.2	193.4	n/a	288.6	196.1	1.22	190.0
42.822	0.078	fixation	n/a	293.9	192.2	1138.0	n/a	n/a	n/a	n/a
42.902	0.04	saccade	n/a	293.8	193.1	n/a	249.4	104.5	4.01	342.0
42.944	0.294	fixation	n/a	237.4	100.1	1113.0	n/a	n/a	n/a	n/a
43.24	0.028	saccade	n/a	234.1	98.4	n/a	134.0	57.9	4.26	321.0
43.27	0.2	fixation	n/a	141.6	63.3	1132.0	n/a	n/a	n/a	n/a
43.472	0.034	saccade	n/a	141.3	63.4	n/a	224.3	75.7	3.31	301.0
43.508	0.156	fixation	n/a	230.3	71.0	1163.0	n/a	n/a	n/a	n/a
43.666	0.022	saccade	n/a	232.0	71.8	n/a	309.7	69.8	3.1	240.0
43.69	0.212	fixation	n/a	298.5	70.5	1161.0	n/a	n/a	n/a	n/a
43.904	0.038	saccade	n/a	299.1	70.6	n/a	382.6	73.9	3.36	299.0
43.944	0.21	fixation	n/a	395.6	68.4	1149.0	n/a	n/a	n/a	n/a
44.156	0.022	saccade	n/a	397.3	67.3	n/a	450.7	69.0	2.15	188.0
44.18	0.106	fixation	n/a	440.5	71.0	1126.0	n/a	n/a	n/a	n/a
44.288	0.04	saccade	n/a	442.4	71.7	n/a	367.4	63.8	3.04	314.0
44.33	0.232	fixation	n/a	349.3	66.3	1150.0	n/a	n/a	n/a	n/a
44.564	0.034	saccade	n/a	346.7	67.4	n/a	386.1	71.5	1.59	213.0
44.6	0.276	fixation	n/a	390.5	70.2	1177.0	n/a	n/a	n/a	n/a
44.878	0.024	saccade	n/a	390.8	72.5	n/a	444.7	79.5	2.19	200.0
44.904	0.196	fixation	n/a	437.7	79.7	1165.0	n/a	n/a	n/a	n/a
45.102	0.022	saccade	n/a	438.9	82.0	n/a	498.1	74.9	2.4	181.0
45.126	0.228	fixation	n/a	488.3	80.4	1123.0	n/a	n/a	n/a	n/a
45.356	0.022	saccade	n/a	489.5	81.0	n/a	540.0	80.5	2.02	155.0
45.38	0.164	fixation	n/a	529.7	82.7	1122.0	n/a	n/a	n/a	n/a
45.546	0.026	saccade	n/a	531.0	83.4	n/a	614.0	81.1	3.29	242.0
45.574	0.186	fixation	n/a	603.4	81.5	1098.0	n/a	n/a	n/a	n/a
45.762	0.076	saccade	n/a	605.8	80.5	n/a	152.8	145.0	17.99	574.0
45.84	0.246	fixation	n/a	139.5	149.1	1193.0	n/a	n/a	n/a	n/a
46.088	0.04	saccade	n/a	139.5	148.1	n/a	219.7	143.5	3.16	322.0
46.13	0.168	fixation	n/a	231.9	138.5	1173.0	n/a	n/a	n/a	n/a
46.3	0.036	saccade	n/a	231.8	141.0	n/a	314.3	139.9	3.29	310.0
46.338	0.134	fixation	n/a	323.0	137.9	1131.0	n/a	n/a	n/a	n/a
46.474	0.032	saccade	n/a	326.2	137.6	n/a	379.4	139.7	2.14	237.0
46.508	0.25	fixation	n/a	386.3	136.2	1064.0	n/a	n/a	n/a	n/a
46.76	0.032	saccade	n/a	386.3	137.1	n/a	442.8	141.0	2.28	238.0
46.794	0.172	fixation	n/a	449.9	137.0	998.0	n/a	n/a	n/a	n/a
46.968	0.026	saccade	n/a	452.0	134.5	n/a	553.3	132.9	4.05	302.0
46.996	0.192	fixation	n/a	543.4	135.2	945.0	n/a	n/a	n/a	n/a
47.19	0.03	saccade	n/a	544.1	134.0	n/a	575.4	138.2	1.26	178.0
47.222	0.054	fixation	n/a	580.7	135.9	901.0	n/a	n/a	n/a	n/a
47.278	0.076	saccade	n/a	582.7	136.3	n/a	124.2	203.5	18.18	588.0
47.356	0.174	fixation	n/a	109.6	211.1	1023.0	n/a	n/a	n/a	n/a
47.532	0.032	saccade	n/a	107.7	213.2	n/a	150.6	207.1	1.68	222.0
47.566	0.238	fixation	n/a	156.6	204.3	1084.0	n/a	n/a	n/a	n/a
47.806	0.03	saccade	n/a	158.8	205.6	n/a	317.5	205.2	6.27	432.0
47.838	0.148	fixation	n/a	313.9	203.7	1080.0	n/a	n/a	n/a	n/a
47.988	0.036	saccade	n/a	317.1	203.5	n/a	279.6	201.7	1.5	264.0
48.026	0.108	fixation	n/a	266.6	205.5	1058.0	n/a	n/a	n/a	n/a
48.136	0.036	saccade	n/a	264.6	205.0	n/a	336.7	208.7	2.89	275.0
48.174	0.156	fixation	n/a	342.1	204.6	1025.0	n/a	n/a	n/a	n/a
48.332	0.032	saccade	n/a	344.7	205.3	n/a	397.5	204.7	2.12	230.0
48.366	0.132	fixation	n/a	402.0	200.1	990.0	n/a	n/a	n/a	n/a
48.5	0.02	saccade	n/a	404.8	200.2	n/a	369.9	198.9	1.4	126.0
48.522	0.084	fixation	n/a	378.3	199.7	950.0	n/a	n/a	n/a	n/a
48.608	0.038	saccade	n/a	377.6	199.7	n/a	447.5	197.4	2.81	284.0
48.648	0.152	fixation	n/a	458.8	197.1	883.0	n/a	n/a	n/a	n/a
48.802	0.016	saccade	n/a	458.6	199.0	n/a	426.7	198.4	1.28	105.0
48.82	0.15	fixation	n/a	434.5	199.8	892.0	n/a	n/a	n/a	n/a
48.972	0.022	saccade	n/a	433.3	201.8	n/a	490.6	202.4	2.3	176.0
48.996	0.244	fixation	n/a	477.1	202.0	900.0	n/a	n/a	n/a	n/a
49.242	0.028	saccade	n/a	476.4	203.2	n/a	555.0	202.3	3.14	206.0
49.272	0.292	fixation	n/a	545.8	199.9	863.0	n/a	n/a	n/a	n/a
49.566	0.022	saccade	n/a	545.8	199.0	n/a	610.2	201.6	2.55	206.0
49.59	0.224	fixation	n/a	602.9	202.8	859.0	n/a	n/a	n/a	n/a
49.816	0.068	saccade	n/a	604.1	203.3	n/a	225.3	249.0	15.06	506.0
49.886	0.098	fixation	n/a	210.4	255.3	987.0	n/a	n/a	n/a	n/a
49.986	0.038	saccade	n/a	210.4	254.9	n/a	138.1	264.7	2.85	328.0
50.026	0.174	fixation	n/a	124.3	267.1	1047.0	n/a	n/a	n/a	n/a
50.202	0.038	saccade	n/a	123.1	267.4	n/a	211.3	261.2	3.45	353.0
50.242	0.248	fixation	n/a	225.7	256.7	1069.0	n/a	n/a	n/a	n/a
50.492	0.036	saccade	n/a	225.0	259.7	n/a	298.3	253.4	2.92	277.0
50.53	0.204	fixation	n/a	304.7	253.3	1030.0	n/a	n/a	n/a	n/a
50.736	0.034	saccade	n/a	307.0	255.2	n/a	365.8	256.1	2.35	258.0
50.772	0.29	fixation	n/a	375.8	256.7	961.0	n/a	n/a	n/a	n/a
51.064	0.042	saccade	n/a	377.9	258.3	n/a	494.9	254.6	4.67	339.0
51.108	0.166	fixation	n/a	505.9	255.5	892.0	n/a	n/a	n/a	n/a
51.276	0.032	saccade	n/a	506.3	255.8	n/a	549.7	257.5	1.73	213.0
51.31	0.1	fixation	n/a	556.6	254.2	892.0	n/a	n/a	n/a	n/a
51.412	0.07	saccade	n/a	558.4	253.0	n/a	159.0	316.0	15.83	560.0
51.484	0.142	fixation	n/a	144.7	325.2	1003.0	n/a	n/a	n/a	n/a
51.628	0.034	saccade	n/a	142.7	325.6	n/a	119.8	320.4	0.91	186.0
51.664	0.118	fixation	n/a	108.9	323.4	1048.0	n/a	n/a	n/a	n/a
51.784	0.032	saccade	n/a	108.4	323.9	n/a	190.2	319.0	3.17	302.0
51.818	0.194	fixation	n/a	195.4	318.4	1060.0	n/a	n/a	n/a	n/a
52.014	0.034	saccade	n/a	196.3	318.8	n/a	259.3	318.1	2.48	268.0
52.05	0.246	fixation	n/a	266.8	313.6	1020.0	n/a	n/a	n/a	n/a
52.298	0.024	saccade	n/a	268.9	314.7	n/a	336.4	313.1	2.68	224.0
52.324	0.214	fixation	n/a	328.2	313.3	935.0	n/a	n/a	n/a	n/a
52.54	0.044	saccade	n/a	331.2	313.5	n/a	428.8	310.0	3.89	284.0
52.586	0.218	fixation	n/a	442.9	311.2	875.0	n/a	n/a	n/a	n/a
52.806	0.024	saccade	n/a	443.6	314.3	n/a	534.0	313.5	3.59	263.0
52.832	0.212	fixation	n/a	523.4	313.4	807.0	n/a	n/a	n/a	n/a
53.046	0.02	saccade	n/a	524.6	318.1	n/a	565.0	316.3	1.6	134.0
53.068	0.24	fixation	n/a	556.4	317.1	778.0	n/a	n/a	n/a	n/a
53.31	0.056	saccade	n/a	556.2	320.1	n/a	160.3	377.1	15.57	520.0
53.368	0.308	fixation	n/a	153.2	377.8	892.0	n/a	n/a	n/a	n/a
53.678	0.026	saccade	n/a	149.1	373.4	n/a	253.9	366.9	4.08	290.0
53.706	0.246	fixation	n/a	244.0	368.3	960.0	n/a	n/a	n/a	n/a
53.954	0.036	saccade	n/a	243.6	369.5	n/a	328.0	366.3	3.33	332.0
53.992	0.298	fixation	n/a	340.3	366.7	981.0	n/a	n/a	n/a	n/a
54.292	0.048	saccade	n/a	342.0	370.4	n/a	474.1	373.0	5.22	331.0
54.342	0.364	fixation	n/a	489.4	376.0	938.0	n/a	n/a	n/a	n/a
54.708	0.028	saccade	n/a	488.3	377.2	n/a	552.6	380.1	2.52	228.0
54.738	0.17	fixation	n/a	549.3	376.3	945.0	n/a	n/a	n/a	n/a
54.91	0.034	saccade	n/a	548.7	376.1	n/a	578.9	381.1	1.2	199.0
54.946	0.398	fixation	n/a	589.7	380.9	923.0	n/a	n/a	n/a	n/a
55.346	0.056	saccade	n/a	587.5	377.9	n/a	202.2	425.8	15.05	525.0
55.404	0.118	fixation	n/a	197.7	427.9	1060.0	n/a	n/a	n/a	n/a
55.524	0.038	saccade	n/a	196.2	427.5	n/a	134.9	437.9	2.38	277.0
55.564	0.24	fixation	n/a	118.6	439.8	1081.0	n/a	n/a	n/a	n/a
55.806	0.036	saccade	n/a	119.4	439.7	n/a	202.2	435.6	3.17	313.0
55.844	0.214	fixation	n/a	215.7	432.1	1056.0	n/a	n/a	n/a	n/a
56.06	0.034	saccade	n/a	217.5	434.2	n/a	261.9	435.0	1.72	225.0
56.096	0.054	fixation	n/a	268.7	432.2	1071.0	n/a	n/a	n/a	n/a
56.152	0.064	saccade	n/a	269.6	432.7	n/a	203.4	153.6	11.33	460.0
56.218	0.006	fixation	n/a	202.6	143.2	1071.0	n/a	n/a	n/a	n/a
56.226	0.006	saccade	n/a	199.2	133.6	n/a	193.3	119.1	0.63	101.0
56.234	0.276	fixation	n/a	190.6	73.7	1026.0	n/a	n/a	n/a	n/a
56.512	0.036	saccade	n/a	191.4	69.3	n/a	299.6	71.3	4.3	342.0
56.55	0.142	fixation	n/a	308.7	68.7	1015.0	n/a	n/a	n/a	n/a
56.694	0.048	saccade	n/a	310.8	70.2	n/a	468.5	64.7	6.34	407.0
56.744	0.314	fixation	n/a	485.4	69.2	1039.0	n/a	n/a	n/a	n/a
57.06	0.034	saccade	n/a	485.4	72.9	n/a	538.7	91.4	2.26	256.0
57.096	0.07	fixation	n/a	545.2	86.1	1021.0	n/a	n/a	n/a	n/a
57.168	0.05	saccade	n/a	544.5	88.3	n/a	385.9	127.4	6.55	460.0
57.22	0.176	fixation	n/a	373.6	134.8	1091.0	n/a	n/a	n/a	n/a
57.398	0.034	saccade	n/a	372.5	135.2	n/a	417.7	142.0	1.84	248.0
57.434	0.202	fixation	n/a	426.7	140.2	1164.0	n/a	n/a	n/a	n/a
57.638	0.062	saccade	n/a	426.1	139.0	n/a	171.0	195.6	10.4	491.0
57.702	0.216	fixation	n/a	169.5	197.0	1278.0	n/a	n/a	n/a	n/a
57.92	0.038	saccade	n/a	169.7	198.8	n/a	300.6	198.3	5.18	399.0
57.96	0.18	fixation	n/a	314.4	196.7	1219.0	n/a	n/a	n/a	n/a
58.142	0.034	saccade	n/a	315.2	196.8	n/a	382.9	196.7	2.71	314.0
58.178	0.134	fixation	n/a	394.3	195.4	1233.0	n/a	n/a	n/a	n/a
58.314	0.036	saccade	n/a	395.3	195.4	n/a	469.6	198.6	2.99	304.0
58.352	0.146	fixation	n/a	480.3	199.9	1184.0	n/a	n/a	n/a	n/a
58.5	0.026	saccade	n/a	482.6	201.7	n/a	568.1	205.6	3.41	261.0
58.528	0.734	fixation	n/a	558.5	203.3	1114.0	n/a	n/a	n/a	n/a
58.924	0.0	trigger_11	11	n/a	n/a	n/a	n/a	n/a	n/a	n/a
58.942	0.0	trigger_10	10	n/a	n/a	n/a	n/a	n/a	n/a	n/a
59.264	0.034	saccade	n/a	553.8	202.8	n/a	589.4	211.3	1.45	219.0
59.3	0.086	fixation	n/a	599.1	211.7	1177.0	n/a	n/a	n/a	n/a
59.388	0.07	saccade	n/a	600.5	221.7	n/a	525.0	541.7	12.7	277.0
59.46	0.234	fixation	n/a	525.6	546.2	1226.0	n/a	n/a	n/a	n/a
59.696	0.048	saccade	n/a	527.7	546.5	n/a	412.9	530.0	4.45	450.0
59.746	0.22	fixation	n/a	413.7	528.7	1135.0	n/a	n/a	n/a	n/a
59.968	0.034	saccade	n/a	415.1	527.1	n/a	469.1	534.5	2.1	272.0
60.004	0.34	fixation	n/a	483.3	535.4	1013.0	n/a	n/a	n/a	n/a
60.346	0.038	saccade	n/a	483.6	536.2	n/a	260.2	524.8	8.59	449.0
60.386	0.27	fixation	n/a	258.2	531.4	1122.0	n/a	n/a	n/a	n/a
60.658	0.044	saccade	n/a	257.2	534.4	n/a	351.3	532.9	3.61	278.0
60.704	0.126	fixation	n/a	360.8	532.6	1179.0	n/a	n/a	n/a	n/a
60.832	0.044	saccade	n/a	361.2	532.5	n/a	479.5	540.7	4.57	344.0
60.878	0.32	fixation	n/a	495.9	542.7	1170.0	n/a	n/a	n/a	n/a
61.2	0.632	saccade	n/a	497.0	542.8	n/a	143.5	56.6	23.23	878.0
61.23	0.55	blink	n/a	n/a	n/a	n/a	n/a	n/a	n/a	n/a
61.834	0.248	fixation	n/a	152.1	78.2	1246.0	n/a	n/a	n/a	n/a
62.084	0.038	saccade	n/a	155.0	82.4	n/a	254.5	85.6	3.93	394.0
62.124	0.096	fixation	n/a	264.3	81.6	1210.0	n/a	n/a	n/a	n/a
62.222	0.358	saccade	n/a	265.0	84.9	n/a	110.6	56.5	6.17	1174.0
62.244	0.276	blink	n/a	n/a	n/a	n/a	n/a	n/a	n/a	n/a
62.582	0.102	fixation	n/a	112.7	72.5	1079.0	n/a	n/a	n/a	n/a
62.686	0.042	saccade	n/a	111.9	73.7	n/a	209.8	76.6	3.83	401.0
62.73	0.16	fixation	n/a	223.8	80.0	1155.0	n/a	n/a	n/a	n/a
62.892	0.046	saccade	n/a	221.5	79.3	n/a	358.7	74.1	5.49	442.0
62.94	0.15	fixation	n/a	373.9	72.1	1231.0	n/a	n/a	n/a	n/a
63.092	0.03	saccade	n/a	371.1	74.6	n/a	342.8	74.1	1.14	178.0
63.124	0.102	fixation	n/a	333.2	78.7	1270.0	n/a	n/a	n/a	n/a
63.228	0.04	saccade	n/a	332.0	80.9	n/a	418.2	75.0	3.48	348.0
63.27	0.122	fixation	n/a	432.4	74.4	1214.0	n/a	n/a	n/a	n/a
63.394	0.032	saccade	n/a	432.0	74.0	n/a	504.4	76.1	2.91	281.0
63.428	0.206	fixation	n/a	506.8	71.5	1135.0	n/a	n/a	n/a	n/a
63.636	0.03	saccade	n/a	506.9	72.6	n/a	544.2	80.2	1.52	182.0
63.668	0.208	fixation	n/a	549.6	79.4	1122.0	n/a	n/a	n/a	n/a
63.878	0.058	saccade	n/a	551.4	81.6	n/a	144.9	146.8	16.25	552.0
63.938	0.248	fixation	n/a	138.9	147.2	1272.0	n/a	n/a	n/a	n/a
64.188	0.038	saccade	n/a	138.6	147.7	n/a	231.6	147.5	3.65	348.0
64.228	0.24	fixation	n/a	246.3	143.7	1321.0	n/a	n/a	n/a	n/a
64.47	0.034	saccade	n/a	247.9	144.6	n/a	298.7	145.5	2.03	266.0
64.506	0.268	fixation	n/a	307.6	144.4	1293.0	n/a	n/a	n/a	n/a
64.776	0.034	saccade	n/a	306.5	148.5	n/a	363.6	148.1	2.3	267.0
64.812	0.228	fixation	n/a	372.4	146.4	1219.0	n/a	n/a	n/a	n/a
65.042	0.038	saccade	n/a	373.8	146.1	n/a	451.5	149.6	3.13	307.0
65.082	0.168	fixation	n/a	464.7	148.5	1119.0	n/a	n/a	n/a	n/a
65.252	0.054	saccade	n/a	465.2	148.1	n/a	310.2	144.3	6.23	430.0
65.308	0.36	fixation	n/a	309.8	147.0	1120.0	n/a	n/a	n/a	n/a
65.67	0.024	saccade	n/a	309.7	148.0	n/a	374.5	146.1	2.61	217.0
65.696	0.292	fixation	n/a	364.2	148.4	1145.0	n/a	n/a	n/a	n/a
65.99	0.026	saccade	n/a	363.6	149.3	n/a	476.4	148.3	4.54	321.0
66.018	0.144	fixation	n/a	474.1	152.3	1035.0	n/a	n/a	n/a	n/a
66.164	0.028	saccade	n/a	475.9	151.9	n/a	446.5	146.5	1.2	149.0
66.194	0.086	fixation	n/a	442.9	147.5	999.0	n/a	n/a	n/a	n/a
66.282	0.026	saccade	n/a	441.7	146.7	n/a	533.1	150.5	3.67	264.0
66.31	0.26	fixation	n/a	523.7	150.1	968.0	n/a	n/a	n/a	n/a
66.572	0.02	saccade	n/a	525.1	149.9	n/a	553.7	157.0	1.18	111.0
66.594	0.062	fixation	n/a	546.8	156.3	1000.0	n/a	n/a	n/a	n/a
66.658	0.056	saccade	n/a	548.3	157.3	n/a	134.3	190.5	16.35	571.0
66.716	0.146	fixation	n/a	134.3	218.5	1123.0	n/a	n/a	n/a	n/a
66.864	0.2	saccade	n/a	142.9	225.2	n/a	161.4	224.6	0.72	916.0
66.89	0.116	blink	n/a	n/a	n/a	n/a	n/a	n/a	n/a	n/a
67.066	0.164	fixation	n/a	167.1	199.3	1169.0	n/a	n/a	n/a	n/a
67.232	0.036	saccade	n/a	168.2	197.2	n/a	117.7	203.2	1.98	320.0
67.27	0.132	fixation	n/a	96.7	208.6	1209.0	n/a	n/a	n/a	n/a
67.404	0.036	saccade	n/a	94.9	211.7	n/a	175.8	209.7	3.14	325.0
67.442	0.154	fixation	n/a	191.1	206.6	1125.0	n/a	n/a	n/a	n/a
67.598	0.028	saccade	n/a	193.2	207.8	n/a	285.6	206.3	3.67	256.0
67.628	0.254	fixation	n/a	281.0	208.4	1063.0	n/a	n/a	n/a	n/a
67.884	0.044	saccade	n/a	285.1	210.6	n/a	405.2	206.9	4.82	361.0
67.93	0.226	fixation	n/a	419.6	205.8	965.0	n/a	n/a	n/a	n/a
68.158	0.032	saccade	n/a	422.3	206.6	n/a	470.6	206.1	1.94	230.0
68.192	0.18	fixation	n/a	479.3	205.2	901.0	n/a	n/a	n/a	n/a
68.374	0.026	saccade	n/a	480.6	206.4	n/a	567.7	200.5	3.48	250.0
68.402	0.184	fixation	n/a	558.4	202.4	862.0	n/a	n/a	n/a	n/a
68.588	0.022	saccade	n/a	561.2	202.0	n/a	623.1	200.6	2.44	192.0
68.612	0.114	fixation	n/a	615.6	205.1	844.0	n/a	n/a	n/a	n/a
68.728	0.072	saccade	n/a	618.3	204.0	n/a	158.0	266.8	18.16	549.0
68.802	0.272	fixation	n/a	141.6	270.3	977.0	n/a	n/a	n/a	n/a
69.022	0.0	trigger_11	11	n/a	n/a	n/a	n/a	n/a	n/a	n/a
69.036	0.0	trigger_10	10	n/a	n/a	n/a	n/a	n/a	n/a	n/a
69.076	0.032	saccade	n/a	138.2	269.6	n/a	208.1	261.9	2.75	274.0
69.11	0.172	fixation	n/a	211.5	257.9	1054.0	n/a	n/a	n/a	n/a
69.284	0.032	saccade	n/a	212.5	258.1	n/a	268.7	258.6	2.22	247.0
69.318	0.228	fixation	n/a	277.2	256.5	1044.0	n/a	n/a	n/a	n/a
69.548	0.036	saccade	n/a	277.6	258.1	n/a	333.9	259.4	2.25	258.0
69.586	0.206	fixation	n/a	344.3	257.9	973.0	n/a	n/a	n/a	n/a
69.794	0.024	saccade	n/a	347.6	259.9	n/a	429.5	254.0	3.28	268.0
69.82	0.186	fixation	n/a	421.5	255.5	908.0	n/a	n/a	n/a	n/a
70.008	0.026	saccade	n/a	422.6	257.2	n/a	515.3	259.3	3.7	288.0
70.036	0.152	fixation	n/a	508.0	259.4	895.0	n/a	n/a	n/a	n/a
70.19	0.032	saccade	n/a	509.4	259.1	n/a	553.9	260.8	1.77	221.0
70.224	0.142	fixation	n/a	561.0	259.1	920.0	n/a	n/a	n/a	n/a
70.368	0.034	saccade	n/a	560.7	259.5	n/a	501.9	256.2	2.34	276.0
70.404	0.092	fixation	n/a	490.6	257.9	932.0	n/a	n/a	n/a	n/a
70.498	0.036	saccade	n/a	489.5	255.4	n/a	565.9	267.6	3.07	280.0
70.536	0.1	fixation	n/a	572.3	264.5	928.0	n/a	n/a	n/a	n/a
70.638	0.064	saccade	n/a	572.7	263.9	n/a	193.4	344.9	15.22	587.0
70.704	0.126	fixation	n/a	176.3	352.2	1058.0	n/a	n/a	n/a	n/a
70.832	0.04	saccade	n/a	174.0	352.5	n/a	250.9	333.0	3.1	340.0
70.874	0.35	fixation	n/a	264.9	329.2	1078.0	n/a	n/a	n/a	n/a
71.226	0.048	saccade	n/a	266.8	329.8	n/a	184.7	121.5	8.95	406.0
71.276	0.048	fixation	n/a	185.4	115.9	1036.0	n/a	n/a	n/a	n/a
71.326	0.028	saccade	n/a	184.1	109.4	n/a	159.7	47.0	2.7	210.0
71.356	0.142	fixation	n/a	161.1	52.1	983.0	n/a	n/a	n/a	n/a
71.5	0.022	saccade	n/a	160.1	51.7	n/a	120.0	70.6	1.74	150.0
71.524	0.116	fixation	n/a	129.8	68.2	961.0	n/a	n/a	n/a	n/a
71.642	0.038	saccade	n/a	129.1	69.6	n/a	243.7	70.7	4.51	358.0
71.682	0.178	fixation	n/a	254.6	71.5	1013.0	n/a	n/a	n/a	n/a
71.862	0.01	saccade	n/a	253.6	78.3	n/a	236.9	78.2	0.67	71.0
71.874	0.096	fixation	n/a	242.8	77.3	1099.0	n/a	n/a	n/a	n/a
71.972	0.03	saccade	n/a	243.1	78.4	n/a	309.0	79.8	2.64	250.0
72.004	0.134	fixation	n/a	313.2	75.1	1114.0	n/a	n/a	n/a	n/a
72.14	0.036	saccade	n/a	312.6	73.7	n/a	377.5	75.1	2.61	278.0
72.178	0.22	fixation	n/a	386.4	70.7	1101.0	n/a	n/a	n/a	n/a
72.4	0.038	saccade	n/a	386.5	70.1	n/a	470.6	73.6	3.39	316.0
72.44	0.184	fixation	n/a	480.3	76.6	1090.0	n/a	n/a	n/a	n/a
72.626	0.032	saccade	n/a	480.8	78.7	n/a	526.4	82.0	1.83	207.0
72.66	0.064	fixation	n/a	528.9	77.6	1055.0	n/a	n/a	n/a	n/a
72.726	0.06	saccade	n/a	532.0	77.8	n/a	208.2	124.1	13.01	568.0
72.788	0.134	fixation	n/a	188.4	127.6	1143.0	n/a	n/a	n/a	n/a
72.924	0.034	saccade	n/a	187.1	128.5	n/a	148.8	134.1	1.52	270.0
72.96	0.216	fixation	n/a	133.5	141.6	1200.0	n/a	n/a	n/a	n/a
73.178	0.036	saccade	n/a	132.4	141.5	n/a	192.1	142.8	2.34	250.0
73.216	0.142	fixation	n/a	200.1	140.4	1255.0	n/a	n/a	n/a	n/a
73.36	0.04	saccade	n/a	200.3	142.1	n/a	294.6	142.7	3.75	361.0
73.402	0.192	fixation	n/a	310.7	141.0	1247.0	n/a	n/a	n/a	n/a
73.596	0.022	saccade	n/a	308.1	142.8	n/a	276.3	139.3	1.28	127.0
73.62	0.254	fixation	n/a	282.4	141.4	1304.0	n/a	n/a	n/a	n/a
73.876	0.022	saccade	n/a	284.0	142.6	n/a	326.1	141.3	1.69	172.0
73.9	0.236	fixation	n/a	317.4	140.4	1312.0	n/a	n/a	n/a	n/a
74.014	0.0	trigger_11	11	n/a	n/a	n/a	n/a	n/a	n/a	n/a
74.028	0.0	trigger_10	10	n/a	n/a	n/a	n/a	n/a	n/a	n/a
74.138	0.032	saccade	n/a	316.0	140.0	n/a	352.0	142.5	1.45	194.0
74.172	0.094	fixation	n/a	357.4	140.2	1272.0	n/a	n/a	n/a	n/a
74.268	0.13	saccade	n/a	358.5	145.9	n/a	345.7	152.4	0.58	990.0
74.292	0.064	blink	n/a	n/a	n/a	n/a	n/a	n/a	n/a	n/a
74.4	0.138	fixation	n/a	344.6	141.3	1278.0	n/a	n/a	n/a	n/a
74.54	0.044	saccade	n/a	344.0	139.8	n/a	456.4	151.5	4.54	342.0
74.586	0.216	fixation	n/a	471.6	154.9	1190.0	n/a	n/a	n/a	n/a
74.804	0.04	saccade	n/a	473.5	156.3	n/a	556.7	158.8	3.33	284.0
74.846	0.364	fixation	n/a	571.9	155.8	1027.0	n/a	n/a	n/a	n/a
75.212	0.07	saccade	n/a	571.0	155.5	n/a	123.6	209.0	17.68	579.0
75.284	0.372	fixation	n/a	104.9	214.5	1282.0	n/a	n/a	n/a	n/a
75.658	0.036	saccade	n/a	103.1	212.5	n/a	163.7	211.6	2.35	292.0
75.696	0.242	fixation	n/a	177.0	211.9	1326.0	n/a	n/a	n/a	n/a
75.94	0.046	saccade	n/a	177.7	211.3	n/a	222.3	99.7	4.84	290.0
75.988	0.254	fixation	n/a	230.8	97.0	1290.0	n/a	n/a	n/a	n/a
76.244	0.042	saccade	n/a	232.1	97.6	n/a	163.1	85.3	2.77	288.0
76.288	0.27	fixation	n/a	147.0	87.7	1285.0	n/a	n/a	n/a	n/a
76.56	0.032	saccade	n/a	144.7	88.8	n/a	214.8	91.9	2.76	289.0
76.594	0.136	fixation	n/a	222.7	88.4	1316.0	n/a	n/a	n/a	n/a
76.732	0.03	saccade	n/a	224.5	88.1	n/a	343.6	80.6	4.76	320.0
76.764	0.258	fixation	n/a	337.8	81.0	1275.0	n/a	n/a	n/a	n/a
77.024	0.032	saccade	n/a	339.0	83.6	n/a	382.3	83.5	1.74	209.0
77.058	0.18	fixation	n/a	388.2	82.4	1267.0	n/a	n/a	n/a	n/a
77.24	0.024	saccade	n/a	388.7	81.7	n/a	472.2	81.6	3.36	264.0
77.266	0.15	fixation	n/a	461.6	81.9	1211.0	n/a	n/a	n/a	n/a
77.418	0.036	saccade	n/a	463.4	81.2	n/a	523.6	84.1	2.42	247.0
77.456	0.204	fixation	n/a	533.6	79.3	1125.0	n/a	n/a	n/a	n/a
77.662	0.03	saccade	n/a	535.9	79.9	n/a	568.9	95.4	1.46	185.0
77.694	0.082	fixation	n/a	573.3	91.5	1111.0	n/a	n/a	n/a	n/a
77.778	0.068	saccade	n/a	574.1	92.3	n/a	154.9	145.1	16.64	556.0
77.848	0.288	fixation	n/a	139.1	151.9	1301.0	n/a	n/a	n/a	n/a
78.138	0.03	saccade	n/a	138.1	152.9	n/a	253.9	146.4	4.57	332.0
78.17	0.28	fixation	n/a	247.5	144.2	1296.0	n/a	n/a	n/a	n/a
78.452	0.024	saccade	n/a	249.9	146.1	n/a	319.9	143.8	2.8	224.0
78.478	0.234	fixation	n/a	311.3	144.2	1269.0	n/a	n/a	n/a	n/a
78.714	0.02	saccade	n/a	316.2	143.8	n/a	343.1	142.5	1.08	128.0
78.736	0.114	fixation	n/a	338.4	141.7	1228.0	n/a	n/a	n/a	n/a
78.852	0.034	saccade	n/a	339.4	140.4	n/a	286.5	138.4	2.12	280.0
78.888	0.138	fixation	n/a	272.8	142.9	1219.0	n/a	n/a	n/a	n/a
79.028	0.038	saccade	n/a	271.5	141.7	n/a	342.8	142.7	2.86	302.0
79.068	0.192	fixation	n/a	356.2	139.1	1194.0	n/a	n/a	n/a	n/a
79.078	0.0	trigger_11	11	n/a	n/a	n/a	n/a	n/a	n/a	n/a
79.092	0.0	trigger_12	12	n/a	n/a	n/a	n/a	n/a	n/a	n/a
79.262	0.038	saccade	n/a	359.0	139.2	n/a	430.3	137.5	2.88	282.0
79.302	0.334	fixation	n/a	444.1	135.9	1132.0	n/a	n/a	n/a	n/a
79.638	0.024	saccade	n/a	446.8	134.9	n/a	517.1	137.4	2.83	222.0
79.664	0.166	fixation	n/a	509.2	139.0	1077.0	n/a	n/a	n/a	n/a
79.832	0.024	saccade	n/a	511.9	139.0	n/a	593.5	140.9	3.25	259.0
79.858	0.236	fixation	n/a	583.2	142.4	1063.0	n/a	n/a	n/a	n/a
80.096	0.036	saccade	n/a	582.9	143.6	n/a	541.0	138.3	1.68	258.0
80.134	0.068	fixation	n/a	526.0	140.3	1091.0	n/a	n/a	n/a	n/a
80.204	0.054	saccade	n/a	523.8	140.3	n/a	141.8	200.6	15.26	551.0
80.26	0.376	fixation	n/a	136.2	204.9	1203.0	n/a	n/a	n/a	n/a
80.638	0.036	saccade	n/a	133.3	204.8	n/a	186.3	207.2	2.08	262.0
80.676	0.21	fixation	n/a	195.6	203.3	1216.0	n/a	n/a	n/a	n/a
80.888	0.024	saccade	n/a	196.7	202.0	n/a	159.0	121.1	3.58	252.0
80.914	0.372	fixation	n/a	176.1	119.5	1184.0	n/a	n/a	n/a	n/a
81.07	0.0	trigger_13	13	n/a	n/a	n/a	n/a	n/a	n/a	n/a
81.086	0.0	trigger_10	10	n/a	n/a	n/a	n/a	n/a	n/a	n/a
81.288	0.028	saccade	n/a	179.3	117.8	n/a	138.5	70.8	2.48	208.0
81.318	0.132	fixation	n/a	141.0	79.9	1165.0	n/a	n/a	n/a	n/a
81.452	0.028	saccade	n/a	139.4	79.0	n/a	258.1	79.3	4.68	320.0
81.482	0.35	fixation	n/a	252.6	81.3	1158.0	n/a	n/a	n/a	n/a
81.834	0.034	saccade	n/a	251.7	84.2	n/a	330.5	80.3	3.16	271.0
81.87	0.104	fixation	n/a	335.3	73.4	1187.0	n/a	n/a	n/a	n/a
81.976	0.046	saccade	n/a	336.5	73.0	n/a	228.3	74.9	4.32	390.0
82.024	0.148	fixation	n/a	215.6	77.6	1248.0	n/a	n/a	n/a	n/a
82.174	0.046	saccade	n/a	214.8	76.8	n/a	339.4	69.5	4.98	339.0
82.222	0.236	fixation	n/a	353.7	66.8	1258.0	n/a	n/a	n/a	n/a
82.46	0.028	saccade	n/a	354.7	68.8	n/a	475.0	71.3	4.83	300.0
82.49	0.236	fixation	n/a	472.3	70.7	1228.0	n/a	n/a	n/a	n/a
82.728	0.032	saccade	n/a	474.8	69.5	n/a	520.2	72.8	1.82	218.0
82.762	0.266	fixation	n/a	526.3	72.2	1165.0	n/a	n/a	n/a	n/a
83.03	0.03	saccade	n/a	527.4	74.5	n/a	357.4	69.6	6.83	421.0
83.062	0.228	fixation	n/a	341.7	82.9	1210.0	n/a	n/a	n/a	n/a
83.292	0.052	saccade	n/a	339.3	82.8	n/a	144.5	80.8	7.72	467.0
83.346	0.222	fixation	n/a	122.8	87.6	1296.0	n/a	n/a	n/a	n/a
83.57	0.014	saccade	n/a	118.8	88.1	n/a	92.5	83.3	1.03	93.0
83.586	0.152	fixation	n/a	100.2	85.5	1304.0	n/a	n/a	n/a	n/a
83.74	0.032	saccade	n/a	100.4	86.2	n/a	143.3	88.3	1.67	214.0
83.774	0.21	fixation	n/a	150.7	86.0	1304.0	n/a	n/a	n/a	n/a
83.986	0.026	saccade	n/a	149.9	88.0	n/a	220.2	90.4	2.77	230.0
84.014	0.288	fixation	n/a	213.6	92.7	1305.0	n/a	n/a	n/a	n/a
84.304	0.022	saccade	n/a	214.7	95.2	n/a	268.4	91.0	2.15	196.0
84.328	0.232	fixation	n/a	259.1	94.1	1275.0	n/a	n/a	n/a	n/a
84.562	0.018	saccade	n/a	261.3	93.9	n/a	298.5	88.9	1.5	133.0
84.582	0.134	fixation	n/a	288.5	89.2	1255.0	n/a	n/a	n/a	n/a
84.718	0.026	saccade	n/a	288.7	86.5	n/a	379.5	81.1	3.65	274.0
84.746	0.246	fixation	n/a	373.9	80.4	1194.0	n/a	n/a	n/a	n/a
84.994	0.022	saccade	n/a	377.7	79.3	n/a	440.7	82.2	2.54	196.0
85.018	0.2	fixation	n/a	428.7	83.9	1147.0	n/a	n/a	n/a	n/a
85.22	0.018	saccade	n/a	431.9	84.6	n/a	473.5	81.1	1.68	144.0
85.24	0.208	fixation	n/a	463.8	83.7	1084.0	n/a	n/a	n/a	n/a
85.45	0.026	saccade	n/a	464.6	82.5	n/a	556.8	86.0	3.69	238.0
85.478	0.262	fixation	n/a	550.5	83.8	1014.0	n/a	n/a	n/a	n/a
85.742	0.026	saccade	n/a	552.6	81.1	n/a	613.1	85.4	2.4	218.0
85.77	0.114	fixation	n/a	606.5	81.6	964.0	n/a	n/a	n/a	n/a
85.886	0.066	saccade	n/a	607.3	81.0	n/a	130.5	135.3	18.79	524.0
85.954	0.16	fixation	n/a	127.6	137.7	1119.0	n/a	n/a	n/a	n/a
86.116	0.02	saccade	n/a	125.1	138.3	n/a	95.6	150.9	1.25	125.0
86.138	0.15	fixation	n/a	102.5	148.5	1143.0	n/a	n/a	n/a	n/a
86.29	0.036	saccade	n/a	102.1	149.5	n/a	161.9	152.9	2.33	270.0
86.328	0.182	fixation	n/a	171.8	148.3	1148.0	n/a	n/a	n/a	n/a
86.512	0.024	saccade	n/a	171.9	146.9	n/a	250.5	145.5	3.11	251.0
86.538	0.266	fixation	n/a	237.7	146.2	1115.0	n/a	n/a	n/a	n/a
86.806	0.024	saccade	n/a	237.8	146.8	n/a	327.9	140.7	3.61	269.0
86.832	0.232	fixation	n/a	318.4	140.9	1070.0	n/a	n/a	n/a	n/a
87.066	0.018	saccade	n/a	321.7	139.8	n/a	371.4	135.5	2.01	164.0
87.086	0.092	fixation	n/a	360.9	139.5	1030.0	n/a	n/a	n/a	n/a
87.18	0.036	saccade	n/a	363.0	138.7	n/a	442.7	144.5	3.22	276.0
87.218	0.206	fixation	n/a	450.7	139.5	957.0	n/a	n/a	n/a	n/a
87.426	0.038	saccade	n/a	454.3	135.2	n/a	533.0	137.8	3.16	269.0
87.466	0.138	fixation	n/a	545.5	134.1	878.0	n/a	n/a	n/a	n/a
87.606	0.058	saccade	n/a	545.7	133.5	n/a	148.6	199.0	15.89	520.0
87.666	0.194	fixation	n/a	141.5	198.7	950.0	n/a	n/a	n/a	n/a
87.862	0.02	saccade	n/a	136.5	197.0	n/a	111.4	198.5	0.97	106.0
87.884	0.094	fixation	n/a	115.5	200.2	970.0	n/a	n/a	n/a	n/a
87.98	0.034	saccade	n/a	114.0	202.8	n/a	210.8	200.7	3.78	307.0
88.016	0.224	fixation	n/a	216.1	197.2	1011.0	n/a	n/a	n/a	n/a
88.022	0.0	trigger_11	11	n/a	n/a	n/a	n/a	n/a	n/a	n/a
88.034	0.0	trigger_10	10	n/a	n/a	n/a	n/a	n/a	n/a	n/a
88.242	0.044	saccade	n/a	216.4	198.3	n/a	339.2	199.4	4.89	328.0
88.288	0.264	fixation	n/a	355.4	200.0	974.0	n/a	n/a	n/a	n/a
88.554	0.032	saccade	n/a	360.7	202.6	n/a	413.4	199.4	2.12	232.0
88.588	0.218	fixation	n/a	422.8	198.9	887.0	n/a	n/a	n/a	n/a
88.808	0.022	saccade	n/a	426.1	200.1	n/a	487.5	198.4	2.46	194.0
88.832	0.112	fixation	n/a	478.8	199.6	846.0	n/a	n/a	n/a	n/a
88.946	0.028	saccade	n/a	480.0	200.3	n/a	564.0	205.6	3.35	278.0
88.976	0.122	fixation	n/a	559.5	203.5	817.0	n/a	n/a	n/a	n/a
89.1	0.068	saccade	n/a	561.5	203.3	n/a	164.7	254.5	15.76	547.0
89.17	0.262	fixation	n/a	145.1	262.5	959.0	n/a	n/a	n/a	n/a
89.434	0.038	saccade	n/a	144.8	262.9	n/a	215.8	263.0	2.77	310.0
89.474	0.244	fixation	n/a	228.6	260.0	1070.0	n/a	n/a	n/a	n/a
89.622	0.0	trigger_11	11	n/a	n/a	n/a	n/a	n/a	n/a	n/a
89.638	0.0	trigger_10	10	n/a	n/a	n/a	n/a	n/a	n/a	n/a
89.72	0.032	saccade	n/a	230.0	260.1	n/a	290.3	257.8	2.39	271.0
89.754	0.116	fixation	n/a	294.8	253.1	1106.0	n/a	n/a	n/a	n/a
89.872	0.076	saccade	n/a	296.2	253.6	n/a	269.1	106.8	6.04	251.0
89.95	0.286	fixation	n/a	266.3	87.3	1036.0	n/a	n/a	n/a	n/a
90.238	0.044	saccade	n/a	262.2	84.0	n/a	147.7	76.2	4.54	384.0
90.284	0.272	fixation	n/a	129.0	80.3	1077.0	n/a	n/a	n/a	n/a
90.558	0.026	saccade	n/a	129.2	82.9	n/a	238.3	82.8	4.3	312.0
90.586	0.19	fixation	n/a	231.1	82.4	1126.0	n/a	n/a	n/a	n/a
90.778	0.028	saccade	n/a	232.7	81.4	n/a	346.8	78.3	4.56	316.0
90.808	0.232	fixation	n/a	337.0	80.7	1112.0	n/a	n/a	n/a	n/a
91.042	0.034	saccade	n/a	338.6	83.5	n/a	396.6	77.3	2.35	261.0
91.078	0.11	fixation	n/a	401.4	73.4	1090.0	n/a	n/a	n/a	n/a
91.19	0.032	saccade	n/a	401.7	74.3	n/a	507.5	82.8	4.26	327.0
91.224	0.28	fixation	n/a	505.0	78.1	1037.0	n/a	n/a	n/a	n/a
91.506	0.05	saccade	n/a	507.5	77.1	n/a	168.7	75.0	13.42	540.0
91.558	0.338	fixation	n/a	164.5	80.2	1105.0	n/a	n/a	n/a	n/a
91.898	0.016	saccade	n/a	160.2	82.0	n/a	143.0	73.2	0.76	77.0
91.916	0.142	fixation	n/a	150.2	76.8	1176.0	n/a	n/a	n/a	n/a
92.06	0.028	saccade	n/a	152.9	79.8	n/a	274.4	73.0	4.81	343.0
92.09	0.268	fixation	n/a	275.8	78.2	1174.0	n/a	n/a	n/a	n/a
92.112	0.0	trigger_11	11	n/a	n/a	n/a	n/a	n/a	n/a	n/a
92.124	0.0	trigger_10	10	n/a	n/a	n/a	n/a	n/a	n/a	n/a
92.36	0.024	saccade	n/a	276.3	80.2	n/a	355.0	75.5	3.17	242.0
92.386	0.248	fixation	n/a	342.0	77.2	1145.0	n/a	n/a	n/a	n/a
92.636	0.024	saccade	n/a	340.6	78.1	n/a	405.6	77.1	2.62	209.0
92.662	0.194	fixation	n/a	393.8	78.8	1153.0	n/a	n/a	n/a	n/a
92.858	0.038	saccade	n/a	393.7	81.0	n/a	478.7	81.8	3.42	278.0
92.898	0.168	fixation	n/a	488.1	80.8	1137.0	n/a	n/a	n/a	n/a
93.068	0.028	saccade	n/a	490.2	80.9	n/a	597.8	84.8	4.29	291.0
93.098	0.172	fixation	n/a	591.7	85.1	1093.0	n/a	n/a	n/a	n/a
93.272	0.074	saccade	n/a	594.4	82.7	n/a	138.6	142.1	18.03	564.0
93.348	0.224	fixation	n/a	124.4	147.0	1187.0	n/a	n/a	n/a	n/a
93.574	0.036	saccade	n/a	124.4	148.5	n/a	200.5	148.6	2.98	291.0
93.612	0.194	fixation	n/a	210.4	147.4	1197.0	n/a	n/a	n/a	n/a
93.808	0.034	saccade	n/a	212.9	148.8	n/a	286.1	151.3	2.91	273.0
93.844	0.12	fixation	n/a	290.3	146.9	1188.0	n/a	n/a	n/a	n/a
93.966	0.03	saccade	n/a	291.2	145.4	n/a	220.1	84.7	3.76	278.0
93.998	0.326	fixation	n/a	226.5	79.9	1111.0	n/a	n/a	n/a	n/a
94.326	0.042	saccade	n/a	225.9	74.5	n/a	138.1	76.2	3.45	336.0
94.37	0.19	fixation	n/a	122.5	77.2	1111.0	n/a	n/a	n/a	n/a
94.562	0.032	saccade	n/a	122.7	78.1	n/a	175.1	84.5	2.06	232.0
94.596	0.15	fixation	n/a	177.5	80.5	1153.0	n/a	n/a	n/a	n/a
94.748	0.03	saccade	n/a	178.4	80.9	n/a	304.9	79.9	5.03	318.0
94.78	0.118	fixation	n/a	297.4	81.2	1145.0	n/a	n/a	n/a	n/a
94.9	0.04	saccade	n/a	299.9	81.5	n/a	401.3	78.9	4.08	365.0
94.942	0.256	fixation	n/a	417.4	75.8	1110.0	n/a	n/a	n/a	n/a
95.2	0.024	saccade	n/a	421.8	75.2	n/a	495.8	81.8	2.99	228.0
95.226	0.114	fixation	n/a	481.4	79.5	1052.0	n/a	n/a	n/a	n/a
95.342	0.024	saccade	n/a	480.9	77.9	n/a	567.1	75.7	3.44	243.0
95.368	0.19	fixation	n/a	560.1	80.0	996.0	n/a	n/a	n/a	n/a
95.56	0.074	saccade	n/a	563.3	80.6	n/a	137.6	137.7	16.89	564.0
95.636	0.206	fixation	n/a	121.1	144.2	1093.0	n/a	n/a	n/a	n/a
95.844	0.034	saccade	n/a	120.2	145.3	n/a	184.2	147.0	2.5	271.0
95.88	0.144	fixation	n/a	192.9	142.8	1133.0	n/a	n/a	n/a	n/a
96.026	0.026	saccade	n/a	193.3	141.6	n/a	311.4	138.7	4.71	330.0
96.054	0.236	fixation	n/a	301.9	139.7	1148.0	n/a	n/a	n/a	n/a
96.292	0.028	saccade	n/a	302.6	140.0	n/a	358.5	140.5	2.25	220.0
96.322	0.232	fixation	n/a	356.2	141.0	1068.0	n/a	n/a	n/a	n/a
96.556	0.032	saccade	n/a	356.5	142.3	n/a	421.0	142.9	2.6	242.0
96.59	0.16	fixation	n/a	426.1	139.2	997.0	n/a	n/a	n/a	n/a
96.752	0.036	saccade	n/a	428.4	138.5	n/a	517.9	141.8	3.6	274.0
96.79	0.178	fixation	n/a	525.5	134.4	946.0	n/a	n/a	n/a	n/a
96.97	0.026	saccade	n/a	527.6	134.9	n/a	583.5	142.1	2.25	191.0
96.998	0.066	fixation	n/a	575.4	139.2	917.0	n/a	n/a	n/a	n/a
97.066	0.068	saccade	n/a	579.1	138.2	n/a	156.7	196.8	16.8	566.0
97.136	0.166	fixation	n/a	140.7	202.5	990.0	n/a	n/a	n/a	n/a
97.304	0.036	saccade	n/a	140.4	203.2	n/a	220.0	204.5	3.12	296.0
97.342	0.246	fixation	n/a	228.1	201.3	982.0	n/a	n/a	n/a	n/a
97.59	0.026	saccade	n/a	226.4	204.2	n/a	315.4	198.0	3.55	258.0
97.618	0.122	fixation	n/a	304.9	200.3	967.0	n/a	n/a	n/a	n/a
97.742	0.03	saccade	n/a	307.6	200.5	n/a	281.7	200.9	1.04	184.0
97.774	0.294	fixation	n/a	272.5	204.2	947.0	n/a	n/a	n/a	n/a
98.07	0.032	saccade	n/a	272.7	205.1	n/a	326.0	203.0	2.13	243.0
98.104	0.148	fixation	n/a	332.6	201.0	901.0	n/a	n/a	n/a	n/a
98.254	0.032	saccade	n/a	333.8	199.4	n/a	458.1	199.8	4.99	298.0
98.288	0.234	fixation	n/a	457.5	195.8	870.0	n/a	n/a	n/a	n/a
98.524	0.022	saccade	n/a	460.5	195.7	n/a	523.9	194.5	2.54	197.0
98.548	0.126	fixation	n/a	510.9	194.8	855.0	n/a	n/a	n/a	n/a
98.676	0.026	saccade	n/a	513.5	193.6	n/a	598.4	196.1	3.37	223.0
98.704	0.252	fixation	n/a	594.0	194.2	816.0	n/a	n/a	n/a	n/a
98.958	0.022	saccade	n/a	594.4	194.9	n/a	652.8	194.7	2.29	171.0
98.982	0.216	fixation	n/a	643.4	194.5	765.0	n/a	n/a	n/a	n/a
99.2	0.072	saccade	n/a	643.6	194.7	n/a	135.7	244.8	19.86	524.0
99.274	0.224	fixation	n/a	128.1	275.9	850.0	n/a	n/a	n/a	n/a
99.5	0.028	saccade	n/a	127.5	277.9	n/a	221.7	253.0	3.81	253.0
99.53	0.306	fixation	n/a	214.3	257.8	870.0	n/a	n/a	n/a	n/a
99.838	0.034	saccade	n/a	214.0	258.0	n/a	290.0	258.6	3.01	306.0
99.874	0.204	fixation	n/a	298.1	255.1	850.0	n/a	n/a	n/a	n/a
100.08	0.022	saccade	n/a	300.4	254.7	n/a	352.2	256.4	2.07	166.0
100.104	0.168	fixation	n/a	343.4	257.0	827.0	n/a	n/a	n/a	n/a
100.274	0.04	saccade	n/a	344.3	256.2	n/a	440.6	256.1	3.85	283.0
100.316	0.144	fixation	n/a	450.5	252.5	794.0	n/a	n/a	n/a	n/a
100.462	0.026	saccade	n/a	452.5	251.5	n/a	564.6	254.0	4.46	302.0
100.49	0.228	fixation	n/a	561.9	254.4	769.0	n/a	n/a	n/a	n/a
100.72	0.058	saccade	n/a	562.6	254.0	n/a	153.7	316.6	16.2	517.0
100.78	0.184	fixation	n/a	149.2	321.3	808.0	n/a	n/a	n/a	n/a
100.966	0.028	saccade	n/a	148.6	323.4	n/a	125.5	321.9	0.89	144.0
100.996	0.094	fixation	n/a	119.2	324.2	823.0	n/a	n/a	n/a	n/a
101.092	0.034	saccade	n/a	117.6	324.9	n/a	194.3	322.6	2.97	252.0
101.128	0.134	fixation	n/a	199.6	317.5	817.0	n/a	n/a	n/a	n/a
101.264	0.026	saccade	n/a	202.8	316.7	n/a	318.6	314.3	4.56	335.0
101.292	0.256	fixation	n/a	312.5	313.4	811.0	n/a	n/a	n/a	n/a
101.55	0.028	saccade	n/a	313.3	316.6	n/a	423.3	312.6	4.38	302.0
101.58	0.216	fixation	n/a	417.6	314.3	755.0	n/a	n/a	n/a	n/a
101.798	0.024	saccade	n/a	418.4	313.3	n/a	480.2	315.0	2.46	185.0
101.824	0.096	fixation	n/a	468.4	316.1	730.0	n/a	n/a	n/a	n/a
101.922	0.03	saccade	n/a	469.5	318.5	n/a	441.8	319.0	1.1	188.0
101.954	0.06	fixation	n/a	433.0	321.3	739.0	n/a	n/a	n/a	n/a
102.016	0.036	saccade	n/a	430.2	321.2	n/a	487.0	324.4	2.26	267.0
102.054	0.112	fixation	n/a	495.7	325.4	722.0	n/a	n/a	n/a	n/a
102.168	0.05	saccade	n/a	498.2	322.2	n/a	173.5	384.2	12.94	527.0
102.22	0.246	fixation	n/a	164.0	386.9	814.0	n/a	n/a	n/a	n/a
102.468	0.022	saccade	n/a	159.3	385.8	n/a	120.0	381.6	1.51	142.0
102.492	0.128	fixation	n/a	127.0	382.2	817.0	n/a	n/a	n/a	n/a
102.584	0.0	trigger_11	11	n/a	n/a	n/a	n/a	n/a	n/a	n/a
102.59	0.0	trigger_10	10	n/a	n/a	n/a	n/a	n/a	n/a	n/a
102.622	0.04	saccade	n/a	125.0	382.9	n/a	245.5	380.6	4.65	342.0
102.664	0.288	fixation	n/a	262.2	377.8	787.0	n/a	n/a	n/a	n/a
102.954	0.032	saccade	n/a	262.3	377.8	n/a	326.3	383.6	2.53	251.0
102.988	0.364	fixation	n/a	333.0	378.5	787.0	n/a	n/a	n/a	n/a
103.354	0.03	saccade	n/a	334.3	375.6	n/a	376.2	372.5	1.66	198.0
103.386	0.238	fixation	n/a	381.7	370.6	782.0	n/a	n/a	n/a	n/a
103.626	0.032	saccade	n/a	383.0	372.3	n/a	430.6	371.7	1.88	230.0
103.66	0.212	fixation	n/a	438.3	372.5	771.0	n/a	n/a	n/a	n/a
103.874	0.028	saccade	n/a	439.4	373.9	n/a	532.6	375.2	3.67	235.0
103.904	0.208	fixation	n/a	524.0	376.9	724.0	n/a	n/a	n/a	n/a
104.114	0.034	saccade	n/a	527.7	376.6	n/a	583.7	385.8	2.22	198.0
104.15	0.226	fixation	n/a	588.2	385.9	689.0	n/a	n/a	n/a	n/a
104.378	0.018	saccade	n/a	588.3	385.3	n/a	627.4	391.9	1.54	118.0
104.398	0.39	fixation	n/a	618.7	392.0	687.0	n/a	n/a	n/a	n/a
104.79	0.356	saccade	n/a	618.2	393.1	n/a	164.7	89.7	21.35	519.0
104.834	0.27	blink	n/a	n/a	n/a	n/a	n/a	n/a	n/a	n/a
105.148	0.132	fixation	n/a	165.6	92.6	762.0	n/a	n/a	n/a	n/a
105.282	0.02	saccade	n/a	165.3	86.1	n/a	124.7	65.1	1.8	133.0
105.304	0.084	fixation	n/a	131.4	70.7	839.0	n/a	n/a	n/a	n/a
105.39	0.158	saccade	n/a	134.0	73.3	n/a	225.6	62.9	3.62	786.0
105.416	0.088	blink	n/a	n/a	n/a	n/a	n/a	n/a	n/a	n/a
105.55	0.146	fixation	n/a	222.6	70.9	869.0	n/a	n/a	n/a	n/a
105.698	0.034	saccade	n/a	224.5	69.8	n/a	299.2	66.5	2.99	296.0
105.734	0.132	fixation	n/a	309.5	66.9	893.0	n/a	n/a	n/a	n/a
105.868	0.024	saccade	n/a	313.0	68.8	n/a	379.8	60.3	2.71	219.0
105.894	0.204	fixation	n/a	368.4	64.5	881.0	n/a	n/a	n/a	n/a
106.1	0.048	saccade	n/a	368.6	65.0	n/a	501.6	68.1	5.34	368.0
106.15	0.258	fixation	n/a	522.7	67.4	844.0	n/a	n/a	n/a	n/a
106.41	0.036	saccade	n/a	524.1	65.1	n/a	587.3	69.8	2.52	256.0
106.448	0.144	fixation	n/a	594.1	68.8	851.0	n/a	n/a	n/a	n/a
106.594	0.062	saccade	n/a	594.3	70.7	n/a	328.5	93.9	10.63	544.0
106.658	0.104	fixation	n/a	330.2	94.6	981.0	n/a	n/a	n/a	n/a
106.764	0.038	saccade	n/a	329.0	97.0	n/a	405.5	78.8	3.17	372.0
106.804	0.254	fixation	n/a	418.9	79.4	1031.0	n/a	n/a	n/a	n/a
107.06	0.034	saccade	n/a	419.9	82.4	n/a	465.5	83.3	1.84	255.0
107.096	0.51	fixation	n/a	473.0	81.0	1088.0	n/a	n/a	n/a	n/a
107.608	0.024	saccade	n/a	473.2	84.3	n/a	546.7	81.5	2.94	215.0
107.634	0.172	fixation	n/a	535.8	82.5	1069.0	n/a	n/a	n/a	n/a
107.808	0.066	saccade	n/a	539.8	83.0	n/a	183.0	147.8	14.37	556.0
107.876	0.124	fixation	n/a	166.1	149.7	1205.0	n/a	n/a	n/a	n/a
108.002	0.032	saccade	n/a	162.8	149.8	n/a	126.8	144.6	1.42	209.0
108.036	0.128	fixation	n/a	114.2	150.3	1233.0	n/a	n/a	n/a	n/a
108.166	0.04	saccade	n/a	112.5	148.9	n/a	205.3	143.1	3.64	340.0
108.208	0.24	fixation	n/a	219.1	145.2	1233.0	n/a	n/a	n/a	n/a
108.45	0.052	saccade	n/a	220.9	147.2	n/a	416.0	126.1	7.85	402.0
108.504	0.068	fixation	n/a	436.2	120.7	1165.0	n/a	n/a	n/a	n/a
108.574	0.04	saccade	n/a	441.4	119.1	n/a	524.3	97.7	3.44	310.0
108.616	0.284	fixation	n/a	535.5	90.6	1106.0	n/a	n/a	n/a	n/a
108.902	0.056	saccade	n/a	536.0	88.0	n/a	262.8	146.6	11.16	510.0
108.96	0.138	fixation	n/a	245.1	150.8	1160.0	n/a	n/a	n/a	n/a
109.1	0.022	saccade	n/a	243.8	151.2	n/a	263.3	95.6	2.39	199.0
109.124	0.23	fixation	n/a	265.6	108.5	1197.0	n/a	n/a	n/a	n/a
109.356	0.028	saccade	n/a	263.3	110.6	n/a	174.7	82.4	3.7	336.0
109.386	0.166	fixation	n/a	178.3	94.3	1221.0	n/a	n/a	n/a	n/a
109.554	0.034	saccade	n/a	175.2	95.1	n/a	138.7	86.5	1.47	260.0
109.59	0.268	fixation	n/a	123.3	88.9	1186.0	n/a	n/a	n/a	n/a
109.86	0.048	saccade	n/a	121.4	90.5	n/a	256.3	88.9	5.3	329.0
109.91	0.154	fixation	n/a	270.2	87.0	1201.0	n/a	n/a	n/a	n/a
110.066	0.038	saccade	n/a	271.5	86.4	n/a	340.2	89.0	2.76	283.0
110.106	0.394	fixation	n/a	355.7	87.2	1176.0	n/a	n/a	n/a	n/a
110.502	0.036	saccade	n/a	355.8	86.7	n/a	434.1	90.4	3.16	297.0
110.54	0.172	fixation	n/a	443.7	86.6	1124.0	n/a	n/a	n/a	n/a
110.714	0.036	saccade	n/a	444.1	87.4	n/a	500.4	88.4	2.27	254.0
110.752	0.312	fixation	n/a	511.2	89.4	1124.0	n/a	n/a	n/a	n/a
111.066	0.022	saccade	n/a	512.3	87.8	n/a	566.4	86.8	2.16	164.0
111.09	0.126	fixation	n/a	555.0	87.6	1108.0	n/a	n/a	n/a	n/a
111.218	0.02	saccade	n/a	559.2	86.0	n/a	614.7	90.6	2.21	167.0
111.24	0.088	fixation	n/a	605.2	93.4	1075.0	n/a	n/a	n/a	n/a
111.33	0.076	saccade	n/a	607.2	94.6	n/a	145.8	147.9	18.26	568.0
111.408	0.358	fixation	n/a	127.3	148.9	1191.0	n/a	n/a	n/a	n/a
111.768	0.036	saccade	n/a	126.6	147.4	n/a	213.1	151.5	3.4	305.0
111.806	0.284	fixation	n/a	222.5	145.9	1228.0	n/a	n/a	n/a	n/a
112.092	0.03	saccade	n/a	224.8	148.5	n/a	267.7	152.6	1.72	209.0
112.124	0.564	fixation	n/a	270.5	152.1	1232.0	n/a	n/a	n/a	n/a
112.69	1.218	saccade	n/a	266.0	153.2	n/a	-12.7	51.7	11.48	817.0
112.778	1.104	blink	n/a	n/a	n/a	n/a	n/a	n/a	n/a	n/a
113.91	0.04	fixation	n/a	-1.5	47.4	1228.0	n/a	n/a	n/a	n/a
113.952	0.146	saccade	n/a	6.5	65.8	n/a	77.4	79.6	2.74	970.0
113.978	0.076	blink	n/a	n/a	n/a	n/a	n/a	n/a	n/a	n/a
114.1	0.194	fixation	n/a	89.8	96.6	1037.0	n/a	n/a	n/a	n/a
114.296	0.034	saccade	n/a	99.1	95.3	n/a	149.7	84.0	2.02	251.0
114.332	0.212	fixation	n/a	159.4	76.1	775.0	n/a	n/a	n/a	n/a
114.546	0.024	saccade	n/a	159.3	76.1	n/a	221.0	72.1	2.44	183.0
114.572	0.14	fixation	n/a	207.3	74.7	763.0	n/a	n/a	n/a	n/a
114.714	0.036	saccade	n/a	206.6	75.1	n/a	276.4	72.4	2.78	298.0
114.752	0.25	fixation	n/a	283.0	70.1	819.0	n/a	n/a	n/a	n/a
115.004	0.03	saccade	n/a	281.6	69.4	n/a	336.7	68.2	2.21	240.0
115.036	0.266	fixation	n/a	340.6	65.6	876.0	n/a	n/a	n/a	n/a
115.304	0.024	saccade	n/a	340.0	70.8	n/a	413.0	62.7	2.96	226.0
115.312	0.0	trigger_11	11	n/a	n/a	n/a	n/a	n/a	n/a	n/a
115.322	0.0	trigger_10	10	n/a	n/a	n/a	n/a	n/a	n/a	n/a
115.33	0.156	fixation	n/a	401.4	64.3	947.0	n/a	n/a	n/a	n/a
115.488	0.026	saccade	n/a	400.8	68.6	n/a	486.2	72.6	3.44	275.0
115.516	0.326	fixation	n/a	476.4	75.6	1055.0	n/a	n/a	n/a	n/a
115.844	0.022	saccade	n/a	477.3	79.7	n/a	517.9	81.0	1.63	155.0
115.868	0.194	fixation	n/a	508.0	83.1	1113.0	n/a	n/a	n/a	n/a
116.064	0.018	saccade	n/a	507.6	83.9	n/a	550.1	82.6	1.7	151.0
116.084	0.154	fixation	n/a	540.4	85.1	1146.0	n/a	n/a	n/a	n/a
116.24	0.032	saccade	n/a	542.4	85.5	n/a	594.9	91.9	2.1	241.0
116.274	0.126	fixation	n/a	602.1	88.2	1115.0	n/a	n/a	n/a	n/a
116.402	0.058	saccade	n/a	602.7	84.9	n/a	281.4	89.5	12.78	538.0
116.462	0.132	fixation	n/a	262.6	90.9	1182.0	n/a	n/a	n/a	n/a
116.512	0.0	trigger_11	11	n/a	n/a	n/a	n/a	n/a	n/a	n/a
116.526	0.0	trigger_12	12	n/a	n/a	n/a	n/a	n/a	n/a	n/a
116.596	0.056	saccade	n/a	260.0	90.3	n/a	106.9	138.2	6.31	437.0
116.654	0.17	fixation	n/a	107.5	140.9	1246.0	n/a	n/a	n/a	n/a
116.826	0.032	saccade	n/a	107.5	143.6	n/a	167.4	156.3	2.39	264.0
116.86	0.126	fixation	n/a	174.1	150.9	1279.0	n/a	n/a	n/a	n/a
116.988	0.04	saccade	n/a	174.5	151.6	n/a	265.2	147.3	3.6	328.0
117.03	0.134	fixation	n/a	280.2	144.3	1254.0	n/a	n/a	n/a	n/a
117.166	0.036	saccade	n/a	281.8	143.3	n/a	247.3	143.0	1.38	195.0
117.204	0.3	fixation	n/a	236.2	145.5	1179.0	n/a	n/a	n/a	n/a
117.506	0.036	saccade	n/a	236.9	143.4	n/a	194.4	100.3	2.43	287.0
117.544	0.082	fixation	n/a	187.3	96.3	1163.0	n/a	n/a	n/a	n/a
117.628	0.036	saccade	n/a	186.7	94.7	n/a	141.8	85.8	1.8	282.0
117.666	0.124	fixation	n/a	129.5	81.4	1136.0	n/a	n/a	n/a	n/a
117.792	0.036	saccade	n/a	130.8	82.1	n/a	218.7	85.5	3.46	271.0
117.83	0.246	fixation	n/a	226.6	84.8	1132.0	n/a	n/a	n/a	n/a
118.078	0.046	saccade	n/a	227.8	88.9	n/a	352.3	84.7	4.98	316.0
118.126	0.124	fixation	n/a	365.3	84.6	1186.0	n/a	n/a	n/a	n/a
118.252	0.034	saccade	n/a	364.4	86.2	n/a	409.6	83.4	1.83	235.0
118.288	0.414	fixation	n/a	419.5	81.9	1175.0	n/a	n/a	n/a	n/a
118.624	0.0	trigger_13	13	n/a	n/a	n/a	n/a	n/a	n/a	n/a
118.642	0.0	trigger_10	10	n/a	n/a	n/a	n/a	n/a	n/a	n/a
118.704	0.06	saccade	n/a	420.8	83.3	n/a	154.2	115.5	10.66	482.0
118.766	0.076	fixation	n/a	139.6	120.8	1253.0	n/a	n/a	n/a	n/a
118.844	0.146	saccade	n/a	143.8	130.6	n/a	153.8	116.5	0.69	990.0
118.868	0.074	blink	n/a	n/a	n/a	n/a	n/a	n/a	n/a	n/a
118.992	0.076	fixation	n/a	154.6	91.4	1284.0	n/a	n/a	n/a	n/a
119.07	0.04	saccade	n/a	156.7	95.8	n/a	254.4	93.9	3.86	357.0
119.112	0.164	fixation	n/a	271.9	92.7	1272.0	n/a	n/a	n/a	n/a
119.278	0.036	saccade	n/a	276.6	92.6	n/a	366.7	85.7	3.63	313.0
119.316	0.214	fixation	n/a	376.7	80.9	1230.0	n/a	n/a	n/a	n/a
119.532	0.02	saccade	n/a	377.8	80.9	n/a	352.4	78.5	1.03	118.0
119.554	0.072	fixation	n/a	357.6	81.5	1214.0	n/a	n/a	n/a	n/a
119.628	0.038	saccade	n/a	356.5	81.3	n/a	436.1	76.0	3.22	326.0
119.668	0.17	fixation	n/a	447.9	77.4	1160.0	n/a	n/a	n/a	n/a
119.84	0.036	saccade	n/a	448.4	77.7	n/a	497.6	80.3	1.98	236.0
119.878	0.126	fixation	n/a	506.3	79.9	1141.0	n/a	n/a	n/a	n/a
120.006	0.036	saccade	n/a	506.4	80.4	n/a	570.9	84.9	2.58	265.0
120.044	0.094	fixation	n/a	578.1	83.7	1134.0	n/a	n/a	n/a	n/a
120.14	0.068	saccade	n/a	578.2	84.9	n/a	164.2	148.6	16.53	607.0
120.21	0.132	fixation	n/a	149.1	151.9	1271.0	n/a	n/a	n/a	n/a
120.344	0.03	saccade	n/a	150.0	151.8	n/a	126.5	142.1	1.0	177.0
120.376	0.152	fixation	n/a	116.3	148.1	1323.0	n/a	n/a	n/a	n/a
120.53	0.048	saccade	n/a	114.0	148.8	n/a	183.4	90.2	3.59	262.0
120.58	0.336	fixation	n/a	192.8	84.8	1314.0	n/a	n/a	n/a	n/a
120.918	0.034	saccade	n/a	193.8	88.7	n/a	155.9	86.8	1.49	249.0
120.954	0.178	fixation	n/a	142.5	87.6	1327.0	n/a	n/a	n/a	n/a
121.134	0.044	saccade	n/a	141.6	87.6	n/a	258.2	86.3	4.6	385.0
121.18	0.262	fixation	n/a	275.9	85.3	1281.0	n/a	n/a	n/a	n/a
121.444	0.026	saccade	n/a	277.0	87.9	n/a	366.5	80.7	3.61	261.0
121.472	0.178	fixation	n/a	355.5	81.5	1253.0	n/a	n/a	n/a	n/a
121.652	0.024	saccade	n/a	356.2	81.2	n/a	459.0	76.8	4.14	300.0
121.678	0.194	fixation	n/a	450.6	79.2	1183.0	n/a	n/a	n/a	n/a
121.874	0.028	saccade	n/a	454.8	79.1	n/a	551.2	77.4	3.86	271.0
121.904	0.198	fixation	n/a	548.8	76.0	1076.0	n/a	n/a	n/a	n/a
122.104	0.048	saccade	n/a	549.6	72.8	n/a	211.7	118.5	13.56	495.0
122.154	0.12	fixation	n/a	204.2	115.7	1136.0	n/a	n/a	n/a	n/a
122.276	0.038	saccade	n/a	201.1	116.3	n/a	116.2	131.9	3.38	349.0
122.316	0.162	fixation	n/a	101.8	138.5	1156.0	n/a	n/a	n/a	n/a
122.48	0.03	saccade	n/a	101.5	140.0	n/a	239.0	145.6	5.4	368.0
122.512	0.194	fixation	n/a	240.9	144.0	1211.0	n/a	n/a	n/a	n/a
122.708	0.03	saccade	n/a	243.5	144.3	n/a	289.9	144.7	1.85	233.0
122.74	0.166	fixation	n/a	296.5	144.6	1214.0	n/a	n/a	n/a	n/a
122.908	0.038	saccade	n/a	299.2	144.9	n/a	373.1	144.9	2.97	312.0
122.948	0.292	fixation	n/a	389.7	141.8	1097.0	n/a	n/a	n/a	n/a
123.242	0.034	saccade	n/a	395.2	141.4	n/a	448.0	141.3	2.12	242.0
123.278	0.216	fixation	n/a	458.6	137.9	983.0	n/a	n/a	n/a	n/a
123.496	0.026	saccade	n/a	459.9	138.9	n/a	549.5	144.3	3.59	259.0
123.524	0.26	fixation	n/a	541.3	142.3	933.0	n/a	n/a	n/a	n/a
123.786	0.022	saccade	n/a	542.1	143.1	n/a	586.6	147.5	1.77	156.0
123.81	0.066	fixation	n/a	577.3	146.7	921.0	n/a	n/a	n/a	n/a
123.878	0.074	saccade	n/a	579.1	147.2	n/a	128.3	205.6	17.83	563.0
123.954	0.272	fixation	n/a	109.4	214.0	1105.0	n/a	n/a	n/a	n/a
123.986	0.0	trigger_11	11	n/a	n/a	n/a	n/a	n/a	n/a	n/a
123.994	0.0	trigger_10	10	n/a	n/a	n/a	n/a	n/a	n/a	n/a
124.228	0.038	saccade	n/a	106.4	215.2	n/a	195.5	211.6	3.48	327.0
124.268	0.196	fixation	n/a	205.7	205.2	1163.0	n/a	n/a	n/a	n/a
124.466	0.032	saccade	n/a	205.6	206.3	n/a	263.1	204.4	2.28	278.0
124.5	0.318	fixation	n/a	271.2	201.7	1135.0	n/a	n/a	n/a	n/a
124.82	0.02	saccade	n/a	273.0	204.2	n/a	300.9	203.3	1.11	131.0
124.842	0.374	fixation	n/a	296.0	205.6	1059.0	n/a	n/a	n/a	n/a
125.218	0.036	saccade	n/a	297.0	207.2	n/a	388.5	209.7	3.67	291.0
125.256	0.17	fixation	n/a	397.6	205.8	996.0	n/a	n/a	n/a	n/a
125.428	0.036	saccade	n/a	398.8	205.2	n/a	267.2	107.1	6.61	364.0
125.466	0.258	fixation	n/a	268.0	99.1	1024.0	n/a	n/a	n/a	n/a
125.726	0.036	saccade	n/a	267.8	99.4	n/a	367.9	78.0	4.11	335.0
125.764	0.438	fixation	n/a	376.2	74.7	983.0	n/a	n/a	n/a	n/a
126.204	0.054	saccade	n/a	376.0	77.6	n/a	149.8	71.9	8.98	465.0
126.26	0.184	fixation	n/a	130.6	75.6	1030.0	n/a	n/a	n/a	n/a
126.446	0.026	saccade	n/a	132.0	75.9	n/a	237.5	74.5	4.15	314.0
126.474	0.218	fixation	n/a	231.7	74.7	1037.0	n/a	n/a	n/a	n/a
126.694	0.034	saccade	n/a	234.5	74.1	n/a	318.0	79.4	3.34	300.0
126.73	0.212	fixation	n/a	324.5	74.2	1080.0	n/a	n/a	n/a	n/a
126.944	0.034	saccade	n/a	324.2	76.6	n/a	388.2	78.2	2.58	240.0
126.98	0.192	fixation	n/a	392.4	72.7	1071.0	n/a	n/a	n/a	n/a
127.174	0.024	saccade	n/a	394.5	70.4	n/a	446.7	72.4	2.1	186.0
127.2	0.198	fixation	n/a	437.4	71.0	1044.0	n/a	n/a	n/a	n/a
127.4	0.034	saccade	n/a	438.9	69.8	n/a	508.7	75.0	2.81	251.0
127.436	0.138	fixation	n/a	515.6	70.7	963.0	n/a	n/a	n/a	n/a
127.576	0.034	saccade	n/a	519.5	69.0	n/a	581.7	71.8	2.48	263.0
127.612	0.122	fixation	n/a	589.5	65.3	921.0	n/a	n/a	n/a	n/a
127.736	0.056	saccade	n/a	591.0	65.0	n/a	186.3	136.1	16.22	552.0
127.794	0.15	fixation	n/a	183.3	140.1	1039.0	n/a	n/a	n/a	n/a
127.946	0.036	saccade	n/a	181.3	139.0	n/a	138.4	136.8	1.68	234.0
127.984	0.118	fixation	n/a	126.8	141.0	1052.0	n/a	n/a	n/a	n/a
128.104	0.036	saccade	n/a	125.3	142.1	n/a	206.3	140.1	3.18	291.0
128.142	0.218	fixation	n/a	217.4	134.5	1074.0	n/a	n/a	n/a	n/a
128.362	0.036	saccade	n/a	220.5	136.9	n/a	301.8	140.7	3.25	301.0
128.4	0.208	fixation	n/a	312.7	138.4	1024.0	n/a	n/a	n/a	n/a
128.61	0.022	saccade	n/a	314.1	139.5	n/a	375.5	134.7	2.48	200.0
128.634	0.144	fixation	n/a	364.5	138.1	969.0	n/a	n/a	n/a	n/a
128.78	0.026	saccade	n/a	365.9	138.4	n/a	458.3	137.9	3.72	290.0
128.808	0.218	fixation	n/a	452.2	140.8	884.0	n/a	n/a	n/a	n/a
129.028	0.024	saccade	n/a	454.5	141.8	n/a	537.0	139.4	3.3	240.0
129.054	0.158	fixation	n/a	527.6	141.3	839.0	n/a	n/a	n/a	n/a
129.214	0.034	saccade	n/a	529.1	138.2	n/a	578.0	141.5	1.95	192.0
129.25	0.074	fixation	n/a	583.3	135.0	794.0	n/a	n/a	n/a	n/a
129.326	0.068	saccade	n/a	585.4	135.8	n/a	156.1	182.8	17.01	550.0
129.396	0.356	fixation	n/a	138.7	191.5	911.0	n/a	n/a	n/a	n/a
129.754	0.032	saccade	n/a	139.9	195.2	n/a	205.0	209.0	2.61	289.0
129.788	0.254	fixation	n/a	207.6	206.3	1037.0	n/a	n/a	n/a	n/a
130.044	0.018	saccade	n/a	206.1	207.5	n/a	187.9	204.4	0.73	86.0
130.064	0.354	fixation	n/a	192.2	207.8	1039.0	n/a	n/a	n/a	n/a
130.42	0.018	saccade	n/a	196.5	209.8	n/a	217.2	206.6	0.83	104.0
130.44	0.322	fixation	n/a	212.6	206.8	1000.0	n/a	n/a	n/a	n/a
130.764	0.016	saccade	n/a	209.1	204.9	n/a	197.7	204.1	0.45	72.0
130.782	0.188	fixation	n/a	201.2	206.6	1063.0	n/a	n/a	n/a	n/a
130.972	0.03	saccade	n/a	200.9	206.0	n/a	262.8	204.9	2.45	257.0
131.004	0.152	fixation	n/a	267.3	202.7	1028.0	n/a	n/a	n/a	n/a
131.158	0.028	saccade	n/a	269.3	204.4	n/a	383.0	202.0	4.55	315.0
131.188	0.216	fixation	n/a	376.4	201.4	974.0	n/a	n/a	n/a	n/a
131.406	0.028	saccade	n/a	375.6	201.9	n/a	485.3	201.5	4.4	315.0
131.436	0.286	fixation	n/a	474.7	201.3	943.0	n/a	n/a	n/a	n/a
131.724	0.024	saccade	n/a	475.7	200.3	n/a	551.9	201.8	3.04	230.0
131.75	0.15	fixation	n/a	542.8	205.2	928.0	n/a	n/a	n/a	n/a
131.902	0.07	saccade	n/a	542.9	204.8	n/a	85.8	277.1	18.05	549.0
131.974	0.246	fixation	n/a	67.5	282.4	1083.0	n/a	n/a	n/a	n/a
132.222	0.032	saccade	n/a	66.9	284.6	n/a	108.2	274.1	1.63	243.0
132.256	0.07	fixation	n/a	116.2	269.9	1122.0	n/a	n/a	n/a	n/a
132.328	0.078	saccade	n/a	117.8	268.3	n/a	468.5	199.9	14.08	421.0
132.408	0.182	fixation	n/a	470.2	203.3	1069.0	n/a	n/a	n/a	n/a
132.592	0.036	saccade	n/a	471.1	203.6	n/a	534.4	205.9	2.53	302.0
132.63	0.176	fixation	n/a	548.8	203.9	1080.0	n/a	n/a	n/a	n/a
132.808	0.026	saccade	n/a	550.3	203.7	n/a	435.9	146.2	5.14	387.0
132.836	0.172	fixation	n/a	423.1	147.6	1061.0	n/a	n/a	n/a	n/a
133.01	0.042	saccade	n/a	416.7	145.7	n/a	541.2	150.8	4.99	360.0
133.054	0.28	fixation	n/a	555.8	149.2	978.0	n/a	n/a	n/a	n/a
133.336	0.056	saccade	n/a	555.6	150.8	n/a	150.8	204.1	16.11	539.0
133.394	0.162	fixation	n/a	140.3	207.0	1124.0	n/a	n/a	n/a	n/a
133.558	0.02	saccade	n/a	133.8	206.9	n/a	108.0	212.5	1.02	126.0
133.58	0.132	fixation	n/a	111.1	212.0	1128.0	n/a	n/a	n/a	n/a
133.714	0.284	saccade	n/a	115.9	218.5	n/a	443.9	152.2	13.19	951.0
133.74	0.126	blink	n/a	n/a	n/a	n/a	n/a	n/a	n/a	n/a
134.0	0.306	fixation	n/a	457.8	155.6	1042.0	n/a	n/a	n/a	n/a
134.308	0.024	saccade	n/a	460.1	156.6	n/a	520.6	139.5	2.52	203.0
134.334	0.118	fixation	n/a	509.6	143.4	965.0	n/a	n/a	n/a	n/a
134.41	0.0	trigger_11	11	n/a	n/a	n/a	n/a	n/a	n/a	n/a
134.42	0.0	trigger_10	10	n/a	n/a	n/a	n/a	n/a	n/a	n/a
134.454	0.054	saccade	n/a	512.1	141.9	n/a	284.3	97.8	9.29	480.0
134.51	0.19	fixation	n/a	268.3	95.3	973.0	n/a	n/a	n/a	n/a
134.702	0.038	saccade	n/a	270.0	96.3	n/a	220.8	75.0	2.14	241.0
134.742	0.264	fixation	n/a	209.4	75.4	988.0	n/a	n/a	n/a	n/a
135.008	0.052	saccade	n/a	208.0	81.7	n/a	359.7	146.4	6.6	384.0
135.062	0.292	fixation	n/a	372.2	153.1	1100.0	n/a	n/a	n/a	n/a
135.356	0.034	saccade	n/a	371.5	153.7	n/a	414.8	150.0	1.75	247.0
135.392	0.232	fixation	n/a	425.3	148.6	1077.0	n/a	n/a	n/a	n/a
135.626	0.024	saccade	n/a	425.1	145.6	n/a	425.4	93.0	2.15	141.0
135.652	0.398	fixation	n/a	428.7	104.1	1035.0	n/a	n/a	n/a	n/a
136.052	0.026	saccade	n/a	427.6	105.2	n/a	334.3	83.1	3.86	276.0
136.08	0.156	fixation	n/a	338.1	91.0	1045.0	n/a	n/a	n/a	n/a
136.238	0.046	saccade	n/a	336.9	90.2	n/a	204.0	79.8	5.31	388.0
136.286	0.41	fixation	n/a	185.7	78.0	1117.0	n/a	n/a	n/a	n/a
136.698	0.034	saccade	n/a	187.6	80.2	n/a	139.1	71.3	1.93	236.0
136.734	0.13	fixation	n/a	130.9	75.9	1146.0	n/a	n/a	n/a	n/a
136.866	0.028	saccade	n/a	130.0	75.1	n/a	242.1	79.0	4.42	312.0
136.896	0.286	fixation	n/a	239.4	79.3	1127.0	n/a	n/a	n/a	n/a
136.938	0.0	trigger_11	11	n/a	n/a	n/a	n/a	n/a	n/a	n/a
136.946	0.0	trigger_10	10	n/a	n/a	n/a	n/a	n/a	n/a	n/a
137.184	0.038	saccade	n/a	238.6	79.5	n/a	189.5	74.5	1.96	298.0
137.224	0.214	fixation	n/a	172.3	73.7	1145.0	n/a	n/a	n/a	n/a
137.44	0.038	saccade	n/a	172.5	75.3	n/a	121.0	62.5	2.07	305.0
137.48	0.214	fixation	n/a	105.0	67.8	1160.0	n/a	n/a	n/a	n/a
137.696	0.038	saccade	n/a	106.8	70.3	n/a	213.7	78.1	4.2	362.0
137.736	0.13	fixation	n/a	224.6	76.8	1175.0	n/a	n/a	n/a	n/a
137.868	0.03	saccade	n/a	224.7	79.5	n/a	341.8	78.6	4.67	328.0
137.9	0.196	fixation	n/a	335.1	78.7	1158.0	n/a	n/a	n/a	n/a
138.098	0.028	saccade	n/a	336.2	82.1	n/a	448.5	75.6	4.52	309.0
138.128	0.214	fixation	n/a	440.3	76.7	1126.0	n/a	n/a	n/a	n/a
138.344	0.026	saccade	n/a	442.7	74.1	n/a	540.3	73.5	3.91	285.0
138.372	0.164	fixation	n/a	532.3	75.0	1024.0	n/a	n/a	n/a	n/a
138.538	0.048	saccade	n/a	533.4	75.1	n/a	379.8	73.4	6.17	465.0
138.588	0.548	fixation	n/a	363.1	76.7	1059.0	n/a	n/a	n/a	n/a
138.906	0.0	trigger_11	11	n/a	n/a	n/a	n/a	n/a	n/a	n/a
138.922	0.0	trigger_10	10	n/a	n/a	n/a	n/a	n/a	n/a	n/a
139.138	0.056	saccade	n/a	361.8	77.8	n/a	132.7	93.2	9.09	472.0
139.196	0.126	fixation	n/a	115.5	97.7	1167.0	n/a	n/a	n/a	n/a
139.324	0.032	saccade	n/a	119.3	96.0	n/a	164.5	84.5	1.82	182.0
139.358	0.208	fixation	n/a	167.6	79.1	1169.0	n/a	n/a	n/a	n/a
139.568	0.028	saccade	n/a	167.8	82.8	n/a	279.1	87.9	4.41	324.0
139.598	0.19	fixation	n/a	272.6	86.5	1147.0	n/a	n/a	n/a	n/a
139.79	0.034	saccade	n/a	274.2	85.0	n/a	343.2	83.5	2.77	277.0
139.826	0.146	fixation	n/a	350.5	80.7	1107.0	n/a	n/a	n/a	n/a
139.974	0.04	saccade	n/a	350.4	80.6	n/a	458.8	78.3	4.35	345.0
140.016	0.124	fixation	n/a	472.5	75.8	1028.0	n/a	n/a	n/a	n/a
140.142	0.032	saccade	n/a	474.3	78.7	n/a	436.7	71.6	1.54	212.0
140.176	0.068	fixation	n/a	429.0	75.1	1009.0	n/a	n/a	n/a	n/a
140.246	0.04	saccade	n/a	428.7	74.4	n/a	524.0	77.1	3.83	310.0
140.288	0.218	fixation	n/a	537.0	77.5	978.0	n/a	n/a	n/a	n/a
140.508	0.024	saccade	n/a	538.1	78.7	n/a	590.8	83.0	2.1	168.0
140.534	0.036	fixation	n/a	577.5	81.5	992.0	n/a	n/a	n/a	n/a
140.572	0.07	saccade	n/a	578.5	80.6	n/a	130.9	139.4	17.75	593.0
140.644	0.284	fixation	n/a	112.6	147.0	1135.0	n/a	n/a	n/a	n/a
140.93	0.028	saccade	n/a	111.4	145.0	n/a	146.6	78.3	3.01	236.0
140.96	0.26	fixation	n/a	137.7	85.1	1110.0	n/a	n/a	n/a	n/a
141.222	0.034	saccade	n/a	135.5	82.0	n/a	222.8	84.0	3.43	341.0
141.258	0.206	fixation	n/a	230.9	79.6	1072.0	n/a	n/a	n/a	n/a
141.466	0.036	saccade	n/a	232.0	79.4	n/a	312.2	80.9	3.2	290.0
141.504	0.19	fixation	n/a	322.2	76.1	1072.0	n/a	n/a	n/a	n/a
141.696	0.034	saccade	n/a	326.2	74.6	n/a	445.4	75.6	4.8	289.0
141.732	0.236	fixation	n/a	441.2	71.7	1043.0	n/a	n/a	n/a	n/a
141.97	0.026	saccade	n/a	443.0	70.5	n/a	545.1	75.1	4.1	277.0
141.998	0.254	fixation	n/a	535.4	72.6	978.0	n/a	n/a	n/a	n/a
142.254	0.032	saccade	n/a	537.5	71.1	n/a	588.0	69.7	2.0	217.0
142.288	0.182	fixation	n/a	595.1	69.5	928.0	n/a	n/a	n/a	n/a
142.472	0.036	saccade	n/a	597.0	69.3	n/a	526.1	69.7	2.82	288.0
142.51	0.328	fixation	n/a	512.6	73.4	936.0	n/a	n/a	n/a	n/a
142.84	0.038	saccade	n/a	509.1	75.6	n/a	580.6	76.5	2.85	300.0
142.88	0.172	fixation	n/a	590.8	74.7	986.0	n/a	n/a	n/a	n/a
143.054	0.074	saccade	n/a	591.5	74.6	n/a	172.6	129.0	16.67	546.0
143.13	0.2	fixation	n/a	157.9	134.8	1120.0	n/a	n/a	n/a	n/a
143.332	0.04	saccade	n/a	157.9	136.8	n/a	258.7	137.3	3.98	366.0
143.374	0.142	fixation	n/a	276.0	137.3	1079.0	n/a	n/a	n/a	n/a
143.518	0.038	saccade	n/a	276.6	140.8	n/a	361.9	139.1	3.43	322.0
143.558	0.168	fixation	n/a	374.2	136.0	1065.0	n/a	n/a	n/a	n/a
143.728	0.042	saccade	n/a	375.3	137.1	n/a	483.1	134.4	4.34	355.0
143.772	0.192	fixation	n/a	498.7	135.5	975.0	n/a	n/a	n/a	n/a
143.966	0.026	saccade	n/a	500.5	137.7	n/a	591.4	137.4	3.62	272.0
143.994	0.182	fixation	n/a	585.8	136.1	897.0	n/a	n/a	n/a	n/a
144.178	0.064	saccade	n/a	586.3	135.1	n/a	200.9	194.1	15.42	568.0
144.244	0.18	fixation	n/a	184.4	200.9	962.0	n/a	n/a	n/a	n/a
144.426	0.026	saccade	n/a	183.6	202.8	n/a	277.4	204.0	3.72	286.0
144.454	0.184	fixation	n/a	265.7	204.5	978.0	n/a	n/a	n/a	n/a
144.64	0.026	saccade	n/a	266.4	204.4	n/a	348.7	197.8	3.3	265.0
144.668	0.228	fixation	n/a	337.5	197.1	1003.0	n/a	n/a	n/a	n/a
144.794	0.0	trigger_11	11	n/a	n/a	n/a	n/a	n/a	n/a	n/a
144.806	0.0	trigger_10	10	n/a	n/a	n/a	n/a	n/a	n/a	n/a
144.898	0.03	saccade	n/a	337.2	197.6	n/a	471.8	194.7	5.41	355.0
144.93	0.182	fixation	n/a	468.3	192.3	946.0	n/a	n/a	n/a	n/a
145.114	0.038	saccade	n/a	470.8	190.9	n/a	545.3	198.6	3.0	295.0
145.154	0.07	fixation	n/a	553.8	198.5	923.0	n/a	n/a	n/a	n/a
145.226	0.062	saccade	n/a	554.5	197.4	n/a	183.4	271.8	14.91	568.0
145.29	0.176	fixation	n/a	165.1	280.0	1007.0	n/a	n/a	n/a	n/a
145.468	0.036	saccade	n/a	164.7	282.0	n/a	232.8	271.5	2.7	283.0
145.506	0.27	fixation	n/a	242.8	266.7	981.0	n/a	n/a	n/a	n/a
145.778	0.038	saccade	n/a	242.4	268.6	n/a	325.4	265.3	3.3	301.0
145.818	0.238	fixation	n/a	336.7	264.6	952.0	n/a	n/a	n/a	n/a
146.058	0.036	saccade	n/a	338.5	266.4	n/a	389.8	262.4	2.06	254.0
146.096	0.178	fixation	n/a	401.1	262.3	889.0	n/a	n/a	n/a	n/a
146.276	0.034	saccade	n/a	405.2	261.5	n/a	454.9	265.0	1.99	230.0
146.312	0.198	fixation	n/a	465.3	261.8	827.0	n/a	n/a	n/a	n/a
146.512	0.052	saccade	n/a	466.6	260.6	n/a	224.2	269.8	9.63	461.0
146.566	0.236	fixation	n/a	205.9	272.4	923.0	n/a	n/a	n/a	n/a
146.804	0.038	saccade	n/a	205.3	270.5	n/a	146.0	223.3	2.99	326.0
146.844	0.19	fixation	n/a	137.9	215.7	988.0	n/a	n/a	n/a	n/a
146.908	0.0	trigger_11	11	n/a	n/a	n/a	n/a	n/a	n/a	n/a
146.922	0.0	trigger_12	12	n/a	n/a	n/a	n/a	n/a	n/a	n/a
147.036	0.024	saccade	n/a	135.4	213.1	n/a	160.8	120.6	3.85	241.0
147.062	0.066	fixation	n/a	166.8	114.8	983.0	n/a	n/a	n/a	n/a
147.13	0.022	saccade	n/a	167.9	112.4	n/a	176.9	56.4	2.29	170.0
147.154	0.25	fixation	n/a	176.3	69.6	963.0	n/a	n/a	n/a	n/a
147.406	0.032	saccade	n/a	176.1	70.2	n/a	279.4	75.8	4.11	305.0
147.44	0.17	fixation	n/a	279.5	71.1	993.0	n/a	n/a	n/a	n/a
147.612	0.026	saccade	n/a	280.3	74.5	n/a	375.9	71.7	3.84	263.0
147.64	0.198	fixation	n/a	363.2	72.9	1012.0	n/a	n/a	n/a	n/a
147.84	0.026	saccade	n/a	363.4	73.5	n/a	447.3	73.3	3.38	259.0
147.868	0.28	fixation	n/a	438.4	73.4	1015.0	n/a	n/a	n/a	n/a
148.15	0.038	saccade	n/a	439.3	75.4	n/a	527.3	79.7	3.54	298.0
148.19	0.124	fixation	n/a	536.8	80.3	974.0	n/a	n/a	n/a	n/a
148.316	0.034	saccade	n/a	539.0	78.1	n/a	594.3	80.3	2.2	221.0
148.352	0.068	fixation	n/a	598.0	76.7	971.0	n/a	n/a	n/a	n/a
148.422	0.048	saccade	n/a	600.2	74.1	n/a	323.0	143.6	11.4	516.0
148.472	0.264	fixation	n/a	311.7	142.5	1060.0	n/a	n/a	n/a	n/a
148.738	0.03	saccade	n/a	310.0	144.2	n/a	378.1	142.9	2.74	249.0
148.77	0.102	fixation	n/a	382.3	140.2	1071.0	n/a	n/a	n/a	n/a
148.874	0.052	saccade	n/a	384.0	139.5	n/a	199.5	90.1	7.63	480.0
148.916	0.0	trigger_13	13	n/a	n/a	n/a	n/a	n/a	n/a	n/a
148.926	0.0	trigger_10	10	n/a	n/a	n/a	n/a	n/a	n/a	n/a
148.928	0.264	fixation	n/a	180.3	88.9	1112.0	n/a	n/a	n/a	n/a
149.194	0.03	saccade	n/a	179.7	87.9	n/a	158.5	71.6	1.06	183.0
149.226	0.136	fixation	n/a	150.6	76.6	1120.0	n/a	n/a	n/a	n/a
149.364	0.038	saccade	n/a	150.8	78.1	n/a	242.0	81.7	3.6	318.0
149.404	0.172	fixation	n/a	253.3	81.3	1149.0	n/a	n/a	n/a	n/a
149.578	0.03	saccade	n/a	254.3	84.2	n/a	288.1	86.5	1.35	186.0
149.61	0.118	fixation	n/a	293.5	83.8	1140.0	n/a	n/a	n/a	n/a
149.73	0.038	saccade	n/a	295.1	83.7	n/a	374.6	81.3	3.19	312.0
149.77	0.22	fixation	n/a	385.7	80.9	1086.0	n/a	n/a	n/a	n/a
149.992	0.04	saccade	n/a	385.2	82.7	n/a	469.9	83.1	3.41	276.0
150.034	0.088	fixation	n/a	481.5	80.2	1056.0	n/a	n/a	n/a	n/a
150.124	0.036	saccade	n/a	482.9	79.7	n/a	547.9	88.9	2.63	268.0
150.162	0.114	fixation	n/a	555.2	90.3	1054.0	n/a	n/a	n/a	n/a
150.278	0.064	saccade	n/a	557.3	93.2	n/a	190.2	149.9	14.72	586.0
150.344	0.148	fixation	n/a	172.4	155.2	1140.0	n/a	n/a	n/a	n/a
150.494	0.034	saccade	n/a	169.8	154.6	n/a	141.1	149.6	1.14	219.0
150.53	0.124	fixation	n/a	131.0	151.6	1149.0	n/a	n/a	n/a	n/a
150.656	0.038	saccade	n/a	130.1	149.8	n/a	201.6	149.2	2.8	299.0
150.696	0.138	fixation	n/a	215.0	145.0	1164.0	n/a	n/a	n/a	n/a
150.836	0.034	saccade	n/a	217.3	145.9	n/a	270.7	146.7	2.13	270.0
150.872	0.258	fixation	n/a	282.0	145.5	1152.0	n/a	n/a	n/a	n/a
151.132	0.044	saccade	n/a	281.8	146.6	n/a	173.7	105.4	4.6	370.0
151.178	0.178	fixation	n/a	158.5	103.4	1156.0	n/a	n/a	n/a	n/a
151.358	0.022	saccade	n/a	158.9	102.5	n/a	115.0	74.1	2.06	179.0
151.382	0.132	fixation	n/a	123.9	80.7	1097.0	n/a	n/a	n/a	n/a
151.516	0.026	saccade	n/a	122.6	78.8	n/a	197.7	83.6	2.95	257.0
151.544	0.166	fixation	n/a	191.8	82.7	1089.0	n/a	n/a	n/a	n/a
151.712	0.028	saccade	n/a	192.1	84.2	n/a	289.6	84.6	3.88	290.0
151.742	0.28	fixation	n/a	278.6	86.4	1110.0	n/a	n/a	n/a	n/a
152.024	0.034	saccade	n/a	277.3	91.2	n/a	348.0	93.5	2.84	257.0
152.06	0.216	fixation	n/a	354.0	88.4	1102.0	n/a	n/a	n/a	n/a
152.278	0.028	saccade	n/a	355.2	90.0	n/a	466.9	85.8	4.5	315.0
152.308	0.272	fixation	n/a	465.4	84.8	1018.0	n/a	n/a	n/a	n/a
152.582	0.022	saccade	n/a	469.5	80.7	n/a	523.3	81.7	2.16	185.0
152.606	0.204	fixation	n/a	513.7	83.3	981.0	n/a	n/a	n/a	n/a
152.812	0.024	saccade	n/a	514.6	85.2	n/a	593.1	79.3	3.13	244.0
152.838	0.086	fixation	n/a	578.8	81.7	981.0	n/a	n/a	n/a	n/a
152.926	0.196	saccade	n/a	575.2	87.5	n/a	556.0	140.0	2.27	752.0
152.96	0.102	blink	n/a	n/a	n/a	n/a	n/a	n/a	n/a	n/a
153.124	0.114	fixation	n/a	550.9	110.1	994.0	n/a	n/a	n/a	n/a
153.24	0.026	saccade	n/a	548.4	105.6	n/a	609.2	91.0	2.48	210.0
153.268	0.172	fixation	n/a	599.5	88.9	1005.0	n/a	n/a	n/a	n/a
153.442	0.034	saccade	n/a	598.9	87.3	n/a	552.6	80.7	1.86	284.0
153.478	0.178	fixation	n/a	536.4	81.2	1020.0	n/a	n/a	n/a	n/a
153.658	0.034	saccade	n/a	534.8	80.2	n/a	579.5	86.4	1.8	212.0
153.694	0.308	fixation	n/a	584.9	87.2	1050.0	n/a	n/a	n/a	n/a
154.004	0.042	saccade	n/a	585.5	87.7	n/a	516.8	80.3	2.75	369.0
154.048	0.086	fixation	n/a	506.1	81.9	1051.0	n/a	n/a	n/a	n/a
154.136	0.04	saccade	n/a	504.9	81.3	n/a	589.4	88.3	3.37	330.0
154.178	0.2	fixation	n/a	600.7	85.5	1047.0	n/a	n/a	n/a	n/a
154.38	0.072	saccade	n/a	599.9	84.8	n/a	176.5	134.8	16.82	571.0
154.454	0.128	fixation	n/a	159.6	141.2	1231.0	n/a	n/a	n/a	n/a
154.584	0.034	saccade	n/a	155.5	139.7	n/a	121.6	143.5	1.33	235.0
154.62	0.168	fixation	n/a	109.3	147.2	1242.0	n/a	n/a	n/a	n/a
154.79	0.038	saccade	n/a	110.4	147.4	n/a	192.4	145.4	3.21	335.0
154.83	0.266	fixation	n/a	208.4	141.6	1175.0	n/a	n/a	n/a	n/a
155.098	0.026	saccade	n/a	210.1	144.0	n/a	282.2	146.9	2.87	244.0
155.126	0.286	fixation	n/a	273.4	145.7	1070.0	n/a	n/a	n/a	n/a
155.414	0.022	saccade	n/a	273.8	145.2	n/a	332.3	139.4	2.36	202.0
155.438	0.174	fixation	n/a	327.6	141.7	985.0	n/a	n/a	n/a	n/a
155.614	0.03	saccade	n/a	330.8	139.8	n/a	296.9	137.3	1.37	186.0
155.646	0.13	fixation	n/a	290.7	140.9	940.0	n/a	n/a	n/a	n/a
155.778	0.024	saccade	n/a	290.1	140.8	n/a	375.8	140.9	3.44	259.0
155.804	0.17	fixation	n/a	367.3	139.7	901.0	n/a	n/a	n/a	n/a
155.976	0.028	saccade	n/a	369.4	137.4	n/a	469.9	135.8	4.04	291.0
156.006	0.198	fixation	n/a	466.7	136.6	839.0	n/a	n/a	n/a	n/a
156.206	0.036	saccade	n/a	468.2	138.4	n/a	539.9	142.5	2.87	272.0
156.244	0.15	fixation	n/a	549.3	136.8	788.0	n/a	n/a	n/a	n/a
156.396	0.068	saccade	n/a	551.3	136.1	n/a	140.3	192.5	16.34	527.0
156.466	0.204	fixation	n/a	124.5	198.2	867.0	n/a	n/a	n/a	n/a
156.672	0.038	saccade	n/a	124.4	202.5	n/a	216.7	201.6	3.61	362.0
156.712	0.2	fixation	n/a	229.6	198.4	910.0	n/a	n/a	n/a	n/a
156.914	0.032	saccade	n/a	228.8	197.0	n/a	274.5	202.4	1.83	228.0
156.948	0.172	fixation	n/a	282.1	200.9	941.0	n/a	n/a	n/a	n/a
157.122	0.024	saccade	n/a	285.7	202.7	n/a	362.8	197.7	3.1	262.0
157.148	0.186	fixation	n/a	352.4	199.7	887.0	n/a	n/a	n/a	n/a
157.336	0.026	saccade	n/a	353.5	199.0	n/a	439.1	196.4	3.44	246.0
157.364	0.22	fixation	n/a	432.6	199.0	833.0	n/a	n/a	n/a	n/a
157.586	0.03	saccade	n/a	433.7	201.3	n/a	559.3	201.4	5.01	326.0
157.618	0.16	fixation	n/a	560.1	199.7	772.0	n/a	n/a	n/a	n/a
157.78	0.024	saccade	n/a	559.8	199.2	n/a	524.1	196.4	1.42	158.0
157.806	0.18	fixation	n/a	528.2	199.1	763.0	n/a	n/a	n/a	n/a
157.988	0.024	saccade	n/a	527.9	199.2	n/a	594.6	201.2	2.65	193.0
158.014	0.176	fixation	n/a	585.0	199.5	747.0	n/a	n/a	n/a	n/a
158.192	0.024	saccade	n/a	585.7	197.8	n/a	655.5	206.1	2.76	201.0
158.218	0.084	fixation	n/a	643.0	205.5	741.0	n/a	n/a	n/a	n/a
158.304	0.062	saccade	n/a	645.0	205.7	n/a	164.2	269.7	18.92	559.0
158.368	0.168	fixation	n/a	160.6	273.8	844.0	n/a	n/a	n/a	n/a
158.538	0.032	saccade	n/a	162.8	275.9	n/a	131.9	268.8	1.23	202.0
158.572	0.12	fixation	n/a	122.9	272.7	879.0	n/a	n/a	n/a	n/a
158.694	0.04	saccade	n/a	120.0	272.4	n/a	218.3	266.1	3.84	339.0
158.736	0.208	fixation	n/a	233.3	263.4	881.0	n/a	n/a	n/a	n/a
158.946	0.052	saccade	n/a	233.3	264.4	n/a	406.5	253.7	6.9	413.0
159.0	0.122	fixation	n/a	422.6	253.1	832.0	n/a	n/a	n/a	n/a
159.124	0.028	saccade	n/a	425.2	253.2	n/a	546.8	258.3	4.85	347.0
159.154	0.186	fixation	n/a	540.6	257.8	787.0	n/a	n/a	n/a	n/a
159.342	0.02	saccade	n/a	541.5	256.9	n/a	513.3	253.8	1.13	109.0
159.364	0.022	fixation	n/a	523.3	254.6	773.0	n/a	n/a	n/a	n/a
159.388	0.034	saccade	n/a	522.9	255.5	n/a	572.3	256.3	1.96	221.0
159.424	0.146	fixation	n/a	580.4	256.9	743.0	n/a	n/a	n/a	n/a
159.572	0.018	saccade	n/a	580.8	256.8	n/a	617.2	261.8	1.44	116.0
159.592	0.098	fixation	n/a	606.1	261.5	727.0	n/a	n/a	n/a	n/a
159.692	0.07	saccade	n/a	605.7	261.4	n/a	162.2	322.9	17.46	584.0
159.764	0.222	fixation	n/a	143.3	328.0	878.0	n/a	n/a	n/a	n/a
159.988	0.038	saccade	n/a	142.9	330.2	n/a	236.9	320.9	3.68	384.0
160.028	0.202	fixation	n/a	253.1	319.6	846.0	n/a	n/a	n/a	n/a
160.232	0.036	saccade	n/a	255.0	320.0	n/a	336.6	318.2	3.23	324.0
160.27	0.2	fixation	n/a	348.9	315.1	811.0	n/a	n/a	n/a	n/a
160.472	0.032	saccade	n/a	351.5	316.1	n/a	412.4	317.0	2.43	268.0
160.506	0.12	fixation	n/a	418.6	314.0	761.0	n/a	n/a	n/a	n/a
160.628	0.028	saccade	n/a	420.5	314.3	n/a	551.6	316.8	5.19	348.0
160.658	0.196	fixation	n/a	552.3	316.6	726.0	n/a	n/a	n/a	n/a
160.856	0.026	saccade	n/a	553.5	319.9	n/a	632.7	328.7	3.11	245.0
160.884	0.152	fixation	n/a	624.5	324.9	720.0	n/a	n/a	n/a	n/a
161.038	0.06	saccade	n/a	626.4	327.3	n/a	270.6	369.8	14.03	542.0
161.1	0.118	fixation	n/a	256.1	374.4	806.0	n/a	n/a	n/a	n/a
161.22	0.042	saccade	n/a	254.3	375.4	n/a	147.1	382.8	4.17	360.0
161.264	0.196	fixation	n/a	130.4	386.5	860.0	n/a	n/a	n/a	n/a
161.462	0.046	saccade	n/a	130.5	386.8	n/a	257.8	382.0	4.93	372.0
161.51	0.172	fixation	n/a	274.1	381.0	887.0	n/a	n/a	n/a	n/a
161.684	0.05	saccade	n/a	275.5	380.2	n/a	458.3	384.7	7.2	447.0
161.736	0.204	fixation	n/a	476.4	386.0	792.0	n/a	n/a	n/a	n/a
161.942	0.07	saccade	n/a	478.1	384.4	n/a	354.5	125.1	11.5	488.0
162.014	0.114	fixation	n/a	354.1	114.6	808.0	n/a	n/a	n/a	n/a
162.13	0.03	saccade	n/a	352.7	109.6	n/a	385.7	62.1	2.35	196.0
162.162	0.122	fixation	n/a	378.5	59.7	776.0	n/a	n/a	n/a	n/a
162.286	0.05	saccade	n/a	379.1	59.7	n/a	201.1	64.3	7.11	433.0
162.338	0.2	fixation	n/a	180.3	68.3	877.0	n/a	n/a	n/a	n/a
162.54	0.03	saccade	n/a	180.2	72.2	n/a	314.5	73.1	5.34	382.0
162.572	0.174	fixation	n/a	311.0	75.0	956.0	n/a	n/a	n/a	n/a
162.748	0.032	saccade	n/a	312.7	78.6	n/a	348.6	82.9	1.45	209.0
162.782	0.308	fixation	n/a	356.6	79.5	985.0	n/a	n/a	n/a	n/a
163.092	0.04	saccade	n/a	354.7	80.3	n/a	273.4	74.5	3.27	323.0
163.134	0.214	fixation	n/a	259.2	73.5	999.0	n/a	n/a	n/a	n/a
163.35	0.038	saccade	n/a	258.0	71.5	n/a	471.2	80.5	8.54	443.0
163.39	0.142	fixation	n/a	475.5	79.5	945.0	n/a	n/a	n/a	n/a
163.534	0.028	saccade	n/a	477.1	83.3	n/a	600.2	77.8	4.91	344.0
163.564	0.112	fixation	n/a	591.6	79.1	922.0	n/a	n/a	n/a	n/a
163.678	0.05	saccade	n/a	593.7	80.2	n/a	231.3	146.2	14.6	563.0
163.73	0.266	fixation	n/a	222.3	152.0	1034.0	n/a	n/a	n/a	n/a
163.998	0.042	saccade	n/a	217.8	154.8	n/a	336.0	146.3	4.73	358.0
164.042	0.138	fixation	n/a	348.4	144.3	1005.0	n/a	n/a	n/a	n/a
164.182	0.04	saccade	n/a	350.7	144.9	n/a	445.6	141.0	3.81	359.0
164.224	0.12	fixation	n/a	460.4	141.6	954.0	n/a	n/a	n/a	n/a
164.346	0.026	saccade	n/a	461.3	141.5	n/a	562.1	146.9	4.03	274.0
164.374	0.132	fixation	n/a	552.5	149.5	915.0	n/a	n/a	n/a	n/a
164.508	0.068	saccade	n/a	552.5	147.2	n/a	179.0	218.1	15.04	581.0
164.578	0.148	fixation	n/a	164.2	221.8	975.0	n/a	n/a	n/a	n/a
164.728	0.03	saccade	n/a	162.7	222.3	n/a	301.2	205.9	5.51	371.0
164.76	0.236	fixation	n/a	301.3	206.7	934.0	n/a	n/a	n/a	n/a
164.998	0.036	saccade	n/a	303.0	206.9	n/a	371.8	206.1	2.76	284.0
165.036	0.142	fixation	n/a	381.8	204.7	891.0	n/a	n/a	n/a	n/a
165.18	0.036	saccade	n/a	383.9	206.6	n/a	462.1	203.1	3.14	282.0
165.218	0.152	fixation	n/a	471.5	201.7	815.0	n/a	n/a	n/a	n/a
165.372	0.046	saccade	n/a	474.0	200.7	n/a	567.1	207.2	3.73	272.0
165.42	0.164	fixation	n/a	578.8	203.0	744.0	n/a	n/a	n/a	n/a
165.586	0.024	saccade	n/a	581.7	201.7	n/a	656.5	204.8	2.94	222.0
165.612	0.044	fixation	n/a	643.6	204.6	698.0	n/a	n/a	n/a	n/a
165.658	0.072	saccade	n/a	645.8	204.1	n/a	195.0	258.5	17.78	570.0
165.732	0.268	fixation	n/a	177.9	266.1	807.0	n/a	n/a	n/a	n/a
166.002	0.034	saccade	n/a	173.7	267.1	n/a	264.3	267.0	3.57	319.0
166.038	0.134	fixation	n/a	270.0	263.5	839.0	n/a	n/a	n/a	n/a
166.174	0.05	saccade	n/a	270.1	263.0	n/a	418.0	258.5	5.9	390.0
166.226	0.162	fixation	n/a	432.5	257.1	809.0	n/a	n/a	n/a	n/a
166.39	0.036	saccade	n/a	433.5	258.9	n/a	498.5	265.8	2.61	297.0
166.428	0.192	fixation	n/a	509.7	264.6	796.0	n/a	n/a	n/a	n/a
166.62	0.0	trigger_11	11	n/a	n/a	n/a	n/a	n/a	n/a	n/a
166.622	0.036	saccade	n/a	511.0	263.6	n/a	585.3	271.4	2.96	289.0
166.632	0.0	trigger_10	10	n/a	n/a	n/a	n/a	n/a	n/a	n/a
166.66	0.088	fixation	n/a	595.1	269.8	771.0	n/a	n/a	n/a	n/a
166.75	0.068	saccade	n/a	596.8	269.9	n/a	177.6	314.8	16.47	571.0
166.82	0.208	fixation	n/a	161.7	322.1	880.0	n/a	n/a	n/a	n/a
167.03	0.038	saccade	n/a	160.8	324.8	n/a	256.0	324.4	3.72	339.0
167.07	0.186	fixation	n/a	267.9	320.8	866.0	n/a	n/a	n/a	n/a
167.258	0.026	saccade	n/a	267.9	323.0	n/a	365.3	320.1	3.87	294.0
167.286	0.172	fixation	n/a	352.4	321.3	853.0	n/a	n/a	n/a	n/a
167.46	0.036	saccade	n/a	353.1	321.8	n/a	423.1	320.9	2.79	319.0
167.498	0.244	fixation	n/a	437.0	320.4	783.0	n/a	n/a	n/a	n/a
167.744	0.046	saccade	n/a	438.0	321.7	n/a	573.3	325.3	5.35	349.0
167.792	0.284	fixation	n/a	589.0	323.3	749.0	n/a	n/a	n/a	n/a
168.078	0.03	saccade	n/a	591.6	321.6	n/a	626.0	332.2	1.4	187.0
168.11	0.122	fixation	n/a	630.6	330.5	751.0	n/a	n/a	n/a	n/a
168.234	0.04	saccade	n/a	631.1	330.3	n/a	482.6	365.8	5.98	460.0
168.276	0.186	fixation	n/a	461.3	368.7	772.0	n/a	n/a	n/a	n/a
168.464	0.044	saccade	n/a	458.2	365.3	n/a	336.9	290.3	5.67	406.0
168.51	0.316	fixation	n/a	324.4	284.7	922.0	n/a	n/a	n/a	n/a
168.828	0.048	saccade	n/a	321.4	282.3	n/a	255.2	105.6	7.61	457.0
168.878	0.056	fixation	n/a	251.1	104.4	962.0	n/a	n/a	n/a	n/a
168.936	0.038	saccade	n/a	250.0	101.4	n/a	201.7	60.1	2.55	269.0
168.976	0.096	fixation	n/a	193.9	56.2	937.0	n/a	n/a	n/a	n/a
169.074	0.036	saccade	n/a	190.8	55.8	n/a	135.2	61.1	2.19	313.0
169.112	0.23	fixation	n/a	117.2	66.1	905.0	n/a	n/a	n/a	n/a
169.344	0.218	saccade	n/a	126.2	73.5	n/a	164.6	135.5	2.91	797.0
169.37	0.134	blink	n/a	n/a	n/a	n/a	n/a	n/a	n/a	n/a
169.564	0.204	fixation	n/a	168.6	96.5	1067.0	n/a	n/a	n/a	n/a
169.77	0.036	saccade	n/a	169.5	91.6	n/a	232.5	84.1	2.5	255.0
169.808	0.198	fixation	n/a	238.4	76.0	1060.0	n/a	n/a	n/a	n/a
170.008	0.028	saccade	n/a	237.1	72.1	n/a	209.6	64.8	1.13	154.0
170.038	0.302	fixation	n/a	204.4	66.8	975.0	n/a	n/a	n/a	n/a
170.342	0.032	saccade	n/a	206.1	69.1	n/a	254.8	77.0	1.96	222.0
170.376	0.248	fixation	n/a	261.0	73.7	1044.0	n/a	n/a	n/a	n/a
170.59	0.0	trigger_11	11	n/a	n/a	n/a	n/a	n/a	n/a	n/a
170.602	0.0	trigger_10	10	n/a	n/a	n/a	n/a	n/a	n/a	n/a
170.626	0.024	saccade	n/a	261.7	75.7	n/a	328.7	78.4	2.68	215.0
170.652	0.104	fixation	n/a	314.4	78.9	1081.0	n/a	n/a	n/a	n/a
170.758	0.032	saccade	n/a	314.6	78.3	n/a	273.9	77.3	1.63	197.0
170.792	0.132	fixation	n/a	264.6	79.8	1107.0	n/a	n/a	n/a	n/a
170.926	0.036	saccade	n/a	261.6	79.3	n/a	348.9	79.5	3.49	298.0
170.964	0.29	fixation	n/a	357.7	76.4	1084.0	n/a	n/a	n/a	n/a
171.256	0.032	saccade	n/a	360.5	76.2	n/a	417.5	77.4	2.3	244.0
171.29	0.288	fixation	n/a	425.6	76.5	1033.0	n/a	n/a	n/a	n/a
171.58	0.024	saccade	n/a	428.3	79.7	n/a	513.9	79.2	3.44	251.0
171.606	0.16	fixation	n/a	501.6	81.7	1001.0	n/a	n/a	n/a	n/a
171.768	0.028	saccade	n/a	502.3	83.7	n/a	596.6	82.8	3.75	263.0
171.798	0.18	fixation	n/a	587.1	83.6	982.0	n/a	n/a	n/a	n/a
171.98	0.07	saccade	n/a	588.0	83.1	n/a	167.7	98.0	16.56	563.0
172.052	0.15	fixation	n/a	149.7	100.6	1059.0	n/a	n/a	n/a	n/a
172.204	0.038	saccade	n/a	147.0	100.7	n/a	101.1	132.8	2.2	257.0
172.244	0.154	fixation	n/a	88.4	141.5	1075.0	n/a	n/a	n/a	n/a
172.4	0.036	saccade	n/a	86.7	140.0	n/a	98.2	84.8	2.25	190.0
172.438	0.148	fixation	n/a	86.8	82.3	1092.0	n/a	n/a	n/a	n/a
172.588	0.034	saccade	n/a	86.4	81.3	n/a	140.6	82.8	2.1	267.0
172.624	0.256	fixation	n/a	149.2	76.7	1088.0	n/a	n/a	n/a	n/a
172.882	0.038	saccade	n/a	149.4	76.0	n/a	246.2	81.6	3.83	301.0
172.922	0.17	fixation	n/a	252.9	75.6	1103.0	n/a	n/a	n/a	n/a
173.094	0.028	saccade	n/a	253.7	77.7	n/a	365.3	70.5	4.48	321.0
173.124	0.22	fixation	n/a	359.9	70.7	1062.0	n/a	n/a	n/a	n/a
173.238	0.0	trigger_11	11	n/a	n/a	n/a	n/a	n/a	n/a	n/a
173.248	0.0	trigger_10	10	n/a	n/a	n/a	n/a	n/a	n/a	n/a
173.346	0.024	saccade	n/a	362.3	70.4	n/a	446.9	72.9	3.41	253.0
173.372	0.15	fixation	n/a	438.2	72.7	1028.0	n/a	n/a	n/a	n/a
173.524	0.024	saccade	n/a	438.7	72.4	n/a	512.4	74.2	2.96	220.0
173.55	0.14	fixation	n/a	496.5	73.5	1014.0	n/a	n/a	n/a	n/a
173.692	0.026	saccade	n/a	496.5	74.9	n/a	594.8	74.7	3.92	288.0
173.72	0.098	fixation	n/a	591.7	80.5	1001.0	n/a	n/a	n/a	n/a
173.82	0.068	saccade	n/a	591.6	82.9	n/a	168.5	115.8	16.71	555.0
173.89	0.248	fixation	n/a	154.1	122.4	1135.0	n/a	n/a	n/a	n/a
174.14	0.028	saccade	n/a	151.7	124.6	n/a	282.9	137.7	5.21	350.0
174.17	0.17	fixation	n/a	273.0	138.0	1152.0	n/a	n/a	n/a	n/a
174.342	0.03	saccade	n/a	274.0	137.6	n/a	384.7	143.1	4.45	334.0
174.374	0.188	fixation	n/a	379.8	141.7	1138.0	n/a	n/a	n/a	n/a
174.564	0.036	saccade	n/a	382.2	141.4	n/a	464.6	140.9	3.32	293.0
174.602	0.142	fixation	n/a	473.9	140.8	1070.0	n/a	n/a	n/a	n/a
174.746	0.04	saccade	n/a	475.3	142.9	n/a	562.3	154.0	3.5	350.0
174.788	0.128	fixation	n/a	579.0	153.5	1016.0	n/a	n/a	n/a	n/a
174.918	0.078	saccade	n/a	579.3	152.7	n/a	143.9	220.9	17.33	536.0
174.998	0.246	fixation	n/a	130.5	225.4	1088.0	n/a	n/a	n/a	n/a
175.246	0.036	saccade	n/a	132.0	224.1	n/a	211.1	209.4	3.15	334.0
175.284	0.16	fixation	n/a	223.4	203.6	1093.0	n/a	n/a	n/a	n/a
175.446	0.026	saccade	n/a	226.1	201.9	n/a	166.7	130.5	3.72	267.0
175.474	0.06	fixation	n/a	176.9	129.0	1056.0	n/a	n/a	n/a	n/a
175.536	0.024	saccade	n/a	175.4	124.9	n/a	173.3	49.5	3.04	246.0
175.562	0.24	fixation	n/a	177.9	62.9	982.0	n/a	n/a	n/a	n/a
175.804	0.034	saccade	n/a	177.2	64.1	n/a	265.7	78.2	3.56	320.0
175.84	0.15	fixation	n/a	270.7	76.4	999.0	n/a	n/a	n/a	n/a
175.992	0.028	saccade	n/a	271.4	77.8	n/a	387.5	81.5	4.67	311.0
176.022	0.336	fixation	n/a	379.2	85.2	1023.0	n/a	n/a	n/a	n/a
176.36	0.034	saccade	n/a	380.7	88.4	n/a	439.5	86.4	2.37	246.0
176.396	0.186	fixation	n/a	447.4	80.7	1002.0	n/a	n/a	n/a	n/a
176.584	0.026	saccade	n/a	448.6	78.1	n/a	535.5	84.0	3.49	270.0
176.612	0.39	fixation	n/a	529.3	82.6	988.0	n/a	n/a	n/a	n/a
177.004	0.02	saccade	n/a	531.6	81.8	n/a	565.8	83.0	1.36	142.0
177.026	0.378	fixation	n/a	556.2	86.8	995.0	n/a	n/a	n/a	n/a
177.406	0.024	saccade	n/a	554.1	84.7	n/a	608.3	87.3	2.15	190.0
177.432	0.168	fixation	n/a	598.6	87.1	1021.0	n/a	n/a	n/a	n/a
177.602	0.068	saccade	n/a	598.5	85.9	n/a	212.9	139.6	15.43	505.0
177.672	0.148	fixation	n/a	196.0	147.9	1152.0	n/a	n/a	n/a	n/a
177.822	0.034	saccade	n/a	193.9	147.9	n/a	155.5	147.6	1.51	210.0
177.858	0.308	fixation	n/a	143.5	153.2	1182.0	n/a	n/a	n/a	n/a
177.902	0.0	trigger_11	11	n/a	n/a	n/a	n/a	n/a	n/a	n/a
177.91	0.0	trigger_10	10	n/a	n/a	n/a	n/a	n/a	n/a	n/a
178.168	0.032	saccade	n/a	139.4	153.5	n/a	180.2	154.1	1.6	208.0
178.202	0.252	fixation	n/a	186.5	150.8	1189.0	n/a	n/a	n/a	n/a
178.456	0.038	saccade	n/a	187.8	152.4	n/a	270.2	151.7	3.27	301.0
178.496	0.094	fixation	n/a	283.8	150.0	1167.0	n/a	n/a	n/a	n/a
178.592	0.252	saccade	n/a	287.9	159.3	n/a	250.5	248.3	3.9	793.0
178.62	0.172	blink	n/a	n/a	n/a	n/a	n/a	n/a	n/a	n/a
178.846	0.122	fixation	n/a	246.7	180.1	1062.0	n/a	n/a	n/a	n/a
178.97	0.028	saccade	n/a	246.0	155.7	n/a	350.9	147.7	4.21	298.0
179.0	0.172	fixation	n/a	340.4	146.5	1070.0	n/a	n/a	n/a	n/a
179.174	0.056	saccade	n/a	340.9	145.0	n/a	556.3	90.7	8.9	362.0
179.232	0.648	fixation	n/a	577.9	81.7	855.0	n/a	n/a	n/a	n/a
179.882	0.038	saccade	n/a	580.1	77.2	n/a	417.1	63.9	6.54	450.0
179.922	0.186	fixation	n/a	401.3	66.4	906.0	n/a	n/a	n/a	n/a
180.11	0.058	saccade	n/a	396.9	69.7	n/a	149.8	74.8	9.81	502.0
180.17	0.198	fixation	n/a	129.2	80.3	1028.0	n/a	n/a	n/a	n/a
180.37	0.036	saccade	n/a	127.5	81.5	n/a	196.1	82.1	2.69	275.0
180.408	0.196	fixation	n/a	206.8	77.1	1041.0	n/a	n/a	n/a	n/a
180.606	0.032	saccade	n/a	209.1	79.7	n/a	359.0	76.4	5.99	408.0
180.64	0.268	fixation	n/a	356.9	70.8	1046.0	n/a	n/a	n/a	n/a
180.91	0.034	saccade	n/a	361.5	72.5	n/a	454.1	74.0	3.73	318.0
180.946	0.216	fixation	n/a	460.6	70.5	1051.0	n/a	n/a	n/a	n/a
181.164	0.026	saccade	n/a	461.2	69.8	n/a	558.0	72.0	3.87	277.0
181.192	0.27	fixation	n/a	549.8	72.4	990.0	n/a	n/a	n/a	n/a
181.464	0.03	saccade	n/a	549.0	68.8	n/a	521.4	67.4	1.1	157.0
181.496	0.08	fixation	n/a	516.1	69.9	917.0	n/a	n/a	n/a	n/a
181.578	0.03	saccade	n/a	516.1	68.6	n/a	629.7	71.0	4.5	288.0
181.59	0.0	trigger_11	11	n/a	n/a	n/a	n/a	n/a	n/a	n/a
181.598	0.0	trigger_10	10	n/a	n/a	n/a	n/a	n/a	n/a	n/a
181.61	0.07	fixation	n/a	619.2	69.2	880.0	n/a	n/a	n/a	n/a
181.682	0.072	saccade	n/a	621.6	70.4	n/a	170.1	130.4	17.9	561.0
181.756	0.146	fixation	n/a	157.2	139.7	1051.0	n/a	n/a	n/a	n/a
181.904	0.034	saccade	n/a	155.7	143.6	n/a	123.8	136.6	1.28	252.0
181.94	0.1	fixation	n/a	109.0	142.4	1104.0	n/a	n/a	n/a	n/a
182.042	0.04	saccade	n/a	108.9	144.1	n/a	225.4	141.3	4.56	384.0
182.084	0.174	fixation	n/a	238.1	138.8	1125.0	n/a	n/a	n/a	n/a
182.26	0.04	saccade	n/a	239.2	138.8	n/a	338.9	136.2	3.99	332.0
182.302	0.154	fixation	n/a	352.9	131.3	1060.0	n/a	n/a	n/a	n/a
182.458	0.036	saccade	n/a	356.3	132.5	n/a	444.9	135.7	3.57	335.0
182.496	0.194	fixation	n/a	456.2	136.0	933.0	n/a	n/a	n/a	n/a
182.692	0.03	saccade	n/a	459.6	135.8	n/a	503.9	143.8	1.81	214.0
182.724	0.132	fixation	n/a	508.3	141.1	859.0	n/a	n/a	n/a	n/a
182.858	0.048	saccade	n/a	508.8	140.5	n/a	201.0	199.6	12.47	492.0
182.908	0.16	fixation	n/a	187.1	203.3	929.0	n/a	n/a	n/a	n/a
183.07	0.032	saccade	n/a	184.0	204.3	n/a	146.9	203.7	1.45	205.0
183.104	0.154	fixation	n/a	136.3	207.3	940.0	n/a	n/a	n/a	n/a
183.26	0.04	saccade	n/a	134.7	205.6	n/a	237.7	205.3	4.05	353.0
183.302	0.18	fixation	n/a	253.0	202.7	939.0	n/a	n/a	n/a	n/a
183.484	0.028	saccade	n/a	253.8	204.4	n/a	362.7	203.3	4.36	299.0
183.514	0.268	fixation	n/a	357.3	205.3	895.0	n/a	n/a	n/a	n/a
183.784	0.028	saccade	n/a	358.8	206.8	n/a	264.6	116.5	5.27	368.0
183.814	0.068	fixation	n/a	268.9	115.5	866.0	n/a	n/a	n/a	n/a
183.884	0.024	saccade	n/a	266.0	111.5	n/a	195.0	50.1	3.76	281.0
183.91	0.04	fixation	n/a	204.2	62.8	853.0	n/a	n/a	n/a	n/a
183.952	0.006	saccade	n/a	195.6	63.2	n/a	186.5	67.0	0.39	62.0
183.96	0.138	fixation	n/a	187.2	69.0	849.0	n/a	n/a	n/a	n/a
184.1	0.034	saccade	n/a	185.7	67.6	n/a	146.8	67.3	1.53	217.0
184.136	0.25	fixation	n/a	136.3	68.9	904.0	n/a	n/a	n/a	n/a
184.388	0.022	saccade	n/a	134.9	68.4	n/a	201.4	65.5	2.61	216.0
184.412	0.218	fixation	n/a	188.5	64.6	991.0	n/a	n/a	n/a	n/a
184.632	0.038	saccade	n/a	188.5	63.7	n/a	262.7	75.0	2.97	288.0
184.672	0.178	fixation	n/a	274.1	69.0	1045.0	n/a	n/a	n/a	n/a
184.852	0.028	saccade	n/a	275.9	68.6	n/a	380.9	65.9	4.22	284.0
184.882	0.174	fixation	n/a	369.8	66.4	1011.0	n/a	n/a	n/a	n/a
185.058	0.022	saccade	n/a	372.8	66.4	n/a	443.2	63.1	2.84	224.0
185.082	0.142	fixation	n/a	430.4	62.4	935.0	n/a	n/a	n/a	n/a
185.226	0.026	saccade	n/a	431.4	62.2	n/a	546.3	58.7	4.61	309.0
185.254	0.146	fixation	n/a	549.0	63.2	866.0	n/a	n/a	n/a	n/a
185.402	0.068	saccade	n/a	550.8	62.6	n/a	248.0	134.8	12.42	548.0
185.472	0.228	fixation	n/a	232.9	140.1	941.0	n/a	n/a	n/a	n/a
185.702	0.022	saccade	n/a	235.5	143.1	n/a	287.4	132.9	2.11	194.0
185.726	0.156	fixation	n/a	277.9	137.0	966.0	n/a	n/a	n/a	n/a
185.884	0.052	saccade	n/a	278.2	137.6	n/a	161.3	146.1	4.64	365.0
185.938	0.204	fixation	n/a	151.8	147.3	1047.0	n/a	n/a	n/a	n/a
186.144	0.03	saccade	n/a	153.3	147.0	n/a	192.9	144.0	1.56	212.0
186.176	0.212	fixation	n/a	198.0	137.5	1046.0	n/a	n/a	n/a	n/a
186.39	0.042	saccade	n/a	197.8	136.0	n/a	113.9	135.1	3.28	334.0
186.434	0.052	fixation	n/a	99.7	139.0	1066.0	n/a	n/a	n/a	n/a
186.488	0.076	saccade	n/a	98.7	137.6	n/a	533.5	65.8	17.33	523.0
186.566	0.244	fixation	n/a	554.0	70.5	976.0	n/a	n/a	n/a	n/a
186.812	0.036	saccade	n/a	554.7	72.6	n/a	508.6	74.2	1.84	263.0
186.85	0.152	fixation	n/a	495.1	78.3	994.0	n/a	n/a	n/a	n/a
187.004	0.056	saccade	n/a	493.1	81.6	n/a	220.6	146.3	11.19	520.0
187.062	0.122	fixation	n/a	207.2	148.0	1072.0	n/a	n/a	n/a	n/a
187.186	0.038	saccade	n/a	206.1	148.2	n/a	307.3	146.6	4.03	384.0
187.226	0.202	fixation	n/a	324.3	144.1	1088.0	n/a	n/a	n/a	n/a
187.43	0.036	saccade	n/a	324.4	143.1	n/a	403.4	138.1	3.19	336.0
187.468	0.228	fixation	n/a	414.5	138.9	1100.0	n/a	n/a	n/a	n/a
187.698	0.044	saccade	n/a	415.5	140.7	n/a	539.1	146.4	4.96	364.0
187.744	0.234	fixation	n/a	553.9	143.6	1038.0	n/a	n/a	n/a	n/a
187.98	0.038	saccade	n/a	556.6	142.7	n/a	480.8	135.1	3.05	363.0
188.02	0.154	fixation	n/a	461.6	134.1	984.0	n/a	n/a	n/a	n/a
188.176	0.218	saccade	n/a	461.1	138.5	n/a	557.6	184.3	4.28	868.0
188.204	0.136	blink	n/a	n/a	n/a	n/a	n/a	n/a	n/a	n/a
188.396	0.184	fixation	n/a	553.9	155.2	990.0	n/a	n/a	n/a	n/a
188.582	0.03	saccade	n/a	555.0	153.6	n/a	397.8	90.7	6.8	418.0
188.614	0.138	fixation	n/a	394.5	98.6	984.0	n/a	n/a	n/a	n/a
188.754	0.054	saccade	n/a	391.1	93.4	n/a	189.5	66.0	8.11	419.0
188.81	0.178	fixation	n/a	190.7	67.7	870.0	n/a	n/a	n/a	n/a
188.99	0.036	saccade	n/a	188.3	67.6	n/a	140.9	72.7	1.87	284.0
189.028	0.238	fixation	n/a	124.2	79.3	931.0	n/a	n/a	n/a	n/a
189.268	0.032	saccade	n/a	121.3	81.3	n/a	184.9	79.9	2.49	250.0
189.302	0.34	fixation	n/a	186.8	75.2	988.0	n/a	n/a	n/a	n/a
189.644	0.026	saccade	n/a	185.5	75.8	n/a	287.0	73.4	4.03	288.0
189.672	0.184	fixation	n/a	274.5	75.3	1023.0	n/a	n/a	n/a	n/a
189.858	0.034	saccade	n/a	277.0	74.9	n/a	332.5	78.4	2.23	233.0
189.894	0.296	fixation	n/a	340.3	77.7	1062.0	n/a	n/a	n/a	n/a
190.192	0.032	saccade	n/a	342.4	82.2	n/a	408.5	87.8	2.67	256.0
190.226	0.214	fixation	n/a	415.0	80.9	1029.0	n/a	n/a	n/a	n/a
190.442	0.028	saccade	n/a	418.0	80.0	n/a	510.8	80.9	3.73	291.0
190.472	0.114	fixation	n/a	503.8	77.4	983.0	n/a	n/a	n/a	n/a
190.588	0.19	saccade	n/a	501.8	86.6	n/a	500.6	156.5	2.85	884.0
190.616	0.112	blink	n/a	n/a	n/a	n/a	n/a	n/a	n/a	n/a
190.78	0.254	fixation	n/a	497.5	98.2	922.0	n/a	n/a	n/a	n/a
191.036	0.028	saccade	n/a	497.2	91.8	n/a	589.2	88.9	3.67	256.0
191.066	0.102	fixation	n/a	579.1	81.2	894.0	n/a	n/a	n/a	n/a
191.17	0.07	saccade	n/a	580.4	77.8	n/a	158.0	133.6	16.81	602.0
191.242	0.25	fixation	n/a	139.8	137.5	903.0	n/a	n/a	n/a	n/a
191.494	0.032	saccade	n/a	139.9	139.9	n/a	185.0	145.6	1.78	221.0
191.528	0.24	fixation	n/a	190.5	143.6	989.0	n/a	n/a	n/a	n/a
191.77	0.036	saccade	n/a	189.9	146.5	n/a	278.6	150.7	3.52	324.0
191.808	0.29	fixation	n/a	286.5	147.9	1023.0	n/a	n/a	n/a	n/a
192.1	0.03	saccade	n/a	286.3	150.8	n/a	322.1	150.8	1.43	194.0
192.132	0.112	fixation	n/a	325.3	148.3	1034.0	n/a	n/a	n/a	n/a
192.246	0.072	saccade	n/a	325.5	153.1	n/a	276.2	536.0	15.05	435.0
192.32	0.194	fixation	n/a	277.7	556.1	1116.0	n/a	n/a	n/a	n/a
192.374	0.0	trigger_11	11	n/a	n/a	n/a	n/a	n/a	n/a	n/a
192.386	0.0	trigger_12	12	n/a	n/a	n/a	n/a	n/a	n/a	n/a
192.516	0.034	saccade	n/a	278.1	558.4	n/a	236.0	546.6	1.66	246.0
192.552	0.124	fixation	n/a	226.7	547.6	1084.0	n/a	n/a	n/a	n/a
192.678	0.03	saccade	n/a	226.1	545.7	n/a	371.5	543.5	5.56	364.0
192.71	0.202	fixation	n/a	371.1	543.3	937.0	n/a	n/a	n/a	n/a
192.914	0.034	saccade	n/a	374.5	544.0	n/a	422.4	544.8	1.84	241.0
192.95	0.122	fixation	n/a	431.2	543.7	890.0	n/a	n/a	n/a	n/a
193.074	0.038	saccade	n/a	433.3	540.6	n/a	350.8	539.0	3.17	343.0
193.114	0.172	fixation	n/a	334.1	540.4	914.0	n/a	n/a	n/a	n/a
193.288	0.04	saccade	n/a	330.0	540.3	n/a	432.0	542.2	3.92	327.0
193.33	0.202	fixation	n/a	440.8	540.1	945.0	n/a	n/a	n/a	n/a
193.534	0.022	saccade	n/a	442.4	540.0	n/a	477.2	541.2	1.34	153.0
193.558	0.178	fixation	n/a	469.7	540.5	1001.0	n/a	n/a	n/a	n/a
193.738	0.036	saccade	n/a	468.6	540.4	n/a	530.5	549.2	2.39	244.0
193.776	0.158	fixation	n/a	537.8	549.0	949.0	n/a	n/a	n/a	n/a
193.936	0.122	saccade	n/a	539.2	547.9	n/a	197.0	161.3	20.01	564.0
194.046	0.0	trigger_13	13	n/a	n/a	n/a	n/a	n/a	n/a	n/a
194.06	0.22	fixation	n/a	201.6	150.6	1019.0	n/a	n/a	n/a	n/a
194.06	0.0	trigger_10	10	n/a	n/a	n/a	n/a	n/a	n/a	n/a
194.282	0.036	saccade	n/a	203.0	147.5	n/a	281.2	140.8	3.12	303.0
194.32	0.28	fixation	n/a	288.3	133.9	1057.0	n/a	n/a	n/a	n/a
194.602	0.042	saccade	n/a	288.5	136.6	n/a	199.8	96.6	3.88	365.0
194.646	0.082	fixation	n/a	184.8	93.4	1134.0	n/a	n/a	n/a	n/a
194.73	0.038	saccade	n/a	181.9	92.5	n/a	137.5	79.2	1.82	243.0
194.77	0.186	fixation	n/a	127.7	74.7	1101.0	n/a	n/a	n/a	n/a
194.958	0.036	saccade	n/a	125.6	77.8	n/a	216.9	83.9	3.6	318.0
194.996	0.192	fixation	n/a	227.5	80.3	1087.0	n/a	n/a	n/a	n/a
195.19	0.024	saccade	n/a	229.2	83.6	n/a	291.7	84.2	2.49	194.0
195.216	0.142	fixation	n/a	279.9	84.9	1130.0	n/a	n/a	n/a	n/a
195.36	0.036	saccade	n/a	280.9	86.0	n/a	362.8	84.7	3.29	304.0
195.398	0.216	fixation	n/a	371.2	82.0	1143.0	n/a	n/a	n/a	n/a
195.616	0.038	saccade	n/a	373.1	80.9	n/a	469.5	85.7	3.88	343.0
195.656	0.166	fixation	n/a	479.8	81.9	1111.0	n/a	n/a	n/a	n/a
195.824	0.066	saccade	n/a	482.1	80.1	n/a	149.1	83.9	13.19	525.0
195.892	0.402	fixation	n/a	132.2	87.1	1140.0	n/a	n/a	n/a	n/a
196.296	0.024	saccade	n/a	131.0	88.9	n/a	93.3	77.5	1.53	148.0
196.322	0.128	fixation	n/a	100.8	85.3	1197.0	n/a	n/a	n/a	n/a
196.452	0.034	saccade	n/a	100.3	86.6	n/a	188.5	88.4	3.44	325.0
196.488	0.15	fixation	n/a	193.8	83.5	1187.0	n/a	n/a	n/a	n/a
196.64	0.028	saccade	n/a	194.3	82.6	n/a	294.2	78.6	3.98	280.0
196.67	0.17	fixation	n/a	285.0	77.6	1135.0	n/a	n/a	n/a	n/a
196.842	0.026	saccade	n/a	288.6	76.4	n/a	376.3	70.0	3.53	264.0
196.87	0.19	fixation	n/a	366.6	72.1	1094.0	n/a	n/a	n/a	n/a
197.062	0.022	saccade	n/a	369.0	70.0	n/a	418.8	71.6	2.01	146.0
197.086	0.17	fixation	n/a	408.2	73.6	1070.0	n/a	n/a	n/a	n/a
197.258	0.028	saccade	n/a	408.4	75.7	n/a	514.5	77.3	4.26	295.0
197.288	0.166	fixation	n/a	505.3	75.7	1025.0	n/a	n/a	n/a	n/a
197.456	0.022	saccade	n/a	506.4	75.9	n/a	569.4	77.1	2.51	184.0
197.48	0.14	fixation	n/a	560.4	81.3	1015.0	n/a	n/a	n/a	n/a
197.622	0.064	saccade	n/a	561.6	81.6	n/a	198.3	140.8	14.62	561.0
197.688	0.182	fixation	n/a	182.2	146.8	1117.0	n/a	n/a	n/a	n/a
197.872	0.038	saccade	n/a	179.7	147.6	n/a	247.4	147.9	2.68	273.0
197.912	0.168	fixation	n/a	258.2	143.9	1123.0	n/a	n/a	n/a	n/a
198.082	0.04	saccade	n/a	258.0	143.2	n/a	341.6	144.8	3.34	293.0
198.124	0.184	fixation	n/a	353.8	141.2	1102.0	n/a	n/a	n/a	n/a
198.192	0.0	trigger_11	11	n/a	n/a	n/a	n/a	n/a	n/a	n/a
198.21	0.0	trigger_10	10	n/a	n/a	n/a	n/a	n/a	n/a	n/a
198.31	0.024	saccade	n/a	356.6	142.6	n/a	394.8	143.0	1.54	165.0
198.336	0.082	fixation	n/a	389.5	143.8	1056.0	n/a	n/a	n/a	n/a
198.42	0.024	saccade	n/a	391.0	143.2	n/a	490.5	141.5	4.0	302.0
198.446	0.206	fixation	n/a	485.3	141.6	947.0	n/a	n/a	n/a	n/a
198.654	0.03	saccade	n/a	488.4	140.8	n/a	532.7	151.6	1.83	207.0
198.686	0.06	fixation	n/a	536.7	150.8	911.0	n/a	n/a	n/a	n/a
198.748	0.064	saccade	n/a	539.8	150.3	n/a	165.4	200.1	14.93	562.0
198.814	0.156	fixation	n/a	149.7	204.6	998.0	n/a	n/a	n/a	n/a
198.972	0.032	saccade	n/a	148.0	204.9	n/a	119.4	208.6	1.12	183.0
199.006	0.13	fixation	n/a	111.7	211.0	990.0	n/a	n/a	n/a	n/a
199.138	0.038	saccade	n/a	111.2	211.2	n/a	207.8	209.1	3.77	364.0
199.178	0.132	fixation	n/a	218.1	204.5	988.0	n/a	n/a	n/a	n/a
199.312	0.038	saccade	n/a	219.5	205.1	n/a	326.8	204.2	4.28	377.0
199.352	0.194	fixation	n/a	339.8	198.5	920.0	n/a	n/a	n/a	n/a
199.548	0.022	saccade	n/a	341.9	200.4	n/a	399.4	197.4	2.31	189.0
199.572	0.1	fixation	n/a	388.1	197.6	890.0	n/a	n/a	n/a	n/a
199.674	0.03	saccade	n/a	389.4	197.2	n/a	512.0	200.9	4.92	350.0
199.706	0.136	fixation	n/a	505.2	199.9	855.0	n/a	n/a	n/a	n/a
199.844	0.034	saccade	n/a	507.2	201.6	n/a	473.3	196.5	1.37	192.0
199.88	0.114	fixation	n/a	463.0	200.3	851.0	n/a	n/a	n/a	n/a
199.996	0.038	saccade	n/a	462.7	200.7	n/a	537.7	204.7	3.0	291.0
200.036	0.106	fixation	n/a	548.7	203.9	841.0	n/a	n/a	n/a	n/a
200.144	0.062	saccade	n/a	551.1	203.1	n/a	296.0	191.2	10.17	548.0
200.208	0.186	fixation	n/a	295.5	190.1	960.0	n/a	n/a	n/a	n/a
200.396	0.044	saccade	n/a	293.1	187.4	n/a	192.9	77.1	5.99	463.0
200.442	0.114	fixation	n/a	191.0	68.8	1007.0	n/a	n/a	n/a	n/a
200.558	0.036	saccade	n/a	191.3	67.0	n/a	137.8	64.9	2.1	259.0
200.596	0.272	fixation	n/a	126.9	65.6	1025.0	n/a	n/a	n/a	n/a
200.87	0.038	saccade	n/a	125.2	65.2	n/a	218.0	74.8	3.67	334.0
200.91	0.18	fixation	n/a	232.3	73.1	1077.0	n/a	n/a	n/a	n/a
201.092	0.036	saccade	n/a	233.6	75.0	n/a	302.8	73.0	2.76	291.0
201.13	0.16	fixation	n/a	313.5	71.4	1129.0	n/a	n/a	n/a	n/a
201.292	0.026	saccade	n/a	315.3	69.7	n/a	412.8	63.0	3.93	286.0
201.32	0.288	fixation	n/a	404.3	66.8	1036.0	n/a	n/a	n/a	n/a
201.512	0.0	trigger_11	11	n/a	n/a	n/a	n/a	n/a	n/a	n/a
201.528	0.0	trigger_10	10	n/a	n/a	n/a	n/a	n/a	n/a	n/a
201.61	0.03	saccade	n/a	407.8	63.3	n/a	450.3	68.2	1.72	191.0
201.642	0.096	fixation	n/a	453.9	63.0	947.0	n/a	n/a	n/a	n/a
201.74	0.028	saccade	n/a	455.7	62.2	n/a	554.4	61.3	3.95	270.0
201.77	0.088	fixation	n/a	545.2	63.6	903.0	n/a	n/a	n/a	n/a
201.86	0.07	saccade	n/a	545.8	63.6	n/a	160.6	137.7	15.52	534.0
201.932	0.224	fixation	n/a	144.7	148.3	1030.0	n/a	n/a	n/a	n/a
202.158	0.028	saccade	n/a	143.5	150.6	n/a	257.9	126.6	4.62	329.0
202.188	0.202	fixation	n/a	251.6	131.9	1005.0	n/a	n/a	n/a	n/a
202.392	0.028	saccade	n/a	252.0	131.6	n/a	368.9	128.9	4.69	326.0
202.422	0.206	fixation	n/a	359.8	129.0	966.0	n/a	n/a	n/a	n/a
202.63	0.026	saccade	n/a	362.3	128.4	n/a	466.9	128.8	4.21	310.0
202.658	0.166	fixation	n/a	457.9	129.3	913.0	n/a	n/a	n/a	n/a
202.826	0.086	saccade	n/a	460.9	129.0	n/a	152.7	196.1	12.5	481.0
202.914	0.158	fixation	n/a	132.4	202.0	978.0	n/a	n/a	n/a	n/a
203.074	0.038	saccade	n/a	129.1	204.0	n/a	229.7	199.2	3.95	377.0
203.114	0.188	fixation	n/a	242.4	197.2	1034.0	n/a	n/a	n/a	n/a
203.304	0.042	saccade	n/a	242.1	197.5	n/a	350.2	197.4	4.32	372.0
203.348	0.16	fixation	n/a	364.4	196.5	1044.0	n/a	n/a	n/a	n/a
203.51	0.036	saccade	n/a	367.7	197.8	n/a	432.3	199.2	2.6	276.0
203.548	0.156	fixation	n/a	441.9	198.3	972.0	n/a	n/a	n/a	n/a
203.706	0.074	saccade	n/a	442.1	197.6	n/a	138.5	91.0	12.77	530.0
203.782	0.268	fixation	n/a	140.2	75.1	978.0	n/a	n/a	n/a	n/a
204.052	0.04	saccade	n/a	140.5	73.5	n/a	229.4	70.8	3.5	318.0
204.094	0.192	fixation	n/a	242.3	71.4	982.0	n/a	n/a	n/a	n/a
204.288	0.034	saccade	n/a	243.8	77.0	n/a	298.6	83.2	2.21	234.0
204.324	0.178	fixation	n/a	302.8	79.9	1060.0	n/a	n/a	n/a	n/a
204.504	0.038	saccade	n/a	303.6	80.8	n/a	394.3	77.3	3.65	345.0
204.544	0.198	fixation	n/a	407.1	69.0	1015.0	n/a	n/a	n/a	n/a
204.744	0.022	saccade	n/a	408.4	67.9	n/a	371.1	68.7	1.5	136.0
204.768	0.13	fixation	n/a	380.3	68.5	973.0	n/a	n/a	n/a	n/a
204.9	0.022	saccade	n/a	381.7	63.2	n/a	323.9	63.6	2.33	185.0
204.924	0.118	fixation	n/a	337.7	63.0	922.0	n/a	n/a	n/a	n/a
205.044	0.042	saccade	n/a	337.1	63.1	n/a	443.1	67.0	4.26	366.0
205.088	0.216	fixation	n/a	457.2	68.1	903.0	n/a	n/a	n/a	n/a
205.306	0.022	saccade	n/a	458.3	70.0	n/a	513.8	76.3	2.24	186.0
205.33	0.078	fixation	n/a	499.6	79.6	910.0	n/a	n/a	n/a	n/a
205.41	0.062	saccade	n/a	500.3	79.5	n/a	157.8	120.5	13.69	568.0
205.474	0.15	fixation	n/a	141.1	123.5	951.0	n/a	n/a	n/a	n/a
205.626	0.028	saccade	n/a	138.0	125.2	n/a	119.0	141.6	0.99	155.0
205.656	0.09	fixation	n/a	113.6	143.7	956.0	n/a	n/a	n/a	n/a
205.748	0.046	saccade	n/a	111.6	144.4	n/a	244.4	147.0	5.22	356.0
205.796	0.19	fixation	n/a	257.5	147.2	994.0	n/a	n/a	n/a	n/a
205.988	0.038	saccade	n/a	258.5	148.2	n/a	350.5	149.3	3.68	328.0
206.028	0.162	fixation	n/a	359.7	143.2	977.0	n/a	n/a	n/a	n/a
206.192	0.036	saccade	n/a	360.4	145.0	n/a	460.5	141.0	4.03	341.0
206.23	0.21	fixation	n/a	468.2	135.5	860.0	n/a	n/a	n/a	n/a
206.442	0.038	saccade	n/a	471.7	133.6	n/a	543.7	135.7	2.88	281.0
206.482	0.156	fixation	n/a	555.1	134.2	791.0	n/a	n/a	n/a	n/a
206.64	0.024	saccade	n/a	558.6	132.2	n/a	622.3	130.6	2.52	178.0
206.666	0.33	fixation	n/a	619.2	132.1	742.0	n/a	n/a	n/a	n/a
206.998	0.036	saccade	n/a	621.5	133.4	n/a	567.4	124.5	2.17	255.0
207.036	0.198	fixation	n/a	552.3	130.3	760.0	n/a	n/a	n/a	n/a
207.176	0.0	trigger_11	11	n/a	n/a	n/a	n/a	n/a	n/a	n/a
207.194	0.0	trigger_10	10	n/a	n/a	n/a	n/a	n/a	n/a	n/a
207.236	0.034	saccade	n/a	550.4	131.1	n/a	602.6	140.6	2.11	213.0
207.272	0.262	fixation	n/a	605.6	141.7	813.0	n/a	n/a	n/a	n/a
207.536	0.066	saccade	n/a	603.7	141.1	n/a	147.6	210.3	18.1	532.0
207.604	0.194	fixation	n/a	149.3	211.6	911.0	n/a	n/a	n/a	n/a
207.8	0.028	saccade	n/a	148.1	210.8	n/a	124.6	205.4	0.94	144.0
207.83	0.114	fixation	n/a	120.0	210.2	920.0	n/a	n/a	n/a	n/a
207.946	0.036	saccade	n/a	118.5	210.3	n/a	236.5	204.5	4.63	352.0
207.984	0.136	fixation	n/a	244.5	201.5	904.0	n/a	n/a	n/a	n/a
208.122	0.05	saccade	n/a	246.2	200.9	n/a	409.3	198.2	6.51	409.0
208.174	0.25	fixation	n/a	425.6	199.0	827.0	n/a	n/a	n/a	n/a
208.426	0.032	saccade	n/a	429.0	201.0	n/a	476.3	201.0	1.9	244.0
208.46	0.096	fixation	n/a	485.0	198.5	776.0	n/a	n/a	n/a	n/a
208.558	0.044	saccade	n/a	485.9	199.0	n/a	601.6	205.8	4.6	322.0
208.604	0.252	fixation	n/a	613.4	206.9	769.0	n/a	n/a	n/a	n/a
208.858	0.068	saccade	n/a	614.1	208.2	n/a	104.1	264.3	19.97	580.0
208.928	0.18	fixation	n/a	99.6	266.6	861.0	n/a	n/a	n/a	n/a
209.088	0.0	trigger_11	11	n/a	n/a	n/a	n/a	n/a	n/a	n/a
209.108	0.0	trigger_10	10	n/a	n/a	n/a	n/a	n/a	n/a	n/a
209.11	0.042	saccade	n/a	96.9	264.8	n/a	153.5	61.2	8.42	350.0
209.154	0.362	fixation	n/a	161.5	56.4	860.0	n/a	n/a	n/a	n/a
209.518	0.034	saccade	n/a	161.1	59.1	n/a	230.7	67.2	2.77	291.0
209.554	0.266	fixation	n/a	239.2	66.3	918.0	n/a	n/a	n/a	n/a
209.822	0.024	saccade	n/a	239.8	68.3	n/a	148.6	63.9	3.6	281.0
209.848	0.15	fixation	n/a	158.4	72.1	950.0	n/a	n/a	n/a	n/a
210.0	0.028	saccade	n/a	157.2	74.1	n/a	294.0	66.0	5.43	356.0
210.03	0.136	fixation	n/a	284.9	69.4	901.0	n/a	n/a	n/a	n/a
210.168	0.032	saccade	n/a	285.1	69.9	n/a	426.8	67.4	5.69	354.0
210.202	0.138	fixation	n/a	419.1	65.0	864.0	n/a	n/a	n/a	n/a
210.342	0.038	saccade	n/a	419.0	66.6	n/a	374.7	66.3	1.79	266.0
210.382	0.116	fixation	n/a	359.2	68.1	916.0	n/a	n/a	n/a	n/a
210.5	0.036	saccade	n/a	358.7	70.0	n/a	435.6	66.1	3.1	296.0
210.538	0.134	fixation	n/a	442.4	63.6	914.0	n/a	n/a	n/a	n/a
210.674	0.038	saccade	n/a	442.9	64.0	n/a	520.7	77.9	3.17	267.0
210.714	0.108	fixation	n/a	529.7	75.0	900.0	n/a	n/a	n/a	n/a
210.824	0.068	saccade	n/a	531.6	73.7	n/a	134.9	112.7	15.73	574.0
210.894	0.196	fixation	n/a	116.9	116.1	961.0	n/a	n/a	n/a	n/a
211.092	0.026	saccade	n/a	115.6	112.2	n/a	155.5	63.4	2.5	193.0
211.12	0.252	fixation	n/a	151.1	68.4	946.0	n/a	n/a	n/a	n/a
211.374	0.034	saccade	n/a	150.1	70.6	n/a	234.4	68.9	3.32	308.0
211.41	0.164	fixation	n/a	240.0	68.3	967.0	n/a	n/a	n/a	n/a
211.576	0.03	saccade	n/a	241.6	71.7	n/a	377.4	67.3	5.45	377.0
211.608	0.266	fixation	n/a	375.9	65.1	945.0	n/a	n/a	n/a	n/a
211.876	0.026	saccade	n/a	378.7	65.5	n/a	466.1	71.7	3.53	273.0
211.904	0.188	fixation	n/a	457.7	69.6	919.0	n/a	n/a	n/a	n/a
212.094	0.032	saccade	n/a	460.8	70.1	n/a	579.2	72.5	4.73	268.0
212.128	0.234	fixation	n/a	574.9	70.2	871.0	n/a	n/a	n/a	n/a
212.364	0.024	saccade	n/a	577.6	69.0	n/a	652.8	78.5	2.99	235.0
212.39	0.094	fixation	n/a	636.9	77.6	841.0	n/a	n/a	n/a	n/a
212.486	0.06	saccade	n/a	637.4	76.7	n/a	185.8	142.9	17.95	565.0
212.548	0.144	fixation	n/a	178.9	144.3	974.0	n/a	n/a	n/a	n/a
212.694	0.036	saccade	n/a	175.7	144.8	n/a	121.2	142.2	2.13	310.0
212.732	0.116	fixation	n/a	106.2	147.6	1014.0	n/a	n/a	n/a	n/a
212.85	0.042	saccade	n/a	104.3	148.0	n/a	234.4	143.2	5.1	380.0
212.894	0.158	fixation	n/a	248.5	139.4	1003.0	n/a	n/a	n/a	n/a
213.054	0.03	saccade	n/a	251.6	140.1	n/a	402.3	137.6	6.04	422.0
213.086	0.23	fixation	n/a	403.5	136.9	941.0	n/a	n/a	n/a	n/a
213.318	0.018	saccade	n/a	404.8	137.4	n/a	388.0	133.3	0.7	85.0
213.338	0.084	fixation	n/a	392.4	133.4	898.0	n/a	n/a	n/a	n/a
213.424	0.028	saccade	n/a	392.0	134.4	n/a	507.6	130.9	4.64	344.0
213.454	0.242	fixation	n/a	500.5	130.9	815.0	n/a	n/a	n/a	n/a
213.698	0.034	saccade	n/a	502.8	126.4	n/a	555.9	136.2	2.16	254.0
213.734	0.086	fixation	n/a	564.3	133.1	753.0	n/a	n/a	n/a	n/a
213.822	0.066	saccade	n/a	566.5	134.6	n/a	176.6	187.0	15.53	466.0
213.89	0.13	fixation	n/a	173.6	187.4	809.0	n/a	n/a	n/a	n/a
214.022	0.036	saccade	n/a	169.0	189.3	n/a	115.4	195.9	2.11	257.0
214.06	0.166	fixation	n/a	103.2	201.4	837.0	n/a	n/a	n/a	n/a
214.228	0.04	saccade	n/a	103.2	202.2	n/a	203.9	204.0	3.93	352.0
214.27	0.182	fixation	n/a	217.7	202.7	846.0	n/a	n/a	n/a	n/a
214.454	0.034	saccade	n/a	219.2	203.2	n/a	294.2	207.5	2.99	282.0
214.49	0.148	fixation	n/a	302.2	204.0	794.0	n/a	n/a	n/a	n/a
214.64	0.028	saccade	n/a	303.4	202.6	n/a	406.8	198.9	4.15	279.0
214.67	0.308	fixation	n/a	407.8	200.8	726.0	n/a	n/a	n/a	n/a
214.98	0.024	saccade	n/a	410.0	201.3	n/a	490.9	195.9	3.25	256.0
215.006	0.212	fixation	n/a	485.0	196.0	682.0	n/a	n/a	n/a	n/a
215.22	0.026	saccade	n/a	485.9	194.0	n/a	585.4	200.3	3.96	294.0
215.248	0.152	fixation	n/a	575.1	199.7	688.0	n/a	n/a	n/a	n/a
215.402	0.018	saccade	n/a	576.0	198.7	n/a	617.7	202.3	1.65	137.0
215.422	0.06	fixation	n/a	607.9	204.2	664.0	n/a	n/a	n/a	n/a
215.484	0.06	saccade	n/a	609.0	203.9	n/a	189.7	271.2	16.69	555.0
215.546	0.15	fixation	n/a	180.6	272.0	740.0	n/a	n/a	n/a	n/a
215.698	0.034	saccade	n/a	175.9	272.2	n/a	127.8	261.6	1.91	244.0
215.734	0.116	fixation	n/a	116.0	267.0	759.0	n/a	n/a	n/a	n/a
215.852	0.042	saccade	n/a	113.4	266.8	n/a	238.9	262.6	4.9	311.0
215.896	0.216	fixation	n/a	252.5	259.8	757.0	n/a	n/a	n/a	n/a
216.114	0.024	saccade	n/a	254.7	258.4	n/a	343.8	258.3	3.55	266.0
216.14	0.168	fixation	n/a	333.2	262.1	714.0	n/a	n/a	n/a	n/a
216.31	0.046	saccade	n/a	335.4	261.7	n/a	456.9	261.7	4.86	343.0
216.358	0.262	fixation	n/a	474.8	263.7	643.0	n/a	n/a	n/a	n/a
216.622	0.024	saccade	n/a	478.4	265.0	n/a	554.9	263.7	3.04	224.0
216.648	0.204	fixation	n/a	544.4	264.0	604.0	n/a	n/a	n/a	n/a
216.854	0.022	saccade	n/a	543.7	265.1	n/a	509.3	259.4	1.39	130.0
216.878	0.102	fixation	n/a	514.9	262.1	597.0	n/a	n/a	n/a	n/a
216.982	0.024	saccade	n/a	512.9	262.5	n/a	583.9	268.1	2.82	208.0
217.008	0.216	fixation	n/a	573.6	268.6	606.0	n/a	n/a	n/a	n/a
217.226	0.022	saccade	n/a	574.2	267.4	n/a	639.5	266.9	2.56	200.0
217.25	0.14	fixation	n/a	634.7	268.4	611.0	n/a	n/a	n/a	n/a
217.392	0.072	saccade	n/a	633.9	265.5	n/a	236.5	309.9	15.68	457.0
217.466	0.098	fixation	n/a	224.6	312.8	715.0	n/a	n/a	n/a	n/a
217.566	0.044	saccade	n/a	224.1	314.0	n/a	109.5	333.1	4.51	355.0
217.612	0.162	fixation	n/a	93.4	335.9	786.0	n/a	n/a	n/a	n/a
217.776	0.022	saccade	n/a	91.0	336.8	n/a	189.7	323.4	3.84	278.0
217.8	0.222	fixation	n/a	198.6	331.9	776.0	n/a	n/a	n/a	n/a
218.024	0.04	saccade	n/a	202.2	333.2	n/a	309.6	330.1	4.23	347.0
218.066	0.216	fixation	n/a	324.0	327.5	743.0	n/a	n/a	n/a	n/a
218.284	0.02	saccade	n/a	329.2	327.3	n/a	384.8	323.9	2.21	177.0
218.306	0.18	fixation	n/a	375.3	326.4	688.0	n/a	n/a	n/a	n/a
218.336	0.0	trigger_11	11	n/a	n/a	n/a	n/a	n/a	n/a	n/a
218.352	0.0	trigger_10	10	n/a	n/a	n/a	n/a	n/a	n/a	n/a
218.488	0.024	saccade	n/a	378.7	326.4	n/a	445.7	319.8	2.68	182.0
218.514	0.104	fixation	n/a	434.8	317.2	640.0	n/a	n/a	n/a	n/a
218.62	0.026	saccade	n/a	432.2	310.6	n/a	439.6	363.3	2.12	106.0
218.648	0.032	fixation	n/a	446.1	378.0	513.0	n/a	n/a	n/a	n/a
218.682	0.01	saccade	n/a	448.3	371.7	n/a	461.1	357.4	0.76	77.0
218.694	0.262	fixation	n/a	493.2	333.8	609.0	n/a	n/a	n/a	n/a
218.958	0.028	saccade	n/a	497.7	325.2	n/a	595.5	331.5	3.86	245.0
218.988	0.262	fixation	n/a	588.4	333.5	612.0	n/a	n/a	n/a	n/a
219.252	0.018	saccade	n/a	589.5	336.4	n/a	549.4	330.3	1.59	126.0
219.272	0.088	fixation	n/a	559.4	330.9	575.0	n/a	n/a	n/a	n/a
219.362	0.024	saccade	n/a	558.4	331.5	n/a	628.5	334.3	2.74	208.0
219.388	0.114	fixation	n/a	616.8	333.3	561.0	n/a	n/a	n/a	n/a
219.504	0.076	saccade	n/a	616.5	332.9	n/a	167.9	379.3	17.48	426.0
219.582	0.096	fixation	n/a	169.1	380.1	645.0	n/a	n/a	n/a	n/a
219.68	0.032	saccade	n/a	165.5	382.0	n/a	114.0	394.7	2.03	224.0
219.714	0.288	fixation	n/a	100.2	399.9	714.0	n/a	n/a	n/a	n/a
220.004	0.024	saccade	n/a	94.3	398.4	n/a	142.9	385.3	1.92	176.0
220.03	0.118	fixation	n/a	135.4	387.5	757.0	n/a	n/a	n/a	n/a
220.15	0.024	saccade	n/a	135.8	382.6	n/a	175.7	269.3	4.71	313.0
220.176	0.372	fixation	n/a	196.9	244.5	756.0	n/a	n/a	n/a	n/a
220.266	0.0	trigger_11	11	n/a	n/a	n/a	n/a	n/a	n/a	n/a
220.276	0.0	trigger_12	12	n/a	n/a	n/a	n/a	n/a	n/a	n/a
220.55	0.028	saccade	n/a	199.0	243.4	n/a	162.8	105.6	5.72	414.0
220.58	0.072	fixation	n/a	169.5	100.7	780.0	n/a	n/a	n/a	n/a
220.654	0.022	saccade	n/a	168.6	97.7	n/a	169.6	52.7	1.81	125.0
220.678	0.218	fixation	n/a	172.1	64.4	806.0	n/a	n/a	n/a	n/a
220.898	0.032	saccade	n/a	173.4	65.2	n/a	227.6	64.5	2.14	242.0
220.932	0.178	fixation	n/a	234.0	61.7	833.0	n/a	n/a	n/a	n/a
221.112	0.036	saccade	n/a	235.5	63.1	n/a	335.8	63.0	4.0	318.0
221.15	0.192	fixation	n/a	343.9	60.9	912.0	n/a	n/a	n/a	n/a
221.344	0.036	saccade	n/a	345.1	63.5	n/a	428.9	63.4	3.37	288.0
221.382	0.174	fixation	n/a	436.2	61.5	938.0	n/a	n/a	n/a	n/a
221.558	0.028	saccade	n/a	436.3	62.2	n/a	535.0	63.4	3.96	266.0
221.588	0.172	fixation	n/a	524.9	66.3	937.0	n/a	n/a	n/a	n/a
221.762	0.02	saccade	n/a	526.1	67.8	n/a	580.7	73.8	2.19	174.0
221.784	0.08	fixation	n/a	567.0	72.4	909.0	n/a	n/a	n/a	n/a
221.866	0.066	saccade	n/a	565.9	72.6	n/a	168.0	126.1	15.84	595.0
221.934	0.142	fixation	n/a	146.7	130.9	947.0	n/a	n/a	n/a	n/a
222.018	0.0	trigger_13	13	n/a	n/a	n/a	n/a	n/a	n/a	n/a
222.03	0.0	trigger_10	10	n/a	n/a	n/a	n/a	n/a	n/a	n/a
222.078	0.028	saccade	n/a	142.5	131.6	n/a	119.2	129.9	0.91	148.0
222.108	0.116	fixation	n/a	113.4	132.2	929.0	n/a	n/a	n/a	n/a
222.226	0.024	saccade	n/a	111.3	128.5	n/a	120.3	69.6	2.39	169.0
222.252	0.268	fixation	n/a	120.1	80.1	942.0	n/a	n/a	n/a	n/a
222.522	0.04	saccade	n/a	119.8	80.5	n/a	213.3	73.2	3.68	306.0
222.564	0.2	fixation	n/a	226.9	69.7	929.0	n/a	n/a	n/a	n/a
222.766	0.036	saccade	n/a	230.3	72.5	n/a	317.4	73.7	3.48	325.0
222.804	0.348	fixation	n/a	327.1	75.4	948.0	n/a	n/a	n/a	n/a
223.154	0.034	saccade	n/a	324.2	77.3	n/a	402.5	75.0	3.15	312.0
223.19	0.19	fixation	n/a	409.4	75.6	952.0	n/a	n/a	n/a	n/a
223.382	0.028	saccade	n/a	411.0	77.1	n/a	522.8	80.0	4.49	302.0
223.412	0.132	fixation	n/a	513.5	78.4	976.0	n/a	n/a	n/a	n/a
223.546	0.032	saccade	n/a	514.8	78.8	n/a	561.6	86.1	1.89	207.0
223.58	0.09	fixation	n/a	565.7	83.2	985.0	n/a	n/a	n/a	n/a
223.672	0.07	saccade	n/a	569.3	83.4	n/a	174.7	132.6	15.72	557.0
223.744	0.234	fixation	n/a	158.1	134.2	1093.0	n/a	n/a	n/a	n/a
223.98	0.026	saccade	n/a	155.4	133.7	n/a	211.4	64.6	3.56	260.0
224.008	0.256	fixation	n/a	206.6	79.6	1078.0	n/a	n/a	n/a	n/a
224.266	0.036	saccade	n/a	205.1	81.8	n/a	146.7	68.9	2.35	263.0
224.304	0.156	fixation	n/a	137.4	72.4	1110.0	n/a	n/a	n/a	n/a
224.462	0.04	saccade	n/a	137.7	77.1	n/a	241.1	82.2	4.08	340.0
224.504	0.196	fixation	n/a	254.1	81.9	1109.0	n/a	n/a	n/a	n/a
224.702	0.032	saccade	n/a	257.2	83.7	n/a	374.6	82.6	4.71	289.0
224.736	0.186	fixation	n/a	368.5	80.6	1108.0	n/a	n/a	n/a	n/a
224.924	0.026	saccade	n/a	369.8	78.4	n/a	469.8	79.9	4.02	302.0
224.952	0.126	fixation	n/a	460.3	80.0	1059.0	n/a	n/a	n/a	n/a
225.08	0.032	saccade	n/a	461.2	80.8	n/a	423.6	77.6	1.52	231.0
225.114	0.076	fixation	n/a	413.4	78.7	1041.0	n/a	n/a	n/a	n/a
225.192	0.028	saccade	n/a	411.5	77.5	n/a	536.3	80.0	5.0	337.0
225.222	0.238	fixation	n/a	542.3	80.6	993.0	n/a	n/a	n/a	n/a
225.462	0.02	saccade	n/a	546.9	78.4	n/a	574.1	85.4	1.12	121.0
225.484	0.03	fixation	n/a	567.1	84.1	972.0	n/a	n/a	n/a	n/a
225.516	0.068	saccade	n/a	567.6	81.2	n/a	187.5	123.0	15.12	518.0
225.586	0.138	fixation	n/a	168.1	128.1	1056.0	n/a	n/a	n/a	n/a
225.726	0.034	saccade	n/a	164.2	129.1	n/a	131.3	131.3	1.29	214.0
225.762	0.14	fixation	n/a	120.7	137.5	1084.0	n/a	n/a	n/a	n/a
225.904	0.036	saccade	n/a	117.8	136.1	n/a	198.9	147.8	3.21	336.0
225.942	0.136	fixation	n/a	211.8	145.5	1097.0	n/a	n/a	n/a	n/a
226.08	0.022	saccade	n/a	213.4	143.8	n/a	195.9	103.1	1.79	131.0
226.104	0.346	fixation	n/a	199.7	113.8	1077.0	n/a	n/a	n/a	n/a
226.452	0.044	saccade	n/a	197.7	113.4	n/a	320.8	89.2	5.0	398.0
226.498	0.172	fixation	n/a	335.3	85.3	1091.0	n/a	n/a	n/a	n/a
226.658	0.0	trigger_11	11	n/a	n/a	n/a	n/a	n/a	n/a	n/a
226.672	0.034	saccade	n/a	336.6	87.2	n/a	422.9	83.1	3.48	307.0
226.672	0.0	trigger_10	10	n/a	n/a	n/a	n/a	n/a	n/a	n/a
226.708	0.112	fixation	n/a	428.7	79.0	1148.0	n/a	n/a	n/a	n/a
226.822	0.024	saccade	n/a	431.9	79.8	n/a	488.2	80.7	2.27	192.0
226.848	0.078	fixation	n/a	475.0	78.6	1148.0	n/a	n/a	n/a	n/a
226.928	0.214	saccade	n/a	471.3	87.5	n/a	524.9	138.1	2.98	1082.0
226.952	0.126	blink	n/a	n/a	n/a	n/a	n/a	n/a	n/a	n/a
227.144	0.23	fixation	n/a	516.7	92.8	1055.0	n/a	n/a	n/a	n/a
227.376	0.036	saccade	n/a	517.2	90.8	n/a	465.4	80.2	2.12	281.0
227.414	0.11	fixation	n/a	451.1	77.7	1019.0	n/a	n/a	n/a	n/a
227.526	0.03	saccade	n/a	450.9	76.2	n/a	566.5	78.9	4.62	297.0
227.558	0.116	fixation	n/a	561.3	74.5	920.0	n/a	n/a	n/a	n/a
227.676	0.064	saccade	n/a	562.3	70.9	n/a	202.6	124.0	14.41	553.0
227.742	0.15	fixation	n/a	184.5	131.8	1048.0	n/a	n/a	n/a	n/a
227.894	0.034	saccade	n/a	181.6	134.1	n/a	142.1	138.3	1.56	251.0
227.93	0.446	fixation	n/a	128.6	144.7	1141.0	n/a	n/a	n/a	n/a
228.378	0.022	saccade	n/a	124.4	143.1	n/a	144.0	77.2	2.75	209.0
228.402	0.128	fixation	n/a	146.5	85.5	1138.0	n/a	n/a	n/a	n/a
228.532	0.058	saccade	n/a	147.2	85.5	n/a	393.5	70.6	9.79	454.0
228.592	0.28	fixation	n/a	413.3	75.1	1102.0	n/a	n/a	n/a	n/a
228.874	0.056	saccade	n/a	415.2	77.4	n/a	164.7	102.7	10.01	489.0
228.932	0.186	fixation	n/a	143.3	104.0	1175.0	n/a	n/a	n/a	n/a
229.114	0.0	trigger_11	11	n/a	n/a	n/a	n/a	n/a	n/a	n/a
229.12	0.016	saccade	n/a	140.2	97.4	n/a	152.4	84.0	0.72	76.0
229.128	0.0	trigger_10	10	n/a	n/a	n/a	n/a	n/a	n/a	n/a
229.138	0.126	fixation	n/a	146.1	89.3	1139.0	n/a	n/a	n/a	n/a
229.266	0.022	saccade	n/a	146.0	90.0	n/a	212.4	82.9	2.63	229.0
229.29	0.11	fixation	n/a	201.7	85.0	1099.0	n/a	n/a	n/a	n/a
229.402	0.036	saccade	n/a	205.2	83.6	n/a	292.2	82.3	3.46	315.0
229.44	0.198	fixation	n/a	303.4	78.0	1074.0	n/a	n/a	n/a	n/a
229.64	0.026	saccade	n/a	305.0	74.0	n/a	397.1	67.2	3.72	281.0
229.668	0.222	fixation	n/a	388.4	68.3	1031.0	n/a	n/a	n/a	n/a
229.892	0.02	saccade	n/a	389.7	67.2	n/a	426.5	68.1	1.48	139.0
229.914	0.074	fixation	n/a	416.0	67.3	1012.0	n/a	n/a	n/a	n/a
229.99	0.042	saccade	n/a	416.4	68.2	n/a	508.5	75.9	3.71	322.0
230.034	0.19	fixation	n/a	522.9	74.8	967.0	n/a	n/a	n/a	n/a
230.226	0.062	saccade	n/a	524.4	76.0	n/a	173.3	121.2	14.05	554.0
230.29	0.156	fixation	n/a	154.2	124.0	1048.0	n/a	n/a	n/a	n/a
230.448	0.032	saccade	n/a	150.8	124.7	n/a	121.8	131.3	1.16	182.0
230.482	0.18	fixation	n/a	112.2	132.9	1087.0	n/a	n/a	n/a	n/a
230.664	0.026	saccade	n/a	112.9	134.4	n/a	187.1	131.9	2.9	264.0
230.692	0.14	fixation	n/a	176.7	130.4	1139.0	n/a	n/a	n/a	n/a
230.834	0.028	saccade	n/a	177.2	129.2	n/a	295.3	130.3	4.69	325.0
230.864	0.122	fixation	n/a	287.8	127.6	1134.0	n/a	n/a	n/a	n/a
230.922	0.0	trigger_11	11	n/a	n/a	n/a	n/a	n/a	n/a	n/a
230.932	0.0	trigger_10	10	n/a	n/a	n/a	n/a	n/a	n/a	n/a
230.988	0.04	saccade	n/a	288.9	129.7	n/a	383.7	133.0	3.81	311.0
231.03	0.286	fixation	n/a	398.7	132.1	1088.0	n/a	n/a	n/a	n/a
231.318	0.032	saccade	n/a	401.2	134.9	n/a	223.2	90.8	7.34	441.0
231.352	0.044	fixation	n/a	217.2	88.3	1018.0	n/a	n/a	n/a	n/a
231.398	0.028	saccade	n/a	208.0	87.7	n/a	159.4	71.6	2.02	183.0
231.428	0.154	fixation	n/a	142.8	72.4	1003.0	n/a	n/a	n/a	n/a
231.584	0.03	saccade	n/a	138.7	73.2	n/a	109.1	66.7	1.18	194.0
231.616	0.132	fixation	n/a	98.3	71.5	973.0	n/a	n/a	n/a	n/a
231.75	0.036	saccade	n/a	95.5	72.7	n/a	189.0	69.3	3.64	337.0
231.788	0.184	fixation	n/a	199.1	65.6	979.0	n/a	n/a	n/a	n/a
231.974	0.046	saccade	n/a	200.1	66.8	n/a	322.4	70.0	4.87	363.0
232.022	0.24	fixation	n/a	337.3	74.6	1047.0	n/a	n/a	n/a	n/a
232.264	0.032	saccade	n/a	338.1	75.2	n/a	379.2	74.8	1.65	195.0
232.298	0.272	fixation	n/a	385.2	69.4	975.0	n/a	n/a	n/a	n/a
232.572	0.034	saccade	n/a	385.9	69.1	n/a	472.9	79.6	3.53	302.0
232.608	0.278	fixation	n/a	477.9	75.8	1003.0	n/a	n/a	n/a	n/a
232.888	0.042	saccade	n/a	477.1	78.7	n/a	213.8	95.4	10.53	491.0
232.932	0.224	fixation	n/a	206.8	100.3	1096.0	n/a	n/a	n/a	n/a
233.158	0.038	saccade	n/a	205.9	100.2	n/a	134.2	80.9	2.92	351.0
233.198	0.166	fixation	n/a	118.3	78.9	1081.0	n/a	n/a	n/a	n/a
233.366	0.032	saccade	n/a	118.7	79.3	n/a	168.6	77.4	1.95	237.0
233.378	0.0	trigger_11	11	n/a	n/a	n/a	n/a	n/a	n/a	n/a
233.388	0.0	trigger_12	12	n/a	n/a	n/a	n/a	n/a	n/a	n/a
233.4	0.17	fixation	n/a	176.6	73.7	1058.0	n/a	n/a	n/a	n/a
233.572	0.036	saccade	n/a	176.6	72.3	n/a	253.6	82.3	3.08	309.0
233.61	0.116	fixation	n/a	260.4	76.8	1056.0	n/a	n/a	n/a	n/a
233.728	0.028	saccade	n/a	260.5	74.4	n/a	395.2	74.6	5.4	362.0
233.758	0.236	fixation	n/a	389.1	73.4	1021.0	n/a	n/a	n/a	n/a
233.996	0.024	saccade	n/a	391.2	74.2	n/a	467.6	76.5	3.08	263.0
234.022	0.126	fixation	n/a	455.4	75.6	973.0	n/a	n/a	n/a	n/a
234.15	0.042	saccade	n/a	457.4	76.0	n/a	537.4	81.8	3.21	268.0
234.194	0.058	fixation	n/a	544.6	81.4	943.0	n/a	n/a	n/a	n/a
234.254	0.06	saccade	n/a	544.3	81.5	n/a	216.7	139.4	13.24	582.0
234.316	0.294	fixation	n/a	192.2	146.3	1037.0	n/a	n/a	n/a	n/a
234.612	0.038	saccade	n/a	190.0	148.4	n/a	273.5	147.1	3.31	306.0
234.652	0.234	fixation	n/a	284.6	141.5	1067.0	n/a	n/a	n/a	n/a
234.888	0.034	saccade	n/a	286.1	142.5	n/a	352.7	146.2	2.67	277.0
234.924	0.16	fixation	n/a	361.0	142.2	1034.0	n/a	n/a	n/a	n/a
235.086	0.036	saccade	n/a	364.2	140.4	n/a	415.0	140.4	2.05	235.0
235.124	0.226	fixation	n/a	425.3	138.8	981.0	n/a	n/a	n/a	n/a
235.352	0.026	saccade	n/a	425.9	136.1	n/a	376.7	64.5	3.53	228.0
235.38	0.23	fixation	n/a	381.1	64.0	875.0	n/a	n/a	n/a	n/a
235.612	0.246	saccade	n/a	379.6	80.9	n/a	91.4	112.8	11.42	725.0
235.642	0.168	blink	n/a	n/a	n/a	n/a	n/a	n/a	n/a	n/a
235.86	0.232	fixation	n/a	99.2	86.3	934.0	n/a	n/a	n/a	n/a
236.094	0.036	saccade	n/a	98.3	84.8	n/a	162.6	80.1	2.51	302.0
236.132	0.216	fixation	n/a	171.4	72.5	922.0	n/a	n/a	n/a	n/a
236.35	0.036	saccade	n/a	172.1	71.8	n/a	242.3	72.1	2.77	324.0
236.37	0.0	trigger_13	13	n/a	n/a	n/a	n/a	n/a	n/a	n/a
236.376	0.0	trigger_10	10	n/a	n/a	n/a	n/a	n/a	n/a	n/a
236.388	0.24	fixation	n/a	254.4	70.5	874.0	n/a	n/a	n/a	n/a
236.63	0.036	saccade	n/a	255.3	71.8	n/a	332.4	67.7	3.09	297.0
236.668	0.192	fixation	n/a	339.5	65.0	904.0	n/a	n/a	n/a	n/a
236.862	0.038	saccade	n/a	341.0	66.0	n/a	407.1	58.9	2.68	311.0
236.902	0.14	fixation	n/a	416.5	55.5	879.0	n/a	n/a	n/a	n/a
237.044	0.04	saccade	n/a	416.5	55.7	n/a	504.7	64.8	3.56	308.0
237.086	0.264	fixation	n/a	514.9	62.2	844.0	n/a	n/a	n/a	n/a
237.352	0.056	saccade	n/a	515.1	62.5	n/a	203.9	121.7	12.6	569.0
237.41	0.168	fixation	n/a	186.5	131.0	983.0	n/a	n/a	n/a	n/a
237.58	0.034	saccade	n/a	183.9	134.4	n/a	133.6	134.2	1.97	237.0
237.616	0.37	fixation	n/a	121.0	140.7	1127.0	n/a	n/a	n/a	n/a
237.988	0.03	saccade	n/a	119.3	142.9	n/a	224.3	86.6	4.7	322.0
238.02	0.224	fixation	n/a	224.4	91.6	1143.0	n/a	n/a	n/a	n/a
238.246	0.038	saccade	n/a	223.9	90.9	n/a	159.7	79.6	2.57	338.0
238.286	0.392	fixation	n/a	137.2	82.5	1160.0	n/a	n/a	n/a	n/a
238.68	0.036	saccade	n/a	136.0	85.7	n/a	217.6	84.7	3.21	309.0
238.718	0.13	fixation	n/a	225.1	81.1	1158.0	n/a	n/a	n/a	n/a
238.85	0.04	saccade	n/a	226.2	79.4	n/a	158.3	77.2	2.68	336.0
238.892	0.26	fixation	n/a	138.5	79.2	1144.0	n/a	n/a	n/a	n/a
239.154	0.042	saccade	n/a	139.0	79.9	n/a	234.3	87.5	3.76	324.0
239.198	0.136	fixation	n/a	245.9	85.6	1120.0	n/a	n/a	n/a	n/a
239.336	0.022	saccade	n/a	247.8	86.5	n/a	200.2	85.7	1.89	144.0
239.36	0.098	fixation	n/a	210.5	87.7	1096.0	n/a	n/a	n/a	n/a
239.46	0.036	saccade	n/a	210.1	89.1	n/a	293.4	91.6	3.31	261.0
239.498	0.268	fixation	n/a	297.3	87.1	1060.0	n/a	n/a	n/a	n/a
239.768	0.026	saccade	n/a	296.9	88.4	n/a	197.0	83.2	3.99	290.0
239.796	0.374	fixation	n/a	200.9	89.2	1023.0	n/a	n/a	n/a	n/a
240.172	0.038	saccade	n/a	199.5	89.7	n/a	128.9	83.7	2.78	302.0
240.212	0.218	fixation	n/a	112.7	84.8	1100.0	n/a	n/a	n/a	n/a
240.432	0.034	saccade	n/a	113.5	84.0	n/a	190.2	83.2	3.0	308.0
240.468	0.182	fixation	n/a	200.4	79.5	1092.0	n/a	n/a	n/a	n/a
240.652	0.032	saccade	n/a	203.3	80.8	n/a	266.6	84.4	2.52	240.0
240.686	0.17	fixation	n/a	271.3	80.3	1063.0	n/a	n/a	n/a	n/a
240.858	0.028	saccade	n/a	274.2	79.5	n/a	373.7	77.4	4.0	277.0
240.888	0.29	fixation	n/a	366.1	73.1	989.0	n/a	n/a	n/a	n/a
241.18	0.03	saccade	n/a	366.9	69.2	n/a	489.3	72.5	4.93	317.0
241.212	0.298	fixation	n/a	485.5	72.9	908.0	n/a	n/a	n/a	n/a
241.512	0.04	saccade	n/a	487.1	73.5	n/a	556.6	73.1	2.78	209.0
241.554	0.31	fixation	n/a	563.9	70.6	881.0	n/a	n/a	n/a	n/a
241.834	0.0	trigger_11	11	n/a	n/a	n/a	n/a	n/a	n/a	n/a
241.836	0.0	trigger_18	18	n/a	n/a	n/a	n/a	n/a	n/a	n/a
241.866	0.056	saccade	n/a	565.3	70.1	n/a	183.5	128.7	15.28	538.0
241.924	0.148	fixation	n/a	180.4	130.1	914.0	n/a	n/a	n/a	n/a
242.074	0.036	saccade	n/a	176.9	129.5	n/a	129.3	128.5	1.86	245.0
242.112	0.192	fixation	n/a	116.2	133.4	912.0	n/a	n/a	n/a	n/a
242.306	0.016	saccade	n/a	113.5	135.9	n/a	84.6	133.9	1.12	96.0
242.324	0.126	fixation	n/a	94.7	133.3	945.0	n/a	n/a	n/a	n/a
242.452	0.034	saccade	n/a	92.9	133.2	n/a	151.5	142.8	2.3	263.0
242.488	0.158	fixation	n/a	160.1	141.3	971.0	n/a	n/a	n/a	n/a
242.648	0.036	saccade	n/a	161.3	143.1	n/a	243.6	144.8	3.25	325.0
242.686	0.234	fixation	n/a	255.6	140.6	960.0	n/a	n/a	n/a	n/a
242.922	0.02	saccade	n/a	259.0	140.4	n/a	238.2	135.3	0.85	103.0
242.944	0.09	fixation	n/a	243.5	140.2	931.0	n/a	n/a	n/a	n/a
243.036	0.024	saccade	n/a	243.0	142.3	n/a	314.1	134.9	2.86	206.0
243.062	0.148	fixation	n/a	303.5	139.8	920.0	n/a	n/a	n/a	n/a
243.212	0.024	saccade	n/a	305.0	139.5	n/a	364.0	137.5	2.38	199.0
243.238	0.408	fixation	n/a	354.9	138.0	950.0	n/a	n/a	n/a	n/a
243.648	0.024	saccade	n/a	356.3	137.3	n/a	316.1	81.8	2.78	196.0
243.674	0.734	fixation	n/a	326.2	85.7	918.0	n/a	n/a	n/a	n/a
244.41	0.024	saccade	n/a	326.4	88.3	n/a	307.3	152.2	2.72	198.0
244.436	0.268	fixation	n/a	310.0	144.6	990.0	n/a	n/a	n/a	n/a
244.706	0.07	saccade	n/a	309.6	149.6	n/a	364.1	511.4	14.35	455.0
244.778	0.232	fixation	n/a	362.2	530.7	1122.0	n/a	n/a	n/a	n/a
245.012	0.052	saccade	n/a	362.1	531.6	n/a	530.9	548.4	6.51	363.0
245.066	0.154	fixation	n/a	552.2	547.2	875.0	n/a	n/a	n/a	n/a
245.222	0.186	saccade	n/a	556.5	543.3	n/a	335.7	210.8	15.51	327.0
245.25	0.116	blink	n/a	n/a	n/a	n/a	n/a	n/a	n/a	n/a
245.41	0.142	fixation	n/a	332.1	198.3	762.0	n/a	n/a	n/a	n/a
245.554	0.022	saccade	n/a	329.0	190.6	n/a	308.8	139.6	2.23	168.0
245.578	0.118	fixation	n/a	314.8	147.4	779.0	n/a	n/a	n/a	n/a
245.698	0.038	saccade	n/a	313.6	148.2	n/a	244.4	133.5	2.83	331.0
245.738	0.296	fixation	n/a	229.6	138.7	889.0	n/a	n/a	n/a	n/a
246.036	0.04	saccade	n/a	228.2	143.1	n/a	154.0	143.0	2.92	307.0
246.078	0.172	fixation	n/a	138.2	148.8	987.0	n/a	n/a	n/a	n/a
246.252	0.06	saccade	n/a	136.4	150.2	n/a	408.3	77.2	11.17	472.0
246.314	0.072	fixation	n/a	423.1	73.5	930.0	n/a	n/a	n/a	n/a
