onset	duration	trial_type	value	gaze_x	gaze_y	pupil_size	sacc_endx	sacc_endy	sacc_amplitude	sacc_peakvel
2.038	0.352	fixation	n/a	407.3	302.8	808.0	n/a	n/a	n/a	n/a
2.07	0.0	trigger_95	95	n/a	n/a	n/a	n/a	n/a	n/a	n/a
2.076	0.0	trigger_19	19	n/a	n/a	n/a	n/a	n/a	n/a	n/a
2.08	0.0	trigger_10	10	n/a	n/a	n/a	n/a	n/a	n/a	n/a
2.392	0.032	saccade	n/a	409.8	304.2	n/a	458.0	293.5	1.97	223.0
2.426	0.326	fixation	n/a	465.8	287.2	784.0	n/a	n/a	n/a	n/a
2.754	0.026	saccade	n/a	465.2	286.6	n/a	330.3	231.5	5.83	401.0
2.782	0.242	fixation	n/a	306.8	221.2	812.0	n/a	n/a	n/a	n/a
3.026	0.026	saccade	n/a	306.2	221.6	n/a	391.6	250.1	3.61	257.0
3.054	0.432	fixation	n/a	381.9	251.0	876.0	n/a	n/a	n/a	n/a
3.488	0.028	saccade	n/a	380.6	250.9	n/a	471.4	280.9	3.83	287.0
3.518	0.544	fixation	n/a	463.3	288.7	836.0	n/a	n/a	n/a	n/a
4.064	0.196	saccade	n/a	463.5	297.7	n/a	477.1	328.5	1.35	421.0
4.084	0.134	blink	n/a	n/a	n/a	n/a	n/a	n/a	n/a	n/a
4.262	0.182	fixation	n/a	465.6	290.8	727.0	n/a	n/a	n/a	n/a
4.446	0.034	saccade	n/a	464.4	283.2	n/a	310.4	142.2	8.4	417.0
4.482	0.074	fixation	n/a	295.3	132.7	741.0	n/a	n/a	n/a	n/a
4.558	0.038	saccade	n/a	291.0	129.3	n/a	187.1	90.5	4.41	337.0
4.598	0.292	fixation	n/a	177.6	82.1	679.0	n/a	n/a	n/a	n/a
4.892	0.028	saccade	n/a	176.0	82.0	n/a	158.2	74.2	0.77	144.0
4.922	0.152	fixation	n/a	152.0	78.7	733.0	n/a	n/a	n/a	n/a
5.076	0.032	saccade	n/a	153.0	79.5	n/a	127.2	77.3	1.01	199.0
5.11	0.116	fixation	n/a	116.9	81.6	806.0	n/a	n/a	n/a	n/a
5.228	0.038	saccade	n/a	115.3	83.2	n/a	198.2	85.2	3.25	309.0
5.268	0.21	fixation	n/a	208.8	85.5	882.0	n/a	n/a	n/a	n/a
5.48	0.036	saccade	n/a	207.7	86.2	n/a	277.7	85.6	2.78	268.0
5.518	0.28	fixation	n/a	287.0	85.0	960.0	n/a	n/a	n/a	n/a
5.622	0.0	trigger_11	11	n/a	n/a	n/a	n/a	n/a	n/a	n/a
5.624	0.0	trigger_10	10	n/a	n/a	n/a	n/a	n/a	n/a	n/a
5.8	0.028	saccade	n/a	287.6	87.2	n/a	329.4	94.3	1.7	193.0
5.83	0.296	fixation	n/a	335.9	91.2	941.0	n/a	n/a	n/a	n/a
6.128	0.034	saccade	n/a	337.0	89.0	n/a	389.6	96.3	2.14	225.0
6.164	0.368	fixation	n/a	398.9	91.3	862.0	n/a	n/a	n/a	n/a
6.534	0.02	saccade	n/a	401.0	93.5	n/a	429.7	103.7	1.23	109.0
6.556	0.226	fixation	n/a	422.4	101.9	925.0	n/a	n/a	n/a	n/a
6.784	0.034	saccade	n/a	422.5	103.0	n/a	379.8	95.2	1.75	256.0
6.82	0.298	fixation	n/a	367.5	99.5	972.0	n/a	n/a	n/a	n/a
7.12	0.054	saccade	n/a	369.5	99.7	n/a	196.1	87.0	6.94	413.0
7.176	0.274	fixation	n/a	180.7	89.1	964.0	n/a	n/a	n/a	n/a
7.342	0.0	trigger_11	11	n/a	n/a	n/a	n/a	n/a	n/a	n/a
7.35	0.0	trigger_10	10	n/a	n/a	n/a	n/a	n/a	n/a	n/a
7.452	0.036	saccade	n/a	178.7	90.6	n/a	243.3	92.3	2.56	244.0
7.49	0.378	fixation	n/a	251.3	93.8	1005.0	n/a	n/a	n/a	n/a
7.87	0.03	saccade	n/a	250.3	94.2	n/a	141.2	81.6	4.33	326.0
7.902	0.292	fixation	n/a	145.3	90.0	1025.0	n/a	n/a	n/a	n/a
8.196	0.034	saccade	n/a	145.3	91.9	n/a	209.7	93.5	2.53	252.0
8.232	0.178	fixation	n/a	219.3	89.6	1028.0	n/a	n/a	n/a	n/a
8.412	0.04	saccade	n/a	219.7	89.0	n/a	317.4	100.9	3.93	320.0
8.454	0.258	fixation	n/a	330.6	100.4	1035.0	n/a	n/a	n/a	n/a
8.714	0.022	saccade	n/a	333.3	102.5	n/a	365.1	104.9	1.28	140.0
8.738	0.134	fixation	n/a	359.9	102.3	1021.0	n/a	n/a	n/a	n/a
8.874	0.032	saccade	n/a	363.1	101.8	n/a	405.9	105.7	1.73	238.0
8.908	0.254	fixation	n/a	415.2	99.9	934.0	n/a	n/a	n/a	n/a
9.164	0.038	saccade	n/a	414.6	96.9	n/a	209.0	90.7	8.21	431.0
9.204	0.126	fixation	n/a	201.0	92.4	910.0	n/a	n/a	n/a	n/a
9.332	0.032	saccade	n/a	196.6	93.2	n/a	161.2	93.8	1.39	199.0
9.366	0.256	fixation	n/a	146.2	99.5	980.0	n/a	n/a	n/a	n/a
9.624	0.036	saccade	n/a	144.7	101.5	n/a	217.6	96.8	2.88	309.0
9.662	0.282	fixation	n/a	231.3	90.5	995.0	n/a	n/a	n/a	n/a
9.946	0.032	saccade	n/a	233.6	92.3	n/a	283.2	93.5	1.98	251.0
9.98	0.18	fixation	n/a	291.1	91.5	942.0	n/a	n/a	n/a	n/a
10.162	0.03	saccade	n/a	291.5	92.1	n/a	321.3	98.8	1.23	163.0
10.194	0.176	fixation	n/a	323.9	95.3	961.0	n/a	n/a	n/a	n/a
10.372	0.008	saccade	n/a	320.4	95.5	n/a	307.3	94.8	0.53	64.0
10.382	0.422	fixation	n/a	312.5	91.9	912.0	n/a	n/a	n/a	n/a
10.806	0.02	saccade	n/a	315.0	91.9	n/a	295.1	89.5	0.8	105.0
10.828	0.24	fixation	n/a	299.0	89.6	856.0	n/a	n/a	n/a	n/a
11.07	0.02	saccade	n/a	299.9	87.8	n/a	322.7	87.3	0.92	103.0
11.092	0.076	fixation	n/a	317.3	87.2	850.0	n/a	n/a	n/a	n/a
11.17	0.038	saccade	n/a	317.3	87.6	n/a	116.9	87.6	7.91	380.0
11.21	0.292	fixation	n/a	114.9	86.2	823.0	n/a	n/a	n/a	n/a
11.504	0.018	saccade	n/a	116.3	86.4	n/a	134.2	88.1	0.7	76.0
11.524	0.214	fixation	n/a	128.8	89.3	862.0	n/a	n/a	n/a	n/a
11.74	0.056	saccade	n/a	128.0	91.3	n/a	377.0	99.9	9.87	427.0
11.798	0.232	fixation	n/a	395.3	102.9	869.0	n/a	n/a	n/a	n/a
12.032	0.03	saccade	n/a	396.3	106.1	n/a	436.1	104.4	1.61	190.0
12.064	0.122	fixation	n/a	440.6	99.7	843.0	n/a	n/a	n/a	n/a
12.188	0.034	saccade	n/a	442.4	98.5	n/a	485.0	92.2	1.73	206.0
12.224	0.174	fixation	n/a	496.2	87.2	777.0	n/a	n/a	n/a	n/a
12.4	0.036	saccade	n/a	497.0	85.8	n/a	566.9	83.8	2.79	265.0
12.438	0.186	fixation	n/a	578.3	83.4	737.0	n/a	n/a	n/a	n/a
12.626	0.028	saccade	n/a	582.5	82.3	n/a	605.0	88.4	0.92	147.0
12.656	0.092	fixation	n/a	610.6	86.0	723.0	n/a	n/a	n/a	n/a
12.75	0.064	saccade	n/a	612.1	86.5	n/a	143.7	155.3	18.58	503.0
12.816	0.23	fixation	n/a	146.3	159.6	792.0	n/a	n/a	n/a	n/a
13.048	0.034	saccade	n/a	145.9	159.5	n/a	201.1	150.2	2.2	265.0
13.084	0.152	fixation	n/a	212.4	145.4	794.0	n/a	n/a	n/a	n/a
13.238	0.03	saccade	n/a	214.4	145.6	n/a	254.0	144.9	1.57	200.0
13.27	0.204	fixation	n/a	262.1	141.5	744.0	n/a	n/a	n/a	n/a
13.476	0.03	saccade	n/a	263.6	141.9	n/a	396.8	149.2	5.36	353.0
13.508	0.246	fixation	n/a	395.0	147.8	750.0	n/a	n/a	n/a	n/a
13.756	0.026	saccade	n/a	397.4	150.0	n/a	469.8	150.6	2.91	245.0
13.784	0.176	fixation	n/a	463.6	152.3	789.0	n/a	n/a	n/a	n/a
13.962	0.044	saccade	n/a	464.9	152.4	n/a	561.3	148.5	3.86	282.0
14.008	0.164	fixation	n/a	576.4	146.9	754.0	n/a	n/a	n/a	n/a
14.174	0.022	saccade	n/a	576.1	148.2	n/a	639.3	144.4	2.5	200.0
14.198	0.23	fixation	n/a	627.4	144.8	710.0	n/a	n/a	n/a	n/a
14.43	0.064	saccade	n/a	628.1	145.3	n/a	254.0	169.2	14.82	505.0
14.496	0.116	fixation	n/a	237.9	174.1	741.0	n/a	n/a	n/a	n/a
14.614	0.044	saccade	n/a	237.4	175.2	n/a	154.5	194.6	3.36	277.0
14.66	0.188	fixation	n/a	137.8	202.0	795.0	n/a	n/a	n/a	n/a
14.85	0.024	saccade	n/a	136.7	204.1	n/a	198.6	209.7	2.43	209.0
14.876	0.156	fixation	n/a	188.0	210.7	864.0	n/a	n/a	n/a	n/a
15.034	0.034	saccade	n/a	188.8	210.8	n/a	250.2	215.3	2.43	276.0
15.07	0.208	fixation	n/a	258.5	210.4	859.0	n/a	n/a	n/a	n/a
15.28	0.024	saccade	n/a	260.3	210.8	n/a	359.9	207.9	3.99	304.0
15.306	0.194	fixation	n/a	349.6	208.5	801.0	n/a	n/a	n/a	n/a
15.502	0.036	saccade	n/a	350.7	207.1	n/a	418.7	210.1	2.73	229.0
15.54	0.17	fixation	n/a	426.2	208.4	764.0	n/a	n/a	n/a	n/a
15.712	0.034	saccade	n/a	426.5	207.2	n/a	474.0	209.6	1.91	225.0
15.748	0.152	fixation	n/a	482.3	206.5	737.0	n/a	n/a	n/a	n/a
15.902	0.02	saccade	n/a	483.2	206.4	n/a	529.8	207.7	1.86	142.0
15.924	0.136	fixation	n/a	521.1	207.2	704.0	n/a	n/a	n/a	n/a
16.062	0.036	saccade	n/a	522.8	206.4	n/a	585.0	208.2	2.47	244.0
16.1	0.208	fixation	n/a	594.5	206.6	684.0	n/a	n/a	n/a	n/a
16.31	0.062	saccade	n/a	599.0	205.4	n/a	175.6	246.2	16.72	442.0
16.374	0.146	fixation	n/a	172.6	248.2	661.0	n/a	n/a	n/a	n/a
16.522	0.032	saccade	n/a	172.3	250.9	n/a	142.2	255.0	1.18	190.0
16.556	0.132	fixation	n/a	132.1	259.3	678.0	n/a	n/a	n/a	n/a
16.69	0.036	saccade	n/a	132.2	258.8	n/a	198.2	267.0	2.59	205.0
16.728	0.23	fixation	n/a	203.6	265.5	751.0	n/a	n/a	n/a	n/a
16.96	0.026	saccade	n/a	205.9	264.5	n/a	297.0	269.4	3.61	269.0
16.988	0.2	fixation	n/a	292.4	268.1	759.0	n/a	n/a	n/a	n/a
17.19	0.036	saccade	n/a	293.7	269.0	n/a	350.1	271.7	2.25	234.0
17.228	0.116	fixation	n/a	358.8	267.3	768.0	n/a	n/a	n/a	n/a
17.346	0.256	saccade	n/a	360.0	271.3	n/a	469.0	279.0	4.36	591.0
17.366	0.19	blink	n/a	n/a	n/a	n/a	n/a	n/a	n/a	n/a
17.604	0.222	fixation	n/a	466.5	262.1	732.0	n/a	n/a	n/a	n/a
17.828	0.034	saccade	n/a	465.9	259.1	n/a	516.8	269.1	2.07	241.0
17.864	0.142	fixation	n/a	523.4	267.3	743.0	n/a	n/a	n/a	n/a
18.008	0.034	saccade	n/a	523.8	267.1	n/a	596.9	274.8	2.9	240.0
18.044	0.16	fixation	n/a	604.2	269.5	656.0	n/a	n/a	n/a	n/a
18.206	0.02	saccade	n/a	608.3	269.1	n/a	632.0	276.0	0.97	116.0
18.228	0.064	fixation	n/a	628.5	274.8	645.0	n/a	n/a	n/a	n/a
18.294	0.058	saccade	n/a	630.1	275.0	n/a	194.9	332.1	17.15	517.0
18.354	0.16	fixation	n/a	186.0	334.7	677.0	n/a	n/a	n/a	n/a
18.516	0.028	saccade	n/a	181.0	334.9	n/a	166.1	330.5	0.6	134.0
18.546	0.086	fixation	n/a	157.5	333.3	703.0	n/a	n/a	n/a	n/a
18.606	0.0	trigger_11	11	n/a	n/a	n/a	n/a	n/a	n/a	n/a
18.62	0.0	trigger_10	10	n/a	n/a	n/a	n/a	n/a	n/a	n/a
18.634	0.024	saccade	n/a	157.8	333.6	n/a	241.8	329.8	3.28	264.0
18.66	0.262	fixation	n/a	231.7	331.0	741.0	n/a	n/a	n/a	n/a
18.924	0.02	saccade	n/a	233.1	329.2	n/a	268.3	326.8	1.39	148.0
18.946	0.108	fixation	n/a	263.0	328.0	756.0	n/a	n/a	n/a	n/a
19.056	0.036	saccade	n/a	263.4	327.0	n/a	336.6	326.6	2.9	294.0
19.094	0.192	fixation	n/a	350.3	326.4	748.0	n/a	n/a	n/a	n/a
19.288	0.024	saccade	n/a	349.8	326.7	n/a	402.6	320.4	2.12	196.0
19.314	0.17	fixation	n/a	396.3	320.9	734.0	n/a	n/a	n/a	n/a
19.486	0.034	saccade	n/a	399.8	322.2	n/a	469.5	323.4	2.77	255.0
19.522	0.256	fixation	n/a	477.2	322.2	695.0	n/a	n/a	n/a	n/a
19.78	0.024	saccade	n/a	479.4	322.7	n/a	519.8	324.7	1.6	172.0
19.806	0.17	fixation	n/a	516.7	324.6	695.0	n/a	n/a	n/a	n/a
19.978	0.042	saccade	n/a	517.3	324.5	n/a	610.4	326.5	3.65	279.0
20.022	0.118	fixation	n/a	620.2	326.0	696.0	n/a	n/a	n/a	n/a
20.142	0.072	saccade	n/a	613.0	326.9	n/a	166.8	397.7	17.48	495.0
20.216	0.24	fixation	n/a	154.6	403.5	784.0	n/a	n/a	n/a	n/a
20.458	0.02	saccade	n/a	150.5	404.3	n/a	138.6	389.7	0.73	98.0
20.48	0.064	fixation	n/a	138.7	395.8	818.0	n/a	n/a	n/a	n/a
20.546	0.044	saccade	n/a	136.6	394.9	n/a	174.2	147.1	9.88	446.0
20.592	0.232	fixation	n/a	177.2	114.5	802.0	n/a	n/a	n/a	n/a
20.826	0.034	saccade	n/a	180.4	112.8	n/a	144.0	95.5	1.59	215.0
20.862	0.056	fixation	n/a	137.6	94.2	825.0	n/a	n/a	n/a	n/a
20.92	0.236	saccade	n/a	144.8	98.8	n/a	174.0	97.7	1.15	788.0
20.942	0.17	blink	n/a	n/a	n/a	n/a	n/a	n/a	n/a	n/a
21.158	0.15	fixation	n/a	183.3	84.0	872.0	n/a	n/a	n/a	n/a
21.31	0.024	saccade	n/a	185.8	83.3	n/a	259.6	86.3	2.93	217.0
21.336	0.182	fixation	n/a	249.6	88.7	894.0	n/a	n/a	n/a	n/a
21.52	0.028	saccade	n/a	246.9	90.3	n/a	278.5	91.5	1.26	167.0
21.55	0.124	fixation	n/a	281.5	87.9	829.0	n/a	n/a	n/a	n/a
21.676	0.046	saccade	n/a	283.2	86.6	n/a	422.0	86.4	5.57	357.0
21.724	0.282	fixation	n/a	440.0	89.1	837.0	n/a	n/a	n/a	n/a
22.008	0.038	saccade	n/a	442.8	89.0	n/a	512.6	90.9	2.8	279.0
22.048	0.136	fixation	n/a	523.8	85.7	809.0	n/a	n/a	n/a	n/a
22.186	0.034	saccade	n/a	524.2	83.0	n/a	580.2	85.5	2.23	242.0
22.222	0.24	fixation	n/a	587.6	82.2	798.0	n/a	n/a	n/a	n/a
22.464	0.066	saccade	n/a	588.7	83.8	n/a	192.3	137.2	15.82	553.0
22.532	0.142	fixation	n/a	178.0	142.8	869.0	n/a	n/a	n/a	n/a
22.676	0.02	saccade	n/a	174.0	142.9	n/a	141.0	141.9	1.29	118.0
22.698	0.116	fixation	n/a	150.8	142.7	903.0	n/a	n/a	n/a	n/a
22.816	0.042	saccade	n/a	149.9	143.4	n/a	246.4	147.7	3.81	356.0
22.86	0.17	fixation	n/a	261.6	148.2	950.0	n/a	n/a	n/a	n/a
23.032	0.03	saccade	n/a	262.1	149.5	n/a	367.0	152.8	4.21	287.0
23.064	0.254	fixation	n/a	357.6	150.6	937.0	n/a	n/a	n/a	n/a
23.32	0.024	saccade	n/a	358.4	151.3	n/a	434.9	151.8	3.08	241.0
23.346	0.218	fixation	n/a	429.6	153.6	879.0	n/a	n/a	n/a	n/a
23.566	0.024	saccade	n/a	431.7	152.4	n/a	502.5	150.2	2.84	200.0
23.592	0.106	fixation	n/a	491.0	152.2	833.0	n/a	n/a	n/a	n/a
23.7	0.026	saccade	n/a	492.2	151.6	n/a	575.6	150.1	3.33	223.0
23.728	0.184	fixation	n/a	568.5	152.4	806.0	n/a	n/a	n/a	n/a
23.914	0.022	saccade	n/a	567.1	151.9	n/a	620.2	154.1	2.1	185.0
23.938	0.07	fixation	n/a	610.1	153.0	803.0	n/a	n/a	n/a	n/a
24.01	0.072	saccade	n/a	611.5	152.4	n/a	184.9	201.7	16.91	550.0
24.084	0.138	fixation	n/a	172.4	206.7	841.0	n/a	n/a	n/a	n/a
24.224	0.02	saccade	n/a	170.7	209.3	n/a	144.5	204.7	1.04	111.0
24.246	0.132	fixation	n/a	149.3	209.3	876.0	n/a	n/a	n/a	n/a
24.38	0.036	saccade	n/a	148.0	210.3	n/a	204.3	214.0	2.21	259.0
24.418	0.174	fixation	n/a	214.6	211.4	951.0	n/a	n/a	n/a	n/a
24.594	0.038	saccade	n/a	214.1	211.6	n/a	268.4	213.8	2.16	244.0
24.634	0.202	fixation	n/a	282.8	210.5	950.0	n/a	n/a	n/a	n/a
24.838	0.032	saccade	n/a	284.5	209.9	n/a	325.5	214.1	1.65	180.0
24.872	0.22	fixation	n/a	331.0	213.1	914.0	n/a	n/a	n/a	n/a
25.094	0.03	saccade	n/a	329.5	212.8	n/a	398.4	214.9	2.77	196.0
25.126	0.212	fixation	n/a	394.3	213.0	857.0	n/a	n/a	n/a	n/a
25.34	0.042	saccade	n/a	394.8	212.2	n/a	484.8	214.9	3.61	267.0
25.384	0.422	fixation	n/a	499.7	213.8	851.0	n/a	n/a	n/a	n/a
25.808	0.018	saccade	n/a	501.4	212.1	n/a	520.3	207.5	0.78	78.0
25.828	0.278	fixation	n/a	516.7	209.7	846.0	n/a	n/a	n/a	n/a
26.108	0.022	saccade	n/a	517.9	210.0	n/a	581.6	208.2	2.53	208.0
26.132	0.084	fixation	n/a	567.3	207.1	866.0	n/a	n/a	n/a	n/a
26.218	0.134	saccade	n/a	565.4	208.8	n/a	572.4	197.4	0.54	535.0
26.262	0.034	blink	n/a	n/a	n/a	n/a	n/a	n/a	n/a	n/a
26.354	0.204	fixation	n/a	569.8	205.6	876.0	n/a	n/a	n/a	n/a
26.56	0.022	saccade	n/a	571.9	207.1	n/a	606.8	213.6	1.4	146.0
26.584	0.22	fixation	n/a	599.7	214.1	811.0	n/a	n/a	n/a	n/a
26.806	0.07	saccade	n/a	600.0	216.0	n/a	189.4	264.8	16.25	503.0
26.878	0.148	fixation	n/a	176.9	269.0	771.0	n/a	n/a	n/a	n/a
27.028	0.02	saccade	n/a	173.7	270.5	n/a	149.7	268.3	0.94	110.0
27.05	0.1	fixation	n/a	154.3	270.8	806.0	n/a	n/a	n/a	n/a
27.152	0.036	saccade	n/a	154.5	271.5	n/a	230.1	273.5	2.97	256.0
27.19	0.254	fixation	n/a	238.3	270.3	851.0	n/a	n/a	n/a	n/a
27.446	0.032	saccade	n/a	240.5	270.8	n/a	289.7	271.9	1.95	230.0
27.48	0.168	fixation	n/a	295.4	267.8	826.0	n/a	n/a	n/a	n/a
27.65	0.022	saccade	n/a	295.6	267.8	n/a	352.0	264.6	2.26	163.0
27.674	0.16	fixation	n/a	340.1	266.1	798.0	n/a	n/a	n/a	n/a
27.836	0.024	saccade	n/a	340.3	266.1	n/a	416.4	262.6	3.05	225.0
27.862	0.234	fixation	n/a	410.9	263.7	769.0	n/a	n/a	n/a	n/a
28.098	0.038	saccade	n/a	413.7	264.3	n/a	490.1	265.4	3.05	231.0
28.138	0.224	fixation	n/a	499.8	263.8	724.0	n/a	n/a	n/a	n/a
28.364	0.024	saccade	n/a	501.8	265.9	n/a	576.8	266.6	2.97	207.0
28.39	0.23	fixation	n/a	567.8	268.5	697.0	n/a	n/a	n/a	n/a
28.622	0.07	saccade	n/a	568.5	269.4	n/a	188.4	332.3	15.11	468.0
28.694	0.142	fixation	n/a	175.9	336.7	727.0	n/a	n/a	n/a	n/a
28.838	0.028	saccade	n/a	172.8	335.5	n/a	149.3	328.8	0.95	159.0
28.868	0.142	fixation	n/a	140.4	333.1	745.0	n/a	n/a	n/a	n/a
29.012	0.038	saccade	n/a	138.1	333.9	n/a	215.1	324.0	3.02	300.0
29.048	0.0	trigger_11	11	n/a	n/a	n/a	n/a	n/a	n/a	n/a
29.052	0.482	fixation	n/a	227.8	323.6	751.0	n/a	n/a	n/a	n/a
29.056	0.0	trigger_10	10	n/a	n/a	n/a	n/a	n/a	n/a	n/a
29.536	0.022	saccade	n/a	228.1	323.6	n/a	294.7	325.7	2.63	212.0
29.56	0.22	fixation	n/a	284.8	325.7	746.0	n/a	n/a	n/a	n/a
29.782	0.018	saccade	n/a	283.2	324.7	n/a	322.6	323.2	1.56	132.0
29.802	0.148	fixation	n/a	313.9	324.8	751.0	n/a	n/a	n/a	n/a
29.952	0.024	saccade	n/a	314.6	324.6	n/a	398.1	322.8	3.32	235.0
29.978	0.25	fixation	n/a	391.9	324.4	718.0	n/a	n/a	n/a	n/a
30.23	0.024	saccade	n/a	393.0	324.8	n/a	453.0	323.6	2.39	198.0
30.256	0.122	fixation	n/a	443.0	324.0	711.0	n/a	n/a	n/a	n/a
30.38	0.022	saccade	n/a	445.2	322.5	n/a	512.7	322.8	2.68	219.0
30.404	0.134	fixation	n/a	502.3	325.0	700.0	n/a	n/a	n/a	n/a
30.54	0.024	saccade	n/a	504.6	324.6	n/a	570.6	323.9	2.6	201.0
30.566	0.098	fixation	n/a	562.7	325.9	685.0	n/a	n/a	n/a	n/a
30.666	0.064	saccade	n/a	564.5	326.8	n/a	185.0	384.0	14.99	493.0
30.732	0.14	fixation	n/a	171.3	384.6	716.0	n/a	n/a	n/a	n/a
30.874	0.02	saccade	n/a	168.5	384.8	n/a	141.2	389.8	1.07	110.0
30.896	0.092	fixation	n/a	144.1	388.8	742.0	n/a	n/a	n/a	n/a
30.99	0.052	saccade	n/a	140.8	386.4	n/a	179.4	139.1	9.89	421.0
31.044	0.208	fixation	n/a	187.5	118.2	735.0	n/a	n/a	n/a	n/a
31.254	0.03	saccade	n/a	188.1	115.3	n/a	157.7	85.7	1.69	218.0
31.286	0.138	fixation	n/a	151.0	86.1	744.0	n/a	n/a	n/a	n/a
31.426	0.026	saccade	n/a	151.9	85.8	n/a	217.1	80.6	2.58	205.0
31.454	0.194	fixation	n/a	211.0	80.1	762.0	n/a	n/a	n/a	n/a
31.65	0.026	saccade	n/a	210.8	80.2	n/a	299.9	76.1	3.55	254.0
31.678	0.186	fixation	n/a	288.5	76.7	775.0	n/a	n/a	n/a	n/a
31.866	0.036	saccade	n/a	290.5	77.2	n/a	356.1	80.9	2.64	264.0
31.904	0.154	fixation	n/a	366.3	78.5	798.0	n/a	n/a	n/a	n/a
32.06	0.006	saccade	n/a	364.0	78.9	n/a	355.9	79.3	0.33	48.0
32.068	0.11	fixation	n/a	358.1	78.1	803.0	n/a	n/a	n/a	n/a
32.18	0.024	saccade	n/a	358.6	77.5	n/a	428.2	76.3	2.81	197.0
32.206	0.232	fixation	n/a	415.2	79.4	790.0	n/a	n/a	n/a	n/a
32.44	0.02	saccade	n/a	416.1	81.9	n/a	468.3	81.4	2.1	164.0
32.462	0.106	fixation	n/a	456.3	81.5	801.0	n/a	n/a	n/a	n/a
32.57	0.04	saccade	n/a	457.0	81.3	n/a	552.0	86.1	3.81	218.0
32.612	0.252	fixation	n/a	548.0	84.5	794.0	n/a	n/a	n/a	n/a
32.866	0.022	saccade	n/a	548.9	83.5	n/a	593.1	80.9	1.76	158.0
32.89	0.26	fixation	n/a	583.4	80.4	775.0	n/a	n/a	n/a	n/a
33.152	0.016	saccade	n/a	584.6	79.4	n/a	618.4	76.9	1.34	106.0
33.17	0.598	fixation	n/a	610.7	78.0	755.0	n/a	n/a	n/a	n/a
33.77	0.074	saccade	n/a	611.0	78.4	n/a	162.4	120.9	17.71	485.0
33.846	0.146	fixation	n/a	152.0	127.0	834.0	n/a	n/a	n/a	n/a
33.994	0.03	saccade	n/a	150.9	128.6	n/a	124.5	130.2	1.03	161.0
34.026	0.214	fixation	n/a	115.6	135.9	840.0	n/a	n/a	n/a	n/a
34.242	0.038	saccade	n/a	114.6	136.2	n/a	192.5	143.8	3.06	266.0
34.282	0.2	fixation	n/a	202.3	139.6	833.0	n/a	n/a	n/a	n/a
34.484	0.018	saccade	n/a	203.7	138.5	n/a	249.9	133.8	1.84	144.0
34.504	0.138	fixation	n/a	243.9	137.2	818.0	n/a	n/a	n/a	n/a
34.644	0.028	saccade	n/a	245.6	137.9	n/a	349.1	142.9	4.15	286.0
34.674	0.212	fixation	n/a	346.2	141.9	769.0	n/a	n/a	n/a	n/a
34.728	0.0	trigger_11	11	n/a	n/a	n/a	n/a	n/a	n/a	n/a
34.732	0.0	trigger_10	10	n/a	n/a	n/a	n/a	n/a	n/a	n/a
34.888	0.026	saccade	n/a	348.3	141.9	n/a	420.2	139.0	2.9	203.0
34.916	0.174	fixation	n/a	411.6	140.3	755.0	n/a	n/a	n/a	n/a
35.092	0.026	saccade	n/a	413.4	140.5	n/a	501.2	145.5	3.53	261.0
35.12	0.224	fixation	n/a	495.3	148.3	760.0	n/a	n/a	n/a	n/a
35.346	0.026	saccade	n/a	497.0	148.5	n/a	575.5	151.2	3.14	218.0
35.374	0.196	fixation	n/a	563.2	147.8	734.0	n/a	n/a	n/a	n/a
35.572	0.03	saccade	n/a	562.6	147.6	n/a	613.0	154.1	2.01	206.0
35.604	0.036	fixation	n/a	613.1	148.0	711.0	n/a	n/a	n/a	n/a
35.642	0.07	saccade	n/a	615.9	148.3	n/a	205.5	187.7	16.27	493.0
35.714	0.344	fixation	n/a	190.1	194.2	769.0	n/a	n/a	n/a	n/a
36.06	0.028	saccade	n/a	190.0	198.5	n/a	312.0	211.1	4.87	348.0
36.09	0.174	fixation	n/a	312.9	210.2	870.0	n/a	n/a	n/a	n/a
36.266	0.038	saccade	n/a	313.6	212.0	n/a	180.8	140.8	6.01	362.0
36.306	0.292	fixation	n/a	181.2	136.8	843.0	n/a	n/a	n/a	n/a
36.6	0.04	saccade	n/a	180.6	136.5	n/a	254.0	148.2	2.95	295.0
36.642	0.306	fixation	n/a	266.9	158.3	908.0	n/a	n/a	n/a	n/a
36.95	0.03	saccade	n/a	266.8	161.9	n/a	171.3	87.0	4.85	337.0
36.982	0.162	fixation	n/a	177.0	93.6	941.0	n/a	n/a	n/a	n/a
37.146	0.03	saccade	n/a	176.9	92.8	n/a	158.8	85.2	0.77	145.0
37.178	0.132	fixation	n/a	150.7	85.3	879.0	n/a	n/a	n/a	n/a
37.312	0.024	saccade	n/a	151.3	84.2	n/a	217.6	81.6	2.61	200.0
37.338	0.144	fixation	n/a	207.6	83.7	872.0	n/a	n/a	n/a	n/a
37.484	0.034	saccade	n/a	208.9	83.8	n/a	275.5	84.6	2.65	257.0
37.52	0.23	fixation	n/a	283.8	81.1	891.0	n/a	n/a	n/a	n/a
37.752	0.022	saccade	n/a	285.4	81.5	n/a	338.3	81.7	2.12	171.0
37.776	0.204	fixation	n/a	328.1	82.9	865.0	n/a	n/a	n/a	n/a
37.982	0.022	saccade	n/a	329.2	83.0	n/a	362.0	81.9	1.32	142.0
38.006	0.112	fixation	n/a	355.8	81.0	841.0	n/a	n/a	n/a	n/a
38.12	0.024	saccade	n/a	355.6	80.9	n/a	429.0	85.5	2.97	235.0
38.146	0.182	fixation	n/a	418.4	85.2	844.0	n/a	n/a	n/a	n/a
38.152	0.0	trigger_11	11	n/a	n/a	n/a	n/a	n/a	n/a	n/a
38.16	0.0	trigger_10	10	n/a	n/a	n/a	n/a	n/a	n/a	n/a
38.33	0.032	saccade	n/a	417.7	86.3	n/a	525.5	89.9	4.33	268.0
38.364	0.416	fixation	n/a	519.5	85.0	833.0	n/a	n/a	n/a	n/a
38.782	0.022	saccade	n/a	521.6	82.8	n/a	564.4	82.2	1.71	148.0
38.806	0.21	fixation	n/a	556.8	81.5	787.0	n/a	n/a	n/a	n/a
39.018	0.02	saccade	n/a	557.7	81.6	n/a	586.7	80.8	1.15	112.0
39.04	0.126	fixation	n/a	579.9	85.5	833.0	n/a	n/a	n/a	n/a
39.168	0.026	saccade	n/a	580.1	90.0	n/a	648.4	91.4	2.69	211.0
39.196	0.192	fixation	n/a	638.1	93.5	883.0	n/a	n/a	n/a	n/a
39.39	0.08	saccade	n/a	639.5	94.0	n/a	175.9	134.9	18.29	530.0
39.472	0.342	fixation	n/a	169.4	144.4	958.0	n/a	n/a	n/a	n/a
39.816	0.038	saccade	n/a	172.0	148.9	n/a	246.9	158.8	2.99	314.0
39.856	0.158	fixation	n/a	258.3	158.3	1044.0	n/a	n/a	n/a	n/a
40.016	0.026	saccade	n/a	259.1	158.0	n/a	186.1	94.8	3.86	278.0
40.044	0.38	fixation	n/a	194.3	101.2	997.0	n/a	n/a	n/a	n/a
40.426	0.022	saccade	n/a	191.4	102.0	n/a	154.9	77.1	1.75	160.0
40.45	0.29	fixation	n/a	159.6	85.5	1020.0	n/a	n/a	n/a	n/a
40.742	0.032	saccade	n/a	159.8	85.1	n/a	207.4	84.5	1.87	226.0
40.776	0.102	fixation	n/a	215.0	81.7	982.0	n/a	n/a	n/a	n/a
40.88	0.036	saccade	n/a	216.0	82.0	n/a	275.0	84.0	2.35	270.0
40.918	0.122	fixation	n/a	286.5	82.7	974.0	n/a	n/a	n/a	n/a
41.042	0.034	saccade	n/a	288.8	84.8	n/a	348.6	91.4	2.42	245.0
41.078	0.348	fixation	n/a	357.8	94.5	1014.0	n/a	n/a	n/a	n/a
41.428	0.034	saccade	n/a	359.9	96.0	n/a	420.4	99.9	2.44	246.0
41.464	0.2	fixation	n/a	429.1	95.8	931.0	n/a	n/a	n/a	n/a
41.666	0.024	saccade	n/a	431.2	94.1	n/a	488.7	93.8	2.31	176.0
41.692	0.204	fixation	n/a	478.8	91.0	872.0	n/a	n/a	n/a	n/a
41.898	0.024	saccade	n/a	479.8	91.4	n/a	543.1	91.2	2.53	199.0
41.924	0.146	fixation	n/a	532.4	90.0	845.0	n/a	n/a	n/a	n/a
42.072	0.022	saccade	n/a	533.4	90.0	n/a	600.2	93.0	2.66	203.0
42.096	0.092	fixation	n/a	585.7	91.9	825.0	n/a	n/a	n/a	n/a
42.19	0.074	saccade	n/a	586.1	90.2	n/a	160.0	132.7	16.9	520.0
42.266	0.31	fixation	n/a	147.7	138.0	875.0	n/a	n/a	n/a	n/a
42.578	0.03	saccade	n/a	147.4	139.1	n/a	210.7	151.7	2.54	245.0
42.61	0.164	fixation	n/a	212.7	148.4	958.0	n/a	n/a	n/a	n/a
42.776	0.032	saccade	n/a	213.9	149.2	n/a	270.6	157.3	2.28	248.0
42.81	0.25	fixation	n/a	275.6	152.4	1015.0	n/a	n/a	n/a	n/a
43.062	0.034	saccade	n/a	275.6	152.5	n/a	349.8	153.0	2.97	294.0
43.098	0.146	fixation	n/a	358.6	149.4	964.0	n/a	n/a	n/a	n/a
43.246	0.028	saccade	n/a	359.3	149.7	n/a	340.2	145.2	0.79	134.0
43.276	0.106	fixation	n/a	334.7	149.1	940.0	n/a	n/a	n/a	n/a
43.384	0.036	saccade	n/a	335.3	150.3	n/a	404.5	150.9	2.78	290.0
43.422	0.182	fixation	n/a	416.6	150.7	921.0	n/a	n/a	n/a	n/a
43.606	0.024	saccade	n/a	418.0	151.7	n/a	483.9	149.0	2.65	192.0
43.632	0.164	fixation	n/a	476.9	150.9	888.0	n/a	n/a	n/a	n/a
43.798	0.022	saccade	n/a	479.7	150.4	n/a	512.7	154.1	1.33	148.0
43.822	0.094	fixation	n/a	509.5	152.5	856.0	n/a	n/a	n/a	n/a
43.918	0.026	saccade	n/a	510.9	152.4	n/a	577.6	155.1	2.66	187.0
43.946	0.158	fixation	n/a	568.2	153.9	810.0	n/a	n/a	n/a	n/a
44.106	0.02	saccade	n/a	569.4	152.1	n/a	601.0	155.2	1.26	126.0
44.128	0.068	fixation	n/a	593.1	154.9	800.0	n/a	n/a	n/a	n/a
44.198	0.068	saccade	n/a	594.0	153.6	n/a	186.4	207.9	16.23	536.0
44.268	0.132	fixation	n/a	171.3	211.0	821.0	n/a	n/a	n/a	n/a
44.402	0.03	saccade	n/a	169.9	212.7	n/a	152.7	202.7	0.78	149.0
44.434	0.202	fixation	n/a	140.8	208.1	842.0	n/a	n/a	n/a	n/a
44.638	0.032	saccade	n/a	139.0	210.9	n/a	196.5	217.7	2.27	249.0
44.672	0.212	fixation	n/a	202.5	215.9	918.0	n/a	n/a	n/a	n/a
44.886	0.036	saccade	n/a	202.0	215.0	n/a	269.3	213.7	2.67	258.0
44.924	0.254	fixation	n/a	280.1	210.2	877.0	n/a	n/a	n/a	n/a
44.93	0.0	trigger_11	11	n/a	n/a	n/a	n/a	n/a	n/a	n/a
44.932	0.0	trigger_10	10	n/a	n/a	n/a	n/a	n/a	n/a	n/a
45.18	0.018	saccade	n/a	279.1	210.7	n/a	257.0	213.7	0.89	96.0
45.2	0.166	fixation	n/a	261.1	214.3	835.0	n/a	n/a	n/a	n/a
45.368	0.038	saccade	n/a	259.0	215.6	n/a	339.6	218.3	3.23	308.0
45.408	0.252	fixation	n/a	354.0	217.7	847.0	n/a	n/a	n/a	n/a
45.662	0.034	saccade	n/a	354.8	217.5	n/a	413.5	220.1	2.36	237.0
45.698	0.12	fixation	n/a	422.3	220.2	842.0	n/a	n/a	n/a	n/a
45.82	0.032	saccade	n/a	423.3	221.3	n/a	388.9	217.8	1.39	194.0
45.854	0.172	fixation	n/a	379.3	219.5	801.0	n/a	n/a	n/a	n/a
46.028	0.04	saccade	n/a	379.7	217.2	n/a	250.9	123.9	6.4	397.0
46.07	0.056	fixation	n/a	250.2	118.4	747.0	n/a	n/a	n/a	n/a
46.128	0.034	saccade	n/a	248.4	114.8	n/a	213.0	92.5	1.67	196.0
46.164	0.218	fixation	n/a	202.7	92.3	741.0	n/a	n/a	n/a	n/a
46.384	0.026	saccade	n/a	201.9	91.5	n/a	180.5	83.2	0.91	154.0
46.412	0.132	fixation	n/a	175.4	86.4	764.0	n/a	n/a	n/a	n/a
46.546	0.032	saccade	n/a	173.5	87.0	n/a	140.6	81.9	1.31	202.0
46.562	0.0	trigger_11	11	n/a	n/a	n/a	n/a	n/a	n/a	n/a
46.568	0.0	trigger_10	10	n/a	n/a	n/a	n/a	n/a	n/a	n/a
46.58	0.216	fixation	n/a	129.8	84.7	780.0	n/a	n/a	n/a	n/a
46.798	0.034	saccade	n/a	129.8	84.8	n/a	184.7	87.3	2.15	274.0
46.834	0.31	fixation	n/a	197.0	84.3	816.0	n/a	n/a	n/a	n/a
47.146	0.036	saccade	n/a	196.5	85.4	n/a	148.5	82.6	1.89	239.0
47.184	0.12	fixation	n/a	136.6	85.9	835.0	n/a	n/a	n/a	n/a
47.306	0.034	saccade	n/a	136.4	85.4	n/a	213.1	87.4	3.01	249.0
47.342	0.17	fixation	n/a	218.2	84.3	831.0	n/a	n/a	n/a	n/a
47.514	0.03	saccade	n/a	218.6	84.0	n/a	356.8	88.6	5.53	349.0
47.546	0.184	fixation	n/a	354.9	88.4	818.0	n/a	n/a	n/a	n/a
47.732	0.022	saccade	n/a	356.7	88.5	n/a	413.3	85.2	2.29	196.0
47.756	0.142	fixation	n/a	404.6	85.6	800.0	n/a	n/a	n/a	n/a
47.9	0.03	saccade	n/a	407.6	86.0	n/a	524.8	81.5	4.71	301.0
47.932	0.422	fixation	n/a	520.3	82.3	763.0	n/a	n/a	n/a	n/a
48.356	0.046	saccade	n/a	520.5	81.6	n/a	381.2	76.9	5.6	409.0
48.404	0.138	fixation	n/a	362.6	78.4	780.0	n/a	n/a	n/a	n/a
48.544	0.038	saccade	n/a	361.5	78.9	n/a	296.6	80.3	2.61	304.0
48.584	0.19	fixation	n/a	278.3	86.5	858.0	n/a	n/a	n/a	n/a
48.776	0.042	saccade	n/a	276.0	88.3	n/a	178.1	82.4	3.89	345.0
48.82	0.276	fixation	n/a	160.3	85.5	923.0	n/a	n/a	n/a	n/a
49.098	0.03	saccade	n/a	160.6	86.2	n/a	197.3	88.9	1.45	206.0
49.13	0.206	fixation	n/a	205.3	86.0	946.0	n/a	n/a	n/a	n/a
49.338	0.034	saccade	n/a	207.5	87.1	n/a	278.7	91.6	2.84	272.0
49.374	0.238	fixation	n/a	288.9	88.0	908.0	n/a	n/a	n/a	n/a
49.614	0.032	saccade	n/a	290.2	88.3	n/a	349.4	93.1	2.39	232.0
49.648	0.17	fixation	n/a	357.1	88.6	891.0	n/a	n/a	n/a	n/a
49.82	0.024	saccade	n/a	359.5	87.9	n/a	425.4	88.2	2.66	222.0
49.846	0.136	fixation	n/a	418.1	84.3	844.0	n/a	n/a	n/a	n/a
49.984	0.022	saccade	n/a	420.3	82.9	n/a	486.6	83.1	2.67	205.0
50.008	0.252	fixation	n/a	477.3	83.0	801.0	n/a	n/a	n/a	n/a
50.262	0.062	saccade	n/a	478.1	83.5	n/a	168.1	145.2	12.55	468.0
50.326	0.26	fixation	n/a	151.8	151.3	881.0	n/a	n/a	n/a	n/a
50.588	0.052	saccade	n/a	151.5	153.3	n/a	261.7	166.4	4.38	176.0
50.642	0.304	fixation	n/a	290.6	152.3	933.0	n/a	n/a	n/a	n/a
50.906	0.0	trigger_11	11	n/a	n/a	n/a	n/a	n/a	n/a	n/a
50.91	0.0	trigger_10	10	n/a	n/a	n/a	n/a	n/a	n/a	n/a
50.948	0.034	saccade	n/a	291.9	147.9	n/a	352.8	156.6	2.47	239.0
50.984	0.212	fixation	n/a	361.0	153.0	885.0	n/a	n/a	n/a	n/a
51.198	0.028	saccade	n/a	361.5	151.0	n/a	470.5	152.1	4.39	303.0
51.228	0.204	fixation	n/a	466.2	151.1	830.0	n/a	n/a	n/a	n/a
51.434	0.04	saccade	n/a	468.3	151.3	n/a	556.4	156.3	3.53	280.0
51.476	0.206	fixation	n/a	567.9	153.6	780.0	n/a	n/a	n/a	n/a
51.684	0.022	saccade	n/a	569.8	152.2	n/a	629.6	151.9	2.36	174.0
51.708	0.104	fixation	n/a	618.1	148.9	747.0	n/a	n/a	n/a	n/a
51.814	0.064	saccade	n/a	620.3	147.9	n/a	168.7	193.9	17.84	519.0
51.88	0.138	fixation	n/a	166.3	196.7	765.0	n/a	n/a	n/a	n/a
52.02	0.028	saccade	n/a	164.9	198.0	n/a	142.0	193.1	0.92	153.0
52.05	0.196	fixation	n/a	133.8	199.7	802.0	n/a	n/a	n/a	n/a
52.248	0.03	saccade	n/a	132.7	201.7	n/a	171.3	213.2	1.58	186.0
52.28	0.158	fixation	n/a	176.1	210.5	866.0	n/a	n/a	n/a	n/a
52.354	0.0	trigger_11	11	n/a	n/a	n/a	n/a	n/a	n/a	n/a
52.356	0.0	trigger_12	12	n/a	n/a	n/a	n/a	n/a	n/a	n/a
52.44	0.036	saccade	n/a	176.7	211.5	n/a	273.3	110.3	5.6	291.0
52.478	0.136	fixation	n/a	276.6	99.2	847.0	n/a	n/a	n/a	n/a
52.616	0.018	saccade	n/a	279.5	93.7	n/a	262.2	85.3	0.77	62.0
52.636	0.098	fixation	n/a	268.4	87.3	834.0	n/a	n/a	n/a	n/a
52.736	0.032	saccade	n/a	268.6	87.7	n/a	429.7	86.9	6.47	391.0
52.77	0.344	fixation	n/a	435.2	90.7	840.0	n/a	n/a	n/a	n/a
53.116	0.056	saccade	n/a	436.6	94.8	n/a	271.6	82.6	6.65	426.0
53.174	0.092	fixation	n/a	271.6	82.2	895.0	n/a	n/a	n/a	n/a
53.268	0.046	saccade	n/a	270.9	82.7	n/a	169.4	90.0	4.03	397.0
53.316	0.188	fixation	n/a	156.9	93.1	907.0	n/a	n/a	n/a	n/a
53.506	0.028	saccade	n/a	157.3	93.3	n/a	193.2	91.5	1.42	192.0
53.536	0.144	fixation	n/a	197.6	88.5	927.0	n/a	n/a	n/a	n/a
53.682	0.04	saccade	n/a	198.8	89.0	n/a	298.5	89.8	3.97	334.0
53.724	0.378	fixation	n/a	312.7	90.2	952.0	n/a	n/a	n/a	n/a
54.104	0.04	saccade	n/a	314.7	90.8	n/a	218.6	91.9	3.84	349.0
54.146	0.44	fixation	n/a	198.6	101.1	970.0	n/a	n/a	n/a	n/a
54.588	0.036	saccade	n/a	196.9	100.7	n/a	164.4	94.2	1.31	199.0
54.626	0.078	fixation	n/a	151.8	94.8	1043.0	n/a	n/a	n/a	n/a
54.706	0.038	saccade	n/a	151.4	94.1	n/a	225.2	95.0	2.91	299.0
54.746	0.18	fixation	n/a	237.1	92.9	1054.0	n/a	n/a	n/a	n/a
54.928	0.024	saccade	n/a	236.2	92.7	n/a	305.3	94.3	2.76	210.0
54.954	0.124	fixation	n/a	292.9	93.9	1042.0	n/a	n/a	n/a	n/a
55.08	0.026	saccade	n/a	293.8	92.3	n/a	376.4	97.5	3.32	246.0
55.108	0.166	fixation	n/a	368.7	95.5	992.0	n/a	n/a	n/a	n/a
55.276	0.036	saccade	n/a	370.0	93.6	n/a	435.2	97.1	2.63	232.0
55.314	0.402	fixation	n/a	445.9	92.7	923.0	n/a	n/a	n/a	n/a
55.354	0.0	trigger_13	13	n/a	n/a	n/a	n/a	n/a	n/a	n/a
55.718	0.028	saccade	n/a	449.4	91.4	n/a	555.1	96.3	4.24	290.0
55.748	0.172	fixation	n/a	554.4	94.7	901.0	n/a	n/a	n/a	n/a
55.922	0.024	saccade	n/a	557.2	94.7	n/a	602.5	95.8	1.8	156.0
55.948	0.09	fixation	n/a	594.7	94.4	882.0	n/a	n/a	n/a	n/a
56.04	0.07	saccade	n/a	596.5	94.1	n/a	197.6	139.0	15.87	518.0
56.112	0.16	fixation	n/a	184.3	145.2	893.0	n/a	n/a	n/a	n/a
56.274	0.028	saccade	n/a	182.5	145.3	n/a	160.9	142.9	0.85	146.0
56.304	0.116	fixation	n/a	153.9	147.2	903.0	n/a	n/a	n/a	n/a
56.422	0.038	saccade	n/a	152.3	148.5	n/a	233.3	155.2	3.2	327.0
56.462	0.274	fixation	n/a	245.6	154.2	979.0	n/a	n/a	n/a	n/a
56.738	0.038	saccade	n/a	245.2	155.2	n/a	313.5	157.0	2.73	290.0
56.778	0.26	fixation	n/a	326.5	156.5	954.0	n/a	n/a	n/a	n/a
57.04	0.024	saccade	n/a	328.2	154.6	n/a	358.2	93.4	2.77	186.0
57.066	0.172	fixation	n/a	355.5	100.3	896.0	n/a	n/a	n/a	n/a
57.24	0.036	saccade	n/a	355.5	100.0	n/a	312.7	92.5	1.75	250.0
57.242	0.0	trigger_15	15	n/a	n/a	n/a	n/a	n/a	n/a	n/a
57.244	0.0	trigger_10	10	n/a	n/a	n/a	n/a	n/a	n/a	n/a
57.278	0.306	fixation	n/a	296.5	94.3	936.0	n/a	n/a	n/a	n/a
57.586	0.05	saccade	n/a	292.1	98.5	n/a	161.8	90.8	5.17	380.0
57.638	0.226	fixation	n/a	150.1	93.1	996.0	n/a	n/a	n/a	n/a
57.866	0.03	saccade	n/a	149.2	94.2	n/a	191.0	95.2	1.64	220.0
57.898	0.104	fixation	n/a	198.2	91.9	1001.0	n/a	n/a	n/a	n/a
58.004	0.056	saccade	n/a	198.5	93.2	n/a	388.3	109.4	7.61	425.0
58.062	0.154	fixation	n/a	400.2	113.0	1054.0	n/a	n/a	n/a	n/a
58.218	0.058	saccade	n/a	401.0	112.2	n/a	197.0	156.3	8.34	448.0
58.278	0.228	fixation	n/a	198.9	158.9	1119.0	n/a	n/a	n/a	n/a
58.508	0.044	saccade	n/a	199.6	160.2	n/a	150.4	216.8	2.99	285.0
58.554	0.246	fixation	n/a	145.4	231.3	1186.0	n/a	n/a	n/a	n/a
58.802	0.038	saccade	n/a	142.9	235.7	n/a	156.1	268.9	1.42	177.0
58.842	0.14	fixation	n/a	161.9	283.6	1136.0	n/a	n/a	n/a	n/a
58.984	0.034	saccade	n/a	162.8	286.1	n/a	130.3	284.2	1.26	200.0
59.02	0.118	fixation	n/a	120.9	285.9	1062.0	n/a	n/a	n/a	n/a
59.14	0.03	saccade	n/a	122.3	285.1	n/a	137.9	131.0	6.17	388.0
59.172	0.288	fixation	n/a	145.3	119.1	927.0	n/a	n/a	n/a	n/a
59.462	0.02	saccade	n/a	145.5	111.9	n/a	134.5	88.6	1.03	110.0
59.484	0.11	fixation	n/a	137.5	93.8	922.0	n/a	n/a	n/a	n/a
59.596	0.038	saccade	n/a	137.3	93.5	n/a	211.9	91.0	2.93	269.0
59.636	0.096	fixation	n/a	223.1	88.1	975.0	n/a	n/a	n/a	n/a
59.734	0.228	saccade	n/a	229.2	93.9	n/a	225.5	107.3	0.56	1014.0
59.758	0.156	blink	n/a	n/a	n/a	n/a	n/a	n/a	n/a	n/a
59.962	0.0	trigger_11	11	n/a	n/a	n/a	n/a	n/a	n/a	n/a
59.964	0.03	fixation	n/a	226.2	89.4	1040.0	n/a	n/a	n/a	n/a
59.966	0.0	trigger_10	10	n/a	n/a	n/a	n/a	n/a	n/a	n/a
59.996	0.168	saccade	n/a	227.5	85.3	n/a	336.7	114.6	4.52	894.0
60.024	0.094	blink	n/a	n/a	n/a	n/a	n/a	n/a	n/a	n/a
60.166	0.218	fixation	n/a	336.1	96.8	1056.0	n/a	n/a	n/a	n/a
60.386	0.032	saccade	n/a	333.1	93.1	n/a	384.9	101.6	2.11	224.0
60.42	0.172	fixation	n/a	388.5	98.2	1001.0	n/a	n/a	n/a	n/a
60.594	0.032	saccade	n/a	389.2	98.2	n/a	432.8	102.2	1.77	208.0
60.628	0.224	fixation	n/a	442.8	97.1	924.0	n/a	n/a	n/a	n/a
60.854	0.036	saccade	n/a	445.5	95.5	n/a	522.4	96.5	3.09	280.0
60.892	0.286	fixation	n/a	535.4	96.4	863.0	n/a	n/a	n/a	n/a
61.18	0.024	saccade	n/a	536.3	97.9	n/a	608.8	94.0	2.88	214.0
61.206	0.17	fixation	n/a	597.8	97.7	858.0	n/a	n/a	n/a	n/a
61.378	0.068	saccade	n/a	600.4	95.6	n/a	218.7	79.3	15.13	556.0
61.448	0.132	fixation	n/a	205.2	81.5	877.0	n/a	n/a	n/a	n/a
61.582	0.036	saccade	n/a	204.7	80.4	n/a	165.3	80.0	1.55	228.0
61.62	0.586	fixation	n/a	145.7	86.5	947.0	n/a	n/a	n/a	n/a
62.208	0.036	saccade	n/a	142.0	89.8	n/a	223.2	84.8	3.2	272.0
62.246	0.186	fixation	n/a	232.7	81.6	1042.0	n/a	n/a	n/a	n/a
62.434	0.04	saccade	n/a	233.3	83.3	n/a	307.5	94.2	3.0	264.0
62.476	0.272	fixation	n/a	321.2	93.3	999.0	n/a	n/a	n/a	n/a
62.602	0.0	trigger_11	11	n/a	n/a	n/a	n/a	n/a	n/a	n/a
62.606	0.0	trigger_10	10	n/a	n/a	n/a	n/a	n/a	n/a	n/a
62.75	0.034	saccade	n/a	322.9	91.2	n/a	292.4	86.0	1.24	204.0
62.786	0.132	fixation	n/a	278.2	88.0	939.0	n/a	n/a	n/a	n/a
62.92	0.038	saccade	n/a	276.9	88.4	n/a	346.7	103.3	2.86	242.0
62.96	0.266	fixation	n/a	357.2	111.4	935.0	n/a	n/a	n/a	n/a
63.228	0.034	saccade	n/a	356.3	115.7	n/a	436.2	107.3	3.24	316.0
63.264	0.128	fixation	n/a	440.4	103.6	974.0	n/a	n/a	n/a	n/a
63.394	0.098	saccade	n/a	440.3	111.5	n/a	473.7	102.1	1.4	760.0
63.424	0.022	blink	n/a	n/a	n/a	n/a	n/a	n/a	n/a	n/a
63.494	0.124	fixation	n/a	468.7	92.8	937.0	n/a	n/a	n/a	n/a
63.62	0.038	saccade	n/a	466.7	92.5	n/a	539.2	97.9	2.91	287.0
63.66	0.234	fixation	n/a	545.9	101.2	925.0	n/a	n/a	n/a	n/a
63.896	0.06	saccade	n/a	544.9	103.8	n/a	237.7	117.5	12.25	526.0
63.958	0.222	fixation	n/a	221.0	121.6	867.0	n/a	n/a	n/a	n/a
64.182	0.038	saccade	n/a	220.8	121.2	n/a	158.3	143.5	2.62	301.0
64.222	0.154	fixation	n/a	142.6	153.7	931.0	n/a	n/a	n/a	n/a
64.378	0.032	saccade	n/a	141.3	153.2	n/a	157.5	90.6	2.6	228.0
64.412	0.434	fixation	n/a	153.5	87.4	967.0	n/a	n/a	n/a	n/a
64.732	0.0	trigger_11	11	n/a	n/a	n/a	n/a	n/a	n/a	n/a
64.736	0.0	trigger_10	10	n/a	n/a	n/a	n/a	n/a	n/a	n/a
64.848	0.03	saccade	n/a	154.5	89.5	n/a	268.5	95.7	4.51	310.0
64.88	0.274	fixation	n/a	266.1	98.3	1020.0	n/a	n/a	n/a	n/a
65.156	0.024	saccade	n/a	268.0	100.6	n/a	334.5	104.6	2.67	203.0
65.182	0.2	fixation	n/a	321.8	100.1	998.0	n/a	n/a	n/a	n/a
65.384	0.036	saccade	n/a	323.7	98.3	n/a	390.2	98.5	2.68	280.0
65.422	0.222	fixation	n/a	398.8	97.4	925.0	n/a	n/a	n/a	n/a
65.646	0.026	saccade	n/a	397.2	99.6	n/a	481.5	106.9	3.41	217.0
65.674	0.198	fixation	n/a	479.1	109.3	929.0	n/a	n/a	n/a	n/a
65.874	0.034	saccade	n/a	481.4	108.4	n/a	535.5	105.7	2.17	222.0
65.91	0.102	fixation	n/a	541.3	101.8	908.0	n/a	n/a	n/a	n/a
66.014	0.056	saccade	n/a	542.4	101.5	n/a	171.6	142.5	14.75	458.0
66.072	0.216	fixation	n/a	165.7	141.9	878.0	n/a	n/a	n/a	n/a
66.29	0.044	saccade	n/a	164.8	142.5	n/a	277.1	157.7	4.49	397.0
66.336	0.164	fixation	n/a	291.8	159.8	922.0	n/a	n/a	n/a	n/a
66.502	0.02	saccade	n/a	291.1	161.5	n/a	269.1	159.6	0.88	104.0
66.524	0.104	fixation	n/a	274.2	162.3	963.0	n/a	n/a	n/a	n/a
66.63	0.028	saccade	n/a	273.0	161.4	n/a	237.5	70.0	3.98	313.0
66.66	0.28	fixation	n/a	236.3	80.4	892.0	n/a	n/a	n/a	n/a
66.942	0.038	saccade	n/a	235.6	79.9	n/a	160.7	84.3	2.97	297.0
66.982	0.212	fixation	n/a	145.4	88.3	875.0	n/a	n/a	n/a	n/a
67.196	0.032	saccade	n/a	147.0	89.1	n/a	210.5	90.3	2.5	249.0
67.23	0.24	fixation	n/a	218.8	87.7	902.0	n/a	n/a	n/a	n/a
67.472	0.036	saccade	n/a	217.7	87.8	n/a	272.7	90.6	2.19	236.0
67.51	0.236	fixation	n/a	282.7	89.4	904.0	n/a	n/a	n/a	n/a
67.748	0.018	saccade	n/a	287.6	90.1	n/a	314.0	98.7	1.11	119.0
67.768	0.132	fixation	n/a	306.3	98.6	926.0	n/a	n/a	n/a	n/a
67.902	0.044	saccade	n/a	306.3	100.4	n/a	424.3	115.4	4.79	379.0
67.948	0.216	fixation	n/a	440.7	113.7	911.0	n/a	n/a	n/a	n/a
68.166	0.034	saccade	n/a	442.9	111.0	n/a	491.3	106.0	1.96	212.0
68.202	0.13	fixation	n/a	498.0	101.1	837.0	n/a	n/a	n/a	n/a
68.334	0.024	saccade	n/a	498.7	99.1	n/a	559.5	99.1	2.43	180.0
68.36	0.224	fixation	n/a	550.3	97.4	816.0	n/a	n/a	n/a	n/a
68.586	0.022	saccade	n/a	550.1	96.8	n/a	616.3	92.3	2.63	200.0
68.61	0.058	fixation	n/a	607.6	95.6	803.0	n/a	n/a	n/a	n/a
68.67	0.07	saccade	n/a	608.6	96.0	n/a	200.6	128.8	16.15	554.0
68.742	0.134	fixation	n/a	187.8	134.8	820.0	n/a	n/a	n/a	n/a
68.878	0.034	saccade	n/a	187.4	135.1	n/a	150.4	141.5	1.47	207.0
68.914	0.176	fixation	n/a	139.0	145.9	849.0	n/a	n/a	n/a	n/a
69.092	0.032	saccade	n/a	138.0	147.1	n/a	241.3	161.6	4.11	314.0
69.126	0.24	fixation	n/a	238.9	157.8	924.0	n/a	n/a	n/a	n/a
69.368	0.04	saccade	n/a	238.7	157.9	n/a	319.4	162.2	3.23	324.0
69.41	0.286	fixation	n/a	337.5	159.2	861.0	n/a	n/a	n/a	n/a
69.55	0.0	trigger_11	11	n/a	n/a	n/a	n/a	n/a	n/a	n/a
69.556	0.0	trigger_10	10	n/a	n/a	n/a	n/a	n/a	n/a	n/a
69.698	0.034	saccade	n/a	340.8	156.7	n/a	398.5	163.6	2.34	245.0
69.734	0.26	fixation	n/a	406.7	160.4	798.0	n/a	n/a	n/a	n/a
69.996	0.032	saccade	n/a	406.8	161.4	n/a	364.7	151.8	1.74	244.0
70.03	0.196	fixation	n/a	354.7	157.1	792.0	n/a	n/a	n/a	n/a
70.228	0.036	saccade	n/a	355.8	159.3	n/a	407.4	164.5	2.09	226.0
70.266	0.196	fixation	n/a	417.7	161.0	803.0	n/a	n/a	n/a	n/a
70.464	0.024	saccade	n/a	419.7	159.8	n/a	494.1	154.3	3.0	243.0
70.49	0.228	fixation	n/a	486.1	152.7	761.0	n/a	n/a	n/a	n/a
70.72	0.022	saccade	n/a	488.9	153.0	n/a	552.8	153.3	2.56	190.0
70.744	0.16	fixation	n/a	543.8	152.8	719.0	n/a	n/a	n/a	n/a
70.906	0.022	saccade	n/a	546.1	152.0	n/a	616.0	151.2	2.77	211.0
70.93	0.11	fixation	n/a	606.5	152.4	689.0	n/a	n/a	n/a	n/a
71.042	0.064	saccade	n/a	608.1	151.7	n/a	159.4	199.5	17.7	568.0
71.108	0.154	fixation	n/a	158.0	203.7	694.0	n/a	n/a	n/a	n/a
71.264	0.018	saccade	n/a	154.5	206.1	n/a	137.9	206.7	0.65	81.0
71.284	0.178	fixation	n/a	140.3	209.8	717.0	n/a	n/a	n/a	n/a
71.464	0.032	saccade	n/a	138.4	209.1	n/a	165.5	95.6	4.68	280.0
71.498	0.336	fixation	n/a	165.9	101.1	774.0	n/a	n/a	n/a	n/a
71.836	0.026	saccade	n/a	166.1	102.4	n/a	241.5	84.4	3.07	192.0
71.864	0.168	fixation	n/a	230.5	86.3	797.0	n/a	n/a	n/a	n/a
72.034	0.036	saccade	n/a	231.2	86.2	n/a	290.2	83.5	2.35	252.0
72.036	0.0	trigger_11	11	n/a	n/a	n/a	n/a	n/a	n/a	n/a
72.04	0.0	trigger_12	12	n/a	n/a	n/a	n/a	n/a	n/a	n/a
72.072	0.174	fixation	n/a	299.1	82.9	799.0	n/a	n/a	n/a	n/a
72.248	0.024	saccade	n/a	300.2	83.9	n/a	383.6	86.8	3.36	246.0
72.274	0.32	fixation	n/a	376.8	87.6	797.0	n/a	n/a	n/a	n/a
72.596	0.028	saccade	n/a	378.7	89.1	n/a	470.8	94.1	3.71	228.0
72.626	0.184	fixation	n/a	467.1	91.3	803.0	n/a	n/a	n/a	n/a
72.812	0.028	saccade	n/a	469.2	90.9	n/a	559.3	90.6	3.6	238.0
72.842	0.178	fixation	n/a	554.5	86.7	766.0	n/a	n/a	n/a	n/a
73.022	0.108	saccade	n/a	554.9	86.9	n/a	160.1	138.5	15.74	515.0
73.132	0.254	fixation	n/a	148.3	145.5	779.0	n/a	n/a	n/a	n/a
73.388	0.034	saccade	n/a	148.5	145.6	n/a	200.1	145.2	2.03	231.0
73.424	0.152	fixation	n/a	209.1	145.2	812.0	n/a	n/a	n/a	n/a
73.578	0.03	saccade	n/a	208.7	146.0	n/a	192.7	143.3	0.64	150.0
73.61	0.16	fixation	n/a	181.4	148.7	843.0	n/a	n/a	n/a	n/a
73.772	0.024	saccade	n/a	180.6	149.5	n/a	246.0	147.4	2.59	216.0
73.798	0.106	fixation	n/a	233.4	148.0	854.0	n/a	n/a	n/a	n/a
73.906	0.026	saccade	n/a	233.8	148.6	n/a	267.2	83.1	2.98	192.0
73.934	0.344	fixation	n/a	267.3	87.1	869.0	n/a	n/a	n/a	n/a
74.28	0.046	saccade	n/a	267.5	88.1	n/a	173.4	88.4	3.73	357.0
74.328	0.236	fixation	n/a	160.1	90.4	940.0	n/a	n/a	n/a	n/a
74.566	0.036	saccade	n/a	160.2	91.6	n/a	244.6	96.6	3.34	318.0
74.604	0.212	fixation	n/a	253.4	91.7	961.0	n/a	n/a	n/a	n/a
74.818	0.036	saccade	n/a	253.0	92.2	n/a	328.9	92.9	3.04	295.0
74.856	0.242	fixation	n/a	341.6	91.4	957.0	n/a	n/a	n/a	n/a
75.06	0.0	trigger_13	13	n/a	n/a	n/a	n/a	n/a	n/a	n/a
75.1	0.03	saccade	n/a	343.0	92.1	n/a	468.4	101.7	5.05	296.0
75.132	0.184	fixation	n/a	465.6	97.0	933.0	n/a	n/a	n/a	n/a
75.318	0.024	saccade	n/a	466.9	95.9	n/a	550.0	99.5	3.33	250.0
75.344	0.15	fixation	n/a	540.8	100.2	888.0	n/a	n/a	n/a	n/a
75.496	0.022	saccade	n/a	542.8	97.1	n/a	611.4	99.2	2.72	214.0
75.52	0.068	fixation	n/a	597.3	101.5	840.0	n/a	n/a	n/a	n/a
75.59	0.072	saccade	n/a	598.5	102.4	n/a	181.3	144.9	16.55	532.0
75.664	0.368	fixation	n/a	166.6	154.0	853.0	n/a	n/a	n/a	n/a
76.034	0.024	saccade	n/a	165.3	155.4	n/a	259.2	147.0	3.73	273.0
76.06	0.21	fixation	n/a	254.4	151.2	962.0	n/a	n/a	n/a	n/a
76.272	0.032	saccade	n/a	256.1	154.3	n/a	299.7	158.2	1.75	207.0
76.306	0.21	fixation	n/a	306.6	155.1	973.0	n/a	n/a	n/a	n/a
76.518	0.028	saccade	n/a	307.2	154.2	n/a	387.0	155.1	3.21	270.0
76.548	0.28	fixation	n/a	384.6	154.8	924.0	n/a	n/a	n/a	n/a
76.83	0.026	saccade	n/a	384.6	153.1	n/a	270.3	100.1	5.07	384.0
76.858	0.438	fixation	n/a	277.2	103.1	899.0	n/a	n/a	n/a	n/a
77.044	0.0	trigger_15	15	n/a	n/a	n/a	n/a	n/a	n/a	n/a
77.05	0.0	trigger_10	10	n/a	n/a	n/a	n/a	n/a	n/a	n/a
77.298	0.044	saccade	n/a	276.1	109.6	n/a	180.6	104.4	3.8	310.0
77.344	0.158	fixation	n/a	165.1	107.0	999.0	n/a	n/a	n/a	n/a
77.504	0.034	saccade	n/a	164.2	110.0	n/a	155.7	150.1	1.65	206.0
77.54	0.33	fixation	n/a	156.2	163.7	1067.0	n/a	n/a	n/a	n/a
77.872	0.16	saccade	n/a	165.2	170.8	n/a	192.6	245.7	3.2	900.0
77.898	0.078	blink	n/a	n/a	n/a	n/a	n/a	n/a	n/a	n/a
78.034	0.398	fixation	n/a	193.7	228.6	1185.0	n/a	n/a	n/a	n/a
78.434	0.026	saccade	n/a	193.5	236.8	n/a	174.9	298.0	2.55	185.0
78.462	0.18	fixation	n/a	178.7	290.6	1072.0	n/a	n/a	n/a	n/a
78.644	0.032	saccade	n/a	179.4	291.9	n/a	138.2	288.2	1.61	203.0
78.678	0.162	fixation	n/a	131.0	295.5	1054.0	n/a	n/a	n/a	n/a
78.842	0.048	saccade	n/a	130.5	294.6	n/a	145.0	166.8	5.12	340.0
78.892	0.126	fixation	n/a	139.2	151.8	991.0	n/a	n/a	n/a	n/a
79.02	0.032	saccade	n/a	139.8	149.4	n/a	179.3	160.5	1.61	200.0
79.054	0.228	fixation	n/a	185.6	156.0	991.0	n/a	n/a	n/a	n/a
79.284	0.022	saccade	n/a	186.8	154.6	n/a	165.9	96.9	2.47	200.0
79.308	0.196	fixation	n/a	173.0	106.6	1036.0	n/a	n/a	n/a	n/a
79.506	0.03	saccade	n/a	171.7	106.9	n/a	148.1	97.4	1.0	162.0
79.538	0.126	fixation	n/a	138.2	101.2	1031.0	n/a	n/a	n/a	n/a
79.666	0.03	saccade	n/a	137.4	102.5	n/a	252.4	102.5	4.53	306.0
79.698	0.24	fixation	n/a	249.9	99.3	1007.0	n/a	n/a	n/a	n/a
79.94	0.03	saccade	n/a	253.1	98.4	n/a	296.6	104.8	1.76	206.0
79.972	0.116	fixation	n/a	304.0	101.4	1018.0	n/a	n/a	n/a	n/a
80.09	0.028	saccade	n/a	306.6	101.7	n/a	400.4	107.9	3.78	263.0
80.12	0.22	fixation	n/a	393.1	106.9	1032.0	n/a	n/a	n/a	n/a
80.342	0.028	saccade	n/a	392.4	106.3	n/a	499.4	112.0	4.31	283.0
80.372	0.218	fixation	n/a	497.9	108.7	947.0	n/a	n/a	n/a	n/a
80.592	0.032	saccade	n/a	497.7	105.8	n/a	453.3	94.6	1.84	215.0
80.626	0.088	fixation	n/a	444.8	96.2	882.0	n/a	n/a	n/a	n/a
80.716	0.038	saccade	n/a	444.5	97.0	n/a	527.1	98.1	3.32	298.0
80.756	0.154	fixation	n/a	541.3	95.3	837.0	n/a	n/a	n/a	n/a
80.912	0.056	saccade	n/a	543.5	95.2	n/a	171.3	143.2	14.84	502.0
80.97	0.254	fixation	n/a	168.2	146.1	859.0	n/a	n/a	n/a	n/a
81.226	0.038	saccade	n/a	167.7	148.1	n/a	236.3	152.4	2.71	264.0
81.266	0.204	fixation	n/a	249.2	154.2	912.0	n/a	n/a	n/a	n/a
81.472	0.024	saccade	n/a	250.4	154.9	n/a	326.8	157.7	3.06	232.0
81.498	0.294	fixation	n/a	314.4	159.7	916.0	n/a	n/a	n/a	n/a
81.794	0.024	saccade	n/a	315.5	161.9	n/a	371.0	161.8	2.23	189.0
81.82	0.182	fixation	n/a	361.4	162.0	876.0	n/a	n/a	n/a	n/a
82.004	0.048	saccade	n/a	361.8	160.8	n/a	474.4	160.1	4.52	293.0
82.054	0.2	fixation	n/a	488.2	159.4	846.0	n/a	n/a	n/a	n/a
82.256	0.024	saccade	n/a	489.4	158.7	n/a	562.1	160.9	2.9	212.0
82.282	0.104	fixation	n/a	551.5	159.1	796.0	n/a	n/a	n/a	n/a
82.388	0.024	saccade	n/a	552.4	158.2	n/a	637.9	158.4	3.38	241.0
82.414	0.174	fixation	n/a	628.4	157.2	747.0	n/a	n/a	n/a	n/a
82.59	0.062	saccade	n/a	630.4	156.0	n/a	180.1	213.1	17.81	505.0
82.654	0.148	fixation	n/a	178.3	216.0	769.0	n/a	n/a	n/a	n/a
82.804	0.03	saccade	n/a	177.3	215.8	n/a	154.6	207.3	0.95	178.0
82.836	0.11	fixation	n/a	144.0	214.3	784.0	n/a	n/a	n/a	n/a
82.948	0.038	saccade	n/a	143.1	215.3	n/a	235.9	223.2	3.66	323.0
82.988	0.152	fixation	n/a	248.0	220.4	857.0	n/a	n/a	n/a	n/a
83.108	0.0	trigger_11	11	n/a	n/a	n/a	n/a	n/a	n/a	n/a
83.112	0.0	trigger_10	10	n/a	n/a	n/a	n/a	n/a	n/a	n/a
83.142	0.04	saccade	n/a	250.9	222.6	n/a	326.0	217.5	3.0	323.0
83.184	0.2	fixation	n/a	339.9	216.3	868.0	n/a	n/a	n/a	n/a
83.386	0.032	saccade	n/a	341.0	218.5	n/a	391.0	221.2	2.01	242.0
83.42	0.182	fixation	n/a	400.0	219.2	834.0	n/a	n/a	n/a	n/a
83.604	0.022	saccade	n/a	401.3	220.7	n/a	463.5	219.1	2.5	185.0
83.628	0.2	fixation	n/a	456.8	219.9	793.0	n/a	n/a	n/a	n/a
83.83	0.028	saccade	n/a	457.9	220.6	n/a	545.3	217.7	3.49	224.0
83.86	0.17	fixation	n/a	539.9	217.2	756.0	n/a	n/a	n/a	n/a
84.032	0.022	saccade	n/a	540.4	216.7	n/a	595.0	217.8	2.16	179.0
84.056	0.098	fixation	n/a	585.5	217.9	740.0	n/a	n/a	n/a	n/a
84.156	0.058	saccade	n/a	587.0	217.7	n/a	187.9	260.2	15.81	494.0
84.216	0.166	fixation	n/a	185.0	262.0	777.0	n/a	n/a	n/a	n/a
84.384	0.028	saccade	n/a	183.0	262.2	n/a	166.2	272.5	0.78	136.0
84.414	0.118	fixation	n/a	157.9	277.0	817.0	n/a	n/a	n/a	n/a
84.534	0.04	saccade	n/a	156.7	276.5	n/a	238.3	275.7	3.2	318.0
84.576	0.12	fixation	n/a	252.5	273.4	858.0	n/a	n/a	n/a	n/a
84.698	0.038	saccade	n/a	253.8	275.3	n/a	328.8	270.9	2.99	322.0
84.738	0.198	fixation	n/a	345.5	271.5	837.0	n/a	n/a	n/a	n/a
84.938	0.012	saccade	n/a	348.0	271.3	n/a	368.4	272.3	0.82	75.0
84.952	0.104	fixation	n/a	362.4	274.1	792.0	n/a	n/a	n/a	n/a
85.058	0.028	saccade	n/a	362.8	275.2	n/a	327.8	157.0	5.0	316.0
85.088	0.224	fixation	n/a	335.1	142.3	719.0	n/a	n/a	n/a	n/a
85.314	0.03	saccade	n/a	334.1	139.8	n/a	178.5	112.4	6.29	390.0
85.346	0.258	fixation	n/a	175.1	108.4	721.0	n/a	n/a	n/a	n/a
85.606	0.024	saccade	n/a	175.6	108.3	n/a	249.8	90.0	3.03	220.0
85.632	0.244	fixation	n/a	244.7	94.1	767.0	n/a	n/a	n/a	n/a
85.878	0.036	saccade	n/a	245.1	96.3	n/a	314.1	95.8	2.76	268.0
85.916	0.202	fixation	n/a	324.8	94.5	802.0	n/a	n/a	n/a	n/a
86.12	0.032	saccade	n/a	325.7	95.5	n/a	377.9	95.7	2.1	218.0
86.154	0.23	fixation	n/a	383.8	93.2	807.0	n/a	n/a	n/a	n/a
86.386	0.026	saccade	n/a	385.0	93.0	n/a	467.9	92.5	3.34	254.0
86.414	0.266	fixation	n/a	458.0	91.2	822.0	n/a	n/a	n/a	n/a
86.682	0.022	saccade	n/a	460.0	90.4	n/a	511.1	104.3	2.13	178.0
86.706	0.086	fixation	n/a	499.3	102.7	818.0	n/a	n/a	n/a	n/a
86.794	0.06	saccade	n/a	500.1	101.5	n/a	188.7	135.3	12.46	512.0
86.856	0.188	fixation	n/a	173.5	139.8	850.0	n/a	n/a	n/a	n/a
87.046	0.04	saccade	n/a	173.8	140.8	n/a	266.1	146.6	3.67	313.0
87.088	0.21	fixation	n/a	279.1	149.2	887.0	n/a	n/a	n/a	n/a
87.3	0.05	saccade	n/a	279.9	149.9	n/a	427.6	153.4	5.93	346.0
87.352	0.264	fixation	n/a	440.7	156.6	861.0	n/a	n/a	n/a	n/a
87.54	0.0	trigger_11	11	n/a	n/a	n/a	n/a	n/a	n/a	n/a
87.548	0.0	trigger_10	10	n/a	n/a	n/a	n/a	n/a	n/a	n/a
87.618	0.034	saccade	n/a	440.8	155.0	n/a	505.9	158.8	2.61	256.0
87.654	0.158	fixation	n/a	514.1	156.2	787.0	n/a	n/a	n/a	n/a
87.814	0.024	saccade	n/a	515.6	156.7	n/a	593.4	155.4	3.09	238.0
87.84	0.216	fixation	n/a	582.1	154.7	758.0	n/a	n/a	n/a	n/a
88.058	0.024	saccade	n/a	585.3	154.5	n/a	650.6	150.3	2.57	197.0
88.084	0.15	fixation	n/a	641.4	151.9	726.0	n/a	n/a	n/a	n/a
88.236	0.018	saccade	n/a	642.7	150.8	n/a	680.6	155.2	1.49	125.0
88.256	0.036	fixation	n/a	670.8	157.7	705.0	n/a	n/a	n/a	n/a
88.294	0.072	saccade	n/a	670.8	158.1	n/a	220.3	200.6	17.75	527.0
88.368	0.142	fixation	n/a	206.2	206.6	728.0	n/a	n/a	n/a	n/a
88.512	0.032	saccade	n/a	204.3	205.3	n/a	172.2	201.0	1.28	185.0
88.546	0.164	fixation	n/a	159.4	205.8	744.0	n/a	n/a	n/a	n/a
88.712	0.036	saccade	n/a	157.9	206.5	n/a	225.9	209.3	2.68	294.0
88.75	0.162	fixation	n/a	238.3	207.1	791.0	n/a	n/a	n/a	n/a
88.914	0.026	saccade	n/a	240.4	211.3	n/a	345.6	210.5	4.2	296.0
88.942	0.322	fixation	n/a	340.2	213.7	825.0	n/a	n/a	n/a	n/a
89.266	0.024	saccade	n/a	341.7	215.5	n/a	414.4	215.3	2.92	224.0
89.292	0.116	fixation	n/a	403.0	216.5	804.0	n/a	n/a	n/a	n/a
89.41	0.032	saccade	n/a	404.3	214.4	n/a	372.4	97.3	4.94	269.0
89.444	0.3	fixation	n/a	385.7	89.8	737.0	n/a	n/a	n/a	n/a
89.746	0.052	saccade	n/a	387.5	89.0	n/a	203.6	84.4	7.34	411.0
89.8	0.202	fixation	n/a	188.0	86.7	756.0	n/a	n/a	n/a	n/a
90.004	0.028	saccade	n/a	187.1	88.1	n/a	165.5	83.5	0.87	155.0
90.034	0.072	fixation	n/a	158.5	87.8	769.0	n/a	n/a	n/a	n/a
90.108	0.034	saccade	n/a	157.4	88.4	n/a	238.0	94.4	3.2	297.0
90.144	0.192	fixation	n/a	246.2	91.3	812.0	n/a	n/a	n/a	n/a
90.338	0.05	saccade	n/a	246.3	93.3	n/a	365.9	90.5	4.79	315.0
90.39	0.174	fixation	n/a	378.5	90.5	834.0	n/a	n/a	n/a	n/a
90.566	0.032	saccade	n/a	378.5	90.3	n/a	427.0	95.9	1.97	235.0
90.6	0.172	fixation	n/a	432.6	92.1	850.0	n/a	n/a	n/a	n/a
90.774	0.028	saccade	n/a	432.2	91.9	n/a	529.4	94.2	3.9	250.0
90.804	0.16	fixation	n/a	521.3	92.9	830.0	n/a	n/a	n/a	n/a
90.966	0.034	saccade	n/a	521.7	93.3	n/a	568.7	97.5	1.88	206.0
91.002	0.1	fixation	n/a	575.8	93.2	808.0	n/a	n/a	n/a	n/a
91.104	0.062	saccade	n/a	577.0	92.6	n/a	151.1	144.8	16.9	515.0
91.168	0.266	fixation	n/a	149.2	146.8	804.0	n/a	n/a	n/a	n/a
91.436	0.032	saccade	n/a	148.8	146.2	n/a	221.2	150.4	2.86	298.0
91.47	0.21	fixation	n/a	231.3	147.0	848.0	n/a	n/a	n/a	n/a
91.682	0.026	saccade	n/a	232.8	149.5	n/a	316.6	156.7	3.36	243.0
91.71	0.158	fixation	n/a	307.7	153.7	883.0	n/a	n/a	n/a	n/a
91.87	0.024	saccade	n/a	309.3	153.5	n/a	388.1	158.2	3.18	242.0
91.896	0.216	fixation	n/a	377.9	155.6	808.0	n/a	n/a	n/a	n/a
92.114	0.022	saccade	n/a	379.6	154.3	n/a	444.4	151.6	2.61	201.0
92.138	0.178	fixation	n/a	439.0	150.9	740.0	n/a	n/a	n/a	n/a
92.318	0.024	saccade	n/a	441.3	149.9	n/a	514.1	153.3	2.93	208.0
92.344	0.172	fixation	n/a	510.6	151.1	717.0	n/a	n/a	n/a	n/a
92.518	0.02	saccade	n/a	510.4	149.8	n/a	568.1	147.7	2.3	180.0
92.54	0.154	fixation	n/a	564.2	148.9	686.0	n/a	n/a	n/a	n/a
92.696	0.058	saccade	n/a	564.4	148.3	n/a	156.0	205.6	16.24	483.0
92.756	0.264	fixation	n/a	152.7	206.9	720.0	n/a	n/a	n/a	n/a
93.022	0.03	saccade	n/a	151.9	208.4	n/a	210.9	215.4	2.34	221.0
93.054	0.15	fixation	n/a	214.3	213.5	810.0	n/a	n/a	n/a	n/a
93.206	0.028	saccade	n/a	214.4	214.5	n/a	325.6	218.1	4.42	313.0
93.236	0.252	fixation	n/a	320.7	219.3	854.0	n/a	n/a	n/a	n/a
93.49	0.04	saccade	n/a	321.3	220.5	n/a	387.6	223.0	2.66	233.0
93.532	0.156	fixation	n/a	397.0	221.2	831.0	n/a	n/a	n/a	n/a
93.69	0.036	saccade	n/a	397.6	222.0	n/a	452.6	224.1	2.21	223.0
93.728	0.256	fixation	n/a	463.1	222.1	768.0	n/a	n/a	n/a	n/a
93.986	0.024	saccade	n/a	465.9	220.9	n/a	540.8	220.9	2.99	218.0
94.012	0.19	fixation	n/a	533.8	221.5	679.0	n/a	n/a	n/a	n/a
94.204	0.024	saccade	n/a	536.0	220.4	n/a	608.0	222.9	2.85	221.0
94.23	0.102	fixation	n/a	600.3	222.0	645.0	n/a	n/a	n/a	n/a
94.334	0.072	saccade	n/a	602.3	220.9	n/a	175.4	261.4	16.82	481.0
94.408	0.148	fixation	n/a	163.5	265.9	654.0	n/a	n/a	n/a	n/a
94.558	0.02	saccade	n/a	161.4	266.7	n/a	127.4	271.1	1.33	126.0
94.58	0.114	fixation	n/a	133.9	270.5	667.0	n/a	n/a	n/a	n/a
94.696	0.036	saccade	n/a	132.5	273.0	n/a	204.6	282.4	2.83	247.0
94.734	0.144	fixation	n/a	214.0	280.5	738.0	n/a	n/a	n/a	n/a
94.88	0.036	saccade	n/a	211.5	278.9	n/a	304.3	278.1	3.68	290.0
94.918	0.144	fixation	n/a	314.2	272.5	773.0	n/a	n/a	n/a	n/a
95.064	0.034	saccade	n/a	317.9	272.3	n/a	371.8	276.4	2.16	222.0
95.1	0.232	fixation	n/a	380.3	270.8	752.0	n/a	n/a	n/a	n/a
95.334	0.04	saccade	n/a	380.8	270.0	n/a	477.2	269.4	3.85	304.0
95.376	0.222	fixation	n/a	488.7	272.0	717.0	n/a	n/a	n/a	n/a
95.6	0.024	saccade	n/a	490.1	274.2	n/a	554.2	273.3	2.54	192.0
95.626	0.172	fixation	n/a	542.5	274.0	698.0	n/a	n/a	n/a	n/a
95.8	0.024	saccade	n/a	543.1	274.1	n/a	612.1	276.1	2.72	215.0
95.822	0.0	trigger_11	11	n/a	n/a	n/a	n/a	n/a	n/a	n/a
95.826	0.114	fixation	n/a	599.5	273.4	692.0	n/a	n/a	n/a	n/a
95.826	0.0	trigger_10	10	n/a	n/a	n/a	n/a	n/a	n/a	n/a
95.942	0.062	saccade	n/a	599.0	272.2	n/a	185.1	340.2	16.39	479.0
96.006	0.12	fixation	n/a	184.1	343.6	753.0	n/a	n/a	n/a	n/a
96.128	0.034	saccade	n/a	183.3	343.3	n/a	149.1	343.6	1.33	219.0
96.164	0.126	fixation	n/a	138.1	348.3	772.0	n/a	n/a	n/a	n/a
96.292	0.04	saccade	n/a	136.9	349.2	n/a	237.1	339.7	3.91	329.0
96.334	0.222	fixation	n/a	246.7	335.6	833.0	n/a	n/a	n/a	n/a
96.558	0.042	saccade	n/a	244.9	336.4	n/a	339.9	327.4	3.77	297.0
96.602	0.26	fixation	n/a	352.8	328.3	842.0	n/a	n/a	n/a	n/a
96.864	0.024	saccade	n/a	355.3	329.5	n/a	409.3	330.5	2.15	196.0
96.89	0.168	fixation	n/a	399.6	329.4	826.0	n/a	n/a	n/a	n/a
97.06	0.026	saccade	n/a	400.6	330.1	n/a	490.6	329.7	3.58	255.0
97.088	0.274	fixation	n/a	492.5	329.7	775.0	n/a	n/a	n/a	n/a
97.364	0.028	saccade	n/a	495.0	330.3	n/a	588.2	334.4	3.67	244.0
97.394	0.36	fixation	n/a	584.2	334.1	693.0	n/a	n/a	n/a	n/a
97.756	0.05	saccade	n/a	585.9	332.1	n/a	519.4	152.6	7.66	326.0
97.808	0.212	fixation	n/a	509.3	109.3	667.0	n/a	n/a	n/a	n/a
98.022	0.056	saccade	n/a	508.4	105.6	n/a	232.6	89.8	11.01	493.0
98.08	0.138	fixation	n/a	214.9	92.8	738.0	n/a	n/a	n/a	n/a
98.22	0.034	saccade	n/a	213.4	92.2	n/a	173.1	90.9	1.59	214.0
98.256	0.226	fixation	n/a	161.4	92.9	806.0	n/a	n/a	n/a	n/a
98.262	0.0	trigger_11	11	n/a	n/a	n/a	n/a	n/a	n/a	n/a
98.264	0.0	trigger_10	10	n/a	n/a	n/a	n/a	n/a	n/a	n/a
98.484	0.02	saccade	n/a	161.6	95.0	n/a	202.3	92.0	1.61	152.0
98.506	0.25	fixation	n/a	192.1	94.1	887.0	n/a	n/a	n/a	n/a
98.758	0.026	saccade	n/a	191.4	93.6	n/a	250.9	94.3	2.36	215.0
98.786	0.274	fixation	n/a	242.3	94.2	924.0	n/a	n/a	n/a	n/a
99.062	0.024	saccade	n/a	243.3	96.4	n/a	295.6	97.0	2.09	176.0
99.088	0.236	fixation	n/a	288.7	96.8	944.0	n/a	n/a	n/a	n/a
99.326	0.024	saccade	n/a	290.3	100.3	n/a	361.4	102.7	2.86	220.0
99.352	0.134	fixation	n/a	354.5	103.2	969.0	n/a	n/a	n/a	n/a
99.488	0.042	saccade	n/a	355.6	102.5	n/a	460.6	105.4	4.23	313.0
99.532	0.266	fixation	n/a	475.9	104.7	903.0	n/a	n/a	n/a	n/a
99.8	0.022	saccade	n/a	477.5	100.6	n/a	531.5	104.2	2.17	169.0
99.824	0.074	fixation	n/a	521.8	105.9	855.0	n/a	n/a	n/a	n/a
99.9	0.064	saccade	n/a	521.5	107.6	n/a	169.0	146.1	14.05	512.0
99.966	0.188	fixation	n/a	156.3	150.6	896.0	n/a	n/a	n/a	n/a
100.156	0.038	saccade	n/a	156.6	151.4	n/a	219.1	156.1	2.47	300.0
100.196	0.282	fixation	n/a	232.5	159.9	968.0	n/a	n/a	n/a	n/a
100.48	0.028	saccade	n/a	233.0	160.9	n/a	188.1	105.7	2.85	235.0
100.51	0.106	fixation	n/a	191.4	112.9	994.0	n/a	n/a	n/a	n/a
100.618	0.028	saccade	n/a	189.2	112.1	n/a	175.2	98.7	0.77	140.0
100.648	0.176	fixation	n/a	168.4	101.4	980.0	n/a	n/a	n/a	n/a
100.826	0.036	saccade	n/a	168.4	101.6	n/a	229.9	99.7	2.43	257.0
100.864	0.14	fixation	n/a	239.7	97.0	966.0	n/a	n/a	n/a	n/a
101.006	0.04	saccade	n/a	241.5	97.6	n/a	319.1	101.2	3.11	306.0
101.048	0.236	fixation	n/a	331.5	103.5	998.0	n/a	n/a	n/a	n/a
101.134	0.0	trigger_11	11	n/a	n/a	n/a	n/a	n/a	n/a	n/a
101.14	0.0	trigger_10	10	n/a	n/a	n/a	n/a	n/a	n/a	n/a
101.286	0.034	saccade	n/a	331.7	102.9	n/a	401.1	106.9	2.8	239.0
101.322	0.196	fixation	n/a	406.3	104.5	1010.0	n/a	n/a	n/a	n/a
101.52	0.024	saccade	n/a	406.4	104.2	n/a	477.2	112.0	2.87	227.0
101.546	0.254	fixation	n/a	464.2	109.6	957.0	n/a	n/a	n/a	n/a
101.802	0.024	saccade	n/a	464.0	108.4	n/a	537.8	104.5	2.96	220.0
101.828	0.226	fixation	n/a	524.7	104.8	917.0	n/a	n/a	n/a	n/a
102.056	0.018	saccade	n/a	526.5	101.7	n/a	545.9	101.4	0.77	92.0
102.076	0.176	fixation	n/a	540.7	99.1	900.0	n/a	n/a	n/a	n/a
102.254	0.022	saccade	n/a	540.5	99.4	n/a	605.4	104.9	2.59	208.0
102.278	0.124	fixation	n/a	598.9	104.2	896.0	n/a	n/a	n/a	n/a
102.404	0.062	saccade	n/a	598.8	104.3	n/a	158.1	159.0	17.49	522.0
102.468	0.308	fixation	n/a	157.7	164.6	957.0	n/a	n/a	n/a	n/a
102.778	0.026	saccade	n/a	159.6	166.8	n/a	172.8	106.5	2.49	160.0
102.806	0.548	fixation	n/a	172.7	111.9	993.0	n/a	n/a	n/a	n/a
103.356	0.018	saccade	n/a	173.1	108.4	n/a	154.2	87.1	1.13	91.0
103.376	0.122	fixation	n/a	159.2	94.1	1044.0	n/a	n/a	n/a	n/a
103.5	0.034	saccade	n/a	157.3	93.6	n/a	214.4	93.0	2.25	254.0
103.536	0.25	fixation	n/a	223.4	89.5	991.0	n/a	n/a	n/a	n/a
103.788	0.036	saccade	n/a	222.4	90.3	n/a	296.0	93.7	2.94	261.0
103.826	0.196	fixation	n/a	303.6	93.9	952.0	n/a	n/a	n/a	n/a
104.024	0.036	saccade	n/a	303.4	95.4	n/a	388.7	99.5	3.44	311.0
104.062	0.152	fixation	n/a	400.0	96.1	938.0	n/a	n/a	n/a	n/a
104.216	0.032	saccade	n/a	402.2	95.9	n/a	373.1	89.1	1.21	197.0
104.25	0.06	fixation	n/a	362.0	92.8	906.0	n/a	n/a	n/a	n/a
104.312	0.054	saccade	n/a	360.5	94.3	n/a	552.1	103.3	7.69	362.0
104.368	0.172	fixation	n/a	567.3	108.4	896.0	n/a	n/a	n/a	n/a
104.542	0.032	saccade	n/a	567.7	107.3	n/a	607.0	110.9	1.56	182.0
104.576	0.078	fixation	n/a	613.0	106.5	876.0	n/a	n/a	n/a	n/a
104.656	0.064	saccade	n/a	614.3	104.1	n/a	156.1	158.2	18.1	557.0
104.722	0.32	fixation	n/a	155.9	159.2	850.0	n/a	n/a	n/a	n/a
105.044	0.034	saccade	n/a	156.0	158.3	n/a	222.9	156.5	2.63	246.0
105.08	0.292	fixation	n/a	228.5	153.7	874.0	n/a	n/a	n/a	n/a
105.374	0.022	saccade	n/a	229.8	158.0	n/a	298.5	158.6	2.74	223.0
105.398	0.18	fixation	n/a	287.2	158.8	919.0	n/a	n/a	n/a	n/a
105.58	0.034	saccade	n/a	287.5	157.6	n/a	363.1	161.0	3.03	287.0
105.616	0.214	fixation	n/a	370.7	159.3	910.0	n/a	n/a	n/a	n/a
105.832	0.024	saccade	n/a	371.5	157.9	n/a	437.9	163.2	2.68	201.0
105.858	0.104	fixation	n/a	427.7	160.2	872.0	n/a	n/a	n/a	n/a
105.964	0.028	saccade	n/a	430.8	160.0	n/a	531.2	163.0	4.03	264.0
105.994	0.232	fixation	n/a	524.4	160.8	815.0	n/a	n/a	n/a	n/a
106.228	0.034	saccade	n/a	525.0	158.4	n/a	567.0	162.9	1.68	203.0
106.264	0.126	fixation	n/a	575.0	158.0	761.0	n/a	n/a	n/a	n/a
106.392	0.06	saccade	n/a	576.7	156.7	n/a	189.2	211.1	15.47	496.0
106.454	0.16	fixation	n/a	184.4	212.5	761.0	n/a	n/a	n/a	n/a
106.616	0.03	saccade	n/a	182.1	214.7	n/a	158.2	208.6	0.97	164.0
106.648	0.128	fixation	n/a	147.8	212.8	799.0	n/a	n/a	n/a	n/a
106.778	0.038	saccade	n/a	147.0	213.4	n/a	239.8	219.0	3.65	325.0
106.818	0.228	fixation	n/a	252.9	220.2	837.0	n/a	n/a	n/a	n/a
107.048	0.032	saccade	n/a	252.3	222.6	n/a	306.3	225.8	2.16	224.0
107.082	0.232	fixation	n/a	313.5	221.9	833.0	n/a	n/a	n/a	n/a
107.316	0.024	saccade	n/a	315.1	222.0	n/a	372.0	217.2	2.29	182.0
107.342	0.174	fixation	n/a	363.9	219.0	834.0	n/a	n/a	n/a	n/a
107.518	0.036	saccade	n/a	364.7	220.5	n/a	430.2	221.1	2.63	246.0
107.556	0.212	fixation	n/a	439.0	218.4	820.0	n/a	n/a	n/a	n/a
107.77	0.022	saccade	n/a	440.5	219.1	n/a	500.8	218.7	2.42	187.0
107.794	0.128	fixation	n/a	490.0	220.3	800.0	n/a	n/a	n/a	n/a
107.924	0.026	saccade	n/a	490.9	221.3	n/a	572.7	220.8	3.25	232.0
107.952	0.266	fixation	n/a	565.4	221.3	777.0	n/a	n/a	n/a	n/a
108.07	0.0	trigger_11	11	n/a	n/a	n/a	n/a	n/a	n/a	n/a
108.074	0.0	trigger_10	10	n/a	n/a	n/a	n/a	n/a	n/a	n/a
108.22	0.026	saccade	n/a	564.9	221.6	n/a	626.0	221.0	2.41	214.0
108.248	0.1	fixation	n/a	619.0	219.5	749.0	n/a	n/a	n/a	n/a
108.35	0.038	saccade	n/a	620.0	220.7	n/a	551.3	217.9	2.71	300.0
108.39	0.234	fixation	n/a	536.1	218.5	755.0	n/a	n/a	n/a	n/a
108.626	0.024	saccade	n/a	536.2	217.5	n/a	601.7	219.0	2.59	196.0
108.652	0.212	fixation	n/a	591.9	219.0	781.0	n/a	n/a	n/a	n/a
108.866	0.034	saccade	n/a	590.2	217.7	n/a	625.1	222.7	1.39	181.0
108.902	0.126	fixation	n/a	632.9	220.8	760.0	n/a	n/a	n/a	n/a
109.03	0.074	saccade	n/a	634.8	219.7	n/a	194.2	272.5	17.37	504.0
109.106	0.14	fixation	n/a	182.4	275.9	764.0	n/a	n/a	n/a	n/a
109.248	0.034	saccade	n/a	180.6	275.5	n/a	152.9	270.7	1.1	182.0
109.284	0.344	fixation	n/a	142.8	274.1	770.0	n/a	n/a	n/a	n/a
109.63	0.034	saccade	n/a	142.6	278.9	n/a	216.5	279.0	2.89	251.0
109.666	0.246	fixation	n/a	223.6	276.5	806.0	n/a	n/a	n/a	n/a
109.914	0.034	saccade	n/a	225.2	278.1	n/a	292.9	285.9	2.69	264.0
109.95	0.066	fixation	n/a	298.8	283.4	803.0	n/a	n/a	n/a	n/a
110.018	0.028	saccade	n/a	300.4	281.6	n/a	249.2	164.2	5.16	312.0
110.048	0.21	fixation	n/a	258.0	138.4	766.0	n/a	n/a	n/a	n/a
110.26	0.026	saccade	n/a	257.7	137.3	n/a	167.6	96.5	3.93	269.0
110.288	0.194	fixation	n/a	165.1	103.2	738.0	n/a	n/a	n/a	n/a
110.484	0.034	saccade	n/a	165.1	103.0	n/a	231.3	95.4	2.63	266.0
110.52	0.262	fixation	n/a	238.1	93.9	799.0	n/a	n/a	n/a	n/a
110.784	0.036	saccade	n/a	238.1	97.5	n/a	298.9	94.7	2.43	241.0
110.822	0.124	fixation	n/a	309.0	93.3	859.0	n/a	n/a	n/a	n/a
110.948	0.028	saccade	n/a	310.9	93.7	n/a	426.0	99.3	4.64	284.0
110.978	0.294	fixation	n/a	427.5	100.5	841.0	n/a	n/a	n/a	n/a
111.274	0.02	saccade	n/a	431.7	102.4	n/a	462.3	101.4	1.23	123.0
111.296	0.088	fixation	n/a	455.7	101.7	829.0	n/a	n/a	n/a	n/a
111.386	0.026	saccade	n/a	457.2	99.9	n/a	540.6	99.6	3.34	243.0
111.414	0.19	fixation	n/a	528.8	98.5	813.0	n/a	n/a	n/a	n/a
111.606	0.02	saccade	n/a	529.1	95.9	n/a	580.2	93.5	2.04	167.0
111.628	0.108	fixation	n/a	572.6	94.0	767.0	n/a	n/a	n/a	n/a
111.738	0.054	saccade	n/a	572.9	93.3	n/a	207.2	127.7	14.55	503.0
111.794	0.136	fixation	n/a	201.2	132.1	768.0	n/a	n/a	n/a	n/a
111.814	0.0	trigger_11	11	n/a	n/a	n/a	n/a	n/a	n/a	n/a
111.822	0.0	trigger_10	10	n/a	n/a	n/a	n/a	n/a	n/a	n/a
111.932	0.034	saccade	n/a	200.0	133.7	n/a	163.7	142.6	1.47	217.0
111.968	0.16	fixation	n/a	151.3	150.1	779.0	n/a	n/a	n/a	n/a
112.13	0.036	saccade	n/a	149.6	150.9	n/a	255.3	154.0	4.17	329.0
112.168	0.142	fixation	n/a	265.2	152.9	870.0	n/a	n/a	n/a	n/a
112.312	0.026	saccade	n/a	266.7	155.3	n/a	356.5	159.7	3.6	274.0
112.34	0.28	fixation	n/a	346.8	157.5	909.0	n/a	n/a	n/a	n/a
112.622	0.032	saccade	n/a	349.7	159.0	n/a	394.6	163.1	1.81	218.0
112.656	0.204	fixation	n/a	402.0	160.3	860.0	n/a	n/a	n/a	n/a
112.862	0.022	saccade	n/a	404.1	159.4	n/a	451.2	159.6	1.9	154.0
112.886	0.174	fixation	n/a	443.9	158.8	827.0	n/a	n/a	n/a	n/a
113.062	0.024	saccade	n/a	444.0	158.0	n/a	510.3	158.5	2.66	194.0
113.088	0.24	fixation	n/a	496.6	156.7	794.0	n/a	n/a	n/a	n/a
113.33	0.032	saccade	n/a	498.8	157.1	n/a	552.3	162.6	2.15	212.0
113.364	0.198	fixation	n/a	558.1	158.4	765.0	n/a	n/a	n/a	n/a
113.564	0.02	saccade	n/a	560.2	156.6	n/a	581.2	147.1	0.92	102.0
113.586	0.088	fixation	n/a	577.0	147.8	763.0	n/a	n/a	n/a	n/a
113.676	0.05	saccade	n/a	576.9	146.4	n/a	383.7	110.9	7.86	493.0
113.728	0.328	fixation	n/a	366.5	118.9	839.0	n/a	n/a	n/a	n/a
114.058	0.05	saccade	n/a	364.2	124.3	n/a	185.5	99.0	7.19	453.0
114.11	0.24	fixation	n/a	165.9	103.7	935.0	n/a	n/a	n/a	n/a
114.352	0.024	saccade	n/a	165.0	105.1	n/a	237.9	93.4	2.92	229.0
114.378	0.16	fixation	n/a	228.9	95.1	937.0	n/a	n/a	n/a	n/a
114.54	0.028	saccade	n/a	229.4	93.6	n/a	323.4	92.0	3.75	263.0
114.57	0.23	fixation	n/a	315.8	90.2	921.0	n/a	n/a	n/a	n/a
114.802	0.024	saccade	n/a	317.9	90.1	n/a	384.7	96.7	2.7	212.0
114.828	0.214	fixation	n/a	374.5	97.5	932.0	n/a	n/a	n/a	n/a
115.044	0.03	saccade	n/a	375.4	99.4	n/a	349.0	95.6	1.08	170.0
115.076	0.13	fixation	n/a	341.8	100.7	960.0	n/a	n/a	n/a	n/a
115.208	0.026	saccade	n/a	340.5	102.1	n/a	442.8	94.1	4.13	288.0
115.236	0.032	fixation	n/a	445.5	95.6	944.0	n/a	n/a	n/a	n/a
115.27	0.342	saccade	n/a	455.3	92.1	n/a	470.1	106.3	0.83	365.0
115.322	0.244	blink	n/a	n/a	n/a	n/a	n/a	n/a	n/a	n/a
115.614	0.126	fixation	n/a	464.6	88.1	866.0	n/a	n/a	n/a	n/a
115.742	0.034	saccade	n/a	463.7	88.6	n/a	520.7	97.9	2.32	231.0
115.778	0.222	fixation	n/a	525.9	96.1	884.0	n/a	n/a	n/a	n/a
116.002	0.038	saccade	n/a	526.4	94.4	n/a	590.3	93.0	2.54	260.0
116.042	0.16	fixation	n/a	601.4	93.2	745.0	n/a	n/a	n/a	n/a
116.204	0.024	saccade	n/a	602.6	94.3	n/a	655.8	94.9	2.09	165.0
116.23	0.066	fixation	n/a	643.5	95.1	737.0	n/a	n/a	n/a	n/a
116.298	0.078	saccade	n/a	645.2	95.3	n/a	170.4	149.7	18.71	574.0
116.378	0.236	fixation	n/a	155.0	154.5	780.0	n/a	n/a	n/a	n/a
116.616	0.042	saccade	n/a	152.4	152.2	n/a	247.6	148.4	3.76	320.0
116.66	0.102	fixation	n/a	262.1	147.3	814.0	n/a	n/a	n/a	n/a
116.764	0.14	saccade	n/a	269.0	163.9	n/a	322.4	201.8	2.64	722.0
116.792	0.06	blink	n/a	n/a	n/a	n/a	n/a	n/a	n/a	n/a
116.906	0.35	fixation	n/a	320.1	163.5	920.0	n/a	n/a	n/a	n/a
117.258	0.024	saccade	n/a	321.9	159.9	n/a	398.8	148.9	3.13	240.0
117.284	0.096	fixation	n/a	390.1	154.3	868.0	n/a	n/a	n/a	n/a
117.382	0.038	saccade	n/a	392.2	153.1	n/a	316.8	149.6	3.04	309.0
117.422	0.134	fixation	n/a	300.8	151.2	827.0	n/a	n/a	n/a	n/a
117.558	0.03	saccade	n/a	298.8	152.2	n/a	266.9	147.4	1.29	183.0
117.59	0.154	fixation	n/a	260.0	156.0	845.0	n/a	n/a	n/a	n/a
117.746	0.038	saccade	n/a	258.5	158.1	n/a	336.5	166.9	3.14	304.0
117.786	0.27	fixation	n/a	349.0	164.2	869.0	n/a	n/a	n/a	n/a
118.058	0.028	saccade	n/a	352.9	165.2	n/a	461.7	162.4	4.37	308.0
118.088	0.212	fixation	n/a	458.0	163.4	871.0	n/a	n/a	n/a	n/a
118.302	0.022	saccade	n/a	459.0	162.2	n/a	528.4	162.0	2.78	215.0
118.326	0.134	fixation	n/a	515.5	162.9	855.0	n/a	n/a	n/a	n/a
118.462	0.038	saccade	n/a	516.7	163.3	n/a	450.8	155.1	2.66	306.0
118.502	0.156	fixation	n/a	434.5	155.2	836.0	n/a	n/a	n/a	n/a
118.66	0.026	saccade	n/a	434.0	153.5	n/a	523.6	156.3	3.6	259.0
118.688	0.214	fixation	n/a	512.9	156.8	807.0	n/a	n/a	n/a	n/a
118.904	0.026	saccade	n/a	512.1	157.8	n/a	597.8	160.6	3.41	244.0
118.932	0.134	fixation	n/a	587.3	162.5	828.0	n/a	n/a	n/a	n/a
119.068	0.022	saccade	n/a	588.3	161.5	n/a	657.8	163.9	2.73	215.0
119.092	0.068	fixation	n/a	646.1	164.0	803.0	n/a	n/a	n/a	n/a
119.162	0.072	saccade	n/a	647.9	164.3	n/a	191.9	197.6	17.93	568.0
119.236	0.158	fixation	n/a	177.0	199.3	809.0	n/a	n/a	n/a	n/a
119.396	0.03	saccade	n/a	174.2	198.8	n/a	148.8	202.0	1.0	161.0
119.428	0.116	fixation	n/a	140.2	207.2	821.0	n/a	n/a	n/a	n/a
119.546	0.028	saccade	n/a	139.5	208.6	n/a	273.4	222.5	5.3	355.0
119.576	0.114	fixation	n/a	270.7	222.4	903.0	n/a	n/a	n/a	n/a
119.692	0.114	saccade	n/a	279.1	230.1	n/a	300.0	258.7	1.42	578.0
119.726	0.02	blink	n/a	n/a	n/a	n/a	n/a	n/a	n/a	n/a
119.808	0.108	fixation	n/a	297.8	229.2	948.0	n/a	n/a	n/a	n/a
119.918	0.04	saccade	n/a	298.1	225.8	n/a	394.4	220.8	3.87	320.0
119.96	0.24	fixation	n/a	404.0	220.1	900.0	n/a	n/a	n/a	n/a
120.202	0.034	saccade	n/a	405.1	219.6	n/a	475.5	218.6	2.82	275.0
120.238	0.152	fixation	n/a	484.3	217.1	796.0	n/a	n/a	n/a	n/a
120.392	0.024	saccade	n/a	487.3	217.5	n/a	565.3	212.4	3.11	215.0
120.418	0.24	fixation	n/a	558.5	215.6	753.0	n/a	n/a	n/a	n/a
120.66	0.06	saccade	n/a	559.0	213.9	n/a	189.9	261.2	14.68	485.0
120.722	0.146	fixation	n/a	188.6	261.3	741.0	n/a	n/a	n/a	n/a
120.87	0.03	saccade	n/a	187.0	262.8	n/a	155.1	267.9	1.26	168.0
120.902	0.106	fixation	n/a	148.2	272.0	770.0	n/a	n/a	n/a	n/a
121.01	0.026	saccade	n/a	147.7	273.7	n/a	254.9	274.4	4.2	308.0
121.038	0.182	fixation	n/a	250.5	273.2	831.0	n/a	n/a	n/a	n/a
121.222	0.034	saccade	n/a	252.3	275.3	n/a	335.1	278.4	3.29	293.0
121.258	0.29	fixation	n/a	340.2	272.6	846.0	n/a	n/a	n/a	n/a
121.386	0.0	trigger_11	11	n/a	n/a	n/a	n/a	n/a	n/a	n/a
121.388	0.0	trigger_10	10	n/a	n/a	n/a	n/a	n/a	n/a	n/a
121.55	0.034	saccade	n/a	342.3	276.3	n/a	397.0	275.1	2.19	249.0
121.586	0.206	fixation	n/a	407.0	274.3	768.0	n/a	n/a	n/a	n/a
121.794	0.04	saccade	n/a	408.1	275.5	n/a	496.1	278.3	3.51	267.0
121.836	0.252	fixation	n/a	509.7	275.7	723.0	n/a	n/a	n/a	n/a
122.09	0.026	saccade	n/a	511.0	275.1	n/a	604.4	279.9	3.7	272.0
122.118	0.142	fixation	n/a	597.3	278.4	682.0	n/a	n/a	n/a	n/a
122.262	0.06	saccade	n/a	599.7	276.7	n/a	201.0	334.0	15.77	494.0
122.324	0.14	fixation	n/a	196.4	335.2	701.0	n/a	n/a	n/a	n/a
122.466	0.032	saccade	n/a	193.0	335.9	n/a	156.4	335.1	1.42	202.0
122.5	0.132	fixation	n/a	146.3	340.1	713.0	n/a	n/a	n/a	n/a
122.634	0.036	saccade	n/a	144.9	342.4	n/a	229.9	340.4	3.31	305.0
122.672	0.208	fixation	n/a	239.0	338.2	760.0	n/a	n/a	n/a	n/a
122.882	0.04	saccade	n/a	240.0	341.1	n/a	330.2	335.0	3.57	278.0
122.924	0.138	fixation	n/a	342.3	336.1	761.0	n/a	n/a	n/a	n/a
123.064	0.03	saccade	n/a	343.2	336.1	n/a	438.6	339.5	3.79	254.0
123.096	0.14	fixation	n/a	433.2	337.0	723.0	n/a	n/a	n/a	n/a
123.238	0.046	saccade	n/a	434.8	335.8	n/a	356.2	165.8	7.54	329.0
123.286	0.058	fixation	n/a	350.3	140.6	678.0	n/a	n/a	n/a	n/a
123.346	0.02	saccade	n/a	349.1	129.4	n/a	322.5	85.0	2.1	157.0
123.368	0.226	fixation	n/a	325.9	91.0	663.0	n/a	n/a	n/a	n/a
123.596	0.044	saccade	n/a	323.3	89.9	n/a	185.3	84.0	5.49	393.0
123.642	0.222	fixation	n/a	169.2	86.1	717.0	n/a	n/a	n/a	n/a
123.866	0.024	saccade	n/a	168.8	87.6	n/a	220.1	90.7	2.03	189.0
123.892	0.158	fixation	n/a	212.7	90.4	780.0	n/a	n/a	n/a	n/a
124.024	0.0	trigger_11	11	n/a	n/a	n/a	n/a	n/a	n/a	n/a
124.03	0.0	trigger_10	10	n/a	n/a	n/a	n/a	n/a	n/a	n/a
124.052	0.026	saccade	n/a	214.0	90.7	n/a	323.0	92.3	4.35	301.0
124.08	0.256	fixation	n/a	312.3	93.9	830.0	n/a	n/a	n/a	n/a
124.338	0.034	saccade	n/a	313.1	95.1	n/a	369.1	94.8	2.25	263.0
124.374	0.324	fixation	n/a	377.0	94.3	855.0	n/a	n/a	n/a	n/a
124.7	0.032	saccade	n/a	377.1	96.1	n/a	481.5	108.5	4.23	225.0
124.734	0.22	fixation	n/a	474.6	102.5	855.0	n/a	n/a	n/a	n/a
124.956	0.028	saccade	n/a	476.0	103.1	n/a	562.7	103.8	3.47	248.0
124.986	0.164	fixation	n/a	554.4	104.5	846.0	n/a	n/a	n/a	n/a
125.152	0.068	saccade	n/a	556.1	108.0	n/a	198.1	145.9	14.29	530.0
125.222	0.14	fixation	n/a	184.6	150.2	834.0	n/a	n/a	n/a	n/a
125.364	0.03	saccade	n/a	183.4	150.8	n/a	161.4	148.4	0.87	166.0
125.396	0.156	fixation	n/a	151.7	153.1	853.0	n/a	n/a	n/a	n/a
125.554	0.036	saccade	n/a	150.1	153.1	n/a	222.0	161.2	2.85	277.0
125.592	0.172	fixation	n/a	231.4	160.4	940.0	n/a	n/a	n/a	n/a
125.766	0.03	saccade	n/a	231.9	162.3	n/a	268.6	173.9	1.53	198.0
125.798	0.1	fixation	n/a	274.1	171.7	970.0	n/a	n/a	n/a	n/a
125.9	0.022	saccade	n/a	277.2	169.4	n/a	265.7	101.9	2.78	204.0
125.924	0.304	fixation	n/a	272.6	102.8	906.0	n/a	n/a	n/a	n/a
126.23	0.046	saccade	n/a	272.2	101.8	n/a	174.1	94.9	3.9	298.0
126.278	0.254	fixation	n/a	157.5	96.6	916.0	n/a	n/a	n/a	n/a
126.534	0.032	saccade	n/a	156.3	98.7	n/a	201.7	99.4	1.79	208.0
126.568	0.224	fixation	n/a	207.1	96.8	906.0	n/a	n/a	n/a	n/a
126.794	0.03	saccade	n/a	205.7	97.0	n/a	179.3	98.7	1.04	156.0
126.826	0.112	fixation	n/a	172.6	101.3	899.0	n/a	n/a	n/a	n/a
126.94	0.034	saccade	n/a	172.0	100.8	n/a	134.3	98.8	1.48	229.0
126.976	0.176	fixation	n/a	121.4	103.3	916.0	n/a	n/a	n/a	n/a
127.154	0.034	saccade	n/a	120.2	102.3	n/a	183.0	98.0	2.46	250.0
127.19	0.142	fixation	n/a	188.3	92.5	915.0	n/a	n/a	n/a	n/a
127.334	0.008	saccade	n/a	185.0	93.8	n/a	175.9	96.4	0.37	46.0
127.344	0.11	fixation	n/a	175.5	96.4	917.0	n/a	n/a	n/a	n/a
127.456	0.022	saccade	n/a	175.5	97.1	n/a	238.9	91.5	2.52	201.0
127.48	0.36	fixation	n/a	226.1	93.4	896.0	n/a	n/a	n/a	n/a
127.842	0.036	saccade	n/a	227.7	93.7	n/a	296.6	100.2	2.76	255.0
127.88	0.196	fixation	n/a	306.0	96.6	856.0	n/a	n/a	n/a	n/a
128.078	0.028	saccade	n/a	308.2	96.1	n/a	388.7	99.1	3.24	248.0
128.108	0.324	fixation	n/a	383.5	96.6	839.0	n/a	n/a	n/a	n/a
128.434	0.016	saccade	n/a	385.4	95.7	n/a	416.4	95.5	1.25	108.0
128.452	0.146	fixation	n/a	406.8	97.0	793.0	n/a	n/a	n/a	n/a
128.6	0.028	saccade	n/a	405.6	96.9	n/a	497.5	94.3	3.7	254.0
128.63	0.256	fixation	n/a	488.3	97.6	799.0	n/a	n/a	n/a	n/a
128.888	0.026	saccade	n/a	488.1	100.6	n/a	553.5	106.6	2.63	222.0
128.916	0.172	fixation	n/a	542.5	102.9	799.0	n/a	n/a	n/a	n/a
129.09	0.024	saccade	n/a	542.6	105.2	n/a	608.8	104.0	2.62	208.0
129.116	0.126	fixation	n/a	598.4	100.6	788.0	n/a	n/a	n/a	n/a
129.244	0.072	saccade	n/a	600.3	101.0	n/a	189.4	148.7	16.32	537.0
129.318	0.294	fixation	n/a	180.0	153.5	834.0	n/a	n/a	n/a	n/a
129.614	0.028	saccade	n/a	180.0	153.2	n/a	299.1	162.2	4.74	310.0
129.644	0.164	fixation	n/a	293.2	160.8	893.0	n/a	n/a	n/a	n/a
129.81	0.032	saccade	n/a	293.0	161.1	n/a	262.7	159.7	1.21	168.0
129.844	0.12	fixation	n/a	254.5	161.9	918.0	n/a	n/a	n/a	n/a
129.966	0.028	saccade	n/a	255.0	162.4	n/a	362.9	165.9	4.32	285.0
129.996	0.232	fixation	n/a	353.7	167.1	915.0	n/a	n/a	n/a	n/a
130.23	0.008	saccade	n/a	350.1	165.6	n/a	341.6	166.6	0.34	42.0
130.24	0.056	fixation	n/a	343.6	164.7	876.0	n/a	n/a	n/a	n/a
130.298	0.044	saccade	n/a	342.5	163.3	n/a	456.3	164.4	4.57	316.0
130.344	0.252	fixation	n/a	474.4	162.0	809.0	n/a	n/a	n/a	n/a
130.598	0.028	saccade	n/a	477.4	159.9	n/a	549.2	161.4	2.87	176.0
130.628	0.186	fixation	n/a	541.5	161.2	768.0	n/a	n/a	n/a	n/a
130.816	0.036	saccade	n/a	541.7	158.2	n/a	609.0	163.5	2.67	247.0
130.854	0.182	fixation	n/a	615.8	159.7	734.0	n/a	n/a	n/a	n/a
131.038	0.072	saccade	n/a	616.5	159.6	n/a	228.9	190.3	15.37	458.0
131.112	0.16	fixation	n/a	215.6	199.7	739.0	n/a	n/a	n/a	n/a
131.274	0.036	saccade	n/a	214.3	202.5	n/a	162.4	207.3	2.05	266.0
131.312	0.244	fixation	n/a	145.4	213.8	762.0	n/a	n/a	n/a	n/a
131.558	0.022	saccade	n/a	143.8	215.9	n/a	216.8	218.7	2.86	224.0
131.582	0.142	fixation	n/a	204.7	220.9	814.0	n/a	n/a	n/a	n/a
131.726	0.034	saccade	n/a	206.4	223.2	n/a	273.9	224.3	2.67	270.0
131.762	0.204	fixation	n/a	281.4	221.7	820.0	n/a	n/a	n/a	n/a
131.968	0.022	saccade	n/a	282.8	220.0	n/a	342.2	217.9	2.38	170.0
131.992	0.172	fixation	n/a	335.2	221.2	811.0	n/a	n/a	n/a	n/a
132.166	0.032	saccade	n/a	335.3	221.2	n/a	370.5	223.2	1.42	178.0
132.2	0.142	fixation	n/a	376.9	220.9	784.0	n/a	n/a	n/a	n/a
132.344	0.04	saccade	n/a	377.6	219.9	n/a	457.6	224.1	3.22	280.0
132.386	0.184	fixation	n/a	467.7	222.7	764.0	n/a	n/a	n/a	n/a
132.572	0.022	saccade	n/a	468.5	218.3	n/a	442.0	154.1	2.82	211.0
132.596	0.572	fixation	n/a	447.3	161.7	776.0	n/a	n/a	n/a	n/a
133.112	0.0	trigger_11	11	n/a	n/a	n/a	n/a	n/a	n/a	n/a
133.118	0.0	trigger_10	10	n/a	n/a	n/a	n/a	n/a	n/a	n/a
133.17	0.03	saccade	n/a	445.9	165.6	n/a	560.0	164.8	4.56	287.0
133.202	0.17	fixation	n/a	555.8	164.6	860.0	n/a	n/a	n/a	n/a
133.374	0.032	saccade	n/a	558.5	163.8	n/a	605.5	166.2	1.86	236.0
133.408	0.14	fixation	n/a	614.9	166.2	834.0	n/a	n/a	n/a	n/a
133.55	0.028	saccade	n/a	615.7	166.1	n/a	595.0	160.7	0.85	136.0
133.58	0.262	fixation	n/a	590.5	161.2	787.0	n/a	n/a	n/a	n/a
133.844	0.016	saccade	n/a	592.5	160.4	n/a	626.9	155.7	1.37	112.0
133.862	0.25	fixation	n/a	619.8	158.7	744.0	n/a	n/a	n/a	n/a
134.114	0.016	saccade	n/a	624.0	157.2	n/a	639.0	157.3	0.59	63.0
134.132	0.032	fixation	n/a	633.7	158.4	729.0	n/a	n/a	n/a	n/a
134.166	0.064	saccade	n/a	635.1	156.4	n/a	186.8	216.7	17.78	490.0
134.232	0.152	fixation	n/a	182.4	219.9	761.0	n/a	n/a	n/a	n/a
134.386	0.034	saccade	n/a	182.0	221.3	n/a	145.9	211.3	1.47	204.0
134.422	0.146	fixation	n/a	135.5	215.3	787.0	n/a	n/a	n/a	n/a
134.57	0.036	saccade	n/a	133.1	214.7	n/a	214.6	219.4	3.2	321.0
134.608	0.158	fixation	n/a	225.2	219.0	816.0	n/a	n/a	n/a	n/a
134.768	0.04	saccade	n/a	226.1	221.3	n/a	325.0	219.8	3.93	318.0
134.81	0.126	fixation	n/a	339.9	217.6	821.0	n/a	n/a	n/a	n/a
134.938	0.042	saccade	n/a	340.6	219.3	n/a	447.7	217.2	4.3	337.0
134.982	0.102	fixation	n/a	461.1	217.2	820.0	n/a	n/a	n/a	n/a
135.086	0.028	saccade	n/a	461.9	215.6	n/a	364.7	114.0	5.69	362.0
135.116	0.22	fixation	n/a	364.1	94.8	779.0	n/a	n/a	n/a	n/a
135.338	0.048	saccade	n/a	364.5	96.7	n/a	191.9	96.2	6.89	437.0
135.388	0.274	fixation	n/a	174.2	102.4	822.0	n/a	n/a	n/a	n/a
135.664	0.038	saccade	n/a	172.5	104.6	n/a	236.0	101.2	2.52	283.0
135.704	0.172	fixation	n/a	248.9	98.1	879.0	n/a	n/a	n/a	n/a
135.878	0.022	saccade	n/a	249.2	99.1	n/a	221.3	98.8	1.11	116.0
135.902	0.104	fixation	n/a	227.1	99.3	897.0	n/a	n/a	n/a	n/a
136.008	0.032	saccade	n/a	227.8	100.2	n/a	284.3	101.5	2.25	238.0
136.042	0.25	fixation	n/a	291.1	98.2	903.0	n/a	n/a	n/a	n/a
136.294	0.038	saccade	n/a	291.3	97.9	n/a	370.8	100.8	3.19	313.0
136.334	0.276	fixation	n/a	384.7	97.2	889.0	n/a	n/a	n/a	n/a
136.612	0.032	saccade	n/a	387.8	95.4	n/a	436.0	101.4	1.96	212.0
136.646	0.178	fixation	n/a	443.1	93.5	808.0	n/a	n/a	n/a	n/a
136.826	0.022	saccade	n/a	444.9	92.3	n/a	515.4	93.7	2.83	199.0
136.85	0.24	fixation	n/a	514.1	96.4	767.0	n/a	n/a	n/a	n/a
137.092	0.022	saccade	n/a	516.2	97.8	n/a	593.5	96.0	3.07	235.0
137.116	0.182	fixation	n/a	591.9	97.6	768.0	n/a	n/a	n/a	n/a
137.3	0.066	saccade	n/a	592.7	95.7	n/a	212.3	141.5	15.15	491.0
137.368	0.14	fixation	n/a	201.0	147.5	809.0	n/a	n/a	n/a	n/a
137.51	0.036	saccade	n/a	200.3	148.7	n/a	163.3	150.3	1.46	210.0
137.548	0.116	fixation	n/a	150.9	155.1	819.0	n/a	n/a	n/a	n/a
137.666	0.022	saccade	n/a	149.8	155.0	n/a	228.9	147.8	3.13	243.0
137.69	0.244	fixation	n/a	219.2	151.3	855.0	n/a	n/a	n/a	n/a
137.936	0.04	saccade	n/a	218.5	149.5	n/a	319.4	157.7	4.04	304.0
137.978	0.274	fixation	n/a	330.4	155.9	839.0	n/a	n/a	n/a	n/a
138.254	0.026	saccade	n/a	329.0	156.7	n/a	406.8	154.5	3.13	219.0
138.282	0.15	fixation	n/a	398.4	153.8	814.0	n/a	n/a	n/a	n/a
138.434	0.036	saccade	n/a	400.6	152.6	n/a	479.4	155.8	3.17	281.0
138.472	0.262	fixation	n/a	491.1	156.0	788.0	n/a	n/a	n/a	n/a
138.736	0.022	saccade	n/a	493.4	157.4	n/a	546.0	159.2	2.11	152.0
138.76	0.18	fixation	n/a	535.0	156.8	749.0	n/a	n/a	n/a	n/a
138.942	0.02	saccade	n/a	533.7	157.2	n/a	590.0	157.7	2.23	178.0
138.964	0.108	fixation	n/a	582.0	157.6	729.0	n/a	n/a	n/a	n/a
139.074	0.062	saccade	n/a	582.2	156.3	n/a	168.4	207.5	16.45	470.0
139.138	0.244	fixation	n/a	166.7	209.0	738.0	n/a	n/a	n/a	n/a
139.384	0.042	saccade	n/a	166.2	209.2	n/a	272.5	217.4	4.21	328.0
139.428	0.092	fixation	n/a	285.3	219.5	786.0	n/a	n/a	n/a	n/a
139.522	0.072	saccade	n/a	290.4	226.9	n/a	291.3	258.5	1.28	341.0
139.596	0.28	fixation	n/a	272.7	226.7	773.0	n/a	n/a	n/a	n/a
139.878	0.036	saccade	n/a	266.6	221.3	n/a	358.8	222.8	3.69	348.0
139.916	0.276	fixation	n/a	369.2	221.4	757.0	n/a	n/a	n/a	n/a
140.194	0.022	saccade	n/a	369.9	220.7	n/a	421.8	218.6	2.09	184.0
140.218	0.174	fixation	n/a	411.9	218.4	744.0	n/a	n/a	n/a	n/a
140.394	0.034	saccade	n/a	412.0	219.0	n/a	467.7	221.8	2.24	242.0
140.43	0.142	fixation	n/a	476.4	219.0	739.0	n/a	n/a	n/a	n/a
140.574	0.028	saccade	n/a	477.6	219.5	n/a	579.0	219.0	4.03	274.0
140.604	0.246	fixation	n/a	575.0	218.7	739.0	n/a	n/a	n/a	n/a
140.852	0.06	saccade	n/a	578.1	216.4	n/a	183.2	270.5	15.67	490.0
140.914	0.16	fixation	n/a	181.4	274.1	745.0	n/a	n/a	n/a	n/a
141.076	0.032	saccade	n/a	180.0	273.9	n/a	150.0	275.2	1.17	176.0
141.11	0.11	fixation	n/a	141.0	281.0	773.0	n/a	n/a	n/a	n/a
141.222	0.04	saccade	n/a	138.2	281.6	n/a	233.4	282.3	3.73	323.0
141.264	0.124	fixation	n/a	244.2	278.0	829.0	n/a	n/a	n/a	n/a
141.39	0.034	saccade	n/a	245.1	277.9	n/a	215.4	280.2	1.18	195.0
141.426	0.234	fixation	n/a	201.8	287.1	869.0	n/a	n/a	n/a	n/a
141.662	0.036	saccade	n/a	202.9	287.6	n/a	258.7	283.0	2.21	260.0
141.7	0.29	fixation	n/a	272.0	281.5	838.0	n/a	n/a	n/a	n/a
141.992	0.026	saccade	n/a	271.6	282.2	n/a	364.8	277.3	3.72	263.0
142.008	0.0	trigger_11	11	n/a	n/a	n/a	n/a	n/a	n/a	n/a
142.014	0.0	trigger_10	10	n/a	n/a	n/a	n/a	n/a	n/a	n/a
142.02	0.21	fixation	n/a	357.8	279.8	848.0	n/a	n/a	n/a	n/a
142.232	0.034	saccade	n/a	360.0	280.5	n/a	420.4	277.8	2.42	262.0
142.268	0.212	fixation	n/a	426.6	275.1	796.0	n/a	n/a	n/a	n/a
142.482	0.026	saccade	n/a	428.3	277.2	n/a	518.5	276.2	3.59	288.0
142.51	0.104	fixation	n/a	511.0	278.2	730.0	n/a	n/a	n/a	n/a
142.616	0.046	saccade	n/a	512.5	278.3	n/a	403.4	277.2	4.35	350.0
142.664	0.252	fixation	n/a	390.3	279.5	736.0	n/a	n/a	n/a	n/a
142.918	0.038	saccade	n/a	388.1	276.9	n/a	443.9	276.9	2.23	228.0
142.958	0.166	fixation	n/a	454.8	276.4	781.0	n/a	n/a	n/a	n/a
143.126	0.026	saccade	n/a	455.3	277.6	n/a	541.9	273.9	3.45	272.0
143.154	0.242	fixation	n/a	537.9	276.1	762.0	n/a	n/a	n/a	n/a
143.398	0.022	saccade	n/a	541.2	276.8	n/a	603.4	280.4	2.46	192.0
143.422	0.104	fixation	n/a	592.5	281.2	714.0	n/a	n/a	n/a	n/a
143.528	0.058	saccade	n/a	592.4	281.2	n/a	191.7	337.7	15.81	523.0
143.588	0.306	fixation	n/a	189.5	340.1	780.0	n/a	n/a	n/a	n/a
143.896	0.022	saccade	n/a	187.5	340.2	n/a	225.7	316.2	1.77	159.0
143.92	0.026	fixation	n/a	214.1	313.5	827.0	n/a	n/a	n/a	n/a
143.948	0.034	saccade	n/a	216.8	313.0	n/a	182.6	172.4	5.78	391.0
143.984	0.07	fixation	n/a	183.2	151.0	806.0	n/a	n/a	n/a	n/a
144.056	0.022	saccade	n/a	182.7	142.8	n/a	174.0	82.0	2.48	173.0
144.08	0.288	fixation	n/a	182.6	95.1	805.0	n/a	n/a	n/a	n/a
144.37	0.03	saccade	n/a	183.6	95.1	n/a	231.3	96.2	1.89	201.0
144.402	0.298	fixation	n/a	234.1	94.6	847.0	n/a	n/a	n/a	n/a
144.702	0.028	saccade	n/a	234.9	96.9	n/a	336.5	96.2	4.06	293.0
144.732	0.514	fixation	n/a	331.1	99.5	901.0	n/a	n/a	n/a	n/a
145.248	0.036	saccade	n/a	334.3	102.3	n/a	289.9	97.1	1.79	217.0
145.286	0.134	fixation	n/a	280.1	99.7	885.0	n/a	n/a	n/a	n/a
145.422	0.034	saccade	n/a	280.3	100.3	n/a	338.3	105.5	2.33	249.0
145.458	0.246	fixation	n/a	348.7	102.8	864.0	n/a	n/a	n/a	n/a
145.706	0.036	saccade	n/a	351.1	103.1	n/a	415.7	106.1	2.61	270.0
145.744	0.208	fixation	n/a	425.3	102.5	860.0	n/a	n/a	n/a	n/a
145.954	0.01	saccade	n/a	422.6	101.3	n/a	408.3	101.4	0.58	59.0
145.966	0.092	fixation	n/a	412.0	97.5	823.0	n/a	n/a	n/a	n/a
146.06	0.032	saccade	n/a	411.4	96.0	n/a	470.8	105.8	2.42	237.0
146.094	0.37	fixation	n/a	477.4	98.3	764.0	n/a	n/a	n/a	n/a
146.466	0.022	saccade	n/a	478.0	98.3	n/a	530.9	99.7	2.12	177.0
146.49	0.172	fixation	n/a	522.2	97.1	737.0	n/a	n/a	n/a	n/a
146.664	0.058	saccade	n/a	521.8	97.2	n/a	149.0	142.8	14.85	492.0
146.724	0.302	fixation	n/a	146.4	147.1	790.0	n/a	n/a	n/a	n/a
147.028	0.022	saccade	n/a	145.2	150.1	n/a	216.9	151.3	2.82	234.0
147.052	0.154	fixation	n/a	208.0	153.1	886.0	n/a	n/a	n/a	n/a
147.208	0.036	saccade	n/a	209.9	155.1	n/a	287.5	166.6	3.12	280.0
147.218	0.0	trigger_11	11	n/a	n/a	n/a	n/a	n/a	n/a	n/a
147.224	0.0	trigger_12	12	n/a	n/a	n/a	n/a	n/a	n/a	n/a
147.246	0.218	fixation	n/a	296.7	163.5	959.0	n/a	n/a	n/a	n/a
147.466	0.034	saccade	n/a	298.4	167.7	n/a	360.2	165.4	2.48	266.0
147.502	0.168	fixation	n/a	370.8	162.9	944.0	n/a	n/a	n/a	n/a
147.672	0.04	saccade	n/a	371.5	163.0	n/a	447.6	166.4	3.07	290.0
147.714	0.152	fixation	n/a	460.1	167.6	888.0	n/a	n/a	n/a	n/a
147.868	0.032	saccade	n/a	462.7	166.6	n/a	528.0	171.9	2.63	256.0
147.902	0.14	fixation	n/a	534.0	168.4	856.0	n/a	n/a	n/a	n/a
148.044	0.022	saccade	n/a	534.3	167.8	n/a	589.9	168.0	2.21	174.0
148.068	0.16	fixation	n/a	583.1	168.4	846.0	n/a	n/a	n/a	n/a
148.23	0.056	saccade	n/a	583.0	170.1	n/a	197.2	209.5	15.3	498.0
148.288	0.14	fixation	n/a	193.6	210.6	885.0	n/a	n/a	n/a	n/a
148.43	0.03	saccade	n/a	192.5	212.3	n/a	158.7	218.9	1.35	185.0
148.462	0.172	fixation	n/a	152.5	223.2	925.0	n/a	n/a	n/a	n/a
148.636	0.038	saccade	n/a	153.0	225.5	n/a	246.5	227.9	3.68	316.0
148.676	0.252	fixation	n/a	260.7	224.4	998.0	n/a	n/a	n/a	n/a
148.93	0.034	saccade	n/a	264.2	226.6	n/a	321.0	226.9	2.27	236.0
148.966	0.1	fixation	n/a	329.3	225.0	981.0	n/a	n/a	n/a	n/a
149.068	0.03	saccade	n/a	329.5	224.3	n/a	268.3	112.9	5.14	292.0
149.1	0.33	fixation	n/a	270.6	104.4	876.0	n/a	n/a	n/a	n/a
149.432	0.034	saccade	n/a	268.7	102.6	n/a	178.7	94.2	3.59	329.0
149.468	0.268	fixation	n/a	170.6	99.5	901.0	n/a	n/a	n/a	n/a
149.738	0.034	saccade	n/a	170.7	100.6	n/a	224.5	103.1	2.12	230.0
149.774	0.186	fixation	n/a	231.5	98.2	960.0	n/a	n/a	n/a	n/a
149.962	0.034	saccade	n/a	230.7	97.6	n/a	315.2	109.7	3.41	277.0
149.998	0.152	fixation	n/a	320.1	101.8	973.0	n/a	n/a	n/a	n/a
150.152	0.042	saccade	n/a	321.1	101.5	n/a	246.2	96.2	3.0	315.0
150.196	0.2	fixation	n/a	226.8	100.4	965.0	n/a	n/a	n/a	n/a
150.398	0.038	saccade	n/a	227.2	100.7	n/a	302.7	103.7	3.02	283.0
150.438	0.128	fixation	n/a	314.2	103.7	972.0	n/a	n/a	n/a	n/a
150.568	0.028	saccade	n/a	317.0	105.5	n/a	426.2	110.9	4.4	306.0
150.598	0.3	fixation	n/a	423.1	110.7	973.0	n/a	n/a	n/a	n/a
150.9	0.032	saccade	n/a	425.6	108.5	n/a	473.0	112.1	1.91	217.0
150.934	0.22	fixation	n/a	482.8	106.4	871.0	n/a	n/a	n/a	n/a
151.156	0.02	saccade	n/a	482.9	103.6	n/a	524.9	102.8	1.68	136.0
151.178	0.098	fixation	n/a	516.6	103.2	823.0	n/a	n/a	n/a	n/a
151.278	0.026	saccade	n/a	517.3	102.0	n/a	590.9	101.8	2.93	207.0
151.306	0.192	fixation	n/a	583.4	99.3	776.0	n/a	n/a	n/a	n/a
151.5	0.066	saccade	n/a	585.6	97.1	n/a	152.7	156.7	17.21	495.0
151.568	0.164	fixation	n/a	152.2	161.4	778.0	n/a	n/a	n/a	n/a
151.666	0.0	trigger_13	13	n/a	n/a	n/a	n/a	n/a	n/a	n/a
151.734	0.038	saccade	n/a	151.3	162.3	n/a	266.4	158.7	4.55	371.0
151.774	0.23	fixation	n/a	278.0	158.5	810.0	n/a	n/a	n/a	n/a
152.006	0.038	saccade	n/a	281.3	161.7	n/a	361.7	165.1	3.23	304.0
152.046	0.246	fixation	n/a	372.8	162.7	871.0	n/a	n/a	n/a	n/a
152.294	0.026	saccade	n/a	373.5	162.7	n/a	454.7	164.6	3.27	253.0
152.322	0.226	fixation	n/a	445.8	160.8	826.0	n/a	n/a	n/a	n/a
152.55	0.02	saccade	n/a	449.3	159.1	n/a	509.5	162.0	2.42	195.0
152.572	0.142	fixation	n/a	498.6	161.1	771.0	n/a	n/a	n/a	n/a
152.716	0.026	saccade	n/a	500.0	162.9	n/a	591.0	164.9	3.62	250.0
152.744	0.128	fixation	n/a	584.3	162.1	752.0	n/a	n/a	n/a	n/a
152.874	0.026	saccade	n/a	584.1	162.4	n/a	657.2	175.0	2.91	184.0
152.902	0.08	fixation	n/a	648.8	174.4	756.0	n/a	n/a	n/a	n/a
152.984	0.074	saccade	n/a	649.2	175.9	n/a	211.0	222.4	17.32	527.0
153.06	0.144	fixation	n/a	198.6	226.1	792.0	n/a	n/a	n/a	n/a
153.206	0.032	saccade	n/a	195.5	226.4	n/a	164.7	213.7	1.31	206.0
153.24	0.082	fixation	n/a	155.7	218.2	808.0	n/a	n/a	n/a	n/a
153.324	0.038	saccade	n/a	155.9	220.2	n/a	223.6	224.5	2.67	299.0
153.364	0.094	fixation	n/a	236.2	224.2	849.0	n/a	n/a	n/a	n/a
153.458	0.0	trigger_15	15	n/a	n/a	n/a	n/a	n/a	n/a	n/a
153.46	0.03	saccade	n/a	236.5	222.9	n/a	220.1	134.1	3.65	294.0
153.464	0.0	trigger_10	10	n/a	n/a	n/a	n/a	n/a	n/a	n/a
153.492	0.042	fixation	n/a	216.1	137.0	847.0	n/a	n/a	n/a	n/a
153.536	0.012	saccade	n/a	213.0	129.8	n/a	218.3	115.1	0.63	59.0
153.55	0.386	fixation	n/a	225.6	113.5	893.0	n/a	n/a	n/a	n/a
153.938	0.038	saccade	n/a	227.3	114.4	n/a	168.6	102.5	2.37	304.0
153.978	0.162	fixation	n/a	153.8	104.2	945.0	n/a	n/a	n/a	n/a
154.142	0.038	saccade	n/a	153.0	111.5	n/a	138.5	144.7	1.45	164.0
154.182	0.228	fixation	n/a	137.2	158.5	918.0	n/a	n/a	n/a	n/a
154.412	0.03	saccade	n/a	137.3	158.2	n/a	168.5	171.0	1.32	194.0
154.444	0.124	fixation	n/a	176.5	171.8	987.0	n/a	n/a	n/a	n/a
154.57	0.038	saccade	n/a	178.1	175.2	n/a	158.0	217.2	1.86	248.0
154.61	0.354	fixation	n/a	154.7	233.5	1078.0	n/a	n/a	n/a	n/a
154.966	0.032	saccade	n/a	154.1	231.9	n/a	126.8	231.7	1.06	176.0
155.0	0.112	fixation	n/a	118.0	233.4	1094.0	n/a	n/a	n/a	n/a
155.114	0.024	saccade	n/a	118.5	235.8	n/a	157.2	295.3	2.8	205.0
155.14	0.15	fixation	n/a	145.6	288.1	1124.0	n/a	n/a	n/a	n/a
155.292	0.028	saccade	n/a	147.4	287.5	n/a	130.3	166.6	4.87	312.0
155.322	0.368	fixation	n/a	141.6	158.8	1072.0	n/a	n/a	n/a	n/a
155.692	0.028	saccade	n/a	143.1	156.4	n/a	175.8	107.2	2.36	153.0
155.722	0.138	fixation	n/a	169.9	110.0	1029.0	n/a	n/a	n/a	n/a
155.862	0.03	saccade	n/a	172.3	109.8	n/a	229.4	109.3	2.26	226.0
155.894	0.226	fixation	n/a	234.1	103.8	1045.0	n/a	n/a	n/a	n/a
156.122	0.182	saccade	n/a	241.3	112.6	n/a	270.7	133.1	1.44	944.0
156.148	0.1	blink	n/a	n/a	n/a	n/a	n/a	n/a	n/a	n/a
156.306	0.228	fixation	n/a	271.8	100.9	1047.0	n/a	n/a	n/a	n/a
156.536	0.036	saccade	n/a	273.0	99.4	n/a	346.7	116.8	3.04	262.0
156.574	0.214	fixation	n/a	354.2	112.4	1017.0	n/a	n/a	n/a	n/a
156.79	0.034	saccade	n/a	354.9	109.6	n/a	430.9	116.7	3.08	271.0
156.826	0.158	fixation	n/a	438.0	111.5	907.0	n/a	n/a	n/a	n/a
156.986	0.022	saccade	n/a	437.9	110.1	n/a	410.2	105.1	1.14	136.0
157.01	0.1	fixation	n/a	413.9	107.4	888.0	n/a	n/a	n/a	n/a
157.112	0.026	saccade	n/a	413.4	107.2	n/a	506.4	108.0	3.74	268.0
157.14	0.186	fixation	n/a	501.4	104.8	880.0	n/a	n/a	n/a	n/a
157.328	0.036	saccade	n/a	502.9	103.6	n/a	449.1	102.8	2.17	253.0
157.366	0.13	fixation	n/a	437.2	104.7	893.0	n/a	n/a	n/a	n/a
157.498	0.036	saccade	n/a	436.0	104.7	n/a	502.8	104.9	2.69	274.0
157.536	0.162	fixation	n/a	513.7	102.0	885.0	n/a	n/a	n/a	n/a
157.7	0.034	saccade	n/a	514.7	103.6	n/a	570.4	107.7	2.23	221.0
157.736	0.238	fixation	n/a	579.6	106.2	898.0	n/a	n/a	n/a	n/a
157.976	0.056	saccade	n/a	581.8	108.0	n/a	202.1	155.4	15.16	552.0
158.034	0.134	fixation	n/a	196.1	153.7	896.0	n/a	n/a	n/a	n/a
158.17	0.034	saccade	n/a	192.9	152.3	n/a	156.7	153.7	1.43	211.0
158.206	0.162	fixation	n/a	146.4	158.7	894.0	n/a	n/a	n/a	n/a
158.37	0.182	saccade	n/a	159.9	160.8	n/a	242.8	209.2	3.81	523.0
158.408	0.074	blink	n/a	n/a	n/a	n/a	n/a	n/a	n/a	n/a
158.554	0.204	fixation	n/a	243.0	165.6	1005.0	n/a	n/a	n/a	n/a
158.76	0.026	saccade	n/a	246.4	161.8	n/a	326.3	166.1	3.2	245.0
158.788	0.202	fixation	n/a	314.9	163.4	999.0	n/a	n/a	n/a	n/a
158.992	0.02	saccade	n/a	315.5	162.0	n/a	350.6	162.7	1.41	137.0
159.014	0.124	fixation	n/a	342.1	162.9	910.0	n/a	n/a	n/a	n/a
159.14	0.034	saccade	n/a	342.5	161.3	n/a	408.7	166.1	2.67	264.0
159.176	0.258	fixation	n/a	417.2	162.3	872.0	n/a	n/a	n/a	n/a
159.436	0.026	saccade	n/a	419.6	163.9	n/a	514.3	164.9	3.8	265.0
159.464	0.216	fixation	n/a	509.4	163.6	819.0	n/a	n/a	n/a	n/a
159.682	0.0	trigger_11	11	n/a	n/a	n/a	n/a	n/a	n/a	n/a
159.682	0.024	saccade	n/a	511.0	166.4	n/a	576.9	165.3	2.63	189.0
159.686	0.0	trigger_10	10	n/a	n/a	n/a	n/a	n/a	n/a	n/a
159.708	0.178	fixation	n/a	568.1	167.7	831.0	n/a	n/a	n/a	n/a
159.888	0.022	saccade	n/a	570.0	168.6	n/a	627.3	170.6	2.26	177.0
159.912	0.236	fixation	n/a	618.9	171.7	843.0	n/a	n/a	n/a	n/a
160.15	0.07	saccade	n/a	620.8	171.7	n/a	190.6	211.8	17.01	504.0
160.222	0.342	fixation	n/a	177.4	217.0	864.0	n/a	n/a	n/a	n/a
160.566	0.024	saccade	n/a	174.9	218.8	n/a	252.0	226.3	3.06	242.0
160.592	0.23	fixation	n/a	238.1	227.8	949.0	n/a	n/a	n/a	n/a
160.824	0.036	saccade	n/a	238.8	228.3	n/a	309.6	224.5	2.82	271.0
160.862	0.188	fixation	n/a	318.7	224.4	957.0	n/a	n/a	n/a	n/a
161.052	0.022	saccade	n/a	320.5	227.9	n/a	362.0	224.3	1.67	166.0
161.076	0.182	fixation	n/a	355.0	226.1	901.0	n/a	n/a	n/a	n/a
161.26	0.022	saccade	n/a	356.1	223.0	n/a	365.1	166.8	2.32	170.0
161.284	0.228	fixation	n/a	364.4	172.2	860.0	n/a	n/a	n/a	n/a
161.514	0.022	saccade	n/a	364.2	169.5	n/a	418.3	167.9	2.18	194.0
161.538	0.348	fixation	n/a	411.5	169.0	865.0	n/a	n/a	n/a	n/a
161.888	0.056	saccade	n/a	411.8	171.4	n/a	191.1	122.4	9.03	451.0
161.946	0.064	fixation	n/a	177.5	124.3	890.0	n/a	n/a	n/a	n/a
162.012	0.02	saccade	n/a	173.0	122.7	n/a	142.6	101.4	1.47	108.0
162.034	0.26	fixation	n/a	150.8	107.8	880.0	n/a	n/a	n/a	n/a
162.296	0.026	saccade	n/a	150.4	108.0	n/a	228.4	91.5	3.14	231.0
162.324	0.266	fixation	n/a	222.1	93.8	901.0	n/a	n/a	n/a	n/a
162.592	0.026	saccade	n/a	225.0	93.4	n/a	304.7	91.8	3.18	232.0
162.62	0.296	fixation	n/a	290.8	91.1	947.0	n/a	n/a	n/a	n/a
162.918	0.028	saccade	n/a	291.6	90.4	n/a	404.9	100.1	4.57	305.0
162.948	0.226	fixation	n/a	398.2	98.4	874.0	n/a	n/a	n/a	n/a
163.176	0.03	saccade	n/a	398.4	96.6	n/a	507.2	99.8	4.37	292.0
163.208	0.102	fixation	n/a	503.5	96.8	832.0	n/a	n/a	n/a	n/a
163.312	0.022	saccade	n/a	504.6	95.3	n/a	454.7	90.9	2.01	159.0
163.336	0.168	fixation	n/a	463.7	93.1	808.0	n/a	n/a	n/a	n/a
163.506	0.028	saccade	n/a	464.5	92.4	n/a	547.7	93.8	3.33	220.0
163.536	0.184	fixation	n/a	540.0	94.3	768.0	n/a	n/a	n/a	n/a
163.722	0.028	saccade	n/a	541.9	94.1	n/a	614.2	92.8	2.86	200.0
163.752	0.128	fixation	n/a	606.2	91.7	743.0	n/a	n/a	n/a	n/a
163.882	0.066	saccade	n/a	608.3	91.6	n/a	154.7	160.3	18.0	493.0
163.95	0.262	fixation	n/a	152.6	162.0	777.0	n/a	n/a	n/a	n/a
164.114	0.0	trigger_11	11	n/a	n/a	n/a	n/a	n/a	n/a	n/a
164.122	0.0	trigger_10	10	n/a	n/a	n/a	n/a	n/a	n/a	n/a
164.214	0.032	saccade	n/a	151.3	163.0	n/a	213.1	158.7	2.43	252.0
164.248	0.326	fixation	n/a	216.9	153.5	806.0	n/a	n/a	n/a	n/a
164.576	0.032	saccade	n/a	213.9	154.8	n/a	273.0	156.3	2.35	218.0
164.61	0.164	fixation	n/a	277.9	154.9	835.0	n/a	n/a	n/a	n/a
164.776	0.042	saccade	n/a	280.3	155.5	n/a	387.9	162.5	4.33	309.0
164.82	0.208	fixation	n/a	402.9	161.0	844.0	n/a	n/a	n/a	n/a
165.03	0.024	saccade	n/a	405.5	161.1	n/a	449.3	168.1	1.79	162.0
165.056	0.122	fixation	n/a	442.0	166.6	849.0	n/a	n/a	n/a	n/a
165.18	0.026	saccade	n/a	442.8	167.9	n/a	522.7	175.5	3.22	252.0
165.208	0.182	fixation	n/a	515.7	172.3	860.0	n/a	n/a	n/a	n/a
165.392	0.068	saccade	n/a	517.6	170.9	n/a	174.7	202.7	13.64	497.0
165.462	0.162	fixation	n/a	159.6	204.1	836.0	n/a	n/a	n/a	n/a
165.626	0.022	saccade	n/a	157.6	205.3	n/a	134.6	209.5	0.91	124.0
165.65	0.094	fixation	n/a	135.8	211.4	841.0	n/a	n/a	n/a	n/a
165.746	0.034	saccade	n/a	136.1	212.9	n/a	184.2	219.5	1.9	200.0
165.782	0.19	fixation	n/a	193.5	219.6	886.0	n/a	n/a	n/a	n/a
165.974	0.028	saccade	n/a	192.1	218.6	n/a	183.7	91.0	5.16	325.0
166.004	0.386	fixation	n/a	195.5	85.8	842.0	n/a	n/a	n/a	n/a
166.392	0.036	saccade	n/a	193.9	86.7	n/a	155.1	89.4	1.53	232.0
166.43	0.122	fixation	n/a	142.8	93.5	848.0	n/a	n/a	n/a	n/a
166.554	0.026	saccade	n/a	144.2	93.4	n/a	228.7	94.7	3.33	240.0
166.582	0.258	fixation	n/a	221.8	93.6	909.0	n/a	n/a	n/a	n/a
166.842	0.038	saccade	n/a	224.0	92.1	n/a	315.1	93.1	3.64	311.0
166.882	0.276	fixation	n/a	327.6	90.1	906.0	n/a	n/a	n/a	n/a
167.16	0.022	saccade	n/a	331.0	90.8	n/a	391.7	98.7	2.46	190.0
167.184	0.298	fixation	n/a	382.4	96.1	859.0	n/a	n/a	n/a	n/a
167.484	0.02	saccade	n/a	384.5	95.0	n/a	429.5	94.4	1.81	160.0
167.506	0.16	fixation	n/a	420.8	94.3	788.0	n/a	n/a	n/a	n/a
167.668	0.034	saccade	n/a	422.3	94.7	n/a	472.7	98.3	2.03	222.0
167.704	0.222	fixation	n/a	480.0	96.3	749.0	n/a	n/a	n/a	n/a
167.928	0.02	saccade	n/a	480.6	96.3	n/a	509.8	101.9	1.19	120.0
167.95	0.052	fixation	n/a	501.4	99.5	741.0	n/a	n/a	n/a	n/a
168.004	0.066	saccade	n/a	502.3	98.2	n/a	172.4	153.2	13.28	485.0
168.072	0.24	fixation	n/a	161.1	158.2	780.0	n/a	n/a	n/a	n/a
168.314	0.032	saccade	n/a	159.8	157.8	n/a	302.9	167.9	5.68	348.0
168.348	0.258	fixation	n/a	311.7	162.6	854.0	n/a	n/a	n/a	n/a
168.608	0.024	saccade	n/a	314.4	162.5	n/a	393.4	163.7	3.18	223.0
168.634	0.222	fixation	n/a	389.3	164.9	832.0	n/a	n/a	n/a	n/a
168.858	0.024	saccade	n/a	390.3	161.7	n/a	450.7	159.0	2.43	180.0
168.884	0.276	fixation	n/a	443.1	156.5	756.0	n/a	n/a	n/a	n/a
169.162	0.02	saccade	n/a	445.4	158.5	n/a	497.6	157.8	2.09	164.0
169.184	0.15	fixation	n/a	486.1	160.1	752.0	n/a	n/a	n/a	n/a
169.336	0.024	saccade	n/a	486.9	160.0	n/a	416.0	160.0	2.85	239.0
169.362	0.152	fixation	n/a	427.1	162.2	800.0	n/a	n/a	n/a	n/a
169.516	0.026	saccade	n/a	426.6	163.5	n/a	520.7	160.2	3.78	278.0
169.544	0.228	fixation	n/a	511.0	162.1	802.0	n/a	n/a	n/a	n/a
169.774	0.03	saccade	n/a	511.3	162.2	n/a	605.0	165.0	3.72	227.0
169.806	0.234	fixation	n/a	600.3	164.8	804.0	n/a	n/a	n/a	n/a
170.042	0.032	saccade	n/a	603.3	165.0	n/a	574.9	165.7	1.13	166.0
170.076	0.074	fixation	n/a	567.1	166.2	794.0	n/a	n/a	n/a	n/a
170.152	0.026	saccade	n/a	566.0	166.1	n/a	649.3	162.1	3.28	219.0
170.18	0.234	fixation	n/a	641.4	160.5	760.0	n/a	n/a	n/a	n/a
170.416	0.024	saccade	n/a	642.3	160.4	n/a	569.4	155.7	2.88	226.0
170.442	0.182	fixation	n/a	578.8	161.1	774.0	n/a	n/a	n/a	n/a
170.626	0.026	saccade	n/a	578.6	161.2	n/a	664.1	163.6	3.36	246.0
170.654	0.208	fixation	n/a	651.7	161.1	763.0	n/a	n/a	n/a	n/a
170.864	0.028	saccade	n/a	651.7	162.5	n/a	633.4	162.6	0.72	124.0
170.894	0.098	fixation	n/a	626.7	166.7	789.0	n/a	n/a	n/a	n/a
170.994	0.024	saccade	n/a	625.5	166.9	n/a	700.6	164.8	2.92	221.0
171.02	0.304	fixation	n/a	689.6	167.2	764.0	n/a	n/a	n/a	n/a
171.326	0.164	saccade	n/a	687.2	167.3	n/a	731.9	216.0	2.59	334.0
171.372	0.064	blink	n/a	n/a	n/a	n/a	n/a	n/a	n/a	n/a
171.492	0.192	fixation	n/a	705.1	158.6	763.0	n/a	n/a	n/a	n/a
171.686	0.074	saccade	n/a	700.2	152.6	n/a	178.4	212.3	20.44	535.0
171.762	0.142	fixation	n/a	173.8	216.0	805.0	n/a	n/a	n/a	n/a
171.906	0.026	saccade	n/a	168.2	214.2	n/a	158.1	208.3	0.46	118.0
171.934	0.096	fixation	n/a	150.1	213.6	736.0	n/a	n/a	n/a	n/a
172.032	0.024	saccade	n/a	150.1	214.3	n/a	233.0	223.9	3.29	260.0
172.058	0.188	fixation	n/a	228.2	222.5	723.0	n/a	n/a	n/a	n/a
172.234	0.0	trigger_11	11	n/a	n/a	n/a	n/a	n/a	n/a	n/a
172.244	0.0	trigger_10	10	n/a	n/a	n/a	n/a	n/a	n/a	n/a
172.248	0.034	saccade	n/a	229.5	225.3	n/a	194.3	217.6	1.42	196.0
172.284	0.112	fixation	n/a	186.1	220.1	713.0	n/a	n/a	n/a	n/a
172.398	0.038	saccade	n/a	186.6	219.9	n/a	286.2	232.6	3.98	278.0
172.438	0.216	fixation	n/a	294.2	226.6	713.0	n/a	n/a	n/a	n/a
172.656	0.024	saccade	n/a	295.8	226.7	n/a	372.0	221.0	3.06	226.0
172.682	0.204	fixation	n/a	365.5	225.1	740.0	n/a	n/a	n/a	n/a
172.888	0.022	saccade	n/a	367.3	225.6	n/a	430.1	219.7	2.53	205.0
172.912	0.21	fixation	n/a	422.4	221.7	740.0	n/a	n/a	n/a	n/a
173.124	0.026	saccade	n/a	425.2	222.2	n/a	507.6	226.7	3.31	205.0
173.152	0.208	fixation	n/a	508.1	227.1	754.0	n/a	n/a	n/a	n/a
173.362	0.028	saccade	n/a	509.5	227.0	n/a	546.1	229.5	1.46	179.0
173.392	0.08	fixation	n/a	548.8	225.5	775.0	n/a	n/a	n/a	n/a
173.474	0.064	saccade	n/a	550.0	224.3	n/a	204.4	272.4	13.8	502.0
173.54	0.122	fixation	n/a	191.5	276.3	799.0	n/a	n/a	n/a	n/a
173.664	0.032	saccade	n/a	189.6	275.6	n/a	160.6	273.0	1.14	161.0
173.698	0.168	fixation	n/a	152.9	279.7	821.0	n/a	n/a	n/a	n/a
173.868	0.036	saccade	n/a	151.4	282.4	n/a	213.5	290.2	2.45	296.0
173.906	0.17	fixation	n/a	223.0	287.2	878.0	n/a	n/a	n/a	n/a
174.078	0.048	saccade	n/a	221.8	286.8	n/a	229.4	110.3	7.12	284.0
174.128	0.314	fixation	n/a	228.4	106.0	872.0	n/a	n/a	n/a	n/a
174.444	0.038	saccade	n/a	229.7	106.5	n/a	159.0	99.7	2.8	289.0
174.484	0.186	fixation	n/a	146.3	99.1	864.0	n/a	n/a	n/a	n/a
174.672	0.038	saccade	n/a	146.2	100.2	n/a	232.4	96.5	3.4	285.0
174.712	0.13	fixation	n/a	241.4	93.2	884.0	n/a	n/a	n/a	n/a
174.844	0.028	saccade	n/a	244.7	92.9	n/a	341.9	90.8	3.89	272.0
174.874	0.266	fixation	n/a	332.3	93.6	897.0	n/a	n/a	n/a	n/a
175.142	0.032	saccade	n/a	335.8	95.7	n/a	382.7	105.2	1.93	231.0
175.176	0.238	fixation	n/a	391.1	100.8	868.0	n/a	n/a	n/a	n/a
175.416	0.04	saccade	n/a	394.0	100.1	n/a	480.8	103.4	3.5	270.0
175.458	0.232	fixation	n/a	492.2	103.5	837.0	n/a	n/a	n/a	n/a
175.692	0.018	saccade	n/a	495.4	104.7	n/a	531.7	100.9	1.46	116.0
175.712	0.166	fixation	n/a	521.6	101.9	828.0	n/a	n/a	n/a	n/a
175.88	0.026	saccade	n/a	520.8	100.6	n/a	605.2	99.8	3.36	228.0
175.908	0.24	fixation	n/a	600.4	98.1	767.0	n/a	n/a	n/a	n/a
176.15	0.062	saccade	n/a	601.9	96.1	n/a	184.5	162.6	16.68	535.0
176.214	0.134	fixation	n/a	182.5	162.4	758.0	n/a	n/a	n/a	n/a
176.35	0.028	saccade	n/a	180.0	162.4	n/a	160.0	158.2	0.8	130.0
176.38	0.2	fixation	n/a	152.8	162.1	764.0	n/a	n/a	n/a	n/a
176.582	0.158	saccade	n/a	161.8	167.3	n/a	175.9	184.4	0.88	596.0
176.61	0.074	blink	n/a	n/a	n/a	n/a	n/a	n/a	n/a	n/a
176.742	0.088	fixation	n/a	176.1	158.2	863.0	n/a	n/a	n/a	n/a
176.832	0.226	saccade	n/a	177.0	158.8	n/a	266.2	208.6	4.07	864.0
176.856	0.144	blink	n/a	n/a	n/a	n/a	n/a	n/a	n/a	n/a
177.06	0.284	fixation	n/a	262.9	173.7	925.0	n/a	n/a	n/a	n/a
177.346	0.042	saccade	n/a	260.7	173.7	n/a	170.2	157.7	3.64	333.0
177.39	0.254	fixation	n/a	151.7	159.7	827.0	n/a	n/a	n/a	n/a
177.646	0.026	saccade	n/a	151.1	159.4	n/a	233.8	161.6	3.26	241.0
177.674	0.194	fixation	n/a	226.8	162.6	842.0	n/a	n/a	n/a	n/a
177.87	0.042	saccade	n/a	229.0	165.7	n/a	321.6	168.5	3.7	332.0
177.914	0.136	fixation	n/a	335.9	170.4	924.0	n/a	n/a	n/a	n/a
178.052	0.02	saccade	n/a	336.1	172.5	n/a	306.2	168.7	1.21	113.0
178.074	0.14	fixation	n/a	314.5	170.1	959.0	n/a	n/a	n/a	n/a
178.216	0.026	saccade	n/a	314.3	169.5	n/a	395.4	166.0	3.27	252.0
178.244	0.178	fixation	n/a	387.7	165.6	901.0	n/a	n/a	n/a	n/a
178.424	0.036	saccade	n/a	390.8	165.2	n/a	491.2	172.7	4.05	324.0
178.462	0.124	fixation	n/a	500.3	172.5	906.0	n/a	n/a	n/a	n/a
178.588	0.034	saccade	n/a	504.8	174.4	n/a	547.0	170.4	1.69	217.0
178.624	0.078	fixation	n/a	556.7	169.8	908.0	n/a	n/a	n/a	n/a
178.704	0.056	saccade	n/a	558.3	170.6	n/a	160.7	232.8	15.85	530.0
178.762	0.168	fixation	n/a	158.2	235.0	888.0	n/a	n/a	n/a	n/a
178.796	0.0	trigger_11	11	n/a	n/a	n/a	n/a	n/a	n/a	n/a
178.798	0.0	trigger_10	10	n/a	n/a	n/a	n/a	n/a	n/a	n/a
178.932	0.132	saccade	n/a	167.6	240.4	n/a	215.2	242.2	1.87	624.0
178.962	0.052	blink	n/a	n/a	n/a	n/a	n/a	n/a	n/a	n/a
179.066	0.162	fixation	n/a	213.5	220.2	873.0	n/a	n/a	n/a	n/a
179.23	0.04	saccade	n/a	212.0	217.1	n/a	301.2	218.9	3.55	321.0
179.272	0.252	fixation	n/a	314.3	222.2	872.0	n/a	n/a	n/a	n/a
179.526	0.022	saccade	n/a	313.9	224.4	n/a	381.2	219.9	2.7	202.0
179.55	0.112	fixation	n/a	370.0	222.3	851.0	n/a	n/a	n/a	n/a
179.664	0.028	saccade	n/a	371.8	222.9	n/a	459.4	220.9	3.52	242.0
179.694	0.246	fixation	n/a	451.5	220.8	836.0	n/a	n/a	n/a	n/a
179.942	0.034	saccade	n/a	453.2	220.1	n/a	498.0	224.8	1.81	224.0
179.978	0.256	fixation	n/a	507.7	221.2	826.0	n/a	n/a	n/a	n/a
180.236	0.032	saccade	n/a	509.4	223.7	n/a	550.5	223.7	1.63	219.0
180.27	0.244	fixation	n/a	560.1	223.6	821.0	n/a	n/a	n/a	n/a
180.516	0.022	saccade	n/a	563.6	226.1	n/a	633.6	222.3	2.76	204.0
180.54	0.19	fixation	n/a	626.6	223.3	775.0	n/a	n/a	n/a	n/a
180.732	0.02	saccade	n/a	628.8	223.1	n/a	672.5	222.3	1.7	132.0
180.754	0.228	fixation	n/a	663.1	223.2	764.0	n/a	n/a	n/a	n/a
180.984	0.056	saccade	n/a	663.0	221.4	n/a	478.7	115.9	8.44	473.0
181.042	0.042	fixation	n/a	466.1	114.5	739.0	n/a	n/a	n/a	n/a
181.086	0.04	saccade	n/a	462.0	116.3	n/a	242.8	103.0	8.78	431.0
181.128	0.068	fixation	n/a	233.6	99.1	756.0	n/a	n/a	n/a	n/a
181.198	0.04	saccade	n/a	228.1	98.0	n/a	170.2	90.6	2.3	192.0
181.24	0.23	fixation	n/a	156.0	96.4	748.0	n/a	n/a	n/a	n/a
181.472	0.024	saccade	n/a	154.8	98.1	n/a	210.9	97.6	2.21	187.0
181.498	0.146	fixation	n/a	201.4	99.0	817.0	n/a	n/a	n/a	n/a
181.646	0.03	saccade	n/a	200.8	100.4	n/a	298.7	100.0	3.9	284.0
181.678	0.27	fixation	n/a	290.8	99.5	885.0	n/a	n/a	n/a	n/a
181.95	0.024	saccade	n/a	291.7	98.7	n/a	350.3	103.2	2.36	171.0
181.976	0.192	fixation	n/a	339.2	102.7	904.0	n/a	n/a	n/a	n/a
182.17	0.026	saccade	n/a	340.1	100.4	n/a	429.5	108.7	3.61	278.0
182.198	0.218	fixation	n/a	418.5	105.9	878.0	n/a	n/a	n/a	n/a
182.418	0.026	saccade	n/a	418.1	103.2	n/a	498.1	104.3	3.22	227.0
182.446	0.27	fixation	n/a	488.3	99.3	807.0	n/a	n/a	n/a	n/a
182.718	0.034	saccade	n/a	488.6	98.7	n/a	548.4	100.9	2.39	233.0
182.754	0.218	fixation	n/a	553.3	99.0	811.0	n/a	n/a	n/a	n/a
182.974	0.024	saccade	n/a	552.9	99.2	n/a	615.3	99.3	2.47	189.0
183.0	0.158	fixation	n/a	608.3	97.9	788.0	n/a	n/a	n/a	n/a
183.16	0.06	saccade	n/a	608.6	96.3	n/a	180.6	141.1	16.95	520.0
183.222	0.13	fixation	n/a	177.8	142.9	818.0	n/a	n/a	n/a	n/a
183.354	0.032	saccade	n/a	177.3	143.2	n/a	146.5	147.1	1.22	203.0
183.388	0.276	fixation	n/a	135.0	150.7	833.0	n/a	n/a	n/a	n/a
183.666	0.038	saccade	n/a	134.2	151.4	n/a	194.3	154.2	2.36	261.0
183.706	0.14	fixation	n/a	206.3	154.7	880.0	n/a	n/a	n/a	n/a
183.848	0.018	saccade	n/a	204.6	154.9	n/a	181.5	155.1	0.91	93.0
183.868	0.146	fixation	n/a	188.1	156.1	868.0	n/a	n/a	n/a	n/a
184.016	0.028	saccade	n/a	187.7	157.6	n/a	227.0	161.8	1.56	209.0
184.046	0.132	fixation	n/a	229.1	157.8	839.0	n/a	n/a	n/a	n/a
184.18	0.048	saccade	n/a	229.5	156.1	n/a	361.7	100.8	5.75	334.0
184.23	0.22	fixation	n/a	379.6	99.3	816.0	n/a	n/a	n/a	n/a
184.452	0.044	saccade	n/a	382.2	102.7	n/a	252.6	95.2	5.2	406.0
184.498	0.232	fixation	n/a	232.5	97.8	902.0	n/a	n/a	n/a	n/a
184.732	0.032	saccade	n/a	232.1	98.5	n/a	278.3	98.8	1.84	229.0
184.766	0.134	fixation	n/a	284.3	96.8	920.0	n/a	n/a	n/a	n/a
184.902	0.0	trigger_11	11	n/a	n/a	n/a	n/a	n/a	n/a	n/a
184.902	0.04	saccade	n/a	283.7	96.7	n/a	374.9	107.4	3.69	329.0
184.906	0.0	trigger_12	12	n/a	n/a	n/a	n/a	n/a	n/a	n/a
184.944	0.294	fixation	n/a	387.4	105.5	939.0	n/a	n/a	n/a	n/a
185.24	0.046	saccade	n/a	389.3	107.4	n/a	502.2	110.8	4.55	322.0
185.288	0.336	fixation	n/a	517.3	110.5	921.0	n/a	n/a	n/a	n/a
185.626	0.066	saccade	n/a	518.2	112.0	n/a	222.9	98.6	11.78	417.0
185.694	0.25	fixation	n/a	207.2	102.8	914.0	n/a	n/a	n/a	n/a
185.946	0.022	saccade	n/a	203.7	103.2	n/a	275.5	97.8	2.86	229.0
185.97	0.214	fixation	n/a	261.8	104.2	964.0	n/a	n/a	n/a	n/a
186.186	0.046	saccade	n/a	264.4	108.6	n/a	518.9	123.3	10.2	418.0
186.234	0.256	fixation	n/a	525.4	124.4	999.0	n/a	n/a	n/a	n/a
186.492	0.036	saccade	n/a	526.4	124.3	n/a	587.1	120.0	2.42	259.0
186.53	0.148	fixation	n/a	600.3	114.5	929.0	n/a	n/a	n/a	n/a
186.68	0.07	saccade	n/a	603.9	112.3	n/a	213.7	165.0	15.57	528.0
186.752	0.392	fixation	n/a	203.8	167.2	941.0	n/a	n/a	n/a	n/a
187.146	0.036	saccade	n/a	205.4	167.2	n/a	196.5	108.0	2.42	249.0
187.184	0.198	fixation	n/a	186.9	102.8	993.0	n/a	n/a	n/a	n/a
187.384	0.024	saccade	n/a	185.4	103.7	n/a	226.8	102.3	1.64	169.0
187.41	0.312	fixation	n/a	219.7	100.5	1000.0	n/a	n/a	n/a	n/a
187.724	0.036	saccade	n/a	220.1	101.0	n/a	299.9	108.2	3.2	302.0
187.762	0.142	fixation	n/a	308.6	106.7	984.0	n/a	n/a	n/a	n/a
187.836	0.0	trigger_13	13	n/a	n/a	n/a	n/a	n/a	n/a	n/a
187.906	0.028	saccade	n/a	308.0	105.8	n/a	284.3	97.9	1.0	162.0
187.936	0.07	fixation	n/a	278.2	102.1	977.0	n/a	n/a	n/a	n/a
188.008	0.036	saccade	n/a	277.5	102.9	n/a	361.7	113.9	3.41	312.0
188.046	0.244	fixation	n/a	372.7	114.6	1005.0	n/a	n/a	n/a	n/a
188.292	0.03	saccade	n/a	373.5	114.8	n/a	486.7	118.9	4.56	312.0
188.324	0.18	fixation	n/a	482.2	114.9	950.0	n/a	n/a	n/a	n/a
188.506	0.024	saccade	n/a	484.8	112.4	n/a	550.4	110.2	2.63	189.0
188.532	0.138	fixation	n/a	540.2	109.6	872.0	n/a	n/a	n/a	n/a
188.672	0.022	saccade	n/a	543.5	107.5	n/a	592.2	102.5	1.94	147.0
188.696	0.144	fixation	n/a	583.3	103.7	816.0	n/a	n/a	n/a	n/a
188.842	0.034	saccade	n/a	584.2	103.1	n/a	629.8	108.0	1.81	191.0
188.878	0.208	fixation	n/a	637.5	102.3	795.0	n/a	n/a	n/a	n/a
189.088	0.064	saccade	n/a	638.8	102.6	n/a	170.0	157.5	18.52	531.0
189.154	0.282	fixation	n/a	166.1	161.7	852.0	n/a	n/a	n/a	n/a
189.438	0.036	saccade	n/a	166.7	161.6	n/a	249.6	163.7	3.28	312.0
189.476	0.156	fixation	n/a	260.1	162.8	913.0	n/a	n/a	n/a	n/a
189.634	0.024	saccade	n/a	260.7	159.4	n/a	201.3	99.4	3.39	284.0
189.66	0.512	fixation	n/a	200.1	102.9	929.0	n/a	n/a	n/a	n/a
190.004	0.0	trigger_15	15	n/a	n/a	n/a	n/a	n/a	n/a	n/a
190.008	0.0	trigger_10	10	n/a	n/a	n/a	n/a	n/a	n/a	n/a
190.174	0.038	saccade	n/a	196.3	102.0	n/a	274.7	97.4	3.12	329.0
190.214	0.2	fixation	n/a	287.2	95.3	959.0	n/a	n/a	n/a	n/a
190.416	0.034	saccade	n/a	286.5	98.4	n/a	346.1	117.7	2.52	298.0
190.452	0.338	fixation	n/a	358.5	115.0	1010.0	n/a	n/a	n/a	n/a
190.792	0.032	saccade	n/a	358.8	116.6	n/a	329.0	107.6	1.25	212.0
190.826	0.204	fixation	n/a	318.8	108.7	1063.0	n/a	n/a	n/a	n/a
191.032	0.032	saccade	n/a	317.9	108.5	n/a	158.2	189.5	7.12	418.0
191.066	0.216	fixation	n/a	145.3	200.6	1114.0	n/a	n/a	n/a	n/a
191.284	0.032	saccade	n/a	143.2	202.5	n/a	159.4	187.9	0.86	165.0
191.318	0.102	fixation	n/a	161.5	180.7	1157.0	n/a	n/a	n/a	n/a
191.422	0.036	saccade	n/a	161.3	181.6	n/a	160.8	221.9	1.62	163.0
191.46	0.134	fixation	n/a	159.2	234.0	1167.0	n/a	n/a	n/a	n/a
191.596	0.02	saccade	n/a	158.9	242.2	n/a	163.9	275.4	1.34	128.0
191.618	0.134	fixation	n/a	160.5	269.3	1141.0	n/a	n/a	n/a	n/a
191.754	0.034	saccade	n/a	161.7	271.9	n/a	135.4	286.6	1.17	219.0
191.79	0.138	fixation	n/a	124.3	292.9	1131.0	n/a	n/a	n/a	n/a
191.93	0.038	saccade	n/a	123.2	292.4	n/a	175.5	330.1	2.51	274.0
191.97	0.212	fixation	n/a	187.0	335.5	1075.0	n/a	n/a	n/a	n/a
192.184	0.04	saccade	n/a	187.0	335.1	n/a	166.5	134.9	8.02	388.0
192.226	0.266	fixation	n/a	173.5	123.4	920.0	n/a	n/a	n/a	n/a
192.494	0.024	saccade	n/a	176.0	120.6	n/a	266.0	102.2	3.65	258.0
192.516	0.0	trigger_11	11	n/a	n/a	n/a	n/a	n/a	n/a	n/a
192.52	0.242	fixation	n/a	265.2	102.8	863.0	n/a	n/a	n/a	n/a
192.52	0.0	trigger_10	10	n/a	n/a	n/a	n/a	n/a	n/a	n/a
192.764	0.026	saccade	n/a	267.4	103.2	n/a	344.7	103.8	3.1	273.0
192.792	0.18	fixation	n/a	337.8	105.7	931.0	n/a	n/a	n/a	n/a
192.974	0.04	saccade	n/a	340.2	109.9	n/a	417.3	114.9	3.11	277.0
193.016	0.14	fixation	n/a	429.6	115.2	987.0	n/a	n/a	n/a	n/a
193.158	0.02	saccade	n/a	430.4	115.1	n/a	406.2	113.7	0.98	105.0
193.18	0.082	fixation	n/a	411.3	114.8	977.0	n/a	n/a	n/a	n/a
193.264	0.026	saccade	n/a	410.1	114.2	n/a	504.3	119.0	3.79	275.0
193.292	0.198	fixation	n/a	497.8	115.8	939.0	n/a	n/a	n/a	n/a
193.492	0.026	saccade	n/a	497.7	113.0	n/a	584.7	111.5	3.47	224.0
193.52	0.188	fixation	n/a	577.0	113.3	907.0	n/a	n/a	n/a	n/a
193.71	0.07	saccade	n/a	578.6	112.6	n/a	184.6	144.2	15.63	482.0
193.782	0.378	fixation	n/a	168.3	151.3	897.0	n/a	n/a	n/a	n/a
194.162	0.02	saccade	n/a	166.3	148.1	n/a	180.6	105.8	1.8	140.0
194.184	0.1	fixation	n/a	179.8	113.9	956.0	n/a	n/a	n/a	n/a
194.286	0.16	saccade	n/a	186.7	118.9	n/a	158.8	159.3	1.97	701.0
194.314	0.078	blink	n/a	n/a	n/a	n/a	n/a	n/a	n/a	n/a
194.448	0.316	fixation	n/a	160.3	132.9	1025.0	n/a	n/a	n/a	n/a
194.766	0.022	saccade	n/a	159.5	130.7	n/a	197.1	103.3	1.85	135.0
194.79	0.138	fixation	n/a	188.5	105.9	1018.0	n/a	n/a	n/a	n/a
194.93	0.036	saccade	n/a	188.5	106.3	n/a	256.9	105.0	2.71	259.0
194.968	0.27	fixation	n/a	264.3	100.0	937.0	n/a	n/a	n/a	n/a
195.196	0.0	trigger_11	11	n/a	n/a	n/a	n/a	n/a	n/a	n/a
195.2	0.0	trigger_10	10	n/a	n/a	n/a	n/a	n/a	n/a	n/a
195.24	0.04	saccade	n/a	263.2	100.1	n/a	350.8	105.7	3.53	309.0
195.282	0.24	fixation	n/a	365.4	106.9	914.0	n/a	n/a	n/a	n/a
195.524	0.036	saccade	n/a	366.3	108.4	n/a	423.2	111.3	2.3	228.0
195.562	0.232	fixation	n/a	430.0	108.7	923.0	n/a	n/a	n/a	n/a
195.796	0.02	saccade	n/a	432.1	110.9	n/a	476.8	108.8	1.8	155.0
195.818	0.126	fixation	n/a	466.0	108.5	928.0	n/a	n/a	n/a	n/a
195.946	0.024	saccade	n/a	467.3	106.8	n/a	539.8	106.2	2.9	214.0
195.972	0.138	fixation	n/a	527.5	104.5	921.0	n/a	n/a	n/a	n/a
196.112	0.054	saccade	n/a	526.2	103.4	n/a	160.1	154.4	14.65	516.0
196.168	0.258	fixation	n/a	152.2	156.2	915.0	n/a	n/a	n/a	n/a
196.428	0.044	saccade	n/a	151.7	158.7	n/a	250.9	169.0	3.94	318.0
196.474	0.312	fixation	n/a	263.4	169.7	989.0	n/a	n/a	n/a	n/a
196.788	0.038	saccade	n/a	261.5	170.0	n/a	333.8	170.8	2.89	270.0
196.828	0.154	fixation	n/a	344.1	169.3	994.0	n/a	n/a	n/a	n/a
196.852	0.0	trigger_11	11	n/a	n/a	n/a	n/a	n/a	n/a	n/a
196.896	0.0	trigger_10	10	n/a	n/a	n/a	n/a	n/a	n/a	n/a
196.984	0.046	saccade	n/a	344.8	169.5	n/a	225.7	113.8	5.27	368.0
197.032	0.364	fixation	n/a	207.7	115.7	889.0	n/a	n/a	n/a	n/a
197.398	0.034	saccade	n/a	206.3	116.1	n/a	178.5	105.0	1.19	178.0
197.434	0.198	fixation	n/a	170.0	105.0	892.0	n/a	n/a	n/a	n/a
197.634	0.024	saccade	n/a	169.8	104.8	n/a	266.5	96.9	3.84	296.0
197.66	0.19	fixation	n/a	257.6	99.5	894.0	n/a	n/a	n/a	n/a
197.852	0.038	saccade	n/a	257.3	99.8	n/a	332.5	99.2	3.01	273.0
197.892	0.218	fixation	n/a	345.8	101.5	871.0	n/a	n/a	n/a	n/a
198.112	0.02	saccade	n/a	349.4	105.6	n/a	382.2	107.6	1.33	133.0
198.134	0.11	fixation	n/a	374.4	107.1	890.0	n/a	n/a	n/a	n/a
198.246	0.036	saccade	n/a	375.1	107.3	n/a	440.3	113.0	2.64	241.0
198.284	0.32	fixation	n/a	449.0	109.3	877.0	n/a	n/a	n/a	n/a
198.566	0.0	trigger_11	11	n/a	n/a	n/a	n/a	n/a	n/a	n/a
198.574	0.0	trigger_10	10	n/a	n/a	n/a	n/a	n/a	n/a	n/a
198.606	0.05	saccade	n/a	450.7	110.4	n/a	266.2	100.4	7.42	428.0
198.658	0.178	fixation	n/a	247.0	104.1	874.0	n/a	n/a	n/a	n/a
198.838	0.036	saccade	n/a	247.5	103.6	n/a	200.4	98.4	1.88	198.0
198.876	0.25	fixation	n/a	188.8	104.0	918.0	n/a	n/a	n/a	n/a
199.128	0.022	saccade	n/a	186.9	106.3	n/a	159.2	97.0	1.15	136.0
199.152	0.21	fixation	n/a	161.7	105.0	990.0	n/a	n/a	n/a	n/a
199.364	0.034	saccade	n/a	160.4	106.8	n/a	220.3	102.9	2.37	264.0
199.4	0.246	fixation	n/a	230.4	100.1	977.0	n/a	n/a	n/a	n/a
199.648	0.022	saccade	n/a	233.8	100.0	n/a	272.9	99.7	1.56	160.0
199.672	0.194	fixation	n/a	269.1	97.2	924.0	n/a	n/a	n/a	n/a
199.868	0.01	saccade	n/a	272.9	96.8	n/a	288.6	95.5	0.63	70.0
199.88	0.112	fixation	n/a	283.3	98.5	915.0	n/a	n/a	n/a	n/a
199.994	0.028	saccade	n/a	283.9	98.4	n/a	361.1	108.3	3.13	262.0
200.024	0.338	fixation	n/a	355.5	109.4	976.0	n/a	n/a	n/a	n/a
200.364	0.042	saccade	n/a	354.2	113.5	n/a	266.8	106.2	3.52	336.0
200.408	0.376	fixation	n/a	251.2	111.6	1037.0	n/a	n/a	n/a	n/a
200.786	0.038	saccade	n/a	252.0	114.3	n/a	178.0	102.6	2.97	325.0
200.826	0.214	fixation	n/a	163.9	102.2	1069.0	n/a	n/a	n/a	n/a
201.042	0.034	saccade	n/a	161.0	103.0	n/a	212.5	107.8	2.04	244.0
201.078	0.248	fixation	n/a	223.6	103.9	1064.0	n/a	n/a	n/a	n/a
201.328	0.024	saccade	n/a	224.8	102.7	n/a	304.7	111.1	3.21	226.0
201.354	0.22	fixation	n/a	294.7	111.3	1064.0	n/a	n/a	n/a	n/a
201.576	0.024	saccade	n/a	295.3	111.8	n/a	365.2	112.9	2.81	219.0
201.602	0.196	fixation	n/a	356.3	112.8	1039.0	n/a	n/a	n/a	n/a
201.8	0.02	saccade	n/a	358.0	112.5	n/a	400.6	113.8	1.72	151.0
201.822	0.144	fixation	n/a	391.8	112.0	952.0	n/a	n/a	n/a	n/a
201.968	0.022	saccade	n/a	393.6	112.2	n/a	446.5	114.7	2.14	166.0
201.992	0.178	fixation	n/a	437.7	112.9	881.0	n/a	n/a	n/a	n/a
202.172	0.032	saccade	n/a	442.2	110.5	n/a	482.9	113.7	1.64	193.0
202.206	0.234	fixation	n/a	493.0	109.5	823.0	n/a	n/a	n/a	n/a
202.442	0.022	saccade	n/a	494.3	107.9	n/a	551.5	108.4	2.29	166.0
202.466	0.144	fixation	n/a	542.1	107.5	793.0	n/a	n/a	n/a	n/a
202.612	0.026	saccade	n/a	543.5	104.9	n/a	611.3	94.9	2.72	194.0
202.64	0.096	fixation	n/a	603.1	94.8	759.0	n/a	n/a	n/a	n/a
202.738	0.064	saccade	n/a	602.3	94.0	n/a	178.1	150.9	16.89	480.0
202.804	0.136	fixation	n/a	175.3	155.7	792.0	n/a	n/a	n/a	n/a
202.942	0.032	saccade	n/a	174.0	157.2	n/a	147.2	158.4	1.05	177.0
202.976	0.12	fixation	n/a	136.4	162.5	811.0	n/a	n/a	n/a	n/a
203.098	0.04	saccade	n/a	133.9	162.4	n/a	217.2	158.6	3.28	309.0
203.14	0.184	fixation	n/a	230.1	161.2	861.0	n/a	n/a	n/a	n/a
203.326	0.034	saccade	n/a	232.6	165.4	n/a	304.8	170.7	2.88	281.0
203.362	0.196	fixation	n/a	315.0	165.7	909.0	n/a	n/a	n/a	n/a
203.56	0.038	saccade	n/a	315.7	165.3	n/a	392.6	163.8	3.1	275.0
203.6	0.226	fixation	n/a	401.6	161.5	866.0	n/a	n/a	n/a	n/a
203.828	0.026	saccade	n/a	400.8	161.9	n/a	485.8	166.3	3.43	246.0
203.856	0.226	fixation	n/a	475.4	165.9	833.0	n/a	n/a	n/a	n/a
203.918	0.0	trigger_11	11	n/a	n/a	n/a	n/a	n/a	n/a	n/a
203.924	0.0	trigger_10	10	n/a	n/a	n/a	n/a	n/a	n/a	n/a
204.084	0.036	saccade	n/a	475.1	165.8	n/a	536.3	168.9	2.45	239.0
204.122	0.192	fixation	n/a	545.9	167.0	813.0	n/a	n/a	n/a	n/a
204.316	0.058	saccade	n/a	546.2	166.3	n/a	253.4	201.3	11.75	468.0
204.376	0.118	fixation	n/a	237.0	203.5	836.0	n/a	n/a	n/a	n/a
204.496	0.038	saccade	n/a	236.1	202.3	n/a	169.1	217.1	2.71	304.0
204.536	0.18	fixation	n/a	155.2	222.0	839.0	n/a	n/a	n/a	n/a
204.718	0.038	saccade	n/a	155.7	222.4	n/a	230.0	229.7	2.93	306.0
204.758	0.144	fixation	n/a	241.3	229.8	868.0	n/a	n/a	n/a	n/a
204.904	0.034	saccade	n/a	241.1	229.2	n/a	181.4	104.6	5.56	370.0
204.94	0.12	fixation	n/a	178.9	108.1	837.0	n/a	n/a	n/a	n/a
205.062	0.03	saccade	n/a	176.8	105.8	n/a	158.4	99.2	0.77	148.0
205.094	0.18	fixation	n/a	149.1	99.0	836.0	n/a	n/a	n/a	n/a
205.276	0.024	saccade	n/a	148.1	98.2	n/a	230.5	94.8	3.25	268.0
205.302	0.558	fixation	n/a	222.2	96.3	831.0	n/a	n/a	n/a	n/a
205.862	0.038	saccade	n/a	224.3	97.3	n/a	173.2	98.1	2.02	254.0
205.902	0.374	fixation	n/a	159.4	102.8	863.0	n/a	n/a	n/a	n/a
206.278	0.024	saccade	n/a	159.1	106.8	n/a	222.8	99.0	2.53	220.0
206.304	0.128	fixation	n/a	211.8	101.3	934.0	n/a	n/a	n/a	n/a
206.434	0.028	saccade	n/a	211.5	101.5	n/a	299.0	104.9	3.5	246.0
206.464	0.226	fixation	n/a	285.8	101.0	937.0	n/a	n/a	n/a	n/a
206.692	0.028	saccade	n/a	284.1	98.3	n/a	393.3	111.3	4.42	305.0
206.722	0.198	fixation	n/a	383.4	107.5	919.0	n/a	n/a	n/a	n/a
206.922	0.028	saccade	n/a	383.0	106.2	n/a	463.1	109.3	3.23	222.0
206.952	0.118	fixation	n/a	454.6	108.3	897.0	n/a	n/a	n/a	n/a
207.072	0.024	saccade	n/a	455.1	107.5	n/a	547.1	108.7	3.68	260.0
207.098	0.226	fixation	n/a	543.7	109.7	835.0	n/a	n/a	n/a	n/a
207.326	0.038	saccade	n/a	545.8	109.2	n/a	601.1	108.5	2.19	184.0
207.366	0.14	fixation	n/a	610.4	103.3	774.0	n/a	n/a	n/a	n/a
207.508	0.06	saccade	n/a	612.7	100.8	n/a	208.5	145.1	16.05	522.0
207.57	0.124	fixation	n/a	208.3	145.6	794.0	n/a	n/a	n/a	n/a
207.696	0.034	saccade	n/a	206.7	145.0	n/a	165.1	150.9	1.66	224.0
207.732	0.212	fixation	n/a	153.1	155.0	822.0	n/a	n/a	n/a	n/a
207.946	0.032	saccade	n/a	154.5	155.8	n/a	212.7	161.6	2.3	268.0
207.98	0.148	fixation	n/a	221.9	159.2	860.0	n/a	n/a	n/a	n/a
208.13	0.028	saccade	n/a	218.9	159.2	n/a	201.6	156.6	0.69	123.0
208.16	0.232	fixation	n/a	195.6	159.7	845.0	n/a	n/a	n/a	n/a
208.394	0.036	saccade	n/a	196.8	160.7	n/a	260.6	168.4	2.55	274.0
208.432	0.166	fixation	n/a	269.8	164.1	818.0	n/a	n/a	n/a	n/a
208.6	0.022	saccade	n/a	269.0	163.3	n/a	238.5	160.8	1.22	118.0
208.624	0.128	fixation	n/a	241.9	160.3	782.0	n/a	n/a	n/a	n/a
208.754	0.024	saccade	n/a	238.8	158.6	n/a	306.1	160.3	2.69	202.0
208.78	0.182	fixation	n/a	294.7	161.9	794.0	n/a	n/a	n/a	n/a
208.964	0.034	saccade	n/a	295.7	163.8	n/a	356.3	163.3	2.43	252.0
209.0	0.278	fixation	n/a	365.9	160.9	784.0	n/a	n/a	n/a	n/a
209.28	0.026	saccade	n/a	368.5	160.0	n/a	459.4	162.3	3.66	264.0
209.308	0.224	fixation	n/a	455.3	163.8	742.0	n/a	n/a	n/a	n/a
209.534	0.048	saccade	n/a	456.4	163.1	n/a	562.0	176.3	4.25	294.0
209.584	0.236	fixation	n/a	576.3	175.5	714.0	n/a	n/a	n/a	n/a
209.822	0.062	saccade	n/a	577.3	176.6	n/a	146.9	200.4	16.97	496.0
209.886	0.188	fixation	n/a	154.8	210.8	718.0	n/a	n/a	n/a	n/a
210.076	0.016	saccade	n/a	151.0	215.0	n/a	133.8	223.6	0.75	81.0
210.094	0.098	fixation	n/a	137.6	220.5	743.0	n/a	n/a	n/a	n/a
210.194	0.038	saccade	n/a	136.7	221.5	n/a	221.0	232.8	3.34	326.0
210.234	0.258	fixation	n/a	233.3	229.0	810.0	n/a	n/a	n/a	n/a
210.406	0.0	trigger_11	11	n/a	n/a	n/a	n/a	n/a	n/a	n/a
210.414	0.0	trigger_10	10	n/a	n/a	n/a	n/a	n/a	n/a	n/a
210.494	0.042	saccade	n/a	233.1	229.7	n/a	332.5	228.9	3.96	320.0
210.538	0.192	fixation	n/a	346.0	228.5	802.0	n/a	n/a	n/a	n/a
210.732	0.024	saccade	n/a	346.3	228.0	n/a	413.8	223.9	2.72	206.0
210.758	0.202	fixation	n/a	404.9	227.2	774.0	n/a	n/a	n/a	n/a
210.962	0.024	saccade	n/a	406.0	227.9	n/a	489.2	228.7	3.33	250.0
210.988	0.222	fixation	n/a	481.1	230.0	730.0	n/a	n/a	n/a	n/a
211.212	0.026	saccade	n/a	482.7	231.5	n/a	555.1	226.5	2.89	204.0
211.24	0.128	fixation	n/a	544.1	227.4	721.0	n/a	n/a	n/a	n/a
211.37	0.024	saccade	n/a	544.7	224.7	n/a	611.4	228.1	2.63	186.0
211.396	0.108	fixation	n/a	604.8	229.5	712.0	n/a	n/a	n/a	n/a
211.506	0.06	saccade	n/a	605.2	229.0	n/a	201.5	287.5	16.03	486.0
211.568	0.19	fixation	n/a	194.9	291.1	727.0	n/a	n/a	n/a	n/a
211.76	0.03	saccade	n/a	192.9	290.2	n/a	165.4	281.1	1.13	169.0
211.792	0.122	fixation	n/a	156.5	283.3	725.0	n/a	n/a	n/a	n/a
211.916	0.036	saccade	n/a	155.2	283.4	n/a	241.1	281.8	3.37	310.0
211.954	0.164	fixation	n/a	254.5	282.2	754.0	n/a	n/a	n/a	n/a
212.12	0.04	saccade	n/a	255.0	282.9	n/a	342.9	286.6	3.49	274.0
212.162	0.132	fixation	n/a	356.6	285.5	748.0	n/a	n/a	n/a	n/a
212.296	0.042	saccade	n/a	357.2	285.9	n/a	285.5	113.5	7.55	412.0
212.34	0.272	fixation	n/a	283.7	110.6	686.0	n/a	n/a	n/a	n/a
212.614	0.042	saccade	n/a	282.5	110.6	n/a	177.1	100.7	4.2	316.0
212.658	0.28	fixation	n/a	164.3	103.8	722.0	n/a	n/a	n/a	n/a
212.94	0.022	saccade	n/a	163.4	105.5	n/a	226.7	99.8	2.51	202.0
212.964	0.206	fixation	n/a	216.6	101.5	800.0	n/a	n/a	n/a	n/a
213.172	0.032	saccade	n/a	218.0	101.4	n/a	285.8	101.0	2.7	254.0
213.206	0.224	fixation	n/a	289.1	98.3	824.0	n/a	n/a	n/a	n/a
213.432	0.028	saccade	n/a	289.7	100.4	n/a	336.4	105.5	1.88	217.0
213.462	0.218	fixation	n/a	338.6	100.4	842.0	n/a	n/a	n/a	n/a
213.682	0.018	saccade	n/a	343.0	101.7	n/a	372.9	102.4	1.2	119.0
213.702	0.22	fixation	n/a	365.5	101.6	864.0	n/a	n/a	n/a	n/a
213.924	0.026	saccade	n/a	367.1	102.5	n/a	449.7	105.1	3.33	219.0
213.952	0.206	fixation	n/a	440.8	105.7	840.0	n/a	n/a	n/a	n/a
214.062	0.0	trigger_11	11	n/a	n/a	n/a	n/a	n/a	n/a	n/a
214.066	0.0	trigger_10	10	n/a	n/a	n/a	n/a	n/a	n/a	n/a
214.16	0.024	saccade	n/a	441.7	105.4	n/a	495.8	106.4	2.18	183.0
214.186	0.192	fixation	n/a	485.8	104.4	819.0	n/a	n/a	n/a	n/a
214.38	0.014	saccade	n/a	488.5	102.7	n/a	516.5	101.2	1.12	102.0
214.396	0.164	fixation	n/a	509.4	103.2	820.0	n/a	n/a	n/a	n/a
214.562	0.024	saccade	n/a	509.3	106.7	n/a	574.1	108.6	2.58	207.0
214.588	0.082	fixation	n/a	564.0	109.3	815.0	n/a	n/a	n/a	n/a
214.672	0.058	saccade	n/a	564.4	109.0	n/a	188.6	158.8	14.99	485.0
214.732	0.25	fixation	n/a	184.3	162.3	837.0	n/a	n/a	n/a	n/a
214.984	0.038	saccade	n/a	184.8	163.1	n/a	266.2	159.8	3.23	295.0
215.024	0.216	fixation	n/a	280.4	159.2	889.0	n/a	n/a	n/a	n/a
215.242	0.038	saccade	n/a	284.5	161.3	n/a	376.6	164.5	3.7	333.0
215.282	0.202	fixation	n/a	387.8	166.3	911.0	n/a	n/a	n/a	n/a
215.486	0.04	saccade	n/a	388.3	166.6	n/a	306.1	164.2	3.31	315.0
215.528	0.3	fixation	n/a	290.2	168.8	907.0	n/a	n/a	n/a	n/a
215.83	0.03	saccade	n/a	288.8	167.6	n/a	413.9	175.6	5.03	328.0
215.862	0.17	fixation	n/a	411.6	172.8	867.0	n/a	n/a	n/a	n/a
216.034	0.026	saccade	n/a	413.6	171.5	n/a	325.4	99.9	4.6	318.0
216.062	0.228	fixation	n/a	321.8	96.5	802.0	n/a	n/a	n/a	n/a
216.292	0.04	saccade	n/a	320.8	98.5	n/a	199.6	93.9	4.83	375.0
216.334	0.23	fixation	n/a	184.9	95.6	843.0	n/a	n/a	n/a	n/a
216.414	0.0	trigger_11	11	n/a	n/a	n/a	n/a	n/a	n/a	n/a
216.42	0.0	trigger_10	10	n/a	n/a	n/a	n/a	n/a	n/a	n/a
216.566	0.036	saccade	n/a	183.2	98.2	n/a	241.1	101.3	2.3	246.0
216.604	0.184	fixation	n/a	250.4	100.1	943.0	n/a	n/a	n/a	n/a
216.79	0.036	saccade	n/a	251.3	102.5	n/a	307.2	109.2	2.25	238.0
216.828	0.142	fixation	n/a	315.9	106.1	967.0	n/a	n/a	n/a	n/a
216.972	0.024	saccade	n/a	315.5	105.2	n/a	378.3	109.3	2.53	183.0
216.998	0.082	fixation	n/a	368.4	109.0	940.0	n/a	n/a	n/a	n/a
217.082	0.038	saccade	n/a	369.6	106.8	n/a	451.7	119.9	3.35	278.0
217.122	0.208	fixation	n/a	464.0	115.7	922.0	n/a	n/a	n/a	n/a
217.332	0.038	saccade	n/a	464.4	115.8	n/a	541.7	117.2	3.09	256.0
217.372	0.208	fixation	n/a	551.8	115.8	900.0	n/a	n/a	n/a	n/a
217.582	0.064	saccade	n/a	552.1	115.2	n/a	204.7	167.4	13.95	499.0
217.648	0.204	fixation	n/a	187.8	171.2	902.0	n/a	n/a	n/a	n/a
217.854	0.028	saccade	n/a	184.8	171.8	n/a	156.3	160.6	1.21	141.0
217.884	0.098	fixation	n/a	151.7	165.0	901.0	n/a	n/a	n/a	n/a
217.984	0.036	saccade	n/a	150.2	165.4	n/a	234.5	170.4	3.33	328.0
218.022	0.314	fixation	n/a	245.4	169.2	930.0	n/a	n/a	n/a	n/a
218.338	0.024	saccade	n/a	246.8	167.3	n/a	237.0	105.1	2.56	208.0
218.364	0.394	fixation	n/a	240.9	108.2	887.0	n/a	n/a	n/a	n/a
218.76	0.036	saccade	n/a	241.1	108.5	n/a	199.5	104.3	1.66	236.0
218.798	0.088	fixation	n/a	186.8	107.6	943.0	n/a	n/a	n/a	n/a
218.888	0.35	saccade	n/a	188.2	112.7	n/a	276.9	143.6	3.74	786.0
218.922	0.268	blink	n/a	n/a	n/a	n/a	n/a	n/a	n/a	n/a
219.24	0.138	fixation	n/a	277.0	128.3	934.0	n/a	n/a	n/a	n/a
219.38	0.012	saccade	n/a	276.5	123.6	n/a	264.1	110.2	0.74	67.0
219.394	0.098	fixation	n/a	267.4	112.1	961.0	n/a	n/a	n/a	n/a
219.494	0.038	saccade	n/a	271.7	119.2	n/a	359.2	113.1	3.52	307.0
219.534	0.124	fixation	n/a	369.1	113.4	906.0	n/a	n/a	n/a	n/a
219.66	0.156	saccade	n/a	372.6	121.1	n/a	434.4	133.5	2.54	782.0
219.686	0.078	blink	n/a	n/a	n/a	n/a	n/a	n/a	n/a	n/a
219.818	0.164	fixation	n/a	432.3	102.4	772.0	n/a	n/a	n/a	n/a
219.984	0.034	saccade	n/a	435.2	96.9	n/a	494.0	94.7	2.37	235.0
220.02	0.114	fixation	n/a	502.9	94.2	749.0	n/a	n/a	n/a	n/a
220.136	0.022	saccade	n/a	503.6	95.5	n/a	556.3	101.5	2.12	171.0
220.16	0.08	fixation	n/a	545.1	99.9	722.0	n/a	n/a	n/a	n/a
220.242	0.052	saccade	n/a	547.1	99.6	n/a	184.5	150.6	14.51	477.0
220.296	0.236	fixation	n/a	175.7	155.2	728.0	n/a	n/a	n/a	n/a
220.534	0.04	saccade	n/a	174.1	154.9	n/a	274.3	157.6	3.97	282.0
220.576	0.172	fixation	n/a	288.2	156.7	788.0	n/a	n/a	n/a	n/a
220.75	0.036	saccade	n/a	290.2	160.0	n/a	341.6	156.1	2.07	212.0
220.788	0.204	fixation	n/a	351.4	157.8	792.0	n/a	n/a	n/a	n/a
220.994	0.036	saccade	n/a	351.8	162.1	n/a	420.0	169.7	2.76	265.0
221.032	0.216	fixation	n/a	428.0	168.9	793.0	n/a	n/a	n/a	n/a
221.25	0.026	saccade	n/a	430.5	170.5	n/a	517.8	168.5	3.5	275.0
221.278	0.226	fixation	n/a	510.9	167.0	775.0	n/a	n/a	n/a	n/a
221.506	0.048	saccade	n/a	510.8	167.2	n/a	608.4	170.5	3.88	235.0
221.556	0.248	fixation	n/a	622.1	168.2	762.0	n/a	n/a	n/a	n/a
221.806	0.022	saccade	n/a	622.7	166.1	n/a	686.3	159.6	2.49	191.0
221.83	0.106	fixation	n/a	674.4	158.3	755.0	n/a	n/a	n/a	n/a
221.938	0.08	saccade	n/a	675.9	156.2	n/a	195.2	217.3	18.94	523.0
222.02	0.16	fixation	n/a	187.8	221.4	826.0	n/a	n/a	n/a	n/a
222.182	0.03	saccade	n/a	189.2	223.6	n/a	164.2	214.4	1.05	149.0
222.214	0.268	fixation	n/a	156.5	220.0	908.0	n/a	n/a	n/a	n/a
222.484	0.036	saccade	n/a	154.8	222.8	n/a	214.2	230.1	2.35	259.0
222.522	0.108	fixation	n/a	225.7	228.8	961.0	n/a	n/a	n/a	n/a
222.632	0.128	saccade	n/a	234.4	234.4	n/a	328.1	249.5	3.78	930.0
222.658	0.056	blink	n/a	n/a	n/a	n/a	n/a	n/a	n/a	n/a
222.762	0.304	fixation	n/a	324.2	227.1	917.0	n/a	n/a	n/a	n/a
223.068	0.022	saccade	n/a	325.3	224.8	n/a	380.6	221.2	2.22	193.0
223.092	0.164	fixation	n/a	369.1	221.9	864.0	n/a	n/a	n/a	n/a
223.136	0.0	trigger_11	11	n/a	n/a	n/a	n/a	n/a	n/a	n/a
223.14	0.0	trigger_10	10	n/a	n/a	n/a	n/a	n/a	n/a	n/a
223.258	0.032	saccade	n/a	371.1	221.7	n/a	423.3	221.8	2.1	213.0
223.292	0.17	fixation	n/a	430.8	221.0	826.0	n/a	n/a	n/a	n/a
223.464	0.022	saccade	n/a	434.4	221.4	n/a	503.2	221.9	2.76	218.0
223.488	0.126	fixation	n/a	490.4	223.2	804.0	n/a	n/a	n/a	n/a
223.616	0.024	saccade	n/a	492.3	223.2	n/a	420.6	217.8	2.88	232.0
223.642	0.25	fixation	n/a	432.2	220.2	799.0	n/a	n/a	n/a	n/a
223.894	0.038	saccade	n/a	431.5	220.7	n/a	491.0	226.2	2.4	218.0
223.934	0.382	fixation	n/a	499.6	222.7	858.0	n/a	n/a	n/a	n/a
224.318	0.038	saccade	n/a	499.9	222.8	n/a	571.1	212.1	2.87	252.0
224.358	0.166	fixation	n/a	582.0	205.2	898.0	n/a	n/a	n/a	n/a
224.526	0.036	saccade	n/a	581.7	205.9	n/a	543.3	217.7	1.6	237.0
224.564	0.112	fixation	n/a	530.8	225.1	895.0	n/a	n/a	n/a	n/a
224.678	0.032	saccade	n/a	531.2	226.1	n/a	424.3	126.2	5.9	426.0
224.712	0.132	fixation	n/a	409.9	130.6	892.0	n/a	n/a	n/a	n/a
224.846	0.046	saccade	n/a	407.6	130.3	n/a	288.6	100.7	4.93	373.0
224.894	0.15	fixation	n/a	274.4	99.5	889.0	n/a	n/a	n/a	n/a
225.046	0.024	saccade	n/a	272.8	98.7	n/a	187.3	95.6	3.4	276.0
225.072	0.406	fixation	n/a	196.0	100.7	937.0	n/a	n/a	n/a	n/a
225.48	0.04	saccade	n/a	194.8	102.2	n/a	285.4	106.0	3.61	333.0
225.522	0.262	fixation	n/a	296.5	102.2	987.0	n/a	n/a	n/a	n/a
225.786	0.026	saccade	n/a	295.0	101.0	n/a	272.4	97.5	0.92	140.0
225.814	0.102	fixation	n/a	269.6	101.7	947.0	n/a	n/a	n/a	n/a
225.918	0.114	saccade	n/a	273.5	111.7	n/a	348.6	151.8	3.42	602.0
225.96	0.008	blink	n/a	n/a	n/a	n/a	n/a	n/a	n/a	n/a
226.034	0.2	fixation	n/a	346.3	111.8	915.0	n/a	n/a	n/a	n/a
226.236	0.04	saccade	n/a	347.3	105.4	n/a	234.2	97.6	4.54	372.0
226.278	0.23	fixation	n/a	226.0	102.4	925.0	n/a	n/a	n/a	n/a
226.51	0.038	saccade	n/a	226.0	104.3	n/a	309.7	109.0	3.35	314.0
226.55	0.302	fixation	n/a	322.2	104.1	896.0	n/a	n/a	n/a	n/a
226.854	0.026	saccade	n/a	322.2	106.5	n/a	403.1	109.3	3.26	229.0
226.882	0.176	fixation	n/a	393.3	108.0	878.0	n/a	n/a	n/a	n/a
227.06	0.024	saccade	n/a	393.5	106.1	n/a	473.2	108.9	3.21	243.0
227.086	0.206	fixation	n/a	464.6	109.8	832.0	n/a	n/a	n/a	n/a
227.294	0.032	saccade	n/a	468.9	110.8	n/a	522.8	110.0	2.16	216.0
227.328	0.14	fixation	n/a	528.8	104.9	817.0	n/a	n/a	n/a	n/a
227.47	0.024	saccade	n/a	530.7	104.0	n/a	606.8	104.3	3.03	224.0
227.496	0.096	fixation	n/a	595.5	106.3	803.0	n/a	n/a	n/a	n/a
227.594	0.074	saccade	n/a	597.5	105.1	n/a	180.6	160.6	16.6	521.0
227.67	0.242	fixation	n/a	165.6	168.8	803.0	n/a	n/a	n/a	n/a
227.914	0.038	saccade	n/a	164.9	169.7	n/a	241.2	165.9	3.02	287.0
227.954	0.268	fixation	n/a	249.8	162.7	838.0	n/a	n/a	n/a	n/a
228.224	0.036	saccade	n/a	248.0	165.9	n/a	335.6	173.7	3.52	303.0
228.262	0.23	fixation	n/a	343.2	169.9	886.0	n/a	n/a	n/a	n/a
228.494	0.026	saccade	n/a	344.2	171.3	n/a	428.2	167.6	3.38	232.0
228.522	0.156	fixation	n/a	416.4	168.7	888.0	n/a	n/a	n/a	n/a
228.68	0.026	saccade	n/a	418.1	167.7	n/a	508.7	166.5	3.64	272.0
228.708	0.264	fixation	n/a	503.2	165.9	829.0	n/a	n/a	n/a	n/a
228.824	0.0	trigger_11	11	n/a	n/a	n/a	n/a	n/a	n/a	n/a
228.828	0.0	trigger_10	10	n/a	n/a	n/a	n/a	n/a	n/a	n/a
228.974	0.036	saccade	n/a	504.6	164.6	n/a	568.8	165.0	2.56	241.0
229.012	0.244	fixation	n/a	578.7	164.2	773.0	n/a	n/a	n/a	n/a
229.258	0.016	saccade	n/a	581.4	164.1	n/a	612.2	163.6	1.22	100.0
229.276	0.116	fixation	n/a	603.2	165.4	762.0	n/a	n/a	n/a	n/a
229.394	0.032	saccade	n/a	604.9	165.0	n/a	646.4	171.6	1.65	171.0
229.428	0.062	fixation	n/a	651.8	165.9	769.0	n/a	n/a	n/a	n/a
229.492	0.062	saccade	n/a	653.9	166.0	n/a	209.5	210.8	17.55	540.0
229.556	0.148	fixation	n/a	200.5	212.4	819.0	n/a	n/a	n/a	n/a
229.706	0.036	saccade	n/a	201.3	214.9	n/a	165.5	209.1	1.43	236.0
229.744	0.112	fixation	n/a	153.9	213.7	828.0	n/a	n/a	n/a	n/a
229.858	0.04	saccade	n/a	154.2	213.5	n/a	242.3	221.0	3.48	307.0
229.9	0.222	fixation	n/a	254.7	218.3	849.0	n/a	n/a	n/a	n/a
230.124	0.024	saccade	n/a	255.0	219.7	n/a	308.3	222.2	2.13	189.0
230.15	0.164	fixation	n/a	300.1	223.7	869.0	n/a	n/a	n/a	n/a
230.316	0.038	saccade	n/a	301.0	224.3	n/a	371.7	223.0	2.83	270.0
230.356	0.144	fixation	n/a	380.9	223.8	861.0	n/a	n/a	n/a	n/a
230.502	0.03	saccade	n/a	381.7	222.7	n/a	350.3	105.7	4.93	294.0
230.534	0.146	fixation	n/a	356.4	104.1	782.0	n/a	n/a	n/a	n/a
230.682	0.024	saccade	n/a	355.2	103.2	n/a	303.7	94.9	2.1	217.0
230.708	0.344	fixation	n/a	308.7	98.3	790.0	n/a	n/a	n/a	n/a
231.054	0.042	saccade	n/a	308.0	99.8	n/a	177.7	101.5	5.18	381.0
231.098	0.214	fixation	n/a	163.2	104.6	883.0	n/a	n/a	n/a	n/a
231.314	0.032	saccade	n/a	162.7	105.6	n/a	202.5	104.2	1.57	188.0
231.348	0.216	fixation	n/a	209.2	102.5	896.0	n/a	n/a	n/a	n/a
231.566	0.028	saccade	n/a	209.5	104.7	n/a	189.3	103.6	0.8	136.0
231.596	0.136	fixation	n/a	184.1	109.3	902.0	n/a	n/a	n/a	n/a
231.734	0.034	saccade	n/a	183.9	109.9	n/a	241.1	110.6	2.27	248.0
231.77	0.19	fixation	n/a	251.7	108.8	907.0	n/a	n/a	n/a	n/a
231.962	0.024	saccade	n/a	252.6	109.0	n/a	328.3	115.6	3.04	229.0
231.988	0.246	fixation	n/a	318.6	113.5	923.0	n/a	n/a	n/a	n/a
232.236	0.026	saccade	n/a	320.4	112.4	n/a	405.9	117.4	3.45	252.0
232.264	0.22	fixation	n/a	399.1	114.9	902.0	n/a	n/a	n/a	n/a
232.486	0.026	saccade	n/a	399.5	112.4	n/a	483.6	112.7	3.38	235.0
232.514	0.2	fixation	n/a	473.8	108.4	844.0	n/a	n/a	n/a	n/a
232.716	0.022	saccade	n/a	474.0	107.0	n/a	530.9	105.7	2.28	181.0
232.74	0.19	fixation	n/a	518.1	103.9	830.0	n/a	n/a	n/a	n/a
232.792	0.0	trigger_11	11	n/a	n/a	n/a	n/a	n/a	n/a	n/a
232.794	0.0	trigger_12	12	n/a	n/a	n/a	n/a	n/a	n/a	n/a
232.932	0.028	saccade	n/a	518.5	103.9	n/a	599.3	103.4	3.21	224.0
232.962	0.142	fixation	n/a	590.3	101.2	795.0	n/a	n/a	n/a	n/a
233.106	0.072	saccade	n/a	585.3	98.9	n/a	159.4	146.6	16.91	459.0
233.18	0.39	fixation	n/a	160.0	153.9	836.0	n/a	n/a	n/a	n/a
233.572	0.036	saccade	n/a	157.8	158.0	n/a	239.5	166.9	3.24	306.0
233.61	0.194	fixation	n/a	250.9	168.5	946.0	n/a	n/a	n/a	n/a
233.806	0.042	saccade	n/a	252.4	170.7	n/a	357.0	174.7	4.19	342.0
233.85	0.236	fixation	n/a	373.1	173.2	908.0	n/a	n/a	n/a	n/a
234.088	0.032	saccade	n/a	376.6	171.4	n/a	416.9	169.7	1.63	212.0
234.122	0.186	fixation	n/a	427.0	166.1	835.0	n/a	n/a	n/a	n/a
234.31	0.026	saccade	n/a	427.8	163.4	n/a	342.7	124.3	3.78	275.0
234.338	0.286	fixation	n/a	346.8	133.7	838.0	n/a	n/a	n/a	n/a
234.576	0.0	trigger_13	13	n/a	n/a	n/a	n/a	n/a	n/a	n/a
234.626	0.044	saccade	n/a	347.5	137.0	n/a	235.5	129.9	4.49	347.0
234.672	0.324	fixation	n/a	216.4	133.4	884.0	n/a	n/a	n/a	n/a
234.998	0.022	saccade	n/a	214.9	133.1	n/a	189.0	97.3	1.77	137.0
235.022	0.278	fixation	n/a	192.9	107.4	920.0	n/a	n/a	n/a	n/a
235.302	0.022	saccade	n/a	193.1	105.3	n/a	265.9	97.9	2.91	231.0
235.326	0.17	fixation	n/a	259.0	99.9	893.0	n/a	n/a	n/a	n/a
235.498	0.024	saccade	n/a	259.8	99.9	n/a	311.8	98.8	2.08	173.0
235.524	0.168	fixation	n/a	301.2	98.1	883.0	n/a	n/a	n/a	n/a
235.694	0.04	saccade	n/a	302.1	98.0	n/a	390.4	108.1	3.58	281.0
235.736	0.19	fixation	n/a	401.5	106.2	889.0	n/a	n/a	n/a	n/a
235.928	0.026	saccade	n/a	403.2	108.0	n/a	456.2	115.2	2.15	186.0
235.956	0.32	fixation	n/a	448.5	112.9	895.0	n/a	n/a	n/a	n/a
236.024	0.0	trigger_15	15	n/a	n/a	n/a	n/a	n/a	n/a	n/a
236.03	0.0	trigger_10	10	n/a	n/a	n/a	n/a	n/a	n/a	n/a
236.278	0.044	saccade	n/a	448.8	113.6	n/a	321.9	106.5	5.11	385.0
236.324	0.174	fixation	n/a	305.0	109.6	894.0	n/a	n/a	n/a	n/a
236.5	0.032	saccade	n/a	305.2	111.3	n/a	248.6	106.9	2.27	264.0
236.534	0.308	fixation	n/a	239.8	113.8	972.0	n/a	n/a	n/a	n/a
236.844	0.036	saccade	n/a	240.0	117.5	n/a	199.0	112.0	1.64	239.0
236.882	0.128	fixation	n/a	186.0	112.9	1039.0	n/a	n/a	n/a	n/a
237.012	0.036	saccade	n/a	184.6	114.0	n/a	163.1	152.2	1.76	239.0
237.05	0.21	fixation	n/a	157.3	166.6	1073.0	n/a	n/a	n/a	n/a
237.262	0.04	saccade	n/a	157.2	172.4	n/a	162.9	216.7	1.79	198.0
237.304	0.28	fixation	n/a	167.3	231.7	1137.0	n/a	n/a	n/a	n/a
237.586	0.024	saccade	n/a	170.9	231.2	n/a	116.4	226.2	2.13	182.0
237.612	0.122	fixation	n/a	127.3	231.6	1113.0	n/a	n/a	n/a	n/a
237.736	0.036	saccade	n/a	125.8	231.0	n/a	220.5	123.4	5.7	312.0
237.774	0.116	fixation	n/a	221.6	118.8	1007.0	n/a	n/a	n/a	n/a
237.892	0.036	saccade	n/a	222.7	115.4	n/a	313.5	114.1	3.63	303.0
237.93	0.308	fixation	n/a	320.5	108.6	978.0	n/a	n/a	n/a	n/a
238.24	0.046	saccade	n/a	320.0	109.4	n/a	180.5	112.0	5.55	401.0
238.288	0.252	fixation	n/a	167.1	115.4	1015.0	n/a	n/a	n/a	n/a
238.542	0.014	saccade	n/a	165.2	116.1	n/a	157.0	107.9	0.46	49.0
238.558	0.242	fixation	n/a	162.5	112.3	983.0	n/a	n/a	n/a	n/a
238.802	0.022	saccade	n/a	165.9	111.3	n/a	210.7	106.0	1.78	158.0
238.826	0.21	fixation	n/a	203.5	105.1	932.0	n/a	n/a	n/a	n/a
239.038	0.038	saccade	n/a	201.1	105.4	n/a	150.3	105.8	2.0	255.0
239.078	0.21	fixation	n/a	135.4	110.0	955.0	n/a	n/a	n/a	n/a
239.29	0.024	saccade	n/a	134.5	110.4	n/a	215.3	102.0	3.19	225.0
239.316	0.31	fixation	n/a	206.5	105.0	976.0	n/a	n/a	n/a	n/a
239.628	0.036	saccade	n/a	206.6	106.1	n/a	271.3	107.3	2.57	260.0
239.666	0.186	fixation	n/a	281.3	104.6	930.0	n/a	n/a	n/a	n/a
239.854	0.024	saccade	n/a	282.2	102.1	n/a	334.9	107.6	2.12	172.0
239.88	0.206	fixation	n/a	323.8	104.7	895.0	n/a	n/a	n/a	n/a
240.088	0.022	saccade	n/a	323.8	103.4	n/a	359.9	109.0	1.47	140.0
240.112	0.154	fixation	n/a	353.3	105.7	873.0	n/a	n/a	n/a	n/a
240.268	0.034	saccade	n/a	355.1	104.5	n/a	424.7	109.3	2.81	255.0
240.304	0.202	fixation	n/a	432.1	105.9	842.0	n/a	n/a	n/a	n/a
240.508	0.034	saccade	n/a	434.3	106.5	n/a	501.3	111.1	2.7	240.0
240.544	0.2	fixation	n/a	507.3	110.0	841.0	n/a	n/a	n/a	n/a
240.746	0.018	saccade	n/a	508.1	112.0	n/a	544.3	112.1	1.45	128.0
240.766	0.12	fixation	n/a	535.7	114.5	873.0	n/a	n/a	n/a	n/a
240.888	0.024	saccade	n/a	536.2	114.6	n/a	600.1	111.9	2.54	193.0
240.914	0.228	fixation	n/a	587.9	111.7	876.0	n/a	n/a	n/a	n/a
241.144	0.082	saccade	n/a	585.8	111.1	n/a	160.8	150.8	16.84	446.0
241.228	0.234	fixation	n/a	151.2	156.0	937.0	n/a	n/a	n/a	n/a
241.464	0.032	saccade	n/a	151.0	155.8	n/a	239.6	169.1	3.53	301.0
241.498	0.17	fixation	n/a	243.6	164.0	985.0	n/a	n/a	n/a	n/a
241.67	0.036	saccade	n/a	246.2	165.2	n/a	322.0	166.6	3.03	294.0
241.708	0.152	fixation	n/a	332.1	164.8	974.0	n/a	n/a	n/a	n/a
241.862	0.032	saccade	n/a	332.6	164.5	n/a	312.4	163.4	0.81	164.0
241.896	0.12	fixation	n/a	304.5	167.8	936.0	n/a	n/a	n/a	n/a
241.928	0.0	trigger_11	11	n/a	n/a	n/a	n/a	n/a	n/a	n/a
241.94	0.0	trigger_10	10	n/a	n/a	n/a	n/a	n/a	n/a	n/a
242.018	0.036	saccade	n/a	304.1	167.6	n/a	364.6	170.2	2.43	250.0
242.056	0.278	fixation	n/a	374.2	169.9	851.0	n/a	n/a	n/a	n/a
242.336	0.022	saccade	n/a	375.4	170.6	n/a	421.0	168.4	1.84	154.0
242.36	0.202	fixation	n/a	413.3	169.9	834.0	n/a	n/a	n/a	n/a
242.564	0.036	saccade	n/a	413.1	172.0	n/a	478.2	167.8	2.63	229.0
242.602	0.194	fixation	n/a	488.1	165.6	821.0	n/a	n/a	n/a	n/a
242.798	0.038	saccade	n/a	487.9	165.0	n/a	557.9	168.5	2.8	223.0
242.838	0.244	fixation	n/a	566.5	168.3	805.0	n/a	n/a	n/a	n/a
243.084	0.078	saccade	n/a	567.5	167.8	n/a	127.3	220.6	17.39	486.0
243.164	0.132	fixation	n/a	115.9	223.5	824.0	n/a	n/a	n/a	n/a
243.298	0.022	saccade	n/a	114.7	222.3	n/a	169.2	211.5	2.16	188.0
243.322	0.246	fixation	n/a	159.4	218.0	836.0	n/a	n/a	n/a	n/a
243.57	0.06	saccade	n/a	158.9	219.6	n/a	525.4	180.7	14.57	446.0
243.632	0.122	fixation	n/a	534.5	180.4	856.0	n/a	n/a	n/a	n/a
243.756	0.03	saccade	n/a	537.3	179.9	n/a	577.9	176.3	1.62	215.0
243.788	0.104	fixation	n/a	583.8	172.4	853.0	n/a	n/a	n/a	n/a
243.894	0.044	saccade	n/a	587.1	171.6	n/a	304.3	105.5	11.58	527.0
243.94	0.206	fixation	n/a	291.5	100.3	846.0	n/a	n/a	n/a	n/a
244.148	0.046	saccade	n/a	291.0	100.5	n/a	193.1	99.3	3.89	356.0
244.196	0.26	fixation	n/a	178.5	101.3	802.0	n/a	n/a	n/a	n/a
244.458	0.032	saccade	n/a	178.4	101.5	n/a	223.0	100.6	1.76	210.0
244.492	0.148	fixation	n/a	229.5	97.6	802.0	n/a	n/a	n/a	n/a
244.642	0.028	saccade	n/a	230.6	98.2	n/a	310.6	101.5	3.2	263.0
244.672	0.208	fixation	n/a	303.4	101.3	813.0	n/a	n/a	n/a	n/a
244.882	0.034	saccade	n/a	303.7	103.0	n/a	375.0	107.0	2.87	270.0
244.918	0.18	fixation	n/a	384.2	104.2	820.0	n/a	n/a	n/a	n/a
245.1	0.024	saccade	n/a	384.8	101.7	n/a	445.6	105.5	2.46	188.0
245.126	0.132	fixation	n/a	436.9	103.9	777.0	n/a	n/a	n/a	n/a
245.26	0.026	saccade	n/a	438.9	101.8	n/a	532.1	103.5	3.74	266.0
245.288	0.232	fixation	n/a	528.6	97.8	716.0	n/a	n/a	n/a	n/a
245.522	0.022	saccade	n/a	530.5	95.8	n/a	590.1	93.9	2.37	178.0
245.546	0.122	fixation	n/a	577.8	93.5	681.0	n/a	n/a	n/a	n/a
245.67	0.022	saccade	n/a	578.3	92.9	n/a	636.1	93.6	2.28	168.0
245.694	0.12	fixation	n/a	626.3	95.8	675.0	n/a	n/a	n/a	n/a
245.816	0.074	saccade	n/a	628.0	96.1	n/a	203.2	149.1	16.86	537.0
245.892	0.1	fixation	n/a	192.7	156.7	754.0	n/a	n/a	n/a	n/a
245.994	0.018	saccade	n/a	195.2	159.9	n/a	155.9	159.9	1.54	116.0
246.014	0.28	fixation	n/a	159.3	160.6	819.0	n/a	n/a	n/a	n/a
246.296	0.036	saccade	n/a	156.3	159.6	n/a	222.0	166.8	2.6	285.0
246.334	0.216	fixation	n/a	234.9	165.9	891.0	n/a	n/a	n/a	n/a
246.552	0.024	saccade	n/a	236.6	166.1	n/a	303.0	164.1	2.65	201.0
246.578	0.112	fixation	n/a	291.6	165.4	886.0	n/a	n/a	n/a	n/a
246.692	0.03	saccade	n/a	292.3	166.1	n/a	398.3	167.6	4.26	263.0
246.724	0.234	fixation	n/a	393.2	165.5	844.0	n/a	n/a	n/a	n/a
246.96	0.022	saccade	n/a	397.2	165.3	n/a	445.6	161.7	1.95	162.0
246.984	0.128	fixation	n/a	435.3	162.7	769.0	n/a	n/a	n/a	n/a
247.114	0.036	saccade	n/a	435.5	161.6	n/a	499.1	166.4	2.56	245.0
247.152	0.198	fixation	n/a	506.0	163.0	747.0	n/a	n/a	n/a	n/a
247.352	0.034	saccade	n/a	505.9	163.7	n/a	551.4	168.1	1.83	216.0
247.388	0.272	fixation	n/a	560.7	168.5	749.0	n/a	n/a	n/a	n/a
247.662	0.006	saccade	n/a	558.5	168.9	n/a	550.4	169.3	0.32	51.0
247.67	0.102	fixation	n/a	552.1	168.2	726.0	n/a	n/a	n/a	n/a
247.774	0.022	saccade	n/a	553.8	167.4	n/a	587.5	162.8	1.35	128.0
247.798	0.158	fixation	n/a	579.7	163.1	693.0	n/a	n/a	n/a	n/a
247.958	0.058	saccade	n/a	580.4	163.1	n/a	221.4	212.9	14.36	463.0
248.018	0.108	fixation	n/a	219.0	215.6	720.0	n/a	n/a	n/a	n/a
248.128	0.036	saccade	n/a	218.1	218.3	n/a	162.2	215.5	2.2	260.0
248.166	0.228	fixation	n/a	151.4	221.6	765.0	n/a	n/a	n/a	n/a
248.396	0.04	saccade	n/a	152.0	226.5	n/a	232.7	227.3	3.17	286.0
248.438	0.254	fixation	n/a	245.1	224.1	855.0	n/a	n/a	n/a	n/a
248.694	0.026	saccade	n/a	246.1	223.8	n/a	311.8	226.3	2.62	209.0
248.722	0.276	fixation	n/a	302.4	223.3	839.0	n/a	n/a	n/a	n/a
249.0	0.024	saccade	n/a	305.1	224.5	n/a	372.3	220.9	2.7	181.0
249.026	0.174	fixation	n/a	364.2	221.7	826.0	n/a	n/a	n/a	n/a
249.202	0.036	saccade	n/a	365.5	222.7	n/a	431.9	226.9	2.67	269.0
249.24	0.198	fixation	n/a	442.5	224.8	798.0	n/a	n/a	n/a	n/a
249.44	0.036	saccade	n/a	444.2	225.1	n/a	518.1	233.4	2.98	253.0
249.478	0.188	fixation	n/a	525.5	230.1	727.0	n/a	n/a	n/a	n/a
249.668	0.058	saccade	n/a	527.1	229.2	n/a	173.2	265.3	14.04	445.0
249.728	0.162	fixation	n/a	171.0	268.2	671.0	n/a	n/a	n/a	n/a
249.892	0.014	saccade	n/a	165.6	271.0	n/a	140.5	276.4	1.0	84.0
249.908	0.146	fixation	n/a	146.2	277.6	674.0	n/a	n/a	n/a	n/a
250.056	0.026	saccade	n/a	147.2	280.3	n/a	246.8	289.3	3.91	272.0
250.084	0.218	fixation	n/a	238.1	289.1	751.0	n/a	n/a	n/a	n/a
250.304	0.02	saccade	n/a	237.6	289.7	n/a	294.3	286.6	2.25	172.0
250.326	0.11	fixation	n/a	282.5	288.7	751.0	n/a	n/a	n/a	n/a
250.438	0.04	saccade	n/a	283.2	288.7	n/a	210.3	286.2	2.88	298.0
250.48	0.2	fixation	n/a	197.1	288.7	717.0	n/a	n/a	n/a	n/a
250.682	0.028	saccade	n/a	197.5	288.3	n/a	323.5	291.1	4.98	294.0
250.712	0.198	fixation	n/a	328.5	290.7	731.0	n/a	n/a	n/a	n/a
250.912	0.024	saccade	n/a	330.1	289.0	n/a	419.3	288.1	3.56	265.0
250.938	0.134	fixation	n/a	407.1	288.4	729.0	n/a	n/a	n/a	n/a
251.074	0.02	saccade	n/a	409.0	288.4	n/a	371.2	291.7	1.52	127.0
251.096	0.134	fixation	n/a	379.9	291.0	732.0	n/a	n/a	n/a	n/a
251.232	0.024	saccade	n/a	382.1	291.9	n/a	453.4	285.8	2.86	200.0
251.258	0.21	fixation	n/a	444.5	288.1	688.0	n/a	n/a	n/a	n/a
251.47	0.02	saccade	n/a	450.4	291.0	n/a	497.6	287.0	1.89	152.0
251.492	0.184	fixation	n/a	485.9	287.0	669.0	n/a	n/a	n/a	n/a
251.678	0.026	saccade	n/a	487.9	288.6	n/a	577.7	286.6	3.56	248.0
251.706	0.192	fixation	n/a	568.7	287.9	647.0	n/a	n/a	n/a	n/a
251.9	0.022	saccade	n/a	569.5	288.0	n/a	627.7	286.0	2.28	176.0
251.924	0.154	fixation	n/a	616.5	286.4	644.0	n/a	n/a	n/a	n/a
252.08	0.034	saccade	n/a	617.8	286.2	n/a	544.9	283.5	2.87	294.0
252.116	0.114	fixation	n/a	534.2	285.9	646.0	n/a	n/a	n/a	n/a
252.232	0.026	saccade	n/a	533.1	285.6	n/a	632.8	291.4	3.92	271.0
252.26	0.13	fixation	n/a	624.1	289.3	644.0	n/a	n/a	n/a	n/a
252.392	0.066	saccade	n/a	623.9	288.2	n/a	171.7	349.1	17.76	512.0
252.46	0.234	fixation	n/a	168.5	349.9	709.0	n/a	n/a	n/a	n/a
252.696	0.022	saccade	n/a	168.8	352.3	n/a	220.3	341.3	2.05	181.0
252.72	0.12	fixation	n/a	211.5	343.6	737.0	n/a	n/a	n/a	n/a
252.842	0.036	saccade	n/a	212.7	345.0	n/a	294.7	344.0	3.22	292.0
252.88	0.258	fixation	n/a	305.8	341.0	740.0	n/a	n/a	n/a	n/a
253.14	0.032	saccade	n/a	306.9	340.5	n/a	271.9	339.7	1.38	174.0
253.174	0.106	fixation	n/a	265.6	342.1	746.0	n/a	n/a	n/a	n/a
253.282	0.032	saccade	n/a	263.9	342.2	n/a	410.6	338.6	5.8	363.0
253.316	0.22	fixation	n/a	412.0	338.9	722.0	n/a	n/a	n/a	n/a
253.538	0.04	saccade	n/a	413.4	341.0	n/a	494.9	336.6	3.23	253.0
253.58	0.258	fixation	n/a	506.7	337.6	695.0	n/a	n/a	n/a	n/a
253.84	0.026	saccade	n/a	508.1	338.8	n/a	593.6	344.2	3.37	237.0
253.868	0.142	fixation	n/a	583.8	343.5	654.0	n/a	n/a	n/a	n/a
254.012	0.058	saccade	n/a	586.2	343.0	n/a	197.9	391.2	15.23	463.0
254.072	0.226	fixation	n/a	189.1	401.9	701.0	n/a	n/a	n/a	n/a
254.3	0.026	saccade	n/a	184.9	404.1	n/a	271.9	402.4	3.38	234.0
254.328	0.228	fixation	n/a	258.5	403.1	771.0	n/a	n/a	n/a	n/a
254.434	0.0	trigger_11	11	n/a	n/a	n/a	n/a	n/a	n/a	n/a
254.436	0.0	trigger_10	10	n/a	n/a	n/a	n/a	n/a	n/a	n/a
254.558	0.028	saccade	n/a	256.0	401.5	n/a	380.9	392.9	4.92	343.0
254.588	0.242	fixation	n/a	374.9	391.6	783.0	n/a	n/a	n/a	n/a
254.832	0.022	saccade	n/a	377.5	392.5	n/a	448.6	390.3	2.81	210.0
254.856	0.126	fixation	n/a	437.3	389.9	753.0	n/a	n/a	n/a	n/a
254.984	0.03	saccade	n/a	439.6	388.7	n/a	547.8	391.2	4.25	270.0
255.016	0.242	fixation	n/a	539.9	392.1	716.0	n/a	n/a	n/a	n/a
255.26	0.024	saccade	n/a	540.2	393.4	n/a	605.5	393.0	2.54	183.0
255.286	0.152	fixation	n/a	593.8	395.1	683.0	n/a	n/a	n/a	n/a
255.44	0.022	saccade	n/a	594.7	394.5	n/a	654.5	398.6	2.31	164.0
255.464	0.066	fixation	n/a	645.1	399.1	680.0	n/a	n/a	n/a	n/a
255.532	0.064	saccade	n/a	640.9	398.3	n/a	227.9	462.7	16.11	528.0
255.598	0.14	fixation	n/a	224.4	462.0	736.0	n/a	n/a	n/a	n/a
255.74	0.034	saccade	n/a	223.9	462.9	n/a	184.9	462.9	1.5	197.0
255.776	0.12	fixation	n/a	176.5	468.3	742.0	n/a	n/a	n/a	n/a
255.898	0.038	saccade	n/a	176.0	469.6	n/a	288.5	459.4	4.35	335.0
255.938	0.18	fixation	n/a	300.4	456.5	751.0	n/a	n/a	n/a	n/a
256.12	0.036	saccade	n/a	302.0	456.0	n/a	390.1	451.9	3.44	324.0
256.158	0.136	fixation	n/a	401.2	450.3	752.0	n/a	n/a	n/a	n/a
256.296	0.076	saccade	n/a	403.6	445.8	n/a	319.0	145.6	12.38	351.0
256.374	0.276	fixation	n/a	333.7	109.8	694.0	n/a	n/a	n/a	n/a
256.652	0.046	saccade	n/a	334.8	103.8	n/a	197.1	101.9	5.49	414.0
256.7	0.296	fixation	n/a	176.0	106.2	738.0	n/a	n/a	n/a	n/a
256.998	0.036	saccade	n/a	173.3	108.0	n/a	235.4	104.9	2.46	266.0
257.036	0.236	fixation	n/a	245.7	102.5	827.0	n/a	n/a	n/a	n/a
257.274	0.034	saccade	n/a	246.9	105.3	n/a	297.8	108.8	2.04	221.0
257.31	0.216	fixation	n/a	303.5	107.5	868.0	n/a	n/a	n/a	n/a
257.528	0.022	saccade	n/a	303.9	108.3	n/a	268.3	104.7	1.43	133.0
257.552	0.328	fixation	n/a	272.4	105.4	892.0	n/a	n/a	n/a	n/a
257.714	0.0	trigger_11	11	n/a	n/a	n/a	n/a	n/a	n/a	n/a
257.716	0.0	trigger_20	20	n/a	n/a	n/a	n/a	n/a	n/a	n/a
257.882	0.024	saccade	n/a	268.7	105.5	n/a	336.2	110.5	2.71	207.0
257.908	0.178	fixation	n/a	327.0	111.4	930.0	n/a	n/a	n/a	n/a
258.088	0.036	saccade	n/a	328.6	114.0	n/a	405.2	118.6	3.09	283.0
258.126	0.236	fixation	n/a	413.9	116.2	940.0	n/a	n/a	n/a	n/a
258.364	0.03	saccade	n/a	416.5	115.7	n/a	464.2	118.7	1.92	197.0
258.396	0.164	fixation	n/a	468.7	111.0	866.0	n/a	n/a	n/a	n/a
258.562	0.028	saccade	n/a	469.9	108.6	n/a	561.4	109.3	3.66	251.0
258.592	0.228	fixation	n/a	552.9	109.3	819.0	n/a	n/a	n/a	n/a
258.822	0.024	saccade	n/a	551.6	111.5	n/a	630.0	115.8	3.1	234.0
258.848	0.124	fixation	n/a	619.5	114.8	803.0	n/a	n/a	n/a	n/a
258.974	0.062	saccade	n/a	619.6	114.2	n/a	189.5	161.9	17.04	528.0
259.038	0.186	fixation	n/a	186.0	164.5	815.0	n/a	n/a	n/a	n/a
259.226	0.028	saccade	n/a	183.8	164.8	n/a	162.4	159.7	0.87	155.0
259.256	0.122	fixation	n/a	154.3	164.8	835.0	n/a	n/a	n/a	n/a
259.38	0.042	saccade	n/a	152.6	165.9	n/a	253.8	170.3	4.0	317.0
259.424	0.192	fixation	n/a	266.0	170.0	908.0	n/a	n/a	n/a	n/a
259.618	0.024	saccade	n/a	268.6	169.5	n/a	240.3	98.5	3.1	224.0
259.644	0.458	fixation	n/a	262.0	106.1	857.0	n/a	n/a	n/a	n/a
260.104	0.038	saccade	n/a	263.5	109.9	n/a	204.2	147.2	2.8	319.0
260.144	0.096	fixation	n/a	192.1	161.2	901.0	n/a	n/a	n/a	n/a
