onset	duration	trial_type	value	gaze_x	gaze_y	pupil_size	sacc_endx	sacc_endy	sacc_amplitude	sacc_peakvel
2.014	0.354	blink	n/a	n/a	n/a	n/a	n/a	n/a	n/a	n/a
2.014	0.384	saccade	n/a	0.0	0.0	n/a	254.6	233.3	5400000.0	355.0
2.056	0.0	trigger_103	103	n/a	n/a	n/a	n/a	n/a	n/a	n/a
2.056	0.0	trigger_19	19	n/a	n/a	n/a	n/a	n/a	n/a	n/a
2.066	0.0	trigger_10	10	n/a	n/a	n/a	n/a	n/a	n/a	n/a
2.4	0.176	fixation	n/a	246.5	237.3	1090.0	n/a	n/a	n/a	n/a
2.578	0.046	saccade	n/a	246.1	236.1	n/a	369.2	268.9	5.08	431.0
2.626	0.164	fixation	n/a	385.9	282.3	1013.0	n/a	n/a	n/a	n/a
2.792	0.028	saccade	n/a	389.2	289.4	n/a	405.0	301.1	0.79	129.0
2.822	1.238	fixation	n/a	418.0	330.0	824.0	n/a	n/a	n/a	n/a
4.062	0.006	saccade	n/a	418.6	314.2	n/a	409.4	315.5	0.37	56.0
4.07	0.16	fixation	n/a	408.3	314.1	859.0	n/a	n/a	n/a	n/a
4.232	0.156	saccade	n/a	403.8	315.1	n/a	157.3	145.7	11.88	486.0
4.26	0.074	blink	n/a	n/a	n/a	n/a	n/a	n/a	n/a	n/a
4.39	0.04	fixation	n/a	157.8	150.1	831.0	n/a	n/a	n/a	n/a
4.432	0.022	saccade	n/a	155.6	144.3	n/a	141.6	99.2	1.9	126.0
4.456	0.128	fixation	n/a	142.5	108.3	834.0	n/a	n/a	n/a	n/a
4.586	0.032	saccade	n/a	141.9	107.6	n/a	184.7	99.5	1.71	186.0
4.62	0.17	fixation	n/a	188.9	95.3	862.0	n/a	n/a	n/a	n/a
4.792	0.038	saccade	n/a	188.4	95.9	n/a	265.3	97.2	3.05	306.0
4.832	0.256	fixation	n/a	275.8	96.8	904.0	n/a	n/a	n/a	n/a
5.09	0.024	saccade	n/a	275.4	99.4	n/a	205.9	92.5	2.78	223.0
5.116	0.132	fixation	n/a	217.1	98.6	921.0	n/a	n/a	n/a	n/a
5.25	0.034	saccade	n/a	216.6	100.7	n/a	276.0	103.4	2.37	250.0
5.286	0.152	fixation	n/a	282.6	100.1	911.0	n/a	n/a	n/a	n/a
5.44	0.038	saccade	n/a	283.3	100.5	n/a	357.1	104.3	2.97	284.0
5.48	0.226	fixation	n/a	366.0	102.1	933.0	n/a	n/a	n/a	n/a
5.708	0.038	saccade	n/a	366.1	104.4	n/a	427.0	104.2	2.46	245.0
5.748	0.118	fixation	n/a	438.8	102.8	905.0	n/a	n/a	n/a	n/a
5.868	0.032	saccade	n/a	441.5	101.1	n/a	490.3	100.9	1.96	219.0
5.902	0.1	fixation	n/a	495.8	96.8	829.0	n/a	n/a	n/a	n/a
6.004	0.06	saccade	n/a	497.4	96.1	n/a	185.7	126.6	12.46	495.0
6.066	0.148	fixation	n/a	169.3	130.1	822.0	n/a	n/a	n/a	n/a
6.216	0.034	saccade	n/a	169.9	130.1	n/a	144.6	137.8	1.04	195.0
6.252	0.124	fixation	n/a	133.1	143.4	857.0	n/a	n/a	n/a	n/a
6.378	0.038	saccade	n/a	133.1	144.4	n/a	208.0	152.9	2.96	285.0
6.418	0.224	fixation	n/a	221.7	154.7	946.0	n/a	n/a	n/a	n/a
6.644	0.032	saccade	n/a	224.0	157.0	n/a	265.3	164.9	1.67	213.0
6.678	0.162	fixation	n/a	273.4	163.5	960.0	n/a	n/a	n/a	n/a
6.842	0.036	saccade	n/a	273.9	163.3	n/a	344.5	168.8	2.84	262.0
6.88	0.192	fixation	n/a	353.8	165.3	908.0	n/a	n/a	n/a	n/a
7.074	0.026	saccade	n/a	353.3	165.3	n/a	435.0	165.6	3.28	237.0
7.102	0.212	fixation	n/a	424.9	164.1	891.0	n/a	n/a	n/a	n/a
7.288	0.0	trigger_11	11	n/a	n/a	n/a	n/a	n/a	n/a	n/a
7.294	0.0	trigger_10	10	n/a	n/a	n/a	n/a	n/a	n/a	n/a
7.316	0.032	saccade	n/a	427.4	164.2	n/a	477.1	164.8	2.0	202.0
7.35	0.192	fixation	n/a	482.3	161.2	859.0	n/a	n/a	n/a	n/a
7.544	0.028	saccade	n/a	482.5	160.4	n/a	562.9	159.6	3.21	202.0
7.574	0.198	fixation	n/a	557.3	160.3	806.0	n/a	n/a	n/a	n/a
7.774	0.036	saccade	n/a	558.4	160.9	n/a	611.8	154.5	2.13	175.0
7.812	0.1	fixation	n/a	619.5	152.3	762.0	n/a	n/a	n/a	n/a
7.914	0.062	saccade	n/a	620.0	151.3	n/a	184.4	198.9	17.26	519.0
7.978	0.144	fixation	n/a	180.6	203.1	742.0	n/a	n/a	n/a	n/a
8.124	0.02	saccade	n/a	180.2	204.5	n/a	135.8	203.3	1.74	157.0
8.146	0.144	fixation	n/a	144.3	204.8	761.0	n/a	n/a	n/a	n/a
8.292	0.038	saccade	n/a	145.4	208.0	n/a	229.8	218.4	3.34	307.0
8.332	0.228	fixation	n/a	241.4	218.5	849.0	n/a	n/a	n/a	n/a
8.562	0.028	saccade	n/a	242.7	219.8	n/a	332.1	219.6	3.56	272.0
8.592	0.182	fixation	n/a	324.3	219.3	850.0	n/a	n/a	n/a	n/a
8.776	0.046	saccade	n/a	325.6	220.9	n/a	415.1	219.2	3.59	264.0
8.824	0.18	fixation	n/a	426.7	218.7	790.0	n/a	n/a	n/a	n/a
9.006	0.026	saccade	n/a	428.8	218.9	n/a	526.3	220.0	3.9	291.0
9.034	0.128	fixation	n/a	517.8	220.3	754.0	n/a	n/a	n/a	n/a
9.164	0.04	saccade	n/a	517.9	218.7	n/a	349.1	115.6	7.96	411.0
9.206	0.286	fixation	n/a	340.6	110.3	699.0	n/a	n/a	n/a	n/a
9.494	0.05	saccade	n/a	339.2	110.3	n/a	173.8	89.6	6.63	391.0
9.546	0.2	fixation	n/a	155.9	92.4	759.0	n/a	n/a	n/a	n/a
9.748	0.036	saccade	n/a	155.7	94.3	n/a	211.7	94.8	2.21	245.0
9.786	0.212	fixation	n/a	222.5	92.7	848.0	n/a	n/a	n/a	n/a
10.0	0.028	saccade	n/a	222.3	93.8	n/a	297.2	92.3	2.99	245.0
10.03	0.212	fixation	n/a	292.5	91.4	892.0	n/a	n/a	n/a	n/a
10.154	0.0	trigger_11	11	n/a	n/a	n/a	n/a	n/a	n/a	n/a
10.158	0.0	trigger_10	10	n/a	n/a	n/a	n/a	n/a	n/a	n/a
10.244	0.024	saccade	n/a	293.8	92.1	n/a	350.9	94.9	2.3	172.0
10.27	0.306	fixation	n/a	344.0	93.5	909.0	n/a	n/a	n/a	n/a
10.578	0.022	saccade	n/a	345.9	93.7	n/a	390.5	95.5	1.8	154.0
10.602	0.124	fixation	n/a	380.6	95.5	918.0	n/a	n/a	n/a	n/a
10.728	0.026	saccade	n/a	380.6	94.3	n/a	457.6	98.7	3.1	237.0
10.756	0.16	fixation	n/a	448.6	97.3	913.0	n/a	n/a	n/a	n/a
10.918	0.014	saccade	n/a	452.1	96.7	n/a	479.8	96.4	1.11	102.0
10.934	0.922	fixation	n/a	470.2	103.2	883.0	n/a	n/a	n/a	n/a
11.858	0.018	saccade	n/a	468.2	105.1	n/a	446.3	99.2	0.91	100.0
11.878	0.14	fixation	n/a	452.5	102.1	868.0	n/a	n/a	n/a	n/a
12.02	0.022	saccade	n/a	451.5	102.2	n/a	394.3	98.0	2.31	178.0
12.044	0.316	fixation	n/a	404.6	99.9	889.0	n/a	n/a	n/a	n/a
12.362	0.056	saccade	n/a	406.3	100.8	n/a	174.1	100.5	9.25	458.0
12.42	0.118	fixation	n/a	159.2	104.3	864.0	n/a	n/a	n/a	n/a
12.54	0.036	saccade	n/a	160.4	103.6	n/a	209.0	99.3	1.92	198.0
12.578	0.198	fixation	n/a	216.0	92.3	843.0	n/a	n/a	n/a	n/a
12.778	0.036	saccade	n/a	215.5	93.1	n/a	300.2	93.2	3.38	321.0
12.816	0.18	fixation	n/a	312.2	92.2	833.0	n/a	n/a	n/a	n/a
12.998	0.024	saccade	n/a	313.4	94.0	n/a	386.5	95.9	2.94	221.0
13.024	0.198	fixation	n/a	374.4	99.4	884.0	n/a	n/a	n/a	n/a
13.194	0.0	trigger_11	11	n/a	n/a	n/a	n/a	n/a	n/a	n/a
13.198	0.0	trigger_12	12	n/a	n/a	n/a	n/a	n/a	n/a	n/a
13.224	0.026	saccade	n/a	374.4	101.2	n/a	454.9	101.6	3.24	233.0
13.252	0.198	fixation	n/a	446.6	100.2	897.0	n/a	n/a	n/a	n/a
13.452	0.022	saccade	n/a	447.0	97.5	n/a	478.5	98.8	1.27	132.0
13.476	0.106	fixation	n/a	473.1	97.9	861.0	n/a	n/a	n/a	n/a
13.584	0.048	saccade	n/a	470.2	97.2	n/a	567.9	209.9	6.01	257.0
13.634	0.03	fixation	n/a	579.6	218.1	608.0	n/a	n/a	n/a	n/a
13.666	0.024	saccade	n/a	582.4	206.4	n/a	574.8	144.2	2.53	126.0
13.692	0.134	fixation	n/a	559.6	110.0	811.0	n/a	n/a	n/a	n/a
13.828	0.064	saccade	n/a	556.0	101.8	n/a	216.5	138.3	13.58	481.0
13.894	0.128	fixation	n/a	204.9	141.6	850.0	n/a	n/a	n/a	n/a
14.024	0.034	saccade	n/a	204.4	141.3	n/a	161.3	144.4	1.7	226.0
14.06	0.088	fixation	n/a	150.8	148.6	855.0	n/a	n/a	n/a	n/a
14.15	0.15	saccade	n/a	155.3	152.3	n/a	268.5	195.5	4.79	682.0
14.18	0.068	blink	n/a	n/a	n/a	n/a	n/a	n/a	n/a	n/a
14.302	0.322	fixation	n/a	265.6	164.0	908.0	n/a	n/a	n/a	n/a
14.626	0.034	saccade	n/a	265.2	161.5	n/a	336.2	169.6	2.86	267.0
14.662	0.108	fixation	n/a	341.8	165.0	842.0	n/a	n/a	n/a	n/a
14.772	0.032	saccade	n/a	342.4	164.4	n/a	201.4	88.3	6.41	356.0
14.806	0.142	fixation	n/a	197.8	96.5	783.0	n/a	n/a	n/a	n/a
14.95	0.034	saccade	n/a	195.6	97.3	n/a	150.9	91.7	1.77	228.0
14.986	0.452	fixation	n/a	136.8	96.5	872.0	n/a	n/a	n/a	n/a
15.266	0.0	trigger_13	13	n/a	n/a	n/a	n/a	n/a	n/a	n/a
15.44	0.036	saccade	n/a	136.3	98.4	n/a	206.2	100.2	2.74	281.0
15.478	0.266	fixation	n/a	217.5	96.0	973.0	n/a	n/a	n/a	n/a
15.746	0.044	saccade	n/a	218.6	96.1	n/a	307.9	103.4	3.58	249.0
15.792	0.246	fixation	n/a	323.7	105.1	996.0	n/a	n/a	n/a	n/a
16.04	0.024	saccade	n/a	325.3	106.7	n/a	373.1	107.1	1.92	168.0
16.066	0.222	fixation	n/a	363.5	106.8	968.0	n/a	n/a	n/a	n/a
16.29	0.024	saccade	n/a	363.7	106.5	n/a	432.3	105.3	2.77	203.0
16.316	0.15	fixation	n/a	421.9	106.6	972.0	n/a	n/a	n/a	n/a
16.468	0.034	saccade	n/a	421.9	107.1	n/a	467.9	111.8	1.86	229.0
16.504	0.168	fixation	n/a	480.2	108.3	962.0	n/a	n/a	n/a	n/a
16.674	0.058	saccade	n/a	479.5	108.4	n/a	255.7	98.1	8.96	422.0
16.734	0.228	fixation	n/a	237.3	101.1	910.0	n/a	n/a	n/a	n/a
16.964	0.028	saccade	n/a	236.9	101.6	n/a	339.4	104.2	4.1	296.0
16.994	0.496	fixation	n/a	330.8	108.7	962.0	n/a	n/a	n/a	n/a
17.492	0.052	saccade	n/a	330.1	113.6	n/a	181.0	98.2	5.96	406.0
17.546	0.168	fixation	n/a	173.0	98.5	1010.0	n/a	n/a	n/a	n/a
17.716	0.028	saccade	n/a	173.4	99.6	n/a	283.3	106.6	4.37	314.0
17.746	0.096	fixation	n/a	278.9	105.6	1028.0	n/a	n/a	n/a	n/a
17.844	0.048	saccade	n/a	280.2	106.0	n/a	411.8	107.6	5.29	342.0
17.894	0.12	fixation	n/a	430.2	107.4	1041.0	n/a	n/a	n/a	n/a
18.016	0.04	saccade	n/a	430.5	108.9	n/a	510.3	107.3	3.21	314.0
18.058	0.17	fixation	n/a	523.3	105.7	1019.0	n/a	n/a	n/a	n/a
18.23	0.022	saccade	n/a	524.6	104.6	n/a	583.7	105.8	2.36	195.0
18.254	0.242	fixation	n/a	575.6	103.4	970.0	n/a	n/a	n/a	n/a
18.498	0.034	saccade	n/a	578.7	102.1	n/a	628.2	100.6	1.95	196.0
18.534	0.102	fixation	n/a	636.9	99.2	910.0	n/a	n/a	n/a	n/a
18.638	0.028	saccade	n/a	637.5	102.8	n/a	582.0	216.3	5.07	355.0
18.668	0.078	fixation	n/a	581.8	216.5	955.0	n/a	n/a	n/a	n/a
18.748	0.234	saccade	n/a	576.1	218.5	n/a	528.9	280.9	3.13	765.0
18.776	0.148	blink	n/a	n/a	n/a	n/a	n/a	n/a	n/a	n/a
18.984	0.33	fixation	n/a	518.2	224.5	966.0	n/a	n/a	n/a	n/a
19.316	0.046	saccade	n/a	515.6	225.1	n/a	574.1	432.7	8.52	362.0
19.364	0.28	fixation	n/a	578.9	441.6	856.0	n/a	n/a	n/a	n/a
19.646	0.278	saccade	n/a	580.1	447.3	n/a	382.8	240.7	11.25	421.0
19.74	0.132	blink	n/a	n/a	n/a	n/a	n/a	n/a	n/a	n/a
19.926	0.184	fixation	n/a	379.5	223.4	864.0	n/a	n/a	n/a	n/a
20.112	0.034	saccade	n/a	378.6	219.6	n/a	426.1	232.9	1.98	230.0
20.148	0.18	fixation	n/a	430.8	229.5	938.0	n/a	n/a	n/a	n/a
20.33	0.034	saccade	n/a	429.5	227.8	n/a	471.7	232.2	1.7	220.0
20.366	0.158	fixation	n/a	478.3	233.3	963.0	n/a	n/a	n/a	n/a
20.394	0.0	trigger_15	15	n/a	n/a	n/a	n/a	n/a	n/a	n/a
20.4	0.0	trigger_10	10	n/a	n/a	n/a	n/a	n/a	n/a	n/a
20.526	0.034	saccade	n/a	477.0	232.1	n/a	513.5	237.4	1.47	184.0
20.562	0.16	fixation	n/a	520.7	237.4	951.0	n/a	n/a	n/a	n/a
20.724	0.046	saccade	n/a	520.3	238.1	n/a	640.2	242.6	4.73	303.0
20.772	0.162	fixation	n/a	656.1	241.9	879.0	n/a	n/a	n/a	n/a
20.936	0.046	saccade	n/a	657.2	241.2	n/a	533.7	235.7	4.87	422.0
20.984	0.104	fixation	n/a	519.1	236.6	866.0	n/a	n/a	n/a	n/a
21.09	0.224	saccade	n/a	512.6	242.6	n/a	500.9	267.2	1.1	684.0
21.116	0.136	blink	n/a	n/a	n/a	n/a	n/a	n/a	n/a	n/a
21.316	0.264	fixation	n/a	495.3	230.8	890.0	n/a	n/a	n/a	n/a
21.582	0.02	saccade	n/a	496.4	227.4	n/a	514.3	233.5	0.76	91.0
21.604	0.566	fixation	n/a	510.6	231.4	859.0	n/a	n/a	n/a	n/a
22.172	0.03	saccade	n/a	508.0	226.8	n/a	484.9	223.0	0.93	164.0
22.204	0.44	fixation	n/a	478.2	225.5	915.0	n/a	n/a	n/a	n/a
22.646	0.062	saccade	n/a	478.7	222.3	n/a	227.2	150.7	10.43	464.0
22.71	0.054	fixation	n/a	216.1	152.9	921.0	n/a	n/a	n/a	n/a
22.766	0.036	saccade	n/a	214.4	152.4	n/a	182.1	112.5	2.06	236.0
22.804	0.076	fixation	n/a	173.7	110.9	863.0	n/a	n/a	n/a	n/a
22.882	0.008	saccade	n/a	168.5	107.5	n/a	164.4	100.1	0.34	42.0
22.892	0.182	fixation	n/a	171.4	103.0	820.0	n/a	n/a	n/a	n/a
23.076	0.036	saccade	n/a	172.5	102.8	n/a	244.6	102.4	2.86	254.0
23.114	0.28	fixation	n/a	255.2	98.4	871.0	n/a	n/a	n/a	n/a
23.396	0.036	saccade	n/a	254.3	99.0	n/a	318.4	109.0	2.6	294.0
23.434	0.154	fixation	n/a	330.7	109.7	964.0	n/a	n/a	n/a	n/a
23.59	0.044	saccade	n/a	331.5	113.1	n/a	433.9	118.5	4.13	298.0
23.636	0.274	fixation	n/a	447.4	115.5	1025.0	n/a	n/a	n/a	n/a
23.912	0.024	saccade	n/a	446.5	115.7	n/a	507.6	116.4	2.45	197.0
23.938	0.194	fixation	n/a	497.0	115.1	973.0	n/a	n/a	n/a	n/a
24.134	0.036	saccade	n/a	497.4	115.8	n/a	566.5	120.2	2.76	234.0
24.172	0.148	fixation	n/a	571.7	114.0	900.0	n/a	n/a	n/a	n/a
24.322	0.064	saccade	n/a	572.2	111.9	n/a	230.0	144.1	13.64	497.0
24.388	0.134	fixation	n/a	217.0	147.0	857.0	n/a	n/a	n/a	n/a
24.524	0.092	saccade	n/a	222.8	150.3	n/a	540.8	114.9	12.73	380.0
24.618	0.176	fixation	n/a	549.7	116.5	852.0	n/a	n/a	n/a	n/a
24.796	0.116	saccade	n/a	549.9	119.7	n/a	172.5	160.9	15.01	545.0
24.914	0.152	fixation	n/a	159.9	165.2	856.0	n/a	n/a	n/a	n/a
25.068	0.03	saccade	n/a	159.6	166.0	n/a	138.0	165.7	0.84	155.0
25.1	0.114	fixation	n/a	130.0	169.5	867.0	n/a	n/a	n/a	n/a
25.216	0.038	saccade	n/a	129.0	169.7	n/a	211.7	179.4	3.27	316.0
25.256	0.198	fixation	n/a	226.7	175.6	943.0	n/a	n/a	n/a	n/a
25.456	0.036	saccade	n/a	229.1	176.1	n/a	295.5	177.7	2.65	276.0
25.494	0.2	fixation	n/a	307.0	172.6	945.0	n/a	n/a	n/a	n/a
25.696	0.038	saccade	n/a	308.4	169.9	n/a	376.4	175.3	2.74	265.0
25.736	0.206	fixation	n/a	387.1	171.7	900.0	n/a	n/a	n/a	n/a
25.944	0.022	saccade	n/a	386.3	171.3	n/a	447.5	170.9	2.46	193.0
25.968	0.194	fixation	n/a	434.2	171.3	846.0	n/a	n/a	n/a	n/a
26.164	0.038	saccade	n/a	434.9	174.4	n/a	510.1	174.1	3.01	284.0
26.204	0.16	fixation	n/a	521.2	174.7	834.0	n/a	n/a	n/a	n/a
26.366	0.064	saccade	n/a	521.1	174.3	n/a	195.1	219.0	13.06	514.0
26.432	0.252	fixation	n/a	178.5	220.7	858.0	n/a	n/a	n/a	n/a
26.686	0.038	saccade	n/a	178.7	222.7	n/a	259.9	229.4	3.22	311.0
26.726	0.21	fixation	n/a	272.1	228.8	911.0	n/a	n/a	n/a	n/a
26.938	0.034	saccade	n/a	272.4	231.5	n/a	317.9	231.4	1.82	210.0
26.974	0.104	fixation	n/a	324.8	227.9	936.0	n/a	n/a	n/a	n/a
27.08	0.16	saccade	n/a	328.0	232.9	n/a	456.7	271.1	5.37	890.0
27.106	0.082	blink	n/a	n/a	n/a	n/a	n/a	n/a	n/a	n/a
27.242	0.234	fixation	n/a	447.5	228.9	877.0	n/a	n/a	n/a	n/a
27.478	0.036	saccade	n/a	447.2	226.3	n/a	511.1	229.6	2.56	270.0
27.516	0.22	fixation	n/a	524.3	230.1	839.0	n/a	n/a	n/a	n/a
27.738	0.032	saccade	n/a	526.6	232.7	n/a	569.9	234.9	1.72	199.0
27.772	0.102	fixation	n/a	577.6	230.4	766.0	n/a	n/a	n/a	n/a
27.876	0.032	saccade	n/a	579.1	231.8	n/a	548.3	226.6	1.24	204.0
27.91	0.106	fixation	n/a	536.5	232.6	774.0	n/a	n/a	n/a	n/a
28.018	0.038	saccade	n/a	536.1	234.2	n/a	602.6	234.2	2.63	281.0
28.058	0.136	fixation	n/a	613.7	233.2	794.0	n/a	n/a	n/a	n/a
28.196	0.072	saccade	n/a	611.9	230.7	n/a	200.2	277.0	16.25	527.0
28.27	0.144	fixation	n/a	186.7	283.3	870.0	n/a	n/a	n/a	n/a
28.416	0.032	saccade	n/a	186.2	284.4	n/a	159.0	284.7	1.06	172.0
28.45	0.164	fixation	n/a	148.8	287.2	906.0	n/a	n/a	n/a	n/a
28.616	0.038	saccade	n/a	147.2	287.0	n/a	220.1	284.5	2.85	308.0
28.626	0.0	trigger_11	11	n/a	n/a	n/a	n/a	n/a	n/a	n/a
28.638	0.0	trigger_10	10	n/a	n/a	n/a	n/a	n/a	n/a	n/a
28.656	0.216	fixation	n/a	233.3	280.8	967.0	n/a	n/a	n/a	n/a
28.874	0.038	saccade	n/a	232.9	281.0	n/a	292.8	275.8	2.39	245.0
28.914	0.62	fixation	n/a	304.2	277.1	925.0	n/a	n/a	n/a	n/a
29.536	0.024	saccade	n/a	308.3	282.4	n/a	379.4	277.7	2.84	226.0
29.562	0.308	fixation	n/a	372.6	282.0	847.0	n/a	n/a	n/a	n/a
29.872	0.024	saccade	n/a	373.9	283.8	n/a	452.4	280.0	3.14	234.0
29.898	0.246	fixation	n/a	443.2	280.9	815.0	n/a	n/a	n/a	n/a
30.146	0.022	saccade	n/a	445.2	283.3	n/a	516.3	283.8	2.83	213.0
30.17	0.116	fixation	n/a	509.0	282.5	793.0	n/a	n/a	n/a	n/a
30.288	0.044	saccade	n/a	508.1	280.8	n/a	323.2	142.1	9.29	448.0
30.334	0.132	fixation	n/a	313.6	128.5	748.0	n/a	n/a	n/a	n/a
30.468	0.016	saccade	n/a	311.4	125.1	n/a	288.7	103.4	1.27	105.0
30.486	0.382	fixation	n/a	291.8	110.3	756.0	n/a	n/a	n/a	n/a
30.87	0.046	saccade	n/a	289.9	111.9	n/a	167.6	109.5	4.84	349.0
30.918	0.14	fixation	n/a	149.2	112.6	861.0	n/a	n/a	n/a	n/a
31.06	0.032	saccade	n/a	148.9	113.0	n/a	206.6	110.0	2.27	240.0
31.094	0.176	fixation	n/a	212.2	106.5	843.0	n/a	n/a	n/a	n/a
31.272	0.04	saccade	n/a	212.7	106.8	n/a	316.6	111.2	4.15	362.0
31.314	0.272	fixation	n/a	333.6	112.7	870.0	n/a	n/a	n/a	n/a
31.588	0.026	saccade	n/a	335.9	115.5	n/a	415.6	113.5	3.21	252.0
31.616	0.198	fixation	n/a	406.4	111.7	894.0	n/a	n/a	n/a	n/a
31.816	0.026	saccade	n/a	406.0	109.1	n/a	482.9	107.8	3.1	222.0
31.844	0.182	fixation	n/a	472.8	105.2	841.0	n/a	n/a	n/a	n/a
32.028	0.024	saccade	n/a	475.4	101.0	n/a	543.8	104.5	2.74	200.0
32.054	0.182	fixation	n/a	538.6	99.5	779.0	n/a	n/a	n/a	n/a
32.238	0.03	saccade	n/a	540.4	96.1	n/a	570.1	101.3	1.2	167.0
32.27	0.136	fixation	n/a	576.7	97.4	749.0	n/a	n/a	n/a	n/a
32.408	0.068	saccade	n/a	577.4	98.4	n/a	172.8	150.3	16.1	509.0
32.478	0.384	fixation	n/a	159.9	158.0	800.0	n/a	n/a	n/a	n/a
32.864	0.034	saccade	n/a	160.2	159.1	n/a	228.7	166.9	2.72	285.0
32.9	0.174	fixation	n/a	240.6	164.1	856.0	n/a	n/a	n/a	n/a
33.002	0.0	trigger_11	11	n/a	n/a	n/a	n/a	n/a	n/a	n/a
33.006	0.0	trigger_10	10	n/a	n/a	n/a	n/a	n/a	n/a	n/a
33.076	0.028	saccade	n/a	242.4	163.8	n/a	354.3	170.8	4.49	307.0
33.106	0.244	fixation	n/a	347.5	169.3	843.0	n/a	n/a	n/a	n/a
33.352	0.024	saccade	n/a	348.4	168.5	n/a	424.6	176.9	3.08	246.0
33.378	0.128	fixation	n/a	413.7	175.7	843.0	n/a	n/a	n/a	n/a
33.508	0.038	saccade	n/a	415.2	174.5	n/a	224.0	121.5	7.95	459.0
33.548	0.276	fixation	n/a	222.1	116.3	801.0	n/a	n/a	n/a	n/a
33.826	0.036	saccade	n/a	222.4	116.8	n/a	302.1	108.3	3.2	269.0
33.864	0.172	fixation	n/a	312.0	104.0	796.0	n/a	n/a	n/a	n/a
34.038	0.04	saccade	n/a	313.1	104.3	n/a	409.1	101.7	3.86	305.0
34.08	0.368	fixation	n/a	424.5	98.2	775.0	n/a	n/a	n/a	n/a
34.45	0.04	saccade	n/a	426.1	101.1	n/a	458.6	143.6	2.17	239.0
34.492	0.186	fixation	n/a	463.2	157.6	821.0	n/a	n/a	n/a	n/a
34.68	0.032	saccade	n/a	463.2	160.3	n/a	296.0	166.6	6.71	409.0
34.714	0.488	fixation	n/a	294.9	176.8	816.0	n/a	n/a	n/a	n/a
35.204	0.036	saccade	n/a	291.8	172.8	n/a	194.4	119.4	4.44	302.0
35.242	0.26	fixation	n/a	196.4	112.5	768.0	n/a	n/a	n/a	n/a
35.354	0.0	trigger_11	11	n/a	n/a	n/a	n/a	n/a	n/a	n/a
35.358	0.0	trigger_12	12	n/a	n/a	n/a	n/a	n/a	n/a	n/a
35.504	0.024	saccade	n/a	196.4	112.2	n/a	266.8	99.6	2.85	215.0
35.53	0.272	fixation	n/a	260.6	102.8	788.0	n/a	n/a	n/a	n/a
35.804	0.02	saccade	n/a	262.1	102.7	n/a	324.1	99.3	2.49	208.0
35.826	0.218	fixation	n/a	313.9	100.2	768.0	n/a	n/a	n/a	n/a
36.046	0.032	saccade	n/a	315.2	101.0	n/a	359.3	100.5	1.77	210.0
36.08	0.198	fixation	n/a	367.6	97.7	786.0	n/a	n/a	n/a	n/a
36.28	0.026	saccade	n/a	369.3	98.3	n/a	464.2	101.5	3.82	273.0
36.308	0.208	fixation	n/a	454.0	101.0	786.0	n/a	n/a	n/a	n/a
36.518	0.028	saccade	n/a	455.4	101.3	n/a	546.3	100.5	3.64	260.0
36.548	0.14	fixation	n/a	537.7	97.9	751.0	n/a	n/a	n/a	n/a
36.69	0.032	saccade	n/a	538.9	96.2	n/a	587.3	104.0	1.95	208.0
36.724	0.076	fixation	n/a	592.3	99.5	730.0	n/a	n/a	n/a	n/a
36.794	0.0	trigger_13	13	n/a	n/a	n/a	n/a	n/a	n/a	n/a
36.802	0.068	saccade	n/a	593.4	98.7	n/a	191.3	155.5	16.03	502.0
36.872	0.152	fixation	n/a	180.2	161.2	744.0	n/a	n/a	n/a	n/a
37.026	0.028	saccade	n/a	179.1	160.8	n/a	159.7	152.9	0.83	144.0
37.056	0.122	fixation	n/a	152.2	156.5	761.0	n/a	n/a	n/a	n/a
37.18	0.026	saccade	n/a	150.5	156.5	n/a	230.4	119.6	3.48	245.0
37.208	0.396	fixation	n/a	227.1	109.9	803.0	n/a	n/a	n/a	n/a
37.606	0.036	saccade	n/a	226.1	110.9	n/a	185.7	100.1	1.66	229.0
37.644	0.122	fixation	n/a	174.1	100.9	845.0	n/a	n/a	n/a	n/a
37.768	0.036	saccade	n/a	174.3	101.2	n/a	231.1	102.0	2.25	237.0
37.806	0.22	fixation	n/a	241.6	99.8	804.0	n/a	n/a	n/a	n/a
38.028	0.032	saccade	n/a	241.7	99.5	n/a	306.3	101.0	2.58	257.0
38.062	0.262	fixation	n/a	312.3	98.0	772.0	n/a	n/a	n/a	n/a
38.326	0.034	saccade	n/a	311.5	98.7	n/a	365.1	100.1	2.16	242.0
38.362	0.212	fixation	n/a	373.4	97.4	769.0	n/a	n/a	n/a	n/a
38.576	0.048	saccade	n/a	373.8	98.0	n/a	224.5	100.5	5.97	395.0
38.626	0.462	fixation	n/a	206.9	106.7	780.0	n/a	n/a	n/a	n/a
39.09	0.034	saccade	n/a	205.9	108.2	n/a	273.0	106.0	2.67	284.0
39.126	0.104	fixation	n/a	281.8	102.1	830.0	n/a	n/a	n/a	n/a
39.232	0.04	saccade	n/a	282.6	102.4	n/a	372.1	103.7	3.59	311.0
39.274	0.248	fixation	n/a	382.3	105.6	841.0	n/a	n/a	n/a	n/a
39.524	0.052	saccade	n/a	381.6	109.7	n/a	450.9	195.3	4.46	339.0
39.578	0.302	fixation	n/a	456.1	212.3	928.0	n/a	n/a	n/a	n/a
39.882	0.21	saccade	n/a	451.4	215.0	n/a	380.7	274.6	3.72	783.0
39.908	0.128	blink	n/a	n/a	n/a	n/a	n/a	n/a	n/a	n/a
40.094	0.76	fixation	n/a	375.9	234.5	848.0	n/a	n/a	n/a	n/a
40.314	0.0	trigger_15	15	n/a	n/a	n/a	n/a	n/a	n/a	n/a
40.318	0.0	trigger_10	10	n/a	n/a	n/a	n/a	n/a	n/a	n/a
40.856	0.024	saccade	n/a	375.7	235.3	n/a	439.9	228.1	2.59	199.0
40.882	0.396	fixation	n/a	430.3	231.9	836.0	n/a	n/a	n/a	n/a
41.28	0.022	saccade	n/a	431.5	232.1	n/a	485.1	226.9	2.16	161.0
41.304	0.292	fixation	n/a	476.6	228.3	830.0	n/a	n/a	n/a	n/a
41.598	0.204	saccade	n/a	472.7	233.6	n/a	453.4	253.1	1.1	766.0
41.626	0.126	blink	n/a	n/a	n/a	n/a	n/a	n/a	n/a	n/a
41.804	0.166	fixation	n/a	447.8	234.1	808.0	n/a	n/a	n/a	n/a
41.972	0.016	saccade	n/a	450.9	231.4	n/a	467.6	223.1	0.75	78.0
41.99	0.532	fixation	n/a	464.2	228.5	764.0	n/a	n/a	n/a	n/a
42.524	0.032	saccade	n/a	465.0	228.6	n/a	324.6	116.3	7.25	443.0
42.558	0.094	fixation	n/a	312.0	110.7	693.0	n/a	n/a	n/a	n/a
42.654	0.026	saccade	n/a	308.0	110.5	n/a	214.8	85.6	3.86	279.0
42.682	0.148	fixation	n/a	210.8	94.8	711.0	n/a	n/a	n/a	n/a
42.832	0.032	saccade	n/a	208.4	96.8	n/a	173.6	94.5	1.38	216.0
42.866	0.344	fixation	n/a	158.1	101.8	784.0	n/a	n/a	n/a	n/a
42.988	0.0	trigger_11	11	n/a	n/a	n/a	n/a	n/a	n/a	n/a
42.992	0.0	trigger_10	10	n/a	n/a	n/a	n/a	n/a	n/a	n/a
43.212	0.026	saccade	n/a	154.6	103.7	n/a	131.4	100.8	0.91	136.0
43.24	0.198	fixation	n/a	127.8	105.9	892.0	n/a	n/a	n/a	n/a
43.44	0.036	saccade	n/a	126.8	104.5	n/a	196.2	107.2	2.72	284.0
43.478	0.19	fixation	n/a	209.0	101.5	904.0	n/a	n/a	n/a	n/a
43.67	0.024	saccade	n/a	211.3	101.1	n/a	284.9	97.5	2.94	207.0
43.696	0.206	fixation	n/a	278.0	98.3	900.0	n/a	n/a	n/a	n/a
43.904	0.028	saccade	n/a	279.1	96.9	n/a	370.6	106.9	3.7	252.0
43.934	0.196	fixation	n/a	360.1	102.2	859.0	n/a	n/a	n/a	n/a
44.132	0.036	saccade	n/a	361.5	100.3	n/a	430.5	102.3	2.78	254.0
44.17	0.158	fixation	n/a	440.4	101.4	826.0	n/a	n/a	n/a	n/a
44.33	0.026	saccade	n/a	441.0	102.4	n/a	531.6	101.0	3.64	255.0
44.358	0.286	fixation	n/a	527.2	100.0	784.0	n/a	n/a	n/a	n/a
44.646	0.03	saccade	n/a	528.4	100.6	n/a	560.9	99.7	1.3	147.0
44.678	0.09	fixation	n/a	565.2	94.3	735.0	n/a	n/a	n/a	n/a
44.77	0.042	saccade	n/a	565.5	92.9	n/a	319.6	95.5	9.82	433.0
44.814	0.186	fixation	n/a	311.3	96.2	731.0	n/a	n/a	n/a	n/a
45.002	0.032	saccade	n/a	308.8	95.8	n/a	271.1	95.8	1.51	171.0
45.036	0.178	fixation	n/a	262.0	99.4	754.0	n/a	n/a	n/a	n/a
45.216	0.04	saccade	n/a	257.7	101.4	n/a	175.4	96.6	3.27	306.0
45.258	0.254	fixation	n/a	160.1	100.2	801.0	n/a	n/a	n/a	n/a
45.514	0.034	saccade	n/a	160.2	101.4	n/a	226.9	102.2	2.63	236.0
45.55	0.23	fixation	n/a	232.3	98.6	785.0	n/a	n/a	n/a	n/a
45.782	0.022	saccade	n/a	232.0	97.7	n/a	187.8	96.2	1.75	128.0
45.806	0.12	fixation	n/a	196.6	97.4	763.0	n/a	n/a	n/a	n/a
45.928	0.044	saccade	n/a	196.2	97.1	n/a	322.9	95.6	5.05	361.0
45.974	0.196	fixation	n/a	338.6	96.3	761.0	n/a	n/a	n/a	n/a
46.172	0.028	saccade	n/a	340.0	97.3	n/a	420.6	94.2	3.25	248.0
46.202	0.154	fixation	n/a	414.6	93.2	759.0	n/a	n/a	n/a	n/a
46.358	0.026	saccade	n/a	417.2	91.9	n/a	505.3	91.0	3.54	258.0
46.386	0.24	fixation	n/a	496.3	90.6	696.0	n/a	n/a	n/a	n/a
46.628	0.024	saccade	n/a	495.9	91.8	n/a	551.8	92.2	2.24	175.0
46.654	0.106	fixation	n/a	542.5	93.2	652.0	n/a	n/a	n/a	n/a
46.762	0.07	saccade	n/a	537.5	92.2	n/a	172.2	153.9	14.65	442.0
46.834	0.26	fixation	n/a	158.5	159.1	673.0	n/a	n/a	n/a	n/a
47.096	0.036	saccade	n/a	158.9	158.6	n/a	221.9	155.7	2.49	235.0
47.134	0.236	fixation	n/a	232.0	152.5	733.0	n/a	n/a	n/a	n/a
47.284	0.0	trigger_11	11	n/a	n/a	n/a	n/a	n/a	n/a	n/a
47.294	0.0	trigger_10	10	n/a	n/a	n/a	n/a	n/a	n/a	n/a
47.372	0.026	saccade	n/a	234.8	153.3	n/a	328.9	159.2	3.76	273.0
47.4	0.21	fixation	n/a	323.7	160.2	727.0	n/a	n/a	n/a	n/a
47.612	0.024	saccade	n/a	325.2	157.6	n/a	403.0	158.5	3.13	226.0
47.638	0.174	fixation	n/a	400.2	161.4	714.0	n/a	n/a	n/a	n/a
47.814	0.026	saccade	n/a	402.9	162.3	n/a	476.7	164.2	2.97	207.0
47.842	0.142	fixation	n/a	470.5	164.8	713.0	n/a	n/a	n/a	n/a
47.986	0.022	saccade	n/a	471.2	163.5	n/a	525.7	158.9	2.19	159.0
48.01	0.206	fixation	n/a	517.7	159.1	673.0	n/a	n/a	n/a	n/a
48.218	0.022	saccade	n/a	519.2	157.1	n/a	590.4	152.6	2.84	211.0
48.242	0.24	fixation	n/a	591.0	157.2	649.0	n/a	n/a	n/a	n/a
48.484	0.022	saccade	n/a	591.8	157.5	n/a	662.8	153.4	2.79	202.0
48.508	0.14	fixation	n/a	654.3	154.1	620.0	n/a	n/a	n/a	n/a
48.65	0.066	saccade	n/a	655.0	154.4	n/a	169.9	203.2	19.09	494.0
48.718	0.178	fixation	n/a	169.6	204.6	661.0	n/a	n/a	n/a	n/a
48.898	0.022	saccade	n/a	168.8	205.3	n/a	137.9	206.0	1.21	123.0
48.922	0.21	fixation	n/a	140.0	207.4	717.0	n/a	n/a	n/a	n/a
49.134	0.028	saccade	n/a	136.9	206.7	n/a	173.9	98.7	4.57	284.0
49.164	0.37	fixation	n/a	173.8	97.0	724.0	n/a	n/a	n/a	n/a
49.536	0.03	saccade	n/a	174.7	98.3	n/a	147.0	94.9	1.09	168.0
49.568	0.22	fixation	n/a	138.7	99.6	771.0	n/a	n/a	n/a	n/a
49.79	0.032	saccade	n/a	137.5	101.6	n/a	266.2	102.6	5.08	318.0
49.824	0.228	fixation	n/a	263.8	101.4	816.0	n/a	n/a	n/a	n/a
50.054	0.016	saccade	n/a	263.4	101.8	n/a	239.2	105.5	0.98	80.0
50.072	0.092	fixation	n/a	247.5	102.9	839.0	n/a	n/a	n/a	n/a
50.166	0.026	saccade	n/a	248.9	102.8	n/a	337.7	102.0	3.55	251.0
50.194	0.2	fixation	n/a	328.7	102.4	837.0	n/a	n/a	n/a	n/a
50.396	0.034	saccade	n/a	329.6	102.8	n/a	396.6	108.0	2.7	281.0
50.432	0.434	fixation	n/a	408.3	104.4	816.0	n/a	n/a	n/a	n/a
50.868	0.026	saccade	n/a	410.9	100.1	n/a	334.3	91.0	3.1	214.0
50.896	0.234	fixation	n/a	342.3	95.5	757.0	n/a	n/a	n/a	n/a
51.132	0.026	saccade	n/a	342.5	95.8	n/a	422.6	100.7	3.23	248.0
51.16	0.184	fixation	n/a	413.8	99.3	760.0	n/a	n/a	n/a	n/a
51.346	0.024	saccade	n/a	412.9	100.4	n/a	483.1	100.1	2.82	206.0
51.372	0.208	fixation	n/a	475.2	101.6	764.0	n/a	n/a	n/a	n/a
51.452	0.0	trigger_11	11	n/a	n/a	n/a	n/a	n/a	n/a	n/a
51.458	0.0	trigger_10	10	n/a	n/a	n/a	n/a	n/a	n/a	n/a
51.582	0.028	saccade	n/a	476.7	103.2	n/a	556.3	103.5	3.18	198.0
51.612	0.186	fixation	n/a	549.7	97.7	721.0	n/a	n/a	n/a	n/a
51.8	0.018	saccade	n/a	551.0	95.1	n/a	588.2	93.8	1.48	126.0
51.82	0.102	fixation	n/a	581.1	93.9	689.0	n/a	n/a	n/a	n/a
51.924	0.068	saccade	n/a	577.2	93.4	n/a	215.6	142.8	14.49	493.0
51.994	0.16	fixation	n/a	203.0	147.1	702.0	n/a	n/a	n/a	n/a
52.156	0.03	saccade	n/a	201.1	145.8	n/a	177.5	145.4	0.93	149.0
52.188	0.366	fixation	n/a	168.4	150.9	725.0	n/a	n/a	n/a	n/a
52.556	0.034	saccade	n/a	168.1	152.8	n/a	137.3	150.8	1.21	194.0
52.592	0.088	fixation	n/a	128.4	153.4	740.0	n/a	n/a	n/a	n/a
52.682	0.034	saccade	n/a	127.9	154.0	n/a	191.5	155.1	2.49	252.0
52.718	0.302	fixation	n/a	198.4	154.0	756.0	n/a	n/a	n/a	n/a
53.022	0.022	saccade	n/a	200.6	156.3	n/a	233.4	157.0	1.3	135.0
53.046	0.168	fixation	n/a	228.5	158.0	774.0	n/a	n/a	n/a	n/a
53.216	0.034	saccade	n/a	229.6	159.8	n/a	289.7	168.4	2.42	228.0
53.252	0.14	fixation	n/a	297.1	166.2	803.0	n/a	n/a	n/a	n/a
53.394	0.022	saccade	n/a	298.9	163.3	n/a	285.0	101.7	2.57	176.0
53.418	0.26	fixation	n/a	280.7	101.0	781.0	n/a	n/a	n/a	n/a
53.68	0.04	saccade	n/a	280.2	101.7	n/a	183.8	100.2	3.83	380.0
53.722	0.272	fixation	n/a	166.0	106.6	825.0	n/a	n/a	n/a	n/a
53.996	0.03	saccade	n/a	168.0	109.6	n/a	215.2	111.7	1.86	201.0
54.028	0.134	fixation	n/a	221.0	108.9	886.0	n/a	n/a	n/a	n/a
54.164	0.026	saccade	n/a	223.4	109.1	n/a	306.7	105.9	3.33	224.0
54.192	0.248	fixation	n/a	299.1	103.9	848.0	n/a	n/a	n/a	n/a
54.442	0.026	saccade	n/a	300.2	102.9	n/a	376.7	106.5	3.08	208.0
54.47	0.236	fixation	n/a	368.6	103.7	795.0	n/a	n/a	n/a	n/a
54.708	0.024	saccade	n/a	367.8	101.8	n/a	449.2	104.0	3.28	237.0
54.734	0.2	fixation	n/a	448.9	101.7	726.0	n/a	n/a	n/a	n/a
54.936	0.024	saccade	n/a	449.8	99.1	n/a	522.6	94.5	2.93	220.0
54.962	0.188	fixation	n/a	515.8	94.4	706.0	n/a	n/a	n/a	n/a
55.152	0.02	saccade	n/a	516.5	94.5	n/a	563.2	93.4	1.86	154.0
55.174	0.078	fixation	n/a	553.7	94.4	710.0	n/a	n/a	n/a	n/a
55.254	0.058	saccade	n/a	555.0	94.1	n/a	174.4	149.8	15.24	502.0
55.314	0.26	fixation	n/a	175.0	152.0	735.0	n/a	n/a	n/a	n/a
55.576	0.02	saccade	n/a	174.9	153.8	n/a	144.4	157.8	1.21	114.0
55.598	0.122	fixation	n/a	149.8	158.8	757.0	n/a	n/a	n/a	n/a
55.722	0.04	saccade	n/a	148.4	161.4	n/a	234.1	163.0	3.37	295.0
55.764	0.25	fixation	n/a	248.3	163.0	763.0	n/a	n/a	n/a	n/a
56.016	0.024	saccade	n/a	249.6	161.6	n/a	318.4	157.0	2.76	213.0
56.042	0.18	fixation	n/a	311.9	158.0	710.0	n/a	n/a	n/a	n/a
56.224	0.028	saccade	n/a	312.4	154.5	n/a	398.2	158.9	3.46	195.0
56.254	0.168	fixation	n/a	388.0	157.3	674.0	n/a	n/a	n/a	n/a
56.424	0.03	saccade	n/a	386.7	157.6	n/a	353.5	149.3	1.38	176.0
56.456	0.096	fixation	n/a	345.2	151.9	655.0	n/a	n/a	n/a	n/a
56.554	0.024	saccade	n/a	344.5	151.0	n/a	433.4	154.1	3.58	263.0
56.58	0.224	fixation	n/a	429.2	154.9	642.0	n/a	n/a	n/a	n/a
56.806	0.04	saccade	n/a	430.6	157.6	n/a	547.0	159.4	4.67	278.0
56.848	0.154	fixation	n/a	545.3	159.6	641.0	n/a	n/a	n/a	n/a
57.004	0.024	saccade	n/a	546.2	158.8	n/a	612.5	154.3	2.63	193.0
57.03	0.132	fixation	n/a	606.9	155.2	611.0	n/a	n/a	n/a	n/a
57.164	0.072	saccade	n/a	607.0	151.7	n/a	201.8	199.9	16.1	445.0
57.238	0.32	fixation	n/a	193.6	203.0	612.0	n/a	n/a	n/a	n/a
57.56	0.036	saccade	n/a	194.0	204.2	n/a	280.0	217.5	3.45	296.0
57.598	0.218	fixation	n/a	290.1	215.7	665.0	n/a	n/a	n/a	n/a
57.818	0.02	saccade	n/a	291.9	215.3	n/a	338.8	216.9	1.88	157.0
57.84	0.104	fixation	n/a	329.1	216.5	663.0	n/a	n/a	n/a	n/a
57.946	0.028	saccade	n/a	329.6	212.9	n/a	275.5	115.4	4.52	284.0
57.976	0.308	fixation	n/a	282.6	103.6	618.0	n/a	n/a	n/a	n/a
58.092	0.0	trigger_11	11	n/a	n/a	n/a	n/a	n/a	n/a	n/a
58.096	0.0	trigger_12	12	n/a	n/a	n/a	n/a	n/a	n/a	n/a
58.286	0.024	saccade	n/a	279.5	104.3	n/a	194.3	94.0	3.41	272.0
58.312	0.174	fixation	n/a	199.0	97.8	625.0	n/a	n/a	n/a	n/a
58.488	0.032	saccade	n/a	199.1	99.1	n/a	387.1	93.5	7.51	403.0
58.522	0.218	fixation	n/a	400.2	93.4	647.0	n/a	n/a	n/a	n/a
58.742	0.032	saccade	n/a	401.9	94.5	n/a	365.5	92.9	1.47	187.0
58.776	0.126	fixation	n/a	357.6	95.2	643.0	n/a	n/a	n/a	n/a
58.904	0.04	saccade	n/a	357.6	94.5	n/a	457.6	93.1	4.02	304.0
58.946	0.196	fixation	n/a	469.8	93.3	622.0	n/a	n/a	n/a	n/a
59.144	0.036	saccade	n/a	470.7	93.3	n/a	539.7	93.0	2.76	252.0
59.182	0.13	fixation	n/a	549.9	91.2	612.0	n/a	n/a	n/a	n/a
59.314	0.064	saccade	n/a	550.7	92.1	n/a	220.6	129.2	13.21	471.0
59.38	0.12	fixation	n/a	208.4	134.4	634.0	n/a	n/a	n/a	n/a
59.502	0.034	saccade	n/a	208.2	135.9	n/a	164.4	143.1	1.75	220.0
59.538	0.162	fixation	n/a	153.5	147.8	630.0	n/a	n/a	n/a	n/a
59.702	0.048	saccade	n/a	155.2	149.0	n/a	325.9	151.8	6.76	379.0
59.752	0.176	fixation	n/a	345.6	152.3	649.0	n/a	n/a	n/a	n/a
59.93	0.036	saccade	n/a	347.3	159.9	n/a	309.4	204.3	2.36	249.0
59.968	0.102	fixation	n/a	297.7	212.1	681.0	n/a	n/a	n/a	n/a
60.072	0.036	saccade	n/a	296.7	211.4	n/a	296.6	98.2	4.6	263.0
60.11	0.222	fixation	n/a	289.6	98.8	640.0	n/a	n/a	n/a	n/a
60.334	0.038	saccade	n/a	288.8	100.6	n/a	187.9	92.7	4.02	331.0
60.374	0.142	fixation	n/a	176.5	94.1	634.0	n/a	n/a	n/a	n/a
60.518	0.03	saccade	n/a	176.4	94.5	n/a	154.1	88.8	0.9	157.0
60.55	0.294	fixation	n/a	145.4	95.3	668.0	n/a	n/a	n/a	n/a
60.846	0.018	saccade	n/a	147.1	97.8	n/a	185.9	95.8	1.52	124.0
60.866	0.144	fixation	n/a	177.8	97.6	663.0	n/a	n/a	n/a	n/a
61.012	0.032	saccade	n/a	176.9	98.1	n/a	149.4	92.5	1.1	170.0
61.046	0.302	fixation	n/a	140.9	96.9	696.0	n/a	n/a	n/a	n/a
61.35	0.022	saccade	n/a	143.3	97.0	n/a	188.0	98.2	1.75	155.0
61.374	0.094	fixation	n/a	179.7	98.6	713.0	n/a	n/a	n/a	n/a
61.47	0.19	saccade	n/a	191.6	104.5	n/a	255.4	176.2	3.86	635.0
61.492	0.116	blink	n/a	n/a	n/a	n/a	n/a	n/a	n/a	n/a
61.662	0.222	fixation	n/a	262.3	114.5	718.0	n/a	n/a	n/a	n/a
61.886	0.026	saccade	n/a	264.9	108.6	n/a	360.6	99.5	3.86	276.0
61.914	0.216	fixation	n/a	352.2	101.5	709.0	n/a	n/a	n/a	n/a
62.132	0.022	saccade	n/a	353.0	102.4	n/a	419.6	97.0	2.69	204.0
62.156	0.27	fixation	n/a	414.3	99.8	642.0	n/a	n/a	n/a	n/a
62.428	0.024	saccade	n/a	417.0	101.3	n/a	488.9	97.1	2.9	200.0
62.438	0.0	trigger_13	13	n/a	n/a	n/a	n/a	n/a	n/a	n/a
62.454	0.142	fixation	n/a	482.7	98.1	632.0	n/a	n/a	n/a	n/a
62.598	0.03	saccade	n/a	482.0	99.0	n/a	455.9	95.4	1.06	162.0
62.63	0.222	fixation	n/a	447.2	98.3	662.0	n/a	n/a	n/a	n/a
62.854	0.022	saccade	n/a	445.5	99.0	n/a	500.8	98.0	2.23	192.0
62.878	0.172	fixation	n/a	491.3	100.1	710.0	n/a	n/a	n/a	n/a
63.052	0.026	saccade	n/a	490.8	105.2	n/a	559.8	109.5	2.77	202.0
63.08	0.164	fixation	n/a	548.3	110.2	789.0	n/a	n/a	n/a	n/a
63.246	0.024	saccade	n/a	547.9	109.4	n/a	603.9	111.9	2.22	182.0
63.272	0.104	fixation	n/a	592.0	111.3	797.0	n/a	n/a	n/a	n/a
63.378	0.07	saccade	n/a	591.3	110.1	n/a	209.0	143.3	15.17	486.0
63.45	0.114	fixation	n/a	194.7	147.9	776.0	n/a	n/a	n/a	n/a
63.566	0.034	saccade	n/a	194.2	146.7	n/a	154.0	149.8	1.58	222.0
63.602	0.296	fixation	n/a	141.0	155.1	791.0	n/a	n/a	n/a	n/a
63.9	0.026	saccade	n/a	139.6	151.8	n/a	136.9	81.2	2.84	196.0
63.928	0.238	fixation	n/a	141.8	85.7	798.0	n/a	n/a	n/a	n/a
64.168	0.014	saccade	n/a	142.5	87.5	n/a	165.1	92.6	0.91	75.0
64.184	0.66	fixation	n/a	159.3	95.9	801.0	n/a	n/a	n/a	n/a
64.742	0.0	trigger_15	15	n/a	n/a	n/a	n/a	n/a	n/a	n/a
64.752	0.0	trigger_10	10	n/a	n/a	n/a	n/a	n/a	n/a	n/a
64.846	0.026	saccade	n/a	159.7	96.0	n/a	273.4	97.6	4.5	320.0
64.874	0.272	fixation	n/a	267.7	101.4	806.0	n/a	n/a	n/a	n/a
65.148	0.024	saccade	n/a	266.8	103.2	n/a	358.4	95.4	3.69	280.0
65.174	0.722	fixation	n/a	354.7	104.2	912.0	n/a	n/a	n/a	n/a
65.898	0.262	saccade	n/a	360.5	112.7	n/a	316.8	310.0	8.16	868.0
65.962	0.144	blink	n/a	n/a	n/a	n/a	n/a	n/a	n/a	n/a
66.162	0.35	fixation	n/a	303.8	227.1	1028.0	n/a	n/a	n/a	n/a
66.514	0.024	saccade	n/a	302.5	215.6	n/a	366.5	223.3	2.58	201.0
66.54	0.422	fixation	n/a	357.4	223.3	875.0	n/a	n/a	n/a	n/a
66.964	0.03	saccade	n/a	362.4	222.0	n/a	240.1	129.2	6.18	408.0
66.996	0.072	fixation	n/a	239.0	126.5	756.0	n/a	n/a	n/a	n/a
67.07	0.034	saccade	n/a	235.1	123.6	n/a	194.9	96.8	1.93	209.0
67.106	0.128	fixation	n/a	186.1	97.6	728.0	n/a	n/a	n/a	n/a
67.236	0.034	saccade	n/a	185.3	97.1	n/a	156.1	97.9	1.15	160.0
67.272	0.18	fixation	n/a	146.9	100.7	715.0	n/a	n/a	n/a	n/a
67.454	0.04	saccade	n/a	146.3	102.2	n/a	256.1	104.9	4.33	325.0
67.496	0.22	fixation	n/a	268.1	105.2	791.0	n/a	n/a	n/a	n/a
67.718	0.034	saccade	n/a	269.7	105.2	n/a	327.2	106.6	2.31	237.0
67.754	0.248	fixation	n/a	337.0	103.8	838.0	n/a	n/a	n/a	n/a
68.004	0.034	saccade	n/a	339.8	104.7	n/a	299.6	96.3	1.65	213.0
68.04	0.07	fixation	n/a	292.3	99.2	830.0	n/a	n/a	n/a	n/a
68.112	0.034	saccade	n/a	292.0	99.1	n/a	418.7	106.6	5.1	292.0
68.148	0.184	fixation	n/a	416.9	95.9	762.0	n/a	n/a	n/a	n/a
68.334	0.03	saccade	n/a	417.7	95.2	n/a	520.5	96.4	4.13	253.0
68.366	0.22	fixation	n/a	516.4	93.5	711.0	n/a	n/a	n/a	n/a
68.588	0.02	saccade	n/a	517.4	92.5	n/a	568.9	88.0	2.06	176.0
68.61	0.132	fixation	n/a	561.0	89.6	662.0	n/a	n/a	n/a	n/a
68.744	0.026	saccade	n/a	564.1	90.0	n/a	636.2	90.3	2.84	174.0
68.772	0.184	fixation	n/a	633.6	91.3	647.0	n/a	n/a	n/a	n/a
68.958	0.066	saccade	n/a	634.6	91.6	n/a	187.3	149.7	17.73	494.0
69.026	0.14	fixation	n/a	185.7	151.0	689.0	n/a	n/a	n/a	n/a
69.168	0.03	saccade	n/a	184.8	149.9	n/a	156.0	147.9	1.13	189.0
69.2	0.152	fixation	n/a	146.2	151.6	696.0	n/a	n/a	n/a	n/a
69.354	0.028	saccade	n/a	144.9	152.1	n/a	260.8	147.2	4.58	300.0
69.384	0.266	fixation	n/a	252.1	148.9	740.0	n/a	n/a	n/a	n/a
69.652	0.026	saccade	n/a	252.7	151.7	n/a	345.0	159.2	3.7	256.0
69.68	0.35	fixation	n/a	332.6	155.6	742.0	n/a	n/a	n/a	n/a
70.032	0.022	saccade	n/a	330.4	150.9	n/a	377.5	153.2	1.9	157.0
70.056	0.134	fixation	n/a	368.0	150.5	668.0	n/a	n/a	n/a	n/a
70.192	0.028	saccade	n/a	368.4	148.4	n/a	478.3	152.1	4.43	314.0
70.206	0.0	trigger_11	11	n/a	n/a	n/a	n/a	n/a	n/a	n/a
70.212	0.0	trigger_10	10	n/a	n/a	n/a	n/a	n/a	n/a	n/a
70.222	0.264	fixation	n/a	476.1	152.6	631.0	n/a	n/a	n/a	n/a
70.488	0.024	saccade	n/a	477.2	150.7	n/a	565.1	149.1	3.51	258.0
70.514	0.152	fixation	n/a	561.2	149.6	603.0	n/a	n/a	n/a	n/a
70.668	0.058	saccade	n/a	561.7	149.3	n/a	187.9	207.6	14.96	460.0
70.728	0.146	fixation	n/a	183.1	214.0	609.0	n/a	n/a	n/a	n/a
70.876	0.028	saccade	n/a	183.3	214.4	n/a	162.8	207.4	0.85	141.0
70.906	0.13	fixation	n/a	155.4	212.1	614.0	n/a	n/a	n/a	n/a
71.038	0.028	saccade	n/a	154.9	212.8	n/a	274.3	208.9	4.71	323.0
71.068	0.222	fixation	n/a	270.3	211.2	639.0	n/a	n/a	n/a	n/a
71.292	0.024	saccade	n/a	272.1	213.4	n/a	338.3	211.3	2.65	198.0
71.318	0.154	fixation	n/a	330.3	213.6	643.0	n/a	n/a	n/a	n/a
71.474	0.024	saccade	n/a	331.1	211.0	n/a	416.9	215.1	3.45	246.0
71.5	0.262	fixation	n/a	408.4	215.5	619.0	n/a	n/a	n/a	n/a
71.764	0.024	saccade	n/a	409.0	217.3	n/a	471.6	215.4	2.51	187.0
71.79	0.172	fixation	n/a	462.8	216.1	600.0	n/a	n/a	n/a	n/a
71.964	0.018	saccade	n/a	463.8	215.3	n/a	503.5	202.5	1.67	137.0
71.984	0.02	fixation	n/a	495.3	200.9	585.0	n/a	n/a	n/a	n/a
72.006	0.03	saccade	n/a	493.8	201.1	n/a	406.0	109.0	5.15	308.0
72.038	0.368	fixation	n/a	393.0	108.5	556.0	n/a	n/a	n/a	n/a
72.408	0.052	saccade	n/a	387.7	109.0	n/a	169.2	91.0	8.72	390.0
72.462	0.244	fixation	n/a	154.7	94.2	590.0	n/a	n/a	n/a	n/a
72.708	0.024	saccade	n/a	156.3	94.2	n/a	239.1	92.6	3.27	234.0
72.734	0.434	fixation	n/a	237.3	96.8	592.0	n/a	n/a	n/a	n/a
73.17	0.014	saccade	n/a	236.3	97.3	n/a	211.7	99.1	0.98	83.0
73.186	0.17	fixation	n/a	217.3	98.1	612.0	n/a	n/a	n/a	n/a
73.358	0.03	saccade	n/a	217.2	99.7	n/a	341.7	98.7	4.97	305.0
73.39	0.168	fixation	n/a	340.2	98.1	608.0	n/a	n/a	n/a	n/a
73.56	0.02	saccade	n/a	340.6	97.6	n/a	308.5	95.3	1.29	126.0
73.582	0.284	fixation	n/a	315.1	97.1	601.0	n/a	n/a	n/a	n/a
73.868	0.024	saccade	n/a	315.1	96.6	n/a	399.0	89.1	3.39	242.0
73.894	0.238	fixation	n/a	401.5	94.1	588.0	n/a	n/a	n/a	n/a
74.134	0.026	saccade	n/a	402.5	94.4	n/a	495.1	91.5	3.73	248.0
74.162	0.114	fixation	n/a	492.8	92.8	576.0	n/a	n/a	n/a	n/a
74.278	0.03	saccade	n/a	492.7	93.5	n/a	460.7	90.7	1.29	170.0
74.31	0.256	fixation	n/a	451.5	93.2	555.0	n/a	n/a	n/a	n/a
74.568	0.026	saccade	n/a	451.8	92.3	n/a	533.4	90.6	3.27	203.0
74.596	0.392	fixation	n/a	530.3	90.0	551.0	n/a	n/a	n/a	n/a
74.99	0.022	saccade	n/a	532.0	89.9	n/a	593.6	85.7	2.46	185.0
75.014	0.198	fixation	n/a	587.2	89.0	577.0	n/a	n/a	n/a	n/a
75.214	0.056	saccade	n/a	588.3	89.9	n/a	208.2	141.9	15.17	438.0
75.272	0.156	fixation	n/a	188.1	148.5	640.0	n/a	n/a	n/a	n/a
75.43	0.022	saccade	n/a	187.6	149.0	n/a	135.2	150.7	2.05	163.0
75.454	0.126	fixation	n/a	146.6	151.8	653.0	n/a	n/a	n/a	n/a
75.582	0.028	saccade	n/a	146.3	152.9	n/a	256.4	148.8	4.35	294.0
75.612	0.5	fixation	n/a	251.1	153.2	659.0	n/a	n/a	n/a	n/a
76.114	0.022	saccade	n/a	254.1	154.9	n/a	296.0	150.9	1.68	151.0
76.138	0.288	fixation	n/a	289.4	150.9	617.0	n/a	n/a	n/a	n/a
76.428	0.022	saccade	n/a	289.7	150.7	n/a	350.7	147.4	2.45	169.0
76.452	0.154	fixation	n/a	342.7	148.7	609.0	n/a	n/a	n/a	n/a
76.608	0.034	saccade	n/a	345.2	148.4	n/a	429.8	151.4	3.41	170.0
76.644	0.148	fixation	n/a	424.7	148.9	587.0	n/a	n/a	n/a	n/a
76.662	0.0	trigger_11	11	n/a	n/a	n/a	n/a	n/a	n/a	n/a
76.666	0.0	trigger_10	10	n/a	n/a	n/a	n/a	n/a	n/a	n/a
76.794	0.022	saccade	n/a	423.8	149.5	n/a	381.5	146.1	1.71	150.0
76.818	0.132	fixation	n/a	389.0	147.6	580.0	n/a	n/a	n/a	n/a
76.952	0.026	saccade	n/a	388.0	147.9	n/a	480.2	145.8	3.71	267.0
76.98	0.274	fixation	n/a	474.2	146.8	559.0	n/a	n/a	n/a	n/a
77.256	0.024	saccade	n/a	474.8	149.5	n/a	555.0	144.3	3.21	212.0
77.282	0.216	fixation	n/a	565.3	145.0	548.0	n/a	n/a	n/a	n/a
77.5	0.02	saccade	n/a	567.7	144.6	n/a	612.9	140.5	1.79	129.0
77.522	0.134	fixation	n/a	606.4	140.8	537.0	n/a	n/a	n/a	n/a
77.658	0.018	saccade	n/a	609.7	139.6	n/a	648.3	140.6	1.51	128.0
77.678	0.084	fixation	n/a	640.8	141.6	541.0	n/a	n/a	n/a	n/a
77.764	0.064	saccade	n/a	640.5	142.7	n/a	189.7	214.1	17.94	504.0
77.83	0.124	fixation	n/a	187.3	217.2	588.0	n/a	n/a	n/a	n/a
77.956	0.03	saccade	n/a	185.1	217.2	n/a	154.0	207.0	1.28	176.0
77.988	0.274	fixation	n/a	146.4	212.2	627.0	n/a	n/a	n/a	n/a
78.264	0.032	saccade	n/a	145.3	212.3	n/a	202.6	209.5	2.25	249.0
78.298	0.196	fixation	n/a	210.9	205.8	638.0	n/a	n/a	n/a	n/a
78.496	0.024	saccade	n/a	213.3	204.0	n/a	210.4	122.6	3.29	222.0
78.522	0.4	fixation	n/a	225.9	109.0	665.0	n/a	n/a	n/a	n/a
78.924	0.022	saccade	n/a	225.0	112.1	n/a	166.6	95.1	2.4	191.0
78.948	0.136	fixation	n/a	180.8	99.0	741.0	n/a	n/a	n/a	n/a
79.086	0.042	saccade	n/a	180.2	100.1	n/a	273.3	98.7	3.69	300.0
79.13	0.18	fixation	n/a	284.8	97.3	758.0	n/a	n/a	n/a	n/a
79.312	0.04	saccade	n/a	284.9	98.3	n/a	367.8	98.9	3.33	257.0
79.354	0.234	fixation	n/a	380.1	95.4	716.0	n/a	n/a	n/a	n/a
79.59	0.03	saccade	n/a	382.8	94.5	n/a	494.4	94.0	4.49	271.0
79.622	0.272	fixation	n/a	491.0	92.3	641.0	n/a	n/a	n/a	n/a
79.896	0.02	saccade	n/a	493.6	91.8	n/a	532.3	91.0	1.55	118.0
79.918	0.156	fixation	n/a	524.4	91.3	603.0	n/a	n/a	n/a	n/a
80.076	0.024	saccade	n/a	524.7	91.6	n/a	592.9	92.0	2.71	202.0
80.102	0.078	fixation	n/a	582.5	92.4	588.0	n/a	n/a	n/a	n/a
80.182	0.058	saccade	n/a	581.2	93.4	n/a	198.2	145.0	15.31	460.0
80.242	0.182	fixation	n/a	194.3	150.2	616.0	n/a	n/a	n/a	n/a
80.426	0.022	saccade	n/a	190.5	151.4	n/a	151.6	149.4	1.53	136.0
80.45	0.3	fixation	n/a	154.8	152.5	671.0	n/a	n/a	n/a	n/a
80.752	0.024	saccade	n/a	152.2	153.7	n/a	220.0	151.5	2.67	210.0
80.778	0.236	fixation	n/a	209.1	152.9	729.0	n/a	n/a	n/a	n/a
81.016	0.032	saccade	n/a	210.9	152.1	n/a	278.7	159.5	2.71	237.0
81.05	0.352	fixation	n/a	282.8	156.4	742.0	n/a	n/a	n/a	n/a
81.404	0.012	saccade	n/a	286.4	158.2	n/a	307.6	159.5	0.85	80.0
81.418	0.07	fixation	n/a	301.6	160.0	755.0	n/a	n/a	n/a	n/a
81.49	0.038	saccade	n/a	302.8	159.3	n/a	452.7	116.3	6.27	335.0
81.53	0.204	fixation	n/a	457.0	105.9	711.0	n/a	n/a	n/a	n/a
81.736	0.022	saccade	n/a	457.3	105.4	n/a	505.2	94.6	1.97	153.0
81.76	0.214	fixation	n/a	492.6	96.3	710.0	n/a	n/a	n/a	n/a
81.894	0.0	trigger_11	11	n/a	n/a	n/a	n/a	n/a	n/a	n/a
81.9	0.0	trigger_10	10	n/a	n/a	n/a	n/a	n/a	n/a	n/a
81.976	0.054	saccade	n/a	491.5	98.0	n/a	287.0	158.5	8.56	399.0
82.032	0.26	fixation	n/a	271.1	163.4	742.0	n/a	n/a	n/a	n/a
82.294	0.022	saccade	n/a	270.4	162.1	n/a	319.7	150.4	2.03	163.0
82.318	0.34	fixation	n/a	310.7	153.6	735.0	n/a	n/a	n/a	n/a
82.66	0.02	saccade	n/a	309.8	154.8	n/a	282.5	148.0	1.13	111.0
82.682	0.414	fixation	n/a	287.7	151.4	727.0	n/a	n/a	n/a	n/a
83.098	0.018	saccade	n/a	290.0	153.9	n/a	314.5	154.1	0.98	104.0
83.118	0.14	fixation	n/a	309.6	155.2	738.0	n/a	n/a	n/a	n/a
83.26	0.05	saccade	n/a	309.5	155.7	n/a	518.6	115.1	8.54	293.0
83.312	0.212	fixation	n/a	536.8	101.0	707.0	n/a	n/a	n/a	n/a
83.526	0.054	saccade	n/a	538.5	101.4	n/a	291.1	96.6	9.88	474.0
83.582	0.2	fixation	n/a	276.8	100.3	686.0	n/a	n/a	n/a	n/a
83.784	0.026	saccade	n/a	276.7	100.4	n/a	177.9	90.0	3.94	284.0
83.812	0.13	fixation	n/a	187.9	94.3	683.0	n/a	n/a	n/a	n/a
83.944	0.038	saccade	n/a	186.8	95.3	n/a	275.7	98.8	3.53	305.0
83.984	0.24	fixation	n/a	287.4	98.2	751.0	n/a	n/a	n/a	n/a
84.226	0.048	saccade	n/a	288.3	98.9	n/a	175.0	98.8	4.5	369.0
84.276	0.21	fixation	n/a	162.3	100.8	781.0	n/a	n/a	n/a	n/a
84.488	0.036	saccade	n/a	162.9	102.0	n/a	234.5	103.4	2.83	257.0
84.526	0.11	fixation	n/a	244.5	100.3	754.0	n/a	n/a	n/a	n/a
84.638	0.044	saccade	n/a	244.3	101.0	n/a	448.7	105.5	8.19	395.0
84.684	0.138	fixation	n/a	449.0	104.1	750.0	n/a	n/a	n/a	n/a
84.824	0.028	saccade	n/a	449.9	104.9	n/a	548.1	98.9	3.94	271.0
84.854	0.18	fixation	n/a	541.1	97.5	720.0	n/a	n/a	n/a	n/a
85.036	0.03	saccade	n/a	539.3	98.6	n/a	507.7	92.4	1.29	180.0
85.068	0.06	fixation	n/a	500.8	95.4	710.0	n/a	n/a	n/a	n/a
85.13	0.026	saccade	n/a	499.1	94.0	n/a	592.8	93.5	3.73	268.0
85.15	0.0	trigger_11	11	n/a	n/a	n/a	n/a	n/a	n/a	n/a
85.158	0.0	trigger_10	10	n/a	n/a	n/a	n/a	n/a	n/a	n/a
85.158	0.158	fixation	n/a	585.9	91.6	655.0	n/a	n/a	n/a	n/a
85.318	0.016	saccade	n/a	588.2	90.8	n/a	626.8	92.7	1.52	122.0
85.336	0.042	fixation	n/a	617.3	94.3	644.0	n/a	n/a	n/a	n/a
85.38	0.07	saccade	n/a	617.3	94.7	n/a	218.6	134.7	15.84	529.0
85.452	0.12	fixation	n/a	205.6	139.4	674.0	n/a	n/a	n/a	n/a
85.574	0.034	saccade	n/a	203.9	141.1	n/a	158.1	150.6	1.84	230.0
85.61	0.236	fixation	n/a	147.4	154.2	695.0	n/a	n/a	n/a	n/a
85.848	0.036	saccade	n/a	148.0	156.0	n/a	207.6	155.3	2.34	241.0
85.886	0.146	fixation	n/a	216.1	152.0	739.0	n/a	n/a	n/a	n/a
86.034	0.044	saccade	n/a	216.1	152.3	n/a	338.2	154.9	4.88	352.0
86.08	0.222	fixation	n/a	349.8	152.5	723.0	n/a	n/a	n/a	n/a
86.304	0.028	saccade	n/a	351.2	152.6	n/a	458.4	159.0	4.31	294.0
86.334	0.248	fixation	n/a	458.1	158.2	722.0	n/a	n/a	n/a	n/a
86.584	0.022	saccade	n/a	459.2	157.5	n/a	528.1	158.9	2.76	216.0
86.608	0.168	fixation	n/a	530.4	157.9	682.0	n/a	n/a	n/a	n/a
86.778	0.034	saccade	n/a	531.2	155.6	n/a	349.5	98.1	7.66	412.0
86.814	0.592	fixation	n/a	294.5	96.8	688.0	n/a	n/a	n/a	n/a
87.408	0.04	saccade	n/a	286.3	100.0	n/a	209.8	91.2	3.06	295.0
87.45	0.282	fixation	n/a	193.3	95.4	811.0	n/a	n/a	n/a	n/a
87.734	0.044	saccade	n/a	193.4	97.1	n/a	314.2	99.1	4.81	320.0
87.78	0.168	fixation	n/a	328.5	97.2	774.0	n/a	n/a	n/a	n/a
87.95	0.024	saccade	n/a	329.3	96.9	n/a	405.8	92.5	3.08	224.0
87.976	0.154	fixation	n/a	396.6	92.4	760.0	n/a	n/a	n/a	n/a
88.132	0.034	saccade	n/a	397.8	91.3	n/a	472.0	95.6	2.99	252.0
88.168	0.16	fixation	n/a	479.6	93.4	780.0	n/a	n/a	n/a	n/a
88.33	0.026	saccade	n/a	480.9	94.7	n/a	565.5	90.9	3.38	237.0
88.358	0.178	fixation	n/a	559.5	89.7	739.0	n/a	n/a	n/a	n/a
88.538	0.012	saccade	n/a	563.0	87.1	n/a	582.9	85.0	0.8	72.0
88.552	0.094	fixation	n/a	579.3	87.7	670.0	n/a	n/a	n/a	n/a
88.648	0.066	saccade	n/a	579.5	88.2	n/a	187.7	135.5	15.6	455.0
88.716	0.146	fixation	n/a	188.1	141.0	660.0	n/a	n/a	n/a	n/a
88.84	0.0	trigger_11	11	n/a	n/a	n/a	n/a	n/a	n/a	n/a
88.844	0.0	trigger_10	10	n/a	n/a	n/a	n/a	n/a	n/a	n/a
88.864	0.03	saccade	n/a	187.1	142.6	n/a	159.3	143.7	1.09	170.0
88.896	0.178	fixation	n/a	149.8	148.8	674.0	n/a	n/a	n/a	n/a
89.076	0.026	saccade	n/a	148.7	150.2	n/a	236.7	149.4	3.46	244.0
89.104	0.156	fixation	n/a	226.6	151.5	713.0	n/a	n/a	n/a	n/a
89.262	0.034	saccade	n/a	229.1	151.2	n/a	294.1	152.8	2.59	260.0
89.298	0.184	fixation	n/a	302.9	147.9	691.0	n/a	n/a	n/a	n/a
89.484	0.034	saccade	n/a	304.7	146.4	n/a	383.3	154.3	3.18	282.0
89.52	0.226	fixation	n/a	390.4	150.5	646.0	n/a	n/a	n/a	n/a
89.748	0.028	saccade	n/a	390.6	150.7	n/a	477.2	157.0	3.49	219.0
89.778	0.23	fixation	n/a	467.6	155.5	620.0	n/a	n/a	n/a	n/a
90.01	0.026	saccade	n/a	468.7	151.1	n/a	564.2	150.3	3.81	254.0
90.038	0.21	fixation	n/a	565.1	151.3	588.0	n/a	n/a	n/a	n/a
90.25	0.06	saccade	n/a	564.9	152.0	n/a	168.8	188.7	15.7	437.0
90.312	0.12	fixation	n/a	164.6	190.8	608.0	n/a	n/a	n/a	n/a
90.434	0.03	saccade	n/a	163.2	191.9	n/a	130.5	198.8	1.3	163.0
90.466	0.104	fixation	n/a	125.0	201.6	624.0	n/a	n/a	n/a	n/a
90.572	0.026	saccade	n/a	124.6	200.4	n/a	155.4	105.4	4.0	260.0
90.6	0.23	fixation	n/a	168.2	90.3	624.0	n/a	n/a	n/a	n/a
90.832	0.024	saccade	n/a	171.9	91.6	n/a	246.3	91.6	2.94	222.0
90.858	0.252	fixation	n/a	233.5	94.0	687.0	n/a	n/a	n/a	n/a
91.112	0.036	saccade	n/a	232.6	94.6	n/a	188.0	89.3	1.78	204.0
91.15	0.16	fixation	n/a	177.4	90.1	717.0	n/a	n/a	n/a	n/a
91.312	0.028	saccade	n/a	178.0	90.2	n/a	295.4	94.8	4.67	319.0
91.342	0.194	fixation	n/a	290.5	94.0	714.0	n/a	n/a	n/a	n/a
91.538	0.026	saccade	n/a	293.3	94.6	n/a	375.9	90.9	3.32	228.0
91.566	0.202	fixation	n/a	370.0	93.4	691.0	n/a	n/a	n/a	n/a
91.77	0.024	saccade	n/a	372.6	92.9	n/a	436.3	92.2	2.57	156.0
91.796	0.268	fixation	n/a	430.5	93.0	654.0	n/a	n/a	n/a	n/a
92.066	0.018	saccade	n/a	433.0	92.9	n/a	481.8	91.2	1.97	150.0
92.086	0.128	fixation	n/a	501.3	91.3	626.0	n/a	n/a	n/a	n/a
92.216	0.024	saccade	n/a	504.4	90.7	n/a	572.6	86.4	2.72	191.0
92.242	0.172	fixation	n/a	566.4	88.0	607.0	n/a	n/a	n/a	n/a
92.416	0.016	saccade	n/a	568.1	86.8	n/a	599.5	88.4	1.25	100.0
92.434	0.08	fixation	n/a	592.5	89.3	601.0	n/a	n/a	n/a	n/a
92.516	0.064	saccade	n/a	592.4	90.0	n/a	181.8	137.5	16.31	462.0
92.536	0.0	trigger_11	11	n/a	n/a	n/a	n/a	n/a	n/a	n/a
92.54	0.0	trigger_10	10	n/a	n/a	n/a	n/a	n/a	n/a	n/a
92.582	0.236	fixation	n/a	180.0	141.6	619.0	n/a	n/a	n/a	n/a
92.82	0.028	saccade	n/a	179.3	142.8	n/a	281.3	144.6	4.05	273.0
92.85	0.276	fixation	n/a	278.2	145.5	636.0	n/a	n/a	n/a	n/a
93.128	0.034	saccade	n/a	277.7	145.4	n/a	345.8	148.3	2.73	254.0
93.164	0.222	fixation	n/a	352.0	144.9	644.0	n/a	n/a	n/a	n/a
93.388	0.036	saccade	n/a	353.1	144.4	n/a	430.8	149.8	3.13	276.0
93.426	0.296	fixation	n/a	441.3	145.5	603.0	n/a	n/a	n/a	n/a
93.724	0.018	saccade	n/a	443.0	147.1	n/a	478.9	148.0	1.44	127.0
93.744	0.12	fixation	n/a	470.9	147.8	598.0	n/a	n/a	n/a	n/a
93.866	0.028	saccade	n/a	470.7	144.3	n/a	359.8	101.5	4.79	323.0
93.896	0.204	fixation	n/a	357.7	105.0	592.0	n/a	n/a	n/a	n/a
94.102	0.024	saccade	n/a	355.3	105.2	n/a	286.5	90.7	2.83	216.0
94.128	0.224	fixation	n/a	290.6	96.6	611.0	n/a	n/a	n/a	n/a
94.354	0.034	saccade	n/a	288.1	97.6	n/a	247.6	90.4	1.64	185.0
94.39	0.41	fixation	n/a	237.6	93.7	658.0	n/a	n/a	n/a	n/a
94.802	0.034	saccade	n/a	236.0	94.5	n/a	181.3	87.4	2.19	228.0
94.838	0.196	fixation	n/a	171.0	90.4	653.0	n/a	n/a	n/a	n/a
95.036	0.024	saccade	n/a	172.2	90.0	n/a	249.7	87.4	3.07	197.0
95.062	0.164	fixation	n/a	245.5	90.9	624.0	n/a	n/a	n/a	n/a
95.228	0.022	saccade	n/a	247.4	89.5	n/a	308.0	89.6	2.42	170.0
95.252	0.252	fixation	n/a	305.0	91.7	590.0	n/a	n/a	n/a	n/a
95.506	0.024	saccade	n/a	307.4	92.5	n/a	385.0	91.6	3.12	228.0
95.532	0.212	fixation	n/a	381.6	94.3	555.0	n/a	n/a	n/a	n/a
95.746	0.022	saccade	n/a	382.0	94.6	n/a	438.5	89.9	2.29	164.0
95.77	0.264	fixation	n/a	439.0	90.0	539.0	n/a	n/a	n/a	n/a
96.036	0.022	saccade	n/a	439.1	89.1	n/a	501.5	85.5	2.52	173.0
96.06	0.222	fixation	n/a	510.4	86.9	510.0	n/a	n/a	n/a	n/a
96.284	0.018	saccade	n/a	512.1	86.4	n/a	551.1	82.8	1.56	114.0
96.304	0.188	fixation	n/a	550.1	83.9	489.0	n/a	n/a	n/a	n/a
96.494	0.022	saccade	n/a	552.7	83.0	n/a	624.0	82.2	2.82	192.0
96.518	0.41	fixation	n/a	626.0	83.8	478.0	n/a	n/a	n/a	n/a
96.93	0.07	saccade	n/a	625.9	83.8	n/a	228.7	125.6	15.76	410.0
97.002	0.36	fixation	n/a	170.9	147.5	537.0	n/a	n/a	n/a	n/a
97.364	0.018	saccade	n/a	171.3	148.1	n/a	209.4	145.6	1.5	115.0
97.384	0.202	fixation	n/a	204.1	149.0	577.0	n/a	n/a	n/a	n/a
97.588	0.024	saccade	n/a	203.1	149.5	n/a	278.0	144.6	2.98	197.0
97.614	0.228	fixation	n/a	272.0	147.7	566.0	n/a	n/a	n/a	n/a
97.844	0.018	saccade	n/a	275.4	147.8	n/a	321.0	143.5	1.84	139.0
97.864	0.262	fixation	n/a	317.4	146.3	548.0	n/a	n/a	n/a	n/a
98.128	0.022	saccade	n/a	321.5	148.0	n/a	384.9	142.6	2.56	164.0
98.152	0.168	fixation	n/a	385.7	145.0	528.0	n/a	n/a	n/a	n/a
98.322	0.026	saccade	n/a	387.1	144.6	n/a	468.6	137.8	3.29	225.0
98.35	0.288	fixation	n/a	467.7	140.3	523.0	n/a	n/a	n/a	n/a
98.64	0.018	saccade	n/a	468.3	139.8	n/a	516.7	137.8	1.94	149.0
98.66	0.196	fixation	n/a	519.1	140.6	521.0	n/a	n/a	n/a	n/a
98.858	0.022	saccade	n/a	521.4	139.8	n/a	580.3	141.1	2.35	147.0
98.882	0.22	fixation	n/a	578.9	141.4	502.0	n/a	n/a	n/a	n/a
99.104	0.058	saccade	n/a	574.1	141.6	n/a	265.2	196.4	12.48	358.0
99.164	0.112	fixation	n/a	261.6	197.4	530.0	n/a	n/a	n/a	n/a
99.278	0.024	saccade	n/a	260.2	199.3	n/a	179.8	199.1	3.18	225.0
99.304	0.384	fixation	n/a	182.1	204.3	547.0	n/a	n/a	n/a	n/a
99.488	0.0	trigger_11	11	n/a	n/a	n/a	n/a	n/a	n/a	n/a
99.49	0.0	trigger_10	10	n/a	n/a	n/a	n/a	n/a	n/a	n/a
99.69	0.02	saccade	n/a	181.7	207.1	n/a	231.6	202.3	1.98	144.0
99.712	0.204	fixation	n/a	227.7	206.4	540.0	n/a	n/a	n/a	n/a
99.918	0.02	saccade	n/a	228.5	206.7	n/a	274.9	203.7	1.85	133.0
99.94	0.298	fixation	n/a	273.0	207.7	531.0	n/a	n/a	n/a	n/a
100.24	0.014	saccade	n/a	277.6	207.6	n/a	304.7	204.4	1.09	89.0
100.256	0.236	fixation	n/a	312.6	209.0	527.0	n/a	n/a	n/a	n/a
100.494	0.374	saccade	n/a	331.4	203.2	n/a	340.4	300.4	3.94	203.0
100.536	0.324	blink	n/a	n/a	n/a	n/a	n/a	n/a	n/a	n/a
100.87	0.82	fixation	n/a	314.6	190.7	567.0	n/a	n/a	n/a	n/a
101.692	0.024	saccade	n/a	307.4	196.0	n/a	233.4	134.5	3.87	262.0
101.718	0.076	fixation	n/a	227.9	127.1	569.0	n/a	n/a	n/a	n/a
101.792	0.0	trigger_11	11	n/a	n/a	n/a	n/a	n/a	n/a	n/a
101.796	0.022	saccade	n/a	225.9	123.5	n/a	198.8	90.7	1.71	130.0
101.798	0.0	trigger_10	10	n/a	n/a	n/a	n/a	n/a	n/a	n/a
101.82	0.176	fixation	n/a	204.2	99.9	583.0	n/a	n/a	n/a	n/a
101.998	0.02	saccade	n/a	201.0	100.7	n/a	158.4	94.8	1.69	137.0
102.02	0.206	fixation	n/a	167.2	96.9	611.0	n/a	n/a	n/a	n/a
102.228	0.026	saccade	n/a	166.5	98.6	n/a	264.3	93.1	3.88	266.0
102.256	0.228	fixation	n/a	258.3	96.6	676.0	n/a	n/a	n/a	n/a
102.486	0.026	saccade	n/a	261.7	97.3	n/a	347.8	95.1	3.46	268.0
102.514	0.226	fixation	n/a	339.3	95.5	721.0	n/a	n/a	n/a	n/a
102.742	0.026	saccade	n/a	340.5	96.1	n/a	424.4	93.8	3.38	251.0
102.77	0.212	fixation	n/a	421.3	94.1	708.0	n/a	n/a	n/a	n/a
102.984	0.02	saccade	n/a	423.3	93.9	n/a	471.0	91.0	1.92	148.0
103.006	0.168	fixation	n/a	465.4	91.9	670.0	n/a	n/a	n/a	n/a
103.176	0.022	saccade	n/a	467.3	90.1	n/a	543.0	84.8	3.04	224.0
103.2	0.126	fixation	n/a	541.6	85.3	641.0	n/a	n/a	n/a	n/a
103.328	0.06	saccade	n/a	542.5	85.0	n/a	152.8	146.4	15.57	483.0
103.39	0.222	fixation	n/a	149.0	149.6	666.0	n/a	n/a	n/a	n/a
103.614	0.022	saccade	n/a	148.2	145.0	n/a	158.4	92.0	2.17	146.0
103.638	0.43	fixation	n/a	162.6	101.2	722.0	n/a	n/a	n/a	n/a
104.07	0.036	saccade	n/a	161.8	103.6	n/a	225.4	97.9	2.52	247.0
104.108	0.172	fixation	n/a	232.6	92.9	788.0	n/a	n/a	n/a	n/a
104.282	0.034	saccade	n/a	230.8	93.9	n/a	287.3	97.0	2.25	216.0
104.318	0.168	fixation	n/a	294.7	93.6	744.0	n/a	n/a	n/a	n/a
104.488	0.026	saccade	n/a	296.6	94.1	n/a	387.6	94.2	3.66	238.0
104.516	0.204	fixation	n/a	383.0	95.5	697.0	n/a	n/a	n/a	n/a
104.722	0.02	saccade	n/a	385.8	95.7	n/a	434.6	91.6	1.97	161.0
104.744	0.142	fixation	n/a	425.7	92.7	679.0	n/a	n/a	n/a	n/a
104.888	0.024	saccade	n/a	426.9	92.8	n/a	492.6	89.3	2.65	180.0
104.914	0.35	fixation	n/a	491.5	91.6	627.0	n/a	n/a	n/a	n/a
105.266	0.026	saccade	n/a	491.6	93.4	n/a	556.0	87.2	2.59	172.0
105.294	0.172	fixation	n/a	551.9	87.7	588.0	n/a	n/a	n/a	n/a
105.468	0.016	saccade	n/a	553.3	87.9	n/a	587.3	87.2	1.35	121.0
105.486	0.142	fixation	n/a	580.4	88.6	584.0	n/a	n/a	n/a	n/a
105.63	0.062	saccade	n/a	579.0	88.4	n/a	200.3	149.4	15.2	428.0
105.694	0.124	fixation	n/a	197.5	151.2	621.0	n/a	n/a	n/a	n/a
105.82	0.03	saccade	n/a	198.6	152.1	n/a	159.7	148.8	1.54	194.0
105.852	0.23	fixation	n/a	152.7	155.3	660.0	n/a	n/a	n/a	n/a
106.084	0.022	saccade	n/a	154.1	157.0	n/a	199.5	153.5	1.79	157.0
106.108	0.124	fixation	n/a	191.8	154.2	698.0	n/a	n/a	n/a	n/a
106.234	0.024	saccade	n/a	192.8	154.8	n/a	267.0	150.9	2.95	224.0
106.26	0.444	fixation	n/a	257.1	152.2	665.0	n/a	n/a	n/a	n/a
106.706	0.022	saccade	n/a	259.7	152.4	n/a	325.1	150.6	2.62	199.0
106.73	0.208	fixation	n/a	317.7	152.6	649.0	n/a	n/a	n/a	n/a
106.94	0.024	saccade	n/a	319.7	153.0	n/a	380.0	151.5	2.43	178.0
106.966	0.194	fixation	n/a	375.6	151.1	617.0	n/a	n/a	n/a	n/a
107.162	0.02	saccade	n/a	376.6	149.6	n/a	424.4	149.7	1.93	153.0
107.184	0.23	fixation	n/a	420.6	149.5	575.0	n/a	n/a	n/a	n/a
107.232	0.0	trigger_11	11	n/a	n/a	n/a	n/a	n/a	n/a	n/a
107.24	0.0	trigger_12	12	n/a	n/a	n/a	n/a	n/a	n/a	n/a
107.416	0.022	saccade	n/a	422.4	149.6	n/a	485.5	146.4	2.54	166.0
107.44	0.184	fixation	n/a	481.8	146.5	541.0	n/a	n/a	n/a	n/a
107.626	0.02	saccade	n/a	483.6	145.5	n/a	546.8	142.4	2.53	198.0
107.648	0.112	fixation	n/a	550.3	144.1	520.0	n/a	n/a	n/a	n/a
107.762	0.022	saccade	n/a	552.9	144.2	n/a	602.2	142.5	1.96	107.0
107.786	0.09	fixation	n/a	613.6	146.2	508.0	n/a	n/a	n/a	n/a
107.878	0.066	saccade	n/a	612.5	147.0	n/a	242.7	183.2	14.69	352.0
107.946	0.12	fixation	n/a	223.2	190.3	530.0	n/a	n/a	n/a	n/a
108.068	0.022	saccade	n/a	223.6	192.8	n/a	155.0	202.1	2.73	206.0
108.092	0.208	fixation	n/a	164.0	201.7	547.0	n/a	n/a	n/a	n/a
108.302	0.028	saccade	n/a	167.0	200.9	n/a	248.6	203.9	3.22	201.0
108.332	0.204	fixation	n/a	244.0	205.0	594.0	n/a	n/a	n/a	n/a
108.538	0.024	saccade	n/a	247.7	205.4	n/a	303.9	209.3	2.24	170.0
108.564	0.156	fixation	n/a	296.1	211.6	613.0	n/a	n/a	n/a	n/a
108.722	0.026	saccade	n/a	297.0	210.7	n/a	407.0	221.8	4.43	306.0
108.75	0.254	fixation	n/a	397.6	222.7	629.0	n/a	n/a	n/a	n/a
109.0	0.0	trigger_13	13	n/a	n/a	n/a	n/a	n/a	n/a	n/a
109.006	0.034	saccade	n/a	396.2	221.9	n/a	320.5	128.6	4.87	298.0
109.042	0.43	fixation	n/a	313.7	118.5	613.0	n/a	n/a	n/a	n/a
109.474	0.03	saccade	n/a	309.6	113.5	n/a	182.4	96.5	5.1	319.0
109.506	0.408	fixation	n/a	186.3	97.5	677.0	n/a	n/a	n/a	n/a
109.916	0.018	saccade	n/a	183.1	98.3	n/a	226.5	92.7	1.73	153.0
109.936	0.15	fixation	n/a	217.2	98.0	751.0	n/a	n/a	n/a	n/a
110.088	0.024	saccade	n/a	218.3	98.5	n/a	299.3	96.1	3.24	244.0
110.114	0.52	fixation	n/a	297.1	98.1	785.0	n/a	n/a	n/a	n/a
110.636	0.036	saccade	n/a	301.1	98.6	n/a	250.5	98.0	2.02	232.0
110.674	0.632	fixation	n/a	236.7	102.4	817.0	n/a	n/a	n/a	n/a
111.308	0.024	saccade	n/a	234.9	102.8	n/a	311.4	99.7	3.06	233.0
111.334	0.1	fixation	n/a	300.9	100.3	828.0	n/a	n/a	n/a	n/a
111.436	0.046	saccade	n/a	301.1	100.3	n/a	428.1	108.7	5.12	347.0
111.484	0.172	fixation	n/a	441.4	112.5	852.0	n/a	n/a	n/a	n/a
111.658	0.026	saccade	n/a	441.8	117.3	n/a	521.0	113.0	3.19	226.0
111.686	0.142	fixation	n/a	519.2	112.6	872.0	n/a	n/a	n/a	n/a
111.83	0.026	saccade	n/a	522.2	111.4	n/a	599.0	107.6	3.06	221.0
111.858	0.322	fixation	n/a	594.5	107.3	824.0	n/a	n/a	n/a	n/a
112.182	0.024	saccade	n/a	593.6	106.7	n/a	655.4	100.4	2.44	186.0
112.208	0.08	fixation	n/a	647.3	103.6	818.0	n/a	n/a	n/a	n/a
112.29	0.192	saccade	n/a	646.1	106.7	n/a	514.7	319.5	9.97	786.0
112.322	0.112	blink	n/a	n/a	n/a	n/a	n/a	n/a	n/a	n/a
112.484	0.364	fixation	n/a	494.4	219.3	940.0	n/a	n/a	n/a	n/a
112.85	0.018	saccade	n/a	489.9	209.0	n/a	453.7	221.9	1.54	123.0
112.87	0.208	fixation	n/a	460.7	222.8	918.0	n/a	n/a	n/a	n/a
113.08	0.032	saccade	n/a	461.0	224.1	n/a	423.4	223.3	1.51	199.0
113.114	0.304	fixation	n/a	415.0	228.3	864.0	n/a	n/a	n/a	n/a
113.384	0.0	trigger_15	15	n/a	n/a	n/a	n/a	n/a	n/a	n/a
113.392	0.0	trigger_10	10	n/a	n/a	n/a	n/a	n/a	n/a	n/a
113.42	0.276	saccade	n/a	415.7	235.0	n/a	366.7	359.2	5.34	796.0
113.446	0.204	blink	n/a	n/a	n/a	n/a	n/a	n/a	n/a	n/a
113.698	0.602	fixation	n/a	346.6	243.1	896.0	n/a	n/a	n/a	n/a
114.302	0.036	saccade	n/a	348.2	239.2	n/a	516.0	238.2	6.7	276.0
114.34	0.168	fixation	n/a	526.4	237.9	762.0	n/a	n/a	n/a	n/a
114.51	0.04	saccade	n/a	526.7	237.7	n/a	444.1	229.8	3.32	342.0
114.552	0.356	fixation	n/a	423.4	230.0	845.0	n/a	n/a	n/a	n/a
114.91	0.026	saccade	n/a	421.7	229.3	n/a	489.9	228.6	2.73	186.0
114.938	0.308	fixation	n/a	479.9	229.7	884.0	n/a	n/a	n/a	n/a
115.248	0.008	saccade	n/a	476.7	229.0	n/a	465.7	226.3	0.45	55.0
115.258	0.398	fixation	n/a	469.6	226.9	827.0	n/a	n/a	n/a	n/a
115.658	0.048	saccade	n/a	470.0	226.0	n/a	277.5	139.1	8.47	351.0
115.708	0.05	fixation	n/a	275.2	133.7	783.0	n/a	n/a	n/a	n/a
115.76	0.026	saccade	n/a	273.0	130.2	n/a	205.6	96.3	3.01	226.0
115.788	0.19	fixation	n/a	199.5	106.2	763.0	n/a	n/a	n/a	n/a
115.98	0.02	saccade	n/a	195.4	106.0	n/a	170.1	100.0	1.03	102.0
116.002	0.144	fixation	n/a	171.4	100.3	793.0	n/a	n/a	n/a	n/a
116.148	0.03	saccade	n/a	168.7	98.2	n/a	144.2	94.5	0.97	157.0
116.18	0.134	fixation	n/a	139.3	98.4	862.0	n/a	n/a	n/a	n/a
116.316	0.028	saccade	n/a	139.7	99.3	n/a	255.8	97.6	4.58	308.0
116.346	0.234	fixation	n/a	253.7	100.4	917.0	n/a	n/a	n/a	n/a
116.582	0.024	saccade	n/a	256.3	104.7	n/a	332.0	106.1	3.03	225.0
116.608	0.248	fixation	n/a	317.9	109.6	933.0	n/a	n/a	n/a	n/a
116.858	0.02	saccade	n/a	318.5	110.3	n/a	351.7	112.4	1.34	130.0
116.88	0.23	fixation	n/a	346.0	111.8	943.0	n/a	n/a	n/a	n/a
117.112	0.022	saccade	n/a	348.1	113.4	n/a	405.1	110.7	2.3	176.0
117.136	0.132	fixation	n/a	396.3	112.3	962.0	n/a	n/a	n/a	n/a
117.27	0.024	saccade	n/a	397.0	112.1	n/a	352.3	110.5	1.8	168.0
117.296	0.178	fixation	n/a	359.6	111.8	950.0	n/a	n/a	n/a	n/a
117.476	0.218	saccade	n/a	356.9	119.0	n/a	433.8	184.4	4.09	867.0
117.5	0.134	blink	n/a	n/a	n/a	n/a	n/a	n/a	n/a	n/a
117.696	0.184	fixation	n/a	428.1	127.4	940.0	n/a	n/a	n/a	n/a
117.882	0.02	saccade	n/a	429.1	126.8	n/a	481.2	115.3	2.15	163.0
117.904	0.15	fixation	n/a	470.9	117.1	934.0	n/a	n/a	n/a	n/a
118.056	0.012	saccade	n/a	470.6	116.4	n/a	447.6	114.9	0.93	89.0
118.07	0.128	fixation	n/a	454.7	109.4	804.0	n/a	n/a	n/a	n/a
118.2	0.03	saccade	n/a	456.9	102.7	n/a	509.7	105.6	2.12	213.0
118.232	0.28	fixation	n/a	517.6	94.8	658.0	n/a	n/a	n/a	n/a
118.514	0.022	saccade	n/a	520.3	94.3	n/a	581.2	94.1	2.43	188.0
118.538	0.264	fixation	n/a	569.0	97.7	667.0	n/a	n/a	n/a	n/a
118.804	0.016	saccade	n/a	570.5	98.7	n/a	586.4	95.5	0.64	67.0
118.822	0.18	fixation	n/a	580.7	101.2	708.0	n/a	n/a	n/a	n/a
119.004	0.008	saccade	n/a	580.2	100.8	n/a	590.7	98.8	0.42	53.0
119.014	0.108	fixation	n/a	587.7	101.5	731.0	n/a	n/a	n/a	n/a
119.124	0.062	saccade	n/a	584.0	102.6	n/a	191.9	155.2	15.64	500.0
119.188	0.148	fixation	n/a	191.1	155.8	781.0	n/a	n/a	n/a	n/a
119.338	0.034	saccade	n/a	190.8	156.2	n/a	157.6	152.7	1.31	207.0
119.374	0.226	fixation	n/a	143.7	159.2	843.0	n/a	n/a	n/a	n/a
119.602	0.026	saccade	n/a	144.1	162.2	n/a	200.8	163.2	2.23	186.0
119.63	0.316	fixation	n/a	192.0	163.3	881.0	n/a	n/a	n/a	n/a
119.948	0.022	saccade	n/a	191.4	162.0	n/a	238.2	165.3	1.85	176.0
119.972	0.184	fixation	n/a	230.6	167.5	870.0	n/a	n/a	n/a	n/a
120.158	0.026	saccade	n/a	231.6	169.3	n/a	290.2	169.7	2.33	197.0
120.186	0.218	fixation	n/a	284.3	169.4	880.0	n/a	n/a	n/a	n/a
120.406	0.024	saccade	n/a	286.5	169.6	n/a	364.3	174.2	3.12	232.0
120.432	0.344	fixation	n/a	354.0	173.3	835.0	n/a	n/a	n/a	n/a
120.778	0.022	saccade	n/a	353.0	174.9	n/a	416.6	172.2	2.56	191.0
120.802	0.208	fixation	n/a	412.6	173.0	816.0	n/a	n/a	n/a	n/a
121.012	0.028	saccade	n/a	415.0	171.6	n/a	495.9	172.0	3.25	205.0
121.042	0.272	fixation	n/a	491.5	167.4	781.0	n/a	n/a	n/a	n/a
121.264	0.0	trigger_11	11	n/a	n/a	n/a	n/a	n/a	n/a	n/a
121.268	0.0	trigger_10	10	n/a	n/a	n/a	n/a	n/a	n/a	n/a
121.316	0.022	saccade	n/a	493.2	164.7	n/a	537.2	167.4	1.76	145.0
121.34	0.184	fixation	n/a	530.1	165.0	732.0	n/a	n/a	n/a	n/a
121.526	0.022	saccade	n/a	532.1	163.6	n/a	590.0	164.4	2.3	174.0
121.55	0.184	fixation	n/a	582.5	166.2	701.0	n/a	n/a	n/a	n/a
121.736	0.016	saccade	n/a	584.2	164.6	n/a	615.0	163.4	1.22	110.0
121.754	0.082	fixation	n/a	606.9	163.1	680.0	n/a	n/a	n/a	n/a
121.838	0.054	saccade	n/a	606.5	162.5	n/a	260.3	212.1	13.86	491.0
121.894	0.126	fixation	n/a	251.4	214.2	703.0	n/a	n/a	n/a	n/a
122.022	0.034	saccade	n/a	250.3	214.9	n/a	176.4	204.9	2.94	290.0
122.058	0.186	fixation	n/a	164.6	210.3	699.0	n/a	n/a	n/a	n/a
122.246	0.026	saccade	n/a	164.7	212.3	n/a	239.3	217.3	2.94	210.0
122.274	0.194	fixation	n/a	227.3	215.7	725.0	n/a	n/a	n/a	n/a
122.47	0.022	saccade	n/a	228.1	212.3	n/a	280.6	218.1	2.1	178.0
122.494	0.238	fixation	n/a	271.5	215.5	687.0	n/a	n/a	n/a	n/a
122.734	0.028	saccade	n/a	271.8	214.1	n/a	377.7	220.2	4.24	300.0
122.764	0.264	fixation	n/a	370.4	220.3	683.0	n/a	n/a	n/a	n/a
123.03	0.034	saccade	n/a	371.1	220.9	n/a	476.3	224.1	4.22	247.0
123.066	0.106	fixation	n/a	473.5	223.6	667.0	n/a	n/a	n/a	n/a
123.174	0.026	saccade	n/a	474.4	220.2	n/a	387.1	123.5	5.27	323.0
123.202	0.266	fixation	n/a	376.6	107.6	615.0	n/a	n/a	n/a	n/a
123.47	0.05	saccade	n/a	375.3	108.8	n/a	191.7	97.4	7.34	411.0
123.522	0.244	fixation	n/a	177.8	99.9	629.0	n/a	n/a	n/a	n/a
123.768	0.026	saccade	n/a	177.6	101.3	n/a	280.7	94.2	4.1	283.0
123.796	0.232	fixation	n/a	280.9	98.0	673.0	n/a	n/a	n/a	n/a
124.03	0.022	saccade	n/a	284.7	99.1	n/a	339.0	95.4	2.18	170.0
124.054	0.16	fixation	n/a	329.4	96.0	690.0	n/a	n/a	n/a	n/a
124.216	0.028	saccade	n/a	332.0	94.8	n/a	417.4	93.1	3.44	231.0
124.246	0.262	fixation	n/a	410.3	92.3	663.0	n/a	n/a	n/a	n/a
124.51	0.026	saccade	n/a	412.4	92.5	n/a	530.1	90.0	4.73	334.0
124.538	0.202	fixation	n/a	527.2	91.0	619.0	n/a	n/a	n/a	n/a
124.738	0.0	trigger_11	11	n/a	n/a	n/a	n/a	n/a	n/a	n/a
124.742	0.022	saccade	n/a	526.6	91.7	n/a	580.2	87.7	2.14	165.0
124.742	0.0	trigger_10	10	n/a	n/a	n/a	n/a	n/a	n/a	n/a
124.766	0.144	fixation	n/a	575.6	88.7	602.0	n/a	n/a	n/a	n/a
124.912	0.024	saccade	n/a	577.3	87.5	n/a	639.5	89.5	2.45	166.0
124.938	0.144	fixation	n/a	634.1	89.7	614.0	n/a	n/a	n/a	n/a
125.084	0.076	saccade	n/a	634.2	89.9	n/a	226.9	141.9	16.2	455.0
125.162	0.112	fixation	n/a	219.2	145.2	655.0	n/a	n/a	n/a	n/a
125.276	0.034	saccade	n/a	220.1	146.7	n/a	171.9	149.5	1.9	237.0
125.312	0.216	fixation	n/a	159.4	154.2	665.0	n/a	n/a	n/a	n/a
125.53	0.022	saccade	n/a	159.0	155.5	n/a	224.6	150.7	2.6	197.0
125.554	0.27	fixation	n/a	214.8	154.5	695.0	n/a	n/a	n/a	n/a
125.826	0.026	saccade	n/a	216.2	154.7	n/a	309.2	150.0	3.72	264.0
125.854	0.512	fixation	n/a	309.8	150.2	646.0	n/a	n/a	n/a	n/a
126.368	0.02	saccade	n/a	308.5	149.2	n/a	354.3	148.7	1.84	133.0
126.39	0.174	fixation	n/a	343.9	151.2	646.0	n/a	n/a	n/a	n/a
126.566	0.014	saccade	n/a	348.0	151.4	n/a	368.8	152.7	0.84	80.0
126.582	0.106	fixation	n/a	362.1	154.4	655.0	n/a	n/a	n/a	n/a
126.69	0.024	saccade	n/a	361.8	149.5	n/a	295.3	111.7	3.09	207.0
126.716	0.2	fixation	n/a	307.3	114.7	641.0	n/a	n/a	n/a	n/a
126.918	0.03	saccade	n/a	307.3	115.6	n/a	161.5	100.3	5.82	376.0
126.95	0.448	fixation	n/a	165.7	99.9	620.0	n/a	n/a	n/a	n/a
127.4	0.026	saccade	n/a	165.1	98.3	n/a	248.7	92.4	3.31	212.0
127.428	0.24	fixation	n/a	250.0	95.5	648.0	n/a	n/a	n/a	n/a
127.67	0.026	saccade	n/a	250.7	95.8	n/a	320.3	95.4	2.78	202.0
127.698	0.24	fixation	n/a	311.6	95.5	651.0	n/a	n/a	n/a	n/a
127.94	0.024	saccade	n/a	310.2	94.7	n/a	244.0	91.2	2.65	189.0
127.966	0.322	fixation	n/a	251.1	91.7	623.0	n/a	n/a	n/a	n/a
128.29	0.024	saccade	n/a	252.9	92.4	n/a	324.7	91.7	2.87	201.0
128.316	0.236	fixation	n/a	314.9	92.5	602.0	n/a	n/a	n/a	n/a
128.554	0.026	saccade	n/a	315.4	92.8	n/a	391.1	90.4	3.05	214.0
128.582	0.12	fixation	n/a	385.1	90.5	590.0	n/a	n/a	n/a	n/a
128.704	0.018	saccade	n/a	384.2	90.1	n/a	350.9	92.2	1.35	103.0
128.724	0.16	fixation	n/a	358.0	91.3	565.0	n/a	n/a	n/a	n/a
128.886	0.022	saccade	n/a	359.1	91.7	n/a	423.3	87.7	2.59	190.0
128.91	0.258	fixation	n/a	420.7	90.3	537.0	n/a	n/a	n/a	n/a
129.17	0.022	saccade	n/a	423.6	90.6	n/a	486.7	88.0	2.54	186.0
129.194	0.244	fixation	n/a	487.5	88.5	514.0	n/a	n/a	n/a	n/a
129.282	0.0	trigger_11	11	n/a	n/a	n/a	n/a	n/a	n/a	n/a
129.29	0.0	trigger_10	10	n/a	n/a	n/a	n/a	n/a	n/a	n/a
129.44	0.02	saccade	n/a	489.8	89.4	n/a	547.2	87.0	2.3	174.0
129.462	0.138	fixation	n/a	544.4	87.7	514.0	n/a	n/a	n/a	n/a
129.602	0.022	saccade	n/a	546.2	87.9	n/a	600.2	85.0	2.15	139.0
129.626	0.102	fixation	n/a	596.4	86.7	530.0	n/a	n/a	n/a	n/a
129.73	0.056	saccade	n/a	594.6	88.1	n/a	244.0	136.4	14.05	459.0
129.788	0.14	fixation	n/a	237.0	138.1	577.0	n/a	n/a	n/a	n/a
129.93	0.032	saccade	n/a	233.2	139.3	n/a	192.4	140.4	1.62	219.0
129.964	0.276	fixation	n/a	180.7	146.8	642.0	n/a	n/a	n/a	n/a
130.242	0.034	saccade	n/a	181.2	148.8	n/a	249.7	150.5	2.71	245.0
130.278	0.228	fixation	n/a	257.5	146.6	695.0	n/a	n/a	n/a	n/a
130.508	0.028	saccade	n/a	258.7	146.0	n/a	373.3	153.2	4.6	316.0
130.538	0.242	fixation	n/a	370.7	151.8	672.0	n/a	n/a	n/a	n/a
130.782	0.024	saccade	n/a	371.3	153.8	n/a	433.4	153.8	2.5	195.0
130.808	0.23	fixation	n/a	424.5	154.1	645.0	n/a	n/a	n/a	n/a
130.882	0.0	trigger_11	11	n/a	n/a	n/a	n/a	n/a	n/a	n/a
130.892	0.0	trigger_12	12	n/a	n/a	n/a	n/a	n/a	n/a	n/a
131.04	0.016	saccade	n/a	426.6	152.6	n/a	456.7	138.2	1.35	109.0
131.058	0.048	fixation	n/a	449.6	136.6	605.0	n/a	n/a	n/a	n/a
131.108	0.024	saccade	n/a	450.1	132.9	n/a	392.3	97.3	2.74	199.0
131.134	0.162	fixation	n/a	397.9	101.6	585.0	n/a	n/a	n/a	n/a
131.298	0.02	saccade	n/a	394.2	101.3	n/a	351.6	92.1	1.76	123.0
131.32	0.212	fixation	n/a	355.0	94.0	590.0	n/a	n/a	n/a	n/a
131.534	0.034	saccade	n/a	351.9	94.2	n/a	179.0	92.2	6.89	398.0
131.57	0.306	fixation	n/a	174.8	94.0	615.0	n/a	n/a	n/a	n/a
131.878	0.034	saccade	n/a	174.7	94.4	n/a	245.7	97.4	2.81	243.0
131.914	0.242	fixation	n/a	252.2	95.8	651.0	n/a	n/a	n/a	n/a
132.158	0.02	saccade	n/a	254.1	96.1	n/a	315.4	93.2	2.45	199.0
132.18	0.188	fixation	n/a	308.2	95.0	662.0	n/a	n/a	n/a	n/a
132.37	0.022	saccade	n/a	310.7	95.5	n/a	346.8	92.1	1.46	128.0
132.394	0.094	fixation	n/a	340.2	93.0	668.0	n/a	n/a	n/a	n/a
132.49	0.024	saccade	n/a	341.1	92.4	n/a	414.2	89.4	2.94	211.0
132.516	0.224	fixation	n/a	408.9	92.3	665.0	n/a	n/a	n/a	n/a
132.742	0.02	saccade	n/a	410.3	92.9	n/a	443.7	91.6	1.35	128.0
132.764	0.33	fixation	n/a	436.1	92.8	636.0	n/a	n/a	n/a	n/a
133.096	0.052	saccade	n/a	435.9	94.3	n/a	205.0	100.4	9.22	438.0
133.15	0.284	fixation	n/a	190.6	103.2	697.0	n/a	n/a	n/a	n/a
133.436	0.028	saccade	n/a	191.7	103.4	n/a	284.2	97.0	3.69	244.0
133.466	0.176	fixation	n/a	276.8	97.6	703.0	n/a	n/a	n/a	n/a
133.644	0.028	saccade	n/a	276.3	96.4	n/a	164.7	90.2	4.43	286.0
133.674	0.202	fixation	n/a	165.4	93.1	686.0	n/a	n/a	n/a	n/a
133.878	0.016	saccade	n/a	162.9	94.5	n/a	134.0	95.9	1.13	91.0
133.896	0.092	fixation	n/a	141.5	95.3	688.0	n/a	n/a	n/a	n/a
133.99	0.024	saccade	n/a	141.5	96.3	n/a	231.8	92.1	3.56	242.0
134.016	0.17	fixation	n/a	239.9	97.6	705.0	n/a	n/a	n/a	n/a
134.188	0.238	saccade	n/a	245.3	105.4	n/a	271.9	150.2	2.11	574.0
134.212	0.178	blink	n/a	n/a	n/a	n/a	n/a	n/a	n/a	n/a
134.428	0.19	fixation	n/a	274.4	110.4	642.0	n/a	n/a	n/a	n/a
134.62	0.01	saccade	n/a	277.3	103.8	n/a	292.2	95.6	0.68	73.0
134.632	0.138	fixation	n/a	290.9	99.2	667.0	n/a	n/a	n/a	n/a
134.772	0.026	saccade	n/a	291.0	101.2	n/a	364.6	95.8	2.96	198.0
134.8	0.284	fixation	n/a	351.6	94.9	627.0	n/a	n/a	n/a	n/a
135.086	0.026	saccade	n/a	352.0	94.3	n/a	432.1	90.1	3.23	227.0
135.114	0.244	fixation	n/a	421.7	93.6	655.0	n/a	n/a	n/a	n/a
135.36	0.02	saccade	n/a	422.9	94.7	n/a	457.4	92.0	1.39	119.0
135.382	0.182	fixation	n/a	449.0	92.9	677.0	n/a	n/a	n/a	n/a
135.566	0.022	saccade	n/a	450.0	93.7	n/a	509.3	90.5	2.39	199.0
135.59	0.168	fixation	n/a	499.4	95.9	716.0	n/a	n/a	n/a	n/a
135.76	0.024	saccade	n/a	498.1	102.8	n/a	565.2	97.0	2.69	208.0
135.786	0.2	fixation	n/a	553.5	100.0	767.0	n/a	n/a	n/a	n/a
135.818	0.0	trigger_13	13	n/a	n/a	n/a	n/a	n/a	n/a	n/a
135.988	0.064	saccade	n/a	549.3	101.4	n/a	203.1	160.3	13.94	479.0
136.054	0.128	fixation	n/a	189.6	159.7	812.0	n/a	n/a	n/a	n/a
136.184	0.032	saccade	n/a	188.3	157.4	n/a	153.4	153.6	1.38	179.0
136.218	0.134	fixation	n/a	144.2	158.4	824.0	n/a	n/a	n/a	n/a
136.354	0.036	saccade	n/a	143.5	159.9	n/a	235.4	169.5	3.64	283.0
136.392	0.178	fixation	n/a	241.1	165.2	865.0	n/a	n/a	n/a	n/a
136.572	0.03	saccade	n/a	242.5	165.3	n/a	316.1	169.6	2.95	222.0
136.604	0.206	fixation	n/a	310.8	164.1	841.0	n/a	n/a	n/a	n/a
136.812	0.02	saccade	n/a	313.3	163.8	n/a	358.8	161.6	1.83	132.0
136.834	0.114	fixation	n/a	349.1	162.6	814.0	n/a	n/a	n/a	n/a
136.95	0.03	saccade	n/a	350.1	161.2	n/a	460.4	161.8	4.43	288.0
136.982	0.318	fixation	n/a	460.8	162.8	769.0	n/a	n/a	n/a	n/a
137.302	0.012	saccade	n/a	466.6	163.2	n/a	487.2	160.7	0.83	80.0
137.316	0.168	fixation	n/a	481.1	162.7	747.0	n/a	n/a	n/a	n/a
137.486	0.024	saccade	n/a	481.7	163.0	n/a	555.2	163.5	2.94	215.0
137.512	0.206	fixation	n/a	547.6	163.2	712.0	n/a	n/a	n/a	n/a
137.72	0.028	saccade	n/a	547.3	159.8	n/a	420.3	91.0	5.81	353.0
137.75	0.348	fixation	n/a	401.4	96.0	685.0	n/a	n/a	n/a	n/a
138.1	0.048	saccade	n/a	397.7	97.7	n/a	243.9	90.2	6.17	407.0
138.15	0.222	fixation	n/a	224.3	93.8	746.0	n/a	n/a	n/a	n/a
138.374	0.038	saccade	n/a	222.7	96.3	n/a	305.7	99.7	3.32	302.0
138.414	0.068	fixation	n/a	314.7	96.8	781.0	n/a	n/a	n/a	n/a
138.484	0.424	saccade	n/a	316.1	106.2	n/a	850.9	501.8	25.24	859.0
138.506	0.354	blink	n/a	n/a	n/a	n/a	n/a	n/a	n/a	n/a
138.818	0.0	trigger_15	15	n/a	n/a	n/a	n/a	n/a	n/a	n/a
138.824	0.0	trigger_10	10	n/a	n/a	n/a	n/a	n/a	n/a	n/a
138.91	0.224	fixation	n/a	828.8	451.9	946.0	n/a	n/a	n/a	n/a
139.136	0.048	saccade	n/a	823.0	459.4	n/a	887.1	588.1	5.15	384.0
139.186	0.26	fixation	n/a	892.1	612.4	890.0	n/a	n/a	n/a	n/a
139.448	0.088	saccade	n/a	891.1	615.5	n/a	466.8	345.7	18.52	532.0
139.538	0.07	fixation	n/a	457.1	343.0	948.0	n/a	n/a	n/a	n/a
139.61	0.032	saccade	n/a	456.7	340.7	n/a	388.4	275.1	3.78	353.0
139.644	0.254	fixation	n/a	377.6	278.1	914.0	n/a	n/a	n/a	n/a
139.9	0.058	saccade	n/a	376.6	280.9	n/a	635.1	586.9	15.35	566.0
139.96	0.132	fixation	n/a	638.8	596.7	802.0	n/a	n/a	n/a	n/a
140.094	0.05	saccade	n/a	637.1	598.4	n/a	834.0	622.6	7.15	404.0
140.146	0.182	fixation	n/a	845.9	622.9	784.0	n/a	n/a	n/a	n/a
140.33	0.218	saccade	n/a	847.0	621.0	n/a	356.7	303.5	21.73	454.0
140.38	0.116	blink	n/a	n/a	n/a	n/a	n/a	n/a	n/a	n/a
140.55	0.204	fixation	n/a	343.8	249.9	920.0	n/a	n/a	n/a	n/a
140.756	0.04	saccade	n/a	339.6	241.7	n/a	264.5	225.5	3.07	283.0
140.798	0.272	fixation	n/a	250.8	222.5	953.0	n/a	n/a	n/a	n/a
141.072	0.026	saccade	n/a	247.7	216.5	n/a	200.5	129.7	3.98	251.0
141.1	0.068	fixation	n/a	205.1	130.5	832.0	n/a	n/a	n/a	n/a
141.17	0.018	saccade	n/a	204.2	125.4	n/a	189.9	90.9	1.51	118.0
141.19	0.2	fixation	n/a	196.6	99.9	798.0	n/a	n/a	n/a	n/a
141.392	0.03	saccade	n/a	195.2	100.6	n/a	159.5	101.7	1.41	171.0
141.424	0.168	fixation	n/a	153.1	105.5	811.0	n/a	n/a	n/a	n/a
141.594	0.038	saccade	n/a	152.6	107.2	n/a	225.0	103.5	2.85	292.0
141.634	0.276	fixation	n/a	239.3	101.0	879.0	n/a	n/a	n/a	n/a
141.912	0.034	saccade	n/a	239.1	101.2	n/a	203.1	102.2	1.43	206.0
141.948	0.18	fixation	n/a	192.4	108.5	926.0	n/a	n/a	n/a	n/a
142.13	0.036	saccade	n/a	191.9	110.2	n/a	272.4	116.0	3.21	310.0
142.168	0.176	fixation	n/a	281.5	112.3	970.0	n/a	n/a	n/a	n/a
142.346	0.034	saccade	n/a	283.4	113.0	n/a	344.9	115.9	2.47	250.0
142.382	0.24	fixation	n/a	351.2	112.2	946.0	n/a	n/a	n/a	n/a
142.624	0.022	saccade	n/a	351.3	111.7	n/a	407.8	112.2	2.28	190.0
142.648	0.144	fixation	n/a	401.3	113.0	881.0	n/a	n/a	n/a	n/a
142.794	0.028	saccade	n/a	403.6	113.1	n/a	507.8	113.2	4.18	284.0
142.824	0.218	fixation	n/a	506.0	112.7	822.0	n/a	n/a	n/a	n/a
143.044	0.026	saccade	n/a	507.8	112.8	n/a	585.0	112.7	3.08	239.0
143.072	0.146	fixation	n/a	576.3	110.2	806.0	n/a	n/a	n/a	n/a
143.22	0.022	saccade	n/a	577.8	108.9	n/a	624.1	107.8	1.83	157.0
143.244	0.086	fixation	n/a	615.5	107.6	790.0	n/a	n/a	n/a	n/a
143.332	0.062	saccade	n/a	615.0	105.0	n/a	199.2	164.3	16.58	512.0
143.396	0.242	fixation	n/a	192.7	162.9	781.0	n/a	n/a	n/a	n/a
143.64	0.024	saccade	n/a	189.9	164.6	n/a	269.2	159.4	3.15	253.0
143.666	0.168	fixation	n/a	259.3	166.9	830.0	n/a	n/a	n/a	n/a
143.836	0.026	saccade	n/a	259.0	168.3	n/a	365.4	166.3	4.26	330.0
143.864	0.372	fixation	n/a	359.2	166.0	848.0	n/a	n/a	n/a	n/a
144.238	0.04	saccade	n/a	359.8	164.0	n/a	289.2	156.4	2.85	286.0
144.28	0.28	fixation	n/a	269.7	152.0	747.0	n/a	n/a	n/a	n/a
144.38	0.0	trigger_11	11	n/a	n/a	n/a	n/a	n/a	n/a	n/a
144.384	0.0	trigger_10	10	n/a	n/a	n/a	n/a	n/a	n/a	n/a
144.562	0.022	saccade	n/a	268.2	149.0	n/a	215.3	106.9	2.71	216.0
144.586	0.2	fixation	n/a	220.1	101.5	721.0	n/a	n/a	n/a	n/a
144.788	0.032	saccade	n/a	219.8	102.3	n/a	181.3	99.1	1.53	205.0
144.822	0.142	fixation	n/a	172.5	102.7	710.0	n/a	n/a	n/a	n/a
144.966	0.038	saccade	n/a	172.4	103.0	n/a	266.4	99.6	3.73	308.0
145.006	0.184	fixation	n/a	276.6	97.6	738.0	n/a	n/a	n/a	n/a
145.192	0.03	saccade	n/a	275.9	99.3	n/a	381.6	94.7	4.25	286.0
145.224	0.318	fixation	n/a	375.2	96.8	780.0	n/a	n/a	n/a	n/a
145.544	0.032	saccade	n/a	376.5	97.7	n/a	528.3	111.7	6.12	371.0
145.578	0.312	fixation	n/a	530.2	109.3	755.0	n/a	n/a	n/a	n/a
145.892	0.038	saccade	n/a	530.4	106.9	n/a	393.8	158.9	5.88	357.0
145.932	0.29	fixation	n/a	382.9	159.9	717.0	n/a	n/a	n/a	n/a
146.224	0.032	saccade	n/a	379.9	160.7	n/a	343.8	154.2	1.48	199.0
146.258	0.072	fixation	n/a	335.2	156.2	725.0	n/a	n/a	n/a	n/a
146.332	0.022	saccade	n/a	332.9	153.1	n/a	280.6	95.8	3.14	237.0
146.356	0.264	fixation	n/a	283.0	100.7	703.0	n/a	n/a	n/a	n/a
146.622	0.042	saccade	n/a	282.0	102.3	n/a	193.6	97.9	3.52	296.0
146.666	0.28	fixation	n/a	181.1	99.5	728.0	n/a	n/a	n/a	n/a
146.948	0.038	saccade	n/a	181.8	100.2	n/a	270.0	99.6	3.5	268.0
146.988	0.19	fixation	n/a	280.9	98.3	741.0	n/a	n/a	n/a	n/a
147.18	0.028	saccade	n/a	282.6	98.6	n/a	389.5	94.0	4.3	310.0
147.21	0.24	fixation	n/a	385.6	94.0	706.0	n/a	n/a	n/a	n/a
147.452	0.026	saccade	n/a	386.1	94.1	n/a	481.7	93.4	3.85	278.0
147.48	0.238	fixation	n/a	477.9	94.3	667.0	n/a	n/a	n/a	n/a
147.72	0.022	saccade	n/a	477.9	94.2	n/a	546.7	88.8	2.76	204.0
147.744	0.148	fixation	n/a	537.8	91.0	636.0	n/a	n/a	n/a	n/a
147.894	0.024	saccade	n/a	537.9	91.0	n/a	603.7	89.8	2.61	199.0
147.92	0.064	fixation	n/a	590.4	91.6	622.0	n/a	n/a	n/a	n/a
147.986	0.06	saccade	n/a	590.4	91.5	n/a	183.6	161.5	16.29	508.0
148.048	0.158	fixation	n/a	185.8	163.8	658.0	n/a	n/a	n/a	n/a
148.208	0.014	saccade	n/a	182.7	163.4	n/a	162.4	155.6	0.86	74.0
148.224	0.15	fixation	n/a	167.5	155.9	671.0	n/a	n/a	n/a	n/a
148.376	0.038	saccade	n/a	166.1	156.7	n/a	254.5	152.8	3.5	298.0
148.416	0.274	fixation	n/a	265.7	153.3	743.0	n/a	n/a	n/a	n/a
148.692	0.03	saccade	n/a	268.4	157.9	n/a	377.5	163.6	4.39	271.0
148.724	0.204	fixation	n/a	372.8	162.8	778.0	n/a	n/a	n/a	n/a
148.86	0.0	trigger_11	11	n/a	n/a	n/a	n/a	n/a	n/a	n/a
148.866	0.0	trigger_10	10	n/a	n/a	n/a	n/a	n/a	n/a	n/a
148.93	0.022	saccade	n/a	375.4	160.3	n/a	442.8	162.0	2.71	202.0
148.954	0.148	fixation	n/a	440.3	162.9	736.0	n/a	n/a	n/a	n/a
149.104	0.022	saccade	n/a	443.2	162.5	n/a	505.2	163.1	2.49	197.0
149.128	0.166	fixation	n/a	498.9	163.3	710.0	n/a	n/a	n/a	n/a
149.296	0.04	saccade	n/a	502.4	163.0	n/a	586.9	166.4	3.36	245.0
149.338	0.152	fixation	n/a	598.6	160.0	667.0	n/a	n/a	n/a	n/a
149.492	0.06	saccade	n/a	598.2	161.9	n/a	203.3	199.3	15.68	477.0
149.554	0.286	fixation	n/a	197.7	201.6	646.0	n/a	n/a	n/a	n/a
149.842	0.038	saccade	n/a	196.0	202.0	n/a	266.4	218.4	2.87	276.0
149.882	0.13	fixation	n/a	276.7	219.3	671.0	n/a	n/a	n/a	n/a
150.014	0.022	saccade	n/a	276.0	216.5	n/a	258.2	160.4	2.38	181.0
150.038	0.084	fixation	n/a	265.6	155.5	639.0	n/a	n/a	n/a	n/a
150.124	0.024	saccade	n/a	265.4	150.7	n/a	262.4	88.3	2.54	181.0
150.15	0.28	fixation	n/a	265.4	102.0	641.0	n/a	n/a	n/a	n/a
150.432	0.026	saccade	n/a	265.7	104.1	n/a	366.1	96.2	4.04	296.0
150.46	0.388	fixation	n/a	358.1	97.6	719.0	n/a	n/a	n/a	n/a
150.85	0.032	saccade	n/a	356.7	99.0	n/a	324.0	104.6	1.34	183.0
150.884	0.222	fixation	n/a	313.3	109.5	730.0	n/a	n/a	n/a	n/a
151.108	0.05	saccade	n/a	309.9	110.4	n/a	175.6	103.8	5.35	326.0
151.16	0.238	fixation	n/a	162.1	106.9	787.0	n/a	n/a	n/a	n/a
151.4	0.024	saccade	n/a	165.4	109.9	n/a	232.5	103.7	2.66	194.0
151.426	0.224	fixation	n/a	224.0	106.4	810.0	n/a	n/a	n/a	n/a
151.652	0.02	saccade	n/a	226.0	108.1	n/a	268.6	103.6	1.71	138.0
151.674	0.13	fixation	n/a	259.1	104.5	788.0	n/a	n/a	n/a	n/a
151.806	0.024	saccade	n/a	260.8	103.7	n/a	335.2	99.0	2.98	218.0
151.832	0.184	fixation	n/a	330.9	99.8	771.0	n/a	n/a	n/a	n/a
152.018	0.026	saccade	n/a	332.9	99.8	n/a	425.8	95.5	3.74	260.0
152.046	0.248	fixation	n/a	421.4	95.7	714.0	n/a	n/a	n/a	n/a
152.296	0.024	saccade	n/a	424.7	95.2	n/a	514.7	92.7	3.62	252.0
152.322	0.186	fixation	n/a	508.4	93.8	664.0	n/a	n/a	n/a	n/a
152.396	0.0	trigger_11	11	n/a	n/a	n/a	n/a	n/a	n/a	n/a
152.404	0.0	trigger_10	10	n/a	n/a	n/a	n/a	n/a	n/a	n/a
152.51	0.03	saccade	n/a	510.1	93.8	n/a	477.3	91.4	1.32	172.0
152.542	0.134	fixation	n/a	470.1	92.8	638.0	n/a	n/a	n/a	n/a
152.678	0.022	saccade	n/a	469.8	91.8	n/a	521.8	94.9	2.09	160.0
152.702	0.078	fixation	n/a	511.7	95.7	624.0	n/a	n/a	n/a	n/a
152.782	0.052	saccade	n/a	512.0	95.9	n/a	211.6	136.5	12.06	436.0
152.836	0.318	fixation	n/a	204.8	142.2	655.0	n/a	n/a	n/a	n/a
153.156	0.038	saccade	n/a	204.2	144.1	n/a	273.2	148.6	2.75	238.0
153.196	0.214	fixation	n/a	282.6	146.8	688.0	n/a	n/a	n/a	n/a
153.412	0.024	saccade	n/a	283.2	147.5	n/a	344.6	152.1	2.47	178.0
153.438	0.152	fixation	n/a	334.7	153.6	690.0	n/a	n/a	n/a	n/a
153.592	0.022	saccade	n/a	338.0	153.6	n/a	402.7	154.6	2.6	200.0
153.616	0.164	fixation	n/a	392.3	154.1	672.0	n/a	n/a	n/a	n/a
153.782	0.03	saccade	n/a	392.1	151.5	n/a	507.8	165.4	4.68	314.0
153.814	0.348	fixation	n/a	504.6	160.8	641.0	n/a	n/a	n/a	n/a
154.164	0.02	saccade	n/a	505.1	160.8	n/a	556.6	154.8	2.07	158.0
154.186	0.048	fixation	n/a	549.7	157.4	614.0	n/a	n/a	n/a	n/a
154.236	0.044	saccade	n/a	550.7	156.4	n/a	293.6	128.7	10.33	420.0
154.282	0.326	fixation	n/a	285.3	122.3	608.0	n/a	n/a	n/a	n/a
154.61	0.028	saccade	n/a	285.0	122.7	n/a	178.0	97.5	4.37	304.0
154.64	0.284	fixation	n/a	183.9	100.7	632.0	n/a	n/a	n/a	n/a
154.926	0.02	saccade	n/a	185.7	99.9	n/a	238.1	97.4	2.08	161.0
154.948	0.156	fixation	n/a	229.4	98.9	620.0	n/a	n/a	n/a	n/a
155.106	0.028	saccade	n/a	230.8	98.7	n/a	332.9	91.6	4.09	272.0
155.108	0.0	trigger_11	11	n/a	n/a	n/a	n/a	n/a	n/a	n/a
155.114	0.0	trigger_10	10	n/a	n/a	n/a	n/a	n/a	n/a	n/a
155.136	0.308	fixation	n/a	327.9	93.3	605.0	n/a	n/a	n/a	n/a
155.446	0.026	saccade	n/a	329.5	93.2	n/a	407.7	90.6	3.15	236.0
155.474	0.158	fixation	n/a	401.2	91.0	609.0	n/a	n/a	n/a	n/a
155.634	0.026	saccade	n/a	402.8	91.8	n/a	491.4	89.2	3.57	234.0
155.662	0.228	fixation	n/a	488.2	89.7	588.0	n/a	n/a	n/a	n/a
155.892	0.022	saccade	n/a	489.1	90.2	n/a	547.6	86.6	2.34	159.0
155.916	0.196	fixation	n/a	545.3	87.9	573.0	n/a	n/a	n/a	n/a
156.114	0.056	saccade	n/a	545.5	87.7	n/a	196.0	144.6	14.06	413.0
156.172	0.228	fixation	n/a	187.4	148.4	578.0	n/a	n/a	n/a	n/a
156.402	0.026	saccade	n/a	186.5	147.9	n/a	280.9	144.7	3.75	270.0
156.43	0.154	fixation	n/a	274.9	147.7	590.0	n/a	n/a	n/a	n/a
156.586	0.034	saccade	n/a	276.0	149.0	n/a	398.6	144.5	4.93	268.0
156.622	0.18	fixation	n/a	399.2	146.3	600.0	n/a	n/a	n/a	n/a
156.804	0.04	saccade	n/a	401.3	147.6	n/a	597.5	154.4	7.84	358.0
156.846	0.114	fixation	n/a	604.3	153.5	573.0	n/a	n/a	n/a	n/a
156.962	0.056	saccade	n/a	602.5	151.8	n/a	384.2	91.4	9.05	352.0
157.02	0.326	fixation	n/a	366.8	95.9	548.0	n/a	n/a	n/a	n/a
157.348	0.026	saccade	n/a	359.4	96.6	n/a	220.7	90.7	5.55	372.0
157.376	0.3	fixation	n/a	210.6	95.1	594.0	n/a	n/a	n/a	n/a
157.678	0.024	saccade	n/a	210.6	95.1	n/a	299.6	90.2	3.55	242.0
157.704	0.142	fixation	n/a	300.8	94.3	605.0	n/a	n/a	n/a	n/a
157.848	0.026	saccade	n/a	303.3	94.1	n/a	397.2	91.3	3.78	258.0
157.876	0.256	fixation	n/a	391.3	92.4	596.0	n/a	n/a	n/a	n/a
158.134	0.024	saccade	n/a	392.6	92.2	n/a	459.9	89.9	2.71	198.0
158.16	0.178	fixation	n/a	452.7	90.1	577.0	n/a	n/a	n/a	n/a
158.34	0.018	saccade	n/a	454.4	88.9	n/a	498.6	86.3	1.78	124.0
158.36	0.206	fixation	n/a	496.0	88.8	568.0	n/a	n/a	n/a	n/a
158.568	0.008	saccade	n/a	497.7	89.7	n/a	507.1	92.0	0.39	48.0
158.578	0.036	fixation	n/a	506.6	93.7	573.0	n/a	n/a	n/a	n/a
158.616	0.046	saccade	n/a	503.1	93.8	n/a	236.3	123.9	10.72	388.0
158.664	0.142	fixation	n/a	216.9	133.6	594.0	n/a	n/a	n/a	n/a
158.808	0.016	saccade	n/a	212.4	139.3	n/a	185.3	144.9	1.09	73.0
158.826	0.148	fixation	n/a	184.4	146.7	602.0	n/a	n/a	n/a	n/a
158.976	0.028	saccade	n/a	186.2	146.5	n/a	286.2	148.6	3.97	234.0
159.006	0.224	fixation	n/a	277.0	150.7	628.0	n/a	n/a	n/a	n/a
159.232	0.022	saccade	n/a	280.2	149.0	n/a	343.2	144.1	2.53	179.0
159.256	0.172	fixation	n/a	335.5	146.3	590.0	n/a	n/a	n/a	n/a
159.43	0.022	saccade	n/a	337.8	145.7	n/a	408.4	141.0	2.85	205.0
159.454	0.38	fixation	n/a	409.8	143.3	532.0	n/a	n/a	n/a	n/a
159.836	0.02	saccade	n/a	413.0	142.0	n/a	461.7	141.4	1.96	127.0
159.858	0.17	fixation	n/a	457.7	143.2	504.0	n/a	n/a	n/a	n/a
160.03	0.024	saccade	n/a	459.5	144.2	n/a	532.2	138.7	2.92	179.0
160.056	0.14	fixation	n/a	532.3	142.5	503.0	n/a	n/a	n/a	n/a
160.198	0.02	saccade	n/a	531.2	145.6	n/a	588.3	143.0	2.27	163.0
160.22	0.214	fixation	n/a	604.6	145.3	502.0	n/a	n/a	n/a	n/a
160.436	0.018	saccade	n/a	606.3	144.8	n/a	653.2	142.9	1.84	136.0
160.456	0.11	fixation	n/a	655.3	142.4	500.0	n/a	n/a	n/a	n/a
160.568	0.068	saccade	n/a	654.8	143.2	n/a	292.6	177.9	14.38	352.0
160.638	0.086	fixation	n/a	290.0	180.1	537.0	n/a	n/a	n/a	n/a
160.726	0.03	saccade	n/a	287.7	182.1	n/a	166.1	192.3	4.83	266.0
160.758	0.242	fixation	n/a	158.4	201.1	573.0	n/a	n/a	n/a	n/a
161.002	0.034	saccade	n/a	156.2	202.2	n/a	212.2	205.2	2.2	236.0
161.038	0.26	fixation	n/a	219.5	204.0	629.0	n/a	n/a	n/a	n/a
161.3	0.03	saccade	n/a	219.7	206.1	n/a	271.0	214.9	2.07	228.0
161.332	0.328	fixation	n/a	277.3	211.5	601.0	n/a	n/a	n/a	n/a
161.662	0.024	saccade	n/a	277.8	210.4	n/a	343.4	217.1	2.64	188.0
161.688	0.388	fixation	n/a	340.5	217.2	584.0	n/a	n/a	n/a	n/a
162.078	0.016	saccade	n/a	342.7	220.3	n/a	376.3	219.0	1.35	114.0
162.096	0.316	fixation	n/a	372.5	217.4	571.0	n/a	n/a	n/a	n/a
162.414	0.022	saccade	n/a	370.7	209.4	n/a	350.9	150.9	2.51	136.0
162.438	0.084	fixation	n/a	342.4	119.0	518.0	n/a	n/a	n/a	n/a
162.524	0.026	saccade	n/a	337.1	105.8	n/a	284.2	92.2	2.19	120.0
162.552	0.066	fixation	n/a	285.9	94.6	511.0	n/a	n/a	n/a	n/a
162.62	0.022	saccade	n/a	281.5	97.5	n/a	215.9	95.6	2.61	186.0
162.644	0.384	fixation	n/a	213.2	98.6	507.0	n/a	n/a	n/a	n/a
163.03	0.036	saccade	n/a	210.0	99.9	n/a	342.4	92.0	5.28	272.0
163.068	0.224	fixation	n/a	343.6	93.4	518.0	n/a	n/a	n/a	n/a
163.294	0.024	saccade	n/a	345.2	95.4	n/a	418.0	90.4	2.94	197.0
163.32	0.142	fixation	n/a	413.6	93.3	516.0	n/a	n/a	n/a	n/a
163.444	0.0	trigger_11	11	n/a	n/a	n/a	n/a	n/a	n/a	n/a
163.45	0.0	trigger_10	10	n/a	n/a	n/a	n/a	n/a	n/a	n/a
163.464	0.022	saccade	n/a	414.4	95.1	n/a	486.5	89.5	2.91	214.0
163.488	0.174	fixation	n/a	486.9	92.8	497.0	n/a	n/a	n/a	n/a
163.664	0.014	saccade	n/a	486.7	93.2	n/a	515.9	87.7	1.19	110.0
163.68	0.214	fixation	n/a	513.6	88.9	498.0	n/a	n/a	n/a	n/a
163.896	0.056	saccade	n/a	507.8	88.8	n/a	204.1	130.2	12.19	323.0
163.954	0.136	fixation	n/a	197.4	134.1	551.0	n/a	n/a	n/a	n/a
164.092	0.02	saccade	n/a	199.5	136.5	n/a	157.5	142.4	1.67	124.0
164.114	0.184	fixation	n/a	161.7	144.0	607.0	n/a	n/a	n/a	n/a
164.3	0.026	saccade	n/a	160.3	144.4	n/a	253.7	143.7	3.69	231.0
164.328	0.174	fixation	n/a	256.2	148.9	665.0	n/a	n/a	n/a	n/a
164.504	0.034	saccade	n/a	258.3	150.1	n/a	328.0	154.0	2.79	227.0
164.54	0.158	fixation	n/a	334.7	148.6	673.0	n/a	n/a	n/a	n/a
164.7	0.026	saccade	n/a	338.1	149.8	n/a	424.7	149.9	3.48	232.0
164.728	0.15	fixation	n/a	423.4	150.8	637.0	n/a	n/a	n/a	n/a
164.88	0.036	saccade	n/a	426.5	153.0	n/a	595.6	160.0	6.76	354.0
164.918	0.11	fixation	n/a	605.5	159.5	597.0	n/a	n/a	n/a	n/a
165.03	0.06	saccade	n/a	603.5	162.1	n/a	234.5	188.9	14.65	456.0
165.092	0.21	fixation	n/a	227.7	201.3	588.0	n/a	n/a	n/a	n/a
165.304	0.024	saccade	n/a	228.6	181.4	n/a	212.6	124.9	2.37	128.0
165.33	0.39	fixation	n/a	227.6	97.6	566.0	n/a	n/a	n/a	n/a
165.722	0.022	saccade	n/a	225.2	99.6	n/a	158.1	90.4	2.67	202.0
165.746	0.168	fixation	n/a	161.9	91.6	585.0	n/a	n/a	n/a	n/a
165.916	0.026	saccade	n/a	160.0	92.5	n/a	252.7	88.9	3.67	244.0
165.944	0.128	fixation	n/a	246.4	91.2	596.0	n/a	n/a	n/a	n/a
166.074	0.026	saccade	n/a	247.0	91.5	n/a	349.6	87.7	4.12	277.0
166.102	0.234	fixation	n/a	347.7	90.4	587.0	n/a	n/a	n/a	n/a
166.338	0.016	saccade	n/a	348.2	91.7	n/a	315.0	93.5	1.34	110.0
166.356	0.092	fixation	n/a	322.5	92.3	583.0	n/a	n/a	n/a	n/a
166.45	0.026	saccade	n/a	322.1	93.0	n/a	415.8	92.3	3.77	272.0
166.478	0.22	fixation	n/a	411.9	93.4	580.0	n/a	n/a	n/a	n/a
166.7	0.022	saccade	n/a	412.9	94.0	n/a	478.5	92.0	2.64	198.0
166.724	0.304	fixation	n/a	470.6	94.9	594.0	n/a	n/a	n/a	n/a
167.03	0.022	saccade	n/a	471.8	95.6	n/a	531.4	90.9	2.4	167.0
167.054	0.186	fixation	n/a	524.5	93.1	556.0	n/a	n/a	n/a	n/a
167.242	0.018	saccade	n/a	524.5	93.6	n/a	569.7	88.8	1.81	134.0
167.262	0.37	fixation	n/a	566.6	91.9	549.0	n/a	n/a	n/a	n/a
167.634	0.066	saccade	n/a	564.6	90.8	n/a	187.6	143.0	15.05	406.0
167.702	0.402	fixation	n/a	185.2	149.7	584.0	n/a	n/a	n/a	n/a
168.106	0.036	saccade	n/a	184.0	152.1	n/a	279.0	152.0	3.77	303.0
168.144	0.29	fixation	n/a	287.9	148.5	600.0	n/a	n/a	n/a	n/a
168.436	0.024	saccade	n/a	290.1	149.4	n/a	385.5	142.2	3.84	279.0
168.462	0.358	fixation	n/a	378.2	144.8	558.0	n/a	n/a	n/a	n/a
168.822	0.022	saccade	n/a	378.6	145.3	n/a	443.3	140.7	2.62	180.0
168.846	0.482	fixation	n/a	436.0	144.4	516.0	n/a	n/a	n/a	n/a
169.33	0.028	saccade	n/a	435.5	145.3	n/a	342.6	141.7	3.74	252.0
169.36	0.174	fixation	n/a	346.8	145.7	536.0	n/a	n/a	n/a	n/a
169.536	0.03	saccade	n/a	343.8	147.3	n/a	261.3	145.0	3.3	191.0
169.568	0.428	fixation	n/a	258.2	149.9	581.0	n/a	n/a	n/a	n/a
169.998	0.034	saccade	n/a	255.0	150.6	n/a	203.3	146.5	2.06	265.0
170.034	0.214	fixation	n/a	190.7	153.2	622.0	n/a	n/a	n/a	n/a
170.25	0.052	saccade	n/a	191.2	152.2	n/a	491.0	110.4	12.04	406.0
170.304	0.33	fixation	n/a	502.5	109.1	642.0	n/a	n/a	n/a	n/a
170.636	0.024	saccade	n/a	504.1	111.0	n/a	574.7	95.0	2.89	227.0
170.662	0.2	fixation	n/a	568.2	99.5	645.0	n/a	n/a	n/a	n/a
170.864	0.056	saccade	n/a	569.6	100.9	n/a	231.8	156.7	13.59	451.0
170.922	0.17	fixation	n/a	226.3	160.5	643.0	n/a	n/a	n/a	n/a
171.094	0.032	saccade	n/a	224.3	161.5	n/a	188.1	151.6	1.49	222.0
171.128	0.306	fixation	n/a	176.8	156.0	677.0	n/a	n/a	n/a	n/a
171.436	0.026	saccade	n/a	177.3	157.6	n/a	264.4	148.3	3.48	241.0
171.464	0.35	fixation	n/a	259.7	151.5	665.0	n/a	n/a	n/a	n/a
171.816	0.016	saccade	n/a	263.4	152.0	n/a	291.9	147.3	1.15	98.0
171.834	0.332	fixation	n/a	283.6	149.7	632.0	n/a	n/a	n/a	n/a
172.168	0.246	saccade	n/a	286.9	157.5	n/a	303.0	238.1	3.33	597.0
172.194	0.182	blink	n/a	n/a	n/a	n/a	n/a	n/a	n/a	n/a
172.416	0.446	fixation	n/a	298.9	170.7	669.0	n/a	n/a	n/a	n/a
172.614	0.0	trigger_11	11	n/a	n/a	n/a	n/a	n/a	n/a	n/a
172.616	0.0	trigger_12	12	n/a	n/a	n/a	n/a	n/a	n/a	n/a
172.864	0.024	saccade	n/a	297.2	162.1	n/a	361.5	158.9	2.58	189.0
172.89	0.338	fixation	n/a	353.7	160.8	559.0	n/a	n/a	n/a	n/a
173.23	0.026	saccade	n/a	351.4	158.7	n/a	455.2	147.9	4.19	272.0
173.258	0.508	fixation	n/a	448.3	145.7	593.0	n/a	n/a	n/a	n/a
173.768	0.034	saccade	n/a	441.3	144.0	n/a	263.3	117.7	7.23	373.0
173.804	0.306	fixation	n/a	236.3	113.9	628.0	n/a	n/a	n/a	n/a
174.112	0.03	saccade	n/a	236.3	114.0	n/a	356.5	99.3	4.85	280.0
174.144	0.15	fixation	n/a	355.1	100.1	638.0	n/a	n/a	n/a	n/a
174.19	0.0	trigger_13	13	n/a	n/a	n/a	n/a	n/a	n/a	n/a
174.296	0.02	saccade	n/a	352.3	101.1	n/a	301.6	98.9	2.04	172.0
174.318	0.28	fixation	n/a	310.3	99.6	680.0	n/a	n/a	n/a	n/a
174.6	0.034	saccade	n/a	310.5	99.6	n/a	370.6	98.3	2.42	258.0
174.636	0.232	fixation	n/a	379.2	96.1	657.0	n/a	n/a	n/a	n/a
174.87	0.046	saccade	n/a	379.8	98.7	n/a	202.6	94.7	7.08	439.0
174.918	0.31	fixation	n/a	185.8	97.6	617.0	n/a	n/a	n/a	n/a
175.23	0.032	saccade	n/a	184.6	96.9	n/a	239.9	96.4	2.19	228.0
175.264	0.234	fixation	n/a	247.7	95.4	688.0	n/a	n/a	n/a	n/a
175.5	0.024	saccade	n/a	248.1	97.3	n/a	311.0	95.1	2.52	175.0
175.526	0.284	fixation	n/a	301.5	95.8	719.0	n/a	n/a	n/a	n/a
175.812	0.024	saccade	n/a	301.5	95.1	n/a	349.4	94.3	1.93	182.0
175.838	0.26	fixation	n/a	343.8	92.9	701.0	n/a	n/a	n/a	n/a
176.1	0.042	saccade	n/a	343.9	93.1	n/a	242.5	92.0	4.06	366.0
176.144	0.388	fixation	n/a	224.2	97.0	733.0	n/a	n/a	n/a	n/a
176.182	0.0	trigger_15	15	n/a	n/a	n/a	n/a	n/a	n/a	n/a
176.186	0.0	trigger_12	12	n/a	n/a	n/a	n/a	n/a	n/a	n/a
176.534	0.028	saccade	n/a	225.0	96.0	n/a	320.7	97.8	3.82	279.0
176.564	0.098	fixation	n/a	312.4	94.6	764.0	n/a	n/a	n/a	n/a
176.664	0.038	saccade	n/a	312.6	95.1	n/a	462.7	103.9	6.04	336.0
176.704	0.204	fixation	n/a	463.2	101.7	758.0	n/a	n/a	n/a	n/a
176.91	0.026	saccade	n/a	462.5	105.0	n/a	559.1	98.5	3.87	273.0
176.938	0.262	fixation	n/a	560.4	99.1	767.0	n/a	n/a	n/a	n/a
177.202	0.214	saccade	n/a	561.5	100.7	n/a	573.5	134.9	1.47	767.0
177.234	0.13	blink	n/a	n/a	n/a	n/a	n/a	n/a	n/a	n/a
177.418	0.384	fixation	n/a	560.5	114.1	788.0	n/a	n/a	n/a	n/a
177.804	0.026	saccade	n/a	557.6	111.5	n/a	651.2	97.1	3.74	258.0
177.832	0.168	fixation	n/a	645.0	95.3	669.0	n/a	n/a	n/a	n/a
178.002	0.036	saccade	n/a	644.5	98.4	n/a	581.3	216.7	5.38	374.0
178.04	0.354	fixation	n/a	566.7	217.4	748.0	n/a	n/a	n/a	n/a
178.396	0.06	saccade	n/a	560.9	218.4	n/a	313.0	127.1	10.57	378.0
178.458	0.046	fixation	n/a	314.6	125.8	699.0	n/a	n/a	n/a	n/a
178.506	0.028	saccade	n/a	313.6	124.6	n/a	220.9	88.5	3.98	276.0
178.536	0.134	fixation	n/a	219.6	92.4	653.0	n/a	n/a	n/a	n/a
178.672	0.032	saccade	n/a	216.2	92.3	n/a	175.8	91.6	1.6	207.0
178.706	0.186	fixation	n/a	164.7	96.1	644.0	n/a	n/a	n/a	n/a
178.894	0.036	saccade	n/a	163.0	97.6	n/a	237.8	98.7	2.96	252.0
178.932	0.214	fixation	n/a	246.6	95.6	744.0	n/a	n/a	n/a	n/a
179.148	0.024	saccade	n/a	246.9	97.7	n/a	320.4	93.9	2.94	223.0
179.174	0.23	fixation	n/a	310.6	97.3	794.0	n/a	n/a	n/a	n/a
179.406	0.02	saccade	n/a	314.7	98.0	n/a	368.6	96.8	2.17	170.0
179.428	0.252	fixation	n/a	358.3	98.6	773.0	n/a	n/a	n/a	n/a
179.682	0.024	saccade	n/a	360.3	98.3	n/a	438.0	100.0	3.13	227.0
179.708	0.36	fixation	n/a	429.5	98.7	721.0	n/a	n/a	n/a	n/a
180.07	0.022	saccade	n/a	432.1	96.2	n/a	488.9	93.5	2.29	158.0
180.094	0.226	fixation	n/a	482.8	96.7	702.0	n/a	n/a	n/a	n/a
180.322	0.022	saccade	n/a	483.4	96.3	n/a	530.5	93.8	1.89	157.0
180.346	0.43	fixation	n/a	524.9	93.5	691.0	n/a	n/a	n/a	n/a
180.778	0.074	saccade	n/a	525.4	91.3	n/a	197.5	144.7	13.22	333.0
180.854	0.136	fixation	n/a	205.2	145.8	722.0	n/a	n/a	n/a	n/a
180.992	0.02	saccade	n/a	206.5	148.6	n/a	153.4	158.1	2.12	140.0
181.014	0.304	fixation	n/a	154.3	157.9	745.0	n/a	n/a	n/a	n/a
181.294	0.0	trigger_13	13	n/a	n/a	n/a	n/a	n/a	n/a	n/a
181.32	0.036	saccade	n/a	152.3	159.3	n/a	216.7	164.2	2.54	243.0
181.358	0.244	fixation	n/a	224.4	159.3	762.0	n/a	n/a	n/a	n/a
181.604	0.034	saccade	n/a	226.0	159.5	n/a	287.7	162.2	2.46	227.0
181.64	0.228	fixation	n/a	294.1	159.0	727.0	n/a	n/a	n/a	n/a
181.87	0.026	saccade	n/a	293.1	157.5	n/a	371.8	160.8	3.16	240.0
181.898	0.184	fixation	n/a	363.9	161.7	718.0	n/a	n/a	n/a	n/a
182.084	0.024	saccade	n/a	365.7	162.0	n/a	452.8	159.3	3.51	263.0
182.11	0.334	fixation	n/a	444.8	164.5	726.0	n/a	n/a	n/a	n/a
182.446	0.014	saccade	n/a	447.5	163.8	n/a	472.2	162.2	0.99	88.0
182.462	0.232	fixation	n/a	465.4	162.4	712.0	n/a	n/a	n/a	n/a
182.696	0.228	saccade	n/a	462.9	167.6	n/a	505.3	226.7	2.94	715.0
182.726	0.15	blink	n/a	n/a	n/a	n/a	n/a	n/a	n/a	n/a
182.926	0.316	fixation	n/a	500.4	170.2	688.0	n/a	n/a	n/a	n/a
183.244	0.018	saccade	n/a	501.6	165.3	n/a	541.2	165.1	1.58	129.0
183.264	0.286	fixation	n/a	532.7	161.7	623.0	n/a	n/a	n/a	n/a
183.552	0.052	saccade	n/a	531.7	157.2	n/a	258.5	114.2	11.05	402.0
183.606	0.382	fixation	n/a	256.9	116.9	588.0	n/a	n/a	n/a	n/a
183.99	0.212	saccade	n/a	264.3	127.0	n/a	602.6	439.4	18.11	668.0
184.01	0.146	blink	n/a	n/a	n/a	n/a	n/a	n/a	n/a	n/a
184.204	0.206	fixation	n/a	595.2	410.7	789.0	n/a	n/a	n/a	n/a
184.412	0.064	saccade	n/a	593.0	413.9	n/a	851.1	619.6	12.08	554.0
184.478	0.24	fixation	n/a	861.1	628.6	738.0	n/a	n/a	n/a	n/a
184.72	0.202	saccade	n/a	862.0	626.2	n/a	337.1	277.0	23.42	492.0
184.758	0.118	blink	n/a	n/a	n/a	n/a	n/a	n/a	n/a	n/a
184.862	0.0	trigger_15	15	n/a	n/a	n/a	n/a	n/a	n/a	n/a
184.868	0.0	trigger_10	10	n/a	n/a	n/a	n/a	n/a	n/a	n/a
184.924	0.44	fixation	n/a	332.6	256.8	809.0	n/a	n/a	n/a	n/a
185.366	0.062	saccade	n/a	324.9	258.2	n/a	503.9	450.2	10.34	490.0
185.43	0.302	fixation	n/a	506.5	470.8	770.0	n/a	n/a	n/a	n/a
185.734	0.05	saccade	n/a	506.4	469.5	n/a	439.7	267.1	8.36	356.0
185.786	0.238	fixation	n/a	440.0	262.6	730.0	n/a	n/a	n/a	n/a
186.026	0.214	saccade	n/a	440.2	265.0	n/a	481.9	187.3	3.56	569.0
186.058	0.134	blink	n/a	n/a	n/a	n/a	n/a	n/a	n/a	n/a
186.242	0.07	fixation	n/a	480.1	147.9	750.0	n/a	n/a	n/a	n/a
186.314	0.006	saccade	n/a	477.6	143.7	n/a	478.0	151.3	0.31	45.0
186.322	0.226	fixation	n/a	477.6	152.4	805.0	n/a	n/a	n/a	n/a
186.55	0.038	saccade	n/a	475.7	148.6	n/a	398.3	202.1	3.8	350.0
186.59	0.524	fixation	n/a	384.3	208.5	847.0	n/a	n/a	n/a	n/a
187.116	0.04	saccade	n/a	381.7	210.7	n/a	233.1	129.0	6.8	381.0
187.158	0.082	fixation	n/a	232.4	126.7	810.0	n/a	n/a	n/a	n/a
187.242	0.036	saccade	n/a	229.9	125.9	n/a	201.2	109.7	1.31	240.0
187.28	0.272	fixation	n/a	189.1	109.9	752.0	n/a	n/a	n/a	n/a
187.554	0.028	saccade	n/a	190.4	110.7	n/a	168.5	100.2	0.96	152.0
187.584	0.132	fixation	n/a	161.9	105.7	793.0	n/a	n/a	n/a	n/a
187.718	0.038	saccade	n/a	162.1	106.7	n/a	245.8	102.6	3.31	290.0
187.758	0.196	fixation	n/a	256.0	100.8	866.0	n/a	n/a	n/a	n/a
187.956	0.026	saccade	n/a	257.3	101.9	n/a	342.3	101.3	3.4	250.0
187.984	0.262	fixation	n/a	332.8	103.8	899.0	n/a	n/a	n/a	n/a
188.248	0.022	saccade	n/a	335.1	105.7	n/a	373.1	106.0	1.53	136.0
188.272	0.184	fixation	n/a	364.9	105.6	887.0	n/a	n/a	n/a	n/a
188.458	0.024	saccade	n/a	364.5	104.0	n/a	426.1	103.6	2.48	184.0
188.484	0.21	fixation	n/a	417.5	105.1	823.0	n/a	n/a	n/a	n/a
188.696	0.02	saccade	n/a	417.4	107.4	n/a	462.7	100.5	1.84	148.0
188.718	0.214	fixation	n/a	458.0	103.3	786.0	n/a	n/a	n/a	n/a
188.934	0.026	saccade	n/a	458.8	103.2	n/a	538.8	98.2	3.21	226.0
188.962	0.23	fixation	n/a	537.0	95.1	740.0	n/a	n/a	n/a	n/a
189.194	0.022	saccade	n/a	537.3	96.9	n/a	601.2	97.8	2.54	185.0
189.218	0.04	fixation	n/a	591.1	98.7	720.0	n/a	n/a	n/a	n/a
189.26	0.054	saccade	n/a	592.3	97.6	n/a	229.1	147.5	14.53	498.0
189.316	0.142	fixation	n/a	223.9	149.5	738.0	n/a	n/a	n/a	n/a
189.326	0.0	trigger_11	11	n/a	n/a	n/a	n/a	n/a	n/a	n/a
189.332	0.0	trigger_10	10	n/a	n/a	n/a	n/a	n/a	n/a	n/a
189.46	0.032	saccade	n/a	220.8	149.2	n/a	172.2	153.4	1.92	197.0
189.494	0.114	fixation	n/a	166.2	157.2	768.0	n/a	n/a	n/a	n/a
189.61	0.036	saccade	n/a	165.0	157.8	n/a	248.4	164.9	3.31	281.0
189.648	0.196	fixation	n/a	259.2	165.7	846.0	n/a	n/a	n/a	n/a
189.846	0.032	saccade	n/a	260.8	168.6	n/a	312.5	173.3	2.08	207.0
189.88	0.17	fixation	n/a	313.5	169.4	857.0	n/a	n/a	n/a	n/a
190.052	0.024	saccade	n/a	312.6	168.4	n/a	382.1	168.4	2.8	211.0
190.078	0.218	fixation	n/a	372.5	164.0	768.0	n/a	n/a	n/a	n/a
190.298	0.032	saccade	n/a	373.4	158.1	n/a	517.9	167.2	5.82	352.0
190.332	0.278	fixation	n/a	516.4	165.0	691.0	n/a	n/a	n/a	n/a
190.612	0.27	saccade	n/a	510.7	172.5	n/a	553.2	239.6	3.2	754.0
190.642	0.198	blink	n/a	n/a	n/a	n/a	n/a	n/a	n/a	n/a
190.884	0.172	fixation	n/a	545.8	174.1	655.0	n/a	n/a	n/a	n/a
191.058	0.046	saccade	n/a	538.6	162.2	n/a	292.1	117.6	10.01	382.0
191.106	0.132	fixation	n/a	283.5	116.6	698.0	n/a	n/a	n/a	n/a
191.24	0.018	saccade	n/a	279.2	115.4	n/a	245.8	93.9	1.6	129.0
191.26	0.3	fixation	n/a	250.0	102.6	623.0	n/a	n/a	n/a	n/a
191.562	0.024	saccade	n/a	247.6	104.9	n/a	160.5	92.0	3.48	255.0
191.588	0.216	fixation	n/a	170.1	97.8	649.0	n/a	n/a	n/a	n/a
191.806	0.036	saccade	n/a	171.0	98.3	n/a	246.7	100.2	2.99	270.0
191.844	0.136	fixation	n/a	256.0	95.8	691.0	n/a	n/a	n/a	n/a
191.982	0.038	saccade	n/a	256.9	96.2	n/a	333.4	97.8	3.06	278.0
192.022	0.19	fixation	n/a	342.3	95.1	711.0	n/a	n/a	n/a	n/a
192.214	0.026	saccade	n/a	343.3	94.7	n/a	421.4	91.1	3.15	218.0
192.242	0.194	fixation	n/a	412.1	91.5	738.0	n/a	n/a	n/a	n/a
192.438	0.022	saccade	n/a	410.4	91.4	n/a	468.3	95.1	2.33	174.0
192.462	0.16	fixation	n/a	456.1	93.5	727.0	n/a	n/a	n/a	n/a
192.624	0.024	saccade	n/a	458.2	90.9	n/a	534.3	87.4	3.05	231.0
192.65	0.192	fixation	n/a	526.8	88.8	683.0	n/a	n/a	n/a	n/a
192.844	0.016	saccade	n/a	527.4	88.7	n/a	560.6	88.3	1.33	117.0
192.862	0.08	fixation	n/a	554.4	87.6	655.0	n/a	n/a	n/a	n/a
192.944	0.058	saccade	n/a	554.8	87.0	n/a	202.4	139.7	14.15	441.0
193.004	0.14	fixation	n/a	202.4	143.1	647.0	n/a	n/a	n/a	n/a
193.146	0.014	saccade	n/a	201.7	146.6	n/a	180.3	151.5	0.87	80.0
193.162	0.106	fixation	n/a	187.2	150.1	641.0	n/a	n/a	n/a	n/a
193.27	0.024	saccade	n/a	186.3	149.3	n/a	282.1	144.7	3.81	276.0
193.288	0.0	trigger_11	11	n/a	n/a	n/a	n/a	n/a	n/a	n/a
193.296	0.0	trigger_12	12	n/a	n/a	n/a	n/a	n/a	n/a	n/a
193.296	0.362	fixation	n/a	274.3	148.0	660.0	n/a	n/a	n/a	n/a
193.66	0.026	saccade	n/a	276.7	149.7	n/a	353.2	152.4	3.07	202.0
193.688	0.166	fixation	n/a	342.0	150.1	656.0	n/a	n/a	n/a	n/a
193.856	0.024	saccade	n/a	343.1	149.7	n/a	408.7	151.3	2.64	208.0
193.882	0.144	fixation	n/a	399.9	153.3	664.0	n/a	n/a	n/a	n/a
194.028	0.024	saccade	n/a	400.6	155.3	n/a	471.6	153.5	2.86	207.0
194.054	0.22	fixation	n/a	462.0	156.7	689.0	n/a	n/a	n/a	n/a
194.276	0.022	saccade	n/a	464.6	159.4	n/a	517.3	161.6	2.11	167.0
194.3	0.188	fixation	n/a	509.8	163.4	695.0	n/a	n/a	n/a	n/a
194.49	0.024	saccade	n/a	509.6	163.9	n/a	579.6	158.2	2.8	198.0
194.516	0.24	fixation	n/a	575.5	160.1	690.0	n/a	n/a	n/a	n/a
194.758	0.068	saccade	n/a	577.6	160.0	n/a	160.3	202.9	16.52	400.0
194.828	0.324	fixation	n/a	157.7	204.7	722.0	n/a	n/a	n/a	n/a
195.154	0.026	saccade	n/a	156.1	203.4	n/a	180.5	104.6	4.1	268.0
195.182	0.434	fixation	n/a	189.9	104.2	785.0	n/a	n/a	n/a	n/a
195.618	0.034	saccade	n/a	193.1	102.7	n/a	260.0	99.7	2.66	240.0
195.654	0.16	fixation	n/a	265.7	95.8	801.0	n/a	n/a	n/a	n/a
195.816	0.028	saccade	n/a	267.9	95.4	n/a	376.0	94.1	4.34	288.0
195.846	0.234	fixation	n/a	370.6	93.8	767.0	n/a	n/a	n/a	n/a
196.082	0.018	saccade	n/a	374.3	93.7	n/a	413.0	94.0	1.56	131.0
196.102	0.174	fixation	n/a	404.0	92.9	751.0	n/a	n/a	n/a	n/a
196.278	0.026	saccade	n/a	406.5	91.9	n/a	513.1	83.7	4.29	294.0
196.306	0.282	fixation	n/a	514.0	85.8	731.0	n/a	n/a	n/a	n/a
196.59	0.018	saccade	n/a	513.7	85.9	n/a	553.9	88.0	1.61	126.0
196.61	0.092	fixation	n/a	546.9	90.1	692.0	n/a	n/a	n/a	n/a
196.704	0.054	saccade	n/a	544.8	90.9	n/a	218.5	144.0	13.15	444.0
196.76	0.16	fixation	n/a	217.8	146.5	703.0	n/a	n/a	n/a	n/a
196.922	0.034	saccade	n/a	217.3	146.9	n/a	178.7	145.4	1.53	212.0
196.958	0.188	fixation	n/a	166.5	150.7	717.0	n/a	n/a	n/a	n/a
197.148	0.036	saccade	n/a	169.4	152.0	n/a	225.2	154.6	2.2	186.0
197.186	0.226	fixation	n/a	236.4	151.3	742.0	n/a	n/a	n/a	n/a
197.414	0.026	saccade	n/a	238.6	152.7	n/a	314.3	154.7	3.03	203.0
197.442	0.356	fixation	n/a	305.8	155.9	753.0	n/a	n/a	n/a	n/a
197.8	0.024	saccade	n/a	307.4	158.6	n/a	364.4	157.4	2.29	170.0
197.826	0.274	fixation	n/a	353.0	158.7	742.0	n/a	n/a	n/a	n/a
198.102	0.038	saccade	n/a	352.7	157.9	n/a	271.4	147.2	3.29	344.0
198.142	0.248	fixation	n/a	256.9	151.1	697.0	n/a	n/a	n/a	n/a
198.392	0.022	saccade	n/a	254.0	147.6	n/a	242.4	100.3	1.98	131.0
198.416	0.224	fixation	n/a	244.0	103.0	734.0	n/a	n/a	n/a	n/a
198.642	0.024	saccade	n/a	244.5	104.3	n/a	329.6	94.7	3.43	254.0
198.668	0.154	fixation	n/a	321.5	97.8	791.0	n/a	n/a	n/a	n/a
198.68	0.0	trigger_13	13	n/a	n/a	n/a	n/a	n/a	n/a	n/a
198.824	0.026	saccade	n/a	323.1	98.9	n/a	424.9	93.9	4.1	297.0
198.852	0.25	fixation	n/a	417.8	91.6	755.0	n/a	n/a	n/a	n/a
199.104	0.036	saccade	n/a	419.7	90.5	n/a	494.1	93.6	3.0	269.0
199.142	0.22	fixation	n/a	504.5	91.4	690.0	n/a	n/a	n/a	n/a
199.364	0.054	saccade	n/a	502.6	92.8	n/a	206.3	151.8	12.05	424.0
199.42	0.316	fixation	n/a	208.8	154.2	701.0	n/a	n/a	n/a	n/a
199.738	0.218	saccade	n/a	217.7	157.3	n/a	315.8	302.7	7.03	652.0
199.772	0.162	blink	n/a	n/a	n/a	n/a	n/a	n/a	n/a	n/a
199.958	0.236	fixation	n/a	296.1	185.0	670.0	n/a	n/a	n/a	n/a
200.196	0.018	saccade	n/a	290.2	157.2	n/a	253.6	154.3	1.47	129.0
200.216	0.452	fixation	n/a	258.9	153.5	721.0	n/a	n/a	n/a	n/a
200.67	0.016	saccade	n/a	257.3	146.5	n/a	266.6	117.8	1.22	93.0
200.688	0.352	fixation	n/a	269.2	118.9	666.0	n/a	n/a	n/a	n/a
201.042	0.026	saccade	n/a	272.0	119.9	n/a	364.3	96.5	3.83	295.0
201.07	0.314	fixation	n/a	355.6	104.1	713.0	n/a	n/a	n/a	n/a
201.386	0.042	saccade	n/a	355.3	115.5	n/a	352.8	177.7	2.54	253.0
201.43	0.332	fixation	n/a	352.4	195.9	862.0	n/a	n/a	n/a	n/a
201.764	0.016	saccade	n/a	353.1	202.5	n/a	373.5	221.3	1.12	93.0
201.782	0.22	fixation	n/a	367.6	218.4	880.0	n/a	n/a	n/a	n/a
202.004	0.016	saccade	n/a	366.5	220.1	n/a	344.8	222.2	0.88	88.0
202.022	0.252	fixation	n/a	351.4	222.0	888.0	n/a	n/a	n/a	n/a
202.276	0.222	saccade	n/a	352.6	230.8	n/a	377.7	398.5	6.76	822.0
202.302	0.158	blink	n/a	n/a	n/a	n/a	n/a	n/a	n/a	n/a
202.5	0.404	fixation	n/a	355.5	255.6	783.0	n/a	n/a	n/a	n/a
202.906	0.04	saccade	n/a	355.6	232.0	n/a	440.7	228.7	3.42	256.0
202.948	0.298	fixation	n/a	452.6	225.6	672.0	n/a	n/a	n/a	n/a
203.032	0.0	trigger_15	15	n/a	n/a	n/a	n/a	n/a	n/a	n/a
203.038	0.0	trigger_10	10	n/a	n/a	n/a	n/a	n/a	n/a	n/a
203.248	0.02	saccade	n/a	455.3	228.0	n/a	412.0	222.4	1.75	130.0
203.27	0.212	fixation	n/a	420.5	223.6	629.0	n/a	n/a	n/a	n/a
203.484	0.034	saccade	n/a	419.2	223.8	n/a	373.0	218.8	1.87	209.0
203.52	0.346	fixation	n/a	364.9	221.8	650.0	n/a	n/a	n/a	n/a
203.868	0.052	saccade	n/a	363.9	226.7	n/a	350.1	459.9	9.23	298.0
203.922	0.328	fixation	n/a	343.8	461.6	689.0	n/a	n/a	n/a	n/a
204.252	0.028	saccade	n/a	344.7	464.4	n/a	454.6	451.8	4.32	272.0
204.282	0.204	fixation	n/a	463.5	456.9	592.0	n/a	n/a	n/a	n/a
204.488	0.024	saccade	n/a	466.3	461.1	n/a	562.8	450.5	3.77	255.0
204.514	0.134	fixation	n/a	582.6	446.2	546.0	n/a	n/a	n/a	n/a
204.65	0.054	saccade	n/a	584.4	440.7	n/a	389.8	259.9	10.46	399.0
204.706	0.264	fixation	n/a	382.9	238.8	563.0	n/a	n/a	n/a	n/a
204.972	0.02	saccade	n/a	378.6	233.2	n/a	352.3	205.3	1.55	128.0
204.994	0.252	fixation	n/a	358.2	216.8	611.0	n/a	n/a	n/a	n/a
205.248	0.03	saccade	n/a	358.1	217.7	n/a	230.7	156.8	5.65	338.0
205.28	0.07	fixation	n/a	223.2	138.2	631.0	n/a	n/a	n/a	n/a
205.352	0.02	saccade	n/a	219.8	129.2	n/a	201.4	95.9	1.53	108.0
205.374	0.18	fixation	n/a	209.1	103.6	622.0	n/a	n/a	n/a	n/a
205.556	0.022	saccade	n/a	209.4	102.4	n/a	155.6	95.7	2.14	158.0
205.58	0.228	fixation	n/a	165.4	97.7	620.0	n/a	n/a	n/a	n/a
205.81	0.028	saccade	n/a	167.3	98.8	n/a	271.1	96.6	4.11	266.0
205.84	0.22	fixation	n/a	268.8	98.3	667.0	n/a	n/a	n/a	n/a
206.062	0.026	saccade	n/a	270.3	99.6	n/a	359.3	98.2	3.57	251.0
206.09	0.218	fixation	n/a	348.3	101.1	702.0	n/a	n/a	n/a	n/a
206.31	0.03	saccade	n/a	349.2	102.2	n/a	430.8	96.9	3.3	196.0
206.342	0.226	fixation	n/a	425.0	95.9	682.0	n/a	n/a	n/a	n/a
206.57	0.024	saccade	n/a	426.9	92.6	n/a	505.2	90.0	3.15	220.0
206.596	0.19	fixation	n/a	511.9	92.5	657.0	n/a	n/a	n/a	n/a
206.68	0.0	trigger_11	11	n/a	n/a	n/a	n/a	n/a	n/a	n/a
206.684	0.0	trigger_10	10	n/a	n/a	n/a	n/a	n/a	n/a	n/a
206.788	0.018	saccade	n/a	513.6	91.4	n/a	557.3	88.3	1.75	146.0
206.808	0.09	fixation	n/a	551.4	88.8	645.0	n/a	n/a	n/a	n/a
206.9	0.056	saccade	n/a	549.5	89.1	n/a	223.8	134.2	13.08	413.0
206.958	0.146	fixation	n/a	207.8	141.7	679.0	n/a	n/a	n/a	n/a
207.106	0.02	saccade	n/a	205.9	142.3	n/a	162.0	149.7	1.75	139.0
207.128	0.148	fixation	n/a	171.9	151.9	691.0	n/a	n/a	n/a	n/a
207.278	0.028	saccade	n/a	172.0	153.9	n/a	285.2	150.6	4.49	296.0
207.308	0.26	fixation	n/a	285.7	153.3	716.0	n/a	n/a	n/a	n/a
207.57	0.028	saccade	n/a	288.2	153.0	n/a	397.8	150.7	4.4	276.0
207.6	0.294	fixation	n/a	394.3	146.0	626.0	n/a	n/a	n/a	n/a
207.896	0.026	saccade	n/a	397.4	143.9	n/a	483.6	144.5	3.47	243.0
207.924	0.398	fixation	n/a	475.0	148.7	600.0	n/a	n/a	n/a	n/a
208.324	0.048	saccade	n/a	472.6	145.8	n/a	302.2	107.4	7.02	231.0
208.374	0.21	fixation	n/a	296.6	103.8	607.0	n/a	n/a	n/a	n/a
208.586	0.016	saccade	n/a	294.0	103.2	n/a	260.7	94.8	1.37	104.0
208.604	0.336	fixation	n/a	259.3	100.3	618.0	n/a	n/a	n/a	n/a
208.942	0.026	saccade	n/a	261.3	104.2	n/a	166.3	96.8	3.77	267.0
208.97	0.37	fixation	n/a	170.9	98.4	612.0	n/a	n/a	n/a	n/a
209.342	0.022	saccade	n/a	170.2	96.6	n/a	236.5	92.3	2.63	194.0
209.366	0.294	fixation	n/a	223.4	93.7	592.0	n/a	n/a	n/a	n/a
209.662	0.024	saccade	n/a	225.1	93.9	n/a	302.3	88.0	3.09	230.0
209.688	0.188	fixation	n/a	299.2	91.2	585.0	n/a	n/a	n/a	n/a
209.878	0.024	saccade	n/a	301.2	91.7	n/a	375.6	87.8	3.0	218.0
209.904	0.126	fixation	n/a	370.8	90.3	557.0	n/a	n/a	n/a	n/a
209.992	0.0	trigger_11	11	n/a	n/a	n/a	n/a	n/a	n/a	n/a
209.998	0.0	trigger_12	12	n/a	n/a	n/a	n/a	n/a	n/a	n/a
210.032	0.024	saccade	n/a	373.3	89.5	n/a	471.9	88.4	3.97	287.0
210.058	0.21	fixation	n/a	473.3	90.8	536.0	n/a	n/a	n/a	n/a
210.27	0.022	saccade	n/a	474.8	91.4	n/a	542.4	86.3	2.71	184.0
210.294	0.13	fixation	n/a	535.7	87.6	525.0	n/a	n/a	n/a	n/a
210.426	0.022	saccade	n/a	536.4	87.8	n/a	595.3	85.4	2.34	188.0
210.45	0.082	fixation	n/a	587.7	87.4	525.0	n/a	n/a	n/a	n/a
210.534	0.06	saccade	n/a	586.9	88.0	n/a	203.0	150.5	15.38	426.0
210.596	0.268	fixation	n/a	201.7	151.6	574.0	n/a	n/a	n/a	n/a
210.866	0.024	saccade	n/a	200.8	152.0	n/a	290.2	146.7	3.56	272.0
210.892	0.21	fixation	n/a	278.2	148.1	654.0	n/a	n/a	n/a	n/a
211.104	0.028	saccade	n/a	278.9	149.2	n/a	361.7	144.9	3.33	227.0
211.134	0.286	fixation	n/a	354.0	144.6	668.0	n/a	n/a	n/a	n/a
211.422	0.024	saccade	n/a	354.4	142.4	n/a	435.1	146.0	3.26	240.0
211.448	0.242	fixation	n/a	430.2	144.3	616.0	n/a	n/a	n/a	n/a
211.692	0.054	saccade	n/a	429.8	142.4	n/a	270.9	107.0	6.54	273.0
211.748	0.128	fixation	n/a	257.4	105.6	614.0	n/a	n/a	n/a	n/a
211.878	0.012	saccade	n/a	252.2	101.2	n/a	236.6	95.7	0.66	59.0
211.892	0.368	fixation	n/a	232.3	98.9	604.0	n/a	n/a	n/a	n/a
212.262	0.024	saccade	n/a	231.0	101.4	n/a	170.7	96.1	2.39	156.0
212.288	0.372	fixation	n/a	180.5	97.0	582.0	n/a	n/a	n/a	n/a
212.662	0.024	saccade	n/a	184.2	95.8	n/a	246.8	91.7	2.48	149.0
212.688	0.178	fixation	n/a	245.3	92.3	546.0	n/a	n/a	n/a	n/a
212.868	0.024	saccade	n/a	247.5	92.4	n/a	318.0	86.1	2.83	180.0
212.894	0.224	fixation	n/a	321.0	88.2	525.0	n/a	n/a	n/a	n/a
213.016	0.0	trigger_13	13	n/a	n/a	n/a	n/a	n/a	n/a	n/a
213.12	0.022	saccade	n/a	323.0	89.2	n/a	381.7	87.1	2.36	178.0
213.144	0.138	fixation	n/a	376.3	88.8	517.0	n/a	n/a	n/a	n/a
213.284	0.024	saccade	n/a	377.3	89.3	n/a	461.5	87.8	3.39	247.0
213.31	0.28	fixation	n/a	461.1	90.2	504.0	n/a	n/a	n/a	n/a
213.592	0.022	saccade	n/a	462.7	90.7	n/a	525.6	88.9	2.52	198.0
213.616	0.168	fixation	n/a	524.5	89.4	488.0	n/a	n/a	n/a	n/a
213.786	0.016	saccade	n/a	527.3	87.5	n/a	558.8	85.0	1.26	108.0
213.804	0.058	fixation	n/a	556.8	86.1	482.0	n/a	n/a	n/a	n/a
213.864	0.056	saccade	n/a	555.8	86.3	n/a	260.6	130.3	11.9	337.0
213.922	0.126	fixation	n/a	252.5	134.6	510.0	n/a	n/a	n/a	n/a
214.05	0.026	saccade	n/a	250.2	135.1	n/a	164.9	138.9	3.38	222.0
214.078	0.424	fixation	n/a	161.4	146.0	538.0	n/a	n/a	n/a	n/a
214.504	0.02	saccade	n/a	161.0	148.6	n/a	203.5	149.9	1.67	108.0
214.526	0.216	fixation	n/a	219.4	153.1	542.0	n/a	n/a	n/a	n/a
214.744	0.018	saccade	n/a	222.8	154.0	n/a	273.4	146.0	2.04	143.0
214.764	0.172	fixation	n/a	288.4	147.9	529.0	n/a	n/a	n/a	n/a
214.938	0.02	saccade	n/a	288.8	140.4	n/a	265.3	108.4	1.61	94.0
214.96	0.49	fixation	n/a	261.3	99.7	507.0	n/a	n/a	n/a	n/a
215.416	0.0	trigger_15	15	n/a	n/a	n/a	n/a	n/a	n/a	n/a
215.42	0.0	trigger_10	10	n/a	n/a	n/a	n/a	n/a	n/a	n/a
215.452	0.048	saccade	n/a	260.6	105.3	n/a	357.6	172.7	4.75	333.0
215.502	0.2	fixation	n/a	366.9	189.6	590.0	n/a	n/a	n/a	n/a
215.704	0.02	saccade	n/a	365.6	194.8	n/a	342.8	216.4	1.27	112.0
215.726	0.132	fixation	n/a	347.3	212.8	658.0	n/a	n/a	n/a	n/a
215.86	0.246	saccade	n/a	349.3	225.0	n/a	343.8	372.9	5.92	734.0
215.882	0.208	blink	n/a	n/a	n/a	n/a	n/a	n/a	n/a	n/a
216.108	0.376	fixation	n/a	320.8	257.6	635.0	n/a	n/a	n/a	n/a
216.486	0.02	saccade	n/a	317.9	233.3	n/a	364.3	226.5	1.88	157.0
216.508	1.124	fixation	n/a	357.1	223.8	620.0	n/a	n/a	n/a	n/a
217.634	0.034	saccade	n/a	355.9	217.3	n/a	285.3	180.1	3.21	252.0
217.67	0.106	fixation	n/a	268.8	183.4	568.0	n/a	n/a	n/a	n/a
217.778	5.894	saccade	n/a	256.8	175.9	n/a	237.0	224.5	2.12	324.0
217.804	5.83	blink	n/a	n/a	n/a	n/a	n/a	n/a	n/a	n/a
223.674	0.192	fixation	n/a	246.8	180.9	1033.0	n/a	n/a	n/a	n/a
223.868	0.056	saccade	n/a	259.6	184.3	n/a	136.4	131.2	5.3	305.0
223.926	0.144	fixation	n/a	134.5	122.2	618.0	n/a	n/a	n/a	n/a
224.072	0.018	saccade	n/a	139.2	112.8	n/a	174.7	89.7	1.67	117.0
224.092	0.21	fixation	n/a	170.8	93.8	398.0	n/a	n/a	n/a	n/a
224.304	0.022	saccade	n/a	169.2	92.0	n/a	224.6	84.2	2.21	154.0
224.328	0.226	fixation	n/a	220.0	87.0	349.0	n/a	n/a	n/a	n/a
224.556	0.188	saccade	n/a	224.7	97.6	n/a	247.8	99.4	0.92	142.0
224.572	0.15	blink	n/a	n/a	n/a	n/a	n/a	n/a	n/a	n/a
224.746	0.2	fixation	n/a	249.6	87.6	433.0	n/a	n/a	n/a	n/a
224.948	0.02	saccade	n/a	251.6	91.6	n/a	308.8	86.4	2.3	176.0
224.97	0.2	fixation	n/a	299.2	92.9	526.0	n/a	n/a	n/a	n/a
225.172	0.026	saccade	n/a	298.3	95.5	n/a	380.9	88.8	3.34	230.0
225.2	0.144	fixation	n/a	372.9	92.1	547.0	n/a	n/a	n/a	n/a
225.346	0.028	saccade	n/a	374.7	92.6	n/a	470.3	87.4	3.85	233.0
225.376	0.27	fixation	n/a	465.7	86.8	537.0	n/a	n/a	n/a	n/a
225.648	0.026	saccade	n/a	467.6	88.3	n/a	565.3	84.5	3.9	262.0
225.676	0.23	fixation	n/a	564.1	85.1	532.0	n/a	n/a	n/a	n/a
225.908	0.05	saccade	n/a	561.6	85.0	n/a	220.0	143.8	13.79	506.0
225.96	0.244	fixation	n/a	205.8	150.1	554.0	n/a	n/a	n/a	n/a
226.206	0.03	saccade	n/a	200.0	152.0	n/a	164.0	145.5	1.44	178.0
226.238	0.164	fixation	n/a	155.2	150.2	610.0	n/a	n/a	n/a	n/a
226.404	0.064	saccade	n/a	153.3	151.2	n/a	518.0	94.2	14.6	380.0
226.47	0.21	fixation	n/a	520.6	98.5	656.0	n/a	n/a	n/a	n/a
226.682	0.034	saccade	n/a	520.3	100.9	n/a	470.3	91.3	2.04	225.0
226.718	0.196	fixation	n/a	460.7	93.0	658.0	n/a	n/a	n/a	n/a
226.916	0.026	saccade	n/a	460.2	93.1	n/a	553.9	85.1	3.76	272.0
226.944	0.216	fixation	n/a	545.9	87.5	643.0	n/a	n/a	n/a	n/a
227.162	0.018	saccade	n/a	547.1	87.7	n/a	580.0	85.4	1.31	122.0
227.182	0.084	fixation	n/a	571.7	85.8	631.0	n/a	n/a	n/a	n/a
227.268	0.044	saccade	n/a	572.0	86.0	n/a	424.2	80.8	5.92	426.0
227.314	0.104	fixation	n/a	404.3	84.7	641.0	n/a	n/a	n/a	n/a
227.42	0.046	saccade	n/a	398.9	86.1	n/a	255.6	84.1	5.74	345.0
227.468	0.284	fixation	n/a	231.9	87.4	663.0	n/a	n/a	n/a	n/a
227.53	0.0	trigger_11	11	n/a	n/a	n/a	n/a	n/a	n/a	n/a
227.536	0.0	trigger_10	10	n/a	n/a	n/a	n/a	n/a	n/a	n/a
227.754	0.022	saccade	n/a	228.8	88.4	n/a	286.2	83.9	2.29	174.0
227.778	0.276	fixation	n/a	277.3	87.5	696.0	n/a	n/a	n/a	n/a
228.056	0.034	saccade	n/a	279.5	89.9	n/a	399.4	87.9	4.82	261.0
228.092	0.188	fixation	n/a	398.5	89.5	637.0	n/a	n/a	n/a	n/a
228.282	0.02	saccade	n/a	402.6	92.0	n/a	463.6	87.8	2.46	195.0
228.304	0.194	fixation	n/a	461.7	90.0	593.0	n/a	n/a	n/a	n/a
228.5	0.024	saccade	n/a	463.6	91.0	n/a	545.2	81.8	3.29	223.0
228.526	0.258	fixation	n/a	554.5	85.1	539.0	n/a	n/a	n/a	n/a
228.786	0.056	saccade	n/a	555.0	84.9	n/a	220.2	137.0	13.48	424.0
228.844	0.16	fixation	n/a	214.4	140.3	554.0	n/a	n/a	n/a	n/a
229.006	0.02	saccade	n/a	209.6	142.1	n/a	163.1	145.6	1.84	142.0
229.028	0.218	fixation	n/a	171.5	145.4	586.0	n/a	n/a	n/a	n/a
229.248	0.036	saccade	n/a	171.9	145.1	n/a	227.7	142.3	2.2	217.0
229.286	0.068	fixation	n/a	236.0	139.2	627.0	n/a	n/a	n/a	n/a
229.356	0.02	saccade	n/a	236.3	137.8	n/a	231.2	89.2	1.99	152.0
229.378	0.42	fixation	n/a	236.5	98.2	625.0	n/a	n/a	n/a	n/a
229.8	0.022	saccade	n/a	234.0	99.5	n/a	180.8	88.0	2.15	182.0
229.824	0.344	fixation	n/a	190.6	92.5	632.0	n/a	n/a	n/a	n/a
230.17	0.024	saccade	n/a	191.2	92.9	n/a	266.1	88.3	2.98	207.0
230.196	0.206	fixation	n/a	256.5	90.1	595.0	n/a	n/a	n/a	n/a
230.404	0.024	saccade	n/a	258.2	90.5	n/a	330.4	84.0	2.9	223.0
230.43	0.106	fixation	n/a	321.1	85.1	591.0	n/a	n/a	n/a	n/a
230.538	0.026	saccade	n/a	322.1	85.6	n/a	410.0	84.7	3.54	228.0
230.566	0.274	fixation	n/a	408.4	86.1	590.0	n/a	n/a	n/a	n/a
230.842	0.02	saccade	n/a	410.6	86.7	n/a	469.7	82.9	2.38	183.0
230.864	0.164	fixation	n/a	470.6	84.9	561.0	n/a	n/a	n/a	n/a
231.03	0.022	saccade	n/a	471.7	84.8	n/a	547.2	82.8	3.02	224.0
231.054	0.22	fixation	n/a	551.3	82.8	528.0	n/a	n/a	n/a	n/a
231.276	0.022	saccade	n/a	553.1	83.8	n/a	605.7	83.5	2.09	154.0
231.3	0.066	fixation	n/a	595.4	84.1	515.0	n/a	n/a	n/a	n/a
231.368	0.064	saccade	n/a	594.3	84.3	n/a	172.2	150.3	16.83	495.0
231.434	0.24	fixation	n/a	168.5	152.8	545.0	n/a	n/a	n/a	n/a
231.676	0.034	saccade	n/a	168.4	155.1	n/a	236.1	152.4	2.67	237.0
231.712	0.206	fixation	n/a	244.3	150.8	577.0	n/a	n/a	n/a	n/a
231.92	0.022	saccade	n/a	245.7	152.1	n/a	309.9	144.6	2.59	190.0
231.944	0.156	fixation	n/a	306.0	146.7	577.0	n/a	n/a	n/a	n/a
232.102	0.026	saccade	n/a	308.3	148.2	n/a	418.0	143.4	4.42	316.0
232.13	0.232	fixation	n/a	410.7	144.7	550.0	n/a	n/a	n/a	n/a
232.194	0.0	trigger_11	11	n/a	n/a	n/a	n/a	n/a	n/a	n/a
232.198	0.0	trigger_12	12	n/a	n/a	n/a	n/a	n/a	n/a	n/a
232.364	0.02	saccade	n/a	412.2	145.2	n/a	474.6	141.8	2.51	212.0
232.386	0.17	fixation	n/a	472.2	146.6	526.0	n/a	n/a	n/a	n/a
232.558	0.02	saccade	n/a	473.2	145.9	n/a	528.0	145.2	2.2	176.0
232.58	0.102	fixation	n/a	522.6	145.3	509.0	n/a	n/a	n/a	n/a
232.684	0.056	saccade	n/a	522.3	145.3	n/a	181.9	185.8	13.61	374.0
232.742	0.276	fixation	n/a	173.2	192.8	511.0	n/a	n/a	n/a	n/a
233.02	0.026	saccade	n/a	178.3	192.9	n/a	281.7	193.8	4.1	284.0
233.048	0.28	fixation	n/a	283.6	195.4	524.0	n/a	n/a	n/a	n/a
233.33	0.026	saccade	n/a	283.7	195.7	n/a	396.3	197.8	4.51	321.0
233.358	0.298	fixation	n/a	400.8	200.8	519.0	n/a	n/a	n/a	n/a
233.658	0.024	saccade	n/a	404.8	202.1	n/a	476.6	201.3	2.88	190.0
233.684	0.348	fixation	n/a	475.1	203.1	490.0	n/a	n/a	n/a	n/a
234.034	0.034	saccade	n/a	473.0	196.5	n/a	427.4	129.5	3.29	152.0
234.058	0.0	trigger_13	13	n/a	n/a	n/a	n/a	n/a	n/a	n/a
234.07	0.364	fixation	n/a	404.8	94.5	444.0	n/a	n/a	n/a	n/a
234.436	0.038	saccade	n/a	392.1	91.5	n/a	206.3	84.2	7.42	330.0
234.476	0.414	fixation	n/a	199.9	84.8	461.0	n/a	n/a	n/a	n/a
234.892	0.02	saccade	n/a	198.8	85.6	n/a	254.3	85.9	2.2	163.0
234.914	0.14	fixation	n/a	248.5	87.4	484.0	n/a	n/a	n/a	n/a
235.056	0.024	saccade	n/a	250.0	87.3	n/a	329.0	85.8	3.16	230.0
235.082	0.224	fixation	n/a	324.2	90.7	510.0	n/a	n/a	n/a	n/a
235.308	0.038	saccade	n/a	325.5	93.0	n/a	467.0	91.2	5.68	288.0
235.348	0.28	fixation	n/a	466.0	90.8	530.0	n/a	n/a	n/a	n/a
235.63	0.026	saccade	n/a	465.7	93.2	n/a	542.8	89.0	3.09	194.0
235.658	0.222	fixation	n/a	544.3	88.3	524.0	n/a	n/a	n/a	n/a
235.666	0.0	trigger_15	15	n/a	n/a	n/a	n/a	n/a	n/a	n/a
235.672	0.0	trigger_10	10	n/a	n/a	n/a	n/a	n/a	n/a	n/a
235.882	0.042	saccade	n/a	544.5	88.2	n/a	312.8	93.3	9.27	399.0
235.926	0.554	fixation	n/a	299.7	99.4	557.0	n/a	n/a	n/a	n/a
236.482	0.05	saccade	n/a	297.6	106.1	n/a	418.1	221.5	6.75	449.0
236.534	0.208	fixation	n/a	426.3	231.0	663.0	n/a	n/a	n/a	n/a
236.744	0.034	saccade	n/a	425.1	233.9	n/a	481.2	225.5	2.27	259.0
236.78	0.13	fixation	n/a	488.5	226.1	662.0	n/a	n/a	n/a	n/a
236.912	0.196	saccade	n/a	486.0	230.3	n/a	529.3	331.8	4.42	595.0
236.938	0.14	blink	n/a	n/a	n/a	n/a	n/a	n/a	n/a	n/a
237.11	0.402	fixation	n/a	514.3	247.1	662.0	n/a	n/a	n/a	n/a
237.514	0.022	saccade	n/a	513.2	238.4	n/a	460.3	224.3	2.19	186.0
237.538	0.38	fixation	n/a	470.2	230.2	627.0	n/a	n/a	n/a	n/a
237.92	0.048	saccade	n/a	465.4	229.1	n/a	289.1	139.1	7.94	395.0
237.97	0.05	fixation	n/a	286.9	134.6	618.0	n/a	n/a	n/a	n/a
238.022	0.024	saccade	n/a	283.5	130.1	n/a	226.3	90.0	2.8	201.0
238.048	0.14	fixation	n/a	234.0	99.1	602.0	n/a	n/a	n/a	n/a
238.19	0.02	saccade	n/a	227.4	101.8	n/a	175.8	98.2	2.04	162.0
238.212	0.318	fixation	n/a	185.4	102.3	640.0	n/a	n/a	n/a	n/a
238.532	0.022	saccade	n/a	183.9	105.4	n/a	264.5	97.6	3.21	236.0
238.556	0.216	fixation	n/a	270.1	104.0	721.0	n/a	n/a	n/a	n/a
238.774	0.026	saccade	n/a	272.3	105.0	n/a	348.1	101.3	3.05	222.0
238.802	0.268	fixation	n/a	340.4	103.6	706.0	n/a	n/a	n/a	n/a
239.072	0.024	saccade	n/a	342.8	105.5	n/a	415.1	97.5	2.93	209.0
239.098	0.258	fixation	n/a	404.6	98.8	673.0	n/a	n/a	n/a	n/a
239.358	0.022	saccade	n/a	404.1	96.1	n/a	462.1	91.0	2.34	171.0
239.382	0.192	fixation	n/a	457.7	91.9	643.0	n/a	n/a	n/a	n/a
239.576	0.02	saccade	n/a	458.8	92.1	n/a	505.7	90.0	1.88	134.0
239.598	0.19	fixation	n/a	502.5	89.6	650.0	n/a	n/a	n/a	n/a
239.79	0.022	saccade	n/a	504.3	89.2	n/a	575.6	88.9	2.84	213.0
239.814	0.18	fixation	n/a	567.8	90.4	645.0	n/a	n/a	n/a	n/a
239.996	0.068	saccade	n/a	564.8	90.7	n/a	227.5	137.6	13.52	303.0
240.066	0.134	fixation	n/a	234.2	139.3	670.0	n/a	n/a	n/a	n/a
240.202	0.036	saccade	n/a	237.7	141.6	n/a	171.4	141.4	2.62	286.0
240.24	0.298	fixation	n/a	158.8	149.1	707.0	n/a	n/a	n/a	n/a
240.54	0.026	saccade	n/a	158.2	152.0	n/a	233.6	153.8	2.98	206.0
240.568	0.218	fixation	n/a	224.4	155.2	761.0	n/a	n/a	n/a	n/a
240.788	0.024	saccade	n/a	224.3	155.4	n/a	283.8	157.4	2.37	166.0
240.814	0.148	fixation	n/a	276.0	155.3	702.0	n/a	n/a	n/a	n/a
240.964	0.026	saccade	n/a	278.9	154.8	n/a	358.1	151.9	3.18	213.0
240.992	0.138	fixation	n/a	347.0	148.4	637.0	n/a	n/a	n/a	n/a
241.132	0.02	saccade	n/a	347.5	147.6	n/a	301.3	149.9	1.86	148.0
241.154	0.134	fixation	n/a	311.0	151.2	613.0	n/a	n/a	n/a	n/a
241.29	0.026	saccade	n/a	310.9	151.7	n/a	390.4	147.1	3.2	216.0
241.318	0.172	fixation	n/a	383.7	146.9	599.0	n/a	n/a	n/a	n/a
241.492	0.024	saccade	n/a	385.0	145.3	n/a	452.3	147.6	2.71	175.0
241.518	0.228	fixation	n/a	448.5	146.3	582.0	n/a	n/a	n/a	n/a
241.748	0.022	saccade	n/a	451.2	144.6	n/a	522.7	142.8	2.87	219.0
241.772	0.29	fixation	n/a	516.7	144.3	534.0	n/a	n/a	n/a	n/a
242.064	0.02	saccade	n/a	520.0	143.7	n/a	569.1	141.5	1.96	140.0
242.086	0.242	fixation	n/a	566.7	143.8	515.0	n/a	n/a	n/a	n/a
242.33	0.016	saccade	n/a	569.2	143.8	n/a	590.1	142.1	0.83	53.0
242.348	0.112	fixation	n/a	593.8	143.2	510.0	n/a	n/a	n/a	n/a
242.462	0.064	saccade	n/a	592.2	144.1	n/a	216.4	181.8	14.93	314.0
242.528	0.15	fixation	n/a	187.0	197.2	539.0	n/a	n/a	n/a	n/a
242.68	0.01	saccade	n/a	180.8	202.7	n/a	165.1	204.2	0.62	66.0
242.692	0.284	fixation	n/a	166.5	206.1	543.0	n/a	n/a	n/a	n/a
242.978	0.016	saccade	n/a	172.0	206.1	n/a	202.8	205.3	1.21	89.0
242.996	0.222	fixation	n/a	205.2	208.8	542.0	n/a	n/a	n/a	n/a
243.22	0.02	saccade	n/a	204.8	208.4	n/a	258.3	203.0	2.13	165.0
243.242	0.284	fixation	n/a	260.3	207.8	528.0	n/a	n/a	n/a	n/a
243.528	0.03	saccade	n/a	264.7	209.1	n/a	374.1	204.9	4.38	251.0
243.56	0.4	fixation	n/a	373.7	206.4	519.0	n/a	n/a	n/a	n/a
243.962	0.022	saccade	n/a	378.0	207.4	n/a	447.4	209.2	2.79	211.0
243.986	0.28	fixation	n/a	447.0	214.7	522.0	n/a	n/a	n/a	n/a
244.268	0.008	saccade	n/a	450.0	218.1	n/a	463.1	215.8	0.53	66.0
244.278	0.304	fixation	n/a	460.0	221.8	544.0	n/a	n/a	n/a	n/a
244.584	0.038	saccade	n/a	455.1	221.0	n/a	306.2	146.1	6.71	324.0
244.624	0.02	fixation	n/a	303.0	144.3	545.0	n/a	n/a	n/a	n/a
244.646	0.018	saccade	n/a	287.7	134.3	n/a	248.8	111.0	1.82	128.0
244.666	0.05	fixation	n/a	253.9	112.5	541.0	n/a	n/a	n/a	n/a
244.718	0.016	saccade	n/a	250.6	112.3	n/a	220.4	101.4	1.28	95.0
244.736	0.318	fixation	n/a	222.6	101.1	542.0	n/a	n/a	n/a	n/a
245.056	0.022	saccade	n/a	224.3	101.9	n/a	275.7	94.6	2.07	135.0
245.08	0.202	fixation	n/a	269.4	95.9	598.0	n/a	n/a	n/a	n/a
245.284	0.028	saccade	n/a	271.1	95.5	n/a	368.9	91.9	3.93	247.0
245.314	0.2	fixation	n/a	364.8	92.4	609.0	n/a	n/a	n/a	n/a
245.516	0.024	saccade	n/a	368.3	93.4	n/a	442.8	90.0	3.01	227.0
245.542	0.21	fixation	n/a	434.3	89.9	599.0	n/a	n/a	n/a	n/a
245.754	0.024	saccade	n/a	439.2	88.2	n/a	509.4	83.1	2.83	199.0
245.78	0.164	fixation	n/a	504.6	83.1	575.0	n/a	n/a	n/a	n/a
245.946	0.022	saccade	n/a	505.9	85.1	n/a	563.1	83.1	2.28	177.0
245.97	0.142	fixation	n/a	563.6	86.4	571.0	n/a	n/a	n/a	n/a
246.06	0.0	trigger_11	11	n/a	n/a	n/a	n/a	n/a	n/a	n/a
246.064	0.0	trigger_10	10	n/a	n/a	n/a	n/a	n/a	n/a	n/a
246.114	0.072	saccade	n/a	562.7	88.6	n/a	211.2	140.4	14.11	367.0
246.188	0.16	fixation	n/a	212.1	143.4	584.0	n/a	n/a	n/a	n/a
246.35	0.018	saccade	n/a	206.1	144.1	n/a	172.9	147.2	1.31	106.0
246.37	0.248	fixation	n/a	180.5	149.0	596.0	n/a	n/a	n/a	n/a
246.62	0.024	saccade	n/a	181.9	151.0	n/a	263.1	146.4	3.22	208.0
246.646	0.234	fixation	n/a	255.8	151.1	611.0	n/a	n/a	n/a	n/a
246.882	0.02	saccade	n/a	258.1	152.7	n/a	302.1	148.9	1.77	137.0
246.904	0.274	fixation	n/a	298.6	151.3	570.0	n/a	n/a	n/a	n/a
247.18	0.024	saccade	n/a	301.0	152.5	n/a	362.3	146.7	2.48	172.0
247.206	0.204	fixation	n/a	358.1	148.5	539.0	n/a	n/a	n/a	n/a
247.412	0.022	saccade	n/a	361.7	148.5	n/a	423.1	141.6	2.49	171.0
247.436	0.158	fixation	n/a	425.3	144.4	514.0	n/a	n/a	n/a	n/a
247.596	0.042	saccade	n/a	428.6	144.4	n/a	512.7	142.1	3.38	126.0
247.64	0.132	fixation	n/a	531.9	149.2	485.0	n/a	n/a	n/a	n/a
247.774	0.026	saccade	n/a	527.7	157.5	n/a	459.9	180.0	2.87	146.0
247.802	0.166	fixation	n/a	431.1	198.0	486.0	n/a	n/a	n/a	n/a
247.97	0.012	saccade	n/a	411.7	197.3	n/a	399.1	195.2	0.51	47.0
247.984	0.12	fixation	n/a	380.5	194.9	476.0	n/a	n/a	n/a	n/a
248.106	0.022	saccade	n/a	376.7	188.9	n/a	360.9	149.3	1.74	98.0
248.13	0.226	fixation	n/a	353.7	123.0	469.0	n/a	n/a	n/a	n/a
248.358	0.036	saccade	n/a	349.6	127.0	n/a	182.3	95.1	6.79	357.0
248.396	0.266	fixation	n/a	184.1	91.3	487.0	n/a	n/a	n/a	n/a
248.664	0.024	saccade	n/a	182.8	91.6	n/a	258.0	86.5	2.99	221.0
248.69	0.102	fixation	n/a	250.6	90.3	525.0	n/a	n/a	n/a	n/a
248.794	0.23	saccade	n/a	257.4	101.4	n/a	312.7	162.4	3.33	495.0
248.814	0.178	blink	n/a	n/a	n/a	n/a	n/a	n/a	n/a	n/a
249.026	0.248	fixation	n/a	321.7	102.4	613.0	n/a	n/a	n/a	n/a
249.276	0.02	saccade	n/a	328.8	97.3	n/a	375.5	88.9	1.91	141.0
249.298	0.208	fixation	n/a	368.4	90.4	609.0	n/a	n/a	n/a	n/a
249.508	0.022	saccade	n/a	373.8	90.0	n/a	426.3	84.5	2.13	137.0
249.532	0.234	fixation	n/a	424.1	87.1	527.0	n/a	n/a	n/a	n/a
249.768	0.02	saccade	n/a	425.0	87.3	n/a	476.8	82.4	2.09	146.0
249.79	0.268	fixation	n/a	480.7	86.1	538.0	n/a	n/a	n/a	n/a
250.06	0.012	saccade	n/a	483.3	87.6	n/a	505.8	86.1	0.9	83.0
250.074	0.054	fixation	n/a	504.6	88.7	536.0	n/a	n/a	n/a	n/a
250.13	0.052	saccade	n/a	504.5	90.7	n/a	215.6	128.2	11.61	390.0
250.184	0.16	fixation	n/a	203.3	142.2	541.0	n/a	n/a	n/a	n/a
250.346	0.012	saccade	n/a	204.3	147.4	n/a	182.9	150.6	0.85	80.0
250.36	0.192	fixation	n/a	181.7	150.7	549.0	n/a	n/a	n/a	n/a
250.554	0.016	saccade	n/a	188.8	151.4	n/a	218.6	150.2	1.18	84.0
250.572	0.234	fixation	n/a	225.1	152.6	573.0	n/a	n/a	n/a	n/a
250.808	0.018	saccade	n/a	231.7	152.5	n/a	262.9	148.5	1.25	97.0
250.828	0.296	fixation	n/a	256.6	153.2	541.0	n/a	n/a	n/a	n/a
251.126	0.016	saccade	n/a	259.6	153.9	n/a	297.9	149.8	1.54	123.0
251.144	0.194	fixation	n/a	298.8	152.8	528.0	n/a	n/a	n/a	n/a
251.34	0.016	saccade	n/a	303.5	153.9	n/a	343.0	146.9	1.61	131.0
251.358	0.194	fixation	n/a	345.7	148.9	531.0	n/a	n/a	n/a	n/a
251.554	0.02	saccade	n/a	349.9	149.9	n/a	412.7	140.2	2.56	193.0
251.576	0.314	fixation	n/a	417.2	145.0	525.0	n/a	n/a	n/a	n/a
251.892	0.014	saccade	n/a	418.8	144.2	n/a	439.9	141.0	0.86	71.0
251.908	0.132	fixation	n/a	440.3	142.9	522.0	n/a	n/a	n/a	n/a
252.042	0.282	saccade	n/a	437.6	152.0	n/a	425.9	198.5	1.95	651.0
252.072	0.244	blink	n/a	n/a	n/a	n/a	n/a	n/a	n/a	n/a
252.326	0.848	fixation	n/a	469.3	175.0	567.0	n/a	n/a	n/a	n/a
252.62	0.0	trigger_11	11	n/a	n/a	n/a	n/a	n/a	n/a	n/a
252.626	0.0	trigger_10	10	n/a	n/a	n/a	n/a	n/a	n/a	n/a
253.176	0.02	saccade	n/a	460.0	172.7	n/a	431.6	143.3	1.66	126.0
253.198	0.12	fixation	n/a	438.3	156.1	573.0	n/a	n/a	n/a	n/a
253.32	0.206	saccade	n/a	436.7	179.5	n/a	436.9	255.7	3.1	696.0
253.344	0.148	blink	n/a	n/a	n/a	n/a	n/a	n/a	n/a	n/a
253.528	0.994	fixation	n/a	423.9	173.9	760.0	n/a	n/a	n/a	n/a
254.524	0.02	saccade	n/a	421.4	178.6	n/a	463.5	168.2	1.74	145.0
254.546	0.292	fixation	n/a	452.7	175.3	868.0	n/a	n/a	n/a	n/a
254.84	0.058	saccade	n/a	449.8	178.1	n/a	191.2	126.1	10.52	479.0
254.9	0.074	fixation	n/a	177.9	128.2	893.0	n/a	n/a	n/a	n/a
254.976	0.016	saccade	n/a	174.3	126.5	n/a	158.0	106.3	1.04	82.0
254.994	0.27	fixation	n/a	163.2	115.9	910.0	n/a	n/a	n/a	n/a
255.266	0.034	saccade	n/a	163.2	118.0	n/a	230.7	117.7	2.66	265.0
255.302	0.28	fixation	n/a	237.7	115.3	990.0	n/a	n/a	n/a	n/a
255.584	0.024	saccade	n/a	239.0	117.6	n/a	331.1	114.6	3.69	278.0
255.61	0.248	fixation	n/a	331.8	120.6	1067.0	n/a	n/a	n/a	n/a
255.86	0.032	saccade	n/a	333.2	119.8	n/a	391.6	120.5	2.35	228.0
255.894	0.22	fixation	n/a	394.3	115.3	1032.0	n/a	n/a	n/a	n/a
256.116	0.022	saccade	n/a	394.7	113.9	n/a	462.2	108.8	2.72	210.0
256.14	0.324	fixation	n/a	457.6	106.2	885.0	n/a	n/a	n/a	n/a
256.466	0.02	saccade	n/a	460.3	103.4	n/a	509.1	98.7	1.97	159.0
256.488	0.178	fixation	n/a	502.0	102.8	857.0	n/a	n/a	n/a	n/a
256.668	0.016	saccade	n/a	504.7	105.1	n/a	535.9	101.3	1.26	104.0
256.686	0.222	fixation	n/a	528.3	104.9	893.0	n/a	n/a	n/a	n/a
256.91	0.022	saccade	n/a	528.9	105.0	n/a	475.2	102.8	2.15	182.0
256.934	0.078	fixation	n/a	485.8	105.9	917.0	n/a	n/a	n/a	n/a
257.014	0.028	saccade	n/a	483.5	105.4	n/a	597.8	106.5	4.55	315.0
257.044	0.246	fixation	n/a	590.0	105.9	909.0	n/a	n/a	n/a	n/a
257.108	0.0	trigger_11	11	n/a	n/a	n/a	n/a	n/a	n/a	n/a
257.114	0.0	trigger_10	10	n/a	n/a	n/a	n/a	n/a	n/a	n/a
257.292	0.074	saccade	n/a	591.1	105.6	n/a	191.4	143.3	15.84	493.0
257.368	0.14	fixation	n/a	179.5	147.9	944.0	n/a	n/a	n/a	n/a
257.51	0.03	saccade	n/a	178.5	147.7	n/a	155.0	145.3	0.93	168.0
257.542	0.134	fixation	n/a	147.1	150.5	935.0	n/a	n/a	n/a	n/a
257.678	0.042	saccade	n/a	147.3	152.5	n/a	262.7	164.8	4.58	336.0
257.722	0.21	fixation	n/a	277.8	164.5	988.0	n/a	n/a	n/a	n/a
257.934	0.038	saccade	n/a	280.0	166.8	n/a	362.8	165.0	3.32	310.0
257.974	0.21	fixation	n/a	374.0	161.9	952.0	n/a	n/a	n/a	n/a
258.186	0.03	saccade	n/a	375.0	164.4	n/a	421.9	165.6	1.89	200.0
258.218	0.16	fixation	n/a	426.8	162.8	913.0	n/a	n/a	n/a	n/a
258.38	0.028	saccade	n/a	429.9	163.9	n/a	533.1	159.8	4.14	260.0
258.41	0.178	fixation	n/a	527.0	162.5	870.0	n/a	n/a	n/a	n/a
258.59	0.022	saccade	n/a	527.7	164.4	n/a	578.4	166.5	2.02	148.0
258.614	0.138	fixation	n/a	569.5	166.7	821.0	n/a	n/a	n/a	n/a
258.754	0.062	saccade	n/a	568.6	167.0	n/a	147.9	197.0	16.61	469.0
258.818	0.14	fixation	n/a	144.4	200.0	790.0	n/a	n/a	n/a	n/a
258.96	0.018	saccade	n/a	138.9	200.4	n/a	112.3	208.7	1.08	102.0
258.98	0.04	fixation	n/a	118.9	206.4	801.0	n/a	n/a	n/a	n/a
259.022	0.026	saccade	n/a	117.2	205.1	n/a	171.4	105.9	4.51	286.0
259.05	0.35	fixation	n/a	189.3	101.2	830.0	n/a	n/a	n/a	n/a
259.402	0.036	saccade	n/a	189.7	102.5	n/a	263.2	100.1	2.92	285.0
259.44	0.19	fixation	n/a	271.2	96.1	889.0	n/a	n/a	n/a	n/a
259.632	0.026	saccade	n/a	270.6	96.3	n/a	361.6	99.8	3.66	259.0
259.66	0.194	fixation	n/a	353.2	99.8	864.0	n/a	n/a	n/a	n/a
259.856	0.036	saccade	n/a	353.8	98.1	n/a	433.7	104.3	3.23	284.0
259.894	0.164	fixation	n/a	442.4	100.3	808.0	n/a	n/a	n/a	n/a
260.06	0.022	saccade	n/a	443.2	101.9	n/a	496.0	100.7	2.13	155.0
260.084	0.162	fixation	n/a	486.6	100.4	763.0	n/a	n/a	n/a	n/a
260.248	0.028	saccade	n/a	487.7	101.4	n/a	598.5	95.1	4.42	285.0
260.278	0.15	fixation	n/a	598.5	97.1	743.0	n/a	n/a	n/a	n/a
260.43	0.056	saccade	n/a	595.6	97.7	n/a	199.5	157.2	15.84	513.0
260.488	0.136	fixation	n/a	196.0	157.3	789.0	n/a	n/a	n/a	n/a
260.626	0.032	saccade	n/a	192.3	156.9	n/a	153.0	155.4	1.54	215.0
260.66	0.182	fixation	n/a	140.8	161.4	800.0	n/a	n/a	n/a	n/a
260.844	0.036	saccade	n/a	139.4	162.5	n/a	220.7	167.9	3.2	281.0
260.882	0.144	fixation	n/a	230.8	167.4	864.0	n/a	n/a	n/a	n/a
261.028	0.024	saccade	n/a	232.7	170.4	n/a	306.5	167.2	2.95	224.0
261.054	0.186	fixation	n/a	294.5	170.1	910.0	n/a	n/a	n/a	n/a
261.242	0.038	saccade	n/a	295.3	170.1	n/a	358.4	172.0	2.53	235.0
261.282	0.21	fixation	n/a	371.8	169.0	830.0	n/a	n/a	n/a	n/a
261.494	0.022	saccade	n/a	374.7	169.3	n/a	431.2	162.0	2.3	182.0
261.518	0.134	fixation	n/a	420.7	163.1	755.0	n/a	n/a	n/a	n/a
261.654	0.02	saccade	n/a	420.0	164.0	n/a	390.5	163.1	1.19	122.0
261.676	0.154	fixation	n/a	396.5	165.2	752.0	n/a	n/a	n/a	n/a
261.832	0.038	saccade	n/a	396.5	165.4	n/a	476.1	170.2	3.21	254.0
261.872	0.272	fixation	n/a	486.6	168.3	792.0	n/a	n/a	n/a	n/a
262.146	0.022	saccade	n/a	488.0	168.3	n/a	546.8	163.7	2.36	177.0
262.17	0.18	fixation	n/a	537.6	167.0	761.0	n/a	n/a	n/a	n/a
262.352	0.036	saccade	n/a	538.6	166.7	n/a	492.2	164.5	1.86	222.0
262.39	0.188	fixation	n/a	480.5	165.6	747.0	n/a	n/a	n/a	n/a
262.58	0.024	saccade	n/a	480.0	164.6	n/a	541.6	166.6	2.47	201.0
262.606	0.126	fixation	n/a	528.3	167.7	795.0	n/a	n/a	n/a	n/a
262.734	0.07	saccade	n/a	527.4	168.6	n/a	172.9	218.0	14.18	459.0
262.806	0.248	fixation	n/a	156.5	219.2	809.0	n/a	n/a	n/a	n/a
263.056	0.036	saccade	n/a	153.1	216.4	n/a	240.2	225.4	3.45	296.0
263.094	0.2	fixation	n/a	250.5	221.9	796.0	n/a	n/a	n/a	n/a
263.296	0.03	saccade	n/a	252.3	220.9	n/a	371.8	222.3	4.77	322.0
263.328	0.238	fixation	n/a	368.9	222.8	795.0	n/a	n/a	n/a	n/a
263.568	0.024	saccade	n/a	368.9	223.2	n/a	438.8	221.9	2.81	199.0
263.594	0.188	fixation	n/a	426.9	222.5	812.0	n/a	n/a	n/a	n/a
263.784	0.034	saccade	n/a	428.5	222.9	n/a	477.0	226.2	1.95	193.0
263.82	0.162	fixation	n/a	485.2	224.2	782.0	n/a	n/a	n/a	n/a
263.984	0.026	saccade	n/a	487.1	227.3	n/a	587.7	223.2	4.0	282.0
264.012	0.156	fixation	n/a	587.5	225.8	740.0	n/a	n/a	n/a	n/a
264.17	0.032	saccade	n/a	588.9	224.4	n/a	553.2	223.2	1.41	180.0
264.204	0.196	fixation	n/a	544.8	223.0	725.0	n/a	n/a	n/a	n/a
264.402	0.026	saccade	n/a	545.6	221.5	n/a	619.5	222.0	2.92	213.0
264.43	0.16	fixation	n/a	611.7	219.7	744.0	n/a	n/a	n/a	n/a
264.592	0.078	saccade	n/a	612.3	220.9	n/a	183.9	263.9	16.89	448.0
264.672	0.346	fixation	n/a	173.3	269.9	795.0	n/a	n/a	n/a	n/a
265.02	0.04	saccade	n/a	171.4	268.9	n/a	176.3	155.5	4.55	233.0
265.062	0.278	fixation	n/a	198.6	127.9	807.0	n/a	n/a	n/a	n/a
265.342	0.028	saccade	n/a	200.8	130.0	n/a	282.2	161.7	3.48	237.0
265.372	0.2	fixation	n/a	271.8	162.3	870.0	n/a	n/a	n/a	n/a
265.55	0.0	trigger_11	11	n/a	n/a	n/a	n/a	n/a	n/a	n/a
265.552	0.0	trigger_10	10	n/a	n/a	n/a	n/a	n/a	n/a	n/a
265.574	0.024	saccade	n/a	272.0	160.6	n/a	284.9	110.3	2.11	156.0
265.6	0.116	fixation	n/a	280.6	116.7	861.0	n/a	n/a	n/a	n/a
265.718	0.032	saccade	n/a	282.9	116.0	n/a	341.7	112.1	2.36	208.0
265.752	0.19	fixation	n/a	341.2	101.4	804.0	n/a	n/a	n/a	n/a
265.944	0.036	saccade	n/a	341.9	101.1	n/a	420.9	104.6	3.18	271.0
265.982	0.17	fixation	n/a	429.6	102.0	777.0	n/a	n/a	n/a	n/a
266.154	0.044	saccade	n/a	431.5	105.6	n/a	336.6	155.8	4.33	344.0
266.2	0.194	fixation	n/a	322.2	163.8	802.0	n/a	n/a	n/a	n/a
266.396	0.028	saccade	n/a	322.2	165.0	n/a	409.8	163.7	3.53	240.0
266.426	0.17	fixation	n/a	401.9	164.3	791.0	n/a	n/a	n/a	n/a
266.598	0.036	saccade	n/a	405.0	164.1	n/a	471.4	170.9	2.69	243.0
266.636	0.2	fixation	n/a	481.7	165.6	744.0	n/a	n/a	n/a	n/a
266.812	0.0	trigger_11	11	n/a	n/a	n/a	n/a	n/a	n/a	n/a
266.816	0.0	trigger_18	18	n/a	n/a	n/a	n/a	n/a	n/a	n/a
266.838	0.02	saccade	n/a	482.8	166.4	n/a	536.3	166.4	2.14	164.0
266.86	0.084	fixation	n/a	526.5	165.6	713.0	n/a	n/a	n/a	n/a
266.946	0.064	saccade	n/a	528.5	164.4	n/a	196.4	195.5	13.24	491.0
267.012	0.234	fixation	n/a	183.5	198.6	701.0	n/a	n/a	n/a	n/a
267.248	0.036	saccade	n/a	183.5	199.3	n/a	273.6	215.3	3.63	324.0
267.286	0.3	fixation	n/a	281.9	214.3	786.0	n/a	n/a	n/a	n/a
267.588	0.024	saccade	n/a	281.1	213.6	n/a	258.5	135.1	3.31	248.0
267.614	0.16	fixation	n/a	265.0	144.4	736.0	n/a	n/a	n/a	n/a
267.776	0.026	saccade	n/a	266.0	142.0	n/a	195.8	97.7	3.32	250.0
267.804	0.182	fixation	n/a	203.9	103.0	695.0	n/a	n/a	n/a	n/a
267.988	0.028	saccade	n/a	203.7	102.0	n/a	179.8	94.0	1.0	160.0
268.018	0.232	fixation	n/a	172.8	99.4	738.0	n/a	n/a	n/a	n/a
268.252	0.036	saccade	n/a	172.1	101.5	n/a	250.6	100.3	3.11	275.0
268.29	0.354	fixation	n/a	259.7	96.2	811.0	n/a	n/a	n/a	n/a
268.646	0.038	saccade	n/a	257.7	95.4	n/a	205.6	94.4	2.07	214.0
268.686	0.46	fixation	n/a	193.5	100.2	858.0	n/a	n/a	n/a	n/a
269.148	0.022	saccade	n/a	196.8	105.9	n/a	258.6	103.5	2.45	198.0
269.172	0.328	fixation	n/a	249.4	104.2	902.0	n/a	n/a	n/a	n/a
269.502	0.198	saccade	n/a	255.2	111.0	n/a	779.5	536.8	25.75	924.0
269.528	0.118	blink	n/a	n/a	n/a	n/a	n/a	n/a	n/a	n/a
269.702	0.142	fixation	n/a	778.7	558.5	909.0	n/a	n/a	n/a	n/a
269.846	0.028	saccade	n/a	779.6	564.2	n/a	892.3	622.3	4.45	321.0
269.876	0.148	fixation	n/a	883.2	623.6	806.0	n/a	n/a	n/a	n/a
270.026	0.014	saccade	n/a	887.3	626.3	n/a	914.3	621.9	0.93	92.0
270.042	0.14	fixation	n/a	907.1	623.7	691.0	n/a	n/a	n/a	n/a
270.184	0.472	saccade	n/a	907.6	627.1	n/a	124.1	173.1	32.98	464.0
270.216	0.414	blink	n/a	n/a	n/a	n/a	n/a	n/a	n/a	n/a
270.658	0.114	fixation	n/a	140.0	179.9	885.0	n/a	n/a	n/a	n/a
270.774	0.072	saccade	n/a	154.4	218.7	n/a	-13.2	583.5	15.06	506.0
270.848	0.162	fixation	n/a	-3.3	620.3	984.0	n/a	n/a	n/a	n/a
271.012	0.044	saccade	n/a	-1.7	630.6	n/a	-6.5	691.6	2.1	202.0
271.058	0.124	fixation	n/a	-10.1	679.7	411.0	n/a	n/a	n/a	n/a
271.184	0.15	saccade	n/a	-1.7	630.6	n/a	-6.5	691.6	2.1	0.0
271.194	0.14	blink	n/a	n/a	n/a	n/a	n/a	n/a	n/a	n/a
