onset	duration	trial_type	value	gaze_x	gaze_y	pupil_size	sacc_endx	sacc_endy	sacc_amplitude	sacc_peakvel
2.033	0.246	fixation	n/a	269.5	208.6	671.0	n/a	n/a	n/a	n/a
2.072	0.0	trigger_112	112	n/a	n/a	n/a	n/a	n/a	n/a	n/a
2.072	0.0	trigger_19	19	n/a	n/a	n/a	n/a	n/a	n/a	n/a
2.088	0.0	trigger_10	10	n/a	n/a	n/a	n/a	n/a	n/a	n/a
2.281	0.024	saccade	n/a	268.8	209.2	n/a	241.3	118.1	3.85	355.0
2.307	0.488	fixation	n/a	240.1	117.8	670.0	n/a	n/a	n/a	n/a
2.797	0.052	saccade	n/a	238.1	118.1	n/a	263.0	374.2	10.29	532.0
2.851	0.262	fixation	n/a	267.0	387.9	724.0	n/a	n/a	n/a	n/a
3.115	0.022	saccade	n/a	270.8	388.9	n/a	193.3	373.0	3.08	250.0
3.139	0.238	fixation	n/a	200.7	378.2	723.0	n/a	n/a	n/a	n/a
3.379	0.03	saccade	n/a	204.5	384.7	n/a	274.9	364.3	2.86	195.0
3.411	0.246	fixation	n/a	312.2	342.0	686.0	n/a	n/a	n/a	n/a
3.659	0.032	saccade	n/a	311.2	338.5	n/a	292.3	247.1	3.73	197.0
3.693	0.354	fixation	n/a	294.2	245.5	700.0	n/a	n/a	n/a	n/a
4.049	0.02	saccade	n/a	292.0	244.9	n/a	286.9	219.9	1.03	117.0
4.071	0.22	fixation	n/a	284.7	224.8	703.0	n/a	n/a	n/a	n/a
4.293	0.034	saccade	n/a	282.8	224.3	n/a	152.7	172.9	5.53	349.0
4.329	0.066	fixation	n/a	162.7	176.0	681.0	n/a	n/a	n/a	n/a
4.397	0.024	saccade	n/a	162.3	172.0	n/a	122.9	86.1	3.78	313.0
4.423	0.176	fixation	n/a	132.0	104.6	651.0	n/a	n/a	n/a	n/a
4.601	0.03	saccade	n/a	133.7	107.9	n/a	210.0	103.7	3.0	309.0
4.633	0.316	fixation	n/a	220.9	102.2	670.0	n/a	n/a	n/a	n/a
4.951	0.034	saccade	n/a	222.7	105.6	n/a	291.0	93.1	2.77	338.0
4.987	0.192	fixation	n/a	303.4	93.8	677.0	n/a	n/a	n/a	n/a
5.181	0.032	saccade	n/a	305.0	94.5	n/a	370.6	85.8	2.66	305.0
5.215	0.17	fixation	n/a	377.3	85.7	673.0	n/a	n/a	n/a	n/a
5.387	0.052	saccade	n/a	378.4	86.3	n/a	119.3	76.2	10.25	444.0
5.441	0.258	fixation	n/a	109.9	83.2	655.0	n/a	n/a	n/a	n/a
5.701	0.038	saccade	n/a	110.8	86.5	n/a	211.1	95.0	3.94	386.0
5.741	0.144	fixation	n/a	227.3	97.7	675.0	n/a	n/a	n/a	n/a
5.887	0.03	saccade	n/a	229.7	98.6	n/a	290.9	93.4	2.45	319.0
5.919	0.146	fixation	n/a	298.5	92.9	674.0	n/a	n/a	n/a	n/a
6.067	0.032	saccade	n/a	297.3	94.4	n/a	366.3	82.9	2.82	330.0
6.101	0.154	fixation	n/a	377.7	84.8	659.0	n/a	n/a	n/a	n/a
6.257	0.036	saccade	n/a	380.2	87.4	n/a	482.6	94.8	4.13	429.0
6.295	0.198	fixation	n/a	494.4	93.5	664.0	n/a	n/a	n/a	n/a
6.495	0.06	saccade	n/a	496.9	94.3	n/a	136.2	154.9	14.47	513.0
6.557	0.178	fixation	n/a	129.6	162.2	677.0	n/a	n/a	n/a	n/a
6.737	0.036	saccade	n/a	125.4	167.0	n/a	245.5	168.1	4.72	451.0
6.775	0.27	fixation	n/a	260.6	168.4	708.0	n/a	n/a	n/a	n/a
7.047	0.032	saccade	n/a	259.4	169.0	n/a	325.1	162.3	2.64	328.0
7.081	0.142	fixation	n/a	334.4	163.2	713.0	n/a	n/a	n/a	n/a
7.225	0.032	saccade	n/a	335.3	162.3	n/a	395.6	156.6	2.44	302.0
7.259	0.124	fixation	n/a	403.7	159.2	710.0	n/a	n/a	n/a	n/a
7.385	0.032	saccade	n/a	401.0	159.0	n/a	475.8	162.5	3.01	330.0
7.419	0.23	fixation	n/a	483.5	159.0	696.0	n/a	n/a	n/a	n/a
7.651	0.038	saccade	n/a	486.7	159.7	n/a	587.7	157.5	4.02	422.0
7.66	0.0	trigger_11	11	n/a	n/a	n/a	n/a	n/a	n/a	n/a
7.672	0.0	trigger_10	10	n/a	n/a	n/a	n/a	n/a	n/a	n/a
7.691	0.188	fixation	n/a	600.5	157.1	668.0	n/a	n/a	n/a	n/a
7.881	0.054	saccade	n/a	598.7	156.8	n/a	161.3	222.8	17.39	489.0
7.937	0.3	fixation	n/a	169.0	219.8	687.0	n/a	n/a	n/a	n/a
8.239	0.026	saccade	n/a	170.9	220.2	n/a	293.5	218.4	4.86	345.0
8.267	0.264	fixation	n/a	289.7	219.4	700.0	n/a	n/a	n/a	n/a
8.533	0.034	saccade	n/a	287.3	217.1	n/a	371.7	210.4	3.39	329.0
8.569	0.26	fixation	n/a	381.5	213.4	691.0	n/a	n/a	n/a	n/a
8.831	0.032	saccade	n/a	379.9	213.7	n/a	468.8	207.7	3.58	367.0
8.865	0.232	fixation	n/a	482.6	213.2	684.0	n/a	n/a	n/a	n/a
9.099	0.022	saccade	n/a	485.3	216.1	n/a	564.4	215.8	3.15	257.0
9.123	0.04	fixation	n/a	558.2	216.2	678.0	n/a	n/a	n/a	n/a
9.165	0.016	saccade	n/a	558.6	218.7	n/a	545.9	220.6	0.51	82.0
9.183	0.256	fixation	n/a	543.8	218.9	683.0	n/a	n/a	n/a	n/a
9.441	0.032	saccade	n/a	541.6	210.8	n/a	453.2	211.0	3.54	338.0
9.475	0.362	fixation	n/a	445.9	211.3	684.0	n/a	n/a	n/a	n/a
9.839	0.044	saccade	n/a	447.2	218.4	n/a	219.7	134.5	9.7	444.0
9.885	0.114	fixation	n/a	228.1	136.6	694.0	n/a	n/a	n/a	n/a
10.001	0.026	saccade	n/a	227.7	136.0	n/a	133.9	94.6	4.05	316.0
10.029	0.184	fixation	n/a	141.1	94.9	678.0	n/a	n/a	n/a	n/a
10.215	0.016	saccade	n/a	141.8	95.5	n/a	119.7	91.6	0.87	109.0
10.233	0.086	fixation	n/a	122.5	90.7	664.0	n/a	n/a	n/a	n/a
10.321	0.042	saccade	n/a	123.2	91.1	n/a	246.3	101.8	4.86	486.0
10.365	0.154	fixation	n/a	245.8	100.5	670.0	n/a	n/a	n/a	n/a
10.521	0.022	saccade	n/a	245.4	100.1	n/a	325.2	93.1	3.2	276.0
10.545	0.204	fixation	n/a	316.4	94.1	677.0	n/a	n/a	n/a	n/a
10.751	0.032	saccade	n/a	315.5	93.6	n/a	230.0	94.4	3.41	313.0
10.785	0.304	fixation	n/a	224.1	99.6	703.0	n/a	n/a	n/a	n/a
11.091	0.04	saccade	n/a	221.7	102.5	n/a	369.5	87.0	5.95	492.0
11.133	0.138	fixation	n/a	382.2	86.6	727.0	n/a	n/a	n/a	n/a
11.273	0.03	saccade	n/a	383.6	89.2	n/a	482.5	89.9	3.98	432.0
11.305	0.098	fixation	n/a	494.1	91.5	733.0	n/a	n/a	n/a	n/a
11.405	0.052	saccade	n/a	497.3	92.5	n/a	235.9	92.5	10.46	479.0
11.459	0.238	fixation	n/a	233.6	99.6	723.0	n/a	n/a	n/a	n/a
11.699	0.03	saccade	n/a	231.5	98.9	n/a	273.4	96.4	1.67	222.0
11.731	0.124	fixation	n/a	280.8	97.9	719.0	n/a	n/a	n/a	n/a
11.857	0.028	saccade	n/a	283.3	98.3	n/a	161.7	90.8	4.83	346.0
11.887	0.266	fixation	n/a	175.3	90.9	700.0	n/a	n/a	n/a	n/a
12.155	0.036	saccade	n/a	176.1	94.4	n/a	269.2	97.5	3.7	404.0
12.18	0.0	trigger_11	11	n/a	n/a	n/a	n/a	n/a	n/a	n/a
12.193	0.178	fixation	n/a	285.3	102.5	719.0	n/a	n/a	n/a	n/a
12.194	0.0	trigger_10	10	n/a	n/a	n/a	n/a	n/a	n/a	n/a
12.373	0.032	saccade	n/a	283.9	103.9	n/a	347.3	94.6	2.57	308.0
12.407	0.244	fixation	n/a	358.3	96.9	714.0	n/a	n/a	n/a	n/a
12.653	0.032	saccade	n/a	358.8	99.6	n/a	443.7	90.6	3.44	339.0
12.687	0.15	fixation	n/a	452.3	95.0	703.0	n/a	n/a	n/a	n/a
12.839	0.034	saccade	n/a	454.9	99.2	n/a	537.3	94.0	3.3	333.0
12.875	0.198	fixation	n/a	543.9	96.0	698.0	n/a	n/a	n/a	n/a
13.075	0.044	saccade	n/a	544.4	96.6	n/a	214.1	164.2	13.39	526.0
13.121	0.158	fixation	n/a	220.9	165.3	729.0	n/a	n/a	n/a	n/a
13.281	0.024	saccade	n/a	220.8	168.8	n/a	136.1	171.7	3.33	255.0
13.307	0.316	fixation	n/a	141.3	169.6	725.0	n/a	n/a	n/a	n/a
13.625	0.03	saccade	n/a	140.7	170.8	n/a	219.4	163.6	3.11	335.0
13.657	0.186	fixation	n/a	228.6	167.4	731.0	n/a	n/a	n/a	n/a
13.845	0.026	saccade	n/a	231.2	168.5	n/a	269.8	167.2	1.54	189.0
13.873	0.262	fixation	n/a	274.0	170.2	730.0	n/a	n/a	n/a	n/a
14.137	0.028	saccade	n/a	277.3	173.3	n/a	171.8	171.6	4.18	275.0
14.167	0.226	fixation	n/a	180.9	169.4	736.0	n/a	n/a	n/a	n/a
14.395	0.028	saccade	n/a	184.5	169.8	n/a	133.3	89.7	3.8	308.0
14.425	0.318	fixation	n/a	136.6	93.4	708.0	n/a	n/a	n/a	n/a
14.745	0.022	saccade	n/a	134.8	91.8	n/a	219.6	96.3	3.34	272.0
14.769	0.156	fixation	n/a	212.2	96.9	692.0	n/a	n/a	n/a	n/a
14.927	0.026	saccade	n/a	213.2	92.8	n/a	115.3	93.5	3.84	289.0
14.955	0.324	fixation	n/a	120.7	90.4	655.0	n/a	n/a	n/a	n/a
15.281	0.034	saccade	n/a	119.8	91.9	n/a	214.3	98.9	3.72	377.0
15.317	0.184	fixation	n/a	226.3	100.5	672.0	n/a	n/a	n/a	n/a
15.503	0.024	saccade	n/a	225.6	96.7	n/a	152.7	96.8	2.87	210.0
15.529	0.258	fixation	n/a	159.6	92.7	651.0	n/a	n/a	n/a	n/a
15.789	0.026	saccade	n/a	158.9	96.2	n/a	296.0	99.5	5.44	422.0
15.817	0.208	fixation	n/a	295.6	102.1	676.0	n/a	n/a	n/a	n/a
16.027	0.032	saccade	n/a	296.1	102.7	n/a	367.1	93.7	2.88	354.0
16.061	0.208	fixation	n/a	378.3	92.0	668.0	n/a	n/a	n/a	n/a
16.271	0.022	saccade	n/a	382.5	95.9	n/a	298.5	99.8	3.38	271.0
16.295	0.266	fixation	n/a	305.1	101.8	669.0	n/a	n/a	n/a	n/a
16.563	0.048	saccade	n/a	304.7	103.8	n/a	446.5	94.5	5.72	410.0
16.613	0.216	fixation	n/a	444.9	93.9	675.0	n/a	n/a	n/a	n/a
16.831	0.032	saccade	n/a	447.4	99.4	n/a	507.4	92.5	2.43	300.0
16.865	0.158	fixation	n/a	517.4	93.9	670.0	n/a	n/a	n/a	n/a
17.025	0.03	saccade	n/a	516.0	95.7	n/a	572.7	91.8	2.26	291.0
17.057	0.158	fixation	n/a	579.2	91.8	659.0	n/a	n/a	n/a	n/a
17.217	0.052	saccade	n/a	579.1	91.8	n/a	164.8	163.9	16.6	540.0
17.271	0.212	fixation	n/a	162.2	163.6	683.0	n/a	n/a	n/a	n/a
17.485	0.018	saccade	n/a	162.5	163.0	n/a	115.3	170.2	1.86	180.0
17.505	0.146	fixation	n/a	125.6	170.2	691.0	n/a	n/a	n/a	n/a
17.653	0.036	saccade	n/a	126.1	172.6	n/a	270.8	162.3	5.71	488.0
17.691	0.19	fixation	n/a	285.7	163.1	698.0	n/a	n/a	n/a	n/a
17.883	0.032	saccade	n/a	285.7	160.0	n/a	380.2	148.8	3.82	367.0
17.917	0.254	fixation	n/a	390.8	155.0	699.0	n/a	n/a	n/a	n/a
18.173	0.078	saccade	n/a	393.6	162.4	n/a	492.8	169.8	4.0	214.0
18.253	0.124	fixation	n/a	488.7	163.7	679.0	n/a	n/a	n/a	n/a
18.379	0.028	saccade	n/a	489.4	160.5	n/a	523.6	160.6	1.37	194.0
18.409	0.18	fixation	n/a	527.3	160.7	668.0	n/a	n/a	n/a	n/a
18.591	0.05	saccade	n/a	528.5	157.1	n/a	143.4	215.3	15.37	504.0
18.643	0.25	fixation	n/a	144.8	215.5	665.0	n/a	n/a	n/a	n/a
18.895	0.03	saccade	n/a	145.8	216.0	n/a	217.5	217.3	2.81	314.0
18.927	0.216	fixation	n/a	224.8	219.0	674.0	n/a	n/a	n/a	n/a
19.145	0.036	saccade	n/a	224.2	220.0	n/a	302.7	217.4	3.12	355.0
19.183	0.208	fixation	n/a	314.5	217.6	666.0	n/a	n/a	n/a	n/a
19.276	0.0	trigger_11	11	n/a	n/a	n/a	n/a	n/a	n/a	n/a
19.292	0.0	trigger_10	10	n/a	n/a	n/a	n/a	n/a	n/a	n/a
19.393	0.026	saccade	n/a	315.9	218.9	n/a	453.9	203.0	5.57	446.0
19.421	0.224	fixation	n/a	459.9	211.1	649.0	n/a	n/a	n/a	n/a
19.647	0.032	saccade	n/a	463.0	212.0	n/a	557.7	207.9	3.78	364.0
19.681	0.164	fixation	n/a	567.6	209.9	629.0	n/a	n/a	n/a	n/a
19.847	0.034	saccade	n/a	567.7	210.8	n/a	636.1	215.2	2.7	320.0
19.883	0.102	fixation	n/a	645.4	217.5	627.0	n/a	n/a	n/a	n/a
19.987	0.052	saccade	n/a	647.0	217.0	n/a	320.5	244.9	12.95	496.0
20.041	0.14	fixation	n/a	312.6	245.0	641.0	n/a	n/a	n/a	n/a
20.183	0.026	saccade	n/a	312.3	246.5	n/a	189.4	270.3	4.96	350.0
20.211	0.166	fixation	n/a	192.3	267.0	653.0	n/a	n/a	n/a	n/a
20.379	0.024	saccade	n/a	191.0	267.4	n/a	112.9	265.1	3.03	239.0
20.405	0.264	fixation	n/a	120.6	265.7	665.0	n/a	n/a	n/a	n/a
20.671	0.034	saccade	n/a	122.2	266.6	n/a	233.3	266.3	4.34	428.0
20.707	0.4	fixation	n/a	248.1	268.2	677.0	n/a	n/a	n/a	n/a
21.109	0.034	saccade	n/a	248.2	268.7	n/a	192.1	196.9	3.64	224.0
21.145	0.138	fixation	n/a	201.7	199.3	682.0	n/a	n/a	n/a	n/a
21.285	0.024	saccade	n/a	202.7	197.1	n/a	158.9	136.9	2.98	256.0
21.311	0.182	fixation	n/a	166.7	136.3	667.0	n/a	n/a	n/a	n/a
21.495	0.022	saccade	n/a	168.0	137.7	n/a	132.7	78.8	2.74	233.0
21.519	0.296	fixation	n/a	137.1	83.6	642.0	n/a	n/a	n/a	n/a
21.817	0.022	saccade	n/a	136.1	85.6	n/a	204.8	86.2	2.69	231.0
21.841	0.172	fixation	n/a	197.8	86.7	651.0	n/a	n/a	n/a	n/a
22.015	0.034	saccade	n/a	199.5	86.8	n/a	291.5	89.8	3.66	390.0
22.051	0.18	fixation	n/a	305.6	90.7	653.0	n/a	n/a	n/a	n/a
22.233	0.036	saccade	n/a	305.6	88.7	n/a	405.4	84.3	4.02	397.0
22.271	0.202	fixation	n/a	420.3	87.1	654.0	n/a	n/a	n/a	n/a
22.475	0.036	saccade	n/a	422.2	85.9	n/a	527.4	88.7	4.23	435.0
22.513	0.146	fixation	n/a	540.0	93.4	661.0	n/a	n/a	n/a	n/a
22.661	0.02	saccade	n/a	541.9	96.8	n/a	583.6	95.5	1.66	153.0
22.683	0.072	fixation	n/a	577.3	95.4	660.0	n/a	n/a	n/a	n/a
22.757	0.056	saccade	n/a	578.2	96.2	n/a	156.1	145.3	16.77	610.0
22.815	0.224	fixation	n/a	149.3	151.5	670.0	n/a	n/a	n/a	n/a
23.041	0.03	saccade	n/a	149.9	155.0	n/a	198.7	158.7	1.92	259.0
23.073	0.16	fixation	n/a	208.5	158.5	704.0	n/a	n/a	n/a	n/a
23.235	0.036	saccade	n/a	211.7	158.4	n/a	313.4	150.9	4.06	414.0
23.273	0.3	fixation	n/a	326.3	155.1	705.0	n/a	n/a	n/a	n/a
23.575	0.028	saccade	n/a	326.0	155.3	n/a	213.5	165.8	4.5	327.0
23.605	0.14	fixation	n/a	221.3	163.1	695.0	n/a	n/a	n/a	n/a
23.747	0.062	saccade	n/a	220.0	163.4	n/a	551.5	110.6	13.35	565.0
23.811	0.146	fixation	n/a	550.2	108.3	679.0	n/a	n/a	n/a	n/a
23.959	0.02	saccade	n/a	551.3	109.5	n/a	569.0	95.8	0.9	108.0
23.981	0.088	fixation	n/a	567.5	100.2	678.0	n/a	n/a	n/a	n/a
24.071	0.054	saccade	n/a	568.3	100.3	n/a	299.9	157.1	10.94	538.0
24.127	0.206	fixation	n/a	296.9	162.8	691.0	n/a	n/a	n/a	n/a
24.335	0.024	saccade	n/a	295.9	164.3	n/a	405.0	154.5	4.4	364.0
24.361	0.25	fixation	n/a	408.4	157.1	683.0	n/a	n/a	n/a	n/a
24.484	0.0	trigger_11	11	n/a	n/a	n/a	n/a	n/a	n/a	n/a
24.494	0.0	trigger_10	10	n/a	n/a	n/a	n/a	n/a	n/a	n/a
24.613	0.05	saccade	n/a	410.0	158.2	n/a	253.0	166.0	6.3	288.0
24.665	0.244	fixation	n/a	258.6	165.1	672.0	n/a	n/a	n/a	n/a
24.911	0.012	saccade	n/a	256.3	165.2	n/a	233.8	168.7	0.91	93.0
24.925	0.068	fixation	n/a	236.6	167.7	667.0	n/a	n/a	n/a	n/a
24.995	0.052	saccade	n/a	236.8	168.7	n/a	430.2	160.2	7.74	490.0
25.049	0.222	fixation	n/a	433.3	161.0	654.0	n/a	n/a	n/a	n/a
25.273	0.034	saccade	n/a	434.7	160.9	n/a	500.8	158.1	2.65	316.0
25.309	0.152	fixation	n/a	509.4	162.4	654.0	n/a	n/a	n/a	n/a
25.463	0.032	saccade	n/a	510.5	165.4	n/a	568.7	165.4	2.32	272.0
25.497	0.116	fixation	n/a	574.8	165.6	647.0	n/a	n/a	n/a	n/a
25.615	0.06	saccade	n/a	576.3	163.0	n/a	133.5	222.6	17.53	511.0
25.677	0.322	fixation	n/a	143.1	225.9	661.0	n/a	n/a	n/a	n/a
26.001	0.034	saccade	n/a	144.8	225.5	n/a	233.5	223.1	3.49	377.0
26.037	0.304	fixation	n/a	245.6	224.1	677.0	n/a	n/a	n/a	n/a
26.343	0.016	saccade	n/a	244.7	226.8	n/a	214.0	229.3	1.22	106.0
26.361	0.302	fixation	n/a	218.0	228.7	691.0	n/a	n/a	n/a	n/a
26.665	0.026	saccade	n/a	218.4	232.7	n/a	191.5	133.5	4.15	321.0
26.693	0.112	fixation	n/a	189.9	134.0	676.0	n/a	n/a	n/a	n/a
26.807	0.032	saccade	n/a	191.4	135.3	n/a	141.8	84.3	2.83	290.0
26.841	0.268	fixation	n/a	138.2	86.2	663.0	n/a	n/a	n/a	n/a
27.111	0.028	saccade	n/a	136.2	86.2	n/a	201.2	92.6	2.56	288.0
27.141	0.21	fixation	n/a	204.1	94.2	673.0	n/a	n/a	n/a	n/a
27.353	0.026	saccade	n/a	204.5	94.8	n/a	321.3	96.4	4.65	408.0
27.381	0.228	fixation	n/a	323.3	99.2	670.0	n/a	n/a	n/a	n/a
27.492	0.0	trigger_11	11	n/a	n/a	n/a	n/a	n/a	n/a	n/a
27.502	0.0	trigger_12	12	n/a	n/a	n/a	n/a	n/a	n/a	n/a
27.611	0.032	saccade	n/a	326.0	103.4	n/a	381.3	99.2	2.23	292.0
27.645	0.216	fixation	n/a	391.3	100.5	664.0	n/a	n/a	n/a	n/a
27.863	0.038	saccade	n/a	392.9	105.9	n/a	513.7	98.2	4.86	447.0
27.903	0.19	fixation	n/a	524.7	98.9	644.0	n/a	n/a	n/a	n/a
28.095	0.028	saccade	n/a	525.8	100.5	n/a	565.9	102.5	1.6	218.0
28.125	0.134	fixation	n/a	572.3	102.7	635.0	n/a	n/a	n/a	n/a
28.261	0.052	saccade	n/a	573.4	99.2	n/a	148.8	152.7	16.86	582.0
28.315	0.242	fixation	n/a	152.0	158.4	655.0	n/a	n/a	n/a	n/a
28.559	0.026	saccade	n/a	153.4	160.8	n/a	133.1	83.2	3.22	243.0
28.587	0.138	fixation	n/a	137.8	91.5	625.0	n/a	n/a	n/a	n/a
28.727	0.032	saccade	n/a	138.5	90.7	n/a	209.5	93.0	2.79	296.0
28.761	0.16	fixation	n/a	219.8	95.5	645.0	n/a	n/a	n/a	n/a
28.923	0.036	saccade	n/a	221.3	96.0	n/a	304.0	90.1	3.31	359.0
28.961	0.24	fixation	n/a	318.1	95.4	654.0	n/a	n/a	n/a	n/a
29.203	0.032	saccade	n/a	320.4	99.6	n/a	388.4	92.3	2.75	302.0
29.237	0.444	fixation	n/a	399.2	97.7	649.0	n/a	n/a	n/a	n/a
29.683	0.05	saccade	n/a	400.7	100.1	n/a	146.7	84.9	10.1	448.0
29.735	0.376	fixation	n/a	139.0	88.2	639.0	n/a	n/a	n/a	n/a
29.806	0.0	trigger_13	13	n/a	n/a	n/a	n/a	n/a	n/a	n/a
29.818	0.0	trigger_10	10	n/a	n/a	n/a	n/a	n/a	n/a	n/a
30.113	0.038	saccade	n/a	138.6	87.1	n/a	247.8	93.6	4.31	414.0
30.153	0.184	fixation	n/a	261.1	94.0	650.0	n/a	n/a	n/a	n/a
30.339	0.036	saccade	n/a	261.9	96.2	n/a	394.2	89.8	5.32	478.0
30.377	0.134	fixation	n/a	407.5	91.6	639.0	n/a	n/a	n/a	n/a
30.513	0.036	saccade	n/a	410.1	94.7	n/a	513.7	99.1	4.16	409.0
30.551	0.142	fixation	n/a	525.9	101.5	651.0	n/a	n/a	n/a	n/a
30.695	0.02	saccade	n/a	525.3	102.7	n/a	484.5	99.5	1.64	150.0
30.717	0.288	fixation	n/a	488.7	99.6	649.0	n/a	n/a	n/a	n/a
31.007	0.014	saccade	n/a	486.4	102.6	n/a	459.4	107.3	1.1	96.0
31.023	0.086	fixation	n/a	463.0	104.8	654.0	n/a	n/a	n/a	n/a
31.111	0.038	saccade	n/a	462.7	105.1	n/a	554.3	94.6	3.69	378.0
31.151	0.084	fixation	n/a	565.8	97.3	650.0	n/a	n/a	n/a	n/a
31.237	0.054	saccade	n/a	566.5	97.7	n/a	202.3	149.6	14.58	566.0
31.293	0.252	fixation	n/a	191.9	152.0	683.0	n/a	n/a	n/a	n/a
31.547	0.024	saccade	n/a	189.2	153.8	n/a	145.7	78.1	3.5	285.0
31.573	0.518	fixation	n/a	147.6	88.7	660.0	n/a	n/a	n/a	n/a
32.093	0.016	saccade	n/a	146.7	90.6	n/a	108.7	93.2	1.48	121.0
32.111	0.166	fixation	n/a	117.2	91.4	666.0	n/a	n/a	n/a	n/a
32.279	0.04	saccade	n/a	117.7	92.9	n/a	271.7	98.5	6.07	531.0
32.321	0.236	fixation	n/a	288.0	98.0	682.0	n/a	n/a	n/a	n/a
32.559	0.034	saccade	n/a	289.7	97.5	n/a	373.2	89.0	3.37	391.0
32.595	0.118	fixation	n/a	387.8	92.7	657.0	n/a	n/a	n/a	n/a
32.715	0.034	saccade	n/a	389.8	97.0	n/a	480.8	99.6	3.66	379.0
32.751	0.276	fixation	n/a	492.3	102.8	649.0	n/a	n/a	n/a	n/a
33.029	0.022	saccade	n/a	492.2	100.3	n/a	569.2	100.4	3.07	254.0
33.053	0.552	fixation	n/a	559.4	99.1	644.0	n/a	n/a	n/a	n/a
33.607	0.022	saccade	n/a	561.4	98.4	n/a	482.2	97.8	3.17	262.0
33.631	0.33	fixation	n/a	495.1	95.1	677.0	n/a	n/a	n/a	n/a
33.963	0.022	saccade	n/a	495.1	95.4	n/a	414.2	94.1	3.26	261.0
33.987	0.254	fixation	n/a	419.9	91.9	684.0	n/a	n/a	n/a	n/a
34.243	0.032	saccade	n/a	417.6	92.9	n/a	481.1	96.7	2.56	322.0
34.277	0.266	fixation	n/a	487.7	99.1	677.0	n/a	n/a	n/a	n/a
34.545	0.034	saccade	n/a	489.0	99.7	n/a	556.8	100.8	2.71	316.0
34.581	0.274	fixation	n/a	567.6	102.2	661.0	n/a	n/a	n/a	n/a
34.857	0.052	saccade	n/a	567.7	102.8	n/a	168.4	154.6	15.89	544.0
34.911	0.128	fixation	n/a	175.2	160.4	687.0	n/a	n/a	n/a	n/a
35.041	0.02	saccade	n/a	175.6	162.0	n/a	135.4	173.9	1.64	154.0
35.063	0.156	fixation	n/a	143.7	172.0	692.0	n/a	n/a	n/a	n/a
35.221	0.03	saccade	n/a	145.8	174.3	n/a	214.4	168.8	2.7	300.0
35.253	0.164	fixation	n/a	224.4	171.5	705.0	n/a	n/a	n/a	n/a
35.419	0.094	saccade	n/a	229.4	180.3	n/a	290.0	282.3	4.76	332.0
35.515	0.046	fixation	n/a	281.2	293.0	777.0	n/a	n/a	n/a	n/a
35.563	0.044	saccade	n/a	275.8	297.7	n/a	331.7	185.5	5.04	225.0
35.585	0.002	blink	n/a	n/a	n/a	n/a	n/a	n/a	n/a	n/a
35.609	0.032	fixation	n/a	329.7	168.6	703.0	n/a	n/a	n/a	n/a
35.643	0.03	saccade	n/a	328.9	158.2	n/a	279.3	156.8	1.99	238.0
35.675	0.176	fixation	n/a	272.0	162.9	686.0	n/a	n/a	n/a	n/a
35.853	0.038	saccade	n/a	270.8	158.0	n/a	392.7	141.3	4.94	424.0
35.893	0.26	fixation	n/a	405.3	143.0	659.0	n/a	n/a	n/a	n/a
36.155	0.034	saccade	n/a	403.2	141.3	n/a	475.7	143.8	2.92	306.0
36.191	0.334	fixation	n/a	486.9	148.7	638.0	n/a	n/a	n/a	n/a
36.527	0.024	saccade	n/a	487.6	150.1	n/a	393.4	148.3	3.79	315.0
36.553	0.274	fixation	n/a	399.5	148.3	634.0	n/a	n/a	n/a	n/a
36.829	0.04	saccade	n/a	402.0	151.9	n/a	536.6	153.9	5.4	452.0
36.871	0.258	fixation	n/a	552.2	152.8	644.0	n/a	n/a	n/a	n/a
37.07	0.0	trigger_11	11	n/a	n/a	n/a	n/a	n/a	n/a	n/a
37.086	0.0	trigger_10	10	n/a	n/a	n/a	n/a	n/a	n/a	n/a
37.131	0.052	saccade	n/a	551.7	151.7	n/a	134.0	232.4	16.73	496.0
37.185	0.252	fixation	n/a	138.8	233.3	678.0	n/a	n/a	n/a	n/a
37.439	0.024	saccade	n/a	138.4	238.1	n/a	237.9	221.3	3.96	358.0
37.465	0.148	fixation	n/a	234.1	226.3	688.0	n/a	n/a	n/a	n/a
37.615	0.03	saccade	n/a	233.5	225.9	n/a	304.5	224.3	2.83	302.0
37.647	0.202	fixation	n/a	314.6	226.1	666.0	n/a	n/a	n/a	n/a
37.851	0.034	saccade	n/a	315.0	226.2	n/a	417.8	212.1	4.16	374.0
37.887	0.168	fixation	n/a	428.5	214.8	653.0	n/a	n/a	n/a	n/a
38.057	0.032	saccade	n/a	429.0	215.9	n/a	489.0	220.5	2.41	295.0
38.091	0.026	fixation	n/a	498.3	223.1	635.0	n/a	n/a	n/a	n/a
38.119	0.006	saccade	n/a	506.6	223.2	n/a	518.2	222.9	0.46	77.0
38.127	0.038	fixation	n/a	523.8	226.6	628.0	n/a	n/a	n/a	n/a
38.167	0.004	saccade	n/a	525.5	221.1	n/a	529.1	215.4	0.27	56.0
38.173	0.114	fixation	n/a	530.3	202.2	638.0	n/a	n/a	n/a	n/a
38.289	0.04	saccade	n/a	531.7	209.8	n/a	350.9	63.7	9.36	411.0
38.331	0.18	fixation	n/a	361.1	83.6	628.0	n/a	n/a	n/a	n/a
38.513	0.034	saccade	n/a	365.9	99.6	n/a	312.5	57.5	2.75	282.0
38.549	0.108	fixation	n/a	306.3	59.0	626.0	n/a	n/a	n/a	n/a
38.659	0.028	saccade	n/a	306.9	67.5	n/a	191.1	63.2	4.61	322.0
38.689	0.31	fixation	n/a	201.6	73.1	646.0	n/a	n/a	n/a	n/a
39.001	0.03	saccade	n/a	202.0	81.9	n/a	249.0	84.4	1.87	223.0
39.033	0.252	fixation	n/a	257.3	89.3	680.0	n/a	n/a	n/a	n/a
39.287	0.028	saccade	n/a	258.5	94.6	n/a	159.6	79.0	3.96	258.0
39.317	0.14	fixation	n/a	169.1	81.1	673.0	n/a	n/a	n/a	n/a
39.459	0.022	saccade	n/a	172.0	84.0	n/a	113.7	84.6	2.27	192.0
39.483	0.218	fixation	n/a	123.5	83.7	704.0	n/a	n/a	n/a	n/a
39.703	0.034	saccade	n/a	126.5	88.0	n/a	210.2	90.8	3.28	389.0
39.739	0.224	fixation	n/a	224.7	91.8	755.0	n/a	n/a	n/a	n/a
39.965	0.016	saccade	n/a	224.3	93.1	n/a	192.5	93.8	1.26	108.0
39.983	0.098	fixation	n/a	196.9	93.0	726.0	n/a	n/a	n/a	n/a
40.083	0.036	saccade	n/a	197.8	93.3	n/a	281.3	88.1	3.33	360.0
40.121	0.412	fixation	n/a	291.4	78.5	688.0	n/a	n/a	n/a	n/a
40.535	0.066	saccade	n/a	291.6	80.4	n/a	398.1	495.2	16.86	591.0
40.603	0.12	fixation	n/a	402.7	507.1	647.0	n/a	n/a	n/a	n/a
40.725	0.032	saccade	n/a	407.9	510.9	n/a	495.3	530.8	3.46	394.0
40.759	0.166	fixation	n/a	507.5	535.1	645.0	n/a	n/a	n/a	n/a
40.927	0.034	saccade	n/a	511.9	537.1	n/a	577.5	543.0	2.51	291.0
40.963	0.15	fixation	n/a	587.5	545.2	614.0	n/a	n/a	n/a	n/a
41.115	0.02	saccade	n/a	588.2	545.1	n/a	564.4	544.5	0.9	120.0
41.137	0.096	fixation	n/a	565.3	542.8	599.0	n/a	n/a	n/a	n/a
41.235	0.03	saccade	n/a	565.4	543.4	n/a	618.3	541.3	2.01	261.0
41.267	0.114	fixation	n/a	625.8	542.4	586.0	n/a	n/a	n/a	n/a
41.383	0.076	saccade	n/a	629.0	542.3	n/a	337.3	55.0	22.02	554.0
41.461	0.13	fixation	n/a	338.6	49.3	584.0	n/a	n/a	n/a	n/a
41.593	0.026	saccade	n/a	335.7	46.6	n/a	233.4	52.3	4.09	286.0
41.621	0.188	fixation	n/a	240.1	55.2	579.0	n/a	n/a	n/a	n/a
41.811	0.024	saccade	n/a	240.9	54.2	n/a	160.5	62.2	3.19	268.0
41.837	0.178	fixation	n/a	173.6	60.2	612.0	n/a	n/a	n/a	n/a
42.017	0.022	saccade	n/a	174.5	61.9	n/a	114.3	68.3	2.37	219.0
42.041	0.152	fixation	n/a	127.0	68.9	645.0	n/a	n/a	n/a	n/a
42.195	0.032	saccade	n/a	131.8	75.3	n/a	214.4	71.0	3.25	347.0
42.229	0.144	fixation	n/a	223.6	70.0	683.0	n/a	n/a	n/a	n/a
42.375	0.036	saccade	n/a	223.5	68.3	n/a	313.8	65.3	3.61	401.0
42.413	0.166	fixation	n/a	328.8	67.9	687.0	n/a	n/a	n/a	n/a
42.581	0.034	saccade	n/a	329.9	71.2	n/a	391.9	50.3	2.64	336.0
42.617	0.26	fixation	n/a	405.3	62.1	673.0	n/a	n/a	n/a	n/a
42.879	0.034	saccade	n/a	404.3	63.1	n/a	477.9	53.0	2.99	334.0
42.915	0.162	fixation	n/a	484.6	63.7	662.0	n/a	n/a	n/a	n/a
43.079	0.032	saccade	n/a	485.5	67.5	n/a	537.0	66.1	2.06	259.0
43.113	0.222	fixation	n/a	544.9	69.3	659.0	n/a	n/a	n/a	n/a
43.337	0.06	saccade	n/a	547.8	70.8	n/a	143.3	162.1	16.38	573.0
43.399	0.242	fixation	n/a	136.8	169.0	696.0	n/a	n/a	n/a	n/a
43.643	0.034	saccade	n/a	131.5	170.3	n/a	214.1	160.1	3.27	383.0
43.679	0.314	fixation	n/a	231.2	160.7	717.0	n/a	n/a	n/a	n/a
43.995	0.034	saccade	n/a	233.5	161.1	n/a	306.3	150.0	2.94	334.0
44.031	0.138	fixation	n/a	321.7	154.7	703.0	n/a	n/a	n/a	n/a
44.171	0.03	saccade	n/a	325.2	156.9	n/a	378.5	145.1	2.2	258.0
44.203	0.11	fixation	n/a	382.4	146.5	692.0	n/a	n/a	n/a	n/a
44.315	0.036	saccade	n/a	381.9	146.0	n/a	481.8	140.5	4.03	431.0
44.353	0.268	fixation	n/a	494.2	145.8	671.0	n/a	n/a	n/a	n/a
44.623	0.03	saccade	n/a	493.8	143.2	n/a	544.1	143.1	2.01	297.0
44.655	0.16	fixation	n/a	553.1	145.5	664.0	n/a	n/a	n/a	n/a
44.817	0.026	saccade	n/a	553.4	145.3	n/a	506.6	54.0	4.16	440.0
44.845	0.064	fixation	n/a	506.1	58.0	653.0	n/a	n/a	n/a	n/a
44.911	0.672	saccade	n/a	504.1	55.8	n/a	470.4	184.1	5.39	480.0
44.931	0.594	blink	n/a	n/a	n/a	n/a	n/a	n/a	n/a	n/a
45.585	0.178	fixation	n/a	481.8	136.7	712.0	n/a	n/a	n/a	n/a
45.765	0.028	saccade	n/a	482.8	134.5	n/a	355.9	139.6	5.11	368.0
45.795	0.19	fixation	n/a	364.3	148.0	696.0	n/a	n/a	n/a	n/a
45.987	0.024	saccade	n/a	362.3	150.3	n/a	279.2	150.2	3.34	275.0
46.013	0.27	fixation	n/a	281.9	152.2	687.0	n/a	n/a	n/a	n/a
46.285	0.034	saccade	n/a	280.8	152.9	n/a	366.2	156.4	3.43	365.0
46.321	0.106	fixation	n/a	375.4	152.6	698.0	n/a	n/a	n/a	n/a
46.429	0.04	saccade	n/a	376.5	152.1	n/a	508.6	149.7	5.31	466.0
46.471	0.118	fixation	n/a	521.5	152.6	677.0	n/a	n/a	n/a	n/a
46.591	0.034	saccade	n/a	521.1	151.0	n/a	585.1	151.1	2.54	327.0
46.598	0.0	trigger_11	11	n/a	n/a	n/a	n/a	n/a	n/a	n/a
46.61	0.0	trigger_10	10	n/a	n/a	n/a	n/a	n/a	n/a	n/a
46.627	0.132	fixation	n/a	592.2	153.6	651.0	n/a	n/a	n/a	n/a
46.761	0.054	saccade	n/a	592.1	155.4	n/a	148.7	213.8	17.55	579.0
46.817	0.172	fixation	n/a	152.9	217.1	677.0	n/a	n/a	n/a	n/a
46.991	0.036	saccade	n/a	152.2	217.9	n/a	242.4	213.5	3.56	376.0
47.029	0.186	fixation	n/a	254.8	218.3	680.0	n/a	n/a	n/a	n/a
47.217	0.036	saccade	n/a	254.7	218.7	n/a	348.3	212.3	3.75	380.0
47.255	0.254	fixation	n/a	362.0	213.3	669.0	n/a	n/a	n/a	n/a
47.511	0.038	saccade	n/a	362.8	213.8	n/a	463.1	208.4	4.03	381.0
47.551	0.228	fixation	n/a	478.0	207.6	651.0	n/a	n/a	n/a	n/a
47.781	0.034	saccade	n/a	478.3	207.3	n/a	567.9	216.7	3.59	361.0
47.817	0.246	fixation	n/a	576.8	217.5	630.0	n/a	n/a	n/a	n/a
48.065	0.046	saccade	n/a	578.2	222.8	n/a	201.6	273.6	14.97	528.0
48.113	0.366	fixation	n/a	190.7	272.7	648.0	n/a	n/a	n/a	n/a
48.481	0.03	saccade	n/a	190.0	273.8	n/a	251.2	279.5	2.42	269.0
48.513	0.248	fixation	n/a	259.8	280.6	642.0	n/a	n/a	n/a	n/a
48.654	0.0	trigger_11	11	n/a	n/a	n/a	n/a	n/a	n/a	n/a
48.666	0.0	trigger_12	12	n/a	n/a	n/a	n/a	n/a	n/a	n/a
48.763	0.04	saccade	n/a	259.6	278.9	n/a	170.9	93.4	8.24	444.0
48.805	0.16	fixation	n/a	172.9	87.4	594.0	n/a	n/a	n/a	n/a
48.967	0.024	saccade	n/a	173.6	86.8	n/a	125.2	73.2	1.97	199.0
48.993	0.128	fixation	n/a	128.5	71.2	586.0	n/a	n/a	n/a	n/a
49.123	0.036	saccade	n/a	127.8	68.7	n/a	257.7	66.8	5.11	486.0
49.161	0.372	fixation	n/a	270.8	72.5	596.0	n/a	n/a	n/a	n/a
49.535	0.032	saccade	n/a	273.9	76.8	n/a	344.8	64.4	2.89	339.0
49.569	0.126	fixation	n/a	354.9	63.3	594.0	n/a	n/a	n/a	n/a
49.697	0.022	saccade	n/a	355.8	66.5	n/a	412.6	68.1	2.29	156.0
49.721	0.206	fixation	n/a	404.2	64.4	602.0	n/a	n/a	n/a	n/a
49.929	0.036	saccade	n/a	404.9	64.9	n/a	514.4	70.4	4.4	422.0
49.967	0.14	fixation	n/a	527.0	73.5	614.0	n/a	n/a	n/a	n/a
50.109	0.058	saccade	n/a	529.1	73.0	n/a	168.2	140.4	14.55	539.0
50.169	0.208	fixation	n/a	166.0	148.2	629.0	n/a	n/a	n/a	n/a
50.182	0.0	trigger_13	13	n/a	n/a	n/a	n/a	n/a	n/a	n/a
50.19	0.0	trigger_10	10	n/a	n/a	n/a	n/a	n/a	n/a	n/a
50.379	0.046	saccade	n/a	167.9	150.7	n/a	315.8	147.9	5.87	445.0
50.427	0.22	fixation	n/a	316.8	150.8	648.0	n/a	n/a	n/a	n/a
50.649	0.028	saccade	n/a	316.1	153.7	n/a	366.3	149.4	2.03	264.0
50.679	0.178	fixation	n/a	371.5	151.1	648.0	n/a	n/a	n/a	n/a
50.859	0.05	saccade	n/a	372.9	151.2	n/a	164.9	68.8	8.92	430.0
50.911	0.264	fixation	n/a	158.5	68.7	606.0	n/a	n/a	n/a	n/a
51.177	0.038	saccade	n/a	154.5	67.7	n/a	261.5	70.9	4.22	370.0
51.217	0.23	fixation	n/a	275.8	75.6	638.0	n/a	n/a	n/a	n/a
51.449	0.036	saccade	n/a	276.8	80.3	n/a	372.2	71.0	3.85	421.0
51.487	0.416	fixation	n/a	390.2	76.5	655.0	n/a	n/a	n/a	n/a
51.905	0.028	saccade	n/a	390.4	76.6	n/a	260.2	76.8	5.22	346.0
51.935	0.442	fixation	n/a	273.0	81.5	679.0	n/a	n/a	n/a	n/a
52.379	0.034	saccade	n/a	272.0	86.4	n/a	122.8	80.6	5.88	338.0
52.415	0.382	fixation	n/a	129.7	77.5	672.0	n/a	n/a	n/a	n/a
52.799	0.034	saccade	n/a	127.2	75.8	n/a	211.4	77.9	3.3	322.0
52.835	0.25	fixation	n/a	223.4	80.1	669.0	n/a	n/a	n/a	n/a
53.087	0.034	saccade	n/a	220.9	78.6	n/a	286.6	81.5	2.62	273.0
53.123	0.224	fixation	n/a	293.6	82.9	659.0	n/a	n/a	n/a	n/a
53.349	0.03	saccade	n/a	293.0	82.7	n/a	361.2	76.3	2.75	309.0
53.381	0.148	fixation	n/a	367.8	76.0	645.0	n/a	n/a	n/a	n/a
53.531	0.032	saccade	n/a	370.4	78.8	n/a	436.6	67.9	2.71	330.0
53.565	0.202	fixation	n/a	447.9	77.3	643.0	n/a	n/a	n/a	n/a
53.769	0.032	saccade	n/a	450.4	79.8	n/a	503.9	77.8	2.15	248.0
53.803	0.194	fixation	n/a	510.6	79.4	634.0	n/a	n/a	n/a	n/a
53.808	0.0	trigger_11	11	n/a	n/a	n/a	n/a	n/a	n/a	n/a
53.82	0.0	trigger_10	10	n/a	n/a	n/a	n/a	n/a	n/a	n/a
53.999	0.028	saccade	n/a	513.6	81.6	n/a	565.6	78.2	2.08	252.0
54.029	0.108	fixation	n/a	569.7	80.6	629.0	n/a	n/a	n/a	n/a
54.139	0.052	saccade	n/a	570.3	82.7	n/a	169.1	148.5	16.05	568.0
54.193	0.168	fixation	n/a	176.8	149.3	652.0	n/a	n/a	n/a	n/a
54.363	0.032	saccade	n/a	176.9	150.1	n/a	240.7	149.7	2.53	305.0
54.397	0.066	fixation	n/a	251.5	150.7	666.0	n/a	n/a	n/a	n/a
54.465	0.034	saccade	n/a	253.2	152.1	n/a	408.2	74.9	6.96	436.0
54.501	0.468	fixation	n/a	419.5	79.4	659.0	n/a	n/a	n/a	n/a
54.971	0.036	saccade	n/a	419.7	81.7	n/a	503.4	77.9	3.37	391.0
55.009	0.12	fixation	n/a	514.2	81.9	669.0	n/a	n/a	n/a	n/a
55.131	0.042	saccade	n/a	517.7	85.7	n/a	233.9	148.4	11.59	511.0
55.175	0.312	fixation	n/a	235.7	149.7	687.0	n/a	n/a	n/a	n/a
55.489	0.022	saccade	n/a	236.1	154.0	n/a	185.2	160.8	2.03	185.0
55.513	0.212	fixation	n/a	191.0	159.2	708.0	n/a	n/a	n/a	n/a
55.727	0.024	saccade	n/a	190.7	159.0	n/a	168.5	78.2	3.37	247.0
55.753	0.262	fixation	n/a	170.1	89.4	681.0	n/a	n/a	n/a	n/a
56.017	0.022	saccade	n/a	169.4	88.6	n/a	110.0	82.1	2.33	197.0
56.041	0.17	fixation	n/a	119.6	80.8	662.0	n/a	n/a	n/a	n/a
56.213	0.038	saccade	n/a	120.4	81.5	n/a	238.3	85.5	4.64	429.0
56.253	0.202	fixation	n/a	253.1	85.0	684.0	n/a	n/a	n/a	n/a
56.457	0.028	saccade	n/a	253.6	84.9	n/a	289.0	85.1	1.41	208.0
56.487	0.132	fixation	n/a	294.9	86.1	668.0	n/a	n/a	n/a	n/a
56.621	0.034	saccade	n/a	296.7	88.7	n/a	374.8	77.0	3.18	369.0
56.657	0.078	fixation	n/a	384.3	82.5	650.0	n/a	n/a	n/a	n/a
56.736	0.0	trigger_11	11	n/a	n/a	n/a	n/a	n/a	n/a	n/a
56.737	0.048	saccade	n/a	395.2	95.4	n/a	474.7	93.0	3.2	134.0
56.746	0.0	trigger_10	10	n/a	n/a	n/a	n/a	n/a	n/a	n/a
56.787	0.466	fixation	n/a	435.9	77.9	626.0	n/a	n/a	n/a	n/a
57.255	0.034	saccade	n/a	430.3	73.5	n/a	513.8	76.6	3.36	363.0
57.291	0.124	fixation	n/a	521.6	80.0	615.0	n/a	n/a	n/a	n/a
57.417	0.046	saccade	n/a	524.0	81.2	n/a	191.0	150.6	13.51	525.0
57.465	0.158	fixation	n/a	197.0	149.1	629.0	n/a	n/a	n/a	n/a
57.625	0.04	saccade	n/a	196.7	153.0	n/a	316.9	152.8	4.79	417.0
57.667	0.126	fixation	n/a	333.0	153.4	641.0	n/a	n/a	n/a	n/a
57.795	0.034	saccade	n/a	334.2	155.0	n/a	409.4	145.0	3.05	363.0
57.831	0.108	fixation	n/a	421.4	148.6	626.0	n/a	n/a	n/a	n/a
57.941	0.032	saccade	n/a	422.3	149.0	n/a	498.1	146.9	3.05	364.0
57.975	0.142	fixation	n/a	509.3	146.5	606.0	n/a	n/a	n/a	n/a
58.119	0.04	saccade	n/a	511.5	146.4	n/a	246.3	212.3	10.9	420.0
58.161	0.224	fixation	n/a	243.1	214.2	612.0	n/a	n/a	n/a	n/a
58.387	0.022	saccade	n/a	245.8	217.7	n/a	181.2	214.3	2.55	201.0
58.411	0.14	fixation	n/a	189.4	214.3	613.0	n/a	n/a	n/a	n/a
58.553	0.036	saccade	n/a	188.4	215.9	n/a	314.2	212.3	4.99	434.0
58.591	0.31	fixation	n/a	328.5	216.4	611.0	n/a	n/a	n/a	n/a
58.903	0.04	saccade	n/a	328.5	216.3	n/a	200.5	59.0	8.16	381.0
58.945	0.122	fixation	n/a	203.7	66.6	566.0	n/a	n/a	n/a	n/a
59.069	0.022	saccade	n/a	204.8	68.2	n/a	125.9	73.4	3.1	245.0
59.093	0.258	fixation	n/a	132.8	69.9	567.0	n/a	n/a	n/a	n/a
59.353	0.034	saccade	n/a	132.3	70.0	n/a	240.5	73.3	4.26	411.0
59.389	0.22	fixation	n/a	253.7	72.4	599.0	n/a	n/a	n/a	n/a
59.611	0.036	saccade	n/a	256.9	73.2	n/a	373.1	67.8	4.66	389.0
59.649	0.166	fixation	n/a	382.8	69.3	606.0	n/a	n/a	n/a	n/a
59.817	0.03	saccade	n/a	384.8	71.4	n/a	454.2	68.4	2.8	351.0
59.849	0.204	fixation	n/a	462.7	70.9	618.0	n/a	n/a	n/a	n/a
60.055	0.034	saccade	n/a	463.9	70.7	n/a	539.5	76.4	3.03	339.0
60.091	0.12	fixation	n/a	546.0	74.3	621.0	n/a	n/a	n/a	n/a
60.213	0.032	saccade	n/a	545.7	74.2	n/a	596.0	75.2	2.0	255.0
60.247	0.08	fixation	n/a	603.9	80.5	611.0	n/a	n/a	n/a	n/a
60.329	0.048	saccade	n/a	604.0	80.8	n/a	198.0	147.1	16.27	569.0
60.379	0.224	fixation	n/a	194.8	149.2	631.0	n/a	n/a	n/a	n/a
60.605	0.024	saccade	n/a	193.9	149.4	n/a	272.7	154.1	3.14	227.0
60.631	0.226	fixation	n/a	264.0	154.8	657.0	n/a	n/a	n/a	n/a
60.859	0.022	saccade	n/a	263.1	155.6	n/a	318.1	155.6	2.2	229.0
60.883	0.116	fixation	n/a	313.1	156.4	652.0	n/a	n/a	n/a	n/a
61.001	0.046	saccade	n/a	313.9	158.0	n/a	166.5	81.0	6.63	394.0
61.049	0.298	fixation	n/a	161.4	78.4	608.0	n/a	n/a	n/a	n/a
61.349	0.022	saccade	n/a	163.0	81.1	n/a	208.3	75.4	1.8	174.0
61.373	0.224	fixation	n/a	203.8	79.2	621.0	n/a	n/a	n/a	n/a
61.584	0.0	trigger_11	11	n/a	n/a	n/a	n/a	n/a	n/a	n/a
61.598	0.0	trigger_10	10	n/a	n/a	n/a	n/a	n/a	n/a	n/a
61.599	0.03	saccade	n/a	205.2	81.2	n/a	264.9	80.5	2.37	285.0
61.631	0.154	fixation	n/a	275.5	82.9	627.0	n/a	n/a	n/a	n/a
61.787	0.036	saccade	n/a	277.1	85.7	n/a	362.5	75.9	3.45	340.0
61.825	0.57	fixation	n/a	375.0	75.6	612.0	n/a	n/a	n/a	n/a
62.397	0.034	saccade	n/a	374.9	75.7	n/a	430.3	66.6	2.26	288.0
62.433	0.164	fixation	n/a	441.7	71.6	611.0	n/a	n/a	n/a	n/a
62.599	0.034	saccade	n/a	445.4	89.3	n/a	536.6	88.9	3.66	146.0
62.635	0.278	fixation	n/a	534.2	88.6	610.0	n/a	n/a	n/a	n/a
62.915	0.034	saccade	n/a	530.9	87.0	n/a	606.7	84.6	3.02	337.0
62.951	0.114	fixation	n/a	613.8	86.1	602.0	n/a	n/a	n/a	n/a
63.067	0.054	saccade	n/a	614.9	84.3	n/a	179.6	146.8	17.32	544.0
63.123	0.24	fixation	n/a	181.2	153.0	627.0	n/a	n/a	n/a	n/a
63.365	0.034	saccade	n/a	181.8	155.8	n/a	258.0	153.2	3.02	322.0
63.401	0.366	fixation	n/a	270.2	157.1	653.0	n/a	n/a	n/a	n/a
63.769	0.026	saccade	n/a	273.3	161.0	n/a	185.4	75.4	4.92	396.0
63.797	0.124	fixation	n/a	185.6	77.7	613.0	n/a	n/a	n/a	n/a
63.923	0.022	saccade	n/a	183.8	79.6	n/a	121.4	79.9	2.44	204.0
63.947	0.2	fixation	n/a	127.8	79.4	612.0	n/a	n/a	n/a	n/a
64.149	0.026	saccade	n/a	128.3	80.1	n/a	287.3	78.1	6.27	479.0
64.177	0.216	fixation	n/a	293.2	82.3	638.0	n/a	n/a	n/a	n/a
64.395	0.034	saccade	n/a	296.0	83.4	n/a	356.0	79.3	2.42	280.0
64.431	0.218	fixation	n/a	364.6	82.1	634.0	n/a	n/a	n/a	n/a
64.651	0.038	saccade	n/a	377.9	93.3	n/a	443.8	97.8	2.66	116.0
64.691	0.2	fixation	n/a	421.0	88.9	644.0	n/a	n/a	n/a	n/a
64.893	0.022	saccade	n/a	417.1	84.1	n/a	353.2	82.2	2.58	212.0
64.917	0.196	fixation	n/a	364.9	79.8	638.0	n/a	n/a	n/a	n/a
65.115	0.036	saccade	n/a	363.5	79.7	n/a	504.4	82.5	5.66	503.0
65.153	0.39	fixation	n/a	519.3	77.3	627.0	n/a	n/a	n/a	n/a
65.545	0.054	saccade	n/a	521.8	83.8	n/a	145.4	139.1	15.04	510.0
65.601	0.324	fixation	n/a	149.1	145.3	665.0	n/a	n/a	n/a	n/a
65.927	0.034	saccade	n/a	145.7	146.6	n/a	220.9	150.3	2.96	359.0
65.963	0.22	fixation	n/a	231.2	153.9	701.0	n/a	n/a	n/a	n/a
66.185	0.008	saccade	n/a	244.1	167.1	n/a	264.8	168.6	0.83	96.0
66.195	0.25	fixation	n/a	277.6	170.7	696.0	n/a	n/a	n/a	n/a
66.447	0.034	saccade	n/a	278.0	170.0	n/a	351.0	154.2	3.0	379.0
66.448	0.0	trigger_11	11	n/a	n/a	n/a	n/a	n/a	n/a	n/a
66.46	0.0	trigger_10	10	n/a	n/a	n/a	n/a	n/a	n/a	n/a
66.483	0.182	fixation	n/a	363.1	152.6	677.0	n/a	n/a	n/a	n/a
66.667	0.032	saccade	n/a	363.8	143.6	n/a	432.2	139.5	2.76	337.0
66.701	0.22	fixation	n/a	445.5	147.0	648.0	n/a	n/a	n/a	n/a
66.923	0.02	saccade	n/a	448.9	154.6	n/a	406.9	155.8	1.69	156.0
66.945	0.098	fixation	n/a	410.6	151.3	635.0	n/a	n/a	n/a	n/a
67.045	0.032	saccade	n/a	412.2	152.4	n/a	372.4	156.4	1.61	235.0
67.079	0.248	fixation	n/a	365.7	156.7	627.0	n/a	n/a	n/a	n/a
67.329	0.052	saccade	n/a	362.5	152.2	n/a	529.0	141.4	6.7	452.0
67.383	0.2	fixation	n/a	525.1	144.4	625.0	n/a	n/a	n/a	n/a
67.585	0.082	saccade	n/a	524.7	146.0	n/a	625.9	156.2	4.03	231.0
67.669	0.088	fixation	n/a	621.4	168.0	627.0	n/a	n/a	n/a	n/a
67.759	0.016	saccade	n/a	622.6	166.3	n/a	623.8	145.2	0.85	53.0
67.777	0.06	fixation	n/a	623.4	128.1	639.0	n/a	n/a	n/a	n/a
67.839	0.056	saccade	n/a	624.4	121.3	n/a	162.8	218.5	18.52	558.0
67.897	0.192	fixation	n/a	166.7	221.6	663.0	n/a	n/a	n/a	n/a
68.091	0.036	saccade	n/a	166.1	221.4	n/a	262.6	220.2	3.81	423.0
68.129	0.196	fixation	n/a	278.0	220.2	687.0	n/a	n/a	n/a	n/a
68.327	0.036	saccade	n/a	278.5	224.4	n/a	374.4	210.4	3.88	421.0
68.365	0.27	fixation	n/a	391.1	212.4	693.0	n/a	n/a	n/a	n/a
68.637	0.03	saccade	n/a	392.0	211.7	n/a	290.7	88.7	6.45	432.0
68.669	0.162	fixation	n/a	287.9	87.1	685.0	n/a	n/a	n/a	n/a
68.833	0.03	saccade	n/a	286.5	86.2	n/a	148.1	91.3	5.47	369.0
68.865	0.236	fixation	n/a	158.2	89.6	680.0	n/a	n/a	n/a	n/a
69.103	0.03	saccade	n/a	158.3	91.8	n/a	227.2	91.2	2.72	304.0
69.135	0.178	fixation	n/a	236.7	88.2	689.0	n/a	n/a	n/a	n/a
69.315	0.036	saccade	n/a	240.1	89.0	n/a	334.6	81.9	3.79	379.0
69.353	0.27	fixation	n/a	346.8	82.0	696.0	n/a	n/a	n/a	n/a
69.625	0.02	saccade	n/a	346.9	81.6	n/a	385.5	78.8	1.56	164.0
69.647	0.128	fixation	n/a	379.1	78.0	679.0	n/a	n/a	n/a	n/a
69.777	0.034	saccade	n/a	378.1	75.3	n/a	478.2	74.9	4.03	450.0
69.813	0.146	fixation	n/a	490.8	77.6	663.0	n/a	n/a	n/a	n/a
69.961	0.032	saccade	n/a	492.5	77.6	n/a	548.7	74.7	2.25	302.0
69.995	0.164	fixation	n/a	561.5	72.2	643.0	n/a	n/a	n/a	n/a
70.161	0.028	saccade	n/a	564.3	70.3	n/a	526.4	72.4	1.51	185.0
70.191	0.28	fixation	n/a	523.5	74.2	642.0	n/a	n/a	n/a	n/a
70.352	0.0	trigger_11	11	n/a	n/a	n/a	n/a	n/a	n/a	n/a
70.37	0.0	trigger_12	12	n/a	n/a	n/a	n/a	n/a	n/a	n/a
70.473	0.026	saccade	n/a	523.0	75.7	n/a	567.9	76.8	1.79	253.0
70.501	0.096	fixation	n/a	571.1	76.9	637.0	n/a	n/a	n/a	n/a
70.599	0.054	saccade	n/a	571.2	79.2	n/a	155.8	139.2	16.57	565.0
70.655	0.236	fixation	n/a	162.4	138.2	647.0	n/a	n/a	n/a	n/a
70.893	0.032	saccade	n/a	162.4	139.2	n/a	233.1	138.9	2.79	351.0
70.927	0.214	fixation	n/a	244.1	140.4	668.0	n/a	n/a	n/a	n/a
71.143	0.014	saccade	n/a	250.6	153.8	n/a	288.7	154.8	1.52	135.0
71.159	0.214	fixation	n/a	308.1	157.8	668.0	n/a	n/a	n/a	n/a
71.375	0.036	saccade	n/a	306.7	156.4	n/a	390.1	147.8	3.37	354.0
71.413	0.29	fixation	n/a	399.1	147.3	660.0	n/a	n/a	n/a	n/a
71.705	0.03	saccade	n/a	398.6	148.7	n/a	445.3	136.9	1.94	252.0
71.737	0.27	fixation	n/a	455.4	145.1	644.0	n/a	n/a	n/a	n/a
72.009	0.034	saccade	n/a	455.6	147.3	n/a	364.0	149.1	3.69	332.0
72.045	0.168	fixation	n/a	359.1	146.9	642.0	n/a	n/a	n/a	n/a
72.215	0.04	saccade	n/a	358.0	148.0	n/a	496.6	148.9	5.58	441.0
72.257	0.268	fixation	n/a	510.0	146.6	631.0	n/a	n/a	n/a	n/a
72.527	0.044	saccade	n/a	509.0	147.0	n/a	255.7	88.6	10.39	459.0
72.573	0.154	fixation	n/a	253.6	85.5	625.0	n/a	n/a	n/a	n/a
72.729	0.028	saccade	n/a	252.7	85.5	n/a	142.2	74.8	4.38	320.0
72.759	0.344	fixation	n/a	149.4	70.7	606.0	n/a	n/a	n/a	n/a
73.105	0.032	saccade	n/a	150.0	70.2	n/a	221.9	64.8	2.84	306.0
73.139	0.124	fixation	n/a	232.2	66.8	621.0	n/a	n/a	n/a	n/a
73.265	0.034	saccade	n/a	233.2	70.7	n/a	316.1	72.6	3.31	388.0
73.301	0.226	fixation	n/a	326.4	72.7	636.0	n/a	n/a	n/a	n/a
73.529	0.036	saccade	n/a	322.7	75.0	n/a	400.1	63.6	3.15	344.0
73.567	0.38	fixation	n/a	410.9	71.8	623.0	n/a	n/a	n/a	n/a
73.832	0.0	trigger_13	13	n/a	n/a	n/a	n/a	n/a	n/a	n/a
73.85	0.0	trigger_10	10	n/a	n/a	n/a	n/a	n/a	n/a	n/a
73.949	0.042	saccade	n/a	410.1	72.0	n/a	531.5	77.6	4.88	456.0
73.993	0.278	fixation	n/a	548.3	78.1	615.0	n/a	n/a	n/a	n/a
74.273	0.054	saccade	n/a	551.2	77.8	n/a	148.3	135.2	16.06	570.0
74.329	0.186	fixation	n/a	151.5	139.0	619.0	n/a	n/a	n/a	n/a
74.517	0.02	saccade	n/a	150.8	141.5	n/a	113.2	141.2	1.46	149.0
74.539	0.102	fixation	n/a	120.6	141.4	619.0	n/a	n/a	n/a	n/a
74.643	0.032	saccade	n/a	122.8	141.4	n/a	199.6	140.6	3.01	336.0
74.677	0.258	fixation	n/a	214.0	144.9	651.0	n/a	n/a	n/a	n/a
74.937	0.308	saccade	n/a	216.5	154.4	n/a	346.4	134.8	5.25	369.0
75.043	0.136	blink	n/a	n/a	n/a	n/a	n/a	n/a	n/a	n/a
75.247	0.23	fixation	n/a	353.4	143.0	657.0	n/a	n/a	n/a	n/a
75.479	0.03	saccade	n/a	355.9	151.9	n/a	300.5	145.3	2.24	235.0
75.511	0.124	fixation	n/a	296.8	146.3	645.0	n/a	n/a	n/a	n/a
75.637	0.036	saccade	n/a	296.1	146.4	n/a	206.6	150.7	3.56	286.0
75.675	0.348	fixation	n/a	197.8	148.0	665.0	n/a	n/a	n/a	n/a
76.025	0.026	saccade	n/a	196.4	145.9	n/a	138.5	68.0	3.88	317.0
76.053	0.344	fixation	n/a	141.4	73.8	650.0	n/a	n/a	n/a	n/a
76.399	0.03	saccade	n/a	138.6	69.9	n/a	216.4	73.4	3.06	326.0
76.431	0.302	fixation	n/a	220.3	70.9	644.0	n/a	n/a	n/a	n/a
76.735	0.038	saccade	n/a	210.9	73.5	n/a	320.0	67.4	4.35	424.0
76.775	0.2	fixation	n/a	335.5	68.0	636.0	n/a	n/a	n/a	n/a
76.977	0.034	saccade	n/a	335.3	65.4	n/a	406.9	62.4	2.88	334.0
77.013	0.216	fixation	n/a	420.0	64.7	617.0	n/a	n/a	n/a	n/a
77.231	0.034	saccade	n/a	422.4	68.4	n/a	522.2	65.0	4.01	413.0
77.267	0.164	fixation	n/a	535.0	67.9	600.0	n/a	n/a	n/a	n/a
77.433	0.296	saccade	n/a	534.8	78.1	n/a	452.1	130.7	3.95	186.0
77.549	0.172	blink	n/a	n/a	n/a	n/a	n/a	n/a	n/a	n/a
77.731	0.108	fixation	n/a	556.3	83.9	623.0	n/a	n/a	n/a	n/a
77.841	0.032	saccade	n/a	557.0	71.6	n/a	605.0	63.6	1.93	239.0
77.875	0.064	fixation	n/a	611.0	68.5	603.0	n/a	n/a	n/a	n/a
77.941	0.058	saccade	n/a	611.2	70.4	n/a	134.5	140.3	18.87	600.0
78.001	0.188	fixation	n/a	141.8	149.2	619.0	n/a	n/a	n/a	n/a
78.191	0.032	saccade	n/a	143.2	154.2	n/a	226.1	141.0	3.31	374.0
78.225	0.17	fixation	n/a	238.1	144.0	648.0	n/a	n/a	n/a	n/a
78.397	0.032	saccade	n/a	236.0	139.8	n/a	302.0	139.7	2.64	327.0
78.431	0.234	fixation	n/a	309.7	140.4	653.0	n/a	n/a	n/a	n/a
78.667	0.032	saccade	n/a	309.3	144.3	n/a	439.5	137.6	5.25	439.0
78.701	0.254	fixation	n/a	453.0	140.2	661.0	n/a	n/a	n/a	n/a
78.957	0.03	saccade	n/a	454.7	139.5	n/a	515.5	143.2	2.44	281.0
78.989	0.206	fixation	n/a	520.0	140.7	655.0	n/a	n/a	n/a	n/a
79.194	0.0	trigger_11	11	n/a	n/a	n/a	n/a	n/a	n/a	n/a
79.197	0.03	saccade	n/a	521.4	142.4	n/a	576.6	136.5	2.21	304.0
79.202	0.0	trigger_10	10	n/a	n/a	n/a	n/a	n/a	n/a	n/a
79.229	0.126	fixation	n/a	585.2	139.3	634.0	n/a	n/a	n/a	n/a
79.357	0.042	saccade	n/a	585.3	138.7	n/a	371.0	156.4	8.6	444.0
79.401	0.048	fixation	n/a	372.6	155.8	645.0	n/a	n/a	n/a	n/a
79.451	0.046	saccade	n/a	369.0	156.7	n/a	176.9	196.8	7.81	484.0
79.499	0.166	fixation	n/a	166.3	201.8	638.0	n/a	n/a	n/a	n/a
79.667	0.016	saccade	n/a	161.9	201.2	n/a	124.4	205.8	1.47	126.0
79.685	0.252	fixation	n/a	131.4	203.6	648.0	n/a	n/a	n/a	n/a
79.939	0.026	saccade	n/a	131.7	204.2	n/a	267.4	204.7	5.34	421.0
79.967	0.16	fixation	n/a	266.2	205.8	669.0	n/a	n/a	n/a	n/a
80.129	0.026	saccade	n/a	267.7	202.9	n/a	219.1	110.5	4.21	380.0
80.157	0.132	fixation	n/a	220.9	120.3	658.0	n/a	n/a	n/a	n/a
80.291	0.16	saccade	n/a	222.1	127.0	n/a	268.1	89.9	2.37	833.0
80.345	0.068	blink	n/a	n/a	n/a	n/a	n/a	n/a	n/a	n/a
80.453	0.256	fixation	n/a	276.3	82.2	641.0	n/a	n/a	n/a	n/a
80.711	0.036	saccade	n/a	272.8	72.8	n/a	352.9	71.7	3.21	323.0
80.749	0.362	fixation	n/a	361.9	67.7	648.0	n/a	n/a	n/a	n/a
81.113	0.042	saccade	n/a	357.8	64.1	n/a	147.3	66.4	8.35	349.0
81.157	0.26	fixation	n/a	153.4	68.7	623.0	n/a	n/a	n/a	n/a
81.419	0.016	saccade	n/a	150.4	71.4	n/a	119.6	76.4	1.22	111.0
81.437	0.15	fixation	n/a	127.6	73.8	635.0	n/a	n/a	n/a	n/a
81.589	0.04	saccade	n/a	128.8	72.6	n/a	268.1	69.6	5.5	465.0
81.631	0.274	fixation	n/a	284.8	68.8	654.0	n/a	n/a	n/a	n/a
81.907	0.032	saccade	n/a	285.1	66.2	n/a	360.1	62.8	3.02	337.0
81.941	0.166	fixation	n/a	369.9	64.2	650.0	n/a	n/a	n/a	n/a
82.109	0.034	saccade	n/a	370.5	65.4	n/a	444.9	59.5	3.0	356.0
82.145	0.236	fixation	n/a	454.5	64.2	634.0	n/a	n/a	n/a	n/a
82.383	0.03	saccade	n/a	456.0	64.8	n/a	506.6	64.2	2.03	275.0
82.415	0.122	fixation	n/a	514.9	62.7	626.0	n/a	n/a	n/a	n/a
82.539	0.034	saccade	n/a	516.7	64.8	n/a	587.2	64.1	2.8	322.0
82.575	0.17	fixation	n/a	595.8	64.4	613.0	n/a	n/a	n/a	n/a
82.747	0.052	saccade	n/a	597.0	61.9	n/a	170.1	121.4	16.98	559.0
82.801	0.302	fixation	n/a	170.1	128.0	634.0	n/a	n/a	n/a	n/a
83.105	0.036	saccade	n/a	167.7	129.3	n/a	262.3	138.3	3.76	403.0
83.143	0.224	fixation	n/a	275.7	140.0	658.0	n/a	n/a	n/a	n/a
83.33	0.0	trigger_11	11	n/a	n/a	n/a	n/a	n/a	n/a	n/a
83.344	0.0	trigger_10	10	n/a	n/a	n/a	n/a	n/a	n/a	n/a
83.369	0.022	saccade	n/a	278.4	142.4	n/a	235.5	143.3	1.71	173.0
83.393	0.168	fixation	n/a	236.8	141.7	660.0	n/a	n/a	n/a	n/a
83.563	0.046	saccade	n/a	235.8	140.2	n/a	392.4	140.8	6.28	497.0
83.611	0.286	fixation	n/a	391.6	138.6	665.0	n/a	n/a	n/a	n/a
83.899	0.02	saccade	n/a	390.6	139.3	n/a	359.6	141.5	1.25	121.0
83.921	0.184	fixation	n/a	366.1	141.9	661.0	n/a	n/a	n/a	n/a
84.107	0.046	saccade	n/a	362.7	139.7	n/a	282.0	75.7	4.16	306.0
84.155	0.12	fixation	n/a	280.5	76.0	644.0	n/a	n/a	n/a	n/a
84.277	0.028	saccade	n/a	282.7	77.3	n/a	162.3	72.0	4.77	344.0
84.307	0.252	fixation	n/a	170.4	75.7	642.0	n/a	n/a	n/a	n/a
84.561	0.034	saccade	n/a	169.6	78.8	n/a	256.6	70.7	3.45	342.0
84.597	0.342	fixation	n/a	265.7	71.7	659.0	n/a	n/a	n/a	n/a
84.941	0.034	saccade	n/a	265.4	74.4	n/a	357.6	73.1	3.7	385.0
84.977	0.22	fixation	n/a	371.1	73.2	663.0	n/a	n/a	n/a	n/a
85.199	0.028	saccade	n/a	371.0	74.9	n/a	435.2	68.3	2.6	304.0
85.229	0.282	fixation	n/a	442.7	70.7	661.0	n/a	n/a	n/a	n/a
85.513	0.05	saccade	n/a	445.0	72.2	n/a	184.2	69.7	10.37	459.0
85.565	0.134	fixation	n/a	174.9	74.2	637.0	n/a	n/a	n/a	n/a
85.701	0.022	saccade	n/a	171.5	72.8	n/a	128.4	78.8	1.7	190.0
85.722	0.0	trigger_11	11	n/a	n/a	n/a	n/a	n/a	n/a	n/a
85.725	0.182	fixation	n/a	135.1	76.8	630.0	n/a	n/a	n/a	n/a
85.728	0.0	trigger_10	10	n/a	n/a	n/a	n/a	n/a	n/a	n/a
85.909	0.034	saccade	n/a	134.3	75.7	n/a	252.8	73.7	4.67	425.0
85.945	0.238	fixation	n/a	267.4	73.1	645.0	n/a	n/a	n/a	n/a
86.185	0.034	saccade	n/a	270.4	74.4	n/a	336.1	67.4	2.65	267.0
86.221	0.24	fixation	n/a	348.1	70.0	635.0	n/a	n/a	n/a	n/a
86.463	0.03	saccade	n/a	350.3	71.8	n/a	391.2	66.0	1.66	199.0
86.495	0.122	fixation	n/a	397.0	66.5	639.0	n/a	n/a	n/a	n/a
86.619	0.034	saccade	n/a	398.2	69.6	n/a	475.2	64.9	3.1	361.0
86.655	0.184	fixation	n/a	482.4	66.4	636.0	n/a	n/a	n/a	n/a
86.841	0.032	saccade	n/a	483.2	65.9	n/a	549.3	65.1	2.64	302.0
86.875	0.076	fixation	n/a	556.2	66.4	629.0	n/a	n/a	n/a	n/a
86.953	0.048	saccade	n/a	557.9	68.5	n/a	186.2	136.2	14.97	547.0
87.003	0.248	fixation	n/a	185.4	138.4	644.0	n/a	n/a	n/a	n/a
87.253	0.018	saccade	n/a	183.0	141.6	n/a	132.2	143.8	1.99	170.0
87.273	0.088	fixation	n/a	140.6	140.4	651.0	n/a	n/a	n/a	n/a
87.363	0.05	saccade	n/a	141.0	142.2	n/a	322.6	142.1	7.19	508.0
87.415	0.46	fixation	n/a	318.9	144.2	670.0	n/a	n/a	n/a	n/a
87.594	0.0	trigger_11	11	n/a	n/a	n/a	n/a	n/a	n/a	n/a
87.604	0.0	trigger_12	12	n/a	n/a	n/a	n/a	n/a	n/a	n/a
87.877	0.034	saccade	n/a	320.0	143.3	n/a	198.5	69.6	5.69	330.0
87.913	0.124	fixation	n/a	200.6	74.4	656.0	n/a	n/a	n/a	n/a
88.039	0.024	saccade	n/a	199.6	74.0	n/a	131.7	83.3	2.69	201.0
88.065	0.226	fixation	n/a	138.8	79.6	645.0	n/a	n/a	n/a	n/a
88.293	0.034	saccade	n/a	137.8	79.0	n/a	234.1	76.3	3.79	377.0
88.329	0.182	fixation	n/a	246.5	77.1	669.0	n/a	n/a	n/a	n/a
88.513	0.032	saccade	n/a	248.5	78.1	n/a	311.1	72.4	2.51	322.0
88.547	0.14	fixation	n/a	321.4	75.0	670.0	n/a	n/a	n/a	n/a
88.689	0.052	saccade	n/a	323.0	83.4	n/a	415.6	76.2	3.74	372.0
88.743	0.086	fixation	n/a	430.2	96.6	671.0	n/a	n/a	n/a	n/a
88.831	0.004	saccade	n/a	431.6	101.2	n/a	429.1	96.1	0.23	56.0
88.837	0.15	fixation	n/a	425.1	72.2	676.0	n/a	n/a	n/a	n/a
88.989	0.036	saccade	n/a	423.6	74.7	n/a	522.4	68.2	3.98	381.0
89.027	0.206	fixation	n/a	534.4	74.3	651.0	n/a	n/a	n/a	n/a
89.235	0.05	saccade	n/a	537.3	77.1	n/a	167.8	116.8	14.69	503.0
89.287	0.476	fixation	n/a	166.7	114.7	659.0	n/a	n/a	n/a	n/a
89.765	0.022	saccade	n/a	169.1	115.5	n/a	154.2	70.1	1.92	195.0
89.789	0.156	fixation	n/a	154.0	76.8	670.0	n/a	n/a	n/a	n/a
89.947	0.036	saccade	n/a	155.6	77.0	n/a	245.3	80.5	3.55	399.0
89.985	0.208	fixation	n/a	252.6	78.6	679.0	n/a	n/a	n/a	n/a
90.195	0.032	saccade	n/a	251.7	79.5	n/a	332.7	74.4	3.25	360.0
90.229	0.17	fixation	n/a	344.8	74.9	663.0	n/a	n/a	n/a	n/a
90.401	0.034	saccade	n/a	345.2	77.3	n/a	407.5	65.4	2.55	268.0
90.437	0.264	fixation	n/a	413.9	69.1	655.0	n/a	n/a	n/a	n/a
90.703	0.036	saccade	n/a	411.3	70.4	n/a	493.4	68.8	3.3	381.0
90.741	0.194	fixation	n/a	507.1	73.5	655.0	n/a	n/a	n/a	n/a
90.937	0.032	saccade	n/a	509.6	79.7	n/a	570.5	70.3	2.46	305.0
90.971	0.104	fixation	n/a	577.8	71.3	654.0	n/a	n/a	n/a	n/a
91.077	0.04	saccade	n/a	581.4	72.4	n/a	427.4	68.1	6.16	404.0
91.119	0.418	fixation	n/a	422.2	71.8	665.0	n/a	n/a	n/a	n/a
91.539	0.034	saccade	n/a	420.9	74.6	n/a	502.6	74.2	3.28	361.0
91.575	0.262	fixation	n/a	512.7	78.8	659.0	n/a	n/a	n/a	n/a
91.73	0.0	trigger_13	13	n/a	n/a	n/a	n/a	n/a	n/a	n/a
91.744	0.0	trigger_10	10	n/a	n/a	n/a	n/a	n/a	n/a	n/a
91.839	0.034	saccade	n/a	511.9	79.0	n/a	569.9	74.0	2.32	293.0
91.875	0.318	fixation	n/a	579.0	78.4	665.0	n/a	n/a	n/a	n/a
92.195	0.016	saccade	n/a	576.7	79.2	n/a	538.8	79.9	1.51	133.0
92.213	0.312	fixation	n/a	548.1	82.3	684.0	n/a	n/a	n/a	n/a
92.527	0.034	saccade	n/a	547.4	83.2	n/a	482.8	75.9	2.6	278.0
92.563	0.554	fixation	n/a	477.3	76.9	687.0	n/a	n/a	n/a	n/a
93.119	0.022	saccade	n/a	478.4	77.1	n/a	419.1	78.1	2.39	202.0
93.143	0.17	fixation	n/a	426.2	81.3	691.0	n/a	n/a	n/a	n/a
93.315	0.05	saccade	n/a	423.9	79.0	n/a	215.0	74.0	8.36	369.0
93.367	0.284	fixation	n/a	209.5	78.5	702.0	n/a	n/a	n/a	n/a
93.653	0.032	saccade	n/a	207.7	79.6	n/a	273.5	78.1	2.62	296.0
93.687	0.248	fixation	n/a	282.4	78.5	699.0	n/a	n/a	n/a	n/a
93.937	0.03	saccade	n/a	283.0	79.5	n/a	149.5	80.9	5.28	363.0
93.969	0.15	fixation	n/a	157.2	81.7	665.0	n/a	n/a	n/a	n/a
94.121	0.02	saccade	n/a	157.7	83.5	n/a	124.1	85.2	1.31	119.0
94.143	0.164	fixation	n/a	130.0	84.2	666.0	n/a	n/a	n/a	n/a
94.309	0.034	saccade	n/a	128.5	83.3	n/a	195.2	75.9	2.63	289.0
94.345	0.138	fixation	n/a	207.0	79.9	679.0	n/a	n/a	n/a	n/a
94.485	0.036	saccade	n/a	208.4	81.1	n/a	285.7	74.2	3.09	353.0
94.523	0.15	fixation	n/a	296.5	75.8	661.0	n/a	n/a	n/a	n/a
94.675	0.034	saccade	n/a	295.7	75.3	n/a	358.7	75.9	2.53	314.0
94.711	0.218	fixation	n/a	370.4	74.0	655.0	n/a	n/a	n/a	n/a
94.931	0.036	saccade	n/a	371.5	74.3	n/a	501.7	70.3	5.23	474.0
94.969	0.228	fixation	n/a	515.2	69.8	639.0	n/a	n/a	n/a	n/a
95.199	0.036	saccade	n/a	516.2	71.9	n/a	590.8	64.4	2.98	322.0
95.237	0.076	fixation	n/a	601.9	67.7	621.0	n/a	n/a	n/a	n/a
95.315	0.054	saccade	n/a	602.0	65.7	n/a	153.1	133.6	17.85	552.0
95.371	0.22	fixation	n/a	157.2	138.8	639.0	n/a	n/a	n/a	n/a
95.593	0.036	saccade	n/a	159.7	141.9	n/a	235.8	138.9	3.01	302.0
95.631	0.326	fixation	n/a	247.9	138.8	663.0	n/a	n/a	n/a	n/a
95.959	0.034	saccade	n/a	247.2	141.3	n/a	330.3	140.7	3.32	369.0
95.995	0.192	fixation	n/a	345.6	140.6	672.0	n/a	n/a	n/a	n/a
96.189	0.034	saccade	n/a	352.0	149.9	n/a	442.3	142.7	3.65	318.0
96.225	0.366	fixation	n/a	447.9	140.4	673.0	n/a	n/a	n/a	n/a
96.298	0.0	trigger_11	11	n/a	n/a	n/a	n/a	n/a	n/a	n/a
96.306	0.0	trigger_10	10	n/a	n/a	n/a	n/a	n/a	n/a	n/a
96.593	0.036	saccade	n/a	442.6	136.4	n/a	512.9	132.5	2.83	296.0
96.631	0.132	fixation	n/a	519.9	136.0	652.0	n/a	n/a	n/a	n/a
96.765	0.052	saccade	n/a	522.1	139.1	n/a	177.0	216.8	14.02	555.0
96.819	0.19	fixation	n/a	169.0	216.6	677.0	n/a	n/a	n/a	n/a
97.011	0.036	saccade	n/a	167.6	214.2	n/a	263.5	210.9	3.79	386.0
97.049	0.232	fixation	n/a	276.1	208.9	694.0	n/a	n/a	n/a	n/a
97.283	0.034	saccade	n/a	277.3	211.4	n/a	364.1	213.8	3.47	374.0
97.319	0.134	fixation	n/a	375.7	218.4	690.0	n/a	n/a	n/a	n/a
97.455	0.038	saccade	n/a	375.4	218.0	n/a	500.4	208.4	5.03	455.0
97.495	0.156	fixation	n/a	516.1	209.9	685.0	n/a	n/a	n/a	n/a
97.653	0.034	saccade	n/a	516.0	210.2	n/a	590.4	205.6	2.96	303.0
97.689	0.122	fixation	n/a	599.9	211.1	669.0	n/a	n/a	n/a	n/a
97.813	0.05	saccade	n/a	602.9	213.9	n/a	194.0	278.2	16.27	538.0
97.865	0.208	fixation	n/a	188.8	279.9	670.0	n/a	n/a	n/a	n/a
98.075	0.022	saccade	n/a	186.8	280.9	n/a	130.7	270.7	2.22	185.0
98.099	0.088	fixation	n/a	137.6	272.3	668.0	n/a	n/a	n/a	n/a
98.189	0.042	saccade	n/a	138.1	270.5	n/a	147.1	62.5	8.31	365.0
98.233	0.292	fixation	n/a	154.7	70.1	633.0	n/a	n/a	n/a	n/a
98.527	0.016	saccade	n/a	155.3	72.8	n/a	128.8	81.4	1.09	101.0
98.545	0.086	fixation	n/a	134.3	78.2	661.0	n/a	n/a	n/a	n/a
98.633	0.044	saccade	n/a	134.1	78.4	n/a	279.2	80.1	5.72	536.0
98.679	0.194	fixation	n/a	282.6	81.9	708.0	n/a	n/a	n/a	n/a
98.875	0.032	saccade	n/a	281.4	82.2	n/a	341.5	77.5	2.42	293.0
98.909	0.128	fixation	n/a	349.3	78.8	695.0	n/a	n/a	n/a	n/a
99.039	0.054	saccade	n/a	349.1	76.3	n/a	187.1	83.2	6.45	371.0
99.095	0.226	fixation	n/a	177.0	84.1	675.0	n/a	n/a	n/a	n/a
99.323	0.016	saccade	n/a	176.0	85.5	n/a	142.2	87.6	1.33	111.0
99.341	0.232	fixation	n/a	150.2	87.6	689.0	n/a	n/a	n/a	n/a
99.575	0.024	saccade	n/a	154.8	93.1	n/a	280.8	80.7	5.02	404.0
99.601	0.21	fixation	n/a	275.2	84.6	718.0	n/a	n/a	n/a	n/a
99.813	0.034	saccade	n/a	276.2	85.1	n/a	344.1	80.3	2.73	306.0
99.849	0.116	fixation	n/a	355.3	80.2	716.0	n/a	n/a	n/a	n/a
99.967	0.008	saccade	n/a	359.2	85.1	n/a	363.0	92.9	0.35	47.0
99.977	0.248	fixation	n/a	373.9	87.7	703.0	n/a	n/a	n/a	n/a
100.227	0.022	saccade	n/a	370.0	80.3	n/a	301.8	86.6	2.76	244.0
100.251	0.182	fixation	n/a	305.9	83.4	698.0	n/a	n/a	n/a	n/a
100.435	0.04	saccade	n/a	305.4	84.6	n/a	444.1	74.1	5.6	468.0
100.477	0.22	fixation	n/a	459.1	73.2	678.0	n/a	n/a	n/a	n/a
100.699	0.026	saccade	n/a	463.6	76.5	n/a	488.9	70.7	1.04	171.0
100.727	0.076	fixation	n/a	494.6	75.2	676.0	n/a	n/a	n/a	n/a
100.805	0.054	saccade	n/a	495.5	77.7	n/a	145.6	129.7	14.02	468.0
100.861	0.22	fixation	n/a	153.6	131.4	679.0	n/a	n/a	n/a	n/a
101.083	0.034	saccade	n/a	156.3	135.8	n/a	227.7	136.6	2.82	352.0
101.119	0.236	fixation	n/a	244.7	138.8	708.0	n/a	n/a	n/a	n/a
101.357	0.022	saccade	n/a	245.7	138.5	n/a	168.0	144.1	3.08	249.0
101.381	0.266	fixation	n/a	166.7	142.9	711.0	n/a	n/a	n/a	n/a
101.649	0.018	saccade	n/a	163.3	144.4	n/a	131.7	137.3	1.27	95.0
101.669	0.058	fixation	n/a	137.9	135.7	690.0	n/a	n/a	n/a	n/a
101.729	0.044	saccade	n/a	138.8	136.0	n/a	300.1	86.7	6.68	390.0
101.775	0.074	fixation	n/a	307.4	82.5	679.0	n/a	n/a	n/a	n/a
101.851	0.034	saccade	n/a	307.5	79.3	n/a	193.1	64.6	4.6	262.0
101.887	0.136	fixation	n/a	209.0	68.8	674.0	n/a	n/a	n/a	n/a
102.025	0.022	saccade	n/a	210.3	75.4	n/a	131.0	81.1	3.12	272.0
102.049	0.24	fixation	n/a	146.7	81.2	694.0	n/a	n/a	n/a	n/a
102.291	0.034	saccade	n/a	146.3	85.0	n/a	206.6	80.7	2.38	318.0
102.327	0.146	fixation	n/a	217.7	83.0	706.0	n/a	n/a	n/a	n/a
102.475	0.032	saccade	n/a	218.4	85.4	n/a	267.9	81.1	1.98	262.0
102.509	0.16	fixation	n/a	279.6	83.4	699.0	n/a	n/a	n/a	n/a
102.671	0.028	saccade	n/a	281.7	83.3	n/a	316.8	81.3	1.41	197.0
102.701	0.23	fixation	n/a	323.3	81.4	707.0	n/a	n/a	n/a	n/a
102.933	0.03	saccade	n/a	325.0	81.4	n/a	374.7	78.3	2.0	227.0
102.965	0.268	fixation	n/a	380.4	82.1	700.0	n/a	n/a	n/a	n/a
103.235	0.03	saccade	n/a	376.2	80.7	n/a	440.3	83.0	2.59	282.0
103.267	0.314	fixation	n/a	447.2	82.8	669.0	n/a	n/a	n/a	n/a
103.583	0.032	saccade	n/a	450.0	83.9	n/a	503.7	77.6	2.17	282.0
103.617	0.13	fixation	n/a	511.1	79.1	657.0	n/a	n/a	n/a	n/a
103.749	0.054	saccade	n/a	513.4	83.3	n/a	131.6	125.8	15.16	518.0
103.805	0.19	fixation	n/a	136.3	123.6	640.0	n/a	n/a	n/a	n/a
103.997	0.038	saccade	n/a	134.2	124.3	n/a	236.6	135.9	4.06	376.0
104.037	0.362	fixation	n/a	252.8	136.8	646.0	n/a	n/a	n/a	n/a
104.401	0.048	saccade	n/a	252.6	140.5	n/a	406.8	140.1	6.18	454.0
104.451	0.256	fixation	n/a	409.8	142.0	651.0	n/a	n/a	n/a	n/a
104.709	0.036	saccade	n/a	409.6	140.3	n/a	515.4	135.7	4.25	431.0
104.747	0.178	fixation	n/a	530.3	140.4	649.0	n/a	n/a	n/a	n/a
104.927	0.028	saccade	n/a	532.7	143.2	n/a	579.0	136.5	1.86	273.0
104.957	0.058	fixation	n/a	584.5	137.1	633.0	n/a	n/a	n/a	n/a
105.017	0.062	saccade	n/a	584.3	138.5	n/a	154.7	217.2	17.21	555.0
105.081	0.184	fixation	n/a	148.5	222.9	652.0	n/a	n/a	n/a	n/a
105.267	0.024	saccade	n/a	147.9	223.0	n/a	254.8	212.0	4.23	337.0
105.293	0.15	fixation	n/a	259.1	212.1	664.0	n/a	n/a	n/a	n/a
105.445	0.038	saccade	n/a	258.1	212.2	n/a	400.2	201.3	5.7	434.0
105.485	0.216	fixation	n/a	409.4	207.4	659.0	n/a	n/a	n/a	n/a
105.703	0.032	saccade	n/a	412.3	209.1	n/a	473.0	203.7	2.45	307.0
105.737	0.088	fixation	n/a	482.7	202.3	658.0	n/a	n/a	n/a	n/a
105.827	0.07	saccade	n/a	484.7	199.9	n/a	228.5	78.5	11.34	478.0
105.899	0.38	fixation	n/a	211.7	68.8	635.0	n/a	n/a	n/a	n/a
106.281	0.022	saccade	n/a	212.2	68.1	n/a	137.0	80.4	2.99	245.0
106.305	0.14	fixation	n/a	148.7	78.8	647.0	n/a	n/a	n/a	n/a
106.444	0.0	trigger_11	11	n/a	n/a	n/a	n/a	n/a	n/a	n/a
106.447	0.038	saccade	n/a	148.4	82.5	n/a	272.4	76.9	4.91	484.0
106.452	0.0	trigger_10	10	n/a	n/a	n/a	n/a	n/a	n/a	n/a
106.487	0.218	fixation	n/a	288.5	79.9	680.0	n/a	n/a	n/a	n/a
106.707	0.03	saccade	n/a	290.3	81.8	n/a	341.2	72.3	2.08	264.0
106.739	0.398	fixation	n/a	348.9	75.0	690.0	n/a	n/a	n/a	n/a
107.139	0.018	saccade	n/a	352.1	72.1	n/a	388.4	70.9	1.46	145.0
107.159	0.144	fixation	n/a	384.2	81.6	689.0	n/a	n/a	n/a	n/a
107.305	0.06	saccade	n/a	384.3	67.2	n/a	481.5	203.8	6.8	642.0
107.367	0.228	fixation	n/a	482.3	217.3	684.0	n/a	n/a	n/a	n/a
107.597	0.028	saccade	n/a	482.9	220.8	n/a	445.7	203.2	1.65	206.0
107.627	0.096	fixation	n/a	441.1	207.1	684.0	n/a	n/a	n/a	n/a
107.725	0.034	saccade	n/a	440.5	210.9	n/a	511.7	203.3	2.87	314.0
107.761	0.152	fixation	n/a	518.5	204.9	659.0	n/a	n/a	n/a	n/a
107.915	0.046	saccade	n/a	521.3	212.9	n/a	279.7	201.3	9.66	433.0
107.963	0.274	fixation	n/a	284.0	181.3	672.0	n/a	n/a	n/a	n/a
108.239	0.024	saccade	n/a	284.3	177.8	n/a	216.0	202.6	2.9	247.0
108.265	0.32	fixation	n/a	220.8	200.2	691.0	n/a	n/a	n/a	n/a
108.587	0.028	saccade	n/a	218.3	198.8	n/a	164.2	70.4	5.6	467.0
108.617	0.212	fixation	n/a	161.7	71.6	663.0	n/a	n/a	n/a	n/a
108.831	0.018	saccade	n/a	156.7	70.5	n/a	135.6	57.6	0.97	93.0
108.851	0.152	fixation	n/a	141.1	59.0	648.0	n/a	n/a	n/a	n/a
109.005	0.032	saccade	n/a	140.2	59.6	n/a	219.2	56.6	3.11	367.0
109.039	0.202	fixation	n/a	230.7	63.8	648.0	n/a	n/a	n/a	n/a
109.243	0.044	saccade	n/a	233.3	71.4	n/a	326.1	69.2	3.71	377.0
109.289	0.12	fixation	n/a	325.7	70.7	643.0	n/a	n/a	n/a	n/a
109.411	0.032	saccade	n/a	324.0	71.3	n/a	383.5	63.7	2.41	275.0
109.445	0.154	fixation	n/a	391.1	63.3	653.0	n/a	n/a	n/a	n/a
109.601	0.038	saccade	n/a	391.9	64.3	n/a	491.1	73.3	4.01	390.0
109.641	0.27	fixation	n/a	504.9	74.0	649.0	n/a	n/a	n/a	n/a
109.913	0.03	saccade	n/a	504.7	72.9	n/a	551.3	81.3	1.89	263.0
109.945	0.138	fixation	n/a	560.3	81.4	645.0	n/a	n/a	n/a	n/a
110.085	0.03	saccade	n/a	561.5	81.6	n/a	404.2	60.9	6.36	414.0
110.117	0.226	fixation	n/a	410.2	62.7	647.0	n/a	n/a	n/a	n/a
110.345	0.03	saccade	n/a	411.3	64.4	n/a	282.0	69.6	5.2	350.0
110.377	0.232	fixation	n/a	293.5	75.1	673.0	n/a	n/a	n/a	n/a
110.611	0.022	saccade	n/a	293.6	78.4	n/a	233.2	70.8	2.43	221.0
110.635	0.204	fixation	n/a	239.9	72.3	687.0	n/a	n/a	n/a	n/a
110.841	0.018	saccade	n/a	240.4	76.1	n/a	194.5	71.6	1.83	145.0
110.861	0.268	fixation	n/a	204.2	74.1	717.0	n/a	n/a	n/a	n/a
111.131	0.038	saccade	n/a	204.6	79.1	n/a	306.3	78.4	4.05	351.0
111.171	0.392	fixation	n/a	320.3	78.5	722.0	n/a	n/a	n/a	n/a
111.565	0.044	saccade	n/a	319.9	79.7	n/a	348.2	77.9	1.14	135.0
111.611	0.058	fixation	n/a	356.0	90.9	694.0	n/a	n/a	n/a	n/a
111.671	0.01	saccade	n/a	359.2	94.2	n/a	340.1	91.2	0.78	80.0
111.683	0.302	fixation	n/a	325.0	86.8	693.0	n/a	n/a	n/a	n/a
111.987	0.038	saccade	n/a	323.3	84.1	n/a	429.0	77.3	4.26	411.0
112.027	0.132	fixation	n/a	442.0	78.3	679.0	n/a	n/a	n/a	n/a
112.161	0.048	saccade	n/a	445.8	80.1	n/a	544.6	79.7	3.96	359.0
112.211	0.13	fixation	n/a	543.7	81.0	661.0	n/a	n/a	n/a	n/a
112.343	0.048	saccade	n/a	546.4	81.7	n/a	168.0	146.3	15.18	596.0
112.393	0.266	fixation	n/a	172.0	147.7	663.0	n/a	n/a	n/a	n/a
112.661	0.034	saccade	n/a	174.7	152.8	n/a	242.6	147.0	2.7	354.0
112.697	0.172	fixation	n/a	256.4	146.6	672.0	n/a	n/a	n/a	n/a
112.871	0.032	saccade	n/a	258.9	144.4	n/a	318.8	143.5	2.4	256.0
112.905	0.246	fixation	n/a	323.4	144.3	663.0	n/a	n/a	n/a	n/a
113.153	0.036	saccade	n/a	322.0	142.9	n/a	405.1	137.6	3.35	354.0
113.191	0.148	fixation	n/a	418.9	141.5	660.0	n/a	n/a	n/a	n/a
113.341	0.066	saccade	n/a	418.9	140.4	n/a	514.2	151.9	3.86	282.0
113.409	0.12	fixation	n/a	524.5	141.6	650.0	n/a	n/a	n/a	n/a
113.531	0.052	saccade	n/a	526.6	128.7	n/a	236.8	59.4	11.88	496.0
113.585	0.232	fixation	n/a	229.5	57.7	640.0	n/a	n/a	n/a	n/a
113.652	0.0	trigger_11	11	n/a	n/a	n/a	n/a	n/a	n/a	n/a
113.67	0.0	trigger_10	10	n/a	n/a	n/a	n/a	n/a	n/a	n/a
113.819	0.018	saccade	n/a	229.3	59.8	n/a	190.5	66.7	1.56	138.0
113.839	0.152	fixation	n/a	199.2	63.8	643.0	n/a	n/a	n/a	n/a
113.993	0.034	saccade	n/a	201.0	67.8	n/a	281.7	57.4	3.24	354.0
114.029	0.19	fixation	n/a	293.8	59.9	682.0	n/a	n/a	n/a	n/a
114.221	0.036	saccade	n/a	295.8	63.6	n/a	394.2	59.1	3.96	416.0
114.259	0.328	fixation	n/a	409.2	62.6	676.0	n/a	n/a	n/a	n/a
114.589	0.026	saccade	n/a	411.6	64.4	n/a	334.1	64.8	3.12	245.0
114.617	0.072	fixation	n/a	343.9	64.0	677.0	n/a	n/a	n/a	n/a
114.691	0.038	saccade	n/a	343.8	66.1	n/a	492.3	63.0	5.97	548.0
114.731	0.154	fixation	n/a	513.3	66.8	666.0	n/a	n/a	n/a	n/a
114.887	0.048	saccade	n/a	514.9	70.3	n/a	163.7	138.4	14.18	469.0
114.937	0.292	fixation	n/a	177.4	137.9	667.0	n/a	n/a	n/a	n/a
115.231	0.03	saccade	n/a	179.2	138.0	n/a	172.5	74.6	2.57	263.0
115.263	0.236	fixation	n/a	173.2	74.4	669.0	n/a	n/a	n/a	n/a
115.501	0.02	saccade	n/a	172.6	74.9	n/a	144.7	74.0	1.09	129.0
115.523	0.494	fixation	n/a	149.1	74.2	690.0	n/a	n/a	n/a	n/a
116.019	0.024	saccade	n/a	147.5	74.7	n/a	235.5	64.5	3.49	282.0
116.045	0.24	fixation	n/a	229.9	66.7	706.0	n/a	n/a	n/a	n/a
116.287	0.03	saccade	n/a	230.1	66.0	n/a	109.8	77.4	4.74	305.0
116.319	0.27	fixation	n/a	128.0	75.8	684.0	n/a	n/a	n/a	n/a
116.591	0.026	saccade	n/a	129.0	80.6	n/a	169.5	75.2	1.6	213.0
116.619	0.22	fixation	n/a	174.4	74.1	687.0	n/a	n/a	n/a	n/a
116.841	0.034	saccade	n/a	174.0	74.8	n/a	256.7	70.8	3.28	338.0
116.877	0.324	fixation	n/a	287.4	62.5	682.0	n/a	n/a	n/a	n/a
117.203	0.03	saccade	n/a	290.1	61.3	n/a	350.9	58.6	2.44	305.0
117.235	0.218	fixation	n/a	359.7	59.5	665.0	n/a	n/a	n/a	n/a
117.455	0.014	saccade	n/a	359.2	61.2	n/a	333.2	66.6	1.07	101.0
117.471	0.096	fixation	n/a	338.0	63.2	658.0	n/a	n/a	n/a	n/a
117.569	0.038	saccade	n/a	339.6	64.6	n/a	476.5	64.4	5.5	466.0
117.609	0.43	fixation	n/a	491.9	62.8	652.0	n/a	n/a	n/a	n/a
117.82	0.0	trigger_11	11	n/a	n/a	n/a	n/a	n/a	n/a	n/a
117.83	0.0	trigger_10	10	n/a	n/a	n/a	n/a	n/a	n/a	n/a
118.041	0.03	saccade	n/a	494.0	66.8	n/a	548.3	69.4	2.17	256.0
118.073	0.324	fixation	n/a	553.7	68.5	652.0	n/a	n/a	n/a	n/a
118.399	0.052	saccade	n/a	553.0	71.3	n/a	149.3	140.0	16.17	562.0
118.453	0.146	fixation	n/a	155.8	137.6	685.0	n/a	n/a	n/a	n/a
118.601	0.036	saccade	n/a	154.4	140.8	n/a	251.2	145.8	3.82	407.0
118.639	0.326	fixation	n/a	265.2	145.5	701.0	n/a	n/a	n/a	n/a
118.967	0.016	saccade	n/a	261.9	150.6	n/a	243.3	154.9	0.76	81.0
118.985	0.048	fixation	n/a	248.1	153.5	696.0	n/a	n/a	n/a	n/a
119.035	0.04	saccade	n/a	247.4	154.0	n/a	374.5	143.9	5.11	458.0
119.077	0.246	fixation	n/a	392.5	142.1	682.0	n/a	n/a	n/a	n/a
119.325	0.034	saccade	n/a	392.8	140.6	n/a	465.2	140.5	2.91	352.0
119.361	0.202	fixation	n/a	476.3	143.2	673.0	n/a	n/a	n/a	n/a
119.565	0.036	saccade	n/a	476.3	144.5	n/a	575.8	141.4	3.97	353.0
119.603	0.206	fixation	n/a	584.0	146.1	658.0	n/a	n/a	n/a	n/a
119.811	0.032	saccade	n/a	584.4	143.1	n/a	517.2	141.4	2.68	292.0
119.845	0.152	fixation	n/a	511.1	141.7	652.0	n/a	n/a	n/a	n/a
119.999	0.048	saccade	n/a	510.9	141.8	n/a	166.9	75.2	13.89	528.0
120.049	0.316	fixation	n/a	165.8	72.4	628.0	n/a	n/a	n/a	n/a
120.367	0.02	saccade	n/a	166.0	68.0	n/a	113.6	81.4	2.11	166.0
120.389	0.162	fixation	n/a	122.7	75.3	628.0	n/a	n/a	n/a	n/a
120.553	0.038	saccade	n/a	123.0	75.5	n/a	215.1	64.6	3.64	378.0
120.593	0.126	fixation	n/a	232.3	66.5	653.0	n/a	n/a	n/a	n/a
120.721	0.032	saccade	n/a	236.2	69.6	n/a	295.8	62.4	2.39	324.0
120.755	0.262	fixation	n/a	307.2	62.7	656.0	n/a	n/a	n/a	n/a
121.019	0.032	saccade	n/a	308.8	65.5	n/a	371.6	62.0	2.53	297.0
121.053	0.346	fixation	n/a	378.4	58.3	651.0	n/a	n/a	n/a	n/a
121.094	0.0	trigger_11	11	n/a	n/a	n/a	n/a	n/a	n/a	n/a
121.098	0.0	trigger_12	12	n/a	n/a	n/a	n/a	n/a	n/a	n/a
121.401	0.034	saccade	n/a	377.5	60.5	n/a	442.1	50.0	2.63	344.0
121.437	0.13	fixation	n/a	452.1	54.4	649.0	n/a	n/a	n/a	n/a
121.569	0.034	saccade	n/a	453.7	61.4	n/a	519.3	54.1	2.65	304.0
121.605	0.264	fixation	n/a	530.3	59.9	641.0	n/a	n/a	n/a	n/a
121.871	0.052	saccade	n/a	530.2	59.3	n/a	143.1	132.9	15.59	553.0
121.925	0.212	fixation	n/a	145.6	137.9	645.0	n/a	n/a	n/a	n/a
122.139	0.032	saccade	n/a	142.3	139.1	n/a	214.5	142.4	2.85	270.0
122.173	0.164	fixation	n/a	225.1	143.1	668.0	n/a	n/a	n/a	n/a
122.339	0.038	saccade	n/a	232.7	155.1	n/a	342.5	157.8	4.38	240.0
122.379	0.394	fixation	n/a	318.7	156.9	669.0	n/a	n/a	n/a	n/a
122.542	0.0	trigger_13	13	n/a	n/a	n/a	n/a	n/a	n/a	n/a
122.552	0.0	trigger_10	10	n/a	n/a	n/a	n/a	n/a	n/a	n/a
122.775	0.036	saccade	n/a	317.9	154.8	n/a	436.8	149.4	4.79	431.0
122.813	0.282	fixation	n/a	453.0	150.5	643.0	n/a	n/a	n/a	n/a
123.097	0.054	saccade	n/a	459.4	153.3	n/a	160.2	71.3	12.33	502.0
123.153	0.276	fixation	n/a	156.5	73.3	609.0	n/a	n/a	n/a	n/a
123.431	0.034	saccade	n/a	154.8	69.9	n/a	241.3	65.0	3.42	373.0
123.467	0.236	fixation	n/a	255.0	66.6	641.0	n/a	n/a	n/a	n/a
123.705	0.02	saccade	n/a	255.5	67.6	n/a	206.9	75.3	1.95	188.0
123.727	0.112	fixation	n/a	214.7	74.1	640.0	n/a	n/a	n/a	n/a
123.841	0.044	saccade	n/a	215.3	76.4	n/a	352.3	60.0	5.51	451.0
123.887	0.22	fixation	n/a	355.5	66.0	668.0	n/a	n/a	n/a	n/a
124.109	0.036	saccade	n/a	355.4	70.9	n/a	423.2	63.9	2.75	300.0
124.147	0.176	fixation	n/a	429.5	68.4	667.0	n/a	n/a	n/a	n/a
124.325	0.024	saccade	n/a	427.3	69.1	n/a	475.4	70.3	1.94	181.0
124.351	0.106	fixation	n/a	466.8	67.9	674.0	n/a	n/a	n/a	n/a
124.459	0.05	saccade	n/a	467.2	69.8	n/a	288.6	70.7	7.16	424.0
124.511	0.224	fixation	n/a	282.2	76.9	692.0	n/a	n/a	n/a	n/a
124.737	0.026	saccade	n/a	281.7	81.0	n/a	170.5	87.3	4.41	339.0
124.765	0.14	fixation	n/a	182.9	87.4	697.0	n/a	n/a	n/a	n/a
124.907	0.018	saccade	n/a	180.1	87.5	n/a	136.5	94.7	1.73	146.0
124.927	0.214	fixation	n/a	143.0	93.0	709.0	n/a	n/a	n/a	n/a
125.143	0.026	saccade	n/a	143.5	96.2	n/a	266.7	82.8	4.9	356.0
125.171	0.172	fixation	n/a	269.8	84.7	697.0	n/a	n/a	n/a	n/a
125.345	0.034	saccade	n/a	270.4	88.8	n/a	182.8	90.0	3.48	314.0
125.381	0.136	fixation	n/a	177.6	92.1	690.0	n/a	n/a	n/a	n/a
125.519	0.028	saccade	n/a	175.3	94.4	n/a	129.3	93.8	1.8	199.0
125.549	0.242	fixation	n/a	126.3	92.8	665.0	n/a	n/a	n/a	n/a
125.793	0.034	saccade	n/a	127.8	94.7	n/a	214.6	87.1	3.42	367.0
125.829	0.186	fixation	n/a	222.1	88.1	676.0	n/a	n/a	n/a	n/a
126.017	0.034	saccade	n/a	221.8	87.6	n/a	285.9	79.1	2.58	334.0
126.053	0.138	fixation	n/a	298.7	84.8	697.0	n/a	n/a	n/a	n/a
126.193	0.066	saccade	n/a	298.0	83.5	n/a	381.7	68.1	3.43	345.0
126.261	0.228	fixation	n/a	383.9	64.6	692.0	n/a	n/a	n/a	n/a
126.491	0.03	saccade	n/a	384.0	63.1	n/a	431.3	62.1	1.91	273.0
126.523	0.124	fixation	n/a	438.6	56.9	670.0	n/a	n/a	n/a	n/a
126.649	0.036	saccade	n/a	438.3	52.7	n/a	522.9	74.8	3.51	386.0
126.687	0.176	fixation	n/a	531.3	78.5	672.0	n/a	n/a	n/a	n/a
126.865	0.062	saccade	n/a	530.4	76.8	n/a	103.9	134.9	16.92	547.0
126.929	0.184	fixation	n/a	98.9	138.0	661.0	n/a	n/a	n/a	n/a
127.115	0.044	saccade	n/a	99.0	138.2	n/a	220.5	151.3	4.78	433.0
127.161	0.3	fixation	n/a	224.3	149.2	705.0	n/a	n/a	n/a	n/a
127.463	0.022	saccade	n/a	229.9	141.9	n/a	335.5	134.2	4.23	368.0
127.487	0.23	fixation	n/a	327.5	127.1	732.0	n/a	n/a	n/a	n/a
127.719	0.026	saccade	n/a	328.4	126.1	n/a	306.6	48.5	3.28	237.0
127.747	0.144	fixation	n/a	308.8	63.2	714.0	n/a	n/a	n/a	n/a
127.893	0.044	saccade	n/a	309.7	65.6	n/a	179.1	71.4	5.2	367.0
127.939	0.154	fixation	n/a	171.2	72.7	706.0	n/a	n/a	n/a	n/a
128.095	0.032	saccade	n/a	172.1	72.9	n/a	224.4	71.9	2.06	270.0
128.129	0.184	fixation	n/a	229.8	70.6	715.0	n/a	n/a	n/a	n/a
128.315	0.038	saccade	n/a	227.6	73.1	n/a	343.6	87.5	4.67	444.0
128.355	0.106	fixation	n/a	358.0	87.4	742.0	n/a	n/a	n/a	n/a
128.463	0.022	saccade	n/a	357.5	87.9	n/a	385.6	56.5	1.71	177.0
128.487	0.122	fixation	n/a	387.6	67.8	760.0	n/a	n/a	n/a	n/a
128.611	0.034	saccade	n/a	386.8	66.3	n/a	445.5	61.0	2.37	349.0
128.647	0.194	fixation	n/a	454.3	66.3	751.0	n/a	n/a	n/a	n/a
128.843	0.03	saccade	n/a	454.9	70.0	n/a	355.2	130.8	4.72	361.0
128.875	0.176	fixation	n/a	367.3	134.9	737.0	n/a	n/a	n/a	n/a
129.053	0.016	saccade	n/a	363.6	132.9	n/a	335.4	146.8	1.27	113.0
129.071	0.152	fixation	n/a	339.5	138.1	747.0	n/a	n/a	n/a	n/a
129.225	0.054	saccade	n/a	338.6	138.8	n/a	544.0	125.7	8.23	555.0
129.281	0.132	fixation	n/a	542.3	129.5	751.0	n/a	n/a	n/a	n/a
129.415	0.308	saccade	n/a	543.5	141.9	n/a	604.7	167.5	2.64	202.0
129.447	0.266	blink	n/a	n/a	n/a	n/a	n/a	n/a	n/a	n/a
129.558	0.0	trigger_11	11	n/a	n/a	n/a	n/a	n/a	n/a	n/a
129.57	0.0	trigger_10	10	n/a	n/a	n/a	n/a	n/a	n/a	n/a
129.725	0.154	fixation	n/a	604.9	123.7	717.0	n/a	n/a	n/a	n/a
129.881	0.058	saccade	n/a	607.2	117.6	n/a	260.1	207.9	14.25	574.0
129.941	0.112	fixation	n/a	252.3	215.2	721.0	n/a	n/a	n/a	n/a
130.055	0.024	saccade	n/a	250.4	216.1	n/a	150.9	215.6	3.92	305.0
130.081	0.388	fixation	n/a	161.3	209.2	756.0	n/a	n/a	n/a	n/a
130.471	0.034	saccade	n/a	164.7	210.5	n/a	257.1	209.3	3.65	376.0
130.507	0.148	fixation	n/a	268.5	210.2	765.0	n/a	n/a	n/a	n/a
130.657	0.022	saccade	n/a	275.6	215.1	n/a	248.0	130.9	3.59	295.0
130.681	0.276	fixation	n/a	266.6	122.2	757.0	n/a	n/a	n/a	n/a
130.959	0.02	saccade	n/a	265.8	120.6	n/a	231.3	137.5	1.54	144.0
130.981	0.246	fixation	n/a	235.0	132.3	798.0	n/a	n/a	n/a	n/a
131.229	0.024	saccade	n/a	232.3	133.1	n/a	171.4	166.5	2.76	204.0
131.255	0.298	fixation	n/a	176.9	166.9	827.0	n/a	n/a	n/a	n/a
131.555	0.016	saccade	n/a	174.5	165.9	n/a	173.3	151.9	0.57	74.0
131.573	0.178	fixation	n/a	173.7	154.3	823.0	n/a	n/a	n/a	n/a
131.753	0.024	saccade	n/a	173.5	152.7	n/a	145.9	77.6	3.21	250.0
131.779	0.16	fixation	n/a	154.9	88.8	791.0	n/a	n/a	n/a	n/a
131.941	0.028	saccade	n/a	155.1	87.3	n/a	208.5	80.4	2.12	238.0
131.971	0.15	fixation	n/a	207.9	75.6	779.0	n/a	n/a	n/a	n/a
132.123	0.032	saccade	n/a	206.6	76.0	n/a	270.1	73.4	2.53	286.0
132.157	0.214	fixation	n/a	275.7	70.6	766.0	n/a	n/a	n/a	n/a
132.373	0.022	saccade	n/a	277.2	71.9	n/a	244.7	79.0	1.33	137.0
132.397	0.094	fixation	n/a	245.9	75.6	733.0	n/a	n/a	n/a	n/a
132.493	0.024	saccade	n/a	246.3	77.8	n/a	148.7	77.5	3.85	316.0
132.519	0.27	fixation	n/a	162.3	79.9	712.0	n/a	n/a	n/a	n/a
132.791	0.04	saccade	n/a	160.1	78.5	n/a	279.2	70.8	4.73	431.0
132.833	0.114	fixation	n/a	293.1	66.0	726.0	n/a	n/a	n/a	n/a
132.949	0.03	saccade	n/a	292.7	65.5	n/a	241.3	69.5	2.06	247.0
132.981	0.246	fixation	n/a	235.8	73.0	724.0	n/a	n/a	n/a	n/a
133.229	0.03	saccade	n/a	237.5	75.5	n/a	300.6	70.2	2.53	311.0
133.254	0.0	trigger_11	11	n/a	n/a	n/a	n/a	n/a	n/a	n/a
133.261	0.11	fixation	n/a	308.4	65.9	739.0	n/a	n/a	n/a	n/a
133.268	0.0	trigger_10	10	n/a	n/a	n/a	n/a	n/a	n/a	n/a
133.373	0.046	saccade	n/a	309.2	66.9	n/a	417.7	55.4	4.39	397.0
133.421	0.25	fixation	n/a	413.6	53.4	728.0	n/a	n/a	n/a	n/a
133.673	0.026	saccade	n/a	416.7	67.9	n/a	422.2	86.8	0.8	118.0
133.701	0.162	fixation	n/a	420.5	85.6	714.0	n/a	n/a	n/a	n/a
133.865	0.038	saccade	n/a	435.6	72.2	n/a	511.4	67.9	3.05	353.0
133.905	0.136	fixation	n/a	522.9	64.6	725.0	n/a	n/a	n/a	n/a
134.043	0.044	saccade	n/a	523.7	65.7	n/a	177.4	140.2	14.07	567.0
134.089	0.238	fixation	n/a	180.2	141.7	717.0	n/a	n/a	n/a	n/a
134.329	0.034	saccade	n/a	180.0	140.7	n/a	253.1	131.2	2.92	335.0
134.365	0.042	fixation	n/a	264.9	132.8	726.0	n/a	n/a	n/a	n/a
134.409	0.17	saccade	n/a	268.5	135.2	n/a	362.9	156.4	3.89	963.0
134.455	0.086	blink	n/a	n/a	n/a	n/a	n/a	n/a	n/a	n/a
134.581	0.202	fixation	n/a	368.1	143.6	712.0	n/a	n/a	n/a	n/a
134.785	0.048	saccade	n/a	369.2	141.7	n/a	521.6	139.1	6.12	479.0
134.835	0.196	fixation	n/a	517.8	125.8	709.0	n/a	n/a	n/a	n/a
135.033	0.03	saccade	n/a	517.3	130.8	n/a	567.6	132.7	2.01	232.0
135.065	0.062	fixation	n/a	572.3	135.3	687.0	n/a	n/a	n/a	n/a
135.129	0.06	saccade	n/a	574.9	139.0	n/a	138.1	212.1	17.41	621.0
135.191	0.244	fixation	n/a	130.6	217.1	681.0	n/a	n/a	n/a	n/a
135.437	0.04	saccade	n/a	130.8	217.4	n/a	148.5	83.7	5.41	435.0
135.479	0.262	fixation	n/a	151.3	78.5	649.0	n/a	n/a	n/a	n/a
135.743	0.032	saccade	n/a	152.7	78.8	n/a	209.4	78.4	2.23	277.0
135.777	0.244	fixation	n/a	221.0	81.6	674.0	n/a	n/a	n/a	n/a
136.023	0.036	saccade	n/a	223.6	88.5	n/a	314.8	78.2	3.66	411.0
136.061	0.224	fixation	n/a	328.8	80.1	696.0	n/a	n/a	n/a	n/a
136.287	0.034	saccade	n/a	327.5	80.0	n/a	394.8	79.1	2.71	331.0
136.323	0.242	fixation	n/a	404.8	81.8	689.0	n/a	n/a	n/a	n/a
136.567	0.03	saccade	n/a	406.9	78.8	n/a	459.3	79.4	2.11	285.0
136.59	0.0	trigger_11	11	n/a	n/a	n/a	n/a	n/a	n/a	n/a
136.598	0.0	trigger_10	10	n/a	n/a	n/a	n/a	n/a	n/a	n/a
136.599	0.106	fixation	n/a	466.3	80.8	679.0	n/a	n/a	n/a	n/a
136.707	0.034	saccade	n/a	468.8	83.1	n/a	543.9	83.3	3.0	312.0
136.743	0.11	fixation	n/a	552.9	85.4	676.0	n/a	n/a	n/a	n/a
136.855	0.046	saccade	n/a	555.2	85.7	n/a	184.2	135.8	14.83	532.0
136.903	0.358	fixation	n/a	178.4	135.4	684.0	n/a	n/a	n/a	n/a
137.263	0.032	saccade	n/a	179.4	134.1	n/a	240.5	133.9	2.42	323.0
137.297	0.198	fixation	n/a	252.5	135.4	721.0	n/a	n/a	n/a	n/a
137.497	0.024	saccade	n/a	255.3	134.8	n/a	311.2	150.0	2.32	173.0
137.523	0.18	fixation	n/a	321.2	148.8	730.0	n/a	n/a	n/a	n/a
137.705	0.038	saccade	n/a	324.2	138.2	n/a	409.6	136.5	3.44	379.0
137.745	0.178	fixation	n/a	419.8	145.8	720.0	n/a	n/a	n/a	n/a
137.925	0.03	saccade	n/a	420.1	146.4	n/a	464.3	141.5	1.79	236.0
137.957	0.53	fixation	n/a	471.0	142.8	678.0	n/a	n/a	n/a	n/a
138.489	0.034	saccade	n/a	471.2	141.5	n/a	347.5	147.4	4.97	302.0
138.525	0.206	fixation	n/a	356.1	144.2	680.0	n/a	n/a	n/a	n/a
138.733	0.05	saccade	n/a	357.4	147.4	n/a	166.8	83.6	8.01	370.0
138.785	0.144	fixation	n/a	163.5	83.2	676.0	n/a	n/a	n/a	n/a
138.931	0.018	saccade	n/a	165.8	85.6	n/a	129.2	85.6	1.43	136.0
138.951	0.15	fixation	n/a	138.7	83.6	692.0	n/a	n/a	n/a	n/a
139.103	0.032	saccade	n/a	139.2	84.7	n/a	214.0	76.4	2.96	310.0
139.137	0.204	fixation	n/a	223.1	76.5	697.0	n/a	n/a	n/a	n/a
139.343	0.034	saccade	n/a	224.2	78.2	n/a	293.7	79.0	2.77	310.0
139.379	0.208	fixation	n/a	299.9	77.3	693.0	n/a	n/a	n/a	n/a
139.566	0.0	trigger_11	11	n/a	n/a	n/a	n/a	n/a	n/a	n/a
139.574	0.0	trigger_12	12	n/a	n/a	n/a	n/a	n/a	n/a	n/a
139.589	0.032	saccade	n/a	297.4	78.9	n/a	363.5	78.3	2.66	289.0
139.623	0.156	fixation	n/a	369.6	77.0	690.0	n/a	n/a	n/a	n/a
139.781	0.04	saccade	n/a	369.7	77.9	n/a	478.4	74.5	4.38	394.0
139.823	0.198	fixation	n/a	491.2	78.3	672.0	n/a	n/a	n/a	n/a
140.023	0.072	saccade	n/a	492.5	86.0	n/a	174.2	144.1	12.87	491.0
140.097	0.188	fixation	n/a	160.0	150.5	663.0	n/a	n/a	n/a	n/a
140.287	0.036	saccade	n/a	155.9	149.6	n/a	257.1	138.7	4.02	417.0
140.325	0.144	fixation	n/a	272.7	140.9	677.0	n/a	n/a	n/a	n/a
140.471	0.034	saccade	n/a	275.6	142.4	n/a	353.9	139.2	3.15	389.0
140.507	0.26	fixation	n/a	369.1	139.4	665.0	n/a	n/a	n/a	n/a
140.769	0.03	saccade	n/a	369.1	140.4	n/a	426.5	138.0	2.32	246.0
140.801	0.17	fixation	n/a	431.6	142.5	657.0	n/a	n/a	n/a	n/a
140.973	0.034	saccade	n/a	430.9	140.0	n/a	528.6	141.0	3.92	378.0
141.009	0.172	fixation	n/a	537.0	144.0	653.0	n/a	n/a	n/a	n/a
141.183	0.056	saccade	n/a	538.5	149.6	n/a	167.5	210.0	14.87	542.0
141.241	0.196	fixation	n/a	154.6	216.0	647.0	n/a	n/a	n/a	n/a
141.439	0.048	saccade	n/a	153.7	217.0	n/a	156.9	57.4	6.41	293.0
141.489	0.3	fixation	n/a	165.9	50.3	602.0	n/a	n/a	n/a	n/a
141.791	0.03	saccade	n/a	172.2	53.9	n/a	136.5	67.1	1.49	161.0
141.823	0.212	fixation	n/a	136.8	70.9	644.0	n/a	n/a	n/a	n/a
142.037	0.018	saccade	n/a	140.4	74.9	n/a	174.2	78.3	1.33	132.0
142.057	0.282	fixation	n/a	169.9	82.9	711.0	n/a	n/a	n/a	n/a
142.341	0.02	saccade	n/a	168.7	86.3	n/a	138.7	88.7	1.18	124.0
142.363	0.224	fixation	n/a	143.0	89.6	709.0	n/a	n/a	n/a	n/a
142.589	0.012	saccade	n/a	146.1	92.4	n/a	167.1	89.3	0.83	85.0
142.603	0.572	fixation	n/a	160.6	90.5	728.0	n/a	n/a	n/a	n/a
143.177	0.008	saccade	n/a	162.7	91.1	n/a	180.4	91.1	0.7	87.0
143.187	0.28	fixation	n/a	178.6	91.9	741.0	n/a	n/a	n/a	n/a
143.469	0.032	saccade	n/a	175.4	91.9	n/a	247.4	88.2	2.86	350.0
143.503	0.142	fixation	n/a	256.6	88.0	726.0	n/a	n/a	n/a	n/a
143.647	0.036	saccade	n/a	257.5	87.9	n/a	348.1	79.9	3.64	419.0
143.685	0.192	fixation	n/a	365.8	78.3	705.0	n/a	n/a	n/a	n/a
143.879	0.03	saccade	n/a	369.0	81.8	n/a	335.3	84.2	1.36	192.0
143.911	0.202	fixation	n/a	329.8	86.0	682.0	n/a	n/a	n/a	n/a
144.115	0.04	saccade	n/a	327.5	82.4	n/a	442.8	79.9	4.64	412.0
144.157	0.106	fixation	n/a	454.7	78.5	661.0	n/a	n/a	n/a	n/a
144.265	0.044	saccade	n/a	456.2	79.3	n/a	566.3	74.3	4.4	392.0
144.311	0.182	fixation	n/a	568.2	78.6	651.0	n/a	n/a	n/a	n/a
144.495	0.05	saccade	n/a	569.7	83.0	n/a	175.4	137.5	15.74	594.0
144.547	0.338	fixation	n/a	176.9	142.8	675.0	n/a	n/a	n/a	n/a
144.887	0.02	saccade	n/a	170.6	151.2	n/a	167.0	148.3	0.18	72.0
144.909	0.178	fixation	n/a	142.4	157.5	696.0	n/a	n/a	n/a	n/a
145.089	0.036	saccade	n/a	142.2	160.7	n/a	364.3	99.2	9.16	486.0
145.127	0.204	fixation	n/a	363.2	94.3	733.0	n/a	n/a	n/a	n/a
145.333	0.026	saccade	n/a	364.5	89.3	n/a	273.0	84.0	3.68	296.0
145.361	0.224	fixation	n/a	281.9	99.0	750.0	n/a	n/a	n/a	n/a
145.422	0.0	trigger_13	13	n/a	n/a	n/a	n/a	n/a	n/a	n/a
145.44	0.0	trigger_10	10	n/a	n/a	n/a	n/a	n/a	n/a	n/a
145.587	0.054	saccade	n/a	276.0	122.0	n/a	199.3	214.0	4.81	258.0
145.643	0.034	fixation	n/a	197.8	213.2	818.0	n/a	n/a	n/a	n/a
145.679	0.02	saccade	n/a	196.2	217.2	n/a	199.0	214.5	0.15	141.0
145.701	0.026	fixation	n/a	196.9	214.8	816.0	n/a	n/a	n/a	n/a
145.729	0.184	saccade	n/a	196.1	215.6	n/a	209.2	158.8	2.35	190.0
145.739	0.166	blink	n/a	n/a	n/a	n/a	n/a	n/a	n/a	n/a
145.915	0.132	fixation	n/a	165.7	133.5	726.0	n/a	n/a	n/a	n/a
146.049	0.036	saccade	n/a	166.7	120.4	n/a	259.4	95.5	3.8	395.0
146.087	0.126	fixation	n/a	274.0	82.6	726.0	n/a	n/a	n/a	n/a
146.215	0.044	saccade	n/a	276.6	85.4	n/a	414.4	74.5	5.55	477.0
146.261	0.186	fixation	n/a	414.9	76.8	721.0	n/a	n/a	n/a	n/a
146.449	0.03	saccade	n/a	414.8	79.9	n/a	382.4	80.7	1.31	164.0
146.481	0.084	fixation	n/a	378.4	83.5	730.0	n/a	n/a	n/a	n/a
146.567	0.052	saccade	n/a	375.7	86.2	n/a	563.9	73.7	7.55	521.0
146.621	0.184	fixation	n/a	561.4	80.2	708.0	n/a	n/a	n/a	n/a
146.807	0.05	saccade	n/a	561.4	81.1	n/a	182.4	147.1	15.25	554.0
146.859	0.216	fixation	n/a	186.2	150.5	708.0	n/a	n/a	n/a	n/a
147.077	0.02	saccade	n/a	188.9	151.5	n/a	140.0	164.6	1.99	155.0
147.099	0.196	fixation	n/a	148.3	163.7	712.0	n/a	n/a	n/a	n/a
147.297	0.022	saccade	n/a	147.3	163.7	n/a	169.1	86.0	3.24	254.0
147.321	0.338	fixation	n/a	164.9	96.4	718.0	n/a	n/a	n/a	n/a
147.661	0.018	saccade	n/a	165.3	96.6	n/a	135.2	96.9	1.18	105.0
147.681	0.104	fixation	n/a	142.5	96.9	726.0	n/a	n/a	n/a	n/a
147.787	0.036	saccade	n/a	143.1	98.3	n/a	235.7	98.0	3.65	380.0
147.825	0.218	fixation	n/a	248.7	97.8	716.0	n/a	n/a	n/a	n/a
148.045	0.036	saccade	n/a	246.5	96.8	n/a	364.3	87.4	4.74	466.0
148.083	0.138	fixation	n/a	380.4	87.8	692.0	n/a	n/a	n/a	n/a
148.223	0.034	saccade	n/a	384.2	90.2	n/a	470.2	86.7	3.46	390.0
148.259	0.216	fixation	n/a	483.9	85.6	674.0	n/a	n/a	n/a	n/a
148.477	0.03	saccade	n/a	485.7	88.7	n/a	544.3	93.2	2.35	248.0
148.509	0.202	fixation	n/a	549.1	88.0	661.0	n/a	n/a	n/a	n/a
148.713	0.058	saccade	n/a	551.8	87.5	n/a	164.2	156.0	15.57	530.0
148.773	0.188	fixation	n/a	161.6	160.9	679.0	n/a	n/a	n/a	n/a
148.963	0.034	saccade	n/a	161.9	161.6	n/a	252.6	154.4	3.6	383.0
148.999	0.246	fixation	n/a	267.9	153.8	689.0	n/a	n/a	n/a	n/a
149.247	0.036	saccade	n/a	267.5	154.9	n/a	378.0	142.0	4.47	381.0
149.248	0.0	trigger_11	11	n/a	n/a	n/a	n/a	n/a	n/a	n/a
149.258	0.0	trigger_10	10	n/a	n/a	n/a	n/a	n/a	n/a	n/a
149.285	0.112	fixation	n/a	388.9	145.1	677.0	n/a	n/a	n/a	n/a
149.399	0.042	saccade	n/a	392.8	158.1	n/a	504.4	160.6	4.48	233.0
149.443	0.23	fixation	n/a	501.7	153.8	651.0	n/a	n/a	n/a	n/a
149.675	0.052	saccade	n/a	504.7	148.9	n/a	184.1	226.7	13.08	501.0
149.729	0.138	fixation	n/a	182.4	226.2	662.0	n/a	n/a	n/a	n/a
149.869	0.034	saccade	n/a	183.6	228.8	n/a	282.8	216.6	3.95	368.0
149.905	0.218	fixation	n/a	290.5	212.2	655.0	n/a	n/a	n/a	n/a
150.125	0.034	saccade	n/a	292.0	211.5	n/a	378.2	205.2	3.46	386.0
150.161	0.144	fixation	n/a	393.0	205.3	649.0	n/a	n/a	n/a	n/a
150.307	0.034	saccade	n/a	393.4	206.2	n/a	491.3	206.6	3.92	404.0
150.343	0.16	fixation	n/a	500.0	205.5	641.0	n/a	n/a	n/a	n/a
150.505	0.036	saccade	n/a	502.1	206.9	n/a	597.0	199.2	3.79	379.0
150.543	0.228	fixation	n/a	610.6	203.1	627.0	n/a	n/a	n/a	n/a
150.773	0.056	saccade	n/a	611.9	208.3	n/a	160.8	261.3	17.78	553.0
150.831	0.276	fixation	n/a	163.3	265.0	644.0	n/a	n/a	n/a	n/a
151.109	0.038	saccade	n/a	163.4	263.8	n/a	323.4	265.9	6.32	504.0
151.149	0.256	fixation	n/a	344.2	263.9	657.0	n/a	n/a	n/a	n/a
151.407	0.05	saccade	n/a	344.6	264.4	n/a	244.5	95.0	7.94	397.0
151.459	0.16	fixation	n/a	239.5	92.8	650.0	n/a	n/a	n/a	n/a
151.512	0.0	trigger_11	11	n/a	n/a	n/a	n/a	n/a	n/a	n/a
151.524	0.0	trigger_12	12	n/a	n/a	n/a	n/a	n/a	n/a	n/a
151.621	0.032	saccade	n/a	238.3	93.1	n/a	177.2	54.2	2.89	276.0
151.655	0.112	fixation	n/a	171.9	53.4	635.0	n/a	n/a	n/a	n/a
151.769	0.04	saccade	n/a	171.3	56.6	n/a	326.2	42.8	6.17	524.0
151.811	0.14	fixation	n/a	342.4	43.6	657.0	n/a	n/a	n/a	n/a
151.953	0.04	saccade	n/a	343.6	49.7	n/a	518.7	44.2	7.02	511.0
151.995	0.236	fixation	n/a	534.5	49.4	644.0	n/a	n/a	n/a	n/a
152.233	0.034	saccade	n/a	536.8	60.5	n/a	591.2	53.2	2.18	295.0
152.269	0.044	fixation	n/a	598.3	57.1	647.0	n/a	n/a	n/a	n/a
152.315	0.056	saccade	n/a	597.8	58.3	n/a	161.6	158.1	17.64	574.0
152.373	0.21	fixation	n/a	167.5	162.5	685.0	n/a	n/a	n/a	n/a
152.585	0.044	saccade	n/a	171.4	166.5	n/a	292.8	154.0	4.83	423.0
152.631	0.254	fixation	n/a	295.0	154.2	692.0	n/a	n/a	n/a	n/a
152.887	0.034	saccade	n/a	295.0	156.1	n/a	366.1	148.5	2.87	354.0
152.923	0.212	fixation	n/a	379.6	147.8	696.0	n/a	n/a	n/a	n/a
153.137	0.024	saccade	n/a	380.0	148.7	n/a	348.4	67.7	3.54	301.0
153.163	0.198	fixation	n/a	351.3	81.8	703.0	n/a	n/a	n/a	n/a
153.363	0.038	saccade	n/a	350.5	89.5	n/a	158.7	77.1	7.64	363.0
153.403	0.356	fixation	n/a	168.3	75.4	687.0	n/a	n/a	n/a	n/a
153.761	0.016	saccade	n/a	167.8	75.8	n/a	136.4	81.8	1.25	111.0
153.779	0.416	fixation	n/a	144.9	79.0	696.0	n/a	n/a	n/a	n/a
154.197	0.008	saccade	n/a	139.7	81.1	n/a	130.3	87.7	0.45	55.0
154.207	0.152	fixation	n/a	128.5	86.1	696.0	n/a	n/a	n/a	n/a
154.361	0.02	saccade	n/a	127.2	84.5	n/a	173.0	83.6	1.79	179.0
154.383	0.236	fixation	n/a	165.6	86.6	698.0	n/a	n/a	n/a	n/a
154.621	0.032	saccade	n/a	167.8	89.1	n/a	250.6	95.4	3.28	356.0
154.655	0.228	fixation	n/a	257.1	96.9	707.0	n/a	n/a	n/a	n/a
154.885	0.028	saccade	n/a	257.5	97.6	n/a	363.9	86.9	4.29	264.0
154.915	0.17	fixation	n/a	359.5	86.2	690.0	n/a	n/a	n/a	n/a
154.928	0.0	trigger_13	13	n/a	n/a	n/a	n/a	n/a	n/a	n/a
154.944	0.0	trigger_10	10	n/a	n/a	n/a	n/a	n/a	n/a	n/a
155.087	0.036	saccade	n/a	363.3	89.2	n/a	438.4	84.9	3.03	294.0
155.125	0.142	fixation	n/a	447.5	88.9	682.0	n/a	n/a	n/a	n/a
155.269	0.024	saccade	n/a	447.4	87.2	n/a	517.8	85.4	2.83	287.0
155.295	0.182	fixation	n/a	512.2	84.5	661.0	n/a	n/a	n/a	n/a
155.479	0.054	saccade	n/a	515.0	85.1	n/a	223.3	147.4	11.89	487.0
155.535	0.196	fixation	n/a	217.8	152.0	681.0	n/a	n/a	n/a	n/a
155.733	0.024	saccade	n/a	218.9	154.8	n/a	141.4	165.1	3.07	265.0
155.759	0.298	fixation	n/a	151.5	162.8	700.0	n/a	n/a	n/a	n/a
156.059	0.064	saccade	n/a	151.2	166.0	n/a	308.7	151.1	6.27	412.0
156.125	0.172	fixation	n/a	317.7	133.1	716.0	n/a	n/a	n/a	n/a
156.299	0.026	saccade	n/a	317.5	128.1	n/a	348.2	101.2	1.65	209.0
156.327	0.26	fixation	n/a	350.6	98.1	717.0	n/a	n/a	n/a	n/a
156.589	0.03	saccade	n/a	350.1	100.3	n/a	387.9	91.9	1.56	190.0
156.621	0.1	fixation	n/a	391.0	92.5	704.0	n/a	n/a	n/a	n/a
156.723	0.032	saccade	n/a	392.4	94.9	n/a	323.4	137.5	3.28	364.0
156.757	0.344	fixation	n/a	315.3	142.5	711.0	n/a	n/a	n/a	n/a
157.103	0.048	saccade	n/a	315.6	142.8	n/a	185.4	94.1	5.54	310.0
157.153	0.196	fixation	n/a	181.1	94.6	710.0	n/a	n/a	n/a	n/a
157.351	0.012	saccade	n/a	178.4	92.5	n/a	152.3	94.3	1.03	94.0
157.365	0.088	fixation	n/a	157.0	92.2	706.0	n/a	n/a	n/a	n/a
157.455	0.04	saccade	n/a	157.6	94.8	n/a	280.7	85.9	4.89	456.0
157.497	0.276	fixation	n/a	294.1	85.7	709.0	n/a	n/a	n/a	n/a
157.775	0.026	saccade	n/a	295.2	83.8	n/a	186.8	78.3	4.31	311.0
157.803	0.136	fixation	n/a	197.8	79.2	699.0	n/a	n/a	n/a	n/a
157.941	1.452	saccade	n/a	197.7	83.6	n/a	154.1	109.8	2.01	861.0
158.005	1.354	blink	n/a	n/a	n/a	n/a	n/a	n/a	n/a	n/a
159.395	0.39	fixation	n/a	159.7	109.8	772.0	n/a	n/a	n/a	n/a
159.787	0.032	saccade	n/a	156.4	101.5	n/a	239.0	95.6	3.27	400.0
159.821	0.146	fixation	n/a	249.4	92.4	749.0	n/a	n/a	n/a	n/a
159.969	0.024	saccade	n/a	252.4	93.8	n/a	154.9	88.5	3.86	297.0
159.995	0.284	fixation	n/a	165.5	86.9	708.0	n/a	n/a	n/a	n/a
160.281	0.038	saccade	n/a	164.6	85.0	n/a	264.5	81.5	3.96	413.0
160.321	0.246	fixation	n/a	283.3	79.2	684.0	n/a	n/a	n/a	n/a
160.569	0.03	saccade	n/a	286.3	79.4	n/a	337.1	75.6	2.04	243.0
160.601	0.278	fixation	n/a	348.8	77.3	670.0	n/a	n/a	n/a	n/a
160.881	0.034	saccade	n/a	350.0	80.2	n/a	435.5	76.8	3.44	359.0
160.917	0.202	fixation	n/a	447.5	82.0	674.0	n/a	n/a	n/a	n/a
161.121	0.038	saccade	n/a	447.5	83.6	n/a	549.1	78.9	4.08	405.0
161.161	0.124	fixation	n/a	562.8	82.5	680.0	n/a	n/a	n/a	n/a
161.287	0.066	saccade	n/a	565.4	83.5	n/a	155.7	154.9	16.39	581.0
161.328	0.0	trigger_11	11	n/a	n/a	n/a	n/a	n/a	n/a	n/a
161.34	0.0	trigger_10	10	n/a	n/a	n/a	n/a	n/a	n/a	n/a
161.355	0.188	fixation	n/a	149.9	164.7	697.0	n/a	n/a	n/a	n/a
161.545	0.034	saccade	n/a	150.5	166.3	n/a	225.1	154.6	2.97	372.0
161.581	0.148	fixation	n/a	240.4	154.4	714.0	n/a	n/a	n/a	n/a
161.731	0.036	saccade	n/a	237.4	152.4	n/a	335.4	145.9	3.93	376.0
161.769	0.168	fixation	n/a	345.8	148.0	723.0	n/a	n/a	n/a	n/a
161.939	0.034	saccade	n/a	345.0	147.4	n/a	430.7	142.8	3.45	365.0
161.975	0.194	fixation	n/a	445.9	145.3	707.0	n/a	n/a	n/a	n/a
162.171	0.048	saccade	n/a	446.7	147.9	n/a	571.9	146.3	5.0	399.0
162.221	0.14	fixation	n/a	569.5	148.7	684.0	n/a	n/a	n/a	n/a
162.363	0.056	saccade	n/a	571.3	151.5	n/a	141.0	222.9	17.15	496.0
162.421	0.19	fixation	n/a	153.3	224.0	707.0	n/a	n/a	n/a	n/a
162.613	0.032	saccade	n/a	158.5	225.1	n/a	258.7	212.7	3.98	391.0
162.647	0.172	fixation	n/a	270.6	213.3	711.0	n/a	n/a	n/a	n/a
162.821	0.026	saccade	n/a	272.9	211.6	n/a	380.6	200.8	4.33	336.0
162.849	0.144	fixation	n/a	373.2	200.4	701.0	n/a	n/a	n/a	n/a
162.995	0.038	saccade	n/a	375.5	196.8	n/a	529.8	204.0	6.18	508.0
163.035	0.448	fixation	n/a	548.1	204.4	685.0	n/a	n/a	n/a	n/a
163.485	0.056	saccade	n/a	548.0	203.8	n/a	221.7	86.9	13.81	572.0
163.543	0.116	fixation	n/a	213.3	86.8	670.0	n/a	n/a	n/a	n/a
163.661	0.028	saccade	n/a	210.8	86.1	n/a	154.9	82.8	2.2	256.0
163.691	0.248	fixation	n/a	152.8	83.2	656.0	n/a	n/a	n/a	n/a
163.941	0.048	saccade	n/a	154.8	87.0	n/a	317.9	77.8	6.47	473.0
163.991	0.204	fixation	n/a	315.8	77.4	693.0	n/a	n/a	n/a	n/a
164.197	0.036	saccade	n/a	317.1	77.1	n/a	417.5	72.2	4.05	389.0
164.235	0.114	fixation	n/a	432.7	74.8	700.0	n/a	n/a	n/a	n/a
164.351	0.034	saccade	n/a	433.5	74.7	n/a	262.9	81.0	6.86	386.0
164.387	0.422	fixation	n/a	272.4	79.9	702.0	n/a	n/a	n/a	n/a
164.811	0.032	saccade	n/a	271.8	82.6	n/a	376.9	75.4	4.23	399.0
164.845	0.088	fixation	n/a	383.1	77.0	713.0	n/a	n/a	n/a	n/a
164.935	0.046	saccade	n/a	385.1	79.4	n/a	199.7	82.0	7.4	398.0
164.983	0.23	fixation	n/a	195.5	87.2	702.0	n/a	n/a	n/a	n/a
165.215	0.062	saccade	n/a	196.0	88.5	n/a	533.4	73.6	13.43	559.0
165.279	0.3	fixation	n/a	533.9	77.4	688.0	n/a	n/a	n/a	n/a
165.581	0.05	saccade	n/a	533.3	75.2	n/a	173.9	150.0	14.58	536.0
165.633	0.224	fixation	n/a	180.2	150.8	702.0	n/a	n/a	n/a	n/a
165.859	0.024	saccade	n/a	178.0	153.1	n/a	294.1	141.9	4.63	369.0
165.885	0.172	fixation	n/a	302.5	143.1	709.0	n/a	n/a	n/a	n/a
166.059	0.054	saccade	n/a	303.3	144.7	n/a	482.2	137.2	7.19	434.0
166.115	0.118	fixation	n/a	476.8	140.2	697.0	n/a	n/a	n/a	n/a
166.235	0.028	saccade	n/a	477.7	140.6	n/a	504.7	95.7	2.13	239.0
166.265	0.138	fixation	n/a	511.6	95.2	693.0	n/a	n/a	n/a	n/a
166.306	0.0	trigger_11	11	n/a	n/a	n/a	n/a	n/a	n/a	n/a
166.312	0.0	trigger_10	10	n/a	n/a	n/a	n/a	n/a	n/a	n/a
166.405	0.028	saccade	n/a	512.5	95.5	n/a	546.4	88.7	1.38	194.0
166.435	0.19	fixation	n/a	553.2	90.9	688.0	n/a	n/a	n/a	n/a
166.627	0.026	saccade	n/a	555.3	94.4	n/a	419.3	129.5	5.64	437.0
166.655	0.166	fixation	n/a	427.6	130.4	696.0	n/a	n/a	n/a	n/a
166.823	0.032	saccade	n/a	425.5	133.7	n/a	493.8	139.6	2.76	300.0
166.857	0.214	fixation	n/a	502.7	139.2	696.0	n/a	n/a	n/a	n/a
167.073	0.048	saccade	n/a	506.1	138.8	n/a	179.5	224.3	13.39	464.0
167.123	0.252	fixation	n/a	190.9	224.7	725.0	n/a	n/a	n/a	n/a
167.377	0.034	saccade	n/a	192.9	225.1	n/a	299.5	208.6	4.28	424.0
167.413	0.294	fixation	n/a	312.8	207.9	710.0	n/a	n/a	n/a	n/a
167.709	0.02	saccade	n/a	310.8	207.1	n/a	358.5	201.9	1.92	178.0
167.731	0.18	fixation	n/a	349.4	203.6	708.0	n/a	n/a	n/a	n/a
167.913	0.048	saccade	n/a	347.4	200.1	n/a	210.0	102.9	6.75	346.0
167.963	0.19	fixation	n/a	203.3	99.7	694.0	n/a	n/a	n/a	n/a
168.155	0.02	saccade	n/a	202.9	99.2	n/a	149.1	81.8	2.23	192.0
168.177	0.23	fixation	n/a	159.5	83.4	683.0	n/a	n/a	n/a	n/a
168.409	0.04	saccade	n/a	160.0	86.6	n/a	302.9	176.5	6.73	547.0
168.451	0.116	fixation	n/a	322.3	186.9	727.0	n/a	n/a	n/a	n/a
168.569	0.042	saccade	n/a	325.7	186.6	n/a	160.9	89.1	7.64	427.0
168.613	0.278	fixation	n/a	167.5	88.3	720.0	n/a	n/a	n/a	n/a
168.893	0.012	saccade	n/a	165.7	85.4	n/a	148.1	86.5	0.69	75.0
168.907	0.092	fixation	n/a	154.3	87.7	707.0	n/a	n/a	n/a	n/a
169.001	0.034	saccade	n/a	155.9	89.8	n/a	243.2	85.6	3.45	409.0
169.037	0.176	fixation	n/a	259.4	86.3	718.0	n/a	n/a	n/a	n/a
169.215	0.018	saccade	n/a	256.8	86.2	n/a	232.1	90.4	1.0	103.0
169.235	0.124	fixation	n/a	238.0	87.5	712.0	n/a	n/a	n/a	n/a
169.361	0.034	saccade	n/a	239.2	89.5	n/a	328.8	80.3	3.6	392.0
169.397	0.156	fixation	n/a	339.6	81.4	713.0	n/a	n/a	n/a	n/a
169.555	0.032	saccade	n/a	339.5	82.2	n/a	393.5	79.1	2.18	260.0
169.589	0.24	fixation	n/a	400.2	79.5	696.0	n/a	n/a	n/a	n/a
169.831	0.036	saccade	n/a	403.5	82.9	n/a	511.5	81.3	4.34	438.0
169.869	0.368	fixation	n/a	526.4	82.3	663.0	n/a	n/a	n/a	n/a
170.239	0.034	saccade	n/a	529.1	82.5	n/a	604.2	83.7	2.99	330.0
170.275	0.272	fixation	n/a	616.8	83.9	652.0	n/a	n/a	n/a	n/a
170.549	0.052	saccade	n/a	617.1	79.9	n/a	203.1	138.2	16.5	525.0
170.603	0.252	fixation	n/a	201.1	139.7	663.0	n/a	n/a	n/a	n/a
170.626	0.0	trigger_11	11	n/a	n/a	n/a	n/a	n/a	n/a	n/a
170.632	0.0	trigger_10	10	n/a	n/a	n/a	n/a	n/a	n/a	n/a
170.857	0.022	saccade	n/a	201.1	141.4	n/a	149.7	153.4	2.08	178.0
170.881	0.13	fixation	n/a	156.1	152.0	669.0	n/a	n/a	n/a	n/a
171.013	0.036	saccade	n/a	156.4	153.5	n/a	289.5	147.9	5.27	462.0
171.051	0.198	fixation	n/a	301.9	146.9	687.0	n/a	n/a	n/a	n/a
171.251	0.032	saccade	n/a	302.1	149.7	n/a	378.4	151.3	3.07	318.0
171.285	0.21	fixation	n/a	397.1	147.5	678.0	n/a	n/a	n/a	n/a
171.497	0.046	saccade	n/a	397.9	149.5	n/a	221.5	154.2	7.06	394.0
171.545	0.158	fixation	n/a	216.0	154.0	667.0	n/a	n/a	n/a	n/a
171.705	0.02	saccade	n/a	214.0	154.2	n/a	263.8	148.5	1.99	157.0
171.727	0.108	fixation	n/a	257.3	150.3	659.0	n/a	n/a	n/a	n/a
171.837	0.038	saccade	n/a	257.1	151.2	n/a	372.3	144.6	4.63	432.0
171.877	0.178	fixation	n/a	387.3	144.0	660.0	n/a	n/a	n/a	n/a
172.057	0.03	saccade	n/a	389.3	142.0	n/a	442.7	142.8	2.15	242.0
172.089	0.196	fixation	n/a	452.7	144.7	641.0	n/a	n/a	n/a	n/a
172.287	0.022	saccade	n/a	456.0	145.9	n/a	494.5	145.8	1.55	188.0
172.311	0.126	fixation	n/a	491.6	146.5	622.0	n/a	n/a	n/a	n/a
172.439	0.034	saccade	n/a	491.1	145.0	n/a	574.3	144.3	3.32	308.0
172.475	0.074	fixation	n/a	583.6	145.3	611.0	n/a	n/a	n/a	n/a
172.551	0.052	saccade	n/a	586.1	144.8	n/a	163.5	194.5	16.76	549.0
172.605	0.172	fixation	n/a	162.6	197.0	624.0	n/a	n/a	n/a	n/a
172.779	0.034	saccade	n/a	162.1	199.8	n/a	157.2	50.5	6.01	422.0
172.815	0.404	fixation	n/a	160.5	60.2	586.0	n/a	n/a	n/a	n/a
173.221	0.034	saccade	n/a	163.0	63.9	n/a	228.2	74.5	2.61	346.0
173.257	0.256	fixation	n/a	238.9	77.7	618.0	n/a	n/a	n/a	n/a
173.515	0.036	saccade	n/a	237.9	78.1	n/a	333.4	79.8	3.82	371.0
173.553	0.194	fixation	n/a	344.3	77.1	613.0	n/a	n/a	n/a	n/a
173.749	0.032	saccade	n/a	343.1	76.2	n/a	397.3	70.1	2.2	299.0
173.783	0.154	fixation	n/a	411.7	72.9	596.0	n/a	n/a	n/a	n/a
173.939	0.032	saccade	n/a	413.4	72.2	n/a	493.3	74.2	3.22	375.0
173.973	0.16	fixation	n/a	503.3	74.6	572.0	n/a	n/a	n/a	n/a
174.135	0.024	saccade	n/a	503.9	73.7	n/a	595.8	82.1	3.67	294.0
174.161	0.196	fixation	n/a	590.4	80.4	568.0	n/a	n/a	n/a	n/a
174.359	0.06	saccade	n/a	591.8	81.3	n/a	177.4	130.1	16.47	541.0
174.421	0.194	fixation	n/a	170.3	133.3	585.0	n/a	n/a	n/a	n/a
174.617	0.032	saccade	n/a	171.4	136.0	n/a	248.6	138.5	3.05	356.0
174.651	0.238	fixation	n/a	263.1	141.8	621.0	n/a	n/a	n/a	n/a
174.891	0.072	saccade	n/a	274.6	149.6	n/a	309.5	199.0	2.45	198.0
174.965	0.038	fixation	n/a	292.8	201.1	633.0	n/a	n/a	n/a	n/a
174.97	0.0	trigger_11	11	n/a	n/a	n/a	n/a	n/a	n/a	n/a
174.984	0.0	trigger_12	12	n/a	n/a	n/a	n/a	n/a	n/a	n/a
175.005	0.04	saccade	n/a	289.5	190.4	n/a	164.4	169.3	5.03	782.0
175.047	0.266	fixation	n/a	154.6	156.0	631.0	n/a	n/a	n/a	n/a
175.315	0.052	saccade	n/a	155.2	158.1	n/a	366.8	144.4	8.42	523.0
175.369	0.256	fixation	n/a	365.3	151.7	668.0	n/a	n/a	n/a	n/a
175.627	0.022	saccade	n/a	364.3	155.6	n/a	313.8	159.6	2.04	196.0
175.651	0.1	fixation	n/a	322.7	161.0	683.0	n/a	n/a	n/a	n/a
175.753	0.042	saccade	n/a	323.9	162.0	n/a	459.2	155.9	5.44	441.0
175.797	0.116	fixation	n/a	475.4	153.5	685.0	n/a	n/a	n/a	n/a
175.915	0.028	saccade	n/a	479.5	153.6	n/a	337.6	156.9	5.7	402.0
175.945	0.234	fixation	n/a	340.9	155.2	684.0	n/a	n/a	n/a	n/a
176.181	0.184	saccade	n/a	340.0	157.0	n/a	397.9	167.1	2.37	264.0
176.201	0.112	blink	n/a	n/a	n/a	n/a	n/a	n/a	n/a	n/a
176.367	0.148	fixation	n/a	396.2	136.4	718.0	n/a	n/a	n/a	n/a
176.517	0.034	saccade	n/a	396.4	137.1	n/a	471.5	128.1	3.04	343.0
176.553	0.222	fixation	n/a	481.7	137.5	696.0	n/a	n/a	n/a	n/a
176.777	0.042	saccade	n/a	481.9	148.4	n/a	351.2	82.7	5.9	323.0
176.821	0.34	fixation	n/a	360.1	86.9	712.0	n/a	n/a	n/a	n/a
177.163	0.038	saccade	n/a	358.2	86.7	n/a	156.0	99.2	8.06	374.0
177.203	0.286	fixation	n/a	167.1	100.2	717.0	n/a	n/a	n/a	n/a
177.491	0.036	saccade	n/a	164.6	100.2	n/a	270.5	87.5	4.23	411.0
177.529	0.18	fixation	n/a	281.7	89.5	723.0	n/a	n/a	n/a	n/a
177.711	0.032	saccade	n/a	284.7	91.1	n/a	352.6	84.8	2.74	320.0
177.745	0.214	fixation	n/a	360.8	85.8	721.0	n/a	n/a	n/a	n/a
177.961	0.03	saccade	n/a	360.6	84.9	n/a	413.3	85.0	2.13	273.0
177.993	0.16	fixation	n/a	421.8	85.7	715.0	n/a	n/a	n/a	n/a
178.09	0.0	trigger_13	13	n/a	n/a	n/a	n/a	n/a	n/a	n/a
178.102	0.0	trigger_10	10	n/a	n/a	n/a	n/a	n/a	n/a	n/a
178.155	0.038	saccade	n/a	423.5	87.3	n/a	534.6	86.8	4.46	421.0
178.195	0.172	fixation	n/a	548.5	87.3	701.0	n/a	n/a	n/a	n/a
178.369	0.028	saccade	n/a	549.7	90.8	n/a	595.6	93.9	1.83	242.0
178.399	0.082	fixation	n/a	601.2	90.1	682.0	n/a	n/a	n/a	n/a
178.483	0.052	saccade	n/a	603.8	90.1	n/a	170.1	151.6	17.25	562.0
178.537	0.402	fixation	n/a	171.6	154.3	694.0	n/a	n/a	n/a	n/a
178.941	0.03	saccade	n/a	171.0	157.3	n/a	230.3	152.5	2.35	302.0
178.973	0.162	fixation	n/a	240.6	156.6	744.0	n/a	n/a	n/a	n/a
179.137	0.038	saccade	n/a	238.7	156.7	n/a	334.9	150.6	3.86	383.0
179.177	0.096	fixation	n/a	349.4	155.6	749.0	n/a	n/a	n/a	n/a
179.275	0.1	saccade	n/a	352.7	177.3	n/a	301.8	158.1	2.19	163.0
179.295	0.02	blink	n/a	n/a	n/a	n/a	n/a	n/a	n/a	n/a
179.377	0.304	fixation	n/a	310.8	155.4	731.0	n/a	n/a	n/a	n/a
179.683	0.022	saccade	n/a	309.3	153.7	n/a	281.5	83.7	3.07	250.0
179.707	0.206	fixation	n/a	287.2	93.9	719.0	n/a	n/a	n/a	n/a
179.915	0.026	saccade	n/a	288.8	97.4	n/a	178.0	89.6	4.41	310.0
179.943	0.344	fixation	n/a	189.8	96.3	727.0	n/a	n/a	n/a	n/a
180.289	0.018	saccade	n/a	187.2	96.8	n/a	140.0	102.9	1.87	177.0
180.309	0.576	fixation	n/a	148.3	95.7	710.0	n/a	n/a	n/a	n/a
180.887	0.018	saccade	n/a	151.5	93.7	n/a	186.9	91.7	1.39	134.0
180.907	0.292	fixation	n/a	181.2	93.4	707.0	n/a	n/a	n/a	n/a
181.201	0.034	saccade	n/a	179.4	94.8	n/a	267.9	85.9	3.53	391.0
181.237	0.252	fixation	n/a	275.2	86.7	714.0	n/a	n/a	n/a	n/a
181.491	0.032	saccade	n/a	278.8	91.0	n/a	348.6	83.2	2.82	314.0
181.525	0.134	fixation	n/a	358.1	83.1	706.0	n/a	n/a	n/a	n/a
181.661	0.018	saccade	n/a	365.8	95.1	n/a	319.4	102.8	1.89	126.0
181.681	0.174	fixation	n/a	315.1	99.6	696.0	n/a	n/a	n/a	n/a
181.857	0.038	saccade	n/a	317.6	86.1	n/a	433.5	73.4	4.69	405.0
181.897	0.2	fixation	n/a	440.5	76.3	694.0	n/a	n/a	n/a	n/a
182.099	0.016	saccade	n/a	435.8	72.5	n/a	404.3	78.9	1.3	103.0
182.117	0.122	fixation	n/a	412.8	76.2	679.0	n/a	n/a	n/a	n/a
182.241	0.036	saccade	n/a	412.5	73.9	n/a	332.2	79.9	3.24	296.0
182.279	0.288	fixation	n/a	327.9	84.1	677.0	n/a	n/a	n/a	n/a
182.569	0.032	saccade	n/a	327.5	82.6	n/a	390.2	75.5	2.54	299.0
182.603	0.126	fixation	n/a	399.1	74.8	671.0	n/a	n/a	n/a	n/a
182.731	0.04	saccade	n/a	399.2	78.8	n/a	519.3	78.0	4.82	486.0
182.773	0.172	fixation	n/a	536.1	73.7	655.0	n/a	n/a	n/a	n/a
182.947	0.052	saccade	n/a	538.2	77.6	n/a	276.1	74.1	10.46	516.0
183.001	0.214	fixation	n/a	266.3	80.9	648.0	n/a	n/a	n/a	n/a
183.217	0.062	saccade	n/a	268.2	82.2	n/a	575.3	60.7	12.27	536.0
183.281	0.172	fixation	n/a	572.2	66.3	669.0	n/a	n/a	n/a	n/a
183.455	0.032	saccade	n/a	571.9	72.3	n/a	519.7	74.1	2.08	274.0
183.489	0.134	fixation	n/a	510.9	77.6	663.0	n/a	n/a	n/a	n/a
183.625	0.03	saccade	n/a	509.9	75.2	n/a	458.3	79.5	2.08	276.0
183.657	0.06	fixation	n/a	449.0	77.6	656.0	n/a	n/a	n/a	n/a
183.719	0.03	saccade	n/a	448.9	80.2	n/a	413.6	72.8	1.45	242.0
183.751	0.142	fixation	n/a	404.8	75.2	659.0	n/a	n/a	n/a	n/a
183.895	0.04	saccade	n/a	405.3	77.0	n/a	544.8	68.8	5.6	484.0
183.937	0.15	fixation	n/a	561.7	72.3	670.0	n/a	n/a	n/a	n/a
184.089	0.026	saccade	n/a	564.3	73.7	n/a	466.2	73.8	3.92	284.0
184.117	0.2	fixation	n/a	476.7	74.0	684.0	n/a	n/a	n/a	n/a
184.319	0.036	saccade	n/a	475.5	71.4	n/a	560.2	69.9	3.39	366.0
184.357	0.3	fixation	n/a	575.5	73.2	693.0	n/a	n/a	n/a	n/a
184.659	0.014	saccade	n/a	578.5	76.0	n/a	606.6	70.5	1.13	103.0
184.675	0.056	fixation	n/a	602.5	71.9	692.0	n/a	n/a	n/a	n/a
184.733	0.05	saccade	n/a	602.2	75.3	n/a	170.1	137.1	17.19	599.0
184.785	0.272	fixation	n/a	174.0	143.9	716.0	n/a	n/a	n/a	n/a
185.059	0.052	saccade	n/a	173.8	146.6	n/a	343.9	138.8	6.77	489.0
185.113	0.124	fixation	n/a	343.0	141.5	728.0	n/a	n/a	n/a	n/a
185.239	0.262	saccade	n/a	342.3	142.0	n/a	471.9	186.7	5.51	478.0
185.331	0.146	blink	n/a	n/a	n/a	n/a	n/a	n/a	n/a	n/a
185.503	0.044	fixation	n/a	474.6	159.0	713.0	n/a	n/a	n/a	n/a
185.549	0.054	saccade	n/a	475.5	147.7	n/a	246.9	221.5	9.6	515.0
185.605	0.16	fixation	n/a	234.4	221.5	704.0	n/a	n/a	n/a	n/a
185.767	0.018	saccade	n/a	236.5	228.0	n/a	258.2	211.6	1.09	114.0
185.787	0.094	fixation	n/a	253.3	214.6	696.0	n/a	n/a	n/a	n/a
185.883	0.022	saccade	n/a	256.8	214.4	n/a	262.4	153.6	2.48	166.0
185.907	0.174	fixation	n/a	267.6	158.7	695.0	n/a	n/a	n/a	n/a
186.083	0.03	saccade	n/a	268.3	154.9	n/a	207.7	152.7	2.41	266.0
186.115	0.168	fixation	n/a	201.5	154.4	683.0	n/a	n/a	n/a	n/a
186.285	0.048	saccade	n/a	200.4	154.6	n/a	347.0	140.6	5.87	424.0
186.335	0.306	fixation	n/a	345.6	141.7	675.0	n/a	n/a	n/a	n/a
186.643	0.02	saccade	n/a	345.0	144.3	n/a	386.1	148.4	1.66	166.0
186.665	0.252	fixation	n/a	379.0	145.1	655.0	n/a	n/a	n/a	n/a
186.919	0.032	saccade	n/a	380.4	149.3	n/a	464.1	144.3	3.37	373.0
186.953	0.364	fixation	n/a	474.1	145.3	658.0	n/a	n/a	n/a	n/a
187.319	0.034	saccade	n/a	474.2	145.6	n/a	550.8	137.1	3.08	360.0
187.355	0.134	fixation	n/a	561.9	142.6	651.0	n/a	n/a	n/a	n/a
187.491	0.032	saccade	n/a	562.9	143.8	n/a	476.4	146.3	3.45	354.0
187.525	0.26	fixation	n/a	465.0	141.2	643.0	n/a	n/a	n/a	n/a
187.787	0.01	saccade	n/a	461.7	141.5	n/a	444.6	144.6	0.7	70.0
187.799	0.168	fixation	n/a	447.1	144.0	648.0	n/a	n/a	n/a	n/a
187.969	0.044	saccade	n/a	449.1	147.2	n/a	213.7	53.5	10.12	436.0
188.015	0.196	fixation	n/a	222.2	63.8	632.0	n/a	n/a	n/a	n/a
188.213	0.022	saccade	n/a	222.1	67.8	n/a	159.4	81.5	2.53	207.0
188.237	0.104	fixation	n/a	168.6	80.6	646.0	n/a	n/a	n/a	n/a
188.343	0.046	saccade	n/a	169.3	83.6	n/a	303.7	74.0	5.35	461.0
188.391	0.238	fixation	n/a	302.3	73.2	668.0	n/a	n/a	n/a	n/a
188.631	0.036	saccade	n/a	302.7	75.6	n/a	391.8	74.0	3.59	381.0
188.669	0.128	fixation	n/a	406.1	74.6	669.0	n/a	n/a	n/a	n/a
188.799	0.166	saccade	n/a	413.1	80.8	n/a	498.8	120.3	3.81	184.0
188.891	0.066	blink	n/a	n/a	n/a	n/a	n/a	n/a	n/a	n/a
188.967	0.172	fixation	n/a	502.8	73.1	669.0	n/a	n/a	n/a	n/a
189.141	0.034	saccade	n/a	499.9	66.0	n/a	579.4	62.0	3.17	360.0
189.177	0.106	fixation	n/a	591.6	68.8	647.0	n/a	n/a	n/a	n/a
189.285	0.044	saccade	n/a	592.2	69.9	n/a	245.1	73.3	13.77	563.0
189.331	0.276	fixation	n/a	242.0	74.9	623.0	n/a	n/a	n/a	n/a
189.609	0.034	saccade	n/a	240.8	76.8	n/a	292.0	77.5	2.04	268.0
189.645	0.268	fixation	n/a	306.5	85.2	643.0	n/a	n/a	n/a	n/a
189.915	0.026	saccade	n/a	308.9	90.6	n/a	218.2	175.1	4.99	372.0
189.943	0.11	fixation	n/a	227.6	190.7	672.0	n/a	n/a	n/a	n/a
190.055	0.7	saccade	n/a	308.9	90.6	n/a	218.2	175.1	4.96	0.0
190.065	0.682	blink	n/a	n/a	n/a	n/a	n/a	n/a	n/a	n/a
190.757	0.062	fixation	n/a	299.6	648.5	724.0	n/a	n/a	n/a	n/a
190.821	0.256	saccade	n/a	308.9	90.6	n/a	218.2	175.1	4.51	0.0
190.831	0.238	blink	n/a	n/a	n/a	n/a	n/a	n/a	n/a	n/a
191.079	0.13	fixation	n/a	475.6	573.0	616.0	n/a	n/a	n/a	n/a
191.211	0.03	saccade	n/a	515.6	563.8	n/a	558.0	556.1	1.64	284.0
191.221	0.0	blink	n/a	n/a	n/a	n/a	n/a	n/a	n/a	n/a
191.243	0.134	fixation	n/a	558.1	556.8	609.0	n/a	n/a	n/a	n/a
191.379	0.064	saccade	n/a	560.1	554.9	n/a	247.8	182.1	18.84	618.0
191.445	0.158	fixation	n/a	255.1	178.4	642.0	n/a	n/a	n/a	n/a
191.516	0.0	trigger_11	11	n/a	n/a	n/a	n/a	n/a	n/a	n/a
191.526	0.0	trigger_10	10	n/a	n/a	n/a	n/a	n/a	n/a	n/a
191.605	0.024	saccade	n/a	256.6	183.1	n/a	177.5	224.3	3.54	282.0
191.631	0.186	fixation	n/a	185.3	218.4	673.0	n/a	n/a	n/a	n/a
191.819	0.022	saccade	n/a	184.2	215.3	n/a	164.5	128.7	3.57	332.0
191.843	0.25	fixation	n/a	173.6	138.0	674.0	n/a	n/a	n/a	n/a
192.095	0.036	saccade	n/a	174.0	136.9	n/a	250.8	87.6	3.64	352.0
192.133	0.146	fixation	n/a	259.1	89.7	679.0	n/a	n/a	n/a	n/a
192.281	0.06	saccade	n/a	261.0	88.8	n/a	492.9	82.2	9.28	550.0
192.343	0.138	fixation	n/a	491.9	87.6	677.0	n/a	n/a	n/a	n/a
192.483	0.034	saccade	n/a	495.3	89.0	n/a	558.1	122.9	2.87	398.0
192.519	0.126	fixation	n/a	564.3	126.2	689.0	n/a	n/a	n/a	n/a
192.647	0.034	saccade	n/a	564.5	124.9	n/a	473.8	126.5	3.62	381.0
192.683	0.216	fixation	n/a	468.8	128.8	691.0	n/a	n/a	n/a	n/a
192.901	0.136	saccade	n/a	473.6	140.0	n/a	421.8	129.0	2.13	225.0
193.039	0.19	fixation	n/a	426.3	117.0	686.0	n/a	n/a	n/a	n/a
193.231	0.2	saccade	n/a	429.4	123.2	n/a	193.9	75.9	9.6	672.0
193.273	0.116	blink	n/a	n/a	n/a	n/a	n/a	n/a	n/a	n/a
193.433	0.032	fixation	n/a	194.3	106.6	663.0	n/a	n/a	n/a	n/a
193.467	0.67	saccade	n/a	195.5	135.2	n/a	314.1	136.1	4.73	389.0
193.487	0.64	blink	n/a	n/a	n/a	n/a	n/a	n/a	n/a	n/a
194.139	0.114	fixation	n/a	313.4	118.3	677.0	n/a	n/a	n/a	n/a
194.255	0.032	saccade	n/a	315.1	101.7	n/a	254.0	101.2	2.44	282.0
194.289	0.188	fixation	n/a	244.9	104.1	664.0	n/a	n/a	n/a	n/a
194.479	0.042	saccade	n/a	243.9	107.7	n/a	385.9	106.9	5.69	501.0
194.523	0.216	fixation	n/a	404.1	95.4	671.0	n/a	n/a	n/a	n/a
194.741	0.05	saccade	n/a	406.1	88.6	n/a	173.7	92.4	9.26	507.0
194.793	0.236	fixation	n/a	163.5	105.6	691.0	n/a	n/a	n/a	n/a
195.031	0.06	saccade	n/a	163.6	110.7	n/a	435.0	89.5	10.83	556.0
195.093	0.294	fixation	n/a	429.5	80.1	742.0	n/a	n/a	n/a	n/a
195.389	0.036	saccade	n/a	432.4	83.2	n/a	532.9	88.6	4.04	456.0
195.427	0.198	fixation	n/a	551.1	88.8	748.0	n/a	n/a	n/a	n/a
195.627	0.028	saccade	n/a	553.1	90.9	n/a	406.8	88.4	5.86	437.0
195.657	0.144	fixation	n/a	417.3	90.2	761.0	n/a	n/a	n/a	n/a
195.803	0.032	saccade	n/a	417.5	92.9	n/a	377.7	92.8	1.6	202.0
195.837	0.204	fixation	n/a	370.9	97.0	770.0	n/a	n/a	n/a	n/a
196.043	0.02	saccade	n/a	370.3	96.8	n/a	409.8	92.7	1.6	158.0
196.065	0.072	fixation	n/a	400.8	91.0	778.0	n/a	n/a	n/a	n/a
196.139	0.038	saccade	n/a	400.0	90.6	n/a	514.4	90.3	4.59	439.0
196.179	0.066	fixation	n/a	524.9	86.6	768.0	n/a	n/a	n/a	n/a
196.18	0.0	trigger_11	11	n/a	n/a	n/a	n/a	n/a	n/a	n/a
196.188	0.0	trigger_10	10	n/a	n/a	n/a	n/a	n/a	n/a	n/a
196.247	0.034	saccade	n/a	524.4	87.0	n/a	589.9	82.0	2.61	370.0
196.283	0.304	fixation	n/a	602.8	83.7	761.0	n/a	n/a	n/a	n/a
196.589	0.056	saccade	n/a	603.9	87.7	n/a	187.4	181.2	16.86	560.0
196.647	0.192	fixation	n/a	192.4	187.0	808.0	n/a	n/a	n/a	n/a
196.841	0.032	saccade	n/a	191.8	195.4	n/a	283.0	173.8	3.72	375.0
196.875	0.188	fixation	n/a	295.4	172.4	819.0	n/a	n/a	n/a	n/a
197.065	0.036	saccade	n/a	295.0	168.6	n/a	386.4	155.8	3.71	390.0
197.103	0.168	fixation	n/a	400.0	147.0	802.0	n/a	n/a	n/a	n/a
197.273	0.034	saccade	n/a	401.9	143.7	n/a	481.0	142.5	3.18	363.0
197.309	0.152	fixation	n/a	491.1	138.8	783.0	n/a	n/a	n/a	n/a
197.463	0.03	saccade	n/a	492.5	135.6	n/a	540.1	136.4	1.9	252.0
197.495	0.22	fixation	n/a	545.7	134.7	755.0	n/a	n/a	n/a	n/a
197.717	0.06	saccade	n/a	545.2	137.1	n/a	242.1	231.6	12.64	529.0
197.765	0.004	blink	n/a	n/a	n/a	n/a	n/a	n/a	n/a	n/a
197.779	0.214	fixation	n/a	165.4	242.6	770.0	n/a	n/a	n/a	n/a
197.995	0.038	saccade	n/a	163.1	235.7	n/a	206.7	63.7	7.13	382.0
198.035	0.172	fixation	n/a	213.3	72.6	747.0	n/a	n/a	n/a	n/a
198.209	0.022	saccade	n/a	217.5	76.0	n/a	174.1	87.0	1.77	177.0
198.233	0.276	fixation	n/a	183.5	87.7	789.0	n/a	n/a	n/a	n/a
198.511	0.038	saccade	n/a	183.1	90.8	n/a	265.6	79.3	3.31	360.0
198.551	0.188	fixation	n/a	275.4	81.3	809.0	n/a	n/a	n/a	n/a
198.741	0.036	saccade	n/a	278.3	85.5	n/a	359.3	79.4	3.26	361.0
198.779	0.13	fixation	n/a	372.3	78.9	796.0	n/a	n/a	n/a	n/a
198.911	0.034	saccade	n/a	373.4	83.7	n/a	437.9	80.5	2.6	306.0
198.947	0.056	fixation	n/a	446.0	101.3	793.0	n/a	n/a	n/a	n/a
198.964	0.0	trigger_11	11	n/a	n/a	n/a	n/a	n/a	n/a	n/a
198.974	0.0	trigger_10	10	n/a	n/a	n/a	n/a	n/a	n/a	n/a
199.005	0.216	saccade	n/a	444.0	123.1	n/a	434.6	176.5	2.21	191.0
199.043	0.17	blink	n/a	n/a	n/a	n/a	n/a	n/a	n/a	n/a
199.223	0.112	fixation	n/a	516.9	85.9	763.0	n/a	n/a	n/a	n/a
199.337	0.052	saccade	n/a	519.6	83.8	n/a	159.8	194.4	14.91	524.0
199.391	0.22	fixation	n/a	164.0	185.2	804.0	n/a	n/a	n/a	n/a
199.613	0.064	saccade	n/a	164.2	202.5	n/a	244.6	188.0	3.23	261.0
199.679	0.208	fixation	n/a	242.2	164.9	784.0	n/a	n/a	n/a	n/a
199.889	0.176	saccade	n/a	244.0	167.0	n/a	354.5	159.2	4.43	931.0
199.937	0.092	blink	n/a	n/a	n/a	n/a	n/a	n/a	n/a	n/a
200.067	0.202	fixation	n/a	356.6	159.6	780.0	n/a	n/a	n/a	n/a
200.271	0.036	saccade	n/a	353.5	145.6	n/a	427.3	131.0	3.03	390.0
200.309	0.176	fixation	n/a	436.3	128.7	786.0	n/a	n/a	n/a	n/a
200.487	0.036	saccade	n/a	437.9	129.2	n/a	539.9	135.4	4.1	437.0
200.525	0.296	fixation	n/a	554.8	129.6	730.0	n/a	n/a	n/a	n/a
200.823	0.08	saccade	n/a	555.0	133.9	n/a	237.2	163.5	12.69	354.0
200.905	0.234	fixation	n/a	232.3	163.3	736.0	n/a	n/a	n/a	n/a
201.141	0.034	saccade	n/a	229.3	162.7	n/a	185.3	96.0	3.21	294.0
201.177	0.162	fixation	n/a	184.1	101.3	743.0	n/a	n/a	n/a	n/a
201.341	0.022	saccade	n/a	186.9	104.2	n/a	136.5	102.0	1.97	182.0
201.365	0.11	fixation	n/a	146.6	100.1	772.0	n/a	n/a	n/a	n/a
201.477	0.034	saccade	n/a	146.9	101.2	n/a	244.3	94.7	3.85	399.0
201.513	0.194	fixation	n/a	254.5	87.2	797.0	n/a	n/a	n/a	n/a
201.709	0.032	saccade	n/a	258.3	91.0	n/a	300.3	83.4	1.71	257.0
201.743	0.162	fixation	n/a	306.0	83.2	805.0	n/a	n/a	n/a	n/a
201.907	0.036	saccade	n/a	304.5	86.2	n/a	400.0	67.9	3.91	432.0
201.945	0.084	fixation	n/a	413.7	70.1	808.0	n/a	n/a	n/a	n/a
202.031	0.05	saccade	n/a	416.2	72.2	n/a	202.2	100.9	8.62	496.0
202.083	0.292	fixation	n/a	185.0	103.9	816.0	n/a	n/a	n/a	n/a
202.377	0.018	saccade	n/a	183.6	106.2	n/a	153.1	107.1	1.2	114.0
202.397	0.13	fixation	n/a	161.5	105.3	823.0	n/a	n/a	n/a	n/a
202.529	0.03	saccade	n/a	162.1	103.3	n/a	204.1	98.1	1.67	263.0
202.561	0.174	fixation	n/a	207.9	99.1	809.0	n/a	n/a	n/a	n/a
202.737	0.036	saccade	n/a	207.4	100.2	n/a	292.7	85.5	3.44	377.0
202.775	0.184	fixation	n/a	305.6	83.5	777.0	n/a	n/a	n/a	n/a
202.961	0.042	saccade	n/a	308.6	84.4	n/a	376.4	71.1	2.78	343.0
203.005	0.268	fixation	n/a	374.1	73.0	769.0	n/a	n/a	n/a	n/a
203.275	0.034	saccade	n/a	377.4	73.6	n/a	461.2	73.7	3.37	400.0
203.311	0.152	fixation	n/a	475.6	78.0	761.0	n/a	n/a	n/a	n/a
203.465	0.032	saccade	n/a	478.1	82.1	n/a	545.1	80.2	2.68	290.0
203.499	0.126	fixation	n/a	549.4	78.5	755.0	n/a	n/a	n/a	n/a
203.596	0.0	trigger_11	11	n/a	n/a	n/a	n/a	n/a	n/a	n/a
203.606	0.0	trigger_12	12	n/a	n/a	n/a	n/a	n/a	n/a	n/a
203.627	0.03	saccade	n/a	550.4	77.5	n/a	588.8	82.9	1.54	229.0
203.659	0.072	fixation	n/a	596.4	81.9	752.0	n/a	n/a	n/a	n/a
203.733	0.05	saccade	n/a	597.8	83.7	n/a	165.3	165.2	17.34	618.0
203.785	0.166	fixation	n/a	173.4	168.1	790.0	n/a	n/a	n/a	n/a
203.953	0.022	saccade	n/a	174.9	170.4	n/a	132.5	165.8	1.67	154.0
203.977	0.204	fixation	n/a	139.5	168.2	790.0	n/a	n/a	n/a	n/a
204.183	0.052	saccade	n/a	141.4	170.0	n/a	309.6	148.2	6.71	471.0
204.237	0.204	fixation	n/a	311.5	149.4	798.0	n/a	n/a	n/a	n/a
204.443	0.03	saccade	n/a	316.5	154.2	n/a	272.3	153.4	1.77	202.0
204.475	0.112	fixation	n/a	268.1	154.2	801.0	n/a	n/a	n/a	n/a
204.589	0.036	saccade	n/a	267.3	152.5	n/a	246.1	108.2	1.99	228.0
204.627	0.14	fixation	n/a	245.2	103.3	801.0	n/a	n/a	n/a	n/a
204.756	0.0	trigger_13	13	n/a	n/a	n/a	n/a	n/a	n/a	n/a
204.768	0.0	trigger_10	10	n/a	n/a	n/a	n/a	n/a	n/a	n/a
204.769	0.03	saccade	n/a	245.4	99.5	n/a	192.4	97.7	2.1	225.0
204.801	0.242	fixation	n/a	187.2	98.8	801.0	n/a	n/a	n/a	n/a
205.045	0.04	saccade	n/a	189.0	100.2	n/a	324.0	85.6	5.4	460.0
205.087	0.476	fixation	n/a	341.9	82.1	810.0	n/a	n/a	n/a	n/a
205.565	0.036	saccade	n/a	340.7	83.6	n/a	195.3	79.3	5.8	299.0
205.603	0.202	fixation	n/a	203.9	82.6	851.0	n/a	n/a	n/a	n/a
205.807	0.022	saccade	n/a	204.3	83.4	n/a	152.5	97.0	2.11	190.0
205.831	0.232	fixation	n/a	159.8	92.9	879.0	n/a	n/a	n/a	n/a
206.065	0.034	saccade	n/a	158.3	92.0	n/a	234.0	88.5	2.99	360.0
206.101	0.152	fixation	n/a	245.1	84.4	865.0	n/a	n/a	n/a	n/a
206.255	0.032	saccade	n/a	245.7	85.2	n/a	305.3	77.8	2.4	306.0
206.289	0.228	fixation	n/a	315.7	75.4	815.0	n/a	n/a	n/a	n/a
206.519	0.042	saccade	n/a	318.6	78.0	n/a	171.2	83.0	5.85	357.0
206.563	0.416	fixation	n/a	159.2	87.7	796.0	n/a	n/a	n/a	n/a
206.82	0.0	trigger_11	11	n/a	n/a	n/a	n/a	n/a	n/a	n/a
206.834	0.0	trigger_10	10	n/a	n/a	n/a	n/a	n/a	n/a	n/a
206.981	0.014	saccade	n/a	154.9	90.9	n/a	128.0	93.2	1.05	94.0
206.997	0.06	fixation	n/a	134.7	92.4	815.0	n/a	n/a	n/a	n/a
207.059	0.046	saccade	n/a	135.7	93.2	n/a	250.2	84.6	4.52	424.0
207.107	0.342	fixation	n/a	253.2	86.1	817.0	n/a	n/a	n/a	n/a
207.451	0.028	saccade	n/a	256.0	88.9	n/a	297.6	89.2	1.66	244.0
207.481	0.166	fixation	n/a	303.4	82.2	791.0	n/a	n/a	n/a	n/a
207.649	0.036	saccade	n/a	302.4	84.4	n/a	400.4	76.0	3.96	384.0
207.687	0.206	fixation	n/a	412.4	72.9	770.0	n/a	n/a	n/a	n/a
207.895	0.032	saccade	n/a	414.4	75.4	n/a	485.1	84.3	2.87	332.0
207.929	0.148	fixation	n/a	493.0	85.3	746.0	n/a	n/a	n/a	n/a
208.079	0.034	saccade	n/a	491.4	85.9	n/a	566.4	80.5	3.0	360.0
208.115	0.082	fixation	n/a	575.7	82.4	729.0	n/a	n/a	n/a	n/a
208.199	0.058	saccade	n/a	575.7	80.6	n/a	178.0	141.7	15.91	586.0
208.259	0.14	fixation	n/a	171.5	147.6	736.0	n/a	n/a	n/a	n/a
208.401	0.03	saccade	n/a	171.3	148.9	n/a	218.5	147.7	1.86	266.0
208.433	0.118	fixation	n/a	228.7	144.3	726.0	n/a	n/a	n/a	n/a
208.553	0.028	saccade	n/a	229.7	144.0	n/a	116.6	147.9	4.44	350.0
208.583	0.214	fixation	n/a	128.8	149.0	726.0	n/a	n/a	n/a	n/a
208.799	0.024	saccade	n/a	128.8	151.7	n/a	133.1	75.0	3.08	223.0
208.825	0.27	fixation	n/a	139.6	89.6	730.0	n/a	n/a	n/a	n/a
209.097	0.03	saccade	n/a	143.4	94.8	n/a	184.9	84.7	1.68	234.0
209.129	0.146	fixation	n/a	191.8	86.2	765.0	n/a	n/a	n/a	n/a
209.277	0.034	saccade	n/a	192.7	87.5	n/a	262.5	87.2	2.78	346.0
209.313	0.148	fixation	n/a	272.7	85.3	752.0	n/a	n/a	n/a	n/a
209.463	0.044	saccade	n/a	273.9	86.3	n/a	165.8	87.3	4.28	346.0
209.509	0.254	fixation	n/a	161.0	88.2	719.0	n/a	n/a	n/a	n/a
209.684	0.0	trigger_11	11	n/a	n/a	n/a	n/a	n/a	n/a	n/a
209.686	0.0	trigger_18	18	n/a	n/a	n/a	n/a	n/a	n/a	n/a
209.765	0.02	saccade	n/a	162.7	88.7	n/a	121.5	93.1	1.62	129.0
209.787	0.094	fixation	n/a	130.6	91.4	704.0	n/a	n/a	n/a	n/a
209.883	0.044	saccade	n/a	129.6	92.1	n/a	262.3	89.2	5.24	450.0
209.929	0.144	fixation	n/a	265.5	89.3	701.0	n/a	n/a	n/a	n/a
210.075	0.032	saccade	n/a	265.6	89.6	n/a	348.2	80.5	3.33	363.0
210.109	0.172	fixation	n/a	359.5	81.5	702.0	n/a	n/a	n/a	n/a
210.283	0.034	saccade	n/a	359.9	84.8	n/a	418.9	78.5	2.39	299.0
210.319	0.184	fixation	n/a	428.4	81.9	705.0	n/a	n/a	n/a	n/a
210.505	0.036	saccade	n/a	430.2	84.3	n/a	521.9	86.6	3.68	361.0
210.543	0.418	fixation	n/a	533.9	90.6	683.0	n/a	n/a	n/a	n/a
210.963	0.032	saccade	n/a	532.0	87.0	n/a	592.2	82.3	2.4	322.0
210.997	0.148	fixation	n/a	600.2	84.8	679.0	n/a	n/a	n/a	n/a
211.147	0.05	saccade	n/a	601.8	90.4	n/a	192.6	145.0	16.32	586.0
211.199	0.378	fixation	n/a	195.8	146.2	698.0	n/a	n/a	n/a	n/a
211.579	0.022	saccade	n/a	197.4	141.8	n/a	163.7	79.4	2.85	209.0
211.603	0.762	fixation	n/a	160.5	89.0	720.0	n/a	n/a	n/a	n/a
212.367	0.02	saccade	n/a	156.3	94.1	n/a	112.2	95.8	1.72	143.0
212.389	0.324	fixation	n/a	122.7	95.0	768.0	n/a	n/a	n/a	n/a
212.715	0.014	saccade	n/a	131.6	102.7	n/a	161.1	93.2	1.21	115.0
212.731	0.02	fixation	n/a	164.6	93.7	758.0	n/a	n/a	n/a	n/a
212.753	0.006	saccade	n/a	175.2	91.1	n/a	186.4	90.3	0.44	74.0
212.761	0.658	fixation	n/a	179.8	97.3	769.0	n/a	n/a	n/a	n/a
213.421	0.018	saccade	n/a	178.2	92.2	n/a	142.6	88.1	1.41	121.0
213.441	0.548	fixation	n/a	155.0	91.4	775.0	n/a	n/a	n/a	n/a
213.991	0.21	saccade	n/a	159.8	97.0	n/a	226.4	222.0	5.68	744.0
214.023	0.178	blink	n/a	n/a	n/a	n/a	n/a	n/a	n/a	n/a
