onset	duration	trial_type	value	gaze_x	gaze_y	pupil_size	sacc_endx	sacc_endy	sacc_amplitude	sacc_peakvel
2.059	0.416	fixation	n/a	418.4	294.5	836.0	n/a	n/a	n/a	n/a
2.082	0.0	trigger_104	104	n/a	n/a	n/a	n/a	n/a	n/a	n/a
2.082	0.0	trigger_19	19	n/a	n/a	n/a	n/a	n/a	n/a	n/a
2.09	0.0	trigger_10	10	n/a	n/a	n/a	n/a	n/a	n/a	n/a
2.477	0.004	saccade	n/a	425.8	295.9	n/a	433.1	294.9	0.29	68.0
2.483	0.236	fixation	n/a	426.0	303.9	830.0	n/a	n/a	n/a	n/a
2.721	0.04	saccade	n/a	422.7	305.4	n/a	296.0	180.3	7.15	327.0
2.763	0.17	fixation	n/a	296.2	168.3	823.0	n/a	n/a	n/a	n/a
2.935	0.036	saccade	n/a	295.9	170.3	n/a	424.9	317.6	7.86	436.0
2.973	0.228	fixation	n/a	425.6	313.3	788.0	n/a	n/a	n/a	n/a
3.203	0.014	saccade	n/a	422.1	307.1	n/a	413.7	299.1	0.46	71.0
3.219	1.048	fixation	n/a	418.4	303.1	776.0	n/a	n/a	n/a	n/a
4.269	0.04	saccade	n/a	418.9	299.1	n/a	296.8	155.5	7.59	350.0
4.311	0.066	fixation	n/a	302.0	153.4	783.0	n/a	n/a	n/a	n/a
4.379	0.024	saccade	n/a	303.1	153.9	n/a	197.3	106.3	4.64	323.0
4.405	0.114	fixation	n/a	197.2	100.9	788.0	n/a	n/a	n/a	n/a
4.521	0.022	saccade	n/a	200.8	99.6	n/a	132.3	92.7	2.7	208.0
4.545	0.272	fixation	n/a	150.0	93.3	798.0	n/a	n/a	n/a	n/a
4.819	0.024	saccade	n/a	149.6	89.7	n/a	266.7	81.2	4.64	377.0
4.845	0.2	fixation	n/a	270.0	78.1	783.0	n/a	n/a	n/a	n/a
5.047	0.02	saccade	n/a	273.6	77.4	n/a	339.6	79.7	2.65	292.0
5.069	0.186	fixation	n/a	336.4	75.3	759.0	n/a	n/a	n/a	n/a
5.257	0.026	saccade	n/a	333.9	74.2	n/a	435.6	77.5	4.09	326.0
5.285	0.202	fixation	n/a	429.0	74.9	749.0	n/a	n/a	n/a	n/a
5.489	0.02	saccade	n/a	428.4	72.2	n/a	503.1	74.4	3.0	288.0
5.511	0.238	fixation	n/a	496.8	75.3	716.0	n/a	n/a	n/a	n/a
5.751	0.022	saccade	n/a	497.3	78.2	n/a	572.5	83.5	3.01	247.0
5.775	0.194	fixation	n/a	567.1	83.6	684.0	n/a	n/a	n/a	n/a
5.971	0.052	saccade	n/a	566.4	84.8	n/a	145.5	128.8	16.67	512.0
6.025	0.13	fixation	n/a	156.7	131.5	674.0	n/a	n/a	n/a	n/a
6.157	0.018	saccade	n/a	160.7	131.3	n/a	122.2	136.8	1.52	142.0
6.177	0.138	fixation	n/a	130.4	137.1	680.0	n/a	n/a	n/a	n/a
6.317	0.022	saccade	n/a	133.8	136.5	n/a	236.3	144.0	4.05	337.0
6.341	0.184	fixation	n/a	232.4	145.5	713.0	n/a	n/a	n/a	n/a
6.527	0.024	saccade	n/a	230.2	145.8	n/a	319.4	139.2	3.57	291.0
6.553	0.276	fixation	n/a	317.9	139.1	704.0	n/a	n/a	n/a	n/a
6.831	0.036	saccade	n/a	320.3	138.6	n/a	124.7	141.0	7.73	382.0
6.869	0.264	fixation	n/a	140.2	141.3	692.0	n/a	n/a	n/a	n/a
7.135	0.018	saccade	n/a	141.6	140.5	n/a	190.9	145.5	1.94	176.0
7.155	0.19	fixation	n/a	185.8	144.7	703.0	n/a	n/a	n/a	n/a
7.347	0.032	saccade	n/a	185.0	144.0	n/a	341.8	136.2	6.24	416.0
7.381	0.224	fixation	n/a	342.9	139.5	726.0	n/a	n/a	n/a	n/a
7.607	0.018	saccade	n/a	345.0	141.4	n/a	310.1	141.9	1.4	130.0
7.627	0.152	fixation	n/a	313.4	140.0	731.0	n/a	n/a	n/a	n/a
7.781	0.016	saccade	n/a	313.4	141.5	n/a	277.6	141.6	1.43	145.0
7.799	0.142	fixation	n/a	278.9	145.4	723.0	n/a	n/a	n/a	n/a
7.943	0.028	saccade	n/a	278.9	148.8	n/a	435.5	140.1	6.3	422.0
7.973	0.296	fixation	n/a	436.9	143.1	709.0	n/a	n/a	n/a	n/a
8.271	0.006	saccade	n/a	438.0	145.6	n/a	428.2	142.3	0.42	65.0
8.279	0.066	fixation	n/a	428.6	145.1	692.0	n/a	n/a	n/a	n/a
8.347	0.022	saccade	n/a	431.5	144.6	n/a	528.2	144.8	3.88	317.0
8.371	0.386	fixation	n/a	522.5	145.9	667.0	n/a	n/a	n/a	n/a
8.759	0.02	saccade	n/a	523.8	143.9	n/a	482.8	144.7	1.64	163.0
8.781	0.204	fixation	n/a	482.2	142.2	662.0	n/a	n/a	n/a	n/a
8.987	0.016	saccade	n/a	479.2	140.8	n/a	434.7	138.7	1.79	165.0
9.005	0.17	fixation	n/a	441.7	141.5	670.0	n/a	n/a	n/a	n/a
9.177	0.024	saccade	n/a	443.1	139.5	n/a	548.5	145.6	4.23	336.0
9.203	0.258	fixation	n/a	549.2	146.4	682.0	n/a	n/a	n/a	n/a
9.463	0.016	saccade	n/a	549.4	146.8	n/a	523.8	142.0	1.04	107.0
9.481	0.102	fixation	n/a	527.5	145.2	684.0	n/a	n/a	n/a	n/a
9.585	0.024	saccade	n/a	530.2	145.2	n/a	415.0	136.7	4.64	364.0
9.611	0.308	fixation	n/a	419.4	139.7	686.0	n/a	n/a	n/a	n/a
9.921	0.02	saccade	n/a	419.5	141.5	n/a	468.0	142.0	1.95	200.0
9.943	0.136	fixation	n/a	463.4	139.7	697.0	n/a	n/a	n/a	n/a
10.081	0.022	saccade	n/a	465.1	143.1	n/a	512.8	150.2	1.93	205.0
10.105	0.148	fixation	n/a	511.4	148.8	700.0	n/a	n/a	n/a	n/a
10.255	0.02	saccade	n/a	509.9	148.4	n/a	550.9	149.9	1.64	173.0
10.277	0.254	fixation	n/a	549.1	148.8	683.0	n/a	n/a	n/a	n/a
10.533	0.022	saccade	n/a	550.4	150.4	n/a	601.3	153.7	2.02	232.0
10.557	0.108	fixation	n/a	602.1	151.2	667.0	n/a	n/a	n/a	n/a
10.667	0.052	saccade	n/a	603.1	152.7	n/a	164.0	197.2	17.38	513.0
10.721	0.14	fixation	n/a	175.1	198.6	665.0	n/a	n/a	n/a	n/a
10.863	0.018	saccade	n/a	179.6	200.8	n/a	138.1	204.5	1.63	154.0
10.883	0.166	fixation	n/a	142.3	203.5	676.0	n/a	n/a	n/a	n/a
11.051	0.03	saccade	n/a	145.3	204.5	n/a	225.0	199.8	3.14	331.0
11.083	0.228	fixation	n/a	233.7	202.2	702.0	n/a	n/a	n/a	n/a
11.274	0.0	trigger_11	11	n/a	n/a	n/a	n/a	n/a	n/a	n/a
11.28	0.0	trigger_10	10	n/a	n/a	n/a	n/a	n/a	n/a	n/a
11.313	0.03	saccade	n/a	232.7	202.9	n/a	313.7	198.9	3.23	338.0
11.345	0.138	fixation	n/a	319.0	198.3	708.0	n/a	n/a	n/a	n/a
11.485	0.02	saccade	n/a	320.1	199.7	n/a	392.4	196.0	2.91	274.0
11.507	0.258	fixation	n/a	385.0	198.5	695.0	n/a	n/a	n/a	n/a
11.767	0.022	saccade	n/a	383.7	199.2	n/a	459.8	202.2	3.06	273.0
11.791	0.188	fixation	n/a	456.8	198.7	668.0	n/a	n/a	n/a	n/a
11.981	0.022	saccade	n/a	457.0	200.3	n/a	528.5	203.9	2.86	253.0
12.005	0.168	fixation	n/a	526.4	202.0	651.0	n/a	n/a	n/a	n/a
12.175	0.022	saccade	n/a	527.4	201.5	n/a	594.5	205.9	2.67	235.0
12.199	0.254	fixation	n/a	594.5	206.5	639.0	n/a	n/a	n/a	n/a
12.455	0.016	saccade	n/a	594.3	207.3	n/a	557.1	207.2	1.47	127.0
12.473	0.292	fixation	n/a	554.8	208.9	627.0	n/a	n/a	n/a	n/a
12.767	0.024	saccade	n/a	554.6	207.8	n/a	470.6	201.7	3.36	282.0
12.793	0.266	fixation	n/a	477.6	201.7	635.0	n/a	n/a	n/a	n/a
13.061	0.04	saccade	n/a	477.8	203.1	n/a	331.6	92.6	7.4	386.0
13.103	0.37	fixation	n/a	330.5	90.0	652.0	n/a	n/a	n/a	n/a
13.475	0.034	saccade	n/a	329.7	88.4	n/a	132.4	86.2	7.8	338.0
13.511	0.274	fixation	n/a	142.4	83.2	666.0	n/a	n/a	n/a	n/a
13.787	0.022	saccade	n/a	140.5	84.1	n/a	232.1	80.6	3.61	307.0
13.811	0.174	fixation	n/a	230.3	82.3	691.0	n/a	n/a	n/a	n/a
13.987	0.024	saccade	n/a	229.8	84.2	n/a	334.2	73.2	4.19	372.0
14.013	0.188	fixation	n/a	331.3	75.1	715.0	n/a	n/a	n/a	n/a
14.203	0.022	saccade	n/a	331.7	74.4	n/a	410.5	79.0	3.18	266.0
14.227	0.244	fixation	n/a	401.8	76.7	731.0	n/a	n/a	n/a	n/a
14.473	0.024	saccade	n/a	402.2	77.4	n/a	493.6	82.8	3.68	290.0
14.499	0.252	fixation	n/a	491.0	82.9	724.0	n/a	n/a	n/a	n/a
14.753	0.05	saccade	n/a	490.3	81.1	n/a	142.4	136.7	13.96	448.0
14.805	0.232	fixation	n/a	157.4	137.9	684.0	n/a	n/a	n/a	n/a
15.039	0.024	saccade	n/a	159.0	138.1	n/a	249.4	143.8	3.58	296.0
15.065	0.184	fixation	n/a	247.3	141.9	687.0	n/a	n/a	n/a	n/a
15.251	0.022	saccade	n/a	246.7	140.7	n/a	332.7	142.4	3.44	266.0
15.275	0.176	fixation	n/a	328.2	139.0	675.0	n/a	n/a	n/a	n/a
15.29	0.0	trigger_11	11	n/a	n/a	n/a	n/a	n/a	n/a	n/a
15.298	0.0	trigger_12	12	n/a	n/a	n/a	n/a	n/a	n/a	n/a
15.453	0.022	saccade	n/a	326.9	138.5	n/a	398.5	136.5	2.88	258.0
15.477	0.138	fixation	n/a	396.2	138.0	673.0	n/a	n/a	n/a	n/a
15.617	0.024	saccade	n/a	396.3	139.9	n/a	511.5	142.1	4.63	367.0
15.643	0.238	fixation	n/a	500.7	138.2	666.0	n/a	n/a	n/a	n/a
15.883	0.022	saccade	n/a	502.5	140.1	n/a	593.6	150.8	3.65	312.0
15.907	0.154	fixation	n/a	587.3	149.8	651.0	n/a	n/a	n/a	n/a
16.063	0.048	saccade	n/a	586.4	151.0	n/a	170.1	206.4	16.54	548.0
16.113	0.204	fixation	n/a	174.2	207.1	652.0	n/a	n/a	n/a	n/a
16.319	0.038	saccade	n/a	176.9	207.2	n/a	120.1	108.1	4.55	156.0
16.359	0.29	fixation	n/a	134.1	76.0	648.0	n/a	n/a	n/a	n/a
16.651	0.022	saccade	n/a	142.3	82.2	n/a	234.7	81.5	3.64	322.0
16.675	0.526	fixation	n/a	232.7	81.7	690.0	n/a	n/a	n/a	n/a
17.203	0.02	saccade	n/a	233.2	84.4	n/a	172.7	81.4	2.39	217.0
17.225	0.276	fixation	n/a	177.9	81.2	702.0	n/a	n/a	n/a	n/a
17.503	0.018	saccade	n/a	179.2	80.9	n/a	138.3	84.1	1.61	152.0
17.523	0.092	fixation	n/a	144.5	83.4	722.0	n/a	n/a	n/a	n/a
17.617	0.03	saccade	n/a	144.4	82.9	n/a	301.3	83.3	6.21	396.0
17.649	0.254	fixation	n/a	296.4	77.1	751.0	n/a	n/a	n/a	n/a
17.905	0.024	saccade	n/a	297.6	75.2	n/a	381.5	77.3	3.38	284.0
17.931	0.24	fixation	n/a	375.4	75.0	734.0	n/a	n/a	n/a	n/a
18.173	0.024	saccade	n/a	372.0	73.3	n/a	272.1	78.4	4.02	311.0
18.199	0.246	fixation	n/a	272.8	75.8	715.0	n/a	n/a	n/a	n/a
18.447	0.026	saccade	n/a	270.3	75.3	n/a	383.4	70.4	4.55	336.0
18.475	0.192	fixation	n/a	379.0	70.6	717.0	n/a	n/a	n/a	n/a
18.669	0.038	saccade	n/a	379.3	70.3	n/a	512.7	77.6	5.37	384.0
18.709	0.256	fixation	n/a	520.7	78.8	712.0	n/a	n/a	n/a	n/a
18.967	0.028	saccade	n/a	520.4	78.2	n/a	385.2	72.0	5.44	358.0
18.997	0.296	fixation	n/a	395.0	71.2	693.0	n/a	n/a	n/a	n/a
19.295	0.02	saccade	n/a	396.1	70.4	n/a	330.5	73.8	2.64	213.0
19.317	0.268	fixation	n/a	334.4	73.9	698.0	n/a	n/a	n/a	n/a
19.587	0.024	saccade	n/a	334.2	77.8	n/a	241.4	78.4	3.71	284.0
19.613	0.152	fixation	n/a	234.3	78.1	696.0	n/a	n/a	n/a	n/a
19.767	0.02	saccade	n/a	236.6	77.7	n/a	171.3	82.1	2.59	218.0
19.789	0.228	fixation	n/a	172.1	77.2	685.0	n/a	n/a	n/a	n/a
20.019	0.012	saccade	n/a	170.9	75.4	n/a	147.9	76.8	0.9	97.0
20.033	0.492	fixation	n/a	152.7	78.9	682.0	n/a	n/a	n/a	n/a
20.466	0.0	trigger_13	13	n/a	n/a	n/a	n/a	n/a	n/a	n/a
20.527	0.03	saccade	n/a	154.4	81.2	n/a	312.3	75.1	6.26	367.0
20.559	0.274	fixation	n/a	307.9	74.6	697.0	n/a	n/a	n/a	n/a
20.835	0.02	saccade	n/a	306.1	74.3	n/a	381.5	73.0	3.03	258.0
20.857	0.176	fixation	n/a	377.1	73.1	695.0	n/a	n/a	n/a	n/a
21.035	0.026	saccade	n/a	377.6	75.0	n/a	289.0	74.5	3.56	277.0
21.063	0.178	fixation	n/a	297.1	76.1	699.0	n/a	n/a	n/a	n/a
21.243	0.026	saccade	n/a	296.2	77.0	n/a	406.9	76.4	4.45	316.0
21.271	0.12	fixation	n/a	399.8	75.4	708.0	n/a	n/a	n/a	n/a
21.393	0.026	saccade	n/a	399.9	75.4	n/a	514.8	79.7	4.62	342.0
21.421	0.212	fixation	n/a	511.2	77.6	706.0	n/a	n/a	n/a	n/a
21.635	0.022	saccade	n/a	510.2	77.0	n/a	560.9	76.0	2.02	216.0
21.659	0.102	fixation	n/a	555.5	77.5	687.0	n/a	n/a	n/a	n/a
21.763	0.03	saccade	n/a	556.0	77.8	n/a	381.7	70.4	6.99	428.0
21.795	0.22	fixation	n/a	384.6	70.3	686.0	n/a	n/a	n/a	n/a
22.017	0.022	saccade	n/a	386.9	71.5	n/a	307.8	79.0	3.2	263.0
22.041	0.248	fixation	n/a	314.1	77.2	701.0	n/a	n/a	n/a	n/a
22.291	0.034	saccade	n/a	311.0	75.6	n/a	146.1	73.6	6.53	316.0
22.327	0.416	fixation	n/a	160.4	75.0	700.0	n/a	n/a	n/a	n/a
22.33	0.0	trigger_15	15	n/a	n/a	n/a	n/a	n/a	n/a	n/a
22.334	0.0	trigger_10	10	n/a	n/a	n/a	n/a	n/a	n/a	n/a
22.745	0.026	saccade	n/a	156.2	75.1	n/a	288.3	72.7	5.23	349.0
22.773	0.154	fixation	n/a	285.7	74.8	733.0	n/a	n/a	n/a	n/a
22.929	0.036	saccade	n/a	283.8	73.7	n/a	429.6	74.7	5.86	394.0
22.967	0.16	fixation	n/a	433.7	72.1	733.0	n/a	n/a	n/a	n/a
23.129	0.026	saccade	n/a	432.2	70.5	n/a	551.0	80.3	4.78	351.0
23.157	0.138	fixation	n/a	543.8	79.0	733.0	n/a	n/a	n/a	n/a
23.297	0.022	saccade	n/a	542.5	80.1	n/a	620.7	83.5	3.1	231.0
23.321	0.198	fixation	n/a	609.3	82.8	732.0	n/a	n/a	n/a	n/a
23.521	0.02	saccade	n/a	608.8	82.0	n/a	571.7	78.7	1.47	177.0
23.543	0.156	fixation	n/a	574.4	79.2	724.0	n/a	n/a	n/a	n/a
23.701	0.03	saccade	n/a	572.5	80.3	n/a	465.1	179.9	5.9	373.0
23.733	0.15	fixation	n/a	468.5	182.4	718.0	n/a	n/a	n/a	n/a
23.885	0.022	saccade	n/a	472.6	185.0	n/a	373.4	192.4	4.0	313.0
23.909	0.176	fixation	n/a	357.2	199.8	733.0	n/a	n/a	n/a	n/a
24.087	0.022	saccade	n/a	356.6	201.4	n/a	293.4	203.9	2.54	211.0
24.111	0.416	fixation	n/a	299.0	205.0	719.0	n/a	n/a	n/a	n/a
24.529	0.04	saccade	n/a	303.3	208.7	n/a	163.9	90.7	7.3	363.0
24.571	0.506	fixation	n/a	168.7	83.6	635.0	n/a	n/a	n/a	n/a
25.079	0.02	saccade	n/a	171.6	86.2	n/a	229.2	82.0	2.28	220.0
25.101	0.154	fixation	n/a	227.6	83.4	667.0	n/a	n/a	n/a	n/a
25.257	0.018	saccade	n/a	228.3	84.1	n/a	278.9	77.5	2.03	188.0
25.277	0.196	fixation	n/a	275.6	80.9	687.0	n/a	n/a	n/a	n/a
25.475	0.028	saccade	n/a	276.7	79.6	n/a	169.4	81.5	4.25	318.0
25.505	0.218	fixation	n/a	180.8	83.5	681.0	n/a	n/a	n/a	n/a
25.725	0.016	saccade	n/a	179.2	82.9	n/a	145.3	85.4	1.33	133.0
25.743	0.154	fixation	n/a	150.2	83.0	688.0	n/a	n/a	n/a	n/a
25.899	0.032	saccade	n/a	151.3	84.3	n/a	254.7	78.7	4.09	358.0
25.933	0.34	fixation	n/a	262.3	80.7	731.0	n/a	n/a	n/a	n/a
26.21	0.0	trigger_11	11	n/a	n/a	n/a	n/a	n/a	n/a	n/a
26.216	0.0	trigger_10	10	n/a	n/a	n/a	n/a	n/a	n/a	n/a
26.275	0.012	saccade	n/a	263.6	92.9	n/a	240.5	94.6	0.92	82.0
26.289	0.266	fixation	n/a	221.1	85.0	731.0	n/a	n/a	n/a	n/a
26.557	0.544	saccade	n/a	216.6	81.8	n/a	228.1	32.7	2.04	444.0
26.633	0.446	blink	n/a	n/a	n/a	n/a	n/a	n/a	n/a	n/a
27.103	0.294	fixation	n/a	241.3	40.6	781.0	n/a	n/a	n/a	n/a
27.399	0.018	saccade	n/a	240.3	50.7	n/a	281.1	73.1	1.87	144.0
27.419	0.15	fixation	n/a	269.6	77.4	834.0	n/a	n/a	n/a	n/a
27.571	0.174	saccade	n/a	273.5	90.5	n/a	273.0	90.4	0.02	909.0
27.607	0.1	blink	n/a	n/a	n/a	n/a	n/a	n/a	n/a	n/a
27.747	0.676	fixation	n/a	268.7	77.8	726.0	n/a	n/a	n/a	n/a
28.425	0.026	saccade	n/a	273.7	77.2	n/a	168.0	70.1	4.2	268.0
28.453	0.116	fixation	n/a	173.0	70.1	679.0	n/a	n/a	n/a	n/a
28.571	0.02	saccade	n/a	173.7	68.6	n/a	129.0	70.4	1.75	181.0
28.593	0.21	fixation	n/a	135.3	72.2	666.0	n/a	n/a	n/a	n/a
28.805	0.022	saccade	n/a	137.5	75.1	n/a	216.6	74.3	3.11	279.0
28.829	0.312	fixation	n/a	210.9	69.7	658.0	n/a	n/a	n/a	n/a
29.143	0.02	saccade	n/a	209.7	69.1	n/a	144.7	71.5	2.56	224.0
29.165	0.366	fixation	n/a	144.6	74.0	656.0	n/a	n/a	n/a	n/a
29.533	0.022	saccade	n/a	145.5	75.8	n/a	220.1	71.6	2.94	298.0
29.557	0.216	fixation	n/a	214.7	73.9	665.0	n/a	n/a	n/a	n/a
29.775	0.024	saccade	n/a	214.9	75.6	n/a	300.7	73.2	3.43	262.0
29.801	0.246	fixation	n/a	295.6	73.0	703.0	n/a	n/a	n/a	n/a
30.049	0.02	saccade	n/a	296.7	76.3	n/a	379.0	78.4	3.31	286.0
30.071	0.294	fixation	n/a	372.4	77.0	712.0	n/a	n/a	n/a	n/a
30.367	0.02	saccade	n/a	371.4	78.7	n/a	441.3	82.1	2.82	243.0
30.389	0.236	fixation	n/a	433.6	77.2	686.0	n/a	n/a	n/a	n/a
30.627	0.024	saccade	n/a	433.1	75.2	n/a	342.4	72.8	3.65	289.0
30.653	0.38	fixation	n/a	349.6	73.0	660.0	n/a	n/a	n/a	n/a
31.035	0.014	saccade	n/a	350.8	74.9	n/a	381.5	70.9	1.25	118.0
31.051	0.128	fixation	n/a	379.4	74.5	667.0	n/a	n/a	n/a	n/a
31.181	0.022	saccade	n/a	378.1	73.9	n/a	459.1	76.1	3.26	287.0
31.205	0.24	fixation	n/a	447.6	74.2	671.0	n/a	n/a	n/a	n/a
31.447	0.022	saccade	n/a	445.3	74.7	n/a	535.6	80.8	3.64	305.0
31.471	0.276	fixation	n/a	527.7	77.8	675.0	n/a	n/a	n/a	n/a
31.749	0.012	saccade	n/a	528.5	76.9	n/a	504.9	76.7	0.94	95.0
31.763	0.39	fixation	n/a	506.7	75.2	678.0	n/a	n/a	n/a	n/a
32.155	0.03	saccade	n/a	505.3	72.3	n/a	567.8	76.7	2.5	267.0
32.187	0.266	fixation	n/a	571.4	76.2	677.0	n/a	n/a	n/a	n/a
32.455	0.024	saccade	n/a	571.4	76.1	n/a	587.3	76.7	0.63	127.0
32.481	0.118	fixation	n/a	594.2	76.2	673.0	n/a	n/a	n/a	n/a
32.601	0.054	saccade	n/a	595.3	76.7	n/a	162.3	133.9	17.2	533.0
32.657	0.216	fixation	n/a	174.2	139.2	693.0	n/a	n/a	n/a	n/a
32.875	0.014	saccade	n/a	174.5	142.8	n/a	144.4	146.0	1.19	116.0
32.891	0.262	fixation	n/a	150.5	146.2	694.0	n/a	n/a	n/a	n/a
33.155	0.02	saccade	n/a	151.1	147.3	n/a	221.5	148.0	2.77	242.0
33.177	0.33	fixation	n/a	209.8	148.6	696.0	n/a	n/a	n/a	n/a
33.509	0.02	saccade	n/a	208.1	148.2	n/a	250.6	148.5	1.69	187.0
33.531	0.216	fixation	n/a	246.6	147.0	688.0	n/a	n/a	n/a	n/a
33.749	0.032	saccade	n/a	247.0	150.4	n/a	140.3	155.0	4.2	255.0
33.783	0.266	fixation	n/a	153.8	151.4	664.0	n/a	n/a	n/a	n/a
34.051	0.026	saccade	n/a	156.9	150.7	n/a	285.0	141.3	5.09	395.0
34.079	0.168	fixation	n/a	279.4	143.3	666.0	n/a	n/a	n/a	n/a
34.249	0.016	saccade	n/a	278.8	143.0	n/a	243.2	143.3	1.42	136.0
34.267	0.108	fixation	n/a	249.7	145.5	673.0	n/a	n/a	n/a	n/a
34.377	0.024	saccade	n/a	249.9	148.2	n/a	339.2	141.9	3.58	302.0
34.403	0.18	fixation	n/a	333.6	140.5	676.0	n/a	n/a	n/a	n/a
34.585	0.022	saccade	n/a	332.0	137.8	n/a	379.9	140.3	1.93	202.0
34.609	0.364	fixation	n/a	379.3	140.2	652.0	n/a	n/a	n/a	n/a
34.975	0.014	saccade	n/a	379.0	140.6	n/a	358.4	139.9	0.83	92.0
34.991	0.124	fixation	n/a	362.6	139.7	637.0	n/a	n/a	n/a	n/a
35.117	0.038	saccade	n/a	365.6	143.9	n/a	156.4	143.4	8.32	397.0
35.157	0.268	fixation	n/a	169.9	143.1	636.0	n/a	n/a	n/a	n/a
35.427	0.02	saccade	n/a	170.9	141.6	n/a	134.5	144.5	1.43	148.0
35.449	0.218	fixation	n/a	142.1	146.2	645.0	n/a	n/a	n/a	n/a
35.669	0.01	saccade	n/a	143.5	148.4	n/a	163.7	146.5	0.79	86.0
35.681	0.14	fixation	n/a	166.3	148.3	654.0	n/a	n/a	n/a	n/a
35.823	0.028	saccade	n/a	166.0	149.2	n/a	217.3	147.5	2.02	240.0
35.853	0.23	fixation	n/a	223.2	146.1	658.0	n/a	n/a	n/a	n/a
36.085	0.024	saccade	n/a	224.5	147.1	n/a	311.8	140.9	3.49	303.0
36.111	0.382	fixation	n/a	309.1	140.0	647.0	n/a	n/a	n/a	n/a
36.495	0.022	saccade	n/a	310.0	141.2	n/a	382.1	142.5	2.9	267.0
36.519	0.454	fixation	n/a	371.6	140.4	621.0	n/a	n/a	n/a	n/a
36.975	0.022	saccade	n/a	370.8	141.6	n/a	438.5	143.0	2.73	223.0
36.999	0.416	fixation	n/a	435.8	144.7	616.0	n/a	n/a	n/a	n/a
37.417	0.024	saccade	n/a	435.9	145.1	n/a	355.1	139.8	3.27	283.0
37.443	0.312	fixation	n/a	366.5	140.1	602.0	n/a	n/a	n/a	n/a
37.757	0.032	saccade	n/a	368.2	142.5	n/a	483.9	138.9	4.66	265.0
37.791	0.134	fixation	n/a	480.9	138.4	615.0	n/a	n/a	n/a	n/a
37.927	0.022	saccade	n/a	481.3	140.2	n/a	543.9	140.9	2.5	214.0
37.951	0.214	fixation	n/a	543.5	142.4	608.0	n/a	n/a	n/a	n/a
38.167	0.054	saccade	n/a	544.6	147.2	n/a	162.3	204.2	15.26	470.0
38.223	0.298	fixation	n/a	177.7	209.7	623.0	n/a	n/a	n/a	n/a
38.523	0.022	saccade	n/a	180.7	213.5	n/a	260.1	205.9	3.15	292.0
38.547	0.24	fixation	n/a	259.9	209.5	641.0	n/a	n/a	n/a	n/a
38.789	0.022	saccade	n/a	260.5	211.1	n/a	193.0	210.7	2.67	213.0
38.813	0.53	fixation	n/a	201.7	211.7	643.0	n/a	n/a	n/a	n/a
39.345	0.026	saccade	n/a	201.2	212.7	n/a	305.5	204.7	4.15	295.0
39.373	0.138	fixation	n/a	301.2	206.6	650.0	n/a	n/a	n/a	n/a
39.513	0.02	saccade	n/a	302.8	206.3	n/a	345.9	203.3	1.73	139.0
39.535	0.178	fixation	n/a	346.5	202.7	648.0	n/a	n/a	n/a	n/a
39.715	0.016	saccade	n/a	348.3	205.0	n/a	392.2	199.7	1.78	168.0
39.733	0.384	fixation	n/a	387.1	201.3	640.0	n/a	n/a	n/a	n/a
40.119	0.022	saccade	n/a	386.6	201.0	n/a	322.7	146.5	3.39	305.0
40.143	0.166	fixation	n/a	321.7	147.5	628.0	n/a	n/a	n/a	n/a
40.311	0.04	saccade	n/a	323.4	146.9	n/a	198.2	76.7	5.75	302.0
40.353	0.232	fixation	n/a	186.3	74.1	613.0	n/a	n/a	n/a	n/a
40.412	0.0	trigger_11	11	n/a	n/a	n/a	n/a	n/a	n/a	n/a
40.414	0.0	trigger_10	10	n/a	n/a	n/a	n/a	n/a	n/a	n/a
40.587	0.02	saccade	n/a	183.9	76.4	n/a	132.2	71.0	2.04	149.0
40.609	0.232	fixation	n/a	143.5	72.8	622.0	n/a	n/a	n/a	n/a
40.843	0.02	saccade	n/a	144.1	72.5	n/a	199.2	74.5	2.17	207.0
40.865	0.422	fixation	n/a	195.0	74.0	645.0	n/a	n/a	n/a	n/a
41.289	0.026	saccade	n/a	194.0	73.9	n/a	303.6	69.7	4.37	324.0
41.317	0.192	fixation	n/a	303.0	68.8	650.0	n/a	n/a	n/a	n/a
41.511	0.026	saccade	n/a	303.5	69.4	n/a	390.8	68.8	3.51	241.0
41.539	0.176	fixation	n/a	384.6	68.1	643.0	n/a	n/a	n/a	n/a
41.717	0.026	saccade	n/a	384.0	67.4	n/a	285.9	71.7	3.94	298.0
41.745	0.202	fixation	n/a	289.8	73.5	633.0	n/a	n/a	n/a	n/a
41.949	0.018	saccade	n/a	289.1	73.8	n/a	248.6	72.6	1.62	152.0
41.969	0.164	fixation	n/a	253.3	73.7	629.0	n/a	n/a	n/a	n/a
42.135	0.038	saccade	n/a	252.7	78.7	n/a	429.3	72.8	7.08	389.0
42.175	0.202	fixation	n/a	427.1	71.1	649.0	n/a	n/a	n/a	n/a
42.379	0.044	saccade	n/a	428.2	69.8	n/a	141.9	73.6	11.36	425.0
42.425	0.28	fixation	n/a	152.4	73.5	635.0	n/a	n/a	n/a	n/a
42.707	0.022	saccade	n/a	153.2	73.4	n/a	232.3	73.0	3.11	254.0
42.731	0.39	fixation	n/a	219.1	72.4	645.0	n/a	n/a	n/a	n/a
43.123	0.022	saccade	n/a	218.6	72.2	n/a	288.0	74.4	2.77	224.0
43.147	0.224	fixation	n/a	277.6	71.0	648.0	n/a	n/a	n/a	n/a
43.373	0.02	saccade	n/a	275.8	68.9	n/a	336.7	71.0	2.44	217.0
43.395	0.202	fixation	n/a	331.6	72.4	657.0	n/a	n/a	n/a	n/a
43.599	0.018	saccade	n/a	331.5	71.0	n/a	375.7	71.1	1.78	163.0
43.619	0.176	fixation	n/a	373.1	69.9	650.0	n/a	n/a	n/a	n/a
43.797	0.024	saccade	n/a	372.8	68.6	n/a	485.0	76.8	4.53	360.0
43.823	0.238	fixation	n/a	475.0	75.3	652.0	n/a	n/a	n/a	n/a
44.063	0.022	saccade	n/a	474.7	76.2	n/a	548.0	83.2	2.95	248.0
44.087	0.144	fixation	n/a	539.5	81.5	649.0	n/a	n/a	n/a	n/a
44.233	0.026	saccade	n/a	537.4	79.9	n/a	404.4	68.1	5.35	391.0
44.261	0.378	fixation	n/a	414.1	70.9	663.0	n/a	n/a	n/a	n/a
44.641	0.016	saccade	n/a	413.3	73.0	n/a	377.1	77.9	1.47	140.0
44.659	0.102	fixation	n/a	379.7	75.1	684.0	n/a	n/a	n/a	n/a
44.763	0.024	saccade	n/a	378.3	73.5	n/a	458.7	81.2	3.25	304.0
44.789	0.15	fixation	n/a	453.1	76.8	690.0	n/a	n/a	n/a	n/a
44.941	0.024	saccade	n/a	453.0	77.3	n/a	549.1	79.9	3.85	322.0
44.967	0.134	fixation	n/a	544.6	79.8	685.0	n/a	n/a	n/a	n/a
45.103	0.034	saccade	n/a	546.4	79.1	n/a	360.2	72.4	7.47	444.0
45.139	0.138	fixation	n/a	367.4	69.4	675.0	n/a	n/a	n/a	n/a
45.279	0.02	saccade	n/a	370.8	69.1	n/a	431.4	73.7	2.45	228.0
45.301	0.212	fixation	n/a	428.6	72.6	673.0	n/a	n/a	n/a	n/a
45.515	0.032	saccade	n/a	428.4	72.9	n/a	531.8	82.7	4.17	240.0
45.549	0.158	fixation	n/a	526.5	79.4	684.0	n/a	n/a	n/a	n/a
45.709	0.052	saccade	n/a	525.5	78.5	n/a	159.5	144.0	14.74	467.0
45.763	0.314	fixation	n/a	169.7	143.7	681.0	n/a	n/a	n/a	n/a
46.079	0.024	saccade	n/a	172.0	143.2	n/a	263.1	146.3	3.6	292.0
46.105	0.338	fixation	n/a	259.1	143.1	668.0	n/a	n/a	n/a	n/a
46.445	0.028	saccade	n/a	261.1	140.4	n/a	155.6	150.0	4.18	268.0
46.475	0.186	fixation	n/a	163.6	149.3	658.0	n/a	n/a	n/a	n/a
46.663	0.174	saccade	n/a	164.5	152.5	n/a	244.7	89.1	4.08	757.0
46.727	0.078	blink	n/a	n/a	n/a	n/a	n/a	n/a	n/a	n/a
46.839	0.176	fixation	n/a	242.9	69.8	643.0	n/a	n/a	n/a	n/a
47.017	0.132	saccade	n/a	246.8	77.6	n/a	271.8	76.1	1.0	837.0
47.043	0.078	blink	n/a	n/a	n/a	n/a	n/a	n/a	n/a	n/a
47.151	0.132	fixation	n/a	266.2	67.3	633.0	n/a	n/a	n/a	n/a
47.285	0.026	saccade	n/a	263.7	66.7	n/a	164.7	69.6	3.91	288.0
47.313	0.184	fixation	n/a	176.0	67.0	618.0	n/a	n/a	n/a	n/a
47.499	0.026	saccade	n/a	176.0	66.8	n/a	281.9	66.3	4.2	305.0
47.527	0.182	fixation	n/a	278.0	67.8	622.0	n/a	n/a	n/a	n/a
47.711	0.024	saccade	n/a	278.8	70.8	n/a	385.9	65.8	4.31	327.0
47.737	0.302	fixation	n/a	377.3	64.6	604.0	n/a	n/a	n/a	n/a
48.041	0.02	saccade	n/a	378.7	66.7	n/a	444.8	67.8	2.66	216.0
48.063	0.608	fixation	n/a	436.0	68.9	600.0	n/a	n/a	n/a	n/a
48.068	0.0	trigger_11	11	n/a	n/a	n/a	n/a	n/a	n/a	n/a
48.072	0.0	trigger_10	10	n/a	n/a	n/a	n/a	n/a	n/a	n/a
48.673	0.032	saccade	n/a	433.8	68.5	n/a	495.1	75.8	2.48	277.0
48.707	0.152	fixation	n/a	499.6	77.3	618.0	n/a	n/a	n/a	n/a
48.861	0.022	saccade	n/a	499.1	78.7	n/a	557.8	84.0	2.36	236.0
48.885	0.136	fixation	n/a	549.3	81.7	629.0	n/a	n/a	n/a	n/a
49.023	0.054	saccade	n/a	548.9	82.2	n/a	167.9	160.3	15.39	500.0
49.079	0.132	fixation	n/a	188.8	158.9	654.0	n/a	n/a	n/a	n/a
49.213	0.022	saccade	n/a	194.8	159.5	n/a	141.3	154.6	2.11	203.0
49.237	0.226	fixation	n/a	150.3	157.3	667.0	n/a	n/a	n/a	n/a
49.465	0.024	saccade	n/a	152.2	160.4	n/a	245.2	148.7	3.7	313.0
49.491	0.314	fixation	n/a	243.7	150.3	691.0	n/a	n/a	n/a	n/a
49.807	0.03	saccade	n/a	243.1	150.2	n/a	291.9	148.6	1.95	224.0
49.839	0.17	fixation	n/a	295.0	147.7	694.0	n/a	n/a	n/a	n/a
50.011	0.032	saccade	n/a	292.9	146.5	n/a	161.1	152.5	5.23	318.0
50.045	0.24	fixation	n/a	172.1	151.8	679.0	n/a	n/a	n/a	n/a
50.287	0.024	saccade	n/a	173.1	151.2	n/a	139.0	72.6	3.43	268.0
50.313	0.182	fixation	n/a	149.1	80.7	688.0	n/a	n/a	n/a	n/a
50.497	0.02	saccade	n/a	151.6	85.7	n/a	219.4	84.0	2.67	250.0
50.519	0.232	fixation	n/a	216.1	85.3	702.0	n/a	n/a	n/a	n/a
50.753	0.022	saccade	n/a	218.3	86.6	n/a	298.3	85.2	3.19	286.0
50.777	0.256	fixation	n/a	289.6	84.0	702.0	n/a	n/a	n/a	n/a
51.035	0.024	saccade	n/a	289.7	83.5	n/a	194.2	81.1	3.8	270.0
51.061	0.078	fixation	n/a	192.8	83.9	691.0	n/a	n/a	n/a	n/a
51.141	0.028	saccade	n/a	193.8	84.7	n/a	143.4	77.4	2.0	215.0
51.171	0.118	fixation	n/a	143.9	80.5	682.0	n/a	n/a	n/a	n/a
51.291	0.03	saccade	n/a	145.1	81.2	n/a	297.8	77.9	6.05	414.0
51.323	0.21	fixation	n/a	295.3	80.8	721.0	n/a	n/a	n/a	n/a
51.535	0.032	saccade	n/a	296.2	79.5	n/a	348.9	79.6	2.11	255.0
51.569	0.324	fixation	n/a	355.7	78.3	753.0	n/a	n/a	n/a	n/a
51.895	0.034	saccade	n/a	353.4	78.2	n/a	445.9	81.1	3.73	340.0
51.931	0.294	fixation	n/a	450.0	79.5	767.0	n/a	n/a	n/a	n/a
52.227	0.022	saccade	n/a	448.8	77.2	n/a	520.1	79.4	2.86	250.0
52.251	0.154	fixation	n/a	513.2	80.1	780.0	n/a	n/a	n/a	n/a
52.407	0.022	saccade	n/a	514.1	81.6	n/a	571.8	88.5	2.32	223.0
52.431	0.2	fixation	n/a	565.4	87.1	766.0	n/a	n/a	n/a	n/a
52.633	0.024	saccade	n/a	563.6	91.7	n/a	638.2	91.0	2.95	231.0
52.659	0.084	fixation	n/a	628.7	91.8	749.0	n/a	n/a	n/a	n/a
52.745	0.052	saccade	n/a	629.8	93.7	n/a	167.1	154.4	18.31	574.0
52.799	0.18	fixation	n/a	175.6	157.4	752.0	n/a	n/a	n/a	n/a
52.981	0.022	saccade	n/a	177.0	157.5	n/a	240.1	152.9	2.51	224.0
53.005	0.29	fixation	n/a	235.2	150.3	771.0	n/a	n/a	n/a	n/a
53.297	0.022	saccade	n/a	234.4	150.8	n/a	286.2	146.8	2.07	216.0
53.321	0.458	fixation	n/a	282.1	153.2	768.0	n/a	n/a	n/a	n/a
53.781	0.022	saccade	n/a	276.0	155.5	n/a	343.8	149.7	2.73	230.0
53.805	0.18	fixation	n/a	332.8	152.0	772.0	n/a	n/a	n/a	n/a
53.987	0.036	saccade	n/a	334.4	155.3	n/a	208.7	158.8	5.01	332.0
54.025	0.206	fixation	n/a	222.1	160.4	751.0	n/a	n/a	n/a	n/a
54.233	0.022	saccade	n/a	222.8	157.2	n/a	218.7	89.3	2.75	222.0
54.257	0.296	fixation	n/a	221.7	84.0	746.0	n/a	n/a	n/a	n/a
54.555	0.02	saccade	n/a	223.2	86.0	n/a	179.6	85.5	1.72	165.0
54.577	0.152	fixation	n/a	187.0	85.4	750.0	n/a	n/a	n/a	n/a
54.731	0.024	saccade	n/a	188.2	87.8	n/a	286.7	88.6	3.91	331.0
54.757	0.184	fixation	n/a	285.8	88.7	736.0	n/a	n/a	n/a	n/a
54.943	0.022	saccade	n/a	285.4	89.2	n/a	371.2	86.0	3.45	274.0
54.967	0.368	fixation	n/a	364.3	84.9	731.0	n/a	n/a	n/a	n/a
55.337	0.026	saccade	n/a	364.5	83.7	n/a	457.6	78.3	3.75	290.0
55.365	0.216	fixation	n/a	453.3	75.9	700.0	n/a	n/a	n/a	n/a
55.396	0.0	trigger_11	11	n/a	n/a	n/a	n/a	n/a	n/a	n/a
55.4	0.0	trigger_10	10	n/a	n/a	n/a	n/a	n/a	n/a	n/a
55.583	0.028	saccade	n/a	451.9	75.8	n/a	574.8	82.0	4.91	314.0
55.613	0.266	fixation	n/a	572.2	79.8	685.0	n/a	n/a	n/a	n/a
55.881	0.02	saccade	n/a	571.2	82.0	n/a	632.2	85.9	2.41	219.0
55.903	0.094	fixation	n/a	626.1	84.3	680.0	n/a	n/a	n/a	n/a
55.999	0.05	saccade	n/a	626.9	83.2	n/a	207.2	139.4	16.68	531.0
56.051	0.206	fixation	n/a	212.6	140.7	689.0	n/a	n/a	n/a	n/a
56.259	0.02	saccade	n/a	214.1	144.1	n/a	152.1	153.7	2.47	224.0
56.281	0.272	fixation	n/a	154.1	153.8	702.0	n/a	n/a	n/a	n/a
56.555	0.026	saccade	n/a	154.6	155.1	n/a	284.2	147.6	5.13	360.0
56.583	0.286	fixation	n/a	275.9	149.3	724.0	n/a	n/a	n/a	n/a
56.871	0.02	saccade	n/a	273.3	151.6	n/a	333.0	145.7	2.4	232.0
56.893	0.138	fixation	n/a	325.8	143.6	729.0	n/a	n/a	n/a	n/a
57.033	0.036	saccade	n/a	326.3	143.4	n/a	183.4	76.6	6.3	371.0
57.071	0.242	fixation	n/a	190.2	84.9	711.0	n/a	n/a	n/a	n/a
57.315	0.022	saccade	n/a	190.6	89.2	n/a	144.5	78.4	1.86	198.0
57.339	0.31	fixation	n/a	150.0	78.0	710.0	n/a	n/a	n/a	n/a
57.651	0.024	saccade	n/a	147.8	77.9	n/a	257.6	85.3	4.34	349.0
57.677	0.194	fixation	n/a	256.9	83.2	726.0	n/a	n/a	n/a	n/a
57.873	0.024	saccade	n/a	256.7	84.3	n/a	351.0	85.7	3.78	305.0
57.899	0.194	fixation	n/a	341.7	82.6	727.0	n/a	n/a	n/a	n/a
58.095	0.026	saccade	n/a	341.5	80.1	n/a	242.2	79.0	3.97	310.0
58.123	0.218	fixation	n/a	250.1	82.4	692.0	n/a	n/a	n/a	n/a
58.343	0.022	saccade	n/a	251.6	81.6	n/a	316.1	81.4	2.58	262.0
58.367	0.264	fixation	n/a	312.3	80.2	691.0	n/a	n/a	n/a	n/a
58.633	0.026	saccade	n/a	311.3	81.7	n/a	201.7	79.4	4.37	316.0
58.661	0.258	fixation	n/a	205.6	79.5	679.0	n/a	n/a	n/a	n/a
58.921	0.032	saccade	n/a	206.6	81.2	n/a	404.3	71.9	7.9	455.0
58.955	0.218	fixation	n/a	401.4	72.6	691.0	n/a	n/a	n/a	n/a
59.175	0.038	saccade	n/a	402.4	71.8	n/a	182.9	65.5	8.75	394.0
59.215	0.134	fixation	n/a	194.1	69.6	673.0	n/a	n/a	n/a	n/a
59.351	0.02	saccade	n/a	197.4	71.5	n/a	148.6	72.2	1.92	180.0
59.373	0.162	fixation	n/a	153.5	71.9	678.0	n/a	n/a	n/a	n/a
59.537	0.004	saccade	n/a	151.7	73.3	n/a	144.3	73.3	0.29	64.0
59.543	0.25	fixation	n/a	145.3	72.6	704.0	n/a	n/a	n/a	n/a
59.795	0.03	saccade	n/a	146.7	72.7	n/a	213.6	76.8	2.64	284.0
59.827	0.156	fixation	n/a	220.3	75.0	715.0	n/a	n/a	n/a	n/a
59.985	0.032	saccade	n/a	218.2	75.6	n/a	286.2	77.4	2.71	271.0
60.019	0.112	fixation	n/a	291.2	76.6	718.0	n/a	n/a	n/a	n/a
60.133	0.022	saccade	n/a	290.0	77.4	n/a	380.0	73.6	3.62	285.0
60.157	0.152	fixation	n/a	371.6	71.4	718.0	n/a	n/a	n/a	n/a
60.311	0.026	saccade	n/a	369.3	69.2	n/a	480.2	71.9	4.46	364.0
60.339	0.256	fixation	n/a	470.3	71.7	715.0	n/a	n/a	n/a	n/a
60.597	0.05	saccade	n/a	473.5	77.4	n/a	163.8	136.3	12.52	440.0
60.649	0.224	fixation	n/a	175.8	137.8	701.0	n/a	n/a	n/a	n/a
60.875	0.012	saccade	n/a	175.0	139.2	n/a	154.7	147.2	0.86	83.0
60.878	0.0	trigger_11	11	n/a	n/a	n/a	n/a	n/a	n/a	n/a
60.88	0.0	trigger_10	10	n/a	n/a	n/a	n/a	n/a	n/a	n/a
60.889	0.264	fixation	n/a	152.7	146.7	703.0	n/a	n/a	n/a	n/a
61.155	0.024	saccade	n/a	153.9	147.8	n/a	259.7	141.5	4.18	336.0
61.181	0.528	fixation	n/a	254.1	146.3	711.0	n/a	n/a	n/a	n/a
61.711	0.012	saccade	n/a	254.1	149.0	n/a	230.5	152.9	0.95	91.0
61.725	0.09	fixation	n/a	234.4	153.8	715.0	n/a	n/a	n/a	n/a
61.817	0.036	saccade	n/a	235.1	153.9	n/a	369.4	140.4	5.4	422.0
61.855	0.26	fixation	n/a	378.9	141.5	731.0	n/a	n/a	n/a	n/a
62.117	0.016	saccade	n/a	378.3	138.0	n/a	347.3	139.3	1.25	131.0
62.135	0.266	fixation	n/a	351.0	139.8	723.0	n/a	n/a	n/a	n/a
62.403	0.018	saccade	n/a	350.4	138.4	n/a	376.0	135.9	1.04	115.0
62.423	0.182	fixation	n/a	371.1	140.2	717.0	n/a	n/a	n/a	n/a
62.607	0.066	saccade	n/a	373.4	144.8	n/a	223.5	83.8	6.49	152.0
62.675	0.032	fixation	n/a	234.7	74.1	693.0	n/a	n/a	n/a	n/a
62.709	0.016	saccade	n/a	234.2	70.0	n/a	218.5	69.8	0.62	73.0
62.727	0.396	fixation	n/a	208.1	66.0	699.0	n/a	n/a	n/a	n/a
63.125	0.02	saccade	n/a	208.6	68.7	n/a	175.1	68.9	1.32	132.0
63.147	0.11	fixation	n/a	181.2	68.9	728.0	n/a	n/a	n/a	n/a
63.259	0.03	saccade	n/a	181.9	69.0	n/a	259.3	70.7	3.07	320.0
63.291	0.314	fixation	n/a	263.5	71.0	741.0	n/a	n/a	n/a	n/a
63.607	0.028	saccade	n/a	263.9	71.8	n/a	346.9	73.4	3.33	348.0
63.637	0.16	fixation	n/a	350.8	72.8	737.0	n/a	n/a	n/a	n/a
63.799	0.018	saccade	n/a	350.2	73.2	n/a	399.2	78.1	1.98	184.0
63.819	0.224	fixation	n/a	392.9	77.0	737.0	n/a	n/a	n/a	n/a
64.045	0.024	saccade	n/a	391.7	77.8	n/a	480.0	83.4	3.56	278.0
64.071	0.26	fixation	n/a	470.6	81.2	731.0	n/a	n/a	n/a	n/a
64.333	0.044	saccade	n/a	472.3	82.6	n/a	170.4	134.2	12.16	464.0
64.379	0.216	fixation	n/a	174.0	134.8	716.0	n/a	n/a	n/a	n/a
64.597	0.014	saccade	n/a	175.3	137.7	n/a	148.5	148.7	1.14	100.0
64.613	0.19	fixation	n/a	151.0	146.6	736.0	n/a	n/a	n/a	n/a
64.694	0.0	trigger_11	11	n/a	n/a	n/a	n/a	n/a	n/a	n/a
64.702	0.0	trigger_10	10	n/a	n/a	n/a	n/a	n/a	n/a	n/a
64.805	0.028	saccade	n/a	151.8	146.8	n/a	220.3	85.6	3.66	236.0
64.835	0.406	fixation	n/a	214.6	81.4	781.0	n/a	n/a	n/a	n/a
65.243	0.016	saccade	n/a	213.6	79.3	n/a	178.9	81.9	1.38	121.0
65.261	0.088	fixation	n/a	183.3	82.5	770.0	n/a	n/a	n/a	n/a
65.351	0.028	saccade	n/a	185.4	83.9	n/a	308.0	68.0	4.92	372.0
65.381	0.162	fixation	n/a	301.3	68.0	746.0	n/a	n/a	n/a	n/a
65.545	0.03	saccade	n/a	300.8	68.2	n/a	395.9	75.6	3.84	328.0
65.577	0.186	fixation	n/a	400.1	75.9	740.0	n/a	n/a	n/a	n/a
65.765	0.024	saccade	n/a	400.1	77.4	n/a	488.6	81.0	3.56	328.0
65.791	0.352	fixation	n/a	482.6	80.4	722.0	n/a	n/a	n/a	n/a
66.145	0.046	saccade	n/a	483.0	78.8	n/a	169.3	121.3	12.57	429.0
66.193	0.164	fixation	n/a	175.6	121.9	708.0	n/a	n/a	n/a	n/a
66.359	0.014	saccade	n/a	173.6	126.0	n/a	151.1	140.3	1.05	99.0
66.375	0.14	fixation	n/a	152.2	138.8	703.0	n/a	n/a	n/a	n/a
66.517	0.022	saccade	n/a	153.7	137.0	n/a	189.9	85.0	2.54	192.0
66.541	0.37	fixation	n/a	192.5	84.9	742.0	n/a	n/a	n/a	n/a
66.913	0.02	saccade	n/a	192.2	84.1	n/a	131.0	79.0	2.41	195.0
66.935	0.22	fixation	n/a	138.4	76.9	757.0	n/a	n/a	n/a	n/a
67.157	0.024	saccade	n/a	138.4	78.2	n/a	244.6	68.6	4.2	369.0
67.183	0.21	fixation	n/a	250.3	70.4	767.0	n/a	n/a	n/a	n/a
67.395	0.024	saccade	n/a	250.7	72.1	n/a	144.0	79.3	4.22	349.0
67.421	0.274	fixation	n/a	151.8	75.9	738.0	n/a	n/a	n/a	n/a
67.697	0.026	saccade	n/a	150.5	76.5	n/a	275.5	77.6	4.94	378.0
67.725	0.228	fixation	n/a	270.6	78.5	718.0	n/a	n/a	n/a	n/a
67.955	0.022	saccade	n/a	271.8	80.7	n/a	351.5	73.4	3.21	274.0
67.979	0.152	fixation	n/a	346.8	74.3	707.0	n/a	n/a	n/a	n/a
68.133	0.022	saccade	n/a	349.4	76.2	n/a	432.9	76.3	3.36	282.0
68.157	0.144	fixation	n/a	426.5	74.4	700.0	n/a	n/a	n/a	n/a
68.303	0.022	saccade	n/a	424.8	72.3	n/a	508.5	75.7	3.36	274.0
68.327	0.14	fixation	n/a	500.5	77.6	702.0	n/a	n/a	n/a	n/a
68.469	0.044	saccade	n/a	503.3	76.7	n/a	212.0	77.3	11.58	509.0
68.515	0.288	fixation	n/a	226.2	77.2	696.0	n/a	n/a	n/a	n/a
68.805	0.018	saccade	n/a	226.8	78.6	n/a	182.5	82.4	1.76	173.0
68.825	0.816	fixation	n/a	185.6	83.0	721.0	n/a	n/a	n/a	n/a
69.643	0.022	saccade	n/a	183.8	84.5	n/a	246.5	78.1	2.5	230.0
69.667	0.174	fixation	n/a	243.4	79.7	733.0	n/a	n/a	n/a	n/a
69.843	0.022	saccade	n/a	244.9	80.3	n/a	307.4	75.8	2.51	293.0
69.867	0.386	fixation	n/a	305.6	75.5	747.0	n/a	n/a	n/a	n/a
70.255	0.022	saccade	n/a	304.0	75.6	n/a	356.6	81.2	2.13	199.0
70.279	0.204	fixation	n/a	351.2	80.2	764.0	n/a	n/a	n/a	n/a
70.485	0.024	saccade	n/a	354.5	78.9	n/a	452.6	84.9	3.96	318.0
70.511	0.166	fixation	n/a	443.5	85.3	751.0	n/a	n/a	n/a	n/a
70.679	0.022	saccade	n/a	446.3	83.6	n/a	385.2	84.1	2.46	246.0
70.703	0.276	fixation	n/a	387.5	83.7	735.0	n/a	n/a	n/a	n/a
70.981	0.018	saccade	n/a	382.7	79.9	n/a	337.3	80.0	1.83	169.0
71.001	0.114	fixation	n/a	340.7	80.3	728.0	n/a	n/a	n/a	n/a
71.117	0.022	saccade	n/a	344.7	90.3	n/a	281.6	91.7	2.53	186.0
71.141	0.27	fixation	n/a	278.0	72.3	739.0	n/a	n/a	n/a	n/a
71.413	0.026	saccade	n/a	275.2	67.5	n/a	176.3	74.8	3.94	298.0
71.441	0.348	fixation	n/a	184.6	76.8	750.0	n/a	n/a	n/a	n/a
71.791	0.02	saccade	n/a	188.5	78.3	n/a	245.9	77.4	2.27	213.0
71.813	0.168	fixation	n/a	240.6	78.1	751.0	n/a	n/a	n/a	n/a
71.983	0.02	saccade	n/a	239.7	76.6	n/a	299.5	69.5	2.41	223.0
72.005	0.28	fixation	n/a	291.7	70.3	750.0	n/a	n/a	n/a	n/a
72.287	0.022	saccade	n/a	292.1	72.4	n/a	334.3	77.3	1.7	195.0
72.311	0.2	fixation	n/a	331.5	75.4	748.0	n/a	n/a	n/a	n/a
72.513	0.028	saccade	n/a	331.9	75.4	n/a	391.1	76.3	2.38	274.0
72.543	0.274	fixation	n/a	395.8	75.2	749.0	n/a	n/a	n/a	n/a
72.819	0.018	saccade	n/a	398.6	77.1	n/a	429.1	79.5	1.23	143.0
72.839	0.324	fixation	n/a	425.5	79.8	740.0	n/a	n/a	n/a	n/a
73.165	0.006	saccade	n/a	422.7	80.7	n/a	412.5	77.8	0.43	62.0
73.173	0.12	fixation	n/a	411.4	78.3	736.0	n/a	n/a	n/a	n/a
73.295	0.022	saccade	n/a	411.3	80.4	n/a	472.9	80.1	2.48	232.0
73.319	0.136	fixation	n/a	465.3	79.4	728.0	n/a	n/a	n/a	n/a
73.457	0.02	saccade	n/a	466.7	82.0	n/a	534.7	82.7	2.73	234.0
73.479	0.146	fixation	n/a	529.3	78.3	719.0	n/a	n/a	n/a	n/a
73.627	0.044	saccade	n/a	530.4	79.1	n/a	174.6	133.3	14.29	530.0
73.673	0.29	fixation	n/a	178.9	135.3	727.0	n/a	n/a	n/a	n/a
73.965	0.02	saccade	n/a	179.3	137.0	n/a	261.0	134.2	3.24	297.0
73.987	0.202	fixation	n/a	255.0	135.7	741.0	n/a	n/a	n/a	n/a
74.191	0.024	saccade	n/a	257.3	138.6	n/a	319.4	136.9	2.48	253.0
74.217	0.212	fixation	n/a	316.3	134.6	739.0	n/a	n/a	n/a	n/a
74.431	0.022	saccade	n/a	316.7	133.5	n/a	396.6	139.3	3.22	279.0
74.455	0.244	fixation	n/a	388.8	137.6	725.0	n/a	n/a	n/a	n/a
74.701	0.024	saccade	n/a	389.5	140.3	n/a	481.2	141.5	3.69	285.0
74.727	0.182	fixation	n/a	472.7	138.5	700.0	n/a	n/a	n/a	n/a
74.911	0.026	saccade	n/a	474.4	139.7	n/a	580.1	146.1	4.23	308.0
74.939	0.272	fixation	n/a	573.4	145.5	686.0	n/a	n/a	n/a	n/a
75.213	0.024	saccade	n/a	570.7	146.2	n/a	654.9	149.2	3.32	230.0
75.239	0.294	fixation	n/a	647.2	147.8	666.0	n/a	n/a	n/a	n/a
75.535	0.058	saccade	n/a	649.6	146.5	n/a	160.8	197.6	19.2	562.0
75.595	0.216	fixation	n/a	171.2	198.1	678.0	n/a	n/a	n/a	n/a
75.813	0.036	saccade	n/a	173.8	198.6	n/a	274.4	115.9	5.2	219.0
75.851	0.178	fixation	n/a	276.8	114.0	707.0	n/a	n/a	n/a	n/a
76.031	0.02	saccade	n/a	275.9	111.0	n/a	225.9	90.5	2.16	183.0
76.053	0.188	fixation	n/a	231.0	90.5	743.0	n/a	n/a	n/a	n/a
76.243	0.02	saccade	n/a	231.7	93.2	n/a	176.6	121.6	2.46	226.0
76.265	0.204	fixation	n/a	183.5	121.7	793.0	n/a	n/a	n/a	n/a
76.471	0.024	saccade	n/a	183.0	125.4	n/a	311.6	126.7	5.11	403.0
76.497	0.276	fixation	n/a	303.2	126.5	817.0	n/a	n/a	n/a	n/a
76.775	0.024	saccade	n/a	301.7	126.9	n/a	391.3	125.1	3.61	281.0
76.801	0.174	fixation	n/a	384.6	126.4	785.0	n/a	n/a	n/a	n/a
76.977	0.024	saccade	n/a	384.3	125.2	n/a	491.8	134.1	4.34	330.0
77.003	0.186	fixation	n/a	481.7	131.8	763.0	n/a	n/a	n/a	n/a
77.191	0.024	saccade	n/a	484.0	133.8	n/a	576.4	136.0	3.69	285.0
77.217	0.094	fixation	n/a	571.5	135.5	755.0	n/a	n/a	n/a	n/a
77.313	0.05	saccade	n/a	573.8	135.8	n/a	200.8	78.5	14.95	542.0
77.365	0.144	fixation	n/a	213.3	78.8	755.0	n/a	n/a	n/a	n/a
77.511	0.018	saccade	n/a	215.8	79.2	n/a	168.3	79.5	1.87	179.0
77.531	0.186	fixation	n/a	175.1	79.8	749.0	n/a	n/a	n/a	n/a
77.719	0.022	saccade	n/a	177.7	79.8	n/a	255.8	69.1	3.12	271.0
77.743	0.184	fixation	n/a	256.1	70.6	764.0	n/a	n/a	n/a	n/a
77.87	0.0	trigger_11	11	n/a	n/a	n/a	n/a	n/a	n/a	n/a
77.876	0.0	trigger_10	10	n/a	n/a	n/a	n/a	n/a	n/a	n/a
77.929	0.032	saccade	n/a	254.5	72.2	n/a	323.6	71.2	2.76	297.0
77.963	0.326	fixation	n/a	328.6	71.7	761.0	n/a	n/a	n/a	n/a
78.291	0.034	saccade	n/a	326.4	70.5	n/a	411.9	64.0	3.45	349.0
78.327	0.204	fixation	n/a	422.2	63.9	753.0	n/a	n/a	n/a	n/a
78.533	0.022	saccade	n/a	422.2	61.6	n/a	495.8	68.0	2.97	283.0
78.557	0.176	fixation	n/a	490.3	64.3	744.0	n/a	n/a	n/a	n/a
78.735	0.048	saccade	n/a	491.0	63.6	n/a	164.3	126.8	13.22	478.0
78.785	0.296	fixation	n/a	182.1	127.1	732.0	n/a	n/a	n/a	n/a
79.083	0.038	saccade	n/a	183.8	127.4	n/a	327.9	124.3	5.73	433.0
79.123	0.196	fixation	n/a	336.3	122.8	751.0	n/a	n/a	n/a	n/a
79.321	0.052	saccade	n/a	336.2	122.7	n/a	608.2	134.4	10.83	477.0
79.375	0.33	fixation	n/a	613.6	134.2	730.0	n/a	n/a	n/a	n/a
79.707	0.022	saccade	n/a	612.9	135.5	n/a	661.1	142.9	1.91	179.0
79.731	0.082	fixation	n/a	655.1	140.8	693.0	n/a	n/a	n/a	n/a
79.815	0.056	saccade	n/a	657.4	143.5	n/a	151.2	175.4	19.81	585.0
79.873	0.204	fixation	n/a	165.4	174.0	705.0	n/a	n/a	n/a	n/a
80.079	0.022	saccade	n/a	173.7	174.8	n/a	159.9	99.0	3.1	257.0
80.103	0.238	fixation	n/a	162.9	91.8	720.0	n/a	n/a	n/a	n/a
80.343	0.018	saccade	n/a	161.3	90.9	n/a	184.1	81.4	0.97	111.0
80.363	0.254	fixation	n/a	180.7	81.8	745.0	n/a	n/a	n/a	n/a
80.619	0.018	saccade	n/a	180.1	84.5	n/a	153.0	82.9	1.06	109.0
80.639	0.5	fixation	n/a	157.4	82.2	724.0	n/a	n/a	n/a	n/a
81.141	0.022	saccade	n/a	158.2	80.8	n/a	226.7	76.2	2.71	235.0
81.165	0.272	fixation	n/a	217.9	78.7	738.0	n/a	n/a	n/a	n/a
81.439	0.02	saccade	n/a	217.0	80.0	n/a	281.8	73.7	2.59	240.0
81.461	0.248	fixation	n/a	276.6	77.2	744.0	n/a	n/a	n/a	n/a
81.711	0.018	saccade	n/a	275.8	79.3	n/a	322.7	73.5	1.89	176.0
81.731	0.152	fixation	n/a	316.5	76.4	744.0	n/a	n/a	n/a	n/a
81.885	0.02	saccade	n/a	314.3	75.6	n/a	362.3	71.2	1.94	177.0
81.907	0.328	fixation	n/a	359.3	71.7	729.0	n/a	n/a	n/a	n/a
82.237	0.008	saccade	n/a	364.4	84.4	n/a	378.3	88.8	0.59	72.0
82.247	0.032	fixation	n/a	383.8	87.4	722.0	n/a	n/a	n/a	n/a
82.281	0.01	saccade	n/a	385.3	81.8	n/a	402.8	77.1	0.73	75.0
82.293	0.19	fixation	n/a	391.8	74.9	721.0	n/a	n/a	n/a	n/a
82.485	0.034	saccade	n/a	389.4	71.8	n/a	493.7	73.8	4.2	372.0
82.521	0.278	fixation	n/a	499.3	71.1	707.0	n/a	n/a	n/a	n/a
82.801	0.02	saccade	n/a	500.1	69.7	n/a	559.5	73.8	2.38	218.0
82.823	0.124	fixation	n/a	557.3	73.2	696.0	n/a	n/a	n/a	n/a
82.949	0.052	saccade	n/a	557.6	75.3	n/a	153.6	137.0	16.13	543.0
83.003	0.214	fixation	n/a	169.0	138.9	723.0	n/a	n/a	n/a	n/a
83.219	0.026	saccade	n/a	169.8	142.2	n/a	222.6	145.5	2.09	250.0
83.247	0.152	fixation	n/a	228.0	143.4	741.0	n/a	n/a	n/a	n/a
83.401	0.024	saccade	n/a	225.9	141.9	n/a	326.4	134.4	4.02	337.0
83.427	0.278	fixation	n/a	319.9	135.1	736.0	n/a	n/a	n/a	n/a
83.707	0.022	saccade	n/a	318.1	136.2	n/a	379.6	131.2	2.48	246.0
83.731	0.184	fixation	n/a	374.2	131.4	724.0	n/a	n/a	n/a	n/a
83.83	0.0	trigger_11	11	n/a	n/a	n/a	n/a	n/a	n/a	n/a
83.836	0.0	trigger_10	10	n/a	n/a	n/a	n/a	n/a	n/a	n/a
83.917	0.018	saccade	n/a	375.7	133.5	n/a	333.8	137.2	1.69	140.0
83.937	0.166	fixation	n/a	334.4	137.5	711.0	n/a	n/a	n/a	n/a
84.105	0.024	saccade	n/a	335.3	138.8	n/a	273.2	136.6	2.49	243.0
84.131	0.116	fixation	n/a	283.3	137.3	705.0	n/a	n/a	n/a	n/a
84.249	0.028	saccade	n/a	284.8	137.4	n/a	406.8	129.0	4.91	349.0
84.279	0.17	fixation	n/a	415.0	130.1	696.0	n/a	n/a	n/a	n/a
84.451	0.022	saccade	n/a	415.8	136.3	n/a	492.7	133.2	3.1	275.0
84.475	0.236	fixation	n/a	487.2	133.3	684.0	n/a	n/a	n/a	n/a
84.713	0.024	saccade	n/a	489.9	136.0	n/a	559.1	136.4	2.77	228.0
84.739	0.218	fixation	n/a	554.0	134.1	677.0	n/a	n/a	n/a	n/a
84.959	0.048	saccade	n/a	554.3	131.0	n/a	279.6	67.9	11.26	425.0
85.009	0.214	fixation	n/a	285.5	68.2	688.0	n/a	n/a	n/a	n/a
85.225	0.028	saccade	n/a	285.3	68.7	n/a	181.1	68.6	4.13	262.0
85.255	0.284	fixation	n/a	183.8	68.0	690.0	n/a	n/a	n/a	n/a
85.541	0.024	saccade	n/a	184.6	69.1	n/a	276.2	70.1	3.64	287.0
85.567	0.468	fixation	n/a	267.7	70.2	706.0	n/a	n/a	n/a	n/a
86.037	0.024	saccade	n/a	268.1	73.7	n/a	188.3	71.0	3.17	232.0
86.063	0.142	fixation	n/a	188.9	72.3	705.0	n/a	n/a	n/a	n/a
86.207	0.018	saccade	n/a	187.6	70.3	n/a	143.4	77.3	1.76	150.0
86.227	0.272	fixation	n/a	152.8	77.2	708.0	n/a	n/a	n/a	n/a
86.501	0.022	saccade	n/a	152.9	77.1	n/a	212.5	73.1	2.35	242.0
86.525	0.162	fixation	n/a	210.5	74.6	705.0	n/a	n/a	n/a	n/a
86.689	0.024	saccade	n/a	211.1	75.1	n/a	315.4	65.3	4.17	372.0
86.715	0.292	fixation	n/a	317.9	67.7	693.0	n/a	n/a	n/a	n/a
87.009	0.02	saccade	n/a	318.8	70.4	n/a	386.0	68.9	2.7	255.0
87.031	0.164	fixation	n/a	377.9	68.0	685.0	n/a	n/a	n/a	n/a
87.197	0.042	saccade	n/a	380.3	80.8	n/a	276.3	82.6	4.18	162.0
87.241	0.168	fixation	n/a	289.8	94.1	667.0	n/a	n/a	n/a	n/a
87.411	0.022	saccade	n/a	288.1	59.6	n/a	221.0	61.2	2.67	222.0
87.435	0.25	fixation	n/a	237.5	69.1	663.0	n/a	n/a	n/a	n/a
87.687	0.028	saccade	n/a	240.3	67.6	n/a	379.6	70.7	5.58	355.0
87.717	0.17	fixation	n/a	374.3	65.5	682.0	n/a	n/a	n/a	n/a
87.889	0.018	saccade	n/a	374.0	64.5	n/a	325.4	71.3	1.98	176.0
87.909	0.14	fixation	n/a	329.2	68.7	678.0	n/a	n/a	n/a	n/a
88.051	0.02	saccade	n/a	326.9	65.4	n/a	256.8	70.0	2.81	255.0
88.073	0.28	fixation	n/a	264.7	66.3	671.0	n/a	n/a	n/a	n/a
88.355	0.022	saccade	n/a	264.5	65.5	n/a	314.7	67.7	2.01	200.0
88.379	0.128	fixation	n/a	310.1	66.7	676.0	n/a	n/a	n/a	n/a
88.509	0.026	saccade	n/a	310.4	67.6	n/a	421.8	62.6	4.49	342.0
88.537	0.152	fixation	n/a	424.9	60.7	687.0	n/a	n/a	n/a	n/a
88.691	0.022	saccade	n/a	425.8	61.5	n/a	511.5	70.9	3.46	292.0
88.715	0.232	fixation	n/a	500.1	66.5	698.0	n/a	n/a	n/a	n/a
88.949	0.05	saccade	n/a	497.6	65.2	n/a	164.3	126.7	13.46	455.0
89.001	0.248	fixation	n/a	176.9	127.7	700.0	n/a	n/a	n/a	n/a
89.251	0.024	saccade	n/a	179.7	129.6	n/a	243.8	131.8	2.54	258.0
89.277	0.274	fixation	n/a	239.5	132.9	721.0	n/a	n/a	n/a	n/a
89.553	0.032	saccade	n/a	239.0	139.5	n/a	394.0	133.9	6.22	418.0
89.584	0.0	trigger_11	11	n/a	n/a	n/a	n/a	n/a	n/a	n/a
89.587	0.242	fixation	n/a	358.3	130.8	703.0	n/a	n/a	n/a	n/a
89.588	0.0	trigger_10	10	n/a	n/a	n/a	n/a	n/a	n/a	n/a
89.831	0.028	saccade	n/a	354.3	131.0	n/a	419.5	128.3	2.63	308.0
89.861	0.196	fixation	n/a	422.8	132.4	691.0	n/a	n/a	n/a	n/a
90.059	0.028	saccade	n/a	422.5	132.9	n/a	536.5	135.1	4.57	316.0
90.089	0.28	fixation	n/a	537.1	132.9	673.0	n/a	n/a	n/a	n/a
90.371	0.018	saccade	n/a	537.3	133.0	n/a	562.8	135.8	1.02	131.0
90.391	0.138	fixation	n/a	561.4	132.6	653.0	n/a	n/a	n/a	n/a
90.531	0.026	saccade	n/a	560.8	134.7	n/a	656.4	139.0	3.78	245.0
90.559	0.13	fixation	n/a	646.2	137.5	648.0	n/a	n/a	n/a	n/a
90.691	0.06	saccade	n/a	647.5	134.8	n/a	162.8	192.2	19.11	538.0
90.753	0.28	fixation	n/a	177.5	192.6	663.0	n/a	n/a	n/a	n/a
91.035	0.028	saccade	n/a	179.7	192.6	n/a	245.5	193.2	2.6	295.0
91.065	0.198	fixation	n/a	251.7	194.3	672.0	n/a	n/a	n/a	n/a
91.265	0.024	saccade	n/a	254.2	193.7	n/a	151.8	199.4	4.05	320.0
91.291	0.476	fixation	n/a	161.6	196.2	690.0	n/a	n/a	n/a	n/a
91.769	0.026	saccade	n/a	160.2	195.2	n/a	154.8	96.5	3.98	261.0
91.797	0.18	fixation	n/a	153.6	90.5	713.0	n/a	n/a	n/a	n/a
91.979	0.008	saccade	n/a	156.3	87.1	n/a	168.6	82.3	0.52	65.0
91.989	0.37	fixation	n/a	169.1	77.9	699.0	n/a	n/a	n/a	n/a
92.361	0.03	saccade	n/a	169.8	77.0	n/a	230.1	120.6	2.96	317.0
92.393	0.168	fixation	n/a	236.1	122.0	687.0	n/a	n/a	n/a	n/a
92.563	0.02	saccade	n/a	235.0	119.8	n/a	210.2	67.4	2.34	199.0
92.585	0.142	fixation	n/a	220.4	60.1	691.0	n/a	n/a	n/a	n/a
92.729	0.028	saccade	n/a	222.6	65.0	n/a	284.6	63.3	2.47	279.0
92.759	0.144	fixation	n/a	289.7	62.6	720.0	n/a	n/a	n/a	n/a
92.905	0.032	saccade	n/a	290.7	62.4	n/a	370.3	69.4	3.21	301.0
92.939	0.252	fixation	n/a	371.5	65.2	730.0	n/a	n/a	n/a	n/a
93.193	0.024	saccade	n/a	373.7	67.0	n/a	461.5	67.0	3.53	294.0
93.219	0.212	fixation	n/a	455.4	64.8	707.0	n/a	n/a	n/a	n/a
93.433	0.024	saccade	n/a	455.3	63.8	n/a	544.2	74.6	3.58	286.0
93.459	0.274	fixation	n/a	536.0	69.6	714.0	n/a	n/a	n/a	n/a
93.735	0.048	saccade	n/a	535.6	67.7	n/a	168.0	126.7	14.72	509.0
93.785	0.184	fixation	n/a	181.3	129.1	735.0	n/a	n/a	n/a	n/a
93.971	0.032	saccade	n/a	185.0	130.3	n/a	281.9	132.5	3.85	389.0
94.005	0.144	fixation	n/a	290.3	131.1	754.0	n/a	n/a	n/a	n/a
94.151	0.028	saccade	n/a	286.7	133.8	n/a	341.4	129.2	2.2	270.0
94.181	0.13	fixation	n/a	345.2	127.4	769.0	n/a	n/a	n/a	n/a
94.313	0.034	saccade	n/a	344.2	125.9	n/a	427.4	123.6	3.35	324.0
94.349	0.26	fixation	n/a	433.0	123.6	765.0	n/a	n/a	n/a	n/a
94.611	0.022	saccade	n/a	434.1	126.7	n/a	522.4	129.8	3.55	318.0
94.635	0.206	fixation	n/a	514.8	131.4	733.0	n/a	n/a	n/a	n/a
94.843	0.024	saccade	n/a	515.8	133.7	n/a	484.1	133.5	1.27	176.0
94.869	0.19	fixation	n/a	482.2	132.6	718.0	n/a	n/a	n/a	n/a
95.061	0.048	saccade	n/a	482.6	132.9	n/a	559.8	151.6	3.18	355.0
95.111	0.282	fixation	n/a	562.5	139.0	704.0	n/a	n/a	n/a	n/a
95.395	0.026	saccade	n/a	562.5	139.8	n/a	446.7	130.6	4.65	355.0
95.423	0.304	fixation	n/a	453.9	132.0	701.0	n/a	n/a	n/a	n/a
95.729	0.006	saccade	n/a	451.9	132.6	n/a	442.0	131.5	0.4	59.0
95.737	0.044	fixation	n/a	442.1	131.6	704.0	n/a	n/a	n/a	n/a
95.783	0.042	saccade	n/a	444.5	135.4	n/a	566.9	131.2	4.9	324.0
95.827	0.176	fixation	n/a	577.9	132.3	695.0	n/a	n/a	n/a	n/a
96.005	0.05	saccade	n/a	579.6	132.9	n/a	205.5	209.3	15.13	490.0
96.057	0.212	fixation	n/a	213.6	204.4	693.0	n/a	n/a	n/a	n/a
96.271	0.018	saccade	n/a	216.8	202.5	n/a	174.2	206.8	1.69	138.0
96.291	0.13	fixation	n/a	175.7	204.3	697.0	n/a	n/a	n/a	n/a
96.423	0.024	saccade	n/a	175.9	205.7	n/a	275.5	198.9	3.95	337.0
96.449	0.288	fixation	n/a	272.3	199.7	695.0	n/a	n/a	n/a	n/a
96.52	0.0	trigger_11	11	n/a	n/a	n/a	n/a	n/a	n/a	n/a
96.528	0.0	trigger_10	10	n/a	n/a	n/a	n/a	n/a	n/a	n/a
96.739	0.104	saccade	n/a	269.5	197.5	n/a	239.1	230.2	1.79	219.0
96.791	0.028	blink	n/a	n/a	n/a	n/a	n/a	n/a	n/a	n/a
96.845	0.136	fixation	n/a	241.5	209.1	700.0	n/a	n/a	n/a	n/a
96.983	0.022	saccade	n/a	240.7	205.5	n/a	311.7	201.5	2.83	282.0
97.007	0.228	fixation	n/a	309.6	201.5	688.0	n/a	n/a	n/a	n/a
97.237	0.032	saccade	n/a	314.2	201.0	n/a	220.7	170.7	3.92	197.0
97.271	0.384	fixation	n/a	204.9	148.2	685.0	n/a	n/a	n/a	n/a
97.657	0.016	saccade	n/a	205.5	143.9	n/a	242.3	142.5	1.46	144.0
97.675	0.61	fixation	n/a	235.6	141.5	704.0	n/a	n/a	n/a	n/a
98.287	0.02	saccade	n/a	233.1	139.4	n/a	201.7	138.5	1.24	123.0
98.309	0.39	fixation	n/a	207.1	139.0	719.0	n/a	n/a	n/a	n/a
98.701	0.022	saccade	n/a	206.9	138.2	n/a	181.0	84.6	2.4	170.0
98.725	0.278	fixation	n/a	178.2	83.3	740.0	n/a	n/a	n/a	n/a
99.005	0.02	saccade	n/a	174.4	86.5	n/a	238.6	74.5	2.59	244.0
99.027	0.27	fixation	n/a	228.7	72.9	733.0	n/a	n/a	n/a	n/a
99.299	0.026	saccade	n/a	226.5	72.0	n/a	272.2	78.5	1.84	240.0
99.327	0.252	fixation	n/a	275.6	69.8	730.0	n/a	n/a	n/a	n/a
99.581	0.022	saccade	n/a	277.2	71.7	n/a	198.7	70.2	3.12	264.0
99.605	0.22	fixation	n/a	209.8	73.0	715.0	n/a	n/a	n/a	n/a
99.827	0.03	saccade	n/a	208.8	72.3	n/a	356.0	78.4	5.88	410.0
99.859	0.2	fixation	n/a	350.4	69.1	710.0	n/a	n/a	n/a	n/a
100.061	0.028	saccade	n/a	350.2	69.4	n/a	410.8	65.9	2.44	277.0
100.091	0.172	fixation	n/a	418.3	64.5	694.0	n/a	n/a	n/a	n/a
100.265	0.022	saccade	n/a	419.0	62.7	n/a	505.6	67.7	3.48	288.0
100.289	0.166	fixation	n/a	499.9	62.4	677.0	n/a	n/a	n/a	n/a
100.457	0.028	saccade	n/a	500.7	59.5	n/a	556.8	65.0	2.25	271.0
100.487	0.266	fixation	n/a	564.3	66.3	657.0	n/a	n/a	n/a	n/a
100.755	0.046	saccade	n/a	565.4	71.6	n/a	208.0	142.5	14.44	496.0
100.803	0.148	fixation	n/a	208.3	141.4	647.0	n/a	n/a	n/a	n/a
100.953	0.02	saccade	n/a	209.5	142.2	n/a	161.3	145.3	1.9	162.0
100.975	0.186	fixation	n/a	158.0	145.5	640.0	n/a	n/a	n/a	n/a
101.163	0.026	saccade	n/a	156.9	145.0	n/a	277.9	137.9	4.8	347.0
101.191	0.218	fixation	n/a	280.0	136.3	633.0	n/a	n/a	n/a	n/a
101.411	0.022	saccade	n/a	281.9	141.2	n/a	352.1	126.1	2.89	224.0
101.435	0.208	fixation	n/a	348.0	127.1	627.0	n/a	n/a	n/a	n/a
101.645	0.024	saccade	n/a	348.9	130.5	n/a	448.4	124.8	4.01	326.0
101.671	0.224	fixation	n/a	442.5	124.4	610.0	n/a	n/a	n/a	n/a
101.897	0.028	saccade	n/a	442.8	126.4	n/a	339.7	137.6	4.17	301.0
101.927	0.176	fixation	n/a	347.6	135.6	604.0	n/a	n/a	n/a	n/a
102.105	0.028	saccade	n/a	345.3	134.5	n/a	486.9	129.4	5.69	393.0
102.135	0.168	fixation	n/a	479.6	127.7	599.0	n/a	n/a	n/a	n/a
102.305	0.024	saccade	n/a	479.8	128.2	n/a	367.1	131.0	4.54	344.0
102.331	0.172	fixation	n/a	366.3	132.2	604.0	n/a	n/a	n/a	n/a
102.505	0.018	saccade	n/a	366.6	133.1	n/a	338.5	133.9	1.13	133.0
102.525	0.336	fixation	n/a	339.7	136.0	606.0	n/a	n/a	n/a	n/a
102.863	0.03	saccade	n/a	339.0	135.0	n/a	464.9	137.9	5.06	304.0
102.895	0.05	fixation	n/a	471.6	142.3	613.0	n/a	n/a	n/a	n/a
102.947	0.006	saccade	n/a	466.4	141.2	n/a	453.6	144.6	0.53	83.0
102.955	0.322	fixation	n/a	438.7	137.5	613.0	n/a	n/a	n/a	n/a
103.279	0.024	saccade	n/a	438.2	138.7	n/a	518.8	138.6	3.24	257.0
103.305	0.214	fixation	n/a	508.7	134.8	600.0	n/a	n/a	n/a	n/a
103.521	0.02	saccade	n/a	508.7	137.6	n/a	566.4	133.0	2.31	222.0
103.543	0.09	fixation	n/a	562.4	132.0	585.0	n/a	n/a	n/a	n/a
103.635	0.05	saccade	n/a	563.9	133.0	n/a	179.4	197.7	15.39	499.0
103.687	0.388	fixation	n/a	186.9	195.7	603.0	n/a	n/a	n/a	n/a
104.077	0.036	saccade	n/a	185.0	192.3	n/a	240.1	131.5	3.29	263.0
104.115	0.066	fixation	n/a	244.7	125.3	621.0	n/a	n/a	n/a	n/a
104.183	0.026	saccade	n/a	245.2	125.4	n/a	221.1	50.6	3.18	211.0
104.211	0.25	fixation	n/a	223.1	50.1	606.0	n/a	n/a	n/a	n/a
104.463	0.026	saccade	n/a	218.0	46.9	n/a	266.0	56.1	1.94	277.0
104.491	0.124	fixation	n/a	273.1	55.5	636.0	n/a	n/a	n/a	n/a
104.617	0.024	saccade	n/a	274.9	56.4	n/a	363.5	64.7	3.57	243.0
104.643	0.124	fixation	n/a	354.4	66.0	674.0	n/a	n/a	n/a	n/a
104.769	0.034	saccade	n/a	352.4	66.5	n/a	453.5	61.0	4.07	342.0
104.805	0.22	fixation	n/a	460.4	61.4	659.0	n/a	n/a	n/a	n/a
105.027	0.024	saccade	n/a	459.8	64.2	n/a	542.5	64.2	3.31	255.0
105.053	0.132	fixation	n/a	538.9	62.1	646.0	n/a	n/a	n/a	n/a
105.187	0.02	saccade	n/a	538.4	63.4	n/a	593.3	60.3	2.18	210.0
105.209	0.084	fixation	n/a	591.1	64.2	634.0	n/a	n/a	n/a	n/a
105.295	0.05	saccade	n/a	591.2	65.0	n/a	167.6	125.3	16.85	582.0
105.347	0.224	fixation	n/a	174.4	127.8	630.0	n/a	n/a	n/a	n/a
105.573	0.032	saccade	n/a	177.0	129.9	n/a	274.1	124.1	3.86	365.0
105.607	0.244	fixation	n/a	277.9	123.1	643.0	n/a	n/a	n/a	n/a
105.853	0.022	saccade	n/a	277.1	123.5	n/a	336.1	120.4	2.37	242.0
105.877	0.172	fixation	n/a	334.8	121.3	641.0	n/a	n/a	n/a	n/a
106.051	0.024	saccade	n/a	335.9	124.5	n/a	440.8	124.9	4.22	351.0
106.077	0.25	fixation	n/a	435.1	121.8	634.0	n/a	n/a	n/a	n/a
106.329	0.026	saccade	n/a	438.1	123.7	n/a	548.0	126.1	4.41	338.0
106.357	0.33	fixation	n/a	544.5	129.1	636.0	n/a	n/a	n/a	n/a
106.689	0.054	saccade	n/a	545.6	131.4	n/a	157.8	203.5	15.57	483.0
106.745	0.202	fixation	n/a	170.6	200.0	642.0	n/a	n/a	n/a	n/a
106.949	0.03	saccade	n/a	171.3	199.2	n/a	262.4	190.4	3.62	345.0
106.981	0.182	fixation	n/a	269.8	189.5	648.0	n/a	n/a	n/a	n/a
107.165	0.022	saccade	n/a	268.7	190.1	n/a	356.0	186.5	3.5	289.0
107.189	0.228	fixation	n/a	349.2	188.9	636.0	n/a	n/a	n/a	n/a
107.419	0.022	saccade	n/a	349.6	189.1	n/a	435.2	186.8	3.44	279.0
107.443	0.166	fixation	n/a	430.9	187.6	626.0	n/a	n/a	n/a	n/a
107.611	0.024	saccade	n/a	431.8	186.9	n/a	517.1	188.8	3.42	244.0
107.637	0.228	fixation	n/a	505.6	186.8	617.0	n/a	n/a	n/a	n/a
107.867	0.022	saccade	n/a	505.0	188.8	n/a	582.1	188.4	3.07	243.0
107.891	0.204	fixation	n/a	584.4	189.3	608.0	n/a	n/a	n/a	n/a
108.097	0.056	saccade	n/a	583.0	191.6	n/a	202.3	243.3	15.16	408.0
108.155	0.178	fixation	n/a	207.0	244.7	628.0	n/a	n/a	n/a	n/a
108.25	0.0	trigger_11	11	n/a	n/a	n/a	n/a	n/a	n/a	n/a
108.254	0.0	trigger_10	10	n/a	n/a	n/a	n/a	n/a	n/a	n/a
108.335	0.018	saccade	n/a	209.9	246.7	n/a	170.0	251.7	1.58	145.0
108.355	0.362	fixation	n/a	172.6	251.3	639.0	n/a	n/a	n/a	n/a
108.719	0.044	saccade	n/a	181.8	262.2	n/a	298.8	257.0	4.63	183.0
108.765	0.244	fixation	n/a	288.2	253.6	658.0	n/a	n/a	n/a	n/a
109.011	0.024	saccade	n/a	287.5	252.6	n/a	383.9	249.1	3.86	333.0
109.037	0.262	fixation	n/a	373.2	248.8	630.0	n/a	n/a	n/a	n/a
109.301	0.022	saccade	n/a	374.2	249.4	n/a	292.1	259.2	3.3	281.0
109.325	0.318	fixation	n/a	295.4	254.6	616.0	n/a	n/a	n/a	n/a
109.645	0.024	saccade	n/a	295.6	256.6	n/a	381.3	247.2	3.45	305.0
109.671	0.168	fixation	n/a	378.1	243.6	613.0	n/a	n/a	n/a	n/a
109.841	0.018	saccade	n/a	377.8	242.0	n/a	357.9	199.5	1.9	184.0
109.861	0.23	fixation	n/a	361.6	197.6	616.0	n/a	n/a	n/a	n/a
110.093	0.026	saccade	n/a	363.2	197.9	n/a	279.8	194.2	3.35	249.0
110.121	0.278	fixation	n/a	289.9	193.0	611.0	n/a	n/a	n/a	n/a
110.401	0.036	saccade	n/a	291.0	193.7	n/a	186.3	80.1	6.2	340.0
110.439	0.16	fixation	n/a	193.8	79.0	603.0	n/a	n/a	n/a	n/a
110.601	0.022	saccade	n/a	193.9	78.2	n/a	155.1	66.9	1.59	154.0
110.625	0.156	fixation	n/a	160.7	68.1	618.0	n/a	n/a	n/a	n/a
110.783	0.032	saccade	n/a	161.1	71.0	n/a	246.5	61.4	3.4	269.0
110.817	0.192	fixation	n/a	256.2	61.9	625.0	n/a	n/a	n/a	n/a
111.011	0.024	saccade	n/a	255.8	64.0	n/a	183.3	69.5	2.88	187.0
111.037	0.232	fixation	n/a	188.3	71.5	622.0	n/a	n/a	n/a	n/a
111.271	0.028	saccade	n/a	189.8	73.9	n/a	255.8	69.7	2.62	296.0
111.301	0.186	fixation	n/a	257.8	68.0	639.0	n/a	n/a	n/a	n/a
111.489	0.036	saccade	n/a	258.8	71.5	n/a	357.5	71.4	3.96	313.0
111.527	0.26	fixation	n/a	360.1	69.2	653.0	n/a	n/a	n/a	n/a
111.789	0.024	saccade	n/a	358.4	69.2	n/a	455.3	68.7	3.9	320.0
111.815	0.172	fixation	n/a	448.0	68.9	663.0	n/a	n/a	n/a	n/a
111.989	0.02	saccade	n/a	446.5	68.6	n/a	512.7	68.2	2.65	220.0
112.011	0.178	fixation	n/a	508.7	69.9	660.0	n/a	n/a	n/a	n/a
112.191	0.022	saccade	n/a	507.5	66.7	n/a	595.0	68.2	3.48	298.0
112.215	0.268	fixation	n/a	589.4	69.5	647.0	n/a	n/a	n/a	n/a
112.485	0.034	saccade	n/a	592.7	69.6	n/a	403.9	105.9	7.68	425.0
112.521	0.142	fixation	n/a	412.2	106.0	646.0	n/a	n/a	n/a	n/a
112.665	0.028	saccade	n/a	413.3	107.6	n/a	505.5	105.7	3.7	351.0
112.695	0.128	fixation	n/a	512.2	103.7	656.0	n/a	n/a	n/a	n/a
112.825	0.02	saccade	n/a	513.1	103.6	n/a	562.1	70.7	2.37	208.0
112.847	0.176	fixation	n/a	561.4	74.1	668.0	n/a	n/a	n/a	n/a
113.025	0.022	saccade	n/a	562.6	74.3	n/a	481.3	65.3	3.27	278.0
113.049	0.248	fixation	n/a	480.8	64.6	668.0	n/a	n/a	n/a	n/a
113.299	0.028	saccade	n/a	481.4	65.8	n/a	411.6	65.1	2.81	274.0
113.329	0.068	fixation	n/a	411.5	67.2	673.0	n/a	n/a	n/a	n/a
113.399	0.024	saccade	n/a	411.3	67.0	n/a	326.2	65.4	3.43	233.0
113.425	0.19	fixation	n/a	337.3	70.1	677.0	n/a	n/a	n/a	n/a
113.617	0.022	saccade	n/a	337.0	74.7	n/a	251.6	73.1	3.42	292.0
113.641	0.148	fixation	n/a	258.5	71.8	694.0	n/a	n/a	n/a	n/a
113.791	0.052	saccade	n/a	260.6	71.2	n/a	509.7	67.0	9.95	472.0
113.845	0.204	fixation	n/a	518.4	64.7	700.0	n/a	n/a	n/a	n/a
114.051	0.022	saccade	n/a	518.0	62.9	n/a	609.7	70.4	3.65	312.0
114.075	0.11	fixation	n/a	598.7	68.5	691.0	n/a	n/a	n/a	n/a
114.187	0.058	saccade	n/a	598.7	70.2	n/a	133.7	144.4	18.48	565.0
114.247	0.196	fixation	n/a	149.8	145.0	699.0	n/a	n/a	n/a	n/a
114.445	0.028	saccade	n/a	153.7	144.6	n/a	212.4	137.2	2.33	250.0
114.475	0.224	fixation	n/a	216.1	135.4	704.0	n/a	n/a	n/a	n/a
114.701	0.022	saccade	n/a	216.4	136.7	n/a	302.3	126.9	3.45	281.0
114.725	0.148	fixation	n/a	296.6	127.6	695.0	n/a	n/a	n/a	n/a
114.875	0.026	saccade	n/a	297.2	127.9	n/a	352.0	132.7	2.21	273.0
114.903	0.14	fixation	n/a	357.9	128.9	691.0	n/a	n/a	n/a	n/a
115.045	0.034	saccade	n/a	359.9	130.1	n/a	447.7	129.6	3.54	348.0
115.081	0.458	fixation	n/a	451.5	128.7	678.0	n/a	n/a	n/a	n/a
115.541	0.02	saccade	n/a	448.8	130.7	n/a	407.6	125.4	1.67	163.0
115.563	0.142	fixation	n/a	412.9	129.9	663.0	n/a	n/a	n/a	n/a
115.707	0.038	saccade	n/a	412.8	130.1	n/a	543.0	134.4	5.22	393.0
115.747	0.426	fixation	n/a	550.5	134.0	669.0	n/a	n/a	n/a	n/a
116.175	0.018	saccade	n/a	550.3	133.6	n/a	509.9	135.9	1.62	166.0
116.195	0.15	fixation	n/a	516.1	132.2	668.0	n/a	n/a	n/a	n/a
116.347	0.046	saccade	n/a	517.3	132.1	n/a	214.7	191.4	12.27	452.0
116.395	0.158	fixation	n/a	225.3	193.4	683.0	n/a	n/a	n/a	n/a
116.555	0.02	saccade	n/a	223.8	192.5	n/a	164.3	201.8	2.38	206.0
116.577	0.28	fixation	n/a	168.0	201.6	704.0	n/a	n/a	n/a	n/a
116.859	0.046	saccade	n/a	169.6	203.5	n/a	282.6	213.6	4.48	330.0
116.907	0.352	fixation	n/a	261.5	205.9	690.0	n/a	n/a	n/a	n/a
117.25	0.0	trigger_11	11	n/a	n/a	n/a	n/a	n/a	n/a	n/a
117.254	0.0	trigger_10	10	n/a	n/a	n/a	n/a	n/a	n/a	n/a
117.261	0.014	saccade	n/a	263.1	204.7	n/a	232.8	209.5	1.22	115.0
117.277	0.138	fixation	n/a	230.2	206.4	680.0	n/a	n/a	n/a	n/a
117.417	0.022	saccade	n/a	229.9	208.2	n/a	160.4	209.1	2.74	208.0
117.441	0.196	fixation	n/a	168.5	206.0	664.0	n/a	n/a	n/a	n/a
117.639	0.038	saccade	n/a	166.9	206.3	n/a	212.7	81.8	5.34	267.0
117.679	0.152	fixation	n/a	214.0	82.3	643.0	n/a	n/a	n/a	n/a
117.833	0.022	saccade	n/a	212.6	80.4	n/a	315.5	64.6	4.16	380.0
117.857	0.18	fixation	n/a	315.3	66.5	653.0	n/a	n/a	n/a	n/a
118.039	0.022	saccade	n/a	314.1	67.0	n/a	384.6	65.9	2.84	274.0
118.063	0.204	fixation	n/a	376.7	65.7	665.0	n/a	n/a	n/a	n/a
118.269	0.024	saccade	n/a	375.3	63.7	n/a	471.3	58.2	3.87	340.0
118.295	0.324	fixation	n/a	465.6	60.0	663.0	n/a	n/a	n/a	n/a
118.621	0.024	saccade	n/a	465.7	59.2	n/a	546.3	67.1	3.24	265.0
118.647	0.298	fixation	n/a	541.2	70.1	674.0	n/a	n/a	n/a	n/a
118.947	0.008	saccade	n/a	549.1	84.7	n/a	563.4	77.8	0.63	79.0
118.957	0.256	fixation	n/a	594.0	75.3	667.0	n/a	n/a	n/a	n/a
119.215	0.052	saccade	n/a	592.5	74.8	n/a	234.3	79.9	14.19	469.0
119.269	0.19	fixation	n/a	236.6	75.6	655.0	n/a	n/a	n/a	n/a
119.461	0.022	saccade	n/a	238.5	79.4	n/a	159.4	74.2	3.13	240.0
119.485	0.446	fixation	n/a	162.3	73.7	647.0	n/a	n/a	n/a	n/a
119.933	0.02	saccade	n/a	163.7	73.0	n/a	213.3	68.6	1.96	193.0
119.955	0.206	fixation	n/a	208.1	69.6	657.0	n/a	n/a	n/a	n/a
120.163	0.028	saccade	n/a	205.0	70.3	n/a	261.1	69.0	2.23	266.0
120.193	0.184	fixation	n/a	263.5	70.3	652.0	n/a	n/a	n/a	n/a
120.379	0.022	saccade	n/a	264.8	69.7	n/a	216.6	70.4	1.92	171.0
120.403	0.094	fixation	n/a	224.6	70.9	646.0	n/a	n/a	n/a	n/a
120.499	0.022	saccade	n/a	223.8	70.5	n/a	148.0	69.3	2.98	218.0
120.523	0.228	fixation	n/a	162.1	70.1	651.0	n/a	n/a	n/a	n/a
120.753	0.016	saccade	n/a	165.5	68.7	n/a	207.8	68.2	1.67	166.0
120.771	0.236	fixation	n/a	202.1	69.7	686.0	n/a	n/a	n/a	n/a
121.009	0.022	saccade	n/a	203.8	69.3	n/a	171.3	72.6	1.29	174.0
121.033	0.232	fixation	n/a	173.0	71.9	700.0	n/a	n/a	n/a	n/a
121.267	0.016	saccade	n/a	176.5	74.6	n/a	208.1	70.1	1.26	108.0
121.285	0.156	fixation	n/a	204.5	72.2	713.0	n/a	n/a	n/a	n/a
121.443	0.02	saccade	n/a	204.3	72.4	n/a	248.0	71.8	1.73	188.0
121.465	0.256	fixation	n/a	244.8	70.6	711.0	n/a	n/a	n/a	n/a
121.57	0.0	trigger_11	11	n/a	n/a	n/a	n/a	n/a	n/a	n/a
121.576	0.0	trigger_12	12	n/a	n/a	n/a	n/a	n/a	n/a	n/a
121.723	0.022	saccade	n/a	243.0	70.1	n/a	178.4	82.9	2.61	188.0
121.747	0.526	fixation	n/a	189.2	84.5	722.0	n/a	n/a	n/a	n/a
122.275	0.018	saccade	n/a	188.6	78.7	n/a	214.1	70.7	1.06	120.0
122.295	0.622	fixation	n/a	207.6	60.0	655.0	n/a	n/a	n/a	n/a
122.919	0.02	saccade	n/a	205.6	54.4	n/a	254.7	58.5	1.96	162.0
122.941	0.3	fixation	n/a	249.1	63.8	683.0	n/a	n/a	n/a	n/a
123.243	0.02	saccade	n/a	248.4	65.1	n/a	189.8	63.9	2.32	207.0
123.265	0.52	fixation	n/a	202.4	69.1	753.0	n/a	n/a	n/a	n/a
123.787	0.018	saccade	n/a	204.1	72.3	n/a	165.2	77.8	1.55	133.0
123.807	0.27	fixation	n/a	168.5	74.2	762.0	n/a	n/a	n/a	n/a
124.079	0.024	saccade	n/a	167.7	71.4	n/a	266.7	66.8	3.93	348.0
124.105	0.258	fixation	n/a	264.0	61.9	769.0	n/a	n/a	n/a	n/a
124.365	0.022	saccade	n/a	264.4	66.3	n/a	345.7	68.9	3.26	297.0
124.389	0.2	fixation	n/a	341.2	63.5	735.0	n/a	n/a	n/a	n/a
124.591	0.03	saccade	n/a	342.0	58.2	n/a	218.1	71.6	4.98	277.0
124.623	0.19	fixation	n/a	228.9	76.9	710.0	n/a	n/a	n/a	n/a
124.815	0.178	saccade	n/a	230.4	81.8	n/a	353.2	104.4	5.0	1074.0
124.859	0.098	blink	n/a	n/a	n/a	n/a	n/a	n/a	n/a	n/a
124.995	0.19	fixation	n/a	353.0	75.5	715.0	n/a	n/a	n/a	n/a
125.187	0.144	saccade	n/a	353.8	79.5	n/a	462.7	104.0	4.49	841.0
125.217	0.084	blink	n/a	n/a	n/a	n/a	n/a	n/a	n/a	n/a
125.333	0.212	fixation	n/a	452.9	75.7	680.0	n/a	n/a	n/a	n/a
125.547	0.02	saccade	n/a	450.2	62.1	n/a	418.5	62.4	1.28	144.0
125.569	0.106	fixation	n/a	421.8	60.7	667.0	n/a	n/a	n/a	n/a
125.677	0.038	saccade	n/a	423.2	60.8	n/a	207.2	70.8	8.63	416.0
125.717	0.446	fixation	n/a	218.0	62.8	643.0	n/a	n/a	n/a	n/a
126.165	0.026	saccade	n/a	219.2	65.5	n/a	189.3	69.7	1.19	188.0
126.193	0.196	fixation	n/a	185.9	68.1	646.0	n/a	n/a	n/a	n/a
126.391	0.022	saccade	n/a	185.1	69.6	n/a	227.1	58.7	1.72	176.0
126.415	0.126	fixation	n/a	225.9	61.1	653.0	n/a	n/a	n/a	n/a
126.543	0.048	saccade	n/a	227.7	64.7	n/a	280.6	45.0	2.25	254.0
126.593	0.102	fixation	n/a	283.9	50.8	654.0	n/a	n/a	n/a	n/a
126.697	0.006	saccade	n/a	286.5	53.2	n/a	288.1	65.6	0.51	62.0
126.705	0.132	fixation	n/a	286.6	60.6	657.0	n/a	n/a	n/a	n/a
126.839	0.03	saccade	n/a	285.9	58.4	n/a	354.4	61.5	2.75	306.0
126.871	0.284	fixation	n/a	359.5	60.4	663.0	n/a	n/a	n/a	n/a
127.157	0.022	saccade	n/a	359.2	61.1	n/a	431.1	67.8	2.91	268.0
127.181	0.22	fixation	n/a	427.6	67.8	667.0	n/a	n/a	n/a	n/a
127.403	0.014	saccade	n/a	428.3	68.2	n/a	408.7	69.4	0.79	97.0
127.419	0.37	fixation	n/a	411.7	65.7	661.0	n/a	n/a	n/a	n/a
127.791	0.036	saccade	n/a	413.1	64.5	n/a	513.4	66.4	4.03	369.0
127.829	0.346	fixation	n/a	516.1	67.0	672.0	n/a	n/a	n/a	n/a
128.177	0.02	saccade	n/a	513.0	67.4	n/a	574.9	68.4	2.47	215.0
128.199	0.264	fixation	n/a	568.7	69.5	678.0	n/a	n/a	n/a	n/a
128.465	0.034	saccade	n/a	568.7	73.0	n/a	412.8	74.2	6.24	354.0
128.501	0.12	fixation	n/a	418.3	71.0	679.0	n/a	n/a	n/a	n/a
128.623	0.022	saccade	n/a	420.3	70.8	n/a	499.2	69.2	3.18	276.0
128.647	0.332	fixation	n/a	494.9	67.1	682.0	n/a	n/a	n/a	n/a
128.981	0.008	saccade	n/a	497.9	68.8	n/a	512.8	67.5	0.6	71.0
128.991	0.352	fixation	n/a	509.5	69.0	683.0	n/a	n/a	n/a	n/a
129.345	0.034	saccade	n/a	508.4	70.0	n/a	574.9	70.7	2.65	308.0
129.381	0.164	fixation	n/a	579.9	72.1	672.0	n/a	n/a	n/a	n/a
129.547	0.05	saccade	n/a	579.1	72.8	n/a	180.9	140.4	15.97	507.0
129.599	0.246	fixation	n/a	186.9	139.9	677.0	n/a	n/a	n/a	n/a
129.847	0.022	saccade	n/a	188.9	142.2	n/a	265.4	131.8	3.06	250.0
129.871	0.248	fixation	n/a	259.4	135.0	692.0	n/a	n/a	n/a	n/a
130.121	0.022	saccade	n/a	259.9	136.8	n/a	188.5	141.3	2.83	219.0
130.145	0.18	fixation	n/a	199.7	136.5	671.0	n/a	n/a	n/a	n/a
130.327	0.03	saccade	n/a	200.0	136.8	n/a	372.2	126.0	6.89	467.0
130.359	0.182	fixation	n/a	365.7	122.7	671.0	n/a	n/a	n/a	n/a
130.543	0.022	saccade	n/a	370.4	126.6	n/a	313.1	73.2	3.17	284.0
130.567	0.204	fixation	n/a	316.8	68.8	654.0	n/a	n/a	n/a	n/a
130.773	0.02	saccade	n/a	317.0	67.4	n/a	255.8	68.7	2.45	224.0
130.795	0.158	fixation	n/a	263.4	68.9	656.0	n/a	n/a	n/a	n/a
130.955	0.024	saccade	n/a	263.5	69.1	n/a	371.0	68.8	4.31	353.0
130.981	0.338	fixation	n/a	363.1	67.7	662.0	n/a	n/a	n/a	n/a
131.321	0.03	saccade	n/a	363.5	70.8	n/a	428.7	114.2	3.17	314.0
131.353	0.216	fixation	n/a	435.2	115.8	665.0	n/a	n/a	n/a	n/a
131.571	0.022	saccade	n/a	434.0	116.7	n/a	510.7	124.7	3.1	263.0
131.595	0.202	fixation	n/a	503.3	123.4	664.0	n/a	n/a	n/a	n/a
131.799	0.018	saccade	n/a	502.4	122.5	n/a	525.5	83.7	1.83	178.0
131.819	0.152	fixation	n/a	526.9	81.3	650.0	n/a	n/a	n/a	n/a
131.973	0.022	saccade	n/a	529.5	82.6	n/a	459.6	65.3	2.89	262.0
131.997	0.268	fixation	n/a	468.5	67.7	643.0	n/a	n/a	n/a	n/a
132.267	0.022	saccade	n/a	470.2	71.1	n/a	531.9	73.0	2.47	252.0
132.291	0.218	fixation	n/a	526.1	74.0	651.0	n/a	n/a	n/a	n/a
132.511	0.028	saccade	n/a	526.4	74.0	n/a	473.5	107.3	2.52	272.0
132.541	0.17	fixation	n/a	471.2	107.1	648.0	n/a	n/a	n/a	n/a
132.713	0.022	saccade	n/a	470.8	106.5	n/a	418.0	116.3	2.16	197.0
132.737	0.122	fixation	n/a	426.1	116.3	650.0	n/a	n/a	n/a	n/a
132.861	0.024	saccade	n/a	424.9	115.0	n/a	531.9	121.5	4.31	337.0
132.887	0.236	fixation	n/a	529.0	122.3	670.0	n/a	n/a	n/a	n/a
133.125	0.052	saccade	n/a	529.2	122.6	n/a	174.9	178.8	14.21	483.0
133.179	0.33	fixation	n/a	187.2	182.8	659.0	n/a	n/a	n/a	n/a
133.511	0.02	saccade	n/a	185.0	180.4	n/a	236.3	184.9	2.04	198.0
133.533	0.266	fixation	n/a	234.4	188.7	670.0	n/a	n/a	n/a	n/a
133.801	0.024	saccade	n/a	236.8	189.0	n/a	296.2	185.1	2.37	228.0
133.827	0.166	fixation	n/a	295.0	188.8	671.0	n/a	n/a	n/a	n/a
133.884	0.0	trigger_13	13	n/a	n/a	n/a	n/a	n/a	n/a	n/a
133.995	0.022	saccade	n/a	297.9	191.9	n/a	387.7	182.6	3.62	321.0
134.019	0.256	fixation	n/a	383.3	183.7	651.0	n/a	n/a	n/a	n/a
134.277	0.024	saccade	n/a	384.5	186.4	n/a	500.8	185.4	4.66	362.0
134.303	0.212	fixation	n/a	496.3	184.7	636.0	n/a	n/a	n/a	n/a
134.517	0.018	saccade	n/a	496.4	187.9	n/a	451.3	184.6	1.81	162.0
134.537	0.166	fixation	n/a	457.6	186.2	634.0	n/a	n/a	n/a	n/a
134.705	0.072	saccade	n/a	460.3	186.4	n/a	182.2	87.7	11.76	426.0
134.779	0.264	fixation	n/a	198.9	76.8	621.0	n/a	n/a	n/a	n/a
135.045	0.02	saccade	n/a	199.0	77.0	n/a	255.3	68.3	2.26	211.0
135.067	0.188	fixation	n/a	251.9	68.5	640.0	n/a	n/a	n/a	n/a
135.257	0.034	saccade	n/a	252.5	66.8	n/a	343.1	66.8	3.62	348.0
135.293	0.292	fixation	n/a	352.1	65.6	670.0	n/a	n/a	n/a	n/a
135.587	0.024	saccade	n/a	354.0	65.6	n/a	257.9	68.7	3.85	320.0
135.613	0.48	fixation	n/a	266.8	69.8	685.0	n/a	n/a	n/a	n/a
136.095	0.02	saccade	n/a	267.4	72.6	n/a	200.8	73.4	2.65	205.0
136.117	0.208	fixation	n/a	205.0	71.1	676.0	n/a	n/a	n/a	n/a
136.327	0.042	saccade	n/a	204.8	70.5	n/a	407.3	63.8	8.09	472.0
136.371	0.172	fixation	n/a	416.7	61.7	701.0	n/a	n/a	n/a	n/a
136.545	0.034	saccade	n/a	415.3	59.3	n/a	506.0	66.1	3.65	316.0
136.57	0.0	trigger_15	15	n/a	n/a	n/a	n/a	n/a	n/a	n/a
136.576	0.0	trigger_10	10	n/a	n/a	n/a	n/a	n/a	n/a	n/a
136.581	0.138	fixation	n/a	509.1	65.8	695.0	n/a	n/a	n/a	n/a
136.721	0.024	saccade	n/a	509.3	66.9	n/a	624.4	67.4	4.57	344.0
136.747	0.334	fixation	n/a	615.6	68.2	682.0	n/a	n/a	n/a	n/a
137.083	0.334	saccade	n/a	617.0	70.9	n/a	441.8	200.9	8.73	550.0
137.169	0.206	blink	n/a	n/a	n/a	n/a	n/a	n/a	n/a	n/a
137.419	0.168	fixation	n/a	442.4	185.5	687.0	n/a	n/a	n/a	n/a
137.589	0.03	saccade	n/a	438.7	173.9	n/a	511.4	181.5	2.93	310.0
137.621	0.322	fixation	n/a	512.7	180.8	680.0	n/a	n/a	n/a	n/a
137.945	0.006	saccade	n/a	510.4	182.3	n/a	499.3	182.4	0.44	68.0
137.953	0.782	fixation	n/a	501.3	188.0	626.0	n/a	n/a	n/a	n/a
138.737	0.042	saccade	n/a	500.7	188.7	n/a	300.2	116.7	8.55	387.0
138.781	0.108	fixation	n/a	304.4	113.7	652.0	n/a	n/a	n/a	n/a
138.891	0.038	saccade	n/a	306.7	113.7	n/a	175.0	64.5	5.6	321.0
138.931	0.268	fixation	n/a	184.8	67.3	660.0	n/a	n/a	n/a	n/a
139.201	0.028	saccade	n/a	185.0	67.3	n/a	255.3	66.7	2.78	290.0
139.231	0.276	fixation	n/a	256.5	64.9	712.0	n/a	n/a	n/a	n/a
139.509	0.026	saccade	n/a	254.7	64.5	n/a	350.0	64.4	3.81	307.0
139.537	0.244	fixation	n/a	345.4	63.3	721.0	n/a	n/a	n/a	n/a
139.783	0.024	saccade	n/a	344.9	63.5	n/a	431.6	60.8	3.49	309.0
139.809	0.304	fixation	n/a	425.8	59.9	713.0	n/a	n/a	n/a	n/a
140.115	0.022	saccade	n/a	426.3	60.4	n/a	498.0	65.8	2.89	242.0
140.139	0.252	fixation	n/a	491.8	67.4	693.0	n/a	n/a	n/a	n/a
140.393	0.03	saccade	n/a	492.6	64.6	n/a	558.7	72.9	2.67	290.0
140.425	0.304	fixation	n/a	563.8	69.7	681.0	n/a	n/a	n/a	n/a
140.731	0.048	saccade	n/a	566.0	71.7	n/a	194.5	132.8	14.92	522.0
140.781	0.282	fixation	n/a	196.9	130.2	708.0	n/a	n/a	n/a	n/a
141.065	0.026	saccade	n/a	195.9	130.8	n/a	259.7	133.6	2.53	270.0
141.093	0.15	fixation	n/a	264.8	134.0	743.0	n/a	n/a	n/a	n/a
141.245	0.022	saccade	n/a	264.0	134.4	n/a	225.4	136.4	1.54	186.0
141.269	0.162	fixation	n/a	226.5	134.2	749.0	n/a	n/a	n/a	n/a
141.433	0.03	saccade	n/a	225.1	135.5	n/a	288.6	127.3	2.55	309.0
141.465	0.12	fixation	n/a	295.7	128.7	744.0	n/a	n/a	n/a	n/a
141.587	0.022	saccade	n/a	295.3	128.8	n/a	370.4	128.4	3.02	246.0
141.611	0.16	fixation	n/a	362.1	127.9	740.0	n/a	n/a	n/a	n/a
141.773	0.024	saccade	n/a	359.4	126.3	n/a	463.7	127.7	4.2	307.0
141.799	0.276	fixation	n/a	458.5	129.4	727.0	n/a	n/a	n/a	n/a
142.077	0.024	saccade	n/a	457.7	128.7	n/a	533.2	132.0	3.03	285.0
142.103	0.134	fixation	n/a	527.9	131.0	711.0	n/a	n/a	n/a	n/a
142.239	0.022	saccade	n/a	528.2	129.9	n/a	588.4	134.8	2.4	199.0
142.263	0.116	fixation	n/a	577.8	134.2	716.0	n/a	n/a	n/a	n/a
142.381	0.054	saccade	n/a	577.9	135.6	n/a	162.8	192.8	16.54	529.0
142.437	0.264	fixation	n/a	174.2	195.0	723.0	n/a	n/a	n/a	n/a
142.703	0.028	saccade	n/a	173.4	194.9	n/a	237.1	180.5	2.58	276.0
142.733	0.142	fixation	n/a	244.8	180.4	741.0	n/a	n/a	n/a	n/a
142.877	0.028	saccade	n/a	249.5	180.5	n/a	218.9	145.3	1.87	171.0
142.907	0.406	fixation	n/a	216.9	140.6	752.0	n/a	n/a	n/a	n/a
143.315	0.02	saccade	n/a	214.5	140.9	n/a	270.4	132.3	2.25	212.0
143.337	0.208	fixation	n/a	265.9	134.1	747.0	n/a	n/a	n/a	n/a
143.547	0.052	saccade	n/a	267.7	136.1	n/a	607.3	91.4	13.62	464.0
143.601	0.154	fixation	n/a	594.5	86.8	734.0	n/a	n/a	n/a	n/a
143.757	0.032	saccade	n/a	594.7	87.6	n/a	514.7	71.9	3.24	342.0
143.791	0.078	fixation	n/a	511.3	71.2	727.0	n/a	n/a	n/a	n/a
143.871	0.034	saccade	n/a	511.1	72.2	n/a	311.5	65.4	8.0	450.0
143.907	0.054	fixation	n/a	322.1	62.8	711.0	n/a	n/a	n/a	n/a
143.963	0.03	saccade	n/a	322.8	63.3	n/a	192.7	79.0	5.22	356.0
143.995	0.214	fixation	n/a	198.9	75.9	694.0	n/a	n/a	n/a	n/a
144.211	0.024	saccade	n/a	196.4	73.7	n/a	279.8	73.1	3.32	269.0
144.237	0.166	fixation	n/a	272.5	71.3	710.0	n/a	n/a	n/a	n/a
144.405	0.032	saccade	n/a	274.5	72.9	n/a	358.9	69.4	3.39	352.0
144.439	0.31	fixation	n/a	367.9	68.1	698.0	n/a	n/a	n/a	n/a
144.751	0.03	saccade	n/a	367.8	69.0	n/a	442.2	67.3	3.0	306.0
144.783	0.204	fixation	n/a	447.8	67.9	662.0	n/a	n/a	n/a	n/a
144.989	0.024	saccade	n/a	448.4	65.7	n/a	537.3	64.9	3.56	298.0
145.015	0.204	fixation	n/a	533.0	64.6	643.0	n/a	n/a	n/a	n/a
145.221	0.024	saccade	n/a	535.1	64.6	n/a	471.1	62.5	2.56	253.0
145.247	0.222	fixation	n/a	477.7	66.1	637.0	n/a	n/a	n/a	n/a
145.471	0.034	saccade	n/a	479.0	68.3	n/a	561.2	65.2	3.29	319.0
145.507	0.378	fixation	n/a	567.3	67.3	638.0	n/a	n/a	n/a	n/a
145.887	0.022	saccade	n/a	565.7	70.0	n/a	595.6	69.0	1.18	138.0
145.911	0.176	fixation	n/a	595.5	65.8	640.0	n/a	n/a	n/a	n/a
146.089	0.054	saccade	n/a	595.4	65.4	n/a	167.2	133.1	17.08	526.0
146.145	0.206	fixation	n/a	176.8	133.2	649.0	n/a	n/a	n/a	n/a
146.353	0.02	saccade	n/a	178.6	133.4	n/a	231.1	132.9	2.08	204.0
146.375	0.16	fixation	n/a	226.4	135.5	658.0	n/a	n/a	n/a	n/a
146.537	0.02	saccade	n/a	225.3	133.4	n/a	286.1	131.6	2.42	216.0
146.559	0.146	fixation	n/a	282.4	133.0	663.0	n/a	n/a	n/a	n/a
146.707	0.022	saccade	n/a	284.1	133.7	n/a	354.5	127.5	2.84	257.0
146.731	0.234	fixation	n/a	348.0	131.2	665.0	n/a	n/a	n/a	n/a
146.967	0.024	saccade	n/a	347.2	133.6	n/a	446.1	129.1	3.98	304.0
146.993	0.34	fixation	n/a	445.5	130.3	646.0	n/a	n/a	n/a	n/a
147.316	0.0	trigger_11	11	n/a	n/a	n/a	n/a	n/a	n/a	n/a
147.322	0.0	trigger_10	10	n/a	n/a	n/a	n/a	n/a	n/a	n/a
147.335	0.024	saccade	n/a	447.0	135.0	n/a	528.0	136.0	3.25	243.0
147.361	0.126	fixation	n/a	519.8	133.5	625.0	n/a	n/a	n/a	n/a
147.489	0.022	saccade	n/a	519.4	132.8	n/a	580.6	138.3	2.45	183.0
147.513	0.156	fixation	n/a	572.4	133.5	616.0	n/a	n/a	n/a	n/a
147.671	0.034	saccade	n/a	574.2	134.9	n/a	387.3	126.4	7.48	410.0
147.707	0.406	fixation	n/a	394.6	128.6	621.0	n/a	n/a	n/a	n/a
148.115	0.022	saccade	n/a	394.1	130.3	n/a	472.5	133.3	3.16	273.0
148.139	0.106	fixation	n/a	462.9	134.6	640.0	n/a	n/a	n/a	n/a
148.247	0.022	saccade	n/a	465.4	138.4	n/a	541.1	142.3	3.03	222.0
148.271	0.208	fixation	n/a	541.2	136.0	640.0	n/a	n/a	n/a	n/a
148.481	0.032	saccade	n/a	540.0	131.8	n/a	593.7	136.9	2.14	263.0
148.515	0.064	fixation	n/a	601.9	135.5	648.0	n/a	n/a	n/a	n/a
148.581	0.05	saccade	n/a	602.5	134.8	n/a	203.4	196.9	15.97	538.0
148.633	0.16	fixation	n/a	207.9	195.5	650.0	n/a	n/a	n/a	n/a
148.795	0.018	saccade	n/a	209.0	195.4	n/a	168.3	200.5	1.62	134.0
148.815	0.308	fixation	n/a	169.5	198.0	655.0	n/a	n/a	n/a	n/a
149.125	0.044	saccade	n/a	169.2	199.2	n/a	184.7	86.3	4.59	208.0
149.171	0.37	fixation	n/a	193.1	85.0	663.0	n/a	n/a	n/a	n/a
149.543	0.012	saccade	n/a	193.7	85.0	n/a	170.2	74.1	1.02	95.0
149.557	0.138	fixation	n/a	175.2	74.0	709.0	n/a	n/a	n/a	n/a
149.697	0.022	saccade	n/a	174.9	72.4	n/a	264.8	67.7	3.57	318.0
149.721	0.49	fixation	n/a	255.6	69.3	699.0	n/a	n/a	n/a	n/a
150.213	0.022	saccade	n/a	255.7	72.2	n/a	196.9	121.0	3.06	249.0
150.237	0.168	fixation	n/a	197.3	127.5	676.0	n/a	n/a	n/a	n/a
150.407	0.024	saccade	n/a	195.6	127.3	n/a	309.5	122.7	4.54	372.0
150.433	0.148	fixation	n/a	304.4	121.7	689.0	n/a	n/a	n/a	n/a
150.583	0.034	saccade	n/a	303.1	125.6	n/a	407.6	127.5	4.21	339.0
150.619	0.186	fixation	n/a	415.6	124.6	681.0	n/a	n/a	n/a	n/a
150.807	0.038	saccade	n/a	420.0	126.9	n/a	235.3	56.5	7.92	341.0
150.847	0.32	fixation	n/a	237.6	60.3	663.0	n/a	n/a	n/a	n/a
151.169	0.016	saccade	n/a	236.6	60.1	n/a	207.2	67.3	1.2	114.0
151.187	0.072	fixation	n/a	209.7	68.1	679.0	n/a	n/a	n/a	n/a
151.261	0.032	saccade	n/a	209.4	67.8	n/a	302.9	67.8	3.73	349.0
151.295	0.168	fixation	n/a	308.8	64.5	694.0	n/a	n/a	n/a	n/a
151.465	0.022	saccade	n/a	305.8	61.3	n/a	373.2	61.6	2.71	219.0
151.489	0.248	fixation	n/a	365.7	61.7	694.0	n/a	n/a	n/a	n/a
151.739	0.018	saccade	n/a	366.5	62.2	n/a	399.4	62.7	1.33	135.0
151.759	0.148	fixation	n/a	392.8	64.4	686.0	n/a	n/a	n/a	n/a
151.909	0.024	saccade	n/a	391.0	65.8	n/a	316.2	63.9	3.01	264.0
151.935	0.198	fixation	n/a	325.1	66.2	669.0	n/a	n/a	n/a	n/a
152.135	0.076	saccade	n/a	330.0	76.0	n/a	436.5	82.8	4.29	282.0
152.213	0.308	fixation	n/a	408.8	74.4	672.0	n/a	n/a	n/a	n/a
152.523	0.03	saccade	n/a	404.9	73.4	n/a	484.0	74.6	3.18	356.0
152.555	0.338	fixation	n/a	485.8	71.9	665.0	n/a	n/a	n/a	n/a
152.895	0.026	saccade	n/a	482.6	72.8	n/a	578.4	72.8	3.82	290.0
152.923	0.282	fixation	n/a	572.8	69.8	651.0	n/a	n/a	n/a	n/a
153.207	0.024	saccade	n/a	573.8	74.4	n/a	490.7	68.7	3.33	286.0
153.233	0.362	fixation	n/a	499.9	67.1	648.0	n/a	n/a	n/a	n/a
153.597	0.032	saccade	n/a	502.0	68.9	n/a	573.1	66.9	2.83	304.0
153.631	0.286	fixation	n/a	575.4	68.8	655.0	n/a	n/a	n/a	n/a
153.919	0.026	saccade	n/a	574.7	71.7	n/a	608.6	72.4	1.34	166.0
153.947	0.158	fixation	n/a	611.4	69.0	654.0	n/a	n/a	n/a	n/a
154.107	0.054	saccade	n/a	611.9	71.9	n/a	175.6	140.5	17.4	549.0
154.163	0.254	fixation	n/a	183.5	136.7	666.0	n/a	n/a	n/a	n/a
154.419	0.03	saccade	n/a	184.1	135.3	n/a	256.1	134.6	2.85	300.0
154.451	0.132	fixation	n/a	262.3	133.1	683.0	n/a	n/a	n/a	n/a
154.585	0.034	saccade	n/a	260.9	132.6	n/a	367.0	127.0	4.26	378.0
154.612	0.0	trigger_11	11	n/a	n/a	n/a	n/a	n/a	n/a	n/a
154.616	0.0	trigger_10	10	n/a	n/a	n/a	n/a	n/a	n/a	n/a
154.621	0.288	fixation	n/a	374.4	122.0	675.0	n/a	n/a	n/a	n/a
154.911	0.02	saccade	n/a	375.4	121.9	n/a	435.7	122.6	2.43	209.0
154.933	0.204	fixation	n/a	430.8	123.0	674.0	n/a	n/a	n/a	n/a
155.139	0.028	saccade	n/a	430.3	127.7	n/a	476.5	125.4	1.86	217.0
155.169	0.118	fixation	n/a	480.2	125.4	665.0	n/a	n/a	n/a	n/a
155.289	0.03	saccade	n/a	480.6	124.6	n/a	557.3	130.4	3.08	299.0
155.321	0.216	fixation	n/a	561.5	130.9	653.0	n/a	n/a	n/a	n/a
155.539	0.056	saccade	n/a	560.6	132.5	n/a	185.5	201.9	15.12	450.0
155.597	0.37	fixation	n/a	198.7	201.9	659.0	n/a	n/a	n/a	n/a
155.969	0.024	saccade	n/a	200.9	201.6	n/a	278.4	190.8	3.11	268.0
155.995	0.268	fixation	n/a	277.6	191.7	662.0	n/a	n/a	n/a	n/a
156.265	0.01	saccade	n/a	280.2	206.0	n/a	259.3	203.3	0.84	88.0
156.277	0.184	fixation	n/a	261.4	194.2	672.0	n/a	n/a	n/a	n/a
156.463	0.024	saccade	n/a	262.4	189.6	n/a	250.1	128.2	2.54	230.0
156.489	0.324	fixation	n/a	246.0	131.3	685.0	n/a	n/a	n/a	n/a
156.815	0.022	saccade	n/a	246.2	131.9	n/a	182.7	75.1	3.41	283.0
156.839	0.252	fixation	n/a	185.3	69.3	695.0	n/a	n/a	n/a	n/a
157.093	0.012	saccade	n/a	180.9	66.9	n/a	153.7	71.4	1.08	107.0
157.107	0.126	fixation	n/a	158.2	70.7	710.0	n/a	n/a	n/a	n/a
157.235	0.024	saccade	n/a	159.1	69.6	n/a	249.8	65.0	3.59	328.0
157.261	0.176	fixation	n/a	242.4	59.0	704.0	n/a	n/a	n/a	n/a
157.439	0.022	saccade	n/a	245.0	62.3	n/a	313.4	59.4	2.74	272.0
157.463	0.244	fixation	n/a	307.4	59.6	691.0	n/a	n/a	n/a	n/a
157.709	0.024	saccade	n/a	306.8	64.9	n/a	237.7	59.8	2.77	220.0
157.735	0.262	fixation	n/a	245.2	59.5	662.0	n/a	n/a	n/a	n/a
157.999	0.044	saccade	n/a	244.5	56.5	n/a	192.6	66.1	2.1	198.0
158.045	0.166	fixation	n/a	199.2	66.9	656.0	n/a	n/a	n/a	n/a
158.213	0.02	saccade	n/a	198.4	67.3	n/a	154.0	67.7	1.74	168.0
158.235	0.212	fixation	n/a	161.1	69.4	656.0	n/a	n/a	n/a	n/a
158.449	0.04	saccade	n/a	160.7	70.8	n/a	302.3	63.0	5.63	358.0
158.491	0.164	fixation	n/a	307.9	64.0	663.0	n/a	n/a	n/a	n/a
158.657	0.028	saccade	n/a	309.3	67.5	n/a	390.6	61.1	3.28	323.0
158.687	0.188	fixation	n/a	397.8	61.3	660.0	n/a	n/a	n/a	n/a
158.877	0.026	saccade	n/a	396.8	61.8	n/a	442.5	64.7	1.84	222.0
158.905	0.274	fixation	n/a	446.3	63.1	651.0	n/a	n/a	n/a	n/a
159.15	0.0	trigger_11	11	n/a	n/a	n/a	n/a	n/a	n/a	n/a
159.156	0.0	trigger_10	10	n/a	n/a	n/a	n/a	n/a	n/a	n/a
159.181	0.036	saccade	n/a	446.7	64.7	n/a	563.3	69.1	4.66	368.0
159.219	0.164	fixation	n/a	571.7	68.2	630.0	n/a	n/a	n/a	n/a
159.385	0.052	saccade	n/a	575.5	68.9	n/a	176.8	127.3	15.93	512.0
159.439	0.274	fixation	n/a	183.6	124.5	626.0	n/a	n/a	n/a	n/a
159.715	0.034	saccade	n/a	186.0	126.3	n/a	409.3	87.1	9.04	436.0
159.751	0.268	fixation	n/a	430.1	74.0	647.0	n/a	n/a	n/a	n/a
160.021	0.044	saccade	n/a	430.9	71.0	n/a	197.6	74.6	9.31	415.0
160.067	0.184	fixation	n/a	203.2	71.2	641.0	n/a	n/a	n/a	n/a
160.253	0.022	saccade	n/a	201.5	67.4	n/a	269.8	66.7	2.72	232.0
160.277	0.438	fixation	n/a	265.4	68.8	658.0	n/a	n/a	n/a	n/a
160.717	0.026	saccade	n/a	266.1	69.6	n/a	393.8	64.7	5.13	389.0
160.745	0.288	fixation	n/a	392.6	66.7	654.0	n/a	n/a	n/a	n/a
161.035	0.034	saccade	n/a	390.6	63.4	n/a	228.2	72.2	6.51	378.0
161.071	0.296	fixation	n/a	238.4	71.9	664.0	n/a	n/a	n/a	n/a
161.369	0.02	saccade	n/a	240.6	73.5	n/a	175.2	69.7	2.59	249.0
161.391	0.252	fixation	n/a	182.6	68.3	697.0	n/a	n/a	n/a	n/a
161.645	0.03	saccade	n/a	182.9	70.4	n/a	235.0	60.9	2.09	252.0
161.677	0.12	fixation	n/a	242.2	63.7	711.0	n/a	n/a	n/a	n/a
161.799	0.034	saccade	n/a	242.7	66.4	n/a	334.9	59.4	3.7	382.0
161.835	0.212	fixation	n/a	342.1	60.1	686.0	n/a	n/a	n/a	n/a
162.049	0.03	saccade	n/a	342.7	60.6	n/a	404.0	52.1	2.49	298.0
162.081	0.21	fixation	n/a	413.3	56.3	657.0	n/a	n/a	n/a	n/a
162.293	0.024	saccade	n/a	413.7	55.8	n/a	307.2	64.4	4.3	299.0
162.319	0.162	fixation	n/a	308.0	63.3	645.0	n/a	n/a	n/a	n/a
162.483	0.022	saccade	n/a	308.9	63.5	n/a	235.8	66.8	2.92	246.0
162.507	0.112	fixation	n/a	245.3	64.4	645.0	n/a	n/a	n/a	n/a
162.621	0.026	saccade	n/a	244.7	66.9	n/a	382.8	60.3	5.54	416.0
162.649	0.292	fixation	n/a	381.2	59.4	652.0	n/a	n/a	n/a	n/a
162.943	0.034	saccade	n/a	382.9	61.6	n/a	464.7	63.1	3.29	355.0
162.979	0.14	fixation	n/a	472.6	62.6	662.0	n/a	n/a	n/a	n/a
163.121	0.028	saccade	n/a	474.3	59.9	n/a	338.9	62.1	5.44	386.0
163.151	0.318	fixation	n/a	342.0	67.6	646.0	n/a	n/a	n/a	n/a
163.471	0.006	saccade	n/a	350.6	85.4	n/a	363.6	88.9	0.54	76.0
163.479	0.266	fixation	n/a	392.3	71.8	641.0	n/a	n/a	n/a	n/a
163.747	0.012	saccade	n/a	388.0	65.5	n/a	364.7	67.6	0.94	89.0
163.758	0.0	trigger_11	11	n/a	n/a	n/a	n/a	n/a	n/a	n/a
163.761	0.344	fixation	n/a	370.9	66.0	624.0	n/a	n/a	n/a	n/a
163.764	0.0	trigger_10	10	n/a	n/a	n/a	n/a	n/a	n/a	n/a
164.107	0.032	saccade	n/a	370.0	63.9	n/a	474.8	65.6	4.22	392.0
164.141	0.21	fixation	n/a	481.7	65.5	638.0	n/a	n/a	n/a	n/a
164.353	0.024	saccade	n/a	483.8	65.2	n/a	545.8	69.3	2.49	243.0
164.379	0.156	fixation	n/a	541.3	68.6	638.0	n/a	n/a	n/a	n/a
164.537	0.048	saccade	n/a	540.6	68.0	n/a	198.6	130.5	13.81	460.0
164.587	0.166	fixation	n/a	203.5	126.3	638.0	n/a	n/a	n/a	n/a
164.755	0.01	saccade	n/a	202.2	127.1	n/a	183.4	132.1	0.77	79.0
164.767	0.168	fixation	n/a	181.0	133.0	636.0	n/a	n/a	n/a	n/a
164.937	0.03	saccade	n/a	182.7	133.6	n/a	240.2	132.5	2.28	260.0
164.969	0.19	fixation	n/a	245.1	131.6	668.0	n/a	n/a	n/a	n/a
165.161	0.028	saccade	n/a	246.5	129.9	n/a	311.2	129.8	2.59	284.0
165.191	0.242	fixation	n/a	315.4	130.1	679.0	n/a	n/a	n/a	n/a
165.435	0.032	saccade	n/a	316.9	132.1	n/a	391.8	126.5	3.02	298.0
165.469	0.166	fixation	n/a	400.5	128.6	673.0	n/a	n/a	n/a	n/a
165.637	0.036	saccade	n/a	402.2	128.3	n/a	228.9	125.7	6.93	364.0
165.675	0.11	fixation	n/a	238.0	123.9	668.0	n/a	n/a	n/a	n/a
165.787	0.022	saccade	n/a	239.1	123.0	n/a	203.3	64.8	2.76	243.0
165.811	0.214	fixation	n/a	210.3	72.0	659.0	n/a	n/a	n/a	n/a
166.027	0.02	saccade	n/a	209.6	73.1	n/a	156.2	71.6	2.1	191.0
166.049	0.304	fixation	n/a	166.0	71.0	674.0	n/a	n/a	n/a	n/a
166.355	0.008	saccade	n/a	166.0	71.9	n/a	153.0	72.4	0.51	69.0
166.365	0.132	fixation	n/a	154.5	75.0	690.0	n/a	n/a	n/a	n/a
166.499	0.024	saccade	n/a	155.9	76.4	n/a	241.8	71.4	3.4	297.0
166.525	0.264	fixation	n/a	234.8	71.8	712.0	n/a	n/a	n/a	n/a
166.791	0.022	saccade	n/a	233.6	74.3	n/a	159.9	74.5	2.91	248.0
166.815	0.444	fixation	n/a	171.8	74.7	687.0	n/a	n/a	n/a	n/a
167.261	0.022	saccade	n/a	172.4	73.8	n/a	266.7	67.4	3.74	333.0
167.285	0.192	fixation	n/a	255.0	69.6	712.0	n/a	n/a	n/a	n/a
167.479	0.022	saccade	n/a	253.6	70.3	n/a	194.1	71.1	2.36	216.0
167.503	0.154	fixation	n/a	202.4	76.0	736.0	n/a	n/a	n/a	n/a
167.659	0.02	saccade	n/a	205.9	79.3	n/a	147.9	77.7	2.28	193.0
167.681	0.308	fixation	n/a	161.1	81.8	764.0	n/a	n/a	n/a	n/a
167.991	0.02	saccade	n/a	163.2	87.0	n/a	203.2	82.3	1.59	159.0
168.013	0.118	fixation	n/a	198.9	82.0	769.0	n/a	n/a	n/a	n/a
168.133	0.032	saccade	n/a	197.3	80.2	n/a	285.8	76.3	3.52	381.0
168.167	0.194	fixation	n/a	286.6	74.8	793.0	n/a	n/a	n/a	n/a
168.363	0.03	saccade	n/a	284.3	73.6	n/a	342.2	71.8	2.32	272.0
168.395	0.236	fixation	n/a	342.2	70.3	804.0	n/a	n/a	n/a	n/a
168.633	0.02	saccade	n/a	338.4	70.3	n/a	387.8	63.1	2.01	193.0
168.655	0.162	fixation	n/a	379.8	68.6	778.0	n/a	n/a	n/a	n/a
168.819	0.034	saccade	n/a	379.5	71.9	n/a	454.9	69.4	3.04	324.0
168.855	0.338	fixation	n/a	466.8	72.3	746.0	n/a	n/a	n/a	n/a
169.195	0.03	saccade	n/a	471.5	76.7	n/a	514.5	78.1	1.72	227.0
169.227	0.118	fixation	n/a	518.4	76.3	745.0	n/a	n/a	n/a	n/a
169.347	0.044	saccade	n/a	519.2	76.7	n/a	230.7	121.5	11.64	490.0
169.393	0.042	fixation	n/a	235.3	121.8	757.0	n/a	n/a	n/a	n/a
169.437	0.038	saccade	n/a	234.5	124.9	n/a	141.9	145.9	3.74	307.0
169.477	0.152	fixation	n/a	141.0	148.3	769.0	n/a	n/a	n/a	n/a
169.631	0.02	saccade	n/a	143.9	153.3	n/a	198.7	140.9	2.21	214.0
169.653	0.156	fixation	n/a	193.2	144.1	801.0	n/a	n/a	n/a	n/a
169.811	0.03	saccade	n/a	198.4	143.6	n/a	265.7	138.4	2.68	313.0
169.843	0.178	fixation	n/a	268.5	136.3	838.0	n/a	n/a	n/a	n/a
170.023	0.032	saccade	n/a	268.0	135.1	n/a	362.8	130.4	3.81	379.0
170.057	0.146	fixation	n/a	370.9	130.9	849.0	n/a	n/a	n/a	n/a
170.205	0.02	saccade	n/a	370.3	130.0	n/a	333.5	134.2	1.49	164.0
170.227	0.09	fixation	n/a	337.5	135.3	861.0	n/a	n/a	n/a	n/a
170.319	0.03	saccade	n/a	337.6	138.5	n/a	415.8	132.5	3.16	356.0
170.351	0.164	fixation	n/a	417.4	129.9	833.0	n/a	n/a	n/a	n/a
170.517	0.022	saccade	n/a	415.5	131.9	n/a	463.1	130.8	1.92	204.0
170.541	0.138	fixation	n/a	460.9	130.0	794.0	n/a	n/a	n/a	n/a
170.681	0.028	saccade	n/a	459.5	128.8	n/a	514.1	129.7	2.19	248.0
170.711	0.226	fixation	n/a	521.2	129.9	767.0	n/a	n/a	n/a	n/a
170.939	0.024	saccade	n/a	525.2	129.9	n/a	622.9	131.9	3.88	321.0
170.965	0.232	fixation	n/a	619.2	132.7	724.0	n/a	n/a	n/a	n/a
171.199	0.054	saccade	n/a	620.0	133.2	n/a	170.6	199.0	17.86	492.0
171.255	0.234	fixation	n/a	178.9	198.1	738.0	n/a	n/a	n/a	n/a
171.491	0.034	saccade	n/a	178.7	201.0	n/a	277.6	194.0	3.93	372.0
171.527	0.238	fixation	n/a	289.1	193.4	750.0	n/a	n/a	n/a	n/a
171.767	0.024	saccade	n/a	288.5	195.3	n/a	382.8	191.3	3.78	311.0
171.793	0.244	fixation	n/a	375.5	189.8	720.0	n/a	n/a	n/a	n/a
172.039	0.034	saccade	n/a	376.9	191.6	n/a	489.0	184.9	4.5	381.0
172.075	0.186	fixation	n/a	495.3	186.9	700.0	n/a	n/a	n/a	n/a
172.263	0.052	saccade	n/a	497.1	185.5	n/a	222.0	80.1	11.76	412.0
172.317	0.276	fixation	n/a	201.5	74.5	681.0	n/a	n/a	n/a	n/a
172.595	0.034	saccade	n/a	200.9	71.6	n/a	302.2	71.4	4.04	386.0
172.631	0.236	fixation	n/a	309.1	68.4	708.0	n/a	n/a	n/a	n/a
172.869	0.032	saccade	n/a	309.0	70.4	n/a	393.1	68.5	3.39	320.0
172.903	0.264	fixation	n/a	400.1	68.4	732.0	n/a	n/a	n/a	n/a
173.169	0.02	saccade	n/a	398.0	68.7	n/a	465.7	63.0	2.73	246.0
173.191	0.254	fixation	n/a	457.1	64.1	710.0	n/a	n/a	n/a	n/a
173.447	0.014	saccade	n/a	460.4	66.2	n/a	495.7	65.4	1.42	139.0
173.463	0.128	fixation	n/a	492.8	67.5	701.0	n/a	n/a	n/a	n/a
173.593	0.024	saccade	n/a	493.3	67.8	n/a	393.0	69.7	4.04	338.0
173.619	0.308	fixation	n/a	399.4	66.6	710.0	n/a	n/a	n/a	n/a
173.929	0.026	saccade	n/a	398.9	66.7	n/a	382.1	65.2	0.68	150.0
173.957	0.02	fixation	n/a	379.2	65.6	708.0	n/a	n/a	n/a	n/a
173.979	0.038	saccade	n/a	379.4	65.7	n/a	469.9	68.6	3.64	384.0
174.019	0.092	fixation	n/a	479.9	68.4	719.0	n/a	n/a	n/a	n/a
174.113	0.046	saccade	n/a	480.9	67.1	n/a	179.8	131.4	12.25	484.0
174.161	0.23	fixation	n/a	189.7	133.0	729.0	n/a	n/a	n/a	n/a
174.393	0.03	saccade	n/a	190.0	132.4	n/a	248.9	133.8	2.33	270.0
174.425	0.18	fixation	n/a	254.5	133.4	746.0	n/a	n/a	n/a	n/a
174.607	0.034	saccade	n/a	253.9	134.1	n/a	355.4	124.7	4.09	372.0
174.643	0.138	fixation	n/a	368.9	125.1	734.0	n/a	n/a	n/a	n/a
174.783	0.02	saccade	n/a	369.7	123.8	n/a	329.0	132.9	1.68	158.0
174.805	0.074	fixation	n/a	334.6	130.5	737.0	n/a	n/a	n/a	n/a
174.881	0.036	saccade	n/a	334.9	131.6	n/a	444.7	125.1	4.43	344.0
174.919	0.188	fixation	n/a	452.7	124.0	716.0	n/a	n/a	n/a	n/a
175.109	0.034	saccade	n/a	454.3	125.6	n/a	532.3	132.2	3.14	288.0
175.145	0.212	fixation	n/a	538.5	132.6	687.0	n/a	n/a	n/a	n/a
175.359	0.022	saccade	n/a	537.4	132.6	n/a	625.0	135.6	3.47	289.0
175.383	0.228	fixation	n/a	620.6	133.5	658.0	n/a	n/a	n/a	n/a
175.613	0.058	saccade	n/a	622.8	131.6	n/a	199.0	194.9	16.88	508.0
175.673	0.24	fixation	n/a	209.9	197.6	664.0	n/a	n/a	n/a	n/a
175.915	0.028	saccade	n/a	210.1	197.1	n/a	287.8	191.1	3.1	311.0
175.945	0.22	fixation	n/a	295.1	189.7	667.0	n/a	n/a	n/a	n/a
176.167	0.03	saccade	n/a	295.7	189.7	n/a	369.2	187.2	2.95	293.0
176.199	0.31	fixation	n/a	374.2	185.6	654.0	n/a	n/a	n/a	n/a
176.206	0.0	trigger_11	11	n/a	n/a	n/a	n/a	n/a	n/a	n/a
176.214	0.0	trigger_10	10	n/a	n/a	n/a	n/a	n/a	n/a	n/a
176.511	0.022	saccade	n/a	375.0	183.1	n/a	333.2	188.3	1.69	201.0
176.535	0.13	fixation	n/a	337.4	186.9	652.0	n/a	n/a	n/a	n/a
176.667	0.022	saccade	n/a	336.7	189.7	n/a	410.9	182.4	2.99	271.0
176.691	0.198	fixation	n/a	401.2	183.6	651.0	n/a	n/a	n/a	n/a
176.891	0.026	saccade	n/a	400.9	185.2	n/a	514.3	190.8	4.55	282.0
176.919	0.212	fixation	n/a	507.1	188.7	654.0	n/a	n/a	n/a	n/a
177.133	0.028	saccade	n/a	497.5	180.3	n/a	369.5	188.4	5.14	357.0
177.163	0.342	fixation	n/a	375.3	187.3	664.0	n/a	n/a	n/a	n/a
177.507	0.02	saccade	n/a	373.6	184.9	n/a	305.6	191.8	2.74	237.0
177.529	0.252	fixation	n/a	317.5	188.5	670.0	n/a	n/a	n/a	n/a
177.783	0.04	saccade	n/a	317.0	189.6	n/a	474.4	188.1	6.32	424.0
177.825	0.544	fixation	n/a	485.3	186.5	663.0	n/a	n/a	n/a	n/a
178.371	0.048	saccade	n/a	485.9	188.2	n/a	195.5	101.1	12.1	448.0
178.421	0.148	fixation	n/a	202.0	95.7	666.0	n/a	n/a	n/a	n/a
178.571	0.014	saccade	n/a	199.6	95.1	n/a	187.8	73.2	1.0	94.0
178.587	0.248	fixation	n/a	189.2	70.7	673.0	n/a	n/a	n/a	n/a
178.837	0.022	saccade	n/a	186.8	69.2	n/a	274.8	65.1	3.5	292.0
178.861	0.27	fixation	n/a	265.6	65.2	669.0	n/a	n/a	n/a	n/a
179.133	0.016	saccade	n/a	266.7	68.4	n/a	303.2	61.2	1.49	137.0
179.151	0.14	fixation	n/a	300.4	63.3	663.0	n/a	n/a	n/a	n/a
179.293	0.03	saccade	n/a	300.6	67.0	n/a	370.3	62.7	2.81	338.0
179.325	0.272	fixation	n/a	378.2	64.5	660.0	n/a	n/a	n/a	n/a
179.599	0.036	saccade	n/a	378.4	65.3	n/a	472.1	64.6	3.77	316.0
179.637	0.2	fixation	n/a	479.5	66.3	656.0	n/a	n/a	n/a	n/a
179.839	0.02	saccade	n/a	480.5	67.0	n/a	448.5	64.1	1.29	149.0
179.861	0.504	fixation	n/a	451.4	63.9	642.0	n/a	n/a	n/a	n/a
180.367	0.022	saccade	n/a	451.3	65.0	n/a	421.8	62.6	1.19	143.0
180.391	0.072	fixation	n/a	421.0	62.5	631.0	n/a	n/a	n/a	n/a
180.465	0.026	saccade	n/a	418.7	62.1	n/a	302.9	64.5	4.66	331.0
180.493	0.406	fixation	n/a	304.4	61.6	628.0	n/a	n/a	n/a	n/a
180.901	0.06	saccade	n/a	301.2	62.7	n/a	451.2	73.0	6.04	320.0
180.963	0.036	fixation	n/a	462.1	71.8	647.0	n/a	n/a	n/a	n/a
181.001	0.012	saccade	n/a	473.9	70.2	n/a	458.6	70.0	0.61	73.0
181.015	0.392	fixation	n/a	447.7	65.5	639.0	n/a	n/a	n/a	n/a
181.409	0.03	saccade	n/a	448.9	63.8	n/a	515.8	69.8	2.69	275.0
181.441	0.128	fixation	n/a	519.4	67.9	641.0	n/a	n/a	n/a	n/a
181.571	0.024	saccade	n/a	520.8	69.2	n/a	413.3	59.4	4.34	355.0
181.597	0.158	fixation	n/a	419.1	62.1	642.0	n/a	n/a	n/a	n/a
181.757	0.018	saccade	n/a	419.0	63.9	n/a	362.7	62.2	2.27	202.0
181.777	0.204	fixation	n/a	371.8	63.1	657.0	n/a	n/a	n/a	n/a
181.983	0.026	saccade	n/a	370.6	65.0	n/a	470.7	65.6	4.03	273.0
182.011	0.228	fixation	n/a	463.4	63.3	674.0	n/a	n/a	n/a	n/a
182.241	0.024	saccade	n/a	463.4	64.5	n/a	554.5	67.2	3.65	276.0
182.267	0.146	fixation	n/a	544.8	69.6	691.0	n/a	n/a	n/a	n/a
182.415	0.028	saccade	n/a	543.8	73.4	n/a	597.5	73.1	2.13	257.0
182.445	0.174	fixation	n/a	602.1	71.7	684.0	n/a	n/a	n/a	n/a
182.621	0.054	saccade	n/a	602.2	70.5	n/a	169.9	137.8	17.24	583.0
182.677	0.23	fixation	n/a	177.3	135.0	692.0	n/a	n/a	n/a	n/a
182.909	0.03	saccade	n/a	179.1	136.1	n/a	248.5	133.0	2.75	308.0
182.941	0.234	fixation	n/a	260.9	133.0	724.0	n/a	n/a	n/a	n/a
183.177	0.02	saccade	n/a	263.4	131.1	n/a	326.9	129.7	2.55	228.0
183.199	0.176	fixation	n/a	319.3	131.6	722.0	n/a	n/a	n/a	n/a
183.377	0.032	saccade	n/a	318.2	129.6	n/a	395.8	128.8	3.12	308.0
183.411	0.282	fixation	n/a	401.5	127.8	704.0	n/a	n/a	n/a	n/a
183.695	0.02	saccade	n/a	402.7	129.7	n/a	472.1	127.1	2.79	257.0
183.717	0.148	fixation	n/a	465.9	128.6	680.0	n/a	n/a	n/a	n/a
183.867	0.032	saccade	n/a	465.9	128.0	n/a	549.9	130.5	3.36	325.0
183.901	0.254	fixation	n/a	556.2	126.8	651.0	n/a	n/a	n/a	n/a
184.157	0.052	saccade	n/a	555.5	128.2	n/a	201.5	182.3	14.22	456.0
184.211	0.154	fixation	n/a	209.0	183.9	649.0	n/a	n/a	n/a	n/a
184.367	0.02	saccade	n/a	210.3	184.7	n/a	162.9	194.2	1.91	186.0
184.389	0.152	fixation	n/a	172.0	192.5	659.0	n/a	n/a	n/a	n/a
184.543	0.022	saccade	n/a	173.5	193.4	n/a	232.2	196.3	2.32	192.0
184.567	0.132	fixation	n/a	228.1	198.1	686.0	n/a	n/a	n/a	n/a
184.701	0.006	saccade	n/a	236.6	211.1	n/a	228.2	209.9	0.34	58.0
184.709	0.302	fixation	n/a	230.8	203.0	688.0	n/a	n/a	n/a	n/a
185.013	0.132	saccade	n/a	239.4	214.7	n/a	555.9	169.6	12.72	751.0
185.055	0.058	blink	n/a	n/a	n/a	n/a	n/a	n/a	n/a	n/a
185.147	0.132	fixation	n/a	547.7	134.9	666.0	n/a	n/a	n/a	n/a
185.281	0.022	saccade	n/a	545.1	128.7	n/a	594.0	135.6	1.96	177.0
185.305	0.13	fixation	n/a	589.3	136.0	661.0	n/a	n/a	n/a	n/a
185.437	0.186	saccade	n/a	591.2	144.1	n/a	266.6	219.9	13.24	762.0
185.469	0.128	blink	n/a	n/a	n/a	n/a	n/a	n/a	n/a	n/a
185.625	0.156	fixation	n/a	268.0	213.8	653.0	n/a	n/a	n/a	n/a
185.783	0.028	saccade	n/a	259.3	209.8	n/a	324.3	197.0	2.65	296.0
185.813	0.2	fixation	n/a	325.3	197.8	671.0	n/a	n/a	n/a	n/a
186.015	0.024	saccade	n/a	326.6	196.5	n/a	436.9	190.4	4.44	334.0
186.041	0.184	fixation	n/a	438.8	188.5	645.0	n/a	n/a	n/a	n/a
186.227	0.028	saccade	n/a	438.4	188.6	n/a	510.7	186.6	2.9	290.0
186.257	0.228	fixation	n/a	515.4	188.1	624.0	n/a	n/a	n/a	n/a
186.487	0.022	saccade	n/a	516.6	188.4	n/a	589.6	190.6	2.9	256.0
186.511	0.196	fixation	n/a	586.9	188.6	617.0	n/a	n/a	n/a	n/a
186.709	0.026	saccade	n/a	587.9	189.6	n/a	453.7	189.7	5.35	370.0
186.737	0.156	fixation	n/a	455.2	188.5	626.0	n/a	n/a	n/a	n/a
186.895	0.048	saccade	n/a	455.1	188.7	n/a	174.0	256.1	11.46	444.0
186.945	0.176	fixation	n/a	189.1	254.9	658.0	n/a	n/a	n/a	n/a
187.123	0.034	saccade	n/a	187.2	253.7	n/a	278.3	247.6	3.61	340.0
187.159	0.176	fixation	n/a	286.5	250.0	666.0	n/a	n/a	n/a	n/a
187.337	0.026	saccade	n/a	285.2	251.3	n/a	391.1	250.1	4.24	347.0
187.365	0.13	fixation	n/a	383.3	249.0	666.0	n/a	n/a	n/a	n/a
187.497	0.038	saccade	n/a	384.1	248.5	n/a	217.7	83.0	9.44	434.0
187.537	0.334	fixation	n/a	217.6	66.9	674.0	n/a	n/a	n/a	n/a
187.873	0.034	saccade	n/a	216.9	67.0	n/a	279.9	66.8	2.51	260.0
187.909	0.18	fixation	n/a	285.0	67.0	701.0	n/a	n/a	n/a	n/a
188.091	0.036	saccade	n/a	286.6	67.8	n/a	377.7	61.5	3.67	372.0
188.129	0.238	fixation	n/a	387.7	60.6	704.0	n/a	n/a	n/a	n/a
188.369	0.036	saccade	n/a	387.0	64.5	n/a	492.9	67.1	4.26	379.0
188.407	0.228	fixation	n/a	500.1	70.2	704.0	n/a	n/a	n/a	n/a
188.637	0.024	saccade	n/a	497.6	65.0	n/a	607.4	73.8	4.38	362.0
188.663	0.19	fixation	n/a	598.7	72.4	699.0	n/a	n/a	n/a	n/a
188.855	0.05	saccade	n/a	601.9	75.5	n/a	199.1	135.2	16.1	527.0
188.907	0.33	fixation	n/a	206.3	137.8	693.0	n/a	n/a	n/a	n/a
189.239	0.026	saccade	n/a	203.9	134.3	n/a	316.1	128.8	4.48	315.0
189.267	0.146	fixation	n/a	316.1	126.7	690.0	n/a	n/a	n/a	n/a
189.36	0.0	trigger_11	11	n/a	n/a	n/a	n/a	n/a	n/a	n/a
189.364	0.0	trigger_10	10	n/a	n/a	n/a	n/a	n/a	n/a	n/a
189.415	0.028	saccade	n/a	315.9	126.8	n/a	191.8	136.2	4.96	336.0
189.445	0.188	fixation	n/a	197.2	134.7	692.0	n/a	n/a	n/a	n/a
189.635	0.034	saccade	n/a	195.7	135.4	n/a	292.4	128.6	3.85	347.0
189.671	0.1	fixation	n/a	298.1	127.7	698.0	n/a	n/a	n/a	n/a
189.773	0.032	saccade	n/a	299.2	127.8	n/a	373.6	123.4	3.0	337.0
189.807	0.14	fixation	n/a	383.7	121.5	714.0	n/a	n/a	n/a	n/a
189.949	0.032	saccade	n/a	385.2	123.6	n/a	475.7	126.4	3.64	356.0
189.983	0.334	fixation	n/a	480.2	125.0	698.0	n/a	n/a	n/a	n/a
190.319	0.032	saccade	n/a	475.4	128.1	n/a	559.3	128.7	3.36	336.0
190.353	0.166	fixation	n/a	566.1	129.0	674.0	n/a	n/a	n/a	n/a
190.521	0.052	saccade	n/a	567.3	126.7	n/a	194.1	185.8	14.94	487.0
190.575	0.286	fixation	n/a	196.0	186.3	677.0	n/a	n/a	n/a	n/a
190.863	0.03	saccade	n/a	197.9	187.3	n/a	323.8	224.6	5.22	393.0
190.895	0.218	fixation	n/a	324.3	224.3	700.0	n/a	n/a	n/a	n/a
191.115	0.026	saccade	n/a	328.2	226.4	n/a	199.0	249.8	5.21	356.0
191.143	0.164	fixation	n/a	203.6	250.3	705.0	n/a	n/a	n/a	n/a
191.309	0.022	saccade	n/a	202.2	249.9	n/a	280.6	244.4	3.11	255.0
191.333	0.188	fixation	n/a	273.7	247.0	691.0	n/a	n/a	n/a	n/a
191.523	0.034	saccade	n/a	271.8	245.2	n/a	192.2	75.9	7.53	405.0
191.559	0.24	fixation	n/a	192.5	66.0	657.0	n/a	n/a	n/a	n/a
191.801	0.03	saccade	n/a	192.1	64.3	n/a	264.2	61.9	2.86	282.0
191.833	0.208	fixation	n/a	270.8	59.3	661.0	n/a	n/a	n/a	n/a
192.043	0.03	saccade	n/a	270.7	61.9	n/a	356.3	62.2	3.43	321.0
192.075	0.22	fixation	n/a	360.3	59.9	662.0	n/a	n/a	n/a	n/a
192.297	0.026	saccade	n/a	361.1	61.1	n/a	255.1	64.1	4.25	321.0
192.325	0.294	fixation	n/a	264.5	58.9	647.0	n/a	n/a	n/a	n/a
192.621	0.03	saccade	n/a	269.2	62.7	n/a	360.5	62.0	3.67	365.0
192.653	0.262	fixation	n/a	364.1	58.6	656.0	n/a	n/a	n/a	n/a
192.917	0.028	saccade	n/a	366.2	61.9	n/a	422.9	62.4	2.29	276.0
192.947	0.124	fixation	n/a	426.8	61.2	647.0	n/a	n/a	n/a	n/a
193.073	0.024	saccade	n/a	427.0	63.3	n/a	530.2	66.3	4.15	368.0
193.099	0.378	fixation	n/a	521.1	66.9	657.0	n/a	n/a	n/a	n/a
193.336	0.0	trigger_11	11	n/a	n/a	n/a	n/a	n/a	n/a	n/a
193.342	0.0	trigger_10	10	n/a	n/a	n/a	n/a	n/a	n/a	n/a
193.479	0.05	saccade	n/a	520.6	65.9	n/a	160.4	149.2	14.66	441.0
193.531	0.234	fixation	n/a	164.2	145.6	660.0	n/a	n/a	n/a	n/a
193.767	0.012	saccade	n/a	164.9	142.4	n/a	189.6	130.0	1.09	111.0
193.781	0.128	fixation	n/a	189.6	129.3	670.0	n/a	n/a	n/a	n/a
193.911	0.03	saccade	n/a	192.7	130.6	n/a	221.9	79.1	2.38	172.0
193.943	0.214	fixation	n/a	245.7	75.2	662.0	n/a	n/a	n/a	n/a
194.159	0.022	saccade	n/a	250.4	74.4	n/a	325.3	68.0	3.01	280.0
194.183	0.152	fixation	n/a	318.9	67.5	678.0	n/a	n/a	n/a	n/a
194.337	0.022	saccade	n/a	318.9	67.2	n/a	391.3	64.5	2.92	248.0
194.361	0.164	fixation	n/a	381.8	64.7	676.0	n/a	n/a	n/a	n/a
194.527	0.022	saccade	n/a	382.7	66.6	n/a	308.1	64.7	3.0	292.0
194.551	0.24	fixation	n/a	316.9	65.6	669.0	n/a	n/a	n/a	n/a
194.793	0.018	saccade	n/a	318.5	67.7	n/a	269.8	66.5	1.95	173.0
194.813	0.334	fixation	n/a	276.5	67.3	678.0	n/a	n/a	n/a	n/a
195.149	0.02	saccade	n/a	276.7	69.1	n/a	211.9	71.5	2.58	234.0
195.171	0.384	fixation	n/a	222.8	69.4	684.0	n/a	n/a	n/a	n/a
195.557	0.02	saccade	n/a	224.1	67.0	n/a	172.6	66.4	2.03	192.0
195.579	0.156	fixation	n/a	178.1	64.2	712.0	n/a	n/a	n/a	n/a
195.737	0.008	saccade	n/a	176.8	65.4	n/a	160.4	67.2	0.65	77.0
195.747	0.096	fixation	n/a	161.7	66.2	721.0	n/a	n/a	n/a	n/a
195.845	0.022	saccade	n/a	163.8	67.3	n/a	268.1	63.3	4.13	373.0
195.869	0.196	fixation	n/a	258.0	62.8	714.0	n/a	n/a	n/a	n/a
196.067	0.034	saccade	n/a	257.2	61.2	n/a	338.3	61.6	3.24	333.0
196.103	0.208	fixation	n/a	346.3	59.7	679.0	n/a	n/a	n/a	n/a
196.313	0.03	saccade	n/a	344.8	59.5	n/a	417.6	51.6	2.95	287.0
196.345	0.208	fixation	n/a	423.2	53.4	649.0	n/a	n/a	n/a	n/a
196.555	0.022	saccade	n/a	422.1	54.9	n/a	500.6	63.5	3.17	265.0
196.579	0.28	fixation	n/a	494.2	61.5	636.0	n/a	n/a	n/a	n/a
196.861	0.018	saccade	n/a	491.4	59.9	n/a	437.5	59.1	2.17	205.0
196.881	0.144	fixation	n/a	446.4	58.6	620.0	n/a	n/a	n/a	n/a
197.027	0.036	saccade	n/a	444.7	57.5	n/a	544.5	60.8	3.99	361.0
197.065	0.322	fixation	n/a	552.6	62.2	624.0	n/a	n/a	n/a	n/a
197.389	0.016	saccade	n/a	552.9	66.3	n/a	521.5	65.8	1.25	112.0
197.407	0.274	fixation	n/a	527.1	66.2	630.0	n/a	n/a	n/a	n/a
197.683	0.022	saccade	n/a	527.3	65.6	n/a	449.7	56.0	3.13	290.0
197.707	0.63	fixation	n/a	447.8	61.9	663.0	n/a	n/a	n/a	n/a
198.339	0.03	saccade	n/a	442.0	64.5	n/a	332.2	63.0	4.41	257.0
198.371	0.25	fixation	n/a	345.2	61.1	668.0	n/a	n/a	n/a	n/a
198.623	0.034	saccade	n/a	344.9	60.8	n/a	524.6	69.5	7.21	418.0
198.659	0.158	fixation	n/a	520.0	67.3	671.0	n/a	n/a	n/a	n/a
198.819	0.02	saccade	n/a	519.7	65.6	n/a	591.0	72.1	2.85	277.0
198.841	0.194	fixation	n/a	582.1	69.7	668.0	n/a	n/a	n/a	n/a
199.037	0.046	saccade	n/a	582.5	65.9	n/a	221.1	129.6	14.57	512.0
199.085	0.154	fixation	n/a	212.5	129.1	674.0	n/a	n/a	n/a	n/a
199.241	0.018	saccade	n/a	214.7	130.3	n/a	165.6	137.2	1.96	169.0
199.261	0.218	fixation	n/a	172.8	135.2	687.0	n/a	n/a	n/a	n/a
199.481	0.03	saccade	n/a	172.7	133.8	n/a	263.1	130.2	3.59	352.0
199.513	0.136	fixation	n/a	272.2	135.0	709.0	n/a	n/a	n/a	n/a
199.651	0.022	saccade	n/a	279.7	148.2	n/a	224.0	153.3	2.23	118.0
199.675	0.032	fixation	n/a	235.3	153.7	711.0	n/a	n/a	n/a	n/a
199.709	0.124	saccade	n/a	244.9	162.2	n/a	260.1	162.1	0.61	90.0
199.723	0.098	blink	n/a	n/a	n/a	n/a	n/a	n/a	n/a	n/a
199.835	0.154	fixation	n/a	255.3	138.9	705.0	n/a	n/a	n/a	n/a
199.991	0.02	saccade	n/a	255.0	137.2	n/a	203.5	138.5	2.04	178.0
200.013	0.232	fixation	n/a	215.2	135.8	682.0	n/a	n/a	n/a	n/a
200.247	0.03	saccade	n/a	215.6	129.6	n/a	278.5	124.1	2.52	291.0
200.279	0.218	fixation	n/a	286.0	126.2	687.0	n/a	n/a	n/a	n/a
200.499	0.022	saccade	n/a	285.8	127.7	n/a	224.2	136.2	2.48	213.0
200.523	0.256	fixation	n/a	232.3	136.3	687.0	n/a	n/a	n/a	n/a
200.781	0.026	saccade	n/a	228.4	132.7	n/a	341.8	129.3	4.53	327.0
200.809	0.194	fixation	n/a	338.5	130.9	685.0	n/a	n/a	n/a	n/a
201.005	0.03	saccade	n/a	339.8	135.1	n/a	413.8	119.8	3.04	315.0
201.037	0.244	fixation	n/a	421.3	122.9	678.0	n/a	n/a	n/a	n/a
201.283	0.028	saccade	n/a	423.2	126.2	n/a	499.1	128.7	3.06	298.0
201.313	0.448	fixation	n/a	505.1	125.7	666.0	n/a	n/a	n/a	n/a
201.763	0.022	saccade	n/a	503.0	123.9	n/a	577.1	127.3	2.96	242.0
201.787	0.252	fixation	n/a	572.3	144.4	656.0	n/a	n/a	n/a	n/a
202.041	0.024	saccade	n/a	570.6	134.8	n/a	647.7	131.0	3.04	245.0
202.067	0.17	fixation	n/a	638.3	133.1	650.0	n/a	n/a	n/a	n/a
202.239	0.022	saccade	n/a	636.5	128.6	n/a	674.7	132.3	1.5	152.0
202.263	0.106	fixation	n/a	669.5	131.8	639.0	n/a	n/a	n/a	n/a
202.371	0.062	saccade	n/a	670.2	134.6	n/a	159.4	191.9	20.05	555.0
202.435	0.166	fixation	n/a	167.6	196.5	651.0	n/a	n/a	n/a	n/a
202.603	0.024	saccade	n/a	167.9	198.9	n/a	244.5	189.6	3.04	236.0
202.629	0.184	fixation	n/a	241.7	190.2	666.0	n/a	n/a	n/a	n/a
202.815	0.022	saccade	n/a	242.7	191.1	n/a	338.7	184.2	3.84	332.0
202.839	0.262	fixation	n/a	337.5	189.2	665.0	n/a	n/a	n/a	n/a
203.103	0.036	saccade	n/a	341.5	199.3	n/a	461.3	202.9	4.81	298.0
203.141	0.216	fixation	n/a	439.3	186.5	656.0	n/a	n/a	n/a	n/a
203.359	0.038	saccade	n/a	432.6	176.4	n/a	274.1	196.0	6.39	348.0
203.399	0.23	fixation	n/a	288.1	194.3	650.0	n/a	n/a	n/a	n/a
203.631	0.022	saccade	n/a	289.5	194.6	n/a	319.2	135.0	2.7	197.0
203.655	0.146	fixation	n/a	328.5	121.0	649.0	n/a	n/a	n/a	n/a
203.803	0.026	saccade	n/a	329.0	120.4	n/a	427.9	122.8	3.98	282.0
203.831	0.132	fixation	n/a	421.2	121.2	652.0	n/a	n/a	n/a	n/a
203.92	0.0	trigger_11	11	n/a	n/a	n/a	n/a	n/a	n/a	n/a
203.924	0.0	trigger_10	10	n/a	n/a	n/a	n/a	n/a	n/a	n/a
203.965	0.034	saccade	n/a	421.8	123.0	n/a	531.5	123.8	4.41	354.0
204.001	0.248	fixation	n/a	539.2	122.3	651.0	n/a	n/a	n/a	n/a
204.251	0.044	saccade	n/a	539.0	120.7	n/a	274.9	69.5	10.75	415.0
204.297	0.212	fixation	n/a	277.8	67.6	637.0	n/a	n/a	n/a	n/a
204.511	0.022	saccade	n/a	276.8	68.3	n/a	208.9	67.4	2.7	233.0
204.535	0.25	fixation	n/a	215.6	66.6	662.0	n/a	n/a	n/a	n/a
204.787	0.016	saccade	n/a	214.8	66.6	n/a	173.2	69.8	1.65	146.0
204.805	0.222	fixation	n/a	173.9	67.9	674.0	n/a	n/a	n/a	n/a
205.029	0.036	saccade	n/a	174.3	66.1	n/a	281.2	53.6	4.27	350.0
205.067	0.224	fixation	n/a	287.7	52.7	682.0	n/a	n/a	n/a	n/a
205.293	0.022	saccade	n/a	291.2	54.9	n/a	365.3	56.0	2.98	254.0
205.317	0.196	fixation	n/a	355.4	47.8	677.0	n/a	n/a	n/a	n/a
205.515	0.032	saccade	n/a	354.8	49.7	n/a	434.2	177.7	6.12	448.0
205.549	0.244	fixation	n/a	433.3	167.3	687.0	n/a	n/a	n/a	n/a
205.795	0.02	saccade	n/a	432.7	160.7	n/a	393.3	104.0	2.81	241.0
205.817	0.26	fixation	n/a	391.8	97.2	668.0	n/a	n/a	n/a	n/a
206.079	0.038	saccade	n/a	391.3	99.0	n/a	187.6	72.1	8.19	386.0
206.119	0.326	fixation	n/a	191.0	68.8	668.0	n/a	n/a	n/a	n/a
206.447	0.028	saccade	n/a	190.6	67.7	n/a	246.1	65.1	2.2	244.0
206.477	0.202	fixation	n/a	249.7	60.4	695.0	n/a	n/a	n/a	n/a
206.681	0.034	saccade	n/a	248.4	60.5	n/a	316.5	57.3	2.73	318.0
206.717	0.21	fixation	n/a	323.4	54.6	691.0	n/a	n/a	n/a	n/a
206.929	0.022	saccade	n/a	325.0	58.2	n/a	390.7	62.9	2.65	256.0
206.953	0.17	fixation	n/a	382.4	60.7	686.0	n/a	n/a	n/a	n/a
207.125	0.03	saccade	n/a	383.2	59.5	n/a	441.5	65.0	2.36	284.0
207.157	0.382	fixation	n/a	444.9	64.4	677.0	n/a	n/a	n/a	n/a
207.541	0.024	saccade	n/a	444.5	62.5	n/a	541.4	68.2	3.88	324.0
207.567	0.218	fixation	n/a	550.9	65.6	666.0	n/a	n/a	n/a	n/a
207.787	0.048	saccade	n/a	552.8	66.0	n/a	152.6	134.8	16.03	561.0
207.837	0.214	fixation	n/a	161.2	134.4	667.0	n/a	n/a	n/a	n/a
208.053	0.082	saccade	n/a	163.5	132.2	n/a	592.2	110.6	16.9	330.0
208.137	0.314	fixation	n/a	536.3	85.8	693.0	n/a	n/a	n/a	n/a
208.453	0.208	saccade	n/a	528.0	74.9	n/a	410.0	95.3	4.81	850.0
208.493	0.132	blink	n/a	n/a	n/a	n/a	n/a	n/a	n/a	n/a
208.663	0.198	fixation	n/a	407.1	70.7	679.0	n/a	n/a	n/a	n/a
208.863	0.034	saccade	n/a	408.4	67.3	n/a	522.6	72.7	4.59	380.0
208.899	0.15	fixation	n/a	528.0	68.6	674.0	n/a	n/a	n/a	n/a
209.051	0.03	saccade	n/a	527.7	67.8	n/a	591.0	67.9	2.52	313.0
209.083	0.176	fixation	n/a	599.6	72.1	645.0	n/a	n/a	n/a	n/a
209.261	0.026	saccade	n/a	600.4	72.0	n/a	490.5	65.2	4.39	352.0
209.289	0.424	fixation	n/a	502.0	65.6	626.0	n/a	n/a	n/a	n/a
209.715	0.032	saccade	n/a	503.7	65.5	n/a	393.2	56.0	4.45	404.0
209.749	0.096	fixation	n/a	391.4	58.7	632.0	n/a	n/a	n/a	n/a
209.847	0.034	saccade	n/a	391.5	58.4	n/a	225.7	57.3	6.63	388.0
209.883	0.278	fixation	n/a	241.7	62.6	633.0	n/a	n/a	n/a	n/a
210.163	0.022	saccade	n/a	241.6	63.2	n/a	162.9	67.5	3.12	242.0
210.187	0.194	fixation	n/a	171.1	68.0	674.0	n/a	n/a	n/a	n/a
210.383	0.026	saccade	n/a	172.1	68.8	n/a	262.5	69.4	3.57	332.0
210.411	0.23	fixation	n/a	257.8	66.8	680.0	n/a	n/a	n/a	n/a
210.643	0.022	saccade	n/a	260.2	64.2	n/a	324.2	72.5	2.58	257.0
210.667	0.204	fixation	n/a	317.4	65.4	675.0	n/a	n/a	n/a	n/a
210.873	0.022	saccade	n/a	316.9	64.5	n/a	385.6	65.1	2.76	250.0
210.897	0.26	fixation	n/a	379.3	63.1	679.0	n/a	n/a	n/a	n/a
211.159	0.022	saccade	n/a	379.0	63.9	n/a	444.1	66.7	2.62	243.0
211.183	0.312	fixation	n/a	436.4	66.2	667.0	n/a	n/a	n/a	n/a
211.497	0.02	saccade	n/a	439.0	68.7	n/a	379.3	59.6	2.44	215.0
211.519	0.174	fixation	n/a	387.7	61.3	658.0	n/a	n/a	n/a	n/a
211.554	0.0	trigger_11	11	n/a	n/a	n/a	n/a	n/a	n/a	n/a
211.558	0.0	trigger_10	10	n/a	n/a	n/a	n/a	n/a	n/a	n/a
211.695	0.03	saccade	n/a	387.6	63.3	n/a	453.0	66.5	2.64	308.0
211.727	0.29	fixation	n/a	458.3	63.9	660.0	n/a	n/a	n/a	n/a
212.019	0.024	saccade	n/a	458.8	64.1	n/a	519.3	66.0	2.43	222.0
212.045	0.22	fixation	n/a	514.5	67.5	667.0	n/a	n/a	n/a	n/a
212.267	0.03	saccade	n/a	516.0	66.7	n/a	569.3	71.0	2.13	250.0
212.299	0.21	fixation	n/a	577.0	70.4	674.0	n/a	n/a	n/a	n/a
212.511	0.052	saccade	n/a	579.6	72.0	n/a	206.6	106.8	14.84	476.0
212.565	0.13	fixation	n/a	209.8	100.8	675.0	n/a	n/a	n/a	n/a
212.697	0.018	saccade	n/a	206.9	99.3	n/a	166.3	110.7	1.66	132.0
212.717	0.104	fixation	n/a	169.2	112.1	675.0	n/a	n/a	n/a	n/a
212.823	0.034	saccade	n/a	172.6	115.1	n/a	254.4	57.7	3.99	302.0
212.859	0.176	fixation	n/a	263.0	62.8	693.0	n/a	n/a	n/a	n/a
213.037	0.034	saccade	n/a	266.0	65.6	n/a	340.7	60.5	3.0	339.0
213.073	0.436	fixation	n/a	350.8	61.3	712.0	n/a	n/a	n/a	n/a
213.511	0.024	saccade	n/a	353.0	65.4	n/a	253.9	56.9	3.98	285.0
213.537	0.214	fixation	n/a	254.5	60.1	701.0	n/a	n/a	n/a	n/a
213.753	0.024	saccade	n/a	254.2	60.7	n/a	169.5	69.8	3.37	263.0
213.779	0.22	fixation	n/a	177.5	66.8	705.0	n/a	n/a	n/a	n/a
214.001	0.034	saccade	n/a	177.4	66.2	n/a	293.0	65.4	4.59	392.0
214.037	0.208	fixation	n/a	302.1	59.3	731.0	n/a	n/a	n/a	n/a
214.247	0.026	saccade	n/a	302.3	59.0	n/a	209.1	66.9	3.73	270.0
214.275	0.232	fixation	n/a	216.5	67.5	696.0	n/a	n/a	n/a	n/a
214.509	0.028	saccade	n/a	215.7	69.0	n/a	345.8	65.8	5.2	353.0
214.539	0.13	fixation	n/a	341.6	65.3	699.0	n/a	n/a	n/a	n/a
214.671	0.026	saccade	n/a	344.3	67.3	n/a	227.0	69.2	4.68	320.0
214.699	0.362	fixation	n/a	236.7	66.9	695.0	n/a	n/a	n/a	n/a
215.063	0.02	saccade	n/a	233.9	65.6	n/a	192.2	66.3	1.65	163.0
215.085	0.348	fixation	n/a	201.7	67.5	699.0	n/a	n/a	n/a	n/a
215.435	0.034	saccade	n/a	203.2	69.5	n/a	291.4	64.2	3.51	333.0
215.471	0.156	fixation	n/a	301.8	64.4	713.0	n/a	n/a	n/a	n/a
215.629	0.032	saccade	n/a	302.5	64.5	n/a	377.7	64.8	3.03	313.0
215.663	0.246	fixation	n/a	379.9	61.6	714.0	n/a	n/a	n/a	n/a
215.911	0.022	saccade	n/a	382.1	65.3	n/a	441.9	65.9	2.41	250.0
215.935	0.204	fixation	n/a	438.0	63.0	715.0	n/a	n/a	n/a	n/a
216.141	0.024	saccade	n/a	441.0	65.6	n/a	550.7	69.8	4.4	370.0
216.167	0.318	fixation	n/a	544.6	69.4	710.0	n/a	n/a	n/a	n/a
216.487	0.028	saccade	n/a	545.2	69.1	n/a	382.0	56.6	6.56	444.0
216.517	0.244	fixation	n/a	389.6	56.1	733.0	n/a	n/a	n/a	n/a
216.763	0.022	saccade	n/a	389.8	54.0	n/a	301.5	56.9	3.56	284.0
216.787	0.252	fixation	n/a	291.2	55.6	770.0	n/a	n/a	n/a	n/a
217.041	0.024	saccade	n/a	291.1	53.8	n/a	214.8	60.2	3.05	239.0
217.067	0.278	fixation	n/a	228.3	60.4	811.0	n/a	n/a	n/a	n/a
217.347	0.022	saccade	n/a	229.3	61.4	n/a	180.3	65.9	1.95	182.0
217.371	0.236	fixation	n/a	191.0	69.3	854.0	n/a	n/a	n/a	n/a
217.609	0.008	saccade	n/a	192.5	70.9	n/a	209.5	70.1	0.67	86.0
217.619	0.128	fixation	n/a	211.3	69.9	864.0	n/a	n/a	n/a	n/a
217.749	0.034	saccade	n/a	211.6	71.3	n/a	297.3	61.5	3.43	360.0
217.785	0.248	fixation	n/a	304.5	62.7	856.0	n/a	n/a	n/a	n/a
217.938	0.0	trigger_11	11	n/a	n/a	n/a	n/a	n/a	n/a	n/a
217.944	0.0	trigger_10	10	n/a	n/a	n/a	n/a	n/a	n/a	n/a
218.035	0.02	saccade	n/a	303.5	66.6	n/a	274.5	69.4	1.17	109.0
218.057	0.186	fixation	n/a	282.2	71.2	834.0	n/a	n/a	n/a	n/a
218.245	0.036	saccade	n/a	280.9	71.2	n/a	368.7	70.8	3.53	342.0
218.283	0.17	fixation	n/a	375.7	69.5	820.0	n/a	n/a	n/a	n/a
218.455	0.026	saccade	n/a	374.9	71.4	n/a	454.3	66.9	3.2	306.0
218.483	0.12	fixation	n/a	447.8	66.2	794.0	n/a	n/a	n/a	n/a
218.605	0.034	saccade	n/a	449.7	67.5	n/a	529.1	70.5	3.18	341.0
218.641	0.308	fixation	n/a	544.3	68.6	748.0	n/a	n/a	n/a	n/a
218.951	0.03	saccade	n/a	548.4	71.3	n/a	498.7	66.7	2.0	258.0
218.983	0.058	fixation	n/a	495.5	63.9	741.0	n/a	n/a	n/a	n/a
219.043	0.04	saccade	n/a	494.7	63.4	n/a	253.4	63.5	9.65	421.0
219.085	0.274	fixation	n/a	265.8	63.5	734.0	n/a	n/a	n/a	n/a
219.361	0.028	saccade	n/a	266.5	66.1	n/a	159.0	68.2	4.26	290.0
219.391	0.296	fixation	n/a	172.9	69.6	751.0	n/a	n/a	n/a	n/a
219.689	0.046	saccade	n/a	171.5	69.2	n/a	408.0	62.3	9.41	529.0
219.737	0.14	fixation	n/a	418.1	60.4	769.0	n/a	n/a	n/a	n/a
219.879	0.022	saccade	n/a	418.6	60.4	n/a	359.0	60.1	2.4	207.0
219.903	0.236	fixation	n/a	364.2	59.1	753.0	n/a	n/a	n/a	n/a
220.141	0.034	saccade	n/a	364.7	59.9	n/a	170.5	81.5	7.77	380.0
220.177	0.266	fixation	n/a	181.9	75.7	765.0	n/a	n/a	n/a	n/a
220.445	0.01	saccade	n/a	182.1	75.1	n/a	162.1	76.9	0.79	85.0
220.457	0.104	fixation	n/a	162.7	76.6	769.0	n/a	n/a	n/a	n/a
220.563	0.034	saccade	n/a	163.4	79.0	n/a	243.2	62.0	3.23	365.0
220.599	0.27	fixation	n/a	252.2	61.0	721.0	n/a	n/a	n/a	n/a
220.871	0.034	saccade	n/a	254.7	61.6	n/a	321.8	56.9	2.69	260.0
220.907	0.204	fixation	n/a	328.1	57.0	715.0	n/a	n/a	n/a	n/a
221.113	0.026	saccade	n/a	329.2	58.5	n/a	244.5	61.4	3.39	269.0
221.141	0.168	fixation	n/a	253.1	61.4	706.0	n/a	n/a	n/a	n/a
221.311	0.032	saccade	n/a	250.8	61.0	n/a	335.0	64.3	3.37	334.0
221.345	0.252	fixation	n/a	342.5	71.8	718.0	n/a	n/a	n/a	n/a
221.599	0.034	saccade	n/a	339.0	72.7	n/a	409.1	60.0	2.87	330.0
221.635	0.208	fixation	n/a	416.7	60.4	730.0	n/a	n/a	n/a	n/a
221.845	0.04	saccade	n/a	417.4	57.8	n/a	253.7	69.9	6.58	357.0
221.887	0.196	fixation	n/a	264.7	66.7	724.0	n/a	n/a	n/a	n/a
222.085	0.022	saccade	n/a	264.3	62.6	n/a	231.4	65.0	1.31	167.0
222.109	0.218	fixation	n/a	236.9	65.2	732.0	n/a	n/a	n/a	n/a
222.329	0.008	saccade	n/a	236.7	64.6	n/a	251.0	64.1	0.57	67.0
222.339	0.12	fixation	n/a	249.4	62.8	754.0	n/a	n/a	n/a	n/a
222.461	0.032	saccade	n/a	248.2	64.1	n/a	324.5	61.0	3.05	347.0
222.495	0.248	fixation	n/a	327.9	58.6	773.0	n/a	n/a	n/a	n/a
222.745	0.026	saccade	n/a	328.1	62.5	n/a	452.8	71.9	5.02	383.0
222.773	0.204	fixation	n/a	449.8	65.4	773.0	n/a	n/a	n/a	n/a
222.979	0.034	saccade	n/a	451.9	69.9	n/a	534.9	72.1	3.32	340.0
223.015	0.238	fixation	n/a	545.3	71.7	765.0	n/a	n/a	n/a	n/a
223.255	0.032	saccade	n/a	544.2	71.1	n/a	480.7	65.8	2.55	343.0
223.289	0.208	fixation	n/a	476.9	65.6	750.0	n/a	n/a	n/a	n/a
223.499	0.044	saccade	n/a	478.1	64.3	n/a	171.4	137.3	12.53	455.0
223.545	0.36	fixation	n/a	182.0	130.1	764.0	n/a	n/a	n/a	n/a
223.907	0.074	saccade	n/a	183.8	133.7	n/a	302.8	146.9	4.76	196.0
223.983	0.3	fixation	n/a	289.1	136.2	794.0	n/a	n/a	n/a	n/a
224.285	0.022	saccade	n/a	284.6	132.3	n/a	351.1	128.4	2.68	267.0
224.309	0.168	fixation	n/a	344.0	123.2	769.0	n/a	n/a	n/a	n/a
224.479	0.034	saccade	n/a	345.2	124.2	n/a	448.5	126.8	4.16	402.0
224.515	0.126	fixation	n/a	456.5	126.6	762.0	n/a	n/a	n/a	n/a
224.643	0.02	saccade	n/a	459.6	129.3	n/a	426.5	126.3	1.34	143.0
224.665	0.19	fixation	n/a	431.4	126.3	758.0	n/a	n/a	n/a	n/a
224.857	0.03	saccade	n/a	431.9	126.7	n/a	524.4	126.2	3.71	350.0
224.889	0.204	fixation	n/a	532.2	131.6	732.0	n/a	n/a	n/a	n/a
225.095	0.03	saccade	n/a	533.1	132.3	n/a	600.7	129.0	2.69	282.0
225.127	0.236	fixation	n/a	606.6	127.7	701.0	n/a	n/a	n/a	n/a
225.365	0.056	saccade	n/a	607.1	129.9	n/a	170.8	203.4	17.4	497.0
225.423	0.214	fixation	n/a	176.3	199.9	697.0	n/a	n/a	n/a	n/a
225.639	0.042	saccade	n/a	176.8	197.5	n/a	540.3	129.5	14.63	527.0
225.683	0.188	fixation	n/a	543.2	124.1	699.0	n/a	n/a	n/a	n/a
225.873	0.018	saccade	n/a	542.7	126.1	n/a	595.5	126.5	2.1	186.0
225.893	0.598	fixation	n/a	587.9	125.0	713.0	n/a	n/a	n/a	n/a
226.493	0.028	saccade	n/a	587.9	121.2	n/a	602.3	125.8	0.6	146.0
226.523	0.102	fixation	n/a	609.1	124.0	697.0	n/a	n/a	n/a	n/a
226.627	0.056	saccade	n/a	609.4	123.6	n/a	187.9	195.1	16.84	504.0
226.685	0.268	fixation	n/a	198.7	199.8	725.0	n/a	n/a	n/a	n/a
226.955	0.018	saccade	n/a	199.4	200.4	n/a	156.2	202.0	1.7	131.0
226.975	0.112	fixation	n/a	163.0	200.7	724.0	n/a	n/a	n/a	n/a
227.089	0.03	saccade	n/a	164.7	198.9	n/a	224.3	191.4	2.37	278.0
227.121	0.14	fixation	n/a	232.2	194.8	708.0	n/a	n/a	n/a	n/a
227.263	0.02	saccade	n/a	233.5	194.0	n/a	283.9	192.4	2.01	206.0
227.285	0.072	fixation	n/a	280.3	194.5	701.0	n/a	n/a	n/a	n/a
227.359	0.02	saccade	n/a	284.0	208.0	n/a	348.0	203.6	2.57	204.0
227.381	0.212	fixation	n/a	362.4	192.0	689.0	n/a	n/a	n/a	n/a
227.595	0.014	saccade	n/a	363.6	188.7	n/a	336.6	192.4	1.09	111.0
227.611	0.094	fixation	n/a	341.0	189.9	682.0	n/a	n/a	n/a	n/a
227.707	0.032	saccade	n/a	339.7	189.2	n/a	425.7	186.9	3.46	366.0
227.741	0.43	fixation	n/a	433.7	184.1	657.0	n/a	n/a	n/a	n/a
228.173	0.022	saccade	n/a	436.2	182.7	n/a	514.0	189.6	3.13	278.0
228.197	0.17	fixation	n/a	505.9	184.6	638.0	n/a	n/a	n/a	n/a
228.369	0.02	saccade	n/a	505.9	181.1	n/a	508.1	127.6	2.18	201.0
228.391	0.162	fixation	n/a	513.9	129.4	629.0	n/a	n/a	n/a	n/a
228.555	0.016	saccade	n/a	515.4	128.6	n/a	555.9	126.3	1.62	155.0
228.573	0.146	fixation	n/a	550.8	126.3	618.0	n/a	n/a	n/a	n/a
228.721	0.04	saccade	n/a	551.3	124.1	n/a	378.0	127.7	6.95	388.0
228.763	0.298	fixation	n/a	380.5	121.7	621.0	n/a	n/a	n/a	n/a
229.063	0.024	saccade	n/a	377.5	118.5	n/a	452.0	117.3	3.0	245.0
229.089	0.186	fixation	n/a	445.3	112.1	646.0	n/a	n/a	n/a	n/a
229.277	0.02	saccade	n/a	445.7	111.2	n/a	390.7	72.0	2.73	224.0
229.299	0.272	fixation	n/a	403.4	68.2	643.0	n/a	n/a	n/a	n/a
229.573	0.032	saccade	n/a	406.6	76.0	n/a	287.8	117.0	5.06	329.0
229.607	0.204	fixation	n/a	297.0	118.8	649.0	n/a	n/a	n/a	n/a
229.813	0.028	saccade	n/a	298.9	124.0	n/a	188.6	128.1	4.39	277.0
229.843	0.204	fixation	n/a	193.3	130.4	668.0	n/a	n/a	n/a	n/a
230.049	0.022	saccade	n/a	193.8	131.7	n/a	223.8	75.6	2.56	158.0
230.073	0.228	fixation	n/a	221.1	68.2	672.0	n/a	n/a	n/a	n/a
230.303	0.02	saccade	n/a	222.3	68.2	n/a	163.2	72.8	2.34	205.0
230.325	0.14	fixation	n/a	171.2	71.7	699.0	n/a	n/a	n/a	n/a
230.467	0.038	saccade	n/a	170.9	68.5	n/a	314.2	63.9	5.69	426.0
230.507	0.182	fixation	n/a	319.1	53.3	754.0	n/a	n/a	n/a	n/a
230.691	0.042	saccade	n/a	317.9	52.6	n/a	471.7	55.4	6.18	472.0
230.735	0.178	fixation	n/a	479.1	59.0	765.0	n/a	n/a	n/a	n/a
230.915	0.032	saccade	n/a	477.5	61.9	n/a	554.0	60.0	3.06	311.0
230.949	0.338	fixation	n/a	556.4	59.7	746.0	n/a	n/a	n/a	n/a
231.146	0.0	trigger_11	11	n/a	n/a	n/a	n/a	n/a	n/a	n/a
231.15	0.0	trigger_12	12	n/a	n/a	n/a	n/a	n/a	n/a	n/a
231.289	0.024	saccade	n/a	554.7	62.2	n/a	457.3	55.9	3.9	327.0
231.315	0.3	fixation	n/a	469.1	53.3	754.0	n/a	n/a	n/a	n/a
231.617	0.044	saccade	n/a	469.8	53.2	n/a	173.4	116.5	12.06	456.0
231.663	0.274	fixation	n/a	186.2	120.3	769.0	n/a	n/a	n/a	n/a
231.939	0.012	saccade	n/a	181.9	121.8	n/a	161.0	131.8	0.92	90.0
231.953	0.124	fixation	n/a	164.8	130.6	757.0	n/a	n/a	n/a	n/a
232.079	0.034	saccade	n/a	164.7	129.8	n/a	250.8	127.6	3.4	321.0
232.115	0.198	fixation	n/a	254.9	121.0	779.0	n/a	n/a	n/a	n/a
232.315	0.032	saccade	n/a	257.2	122.2	n/a	349.8	125.3	3.71	356.0
232.349	0.122	fixation	n/a	358.4	128.4	769.0	n/a	n/a	n/a	n/a
232.473	0.026	saccade	n/a	391.1	147.9	n/a	471.5	160.4	3.28	172.0
232.501	0.224	fixation	n/a	473.3	127.0	749.0	n/a	n/a	n/a	n/a
232.727	0.036	saccade	n/a	469.4	120.9	n/a	593.2	129.7	4.95	438.0
232.765	0.17	fixation	n/a	601.6	132.6	707.0	n/a	n/a	n/a	n/a
232.937	0.022	saccade	n/a	603.5	133.4	n/a	559.9	127.9	1.74	194.0
232.961	0.342	fixation	n/a	564.7	128.1	690.0	n/a	n/a	n/a	n/a
233.305	0.044	saccade	n/a	564.4	134.6	n/a	232.9	89.2	13.28	559.0
233.351	0.17	fixation	n/a	232.5	82.4	705.0	n/a	n/a	n/a	n/a
233.523	0.02	saccade	n/a	232.0	81.0	n/a	171.1	80.2	2.4	215.0
233.545	0.164	fixation	n/a	177.9	77.8	706.0	n/a	n/a	n/a	n/a
233.711	0.014	saccade	n/a	180.8	76.4	n/a	152.9	78.7	1.1	92.0
233.727	0.16	fixation	n/a	162.5	78.6	716.0	n/a	n/a	n/a	n/a
233.889	0.028	saccade	n/a	164.6	77.1	n/a	214.6	78.3	1.97	253.0
233.919	0.2	fixation	n/a	218.5	69.6	730.0	n/a	n/a	n/a	n/a
234.121	0.036	saccade	n/a	218.2	69.5	n/a	313.8	66.5	3.82	400.0
234.159	0.236	fixation	n/a	322.6	62.1	735.0	n/a	n/a	n/a	n/a
234.397	0.036	saccade	n/a	317.1	60.7	n/a	412.1	56.1	3.83	319.0
234.435	0.28	fixation	n/a	419.5	57.2	702.0	n/a	n/a	n/a	n/a
234.717	0.02	saccade	n/a	420.6	60.2	n/a	369.9	60.6	2.04	179.0
234.739	0.156	fixation	n/a	379.7	63.0	684.0	n/a	n/a	n/a	n/a
234.897	0.034	saccade	n/a	379.9	63.9	n/a	486.2	65.0	4.28	403.0
234.933	0.196	fixation	n/a	496.2	61.3	681.0	n/a	n/a	n/a	n/a
235.131	0.024	saccade	n/a	497.3	61.0	n/a	378.2	61.5	4.79	386.0
235.157	0.23	fixation	n/a	388.3	61.0	686.0	n/a	n/a	n/a	n/a
235.389	0.068	saccade	n/a	388.9	56.6	n/a	203.0	128.5	7.98	417.0
235.459	0.206	fixation	n/a	205.0	127.8	705.0	n/a	n/a	n/a	n/a
235.667	0.016	saccade	n/a	202.4	128.0	n/a	169.8	137.8	1.34	122.0
235.685	0.126	fixation	n/a	174.6	135.1	717.0	n/a	n/a	n/a	n/a
235.813	0.038	saccade	n/a	174.0	135.6	n/a	361.6	59.3	8.09	407.0
235.853	0.158	fixation	n/a	366.3	65.8	731.0	n/a	n/a	n/a	n/a
236.013	0.036	saccade	n/a	367.6	65.2	n/a	197.5	71.2	6.79	373.0
236.051	0.224	fixation	n/a	211.2	73.3	756.0	n/a	n/a	n/a	n/a
236.277	0.022	saccade	n/a	210.0	72.0	n/a	168.0	79.7	1.68	174.0
236.301	0.214	fixation	n/a	170.1	77.2	764.0	n/a	n/a	n/a	n/a
236.517	0.026	saccade	n/a	170.5	78.7	n/a	235.3	60.4	2.66	293.0
236.545	0.236	fixation	n/a	252.8	72.4	761.0	n/a	n/a	n/a	n/a
236.783	0.036	saccade	n/a	254.9	70.4	n/a	314.3	67.3	2.38	296.0
236.821	0.282	fixation	n/a	319.4	66.1	754.0	n/a	n/a	n/a	n/a
237.105	0.036	saccade	n/a	317.0	67.0	n/a	178.8	78.8	5.52	276.0
237.143	0.16	fixation	n/a	190.3	77.6	734.0	n/a	n/a	n/a	n/a
237.305	0.018	saccade	n/a	189.7	75.2	n/a	146.1	83.0	1.74	142.0
237.325	0.144	fixation	n/a	153.8	82.2	718.0	n/a	n/a	n/a	n/a
237.388	0.0	trigger_13	13	n/a	n/a	n/a	n/a	n/a	n/a	n/a
237.471	0.036	saccade	n/a	156.1	82.7	n/a	239.1	65.0	3.36	320.0
237.509	0.112	fixation	n/a	243.8	61.3	725.0	n/a	n/a	n/a	n/a
237.623	0.028	saccade	n/a	243.3	61.1	n/a	175.2	76.9	2.77	256.0
237.653	0.174	fixation	n/a	176.3	75.0	730.0	n/a	n/a	n/a	n/a
237.829	0.032	saccade	n/a	175.0	73.8	n/a	244.3	68.4	2.75	347.0
237.863	0.138	fixation	n/a	252.4	60.7	740.0	n/a	n/a	n/a	n/a
238.003	0.026	saccade	n/a	250.8	58.1	n/a	309.1	68.4	2.37	259.0
238.031	0.316	fixation	n/a	313.8	60.1	737.0	n/a	n/a	n/a	n/a
238.349	0.02	saccade	n/a	314.5	57.9	n/a	283.8	59.2	1.23	125.0
238.371	0.128	fixation	n/a	290.0	59.6	730.0	n/a	n/a	n/a	n/a
238.501	0.018	saccade	n/a	286.2	53.5	n/a	296.5	78.2	1.09	90.0
238.521	0.176	fixation	n/a	316.6	71.9	721.0	n/a	n/a	n/a	n/a
238.699	0.034	saccade	n/a	335.6	64.3	n/a	401.9	73.4	2.69	334.0
238.735	0.22	fixation	n/a	404.9	68.3	721.0	n/a	n/a	n/a	n/a
238.957	0.036	saccade	n/a	403.7	63.6	n/a	517.0	71.4	4.56	355.0
238.995	0.17	fixation	n/a	519.8	69.5	713.0	n/a	n/a	n/a	n/a
239.167	0.044	saccade	n/a	521.8	67.1	n/a	206.3	135.9	12.85	531.0
239.213	0.37	fixation	n/a	216.7	133.4	702.0	n/a	n/a	n/a	n/a
239.585	0.022	saccade	n/a	215.2	129.1	n/a	187.8	78.2	2.33	192.0
239.609	0.164	fixation	n/a	191.9	75.1	712.0	n/a	n/a	n/a	n/a
239.775	0.044	saccade	n/a	195.1	73.5	n/a	405.8	65.7	8.42	497.0
239.821	0.136	fixation	n/a	420.9	60.2	749.0	n/a	n/a	n/a	n/a
239.959	0.026	saccade	n/a	422.6	62.7	n/a	547.8	66.9	5.02	375.0
239.987	0.172	fixation	n/a	537.6	64.6	760.0	n/a	n/a	n/a	n/a
240.161	0.034	saccade	n/a	537.8	64.8	n/a	627.5	68.6	3.55	311.0
240.197	0.28	fixation	n/a	632.3	68.1	744.0	n/a	n/a	n/a	n/a
240.46	0.0	trigger_15	15	n/a	n/a	n/a	n/a	n/a	n/a	n/a
240.464	0.0	trigger_10	10	n/a	n/a	n/a	n/a	n/a	n/a	n/a
240.479	0.028	saccade	n/a	632.5	68.5	n/a	583.1	65.5	1.95	223.0
240.509	0.714	fixation	n/a	577.8	65.2	754.0	n/a	n/a	n/a	n/a
241.225	0.032	saccade	n/a	575.0	64.2	n/a	521.1	160.3	4.45	372.0
241.259	0.226	fixation	n/a	513.6	158.6	762.0	n/a	n/a	n/a	n/a
241.487	0.014	saccade	n/a	509.5	164.1	n/a	486.8	171.6	0.96	90.0
241.503	0.766	fixation	n/a	491.0	174.5	774.0	n/a	n/a	n/a	n/a
242.271	0.028	saccade	n/a	489.8	179.7	n/a	535.1	181.5	1.81	224.0
242.301	0.322	fixation	n/a	534.1	181.8	753.0	n/a	n/a	n/a	n/a
242.625	0.052	saccade	n/a	534.9	182.5	n/a	262.8	96.0	11.42	481.0
242.679	0.106	fixation	n/a	258.8	94.0	753.0	n/a	n/a	n/a	n/a
242.787	0.024	saccade	n/a	258.7	94.1	n/a	180.3	67.1	3.29	254.0
242.813	0.27	fixation	n/a	181.1	66.3	741.0	n/a	n/a	n/a	n/a
243.085	0.032	saccade	n/a	179.7	64.2	n/a	251.8	64.9	2.86	336.0
243.119	0.238	fixation	n/a	261.6	63.2	743.0	n/a	n/a	n/a	n/a
243.359	0.022	saccade	n/a	273.4	84.4	n/a	315.8	81.1	1.7	141.0
243.383	0.038	fixation	n/a	333.6	81.9	750.0	n/a	n/a	n/a	n/a
243.423	0.056	saccade	n/a	325.6	97.1	n/a	340.9	130.7	1.5	80.0
243.449	0.018	blink	n/a	n/a	n/a	n/a	n/a	n/a	n/a	n/a
243.481	0.032	fixation	n/a	339.1	116.5	759.0	n/a	n/a	n/a	n/a
243.515	0.01	saccade	n/a	339.8	96.1	n/a	338.5	77.2	0.77	81.0
243.527	0.104	fixation	n/a	337.7	59.5	763.0	n/a	n/a	n/a	n/a
243.633	0.028	saccade	n/a	336.9	67.8	n/a	375.2	63.0	1.55	204.0
243.663	0.308	fixation	n/a	379.3	64.9	736.0	n/a	n/a	n/a	n/a
243.973	0.024	saccade	n/a	383.6	63.1	n/a	281.1	65.8	4.12	311.0
243.999	0.244	fixation	n/a	286.0	62.8	700.0	n/a	n/a	n/a	n/a
244.245	0.056	saccade	n/a	283.4	55.2	n/a	377.4	80.7	3.92	153.0
244.303	0.246	fixation	n/a	367.7	67.1	697.0	n/a	n/a	n/a	n/a
244.551	0.034	saccade	n/a	366.2	65.0	n/a	438.4	62.4	2.91	291.0
244.587	0.216	fixation	n/a	447.0	59.4	693.0	n/a	n/a	n/a	n/a
244.805	0.022	saccade	n/a	448.2	59.0	n/a	527.2	61.5	3.17	291.0
244.829	0.172	fixation	n/a	518.5	62.1	697.0	n/a	n/a	n/a	n/a
245.003	0.03	saccade	n/a	517.1	61.5	n/a	592.2	61.4	2.99	295.0
245.035	0.208	fixation	n/a	599.0	58.5	684.0	n/a	n/a	n/a	n/a
245.245	0.22	saccade	n/a	602.7	61.6	n/a	197.8	158.1	16.47	476.0
245.335	0.084	blink	n/a	n/a	n/a	n/a	n/a	n/a	n/a	n/a
245.467	0.138	fixation	n/a	204.5	147.8	701.0	n/a	n/a	n/a	n/a
245.607	0.02	saccade	n/a	203.5	141.1	n/a	164.5	143.7	1.54	168.0
245.629	0.118	fixation	n/a	168.4	143.4	713.0	n/a	n/a	n/a	n/a
245.749	0.188	saccade	n/a	180.6	160.4	n/a	284.7	145.0	4.18	960.0
245.775	0.122	blink	n/a	n/a	n/a	n/a	n/a	n/a	n/a	n/a
245.939	0.27	fixation	n/a	292.2	126.2	697.0	n/a	n/a	n/a	n/a
246.211	0.02	saccade	n/a	292.2	113.9	n/a	251.7	119.5	1.63	140.0
246.233	0.122	fixation	n/a	255.4	125.1	712.0	n/a	n/a	n/a	n/a
246.357	0.182	saccade	n/a	265.0	143.7	n/a	414.5	140.2	6.01	866.0
246.383	0.124	blink	n/a	n/a	n/a	n/a	n/a	n/a	n/a	n/a
246.541	0.264	fixation	n/a	413.3	112.1	661.0	n/a	n/a	n/a	n/a
246.807	0.016	saccade	n/a	409.8	115.2	n/a	373.1	113.9	1.48	141.0
246.825	0.156	fixation	n/a	380.7	114.2	677.0	n/a	n/a	n/a	n/a
246.983	0.038	saccade	n/a	379.1	113.0	n/a	272.2	72.0	4.61	266.0
247.023	0.194	fixation	n/a	284.5	70.7	665.0	n/a	n/a	n/a	n/a
247.219	0.022	saccade	n/a	283.5	68.3	n/a	229.3	61.8	2.18	217.0
247.243	0.15	fixation	n/a	243.5	63.3	661.0	n/a	n/a	n/a	n/a
247.395	0.022	saccade	n/a	250.3	63.4	n/a	182.5	64.9	2.69	203.0
247.419	0.174	fixation	n/a	188.0	64.6	680.0	n/a	n/a	n/a	n/a
247.595	0.03	saccade	n/a	185.7	66.1	n/a	276.5	62.6	3.61	408.0
247.627	0.196	fixation	n/a	282.1	56.5	728.0	n/a	n/a	n/a	n/a
247.825	0.034	saccade	n/a	279.0	54.6	n/a	346.0	53.6	2.69	295.0
247.861	0.274	fixation	n/a	348.4	56.1	777.0	n/a	n/a	n/a	n/a
248.137	0.022	saccade	n/a	346.9	57.9	n/a	398.6	60.5	2.08	213.0
248.161	0.218	fixation	n/a	389.5	60.9	791.0	n/a	n/a	n/a	n/a
248.381	0.032	saccade	n/a	387.8	63.3	n/a	458.6	61.0	2.85	336.0
248.415	0.254	fixation	n/a	467.1	59.5	780.0	n/a	n/a	n/a	n/a
248.671	0.022	saccade	n/a	468.7	62.7	n/a	392.0	59.9	3.09	282.0
248.695	0.336	fixation	n/a	396.3	60.6	774.0	n/a	n/a	n/a	n/a
249.033	0.022	saccade	n/a	397.9	62.5	n/a	316.8	63.2	3.26	269.0
249.057	0.19	fixation	n/a	328.0	64.6	783.0	n/a	n/a	n/a	n/a
249.249	0.034	saccade	n/a	328.1	67.7	n/a	404.1	57.7	3.09	339.0
249.285	0.178	fixation	n/a	412.1	58.8	782.0	n/a	n/a	n/a	n/a
249.465	0.032	saccade	n/a	412.0	59.4	n/a	483.8	60.9	2.89	299.0
249.499	0.148	fixation	n/a	489.1	59.3	779.0	n/a	n/a	n/a	n/a
249.649	0.034	saccade	n/a	489.0	56.7	n/a	565.6	64.2	3.07	303.0
249.684	0.0	trigger_11	11	n/a	n/a	n/a	n/a	n/a	n/a	n/a
249.685	0.186	fixation	n/a	572.3	63.1	772.0	n/a	n/a	n/a	n/a
249.688	0.0	trigger_10	10	n/a	n/a	n/a	n/a	n/a	n/a	n/a
249.873	0.046	saccade	n/a	571.8	64.7	n/a	196.7	127.3	15.07	516.0
249.921	0.302	fixation	n/a	196.5	128.7	769.0	n/a	n/a	n/a	n/a
250.225	0.032	saccade	n/a	192.3	130.1	n/a	285.8	124.1	3.73	366.0
250.259	0.204	fixation	n/a	289.6	117.7	782.0	n/a	n/a	n/a	n/a
250.465	0.032	saccade	n/a	288.8	116.6	n/a	371.8	117.1	3.33	344.0
250.499	0.148	fixation	n/a	380.4	112.7	781.0	n/a	n/a	n/a	n/a
250.649	0.02	saccade	n/a	383.9	114.2	n/a	437.5	114.1	2.16	225.0
250.671	0.152	fixation	n/a	431.2	112.0	766.0	n/a	n/a	n/a	n/a
250.825	0.036	saccade	n/a	435.0	116.4	n/a	274.9	128.0	6.45	392.0
250.863	0.198	fixation	n/a	286.4	121.0	751.0	n/a	n/a	n/a	n/a
251.063	0.018	saccade	n/a	286.0	118.4	n/a	322.6	118.5	1.47	118.0
251.083	0.148	fixation	n/a	315.8	114.9	760.0	n/a	n/a	n/a	n/a
251.233	0.044	saccade	n/a	313.7	112.2	n/a	167.2	83.6	5.93	305.0
251.279	0.034	fixation	n/a	142.5	78.7	758.0	n/a	n/a	n/a	n/a
251.315	0.018	saccade	n/a	140.5	74.7	n/a	188.9	63.8	1.95	109.0
251.335	0.568	fixation	n/a	206.2	67.2	774.0	n/a	n/a	n/a	n/a
251.905	0.022	saccade	n/a	208.8	66.0	n/a	167.4	75.5	1.67	173.0
251.929	0.118	fixation	n/a	173.3	75.2	792.0	n/a	n/a	n/a	n/a
252.049	0.032	saccade	n/a	174.1	76.5	n/a	278.1	64.0	4.16	394.0
252.083	0.318	fixation	n/a	283.9	58.6	780.0	n/a	n/a	n/a	n/a
252.403	0.026	saccade	n/a	284.6	61.1	n/a	183.2	69.2	4.04	290.0
252.431	0.204	fixation	n/a	189.3	67.0	723.0	n/a	n/a	n/a	n/a
252.637	0.018	saccade	n/a	190.4	67.1	n/a	153.5	71.8	1.46	114.0
252.657	0.134	fixation	n/a	160.8	71.7	708.0	n/a	n/a	n/a	n/a
252.793	0.038	saccade	n/a	159.4	70.9	n/a	280.2	62.4	4.8	412.0
252.833	0.34	fixation	n/a	288.8	59.0	712.0	n/a	n/a	n/a	n/a
253.175	0.02	saccade	n/a	290.0	60.2	n/a	258.5	60.0	1.26	126.0
253.197	0.196	fixation	n/a	262.5	59.7	709.0	n/a	n/a	n/a	n/a
253.395	0.024	saccade	n/a	262.6	60.7	n/a	173.1	57.8	3.54	292.0
253.421	0.214	fixation	n/a	187.4	58.6	716.0	n/a	n/a	n/a	n/a
253.637	0.028	saccade	n/a	188.1	59.4	n/a	342.5	61.4	6.14	439.0
253.667	0.29	fixation	n/a	335.1	58.4	745.0	n/a	n/a	n/a	n/a
253.959	0.024	saccade	n/a	334.8	55.6	n/a	273.4	53.1	2.46	244.0
253.985	0.242	fixation	n/a	279.0	54.1	743.0	n/a	n/a	n/a	n/a
254.229	0.022	saccade	n/a	279.3	53.6	n/a	324.8	58.2	1.83	210.0
254.253	0.118	fixation	n/a	321.9	53.5	739.0	n/a	n/a	n/a	n/a
254.373	0.032	saccade	n/a	322.5	52.9	n/a	392.4	53.8	2.81	335.0
254.407	0.176	fixation	n/a	399.6	51.9	739.0	n/a	n/a	n/a	n/a
254.585	0.03	saccade	n/a	403.8	56.7	n/a	465.1	52.2	2.47	314.0
254.617	0.27	fixation	n/a	471.2	53.7	724.0	n/a	n/a	n/a	n/a
254.889	0.026	saccade	n/a	470.1	54.1	n/a	565.4	57.5	3.81	323.0
254.917	0.216	fixation	n/a	556.7	54.6	708.0	n/a	n/a	n/a	n/a
255.135	0.024	saccade	n/a	558.9	55.2	n/a	461.2	59.6	3.91	333.0
255.161	0.326	fixation	n/a	467.4	54.5	699.0	n/a	n/a	n/a	n/a
255.489	0.012	saccade	n/a	467.7	57.5	n/a	448.4	57.2	0.78	86.0
255.503	0.16	fixation	n/a	450.1	53.7	699.0	n/a	n/a	n/a	n/a
255.665	0.018	saccade	n/a	449.8	53.1	n/a	491.4	54.5	1.67	153.0
255.685	0.276	fixation	n/a	482.6	54.7	700.0	n/a	n/a	n/a	n/a
255.963	0.032	saccade	n/a	483.4	60.3	n/a	556.6	51.3	2.95	339.0
255.997	0.266	fixation	n/a	563.2	57.3	681.0	n/a	n/a	n/a	n/a
256.265	0.05	saccade	n/a	566.0	58.1	n/a	178.8	130.2	15.58	532.0
256.317	0.268	fixation	n/a	178.3	125.9	689.0	n/a	n/a	n/a	n/a
256.587	0.03	saccade	n/a	178.2	124.8	n/a	232.9	121.2	2.17	264.0
256.619	0.166	fixation	n/a	238.6	117.4	706.0	n/a	n/a	n/a	n/a
256.787	0.036	saccade	n/a	235.9	112.6	n/a	350.3	117.6	4.59	395.0
256.825	0.188	fixation	n/a	355.2	111.3	710.0	n/a	n/a	n/a	n/a
257.015	0.034	saccade	n/a	355.6	112.6	n/a	484.4	111.7	5.18	450.0
257.051	0.25	fixation	n/a	495.6	110.1	698.0	n/a	n/a	n/a	n/a
257.303	0.032	saccade	n/a	495.5	110.4	n/a	332.4	118.1	6.56	386.0
257.337	0.36	fixation	n/a	338.4	117.1	695.0	n/a	n/a	n/a	n/a
257.699	0.03	saccade	n/a	339.1	117.7	n/a	382.8	118.5	1.76	237.0
257.731	0.094	fixation	n/a	388.0	116.1	693.0	n/a	n/a	n/a	n/a
257.827	0.008	saccade	n/a	386.6	109.7	n/a	389.9	113.8	0.21	49.0
257.837	0.112	fixation	n/a	396.2	127.6	684.0	n/a	n/a	n/a	n/a
257.951	0.006	saccade	n/a	415.0	122.4	n/a	427.5	124.2	0.51	74.0
257.959	0.128	fixation	n/a	430.3	117.6	682.0	n/a	n/a	n/a	n/a
258.089	0.032	saccade	n/a	426.8	114.5	n/a	519.8	120.1	3.74	347.0
258.123	0.15	fixation	n/a	524.7	118.7	665.0	n/a	n/a	n/a	n/a
258.275	0.036	saccade	n/a	523.4	117.0	n/a	634.0	120.6	4.38	362.0
258.313	0.228	fixation	n/a	638.4	121.8	648.0	n/a	n/a	n/a	n/a
258.543	0.052	saccade	n/a	638.1	117.0	n/a	192.3	184.4	17.73	515.0
258.597	0.152	fixation	n/a	190.9	183.0	660.0	n/a	n/a	n/a	n/a
258.751	0.018	saccade	n/a	194.4	181.2	n/a	155.9	193.7	1.59	124.0
258.771	0.154	fixation	n/a	160.4	189.2	665.0	n/a	n/a	n/a	n/a
258.927	0.022	saccade	n/a	162.4	187.7	n/a	185.0	129.6	2.51	177.0
258.951	0.228	fixation	n/a	190.6	128.6	666.0	n/a	n/a	n/a	n/a
259.181	0.018	saccade	n/a	192.7	125.8	n/a	171.3	122.2	0.85	101.0
259.201	0.17	fixation	n/a	175.1	122.0	683.0	n/a	n/a	n/a	n/a
259.373	0.06	saccade	n/a	175.6	120.8	n/a	556.6	118.3	15.09	547.0
259.435	0.212	fixation	n/a	570.7	118.6	694.0	n/a	n/a	n/a	n/a
259.649	0.03	saccade	n/a	571.8	119.2	n/a	630.5	119.3	2.32	277.0
259.681	0.288	fixation	n/a	637.9	122.4	663.0	n/a	n/a	n/a	n/a
259.708	0.0	trigger_11	11	n/a	n/a	n/a	n/a	n/a	n/a	n/a
259.714	0.0	trigger_10	10	n/a	n/a	n/a	n/a	n/a	n/a	n/a
259.971	0.022	saccade	n/a	636.7	123.0	n/a	597.9	114.9	1.56	158.0
259.995	0.35	fixation	n/a	604.4	118.4	661.0	n/a	n/a	n/a	n/a
260.347	0.048	saccade	n/a	603.6	119.3	n/a	292.7	123.3	12.36	466.0
260.397	0.212	fixation	n/a	302.9	119.9	662.0	n/a	n/a	n/a	n/a
260.611	0.024	saccade	n/a	305.5	118.2	n/a	277.8	59.1	2.65	180.0
260.637	0.184	fixation	n/a	282.3	57.4	656.0	n/a	n/a	n/a	n/a
260.823	0.026	saccade	n/a	283.6	57.9	n/a	183.6	64.3	3.98	291.0
260.851	0.236	fixation	n/a	185.2	62.9	671.0	n/a	n/a	n/a	n/a
261.089	0.034	saccade	n/a	182.1	61.1	n/a	277.1	58.9	3.77	361.0
261.125	0.282	fixation	n/a	284.2	56.2	672.0	n/a	n/a	n/a	n/a
261.409	0.026	saccade	n/a	283.6	57.2	n/a	175.0	62.1	4.31	307.0
261.437	0.484	fixation	n/a	186.2	60.2	660.0	n/a	n/a	n/a	n/a
261.923	0.018	saccade	n/a	187.3	60.2	n/a	147.9	61.5	1.55	127.0
261.943	0.126	fixation	n/a	154.8	61.3	674.0	n/a	n/a	n/a	n/a
262.071	0.024	saccade	n/a	156.0	61.9	n/a	260.4	56.8	4.12	378.0
262.097	0.338	fixation	n/a	253.3	50.5	691.0	n/a	n/a	n/a	n/a
262.437	0.022	saccade	n/a	253.2	52.6	n/a	189.9	53.7	2.51	216.0
262.461	0.258	fixation	n/a	198.6	53.3	657.0	n/a	n/a	n/a	n/a
262.721	0.034	saccade	n/a	200.5	54.5	n/a	282.7	51.5	3.27	334.0
262.757	0.228	fixation	n/a	293.9	47.1	660.0	n/a	n/a	n/a	n/a
262.987	0.024	saccade	n/a	296.2	46.0	n/a	361.3	47.9	2.61	253.0
263.013	0.352	fixation	n/a	353.8	45.4	652.0	n/a	n/a	n/a	n/a
263.367	0.034	saccade	n/a	351.0	43.1	n/a	402.0	46.4	2.06	233.0
263.403	0.196	fixation	n/a	406.4	43.2	638.0	n/a	n/a	n/a	n/a
263.601	0.032	saccade	n/a	407.5	43.9	n/a	485.4	50.7	3.15	325.0
263.635	0.222	fixation	n/a	491.3	50.3	622.0	n/a	n/a	n/a	n/a
263.859	0.024	saccade	n/a	492.2	52.7	n/a	403.3	51.1	3.58	296.0
263.885	0.436	fixation	n/a	416.6	52.0	616.0	n/a	n/a	n/a	n/a
264.323	0.036	saccade	n/a	419.8	56.0	n/a	512.4	51.7	3.72	377.0
264.361	0.072	fixation	n/a	520.0	51.2	611.0	n/a	n/a	n/a	n/a
264.435	0.202	saccade	n/a	518.8	60.6	n/a	594.0	72.9	3.03	698.0
264.489	0.11	blink	n/a	n/a	n/a	n/a	n/a	n/a	n/a	n/a
264.639	0.15	fixation	n/a	579.4	56.1	613.0	n/a	n/a	n/a	n/a
264.791	0.146	saccade	n/a	578.0	46.5	n/a	208.3	72.9	14.68	675.0
264.867	0.03	blink	n/a	n/a	n/a	n/a	n/a	n/a	n/a	n/a
264.939	0.238	fixation	n/a	212.7	56.5	612.0	n/a	n/a	n/a	n/a
265.179	0.018	saccade	n/a	197.7	44.0	n/a	166.0	59.3	1.39	134.0
265.199	0.082	fixation	n/a	178.2	57.1	619.0	n/a	n/a	n/a	n/a
265.283	0.032	saccade	n/a	181.0	55.6	n/a	283.2	52.8	4.06	476.0
265.317	0.328	fixation	n/a	294.8	54.4	641.0	n/a	n/a	n/a	n/a
265.647	0.022	saccade	n/a	297.4	58.9	n/a	370.8	55.8	2.95	275.0
265.671	0.148	fixation	n/a	363.9	55.5	636.0	n/a	n/a	n/a	n/a
265.821	0.032	saccade	n/a	366.5	59.7	n/a	436.3	56.5	2.81	341.0
265.855	0.054	fixation	n/a	446.3	57.7	634.0	n/a	n/a	n/a	n/a
265.911	0.04	saccade	n/a	446.0	59.5	n/a	550.7	61.8	4.19	412.0
265.953	0.21	fixation	n/a	561.9	60.6	641.0	n/a	n/a	n/a	n/a
266.165	0.02	saccade	n/a	562.1	59.3	n/a	524.1	55.4	1.52	153.0
266.187	0.192	fixation	n/a	529.7	56.8	641.0	n/a	n/a	n/a	n/a
266.381	0.034	saccade	n/a	530.2	55.5	n/a	598.5	56.7	2.72	331.0
266.417	0.19	fixation	n/a	605.1	61.8	646.0	n/a	n/a	n/a	n/a
266.609	0.03	saccade	n/a	605.8	61.7	n/a	531.6	61.8	2.94	366.0
266.641	0.398	fixation	n/a	525.8	62.4	655.0	n/a	n/a	n/a	n/a
267.041	0.026	saccade	n/a	525.8	61.7	n/a	550.3	64.5	0.98	170.0
267.069	0.224	fixation	n/a	553.2	64.1	676.0	n/a	n/a	n/a	n/a
267.295	0.02	saccade	n/a	553.3	65.2	n/a	517.5	63.1	1.43	160.0
267.317	0.098	fixation	n/a	523.4	64.0	686.0	n/a	n/a	n/a	n/a
267.417	0.036	saccade	n/a	522.7	61.0	n/a	604.3	61.2	3.24	316.0
267.455	0.246	fixation	n/a	610.2	62.9	679.0	n/a	n/a	n/a	n/a
267.703	0.052	saccade	n/a	609.2	64.8	n/a	193.0	148.9	16.77	516.0
267.757	0.404	fixation	n/a	195.6	149.5	721.0	n/a	n/a	n/a	n/a
268.163	0.03	saccade	n/a	190.6	146.4	n/a	266.7	129.5	3.1	320.0
268.195	0.142	fixation	n/a	272.1	128.9	718.0	n/a	n/a	n/a	n/a
268.339	0.022	saccade	n/a	273.4	129.4	n/a	350.0	117.9	3.11	262.0
268.363	0.222	fixation	n/a	342.4	120.0	708.0	n/a	n/a	n/a	n/a
268.587	0.026	saccade	n/a	343.5	121.8	n/a	443.1	122.6	4.01	322.0
268.615	0.268	fixation	n/a	437.0	121.4	695.0	n/a	n/a	n/a	n/a
268.885	0.016	saccade	n/a	438.2	124.0	n/a	403.0	122.9	1.42	131.0
268.903	0.16	fixation	n/a	410.2	123.0	678.0	n/a	n/a	n/a	n/a
269.065	0.034	saccade	n/a	411.7	124.9	n/a	520.6	124.9	4.37	396.0
269.101	0.4	fixation	n/a	526.9	122.2	674.0	n/a	n/a	n/a	n/a
269.503	0.032	saccade	n/a	523.4	119.7	n/a	581.0	121.0	2.3	247.0
269.537	0.23	fixation	n/a	587.3	119.7	671.0	n/a	n/a	n/a	n/a
269.769	0.05	saccade	n/a	585.8	122.6	n/a	183.3	204.6	16.25	526.0
269.821	0.246	fixation	n/a	183.0	199.7	671.0	n/a	n/a	n/a	n/a
270.069	0.03	saccade	n/a	183.7	198.8	n/a	243.9	184.4	2.45	297.0
270.101	0.21	fixation	n/a	251.3	179.3	683.0	n/a	n/a	n/a	n/a
270.313	0.022	saccade	n/a	251.1	176.2	n/a	331.1	180.6	3.2	258.0
270.337	0.244	fixation	n/a	319.2	179.7	670.0	n/a	n/a	n/a	n/a
270.583	0.022	saccade	n/a	319.4	180.9	n/a	249.7	178.3	2.79	228.0
270.607	0.234	fixation	n/a	255.0	178.8	658.0	n/a	n/a	n/a	n/a
270.843	0.018	saccade	n/a	255.4	178.2	n/a	222.2	181.2	1.33	113.0
270.863	0.158	fixation	n/a	228.0	180.1	657.0	n/a	n/a	n/a	n/a
271.023	0.024	saccade	n/a	229.0	181.8	n/a	177.9	183.2	2.02	194.0
271.049	0.11	fixation	n/a	187.4	184.9	661.0	n/a	n/a	n/a	n/a
271.161	0.032	saccade	n/a	189.0	187.8	n/a	238.4	177.8	1.99	228.0
271.195	0.192	fixation	n/a	243.8	178.1	657.0	n/a	n/a	n/a	n/a
271.389	0.032	saccade	n/a	243.8	178.5	n/a	313.7	182.5	2.8	326.0
271.423	0.17	fixation	n/a	322.5	177.6	656.0	n/a	n/a	n/a	n/a
271.595	0.07	saccade	n/a	320.1	173.4	n/a	226.7	159.1	3.77	145.0
271.667	0.258	fixation	n/a	240.8	115.7	653.0	n/a	n/a	n/a	n/a
271.927	0.028	saccade	n/a	246.6	111.7	n/a	306.9	183.7	3.79	337.0
271.957	0.186	fixation	n/a	309.6	173.5	680.0	n/a	n/a	n/a	n/a
272.145	0.032	saccade	n/a	308.9	167.0	n/a	235.6	178.0	2.96	313.0
272.179	0.154	fixation	n/a	231.5	178.7	707.0	n/a	n/a	n/a	n/a
272.335	0.034	saccade	n/a	232.2	178.7	n/a	206.5	66.9	4.64	253.0
272.371	0.196	fixation	n/a	206.2	65.6	703.0	n/a	n/a	n/a	n/a
272.569	0.032	saccade	n/a	205.5	66.0	n/a	289.3	60.0	3.34	369.0
272.603	0.316	fixation	n/a	297.5	58.7	718.0	n/a	n/a	n/a	n/a
272.921	0.034	saccade	n/a	295.6	60.5	n/a	226.8	60.4	2.74	298.0
272.957	0.252	fixation	n/a	224.4	61.6	707.0	n/a	n/a	n/a	n/a
273.211	0.038	saccade	n/a	227.0	60.4	n/a	373.4	58.6	5.86	478.0
273.251	0.416	fixation	n/a	385.7	56.9	716.0	n/a	n/a	n/a	n/a
273.669	0.03	saccade	n/a	387.2	57.3	n/a	439.5	58.5	2.11	261.0
273.701	0.22	fixation	n/a	443.3	56.1	695.0	n/a	n/a	n/a	n/a
273.923	0.034	saccade	n/a	441.8	54.5	n/a	288.9	60.6	6.13	317.0
273.959	0.402	fixation	n/a	292.8	59.0	699.0	n/a	n/a	n/a	n/a
274.363	0.02	saccade	n/a	293.0	59.3	n/a	332.6	60.5	1.59	142.0
274.385	0.142	fixation	n/a	323.7	59.7	702.0	n/a	n/a	n/a	n/a
274.529	0.022	saccade	n/a	322.7	59.7	n/a	259.4	62.3	2.53	221.0
274.553	0.202	fixation	n/a	274.8	61.3	694.0	n/a	n/a	n/a	n/a
274.757	0.05	saccade	n/a	275.5	60.5	n/a	494.3	59.9	8.77	418.0
274.809	0.364	fixation	n/a	504.1	61.3	696.0	n/a	n/a	n/a	n/a
275.175	0.036	saccade	n/a	504.1	63.1	n/a	587.1	60.4	3.3	306.0
275.213	0.454	fixation	n/a	598.2	60.6	685.0	n/a	n/a	n/a	n/a
275.669	0.054	saccade	n/a	599.6	63.4	n/a	169.5	117.0	17.07	469.0
275.725	0.254	fixation	n/a	177.4	116.5	673.0	n/a	n/a	n/a	n/a
275.981	0.03	saccade	n/a	182.5	118.7	n/a	243.8	119.1	2.43	264.0
276.013	0.406	fixation	n/a	249.5	115.2	701.0	n/a	n/a	n/a	n/a
276.421	0.03	saccade	n/a	248.9	112.3	n/a	306.3	109.3	2.3	235.0
276.453	0.302	fixation	n/a	341.4	122.4	686.0	n/a	n/a	n/a	n/a
276.757	0.032	saccade	n/a	344.7	118.2	n/a	417.8	119.8	2.94	286.0
276.791	0.184	fixation	n/a	423.6	119.2	670.0	n/a	n/a	n/a	n/a
276.977	0.03	saccade	n/a	425.4	117.9	n/a	470.8	118.0	1.83	232.0
277.009	0.338	fixation	n/a	478.6	118.5	644.0	n/a	n/a	n/a	n/a
277.349	0.022	saccade	n/a	482.0	121.5	n/a	538.9	120.1	2.28	242.0
277.373	0.25	fixation	n/a	532.9	119.6	641.0	n/a	n/a	n/a	n/a
277.625	0.022	saccade	n/a	530.4	117.2	n/a	600.5	118.5	2.79	223.0
277.649	0.274	fixation	n/a	589.4	117.3	637.0	n/a	n/a	n/a	n/a
277.822	0.0	trigger_11	11	n/a	n/a	n/a	n/a	n/a	n/a	n/a
277.828	0.0	trigger_10	10	n/a	n/a	n/a	n/a	n/a	n/a	n/a
277.925	0.028	saccade	n/a	588.2	115.7	n/a	625.4	115.1	1.47	187.0
277.955	0.446	fixation	n/a	630.1	117.4	638.0	n/a	n/a	n/a	n/a
278.403	0.056	saccade	n/a	630.5	119.2	n/a	170.8	184.2	18.22	497.0
278.461	0.258	fixation	n/a	176.8	182.3	679.0	n/a	n/a	n/a	n/a
278.721	0.032	saccade	n/a	177.8	184.1	n/a	242.9	179.2	2.58	298.0
278.755	0.362	fixation	n/a	246.0	175.3	710.0	n/a	n/a	n/a	n/a
279.119	0.05	saccade	n/a	248.9	179.3	n/a	342.0	198.4	3.8	174.0
279.171	0.238	fixation	n/a	333.7	193.9	715.0	n/a	n/a	n/a	n/a
279.411	0.01	saccade	n/a	331.0	188.4	n/a	310.8	184.5	0.83	84.0
279.423	0.184	fixation	n/a	314.3	182.4	703.0	n/a	n/a	n/a	n/a
279.609	0.02	saccade	n/a	317.0	183.9	n/a	334.9	182.1	0.72	113.0
279.631	0.382	fixation	n/a	330.7	176.5	686.0	n/a	n/a	n/a	n/a
280.015	0.036	saccade	n/a	332.2	172.7	n/a	225.3	78.4	5.74	375.0
280.053	0.128	fixation	n/a	227.0	73.8	669.0	n/a	n/a	n/a	n/a
280.183	0.022	saccade	n/a	227.4	72.2	n/a	169.3	70.6	2.29	224.0
280.207	0.848	fixation	n/a	176.3	68.6	696.0	n/a	n/a	n/a	n/a
281.057	0.022	saccade	n/a	172.7	68.0	n/a	258.7	65.9	3.4	286.0
281.081	0.344	fixation	n/a	247.6	62.4	718.0	n/a	n/a	n/a	n/a
281.427	0.024	saccade	n/a	248.0	62.5	n/a	320.2	65.6	2.89	266.0
281.453	0.262	fixation	n/a	309.9	62.8	716.0	n/a	n/a	n/a	n/a
281.717	0.022	saccade	n/a	308.7	59.8	n/a	240.1	61.4	2.74	224.0
281.741	0.118	fixation	n/a	250.8	59.1	697.0	n/a	n/a	n/a	n/a
281.861	0.012	saccade	n/a	246.8	54.7	n/a	257.4	73.3	0.87	88.0
281.875	0.572	fixation	n/a	252.7	63.1	689.0	n/a	n/a	n/a	n/a
282.449	0.026	saccade	n/a	252.2	57.6	n/a	322.7	61.7	2.82	236.0
282.477	0.232	fixation	n/a	315.2	56.6	700.0	n/a	n/a	n/a	n/a
282.711	0.022	saccade	n/a	315.9	55.4	n/a	257.0	61.6	2.37	204.0
282.735	0.17	fixation	n/a	264.1	59.2	694.0	n/a	n/a	n/a	n/a
282.907	0.022	saccade	n/a	264.5	56.2	n/a	189.4	70.8	3.03	244.0
282.931	0.18	fixation	n/a	202.5	70.3	690.0	n/a	n/a	n/a	n/a
283.113	0.034	saccade	n/a	202.1	70.9	n/a	267.2	66.1	2.6	308.0
283.149	0.158	fixation	n/a	273.9	60.3	698.0	n/a	n/a	n/a	n/a
283.309	0.034	saccade	n/a	271.8	56.9	n/a	329.4	59.2	2.31	286.0
283.345	0.208	fixation	n/a	331.9	58.8	725.0	n/a	n/a	n/a	n/a
283.555	0.03	saccade	n/a	331.4	60.5	n/a	388.3	59.1	2.29	281.0
283.587	0.504	fixation	n/a	393.1	61.0	737.0	n/a	n/a	n/a	n/a
284.093	0.022	saccade	n/a	394.2	63.7	n/a	450.8	66.9	2.28	215.0
284.117	0.204	fixation	n/a	440.7	59.3	715.0	n/a	n/a	n/a	n/a
284.323	0.022	saccade	n/a	442.6	63.6	n/a	524.3	64.7	3.27	290.0
284.347	0.226	fixation	n/a	514.5	61.3	712.0	n/a	n/a	n/a	n/a
284.575	0.02	saccade	n/a	514.4	60.4	n/a	561.3	60.5	1.87	168.0
284.597	0.212	fixation	n/a	552.4	62.9	694.0	n/a	n/a	n/a	n/a
284.811	0.018	saccade	n/a	553.8	59.9	n/a	601.7	66.5	1.92	163.0
284.831	0.244	fixation	n/a	592.7	60.1	695.0	n/a	n/a	n/a	n/a
285.077	0.046	saccade	n/a	591.1	59.7	n/a	206.3	118.4	15.39	549.0
285.125	0.244	fixation	n/a	206.3	113.8	707.0	n/a	n/a	n/a	n/a
285.371	0.02	saccade	n/a	204.9	115.9	n/a	164.7	124.7	1.62	144.0
285.393	0.158	fixation	n/a	169.6	124.6	711.0	n/a	n/a	n/a	n/a
285.553	0.036	saccade	n/a	169.9	126.8	n/a	293.9	118.7	4.92	439.0
285.591	0.084	fixation	n/a	303.5	116.5	723.0	n/a	n/a	n/a	n/a
285.677	0.08	saccade	n/a	308.5	119.8	n/a	439.8	129.4	5.3	285.0
285.759	0.152	fixation	n/a	448.1	117.9	721.0	n/a	n/a	n/a	n/a
285.913	0.032	saccade	n/a	446.9	115.8	n/a	528.4	123.3	3.29	349.0
285.947	0.146	fixation	n/a	532.7	121.8	710.0	n/a	n/a	n/a	n/a
286.095	0.032	saccade	n/a	533.1	122.3	n/a	609.2	116.9	3.03	296.0
286.129	0.14	fixation	n/a	615.8	118.7	680.0	n/a	n/a	n/a	n/a
286.271	0.03	saccade	n/a	618.1	118.4	n/a	469.9	115.5	5.89	424.0
286.303	0.214	fixation	n/a	480.4	114.5	679.0	n/a	n/a	n/a	n/a
286.519	0.022	saccade	n/a	479.8	113.0	n/a	407.0	113.1	2.93	261.0
286.543	0.3	fixation	n/a	419.2	113.6	672.0	n/a	n/a	n/a	n/a
286.845	0.046	saccade	n/a	421.2	113.4	n/a	215.4	183.6	8.7	391.0
286.893	0.23	fixation	n/a	208.0	180.4	671.0	n/a	n/a	n/a	n/a
287.125	0.02	saccade	n/a	209.6	185.3	n/a	259.3	185.0	1.97	176.0
287.147	0.142	fixation	n/a	248.9	180.1	686.0	n/a	n/a	n/a	n/a
287.291	0.032	saccade	n/a	248.3	177.3	n/a	318.1	173.9	2.8	302.0
287.325	0.276	fixation	n/a	325.7	172.0	704.0	n/a	n/a	n/a	n/a
287.603	0.012	saccade	n/a	326.6	175.6	n/a	302.3	178.9	0.98	96.0
287.617	0.082	fixation	n/a	304.4	176.7	705.0	n/a	n/a	n/a	n/a
287.701	0.032	saccade	n/a	306.0	178.3	n/a	381.3	178.5	3.02	341.0
287.735	0.276	fixation	n/a	386.0	176.6	707.0	n/a	n/a	n/a	n/a
288.013	0.032	saccade	n/a	386.3	183.8	n/a	455.0	175.8	2.78	272.0
288.047	0.022	fixation	n/a	462.2	183.4	694.0	n/a	n/a	n/a	n/a
288.071	0.2	saccade	n/a	386.3	183.8	n/a	455.0	175.8	2.78	0.0
288.081	0.182	blink	n/a	n/a	n/a	n/a	n/a	n/a	n/a	n/a
288.273	0.058	fixation	n/a	464.3	173.6	680.0	n/a	n/a	n/a	n/a
288.333	0.034	saccade	n/a	463.5	166.9	n/a	541.6	169.7	3.13	335.0
288.369	0.15	fixation	n/a	549.0	172.7	664.0	n/a	n/a	n/a	n/a
288.521	0.028	saccade	n/a	550.9	169.8	n/a	413.3	166.7	5.52	411.0
288.551	0.124	fixation	n/a	420.9	167.9	661.0	n/a	n/a	n/a	n/a
288.677	0.022	saccade	n/a	420.9	169.1	n/a	473.5	121.0	2.89	228.0
288.701	0.13	fixation	n/a	473.0	121.2	662.0	n/a	n/a	n/a	n/a
288.833	0.032	saccade	n/a	476.5	123.2	n/a	557.0	110.5	3.26	362.0
288.867	0.344	fixation	n/a	565.9	109.8	680.0	n/a	n/a	n/a	n/a
289.213	0.052	saccade	n/a	565.8	114.5	n/a	210.5	188.6	14.39	491.0
289.267	0.126	fixation	n/a	212.8	189.8	712.0	n/a	n/a	n/a	n/a
289.395	0.022	saccade	n/a	211.4	192.7	n/a	283.9	185.7	2.9	286.0
289.419	0.214	fixation	n/a	278.0	183.9	731.0	n/a	n/a	n/a	n/a
289.635	0.01	saccade	n/a	274.4	174.7	n/a	281.0	188.9	0.63	70.0
289.647	0.05	fixation	n/a	294.0	193.4	736.0	n/a	n/a	n/a	n/a
289.699	0.008	saccade	n/a	303.8	185.5	n/a	321.4	187.9	0.71	90.0
289.709	0.21	fixation	n/a	324.0	181.7	733.0	n/a	n/a	n/a	n/a
289.921	0.02	saccade	n/a	324.1	176.2	n/a	351.5	175.3	1.1	140.0
289.943	0.174	fixation	n/a	346.1	175.1	731.0	n/a	n/a	n/a	n/a
290.119	0.026	saccade	n/a	348.1	175.4	n/a	240.1	186.3	4.33	336.0
290.147	0.354	fixation	n/a	248.8	183.7	734.0	n/a	n/a	n/a	n/a
290.503	0.022	saccade	n/a	248.2	185.3	n/a	313.4	179.5	2.62	244.0
290.527	0.142	fixation	n/a	303.9	177.8	743.0	n/a	n/a	n/a	n/a
290.671	0.022	saccade	n/a	305.0	177.9	n/a	331.3	121.2	2.54	203.0
290.695	0.294	fixation	n/a	333.4	121.8	748.0	n/a	n/a	n/a	n/a
290.991	0.034	saccade	n/a	332.2	121.8	n/a	429.8	113.4	3.94	364.0
291.027	0.216	fixation	n/a	436.9	112.5	754.0	n/a	n/a	n/a	n/a
291.245	0.038	saccade	n/a	437.6	111.1	n/a	554.0	108.5	4.67	380.0
291.285	0.286	fixation	n/a	562.2	109.6	726.0	n/a	n/a	n/a	n/a
291.573	0.024	saccade	n/a	560.7	111.4	n/a	452.6	107.6	4.33	357.0
291.599	0.226	fixation	n/a	454.7	110.6	719.0	n/a	n/a	n/a	n/a
291.827	0.026	saccade	n/a	453.4	113.8	n/a	333.2	115.2	4.83	329.0
291.855	0.15	fixation	n/a	339.4	112.9	724.0	n/a	n/a	n/a	n/a
292.007	0.03	saccade	n/a	339.2	113.9	n/a	196.5	117.2	5.69	363.0
292.039	0.302	fixation	n/a	205.1	114.5	751.0	n/a	n/a	n/a	n/a
292.343	0.02	saccade	n/a	204.6	110.1	n/a	200.4	64.6	1.85	158.0
292.365	0.356	fixation	n/a	205.7	62.7	777.0	n/a	n/a	n/a	n/a
292.723	0.024	saccade	n/a	206.8	60.2	n/a	263.1	56.4	2.24	247.0
292.749	0.164	fixation	n/a	257.9	53.5	782.0	n/a	n/a	n/a	n/a
292.915	0.032	saccade	n/a	259.3	55.5	n/a	325.4	56.9	2.64	333.0
292.949	0.388	fixation	n/a	332.5	53.1	780.0	n/a	n/a	n/a	n/a
293.339	0.024	saccade	n/a	335.3	56.2	n/a	402.5	55.4	2.7	270.0
293.365	0.15	fixation	n/a	400.2	51.6	764.0	n/a	n/a	n/a	n/a
293.517	0.06	saccade	n/a	400.7	51.0	n/a	489.0	68.3	3.62	132.0
293.579	0.274	fixation	n/a	497.8	59.8	754.0	n/a	n/a	n/a	n/a
293.842	0.0	trigger_11	11	n/a	n/a	n/a	n/a	n/a	n/a	n/a
293.848	0.0	trigger_10	10	n/a	n/a	n/a	n/a	n/a	n/a	n/a
293.855	0.032	saccade	n/a	493.9	57.7	n/a	554.7	58.2	2.43	286.0
293.889	0.2	fixation	n/a	562.6	54.4	725.0	n/a	n/a	n/a	n/a
294.091	0.028	saccade	n/a	563.9	52.6	n/a	524.9	87.7	2.11	260.0
294.121	0.138	fixation	n/a	525.6	90.4	712.0	n/a	n/a	n/a	n/a
294.261	0.032	saccade	n/a	525.6	93.5	n/a	582.1	108.6	2.33	306.0
294.295	0.114	fixation	n/a	591.6	108.9	712.0	n/a	n/a	n/a	n/a
294.411	0.052	saccade	n/a	593.8	108.7	n/a	210.2	172.5	15.38	522.0
294.465	0.236	fixation	n/a	216.0	169.8	747.0	n/a	n/a	n/a	n/a
294.703	0.022	saccade	n/a	214.3	167.3	n/a	252.9	174.3	1.56	142.0
294.727	0.25	fixation	n/a	248.5	174.9	728.0	n/a	n/a	n/a	n/a
294.979	0.024	saccade	n/a	261.4	193.3	n/a	318.6	187.1	2.3	118.0
295.005	0.294	fixation	n/a	319.9	175.9	734.0	n/a	n/a	n/a	n/a
295.301	0.016	saccade	n/a	321.8	172.3	n/a	357.9	175.7	1.46	140.0
295.319	0.164	fixation	n/a	348.4	174.4	710.0	n/a	n/a	n/a	n/a
295.485	0.024	saccade	n/a	348.7	174.7	n/a	428.2	177.8	3.2	246.0
295.511	0.158	fixation	n/a	417.2	174.4	687.0	n/a	n/a	n/a	n/a
295.671	0.032	saccade	n/a	418.5	176.5	n/a	498.7	175.5	3.21	350.0
295.705	0.298	fixation	n/a	506.1	177.8	673.0	n/a	n/a	n/a	n/a
296.005	0.042	saccade	n/a	506.3	175.5	n/a	234.8	89.1	11.39	492.0
296.049	0.074	fixation	n/a	238.3	77.3	659.0	n/a	n/a	n/a	n/a
296.125	0.024	saccade	n/a	237.5	76.6	n/a	170.4	46.8	2.91	254.0
296.151	0.228	fixation	n/a	182.3	46.9	660.0	n/a	n/a	n/a	n/a
296.381	0.036	saccade	n/a	185.4	45.7	n/a	263.8	46.3	3.11	349.0
296.419	0.276	fixation	n/a	274.9	45.6	705.0	n/a	n/a	n/a	n/a
296.697	0.032	saccade	n/a	273.5	47.2	n/a	343.1	50.1	2.79	299.0
296.731	0.332	fixation	n/a	348.4	45.6	689.0	n/a	n/a	n/a	n/a
297.065	0.022	saccade	n/a	348.5	44.1	n/a	425.1	50.8	3.09	268.0
297.089	0.26	fixation	n/a	412.1	46.2	684.0	n/a	n/a	n/a	n/a
297.351	0.024	saccade	n/a	413.0	47.8	n/a	477.1	49.0	2.58	254.0
297.377	0.238	fixation	n/a	469.8	49.8	682.0	n/a	n/a	n/a	n/a
297.617	0.034	saccade	n/a	470.8	53.6	n/a	545.6	54.0	2.99	281.0
297.653	0.262	fixation	n/a	552.5	55.0	671.0	n/a	n/a	n/a	n/a
297.917	0.032	saccade	n/a	554.4	56.9	n/a	602.2	55.6	1.9	253.0
297.951	0.396	fixation	n/a	610.1	56.6	667.0	n/a	n/a	n/a	n/a
298.349	0.026	saccade	n/a	610.5	56.0	n/a	632.0	59.8	0.86	144.0
298.377	0.096	fixation	n/a	634.0	57.7	676.0	n/a	n/a	n/a	n/a
298.475	0.058	saccade	n/a	635.1	57.3	n/a	181.0	122.2	18.03	525.0
298.535	0.246	fixation	n/a	188.8	123.0	702.0	n/a	n/a	n/a	n/a
298.783	0.218	saccade	n/a	186.7	124.7	n/a	246.3	128.4	2.37	890.0
298.837	0.112	blink	n/a	n/a	n/a	n/a	n/a	n/a	n/a	n/a
299.003	0.172	fixation	n/a	253.2	124.2	684.0	n/a	n/a	n/a	n/a
299.177	0.036	saccade	n/a	253.4	119.0	n/a	341.7	117.9	3.53	388.0
299.215	0.296	fixation	n/a	348.9	113.8	682.0	n/a	n/a	n/a	n/a
299.513	0.022	saccade	n/a	349.5	116.4	n/a	405.5	113.1	2.26	218.0
299.537	0.236	fixation	n/a	404.3	114.2	648.0	n/a	n/a	n/a	n/a
299.775	0.028	saccade	n/a	407.9	112.8	n/a	348.9	113.4	2.38	269.0
299.805	0.096	fixation	n/a	346.9	115.9	627.0	n/a	n/a	n/a	n/a
299.903	0.034	saccade	n/a	347.1	118.5	n/a	446.5	117.1	4.0	367.0
299.939	0.22	fixation	n/a	457.8	114.9	625.0	n/a	n/a	n/a	n/a
300.161	0.034	saccade	n/a	459.9	112.2	n/a	531.7	118.4	2.89	281.0
300.197	0.23	fixation	n/a	539.5	120.2	616.0	n/a	n/a	n/a	n/a
300.429	0.03	saccade	n/a	539.9	121.4	n/a	599.4	116.8	2.37	243.0
300.461	0.166	fixation	n/a	606.0	117.3	616.0	n/a	n/a	n/a	n/a
300.629	0.022	saccade	n/a	604.9	122.0	n/a	517.5	116.9	3.48	289.0
300.653	0.218	fixation	n/a	526.5	116.7	630.0	n/a	n/a	n/a	n/a
300.873	0.044	saccade	n/a	526.0	114.8	n/a	270.1	185.6	10.61	413.0
300.919	0.066	fixation	n/a	267.9	175.6	644.0	n/a	n/a	n/a	n/a
300.987	0.034	saccade	n/a	267.8	177.6	n/a	187.7	184.0	3.18	290.0
301.023	0.374	fixation	n/a	181.6	182.9	679.0	n/a	n/a	n/a	n/a
301.399	0.036	saccade	n/a	181.6	183.8	n/a	275.1	177.0	3.72	380.0
301.437	0.364	fixation	n/a	283.4	173.8	706.0	n/a	n/a	n/a	n/a
301.803	0.028	saccade	n/a	283.4	174.2	n/a	191.8	178.1	3.64	321.0
301.833	0.312	fixation	n/a	206.2	180.3	714.0	n/a	n/a	n/a	n/a
302.147	0.028	saccade	n/a	206.0	179.2	n/a	275.7	140.1	3.19	201.0
302.177	0.126	fixation	n/a	275.9	139.4	710.0	n/a	n/a	n/a	n/a
302.305	0.024	saccade	n/a	277.4	140.8	n/a	369.2	120.3	3.78	351.0
302.331	0.192	fixation	n/a	361.7	123.6	706.0	n/a	n/a	n/a	n/a
302.525	0.022	saccade	n/a	362.6	121.8	n/a	329.8	122.8	1.32	131.0
302.549	0.126	fixation	n/a	336.0	121.2	706.0	n/a	n/a	n/a	n/a
302.677	0.032	saccade	n/a	334.1	121.3	n/a	394.9	118.2	2.45	301.0
302.711	0.13	fixation	n/a	402.4	118.3	690.0	n/a	n/a	n/a	n/a
302.843	0.032	saccade	n/a	402.0	116.3	n/a	466.7	117.9	2.6	275.0
302.877	0.256	fixation	n/a	471.0	116.5	666.0	n/a	n/a	n/a	n/a
303.135	0.032	saccade	n/a	469.9	114.3	n/a	539.4	118.9	2.79	314.0
303.169	0.232	fixation	n/a	545.8	118.7	633.0	n/a	n/a	n/a	n/a
303.403	0.034	saccade	n/a	544.4	120.2	n/a	599.4	118.6	2.18	254.0
303.439	0.118	fixation	n/a	610.2	121.1	629.0	n/a	n/a	n/a	n/a
303.559	0.048	saccade	n/a	610.8	121.0	n/a	233.3	187.1	15.16	507.0
303.609	0.144	fixation	n/a	232.8	188.0	645.0	n/a	n/a	n/a	n/a
303.755	0.022	saccade	n/a	234.4	189.0	n/a	182.7	189.2	2.04	208.0
303.776	0.0	trigger_11	11	n/a	n/a	n/a	n/a	n/a	n/a	n/a
303.779	0.264	fixation	n/a	189.4	185.5	661.0	n/a	n/a	n/a	n/a
303.782	0.0	trigger_10	10	n/a	n/a	n/a	n/a	n/a	n/a	n/a
304.045	0.034	saccade	n/a	190.0	187.1	n/a	264.5	182.6	2.96	373.0
304.081	0.234	fixation	n/a	281.4	179.9	663.0	n/a	n/a	n/a	n/a
304.317	0.034	saccade	n/a	280.7	179.0	n/a	384.7	173.3	4.18	375.0
304.353	0.284	fixation	n/a	388.8	173.8	672.0	n/a	n/a	n/a	n/a
304.639	0.02	saccade	n/a	384.9	173.3	n/a	335.7	173.5	1.98	172.0
304.661	0.122	fixation	n/a	340.7	177.5	670.0	n/a	n/a	n/a	n/a
304.785	0.03	saccade	n/a	341.7	183.5	n/a	283.9	180.2	2.32	257.0
304.817	0.154	fixation	n/a	279.4	180.5	662.0	n/a	n/a	n/a	n/a
304.973	0.022	saccade	n/a	280.7	183.2	n/a	237.9	182.5	1.71	162.0
304.997	0.302	fixation	n/a	246.9	181.2	671.0	n/a	n/a	n/a	n/a
305.301	0.06	saccade	n/a	241.2	176.4	n/a	242.0	73.2	4.19	175.0
305.363	0.226	fixation	n/a	244.8	56.4	660.0	n/a	n/a	n/a	n/a
305.591	0.034	saccade	n/a	245.7	50.4	n/a	326.8	58.4	3.26	338.0
305.627	0.354	fixation	n/a	333.6	54.1	676.0	n/a	n/a	n/a	n/a
305.983	0.032	saccade	n/a	333.2	53.3	n/a	173.4	61.2	6.35	361.0
306.017	0.392	fixation	n/a	183.6	58.8	684.0	n/a	n/a	n/a	n/a
306.411	0.036	saccade	n/a	180.8	56.6	n/a	305.8	56.1	4.97	449.0
306.449	0.716	fixation	n/a	313.6	50.5	672.0	n/a	n/a	n/a	n/a
307.167	0.024	saccade	n/a	311.2	53.9	n/a	335.2	56.0	0.97	181.0
307.193	0.222	fixation	n/a	336.8	51.3	659.0	n/a	n/a	n/a	n/a
307.417	0.032	saccade	n/a	334.5	46.6	n/a	320.6	74.5	1.27	86.0
307.451	0.278	fixation	n/a	310.1	61.2	651.0	n/a	n/a	n/a	n/a
307.731	0.018	saccade	n/a	303.3	55.7	n/a	330.2	60.7	1.1	107.0
307.751	0.122	fixation	n/a	324.3	56.2	650.0	n/a	n/a	n/a	n/a
307.875	0.218	saccade	n/a	319.7	40.8	n/a	338.9	66.3	1.3	711.0
307.925	0.132	blink	n/a	n/a	n/a	n/a	n/a	n/a	n/a	n/a
308.095	0.196	fixation	n/a	339.8	51.5	631.0	n/a	n/a	n/a	n/a
308.293	0.008	saccade	n/a	333.4	48.9	n/a	317.6	51.5	0.64	74.0
308.303	0.086	fixation	n/a	321.8	51.0	641.0	n/a	n/a	n/a	n/a
308.391	0.034	saccade	n/a	324.3	51.3	n/a	390.8	46.8	2.68	367.0
308.427	0.238	fixation	n/a	404.1	44.2	634.0	n/a	n/a	n/a	n/a
308.472	0.0	trigger_11	11	n/a	n/a	n/a	n/a	n/a	n/a	n/a
308.476	0.0	trigger_10	10	n/a	n/a	n/a	n/a	n/a	n/a	n/a
308.667	0.034	saccade	n/a	405.9	44.0	n/a	475.1	53.9	2.81	306.0
308.703	0.152	fixation	n/a	482.7	54.2	609.0	n/a	n/a	n/a	n/a
308.857	0.026	saccade	n/a	485.3	54.2	n/a	371.9	47.4	4.57	353.0
308.885	0.254	fixation	n/a	383.2	47.1	598.0	n/a	n/a	n/a	n/a
309.141	0.022	saccade	n/a	384.3	49.6	n/a	447.1	53.0	2.53	242.0
309.165	0.196	fixation	n/a	442.7	50.8	613.0	n/a	n/a	n/a	n/a
309.363	0.028	saccade	n/a	445.7	52.6	n/a	306.1	39.7	5.62	382.0
309.393	0.088	fixation	n/a	304.5	40.5	619.0	n/a	n/a	n/a	n/a
309.483	0.038	saccade	n/a	304.2	40.4	n/a	179.5	50.0	4.96	362.0
309.523	0.212	fixation	n/a	178.2	49.4	623.0	n/a	n/a	n/a	n/a
309.737	0.034	saccade	n/a	179.1	50.6	n/a	242.2	52.4	2.5	282.0
309.773	0.32	fixation	n/a	253.9	51.2	673.0	n/a	n/a	n/a	n/a
310.095	0.036	saccade	n/a	254.4	55.2	n/a	346.6	54.0	3.69	361.0
310.133	0.586	fixation	n/a	354.2	55.2	696.0	n/a	n/a	n/a	n/a
310.721	0.024	saccade	n/a	351.9	55.3	n/a	252.5	55.8	3.98	315.0
310.747	0.064	fixation	n/a	256.3	53.7	741.0	n/a	n/a	n/a	n/a
310.813	0.036	saccade	n/a	258.0	54.4	n/a	163.7	63.2	3.74	366.0
310.851	0.228	fixation	n/a	163.5	64.3	763.0	n/a	n/a	n/a	n/a
311.081	0.022	saccade	n/a	160.6	65.0	n/a	228.7	60.7	2.69	231.0
311.105	0.162	fixation	n/a	216.9	56.8	731.0	n/a	n/a	n/a	n/a
311.269	0.038	saccade	n/a	215.7	55.4	n/a	325.5	51.8	4.39	387.0
311.309	0.132	fixation	n/a	334.9	51.4	718.0	n/a	n/a	n/a	n/a
311.443	0.022	saccade	n/a	334.8	49.8	n/a	398.8	50.3	2.58	248.0
311.467	0.174	fixation	n/a	394.2	51.0	703.0	n/a	n/a	n/a	n/a
311.643	0.028	saccade	n/a	394.1	46.2	n/a	460.8	48.8	2.69	299.0
311.673	0.142	fixation	n/a	469.2	48.2	691.0	n/a	n/a	n/a	n/a
311.817	0.022	saccade	n/a	469.5	48.9	n/a	533.6	49.8	2.56	231.0
311.841	0.178	fixation	n/a	526.4	51.3	668.0	n/a	n/a	n/a	n/a
312.021	0.048	saccade	n/a	529.0	53.5	n/a	171.7	119.0	14.4	532.0
312.071	0.214	fixation	n/a	177.7	119.8	662.0	n/a	n/a	n/a	n/a
312.287	0.03	saccade	n/a	178.6	120.5	n/a	221.7	123.4	1.71	218.0
312.319	0.16	fixation	n/a	232.3	123.4	677.0	n/a	n/a	n/a	n/a
312.481	0.03	saccade	n/a	234.0	122.0	n/a	291.5	119.3	2.29	276.0
312.513	0.092	fixation	n/a	296.8	117.6	673.0	n/a	n/a	n/a	n/a
312.607	0.028	saccade	n/a	297.7	117.4	n/a	174.9	131.3	4.92	370.0
312.637	0.184	fixation	n/a	184.9	127.6	675.0	n/a	n/a	n/a	n/a
312.823	0.016	saccade	n/a	184.3	127.4	n/a	162.2	127.3	0.87	77.0
312.841	0.228	fixation	n/a	170.1	125.9	688.0	n/a	n/a	n/a	n/a
313.071	0.034	saccade	n/a	169.4	126.0	n/a	244.5	121.2	2.97	338.0
313.107	0.156	fixation	n/a	257.3	120.4	721.0	n/a	n/a	n/a	n/a
313.265	0.032	saccade	n/a	261.6	122.9	n/a	324.8	117.6	2.54	333.0
313.299	0.266	fixation	n/a	334.7	117.4	740.0	n/a	n/a	n/a	n/a
313.567	0.032	saccade	n/a	336.3	119.7	n/a	399.9	114.9	2.57	337.0
313.601	0.178	fixation	n/a	412.1	117.4	716.0	n/a	n/a	n/a	n/a
313.781	0.032	saccade	n/a	414.5	119.3	n/a	482.3	119.0	2.73	296.0
313.815	0.176	fixation	n/a	489.1	118.2	680.0	n/a	n/a	n/a	n/a
313.993	0.032	saccade	n/a	490.1	120.1	n/a	546.5	119.1	2.26	280.0
314.027	0.222	fixation	n/a	555.7	116.1	663.0	n/a	n/a	n/a	n/a
314.251	0.024	saccade	n/a	559.6	116.7	n/a	454.7	76.1	4.51	368.0
314.277	0.222	fixation	n/a	460.3	68.2	674.0	n/a	n/a	n/a	n/a
314.501	0.024	saccade	n/a	460.2	69.4	n/a	359.7	47.8	4.13	334.0
314.527	0.168	fixation	n/a	366.4	52.5	708.0	n/a	n/a	n/a	n/a
314.697	0.03	saccade	n/a	366.9	54.9	n/a	307.1	52.6	2.41	250.0
314.729	0.068	fixation	n/a	305.2	52.5	708.0	n/a	n/a	n/a	n/a
314.799	0.03	saccade	n/a	304.2	54.7	n/a	217.5	54.1	3.46	289.0
314.831	0.282	fixation	n/a	225.2	60.2	708.0	n/a	n/a	n/a	n/a
315.115	0.044	saccade	n/a	225.9	62.1	n/a	414.9	55.0	7.57	439.0
315.161	0.202	fixation	n/a	426.5	50.4	724.0	n/a	n/a	n/a	n/a
315.365	0.034	saccade	n/a	427.4	49.4	n/a	517.4	53.4	3.62	417.0
315.401	0.428	fixation	n/a	530.0	53.5	701.0	n/a	n/a	n/a	n/a
315.831	0.046	saccade	n/a	530.3	56.3	n/a	212.2	125.1	12.98	462.0
315.879	0.22	fixation	n/a	220.5	128.3	698.0	n/a	n/a	n/a	n/a
316.101	0.022	saccade	n/a	220.5	125.9	n/a	165.0	135.1	2.22	192.0
316.125	0.11	fixation	n/a	175.7	135.2	703.0	n/a	n/a	n/a	n/a
316.234	0.0	trigger_11	11	n/a	n/a	n/a	n/a	n/a	n/a	n/a
316.237	0.038	saccade	n/a	176.6	134.1	n/a	289.7	122.9	4.51	364.0
316.238	0.0	trigger_10	10	n/a	n/a	n/a	n/a	n/a	n/a	n/a
316.277	0.212	fixation	n/a	303.5	122.0	701.0	n/a	n/a	n/a	n/a
316.491	0.022	saccade	n/a	304.0	122.2	n/a	259.8	124.7	1.77	184.0
316.515	0.352	fixation	n/a	266.7	122.8	710.0	n/a	n/a	n/a	n/a
316.869	0.032	saccade	n/a	269.6	123.9	n/a	311.0	119.7	1.67	228.0
316.903	0.092	fixation	n/a	319.4	120.7	698.0	n/a	n/a	n/a	n/a
316.997	0.024	saccade	n/a	324.9	127.9	n/a	430.5	133.6	4.26	314.0
317.023	0.024	fixation	n/a	429.0	135.7	696.0	n/a	n/a	n/a	n/a
317.049	0.008	saccade	n/a	440.6	132.5	n/a	432.4	133.3	0.33	64.0
317.059	0.31	fixation	n/a	427.1	120.9	700.0	n/a	n/a	n/a	n/a
317.371	0.02	saccade	n/a	428.4	119.4	n/a	393.6	122.4	1.41	139.0
317.393	0.108	fixation	n/a	401.9	121.9	691.0	n/a	n/a	n/a	n/a
317.503	0.032	saccade	n/a	401.7	120.6	n/a	461.5	121.5	2.41	309.0
317.537	0.128	fixation	n/a	467.3	119.9	677.0	n/a	n/a	n/a	n/a
317.667	0.034	saccade	n/a	467.4	116.6	n/a	547.1	120.8	3.19	380.0
317.703	0.25	fixation	n/a	557.9	119.9	672.0	n/a	n/a	n/a	n/a
317.955	0.022	saccade	n/a	558.3	121.0	n/a	483.0	107.6	3.06	271.0
317.979	0.132	fixation	n/a	493.5	109.7	667.0	n/a	n/a	n/a	n/a
318.113	0.052	saccade	n/a	494.4	110.1	n/a	269.4	51.8	9.33	462.0
318.167	0.258	fixation	n/a	267.0	46.6	665.0	n/a	n/a	n/a	n/a
318.427	0.024	saccade	n/a	267.0	47.3	n/a	178.0	61.1	3.57	299.0
318.453	0.31	fixation	n/a	187.3	55.6	691.0	n/a	n/a	n/a	n/a
318.765	0.03	saccade	n/a	182.9	54.6	n/a	240.5	54.7	2.28	264.0
318.797	0.216	fixation	n/a	248.0	52.4	698.0	n/a	n/a	n/a	n/a
319.015	0.252	saccade	n/a	252.9	58.0	n/a	308.6	38.6	2.36	717.0
319.095	0.114	blink	n/a	n/a	n/a	n/a	n/a	n/a	n/a	n/a
319.269	0.106	fixation	n/a	321.8	44.1	675.0	n/a	n/a	n/a	n/a
319.377	0.032	saccade	n/a	322.8	42.3	n/a	386.9	50.3	2.6	284.0
319.411	0.304	fixation	n/a	395.0	45.7	675.0	n/a	n/a	n/a	n/a
319.717	0.022	saccade	n/a	394.5	47.0	n/a	361.6	44.9	1.33	150.0
319.741	0.252	fixation	n/a	366.3	51.0	652.0	n/a	n/a	n/a	n/a
319.995	0.038	saccade	n/a	369.0	58.0	n/a	486.7	57.7	4.74	428.0
320.035	0.156	fixation	n/a	495.5	58.2	646.0	n/a	n/a	n/a	n/a
320.193	0.03	saccade	n/a	493.9	59.0	n/a	540.2	61.4	1.85	271.0
320.225	0.174	fixation	n/a	549.3	58.1	642.0	n/a	n/a	n/a	n/a
320.401	0.048	saccade	n/a	550.7	57.8	n/a	173.2	121.2	15.17	574.0
320.451	0.216	fixation	n/a	185.6	118.3	669.0	n/a	n/a	n/a	n/a
320.669	0.032	saccade	n/a	189.8	121.2	n/a	242.9	117.4	2.11	234.0
320.703	0.256	fixation	n/a	248.4	117.0	723.0	n/a	n/a	n/a	n/a
320.961	0.034	saccade	n/a	247.3	119.7	n/a	336.8	118.6	3.58	429.0
320.997	0.196	fixation	n/a	346.6	118.0	761.0	n/a	n/a	n/a	n/a
321.195	0.026	saccade	n/a	345.2	117.8	n/a	395.0	118.7	2.0	253.0
321.223	0.208	fixation	n/a	398.2	118.8	766.0	n/a	n/a	n/a	n/a
321.433	0.042	saccade	n/a	398.2	120.2	n/a	524.6	124.5	5.08	424.0
321.477	0.246	fixation	n/a	537.0	125.4	779.0	n/a	n/a	n/a	n/a
321.725	0.03	saccade	n/a	543.9	125.9	n/a	621.9	121.7	3.09	332.0
321.757	0.164	fixation	n/a	625.8	124.7	764.0	n/a	n/a	n/a	n/a
321.923	0.046	saccade	n/a	625.5	124.4	n/a	260.1	181.8	14.66	546.0
321.971	0.154	fixation	n/a	256.4	184.0	766.0	n/a	n/a	n/a	n/a
322.127	0.02	saccade	n/a	253.0	186.2	n/a	188.5	195.8	2.58	233.0
322.149	0.208	fixation	n/a	200.6	189.9	797.0	n/a	n/a	n/a	n/a
322.359	0.098	saccade	n/a	201.9	190.9	n/a	393.0	142.4	7.88	225.0
322.459	0.314	fixation	n/a	418.1	117.2	852.0	n/a	n/a	n/a	n/a
322.775	0.028	saccade	n/a	417.0	115.5	n/a	364.9	111.0	2.11	236.0
322.805	0.14	fixation	n/a	364.2	114.5	857.0	n/a	n/a	n/a	n/a
322.947	0.042	saccade	n/a	364.9	115.1	n/a	232.6	65.6	5.66	345.0
322.991	0.258	fixation	n/a	241.8	70.3	867.0	n/a	n/a	n/a	n/a
323.251	0.02	saccade	n/a	239.6	67.1	n/a	190.8	67.8	1.93	182.0
323.273	0.194	fixation	n/a	200.1	66.9	870.0	n/a	n/a	n/a	n/a
323.469	0.032	saccade	n/a	200.4	65.8	n/a	254.2	63.1	2.14	229.0
323.503	0.206	fixation	n/a	257.9	61.4	861.0	n/a	n/a	n/a	n/a
323.711	0.036	saccade	n/a	257.7	63.2	n/a	318.5	53.0	2.47	284.0
323.749	0.322	fixation	n/a	325.6	56.4	850.0	n/a	n/a	n/a	n/a
324.073	0.03	saccade	n/a	326.2	56.6	n/a	377.0	55.9	2.04	272.0
324.105	0.218	fixation	n/a	384.8	53.9	823.0	n/a	n/a	n/a	n/a
324.325	0.03	saccade	n/a	386.5	54.5	n/a	452.6	54.0	2.66	317.0
324.357	0.444	fixation	n/a	457.2	54.5	806.0	n/a	n/a	n/a	n/a
324.803	0.032	saccade	n/a	457.0	58.2	n/a	512.5	60.5	2.23	298.0
324.837	0.262	fixation	n/a	519.2	61.7	796.0	n/a	n/a	n/a	n/a
325.101	0.046	saccade	n/a	520.6	61.9	n/a	191.9	127.6	13.34	496.0
325.149	0.274	fixation	n/a	194.2	125.5	805.0	n/a	n/a	n/a	n/a
325.425	0.018	saccade	n/a	197.5	128.1	n/a	250.4	123.2	2.11	186.0
325.445	0.16	fixation	n/a	240.2	126.6	810.0	n/a	n/a	n/a	n/a
325.607	0.03	saccade	n/a	240.2	129.3	n/a	290.8	125.0	2.03	258.0
325.639	0.128	fixation	n/a	293.7	122.4	809.0	n/a	n/a	n/a	n/a
325.769	0.022	saccade	n/a	293.0	124.8	n/a	365.4	113.4	2.94	273.0
325.793	0.204	fixation	n/a	356.2	115.6	808.0	n/a	n/a	n/a	n/a
325.999	0.036	saccade	n/a	358.8	116.6	n/a	421.7	113.2	2.54	283.0
326.037	0.13	fixation	n/a	428.3	116.6	793.0	n/a	n/a	n/a	n/a
326.169	0.032	saccade	n/a	424.9	116.5	n/a	514.4	117.6	3.59	343.0
326.203	0.226	fixation	n/a	522.1	117.7	769.0	n/a	n/a	n/a	n/a
326.431	0.022	saccade	n/a	523.5	117.5	n/a	493.7	118.7	1.2	142.0
326.455	0.21	fixation	n/a	497.8	117.0	755.0	n/a	n/a	n/a	n/a
326.482	0.0	trigger_11	11	n/a	n/a	n/a	n/a	n/a	n/a	n/a
326.488	0.0	trigger_10	10	n/a	n/a	n/a	n/a	n/a	n/a	n/a
326.667	0.04	saccade	n/a	497.6	118.0	n/a	596.5	118.3	3.94	348.0
326.709	0.216	fixation	n/a	608.6	119.1	744.0	n/a	n/a	n/a	n/a
326.927	0.03	saccade	n/a	610.9	120.7	n/a	654.9	120.7	1.73	230.0
326.959	0.546	fixation	n/a	660.9	120.0	728.0	n/a	n/a	n/a	n/a
327.507	0.028	saccade	n/a	662.5	119.8	n/a	613.0	114.0	1.95	257.0
327.537	0.144	fixation	n/a	612.3	114.2	747.0	n/a	n/a	n/a	n/a
327.683	0.022	saccade	n/a	610.3	114.0	n/a	585.0	116.0	1.0	140.0
327.707	0.082	fixation	n/a	588.4	114.6	767.0	n/a	n/a	n/a	n/a
327.791	0.036	saccade	n/a	587.4	115.0	n/a	640.6	113.9	2.09	293.0
327.829	0.116	fixation	n/a	652.1	115.7	760.0	n/a	n/a	n/a	n/a
327.947	0.052	saccade	n/a	650.8	114.8	n/a	213.7	173.6	17.34	529.0
328.001	0.142	fixation	n/a	223.1	177.2	772.0	n/a	n/a	n/a	n/a
328.145	0.02	saccade	n/a	225.3	179.4	n/a	170.0	187.1	2.2	187.0
328.167	0.284	fixation	n/a	178.6	184.3	775.0	n/a	n/a	n/a	n/a
328.453	0.036	saccade	n/a	177.8	187.3	n/a	201.7	80.2	4.43	209.0
328.491	0.25	fixation	n/a	204.6	51.0	756.0	n/a	n/a	n/a	n/a
328.743	0.018	saccade	n/a	208.7	47.9	n/a	185.1	63.6	1.13	102.0
328.763	0.12	fixation	n/a	192.1	59.4	776.0	n/a	n/a	n/a	n/a
328.885	0.036	saccade	n/a	191.3	57.7	n/a	266.6	54.3	2.99	380.0
328.923	0.212	fixation	n/a	278.0	52.6	794.0	n/a	n/a	n/a	n/a
329.137	0.022	saccade	n/a	275.8	50.7	n/a	307.4	55.8	1.28	145.0
329.161	0.382	fixation	n/a	299.8	53.5	746.0	n/a	n/a	n/a	n/a
329.545	0.034	saccade	n/a	298.9	54.9	n/a	360.6	53.8	2.47	308.0
329.581	0.232	fixation	n/a	372.1	53.2	711.0	n/a	n/a	n/a	n/a
329.658	0.0	trigger_11	11	n/a	n/a	n/a	n/a	n/a	n/a	n/a
329.668	0.0	trigger_10	10	n/a	n/a	n/a	n/a	n/a	n/a	n/a
329.815	0.028	saccade	n/a	374.3	55.0	n/a	413.9	55.3	1.6	228.0
329.845	0.182	fixation	n/a	420.6	54.5	700.0	n/a	n/a	n/a	n/a
330.029	0.032	saccade	n/a	422.9	53.0	n/a	520.1	54.7	3.9	375.0
330.063	0.192	fixation	n/a	526.2	53.6	684.0	n/a	n/a	n/a	n/a
330.257	0.026	saccade	n/a	525.9	53.6	n/a	497.5	51.1	1.14	181.0
330.285	0.124	fixation	n/a	492.6	51.5	664.0	n/a	n/a	n/a	n/a
330.411	0.03	saccade	n/a	492.6	55.3	n/a	413.2	49.5	3.2	328.0
330.443	0.224	fixation	n/a	406.8	48.9	679.0	n/a	n/a	n/a	n/a
330.669	0.024	saccade	n/a	406.1	49.2	n/a	317.0	44.3	3.59	266.0
330.695	0.202	fixation	n/a	324.8	47.6	705.0	n/a	n/a	n/a	n/a
330.899	0.02	saccade	n/a	324.1	49.0	n/a	292.5	52.9	1.28	143.0
330.921	0.342	fixation	n/a	297.6	52.9	721.0	n/a	n/a	n/a	n/a
331.265	0.034	saccade	n/a	295.2	54.9	n/a	479.3	49.0	7.38	362.0
331.301	0.188	fixation	n/a	469.2	49.4	715.0	n/a	n/a	n/a	n/a
331.491	0.026	saccade	n/a	469.8	47.7	n/a	346.9	47.8	4.94	355.0
331.519	0.358	fixation	n/a	356.9	46.9	707.0	n/a	n/a	n/a	n/a
331.879	0.034	saccade	n/a	359.7	45.1	n/a	190.9	67.9	6.78	388.0
331.915	0.23	fixation	n/a	201.2	66.7	770.0	n/a	n/a	n/a	n/a
332.147	0.008	saccade	n/a	201.1	69.2	n/a	187.5	67.9	0.54	63.0
332.157	0.194	fixation	n/a	185.0	69.4	792.0	n/a	n/a	n/a	n/a
332.353	0.032	saccade	n/a	180.0	73.1	n/a	280.5	70.8	3.99	441.0
332.387	0.28	fixation	n/a	276.7	56.7	739.0	n/a	n/a	n/a	n/a
332.669	0.034	saccade	n/a	277.7	50.2	n/a	344.0	42.2	2.68	345.0
332.705	0.132	fixation	n/a	355.8	47.9	733.0	n/a	n/a	n/a	n/a
332.839	0.032	saccade	n/a	360.2	51.4	n/a	427.7	49.1	2.72	314.0
332.873	0.218	fixation	n/a	437.1	48.5	716.0	n/a	n/a	n/a	n/a
333.093	0.028	saccade	n/a	435.7	49.7	n/a	500.8	48.8	2.61	293.0
333.123	0.15	fixation	n/a	505.6	48.8	707.0	n/a	n/a	n/a	n/a
333.275	0.022	saccade	n/a	507.4	49.7	n/a	582.0	50.1	2.97	233.0
333.299	0.14	fixation	n/a	569.8	51.0	703.0	n/a	n/a	n/a	n/a
333.441	0.048	saccade	n/a	570.2	51.9	n/a	414.5	51.1	6.23	471.0
333.491	0.27	fixation	n/a	404.2	46.5	694.0	n/a	n/a	n/a	n/a
333.763	0.022	saccade	n/a	405.2	42.0	n/a	355.0	41.9	2.02	199.0
333.787	0.306	fixation	n/a	363.7	43.2	700.0	n/a	n/a	n/a	n/a
334.095	0.03	saccade	n/a	364.2	43.0	n/a	422.4	46.5	2.35	264.0
334.127	0.142	fixation	n/a	425.5	43.4	715.0	n/a	n/a	n/a	n/a
334.271	0.024	saccade	n/a	424.8	44.2	n/a	481.5	45.0	2.28	248.0
334.297	0.166	fixation	n/a	474.8	45.9	731.0	n/a	n/a	n/a	n/a
334.465	0.034	saccade	n/a	475.7	47.5	n/a	554.9	45.7	3.17	328.0
334.501	0.162	fixation	n/a	563.6	50.9	741.0	n/a	n/a	n/a	n/a
334.665	0.028	saccade	n/a	565.7	54.5	n/a	620.4	52.0	2.16	266.0
334.695	0.304	fixation	n/a	625.0	53.4	742.0	n/a	n/a	n/a	n/a
335.001	0.05	saccade	n/a	623.4	52.2	n/a	227.7	118.5	15.84	524.0
335.053	0.216	fixation	n/a	228.5	117.7	765.0	n/a	n/a	n/a	n/a
335.271	0.02	saccade	n/a	226.8	120.6	n/a	194.8	124.0	1.27	118.0
335.293	0.222	fixation	n/a	203.9	122.3	771.0	n/a	n/a	n/a	n/a
335.517	0.018	saccade	n/a	202.7	122.4	n/a	171.8	131.2	1.27	143.0
335.537	0.084	fixation	n/a	177.8	128.0	775.0	n/a	n/a	n/a	n/a
335.623	0.038	saccade	n/a	174.7	126.8	n/a	304.8	128.4	5.17	364.0
335.663	0.218	fixation	n/a	324.0	122.8	763.0	n/a	n/a	n/a	n/a
335.883	0.192	saccade	n/a	323.7	118.9	n/a	452.2	133.8	5.2	817.0
335.919	0.122	blink	n/a	n/a	n/a	n/a	n/a	n/a	n/a	n/a
336.077	0.2	fixation	n/a	454.1	107.7	712.0	n/a	n/a	n/a	n/a
336.279	0.034	saccade	n/a	453.0	100.7	n/a	262.2	127.0	7.72	441.0
336.315	0.37	fixation	n/a	272.5	123.4	728.0	n/a	n/a	n/a	n/a
336.687	0.022	saccade	n/a	271.4	125.2	n/a	264.5	59.5	2.68	233.0
336.711	0.418	fixation	n/a	263.0	65.4	737.0	n/a	n/a	n/a	n/a
337.131	0.01	saccade	n/a	261.4	67.7	n/a	279.7	58.0	0.83	83.0
337.143	0.174	fixation	n/a	274.8	61.1	745.0	n/a	n/a	n/a	n/a
337.319	0.028	saccade	n/a	275.9	60.2	n/a	165.5	65.4	4.38	301.0
337.349	0.376	fixation	n/a	174.2	67.5	742.0	n/a	n/a	n/a	n/a
337.626	0.0	trigger_11	11	n/a	n/a	n/a	n/a	n/a	n/a	n/a
337.632	0.0	trigger_10	10	n/a	n/a	n/a	n/a	n/a	n/a	n/a
337.727	0.038	saccade	n/a	174.8	71.3	n/a	298.2	91.5	4.97	392.0
337.767	0.186	fixation	n/a	311.6	91.4	749.0	n/a	n/a	n/a	n/a
337.955	0.034	saccade	n/a	315.1	92.6	n/a	396.8	108.6	3.35	387.0
337.991	0.144	fixation	n/a	409.4	110.9	759.0	n/a	n/a	n/a	n/a
338.137	0.03	saccade	n/a	413.2	111.8	n/a	460.3	114.2	1.9	256.0
338.169	0.068	fixation	n/a	466.8	114.4	757.0	n/a	n/a	n/a	n/a
338.239	0.036	saccade	n/a	468.5	115.1	n/a	246.1	134.3	8.93	482.0
338.277	0.198	fixation	n/a	251.4	135.0	754.0	n/a	n/a	n/a	n/a
338.477	0.028	saccade	n/a	252.0	136.7	n/a	293.5	128.6	1.69	245.0
338.507	0.144	fixation	n/a	299.9	127.2	740.0	n/a	n/a	n/a	n/a
338.653	0.022	saccade	n/a	300.4	127.6	n/a	270.6	67.3	2.73	202.0
338.677	0.024	fixation	n/a	272.8	68.6	730.0	n/a	n/a	n/a	n/a
338.703	0.018	saccade	n/a	275.8	69.4	n/a	304.9	65.5	1.18	76.0
338.723	0.122	fixation	n/a	312.5	65.4	733.0	n/a	n/a	n/a	n/a
338.847	0.03	saccade	n/a	314.3	66.7	n/a	389.6	66.3	3.03	326.0
338.879	0.13	fixation	n/a	394.8	61.7	741.0	n/a	n/a	n/a	n/a
339.011	0.034	saccade	n/a	397.1	61.8	n/a	466.3	55.0	2.8	332.0
339.047	0.18	fixation	n/a	475.0	53.8	737.0	n/a	n/a	n/a	n/a
339.229	0.034	saccade	n/a	477.5	54.7	n/a	553.2	53.5	3.03	340.0
339.265	0.204	fixation	n/a	564.5	56.6	726.0	n/a	n/a	n/a	n/a
339.471	0.048	saccade	n/a	568.1	58.5	n/a	198.7	79.7	14.65	540.0
339.521	0.334	fixation	n/a	200.7	80.3	719.0	n/a	n/a	n/a	n/a
339.857	0.022	saccade	n/a	199.3	81.2	n/a	180.6	75.1	0.78	128.0
339.881	0.162	fixation	n/a	177.2	74.5	743.0	n/a	n/a	n/a	n/a
340.045	0.022	saccade	n/a	174.9	74.7	n/a	244.5	59.4	2.83	280.0
340.069	0.31	fixation	n/a	238.3	60.3	755.0	n/a	n/a	n/a	n/a
340.381	0.022	saccade	n/a	238.2	62.3	n/a	179.7	67.2	2.33	189.0
340.405	0.358	fixation	n/a	191.3	66.8	764.0	n/a	n/a	n/a	n/a
340.765	0.01	saccade	n/a	191.8	68.4	n/a	174.5	68.9	0.68	72.0
340.777	0.096	fixation	n/a	177.0	69.9	784.0	n/a	n/a	n/a	n/a
340.875	0.036	saccade	n/a	178.5	71.8	n/a	256.8	59.5	3.14	362.0
340.913	0.284	fixation	n/a	271.0	59.6	782.0	n/a	n/a	n/a	n/a
341.199	0.032	saccade	n/a	269.5	61.7	n/a	344.8	52.1	3.04	351.0
341.233	0.188	fixation	n/a	356.0	55.9	762.0	n/a	n/a	n/a	n/a
341.423	0.02	saccade	n/a	359.3	57.6	n/a	415.6	54.3	2.27	201.0
341.445	0.2	fixation	n/a	406.0	54.3	746.0	n/a	n/a	n/a	n/a
341.647	0.014	saccade	n/a	406.3	50.3	n/a	432.9	53.0	1.08	104.0
341.663	0.162	fixation	n/a	429.6	52.0	737.0	n/a	n/a	n/a	n/a
341.827	0.038	saccade	n/a	429.4	50.4	n/a	283.0	54.5	5.88	396.0
341.867	0.28	fixation	n/a	283.6	53.7	745.0	n/a	n/a	n/a	n/a
342.149	0.018	saccade	n/a	283.0	50.1	n/a	265.5	54.9	0.73	112.0
342.169	0.282	fixation	n/a	265.1	54.0	762.0	n/a	n/a	n/a	n/a
342.453	0.028	saccade	n/a	267.2	57.2	n/a	299.5	52.9	1.3	208.0
342.483	0.086	fixation	n/a	305.9	53.3	757.0	n/a	n/a	n/a	n/a
342.571	0.034	saccade	n/a	307.7	55.1	n/a	412.3	47.2	4.22	434.0
342.607	0.348	fixation	n/a	423.9	49.9	745.0	n/a	n/a	n/a	n/a
342.957	0.026	saccade	n/a	424.4	51.9	n/a	383.1	57.5	1.68	204.0
342.985	0.12	fixation	n/a	382.3	56.1	741.0	n/a	n/a	n/a	n/a
343.107	0.034	saccade	n/a	379.7	57.2	n/a	467.9	52.3	3.55	358.0
343.143	0.216	fixation	n/a	476.1	56.3	745.0	n/a	n/a	n/a	n/a
343.361	0.018	saccade	n/a	480.8	68.6	n/a	521.4	76.8	1.66	132.0
343.381	0.254	fixation	n/a	533.8	66.1	737.0	n/a	n/a	n/a	n/a
343.637	0.032	saccade	n/a	531.8	64.9	n/a	578.2	58.4	1.87	262.0
343.671	0.14	fixation	n/a	588.0	59.4	713.0	n/a	n/a	n/a	n/a
343.813	0.05	saccade	n/a	589.5	60.4	n/a	198.2	125.6	15.69	599.0
343.865	0.23	fixation	n/a	199.0	124.7	714.0	n/a	n/a	n/a	n/a
344.097	0.03	saccade	n/a	197.4	126.3	n/a	252.3	123.2	2.18	264.0
344.129	0.176	fixation	n/a	261.8	122.6	716.0	n/a	n/a	n/a	n/a
344.307	0.022	saccade	n/a	264.1	121.2	n/a	339.6	119.2	3.03	283.0
344.331	0.184	fixation	n/a	330.9	118.3	708.0	n/a	n/a	n/a	n/a
344.517	0.03	saccade	n/a	332.0	117.2	n/a	396.8	116.9	2.61	317.0
344.549	0.14	fixation	n/a	406.6	115.8	686.0	n/a	n/a	n/a	n/a
344.691	0.03	saccade	n/a	407.2	115.3	n/a	488.1	111.8	3.26	367.0
344.723	0.41	fixation	n/a	496.1	115.2	666.0	n/a	n/a	n/a	n/a
345.135	0.024	saccade	n/a	496.2	115.6	n/a	560.1	113.6	2.56	227.0
345.161	0.214	fixation	n/a	552.5	114.0	653.0	n/a	n/a	n/a	n/a
345.377	0.022	saccade	n/a	553.2	113.9	n/a	592.0	114.4	1.54	191.0
345.401	0.13	fixation	n/a	585.1	114.2	651.0	n/a	n/a	n/a	n/a
345.533	0.034	saccade	n/a	586.7	113.8	n/a	396.7	115.2	7.6	440.0
345.569	0.256	fixation	n/a	403.1	116.1	651.0	n/a	n/a	n/a	n/a
345.827	0.03	saccade	n/a	401.7	118.0	n/a	461.5	114.5	2.41	293.0
345.859	0.232	fixation	n/a	471.2	114.6	661.0	n/a	n/a	n/a	n/a
346.093	0.022	saccade	n/a	472.1	117.6	n/a	521.2	110.8	1.99	195.0
346.117	0.144	fixation	n/a	515.8	114.3	658.0	n/a	n/a	n/a	n/a
346.263	0.034	saccade	n/a	515.5	115.5	n/a	587.8	114.0	2.88	309.0
346.299	0.212	fixation	n/a	595.7	115.3	655.0	n/a	n/a	n/a	n/a
346.513	0.03	saccade	n/a	596.9	118.8	n/a	615.0	119.6	0.71	171.0
346.545	0.048	fixation	n/a	626.6	119.8	654.0	n/a	n/a	n/a	n/a
346.595	0.054	saccade	n/a	626.9	121.0	n/a	193.9	186.6	17.22	548.0
346.651	0.214	fixation	n/a	199.1	184.2	668.0	n/a	n/a	n/a	n/a
346.867	0.022	saccade	n/a	199.5	182.4	n/a	250.5	182.5	2.02	220.0
346.891	0.2	fixation	n/a	243.6	183.0	670.0	n/a	n/a	n/a	n/a
347.093	0.016	saccade	n/a	246.8	184.8	n/a	277.5	148.4	1.92	182.0
347.111	0.208	fixation	n/a	271.5	133.7	688.0	n/a	n/a	n/a	n/a
347.321	0.028	saccade	n/a	268.1	130.3	n/a	222.1	135.5	1.84	217.0
347.351	0.166	fixation	n/a	219.9	133.4	724.0	n/a	n/a	n/a	n/a
347.519	0.038	saccade	n/a	220.8	132.2	n/a	327.4	119.7	4.29	423.0
347.559	0.192	fixation	n/a	338.6	120.4	729.0	n/a	n/a	n/a	n/a
347.753	0.036	saccade	n/a	339.1	123.0	n/a	392.7	48.2	3.74	235.0
347.791	0.212	fixation	n/a	395.8	52.6	716.0	n/a	n/a	n/a	n/a
348.005	0.032	saccade	n/a	396.4	52.4	n/a	464.1	50.9	2.73	315.0
348.039	0.15	fixation	n/a	471.2	52.5	696.0	n/a	n/a	n/a	n/a
348.191	0.03	saccade	n/a	473.8	56.9	n/a	534.0	54.1	2.41	293.0
348.223	0.172	fixation	n/a	539.9	55.7	681.0	n/a	n/a	n/a	n/a
348.397	0.038	saccade	n/a	539.4	57.0	n/a	382.4	44.2	6.31	350.0
348.437	0.228	fixation	n/a	390.7	49.1	670.0	n/a	n/a	n/a	n/a
348.667	0.042	saccade	n/a	389.4	52.8	n/a	183.4	132.8	8.83	394.0
348.711	0.232	fixation	n/a	193.7	130.2	696.0	n/a	n/a	n/a	n/a
348.892	0.0	trigger_11	11	n/a	n/a	n/a	n/a	n/a	n/a	n/a
348.898	0.0	trigger_10	10	n/a	n/a	n/a	n/a	n/a	n/a	n/a
348.945	0.032	saccade	n/a	194.1	131.7	n/a	259.0	124.9	2.59	323.0
348.979	0.106	fixation	n/a	270.8	125.4	707.0	n/a	n/a	n/a	n/a
349.087	0.016	saccade	n/a	277.9	136.2	n/a	322.8	140.9	1.81	146.0
349.105	0.022	fixation	n/a	335.3	136.9	693.0	n/a	n/a	n/a	n/a
349.129	0.028	saccade	n/a	338.1	129.8	n/a	397.2	132.7	2.38	111.0
349.159	0.208	fixation	n/a	383.4	122.3	683.0	n/a	n/a	n/a	n/a
349.369	0.026	saccade	n/a	381.7	119.1	n/a	494.1	112.8	4.53	386.0
349.397	0.254	fixation	n/a	488.7	112.2	663.0	n/a	n/a	n/a	n/a
349.653	0.028	saccade	n/a	490.1	109.3	n/a	539.1	112.9	1.97	252.0
349.683	0.18	fixation	n/a	545.5	113.3	644.0	n/a	n/a	n/a	n/a
349.865	0.032	saccade	n/a	546.4	112.2	n/a	600.3	110.9	2.14	269.0
349.899	0.126	fixation	n/a	607.8	112.6	646.0	n/a	n/a	n/a	n/a
350.027	0.044	saccade	n/a	606.6	111.5	n/a	260.6	180.4	14.01	548.0
350.073	0.176	fixation	n/a	259.1	172.7	659.0	n/a	n/a	n/a	n/a
350.251	0.02	saccade	n/a	257.7	172.3	n/a	218.8	178.6	1.57	143.0
350.273	0.148	fixation	n/a	227.9	178.4	662.0	n/a	n/a	n/a	n/a
350.423	0.03	saccade	n/a	231.6	176.7	n/a	202.3	120.2	2.56	192.0
350.455	0.654	fixation	n/a	221.6	73.2	668.0	n/a	n/a	n/a	n/a
351.111	0.02	saccade	n/a	227.3	67.1	n/a	175.4	70.5	2.06	194.0
351.133	0.14	fixation	n/a	185.6	66.3	686.0	n/a	n/a	n/a	n/a
351.275	0.038	saccade	n/a	185.0	64.9	n/a	289.7	55.7	4.17	403.0
351.315	0.214	fixation	n/a	304.4	52.7	695.0	n/a	n/a	n/a	n/a
351.531	0.032	saccade	n/a	303.7	52.6	n/a	365.2	52.0	2.47	290.0
351.565	0.208	fixation	n/a	369.9	50.4	677.0	n/a	n/a	n/a	n/a
351.775	0.032	saccade	n/a	367.4	50.3	n/a	433.6	45.1	2.67	300.0
351.809	0.204	fixation	n/a	438.7	43.2	650.0	n/a	n/a	n/a	n/a
352.015	0.024	saccade	n/a	439.1	43.6	n/a	515.1	48.2	3.05	268.0
352.041	0.122	fixation	n/a	504.5	48.3	638.0	n/a	n/a	n/a	n/a
352.165	0.186	saccade	n/a	504.2	51.2	n/a	603.6	78.5	4.1	721.0
352.215	0.104	blink	n/a	n/a	n/a	n/a	n/a	n/a	n/a	n/a
352.353	0.234	fixation	n/a	589.7	53.9	601.0	n/a	n/a	n/a	n/a
352.589	0.192	saccade	n/a	597.1	60.0	n/a	178.6	125.2	16.72	688.0
352.619	0.124	blink	n/a	n/a	n/a	n/a	n/a	n/a	n/a	n/a
352.783	0.21	fixation	n/a	193.8	128.1	614.0	n/a	n/a	n/a	n/a
352.995	0.034	saccade	n/a	192.3	122.2	n/a	283.1	119.4	3.61	421.0
353.031	0.25	fixation	n/a	303.9	118.9	647.0	n/a	n/a	n/a	n/a
353.283	0.034	saccade	n/a	310.2	125.2	n/a	408.0	112.6	3.97	382.0
353.319	0.244	fixation	n/a	423.9	117.0	628.0	n/a	n/a	n/a	n/a
353.565	0.022	saccade	n/a	424.2	115.7	n/a	499.8	115.5	3.04	282.0
353.589	0.142	fixation	n/a	488.7	115.0	619.0	n/a	n/a	n/a	n/a
353.733	0.026	saccade	n/a	489.5	114.4	n/a	380.5	110.2	4.39	370.0
353.761	0.284	fixation	n/a	391.0	110.9	616.0	n/a	n/a	n/a	n/a
354.047	0.02	saccade	n/a	390.8	111.6	n/a	359.4	116.0	1.28	150.0
354.069	0.124	fixation	n/a	361.4	113.2	641.0	n/a	n/a	n/a	n/a
354.195	0.034	saccade	n/a	361.6	115.7	n/a	441.9	110.0	3.25	340.0
354.231	0.188	fixation	n/a	449.6	113.7	653.0	n/a	n/a	n/a	n/a
354.421	0.04	saccade	n/a	450.6	112.1	n/a	562.7	112.1	4.49	414.0
354.463	0.322	fixation	n/a	574.5	113.5	669.0	n/a	n/a	n/a	n/a
354.724	0.0	trigger_11	11	n/a	n/a	n/a	n/a	n/a	n/a	n/a
354.73	0.0	trigger_10	10	n/a	n/a	n/a	n/a	n/a	n/a	n/a
354.787	0.032	saccade	n/a	571.2	116.9	n/a	629.6	115.9	2.3	298.0
354.821	0.19	fixation	n/a	639.8	117.2	672.0	n/a	n/a	n/a	n/a
355.013	0.054	saccade	n/a	641.2	117.6	n/a	213.2	195.0	17.14	520.0
355.069	0.314	fixation	n/a	214.2	190.9	691.0	n/a	n/a	n/a	n/a
355.385	0.036	saccade	n/a	215.3	190.2	n/a	250.6	92.3	4.21	205.0
355.423	0.168	fixation	n/a	258.6	92.5	701.0	n/a	n/a	n/a	n/a
355.593	0.022	saccade	n/a	258.6	91.3	n/a	209.5	62.6	2.27	239.0
355.617	0.39	fixation	n/a	218.4	66.4	723.0	n/a	n/a	n/a	n/a
356.009	0.034	saccade	n/a	218.4	69.0	n/a	291.8	60.2	2.95	358.0
356.045	0.256	fixation	n/a	304.3	61.0	752.0	n/a	n/a	n/a	n/a
356.303	0.018	saccade	n/a	305.5	62.2	n/a	272.2	63.7	1.34	115.0
356.323	0.616	fixation	n/a	275.9	63.8	737.0	n/a	n/a	n/a	n/a
356.941	0.024	saccade	n/a	274.7	65.1	n/a	185.3	73.0	3.56	288.0
356.967	0.284	fixation	n/a	202.4	74.2	760.0	n/a	n/a	n/a	n/a
357.253	0.006	saccade	n/a	205.6	91.7	n/a	220.2	86.4	0.62	89.0
357.261	0.222	fixation	n/a	219.6	76.7	768.0	n/a	n/a	n/a	n/a
357.485	0.032	saccade	n/a	212.1	72.4	n/a	260.2	64.4	1.94	267.0
357.519	0.202	fixation	n/a	267.1	62.2	740.0	n/a	n/a	n/a	n/a
357.723	0.022	saccade	n/a	268.3	65.3	n/a	356.7	54.1	3.57	299.0
357.747	0.146	fixation	n/a	347.0	54.7	735.0	n/a	n/a	n/a	n/a
357.895	0.024	saccade	n/a	349.8	58.1	n/a	419.3	51.8	2.81	258.0
357.921	0.162	fixation	n/a	409.8	51.2	724.0	n/a	n/a	n/a	n/a
358.085	0.024	saccade	n/a	411.6	49.7	n/a	481.8	52.4	2.83	222.0
358.111	0.31	fixation	n/a	472.5	50.0	718.0	n/a	n/a	n/a	n/a
358.423	0.022	saccade	n/a	474.5	51.9	n/a	547.7	52.0	2.93	272.0
358.447	0.256	fixation	n/a	538.0	51.0	697.0	n/a	n/a	n/a	n/a
358.705	0.032	saccade	n/a	540.0	49.5	n/a	591.4	48.6	2.04	248.0
358.739	0.124	fixation	n/a	598.5	50.2	681.0	n/a	n/a	n/a	n/a
358.865	0.048	saccade	n/a	601.5	51.8	n/a	219.8	108.9	15.29	557.0
358.915	0.168	fixation	n/a	222.8	110.1	682.0	n/a	n/a	n/a	n/a
359.085	0.016	saccade	n/a	223.7	113.7	n/a	193.3	120.9	1.24	107.0
359.103	0.104	fixation	n/a	197.8	121.0	687.0	n/a	n/a	n/a	n/a
359.209	0.034	saccade	n/a	196.3	120.1	n/a	287.6	121.4	3.63	379.0
359.245	0.214	fixation	n/a	298.0	119.3	711.0	n/a	n/a	n/a	n/a
359.461	0.032	saccade	n/a	300.3	119.9	n/a	233.2	58.9	3.65	306.0
359.495	0.456	fixation	n/a	239.4	61.6	730.0	n/a	n/a	n/a	n/a
359.953	0.018	saccade	n/a	233.8	61.5	n/a	197.0	74.0	1.54	144.0
359.973	0.152	fixation	n/a	203.3	70.5	750.0	n/a	n/a	n/a	n/a
360.127	0.038	saccade	n/a	203.3	70.7	n/a	303.6	54.9	4.05	398.0
360.167	0.132	fixation	n/a	320.7	56.0	742.0	n/a	n/a	n/a	n/a
360.301	0.034	saccade	n/a	323.0	56.7	n/a	410.3	51.0	3.52	365.0
360.337	0.152	fixation	n/a	417.9	50.7	730.0	n/a	n/a	n/a	n/a
360.491	0.034	saccade	n/a	419.2	48.2	n/a	509.6	51.7	3.63	346.0
360.527	0.29	fixation	n/a	518.3	49.3	718.0	n/a	n/a	n/a	n/a
360.819	0.03	saccade	n/a	520.3	45.5	n/a	466.8	44.2	2.14	236.0
360.851	0.152	fixation	n/a	463.9	47.5	709.0	n/a	n/a	n/a	n/a
361.005	0.034	saccade	n/a	464.3	52.3	n/a	386.3	49.0	3.14	338.0
361.041	0.208	fixation	n/a	382.7	49.9	708.0	n/a	n/a	n/a	n/a
361.251	0.022	saccade	n/a	388.7	61.9	n/a	337.0	79.3	2.2	149.0
361.275	0.056	fixation	n/a	321.8	76.2	702.0	n/a	n/a	n/a	n/a
361.278	0.0	trigger_11	11	n/a	n/a	n/a	n/a	n/a	n/a	n/a
361.28	0.0	trigger_10	10	n/a	n/a	n/a	n/a	n/a	n/a	n/a
361.333	0.01	saccade	n/a	326.9	70.4	n/a	341.6	68.2	0.6	67.0
361.345	0.274	fixation	n/a	338.2	60.3	707.0	n/a	n/a	n/a	n/a
361.621	0.022	saccade	n/a	334.7	56.3	n/a	386.1	56.6	2.07	206.0
361.645	0.226	fixation	n/a	374.9	54.0	698.0	n/a	n/a	n/a	n/a
361.873	0.024	saccade	n/a	370.9	52.3	n/a	277.5	61.7	3.77	286.0
361.899	0.196	fixation	n/a	286.6	58.1	681.0	n/a	n/a	n/a	n/a
362.097	0.028	saccade	n/a	285.7	57.8	n/a	243.4	62.3	1.7	196.0
362.127	0.302	fixation	n/a	243.3	60.3	676.0	n/a	n/a	n/a	n/a
362.431	0.034	saccade	n/a	244.3	59.2	n/a	298.1	52.8	2.16	292.0
362.467	0.136	fixation	n/a	306.9	50.7	682.0	n/a	n/a	n/a	n/a
362.605	0.04	saccade	n/a	307.7	50.0	n/a	409.7	44.7	4.11	429.0
362.647	0.174	fixation	n/a	423.2	45.9	674.0	n/a	n/a	n/a	n/a
362.823	0.032	saccade	n/a	424.3	49.8	n/a	492.4	44.1	2.75	285.0
362.857	0.184	fixation	n/a	498.9	47.0	673.0	n/a	n/a	n/a	n/a
363.043	0.044	saccade	n/a	498.4	48.9	n/a	591.6	49.8	3.71	303.0
363.089	0.356	fixation	n/a	602.8	51.9	675.0	n/a	n/a	n/a	n/a
363.447	0.042	saccade	n/a	602.0	55.8	n/a	308.9	41.9	11.69	517.0
363.491	0.154	fixation	n/a	312.5	37.8	693.0	n/a	n/a	n/a	n/a
363.647	0.026	saccade	n/a	309.3	34.2	n/a	197.6	58.5	4.56	315.0
363.675	0.2	fixation	n/a	210.2	56.2	726.0	n/a	n/a	n/a	n/a
363.877	0.014	saccade	n/a	207.7	55.8	n/a	182.5	66.4	1.08	111.0
363.893	0.152	fixation	n/a	185.7	66.6	750.0	n/a	n/a	n/a	n/a
364.047	0.17	saccade	n/a	187.8	73.4	n/a	262.9	83.8	3.01	686.0
364.111	0.044	blink	n/a	n/a	n/a	n/a	n/a	n/a	n/a	n/a
364.219	0.162	fixation	n/a	261.6	65.4	702.0	n/a	n/a	n/a	n/a
364.383	0.168	saccade	n/a	257.7	65.4	n/a	314.0	63.1	2.25	854.0
364.417	0.096	blink	n/a	n/a	n/a	n/a	n/a	n/a	n/a	n/a
364.553	0.178	fixation	n/a	313.8	49.4	674.0	n/a	n/a	n/a	n/a
364.733	0.026	saccade	n/a	315.1	44.8	n/a	196.8	60.5	4.76	337.0
364.761	0.172	fixation	n/a	212.8	57.4	675.0	n/a	n/a	n/a	n/a
364.935	0.036	saccade	n/a	215.5	55.8	n/a	300.9	52.0	3.41	350.0
364.973	0.198	fixation	n/a	316.7	51.4	670.0	n/a	n/a	n/a	n/a
365.173	0.044	saccade	n/a	318.4	49.9	n/a	434.7	44.4	4.68	413.0
365.219	0.19	fixation	n/a	436.0	42.6	648.0	n/a	n/a	n/a	n/a
365.411	0.032	saccade	n/a	437.9	44.7	n/a	495.7	48.8	2.32	293.0
365.445	0.172	fixation	n/a	505.8	46.7	643.0	n/a	n/a	n/a	n/a
365.598	0.0	trigger_11	11	n/a	n/a	n/a	n/a	n/a	n/a	n/a
365.6	0.0	trigger_10	10	n/a	n/a	n/a	n/a	n/a	n/a	n/a
365.619	0.036	saccade	n/a	509.2	46.7	n/a	319.4	49.7	7.61	439.0
365.657	0.196	fixation	n/a	327.7	49.5	658.0	n/a	n/a	n/a	n/a
365.855	0.03	saccade	n/a	329.4	50.6	n/a	203.5	55.2	5.02	301.0
365.887	0.178	fixation	n/a	209.3	56.3	680.0	n/a	n/a	n/a	n/a
366.067	0.016	saccade	n/a	209.0	58.5	n/a	175.4	67.6	1.38	118.0
366.085	0.172	fixation	n/a	181.7	67.1	713.0	n/a	n/a	n/a	n/a
366.259	0.052	saccade	n/a	181.5	71.1	n/a	428.9	43.6	9.9	512.0
366.313	0.252	fixation	n/a	440.0	42.0	730.0	n/a	n/a	n/a	n/a
366.567	0.032	saccade	n/a	440.6	40.3	n/a	370.3	44.8	2.83	292.0
366.601	0.32	fixation	n/a	367.6	49.7	709.0	n/a	n/a	n/a	n/a
366.923	0.024	saccade	n/a	366.5	51.4	n/a	416.4	52.1	2.01	202.0
366.949	0.166	fixation	n/a	410.8	50.2	691.0	n/a	n/a	n/a	n/a
367.117	0.034	saccade	n/a	413.6	51.9	n/a	473.4	51.2	2.41	342.0
367.153	0.252	fixation	n/a	484.6	49.5	686.0	n/a	n/a	n/a	n/a
367.407	0.028	saccade	n/a	486.4	50.2	n/a	371.8	39.8	4.62	407.0
367.437	0.338	fixation	n/a	377.3	41.2	713.0	n/a	n/a	n/a	n/a
367.777	0.04	saccade	n/a	377.7	39.4	n/a	197.1	64.4	7.27	361.0
367.819	0.202	fixation	n/a	207.0	63.0	761.0	n/a	n/a	n/a	n/a
367.958	0.0	trigger_11	11	n/a	n/a	n/a	n/a	n/a	n/a	n/a
367.964	0.0	trigger_10	10	n/a	n/a	n/a	n/a	n/a	n/a	n/a
368.023	0.012	saccade	n/a	202.6	65.3	n/a	178.5	70.1	0.97	95.0
368.037	0.212	fixation	n/a	183.2	70.2	781.0	n/a	n/a	n/a	n/a
368.251	0.334	saccade	n/a	189.4	82.2	n/a	346.7	326.9	11.63	864.0
368.299	0.278	blink	n/a	n/a	n/a	n/a	n/a	n/a	n/a	n/a
368.587	0.126	fixation	n/a	301.5	56.8	739.0	n/a	n/a	n/a	n/a
368.715	0.008	saccade	n/a	296.2	45.3	n/a	280.7	50.0	0.65	81.0
368.725	0.062	fixation	n/a	279.6	47.6	742.0	n/a	n/a	n/a	n/a
368.789	0.036	saccade	n/a	280.2	47.5	n/a	374.1	51.8	3.78	423.0
368.827	0.298	fixation	n/a	388.4	58.8	728.0	n/a	n/a	n/a	n/a
369.127	0.01	saccade	n/a	387.3	60.3	n/a	368.8	62.6	0.75	91.0
369.139	0.142	fixation	n/a	368.6	63.6	728.0	n/a	n/a	n/a	n/a
369.283	0.032	saccade	n/a	371.2	66.9	n/a	205.9	66.8	6.6	366.0
369.317	0.244	fixation	n/a	216.3	73.7	734.0	n/a	n/a	n/a	n/a
369.563	0.02	saccade	n/a	216.3	79.3	n/a	174.1	82.2	1.67	172.0
369.585	0.642	fixation	n/a	187.3	85.6	808.0	n/a	n/a	n/a	n/a
370.229	0.022	saccade	n/a	187.9	86.3	n/a	266.3	67.3	3.21	302.0
370.253	0.318	fixation	n/a	253.6	68.4	886.0	n/a	n/a	n/a	n/a
370.573	0.022	saccade	n/a	250.9	70.3	n/a	307.3	72.9	2.26	224.0
370.597	0.228	fixation	n/a	299.1	72.2	816.0	n/a	n/a	n/a	n/a
370.827	0.026	saccade	n/a	299.9	74.2	n/a	346.2	69.4	1.87	239.0
370.855	0.182	fixation	n/a	345.3	67.3	762.0	n/a	n/a	n/a	n/a
371.039	0.03	saccade	n/a	347.5	66.4	n/a	393.0	54.6	1.89	208.0
371.071	0.068	fixation	n/a	397.3	56.3	739.0	n/a	n/a	n/a	n/a
371.141	0.038	saccade	n/a	397.8	54.2	n/a	192.6	75.0	8.24	443.0
371.181	0.192	fixation	n/a	204.7	71.5	732.0	n/a	n/a	n/a	n/a
371.375	0.022	saccade	n/a	206.2	71.0	n/a	258.4	67.9	2.08	205.0
371.399	0.142	fixation	n/a	254.4	65.7	726.0	n/a	n/a	n/a	n/a
371.543	0.032	saccade	n/a	255.6	65.9	n/a	318.7	64.6	2.52	281.0
371.577	0.202	fixation	n/a	328.5	63.9	730.0	n/a	n/a	n/a	n/a
371.781	0.03	saccade	n/a	332.6	66.6	n/a	391.0	55.5	2.39	286.0
371.813	0.124	fixation	n/a	396.7	54.0	729.0	n/a	n/a	n/a	n/a
371.939	0.032	saccade	n/a	396.3	55.5	n/a	458.1	55.0	2.49	310.0
371.973	0.208	fixation	n/a	463.4	58.5	727.0	n/a	n/a	n/a	n/a
372.183	0.03	saccade	n/a	461.8	60.9	n/a	508.6	58.0	1.88	248.0
372.215	0.176	fixation	n/a	516.3	58.7	708.0	n/a	n/a	n/a	n/a
372.393	0.028	saccade	n/a	517.2	58.2	n/a	556.3	54.1	1.57	219.0
372.423	0.204	fixation	n/a	565.8	55.0	699.0	n/a	n/a	n/a	n/a
372.629	0.042	saccade	n/a	571.2	56.9	n/a	234.8	125.2	13.66	505.0
372.673	0.192	fixation	n/a	225.7	124.6	704.0	n/a	n/a	n/a	n/a
372.867	0.018	saccade	n/a	224.9	128.3	n/a	190.8	138.7	1.41	108.0
372.887	0.158	fixation	n/a	199.8	134.8	718.0	n/a	n/a	n/a	n/a
373.047	0.036	saccade	n/a	200.9	135.7	n/a	302.7	123.1	4.09	430.0
373.085	0.268	fixation	n/a	318.8	124.3	733.0	n/a	n/a	n/a	n/a
373.355	0.034	saccade	n/a	317.4	124.0	n/a	387.6	119.4	2.83	365.0
373.391	0.2	fixation	n/a	401.9	119.5	725.0	n/a	n/a	n/a	n/a
373.593	0.024	saccade	n/a	402.7	120.5	n/a	316.7	124.0	3.46	270.0
373.619	0.138	fixation	n/a	327.2	125.1	723.0	n/a	n/a	n/a	n/a
373.759	0.042	saccade	n/a	324.8	126.1	n/a	523.1	117.8	7.96	459.0
373.803	0.242	fixation	n/a	539.0	112.9	699.0	n/a	n/a	n/a	n/a
374.047	0.024	saccade	n/a	541.3	114.0	n/a	618.3	116.1	3.05	271.0
374.073	0.256	fixation	n/a	607.5	114.0	696.0	n/a	n/a	n/a	n/a
374.331	0.066	saccade	n/a	607.8	116.9	n/a	198.9	181.5	16.34	416.0
374.399	0.304	fixation	n/a	201.9	179.8	710.0	n/a	n/a	n/a	n/a
374.705	0.036	saccade	n/a	203.7	179.6	n/a	298.4	174.8	3.77	395.0
374.743	0.142	fixation	n/a	314.7	176.0	742.0	n/a	n/a	n/a	n/a
374.887	0.014	saccade	n/a	313.1	177.9	n/a	283.3	180.3	1.2	120.0
374.903	0.132	fixation	n/a	289.4	182.0	761.0	n/a	n/a	n/a	n/a
375.037	0.032	saccade	n/a	288.4	183.0	n/a	355.8	177.5	2.71	306.0
375.071	0.2	fixation	n/a	364.4	177.0	742.0	n/a	n/a	n/a	n/a
375.273	0.032	saccade	n/a	362.8	173.9	n/a	418.4	171.4	2.24	284.0
375.307	0.134	fixation	n/a	427.6	172.7	708.0	n/a	n/a	n/a	n/a
375.443	0.034	saccade	n/a	430.0	174.0	n/a	499.9	167.6	2.81	308.0
375.479	0.36	fixation	n/a	510.5	167.6	683.0	n/a	n/a	n/a	n/a
375.841	0.024	saccade	n/a	512.1	169.0	n/a	447.0	168.0	2.61	227.0
375.867	0.28	fixation	n/a	456.7	170.9	678.0	n/a	n/a	n/a	n/a
376.149	0.026	saccade	n/a	455.0	169.1	n/a	580.3	163.8	5.01	385.0
376.177	0.226	fixation	n/a	577.8	165.4	663.0	n/a	n/a	n/a	n/a
376.405	0.05	saccade	n/a	579.8	167.6	n/a	191.1	254.7	15.73	538.0
376.457	0.236	fixation	n/a	189.8	250.3	696.0	n/a	n/a	n/a	n/a
376.695	0.034	saccade	n/a	184.2	248.3	n/a	239.3	240.2	2.2	277.0
376.731	0.186	fixation	n/a	252.5	239.2	708.0	n/a	n/a	n/a	n/a
376.919	0.022	saccade	n/a	253.5	236.7	n/a	312.0	227.7	2.36	228.0
376.943	0.164	fixation	n/a	306.0	233.4	712.0	n/a	n/a	n/a	n/a
377.109	0.03	saccade	n/a	308.9	232.8	n/a	355.3	229.4	1.86	238.0
377.141	0.192	fixation	n/a	361.1	227.5	711.0	n/a	n/a	n/a	n/a
377.174	0.0	trigger_11	11	n/a	n/a	n/a	n/a	n/a	n/a	n/a
377.182	0.0	trigger_10	10	n/a	n/a	n/a	n/a	n/a	n/a	n/a
377.335	0.022	saccade	n/a	361.0	227.4	n/a	402.3	225.0	1.66	165.0
377.359	0.168	fixation	n/a	392.6	226.2	714.0	n/a	n/a	n/a	n/a
377.529	0.032	saccade	n/a	395.3	229.3	n/a	479.8	217.9	3.42	376.0
377.563	0.352	fixation	n/a	490.9	217.9	682.0	n/a	n/a	n/a	n/a
377.917	0.018	saccade	n/a	493.8	218.8	n/a	537.0	214.2	1.73	143.0
377.937	0.27	fixation	n/a	547.4	217.3	663.0	n/a	n/a	n/a	n/a
378.209	0.03	saccade	n/a	544.9	214.0	n/a	399.6	232.6	5.86	393.0
378.241	0.236	fixation	n/a	401.0	229.9	674.0	n/a	n/a	n/a	n/a
378.479	0.038	saccade	n/a	397.9	229.7	n/a	312.8	149.6	4.73	288.0
378.519	0.246	fixation	n/a	320.7	149.3	690.0	n/a	n/a	n/a	n/a
378.767	0.026	saccade	n/a	321.2	151.2	n/a	272.7	70.0	3.84	284.0
378.795	0.164	fixation	n/a	271.6	69.9	709.0	n/a	n/a	n/a	n/a
378.961	0.022	saccade	n/a	273.3	70.6	n/a	213.5	72.1	2.38	197.0
378.985	0.408	fixation	n/a	226.7	70.7	716.0	n/a	n/a	n/a	n/a
379.395	0.022	saccade	n/a	227.7	69.7	n/a	177.2	75.2	2.01	160.0
379.419	0.158	fixation	n/a	190.8	76.1	735.0	n/a	n/a	n/a	n/a
379.579	0.034	saccade	n/a	191.5	76.7	n/a	287.0	63.0	3.83	384.0
379.615	0.404	fixation	n/a	296.0	65.0	755.0	n/a	n/a	n/a	n/a
380.021	0.03	saccade	n/a	295.4	68.1	n/a	344.4	65.4	1.97	264.0
380.053	0.134	fixation	n/a	352.3	63.6	727.0	n/a	n/a	n/a	n/a
380.189	0.034	saccade	n/a	354.1	66.2	n/a	427.8	63.2	2.97	350.0
380.225	0.248	fixation	n/a	439.2	60.3	716.0	n/a	n/a	n/a	n/a
380.475	0.036	saccade	n/a	441.6	60.0	n/a	534.8	56.0	3.73	339.0
380.513	0.274	fixation	n/a	545.2	53.5	682.0	n/a	n/a	n/a	n/a
380.789	0.022	saccade	n/a	544.8	53.2	n/a	481.4	53.0	2.54	236.0
380.813	0.34	fixation	n/a	492.3	55.2	680.0	n/a	n/a	n/a	n/a
381.155	0.022	saccade	n/a	489.2	55.4	n/a	444.2	52.0	1.81	186.0
381.179	0.18	fixation	n/a	452.9	54.1	694.0	n/a	n/a	n/a	n/a
381.361	0.038	saccade	n/a	454.6	53.4	n/a	575.7	60.5	4.84	398.0
381.401	0.252	fixation	n/a	587.9	56.8	690.0	n/a	n/a	n/a	n/a
381.655	0.03	saccade	n/a	589.9	60.2	n/a	618.2	60.4	1.12	178.0
381.687	0.142	fixation	n/a	624.5	58.5	695.0	n/a	n/a	n/a	n/a
381.831	0.034	saccade	n/a	624.7	61.2	n/a	528.8	54.4	3.81	328.0
381.867	0.078	fixation	n/a	528.4	55.7	704.0	n/a	n/a	n/a	n/a
381.947	0.036	saccade	n/a	520.5	55.4	n/a	427.4	49.2	3.75	369.0
381.985	0.122	fixation	n/a	419.9	51.6	697.0	n/a	n/a	n/a	n/a
382.109	0.022	saccade	n/a	417.3	55.4	n/a	342.4	58.1	3.02	229.0
382.133	0.288	fixation	n/a	354.1	60.4	716.0	n/a	n/a	n/a	n/a
382.423	0.052	saccade	n/a	355.7	63.6	n/a	185.3	126.8	7.25	449.0
382.477	0.172	fixation	n/a	178.0	132.8	735.0	n/a	n/a	n/a	n/a
382.651	0.032	saccade	n/a	176.8	132.1	n/a	250.3	128.2	2.92	329.0
382.685	0.2	fixation	n/a	263.2	127.5	726.0	n/a	n/a	n/a	n/a
382.887	0.032	saccade	n/a	266.1	126.5	n/a	328.6	120.0	2.52	270.0
382.921	0.262	fixation	n/a	334.2	121.9	712.0	n/a	n/a	n/a	n/a
383.185	0.01	saccade	n/a	341.3	133.6	n/a	359.9	135.9	0.75	85.0
383.197	0.26	fixation	n/a	399.6	129.1	680.0	n/a	n/a	n/a	n/a
383.459	0.022	saccade	n/a	400.6	121.8	n/a	479.0	119.7	3.16	268.0
383.483	0.17	fixation	n/a	468.5	122.0	668.0	n/a	n/a	n/a	n/a
383.655	0.036	saccade	n/a	467.7	121.7	n/a	573.8	119.5	4.24	402.0
383.693	0.206	fixation	n/a	585.3	117.5	653.0	n/a	n/a	n/a	n/a
383.901	0.052	saccade	n/a	588.0	117.8	n/a	200.6	196.6	15.64	525.0
383.955	0.246	fixation	n/a	205.9	194.6	663.0	n/a	n/a	n/a	n/a
383.974	0.0	trigger_11	11	n/a	n/a	n/a	n/a	n/a	n/a	n/a
383.982	0.0	trigger_10	10	n/a	n/a	n/a	n/a	n/a	n/a	n/a
384.203	0.03	saccade	n/a	205.4	194.9	n/a	271.3	187.3	2.63	316.0
384.235	0.194	fixation	n/a	280.7	184.1	667.0	n/a	n/a	n/a	n/a
384.431	0.022	saccade	n/a	283.7	184.8	n/a	348.4	174.3	2.63	234.0
384.455	0.196	fixation	n/a	343.3	177.6	672.0	n/a	n/a	n/a	n/a
384.653	0.034	saccade	n/a	343.0	177.0	n/a	292.6	95.3	3.9	266.0
384.689	0.026	fixation	n/a	297.1	95.2	684.0	n/a	n/a	n/a	n/a
384.717	0.016	saccade	n/a	297.0	85.6	n/a	268.1	75.4	1.23	96.0
384.735	0.292	fixation	n/a	274.8	70.4	695.0	n/a	n/a	n/a	n/a
385.029	0.03	saccade	n/a	274.7	67.4	n/a	415.8	56.7	5.68	386.0
385.061	0.162	fixation	n/a	417.2	57.7	716.0	n/a	n/a	n/a	n/a
385.225	0.038	saccade	n/a	420.4	57.3	n/a	543.5	59.7	4.93	402.0
385.265	0.346	fixation	n/a	555.3	60.2	721.0	n/a	n/a	n/a	n/a
385.613	0.048	saccade	n/a	555.8	59.3	n/a	227.5	91.0	13.12	520.0
385.663	0.24	fixation	n/a	233.3	87.6	717.0	n/a	n/a	n/a	n/a
385.905	0.016	saccade	n/a	232.0	81.4	n/a	242.3	66.2	0.74	85.0
385.923	0.266	fixation	n/a	238.1	70.0	729.0	n/a	n/a	n/a	n/a
386.191	0.024	saccade	n/a	239.1	69.3	n/a	184.2	68.7	2.17	206.0
386.217	0.368	fixation	n/a	189.3	71.3	754.0	n/a	n/a	n/a	n/a
386.587	0.01	saccade	n/a	186.2	72.3	n/a	169.3	77.6	0.7	77.0
386.599	0.426	fixation	n/a	174.5	74.5	769.0	n/a	n/a	n/a	n/a
387.027	0.036	saccade	n/a	171.8	70.3	n/a	273.5	59.7	4.05	457.0
387.065	0.358	fixation	n/a	287.2	50.4	797.0	n/a	n/a	n/a	n/a
387.425	0.032	saccade	n/a	286.2	50.4	n/a	348.8	46.4	2.51	298.0
387.459	0.23	fixation	n/a	354.0	42.8	778.0	n/a	n/a	n/a	n/a
387.691	0.026	saccade	n/a	353.7	44.6	n/a	236.3	46.2	4.69	336.0
387.719	0.324	fixation	n/a	250.8	54.4	749.0	n/a	n/a	n/a	n/a
388.045	0.022	saccade	n/a	252.0	56.9	n/a	310.8	58.2	2.35	218.0
388.069	0.118	fixation	n/a	301.5	53.2	722.0	n/a	n/a	n/a	n/a
388.189	0.032	saccade	n/a	302.7	53.6	n/a	368.0	47.4	2.63	325.0
388.223	0.278	fixation	n/a	373.3	48.4	714.0	n/a	n/a	n/a	n/a
388.503	0.02	saccade	n/a	374.6	50.0	n/a	341.1	48.9	1.35	114.0
388.525	0.366	fixation	n/a	348.7	52.5	704.0	n/a	n/a	n/a	n/a
388.893	0.026	saccade	n/a	349.5	51.8	n/a	437.9	53.1	3.55	320.0
388.921	0.514	fixation	n/a	432.2	50.5	696.0	n/a	n/a	n/a	n/a
389.437	0.032	saccade	n/a	431.2	50.9	n/a	505.8	48.4	3.0	311.0
389.471	0.22	fixation	n/a	512.5	49.8	683.0	n/a	n/a	n/a	n/a
389.693	0.028	saccade	n/a	512.3	51.0	n/a	405.5	47.6	4.29	344.0
389.723	0.216	fixation	n/a	415.0	52.5	693.0	n/a	n/a	n/a	n/a
389.941	0.038	saccade	n/a	417.3	54.7	n/a	245.5	63.0	6.89	385.0
389.981	0.218	fixation	n/a	262.3	63.4	721.0	n/a	n/a	n/a	n/a
390.201	0.022	saccade	n/a	264.8	66.4	n/a	196.6	65.2	2.71	215.0
390.225	0.25	fixation	n/a	210.3	64.3	732.0	n/a	n/a	n/a	n/a
390.477	0.034	saccade	n/a	208.7	67.7	n/a	275.2	64.9	2.65	299.0
390.513	0.204	fixation	n/a	284.0	62.5	749.0	n/a	n/a	n/a	n/a
390.719	0.024	saccade	n/a	284.2	63.3	n/a	358.2	61.6	2.97	244.0
390.745	0.236	fixation	n/a	346.6	61.1	747.0	n/a	n/a	n/a	n/a
390.983	0.022	saccade	n/a	349.6	62.9	n/a	403.2	59.1	2.16	200.0
391.007	0.264	fixation	n/a	394.8	62.3	726.0	n/a	n/a	n/a	n/a
391.273	0.008	saccade	n/a	392.8	58.9	n/a	380.5	62.0	0.51	60.0
391.283	0.174	fixation	n/a	383.2	61.7	704.0	n/a	n/a	n/a	n/a
391.459	0.022	saccade	n/a	384.2	59.1	n/a	422.9	55.4	1.57	177.0
391.483	0.176	fixation	n/a	420.7	58.2	706.0	n/a	n/a	n/a	n/a
391.661	0.034	saccade	n/a	421.9	60.4	n/a	491.9	54.6	2.83	345.0
391.697	0.408	fixation	n/a	504.6	57.2	701.0	n/a	n/a	n/a	n/a
392.107	0.044	saccade	n/a	504.7	56.4	n/a	214.2	124.2	11.9	439.0
392.153	0.234	fixation	n/a	218.4	126.0	714.0	n/a	n/a	n/a	n/a
392.389	0.014	saccade	n/a	218.5	129.5	n/a	185.4	134.4	1.32	124.0
392.405	0.202	fixation	n/a	192.9	133.5	732.0	n/a	n/a	n/a	n/a
392.609	0.032	saccade	n/a	194.2	133.2	n/a	253.3	128.1	2.35	291.0
392.643	0.112	fixation	n/a	259.9	127.5	742.0	n/a	n/a	n/a	n/a
392.757	0.036	saccade	n/a	261.7	127.4	n/a	338.6	114.6	3.12	352.0
392.795	0.178	fixation	n/a	347.9	114.0	741.0	n/a	n/a	n/a	n/a
392.975	0.012	saccade	n/a	346.1	116.4	n/a	322.4	116.2	0.95	94.0
392.989	0.19	fixation	n/a	326.6	117.0	734.0	n/a	n/a	n/a	n/a
393.181	0.032	saccade	n/a	325.2	117.1	n/a	379.8	119.8	2.2	287.0
393.215	0.238	fixation	n/a	385.9	116.3	709.0	n/a	n/a	n/a	n/a
393.455	0.022	saccade	n/a	383.3	115.2	n/a	317.6	134.6	2.76	227.0
393.479	0.06	fixation	n/a	319.5	139.3	697.0	n/a	n/a	n/a	n/a
393.541	0.004	saccade	n/a	319.6	137.4	n/a	327.1	134.6	0.32	62.0
393.547	0.29	fixation	n/a	322.4	129.3	696.0	n/a	n/a	n/a	n/a
393.839	0.038	saccade	n/a	322.4	128.5	n/a	405.9	122.4	3.37	341.0
393.879	0.212	fixation	n/a	417.3	123.3	697.0	n/a	n/a	n/a	n/a
394.093	0.03	saccade	n/a	417.8	123.6	n/a	469.1	118.6	2.07	295.0
394.125	0.184	fixation	n/a	477.1	118.2	689.0	n/a	n/a	n/a	n/a
394.311	0.034	saccade	n/a	477.9	119.3	n/a	541.6	116.3	2.55	314.0
394.347	0.244	fixation	n/a	550.4	116.0	689.0	n/a	n/a	n/a	n/a
394.593	0.032	saccade	n/a	552.0	114.6	n/a	631.6	110.7	3.15	310.0
394.627	0.256	fixation	n/a	641.2	114.0	699.0	n/a	n/a	n/a	n/a
394.885	0.034	saccade	n/a	642.2	114.8	n/a	565.4	111.0	3.03	303.0
394.921	0.144	fixation	n/a	560.6	114.0	717.0	n/a	n/a	n/a	n/a
395.067	0.038	saccade	n/a	559.6	113.7	n/a	633.1	109.9	2.91	307.0
395.107	0.12	fixation	n/a	644.8	109.7	723.0	n/a	n/a	n/a	n/a
395.229	0.054	saccade	n/a	645.6	110.8	n/a	340.2	162.2	12.27	537.0
395.285	0.27	fixation	n/a	336.5	169.4	754.0	n/a	n/a	n/a	n/a
395.557	0.018	saccade	n/a	338.5	172.1	n/a	298.5	177.6	1.62	150.0
395.577	0.164	fixation	n/a	306.4	179.0	782.0	n/a	n/a	n/a	n/a
395.743	0.024	saccade	n/a	305.7	183.4	n/a	222.4	188.1	3.32	297.0
395.769	0.18	fixation	n/a	233.5	189.8	779.0	n/a	n/a	n/a	n/a
395.951	0.044	saccade	n/a	233.4	190.6	n/a	417.5	168.4	7.42	501.0
395.997	0.256	fixation	n/a	434.5	168.4	764.0	n/a	n/a	n/a	n/a
396.255	0.032	saccade	n/a	432.8	171.1	n/a	500.2	170.8	2.7	285.0
396.289	0.156	fixation	n/a	507.8	168.7	736.0	n/a	n/a	n/a	n/a
396.447	0.022	saccade	n/a	508.1	166.3	n/a	557.1	170.8	1.96	205.0
396.471	0.1	fixation	n/a	554.5	171.1	709.0	n/a	n/a	n/a	n/a
396.573	0.048	saccade	n/a	557.9	170.1	n/a	195.5	265.2	14.8	499.0
396.623	0.246	fixation	n/a	192.9	261.1	712.0	n/a	n/a	n/a	n/a
396.784	0.0	trigger_11	11	n/a	n/a	n/a	n/a	n/a	n/a	n/a
396.79	0.0	trigger_10	10	n/a	n/a	n/a	n/a	n/a	n/a	n/a
396.871	0.034	saccade	n/a	193.2	258.3	n/a	250.3	245.0	2.31	309.0
396.907	0.248	fixation	n/a	265.9	240.8	689.0	n/a	n/a	n/a	n/a
397.157	0.02	saccade	n/a	267.4	241.7	n/a	206.0	248.5	2.45	202.0
397.179	0.084	fixation	n/a	211.9	247.2	686.0	n/a	n/a	n/a	n/a
397.265	0.022	saccade	n/a	210.7	247.1	n/a	162.0	250.7	1.92	180.0
397.289	0.104	fixation	n/a	172.5	250.2	696.0	n/a	n/a	n/a	n/a
397.395	0.028	saccade	n/a	175.0	250.5	n/a	321.8	230.7	5.86	386.0
397.425	0.23	fixation	n/a	319.4	229.6	691.0	n/a	n/a	n/a	n/a
397.657	0.034	saccade	n/a	321.6	230.1	n/a	394.5	228.5	2.92	302.0
397.693	0.164	fixation	n/a	401.1	227.8	690.0	n/a	n/a	n/a	n/a
397.859	0.032	saccade	n/a	399.4	224.7	n/a	476.9	217.5	3.12	337.0
397.893	0.226	fixation	n/a	485.7	219.6	665.0	n/a	n/a	n/a	n/a
398.121	0.034	saccade	n/a	486.6	220.4	n/a	559.7	221.5	2.91	265.0
398.157	0.218	fixation	n/a	568.4	221.4	636.0	n/a	n/a	n/a	n/a
398.377	0.028	saccade	n/a	569.1	220.5	n/a	681.7	217.4	4.41	294.0
398.407	0.206	fixation	n/a	673.6	216.4	614.0	n/a	n/a	n/a	n/a
398.615	0.064	saccade	n/a	676.4	216.6	n/a	307.6	84.4	15.49	523.0
398.681	0.286	fixation	n/a	298.5	83.4	633.0	n/a	n/a	n/a	n/a
398.969	0.03	saccade	n/a	299.9	79.8	n/a	187.8	65.6	4.49	309.0
399.001	0.218	fixation	n/a	195.8	63.7	684.0	n/a	n/a	n/a	n/a
399.221	0.03	saccade	n/a	196.9	62.6	n/a	258.2	56.6	2.44	290.0
399.253	0.188	fixation	n/a	261.7	53.5	697.0	n/a	n/a	n/a	n/a
399.443	0.032	saccade	n/a	261.1	58.3	n/a	329.5	52.8	2.75	308.0
399.477	0.19	fixation	n/a	338.4	54.5	684.0	n/a	n/a	n/a	n/a
399.669	0.032	saccade	n/a	339.0	55.0	n/a	387.6	50.1	1.97	255.0
399.703	0.182	fixation	n/a	396.0	52.2	683.0	n/a	n/a	n/a	n/a
399.887	0.03	saccade	n/a	398.0	53.4	n/a	454.3	54.1	2.27	283.0
399.919	0.122	fixation	n/a	458.6	54.5	679.0	n/a	n/a	n/a	n/a
400.043	0.034	saccade	n/a	460.9	57.2	n/a	530.6	51.4	2.8	297.0
400.079	0.214	fixation	n/a	539.2	52.2	671.0	n/a	n/a	n/a	n/a
400.295	0.038	saccade	n/a	541.0	52.1	n/a	621.3	51.2	3.18	305.0
400.335	0.214	fixation	n/a	635.3	53.4	655.0	n/a	n/a	n/a	n/a
400.551	0.056	saccade	n/a	635.8	53.9	n/a	211.7	115.4	16.91	520.0
400.609	0.156	fixation	n/a	215.3	115.0	673.0	n/a	n/a	n/a	n/a
400.767	0.02	saccade	n/a	216.3	117.4	n/a	173.7	128.0	1.74	147.0
400.789	0.126	fixation	n/a	184.8	126.5	688.0	n/a	n/a	n/a	n/a
400.917	0.034	saccade	n/a	186.5	125.1	n/a	266.5	117.8	3.19	345.0
400.953	0.168	fixation	n/a	280.2	120.6	699.0	n/a	n/a	n/a	n/a
401.123	0.02	saccade	n/a	282.1	123.6	n/a	231.9	127.2	2.01	170.0
401.145	0.342	fixation	n/a	241.1	128.8	701.0	n/a	n/a	n/a	n/a
401.489	0.024	saccade	n/a	241.6	130.8	n/a	175.5	171.4	3.09	245.0
401.515	0.15	fixation	n/a	179.9	175.4	695.0	n/a	n/a	n/a	n/a
401.667	0.058	saccade	n/a	180.2	175.8	n/a	507.0	115.8	13.19	468.0
401.727	0.136	fixation	n/a	518.3	113.4	696.0	n/a	n/a	n/a	n/a
401.865	0.032	saccade	n/a	519.2	113.6	n/a	591.3	112.6	2.87	298.0
401.899	0.13	fixation	n/a	596.8	111.7	704.0	n/a	n/a	n/a	n/a
402.031	0.028	saccade	n/a	595.6	111.7	n/a	636.5	111.8	1.61	214.0
402.061	0.076	fixation	n/a	641.1	111.4	694.0	n/a	n/a	n/a	n/a
402.139	0.052	saccade	n/a	643.4	109.6	n/a	378.3	107.1	10.54	497.0
402.193	0.514	fixation	n/a	368.3	112.9	693.0	n/a	n/a	n/a	n/a
402.709	0.022	saccade	n/a	367.3	113.7	n/a	433.1	113.7	2.65	225.0
402.733	0.122	fixation	n/a	421.6	115.0	690.0	n/a	n/a	n/a	n/a
402.857	0.048	saccade	n/a	423.7	115.2	n/a	221.9	126.9	8.09	382.0
402.907	0.286	fixation	n/a	220.1	130.5	685.0	n/a	n/a	n/a	n/a
403.195	0.036	saccade	n/a	218.8	133.2	n/a	304.2	120.6	3.45	319.0
403.233	0.234	fixation	n/a	315.4	120.1	682.0	n/a	n/a	n/a	n/a
403.469	0.024	saccade	n/a	315.2	117.7	n/a	265.1	129.3	2.06	224.0
403.495	0.312	fixation	n/a	267.1	126.3	685.0	n/a	n/a	n/a	n/a
403.809	0.02	saccade	n/a	265.5	124.9	n/a	210.5	127.9	2.19	183.0
403.831	0.146	fixation	n/a	220.5	125.5	674.0	n/a	n/a	n/a	n/a
403.979	0.048	saccade	n/a	221.0	126.1	n/a	342.8	118.9	4.87	402.0
404.029	0.344	fixation	n/a	343.2	117.8	654.0	n/a	n/a	n/a	n/a
404.375	0.034	saccade	n/a	344.5	118.5	n/a	411.2	111.6	2.7	318.0
404.411	0.186	fixation	n/a	422.7	111.2	632.0	n/a	n/a	n/a	n/a
404.599	0.036	saccade	n/a	426.3	111.6	n/a	519.3	110.0	3.74	370.0
404.637	0.338	fixation	n/a	527.5	109.6	617.0	n/a	n/a	n/a	n/a
404.977	0.032	saccade	n/a	529.1	108.2	n/a	627.1	110.0	3.88	357.0
405.011	0.12	fixation	n/a	637.5	108.8	600.0	n/a	n/a	n/a	n/a
405.133	0.252	saccade	n/a	635.6	113.4	n/a	177.5	188.2	18.22	734.0
405.191	0.156	blink	n/a	n/a	n/a	n/a	n/a	n/a	n/a	n/a
405.387	0.194	fixation	n/a	200.3	193.8	596.0	n/a	n/a	n/a	n/a
405.583	0.182	saccade	n/a	206.7	196.5	n/a	202.2	46.6	6.06	579.0
405.625	0.1	blink	n/a	n/a	n/a	n/a	n/a	n/a	n/a	n/a
405.767	0.214	fixation	n/a	206.3	40.0	608.0	n/a	n/a	n/a	n/a
405.912	0.0	trigger_11	11	n/a	n/a	n/a	n/a	n/a	n/a	n/a
405.92	0.0	trigger_10	10	n/a	n/a	n/a	n/a	n/a	n/a	n/a
405.983	0.034	saccade	n/a	208.3	43.6	n/a	281.6	47.9	2.92	389.0
406.019	0.296	fixation	n/a	300.9	49.0	668.0	n/a	n/a	n/a	n/a
406.317	0.038	saccade	n/a	303.3	56.0	n/a	405.7	55.7	4.12	377.0
406.357	0.224	fixation	n/a	414.3	41.7	651.0	n/a	n/a	n/a	n/a
406.583	0.042	saccade	n/a	417.0	45.5	n/a	540.2	39.8	4.94	360.0
406.627	0.212	fixation	n/a	552.8	43.1	641.0	n/a	n/a	n/a	n/a
406.841	0.034	saccade	n/a	555.5	48.7	n/a	623.9	45.4	2.71	311.0
406.877	0.162	fixation	n/a	633.6	47.0	639.0	n/a	n/a	n/a	n/a
407.041	0.054	saccade	n/a	634.4	48.3	n/a	187.1	122.3	17.83	556.0
407.097	0.3	fixation	n/a	195.3	122.5	670.0	n/a	n/a	n/a	n/a
407.399	0.032	saccade	n/a	194.6	123.3	n/a	254.5	118.7	2.38	262.0
407.433	0.234	fixation	n/a	262.6	118.7	697.0	n/a	n/a	n/a	n/a
407.669	0.022	saccade	n/a	261.8	120.4	n/a	222.0	56.4	3.04	264.0
407.693	0.44	fixation	n/a	223.7	58.5	723.0	n/a	n/a	n/a	n/a
408.135	0.02	saccade	n/a	226.8	60.0	n/a	184.1	69.1	1.73	164.0
408.157	0.152	fixation	n/a	190.8	67.2	775.0	n/a	n/a	n/a	n/a
408.311	0.026	saccade	n/a	189.9	67.8	n/a	310.9	57.3	4.83	391.0
408.339	0.234	fixation	n/a	301.7	59.2	791.0	n/a	n/a	n/a	n/a
408.575	0.022	saccade	n/a	300.9	64.8	n/a	251.5	69.0	1.98	192.0
408.599	0.092	fixation	n/a	258.6	65.7	767.0	n/a	n/a	n/a	n/a
408.693	0.03	saccade	n/a	258.7	65.6	n/a	193.7	67.4	2.58	285.0
408.725	0.26	fixation	n/a	193.9	67.8	746.0	n/a	n/a	n/a	n/a
408.987	0.018	saccade	n/a	193.2	66.8	n/a	173.8	71.2	0.79	112.0
409.007	0.29	fixation	n/a	177.5	67.6	757.0	n/a	n/a	n/a	n/a
409.299	0.032	saccade	n/a	176.5	63.5	n/a	264.9	59.5	3.5	344.0
409.333	0.194	fixation	n/a	272.1	58.6	766.0	n/a	n/a	n/a	n/a
409.529	0.034	saccade	n/a	272.3	57.9	n/a	356.7	49.8	3.4	378.0
409.565	0.242	fixation	n/a	369.1	51.9	761.0	n/a	n/a	n/a	n/a
409.809	0.024	saccade	n/a	370.1	54.6	n/a	420.2	50.2	2.03	212.0
409.835	0.2	fixation	n/a	416.8	49.1	734.0	n/a	n/a	n/a	n/a
410.037	0.032	saccade	n/a	422.2	55.3	n/a	497.6	53.5	3.03	302.0
410.071	0.16	fixation	n/a	505.0	54.9	727.0	n/a	n/a	n/a	n/a
410.232	0.0	trigger_11	11	n/a	n/a	n/a	n/a	n/a	n/a	n/a
410.233	0.03	saccade	n/a	506.4	55.2	n/a	556.3	51.1	2.0	221.0
410.238	0.0	trigger_10	10	n/a	n/a	n/a	n/a	n/a	n/a	n/a
410.265	0.13	fixation	n/a	559.8	53.4	712.0	n/a	n/a	n/a	n/a
410.397	0.05	saccade	n/a	561.9	52.1	n/a	190.7	124.0	14.99	499.0
410.449	0.23	fixation	n/a	196.4	123.3	720.0	n/a	n/a	n/a	n/a
410.681	0.04	saccade	n/a	198.0	122.5	n/a	366.8	60.9	7.19	364.0
410.723	0.16	fixation	n/a	367.2	60.4	731.0	n/a	n/a	n/a	n/a
410.885	0.028	saccade	n/a	369.8	63.4	n/a	244.4	55.2	5.04	365.0
410.915	0.148	fixation	n/a	256.4	56.4	739.0	n/a	n/a	n/a	n/a
411.065	0.032	saccade	n/a	257.4	58.3	n/a	201.4	64.1	2.23	258.0
411.099	0.198	fixation	n/a	197.5	66.6	748.0	n/a	n/a	n/a	n/a
411.299	0.01	saccade	n/a	193.1	67.9	n/a	174.5	69.9	0.74	77.0
411.311	0.346	fixation	n/a	178.7	66.8	750.0	n/a	n/a	n/a	n/a
411.659	0.038	saccade	n/a	177.5	65.5	n/a	278.1	57.7	4.0	427.0
411.699	0.246	fixation	n/a	294.9	61.3	752.0	n/a	n/a	n/a	n/a
411.947	0.022	saccade	n/a	293.6	64.7	n/a	254.4	60.2	1.58	172.0
411.971	0.466	fixation	n/a	261.1	62.0	748.0	n/a	n/a	n/a	n/a
412.439	0.024	saccade	n/a	265.2	65.7	n/a	179.0	63.8	3.42	299.0
412.465	0.282	fixation	n/a	194.0	63.1	807.0	n/a	n/a	n/a	n/a
412.749	0.006	saccade	n/a	194.9	66.9	n/a	199.2	75.1	0.37	51.0
412.757	0.044	fixation	n/a	203.7	94.1	835.0	n/a	n/a	n/a	n/a
412.803	0.164	saccade	n/a	201.0	116.7	n/a	176.6	231.2	4.72	562.0
412.877	0.082	blink	n/a	n/a	n/a	n/a	n/a	n/a	n/a	n/a
412.969	0.078	fixation	n/a	248.8	60.0	812.0	n/a	n/a	n/a	n/a
413.049	0.028	saccade	n/a	247.4	52.8	n/a	152.1	69.2	3.82	306.0
413.079	0.28	fixation	n/a	164.1	61.9	761.0	n/a	n/a	n/a	n/a
413.361	0.034	saccade	n/a	166.4	63.6	n/a	221.7	51.5	2.24	323.0
413.397	0.358	fixation	n/a	240.4	46.8	746.0	n/a	n/a	n/a	n/a
413.757	0.026	saccade	n/a	240.4	44.8	n/a	373.9	50.4	5.36	429.0
413.785	0.232	fixation	n/a	369.4	48.2	711.0	n/a	n/a	n/a	n/a
414.019	0.04	saccade	n/a	374.7	53.8	n/a	205.9	56.3	6.74	380.0
414.061	0.236	fixation	n/a	216.5	55.3	696.0	n/a	n/a	n/a	n/a
414.299	0.014	saccade	n/a	222.4	54.5	n/a	245.4	55.8	0.92	94.0
414.315	0.2	fixation	n/a	242.9	55.6	708.0	n/a	n/a	n/a	n/a
414.442	0.0	trigger_11	11	n/a	n/a	n/a	n/a	n/a	n/a	n/a
414.446	0.0	trigger_10	10	n/a	n/a	n/a	n/a	n/a	n/a	n/a
414.517	0.032	saccade	n/a	245.4	58.0	n/a	301.8	54.3	2.26	293.0
414.551	0.24	fixation	n/a	310.6	54.9	747.0	n/a	n/a	n/a	n/a
414.793	0.03	saccade	n/a	310.4	54.5	n/a	357.8	46.2	1.93	263.0
414.825	0.126	fixation	n/a	365.7	44.1	790.0	n/a	n/a	n/a	n/a
414.953	0.024	saccade	n/a	367.1	42.3	n/a	263.6	48.0	4.15	318.0
414.979	0.386	fixation	n/a	262.2	53.8	799.0	n/a	n/a	n/a	n/a
415.367	0.026	saccade	n/a	264.5	55.6	n/a	188.7	64.5	3.02	259.0
415.395	0.152	fixation	n/a	202.2	63.1	808.0	n/a	n/a	n/a	n/a
415.549	0.02	saccade	n/a	203.9	63.7	n/a	167.7	71.5	1.46	140.0
415.571	0.196	fixation	n/a	172.6	69.5	815.0	n/a	n/a	n/a	n/a
415.769	0.032	saccade	n/a	166.5	67.0	n/a	318.3	46.9	6.08	412.0
415.803	0.208	fixation	n/a	319.3	50.2	810.0	n/a	n/a	n/a	n/a
416.013	0.032	saccade	n/a	319.0	47.0	n/a	256.8	55.7	2.51	329.0
416.047	0.25	fixation	n/a	248.9	57.7	817.0	n/a	n/a	n/a	n/a
416.299	0.014	saccade	n/a	249.7	58.5	n/a	259.3	58.2	0.38	71.0
416.315	0.306	fixation	n/a	255.6	58.8	822.0	n/a	n/a	n/a	n/a
416.623	0.022	saccade	n/a	256.6	61.1	n/a	178.7	70.6	3.11	279.0
416.647	0.216	fixation	n/a	192.7	66.6	844.0	n/a	n/a	n/a	n/a
416.865	0.036	saccade	n/a	194.5	67.4	n/a	268.9	59.1	2.98	348.0
416.903	0.214	fixation	n/a	277.7	57.0	868.0	n/a	n/a	n/a	n/a
417.119	0.034	saccade	n/a	275.8	56.0	n/a	345.1	49.0	2.79	310.0
417.155	0.342	fixation	n/a	356.8	52.9	803.0	n/a	n/a	n/a	n/a
417.499	0.022	saccade	n/a	359.4	55.4	n/a	289.0	58.2	2.82	248.0
417.523	0.238	fixation	n/a	304.8	57.6	775.0	n/a	n/a	n/a	n/a
417.763	0.024	saccade	n/a	303.3	58.9	n/a	366.0	55.7	2.53	237.0
417.789	0.194	fixation	n/a	359.4	55.6	775.0	n/a	n/a	n/a	n/a
417.985	0.036	saccade	n/a	360.5	58.2	n/a	475.7	55.2	4.63	437.0
418.023	0.216	fixation	n/a	484.4	55.1	771.0	n/a	n/a	n/a	n/a
418.241	0.026	saccade	n/a	486.5	59.2	n/a	377.1	48.5	4.42	340.0
418.269	0.242	fixation	n/a	382.7	51.7	767.0	n/a	n/a	n/a	n/a
418.513	0.022	saccade	n/a	381.0	51.3	n/a	333.3	59.0	1.95	176.0
418.537	0.128	fixation	n/a	340.5	56.2	762.0	n/a	n/a	n/a	n/a
418.667	0.012	saccade	n/a	339.6	59.6	n/a	319.0	60.8	0.83	80.0
418.681	0.198	fixation	n/a	324.7	59.7	771.0	n/a	n/a	n/a	n/a
418.881	0.038	saccade	n/a	323.4	59.5	n/a	440.5	58.0	4.7	394.0
418.921	0.214	fixation	n/a	454.7	59.5	795.0	n/a	n/a	n/a	n/a
419.137	0.018	saccade	n/a	456.1	59.2	n/a	486.1	60.1	1.21	138.0
419.157	0.394	fixation	n/a	477.5	60.7	785.0	n/a	n/a	n/a	n/a
419.553	0.024	saccade	n/a	474.0	62.7	n/a	380.1	56.1	3.79	314.0
419.579	0.216	fixation	n/a	397.1	56.4	774.0	n/a	n/a	n/a	n/a
419.797	0.014	saccade	n/a	402.2	74.1	n/a	378.1	81.0	1.01	92.0
419.813	0.352	fixation	n/a	372.4	60.8	778.0	n/a	n/a	n/a	n/a
420.167	0.038	saccade	n/a	367.5	53.8	n/a	507.7	57.5	5.63	481.0
420.207	0.134	fixation	n/a	521.2	58.5	768.0	n/a	n/a	n/a	n/a
420.343	0.032	saccade	n/a	523.3	58.4	n/a	572.6	54.8	1.97	234.0
420.377	0.122	fixation	n/a	579.0	56.3	752.0	n/a	n/a	n/a	n/a
420.501	0.054	saccade	n/a	581.0	58.2	n/a	174.8	133.6	16.34	552.0
420.557	0.248	fixation	n/a	188.9	134.4	756.0	n/a	n/a	n/a	n/a
420.807	0.032	saccade	n/a	189.5	134.4	n/a	275.5	122.3	3.45	354.0
420.841	0.312	fixation	n/a	286.2	121.5	749.0	n/a	n/a	n/a	n/a
421.155	0.032	saccade	n/a	285.9	121.6	n/a	345.6	115.9	2.4	337.0
421.189	0.196	fixation	n/a	355.5	116.7	724.0	n/a	n/a	n/a	n/a
421.387	0.034	saccade	n/a	355.6	115.9	n/a	411.5	110.8	2.26	268.0
421.423	0.294	fixation	n/a	422.2	114.0	705.0	n/a	n/a	n/a	n/a
421.719	0.032	saccade	n/a	421.6	112.1	n/a	495.2	110.7	2.96	301.0
421.753	0.184	fixation	n/a	499.9	111.0	692.0	n/a	n/a	n/a	n/a
421.939	0.036	saccade	n/a	500.8	111.2	n/a	619.8	105.6	4.74	360.0
421.977	0.288	fixation	n/a	626.9	106.6	676.0	n/a	n/a	n/a	n/a
422.267	0.052	saccade	n/a	628.2	107.8	n/a	205.7	180.8	16.89	568.0
422.321	0.222	fixation	n/a	206.8	179.0	699.0	n/a	n/a	n/a	n/a
422.346	0.0	trigger_11	11	n/a	n/a	n/a	n/a	n/a	n/a	n/a
422.348	0.0	trigger_22	22	n/a	n/a	n/a	n/a	n/a	n/a	n/a
422.545	0.046	saccade	n/a	208.1	181.1	n/a	287.5	95.9	4.69	162.0
422.593	0.182	fixation	n/a	278.9	91.8	700.0	n/a	n/a	n/a	n/a
422.777	0.022	saccade	n/a	276.3	87.9	n/a	230.0	62.4	2.11	176.0
422.801	0.16	fixation	n/a	240.6	63.4	714.0	n/a	n/a	n/a	n/a
422.963	0.036	saccade	n/a	241.1	64.1	n/a	308.5	56.7	2.71	304.0
423.001	0.158	fixation	n/a	314.8	55.4	713.0	n/a	n/a	n/a	n/a
423.161	0.022	saccade	n/a	314.5	54.0	n/a	264.9	59.0	1.99	163.0
423.185	0.136	fixation	n/a	273.9	61.0	714.0	n/a	n/a	n/a	n/a
423.323	0.034	saccade	n/a	272.0	64.3	n/a	347.9	53.8	3.07	343.0
423.359	0.196	fixation	n/a	358.1	52.9	701.0	n/a	n/a	n/a	n/a
423.557	0.034	saccade	n/a	357.9	55.0	n/a	458.1	49.8	4.03	395.0
423.593	0.342	fixation	n/a	469.7	53.2	687.0	n/a	n/a	n/a	n/a
423.937	0.02	saccade	n/a	469.3	54.9	n/a	488.9	108.5	2.33	196.0
423.959	0.202	fixation	n/a	485.1	99.5	688.0	n/a	n/a	n/a	n/a
424.163	0.02	saccade	n/a	485.6	100.6	n/a	426.0	106.7	2.41	202.0
424.185	0.358	fixation	n/a	432.0	107.2	689.0	n/a	n/a	n/a	n/a
424.545	0.05	saccade	n/a	431.0	106.5	n/a	210.4	67.9	8.95	427.0
424.597	0.268	fixation	n/a	203.6	68.4	715.0	n/a	n/a	n/a	n/a
