onset	duration	trial_type	value	gaze_x	gaze_y	pupil_size	sacc_endx	sacc_endy	sacc_amplitude	sacc_peakvel
0.038	0.0	trigger_100	100	n/a	n/a	n/a	n/a	n/a	n/a	n/a
0.459	0.036	saccade	n/a	173.9	271.1	n/a	378.9	229.9	8.29	403.0
0.497	0.844	fixation	n/a	391.7	226.1	898.0	n/a	n/a	n/a	n/a
1.343	0.02	saccade	n/a	405.5	214.6	n/a	449.2	203.5	1.81	164.0
1.365	0.8	fixation	n/a	439.3	207.8	843.0	n/a	n/a	n/a	n/a
2.068	0.0	trigger_10	10	n/a	n/a	n/a	n/a	n/a	n/a	n/a
2.167	0.032	saccade	n/a	437.6	208.7	n/a	368.9	214.2	2.77	249.0
2.201	0.092	fixation	n/a	365.3	212.6	864.0	n/a	n/a	n/a	n/a
2.295	0.036	saccade	n/a	366.7	213.5	n/a	211.9	135.7	6.93	411.0
2.333	0.128	fixation	n/a	217.2	128.9	891.0	n/a	n/a	n/a	n/a
2.463	0.022	saccade	n/a	220.2	127.3	n/a	149.8	81.1	3.34	281.0
2.487	0.258	fixation	n/a	156.6	78.9	934.0	n/a	n/a	n/a	n/a
2.747	0.038	saccade	n/a	154.7	79.8	n/a	282.2	86.6	5.05	412.0
2.787	0.288	fixation	n/a	292.1	85.8	918.0	n/a	n/a	n/a	n/a
3.077	0.018	saccade	n/a	288.4	87.6	n/a	239.8	89.4	1.94	169.0
3.097	0.374	fixation	n/a	250.4	92.7	907.0	n/a	n/a	n/a	n/a
3.473	0.034	saccade	n/a	251.6	96.6	n/a	342.7	92.3	3.65	381.0
3.509	0.212	fixation	n/a	353.8	92.9	898.0	n/a	n/a	n/a	n/a
3.723	0.036	saccade	n/a	354.4	92.3	n/a	443.6	86.6	3.6	368.0
3.761	0.344	fixation	n/a	455.9	86.7	867.0	n/a	n/a	n/a	n/a
4.107	0.032	saccade	n/a	455.0	86.0	n/a	545.5	87.6	3.62	379.0
4.141	0.204	fixation	n/a	553.9	86.2	855.0	n/a	n/a	n/a	n/a
4.347	0.02	saccade	n/a	552.2	86.3	n/a	592.2	84.2	1.59	141.0
4.369	0.07	fixation	n/a	585.4	85.8	851.0	n/a	n/a	n/a	n/a
4.441	0.054	saccade	n/a	586.1	85.7	n/a	144.2	149.4	17.59	556.0
4.497	0.25	fixation	n/a	142.5	145.1	899.0	n/a	n/a	n/a	n/a
4.749	0.03	saccade	n/a	141.7	146.0	n/a	231.6	146.5	3.54	348.0
4.781	0.16	fixation	n/a	242.2	143.7	889.0	n/a	n/a	n/a	n/a
4.943	0.018	saccade	n/a	245.3	144.5	n/a	258.0	104.2	1.71	150.0
4.963	0.176	fixation	n/a	253.2	95.2	872.0	n/a	n/a	n/a	n/a
5.141	0.022	saccade	n/a	255.5	98.1	n/a	172.4	83.6	3.34	278.0
5.165	0.254	fixation	n/a	183.4	84.5	893.0	n/a	n/a	n/a	n/a
5.421	0.03	saccade	n/a	184.0	86.1	n/a	241.0	90.8	2.27	282.0
5.453	0.196	fixation	n/a	248.0	91.7	917.0	n/a	n/a	n/a	n/a
5.651	0.028	saccade	n/a	244.8	90.9	n/a	309.1	89.2	2.57	290.0
5.681	0.212	fixation	n/a	311.5	86.1	883.0	n/a	n/a	n/a	n/a
5.895	0.032	saccade	n/a	311.1	86.4	n/a	379.0	82.2	2.74	285.0
5.929	0.25	fixation	n/a	387.5	85.1	848.0	n/a	n/a	n/a	n/a
6.181	0.02	saccade	n/a	389.6	87.9	n/a	443.9	84.4	2.19	215.0
6.203	0.238	fixation	n/a	436.4	85.9	840.0	n/a	n/a	n/a	n/a
6.443	0.03	saccade	n/a	436.5	87.5	n/a	494.1	88.9	2.32	268.0
6.475	0.208	fixation	n/a	500.9	88.5	829.0	n/a	n/a	n/a	n/a
6.685	0.022	saccade	n/a	504.2	90.1	n/a	594.8	87.1	3.6	333.0
6.709	0.206	fixation	n/a	586.2	86.9	812.0	n/a	n/a	n/a	n/a
6.917	0.058	saccade	n/a	588.5	87.8	n/a	162.6	142.8	16.91	500.0
6.977	0.26	fixation	n/a	172.2	146.9	883.0	n/a	n/a	n/a	n/a
7.239	0.16	saccade	n/a	181.0	159.1	n/a	277.7	148.9	3.86	487.0
7.313	0.038	blink	n/a	n/a	n/a	n/a	n/a	n/a	n/a	n/a
7.401	0.418	fixation	n/a	272.2	138.8	890.0	n/a	n/a	n/a	n/a
7.821	0.016	saccade	n/a	272.5	139.3	n/a	242.1	153.4	1.34	124.0
7.839	0.42	fixation	n/a	246.7	152.1	916.0	n/a	n/a	n/a	n/a
8.05	0.0	trigger_11	11	n/a	n/a	n/a	n/a	n/a	n/a	n/a
8.06	0.0	trigger_10	10	n/a	n/a	n/a	n/a	n/a	n/a	n/a
8.261	0.034	saccade	n/a	248.7	154.3	n/a	154.9	87.2	4.6	290.0
8.297	0.192	fixation	n/a	159.2	88.0	904.0	n/a	n/a	n/a	n/a
8.491	0.014	saccade	n/a	159.4	84.7	n/a	131.2	89.5	1.12	90.0
8.507	0.366	fixation	n/a	135.1	87.3	916.0	n/a	n/a	n/a	n/a
8.875	0.034	saccade	n/a	131.0	87.2	n/a	240.0	80.9	4.3	458.0
8.911	0.26	fixation	n/a	255.1	82.3	871.0	n/a	n/a	n/a	n/a
9.173	0.032	saccade	n/a	253.8	83.2	n/a	311.9	81.9	2.32	308.0
9.207	0.432	fixation	n/a	321.4	87.5	851.0	n/a	n/a	n/a	n/a
9.641	0.03	saccade	n/a	318.7	86.7	n/a	380.2	86.2	2.47	272.0
9.673	0.24	fixation	n/a	386.4	86.3	814.0	n/a	n/a	n/a	n/a
9.915	0.02	saccade	n/a	384.8	86.3	n/a	324.7	87.7	2.42	203.0
9.937	0.136	fixation	n/a	329.6	87.8	798.0	n/a	n/a	n/a	n/a
10.075	0.032	saccade	n/a	329.2	86.9	n/a	404.2	80.7	3.03	327.0
10.109	0.27	fixation	n/a	415.9	82.3	803.0	n/a	n/a	n/a	n/a
10.381	0.022	saccade	n/a	417.6	81.0	n/a	497.4	84.6	3.21	306.0
10.405	0.14	fixation	n/a	494.9	88.0	788.0	n/a	n/a	n/a	n/a
10.547	0.032	saccade	n/a	494.9	89.1	n/a	555.8	87.9	2.44	249.0
10.581	0.32	fixation	n/a	563.9	88.2	773.0	n/a	n/a	n/a	n/a
10.903	0.06	saccade	n/a	564.9	86.0	n/a	93.1	139.5	18.56	492.0
10.965	0.268	fixation	n/a	105.6	138.0	810.0	n/a	n/a	n/a	n/a
11.235	0.022	saccade	n/a	108.5	136.5	n/a	186.6	141.6	3.05	291.0
11.259	0.186	fixation	n/a	182.6	140.7	822.0	n/a	n/a	n/a	n/a
11.447	0.032	saccade	n/a	181.0	139.9	n/a	240.4	142.6	2.36	268.0
11.481	0.278	fixation	n/a	250.2	141.4	803.0	n/a	n/a	n/a	n/a
11.761	0.022	saccade	n/a	251.1	141.9	n/a	182.3	141.0	2.72	235.0
11.785	0.182	fixation	n/a	195.6	139.8	793.0	n/a	n/a	n/a	n/a
11.969	0.034	saccade	n/a	197.2	139.2	n/a	351.6	148.0	6.16	506.0
12.005	0.206	fixation	n/a	368.0	147.7	799.0	n/a	n/a	n/a	n/a
12.213	0.032	saccade	n/a	370.3	147.1	n/a	448.9	144.1	3.17	350.0
12.247	0.256	fixation	n/a	460.3	143.2	770.0	n/a	n/a	n/a	n/a
12.505	0.022	saccade	n/a	460.6	144.0	n/a	524.4	139.7	2.56	254.0
12.529	0.162	fixation	n/a	519.7	140.2	745.0	n/a	n/a	n/a	n/a
12.693	0.044	saccade	n/a	521.6	137.8	n/a	339.2	103.3	7.44	308.0
12.739	0.132	fixation	n/a	343.7	102.6	762.0	n/a	n/a	n/a	n/a
12.873	0.022	saccade	n/a	342.0	101.4	n/a	264.2	75.8	3.29	265.0
12.897	0.458	fixation	n/a	254.6	76.3	768.0	n/a	n/a	n/a	n/a
13.357	0.022	saccade	n/a	252.1	85.0	n/a	286.7	140.0	2.63	203.0
13.381	0.202	fixation	n/a	285.0	139.7	787.0	n/a	n/a	n/a	n/a
13.585	0.02	saccade	n/a	287.7	137.5	n/a	227.8	127.8	2.42	187.0
13.607	0.122	fixation	n/a	228.7	116.7	785.0	n/a	n/a	n/a	n/a
13.731	0.02	saccade	n/a	227.1	115.4	n/a	184.4	80.4	2.21	169.0
13.753	0.3	fixation	n/a	179.6	76.6	797.0	n/a	n/a	n/a	n/a
13.834	0.0	trigger_11	11	n/a	n/a	n/a	n/a	n/a	n/a	n/a
13.846	0.0	trigger_10	10	n/a	n/a	n/a	n/a	n/a	n/a	n/a
14.055	0.022	saccade	n/a	178.5	76.1	n/a	119.8	83.0	2.31	184.0
14.079	0.208	fixation	n/a	129.1	80.1	837.0	n/a	n/a	n/a	n/a
14.289	0.024	saccade	n/a	129.7	80.8	n/a	247.6	79.6	4.64	398.0
14.315	0.2	fixation	n/a	238.7	79.7	817.0	n/a	n/a	n/a	n/a
14.517	0.028	saccade	n/a	239.0	80.9	n/a	295.6	82.3	2.26	254.0
14.547	0.164	fixation	n/a	301.3	83.1	793.0	n/a	n/a	n/a	n/a
14.713	0.034	saccade	n/a	303.3	82.5	n/a	383.9	79.7	3.25	334.0
14.749	0.19	fixation	n/a	390.7	79.4	771.0	n/a	n/a	n/a	n/a
14.941	0.03	saccade	n/a	390.6	79.6	n/a	456.8	81.3	2.66	292.0
14.973	0.452	fixation	n/a	467.5	82.2	755.0	n/a	n/a	n/a	n/a
15.427	0.028	saccade	n/a	468.6	81.8	n/a	535.1	82.4	2.67	311.0
15.457	0.134	fixation	n/a	542.4	80.0	744.0	n/a	n/a	n/a	n/a
15.593	0.026	saccade	n/a	543.5	78.6	n/a	577.9	78.8	1.37	170.0
15.621	0.076	fixation	n/a	580.3	78.0	740.0	n/a	n/a	n/a	n/a
15.699	0.052	saccade	n/a	579.3	76.7	n/a	121.4	138.2	18.13	529.0
15.753	0.306	fixation	n/a	127.1	131.5	780.0	n/a	n/a	n/a	n/a
16.061	0.032	saccade	n/a	129.0	130.6	n/a	210.0	134.4	3.18	342.0
16.095	0.352	fixation	n/a	222.0	136.5	801.0	n/a	n/a	n/a	n/a
16.449	0.022	saccade	n/a	221.9	139.3	n/a	281.2	137.5	2.36	238.0
16.473	0.386	fixation	n/a	276.3	140.1	803.0	n/a	n/a	n/a	n/a
16.861	0.016	saccade	n/a	279.5	139.8	n/a	317.1	140.0	1.51	152.0
16.879	0.118	fixation	n/a	317.0	143.0	801.0	n/a	n/a	n/a	n/a
16.999	0.022	saccade	n/a	318.7	143.2	n/a	230.9	141.3	3.51	288.0
17.023	0.28	fixation	n/a	236.2	139.0	794.0	n/a	n/a	n/a	n/a
17.305	0.022	saccade	n/a	233.5	138.4	n/a	279.4	141.2	1.83	158.0
17.329	0.27	fixation	n/a	273.5	141.8	776.0	n/a	n/a	n/a	n/a
17.601	0.022	saccade	n/a	270.3	140.3	n/a	210.1	136.7	2.4	219.0
17.625	0.372	fixation	n/a	221.1	136.9	765.0	n/a	n/a	n/a	n/a
17.999	0.022	saccade	n/a	222.6	139.0	n/a	280.8	137.8	2.32	221.0
18.023	0.17	fixation	n/a	275.8	139.9	759.0	n/a	n/a	n/a	n/a
18.195	0.032	saccade	n/a	273.8	139.0	n/a	328.5	146.5	2.21	251.0
18.229	0.296	fixation	n/a	332.9	143.8	735.0	n/a	n/a	n/a	n/a
18.527	0.024	saccade	n/a	330.7	146.7	n/a	403.8	146.1	2.94	225.0
18.553	0.298	fixation	n/a	394.3	148.3	714.0	n/a	n/a	n/a	n/a
18.853	0.034	saccade	n/a	392.7	150.6	n/a	474.9	145.2	3.32	324.0
18.889	0.224	fixation	n/a	485.9	146.2	705.0	n/a	n/a	n/a	n/a
19.115	0.022	saccade	n/a	489.3	145.5	n/a	565.8	138.7	3.07	270.0
19.139	0.38	fixation	n/a	559.3	139.0	675.0	n/a	n/a	n/a	n/a
19.521	0.054	saccade	n/a	560.4	139.4	n/a	140.9	191.1	16.65	424.0
19.577	0.234	fixation	n/a	148.0	189.7	735.0	n/a	n/a	n/a	n/a
19.813	0.034	saccade	n/a	149.6	190.7	n/a	239.1	193.7	3.53	310.0
19.849	0.282	fixation	n/a	246.2	192.5	741.0	n/a	n/a	n/a	n/a
20.133	0.038	saccade	n/a	244.0	193.8	n/a	393.7	203.5	5.99	439.0
20.173	0.158	fixation	n/a	403.4	204.5	735.0	n/a	n/a	n/a	n/a
20.333	0.03	saccade	n/a	403.0	203.7	n/a	467.0	202.0	2.57	275.0
20.365	0.298	fixation	n/a	472.5	201.4	701.0	n/a	n/a	n/a	n/a
20.665	0.042	saccade	n/a	472.1	199.8	n/a	210.7	200.5	10.41	444.0
20.709	0.372	fixation	n/a	224.2	198.4	733.0	n/a	n/a	n/a	n/a
21.083	0.042	saccade	n/a	226.1	199.3	n/a	175.6	118.1	3.84	191.0
21.127	0.058	fixation	n/a	173.5	120.5	714.0	n/a	n/a	n/a	n/a
21.187	0.02	saccade	n/a	172.6	118.5	n/a	149.2	70.7	2.13	173.0
21.209	0.45	fixation	n/a	155.8	65.2	740.0	n/a	n/a	n/a	n/a
21.362	0.0	trigger_11	11	n/a	n/a	n/a	n/a	n/a	n/a	n/a
21.374	0.0	trigger_10	10	n/a	n/a	n/a	n/a	n/a	n/a	n/a
21.661	0.032	saccade	n/a	160.1	66.4	n/a	244.7	61.1	3.35	343.0
21.695	0.222	fixation	n/a	255.1	63.9	830.0	n/a	n/a	n/a	n/a
21.919	0.022	saccade	n/a	253.9	66.7	n/a	319.0	73.6	2.62	226.0
21.943	0.154	fixation	n/a	314.0	74.5	838.0	n/a	n/a	n/a	n/a
22.099	0.034	saccade	n/a	313.7	74.4	n/a	393.8	77.2	3.23	350.0
22.135	0.152	fixation	n/a	399.4	75.2	803.0	n/a	n/a	n/a	n/a
22.289	0.024	saccade	n/a	400.3	75.3	n/a	320.7	74.1	3.2	242.0
22.315	0.26	fixation	n/a	324.0	72.6	779.0	n/a	n/a	n/a	n/a
22.577	0.032	saccade	n/a	320.5	70.7	n/a	400.3	72.0	3.21	341.0
22.611	0.21	fixation	n/a	410.2	70.1	764.0	n/a	n/a	n/a	n/a
22.823	0.024	saccade	n/a	409.4	68.2	n/a	489.8	70.5	3.24	285.0
22.849	0.378	fixation	n/a	485.9	72.4	741.0	n/a	n/a	n/a	n/a
23.229	0.03	saccade	n/a	488.9	72.9	n/a	533.4	68.9	1.79	193.0
23.261	0.24	fixation	n/a	536.8	68.4	698.0	n/a	n/a	n/a	n/a
23.503	0.028	saccade	n/a	538.6	66.7	n/a	410.2	64.0	5.15	404.0
23.533	0.176	fixation	n/a	422.6	64.1	712.0	n/a	n/a	n/a	n/a
23.711	0.02	saccade	n/a	423.7	65.1	n/a	462.6	69.1	1.57	145.0
23.733	0.134	fixation	n/a	458.5	73.4	717.0	n/a	n/a	n/a	n/a
23.869	0.034	saccade	n/a	459.4	75.6	n/a	529.2	73.1	2.8	333.0
23.905	0.232	fixation	n/a	538.7	75.6	718.0	n/a	n/a	n/a	n/a
24.139	0.03	saccade	n/a	537.1	73.9	n/a	440.2	73.3	3.88	299.0
24.171	0.212	fixation	n/a	450.3	73.0	734.0	n/a	n/a	n/a	n/a
24.385	0.174	saccade	n/a	449.8	75.2	n/a	520.3	93.7	2.92	782.0
24.437	0.092	blink	n/a	n/a	n/a	n/a	n/a	n/a	n/a	n/a
24.561	0.22	fixation	n/a	514.4	81.0	727.0	n/a	n/a	n/a	n/a
24.783	0.032	saccade	n/a	514.3	82.9	n/a	583.5	81.3	2.76	287.0
24.817	0.508	fixation	n/a	585.8	74.9	710.0	n/a	n/a	n/a	n/a
25.327	0.06	saccade	n/a	588.7	77.6	n/a	177.5	101.1	16.25	500.0
25.389	0.114	fixation	n/a	186.2	103.2	772.0	n/a	n/a	n/a	n/a
25.505	0.026	saccade	n/a	189.5	104.4	n/a	96.3	132.1	3.8	308.0
25.533	0.368	fixation	n/a	109.4	131.0	836.0	n/a	n/a	n/a	n/a
25.903	0.036	saccade	n/a	115.2	137.0	n/a	216.6	144.6	3.99	442.0
25.941	0.272	fixation	n/a	231.9	146.5	885.0	n/a	n/a	n/a	n/a
26.215	0.016	saccade	n/a	226.9	147.0	n/a	188.5	149.8	1.52	138.0
26.233	0.102	fixation	n/a	195.8	149.4	877.0	n/a	n/a	n/a	n/a
26.337	0.034	saccade	n/a	195.7	149.8	n/a	284.8	151.2	3.54	350.0
26.373	0.178	fixation	n/a	297.3	149.4	878.0	n/a	n/a	n/a	n/a
26.553	0.022	saccade	n/a	297.2	146.4	n/a	236.0	146.1	2.44	239.0
26.577	0.156	fixation	n/a	241.9	149.6	875.0	n/a	n/a	n/a	n/a
26.735	0.024	saccade	n/a	239.9	148.5	n/a	208.9	154.5	1.25	165.0
26.761	0.218	fixation	n/a	207.6	152.7	871.0	n/a	n/a	n/a	n/a
26.981	0.03	saccade	n/a	206.5	152.4	n/a	269.9	154.1	2.52	323.0
27.013	0.116	fixation	n/a	281.3	155.8	853.0	n/a	n/a	n/a	n/a
27.131	0.03	saccade	n/a	282.0	156.6	n/a	343.4	155.3	2.46	283.0
27.163	0.488	fixation	n/a	346.2	156.7	841.0	n/a	n/a	n/a	n/a
27.653	0.024	saccade	n/a	348.6	159.8	n/a	448.8	147.5	4.06	345.0
27.679	0.23	fixation	n/a	449.3	149.7	813.0	n/a	n/a	n/a	n/a
27.911	0.024	saccade	n/a	450.2	150.9	n/a	370.8	159.7	3.22	282.0
27.937	0.28	fixation	n/a	379.8	159.3	813.0	n/a	n/a	n/a	n/a
28.219	0.034	saccade	n/a	378.6	158.7	n/a	546.6	146.9	6.75	446.0
28.255	0.318	fixation	n/a	548.2	147.0	780.0	n/a	n/a	n/a	n/a
28.575	0.05	saccade	n/a	548.2	148.1	n/a	150.5	219.7	15.92	521.0
28.627	0.232	fixation	n/a	148.1	214.8	847.0	n/a	n/a	n/a	n/a
28.861	0.014	saccade	n/a	148.7	213.7	n/a	116.9	211.0	1.24	114.0
28.877	0.678	fixation	n/a	125.0	212.9	877.0	n/a	n/a	n/a	n/a
29.557	0.03	saccade	n/a	126.9	212.7	n/a	176.6	216.8	1.94	246.0
29.589	0.344	fixation	n/a	181.0	218.0	899.0	n/a	n/a	n/a	n/a
29.935	0.036	saccade	n/a	174.3	218.6	n/a	186.2	117.3	4.11	186.0
29.973	0.136	fixation	n/a	195.7	121.5	885.0	n/a	n/a	n/a	n/a
30.111	0.026	saccade	n/a	196.5	119.5	n/a	139.6	79.0	2.77	258.0
30.139	0.276	fixation	n/a	140.3	76.7	868.0	n/a	n/a	n/a	n/a
30.417	0.022	saccade	n/a	140.6	75.7	n/a	213.6	69.8	2.88	266.0
30.441	0.182	fixation	n/a	211.7	74.6	875.0	n/a	n/a	n/a	n/a
30.625	0.034	saccade	n/a	213.1	76.7	n/a	294.8	82.0	3.26	312.0
30.661	0.146	fixation	n/a	303.2	81.4	859.0	n/a	n/a	n/a	n/a
30.809	0.016	saccade	n/a	304.0	80.3	n/a	265.2	84.0	1.56	128.0
30.827	0.114	fixation	n/a	269.9	83.9	852.0	n/a	n/a	n/a	n/a
30.943	0.034	saccade	n/a	270.1	82.2	n/a	355.9	85.5	3.45	342.0
30.979	0.218	fixation	n/a	363.7	85.7	832.0	n/a	n/a	n/a	n/a
31.199	0.022	saccade	n/a	364.2	86.1	n/a	449.2	82.7	3.42	287.0
31.223	0.266	fixation	n/a	450.5	84.5	804.0	n/a	n/a	n/a	n/a
31.491	0.026	saccade	n/a	450.1	79.8	n/a	334.1	77.9	4.66	373.0
31.519	0.156	fixation	n/a	326.3	75.7	787.0	n/a	n/a	n/a	n/a
31.677	0.022	saccade	n/a	326.9	76.2	n/a	398.3	80.4	2.88	261.0
31.701	0.288	fixation	n/a	392.3	81.6	789.0	n/a	n/a	n/a	n/a
31.991	0.012	saccade	n/a	392.8	80.0	n/a	367.8	87.0	1.05	101.0
32.005	0.09	fixation	n/a	370.8	83.9	797.0	n/a	n/a	n/a	n/a
32.097	0.036	saccade	n/a	371.2	84.4	n/a	483.0	83.7	4.5	406.0
32.135	0.396	fixation	n/a	495.9	84.7	782.0	n/a	n/a	n/a	n/a
32.533	0.028	saccade	n/a	495.1	85.1	n/a	542.1	80.8	1.89	243.0
32.563	0.132	fixation	n/a	546.0	82.8	786.0	n/a	n/a	n/a	n/a
32.697	0.048	saccade	n/a	548.6	87.6	n/a	224.4	80.9	12.89	464.0
32.747	0.328	fixation	n/a	228.1	80.4	830.0	n/a	n/a	n/a	n/a
32.866	0.0	trigger_11	11	n/a	n/a	n/a	n/a	n/a	n/a	n/a
32.874	0.0	trigger_10	10	n/a	n/a	n/a	n/a	n/a	n/a	n/a
33.077	0.02	saccade	n/a	231.5	82.6	n/a	149.7	75.7	3.23	277.0
33.099	0.378	fixation	n/a	160.5	75.5	898.0	n/a	n/a	n/a	n/a
33.479	0.032	saccade	n/a	161.2	78.6	n/a	238.3	85.8	3.06	379.0
33.513	0.202	fixation	n/a	247.6	85.0	886.0	n/a	n/a	n/a	n/a
33.717	0.036	saccade	n/a	244.5	81.9	n/a	347.0	85.4	4.1	413.0
33.755	0.266	fixation	n/a	364.3	84.6	851.0	n/a	n/a	n/a	n/a
34.023	0.018	saccade	n/a	365.5	83.5	n/a	400.3	84.9	1.4	105.0
34.043	0.27	fixation	n/a	389.1	79.8	815.0	n/a	n/a	n/a	n/a
34.315	0.02	saccade	n/a	387.3	77.3	n/a	338.9	82.4	1.96	171.0
34.337	0.18	fixation	n/a	348.2	81.1	807.0	n/a	n/a	n/a	n/a
34.519	0.032	saccade	n/a	348.7	83.9	n/a	396.6	75.6	1.96	248.0
34.553	0.16	fixation	n/a	404.8	78.5	787.0	n/a	n/a	n/a	n/a
34.715	0.03	saccade	n/a	405.7	78.5	n/a	481.1	78.4	3.03	326.0
34.747	0.268	fixation	n/a	490.1	77.1	781.0	n/a	n/a	n/a	n/a
35.017	0.028	saccade	n/a	492.7	81.7	n/a	551.6	78.7	2.36	294.0
35.047	0.324	fixation	n/a	556.6	79.7	792.0	n/a	n/a	n/a	n/a
35.373	0.02	saccade	n/a	556.6	81.4	n/a	525.1	80.6	1.26	144.0
35.395	0.164	fixation	n/a	527.6	83.0	794.0	n/a	n/a	n/a	n/a
35.561	0.022	saccade	n/a	526.0	80.9	n/a	579.1	79.6	2.12	214.0
35.585	0.044	fixation	n/a	570.2	79.4	780.0	n/a	n/a	n/a	n/a
35.631	0.054	saccade	n/a	568.4	79.4	n/a	124.7	123.7	17.53	553.0
35.687	0.208	fixation	n/a	128.9	121.3	813.0	n/a	n/a	n/a	n/a
35.897	0.03	saccade	n/a	133.4	124.5	n/a	193.6	133.0	2.39	272.0
35.929	0.16	fixation	n/a	201.8	136.2	831.0	n/a	n/a	n/a	n/a
36.091	0.034	saccade	n/a	201.9	137.1	n/a	307.6	147.7	4.23	438.0
36.127	0.204	fixation	n/a	323.2	147.8	834.0	n/a	n/a	n/a	n/a
36.333	0.034	saccade	n/a	323.4	148.3	n/a	406.4	142.8	3.35	333.0
36.369	0.128	fixation	n/a	418.3	143.7	814.0	n/a	n/a	n/a	n/a
36.499	0.036	saccade	n/a	419.1	142.6	n/a	530.7	138.8	4.48	428.0
36.537	0.172	fixation	n/a	545.3	137.4	778.0	n/a	n/a	n/a	n/a
36.711	0.018	saccade	n/a	542.9	140.6	n/a	509.0	141.8	1.35	129.0
36.731	0.124	fixation	n/a	514.2	142.3	769.0	n/a	n/a	n/a	n/a
36.857	0.032	saccade	n/a	513.1	143.5	n/a	600.4	136.9	3.48	367.0
36.891	0.41	fixation	n/a	610.5	139.1	755.0	n/a	n/a	n/a	n/a
37.303	0.028	saccade	n/a	610.0	137.6	n/a	641.7	140.7	1.25	208.0
37.333	0.168	fixation	n/a	646.6	140.1	741.0	n/a	n/a	n/a	n/a
37.503	0.028	saccade	n/a	647.8	143.1	n/a	604.9	140.8	1.69	241.0
37.533	0.256	fixation	n/a	599.0	143.0	755.0	n/a	n/a	n/a	n/a
37.791	0.032	saccade	n/a	599.0	143.0	n/a	655.2	144.1	2.21	283.0
37.825	0.232	fixation	n/a	663.1	139.3	738.0	n/a	n/a	n/a	n/a
38.059	0.066	saccade	n/a	661.8	136.5	n/a	124.9	204.5	21.03	522.0
38.127	0.206	fixation	n/a	127.9	202.1	786.0	n/a	n/a	n/a	n/a
38.335	0.036	saccade	n/a	128.2	202.1	n/a	254.4	206.3	4.96	456.0
38.373	0.246	fixation	n/a	268.8	207.0	787.0	n/a	n/a	n/a	n/a
38.621	0.034	saccade	n/a	264.4	207.8	n/a	339.4	208.3	3.0	330.0
38.657	0.178	fixation	n/a	351.3	211.7	774.0	n/a	n/a	n/a	n/a
38.837	0.048	saccade	n/a	351.7	210.8	n/a	215.1	109.7	6.82	340.0
38.887	0.172	fixation	n/a	217.7	109.8	753.0	n/a	n/a	n/a	n/a
39.061	0.02	saccade	n/a	219.5	108.6	n/a	154.6	80.9	2.79	233.0
39.083	0.704	fixation	n/a	167.7	73.6	804.0	n/a	n/a	n/a	n/a
39.524	0.0	trigger_11	11	n/a	n/a	n/a	n/a	n/a	n/a	n/a
39.528	0.0	trigger_10	10	n/a	n/a	n/a	n/a	n/a	n/a	n/a
39.789	0.038	saccade	n/a	170.6	74.6	n/a	275.6	78.3	4.16	386.0
39.829	0.116	fixation	n/a	285.5	78.4	876.0	n/a	n/a	n/a	n/a
39.947	0.02	saccade	n/a	286.8	78.9	n/a	240.1	85.4	1.88	175.0
39.969	0.198	fixation	n/a	244.6	84.1	910.0	n/a	n/a	n/a	n/a
40.169	0.024	saccade	n/a	239.2	84.3	n/a	144.9	74.2	3.74	312.0
40.195	0.206	fixation	n/a	154.3	72.0	868.0	n/a	n/a	n/a	n/a
40.403	0.022	saccade	n/a	151.0	73.3	n/a	121.5	73.6	1.15	161.0
40.427	0.3	fixation	n/a	123.3	74.7	831.0	n/a	n/a	n/a	n/a
40.729	0.034	saccade	n/a	123.2	76.1	n/a	213.1	80.3	3.53	402.0
40.765	0.22	fixation	n/a	229.6	78.2	814.0	n/a	n/a	n/a	n/a
40.987	0.028	saccade	n/a	230.5	77.8	n/a	292.8	77.9	2.48	267.0
41.017	0.214	fixation	n/a	300.1	77.5	806.0	n/a	n/a	n/a	n/a
41.233	0.03	saccade	n/a	299.8	76.8	n/a	250.8	74.4	1.96	238.0
41.265	0.182	fixation	n/a	246.9	75.6	800.0	n/a	n/a	n/a	n/a
41.449	0.034	saccade	n/a	248.2	77.7	n/a	348.2	80.4	4.0	395.0
41.485	0.234	fixation	n/a	360.1	82.4	823.0	n/a	n/a	n/a	n/a
41.721	0.032	saccade	n/a	363.6	85.6	n/a	298.0	82.8	2.64	302.0
41.755	0.158	fixation	n/a	295.0	83.0	839.0	n/a	n/a	n/a	n/a
41.915	0.05	saccade	n/a	296.0	82.8	n/a	483.5	85.8	7.52	475.0
41.967	0.278	fixation	n/a	483.5	89.2	843.0	n/a	n/a	n/a	n/a
42.247	0.032	saccade	n/a	486.5	93.1	n/a	567.6	87.1	3.25	349.0
42.281	0.148	fixation	n/a	575.8	86.9	829.0	n/a	n/a	n/a	n/a
42.431	0.054	saccade	n/a	578.6	88.1	n/a	127.2	137.0	17.85	540.0
42.487	0.208	fixation	n/a	122.7	131.8	854.0	n/a	n/a	n/a	n/a
42.697	0.056	saccade	n/a	123.4	131.0	n/a	471.9	91.0	13.84	577.0
42.755	0.204	fixation	n/a	482.6	88.2	839.0	n/a	n/a	n/a	n/a
42.961	0.03	saccade	n/a	482.4	89.7	n/a	450.6	86.2	1.29	225.0
42.993	0.374	fixation	n/a	441.0	86.7	859.0	n/a	n/a	n/a	n/a
43.164	0.0	trigger_11	11	n/a	n/a	n/a	n/a	n/a	n/a	n/a
43.17	0.0	trigger_10	10	n/a	n/a	n/a	n/a	n/a	n/a	n/a
43.369	0.052	saccade	n/a	443.4	89.5	n/a	190.1	94.8	10.09	457.0
43.423	0.136	fixation	n/a	184.7	97.7	920.0	n/a	n/a	n/a	n/a
43.561	0.022	saccade	n/a	184.8	100.2	n/a	157.8	83.5	1.26	133.0
43.585	0.146	fixation	n/a	161.7	84.4	943.0	n/a	n/a	n/a	n/a
43.733	0.014	saccade	n/a	160.3	82.0	n/a	134.1	84.0	1.03	105.0
43.749	0.098	fixation	n/a	136.1	80.6	929.0	n/a	n/a	n/a	n/a
43.849	0.032	saccade	n/a	133.9	80.3	n/a	202.5	80.0	2.69	331.0
43.883	0.362	fixation	n/a	210.5	78.3	865.0	n/a	n/a	n/a	n/a
44.247	0.034	saccade	n/a	205.6	77.0	n/a	294.5	78.8	3.54	377.0
44.283	0.37	fixation	n/a	305.0	79.8	847.0	n/a	n/a	n/a	n/a
44.655	0.016	saccade	n/a	304.2	79.5	n/a	267.9	81.6	1.46	115.0
44.673	0.148	fixation	n/a	274.2	80.1	837.0	n/a	n/a	n/a	n/a
44.823	0.022	saccade	n/a	274.9	78.4	n/a	339.3	77.7	2.58	232.0
44.847	0.142	fixation	n/a	334.4	79.7	833.0	n/a	n/a	n/a	n/a
44.991	0.018	saccade	n/a	340.5	85.7	n/a	356.6	100.7	0.89	64.0
45.011	0.028	fixation	n/a	364.1	105.6	828.0	n/a	n/a	n/a	n/a
45.041	0.004	saccade	n/a	370.3	107.3	n/a	378.2	110.0	0.34	58.0
45.047	0.214	fixation	n/a	392.6	97.0	851.0	n/a	n/a	n/a	n/a
45.263	0.022	saccade	n/a	393.7	95.5	n/a	328.1	91.5	2.64	210.0
45.287	0.132	fixation	n/a	336.2	89.4	864.0	n/a	n/a	n/a	n/a
45.421	0.036	saccade	n/a	334.6	88.5	n/a	432.9	91.4	3.96	387.0
45.459	0.206	fixation	n/a	443.3	89.4	831.0	n/a	n/a	n/a	n/a
45.667	0.022	saccade	n/a	444.0	89.4	n/a	519.9	84.1	3.06	262.0
45.691	0.238	fixation	n/a	514.5	83.6	795.0	n/a	n/a	n/a	n/a
45.931	0.028	saccade	n/a	516.0	85.6	n/a	565.9	81.0	2.0	244.0
45.961	0.126	fixation	n/a	570.8	79.1	772.0	n/a	n/a	n/a	n/a
46.089	0.056	saccade	n/a	572.1	80.5	n/a	113.8	126.8	18.07	507.0
46.147	0.252	fixation	n/a	132.0	126.2	803.0	n/a	n/a	n/a	n/a
46.401	0.034	saccade	n/a	135.8	125.6	n/a	200.7	132.6	2.56	273.0
46.437	0.172	fixation	n/a	206.5	132.6	806.0	n/a	n/a	n/a	n/a
46.611	0.032	saccade	n/a	207.3	133.1	n/a	266.9	138.7	2.38	273.0
46.645	0.184	fixation	n/a	273.6	139.7	779.0	n/a	n/a	n/a	n/a
46.831	0.032	saccade	n/a	274.6	141.6	n/a	332.2	146.0	2.32	245.0
46.865	0.178	fixation	n/a	335.5	145.4	781.0	n/a	n/a	n/a	n/a
47.045	0.032	saccade	n/a	337.0	147.6	n/a	423.0	144.5	3.46	364.0
47.079	0.152	fixation	n/a	436.0	147.5	779.0	n/a	n/a	n/a	n/a
47.233	0.024	saccade	n/a	438.8	146.0	n/a	532.8	140.3	3.78	351.0
47.259	0.144	fixation	n/a	524.6	139.9	762.0	n/a	n/a	n/a	n/a
47.405	0.03	saccade	n/a	526.3	143.5	n/a	589.4	140.2	2.51	292.0
47.437	0.106	fixation	n/a	595.4	142.3	750.0	n/a	n/a	n/a	n/a
47.545	0.06	saccade	n/a	597.8	143.6	n/a	131.0	213.7	18.49	481.0
47.607	0.286	fixation	n/a	141.5	213.9	830.0	n/a	n/a	n/a	n/a
47.895	0.018	saccade	n/a	139.3	214.9	n/a	107.4	209.7	1.25	138.0
47.915	0.114	fixation	n/a	113.1	209.5	836.0	n/a	n/a	n/a	n/a
48.031	0.032	saccade	n/a	111.6	209.5	n/a	197.8	202.9	3.37	378.0
48.065	0.142	fixation	n/a	213.8	206.1	824.0	n/a	n/a	n/a	n/a
48.209	0.022	saccade	n/a	215.4	207.2	n/a	203.0	131.6	3.09	253.0
48.233	0.372	fixation	n/a	213.6	133.8	856.0	n/a	n/a	n/a	n/a
48.42	0.0	trigger_11	11	n/a	n/a	n/a	n/a	n/a	n/a	n/a
48.432	0.0	trigger_10	10	n/a	n/a	n/a	n/a	n/a	n/a	n/a
48.607	0.024	saccade	n/a	220.1	136.9	n/a	168.3	71.8	3.33	296.0
48.633	0.13	fixation	n/a	172.0	75.2	887.0	n/a	n/a	n/a	n/a
48.765	0.016	saccade	n/a	170.4	74.7	n/a	133.2	78.8	1.46	131.0
48.783	0.306	fixation	n/a	141.3	78.1	884.0	n/a	n/a	n/a	n/a
49.091	0.112	saccade	n/a	159.1	95.1	n/a	160.5	78.3	0.68	266.0
49.205	0.25	fixation	n/a	162.0	70.0	873.0	n/a	n/a	n/a	n/a
49.457	0.022	saccade	n/a	156.4	66.1	n/a	225.4	83.3	2.81	238.0
49.481	0.292	fixation	n/a	214.8	83.7	879.0	n/a	n/a	n/a	n/a
49.775	0.03	saccade	n/a	212.7	84.4	n/a	283.5	91.0	2.83	284.0
49.807	0.182	fixation	n/a	288.2	89.6	855.0	n/a	n/a	n/a	n/a
49.991	0.034	saccade	n/a	288.8	90.5	n/a	375.9	92.8	3.5	336.0
50.027	0.382	fixation	n/a	380.7	91.2	819.0	n/a	n/a	n/a	n/a
50.411	0.034	saccade	n/a	376.7	87.0	n/a	456.2	85.5	3.2	304.0
50.447	0.262	fixation	n/a	465.0	82.8	788.0	n/a	n/a	n/a	n/a
50.711	0.026	saccade	n/a	468.8	83.3	n/a	371.3	87.7	3.93	318.0
50.739	0.358	fixation	n/a	383.0	85.0	796.0	n/a	n/a	n/a	n/a
51.099	0.026	saccade	n/a	380.1	82.4	n/a	263.9	77.8	4.67	333.0
51.127	0.322	fixation	n/a	270.2	73.1	786.0	n/a	n/a	n/a	n/a
51.451	0.048	saccade	n/a	267.5	70.5	n/a	449.0	78.7	7.28	439.0
51.501	0.38	fixation	n/a	448.4	79.3	772.0	n/a	n/a	n/a	n/a
51.883	0.038	saccade	n/a	448.5	79.2	n/a	544.2	78.1	3.83	331.0
51.923	0.186	fixation	n/a	555.6	75.6	734.0	n/a	n/a	n/a	n/a
52.111	0.024	saccade	n/a	559.0	74.7	n/a	612.6	70.1	2.13	214.0
52.137	0.118	fixation	n/a	609.6	71.9	720.0	n/a	n/a	n/a	n/a
52.257	0.058	saccade	n/a	609.3	69.7	n/a	118.5	127.2	19.31	573.0
52.317	0.542	fixation	n/a	126.9	125.1	768.0	n/a	n/a	n/a	n/a
52.861	0.046	saccade	n/a	125.6	124.8	n/a	548.0	78.2	16.74	566.0
52.909	0.148	fixation	n/a	561.8	72.9	737.0	n/a	n/a	n/a	n/a
53.059	0.03	saccade	n/a	564.8	73.9	n/a	612.7	76.0	1.9	275.0
53.091	0.09	fixation	n/a	622.9	72.8	732.0	n/a	n/a	n/a	n/a
53.183	0.064	saccade	n/a	623.0	71.5	n/a	240.8	150.7	15.47	603.0
53.249	0.15	fixation	n/a	246.5	157.4	784.0	n/a	n/a	n/a	n/a
53.401	0.022	saccade	n/a	245.6	158.7	n/a	322.6	144.2	3.14	271.0
53.425	0.178	fixation	n/a	323.3	150.0	776.0	n/a	n/a	n/a	n/a
53.605	0.036	saccade	n/a	326.2	151.2	n/a	418.3	146.8	3.71	397.0
53.643	0.308	fixation	n/a	433.1	144.2	745.0	n/a	n/a	n/a	n/a
53.953	0.034	saccade	n/a	430.6	142.6	n/a	486.5	138.7	2.26	277.0
53.989	0.146	fixation	n/a	498.4	142.9	735.0	n/a	n/a	n/a	n/a
54.137	0.05	saccade	n/a	498.2	144.4	n/a	274.7	138.8	8.96	492.0
54.189	0.164	fixation	n/a	267.1	142.1	772.0	n/a	n/a	n/a	n/a
54.355	0.052	saccade	n/a	267.1	143.3	n/a	605.1	142.5	13.44	594.0
54.409	0.226	fixation	n/a	620.4	140.6	739.0	n/a	n/a	n/a	n/a
54.637	0.054	saccade	n/a	620.5	139.6	n/a	147.3	198.2	18.71	548.0
54.693	0.372	fixation	n/a	148.9	199.6	797.0	n/a	n/a	n/a	n/a
55.067	0.018	saccade	n/a	150.8	199.7	n/a	120.7	205.4	1.19	127.0
55.087	0.284	fixation	n/a	126.6	205.3	823.0	n/a	n/a	n/a	n/a
55.373	0.034	saccade	n/a	124.5	207.1	n/a	260.2	140.3	5.97	402.0
55.409	0.164	fixation	n/a	265.8	141.8	823.0	n/a	n/a	n/a	n/a
55.575	0.022	saccade	n/a	265.9	141.6	n/a	210.9	146.3	2.2	206.0
55.599	0.204	fixation	n/a	218.0	143.4	832.0	n/a	n/a	n/a	n/a
55.805	0.022	saccade	n/a	217.6	145.6	n/a	288.3	137.0	2.84	255.0
55.829	0.178	fixation	n/a	284.4	138.1	840.0	n/a	n/a	n/a	n/a
56.009	0.036	saccade	n/a	286.2	137.1	n/a	168.7	138.2	4.65	255.0
56.047	0.22	fixation	n/a	173.8	138.3	833.0	n/a	n/a	n/a	n/a
56.269	0.026	saccade	n/a	173.0	139.8	n/a	304.5	144.7	5.23	389.0
56.297	0.268	fixation	n/a	303.8	144.2	836.0	n/a	n/a	n/a	n/a
56.567	0.026	saccade	n/a	304.5	143.4	n/a	424.4	144.9	4.83	354.0
56.595	0.184	fixation	n/a	420.7	147.0	816.0	n/a	n/a	n/a	n/a
56.781	0.028	saccade	n/a	422.1	147.7	n/a	468.4	143.0	1.87	229.0
56.811	0.09	fixation	n/a	475.7	142.8	792.0	n/a	n/a	n/a	n/a
56.903	0.04	saccade	n/a	475.4	143.1	n/a	173.8	108.4	12.07	454.0
56.945	0.24	fixation	n/a	159.9	104.2	800.0	n/a	n/a	n/a	n/a
56.996	0.0	trigger_11	11	n/a	n/a	n/a	n/a	n/a	n/a	n/a
57.002	0.0	trigger_10	10	n/a	n/a	n/a	n/a	n/a	n/a	n/a
57.187	0.024	saccade	n/a	159.9	104.8	n/a	141.9	72.8	1.47	163.0
57.213	0.148	fixation	n/a	146.3	74.9	822.0	n/a	n/a	n/a	n/a
57.363	0.032	saccade	n/a	147.9	75.4	n/a	217.2	73.1	2.73	321.0
57.397	0.208	fixation	n/a	232.2	74.3	855.0	n/a	n/a	n/a	n/a
57.607	0.032	saccade	n/a	229.0	73.3	n/a	305.4	81.2	3.07	334.0
57.641	0.188	fixation	n/a	311.5	80.4	834.0	n/a	n/a	n/a	n/a
57.831	0.032	saccade	n/a	311.2	80.2	n/a	390.4	80.0	3.19	361.0
57.865	0.202	fixation	n/a	400.1	79.9	817.0	n/a	n/a	n/a	n/a
58.069	0.022	saccade	n/a	403.6	83.8	n/a	460.6	74.8	2.32	209.0
58.093	0.17	fixation	n/a	451.4	75.1	810.0	n/a	n/a	n/a	n/a
58.265	0.024	saccade	n/a	454.7	76.8	n/a	544.0	78.9	3.57	279.0
58.291	0.162	fixation	n/a	533.8	78.2	799.0	n/a	n/a	n/a	n/a
58.455	0.028	saccade	n/a	535.6	79.4	n/a	588.0	81.7	2.09	257.0
58.485	0.09	fixation	n/a	592.2	77.9	798.0	n/a	n/a	n/a	n/a
58.577	0.052	saccade	n/a	592.7	77.6	n/a	161.9	137.9	17.13	571.0
58.631	0.268	fixation	n/a	166.5	136.0	841.0	n/a	n/a	n/a	n/a
58.901	0.032	saccade	n/a	168.1	135.4	n/a	225.3	140.6	2.27	252.0
58.935	0.142	fixation	n/a	234.3	143.9	854.0	n/a	n/a	n/a	n/a
59.079	0.026	saccade	n/a	236.5	143.7	n/a	357.7	149.7	4.86	413.0
59.107	0.25	fixation	n/a	354.2	151.3	865.0	n/a	n/a	n/a	n/a
59.359	0.01	saccade	n/a	359.0	170.5	n/a	343.2	172.9	0.64	73.0
59.371	0.022	fixation	n/a	350.7	173.1	840.0	n/a	n/a	n/a	n/a
59.395	0.014	saccade	n/a	347.7	168.2	n/a	313.3	167.4	1.38	111.0
59.411	0.226	fixation	n/a	306.5	163.0	854.0	n/a	n/a	n/a	n/a
59.639	0.026	saccade	n/a	304.2	161.1	n/a	265.2	98.1	3.0	243.0
59.667	0.274	fixation	n/a	267.6	101.9	869.0	n/a	n/a	n/a	n/a
59.943	0.024	saccade	n/a	268.5	100.5	n/a	324.0	98.1	2.23	235.0
59.969	0.102	fixation	n/a	318.3	94.8	884.0	n/a	n/a	n/a	n/a
60.073	0.032	saccade	n/a	317.8	93.4	n/a	170.7	80.1	5.86	371.0
60.107	0.192	fixation	n/a	182.0	77.7	898.0	n/a	n/a	n/a	n/a
60.301	0.044	saccade	n/a	178.9	77.4	n/a	299.7	83.0	4.81	381.0
60.347	0.212	fixation	n/a	319.8	82.6	888.0	n/a	n/a	n/a	n/a
60.561	0.024	saccade	n/a	323.9	80.8	n/a	374.9	84.8	2.06	156.0
60.587	0.124	fixation	n/a	366.0	82.7	857.0	n/a	n/a	n/a	n/a
60.713	0.03	saccade	n/a	366.2	81.6	n/a	442.2	77.7	3.07	322.0
60.745	0.234	fixation	n/a	446.3	78.0	834.0	n/a	n/a	n/a	n/a
60.981	0.04	saccade	n/a	443.6	75.6	n/a	564.1	77.3	4.82	371.0
61.023	0.188	fixation	n/a	576.3	74.5	783.0	n/a	n/a	n/a	n/a
61.213	0.026	saccade	n/a	577.0	77.1	n/a	587.1	79.3	0.41	127.0
61.241	0.282	fixation	n/a	595.3	76.4	764.0	n/a	n/a	n/a	n/a
61.525	0.024	saccade	n/a	596.0	71.7	n/a	505.2	73.5	3.61	258.0
61.551	0.294	fixation	n/a	509.1	73.7	792.0	n/a	n/a	n/a	n/a
61.847	0.022	saccade	n/a	514.8	74.8	n/a	564.5	74.7	1.98	179.0
61.871	0.2	fixation	n/a	556.9	73.3	810.0	n/a	n/a	n/a	n/a
62.073	0.03	saccade	n/a	554.9	74.3	n/a	475.7	75.8	3.17	305.0
62.105	0.406	fixation	n/a	472.7	74.1	818.0	n/a	n/a	n/a	n/a
62.513	0.034	saccade	n/a	470.5	75.7	n/a	575.1	71.1	4.18	365.0
62.549	0.152	fixation	n/a	582.7	76.2	796.0	n/a	n/a	n/a	n/a
62.703	0.066	saccade	n/a	582.6	76.4	n/a	134.1	133.7	17.77	524.0
62.771	0.198	fixation	n/a	132.6	136.7	842.0	n/a	n/a	n/a	n/a
62.971	0.034	saccade	n/a	131.4	136.3	n/a	212.1	145.1	3.18	336.0
63.007	0.192	fixation	n/a	225.7	144.6	849.0	n/a	n/a	n/a	n/a
63.201	0.036	saccade	n/a	224.2	146.2	n/a	344.9	147.4	4.82	447.0
63.239	0.146	fixation	n/a	359.7	146.8	825.0	n/a	n/a	n/a	n/a
63.387	0.03	saccade	n/a	358.9	146.5	n/a	406.7	147.3	1.93	210.0
63.419	0.148	fixation	n/a	411.7	147.6	814.0	n/a	n/a	n/a	n/a
63.569	0.04	saccade	n/a	413.7	147.4	n/a	212.7	68.6	8.64	433.0
63.611	0.29	fixation	n/a	224.0	67.6	795.0	n/a	n/a	n/a	n/a
63.694	0.0	trigger_11	11	n/a	n/a	n/a	n/a	n/a	n/a	n/a
63.7	0.0	trigger_10	10	n/a	n/a	n/a	n/a	n/a	n/a	n/a
63.903	0.022	saccade	n/a	224.2	68.6	n/a	156.1	75.1	2.7	226.0
63.927	0.228	fixation	n/a	166.3	72.6	853.0	n/a	n/a	n/a	n/a
64.157	0.032	saccade	n/a	166.0	74.0	n/a	241.9	76.7	3.0	344.0
64.191	0.118	fixation	n/a	251.4	76.7	885.0	n/a	n/a	n/a	n/a
64.311	0.034	saccade	n/a	250.5	80.9	n/a	288.9	115.7	2.09	85.0
64.347	0.012	fixation	n/a	296.0	126.6	865.0	n/a	n/a	n/a	n/a
64.361	0.13	saccade	n/a	303.6	137.8	n/a	329.2	112.3	1.46	472.0
64.397	0.046	blink	n/a	n/a	n/a	n/a	n/a	n/a	n/a	n/a
64.493	0.278	fixation	n/a	334.2	91.6	837.0	n/a	n/a	n/a	n/a
64.773	0.204	saccade	n/a	333.3	99.5	n/a	322.9	82.1	0.82	860.0
64.811	0.122	blink	n/a	n/a	n/a	n/a	n/a	n/a	n/a	n/a
64.979	0.158	fixation	n/a	328.5	82.7	779.0	n/a	n/a	n/a	n/a
65.139	0.034	saccade	n/a	330.3	76.7	n/a	404.4	88.5	3.02	316.0
65.175	0.146	fixation	n/a	415.8	90.1	788.0	n/a	n/a	n/a	n/a
65.323	0.032	saccade	n/a	418.3	87.9	n/a	479.6	83.0	2.47	282.0
65.357	0.302	fixation	n/a	484.5	74.8	728.0	n/a	n/a	n/a	n/a
65.661	0.02	saccade	n/a	484.9	71.8	n/a	539.9	70.8	2.2	179.0
65.683	0.25	fixation	n/a	530.8	70.1	688.0	n/a	n/a	n/a	n/a
65.935	0.024	saccade	n/a	533.4	70.2	n/a	615.5	67.5	3.26	314.0
65.961	0.178	fixation	n/a	611.3	66.3	675.0	n/a	n/a	n/a	n/a
66.141	0.066	saccade	n/a	613.7	68.9	n/a	104.2	123.4	19.98	590.0
66.209	0.264	fixation	n/a	125.4	126.9	735.0	n/a	n/a	n/a	n/a
66.475	0.03	saccade	n/a	128.7	130.4	n/a	210.4	130.5	3.2	301.0
66.507	0.192	fixation	n/a	220.5	130.9	759.0	n/a	n/a	n/a	n/a
66.701	0.02	saccade	n/a	223.1	133.0	n/a	168.0	133.3	2.17	163.0
66.723	0.216	fixation	n/a	178.7	131.2	769.0	n/a	n/a	n/a	n/a
66.941	0.02	saccade	n/a	176.2	132.1	n/a	123.5	134.3	2.06	184.0
66.963	0.15	fixation	n/a	132.7	129.6	771.0	n/a	n/a	n/a	n/a
67.115	0.022	saccade	n/a	131.4	129.8	n/a	215.1	130.7	3.29	314.0
67.139	0.226	fixation	n/a	211.8	129.1	762.0	n/a	n/a	n/a	n/a
67.367	0.022	saccade	n/a	214.7	131.6	n/a	306.1	141.2	3.67	301.0
67.391	0.31	fixation	n/a	299.2	142.6	778.0	n/a	n/a	n/a	n/a
67.703	0.022	saccade	n/a	300.0	145.7	n/a	342.9	149.0	1.73	157.0
67.727	0.182	fixation	n/a	339.7	152.7	802.0	n/a	n/a	n/a	n/a
67.911	0.024	saccade	n/a	341.4	154.7	n/a	440.2	148.0	3.99	324.0
67.937	0.244	fixation	n/a	440.9	148.9	762.0	n/a	n/a	n/a	n/a
68.183	0.03	saccade	n/a	442.2	150.8	n/a	497.9	145.7	2.25	232.0
68.215	0.196	fixation	n/a	504.8	145.5	730.0	n/a	n/a	n/a	n/a
68.413	0.048	saccade	n/a	506.0	146.1	n/a	150.8	212.3	14.29	473.0
68.463	0.258	fixation	n/a	151.0	208.0	770.0	n/a	n/a	n/a	n/a
68.723	0.046	saccade	n/a	152.4	206.3	n/a	158.1	51.1	6.25	314.0
68.771	0.448	fixation	n/a	164.1	56.2	756.0	n/a	n/a	n/a	n/a
68.878	0.0	trigger_11	11	n/a	n/a	n/a	n/a	n/a	n/a	n/a
68.888	0.0	trigger_10	10	n/a	n/a	n/a	n/a	n/a	n/a	n/a
69.221	0.016	saccade	n/a	162.2	59.0	n/a	124.3	74.8	1.61	134.0
69.239	0.61	fixation	n/a	134.6	76.6	833.0	n/a	n/a	n/a	n/a
69.851	0.032	saccade	n/a	136.9	79.4	n/a	197.2	78.3	2.37	335.0
69.885	0.23	fixation	n/a	212.6	78.6	797.0	n/a	n/a	n/a	n/a
70.117	0.022	saccade	n/a	216.1	80.4	n/a	270.8	79.2	2.18	188.0
70.141	0.158	fixation	n/a	266.6	81.1	789.0	n/a	n/a	n/a	n/a
70.301	0.012	saccade	n/a	263.3	81.8	n/a	241.3	79.6	0.88	88.0
70.315	0.116	fixation	n/a	246.1	78.1	774.0	n/a	n/a	n/a	n/a
70.433	0.024	saccade	n/a	245.1	78.4	n/a	174.8	80.8	2.79	234.0
70.459	0.158	fixation	n/a	190.6	78.5	757.0	n/a	n/a	n/a	n/a
70.619	0.026	saccade	n/a	191.4	78.2	n/a	277.6	71.8	3.43	265.0
70.647	0.196	fixation	n/a	277.9	71.9	737.0	n/a	n/a	n/a	n/a
70.845	0.02	saccade	n/a	280.8	74.0	n/a	238.0	73.9	1.71	134.0
70.867	0.434	fixation	n/a	244.9	72.3	743.0	n/a	n/a	n/a	n/a
71.303	0.022	saccade	n/a	245.9	73.5	n/a	308.6	70.6	2.51	212.0
71.327	0.264	fixation	n/a	301.3	73.7	750.0	n/a	n/a	n/a	n/a
71.593	0.022	saccade	n/a	303.0	73.9	n/a	380.1	76.3	3.1	268.0
71.617	0.204	fixation	n/a	371.4	73.8	766.0	n/a	n/a	n/a	n/a
71.823	0.034	saccade	n/a	373.7	76.0	n/a	459.2	75.7	3.44	352.0
71.859	0.174	fixation	n/a	471.5	73.9	762.0	n/a	n/a	n/a	n/a
72.035	0.018	saccade	n/a	472.8	77.4	n/a	446.0	74.5	1.08	117.0
72.055	0.216	fixation	n/a	451.3	74.0	764.0	n/a	n/a	n/a	n/a
72.273	0.026	saccade	n/a	450.0	74.3	n/a	563.9	69.3	4.55	339.0
72.301	0.13	fixation	n/a	558.2	70.1	751.0	n/a	n/a	n/a	n/a
72.433	0.026	saccade	n/a	559.4	70.6	n/a	602.4	71.2	1.71	180.0
72.461	0.17	fixation	n/a	604.6	69.5	746.0	n/a	n/a	n/a	n/a
72.633	0.056	saccade	n/a	605.0	69.3	n/a	116.2	123.9	19.26	606.0
72.691	0.24	fixation	n/a	119.5	120.4	818.0	n/a	n/a	n/a	n/a
72.933	0.032	saccade	n/a	122.6	121.7	n/a	193.8	133.4	2.83	291.0
72.967	0.148	fixation	n/a	203.3	133.4	845.0	n/a	n/a	n/a	n/a
73.117	0.022	saccade	n/a	206.8	132.5	n/a	134.8	143.5	2.86	268.0
73.141	0.342	fixation	n/a	144.9	142.8	866.0	n/a	n/a	n/a	n/a
73.485	0.038	saccade	n/a	142.1	140.6	n/a	248.7	142.2	4.21	414.0
73.525	0.258	fixation	n/a	263.2	145.4	811.0	n/a	n/a	n/a	n/a
73.785	0.036	saccade	n/a	262.1	146.2	n/a	328.2	146.8	2.64	257.0
73.823	0.144	fixation	n/a	336.9	148.6	798.0	n/a	n/a	n/a	n/a
73.969	0.046	saccade	n/a	336.8	147.8	n/a	451.5	144.4	4.61	353.0
74.017	0.15	fixation	n/a	461.8	142.7	755.0	n/a	n/a	n/a	n/a
74.169	0.052	saccade	n/a	463.0	143.7	n/a	231.8	87.9	9.51	347.0
74.223	0.046	fixation	n/a	220.9	77.6	744.0	n/a	n/a	n/a	n/a
74.271	0.032	saccade	n/a	210.5	74.2	n/a	157.1	71.4	2.11	215.0
74.305	0.2	fixation	n/a	157.3	75.8	745.0	n/a	n/a	n/a	n/a
74.507	0.02	saccade	n/a	154.8	76.6	n/a	210.2	70.4	2.19	179.0
74.529	0.17	fixation	n/a	205.4	73.4	752.0	n/a	n/a	n/a	n/a
74.701	0.024	saccade	n/a	203.5	72.5	n/a	268.8	72.9	2.6	207.0
74.727	0.256	fixation	n/a	262.7	70.9	754.0	n/a	n/a	n/a	n/a
74.985	0.02	saccade	n/a	262.8	70.9	n/a	196.9	78.1	2.63	202.0
75.007	0.188	fixation	n/a	200.1	74.0	764.0	n/a	n/a	n/a	n/a
75.197	0.022	saccade	n/a	198.5	75.9	n/a	133.9	74.9	2.53	171.0
75.221	0.314	fixation	n/a	142.1	76.3	799.0	n/a	n/a	n/a	n/a
75.537	0.036	saccade	n/a	142.4	77.3	n/a	218.7	79.7	3.01	302.0
75.575	0.244	fixation	n/a	231.1	82.8	849.0	n/a	n/a	n/a	n/a
75.821	0.016	saccade	n/a	227.5	82.9	n/a	190.9	84.1	1.45	132.0
75.839	0.276	fixation	n/a	192.3	81.3	858.0	n/a	n/a	n/a	n/a
76.117	0.036	saccade	n/a	193.4	82.5	n/a	279.2	86.6	3.42	319.0
76.155	0.152	fixation	n/a	286.7	86.2	889.0	n/a	n/a	n/a	n/a
76.309	0.03	saccade	n/a	287.3	86.8	n/a	350.7	79.8	2.56	272.0
76.341	0.302	fixation	n/a	354.8	80.7	870.0	n/a	n/a	n/a	n/a
76.645	0.038	saccade	n/a	353.6	81.0	n/a	445.4	82.0	3.7	367.0
76.685	0.206	fixation	n/a	454.8	80.6	872.0	n/a	n/a	n/a	n/a
76.893	0.034	saccade	n/a	456.0	81.4	n/a	538.0	74.4	3.29	388.0
76.929	0.152	fixation	n/a	552.0	75.2	843.0	n/a	n/a	n/a	n/a
77.083	0.032	saccade	n/a	554.2	77.3	n/a	592.1	79.8	1.51	224.0
77.117	0.132	fixation	n/a	601.8	80.6	835.0	n/a	n/a	n/a	n/a
77.251	0.058	saccade	n/a	604.6	87.0	n/a	108.8	130.1	19.44	637.0
77.311	0.206	fixation	n/a	127.0	135.4	927.0	n/a	n/a	n/a	n/a
77.519	0.036	saccade	n/a	135.1	140.6	n/a	218.2	148.0	3.28	399.0
77.557	0.224	fixation	n/a	233.8	149.0	993.0	n/a	n/a	n/a	n/a
77.783	0.032	saccade	n/a	233.3	150.1	n/a	297.8	152.8	2.57	321.0
77.817	0.214	fixation	n/a	307.8	152.4	961.0	n/a	n/a	n/a	n/a
78.033	0.036	saccade	n/a	305.0	151.2	n/a	392.8	145.0	3.54	396.0
78.071	0.15	fixation	n/a	409.5	146.6	901.0	n/a	n/a	n/a	n/a
78.223	0.03	saccade	n/a	409.8	147.5	n/a	372.4	149.4	1.51	194.0
78.255	0.124	fixation	n/a	370.1	149.0	884.0	n/a	n/a	n/a	n/a
78.381	0.03	saccade	n/a	370.1	150.4	n/a	437.9	152.0	2.73	318.0
78.413	0.142	fixation	n/a	448.3	151.4	868.0	n/a	n/a	n/a	n/a
78.557	0.036	saccade	n/a	450.5	152.9	n/a	537.4	150.6	3.48	377.0
78.595	0.184	fixation	n/a	543.7	151.7	862.0	n/a	n/a	n/a	n/a
78.781	0.03	saccade	n/a	544.9	153.7	n/a	598.8	149.6	2.15	270.0
78.813	0.134	fixation	n/a	605.1	149.2	864.0	n/a	n/a	n/a	n/a
78.949	0.056	saccade	n/a	603.9	146.2	n/a	154.8	207.7	17.82	588.0
79.007	0.214	fixation	n/a	158.3	208.0	943.0	n/a	n/a	n/a	n/a
79.223	0.034	saccade	n/a	160.2	211.4	n/a	245.1	207.5	3.35	348.0
79.259	0.234	fixation	n/a	253.1	207.7	977.0	n/a	n/a	n/a	n/a
79.495	0.034	saccade	n/a	252.2	206.7	n/a	344.6	207.3	3.7	404.0
79.531	0.186	fixation	n/a	356.0	210.2	993.0	n/a	n/a	n/a	n/a
79.719	0.032	saccade	n/a	355.8	212.5	n/a	441.1	203.3	3.45	403.0
79.753	0.264	fixation	n/a	455.2	204.7	914.0	n/a	n/a	n/a	n/a
80.019	0.024	saccade	n/a	455.3	206.6	n/a	540.2	201.0	3.4	315.0
80.045	0.218	fixation	n/a	531.5	202.9	891.0	n/a	n/a	n/a	n/a
80.265	0.034	saccade	n/a	535.8	202.4	n/a	611.3	200.1	2.99	332.0
80.301	0.138	fixation	n/a	618.1	203.4	882.0	n/a	n/a	n/a	n/a
80.441	0.068	saccade	n/a	617.3	201.5	n/a	168.8	274.0	17.79	550.0
80.511	0.228	fixation	n/a	163.0	280.3	981.0	n/a	n/a	n/a	n/a
80.741	0.044	saccade	n/a	165.0	283.9	n/a	281.1	269.2	4.61	447.0
80.787	0.272	fixation	n/a	281.4	273.7	966.0	n/a	n/a	n/a	n/a
81.061	0.032	saccade	n/a	281.0	274.8	n/a	357.1	271.4	3.03	307.0
81.095	0.06	fixation	n/a	363.0	271.5	931.0	n/a	n/a	n/a	n/a
81.157	0.05	saccade	n/a	362.5	270.5	n/a	175.0	285.0	7.43	448.0
81.209	0.314	fixation	n/a	171.0	281.4	1003.0	n/a	n/a	n/a	n/a
81.525	0.032	saccade	n/a	171.6	279.2	n/a	237.2	271.8	2.59	311.0
81.559	0.226	fixation	n/a	247.8	273.8	1017.0	n/a	n/a	n/a	n/a
81.787	0.032	saccade	n/a	249.6	277.1	n/a	306.7	272.9	2.27	292.0
81.821	0.346	fixation	n/a	316.4	275.8	996.0	n/a	n/a	n/a	n/a
82.169	0.022	saccade	n/a	315.0	284.0	n/a	243.9	286.6	2.82	187.0
82.193	0.34	fixation	n/a	221.2	287.9	998.0	n/a	n/a	n/a	n/a
82.535	0.022	saccade	n/a	223.4	285.5	n/a	160.0	291.3	2.49	193.0
82.559	0.486	fixation	n/a	169.6	290.1	1024.0	n/a	n/a	n/a	n/a
83.047	0.046	saccade	n/a	174.0	291.0	n/a	175.8	122.6	6.74	249.0
83.095	0.23	fixation	n/a	170.4	129.0	1005.0	n/a	n/a	n/a	n/a
83.144	0.0	trigger_11	11	n/a	n/a	n/a	n/a	n/a	n/a	n/a
83.15	0.0	trigger_10	10	n/a	n/a	n/a	n/a	n/a	n/a	n/a
83.327	0.02	saccade	n/a	169.4	124.6	n/a	148.3	89.3	1.65	144.0
83.349	0.212	fixation	n/a	150.9	87.6	989.0	n/a	n/a	n/a	n/a
83.563	0.032	saccade	n/a	150.7	87.2	n/a	208.5	84.8	2.27	306.0
83.597	0.212	fixation	n/a	220.6	85.3	981.0	n/a	n/a	n/a	n/a
83.811	0.032	saccade	n/a	224.1	87.1	n/a	287.1	95.8	2.53	263.0
83.845	0.306	fixation	n/a	289.6	96.8	955.0	n/a	n/a	n/a	n/a
84.153	0.022	saccade	n/a	285.6	98.2	n/a	334.2	100.9	1.95	153.0
84.177	0.178	fixation	n/a	328.2	99.6	941.0	n/a	n/a	n/a	n/a
84.357	0.034	saccade	n/a	327.4	104.1	n/a	401.5	93.8	3.01	309.0
84.393	0.232	fixation	n/a	410.6	97.4	925.0	n/a	n/a	n/a	n/a
84.627	0.018	saccade	n/a	408.1	95.3	n/a	400.7	97.5	0.31	67.0
84.647	0.126	fixation	n/a	401.7	97.1	915.0	n/a	n/a	n/a	n/a
84.775	0.022	saccade	n/a	402.7	97.9	n/a	347.4	99.1	2.23	207.0
84.799	0.238	fixation	n/a	356.5	98.1	918.0	n/a	n/a	n/a	n/a
85.039	0.012	saccade	n/a	359.0	98.6	n/a	383.8	97.6	1.0	102.0
85.053	0.136	fixation	n/a	383.4	100.2	939.0	n/a	n/a	n/a	n/a
85.191	0.034	saccade	n/a	382.7	101.4	n/a	473.5	90.5	3.68	390.0
85.227	0.256	fixation	n/a	486.6	88.1	902.0	n/a	n/a	n/a	n/a
85.485	0.03	saccade	n/a	488.2	88.5	n/a	540.1	83.5	2.09	300.0
85.517	0.596	fixation	n/a	550.1	81.4	849.0	n/a	n/a	n/a	n/a
86.115	0.048	saccade	n/a	550.8	79.7	n/a	169.4	156.0	15.39	563.0
86.165	0.316	fixation	n/a	167.9	151.3	934.0	n/a	n/a	n/a	n/a
86.483	0.012	saccade	n/a	165.0	153.7	n/a	147.5	144.0	0.79	80.0
86.497	0.11	fixation	n/a	151.2	146.0	915.0	n/a	n/a	n/a	n/a
86.609	0.032	saccade	n/a	149.3	146.2	n/a	219.4	145.2	2.76	315.0
86.643	0.204	fixation	n/a	231.3	144.3	879.0	n/a	n/a	n/a	n/a
86.849	0.032	saccade	n/a	231.1	143.7	n/a	300.1	144.6	2.75	330.0
86.883	0.186	fixation	n/a	310.8	146.8	860.0	n/a	n/a	n/a	n/a
87.071	0.04	saccade	n/a	313.2	147.5	n/a	418.0	139.4	4.23	382.0
87.113	0.332	fixation	n/a	434.5	141.2	832.0	n/a	n/a	n/a	n/a
87.447	0.024	saccade	n/a	435.9	144.1	n/a	417.0	149.7	0.8	110.0
87.473	0.068	fixation	n/a	412.6	147.4	845.0	n/a	n/a	n/a	n/a
87.543	0.036	saccade	n/a	411.3	147.7	n/a	499.0	137.5	3.55	409.0
87.581	0.29	fixation	n/a	515.7	139.1	815.0	n/a	n/a	n/a	n/a
87.873	0.022	saccade	n/a	517.8	141.0	n/a	577.7	141.0	2.39	246.0
87.897	0.17	fixation	n/a	574.8	141.5	819.0	n/a	n/a	n/a	n/a
88.069	0.03	saccade	n/a	578.8	140.7	n/a	422.8	151.2	6.25	438.0
88.101	0.236	fixation	n/a	436.0	146.5	852.0	n/a	n/a	n/a	n/a
88.339	0.02	saccade	n/a	431.7	144.7	n/a	400.6	150.3	1.27	146.0
88.361	0.062	fixation	n/a	405.5	149.9	872.0	n/a	n/a	n/a	n/a
88.425	0.056	saccade	n/a	406.0	152.0	n/a	243.7	86.9	7.02	382.0
88.483	0.128	fixation	n/a	239.5	87.5	873.0	n/a	n/a	n/a	n/a
88.613	0.03	saccade	n/a	239.1	87.5	n/a	179.6	71.9	2.44	286.0
88.645	0.288	fixation	n/a	172.1	72.4	881.0	n/a	n/a	n/a	n/a
88.935	0.022	saccade	n/a	170.7	74.4	n/a	232.5	73.4	2.44	208.0
88.959	0.266	fixation	n/a	223.7	76.7	863.0	n/a	n/a	n/a	n/a
89.227	0.02	saccade	n/a	221.0	77.1	n/a	277.4	77.8	2.25	180.0
89.249	0.32	fixation	n/a	272.8	81.0	853.0	n/a	n/a	n/a	n/a
89.571	0.032	saccade	n/a	275.2	85.7	n/a	324.6	86.1	1.98	263.0
89.605	0.196	fixation	n/a	332.2	86.4	872.0	n/a	n/a	n/a	n/a
89.803	0.022	saccade	n/a	333.4	88.1	n/a	380.4	89.2	1.89	189.0
89.827	0.164	fixation	n/a	374.3	89.5	869.0	n/a	n/a	n/a	n/a
89.993	0.022	saccade	n/a	374.4	90.0	n/a	331.2	91.1	1.74	190.0
90.017	0.214	fixation	n/a	336.7	89.3	868.0	n/a	n/a	n/a	n/a
90.233	0.02	saccade	n/a	337.7	91.1	n/a	377.4	92.9	1.6	164.0
90.255	0.16	fixation	n/a	371.5	94.6	876.0	n/a	n/a	n/a	n/a
90.417	0.024	saccade	n/a	370.8	93.6	n/a	431.2	89.1	2.44	242.0
90.443	0.286	fixation	n/a	426.0	89.5	861.0	n/a	n/a	n/a	n/a
90.731	0.032	saccade	n/a	425.6	89.4	n/a	488.3	82.9	2.54	261.0
90.765	0.2	fixation	n/a	495.7	84.9	832.0	n/a	n/a	n/a	n/a
90.967	0.03	saccade	n/a	495.2	88.0	n/a	528.3	86.4	1.33	202.0
90.999	0.192	fixation	n/a	535.2	86.0	826.0	n/a	n/a	n/a	n/a
91.193	0.012	saccade	n/a	537.5	85.9	n/a	562.4	87.2	0.99	98.0
91.207	0.13	fixation	n/a	556.4	86.2	828.0	n/a	n/a	n/a	n/a
91.339	0.056	saccade	n/a	558.4	87.5	n/a	128.1	153.0	17.15	528.0
91.397	0.238	fixation	n/a	137.3	150.8	894.0	n/a	n/a	n/a	n/a
91.637	0.03	saccade	n/a	136.3	150.6	n/a	194.6	148.2	2.29	311.0
91.669	0.204	fixation	n/a	207.7	152.3	907.0	n/a	n/a	n/a	n/a
91.875	0.022	saccade	n/a	214.5	163.5	n/a	291.0	162.3	3.04	239.0
91.899	0.238	fixation	n/a	290.6	159.0	886.0	n/a	n/a	n/a	n/a
92.139	0.024	saccade	n/a	289.3	159.1	n/a	394.4	153.8	4.23	334.0
92.165	0.178	fixation	n/a	384.7	154.5	861.0	n/a	n/a	n/a	n/a
92.345	0.03	saccade	n/a	387.7	153.8	n/a	437.7	148.8	2.03	286.0
92.377	0.224	fixation	n/a	448.4	147.8	813.0	n/a	n/a	n/a	n/a
92.603	0.02	saccade	n/a	449.1	147.6	n/a	402.1	154.8	1.91	170.0
92.625	0.202	fixation	n/a	408.6	152.2	822.0	n/a	n/a	n/a	n/a
92.829	0.03	saccade	n/a	407.8	148.9	n/a	367.8	150.2	1.61	239.0
92.861	0.158	fixation	n/a	357.3	149.8	836.0	n/a	n/a	n/a	n/a
93.021	0.036	saccade	n/a	356.7	149.3	n/a	273.0	150.9	3.36	358.0
93.059	0.536	fixation	n/a	271.5	150.8	870.0	n/a	n/a	n/a	n/a
93.597	0.024	saccade	n/a	272.9	153.7	n/a	376.3	149.4	4.16	351.0
93.623	0.134	fixation	n/a	373.2	152.9	891.0	n/a	n/a	n/a	n/a
93.759	0.032	saccade	n/a	375.1	152.7	n/a	443.3	148.9	2.75	306.0
93.793	0.166	fixation	n/a	450.5	149.6	867.0	n/a	n/a	n/a	n/a
93.961	0.034	saccade	n/a	451.1	150.3	n/a	543.0	148.2	3.68	390.0
93.997	0.118	fixation	n/a	554.2	149.5	857.0	n/a	n/a	n/a	n/a
94.117	0.056	saccade	n/a	555.6	146.7	n/a	242.6	81.0	12.75	558.0
94.16	0.0	trigger_11	11	n/a	n/a	n/a	n/a	n/a	n/a	n/a
94.168	0.0	trigger_12	12	n/a	n/a	n/a	n/a	n/a	n/a	n/a
94.175	0.19	fixation	n/a	238.3	84.3	909.0	n/a	n/a	n/a	n/a
94.367	0.032	saccade	n/a	240.8	86.9	n/a	166.1	82.0	2.96	312.0
94.401	0.378	fixation	n/a	163.6	82.1	957.0	n/a	n/a	n/a	n/a
94.781	0.026	saccade	n/a	160.2	82.5	n/a	257.2	85.7	3.84	284.0
94.809	0.162	fixation	n/a	254.3	84.2	950.0	n/a	n/a	n/a	n/a
94.973	0.036	saccade	n/a	256.2	81.6	n/a	344.9	88.6	3.56	421.0
95.011	0.366	fixation	n/a	352.8	85.9	900.0	n/a	n/a	n/a	n/a
95.379	0.024	saccade	n/a	352.8	88.9	n/a	441.3	81.5	3.58	281.0
95.405	0.23	fixation	n/a	435.8	83.7	870.0	n/a	n/a	n/a	n/a
95.637	0.03	saccade	n/a	438.5	84.3	n/a	492.3	82.3	2.17	262.0
95.669	0.176	fixation	n/a	496.3	78.5	845.0	n/a	n/a	n/a	n/a
95.847	0.032	saccade	n/a	499.5	78.8	n/a	551.2	77.1	2.07	229.0
95.881	0.068	fixation	n/a	557.5	77.9	826.0	n/a	n/a	n/a	n/a
95.951	0.048	saccade	n/a	558.1	78.8	n/a	143.7	148.2	16.59	597.0
96.001	0.342	fixation	n/a	152.3	146.7	868.0	n/a	n/a	n/a	n/a
96.345	0.032	saccade	n/a	154.8	148.7	n/a	219.4	144.6	2.55	291.0
96.379	0.508	fixation	n/a	236.4	152.9	872.0	n/a	n/a	n/a	n/a
96.889	0.032	saccade	n/a	238.4	156.4	n/a	286.5	154.7	1.92	278.0
96.923	0.192	fixation	n/a	293.9	156.9	891.0	n/a	n/a	n/a	n/a
97.117	0.04	saccade	n/a	295.2	155.4	n/a	173.2	80.8	5.71	369.0
97.159	0.496	fixation	n/a	178.8	85.6	893.0	n/a	n/a	n/a	n/a
97.33	0.0	trigger_13	13	n/a	n/a	n/a	n/a	n/a	n/a	n/a
97.657	0.034	saccade	n/a	176.0	84.5	n/a	296.0	91.5	4.78	426.0
97.693	0.436	fixation	n/a	308.1	93.7	934.0	n/a	n/a	n/a	n/a
98.131	0.022	saccade	n/a	308.7	96.8	n/a	380.5	92.7	2.89	253.0
98.155	0.548	fixation	n/a	376.7	96.5	968.0	n/a	n/a	n/a	n/a
98.705	0.024	saccade	n/a	374.6	96.9	n/a	463.0	89.1	3.57	318.0
98.731	0.158	fixation	n/a	455.2	93.2	977.0	n/a	n/a	n/a	n/a
98.891	0.034	saccade	n/a	457.9	93.2	n/a	539.5	95.5	3.27	321.0
98.927	0.172	fixation	n/a	547.2	92.1	950.0	n/a	n/a	n/a	n/a
99.101	0.032	saccade	n/a	548.8	91.3	n/a	604.3	90.6	2.2	251.0
99.135	0.346	fixation	n/a	608.8	88.2	903.0	n/a	n/a	n/a	n/a
99.483	0.048	saccade	n/a	610.0	84.4	n/a	404.1	206.3	9.56	496.0
99.533	0.374	fixation	n/a	393.9	209.0	931.0	n/a	n/a	n/a	n/a
99.909	0.018	saccade	n/a	397.5	211.2	n/a	421.8	206.0	1.0	113.0
99.929	0.708	fixation	n/a	419.1	208.3	905.0	n/a	n/a	n/a	n/a
100.466	0.0	trigger_15	15	n/a	n/a	n/a	n/a	n/a	n/a	n/a
100.484	0.0	trigger_10	10	n/a	n/a	n/a	n/a	n/a	n/a	n/a
100.639	0.05	saccade	n/a	421.3	206.8	n/a	271.3	102.4	7.36	369.0
100.691	0.076	fixation	n/a	265.2	97.1	936.0	n/a	n/a	n/a	n/a
100.769	0.02	saccade	n/a	263.1	96.9	n/a	222.4	87.4	1.67	123.0
100.791	0.098	fixation	n/a	232.8	88.1	916.0	n/a	n/a	n/a	n/a
100.891	0.024	saccade	n/a	232.2	88.8	n/a	155.1	80.9	3.06	262.0
100.917	0.268	fixation	n/a	167.3	78.6	914.0	n/a	n/a	n/a	n/a
101.187	0.034	saccade	n/a	166.2	78.9	n/a	278.2	82.1	4.44	415.0
101.223	0.166	fixation	n/a	288.0	82.0	921.0	n/a	n/a	n/a	n/a
101.391	0.032	saccade	n/a	290.8	84.2	n/a	362.7	86.2	2.89	386.0
101.425	0.174	fixation	n/a	375.7	84.0	912.0	n/a	n/a	n/a	n/a
101.601	0.028	saccade	n/a	377.1	83.7	n/a	247.3	81.5	5.2	351.0
101.631	0.222	fixation	n/a	253.2	83.8	941.0	n/a	n/a	n/a	n/a
101.855	0.024	saccade	n/a	250.9	85.0	n/a	170.5	78.9	3.19	274.0
101.881	0.184	fixation	n/a	180.3	76.8	927.0	n/a	n/a	n/a	n/a
102.067	0.036	saccade	n/a	178.7	75.1	n/a	265.7	84.5	3.47	327.0
102.105	0.066	fixation	n/a	275.8	84.3	933.0	n/a	n/a	n/a	n/a
102.173	0.036	saccade	n/a	277.8	85.5	n/a	355.0	83.4	3.1	365.0
102.211	0.244	fixation	n/a	372.8	87.8	944.0	n/a	n/a	n/a	n/a
102.457	0.016	saccade	n/a	381.6	106.9	n/a	420.9	111.5	1.6	131.0
102.475	0.02	fixation	n/a	424.0	117.4	931.0	n/a	n/a	n/a	n/a
102.497	0.01	saccade	n/a	430.4	114.2	n/a	450.1	112.0	0.8	98.0
102.509	0.566	fixation	n/a	430.9	88.9	919.0	n/a	n/a	n/a	n/a
103.077	0.008	saccade	n/a	422.7	85.9	n/a	410.4	89.2	0.51	63.0
103.087	0.296	fixation	n/a	408.1	87.3	894.0	n/a	n/a	n/a	n/a
103.385	0.018	saccade	n/a	410.1	88.0	n/a	440.4	86.8	1.22	114.0
103.405	0.192	fixation	n/a	431.8	86.8	897.0	n/a	n/a	n/a	n/a
103.599	0.034	saccade	n/a	431.5	86.7	n/a	272.5	89.1	6.39	292.0
103.635	0.192	fixation	n/a	282.4	88.1	911.0	n/a	n/a	n/a	n/a
103.829	0.036	saccade	n/a	284.3	86.1	n/a	154.4	70.7	5.17	219.0
103.867	0.378	fixation	n/a	171.0	74.8	945.0	n/a	n/a	n/a	n/a
104.247	0.03	saccade	n/a	170.7	77.3	n/a	215.2	78.9	1.76	231.0
104.279	0.37	fixation	n/a	217.7	77.1	971.0	n/a	n/a	n/a	n/a
104.458	0.0	trigger_11	11	n/a	n/a	n/a	n/a	n/a	n/a	n/a
104.462	0.0	trigger_10	10	n/a	n/a	n/a	n/a	n/a	n/a	n/a
104.651	0.024	saccade	n/a	216.3	76.6	n/a	140.6	77.2	2.98	224.0
104.677	0.3	fixation	n/a	149.7	76.1	985.0	n/a	n/a	n/a	n/a
104.979	0.032	saccade	n/a	148.5	77.1	n/a	241.7	84.5	3.69	380.0
105.013	0.27	fixation	n/a	243.4	83.7	972.0	n/a	n/a	n/a	n/a
105.285	0.036	saccade	n/a	241.3	82.1	n/a	300.6	85.0	2.37	321.0
105.323	0.174	fixation	n/a	315.5	86.4	911.0	n/a	n/a	n/a	n/a
105.499	0.036	saccade	n/a	316.9	86.1	n/a	437.2	85.9	4.84	454.0
105.537	0.306	fixation	n/a	454.1	84.2	868.0	n/a	n/a	n/a	n/a
105.845	0.038	saccade	n/a	452.9	85.0	n/a	552.8	84.4	4.0	355.0
105.885	0.376	fixation	n/a	565.8	83.6	821.0	n/a	n/a	n/a	n/a
106.263	0.052	saccade	n/a	565.3	84.0	n/a	201.2	103.3	14.44	484.0
106.317	0.166	fixation	n/a	205.7	104.9	856.0	n/a	n/a	n/a	n/a
106.485	0.036	saccade	n/a	209.1	108.4	n/a	308.7	88.0	4.05	352.0
106.523	0.228	fixation	n/a	326.9	86.4	885.0	n/a	n/a	n/a	n/a
106.753	0.042	saccade	n/a	330.2	87.7	n/a	436.7	85.6	4.29	401.0
106.797	0.116	fixation	n/a	438.8	87.3	885.0	n/a	n/a	n/a	n/a
106.915	0.032	saccade	n/a	440.8	99.1	n/a	515.1	94.3	2.99	130.0
106.949	0.46	fixation	n/a	534.8	92.7	872.0	n/a	n/a	n/a	n/a
107.411	0.032	saccade	n/a	530.3	83.4	n/a	447.1	78.5	3.34	304.0
107.445	0.292	fixation	n/a	441.8	84.0	886.0	n/a	n/a	n/a	n/a
107.739	0.178	saccade	n/a	450.8	112.6	n/a	442.3	98.8	0.66	725.0
107.773	0.102	blink	n/a	n/a	n/a	n/a	n/a	n/a	n/a	n/a
107.919	0.158	fixation	n/a	451.7	86.6	918.0	n/a	n/a	n/a	n/a
108.079	0.192	saccade	n/a	451.8	95.1	n/a	445.3	90.3	0.33	921.0
108.107	0.128	blink	n/a	n/a	n/a	n/a	n/a	n/a	n/a	n/a
108.273	0.472	fixation	n/a	451.1	76.3	914.0	n/a	n/a	n/a	n/a
108.546	0.0	trigger_11	11	n/a	n/a	n/a	n/a	n/a	n/a	n/a
108.554	0.0	trigger_12	12	n/a	n/a	n/a	n/a	n/a	n/a	n/a
108.747	0.052	saccade	n/a	447.9	74.1	n/a	130.5	73.8	12.55	502.0
108.801	0.158	fixation	n/a	119.0	79.9	915.0	n/a	n/a	n/a	n/a
108.961	0.03	saccade	n/a	117.9	80.7	n/a	187.6	71.3	2.75	347.0
108.993	0.234	fixation	n/a	192.3	66.6	916.0	n/a	n/a	n/a	n/a
109.229	0.034	saccade	n/a	186.6	60.5	n/a	234.7	63.6	1.91	275.0
109.265	0.152	fixation	n/a	246.3	63.9	842.0	n/a	n/a	n/a	n/a
109.419	0.02	saccade	n/a	243.1	61.4	n/a	215.3	64.0	1.11	125.0
109.441	0.118	fixation	n/a	222.9	64.0	823.0	n/a	n/a	n/a	n/a
109.561	0.03	saccade	n/a	225.0	66.6	n/a	300.6	72.5	3.03	319.0
109.593	0.172	fixation	n/a	315.4	73.6	836.0	n/a	n/a	n/a	n/a
109.767	0.03	saccade	n/a	320.3	73.2	n/a	388.1	75.8	2.73	309.0
109.799	0.202	fixation	n/a	395.9	77.2	850.0	n/a	n/a	n/a	n/a
110.003	0.032	saccade	n/a	396.8	80.4	n/a	293.0	81.7	4.17	219.0
110.037	0.15	fixation	n/a	299.6	81.3	893.0	n/a	n/a	n/a	n/a
110.189	0.036	saccade	n/a	300.4	83.5	n/a	407.6	81.9	4.31	436.0
110.227	0.2	fixation	n/a	426.0	81.6	888.0	n/a	n/a	n/a	n/a
110.429	0.032	saccade	n/a	431.6	84.1	n/a	487.6	78.2	2.27	356.0
110.463	0.162	fixation	n/a	500.1	79.7	897.0	n/a	n/a	n/a	n/a
110.627	0.042	saccade	n/a	500.7	83.6	n/a	208.9	79.2	11.63	524.0
110.671	0.21	fixation	n/a	214.5	84.0	949.0	n/a	n/a	n/a	n/a
110.883	0.034	saccade	n/a	213.4	83.5	n/a	269.5	89.6	2.25	299.0
110.919	0.218	fixation	n/a	283.3	93.4	986.0	n/a	n/a	n/a	n/a
111.139	0.032	saccade	n/a	283.3	96.1	n/a	328.8	94.0	1.83	264.0
111.173	0.146	fixation	n/a	337.9	92.5	970.0	n/a	n/a	n/a	n/a
111.321	0.034	saccade	n/a	337.8	93.1	n/a	409.5	90.4	2.89	399.0
111.357	0.042	fixation	n/a	421.9	88.2	956.0	n/a	n/a	n/a	n/a
111.401	0.05	saccade	n/a	423.0	89.4	n/a	551.4	83.6	5.15	496.0
111.453	0.2	fixation	n/a	549.1	88.2	938.0	n/a	n/a	n/a	n/a
111.655	0.06	saccade	n/a	546.5	87.8	n/a	129.2	144.1	16.59	557.0
111.717	0.186	fixation	n/a	135.7	143.6	995.0	n/a	n/a	n/a	n/a
111.905	0.036	saccade	n/a	134.4	144.9	n/a	222.9	153.5	3.49	398.0
111.943	0.246	fixation	n/a	238.5	158.4	996.0	n/a	n/a	n/a	n/a
112.191	0.032	saccade	n/a	240.5	162.8	n/a	294.1	156.8	2.15	300.0
112.225	0.148	fixation	n/a	308.1	157.6	974.0	n/a	n/a	n/a	n/a
112.375	0.044	saccade	n/a	310.9	159.7	n/a	441.6	154.9	5.25	512.0
112.421	0.33	fixation	n/a	443.7	156.8	931.0	n/a	n/a	n/a	n/a
112.753	0.028	saccade	n/a	442.0	154.6	n/a	480.0	152.6	1.53	223.0
112.783	0.116	fixation	n/a	486.9	153.0	894.0	n/a	n/a	n/a	n/a
112.901	0.034	saccade	n/a	489.1	155.3	n/a	566.6	148.3	3.11	350.0
112.937	0.166	fixation	n/a	579.5	150.1	860.0	n/a	n/a	n/a	n/a
113.105	0.028	saccade	n/a	582.9	153.2	n/a	608.5	151.8	1.01	204.0
113.135	0.078	fixation	n/a	618.0	151.7	862.0	n/a	n/a	n/a	n/a
113.215	0.054	saccade	n/a	620.0	152.4	n/a	150.1	203.8	18.54	551.0
113.271	0.262	fixation	n/a	157.7	204.1	964.0	n/a	n/a	n/a	n/a
113.535	0.034	saccade	n/a	159.4	204.8	n/a	222.0	204.0	2.46	342.0
113.571	0.658	fixation	n/a	240.2	206.6	980.0	n/a	n/a	n/a	n/a
114.042	0.0	trigger_13	13	n/a	n/a	n/a	n/a	n/a	n/a	n/a
114.231	0.038	saccade	n/a	241.4	210.0	n/a	215.3	99.8	4.58	255.0
114.271	0.202	fixation	n/a	218.4	105.6	988.0	n/a	n/a	n/a	n/a
114.475	0.044	saccade	n/a	218.0	103.5	n/a	349.1	168.3	5.86	527.0
114.521	0.198	fixation	n/a	359.8	172.9	990.0	n/a	n/a	n/a	n/a
114.721	0.038	saccade	n/a	360.2	169.6	n/a	479.6	190.4	4.87	496.0
114.761	0.316	fixation	n/a	502.8	192.4	1001.0	n/a	n/a	n/a	n/a
115.079	0.03	saccade	n/a	502.2	195.0	n/a	552.0	192.4	1.99	267.0
115.111	0.114	fixation	n/a	559.2	194.0	965.0	n/a	n/a	n/a	n/a
115.227	0.032	saccade	n/a	559.1	193.6	n/a	632.3	195.4	2.89	308.0
115.261	0.278	fixation	n/a	637.4	194.6	932.0	n/a	n/a	n/a	n/a
115.37	0.0	trigger_15	15	n/a	n/a	n/a	n/a	n/a	n/a	n/a
115.374	0.0	trigger_12	12	n/a	n/a	n/a	n/a	n/a	n/a	n/a
115.541	0.044	saccade	n/a	636.9	196.3	n/a	289.9	140.0	13.9	517.0
115.587	0.078	fixation	n/a	286.5	137.4	970.0	n/a	n/a	n/a	n/a
115.667	0.038	saccade	n/a	284.7	139.5	n/a	189.3	94.4	4.21	306.0
115.707	0.43	fixation	n/a	181.8	91.6	939.0	n/a	n/a	n/a	n/a
116.139	0.034	saccade	n/a	178.9	87.2	n/a	240.5	82.8	2.45	319.0
116.175	0.234	fixation	n/a	252.8	79.4	907.0	n/a	n/a	n/a	n/a
116.411	0.02	saccade	n/a	252.6	80.8	n/a	216.6	74.4	1.45	160.0
116.433	0.1	fixation	n/a	223.7	77.0	894.0	n/a	n/a	n/a	n/a
116.535	0.038	saccade	n/a	223.9	78.4	n/a	283.6	79.0	2.38	297.0
116.575	0.15	fixation	n/a	284.6	80.2	886.0	n/a	n/a	n/a	n/a
116.727	0.03	saccade	n/a	286.5	82.3	n/a	328.1	84.8	1.67	229.0
116.759	0.214	fixation	n/a	336.5	83.6	871.0	n/a	n/a	n/a	n/a
116.975	0.03	saccade	n/a	340.0	86.0	n/a	197.0	77.2	5.71	344.0
117.007	0.312	fixation	n/a	206.1	77.2	922.0	n/a	n/a	n/a	n/a
117.321	0.018	saccade	n/a	208.4	81.4	n/a	167.2	79.2	1.62	144.0
117.341	0.538	fixation	n/a	178.3	83.3	1002.0	n/a	n/a	n/a	n/a
117.602	0.0	trigger_13	13	n/a	n/a	n/a	n/a	n/a	n/a	n/a
117.881	0.034	saccade	n/a	180.2	86.3	n/a	283.1	87.1	4.08	412.0
117.917	0.114	fixation	n/a	294.7	88.5	1028.0	n/a	n/a	n/a	n/a
118.033	0.04	saccade	n/a	296.7	88.0	n/a	442.8	92.2	5.88	591.0
118.075	0.132	fixation	n/a	460.1	91.9	1017.0	n/a	n/a	n/a	n/a
118.209	0.036	saccade	n/a	459.0	89.0	n/a	546.4	86.6	3.5	410.0
118.247	0.184	fixation	n/a	563.9	86.6	991.0	n/a	n/a	n/a	n/a
118.433	0.022	saccade	n/a	561.8	89.3	n/a	592.1	92.5	1.21	135.0
118.457	0.522	fixation	n/a	586.3	87.4	951.0	n/a	n/a	n/a	n/a
118.981	1.308	saccade	n/a	586.2	88.9	n/a	485.7	279.0	8.64	617.0
119.065	1.196	blink	n/a	n/a	n/a	n/a	n/a	n/a	n/a	n/a
120.291	0.186	fixation	n/a	491.2	271.2	1077.0	n/a	n/a	n/a	n/a
120.479	0.02	saccade	n/a	492.8	270.1	n/a	506.7	220.0	2.1	192.0
120.501	0.278	fixation	n/a	506.6	225.0	1032.0	n/a	n/a	n/a	n/a
120.781	0.028	saccade	n/a	505.2	220.7	n/a	477.8	217.7	1.1	179.0
120.811	0.512	fixation	n/a	479.9	226.9	826.0	n/a	n/a	n/a	n/a
121.325	0.018	saccade	n/a	487.9	231.6	n/a	497.4	220.0	0.6	84.0
121.345	0.558	fixation	n/a	496.6	215.2	878.0	n/a	n/a	n/a	n/a
121.722	0.0	trigger_15	15	n/a	n/a	n/a	n/a	n/a	n/a	n/a
121.73	0.0	trigger_10	10	n/a	n/a	n/a	n/a	n/a	n/a	n/a
121.905	0.052	saccade	n/a	496.6	205.7	n/a	267.9	106.0	10.01	485.0
121.959	0.114	fixation	n/a	262.6	104.1	995.0	n/a	n/a	n/a	n/a
122.075	0.03	saccade	n/a	262.1	101.9	n/a	177.5	83.6	3.44	427.0
122.107	0.244	fixation	n/a	172.7	86.9	1015.0	n/a	n/a	n/a	n/a
122.353	0.016	saccade	n/a	173.3	90.1	n/a	143.3	97.0	1.21	112.0
122.371	0.078	fixation	n/a	156.1	94.9	1064.0	n/a	n/a	n/a	n/a
122.451	0.044	saccade	n/a	160.0	95.6	n/a	268.8	91.0	4.31	463.0
122.497	0.234	fixation	n/a	278.4	90.8	1095.0	n/a	n/a	n/a	n/a
122.733	0.028	saccade	n/a	281.0	89.7	n/a	181.5	94.2	3.95	301.0
122.763	0.258	fixation	n/a	196.2	96.3	1163.0	n/a	n/a	n/a	n/a
123.023	0.044	saccade	n/a	196.5	99.7	n/a	349.5	103.9	6.11	508.0
123.069	0.274	fixation	n/a	369.3	107.7	1182.0	n/a	n/a	n/a	n/a
123.345	0.036	saccade	n/a	369.8	110.2	n/a	440.6	103.3	2.87	361.0
123.383	0.222	fixation	n/a	452.0	103.0	1134.0	n/a	n/a	n/a	n/a
123.607	0.034	saccade	n/a	451.5	103.7	n/a	516.2	93.5	2.63	289.0
123.643	0.264	fixation	n/a	521.8	96.6	1103.0	n/a	n/a	n/a	n/a
123.909	0.028	saccade	n/a	522.1	94.2	n/a	565.9	88.4	1.76	236.0
123.939	0.104	fixation	n/a	570.7	88.1	1098.0	n/a	n/a	n/a	n/a
124.045	0.036	saccade	n/a	573.9	91.3	n/a	451.1	90.2	4.9	455.0
124.083	0.134	fixation	n/a	447.5	91.5	1140.0	n/a	n/a	n/a	n/a
124.219	0.036	saccade	n/a	447.5	95.3	n/a	303.7	93.9	5.79	469.0
124.257	0.234	fixation	n/a	298.9	92.8	1152.0	n/a	n/a	n/a	n/a
124.493	0.028	saccade	n/a	296.6	93.6	n/a	171.4	96.9	4.97	298.0
124.523	0.174	fixation	n/a	189.1	97.0	1197.0	n/a	n/a	n/a	n/a
124.699	0.024	saccade	n/a	186.8	97.3	n/a	246.9	93.8	2.38	233.0
124.725	0.328	fixation	n/a	239.5	95.7	1171.0	n/a	n/a	n/a	n/a
125.055	0.022	saccade	n/a	237.5	97.3	n/a	149.5	100.9	3.47	288.0
125.079	0.172	fixation	n/a	154.6	96.0	1182.0	n/a	n/a	n/a	n/a
125.253	0.026	saccade	n/a	155.9	96.4	n/a	307.5	87.2	6.03	482.0
125.281	0.136	fixation	n/a	308.1	89.4	1117.0	n/a	n/a	n/a	n/a
125.419	0.04	saccade	n/a	310.8	88.7	n/a	421.0	92.9	4.44	492.0
125.461	0.158	fixation	n/a	433.8	93.7	1094.0	n/a	n/a	n/a	n/a
125.621	0.032	saccade	n/a	434.4	93.4	n/a	498.4	89.5	2.58	306.0
125.655	0.4	fixation	n/a	509.3	91.2	1048.0	n/a	n/a	n/a	n/a
126.057	0.032	saccade	n/a	509.2	93.3	n/a	332.6	94.6	7.08	381.0
126.091	0.222	fixation	n/a	341.8	94.0	1037.0	n/a	n/a	n/a	n/a
126.315	0.04	saccade	n/a	339.5	92.8	n/a	183.6	98.2	6.2	294.0
126.357	0.392	fixation	n/a	197.0	97.6	1093.0	n/a	n/a	n/a	n/a
126.458	0.0	trigger_11	11	n/a	n/a	n/a	n/a	n/a	n/a	n/a
126.464	0.0	trigger_10	10	n/a	n/a	n/a	n/a	n/a	n/a	n/a
126.751	0.016	saccade	n/a	197.1	100.9	n/a	166.6	100.9	1.2	112.0
126.769	0.098	fixation	n/a	175.6	100.3	1151.0	n/a	n/a	n/a	n/a
126.869	0.034	saccade	n/a	176.1	100.0	n/a	252.2	96.4	3.02	392.0
126.905	0.226	fixation	n/a	265.6	94.4	1111.0	n/a	n/a	n/a	n/a
127.133	0.028	saccade	n/a	263.5	94.9	n/a	305.8	88.4	1.72	209.0
127.163	0.222	fixation	n/a	309.4	85.8	1016.0	n/a	n/a	n/a	n/a
127.387	0.032	saccade	n/a	310.2	86.2	n/a	378.6	88.3	2.75	331.0
127.421	0.216	fixation	n/a	383.7	88.5	977.0	n/a	n/a	n/a	n/a
127.639	0.034	saccade	n/a	388.0	90.4	n/a	322.4	88.7	2.64	298.0
127.675	0.184	fixation	n/a	314.7	89.2	973.0	n/a	n/a	n/a	n/a
127.861	0.04	saccade	n/a	312.3	88.4	n/a	435.1	91.9	4.94	473.0
127.903	0.126	fixation	n/a	436.2	89.8	946.0	n/a	n/a	n/a	n/a
128.031	0.03	saccade	n/a	436.7	88.3	n/a	509.8	90.3	2.94	335.0
128.063	0.214	fixation	n/a	520.3	87.9	907.0	n/a	n/a	n/a	n/a
128.279	0.032	saccade	n/a	521.7	88.3	n/a	572.7	84.7	2.04	257.0
128.313	0.146	fixation	n/a	580.0	85.4	878.0	n/a	n/a	n/a	n/a
128.461	0.05	saccade	n/a	583.0	84.5	n/a	160.7	150.3	16.87	580.0
128.513	0.122	fixation	n/a	170.4	147.6	945.0	n/a	n/a	n/a	n/a
128.637	0.026	saccade	n/a	170.2	146.7	n/a	179.9	88.2	2.39	187.0
128.665	0.21	fixation	n/a	175.8	90.7	927.0	n/a	n/a	n/a	n/a
128.877	0.034	saccade	n/a	173.7	90.5	n/a	234.3	84.9	2.41	321.0
128.913	0.19	fixation	n/a	247.1	86.5	908.0	n/a	n/a	n/a	n/a
129.105	0.028	saccade	n/a	248.6	91.7	n/a	284.2	80.3	1.5	232.0
129.135	0.22	fixation	n/a	292.1	79.8	884.0	n/a	n/a	n/a	n/a
129.357	0.026	saccade	n/a	295.9	79.8	n/a	278.3	84.1	0.73	128.0
129.385	0.148	fixation	n/a	275.6	83.8	878.0	n/a	n/a	n/a	n/a
129.535	0.032	saccade	n/a	276.8	84.4	n/a	352.6	75.7	3.06	355.0
129.569	0.084	fixation	n/a	369.1	76.6	837.0	n/a	n/a	n/a	n/a
129.655	0.038	saccade	n/a	371.3	75.2	n/a	512.2	77.3	5.66	485.0
129.695	0.162	fixation	n/a	530.9	77.1	835.0	n/a	n/a	n/a	n/a
129.859	0.032	saccade	n/a	531.5	74.5	n/a	583.6	81.6	2.1	248.0
129.893	0.066	fixation	n/a	592.5	79.2	807.0	n/a	n/a	n/a	n/a
129.961	0.054	saccade	n/a	595.1	80.9	n/a	149.6	130.4	17.62	605.0
130.017	0.326	fixation	n/a	159.5	127.9	857.0	n/a	n/a	n/a	n/a
130.345	0.036	saccade	n/a	162.9	128.8	n/a	235.8	132.0	2.88	301.0
130.383	0.156	fixation	n/a	248.3	136.1	866.0	n/a	n/a	n/a	n/a
130.541	0.032	saccade	n/a	248.6	137.1	n/a	289.0	138.5	1.61	235.0
130.575	0.25	fixation	n/a	300.3	140.8	832.0	n/a	n/a	n/a	n/a
130.827	0.034	saccade	n/a	302.0	142.1	n/a	372.6	139.1	2.84	372.0
130.863	0.114	fixation	n/a	387.0	141.2	815.0	n/a	n/a	n/a	n/a
130.979	0.046	saccade	n/a	391.0	143.8	n/a	227.5	139.0	6.54	401.0
131.027	0.364	fixation	n/a	220.6	140.5	856.0	n/a	n/a	n/a	n/a
131.393	0.032	saccade	n/a	217.6	140.9	n/a	167.6	85.9	2.97	251.0
131.427	0.384	fixation	n/a	171.7	86.8	887.0	n/a	n/a	n/a	n/a
131.548	0.0	trigger_11	11	n/a	n/a	n/a	n/a	n/a	n/a	n/a
131.552	0.0	trigger_10	10	n/a	n/a	n/a	n/a	n/a	n/a	n/a
131.813	0.03	saccade	n/a	173.9	87.7	n/a	251.7	83.3	3.09	337.0
131.845	0.168	fixation	n/a	252.7	83.2	903.0	n/a	n/a	n/a	n/a
132.015	0.024	saccade	n/a	253.2	82.1	n/a	166.9	71.8	3.44	276.0
132.041	0.144	fixation	n/a	178.1	69.9	889.0	n/a	n/a	n/a	n/a
132.187	0.028	saccade	n/a	175.2	70.4	n/a	147.3	71.8	1.1	180.0
132.217	0.342	fixation	n/a	139.1	70.7	865.0	n/a	n/a	n/a	n/a
132.561	0.038	saccade	n/a	132.7	72.0	n/a	243.0	77.0	4.35	499.0
132.601	0.31	fixation	n/a	260.1	75.6	852.0	n/a	n/a	n/a	n/a
132.913	0.03	saccade	n/a	262.2	79.1	n/a	136.8	72.4	4.94	385.0
132.945	0.35	fixation	n/a	153.8	75.3	860.0	n/a	n/a	n/a	n/a
133.297	0.034	saccade	n/a	154.5	75.6	n/a	213.6	78.3	2.33	314.0
133.333	0.14	fixation	n/a	228.2	78.0	846.0	n/a	n/a	n/a	n/a
133.475	0.038	saccade	n/a	232.3	81.6	n/a	310.0	76.9	3.11	370.0
133.515	0.396	fixation	n/a	325.4	78.3	835.0	n/a	n/a	n/a	n/a
133.913	0.034	saccade	n/a	326.2	76.8	n/a	415.8	81.3	3.61	459.0
133.949	0.248	fixation	n/a	429.5	78.8	801.0	n/a	n/a	n/a	n/a
134.199	0.016	saccade	n/a	425.1	77.0	n/a	389.9	75.8	1.42	134.0
134.217	0.12	fixation	n/a	399.5	76.2	792.0	n/a	n/a	n/a	n/a
134.339	0.042	saccade	n/a	398.7	77.6	n/a	553.2	81.4	6.19	502.0
134.383	0.242	fixation	n/a	566.1	81.6	807.0	n/a	n/a	n/a	n/a
134.627	0.056	saccade	n/a	567.5	83.0	n/a	223.5	122.4	13.74	505.0
134.685	0.042	fixation	n/a	222.8	123.3	842.0	n/a	n/a	n/a	n/a
134.729	0.036	saccade	n/a	226.7	126.7	n/a	145.9	137.3	3.21	293.0
134.767	0.244	fixation	n/a	138.8	142.8	867.0	n/a	n/a	n/a	n/a
135.013	0.036	saccade	n/a	138.1	144.3	n/a	219.7	142.4	3.21	359.0
135.051	0.148	fixation	n/a	236.2	146.6	885.0	n/a	n/a	n/a	n/a
135.201	0.036	saccade	n/a	236.1	145.7	n/a	320.5	145.9	3.37	354.0
135.239	0.156	fixation	n/a	337.6	146.4	848.0	n/a	n/a	n/a	n/a
135.397	0.036	saccade	n/a	338.3	146.7	n/a	448.6	148.8	4.43	509.0
135.435	0.27	fixation	n/a	466.8	151.5	840.0	n/a	n/a	n/a	n/a
135.707	0.026	saccade	n/a	472.3	172.9	n/a	397.8	174.8	3.0	167.0
135.735	0.238	fixation	n/a	416.2	166.3	807.0	n/a	n/a	n/a	n/a
135.975	0.044	saccade	n/a	422.6	165.0	n/a	236.8	85.6	8.12	353.0
136.021	0.462	fixation	n/a	244.0	85.0	838.0	n/a	n/a	n/a	n/a
136.276	0.0	trigger_11	11	n/a	n/a	n/a	n/a	n/a	n/a	n/a
136.284	0.0	trigger_10	10	n/a	n/a	n/a	n/a	n/a	n/a	n/a
136.485	0.032	saccade	n/a	245.9	85.2	n/a	173.9	74.7	2.88	298.0
136.519	0.144	fixation	n/a	170.9	74.9	881.0	n/a	n/a	n/a	n/a
136.665	0.016	saccade	n/a	166.6	75.5	n/a	130.1	81.6	1.45	152.0
136.683	0.138	fixation	n/a	140.1	80.0	900.0	n/a	n/a	n/a	n/a
136.823	0.036	saccade	n/a	140.2	80.5	n/a	239.4	86.2	3.92	403.0
136.861	0.182	fixation	n/a	247.8	81.0	866.0	n/a	n/a	n/a	n/a
137.045	0.032	saccade	n/a	249.9	82.2	n/a	291.7	81.3	1.67	224.0
137.079	0.25	fixation	n/a	301.8	79.5	825.0	n/a	n/a	n/a	n/a
137.331	0.048	saccade	n/a	302.9	79.9	n/a	420.6	78.2	4.74	406.0
137.381	0.33	fixation	n/a	424.5	81.0	789.0	n/a	n/a	n/a	n/a
137.713	0.02	saccade	n/a	424.1	81.6	n/a	371.5	78.4	2.12	198.0
137.735	0.228	fixation	n/a	377.1	76.2	767.0	n/a	n/a	n/a	n/a
137.965	0.042	saccade	n/a	376.8	76.1	n/a	524.1	88.6	5.94	413.0
138.009	0.296	fixation	n/a	537.6	86.2	774.0	n/a	n/a	n/a	n/a
138.307	0.05	saccade	n/a	537.6	86.9	n/a	146.7	137.6	15.56	593.0
138.359	0.322	fixation	n/a	155.2	136.0	801.0	n/a	n/a	n/a	n/a
138.683	0.018	saccade	n/a	155.2	137.3	n/a	192.4	140.1	1.47	124.0
138.703	0.158	fixation	n/a	190.7	138.4	805.0	n/a	n/a	n/a	n/a
138.863	0.05	saccade	n/a	190.9	139.3	n/a	310.9	145.5	4.78	382.0
138.915	0.174	fixation	n/a	313.6	145.0	792.0	n/a	n/a	n/a	n/a
139.091	0.034	saccade	n/a	314.7	146.0	n/a	396.3	145.2	3.28	430.0
139.127	0.512	fixation	n/a	415.6	149.4	771.0	n/a	n/a	n/a	n/a
139.46	0.0	trigger_11	11	n/a	n/a	n/a	n/a	n/a	n/a	n/a
139.466	0.0	trigger_10	10	n/a	n/a	n/a	n/a	n/a	n/a	n/a
139.641	0.052	saccade	n/a	416.0	149.0	n/a	137.8	75.0	11.42	464.0
139.695	0.196	fixation	n/a	136.6	77.5	792.0	n/a	n/a	n/a	n/a
139.893	0.03	saccade	n/a	139.5	78.3	n/a	195.1	75.4	2.19	262.0
139.925	0.15	fixation	n/a	204.7	77.2	808.0	n/a	n/a	n/a	n/a
140.077	0.018	saccade	n/a	205.1	78.5	n/a	157.0	81.1	1.9	168.0
140.097	0.134	fixation	n/a	166.4	79.0	809.0	n/a	n/a	n/a	n/a
140.233	0.024	saccade	n/a	166.8	79.8	n/a	239.1	76.0	2.86	235.0
140.259	0.27	fixation	n/a	229.4	77.7	800.0	n/a	n/a	n/a	n/a
140.531	0.022	saccade	n/a	226.6	77.0	n/a	144.3	81.6	3.25	297.0
140.555	0.36	fixation	n/a	157.2	81.4	798.0	n/a	n/a	n/a	n/a
140.917	0.032	saccade	n/a	155.8	81.5	n/a	239.6	79.5	3.31	366.0
140.951	0.258	fixation	n/a	243.6	77.9	782.0	n/a	n/a	n/a	n/a
141.211	0.02	saccade	n/a	244.8	78.6	n/a	292.4	78.3	1.9	152.0
141.233	0.18	fixation	n/a	285.3	79.8	780.0	n/a	n/a	n/a	n/a
141.415	0.022	saccade	n/a	285.8	79.5	n/a	194.3	77.9	3.64	308.0
141.439	0.154	fixation	n/a	193.7	73.4	765.0	n/a	n/a	n/a	n/a
141.595	0.022	saccade	n/a	195.8	72.3	n/a	131.9	78.6	2.52	182.0
141.619	0.164	fixation	n/a	140.0	75.8	773.0	n/a	n/a	n/a	n/a
141.785	0.06	saccade	n/a	138.0	75.1	n/a	343.3	72.7	8.12	496.0
141.847	0.176	fixation	n/a	340.2	72.8	748.0	n/a	n/a	n/a	n/a
142.025	0.034	saccade	n/a	342.1	70.6	n/a	405.4	70.6	2.55	296.0
142.061	0.14	fixation	n/a	417.1	69.3	721.0	n/a	n/a	n/a	n/a
142.203	0.02	saccade	n/a	417.9	70.0	n/a	357.8	70.4	2.42	188.0
142.225	0.164	fixation	n/a	364.3	65.4	705.0	n/a	n/a	n/a	n/a
142.391	0.014	saccade	n/a	361.4	68.6	n/a	335.0	67.5	1.06	97.0
142.407	0.166	fixation	n/a	341.7	68.3	698.0	n/a	n/a	n/a	n/a
142.575	0.032	saccade	n/a	340.5	66.4	n/a	407.2	65.7	2.68	265.0
142.609	0.11	fixation	n/a	413.1	66.8	668.0	n/a	n/a	n/a	n/a
142.721	0.034	saccade	n/a	415.0	67.6	n/a	513.6	73.1	3.97	373.0
142.757	0.34	fixation	n/a	526.8	70.3	673.0	n/a	n/a	n/a	n/a
143.099	0.006	saccade	n/a	525.9	66.9	n/a	536.1	66.9	0.41	70.0
143.107	0.042	fixation	n/a	538.8	69.9	661.0	n/a	n/a	n/a	n/a
143.151	0.034	saccade	n/a	538.5	69.2	n/a	620.2	76.5	3.25	318.0
143.187	0.126	fixation	n/a	627.2	74.4	632.0	n/a	n/a	n/a	n/a
143.315	0.068	saccade	n/a	627.9	79.4	n/a	135.5	115.9	19.29	584.0
143.385	0.134	fixation	n/a	149.3	115.3	667.0	n/a	n/a	n/a	n/a
143.521	0.012	saccade	n/a	149.9	117.8	n/a	124.0	127.2	1.08	100.0
143.535	0.174	fixation	n/a	126.2	127.0	671.0	n/a	n/a	n/a	n/a
143.711	0.026	saccade	n/a	125.0	126.5	n/a	231.3	123.5	4.18	289.0
143.739	0.14	fixation	n/a	234.0	124.5	666.0	n/a	n/a	n/a	n/a
143.881	0.024	saccade	n/a	240.2	125.0	n/a	345.6	128.1	4.22	342.0
143.907	0.1	fixation	n/a	342.9	125.7	662.0	n/a	n/a	n/a	n/a
144.009	0.052	saccade	n/a	347.3	126.6	n/a	580.7	87.1	9.45	446.0
144.063	0.182	fixation	n/a	588.0	85.3	646.0	n/a	n/a	n/a	n/a
144.247	0.02	saccade	n/a	589.2	88.3	n/a	541.6	74.5	1.97	152.0
144.269	0.112	fixation	n/a	551.6	77.2	638.0	n/a	n/a	n/a	n/a
144.383	0.03	saccade	n/a	550.1	79.3	n/a	503.6	70.2	1.89	282.0
144.415	0.288	fixation	n/a	496.6	71.8	624.0	n/a	n/a	n/a	n/a
144.705	0.032	saccade	n/a	498.9	75.0	n/a	568.2	76.7	2.77	303.0
144.739	0.122	fixation	n/a	577.2	77.1	637.0	n/a	n/a	n/a	n/a
144.863	0.086	saccade	n/a	576.1	79.5	n/a	386.1	54.5	7.67	352.0
144.951	0.186	fixation	n/a	386.0	59.4	625.0	n/a	n/a	n/a	n/a
145.139	0.022	saccade	n/a	388.8	62.7	n/a	435.9	63.6	1.9	206.0
145.163	0.242	fixation	n/a	431.9	64.2	644.0	n/a	n/a	n/a	n/a
145.407	0.03	saccade	n/a	437.7	69.0	n/a	491.4	75.7	2.18	268.0
145.439	0.224	fixation	n/a	498.7	76.6	672.0	n/a	n/a	n/a	n/a
145.665	0.024	saccade	n/a	499.3	76.4	n/a	559.5	81.8	2.42	177.0
145.691	0.126	fixation	n/a	548.4	80.5	688.0	n/a	n/a	n/a	n/a
145.819	0.032	saccade	n/a	549.6	79.3	n/a	628.5	75.0	3.12	312.0
145.853	0.338	fixation	n/a	636.7	78.0	693.0	n/a	n/a	n/a	n/a
146.193	0.016	saccade	n/a	634.5	81.4	n/a	600.5	81.5	1.34	112.0
146.211	0.198	fixation	n/a	608.0	80.9	724.0	n/a	n/a	n/a	n/a
146.411	0.03	saccade	n/a	609.0	83.5	n/a	641.4	84.1	1.27	213.0
146.443	0.176	fixation	n/a	649.0	84.0	722.0	n/a	n/a	n/a	n/a
146.621	0.09	saccade	n/a	650.0	86.3	n/a	90.2	134.6	21.78	466.0
146.713	0.188	fixation	n/a	109.6	133.5	770.0	n/a	n/a	n/a	n/a
146.903	0.036	saccade	n/a	110.6	134.7	n/a	210.9	135.8	3.93	363.0
146.941	0.226	fixation	n/a	227.9	137.9	767.0	n/a	n/a	n/a	n/a
147.169	0.034	saccade	n/a	228.7	138.7	n/a	296.5	140.3	2.7	297.0
147.205	0.204	fixation	n/a	311.4	139.5	743.0	n/a	n/a	n/a	n/a
147.411	0.028	saccade	n/a	312.5	140.0	n/a	419.0	137.2	4.29	299.0
147.441	0.132	fixation	n/a	418.8	138.9	696.0	n/a	n/a	n/a	n/a
147.575	0.024	saccade	n/a	419.3	137.5	n/a	509.2	144.8	3.62	288.0
147.601	0.158	fixation	n/a	499.7	147.2	710.0	n/a	n/a	n/a	n/a
147.761	0.028	saccade	n/a	502.6	149.0	n/a	541.8	145.7	1.57	174.0
147.791	0.05	fixation	n/a	546.8	145.1	702.0	n/a	n/a	n/a	n/a
147.843	0.074	saccade	n/a	547.0	146.5	n/a	165.6	205.8	15.26	573.0
147.919	0.138	fixation	n/a	172.8	208.6	721.0	n/a	n/a	n/a	n/a
148.059	0.026	saccade	n/a	174.4	211.4	n/a	300.1	199.0	5.0	378.0
148.087	0.214	fixation	n/a	309.6	204.0	712.0	n/a	n/a	n/a	n/a
148.142	0.0	trigger_11	11	n/a	n/a	n/a	n/a	n/a	n/a	n/a
148.144	0.0	trigger_10	10	n/a	n/a	n/a	n/a	n/a	n/a	n/a
148.303	0.03	saccade	n/a	313.9	203.7	n/a	242.0	60.6	6.49	424.0
148.335	0.138	fixation	n/a	234.1	57.5	700.0	n/a	n/a	n/a	n/a
148.475	0.022	saccade	n/a	230.7	58.8	n/a	140.6	75.0	3.61	342.0
148.499	0.316	fixation	n/a	150.9	70.1	768.0	n/a	n/a	n/a	n/a
148.817	0.038	saccade	n/a	155.0	70.0	n/a	251.9	72.2	3.82	473.0
148.857	0.172	fixation	n/a	269.3	76.5	823.0	n/a	n/a	n/a	n/a
149.031	0.03	saccade	n/a	269.4	77.5	n/a	239.4	79.2	1.2	191.0
149.063	0.33	fixation	n/a	233.7	86.8	861.0	n/a	n/a	n/a	n/a
149.395	0.036	saccade	n/a	236.7	91.3	n/a	302.1	83.7	2.63	339.0
149.433	0.3	fixation	n/a	314.0	85.3	860.0	n/a	n/a	n/a	n/a
149.735	0.026	saccade	n/a	318.1	85.3	n/a	228.5	87.4	3.58	294.0
149.763	0.276	fixation	n/a	236.5	85.0	842.0	n/a	n/a	n/a	n/a
150.041	0.022	saccade	n/a	233.6	85.7	n/a	172.6	86.8	2.41	234.0
150.065	0.182	fixation	n/a	178.8	85.8	853.0	n/a	n/a	n/a	n/a
150.249	0.042	saccade	n/a	177.7	89.7	n/a	299.1	86.5	4.83	384.0
150.293	0.224	fixation	n/a	319.4	87.3	864.0	n/a	n/a	n/a	n/a
150.519	0.032	saccade	n/a	322.1	88.7	n/a	365.0	88.2	1.73	246.0
150.553	0.148	fixation	n/a	373.8	87.9	837.0	n/a	n/a	n/a	n/a
150.703	0.028	saccade	n/a	373.7	87.6	n/a	438.4	99.5	2.65	306.0
150.733	0.256	fixation	n/a	441.1	96.2	824.0	n/a	n/a	n/a	n/a
150.991	0.022	saccade	n/a	441.3	98.1	n/a	511.7	98.4	2.83	222.0
151.015	0.416	fixation	n/a	504.2	98.6	810.0	n/a	n/a	n/a	n/a
151.433	0.036	saccade	n/a	509.8	95.4	n/a	569.2	91.7	2.37	301.0
151.471	0.15	fixation	n/a	581.2	91.6	800.0	n/a	n/a	n/a	n/a
151.623	0.068	saccade	n/a	582.8	92.7	n/a	160.9	132.2	16.72	508.0
151.693	0.222	fixation	n/a	162.3	132.4	845.0	n/a	n/a	n/a	n/a
151.917	0.02	saccade	n/a	162.1	133.2	n/a	125.3	143.3	1.49	146.0
151.939	0.138	fixation	n/a	134.3	139.5	856.0	n/a	n/a	n/a	n/a
152.079	0.022	saccade	n/a	135.7	139.1	n/a	138.3	79.1	2.41	176.0
152.103	0.306	fixation	n/a	142.6	83.4	871.0	n/a	n/a	n/a	n/a
152.411	0.022	saccade	n/a	146.7	86.2	n/a	207.9	82.6	2.41	217.0
152.435	0.494	fixation	n/a	207.2	92.2	959.0	n/a	n/a	n/a	n/a
152.718	0.0	trigger_11	11	n/a	n/a	n/a	n/a	n/a	n/a	n/a
152.722	0.0	trigger_10	10	n/a	n/a	n/a	n/a	n/a	n/a	n/a
152.931	0.024	saccade	n/a	208.6	102.0	n/a	134.8	96.1	2.9	220.0
152.957	0.376	fixation	n/a	148.6	93.9	1026.0	n/a	n/a	n/a	n/a
153.335	0.036	saccade	n/a	150.5	93.4	n/a	224.5	97.5	2.92	387.0
153.373	0.156	fixation	n/a	239.7	99.7	1010.0	n/a	n/a	n/a	n/a
153.531	0.032	saccade	n/a	239.4	100.0	n/a	285.5	100.3	1.84	237.0
153.565	0.208	fixation	n/a	291.1	97.2	963.0	n/a	n/a	n/a	n/a
153.775	0.034	saccade	n/a	292.1	101.0	n/a	347.8	95.3	2.25	249.0
153.811	0.224	fixation	n/a	360.6	97.0	915.0	n/a	n/a	n/a	n/a
154.037	0.028	saccade	n/a	363.0	95.7	n/a	212.5	104.5	6.03	377.0
154.067	0.306	fixation	n/a	209.8	98.0	922.0	n/a	n/a	n/a	n/a
154.375	0.018	saccade	n/a	205.6	94.4	n/a	159.0	97.3	1.84	147.0
154.395	0.134	fixation	n/a	164.6	92.6	909.0	n/a	n/a	n/a	n/a
154.531	0.026	saccade	n/a	164.7	93.4	n/a	311.5	89.9	5.83	440.0
154.559	0.186	fixation	n/a	317.4	87.9	876.0	n/a	n/a	n/a	n/a
154.747	0.032	saccade	n/a	320.1	85.7	n/a	379.2	90.4	2.39	273.0
154.781	0.156	fixation	n/a	386.0	90.7	837.0	n/a	n/a	n/a	n/a
154.939	0.03	saccade	n/a	389.3	92.7	n/a	448.1	95.1	2.37	305.0
154.971	0.144	fixation	n/a	452.2	93.4	821.0	n/a	n/a	n/a	n/a
155.117	0.032	saccade	n/a	452.8	92.1	n/a	528.1	93.4	3.02	316.0
155.151	0.146	fixation	n/a	534.6	94.5	815.0	n/a	n/a	n/a	n/a
155.299	0.068	saccade	n/a	536.3	94.1	n/a	123.6	131.9	16.35	544.0
155.369	0.242	fixation	n/a	134.3	131.7	824.0	n/a	n/a	n/a	n/a
155.613	0.034	saccade	n/a	134.7	130.7	n/a	205.4	140.8	2.8	306.0
155.649	0.234	fixation	n/a	220.3	141.0	832.0	n/a	n/a	n/a	n/a
155.885	0.03	saccade	n/a	222.3	146.6	n/a	332.2	162.5	4.43	299.0
155.917	0.294	fixation	n/a	312.9	160.1	824.0	n/a	n/a	n/a	n/a
156.213	0.03	saccade	n/a	309.9	160.5	n/a	360.8	154.2	2.06	278.0
156.245	0.272	fixation	n/a	370.2	152.7	784.0	n/a	n/a	n/a	n/a
156.519	0.026	saccade	n/a	373.4	154.4	n/a	495.5	162.7	4.93	402.0
156.547	0.15	fixation	n/a	491.1	161.7	782.0	n/a	n/a	n/a	n/a
156.699	0.046	saccade	n/a	493.1	158.9	n/a	307.3	152.4	7.47	518.0
156.747	0.348	fixation	n/a	304.8	153.1	785.0	n/a	n/a	n/a	n/a
157.097	0.022	saccade	n/a	302.5	155.5	n/a	289.4	157.7	0.53	109.0
157.121	0.058	fixation	n/a	285.4	156.7	815.0	n/a	n/a	n/a	n/a
157.181	0.042	saccade	n/a	286.4	157.4	n/a	437.2	157.2	6.06	532.0
157.225	0.194	fixation	n/a	454.1	155.2	806.0	n/a	n/a	n/a	n/a
157.421	0.03	saccade	n/a	456.3	152.7	n/a	406.3	148.2	2.02	223.0
157.453	0.508	fixation	n/a	395.4	148.8	780.0	n/a	n/a	n/a	n/a
157.963	0.05	saccade	n/a	392.6	152.1	n/a	291.4	99.8	4.59	318.0
158.015	0.16	fixation	n/a	286.1	103.5	825.0	n/a	n/a	n/a	n/a
158.177	0.026	saccade	n/a	282.9	105.9	n/a	185.2	92.2	3.92	291.0
158.205	0.358	fixation	n/a	192.5	88.9	839.0	n/a	n/a	n/a	n/a
158.326	0.0	trigger_11	11	n/a	n/a	n/a	n/a	n/a	n/a	n/a
158.33	0.0	trigger_12	12	n/a	n/a	n/a	n/a	n/a	n/a	n/a
158.565	0.02	saccade	n/a	196.0	91.7	n/a	124.9	77.0	2.85	238.0
158.587	0.22	fixation	n/a	137.3	74.2	861.0	n/a	n/a	n/a	n/a
158.809	0.028	saccade	n/a	139.2	75.1	n/a	204.0	81.7	2.56	284.0
158.839	0.26	fixation	n/a	210.4	85.9	876.0	n/a	n/a	n/a	n/a
159.101	0.024	saccade	n/a	205.4	84.7	n/a	279.3	87.0	2.94	250.0
159.127	0.222	fixation	n/a	273.1	86.5	843.0	n/a	n/a	n/a	n/a
159.351	0.026	saccade	n/a	273.9	85.5	n/a	371.5	81.7	3.92	292.0
159.379	0.278	fixation	n/a	366.4	79.7	804.0	n/a	n/a	n/a	n/a
159.659	0.036	saccade	n/a	366.0	78.0	n/a	473.9	92.6	4.38	404.0
159.697	0.19	fixation	n/a	487.9	94.0	803.0	n/a	n/a	n/a	n/a
159.889	0.058	saccade	n/a	489.1	92.7	n/a	140.7	142.1	13.94	501.0
159.949	0.426	fixation	n/a	145.4	150.3	846.0	n/a	n/a	n/a	n/a
160.377	0.026	saccade	n/a	150.5	151.5	n/a	137.0	142.1	0.65	84.0
160.405	0.472	fixation	n/a	139.4	146.1	869.0	n/a	n/a	n/a	n/a
160.526	0.0	trigger_13	13	n/a	n/a	n/a	n/a	n/a	n/a	n/a
160.879	0.042	saccade	n/a	143.1	151.0	n/a	309.7	193.1	6.8	533.0
160.923	0.258	fixation	n/a	330.3	194.4	934.0	n/a	n/a	n/a	n/a
161.183	0.03	saccade	n/a	338.0	204.5	n/a	346.5	215.8	0.57	110.0
161.215	0.23	fixation	n/a	248.6	222.5	966.0	n/a	n/a	n/a	n/a
161.447	0.02	saccade	n/a	220.1	219.3	n/a	171.7	219.9	1.91	162.0
161.469	0.364	fixation	n/a	180.5	218.1	936.0	n/a	n/a	n/a	n/a
161.638	0.0	trigger_15	15	n/a	n/a	n/a	n/a	n/a	n/a	n/a
161.646	0.0	trigger_10	10	n/a	n/a	n/a	n/a	n/a	n/a	n/a
161.835	0.03	saccade	n/a	181.4	219.3	n/a	162.2	124.1	3.9	312.0
161.867	0.13	fixation	n/a	168.4	127.6	947.0	n/a	n/a	n/a	n/a
161.999	0.016	saccade	n/a	167.9	125.8	n/a	156.8	88.7	1.56	152.0
162.017	0.22	fixation	n/a	161.2	92.8	948.0	n/a	n/a	n/a	n/a
162.239	0.018	saccade	n/a	156.4	90.0	n/a	122.7	87.2	1.32	116.0
162.259	0.15	fixation	n/a	131.8	86.0	915.0	n/a	n/a	n/a	n/a
162.411	0.034	saccade	n/a	129.7	85.4	n/a	172.7	86.0	1.68	241.0
162.447	0.3	fixation	n/a	187.3	87.5	888.0	n/a	n/a	n/a	n/a
162.749	0.026	saccade	n/a	187.4	90.8	n/a	127.5	80.8	2.38	255.0
162.777	0.242	fixation	n/a	139.0	83.8	890.0	n/a	n/a	n/a	n/a
163.021	0.022	saccade	n/a	141.1	86.5	n/a	197.0	84.9	2.2	160.0
163.045	0.24	fixation	n/a	185.1	85.8	904.0	n/a	n/a	n/a	n/a
163.287	0.022	saccade	n/a	184.8	88.4	n/a	221.2	92.1	1.45	161.0
163.311	0.22	fixation	n/a	213.7	88.0	884.0	n/a	n/a	n/a	n/a
163.533	0.032	saccade	n/a	214.4	87.1	n/a	262.9	86.0	1.93	227.0
163.567	0.176	fixation	n/a	275.0	88.0	860.0	n/a	n/a	n/a	n/a
163.745	0.162	saccade	n/a	286.6	106.7	n/a	332.3	118.9	1.9	564.0
163.811	0.034	blink	n/a	n/a	n/a	n/a	n/a	n/a	n/a	n/a
163.909	0.234	fixation	n/a	331.9	93.4	837.0	n/a	n/a	n/a	n/a
164.145	0.02	saccade	n/a	334.2	94.8	n/a	385.3	92.8	2.06	180.0
164.167	0.02	fixation	n/a	378.2	102.7	803.0	n/a	n/a	n/a	n/a
164.189	0.22	saccade	n/a	385.3	112.6	n/a	374.1	213.7	4.14	833.0
164.219	0.182	blink	n/a	n/a	n/a	n/a	n/a	n/a	n/a	n/a
164.411	0.024	fixation	n/a	395.8	174.3	752.0	n/a	n/a	n/a	n/a
164.437	0.014	saccade	n/a	394.2	152.5	n/a	388.3	114.4	1.57	122.0
164.453	0.066	fixation	n/a	378.1	76.1	754.0	n/a	n/a	n/a	n/a
164.521	0.006	saccade	n/a	377.4	75.9	n/a	378.8	86.6	0.44	64.0
164.529	0.062	fixation	n/a	374.0	93.2	743.0	n/a	n/a	n/a	n/a
164.593	0.03	saccade	n/a	374.6	92.5	n/a	414.1	87.6	1.61	194.0
164.625	0.214	fixation	n/a	416.8	79.7	737.0	n/a	n/a	n/a	n/a
164.841	0.024	saccade	n/a	414.1	72.0	n/a	499.2	82.5	3.45	311.0
164.867	0.168	fixation	n/a	488.1	79.7	710.0	n/a	n/a	n/a	n/a
165.037	0.036	saccade	n/a	486.7	81.2	n/a	552.7	83.2	2.64	283.0
165.075	0.71	fixation	n/a	563.0	84.0	705.0	n/a	n/a	n/a	n/a
165.787	0.032	saccade	n/a	564.3	89.3	n/a	620.8	82.4	2.25	283.0
165.821	0.092	fixation	n/a	630.3	82.2	731.0	n/a	n/a	n/a	n/a
165.915	0.054	saccade	n/a	632.8	83.3	n/a	164.5	120.8	18.43	634.0
165.971	0.262	fixation	n/a	158.8	128.1	823.0	n/a	n/a	n/a	n/a
166.235	0.046	saccade	n/a	159.1	132.9	n/a	283.8	157.2	5.04	450.0
166.283	0.31	fixation	n/a	285.0	157.2	862.0	n/a	n/a	n/a	n/a
166.595	0.034	saccade	n/a	284.8	160.5	n/a	353.9	155.2	2.78	310.0
166.631	0.266	fixation	n/a	364.8	155.0	824.0	n/a	n/a	n/a	n/a
166.899	0.034	saccade	n/a	361.1	153.0	n/a	441.4	157.9	3.24	375.0
166.935	0.246	fixation	n/a	451.7	158.3	801.0	n/a	n/a	n/a	n/a
167.183	0.036	saccade	n/a	450.5	159.5	n/a	532.6	151.9	3.31	305.0
167.221	0.322	fixation	n/a	540.1	152.9	772.0	n/a	n/a	n/a	n/a
167.545	0.056	saccade	n/a	540.3	151.6	n/a	161.2	213.4	15.16	536.0
167.603	0.28	fixation	n/a	164.7	210.1	795.0	n/a	n/a	n/a	n/a
167.885	0.022	saccade	n/a	166.8	213.4	n/a	220.4	206.5	2.13	246.0
167.909	0.246	fixation	n/a	220.7	207.9	787.0	n/a	n/a	n/a	n/a
168.157	0.034	saccade	n/a	221.7	203.5	n/a	304.9	215.9	3.35	377.0
168.193	0.226	fixation	n/a	321.6	218.5	771.0	n/a	n/a	n/a	n/a
168.421	0.036	saccade	n/a	323.7	217.6	n/a	400.2	215.3	3.07	353.0
168.459	0.188	fixation	n/a	413.6	216.7	720.0	n/a	n/a	n/a	n/a
168.649	0.034	saccade	n/a	416.3	217.6	n/a	499.7	218.4	3.34	292.0
168.685	0.112	fixation	n/a	508.8	217.6	730.0	n/a	n/a	n/a	n/a
168.799	0.034	saccade	n/a	510.3	218.4	n/a	576.9	210.6	2.67	307.0
168.835	0.144	fixation	n/a	588.5	211.3	714.0	n/a	n/a	n/a	n/a
168.981	0.066	saccade	n/a	588.2	211.8	n/a	159.9	284.4	17.05	554.0
169.049	0.282	fixation	n/a	164.3	291.2	779.0	n/a	n/a	n/a	n/a
169.333	0.03	saccade	n/a	170.8	292.1	n/a	202.3	272.4	1.46	198.0
169.365	0.21	fixation	n/a	213.9	274.0	776.0	n/a	n/a	n/a	n/a
169.577	0.034	saccade	n/a	213.4	272.9	n/a	288.1	272.0	2.96	368.0
169.613	0.3	fixation	n/a	308.7	275.6	768.0	n/a	n/a	n/a	n/a
169.915	0.032	saccade	n/a	310.6	277.8	n/a	361.4	277.8	2.03	290.0
169.949	0.146	fixation	n/a	372.7	279.2	764.0	n/a	n/a	n/a	n/a
170.097	0.028	saccade	n/a	373.8	278.7	n/a	450.8	280.1	3.08	378.0
170.127	0.348	fixation	n/a	457.2	280.6	766.0	n/a	n/a	n/a	n/a
170.302	0.0	trigger_11	11	n/a	n/a	n/a	n/a	n/a	n/a	n/a
170.31	0.0	trigger_10	10	n/a	n/a	n/a	n/a	n/a	n/a	n/a
170.477	0.058	saccade	n/a	457.5	276.0	n/a	222.5	97.1	11.84	540.0
170.537	0.12	fixation	n/a	220.6	98.7	777.0	n/a	n/a	n/a	n/a
170.659	0.032	saccade	n/a	224.4	96.9	n/a	158.0	83.5	2.67	317.0
170.693	0.266	fixation	n/a	155.4	76.0	785.0	n/a	n/a	n/a	n/a
170.961	0.036	saccade	n/a	157.0	72.7	n/a	246.2	75.9	3.53	369.0
170.999	0.188	fixation	n/a	261.4	80.5	818.0	n/a	n/a	n/a	n/a
171.189	0.038	saccade	n/a	263.7	85.1	n/a	341.7	79.8	3.13	333.0
171.229	0.142	fixation	n/a	355.9	81.6	804.0	n/a	n/a	n/a	n/a
171.373	0.034	saccade	n/a	358.3	81.5	n/a	276.3	81.7	3.29	351.0
171.409	0.258	fixation	n/a	268.7	82.0	832.0	n/a	n/a	n/a	n/a
171.669	0.028	saccade	n/a	270.9	83.3	n/a	235.9	78.7	1.41	182.0
171.699	0.126	fixation	n/a	232.3	80.6	836.0	n/a	n/a	n/a	n/a
171.827	0.036	saccade	n/a	231.0	80.8	n/a	366.8	78.5	5.43	470.0
171.865	0.15	fixation	n/a	388.4	79.1	808.0	n/a	n/a	n/a	n/a
172.017	0.036	saccade	n/a	391.1	78.1	n/a	492.6	91.2	4.12	464.0
172.055	0.188	fixation	n/a	507.8	91.1	843.0	n/a	n/a	n/a	n/a
172.245	0.018	saccade	n/a	509.9	91.7	n/a	474.0	92.5	1.44	141.0
172.265	0.14	fixation	n/a	482.0	94.6	864.0	n/a	n/a	n/a	n/a
172.407	0.03	saccade	n/a	483.9	97.8	n/a	531.6	97.3	1.91	258.0
172.439	0.092	fixation	n/a	536.5	98.3	864.0	n/a	n/a	n/a	n/a
172.533	0.034	saccade	n/a	536.4	96.4	n/a	429.3	88.1	4.31	445.0
172.569	0.216	fixation	n/a	426.1	92.0	854.0	n/a	n/a	n/a	n/a
172.787	0.056	saccade	n/a	424.4	92.1	n/a	162.9	149.7	10.66	465.0
172.845	0.182	fixation	n/a	156.0	154.8	907.0	n/a	n/a	n/a	n/a
173.029	0.034	saccade	n/a	157.0	158.9	n/a	217.2	154.9	2.38	272.0
173.065	0.118	fixation	n/a	233.0	157.3	907.0	n/a	n/a	n/a	n/a
173.185	0.042	saccade	n/a	234.3	155.0	n/a	429.6	90.5	8.24	380.0
173.229	0.38	fixation	n/a	427.6	89.2	847.0	n/a	n/a	n/a	n/a
173.611	0.02	saccade	n/a	429.9	94.3	n/a	471.2	100.1	1.68	164.0
173.633	0.184	fixation	n/a	463.7	98.7	856.0	n/a	n/a	n/a	n/a
173.819	0.082	saccade	n/a	463.9	100.9	n/a	294.2	127.8	6.89	297.0
173.903	0.076	fixation	n/a	273.9	109.8	827.0	n/a	n/a	n/a	n/a
173.981	0.01	saccade	n/a	254.2	99.6	n/a	235.9	101.4	0.73	79.0
173.993	0.262	fixation	n/a	228.8	91.7	853.0	n/a	n/a	n/a	n/a
174.257	0.028	saccade	n/a	224.6	92.7	n/a	267.6	98.8	1.73	228.0
174.287	0.148	fixation	n/a	272.6	93.5	839.0	n/a	n/a	n/a	n/a
174.437	0.034	saccade	n/a	273.9	93.4	n/a	334.0	93.8	2.41	289.0
174.473	0.13	fixation	n/a	342.8	95.6	815.0	n/a	n/a	n/a	n/a
174.605	0.034	saccade	n/a	341.9	94.4	n/a	413.4	85.0	2.9	335.0
174.641	0.208	fixation	n/a	422.7	87.9	790.0	n/a	n/a	n/a	n/a
174.851	0.022	saccade	n/a	418.2	87.5	n/a	473.9	92.3	2.25	160.0
174.875	0.138	fixation	n/a	467.0	91.2	786.0	n/a	n/a	n/a	n/a
175.015	0.034	saccade	n/a	466.4	90.0	n/a	537.6	90.5	2.85	268.0
175.051	0.27	fixation	n/a	544.9	92.4	767.0	n/a	n/a	n/a	n/a
175.323	0.056	saccade	n/a	547.0	96.1	n/a	156.9	130.1	15.48	542.0
175.381	0.316	fixation	n/a	164.3	135.9	793.0	n/a	n/a	n/a	n/a
175.699	0.004	saccade	n/a	159.6	142.1	n/a	154.0	140.6	0.23	57.0
175.705	0.378	fixation	n/a	154.8	142.6	817.0	n/a	n/a	n/a	n/a
175.912	0.0	trigger_11	11	n/a	n/a	n/a	n/a	n/a	n/a	n/a
175.916	0.0	trigger_10	10	n/a	n/a	n/a	n/a	n/a	n/a	n/a
176.085	0.026	saccade	n/a	160.3	143.8	n/a	140.8	75.2	2.86	256.0
176.113	0.16	fixation	n/a	146.1	79.9	816.0	n/a	n/a	n/a	n/a
176.275	0.034	saccade	n/a	149.7	80.0	n/a	193.5	76.8	1.73	204.0
176.311	0.254	fixation	n/a	199.5	79.5	836.0	n/a	n/a	n/a	n/a
176.567	0.032	saccade	n/a	196.0	80.9	n/a	245.6	80.4	1.97	243.0
176.601	0.148	fixation	n/a	253.4	79.7	809.0	n/a	n/a	n/a	n/a
176.751	0.022	saccade	n/a	255.5	78.2	n/a	313.0	78.1	2.3	179.0
176.775	0.244	fixation	n/a	303.3	79.9	804.0	n/a	n/a	n/a	n/a
177.021	0.028	saccade	n/a	302.9	79.6	n/a	257.3	74.9	1.83	220.0
177.051	0.392	fixation	n/a	256.4	79.0	827.0	n/a	n/a	n/a	n/a
177.445	0.03	saccade	n/a	258.8	85.8	n/a	207.4	78.0	2.06	230.0
177.477	0.17	fixation	n/a	204.3	78.5	841.0	n/a	n/a	n/a	n/a
177.649	0.026	saccade	n/a	202.9	78.2	n/a	180.0	68.8	0.98	164.0
177.677	0.068	fixation	n/a	178.5	71.4	835.0	n/a	n/a	n/a	n/a
177.747	0.044	saccade	n/a	178.7	72.7	n/a	330.6	77.4	6.04	508.0
177.793	0.612	fixation	n/a	342.2	82.2	847.0	n/a	n/a	n/a	n/a
178.407	0.032	saccade	n/a	336.3	86.2	n/a	381.4	92.7	1.83	235.0
178.441	0.46	fixation	n/a	389.2	88.5	801.0	n/a	n/a	n/a	n/a
178.903	0.022	saccade	n/a	388.6	85.5	n/a	458.6	90.9	2.83	224.0
178.927	0.226	fixation	n/a	451.8	89.1	788.0	n/a	n/a	n/a	n/a
179.155	0.034	saccade	n/a	453.4	87.4	n/a	540.5	95.8	3.5	306.0
179.191	0.136	fixation	n/a	547.8	96.7	790.0	n/a	n/a	n/a	n/a
179.329	0.05	saccade	n/a	546.8	95.4	n/a	171.9	147.7	14.97	595.0
179.381	0.278	fixation	n/a	181.2	145.1	841.0	n/a	n/a	n/a	n/a
179.661	0.034	saccade	n/a	184.7	148.2	n/a	242.0	148.2	2.27	264.0
179.697	0.426	fixation	n/a	253.2	153.8	861.0	n/a	n/a	n/a	n/a
179.928	0.0	trigger_11	11	n/a	n/a	n/a	n/a	n/a	n/a	n/a
179.936	0.0	trigger_10	10	n/a	n/a	n/a	n/a	n/a	n/a	n/a
180.125	0.038	saccade	n/a	255.6	157.3	n/a	158.6	65.7	5.33	300.0
180.165	0.314	fixation	n/a	169.4	69.2	854.0	n/a	n/a	n/a	n/a
180.481	0.032	saccade	n/a	173.7	70.8	n/a	229.9	84.8	2.29	316.0
180.515	0.262	fixation	n/a	242.2	86.3	872.0	n/a	n/a	n/a	n/a
180.779	0.034	saccade	n/a	241.9	89.0	n/a	303.3	87.5	2.46	272.0
180.815	0.198	fixation	n/a	313.7	89.6	839.0	n/a	n/a	n/a	n/a
181.015	0.022	saccade	n/a	315.0	88.6	n/a	379.1	84.2	2.59	206.0
181.039	0.13	fixation	n/a	378.9	82.5	796.0	n/a	n/a	n/a	n/a
181.171	0.032	saccade	n/a	377.9	81.7	n/a	455.0	89.9	3.12	318.0
181.205	0.24	fixation	n/a	459.4	88.8	787.0	n/a	n/a	n/a	n/a
181.447	0.03	saccade	n/a	462.3	85.7	n/a	512.7	89.7	2.03	232.0
181.479	0.174	fixation	n/a	518.2	87.8	781.0	n/a	n/a	n/a	n/a
181.655	0.038	saccade	n/a	519.5	88.7	n/a	385.9	76.5	5.39	302.0
181.695	0.3	fixation	n/a	395.0	71.8	744.0	n/a	n/a	n/a	n/a
181.997	0.03	saccade	n/a	394.3	72.9	n/a	347.7	73.2	1.88	205.0
182.029	0.234	fixation	n/a	344.0	76.3	760.0	n/a	n/a	n/a	n/a
182.265	0.018	saccade	n/a	343.3	75.6	n/a	296.3	79.7	1.89	171.0
182.285	0.282	fixation	n/a	304.4	80.7	793.0	n/a	n/a	n/a	n/a
182.569	0.02	saccade	n/a	302.4	83.9	n/a	280.9	85.2	0.86	110.0
182.591	0.154	fixation	n/a	284.8	84.7	808.0	n/a	n/a	n/a	n/a
182.747	0.022	saccade	n/a	284.5	87.2	n/a	213.4	76.0	2.87	239.0
182.771	0.162	fixation	n/a	226.6	78.0	806.0	n/a	n/a	n/a	n/a
182.935	0.022	saccade	n/a	227.7	80.5	n/a	149.4	78.2	3.08	257.0
182.959	0.148	fixation	n/a	164.5	81.9	835.0	n/a	n/a	n/a	n/a
183.109	0.034	saccade	n/a	170.0	86.7	n/a	131.5	138.6	2.57	296.0
183.145	0.12	fixation	n/a	129.0	144.4	889.0	n/a	n/a	n/a	n/a
183.267	0.034	saccade	n/a	127.7	147.0	n/a	201.8	143.0	2.91	337.0
183.303	0.182	fixation	n/a	216.5	144.5	888.0	n/a	n/a	n/a	n/a
183.487	0.036	saccade	n/a	220.5	145.6	n/a	323.2	151.1	4.11	332.0
183.525	0.172	fixation	n/a	338.2	151.9	841.0	n/a	n/a	n/a	n/a
183.699	0.03	saccade	n/a	341.1	150.6	n/a	395.0	154.6	2.18	272.0
183.731	0.134	fixation	n/a	403.9	154.0	791.0	n/a	n/a	n/a	n/a
183.867	0.036	saccade	n/a	404.9	153.1	n/a	503.5	151.9	3.96	373.0
183.905	0.14	fixation	n/a	515.5	153.5	778.0	n/a	n/a	n/a	n/a
184.047	0.02	saccade	n/a	513.8	151.4	n/a	591.0	153.0	3.07	239.0
184.069	0.216	fixation	n/a	610.1	152.2	734.0	n/a	n/a	n/a	n/a
184.287	0.052	saccade	n/a	607.8	153.5	n/a	178.2	202.3	16.99	488.0
184.341	0.304	fixation	n/a	178.1	204.4	745.0	n/a	n/a	n/a	n/a
184.647	0.036	saccade	n/a	175.0	200.1	n/a	441.2	216.1	10.58	585.0
184.685	0.298	fixation	n/a	449.9	220.0	704.0	n/a	n/a	n/a	n/a
184.985	0.036	saccade	n/a	457.3	227.4	n/a	559.2	220.2	4.08	423.0
185.023	0.192	fixation	n/a	576.6	220.1	696.0	n/a	n/a	n/a	n/a
185.217	0.066	saccade	n/a	578.8	219.9	n/a	88.5	274.9	19.17	585.0
185.285	0.184	fixation	n/a	102.0	275.3	740.0	n/a	n/a	n/a	n/a
185.471	0.05	saccade	n/a	108.0	268.4	n/a	111.2	97.9	6.78	213.0
185.523	0.346	fixation	n/a	140.4	91.0	738.0	n/a	n/a	n/a	n/a
185.64	0.0	trigger_11	11	n/a	n/a	n/a	n/a	n/a	n/a	n/a
185.648	0.0	trigger_10	10	n/a	n/a	n/a	n/a	n/a	n/a	n/a
185.871	0.012	saccade	n/a	152.7	93.1	n/a	170.1	74.0	1.03	93.0
185.885	0.154	fixation	n/a	171.4	74.7	768.0	n/a	n/a	n/a	n/a
186.041	0.036	saccade	n/a	172.9	76.4	n/a	232.8	76.1	2.37	302.0
186.079	0.282	fixation	n/a	248.0	76.9	769.0	n/a	n/a	n/a	n/a
186.363	0.02	saccade	n/a	251.3	75.9	n/a	180.7	73.5	2.8	228.0
186.385	0.152	fixation	n/a	186.9	66.7	776.0	n/a	n/a	n/a	n/a
186.539	0.02	saccade	n/a	185.1	63.8	n/a	133.0	74.0	2.08	160.0
186.561	0.106	fixation	n/a	143.9	70.7	794.0	n/a	n/a	n/a	n/a
186.669	0.032	saccade	n/a	145.6	70.6	n/a	343.4	67.6	7.83	470.0
186.703	0.228	fixation	n/a	352.7	68.5	780.0	n/a	n/a	n/a	n/a
186.933	0.032	saccade	n/a	355.9	68.3	n/a	406.1	75.1	2.04	217.0
186.967	0.16	fixation	n/a	413.1	75.6	780.0	n/a	n/a	n/a	n/a
187.129	0.022	saccade	n/a	415.2	78.2	n/a	511.0	89.0	3.87	294.0
187.153	0.216	fixation	n/a	520.8	84.3	777.0	n/a	n/a	n/a	n/a
187.371	0.036	saccade	n/a	518.4	84.4	n/a	348.2	77.7	6.83	357.0
187.409	0.178	fixation	n/a	364.9	72.6	764.0	n/a	n/a	n/a	n/a
187.589	0.038	saccade	n/a	364.2	75.2	n/a	230.4	72.8	5.35	255.0
187.629	0.222	fixation	n/a	242.3	69.0	768.0	n/a	n/a	n/a	n/a
187.853	0.312	saccade	n/a	251.3	79.8	n/a	146.1	170.5	5.54	745.0
187.917	0.212	blink	n/a	n/a	n/a	n/a	n/a	n/a	n/a	n/a
188.167	0.122	fixation	n/a	152.0	137.3	825.0	n/a	n/a	n/a	n/a
188.291	0.244	saccade	n/a	157.8	133.4	n/a	242.1	162.8	3.54	821.0
188.329	0.172	blink	n/a	n/a	n/a	n/a	n/a	n/a	n/a	n/a
188.537	0.236	fixation	n/a	230.7	143.3	770.0	n/a	n/a	n/a	n/a
188.775	0.032	saccade	n/a	232.4	145.7	n/a	414.1	147.0	7.27	394.0
188.809	0.216	fixation	n/a	421.2	147.6	733.0	n/a	n/a	n/a	n/a
189.027	0.036	saccade	n/a	422.3	148.2	n/a	509.8	153.5	3.52	361.0
189.065	0.158	fixation	n/a	526.1	155.7	750.0	n/a	n/a	n/a	n/a
189.225	0.028	saccade	n/a	529.0	157.8	n/a	569.8	156.9	1.63	233.0
189.255	0.196	fixation	n/a	576.4	152.2	747.0	n/a	n/a	n/a	n/a
189.453	0.028	saccade	n/a	579.3	154.2	n/a	602.5	153.0	0.92	167.0
189.483	0.166	fixation	n/a	607.3	150.7	737.0	n/a	n/a	n/a	n/a
189.651	0.056	saccade	n/a	607.5	153.6	n/a	146.4	207.0	18.17	676.0
189.709	0.226	fixation	n/a	155.9	211.8	828.0	n/a	n/a	n/a	n/a
189.937	0.036	saccade	n/a	159.8	215.1	n/a	233.7	207.8	2.92	343.0
189.975	0.166	fixation	n/a	252.0	212.9	862.0	n/a	n/a	n/a	n/a
190.143	0.028	saccade	n/a	257.6	215.3	n/a	295.7	273.2	2.78	236.0
190.173	0.128	fixation	n/a	302.4	268.5	868.0	n/a	n/a	n/a	n/a
190.303	0.032	saccade	n/a	302.1	268.2	n/a	354.6	272.2	2.1	243.0
190.337	0.192	fixation	n/a	364.4	273.9	842.0	n/a	n/a	n/a	n/a
190.531	0.028	saccade	n/a	364.3	274.0	n/a	428.5	270.8	2.57	302.0
190.561	0.068	fixation	n/a	430.0	272.9	835.0	n/a	n/a	n/a	n/a
190.631	0.054	saccade	n/a	429.5	271.0	n/a	205.9	278.6	8.86	529.0
190.687	0.252	fixation	n/a	196.6	280.2	871.0	n/a	n/a	n/a	n/a
190.941	0.032	saccade	n/a	195.5	279.5	n/a	112.5	274.4	3.23	330.0
190.975	0.084	fixation	n/a	113.8	274.9	881.0	n/a	n/a	n/a	n/a
191.061	0.07	saccade	n/a	116.5	277.8	n/a	572.7	207.9	18.04	628.0
191.133	0.152	fixation	n/a	574.4	208.8	827.0	n/a	n/a	n/a	n/a
191.287	0.03	saccade	n/a	574.4	208.0	n/a	611.6	212.4	1.48	205.0
191.319	0.202	fixation	n/a	621.0	209.1	796.0	n/a	n/a	n/a	n/a
191.352	0.0	trigger_11	11	n/a	n/a	n/a	n/a	n/a	n/a	n/a
191.36	0.0	trigger_10	10	n/a	n/a	n/a	n/a	n/a	n/a	n/a
191.523	0.06	saccade	n/a	622.7	213.4	n/a	265.9	99.9	14.86	547.0
191.585	0.042	fixation	n/a	257.5	98.3	829.0	n/a	n/a	n/a	n/a
191.629	0.03	saccade	n/a	260.3	100.4	n/a	152.0	46.9	4.79	360.0
191.661	0.56	fixation	n/a	169.7	68.0	893.0	n/a	n/a	n/a	n/a
192.223	0.032	saccade	n/a	168.0	84.2	n/a	221.1	96.7	2.15	323.0
192.257	0.108	fixation	n/a	233.3	96.0	937.0	n/a	n/a	n/a	n/a
192.367	0.044	saccade	n/a	236.0	97.4	n/a	313.6	97.6	3.1	338.0
192.413	0.268	fixation	n/a	314.0	95.4	904.0	n/a	n/a	n/a	n/a
192.683	0.036	saccade	n/a	317.3	96.2	n/a	400.7	94.9	3.36	316.0
192.721	0.784	fixation	n/a	405.4	90.2	812.0	n/a	n/a	n/a	n/a
193.507	0.04	saccade	n/a	406.5	93.3	n/a	526.6	97.1	4.83	490.0
193.549	0.162	fixation	n/a	540.1	96.2	796.0	n/a	n/a	n/a	n/a
193.713	0.056	saccade	n/a	542.3	95.9	n/a	146.8	144.9	15.73	641.0
193.771	0.576	fixation	n/a	152.1	150.1	848.0	n/a	n/a	n/a	n/a
194.349	0.04	saccade	n/a	149.2	153.3	n/a	234.0	154.3	3.34	322.0
194.391	0.286	fixation	n/a	253.9	157.6	850.0	n/a	n/a	n/a	n/a
194.679	0.022	saccade	n/a	256.4	161.2	n/a	300.9	162.2	1.78	179.0
194.703	0.164	fixation	n/a	300.4	162.4	832.0	n/a	n/a	n/a	n/a
194.869	0.034	saccade	n/a	302.9	165.1	n/a	358.5	154.4	2.27	311.0
194.905	0.278	fixation	n/a	375.5	155.9	789.0	n/a	n/a	n/a	n/a
195.185	0.06	saccade	n/a	375.5	154.8	n/a	213.0	148.9	6.49	230.0
195.247	0.214	fixation	n/a	220.6	147.6	805.0	n/a	n/a	n/a	n/a
195.463	0.012	saccade	n/a	217.2	150.0	n/a	197.1	146.7	0.81	75.0
195.477	0.102	fixation	n/a	196.8	143.3	805.0	n/a	n/a	n/a	n/a
195.581	0.034	saccade	n/a	197.2	142.0	n/a	376.0	147.3	7.14	448.0
195.617	0.314	fixation	n/a	385.4	151.6	807.0	n/a	n/a	n/a	n/a
195.933	0.034	saccade	n/a	388.7	154.5	n/a	472.4	158.0	3.37	437.0
195.969	0.18	fixation	n/a	474.9	156.4	807.0	n/a	n/a	n/a	n/a
196.151	0.038	saccade	n/a	471.4	151.8	n/a	578.3	151.0	4.27	424.0
196.191	0.172	fixation	n/a	593.2	151.2	795.0	n/a	n/a	n/a	n/a
196.365	0.058	saccade	n/a	592.7	150.3	n/a	176.4	206.6	16.55	698.0
196.425	0.152	fixation	n/a	168.5	208.8	878.0	n/a	n/a	n/a	n/a
196.579	0.018	saccade	n/a	163.1	211.3	n/a	123.8	217.7	1.55	130.0
196.599	0.092	fixation	n/a	134.4	215.1	887.0	n/a	n/a	n/a	n/a
196.693	0.046	saccade	n/a	134.0	215.9	n/a	264.3	208.9	5.14	494.0
196.741	0.166	fixation	n/a	273.4	207.9	920.0	n/a	n/a	n/a	n/a
196.909	0.034	saccade	n/a	279.0	208.3	n/a	340.1	205.9	2.45	334.0
196.945	0.15	fixation	n/a	358.3	211.2	941.0	n/a	n/a	n/a	n/a
197.097	0.054	saccade	n/a	362.0	217.4	n/a	480.3	242.7	4.85	520.0
197.153	0.072	fixation	n/a	476.7	258.6	978.0	n/a	n/a	n/a	n/a
197.227	0.306	saccade	n/a	551.0	244.9	n/a	589.9	210.9	2.06	161.0
197.237	0.236	blink	n/a	n/a	n/a	n/a	n/a	n/a	n/a	n/a
197.535	0.08	fixation	n/a	587.2	208.9	890.0	n/a	n/a	n/a	n/a
197.617	0.052	saccade	n/a	586.5	205.9	n/a	248.5	280.0	13.69	678.0
197.671	0.168	fixation	n/a	239.3	276.4	938.0	n/a	n/a	n/a	n/a
197.841	0.026	saccade	n/a	240.2	272.5	n/a	141.0	275.3	3.88	355.0
197.869	0.27	fixation	n/a	157.5	275.0	990.0	n/a	n/a	n/a	n/a
197.996	0.0	trigger_11	11	n/a	n/a	n/a	n/a	n/a	n/a	n/a
197.998	0.0	trigger_10	10	n/a	n/a	n/a	n/a	n/a	n/a	n/a
198.141	0.05	saccade	n/a	166.7	274.3	n/a	196.6	86.0	7.65	470.0
198.193	0.188	fixation	n/a	199.9	77.4	1015.0	n/a	n/a	n/a	n/a
198.383	0.028	saccade	n/a	203.4	79.7	n/a	157.8	81.9	1.8	224.0
198.413	0.14	fixation	n/a	157.4	85.9	1037.0	n/a	n/a	n/a	n/a
198.555	0.034	saccade	n/a	155.3	86.2	n/a	243.2	92.4	3.48	459.0
198.591	0.206	fixation	n/a	261.9	94.0	1080.0	n/a	n/a	n/a	n/a
198.799	0.04	saccade	n/a	262.5	95.6	n/a	343.0	105.6	3.25	376.0
198.841	0.206	fixation	n/a	358.4	101.8	1064.0	n/a	n/a	n/a	n/a
199.049	0.022	saccade	n/a	357.2	101.0	n/a	299.6	106.2	2.33	205.0
199.073	0.226	fixation	n/a	307.8	104.6	1077.0	n/a	n/a	n/a	n/a
199.301	0.026	saccade	n/a	305.6	104.6	n/a	273.2	100.1	1.31	206.0
199.329	0.234	fixation	n/a	270.4	102.7	1079.0	n/a	n/a	n/a	n/a
199.565	0.026	saccade	n/a	271.7	103.5	n/a	145.5	93.7	5.0	430.0
199.593	0.094	fixation	n/a	165.1	92.5	1079.0	n/a	n/a	n/a	n/a
199.689	0.046	saccade	n/a	165.7	95.4	n/a	297.6	106.8	5.25	514.0
199.737	0.444	fixation	n/a	303.7	105.0	1118.0	n/a	n/a	n/a	n/a
199.962	0.0	trigger_11	11	n/a	n/a	n/a	n/a	n/a	n/a	n/a
199.97	0.0	trigger_10	10	n/a	n/a	n/a	n/a	n/a	n/a	n/a
200.183	0.038	saccade	n/a	307.4	102.9	n/a	174.3	84.4	5.35	426.0
200.223	0.286	fixation	n/a	167.0	86.1	1163.0	n/a	n/a	n/a	n/a
200.511	0.03	saccade	n/a	158.2	86.7	n/a	223.3	92.0	2.58	326.0
200.543	0.216	fixation	n/a	227.4	93.9	1098.0	n/a	n/a	n/a	n/a
200.761	0.034	saccade	n/a	221.6	94.6	n/a	266.9	99.6	1.82	262.0
200.797	0.236	fixation	n/a	278.5	102.0	1042.0	n/a	n/a	n/a	n/a
201.035	0.034	saccade	n/a	280.6	104.3	n/a	364.0	88.2	3.41	359.0
201.071	0.336	fixation	n/a	375.8	89.2	1020.0	n/a	n/a	n/a	n/a
201.409	0.028	saccade	n/a	375.6	90.5	n/a	428.3	93.9	2.13	264.0
201.439	0.138	fixation	n/a	431.9	93.4	1032.0	n/a	n/a	n/a	n/a
201.579	0.034	saccade	n/a	431.7	94.8	n/a	502.0	90.3	2.83	326.0
201.615	0.164	fixation	n/a	508.1	87.6	1025.0	n/a	n/a	n/a	n/a
201.781	0.028	saccade	n/a	509.2	89.4	n/a	540.8	92.0	1.27	209.0
201.811	0.152	fixation	n/a	547.2	91.7	1018.0	n/a	n/a	n/a	n/a
201.965	0.046	saccade	n/a	548.5	94.6	n/a	155.0	151.5	15.69	711.0
202.013	0.158	fixation	n/a	164.8	151.1	1107.0	n/a	n/a	n/a	n/a
202.173	0.008	saccade	n/a	161.6	156.4	n/a	148.5	156.1	0.51	58.0
202.183	0.17	fixation	n/a	149.9	158.9	1137.0	n/a	n/a	n/a	n/a
202.355	0.034	saccade	n/a	149.2	156.9	n/a	207.6	164.9	2.32	310.0
202.391	0.132	fixation	n/a	221.2	167.7	1122.0	n/a	n/a	n/a	n/a
202.525	0.096	saccade	n/a	237.8	172.1	n/a	320.7	182.9	3.34	203.0
202.623	0.316	fixation	n/a	331.7	169.2	1023.0	n/a	n/a	n/a	n/a
202.941	0.016	saccade	n/a	335.3	165.1	n/a	294.3	178.3	1.73	137.0
202.959	0.09	fixation	n/a	302.0	175.3	1018.0	n/a	n/a	n/a	n/a
203.051	0.036	saccade	n/a	301.5	174.8	n/a	387.8	147.2	3.64	415.0
203.089	0.152	fixation	n/a	405.2	150.2	980.0	n/a	n/a	n/a	n/a
203.243	0.034	saccade	n/a	407.1	151.2	n/a	468.3	146.6	2.47	320.0
203.279	0.37	fixation	n/a	477.8	149.8	936.0	n/a	n/a	n/a	n/a
203.651	0.032	saccade	n/a	475.7	155.7	n/a	536.6	156.4	2.44	334.0
203.685	0.16	fixation	n/a	547.1	156.8	942.0	n/a	n/a	n/a	n/a
203.847	0.026	saccade	n/a	551.6	158.4	n/a	581.3	153.9	1.19	191.0
203.875	0.078	fixation	n/a	587.7	152.9	937.0	n/a	n/a	n/a	n/a
203.955	0.058	saccade	n/a	586.3	150.4	n/a	145.8	221.7	17.51	657.0
204.015	0.198	fixation	n/a	141.9	227.3	1040.0	n/a	n/a	n/a	n/a
204.215	0.03	saccade	n/a	142.5	226.3	n/a	184.9	222.5	1.66	216.0
204.247	0.156	fixation	n/a	188.8	222.1	1056.0	n/a	n/a	n/a	n/a
204.405	0.034	saccade	n/a	191.5	222.0	n/a	249.0	212.0	2.31	343.0
204.441	0.186	fixation	n/a	262.7	215.9	1057.0	n/a	n/a	n/a	n/a
204.629	0.022	saccade	n/a	266.7	218.8	n/a	227.2	276.0	2.78	245.0
204.653	0.192	fixation	n/a	234.3	269.1	1060.0	n/a	n/a	n/a	n/a
204.847	0.036	saccade	n/a	233.8	269.6	n/a	311.7	265.0	3.1	378.0
204.885	0.196	fixation	n/a	331.0	269.1	1022.0	n/a	n/a	n/a	n/a
205.083	0.042	saccade	n/a	333.5	270.6	n/a	452.3	273.7	4.75	554.0
205.127	0.266	fixation	n/a	450.5	273.6	945.0	n/a	n/a	n/a	n/a
205.394	0.0	trigger_11	11	n/a	n/a	n/a	n/a	n/a	n/a	n/a
205.395	0.034	saccade	n/a	450.5	274.5	n/a	565.8	260.7	4.62	373.0
205.398	0.0	trigger_10	10	n/a	n/a	n/a	n/a	n/a	n/a	n/a
205.431	0.182	fixation	n/a	575.8	266.0	880.0	n/a	n/a	n/a	n/a
205.615	0.048	saccade	n/a	574.4	266.1	n/a	203.9	96.3	16.16	687.0
205.665	0.188	fixation	n/a	213.3	87.6	872.0	n/a	n/a	n/a	n/a
205.855	0.022	saccade	n/a	216.8	85.9	n/a	133.9	73.2	3.3	253.0
205.879	0.286	fixation	n/a	159.0	77.6	930.0	n/a	n/a	n/a	n/a
206.167	0.018	saccade	n/a	164.5	82.4	n/a	129.3	84.6	1.38	125.0
206.187	0.084	fixation	n/a	139.0	85.3	1004.0	n/a	n/a	n/a	n/a
206.273	0.034	saccade	n/a	138.7	89.2	n/a	192.5	83.9	2.12	295.0
206.309	0.386	fixation	n/a	205.5	87.5	1032.0	n/a	n/a	n/a	n/a
206.697	0.036	saccade	n/a	205.2	90.3	n/a	272.7	95.3	2.69	333.0
206.735	0.398	fixation	n/a	287.0	96.3	1043.0	n/a	n/a	n/a	n/a
207.135	0.044	saccade	n/a	288.8	96.2	n/a	152.4	91.4	5.39	405.0
207.181	0.264	fixation	n/a	146.9	92.7	1012.0	n/a	n/a	n/a	n/a
207.447	0.012	saccade	n/a	142.2	94.6	n/a	118.4	96.3	0.93	98.0
207.461	0.128	fixation	n/a	126.9	95.2	1010.0	n/a	n/a	n/a	n/a
207.591	0.032	saccade	n/a	129.0	97.0	n/a	181.2	92.1	2.05	289.0
207.625	0.272	fixation	n/a	197.6	91.7	1000.0	n/a	n/a	n/a	n/a
207.899	0.038	saccade	n/a	200.9	90.0	n/a	283.5	98.7	3.3	348.0
207.939	0.31	fixation	n/a	303.5	98.0	996.0	n/a	n/a	n/a	n/a
208.034	0.0	trigger_11	11	n/a	n/a	n/a	n/a	n/a	n/a	n/a
208.04	0.0	trigger_10	10	n/a	n/a	n/a	n/a	n/a	n/a	n/a
208.251	0.028	saccade	n/a	310.2	97.0	n/a	160.9	86.0	5.94	395.0
208.281	0.336	fixation	n/a	173.7	85.7	1052.0	n/a	n/a	n/a	n/a
208.619	0.03	saccade	n/a	173.6	85.1	n/a	229.2	90.1	2.21	270.0
208.651	0.142	fixation	n/a	234.3	90.0	1030.0	n/a	n/a	n/a	n/a
208.795	0.042	saccade	n/a	233.9	88.8	n/a	336.4	91.1	4.09	395.0
208.839	0.266	fixation	n/a	349.7	89.6	946.0	n/a	n/a	n/a	n/a
209.107	0.032	saccade	n/a	348.3	88.6	n/a	290.9	98.8	2.34	271.0
209.141	0.21	fixation	n/a	286.9	98.3	957.0	n/a	n/a	n/a	n/a
209.353	0.05	saccade	n/a	283.7	98.0	n/a	446.1	87.6	6.54	512.0
209.405	0.132	fixation	n/a	449.5	87.2	898.0	n/a	n/a	n/a	n/a
209.539	0.034	saccade	n/a	451.9	84.2	n/a	517.8	91.3	2.66	312.0
209.575	0.22	fixation	n/a	529.9	92.3	888.0	n/a	n/a	n/a	n/a
209.797	0.02	saccade	n/a	534.9	96.4	n/a	571.6	89.1	1.49	147.0
209.819	0.074	fixation	n/a	567.7	85.9	859.0	n/a	n/a	n/a	n/a
209.895	0.05	saccade	n/a	569.9	86.1	n/a	135.9	128.8	17.14	687.0
209.947	0.234	fixation	n/a	141.1	133.2	922.0	n/a	n/a	n/a	n/a
210.183	0.022	saccade	n/a	139.9	137.3	n/a	219.9	147.3	3.18	301.0
210.207	0.188	fixation	n/a	218.9	148.0	938.0	n/a	n/a	n/a	n/a
210.397	0.126	saccade	n/a	227.7	156.8	n/a	304.4	187.5	3.3	428.0
210.525	0.216	fixation	n/a	313.5	166.2	938.0	n/a	n/a	n/a	n/a
210.743	0.154	saccade	n/a	314.9	170.5	n/a	357.6	169.1	1.72	1101.0
210.775	0.084	blink	n/a	n/a	n/a	n/a	n/a	n/a	n/a	n/a
210.899	0.168	fixation	n/a	353.0	163.5	905.0	n/a	n/a	n/a	n/a
211.069	0.032	saccade	n/a	351.9	154.0	n/a	431.5	160.3	3.21	371.0
211.103	0.242	fixation	n/a	438.5	152.5	921.0	n/a	n/a	n/a	n/a
211.347	0.024	saccade	n/a	441.6	148.3	n/a	321.2	163.6	4.89	423.0
211.373	0.23	fixation	n/a	325.4	161.5	900.0	n/a	n/a	n/a	n/a
211.605	0.03	saccade	n/a	320.9	159.9	n/a	366.7	153.4	1.86	302.0
211.637	0.064	fixation	n/a	377.6	154.7	858.0	n/a	n/a	n/a	n/a
211.703	0.04	saccade	n/a	378.8	153.3	n/a	529.1	149.6	6.04	553.0
211.745	0.39	fixation	n/a	551.4	149.1	890.0	n/a	n/a	n/a	n/a
212.137	0.032	saccade	n/a	552.8	151.3	n/a	609.0	143.4	2.25	293.0
212.171	0.076	fixation	n/a	616.1	147.6	894.0	n/a	n/a	n/a	n/a
212.249	0.058	saccade	n/a	616.6	148.5	n/a	158.2	225.9	18.24	572.0
212.309	0.212	fixation	n/a	164.0	225.1	994.0	n/a	n/a	n/a	n/a
212.523	0.038	saccade	n/a	163.3	230.4	n/a	253.0	223.2	3.54	393.0
212.563	0.182	fixation	n/a	273.8	222.1	1009.0	n/a	n/a	n/a	n/a
212.747	0.032	saccade	n/a	277.5	223.4	n/a	379.9	219.0	4.1	452.0
212.781	0.23	fixation	n/a	388.4	214.2	976.0	n/a	n/a	n/a	n/a
213.013	0.03	saccade	n/a	390.1	213.7	n/a	249.9	219.9	5.6	378.0
213.045	0.354	fixation	n/a	264.5	220.8	1039.0	n/a	n/a	n/a	n/a
213.258	0.0	trigger_11	11	n/a	n/a	n/a	n/a	n/a	n/a	n/a
213.264	0.0	trigger_10	10	n/a	n/a	n/a	n/a	n/a	n/a	n/a
213.401	0.026	saccade	n/a	266.0	223.7	n/a	190.9	113.8	5.36	373.0
213.429	0.162	fixation	n/a	192.2	103.5	1027.0	n/a	n/a	n/a	n/a
213.593	0.018	saccade	n/a	189.4	101.9	n/a	151.9	102.0	1.47	120.0
213.613	0.254	fixation	n/a	158.3	99.8	1050.0	n/a	n/a	n/a	n/a
213.869	0.038	saccade	n/a	158.4	98.0	n/a	298.2	96.8	5.55	503.0
213.909	0.39	fixation	n/a	319.1	94.6	1008.0	n/a	n/a	n/a	n/a
214.301	0.034	saccade	n/a	322.8	93.7	n/a	399.1	102.8	3.09	411.0
214.337	0.296	fixation	n/a	410.0	101.2	1003.0	n/a	n/a	n/a	n/a
214.635	0.034	saccade	n/a	410.0	102.3	n/a	470.3	100.0	2.43	272.0
214.671	0.224	fixation	n/a	475.6	97.4	980.0	n/a	n/a	n/a	n/a
214.897	0.022	saccade	n/a	476.5	97.4	n/a	420.4	100.1	2.26	199.0
214.921	0.206	fixation	n/a	428.9	100.0	972.0	n/a	n/a	n/a	n/a
215.129	0.03	saccade	n/a	428.2	102.6	n/a	472.8	96.8	1.81	226.0
215.161	0.158	fixation	n/a	478.9	98.0	972.0	n/a	n/a	n/a	n/a
215.321	0.028	saccade	n/a	480.2	99.8	n/a	428.0	99.8	2.1	234.0
215.351	0.166	fixation	n/a	427.3	99.7	978.0	n/a	n/a	n/a	n/a
215.519	0.034	saccade	n/a	425.9	99.2	n/a	344.8	96.1	3.27	370.0
215.555	0.238	fixation	n/a	339.1	97.3	953.0	n/a	n/a	n/a	n/a
215.795	0.128	saccade	n/a	339.2	105.0	n/a	572.8	128.1	9.37	397.0
215.925	0.194	fixation	n/a	557.1	113.8	933.0	n/a	n/a	n/a	n/a
216.121	0.07	saccade	n/a	552.0	104.8	n/a	158.6	165.1	15.74	693.0
216.193	0.172	fixation	n/a	152.3	166.1	942.0	n/a	n/a	n/a	n/a
216.367	0.022	saccade	n/a	146.4	164.2	n/a	220.5	159.0	2.92	271.0
216.391	0.278	fixation	n/a	215.4	159.6	911.0	n/a	n/a	n/a	n/a
216.671	0.036	saccade	n/a	218.1	156.9	n/a	299.0	156.9	3.22	359.0
216.709	0.214	fixation	n/a	314.4	156.0	884.0	n/a	n/a	n/a	n/a
216.925	0.034	saccade	n/a	316.9	156.3	n/a	389.8	151.8	2.94	388.0
216.961	0.124	fixation	n/a	401.0	151.1	864.0	n/a	n/a	n/a	n/a
217.087	0.042	saccade	n/a	403.6	155.6	n/a	560.7	147.2	6.31	455.0
217.131	0.174	fixation	n/a	577.0	148.0	852.0	n/a	n/a	n/a	n/a
217.307	0.056	saccade	n/a	578.4	147.1	n/a	209.6	204.7	14.79	619.0
217.365	0.306	fixation	n/a	203.6	211.0	881.0	n/a	n/a	n/a	n/a
217.673	0.034	saccade	n/a	205.6	213.3	n/a	266.6	215.2	2.42	301.0
217.709	0.27	fixation	n/a	280.3	214.5	871.0	n/a	n/a	n/a	n/a
217.981	0.022	saccade	n/a	280.4	216.2	n/a	187.8	221.7	3.67	317.0
218.005	0.306	fixation	n/a	199.7	220.3	878.0	n/a	n/a	n/a	n/a
218.156	0.0	trigger_11	11	n/a	n/a	n/a	n/a	n/a	n/a	n/a
218.158	0.0	trigger_10	10	n/a	n/a	n/a	n/a	n/a	n/a	n/a
218.313	0.042	saccade	n/a	204.4	219.8	n/a	172.6	79.9	5.78	400.0
218.357	0.278	fixation	n/a	171.9	69.1	878.0	n/a	n/a	n/a	n/a
218.637	0.022	saccade	n/a	179.4	70.9	n/a	114.8	79.2	2.55	218.0
218.661	0.24	fixation	n/a	132.1	83.4	947.0	n/a	n/a	n/a	n/a
218.903	0.034	saccade	n/a	132.0	87.9	n/a	200.8	90.3	2.7	314.0
218.939	0.214	fixation	n/a	214.9	92.9	930.0	n/a	n/a	n/a	n/a
219.155	0.034	saccade	n/a	214.4	92.1	n/a	257.3	91.2	1.71	198.0
219.191	0.146	fixation	n/a	265.5	92.4	934.0	n/a	n/a	n/a	n/a
219.339	0.034	saccade	n/a	266.6	92.4	n/a	316.0	90.5	1.98	321.0
219.375	0.236	fixation	n/a	330.0	90.3	896.0	n/a	n/a	n/a	n/a
219.613	0.03	saccade	n/a	328.7	85.4	n/a	401.6	92.3	2.95	324.0
219.645	0.176	fixation	n/a	404.4	90.7	870.0	n/a	n/a	n/a	n/a
219.823	0.05	saccade	n/a	405.0	91.0	n/a	519.7	86.2	4.61	399.0
219.875	0.194	fixation	n/a	514.6	85.1	820.0	n/a	n/a	n/a	n/a
220.071	0.018	saccade	n/a	515.7	84.8	n/a	467.3	86.5	1.94	162.0
220.091	0.154	fixation	n/a	474.8	84.4	817.0	n/a	n/a	n/a	n/a
220.247	0.052	saccade	n/a	477.5	82.3	n/a	150.0	75.5	12.97	498.0
220.301	0.396	fixation	n/a	166.3	75.5	834.0	n/a	n/a	n/a	n/a
220.484	0.0	trigger_11	11	n/a	n/a	n/a	n/a	n/a	n/a	n/a
220.488	0.0	trigger_12	12	n/a	n/a	n/a	n/a	n/a	n/a	n/a
220.699	0.028	saccade	n/a	173.4	78.8	n/a	136.5	77.0	1.45	214.0
220.729	0.124	fixation	n/a	137.4	77.5	898.0	n/a	n/a	n/a	n/a
220.855	0.032	saccade	n/a	136.9	78.6	n/a	210.7	85.9	2.91	317.0
220.889	0.198	fixation	n/a	222.8	88.6	937.0	n/a	n/a	n/a	n/a
221.089	0.032	saccade	n/a	228.0	90.5	n/a	275.5	91.4	1.89	236.0
221.123	0.11	fixation	n/a	283.5	89.7	926.0	n/a	n/a	n/a	n/a
221.235	0.036	saccade	n/a	281.7	91.6	n/a	344.5	88.0	2.52	348.0
221.273	0.244	fixation	n/a	353.7	86.2	859.0	n/a	n/a	n/a	n/a
221.519	0.034	saccade	n/a	353.0	84.6	n/a	428.5	82.0	3.05	366.0
221.555	0.132	fixation	n/a	439.0	85.5	867.0	n/a	n/a	n/a	n/a
221.689	0.03	saccade	n/a	441.0	86.9	n/a	491.5	84.8	2.03	309.0
221.721	0.402	fixation	n/a	502.1	83.9	849.0	n/a	n/a	n/a	n/a
222.125	0.05	saccade	n/a	501.3	84.7	n/a	133.8	142.1	14.71	614.0
222.177	0.306	fixation	n/a	149.0	144.2	902.0	n/a	n/a	n/a	n/a
222.485	0.036	saccade	n/a	151.3	144.4	n/a	244.3	151.1	3.68	446.0
222.523	0.256	fixation	n/a	264.3	152.9	925.0	n/a	n/a	n/a	n/a
222.781	0.032	saccade	n/a	266.2	155.3	n/a	311.5	157.1	1.82	230.0
222.815	0.186	fixation	n/a	321.7	158.6	934.0	n/a	n/a	n/a	n/a
223.003	0.092	saccade	n/a	327.4	165.3	n/a	212.9	169.6	4.57	200.0
223.097	0.208	fixation	n/a	246.6	147.5	973.0	n/a	n/a	n/a	n/a
223.307	0.022	saccade	n/a	250.8	138.9	n/a	234.9	86.8	2.21	181.0
223.331	0.2	fixation	n/a	238.2	96.1	991.0	n/a	n/a	n/a	n/a
223.533	0.032	saccade	n/a	235.8	99.0	n/a	158.8	90.2	3.06	294.0
223.567	0.29	fixation	n/a	162.5	91.9	1007.0	n/a	n/a	n/a	n/a
223.859	0.008	saccade	n/a	163.2	91.5	n/a	145.5	94.7	0.7	82.0
223.869	0.062	fixation	n/a	145.1	93.2	1023.0	n/a	n/a	n/a	n/a
223.933	0.036	saccade	n/a	149.4	92.0	n/a	236.4	93.4	3.43	448.0
223.971	0.228	fixation	n/a	254.6	94.3	1007.0	n/a	n/a	n/a	n/a
224.201	0.036	saccade	n/a	254.3	95.6	n/a	298.8	91.2	1.79	261.0
224.239	0.4	fixation	n/a	305.1	90.8	975.0	n/a	n/a	n/a	n/a
224.388	0.0	trigger_13	13	n/a	n/a	n/a	n/a	n/a	n/a	n/a
224.641	0.024	saccade	n/a	303.8	90.7	n/a	221.4	92.0	3.29	272.0
224.667	0.408	fixation	n/a	233.6	92.8	1036.0	n/a	n/a	n/a	n/a
225.077	0.038	saccade	n/a	234.2	97.4	n/a	273.5	158.7	2.94	363.0
225.117	0.222	fixation	n/a	283.7	169.2	1059.0	n/a	n/a	n/a	n/a
225.341	0.028	saccade	n/a	283.6	170.1	n/a	307.5	210.8	1.91	212.0
225.371	0.23	fixation	n/a	309.0	210.8	1064.0	n/a	n/a	n/a	n/a
225.603	0.02	saccade	n/a	305.6	214.1	n/a	283.6	217.7	0.89	110.0
225.625	0.242	fixation	n/a	289.4	219.0	1082.0	n/a	n/a	n/a	n/a
225.869	0.024	saccade	n/a	292.6	226.0	n/a	376.3	221.0	3.36	228.0
225.895	0.484	fixation	n/a	383.8	219.8	1003.0	n/a	n/a	n/a	n/a
226.196	0.0	trigger_15	15	n/a	n/a	n/a	n/a	n/a	n/a	n/a
226.286	0.0	trigger_10	10	n/a	n/a	n/a	n/a	n/a	n/a	n/a
226.381	0.028	saccade	n/a	385.0	216.5	n/a	308.0	118.8	5.04	384.0
226.411	0.064	fixation	n/a	316.5	126.0	981.0	n/a	n/a	n/a	n/a
226.477	0.04	saccade	n/a	317.1	126.5	n/a	157.4	84.9	6.56	294.0
226.519	0.274	fixation	n/a	172.4	87.7	981.0	n/a	n/a	n/a	n/a
226.795	0.028	saccade	n/a	167.4	87.2	n/a	222.4	94.3	2.19	263.0
226.825	0.23	fixation	n/a	225.3	93.2	975.0	n/a	n/a	n/a	n/a
227.057	0.028	saccade	n/a	227.8	95.8	n/a	149.6	95.5	3.08	267.0
227.087	0.286	fixation	n/a	154.1	96.0	983.0	n/a	n/a	n/a	n/a
227.375	0.034	saccade	n/a	150.2	93.8	n/a	215.6	95.3	2.58	308.0
227.411	0.144	fixation	n/a	224.4	95.0	952.0	n/a	n/a	n/a	n/a
227.557	0.034	saccade	n/a	222.6	94.7	n/a	280.4	89.8	2.31	304.0
227.593	0.378	fixation	n/a	295.7	92.9	922.0	n/a	n/a	n/a	n/a
227.973	0.04	saccade	n/a	297.0	93.6	n/a	188.5	87.2	4.32	335.0
228.015	0.15	fixation	n/a	184.0	87.9	953.0	n/a	n/a	n/a	n/a
228.167	0.022	saccade	n/a	184.3	89.8	n/a	231.2	89.6	1.85	190.0
228.191	0.54	fixation	n/a	222.8	90.1	932.0	n/a	n/a	n/a	n/a
228.548	0.0	trigger_11	11	n/a	n/a	n/a	n/a	n/a	n/a	n/a
228.554	0.0	trigger_10	10	n/a	n/a	n/a	n/a	n/a	n/a	n/a
228.733	0.026	saccade	n/a	221.8	88.6	n/a	132.6	81.6	3.52	287.0
228.761	0.238	fixation	n/a	143.1	82.9	957.0	n/a	n/a	n/a	n/a
229.001	0.034	saccade	n/a	141.4	82.6	n/a	225.9	88.4	3.34	359.0
229.037	0.194	fixation	n/a	237.8	88.6	947.0	n/a	n/a	n/a	n/a
229.233	0.032	saccade	n/a	236.1	89.0	n/a	285.5	91.7	1.98	231.0
229.267	0.244	fixation	n/a	291.7	87.5	883.0	n/a	n/a	n/a	n/a
229.513	0.032	saccade	n/a	289.9	85.6	n/a	346.1	84.7	2.25	293.0
229.547	0.324	fixation	n/a	358.6	85.1	833.0	n/a	n/a	n/a	n/a
229.873	0.032	saccade	n/a	359.7	86.4	n/a	417.7	91.7	2.35	284.0
229.907	0.126	fixation	n/a	425.3	92.2	853.0	n/a	n/a	n/a	n/a
230.035	0.032	saccade	n/a	427.4	91.6	n/a	489.8	89.4	2.51	334.0
230.069	0.182	fixation	n/a	503.4	87.0	846.0	n/a	n/a	n/a	n/a
230.253	0.052	saccade	n/a	501.8	82.7	n/a	131.4	138.0	14.81	546.0
230.307	0.286	fixation	n/a	142.8	136.4	856.0	n/a	n/a	n/a	n/a
230.595	0.032	saccade	n/a	145.9	136.1	n/a	212.3	139.6	2.61	296.0
230.629	0.194	fixation	n/a	227.3	143.1	846.0	n/a	n/a	n/a	n/a
230.825	0.034	saccade	n/a	231.8	144.9	n/a	297.5	147.3	2.62	310.0
230.861	0.164	fixation	n/a	310.1	148.0	827.0	n/a	n/a	n/a	n/a
231.027	0.034	saccade	n/a	310.1	149.3	n/a	415.5	147.4	4.24	474.0
231.063	0.314	fixation	n/a	425.5	150.7	811.0	n/a	n/a	n/a	n/a
231.379	0.032	saccade	n/a	424.1	148.8	n/a	482.2	145.9	2.34	277.0
231.413	0.186	fixation	n/a	491.1	146.8	795.0	n/a	n/a	n/a	n/a
231.601	0.046	saccade	n/a	494.4	147.3	n/a	160.4	196.1	13.37	646.0
231.649	0.228	fixation	n/a	164.9	196.6	837.0	n/a	n/a	n/a	n/a
231.879	0.038	saccade	n/a	166.1	197.8	n/a	270.0	207.3	4.12	449.0
231.919	0.208	fixation	n/a	291.9	209.4	876.0	n/a	n/a	n/a	n/a
232.129	0.03	saccade	n/a	295.6	209.3	n/a	358.5	146.3	3.6	259.0
232.161	0.292	fixation	n/a	365.5	148.2	903.0	n/a	n/a	n/a	n/a
232.455	0.028	saccade	n/a	365.9	150.1	n/a	336.5	155.2	1.2	176.0
232.485	0.13	fixation	n/a	330.0	158.2	938.0	n/a	n/a	n/a	n/a
232.617	0.036	saccade	n/a	328.7	160.3	n/a	431.2	151.1	4.14	513.0
232.655	0.166	fixation	n/a	446.5	151.6	923.0	n/a	n/a	n/a	n/a
232.823	0.034	saccade	n/a	449.0	153.6	n/a	498.4	152.8	1.98	309.0
232.859	0.148	fixation	n/a	510.9	153.7	934.0	n/a	n/a	n/a	n/a
233.009	0.046	saccade	n/a	513.2	153.5	n/a	307.4	214.7	8.6	612.0
233.057	0.234	fixation	n/a	301.5	215.8	950.0	n/a	n/a	n/a	n/a
233.293	0.024	saccade	n/a	298.4	218.7	n/a	347.9	222.2	1.99	193.0
233.319	0.358	fixation	n/a	338.4	221.6	961.0	n/a	n/a	n/a	n/a
233.679	0.052	saccade	n/a	336.3	219.1	n/a	484.7	158.8	6.45	354.0
233.733	0.228	fixation	n/a	490.6	149.7	951.0	n/a	n/a	n/a	n/a
233.963	0.012	saccade	n/a	487.0	148.1	n/a	467.4	148.7	0.79	78.0
233.977	0.134	fixation	n/a	473.1	148.2	946.0	n/a	n/a	n/a	n/a
234.113	0.056	saccade	n/a	473.7	147.6	n/a	204.6	207.2	10.99	569.0
234.171	0.218	fixation	n/a	199.1	212.1	994.0	n/a	n/a	n/a	n/a
234.391	0.02	saccade	n/a	202.6	214.8	n/a	146.0	217.3	2.22	174.0
234.413	0.224	fixation	n/a	157.6	215.9	1026.0	n/a	n/a	n/a	n/a
234.639	0.036	saccade	n/a	161.3	215.1	n/a	260.8	211.3	3.93	414.0
234.677	0.172	fixation	n/a	278.7	212.6	984.0	n/a	n/a	n/a	n/a
234.851	0.018	saccade	n/a	280.2	211.4	n/a	291.1	164.3	1.96	162.0
234.871	0.222	fixation	n/a	292.1	162.8	965.0	n/a	n/a	n/a	n/a
235.095	0.03	saccade	n/a	290.5	159.4	n/a	332.8	155.1	1.7	228.0
235.127	0.172	fixation	n/a	342.9	153.9	943.0	n/a	n/a	n/a	n/a
235.301	0.032	saccade	n/a	342.9	152.0	n/a	406.7	152.9	2.57	317.0
235.335	0.102	fixation	n/a	416.3	152.3	948.0	n/a	n/a	n/a	n/a
235.439	0.024	saccade	n/a	417.3	150.8	n/a	393.4	100.3	2.28	240.0
235.465	0.124	fixation	n/a	398.2	109.3	921.0	n/a	n/a	n/a	n/a
235.591	0.034	saccade	n/a	397.5	107.5	n/a	474.0	87.5	3.18	346.0
235.627	0.18	fixation	n/a	484.2	85.8	914.0	n/a	n/a	n/a	n/a
235.809	0.06	saccade	n/a	485.3	84.6	n/a	162.8	139.9	12.99	636.0
235.871	0.222	fixation	n/a	158.8	144.0	949.0	n/a	n/a	n/a	n/a
236.095	0.034	saccade	n/a	156.8	144.7	n/a	225.7	146.6	2.72	352.0
236.131	0.246	fixation	n/a	245.2	148.4	959.0	n/a	n/a	n/a	n/a
236.379	0.142	saccade	n/a	260.9	168.3	n/a	344.4	241.1	4.45	334.0
236.523	0.214	fixation	n/a	346.5	216.1	942.0	n/a	n/a	n/a	n/a
236.739	0.2	saccade	n/a	354.2	225.6	n/a	316.7	208.9	1.65	899.0
236.771	0.116	blink	n/a	n/a	n/a	n/a	n/a	n/a	n/a	n/a
236.941	0.264	fixation	n/a	315.6	218.3	889.0	n/a	n/a	n/a	n/a
237.207	0.018	saccade	n/a	310.4	213.8	n/a	341.8	215.9	1.26	100.0
237.227	0.202	fixation	n/a	334.1	212.4	887.0	n/a	n/a	n/a	n/a
237.431	0.04	saccade	n/a	333.0	209.5	n/a	298.7	130.7	3.49	319.0
237.473	0.372	fixation	n/a	297.4	129.2	835.0	n/a	n/a	n/a	n/a
237.847	0.042	saccade	n/a	299.2	133.4	n/a	144.3	67.7	6.69	345.0
237.884	0.0	trigger_11	11	n/a	n/a	n/a	n/a	n/a	n/a	n/a
237.89	0.0	trigger_10	10	n/a	n/a	n/a	n/a	n/a	n/a	n/a
237.891	0.404	fixation	n/a	160.7	78.0	891.0	n/a	n/a	n/a	n/a
238.297	0.02	saccade	n/a	166.0	80.0	n/a	237.1	84.6	2.82	252.0
238.319	0.272	fixation	n/a	230.8	84.4	991.0	n/a	n/a	n/a	n/a
238.593	0.034	saccade	n/a	226.3	87.5	n/a	266.5	84.0	1.61	285.0
238.629	0.18	fixation	n/a	285.1	88.2	944.0	n/a	n/a	n/a	n/a
238.811	0.018	saccade	n/a	286.3	90.2	n/a	256.8	86.0	1.19	111.0
238.831	0.196	fixation	n/a	263.6	88.0	929.0	n/a	n/a	n/a	n/a
239.029	0.032	saccade	n/a	263.5	90.5	n/a	327.3	91.3	2.56	335.0
239.063	0.25	fixation	n/a	343.3	93.5	894.0	n/a	n/a	n/a	n/a
239.315	0.032	saccade	n/a	343.9	94.3	n/a	406.0	88.7	2.51	316.0
239.349	0.408	fixation	n/a	412.7	90.9	890.0	n/a	n/a	n/a	n/a
239.759	0.032	saccade	n/a	411.1	92.4	n/a	491.4	84.7	3.25	335.0
239.793	0.224	fixation	n/a	500.3	82.4	839.0	n/a	n/a	n/a	n/a
240.019	0.052	saccade	n/a	511.7	84.5	n/a	128.1	140.6	15.3	512.0
240.073	0.202	fixation	n/a	134.0	137.6	851.0	n/a	n/a	n/a	n/a
240.277	0.034	saccade	n/a	138.1	139.2	n/a	209.7	144.0	2.81	311.0
240.313	0.178	fixation	n/a	224.7	144.2	850.0	n/a	n/a	n/a	n/a
240.493	0.036	saccade	n/a	226.0	143.3	n/a	298.1	151.4	2.89	311.0
240.531	0.26	fixation	n/a	310.9	152.4	847.0	n/a	n/a	n/a	n/a
240.793	0.03	saccade	n/a	310.0	150.7	n/a	398.6	150.7	3.57	363.0
240.825	0.176	fixation	n/a	410.0	152.2	819.0	n/a	n/a	n/a	n/a
241.003	0.03	saccade	n/a	412.9	151.8	n/a	390.8	84.3	2.9	320.0
241.035	0.136	fixation	n/a	389.6	88.6	837.0	n/a	n/a	n/a	n/a
241.173	0.024	saccade	n/a	390.3	92.6	n/a	285.7	93.3	4.2	328.0
241.199	0.16	fixation	n/a	295.6	92.1	880.0	n/a	n/a	n/a	n/a
241.361	0.026	saccade	n/a	291.3	93.6	n/a	256.8	96.0	1.38	190.0
241.389	0.154	fixation	n/a	253.4	94.9	900.0	n/a	n/a	n/a	n/a
241.545	0.022	saccade	n/a	253.6	97.2	n/a	295.9	98.1	1.69	154.0
241.569	0.14	fixation	n/a	289.6	100.0	906.0	n/a	n/a	n/a	n/a
241.711	0.036	saccade	n/a	291.2	101.1	n/a	363.7	103.3	2.91	366.0
241.749	0.18	fixation	n/a	372.6	102.5	887.0	n/a	n/a	n/a	n/a
241.931	0.028	saccade	n/a	373.1	100.9	n/a	324.0	99.0	1.98	228.0
241.961	0.206	fixation	n/a	320.8	98.4	879.0	n/a	n/a	n/a	n/a
242.169	0.034	saccade	n/a	318.8	98.3	n/a	410.6	96.3	3.7	370.0
242.205	0.142	fixation	n/a	417.4	95.3	871.0	n/a	n/a	n/a	n/a
242.349	0.034	saccade	n/a	421.0	96.9	n/a	493.8	90.5	2.94	310.0
242.385	0.144	fixation	n/a	504.4	91.7	850.0	n/a	n/a	n/a	n/a
242.531	0.03	saccade	n/a	503.0	92.3	n/a	549.7	86.7	1.88	246.0
242.563	0.2	fixation	n/a	559.2	89.4	828.0	n/a	n/a	n/a	n/a
242.765	0.054	saccade	n/a	560.2	89.1	n/a	133.0	147.2	16.98	658.0
242.821	0.224	fixation	n/a	145.2	147.8	866.0	n/a	n/a	n/a	n/a
243.047	0.036	saccade	n/a	146.1	149.7	n/a	223.7	149.7	3.06	336.0
243.085	0.204	fixation	n/a	244.6	152.5	860.0	n/a	n/a	n/a	n/a
243.291	0.03	saccade	n/a	242.8	150.7	n/a	298.8	153.9	2.24	220.0
243.323	0.194	fixation	n/a	307.1	155.2	841.0	n/a	n/a	n/a	n/a
243.519	0.024	saccade	n/a	308.4	155.7	n/a	395.6	158.0	3.51	298.0
243.545	0.324	fixation	n/a	394.9	161.0	801.0	n/a	n/a	n/a	n/a
243.871	0.036	saccade	n/a	397.5	159.2	n/a	496.1	151.8	3.98	398.0
243.909	0.132	fixation	n/a	508.3	152.3	836.0	n/a	n/a	n/a	n/a
244.043	0.036	saccade	n/a	509.3	153.1	n/a	575.0	152.4	2.62	314.0
244.081	0.136	fixation	n/a	589.9	153.7	823.0	n/a	n/a	n/a	n/a
244.219	0.05	saccade	n/a	591.0	156.2	n/a	191.5	205.1	15.88	578.0
244.271	0.266	fixation	n/a	196.7	209.7	868.0	n/a	n/a	n/a	n/a
244.539	0.02	saccade	n/a	194.9	210.8	n/a	152.4	217.4	1.69	173.0
244.561	0.192	fixation	n/a	160.9	219.2	907.0	n/a	n/a	n/a	n/a
244.755	0.058	saccade	n/a	159.6	222.6	n/a	436.2	155.1	11.31	536.0
244.815	0.24	fixation	n/a	435.5	152.0	896.0	n/a	n/a	n/a	n/a
245.057	0.038	saccade	n/a	434.3	152.1	n/a	353.6	91.5	4.09	355.0
245.097	0.132	fixation	n/a	349.4	85.1	878.0	n/a	n/a	n/a	n/a
245.231	0.032	saccade	n/a	349.1	85.5	n/a	287.4	93.7	2.5	277.0
245.265	0.156	fixation	n/a	279.9	91.7	909.0	n/a	n/a	n/a	n/a
245.423	0.022	saccade	n/a	277.1	94.4	n/a	219.9	97.4	2.28	180.0
245.447	0.138	fixation	n/a	232.1	94.5	910.0	n/a	n/a	n/a	n/a
245.587	0.074	saccade	n/a	232.5	95.9	n/a	562.6	149.3	13.28	670.0
245.663	0.022	fixation	n/a	577.7	157.6	842.0	n/a	n/a	n/a	n/a
245.687	0.228	saccade	n/a	584.7	164.5	n/a	444.0	166.8	5.61	709.0
245.717	0.146	blink	n/a	n/a	n/a	n/a	n/a	n/a	n/a	n/a
245.917	0.202	fixation	n/a	451.3	161.5	831.0	n/a	n/a	n/a	n/a
246.121	0.082	saccade	n/a	445.3	160.3	n/a	174.1	103.5	11.03	350.0
246.205	0.418	fixation	n/a	167.7	102.6	804.0	n/a	n/a	n/a	n/a
246.43	0.0	trigger_11	11	n/a	n/a	n/a	n/a	n/a	n/a	n/a
246.432	0.0	trigger_10	10	n/a	n/a	n/a	n/a	n/a	n/a	n/a
246.625	0.022	saccade	n/a	166.4	99.5	n/a	132.9	83.4	1.46	150.0
246.649	0.192	fixation	n/a	138.2	83.0	797.0	n/a	n/a	n/a	n/a
246.843	0.034	saccade	n/a	138.5	80.1	n/a	212.3	74.6	2.9	370.0
246.879	0.156	fixation	n/a	221.4	74.6	788.0	n/a	n/a	n/a	n/a
247.037	0.034	saccade	n/a	223.5	75.8	n/a	270.7	74.5	1.88	295.0
247.073	0.27	fixation	n/a	288.0	77.8	779.0	n/a	n/a	n/a	n/a
247.345	0.026	saccade	n/a	294.6	80.7	n/a	262.9	75.9	1.28	151.0
247.373	0.08	fixation	n/a	260.2	78.2	798.0	n/a	n/a	n/a	n/a
247.455	0.026	saccade	n/a	258.1	78.5	n/a	144.0	78.0	4.5	387.0
247.483	0.504	fixation	n/a	156.8	82.9	848.0	n/a	n/a	n/a	n/a
247.774	0.0	trigger_11	11	n/a	n/a	n/a	n/a	n/a	n/a	n/a
247.78	0.0	trigger_10	10	n/a	n/a	n/a	n/a	n/a	n/a	n/a
247.989	0.014	saccade	n/a	155.8	86.0	n/a	131.5	82.6	0.96	96.0
248.005	0.102	fixation	n/a	139.0	82.3	888.0	n/a	n/a	n/a	n/a
248.109	0.036	saccade	n/a	140.1	83.7	n/a	220.0	89.5	3.15	391.0
248.147	0.166	fixation	n/a	235.0	87.2	897.0	n/a	n/a	n/a	n/a
248.315	0.03	saccade	n/a	237.0	88.3	n/a	273.5	83.5	1.47	196.0
248.347	0.344	fixation	n/a	277.7	86.4	872.0	n/a	n/a	n/a	n/a
248.693	0.034	saccade	n/a	276.1	85.4	n/a	377.1	96.2	4.08	413.0
248.729	0.196	fixation	n/a	388.2	96.4	834.0	n/a	n/a	n/a	n/a
248.927	0.02	saccade	n/a	387.6	96.7	n/a	330.3	93.3	2.31	190.0
248.949	0.124	fixation	n/a	338.1	92.9	827.0	n/a	n/a	n/a	n/a
249.075	0.032	saccade	n/a	336.9	97.1	n/a	271.2	85.3	2.68	251.0
249.109	0.32	fixation	n/a	261.0	85.7	818.0	n/a	n/a	n/a	n/a
249.431	0.05	saccade	n/a	261.8	87.8	n/a	449.0	86.1	7.5	436.0
249.483	0.19	fixation	n/a	462.2	82.7	797.0	n/a	n/a	n/a	n/a
249.675	0.034	saccade	n/a	461.4	83.4	n/a	516.7	87.0	2.22	265.0
249.711	0.372	fixation	n/a	530.0	86.8	759.0	n/a	n/a	n/a	n/a
250.085	0.054	saccade	n/a	531.2	88.9	n/a	123.1	133.1	16.17	621.0
250.141	0.346	fixation	n/a	142.5	133.1	763.0	n/a	n/a	n/a	n/a
250.489	0.014	saccade	n/a	144.0	134.7	n/a	115.7	139.3	1.12	111.0
250.505	0.086	fixation	n/a	119.9	137.2	769.0	n/a	n/a	n/a	n/a
250.593	0.046	saccade	n/a	120.3	137.8	n/a	243.5	145.2	4.85	441.0
250.641	0.256	fixation	n/a	245.8	144.9	754.0	n/a	n/a	n/a	n/a
250.899	0.03	saccade	n/a	244.6	143.1	n/a	294.4	150.7	2.01	234.0
250.931	0.144	fixation	n/a	303.0	148.1	752.0	n/a	n/a	n/a	n/a
251.077	0.032	saccade	n/a	305.9	152.0	n/a	374.0	155.4	2.74	319.0
251.111	0.154	fixation	n/a	385.4	153.3	727.0	n/a	n/a	n/a	n/a
251.267	0.036	saccade	n/a	389.1	154.6	n/a	469.4	148.8	3.24	236.0
251.305	0.282	fixation	n/a	476.0	151.2	749.0	n/a	n/a	n/a	n/a
251.589	0.034	saccade	n/a	476.3	151.5	n/a	385.2	154.9	3.67	353.0
251.625	0.19	fixation	n/a	383.8	156.0	723.0	n/a	n/a	n/a	n/a
251.817	0.028	saccade	n/a	383.1	154.9	n/a	415.2	157.2	1.3	186.0
251.847	0.314	fixation	n/a	420.3	155.7	714.0	n/a	n/a	n/a	n/a
252.163	0.034	saccade	n/a	421.7	158.9	n/a	484.1	153.5	2.52	212.0
252.199	0.176	fixation	n/a	490.0	154.8	740.0	n/a	n/a	n/a	n/a
252.377	0.032	saccade	n/a	489.3	152.2	n/a	549.0	149.8	2.39	200.0
252.411	0.14	fixation	n/a	555.9	149.2	729.0	n/a	n/a	n/a	n/a
252.553	0.022	saccade	n/a	557.9	150.8	n/a	611.6	153.1	2.13	174.0
252.577	0.108	fixation	n/a	603.2	149.7	716.0	n/a	n/a	n/a	n/a
252.687	0.086	saccade	n/a	605.5	150.4	n/a	157.3	193.6	17.66	507.0
252.775	0.118	fixation	n/a	163.6	194.4	743.0	n/a	n/a	n/a	n/a
252.895	0.022	saccade	n/a	163.9	193.1	n/a	118.0	205.1	1.85	123.0
252.919	0.17	fixation	n/a	121.3	203.3	738.0	n/a	n/a	n/a	n/a
253.091	0.042	saccade	n/a	123.2	199.8	n/a	160.8	84.2	4.87	216.0
253.135	0.322	fixation	n/a	160.8	63.9	722.0	n/a	n/a	n/a	n/a
253.459	0.036	saccade	n/a	157.2	65.3	n/a	228.7	66.4	2.82	352.0
253.497	0.144	fixation	n/a	243.5	68.1	718.0	n/a	n/a	n/a	n/a
253.643	0.036	saccade	n/a	244.5	70.9	n/a	314.7	73.1	2.81	325.0
253.681	0.182	fixation	n/a	328.7	70.9	695.0	n/a	n/a	n/a	n/a
253.865	0.02	saccade	n/a	329.6	73.8	n/a	295.1	71.8	1.39	128.0
253.887	0.1	fixation	n/a	302.4	72.2	694.0	n/a	n/a	n/a	n/a
253.989	0.032	saccade	n/a	302.7	76.2	n/a	362.5	74.3	2.41	271.0
254.023	0.194	fixation	n/a	372.1	75.5	658.0	n/a	n/a	n/a	n/a
254.219	0.026	saccade	n/a	375.7	75.5	n/a	471.5	72.0	3.86	314.0
254.247	0.18	fixation	n/a	474.6	72.9	680.0	n/a	n/a	n/a	n/a
254.429	0.02	saccade	n/a	479.3	73.8	n/a	525.0	68.3	1.85	160.0
254.451	0.448	fixation	n/a	527.6	74.7	667.0	n/a	n/a	n/a	n/a
254.901	0.02	saccade	n/a	527.8	77.6	n/a	474.3	74.3	2.15	175.0
254.923	0.112	fixation	n/a	482.0	73.6	670.0	n/a	n/a	n/a	n/a
255.037	0.028	saccade	n/a	482.7	74.8	n/a	525.9	72.3	1.73	199.0
255.067	0.172	fixation	n/a	532.8	76.4	667.0	n/a	n/a	n/a	n/a
255.241	0.058	saccade	n/a	533.4	74.2	n/a	178.6	114.4	14.17	415.0
255.301	0.15	fixation	n/a	157.8	115.0	685.0	n/a	n/a	n/a	n/a
255.453	0.014	saccade	n/a	153.4	116.1	n/a	123.3	128.8	1.28	110.0
255.469	0.216	fixation	n/a	122.7	126.1	693.0	n/a	n/a	n/a	n/a
255.687	0.036	saccade	n/a	122.3	127.0	n/a	216.7	130.3	3.7	402.0
255.725	0.172	fixation	n/a	232.8	131.4	691.0	n/a	n/a	n/a	n/a
255.899	0.034	saccade	n/a	230.1	132.0	n/a	314.5	140.5	3.39	269.0
255.935	0.162	fixation	n/a	325.6	142.4	680.0	n/a	n/a	n/a	n/a
256.099	0.038	saccade	n/a	328.0	142.2	n/a	409.1	145.7	3.27	279.0
256.139	0.128	fixation	n/a	422.1	148.7	649.0	n/a	n/a	n/a	n/a
256.269	0.03	saccade	n/a	424.3	151.1	n/a	573.7	147.9	5.98	394.0
256.301	0.176	fixation	n/a	571.7	150.2	660.0	n/a	n/a	n/a	n/a
256.479	0.052	saccade	n/a	567.6	152.1	n/a	120.4	211.7	17.7	677.0
256.533	0.4	fixation	n/a	140.7	214.2	714.0	n/a	n/a	n/a	n/a
256.75	0.0	trigger_11	11	n/a	n/a	n/a	n/a	n/a	n/a	n/a
256.756	0.0	trigger_10	10	n/a	n/a	n/a	n/a	n/a	n/a	n/a
256.935	0.042	saccade	n/a	147.4	214.5	n/a	130.7	80.5	5.41	350.0
256.979	0.196	fixation	n/a	129.9	85.1	727.0	n/a	n/a	n/a	n/a
257.177	0.03	saccade	n/a	133.3	87.4	n/a	195.3	75.4	2.48	294.0
257.209	0.322	fixation	n/a	204.1	76.7	764.0	n/a	n/a	n/a	n/a
257.533	0.032	saccade	n/a	200.0	76.0	n/a	256.0	77.7	2.22	297.0
257.567	0.148	fixation	n/a	263.4	78.0	754.0	n/a	n/a	n/a	n/a
257.717	0.034	saccade	n/a	263.7	80.2	n/a	316.6	74.0	2.14	293.0
257.753	0.184	fixation	n/a	332.5	75.5	716.0	n/a	n/a	n/a	n/a
257.939	0.032	saccade	n/a	336.2	80.1	n/a	409.6	80.2	2.95	338.0
257.973	0.186	fixation	n/a	423.5	85.4	739.0	n/a	n/a	n/a	n/a
258.161	0.022	saccade	n/a	426.9	88.8	n/a	485.5	83.3	2.37	189.0
258.185	0.126	fixation	n/a	480.1	84.7	743.0	n/a	n/a	n/a	n/a
258.313	0.028	saccade	n/a	480.9	86.8	n/a	504.8	85.8	0.96	129.0
258.343	0.022	fixation	n/a	508.1	85.7	735.0	n/a	n/a	n/a	n/a
258.367	0.06	saccade	n/a	506.8	88.0	n/a	145.2	130.5	14.4	561.0
258.429	0.3	fixation	n/a	146.7	135.9	758.0	n/a	n/a	n/a	n/a
258.731	0.034	saccade	n/a	156.2	139.6	n/a	242.2	148.9	3.42	330.0
258.767	0.244	fixation	n/a	253.6	150.2	780.0	n/a	n/a	n/a	n/a
259.013	0.032	saccade	n/a	254.5	152.3	n/a	318.3	158.4	2.56	258.0
259.047	0.302	fixation	n/a	324.7	156.8	757.0	n/a	n/a	n/a	n/a
259.351	0.022	saccade	n/a	323.2	155.7	n/a	394.6	161.1	2.88	202.0
259.375	0.28	fixation	n/a	390.2	161.3	719.0	n/a	n/a	n/a	n/a
259.657	0.034	saccade	n/a	392.2	162.5	n/a	487.7	154.3	3.86	346.0
259.693	0.226	fixation	n/a	497.9	156.0	721.0	n/a	n/a	n/a	n/a
259.921	0.02	saccade	n/a	500.6	155.9	n/a	558.2	155.7	2.3	202.0
259.943	0.114	fixation	n/a	556.1	154.5	695.0	n/a	n/a	n/a	n/a
260.059	0.02	saccade	n/a	563.2	158.2	n/a	613.1	159.6	1.97	179.0
260.081	0.094	fixation	n/a	610.5	156.2	679.0	n/a	n/a	n/a	n/a
260.177	0.078	saccade	n/a	608.7	158.6	n/a	180.6	201.4	16.91	446.0
260.257	0.14	fixation	n/a	195.8	205.2	718.0	n/a	n/a	n/a	n/a
260.399	0.02	saccade	n/a	195.8	207.3	n/a	133.6	210.0	2.44	186.0
260.421	0.24	fixation	n/a	141.1	208.8	722.0	n/a	n/a	n/a	n/a
260.663	0.034	saccade	n/a	145.6	210.8	n/a	220.9	214.0	2.96	333.0
260.699	0.236	fixation	n/a	237.0	215.4	734.0	n/a	n/a	n/a	n/a
260.937	0.036	saccade	n/a	237.8	212.6	n/a	148.7	107.1	5.51	286.0
260.975	0.33	fixation	n/a	158.7	116.5	704.0	n/a	n/a	n/a	n/a
261.307	0.038	saccade	n/a	154.6	125.4	n/a	237.7	145.5	3.38	298.0
261.347	0.224	fixation	n/a	247.5	147.4	738.0	n/a	n/a	n/a	n/a
261.573	0.022	saccade	n/a	253.3	152.0	n/a	325.3	158.9	2.89	207.0
261.597	0.298	fixation	n/a	318.6	156.5	769.0	n/a	n/a	n/a	n/a
261.734	0.0	trigger_11	11	n/a	n/a	n/a	n/a	n/a	n/a	n/a
261.738	0.0	trigger_10	10	n/a	n/a	n/a	n/a	n/a	n/a	n/a
261.897	0.03	saccade	n/a	319.4	155.4	n/a	237.8	71.9	4.71	334.0
261.929	0.154	fixation	n/a	243.3	77.1	767.0	n/a	n/a	n/a	n/a
262.085	0.032	saccade	n/a	245.8	79.4	n/a	142.6	83.5	4.07	392.0
262.119	0.314	fixation	n/a	138.8	81.2	790.0	n/a	n/a	n/a	n/a
262.435	0.032	saccade	n/a	136.0	78.7	n/a	192.2	82.1	2.21	274.0
262.469	0.278	fixation	n/a	204.4	82.6	779.0	n/a	n/a	n/a	n/a
262.749	0.028	saccade	n/a	204.3	84.9	n/a	241.6	86.7	1.48	198.0
262.779	0.412	fixation	n/a	250.3	85.9	768.0	n/a	n/a	n/a	n/a
263.193	0.024	saccade	n/a	259.4	86.1	n/a	191.1	80.0	2.72	227.0
263.219	0.142	fixation	n/a	212.2	81.3	759.0	n/a	n/a	n/a	n/a
263.363	0.038	saccade	n/a	215.4	84.7	n/a	284.2	84.9	2.74	256.0
263.403	0.224	fixation	n/a	296.0	85.7	773.0	n/a	n/a	n/a	n/a
263.629	0.012	saccade	n/a	297.8	87.9	n/a	276.6	83.1	0.87	86.0
263.643	0.176	fixation	n/a	285.6	89.3	788.0	n/a	n/a	n/a	n/a
263.821	0.046	saccade	n/a	285.9	91.8	n/a	112.8	88.3	6.82	331.0
263.869	0.272	fixation	n/a	121.5	84.1	773.0	n/a	n/a	n/a	n/a
264.143	0.022	saccade	n/a	122.6	83.5	n/a	173.8	74.0	2.04	148.0
264.167	0.13	fixation	n/a	167.0	76.0	766.0	n/a	n/a	n/a	n/a
264.299	0.024	saccade	n/a	170.5	75.3	n/a	222.2	78.5	2.04	168.0
264.325	0.23	fixation	n/a	214.4	79.2	766.0	n/a	n/a	n/a	n/a
264.557	0.01	saccade	n/a	221.6	80.3	n/a	242.2	82.7	0.82	86.0
264.569	0.386	fixation	n/a	249.5	81.0	774.0	n/a	n/a	n/a	n/a
264.752	0.0	trigger_11	11	n/a	n/a	n/a	n/a	n/a	n/a	n/a
264.76	0.0	trigger_10	10	n/a	n/a	n/a	n/a	n/a	n/a	n/a
264.957	0.026	saccade	n/a	253.5	84.7	n/a	132.3	75.1	4.79	383.0
264.985	0.26	fixation	n/a	150.0	71.5	813.0	n/a	n/a	n/a	n/a
265.247	0.036	saccade	n/a	147.1	74.3	n/a	218.3	83.6	2.83	246.0
265.285	0.118	fixation	n/a	227.7	85.0	835.0	n/a	n/a	n/a	n/a
265.405	0.032	saccade	n/a	227.0	84.1	n/a	168.9	82.9	2.29	223.0
265.439	0.116	fixation	n/a	167.5	80.2	816.0	n/a	n/a	n/a	n/a
265.557	0.024	saccade	n/a	167.0	82.7	n/a	222.3	83.9	2.18	187.0
265.583	0.124	fixation	n/a	215.6	83.6	796.0	n/a	n/a	n/a	n/a
265.709	0.046	saccade	n/a	214.7	84.3	n/a	117.2	72.2	3.85	320.0
265.757	0.166	fixation	n/a	117.7	74.3	814.0	n/a	n/a	n/a	n/a
265.925	0.032	saccade	n/a	123.2	75.3	n/a	246.4	83.4	4.85	402.0
265.959	0.236	fixation	n/a	265.4	87.5	840.0	n/a	n/a	n/a	n/a
266.197	0.032	saccade	n/a	268.3	91.3	n/a	304.0	88.1	1.44	201.0
266.231	0.188	fixation	n/a	310.1	89.4	813.0	n/a	n/a	n/a	n/a
266.421	0.032	saccade	n/a	309.9	88.1	n/a	357.7	89.8	1.92	215.0
266.455	0.166	fixation	n/a	362.1	88.7	760.0	n/a	n/a	n/a	n/a
266.623	0.012	saccade	n/a	366.3	90.1	n/a	385.4	86.1	0.79	73.0
266.637	0.168	fixation	n/a	386.2	85.4	748.0	n/a	n/a	n/a	n/a
266.807	0.042	saccade	n/a	371.3	83.1	n/a	306.5	86.4	2.61	138.0
266.851	0.31	fixation	n/a	313.1	81.0	762.0	n/a	n/a	n/a	n/a
267.163	0.19	saccade	n/a	312.8	79.1	n/a	408.3	76.8	3.84	420.0
267.273	0.018	blink	n/a	n/a	n/a	n/a	n/a	n/a	n/a	n/a
267.355	0.188	fixation	n/a	420.6	77.2	703.0	n/a	n/a	n/a	n/a
267.545	0.19	saccade	n/a	422.7	93.5	n/a	475.1	74.3	2.25	779.0
267.575	0.124	blink	n/a	n/a	n/a	n/a	n/a	n/a	n/a	n/a
267.737	0.382	fixation	n/a	500.8	67.9	683.0	n/a	n/a	n/a	n/a
268.121	0.076	saccade	n/a	515.1	72.8	n/a	89.6	137.5	16.89	514.0
268.199	0.154	fixation	n/a	102.3	131.0	722.0	n/a	n/a	n/a	n/a
268.355	0.042	saccade	n/a	105.6	131.3	n/a	172.9	130.7	2.62	276.0
268.399	0.146	fixation	n/a	176.5	132.9	718.0	n/a	n/a	n/a	n/a
268.547	0.034	saccade	n/a	179.4	138.1	n/a	253.3	143.4	2.93	348.0
268.583	0.254	fixation	n/a	268.6	148.7	726.0	n/a	n/a	n/a	n/a
268.839	0.034	saccade	n/a	271.5	151.7	n/a	341.0	149.7	2.79	294.0
268.875	0.192	fixation	n/a	355.3	148.9	715.0	n/a	n/a	n/a	n/a
269.069	0.034	saccade	n/a	360.5	153.3	n/a	434.4	147.7	2.99	367.0
269.105	0.236	fixation	n/a	443.3	150.8	696.0	n/a	n/a	n/a	n/a
269.343	0.034	saccade	n/a	445.8	157.3	n/a	532.5	154.6	3.48	394.0
269.379	0.238	fixation	n/a	549.5	155.8	738.0	n/a	n/a	n/a	n/a
269.619	0.032	saccade	n/a	550.5	155.0	n/a	484.9	153.4	2.62	242.0
269.653	0.134	fixation	n/a	482.8	160.4	789.0	n/a	n/a	n/a	n/a
269.789	0.034	saccade	n/a	481.9	162.2	n/a	404.5	165.9	3.12	377.0
269.825	0.182	fixation	n/a	394.3	165.8	792.0	n/a	n/a	n/a	n/a
270.009	0.02	saccade	n/a	396.9	168.2	n/a	354.0	165.8	1.73	126.0
270.031	0.136	fixation	n/a	362.4	165.3	843.0	n/a	n/a	n/a	n/a
270.169	0.044	saccade	n/a	363.3	167.1	n/a	532.3	152.1	6.8	539.0
270.215	0.492	fixation	n/a	547.9	157.2	889.0	n/a	n/a	n/a	n/a
270.544	0.0	trigger_11	11	n/a	n/a	n/a	n/a	n/a	n/a	n/a
270.55	0.0	trigger_10	10	n/a	n/a	n/a	n/a	n/a	n/a	n/a
270.709	0.056	saccade	n/a	544.5	156.8	n/a	203.0	81.4	13.89	574.0
270.767	0.134	fixation	n/a	199.2	85.6	935.0	n/a	n/a	n/a	n/a
270.903	0.022	saccade	n/a	198.1	89.1	n/a	140.5	89.6	2.26	180.0
270.927	0.12	fixation	n/a	156.5	90.3	969.0	n/a	n/a	n/a	n/a
271.049	0.022	saccade	n/a	158.8	91.8	n/a	254.7	98.0	3.8	352.0
271.073	0.216	fixation	n/a	244.2	97.8	996.0	n/a	n/a	n/a	n/a
271.291	0.032	saccade	n/a	242.5	96.5	n/a	298.0	90.6	2.23	307.0
271.325	0.186	fixation	n/a	307.8	94.2	941.0	n/a	n/a	n/a	n/a
271.513	0.034	saccade	n/a	309.9	96.5	n/a	387.7	100.5	3.14	374.0
271.549	0.162	fixation	n/a	397.2	100.0	1000.0	n/a	n/a	n/a	n/a
271.713	0.02	saccade	n/a	398.9	100.8	n/a	434.6	102.8	1.44	153.0
271.735	0.152	fixation	n/a	427.4	100.0	1016.0	n/a	n/a	n/a	n/a
271.889	0.034	saccade	n/a	428.9	100.1	n/a	490.9	98.8	2.5	356.0
271.925	0.38	fixation	n/a	501.6	98.2	964.0	n/a	n/a	n/a	n/a
272.307	0.016	saccade	n/a	499.2	96.2	n/a	530.5	94.6	1.26	104.0
272.325	0.336	fixation	n/a	521.3	88.4	961.0	n/a	n/a	n/a	n/a
272.663	0.016	saccade	n/a	521.1	88.8	n/a	535.0	88.7	0.56	81.0
272.681	0.082	fixation	n/a	533.5	88.0	971.0	n/a	n/a	n/a	n/a
272.765	0.036	saccade	n/a	533.1	90.3	n/a	326.2	91.1	8.29	486.0
272.803	0.108	fixation	n/a	336.1	89.9	1000.0	n/a	n/a	n/a	n/a
272.913	0.05	saccade	n/a	338.2	92.0	n/a	186.1	85.8	6.05	337.0
272.965	0.272	fixation	n/a	190.0	90.9	1061.0	n/a	n/a	n/a	n/a
273.239	0.034	saccade	n/a	194.2	91.2	n/a	254.8	92.3	2.41	280.0
273.275	0.146	fixation	n/a	261.5	93.9	1059.0	n/a	n/a	n/a	n/a
273.423	0.03	saccade	n/a	264.1	97.2	n/a	295.9	90.7	1.3	208.0
273.455	0.15	fixation	n/a	303.9	92.4	1048.0	n/a	n/a	n/a	n/a
273.607	0.032	saccade	n/a	305.5	92.8	n/a	372.9	94.4	2.71	338.0
273.641	0.204	fixation	n/a	379.6	93.2	1090.0	n/a	n/a	n/a	n/a
273.847	0.032	saccade	n/a	382.7	93.1	n/a	435.4	92.3	2.13	332.0
273.881	0.158	fixation	n/a	444.4	90.4	1088.0	n/a	n/a	n/a	n/a
274.041	0.034	saccade	n/a	445.5	94.3	n/a	510.8	92.7	2.62	318.0
274.077	0.262	fixation	n/a	519.6	94.1	1046.0	n/a	n/a	n/a	n/a
274.341	0.058	saccade	n/a	521.4	94.7	n/a	181.5	157.5	13.73	527.0
274.401	0.24	fixation	n/a	176.0	163.5	1065.0	n/a	n/a	n/a	n/a
274.643	0.028	saccade	n/a	171.3	163.3	n/a	212.9	163.8	1.64	237.0
274.673	0.144	fixation	n/a	219.3	164.6	1055.0	n/a	n/a	n/a	n/a
274.819	0.036	saccade	n/a	219.9	164.9	n/a	287.3	155.1	2.71	330.0
274.857	0.184	fixation	n/a	304.7	158.4	1010.0	n/a	n/a	n/a	n/a
275.043	0.036	saccade	n/a	306.9	159.9	n/a	395.0	155.2	3.55	386.0
275.081	0.19	fixation	n/a	405.8	154.6	1018.0	n/a	n/a	n/a	n/a
275.273	0.032	saccade	n/a	409.6	158.0	n/a	473.4	149.2	2.59	346.0
275.307	0.238	fixation	n/a	486.3	154.8	986.0	n/a	n/a	n/a	n/a
275.547	0.032	saccade	n/a	487.6	157.3	n/a	539.2	145.9	2.12	273.0
275.581	0.318	fixation	n/a	550.6	150.0	941.0	n/a	n/a	n/a	n/a
275.901	0.032	saccade	n/a	552.1	148.9	n/a	418.4	130.9	5.41	336.0
275.935	0.076	fixation	n/a	426.0	124.6	964.0	n/a	n/a	n/a	n/a
276.013	0.076	saccade	n/a	427.2	127.0	n/a	171.0	106.9	10.22	431.0
276.091	0.506	fixation	n/a	184.7	98.9	1016.0	n/a	n/a	n/a	n/a
276.376	0.0	trigger_11	11	n/a	n/a	n/a	n/a	n/a	n/a	n/a
276.382	0.0	trigger_10	10	n/a	n/a	n/a	n/a	n/a	n/a	n/a
276.599	0.02	saccade	n/a	182.8	100.3	n/a	144.1	99.1	1.52	164.0
276.621	0.108	fixation	n/a	155.3	99.8	1067.0	n/a	n/a	n/a	n/a
276.731	0.032	saccade	n/a	152.5	102.9	n/a	219.1	106.5	2.63	372.0
276.765	0.236	fixation	n/a	235.6	104.5	1061.0	n/a	n/a	n/a	n/a
277.003	0.032	saccade	n/a	237.5	105.3	n/a	278.6	97.0	1.68	258.0
277.037	0.348	fixation	n/a	289.5	99.0	960.0	n/a	n/a	n/a	n/a
277.387	0.022	saccade	n/a	289.8	98.3	n/a	338.3	93.1	1.96	174.0
277.411	0.14	fixation	n/a	328.7	91.0	913.0	n/a	n/a	n/a	n/a
277.553	0.032	saccade	n/a	330.5	92.0	n/a	395.9	94.7	2.63	299.0
277.587	0.228	fixation	n/a	400.5	94.5	933.0	n/a	n/a	n/a	n/a
277.817	0.02	saccade	n/a	397.8	93.9	n/a	337.9	95.7	2.41	229.0
277.839	0.256	fixation	n/a	347.8	90.3	900.0	n/a	n/a	n/a	n/a
278.097	0.024	saccade	n/a	346.3	89.9	n/a	439.1	93.9	3.74	337.0
278.123	0.146	fixation	n/a	428.6	91.8	922.0	n/a	n/a	n/a	n/a
278.271	0.024	saccade	n/a	429.0	91.6	n/a	504.3	88.8	3.03	247.0
278.297	0.138	fixation	n/a	492.8	90.4	934.0	n/a	n/a	n/a	n/a
278.437	0.03	saccade	n/a	496.2	93.2	n/a	547.3	87.6	2.06	263.0
278.469	0.112	fixation	n/a	551.1	89.0	943.0	n/a	n/a	n/a	n/a
278.583	0.06	saccade	n/a	550.6	91.0	n/a	166.7	157.3	15.41	625.0
278.645	0.288	fixation	n/a	176.5	156.4	1002.0	n/a	n/a	n/a	n/a
278.935	0.034	saccade	n/a	178.4	152.9	n/a	223.4	154.2	1.78	282.0
278.971	0.19	fixation	n/a	242.1	158.7	1002.0	n/a	n/a	n/a	n/a
279.163	0.032	saccade	n/a	243.3	161.1	n/a	288.5	151.2	1.85	274.0
279.197	0.074	fixation	n/a	298.1	153.3	985.0	n/a	n/a	n/a	n/a
279.273	0.044	saccade	n/a	299.9	151.2	n/a	483.9	104.9	7.63	547.0
279.319	0.332	fixation	n/a	501.1	100.6	1009.0	n/a	n/a	n/a	n/a
279.653	0.028	saccade	n/a	505.9	99.1	n/a	538.3	96.5	1.3	215.0
279.683	0.106	fixation	n/a	541.9	95.8	1014.0	n/a	n/a	n/a	n/a
279.791	0.03	saccade	n/a	543.0	98.3	n/a	570.4	92.3	1.12	215.0
279.823	0.078	fixation	n/a	578.3	94.0	994.0	n/a	n/a	n/a	n/a
279.903	0.058	saccade	n/a	579.2	95.6	n/a	165.8	167.5	16.56	569.0
279.963	0.188	fixation	n/a	179.7	169.4	1041.0	n/a	n/a	n/a	n/a
280.153	0.034	saccade	n/a	178.6	169.2	n/a	214.6	164.0	1.44	229.0
280.189	0.24	fixation	n/a	228.4	167.6	1032.0	n/a	n/a	n/a	n/a
280.431	0.016	saccade	n/a	227.7	168.2	n/a	201.0	170.2	1.06	87.0
280.449	0.458	fixation	n/a	208.5	168.5	1057.0	n/a	n/a	n/a	n/a
280.909	0.018	saccade	n/a	206.9	168.6	n/a	187.6	164.4	0.78	94.0
280.929	0.314	fixation	n/a	191.4	164.9	1052.0	n/a	n/a	n/a	n/a
281.245	0.022	saccade	n/a	191.7	167.4	n/a	224.4	160.2	1.32	136.0
281.269	0.11	fixation	n/a	221.3	161.8	1059.0	n/a	n/a	n/a	n/a
281.381	0.024	saccade	n/a	223.2	161.5	n/a	178.6	108.5	2.78	247.0
281.407	0.306	fixation	n/a	188.7	110.9	1075.0	n/a	n/a	n/a	n/a
281.715	0.014	saccade	n/a	189.1	113.3	n/a	164.4	111.7	0.97	102.0
281.731	0.14	fixation	n/a	169.3	113.1	1123.0	n/a	n/a	n/a	n/a
281.873	0.032	saccade	n/a	164.9	112.9	n/a	211.6	108.0	1.85	301.0
281.907	0.144	fixation	n/a	220.6	109.9	1102.0	n/a	n/a	n/a	n/a
282.053	0.036	saccade	n/a	221.5	108.8	n/a	264.9	107.6	1.73	203.0
282.091	0.184	fixation	n/a	273.9	106.0	1088.0	n/a	n/a	n/a	n/a
282.277	0.028	saccade	n/a	274.2	104.4	n/a	217.8	104.1	2.25	223.0
282.307	0.286	fixation	n/a	226.3	105.8	1077.0	n/a	n/a	n/a	n/a
282.595	0.02	saccade	n/a	226.3	105.7	n/a	276.3	101.4	2.0	180.0
282.617	0.132	fixation	n/a	268.1	105.9	1034.0	n/a	n/a	n/a	n/a
282.751	0.036	saccade	n/a	267.0	105.5	n/a	327.2	95.2	2.45	312.0
282.789	0.178	fixation	n/a	340.4	99.5	978.0	n/a	n/a	n/a	n/a
282.969	0.034	saccade	n/a	342.9	100.2	n/a	408.4	96.3	2.64	348.0
283.005	0.472	fixation	n/a	416.1	98.9	961.0	n/a	n/a	n/a	n/a
283.479	0.03	saccade	n/a	416.0	100.8	n/a	457.1	97.1	1.66	200.0
283.511	0.222	fixation	n/a	460.5	99.3	935.0	n/a	n/a	n/a	n/a
283.735	0.032	saccade	n/a	460.9	98.0	n/a	499.6	92.7	1.57	202.0
283.769	0.202	fixation	n/a	506.3	93.1	905.0	n/a	n/a	n/a	n/a
283.973	0.024	saccade	n/a	506.6	91.3	n/a	554.2	90.9	1.9	191.0
283.999	0.228	fixation	n/a	548.0	91.9	884.0	n/a	n/a	n/a	n/a
284.229	0.05	saccade	n/a	541.8	92.6	n/a	159.9	142.2	15.23	599.0
284.281	0.294	fixation	n/a	161.6	141.0	932.0	n/a	n/a	n/a	n/a
284.577	0.022	saccade	n/a	162.3	141.0	n/a	217.9	152.7	2.24	216.0
284.601	0.124	fixation	n/a	211.7	153.9	936.0	n/a	n/a	n/a	n/a
284.727	0.056	saccade	n/a	213.3	156.4	n/a	234.6	198.9	1.92	58.0
284.785	0.606	fixation	n/a	196.2	158.5	924.0	n/a	n/a	n/a	n/a
285.393	0.038	saccade	n/a	185.3	157.1	n/a	270.2	156.2	3.37	381.0
285.433	0.2	fixation	n/a	287.9	156.9	901.0	n/a	n/a	n/a	n/a
285.635	0.038	saccade	n/a	286.6	158.3	n/a	351.2	161.4	2.59	314.0
285.675	0.264	fixation	n/a	367.8	160.8	853.0	n/a	n/a	n/a	n/a
285.941	0.036	saccade	n/a	368.0	161.0	n/a	471.0	155.9	4.15	450.0
285.979	0.252	fixation	n/a	484.9	153.3	841.0	n/a	n/a	n/a	n/a
286.233	0.034	saccade	n/a	485.6	153.5	n/a	557.4	154.2	2.87	309.0
286.269	0.136	fixation	n/a	570.1	152.3	830.0	n/a	n/a	n/a	n/a
286.407	0.062	saccade	n/a	570.5	149.7	n/a	141.8	227.4	17.13	521.0
286.471	0.21	fixation	n/a	154.6	232.0	888.0	n/a	n/a	n/a	n/a
286.683	0.024	saccade	n/a	159.7	232.6	n/a	134.0	209.7	1.36	118.0
286.709	0.04	fixation	n/a	143.3	210.0	881.0	n/a	n/a	n/a	n/a
286.751	0.052	saccade	n/a	144.1	210.6	n/a	159.2	70.9	5.64	263.0
286.805	0.34	fixation	n/a	164.7	65.6	848.0	n/a	n/a	n/a	n/a
286.842	0.0	trigger_11	11	n/a	n/a	n/a	n/a	n/a	n/a	n/a
286.848	0.0	trigger_10	10	n/a	n/a	n/a	n/a	n/a	n/a	n/a
287.147	0.034	saccade	n/a	172.6	71.8	n/a	239.1	82.6	2.66	352.0
287.183	0.212	fixation	n/a	250.7	86.5	948.0	n/a	n/a	n/a	n/a
287.397	0.03	saccade	n/a	253.3	87.2	n/a	285.8	90.0	1.3	206.0
287.429	0.308	fixation	n/a	292.7	88.3	930.0	n/a	n/a	n/a	n/a
287.739	0.024	saccade	n/a	291.1	88.5	n/a	230.3	88.9	2.42	217.0
287.765	0.074	fixation	n/a	242.4	87.5	900.0	n/a	n/a	n/a	n/a
287.841	0.038	saccade	n/a	244.3	89.1	n/a	308.6	85.4	2.58	338.0
287.881	0.42	fixation	n/a	329.6	90.4	875.0	n/a	n/a	n/a	n/a
288.303	0.034	saccade	n/a	329.7	92.3	n/a	418.4	86.3	3.58	437.0
288.339	0.22	fixation	n/a	432.8	87.2	877.0	n/a	n/a	n/a	n/a
288.561	0.036	saccade	n/a	433.4	90.3	n/a	538.7	87.4	4.22	378.0
288.599	0.228	fixation	n/a	549.0	86.1	838.0	n/a	n/a	n/a	n/a
288.829	0.232	saccade	n/a	549.9	92.4	n/a	479.2	77.1	2.9	452.0
288.905	0.12	blink	n/a	n/a	n/a	n/a	n/a	n/a	n/a	n/a
289.063	0.132	fixation	n/a	483.2	93.5	830.0	n/a	n/a	n/a	n/a
289.197	0.188	saccade	n/a	492.0	108.8	n/a	612.3	120.5	4.81	825.0
289.227	0.126	blink	n/a	n/a	n/a	n/a	n/a	n/a	n/a	n/a
289.387	0.258	fixation	n/a	600.6	85.2	761.0	n/a	n/a	n/a	n/a
289.647	0.034	saccade	n/a	592.1	75.0	n/a	640.2	68.8	1.91	327.0
289.683	0.146	fixation	n/a	653.4	72.4	758.0	n/a	n/a	n/a	n/a
289.831	0.06	saccade	n/a	654.8	78.3	n/a	136.0	127.8	20.32	562.0
289.893	0.234	fixation	n/a	134.6	134.3	796.0	n/a	n/a	n/a	n/a
290.129	0.03	saccade	n/a	135.6	139.6	n/a	182.7	145.8	1.86	279.0
290.161	0.296	fixation	n/a	199.0	148.3	827.0	n/a	n/a	n/a	n/a
290.459	0.034	saccade	n/a	201.0	151.6	n/a	256.2	150.4	2.19	313.0
290.495	0.16	fixation	n/a	272.7	153.1	841.0	n/a	n/a	n/a	n/a
290.657	0.03	saccade	n/a	273.3	154.0	n/a	310.5	156.6	1.49	216.0
290.689	0.288	fixation	n/a	319.3	158.4	850.0	n/a	n/a	n/a	n/a
290.979	0.02	saccade	n/a	319.0	159.8	n/a	285.5	163.5	1.35	145.0
291.001	0.286	fixation	n/a	289.0	162.8	875.0	n/a	n/a	n/a	n/a
291.289	0.036	saccade	n/a	285.8	162.4	n/a	196.6	95.8	4.46	325.0
291.327	0.274	fixation	n/a	208.1	100.6	870.0	n/a	n/a	n/a	n/a
291.603	0.022	saccade	n/a	211.2	104.0	n/a	261.5	101.8	2.01	168.0
291.627	0.642	fixation	n/a	259.6	103.7	909.0	n/a	n/a	n/a	n/a
291.866	0.0	trigger_11	11	n/a	n/a	n/a	n/a	n/a	n/a	n/a
291.868	0.0	trigger_18	18	n/a	n/a	n/a	n/a	n/a	n/a	n/a
292.271	0.028	saccade	n/a	262.4	105.0	n/a	163.7	94.7	3.93	253.0
292.301	0.502	fixation	n/a	178.3	100.5	998.0	n/a	n/a	n/a	n/a
292.805	0.178	saccade	n/a	197.6	112.4	n/a	212.8	112.1	0.6	632.0
292.857	0.074	blink	n/a	n/a	n/a	n/a	n/a	n/a	n/a	n/a
292.985	0.304	fixation	n/a	226.3	87.6	1101.0	n/a	n/a	n/a	n/a
293.291	0.02	saccade	n/a	225.0	88.2	n/a	182.8	101.7	1.76	141.0
293.313	0.124	fixation	n/a	192.4	101.8	1155.0	n/a	n/a	n/a	n/a
293.439	0.042	saccade	n/a	196.9	104.6	n/a	282.9	95.7	3.44	373.0
293.483	0.192	fixation	n/a	303.4	98.0	1085.0	n/a	n/a	n/a	n/a
293.677	0.028	saccade	n/a	304.7	98.9	n/a	333.0	157.3	2.64	391.0
293.707	0.266	fixation	n/a	335.5	142.7	1011.0	n/a	n/a	n/a	n/a
293.975	0.02	saccade	n/a	341.6	141.6	n/a	286.0	162.6	2.39	196.0
293.997	0.196	fixation	n/a	299.1	160.7	1033.0	n/a	n/a	n/a	n/a
294.195	0.182	saccade	n/a	313.4	177.9	n/a	212.2	161.2	4.09	676.0
294.223	0.112	blink	n/a	n/a	n/a	n/a	n/a	n/a	n/a	n/a
