onset	duration	trial_type	value	gaze_x	gaze_y	pupil_size	sacc_endx	sacc_endy	sacc_amplitude	sacc_peakvel
2.034	1.814	fixation	n/a	401.6	300.3	538.0	n/a	n/a	n/a	n/a
2.038	0.0	trigger_101	101	n/a	n/a	n/a	n/a	n/a	n/a	n/a
2.04	0.0	trigger_19	19	n/a	n/a	n/a	n/a	n/a	n/a	n/a
2.046	0.0	trigger_12	12	n/a	n/a	n/a	n/a	n/a	n/a	n/a
3.85	0.104	saccade	n/a	403.2	296.8	n/a	-174.6	421.7	21.77	341.0
3.956	0.22	fixation	n/a	-170.5	422.1	727.0	n/a	n/a	n/a	n/a
4.178	0.076	saccade	n/a	-175.8	423.6	n/a	327.5	245.2	19.73	548.0
4.256	0.06	fixation	n/a	327.1	244.3	665.0	n/a	n/a	n/a	n/a
4.258	0.0	trigger_13	13	n/a	n/a	n/a	n/a	n/a	n/a	n/a
4.318	0.044	saccade	n/a	325.6	244.4	n/a	283.0	136.6	4.7	380.0
4.364	0.098	fixation	n/a	279.4	129.6	655.0	n/a	n/a	n/a	n/a
4.464	0.026	saccade	n/a	277.4	127.2	n/a	185.8	88.0	3.97	307.0
4.492	0.136	fixation	n/a	192.0	82.4	559.0	n/a	n/a	n/a	n/a
4.63	0.02	saccade	n/a	192.7	80.2	n/a	163.2	74.4	1.18	132.0
4.652	0.19	fixation	n/a	165.8	74.6	504.0	n/a	n/a	n/a	n/a
4.844	0.022	saccade	n/a	165.4	75.0	n/a	242.5	77.5	3.05	240.0
4.868	0.21	fixation	n/a	254.4	80.0	495.0	n/a	n/a	n/a	n/a
5.08	0.03	saccade	n/a	257.1	80.4	n/a	364.8	71.7	4.33	246.0
5.112	0.17	fixation	n/a	365.3	70.6	501.0	n/a	n/a	n/a	n/a
5.242	0.0	trigger_15	15	n/a	n/a	n/a	n/a	n/a	n/a	n/a
5.244	0.0	trigger_10	10	n/a	n/a	n/a	n/a	n/a	n/a	n/a
5.284	0.032	saccade	n/a	365.1	71.3	n/a	488.4	66.2	4.97	247.0
5.318	0.218	fixation	n/a	486.9	68.7	507.0	n/a	n/a	n/a	n/a
5.538	0.022	saccade	n/a	484.3	69.8	n/a	421.3	68.9	2.54	227.0
5.562	0.112	fixation	n/a	428.5	69.2	527.0	n/a	n/a	n/a	n/a
5.676	0.02	saccade	n/a	431.1	71.7	n/a	364.5	81.7	2.72	229.0
5.698	0.13	fixation	n/a	373.7	84.0	555.0	n/a	n/a	n/a	n/a
5.83	0.026	saccade	n/a	373.9	87.2	n/a	455.5	72.0	3.34	212.0
5.858	0.16	fixation	n/a	451.1	72.9	560.0	n/a	n/a	n/a	n/a
6.02	0.026	saccade	n/a	451.5	74.4	n/a	522.2	78.5	2.84	204.0
6.048	0.386	fixation	n/a	514.7	78.2	536.0	n/a	n/a	n/a	n/a
6.298	0.0	trigger_11	11	n/a	n/a	n/a	n/a	n/a	n/a	n/a
6.304	0.0	trigger_10	10	n/a	n/a	n/a	n/a	n/a	n/a	n/a
6.436	0.048	saccade	n/a	515.3	79.1	n/a	216.9	95.3	11.91	406.0
6.486	0.126	fixation	n/a	224.4	100.4	614.0	n/a	n/a	n/a	n/a
6.614	0.018	saccade	n/a	226.4	103.7	n/a	204.9	89.8	1.02	110.0
6.634	0.144	fixation	n/a	208.0	95.0	671.0	n/a	n/a	n/a	n/a
6.78	0.022	saccade	n/a	206.9	97.5	n/a	156.6	86.5	2.03	174.0
6.804	0.21	fixation	n/a	163.9	83.9	666.0	n/a	n/a	n/a	n/a
7.016	0.022	saccade	n/a	162.7	82.2	n/a	234.3	87.9	2.83	242.0
7.04	0.4	fixation	n/a	240.7	92.1	661.0	n/a	n/a	n/a	n/a
7.442	0.02	saccade	n/a	240.5	93.8	n/a	169.3	82.9	2.85	226.0
7.464	0.262	fixation	n/a	158.8	80.1	655.0	n/a	n/a	n/a	n/a
7.728	0.03	saccade	n/a	157.5	76.4	n/a	266.1	86.0	4.32	260.0
7.76	0.16	fixation	n/a	269.6	87.0	621.0	n/a	n/a	n/a	n/a
7.922	0.018	saccade	n/a	270.5	89.9	n/a	222.6	88.1	1.91	167.0
7.942	0.19	fixation	n/a	230.2	93.0	642.0	n/a	n/a	n/a	n/a
8.134	0.024	saccade	n/a	229.7	95.1	n/a	317.4	90.3	3.51	258.0
8.16	0.338	fixation	n/a	312.4	92.1	675.0	n/a	n/a	n/a	n/a
8.5	0.026	saccade	n/a	311.9	94.4	n/a	197.9	81.5	4.57	310.0
8.528	0.12	fixation	n/a	197.1	84.8	679.0	n/a	n/a	n/a	n/a
8.65	0.022	saccade	n/a	197.5	85.2	n/a	146.7	84.4	2.0	158.0
8.674	0.212	fixation	n/a	151.5	86.3	677.0	n/a	n/a	n/a	n/a
8.888	0.02	saccade	n/a	149.8	83.3	n/a	221.9	90.3	2.85	213.0
8.91	0.298	fixation	n/a	238.4	88.7	648.0	n/a	n/a	n/a	n/a
9.21	0.022	saccade	n/a	237.6	88.6	n/a	304.4	89.1	2.67	202.0
9.234	0.116	fixation	n/a	313.3	84.9	618.0	n/a	n/a	n/a	n/a
9.352	0.022	saccade	n/a	311.1	84.3	n/a	391.3	79.7	3.23	228.0
9.376	0.292	fixation	n/a	392.0	75.7	560.0	n/a	n/a	n/a	n/a
9.67	0.02	saccade	n/a	393.4	74.0	n/a	468.3	74.2	3.01	226.0
9.692	0.15	fixation	n/a	480.0	78.2	531.0	n/a	n/a	n/a	n/a
9.844	0.038	saccade	n/a	481.6	79.3	n/a	321.3	69.3	6.45	299.0
9.884	0.242	fixation	n/a	323.9	73.2	549.0	n/a	n/a	n/a	n/a
10.128	0.012	saccade	n/a	322.4	77.9	n/a	293.8	85.9	1.19	108.0
10.142	0.16	fixation	n/a	293.2	86.7	610.0	n/a	n/a	n/a	n/a
10.304	0.024	saccade	n/a	292.8	90.0	n/a	376.7	85.6	3.37	246.0
10.33	0.192	fixation	n/a	378.2	87.8	647.0	n/a	n/a	n/a	n/a
10.524	0.008	saccade	n/a	377.1	89.3	n/a	361.8	92.7	0.63	75.0
10.534	0.11	fixation	n/a	362.3	91.4	656.0	n/a	n/a	n/a	n/a
10.646	0.03	saccade	n/a	363.2	92.4	n/a	487.8	90.8	5.01	318.0
10.678	0.15	fixation	n/a	488.8	90.8	630.0	n/a	n/a	n/a	n/a
10.83	0.024	saccade	n/a	489.2	89.6	n/a	579.4	90.8	3.6	250.0
10.856	0.364	fixation	n/a	573.7	93.8	624.0	n/a	n/a	n/a	n/a
10.874	0.0	trigger_11	11	n/a	n/a	n/a	n/a	n/a	n/a	n/a
10.882	0.0	trigger_10	10	n/a	n/a	n/a	n/a	n/a	n/a	n/a
11.222	0.062	saccade	n/a	574.9	94.0	n/a	228.6	150.7	13.93	341.0
11.286	0.114	fixation	n/a	223.9	152.4	674.0	n/a	n/a	n/a	n/a
11.402	0.024	saccade	n/a	222.5	153.6	n/a	143.2	152.3	3.12	230.0
11.428	0.194	fixation	n/a	147.9	151.9	680.0	n/a	n/a	n/a	n/a
11.624	0.04	saccade	n/a	147.9	150.4	n/a	301.1	151.5	6.07	260.0
11.666	0.154	fixation	n/a	297.6	152.5	664.0	n/a	n/a	n/a	n/a
11.822	0.028	saccade	n/a	297.4	152.5	n/a	400.8	144.2	4.17	242.0
11.852	0.138	fixation	n/a	397.1	144.1	639.0	n/a	n/a	n/a	n/a
11.992	0.026	saccade	n/a	395.9	144.0	n/a	480.2	149.2	3.4	229.0
12.02	0.134	fixation	n/a	479.5	150.1	627.0	n/a	n/a	n/a	n/a
12.156	0.024	saccade	n/a	478.9	149.4	n/a	548.6	146.6	2.79	203.0
12.182	0.154	fixation	n/a	551.6	148.4	617.0	n/a	n/a	n/a	n/a
12.338	0.044	saccade	n/a	555.1	150.7	n/a	377.3	199.1	7.38	339.0
12.384	0.172	fixation	n/a	383.7	195.3	625.0	n/a	n/a	n/a	n/a
12.558	0.032	saccade	n/a	383.2	196.5	n/a	534.3	204.2	6.05	297.0
12.592	0.2	fixation	n/a	534.1	205.6	623.0	n/a	n/a	n/a	n/a
12.794	0.042	saccade	n/a	536.5	205.8	n/a	368.8	101.7	7.94	369.0
12.838	0.25	fixation	n/a	364.4	91.5	564.0	n/a	n/a	n/a	n/a
13.09	0.042	saccade	n/a	361.8	87.3	n/a	167.5	77.3	7.74	296.0
13.134	0.16	fixation	n/a	170.7	77.8	552.0	n/a	n/a	n/a	n/a
13.296	0.012	saccade	n/a	169.9	77.1	n/a	146.9	80.6	0.91	92.0
13.31	0.182	fixation	n/a	152.3	79.0	582.0	n/a	n/a	n/a	n/a
13.494	0.022	saccade	n/a	151.6	78.2	n/a	217.2	74.6	2.59	217.0
13.518	0.102	fixation	n/a	217.8	74.0	583.0	n/a	n/a	n/a	n/a
13.622	0.02	saccade	n/a	218.3	75.3	n/a	278.6	67.3	2.42	213.0
13.644	0.238	fixation	n/a	277.8	72.9	602.0	n/a	n/a	n/a	n/a
13.884	0.022	saccade	n/a	282.0	76.8	n/a	335.3	78.2	2.14	180.0
13.908	0.166	fixation	n/a	328.8	79.9	626.0	n/a	n/a	n/a	n/a
14.076	0.016	saccade	n/a	329.9	77.1	n/a	297.6	71.8	1.31	120.0
14.094	0.21	fixation	n/a	300.6	69.4	579.0	n/a	n/a	n/a	n/a
14.306	0.018	saccade	n/a	299.6	68.8	n/a	350.2	69.8	2.03	172.0
14.326	0.42	fixation	n/a	355.8	71.6	557.0	n/a	n/a	n/a	n/a
14.748	0.012	saccade	n/a	354.2	73.1	n/a	331.9	77.3	0.91	92.0
14.762	0.088	fixation	n/a	335.6	76.8	571.0	n/a	n/a	n/a	n/a
14.852	0.03	saccade	n/a	336.4	77.0	n/a	445.0	76.8	4.37	244.0
14.884	0.2	fixation	n/a	447.7	78.3	569.0	n/a	n/a	n/a	n/a
15.086	0.022	saccade	n/a	448.0	80.0	n/a	506.7	85.0	2.36	194.0
15.11	0.166	fixation	n/a	503.9	88.2	594.0	n/a	n/a	n/a	n/a
15.278	0.016	saccade	n/a	504.1	87.4	n/a	535.9	90.3	1.28	120.0
15.296	0.174	fixation	n/a	530.9	91.2	580.0	n/a	n/a	n/a	n/a
15.472	0.028	saccade	n/a	530.6	87.7	n/a	494.0	149.8	2.92	188.0
15.502	0.166	fixation	n/a	494.0	151.4	589.0	n/a	n/a	n/a	n/a
15.67	0.186	saccade	n/a	487.8	152.9	n/a	403.7	68.0	4.84	566.0
15.724	0.11	blink	n/a	n/a	n/a	n/a	n/a	n/a	n/a	n/a
15.858	0.178	fixation	n/a	402.3	69.7	562.0	n/a	n/a	n/a	n/a
15.97	0.0	trigger_11	11	n/a	n/a	n/a	n/a	n/a	n/a	n/a
15.976	0.0	trigger_10	10	n/a	n/a	n/a	n/a	n/a	n/a	n/a
16.038	0.028	saccade	n/a	404.3	69.8	n/a	490.5	66.5	3.47	181.0
16.068	0.122	fixation	n/a	486.8	74.8	570.0	n/a	n/a	n/a	n/a
16.192	0.02	saccade	n/a	487.6	74.3	n/a	538.2	68.9	2.04	188.0
16.214	0.122	fixation	n/a	528.6	72.5	511.0	n/a	n/a	n/a	n/a
16.338	0.052	saccade	n/a	532.4	69.8	n/a	187.2	131.6	13.93	406.0
16.392	0.122	fixation	n/a	192.0	131.7	523.0	n/a	n/a	n/a	n/a
16.516	0.018	saccade	n/a	190.2	130.6	n/a	143.3	134.4	1.85	162.0
16.536	0.144	fixation	n/a	148.8	127.3	546.0	n/a	n/a	n/a	n/a
16.682	0.024	saccade	n/a	153.9	127.6	n/a	245.8	144.2	3.69	271.0
16.708	0.204	fixation	n/a	255.9	148.1	593.0	n/a	n/a	n/a	n/a
16.914	0.024	saccade	n/a	257.6	147.2	n/a	337.0	147.5	3.18	241.0
16.94	0.158	fixation	n/a	338.9	146.9	608.0	n/a	n/a	n/a	n/a
17.1	0.026	saccade	n/a	340.4	148.0	n/a	434.4	139.2	3.8	254.0
17.128	0.346	fixation	n/a	432.6	145.6	613.0	n/a	n/a	n/a	n/a
17.476	0.024	saccade	n/a	432.5	152.6	n/a	510.8	148.2	3.15	217.0
17.502	0.146	fixation	n/a	505.1	149.2	617.0	n/a	n/a	n/a	n/a
17.65	0.022	saccade	n/a	505.6	149.7	n/a	446.7	107.2	2.93	229.0
17.674	0.492	fixation	n/a	435.7	97.0	617.0	n/a	n/a	n/a	n/a
17.69	0.0	trigger_11	11	n/a	n/a	n/a	n/a	n/a	n/a	n/a
17.696	0.0	trigger_10	10	n/a	n/a	n/a	n/a	n/a	n/a	n/a
18.168	0.046	saccade	n/a	435.2	95.9	n/a	170.2	96.3	10.54	352.0
18.216	0.122	fixation	n/a	173.7	96.9	649.0	n/a	n/a	n/a	n/a
18.34	0.02	saccade	n/a	173.6	99.5	n/a	139.5	83.4	1.49	125.0
18.362	0.226	fixation	n/a	146.7	83.5	627.0	n/a	n/a	n/a	n/a
18.59	0.02	saccade	n/a	147.5	81.5	n/a	197.8	73.4	2.0	167.0
18.612	0.16	fixation	n/a	195.8	74.6	587.0	n/a	n/a	n/a	n/a
18.774	0.024	saccade	n/a	196.6	75.7	n/a	270.9	76.6	2.95	205.0
18.8	0.122	fixation	n/a	273.9	79.6	594.0	n/a	n/a	n/a	n/a
18.924	0.022	saccade	n/a	275.0	82.4	n/a	351.8	78.8	3.09	204.0
18.948	0.27	fixation	n/a	365.6	83.8	618.0	n/a	n/a	n/a	n/a
19.22	0.02	saccade	n/a	365.1	89.6	n/a	421.2	94.0	2.27	177.0
19.242	0.1	fixation	n/a	431.2	95.3	623.0	n/a	n/a	n/a	n/a
19.344	0.024	saccade	n/a	432.1	95.6	n/a	518.0	90.4	3.46	246.0
19.37	0.112	fixation	n/a	513.7	94.3	599.0	n/a	n/a	n/a	n/a
19.484	0.062	saccade	n/a	515.5	95.2	n/a	174.3	144.5	13.69	401.0
19.548	0.342	fixation	n/a	165.2	146.7	631.0	n/a	n/a	n/a	n/a
19.892	0.024	saccade	n/a	166.0	149.5	n/a	162.7	81.6	2.74	200.0
19.918	0.196	fixation	n/a	164.1	81.4	598.0	n/a	n/a	n/a	n/a
20.116	0.01	saccade	n/a	163.9	81.0	n/a	142.7	82.1	0.83	91.0
20.128	0.124	fixation	n/a	143.0	82.5	587.0	n/a	n/a	n/a	n/a
20.254	0.024	saccade	n/a	144.5	81.9	n/a	229.3	79.4	3.34	233.0
20.28	0.19	fixation	n/a	241.4	82.5	599.0	n/a	n/a	n/a	n/a
20.472	0.02	saccade	n/a	242.1	83.4	n/a	301.8	82.5	2.39	218.0
20.494	0.12	fixation	n/a	300.6	83.7	585.0	n/a	n/a	n/a	n/a
20.616	0.026	saccade	n/a	298.5	79.2	n/a	387.0	82.9	3.56	227.0
20.644	0.132	fixation	n/a	396.2	81.2	549.0	n/a	n/a	n/a	n/a
20.778	0.024	saccade	n/a	396.4	79.2	n/a	478.8	83.0	3.32	237.0
20.804	0.276	fixation	n/a	475.9	84.7	530.0	n/a	n/a	n/a	n/a
21.082	0.012	saccade	n/a	475.5	86.6	n/a	499.3	82.8	0.97	106.0
21.096	0.082	fixation	n/a	498.4	85.4	552.0	n/a	n/a	n/a	n/a
21.18	0.046	saccade	n/a	499.4	89.2	n/a	238.5	81.2	10.44	365.0
21.228	0.17	fixation	n/a	239.0	84.0	582.0	n/a	n/a	n/a	n/a
21.4	0.022	saccade	n/a	238.5	84.0	n/a	310.9	82.4	2.9	243.0
21.424	0.118	fixation	n/a	313.5	85.3	603.0	n/a	n/a	n/a	n/a
21.544	0.024	saccade	n/a	315.4	87.7	n/a	388.4	86.1	2.94	222.0
21.57	0.106	fixation	n/a	391.3	87.7	612.0	n/a	n/a	n/a	n/a
21.678	0.022	saccade	n/a	392.2	88.1	n/a	459.0	89.5	2.69	228.0
21.702	0.168	fixation	n/a	455.8	93.1	606.0	n/a	n/a	n/a	n/a
21.872	0.024	saccade	n/a	454.6	96.3	n/a	514.4	91.1	2.41	182.0
21.898	0.088	fixation	n/a	506.0	91.2	611.0	n/a	n/a	n/a	n/a
21.988	0.056	saccade	n/a	507.0	92.1	n/a	162.5	141.5	13.79	408.0
22.046	0.23	fixation	n/a	165.5	143.1	640.0	n/a	n/a	n/a	n/a
22.278	0.02	saccade	n/a	162.3	144.5	n/a	224.0	147.1	2.44	207.0
22.3	0.154	fixation	n/a	224.5	148.3	621.0	n/a	n/a	n/a	n/a
22.456	0.02	saccade	n/a	223.6	146.0	n/a	282.6	144.2	2.35	203.0
22.478	0.24	fixation	n/a	281.0	146.9	604.0	n/a	n/a	n/a	n/a
22.72	0.018	saccade	n/a	279.6	147.0	n/a	330.0	146.3	2.02	174.0
22.74	0.134	fixation	n/a	336.6	146.4	604.0	n/a	n/a	n/a	n/a
22.876	0.022	saccade	n/a	335.0	144.7	n/a	401.1	152.0	2.68	182.0
22.9	0.458	fixation	n/a	401.9	150.3	555.0	n/a	n/a	n/a	n/a
23.004	0.0	trigger_11	11	n/a	n/a	n/a	n/a	n/a	n/a	n/a
23.01	0.0	trigger_12	12	n/a	n/a	n/a	n/a	n/a	n/a	n/a
23.36	0.018	saccade	n/a	406.2	145.3	n/a	363.7	145.0	1.71	146.0
23.38	0.154	fixation	n/a	368.7	146.2	497.0	n/a	n/a	n/a	n/a
23.536	0.024	saccade	n/a	367.6	146.2	n/a	445.3	145.1	3.13	229.0
23.562	0.126	fixation	n/a	456.7	141.3	480.0	n/a	n/a	n/a	n/a
23.69	0.02	saccade	n/a	458.5	141.0	n/a	510.8	137.8	2.1	177.0
23.712	0.104	fixation	n/a	511.8	141.4	475.0	n/a	n/a	n/a	n/a
23.818	0.052	saccade	n/a	510.7	140.1	n/a	194.0	196.1	12.77	374.0
23.872	0.128	fixation	n/a	189.4	200.5	518.0	n/a	n/a	n/a	n/a
24.002	0.02	saccade	n/a	188.9	201.1	n/a	145.8	200.8	1.69	159.0
24.024	0.208	fixation	n/a	151.6	200.6	533.0	n/a	n/a	n/a	n/a
24.234	0.036	saccade	n/a	150.5	198.9	n/a	280.4	206.0	5.14	260.0
24.272	0.196	fixation	n/a	279.4	203.1	532.0	n/a	n/a	n/a	n/a
24.47	0.028	saccade	n/a	277.8	199.7	n/a	383.1	202.7	4.22	254.0
24.5	0.16	fixation	n/a	383.8	202.5	497.0	n/a	n/a	n/a	n/a
24.662	0.026	saccade	n/a	384.4	200.1	n/a	301.5	200.4	3.32	213.0
24.69	0.182	fixation	n/a	302.9	201.4	490.0	n/a	n/a	n/a	n/a
24.874	0.026	saccade	n/a	301.4	202.1	n/a	396.8	189.5	3.86	255.0
24.902	0.306	fixation	n/a	391.6	191.6	503.0	n/a	n/a	n/a	n/a
25.21	0.048	saccade	n/a	392.3	194.1	n/a	214.9	71.6	8.65	368.0
25.26	0.118	fixation	n/a	218.1	69.0	526.0	n/a	n/a	n/a	n/a
25.38	0.022	saccade	n/a	217.2	67.4	n/a	154.8	69.6	2.46	188.0
25.404	0.256	fixation	n/a	156.3	76.3	530.0	n/a	n/a	n/a	n/a
25.662	0.02	saccade	n/a	154.2	79.6	n/a	213.1	74.0	2.33	193.0
25.684	0.154	fixation	n/a	213.2	76.3	547.0	n/a	n/a	n/a	n/a
25.84	0.02	saccade	n/a	214.9	76.9	n/a	274.0	80.3	2.36	197.0
25.862	0.196	fixation	n/a	275.0	79.1	542.0	n/a	n/a	n/a	n/a
26.06	0.024	saccade	n/a	278.3	77.7	n/a	203.9	79.6	2.96	181.0
26.086	0.278	fixation	n/a	205.0	79.7	540.0	n/a	n/a	n/a	n/a
26.366	0.022	saccade	n/a	206.2	80.4	n/a	144.7	76.7	2.42	178.0
26.39	0.198	fixation	n/a	150.0	79.3	535.0	n/a	n/a	n/a	n/a
26.59	0.028	saccade	n/a	149.7	78.6	n/a	267.3	77.2	4.65	303.0
26.62	0.246	fixation	n/a	280.4	82.7	533.0	n/a	n/a	n/a	n/a
26.868	0.022	saccade	n/a	279.6	83.1	n/a	351.4	85.5	2.89	232.0
26.892	0.414	fixation	n/a	349.5	89.4	527.0	n/a	n/a	n/a	n/a
27.308	0.028	saccade	n/a	347.7	85.3	n/a	455.2	76.6	4.33	261.0
27.338	0.186	fixation	n/a	468.0	78.7	472.0	n/a	n/a	n/a	n/a
27.526	0.024	saccade	n/a	468.1	77.1	n/a	531.9	74.3	2.56	168.0
27.552	0.166	fixation	n/a	526.6	75.6	455.0	n/a	n/a	n/a	n/a
27.72	0.008	saccade	n/a	526.7	76.1	n/a	538.2	76.5	0.46	56.0
27.73	0.058	fixation	n/a	537.6	76.0	458.0	n/a	n/a	n/a	n/a
27.79	0.024	saccade	n/a	538.8	76.3	n/a	466.9	77.3	2.88	204.0
27.816	0.204	fixation	n/a	469.5	77.8	474.0	n/a	n/a	n/a	n/a
28.022	0.024	saccade	n/a	468.2	79.9	n/a	545.3	70.9	3.11	207.0
28.048	0.454	fixation	n/a	551.5	77.1	492.0	n/a	n/a	n/a	n/a
28.504	0.056	saccade	n/a	561.1	80.1	n/a	202.8	132.2	14.37	370.0
28.562	0.134	fixation	n/a	198.8	139.0	561.0	n/a	n/a	n/a	n/a
28.698	0.02	saccade	n/a	198.0	141.7	n/a	145.8	141.6	2.05	179.0
28.72	0.4	fixation	n/a	151.9	141.1	557.0	n/a	n/a	n/a	n/a
29.122	0.01	saccade	n/a	151.8	141.7	n/a	135.0	139.6	0.66	71.0
29.134	0.194	fixation	n/a	136.9	143.5	563.0	n/a	n/a	n/a	n/a
29.308	0.0	trigger_13	13	n/a	n/a	n/a	n/a	n/a	n/a	n/a
29.33	0.022	saccade	n/a	140.3	147.3	n/a	194.8	141.9	2.15	192.0
29.354	0.154	fixation	n/a	199.3	147.3	597.0	n/a	n/a	n/a	n/a
29.51	0.034	saccade	n/a	199.4	146.6	n/a	329.6	155.5	5.2	270.0
29.546	0.224	fixation	n/a	332.6	153.8	601.0	n/a	n/a	n/a	n/a
29.772	0.024	saccade	n/a	330.8	155.2	n/a	428.7	155.7	3.94	256.0
29.798	0.104	fixation	n/a	442.9	157.5	592.0	n/a	n/a	n/a	n/a
29.904	0.022	saccade	n/a	445.4	158.7	n/a	369.3	198.6	3.46	287.0
29.928	0.206	fixation	n/a	379.2	200.9	603.0	n/a	n/a	n/a	n/a
30.136	0.02	saccade	n/a	379.3	203.0	n/a	342.5	205.6	1.48	152.0
30.158	0.124	fixation	n/a	347.1	203.3	598.0	n/a	n/a	n/a	n/a
30.284	0.028	saccade	n/a	346.0	201.5	n/a	452.2	208.3	4.27	267.0
30.314	0.22	fixation	n/a	455.3	209.9	565.0	n/a	n/a	n/a	n/a
30.536	0.04	saccade	n/a	456.5	209.7	n/a	573.9	213.7	4.68	219.0
30.578	0.14	fixation	n/a	570.4	214.0	536.0	n/a	n/a	n/a	n/a
30.636	0.0	trigger_15	15	n/a	n/a	n/a	n/a	n/a	n/a	n/a
30.64	0.0	trigger_10	10	n/a	n/a	n/a	n/a	n/a	n/a	n/a
30.72	0.022	saccade	n/a	571.3	213.1	n/a	635.2	209.0	2.52	198.0
30.744	0.128	fixation	n/a	627.7	212.4	518.0	n/a	n/a	n/a	n/a
30.874	0.066	saccade	n/a	627.4	214.8	n/a	158.4	249.9	18.41	442.0
30.942	0.16	fixation	n/a	158.7	249.4	555.0	n/a	n/a	n/a	n/a
31.104	0.018	saccade	n/a	156.4	249.8	n/a	135.4	247.6	0.82	102.0
31.124	0.046	fixation	n/a	138.1	250.2	565.0	n/a	n/a	n/a	n/a
31.172	0.024	saccade	n/a	138.1	252.2	n/a	182.4	195.1	2.87	232.0
31.198	0.318	fixation	n/a	183.3	200.6	557.0	n/a	n/a	n/a	n/a
31.518	0.028	saccade	n/a	186.7	201.0	n/a	183.6	88.0	4.57	300.0
31.548	0.218	fixation	n/a	187.9	80.3	558.0	n/a	n/a	n/a	n/a
31.768	0.04	saccade	n/a	188.5	79.1	n/a	373.5	85.0	7.37	299.0
31.81	0.174	fixation	n/a	369.2	86.6	580.0	n/a	n/a	n/a	n/a
31.986	0.042	saccade	n/a	370.7	89.2	n/a	525.4	197.5	7.6	402.0
32.03	0.174	fixation	n/a	525.4	194.2	608.0	n/a	n/a	n/a	n/a
32.206	0.026	saccade	n/a	526.6	194.4	n/a	507.4	202.7	0.84	155.0
32.234	0.126	fixation	n/a	501.1	204.8	596.0	n/a	n/a	n/a	n/a
32.362	0.032	saccade	n/a	499.1	203.4	n/a	630.5	211.1	5.21	290.0
32.396	0.166	fixation	n/a	625.6	212.9	570.0	n/a	n/a	n/a	n/a
32.564	0.046	saccade	n/a	626.0	209.6	n/a	408.5	172.7	8.78	388.0
32.612	0.214	fixation	n/a	409.8	171.9	600.0	n/a	n/a	n/a	n/a
32.828	0.04	saccade	n/a	408.6	169.2	n/a	277.1	95.7	6.07	300.0
32.87	0.122	fixation	n/a	279.3	95.5	607.0	n/a	n/a	n/a	n/a
32.994	0.03	saccade	n/a	277.6	93.8	n/a	152.0	76.5	5.01	307.0
33.026	0.384	fixation	n/a	158.7	78.4	609.0	n/a	n/a	n/a	n/a
33.412	0.02	saccade	n/a	158.4	80.6	n/a	211.2	79.5	2.08	185.0
33.434	0.126	fixation	n/a	213.2	84.3	648.0	n/a	n/a	n/a	n/a
33.562	0.022	saccade	n/a	212.9	85.5	n/a	279.6	87.8	2.66	208.0
33.586	0.326	fixation	n/a	280.2	90.3	660.0	n/a	n/a	n/a	n/a
33.914	0.024	saccade	n/a	274.2	94.4	n/a	377.1	92.0	4.13	312.0
33.94	0.288	fixation	n/a	370.3	92.6	640.0	n/a	n/a	n/a	n/a
34.23	0.024	saccade	n/a	372.5	93.6	n/a	260.4	89.4	4.5	301.0
34.256	0.256	fixation	n/a	246.4	89.8	639.0	n/a	n/a	n/a	n/a
34.514	0.018	saccade	n/a	245.6	90.4	n/a	204.2	86.3	1.65	155.0
34.534	0.132	fixation	n/a	209.9	87.0	651.0	n/a	n/a	n/a	n/a
34.668	0.022	saccade	n/a	211.1	87.6	n/a	291.7	89.0	3.21	238.0
34.692	0.19	fixation	n/a	286.4	92.0	674.0	n/a	n/a	n/a	n/a
34.884	0.018	saccade	n/a	286.8	94.6	n/a	316.0	95.4	1.17	128.0
34.904	0.124	fixation	n/a	310.8	93.7	675.0	n/a	n/a	n/a	n/a
34.956	0.0	trigger_11	11	n/a	n/a	n/a	n/a	n/a	n/a	n/a
34.962	0.0	trigger_10	10	n/a	n/a	n/a	n/a	n/a	n/a	n/a
35.03	0.022	saccade	n/a	311.4	93.6	n/a	372.6	91.3	2.46	181.0
35.054	0.148	fixation	n/a	368.5	94.1	664.0	n/a	n/a	n/a	n/a
35.204	0.022	saccade	n/a	367.3	94.6	n/a	440.4	97.2	2.95	239.0
35.228	0.286	fixation	n/a	437.1	101.2	651.0	n/a	n/a	n/a	n/a
35.516	0.016	saccade	n/a	437.4	100.5	n/a	467.2	95.8	1.21	111.0
35.534	0.05	fixation	n/a	461.2	95.9	623.0	n/a	n/a	n/a	n/a
35.586	0.024	saccade	n/a	461.2	96.7	n/a	366.7	92.4	3.81	269.0
35.612	0.172	fixation	n/a	370.4	90.6	576.0	n/a	n/a	n/a	n/a
35.786	0.194	saccade	n/a	351.9	78.2	n/a	455.9	81.0	4.19	524.0
35.824	0.132	blink	n/a	n/a	n/a	n/a	n/a	n/a	n/a	n/a
35.982	0.184	fixation	n/a	451.4	85.9	547.0	n/a	n/a	n/a	n/a
36.168	0.022	saccade	n/a	449.4	88.8	n/a	373.5	84.1	3.07	243.0
36.192	0.442	fixation	n/a	365.3	78.7	518.0	n/a	n/a	n/a	n/a
36.636	0.016	saccade	n/a	362.1	80.8	n/a	403.5	74.3	1.69	152.0
36.654	0.188	fixation	n/a	403.7	76.2	508.0	n/a	n/a	n/a	n/a
36.844	0.022	saccade	n/a	402.4	80.2	n/a	342.4	79.2	2.41	177.0
36.868	0.288	fixation	n/a	348.9	85.0	559.0	n/a	n/a	n/a	n/a
37.158	0.042	saccade	n/a	350.5	89.7	n/a	151.6	89.7	7.89	334.0
37.202	0.128	fixation	n/a	157.9	91.4	579.0	n/a	n/a	n/a	n/a
37.332	0.01	saccade	n/a	156.2	92.9	n/a	144.9	86.0	0.52	58.0
37.344	0.198	fixation	n/a	149.0	89.7	574.0	n/a	n/a	n/a	n/a
37.544	0.02	saccade	n/a	149.9	91.3	n/a	211.5	80.9	2.46	187.0
37.566	0.308	fixation	n/a	209.0	82.7	555.0	n/a	n/a	n/a	n/a
37.876	0.026	saccade	n/a	208.0	83.2	n/a	290.2	82.0	3.27	211.0
37.904	0.256	fixation	n/a	288.3	84.4	593.0	n/a	n/a	n/a	n/a
38.162	0.018	saccade	n/a	288.2	85.6	n/a	332.4	91.1	1.79	153.0
38.182	0.136	fixation	n/a	327.5	91.4	619.0	n/a	n/a	n/a	n/a
38.32	0.03	saccade	n/a	328.9	92.4	n/a	450.4	96.0	4.89	295.0
38.352	0.16	fixation	n/a	443.6	97.7	615.0	n/a	n/a	n/a	n/a
38.514	0.02	saccade	n/a	444.9	97.9	n/a	408.3	96.6	1.48	148.0
38.536	0.234	fixation	n/a	412.3	97.1	607.0	n/a	n/a	n/a	n/a
38.772	0.016	saccade	n/a	410.1	94.5	n/a	377.8	91.5	1.31	113.0
38.79	0.052	fixation	n/a	382.3	91.5	590.0	n/a	n/a	n/a	n/a
38.844	0.034	saccade	n/a	380.1	92.6	n/a	319.1	91.4	2.46	261.0
38.88	0.098	fixation	n/a	313.3	89.7	589.0	n/a	n/a	n/a	n/a
38.98	0.024	saccade	n/a	313.8	90.8	n/a	245.3	89.7	2.74	230.0
39.006	0.16	fixation	n/a	254.9	93.9	609.0	n/a	n/a	n/a	n/a
39.168	0.018	saccade	n/a	253.7	96.4	n/a	217.6	91.9	1.45	142.0
39.188	0.156	fixation	n/a	225.1	93.5	633.0	n/a	n/a	n/a	n/a
39.346	0.024	saccade	n/a	224.9	96.5	n/a	167.8	85.0	2.3	171.0
39.372	0.15	fixation	n/a	175.4	86.0	629.0	n/a	n/a	n/a	n/a
39.524	0.018	saccade	n/a	174.5	84.4	n/a	125.8	81.5	1.91	186.0
39.544	0.46	fixation	n/a	132.1	83.8	622.0	n/a	n/a	n/a	n/a
40.006	0.022	saccade	n/a	130.2	84.3	n/a	197.1	91.5	2.64	208.0
40.03	0.364	fixation	n/a	203.5	96.3	621.0	n/a	n/a	n/a	n/a
40.396	0.022	saccade	n/a	204.7	96.3	n/a	141.1	86.0	2.53	143.0
40.42	0.25	fixation	n/a	134.3	85.5	601.0	n/a	n/a	n/a	n/a
40.672	0.016	saccade	n/a	131.3	85.8	n/a	117.7	83.5	0.54	63.0
40.69	0.274	fixation	n/a	121.7	83.4	600.0	n/a	n/a	n/a	n/a
40.966	0.012	saccade	n/a	120.8	84.7	n/a	143.8	82.0	0.9	90.0
40.98	0.236	fixation	n/a	136.4	84.8	616.0	n/a	n/a	n/a	n/a
41.218	0.016	saccade	n/a	135.8	86.3	n/a	174.1	85.6	1.5	131.0
41.236	0.134	fixation	n/a	167.2	86.1	624.0	n/a	n/a	n/a	n/a
41.372	0.02	saccade	n/a	168.3	87.2	n/a	224.1	98.3	2.25	205.0
41.394	0.112	fixation	n/a	221.9	98.7	632.0	n/a	n/a	n/a	n/a
41.508	0.024	saccade	n/a	223.2	99.2	n/a	307.5	97.9	3.37	251.0
41.534	0.216	fixation	n/a	298.1	100.1	646.0	n/a	n/a	n/a	n/a
41.752	0.03	saccade	n/a	299.2	100.8	n/a	419.6	101.1	4.85	281.0
41.784	0.21	fixation	n/a	417.5	101.7	634.0	n/a	n/a	n/a	n/a
41.996	0.024	saccade	n/a	419.3	103.0	n/a	492.9	101.5	2.96	242.0
42.022	0.18	fixation	n/a	489.8	98.5	595.0	n/a	n/a	n/a	n/a
42.156	0.0	trigger_11	11	n/a	n/a	n/a	n/a	n/a	n/a	n/a
42.162	0.0	trigger_10	10	n/a	n/a	n/a	n/a	n/a	n/a	n/a
42.204	0.054	saccade	n/a	489.5	96.1	n/a	144.8	139.7	13.77	409.0
42.26	0.188	fixation	n/a	148.3	143.7	591.0	n/a	n/a	n/a	n/a
42.45	0.042	saccade	n/a	147.2	147.8	n/a	377.1	89.3	9.43	391.0
42.494	0.218	fixation	n/a	384.8	87.1	583.0	n/a	n/a	n/a	n/a
42.714	0.02	saccade	n/a	386.7	87.2	n/a	428.3	91.6	1.69	156.0
42.736	0.218	fixation	n/a	423.7	95.5	614.0	n/a	n/a	n/a	n/a
42.956	0.02	saccade	n/a	422.3	98.3	n/a	472.5	96.2	2.02	177.0
42.978	0.16	fixation	n/a	467.9	97.7	632.0	n/a	n/a	n/a	n/a
43.14	0.02	saccade	n/a	468.8	99.8	n/a	413.4	99.5	2.23	194.0
43.162	0.278	fixation	n/a	423.5	100.6	643.0	n/a	n/a	n/a	n/a
43.442	0.022	saccade	n/a	423.4	101.4	n/a	484.2	98.0	2.45	193.0
43.466	0.214	fixation	n/a	473.4	97.7	638.0	n/a	n/a	n/a	n/a
43.682	0.022	saccade	n/a	474.2	98.0	n/a	511.3	104.0	1.51	185.0
43.706	0.348	fixation	n/a	507.8	101.9	625.0	n/a	n/a	n/a	n/a
44.056	0.024	saccade	n/a	507.5	100.1	n/a	428.3	82.8	3.26	235.0
44.082	0.292	fixation	n/a	422.1	92.1	597.0	n/a	n/a	n/a	n/a
44.376	0.038	saccade	n/a	421.8	96.6	n/a	235.3	77.8	7.5	333.0
44.404	0.0	trigger_11	11	n/a	n/a	n/a	n/a	n/a	n/a	n/a
44.414	0.0	trigger_10	10	n/a	n/a	n/a	n/a	n/a	n/a	n/a
44.416	0.132	fixation	n/a	239.7	77.7	615.0	n/a	n/a	n/a	n/a
44.55	0.022	saccade	n/a	236.3	75.9	n/a	162.0	79.2	2.94	233.0
44.574	0.238	fixation	n/a	164.2	83.6	584.0	n/a	n/a	n/a	n/a
44.814	0.014	saccade	n/a	162.6	84.2	n/a	184.6	80.3	0.88	94.0
44.83	0.118	fixation	n/a	180.5	81.6	573.0	n/a	n/a	n/a	n/a
44.95	0.022	saccade	n/a	179.7	82.9	n/a	249.9	76.6	2.79	243.0
44.974	0.11	fixation	n/a	247.4	79.3	568.0	n/a	n/a	n/a	n/a
45.086	0.022	saccade	n/a	247.7	79.6	n/a	154.2	80.6	3.69	266.0
45.11	0.232	fixation	n/a	140.5	86.2	579.0	n/a	n/a	n/a	n/a
45.344	0.014	saccade	n/a	138.9	86.9	n/a	122.8	87.2	0.63	83.0
45.36	0.182	fixation	n/a	126.1	87.0	609.0	n/a	n/a	n/a	n/a
45.544	0.03	saccade	n/a	126.4	88.5	n/a	257.5	89.6	5.16	302.0
45.576	0.298	fixation	n/a	260.6	91.3	642.0	n/a	n/a	n/a	n/a
45.876	0.014	saccade	n/a	258.6	90.9	n/a	288.5	91.8	1.19	118.0
45.892	0.214	fixation	n/a	281.4	93.5	628.0	n/a	n/a	n/a	n/a
46.108	0.018	saccade	n/a	281.7	90.6	n/a	234.2	86.3	1.9	173.0
46.128	0.516	fixation	n/a	234.4	91.1	624.0	n/a	n/a	n/a	n/a
46.646	0.022	saccade	n/a	235.6	95.3	n/a	174.8	88.8	2.42	197.0
46.67	0.182	fixation	n/a	180.4	91.3	649.0	n/a	n/a	n/a	n/a
46.854	0.02	saccade	n/a	181.4	93.9	n/a	240.2	90.6	2.33	192.0
46.876	0.168	fixation	n/a	242.7	91.2	658.0	n/a	n/a	n/a	n/a
47.046	0.02	saccade	n/a	243.9	92.5	n/a	307.5	96.7	2.55	204.0
47.068	0.16	fixation	n/a	315.3	95.8	645.0	n/a	n/a	n/a	n/a
47.23	0.022	saccade	n/a	314.0	94.0	n/a	370.0	95.1	2.25	171.0
47.254	0.154	fixation	n/a	365.9	95.3	638.0	n/a	n/a	n/a	n/a
47.41	0.02	saccade	n/a	367.2	94.5	n/a	322.9	98.6	1.79	162.0
47.432	0.144	fixation	n/a	330.9	98.3	638.0	n/a	n/a	n/a	n/a
47.578	0.022	saccade	n/a	330.3	97.8	n/a	389.6	92.1	2.4	180.0
47.602	0.198	fixation	n/a	386.0	92.8	626.0	n/a	n/a	n/a	n/a
47.802	0.018	saccade	n/a	388.8	94.7	n/a	433.4	85.9	1.83	165.0
47.822	0.132	fixation	n/a	429.1	88.7	607.0	n/a	n/a	n/a	n/a
47.956	0.024	saccade	n/a	429.6	90.8	n/a	500.7	96.1	2.87	198.0
47.982	0.182	fixation	n/a	496.8	96.5	596.0	n/a	n/a	n/a	n/a
48.166	0.02	saccade	n/a	495.5	98.1	n/a	543.2	97.2	1.91	167.0
48.188	0.108	fixation	n/a	538.9	94.9	588.0	n/a	n/a	n/a	n/a
48.26	0.0	trigger_11	11	n/a	n/a	n/a	n/a	n/a	n/a	n/a
48.266	0.0	trigger_10	10	n/a	n/a	n/a	n/a	n/a	n/a	n/a
48.298	0.06	saccade	n/a	539.8	93.8	n/a	166.1	144.0	14.91	394.0
48.36	0.164	fixation	n/a	166.5	146.4	610.0	n/a	n/a	n/a	n/a
48.526	0.02	saccade	n/a	165.9	145.6	n/a	139.6	156.1	1.11	118.0
48.548	0.134	fixation	n/a	140.2	155.5	607.0	n/a	n/a	n/a	n/a
48.684	0.054	saccade	n/a	137.9	155.3	n/a	476.1	105.3	13.52	383.0
48.74	0.384	fixation	n/a	474.8	99.2	550.0	n/a	n/a	n/a	n/a
49.126	0.014	saccade	n/a	480.3	98.8	n/a	451.3	90.6	1.21	121.0
49.142	0.18	fixation	n/a	448.2	92.2	544.0	n/a	n/a	n/a	n/a
49.324	0.022	saccade	n/a	447.6	94.5	n/a	376.3	92.9	2.88	210.0
49.348	0.19	fixation	n/a	371.2	95.3	569.0	n/a	n/a	n/a	n/a
49.54	0.024	saccade	n/a	370.6	96.3	n/a	299.4	99.1	2.87	196.0
49.566	0.116	fixation	n/a	291.1	100.7	588.0	n/a	n/a	n/a	n/a
49.684	0.048	saccade	n/a	290.1	102.4	n/a	509.0	104.0	8.76	373.0
49.734	0.2	fixation	n/a	520.3	96.1	554.0	n/a	n/a	n/a	n/a
49.936	0.064	saccade	n/a	521.6	93.7	n/a	165.1	131.9	14.2	379.0
50.002	0.268	fixation	n/a	165.3	137.0	566.0	n/a	n/a	n/a	n/a
50.272	0.022	saccade	n/a	163.9	140.4	n/a	204.7	83.5	2.8	263.0
50.296	0.228	fixation	n/a	213.5	85.8	556.0	n/a	n/a	n/a	n/a
50.526	0.02	saccade	n/a	216.0	85.1	n/a	158.0	85.0	2.29	184.0
50.548	0.176	fixation	n/a	163.6	87.8	565.0	n/a	n/a	n/a	n/a
50.726	0.01	saccade	n/a	161.7	88.5	n/a	140.5	88.9	0.83	86.0
50.738	0.26	fixation	n/a	140.1	89.0	583.0	n/a	n/a	n/a	n/a
51.0	0.02	saccade	n/a	141.0	89.4	n/a	197.2	84.3	2.22	177.0
51.022	0.156	fixation	n/a	202.9	86.6	576.0	n/a	n/a	n/a	n/a
51.18	0.024	saccade	n/a	203.8	87.8	n/a	287.5	89.7	3.33	255.0
51.206	0.206	fixation	n/a	294.5	94.6	575.0	n/a	n/a	n/a	n/a
51.414	0.02	saccade	n/a	295.7	98.7	n/a	367.4	95.6	2.89	240.0
51.436	0.18	fixation	n/a	376.9	93.7	573.0	n/a	n/a	n/a	n/a
51.618	0.022	saccade	n/a	377.8	95.7	n/a	317.0	98.8	2.45	190.0
51.642	0.224	fixation	n/a	319.2	102.7	583.0	n/a	n/a	n/a	n/a
51.868	0.028	saccade	n/a	318.1	103.5	n/a	418.6	95.8	4.06	242.0
51.898	0.15	fixation	n/a	415.8	95.7	573.0	n/a	n/a	n/a	n/a
52.05	0.028	saccade	n/a	417.0	94.1	n/a	519.6	103.4	4.14	240.0
52.08	0.182	fixation	n/a	512.6	103.0	568.0	n/a	n/a	n/a	n/a
52.264	0.02	saccade	n/a	513.9	105.0	n/a	486.4	103.4	1.1	119.0
52.286	0.292	fixation	n/a	490.6	100.7	542.0	n/a	n/a	n/a	n/a
52.58	0.02	saccade	n/a	489.0	97.4	n/a	542.3	91.4	2.15	184.0
52.602	0.202	fixation	n/a	537.7	94.9	521.0	n/a	n/a	n/a	n/a
52.806	0.018	saccade	n/a	535.1	96.8	n/a	490.2	99.1	1.8	171.0
52.826	0.142	fixation	n/a	496.8	99.9	537.0	n/a	n/a	n/a	n/a
52.97	0.022	saccade	n/a	496.5	102.1	n/a	556.8	97.7	2.42	190.0
52.994	0.366	fixation	n/a	552.2	102.2	558.0	n/a	n/a	n/a	n/a
53.362	0.062	saccade	n/a	552.7	103.9	n/a	174.8	152.1	15.09	371.0
53.426	0.152	fixation	n/a	170.8	152.0	591.0	n/a	n/a	n/a	n/a
53.58	0.018	saccade	n/a	165.3	149.7	n/a	147.7	148.4	0.69	113.0
53.6	0.304	fixation	n/a	147.4	145.8	564.0	n/a	n/a	n/a	n/a
53.742	0.0	trigger_11	11	n/a	n/a	n/a	n/a	n/a	n/a	n/a
53.752	0.0	trigger_10	10	n/a	n/a	n/a	n/a	n/a	n/a	n/a
53.906	0.022	saccade	n/a	144.2	140.6	n/a	219.8	147.9	2.99	237.0
53.93	0.282	fixation	n/a	225.3	151.2	544.0	n/a	n/a	n/a	n/a
54.214	0.02	saccade	n/a	226.2	152.2	n/a	291.2	151.3	2.59	223.0
54.236	0.162	fixation	n/a	297.8	150.3	546.0	n/a	n/a	n/a	n/a
54.4	0.024	saccade	n/a	297.5	151.2	n/a	228.0	153.5	2.77	208.0
54.426	0.236	fixation	n/a	228.8	154.2	555.0	n/a	n/a	n/a	n/a
54.664	0.022	saccade	n/a	228.5	156.0	n/a	292.3	151.6	2.55	211.0
54.688	0.128	fixation	n/a	290.0	149.7	554.0	n/a	n/a	n/a	n/a
54.818	0.032	saccade	n/a	291.4	148.4	n/a	436.5	150.5	5.83	333.0
54.852	0.266	fixation	n/a	437.3	152.9	529.0	n/a	n/a	n/a	n/a
55.12	0.018	saccade	n/a	438.9	153.2	n/a	498.4	153.2	2.39	202.0
55.14	0.336	fixation	n/a	492.1	152.6	511.0	n/a	n/a	n/a	n/a
55.478	0.026	saccade	n/a	491.7	156.6	n/a	403.1	151.0	3.57	246.0
55.506	0.44	fixation	n/a	401.0	155.1	543.0	n/a	n/a	n/a	n/a
55.948	0.036	saccade	n/a	401.9	158.7	n/a	222.1	89.0	7.73	331.0
55.986	0.148	fixation	n/a	206.9	89.8	552.0	n/a	n/a	n/a	n/a
56.136	0.02	saccade	n/a	206.3	89.3	n/a	154.7	89.3	2.03	152.0
56.158	0.178	fixation	n/a	155.4	88.8	547.0	n/a	n/a	n/a	n/a
56.338	0.014	saccade	n/a	153.7	88.5	n/a	139.3	88.3	0.56	79.0
56.354	0.12	fixation	n/a	143.3	87.3	538.0	n/a	n/a	n/a	n/a
56.476	0.026	saccade	n/a	143.0	86.3	n/a	246.2	80.7	4.08	283.0
56.504	0.162	fixation	n/a	252.3	82.1	526.0	n/a	n/a	n/a	n/a
56.668	0.02	saccade	n/a	252.4	83.4	n/a	334.9	80.3	3.3	259.0
56.69	0.142	fixation	n/a	343.7	83.7	508.0	n/a	n/a	n/a	n/a
56.834	0.026	saccade	n/a	345.4	83.0	n/a	440.6	84.8	3.83	273.0
56.862	0.218	fixation	n/a	442.4	84.5	486.0	n/a	n/a	n/a	n/a
57.082	0.024	saccade	n/a	445.2	82.5	n/a	518.3	78.6	2.94	181.0
57.108	0.316	fixation	n/a	529.6	80.4	470.0	n/a	n/a	n/a	n/a
57.426	0.012	saccade	n/a	527.0	80.9	n/a	555.0	77.1	1.13	107.0
57.44	0.032	fixation	n/a	553.8	82.3	478.0	n/a	n/a	n/a	n/a
57.474	0.064	saccade	n/a	552.6	83.7	n/a	149.1	135.4	16.05	396.0
57.54	0.332	fixation	n/a	148.9	139.9	527.0	n/a	n/a	n/a	n/a
57.874	0.03	saccade	n/a	146.8	140.3	n/a	264.2	152.0	4.66	287.0
57.906	0.162	fixation	n/a	266.9	150.7	539.0	n/a	n/a	n/a	n/a
58.07	0.004	saccade	n/a	267.6	158.6	n/a	276.6	158.8	0.36	72.0
58.076	0.056	fixation	n/a	287.0	156.5	530.0	n/a	n/a	n/a	n/a
58.134	0.194	saccade	n/a	293.9	164.3	n/a	328.4	158.1	1.41	631.0
58.16	0.142	blink	n/a	n/a	n/a	n/a	n/a	n/a	n/a	n/a
58.33	0.144	fixation	n/a	324.5	160.6	510.0	n/a	n/a	n/a	n/a
58.476	0.02	saccade	n/a	322.0	156.6	n/a	269.2	151.5	2.13	208.0
58.498	0.164	fixation	n/a	270.3	149.4	506.0	n/a	n/a	n/a	n/a
58.664	0.018	saccade	n/a	267.1	146.2	n/a	316.5	141.4	1.99	172.0
58.684	0.188	fixation	n/a	317.6	138.5	457.0	n/a	n/a	n/a	n/a
58.874	0.018	saccade	n/a	317.7	140.3	n/a	368.5	138.4	2.05	184.0
58.894	0.114	fixation	n/a	368.6	135.7	453.0	n/a	n/a	n/a	n/a
59.01	0.022	saccade	n/a	369.9	135.5	n/a	425.8	139.7	2.26	174.0
59.034	0.23	fixation	n/a	425.4	141.2	456.0	n/a	n/a	n/a	n/a
59.266	0.02	saccade	n/a	424.9	142.3	n/a	486.1	140.7	2.46	205.0
59.288	0.282	fixation	n/a	492.0	142.4	485.0	n/a	n/a	n/a	n/a
59.572	0.02	saccade	n/a	495.2	146.6	n/a	542.8	145.9	1.9	157.0
59.594	0.176	fixation	n/a	537.6	149.1	498.0	n/a	n/a	n/a	n/a
59.772	0.02	saccade	n/a	534.5	149.7	n/a	578.5	144.8	1.76	131.0
59.794	0.156	fixation	n/a	571.7	148.6	504.0	n/a	n/a	n/a	n/a
59.952	0.058	saccade	n/a	572.3	147.5	n/a	192.3	197.6	15.16	372.0
60.012	0.13	fixation	n/a	192.6	202.7	553.0	n/a	n/a	n/a	n/a
60.144	0.022	saccade	n/a	188.9	205.2	n/a	148.9	206.2	1.57	173.0
60.168	0.192	fixation	n/a	152.3	206.8	560.0	n/a	n/a	n/a	n/a
60.362	0.032	saccade	n/a	151.7	204.5	n/a	258.2	214.0	4.22	237.0
60.396	0.216	fixation	n/a	254.6	210.8	549.0	n/a	n/a	n/a	n/a
60.614	0.022	saccade	n/a	255.3	208.6	n/a	188.7	200.7	2.66	208.0
60.638	0.256	fixation	n/a	189.9	202.5	551.0	n/a	n/a	n/a	n/a
60.896	0.014	saccade	n/a	189.5	204.0	n/a	163.9	199.4	1.02	98.0
60.912	0.166	fixation	n/a	169.5	200.2	561.0	n/a	n/a	n/a	n/a
61.08	0.018	saccade	n/a	169.3	198.9	n/a	145.2	195.9	0.95	104.0
61.1	0.276	fixation	n/a	153.1	197.7	572.0	n/a	n/a	n/a	n/a
61.378	0.034	saccade	n/a	153.3	199.8	n/a	283.4	205.1	5.15	314.0
61.414	0.206	fixation	n/a	277.4	211.0	588.0	n/a	n/a	n/a	n/a
61.622	0.014	saccade	n/a	277.1	209.5	n/a	248.7	208.8	1.13	93.0
61.638	0.234	fixation	n/a	255.2	209.8	572.0	n/a	n/a	n/a	n/a
61.874	0.024	saccade	n/a	256.8	208.8	n/a	336.8	203.5	3.21	260.0
61.9	0.264	fixation	n/a	329.1	210.0	571.0	n/a	n/a	n/a	n/a
62.166	0.02	saccade	n/a	329.3	210.2	n/a	386.5	207.8	2.3	203.0
62.188	0.148	fixation	n/a	391.0	207.5	566.0	n/a	n/a	n/a	n/a
62.338	0.02	saccade	n/a	390.7	205.9	n/a	325.6	208.3	2.62	225.0
62.36	0.122	fixation	n/a	334.6	209.8	566.0	n/a	n/a	n/a	n/a
62.484	0.022	saccade	n/a	333.0	210.8	n/a	397.8	206.6	2.61	227.0
62.508	0.21	fixation	n/a	396.1	206.7	557.0	n/a	n/a	n/a	n/a
62.72	0.02	saccade	n/a	395.8	208.6	n/a	448.6	209.7	2.12	172.0
62.742	0.154	fixation	n/a	446.6	209.1	556.0	n/a	n/a	n/a	n/a
62.898	0.02	saccade	n/a	445.8	210.6	n/a	500.3	202.1	2.21	176.0
62.92	0.198	fixation	n/a	491.9	205.0	537.0	n/a	n/a	n/a	n/a
63.12	0.024	saccade	n/a	491.8	205.3	n/a	397.5	211.0	3.79	275.0
63.146	0.172	fixation	n/a	396.0	211.9	515.0	n/a	n/a	n/a	n/a
63.32	0.016	saccade	n/a	397.6	213.2	n/a	363.6	211.9	1.37	116.0
63.338	0.202	fixation	n/a	367.7	213.9	525.0	n/a	n/a	n/a	n/a
63.542	0.044	saccade	n/a	366.2	215.4	n/a	559.8	222.1	7.73	354.0
63.588	0.172	fixation	n/a	557.6	220.0	554.0	n/a	n/a	n/a	n/a
63.762	0.058	saccade	n/a	560.8	216.9	n/a	183.0	262.0	15.01	410.0
63.798	0.0	trigger_11	11	n/a	n/a	n/a	n/a	n/a	n/a	n/a
63.804	0.0	trigger_10	10	n/a	n/a	n/a	n/a	n/a	n/a	n/a
63.822	0.19	fixation	n/a	183.5	262.3	587.0	n/a	n/a	n/a	n/a
64.014	0.018	saccade	n/a	181.3	266.0	n/a	158.1	268.0	0.91	113.0
64.034	0.13	fixation	n/a	159.9	267.3	581.0	n/a	n/a	n/a	n/a
64.166	0.026	saccade	n/a	161.8	269.3	n/a	260.8	254.1	3.94	340.0
64.194	0.162	fixation	n/a	260.7	254.0	586.0	n/a	n/a	n/a	n/a
64.358	0.02	saccade	n/a	263.2	255.6	n/a	213.9	264.1	1.98	167.0
64.38	0.266	fixation	n/a	221.9	263.5	585.0	n/a	n/a	n/a	n/a
64.648	0.022	saccade	n/a	222.3	265.1	n/a	292.8	257.7	2.81	214.0
64.672	0.16	fixation	n/a	303.7	260.7	574.0	n/a	n/a	n/a	n/a
64.834	0.018	saccade	n/a	305.3	257.9	n/a	328.8	260.5	0.94	126.0
64.854	0.432	fixation	n/a	325.3	263.1	578.0	n/a	n/a	n/a	n/a
65.288	0.022	saccade	n/a	322.8	265.9	n/a	335.0	213.9	2.16	153.0
65.312	0.718	fixation	n/a	338.0	198.5	569.0	n/a	n/a	n/a	n/a
66.032	0.042	saccade	n/a	337.5	198.1	n/a	174.5	138.5	6.92	335.0
66.076	0.054	fixation	n/a	177.3	136.5	598.0	n/a	n/a	n/a	n/a
66.132	0.022	saccade	n/a	177.5	137.1	n/a	155.9	77.7	2.54	217.0
66.156	0.288	fixation	n/a	158.5	84.7	583.0	n/a	n/a	n/a	n/a
66.446	0.036	saccade	n/a	157.6	85.3	n/a	266.1	91.0	4.3	200.0
66.484	0.278	fixation	n/a	265.5	87.8	578.0	n/a	n/a	n/a	n/a
66.764	0.022	saccade	n/a	266.4	90.5	n/a	326.2	87.6	2.4	168.0
66.788	0.114	fixation	n/a	319.0	87.2	579.0	n/a	n/a	n/a	n/a
66.904	0.032	saccade	n/a	320.1	87.8	n/a	171.6	82.4	5.9	346.0
66.938	0.272	fixation	n/a	162.0	84.1	570.0	n/a	n/a	n/a	n/a
67.212	0.024	saccade	n/a	161.9	85.3	n/a	230.9	79.5	2.73	197.0
67.238	0.148	fixation	n/a	229.4	79.1	572.0	n/a	n/a	n/a	n/a
67.388	0.026	saccade	n/a	230.6	79.5	n/a	142.0	82.7	3.49	243.0
67.416	0.26	fixation	n/a	146.8	83.8	582.0	n/a	n/a	n/a	n/a
67.678	0.018	saccade	n/a	147.7	84.5	n/a	198.2	81.8	1.99	188.0
67.698	0.218	fixation	n/a	197.8	83.9	597.0	n/a	n/a	n/a	n/a
67.918	0.022	saccade	n/a	199.0	86.2	n/a	268.3	84.2	2.76	231.0
67.942	0.496	fixation	n/a	271.7	89.7	607.0	n/a	n/a	n/a	n/a
68.44	0.02	saccade	n/a	270.5	89.1	n/a	329.2	85.6	2.36	177.0
68.462	0.286	fixation	n/a	328.0	89.6	590.0	n/a	n/a	n/a	n/a
68.75	0.024	saccade	n/a	328.3	91.0	n/a	395.6	92.2	2.71	211.0
68.776	0.276	fixation	n/a	390.8	91.2	592.0	n/a	n/a	n/a	n/a
69.054	0.038	saccade	n/a	389.8	94.8	n/a	271.0	98.6	4.77	258.0
69.094	0.182	fixation	n/a	246.8	97.8	599.0	n/a	n/a	n/a	n/a
69.278	0.024	saccade	n/a	243.6	96.7	n/a	171.3	92.6	2.86	214.0
69.304	0.25	fixation	n/a	165.7	91.7	586.0	n/a	n/a	n/a	n/a
69.556	0.034	saccade	n/a	164.2	89.9	n/a	313.9	85.7	5.94	296.0
69.592	0.342	fixation	n/a	313.6	79.8	540.0	n/a	n/a	n/a	n/a
69.936	0.016	saccade	n/a	316.3	78.6	n/a	281.6	80.1	1.39	122.0
69.954	0.22	fixation	n/a	278.4	81.4	525.0	n/a	n/a	n/a	n/a
70.176	0.02	saccade	n/a	277.4	81.7	n/a	341.9	78.3	2.59	189.0
70.198	0.292	fixation	n/a	347.1	83.0	533.0	n/a	n/a	n/a	n/a
70.492	0.018	saccade	n/a	347.3	83.8	n/a	304.9	83.8	1.7	152.0
70.512	0.15	fixation	n/a	308.6	84.9	544.0	n/a	n/a	n/a	n/a
70.664	0.032	saccade	n/a	309.7	87.0	n/a	441.8	91.4	5.32	307.0
70.698	0.23	fixation	n/a	442.2	94.3	560.0	n/a	n/a	n/a	n/a
70.93	0.02	saccade	n/a	443.7	96.2	n/a	384.2	91.4	2.41	188.0
70.952	0.18	fixation	n/a	386.3	90.8	554.0	n/a	n/a	n/a	n/a
71.134	0.026	saccade	n/a	384.7	88.8	n/a	466.4	84.1	3.29	226.0
71.162	0.236	fixation	n/a	467.6	87.8	529.0	n/a	n/a	n/a	n/a
71.4	0.018	saccade	n/a	468.0	89.2	n/a	516.3	91.1	1.94	160.0
71.42	0.2	fixation	n/a	514.3	90.5	520.0	n/a	n/a	n/a	n/a
71.622	0.014	saccade	n/a	513.2	90.2	n/a	479.3	91.4	1.36	122.0
71.638	0.08	fixation	n/a	486.7	90.5	510.0	n/a	n/a	n/a	n/a
71.72	0.024	saccade	n/a	485.2	90.2	n/a	564.0	87.0	3.15	222.0
71.746	0.194	fixation	n/a	557.8	88.4	504.0	n/a	n/a	n/a	n/a
71.942	0.02	saccade	n/a	557.6	90.2	n/a	577.8	86.3	0.82	110.0
71.964	0.37	fixation	n/a	574.9	92.9	533.0	n/a	n/a	n/a	n/a
72.336	0.06	saccade	n/a	576.0	96.3	n/a	206.1	145.2	14.78	389.0
72.398	0.122	fixation	n/a	206.6	148.4	594.0	n/a	n/a	n/a	n/a
72.522	0.022	saccade	n/a	204.4	148.5	n/a	138.3	154.1	2.6	200.0
72.546	0.242	fixation	n/a	145.8	157.4	588.0	n/a	n/a	n/a	n/a
72.79	0.022	saccade	n/a	144.3	155.3	n/a	229.9	148.1	3.38	274.0
72.814	0.16	fixation	n/a	239.8	150.5	570.0	n/a	n/a	n/a	n/a
72.976	0.022	saccade	n/a	239.6	148.3	n/a	313.7	149.0	2.96	243.0
73.0	0.166	fixation	n/a	311.3	150.1	579.0	n/a	n/a	n/a	n/a
73.168	0.024	saccade	n/a	310.8	151.3	n/a	395.4	146.5	3.41	257.0
73.194	0.224	fixation	n/a	388.4	150.0	605.0	n/a	n/a	n/a	n/a
73.208	0.0	trigger_11	11	n/a	n/a	n/a	n/a	n/a	n/a	n/a
73.214	0.0	trigger_10	10	n/a	n/a	n/a	n/a	n/a	n/a	n/a
73.42	0.028	saccade	n/a	389.9	152.8	n/a	481.5	155.4	3.69	256.0
73.45	0.072	fixation	n/a	472.9	155.3	622.0	n/a	n/a	n/a	n/a
73.524	0.026	saccade	n/a	473.1	155.6	n/a	375.4	150.1	3.94	271.0
73.552	0.164	fixation	n/a	367.7	152.8	607.0	n/a	n/a	n/a	n/a
73.718	0.032	saccade	n/a	366.9	154.0	n/a	524.5	152.2	6.33	344.0
73.752	0.194	fixation	n/a	534.0	151.4	582.0	n/a	n/a	n/a	n/a
73.948	0.02	saccade	n/a	535.6	150.3	n/a	577.6	151.4	1.67	159.0
73.97	0.104	fixation	n/a	569.7	154.6	588.0	n/a	n/a	n/a	n/a
74.076	0.062	saccade	n/a	570.7	156.2	n/a	196.0	198.3	14.91	425.0
74.14	0.134	fixation	n/a	199.9	201.1	623.0	n/a	n/a	n/a	n/a
74.276	0.022	saccade	n/a	196.7	202.3	n/a	157.8	207.9	1.54	183.0
74.3	0.126	fixation	n/a	159.8	208.8	632.0	n/a	n/a	n/a	n/a
74.428	0.026	saccade	n/a	159.5	209.5	n/a	256.1	202.8	3.82	271.0
74.456	0.228	fixation	n/a	259.8	206.0	636.0	n/a	n/a	n/a	n/a
74.686	0.024	saccade	n/a	261.3	208.3	n/a	352.9	207.0	3.66	280.0
74.712	0.198	fixation	n/a	350.6	208.2	637.0	n/a	n/a	n/a	n/a
74.912	0.02	saccade	n/a	350.8	207.6	n/a	296.2	210.0	2.19	197.0
74.934	0.464	fixation	n/a	298.8	209.9	623.0	n/a	n/a	n/a	n/a
75.4	0.028	saccade	n/a	299.4	213.0	n/a	244.1	93.2	5.34	315.0
75.43	0.128	fixation	n/a	234.0	95.9	605.0	n/a	n/a	n/a	n/a
75.56	0.022	saccade	n/a	234.2	96.9	n/a	163.4	88.0	2.82	241.0
75.584	0.216	fixation	n/a	170.0	89.7	606.0	n/a	n/a	n/a	n/a
75.802	0.032	saccade	n/a	168.6	89.7	n/a	273.5	98.0	4.17	258.0
75.836	0.148	fixation	n/a	276.3	94.4	591.0	n/a	n/a	n/a	n/a
75.934	0.0	trigger_11	11	n/a	n/a	n/a	n/a	n/a	n/a	n/a
75.944	0.0	trigger_10	10	n/a	n/a	n/a	n/a	n/a	n/a	n/a
75.986	0.022	saccade	n/a	277.7	92.8	n/a	347.8	94.2	2.82	226.0
76.01	0.242	fixation	n/a	357.7	88.3	556.0	n/a	n/a	n/a	n/a
76.254	0.018	saccade	n/a	358.4	85.7	n/a	317.1	90.8	1.67	151.0
76.274	0.156	fixation	n/a	322.8	87.3	550.0	n/a	n/a	n/a	n/a
76.432	0.014	saccade	n/a	323.8	89.3	n/a	291.9	83.0	1.3	112.0
76.448	0.134	fixation	n/a	299.5	86.3	541.0	n/a	n/a	n/a	n/a
76.584	0.028	saccade	n/a	300.3	86.3	n/a	408.5	83.6	4.36	258.0
76.614	0.232	fixation	n/a	408.4	89.9	545.0	n/a	n/a	n/a	n/a
76.848	0.022	saccade	n/a	409.2	93.6	n/a	483.4	93.9	2.99	219.0
76.872	0.192	fixation	n/a	493.7	93.8	545.0	n/a	n/a	n/a	n/a
77.066	0.022	saccade	n/a	493.5	96.7	n/a	417.2	94.0	3.07	244.0
77.09	0.274	fixation	n/a	409.6	95.1	562.0	n/a	n/a	n/a	n/a
77.366	0.028	saccade	n/a	407.5	93.3	n/a	507.9	94.1	4.03	264.0
77.396	0.756	fixation	n/a	502.3	98.1	584.0	n/a	n/a	n/a	n/a
78.154	0.046	saccade	n/a	502.3	102.2	n/a	254.0	108.1	9.93	356.0
78.202	0.124	fixation	n/a	260.4	109.2	645.0	n/a	n/a	n/a	n/a
78.328	0.024	saccade	n/a	258.9	110.8	n/a	173.9	93.7	3.44	253.0
78.354	0.27	fixation	n/a	169.5	95.3	659.0	n/a	n/a	n/a	n/a
78.626	0.022	saccade	n/a	167.5	92.5	n/a	234.4	93.0	2.64	215.0
78.65	0.184	fixation	n/a	231.3	93.5	629.0	n/a	n/a	n/a	n/a
78.836	0.02	saccade	n/a	232.2	96.8	n/a	289.1	96.8	2.27	213.0
78.858	0.326	fixation	n/a	287.9	96.9	631.0	n/a	n/a	n/a	n/a
79.186	0.018	saccade	n/a	287.7	98.4	n/a	245.9	98.7	1.67	136.0
79.206	0.218	fixation	n/a	251.2	97.6	628.0	n/a	n/a	n/a	n/a
79.426	0.02	saccade	n/a	252.6	97.9	n/a	304.1	96.5	2.06	188.0
79.448	0.156	fixation	n/a	299.9	97.3	623.0	n/a	n/a	n/a	n/a
79.606	0.018	saccade	n/a	300.1	97.5	n/a	349.6	95.6	1.99	184.0
79.626	0.128	fixation	n/a	348.6	97.1	613.0	n/a	n/a	n/a	n/a
79.756	0.024	saccade	n/a	351.1	96.8	n/a	440.2	101.5	3.6	270.0
79.782	0.176	fixation	n/a	438.9	101.7	602.0	n/a	n/a	n/a	n/a
79.96	0.02	saccade	n/a	440.1	101.7	n/a	395.9	99.9	1.78	145.0
79.982	0.184	fixation	n/a	403.8	99.5	599.0	n/a	n/a	n/a	n/a
80.168	0.02	saccade	n/a	402.8	96.8	n/a	372.6	97.7	1.22	120.0
80.19	0.15	fixation	n/a	375.4	96.6	581.0	n/a	n/a	n/a	n/a
80.342	0.022	saccade	n/a	375.3	95.3	n/a	440.2	96.6	2.62	192.0
80.366	0.184	fixation	n/a	441.1	96.8	558.0	n/a	n/a	n/a	n/a
80.552	0.024	saccade	n/a	440.2	100.0	n/a	516.2	92.9	3.07	192.0
80.578	0.186	fixation	n/a	512.1	95.2	560.0	n/a	n/a	n/a	n/a
80.766	0.062	saccade	n/a	511.8	96.2	n/a	202.3	125.5	12.36	341.0
80.83	0.094	fixation	n/a	202.3	124.6	583.0	n/a	n/a	n/a	n/a
80.926	0.018	saccade	n/a	201.4	124.2	n/a	234.7	87.3	2.0	179.0
80.946	0.26	fixation	n/a	233.0	92.2	546.0	n/a	n/a	n/a	n/a
81.208	0.016	saccade	n/a	233.9	91.6	n/a	272.0	83.7	1.55	162.0
81.226	0.21	fixation	n/a	271.2	85.7	513.0	n/a	n/a	n/a	n/a
81.438	0.018	saccade	n/a	271.6	86.5	n/a	332.0	80.7	2.43	216.0
81.458	0.084	fixation	n/a	328.9	80.4	511.0	n/a	n/a	n/a	n/a
81.544	0.026	saccade	n/a	328.5	80.6	n/a	423.2	84.7	3.81	272.0
81.572	0.266	fixation	n/a	419.3	92.2	523.0	n/a	n/a	n/a	n/a
81.84	0.026	saccade	n/a	416.1	87.2	n/a	502.5	84.9	3.47	246.0
81.868	0.136	fixation	n/a	496.1	88.5	509.0	n/a	n/a	n/a	n/a
82.006	0.052	saccade	n/a	498.2	91.4	n/a	195.6	143.8	12.24	344.0
82.06	0.138	fixation	n/a	196.5	148.8	548.0	n/a	n/a	n/a	n/a
82.2	0.022	saccade	n/a	196.3	152.4	n/a	138.8	142.3	2.29	207.0
82.224	0.302	fixation	n/a	147.4	145.8	560.0	n/a	n/a	n/a	n/a
82.424	0.0	trigger_11	11	n/a	n/a	n/a	n/a	n/a	n/a	n/a
82.43	0.0	trigger_10	10	n/a	n/a	n/a	n/a	n/a	n/a	n/a
82.528	0.022	saccade	n/a	147.3	146.2	n/a	220.3	147.6	2.87	245.0
82.552	0.388	fixation	n/a	224.5	151.9	568.0	n/a	n/a	n/a	n/a
82.942	0.022	saccade	n/a	224.4	155.3	n/a	285.5	148.6	2.45	248.0
82.966	0.356	fixation	n/a	279.9	151.5	581.0	n/a	n/a	n/a	n/a
83.324	0.018	saccade	n/a	278.5	150.2	n/a	311.8	144.0	1.36	151.0
83.344	0.144	fixation	n/a	307.9	145.6	557.0	n/a	n/a	n/a	n/a
83.49	0.044	saccade	n/a	307.6	145.6	n/a	499.4	103.7	7.89	334.0
83.536	0.212	fixation	n/a	501.7	98.8	534.0	n/a	n/a	n/a	n/a
83.75	0.024	saccade	n/a	504.2	98.8	n/a	429.4	83.5	3.07	223.0
83.776	0.114	fixation	n/a	432.8	84.3	519.0	n/a	n/a	n/a	n/a
83.892	0.044	saccade	n/a	430.3	83.4	n/a	227.1	78.8	8.13	307.0
83.938	0.166	fixation	n/a	219.7	81.0	513.0	n/a	n/a	n/a	n/a
84.106	0.02	saccade	n/a	217.4	81.8	n/a	171.3	81.0	1.82	150.0
84.128	0.53	fixation	n/a	175.1	83.8	537.0	n/a	n/a	n/a	n/a
84.66	0.012	saccade	n/a	172.4	83.9	n/a	151.3	84.4	0.83	80.0
84.674	0.14	fixation	n/a	156.4	83.9	594.0	n/a	n/a	n/a	n/a
84.816	0.024	saccade	n/a	156.3	86.3	n/a	231.3	86.2	2.96	228.0
84.842	0.196	fixation	n/a	230.8	85.6	599.0	n/a	n/a	n/a	n/a
85.04	0.024	saccade	n/a	228.9	85.4	n/a	307.6	90.0	3.15	241.0
85.066	0.326	fixation	n/a	300.5	91.6	585.0	n/a	n/a	n/a	n/a
85.394	0.018	saccade	n/a	301.4	91.0	n/a	349.7	86.1	1.95	184.0
85.414	0.212	fixation	n/a	348.8	84.9	546.0	n/a	n/a	n/a	n/a
85.628	0.022	saccade	n/a	349.4	86.5	n/a	412.4	81.3	2.55	184.0
85.652	0.284	fixation	n/a	422.0	82.0	505.0	n/a	n/a	n/a	n/a
85.938	0.018	saccade	n/a	421.9	81.6	n/a	385.5	78.8	1.47	128.0
85.958	0.25	fixation	n/a	387.0	78.8	488.0	n/a	n/a	n/a	n/a
86.21	0.018	saccade	n/a	387.8	78.6	n/a	426.0	77.1	1.54	154.0
86.23	0.18	fixation	n/a	420.5	80.1	498.0	n/a	n/a	n/a	n/a
86.412	0.022	saccade	n/a	420.0	84.1	n/a	475.3	90.6	2.24	182.0
86.436	0.284	fixation	n/a	472.6	94.1	534.0	n/a	n/a	n/a	n/a
86.722	0.018	saccade	n/a	470.4	97.2	n/a	427.8	95.2	1.72	148.0
86.742	0.358	fixation	n/a	430.9	95.2	543.0	n/a	n/a	n/a	n/a
87.102	0.018	saccade	n/a	431.6	99.5	n/a	401.4	93.6	1.24	121.0
87.122	0.268	fixation	n/a	407.4	95.4	569.0	n/a	n/a	n/a	n/a
87.392	0.02	saccade	n/a	408.7	98.3	n/a	459.8	94.7	2.06	185.0
87.414	0.188	fixation	n/a	452.0	99.1	577.0	n/a	n/a	n/a	n/a
87.604	0.02	saccade	n/a	452.7	99.9	n/a	493.9	99.0	1.66	139.0
87.626	0.244	fixation	n/a	489.1	94.2	538.0	n/a	n/a	n/a	n/a
87.872	0.018	saccade	n/a	490.1	90.3	n/a	440.5	93.2	2.0	169.0
87.892	0.238	fixation	n/a	439.2	92.5	501.0	n/a	n/a	n/a	n/a
88.132	0.02	saccade	n/a	437.2	91.7	n/a	487.6	90.3	2.03	174.0
88.154	0.16	fixation	n/a	483.8	90.8	496.0	n/a	n/a	n/a	n/a
88.316	0.018	saccade	n/a	485.5	89.5	n/a	437.0	88.0	1.95	158.0
88.336	0.272	fixation	n/a	437.8	92.0	519.0	n/a	n/a	n/a	n/a
88.61	0.02	saccade	n/a	439.6	96.8	n/a	403.5	95.3	1.46	137.0
88.632	0.116	fixation	n/a	408.7	95.1	543.0	n/a	n/a	n/a	n/a
88.75	0.032	saccade	n/a	409.3	96.3	n/a	535.1	93.6	5.05	307.0
88.784	0.254	fixation	n/a	533.9	93.4	549.0	n/a	n/a	n/a	n/a
89.04	0.02	saccade	n/a	535.3	93.8	n/a	574.5	91.9	1.56	151.0
89.062	0.458	fixation	n/a	568.3	86.9	519.0	n/a	n/a	n/a	n/a
89.522	0.07	saccade	n/a	570.9	84.6	n/a	166.5	145.9	16.14	351.0
89.594	0.144	fixation	n/a	170.7	154.1	550.0	n/a	n/a	n/a	n/a
89.74	0.02	saccade	n/a	170.8	158.3	n/a	143.8	152.6	1.08	126.0
89.762	0.248	fixation	n/a	147.1	155.6	572.0	n/a	n/a	n/a	n/a
90.012	0.02	saccade	n/a	147.3	155.6	n/a	206.2	147.8	2.34	213.0
90.034	0.298	fixation	n/a	204.5	147.9	565.0	n/a	n/a	n/a	n/a
90.334	0.018	saccade	n/a	207.0	149.2	n/a	261.2	145.1	2.16	198.0
90.354	0.184	fixation	n/a	269.0	148.2	569.0	n/a	n/a	n/a	n/a
90.54	0.02	saccade	n/a	271.2	148.9	n/a	208.9	145.0	2.48	213.0
90.562	0.236	fixation	n/a	211.4	146.9	565.0	n/a	n/a	n/a	n/a
90.8	0.018	saccade	n/a	210.5	148.1	n/a	259.4	149.0	1.94	182.0
90.82	0.274	fixation	n/a	261.7	146.6	544.0	n/a	n/a	n/a	n/a
91.096	0.018	saccade	n/a	261.5	147.2	n/a	300.6	142.9	1.57	149.0
91.116	0.184	fixation	n/a	296.4	141.2	496.0	n/a	n/a	n/a	n/a
91.302	0.032	saccade	n/a	296.0	140.7	n/a	208.3	138.1	3.49	176.0
91.336	0.19	fixation	n/a	208.6	137.7	465.0	n/a	n/a	n/a	n/a
91.528	0.014	saccade	n/a	210.2	138.1	n/a	181.7	136.0	1.13	91.0
91.544	0.144	fixation	n/a	184.7	136.9	450.0	n/a	n/a	n/a	n/a
91.69	0.02	saccade	n/a	182.2	138.5	n/a	241.6	132.3	2.37	184.0
91.712	0.142	fixation	n/a	254.6	137.9	455.0	n/a	n/a	n/a	n/a
91.856	0.03	saccade	n/a	257.3	141.2	n/a	380.1	145.7	4.93	270.0
91.888	0.284	fixation	n/a	384.9	152.9	489.0	n/a	n/a	n/a	n/a
91.896	0.0	trigger_11	11	n/a	n/a	n/a	n/a	n/a	n/a	n/a
91.9	0.0	trigger_10	10	n/a	n/a	n/a	n/a	n/a	n/a	n/a
92.174	0.018	saccade	n/a	383.5	155.2	n/a	445.2	153.9	2.48	185.0
92.194	0.162	fixation	n/a	449.7	152.2	496.0	n/a	n/a	n/a	n/a
92.358	0.022	saccade	n/a	449.6	149.6	n/a	511.7	152.4	2.49	170.0
92.382	0.168	fixation	n/a	513.6	154.1	478.0	n/a	n/a	n/a	n/a
92.552	0.014	saccade	n/a	515.1	152.3	n/a	546.7	152.6	1.26	115.0
92.568	0.086	fixation	n/a	543.3	152.6	466.0	n/a	n/a	n/a	n/a
92.656	0.062	saccade	n/a	543.7	151.0	n/a	162.1	192.8	15.18	370.0
92.72	0.128	fixation	n/a	157.4	199.8	467.0	n/a	n/a	n/a	n/a
92.85	0.022	saccade	n/a	154.4	201.5	n/a	118.5	195.1	1.42	144.0
92.874	0.13	fixation	n/a	121.8	194.6	458.0	n/a	n/a	n/a	n/a
93.006	0.034	saccade	n/a	121.9	191.2	n/a	207.8	106.9	4.78	240.0
93.042	0.178	fixation	n/a	216.2	97.2	456.0	n/a	n/a	n/a	n/a
93.222	0.018	saccade	n/a	218.0	96.7	n/a	251.0	82.0	1.44	122.0
93.242	0.204	fixation	n/a	252.8	84.7	474.0	n/a	n/a	n/a	n/a
93.448	0.022	saccade	n/a	251.6	85.1	n/a	327.8	82.9	3.05	233.0
93.472	0.642	fixation	n/a	330.2	91.4	548.0	n/a	n/a	n/a	n/a
94.116	0.038	saccade	n/a	332.6	98.8	n/a	171.5	93.9	6.4	318.0
94.156	0.136	fixation	n/a	178.4	92.7	592.0	n/a	n/a	n/a	n/a
94.294	0.02	saccade	n/a	175.8	91.3	n/a	152.0	86.0	0.96	117.0
94.316	0.136	fixation	n/a	155.0	88.6	583.0	n/a	n/a	n/a	n/a
94.454	0.022	saccade	n/a	155.4	90.0	n/a	220.0	81.3	2.57	219.0
94.478	0.24	fixation	n/a	218.9	84.3	567.0	n/a	n/a	n/a	n/a
94.72	0.02	saccade	n/a	221.8	87.6	n/a	282.2	87.3	2.41	198.0
94.742	0.254	fixation	n/a	280.7	90.8	592.0	n/a	n/a	n/a	n/a
94.998	0.018	saccade	n/a	281.1	93.5	n/a	331.4	99.5	2.03	190.0
95.018	0.21	fixation	n/a	342.2	99.8	600.0	n/a	n/a	n/a	n/a
95.23	0.02	saccade	n/a	340.8	96.1	n/a	399.3	98.5	2.36	189.0
95.252	0.2	fixation	n/a	402.6	96.8	585.0	n/a	n/a	n/a	n/a
95.454	0.018	saccade	n/a	400.6	98.0	n/a	464.9	98.4	2.59	212.0
95.474	0.126	fixation	n/a	473.3	99.7	576.0	n/a	n/a	n/a	n/a
95.602	0.022	saccade	n/a	474.8	98.8	n/a	404.0	97.2	2.85	229.0
95.626	0.156	fixation	n/a	409.7	97.4	573.0	n/a	n/a	n/a	n/a
95.784	0.02	saccade	n/a	409.6	98.2	n/a	375.7	98.5	1.37	143.0
95.806	0.184	fixation	n/a	378.9	99.3	579.0	n/a	n/a	n/a	n/a
95.992	0.024	saccade	n/a	377.0	99.8	n/a	461.0	98.4	3.38	250.0
96.018	0.18	fixation	n/a	462.6	100.7	582.0	n/a	n/a	n/a	n/a
96.2	0.022	saccade	n/a	463.9	102.6	n/a	392.7	98.1	2.87	232.0
96.224	0.1	fixation	n/a	395.7	96.2	589.0	n/a	n/a	n/a	n/a
96.326	0.022	saccade	n/a	396.3	95.6	n/a	343.7	99.0	2.12	174.0
96.35	0.216	fixation	n/a	352.8	100.7	594.0	n/a	n/a	n/a	n/a
96.568	0.022	saccade	n/a	351.9	102.8	n/a	421.3	96.3	2.81	231.0
96.592	0.178	fixation	n/a	413.4	97.0	592.0	n/a	n/a	n/a	n/a
96.772	0.024	saccade	n/a	412.3	97.9	n/a	480.2	100.0	2.73	221.0
96.798	0.104	fixation	n/a	474.6	102.5	591.0	n/a	n/a	n/a	n/a
96.904	0.022	saccade	n/a	475.7	101.5	n/a	532.1	99.7	2.26	222.0
96.928	0.172	fixation	n/a	524.1	99.1	568.0	n/a	n/a	n/a	n/a
97.102	0.02	saccade	n/a	523.8	101.3	n/a	573.3	93.5	2.0	178.0
97.124	0.158	fixation	n/a	564.0	94.8	559.0	n/a	n/a	n/a	n/a
97.284	0.062	saccade	n/a	563.8	94.3	n/a	174.2	133.1	15.48	383.0
97.348	0.3	fixation	n/a	165.5	143.0	554.0	n/a	n/a	n/a	n/a
97.65	0.016	saccade	n/a	164.4	142.2	n/a	148.0	145.7	0.66	73.0
97.668	0.166	fixation	n/a	148.6	142.6	507.0	n/a	n/a	n/a	n/a
97.836	0.02	saccade	n/a	148.2	145.0	n/a	215.9	143.4	2.67	221.0
97.858	0.238	fixation	n/a	219.1	143.9	510.0	n/a	n/a	n/a	n/a
98.098	0.014	saccade	n/a	217.8	144.5	n/a	245.1	145.7	1.09	104.0
98.114	0.202	fixation	n/a	238.9	146.5	506.0	n/a	n/a	n/a	n/a
98.318	0.01	saccade	n/a	239.4	146.6	n/a	258.2	146.6	0.75	81.0
98.33	0.15	fixation	n/a	254.3	145.1	509.0	n/a	n/a	n/a	n/a
98.482	0.022	saccade	n/a	251.5	145.9	n/a	186.9	109.9	2.95	203.0
98.506	0.344	fixation	n/a	160.5	95.1	515.0	n/a	n/a	n/a	n/a
98.852	0.018	saccade	n/a	154.7	92.2	n/a	208.9	85.1	2.15	191.0
98.872	0.206	fixation	n/a	217.7	86.1	531.0	n/a	n/a	n/a	n/a
99.08	0.02	saccade	n/a	219.6	87.4	n/a	278.3	84.7	2.34	193.0
99.102	0.188	fixation	n/a	279.0	84.6	529.0	n/a	n/a	n/a	n/a
99.292	0.02	saccade	n/a	280.3	85.5	n/a	347.4	88.4	2.69	222.0
99.314	0.338	fixation	n/a	356.6	90.6	525.0	n/a	n/a	n/a	n/a
99.654	0.016	saccade	n/a	356.4	94.6	n/a	314.0	97.1	1.71	154.0
99.672	0.538	fixation	n/a	316.8	99.2	530.0	n/a	n/a	n/a	n/a
100.146	0.0	trigger_11	11	n/a	n/a	n/a	n/a	n/a	n/a	n/a
100.15	0.0	trigger_10	10	n/a	n/a	n/a	n/a	n/a	n/a	n/a
100.212	0.02	saccade	n/a	315.4	102.7	n/a	373.2	93.9	2.35	191.0
100.234	0.138	fixation	n/a	374.1	96.4	557.0	n/a	n/a	n/a	n/a
100.374	0.026	saccade	n/a	374.0	94.6	n/a	476.7	92.1	4.13	277.0
100.402	0.218	fixation	n/a	486.0	99.0	581.0	n/a	n/a	n/a	n/a
100.622	0.022	saccade	n/a	486.9	100.7	n/a	549.1	92.7	2.51	197.0
100.646	0.156	fixation	n/a	546.2	93.3	559.0	n/a	n/a	n/a	n/a
100.804	0.06	saccade	n/a	547.8	93.3	n/a	191.1	133.3	14.22	373.0
100.866	0.146	fixation	n/a	192.7	139.3	567.0	n/a	n/a	n/a	n/a
101.014	0.022	saccade	n/a	190.9	140.9	n/a	159.1	148.2	1.28	158.0
101.038	0.174	fixation	n/a	160.8	150.0	581.0	n/a	n/a	n/a	n/a
101.214	0.022	saccade	n/a	159.9	151.9	n/a	224.8	145.9	2.57	227.0
101.238	0.16	fixation	n/a	223.8	145.3	574.0	n/a	n/a	n/a	n/a
101.4	0.042	saccade	n/a	225.9	142.5	n/a	397.6	100.1	7.08	259.0
101.444	0.204	fixation	n/a	402.4	97.7	577.0	n/a	n/a	n/a	n/a
101.65	0.02	saccade	n/a	404.0	100.2	n/a	457.4	95.3	2.16	191.0
101.672	0.132	fixation	n/a	452.3	94.5	572.0	n/a	n/a	n/a	n/a
101.806	0.02	saccade	n/a	452.8	94.8	n/a	519.1	89.6	2.67	222.0
101.828	0.206	fixation	n/a	526.4	90.5	554.0	n/a	n/a	n/a	n/a
102.036	0.05	saccade	n/a	526.4	86.8	n/a	253.0	93.0	10.92	368.0
102.088	0.276	fixation	n/a	251.5	96.5	543.0	n/a	n/a	n/a	n/a
102.366	0.022	saccade	n/a	250.6	96.7	n/a	171.2	81.7	3.2	266.0
102.39	0.15	fixation	n/a	168.5	84.9	559.0	n/a	n/a	n/a	n/a
102.542	0.018	saccade	n/a	167.6	86.8	n/a	131.4	89.4	1.42	125.0
102.562	0.426	fixation	n/a	138.1	88.3	577.0	n/a	n/a	n/a	n/a
102.99	0.01	saccade	n/a	135.4	89.0	n/a	118.7	88.5	0.65	71.0
103.002	0.182	fixation	n/a	119.8	89.4	588.0	n/a	n/a	n/a	n/a
103.186	0.02	saccade	n/a	119.0	90.8	n/a	190.5	86.3	2.8	219.0
103.208	0.19	fixation	n/a	188.5	83.8	602.0	n/a	n/a	n/a	n/a
103.4	0.026	saccade	n/a	189.6	82.4	n/a	285.1	83.6	3.79	268.0
103.428	0.186	fixation	n/a	280.5	89.9	612.0	n/a	n/a	n/a	n/a
103.616	0.022	saccade	n/a	282.7	93.5	n/a	349.5	95.3	2.68	203.0
103.64	0.136	fixation	n/a	350.2	96.1	600.0	n/a	n/a	n/a	n/a
103.778	0.034	saccade	n/a	352.4	94.2	n/a	179.9	85.5	6.88	336.0
103.814	0.126	fixation	n/a	170.8	87.4	575.0	n/a	n/a	n/a	n/a
103.942	0.194	saccade	n/a	167.2	90.8	n/a	122.3	86.4	1.76	582.0
103.978	0.13	blink	n/a	n/a	n/a	n/a	n/a	n/a	n/a	n/a
104.138	0.298	fixation	n/a	117.1	83.5	563.0	n/a	n/a	n/a	n/a
104.438	0.02	saccade	n/a	112.1	83.9	n/a	171.8	79.1	2.34	206.0
104.46	0.312	fixation	n/a	171.3	84.0	495.0	n/a	n/a	n/a	n/a
104.774	0.016	saccade	n/a	173.6	85.0	n/a	218.7	83.1	1.78	177.0
104.792	0.176	fixation	n/a	218.6	84.4	463.0	n/a	n/a	n/a	n/a
104.97	0.02	saccade	n/a	219.0	84.9	n/a	278.0	80.6	2.36	193.0
104.992	0.212	fixation	n/a	279.4	80.0	440.0	n/a	n/a	n/a	n/a
105.206	0.03	saccade	n/a	277.0	79.3	n/a	387.0	78.4	4.42	225.0
105.238	0.2	fixation	n/a	393.9	79.3	433.0	n/a	n/a	n/a	n/a
105.44	0.022	saccade	n/a	396.4	79.2	n/a	462.5	76.4	2.66	175.0
105.464	0.202	fixation	n/a	471.5	79.1	435.0	n/a	n/a	n/a	n/a
105.668	0.012	saccade	n/a	470.7	79.5	n/a	445.6	78.2	1.01	103.0
105.682	0.134	fixation	n/a	451.3	79.0	435.0	n/a	n/a	n/a	n/a
105.818	0.024	saccade	n/a	451.3	79.8	n/a	382.2	79.7	2.78	186.0
105.844	0.178	fixation	n/a	371.5	79.8	439.0	n/a	n/a	n/a	n/a
106.024	0.038	saccade	n/a	368.8	78.8	n/a	518.0	79.5	5.99	244.0
106.064	0.188	fixation	n/a	518.7	81.1	471.0	n/a	n/a	n/a	n/a
106.254	0.024	saccade	n/a	518.2	85.7	n/a	441.4	82.3	3.09	251.0
106.28	0.272	fixation	n/a	450.1	91.4	538.0	n/a	n/a	n/a	n/a
106.554	0.022	saccade	n/a	448.4	97.5	n/a	486.9	90.5	1.58	175.0
106.578	0.172	fixation	n/a	483.1	88.8	551.0	n/a	n/a	n/a	n/a
106.752	0.022	saccade	n/a	484.3	89.2	n/a	523.5	87.1	1.57	192.0
106.776	0.25	fixation	n/a	519.3	94.6	565.0	n/a	n/a	n/a	n/a
107.028	0.02	saccade	n/a	517.8	96.9	n/a	548.5	95.5	1.23	114.0
107.05	0.356	fixation	n/a	542.1	96.8	576.0	n/a	n/a	n/a	n/a
107.408	0.016	saccade	n/a	544.2	96.8	n/a	560.7	94.2	0.67	89.0
107.426	0.186	fixation	n/a	557.0	96.9	567.0	n/a	n/a	n/a	n/a
107.614	0.062	saccade	n/a	556.4	100.4	n/a	185.0	147.2	14.83	424.0
107.642	0.0	trigger_11	11	n/a	n/a	n/a	n/a	n/a	n/a	n/a
107.648	0.0	trigger_12	12	n/a	n/a	n/a	n/a	n/a	n/a	n/a
107.678	0.136	fixation	n/a	183.3	151.3	614.0	n/a	n/a	n/a	n/a
107.816	0.028	saccade	n/a	180.1	150.4	n/a	154.7	154.2	1.01	165.0
107.846	0.172	fixation	n/a	148.5	153.2	622.0	n/a	n/a	n/a	n/a
108.02	0.022	saccade	n/a	148.0	154.1	n/a	221.2	145.2	2.9	265.0
108.044	0.132	fixation	n/a	217.7	148.6	604.0	n/a	n/a	n/a	n/a
108.178	0.02	saccade	n/a	219.7	148.7	n/a	162.0	142.0	2.29	199.0
108.2	0.244	fixation	n/a	169.8	145.8	610.0	n/a	n/a	n/a	n/a
108.446	0.008	saccade	n/a	169.6	150.2	n/a	150.1	151.2	0.76	93.0
108.456	0.16	fixation	n/a	158.7	152.2	648.0	n/a	n/a	n/a	n/a
108.618	0.022	saccade	n/a	161.3	152.4	n/a	169.1	94.1	2.37	179.0
108.642	0.204	fixation	n/a	184.9	90.7	653.0	n/a	n/a	n/a	n/a
108.848	0.02	saccade	n/a	186.2	90.9	n/a	144.0	85.2	1.67	149.0
108.87	0.378	fixation	n/a	153.2	87.6	650.0	n/a	n/a	n/a	n/a
109.25	0.006	saccade	n/a	152.5	88.7	n/a	142.2	91.2	0.41	61.0
109.258	0.284	fixation	n/a	141.8	92.4	650.0	n/a	n/a	n/a	n/a
109.544	0.016	saccade	n/a	141.1	89.5	n/a	170.5	85.9	1.16	130.0
109.562	0.388	fixation	n/a	163.7	85.2	600.0	n/a	n/a	n/a	n/a
109.952	0.01	saccade	n/a	163.2	84.1	n/a	140.4	83.7	0.89	97.0
109.964	0.162	fixation	n/a	139.9	83.9	589.0	n/a	n/a	n/a	n/a
110.128	0.008	saccade	n/a	139.9	83.8	n/a	127.7	83.8	0.48	59.0
110.138	0.166	fixation	n/a	129.9	84.1	587.0	n/a	n/a	n/a	n/a
110.306	0.018	saccade	n/a	129.9	83.7	n/a	172.7	78.8	1.69	157.0
110.326	0.208	fixation	n/a	167.0	80.6	596.0	n/a	n/a	n/a	n/a
110.536	0.018	saccade	n/a	167.6	81.1	n/a	216.8	77.8	1.95	185.0
110.556	0.164	fixation	n/a	212.4	82.4	599.0	n/a	n/a	n/a	n/a
110.722	0.02	saccade	n/a	212.0	84.0	n/a	274.0	86.6	2.47	199.0
110.744	0.206	fixation	n/a	266.3	86.4	615.0	n/a	n/a	n/a	n/a
110.952	0.026	saccade	n/a	265.7	85.9	n/a	372.1	84.6	4.27	260.0
110.98	0.356	fixation	n/a	375.0	86.2	604.0	n/a	n/a	n/a	n/a
111.338	0.02	saccade	n/a	375.2	85.4	n/a	423.4	84.3	1.94	158.0
111.36	0.38	fixation	n/a	420.7	85.8	562.0	n/a	n/a	n/a	n/a
111.742	0.018	saccade	n/a	417.7	83.6	n/a	373.4	82.1	1.79	156.0
111.762	0.2	fixation	n/a	376.1	85.5	564.0	n/a	n/a	n/a	n/a
111.964	0.016	saccade	n/a	376.9	86.5	n/a	354.9	85.1	0.89	97.0
111.982	0.23	fixation	n/a	359.9	90.0	588.0	n/a	n/a	n/a	n/a
112.214	0.02	saccade	n/a	357.6	92.7	n/a	303.8	94.5	2.17	196.0
112.236	0.162	fixation	n/a	303.5	94.2	614.0	n/a	n/a	n/a	n/a
112.4	0.02	saccade	n/a	299.6	90.4	n/a	349.9	89.6	2.02	172.0
112.422	0.174	fixation	n/a	344.3	92.9	603.0	n/a	n/a	n/a	n/a
112.598	0.018	saccade	n/a	346.8	96.0	n/a	388.2	93.3	1.67	168.0
112.618	0.364	fixation	n/a	381.2	94.7	611.0	n/a	n/a	n/a	n/a
112.984	0.018	saccade	n/a	380.6	94.6	n/a	445.8	96.1	2.63	217.0
113.004	0.184	fixation	n/a	456.8	98.6	607.0	n/a	n/a	n/a	n/a
113.19	0.02	saccade	n/a	456.5	99.3	n/a	508.5	97.0	2.09	179.0
113.212	0.218	fixation	n/a	499.9	100.9	601.0	n/a	n/a	n/a	n/a
113.432	0.016	saccade	n/a	501.9	103.0	n/a	521.2	99.1	0.79	85.0
113.45	0.256	fixation	n/a	516.2	99.5	595.0	n/a	n/a	n/a	n/a
113.708	0.056	saccade	n/a	514.6	98.5	n/a	216.4	144.0	12.02	337.0
113.766	0.138	fixation	n/a	217.5	148.4	620.0	n/a	n/a	n/a	n/a
113.906	0.022	saccade	n/a	214.0	148.7	n/a	157.8	150.3	2.22	165.0
113.93	0.234	fixation	n/a	159.3	152.3	613.0	n/a	n/a	n/a	n/a
114.166	0.01	saccade	n/a	158.8	151.4	n/a	167.4	141.1	0.54	54.0
114.178	0.022	fixation	n/a	168.9	138.7	585.0	n/a	n/a	n/a	n/a
114.202	0.048	saccade	n/a	168.8	138.8	n/a	418.6	92.2	10.11	336.0
114.252	0.148	fixation	n/a	419.1	90.6	561.0	n/a	n/a	n/a	n/a
114.402	0.026	saccade	n/a	419.7	90.7	n/a	505.4	85.7	3.45	232.0
114.43	0.136	fixation	n/a	495.0	90.8	564.0	n/a	n/a	n/a	n/a
114.568	0.066	saccade	n/a	496.8	90.3	n/a	177.3	88.5	12.7	377.0
114.636	0.232	fixation	n/a	178.8	91.5	578.0	n/a	n/a	n/a	n/a
114.87	0.022	saccade	n/a	177.3	90.9	n/a	250.9	88.3	2.92	225.0
114.894	0.162	fixation	n/a	253.1	87.9	571.0	n/a	n/a	n/a	n/a
115.058	0.034	saccade	n/a	251.7	86.4	n/a	380.4	89.5	5.16	284.0
115.094	0.272	fixation	n/a	385.9	87.6	561.0	n/a	n/a	n/a	n/a
115.368	0.02	saccade	n/a	388.0	87.0	n/a	456.0	88.7	2.74	227.0
115.39	0.142	fixation	n/a	463.6	91.2	562.0	n/a	n/a	n/a	n/a
115.534	0.022	saccade	n/a	464.1	92.3	n/a	505.9	90.8	1.68	176.0
115.558	0.106	fixation	n/a	502.7	90.2	548.0	n/a	n/a	n/a	n/a
115.666	0.06	saccade	n/a	502.8	88.5	n/a	173.0	140.9	13.26	426.0
115.728	0.25	fixation	n/a	177.7	151.1	577.0	n/a	n/a	n/a	n/a
115.98	0.02	saccade	n/a	178.3	154.3	n/a	253.5	146.8	2.99	262.0
116.002	0.274	fixation	n/a	253.8	149.4	580.0	n/a	n/a	n/a	n/a
116.278	0.024	saccade	n/a	254.6	152.9	n/a	346.1	149.0	3.66	265.0
116.304	0.258	fixation	n/a	346.9	150.2	583.0	n/a	n/a	n/a	n/a
116.564	0.012	saccade	n/a	346.9	148.9	n/a	324.2	151.6	0.92	88.0
116.578	0.046	fixation	n/a	329.4	154.1	588.0	n/a	n/a	n/a	n/a
116.626	0.03	saccade	n/a	330.3	154.1	n/a	442.0	157.2	4.49	267.0
116.658	0.18	fixation	n/a	440.3	155.8	584.0	n/a	n/a	n/a	n/a
116.84	0.018	saccade	n/a	442.4	156.7	n/a	405.3	151.8	1.51	136.0
116.86	0.108	fixation	n/a	413.1	152.2	588.0	n/a	n/a	n/a	n/a
116.97	0.028	saccade	n/a	413.0	152.4	n/a	514.9	156.2	4.1	286.0
117.0	0.3	fixation	n/a	513.1	154.7	574.0	n/a	n/a	n/a	n/a
117.302	0.02	saccade	n/a	515.2	155.8	n/a	575.2	152.7	2.39	207.0
117.324	0.214	fixation	n/a	569.0	151.2	534.0	n/a	n/a	n/a	n/a
117.54	0.022	saccade	n/a	569.6	151.4	n/a	627.1	152.5	2.27	204.0
117.564	0.21	fixation	n/a	619.3	154.7	529.0	n/a	n/a	n/a	n/a
117.776	0.02	saccade	n/a	621.1	155.9	n/a	664.3	155.9	1.69	157.0
117.798	0.224	fixation	n/a	654.9	155.9	528.0	n/a	n/a	n/a	n/a
118.024	0.07	saccade	n/a	654.7	154.3	n/a	206.8	192.1	17.66	362.0
118.096	0.132	fixation	n/a	202.5	198.4	517.0	n/a	n/a	n/a	n/a
118.23	0.02	saccade	n/a	199.3	198.5	n/a	144.5	198.5	2.14	193.0
118.252	0.122	fixation	n/a	150.8	199.5	511.0	n/a	n/a	n/a	n/a
118.376	0.066	saccade	n/a	149.5	198.7	n/a	637.7	132.7	19.29	445.0
118.444	0.178	fixation	n/a	636.1	132.9	468.0	n/a	n/a	n/a	n/a
118.624	0.026	saccade	n/a	635.5	136.5	n/a	656.8	148.8	0.97	162.0
118.652	0.29	fixation	n/a	659.1	149.7	498.0	n/a	n/a	n/a	n/a
118.77	0.0	trigger_13	13	n/a	n/a	n/a	n/a	n/a	n/a	n/a
118.944	0.07	saccade	n/a	658.5	149.1	n/a	215.9	204.6	17.5	441.0
119.016	0.242	fixation	n/a	218.3	207.4	581.0	n/a	n/a	n/a	n/a
119.26	0.02	saccade	n/a	215.9	208.8	n/a	269.5	199.0	2.16	197.0
119.282	0.19	fixation	n/a	267.7	202.3	562.0	n/a	n/a	n/a	n/a
119.474	0.018	saccade	n/a	266.9	201.4	n/a	310.2	201.7	1.73	166.0
119.494	0.154	fixation	n/a	307.8	200.4	526.0	n/a	n/a	n/a	n/a
119.65	0.02	saccade	n/a	309.8	200.0	n/a	372.8	201.7	2.53	216.0
119.672	0.162	fixation	n/a	372.2	201.2	504.0	n/a	n/a	n/a	n/a
119.836	0.024	saccade	n/a	373.4	198.2	n/a	284.1	201.9	3.58	253.0
119.862	0.142	fixation	n/a	269.8	204.6	510.0	n/a	n/a	n/a	n/a
120.006	0.02	saccade	n/a	269.9	205.1	n/a	237.6	200.3	1.3	136.0
120.028	0.174	fixation	n/a	242.9	203.1	523.0	n/a	n/a	n/a	n/a
120.204	0.018	saccade	n/a	244.6	205.2	n/a	284.0	201.1	1.58	154.0
120.224	0.14	fixation	n/a	276.9	202.9	559.0	n/a	n/a	n/a	n/a
120.346	0.0	trigger_15	15	n/a	n/a	n/a	n/a	n/a	n/a	n/a
120.354	0.0	trigger_10	10	n/a	n/a	n/a	n/a	n/a	n/a	n/a
120.366	0.022	saccade	n/a	276.9	203.7	n/a	354.6	201.8	3.11	237.0
120.39	0.656	fixation	n/a	350.5	205.0	578.0	n/a	n/a	n/a	n/a
121.048	0.026	saccade	n/a	350.1	206.2	n/a	249.9	135.8	4.92	291.0
121.076	0.134	fixation	n/a	238.6	120.9	579.0	n/a	n/a	n/a	n/a
121.212	0.018	saccade	n/a	238.1	118.7	n/a	238.7	83.5	1.43	132.0
121.232	0.19	fixation	n/a	239.3	89.8	539.0	n/a	n/a	n/a	n/a
121.424	0.018	saccade	n/a	239.2	90.2	n/a	188.8	86.0	2.0	174.0
121.444	0.118	fixation	n/a	192.7	87.0	538.0	n/a	n/a	n/a	n/a
121.564	0.048	saccade	n/a	191.6	88.4	n/a	534.2	84.9	13.62	414.0
121.614	0.214	fixation	n/a	537.1	86.5	550.0	n/a	n/a	n/a	n/a
121.83	0.026	saccade	n/a	536.5	92.2	n/a	626.1	86.6	3.56	258.0
121.858	0.154	fixation	n/a	623.9	89.4	581.0	n/a	n/a	n/a	n/a
122.014	0.054	saccade	n/a	625.0	89.1	n/a	347.5	99.9	11.06	378.0
122.07	0.152	fixation	n/a	349.9	100.4	610.0	n/a	n/a	n/a	n/a
122.224	0.032	saccade	n/a	349.3	103.3	n/a	213.7	95.1	5.43	294.0
122.258	0.314	fixation	n/a	215.8	99.1	648.0	n/a	n/a	n/a	n/a
122.574	0.02	saccade	n/a	217.2	101.1	n/a	163.8	93.3	2.13	182.0
122.596	0.17	fixation	n/a	170.0	96.5	666.0	n/a	n/a	n/a	n/a
122.768	0.022	saccade	n/a	170.0	94.3	n/a	141.9	89.0	1.12	131.0
122.792	0.23	fixation	n/a	143.0	89.3	628.0	n/a	n/a	n/a	n/a
123.024	0.022	saccade	n/a	141.9	89.2	n/a	210.0	89.3	2.68	197.0
123.048	0.232	fixation	n/a	208.1	93.4	628.0	n/a	n/a	n/a	n/a
123.282	0.02	saccade	n/a	205.9	92.1	n/a	266.3	91.2	2.4	208.0
123.304	0.576	fixation	n/a	262.0	96.0	628.0	n/a	n/a	n/a	n/a
123.882	0.02	saccade	n/a	260.3	99.7	n/a	318.7	98.7	2.34	197.0
123.904	0.262	fixation	n/a	320.3	103.1	649.0	n/a	n/a	n/a	n/a
124.168	0.022	saccade	n/a	321.4	105.0	n/a	379.7	99.5	2.36	191.0
124.192	0.342	fixation	n/a	375.2	98.4	614.0	n/a	n/a	n/a	n/a
124.536	0.022	saccade	n/a	374.6	97.8	n/a	445.3	99.2	2.85	229.0
124.56	0.23	fixation	n/a	444.6	102.6	604.0	n/a	n/a	n/a	n/a
124.792	0.02	saccade	n/a	445.2	103.8	n/a	496.7	103.8	2.07	171.0
124.814	0.148	fixation	n/a	489.8	105.0	605.0	n/a	n/a	n/a	n/a
124.964	0.018	saccade	n/a	489.6	104.5	n/a	540.2	98.0	2.04	174.0
124.984	0.298	fixation	n/a	533.8	100.6	585.0	n/a	n/a	n/a	n/a
125.284	0.018	saccade	n/a	533.8	103.8	n/a	472.6	107.7	2.46	216.0
125.304	0.266	fixation	n/a	470.3	106.1	588.0	n/a	n/a	n/a	n/a
125.572	0.016	saccade	n/a	470.3	107.9	n/a	442.6	103.1	1.13	105.0
125.59	0.204	fixation	n/a	450.7	104.7	596.0	n/a	n/a	n/a	n/a
125.796	0.02	saccade	n/a	451.1	105.6	n/a	477.7	107.2	1.07	124.0
125.818	0.304	fixation	n/a	472.1	105.4	602.0	n/a	n/a	n/a	n/a
126.124	0.014	saccade	n/a	466.0	106.9	n/a	432.8	108.1	1.34	117.0
126.14	0.192	fixation	n/a	433.2	110.4	595.0	n/a	n/a	n/a	n/a
126.334	0.02	saccade	n/a	431.4	110.1	n/a	476.2	107.6	1.81	161.0
126.356	0.128	fixation	n/a	468.8	105.1	591.0	n/a	n/a	n/a	n/a
126.486	0.026	saccade	n/a	470.0	103.4	n/a	552.5	102.8	3.3	253.0
126.514	0.202	fixation	n/a	541.6	103.0	546.0	n/a	n/a	n/a	n/a
126.718	0.016	saccade	n/a	541.6	102.2	n/a	573.6	89.4	1.37	115.0
126.736	0.12	fixation	n/a	566.8	90.1	522.0	n/a	n/a	n/a	n/a
126.858	0.062	saccade	n/a	567.0	90.4	n/a	213.8	138.5	14.15	394.0
126.922	0.122	fixation	n/a	211.9	142.8	550.0	n/a	n/a	n/a	n/a
127.046	0.022	saccade	n/a	212.6	146.2	n/a	149.3	140.1	2.5	206.0
127.07	0.284	fixation	n/a	152.4	143.1	547.0	n/a	n/a	n/a	n/a
127.356	0.028	saccade	n/a	152.8	140.7	n/a	207.0	90.2	2.95	167.0
127.386	0.31	fixation	n/a	225.1	84.2	515.0	n/a	n/a	n/a	n/a
127.698	0.02	saccade	n/a	225.7	84.9	n/a	297.4	82.7	2.86	227.0
127.72	0.21	fixation	n/a	304.5	90.3	537.0	n/a	n/a	n/a	n/a
127.932	0.022	saccade	n/a	308.1	97.3	n/a	252.2	135.6	2.73	200.0
127.956	0.172	fixation	n/a	252.4	144.3	566.0	n/a	n/a	n/a	n/a
128.13	0.016	saccade	n/a	251.0	146.4	n/a	212.7	152.6	1.54	141.0
128.148	0.22	fixation	n/a	217.4	153.6	571.0	n/a	n/a	n/a	n/a
128.37	0.012	saccade	n/a	216.6	153.7	n/a	194.0	151.2	0.9	88.0
128.384	0.458	fixation	n/a	200.4	155.8	591.0	n/a	n/a	n/a	n/a
128.844	0.02	saccade	n/a	200.9	157.5	n/a	255.2	153.0	2.16	189.0
128.866	0.254	fixation	n/a	256.5	153.1	610.0	n/a	n/a	n/a	n/a
129.122	0.02	saccade	n/a	257.8	155.0	n/a	310.9	154.4	2.12	182.0
129.144	0.196	fixation	n/a	310.1	154.5	609.0	n/a	n/a	n/a	n/a
129.342	0.032	saccade	n/a	310.0	154.2	n/a	381.5	151.1	2.88	199.0
129.376	0.152	fixation	n/a	379.6	152.0	585.0	n/a	n/a	n/a	n/a
129.53	0.02	saccade	n/a	381.9	151.0	n/a	349.0	150.5	1.32	119.0
129.552	0.148	fixation	n/a	353.8	149.1	539.0	n/a	n/a	n/a	n/a
129.702	0.024	saccade	n/a	351.1	147.4	n/a	456.2	152.3	4.23	287.0
129.728	0.22	fixation	n/a	461.0	154.7	506.0	n/a	n/a	n/a	n/a
129.95	0.008	saccade	n/a	462.1	155.1	n/a	449.4	154.2	0.51	61.0
129.96	0.186	fixation	n/a	450.9	155.8	510.0	n/a	n/a	n/a	n/a
130.148	0.03	saccade	n/a	449.9	155.7	n/a	541.7	152.6	3.67	180.0
130.18	0.172	fixation	n/a	545.1	154.6	513.0	n/a	n/a	n/a	n/a
130.354	0.054	saccade	n/a	546.5	153.0	n/a	221.9	181.1	12.96	322.0
130.41	0.126	fixation	n/a	202.9	191.9	543.0	n/a	n/a	n/a	n/a
130.538	0.02	saccade	n/a	198.8	193.0	n/a	154.7	205.0	1.8	176.0
130.56	0.24	fixation	n/a	156.1	205.8	540.0	n/a	n/a	n/a	n/a
130.802	0.02	saccade	n/a	154.3	202.6	n/a	222.1	199.3	2.67	235.0
130.824	0.13	fixation	n/a	240.4	203.2	544.0	n/a	n/a	n/a	n/a
130.956	0.024	saccade	n/a	241.0	203.6	n/a	329.3	204.3	3.53	285.0
130.982	0.21	fixation	n/a	324.7	209.6	547.0	n/a	n/a	n/a	n/a
131.194	0.022	saccade	n/a	326.8	212.1	n/a	409.9	206.1	3.35	273.0
131.218	0.152	fixation	n/a	420.0	205.9	538.0	n/a	n/a	n/a	n/a
131.372	0.036	saccade	n/a	422.0	203.1	n/a	556.9	210.5	5.39	296.0
131.41	0.3	fixation	n/a	555.1	210.3	514.0	n/a	n/a	n/a	n/a
131.712	0.016	saccade	n/a	557.9	211.9	n/a	520.9	211.3	1.47	136.0
131.73	0.108	fixation	n/a	520.2	211.3	504.0	n/a	n/a	n/a	n/a
131.84	0.018	saccade	n/a	520.7	210.7	n/a	476.7	212.2	1.76	156.0
131.86	0.174	fixation	n/a	484.9	212.2	511.0	n/a	n/a	n/a	n/a
132.036	0.05	saccade	n/a	484.1	212.7	n/a	200.5	256.8	11.39	357.0
132.088	0.162	fixation	n/a	181.2	259.5	567.0	n/a	n/a	n/a	n/a
132.252	0.02	saccade	n/a	179.4	258.2	n/a	146.7	267.4	1.33	156.0
132.274	0.248	fixation	n/a	151.9	267.6	583.0	n/a	n/a	n/a	n/a
132.524	0.036	saccade	n/a	153.5	268.2	n/a	251.4	265.7	3.85	270.0
132.562	0.168	fixation	n/a	250.8	264.0	591.0	n/a	n/a	n/a	n/a
132.732	0.022	saccade	n/a	251.9	265.0	n/a	313.3	260.2	2.45	208.0
132.756	0.208	fixation	n/a	314.5	262.1	591.0	n/a	n/a	n/a	n/a
132.966	0.024	saccade	n/a	315.6	261.2	n/a	394.5	260.7	3.16	220.0
132.992	0.168	fixation	n/a	392.1	263.5	576.0	n/a	n/a	n/a	n/a
133.162	0.026	saccade	n/a	393.1	265.1	n/a	470.9	265.3	3.11	206.0
133.19	0.208	fixation	n/a	468.0	265.6	576.0	n/a	n/a	n/a	n/a
133.4	0.022	saccade	n/a	467.1	262.2	n/a	396.5	266.3	2.83	226.0
133.424	0.176	fixation	n/a	404.5	266.5	560.0	n/a	n/a	n/a	n/a
133.58	0.0	trigger_11	11	n/a	n/a	n/a	n/a	n/a	n/a	n/a
133.586	0.0	trigger_10	10	n/a	n/a	n/a	n/a	n/a	n/a	n/a
133.602	0.024	saccade	n/a	405.9	268.2	n/a	341.1	265.2	2.59	190.0
133.628	0.16	fixation	n/a	346.4	266.1	563.0	n/a	n/a	n/a	n/a
133.79	0.018	saccade	n/a	347.3	269.3	n/a	301.0	268.1	1.85	166.0
133.81	0.178	fixation	n/a	305.2	267.4	575.0	n/a	n/a	n/a	n/a
133.99	0.018	saccade	n/a	305.8	266.6	n/a	263.8	262.6	1.68	156.0
134.01	0.342	fixation	n/a	267.2	262.0	597.0	n/a	n/a	n/a	n/a
134.354	0.014	saccade	n/a	266.8	262.2	n/a	239.4	260.3	1.09	92.0
134.37	0.148	fixation	n/a	246.0	263.7	607.0	n/a	n/a	n/a	n/a
134.52	0.036	saccade	n/a	247.7	263.9	n/a	419.1	260.7	6.83	322.0
134.558	0.212	fixation	n/a	423.8	262.6	581.0	n/a	n/a	n/a	n/a
134.772	0.02	saccade	n/a	423.8	263.6	n/a	487.5	259.9	2.55	211.0
134.794	0.086	fixation	n/a	477.3	261.7	563.0	n/a	n/a	n/a	n/a
134.882	0.05	saccade	n/a	478.4	262.1	n/a	207.5	264.0	10.75	352.0
134.934	0.86	fixation	n/a	202.3	266.4	556.0	n/a	n/a	n/a	n/a
135.796	0.034	saccade	n/a	203.0	267.5	n/a	207.0	120.5	5.92	296.0
135.832	0.106	fixation	n/a	206.5	115.6	536.0	n/a	n/a	n/a	n/a
135.94	0.018	saccade	n/a	203.3	114.0	n/a	168.9	101.1	1.45	139.0
135.96	0.376	fixation	n/a	154.5	94.3	525.0	n/a	n/a	n/a	n/a
136.338	0.018	saccade	n/a	153.0	91.4	n/a	201.4	84.1	1.92	161.0
136.358	0.174	fixation	n/a	199.1	85.3	548.0	n/a	n/a	n/a	n/a
136.534	0.018	saccade	n/a	199.9	86.4	n/a	242.3	85.4	1.68	170.0
136.554	0.28	fixation	n/a	240.9	87.9	589.0	n/a	n/a	n/a	n/a
136.836	0.014	saccade	n/a	240.8	89.8	n/a	211.1	88.3	1.18	108.0
136.852	0.25	fixation	n/a	217.0	91.1	594.0	n/a	n/a	n/a	n/a
137.104	0.02	saccade	n/a	216.6	90.8	n/a	260.7	87.0	1.76	160.0
137.126	0.126	fixation	n/a	252.9	90.2	592.0	n/a	n/a	n/a	n/a
137.254	0.02	saccade	n/a	251.9	89.3	n/a	204.9	89.7	1.87	154.0
137.276	0.122	fixation	n/a	213.6	90.2	593.0	n/a	n/a	n/a	n/a
137.4	0.024	saccade	n/a	214.2	89.8	n/a	307.4	91.5	3.72	294.0
137.426	0.218	fixation	n/a	304.1	99.6	611.0	n/a	n/a	n/a	n/a
137.646	0.024	saccade	n/a	305.6	101.4	n/a	373.9	98.3	2.75	199.0
137.672	0.178	fixation	n/a	368.2	99.6	608.0	n/a	n/a	n/a	n/a
137.852	0.018	saccade	n/a	370.1	101.7	n/a	414.8	102.8	1.8	177.0
137.872	0.146	fixation	n/a	408.5	102.9	605.0	n/a	n/a	n/a	n/a
138.02	0.026	saccade	n/a	408.0	102.3	n/a	506.4	99.4	3.95	260.0
138.048	0.228	fixation	n/a	505.4	103.6	600.0	n/a	n/a	n/a	n/a
138.278	0.072	saccade	n/a	503.4	101.5	n/a	210.5	96.4	11.65	346.0
138.352	0.168	fixation	n/a	195.9	97.8	580.0	n/a	n/a	n/a	n/a
138.522	0.018	saccade	n/a	192.5	95.6	n/a	157.8	90.6	1.38	126.0
138.542	0.2	fixation	n/a	162.7	90.4	567.0	n/a	n/a	n/a	n/a
138.744	0.018	saccade	n/a	161.5	91.2	n/a	219.7	83.8	2.32	199.0
138.764	0.184	fixation	n/a	219.8	85.3	572.0	n/a	n/a	n/a	n/a
138.95	0.026	saccade	n/a	220.9	86.0	n/a	321.0	88.6	4.0	265.0
138.978	0.194	fixation	n/a	336.1	95.3	578.0	n/a	n/a	n/a	n/a
139.174	0.026	saccade	n/a	335.7	95.4	n/a	414.7	94.9	3.18	215.0
139.202	0.232	fixation	n/a	411.2	95.7	576.0	n/a	n/a	n/a	n/a
139.436	0.032	saccade	n/a	410.9	98.1	n/a	490.9	95.7	3.22	205.0
139.47	0.242	fixation	n/a	484.9	96.2	584.0	n/a	n/a	n/a	n/a
139.714	0.02	saccade	n/a	483.8	98.6	n/a	539.2	93.1	2.23	183.0
139.736	0.2	fixation	n/a	537.8	96.6	602.0	n/a	n/a	n/a	n/a
139.938	0.02	saccade	n/a	537.8	96.4	n/a	589.5	95.6	2.05	190.0
139.96	0.148	fixation	n/a	579.0	98.3	612.0	n/a	n/a	n/a	n/a
140.11	0.068	saccade	n/a	580.7	98.1	n/a	180.3	148.6	15.96	415.0
140.18	0.134	fixation	n/a	181.0	153.5	663.0	n/a	n/a	n/a	n/a
140.316	0.022	saccade	n/a	176.4	152.6	n/a	133.1	155.6	1.7	173.0
140.34	0.218	fixation	n/a	139.7	155.5	670.0	n/a	n/a	n/a	n/a
140.56	0.02	saccade	n/a	137.8	155.6	n/a	195.8	149.1	2.29	208.0
140.582	0.248	fixation	n/a	207.5	151.6	633.0	n/a	n/a	n/a	n/a
140.832	0.022	saccade	n/a	208.9	151.3	n/a	277.2	154.9	2.72	209.0
140.856	0.358	fixation	n/a	273.2	156.6	653.0	n/a	n/a	n/a	n/a
141.216	0.014	saccade	n/a	271.7	155.7	n/a	242.1	159.5	1.19	107.0
141.232	0.158	fixation	n/a	250.6	160.2	666.0	n/a	n/a	n/a	n/a
141.392	0.024	saccade	n/a	252.2	163.0	n/a	327.2	159.1	3.0	260.0
141.418	0.276	fixation	n/a	322.6	159.5	667.0	n/a	n/a	n/a	n/a
141.696	0.024	saccade	n/a	323.9	160.6	n/a	399.2	154.2	3.04	221.0
141.722	0.188	fixation	n/a	398.3	154.5	666.0	n/a	n/a	n/a	n/a
141.912	0.016	saccade	n/a	399.4	154.1	n/a	380.0	156.4	0.79	94.0
141.93	0.142	fixation	n/a	385.1	158.9	664.0	n/a	n/a	n/a	n/a
142.074	0.028	saccade	n/a	383.2	160.5	n/a	478.3	162.8	3.83	241.0
142.104	0.204	fixation	n/a	470.3	162.1	622.0	n/a	n/a	n/a	n/a
142.31	0.024	saccade	n/a	470.4	161.7	n/a	534.5	155.7	2.58	204.0
142.336	0.27	fixation	n/a	530.4	159.8	590.0	n/a	n/a	n/a	n/a
142.608	0.07	saccade	n/a	529.3	162.1	n/a	155.0	201.6	14.88	358.0
142.68	0.262	fixation	n/a	156.8	205.4	617.0	n/a	n/a	n/a	n/a
142.944	0.02	saccade	n/a	156.2	209.0	n/a	225.0	207.4	2.71	240.0
142.966	0.23	fixation	n/a	222.9	206.3	624.0	n/a	n/a	n/a	n/a
143.092	0.0	trigger_11	11	n/a	n/a	n/a	n/a	n/a	n/a	n/a
143.098	0.0	trigger_10	10	n/a	n/a	n/a	n/a	n/a	n/a	n/a
143.198	0.02	saccade	n/a	221.7	205.2	n/a	176.1	209.0	1.8	158.0
143.22	0.148	fixation	n/a	184.8	209.1	621.0	n/a	n/a	n/a	n/a
143.37	0.022	saccade	n/a	183.6	207.1	n/a	260.8	208.4	3.06	244.0
143.394	0.134	fixation	n/a	263.6	207.9	615.0	n/a	n/a	n/a	n/a
143.53	0.03	saccade	n/a	264.1	207.1	n/a	365.0	205.3	4.04	231.0
143.562	0.2	fixation	n/a	365.7	205.3	629.0	n/a	n/a	n/a	n/a
143.764	0.024	saccade	n/a	366.2	205.4	n/a	456.7	204.3	3.63	262.0
143.79	0.164	fixation	n/a	460.6	204.5	629.0	n/a	n/a	n/a	n/a
143.956	0.028	saccade	n/a	463.8	204.6	n/a	346.1	205.7	4.73	313.0
143.986	0.148	fixation	n/a	345.1	205.8	596.0	n/a	n/a	n/a	n/a
144.136	0.022	saccade	n/a	344.1	203.7	n/a	315.1	204.2	1.16	138.0
144.16	0.198	fixation	n/a	319.3	206.2	582.0	n/a	n/a	n/a	n/a
144.36	0.018	saccade	n/a	319.0	207.2	n/a	298.2	203.6	0.84	115.0
144.38	0.23	fixation	n/a	299.6	204.8	600.0	n/a	n/a	n/a	n/a
144.612	0.032	saccade	n/a	296.3	203.0	n/a	390.0	202.1	3.76	195.0
144.646	0.162	fixation	n/a	385.2	201.2	606.0	n/a	n/a	n/a	n/a
144.81	0.026	saccade	n/a	386.3	201.1	n/a	475.1	203.0	3.57	249.0
144.838	0.454	fixation	n/a	473.1	204.1	618.0	n/a	n/a	n/a	n/a
145.294	0.052	saccade	n/a	476.9	204.2	n/a	201.4	79.2	12.09	462.0
145.348	0.124	fixation	n/a	206.4	76.2	558.0	n/a	n/a	n/a	n/a
145.474	0.022	saccade	n/a	205.7	75.9	n/a	160.7	84.1	1.8	179.0
145.498	0.196	fixation	n/a	167.3	84.7	561.0	n/a	n/a	n/a	n/a
145.696	0.02	saccade	n/a	167.4	83.7	n/a	226.8	81.4	2.35	199.0
145.718	0.104	fixation	n/a	229.6	83.6	557.0	n/a	n/a	n/a	n/a
145.824	0.202	saccade	n/a	227.8	91.6	n/a	362.4	84.8	5.39	443.0
145.86	0.144	blink	n/a	n/a	n/a	n/a	n/a	n/a	n/a	n/a
146.028	0.222	fixation	n/a	361.0	87.9	539.0	n/a	n/a	n/a	n/a
146.252	0.018	saccade	n/a	360.2	89.0	n/a	336.4	86.0	0.97	113.0
146.272	0.152	fixation	n/a	339.0	81.2	511.0	n/a	n/a	n/a	n/a
146.426	0.028	saccade	n/a	339.2	80.2	n/a	442.0	76.5	4.14	257.0
146.456	0.226	fixation	n/a	445.1	80.1	464.0	n/a	n/a	n/a	n/a
146.684	0.016	saccade	n/a	445.4	79.0	n/a	411.1	79.2	1.38	121.0
146.702	0.21	fixation	n/a	418.2	79.9	455.0	n/a	n/a	n/a	n/a
146.914	0.014	saccade	n/a	421.0	79.1	n/a	394.3	78.4	1.08	101.0
146.93	0.272	fixation	n/a	396.7	81.6	468.0	n/a	n/a	n/a	n/a
147.204	0.012	saccade	n/a	400.2	82.1	n/a	373.5	79.4	1.08	104.0
147.218	0.124	fixation	n/a	379.0	78.7	490.0	n/a	n/a	n/a	n/a
147.344	0.022	saccade	n/a	380.0	76.4	n/a	300.6	76.3	3.2	251.0
147.368	0.204	fixation	n/a	306.0	78.2	507.0	n/a	n/a	n/a	n/a
147.574	0.022	saccade	n/a	306.6	80.2	n/a	237.4	81.3	2.77	214.0
147.598	0.248	fixation	n/a	229.8	81.0	525.0	n/a	n/a	n/a	n/a
147.848	0.02	saccade	n/a	232.0	79.6	n/a	160.5	79.1	2.82	236.0
147.87	0.202	fixation	n/a	158.0	82.8	547.0	n/a	n/a	n/a	n/a
148.074	0.026	saccade	n/a	157.7	84.8	n/a	259.3	81.7	4.02	274.0
148.102	0.264	fixation	n/a	274.1	87.8	579.0	n/a	n/a	n/a	n/a
148.368	0.022	saccade	n/a	274.5	88.1	n/a	337.1	77.6	2.55	209.0
148.392	0.188	fixation	n/a	330.7	78.4	549.0	n/a	n/a	n/a	n/a
148.582	0.02	saccade	n/a	331.7	78.3	n/a	393.9	76.8	2.5	232.0
148.604	0.168	fixation	n/a	390.4	82.5	521.0	n/a	n/a	n/a	n/a
148.774	0.02	saccade	n/a	391.5	83.8	n/a	446.0	89.5	2.21	167.0
148.796	0.208	fixation	n/a	460.3	93.5	523.0	n/a	n/a	n/a	n/a
149.006	0.02	saccade	n/a	461.4	93.1	n/a	530.8	89.6	2.79	230.0
149.028	0.268	fixation	n/a	531.4	86.5	507.0	n/a	n/a	n/a	n/a
149.298	0.022	saccade	n/a	534.3	82.3	n/a	465.7	80.9	2.75	213.0
149.322	0.262	fixation	n/a	462.0	81.9	494.0	n/a	n/a	n/a	n/a
149.586	0.02	saccade	n/a	460.2	82.4	n/a	382.9	80.9	3.11	228.0
149.608	0.168	fixation	n/a	371.4	84.7	513.0	n/a	n/a	n/a	n/a
149.778	0.018	saccade	n/a	370.6	87.6	n/a	318.2	86.8	2.11	183.0
149.798	0.26	fixation	n/a	317.5	91.1	538.0	n/a	n/a	n/a	n/a
150.06	0.022	saccade	n/a	316.9	93.6	n/a	399.8	87.9	3.34	252.0
150.084	0.156	fixation	n/a	410.0	90.0	542.0	n/a	n/a	n/a	n/a
150.242	0.022	saccade	n/a	412.2	88.4	n/a	482.6	86.5	2.83	225.0
150.266	0.34	fixation	n/a	489.5	82.1	485.0	n/a	n/a	n/a	n/a
150.608	0.018	saccade	n/a	491.1	76.6	n/a	542.2	76.6	2.04	188.0
150.628	0.202	fixation	n/a	547.2	78.6	433.0	n/a	n/a	n/a	n/a
150.832	0.014	saccade	n/a	547.6	79.2	n/a	577.9	78.2	1.21	109.0
150.848	0.178	fixation	n/a	573.7	80.1	406.0	n/a	n/a	n/a	n/a
151.028	0.066	saccade	n/a	573.1	80.7	n/a	185.9	125.0	15.41	336.0
151.096	0.132	fixation	n/a	181.6	128.3	431.0	n/a	n/a	n/a	n/a
151.23	0.022	saccade	n/a	179.2	129.2	n/a	147.1	130.8	1.26	149.0
151.254	0.192	fixation	n/a	148.8	132.2	458.0	n/a	n/a	n/a	n/a
151.448	0.034	saccade	n/a	148.5	132.2	n/a	251.7	135.1	4.07	240.0
151.484	0.282	fixation	n/a	251.5	136.6	488.0	n/a	n/a	n/a	n/a
151.768	0.02	saccade	n/a	253.0	139.3	n/a	311.4	137.5	2.34	210.0
151.79	0.186	fixation	n/a	312.7	139.9	498.0	n/a	n/a	n/a	n/a
151.978	0.018	saccade	n/a	312.6	140.9	n/a	366.2	139.4	2.16	190.0
151.998	0.16	fixation	n/a	371.0	142.3	526.0	n/a	n/a	n/a	n/a
152.16	0.022	saccade	n/a	372.7	141.9	n/a	435.3	144.7	2.53	201.0
152.184	0.208	fixation	n/a	430.0	149.7	535.0	n/a	n/a	n/a	n/a
152.394	0.028	saccade	n/a	428.2	146.7	n/a	544.2	148.2	4.65	283.0
152.424	0.222	fixation	n/a	549.6	150.0	497.0	n/a	n/a	n/a	n/a
152.648	0.024	saccade	n/a	551.4	147.3	n/a	453.9	145.9	3.9	253.0
152.674	0.302	fixation	n/a	431.7	149.8	493.0	n/a	n/a	n/a	n/a
152.978	0.02	saccade	n/a	432.0	153.3	n/a	488.4	150.1	2.27	196.0
153.0	0.23	fixation	n/a	497.9	150.5	507.0	n/a	n/a	n/a	n/a
153.232	0.022	saccade	n/a	498.7	149.6	n/a	555.3	150.7	2.26	182.0
153.256	0.216	fixation	n/a	551.6	153.0	515.0	n/a	n/a	n/a	n/a
153.474	0.022	saccade	n/a	550.7	153.6	n/a	592.1	154.2	1.64	158.0
153.498	0.246	fixation	n/a	585.0	155.6	523.0	n/a	n/a	n/a	n/a
153.746	0.02	saccade	n/a	587.4	155.2	n/a	630.8	150.0	1.72	152.0
153.768	0.142	fixation	n/a	623.1	150.7	502.0	n/a	n/a	n/a	n/a
153.912	0.022	saccade	n/a	622.4	151.2	n/a	649.4	143.9	1.1	139.0
153.936	0.238	fixation	n/a	646.8	146.4	485.0	n/a	n/a	n/a	n/a
154.176	0.07	saccade	n/a	646.9	145.3	n/a	205.6	193.8	17.45	426.0
154.248	0.118	fixation	n/a	205.1	200.6	494.0	n/a	n/a	n/a	n/a
154.368	0.022	saccade	n/a	202.9	202.6	n/a	156.6	200.3	1.82	185.0
154.392	0.208	fixation	n/a	156.5	197.9	492.0	n/a	n/a	n/a	n/a
154.602	0.02	saccade	n/a	155.0	194.9	n/a	216.0	191.5	2.4	209.0
154.624	0.298	fixation	n/a	223.0	196.7	485.0	n/a	n/a	n/a	n/a
154.924	0.02	saccade	n/a	223.0	196.6	n/a	286.2	196.8	2.52	195.0
154.946	0.216	fixation	n/a	292.5	202.5	481.0	n/a	n/a	n/a	n/a
155.164	0.022	saccade	n/a	294.4	204.9	n/a	221.0	195.5	2.94	199.0
155.188	0.182	fixation	n/a	201.8	197.3	477.0	n/a	n/a	n/a	n/a
155.372	0.018	saccade	n/a	202.2	197.3	n/a	169.3	195.8	1.3	125.0
155.392	0.148	fixation	n/a	175.1	196.2	477.0	n/a	n/a	n/a	n/a
155.542	0.032	saccade	n/a	174.8	197.0	n/a	310.6	208.0	5.4	277.0
155.576	0.196	fixation	n/a	313.1	209.1	496.0	n/a	n/a	n/a	n/a
155.774	0.024	saccade	n/a	312.9	208.4	n/a	393.0	206.6	3.21	232.0
155.8	0.334	fixation	n/a	389.9	207.6	534.0	n/a	n/a	n/a	n/a
156.136	0.036	saccade	n/a	387.4	205.5	n/a	455.2	209.8	2.73	183.0
156.174	0.164	fixation	n/a	450.8	207.6	559.0	n/a	n/a	n/a	n/a
156.34	0.024	saccade	n/a	451.4	208.0	n/a	517.8	209.9	2.66	204.0
156.366	0.274	fixation	n/a	512.5	212.2	578.0	n/a	n/a	n/a	n/a
156.642	0.02	saccade	n/a	510.0	214.4	n/a	563.9	214.0	2.15	179.0
156.664	0.154	fixation	n/a	561.6	216.1	587.0	n/a	n/a	n/a	n/a
156.82	0.014	saccade	n/a	562.8	214.3	n/a	586.2	214.8	0.93	96.0
156.836	0.128	fixation	n/a	579.9	216.2	593.0	n/a	n/a	n/a	n/a
156.966	0.06	saccade	n/a	580.5	216.4	n/a	217.4	255.8	14.41	393.0
157.028	0.142	fixation	n/a	217.3	260.4	641.0	n/a	n/a	n/a	n/a
157.172	0.022	saccade	n/a	214.8	261.5	n/a	155.7	268.2	2.33	186.0
157.196	0.32	fixation	n/a	165.5	267.7	636.0	n/a	n/a	n/a	n/a
157.23	0.0	trigger_11	11	n/a	n/a	n/a	n/a	n/a	n/a	n/a
157.234	0.0	trigger_10	10	n/a	n/a	n/a	n/a	n/a	n/a	n/a
157.518	0.024	saccade	n/a	165.4	266.3	n/a	247.8	260.1	3.25	250.0
157.544	0.246	fixation	n/a	244.2	263.4	624.0	n/a	n/a	n/a	n/a
157.792	0.014	saccade	n/a	243.7	262.7	n/a	262.1	232.2	1.43	134.0
157.808	0.364	fixation	n/a	277.3	211.5	594.0	n/a	n/a	n/a	n/a
158.174	0.02	saccade	n/a	278.2	212.5	n/a	226.9	211.3	2.04	168.0
158.196	0.232	fixation	n/a	224.3	213.2	601.0	n/a	n/a	n/a	n/a
158.43	0.056	saccade	n/a	224.0	214.9	n/a	489.2	214.8	10.54	324.0
158.488	0.15	fixation	n/a	485.5	214.0	622.0	n/a	n/a	n/a	n/a
158.64	0.022	saccade	n/a	485.0	212.2	n/a	543.4	205.3	2.35	184.0
158.664	0.07	fixation	n/a	534.6	208.7	623.0	n/a	n/a	n/a	n/a
158.736	0.052	saccade	n/a	534.9	211.0	n/a	236.0	253.9	11.99	409.0
158.79	0.138	fixation	n/a	236.2	255.3	604.0	n/a	n/a	n/a	n/a
158.93	0.02	saccade	n/a	232.5	253.2	n/a	184.6	261.1	1.91	166.0
158.952	0.156	fixation	n/a	188.6	261.4	573.0	n/a	n/a	n/a	n/a
159.11	0.04	saccade	n/a	187.1	261.5	n/a	280.2	113.7	7.02	316.0
159.152	0.292	fixation	n/a	285.6	112.6	554.0	n/a	n/a	n/a	n/a
159.446	0.028	saccade	n/a	286.0	115.6	n/a	174.5	87.6	4.57	305.0
159.476	0.156	fixation	n/a	174.8	86.3	580.0	n/a	n/a	n/a	n/a
159.634	0.02	saccade	n/a	173.7	86.8	n/a	151.7	82.2	0.88	102.0
159.656	0.162	fixation	n/a	155.4	83.8	566.0	n/a	n/a	n/a	n/a
159.82	0.02	saccade	n/a	155.5	84.3	n/a	215.1	78.8	2.36	208.0
159.842	0.258	fixation	n/a	221.2	83.1	564.0	n/a	n/a	n/a	n/a
160.102	0.018	saccade	n/a	221.6	88.1	n/a	276.5	84.3	2.19	192.0
160.122	0.168	fixation	n/a	283.6	87.3	594.0	n/a	n/a	n/a	n/a
160.292	0.024	saccade	n/a	284.2	91.1	n/a	384.2	93.2	4.02	271.0
160.318	0.152	fixation	n/a	392.8	97.3	611.0	n/a	n/a	n/a	n/a
160.472	0.032	saccade	n/a	394.3	97.1	n/a	517.5	101.5	4.95	269.0
160.506	0.172	fixation	n/a	516.9	101.5	604.0	n/a	n/a	n/a	n/a
160.68	0.06	saccade	n/a	516.9	99.6	n/a	182.0	142.3	13.4	391.0
160.742	0.148	fixation	n/a	183.2	146.5	598.0	n/a	n/a	n/a	n/a
160.892	0.016	saccade	n/a	179.6	145.7	n/a	160.7	144.5	0.74	90.0
160.91	0.274	fixation	n/a	165.3	144.6	576.0	n/a	n/a	n/a	n/a
160.966	0.0	trigger_11	11	n/a	n/a	n/a	n/a	n/a	n/a	n/a
160.97	0.0	trigger_10	10	n/a	n/a	n/a	n/a	n/a	n/a	n/a
161.186	0.018	saccade	n/a	170.3	149.0	n/a	136.2	141.2	1.37	112.0
161.206	0.444	fixation	n/a	141.9	147.7	607.0	n/a	n/a	n/a	n/a
161.652	0.026	saccade	n/a	142.8	153.1	n/a	230.7	152.2	3.46	245.0
161.68	0.35	fixation	n/a	228.3	154.9	644.0	n/a	n/a	n/a	n/a
162.032	0.022	saccade	n/a	227.6	156.0	n/a	304.7	156.1	3.08	235.0
162.056	0.168	fixation	n/a	307.6	155.7	635.0	n/a	n/a	n/a	n/a
162.226	0.022	saccade	n/a	310.2	156.4	n/a	371.9	148.1	2.51	202.0
162.25	0.29	fixation	n/a	367.6	151.0	627.0	n/a	n/a	n/a	n/a
162.542	0.022	saccade	n/a	367.8	151.3	n/a	435.8	148.6	2.74	227.0
162.566	0.19	fixation	n/a	437.5	152.6	610.0	n/a	n/a	n/a	n/a
162.758	0.024	saccade	n/a	439.8	151.7	n/a	354.2	150.3	3.45	269.0
162.784	0.378	fixation	n/a	358.7	152.9	593.0	n/a	n/a	n/a	n/a
163.164	0.038	saccade	n/a	358.3	152.0	n/a	191.0	97.2	7.04	381.0
163.204	0.132	fixation	n/a	191.6	95.9	563.0	n/a	n/a	n/a	n/a
163.338	0.018	saccade	n/a	192.3	94.9	n/a	147.2	85.8	1.81	155.0
163.358	0.172	fixation	n/a	154.3	87.4	567.0	n/a	n/a	n/a	n/a
163.532	0.016	saccade	n/a	153.7	85.9	n/a	134.0	83.8	0.77	90.0
163.55	0.214	fixation	n/a	137.2	84.8	555.0	n/a	n/a	n/a	n/a
163.766	0.016	saccade	n/a	137.9	84.8	n/a	181.6	79.1	1.73	166.0
163.784	0.258	fixation	n/a	182.3	81.5	546.0	n/a	n/a	n/a	n/a
164.044	0.018	saccade	n/a	182.6	84.2	n/a	225.1	82.2	1.68	149.0
164.064	0.144	fixation	n/a	223.4	82.7	557.0	n/a	n/a	n/a	n/a
164.21	0.02	saccade	n/a	225.0	81.5	n/a	167.8	83.7	2.26	179.0
164.232	0.144	fixation	n/a	173.6	84.5	571.0	n/a	n/a	n/a	n/a
164.378	0.018	saccade	n/a	173.1	85.7	n/a	140.7	88.6	1.28	128.0
164.398	0.352	fixation	n/a	147.6	87.3	579.0	n/a	n/a	n/a	n/a
164.752	0.018	saccade	n/a	146.2	88.4	n/a	193.5	83.1	1.87	184.0
164.772	0.17	fixation	n/a	195.4	84.1	562.0	n/a	n/a	n/a	n/a
164.944	0.022	saccade	n/a	194.4	85.4	n/a	255.8	84.1	2.44	185.0
164.968	0.29	fixation	n/a	257.1	91.5	584.0	n/a	n/a	n/a	n/a
165.26	0.03	saccade	n/a	258.9	92.4	n/a	343.4	99.9	3.39	205.0
165.292	0.14	fixation	n/a	342.9	97.2	587.0	n/a	n/a	n/a	n/a
165.434	0.256	saccade	n/a	339.0	96.0	n/a	380.4	83.2	1.75	601.0
165.49	0.176	blink	n/a	n/a	n/a	n/a	n/a	n/a	n/a	n/a
165.692	0.376	fixation	n/a	373.9	82.7	486.0	n/a	n/a	n/a	n/a
166.07	0.022	saccade	n/a	374.4	76.7	n/a	318.2	79.9	2.27	171.0
166.094	0.164	fixation	n/a	320.3	81.8	425.0	n/a	n/a	n/a	n/a
166.26	0.034	saccade	n/a	322.1	82.6	n/a	228.4	86.7	3.74	212.0
166.296	0.178	fixation	n/a	211.1	87.4	449.0	n/a	n/a	n/a	n/a
166.476	0.018	saccade	n/a	207.6	88.4	n/a	163.5	84.5	1.74	143.0
166.496	0.296	fixation	n/a	160.2	87.2	486.0	n/a	n/a	n/a	n/a
166.794	0.014	saccade	n/a	161.8	87.4	n/a	134.5	89.9	1.07	100.0
166.81	0.256	fixation	n/a	138.9	89.5	504.0	n/a	n/a	n/a	n/a
167.068	0.034	saccade	n/a	139.1	88.4	n/a	207.1	88.2	2.67	177.0
167.104	0.186	fixation	n/a	204.0	87.6	536.0	n/a	n/a	n/a	n/a
167.292	0.036	saccade	n/a	205.1	87.4	n/a	295.2	82.6	3.59	214.0
167.33	0.194	fixation	n/a	290.1	83.2	533.0	n/a	n/a	n/a	n/a
167.526	0.024	saccade	n/a	289.4	83.4	n/a	368.8	76.6	3.2	197.0
167.552	0.26	fixation	n/a	377.7	80.7	498.0	n/a	n/a	n/a	n/a
167.814	0.02	saccade	n/a	377.5	82.9	n/a	423.8	86.0	1.87	164.0
167.836	0.11	fixation	n/a	417.0	88.1	496.0	n/a	n/a	n/a	n/a
167.948	0.02	saccade	n/a	416.2	87.2	n/a	481.1	87.2	2.61	220.0
167.97	0.214	fixation	n/a	472.8	83.6	509.0	n/a	n/a	n/a	n/a
168.186	0.014	saccade	n/a	474.0	87.3	n/a	502.3	91.0	1.15	102.0
168.202	0.118	fixation	n/a	494.1	90.8	527.0	n/a	n/a	n/a	n/a
168.322	0.058	saccade	n/a	492.2	94.6	n/a	167.5	126.3	12.95	379.0
168.382	0.146	fixation	n/a	168.2	131.9	538.0	n/a	n/a	n/a	n/a
168.53	0.018	saccade	n/a	163.2	128.9	n/a	142.7	135.5	0.85	113.0
168.55	0.172	fixation	n/a	144.5	136.0	520.0	n/a	n/a	n/a	n/a
168.724	0.02	saccade	n/a	143.0	136.0	n/a	214.9	139.3	2.83	259.0
168.746	0.156	fixation	n/a	225.8	145.1	527.0	n/a	n/a	n/a	n/a
168.904	0.026	saccade	n/a	224.4	143.3	n/a	333.2	153.0	4.36	289.0
168.932	0.298	fixation	n/a	329.2	152.0	546.0	n/a	n/a	n/a	n/a
169.232	0.026	saccade	n/a	331.6	153.3	n/a	422.6	154.9	3.66	271.0
169.26	0.27	fixation	n/a	424.8	153.1	539.0	n/a	n/a	n/a	n/a
169.532	0.046	saccade	n/a	426.2	152.2	n/a	299.9	100.6	5.5	240.0
169.58	0.124	fixation	n/a	280.3	92.5	511.0	n/a	n/a	n/a	n/a
169.706	0.022	saccade	n/a	278.9	92.1	n/a	195.6	91.9	3.31	245.0
169.73	0.26	fixation	n/a	186.1	93.0	521.0	n/a	n/a	n/a	n/a
169.992	0.024	saccade	n/a	184.5	93.4	n/a	264.8	85.4	3.2	217.0
170.018	0.192	fixation	n/a	269.9	84.6	533.0	n/a	n/a	n/a	n/a
170.212	0.016	saccade	n/a	269.5	82.9	n/a	237.0	87.8	1.31	121.0
170.23	0.136	fixation	n/a	242.0	89.3	540.0	n/a	n/a	n/a	n/a
170.368	0.022	saccade	n/a	242.0	90.4	n/a	177.1	89.5	2.57	192.0
170.392	0.194	fixation	n/a	178.0	89.6	543.0	n/a	n/a	n/a	n/a
170.588	0.022	saccade	n/a	178.7	89.7	n/a	245.4	86.5	2.64	204.0
170.612	0.242	fixation	n/a	246.7	87.6	536.0	n/a	n/a	n/a	n/a
170.856	0.012	saccade	n/a	247.7	88.3	n/a	269.0	84.6	0.86	92.0
170.87	0.192	fixation	n/a	266.1	86.4	529.0	n/a	n/a	n/a	n/a
171.064	0.018	saccade	n/a	266.3	85.8	n/a	317.9	85.4	2.07	188.0
171.084	0.322	fixation	n/a	311.0	88.9	536.0	n/a	n/a	n/a	n/a
171.408	0.022	saccade	n/a	309.5	90.6	n/a	369.3	76.2	2.48	190.0
171.432	0.216	fixation	n/a	369.5	77.4	498.0	n/a	n/a	n/a	n/a
171.65	0.018	saccade	n/a	372.3	78.2	n/a	330.0	82.0	1.71	139.0
171.654	0.0	trigger_11	11	n/a	n/a	n/a	n/a	n/a	n/a	n/a
171.66	0.0	trigger_10	10	n/a	n/a	n/a	n/a	n/a	n/a	n/a
171.67	0.192	fixation	n/a	327.3	84.1	484.0	n/a	n/a	n/a	n/a
171.864	0.012	saccade	n/a	325.4	86.2	n/a	301.6	86.7	0.96	89.0
171.878	0.296	fixation	n/a	306.7	87.8	502.0	n/a	n/a	n/a	n/a
172.176	0.022	saccade	n/a	309.6	92.5	n/a	376.7	81.5	2.74	195.0
172.2	0.29	fixation	n/a	374.7	84.2	507.0	n/a	n/a	n/a	n/a
172.492	0.018	saccade	n/a	376.7	84.5	n/a	427.7	78.8	2.07	162.0
172.512	0.13	fixation	n/a	422.4	79.7	496.0	n/a	n/a	n/a	n/a
172.644	0.022	saccade	n/a	422.2	75.7	n/a	480.1	74.4	2.33	178.0
172.668	0.162	fixation	n/a	480.5	76.3	472.0	n/a	n/a	n/a	n/a
172.832	0.052	saccade	n/a	481.3	76.5	n/a	186.2	125.1	11.9	364.0
172.886	0.232	fixation	n/a	186.2	132.4	472.0	n/a	n/a	n/a	n/a
173.12	0.018	saccade	n/a	185.8	133.4	n/a	235.3	130.2	1.96	191.0
173.14	0.146	fixation	n/a	237.7	135.5	482.0	n/a	n/a	n/a	n/a
173.288	0.028	saccade	n/a	239.1	137.3	n/a	350.3	143.1	4.45	283.0
173.318	0.152	fixation	n/a	350.9	144.7	500.0	n/a	n/a	n/a	n/a
173.472	0.022	saccade	n/a	351.9	143.8	n/a	266.3	140.7	3.43	274.0
173.496	0.096	fixation	n/a	262.7	142.0	531.0	n/a	n/a	n/a	n/a
173.594	0.02	saccade	n/a	259.8	146.0	n/a	209.2	141.8	2.02	188.0
173.616	0.24	fixation	n/a	215.1	145.4	540.0	n/a	n/a	n/a	n/a
173.858	0.022	saccade	n/a	216.5	148.7	n/a	171.2	87.8	3.04	267.0
173.882	0.314	fixation	n/a	169.1	87.1	562.0	n/a	n/a	n/a	n/a
174.198	0.018	saccade	n/a	168.5	88.6	n/a	143.3	85.4	0.99	99.0
174.218	0.292	fixation	n/a	150.0	87.1	548.0	n/a	n/a	n/a	n/a
174.512	0.02	saccade	n/a	149.8	87.1	n/a	226.7	82.0	3.03	242.0
174.534	0.276	fixation	n/a	242.5	94.2	582.0	n/a	n/a	n/a	n/a
174.812	0.022	saccade	n/a	244.3	98.1	n/a	308.5	98.6	2.57	217.0
174.836	0.206	fixation	n/a	300.8	98.1	599.0	n/a	n/a	n/a	n/a
175.044	0.024	saccade	n/a	301.9	99.2	n/a	386.8	91.5	3.43	239.0
175.07	0.284	fixation	n/a	390.4	89.9	588.0	n/a	n/a	n/a	n/a
175.356	0.024	saccade	n/a	389.7	90.4	n/a	461.1	94.3	2.88	201.0
175.382	0.248	fixation	n/a	453.0	94.6	601.0	n/a	n/a	n/a	n/a
175.632	0.018	saccade	n/a	452.8	95.9	n/a	495.7	89.1	1.75	156.0
175.652	0.164	fixation	n/a	486.1	93.1	602.0	n/a	n/a	n/a	n/a
175.818	0.02	saccade	n/a	484.8	94.0	n/a	541.9	90.6	2.29	188.0
175.84	0.148	fixation	n/a	534.2	92.0	591.0	n/a	n/a	n/a	n/a
175.99	0.018	saccade	n/a	534.6	93.8	n/a	578.4	90.0	1.75	149.0
176.01	0.12	fixation	n/a	570.4	90.3	581.0	n/a	n/a	n/a	n/a
176.132	0.066	saccade	n/a	570.8	90.5	n/a	180.2	154.2	15.65	385.0
176.2	0.124	fixation	n/a	183.1	160.0	625.0	n/a	n/a	n/a	n/a
176.326	0.022	saccade	n/a	181.1	161.2	n/a	146.0	155.5	1.4	167.0
176.35	0.17	fixation	n/a	152.0	158.1	630.0	n/a	n/a	n/a	n/a
176.522	0.022	saccade	n/a	149.8	157.2	n/a	234.8	149.0	3.36	269.0
176.546	0.27	fixation	n/a	237.5	148.2	585.0	n/a	n/a	n/a	n/a
176.818	0.012	saccade	n/a	238.2	147.5	n/a	212.4	146.4	1.02	106.0
176.832	0.15	fixation	n/a	214.7	147.8	555.0	n/a	n/a	n/a	n/a
176.984	0.02	saccade	n/a	215.9	151.2	n/a	276.8	147.1	2.43	204.0
177.006	0.196	fixation	n/a	274.3	147.0	558.0	n/a	n/a	n/a	n/a
177.204	0.02	saccade	n/a	277.0	152.7	n/a	333.8	148.5	2.28	192.0
177.226	0.198	fixation	n/a	340.5	149.6	578.0	n/a	n/a	n/a	n/a
177.426	0.022	saccade	n/a	338.7	151.4	n/a	402.3	149.8	2.56	210.0
177.45	0.132	fixation	n/a	399.0	151.0	566.0	n/a	n/a	n/a	n/a
177.584	0.022	saccade	n/a	398.4	150.6	n/a	339.2	156.0	2.39	200.0
177.608	0.244	fixation	n/a	345.7	157.5	575.0	n/a	n/a	n/a	n/a
177.854	0.004	saccade	n/a	340.2	156.9	n/a	334.8	159.1	0.23	50.0
177.86	0.118	fixation	n/a	335.9	157.9	577.0	n/a	n/a	n/a	n/a
177.98	0.02	saccade	n/a	334.7	157.5	n/a	390.1	155.0	2.23	198.0
178.002	0.204	fixation	n/a	388.1	152.8	531.0	n/a	n/a	n/a	n/a
178.208	0.014	saccade	n/a	389.3	150.2	n/a	416.0	149.4	1.08	108.0
178.224	0.2	fixation	n/a	408.7	149.1	502.0	n/a	n/a	n/a	n/a
178.426	0.024	saccade	n/a	407.1	148.5	n/a	461.8	145.1	2.21	153.0
178.452	0.34	fixation	n/a	460.1	150.0	505.0	n/a	n/a	n/a	n/a
178.794	0.014	saccade	n/a	461.2	151.8	n/a	497.9	153.5	1.48	141.0
178.81	0.178	fixation	n/a	507.3	151.6	496.0	n/a	n/a	n/a	n/a
178.99	0.022	saccade	n/a	508.1	152.9	n/a	573.6	152.6	2.61	197.0
179.014	0.212	fixation	n/a	568.6	155.8	487.0	n/a	n/a	n/a	n/a
179.228	0.006	saccade	n/a	569.4	158.5	n/a	580.7	155.4	0.47	67.0
179.236	0.13	fixation	n/a	580.7	154.8	484.0	n/a	n/a	n/a	n/a
179.368	0.06	saccade	n/a	580.8	156.6	n/a	189.4	199.0	15.56	404.0
179.43	0.17	fixation	n/a	177.8	207.8	528.0	n/a	n/a	n/a	n/a
179.602	0.016	saccade	n/a	175.1	209.3	n/a	140.7	207.2	1.35	112.0
179.62	0.238	fixation	n/a	149.9	211.2	556.0	n/a	n/a	n/a	n/a
179.86	0.024	saccade	n/a	148.6	211.6	n/a	238.6	213.2	3.54	258.0
179.886	0.222	fixation	n/a	245.0	218.2	542.0	n/a	n/a	n/a	n/a
179.984	0.0	trigger_11	11	n/a	n/a	n/a	n/a	n/a	n/a	n/a
179.988	0.0	trigger_10	10	n/a	n/a	n/a	n/a	n/a	n/a	n/a
180.11	0.022	saccade	n/a	246.3	217.8	n/a	169.9	210.1	3.03	203.0
180.134	0.162	fixation	n/a	159.7	210.4	530.0	n/a	n/a	n/a	n/a
180.298	0.016	saccade	n/a	158.8	211.7	n/a	126.4	205.4	1.29	114.0
180.316	0.202	fixation	n/a	134.8	209.1	545.0	n/a	n/a	n/a	n/a
180.52	0.024	saccade	n/a	136.8	213.1	n/a	211.4	212.0	2.93	215.0
180.546	0.224	fixation	n/a	208.9	215.6	579.0	n/a	n/a	n/a	n/a
180.772	0.022	saccade	n/a	208.8	214.2	n/a	284.8	218.0	3.02	252.0
180.796	0.294	fixation	n/a	284.2	216.2	581.0	n/a	n/a	n/a	n/a
181.092	0.036	saccade	n/a	286.9	214.5	n/a	383.2	165.1	4.36	191.0
181.13	0.2	fixation	n/a	386.5	159.8	562.0	n/a	n/a	n/a	n/a
181.332	0.02	saccade	n/a	387.4	157.3	n/a	454.6	154.9	2.71	226.0
181.354	0.194	fixation	n/a	456.0	156.9	557.0	n/a	n/a	n/a	n/a
181.55	0.022	saccade	n/a	457.3	156.6	n/a	371.2	155.9	3.46	244.0
181.574	0.292	fixation	n/a	353.1	160.5	563.0	n/a	n/a	n/a	n/a
181.868	0.024	saccade	n/a	352.0	159.1	n/a	279.6	154.7	2.91	219.0
181.894	0.306	fixation	n/a	282.6	159.3	577.0	n/a	n/a	n/a	n/a
182.202	0.022	saccade	n/a	280.8	156.6	n/a	214.5	102.2	3.44	272.0
182.226	0.118	fixation	n/a	209.3	102.3	568.0	n/a	n/a	n/a	n/a
182.346	0.022	saccade	n/a	208.1	101.2	n/a	171.2	87.5	1.55	133.0
182.37	0.178	fixation	n/a	178.5	92.0	553.0	n/a	n/a	n/a	n/a
182.55	0.016	saccade	n/a	176.9	91.5	n/a	151.0	91.6	1.02	104.0
182.568	0.202	fixation	n/a	154.2	91.9	547.0	n/a	n/a	n/a	n/a
182.772	0.028	saccade	n/a	153.3	91.7	n/a	265.6	91.5	4.44	246.0
182.802	0.214	fixation	n/a	267.3	97.3	578.0	n/a	n/a	n/a	n/a
183.018	0.022	saccade	n/a	269.7	98.9	n/a	185.3	88.5	3.38	269.0
183.042	0.158	fixation	n/a	169.3	92.7	595.0	n/a	n/a	n/a	n/a
183.202	0.018	saccade	n/a	168.0	92.5	n/a	127.0	88.8	1.61	149.0
183.222	0.222	fixation	n/a	133.2	90.4	598.0	n/a	n/a	n/a	n/a
183.446	0.02	saccade	n/a	132.1	89.5	n/a	191.9	90.4	2.35	195.0
183.468	0.144	fixation	n/a	185.8	91.3	603.0	n/a	n/a	n/a	n/a
183.614	0.022	saccade	n/a	184.8	90.1	n/a	267.7	96.7	3.3	287.0
183.638	0.18	fixation	n/a	266.6	99.3	610.0	n/a	n/a	n/a	n/a
183.82	0.02	saccade	n/a	267.2	99.7	n/a	215.5	92.6	2.08	175.0
183.842	0.184	fixation	n/a	224.7	92.8	605.0	n/a	n/a	n/a	n/a
184.028	0.022	saccade	n/a	224.7	93.6	n/a	299.0	97.2	2.97	227.0
184.052	0.168	fixation	n/a	291.7	99.7	612.0	n/a	n/a	n/a	n/a
184.222	0.02	saccade	n/a	291.0	98.2	n/a	345.6	95.9	2.19	191.0
184.244	0.144	fixation	n/a	341.0	95.6	608.0	n/a	n/a	n/a	n/a
184.39	0.022	saccade	n/a	341.8	94.6	n/a	426.6	94.9	3.41	255.0
184.414	0.202	fixation	n/a	428.0	100.0	589.0	n/a	n/a	n/a	n/a
184.618	0.024	saccade	n/a	427.1	100.1	n/a	508.3	100.3	3.26	239.0
184.644	0.172	fixation	n/a	508.9	101.4	565.0	n/a	n/a	n/a	n/a
184.818	0.018	saccade	n/a	508.8	103.0	n/a	542.3	98.6	1.35	122.0
184.838	0.082	fixation	n/a	534.3	96.9	543.0	n/a	n/a	n/a	n/a
184.922	0.056	saccade	n/a	534.8	96.7	n/a	200.5	140.5	13.41	411.0
184.98	0.142	fixation	n/a	205.1	146.3	567.0	n/a	n/a	n/a	n/a
185.124	0.02	saccade	n/a	203.5	149.0	n/a	153.7	145.4	1.96	168.0
185.146	0.256	fixation	n/a	160.4	149.2	575.0	n/a	n/a	n/a	n/a
185.404	0.046	saccade	n/a	161.6	151.3	n/a	470.8	104.8	12.41	387.0
185.452	0.196	fixation	n/a	479.2	100.2	552.0	n/a	n/a	n/a	n/a
185.65	0.022	saccade	n/a	482.1	100.7	n/a	544.3	94.1	2.5	206.0
185.674	0.258	fixation	n/a	536.3	97.7	551.0	n/a	n/a	n/a	n/a
185.934	0.06	saccade	n/a	537.2	98.4	n/a	206.1	142.3	13.26	358.0
185.996	0.172	fixation	n/a	205.7	148.7	576.0	n/a	n/a	n/a	n/a
186.17	0.018	saccade	n/a	204.0	151.0	n/a	159.8	149.7	1.74	148.0
186.19	0.174	fixation	n/a	168.3	151.1	578.0	n/a	n/a	n/a	n/a
186.256	0.0	trigger_11	11	n/a	n/a	n/a	n/a	n/a	n/a	n/a
186.264	0.0	trigger_10	10	n/a	n/a	n/a	n/a	n/a	n/a	n/a
186.366	0.022	saccade	n/a	166.5	150.5	n/a	249.2	145.8	3.27	254.0
186.39	0.19	fixation	n/a	248.5	150.8	587.0	n/a	n/a	n/a	n/a
186.582	0.018	saccade	n/a	251.6	155.2	n/a	278.9	150.5	1.11	127.0
186.602	0.082	fixation	n/a	272.9	150.9	595.0	n/a	n/a	n/a	n/a
186.686	0.024	saccade	n/a	273.6	149.7	n/a	198.9	100.0	3.59	293.0
186.712	0.246	fixation	n/a	192.4	95.6	575.0	n/a	n/a	n/a	n/a
186.96	0.024	saccade	n/a	189.5	95.1	n/a	286.9	92.1	3.87	304.0
186.986	0.314	fixation	n/a	288.4	95.9	592.0	n/a	n/a	n/a	n/a
187.302	0.006	saccade	n/a	285.9	99.4	n/a	278.1	97.4	0.32	51.0
187.31	0.034	fixation	n/a	277.4	98.2	598.0	n/a	n/a	n/a	n/a
187.346	0.034	saccade	n/a	278.0	99.1	n/a	400.9	92.9	4.94	251.0
187.382	0.198	fixation	n/a	402.9	92.5	594.0	n/a	n/a	n/a	n/a
187.582	0.024	saccade	n/a	404.5	91.3	n/a	487.2	97.0	3.34	248.0
187.608	0.128	fixation	n/a	488.1	100.3	584.0	n/a	n/a	n/a	n/a
187.738	0.022	saccade	n/a	486.7	103.1	n/a	543.3	101.4	2.27	172.0
187.762	0.076	fixation	n/a	534.0	101.2	571.0	n/a	n/a	n/a	n/a
187.84	0.068	saccade	n/a	533.2	100.7	n/a	191.9	98.9	13.57	375.0
187.91	0.124	fixation	n/a	188.7	100.7	569.0	n/a	n/a	n/a	n/a
188.036	0.02	saccade	n/a	188.5	104.9	n/a	139.5	95.4	1.96	170.0
188.058	0.448	fixation	n/a	149.9	97.3	570.0	n/a	n/a	n/a	n/a
188.508	0.022	saccade	n/a	151.2	99.2	n/a	225.7	90.8	2.95	196.0
188.532	0.218	fixation	n/a	234.5	85.3	588.0	n/a	n/a	n/a	n/a
188.752	0.018	saccade	n/a	236.0	83.1	n/a	295.6	84.1	2.38	221.0
188.772	0.18	fixation	n/a	295.2	84.0	545.0	n/a	n/a	n/a	n/a
188.954	0.022	saccade	n/a	296.4	83.3	n/a	366.2	81.6	2.81	179.0
188.978	0.244	fixation	n/a	376.1	82.5	511.0	n/a	n/a	n/a	n/a
189.224	0.018	saccade	n/a	375.0	82.7	n/a	424.9	79.2	2.02	177.0
189.244	0.16	fixation	n/a	418.8	83.9	522.0	n/a	n/a	n/a	n/a
189.406	0.024	saccade	n/a	419.1	86.5	n/a	508.8	96.9	3.63	243.0
189.432	0.206	fixation	n/a	503.0	96.9	537.0	n/a	n/a	n/a	n/a
189.512	0.0	trigger_11	11	n/a	n/a	n/a	n/a	n/a	n/a	n/a
189.518	0.0	trigger_10	10	n/a	n/a	n/a	n/a	n/a	n/a	n/a
189.64	0.022	saccade	n/a	501.6	96.1	n/a	569.8	88.0	2.74	212.0
189.664	0.23	fixation	n/a	567.9	92.0	533.0	n/a	n/a	n/a	n/a
189.896	0.014	saccade	n/a	568.4	89.5	n/a	592.6	85.6	0.97	96.0
189.912	0.046	fixation	n/a	589.8	89.8	525.0	n/a	n/a	n/a	n/a
189.96	0.056	saccade	n/a	590.7	86.7	n/a	232.8	130.3	14.28	399.0
190.018	0.118	fixation	n/a	234.5	134.6	550.0	n/a	n/a	n/a	n/a
190.138	0.024	saccade	n/a	230.5	133.2	n/a	166.4	136.6	2.53	189.0
190.164	0.214	fixation	n/a	172.1	139.7	556.0	n/a	n/a	n/a	n/a
190.38	0.03	saccade	n/a	170.2	142.4	n/a	291.8	147.1	4.82	271.0
190.412	0.26	fixation	n/a	287.2	148.0	570.0	n/a	n/a	n/a	n/a
190.674	0.024	saccade	n/a	286.9	149.2	n/a	367.2	152.0	3.23	259.0
190.7	0.142	fixation	n/a	361.6	154.9	584.0	n/a	n/a	n/a	n/a
190.844	0.034	saccade	n/a	360.5	154.3	n/a	209.9	142.8	6.03	305.0
190.88	0.26	fixation	n/a	210.4	145.9	593.0	n/a	n/a	n/a	n/a
191.142	0.024	saccade	n/a	210.1	148.1	n/a	307.5	148.8	3.88	266.0
191.168	0.526	fixation	n/a	317.4	154.5	612.0	n/a	n/a	n/a	n/a
191.696	0.03	saccade	n/a	319.7	154.9	n/a	198.4	100.2	5.32	289.0
191.728	0.062	fixation	n/a	203.6	102.0	598.0	n/a	n/a	n/a	n/a
191.792	0.022	saccade	n/a	206.3	103.8	n/a	179.4	83.8	1.33	138.0
191.816	0.228	fixation	n/a	186.1	88.8	585.0	n/a	n/a	n/a	n/a
192.046	0.016	saccade	n/a	185.2	87.4	n/a	226.7	81.3	1.66	141.0
192.064	0.216	fixation	n/a	236.0	82.3	555.0	n/a	n/a	n/a	n/a
192.282	0.018	saccade	n/a	238.2	81.8	n/a	194.1	90.3	1.78	140.0
192.302	0.182	fixation	n/a	192.4	93.2	559.0	n/a	n/a	n/a	n/a
192.486	0.024	saccade	n/a	190.3	93.0	n/a	273.1	81.0	3.32	249.0
192.512	0.158	fixation	n/a	278.5	86.3	569.0	n/a	n/a	n/a	n/a
192.672	0.03	saccade	n/a	282.8	86.5	n/a	175.1	93.2	4.28	265.0
192.704	0.08	fixation	n/a	175.9	95.0	578.0	n/a	n/a	n/a	n/a
192.786	0.034	saccade	n/a	177.3	96.1	n/a	118.2	86.9	2.34	241.0
192.822	0.16	fixation	n/a	113.4	87.7	586.0	n/a	n/a	n/a	n/a
192.984	0.036	saccade	n/a	113.1	87.9	n/a	284.9	87.2	6.76	358.0
193.022	0.212	fixation	n/a	289.8	93.2	603.0	n/a	n/a	n/a	n/a
193.236	0.016	saccade	n/a	290.8	94.8	n/a	258.3	88.9	1.32	112.0
193.254	0.214	fixation	n/a	260.8	86.3	579.0	n/a	n/a	n/a	n/a
193.47	0.022	saccade	n/a	261.1	87.2	n/a	343.1	84.5	3.28	279.0
193.494	0.228	fixation	n/a	355.8	85.1	549.0	n/a	n/a	n/a	n/a
193.724	0.02	saccade	n/a	358.0	85.8	n/a	419.6	83.8	2.49	201.0
193.746	0.158	fixation	n/a	422.4	85.8	543.0	n/a	n/a	n/a	n/a
193.906	0.02	saccade	n/a	421.7	85.3	n/a	361.3	85.9	2.44	201.0
193.928	0.158	fixation	n/a	365.1	89.1	541.0	n/a	n/a	n/a	n/a
194.088	0.024	saccade	n/a	363.7	90.3	n/a	437.1	88.9	2.96	196.0
194.114	0.32	fixation	n/a	434.3	93.5	555.0	n/a	n/a	n/a	n/a
194.436	0.026	saccade	n/a	432.0	95.6	n/a	503.7	93.2	2.88	196.0
194.464	0.268	fixation	n/a	495.3	97.4	579.0	n/a	n/a	n/a	n/a
194.734	0.018	saccade	n/a	495.1	97.5	n/a	542.4	90.2	1.92	174.0
194.754	0.304	fixation	n/a	537.7	89.3	540.0	n/a	n/a	n/a	n/a
195.06	0.016	saccade	n/a	539.0	87.3	n/a	575.3	83.0	1.45	143.0
195.078	0.348	fixation	n/a	567.7	90.1	527.0	n/a	n/a	n/a	n/a
195.428	0.02	saccade	n/a	565.3	95.2	n/a	510.0	100.2	2.21	168.0
195.45	0.25	fixation	n/a	515.8	100.1	590.0	n/a	n/a	n/a	n/a
195.702	0.02	saccade	n/a	515.4	99.7	n/a	580.8	95.4	2.61	217.0
195.724	0.16	fixation	n/a	577.1	92.2	564.0	n/a	n/a	n/a	n/a
195.886	0.02	saccade	n/a	576.8	91.4	n/a	626.6	89.4	1.97	169.0
195.908	0.22	fixation	n/a	616.6	86.9	538.0	n/a	n/a	n/a	n/a
196.13	0.066	saccade	n/a	618.1	86.5	n/a	170.1	131.7	17.7	412.0
196.198	0.142	fixation	n/a	171.3	134.7	557.0	n/a	n/a	n/a	n/a
196.272	0.0	trigger_11	11	n/a	n/a	n/a	n/a	n/a	n/a	n/a
196.276	0.0	trigger_12	12	n/a	n/a	n/a	n/a	n/a	n/a	n/a
196.342	0.02	saccade	n/a	168.1	134.4	n/a	129.4	132.3	1.51	144.0
196.364	0.158	fixation	n/a	139.6	134.2	537.0	n/a	n/a	n/a	n/a
196.524	0.026	saccade	n/a	138.4	134.3	n/a	260.9	146.5	4.85	351.0
196.552	0.35	fixation	n/a	262.0	151.0	560.0	n/a	n/a	n/a	n/a
196.904	0.014	saccade	n/a	262.9	154.7	n/a	231.7	157.8	1.25	120.0
196.92	0.204	fixation	n/a	239.3	158.6	618.0	n/a	n/a	n/a	n/a
197.126	0.038	saccade	n/a	241.5	162.1	n/a	424.9	159.4	7.35	328.0
197.166	0.226	fixation	n/a	423.9	158.7	649.0	n/a	n/a	n/a	n/a
197.394	0.022	saccade	n/a	425.2	156.6	n/a	495.4	158.6	2.83	225.0
197.418	0.212	fixation	n/a	494.5	159.4	640.0	n/a	n/a	n/a	n/a
197.632	0.022	saccade	n/a	495.8	158.8	n/a	556.2	156.7	2.42	217.0
197.656	0.142	fixation	n/a	549.6	157.7	613.0	n/a	n/a	n/a	n/a
197.8	0.07	saccade	n/a	549.8	156.1	n/a	149.1	194.8	15.88	416.0
197.872	0.198	fixation	n/a	140.1	200.0	620.0	n/a	n/a	n/a	n/a
198.072	0.04	saccade	n/a	137.6	200.5	n/a	407.8	150.3	10.89	398.0
198.114	0.364	fixation	n/a	422.3	147.8	600.0	n/a	n/a	n/a	n/a
198.48	0.052	saccade	n/a	425.1	151.5	n/a	190.0	113.3	9.49	375.0
198.534	0.108	fixation	n/a	183.0	114.5	626.0	n/a	n/a	n/a	n/a
198.644	0.02	saccade	n/a	184.2	114.3	n/a	135.1	97.8	2.03	203.0
198.666	0.148	fixation	n/a	147.5	100.8	609.0	n/a	n/a	n/a	n/a
198.816	0.022	saccade	n/a	149.0	100.1	n/a	213.1	86.3	2.58	199.0
198.84	0.154	fixation	n/a	205.7	88.0	603.0	n/a	n/a	n/a	n/a
198.864	0.0	trigger_13	13	n/a	n/a	n/a	n/a	n/a	n/a	n/a
198.996	0.022	saccade	n/a	204.3	89.4	n/a	285.7	88.0	3.24	274.0
199.02	0.214	fixation	n/a	284.3	89.6	605.0	n/a	n/a	n/a	n/a
199.236	0.026	saccade	n/a	284.7	93.4	n/a	191.3	84.8	3.73	250.0
199.264	0.112	fixation	n/a	196.8	89.4	601.0	n/a	n/a	n/a	n/a
199.378	0.03	saccade	n/a	195.1	89.2	n/a	342.6	95.9	5.88	378.0
199.41	0.222	fixation	n/a	350.1	98.5	603.0	n/a	n/a	n/a	n/a
199.634	0.028	saccade	n/a	352.1	102.4	n/a	452.1	96.2	4.03	264.0
199.664	0.254	fixation	n/a	450.5	99.3	621.0	n/a	n/a	n/a	n/a
199.92	0.02	saccade	n/a	449.1	100.5	n/a	507.0	98.4	2.33	198.0
199.942	0.074	fixation	n/a	500.0	98.3	601.0	n/a	n/a	n/a	n/a
200.018	0.054	saccade	n/a	499.4	97.8	n/a	141.9	133.4	14.23	402.0
200.074	0.152	fixation	n/a	147.2	135.9	608.0	n/a	n/a	n/a	n/a
200.228	0.048	saccade	n/a	144.2	135.4	n/a	444.3	104.6	11.97	416.0
200.278	0.274	fixation	n/a	448.4	103.1	629.0	n/a	n/a	n/a	n/a
200.554	0.02	saccade	n/a	449.9	106.7	n/a	472.7	97.4	0.99	127.0
200.576	0.142	fixation	n/a	471.7	102.0	630.0	n/a	n/a	n/a	n/a
200.72	0.022	saccade	n/a	472.0	104.1	n/a	530.6	100.8	2.35	192.0
200.744	0.364	fixation	n/a	518.9	103.8	631.0	n/a	n/a	n/a	n/a
201.11	0.054	saccade	n/a	517.5	103.6	n/a	265.2	173.4	10.47	412.0
201.166	0.12	fixation	n/a	256.8	177.4	675.0	n/a	n/a	n/a	n/a
201.288	0.02	saccade	n/a	256.7	180.4	n/a	211.0	209.3	2.16	199.0
201.31	0.178	fixation	n/a	217.3	202.7	674.0	n/a	n/a	n/a	n/a
201.49	0.254	saccade	n/a	211.6	204.4	n/a	469.9	192.5	10.3	771.0
201.542	0.178	blink	n/a	n/a	n/a	n/a	n/a	n/a	n/a	n/a
201.746	0.304	fixation	n/a	456.3	193.9	569.0	n/a	n/a	n/a	n/a
202.052	0.036	saccade	n/a	455.7	185.8	n/a	563.7	110.3	5.3	336.0
202.09	0.268	fixation	n/a	561.2	102.5	499.0	n/a	n/a	n/a	n/a
202.36	0.024	saccade	n/a	559.4	112.3	n/a	476.0	88.1	3.48	250.0
202.386	0.262	fixation	n/a	463.7	94.0	552.0	n/a	n/a	n/a	n/a
202.65	0.036	saccade	n/a	461.2	101.8	n/a	332.0	94.9	5.2	277.0
202.688	0.364	fixation	n/a	330.8	97.7	631.0	n/a	n/a	n/a	n/a
203.024	0.0	trigger_15	15	n/a	n/a	n/a	n/a	n/a	n/a	n/a
203.03	0.0	trigger_10	10	n/a	n/a	n/a	n/a	n/a	n/a	n/a
203.054	0.042	saccade	n/a	331.9	100.5	n/a	382.0	212.0	4.97	207.0
203.098	0.206	fixation	n/a	383.3	206.7	654.0	n/a	n/a	n/a	n/a
203.306	0.022	saccade	n/a	383.4	209.4	n/a	435.1	203.1	2.09	198.0
203.33	0.202	fixation	n/a	429.3	206.1	611.0	n/a	n/a	n/a	n/a
203.534	0.024	saccade	n/a	431.5	208.7	n/a	370.6	210.6	2.45	177.0
203.56	0.17	fixation	n/a	377.5	209.6	557.0	n/a	n/a	n/a	n/a
203.732	0.014	saccade	n/a	377.0	209.8	n/a	349.2	213.8	1.13	103.0
203.748	0.51	fixation	n/a	358.4	213.0	573.0	n/a	n/a	n/a	n/a
204.26	0.004	saccade	n/a	362.5	214.0	n/a	357.2	214.0	0.21	52.0
204.266	0.942	fixation	n/a	356.3	216.1	593.0	n/a	n/a	n/a	n/a
205.21	0.04	saccade	n/a	357.8	219.1	n/a	244.1	98.5	6.69	375.0
205.252	0.134	fixation	n/a	246.7	93.0	518.0	n/a	n/a	n/a	n/a
205.388	0.02	saccade	n/a	246.6	91.2	n/a	190.5	90.5	2.22	191.0
205.41	0.25	fixation	n/a	192.1	91.7	524.0	n/a	n/a	n/a	n/a
205.662	0.018	saccade	n/a	192.2	91.8	n/a	239.3	85.9	1.88	181.0
205.682	0.198	fixation	n/a	241.9	87.6	532.0	n/a	n/a	n/a	n/a
205.882	0.02	saccade	n/a	240.8	87.5	n/a	294.6	88.9	2.15	202.0
205.904	0.238	fixation	n/a	291.8	91.9	548.0	n/a	n/a	n/a	n/a
206.144	0.022	saccade	n/a	293.3	96.3	n/a	366.8	97.0	2.95	215.0
206.168	0.218	fixation	n/a	380.7	97.9	582.0	n/a	n/a	n/a	n/a
206.388	0.018	saccade	n/a	381.6	99.3	n/a	330.5	101.2	2.06	189.0
206.408	0.214	fixation	n/a	336.8	99.6	616.0	n/a	n/a	n/a	n/a
206.624	0.022	saccade	n/a	332.9	100.2	n/a	403.1	99.2	2.83	223.0
206.648	0.19	fixation	n/a	402.9	101.3	605.0	n/a	n/a	n/a	n/a
206.84	0.052	saccade	n/a	407.0	98.9	n/a	153.4	82.0	10.09	312.0
206.894	0.194	fixation	n/a	155.8	85.0	597.0	n/a	n/a	n/a	n/a
207.09	0.016	saccade	n/a	152.8	86.4	n/a	136.4	87.4	0.64	89.0
207.108	0.314	fixation	n/a	138.2	87.9	591.0	n/a	n/a	n/a	n/a
207.424	0.224	saccade	n/a	133.7	91.3	n/a	422.1	100.3	11.43	859.0
207.476	0.136	blink	n/a	n/a	n/a	n/a	n/a	n/a	n/a	n/a
207.592	0.0	trigger_11	11	n/a	n/a	n/a	n/a	n/a	n/a	n/a
207.596	0.0	trigger_10	10	n/a	n/a	n/a	n/a	n/a	n/a	n/a
207.65	0.046	fixation	n/a	420.2	101.0	561.0	n/a	n/a	n/a	n/a
207.698	0.178	saccade	n/a	418.8	111.6	n/a	412.2	85.3	1.11	610.0
207.718	0.132	blink	n/a	n/a	n/a	n/a	n/a	n/a	n/a	n/a
207.878	0.202	fixation	n/a	411.5	91.8	531.0	n/a	n/a	n/a	n/a
208.082	0.024	saccade	n/a	413.2	84.5	n/a	328.6	79.4	3.41	247.0
208.108	0.266	fixation	n/a	327.1	82.7	486.0	n/a	n/a	n/a	n/a
208.376	0.016	saccade	n/a	327.4	83.3	n/a	294.1	87.6	1.35	133.0
208.394	0.158	fixation	n/a	283.5	87.7	458.0	n/a	n/a	n/a	n/a
208.554	0.018	saccade	n/a	279.0	85.8	n/a	233.6	84.2	1.81	148.0
208.574	0.242	fixation	n/a	230.2	88.2	466.0	n/a	n/a	n/a	n/a
208.818	0.02	saccade	n/a	225.7	89.8	n/a	284.9	86.5	2.36	180.0
208.84	0.236	fixation	n/a	294.1	85.9	498.0	n/a	n/a	n/a	n/a
209.078	0.026	saccade	n/a	294.5	86.6	n/a	392.2	87.4	3.92	260.0
209.106	0.374	fixation	n/a	395.6	88.9	540.0	n/a	n/a	n/a	n/a
209.482	0.026	saccade	n/a	397.9	93.8	n/a	316.3	85.9	3.3	225.0
209.51	0.27	fixation	n/a	320.1	89.2	545.0	n/a	n/a	n/a	n/a
209.782	0.036	saccade	n/a	320.3	96.2	n/a	166.0	91.0	6.13	291.0
209.82	0.174	fixation	n/a	166.3	90.1	569.0	n/a	n/a	n/a	n/a
209.996	0.022	saccade	n/a	164.3	91.1	n/a	231.4	92.2	2.65	223.0
210.02	0.182	fixation	n/a	228.2	92.0	596.0	n/a	n/a	n/a	n/a
210.204	0.02	saccade	n/a	227.0	88.2	n/a	175.5	90.9	2.04	174.0
210.226	0.22	fixation	n/a	185.0	87.0	586.0	n/a	n/a	n/a	n/a
210.322	0.0	trigger_11	11	n/a	n/a	n/a	n/a	n/a	n/a	n/a
210.326	0.0	trigger_10	10	n/a	n/a	n/a	n/a	n/a	n/a	n/a
210.448	0.018	saccade	n/a	186.2	86.4	n/a	233.7	83.0	1.88	180.0
210.468	0.176	fixation	n/a	233.1	85.7	590.0	n/a	n/a	n/a	n/a
210.646	0.018	saccade	n/a	235.4	86.4	n/a	284.8	91.4	1.98	188.0
210.666	0.186	fixation	n/a	283.8	93.3	592.0	n/a	n/a	n/a	n/a
210.854	0.02	saccade	n/a	283.7	95.0	n/a	345.7	96.9	2.49	194.0
210.876	0.178	fixation	n/a	339.9	98.1	590.0	n/a	n/a	n/a	n/a
211.056	0.018	saccade	n/a	339.7	98.2	n/a	300.4	101.7	1.58	144.0
211.076	0.2	fixation	n/a	305.8	101.4	592.0	n/a	n/a	n/a	n/a
211.278	0.02	saccade	n/a	303.2	100.7	n/a	248.0	98.0	2.21	195.0
211.3	0.236	fixation	n/a	252.4	100.0	596.0	n/a	n/a	n/a	n/a
211.538	0.02	saccade	n/a	250.9	99.9	n/a	304.9	100.4	2.16	192.0
211.56	0.098	fixation	n/a	300.8	100.1	601.0	n/a	n/a	n/a	n/a
211.66	0.022	saccade	n/a	300.4	100.9	n/a	358.5	99.5	2.34	189.0
211.684	0.106	fixation	n/a	355.4	99.8	602.0	n/a	n/a	n/a	n/a
211.792	0.02	saccade	n/a	357.4	102.0	n/a	404.2	98.8	1.89	180.0
211.814	0.204	fixation	n/a	395.6	100.4	601.0	n/a	n/a	n/a	n/a
212.02	0.05	saccade	n/a	395.9	96.8	n/a	180.2	86.3	8.6	308.0
212.072	0.512	fixation	n/a	181.2	89.6	584.0	n/a	n/a	n/a	n/a
212.586	0.016	saccade	n/a	180.1	88.4	n/a	153.8	88.7	1.03	108.0
212.604	0.108	fixation	n/a	159.8	89.2	577.0	n/a	n/a	n/a	n/a
212.714	0.02	saccade	n/a	158.5	89.1	n/a	242.0	84.2	3.31	272.0
212.736	0.162	fixation	n/a	250.9	90.2	582.0	n/a	n/a	n/a	n/a
212.9	0.022	saccade	n/a	250.6	88.8	n/a	317.6	90.0	2.68	220.0
212.924	0.178	fixation	n/a	318.6	90.5	569.0	n/a	n/a	n/a	n/a
213.104	0.02	saccade	n/a	319.3	88.7	n/a	371.2	85.9	2.09	205.0
213.126	0.156	fixation	n/a	369.6	87.8	545.0	n/a	n/a	n/a	n/a
213.284	0.022	saccade	n/a	370.9	90.5	n/a	429.8	89.7	2.38	206.0
213.308	0.232	fixation	n/a	428.6	91.7	542.0	n/a	n/a	n/a	n/a
213.542	0.066	saccade	n/a	425.9	96.0	n/a	170.6	128.6	10.24	281.0
213.61	0.254	fixation	n/a	172.5	132.4	551.0	n/a	n/a	n/a	n/a
213.866	0.026	saccade	n/a	168.9	135.0	n/a	263.5	147.2	3.77	256.0
213.894	0.206	fixation	n/a	275.8	153.3	563.0	n/a	n/a	n/a	n/a
214.102	0.02	saccade	n/a	278.6	151.7	n/a	235.7	146.3	1.72	160.0
214.124	0.12	fixation	n/a	242.3	145.2	545.0	n/a	n/a	n/a	n/a
214.246	0.018	saccade	n/a	241.1	142.5	n/a	197.3	142.3	1.74	146.0
214.266	0.272	fixation	n/a	197.9	142.1	509.0	n/a	n/a	n/a	n/a
214.54	0.018	saccade	n/a	200.0	143.2	n/a	246.5	139.5	1.85	177.0
214.56	0.204	fixation	n/a	246.1	140.2	502.0	n/a	n/a	n/a	n/a
214.766	0.02	saccade	n/a	247.0	143.3	n/a	309.1	148.0	2.49	217.0
214.788	0.214	fixation	n/a	308.0	149.8	513.0	n/a	n/a	n/a	n/a
215.004	0.02	saccade	n/a	307.4	149.2	n/a	360.8	144.9	2.16	167.0
215.026	0.19	fixation	n/a	359.8	146.7	477.0	n/a	n/a	n/a	n/a
215.218	0.024	saccade	n/a	362.6	146.3	n/a	443.8	150.2	3.27	214.0
215.244	0.31	fixation	n/a	446.0	150.4	445.0	n/a	n/a	n/a	n/a
215.556	0.016	saccade	n/a	450.4	152.5	n/a	499.1	146.2	1.97	176.0
215.574	0.142	fixation	n/a	504.5	145.7	448.0	n/a	n/a	n/a	n/a
215.718	0.018	saccade	n/a	506.2	144.6	n/a	548.3	143.5	1.68	164.0
215.738	0.118	fixation	n/a	547.1	145.5	442.0	n/a	n/a	n/a	n/a
215.858	0.02	saccade	n/a	546.6	145.1	n/a	605.8	147.1	2.35	179.0
215.88	0.322	fixation	n/a	599.1	150.8	452.0	n/a	n/a	n/a	n/a
216.204	0.068	saccade	n/a	598.7	151.9	n/a	210.4	190.6	15.43	368.0
216.274	0.098	fixation	n/a	211.7	199.4	493.0	n/a	n/a	n/a	n/a
216.374	0.02	saccade	n/a	206.6	199.8	n/a	146.5	198.7	2.36	200.0
216.396	0.32	fixation	n/a	146.8	204.8	497.0	n/a	n/a	n/a	n/a
216.718	0.038	saccade	n/a	149.2	206.4	n/a	288.6	217.2	5.53	278.0
216.758	0.172	fixation	n/a	286.9	212.8	518.0	n/a	n/a	n/a	n/a
216.932	0.024	saccade	n/a	287.9	211.6	n/a	219.0	212.9	2.74	207.0
216.958	0.41	fixation	n/a	220.3	213.5	531.0	n/a	n/a	n/a	n/a
216.994	0.0	trigger_11	11	n/a	n/a	n/a	n/a	n/a	n/a	n/a
216.998	0.0	trigger_10	10	n/a	n/a	n/a	n/a	n/a	n/a	n/a
217.37	0.034	saccade	n/a	218.6	213.3	n/a	314.8	206.6	3.83	224.0
217.406	0.026	fixation	n/a	322.8	208.0	543.0	n/a	n/a	n/a	n/a
217.434	0.042	saccade	n/a	325.1	207.0	n/a	556.5	168.3	9.39	351.0
217.478	0.138	fixation	n/a	559.5	164.7	518.0	n/a	n/a	n/a	n/a
217.618	0.022	saccade	n/a	564.2	162.6	n/a	632.9	149.4	2.76	220.0
217.642	0.15	fixation	n/a	620.5	154.2	506.0	n/a	n/a	n/a	n/a
217.794	0.074	saccade	n/a	621.4	153.8	n/a	193.3	198.0	16.95	383.0
217.87	0.31	fixation	n/a	202.5	202.6	512.0	n/a	n/a	n/a	n/a
218.182	0.024	saccade	n/a	204.6	205.2	n/a	298.2	207.6	3.72	241.0
218.208	0.242	fixation	n/a	301.2	211.0	504.0	n/a	n/a	n/a	n/a
218.452	0.02	saccade	n/a	301.7	212.6	n/a	352.5	196.2	2.14	172.0
218.474	0.086	fixation	n/a	348.3	192.9	506.0	n/a	n/a	n/a	n/a
218.562	0.02	saccade	n/a	349.2	195.3	n/a	380.8	146.6	2.36	194.0
218.584	0.272	fixation	n/a	390.1	147.1	501.0	n/a	n/a	n/a	n/a
218.858	0.026	saccade	n/a	389.5	149.4	n/a	474.9	150.6	3.44	215.0
218.886	0.288	fixation	n/a	470.5	152.6	528.0	n/a	n/a	n/a	n/a
219.106	0.0	trigger_11	11	n/a	n/a	n/a	n/a	n/a	n/a	n/a
219.11	0.0	trigger_10	10	n/a	n/a	n/a	n/a	n/a	n/a	n/a
219.176	0.042	saccade	n/a	470.8	151.4	n/a	231.6	111.7	9.68	374.0
219.22	0.11	fixation	n/a	234.2	111.1	522.0	n/a	n/a	n/a	n/a
219.332	0.022	saccade	n/a	232.4	110.2	n/a	164.2	92.8	2.78	237.0
219.356	0.236	fixation	n/a	165.5	95.7	534.0	n/a	n/a	n/a	n/a
219.594	0.022	saccade	n/a	163.4	96.1	n/a	230.1	89.4	2.65	228.0
219.618	0.13	fixation	n/a	234.8	91.0	535.0	n/a	n/a	n/a	n/a
219.75	0.024	saccade	n/a	235.5	90.8	n/a	311.5	86.7	3.04	225.0
219.776	0.212	fixation	n/a	315.9	91.1	518.0	n/a	n/a	n/a	n/a
219.99	0.022	saccade	n/a	317.6	94.4	n/a	392.2	87.6	3.01	246.0
220.014	0.12	fixation	n/a	391.1	87.8	533.0	n/a	n/a	n/a	n/a
220.136	0.026	saccade	n/a	391.5	90.3	n/a	472.3	87.7	3.25	204.0
220.164	0.176	fixation	n/a	470.4	91.9	539.0	n/a	n/a	n/a	n/a
220.342	0.02	saccade	n/a	471.4	92.2	n/a	443.6	91.6	1.12	114.0
220.364	0.158	fixation	n/a	449.3	93.6	558.0	n/a	n/a	n/a	n/a
220.524	0.022	saccade	n/a	448.8	94.6	n/a	520.3	89.9	2.88	219.0
220.548	0.108	fixation	n/a	518.5	94.3	550.0	n/a	n/a	n/a	n/a
220.658	0.056	saccade	n/a	520.5	94.5	n/a	192.5	141.7	13.18	380.0
220.716	0.14	fixation	n/a	193.7	144.1	567.0	n/a	n/a	n/a	n/a
220.858	0.02	saccade	n/a	191.7	147.6	n/a	150.3	144.4	1.63	164.0
220.88	0.154	fixation	n/a	158.9	146.0	567.0	n/a	n/a	n/a	n/a
221.036	0.02	saccade	n/a	159.1	146.1	n/a	227.8	155.2	2.73	245.0
221.058	0.278	fixation	n/a	233.2	157.7	579.0	n/a	n/a	n/a	n/a
221.338	0.022	saccade	n/a	237.7	159.5	n/a	179.4	106.0	3.17	262.0
221.362	0.144	fixation	n/a	170.2	103.5	552.0	n/a	n/a	n/a	n/a
221.508	0.016	saccade	n/a	167.8	102.3	n/a	144.4	92.3	1.0	103.0
221.526	0.216	fixation	n/a	150.7	94.0	554.0	n/a	n/a	n/a	n/a
221.744	0.014	saccade	n/a	148.4	95.0	n/a	131.0	93.0	0.68	81.0
221.76	0.162	fixation	n/a	135.8	92.9	563.0	n/a	n/a	n/a	n/a
221.924	0.018	saccade	n/a	136.2	92.8	n/a	174.9	89.0	1.52	143.0
221.944	0.172	fixation	n/a	168.5	90.0	582.0	n/a	n/a	n/a	n/a
222.118	0.024	saccade	n/a	169.0	92.6	n/a	247.8	93.8	3.12	219.0
222.144	0.338	fixation	n/a	243.4	95.5	605.0	n/a	n/a	n/a	n/a
222.484	0.024	saccade	n/a	244.2	94.4	n/a	333.0	92.0	3.55	229.0
222.51	0.298	fixation	n/a	339.3	95.3	582.0	n/a	n/a	n/a	n/a
222.81	0.02	saccade	n/a	342.2	98.4	n/a	394.0	94.1	2.09	178.0
222.832	0.306	fixation	n/a	388.9	96.0	608.0	n/a	n/a	n/a	n/a
223.14	0.018	saccade	n/a	387.8	99.3	n/a	350.3	100.5	1.51	124.0
223.16	0.274	fixation	n/a	354.7	100.6	633.0	n/a	n/a	n/a	n/a
223.436	0.01	saccade	n/a	348.9	102.8	n/a	331.5	101.7	0.7	78.0
223.448	0.172	fixation	n/a	336.9	100.0	634.0	n/a	n/a	n/a	n/a
223.622	0.024	saccade	n/a	335.8	99.6	n/a	424.0	94.8	3.55	264.0
223.648	0.326	fixation	n/a	417.9	99.4	625.0	n/a	n/a	n/a	n/a
223.976	0.018	saccade	n/a	417.8	100.2	n/a	372.6	100.9	1.82	170.0
223.996	0.162	fixation	n/a	371.1	102.2	634.0	n/a	n/a	n/a	n/a
224.16	0.022	saccade	n/a	371.1	102.2	n/a	440.9	95.4	2.83	204.0
224.184	0.15	fixation	n/a	439.6	95.4	639.0	n/a	n/a	n/a	n/a
224.336	0.026	saccade	n/a	440.2	96.5	n/a	514.0	96.4	2.96	213.0
224.364	0.156	fixation	n/a	504.8	96.9	634.0	n/a	n/a	n/a	n/a
224.522	0.02	saccade	n/a	506.0	97.5	n/a	558.2	97.8	2.08	187.0
224.544	0.122	fixation	n/a	550.7	99.5	631.0	n/a	n/a	n/a	n/a
224.668	0.06	saccade	n/a	552.7	99.5	n/a	193.6	141.2	14.35	373.0
224.73	0.124	fixation	n/a	197.5	146.2	669.0	n/a	n/a	n/a	n/a
224.856	0.018	saccade	n/a	196.1	151.5	n/a	151.1	156.6	1.78	158.0
224.876	0.214	fixation	n/a	158.6	159.2	677.0	n/a	n/a	n/a	n/a
225.002	0.0	trigger_11	11	n/a	n/a	n/a	n/a	n/a	n/a	n/a
225.01	0.0	trigger_10	10	n/a	n/a	n/a	n/a	n/a	n/a	n/a
225.092	0.022	saccade	n/a	157.9	161.0	n/a	232.1	154.3	2.94	226.0
225.116	0.158	fixation	n/a	232.1	157.4	656.0	n/a	n/a	n/a	n/a
225.276	0.028	saccade	n/a	234.2	157.3	n/a	155.6	156.5	3.09	242.0
225.306	0.136	fixation	n/a	158.7	156.7	644.0	n/a	n/a	n/a	n/a
225.444	0.022	saccade	n/a	159.6	157.6	n/a	232.2	149.8	2.88	241.0
225.468	0.39	fixation	n/a	230.5	155.9	630.0	n/a	n/a	n/a	n/a
225.86	0.026	saccade	n/a	230.5	157.7	n/a	327.5	159.9	3.87	278.0
225.888	0.504	fixation	n/a	326.2	160.0	620.0	n/a	n/a	n/a	n/a
226.394	0.016	saccade	n/a	323.5	158.3	n/a	320.3	121.7	1.5	117.0
226.412	0.13	fixation	n/a	319.1	108.4	525.0	n/a	n/a	n/a	n/a
226.544	0.018	saccade	n/a	317.6	104.0	n/a	270.0	86.1	2.04	187.0
226.564	0.168	fixation	n/a	267.4	89.4	486.0	n/a	n/a	n/a	n/a
226.734	0.024	saccade	n/a	268.7	91.3	n/a	202.7	91.2	2.62	175.0
226.76	0.18	fixation	n/a	189.4	92.6	493.0	n/a	n/a	n/a	n/a
226.942	0.014	saccade	n/a	191.1	93.1	n/a	165.2	96.2	1.03	106.0
226.958	0.338	fixation	n/a	169.0	97.4	524.0	n/a	n/a	n/a	n/a
227.298	0.02	saccade	n/a	168.8	99.3	n/a	217.3	90.1	1.95	136.0
227.32	0.136	fixation	n/a	220.2	90.3	546.0	n/a	n/a	n/a	n/a
227.458	0.022	saccade	n/a	216.1	90.9	n/a	175.6	93.3	1.6	129.0
227.482	0.278	fixation	n/a	159.5	97.5	546.0	n/a	n/a	n/a	n/a
227.762	0.018	saccade	n/a	158.3	97.7	n/a	200.5	90.6	1.69	150.0
227.782	0.178	fixation	n/a	194.5	92.2	553.0	n/a	n/a	n/a	n/a
227.962	0.018	saccade	n/a	190.8	92.6	n/a	248.4	95.1	2.29	203.0
227.982	0.26	fixation	n/a	243.2	95.1	570.0	n/a	n/a	n/a	n/a
228.244	0.018	saccade	n/a	243.8	97.8	n/a	285.9	94.8	1.69	173.0
228.264	0.222	fixation	n/a	283.0	97.0	573.0	n/a	n/a	n/a	n/a
228.488	0.02	saccade	n/a	282.6	95.7	n/a	331.6	95.3	1.96	174.0
228.51	0.174	fixation	n/a	330.5	97.3	573.0	n/a	n/a	n/a	n/a
228.686	0.022	saccade	n/a	332.4	96.9	n/a	261.0	95.9	2.86	227.0
228.71	0.256	fixation	n/a	267.2	97.1	562.0	n/a	n/a	n/a	n/a
228.968	0.02	saccade	n/a	266.2	96.1	n/a	333.9	93.5	2.72	232.0
228.99	0.216	fixation	n/a	338.3	96.5	553.0	n/a	n/a	n/a	n/a
229.208	0.018	saccade	n/a	338.4	98.4	n/a	389.4	93.2	2.06	193.0
229.228	0.286	fixation	n/a	389.7	96.2	542.0	n/a	n/a	n/a	n/a
229.516	0.02	saccade	n/a	388.4	95.4	n/a	436.8	94.0	1.95	186.0
229.538	0.238	fixation	n/a	433.2	93.1	549.0	n/a	n/a	n/a	n/a
229.778	0.018	saccade	n/a	433.5	93.3	n/a	480.9	95.3	1.91	161.0
229.798	0.156	fixation	n/a	480.2	96.0	554.0	n/a	n/a	n/a	n/a
229.956	0.02	saccade	n/a	481.1	97.9	n/a	535.7	93.6	2.2	188.0
229.978	0.29	fixation	n/a	529.9	96.5	541.0	n/a	n/a	n/a	n/a
230.27	0.054	saccade	n/a	529.3	96.4	n/a	191.5	138.7	13.51	350.0
230.326	0.14	fixation	n/a	183.4	144.5	535.0	n/a	n/a	n/a	n/a
230.468	0.022	saccade	n/a	181.3	142.4	n/a	148.6	143.3	1.28	142.0
230.492	0.232	fixation	n/a	150.0	144.5	510.0	n/a	n/a	n/a	n/a
230.726	0.02	saccade	n/a	145.4	141.5	n/a	217.6	138.3	2.85	231.0
230.748	0.218	fixation	n/a	224.9	146.1	497.0	n/a	n/a	n/a	n/a
230.968	0.026	saccade	n/a	224.8	147.8	n/a	315.2	150.6	3.61	254.0
230.996	0.134	fixation	n/a	317.1	148.8	515.0	n/a	n/a	n/a	n/a
231.132	0.018	saccade	n/a	316.6	149.4	n/a	323.1	94.6	2.25	192.0
231.152	0.146	fixation	n/a	323.3	86.9	499.0	n/a	n/a	n/a	n/a
231.3	0.024	saccade	n/a	322.7	87.1	n/a	234.7	85.9	3.51	260.0
231.326	0.186	fixation	n/a	225.3	87.8	514.0	n/a	n/a	n/a	n/a
231.514	0.016	saccade	n/a	224.5	87.8	n/a	187.0	88.0	1.48	137.0
231.532	0.166	fixation	n/a	192.3	89.8	549.0	n/a	n/a	n/a	n/a
231.7	0.02	saccade	n/a	190.9	92.0	n/a	259.1	87.1	2.71	222.0
231.722	0.136	fixation	n/a	270.5	89.6	571.0	n/a	n/a	n/a	n/a
231.86	0.036	saccade	n/a	272.4	88.9	n/a	380.0	92.1	4.32	251.0
231.898	0.076	fixation	n/a	376.3	90.5	567.0	n/a	n/a	n/a	n/a
231.976	0.038	saccade	n/a	375.6	88.0	n/a	468.4	99.0	3.76	345.0
232.016	0.27	fixation	n/a	474.3	97.2	573.0	n/a	n/a	n/a	n/a
232.288	0.04	saccade	n/a	475.5	99.3	n/a	305.3	146.4	7.1	316.0
232.33	0.216	fixation	n/a	306.8	154.1	564.0	n/a	n/a	n/a	n/a
232.548	0.02	saccade	n/a	306.1	155.4	n/a	358.3	153.6	2.1	191.0
232.57	0.172	fixation	n/a	357.4	155.9	548.0	n/a	n/a	n/a	n/a
232.744	0.024	saccade	n/a	360.2	157.5	n/a	428.2	157.6	2.74	183.0
232.77	0.226	fixation	n/a	430.6	159.4	546.0	n/a	n/a	n/a	n/a
232.998	0.022	saccade	n/a	429.4	162.8	n/a	503.6	158.6	2.98	218.0
233.022	0.198	fixation	n/a	504.9	159.8	545.0	n/a	n/a	n/a	n/a
233.222	0.024	saccade	n/a	505.3	159.6	n/a	428.0	160.1	3.1	222.0
233.248	0.146	fixation	n/a	431.3	163.7	550.0	n/a	n/a	n/a	n/a
233.396	0.016	saccade	n/a	431.5	164.8	n/a	398.4	165.0	1.33	117.0
233.414	0.226	fixation	n/a	406.2	162.7	554.0	n/a	n/a	n/a	n/a
233.642	0.022	saccade	n/a	407.7	164.1	n/a	348.7	158.0	2.39	175.0
233.666	0.19	fixation	n/a	354.5	160.4	582.0	n/a	n/a	n/a	n/a
233.858	0.042	saccade	n/a	354.1	163.9	n/a	553.2	163.3	7.96	336.0
233.902	0.146	fixation	n/a	548.0	161.7	596.0	n/a	n/a	n/a	n/a
234.05	0.018	saccade	n/a	550.1	160.9	n/a	573.8	160.6	0.94	94.0
234.07	0.068	fixation	n/a	570.9	157.5	575.0	n/a	n/a	n/a	n/a
234.14	0.06	saccade	n/a	572.3	157.8	n/a	200.5	202.2	14.8	430.0
234.202	0.154	fixation	n/a	201.1	206.9	590.0	n/a	n/a	n/a	n/a
234.358	0.02	saccade	n/a	197.9	205.8	n/a	162.3	203.1	1.4	152.0
234.38	0.338	fixation	n/a	168.0	206.0	603.0	n/a	n/a	n/a	n/a
234.72	0.02	saccade	n/a	166.9	205.8	n/a	224.0	207.4	2.25	197.0
234.742	0.204	fixation	n/a	229.4	211.8	609.0	n/a	n/a	n/a	n/a
234.948	0.018	saccade	n/a	231.4	214.2	n/a	292.2	212.5	2.42	226.0
234.968	0.238	fixation	n/a	293.8	212.9	618.0	n/a	n/a	n/a	n/a
235.208	0.018	saccade	n/a	293.7	213.2	n/a	337.3	209.9	1.75	170.0
235.228	0.164	fixation	n/a	335.9	208.9	602.0	n/a	n/a	n/a	n/a
235.394	0.022	saccade	n/a	336.0	211.8	n/a	405.5	209.5	2.79	219.0
235.418	0.204	fixation	n/a	397.2	209.8	590.0	n/a	n/a	n/a	n/a
235.564	0.0	trigger_11	11	n/a	n/a	n/a	n/a	n/a	n/a	n/a
235.57	0.0	trigger_10	10	n/a	n/a	n/a	n/a	n/a	n/a	n/a
235.624	0.022	saccade	n/a	397.6	209.4	n/a	458.1	211.3	2.43	196.0
235.648	0.24	fixation	n/a	457.1	213.9	582.0	n/a	n/a	n/a	n/a
235.89	0.018	saccade	n/a	449.4	216.2	n/a	469.4	216.1	0.8	62.0
235.91	0.196	fixation	n/a	517.0	218.6	560.0	n/a	n/a	n/a	n/a
236.108	0.018	saccade	n/a	523.5	219.5	n/a	568.4	213.0	1.8	173.0
236.128	0.084	fixation	n/a	560.5	215.6	547.0	n/a	n/a	n/a	n/a
236.214	0.062	saccade	n/a	560.9	215.5	n/a	180.0	256.1	15.11	377.0
236.278	0.28	fixation	n/a	182.9	264.5	546.0	n/a	n/a	n/a	n/a
236.56	0.024	saccade	n/a	181.9	264.3	n/a	293.4	273.3	4.42	294.0
236.586	0.402	fixation	n/a	300.4	271.2	513.0	n/a	n/a	n/a	n/a
236.99	0.018	saccade	n/a	303.0	274.2	n/a	247.2	274.0	2.21	173.0
237.01	0.172	fixation	n/a	233.2	267.7	477.0	n/a	n/a	n/a	n/a
237.184	0.016	saccade	n/a	230.8	266.1	n/a	201.6	266.0	1.15	120.0
237.202	0.092	fixation	n/a	208.8	266.8	486.0	n/a	n/a	n/a	n/a
237.296	0.022	saccade	n/a	209.3	269.1	n/a	272.5	267.5	2.5	195.0
237.32	0.442	fixation	n/a	276.0	269.5	525.0	n/a	n/a	n/a	n/a
237.764	0.036	saccade	n/a	276.2	267.0	n/a	211.8	107.8	6.91	354.0
237.802	0.064	fixation	n/a	211.1	109.2	520.0	n/a	n/a	n/a	n/a
237.868	0.022	saccade	n/a	211.0	106.3	n/a	178.5	70.3	1.94	168.0
237.892	0.218	fixation	n/a	179.3	86.8	489.0	n/a	n/a	n/a	n/a
238.112	0.222	saccade	n/a	181.2	97.7	n/a	129.9	84.5	2.08	495.0
238.142	0.166	blink	n/a	n/a	n/a	n/a	n/a	n/a	n/a	n/a
238.336	0.284	fixation	n/a	132.1	84.5	510.0	n/a	n/a	n/a	n/a
238.622	0.016	saccade	n/a	129.2	82.1	n/a	159.3	83.2	1.18	110.0
238.64	0.408	fixation	n/a	154.4	82.9	528.0	n/a	n/a	n/a	n/a
239.05	0.01	saccade	n/a	157.0	84.5	n/a	137.9	87.0	0.75	77.0
239.062	0.9	fixation	n/a	142.2	92.6	600.0	n/a	n/a	n/a	n/a
239.964	0.02	saccade	n/a	140.9	97.1	n/a	197.9	91.1	2.25	196.0
239.986	0.386	fixation	n/a	199.2	93.3	619.0	n/a	n/a	n/a	n/a
240.374	0.018	saccade	n/a	202.1	94.0	n/a	239.6	90.7	1.49	147.0
240.394	0.2	fixation	n/a	233.0	92.1	589.0	n/a	n/a	n/a	n/a
240.596	0.024	saccade	n/a	235.4	95.2	n/a	154.8	86.0	3.2	212.0
240.622	0.168	fixation	n/a	156.7	87.2	562.0	n/a	n/a	n/a	n/a
240.792	0.024	saccade	n/a	154.0	88.9	n/a	250.5	82.2	3.82	298.0
240.818	0.218	fixation	n/a	253.5	88.5	542.0	n/a	n/a	n/a	n/a
241.038	0.018	saccade	n/a	256.5	91.5	n/a	213.0	89.6	1.73	165.0
241.058	0.252	fixation	n/a	218.7	88.6	555.0	n/a	n/a	n/a	n/a
241.312	0.022	saccade	n/a	219.0	90.2	n/a	280.6	88.6	2.46	191.0
241.336	0.348	fixation	n/a	279.7	91.3	552.0	n/a	n/a	n/a	n/a
241.686	0.018	saccade	n/a	282.4	90.3	n/a	335.3	83.8	2.14	198.0
241.706	0.168	fixation	n/a	331.4	87.4	544.0	n/a	n/a	n/a	n/a
241.876	0.02	saccade	n/a	332.9	89.1	n/a	289.6	87.0	1.74	120.0
241.898	0.234	fixation	n/a	294.6	86.8	520.0	n/a	n/a	n/a	n/a
242.134	0.016	saccade	n/a	295.9	85.9	n/a	330.8	83.9	1.4	142.0
242.152	0.178	fixation	n/a	324.8	85.2	491.0	n/a	n/a	n/a	n/a
242.332	0.016	saccade	n/a	327.0	85.1	n/a	370.3	84.2	1.74	162.0
242.35	0.246	fixation	n/a	374.9	86.5	472.0	n/a	n/a	n/a	n/a
242.598	0.02	saccade	n/a	373.8	88.3	n/a	429.0	82.9	2.24	172.0
242.62	0.212	fixation	n/a	435.2	82.9	464.0	n/a	n/a	n/a	n/a
242.834	0.02	saccade	n/a	437.2	81.6	n/a	490.4	84.3	2.14	176.0
242.856	0.302	fixation	n/a	494.0	84.7	439.0	n/a	n/a	n/a	n/a
243.16	0.036	saccade	n/a	495.8	85.3	n/a	575.9	84.6	3.2	152.0
243.198	0.172	fixation	n/a	578.3	84.2	417.0	n/a	n/a	n/a	n/a
243.372	0.016	saccade	n/a	581.0	85.5	n/a	613.0	84.5	1.27	124.0
243.39	0.2	fixation	n/a	608.0	84.9	409.0	n/a	n/a	n/a	n/a
243.592	0.074	saccade	n/a	610.2	85.4	n/a	171.9	124.8	17.3	353.0
243.668	0.224	fixation	n/a	164.1	131.8	428.0	n/a	n/a	n/a	n/a
243.894	0.016	saccade	n/a	162.9	133.9	n/a	201.5	131.0	1.52	151.0
243.912	0.358	fixation	n/a	199.4	134.9	464.0	n/a	n/a	n/a	n/a
244.272	0.024	saccade	n/a	196.4	137.2	n/a	286.3	140.7	3.58	250.0
244.298	0.108	fixation	n/a	289.8	145.2	499.0	n/a	n/a	n/a	n/a
244.408	0.034	saccade	n/a	293.0	148.4	n/a	172.5	103.7	5.11	274.0
244.444	0.14	fixation	n/a	171.5	99.9	503.0	n/a	n/a	n/a	n/a
244.586	0.018	saccade	n/a	172.3	100.9	n/a	142.8	95.4	1.18	112.0
244.606	0.148	fixation	n/a	148.9	97.8	516.0	n/a	n/a	n/a	n/a
244.756	0.038	saccade	n/a	148.2	98.4	n/a	279.7	162.7	5.81	344.0
244.796	0.34	fixation	n/a	286.7	162.6	548.0	n/a	n/a	n/a	n/a
245.138	0.018	saccade	n/a	284.5	159.3	n/a	331.0	152.3	1.89	187.0
245.158	0.256	fixation	n/a	327.1	156.0	527.0	n/a	n/a	n/a	n/a
245.416	0.018	saccade	n/a	327.4	155.7	n/a	382.0	151.8	2.2	197.0
245.436	0.234	fixation	n/a	377.6	156.8	538.0	n/a	n/a	n/a	n/a
245.672	0.024	saccade	n/a	378.7	159.1	n/a	451.8	154.2	2.95	233.0
245.698	0.16	fixation	n/a	450.8	155.8	534.0	n/a	n/a	n/a	n/a
245.86	0.022	saccade	n/a	454.1	154.3	n/a	380.4	149.1	2.97	212.0
245.884	0.202	fixation	n/a	384.6	149.7	509.0	n/a	n/a	n/a	n/a
246.088	0.018	saccade	n/a	381.8	147.3	n/a	418.7	145.4	1.49	133.0
246.108	0.108	fixation	n/a	416.4	146.1	484.0	n/a	n/a	n/a	n/a
246.218	0.02	saccade	n/a	418.5	147.3	n/a	476.4	151.4	2.34	204.0
246.24	0.17	fixation	n/a	471.2	151.3	478.0	n/a	n/a	n/a	n/a
246.412	0.018	saccade	n/a	471.4	153.8	n/a	519.4	155.1	1.92	178.0
246.432	0.186	fixation	n/a	514.6	156.1	496.0	n/a	n/a	n/a	n/a
246.62	0.02	saccade	n/a	513.6	157.8	n/a	454.5	156.2	2.37	187.0
246.642	0.144	fixation	n/a	462.7	158.4	520.0	n/a	n/a	n/a	n/a
246.788	0.022	saccade	n/a	461.0	158.8	n/a	532.6	158.1	2.86	220.0
246.812	0.256	fixation	n/a	524.3	161.1	554.0	n/a	n/a	n/a	n/a
247.07	0.018	saccade	n/a	519.6	166.4	n/a	470.6	167.1	1.96	154.0
247.09	0.23	fixation	n/a	467.2	168.3	571.0	n/a	n/a	n/a	n/a
247.322	0.022	saccade	n/a	467.0	164.4	n/a	395.7	161.0	2.87	240.0
247.346	0.176	fixation	n/a	390.6	157.7	573.0	n/a	n/a	n/a	n/a
247.524	0.02	saccade	n/a	391.8	160.2	n/a	322.7	161.7	2.78	218.0
247.546	0.294	fixation	n/a	305.0	159.6	590.0	n/a	n/a	n/a	n/a
247.842	0.028	saccade	n/a	303.3	161.3	n/a	400.4	158.0	3.91	243.0
247.872	0.276	fixation	n/a	397.2	156.8	586.0	n/a	n/a	n/a	n/a
247.948	0.0	trigger_11	11	n/a	n/a	n/a	n/a	n/a	n/a	n/a
247.952	0.0	trigger_10	10	n/a	n/a	n/a	n/a	n/a	n/a	n/a
248.15	0.02	saccade	n/a	394.3	157.0	n/a	448.4	154.4	2.18	197.0
248.172	0.16	fixation	n/a	442.1	153.4	586.0	n/a	n/a	n/a	n/a
248.334	0.022	saccade	n/a	440.6	153.4	n/a	503.8	150.7	2.54	209.0
248.358	0.234	fixation	n/a	497.7	154.6	546.0	n/a	n/a	n/a	n/a
248.594	0.052	saccade	n/a	495.5	154.2	n/a	233.8	202.1	10.63	343.0
248.648	0.132	fixation	n/a	232.2	207.7	546.0	n/a	n/a	n/a	n/a
248.782	0.022	saccade	n/a	230.4	209.1	n/a	159.5	209.3	2.79	208.0
248.806	0.206	fixation	n/a	166.1	215.2	570.0	n/a	n/a	n/a	n/a
249.014	0.028	saccade	n/a	164.9	214.8	n/a	286.7	211.1	4.82	340.0
249.044	0.274	fixation	n/a	289.3	212.7	579.0	n/a	n/a	n/a	n/a
249.32	0.022	saccade	n/a	290.6	216.8	n/a	378.3	208.4	3.53	279.0
249.344	0.254	fixation	n/a	373.8	209.6	552.0	n/a	n/a	n/a	n/a
249.6	0.022	saccade	n/a	372.9	208.2	n/a	309.5	212.6	2.55	183.0
249.624	0.51	fixation	n/a	311.5	213.0	582.0	n/a	n/a	n/a	n/a
250.136	0.04	saccade	n/a	312.4	213.7	n/a	224.7	121.1	5.14	347.0
250.178	0.112	fixation	n/a	233.0	118.9	609.0	n/a	n/a	n/a	n/a
250.292	0.022	saccade	n/a	232.5	120.3	n/a	164.1	92.7	2.92	246.0
250.316	0.224	fixation	n/a	162.8	93.8	588.0	n/a	n/a	n/a	n/a
250.542	0.022	saccade	n/a	161.5	93.1	n/a	237.3	88.2	3.0	228.0
250.566	0.228	fixation	n/a	250.3	90.0	563.0	n/a	n/a	n/a	n/a
250.796	0.022	saccade	n/a	249.8	90.6	n/a	316.2	89.6	2.66	199.0
250.82	0.176	fixation	n/a	316.9	93.6	585.0	n/a	n/a	n/a	n/a
250.998	0.02	saccade	n/a	319.5	96.0	n/a	377.9	93.7	2.35	202.0
251.02	0.166	fixation	n/a	378.2	97.2	618.0	n/a	n/a	n/a	n/a
251.188	0.022	saccade	n/a	377.5	97.7	n/a	442.6	98.7	2.63	193.0
251.212	0.278	fixation	n/a	445.8	102.4	618.0	n/a	n/a	n/a	n/a
251.492	0.018	saccade	n/a	447.4	100.7	n/a	397.9	96.4	2.0	164.0
251.512	0.114	fixation	n/a	402.8	98.3	584.0	n/a	n/a	n/a	n/a
251.628	0.028	saccade	n/a	401.7	95.0	n/a	511.6	99.9	4.42	296.0
251.658	0.148	fixation	n/a	515.4	103.7	548.0	n/a	n/a	n/a	n/a
251.808	0.016	saccade	n/a	515.0	105.3	n/a	551.9	103.5	1.47	122.0
251.826	0.088	fixation	n/a	544.2	104.9	547.0	n/a	n/a	n/a	n/a
251.916	0.058	saccade	n/a	544.5	105.6	n/a	217.4	139.4	13.08	357.0
251.976	0.15	fixation	n/a	217.7	146.4	595.0	n/a	n/a	n/a	n/a
252.128	0.034	saccade	n/a	213.8	149.6	n/a	343.5	110.3	5.42	263.0
252.164	0.316	fixation	n/a	351.5	104.9	588.0	n/a	n/a	n/a	n/a
252.244	0.0	trigger_11	11	n/a	n/a	n/a	n/a	n/a	n/a	n/a
252.25	0.0	trigger_10	10	n/a	n/a	n/a	n/a	n/a	n/a	n/a
252.482	0.042	saccade	n/a	354.5	104.3	n/a	177.8	151.0	7.29	312.0
252.526	0.2	fixation	n/a	175.3	149.8	596.0	n/a	n/a	n/a	n/a
252.728	0.02	saccade	n/a	176.1	154.4	n/a	242.5	147.0	2.65	208.0
252.75	0.168	fixation	n/a	242.0	149.3	618.0	n/a	n/a	n/a	n/a
252.92	0.026	saccade	n/a	242.1	149.5	n/a	157.4	148.9	3.35	231.0
252.948	0.21	fixation	n/a	164.5	151.9	627.0	n/a	n/a	n/a	n/a
253.16	0.03	saccade	n/a	161.5	151.4	n/a	308.0	146.7	5.82	347.0
253.192	0.272	fixation	n/a	304.9	146.4	616.0	n/a	n/a	n/a	n/a
253.466	0.018	saccade	n/a	306.8	143.3	n/a	260.9	147.1	1.84	151.0
253.486	0.15	fixation	n/a	252.5	146.9	580.0	n/a	n/a	n/a	n/a
253.638	0.022	saccade	n/a	250.2	146.5	n/a	189.0	142.7	2.43	203.0
253.662	0.17	fixation	n/a	194.2	146.4	577.0	n/a	n/a	n/a	n/a
253.834	0.02	saccade	n/a	192.0	150.0	n/a	256.2	146.6	2.55	218.0
253.856	0.298	fixation	n/a	257.2	150.4	620.0	n/a	n/a	n/a	n/a
254.156	0.022	saccade	n/a	257.4	151.0	n/a	304.5	139.1	1.95	153.0
254.18	0.296	fixation	n/a	301.5	143.8	643.0	n/a	n/a	n/a	n/a
254.478	0.038	saccade	n/a	304.7	147.1	n/a	200.7	103.0	4.51	240.0
254.518	0.134	fixation	n/a	206.3	99.7	628.0	n/a	n/a	n/a	n/a
254.654	0.02	saccade	n/a	206.9	101.6	n/a	158.2	94.6	1.94	159.0
254.676	0.258	fixation	n/a	159.7	92.7	609.0	n/a	n/a	n/a	n/a
254.936	0.016	saccade	n/a	159.6	89.8	n/a	129.4	88.7	1.18	111.0
254.954	0.162	fixation	n/a	134.6	89.6	599.0	n/a	n/a	n/a	n/a
255.118	0.004	saccade	n/a	131.2	89.2	n/a	124.9	88.2	0.25	48.0
255.124	0.1	fixation	n/a	125.8	88.0	607.0	n/a	n/a	n/a	n/a
255.226	0.022	saccade	n/a	124.5	89.1	n/a	176.4	83.5	2.04	185.0
255.25	0.232	fixation	n/a	173.9	89.1	623.0	n/a	n/a	n/a	n/a
255.484	0.026	saccade	n/a	175.8	90.8	n/a	269.3	97.7	3.72	256.0
255.512	0.126	fixation	n/a	266.7	98.5	619.0	n/a	n/a	n/a	n/a
255.64	0.21	saccade	n/a	271.0	105.3	n/a	188.0	92.2	3.34	645.0
255.682	0.136	blink	n/a	n/a	n/a	n/a	n/a	n/a	n/a	n/a
255.852	0.252	fixation	n/a	191.4	91.7	596.0	n/a	n/a	n/a	n/a
256.106	0.028	saccade	n/a	189.5	80.7	n/a	293.6	76.7	4.13	275.0
256.136	0.21	fixation	n/a	285.8	77.0	520.0	n/a	n/a	n/a	n/a
256.348	0.022	saccade	n/a	285.2	81.3	n/a	359.2	80.1	2.97	240.0
256.372	0.154	fixation	n/a	351.2	81.5	515.0	n/a	n/a	n/a	n/a
256.528	0.026	saccade	n/a	351.1	85.7	n/a	444.3	84.9	3.76	255.0
256.556	0.294	fixation	n/a	440.1	91.6	541.0	n/a	n/a	n/a	n/a
256.852	0.016	saccade	n/a	438.6	89.3	n/a	414.2	90.7	0.99	99.0
256.87	0.098	fixation	n/a	422.0	89.7	539.0	n/a	n/a	n/a	n/a
256.97	0.026	saccade	n/a	420.8	91.6	n/a	523.5	89.8	4.13	290.0
256.998	0.218	fixation	n/a	530.4	88.0	522.0	n/a	n/a	n/a	n/a
257.204	0.0	trigger_11	11	n/a	n/a	n/a	n/a	n/a	n/a	n/a
257.212	0.0	trigger_12	12	n/a	n/a	n/a	n/a	n/a	n/a	n/a
257.218	0.056	saccade	n/a	531.6	86.3	n/a	240.2	141.2	11.84	357.0
257.276	0.118	fixation	n/a	237.8	143.2	559.0	n/a	n/a	n/a	n/a
257.396	0.024	saccade	n/a	233.7	143.1	n/a	157.1	148.7	3.03	246.0
257.422	0.194	fixation	n/a	163.2	150.8	578.0	n/a	n/a	n/a	n/a
257.618	0.016	saccade	n/a	162.6	149.6	n/a	144.5	147.7	0.71	82.0
257.636	0.096	fixation	n/a	149.7	148.8	574.0	n/a	n/a	n/a	n/a
257.734	0.028	saccade	n/a	150.1	147.2	n/a	264.2	146.8	4.51	299.0
257.764	0.156	fixation	n/a	273.9	148.7	578.0	n/a	n/a	n/a	n/a
257.922	0.022	saccade	n/a	272.3	147.0	n/a	347.0	146.8	2.99	238.0
257.946	0.16	fixation	n/a	341.5	148.3	590.0	n/a	n/a	n/a	n/a
258.108	0.02	saccade	n/a	342.3	150.3	n/a	374.9	147.8	1.32	152.0
258.13	0.148	fixation	n/a	371.1	150.8	586.0	n/a	n/a	n/a	n/a
258.28	0.022	saccade	n/a	370.9	152.9	n/a	345.6	101.5	2.33	160.0
258.304	0.152	fixation	n/a	342.8	98.9	558.0	n/a	n/a	n/a	n/a
258.458	0.026	saccade	n/a	342.2	99.2	n/a	248.3	89.8	3.78	234.0
258.486	0.202	fixation	n/a	251.2	92.0	559.0	n/a	n/a	n/a	n/a
258.69	0.02	saccade	n/a	252.0	92.6	n/a	193.9	88.2	2.31	183.0
258.712	0.3	fixation	n/a	197.2	89.9	582.0	n/a	n/a	n/a	n/a
259.014	0.028	saccade	n/a	197.5	91.5	n/a	324.5	98.5	5.07	294.0
259.044	0.368	fixation	n/a	334.6	103.8	612.0	n/a	n/a	n/a	n/a
259.414	0.026	saccade	n/a	335.0	106.7	n/a	204.6	104.6	5.2	325.0
259.442	0.136	fixation	n/a	186.6	99.5	589.0	n/a	n/a	n/a	n/a
259.58	0.022	saccade	n/a	184.8	96.7	n/a	159.7	94.4	0.99	118.0
259.604	0.176	fixation	n/a	163.1	94.7	563.0	n/a	n/a	n/a	n/a
259.782	0.02	saccade	n/a	162.6	94.3	n/a	223.2	86.5	2.41	218.0
259.804	0.186	fixation	n/a	234.6	87.7	544.0	n/a	n/a	n/a	n/a
259.992	0.022	saccade	n/a	237.9	86.3	n/a	167.5	87.7	2.78	212.0
260.016	0.078	fixation	n/a	168.2	89.9	551.0	n/a	n/a	n/a	n/a
260.096	0.02	saccade	n/a	166.9	90.6	n/a	119.2	91.9	1.86	167.0
260.118	0.2	fixation	n/a	130.4	93.3	566.0	n/a	n/a	n/a	n/a
260.32	0.024	saccade	n/a	130.7	92.7	n/a	218.4	87.3	3.45	238.0
260.346	0.134	fixation	n/a	230.9	91.9	587.0	n/a	n/a	n/a	n/a
260.482	0.026	saccade	n/a	232.0	93.4	n/a	323.0	95.6	3.63	266.0
260.51	0.192	fixation	n/a	323.9	101.0	582.0	n/a	n/a	n/a	n/a
260.704	0.028	saccade	n/a	325.5	99.4	n/a	411.8	97.5	3.47	231.0
260.734	0.168	fixation	n/a	408.4	97.9	556.0	n/a	n/a	n/a	n/a
260.904	0.02	saccade	n/a	408.9	97.1	n/a	472.0	94.0	2.54	215.0
260.926	0.216	fixation	n/a	469.9	98.8	545.0	n/a	n/a	n/a	n/a
261.144	0.022	saccade	n/a	471.5	100.4	n/a	552.5	98.0	3.24	252.0
261.168	0.194	fixation	n/a	547.1	97.0	533.0	n/a	n/a	n/a	n/a
261.27	0.0	trigger_13	13	n/a	n/a	n/a	n/a	n/a	n/a	n/a
261.364	0.062	saccade	n/a	549.2	96.8	n/a	166.9	141.2	15.22	396.0
261.428	0.296	fixation	n/a	168.6	145.1	559.0	n/a	n/a	n/a	n/a
261.726	0.03	saccade	n/a	166.4	147.3	n/a	297.4	149.5	5.19	282.0
261.758	0.31	fixation	n/a	308.6	154.2	566.0	n/a	n/a	n/a	n/a
262.07	0.02	saccade	n/a	308.5	154.8	n/a	374.4	157.1	2.65	226.0
262.092	0.24	fixation	n/a	381.4	158.5	574.0	n/a	n/a	n/a	n/a
262.334	0.028	saccade	n/a	382.2	159.8	n/a	480.9	157.3	3.97	249.0
262.364	0.162	fixation	n/a	482.3	157.9	577.0	n/a	n/a	n/a	n/a
262.528	0.026	saccade	n/a	482.7	158.8	n/a	562.4	154.0	3.19	206.0
262.556	0.12	fixation	n/a	549.8	155.1	575.0	n/a	n/a	n/a	n/a
262.678	0.058	saccade	n/a	551.3	155.2	n/a	161.5	196.9	15.47	439.0
262.738	0.128	fixation	n/a	163.1	201.2	592.0	n/a	n/a	n/a	n/a
262.868	0.02	saccade	n/a	159.5	201.6	n/a	134.0	205.5	1.01	134.0
262.89	0.156	fixation	n/a	136.5	205.1	572.0	n/a	n/a	n/a	n/a
263.036	0.0	trigger_15	15	n/a	n/a	n/a	n/a	n/a	n/a	n/a
263.04	0.0	trigger_10	10	n/a	n/a	n/a	n/a	n/a	n/a	n/a
263.048	0.032	saccade	n/a	133.2	206.6	n/a	190.8	118.0	4.22	223.0
263.082	0.446	fixation	n/a	218.7	103.7	522.0	n/a	n/a	n/a	n/a
263.53	0.014	saccade	n/a	222.1	108.7	n/a	204.9	90.0	1.02	100.0
263.546	0.166	fixation	n/a	209.6	94.8	569.0	n/a	n/a	n/a	n/a
263.714	0.036	saccade	n/a	208.4	97.9	n/a	292.6	211.2	5.68	324.0
263.752	0.256	fixation	n/a	291.3	206.2	619.0	n/a	n/a	n/a	n/a
264.01	0.05	saccade	n/a	289.5	203.0	n/a	481.5	113.3	8.52	226.0
264.062	0.14	fixation	n/a	494.1	104.8	521.0	n/a	n/a	n/a	n/a
264.204	0.032	saccade	n/a	495.9	100.1	n/a	616.5	81.9	4.85	260.0
264.238	0.156	fixation	n/a	614.9	83.2	473.0	n/a	n/a	n/a	n/a
264.396	0.046	saccade	n/a	616.2	83.8	n/a	399.5	187.9	9.6	386.0
264.444	0.212	fixation	n/a	399.5	193.6	573.0	n/a	n/a	n/a	n/a
264.622	0.0	trigger_11	11	n/a	n/a	n/a	n/a	n/a	n/a	n/a
264.626	0.0	trigger_10	10	n/a	n/a	n/a	n/a	n/a	n/a	n/a
264.658	0.02	saccade	n/a	396.9	196.0	n/a	355.8	208.7	1.73	143.0
264.68	0.182	fixation	n/a	365.3	210.4	606.0	n/a	n/a	n/a	n/a
264.864	0.02	saccade	n/a	366.5	212.5	n/a	334.5	207.0	1.3	126.0
264.886	0.332	fixation	n/a	340.3	210.2	590.0	n/a	n/a	n/a	n/a
265.22	0.042	saccade	n/a	339.0	209.8	n/a	230.4	102.3	6.16	356.0
265.264	0.142	fixation	n/a	235.4	94.3	554.0	n/a	n/a	n/a	n/a
265.408	0.02	saccade	n/a	237.2	92.2	n/a	186.5	90.7	2.01	176.0
265.43	0.204	fixation	n/a	193.1	90.7	542.0	n/a	n/a	n/a	n/a
265.636	0.01	saccade	n/a	191.3	90.1	n/a	173.1	90.5	0.72	82.0
265.648	0.13	fixation	n/a	178.2	90.0	551.0	n/a	n/a	n/a	n/a
265.78	0.02	saccade	n/a	177.2	91.1	n/a	237.3	86.0	2.39	212.0
265.802	0.172	fixation	n/a	238.5	87.3	540.0	n/a	n/a	n/a	n/a
265.976	0.022	saccade	n/a	239.5	87.9	n/a	323.6	85.7	3.37	285.0
266.0	0.242	fixation	n/a	323.0	91.2	541.0	n/a	n/a	n/a	n/a
266.244	0.022	saccade	n/a	326.2	95.5	n/a	250.2	91.3	3.04	221.0
266.268	0.588	fixation	n/a	245.2	95.3	584.0	n/a	n/a	n/a	n/a
266.858	0.022	saccade	n/a	246.4	96.8	n/a	183.5	88.9	2.51	200.0
266.882	0.13	fixation	n/a	188.5	89.8	602.0	n/a	n/a	n/a	n/a
267.014	0.02	saccade	n/a	186.2	90.1	n/a	149.1	89.4	1.46	174.0
267.036	0.154	fixation	n/a	154.3	89.7	597.0	n/a	n/a	n/a	n/a
267.192	0.022	saccade	n/a	151.8	90.3	n/a	222.2	89.3	2.77	217.0
267.216	0.148	fixation	n/a	231.4	89.9	583.0	n/a	n/a	n/a	n/a
267.366	0.026	saccade	n/a	230.3	88.4	n/a	337.5	88.5	4.28	275.0
267.394	0.26	fixation	n/a	341.5	92.9	583.0	n/a	n/a	n/a	n/a
267.656	0.024	saccade	n/a	342.8	93.4	n/a	408.6	97.8	2.65	211.0
267.682	0.196	fixation	n/a	404.4	96.2	584.0	n/a	n/a	n/a	n/a
267.88	0.038	saccade	n/a	405.7	96.2	n/a	287.0	94.1	4.77	279.0
267.92	0.138	fixation	n/a	290.6	95.1	562.0	n/a	n/a	n/a	n/a
268.06	0.02	saccade	n/a	289.5	97.1	n/a	252.2	92.9	1.5	145.0
268.082	0.122	fixation	n/a	255.5	93.3	561.0	n/a	n/a	n/a	n/a
268.206	0.034	saccade	n/a	253.4	91.7	n/a	418.7	96.2	6.63	340.0
268.242	0.2	fixation	n/a	420.7	93.9	547.0	n/a	n/a	n/a	n/a
268.444	0.026	saccade	n/a	418.5	93.0	n/a	510.9	89.1	3.71	276.0
268.472	0.15	fixation	n/a	506.3	93.6	539.0	n/a	n/a	n/a	n/a
268.614	0.0	trigger_11	11	n/a	n/a	n/a	n/a	n/a	n/a	n/a
268.62	0.0	trigger_10	10	n/a	n/a	n/a	n/a	n/a	n/a	n/a
268.624	0.022	saccade	n/a	509.0	94.9	n/a	571.6	93.0	2.5	201.0
268.648	0.216	fixation	n/a	564.5	93.9	528.0	n/a	n/a	n/a	n/a
268.866	0.06	saccade	n/a	566.3	92.1	n/a	200.4	126.3	14.56	386.0
268.928	0.144	fixation	n/a	191.9	134.1	563.0	n/a	n/a	n/a	n/a
269.074	0.02	saccade	n/a	190.5	136.5	n/a	157.0	149.5	1.42	152.0
269.096	0.14	fixation	n/a	162.9	150.1	577.0	n/a	n/a	n/a	n/a
269.238	0.02	saccade	n/a	160.8	150.3	n/a	225.1	147.1	2.54	206.0
269.26	0.178	fixation	n/a	224.4	147.5	577.0	n/a	n/a	n/a	n/a
269.44	0.022	saccade	n/a	227.7	148.6	n/a	163.1	152.2	2.55	208.0
269.464	0.17	fixation	n/a	168.5	151.3	565.0	n/a	n/a	n/a	n/a
269.636	0.054	saccade	n/a	168.3	150.1	n/a	549.8	98.8	15.22	419.0
269.692	0.16	fixation	n/a	554.5	95.9	551.0	n/a	n/a	n/a	n/a
269.854	0.018	saccade	n/a	557.5	96.8	n/a	597.3	96.2	1.58	149.0
269.874	0.136	fixation	n/a	589.2	94.3	534.0	n/a	n/a	n/a	n/a
270.012	0.07	saccade	n/a	590.4	93.0	n/a	227.3	140.8	14.51	384.0
270.084	0.28	fixation	n/a	228.9	142.5	524.0	n/a	n/a	n/a	n/a
270.366	0.022	saccade	n/a	226.8	140.6	n/a	284.5	87.8	3.15	208.0
270.39	0.214	fixation	n/a	300.1	85.9	504.0	n/a	n/a	n/a	n/a
270.606	0.022	saccade	n/a	299.8	89.7	n/a	377.4	78.3	3.16	220.0
270.63	0.222	fixation	n/a	376.3	86.2	531.0	n/a	n/a	n/a	n/a
270.854	0.038	saccade	n/a	379.1	91.3	n/a	207.7	86.5	6.85	287.0
270.894	0.154	fixation	n/a	212.5	87.1	550.0	n/a	n/a	n/a	n/a
271.05	0.02	saccade	n/a	210.2	86.8	n/a	153.6	89.3	2.23	184.0
271.072	0.18	fixation	n/a	161.9	89.8	538.0	n/a	n/a	n/a	n/a
271.254	0.248	saccade	n/a	161.9	95.7	n/a	179.6	81.1	0.91	584.0
271.29	0.182	blink	n/a	n/a	n/a	n/a	n/a	n/a	n/a	n/a
271.504	0.292	fixation	n/a	183.5	82.3	531.0	n/a	n/a	n/a	n/a
271.798	0.024	saccade	n/a	184.0	74.7	n/a	274.6	79.5	3.6	271.0
271.824	0.21	fixation	n/a	266.3	85.0	467.0	n/a	n/a	n/a	n/a
272.036	0.022	saccade	n/a	263.8	87.0	n/a	330.2	81.4	2.67	227.0
272.06	0.162	fixation	n/a	327.5	84.9	472.0	n/a	n/a	n/a	n/a
272.224	0.02	saccade	n/a	330.5	86.9	n/a	265.6	87.6	2.6	213.0
272.246	0.106	fixation	n/a	266.6	85.6	497.0	n/a	n/a	n/a	n/a
272.354	0.032	saccade	n/a	264.9	83.9	n/a	418.0	78.7	6.15	300.0
272.388	0.302	fixation	n/a	418.3	87.8	512.0	n/a	n/a	n/a	n/a
272.692	0.024	saccade	n/a	419.4	89.3	n/a	489.5	86.0	2.82	221.0
272.718	0.114	fixation	n/a	481.0	87.6	527.0	n/a	n/a	n/a	n/a
272.834	0.022	saccade	n/a	480.8	88.8	n/a	529.2	89.6	1.94	171.0
272.858	0.156	fixation	n/a	521.8	89.6	527.0	n/a	n/a	n/a	n/a
273.016	0.054	saccade	n/a	522.2	93.0	n/a	203.9	134.6	12.77	391.0
273.072	0.152	fixation	n/a	204.9	139.1	565.0	n/a	n/a	n/a	n/a
273.226	0.02	saccade	n/a	202.3	138.9	n/a	160.9	147.8	1.67	143.0
273.248	0.166	fixation	n/a	169.6	148.3	575.0	n/a	n/a	n/a	n/a
273.416	0.018	saccade	n/a	169.2	151.0	n/a	174.6	97.2	2.18	186.0
273.436	0.17	fixation	n/a	174.8	100.0	551.0	n/a	n/a	n/a	n/a
273.608	0.02	saccade	n/a	177.7	103.5	n/a	166.3	148.4	1.87	141.0
273.63	0.276	fixation	n/a	168.6	152.5	556.0	n/a	n/a	n/a	n/a
273.908	0.026	saccade	n/a	169.8	153.1	n/a	264.3	156.0	3.74	275.0
273.936	0.26	fixation	n/a	264.9	157.3	562.0	n/a	n/a	n/a	n/a
274.198	0.024	saccade	n/a	269.9	158.5	n/a	203.7	150.7	2.65	168.0
274.224	0.292	fixation	n/a	198.4	155.1	561.0	n/a	n/a	n/a	n/a
274.518	0.026	saccade	n/a	191.5	155.8	n/a	280.6	150.4	3.54	230.0
274.546	0.22	fixation	n/a	278.0	155.0	576.0	n/a	n/a	n/a	n/a
274.768	0.02	saccade	n/a	276.3	153.0	n/a	330.1	152.3	2.16	180.0
274.79	0.146	fixation	n/a	327.2	149.2	579.0	n/a	n/a	n/a	n/a
274.938	0.024	saccade	n/a	327.3	149.8	n/a	397.6	147.9	2.83	199.0
274.964	0.502	fixation	n/a	399.5	152.8	560.0	n/a	n/a	n/a	n/a
275.468	0.018	saccade	n/a	410.8	156.4	n/a	462.2	149.8	2.09	160.0
275.488	0.274	fixation	n/a	475.7	152.5	497.0	n/a	n/a	n/a	n/a
275.566	0.0	trigger_11	11	n/a	n/a	n/a	n/a	n/a	n/a	n/a
275.572	0.0	trigger_10	10	n/a	n/a	n/a	n/a	n/a	n/a	n/a
275.764	0.03	saccade	n/a	478.7	152.2	n/a	375.3	158.4	4.17	215.0
275.796	0.216	fixation	n/a	358.7	159.6	494.0	n/a	n/a	n/a	n/a
276.014	0.036	saccade	n/a	354.9	162.0	n/a	502.8	160.2	5.93	258.0
276.052	0.184	fixation	n/a	503.0	161.6	504.0	n/a	n/a	n/a	n/a
276.238	0.022	saccade	n/a	503.2	161.3	n/a	574.1	156.3	2.83	218.0
276.262	0.232	fixation	n/a	572.9	156.3	487.0	n/a	n/a	n/a	n/a
276.496	0.016	saccade	n/a	573.1	157.1	n/a	606.3	152.3	1.33	115.0
276.514	0.078	fixation	n/a	601.5	153.9	471.0	n/a	n/a	n/a	n/a
276.594	0.068	saccade	n/a	601.9	152.4	n/a	186.7	198.5	16.48	384.0
276.664	0.138	fixation	n/a	189.1	204.8	504.0	n/a	n/a	n/a	n/a
276.804	0.018	saccade	n/a	187.9	207.2	n/a	152.6	207.7	1.38	132.0
276.824	0.17	fixation	n/a	159.7	209.5	506.0	n/a	n/a	n/a	n/a
276.996	0.028	saccade	n/a	158.5	208.1	n/a	274.2	206.2	4.56	292.0
277.026	0.426	fixation	n/a	279.0	209.1	496.0	n/a	n/a	n/a	n/a
277.454	0.022	saccade	n/a	278.9	210.8	n/a	286.9	144.7	2.7	214.0
277.478	0.29	fixation	n/a	291.3	136.0	500.0	n/a	n/a	n/a	n/a
277.77	0.024	saccade	n/a	292.1	138.3	n/a	208.1	92.2	3.83	317.0
277.796	0.364	fixation	n/a	192.8	93.7	510.0	n/a	n/a	n/a	n/a
278.162	0.014	saccade	n/a	189.1	90.0	n/a	217.4	87.5	1.12	114.0
278.178	0.154	fixation	n/a	219.0	88.2	492.0	n/a	n/a	n/a	n/a
278.334	0.018	saccade	n/a	220.1	90.5	n/a	266.2	86.7	1.84	163.0
278.354	0.254	fixation	n/a	266.8	88.7	499.0	n/a	n/a	n/a	n/a
278.61	0.018	saccade	n/a	268.3	89.6	n/a	320.0	85.2	2.08	177.0
278.63	0.142	fixation	n/a	320.4	85.1	502.0	n/a	n/a	n/a	n/a
278.774	0.032	saccade	n/a	320.7	85.2	n/a	419.2	89.3	3.97	212.0
278.808	0.228	fixation	n/a	420.5	94.7	508.0	n/a	n/a	n/a	n/a
279.038	0.018	saccade	n/a	420.6	96.8	n/a	377.9	96.8	1.72	144.0
279.058	0.214	fixation	n/a	378.6	96.9	518.0	n/a	n/a	n/a	n/a
279.274	0.006	saccade	n/a	374.5	96.8	n/a	365.4	96.8	0.37	61.0
279.282	0.16	fixation	n/a	365.5	95.6	523.0	n/a	n/a	n/a	n/a
279.444	0.02	saccade	n/a	364.9	96.4	n/a	423.0	97.3	2.34	182.0
279.466	0.204	fixation	n/a	426.0	94.3	519.0	n/a	n/a	n/a	n/a
279.672	0.02	saccade	n/a	428.8	98.4	n/a	379.4	96.5	1.99	138.0
279.694	0.154	fixation	n/a	379.0	94.5	509.0	n/a	n/a	n/a	n/a
279.85	0.018	saccade	n/a	377.6	91.6	n/a	332.3	90.9	1.82	143.0
279.87	0.266	fixation	n/a	325.1	92.8	510.0	n/a	n/a	n/a	n/a
280.138	0.016	saccade	n/a	324.9	95.1	n/a	357.2	93.1	1.3	120.0
280.156	0.19	fixation	n/a	351.9	93.7	512.0	n/a	n/a	n/a	n/a
280.348	0.018	saccade	n/a	352.2	91.7	n/a	389.2	90.1	1.49	140.0
280.368	0.108	fixation	n/a	384.3	90.5	514.0	n/a	n/a	n/a	n/a
280.478	0.022	saccade	n/a	384.8	90.8	n/a	330.4	89.9	2.19	149.0
280.502	0.296	fixation	n/a	333.6	90.0	514.0	n/a	n/a	n/a	n/a
280.8	0.016	saccade	n/a	333.0	91.6	n/a	366.1	91.1	1.33	123.0
280.818	0.134	fixation	n/a	361.2	89.5	508.0	n/a	n/a	n/a	n/a
280.954	0.018	saccade	n/a	361.7	92.0	n/a	329.0	90.5	1.32	126.0
280.974	0.192	fixation	n/a	336.1	90.3	513.0	n/a	n/a	n/a	n/a
281.168	0.022	saccade	n/a	334.6	90.6	n/a	380.9	91.3	1.86	128.0
281.192	0.158	fixation	n/a	376.2	96.1	525.0	n/a	n/a	n/a	n/a
281.352	0.022	saccade	n/a	376.4	97.4	n/a	443.2	98.1	2.69	185.0
281.376	0.16	fixation	n/a	444.6	100.5	524.0	n/a	n/a	n/a	n/a
281.538	0.024	saccade	n/a	443.0	99.3	n/a	507.1	94.1	2.58	187.0
281.564	0.18	fixation	n/a	503.5	96.7	508.0	n/a	n/a	n/a	n/a
281.746	0.018	saccade	n/a	502.7	97.9	n/a	541.8	92.5	1.58	116.0
281.766	0.182	fixation	n/a	532.2	92.9	487.0	n/a	n/a	n/a	n/a
281.95	0.014	saccade	n/a	531.4	92.9	n/a	558.9	89.3	1.11	91.0
281.966	0.146	fixation	n/a	556.2	91.5	483.0	n/a	n/a	n/a	n/a
282.114	0.064	saccade	n/a	555.1	91.8	n/a	216.3	135.6	13.59	318.0
282.18	0.138	fixation	n/a	213.7	144.0	506.0	n/a	n/a	n/a	n/a
282.32	0.022	saccade	n/a	213.8	148.1	n/a	160.7	142.3	2.11	161.0
282.344	0.258	fixation	n/a	162.2	142.8	480.0	n/a	n/a	n/a	n/a
282.604	0.052	saccade	n/a	163.4	142.6	n/a	433.5	96.0	10.9	316.0
282.658	0.19	fixation	n/a	437.4	90.0	441.0	n/a	n/a	n/a	n/a
282.85	0.022	saccade	n/a	438.5	92.7	n/a	375.7	84.4	2.55	168.0
282.874	0.2	fixation	n/a	379.8	83.0	453.0	n/a	n/a	n/a	n/a
283.076	0.038	saccade	n/a	378.9	82.9	n/a	490.9	96.3	4.54	230.0
283.116	0.376	fixation	n/a	487.9	94.5	476.0	n/a	n/a	n/a	n/a
283.494	0.016	saccade	n/a	488.1	98.7	n/a	456.4	100.0	1.27	105.0
283.512	0.37	fixation	n/a	457.4	100.1	494.0	n/a	n/a	n/a	n/a
283.884	0.018	saccade	n/a	457.1	100.3	n/a	499.8	98.7	1.72	151.0
283.904	0.13	fixation	n/a	499.7	101.6	517.0	n/a	n/a	n/a	n/a
284.036	0.022	saccade	n/a	501.1	103.7	n/a	433.5	100.4	2.72	207.0
284.06	0.256	fixation	n/a	444.4	102.9	536.0	n/a	n/a	n/a	n/a
284.318	0.024	saccade	n/a	444.6	105.2	n/a	523.2	107.7	3.16	221.0
284.344	0.176	fixation	n/a	519.4	107.6	537.0	n/a	n/a	n/a	n/a
284.522	0.03	saccade	n/a	519.4	107.9	n/a	559.5	107.6	1.6	205.0
284.554	0.11	fixation	n/a	563.8	104.3	532.0	n/a	n/a	n/a	n/a
284.666	0.062	saccade	n/a	562.5	104.5	n/a	207.9	142.3	14.15	366.0
284.73	0.148	fixation	n/a	187.0	153.0	545.0	n/a	n/a	n/a	n/a
284.88	0.02	saccade	n/a	183.5	153.9	n/a	155.0	149.4	1.13	118.0
284.902	0.164	fixation	n/a	160.0	148.2	511.0	n/a	n/a	n/a	n/a
285.068	0.02	saccade	n/a	158.9	145.1	n/a	227.0	143.9	2.69	222.0
285.09	0.166	fixation	n/a	237.8	144.0	474.0	n/a	n/a	n/a	n/a
285.258	0.024	saccade	n/a	241.6	144.8	n/a	336.3	149.2	3.79	235.0
285.284	0.254	fixation	n/a	353.6	148.9	473.0	n/a	n/a	n/a	n/a
285.54	0.012	saccade	n/a	350.8	149.0	n/a	325.3	152.8	1.04	98.0
285.554	0.19	fixation	n/a	330.3	150.9	457.0	n/a	n/a	n/a	n/a
285.746	0.036	saccade	n/a	332.3	148.7	n/a	427.6	150.1	3.84	194.0
285.784	0.216	fixation	n/a	427.6	141.5	404.0	n/a	n/a	n/a	n/a
286.002	0.006	saccade	n/a	424.6	135.7	n/a	416.1	134.3	0.35	57.0
286.01	0.254	fixation	n/a	411.5	133.3	373.0	n/a	n/a	n/a	n/a
286.266	0.042	saccade	n/a	415.0	133.9	n/a	509.7	136.9	3.81	132.0
286.31	0.14	fixation	n/a	517.9	133.3	351.0	n/a	n/a	n/a	n/a
286.452	0.018	saccade	n/a	519.6	132.1	n/a	560.8	131.1	1.65	145.0
286.472	0.326	fixation	n/a	559.9	132.3	341.0	n/a	n/a	n/a	n/a
286.8	0.066	saccade	n/a	561.4	132.1	n/a	187.1	185.0	14.98	301.0
286.868	0.308	fixation	n/a	173.1	192.2	358.0	n/a	n/a	n/a	n/a
286.96	0.0	trigger_11	11	n/a	n/a	n/a	n/a	n/a	n/a	n/a
286.962	0.0	trigger_10	10	n/a	n/a	n/a	n/a	n/a	n/a	n/a
287.178	0.024	saccade	n/a	173.2	190.9	n/a	258.3	198.7	3.38	228.0
287.204	0.208	fixation	n/a	267.3	203.4	394.0	n/a	n/a	n/a	n/a
287.414	0.034	saccade	n/a	267.5	202.1	n/a	386.8	203.0	4.77	220.0
287.45	0.176	fixation	n/a	392.3	204.4	389.0	n/a	n/a	n/a	n/a
287.628	0.022	saccade	n/a	393.3	206.9	n/a	469.7	208.9	3.07	220.0
287.652	0.188	fixation	n/a	485.6	216.4	394.0	n/a	n/a	n/a	n/a
287.842	0.026	saccade	n/a	485.7	220.1	n/a	573.6	209.6	3.52	207.0
287.87	0.324	fixation	n/a	574.9	215.4	415.0	n/a	n/a	n/a	n/a
288.196	0.04	saccade	n/a	573.5	217.1	n/a	470.6	198.0	4.17	223.0
288.238	0.12	fixation	n/a	475.5	197.3	427.0	n/a	n/a	n/a	n/a
288.36	0.05	saccade	n/a	475.4	194.9	n/a	280.5	100.9	8.7	294.0
288.412	0.33	fixation	n/a	263.6	97.8	450.0	n/a	n/a	n/a	n/a
288.744	0.018	saccade	n/a	260.7	96.9	n/a	230.8	92.4	1.2	99.0
288.764	0.194	fixation	n/a	220.4	93.4	487.0	n/a	n/a	n/a	n/a
288.96	0.014	saccade	n/a	215.9	94.6	n/a	186.4	98.0	1.17	110.0
288.976	0.31	fixation	n/a	191.5	98.0	520.0	n/a	n/a	n/a	n/a
289.288	0.016	saccade	n/a	190.0	96.7	n/a	154.1	91.3	1.42	119.0
289.306	0.292	fixation	n/a	159.3	91.5	547.0	n/a	n/a	n/a	n/a
289.536	0.0	trigger_11	11	n/a	n/a	n/a	n/a	n/a	n/a	n/a
289.538	0.0	trigger_10	10	n/a	n/a	n/a	n/a	n/a	n/a	n/a
289.6	0.008	saccade	n/a	156.1	90.8	n/a	145.5	91.2	0.42	54.0
289.61	0.086	fixation	n/a	146.7	90.7	534.0	n/a	n/a	n/a	n/a
289.698	0.022	saccade	n/a	146.9	91.1	n/a	218.8	87.4	2.83	208.0
289.722	0.23	fixation	n/a	213.4	89.8	531.0	n/a	n/a	n/a	n/a
289.954	0.008	saccade	n/a	212.4	91.2	n/a	199.0	93.9	0.54	69.0
289.964	0.142	fixation	n/a	201.0	94.7	576.0	n/a	n/a	n/a	n/a
290.108	0.022	saccade	n/a	200.3	96.5	n/a	268.6	97.1	2.72	233.0
290.132	0.16	fixation	n/a	261.7	100.1	613.0	n/a	n/a	n/a	n/a
290.294	0.018	saccade	n/a	263.7	101.2	n/a	315.5	99.2	2.08	180.0
290.314	0.316	fixation	n/a	320.6	92.5	603.0	n/a	n/a	n/a	n/a
290.632	0.012	saccade	n/a	320.1	93.1	n/a	298.9	92.8	0.85	80.0
290.646	0.154	fixation	n/a	301.6	93.2	599.0	n/a	n/a	n/a	n/a
290.802	0.02	saccade	n/a	303.7	94.1	n/a	258.0	94.1	1.83	141.0
290.824	0.1	fixation	n/a	265.6	96.3	611.0	n/a	n/a	n/a	n/a
290.926	0.024	saccade	n/a	264.4	95.1	n/a	358.7	91.1	3.79	273.0
290.952	0.194	fixation	n/a	357.6	94.1	623.0	n/a	n/a	n/a	n/a
291.148	0.022	saccade	n/a	358.2	93.1	n/a	423.5	93.5	2.63	211.0
291.172	0.266	fixation	n/a	418.5	97.0	626.0	n/a	n/a	n/a	n/a
291.44	0.024	saccade	n/a	418.1	96.6	n/a	354.6	90.8	2.57	182.0
291.466	0.29	fixation	n/a	361.6	91.8	616.0	n/a	n/a	n/a	n/a
291.68	0.0	trigger_11	11	n/a	n/a	n/a	n/a	n/a	n/a	n/a
291.684	0.0	trigger_10	10	n/a	n/a	n/a	n/a	n/a	n/a	n/a
291.758	0.04	saccade	n/a	363.7	92.2	n/a	204.2	92.8	6.37	278.0
291.8	0.126	fixation	n/a	209.6	93.9	630.0	n/a	n/a	n/a	n/a
291.928	0.02	saccade	n/a	210.2	95.0	n/a	154.8	89.0	2.19	189.0
291.95	0.164	fixation	n/a	159.2	89.4	589.0	n/a	n/a	n/a	n/a
292.116	0.022	saccade	n/a	161.0	91.1	n/a	227.1	84.7	2.62	225.0
292.14	0.164	fixation	n/a	238.5	86.4	542.0	n/a	n/a	n/a	n/a
292.306	0.016	saccade	n/a	240.0	87.7	n/a	296.6	87.0	2.26	203.0
292.324	0.164	fixation	n/a	309.5	89.9	545.0	n/a	n/a	n/a	n/a
292.49	0.018	saccade	n/a	309.9	90.8	n/a	360.7	91.8	2.04	176.0
292.51	0.242	fixation	n/a	366.3	87.3	536.0	n/a	n/a	n/a	n/a
292.754	0.022	saccade	n/a	366.7	89.0	n/a	432.5	86.1	2.66	191.0
292.778	0.172	fixation	n/a	444.7	87.5	529.0	n/a	n/a	n/a	n/a
292.952	0.022	saccade	n/a	446.3	87.3	n/a	372.6	89.7	2.97	210.0
292.976	0.278	fixation	n/a	371.9	94.0	549.0	n/a	n/a	n/a	n/a
293.256	0.022	saccade	n/a	370.2	91.9	n/a	428.4	90.8	2.35	174.0
293.28	0.616	fixation	n/a	425.4	90.0	526.0	n/a	n/a	n/a	n/a
293.898	0.042	saccade	n/a	426.7	97.3	n/a	240.2	105.1	7.48	313.0
293.942	0.138	fixation	n/a	238.5	106.6	564.0	n/a	n/a	n/a	n/a
294.082	0.022	saccade	n/a	235.0	104.7	n/a	171.1	89.4	2.6	196.0
294.106	0.904	fixation	n/a	177.6	89.4	569.0	n/a	n/a	n/a	n/a
295.012	0.014	saccade	n/a	179.3	90.2	n/a	211.8	83.9	1.31	107.0
295.028	0.19	fixation	n/a	207.9	86.3	578.0	n/a	n/a	n/a	n/a
295.22	0.018	saccade	n/a	209.1	87.7	n/a	262.1	87.8	2.11	194.0
295.24	0.196	fixation	n/a	262.4	89.6	581.0	n/a	n/a	n/a	n/a
295.438	0.022	saccade	n/a	264.1	95.5	n/a	325.5	94.9	2.46	195.0
295.462	0.234	fixation	n/a	321.7	96.0	584.0	n/a	n/a	n/a	n/a
295.698	0.02	saccade	n/a	321.0	96.6	n/a	380.7	95.9	2.4	196.0
295.72	0.2	fixation	n/a	385.3	94.6	578.0	n/a	n/a	n/a	n/a
295.922	0.028	saccade	n/a	385.1	93.7	n/a	475.2	95.7	3.63	212.0
295.952	0.124	fixation	n/a	472.3	98.7	578.0	n/a	n/a	n/a	n/a
296.078	0.024	saccade	n/a	472.1	101.4	n/a	556.9	98.1	3.39	228.0
296.104	0.268	fixation	n/a	555.6	101.7	569.0	n/a	n/a	n/a	n/a
296.374	0.064	saccade	n/a	555.4	104.8	n/a	195.9	144.3	14.36	381.0
296.44	0.152	fixation	n/a	201.1	146.4	579.0	n/a	n/a	n/a	n/a
296.594	0.02	saccade	n/a	199.8	149.0	n/a	167.5	153.6	1.29	138.0
296.616	0.216	fixation	n/a	171.5	155.4	584.0	n/a	n/a	n/a	n/a
296.834	0.016	saccade	n/a	170.9	154.3	n/a	145.5	153.3	0.99	103.0
296.852	0.08	fixation	n/a	152.3	154.6	584.0	n/a	n/a	n/a	n/a
296.934	0.028	saccade	n/a	150.1	156.1	n/a	288.5	162.6	5.48	330.0
296.964	0.366	fixation	n/a	286.3	160.8	633.0	n/a	n/a	n/a	n/a
297.332	0.022	saccade	n/a	287.3	158.6	n/a	368.3	158.8	3.25	271.0
297.356	0.096	fixation	n/a	388.2	160.4	628.0	n/a	n/a	n/a	n/a
297.454	0.032	saccade	n/a	391.2	161.3	n/a	442.8	162.2	2.08	227.0
297.488	0.272	fixation	n/a	446.8	159.4	614.0	n/a	n/a	n/a	n/a
297.632	0.0	trigger_11	11	n/a	n/a	n/a	n/a	n/a	n/a	n/a
297.638	0.0	trigger_10	10	n/a	n/a	n/a	n/a	n/a	n/a	n/a
297.762	0.016	saccade	n/a	447.8	157.4	n/a	416.1	159.6	1.28	124.0
297.78	0.218	fixation	n/a	423.5	159.9	607.0	n/a	n/a	n/a	n/a
298.0	0.032	saccade	n/a	421.5	159.8	n/a	280.3	157.4	5.67	254.0
298.034	0.252	fixation	n/a	263.7	159.2	612.0	n/a	n/a	n/a	n/a
298.288	0.018	saccade	n/a	262.5	159.9	n/a	215.6	155.5	1.87	153.0
298.308	0.14	fixation	n/a	219.3	153.0	623.0	n/a	n/a	n/a	n/a
298.45	0.02	saccade	n/a	219.7	155.2	n/a	171.2	154.2	1.91	154.0
298.472	0.164	fixation	n/a	180.9	155.6	623.0	n/a	n/a	n/a	n/a
298.638	0.052	saccade	n/a	179.7	154.9	n/a	475.2	100.2	11.96	367.0
298.692	0.212	fixation	n/a	475.6	96.1	586.0	n/a	n/a	n/a	n/a
298.906	0.02	saccade	n/a	478.0	95.7	n/a	527.6	97.1	1.99	151.0
298.928	0.134	fixation	n/a	517.3	97.4	569.0	n/a	n/a	n/a	n/a
299.064	0.026	saccade	n/a	516.3	97.3	n/a	589.8	91.9	2.93	223.0
299.092	0.236	fixation	n/a	581.6	92.3	552.0	n/a	n/a	n/a	n/a
299.33	0.038	saccade	n/a	583.5	94.0	n/a	374.5	87.2	8.36	356.0
299.37	0.152	fixation	n/a	374.6	90.5	566.0	n/a	n/a	n/a	n/a
299.524	0.032	saccade	n/a	374.8	91.7	n/a	251.2	85.6	4.96	304.0
299.558	0.288	fixation	n/a	258.2	91.9	592.0	n/a	n/a	n/a	n/a
299.848	0.024	saccade	n/a	256.4	92.0	n/a	179.7	86.2	3.05	266.0
299.874	0.154	fixation	n/a	180.8	87.6	587.0	n/a	n/a	n/a	n/a
300.03	0.02	saccade	n/a	180.2	86.0	n/a	148.7	85.0	1.24	124.0
300.052	0.244	fixation	n/a	153.5	87.7	552.0	n/a	n/a	n/a	n/a
300.298	0.012	saccade	n/a	153.9	89.2	n/a	130.7	88.6	0.9	91.0
300.312	0.218	fixation	n/a	136.9	88.6	548.0	n/a	n/a	n/a	n/a
300.532	0.02	saccade	n/a	139.4	90.3	n/a	196.5	85.4	2.25	178.0
300.554	0.216	fixation	n/a	199.1	87.5	566.0	n/a	n/a	n/a	n/a
300.772	0.02	saccade	n/a	199.7	86.2	n/a	256.1	85.4	2.24	218.0
300.794	0.302	fixation	n/a	251.0	82.1	541.0	n/a	n/a	n/a	n/a
301.098	0.016	saccade	n/a	250.4	81.8	n/a	287.9	80.9	1.5	134.0
301.116	0.18	fixation	n/a	288.1	84.0	514.0	n/a	n/a	n/a	n/a
301.298	0.218	saccade	n/a	287.7	86.3	n/a	380.8	71.3	3.79	408.0
301.372	0.118	blink	n/a	n/a	n/a	n/a	n/a	n/a	n/a	n/a
301.518	0.248	fixation	n/a	373.9	77.7	481.0	n/a	n/a	n/a	n/a
301.768	0.028	saccade	n/a	375.6	84.9	n/a	453.4	78.4	3.14	204.0
301.798	0.174	fixation	n/a	452.7	73.5	443.0	n/a	n/a	n/a	n/a
301.974	0.016	saccade	n/a	455.7	74.3	n/a	416.2	73.2	1.59	152.0
301.992	0.274	fixation	n/a	419.7	74.8	410.0	n/a	n/a	n/a	n/a
302.268	0.02	saccade	n/a	421.5	76.9	n/a	477.3	73.9	2.25	163.0
302.29	0.184	fixation	n/a	485.3	79.2	397.0	n/a	n/a	n/a	n/a
302.476	0.02	saccade	n/a	486.4	83.2	n/a	543.4	82.3	2.28	192.0
302.498	0.19	fixation	n/a	544.6	83.4	409.0	n/a	n/a	n/a	n/a
302.69	0.02	saccade	n/a	543.6	84.1	n/a	600.2	83.9	2.25	175.0
302.712	0.258	fixation	n/a	598.9	84.7	417.0	n/a	n/a	n/a	n/a
302.972	0.016	saccade	n/a	598.3	85.4	n/a	572.5	84.2	1.02	102.0
302.99	0.176	fixation	n/a	579.4	85.8	412.0	n/a	n/a	n/a	n/a
303.168	0.016	saccade	n/a	578.7	86.7	n/a	615.9	86.9	1.47	133.0
303.186	0.21	fixation	n/a	611.1	89.6	413.0	n/a	n/a	n/a	n/a
303.398	0.018	saccade	n/a	607.9	90.3	n/a	561.8	89.0	1.83	155.0
303.418	0.224	fixation	n/a	566.6	93.5	450.0	n/a	n/a	n/a	n/a
303.644	0.018	saccade	n/a	566.0	95.9	n/a	619.4	89.7	2.13	185.0
303.664	0.202	fixation	n/a	612.9	91.5	475.0	n/a	n/a	n/a	n/a
303.868	0.066	saccade	n/a	609.1	90.9	n/a	181.3	133.7	16.93	414.0
303.936	0.162	fixation	n/a	179.3	140.9	515.0	n/a	n/a	n/a	n/a
304.1	0.02	saccade	n/a	177.4	144.7	n/a	150.4	147.8	1.07	129.0
304.122	0.156	fixation	n/a	154.0	149.5	520.0	n/a	n/a	n/a	n/a
304.264	0.0	trigger_11	11	n/a	n/a	n/a	n/a	n/a	n/a	n/a
304.268	0.0	trigger_10	10	n/a	n/a	n/a	n/a	n/a	n/a	n/a
304.28	0.03	saccade	n/a	151.1	147.0	n/a	285.4	148.8	5.31	342.0
304.312	0.22	fixation	n/a	284.6	148.2	507.0	n/a	n/a	n/a	n/a
304.534	0.02	saccade	n/a	286.6	151.6	n/a	234.8	146.0	2.08	165.0
304.556	0.194	fixation	n/a	242.2	148.8	523.0	n/a	n/a	n/a	n/a
304.752	0.026	saccade	n/a	242.3	151.3	n/a	333.6	153.4	3.65	266.0
304.78	0.2	fixation	n/a	330.3	156.8	551.0	n/a	n/a	n/a	n/a
304.982	0.022	saccade	n/a	330.4	156.3	n/a	404.0	153.3	2.96	229.0
305.006	0.172	fixation	n/a	397.4	153.2	510.0	n/a	n/a	n/a	n/a
305.18	0.024	saccade	n/a	398.0	151.4	n/a	475.5	150.6	3.12	220.0
305.206	0.198	fixation	n/a	480.8	150.1	472.0	n/a	n/a	n/a	n/a
305.406	0.02	saccade	n/a	482.4	150.5	n/a	539.6	144.9	2.3	203.0
305.428	0.17	fixation	n/a	542.6	147.5	469.0	n/a	n/a	n/a	n/a
305.6	0.022	saccade	n/a	542.2	151.7	n/a	605.4	147.1	2.51	207.0
305.624	0.104	fixation	n/a	596.3	149.1	482.0	n/a	n/a	n/a	n/a
305.73	0.064	saccade	n/a	596.7	151.8	n/a	211.5	201.2	15.36	380.0
305.796	0.138	fixation	n/a	211.7	206.3	547.0	n/a	n/a	n/a	n/a
305.936	0.02	saccade	n/a	208.4	207.9	n/a	172.3	210.5	1.43	152.0
305.958	0.138	fixation	n/a	178.3	213.0	561.0	n/a	n/a	n/a	n/a
306.098	0.024	saccade	n/a	175.5	213.1	n/a	264.2	212.7	3.51	286.0
306.124	0.33	fixation	n/a	262.8	215.4	555.0	n/a	n/a	n/a	n/a
306.16	0.0	trigger_11	11	n/a	n/a	n/a	n/a	n/a	n/a	n/a
306.166	0.0	trigger_10	10	n/a	n/a	n/a	n/a	n/a	n/a	n/a
306.456	0.028	saccade	n/a	265.4	212.7	n/a	201.4	93.6	5.45	380.0
306.486	0.13	fixation	n/a	205.7	95.2	525.0	n/a	n/a	n/a	n/a
306.618	0.022	saccade	n/a	206.9	93.7	n/a	156.6	87.8	1.99	204.0
306.642	0.22	fixation	n/a	162.6	90.9	522.0	n/a	n/a	n/a	n/a
306.864	0.022	saccade	n/a	162.5	92.4	n/a	223.4	82.3	2.44	196.0
306.888	0.186	fixation	n/a	224.1	85.7	531.0	n/a	n/a	n/a	n/a
307.076	0.022	saccade	n/a	224.2	85.7	n/a	309.2	84.6	3.39	269.0
307.1	0.186	fixation	n/a	313.5	86.6	540.0	n/a	n/a	n/a	n/a
307.288	0.026	saccade	n/a	315.8	91.5	n/a	231.7	85.3	3.37	224.0
307.316	0.212	fixation	n/a	236.4	87.7	558.0	n/a	n/a	n/a	n/a
307.53	0.014	saccade	n/a	235.3	91.3	n/a	208.8	89.4	1.05	100.0
307.546	0.164	fixation	n/a	212.3	88.2	581.0	n/a	n/a	n/a	n/a
307.712	0.022	saccade	n/a	212.2	90.5	n/a	146.5	85.3	2.6	186.0
307.736	0.168	fixation	n/a	155.9	85.4	598.0	n/a	n/a	n/a	n/a
307.906	0.028	saccade	n/a	156.1	84.7	n/a	282.7	92.6	5.02	323.0
307.936	0.444	fixation	n/a	286.9	94.2	613.0	n/a	n/a	n/a	n/a
308.382	0.028	saccade	n/a	289.6	94.2	n/a	186.2	86.7	4.11	263.0
308.412	0.17	fixation	n/a	190.4	87.9	616.0	n/a	n/a	n/a	n/a
308.584	0.02	saccade	n/a	190.8	88.1	n/a	156.6	88.7	1.34	148.0
308.606	0.21	fixation	n/a	159.3	85.5	600.0	n/a	n/a	n/a	n/a
308.818	0.018	saccade	n/a	159.2	85.2	n/a	205.7	82.2	1.83	159.0
308.838	0.24	fixation	n/a	204.3	84.4	573.0	n/a	n/a	n/a	n/a
309.08	0.022	saccade	n/a	206.8	86.6	n/a	265.0	89.7	2.32	192.0
309.104	0.178	fixation	n/a	259.9	90.6	586.0	n/a	n/a	n/a	n/a
309.284	0.02	saccade	n/a	258.9	93.5	n/a	221.4	96.0	1.49	127.0
309.306	0.24	fixation	n/a	227.3	97.7	596.0	n/a	n/a	n/a	n/a
309.548	0.02	saccade	n/a	226.2	94.5	n/a	183.0	87.8	1.73	145.0
309.57	0.328	fixation	n/a	185.7	87.9	583.0	n/a	n/a	n/a	n/a
309.9	0.016	saccade	n/a	186.4	89.3	n/a	223.7	91.9	1.48	145.0
309.918	0.268	fixation	n/a	216.7	92.6	576.0	n/a	n/a	n/a	n/a
310.188	0.024	saccade	n/a	214.9	92.9	n/a	285.5	92.1	2.81	203.0
310.214	0.208	fixation	n/a	292.7	92.8	567.0	n/a	n/a	n/a	n/a
310.424	0.02	saccade	n/a	293.3	93.4	n/a	237.0	88.7	2.26	187.0
310.446	0.182	fixation	n/a	232.9	88.9	536.0	n/a	n/a	n/a	n/a
310.63	0.022	saccade	n/a	231.4	88.4	n/a	161.7	84.3	2.75	185.0
310.654	0.164	fixation	n/a	149.5	86.7	480.0	n/a	n/a	n/a	n/a
310.82	0.046	saccade	n/a	149.4	86.7	n/a	384.1	87.5	9.31	333.0
310.868	0.174	fixation	n/a	391.8	86.9	435.0	n/a	n/a	n/a	n/a
311.044	0.018	saccade	n/a	393.7	89.6	n/a	352.1	89.5	1.68	143.0
311.064	0.096	fixation	n/a	357.5	89.4	444.0	n/a	n/a	n/a	n/a
311.162	0.024	saccade	n/a	356.5	89.3	n/a	454.2	80.7	3.95	298.0
311.188	0.15	fixation	n/a	457.0	79.8	439.0	n/a	n/a	n/a	n/a
311.34	0.026	saccade	n/a	458.3	79.7	n/a	555.3	79.9	3.88	248.0
311.368	0.176	fixation	n/a	559.2	82.8	429.0	n/a	n/a	n/a	n/a
311.546	0.02	saccade	n/a	559.7	83.6	n/a	611.9	82.0	2.07	163.0
311.568	0.158	fixation	n/a	606.0	82.9	432.0	n/a	n/a	n/a	n/a
311.728	0.064	saccade	n/a	606.6	85.0	n/a	189.2	136.2	16.6	391.0
311.794	0.128	fixation	n/a	191.2	142.4	484.0	n/a	n/a	n/a	n/a
311.924	0.022	saccade	n/a	190.5	144.8	n/a	146.6	144.1	1.72	153.0
311.948	0.194	fixation	n/a	152.9	149.3	513.0	n/a	n/a	n/a	n/a
312.144	0.02	saccade	n/a	153.9	152.3	n/a	221.0	146.1	2.65	236.0
312.166	0.23	fixation	n/a	233.8	149.7	521.0	n/a	n/a	n/a	n/a
312.398	0.02	saccade	n/a	236.0	152.7	n/a	295.6	154.9	2.38	221.0
312.42	0.118	fixation	n/a	289.4	153.7	546.0	n/a	n/a	n/a	n/a
312.54	0.02	saccade	n/a	288.9	154.7	n/a	346.4	157.1	2.31	204.0
312.562	0.228	fixation	n/a	341.1	162.0	573.0	n/a	n/a	n/a	n/a
312.792	0.036	saccade	n/a	341.1	166.1	n/a	432.4	163.8	3.67	237.0
312.83	0.248	fixation	n/a	423.3	160.9	595.0	n/a	n/a	n/a	n/a
313.08	0.022	saccade	n/a	424.4	161.9	n/a	357.6	164.8	2.69	205.0
313.104	0.18	fixation	n/a	363.8	163.9	590.0	n/a	n/a	n/a	n/a
313.286	0.022	saccade	n/a	363.1	165.1	n/a	314.9	165.0	1.94	171.0
313.31	0.25	fixation	n/a	323.5	164.7	613.0	n/a	n/a	n/a	n/a
313.562	0.038	saccade	n/a	322.3	166.4	n/a	495.2	162.5	6.95	341.0
313.602	0.142	fixation	n/a	492.3	159.7	605.0	n/a	n/a	n/a	n/a
313.746	0.02	saccade	n/a	492.9	157.0	n/a	551.5	156.1	2.34	199.0
313.768	0.078	fixation	n/a	540.9	160.3	600.0	n/a	n/a	n/a	n/a
313.848	0.064	saccade	n/a	542.6	159.8	n/a	194.8	203.5	13.89	432.0
313.914	0.168	fixation	n/a	186.3	207.7	631.0	n/a	n/a	n/a	n/a
314.084	0.018	saccade	n/a	182.8	209.4	n/a	159.1	212.1	0.93	113.0
314.104	0.224	fixation	n/a	163.2	210.2	607.0	n/a	n/a	n/a	n/a
314.33	0.018	saccade	n/a	162.8	212.5	n/a	215.8	208.6	2.09	213.0
314.35	0.14	fixation	n/a	216.1	209.3	596.0	n/a	n/a	n/a	n/a
314.492	0.026	saccade	n/a	218.3	210.2	n/a	310.7	161.8	4.17	290.0
314.52	0.212	fixation	n/a	312.6	161.9	610.0	n/a	n/a	n/a	n/a
314.734	0.018	saccade	n/a	313.3	163.0	n/a	381.1	154.3	2.75	224.0
314.754	0.172	fixation	n/a	394.6	158.0	600.0	n/a	n/a	n/a	n/a
314.928	0.024	saccade	n/a	397.7	160.0	n/a	485.5	160.6	3.53	243.0
314.954	0.12	fixation	n/a	487.7	161.5	599.0	n/a	n/a	n/a	n/a
315.076	0.024	saccade	n/a	488.9	163.2	n/a	509.5	97.0	2.83	222.0
315.102	0.192	fixation	n/a	514.9	104.5	601.0	n/a	n/a	n/a	n/a
315.296	0.022	saccade	n/a	516.2	102.6	n/a	442.8	102.2	2.95	236.0
315.32	0.166	fixation	n/a	452.3	101.9	599.0	n/a	n/a	n/a	n/a
315.488	0.018	saccade	n/a	453.0	101.1	n/a	410.8	91.4	1.74	129.0
315.508	0.138	fixation	n/a	406.6	91.2	565.0	n/a	n/a	n/a	n/a
315.648	0.022	saccade	n/a	406.9	92.9	n/a	326.9	88.5	3.22	264.0
315.672	0.16	fixation	n/a	335.5	88.5	550.0	n/a	n/a	n/a	n/a
315.834	0.022	saccade	n/a	334.9	88.8	n/a	284.9	95.7	2.02	150.0
315.858	0.094	fixation	n/a	289.5	95.3	551.0	n/a	n/a	n/a	n/a
315.954	0.04	saccade	n/a	288.7	94.9	n/a	485.3	101.2	7.88	458.0
315.996	0.144	fixation	n/a	486.2	99.5	563.0	n/a	n/a	n/a	n/a
316.142	0.032	saccade	n/a	488.6	101.7	n/a	570.9	107.0	3.29	272.0
316.176	0.128	fixation	n/a	574.9	105.2	569.0	n/a	n/a	n/a	n/a
316.306	0.05	saccade	n/a	575.4	107.7	n/a	239.8	148.8	13.45	423.0
316.314	0.0	trigger_18	18	n/a	n/a	n/a	n/a	n/a	n/a	n/a
316.314	0.0	trigger_11	11	n/a	n/a	n/a	n/a	n/a	n/a	n/a
316.358	0.098	fixation	n/a	228.4	152.9	589.0	n/a	n/a	n/a	n/a
316.458	0.022	saccade	n/a	228.1	154.5	n/a	158.1	161.3	2.77	225.0
316.482	0.152	fixation	n/a	170.4	163.4	590.0	n/a	n/a	n/a	n/a
316.636	0.038	saccade	n/a	169.2	163.1	n/a	333.0	164.0	6.5	305.0
316.676	0.256	fixation	n/a	332.4	160.5	607.0	n/a	n/a	n/a	n/a
316.934	0.018	saccade	n/a	335.0	160.8	n/a	393.1	153.8	2.36	214.0
316.954	0.198	fixation	n/a	394.7	160.4	615.0	n/a	n/a	n/a	n/a
317.154	0.032	saccade	n/a	394.7	162.4	n/a	278.3	160.3	4.68	265.0
317.188	0.314	fixation	n/a	271.7	162.7	628.0	n/a	n/a	n/a	n/a
317.504	0.016	saccade	n/a	269.8	163.0	n/a	312.3	159.9	1.71	140.0
317.522	0.262	fixation	n/a	315.7	162.5	623.0	n/a	n/a	n/a	n/a
317.786	0.032	saccade	n/a	317.2	167.0	n/a	250.2	130.3	3.07	189.0
317.82	0.19	fixation	n/a	217.6	116.2	607.0	n/a	n/a	n/a	n/a
318.012	0.02	saccade	n/a	213.3	109.1	n/a	167.0	92.8	1.94	175.0
318.034	0.776	fixation	n/a	175.3	91.8	549.0	n/a	n/a	n/a	n/a
318.812	0.032	saccade	n/a	171.9	92.3	n/a	176.5	187.3	3.83	197.0
318.846	0.26	fixation	n/a	175.8	180.0	635.0	n/a	n/a	n/a	n/a
319.108	0.046	saccade	n/a	173.4	179.2	n/a	422.4	141.5	10.02	359.0
319.156	0.222	fixation	n/a	434.9	138.8	533.0	n/a	n/a	n/a	n/a
319.38	0.014	saccade	n/a	440.3	134.2	n/a	408.7	126.6	1.31	122.0
319.396	0.17	fixation	n/a	410.8	118.9	471.0	n/a	n/a	n/a	n/a
319.568	0.276	saccade	n/a	406.6	116.1	n/a	478.0	270.2	6.88	444.0
319.622	0.196	blink	n/a	n/a	n/a	n/a	n/a	n/a	n/a	n/a
319.846	0.206	fixation	n/a	469.4	281.6	486.0	n/a	n/a	n/a	n/a
320.054	0.014	saccade	n/a	465.7	282.5	n/a	495.1	289.4	1.2	106.0
320.07	0.146	fixation	n/a	492.9	286.5	453.0	n/a	n/a	n/a	n/a
320.218	0.04	saccade	n/a	496.8	284.4	n/a	409.0	117.6	7.61	312.0
320.26	0.234	fixation	n/a	409.6	108.9	345.0	n/a	n/a	n/a	n/a
320.496	0.018	saccade	n/a	407.9	115.6	n/a	459.9	120.0	2.1	159.0
320.516	0.236	fixation	n/a	468.2	127.0	344.0	n/a	n/a	n/a	n/a
320.754	0.078	saccade	n/a	463.4	127.1	n/a	211.8	200.2	10.45	327.0
