onset	duration	trial_type	value	gaze_x	gaze_y	pupil_size	sacc_endx	sacc_endy	sacc_amplitude	sacc_peakvel
0.004072	0.384	fixation	n/a	465.8	260.3	499.0	n/a	n/a	n/a	n/a
0.004144	0.0	trigger_116	116	n/a	n/a	n/a	n/a	n/a	n/a	n/a
0.004152	0.0	trigger_19	19	n/a	n/a	n/a	n/a	n/a	n/a	n/a
0.004184	0.0	trigger_10	10	n/a	n/a	n/a	n/a	n/a	n/a	n/a
0.004844	0.014	saccade	n/a	466.4	262.2	n/a	496.7	257.2	1.23	108.0
0.004876	0.568	fixation	n/a	491.2	258.6	462.0	n/a	n/a	n/a	n/a
0.006016	0.034	saccade	n/a	492.0	258.1	n/a	417.8	243.2	3.03	194.0
0.006088	0.27	fixation	n/a	423.2	248.3	499.0	n/a	n/a	n/a	n/a
0.006632	0.016	saccade	n/a	417.2	244.7	n/a	386.8	237.9	1.25	124.0
0.006668	0.356	fixation	n/a	306.3	214.2	484.0	n/a	n/a	n/a	n/a
0.007384	0.146	saccade	n/a	295.1	213.0	n/a	280.6	185.1	1.27	443.0
0.007448	0.09	blink	n/a	n/a	n/a	n/a	n/a	n/a	n/a	n/a
0.00768	0.202	fixation	n/a	281.4	174.7	419.0	n/a	n/a	n/a	n/a
0.008088	0.02	saccade	n/a	281.1	172.3	n/a	331.2	184.6	2.07	180.0
0.008132	0.246	fixation	n/a	330.3	186.7	424.0	n/a	n/a	n/a	n/a
0.008628	0.022	saccade	n/a	330.6	186.5	n/a	253.1	144.7	3.54	264.0
0.008676	0.06	fixation	n/a	247.4	133.8	391.0	n/a	n/a	n/a	n/a
0.0088	0.024	saccade	n/a	245.7	133.5	n/a	194.5	73.6	3.17	249.0
0.008852	0.128	fixation	n/a	184.8	77.2	386.0	n/a	n/a	n/a	n/a
0.009112	0.018	saccade	n/a	186.0	76.9	n/a	143.3	78.1	1.68	143.0
0.009152	0.146	fixation	n/a	146.8	81.1	406.0	n/a	n/a	n/a	n/a
0.009448	0.0	trigger_11	11	n/a	n/a	n/a	n/a	n/a	n/a	n/a
0.009448	0.032	saccade	n/a	146.3	83.2	n/a	299.1	77.9	6.06	334.0
0.00948	0.0	trigger_10	10	n/a	n/a	n/a	n/a	n/a	n/a	n/a
0.009516	0.196	fixation	n/a	302.8	77.7	435.0	n/a	n/a	n/a	n/a
0.009912	0.022	saccade	n/a	303.9	78.2	n/a	366.4	77.3	2.52	245.0
0.00996	0.082	fixation	n/a	358.4	75.6	458.0	n/a	n/a	n/a	n/a
0.010128	0.03	saccade	n/a	358.9	75.8	n/a	470.8	87.4	4.53	263.0
0.010192	0.146	fixation	n/a	465.9	89.8	481.0	n/a	n/a	n/a	n/a
0.010488	0.022	saccade	n/a	466.2	90.2	n/a	527.2	86.7	2.45	198.0
0.010536	0.034	fixation	n/a	517.1	85.2	492.0	n/a	n/a	n/a	n/a
0.010608	0.062	saccade	n/a	518.2	84.3	n/a	183.9	152.2	13.55	439.0
0.010736	0.142	fixation	n/a	174.4	154.8	511.0	n/a	n/a	n/a	n/a
0.011024	0.024	saccade	n/a	173.5	155.9	n/a	226.9	201.8	2.81	248.0
0.011076	0.18	fixation	n/a	228.2	196.8	529.0	n/a	n/a	n/a	n/a
0.01144	0.018	saccade	n/a	232.8	199.1	n/a	192.1	201.9	1.61	131.0
0.01148	0.108	fixation	n/a	195.1	203.7	546.0	n/a	n/a	n/a	n/a
0.0117	0.046	saccade	n/a	196.0	205.7	n/a	385.8	206.6	7.55	359.0
0.011796	0.332	fixation	n/a	394.2	202.1	561.0	n/a	n/a	n/a	n/a
0.01212	0.0	trigger_11	11	n/a	n/a	n/a	n/a	n/a	n/a	n/a
0.012144	0.0	trigger_10	10	n/a	n/a	n/a	n/a	n/a	n/a	n/a
0.012464	0.01	saccade	n/a	396.6	200.5	n/a	416.6	206.8	0.84	93.0
0.012488	0.096	fixation	n/a	418.3	209.3	545.0	n/a	n/a	n/a	n/a
0.012684	0.022	saccade	n/a	419.9	210.4	n/a	387.0	247.3	2.0	192.0
0.012732	0.13	fixation	n/a	392.1	247.2	541.0	n/a	n/a	n/a	n/a
0.012996	0.046	saccade	n/a	392.1	247.1	n/a	201.7	271.3	7.62	280.0
0.013092	0.134	fixation	n/a	202.7	269.2	562.0	n/a	n/a	n/a	n/a
0.013364	0.022	saccade	n/a	200.2	268.9	n/a	152.9	271.2	1.85	168.0
0.013412	0.144	fixation	n/a	162.4	272.6	569.0	n/a	n/a	n/a	n/a
0.013704	0.056	saccade	n/a	161.5	274.2	n/a	466.9	209.0	12.35	438.0
0.01382	0.188	fixation	n/a	480.0	205.6	547.0	n/a	n/a	n/a	n/a
0.0142	0.02	saccade	n/a	481.0	207.0	n/a	479.0	248.7	1.69	148.0
0.014244	0.164	fixation	n/a	482.8	250.0	526.0	n/a	n/a	n/a	n/a
0.014576	0.022	saccade	n/a	481.6	250.6	n/a	552.6	252.4	2.83	234.0
0.014624	0.148	fixation	n/a	541.1	250.4	528.0	n/a	n/a	n/a	n/a
0.014924	0.066	saccade	n/a	543.2	252.1	n/a	158.2	333.6	15.44	439.0
0.01506	0.224	fixation	n/a	147.7	336.9	548.0	n/a	n/a	n/a	n/a
0.015512	0.02	saccade	n/a	146.2	339.3	n/a	193.9	330.9	1.88	198.0
0.015556	0.24	fixation	n/a	190.1	333.1	511.0	n/a	n/a	n/a	n/a
0.01604	0.042	saccade	n/a	192.0	337.1	n/a	232.3	512.3	6.92	235.0
0.016128	0.184	fixation	n/a	238.8	509.0	501.0	n/a	n/a	n/a	n/a
0.0165	0.034	saccade	n/a	242.4	513.6	n/a	385.7	515.2	5.52	310.0
0.016572	0.198	fixation	n/a	391.0	519.9	476.0	n/a	n/a	n/a	n/a
0.016888	0.0	trigger_11	11	n/a	n/a	n/a	n/a	n/a	n/a	n/a
0.016916	0.0	trigger_10	10	n/a	n/a	n/a	n/a	n/a	n/a	n/a
0.016972	0.022	saccade	n/a	392.7	522.9	n/a	462.6	513.0	2.72	213.0
0.01702	0.124	fixation	n/a	461.9	516.1	446.0	n/a	n/a	n/a	n/a
0.017272	0.026	saccade	n/a	462.5	518.2	n/a	560.5	512.0	3.78	260.0
0.017328	0.162	fixation	n/a	557.8	515.0	414.0	n/a	n/a	n/a	n/a
0.017656	0.018	saccade	n/a	558.4	517.2	n/a	543.1	512.7	0.61	105.0
0.017696	0.156	fixation	n/a	545.4	515.3	406.0	n/a	n/a	n/a	n/a
0.018012	0.062	saccade	n/a	546.7	514.5	n/a	348.3	257.9	12.65	383.0
0.01814	0.258	fixation	n/a	336.9	250.4	439.0	n/a	n/a	n/a	n/a
0.01866	0.034	saccade	n/a	337.3	250.8	n/a	208.5	125.4	7.21	394.0
0.018732	0.06	fixation	n/a	199.1	110.5	431.0	n/a	n/a	n/a	n/a
0.018856	0.032	saccade	n/a	199.0	107.7	n/a	162.8	71.4	2.05	230.0
0.018924	0.18	fixation	n/a	162.6	66.8	435.0	n/a	n/a	n/a	n/a
0.019288	0.024	saccade	n/a	163.8	67.5	n/a	247.6	69.0	3.31	263.0
0.01934	0.138	fixation	n/a	250.9	71.5	439.0	n/a	n/a	n/a	n/a
0.019528	0.0	trigger_11	11	n/a	n/a	n/a	n/a	n/a	n/a	n/a
0.019564	0.0	trigger_10	10	n/a	n/a	n/a	n/a	n/a	n/a	n/a
0.01962	0.026	saccade	n/a	252.4	72.4	n/a	350.3	76.5	3.92	275.0
0.019676	0.148	fixation	n/a	352.7	77.4	464.0	n/a	n/a	n/a	n/a
0.019976	0.026	saccade	n/a	351.6	78.3	n/a	432.5	84.4	3.27	250.0
0.020032	0.124	fixation	n/a	428.5	85.2	475.0	n/a	n/a	n/a	n/a
0.020284	0.03	saccade	n/a	429.0	86.3	n/a	536.2	81.3	4.3	266.0
0.020348	0.184	fixation	n/a	533.1	82.6	471.0	n/a	n/a	n/a	n/a
0.02072	0.06	saccade	n/a	533.7	82.8	n/a	261.5	146.6	11.17	408.0
0.020844	0.258	fixation	n/a	251.3	148.0	508.0	n/a	n/a	n/a	n/a
0.021364	0.04	saccade	n/a	249.9	148.3	n/a	393.8	147.5	5.77	230.0
0.021448	0.15	fixation	n/a	386.4	147.6	514.0	n/a	n/a	n/a	n/a
0.021752	0.026	saccade	n/a	387.6	147.1	n/a	479.7	143.2	3.71	263.0
0.021808	0.12	fixation	n/a	475.5	145.2	518.0	n/a	n/a	n/a	n/a
0.022052	0.028	saccade	n/a	476.7	146.2	n/a	337.4	146.8	5.59	333.0
0.022112	0.274	fixation	n/a	323.3	152.6	531.0	n/a	n/a	n/a	n/a
0.022664	0.04	saccade	n/a	321.0	151.7	n/a	513.8	148.5	7.73	324.0
0.022748	0.11	fixation	n/a	509.2	147.2	537.0	n/a	n/a	n/a	n/a
0.022872	0.0	trigger_11	11	n/a	n/a	n/a	n/a	n/a	n/a	n/a
0.022892	0.0	trigger_12	12	n/a	n/a	n/a	n/a	n/a	n/a	n/a
0.022972	0.024	saccade	n/a	510.2	149.0	n/a	582.5	145.5	2.88	241.0
0.023024	0.174	fixation	n/a	570.9	147.0	533.0	n/a	n/a	n/a	n/a
0.023376	0.048	saccade	n/a	573.3	148.3	n/a	298.4	174.8	11.0	393.0
0.023476	0.088	fixation	n/a	304.8	173.4	549.0	n/a	n/a	n/a	n/a
0.023656	0.022	saccade	n/a	305.2	173.2	n/a	243.1	150.9	2.64	234.0
0.023704	0.272	fixation	n/a	250.8	155.6	537.0	n/a	n/a	n/a	n/a
0.024252	0.022	saccade	n/a	249.9	155.9	n/a	334.9	150.0	3.41	275.0
0.0243	0.158	fixation	n/a	335.7	152.7	550.0	n/a	n/a	n/a	n/a
0.02462	0.026	saccade	n/a	336.4	154.2	n/a	417.4	147.4	3.27	239.0
0.024676	0.13	fixation	n/a	413.6	149.9	550.0	n/a	n/a	n/a	n/a
0.02494	0.024	saccade	n/a	411.3	149.2	n/a	481.0	147.7	2.81	206.0
0.024992	0.16	fixation	n/a	472.3	149.0	539.0	n/a	n/a	n/a	n/a
0.025316	0.054	saccade	n/a	473.0	149.5	n/a	204.0	213.1	11.0	363.0
0.025428	0.138	fixation	n/a	208.1	215.7	549.0	n/a	n/a	n/a	n/a
0.025708	0.02	saccade	n/a	207.8	219.7	n/a	153.9	215.5	2.12	175.0
0.025752	0.14	fixation	n/a	160.5	216.4	553.0	n/a	n/a	n/a	n/a
0.026036	0.032	saccade	n/a	159.6	214.5	n/a	313.6	208.2	6.09	309.0
0.026104	0.224	fixation	n/a	313.2	206.7	528.0	n/a	n/a	n/a	n/a
0.026232	0.0	trigger_13	13	n/a	n/a	n/a	n/a	n/a	n/a	n/a
0.02626	0.0	trigger_10	10	n/a	n/a	n/a	n/a	n/a	n/a	n/a
0.026556	0.024	saccade	n/a	314.2	207.1	n/a	413.0	206.4	3.96	276.0
0.026608	0.094	fixation	n/a	422.8	205.3	537.0	n/a	n/a	n/a	n/a
0.0268	0.03	saccade	n/a	423.4	206.1	n/a	465.2	203.3	1.68	214.0
0.026864	0.064	fixation	n/a	470.5	206.6	546.0	n/a	n/a	n/a	n/a
0.026996	0.054	saccade	n/a	471.7	206.8	n/a	144.7	270.1	13.15	382.0
0.027108	0.276	fixation	n/a	148.1	270.6	550.0	n/a	n/a	n/a	n/a
0.027664	0.036	saccade	n/a	147.6	270.5	n/a	174.1	92.1	7.21	412.0
0.02774	0.206	fixation	n/a	174.7	88.4	482.0	n/a	n/a	n/a	n/a
0.028156	0.022	saccade	n/a	175.4	87.3	n/a	265.7	77.2	3.61	269.0
0.028204	0.26	fixation	n/a	267.9	79.8	477.0	n/a	n/a	n/a	n/a
0.028728	0.028	saccade	n/a	267.9	80.7	n/a	174.9	80.5	3.69	226.0
0.028788	0.12	fixation	n/a	168.0	81.5	494.0	n/a	n/a	n/a	n/a
0.029032	0.022	saccade	n/a	167.7	81.9	n/a	122.2	85.4	1.78	160.0
0.02908	0.202	fixation	n/a	129.4	86.6	506.0	n/a	n/a	n/a	n/a
0.029488	0.018	saccade	n/a	128.2	87.9	n/a	170.7	79.4	1.7	167.0
0.029528	0.194	fixation	n/a	166.7	80.1	526.0	n/a	n/a	n/a	n/a
0.02992	0.02	saccade	n/a	167.8	80.1	n/a	214.2	78.5	1.83	162.0
0.029964	0.128	fixation	n/a	210.5	79.6	540.0	n/a	n/a	n/a	n/a
0.030224	0.024	saccade	n/a	212.1	79.6	n/a	287.0	83.9	2.99	218.0
0.030276	0.212	fixation	n/a	286.3	85.9	539.0	n/a	n/a	n/a	n/a
0.030704	0.036	saccade	n/a	288.5	86.3	n/a	399.3	92.0	4.46	253.0
0.03078	0.164	fixation	n/a	391.0	92.4	552.0	n/a	n/a	n/a	n/a
0.030808	0.0	trigger_11	11	n/a	n/a	n/a	n/a	n/a	n/a	n/a
0.030832	0.0	trigger_10	10	n/a	n/a	n/a	n/a	n/a	n/a	n/a
0.031112	0.022	saccade	n/a	390.4	91.6	n/a	465.5	93.5	3.02	245.0
0.03116	0.204	fixation	n/a	458.4	95.3	552.0	n/a	n/a	n/a	n/a
0.031572	0.046	saccade	n/a	459.9	97.9	n/a	178.6	140.6	11.32	400.0
0.031668	0.152	fixation	n/a	181.8	141.4	538.0	n/a	n/a	n/a	n/a
0.031976	0.022	saccade	n/a	180.8	141.8	n/a	137.5	138.9	1.7	172.0
0.032024	0.18	fixation	n/a	143.6	140.5	530.0	n/a	n/a	n/a	n/a
0.032388	0.022	saccade	n/a	143.5	141.5	n/a	225.4	144.5	3.23	247.0
0.032436	0.116	fixation	n/a	227.7	146.4	531.0	n/a	n/a	n/a	n/a
0.032672	0.024	saccade	n/a	229.2	147.6	n/a	147.4	142.3	3.23	227.0
0.032724	0.31	fixation	n/a	149.5	147.0	554.0	n/a	n/a	n/a	n/a
0.033048	0.0	trigger_11	11	n/a	n/a	n/a	n/a	n/a	n/a	n/a
0.033076	0.0	trigger_10	10	n/a	n/a	n/a	n/a	n/a	n/a	n/a
0.033348	0.02	saccade	n/a	149.9	148.8	n/a	143.2	101.4	1.92	169.0
0.033392	0.406	fixation	n/a	150.5	94.7	563.0	n/a	n/a	n/a	n/a
0.034208	0.022	saccade	n/a	151.6	93.0	n/a	219.2	80.6	2.71	216.0
0.034256	0.144	fixation	n/a	225.8	82.3	545.0	n/a	n/a	n/a	n/a
0.034548	0.022	saccade	n/a	225.0	80.7	n/a	299.3	83.8	2.97	230.0
0.034596	0.236	fixation	n/a	296.4	82.6	545.0	n/a	n/a	n/a	n/a
0.035072	0.022	saccade	n/a	299.0	82.4	n/a	230.4	81.2	2.74	204.0
0.03512	0.072	fixation	n/a	236.5	80.1	535.0	n/a	n/a	n/a	n/a
0.035268	0.034	saccade	n/a	236.0	80.1	n/a	424.0	86.1	7.54	377.0
0.03534	0.15	fixation	n/a	429.3	85.7	549.0	n/a	n/a	n/a	n/a
0.035644	0.022	saccade	n/a	431.6	85.9	n/a	503.3	83.6	2.88	255.0
0.035692	0.116	fixation	n/a	495.0	85.3	542.0	n/a	n/a	n/a	n/a
0.035928	0.06	saccade	n/a	497.2	85.6	n/a	201.0	155.0	12.13	417.0
0.036052	0.15	fixation	n/a	194.6	157.7	557.0	n/a	n/a	n/a	n/a
0.036356	0.032	saccade	n/a	192.9	159.3	n/a	285.4	151.0	3.69	241.0
0.036424	0.152	fixation	n/a	281.6	150.6	555.0	n/a	n/a	n/a	n/a
0.036732	0.022	saccade	n/a	283.0	151.6	n/a	369.2	148.0	3.46	259.0
0.03676	0.0	trigger_11	11	n/a	n/a	n/a	n/a	n/a	n/a	n/a
0.03678	0.15	fixation	n/a	381.4	147.9	545.0	n/a	n/a	n/a	n/a
0.036788	0.0	trigger_12	12	n/a	n/a	n/a	n/a	n/a	n/a	n/a
0.037084	0.032	saccade	n/a	381.8	148.7	n/a	509.8	143.4	5.15	281.0
0.037152	0.176	fixation	n/a	510.3	145.5	545.0	n/a	n/a	n/a	n/a
0.037508	0.024	saccade	n/a	509.3	145.0	n/a	592.1	137.1	3.31	251.0
0.03756	0.15	fixation	n/a	587.5	141.5	532.0	n/a	n/a	n/a	n/a
0.037864	0.05	saccade	n/a	586.8	146.9	n/a	336.1	149.6	9.99	378.0
0.037968	0.154	fixation	n/a	340.3	148.5	534.0	n/a	n/a	n/a	n/a
0.03828	0.022	saccade	n/a	339.5	146.8	n/a	295.9	148.3	1.75	181.0
0.038328	0.16	fixation	n/a	301.8	151.5	533.0	n/a	n/a	n/a	n/a
0.038652	0.02	saccade	n/a	301.1	153.3	n/a	358.6	150.8	2.32	213.0
0.038696	0.152	fixation	n/a	352.8	152.4	541.0	n/a	n/a	n/a	n/a
0.039004	0.026	saccade	n/a	353.6	151.8	n/a	449.2	152.9	3.84	272.0
0.03906	0.146	fixation	n/a	450.7	151.5	546.0	n/a	n/a	n/a	n/a
0.039356	0.032	saccade	n/a	452.0	154.9	n/a	578.5	144.2	5.07	291.0
0.039424	0.272	fixation	n/a	573.3	143.5	527.0	n/a	n/a	n/a	n/a
0.039972	0.038	saccade	n/a	574.1	142.3	n/a	358.9	155.4	8.61	382.0
0.040052	0.164	fixation	n/a	351.3	152.0	518.0	n/a	n/a	n/a	n/a
0.040384	0.022	saccade	n/a	349.6	148.1	n/a	280.2	150.3	2.78	210.0
0.040432	0.146	fixation	n/a	283.2	152.3	517.0	n/a	n/a	n/a	n/a
0.040728	0.02	saccade	n/a	283.3	151.7	n/a	236.7	147.2	1.87	156.0
0.040772	0.16	fixation	n/a	243.4	148.7	524.0	n/a	n/a	n/a	n/a
0.041096	0.022	saccade	n/a	243.5	150.5	n/a	328.8	151.3	3.41	254.0
0.041144	0.172	fixation	n/a	339.8	151.3	528.0	n/a	n/a	n/a	n/a
0.041492	0.024	saccade	n/a	339.1	148.7	n/a	420.6	146.6	3.28	254.0
0.041544	0.228	fixation	n/a	415.5	148.1	513.0	n/a	n/a	n/a	n/a
0.042004	0.034	saccade	n/a	416.1	148.8	n/a	539.4	144.9	4.94	257.0
0.042076	0.238	fixation	n/a	534.0	142.8	497.0	n/a	n/a	n/a	n/a
0.042556	0.024	saccade	n/a	533.7	142.6	n/a	474.1	111.6	2.7	245.0
0.042608	0.168	fixation	n/a	470.1	106.4	498.0	n/a	n/a	n/a	n/a
0.042948	0.056	saccade	n/a	470.4	105.6	n/a	194.4	90.6	11.01	316.0
0.043064	0.186	fixation	n/a	189.1	94.1	491.0	n/a	n/a	n/a	n/a
0.04344	0.016	saccade	n/a	187.9	96.2	n/a	206.3	120.1	1.21	106.0
0.043476	0.17	fixation	n/a	204.4	119.8	511.0	n/a	n/a	n/a	n/a
0.04382	0.02	saccade	n/a	206.3	122.9	n/a	165.2	84.3	2.25	190.0
0.043864	0.28	fixation	n/a	166.9	83.8	523.0	n/a	n/a	n/a	n/a
0.044428	0.022	saccade	n/a	169.3	82.2	n/a	241.7	77.0	2.87	238.0
0.044476	0.154	fixation	n/a	236.8	78.7	502.0	n/a	n/a	n/a	n/a
0.044712	0.0	trigger_13	13	n/a	n/a	n/a	n/a	n/a	n/a	n/a
0.044748	0.0	trigger_10	10	n/a	n/a	n/a	n/a	n/a	n/a	n/a
0.044788	0.062	saccade	n/a	237.6	78.1	n/a	430.1	88.8	7.73	279.0
0.044916	0.152	fixation	n/a	437.9	87.7	499.0	n/a	n/a	n/a	n/a
0.045224	0.018	saccade	n/a	440.0	89.8	n/a	402.3	88.7	1.52	147.0
0.045264	0.118	fixation	n/a	409.0	87.7	499.0	n/a	n/a	n/a	n/a
0.045504	0.03	saccade	n/a	406.3	87.9	n/a	522.8	84.7	4.68	276.0
0.045568	0.182	fixation	n/a	517.2	85.7	496.0	n/a	n/a	n/a	n/a
0.045936	0.024	saccade	n/a	519.9	87.4	n/a	428.9	85.6	3.66	257.0
0.045988	0.186	fixation	n/a	431.5	88.0	505.0	n/a	n/a	n/a	n/a
0.046364	0.018	saccade	n/a	430.9	88.4	n/a	410.2	89.4	0.84	110.0
0.046404	0.044	fixation	n/a	415.1	90.2	515.0	n/a	n/a	n/a	n/a
0.046496	0.03	saccade	n/a	416.5	89.2	n/a	527.8	85.2	4.47	299.0
0.04656	0.1	fixation	n/a	524.2	84.3	514.0	n/a	n/a	n/a	n/a
0.046764	0.02	saccade	n/a	525.4	85.3	n/a	576.5	88.5	2.04	183.0
0.046808	0.082	fixation	n/a	566.9	88.5	511.0	n/a	n/a	n/a	n/a
0.046976	0.058	saccade	n/a	567.5	89.6	n/a	157.3	144.5	16.33	450.0
0.047096	0.178	fixation	n/a	159.7	149.0	526.0	n/a	n/a	n/a	n/a
0.047456	0.018	saccade	n/a	161.1	151.4	n/a	124.5	143.5	1.46	130.0
0.047496	0.14	fixation	n/a	131.2	144.8	515.0	n/a	n/a	n/a	n/a
0.04778	0.024	saccade	n/a	129.1	145.5	n/a	208.5	144.7	3.11	238.0
0.0478	0.0	trigger_11	11	n/a	n/a	n/a	n/a	n/a	n/a	n/a
0.047812	0.0	trigger_10	10	n/a	n/a	n/a	n/a	n/a	n/a	n/a
0.047832	0.182	fixation	n/a	209.1	147.2	504.0	n/a	n/a	n/a	n/a
0.0482	0.02	saccade	n/a	211.5	148.0	n/a	283.6	146.3	2.87	250.0
0.048244	0.162	fixation	n/a	278.5	149.3	511.0	n/a	n/a	n/a	n/a
0.048572	0.02	saccade	n/a	280.4	149.6	n/a	344.2	149.4	2.56	209.0
0.048616	0.164	fixation	n/a	351.1	150.8	508.0	n/a	n/a	n/a	n/a
0.048948	0.022	saccade	n/a	352.1	151.0	n/a	424.6	147.4	2.92	232.0
0.048996	0.132	fixation	n/a	419.3	149.0	511.0	n/a	n/a	n/a	n/a
0.049264	0.024	saccade	n/a	418.7	147.4	n/a	510.4	143.4	3.69	279.0
0.049316	0.208	fixation	n/a	514.7	146.6	513.0	n/a	n/a	n/a	n/a
0.049736	0.024	saccade	n/a	514.4	149.4	n/a	572.2	144.1	2.31	209.0
0.049788	0.164	fixation	n/a	562.7	144.5	514.0	n/a	n/a	n/a	n/a
0.05012	0.054	saccade	n/a	564.3	144.7	n/a	235.4	212.5	13.34	384.0
0.050232	0.124	fixation	n/a	238.6	215.3	541.0	n/a	n/a	n/a	n/a
0.050484	0.024	saccade	n/a	235.5	216.9	n/a	150.2	215.2	3.36	252.0
0.050536	0.348	fixation	n/a	146.8	214.6	534.0	n/a	n/a	n/a	n/a
0.051236	0.06	saccade	n/a	140.0	212.0	n/a	361.2	508.0	14.35	382.0
0.05136	0.114	fixation	n/a	367.2	503.9	513.0	n/a	n/a	n/a	n/a
0.051592	0.026	saccade	n/a	366.3	504.5	n/a	474.6	514.7	4.21	310.0
0.051648	0.172	fixation	n/a	475.4	511.6	493.0	n/a	n/a	n/a	n/a
0.051996	0.062	saccade	n/a	475.0	508.3	n/a	306.7	156.7	15.3	468.0
0.052124	0.218	fixation	n/a	308.4	147.0	419.0	n/a	n/a	n/a	n/a
0.052564	0.034	saccade	n/a	309.8	143.4	n/a	187.0	93.8	5.28	230.0
0.052636	0.162	fixation	n/a	164.6	91.8	409.0	n/a	n/a	n/a	n/a
0.052964	0.15	saccade	n/a	159.3	98.6	n/a	133.8	85.4	1.13	394.0
0.053012	0.102	blink	n/a	n/a	n/a	n/a	n/a	n/a	n/a	n/a
0.053268	0.346	fixation	n/a	132.6	85.9	490.0	n/a	n/a	n/a	n/a
0.053964	0.02	saccade	n/a	133.6	85.0	n/a	199.9	80.5	2.61	225.0
0.054008	0.232	fixation	n/a	205.0	79.8	493.0	n/a	n/a	n/a	n/a
0.054476	0.022	saccade	n/a	205.9	78.9	n/a	273.8	73.2	2.71	226.0
0.054524	0.142	fixation	n/a	270.3	79.4	516.0	n/a	n/a	n/a	n/a
0.054812	0.034	saccade	n/a	271.5	83.5	n/a	420.1	89.8	5.97	313.0
0.054884	0.13	fixation	n/a	414.6	86.1	517.0	n/a	n/a	n/a	n/a
0.055148	0.026	saccade	n/a	414.6	90.0	n/a	528.1	85.7	4.56	317.0
0.055204	0.128	fixation	n/a	523.7	84.4	509.0	n/a	n/a	n/a	n/a
0.055464	0.018	saccade	n/a	524.4	87.2	n/a	573.2	83.2	1.95	169.0
0.055504	0.096	fixation	n/a	566.3	84.4	505.0	n/a	n/a	n/a	n/a
0.0557	0.058	saccade	n/a	566.8	85.1	n/a	174.4	162.8	15.8	450.0
0.05582	0.13	fixation	n/a	177.3	165.2	517.0	n/a	n/a	n/a	n/a
0.056084	0.018	saccade	n/a	177.4	166.7	n/a	138.2	148.2	1.71	150.0
0.056124	0.192	fixation	n/a	146.3	149.8	494.0	n/a	n/a	n/a	n/a
0.056512	0.034	saccade	n/a	147.3	149.2	n/a	252.7	144.8	4.16	260.0
0.056584	0.192	fixation	n/a	248.6	139.4	473.0	n/a	n/a	n/a	n/a
0.05662	0.0	trigger_11	11	n/a	n/a	n/a	n/a	n/a	n/a	n/a
0.056656	0.0	trigger_10	10	n/a	n/a	n/a	n/a	n/a	n/a	n/a
0.056972	0.028	saccade	n/a	249.9	141.3	n/a	355.9	147.4	4.26	284.0
0.057032	0.204	fixation	n/a	353.8	151.4	508.0	n/a	n/a	n/a	n/a
0.057444	0.026	saccade	n/a	355.0	152.0	n/a	443.2	148.7	3.54	249.0
0.0575	0.214	fixation	n/a	441.7	150.1	504.0	n/a	n/a	n/a	n/a
0.057932	0.024	saccade	n/a	442.1	150.0	n/a	515.5	142.9	2.96	211.0
0.057984	0.154	fixation	n/a	508.4	145.1	489.0	n/a	n/a	n/a	n/a
0.058296	0.05	saccade	n/a	508.2	145.2	n/a	254.0	197.1	10.36	373.0
0.0584	0.268	fixation	n/a	257.6	201.3	514.0	n/a	n/a	n/a	n/a
0.05894	0.026	saccade	n/a	254.7	200.5	n/a	339.9	208.8	3.42	244.0
0.058996	0.218	fixation	n/a	339.7	210.7	521.0	n/a	n/a	n/a	n/a
0.059436	0.02	saccade	n/a	342.1	212.6	n/a	299.7	166.0	2.54	223.0
0.05948	0.29	fixation	n/a	293.9	160.9	510.0	n/a	n/a	n/a	n/a
0.060064	0.02	saccade	n/a	295.3	161.3	n/a	259.0	132.3	1.87	135.0
0.060108	0.0	trigger_11	11	n/a	n/a	n/a	n/a	n/a	n/a	n/a
0.060108	0.084	fixation	n/a	261.6	132.6	510.0	n/a	n/a	n/a	n/a
0.060124	0.0	trigger_10	10	n/a	n/a	n/a	n/a	n/a	n/a	n/a
0.06028	0.024	saccade	n/a	262.8	133.8	n/a	302.7	91.9	2.34	182.0
0.060332	0.16	fixation	n/a	318.3	89.9	507.0	n/a	n/a	n/a	n/a
0.060656	0.028	saccade	n/a	318.3	90.6	n/a	433.1	85.3	4.62	296.0
0.060716	0.154	fixation	n/a	431.5	85.9	520.0	n/a	n/a	n/a	n/a
0.061028	0.022	saccade	n/a	432.1	86.7	n/a	514.1	82.8	3.3	267.0
0.061076	0.046	fixation	n/a	501.7	84.5	519.0	n/a	n/a	n/a	n/a
0.061172	0.044	saccade	n/a	503.0	83.1	n/a	286.6	84.4	8.66	388.0
0.061264	0.236	fixation	n/a	287.9	84.3	516.0	n/a	n/a	n/a	n/a
0.06174	0.026	saccade	n/a	286.0	84.0	n/a	384.6	91.1	3.97	278.0
0.061796	0.14	fixation	n/a	385.4	94.3	535.0	n/a	n/a	n/a	n/a
0.06208	0.034	saccade	n/a	385.9	96.6	n/a	518.5	88.9	5.33	296.0
0.062152	0.274	fixation	n/a	513.4	91.9	542.0	n/a	n/a	n/a	n/a
0.062704	0.022	saccade	n/a	514.4	91.3	n/a	447.5	94.1	2.69	239.0
0.062752	0.13	fixation	n/a	456.1	92.3	542.0	n/a	n/a	n/a	n/a
0.063016	0.054	saccade	n/a	455.3	92.3	n/a	186.3	83.5	10.7	372.0
0.063128	0.35	fixation	n/a	189.2	84.1	529.0	n/a	n/a	n/a	n/a
0.063388	0.0	trigger_11	11	n/a	n/a	n/a	n/a	n/a	n/a	n/a
0.063412	0.0	trigger_12	12	n/a	n/a	n/a	n/a	n/a	n/a	n/a
0.063832	0.04	saccade	n/a	188.5	82.9	n/a	354.4	92.8	6.62	266.0
0.063916	0.15	fixation	n/a	346.8	88.9	544.0	n/a	n/a	n/a	n/a
0.06422	0.032	saccade	n/a	347.5	88.2	n/a	470.8	93.1	4.96	309.0
0.064288	0.212	fixation	n/a	466.0	91.0	539.0	n/a	n/a	n/a	n/a
0.064716	0.022	saccade	n/a	466.6	90.3	n/a	523.5	90.4	2.28	202.0
0.064764	0.492	fixation	n/a	515.0	88.8	527.0	n/a	n/a	n/a	n/a
0.065752	0.022	saccade	n/a	514.4	89.3	n/a	568.3	84.6	2.16	174.0
0.0658	0.122	fixation	n/a	560.6	89.5	533.0	n/a	n/a	n/a	n/a
0.066048	0.05	saccade	n/a	562.0	90.0	n/a	363.0	88.8	7.98	356.0
0.066152	0.176	fixation	n/a	368.7	95.6	538.0	n/a	n/a	n/a	n/a
0.066508	0.022	saccade	n/a	368.2	99.0	n/a	310.8	90.4	2.34	193.0
0.066556	0.34	fixation	n/a	314.1	91.5	529.0	n/a	n/a	n/a	n/a
0.06678	0.0	trigger_13	13	n/a	n/a	n/a	n/a	n/a	n/a	n/a
0.0668	0.0	trigger_10	10	n/a	n/a	n/a	n/a	n/a	n/a	n/a
0.06724	0.036	saccade	n/a	313.5	90.7	n/a	166.8	84.6	5.83	302.0
0.067316	0.292	fixation	n/a	168.1	83.5	530.0	n/a	n/a	n/a	n/a
0.067904	0.016	saccade	n/a	166.1	81.9	n/a	126.9	85.2	1.54	139.0
0.06794	0.22	fixation	n/a	130.5	85.3	527.0	n/a	n/a	n/a	n/a
0.068384	0.024	saccade	n/a	130.1	85.1	n/a	227.2	79.1	3.82	253.0
0.068436	0.17	fixation	n/a	244.2	78.9	520.0	n/a	n/a	n/a	n/a
0.06878	0.018	saccade	n/a	245.2	79.1	n/a	224.1	81.5	0.84	99.0
0.06882	0.124	fixation	n/a	226.6	81.9	529.0	n/a	n/a	n/a	n/a
0.069072	0.03	saccade	n/a	225.2	81.9	n/a	345.6	91.5	4.82	308.0
0.069136	0.17	fixation	n/a	345.6	91.9	534.0	n/a	n/a	n/a	n/a
0.06948	0.028	saccade	n/a	348.0	90.6	n/a	440.6	87.2	3.73	229.0
0.06954	0.276	fixation	n/a	435.3	88.9	524.0	n/a	n/a	n/a	n/a
0.070096	0.022	saccade	n/a	438.9	87.8	n/a	377.6	86.1	2.47	191.0
0.070144	0.1	fixation	n/a	382.7	86.4	490.0	n/a	n/a	n/a	n/a
0.070268	0.0	trigger_11	11	n/a	n/a	n/a	n/a	n/a	n/a	n/a
0.070292	0.0	trigger_10	10	n/a	n/a	n/a	n/a	n/a	n/a	n/a
0.070348	0.022	saccade	n/a	380.8	84.2	n/a	303.7	78.3	3.11	263.0
0.070396	0.252	fixation	n/a	306.6	82.1	469.0	n/a	n/a	n/a	n/a
0.070904	0.038	saccade	n/a	305.5	83.5	n/a	450.1	82.5	5.81	268.0
0.070984	0.26	fixation	n/a	451.7	81.5	467.0	n/a	n/a	n/a	n/a
0.071508	0.02	saccade	n/a	451.5	84.2	n/a	490.0	81.2	1.55	171.0
0.071552	0.19	fixation	n/a	483.5	81.5	472.0	n/a	n/a	n/a	n/a
0.071936	0.052	saccade	n/a	484.2	82.5	n/a	181.2	125.9	12.18	388.0
0.072044	0.132	fixation	n/a	179.1	126.5	480.0	n/a	n/a	n/a	n/a
0.072312	0.018	saccade	n/a	176.6	128.7	n/a	131.7	137.9	1.8	156.0
0.072352	0.202	fixation	n/a	138.9	139.5	489.0	n/a	n/a	n/a	n/a
0.07276	0.036	saccade	n/a	139.5	140.6	n/a	292.8	147.4	6.07	330.0
0.072836	0.18	fixation	n/a	293.3	145.6	494.0	n/a	n/a	n/a	n/a
0.0732	0.024	saccade	n/a	293.7	145.3	n/a	387.2	147.2	3.76	270.0
0.073252	0.152	fixation	n/a	389.8	148.2	499.0	n/a	n/a	n/a	n/a
0.07336	0.0	trigger_11	11	n/a	n/a	n/a	n/a	n/a	n/a	n/a
0.0734	0.0	trigger_10	10	n/a	n/a	n/a	n/a	n/a	n/a	n/a
0.07356	0.028	saccade	n/a	389.6	146.6	n/a	490.1	145.5	4.04	276.0
0.07362	0.236	fixation	n/a	486.8	146.4	501.0	n/a	n/a	n/a	n/a
0.074096	0.022	saccade	n/a	486.7	147.7	n/a	528.1	141.3	1.68	172.0
0.074144	0.392	fixation	n/a	521.7	145.3	499.0	n/a	n/a	n/a	n/a
0.074932	0.044	saccade	n/a	520.2	146.6	n/a	288.4	119.0	9.34	362.0
0.075024	0.096	fixation	n/a	292.3	116.2	494.0	n/a	n/a	n/a	n/a
0.07522	0.024	saccade	n/a	292.4	116.2	n/a	204.1	73.7	3.91	319.0
0.075272	0.134	fixation	n/a	198.2	78.1	489.0	n/a	n/a	n/a	n/a
0.075544	0.018	saccade	n/a	196.1	78.5	n/a	146.2	81.6	1.96	182.0
0.075584	0.186	fixation	n/a	153.2	84.7	505.0	n/a	n/a	n/a	n/a
0.075692	0.0	trigger_11	11	n/a	n/a	n/a	n/a	n/a	n/a	n/a
0.075704	0.0	trigger_10	10	n/a	n/a	n/a	n/a	n/a	n/a	n/a
0.07596	0.02	saccade	n/a	152.7	84.3	n/a	206.7	76.8	2.14	202.0
0.076004	0.166	fixation	n/a	205.2	79.9	519.0	n/a	n/a	n/a	n/a
0.07634	0.022	saccade	n/a	205.5	79.9	n/a	262.0	81.3	2.24	186.0
0.076388	0.216	fixation	n/a	255.7	81.5	519.0	n/a	n/a	n/a	n/a
0.076824	0.024	saccade	n/a	257.7	85.2	n/a	293.9	149.5	2.99	217.0
0.076876	0.176	fixation	n/a	296.2	148.2	543.0	n/a	n/a	n/a	n/a
0.077232	0.024	saccade	n/a	296.3	147.3	n/a	219.7	146.2	3.05	238.0
0.077284	0.154	fixation	n/a	227.3	150.4	543.0	n/a	n/a	n/a	n/a
0.077596	0.018	saccade	n/a	228.1	152.5	n/a	191.6	146.8	1.46	146.0
0.077636	0.176	fixation	n/a	197.8	147.0	516.0	n/a	n/a	n/a	n/a
0.077992	0.022	saccade	n/a	198.8	145.7	n/a	135.6	140.0	2.49	192.0
0.07804	0.234	fixation	n/a	138.6	141.5	510.0	n/a	n/a	n/a	n/a
0.078512	0.034	saccade	n/a	138.5	143.4	n/a	251.3	155.0	4.47	316.0
0.078584	0.19	fixation	n/a	249.9	155.1	546.0	n/a	n/a	n/a	n/a
0.078968	0.024	saccade	n/a	250.2	156.2	n/a	331.3	151.1	3.25	264.0
0.07902	0.254	fixation	n/a	324.5	155.5	552.0	n/a	n/a	n/a	n/a
0.079532	0.032	saccade	n/a	324.7	155.5	n/a	229.3	93.1	4.58	245.0
0.0796	0.168	fixation	n/a	193.6	82.3	515.0	n/a	n/a	n/a	n/a
0.07994	0.02	saccade	n/a	188.4	80.0	n/a	139.2	83.6	1.93	172.0
0.079984	0.266	fixation	n/a	145.4	83.4	505.0	n/a	n/a	n/a	n/a
0.080156	0.0	trigger_11	11	n/a	n/a	n/a	n/a	n/a	n/a	n/a
0.080176	0.0	trigger_12	12	n/a	n/a	n/a	n/a	n/a	n/a	n/a
0.08052	0.02	saccade	n/a	143.1	83.4	n/a	215.5	78.7	2.86	226.0
0.080564	0.26	fixation	n/a	230.9	82.9	532.0	n/a	n/a	n/a	n/a
0.081088	0.024	saccade	n/a	234.4	84.8	n/a	156.1	84.6	3.09	211.0
0.08114	0.114	fixation	n/a	159.0	85.0	535.0	n/a	n/a	n/a	n/a
0.081372	0.022	saccade	n/a	158.0	84.7	n/a	124.9	87.2	1.3	145.0
0.08142	0.304	fixation	n/a	130.0	85.8	541.0	n/a	n/a	n/a	n/a
0.082032	0.022	saccade	n/a	132.1	86.6	n/a	201.7	78.4	2.75	218.0
0.08208	0.176	fixation	n/a	201.5	81.8	548.0	n/a	n/a	n/a	n/a
0.082436	0.02	saccade	n/a	202.7	82.9	n/a	260.9	82.5	2.31	207.0
0.08248	0.174	fixation	n/a	260.0	84.7	546.0	n/a	n/a	n/a	n/a
0.082832	0.028	saccade	n/a	260.3	84.1	n/a	352.3	86.6	3.69	245.0
0.082892	0.21	fixation	n/a	346.6	88.9	528.0	n/a	n/a	n/a	n/a
0.083316	0.03	saccade	n/a	347.4	91.1	n/a	442.1	91.0	3.81	240.0
0.08338	0.25	fixation	n/a	442.3	90.4	515.0	n/a	n/a	n/a	n/a
0.083884	0.034	saccade	n/a	443.6	88.8	n/a	304.1	80.4	5.62	289.0
0.083956	0.208	fixation	n/a	306.5	77.5	478.0	n/a	n/a	n/a	n/a
0.084376	0.034	saccade	n/a	305.2	77.1	n/a	166.7	85.9	5.51	269.0
0.084448	0.264	fixation	n/a	165.0	84.6	467.0	n/a	n/a	n/a	n/a
0.08498	0.03	saccade	n/a	163.3	85.5	n/a	275.7	78.5	4.46	253.0
0.085044	0.16	fixation	n/a	278.5	78.9	475.0	n/a	n/a	n/a	n/a
0.085368	0.018	saccade	n/a	280.2	80.5	n/a	242.9	80.8	1.49	133.0
0.085408	0.19	fixation	n/a	248.4	81.4	494.0	n/a	n/a	n/a	n/a
0.085792	0.028	saccade	n/a	247.1	83.0	n/a	370.0	88.6	4.93	330.0
0.085852	0.444	fixation	n/a	368.9	88.8	516.0	n/a	n/a	n/a	n/a
0.086744	0.03	saccade	n/a	370.9	89.5	n/a	243.6	82.1	5.11	291.0
0.086808	0.178	fixation	n/a	248.3	82.6	504.0	n/a	n/a	n/a	n/a
0.087168	0.018	saccade	n/a	249.0	82.5	n/a	205.5	83.4	1.73	149.0
0.087208	0.16	fixation	n/a	209.7	83.9	514.0	n/a	n/a	n/a	n/a
0.087532	0.03	saccade	n/a	208.7	84.3	n/a	333.2	86.3	4.96	299.0
0.087596	0.18	fixation	n/a	333.9	87.0	518.0	n/a	n/a	n/a	n/a
0.08796	0.026	saccade	n/a	334.3	87.1	n/a	430.0	88.6	3.85	284.0
0.088016	0.162	fixation	n/a	425.7	88.2	519.0	n/a	n/a	n/a	n/a
0.088344	0.022	saccade	n/a	424.2	87.6	n/a	497.8	85.7	2.96	253.0
0.088392	0.154	fixation	n/a	490.4	88.9	514.0	n/a	n/a	n/a	n/a
0.088704	0.044	saccade	n/a	488.6	91.5	n/a	612.9	89.0	4.94	325.0
0.088796	0.148	fixation	n/a	624.0	86.2	508.0	n/a	n/a	n/a	n/a
0.089096	0.064	saccade	n/a	626.5	87.2	n/a	215.2	144.7	16.39	439.0
0.089228	0.13	fixation	n/a	221.4	145.1	514.0	n/a	n/a	n/a	n/a
0.089492	0.022	saccade	n/a	220.4	144.4	n/a	151.6	138.6	2.72	232.0
0.08954	0.19	fixation	n/a	159.8	139.2	502.0	n/a	n/a	n/a	n/a
0.089612	0.0	trigger_13	13	n/a	n/a	n/a	n/a	n/a	n/a	n/a
0.08964	0.0	trigger_10	10	n/a	n/a	n/a	n/a	n/a	n/a	n/a
0.089924	0.038	saccade	n/a	159.2	138.2	n/a	308.9	145.5	5.95	290.0
0.090004	0.204	fixation	n/a	306.9	143.6	518.0	n/a	n/a	n/a	n/a
0.090416	0.02	saccade	n/a	306.9	142.5	n/a	378.5	145.5	2.88	246.0
0.09046	0.096	fixation	n/a	378.8	147.9	523.0	n/a	n/a	n/a	n/a
0.090656	0.03	saccade	n/a	378.0	147.7	n/a	498.5	142.8	4.85	311.0
0.09072	0.21	fixation	n/a	493.9	145.5	519.0	n/a	n/a	n/a	n/a
0.091144	0.052	saccade	n/a	495.1	147.1	n/a	168.9	209.4	13.19	417.0
0.091252	0.284	fixation	n/a	173.3	211.2	524.0	n/a	n/a	n/a	n/a
0.091824	0.024	saccade	n/a	174.1	210.7	n/a	151.6	120.0	3.75	288.0
0.091876	0.206	fixation	n/a	153.8	87.9	475.0	n/a	n/a	n/a	n/a
0.092292	0.024	saccade	n/a	155.5	85.6	n/a	251.9	76.4	3.83	251.0
0.092344	0.208	fixation	n/a	262.0	78.2	458.0	n/a	n/a	n/a	n/a
0.092764	0.022	saccade	n/a	263.2	79.9	n/a	218.9	81.8	1.77	174.0
0.092812	0.292	fixation	n/a	221.2	81.3	471.0	n/a	n/a	n/a	n/a
0.09294	0.0	trigger_11	11	n/a	n/a	n/a	n/a	n/a	n/a	n/a
0.092968	0.0	trigger_10	10	n/a	n/a	n/a	n/a	n/a	n/a	n/a
0.0934	0.034	saccade	n/a	220.1	82.8	n/a	304.2	79.5	3.36	202.0
0.093472	0.056	fixation	n/a	299.8	78.3	451.0	n/a	n/a	n/a	n/a
0.093588	0.036	saccade	n/a	301.1	77.7	n/a	144.7	80.7	6.2	273.0
0.093664	0.308	fixation	n/a	137.6	83.7	459.0	n/a	n/a	n/a	n/a
0.094284	0.022	saccade	n/a	136.9	84.3	n/a	208.5	80.1	2.81	228.0
0.094332	0.15	fixation	n/a	212.6	81.9	479.0	n/a	n/a	n/a	n/a
0.094636	0.026	saccade	n/a	212.8	83.4	n/a	323.5	80.1	4.42	281.0
0.094692	0.206	fixation	n/a	328.5	84.5	483.0	n/a	n/a	n/a	n/a
0.094988	0.0	trigger_11	11	n/a	n/a	n/a	n/a	n/a	n/a	n/a
0.095012	0.0	trigger_10	10	n/a	n/a	n/a	n/a	n/a	n/a	n/a
0.095108	0.022	saccade	n/a	328.6	86.9	n/a	401.4	82.5	2.94	212.0
0.095156	0.18	fixation	n/a	405.6	83.2	484.0	n/a	n/a	n/a	n/a
0.09552	0.024	saccade	n/a	405.2	81.2	n/a	481.7	73.7	3.09	223.0
0.095572	0.146	fixation	n/a	478.9	78.5	480.0	n/a	n/a	n/a	n/a
0.095868	0.016	saccade	n/a	480.5	80.5	n/a	515.1	80.4	1.39	139.0
0.095904	0.068	fixation	n/a	507.8	80.4	478.0	n/a	n/a	n/a	n/a
0.096044	0.054	saccade	n/a	509.0	76.9	n/a	160.1	132.7	14.0	445.0
0.096156	0.292	fixation	n/a	158.6	136.9	479.0	n/a	n/a	n/a	n/a
0.096744	0.028	saccade	n/a	157.1	138.6	n/a	294.4	141.0	5.44	341.0
0.096804	0.242	fixation	n/a	301.8	142.4	479.0	n/a	n/a	n/a	n/a
0.097036	0.0	trigger_11	11	n/a	n/a	n/a	n/a	n/a	n/a	n/a
0.097056	0.0	trigger_10	10	n/a	n/a	n/a	n/a	n/a	n/a	n/a
0.097292	0.022	saccade	n/a	303.4	144.0	n/a	384.6	147.1	3.27	258.0
0.09734	0.234	fixation	n/a	375.8	149.9	496.0	n/a	n/a	n/a	n/a
0.097812	0.036	saccade	n/a	375.2	149.4	n/a	537.5	146.1	6.51	295.0
0.097888	0.19	fixation	n/a	534.3	147.2	494.0	n/a	n/a	n/a	n/a
0.098272	0.024	saccade	n/a	536.5	146.7	n/a	604.9	143.0	2.72	214.0
0.098324	0.15	fixation	n/a	597.8	145.6	476.0	n/a	n/a	n/a	n/a
0.098628	0.068	saccade	n/a	598.7	145.2	n/a	127.9	186.0	18.5	408.0
0.098768	0.344	fixation	n/a	126.0	195.4	457.0	n/a	n/a	n/a	n/a
0.099392	0.0	trigger_11	11	n/a	n/a	n/a	n/a	n/a	n/a	n/a
0.099404	0.0	trigger_12	12	n/a	n/a	n/a	n/a	n/a	n/a	n/a
0.09946	0.03	saccade	n/a	126.2	191.0	n/a	190.7	79.9	5.13	326.0
0.099524	0.278	fixation	n/a	203.0	78.8	461.0	n/a	n/a	n/a	n/a
0.100084	0.022	saccade	n/a	202.8	80.0	n/a	140.6	80.2	2.44	190.0
0.100132	0.256	fixation	n/a	141.5	81.9	486.0	n/a	n/a	n/a	n/a
0.100648	0.024	saccade	n/a	140.5	83.1	n/a	229.7	78.0	3.52	256.0
0.1007	0.218	fixation	n/a	241.8	80.7	501.0	n/a	n/a	n/a	n/a
0.10114	0.032	saccade	n/a	242.7	81.9	n/a	396.8	91.3	6.19	359.0
0.101208	0.198	fixation	n/a	399.0	90.4	517.0	n/a	n/a	n/a	n/a
0.101608	0.022	saccade	n/a	402.5	90.7	n/a	469.8	85.8	2.72	218.0
0.101656	0.12	fixation	n/a	462.7	84.5	519.0	n/a	n/a	n/a	n/a
0.1019	0.026	saccade	n/a	463.6	82.9	n/a	554.1	84.5	3.62	283.0
0.101956	0.354	fixation	n/a	546.8	84.7	496.0	n/a	n/a	n/a	n/a
0.102668	0.052	saccade	n/a	546.3	84.6	n/a	194.5	94.6	13.97	458.0
0.102776	0.126	fixation	n/a	196.0	95.9	471.0	n/a	n/a	n/a	n/a
0.103032	0.02	saccade	n/a	194.1	97.1	n/a	248.3	81.5	2.24	186.0
0.103076	0.152	fixation	n/a	251.0	82.2	464.0	n/a	n/a	n/a	n/a
0.103384	0.024	saccade	n/a	252.9	82.0	n/a	178.8	82.0	2.93	214.0
0.103436	0.144	fixation	n/a	183.6	82.6	480.0	n/a	n/a	n/a	n/a
0.103728	0.02	saccade	n/a	182.6	83.5	n/a	142.8	83.7	1.56	160.0
0.103772	0.234	fixation	n/a	146.4	84.3	497.0	n/a	n/a	n/a	n/a
0.104244	0.01	saccade	n/a	143.7	84.4	n/a	124.9	84.3	0.73	78.0
0.104268	0.266	fixation	n/a	130.8	84.3	495.0	n/a	n/a	n/a	n/a
0.104804	0.02	saccade	n/a	130.9	84.9	n/a	193.5	82.7	2.46	206.0
0.104848	0.254	fixation	n/a	192.0	83.4	503.0	n/a	n/a	n/a	n/a
0.10536	0.02	saccade	n/a	191.3	82.6	n/a	253.2	77.4	2.47	215.0
0.105404	0.15	fixation	n/a	250.2	79.0	504.0	n/a	n/a	n/a	n/a
0.105708	0.022	saccade	n/a	249.5	79.0	n/a	320.2	79.2	2.83	219.0
0.105756	0.106	fixation	n/a	321.7	81.0	509.0	n/a	n/a	n/a	n/a
0.105972	0.028	saccade	n/a	322.9	82.9	n/a	435.5	90.2	4.54	293.0
0.106032	0.126	fixation	n/a	431.7	89.9	507.0	n/a	n/a	n/a	n/a
0.106188	0.0	trigger_13	13	n/a	n/a	n/a	n/a	n/a	n/a	n/a
0.10622	0.0	trigger_10	10	n/a	n/a	n/a	n/a	n/a	n/a	n/a
0.106288	0.024	saccade	n/a	432.6	86.9	n/a	525.4	82.0	3.73	303.0
0.10634	0.214	fixation	n/a	516.2	84.2	488.0	n/a	n/a	n/a	n/a
0.106772	0.024	saccade	n/a	515.2	85.5	n/a	600.6	75.9	3.42	245.0
0.106824	0.114	fixation	n/a	595.3	76.2	472.0	n/a	n/a	n/a	n/a
0.107056	0.064	saccade	n/a	595.9	78.4	n/a	125.3	135.8	18.6	453.0
0.107188	0.18	fixation	n/a	127.2	139.4	480.0	n/a	n/a	n/a	n/a
0.107552	0.022	saccade	n/a	124.2	139.2	n/a	169.0	83.4	2.85	236.0
0.1076	0.31	fixation	n/a	190.2	80.5	458.0	n/a	n/a	n/a	n/a
0.108224	0.02	saccade	n/a	193.3	80.7	n/a	146.4	82.3	1.84	151.0
0.108236	0.0	trigger_11	11	n/a	n/a	n/a	n/a	n/a	n/a	n/a
0.108264	0.0	trigger_10	10	n/a	n/a	n/a	n/a	n/a	n/a	n/a
0.108268	0.206	fixation	n/a	151.7	82.7	459.0	n/a	n/a	n/a	n/a
0.108684	0.19	saccade	n/a	145.4	88.9	n/a	133.1	76.9	0.68	372.0
0.108744	0.136	blink	n/a	n/a	n/a	n/a	n/a	n/a	n/a	n/a
0.109068	0.212	fixation	n/a	124.9	76.4	476.0	n/a	n/a	n/a	n/a
0.109496	0.022	saccade	n/a	126.9	71.1	n/a	197.1	70.2	2.75	228.0
0.109544	0.158	fixation	n/a	201.9	76.1	450.0	n/a	n/a	n/a	n/a
0.109864	0.034	saccade	n/a	203.4	76.4	n/a	297.6	76.0	3.75	209.0
0.109936	0.178	fixation	n/a	295.7	77.6	421.0	n/a	n/a	n/a	n/a
0.110296	0.024	saccade	n/a	296.1	76.8	n/a	373.6	81.2	3.12	230.0
0.110348	0.16	fixation	n/a	370.1	88.5	429.0	n/a	n/a	n/a	n/a
0.110672	0.02	saccade	n/a	372.0	94.5	n/a	427.4	74.4	2.38	180.0
0.110716	0.16	fixation	n/a	431.5	76.2	429.0	n/a	n/a	n/a	n/a
0.11104	0.024	saccade	n/a	433.2	73.9	n/a	512.5	71.6	3.19	231.0
0.111092	0.162	fixation	n/a	512.7	74.9	414.0	n/a	n/a	n/a	n/a
0.11142	0.018	saccade	n/a	511.2	71.4	n/a	554.1	66.9	1.72	150.0
0.11146	0.078	fixation	n/a	546.0	68.0	412.0	n/a	n/a	n/a	n/a
0.11162	0.05	saccade	n/a	545.1	70.0	n/a	188.9	127.9	14.3	438.0
0.111724	0.142	fixation	n/a	188.4	131.4	441.0	n/a	n/a	n/a	n/a
0.112012	0.018	saccade	n/a	186.1	135.3	n/a	138.2	137.9	1.88	162.0
0.112052	0.172	fixation	n/a	146.5	140.1	465.0	n/a	n/a	n/a	n/a
0.112256	0.0	trigger_11	11	n/a	n/a	n/a	n/a	n/a	n/a	n/a
0.112276	0.0	trigger_10	10	n/a	n/a	n/a	n/a	n/a	n/a	n/a
0.1124	0.032	saccade	n/a	147.0	141.8	n/a	318.1	142.6	6.78	371.0
0.112468	0.184	fixation	n/a	317.1	145.0	494.0	n/a	n/a	n/a	n/a
0.11284	0.028	saccade	n/a	320.1	145.2	n/a	432.0	147.6	4.5	302.0
0.1129	0.216	fixation	n/a	429.9	145.7	507.0	n/a	n/a	n/a	n/a
0.113336	0.026	saccade	n/a	432.3	142.2	n/a	525.1	137.5	3.73	242.0
0.113392	0.244	fixation	n/a	522.9	143.8	468.0	n/a	n/a	n/a	n/a
0.113884	0.018	saccade	n/a	525.6	146.3	n/a	482.1	146.1	1.74	163.0
0.113924	0.15	fixation	n/a	487.7	148.3	455.0	n/a	n/a	n/a	n/a
0.114228	0.024	saccade	n/a	485.5	149.1	n/a	570.8	144.1	3.41	267.0
0.11428	0.17	fixation	n/a	568.0	145.0	446.0	n/a	n/a	n/a	n/a
0.114624	0.02	saccade	n/a	567.7	145.6	n/a	616.3	145.2	1.92	150.0
0.114668	0.136	fixation	n/a	610.7	146.4	444.0	n/a	n/a	n/a	n/a
0.114944	0.062	saccade	n/a	611.9	147.0	n/a	195.6	195.1	16.5	417.0
0.114968	0.0	trigger_11	11	n/a	n/a	n/a	n/a	n/a	n/a	n/a
0.115004	0.0	trigger_10	10	n/a	n/a	n/a	n/a	n/a	n/a	n/a
0.115072	0.134	fixation	n/a	196.8	198.9	448.0	n/a	n/a	n/a	n/a
0.115344	0.024	saccade	n/a	194.4	198.9	n/a	129.5	194.3	2.54	214.0
0.115396	0.122	fixation	n/a	137.6	196.2	454.0	n/a	n/a	n/a	n/a
0.115644	0.03	saccade	n/a	134.6	194.7	n/a	281.8	208.4	5.83	349.0
0.115708	0.172	fixation	n/a	287.2	208.8	474.0	n/a	n/a	n/a	n/a
0.116056	0.028	saccade	n/a	287.2	210.2	n/a	417.7	202.4	5.24	330.0
0.116116	0.172	fixation	n/a	422.2	203.4	485.0	n/a	n/a	n/a	n/a
0.116464	0.024	saccade	n/a	423.4	206.6	n/a	510.4	201.7	3.49	270.0
0.116516	0.292	fixation	n/a	508.5	202.4	469.0	n/a	n/a	n/a	n/a
0.117104	0.046	saccade	n/a	508.7	204.1	n/a	288.7	256.6	9.04	353.0
0.1172	0.144	fixation	n/a	291.5	260.0	469.0	n/a	n/a	n/a	n/a
0.117492	0.022	saccade	n/a	293.1	265.0	n/a	228.6	267.9	2.56	191.0
0.11754	0.124	fixation	n/a	229.6	269.1	478.0	n/a	n/a	n/a	n/a
0.117792	0.02	saccade	n/a	229.8	273.2	n/a	164.8	273.0	2.55	205.0
0.117836	0.2	fixation	n/a	156.1	273.3	479.0	n/a	n/a	n/a	n/a
0.117888	0.0	trigger_11	11	n/a	n/a	n/a	n/a	n/a	n/a	n/a
0.117912	0.0	trigger_12	12	n/a	n/a	n/a	n/a	n/a	n/a	n/a
0.11824	0.034	saccade	n/a	153.1	272.3	n/a	197.7	97.9	7.21	376.0
0.118312	0.212	fixation	n/a	199.8	93.4	451.0	n/a	n/a	n/a	n/a
0.11874	0.02	saccade	n/a	200.0	91.6	n/a	254.0	77.3	2.22	170.0
0.118784	0.088	fixation	n/a	258.4	79.3	446.0	n/a	n/a	n/a	n/a
0.118964	0.03	saccade	n/a	259.1	79.6	n/a	132.3	79.0	4.99	287.0
0.119028	0.29	fixation	n/a	131.6	81.0	475.0	n/a	n/a	n/a	n/a
0.119612	0.018	saccade	n/a	130.4	82.3	n/a	111.3	81.0	0.74	96.0
0.119652	0.246	fixation	n/a	113.5	83.1	505.0	n/a	n/a	n/a	n/a
0.120148	0.02	saccade	n/a	112.9	84.4	n/a	174.1	78.5	2.4	209.0
0.120192	0.24	fixation	n/a	178.7	82.3	537.0	n/a	n/a	n/a	n/a
0.120676	0.022	saccade	n/a	177.5	83.3	n/a	240.6	79.5	2.5	196.0
0.120724	0.094	fixation	n/a	235.6	82.1	523.0	n/a	n/a	n/a	n/a
0.120916	0.024	saccade	n/a	236.9	82.3	n/a	328.8	88.3	3.68	281.0
0.120968	0.146	fixation	n/a	331.5	88.7	525.0	n/a	n/a	n/a	n/a
0.121264	0.026	saccade	n/a	331.6	88.4	n/a	428.2	89.2	3.89	295.0
0.12132	0.152	fixation	n/a	420.6	92.7	529.0	n/a	n/a	n/a	n/a
0.121628	0.058	saccade	n/a	422.7	94.7	n/a	166.2	135.1	10.33	369.0
0.121748	0.248	fixation	n/a	155.6	135.5	508.0	n/a	n/a	n/a	n/a
0.122248	0.034	saccade	n/a	153.6	136.4	n/a	298.9	153.1	5.78	319.0
0.12232	0.212	fixation	n/a	299.7	151.4	515.0	n/a	n/a	n/a	n/a
0.122748	0.022	saccade	n/a	302.2	150.9	n/a	239.3	147.5	2.52	212.0
0.122796	0.448	fixation	n/a	247.4	148.5	497.0	n/a	n/a	n/a	n/a
0.123376	0.0	trigger_13	13	n/a	n/a	n/a	n/a	n/a	n/a	n/a
0.123404	0.0	trigger_10	10	n/a	n/a	n/a	n/a	n/a	n/a	n/a
0.123696	0.034	saccade	n/a	246.1	146.1	n/a	197.9	96.7	2.77	210.0
0.123768	0.156	fixation	n/a	202.1	93.4	479.0	n/a	n/a	n/a	n/a
0.124084	0.036	saccade	n/a	201.8	92.6	n/a	290.3	79.5	3.56	198.0
0.12416	0.116	fixation	n/a	283.4	80.6	474.0	n/a	n/a	n/a	n/a
0.124396	0.034	saccade	n/a	284.8	80.7	n/a	400.5	88.9	4.66	262.0
0.124468	0.172	fixation	n/a	396.9	86.6	486.0	n/a	n/a	n/a	n/a
0.124816	0.024	saccade	n/a	398.5	88.8	n/a	471.2	85.1	2.93	221.0
0.124868	0.184	fixation	n/a	466.8	84.4	481.0	n/a	n/a	n/a	n/a
0.12524	0.02	saccade	n/a	465.7	83.9	n/a	524.5	83.3	2.36	182.0
0.125284	0.126	fixation	n/a	518.6	85.1	472.0	n/a	n/a	n/a	n/a
0.12554	0.066	saccade	n/a	517.2	88.0	n/a	133.6	144.7	15.31	349.0
0.125676	0.236	fixation	n/a	135.6	144.6	487.0	n/a	n/a	n/a	n/a
0.126152	0.024	saccade	n/a	133.6	144.3	n/a	233.0	139.1	3.91	302.0
0.126204	0.212	fixation	n/a	239.6	135.7	467.0	n/a	n/a	n/a	n/a
0.126632	0.02	saccade	n/a	243.3	133.8	n/a	303.8	134.3	2.42	223.0
0.126676	0.26	fixation	n/a	298.9	135.6	457.0	n/a	n/a	n/a	n/a
0.126816	0.0	trigger_11	11	n/a	n/a	n/a	n/a	n/a	n/a	n/a
0.126832	0.0	trigger_10	10	n/a	n/a	n/a	n/a	n/a	n/a	n/a
0.1272	0.034	saccade	n/a	299.7	134.3	n/a	172.4	98.0	5.27	277.0
0.127272	0.15	fixation	n/a	176.0	96.1	451.0	n/a	n/a	n/a	n/a
0.127576	0.01	saccade	n/a	176.3	95.1	n/a	188.3	84.3	0.64	66.0
0.1276	0.13	fixation	n/a	187.9	84.8	454.0	n/a	n/a	n/a	n/a
0.127864	0.024	saccade	n/a	187.3	85.4	n/a	280.3	77.7	3.7	274.0
0.127916	0.182	fixation	n/a	285.6	78.4	457.0	n/a	n/a	n/a	n/a
0.128284	0.032	saccade	n/a	287.7	79.5	n/a	427.7	83.1	5.62	297.0
0.128352	0.216	fixation	n/a	421.6	84.9	466.0	n/a	n/a	n/a	n/a
0.128788	0.026	saccade	n/a	421.2	83.9	n/a	527.7	81.4	4.28	282.0
0.128844	0.21	fixation	n/a	528.1	81.5	456.0	n/a	n/a	n/a	n/a
0.129248	0.0	trigger_11	11	n/a	n/a	n/a	n/a	n/a	n/a	n/a
0.129268	0.02	saccade	n/a	528.0	81.4	n/a	570.6	82.6	1.7	160.0
0.129276	0.0	trigger_10	10	n/a	n/a	n/a	n/a	n/a	n/a	n/a
0.129312	0.07	fixation	n/a	562.9	85.9	458.0	n/a	n/a	n/a	n/a
0.129456	0.064	saccade	n/a	564.1	85.5	n/a	118.2	126.7	17.57	476.0
0.129588	0.25	fixation	n/a	118.1	132.8	460.0	n/a	n/a	n/a	n/a
0.130092	0.022	saccade	n/a	117.0	133.7	n/a	127.8	80.8	2.17	142.0
0.13014	0.26	fixation	n/a	147.3	78.5	464.0	n/a	n/a	n/a	n/a
0.130664	0.018	saccade	n/a	149.8	80.3	n/a	193.1	80.3	1.7	152.0
0.130704	0.202	fixation	n/a	190.0	80.9	490.0	n/a	n/a	n/a	n/a
0.131112	0.032	saccade	n/a	188.5	81.6	n/a	282.9	79.5	3.75	223.0
0.13118	0.134	fixation	n/a	277.8	78.9	492.0	n/a	n/a	n/a	n/a
0.131452	0.024	saccade	n/a	276.3	79.5	n/a	368.7	83.8	3.71	261.0
0.131504	0.156	fixation	n/a	380.6	84.5	487.0	n/a	n/a	n/a	n/a
0.13182	0.022	saccade	n/a	382.1	84.2	n/a	464.3	83.8	3.31	232.0
0.131868	0.16	fixation	n/a	474.1	86.8	477.0	n/a	n/a	n/a	n/a
0.132192	0.042	saccade	n/a	476.6	84.5	n/a	267.4	135.5	8.64	323.0
0.13228	0.146	fixation	n/a	268.3	138.9	476.0	n/a	n/a	n/a	n/a
0.132576	0.038	saccade	n/a	268.0	141.4	n/a	447.9	148.8	7.22	339.0
0.132656	0.212	fixation	n/a	449.8	151.7	487.0	n/a	n/a	n/a	n/a
0.133084	0.026	saccade	n/a	451.4	153.4	n/a	550.9	141.3	4.01	257.0
0.13314	0.174	fixation	n/a	547.0	140.4	455.0	n/a	n/a	n/a	n/a
0.133492	0.042	saccade	n/a	549.1	137.7	n/a	339.7	197.4	8.72	344.0
0.13358	0.188	fixation	n/a	347.3	202.5	450.0	n/a	n/a	n/a	n/a
0.133888	0.0	trigger_11	11	n/a	n/a	n/a	n/a	n/a	n/a	n/a
0.133908	0.0	trigger_10	10	n/a	n/a	n/a	n/a	n/a	n/a	n/a
0.13396	0.026	saccade	n/a	346.9	206.2	n/a	441.2	210.7	3.79	240.0
0.134016	0.16	fixation	n/a	444.5	210.6	463.0	n/a	n/a	n/a	n/a
0.13434	0.024	saccade	n/a	445.0	211.6	n/a	523.1	202.2	3.15	242.0
0.134392	0.174	fixation	n/a	520.6	202.1	453.0	n/a	n/a	n/a	n/a
0.134744	0.018	saccade	n/a	519.0	201.5	n/a	557.4	198.3	1.54	148.0
0.134784	0.186	fixation	n/a	550.7	197.6	455.0	n/a	n/a	n/a	n/a
0.13516	0.024	saccade	n/a	552.2	200.0	n/a	460.7	205.8	3.66	276.0
0.135212	0.074	fixation	n/a	461.6	206.3	465.0	n/a	n/a	n/a	n/a
0.135364	0.024	saccade	n/a	461.1	204.7	n/a	394.5	209.6	2.68	211.0
0.135416	0.222	fixation	n/a	400.1	211.3	491.0	n/a	n/a	n/a	n/a
0.135864	0.014	saccade	n/a	400.3	212.3	n/a	371.5	214.3	1.16	116.0
0.135896	0.212	fixation	n/a	376.9	212.7	522.0	n/a	n/a	n/a	n/a
0.136324	0.024	saccade	n/a	376.3	211.9	n/a	458.2	203.3	3.31	260.0
0.136376	0.134	fixation	n/a	455.7	204.9	521.0	n/a	n/a	n/a	n/a
0.136648	0.024	saccade	n/a	457.2	204.2	n/a	530.9	197.2	2.96	242.0
0.1367	0.194	fixation	n/a	523.3	200.7	520.0	n/a	n/a	n/a	n/a
0.137092	0.016	saccade	n/a	521.7	196.6	n/a	494.1	202.1	1.12	131.0
0.137128	0.212	fixation	n/a	501.6	202.3	520.0	n/a	n/a	n/a	n/a
0.137556	0.056	saccade	n/a	503.4	201.8	n/a	252.5	109.5	10.7	335.0
0.137672	0.126	fixation	n/a	257.1	108.4	481.0	n/a	n/a	n/a	n/a
0.137928	0.018	saccade	n/a	254.4	106.8	n/a	212.7	91.1	1.78	150.0
0.137968	0.214	fixation	n/a	208.0	88.2	462.0	n/a	n/a	n/a	n/a
0.1384	0.024	saccade	n/a	207.3	88.0	n/a	281.9	78.4	2.99	223.0
0.138452	0.31	fixation	n/a	285.2	79.5	464.0	n/a	n/a	n/a	n/a
0.139076	0.024	saccade	n/a	285.1	79.4	n/a	378.0	77.5	3.73	272.0
0.139128	0.182	fixation	n/a	376.3	81.2	443.0	n/a	n/a	n/a	n/a
0.139496	0.2	saccade	n/a	372.6	91.6	n/a	463.5	87.7	3.66	396.0
0.139576	0.14	blink	n/a	n/a	n/a	n/a	n/a	n/a	n/a	n/a
0.1399	0.198	fixation	n/a	472.9	83.4	434.0	n/a	n/a	n/a	n/a
0.1403	0.022	saccade	n/a	468.2	83.0	n/a	537.9	82.8	2.79	238.0
0.140348	0.334	fixation	n/a	531.7	75.7	426.0	n/a	n/a	n/a	n/a
0.14102	0.054	saccade	n/a	532.9	71.4	n/a	190.4	128.5	13.79	414.0
0.141132	0.452	fixation	n/a	186.8	132.6	455.0	n/a	n/a	n/a	n/a
0.141504	0.0	trigger_11	11	n/a	n/a	n/a	n/a	n/a	n/a	n/a
0.141528	0.0	trigger_10	10	n/a	n/a	n/a	n/a	n/a	n/a	n/a
0.14204	0.036	saccade	n/a	186.0	135.1	n/a	263.9	86.5	3.67	197.0
0.142116	0.148	fixation	n/a	262.2	85.6	467.0	n/a	n/a	n/a	n/a
0.142416	0.028	saccade	n/a	263.1	84.7	n/a	369.4	75.6	4.29	285.0
0.142476	0.2	fixation	n/a	368.6	78.3	471.0	n/a	n/a	n/a	n/a
0.14288	0.032	saccade	n/a	368.9	79.2	n/a	489.5	79.4	4.85	277.0
0.142948	0.222	fixation	n/a	486.4	81.0	475.0	n/a	n/a	n/a	n/a
0.143396	0.024	saccade	n/a	483.9	81.3	n/a	576.5	81.2	3.7	242.0
0.143448	0.196	fixation	n/a	576.6	83.9	476.0	n/a	n/a	n/a	n/a
0.143844	0.018	saccade	n/a	579.7	82.3	n/a	602.0	83.9	0.89	100.0
0.143884	0.028	fixation	n/a	596.8	87.2	477.0	n/a	n/a	n/a	n/a
0.143944	0.062	saccade	n/a	598.6	87.7	n/a	164.3	129.5	17.18	441.0
0.144072	0.08	fixation	n/a	166.2	131.8	489.0	n/a	n/a	n/a	n/a
0.144236	0.022	saccade	n/a	165.6	134.4	n/a	100.5	140.1	2.54	217.0
0.144284	0.152	fixation	n/a	111.3	141.3	490.0	n/a	n/a	n/a	n/a
0.144592	0.024	saccade	n/a	110.5	141.1	n/a	204.5	135.2	3.69	271.0
0.144644	0.298	fixation	n/a	204.7	136.8	480.0	n/a	n/a	n/a	n/a
0.145244	0.018	saccade	n/a	205.6	133.7	n/a	212.1	81.4	2.13	177.0
0.145284	0.166	fixation	n/a	220.4	74.0	459.0	n/a	n/a	n/a	n/a
0.14562	0.022	saccade	n/a	222.7	73.6	n/a	166.6	78.7	2.22	186.0
0.145668	0.188	fixation	n/a	170.8	82.0	464.0	n/a	n/a	n/a	n/a
0.146048	0.02	saccade	n/a	170.7	82.8	n/a	133.5	82.7	1.45	142.0
0.146092	0.146	fixation	n/a	139.4	84.0	484.0	n/a	n/a	n/a	n/a
0.146388	0.018	saccade	n/a	138.8	84.7	n/a	113.5	86.2	0.99	117.0
0.146428	0.166	fixation	n/a	118.4	86.0	491.0	n/a	n/a	n/a	n/a
0.146764	0.02	saccade	n/a	118.0	86.5	n/a	175.7	82.2	2.26	206.0
0.146808	0.222	fixation	n/a	173.3	84.9	509.0	n/a	n/a	n/a	n/a
0.147088	0.0	trigger_11	11	n/a	n/a	n/a	n/a	n/a	n/a	n/a
0.147104	0.0	trigger_12	12	n/a	n/a	n/a	n/a	n/a	n/a	n/a
0.147256	0.02	saccade	n/a	175.7	84.5	n/a	215.1	80.2	1.57	166.0
0.1473	0.106	fixation	n/a	209.7	81.4	489.0	n/a	n/a	n/a	n/a
0.147516	0.022	saccade	n/a	209.6	79.9	n/a	266.0	78.3	2.24	185.0
0.147564	0.222	fixation	n/a	267.4	78.9	471.0	n/a	n/a	n/a	n/a
0.148012	0.02	saccade	n/a	269.9	79.1	n/a	329.0	80.1	2.37	201.0
0.148056	0.198	fixation	n/a	325.8	83.0	478.0	n/a	n/a	n/a	n/a
0.148456	0.02	saccade	n/a	326.6	84.2	n/a	272.0	81.9	2.19	182.0
0.1485	0.134	fixation	n/a	279.9	81.7	475.0	n/a	n/a	n/a	n/a
0.148772	0.034	saccade	n/a	278.4	82.4	n/a	417.9	89.6	5.61	309.0
0.148844	0.158	fixation	n/a	416.4	92.0	490.0	n/a	n/a	n/a	n/a
0.149164	0.024	saccade	n/a	417.1	94.1	n/a	494.6	91.4	3.12	258.0
0.149216	0.168	fixation	n/a	487.5	92.4	497.0	n/a	n/a	n/a	n/a
0.149556	0.022	saccade	n/a	489.8	89.8	n/a	407.6	93.3	3.31	230.0
0.149604	0.196	fixation	n/a	404.9	93.0	477.0	n/a	n/a	n/a	n/a
0.15	0.022	saccade	n/a	404.6	93.9	n/a	471.8	85.1	2.73	205.0
0.150048	0.178	fixation	n/a	472.5	89.0	456.0	n/a	n/a	n/a	n/a
0.150408	0.026	saccade	n/a	473.3	89.6	n/a	365.4	85.8	4.34	278.0
0.150464	0.254	fixation	n/a	355.6	89.8	469.0	n/a	n/a	n/a	n/a
0.150976	0.02	saccade	n/a	353.9	91.9	n/a	413.5	92.7	2.4	216.0
0.15102	0.174	fixation	n/a	406.9	97.5	498.0	n/a	n/a	n/a	n/a
0.151372	0.02	saccade	n/a	406.5	97.4	n/a	471.2	92.0	2.61	212.0
0.151416	0.196	fixation	n/a	461.6	95.5	499.0	n/a	n/a	n/a	n/a
0.151812	0.018	saccade	n/a	462.5	94.1	n/a	508.9	94.4	1.86	170.0
0.151852	0.26	fixation	n/a	505.4	93.3	494.0	n/a	n/a	n/a	n/a
0.15208	0.0	trigger_13	13	n/a	n/a	n/a	n/a	n/a	n/a	n/a
0.152096	0.0	trigger_10	10	n/a	n/a	n/a	n/a	n/a	n/a	n/a
0.152376	0.046	saccade	n/a	507.7	92.3	n/a	260.6	100.3	9.87	322.0
0.152472	0.108	fixation	n/a	264.7	99.2	483.0	n/a	n/a	n/a	n/a
0.152692	0.02	saccade	n/a	263.8	99.8	n/a	195.2	88.8	2.76	227.0
0.152736	0.172	fixation	n/a	180.4	90.7	480.0	n/a	n/a	n/a	n/a
0.153084	0.02	saccade	n/a	179.2	90.3	n/a	138.4	87.1	1.6	150.0
0.153128	0.172	fixation	n/a	144.7	86.3	471.0	n/a	n/a	n/a	n/a
0.153476	0.02	saccade	n/a	144.1	85.8	n/a	215.1	79.6	2.81	233.0
0.15352	0.204	fixation	n/a	223.6	81.8	472.0	n/a	n/a	n/a	n/a
0.153932	0.02	saccade	n/a	225.8	81.8	n/a	287.0	76.5	2.45	203.0
0.153968	0.0	trigger_11	11	n/a	n/a	n/a	n/a	n/a	n/a	n/a
0.153976	0.286	fixation	n/a	292.2	77.2	461.0	n/a	n/a	n/a	n/a
0.154	0.0	trigger_10	10	n/a	n/a	n/a	n/a	n/a	n/a	n/a
0.154552	0.02	saccade	n/a	295.4	75.6	n/a	245.9	77.5	1.98	163.0
0.154596	0.096	fixation	n/a	250.6	77.7	454.0	n/a	n/a	n/a	n/a
0.154792	0.02	saccade	n/a	249.1	77.3	n/a	188.9	80.8	2.39	189.0
0.154836	0.23	fixation	n/a	197.9	81.1	458.0	n/a	n/a	n/a	n/a
0.1553	0.022	saccade	n/a	196.8	81.6	n/a	270.6	73.7	2.95	240.0
0.155348	0.296	fixation	n/a	275.5	76.4	466.0	n/a	n/a	n/a	n/a
0.155944	0.036	saccade	n/a	277.4	78.4	n/a	381.2	89.6	4.19	258.0
0.15602	0.144	fixation	n/a	376.1	87.7	463.0	n/a	n/a	n/a	n/a
0.156312	0.026	saccade	n/a	378.4	87.3	n/a	299.2	80.4	3.2	220.0
0.156336	0.0	trigger_11	11	n/a	n/a	n/a	n/a	n/a	n/a	n/a
0.156364	0.0	trigger_10	10	n/a	n/a	n/a	n/a	n/a	n/a	n/a
0.156368	0.126	fixation	n/a	303.1	81.4	462.0	n/a	n/a	n/a	n/a
0.156624	0.026	saccade	n/a	302.6	81.8	n/a	386.0	88.2	3.37	238.0
0.15668	0.194	fixation	n/a	385.0	90.6	484.0	n/a	n/a	n/a	n/a
0.157072	0.018	saccade	n/a	386.5	91.9	n/a	438.2	90.2	2.09	186.0
0.157112	0.098	fixation	n/a	435.9	92.1	496.0	n/a	n/a	n/a	n/a
0.157312	0.026	saccade	n/a	436.1	91.8	n/a	525.0	89.1	3.57	250.0
0.157368	0.162	fixation	n/a	518.7	93.2	498.0	n/a	n/a	n/a	n/a
0.157696	0.066	saccade	n/a	521.2	94.2	n/a	163.1	136.3	14.28	432.0
0.157832	0.15	fixation	n/a	155.4	141.6	500.0	n/a	n/a	n/a	n/a
0.158136	0.016	saccade	n/a	153.3	143.6	n/a	137.0	143.3	0.64	85.0
0.158172	0.146	fixation	n/a	140.7	142.9	505.0	n/a	n/a	n/a	n/a
0.158468	0.026	saccade	n/a	140.3	142.4	n/a	255.0	147.5	4.53	344.0
0.158524	0.25	fixation	n/a	257.7	149.0	514.0	n/a	n/a	n/a	n/a
0.15864	0.0	trigger_11	11	n/a	n/a	n/a	n/a	n/a	n/a	n/a
0.158652	0.0	trigger_10	10	n/a	n/a	n/a	n/a	n/a	n/a	n/a
0.159028	0.024	saccade	n/a	259.6	152.2	n/a	338.5	149.2	3.16	255.0
0.15908	0.138	fixation	n/a	330.2	151.4	534.0	n/a	n/a	n/a	n/a
0.15936	0.026	saccade	n/a	331.6	150.8	n/a	233.2	150.6	3.93	290.0
0.159416	0.622	fixation	n/a	236.5	151.2	521.0	n/a	n/a	n/a	n/a
0.160004	0.0	trigger_11	11	n/a	n/a	n/a	n/a	n/a	n/a	n/a
0.160016	0.0	trigger_12	12	n/a	n/a	n/a	n/a	n/a	n/a	n/a
0.160664	0.02	saccade	n/a	235.9	152.8	n/a	188.3	99.8	2.86	238.0
0.160708	0.2	fixation	n/a	183.9	91.1	523.0	n/a	n/a	n/a	n/a
0.161112	0.016	saccade	n/a	183.1	90.1	n/a	140.1	88.0	1.69	143.0
0.161148	0.17	fixation	n/a	147.0	88.7	551.0	n/a	n/a	n/a	n/a
0.161492	0.022	saccade	n/a	146.4	88.5	n/a	113.6	88.5	1.28	128.0
0.16154	0.412	fixation	n/a	115.3	88.5	592.0	n/a	n/a	n/a	n/a
0.162368	0.018	saccade	n/a	111.3	89.5	n/a	167.9	84.3	2.22	204.0
0.162408	0.162	fixation	n/a	165.5	84.6	605.0	n/a	n/a	n/a	n/a
0.162736	0.022	saccade	n/a	167.1	83.8	n/a	227.4	89.9	2.39	214.0
0.162784	0.212	fixation	n/a	223.1	91.6	631.0	n/a	n/a	n/a	n/a
0.163212	0.02	saccade	n/a	223.9	93.6	n/a	279.8	97.3	2.23	193.0
0.163256	0.182	fixation	n/a	273.6	96.8	645.0	n/a	n/a	n/a	n/a
0.163624	0.024	saccade	n/a	273.0	95.8	n/a	368.0	98.0	3.82	295.0
0.163676	0.194	fixation	n/a	360.6	99.4	651.0	n/a	n/a	n/a	n/a
0.164068	0.022	saccade	n/a	362.1	99.4	n/a	304.7	95.4	2.32	213.0
0.164068	0.0	trigger_13	13	n/a	n/a	n/a	n/a	n/a	n/a	n/a
0.164084	0.0	trigger_10	10	n/a	n/a	n/a	n/a	n/a	n/a	n/a
0.164116	0.32	fixation	n/a	315.4	99.2	658.0	n/a	n/a	n/a	n/a
0.16476	0.018	saccade	n/a	315.9	100.4	n/a	295.3	100.2	0.83	110.0
0.1648	0.164	fixation	n/a	299.3	98.1	665.0	n/a	n/a	n/a	n/a
0.165132	0.026	saccade	n/a	297.8	96.6	n/a	393.6	97.1	3.86	279.0
0.165188	0.138	fixation	n/a	385.7	99.5	682.0	n/a	n/a	n/a	n/a
0.165468	0.024	saccade	n/a	385.9	99.8	n/a	465.9	92.6	3.23	259.0
0.16552	0.226	fixation	n/a	457.9	95.6	690.0	n/a	n/a	n/a	n/a
0.165976	0.05	saccade	n/a	458.7	97.9	n/a	191.4	150.6	10.84	367.0
0.16608	0.14	fixation	n/a	194.4	149.7	656.0	n/a	n/a	n/a	n/a
0.166324	0.0	trigger_11	11	n/a	n/a	n/a	n/a	n/a	n/a	n/a
0.166352	0.0	trigger_10	10	n/a	n/a	n/a	n/a	n/a	n/a	n/a
0.166364	0.02	saccade	n/a	192.5	149.2	n/a	136.2	153.0	2.21	193.0
0.166408	0.25	fixation	n/a	143.5	153.0	629.0	n/a	n/a	n/a	n/a
0.166912	0.024	saccade	n/a	145.7	154.1	n/a	173.9	88.8	2.85	205.0
0.166964	0.378	fixation	n/a	191.9	90.1	634.0	n/a	n/a	n/a	n/a
0.167724	0.04	saccade	n/a	194.9	93.8	n/a	349.0	99.7	6.16	283.0
0.167808	0.206	fixation	n/a	343.3	98.4	666.0	n/a	n/a	n/a	n/a
0.168084	0.0	trigger_11	11	n/a	n/a	n/a	n/a	n/a	n/a	n/a
0.168116	0.0	trigger_10	10	n/a	n/a	n/a	n/a	n/a	n/a	n/a
0.168224	0.016	saccade	n/a	343.5	97.4	n/a	312.0	99.9	1.27	122.0
0.16826	0.134	fixation	n/a	316.6	99.4	645.0	n/a	n/a	n/a	n/a
0.168532	0.022	saccade	n/a	316.5	101.7	n/a	396.7	101.1	3.23	244.0
0.16858	0.138	fixation	n/a	391.7	103.0	634.0	n/a	n/a	n/a	n/a
0.16886	0.024	saccade	n/a	391.6	104.8	n/a	460.8	103.4	2.79	221.0
0.168912	0.184	fixation	n/a	454.8	103.1	625.0	n/a	n/a	n/a	n/a
0.169284	0.022	saccade	n/a	454.4	104.3	n/a	517.9	96.6	2.56	216.0
0.169332	0.21	fixation	n/a	510.2	99.9	624.0	n/a	n/a	n/a	n/a
0.169756	0.02	saccade	n/a	510.1	97.8	n/a	454.8	100.8	2.22	192.0
0.1698	0.11	fixation	n/a	466.0	102.9	629.0	n/a	n/a	n/a	n/a
0.170024	0.05	saccade	n/a	464.6	102.7	n/a	183.6	159.4	11.41	388.0
0.170128	0.148	fixation	n/a	187.0	162.7	645.0	n/a	n/a	n/a	n/a
0.170428	0.018	saccade	n/a	184.5	164.7	n/a	136.6	162.4	1.88	148.0
0.170468	0.132	fixation	n/a	144.2	160.7	648.0	n/a	n/a	n/a	n/a
0.170736	0.024	saccade	n/a	142.7	161.5	n/a	224.5	163.7	3.22	240.0
0.170788	0.284	fixation	n/a	229.9	164.6	624.0	n/a	n/a	n/a	n/a
0.170932	0.0	trigger_11	11	n/a	n/a	n/a	n/a	n/a	n/a	n/a
0.170936	0.0	trigger_18	18	n/a	n/a	n/a	n/a	n/a	n/a	n/a
0.17136	0.018	saccade	n/a	229.9	161.2	n/a	293.2	158.2	2.52	216.0
0.1714	0.282	fixation	n/a	298.2	157.8	559.0	n/a	n/a	n/a	n/a
0.171968	0.02	saccade	n/a	298.2	155.8	n/a	255.4	160.7	1.72	154.0
0.172012	0.186	fixation	n/a	256.7	158.7	524.0	n/a	n/a	n/a	n/a
0.172388	0.02	saccade	n/a	257.1	158.5	n/a	340.0	158.5	3.32	264.0
0.172432	0.258	fixation	n/a	353.5	160.4	528.0	n/a	n/a	n/a	n/a
0.172952	0.028	saccade	n/a	354.9	162.6	n/a	467.8	153.2	4.55	295.0
0.173012	0.406	fixation	n/a	473.2	153.1	525.0	n/a	n/a	n/a	n/a
0.173828	0.03	saccade	n/a	473.1	157.4	n/a	555.9	152.8	3.32	196.0
0.173892	0.164	fixation	n/a	552.1	154.4	514.0	n/a	n/a	n/a	n/a
0.174224	0.022	saccade	n/a	552.1	151.9	n/a	609.9	144.8	2.31	194.0
0.174272	0.106	fixation	n/a	603.7	146.3	517.0	n/a	n/a	n/a	n/a
0.174488	0.05	saccade	n/a	603.6	147.6	n/a	339.4	207.5	10.8	358.0
0.174592	0.13	fixation	n/a	341.6	207.0	539.0	n/a	n/a	n/a	n/a
0.174856	0.034	saccade	n/a	339.7	207.6	n/a	219.7	224.8	4.83	273.0
0.174928	0.184	fixation	n/a	218.7	221.4	509.0	n/a	n/a	n/a	n/a
0.1753	0.022	saccade	n/a	217.2	221.6	n/a	285.7	216.1	2.73	228.0
0.175348	0.208	fixation	n/a	292.9	215.5	460.0	n/a	n/a	n/a	n/a
0.175768	0.028	saccade	n/a	292.0	211.2	n/a	180.6	204.6	4.42	248.0
0.175828	0.144	fixation	n/a	167.8	206.2	426.0	n/a	n/a	n/a	n/a
0.17612	0.018	saccade	n/a	163.5	202.4	n/a	115.6	204.0	1.86	160.0
0.17616	0.306	fixation	n/a	118.8	205.8	429.0	n/a	n/a	n/a	n/a
0.176776	0.02	saccade	n/a	120.7	207.9	n/a	176.5	202.8	2.19	183.0
0.17682	0.208	fixation	n/a	177.9	207.3	471.0	n/a	n/a	n/a	n/a
0.17724	0.032	saccade	n/a	178.8	209.1	n/a	215.3	88.1	5.09	302.0
0.177308	0.204	fixation	n/a	215.4	87.9	461.0	n/a	n/a	n/a	n/a
0.17772	0.02	saccade	n/a	217.2	86.6	n/a	161.6	85.5	2.19	182.0
0.177764	0.124	fixation	n/a	165.7	85.0	453.0	n/a	n/a	n/a	n/a
0.178016	0.022	saccade	n/a	165.4	85.0	n/a	118.9	87.4	1.82	159.0
0.178064	0.166	fixation	n/a	124.4	88.2	465.0	n/a	n/a	n/a	n/a
0.1784	0.04	saccade	n/a	122.7	88.9	n/a	274.8	82.7	5.99	286.0
0.178484	0.218	fixation	n/a	274.4	81.7	473.0	n/a	n/a	n/a	n/a
0.178924	0.038	saccade	n/a	274.4	82.5	n/a	399.9	92.0	5.05	261.0
0.179004	0.182	fixation	n/a	393.3	93.0	495.0	n/a	n/a	n/a	n/a
0.179372	0.022	saccade	n/a	392.9	92.9	n/a	463.7	88.6	2.85	225.0
0.17942	0.166	fixation	n/a	454.5	90.6	492.0	n/a	n/a	n/a	n/a
0.179756	0.024	saccade	n/a	456.2	90.9	n/a	378.0	90.2	3.15	226.0
0.179808	0.168	fixation	n/a	383.4	91.2	485.0	n/a	n/a	n/a	n/a
0.180148	0.022	saccade	n/a	381.5	91.0	n/a	446.5	89.2	2.62	210.0
0.180196	0.204	fixation	n/a	439.6	91.4	488.0	n/a	n/a	n/a	n/a
0.180608	0.018	saccade	n/a	440.3	91.5	n/a	473.0	85.4	1.34	137.0
0.180648	0.232	fixation	n/a	466.8	89.3	510.0	n/a	n/a	n/a	n/a
0.181116	0.04	saccade	n/a	467.1	90.1	n/a	302.9	85.6	6.6	312.0
0.1812	0.172	fixation	n/a	308.2	86.4	513.0	n/a	n/a	n/a	n/a
0.181548	0.026	saccade	n/a	306.3	88.3	n/a	201.7	82.4	4.17	278.0
0.181604	0.154	fixation	n/a	202.6	84.1	517.0	n/a	n/a	n/a	n/a
0.181916	0.022	saccade	n/a	201.5	84.5	n/a	139.6	84.4	2.43	191.0
0.181964	0.264	fixation	n/a	145.9	85.2	531.0	n/a	n/a	n/a	n/a
0.182496	0.028	saccade	n/a	144.7	86.9	n/a	257.4	84.2	4.45	265.0
0.182556	0.396	fixation	n/a	261.7	87.4	538.0	n/a	n/a	n/a	n/a
0.183352	0.028	saccade	n/a	261.4	90.5	n/a	166.9	84.3	3.74	231.0
0.183412	0.17	fixation	n/a	169.3	86.1	531.0	n/a	n/a	n/a	n/a
0.183756	0.052	saccade	n/a	167.0	87.1	n/a	500.0	95.1	13.22	387.0
0.183864	0.126	fixation	n/a	497.9	91.8	523.0	n/a	n/a	n/a	n/a
0.18412	0.022	saccade	n/a	500.1	91.7	n/a	559.2	90.8	2.36	216.0
0.184168	0.088	fixation	n/a	549.8	92.2	510.0	n/a	n/a	n/a	n/a
0.184348	0.022	saccade	n/a	549.3	93.2	n/a	589.4	89.4	1.6	162.0
0.184396	0.07	fixation	n/a	583.8	88.9	502.0	n/a	n/a	n/a	n/a
0.18454	0.06	saccade	n/a	585.8	89.3	n/a	159.6	126.8	16.88	418.0
0.184664	0.158	fixation	n/a	154.2	135.7	487.0	n/a	n/a	n/a	n/a
0.184984	0.02	saccade	n/a	151.3	135.3	n/a	121.8	144.7	1.21	140.0
0.185028	0.184	fixation	n/a	126.5	143.4	490.0	n/a	n/a	n/a	n/a
0.1854	0.032	saccade	n/a	125.5	143.1	n/a	246.9	152.9	4.8	276.0
0.185468	0.206	fixation	n/a	248.6	153.1	500.0	n/a	n/a	n/a	n/a
0.185884	0.02	saccade	n/a	249.1	152.5	n/a	314.3	148.0	2.61	226.0
0.185928	0.144	fixation	n/a	320.8	149.3	486.0	n/a	n/a	n/a	n/a
0.18622	0.024	saccade	n/a	321.7	150.4	n/a	416.6	147.3	3.82	270.0
0.186272	0.148	fixation	n/a	426.1	150.0	471.0	n/a	n/a	n/a	n/a
0.186572	0.022	saccade	n/a	427.6	150.4	n/a	490.6	148.1	2.54	200.0
0.18662	0.104	fixation	n/a	483.4	150.2	469.0	n/a	n/a	n/a	n/a
0.186832	0.05	saccade	n/a	483.9	149.7	n/a	223.3	205.8	10.63	369.0
0.186936	0.18	fixation	n/a	225.5	206.8	457.0	n/a	n/a	n/a	n/a
0.1873	0.032	saccade	n/a	224.3	207.4	n/a	362.1	214.9	5.5	286.0
0.187368	0.146	fixation	n/a	367.4	215.3	450.0	n/a	n/a	n/a	n/a
0.187664	0.018	saccade	n/a	370.1	215.8	n/a	323.4	211.6	1.88	164.0
0.187704	0.138	fixation	n/a	329.6	211.8	432.0	n/a	n/a	n/a	n/a
0.187984	0.038	saccade	n/a	328.8	214.1	n/a	510.1	205.8	7.27	298.0
0.188064	0.174	fixation	n/a	508.9	205.4	428.0	n/a	n/a	n/a	n/a
0.188416	0.026	saccade	n/a	508.4	202.8	n/a	594.4	198.7	3.42	230.0
0.188472	0.096	fixation	n/a	591.5	199.7	428.0	n/a	n/a	n/a	n/a
0.188668	0.022	saccade	n/a	591.6	200.8	n/a	653.4	200.3	2.42	205.0
0.188716	0.122	fixation	n/a	643.2	201.2	429.0	n/a	n/a	n/a	n/a
0.188964	0.064	saccade	n/a	642.5	201.1	n/a	226.0	262.9	16.55	422.0
0.189096	0.214	fixation	n/a	230.3	266.1	461.0	n/a	n/a	n/a	n/a
0.189528	0.036	saccade	n/a	229.1	266.4	n/a	365.6	269.4	5.43	283.0
0.189604	0.17	fixation	n/a	369.5	268.3	476.0	n/a	n/a	n/a	n/a
0.189948	0.026	saccade	n/a	370.6	269.1	n/a	455.5	263.0	3.4	242.0
0.190004	0.196	fixation	n/a	452.4	265.5	479.0	n/a	n/a	n/a	n/a
0.1904	0.018	saccade	n/a	452.4	262.7	n/a	423.9	265.3	1.14	121.0
0.19044	0.152	fixation	n/a	428.7	266.2	467.0	n/a	n/a	n/a	n/a
0.190748	0.026	saccade	n/a	426.8	264.7	n/a	519.1	255.1	3.7	249.0
0.190804	0.068	fixation	n/a	512.1	255.0	452.0	n/a	n/a	n/a	n/a
0.190944	0.04	saccade	n/a	513.0	255.3	n/a	422.0	115.8	6.73	362.0
0.191028	0.162	fixation	n/a	423.8	117.0	443.0	n/a	n/a	n/a	n/a
0.191356	0.02	saccade	n/a	424.0	117.1	n/a	395.2	82.9	1.82	170.0
0.1914	0.134	fixation	n/a	399.4	88.1	436.0	n/a	n/a	n/a	n/a
0.191672	0.038	saccade	n/a	398.4	91.2	n/a	224.6	100.8	6.96	332.0
0.191752	0.088	fixation	n/a	226.8	103.0	465.0	n/a	n/a	n/a	n/a
0.191932	0.024	saccade	n/a	226.3	103.6	n/a	158.8	142.7	3.1	227.0
0.191984	0.188	fixation	n/a	159.7	143.9	500.0	n/a	n/a	n/a	n/a
0.192364	0.038	saccade	n/a	160.7	145.6	n/a	306.0	151.9	5.77	310.0
0.192444	0.144	fixation	n/a	299.4	149.7	540.0	n/a	n/a	n/a	n/a
0.192736	0.024	saccade	n/a	302.0	149.7	n/a	403.7	147.7	4.09	298.0
0.192788	0.18	fixation	n/a	418.3	152.4	539.0	n/a	n/a	n/a	n/a
0.193152	0.054	saccade	n/a	419.2	152.4	n/a	189.3	209.4	9.45	374.0
0.193264	0.148	fixation	n/a	181.1	212.5	534.0	n/a	n/a	n/a	n/a
0.193564	0.02	saccade	n/a	180.2	213.3	n/a	166.3	167.4	1.93	187.0
0.193608	0.16	fixation	n/a	170.2	168.9	526.0	n/a	n/a	n/a	n/a
0.193932	0.02	saccade	n/a	169.9	166.8	n/a	216.7	146.9	2.01	194.0
0.193976	0.084	fixation	n/a	213.1	148.9	511.0	n/a	n/a	n/a	n/a
0.194148	0.024	saccade	n/a	215.1	151.5	n/a	124.5	141.0	3.59	275.0
0.1942	0.236	fixation	n/a	130.5	143.7	507.0	n/a	n/a	n/a	n/a
0.194676	0.04	saccade	n/a	129.6	144.2	n/a	310.7	155.7	7.17	306.0
0.19476	0.16	fixation	n/a	306.6	151.2	542.0	n/a	n/a	n/a	n/a
0.195084	0.026	saccade	n/a	308.1	152.2	n/a	410.7	153.1	4.13	294.0
0.19514	0.152	fixation	n/a	405.6	155.0	539.0	n/a	n/a	n/a	n/a
0.195448	0.024	saccade	n/a	406.9	155.2	n/a	478.2	149.5	2.88	240.0
0.1955	0.108	fixation	n/a	468.2	152.3	508.0	n/a	n/a	n/a	n/a
0.19572	0.048	saccade	n/a	468.9	152.4	n/a	175.9	208.8	11.85	411.0
0.19582	0.252	fixation	n/a	179.3	211.2	506.0	n/a	n/a	n/a	n/a
0.196328	0.022	saccade	n/a	177.9	212.6	n/a	260.0	213.9	3.25	255.0
0.196376	0.088	fixation	n/a	264.6	214.1	512.0	n/a	n/a	n/a	n/a
0.196556	0.028	saccade	n/a	267.1	212.3	n/a	381.1	213.8	4.56	315.0
0.196616	0.152	fixation	n/a	381.2	215.4	522.0	n/a	n/a	n/a	n/a
0.196924	0.022	saccade	n/a	382.9	215.0	n/a	327.8	211.3	2.22	178.0
0.196972	0.17	fixation	n/a	334.2	211.5	526.0	n/a	n/a	n/a	n/a
0.197316	0.04	saccade	n/a	333.9	211.9	n/a	476.4	106.1	7.16	345.0
0.1974	0.142	fixation	n/a	474.5	101.3	501.0	n/a	n/a	n/a	n/a
0.197688	0.056	saccade	n/a	476.7	98.2	n/a	240.4	78.5	9.49	372.0
0.197804	0.108	fixation	n/a	233.2	80.5	492.0	n/a	n/a	n/a	n/a
0.198024	0.02	saccade	n/a	230.6	82.5	n/a	167.3	88.9	2.51	227.0
0.198068	0.178	fixation	n/a	174.4	88.6	514.0	n/a	n/a	n/a	n/a
0.198428	0.058	saccade	n/a	172.3	88.4	n/a	537.6	102.0	14.48	439.0
0.198548	0.206	fixation	n/a	549.9	97.0	541.0	n/a	n/a	n/a	n/a
0.198964	0.044	saccade	n/a	552.7	95.9	n/a	494.5	257.3	6.93	228.0
0.199056	0.196	fixation	n/a	492.4	263.3	518.0	n/a	n/a	n/a	n/a
0.199452	0.024	saccade	n/a	494.1	263.2	n/a	424.1	255.6	2.81	224.0
0.199504	0.07	fixation	n/a	427.4	254.3	487.0	n/a	n/a	n/a	n/a
0.199648	0.04	saccade	n/a	428.1	253.5	n/a	630.3	210.6	8.19	328.0
0.199732	0.224	fixation	n/a	630.3	206.4	403.0	n/a	n/a	n/a	n/a
0.200184	0.068	saccade	n/a	634.1	208.4	n/a	166.0	268.7	18.44	413.0
0.200324	0.156	fixation	n/a	168.5	271.1	384.0	n/a	n/a	n/a	n/a
0.20064	0.022	saccade	n/a	172.0	275.2	n/a	131.8	265.6	1.61	148.0
0.200688	0.23	fixation	n/a	138.4	267.8	393.0	n/a	n/a	n/a	n/a
0.201152	0.036	saccade	n/a	141.6	271.1	n/a	302.3	270.3	6.31	293.0
0.201228	0.242	fixation	n/a	307.9	273.1	432.0	n/a	n/a	n/a	n/a
0.201716	0.032	saccade	n/a	307.7	272.2	n/a	165.5	272.8	5.6	281.0
0.201784	0.178	fixation	n/a	150.2	273.6	444.0	n/a	n/a	n/a	n/a
0.202144	0.034	saccade	n/a	145.5	270.6	n/a	301.6	272.7	6.13	301.0
0.202216	0.148	fixation	n/a	305.2	272.8	456.0	n/a	n/a	n/a	n/a
0.202516	0.028	saccade	n/a	304.2	272.2	n/a	444.6	260.5	5.62	336.0
0.202576	0.306	fixation	n/a	444.4	262.9	468.0	n/a	n/a	n/a	n/a
0.203192	0.016	saccade	n/a	445.4	266.3	n/a	409.9	268.0	1.42	129.0
0.203228	0.198	fixation	n/a	415.8	267.2	458.0	n/a	n/a	n/a	n/a
0.203628	0.024	saccade	n/a	414.1	270.1	n/a	496.1	264.0	3.28	231.0
0.20368	0.41	fixation	n/a	493.6	267.3	448.0	n/a	n/a	n/a	n/a
0.204504	0.052	saccade	n/a	494.1	267.5	n/a	301.7	98.4	10.31	389.0
0.204612	0.114	fixation	n/a	306.7	94.4	426.0	n/a	n/a	n/a	n/a
0.204844	0.044	saccade	n/a	307.2	98.3	n/a	191.5	92.6	4.62	231.0
0.204936	0.088	fixation	n/a	190.3	92.3	440.0	n/a	n/a	n/a	n/a
0.205116	0.148	saccade	n/a	186.4	100.6	n/a	139.6	91.8	1.87	386.0
0.205164	0.102	blink	n/a	n/a	n/a	n/a	n/a	n/a	n/a	n/a
0.205416	0.254	fixation	n/a	128.6	84.9	475.0	n/a	n/a	n/a	n/a
0.205928	0.022	saccade	n/a	126.8	82.3	n/a	185.5	78.9	2.3	180.0
0.205976	0.144	fixation	n/a	185.3	81.8	478.0	n/a	n/a	n/a	n/a
0.206268	0.024	saccade	n/a	187.0	82.0	n/a	124.8	81.4	2.43	180.0
0.20632	0.194	fixation	n/a	132.1	85.5	471.0	n/a	n/a	n/a	n/a
0.206712	0.02	saccade	n/a	132.1	85.3	n/a	203.3	80.6	2.8	244.0
0.206756	0.156	fixation	n/a	195.4	84.1	485.0	n/a	n/a	n/a	n/a
0.207072	0.028	saccade	n/a	196.8	85.6	n/a	308.0	78.7	4.44	308.0
0.207132	0.222	fixation	n/a	306.3	85.8	505.0	n/a	n/a	n/a	n/a
0.20758	0.022	saccade	n/a	309.4	86.2	n/a	388.2	86.0	3.17	267.0
0.207628	0.176	fixation	n/a	387.8	87.7	507.0	n/a	n/a	n/a	n/a
0.207984	0.022	saccade	n/a	386.2	85.5	n/a	453.2	84.5	2.7	222.0
0.208032	0.112	fixation	n/a	444.0	87.9	496.0	n/a	n/a	n/a	n/a
0.20826	0.03	saccade	n/a	445.1	88.5	n/a	312.6	88.5	5.33	300.0
0.208324	0.172	fixation	n/a	317.1	91.2	494.0	n/a	n/a	n/a	n/a
0.208672	0.022	saccade	n/a	316.5	89.9	n/a	287.8	84.9	1.17	144.0
0.20872	0.132	fixation	n/a	291.0	87.1	497.0	n/a	n/a	n/a	n/a
0.208988	0.028	saccade	n/a	289.1	88.7	n/a	416.0	99.1	5.11	312.0
0.209048	0.206	fixation	n/a	412.1	100.6	522.0	n/a	n/a	n/a	n/a
0.209464	0.022	saccade	n/a	414.8	102.6	n/a	462.5	93.9	1.95	207.0
0.209512	0.1	fixation	n/a	456.8	95.3	532.0	n/a	n/a	n/a	n/a
0.209716	0.024	saccade	n/a	457.1	93.6	n/a	534.4	91.3	3.1	242.0
0.209768	0.204	fixation	n/a	530.2	92.9	523.0	n/a	n/a	n/a	n/a
0.21018	0.012	saccade	n/a	532.3	95.3	n/a	554.5	92.6	0.89	78.0
0.210208	0.148	fixation	n/a	552.3	94.4	523.0	n/a	n/a	n/a	n/a
0.210508	0.058	saccade	n/a	553.3	96.5	n/a	249.1	160.1	12.39	356.0
0.210628	0.124	fixation	n/a	254.7	158.6	547.0	n/a	n/a	n/a	n/a
0.21088	0.026	saccade	n/a	251.7	159.7	n/a	159.0	149.9	3.69	258.0
0.210936	0.242	fixation	n/a	163.3	150.1	543.0	n/a	n/a	n/a	n/a
0.211424	0.052	saccade	n/a	162.0	150.7	n/a	477.8	149.1	12.53	386.0
0.211532	0.338	fixation	n/a	477.4	148.5	551.0	n/a	n/a	n/a	n/a
0.212212	0.046	saccade	n/a	480.1	148.2	n/a	295.3	104.3	7.63	320.0
0.212308	0.138	fixation	n/a	298.1	102.5	540.0	n/a	n/a	n/a	n/a
0.212588	0.028	saccade	n/a	295.8	100.3	n/a	179.9	86.7	4.64	277.0
0.212648	0.144	fixation	n/a	172.8	87.8	523.0	n/a	n/a	n/a	n/a
0.21294	0.02	saccade	n/a	171.3	87.6	n/a	143.3	88.0	1.1	122.0
0.212984	0.17	fixation	n/a	146.2	89.7	528.0	n/a	n/a	n/a	n/a
0.213328	0.034	saccade	n/a	144.1	90.1	n/a	295.4	94.7	5.99	328.0
0.2134	0.28	fixation	n/a	288.3	90.3	532.0	n/a	n/a	n/a	n/a
0.213964	0.024	saccade	n/a	288.6	86.0	n/a	215.2	88.3	2.93	215.0
0.214016	0.352	fixation	n/a	218.0	89.4	510.0	n/a	n/a	n/a	n/a
0.214724	0.016	saccade	n/a	217.1	89.6	n/a	181.7	87.8	1.4	122.0
0.21476	0.114	fixation	n/a	189.1	88.1	536.0	n/a	n/a	n/a	n/a
0.214992	0.022	saccade	n/a	189.2	88.4	n/a	264.6	88.2	2.99	251.0
0.21504	0.138	fixation	n/a	269.7	90.9	546.0	n/a	n/a	n/a	n/a
0.21532	0.03	saccade	n/a	270.9	91.3	n/a	390.1	99.2	4.8	302.0
0.215384	0.172	fixation	n/a	388.5	98.8	550.0	n/a	n/a	n/a	n/a
0.215732	0.022	saccade	n/a	390.9	100.8	n/a	466.1	97.5	3.03	241.0
0.21578	0.224	fixation	n/a	463.2	96.1	523.0	n/a	n/a	n/a	n/a
0.216232	0.028	saccade	n/a	464.3	95.5	n/a	361.0	91.4	4.16	273.0
0.216292	0.274	fixation	n/a	358.8	92.2	497.0	n/a	n/a	n/a	n/a
0.216844	0.042	saccade	n/a	358.3	92.6	n/a	160.0	87.4	7.89	348.0
0.216932	0.362	fixation	n/a	162.1	86.2	549.0	n/a	n/a	n/a	n/a
0.21766	0.016	saccade	n/a	159.3	86.0	n/a	126.8	84.2	1.27	115.0
0.217696	0.384	fixation	n/a	130.1	84.7	576.0	n/a	n/a	n/a	n/a
0.218468	0.006	saccade	n/a	129.2	84.4	n/a	120.5	86.4	0.35	56.0
0.218484	0.294	fixation	n/a	121.4	87.8	587.0	n/a	n/a	n/a	n/a
0.219076	0.02	saccade	n/a	122.2	89.3	n/a	186.6	84.1	2.52	207.0
0.21912	0.208	fixation	n/a	196.5	89.7	568.0	n/a	n/a	n/a	n/a
0.21954	0.022	saccade	n/a	195.8	89.9	n/a	275.8	94.3	3.19	244.0
0.219588	0.162	fixation	n/a	272.1	95.3	573.0	n/a	n/a	n/a	n/a
0.219916	0.022	saccade	n/a	272.4	94.4	n/a	346.0	95.1	2.95	236.0
0.219964	0.144	fixation	n/a	346.7	97.8	573.0	n/a	n/a	n/a	n/a
0.220256	0.026	saccade	n/a	344.8	97.8	n/a	444.8	95.6	4.03	284.0
0.220312	0.232	fixation	n/a	444.7	98.4	552.0	n/a	n/a	n/a	n/a
0.22078	0.028	saccade	n/a	445.4	97.8	n/a	552.7	83.6	4.34	289.0
0.22084	0.144	fixation	n/a	549.6	86.0	516.0	n/a	n/a	n/a	n/a
0.221132	0.02	saccade	n/a	552.0	87.4	n/a	601.5	83.0	1.97	170.0
0.221176	0.082	fixation	n/a	591.4	83.3	510.0	n/a	n/a	n/a	n/a
0.221344	0.062	saccade	n/a	591.5	83.7	n/a	116.2	127.7	18.69	481.0
0.221472	0.24	fixation	n/a	118.0	132.1	535.0	n/a	n/a	n/a	n/a
0.221956	0.02	saccade	n/a	117.8	132.2	n/a	129.7	88.7	1.81	168.0
0.222	0.39	fixation	n/a	146.6	89.5	538.0	n/a	n/a	n/a	n/a
0.222784	0.026	saccade	n/a	144.8	90.7	n/a	255.4	83.0	4.37	292.0
0.22284	0.198	fixation	n/a	268.3	90.1	558.0	n/a	n/a	n/a	n/a
0.22324	0.022	saccade	n/a	267.7	89.5	n/a	354.8	95.0	3.51	267.0
0.223288	0.162	fixation	n/a	347.8	97.1	561.0	n/a	n/a	n/a	n/a
0.223616	0.028	saccade	n/a	346.6	96.7	n/a	454.3	91.2	4.33	280.0
0.223676	0.14	fixation	n/a	454.7	93.5	542.0	n/a	n/a	n/a	n/a
0.22396	0.02	saccade	n/a	455.5	93.1	n/a	510.3	91.1	2.2	192.0
0.224004	0.158	fixation	n/a	499.6	91.3	525.0	n/a	n/a	n/a	n/a
0.224324	0.018	saccade	n/a	499.9	92.2	n/a	542.7	88.2	1.72	152.0
0.224364	0.224	fixation	n/a	534.1	89.7	515.0	n/a	n/a	n/a	n/a
0.224816	0.024	saccade	n/a	536.5	90.1	n/a	431.9	93.6	4.19	313.0
0.224868	0.306	fixation	n/a	435.4	96.2	557.0	n/a	n/a	n/a	n/a
0.225484	0.048	saccade	n/a	436.7	100.9	n/a	179.2	88.9	10.27	372.0
0.225584	0.134	fixation	n/a	184.1	89.2	540.0	n/a	n/a	n/a	n/a
0.225856	0.018	saccade	n/a	184.2	90.2	n/a	131.8	94.2	2.06	168.0
0.225896	0.284	fixation	n/a	137.4	95.9	528.0	n/a	n/a	n/a	n/a
0.226468	0.02	saccade	n/a	136.3	95.5	n/a	199.2	85.6	2.5	216.0
0.226512	0.154	fixation	n/a	200.7	86.5	547.0	n/a	n/a	n/a	n/a
0.226824	0.028	saccade	n/a	202.5	89.0	n/a	327.6	93.2	4.99	315.0
0.226884	0.172	fixation	n/a	330.5	95.6	572.0	n/a	n/a	n/a	n/a
0.227232	0.028	saccade	n/a	332.9	96.1	n/a	213.9	90.2	4.76	313.0
0.227292	0.386	fixation	n/a	211.0	89.5	553.0	n/a	n/a	n/a	n/a
0.228068	0.006	saccade	n/a	207.8	87.2	n/a	197.6	87.6	0.4	59.0
0.228084	0.04	fixation	n/a	199.2	87.6	545.0	n/a	n/a	n/a	n/a
0.228168	0.028	saccade	n/a	198.4	88.1	n/a	314.7	90.0	4.63	300.0
0.228228	0.228	fixation	n/a	314.9	92.4	550.0	n/a	n/a	n/a	n/a
0.228688	0.02	saccade	n/a	315.9	93.8	n/a	259.7	89.5	2.25	198.0
0.228732	0.356	fixation	n/a	265.9	92.5	545.0	n/a	n/a	n/a	n/a
0.229448	0.024	saccade	n/a	268.4	93.7	n/a	189.9	83.6	3.14	227.0
0.2295	0.16	fixation	n/a	191.4	86.6	536.0	n/a	n/a	n/a	n/a
0.229824	0.05	saccade	n/a	190.6	87.0	n/a	532.5	91.5	13.57	422.0
0.229928	0.202	fixation	n/a	529.7	93.2	537.0	n/a	n/a	n/a	n/a
0.230336	0.058	saccade	n/a	531.3	92.5	n/a	229.9	153.8	12.26	395.0
0.230456	0.12	fixation	n/a	235.2	158.8	533.0	n/a	n/a	n/a	n/a
0.2307	0.022	saccade	n/a	230.7	154.9	n/a	162.0	147.9	2.72	232.0
0.230748	0.148	fixation	n/a	166.0	147.5	500.0	n/a	n/a	n/a	n/a
0.231048	0.02	saccade	n/a	163.8	147.3	n/a	121.4	146.6	1.65	160.0
0.231092	0.124	fixation	n/a	126.4	146.8	490.0	n/a	n/a	n/a	n/a
0.231344	0.048	saccade	n/a	126.1	147.0	n/a	401.0	158.1	10.9	388.0
0.231444	0.156	fixation	n/a	403.0	156.1	509.0	n/a	n/a	n/a	n/a
0.23176	0.022	saccade	n/a	406.1	158.4	n/a	416.9	102.1	2.34	172.0
0.231808	0.162	fixation	n/a	428.4	99.1	520.0	n/a	n/a	n/a	n/a
0.232136	0.04	saccade	n/a	428.5	98.8	n/a	560.9	93.7	5.31	366.0
0.23222	0.178	fixation	n/a	568.8	90.3	506.0	n/a	n/a	n/a	n/a
0.23258	0.024	saccade	n/a	568.4	90.8	n/a	623.2	86.5	2.17	216.0
0.232632	0.136	fixation	n/a	613.7	85.8	517.0	n/a	n/a	n/a	n/a
0.232908	0.058	saccade	n/a	614.0	86.6	n/a	275.6	149.0	13.67	388.0
0.233028	0.208	fixation	n/a	282.5	167.5	512.0	n/a	n/a	n/a	n/a
0.233448	0.012	saccade	n/a	283.1	168.9	n/a	301.5	159.1	0.84	80.0
0.233476	0.108	fixation	n/a	302.3	159.8	505.0	n/a	n/a	n/a	n/a
0.233696	0.02	saccade	n/a	303.2	157.6	n/a	382.2	155.2	3.18	263.0
0.23374	0.194	fixation	n/a	389.8	157.7	495.0	n/a	n/a	n/a	n/a
0.234132	0.028	saccade	n/a	388.1	159.6	n/a	495.3	145.8	4.35	310.0
0.234192	0.238	fixation	n/a	490.9	146.1	509.0	n/a	n/a	n/a	n/a
0.234672	0.024	saccade	n/a	490.3	149.2	n/a	575.4	139.8	3.42	270.0
0.234724	0.124	fixation	n/a	567.7	142.3	503.0	n/a	n/a	n/a	n/a
0.234976	0.01	saccade	n/a	570.0	141.5	n/a	590.3	146.4	0.83	90.0
0.235	0.074	fixation	n/a	586.1	145.7	495.0	n/a	n/a	n/a	n/a
0.235152	0.058	saccade	n/a	587.8	143.4	n/a	167.6	199.8	16.7	480.0
0.235272	0.138	fixation	n/a	168.7	205.1	504.0	n/a	n/a	n/a	n/a
0.235552	0.02	saccade	n/a	166.4	206.4	n/a	135.5	213.0	1.24	160.0
0.235596	0.114	fixation	n/a	138.8	213.3	507.0	n/a	n/a	n/a	n/a
0.235828	0.022	saccade	n/a	137.2	213.4	n/a	223.2	212.0	3.37	272.0
0.235876	0.184	fixation	n/a	228.8	212.8	505.0	n/a	n/a	n/a	n/a
0.236248	0.026	saccade	n/a	232.0	213.8	n/a	333.0	207.5	4.04	283.0
0.236304	0.154	fixation	n/a	337.5	211.2	498.0	n/a	n/a	n/a	n/a
0.236616	0.022	saccade	n/a	338.4	211.4	n/a	417.4	209.8	3.17	248.0
0.236664	0.178	fixation	n/a	423.6	210.7	486.0	n/a	n/a	n/a	n/a
0.237024	0.05	saccade	n/a	423.0	207.4	n/a	183.2	266.9	9.81	337.0
0.237128	0.162	fixation	n/a	188.3	271.8	485.0	n/a	n/a	n/a	n/a
0.237456	0.012	saccade	n/a	184.2	272.5	n/a	158.5	281.6	1.07	97.0
0.237484	0.108	fixation	n/a	160.2	278.1	495.0	n/a	n/a	n/a	n/a
0.237704	0.028	saccade	n/a	159.0	278.1	n/a	271.9	272.5	4.44	281.0
0.237764	0.204	fixation	n/a	272.4	275.9	500.0	n/a	n/a	n/a	n/a
0.238176	0.034	saccade	n/a	272.8	276.4	n/a	234.8	119.3	6.52	325.0
0.238248	0.154	fixation	n/a	234.9	108.4	475.0	n/a	n/a	n/a	n/a
0.23856	0.022	saccade	n/a	233.9	107.3	n/a	177.3	132.0	2.45	180.0
0.238608	0.228	fixation	n/a	177.6	132.8	470.0	n/a	n/a	n/a	n/a
0.239068	0.02	saccade	n/a	177.2	135.8	n/a	250.4	151.0	2.96	268.0
0.239112	0.166	fixation	n/a	253.4	151.1	518.0	n/a	n/a	n/a	n/a
0.239448	0.028	saccade	n/a	254.5	152.5	n/a	366.6	158.4	4.5	305.0
0.239508	0.124	fixation	n/a	366.5	157.6	531.0	n/a	n/a	n/a	n/a
0.23976	0.028	saccade	n/a	366.7	155.7	n/a	483.2	153.4	4.69	296.0
0.23982	0.322	fixation	n/a	479.5	152.5	527.0	n/a	n/a	n/a	n/a
0.240468	0.038	saccade	n/a	482.5	155.1	n/a	307.1	129.4	7.12	321.0
0.240548	0.106	fixation	n/a	300.2	123.0	504.0	n/a	n/a	n/a	n/a
0.240764	0.02	saccade	n/a	299.4	123.0	n/a	258.1	86.6	2.22	194.0
0.240808	0.154	fixation	n/a	255.6	90.9	494.0	n/a	n/a	n/a	n/a
0.24112	0.024	saccade	n/a	256.5	93.2	n/a	169.9	86.5	3.43	228.0
0.241172	0.234	fixation	n/a	161.4	88.1	525.0	n/a	n/a	n/a	n/a
0.241644	0.012	saccade	n/a	161.3	87.4	n/a	137.4	89.5	0.94	92.0
0.241672	0.138	fixation	n/a	140.0	88.9	533.0	n/a	n/a	n/a	n/a
0.241952	0.022	saccade	n/a	142.6	89.3	n/a	175.7	140.9	2.45	168.0
0.242	0.164	fixation	n/a	175.4	145.8	545.0	n/a	n/a	n/a	n/a
0.242332	0.024	saccade	n/a	175.5	147.6	n/a	267.5	154.8	3.66	291.0
0.242384	0.288	fixation	n/a	260.7	158.6	565.0	n/a	n/a	n/a	n/a
0.242964	0.02	saccade	n/a	261.9	159.1	n/a	302.1	160.9	1.61	169.0
0.243008	0.166	fixation	n/a	294.2	160.0	546.0	n/a	n/a	n/a	n/a
0.243344	0.024	saccade	n/a	295.4	160.2	n/a	207.5	151.9	3.51	246.0
0.243396	0.356	fixation	n/a	208.2	155.2	526.0	n/a	n/a	n/a	n/a
0.244112	0.016	saccade	n/a	209.4	156.8	n/a	177.2	153.5	1.28	100.0
0.244148	0.266	fixation	n/a	180.7	153.4	531.0	n/a	n/a	n/a	n/a
0.244684	0.026	saccade	n/a	181.1	154.5	n/a	276.0	159.2	3.77	249.0
0.24474	0.284	fixation	n/a	276.1	162.8	554.0	n/a	n/a	n/a	n/a
0.245312	0.018	saccade	n/a	278.4	165.6	n/a	298.4	164.5	0.8	98.0
0.245352	0.236	fixation	n/a	294.6	162.2	545.0	n/a	n/a	n/a	n/a
0.245828	0.036	saccade	n/a	296.8	162.3	n/a	210.1	160.7	3.45	203.0
0.245904	0.548	fixation	n/a	215.2	158.7	534.0	n/a	n/a	n/a	n/a
0.247004	0.022	saccade	n/a	214.4	159.6	n/a	170.2	110.4	2.64	214.0
0.247052	0.168	fixation	n/a	166.2	105.9	527.0	n/a	n/a	n/a	n/a
0.247392	0.022	saccade	n/a	166.7	106.4	n/a	226.7	87.8	2.48	211.0
0.24744	0.216	fixation	n/a	230.5	89.9	519.0	n/a	n/a	n/a	n/a
0.247876	0.024	saccade	n/a	231.4	90.3	n/a	317.6	88.8	3.44	270.0
0.247928	0.16	fixation	n/a	319.0	87.1	512.0	n/a	n/a	n/a	n/a
0.248252	0.028	saccade	n/a	318.4	85.9	n/a	414.0	91.2	3.85	249.0
0.248312	0.328	fixation	n/a	412.3	95.0	524.0	n/a	n/a	n/a	n/a
0.248972	0.02	saccade	n/a	412.2	96.3	n/a	475.1	92.8	2.54	208.0
0.249016	0.362	fixation	n/a	467.5	92.8	518.0	n/a	n/a	n/a	n/a
0.249744	0.046	saccade	n/a	468.1	97.9	n/a	208.1	82.9	10.38	367.0
0.24984	0.166	fixation	n/a	215.2	82.3	504.0	n/a	n/a	n/a	n/a
0.250176	0.01	saccade	n/a	212.0	81.7	n/a	188.4	84.3	0.94	100.0
0.2502	0.12	fixation	n/a	189.0	85.7	489.0	n/a	n/a	n/a	n/a
0.250444	0.03	saccade	n/a	190.2	86.2	n/a	330.6	83.3	5.58	295.0
0.250508	0.182	fixation	n/a	332.8	84.9	492.0	n/a	n/a	n/a	n/a
0.250876	0.024	saccade	n/a	332.7	85.6	n/a	410.6	86.0	3.13	245.0
0.250928	0.142	fixation	n/a	401.4	89.8	497.0	n/a	n/a	n/a	n/a
0.251216	0.02	saccade	n/a	402.0	90.8	n/a	458.2	88.8	2.26	194.0
0.25126	0.188	fixation	n/a	450.7	88.6	483.0	n/a	n/a	n/a	n/a
0.25164	0.02	saccade	n/a	451.7	87.2	n/a	512.0	85.7	2.42	206.0
0.251684	0.188	fixation	n/a	509.8	88.3	479.0	n/a	n/a	n/a	n/a
0.252064	0.068	saccade	n/a	511.6	91.8	n/a	365.9	82.9	5.86	303.0
0.252204	0.058	fixation	n/a	369.6	84.4	477.0	n/a	n/a	n/a	n/a
0.252324	0.034	saccade	n/a	368.3	87.8	n/a	308.4	89.1	2.41	234.0
0.252396	0.224	fixation	n/a	302.0	90.4	487.0	n/a	n/a	n/a	n/a
0.252848	0.018	saccade	n/a	301.7	95.0	n/a	273.4	92.3	1.14	120.0
0.252888	0.054	fixation	n/a	278.5	92.3	506.0	n/a	n/a	n/a	n/a
0.253	0.03	saccade	n/a	276.9	92.5	n/a	420.7	97.8	5.78	363.0
0.253064	0.328	fixation	n/a	421.0	100.1	545.0	n/a	n/a	n/a	n/a
0.253724	0.022	saccade	n/a	420.6	103.3	n/a	498.0	93.7	3.14	268.0
0.253772	0.136	fixation	n/a	492.7	93.5	550.0	n/a	n/a	n/a	n/a
0.254048	0.02	saccade	n/a	492.5	93.8	n/a	541.2	90.9	1.95	199.0
0.254092	0.3	fixation	n/a	534.6	92.8	537.0	n/a	n/a	n/a	n/a
0.254696	0.044	saccade	n/a	534.6	94.7	n/a	278.8	70.7	10.28	389.0
0.254788	0.156	fixation	n/a	226.7	79.0	541.0	n/a	n/a	n/a	n/a
0.255104	0.02	saccade	n/a	215.3	80.4	n/a	156.1	86.5	2.35	220.0
0.255148	0.15	fixation	n/a	162.2	86.9	528.0	n/a	n/a	n/a	n/a
0.255452	0.034	saccade	n/a	161.0	87.7	n/a	330.5	86.5	6.73	320.0
0.255524	0.114	fixation	n/a	324.3	87.1	527.0	n/a	n/a	n/a	n/a
0.255756	0.148	saccade	n/a	321.8	99.5	n/a	396.8	99.0	3.02	555.0
0.255796	0.106	blink	n/a	n/a	n/a	n/a	n/a	n/a	n/a	n/a
0.256056	0.156	fixation	n/a	394.1	98.3	516.0	n/a	n/a	n/a	n/a
0.256372	0.024	saccade	n/a	393.6	95.8	n/a	480.3	90.6	3.5	248.0
0.256424	0.166	fixation	n/a	476.2	85.0	494.0	n/a	n/a	n/a	n/a
0.25676	0.038	saccade	n/a	477.1	79.8	n/a	253.5	80.9	8.94	375.0
0.25684	0.252	fixation	n/a	238.7	86.7	428.0	n/a	n/a	n/a	n/a
0.257348	0.026	saccade	n/a	238.7	91.0	n/a	321.8	77.4	3.37	236.0
0.257404	0.188	fixation	n/a	322.7	78.4	439.0	n/a	n/a	n/a	n/a
0.257784	0.024	saccade	n/a	322.5	80.2	n/a	399.1	81.5	3.08	235.0
0.257836	0.368	fixation	n/a	397.5	83.0	472.0	n/a	n/a	n/a	n/a
0.258576	0.042	saccade	n/a	398.4	85.1	n/a	193.9	85.0	8.16	336.0
0.258664	0.248	fixation	n/a	194.5	87.5	482.0	n/a	n/a	n/a	n/a
0.259164	0.024	saccade	n/a	193.0	89.4	n/a	286.3	77.5	3.74	273.0
0.259216	0.214	fixation	n/a	290.1	84.7	494.0	n/a	n/a	n/a	n/a
0.259648	0.02	saccade	n/a	291.1	90.8	n/a	356.8	91.2	2.64	208.0
0.259692	0.086	fixation	n/a	362.3	92.5	509.0	n/a	n/a	n/a	n/a
0.259868	0.03	saccade	n/a	363.4	92.3	n/a	234.2	87.0	5.17	299.0
0.259932	0.56	fixation	n/a	233.7	87.0	513.0	n/a	n/a	n/a	n/a
0.261056	0.036	saccade	n/a	230.9	86.5	n/a	379.9	98.4	5.98	320.0
0.261132	0.148	fixation	n/a	376.4	97.6	526.0	n/a	n/a	n/a	n/a
0.261432	0.024	saccade	n/a	378.6	97.9	n/a	466.2	90.6	3.54	252.0
0.261484	0.178	fixation	n/a	468.0	90.9	512.0	n/a	n/a	n/a	n/a
0.261844	0.022	saccade	n/a	469.1	91.3	n/a	539.3	85.9	2.82	217.0
0.261892	0.232	fixation	n/a	534.7	87.3	495.0	n/a	n/a	n/a	n/a
0.26236	0.062	saccade	n/a	536.0	85.8	n/a	171.9	132.1	14.54	378.0
0.262488	0.142	fixation	n/a	173.7	134.2	491.0	n/a	n/a	n/a	n/a
0.262776	0.018	saccade	n/a	171.0	134.1	n/a	132.1	142.1	1.55	150.0
0.262816	0.204	fixation	n/a	138.7	142.6	489.0	n/a	n/a	n/a	n/a
0.263228	0.04	saccade	n/a	139.9	144.0	n/a	284.9	149.7	5.74	287.0
0.263312	0.172	fixation	n/a	283.6	148.3	485.0	n/a	n/a	n/a	n/a
0.26366	0.02	saccade	n/a	284.9	151.5	n/a	353.1	149.7	2.73	237.0
0.263704	0.256	fixation	n/a	350.5	149.6	469.0	n/a	n/a	n/a	n/a
0.26422	0.02	saccade	n/a	348.8	146.5	n/a	405.6	148.0	2.29	198.0
0.264264	0.302	fixation	n/a	407.5	151.3	457.0	n/a	n/a	n/a	n/a
0.264872	0.022	saccade	n/a	406.3	150.7	n/a	348.7	146.1	2.33	186.0
0.26492	0.15	fixation	n/a	358.7	147.9	475.0	n/a	n/a	n/a	n/a
0.265224	0.028	saccade	n/a	358.3	149.6	n/a	252.9	135.2	4.26	275.0
0.265284	0.144	fixation	n/a	250.2	138.7	486.0	n/a	n/a	n/a	n/a
0.265576	0.022	saccade	n/a	251.6	140.8	n/a	276.9	100.2	1.94	148.0
0.265624	0.244	fixation	n/a	288.6	95.5	473.0	n/a	n/a	n/a	n/a
0.266116	0.016	saccade	n/a	289.7	94.0	n/a	330.4	83.2	1.69	154.0
0.266152	0.128	fixation	n/a	332.0	89.7	479.0	n/a	n/a	n/a	n/a
0.266412	0.026	saccade	n/a	330.4	88.5	n/a	442.8	90.3	4.52	299.0
0.266468	0.23	fixation	n/a	445.9	94.8	490.0	n/a	n/a	n/a	n/a
0.266932	0.038	saccade	n/a	447.1	94.9	n/a	262.7	84.2	7.42	335.0
0.267012	0.082	fixation	n/a	257.0	83.7	488.0	n/a	n/a	n/a	n/a
0.26718	0.026	saccade	n/a	257.3	85.2	n/a	175.0	87.0	3.26	240.0
0.267236	0.214	fixation	n/a	183.5	89.9	489.0	n/a	n/a	n/a	n/a
0.267668	0.038	saccade	n/a	183.4	90.5	n/a	297.5	86.2	4.54	231.0
0.267748	0.146	fixation	n/a	293.5	84.5	493.0	n/a	n/a	n/a	n/a
0.268044	0.034	saccade	n/a	295.9	84.4	n/a	413.1	97.6	4.74	274.0
0.268116	0.15	fixation	n/a	408.5	95.8	509.0	n/a	n/a	n/a	n/a
0.26842	0.02	saccade	n/a	409.8	98.0	n/a	467.1	96.5	2.31	196.0
0.268464	0.168	fixation	n/a	462.0	96.3	513.0	n/a	n/a	n/a	n/a
0.268804	0.03	saccade	n/a	462.5	96.9	n/a	331.7	151.5	5.71	333.0
0.268868	0.178	fixation	n/a	326.4	157.2	523.0	n/a	n/a	n/a	n/a
0.269228	0.02	saccade	n/a	326.9	157.8	n/a	295.9	164.6	1.27	135.0
0.269272	0.164	fixation	n/a	301.7	164.3	524.0	n/a	n/a	n/a	n/a
0.269604	0.034	saccade	n/a	299.1	161.2	n/a	452.1	156.6	6.14	306.0
0.269676	0.328	fixation	n/a	452.6	156.1	507.0	n/a	n/a	n/a	n/a
0.270336	0.022	saccade	n/a	454.0	159.1	n/a	373.8	160.4	3.23	271.0
0.270384	0.182	fixation	n/a	372.6	160.7	496.0	n/a	n/a	n/a	n/a
0.270752	0.018	saccade	n/a	371.8	161.0	n/a	327.8	161.2	1.77	157.0
0.270792	0.178	fixation	n/a	334.2	162.5	502.0	n/a	n/a	n/a	n/a
0.271152	0.032	saccade	n/a	332.4	162.1	n/a	464.8	156.5	5.32	304.0
0.27122	0.194	fixation	n/a	462.6	156.0	502.0	n/a	n/a	n/a	n/a
0.271612	0.024	saccade	n/a	463.3	151.3	n/a	546.1	148.2	3.31	260.0
0.271664	0.124	fixation	n/a	542.0	150.7	483.0	n/a	n/a	n/a	n/a
0.271916	0.022	saccade	n/a	541.7	153.7	n/a	582.7	151.7	1.63	176.0
0.271964	0.044	fixation	n/a	575.2	153.0	475.0	n/a	n/a	n/a	n/a
0.272056	0.05	saccade	n/a	575.8	152.1	n/a	243.7	212.6	13.4	433.0
0.27216	0.126	fixation	n/a	247.2	216.5	484.0	n/a	n/a	n/a	n/a
0.272416	0.024	saccade	n/a	244.7	219.0	n/a	156.2	218.1	3.48	271.0
0.272468	0.098	fixation	n/a	165.5	220.1	488.0	n/a	n/a	n/a	n/a
0.272668	0.018	saccade	n/a	163.7	220.3	n/a	121.2	215.1	1.67	141.0
0.272708	0.17	fixation	n/a	127.2	212.1	471.0	n/a	n/a	n/a	n/a
0.273052	0.03	saccade	n/a	126.7	211.7	n/a	289.1	211.7	6.39	351.0
0.273116	0.378	fixation	n/a	289.8	214.3	480.0	n/a	n/a	n/a	n/a
0.273876	0.024	saccade	n/a	288.0	209.7	n/a	228.7	129.3	4.03	306.0
0.273928	0.18	fixation	n/a	221.2	110.9	444.0	n/a	n/a	n/a	n/a
0.274292	0.014	saccade	n/a	220.9	107.7	n/a	213.5	87.9	0.86	78.0
0.274324	0.274	fixation	n/a	213.6	91.0	451.0	n/a	n/a	n/a	n/a
0.274876	0.038	saccade	n/a	214.5	91.2	n/a	382.8	91.9	6.73	281.0
0.274956	0.17	fixation	n/a	378.3	89.9	487.0	n/a	n/a	n/a	n/a
0.2753	0.024	saccade	n/a	378.5	90.5	n/a	460.2	90.4	3.29	248.0
0.275352	0.178	fixation	n/a	457.0	90.0	490.0	n/a	n/a	n/a	n/a
0.275712	0.022	saccade	n/a	457.4	91.2	n/a	519.6	86.7	2.5	186.0
0.27576	0.216	fixation	n/a	512.4	88.6	482.0	n/a	n/a	n/a	n/a
0.276196	0.054	saccade	n/a	511.0	86.8	n/a	185.1	146.5	13.16	354.0
0.276308	0.158	fixation	n/a	184.8	147.1	482.0	n/a	n/a	n/a	n/a
0.276628	0.02	saccade	n/a	183.1	145.6	n/a	141.9	144.5	1.62	153.0
0.276672	0.15	fixation	n/a	148.8	145.8	482.0	n/a	n/a	n/a	n/a
0.276976	0.038	saccade	n/a	149.5	146.0	n/a	334.0	154.8	7.32	345.0
0.277056	0.27	fixation	n/a	338.8	155.9	499.0	n/a	n/a	n/a	n/a
0.2776	0.02	saccade	n/a	339.1	158.2	n/a	397.7	151.9	2.37	208.0
0.277644	0.53	fixation	n/a	395.3	155.3	492.0	n/a	n/a	n/a	n/a
0.278708	0.038	saccade	n/a	397.3	155.0	n/a	253.5	76.7	6.59	334.0
0.278788	0.124	fixation	n/a	254.2	76.3	484.0	n/a	n/a	n/a	n/a
0.27904	0.024	saccade	n/a	252.2	75.7	n/a	167.9	84.3	3.35	248.0
0.279092	0.148	fixation	n/a	176.7	87.1	480.0	n/a	n/a	n/a	n/a
0.279392	0.014	saccade	n/a	176.0	87.9	n/a	145.2	87.9	1.21	116.0
0.279424	0.13	fixation	n/a	148.7	88.3	490.0	n/a	n/a	n/a	n/a
0.279688	0.026	saccade	n/a	148.9	89.3	n/a	268.4	77.1	4.75	326.0
0.279744	0.326	fixation	n/a	274.8	77.9	488.0	n/a	n/a	n/a	n/a
0.2804	0.016	saccade	n/a	277.1	79.2	n/a	244.3	80.2	1.31	119.0
0.280436	0.174	fixation	n/a	248.7	80.6	484.0	n/a	n/a	n/a	n/a
0.280788	0.022	saccade	n/a	247.3	81.5	n/a	326.0	79.1	3.15	251.0
0.280836	0.298	fixation	n/a	318.8	80.1	488.0	n/a	n/a	n/a	n/a
0.281436	0.036	saccade	n/a	320.7	81.4	n/a	186.6	87.9	5.34	278.0
0.281512	0.23	fixation	n/a	191.2	86.7	485.0	n/a	n/a	n/a	n/a
0.281976	0.018	saccade	n/a	188.6	86.8	n/a	244.0	79.6	2.21	196.0
0.282016	0.188	fixation	n/a	244.3	78.9	474.0	n/a	n/a	n/a	n/a
0.282396	0.018	saccade	n/a	245.6	77.1	n/a	204.0	82.4	1.66	139.0
0.282436	0.19	fixation	n/a	210.5	84.1	470.0	n/a	n/a	n/a	n/a
0.28282	0.012	saccade	n/a	207.8	85.1	n/a	185.0	86.8	0.9	90.0
0.282848	0.194	fixation	n/a	190.4	87.0	473.0	n/a	n/a	n/a	n/a
0.28324	0.016	saccade	n/a	190.1	86.9	n/a	231.7	80.6	1.66	158.0
0.283276	0.154	fixation	n/a	225.7	82.6	478.0	n/a	n/a	n/a	n/a
0.283588	0.016	saccade	n/a	225.6	83.5	n/a	186.3	87.0	1.56	141.0
0.283624	0.162	fixation	n/a	192.0	87.3	486.0	n/a	n/a	n/a	n/a
0.283952	0.006	saccade	n/a	189.5	88.3	n/a	179.5	88.3	0.39	59.0
0.283968	0.226	fixation	n/a	178.8	88.6	500.0	n/a	n/a	n/a	n/a
0.284424	0.02	saccade	n/a	176.7	89.2	n/a	230.3	82.4	2.14	197.0
0.284468	0.286	fixation	n/a	226.9	82.9	485.0	n/a	n/a	n/a	n/a
0.285044	0.016	saccade	n/a	225.1	83.0	n/a	262.7	77.9	1.51	147.0
0.28508	0.236	fixation	n/a	254.6	79.6	513.0	n/a	n/a	n/a	n/a
0.285556	0.022	saccade	n/a	255.0	81.7	n/a	321.5	88.1	2.67	223.0
0.285604	0.148	fixation	n/a	313.2	88.8	555.0	n/a	n/a	n/a	n/a
0.285904	0.022	saccade	n/a	313.1	91.4	n/a	240.1	82.1	2.94	235.0
0.285952	0.286	fixation	n/a	252.9	86.1	553.0	n/a	n/a	n/a	n/a
0.286528	0.008	saccade	n/a	248.9	82.1	n/a	236.4	83.4	0.5	63.0
0.286548	0.14	fixation	n/a	236.7	82.4	525.0	n/a	n/a	n/a	n/a
0.286832	0.024	saccade	n/a	237.3	82.3	n/a	326.4	84.0	3.56	274.0
0.286884	0.188	fixation	n/a	318.5	89.4	545.0	n/a	n/a	n/a	n/a
0.287264	0.022	saccade	n/a	318.7	91.7	n/a	391.2	90.8	2.92	226.0
0.287312	0.196	fixation	n/a	384.1	93.3	579.0	n/a	n/a	n/a	n/a
0.287708	0.022	saccade	n/a	383.1	93.1	n/a	438.9	94.5	2.25	193.0
0.287756	0.124	fixation	n/a	432.5	93.6	573.0	n/a	n/a	n/a	n/a
0.288008	0.022	saccade	n/a	432.7	93.4	n/a	501.2	87.7	2.77	224.0
0.288056	0.224	fixation	n/a	495.6	87.9	562.0	n/a	n/a	n/a	n/a
0.288508	0.022	saccade	n/a	496.8	91.1	n/a	529.3	88.7	1.31	162.0
0.288556	0.318	fixation	n/a	527.1	89.3	568.0	n/a	n/a	n/a	n/a
0.289196	0.02	saccade	n/a	526.4	90.9	n/a	469.4	92.8	2.29	204.0
0.28924	0.12	fixation	n/a	465.1	95.4	596.0	n/a	n/a	n/a	n/a
0.289484	0.05	saccade	n/a	465.5	95.5	n/a	156.1	152.7	12.47	391.0
0.289588	0.154	fixation	n/a	161.2	154.0	620.0	n/a	n/a	n/a	n/a
0.2899	0.016	saccade	n/a	162.0	155.7	n/a	134.8	154.8	1.06	107.0
0.289936	0.18	fixation	n/a	144.6	156.1	617.0	n/a	n/a	n/a	n/a
0.2903	0.036	saccade	n/a	146.3	158.1	n/a	317.4	162.0	6.78	365.0
0.290376	0.178	fixation	n/a	316.6	161.1	593.0	n/a	n/a	n/a	n/a
0.290736	0.022	saccade	n/a	317.0	161.4	n/a	258.6	161.4	2.34	166.0
0.290784	0.114	fixation	n/a	263.8	162.1	600.0	n/a	n/a	n/a	n/a
0.291016	0.202	saccade	n/a	261.2	169.3	n/a	282.7	160.2	0.93	729.0
0.291092	0.136	blink	n/a	n/a	n/a	n/a	n/a	n/a	n/a	n/a
0.291424	0.23	fixation	n/a	288.8	161.2	580.0	n/a	n/a	n/a	n/a
0.291888	0.036	saccade	n/a	286.4	155.0	n/a	444.7	152.9	6.35	334.0
0.291964	0.29	fixation	n/a	442.2	152.6	531.0	n/a	n/a	n/a	n/a
0.292548	0.02	saccade	n/a	443.8	152.6	n/a	402.6	149.7	1.66	158.0
0.292592	0.156	fixation	n/a	406.5	153.4	523.0	n/a	n/a	n/a	n/a
0.292908	0.036	saccade	n/a	406.3	160.4	n/a	269.8	157.0	5.48	272.0
0.292984	0.318	fixation	n/a	268.8	158.9	534.0	n/a	n/a	n/a	n/a
0.293624	0.028	saccade	n/a	265.8	160.1	n/a	372.4	155.8	4.28	283.0
0.293684	0.116	fixation	n/a	371.3	154.8	551.0	n/a	n/a	n/a	n/a
0.29392	0.024	saccade	n/a	372.4	154.9	n/a	464.2	146.8	3.71	298.0
0.293972	0.172	fixation	n/a	458.2	150.4	536.0	n/a	n/a	n/a	n/a
0.29432	0.024	saccade	n/a	457.8	152.1	n/a	528.7	145.4	2.85	229.0
0.294372	0.248	fixation	n/a	521.5	147.6	515.0	n/a	n/a	n/a	n/a
0.294872	0.024	saccade	n/a	520.7	148.8	n/a	435.7	161.4	3.45	244.0
0.294924	0.228	fixation	n/a	438.6	162.0	540.0	n/a	n/a	n/a	n/a
0.295384	0.046	saccade	n/a	438.7	162.3	n/a	241.4	113.6	8.14	340.0
0.29548	0.08	fixation	n/a	245.6	111.5	532.0	n/a	n/a	n/a	n/a
0.295644	0.022	saccade	n/a	244.4	110.8	n/a	196.8	85.5	2.15	161.0
0.295692	0.144	fixation	n/a	205.0	86.6	506.0	n/a	n/a	n/a	n/a
0.295984	0.04	saccade	n/a	204.5	87.0	n/a	420.2	92.2	8.61	395.0
0.296068	0.14	fixation	n/a	419.0	87.4	509.0	n/a	n/a	n/a	n/a
0.296352	0.026	saccade	n/a	420.0	86.6	n/a	511.0	86.9	3.65	279.0
0.296408	0.122	fixation	n/a	500.8	89.9	511.0	n/a	n/a	n/a	n/a
0.296656	0.024	saccade	n/a	501.2	91.6	n/a	566.0	85.6	2.6	201.0
0.296708	0.08	fixation	n/a	555.6	85.7	504.0	n/a	n/a	n/a	n/a
0.296872	0.058	saccade	n/a	555.8	84.4	n/a	163.6	133.5	15.63	438.0
0.296992	0.148	fixation	n/a	170.9	139.6	516.0	n/a	n/a	n/a	n/a
0.297292	0.01	saccade	n/a	170.4	141.7	n/a	151.3	140.1	0.75	81.0
0.297316	0.162	fixation	n/a	152.8	142.5	524.0	n/a	n/a	n/a	n/a
0.297644	0.032	saccade	n/a	149.9	141.8	n/a	300.2	150.4	5.96	360.0
0.297712	0.15	fixation	n/a	304.8	150.5	523.0	n/a	n/a	n/a	n/a
0.298016	0.028	saccade	n/a	306.4	151.3	n/a	437.6	150.8	5.28	354.0
0.298076	0.144	fixation	n/a	439.8	150.9	524.0	n/a	n/a	n/a	n/a
0.298368	0.022	saccade	n/a	438.7	151.9	n/a	519.9	141.1	3.29	258.0
0.298416	0.156	fixation	n/a	510.0	143.0	512.0	n/a	n/a	n/a	n/a
0.298732	0.022	saccade	n/a	509.7	139.8	n/a	554.5	140.1	1.79	186.0
0.29878	0.03	fixation	n/a	546.5	143.1	509.0	n/a	n/a	n/a	n/a
0.298844	0.054	saccade	n/a	546.5	141.6	n/a	169.4	205.8	15.13	430.0
0.298956	0.294	fixation	n/a	167.7	207.1	522.0	n/a	n/a	n/a	n/a
0.299548	0.024	saccade	n/a	167.1	208.0	n/a	251.8	216.0	3.36	274.0
0.2996	0.152	fixation	n/a	245.1	215.4	526.0	n/a	n/a	n/a	n/a
0.299908	0.036	saccade	n/a	245.6	215.4	n/a	423.9	150.8	7.6	373.0
0.299984	0.162	fixation	n/a	428.0	146.2	538.0	n/a	n/a	n/a	n/a
0.300312	0.026	saccade	n/a	430.3	146.2	n/a	509.7	142.3	3.19	243.0
0.300368	0.108	fixation	n/a	499.5	143.3	533.0	n/a	n/a	n/a	n/a
0.300588	0.05	saccade	n/a	499.9	143.7	n/a	311.3	117.7	7.65	358.0
0.300692	0.098	fixation	n/a	316.8	118.1	540.0	n/a	n/a	n/a	n/a
0.300892	0.034	saccade	n/a	314.5	117.6	n/a	406.4	98.2	3.78	274.0
0.300964	0.24	fixation	n/a	399.3	93.4	560.0	n/a	n/a	n/a	n/a
0.301448	0.022	saccade	n/a	399.6	95.2	n/a	465.3	87.9	2.66	237.0
0.301496	0.114	fixation	n/a	460.5	88.1	576.0	n/a	n/a	n/a	n/a
0.301728	0.024	saccade	n/a	460.5	89.4	n/a	515.8	81.6	2.24	211.0
0.30178	0.192	fixation	n/a	505.9	84.0	571.0	n/a	n/a	n/a	n/a
0.302168	0.058	saccade	n/a	507.0	83.3	n/a	169.7	149.9	13.63	414.0
0.302288	0.168	fixation	n/a	173.3	151.2	582.0	n/a	n/a	n/a	n/a
0.302628	0.018	saccade	n/a	171.3	152.1	n/a	148.4	149.3	0.9	112.0
0.302668	0.128	fixation	n/a	152.6	148.6	580.0	n/a	n/a	n/a	n/a
0.302928	0.034	saccade	n/a	151.8	146.7	n/a	320.2	147.0	6.67	371.0
0.303	0.074	fixation	n/a	325.7	146.1	563.0	n/a	n/a	n/a	n/a
0.303152	0.044	saccade	n/a	329.1	147.7	n/a	487.9	144.8	6.38	370.0
0.303244	0.222	fixation	n/a	498.0	143.9	566.0	n/a	n/a	n/a	n/a
0.303692	0.052	saccade	n/a	499.5	145.9	n/a	180.5	212.4	12.94	415.0
0.3038	0.178	fixation	n/a	185.3	213.0	583.0	n/a	n/a	n/a	n/a
0.30416	0.04	saccade	n/a	182.5	213.7	n/a	210.5	82.2	5.42	251.0
0.304244	0.28	fixation	n/a	211.4	77.5	537.0	n/a	n/a	n/a	n/a
0.304808	0.022	saccade	n/a	212.9	78.6	n/a	308.7	83.4	3.83	324.0
0.304856	0.086	fixation	n/a	306.7	88.5	549.0	n/a	n/a	n/a	n/a
0.305032	0.026	saccade	n/a	308.6	90.6	n/a	191.9	77.5	4.68	325.0
0.305088	0.118	fixation	n/a	199.4	79.6	571.0	n/a	n/a	n/a	n/a
0.305328	0.022	saccade	n/a	197.8	78.8	n/a	154.3	85.5	1.73	182.0
0.305376	0.184	fixation	n/a	159.7	85.4	583.0	n/a	n/a	n/a	n/a
0.305748	0.018	saccade	n/a	159.7	85.3	n/a	133.4	89.1	1.04	104.0
0.305788	0.114	fixation	n/a	138.9	88.4	583.0	n/a	n/a	n/a	n/a
0.30602	0.044	saccade	n/a	138.6	88.6	n/a	426.6	90.2	11.43	435.0
0.306112	0.258	fixation	n/a	428.4	88.2	586.0	n/a	n/a	n/a	n/a
0.306632	0.024	saccade	n/a	429.3	88.7	n/a	520.7	90.9	3.67	273.0
0.306684	0.168	fixation	n/a	514.8	91.4	568.0	n/a	n/a	n/a	n/a
0.307024	0.046	saccade	n/a	516.6	91.1	n/a	265.7	137.8	10.21	375.0
0.30712	0.142	fixation	n/a	269.2	139.9	574.0	n/a	n/a	n/a	n/a
0.307408	0.038	saccade	n/a	266.6	142.2	n/a	461.4	147.2	7.81	371.0
0.307488	0.12	fixation	n/a	463.7	145.6	580.0	n/a	n/a	n/a	n/a
0.307732	0.032	saccade	n/a	466.4	146.2	n/a	528.1	144.4	2.47	271.0
0.3078	0.124	fixation	n/a	532.6	143.7	562.0	n/a	n/a	n/a	n/a
0.308052	0.052	saccade	n/a	535.5	143.3	n/a	225.1	220.3	12.71	407.0
0.30816	0.182	fixation	n/a	219.8	219.1	576.0	n/a	n/a	n/a	n/a
0.308528	0.02	saccade	n/a	219.2	218.2	n/a	161.8	220.9	2.26	196.0
0.308572	0.344	fixation	n/a	169.6	218.5	548.0	n/a	n/a	n/a	n/a
0.309264	0.02	saccade	n/a	171.0	219.3	n/a	225.1	205.5	2.21	209.0
0.309308	0.244	fixation	n/a	222.3	205.9	509.0	n/a	n/a	n/a	n/a
0.3098	0.022	saccade	n/a	222.2	204.8	n/a	275.5	136.6	3.48	257.0
0.309848	0.178	fixation	n/a	283.6	126.6	509.0	n/a	n/a	n/a	n/a
0.310208	0.064	saccade	n/a	284.5	125.9	n/a	386.1	512.6	15.68	347.0
0.31034	0.144	fixation	n/a	385.6	509.5	499.0	n/a	n/a	n/a	n/a
0.310632	0.026	saccade	n/a	384.2	514.3	n/a	475.4	524.9	3.54	267.0
0.310688	0.258	fixation	n/a	472.7	524.5	443.0	n/a	n/a	n/a	n/a
0.311208	0.022	saccade	n/a	478.9	528.3	n/a	408.8	531.1	2.7	190.0
0.311256	0.092	fixation	n/a	410.5	531.4	374.0	n/a	n/a	n/a	n/a
0.311444	0.054	saccade	n/a	408.1	530.1	n/a	366.9	120.2	16.09	433.0
0.311556	0.198	fixation	n/a	369.4	108.8	343.0	n/a	n/a	n/a	n/a
0.311956	0.038	saccade	n/a	370.5	106.0	n/a	216.5	89.8	6.2	235.0
0.312036	0.106	fixation	n/a	217.7	89.9	353.0	n/a	n/a	n/a	n/a
0.312252	0.024	saccade	n/a	216.9	90.7	n/a	137.6	80.5	3.14	224.0
0.312304	0.28	fixation	n/a	145.6	86.3	425.0	n/a	n/a	n/a	n/a
0.312868	0.018	saccade	n/a	147.2	89.8	n/a	202.6	84.9	2.19	192.0
0.312908	0.226	fixation	n/a	205.5	85.3	494.0	n/a	n/a	n/a	n/a
0.313364	0.02	saccade	n/a	206.0	85.5	n/a	156.5	86.5	1.95	168.0
0.313408	0.228	fixation	n/a	163.5	88.3	517.0	n/a	n/a	n/a	n/a
0.313868	0.02	saccade	n/a	162.6	89.9	n/a	226.3	82.2	2.53	215.0
0.313912	0.152	fixation	n/a	225.1	83.2	522.0	n/a	n/a	n/a	n/a
0.31422	0.024	saccade	n/a	224.8	84.5	n/a	302.1	81.3	3.09	281.0
0.314272	0.242	fixation	n/a	294.7	81.9	537.0	n/a	n/a	n/a	n/a
0.31476	0.02	saccade	n/a	293.6	82.6	n/a	351.3	83.8	2.32	201.0
0.314804	0.148	fixation	n/a	342.9	85.2	545.0	n/a	n/a	n/a	n/a
0.315104	0.026	saccade	n/a	342.8	88.2	n/a	434.0	88.7	3.67	256.0
0.31516	0.202	fixation	n/a	425.4	89.8	539.0	n/a	n/a	n/a	n/a
0.315568	0.028	saccade	n/a	427.5	91.7	n/a	303.1	82.4	5.02	296.0
0.315628	0.194	fixation	n/a	301.8	84.2	546.0	n/a	n/a	n/a	n/a
0.31602	0.02	saccade	n/a	297.5	83.9	n/a	343.7	89.3	1.87	175.0
0.316064	0.11	fixation	n/a	336.3	89.1	544.0	n/a	n/a	n/a	n/a
0.316288	0.032	saccade	n/a	336.6	92.3	n/a	400.4	98.2	2.58	268.0
0.316356	0.28	fixation	n/a	406.4	101.3	559.0	n/a	n/a	n/a	n/a
0.31692	0.022	saccade	n/a	405.5	105.2	n/a	465.3	96.2	2.43	200.0
0.316968	0.252	fixation	n/a	455.1	97.6	589.0	n/a	n/a	n/a	n/a
0.317476	0.02	saccade	n/a	455.9	100.4	n/a	492.4	95.3	1.48	162.0
0.31752	0.108	fixation	n/a	485.7	95.8	576.0	n/a	n/a	n/a	n/a
0.31774	0.016	saccade	n/a	486.8	97.9	n/a	522.0	97.5	1.41	132.0
0.317776	0.042	fixation	n/a	514.6	97.8	563.0	n/a	n/a	n/a	n/a
0.317864	0.062	saccade	n/a	514.2	98.0	n/a	143.8	142.0	14.75	428.0
0.317992	0.228	fixation	n/a	136.5	144.3	573.0	n/a	n/a	n/a	n/a
0.318452	0.022	saccade	n/a	133.5	143.8	n/a	166.6	88.7	2.57	204.0
0.3185	0.22	fixation	n/a	168.9	91.5	544.0	n/a	n/a	n/a	n/a
0.318944	0.034	saccade	n/a	169.7	91.3	n/a	334.0	86.4	6.52	334.0
0.319016	0.142	fixation	n/a	331.9	87.0	527.0	n/a	n/a	n/a	n/a
0.319304	0.028	saccade	n/a	333.0	85.9	n/a	438.6	82.3	4.25	286.0
0.319364	0.222	fixation	n/a	436.3	86.2	530.0	n/a	n/a	n/a	n/a
0.319812	0.05	saccade	n/a	435.0	83.4	n/a	245.4	79.9	7.6	219.0
0.319916	0.184	fixation	n/a	251.1	83.4	524.0	n/a	n/a	n/a	n/a
0.320288	0.02	saccade	n/a	248.4	83.4	n/a	198.4	85.0	1.99	171.0
0.320332	0.13	fixation	n/a	207.0	85.2	533.0	n/a	n/a	n/a	n/a
0.320596	0.032	saccade	n/a	206.7	85.1	n/a	343.0	86.9	5.43	311.0
0.320664	0.158	fixation	n/a	341.2	84.5	531.0	n/a	n/a	n/a	n/a
0.320984	0.026	saccade	n/a	342.8	82.4	n/a	446.4	81.7	4.17	294.0
0.32104	0.16	fixation	n/a	444.0	80.5	511.0	n/a	n/a	n/a	n/a
0.321364	0.048	saccade	n/a	446.0	81.6	n/a	193.0	83.1	10.1	366.0
0.321464	0.436	fixation	n/a	195.9	84.6	476.0	n/a	n/a	n/a	n/a
0.32234	0.018	saccade	n/a	196.9	86.5	n/a	150.3	87.5	1.83	150.0
0.32238	0.204	fixation	n/a	155.2	89.1	504.0	n/a	n/a	n/a	n/a
0.322792	0.022	saccade	n/a	154.4	89.7	n/a	226.9	80.0	2.88	238.0
0.32284	0.176	fixation	n/a	231.3	81.6	537.0	n/a	n/a	n/a	n/a
0.323196	0.02	saccade	n/a	232.7	81.5	n/a	295.8	85.5	2.52	201.0
0.32324	0.182	fixation	n/a	288.4	81.5	526.0	n/a	n/a	n/a	n/a
0.323608	0.018	saccade	n/a	288.1	78.6	n/a	332.5	79.5	1.78	167.0
0.323648	0.122	fixation	n/a	332.5	79.4	490.0	n/a	n/a	n/a	n/a
0.323896	0.026	saccade	n/a	332.8	79.2	n/a	245.4	80.9	3.5	224.0
0.323952	0.21	fixation	n/a	249.3	82.8	480.0	n/a	n/a	n/a	n/a
0.324376	0.038	saccade	n/a	246.7	84.0	n/a	419.6	87.4	6.93	307.0
0.324456	0.238	fixation	n/a	420.4	87.1	488.0	n/a	n/a	n/a	n/a
0.324936	0.02	saccade	n/a	421.3	89.7	n/a	472.6	86.5	2.07	198.0
0.32498	0.218	fixation	n/a	465.5	87.0	491.0	n/a	n/a	n/a	n/a
0.32542	0.018	saccade	n/a	468.8	88.1	n/a	500.7	87.8	1.28	138.0
0.32546	0.126	fixation	n/a	494.4	89.8	499.0	n/a	n/a	n/a	n/a
0.325716	0.018	saccade	n/a	493.8	90.9	n/a	539.0	85.2	1.82	171.0
0.325756	0.154	fixation	n/a	537.7	87.6	489.0	n/a	n/a	n/a	n/a
0.326068	0.056	saccade	n/a	538.3	87.3	n/a	135.6	131.9	15.96	443.0
0.326184	0.26	fixation	n/a	139.6	136.3	491.0	n/a	n/a	n/a	n/a
0.326708	0.014	saccade	n/a	136.7	138.0	n/a	124.5	143.2	0.52	72.0
0.32674	0.168	fixation	n/a	127.9	141.9	487.0	n/a	n/a	n/a	n/a
0.32708	0.026	saccade	n/a	128.1	141.9	n/a	239.4	140.8	4.38	316.0
0.327136	0.124	fixation	n/a	245.1	146.6	500.0	n/a	n/a	n/a	n/a
0.327388	0.152	saccade	n/a	243.2	155.4	n/a	259.1	150.3	0.67	405.0
0.327452	0.092	blink	n/a	n/a	n/a	n/a	n/a	n/a	n/a	n/a
0.327696	0.118	fixation	n/a	261.8	155.0	502.0	n/a	n/a	n/a	n/a
0.327936	0.138	saccade	n/a	260.8	162.0	n/a	386.6	160.7	5.04	565.0
0.32798	0.092	blink	n/a	n/a	n/a	n/a	n/a	n/a	n/a	n/a
0.328216	0.214	fixation	n/a	385.6	158.5	491.0	n/a	n/a	n/a	n/a
0.328648	0.028	saccade	n/a	383.5	155.2	n/a	496.1	147.8	4.54	287.0
0.328708	0.24	fixation	n/a	492.9	145.9	467.0	n/a	n/a	n/a	n/a
0.329192	0.026	saccade	n/a	493.3	146.0	n/a	575.9	138.1	3.31	215.0
0.329248	0.256	fixation	n/a	567.7	142.8	462.0	n/a	n/a	n/a	n/a
0.329764	0.038	saccade	n/a	567.6	147.2	n/a	461.9	155.3	4.23	273.0
0.329844	0.202	fixation	n/a	468.2	153.1	511.0	n/a	n/a	n/a	n/a
0.330252	0.026	saccade	n/a	466.5	150.7	n/a	575.3	148.4	4.34	304.0
0.330308	0.23	fixation	n/a	570.5	151.4	500.0	n/a	n/a	n/a	n/a
0.330772	0.022	saccade	n/a	570.7	148.5	n/a	632.0	144.1	2.42	208.0
0.33082	0.262	fixation	n/a	620.4	149.9	486.0	n/a	n/a	n/a	n/a
0.331348	0.054	saccade	n/a	619.9	151.3	n/a	544.4	143.4	3.01	229.0
0.33146	0.17	fixation	n/a	548.1	145.2	528.0	n/a	n/a	n/a	n/a
0.331804	0.024	saccade	n/a	546.9	146.2	n/a	533.4	148.4	0.55	111.0
0.331856	0.058	fixation	n/a	530.5	149.3	562.0	n/a	n/a	n/a	n/a
0.331976	0.028	saccade	n/a	529.6	149.3	n/a	624.8	144.5	3.78	272.0
0.332036	0.154	fixation	n/a	612.6	144.8	575.0	n/a	n/a	n/a	n/a
0.332348	0.072	saccade	n/a	613.5	142.8	n/a	187.1	202.7	16.96	444.0
0.332496	0.182	fixation	n/a	178.0	209.8	600.0	n/a	n/a	n/a	n/a
0.332864	0.018	saccade	n/a	177.9	213.2	n/a	140.6	221.2	1.49	151.0
0.332904	0.29	fixation	n/a	146.2	221.0	568.0	n/a	n/a	n/a	n/a
0.333488	0.01	saccade	n/a	148.2	223.3	n/a	129.6	222.7	0.72	77.0
0.333512	0.13	fixation	n/a	134.4	222.6	529.0	n/a	n/a	n/a	n/a
0.333776	0.026	saccade	n/a	136.8	225.4	n/a	239.7	216.8	4.06	270.0
0.333832	0.546	fixation	n/a	250.2	220.2	541.0	n/a	n/a	n/a	n/a
0.334928	0.028	saccade	n/a	246.1	218.7	n/a	211.8	108.4	4.66	275.0
0.334988	0.136	fixation	n/a	206.1	102.7	542.0	n/a	n/a	n/a	n/a
0.335264	0.02	saccade	n/a	206.3	100.6	n/a	162.9	87.6	1.79	164.0
0.335308	0.232	fixation	n/a	165.3	89.4	535.0	n/a	n/a	n/a	n/a
0.335776	0.024	saccade	n/a	165.1	89.6	n/a	255.8	90.5	3.59	274.0
0.335828	0.202	fixation	n/a	253.2	92.2	556.0	n/a	n/a	n/a	n/a
0.336236	0.02	saccade	n/a	254.6	94.3	n/a	316.1	94.0	2.46	216.0
0.33628	0.156	fixation	n/a	308.2	92.4	564.0	n/a	n/a	n/a	n/a
0.336596	0.024	saccade	n/a	308.0	91.9	n/a	406.2	98.1	3.96	273.0
0.336648	0.28	fixation	n/a	415.6	105.0	557.0	n/a	n/a	n/a	n/a
0.337212	0.016	saccade	n/a	416.5	104.1	n/a	457.0	98.2	1.65	155.0
0.337248	0.044	fixation	n/a	460.4	95.1	565.0	n/a	n/a	n/a	n/a
0.33734	0.036	saccade	n/a	459.4	94.6	n/a	284.7	99.0	7.0	362.0
0.337416	0.512	fixation	n/a	286.3	101.3	570.0	n/a	n/a	n/a	n/a
0.338444	0.026	saccade	n/a	286.9	104.3	n/a	207.1	108.2	3.18	244.0
0.3385	0.338	fixation	n/a	211.9	108.1	571.0	n/a	n/a	n/a	n/a
0.33918	0.018	saccade	n/a	206.4	101.7	n/a	243.0	90.7	1.52	144.0
0.33922	0.23	fixation	n/a	240.4	93.7	498.0	n/a	n/a	n/a	n/a
0.339684	0.034	saccade	n/a	241.8	93.6	n/a	316.7	148.5	3.74	211.0
0.339756	0.148	fixation	n/a	318.1	150.6	480.0	n/a	n/a	n/a	n/a
0.340056	0.038	saccade	n/a	320.2	154.8	n/a	138.2	142.8	7.21	308.0
0.340136	0.432	fixation	n/a	141.7	143.3	492.0	n/a	n/a	n/a	n/a
0.341004	0.034	saccade	n/a	142.6	143.3	n/a	282.0	150.7	5.52	308.0
0.341076	0.192	fixation	n/a	280.8	151.8	507.0	n/a	n/a	n/a	n/a
0.341464	0.022	saccade	n/a	282.3	152.2	n/a	342.3	156.6	2.41	230.0
0.341512	0.12	fixation	n/a	334.0	156.9	519.0	n/a	n/a	n/a	n/a
0.341756	0.024	saccade	n/a	334.7	157.7	n/a	294.0	93.9	3.07	256.0
0.341808	0.144	fixation	n/a	293.9	101.2	511.0	n/a	n/a	n/a	n/a
0.3421	0.344	saccade	n/a	288.0	104.8	n/a	288.7	93.1	0.48	301.0
0.342184	0.302	blink	n/a	n/a	n/a	n/a	n/a	n/a	n/a	n/a
