onset	duration	trial_type	value	gaze_x	gaze_y	pupil_size	sacc_endx	sacc_endy	sacc_amplitude	sacc_peakvel
1.989	1.634	fixation	n/a	408.7	310.0	976.0	n/a	n/a	n/a	n/a
2.022	0.0	trigger_102	102	n/a	n/a	n/a	n/a	n/a	n/a	n/a
2.024	0.0	trigger_19	19	n/a	n/a	n/a	n/a	n/a	n/a	n/a
2.03	0.0	trigger_10	10	n/a	n/a	n/a	n/a	n/a	n/a	n/a
3.625	0.014	saccade	n/a	409.6	313.7	n/a	395.4	307.9	0.61	84.0
3.641	0.59	fixation	n/a	402.0	309.1	908.0	n/a	n/a	n/a	n/a
4.233	0.05	saccade	n/a	406.4	310.3	n/a	220.9	105.5	11.07	340.0
4.285	0.066	fixation	n/a	224.6	108.6	930.0	n/a	n/a	n/a	n/a
4.353	0.024	saccade	n/a	224.9	106.3	n/a	149.3	68.7	3.34	274.0
4.379	0.068	fixation	n/a	155.5	76.2	925.0	n/a	n/a	n/a	n/a
4.449	0.016	saccade	n/a	155.2	74.7	n/a	125.7	54.2	1.42	139.0
4.467	0.134	fixation	n/a	132.2	56.6	879.0	n/a	n/a	n/a	n/a
4.603	0.008	saccade	n/a	132.9	56.7	n/a	119.0	55.7	0.54	67.0
4.613	0.196	fixation	n/a	120.3	59.5	852.0	n/a	n/a	n/a	n/a
4.811	0.012	saccade	n/a	120.5	61.2	n/a	143.2	56.8	0.9	84.0
4.825	0.128	fixation	n/a	149.7	55.5	870.0	n/a	n/a	n/a	n/a
4.955	0.014	saccade	n/a	149.2	56.9	n/a	178.1	56.5	1.13	92.0
4.971	0.17	fixation	n/a	184.1	58.8	894.0	n/a	n/a	n/a	n/a
5.143	0.014	saccade	n/a	184.8	60.3	n/a	222.7	63.8	1.5	132.0
5.159	0.488	fixation	n/a	223.3	63.5	945.0	n/a	n/a	n/a	n/a
5.649	0.01	saccade	n/a	218.5	66.5	n/a	197.5	62.0	0.85	89.0
5.661	0.17	fixation	n/a	198.1	64.6	967.0	n/a	n/a	n/a	n/a
5.833	0.016	saccade	n/a	198.3	66.6	n/a	236.9	64.1	1.53	138.0
5.851	0.136	fixation	n/a	242.2	62.2	984.0	n/a	n/a	n/a	n/a
5.989	0.016	saccade	n/a	242.3	59.5	n/a	276.8	60.5	1.38	125.0
6.007	0.352	fixation	n/a	280.9	62.5	977.0	n/a	n/a	n/a	n/a
6.361	0.014	saccade	n/a	281.2	63.2	n/a	310.7	65.4	1.19	87.0
6.377	0.13	fixation	n/a	312.2	65.1	976.0	n/a	n/a	n/a	n/a
6.509	0.018	saccade	n/a	312.0	65.6	n/a	351.2	64.3	1.58	133.0
6.529	0.184	fixation	n/a	357.3	64.4	989.0	n/a	n/a	n/a	n/a
6.715	0.016	saccade	n/a	358.9	67.0	n/a	397.2	65.9	1.55	129.0
6.733	0.216	fixation	n/a	400.2	66.0	1001.0	n/a	n/a	n/a	n/a
6.951	0.02	saccade	n/a	398.7	68.7	n/a	457.1	66.5	2.35	172.0
6.973	0.206	fixation	n/a	472.7	63.9	966.0	n/a	n/a	n/a	n/a
7.181	0.02	saccade	n/a	471.9	64.8	n/a	518.0	65.6	1.85	140.0
7.203	0.23	fixation	n/a	519.7	66.2	975.0	n/a	n/a	n/a	n/a
7.435	0.016	saccade	n/a	520.1	67.6	n/a	551.1	66.6	1.24	92.0
7.453	0.14	fixation	n/a	554.0	66.0	976.0	n/a	n/a	n/a	n/a
7.595	0.012	saccade	n/a	553.3	65.1	n/a	577.8	64.5	0.97	88.0
7.609	0.164	fixation	n/a	579.3	66.7	972.0	n/a	n/a	n/a	n/a
7.775	0.012	saccade	n/a	577.2	67.3	n/a	552.2	64.0	1.0	97.0
7.789	0.22	fixation	n/a	555.2	67.3	970.0	n/a	n/a	n/a	n/a
8.011	0.054	saccade	n/a	550.0	80.2	n/a	161.7	127.8	15.47	415.0
8.067	0.12	fixation	n/a	171.7	130.8	1002.0	n/a	n/a	n/a	n/a
8.189	0.02	saccade	n/a	171.5	130.8	n/a	120.2	133.1	2.0	184.0
8.211	0.34	fixation	n/a	122.6	137.0	988.0	n/a	n/a	n/a	n/a
8.553	0.02	saccade	n/a	120.1	135.8	n/a	180.5	136.7	2.36	186.0
8.575	0.794	fixation	n/a	179.1	132.2	969.0	n/a	n/a	n/a	n/a
9.371	0.02	saccade	n/a	172.0	135.2	n/a	229.9	132.9	2.29	170.0
9.393	0.166	fixation	n/a	241.2	131.9	1005.0	n/a	n/a	n/a	n/a
9.561	0.022	saccade	n/a	241.5	132.7	n/a	304.5	131.2	2.52	162.0
9.585	0.268	fixation	n/a	317.5	131.3	1006.0	n/a	n/a	n/a	n/a
9.855	0.016	saccade	n/a	318.9	132.0	n/a	355.3	130.9	1.47	125.0
9.873	0.09	fixation	n/a	360.6	127.7	976.0	n/a	n/a	n/a	n/a
9.965	0.022	saccade	n/a	361.6	127.9	n/a	420.4	126.4	2.37	168.0
9.989	0.282	fixation	n/a	434.2	123.6	971.0	n/a	n/a	n/a	n/a
10.273	0.018	saccade	n/a	435.7	123.1	n/a	397.2	118.4	1.56	134.0
10.293	0.132	fixation	n/a	402.0	121.5	999.0	n/a	n/a	n/a	n/a
10.427	0.028	saccade	n/a	401.4	121.3	n/a	511.3	119.0	4.41	241.0
10.457	0.428	fixation	n/a	525.3	125.1	1000.0	n/a	n/a	n/a	n/a
10.887	0.216	saccade	n/a	506.6	145.0	n/a	509.7	140.4	0.23	812.0
10.917	0.136	blink	n/a	n/a	n/a	n/a	n/a	n/a	n/a	n/a
11.105	0.152	fixation	n/a	511.5	135.3	937.0	n/a	n/a	n/a	n/a
11.259	0.05	saccade	n/a	511.5	134.6	n/a	178.5	83.1	13.38	467.0
11.311	0.68	fixation	n/a	181.6	75.6	884.0	n/a	n/a	n/a	n/a
11.993	0.056	saccade	n/a	181.3	79.2	n/a	523.6	136.8	13.78	373.0
12.051	0.266	fixation	n/a	515.3	135.2	953.0	n/a	n/a	n/a	n/a
12.319	0.02	saccade	n/a	512.5	138.8	n/a	564.3	137.1	2.06	184.0
12.341	1.142	fixation	n/a	567.7	144.1	1065.0	n/a	n/a	n/a	n/a
13.485	0.006	saccade	n/a	571.0	145.9	n/a	580.2	144.9	0.37	56.0
13.493	0.19	fixation	n/a	581.2	147.1	1128.0	n/a	n/a	n/a	n/a
13.685	0.022	saccade	n/a	582.0	151.9	n/a	521.7	142.5	2.43	189.0
13.709	0.17	fixation	n/a	524.4	146.4	1052.0	n/a	n/a	n/a	n/a
13.881	0.02	saccade	n/a	526.0	144.2	n/a	455.6	140.4	2.83	209.0
13.903	0.258	fixation	n/a	447.3	143.9	984.0	n/a	n/a	n/a	n/a
14.163	0.152	saccade	n/a	445.2	156.8	n/a	444.2	151.0	0.24	1013.0
14.189	0.076	blink	n/a	n/a	n/a	n/a	n/a	n/a	n/a	n/a
14.317	1.058	fixation	n/a	442.3	154.2	1013.0	n/a	n/a	n/a	n/a
15.252	0.0	trigger_11	11	n/a	n/a	n/a	n/a	n/a	n/a	n/a
15.258	0.0	trigger_10	10	n/a	n/a	n/a	n/a	n/a	n/a	n/a
15.377	0.022	saccade	n/a	440.5	153.6	n/a	507.3	151.0	2.68	181.0
15.401	0.322	fixation	n/a	514.2	149.2	1148.0	n/a	n/a	n/a	n/a
15.725	0.018	saccade	n/a	512.2	148.6	n/a	564.4	141.1	2.1	163.0
15.745	0.94	fixation	n/a	568.3	142.4	1258.0	n/a	n/a	n/a	n/a
16.687	0.054	saccade	n/a	560.5	154.1	n/a	471.9	162.1	3.56	259.0
16.743	0.298	fixation	n/a	470.6	152.7	1354.0	n/a	n/a	n/a	n/a
17.043	0.036	saccade	n/a	469.4	156.6	n/a	340.2	154.6	5.19	236.0
17.081	0.148	fixation	n/a	344.3	155.1	1344.0	n/a	n/a	n/a	n/a
17.231	0.036	saccade	n/a	345.2	155.2	n/a	210.8	152.4	5.36	277.0
17.269	0.2	fixation	n/a	220.1	153.0	1309.0	n/a	n/a	n/a	n/a
17.471	0.024	saccade	n/a	221.7	151.6	n/a	143.3	126.1	3.25	220.0
17.497	0.062	fixation	n/a	142.9	116.1	1270.0	n/a	n/a	n/a	n/a
17.561	0.018	saccade	n/a	142.3	115.8	n/a	127.7	84.1	1.39	127.0
17.581	0.352	fixation	n/a	129.7	83.2	1103.0	n/a	n/a	n/a	n/a
17.935	0.02	saccade	n/a	126.7	74.2	n/a	177.4	76.5	1.99	154.0
17.957	0.106	fixation	n/a	188.3	77.6	1036.0	n/a	n/a	n/a	n/a
18.065	0.112	saccade	n/a	195.2	89.8	n/a	235.1	84.4	1.6	814.0
18.097	0.028	blink	n/a	n/a	n/a	n/a	n/a	n/a	n/a	n/a
18.179	0.334	fixation	n/a	230.1	83.9	1140.0	n/a	n/a	n/a	n/a
18.515	0.012	saccade	n/a	229.1	81.6	n/a	253.5	78.9	0.98	90.0
18.529	0.452	fixation	n/a	250.4	80.0	1123.0	n/a	n/a	n/a	n/a
18.983	0.008	saccade	n/a	248.6	82.0	n/a	263.3	78.5	0.6	72.0
18.993	0.224	fixation	n/a	268.0	77.3	1108.0	n/a	n/a	n/a	n/a
19.219	0.02	saccade	n/a	269.2	77.9	n/a	213.7	79.0	2.21	160.0
19.241	0.184	fixation	n/a	210.8	78.8	1107.0	n/a	n/a	n/a	n/a
19.427	0.02	saccade	n/a	213.3	80.1	n/a	164.0	78.8	1.95	152.0
19.449	0.172	fixation	n/a	165.6	81.4	1114.0	n/a	n/a	n/a	n/a
19.623	0.016	saccade	n/a	165.3	83.7	n/a	130.2	83.7	1.37	121.0
19.641	0.112	fixation	n/a	136.3	83.8	1107.0	n/a	n/a	n/a	n/a
19.755	0.014	saccade	n/a	133.9	83.4	n/a	105.2	82.9	1.11	110.0
19.771	0.198	fixation	n/a	112.0	85.1	1080.0	n/a	n/a	n/a	n/a
19.971	0.054	saccade	n/a	115.9	90.4	n/a	174.7	82.1	2.32	150.0
20.027	0.188	fixation	n/a	174.0	83.2	1063.0	n/a	n/a	n/a	n/a
20.217	0.082	saccade	n/a	176.4	86.7	n/a	237.3	84.0	2.41	350.0
20.301	0.258	fixation	n/a	234.2	81.3	1036.0	n/a	n/a	n/a	n/a
20.561	0.006	saccade	n/a	236.6	79.3	n/a	243.6	77.6	0.29	45.0
20.569	0.212	fixation	n/a	246.2	78.7	1039.0	n/a	n/a	n/a	n/a
20.783	0.01	saccade	n/a	248.6	76.5	n/a	268.5	76.3	0.79	85.0
20.795	0.158	fixation	n/a	270.9	72.7	1016.0	n/a	n/a	n/a	n/a
20.955	0.016	saccade	n/a	270.2	73.3	n/a	310.9	75.3	1.63	129.0
20.973	0.23	fixation	n/a	318.1	71.5	998.0	n/a	n/a	n/a	n/a
21.205	0.018	saccade	n/a	319.6	69.9	n/a	361.7	67.5	1.7	135.0
21.225	0.246	fixation	n/a	368.8	67.6	999.0	n/a	n/a	n/a	n/a
21.473	0.018	saccade	n/a	368.6	69.4	n/a	414.7	71.1	1.86	141.0
21.493	0.202	fixation	n/a	422.3	69.3	1004.0	n/a	n/a	n/a	n/a
21.697	0.016	saccade	n/a	422.9	68.4	n/a	463.3	68.0	1.63	135.0
21.715	0.17	fixation	n/a	465.7	64.6	1007.0	n/a	n/a	n/a	n/a
21.887	0.018	saccade	n/a	465.5	64.8	n/a	515.9	64.0	2.02	152.0
21.907	0.19	fixation	n/a	520.2	65.4	1030.0	n/a	n/a	n/a	n/a
22.099	0.016	saccade	n/a	517.8	67.6	n/a	554.2	67.8	1.45	108.0
22.117	0.098	fixation	n/a	554.7	67.9	1024.0	n/a	n/a	n/a	n/a
22.217	0.052	saccade	n/a	555.3	70.6	n/a	166.2	133.0	15.59	462.0
22.271	0.124	fixation	n/a	176.1	132.5	1042.0	n/a	n/a	n/a	n/a
22.397	0.018	saccade	n/a	178.7	132.0	n/a	127.1	138.8	2.04	178.0
22.417	0.25	fixation	n/a	127.2	138.4	1014.0	n/a	n/a	n/a	n/a
22.669	0.006	saccade	n/a	127.4	134.0	n/a	138.1	132.8	0.42	59.0
22.677	0.146	fixation	n/a	138.9	132.8	974.0	n/a	n/a	n/a	n/a
22.825	0.022	saccade	n/a	139.2	130.9	n/a	210.6	129.6	2.81	189.0
22.849	0.224	fixation	n/a	221.2	129.8	970.0	n/a	n/a	n/a	n/a
23.075	0.022	saccade	n/a	222.7	133.0	n/a	276.7	133.1	2.15	170.0
23.099	0.198	fixation	n/a	273.7	130.9	978.0	n/a	n/a	n/a	n/a
23.299	0.022	saccade	n/a	270.4	130.3	n/a	332.9	127.7	2.51	180.0
23.323	0.142	fixation	n/a	339.2	126.3	978.0	n/a	n/a	n/a	n/a
23.467	0.024	saccade	n/a	339.6	126.3	n/a	413.9	128.8	2.99	178.0
23.493	0.24	fixation	n/a	418.5	126.5	975.0	n/a	n/a	n/a	n/a
23.735	0.016	saccade	n/a	419.2	129.5	n/a	458.9	126.7	1.6	136.0
23.753	0.178	fixation	n/a	463.7	125.5	966.0	n/a	n/a	n/a	n/a
23.933	0.02	saccade	n/a	464.1	124.6	n/a	515.8	127.0	2.07	143.0
23.955	0.224	fixation	n/a	521.5	128.9	970.0	n/a	n/a	n/a	n/a
24.181	0.014	saccade	n/a	521.9	130.6	n/a	552.8	131.8	1.23	110.0
24.197	0.148	fixation	n/a	556.9	130.6	964.0	n/a	n/a	n/a	n/a
24.347	0.056	saccade	n/a	558.9	132.1	n/a	131.5	197.8	17.03	500.0
24.405	0.15	fixation	n/a	141.5	199.0	974.0	n/a	n/a	n/a	n/a
24.486	0.0	trigger_11	11	n/a	n/a	n/a	n/a	n/a	n/a	n/a
24.49	0.0	trigger_10	10	n/a	n/a	n/a	n/a	n/a	n/a	n/a
24.557	0.01	saccade	n/a	140.5	197.8	n/a	125.9	195.2	0.58	59.0
24.569	0.346	fixation	n/a	127.2	198.7	971.0	n/a	n/a	n/a	n/a
24.917	0.032	saccade	n/a	125.8	198.9	n/a	170.9	116.0	3.77	181.0
24.951	0.032	fixation	n/a	168.9	94.4	932.0	n/a	n/a	n/a	n/a
24.985	0.018	saccade	n/a	168.4	82.9	n/a	146.3	40.5	1.91	156.0
25.005	0.23	fixation	n/a	154.1	46.0	917.0	n/a	n/a	n/a	n/a
25.237	0.022	saccade	n/a	155.2	49.1	n/a	223.6	58.3	2.72	178.0
25.261	0.26	fixation	n/a	228.4	61.4	964.0	n/a	n/a	n/a	n/a
25.523	0.024	saccade	n/a	229.8	66.4	n/a	157.1	64.1	2.87	176.0
25.549	0.198	fixation	n/a	156.7	67.6	979.0	n/a	n/a	n/a	n/a
25.749	0.006	saccade	n/a	152.6	71.8	n/a	143.3	69.2	0.38	56.0
25.757	0.282	fixation	n/a	143.7	66.8	978.0	n/a	n/a	n/a	n/a
26.041	0.012	saccade	n/a	143.4	66.8	n/a	116.8	63.4	1.04	96.0
26.055	0.872	fixation	n/a	125.2	67.9	989.0	n/a	n/a	n/a	n/a
26.929	0.014	saccade	n/a	130.2	74.6	n/a	105.1	67.1	1.02	93.0
26.945	0.162	fixation	n/a	110.0	65.9	996.0	n/a	n/a	n/a	n/a
27.109	0.016	saccade	n/a	111.5	62.9	n/a	155.5	64.0	1.71	150.0
27.127	0.176	fixation	n/a	161.8	64.4	1000.0	n/a	n/a	n/a	n/a
27.305	0.016	saccade	n/a	162.5	65.2	n/a	119.2	61.7	1.69	142.0
27.323	0.136	fixation	n/a	118.3	65.0	1011.0	n/a	n/a	n/a	n/a
27.461	0.01	saccade	n/a	114.4	64.5	n/a	98.4	61.4	0.63	67.0
27.473	0.168	fixation	n/a	99.9	62.6	989.0	n/a	n/a	n/a	n/a
27.643	0.016	saccade	n/a	101.7	65.7	n/a	147.1	68.6	1.77	150.0
27.661	0.154	fixation	n/a	153.3	69.3	1008.0	n/a	n/a	n/a	n/a
27.817	0.014	saccade	n/a	157.8	76.9	n/a	184.6	73.5	1.06	85.0
27.833	0.152	fixation	n/a	205.4	70.7	1010.0	n/a	n/a	n/a	n/a
27.987	0.092	saccade	n/a	208.8	72.5	n/a	216.2	74.1	0.3	473.0
28.081	0.458	fixation	n/a	209.8	67.6	949.0	n/a	n/a	n/a	n/a
28.541	0.018	saccade	n/a	208.9	63.2	n/a	248.7	65.9	1.58	125.0
28.561	0.152	fixation	n/a	258.5	65.5	948.0	n/a	n/a	n/a	n/a
28.715	0.022	saccade	n/a	256.5	65.7	n/a	319.9	66.4	2.54	163.0
28.739	0.17	fixation	n/a	325.7	65.5	962.0	n/a	n/a	n/a	n/a
28.911	0.016	saccade	n/a	325.3	65.7	n/a	361.4	67.5	1.45	116.0
28.929	0.354	fixation	n/a	362.5	65.0	944.0	n/a	n/a	n/a	n/a
29.285	0.006	saccade	n/a	360.1	64.1	n/a	352.9	59.4	0.35	50.0
29.293	0.196	fixation	n/a	353.2	58.9	919.0	n/a	n/a	n/a	n/a
29.491	0.024	saccade	n/a	354.2	60.5	n/a	279.7	52.7	3.0	216.0
29.517	0.366	fixation	n/a	278.6	57.6	914.0	n/a	n/a	n/a	n/a
29.885	0.01	saccade	n/a	280.1	59.5	n/a	299.6	60.6	0.78	82.0
29.897	0.172	fixation	n/a	304.6	59.5	920.0	n/a	n/a	n/a	n/a
30.071	0.022	saccade	n/a	304.7	61.5	n/a	364.4	61.5	2.4	164.0
30.095	0.186	fixation	n/a	370.3	61.0	946.0	n/a	n/a	n/a	n/a
30.283	0.018	saccade	n/a	371.3	61.0	n/a	417.2	61.8	1.85	137.0
30.303	0.176	fixation	n/a	423.3	59.9	977.0	n/a	n/a	n/a	n/a
30.481	0.016	saccade	n/a	422.4	60.4	n/a	461.7	62.7	1.58	138.0
30.499	0.158	fixation	n/a	466.1	59.8	969.0	n/a	n/a	n/a	n/a
30.659	0.014	saccade	n/a	466.9	59.4	n/a	501.1	57.7	1.37	128.0
30.675	0.148	fixation	n/a	505.1	59.8	952.0	n/a	n/a	n/a	n/a
30.825	0.014	saccade	n/a	505.3	62.1	n/a	535.3	59.4	1.2	107.0
30.841	0.11	fixation	n/a	539.3	59.0	955.0	n/a	n/a	n/a	n/a
30.953	0.052	saccade	n/a	538.2	59.5	n/a	143.7	124.4	15.78	476.0
31.007	0.186	fixation	n/a	155.2	126.3	971.0	n/a	n/a	n/a	n/a
31.195	0.012	saccade	n/a	156.5	127.9	n/a	131.9	125.7	0.97	87.0
31.209	0.122	fixation	n/a	131.1	126.2	969.0	n/a	n/a	n/a	n/a
31.333	0.018	saccade	n/a	131.3	124.8	n/a	90.0	124.1	1.6	140.0
31.353	0.184	fixation	n/a	97.3	124.0	943.0	n/a	n/a	n/a	n/a
31.539	0.024	saccade	n/a	96.2	122.6	n/a	184.7	123.9	3.45	247.0
31.565	0.208	fixation	n/a	197.8	123.0	944.0	n/a	n/a	n/a	n/a
31.775	0.022	saccade	n/a	198.9	125.5	n/a	270.2	127.7	2.84	220.0
31.799	0.216	fixation	n/a	273.2	124.2	947.0	n/a	n/a	n/a	n/a
32.017	0.02	saccade	n/a	271.9	122.6	n/a	327.9	125.3	2.25	191.0
32.039	0.196	fixation	n/a	337.2	123.6	951.0	n/a	n/a	n/a	n/a
32.237	0.02	saccade	n/a	338.9	125.3	n/a	396.5	122.7	2.32	160.0
32.259	0.154	fixation	n/a	402.4	120.3	938.0	n/a	n/a	n/a	n/a
32.415	0.022	saccade	n/a	404.3	120.9	n/a	473.5	124.9	2.79	190.0
32.439	0.466	fixation	n/a	489.1	128.5	917.0	n/a	n/a	n/a	n/a
32.662	0.0	trigger_11	11	n/a	n/a	n/a	n/a	n/a	n/a	n/a
32.666	0.0	trigger_10	10	n/a	n/a	n/a	n/a	n/a	n/a	n/a
32.907	0.022	saccade	n/a	495.4	130.0	n/a	414.9	126.0	3.24	226.0
32.931	0.4	fixation	n/a	405.3	127.7	930.0	n/a	n/a	n/a	n/a
33.333	0.02	saccade	n/a	405.5	129.8	n/a	467.5	127.2	2.5	174.0
33.355	0.212	fixation	n/a	482.0	125.9	955.0	n/a	n/a	n/a	n/a
33.569	0.042	saccade	n/a	483.5	125.0	n/a	295.4	77.7	7.78	318.0
33.613	0.132	fixation	n/a	303.3	78.7	964.0	n/a	n/a	n/a	n/a
33.747	0.022	saccade	n/a	304.2	81.6	n/a	241.9	64.8	2.58	173.0
33.771	0.13	fixation	n/a	235.1	66.6	950.0	n/a	n/a	n/a	n/a
33.903	0.03	saccade	n/a	234.6	68.9	n/a	337.4	64.0	4.11	214.0
33.935	0.172	fixation	n/a	339.0	62.1	942.0	n/a	n/a	n/a	n/a
34.109	0.016	saccade	n/a	339.3	62.5	n/a	381.0	60.6	1.68	130.0
34.127	0.088	fixation	n/a	380.1	59.6	934.0	n/a	n/a	n/a	n/a
34.217	0.044	saccade	n/a	382.0	59.4	n/a	119.8	60.2	10.36	369.0
34.263	0.194	fixation	n/a	132.6	61.3	907.0	n/a	n/a	n/a	n/a
34.459	0.012	saccade	n/a	133.2	61.0	n/a	109.3	57.9	0.93	88.0
34.473	0.458	fixation	n/a	113.1	58.8	908.0	n/a	n/a	n/a	n/a
34.933	0.018	saccade	n/a	115.4	63.2	n/a	159.3	56.8	1.73	147.0
34.953	0.258	fixation	n/a	157.5	57.9	939.0	n/a	n/a	n/a	n/a
35.213	0.02	saccade	n/a	155.7	57.2	n/a	213.1	59.0	2.26	173.0
35.235	0.478	fixation	n/a	223.9	58.3	927.0	n/a	n/a	n/a	n/a
35.715	0.016	saccade	n/a	224.2	62.0	n/a	255.8	62.3	1.26	106.0
35.733	0.168	fixation	n/a	261.4	61.9	957.0	n/a	n/a	n/a	n/a
35.903	0.016	saccade	n/a	261.4	62.8	n/a	296.2	60.1	1.39	121.0
35.921	0.15	fixation	n/a	303.5	59.8	979.0	n/a	n/a	n/a	n/a
36.073	0.018	saccade	n/a	304.0	60.0	n/a	355.9	63.7	2.09	156.0
36.093	0.208	fixation	n/a	360.1	64.3	999.0	n/a	n/a	n/a	n/a
36.303	0.02	saccade	n/a	358.1	65.6	n/a	405.3	65.7	1.9	135.0
36.325	0.168	fixation	n/a	411.3	67.6	1006.0	n/a	n/a	n/a	n/a
36.495	0.02	saccade	n/a	410.8	67.3	n/a	468.8	70.7	2.34	167.0
36.517	0.296	fixation	n/a	474.5	68.8	988.0	n/a	n/a	n/a	n/a
36.654	0.0	trigger_11	11	n/a	n/a	n/a	n/a	n/a	n/a	n/a
36.66	0.0	trigger_12	12	n/a	n/a	n/a	n/a	n/a	n/a	n/a
36.815	0.02	saccade	n/a	474.2	71.1	n/a	526.2	72.1	2.08	146.0
36.837	0.402	fixation	n/a	533.5	71.0	942.0	n/a	n/a	n/a	n/a
37.241	0.066	saccade	n/a	533.1	74.3	n/a	181.1	70.4	13.97	342.0
37.309	0.134	fixation	n/a	176.9	69.1	938.0	n/a	n/a	n/a	n/a
37.445	0.018	saccade	n/a	178.0	66.6	n/a	142.2	59.2	1.44	126.0
37.465	0.202	fixation	n/a	144.5	58.0	936.0	n/a	n/a	n/a	n/a
37.669	0.01	saccade	n/a	142.5	57.0	n/a	122.4	58.0	0.78	81.0
37.681	0.318	fixation	n/a	121.4	57.2	900.0	n/a	n/a	n/a	n/a
38.001	0.06	saccade	n/a	121.6	57.6	n/a	557.3	61.8	17.12	458.0
38.063	0.354	fixation	n/a	548.1	61.4	890.0	n/a	n/a	n/a	n/a
38.419	0.06	saccade	n/a	549.1	65.2	n/a	166.0	48.2	15.16	411.0
38.481	0.372	fixation	n/a	180.4	51.4	873.0	n/a	n/a	n/a	n/a
38.855	0.022	saccade	n/a	185.3	59.0	n/a	117.6	55.7	2.65	205.0
38.879	0.19	fixation	n/a	122.5	59.8	921.0	n/a	n/a	n/a	n/a
39.071	0.018	saccade	n/a	122.5	63.0	n/a	170.6	59.5	1.88	156.0
39.091	0.242	fixation	n/a	174.4	58.6	914.0	n/a	n/a	n/a	n/a
39.335	0.022	saccade	n/a	174.9	61.4	n/a	239.9	62.2	2.57	180.0
39.359	0.266	fixation	n/a	245.8	67.3	934.0	n/a	n/a	n/a	n/a
39.627	0.02	saccade	n/a	249.0	70.8	n/a	307.5	69.7	2.34	156.0
39.649	0.226	fixation	n/a	324.2	68.4	950.0	n/a	n/a	n/a	n/a
39.877	0.016	saccade	n/a	325.1	65.5	n/a	360.4	65.7	1.42	111.0
39.895	0.184	fixation	n/a	365.6	64.8	938.0	n/a	n/a	n/a	n/a
40.081	0.016	saccade	n/a	364.2	64.1	n/a	404.1	64.5	1.61	123.0
40.099	0.208	fixation	n/a	411.5	65.5	938.0	n/a	n/a	n/a	n/a
40.309	0.018	saccade	n/a	411.1	67.6	n/a	458.3	68.6	1.9	146.0
40.329	0.192	fixation	n/a	463.9	68.4	945.0	n/a	n/a	n/a	n/a
40.523	0.014	saccade	n/a	463.4	71.0	n/a	434.1	67.2	1.19	116.0
40.539	0.236	fixation	n/a	434.7	64.9	945.0	n/a	n/a	n/a	n/a
40.777	0.024	saccade	n/a	433.7	64.1	n/a	508.1	66.9	2.99	181.0
40.803	0.322	fixation	n/a	514.0	65.1	946.0	n/a	n/a	n/a	n/a
41.127	0.018	saccade	n/a	513.4	65.9	n/a	560.3	67.3	1.87	145.0
41.147	0.172	fixation	n/a	565.4	65.6	919.0	n/a	n/a	n/a	n/a
41.321	0.058	saccade	n/a	564.8	65.1	n/a	144.1	116.3	16.69	475.0
41.381	0.116	fixation	n/a	155.5	117.6	937.0	n/a	n/a	n/a	n/a
41.499	0.018	saccade	n/a	156.4	118.1	n/a	107.2	121.4	1.92	159.0
41.519	0.172	fixation	n/a	116.0	125.4	947.0	n/a	n/a	n/a	n/a
41.693	0.02	saccade	n/a	116.4	127.2	n/a	174.2	129.1	2.26	175.0
41.715	0.18	fixation	n/a	175.6	128.1	962.0	n/a	n/a	n/a	n/a
41.897	0.02	saccade	n/a	177.8	130.0	n/a	133.1	124.8	1.76	157.0
41.919	0.198	fixation	n/a	137.4	126.8	932.0	n/a	n/a	n/a	n/a
42.119	0.018	saccade	n/a	137.2	126.8	n/a	192.8	127.6	2.18	163.0
42.139	0.15	fixation	n/a	200.8	125.8	949.0	n/a	n/a	n/a	n/a
42.291	0.022	saccade	n/a	200.5	128.6	n/a	274.4	129.5	2.94	224.0
42.315	0.228	fixation	n/a	279.3	128.1	972.0	n/a	n/a	n/a	n/a
42.545	0.02	saccade	n/a	278.6	132.2	n/a	333.1	130.8	2.19	172.0
42.567	0.13	fixation	n/a	340.3	128.2	966.0	n/a	n/a	n/a	n/a
42.699	0.018	saccade	n/a	342.7	130.8	n/a	386.4	127.0	1.77	141.0
42.719	0.22	fixation	n/a	393.3	125.0	947.0	n/a	n/a	n/a	n/a
42.941	0.008	saccade	n/a	392.4	127.7	n/a	380.1	127.2	0.5	62.0
42.951	0.368	fixation	n/a	379.3	127.3	932.0	n/a	n/a	n/a	n/a
43.321	0.016	saccade	n/a	377.6	129.2	n/a	417.9	125.2	1.63	130.0
43.339	0.226	fixation	n/a	423.7	130.2	941.0	n/a	n/a	n/a	n/a
43.567	0.018	saccade	n/a	422.9	131.3	n/a	380.7	126.2	1.71	138.0
43.587	0.122	fixation	n/a	378.2	127.0	932.0	n/a	n/a	n/a	n/a
43.711	0.02	saccade	n/a	379.1	126.1	n/a	328.9	126.8	2.02	152.0
43.733	0.164	fixation	n/a	329.8	128.0	932.0	n/a	n/a	n/a	n/a
43.899	0.018	saccade	n/a	329.1	128.2	n/a	372.2	128.2	1.73	134.0
43.919	0.258	fixation	n/a	374.7	126.8	934.0	n/a	n/a	n/a	n/a
44.179	0.022	saccade	n/a	373.7	126.8	n/a	424.4	132.5	2.06	139.0
44.203	0.378	fixation	n/a	428.0	128.5	915.0	n/a	n/a	n/a	n/a
44.583	0.018	saccade	n/a	427.1	128.4	n/a	467.7	128.4	1.63	137.0
44.603	0.148	fixation	n/a	470.2	129.5	912.0	n/a	n/a	n/a	n/a
44.753	0.014	saccade	n/a	471.1	132.4	n/a	500.5	128.3	1.19	107.0
44.769	0.242	fixation	n/a	503.4	129.2	906.0	n/a	n/a	n/a	n/a
45.013	0.012	saccade	n/a	503.9	127.6	n/a	531.4	128.3	1.1	100.0
45.027	0.09	fixation	n/a	533.7	129.0	905.0	n/a	n/a	n/a	n/a
45.119	0.054	saccade	n/a	534.3	127.8	n/a	156.1	185.9	15.13	445.0
45.175	0.116	fixation	n/a	167.3	187.9	928.0	n/a	n/a	n/a	n/a
45.293	0.018	saccade	n/a	168.3	189.4	n/a	121.8	192.8	1.82	155.0
45.313	0.188	fixation	n/a	124.9	195.3	925.0	n/a	n/a	n/a	n/a
45.503	0.022	saccade	n/a	125.8	197.3	n/a	187.4	198.4	2.41	179.0
45.527	0.262	fixation	n/a	191.4	200.0	904.0	n/a	n/a	n/a	n/a
45.791	0.018	saccade	n/a	192.1	200.7	n/a	244.4	199.0	2.07	156.0
45.811	0.312	fixation	n/a	253.6	196.3	895.0	n/a	n/a	n/a	n/a
46.125	0.012	saccade	n/a	250.7	196.4	n/a	227.4	195.9	0.93	94.0
46.139	0.196	fixation	n/a	230.3	196.3	912.0	n/a	n/a	n/a	n/a
46.337	0.02	saccade	n/a	231.2	196.5	n/a	291.1	194.6	2.39	181.0
46.359	0.116	fixation	n/a	301.6	193.9	914.0	n/a	n/a	n/a	n/a
46.477	0.02	saccade	n/a	300.6	195.2	n/a	353.4	194.2	2.12	177.0
46.499	0.166	fixation	n/a	357.5	192.5	916.0	n/a	n/a	n/a	n/a
46.616	0.0	trigger_13	13	n/a	n/a	n/a	n/a	n/a	n/a	n/a
46.667	0.016	saccade	n/a	357.4	192.1	n/a	316.2	188.7	1.66	127.0
46.685	0.166	fixation	n/a	318.6	188.9	910.0	n/a	n/a	n/a	n/a
46.853	0.044	saccade	n/a	318.7	189.4	n/a	161.1	60.2	8.15	313.0
46.899	0.172	fixation	n/a	166.4	58.3	856.0	n/a	n/a	n/a	n/a
47.073	0.008	saccade	n/a	166.6	57.2	n/a	155.2	52.6	0.48	58.0
47.083	0.24	fixation	n/a	153.4	52.8	851.0	n/a	n/a	n/a	n/a
47.325	0.008	saccade	n/a	151.9	53.4	n/a	135.3	55.5	0.65	78.0
47.335	0.17	fixation	n/a	138.0	52.7	857.0	n/a	n/a	n/a	n/a
47.507	0.03	saccade	n/a	137.6	53.9	n/a	249.4	51.8	4.4	222.0
47.539	0.056	fixation	n/a	260.1	50.9	893.0	n/a	n/a	n/a	n/a
47.597	0.024	saccade	n/a	261.6	52.9	n/a	347.3	54.6	3.43	236.0
47.623	0.196	fixation	n/a	361.7	53.6	908.0	n/a	n/a	n/a	n/a
47.821	0.022	saccade	n/a	359.6	55.6	n/a	424.1	60.0	2.6	191.0
47.845	0.174	fixation	n/a	433.0	56.4	889.0	n/a	n/a	n/a	n/a
48.021	0.018	saccade	n/a	432.9	57.4	n/a	480.9	58.4	1.93	139.0
48.041	0.232	fixation	n/a	488.4	56.5	883.0	n/a	n/a	n/a	n/a
48.275	0.02	saccade	n/a	487.6	56.8	n/a	544.4	54.5	2.27	165.0
48.297	0.18	fixation	n/a	553.0	56.9	881.0	n/a	n/a	n/a	n/a
48.479	0.062	saccade	n/a	554.8	57.9	n/a	160.7	58.2	15.58	461.0
48.543	0.266	fixation	n/a	171.9	60.9	861.0	n/a	n/a	n/a	n/a
48.811	0.018	saccade	n/a	174.2	62.8	n/a	139.6	52.7	1.41	133.0
48.831	0.176	fixation	n/a	144.3	54.0	883.0	n/a	n/a	n/a	n/a
49.009	0.03	saccade	n/a	144.3	54.8	n/a	260.3	54.8	4.58	257.0
49.041	0.068	fixation	n/a	265.5	54.4	893.0	n/a	n/a	n/a	n/a
49.111	0.024	saccade	n/a	264.0	53.7	n/a	369.9	58.9	4.25	309.0
49.137	0.082	fixation	n/a	375.1	52.5	889.0	n/a	n/a	n/a	n/a
49.221	0.028	saccade	n/a	377.3	53.9	n/a	487.6	81.0	4.57	320.0
49.251	0.116	fixation	n/a	486.3	77.5	902.0	n/a	n/a	n/a	n/a
49.369	0.028	saccade	n/a	486.2	82.7	n/a	545.7	183.4	4.74	304.0
49.399	0.242	fixation	n/a	545.7	185.2	915.0	n/a	n/a	n/a	n/a
49.643	0.012	saccade	n/a	548.3	198.1	n/a	573.5	196.3	1.0	98.0
49.657	0.392	fixation	n/a	585.6	209.6	902.0	n/a	n/a	n/a	n/a
50.051	0.048	saccade	n/a	583.2	218.5	n/a	536.8	259.5	2.47	134.0
50.101	1.448	fixation	n/a	513.5	273.0	930.0	n/a	n/a	n/a	n/a
51.551	0.016	saccade	n/a	513.6	243.7	n/a	501.5	207.3	1.55	120.0
51.569	0.218	fixation	n/a	504.7	200.6	939.0	n/a	n/a	n/a	n/a
51.789	0.046	saccade	n/a	505.9	200.3	n/a	278.5	199.3	9.1	326.0
51.837	0.126	fixation	n/a	284.1	199.0	920.0	n/a	n/a	n/a	n/a
51.965	0.032	saccade	n/a	284.9	197.2	n/a	167.0	191.4	4.68	257.0
51.999	0.18	fixation	n/a	169.7	193.1	902.0	n/a	n/a	n/a	n/a
52.181	0.01	saccade	n/a	170.9	194.9	n/a	154.2	192.0	0.66	69.0
52.193	0.938	fixation	n/a	185.2	206.8	926.0	n/a	n/a	n/a	n/a
52.342	0.0	trigger_15	15	n/a	n/a	n/a	n/a	n/a	n/a	n/a
52.348	0.0	trigger_10	10	n/a	n/a	n/a	n/a	n/a	n/a	n/a
53.133	0.02	saccade	n/a	211.5	222.3	n/a	251.7	208.0	1.7	141.0
53.155	0.484	fixation	n/a	263.8	203.3	973.0	n/a	n/a	n/a	n/a
53.641	0.022	saccade	n/a	263.2	205.3	n/a	197.4	194.9	2.64	191.0
53.665	0.252	fixation	n/a	188.9	194.2	954.0	n/a	n/a	n/a	n/a
53.919	0.188	saccade	n/a	198.8	204.9	n/a	229.8	78.8	5.25	984.0
53.943	0.11	blink	n/a	n/a	n/a	n/a	n/a	n/a	n/a	n/a
54.109	0.13	fixation	n/a	228.3	85.1	915.0	n/a	n/a	n/a	n/a
54.241	0.02	saccade	n/a	227.2	82.7	n/a	269.4	61.2	1.89	153.0
54.263	0.302	fixation	n/a	282.2	63.5	868.0	n/a	n/a	n/a	n/a
54.567	0.03	saccade	n/a	282.6	53.4	n/a	148.0	57.1	5.32	290.0
54.599	0.164	fixation	n/a	147.8	62.0	786.0	n/a	n/a	n/a	n/a
54.765	0.006	saccade	n/a	147.7	60.8	n/a	137.0	59.2	0.42	59.0
54.773	0.284	fixation	n/a	135.6	57.8	823.0	n/a	n/a	n/a	n/a
55.059	0.016	saccade	n/a	136.7	59.8	n/a	96.4	60.4	1.56	132.0
55.077	0.25	fixation	n/a	99.6	61.0	870.0	n/a	n/a	n/a	n/a
55.329	0.018	saccade	n/a	101.3	62.8	n/a	145.7	56.9	1.74	142.0
55.349	0.386	fixation	n/a	151.5	59.3	906.0	n/a	n/a	n/a	n/a
55.737	0.016	saccade	n/a	148.4	59.4	n/a	185.5	60.1	1.46	118.0
55.755	0.264	fixation	n/a	192.6	60.3	910.0	n/a	n/a	n/a	n/a
56.021	0.014	saccade	n/a	194.2	63.4	n/a	224.8	58.3	1.23	106.0
56.037	0.296	fixation	n/a	230.1	61.1	915.0	n/a	n/a	n/a	n/a
56.335	0.01	saccade	n/a	230.0	62.5	n/a	210.9	60.5	0.76	80.0
56.347	0.606	fixation	n/a	211.1	59.6	915.0	n/a	n/a	n/a	n/a
56.955	0.018	saccade	n/a	211.1	63.5	n/a	249.9	62.9	1.54	119.0
56.975	0.242	fixation	n/a	259.4	63.6	938.0	n/a	n/a	n/a	n/a
57.219	0.014	saccade	n/a	263.4	69.6	n/a	288.1	68.2	0.99	78.0
57.235	0.216	fixation	n/a	300.1	68.6	948.0	n/a	n/a	n/a	n/a
57.453	0.016	saccade	n/a	299.6	66.4	n/a	334.1	65.7	1.39	128.0
57.471	0.306	fixation	n/a	340.8	63.9	901.0	n/a	n/a	n/a	n/a
57.779	0.022	saccade	n/a	340.8	65.7	n/a	281.8	58.3	2.38	165.0
57.803	0.268	fixation	n/a	279.3	54.8	867.0	n/a	n/a	n/a	n/a
58.073	0.022	saccade	n/a	279.4	55.0	n/a	213.0	47.0	2.66	180.0
58.097	0.268	fixation	n/a	206.0	48.4	864.0	n/a	n/a	n/a	n/a
58.367	0.028	saccade	n/a	207.1	54.4	n/a	295.7	60.8	3.53	175.0
58.397	0.3	fixation	n/a	307.9	60.1	912.0	n/a	n/a	n/a	n/a
58.699	0.012	saccade	n/a	311.1	63.3	n/a	337.7	65.3	1.07	102.0
58.713	0.24	fixation	n/a	344.0	65.9	908.0	n/a	n/a	n/a	n/a
58.955	0.136	saccade	n/a	343.7	79.1	n/a	389.0	71.1	1.85	650.0
59.003	0.03	blink	n/a	n/a	n/a	n/a	n/a	n/a	n/a	n/a
59.093	0.31	fixation	n/a	386.8	68.4	912.0	n/a	n/a	n/a	n/a
59.405	0.022	saccade	n/a	386.3	68.9	n/a	449.1	73.1	2.53	162.0
59.429	0.26	fixation	n/a	459.4	68.5	893.0	n/a	n/a	n/a	n/a
59.691	0.02	saccade	n/a	458.3	65.8	n/a	509.4	67.0	2.05	141.0
59.713	0.156	fixation	n/a	513.6	64.6	890.0	n/a	n/a	n/a	n/a
59.871	0.032	saccade	n/a	514.0	62.8	n/a	386.9	57.1	5.11	270.0
59.905	0.342	fixation	n/a	386.8	57.5	895.0	n/a	n/a	n/a	n/a
60.249	0.016	saccade	n/a	387.6	55.5	n/a	426.3	57.9	1.56	128.0
60.267	0.242	fixation	n/a	431.4	59.1	884.0	n/a	n/a	n/a	n/a
60.511	0.022	saccade	n/a	431.8	64.4	n/a	360.8	61.2	2.87	212.0
60.535	0.408	fixation	n/a	359.6	62.4	902.0	n/a	n/a	n/a	n/a
60.945	0.012	saccade	n/a	360.9	64.3	n/a	387.1	67.0	1.06	95.0
60.959	0.238	fixation	n/a	391.5	67.0	915.0	n/a	n/a	n/a	n/a
61.199	0.006	saccade	n/a	388.9	66.2	n/a	380.4	63.0	0.37	54.0
61.207	0.518	fixation	n/a	391.0	65.0	880.0	n/a	n/a	n/a	n/a
61.727	0.01	saccade	n/a	395.3	68.8	n/a	376.2	61.7	0.82	86.0
61.739	0.208	fixation	n/a	376.3	61.0	912.0	n/a	n/a	n/a	n/a
61.949	0.02	saccade	n/a	376.1	62.8	n/a	432.2	63.2	2.26	173.0
61.971	0.312	fixation	n/a	438.4	64.7	935.0	n/a	n/a	n/a	n/a
62.285	0.014	saccade	n/a	440.9	66.3	n/a	469.4	64.2	1.15	109.0
62.301	0.266	fixation	n/a	474.2	64.5	914.0	n/a	n/a	n/a	n/a
62.569	0.018	saccade	n/a	475.4	62.0	n/a	521.7	63.2	1.86	156.0
62.589	0.6	fixation	n/a	526.5	62.9	875.0	n/a	n/a	n/a	n/a
63.191	0.012	saccade	n/a	525.0	66.8	n/a	546.3	65.0	0.85	86.0
63.205	0.27	fixation	n/a	552.3	65.1	873.0	n/a	n/a	n/a	n/a
63.477	0.01	saccade	n/a	554.8	67.0	n/a	575.4	67.4	0.82	86.0
63.489	0.298	fixation	n/a	576.7	67.8	870.0	n/a	n/a	n/a	n/a
63.789	0.062	saccade	n/a	578.4	70.2	n/a	141.7	115.6	17.29	437.0
63.853	0.118	fixation	n/a	150.3	118.2	909.0	n/a	n/a	n/a	n/a
63.973	0.016	saccade	n/a	149.1	117.6	n/a	111.3	119.0	1.47	127.0
63.991	0.138	fixation	n/a	118.3	122.4	904.0	n/a	n/a	n/a	n/a
64.131	0.024	saccade	n/a	117.9	123.6	n/a	198.4	121.9	3.15	211.0
64.157	0.562	fixation	n/a	208.8	119.8	879.0	n/a	n/a	n/a	n/a
64.721	0.016	saccade	n/a	207.4	121.8	n/a	166.4	120.1	1.62	149.0
64.739	0.218	fixation	n/a	166.6	121.1	878.0	n/a	n/a	n/a	n/a
64.959	0.02	saccade	n/a	167.4	121.6	n/a	237.3	125.7	2.77	196.0
64.981	0.266	fixation	n/a	248.3	123.2	912.0	n/a	n/a	n/a	n/a
65.249	0.022	saccade	n/a	248.2	122.0	n/a	312.6	125.5	2.58	156.0
65.273	0.212	fixation	n/a	324.9	123.6	890.0	n/a	n/a	n/a	n/a
65.487	0.022	saccade	n/a	325.5	123.7	n/a	379.8	124.5	2.19	163.0
65.511	0.364	fixation	n/a	394.0	127.7	897.0	n/a	n/a	n/a	n/a
65.877	0.006	saccade	n/a	393.5	137.4	n/a	381.4	134.5	0.5	74.0
65.885	0.536	fixation	n/a	348.6	126.9	860.0	n/a	n/a	n/a	n/a
66.423	0.018	saccade	n/a	344.9	127.8	n/a	387.4	126.9	1.71	134.0
66.443	0.51	fixation	n/a	393.4	125.9	854.0	n/a	n/a	n/a	n/a
66.955	0.016	saccade	n/a	398.5	127.9	n/a	430.3	123.8	1.29	108.0
66.973	0.276	fixation	n/a	441.6	124.7	854.0	n/a	n/a	n/a	n/a
67.251	0.014	saccade	n/a	442.0	126.1	n/a	474.2	129.8	1.3	110.0
67.267	0.298	fixation	n/a	478.5	128.8	881.0	n/a	n/a	n/a	n/a
67.567	0.02	saccade	n/a	479.0	129.0	n/a	529.7	131.9	2.04	139.0
67.589	0.216	fixation	n/a	543.4	130.5	883.0	n/a	n/a	n/a	n/a
67.807	0.018	saccade	n/a	545.0	131.2	n/a	585.0	131.7	1.59	122.0
67.827	0.262	fixation	n/a	590.6	130.9	887.0	n/a	n/a	n/a	n/a
68.091	0.058	saccade	n/a	590.4	130.3	n/a	156.7	193.5	17.23	481.0
68.151	0.126	fixation	n/a	167.9	197.0	923.0	n/a	n/a	n/a	n/a
68.279	0.018	saccade	n/a	167.5	195.2	n/a	118.7	187.5	1.93	176.0
68.299	0.18	fixation	n/a	124.3	189.2	901.0	n/a	n/a	n/a	n/a
68.481	0.026	saccade	n/a	123.7	190.0	n/a	107.5	141.3	2.05	126.0
68.509	0.036	fixation	n/a	110.5	118.5	865.0	n/a	n/a	n/a	n/a
68.547	0.022	saccade	n/a	112.3	113.4	n/a	144.1	44.4	3.03	232.0
68.571	0.214	fixation	n/a	146.1	50.6	843.0	n/a	n/a	n/a	n/a
68.787	0.02	saccade	n/a	144.4	53.5	n/a	204.8	40.4	2.43	189.0
68.809	0.378	fixation	n/a	211.8	42.1	842.0	n/a	n/a	n/a	n/a
69.189	0.026	saccade	n/a	210.8	46.7	n/a	310.6	51.5	3.98	241.0
69.217	0.248	fixation	n/a	323.2	51.8	882.0	n/a	n/a	n/a	n/a
69.467	0.024	saccade	n/a	322.5	53.8	n/a	396.1	57.3	2.97	200.0
69.493	0.188	fixation	n/a	400.9	56.0	886.0	n/a	n/a	n/a	n/a
69.64	0.0	trigger_11	11	n/a	n/a	n/a	n/a	n/a	n/a	n/a
69.644	0.0	trigger_10	10	n/a	n/a	n/a	n/a	n/a	n/a	n/a
69.683	0.028	saccade	n/a	399.7	56.8	n/a	504.3	62.9	4.21	237.0
69.713	0.41	fixation	n/a	514.1	59.9	862.0	n/a	n/a	n/a	n/a
70.125	0.022	saccade	n/a	514.6	59.3	n/a	578.0	65.7	2.54	175.0
70.149	0.232	fixation	n/a	579.5	64.8	857.0	n/a	n/a	n/a	n/a
70.383	0.06	saccade	n/a	580.8	64.9	n/a	140.9	110.6	17.42	472.0
70.445	0.276	fixation	n/a	155.9	116.2	870.0	n/a	n/a	n/a	n/a
70.723	0.022	saccade	n/a	157.9	118.8	n/a	238.9	126.6	3.22	218.0
70.747	0.276	fixation	n/a	255.8	125.1	880.0	n/a	n/a	n/a	n/a
71.025	0.024	saccade	n/a	257.4	125.6	n/a	182.5	159.2	3.26	226.0
71.051	0.228	fixation	n/a	184.3	174.0	894.0	n/a	n/a	n/a	n/a
71.281	0.018	saccade	n/a	185.5	177.2	n/a	143.1	187.5	1.71	142.0
71.301	0.158	fixation	n/a	147.7	193.1	926.0	n/a	n/a	n/a	n/a
71.461	0.04	saccade	n/a	146.8	195.5	n/a	132.8	53.5	5.73	267.0
71.503	0.46	fixation	n/a	142.0	55.1	894.0	n/a	n/a	n/a	n/a
71.965	0.018	saccade	n/a	145.5	59.0	n/a	184.5	58.4	1.53	120.0
71.985	0.108	fixation	n/a	187.4	59.8	950.0	n/a	n/a	n/a	n/a
72.095	0.018	saccade	n/a	188.7	60.4	n/a	230.1	63.5	1.64	134.0
72.115	0.31	fixation	n/a	228.2	59.7	943.0	n/a	n/a	n/a	n/a
72.427	0.02	saccade	n/a	228.1	60.6	n/a	274.6	61.3	1.85	135.0
72.449	0.05	fixation	n/a	282.7	56.6	951.0	n/a	n/a	n/a	n/a
72.501	0.022	saccade	n/a	283.7	56.3	n/a	338.6	60.6	2.21	177.0
72.525	0.212	fixation	n/a	333.5	59.9	957.0	n/a	n/a	n/a	n/a
72.739	0.018	saccade	n/a	330.4	59.4	n/a	374.9	60.0	1.79	132.0
72.759	0.374	fixation	n/a	378.9	59.2	956.0	n/a	n/a	n/a	n/a
73.135	0.018	saccade	n/a	377.5	60.5	n/a	419.0	58.0	1.68	135.0
73.155	0.21	fixation	n/a	425.5	58.3	949.0	n/a	n/a	n/a	n/a
73.17	0.0	trigger_11	11	n/a	n/a	n/a	n/a	n/a	n/a	n/a
73.176	0.0	trigger_10	10	n/a	n/a	n/a	n/a	n/a	n/a	n/a
73.367	0.012	saccade	n/a	425.9	58.9	n/a	400.1	56.9	1.04	104.0
73.381	0.144	fixation	n/a	400.2	54.8	965.0	n/a	n/a	n/a	n/a
73.527	0.024	saccade	n/a	400.4	54.8	n/a	476.6	61.6	3.08	186.0
73.553	0.2	fixation	n/a	480.4	58.6	977.0	n/a	n/a	n/a	n/a
73.755	0.02	saccade	n/a	479.6	60.9	n/a	531.8	65.3	2.1	154.0
73.777	0.108	fixation	n/a	534.6	62.4	976.0	n/a	n/a	n/a	n/a
73.887	0.016	saccade	n/a	535.6	63.8	n/a	568.8	63.3	1.32	120.0
73.905	0.27	fixation	n/a	569.1	66.5	967.0	n/a	n/a	n/a	n/a
74.177	0.056	saccade	n/a	570.3	69.0	n/a	155.2	127.6	16.55	493.0
74.235	0.118	fixation	n/a	165.2	127.2	958.0	n/a	n/a	n/a	n/a
74.355	0.02	saccade	n/a	166.9	125.1	n/a	116.7	124.0	1.96	158.0
74.377	0.158	fixation	n/a	124.1	126.0	964.0	n/a	n/a	n/a	n/a
74.537	0.022	saccade	n/a	125.2	128.5	n/a	192.0	127.2	2.62	209.0
74.561	0.136	fixation	n/a	189.9	127.7	989.0	n/a	n/a	n/a	n/a
74.699	0.02	saccade	n/a	190.1	128.3	n/a	241.5	128.4	2.04	173.0
74.721	0.152	fixation	n/a	243.6	127.5	988.0	n/a	n/a	n/a	n/a
74.875	0.014	saccade	n/a	242.5	133.1	n/a	218.1	115.3	1.21	120.0
74.891	0.022	fixation	n/a	212.0	109.1	972.0	n/a	n/a	n/a	n/a
74.915	0.008	saccade	n/a	199.1	97.0	n/a	182.8	88.9	0.72	90.0
74.925	0.18	fixation	n/a	153.0	70.5	959.0	n/a	n/a	n/a	n/a
75.107	0.014	saccade	n/a	152.6	69.5	n/a	128.5	61.5	0.99	104.0
75.123	0.316	fixation	n/a	135.4	65.1	986.0	n/a	n/a	n/a	n/a
75.441	0.022	saccade	n/a	137.1	72.3	n/a	205.9	72.3	2.7	201.0
75.465	0.12	fixation	n/a	208.1	69.6	1033.0	n/a	n/a	n/a	n/a
75.587	0.02	saccade	n/a	206.2	70.0	n/a	261.6	66.6	2.2	170.0
75.609	0.2	fixation	n/a	258.9	63.0	1010.0	n/a	n/a	n/a	n/a
75.811	0.022	saccade	n/a	257.3	63.0	n/a	319.7	62.3	2.5	189.0
75.835	0.256	fixation	n/a	325.9	61.0	967.0	n/a	n/a	n/a	n/a
76.093	0.016	saccade	n/a	327.2	62.5	n/a	368.2	60.5	1.65	140.0
76.111	0.248	fixation	n/a	371.1	59.4	937.0	n/a	n/a	n/a	n/a
76.361	0.022	saccade	n/a	370.3	59.4	n/a	443.8	62.2	2.96	196.0
76.385	0.24	fixation	n/a	463.0	63.4	924.0	n/a	n/a	n/a	n/a
76.627	0.02	saccade	n/a	461.8	66.6	n/a	513.8	68.7	2.09	167.0
76.649	0.292	fixation	n/a	519.7	67.6	906.0	n/a	n/a	n/a	n/a
76.943	0.012	saccade	n/a	524.8	68.5	n/a	548.6	66.2	0.95	95.0
76.957	0.238	fixation	n/a	554.4	63.7	904.0	n/a	n/a	n/a	n/a
77.197	0.058	saccade	n/a	556.9	65.8	n/a	130.9	128.0	16.96	462.0
77.257	0.126	fixation	n/a	141.6	130.3	957.0	n/a	n/a	n/a	n/a
77.385	0.016	saccade	n/a	141.3	129.8	n/a	111.3	125.1	1.18	106.0
77.403	0.206	fixation	n/a	120.4	129.6	952.0	n/a	n/a	n/a	n/a
77.611	0.016	saccade	n/a	118.8	130.3	n/a	151.2	126.0	1.27	112.0
77.629	0.238	fixation	n/a	155.3	124.6	926.0	n/a	n/a	n/a	n/a
77.869	0.016	saccade	n/a	156.3	126.5	n/a	193.8	124.1	1.48	127.0
77.887	0.186	fixation	n/a	197.7	125.5	943.0	n/a	n/a	n/a	n/a
78.075	0.02	saccade	n/a	195.7	128.9	n/a	251.7	128.9	2.22	174.0
78.097	0.234	fixation	n/a	251.3	126.1	954.0	n/a	n/a	n/a	n/a
78.333	0.022	saccade	n/a	250.0	130.0	n/a	310.6	127.3	2.43	168.0
78.357	0.206	fixation	n/a	315.9	125.9	963.0	n/a	n/a	n/a	n/a
78.565	0.02	saccade	n/a	314.1	125.7	n/a	379.1	127.2	2.62	198.0
78.587	0.106	fixation	n/a	392.6	124.4	960.0	n/a	n/a	n/a	n/a
78.695	0.02	saccade	n/a	393.5	126.4	n/a	441.8	129.1	1.95	155.0
78.698	0.0	trigger_11	11	n/a	n/a	n/a	n/a	n/a	n/a	n/a
78.702	0.0	trigger_10	10	n/a	n/a	n/a	n/a	n/a	n/a	n/a
78.717	0.172	fixation	n/a	443.2	126.0	960.0	n/a	n/a	n/a	n/a
78.891	0.024	saccade	n/a	442.8	128.1	n/a	514.4	127.7	2.88	169.0
78.917	0.252	fixation	n/a	521.8	128.4	942.0	n/a	n/a	n/a	n/a
79.171	0.02	saccade	n/a	521.9	129.6	n/a	574.6	133.8	2.11	156.0
79.193	0.186	fixation	n/a	576.1	132.4	914.0	n/a	n/a	n/a	n/a
79.381	0.06	saccade	n/a	578.3	133.9	n/a	104.7	192.8	18.69	528.0
79.443	0.25	fixation	n/a	117.3	193.2	911.0	n/a	n/a	n/a	n/a
79.695	0.022	saccade	n/a	118.8	196.8	n/a	187.1	195.7	2.67	212.0
79.719	0.192	fixation	n/a	191.1	192.7	908.0	n/a	n/a	n/a	n/a
79.913	0.02	saccade	n/a	192.2	192.4	n/a	246.7	192.1	2.16	172.0
79.935	0.278	fixation	n/a	247.1	191.4	905.0	n/a	n/a	n/a	n/a
80.215	0.022	saccade	n/a	247.2	193.9	n/a	312.9	191.9	2.62	194.0
80.239	0.298	fixation	n/a	318.5	191.5	902.0	n/a	n/a	n/a	n/a
80.539	0.04	saccade	n/a	320.1	191.2	n/a	184.7	77.8	7.08	334.0
80.581	0.308	fixation	n/a	191.2	74.8	894.0	n/a	n/a	n/a	n/a
80.891	0.022	saccade	n/a	192.9	78.2	n/a	127.1	56.1	2.73	223.0
80.915	0.294	fixation	n/a	127.0	53.8	903.0	n/a	n/a	n/a	n/a
81.211	0.02	saccade	n/a	124.1	52.4	n/a	176.8	49.1	2.06	157.0
81.233	0.35	fixation	n/a	186.2	49.9	900.0	n/a	n/a	n/a	n/a
81.585	0.018	saccade	n/a	185.7	56.0	n/a	224.5	56.2	1.53	122.0
81.605	0.19	fixation	n/a	227.6	58.0	946.0	n/a	n/a	n/a	n/a
81.797	0.024	saccade	n/a	226.5	59.1	n/a	297.8	57.6	2.84	179.0
81.823	0.15	fixation	n/a	308.2	57.7	947.0	n/a	n/a	n/a	n/a
81.975	0.046	saccade	n/a	317.6	67.8	n/a	393.5	68.9	3.05	174.0
82.023	0.162	fixation	n/a	398.4	64.7	938.0	n/a	n/a	n/a	n/a
82.187	0.102	saccade	n/a	396.7	78.3	n/a	341.6	65.9	2.27	499.0
82.291	0.232	fixation	n/a	341.8	63.3	914.0	n/a	n/a	n/a	n/a
82.525	0.024	saccade	n/a	342.7	66.1	n/a	421.4	59.4	3.18	206.0
82.551	0.218	fixation	n/a	424.6	58.7	930.0	n/a	n/a	n/a	n/a
82.771	0.018	saccade	n/a	426.7	61.4	n/a	473.1	54.9	1.89	146.0
82.791	0.264	fixation	n/a	481.2	54.7	907.0	n/a	n/a	n/a	n/a
83.057	0.018	saccade	n/a	481.5	53.5	n/a	528.8	57.5	1.9	146.0
83.077	0.144	fixation	n/a	535.5	56.0	893.0	n/a	n/a	n/a	n/a
83.223	0.018	saccade	n/a	536.0	55.9	n/a	579.4	62.9	1.75	140.0
83.243	0.126	fixation	n/a	581.4	64.1	894.0	n/a	n/a	n/a	n/a
83.371	0.058	saccade	n/a	582.5	65.6	n/a	131.4	107.7	17.81	516.0
83.431	0.152	fixation	n/a	142.9	111.1	908.0	n/a	n/a	n/a	n/a
83.585	0.014	saccade	n/a	144.8	110.7	n/a	117.0	115.0	1.1	108.0
83.601	0.206	fixation	n/a	123.5	119.0	933.0	n/a	n/a	n/a	n/a
83.626	0.0	trigger_11	11	n/a	n/a	n/a	n/a	n/a	n/a	n/a
83.63	0.0	trigger_10	10	n/a	n/a	n/a	n/a	n/a	n/a	n/a
83.809	0.024	saccade	n/a	123.8	120.3	n/a	206.5	122.9	3.24	216.0
83.835	0.234	fixation	n/a	211.4	118.9	947.0	n/a	n/a	n/a	n/a
84.071	0.022	saccade	n/a	209.6	121.6	n/a	277.0	123.0	2.68	188.0
84.095	0.248	fixation	n/a	283.0	122.6	956.0	n/a	n/a	n/a	n/a
84.345	0.016	saccade	n/a	281.5	123.5	n/a	317.9	123.6	1.46	133.0
84.363	0.186	fixation	n/a	320.3	123.6	954.0	n/a	n/a	n/a	n/a
84.551	0.02	saccade	n/a	319.3	124.1	n/a	375.7	121.6	2.27	174.0
84.573	0.236	fixation	n/a	375.7	124.0	945.0	n/a	n/a	n/a	n/a
84.811	0.016	saccade	n/a	375.2	124.6	n/a	411.5	126.5	1.47	118.0
84.829	0.144	fixation	n/a	415.4	126.0	929.0	n/a	n/a	n/a	n/a
84.975	0.048	saccade	n/a	415.2	125.6	n/a	142.0	53.7	11.23	431.0
85.025	0.174	fixation	n/a	152.9	57.6	901.0	n/a	n/a	n/a	n/a
85.201	0.02	saccade	n/a	153.5	59.3	n/a	108.8	53.1	1.75	148.0
85.223	0.652	fixation	n/a	116.9	57.5	882.0	n/a	n/a	n/a	n/a
85.877	0.014	saccade	n/a	117.6	58.0	n/a	141.9	52.9	0.97	80.0
85.893	0.088	fixation	n/a	144.4	51.0	896.0	n/a	n/a	n/a	n/a
85.983	0.02	saccade	n/a	144.2	50.3	n/a	213.4	51.9	2.72	208.0
86.005	0.14	fixation	n/a	214.5	50.2	923.0	n/a	n/a	n/a	n/a
86.147	0.022	saccade	n/a	211.7	50.3	n/a	276.8	57.4	2.6	192.0
86.171	0.22	fixation	n/a	280.3	53.4	936.0	n/a	n/a	n/a	n/a
86.393	0.02	saccade	n/a	282.0	52.5	n/a	220.8	51.8	2.44	200.0
86.415	0.214	fixation	n/a	225.8	55.4	952.0	n/a	n/a	n/a	n/a
86.631	0.016	saccade	n/a	228.5	58.0	n/a	195.3	56.1	1.32	110.0
86.649	0.24	fixation	n/a	200.7	58.2	969.0	n/a	n/a	n/a	n/a
86.874	0.0	trigger_11	11	n/a	n/a	n/a	n/a	n/a	n/a	n/a
86.88	0.0	trigger_10	10	n/a	n/a	n/a	n/a	n/a	n/a	n/a
86.891	0.024	saccade	n/a	201.8	63.9	n/a	282.2	65.9	3.2	221.0
86.917	0.224	fixation	n/a	292.8	62.9	1016.0	n/a	n/a	n/a	n/a
87.143	0.022	saccade	n/a	291.7	64.2	n/a	353.9	61.9	2.49	172.0
87.167	0.082	fixation	n/a	355.6	61.4	1013.0	n/a	n/a	n/a	n/a
87.251	0.018	saccade	n/a	354.6	61.5	n/a	397.0	64.1	1.71	144.0
87.271	0.238	fixation	n/a	396.4	60.6	975.0	n/a	n/a	n/a	n/a
87.511	0.024	saccade	n/a	396.7	59.5	n/a	471.2	61.6	3.0	191.0
87.537	0.218	fixation	n/a	479.2	58.8	956.0	n/a	n/a	n/a	n/a
87.757	0.018	saccade	n/a	478.8	61.0	n/a	528.4	61.8	1.99	156.0
87.777	0.172	fixation	n/a	533.6	61.5	931.0	n/a	n/a	n/a	n/a
87.951	0.012	saccade	n/a	534.7	63.3	n/a	559.4	65.4	0.99	95.0
87.965	0.066	fixation	n/a	558.2	64.3	930.0	n/a	n/a	n/a	n/a
88.033	0.064	saccade	n/a	558.5	62.9	n/a	167.6	121.4	15.63	533.0
88.099	0.122	fixation	n/a	159.3	120.2	956.0	n/a	n/a	n/a	n/a
88.223	0.02	saccade	n/a	160.3	121.1	n/a	111.5	122.2	1.9	155.0
88.245	0.188	fixation	n/a	120.9	123.5	957.0	n/a	n/a	n/a	n/a
88.435	0.02	saccade	n/a	120.0	124.0	n/a	180.3	112.1	2.4	202.0
88.457	0.074	fixation	n/a	178.2	112.1	945.0	n/a	n/a	n/a	n/a
88.533	0.024	saccade	n/a	177.7	112.8	n/a	113.1	55.2	3.42	287.0
88.559	0.574	fixation	n/a	126.0	48.6	909.0	n/a	n/a	n/a	n/a
89.135	0.022	saccade	n/a	124.0	56.3	n/a	195.0	58.1	2.78	193.0
89.159	0.16	fixation	n/a	198.9	59.0	962.0	n/a	n/a	n/a	n/a
89.321	0.016	saccade	n/a	200.2	64.5	n/a	167.3	57.7	1.32	109.0
89.339	0.156	fixation	n/a	171.1	59.3	930.0	n/a	n/a	n/a	n/a
89.497	0.02	saccade	n/a	170.5	59.2	n/a	229.4	61.7	2.33	173.0
89.519	0.148	fixation	n/a	239.8	58.6	920.0	n/a	n/a	n/a	n/a
89.669	0.02	saccade	n/a	240.9	59.9	n/a	301.0	63.4	2.41	181.0
89.691	0.148	fixation	n/a	312.8	64.0	939.0	n/a	n/a	n/a	n/a
89.841	0.146	saccade	n/a	316.6	81.7	n/a	374.0	85.2	2.31	857.0
89.869	0.062	blink	n/a	n/a	n/a	n/a	n/a	n/a	n/a	n/a
89.989	0.274	fixation	n/a	371.5	76.5	938.0	n/a	n/a	n/a	n/a
90.265	0.016	saccade	n/a	371.5	74.4	n/a	409.1	70.3	1.53	130.0
90.283	0.454	fixation	n/a	411.8	69.7	901.0	n/a	n/a	n/a	n/a
90.739	0.02	saccade	n/a	411.1	70.2	n/a	459.2	69.9	1.94	170.0
90.761	0.152	fixation	n/a	459.7	64.8	853.0	n/a	n/a	n/a	n/a
90.915	0.018	saccade	n/a	458.5	60.5	n/a	503.1	58.5	1.79	143.0
90.935	0.178	fixation	n/a	510.2	57.9	846.0	n/a	n/a	n/a	n/a
91.115	0.02	saccade	n/a	510.0	58.8	n/a	563.1	67.6	2.15	158.0
91.137	0.244	fixation	n/a	565.4	67.2	862.0	n/a	n/a	n/a	n/a
91.383	0.058	saccade	n/a	566.0	68.6	n/a	132.5	126.1	17.19	470.0
91.443	0.146	fixation	n/a	144.6	127.7	885.0	n/a	n/a	n/a	n/a
91.591	0.02	saccade	n/a	144.6	125.9	n/a	96.7	123.5	1.86	164.0
91.613	0.128	fixation	n/a	105.0	125.7	852.0	n/a	n/a	n/a	n/a
91.743	0.022	saccade	n/a	103.5	124.9	n/a	183.8	128.4	3.13	242.0
91.767	0.184	fixation	n/a	197.0	125.9	862.0	n/a	n/a	n/a	n/a
91.953	0.024	saccade	n/a	197.6	127.4	n/a	283.9	131.7	3.44	246.0
91.979	0.23	fixation	n/a	284.0	130.5	872.0	n/a	n/a	n/a	n/a
92.211	0.02	saccade	n/a	285.5	130.5	n/a	332.9	131.9	1.9	148.0
92.233	0.198	fixation	n/a	340.0	131.5	879.0	n/a	n/a	n/a	n/a
92.433	0.02	saccade	n/a	340.3	132.2	n/a	390.0	131.6	2.0	157.0
92.455	0.172	fixation	n/a	400.1	131.4	884.0	n/a	n/a	n/a	n/a
92.629	0.02	saccade	n/a	399.7	129.7	n/a	455.3	136.0	2.25	169.0
92.651	0.246	fixation	n/a	470.1	135.9	884.0	n/a	n/a	n/a	n/a
92.899	0.018	saccade	n/a	470.4	138.0	n/a	506.8	135.6	1.46	119.0
92.919	0.28	fixation	n/a	508.9	134.4	897.0	n/a	n/a	n/a	n/a
93.201	0.054	saccade	n/a	509.8	132.6	n/a	165.7	186.3	13.8	393.0
93.257	0.138	fixation	n/a	175.0	189.6	936.0	n/a	n/a	n/a	n/a
93.397	0.016	saccade	n/a	175.2	189.0	n/a	141.9	196.8	1.34	120.0
93.415	0.408	fixation	n/a	142.7	199.3	929.0	n/a	n/a	n/a	n/a
93.825	0.026	saccade	n/a	140.2	198.3	n/a	230.7	195.4	3.56	230.0
93.853	0.316	fixation	n/a	247.6	193.6	908.0	n/a	n/a	n/a	n/a
94.162	0.0	trigger_11	11	n/a	n/a	n/a	n/a	n/a	n/a	n/a
94.17	0.0	trigger_10	10	n/a	n/a	n/a	n/a	n/a	n/a	n/a
94.171	0.02	saccade	n/a	246.3	193.4	n/a	306.5	194.4	2.4	181.0
94.193	0.086	fixation	n/a	320.5	191.1	910.0	n/a	n/a	n/a	n/a
94.281	0.022	saccade	n/a	321.5	192.2	n/a	372.3	194.2	2.04	163.0
94.305	0.272	fixation	n/a	374.2	191.7	891.0	n/a	n/a	n/a	n/a
94.579	0.012	saccade	n/a	374.7	195.2	n/a	345.7	193.7	1.17	109.0
94.593	0.172	fixation	n/a	343.0	191.2	883.0	n/a	n/a	n/a	n/a
94.767	0.022	saccade	n/a	343.2	191.3	n/a	416.6	193.5	2.95	192.0
94.791	0.462	fixation	n/a	436.7	193.6	891.0	n/a	n/a	n/a	n/a
95.255	0.052	saccade	n/a	436.5	192.2	n/a	148.9	62.8	12.53	357.0
95.309	0.128	fixation	n/a	156.5	57.9	846.0	n/a	n/a	n/a	n/a
95.439	0.014	saccade	n/a	157.4	57.5	n/a	126.8	49.0	1.24	115.0
95.455	0.548	fixation	n/a	132.4	51.5	870.0	n/a	n/a	n/a	n/a
96.005	0.01	saccade	n/a	133.8	52.0	n/a	115.0	50.4	0.73	76.0
96.017	0.43	fixation	n/a	117.6	56.0	908.0	n/a	n/a	n/a	n/a
96.449	0.022	saccade	n/a	117.4	58.5	n/a	183.0	57.0	2.56	176.0
96.473	0.12	fixation	n/a	192.8	57.0	947.0	n/a	n/a	n/a	n/a
96.595	0.018	saccade	n/a	193.8	59.4	n/a	249.7	61.9	2.22	173.0
96.615	0.166	fixation	n/a	251.5	57.0	930.0	n/a	n/a	n/a	n/a
96.783	0.02	saccade	n/a	250.0	55.3	n/a	322.1	56.7	2.88	204.0
96.805	0.174	fixation	n/a	338.6	55.7	923.0	n/a	n/a	n/a	n/a
96.874	0.0	trigger_11	11	n/a	n/a	n/a	n/a	n/a	n/a	n/a
96.878	0.0	trigger_10	10	n/a	n/a	n/a	n/a	n/a	n/a	n/a
96.981	0.022	saccade	n/a	339.5	57.9	n/a	400.7	54.9	2.47	177.0
97.005	0.222	fixation	n/a	405.7	54.2	918.0	n/a	n/a	n/a	n/a
97.229	0.034	saccade	n/a	405.6	55.4	n/a	501.7	55.5	3.86	181.0
97.265	0.146	fixation	n/a	504.7	56.6	897.0	n/a	n/a	n/a	n/a
97.413	0.02	saccade	n/a	505.2	53.6	n/a	555.0	56.6	1.99	160.0
97.435	0.17	fixation	n/a	566.3	59.3	893.0	n/a	n/a	n/a	n/a
97.607	0.064	saccade	n/a	568.2	54.3	n/a	151.3	131.9	16.71	510.0
97.673	0.158	fixation	n/a	146.7	128.5	919.0	n/a	n/a	n/a	n/a
97.833	0.02	saccade	n/a	145.1	126.4	n/a	103.5	123.2	1.62	151.0
97.855	0.108	fixation	n/a	113.2	127.1	910.0	n/a	n/a	n/a	n/a
97.965	0.026	saccade	n/a	112.8	127.4	n/a	214.6	129.2	3.99	280.0
97.993	0.232	fixation	n/a	215.3	129.2	915.0	n/a	n/a	n/a	n/a
98.227	0.018	saccade	n/a	213.5	128.5	n/a	262.7	128.8	1.96	175.0
98.247	0.188	fixation	n/a	269.6	126.6	907.0	n/a	n/a	n/a	n/a
98.437	0.01	saccade	n/a	268.7	132.1	n/a	244.8	130.1	0.96	99.0
98.449	0.24	fixation	n/a	229.6	130.0	893.0	n/a	n/a	n/a	n/a
98.691	0.024	saccade	n/a	229.2	127.6	n/a	143.8	57.3	4.4	311.0
98.717	0.388	fixation	n/a	138.3	55.7	907.0	n/a	n/a	n/a	n/a
99.107	0.006	saccade	n/a	137.1	62.6	n/a	127.1	57.3	0.44	71.0
99.115	0.126	fixation	n/a	126.6	58.2	941.0	n/a	n/a	n/a	n/a
99.243	0.022	saccade	n/a	126.2	60.5	n/a	206.0	64.7	3.13	232.0
99.267	0.184	fixation	n/a	213.7	64.8	943.0	n/a	n/a	n/a	n/a
99.453	0.024	saccade	n/a	212.9	63.7	n/a	278.7	63.2	2.62	178.0
99.458	0.0	trigger_11	11	n/a	n/a	n/a	n/a	n/a	n/a	n/a
99.464	0.0	trigger_10	10	n/a	n/a	n/a	n/a	n/a	n/a	n/a
99.479	0.248	fixation	n/a	279.4	62.1	940.0	n/a	n/a	n/a	n/a
99.729	0.022	saccade	n/a	280.8	65.3	n/a	350.9	64.6	2.81	197.0
99.753	0.114	fixation	n/a	358.4	64.7	957.0	n/a	n/a	n/a	n/a
99.869	0.022	saccade	n/a	356.4	64.4	n/a	427.4	70.6	2.87	189.0
99.893	0.206	fixation	n/a	427.4	68.1	965.0	n/a	n/a	n/a	n/a
100.101	0.016	saccade	n/a	426.8	66.4	n/a	463.2	59.4	1.49	121.0
100.119	0.642	fixation	n/a	466.5	60.2	968.0	n/a	n/a	n/a	n/a
100.763	0.016	saccade	n/a	463.5	65.4	n/a	434.9	69.9	1.17	118.0
100.781	0.31	fixation	n/a	440.2	70.3	961.0	n/a	n/a	n/a	n/a
101.093	0.048	saccade	n/a	443.2	70.7	n/a	184.1	59.0	10.33	301.0
101.143	0.166	fixation	n/a	193.7	59.6	939.0	n/a	n/a	n/a	n/a
101.311	0.022	saccade	n/a	194.4	59.4	n/a	122.1	54.9	2.84	214.0
101.335	0.372	fixation	n/a	124.3	57.9	937.0	n/a	n/a	n/a	n/a
101.709	0.016	saccade	n/a	124.2	62.7	n/a	162.1	61.6	1.48	118.0
101.727	0.206	fixation	n/a	161.1	61.5	950.0	n/a	n/a	n/a	n/a
101.935	0.022	saccade	n/a	159.6	59.6	n/a	219.9	62.1	2.38	174.0
101.959	0.3	fixation	n/a	226.4	62.2	931.0	n/a	n/a	n/a	n/a
102.261	0.016	saccade	n/a	227.5	63.3	n/a	194.5	56.6	1.33	125.0
102.279	0.32	fixation	n/a	197.5	62.0	918.0	n/a	n/a	n/a	n/a
102.601	0.022	saccade	n/a	198.8	63.5	n/a	262.3	67.7	2.53	174.0
102.625	0.128	fixation	n/a	270.2	68.0	950.0	n/a	n/a	n/a	n/a
102.755	0.018	saccade	n/a	269.9	68.9	n/a	318.4	69.0	1.94	161.0
102.775	0.266	fixation	n/a	323.8	69.8	975.0	n/a	n/a	n/a	n/a
103.043	0.022	saccade	n/a	323.1	70.5	n/a	389.9	71.2	2.69	171.0
103.067	0.154	fixation	n/a	410.6	70.9	973.0	n/a	n/a	n/a	n/a
103.223	0.018	saccade	n/a	411.4	71.1	n/a	454.6	68.9	1.74	114.0
103.243	0.194	fixation	n/a	456.8	61.5	950.0	n/a	n/a	n/a	n/a
103.439	0.018	saccade	n/a	454.2	62.8	n/a	506.5	66.5	2.1	171.0
103.459	0.312	fixation	n/a	505.3	64.0	954.0	n/a	n/a	n/a	n/a
103.773	0.022	saccade	n/a	506.0	65.8	n/a	441.6	60.3	2.59	193.0
103.797	0.128	fixation	n/a	447.4	64.9	979.0	n/a	n/a	n/a	n/a
103.927	0.05	saccade	n/a	448.4	66.0	n/a	164.9	69.1	11.25	403.0
103.979	0.064	fixation	n/a	172.4	71.1	985.0	n/a	n/a	n/a	n/a
104.045	0.03	saccade	n/a	172.8	70.7	n/a	139.0	67.8	1.33	168.0
104.077	0.148	fixation	n/a	138.7	67.2	970.0	n/a	n/a	n/a	n/a
104.227	0.02	saccade	n/a	138.1	66.4	n/a	191.9	64.6	2.11	178.0
104.249	0.332	fixation	n/a	191.1	63.8	941.0	n/a	n/a	n/a	n/a
104.583	0.022	saccade	n/a	189.9	59.8	n/a	263.7	62.1	2.92	200.0
104.607	0.102	fixation	n/a	264.3	59.9	896.0	n/a	n/a	n/a	n/a
104.711	0.032	saccade	n/a	263.8	59.5	n/a	378.7	61.5	4.61	252.0
104.745	0.094	fixation	n/a	377.4	59.6	895.0	n/a	n/a	n/a	n/a
104.841	0.024	saccade	n/a	377.1	59.9	n/a	461.3	61.9	3.39	257.0
104.867	0.082	fixation	n/a	459.0	55.7	897.0	n/a	n/a	n/a	n/a
104.951	0.018	saccade	n/a	457.6	56.3	n/a	504.9	57.5	1.9	159.0
104.971	0.492	fixation	n/a	505.3	62.0	933.0	n/a	n/a	n/a	n/a
105.465	0.056	saccade	n/a	507.2	63.4	n/a	148.7	136.5	14.48	464.0
105.523	0.184	fixation	n/a	160.6	136.6	980.0	n/a	n/a	n/a	n/a
105.709	0.018	saccade	n/a	160.6	138.0	n/a	116.9	138.1	1.7	150.0
105.729	0.252	fixation	n/a	125.9	138.2	973.0	n/a	n/a	n/a	n/a
105.983	0.026	saccade	n/a	124.3	136.6	n/a	214.8	136.0	3.56	238.0
106.011	0.544	fixation	n/a	215.5	133.6	949.0	n/a	n/a	n/a	n/a
106.557	0.018	saccade	n/a	213.0	134.8	n/a	262.6	136.1	1.98	149.0
106.577	0.504	fixation	n/a	269.2	135.8	963.0	n/a	n/a	n/a	n/a
107.083	0.026	saccade	n/a	270.5	137.6	n/a	358.7	131.2	3.55	196.0
107.111	0.226	fixation	n/a	366.4	130.4	979.0	n/a	n/a	n/a	n/a
107.339	0.024	saccade	n/a	366.4	131.8	n/a	440.4	133.0	2.98	224.0
107.365	0.566	fixation	n/a	448.4	135.3	934.0	n/a	n/a	n/a	n/a
107.933	0.024	saccade	n/a	452.7	132.7	n/a	537.7	144.1	3.43	228.0
107.959	0.222	fixation	n/a	538.9	142.1	911.0	n/a	n/a	n/a	n/a
108.183	0.016	saccade	n/a	539.2	140.5	n/a	573.1	138.6	1.35	112.0
108.201	0.15	fixation	n/a	574.2	136.4	926.0	n/a	n/a	n/a	n/a
108.353	0.052	saccade	n/a	575.4	138.2	n/a	172.8	53.2	16.25	508.0
108.407	0.124	fixation	n/a	181.8	55.4	878.0	n/a	n/a	n/a	n/a
108.533	0.022	saccade	n/a	181.1	52.7	n/a	140.5	54.3	1.59	152.0
108.557	0.244	fixation	n/a	145.9	55.1	862.0	n/a	n/a	n/a	n/a
108.803	0.022	saccade	n/a	145.6	56.2	n/a	223.0	52.0	3.05	222.0
108.827	0.17	fixation	n/a	223.1	50.9	887.0	n/a	n/a	n/a	n/a
108.999	0.018	saccade	n/a	224.9	52.5	n/a	186.8	45.7	1.53	134.0
109.019	0.296	fixation	n/a	195.5	49.5	889.0	n/a	n/a	n/a	n/a
109.317	0.022	saccade	n/a	194.6	57.6	n/a	272.5	58.5	3.1	221.0
109.341	0.398	fixation	n/a	289.2	57.1	928.0	n/a	n/a	n/a	n/a
109.741	0.036	saccade	n/a	289.5	58.2	n/a	422.9	64.9	5.36	242.0
109.779	0.096	fixation	n/a	425.7	64.8	924.0	n/a	n/a	n/a	n/a
109.877	0.02	saccade	n/a	425.6	64.7	n/a	480.4	65.5	2.21	176.0
109.899	0.206	fixation	n/a	474.5	63.3	935.0	n/a	n/a	n/a	n/a
110.107	0.02	saccade	n/a	473.5	67.4	n/a	523.7	66.1	2.01	167.0
110.129	0.166	fixation	n/a	520.3	66.3	945.0	n/a	n/a	n/a	n/a
110.297	0.058	saccade	n/a	519.7	67.1	n/a	176.1	137.0	13.93	465.0
110.357	0.332	fixation	n/a	185.2	131.3	934.0	n/a	n/a	n/a	n/a
110.691	0.024	saccade	n/a	188.3	133.7	n/a	143.6	77.2	2.87	220.0
110.717	0.222	fixation	n/a	170.0	56.7	892.0	n/a	n/a	n/a	n/a
110.852	0.0	trigger_11	11	n/a	n/a	n/a	n/a	n/a	n/a	n/a
110.858	0.0	trigger_10	10	n/a	n/a	n/a	n/a	n/a	n/a	n/a
110.941	0.022	saccade	n/a	173.8	64.6	n/a	243.5	60.3	2.77	195.0
110.965	0.304	fixation	n/a	257.8	59.2	902.0	n/a	n/a	n/a	n/a
111.271	0.024	saccade	n/a	256.1	57.6	n/a	337.6	53.8	3.26	220.0
111.297	0.194	fixation	n/a	343.5	52.2	879.0	n/a	n/a	n/a	n/a
111.493	0.02	saccade	n/a	345.6	56.6	n/a	296.2	51.5	1.99	161.0
111.515	0.224	fixation	n/a	304.7	54.9	905.0	n/a	n/a	n/a	n/a
111.741	0.016	saccade	n/a	305.8	59.3	n/a	269.4	56.4	1.46	122.0
111.759	0.156	fixation	n/a	278.5	57.9	921.0	n/a	n/a	n/a	n/a
111.917	0.024	saccade	n/a	280.1	57.9	n/a	367.8	58.2	3.52	244.0
111.943	0.132	fixation	n/a	376.0	59.7	952.0	n/a	n/a	n/a	n/a
112.077	0.024	saccade	n/a	376.1	60.7	n/a	460.2	65.8	3.39	251.0
112.103	0.18	fixation	n/a	460.8	64.7	974.0	n/a	n/a	n/a	n/a
112.285	0.02	saccade	n/a	460.1	66.1	n/a	511.7	68.0	2.07	169.0
112.307	0.2	fixation	n/a	513.5	67.4	972.0	n/a	n/a	n/a	n/a
112.509	0.028	saccade	n/a	515.1	68.7	n/a	557.4	142.6	3.45	254.0
112.539	0.138	fixation	n/a	557.3	139.1	1000.0	n/a	n/a	n/a	n/a
112.679	0.062	saccade	n/a	559.7	140.4	n/a	190.5	68.4	14.91	441.0
112.743	0.136	fixation	n/a	204.6	70.8	1000.0	n/a	n/a	n/a	n/a
112.881	0.03	saccade	n/a	204.5	70.4	n/a	149.9	63.8	2.16	236.0
112.913	0.276	fixation	n/a	145.7	65.0	930.0	n/a	n/a	n/a	n/a
113.191	0.024	saccade	n/a	143.6	68.3	n/a	223.2	66.5	3.13	235.0
113.217	0.15	fixation	n/a	222.3	66.9	985.0	n/a	n/a	n/a	n/a
113.369	0.02	saccade	n/a	221.9	65.0	n/a	181.8	65.2	1.59	135.0
113.391	0.274	fixation	n/a	190.4	65.4	936.0	n/a	n/a	n/a	n/a
113.667	0.02	saccade	n/a	190.3	66.0	n/a	237.9	67.4	1.89	144.0
113.689	0.096	fixation	n/a	234.9	71.0	926.0	n/a	n/a	n/a	n/a
113.787	0.116	saccade	n/a	233.5	73.9	n/a	256.3	65.3	0.97	275.0
113.905	0.25	fixation	n/a	256.4	61.9	878.0	n/a	n/a	n/a	n/a
114.157	0.02	saccade	n/a	257.6	57.6	n/a	310.7	63.6	2.14	172.0
114.179	0.188	fixation	n/a	313.6	58.2	885.0	n/a	n/a	n/a	n/a
114.369	0.02	saccade	n/a	313.9	59.8	n/a	368.1	61.3	2.18	163.0
114.391	0.246	fixation	n/a	372.2	59.6	874.0	n/a	n/a	n/a	n/a
114.639	0.02	saccade	n/a	372.7	60.6	n/a	431.2	67.0	2.37	181.0
114.661	0.256	fixation	n/a	439.5	63.2	873.0	n/a	n/a	n/a	n/a
114.919	0.024	saccade	n/a	441.3	66.9	n/a	373.0	53.2	2.81	220.0
114.945	0.262	fixation	n/a	378.9	59.2	886.0	n/a	n/a	n/a	n/a
115.209	0.024	saccade	n/a	380.3	63.0	n/a	454.7	68.0	3.0	200.0
115.235	0.252	fixation	n/a	460.8	68.0	920.0	n/a	n/a	n/a	n/a
115.489	0.022	saccade	n/a	459.0	70.3	n/a	530.8	69.3	2.88	196.0
115.513	0.188	fixation	n/a	542.6	67.2	935.0	n/a	n/a	n/a	n/a
115.703	0.018	saccade	n/a	540.4	68.1	n/a	590.1	69.4	1.97	156.0
115.723	0.254	fixation	n/a	595.7	64.4	926.0	n/a	n/a	n/a	n/a
115.979	0.062	saccade	n/a	595.8	64.5	n/a	138.2	115.4	18.06	484.0
116.043	0.124	fixation	n/a	149.0	118.1	903.0	n/a	n/a	n/a	n/a
116.169	0.022	saccade	n/a	148.9	118.0	n/a	96.5	124.7	2.05	178.0
116.193	0.362	fixation	n/a	107.6	125.2	883.0	n/a	n/a	n/a	n/a
116.557	0.02	saccade	n/a	106.6	124.8	n/a	155.9	122.6	1.92	167.0
116.579	0.194	fixation	n/a	154.2	119.8	858.0	n/a	n/a	n/a	n/a
116.775	0.018	saccade	n/a	154.4	120.5	n/a	200.8	121.5	1.82	160.0
116.795	0.232	fixation	n/a	201.0	122.8	885.0	n/a	n/a	n/a	n/a
117.029	0.022	saccade	n/a	200.4	127.5	n/a	261.0	128.8	2.41	180.0
117.053	0.246	fixation	n/a	269.7	129.2	922.0	n/a	n/a	n/a	n/a
117.301	0.018	saccade	n/a	269.2	130.4	n/a	317.1	130.7	1.92	163.0
117.321	0.27	fixation	n/a	320.8	130.2	940.0	n/a	n/a	n/a	n/a
117.593	0.016	saccade	n/a	323.4	133.5	n/a	286.2	128.8	1.5	124.0
117.611	0.18	fixation	n/a	287.4	131.2	933.0	n/a	n/a	n/a	n/a
117.793	0.024	saccade	n/a	287.6	132.3	n/a	365.7	133.7	3.14	204.0
117.819	0.212	fixation	n/a	371.2	132.1	947.0	n/a	n/a	n/a	n/a
118.033	0.022	saccade	n/a	371.8	134.0	n/a	432.8	132.5	2.46	201.0
118.057	0.308	fixation	n/a	437.9	134.2	933.0	n/a	n/a	n/a	n/a
118.367	0.018	saccade	n/a	437.4	136.1	n/a	483.3	140.4	1.86	158.0
118.387	0.232	fixation	n/a	485.4	137.9	905.0	n/a	n/a	n/a	n/a
118.621	0.02	saccade	n/a	485.8	138.5	n/a	544.6	138.9	2.35	185.0
118.643	0.554	fixation	n/a	554.5	137.0	904.0	n/a	n/a	n/a	n/a
118.804	0.0	trigger_11	11	n/a	n/a	n/a	n/a	n/a	n/a	n/a
118.81	0.0	trigger_10	10	n/a	n/a	n/a	n/a	n/a	n/a	n/a
119.199	0.058	saccade	n/a	554.6	139.1	n/a	188.8	203.0	14.72	400.0
119.259	0.136	fixation	n/a	194.9	202.5	948.0	n/a	n/a	n/a	n/a
119.397	0.022	saccade	n/a	195.9	204.2	n/a	121.9	200.7	2.89	208.0
119.421	0.28	fixation	n/a	124.2	201.9	916.0	n/a	n/a	n/a	n/a
119.703	0.026	saccade	n/a	121.3	200.4	n/a	224.4	202.5	4.04	267.0
119.731	0.34	fixation	n/a	233.3	201.0	866.0	n/a	n/a	n/a	n/a
120.073	0.02	saccade	n/a	232.3	199.5	n/a	281.7	200.9	1.97	144.0
120.095	0.24	fixation	n/a	284.1	197.1	866.0	n/a	n/a	n/a	n/a
120.337	0.042	saccade	n/a	287.7	198.2	n/a	134.6	54.9	8.37	370.0
120.381	0.654	fixation	n/a	148.5	54.2	846.0	n/a	n/a	n/a	n/a
121.037	0.018	saccade	n/a	153.7	57.9	n/a	117.5	54.4	1.42	115.0
121.057	0.148	fixation	n/a	125.2	58.7	939.0	n/a	n/a	n/a	n/a
121.207	0.02	saccade	n/a	125.4	62.7	n/a	179.5	66.5	2.12	166.0
121.229	0.31	fixation	n/a	179.8	63.0	927.0	n/a	n/a	n/a	n/a
121.541	0.018	saccade	n/a	179.2	60.9	n/a	221.4	63.0	1.67	142.0
121.561	0.248	fixation	n/a	221.2	65.4	944.0	n/a	n/a	n/a	n/a
121.811	0.018	saccade	n/a	220.1	67.9	n/a	262.0	67.7	1.67	127.0
121.831	0.204	fixation	n/a	267.7	67.3	959.0	n/a	n/a	n/a	n/a
122.037	0.016	saccade	n/a	268.7	69.4	n/a	237.8	66.0	1.24	117.0
122.055	0.154	fixation	n/a	241.9	65.6	955.0	n/a	n/a	n/a	n/a
122.211	0.022	saccade	n/a	241.1	66.7	n/a	306.0	67.2	2.6	174.0
122.235	0.092	fixation	n/a	311.3	67.0	953.0	n/a	n/a	n/a	n/a
122.329	0.02	saccade	n/a	310.5	69.0	n/a	362.9	67.5	2.11	170.0
122.351	0.192	fixation	n/a	364.1	66.6	956.0	n/a	n/a	n/a	n/a
122.545	0.022	saccade	n/a	362.7	63.6	n/a	439.0	62.6	3.08	228.0
122.569	0.166	fixation	n/a	441.6	61.5	959.0	n/a	n/a	n/a	n/a
122.737	0.018	saccade	n/a	440.7	65.0	n/a	483.8	61.0	1.74	131.0
122.757	0.238	fixation	n/a	491.4	62.8	925.0	n/a	n/a	n/a	n/a
122.997	0.016	saccade	n/a	492.3	65.2	n/a	528.7	64.0	1.46	122.0
123.015	0.246	fixation	n/a	531.6	67.1	925.0	n/a	n/a	n/a	n/a
123.263	0.056	saccade	n/a	532.1	68.2	n/a	161.2	124.4	14.86	430.0
123.321	0.124	fixation	n/a	169.8	124.5	948.0	n/a	n/a	n/a	n/a
123.447	0.02	saccade	n/a	169.3	123.8	n/a	113.1	133.1	2.22	175.0
123.469	0.494	fixation	n/a	121.0	132.6	931.0	n/a	n/a	n/a	n/a
123.965	0.02	saccade	n/a	122.7	133.6	n/a	176.6	132.0	2.11	169.0
123.987	0.208	fixation	n/a	176.1	131.7	929.0	n/a	n/a	n/a	n/a
124.197	0.022	saccade	n/a	175.7	135.0	n/a	233.1	132.7	2.27	161.0
124.221	0.15	fixation	n/a	235.8	134.0	966.0	n/a	n/a	n/a	n/a
124.373	0.02	saccade	n/a	235.2	137.3	n/a	299.6	138.1	2.57	196.0
124.395	0.266	fixation	n/a	302.0	135.6	979.0	n/a	n/a	n/a	n/a
124.663	0.02	saccade	n/a	303.5	136.4	n/a	355.2	134.6	2.08	156.0
124.685	0.314	fixation	n/a	360.1	131.1	943.0	n/a	n/a	n/a	n/a
125.001	0.016	saccade	n/a	359.2	131.9	n/a	321.1	128.5	1.54	138.0
125.019	0.18	fixation	n/a	323.5	130.5	937.0	n/a	n/a	n/a	n/a
125.201	0.032	saccade	n/a	323.5	132.3	n/a	452.8	128.3	5.2	280.0
125.235	0.408	fixation	n/a	455.8	124.4	930.0	n/a	n/a	n/a	n/a
125.645	0.018	saccade	n/a	454.5	131.5	n/a	490.8	129.9	1.46	108.0
125.665	0.358	fixation	n/a	506.5	126.0	895.0	n/a	n/a	n/a	n/a
126.025	0.012	saccade	n/a	502.0	126.7	n/a	480.6	123.6	0.87	84.0
126.039	0.174	fixation	n/a	483.8	127.0	906.0	n/a	n/a	n/a	n/a
126.215	0.02	saccade	n/a	484.1	129.7	n/a	530.4	129.1	1.86	158.0
126.237	0.28	fixation	n/a	529.5	129.1	897.0	n/a	n/a	n/a	n/a
126.519	0.06	saccade	n/a	530.6	130.2	n/a	140.7	192.9	15.59	405.0
126.581	0.156	fixation	n/a	152.1	194.1	933.0	n/a	n/a	n/a	n/a
126.739	0.02	saccade	n/a	153.1	195.5	n/a	104.3	194.0	1.9	145.0
126.761	0.24	fixation	n/a	117.1	194.0	899.0	n/a	n/a	n/a	n/a
127.003	0.1	saccade	n/a	118.5	198.0	n/a	407.4	141.6	11.64	212.0
127.105	0.136	fixation	n/a	412.0	141.0	854.0	n/a	n/a	n/a	n/a
127.243	0.046	saccade	n/a	414.4	141.8	n/a	151.1	45.5	11.15	436.0
127.291	0.132	fixation	n/a	162.2	49.5	811.0	n/a	n/a	n/a	n/a
127.425	0.02	saccade	n/a	163.8	49.6	n/a	140.2	48.8	0.92	109.0
127.447	0.156	fixation	n/a	144.5	50.5	818.0	n/a	n/a	n/a	n/a
127.605	0.022	saccade	n/a	144.6	51.7	n/a	214.1	42.8	2.75	214.0
127.629	0.298	fixation	n/a	215.4	42.1	844.0	n/a	n/a	n/a	n/a
127.918	0.0	trigger_11	11	n/a	n/a	n/a	n/a	n/a	n/a	n/a
127.922	0.0	trigger_10	10	n/a	n/a	n/a	n/a	n/a	n/a	n/a
127.929	0.022	saccade	n/a	217.6	50.0	n/a	287.5	53.4	2.79	184.0
127.953	0.454	fixation	n/a	294.2	56.7	907.0	n/a	n/a	n/a	n/a
128.409	0.026	saccade	n/a	291.1	60.3	n/a	388.4	64.2	3.91	240.0
128.437	0.184	fixation	n/a	395.3	61.3	930.0	n/a	n/a	n/a	n/a
128.623	0.024	saccade	n/a	395.1	62.6	n/a	476.7	64.6	3.28	221.0
128.649	0.226	fixation	n/a	477.3	60.2	936.0	n/a	n/a	n/a	n/a
128.877	0.018	saccade	n/a	477.2	63.5	n/a	524.3	65.6	1.89	154.0
128.897	0.12	fixation	n/a	522.1	63.2	930.0	n/a	n/a	n/a	n/a
129.019	0.056	saccade	n/a	521.3	61.1	n/a	143.7	115.0	15.08	487.0
129.077	0.296	fixation	n/a	153.3	114.5	902.0	n/a	n/a	n/a	n/a
129.375	0.028	saccade	n/a	153.5	113.6	n/a	265.6	124.5	4.45	282.0
129.405	0.194	fixation	n/a	268.5	124.4	911.0	n/a	n/a	n/a	n/a
129.601	0.036	saccade	n/a	272.2	125.0	n/a	118.3	181.3	6.47	335.0
129.639	0.144	fixation	n/a	128.1	182.7	919.0	n/a	n/a	n/a	n/a
129.785	0.03	saccade	n/a	130.0	183.7	n/a	135.7	63.9	4.81	322.0
129.817	0.308	fixation	n/a	138.7	63.8	897.0	n/a	n/a	n/a	n/a
130.127	0.008	saccade	n/a	138.6	63.6	n/a	136.8	53.3	0.42	52.0
130.137	0.156	fixation	n/a	140.7	54.1	907.0	n/a	n/a	n/a	n/a
130.295	0.022	saccade	n/a	141.4	55.9	n/a	209.2	57.8	2.67	199.0
130.319	0.128	fixation	n/a	204.8	59.5	938.0	n/a	n/a	n/a	n/a
130.449	0.134	saccade	n/a	210.2	72.5	n/a	222.5	60.0	0.7	529.0
130.501	0.016	blink	n/a	n/a	n/a	n/a	n/a	n/a	n/a	n/a
130.585	0.166	fixation	n/a	223.4	63.2	925.0	n/a	n/a	n/a	n/a
130.753	0.028	saccade	n/a	222.3	67.3	n/a	305.1	63.5	3.31	186.0
130.783	0.178	fixation	n/a	302.5	64.2	951.0	n/a	n/a	n/a	n/a
130.963	0.02	saccade	n/a	301.5	68.9	n/a	351.9	66.4	2.03	159.0
130.985	0.158	fixation	n/a	349.5	66.2	944.0	n/a	n/a	n/a	n/a
131.145	0.022	saccade	n/a	349.4	66.1	n/a	405.3	68.3	2.25	147.0
131.169	0.354	fixation	n/a	405.5	65.3	957.0	n/a	n/a	n/a	n/a
131.525	0.018	saccade	n/a	406.5	65.1	n/a	455.4	62.2	1.97	152.0
131.545	0.162	fixation	n/a	461.2	61.7	966.0	n/a	n/a	n/a	n/a
131.709	0.024	saccade	n/a	462.3	64.9	n/a	381.2	57.3	3.28	243.0
131.735	0.158	fixation	n/a	385.3	59.7	966.0	n/a	n/a	n/a	n/a
131.895	0.032	saccade	n/a	383.1	60.8	n/a	512.8	65.5	5.21	264.0
131.929	0.248	fixation	n/a	515.7	63.1	974.0	n/a	n/a	n/a	n/a
132.179	0.02	saccade	n/a	513.8	64.5	n/a	565.9	68.2	2.08	155.0
132.201	0.184	fixation	n/a	570.8	64.8	956.0	n/a	n/a	n/a	n/a
132.387	0.012	saccade	n/a	571.7	66.4	n/a	596.6	68.0	0.99	94.0
132.401	0.14	fixation	n/a	595.9	66.5	924.0	n/a	n/a	n/a	n/a
132.543	0.07	saccade	n/a	596.8	68.1	n/a	176.1	125.9	16.76	470.0
132.615	0.12	fixation	n/a	169.5	124.3	944.0	n/a	n/a	n/a	n/a
132.737	0.02	saccade	n/a	170.3	124.1	n/a	108.1	128.4	2.43	203.0
132.759	0.168	fixation	n/a	118.9	124.7	912.0	n/a	n/a	n/a	n/a
132.929	0.026	saccade	n/a	118.6	125.8	n/a	200.0	123.1	3.19	219.0
132.957	0.156	fixation	n/a	198.4	121.7	926.0	n/a	n/a	n/a	n/a
133.115	0.024	saccade	n/a	199.0	122.1	n/a	284.5	126.6	3.4	257.0
133.141	0.378	fixation	n/a	289.2	126.6	947.0	n/a	n/a	n/a	n/a
133.494	0.0	trigger_11	11	n/a	n/a	n/a	n/a	n/a	n/a	n/a
133.498	0.0	trigger_10	10	n/a	n/a	n/a	n/a	n/a	n/a	n/a
133.521	0.022	saccade	n/a	288.3	130.1	n/a	352.1	128.6	2.56	166.0
133.545	0.19	fixation	n/a	356.8	126.1	952.0	n/a	n/a	n/a	n/a
133.737	0.02	saccade	n/a	355.6	126.3	n/a	413.1	128.3	2.32	187.0
133.759	0.248	fixation	n/a	414.7	127.4	960.0	n/a	n/a	n/a	n/a
134.009	0.018	saccade	n/a	417.3	128.7	n/a	465.6	122.9	1.96	150.0
134.029	0.258	fixation	n/a	475.5	126.1	970.0	n/a	n/a	n/a	n/a
134.289	0.02	saccade	n/a	474.7	129.3	n/a	528.5	130.2	2.16	167.0
134.311	0.252	fixation	n/a	533.4	129.0	956.0	n/a	n/a	n/a	n/a
134.565	0.022	saccade	n/a	534.6	133.1	n/a	586.5	135.8	2.07	149.0
134.589	0.152	fixation	n/a	584.6	131.8	971.0	n/a	n/a	n/a	n/a
134.743	0.07	saccade	n/a	584.0	131.8	n/a	132.3	197.9	17.95	512.0
134.815	0.138	fixation	n/a	124.5	194.5	1000.0	n/a	n/a	n/a	n/a
134.955	0.02	saccade	n/a	123.9	193.6	n/a	94.3	193.7	1.14	130.0
134.977	0.188	fixation	n/a	100.1	193.6	977.0	n/a	n/a	n/a	n/a
135.167	0.026	saccade	n/a	101.8	192.3	n/a	104.3	80.2	4.48	338.0
135.195	0.162	fixation	n/a	119.8	68.2	900.0	n/a	n/a	n/a	n/a
135.359	0.01	saccade	n/a	121.2	67.8	n/a	133.2	53.0	0.76	78.0
135.371	0.39	fixation	n/a	135.2	58.2	904.0	n/a	n/a	n/a	n/a
135.763	0.02	saccade	n/a	136.1	60.7	n/a	200.6	60.6	2.53	194.0
135.785	0.324	fixation	n/a	197.8	60.4	967.0	n/a	n/a	n/a	n/a
136.111	0.042	saccade	n/a	200.1	67.5	n/a	179.9	61.0	0.84	88.0
136.155	0.25	fixation	n/a	170.9	60.2	933.0	n/a	n/a	n/a	n/a
136.407	0.024	saccade	n/a	170.1	60.2	n/a	261.3	64.5	3.61	239.0
136.433	0.176	fixation	n/a	269.8	61.7	972.0	n/a	n/a	n/a	n/a
136.611	0.024	saccade	n/a	269.9	63.4	n/a	353.2	62.8	3.34	228.0
136.637	0.312	fixation	n/a	354.7	62.5	996.0	n/a	n/a	n/a	n/a
136.951	0.022	saccade	n/a	354.1	61.0	n/a	420.4	64.3	2.67	179.0
136.975	0.212	fixation	n/a	428.3	65.9	993.0	n/a	n/a	n/a	n/a
137.189	0.02	saccade	n/a	426.8	64.3	n/a	480.7	63.0	2.17	155.0
137.211	0.174	fixation	n/a	482.8	59.5	1003.0	n/a	n/a	n/a	n/a
137.387	0.02	saccade	n/a	484.1	63.7	n/a	538.0	61.7	2.16	163.0
137.409	0.172	fixation	n/a	540.9	59.8	1016.0	n/a	n/a	n/a	n/a
137.583	0.018	saccade	n/a	539.7	59.2	n/a	582.4	65.6	1.72	139.0
137.603	0.136	fixation	n/a	579.9	65.7	1008.0	n/a	n/a	n/a	n/a
137.741	0.066	saccade	n/a	580.5	65.2	n/a	177.0	123.9	16.12	468.0
137.809	0.114	fixation	n/a	170.2	121.3	1014.0	n/a	n/a	n/a	n/a
137.925	0.022	saccade	n/a	170.4	121.5	n/a	117.4	131.0	2.1	196.0
137.949	0.15	fixation	n/a	129.2	135.3	1007.0	n/a	n/a	n/a	n/a
138.101	0.026	saccade	n/a	131.0	138.6	n/a	223.3	128.6	3.65	250.0
138.129	0.116	fixation	n/a	217.4	128.6	1030.0	n/a	n/a	n/a	n/a
138.247	0.024	saccade	n/a	215.8	131.1	n/a	290.3	130.3	2.97	226.0
138.273	0.208	fixation	n/a	284.9	129.0	1019.0	n/a	n/a	n/a	n/a
138.294	0.0	trigger_11	11	n/a	n/a	n/a	n/a	n/a	n/a	n/a
138.3	0.0	trigger_10	10	n/a	n/a	n/a	n/a	n/a	n/a	n/a
138.483	0.024	saccade	n/a	287.9	129.5	n/a	216.1	126.1	2.86	219.0
138.509	0.274	fixation	n/a	222.3	129.6	998.0	n/a	n/a	n/a	n/a
138.785	0.016	saccade	n/a	223.9	133.4	n/a	193.2	127.6	1.24	102.0
138.803	0.162	fixation	n/a	198.8	129.1	992.0	n/a	n/a	n/a	n/a
138.967	0.028	saccade	n/a	196.3	130.4	n/a	306.2	129.4	4.38	292.0
138.997	0.15	fixation	n/a	303.5	127.7	1007.0	n/a	n/a	n/a	n/a
139.149	0.024	saccade	n/a	303.4	129.1	n/a	390.3	127.7	3.5	254.0
139.175	0.214	fixation	n/a	385.6	124.2	1009.0	n/a	n/a	n/a	n/a
139.391	0.024	saccade	n/a	388.0	123.8	n/a	312.4	124.4	3.04	221.0
139.417	0.036	fixation	n/a	316.9	127.1	999.0	n/a	n/a	n/a	n/a
139.455	0.02	saccade	n/a	317.3	127.1	n/a	286.9	130.8	1.23	127.0
139.477	0.172	fixation	n/a	295.4	128.8	974.0	n/a	n/a	n/a	n/a
139.651	0.03	saccade	n/a	296.6	130.2	n/a	419.6	126.5	4.95	282.0
139.683	0.166	fixation	n/a	429.4	128.9	958.0	n/a	n/a	n/a	n/a
139.851	0.02	saccade	n/a	429.6	128.8	n/a	472.7	131.6	1.74	137.0
139.873	0.136	fixation	n/a	467.7	131.5	952.0	n/a	n/a	n/a	n/a
140.011	0.06	saccade	n/a	469.1	133.5	n/a	157.5	57.8	12.74	463.0
140.073	0.424	fixation	n/a	154.2	60.6	932.0	n/a	n/a	n/a	n/a
140.499	0.02	saccade	n/a	158.8	68.4	n/a	135.6	59.1	0.98	114.0
140.521	0.218	fixation	n/a	139.8	65.8	978.0	n/a	n/a	n/a	n/a
140.741	0.012	saccade	n/a	137.0	66.9	n/a	110.6	65.0	1.03	98.0
140.755	0.136	fixation	n/a	111.8	67.3	945.0	n/a	n/a	n/a	n/a
140.893	0.13	saccade	n/a	115.2	74.9	n/a	194.4	65.5	3.12	962.0
140.929	0.038	blink	n/a	n/a	n/a	n/a	n/a	n/a	n/a	n/a
141.025	0.294	fixation	n/a	195.0	71.7	956.0	n/a	n/a	n/a	n/a
141.321	0.016	saccade	n/a	193.1	73.8	n/a	226.7	75.0	1.33	118.0
141.339	0.236	fixation	n/a	226.9	73.2	931.0	n/a	n/a	n/a	n/a
141.577	0.02	saccade	n/a	224.2	71.7	n/a	274.7	74.6	2.02	153.0
141.599	0.202	fixation	n/a	272.2	70.7	917.0	n/a	n/a	n/a	n/a
141.803	0.022	saccade	n/a	269.4	68.3	n/a	329.8	68.1	2.42	164.0
141.827	0.528	fixation	n/a	331.5	64.0	900.0	n/a	n/a	n/a	n/a
142.357	0.018	saccade	n/a	335.0	63.9	n/a	381.9	62.6	1.89	153.0
142.377	0.166	fixation	n/a	385.1	63.1	910.0	n/a	n/a	n/a	n/a
142.545	0.022	saccade	n/a	384.4	63.9	n/a	448.5	70.5	2.59	179.0
142.569	0.264	fixation	n/a	451.2	67.9	936.0	n/a	n/a	n/a	n/a
142.835	0.022	saccade	n/a	450.8	68.7	n/a	518.8	72.0	2.73	193.0
142.859	0.21	fixation	n/a	523.2	72.6	948.0	n/a	n/a	n/a	n/a
143.071	0.018	saccade	n/a	523.2	75.4	n/a	564.8	76.5	1.66	138.0
143.091	0.24	fixation	n/a	567.6	75.5	938.0	n/a	n/a	n/a	n/a
143.333	0.014	saccade	n/a	570.5	75.9	n/a	607.0	73.6	1.45	119.0
143.349	0.384	fixation	n/a	608.0	74.2	917.0	n/a	n/a	n/a	n/a
143.735	0.006	saccade	n/a	610.8	76.0	n/a	620.8	73.0	0.41	60.0
143.743	0.2	fixation	n/a	623.4	73.7	925.0	n/a	n/a	n/a	n/a
143.945	0.064	saccade	n/a	622.3	75.1	n/a	165.3	130.6	18.1	432.0
144.011	0.09	fixation	n/a	177.5	132.6	979.0	n/a	n/a	n/a	n/a
144.103	0.02	saccade	n/a	177.2	133.1	n/a	122.8	141.5	2.15	173.0
144.125	0.12	fixation	n/a	132.3	139.9	986.0	n/a	n/a	n/a	n/a
144.247	0.014	saccade	n/a	129.8	141.2	n/a	101.8	137.2	1.1	92.0
144.263	0.232	fixation	n/a	106.2	136.9	963.0	n/a	n/a	n/a	n/a
144.497	0.024	saccade	n/a	105.5	138.2	n/a	195.5	139.1	3.52	263.0
144.523	0.18	fixation	n/a	194.1	134.1	963.0	n/a	n/a	n/a	n/a
144.705	0.024	saccade	n/a	193.2	135.0	n/a	266.1	137.0	2.9	214.0
144.731	0.222	fixation	n/a	268.0	135.6	948.0	n/a	n/a	n/a	n/a
144.955	0.024	saccade	n/a	267.1	136.1	n/a	353.3	134.0	3.46	239.0
144.981	0.43	fixation	n/a	363.8	132.2	939.0	n/a	n/a	n/a	n/a
145.413	0.022	saccade	n/a	366.4	132.0	n/a	429.9	134.5	2.56	192.0
145.437	0.154	fixation	n/a	438.5	133.1	907.0	n/a	n/a	n/a	n/a
145.593	0.02	saccade	n/a	439.0	132.5	n/a	488.4	139.3	2.01	137.0
145.615	0.172	fixation	n/a	485.7	138.8	915.0	n/a	n/a	n/a	n/a
145.789	0.06	saccade	n/a	487.3	140.3	n/a	153.9	197.7	13.41	452.0
145.851	0.294	fixation	n/a	147.3	195.0	945.0	n/a	n/a	n/a	n/a
146.022	0.0	trigger_11	11	n/a	n/a	n/a	n/a	n/a	n/a	n/a
146.028	0.0	trigger_10	10	n/a	n/a	n/a	n/a	n/a	n/a	n/a
146.147	0.03	saccade	n/a	147.0	197.6	n/a	262.8	197.1	4.57	254.0
146.179	0.308	fixation	n/a	270.9	196.8	962.0	n/a	n/a	n/a	n/a
146.489	0.032	saccade	n/a	272.0	200.2	n/a	379.0	193.3	4.29	219.0
146.523	0.26	fixation	n/a	381.4	194.7	957.0	n/a	n/a	n/a	n/a
146.785	0.022	saccade	n/a	380.9	196.3	n/a	439.6	197.4	2.36	180.0
146.809	0.268	fixation	n/a	433.9	196.5	946.0	n/a	n/a	n/a	n/a
147.079	0.02	saccade	n/a	433.9	197.8	n/a	389.7	192.1	1.79	161.0
147.101	0.312	fixation	n/a	397.1	194.4	933.0	n/a	n/a	n/a	n/a
147.415	0.018	saccade	n/a	395.7	195.0	n/a	437.6	195.7	1.68	148.0
147.435	0.298	fixation	n/a	436.5	193.9	909.0	n/a	n/a	n/a	n/a
147.735	0.052	saccade	n/a	438.4	194.4	n/a	166.4	57.6	12.13	406.0
147.789	0.136	fixation	n/a	177.8	58.1	848.0	n/a	n/a	n/a	n/a
147.927	0.016	saccade	n/a	178.4	57.5	n/a	146.3	41.8	1.41	115.0
147.945	0.276	fixation	n/a	156.6	47.1	839.0	n/a	n/a	n/a	n/a
148.223	0.022	saccade	n/a	160.2	50.1	n/a	101.2	46.1	2.3	197.0
148.247	0.156	fixation	n/a	112.7	50.0	887.0	n/a	n/a	n/a	n/a
148.405	0.024	saccade	n/a	111.5	52.9	n/a	207.5	54.9	3.76	282.0
148.431	0.178	fixation	n/a	213.2	50.1	910.0	n/a	n/a	n/a	n/a
148.611	0.02	saccade	n/a	213.4	51.4	n/a	266.1	56.1	2.1	180.0
148.633	0.216	fixation	n/a	269.0	52.4	913.0	n/a	n/a	n/a	n/a
148.851	0.018	saccade	n/a	270.0	54.4	n/a	317.8	53.1	1.92	150.0
148.871	0.18	fixation	n/a	320.8	54.1	954.0	n/a	n/a	n/a	n/a
148.966	0.0	trigger_11	11	n/a	n/a	n/a	n/a	n/a	n/a	n/a
148.972	0.0	trigger_10	10	n/a	n/a	n/a	n/a	n/a	n/a	n/a
149.053	0.024	saccade	n/a	320.5	58.7	n/a	386.2	62.4	2.65	175.0
149.079	0.222	fixation	n/a	385.9	62.3	1002.0	n/a	n/a	n/a	n/a
149.303	0.02	saccade	n/a	386.1	63.4	n/a	437.8	60.0	2.09	135.0
149.325	0.342	fixation	n/a	439.6	58.5	1003.0	n/a	n/a	n/a	n/a
149.669	0.022	saccade	n/a	438.1	59.5	n/a	492.4	61.9	2.19	155.0
149.693	0.23	fixation	n/a	497.9	63.6	1021.0	n/a	n/a	n/a	n/a
149.925	0.064	saccade	n/a	499.6	65.0	n/a	143.2	134.0	14.36	477.0
149.991	0.154	fixation	n/a	135.2	134.7	1079.0	n/a	n/a	n/a	n/a
150.147	0.012	saccade	n/a	132.6	135.5	n/a	110.3	131.4	0.88	85.0
150.161	0.194	fixation	n/a	115.9	131.7	1028.0	n/a	n/a	n/a	n/a
150.357	0.022	saccade	n/a	111.7	136.0	n/a	187.2	135.1	2.95	229.0
150.381	0.228	fixation	n/a	192.6	129.6	967.0	n/a	n/a	n/a	n/a
150.611	0.024	saccade	n/a	195.1	126.9	n/a	125.9	67.6	3.62	283.0
150.637	0.586	fixation	n/a	125.6	66.2	958.0	n/a	n/a	n/a	n/a
151.225	0.01	saccade	n/a	124.8	74.0	n/a	116.9	61.0	0.6	63.0
151.237	0.124	fixation	n/a	119.2	66.1	993.0	n/a	n/a	n/a	n/a
151.363	0.008	saccade	n/a	113.9	70.5	n/a	104.4	67.3	0.39	48.0
151.373	0.282	fixation	n/a	104.5	59.6	967.0	n/a	n/a	n/a	n/a
151.657	0.022	saccade	n/a	107.6	60.9	n/a	186.9	63.8	3.09	210.0
151.681	0.244	fixation	n/a	191.0	61.0	952.0	n/a	n/a	n/a	n/a
151.927	0.02	saccade	n/a	190.4	60.6	n/a	255.1	59.1	2.56	195.0
151.949	0.206	fixation	n/a	264.9	57.9	944.0	n/a	n/a	n/a	n/a
152.157	0.02	saccade	n/a	266.4	59.3	n/a	314.7	59.5	1.94	121.0
152.179	0.166	fixation	n/a	313.0	60.8	962.0	n/a	n/a	n/a	n/a
152.347	0.018	saccade	n/a	325.0	66.9	n/a	367.9	63.9	1.73	117.0
152.367	0.17	fixation	n/a	385.7	65.4	968.0	n/a	n/a	n/a	n/a
152.539	0.022	saccade	n/a	385.3	65.4	n/a	455.1	73.6	2.83	210.0
152.563	0.124	fixation	n/a	464.9	68.8	975.0	n/a	n/a	n/a	n/a
152.689	0.022	saccade	n/a	465.0	68.2	n/a	529.7	68.3	2.59	196.0
152.713	0.142	fixation	n/a	528.4	68.2	969.0	n/a	n/a	n/a	n/a
152.857	0.012	saccade	n/a	530.2	68.5	n/a	554.8	74.9	1.02	92.0
152.871	0.06	fixation	n/a	554.6	71.0	969.0	n/a	n/a	n/a	n/a
152.933	0.064	saccade	n/a	555.1	71.8	n/a	157.0	125.6	15.89	530.0
152.999	0.27	fixation	n/a	144.9	122.5	964.0	n/a	n/a	n/a	n/a
153.271	0.02	saccade	n/a	143.0	121.9	n/a	201.0	129.8	2.3	188.0
153.293	0.274	fixation	n/a	199.3	127.0	965.0	n/a	n/a	n/a	n/a
153.569	0.022	saccade	n/a	198.0	129.1	n/a	263.7	130.0	2.61	182.0
153.593	0.138	fixation	n/a	272.9	128.8	969.0	n/a	n/a	n/a	n/a
153.733	0.022	saccade	n/a	271.5	129.2	n/a	336.6	126.9	2.61	198.0
153.757	0.128	fixation	n/a	338.1	127.3	983.0	n/a	n/a	n/a	n/a
153.792	0.0	trigger_11	11	n/a	n/a	n/a	n/a	n/a	n/a	n/a
153.798	0.0	trigger_10	10	n/a	n/a	n/a	n/a	n/a	n/a	n/a
153.887	0.026	saccade	n/a	337.3	128.2	n/a	408.0	124.6	2.85	155.0
153.915	0.172	fixation	n/a	406.8	125.8	980.0	n/a	n/a	n/a	n/a
154.089	0.022	saccade	n/a	406.5	128.1	n/a	468.7	130.9	2.51	183.0
154.113	0.136	fixation	n/a	466.6	127.2	980.0	n/a	n/a	n/a	n/a
154.251	0.022	saccade	n/a	465.8	128.0	n/a	527.9	124.9	2.49	171.0
154.275	0.16	fixation	n/a	525.9	127.2	978.0	n/a	n/a	n/a	n/a
154.437	0.022	saccade	n/a	525.0	126.0	n/a	588.0	131.4	2.51	208.0
154.461	0.192	fixation	n/a	585.9	129.4	951.0	n/a	n/a	n/a	n/a
154.655	0.068	saccade	n/a	588.3	131.4	n/a	182.1	198.4	16.25	503.0
154.725	0.088	fixation	n/a	171.8	197.3	969.0	n/a	n/a	n/a	n/a
154.815	0.024	saccade	n/a	172.5	197.2	n/a	106.5	198.9	2.57	224.0
154.841	0.192	fixation	n/a	121.8	202.1	980.0	n/a	n/a	n/a	n/a
155.035	0.022	saccade	n/a	122.7	201.8	n/a	184.9	196.6	2.44	190.0
155.059	0.204	fixation	n/a	180.4	196.4	969.0	n/a	n/a	n/a	n/a
155.265	0.022	saccade	n/a	182.1	197.7	n/a	241.2	194.4	2.34	181.0
155.289	0.14	fixation	n/a	240.6	196.0	953.0	n/a	n/a	n/a	n/a
155.431	0.02	saccade	n/a	242.1	201.9	n/a	271.4	199.6	1.17	69.0
155.453	0.164	fixation	n/a	302.3	197.3	960.0	n/a	n/a	n/a	n/a
155.619	0.03	saccade	n/a	304.3	194.8	n/a	179.9	106.6	6.1	371.0
155.651	0.142	fixation	n/a	179.7	85.1	952.0	n/a	n/a	n/a	n/a
155.795	0.02	saccade	n/a	178.5	82.1	n/a	166.6	61.0	0.97	109.0
155.817	0.19	fixation	n/a	168.7	68.1	935.0	n/a	n/a	n/a	n/a
156.009	0.02	saccade	n/a	168.9	70.8	n/a	114.6	53.8	2.22	195.0
156.031	0.17	fixation	n/a	123.5	59.2	963.0	n/a	n/a	n/a	n/a
156.203	0.026	saccade	n/a	123.7	62.1	n/a	215.8	67.3	3.62	247.0
156.231	0.122	fixation	n/a	212.3	63.5	996.0	n/a	n/a	n/a	n/a
156.355	0.022	saccade	n/a	209.7	63.6	n/a	274.7	62.6	2.58	191.0
156.379	0.186	fixation	n/a	274.3	61.3	976.0	n/a	n/a	n/a	n/a
156.567	0.02	saccade	n/a	277.0	61.1	n/a	337.3	62.4	2.42	187.0
156.589	0.462	fixation	n/a	332.1	69.6	989.0	n/a	n/a	n/a	n/a
157.053	0.024	saccade	n/a	331.3	72.6	n/a	417.3	78.4	3.47	222.0
157.079	0.196	fixation	n/a	423.5	73.1	976.0	n/a	n/a	n/a	n/a
157.277	0.018	saccade	n/a	423.3	76.1	n/a	462.4	71.2	1.59	130.0
157.297	0.148	fixation	n/a	462.5	68.1	967.0	n/a	n/a	n/a	n/a
157.447	0.018	saccade	n/a	460.1	67.3	n/a	495.8	65.4	1.44	110.0
157.467	0.27	fixation	n/a	498.3	66.8	968.0	n/a	n/a	n/a	n/a
157.739	0.014	saccade	n/a	499.0	66.1	n/a	528.4	71.2	1.2	106.0
157.755	0.11	fixation	n/a	526.0	68.5	971.0	n/a	n/a	n/a	n/a
157.867	0.064	saccade	n/a	525.5	68.2	n/a	153.5	126.8	14.89	493.0
157.933	0.12	fixation	n/a	143.5	126.0	1001.0	n/a	n/a	n/a	n/a
158.055	0.018	saccade	n/a	144.2	126.7	n/a	96.5	129.4	1.86	149.0
158.075	0.154	fixation	n/a	108.6	131.9	980.0	n/a	n/a	n/a	n/a
158.231	0.02	saccade	n/a	108.7	133.0	n/a	183.4	131.0	2.91	246.0
158.253	0.244	fixation	n/a	185.3	129.8	971.0	n/a	n/a	n/a	n/a
158.499	0.026	saccade	n/a	184.7	131.3	n/a	264.9	131.1	3.18	211.0
158.527	0.174	fixation	n/a	265.2	131.2	947.0	n/a	n/a	n/a	n/a
158.703	0.02	saccade	n/a	263.8	130.4	n/a	311.3	128.2	1.91	147.0
158.725	0.184	fixation	n/a	309.0	129.4	951.0	n/a	n/a	n/a	n/a
158.911	0.022	saccade	n/a	310.0	130.2	n/a	384.1	128.0	2.98	212.0
158.935	0.46	fixation	n/a	386.4	129.6	955.0	n/a	n/a	n/a	n/a
159.104	0.0	trigger_11	11	n/a	n/a	n/a	n/a	n/a	n/a	n/a
159.108	0.0	trigger_10	10	n/a	n/a	n/a	n/a	n/a	n/a	n/a
159.397	0.024	saccade	n/a	385.1	134.1	n/a	457.4	134.2	2.91	201.0
159.423	0.194	fixation	n/a	457.2	133.5	959.0	n/a	n/a	n/a	n/a
159.619	0.02	saccade	n/a	458.1	133.7	n/a	518.9	136.1	2.44	184.0
159.641	0.31	fixation	n/a	522.3	133.5	942.0	n/a	n/a	n/a	n/a
159.953	0.056	saccade	n/a	524.5	137.0	n/a	181.6	192.9	13.79	424.0
160.011	0.12	fixation	n/a	190.6	192.8	938.0	n/a	n/a	n/a	n/a
160.133	0.024	saccade	n/a	189.8	193.9	n/a	119.9	200.7	2.74	200.0
160.159	0.24	fixation	n/a	127.9	202.1	936.0	n/a	n/a	n/a	n/a
160.401	0.024	saccade	n/a	126.6	200.8	n/a	216.7	201.8	3.53	267.0
160.427	0.21	fixation	n/a	221.7	195.6	910.0	n/a	n/a	n/a	n/a
160.639	0.02	saccade	n/a	221.7	196.9	n/a	278.7	197.6	2.27	189.0
160.661	0.216	fixation	n/a	281.2	199.2	883.0	n/a	n/a	n/a	n/a
160.879	0.04	saccade	n/a	284.1	199.7	n/a	145.7	65.8	7.69	377.0
160.921	0.182	fixation	n/a	150.6	58.5	838.0	n/a	n/a	n/a	n/a
161.105	0.014	saccade	n/a	149.8	59.2	n/a	123.8	51.7	1.06	101.0
161.121	0.278	fixation	n/a	130.4	57.8	866.0	n/a	n/a	n/a	n/a
161.401	0.024	saccade	n/a	131.6	60.5	n/a	210.7	59.4	3.1	245.0
161.427	0.218	fixation	n/a	209.3	61.1	932.0	n/a	n/a	n/a	n/a
161.647	0.022	saccade	n/a	206.6	65.0	n/a	280.4	63.4	2.94	217.0
161.671	0.188	fixation	n/a	285.9	59.4	950.0	n/a	n/a	n/a	n/a
161.861	0.024	saccade	n/a	285.3	61.9	n/a	353.5	66.1	2.74	190.0
161.887	0.178	fixation	n/a	354.2	64.9	970.0	n/a	n/a	n/a	n/a
162.067	0.022	saccade	n/a	354.4	67.1	n/a	408.3	70.0	2.17	149.0
162.091	0.162	fixation	n/a	406.7	66.9	971.0	n/a	n/a	n/a	n/a
162.255	0.02	saccade	n/a	405.7	68.6	n/a	465.5	69.6	2.41	176.0
162.277	0.296	fixation	n/a	475.0	68.3	989.0	n/a	n/a	n/a	n/a
162.575	0.024	saccade	n/a	475.6	69.7	n/a	546.3	68.8	2.83	191.0
162.601	0.278	fixation	n/a	547.5	71.1	991.0	n/a	n/a	n/a	n/a
162.881	0.008	saccade	n/a	543.5	73.0	n/a	529.7	68.5	0.58	71.0
162.891	0.224	fixation	n/a	531.1	71.2	1014.0	n/a	n/a	n/a	n/a
163.117	0.062	saccade	n/a	533.2	74.1	n/a	118.5	136.4	16.52	459.0
163.181	0.204	fixation	n/a	128.8	135.6	1057.0	n/a	n/a	n/a	n/a
163.387	0.014	saccade	n/a	129.1	135.1	n/a	99.7	140.2	1.16	107.0
163.403	0.32	fixation	n/a	107.3	140.8	994.0	n/a	n/a	n/a	n/a
163.725	0.022	saccade	n/a	108.3	136.3	n/a	135.9	88.0	2.21	156.0
163.749	0.112	fixation	n/a	139.0	86.5	917.0	n/a	n/a	n/a	n/a
163.863	0.018	saccade	n/a	138.0	84.1	n/a	169.8	60.6	1.56	128.0
163.883	0.18	fixation	n/a	168.4	62.4	897.0	n/a	n/a	n/a	n/a
164.065	0.022	saccade	n/a	169.8	64.7	n/a	235.1	68.4	2.58	174.0
164.089	0.204	fixation	n/a	232.2	65.1	922.0	n/a	n/a	n/a	n/a
164.295	0.022	saccade	n/a	232.1	66.8	n/a	303.3	62.3	2.85	185.0
164.319	0.16	fixation	n/a	318.8	59.5	915.0	n/a	n/a	n/a	n/a
164.336	0.0	trigger_11	11	n/a	n/a	n/a	n/a	n/a	n/a	n/a
164.34	0.0	trigger_12	12	n/a	n/a	n/a	n/a	n/a	n/a	n/a
164.481	0.022	saccade	n/a	320.4	60.7	n/a	387.0	62.3	2.68	207.0
164.505	0.208	fixation	n/a	384.7	62.7	901.0	n/a	n/a	n/a	n/a
164.715	0.022	saccade	n/a	383.5	64.1	n/a	445.4	67.2	2.49	199.0
164.739	0.212	fixation	n/a	442.8	65.0	907.0	n/a	n/a	n/a	n/a
164.953	0.02	saccade	n/a	442.7	64.8	n/a	497.8	64.8	2.21	160.0
164.975	0.262	fixation	n/a	497.8	63.4	911.0	n/a	n/a	n/a	n/a
165.239	0.024	saccade	n/a	496.7	66.4	n/a	557.2	70.4	2.43	179.0
165.265	0.31	fixation	n/a	554.4	71.3	942.0	n/a	n/a	n/a	n/a
165.577	0.074	saccade	n/a	555.8	74.0	n/a	135.0	130.1	16.72	437.0
165.653	0.158	fixation	n/a	127.2	129.5	957.0	n/a	n/a	n/a	n/a
165.813	0.02	saccade	n/a	126.7	128.3	n/a	96.2	130.9	1.19	120.0
165.835	0.208	fixation	n/a	104.2	135.3	955.0	n/a	n/a	n/a	n/a
166.045	0.036	saccade	n/a	106.3	136.8	n/a	117.1	61.7	3.03	188.0
166.083	0.472	fixation	n/a	118.6	69.8	910.0	n/a	n/a	n/a	n/a
166.557	0.022	saccade	n/a	119.6	72.6	n/a	188.4	72.2	2.69	196.0
166.581	0.18	fixation	n/a	193.2	76.6	986.0	n/a	n/a	n/a	n/a
166.763	0.022	saccade	n/a	191.5	78.5	n/a	246.1	77.7	2.17	161.0
166.787	0.282	fixation	n/a	243.2	72.8	983.0	n/a	n/a	n/a	n/a
167.071	0.02	saccade	n/a	243.0	70.4	n/a	295.3	69.1	2.09	153.0
167.093	0.166	fixation	n/a	290.8	68.5	968.0	n/a	n/a	n/a	n/a
167.261	0.018	saccade	n/a	291.9	76.6	n/a	248.7	75.3	1.73	142.0
167.281	0.36	fixation	n/a	264.5	77.1	958.0	n/a	n/a	n/a	n/a
167.288	0.0	trigger_13	13	n/a	n/a	n/a	n/a	n/a	n/a	n/a
167.643	0.014	saccade	n/a	262.0	76.2	n/a	293.6	69.9	1.29	113.0
167.659	0.138	fixation	n/a	294.7	67.3	959.0	n/a	n/a	n/a	n/a
167.799	0.02	saccade	n/a	294.6	69.7	n/a	355.7	70.1	2.45	177.0
167.821	0.218	fixation	n/a	356.8	72.0	983.0	n/a	n/a	n/a	n/a
168.041	0.016	saccade	n/a	355.5	69.8	n/a	397.8	72.1	1.71	138.0
168.059	0.426	fixation	n/a	397.2	67.7	959.0	n/a	n/a	n/a	n/a
168.487	0.026	saccade	n/a	399.0	66.9	n/a	484.0	63.9	3.42	184.0
168.515	0.358	fixation	n/a	498.6	64.8	927.0	n/a	n/a	n/a	n/a
168.875	0.02	saccade	n/a	497.4	65.7	n/a	550.0	68.3	2.11	149.0
168.897	0.128	fixation	n/a	547.5	66.7	939.0	n/a	n/a	n/a	n/a
169.027	0.064	saccade	n/a	547.2	67.2	n/a	159.7	58.3	15.32	497.0
169.093	0.536	fixation	n/a	157.2	60.6	935.0	n/a	n/a	n/a	n/a
169.631	0.018	saccade	n/a	160.9	76.7	n/a	190.5	108.2	1.73	117.0
169.651	0.088	fixation	n/a	189.6	109.6	1003.0	n/a	n/a	n/a	n/a
169.741	0.164	saccade	n/a	191.0	118.0	n/a	192.3	194.9	3.11	982.0
169.769	0.074	blink	n/a	n/a	n/a	n/a	n/a	n/a	n/a	n/a
169.907	0.13	fixation	n/a	189.7	197.6	993.0	n/a	n/a	n/a	n/a
170.039	0.02	saccade	n/a	189.8	199.7	n/a	162.0	203.7	1.1	126.0
170.061	0.228	fixation	n/a	169.8	206.6	989.0	n/a	n/a	n/a	n/a
170.291	0.016	saccade	n/a	172.2	206.3	n/a	139.7	204.0	1.27	96.0
170.309	0.188	fixation	n/a	144.7	204.2	963.0	n/a	n/a	n/a	n/a
170.499	0.04	saccade	n/a	143.6	205.4	n/a	363.3	200.8	8.69	336.0
170.541	0.044	fixation	n/a	363.3	200.7	995.0	n/a	n/a	n/a	n/a
170.587	0.024	saccade	n/a	364.4	202.0	n/a	444.9	197.6	3.24	240.0
170.613	0.65	fixation	n/a	439.6	197.6	941.0	n/a	n/a	n/a	n/a
171.265	0.014	saccade	n/a	444.8	199.9	n/a	475.4	197.5	1.23	108.0
171.281	0.696	fixation	n/a	473.2	198.6	975.0	n/a	n/a	n/a	n/a
171.979	0.092	saccade	n/a	474.7	211.9	n/a	444.6	217.0	1.22	164.0
172.073	0.346	fixation	n/a	442.1	223.7	1054.0	n/a	n/a	n/a	n/a
172.421	0.02	saccade	n/a	439.7	224.3	n/a	414.0	202.7	1.36	127.0
172.443	0.246	fixation	n/a	423.2	200.8	1073.0	n/a	n/a	n/a	n/a
172.691	0.014	saccade	n/a	423.3	203.5	n/a	452.6	200.5	1.18	106.0
172.707	1.248	fixation	n/a	448.3	207.5	1016.0	n/a	n/a	n/a	n/a
173.232	0.0	trigger_15	15	n/a	n/a	n/a	n/a	n/a	n/a	n/a
173.238	0.0	trigger_10	10	n/a	n/a	n/a	n/a	n/a	n/a	n/a
173.957	0.016	saccade	n/a	444.4	210.6	n/a	427.1	200.3	0.81	93.0
173.975	0.296	fixation	n/a	432.5	200.7	1093.0	n/a	n/a	n/a	n/a
174.273	0.042	saccade	n/a	430.4	211.2	n/a	436.2	192.6	0.79	147.0
174.317	0.592	fixation	n/a	438.2	193.7	1085.0	n/a	n/a	n/a	n/a
174.911	0.018	saccade	n/a	439.2	194.8	n/a	408.5	196.9	1.24	118.0
174.931	0.142	fixation	n/a	415.8	200.6	1054.0	n/a	n/a	n/a	n/a
175.075	0.026	saccade	n/a	421.0	201.3	n/a	554.5	204.0	5.33	424.0
175.103	0.07	fixation	n/a	550.2	200.9	1032.0	n/a	n/a	n/a	n/a
175.175	0.022	saccade	n/a	547.0	202.4	n/a	614.1	205.3	2.66	261.0
175.199	0.208	fixation	n/a	605.0	203.6	1018.0	n/a	n/a	n/a	n/a
175.409	0.066	saccade	n/a	606.5	205.2	n/a	209.5	101.7	16.21	557.0
175.477	0.072	fixation	n/a	199.3	99.9	971.0	n/a	n/a	n/a	n/a
175.551	0.034	saccade	n/a	200.8	98.4	n/a	132.0	82.9	2.77	342.0
175.587	0.06	fixation	n/a	122.6	80.1	921.0	n/a	n/a	n/a	n/a
175.649	0.02	saccade	n/a	121.6	79.3	n/a	106.1	69.1	0.73	107.0
175.671	0.158	fixation	n/a	109.3	68.0	885.0	n/a	n/a	n/a	n/a
175.831	0.024	saccade	n/a	109.1	67.5	n/a	182.0	56.5	2.88	192.0
175.857	0.344	fixation	n/a	179.6	63.4	898.0	n/a	n/a	n/a	n/a
176.203	0.018	saccade	n/a	181.5	70.1	n/a	222.6	70.2	1.62	142.0
176.223	0.402	fixation	n/a	220.5	71.7	941.0	n/a	n/a	n/a	n/a
176.627	0.018	saccade	n/a	219.1	77.3	n/a	264.5	82.6	1.82	152.0
176.647	0.292	fixation	n/a	291.0	73.4	934.0	n/a	n/a	n/a	n/a
176.941	0.018	saccade	n/a	293.5	74.5	n/a	335.1	78.1	1.67	147.0
176.961	0.216	fixation	n/a	333.2	76.4	934.0	n/a	n/a	n/a	n/a
177.179	0.016	saccade	n/a	335.1	76.2	n/a	371.4	76.2	1.46	122.0
177.197	0.384	fixation	n/a	368.6	75.2	923.0	n/a	n/a	n/a	n/a
177.583	0.022	saccade	n/a	366.6	76.0	n/a	444.7	79.0	3.15	222.0
177.607	0.176	fixation	n/a	458.3	76.6	944.0	n/a	n/a	n/a	n/a
177.785	0.02	saccade	n/a	457.8	79.9	n/a	509.8	79.6	2.08	168.0
177.807	0.182	fixation	n/a	508.9	80.0	956.0	n/a	n/a	n/a	n/a
177.991	0.018	saccade	n/a	509.0	81.0	n/a	469.2	76.5	1.61	139.0
178.011	0.19	fixation	n/a	474.9	76.1	938.0	n/a	n/a	n/a	n/a
178.203	0.022	saccade	n/a	474.0	74.2	n/a	539.1	81.0	2.62	196.0
178.227	0.18	fixation	n/a	542.6	77.5	954.0	n/a	n/a	n/a	n/a
178.409	0.022	saccade	n/a	541.9	76.2	n/a	592.6	83.0	2.03	143.0
178.426	0.0	trigger_11	11	n/a	n/a	n/a	n/a	n/a	n/a	n/a
178.43	0.0	trigger_12	12	n/a	n/a	n/a	n/a	n/a	n/a	n/a
178.433	0.294	fixation	n/a	588.9	83.1	976.0	n/a	n/a	n/a	n/a
178.729	0.06	saccade	n/a	590.8	84.2	n/a	174.3	139.5	16.58	431.0
178.791	0.164	fixation	n/a	188.1	140.7	1008.0	n/a	n/a	n/a	n/a
178.957	0.024	saccade	n/a	189.0	141.5	n/a	109.4	142.8	3.1	218.0
178.983	0.228	fixation	n/a	120.9	145.5	990.0	n/a	n/a	n/a	n/a
179.213	0.024	saccade	n/a	122.6	146.7	n/a	192.6	143.6	2.74	205.0
179.239	0.15	fixation	n/a	187.0	143.2	980.0	n/a	n/a	n/a	n/a
179.391	0.034	saccade	n/a	184.4	149.7	n/a	172.4	140.7	0.59	72.0
179.427	0.24	fixation	n/a	169.2	133.3	954.0	n/a	n/a	n/a	n/a
179.669	0.018	saccade	n/a	170.0	134.0	n/a	206.2	144.3	1.48	106.0
179.689	0.228	fixation	n/a	199.8	141.0	971.0	n/a	n/a	n/a	n/a
179.919	0.02	saccade	n/a	202.3	141.1	n/a	150.0	133.5	2.08	202.0
179.941	0.152	fixation	n/a	159.2	137.0	983.0	n/a	n/a	n/a	n/a
180.095	0.022	saccade	n/a	159.9	137.3	n/a	103.0	79.9	3.2	279.0
180.119	0.552	fixation	n/a	111.4	77.3	954.0	n/a	n/a	n/a	n/a
180.673	0.01	saccade	n/a	113.9	81.1	n/a	132.2	79.3	0.71	75.0
180.685	0.11	fixation	n/a	134.2	78.6	985.0	n/a	n/a	n/a	n/a
180.797	0.024	saccade	n/a	133.7	79.6	n/a	206.8	81.0	2.87	224.0
180.823	0.26	fixation	n/a	202.2	81.5	993.0	n/a	n/a	n/a	n/a
181.085	0.022	saccade	n/a	201.1	79.9	n/a	266.3	84.1	2.6	191.0
181.109	0.348	fixation	n/a	270.6	79.5	1014.0	n/a	n/a	n/a	n/a
181.459	0.02	saccade	n/a	275.5	81.0	n/a	208.9	79.3	2.65	201.0
181.481	0.256	fixation	n/a	217.4	83.0	1039.0	n/a	n/a	n/a	n/a
181.739	0.012	saccade	n/a	218.2	82.7	n/a	194.8	80.0	0.93	94.0
181.753	0.458	fixation	n/a	198.2	80.4	1070.0	n/a	n/a	n/a	n/a
182.213	0.022	saccade	n/a	199.3	79.3	n/a	267.9	81.0	2.73	180.0
182.237	0.37	fixation	n/a	281.3	79.0	1039.0	n/a	n/a	n/a	n/a
182.609	0.018	saccade	n/a	278.0	88.3	n/a	323.1	85.1	1.81	142.0
182.629	0.322	fixation	n/a	329.6	78.8	991.0	n/a	n/a	n/a	n/a
182.953	0.016	saccade	n/a	328.9	76.6	n/a	367.1	73.8	1.54	119.0
182.971	0.172	fixation	n/a	372.7	71.6	944.0	n/a	n/a	n/a	n/a
183.145	0.022	saccade	n/a	373.3	74.7	n/a	435.9	74.9	2.52	178.0
183.169	0.214	fixation	n/a	437.9	73.0	960.0	n/a	n/a	n/a	n/a
183.306	0.0	trigger_13	13	n/a	n/a	n/a	n/a	n/a	n/a	n/a
183.385	0.018	saccade	n/a	436.6	73.7	n/a	482.4	73.6	1.84	148.0
183.405	0.44	fixation	n/a	487.0	74.0	962.0	n/a	n/a	n/a	n/a
183.847	0.068	saccade	n/a	488.3	72.9	n/a	158.3	134.3	13.33	408.0
183.917	0.118	fixation	n/a	151.0	133.0	965.0	n/a	n/a	n/a	n/a
184.037	0.02	saccade	n/a	150.7	132.8	n/a	101.1	131.8	1.93	158.0
184.059	0.344	fixation	n/a	111.9	135.4	968.0	n/a	n/a	n/a	n/a
184.405	0.026	saccade	n/a	112.6	137.7	n/a	198.3	137.1	3.35	242.0
184.433	0.286	fixation	n/a	191.3	133.9	946.0	n/a	n/a	n/a	n/a
184.578	0.0	trigger_15	15	n/a	n/a	n/a	n/a	n/a	n/a	n/a
184.582	0.0	trigger_10	10	n/a	n/a	n/a	n/a	n/a	n/a	n/a
184.721	0.02	saccade	n/a	193.1	141.1	n/a	161.2	116.3	1.61	130.0
184.743	0.438	fixation	n/a	148.0	98.9	982.0	n/a	n/a	n/a	n/a
185.183	0.02	saccade	n/a	150.3	104.0	n/a	111.0	75.2	1.92	165.0
185.205	0.398	fixation	n/a	123.3	81.4	1032.0	n/a	n/a	n/a	n/a
185.605	0.026	saccade	n/a	124.8	85.7	n/a	223.5	85.9	3.88	256.0
185.633	0.176	fixation	n/a	220.6	86.3	1058.0	n/a	n/a	n/a	n/a
185.811	0.036	saccade	n/a	220.9	90.1	n/a	176.0	218.4	5.47	278.0
185.849	0.114	fixation	n/a	177.8	205.5	1075.0	n/a	n/a	n/a	n/a
185.965	0.022	saccade	n/a	179.2	205.9	n/a	134.8	192.5	1.82	167.0
185.989	0.196	fixation	n/a	145.3	198.9	1059.0	n/a	n/a	n/a	n/a
186.187	0.044	saccade	n/a	153.0	208.5	n/a	227.5	211.3	2.94	109.0
186.233	0.25	fixation	n/a	239.9	205.3	1006.0	n/a	n/a	n/a	n/a
186.485	0.016	saccade	n/a	242.6	206.6	n/a	219.9	186.1	1.22	106.0
186.503	0.238	fixation	n/a	228.5	190.5	1026.0	n/a	n/a	n/a	n/a
186.743	0.038	saccade	n/a	228.3	193.0	n/a	124.3	93.0	5.74	309.0
186.783	0.07	fixation	n/a	127.3	94.0	995.0	n/a	n/a	n/a	n/a
186.855	0.022	saccade	n/a	127.1	92.0	n/a	109.9	67.5	1.19	133.0
186.879	0.1	fixation	n/a	114.1	74.7	989.0	n/a	n/a	n/a	n/a
186.981	0.014	saccade	n/a	112.4	72.6	n/a	99.6	62.7	0.63	78.0
186.997	0.18	fixation	n/a	104.4	66.2	953.0	n/a	n/a	n/a	n/a
187.179	0.022	saccade	n/a	104.7	66.3	n/a	175.5	63.1	2.76	210.0
187.203	0.214	fixation	n/a	172.7	65.1	966.0	n/a	n/a	n/a	n/a
187.419	0.02	saccade	n/a	175.4	69.4	n/a	231.4	72.4	2.22	160.0
187.441	0.184	fixation	n/a	242.0	74.1	990.0	n/a	n/a	n/a	n/a
187.627	0.022	saccade	n/a	243.5	73.7	n/a	311.0	70.5	2.7	185.0
187.651	0.292	fixation	n/a	308.8	71.9	980.0	n/a	n/a	n/a	n/a
187.922	0.0	trigger_11	11	n/a	n/a	n/a	n/a	n/a	n/a	n/a
187.93	0.0	trigger_10	10	n/a	n/a	n/a	n/a	n/a	n/a	n/a
187.945	0.018	saccade	n/a	309.6	75.6	n/a	359.6	74.6	2.01	168.0
187.965	0.298	fixation	n/a	366.3	72.5	996.0	n/a	n/a	n/a	n/a
188.265	0.022	saccade	n/a	365.0	73.6	n/a	424.2	74.0	2.39	170.0
188.289	0.142	fixation	n/a	432.1	73.2	1007.0	n/a	n/a	n/a	n/a
188.433	0.02	saccade	n/a	431.9	75.9	n/a	490.4	77.1	2.35	169.0
188.455	0.256	fixation	n/a	499.8	73.3	1027.0	n/a	n/a	n/a	n/a
188.713	0.02	saccade	n/a	500.8	74.7	n/a	543.7	75.4	1.71	135.0
188.735	0.134	fixation	n/a	540.9	76.1	1020.0	n/a	n/a	n/a	n/a
188.871	0.066	saccade	n/a	540.3	76.1	n/a	143.3	142.5	15.89	518.0
188.939	0.13	fixation	n/a	128.5	138.8	1024.0	n/a	n/a	n/a	n/a
189.071	0.014	saccade	n/a	126.1	138.4	n/a	97.1	141.8	1.13	105.0
189.087	0.158	fixation	n/a	104.4	146.7	1033.0	n/a	n/a	n/a	n/a
189.247	0.096	saccade	n/a	107.6	157.5	n/a	158.3	143.4	2.05	293.0
189.345	0.248	fixation	n/a	157.5	143.0	963.0	n/a	n/a	n/a	n/a
189.595	0.022	saccade	n/a	159.1	144.1	n/a	108.2	75.9	3.38	250.0
189.619	0.564	fixation	n/a	118.1	72.5	943.0	n/a	n/a	n/a	n/a
190.185	0.008	saccade	n/a	122.0	81.9	n/a	108.8	73.9	0.6	74.0
190.195	0.148	fixation	n/a	111.4	73.8	986.0	n/a	n/a	n/a	n/a
190.345	0.02	saccade	n/a	112.2	72.5	n/a	86.0	73.1	1.01	115.0
190.367	0.126	fixation	n/a	92.5	71.4	959.0	n/a	n/a	n/a	n/a
190.495	0.024	saccade	n/a	92.2	70.5	n/a	189.7	71.9	3.79	294.0
190.521	0.28	fixation	n/a	190.9	70.8	978.0	n/a	n/a	n/a	n/a
190.803	0.02	saccade	n/a	193.8	72.5	n/a	243.6	74.2	1.98	152.0
190.825	0.146	fixation	n/a	241.0	71.8	1022.0	n/a	n/a	n/a	n/a
190.973	0.02	saccade	n/a	242.1	72.3	n/a	289.3	74.4	1.89	137.0
190.995	0.41	fixation	n/a	286.5	78.5	1067.0	n/a	n/a	n/a	n/a
191.407	0.042	saccade	n/a	287.0	82.5	n/a	106.7	82.8	7.08	299.0
191.451	0.296	fixation	n/a	115.9	82.9	1030.0	n/a	n/a	n/a	n/a
191.706	0.0	trigger_11	11	n/a	n/a	n/a	n/a	n/a	n/a	n/a
191.712	0.0	trigger_10	10	n/a	n/a	n/a	n/a	n/a	n/a	n/a
191.749	0.006	saccade	n/a	116.2	85.1	n/a	107.1	81.6	0.38	56.0
191.757	0.214	fixation	n/a	108.9	85.9	1047.0	n/a	n/a	n/a	n/a
191.973	0.022	saccade	n/a	109.3	89.4	n/a	180.0	83.3	2.77	212.0
191.997	0.258	fixation	n/a	182.4	81.6	1063.0	n/a	n/a	n/a	n/a
192.257	0.024	saccade	n/a	182.1	81.7	n/a	254.0	88.0	2.86	180.0
192.283	0.234	fixation	n/a	249.6	82.6	1041.0	n/a	n/a	n/a	n/a
192.519	0.018	saccade	n/a	251.3	81.6	n/a	297.0	78.0	1.83	133.0
192.539	0.234	fixation	n/a	293.9	75.0	969.0	n/a	n/a	n/a	n/a
192.775	0.036	saccade	n/a	295.4	73.7	n/a	134.0	60.4	6.39	316.0
192.813	0.272	fixation	n/a	139.2	61.4	894.0	n/a	n/a	n/a	n/a
193.087	0.01	saccade	n/a	139.2	62.0	n/a	121.0	62.0	0.71	73.0
193.099	0.244	fixation	n/a	126.6	65.3	915.0	n/a	n/a	n/a	n/a
193.345	0.02	saccade	n/a	129.2	72.1	n/a	106.4	66.7	0.91	108.0
193.367	0.878	fixation	n/a	113.9	77.1	974.0	n/a	n/a	n/a	n/a
194.247	0.024	saccade	n/a	119.9	77.4	n/a	199.3	79.4	3.11	211.0
194.273	0.162	fixation	n/a	198.2	78.7	1028.0	n/a	n/a	n/a	n/a
194.437	0.022	saccade	n/a	198.4	80.1	n/a	266.5	81.0	2.71	192.0
194.461	0.122	fixation	n/a	271.9	83.1	1037.0	n/a	n/a	n/a	n/a
194.585	0.14	saccade	n/a	274.4	98.6	n/a	269.7	95.1	0.24	932.0
194.613	0.05	blink	n/a	n/a	n/a	n/a	n/a	n/a	n/a	n/a
194.727	0.098	fixation	n/a	270.2	94.7	1036.0	n/a	n/a	n/a	n/a
194.827	0.02	saccade	n/a	269.2	96.8	n/a	325.9	93.2	2.28	187.0
194.849	0.158	fixation	n/a	326.7	88.9	1026.0	n/a	n/a	n/a	n/a
195.009	0.022	saccade	n/a	327.3	89.8	n/a	388.3	85.0	2.46	158.0
195.033	0.262	fixation	n/a	391.8	82.3	982.0	n/a	n/a	n/a	n/a
195.297	0.018	saccade	n/a	391.8	81.7	n/a	435.6	79.4	1.77	143.0
195.317	0.284	fixation	n/a	434.4	76.9	972.0	n/a	n/a	n/a	n/a
195.603	0.022	saccade	n/a	434.8	75.0	n/a	368.5	75.6	2.67	206.0
195.627	0.5	fixation	n/a	372.6	76.9	980.0	n/a	n/a	n/a	n/a
196.129	0.018	saccade	n/a	368.3	77.2	n/a	420.9	79.8	2.12	178.0
196.149	0.54	fixation	n/a	426.6	77.2	995.0	n/a	n/a	n/a	n/a
196.691	0.014	saccade	n/a	429.0	80.6	n/a	461.6	76.4	1.32	106.0
196.707	0.232	fixation	n/a	460.5	76.4	1000.0	n/a	n/a	n/a	n/a
196.941	0.016	saccade	n/a	461.4	77.8	n/a	503.5	78.2	1.69	140.0
196.959	0.192	fixation	n/a	508.5	79.5	1010.0	n/a	n/a	n/a	n/a
197.153	0.062	saccade	n/a	510.5	77.1	n/a	188.5	137.0	13.01	425.0
197.217	0.098	fixation	n/a	183.4	136.6	1042.0	n/a	n/a	n/a	n/a
197.317	0.024	saccade	n/a	182.8	136.6	n/a	112.3	153.9	2.84	235.0
197.343	0.444	fixation	n/a	127.2	151.4	1017.0	n/a	n/a	n/a	n/a
197.789	0.022	saccade	n/a	131.9	150.7	n/a	204.4	144.6	2.85	235.0
197.813	0.234	fixation	n/a	201.4	143.3	1025.0	n/a	n/a	n/a	n/a
198.049	0.026	saccade	n/a	200.6	144.7	n/a	298.8	141.6	3.91	286.0
198.077	0.224	fixation	n/a	293.8	142.2	1066.0	n/a	n/a	n/a	n/a
198.303	0.014	saccade	n/a	294.6	141.4	n/a	274.0	137.8	0.84	83.0
198.319	0.176	fixation	n/a	283.0	138.3	1049.0	n/a	n/a	n/a	n/a
198.497	0.022	saccade	n/a	281.9	137.3	n/a	350.3	139.1	2.74	231.0
198.521	0.178	fixation	n/a	346.6	140.8	1028.0	n/a	n/a	n/a	n/a
198.701	0.02	saccade	n/a	347.2	141.6	n/a	404.9	142.4	2.32	162.0
198.723	0.196	fixation	n/a	399.4	139.9	1008.0	n/a	n/a	n/a	n/a
198.921	0.026	saccade	n/a	398.6	141.6	n/a	488.8	140.4	3.63	224.0
198.949	0.176	fixation	n/a	488.6	138.1	1004.0	n/a	n/a	n/a	n/a
199.127	0.022	saccade	n/a	487.7	138.9	n/a	553.6	141.2	2.64	190.0
199.151	0.128	fixation	n/a	554.9	142.5	999.0	n/a	n/a	n/a	n/a
199.281	0.066	saccade	n/a	554.9	142.8	n/a	152.2	216.1	16.16	533.0
199.349	0.12	fixation	n/a	141.4	213.4	996.0	n/a	n/a	n/a	n/a
199.471	0.022	saccade	n/a	142.6	216.8	n/a	111.9	208.0	1.24	133.0
199.495	0.22	fixation	n/a	116.5	208.6	967.0	n/a	n/a	n/a	n/a
199.717	0.022	saccade	n/a	115.2	208.0	n/a	185.6	202.4	2.75	214.0
199.741	0.136	fixation	n/a	179.5	201.3	948.0	n/a	n/a	n/a	n/a
199.879	0.02	saccade	n/a	180.0	201.3	n/a	247.8	197.3	2.68	211.0
199.901	0.136	fixation	n/a	253.3	195.1	948.0	n/a	n/a	n/a	n/a
200.039	0.02	saccade	n/a	253.3	194.1	n/a	314.7	192.2	2.46	190.0
200.061	0.28	fixation	n/a	310.6	194.4	963.0	n/a	n/a	n/a	n/a
200.343	0.024	saccade	n/a	310.1	195.5	n/a	385.0	190.9	3.01	213.0
200.369	0.15	fixation	n/a	385.8	191.4	958.0	n/a	n/a	n/a	n/a
200.404	0.0	trigger_11	11	n/a	n/a	n/a	n/a	n/a	n/a	n/a
200.408	0.0	trigger_12	12	n/a	n/a	n/a	n/a	n/a	n/a	n/a
200.521	0.024	saccade	n/a	385.8	191.9	n/a	462.5	197.4	3.09	218.0
200.547	0.284	fixation	n/a	462.0	199.6	939.0	n/a	n/a	n/a	n/a
200.833	0.022	saccade	n/a	461.4	202.6	n/a	525.4	199.4	2.56	174.0
200.857	0.32	fixation	n/a	527.4	196.7	941.0	n/a	n/a	n/a	n/a
201.179	0.032	saccade	n/a	529.2	199.5	n/a	408.0	189.8	4.86	298.0
201.213	0.306	fixation	n/a	414.0	194.3	977.0	n/a	n/a	n/a	n/a
201.521	0.024	saccade	n/a	412.4	194.0	n/a	487.1	199.8	3.0	198.0
201.547	0.236	fixation	n/a	482.5	200.3	1031.0	n/a	n/a	n/a	n/a
201.785	0.024	saccade	n/a	481.2	202.4	n/a	544.0	197.9	2.51	170.0
201.811	0.226	fixation	n/a	538.3	199.0	1003.0	n/a	n/a	n/a	n/a
202.039	0.07	saccade	n/a	537.1	198.3	n/a	236.2	102.7	12.6	408.0
202.111	0.106	fixation	n/a	231.3	104.3	993.0	n/a	n/a	n/a	n/a
202.219	0.034	saccade	n/a	231.7	103.3	n/a	127.8	62.7	4.4	316.0
202.255	0.384	fixation	n/a	142.0	68.8	972.0	n/a	n/a	n/a	n/a
202.641	0.024	saccade	n/a	146.5	73.6	n/a	107.1	64.8	1.57	159.0
202.667	0.112	fixation	n/a	116.5	71.0	1014.0	n/a	n/a	n/a	n/a
202.781	0.026	saccade	n/a	114.7	72.9	n/a	215.7	80.7	3.97	289.0
202.809	0.142	fixation	n/a	205.8	78.6	1009.0	n/a	n/a	n/a	n/a
202.953	0.094	saccade	n/a	210.9	88.0	n/a	243.9	79.8	1.35	557.0
203.049	0.132	fixation	n/a	245.0	80.4	976.0	n/a	n/a	n/a	n/a
203.183	0.022	saccade	n/a	246.2	83.7	n/a	309.0	77.3	2.53	199.0
203.207	0.282	fixation	n/a	304.3	75.4	998.0	n/a	n/a	n/a	n/a
203.491	0.02	saccade	n/a	305.3	76.8	n/a	367.8	72.2	2.52	193.0
203.513	0.194	fixation	n/a	366.1	69.3	948.0	n/a	n/a	n/a	n/a
203.709	0.024	saccade	n/a	365.3	68.6	n/a	429.1	68.0	2.57	195.0
203.735	0.464	fixation	n/a	427.9	68.9	927.0	n/a	n/a	n/a	n/a
204.201	0.02	saccade	n/a	430.8	70.8	n/a	484.0	77.3	2.16	172.0
204.223	0.366	fixation	n/a	481.8	74.5	945.0	n/a	n/a	n/a	n/a
204.591	0.044	saccade	n/a	482.4	75.7	n/a	268.9	73.9	8.56	361.0
204.637	0.346	fixation	n/a	280.5	75.6	993.0	n/a	n/a	n/a	n/a
204.985	0.024	saccade	n/a	278.9	75.7	n/a	350.6	75.3	2.87	202.0
205.011	0.096	fixation	n/a	351.5	72.1	1021.0	n/a	n/a	n/a	n/a
205.109	0.022	saccade	n/a	351.1	74.8	n/a	419.8	72.7	2.77	208.0
205.133	0.108	fixation	n/a	411.2	74.3	1033.0	n/a	n/a	n/a	n/a
205.243	0.024	saccade	n/a	412.1	75.6	n/a	491.7	76.2	3.2	235.0
205.269	0.186	fixation	n/a	482.9	73.7	1025.0	n/a	n/a	n/a	n/a
205.457	0.022	saccade	n/a	482.6	75.8	n/a	543.3	77.5	2.43	195.0
205.481	0.342	fixation	n/a	532.9	74.9	1024.0	n/a	n/a	n/a	n/a
205.588	0.0	trigger_13	13	n/a	n/a	n/a	n/a	n/a	n/a	n/a
205.825	0.066	saccade	n/a	531.2	70.5	n/a	158.2	144.5	15.07	495.0
205.893	0.316	fixation	n/a	145.2	142.0	1028.0	n/a	n/a	n/a	n/a
206.211	0.024	saccade	n/a	143.4	142.4	n/a	221.6	141.9	3.08	220.0
206.237	0.374	fixation	n/a	216.2	140.8	994.0	n/a	n/a	n/a	n/a
206.613	0.026	saccade	n/a	217.0	144.6	n/a	311.3	137.0	3.78	270.0
206.641	0.224	fixation	n/a	308.6	135.2	1014.0	n/a	n/a	n/a	n/a
206.867	0.02	saccade	n/a	308.2	137.0	n/a	357.2	134.5	1.97	150.0
206.889	0.108	fixation	n/a	351.2	134.2	1004.0	n/a	n/a	n/a	n/a
206.999	0.044	saccade	n/a	351.0	135.2	n/a	131.2	60.7	9.21	408.0
207.045	0.342	fixation	n/a	141.7	67.4	963.0	n/a	n/a	n/a	n/a
207.389	0.02	saccade	n/a	147.9	72.3	n/a	214.5	74.1	2.62	216.0
207.411	0.366	fixation	n/a	215.4	79.4	1017.0	n/a	n/a	n/a	n/a
207.779	0.024	saccade	n/a	216.2	87.1	n/a	134.7	77.3	3.23	244.0
207.805	0.192	fixation	n/a	146.9	83.2	1038.0	n/a	n/a	n/a	n/a
207.999	0.048	saccade	n/a	145.1	84.0	n/a	342.3	188.5	8.88	480.0
208.049	0.026	fixation	n/a	350.4	190.4	1063.0	n/a	n/a	n/a	n/a
208.077	0.038	saccade	n/a	352.8	192.9	n/a	453.5	197.8	4.05	371.0
208.117	0.104	fixation	n/a	464.8	200.3	1062.0	n/a	n/a	n/a	n/a
208.223	0.024	saccade	n/a	466.3	199.9	n/a	568.2	201.3	4.07	296.0
208.249	0.232	fixation	n/a	577.2	204.9	1021.0	n/a	n/a	n/a	n/a
208.483	0.05	saccade	n/a	578.0	219.3	n/a	512.7	215.0	2.6	126.0
208.535	0.61	fixation	n/a	492.4	213.8	960.0	n/a	n/a	n/a	n/a
209.147	0.11	saccade	n/a	491.7	225.4	n/a	471.1	241.7	1.06	392.0
209.259	0.358	fixation	n/a	478.3	226.8	973.0	n/a	n/a	n/a	n/a
209.508	0.0	trigger_15	15	n/a	n/a	n/a	n/a	n/a	n/a	n/a
209.514	0.0	trigger_10	10	n/a	n/a	n/a	n/a	n/a	n/a	n/a
209.619	0.022	saccade	n/a	477.6	227.1	n/a	437.8	208.4	1.77	169.0
209.643	0.438	fixation	n/a	447.6	209.2	967.0	n/a	n/a	n/a	n/a
210.083	0.01	saccade	n/a	446.1	208.7	n/a	466.4	207.3	0.82	88.0
210.095	0.146	fixation	n/a	464.5	206.0	972.0	n/a	n/a	n/a	n/a
210.243	0.018	saccade	n/a	464.4	208.2	n/a	508.7	208.0	1.78	151.0
210.263	0.188	fixation	n/a	504.7	207.7	955.0	n/a	n/a	n/a	n/a
210.453	0.05	saccade	n/a	505.6	212.3	n/a	253.3	446.6	13.57	447.0
210.505	0.138	fixation	n/a	260.9	442.2	990.0	n/a	n/a	n/a	n/a
210.645	0.022	saccade	n/a	262.4	445.4	n/a	204.3	443.8	2.25	198.0
210.669	0.142	fixation	n/a	215.0	444.9	992.0	n/a	n/a	n/a	n/a
210.813	0.026	saccade	n/a	214.3	445.6	n/a	328.2	435.1	4.45	282.0
210.841	0.14	fixation	n/a	339.2	434.8	927.0	n/a	n/a	n/a	n/a
210.983	0.03	saccade	n/a	340.5	436.4	n/a	476.9	440.7	5.34	290.0
211.015	0.194	fixation	n/a	484.8	441.3	848.0	n/a	n/a	n/a	n/a
211.211	0.022	saccade	n/a	486.7	443.7	n/a	544.5	435.3	2.28	158.0
211.235	0.148	fixation	n/a	563.4	432.1	806.0	n/a	n/a	n/a	n/a
211.385	0.09	saccade	n/a	565.3	432.6	n/a	189.7	111.1	19.41	435.0
211.477	0.136	fixation	n/a	173.8	95.0	716.0	n/a	n/a	n/a	n/a
211.615	0.018	saccade	n/a	176.0	90.5	n/a	160.3	54.2	1.59	141.0
211.635	0.09	fixation	n/a	165.4	56.4	690.0	n/a	n/a	n/a	n/a
211.727	0.018	saccade	n/a	164.9	56.4	n/a	142.8	51.2	0.89	104.0
211.747	0.378	fixation	n/a	145.3	55.5	743.0	n/a	n/a	n/a	n/a
212.127	0.02	saccade	n/a	143.2	59.6	n/a	196.5	53.0	2.11	172.0
212.149	0.174	fixation	n/a	192.5	54.3	821.0	n/a	n/a	n/a	n/a
212.325	0.022	saccade	n/a	190.6	56.0	n/a	258.4	57.1	2.69	212.0
212.349	0.184	fixation	n/a	257.0	63.1	874.0	n/a	n/a	n/a	n/a
212.535	0.022	saccade	n/a	258.7	68.8	n/a	315.5	69.6	2.27	174.0
212.559	0.334	fixation	n/a	315.5	72.6	934.0	n/a	n/a	n/a	n/a
212.895	0.02	saccade	n/a	318.4	76.7	n/a	374.9	76.5	2.27	184.0
212.917	0.46	fixation	n/a	368.6	80.4	963.0	n/a	n/a	n/a	n/a
213.379	0.018	saccade	n/a	367.5	83.7	n/a	405.9	83.9	1.55	129.0
213.399	0.16	fixation	n/a	410.1	80.3	965.0	n/a	n/a	n/a	n/a
213.561	0.02	saccade	n/a	411.3	80.6	n/a	466.2	77.5	2.21	165.0
213.583	0.182	fixation	n/a	466.8	75.6	969.0	n/a	n/a	n/a	n/a
213.767	0.02	saccade	n/a	467.4	79.5	n/a	522.1	77.8	2.19	167.0
213.789	0.27	fixation	n/a	519.4	82.6	993.0	n/a	n/a	n/a	n/a
214.061	0.014	saccade	n/a	519.6	84.9	n/a	547.9	85.7	1.13	92.0
214.077	0.184	fixation	n/a	544.1	86.3	960.0	n/a	n/a	n/a	n/a
214.263	0.054	saccade	n/a	544.3	85.4	n/a	154.1	141.3	15.56	447.0
214.319	0.128	fixation	n/a	166.5	140.9	959.0	n/a	n/a	n/a	n/a
214.449	0.022	saccade	n/a	167.4	141.4	n/a	104.7	145.7	2.45	185.0
214.473	0.324	fixation	n/a	118.0	147.2	965.0	n/a	n/a	n/a	n/a
214.799	0.024	saccade	n/a	115.2	147.2	n/a	195.9	145.1	3.16	238.0
214.825	0.394	fixation	n/a	188.4	142.9	954.0	n/a	n/a	n/a	n/a
215.221	0.028	saccade	n/a	188.3	143.9	n/a	296.7	143.9	4.3	244.0
215.251	0.444	fixation	n/a	304.1	143.0	959.0	n/a	n/a	n/a	n/a
215.697	0.012	saccade	n/a	300.7	145.4	n/a	280.2	147.7	0.83	74.0
215.711	0.248	fixation	n/a	258.4	149.3	935.0	n/a	n/a	n/a	n/a
215.961	0.026	saccade	n/a	257.7	148.4	n/a	362.8	148.3	4.21	237.0
215.989	0.404	fixation	n/a	379.0	138.6	928.0	n/a	n/a	n/a	n/a
216.395	0.02	saccade	n/a	378.7	136.4	n/a	434.0	134.4	2.23	179.0
216.417	0.436	fixation	n/a	431.9	137.2	936.0	n/a	n/a	n/a	n/a
216.855	0.018	saccade	n/a	428.2	147.7	n/a	471.6	144.7	1.75	145.0
216.875	0.38	fixation	n/a	480.0	144.7	916.0	n/a	n/a	n/a	n/a
217.257	0.018	saccade	n/a	483.1	143.3	n/a	449.4	133.4	1.41	134.0
217.277	0.436	fixation	n/a	457.1	136.8	859.0	n/a	n/a	n/a	n/a
217.715	0.014	saccade	n/a	455.6	135.6	n/a	483.5	135.0	1.12	98.0
217.731	0.398	fixation	n/a	485.1	136.9	831.0	n/a	n/a	n/a	n/a
218.131	0.006	saccade	n/a	480.1	142.0	n/a	473.9	137.9	0.3	47.0
218.139	0.236	fixation	n/a	470.3	136.2	774.0	n/a	n/a	n/a	n/a
218.377	0.018	saccade	n/a	470.2	137.1	n/a	511.9	137.5	1.67	146.0
218.397	0.266	fixation	n/a	517.9	136.7	781.0	n/a	n/a	n/a	n/a
218.665	0.07	saccade	n/a	518.4	140.4	n/a	170.2	183.3	13.9	390.0
218.737	0.108	fixation	n/a	162.5	181.7	841.0	n/a	n/a	n/a	n/a
218.847	0.022	saccade	n/a	160.5	180.3	n/a	105.1	188.2	2.18	197.0
218.871	0.262	fixation	n/a	117.8	188.5	837.0	n/a	n/a	n/a	n/a
219.135	0.006	saccade	n/a	116.2	189.9	n/a	106.7	188.4	0.37	56.0
219.143	0.492	fixation	n/a	111.2	191.2	839.0	n/a	n/a	n/a	n/a
219.637	0.022	saccade	n/a	113.2	193.6	n/a	172.7	197.8	2.32	168.0
219.661	0.248	fixation	n/a	176.9	196.2	884.0	n/a	n/a	n/a	n/a
219.911	0.018	saccade	n/a	178.4	200.3	n/a	149.2	196.8	1.15	120.0
219.931	0.32	fixation	n/a	158.3	199.4	900.0	n/a	n/a	n/a	n/a
220.253	0.02	saccade	n/a	157.6	201.3	n/a	220.2	200.4	2.46	185.0
220.275	0.186	fixation	n/a	225.0	198.5	942.0	n/a	n/a	n/a	n/a
220.463	0.022	saccade	n/a	224.5	197.2	n/a	285.5	196.8	2.43	182.0
220.487	0.214	fixation	n/a	283.7	196.1	933.0	n/a	n/a	n/a	n/a
220.703	0.016	saccade	n/a	284.8	198.4	n/a	330.8	196.3	1.85	146.0
220.721	0.246	fixation	n/a	336.8	194.7	919.0	n/a	n/a	n/a	n/a
220.969	0.02	saccade	n/a	337.3	194.8	n/a	392.8	195.9	2.23	171.0
220.991	0.5	fixation	n/a	391.3	197.2	891.0	n/a	n/a	n/a	n/a
221.493	0.02	saccade	n/a	390.6	200.0	n/a	337.4	194.0	2.15	175.0
221.515	0.218	fixation	n/a	342.7	194.3	880.0	n/a	n/a	n/a	n/a
221.735	0.014	saccade	n/a	342.2	195.8	n/a	316.4	194.9	1.04	88.0
221.751	0.17	fixation	n/a	322.0	198.1	880.0	n/a	n/a	n/a	n/a
221.923	0.022	saccade	n/a	320.9	200.5	n/a	379.6	197.4	2.36	177.0
221.947	0.204	fixation	n/a	378.5	193.9	872.0	n/a	n/a	n/a	n/a
222.153	0.02	saccade	n/a	377.8	193.5	n/a	439.5	199.5	2.49	187.0
222.175	0.178	fixation	n/a	449.8	198.9	856.0	n/a	n/a	n/a	n/a
222.355	0.018	saccade	n/a	451.5	199.7	n/a	497.2	201.2	1.83	146.0
222.375	0.394	fixation	n/a	498.6	200.4	828.0	n/a	n/a	n/a	n/a
222.771	0.052	saccade	n/a	499.5	198.6	n/a	164.7	254.4	13.42	409.0
222.825	0.13	fixation	n/a	172.7	251.1	844.0	n/a	n/a	n/a	n/a
222.957	0.02	saccade	n/a	173.7	251.4	n/a	112.5	244.6	2.39	197.0
222.979	0.292	fixation	n/a	126.0	247.7	833.0	n/a	n/a	n/a	n/a
223.14	0.0	trigger_11	11	n/a	n/a	n/a	n/a	n/a	n/a	n/a
223.148	0.0	trigger_10	10	n/a	n/a	n/a	n/a	n/a	n/a	n/a
223.273	0.05	saccade	n/a	127.9	250.0	n/a	472.4	201.0	13.73	418.0
223.325	0.04	fixation	n/a	472.1	204.5	845.0	n/a	n/a	n/a	n/a
223.367	0.012	saccade	n/a	477.0	209.0	n/a	505.7	202.5	1.18	109.0
223.381	0.276	fixation	n/a	505.0	200.6	834.0	n/a	n/a	n/a	n/a
223.659	0.064	saccade	n/a	506.4	209.4	n/a	160.4	249.6	13.77	329.0
223.725	0.29	fixation	n/a	127.7	257.5	824.0	n/a	n/a	n/a	n/a
224.017	0.052	saccade	n/a	127.6	257.5	n/a	122.4	35.8	8.83	307.0
224.071	0.158	fixation	n/a	124.3	40.2	771.0	n/a	n/a	n/a	n/a
224.231	0.024	saccade	n/a	122.9	42.1	n/a	203.1	46.4	3.14	219.0
224.257	0.22	fixation	n/a	201.7	45.4	751.0	n/a	n/a	n/a	n/a
224.479	0.022	saccade	n/a	201.2	47.9	n/a	274.6	42.2	2.93	212.0
224.503	0.458	fixation	n/a	281.8	42.0	796.0	n/a	n/a	n/a	n/a
224.963	0.036	saccade	n/a	285.1	51.8	n/a	143.6	55.0	5.59	332.0
225.001	0.332	fixation	n/a	154.1	56.7	868.0	n/a	n/a	n/a	n/a
225.335	0.022	saccade	n/a	155.5	61.5	n/a	97.0	61.0	2.27	205.0
225.359	0.24	fixation	n/a	109.1	58.5	924.0	n/a	n/a	n/a	n/a
225.601	0.016	saccade	n/a	109.0	58.3	n/a	151.7	55.9	1.66	143.0
225.619	0.25	fixation	n/a	147.9	55.3	903.0	n/a	n/a	n/a	n/a
225.871	0.02	saccade	n/a	147.5	56.7	n/a	207.9	66.1	2.4	183.0
225.893	0.402	fixation	n/a	212.9	68.7	954.0	n/a	n/a	n/a	n/a
226.297	0.018	saccade	n/a	213.9	73.0	n/a	176.5	66.3	1.5	133.0
226.317	0.184	fixation	n/a	187.5	69.2	992.0	n/a	n/a	n/a	n/a
226.503	0.018	saccade	n/a	187.9	71.0	n/a	148.7	67.0	1.55	136.0
226.523	0.21	fixation	n/a	161.8	73.6	1014.0	n/a	n/a	n/a	n/a
226.735	0.026	saccade	n/a	162.9	76.6	n/a	256.3	76.2	3.69	243.0
226.763	0.172	fixation	n/a	252.5	77.1	1056.0	n/a	n/a	n/a	n/a
226.937	0.022	saccade	n/a	251.6	78.0	n/a	328.3	76.3	3.07	210.0
226.961	0.138	fixation	n/a	333.2	72.1	1010.0	n/a	n/a	n/a	n/a
227.101	0.022	saccade	n/a	333.4	71.2	n/a	402.7	78.8	2.81	191.0
227.125	0.178	fixation	n/a	403.6	73.4	937.0	n/a	n/a	n/a	n/a
227.305	0.022	saccade	n/a	404.2	71.6	n/a	474.0	72.4	2.81	212.0
227.329	0.188	fixation	n/a	470.7	72.9	909.0	n/a	n/a	n/a	n/a
227.519	0.024	saccade	n/a	469.4	71.3	n/a	539.7	72.4	2.81	208.0
227.545	0.158	fixation	n/a	534.1	69.2	910.0	n/a	n/a	n/a	n/a
227.705	0.01	saccade	n/a	534.6	70.9	n/a	557.6	71.2	0.92	94.0
227.717	0.31	fixation	n/a	555.1	73.5	934.0	n/a	n/a	n/a	n/a
228.029	0.054	saccade	n/a	555.9	72.4	n/a	156.4	128.6	15.95	484.0
228.085	0.122	fixation	n/a	165.2	130.2	946.0	n/a	n/a	n/a	n/a
228.209	0.02	saccade	n/a	163.6	130.1	n/a	100.8	134.5	2.45	192.0
228.231	0.142	fixation	n/a	110.9	132.5	933.0	n/a	n/a	n/a	n/a
228.375	0.008	saccade	n/a	110.3	128.6	n/a	98.9	124.5	0.47	59.0
228.385	0.14	fixation	n/a	100.9	122.3	897.0	n/a	n/a	n/a	n/a
228.527	0.022	saccade	n/a	101.0	122.1	n/a	189.8	125.8	3.47	283.0
228.551	0.23	fixation	n/a	197.1	128.9	937.0	n/a	n/a	n/a	n/a
228.783	0.024	saccade	n/a	198.6	134.4	n/a	275.0	133.2	3.04	218.0
228.809	0.534	fixation	n/a	267.3	134.1	1000.0	n/a	n/a	n/a	n/a
229.345	0.022	saccade	n/a	266.5	137.8	n/a	327.7	135.9	2.45	165.0
229.369	0.106	fixation	n/a	328.1	133.0	1022.0	n/a	n/a	n/a	n/a
229.477	0.022	saccade	n/a	329.8	133.7	n/a	392.7	130.4	2.53	175.0
229.501	0.202	fixation	n/a	389.5	133.7	1044.0	n/a	n/a	n/a	n/a
229.705	0.022	saccade	n/a	390.6	134.6	n/a	460.1	136.0	2.8	193.0
229.729	0.166	fixation	n/a	459.6	138.7	1026.0	n/a	n/a	n/a	n/a
229.897	0.022	saccade	n/a	460.9	142.4	n/a	414.3	135.4	1.9	135.0
229.921	0.142	fixation	n/a	422.4	140.4	1005.0	n/a	n/a	n/a	n/a
230.065	0.03	saccade	n/a	420.8	143.2	n/a	538.9	150.4	4.74	261.0
230.097	0.33	fixation	n/a	534.3	145.3	1000.0	n/a	n/a	n/a	n/a
230.429	0.064	saccade	n/a	533.6	146.7	n/a	169.5	202.5	14.59	461.0
230.495	0.118	fixation	n/a	159.8	199.6	1005.0	n/a	n/a	n/a	n/a
230.615	0.024	saccade	n/a	157.4	199.5	n/a	100.9	208.3	2.22	209.0
230.641	0.226	fixation	n/a	114.0	207.9	970.0	n/a	n/a	n/a	n/a
230.708	0.0	trigger_11	11	n/a	n/a	n/a	n/a	n/a	n/a	n/a
230.712	0.0	trigger_10	10	n/a	n/a	n/a	n/a	n/a	n/a	n/a
230.869	0.026	saccade	n/a	114.9	207.8	n/a	204.8	200.6	3.52	238.0
230.897	0.194	fixation	n/a	204.9	201.8	957.0	n/a	n/a	n/a	n/a
231.093	0.026	saccade	n/a	204.3	201.0	n/a	296.9	201.5	3.68	256.0
231.121	0.236	fixation	n/a	293.6	202.5	959.0	n/a	n/a	n/a	n/a
231.359	0.02	saccade	n/a	293.3	204.0	n/a	354.4	200.7	2.45	182.0
231.381	0.17	fixation	n/a	355.7	200.1	964.0	n/a	n/a	n/a	n/a
231.553	0.024	saccade	n/a	357.2	202.0	n/a	431.3	198.5	2.98	220.0
231.579	0.1	fixation	n/a	428.4	197.8	947.0	n/a	n/a	n/a	n/a
231.681	0.024	saccade	n/a	430.6	201.0	n/a	498.5	201.5	2.72	189.0
231.707	0.186	fixation	n/a	493.0	201.7	939.0	n/a	n/a	n/a	n/a
231.895	0.024	saccade	n/a	490.6	202.7	n/a	568.1	203.5	3.09	217.0
231.921	0.168	fixation	n/a	570.6	201.5	934.0	n/a	n/a	n/a	n/a
232.091	0.068	saccade	n/a	572.2	203.3	n/a	128.3	263.1	17.54	583.0
232.161	0.234	fixation	n/a	114.0	261.1	963.0	n/a	n/a	n/a	n/a
232.397	0.038	saccade	n/a	111.8	265.0	n/a	100.1	146.9	4.72	243.0
232.437	0.182	fixation	n/a	125.4	95.2	883.0	n/a	n/a	n/a	n/a
232.621	0.02	saccade	n/a	131.8	86.6	n/a	110.7	54.4	1.53	146.0
232.643	0.338	fixation	n/a	116.6	63.0	864.0	n/a	n/a	n/a	n/a
232.983	0.022	saccade	n/a	118.5	67.0	n/a	191.5	68.8	2.85	208.0
233.007	0.15	fixation	n/a	190.2	74.0	944.0	n/a	n/a	n/a	n/a
233.159	0.02	saccade	n/a	190.8	76.7	n/a	152.5	70.0	1.53	145.0
233.181	0.12	fixation	n/a	161.6	69.2	945.0	n/a	n/a	n/a	n/a
233.303	0.024	saccade	n/a	163.1	66.4	n/a	99.6	61.0	2.48	204.0
233.329	0.382	fixation	n/a	110.3	60.7	930.0	n/a	n/a	n/a	n/a
233.713	0.024	saccade	n/a	107.3	63.1	n/a	180.8	73.4	2.9	216.0
233.739	0.232	fixation	n/a	172.3	73.7	965.0	n/a	n/a	n/a	n/a
233.973	0.022	saccade	n/a	172.7	77.6	n/a	235.3	78.9	2.47	179.0
233.997	0.232	fixation	n/a	233.6	78.4	964.0	n/a	n/a	n/a	n/a
234.231	0.02	saccade	n/a	233.0	79.1	n/a	281.5	70.6	1.96	132.0
234.253	0.28	fixation	n/a	279.0	67.0	973.0	n/a	n/a	n/a	n/a
234.535	0.008	saccade	n/a	275.4	65.6	n/a	264.1	66.5	0.45	57.0
234.545	0.324	fixation	n/a	265.1	72.4	992.0	n/a	n/a	n/a	n/a
234.871	0.022	saccade	n/a	265.2	77.8	n/a	329.5	77.3	2.58	184.0
234.895	0.322	fixation	n/a	334.2	77.1	1020.0	n/a	n/a	n/a	n/a
235.219	0.02	saccade	n/a	335.8	77.6	n/a	389.9	78.6	2.18	150.0
235.241	0.096	fixation	n/a	396.8	75.4	1000.0	n/a	n/a	n/a	n/a
235.27	0.0	trigger_11	11	n/a	n/a	n/a	n/a	n/a	n/a	n/a
235.274	0.0	trigger_10	10	n/a	n/a	n/a	n/a	n/a	n/a	n/a
235.339	0.026	saccade	n/a	396.8	76.3	n/a	471.5	74.4	3.01	187.0
235.367	0.176	fixation	n/a	467.8	72.6	998.0	n/a	n/a	n/a	n/a
235.545	0.022	saccade	n/a	467.4	71.7	n/a	538.1	75.7	2.83	223.0
235.569	0.096	fixation	n/a	533.9	72.9	983.0	n/a	n/a	n/a	n/a
235.667	0.018	saccade	n/a	533.0	72.9	n/a	568.7	77.8	1.44	127.0
235.687	0.126	fixation	n/a	564.1	76.6	976.0	n/a	n/a	n/a	n/a
235.815	0.066	saccade	n/a	565.1	75.5	n/a	148.9	142.3	16.61	518.0
235.883	0.118	fixation	n/a	138.2	138.7	993.0	n/a	n/a	n/a	n/a
236.003	0.022	saccade	n/a	137.3	139.0	n/a	103.5	136.1	1.32	145.0
236.027	0.276	fixation	n/a	112.9	137.4	977.0	n/a	n/a	n/a	n/a
236.305	0.022	saccade	n/a	111.6	138.0	n/a	185.7	134.9	2.9	210.0
236.329	0.276	fixation	n/a	183.6	135.4	952.0	n/a	n/a	n/a	n/a
236.607	0.02	saccade	n/a	183.8	140.2	n/a	229.9	142.9	1.83	184.0
236.629	0.298	fixation	n/a	227.5	136.8	947.0	n/a	n/a	n/a	n/a
236.929	0.032	saccade	n/a	230.9	135.9	n/a	115.0	74.3	5.18	278.0
236.963	0.226	fixation	n/a	124.9	72.6	898.0	n/a	n/a	n/a	n/a
237.191	0.01	saccade	n/a	127.6	69.7	n/a	134.0	59.6	0.48	50.0
237.203	0.264	fixation	n/a	137.7	62.1	901.0	n/a	n/a	n/a	n/a
237.469	0.016	saccade	n/a	140.7	63.5	n/a	107.4	51.4	1.38	127.0
237.487	0.118	fixation	n/a	116.9	56.6	936.0	n/a	n/a	n/a	n/a
237.607	0.024	saccade	n/a	117.4	59.2	n/a	189.6	63.2	2.82	198.0
237.633	0.074	fixation	n/a	183.0	64.9	964.0	n/a	n/a	n/a	n/a
237.709	0.022	saccade	n/a	180.8	67.2	n/a	252.0	68.8	2.82	217.0
237.733	0.194	fixation	n/a	240.6	65.8	952.0	n/a	n/a	n/a	n/a
237.929	0.02	saccade	n/a	238.5	66.9	n/a	280.0	66.4	1.66	149.0
237.951	0.25	fixation	n/a	271.8	62.2	951.0	n/a	n/a	n/a	n/a
238.203	0.02	saccade	n/a	273.2	62.1	n/a	214.9	67.8	2.33	191.0
238.225	0.07	fixation	n/a	224.7	69.9	951.0	n/a	n/a	n/a	n/a
238.297	0.02	saccade	n/a	223.9	68.6	n/a	195.4	71.5	1.13	116.0
238.319	0.176	fixation	n/a	202.7	73.5	961.0	n/a	n/a	n/a	n/a
238.497	0.022	saccade	n/a	202.3	76.4	n/a	264.0	68.7	2.47	178.0
238.521	0.19	fixation	n/a	261.5	72.7	1004.0	n/a	n/a	n/a	n/a
238.713	0.02	saccade	n/a	259.6	75.4	n/a	307.1	68.4	1.92	168.0
238.735	0.164	fixation	n/a	301.5	68.6	975.0	n/a	n/a	n/a	n/a
238.901	0.024	saccade	n/a	302.3	69.4	n/a	371.0	70.7	2.77	211.0
238.927	0.302	fixation	n/a	365.3	69.6	958.0	n/a	n/a	n/a	n/a
239.07	0.0	trigger_11	11	n/a	n/a	n/a	n/a	n/a	n/a	n/a
239.072	0.0	trigger_10	10	n/a	n/a	n/a	n/a	n/a	n/a	n/a
239.231	0.022	saccade	n/a	363.2	71.5	n/a	421.9	72.3	2.37	169.0
239.255	0.18	fixation	n/a	432.9	69.2	999.0	n/a	n/a	n/a	n/a
239.437	0.022	saccade	n/a	433.6	70.5	n/a	495.6	69.9	2.5	168.0
239.461	0.142	fixation	n/a	493.1	68.9	1013.0	n/a	n/a	n/a	n/a
239.605	0.064	saccade	n/a	493.7	73.3	n/a	152.7	137.9	13.76	467.0
239.671	0.108	fixation	n/a	138.7	134.5	1039.0	n/a	n/a	n/a	n/a
239.781	0.024	saccade	n/a	135.5	133.3	n/a	92.8	144.7	1.71	164.0
239.807	0.118	fixation	n/a	101.3	144.5	1026.0	n/a	n/a	n/a	n/a
239.927	0.026	saccade	n/a	100.4	144.0	n/a	191.2	142.3	3.54	280.0
239.955	0.248	fixation	n/a	182.1	142.3	1022.0	n/a	n/a	n/a	n/a
240.205	0.02	saccade	n/a	179.5	141.6	n/a	235.9	141.6	2.23	195.0
240.227	0.226	fixation	n/a	234.2	138.3	990.0	n/a	n/a	n/a	n/a
240.455	0.02	saccade	n/a	235.1	137.4	n/a	284.0	142.8	1.96	156.0
240.477	0.324	fixation	n/a	276.4	136.4	975.0	n/a	n/a	n/a	n/a
240.803	0.032	saccade	n/a	273.6	123.0	n/a	148.2	90.3	5.13	339.0
240.837	0.132	fixation	n/a	156.9	90.1	960.0	n/a	n/a	n/a	n/a
240.971	0.022	saccade	n/a	158.5	90.8	n/a	123.8	68.7	1.62	152.0
240.995	0.334	fixation	n/a	134.3	76.2	972.0	n/a	n/a	n/a	n/a
241.331	0.012	saccade	n/a	135.3	76.5	n/a	148.7	66.6	0.66	62.0
241.345	0.096	fixation	n/a	150.0	72.5	1014.0	n/a	n/a	n/a	n/a
241.443	0.024	saccade	n/a	148.9	72.9	n/a	227.2	73.4	3.08	239.0
241.469	0.154	fixation	n/a	219.9	72.4	992.0	n/a	n/a	n/a	n/a
241.625	0.02	saccade	n/a	218.3	70.2	n/a	277.7	66.6	2.37	185.0
241.647	0.214	fixation	n/a	278.8	65.0	973.0	n/a	n/a	n/a	n/a
241.863	0.022	saccade	n/a	279.4	66.0	n/a	362.4	64.7	3.33	259.0
241.887	0.214	fixation	n/a	362.4	65.9	1017.0	n/a	n/a	n/a	n/a
242.103	0.02	saccade	n/a	360.8	67.2	n/a	414.9	67.7	2.18	176.0
242.125	0.254	fixation	n/a	409.6	68.7	1020.0	n/a	n/a	n/a	n/a
242.381	0.022	saccade	n/a	410.0	69.1	n/a	475.4	73.2	2.64	195.0
242.405	0.188	fixation	n/a	476.3	71.0	1025.0	n/a	n/a	n/a	n/a
242.595	0.022	saccade	n/a	476.4	73.7	n/a	527.6	69.7	2.06	162.0
242.619	0.29	fixation	n/a	525.9	71.7	1004.0	n/a	n/a	n/a	n/a
242.911	0.074	saccade	n/a	527.1	69.4	n/a	112.6	139.6	16.56	463.0
242.987	0.194	fixation	n/a	103.1	135.9	1034.0	n/a	n/a	n/a	n/a
243.174	0.0	trigger_11	11	n/a	n/a	n/a	n/a	n/a	n/a	n/a
243.18	0.0	trigger_10	10	n/a	n/a	n/a	n/a	n/a	n/a	n/a
243.183	0.028	saccade	n/a	104.1	139.5	n/a	110.5	83.5	2.25	207.0
243.213	0.17	fixation	n/a	117.0	72.2	1016.0	n/a	n/a	n/a	n/a
243.385	0.024	saccade	n/a	115.6	74.9	n/a	185.3	77.4	2.72	214.0
243.411	0.24	fixation	n/a	174.8	74.2	996.0	n/a	n/a	n/a	n/a
243.653	0.026	saccade	n/a	175.9	74.3	n/a	274.3	70.5	3.91	285.0
243.681	0.184	fixation	n/a	273.7	67.1	991.0	n/a	n/a	n/a	n/a
243.867	0.024	saccade	n/a	272.9	69.2	n/a	360.1	66.9	3.5	263.0
243.893	0.194	fixation	n/a	353.7	66.2	972.0	n/a	n/a	n/a	n/a
244.089	0.022	saccade	n/a	351.9	67.4	n/a	406.3	72.2	2.2	166.0
244.113	0.228	fixation	n/a	403.8	68.5	943.0	n/a	n/a	n/a	n/a
244.343	0.018	saccade	n/a	405.1	69.5	n/a	453.8	68.9	1.96	170.0
244.363	0.398	fixation	n/a	448.5	72.4	947.0	n/a	n/a	n/a	n/a
244.763	0.024	saccade	n/a	448.1	73.3	n/a	528.8	69.4	3.24	216.0
244.789	0.158	fixation	n/a	525.0	68.6	950.0	n/a	n/a	n/a	n/a
244.949	0.07	saccade	n/a	525.3	72.3	n/a	144.7	96.7	15.08	479.0
245.021	0.11	fixation	n/a	134.8	94.3	960.0	n/a	n/a	n/a	n/a
245.133	0.02	saccade	n/a	134.3	96.5	n/a	133.0	56.8	1.6	138.0
245.155	0.22	fixation	n/a	134.1	68.5	957.0	n/a	n/a	n/a	n/a
245.377	0.022	saccade	n/a	135.9	72.3	n/a	92.5	60.4	1.75	166.0
245.401	0.138	fixation	n/a	104.8	60.6	942.0	n/a	n/a	n/a	n/a
245.541	0.024	saccade	n/a	102.5	61.2	n/a	181.2	68.6	3.08	225.0
245.567	0.134	fixation	n/a	174.0	72.4	975.0	n/a	n/a	n/a	n/a
245.703	0.152	saccade	n/a	184.4	87.5	n/a	181.5	65.6	0.89	826.0
245.735	0.068	blink	n/a	n/a	n/a	n/a	n/a	n/a	n/a	n/a
245.857	0.198	fixation	n/a	183.7	79.2	951.0	n/a	n/a	n/a	n/a
246.057	0.016	saccade	n/a	185.8	81.2	n/a	155.2	81.4	1.2	109.0
246.075	0.288	fixation	n/a	168.0	81.0	945.0	n/a	n/a	n/a	n/a
246.365	0.016	saccade	n/a	170.5	81.7	n/a	212.9	81.3	1.67	150.0
246.383	0.51	fixation	n/a	216.0	84.8	994.0	n/a	n/a	n/a	n/a
246.895	0.018	saccade	n/a	215.7	88.8	n/a	258.0	85.1	1.69	145.0
246.915	0.36	fixation	n/a	257.8	87.2	1021.0	n/a	n/a	n/a	n/a
247.277	0.016	saccade	n/a	256.6	89.7	n/a	220.7	85.7	1.44	127.0
247.295	0.332	fixation	n/a	229.2	88.9	1025.0	n/a	n/a	n/a	n/a
247.629	0.022	saccade	n/a	228.4	88.6	n/a	176.0	84.9	2.08	170.0
247.653	0.312	fixation	n/a	190.9	89.2	1047.0	n/a	n/a	n/a	n/a
247.967	0.02	saccade	n/a	189.8	87.2	n/a	244.3	85.2	2.16	163.0
247.989	0.182	fixation	n/a	240.9	82.4	1060.0	n/a	n/a	n/a	n/a
248.173	0.024	saccade	n/a	240.7	83.3	n/a	316.8	79.1	3.05	206.0
248.199	0.088	fixation	n/a	320.6	76.4	1060.0	n/a	n/a	n/a	n/a
248.289	0.02	saccade	n/a	320.8	77.6	n/a	372.1	76.9	2.06	152.0
248.311	0.164	fixation	n/a	368.0	76.9	1055.0	n/a	n/a	n/a	n/a
248.477	0.022	saccade	n/a	367.9	78.1	n/a	432.3	79.0	2.6	195.0
248.494	0.0	trigger_11	11	n/a	n/a	n/a	n/a	n/a	n/a	n/a
248.498	0.0	trigger_12	12	n/a	n/a	n/a	n/a	n/a	n/a	n/a
248.501	0.142	fixation	n/a	430.7	77.2	1015.0	n/a	n/a	n/a	n/a
248.645	0.02	saccade	n/a	429.9	78.0	n/a	482.5	78.2	2.12	161.0
248.667	0.12	fixation	n/a	481.9	75.6	988.0	n/a	n/a	n/a	n/a
248.789	0.022	saccade	n/a	481.7	74.4	n/a	544.0	76.3	2.49	174.0
248.813	0.142	fixation	n/a	537.7	73.9	967.0	n/a	n/a	n/a	n/a
248.957	0.068	saccade	n/a	538.6	73.2	n/a	129.5	131.9	16.28	522.0
249.027	0.164	fixation	n/a	115.7	129.2	956.0	n/a	n/a	n/a	n/a
249.193	0.026	saccade	n/a	114.8	131.8	n/a	209.1	128.9	3.69	270.0
249.221	0.164	fixation	n/a	200.2	130.2	992.0	n/a	n/a	n/a	n/a
249.387	0.024	saccade	n/a	200.1	130.2	n/a	287.0	129.7	3.46	249.0
249.413	0.276	fixation	n/a	282.2	131.4	985.0	n/a	n/a	n/a	n/a
249.691	0.024	saccade	n/a	283.9	132.9	n/a	363.0	131.7	3.18	208.0
249.717	0.228	fixation	n/a	362.9	133.7	975.0	n/a	n/a	n/a	n/a
249.947	0.022	saccade	n/a	364.1	137.7	n/a	430.0	138.2	2.66	202.0
249.971	0.118	fixation	n/a	423.7	136.8	975.0	n/a	n/a	n/a	n/a
250.091	0.046	saccade	n/a	424.1	135.8	n/a	118.5	72.6	12.35	486.0
250.139	0.19	fixation	n/a	127.7	74.4	955.0	n/a	n/a	n/a	n/a
250.331	0.01	saccade	n/a	126.8	74.9	n/a	111.2	66.4	0.7	75.0
250.343	0.452	fixation	n/a	117.8	76.7	986.0	n/a	n/a	n/a	n/a
250.654	0.0	trigger_13	13	n/a	n/a	n/a	n/a	n/a	n/a	n/a
250.797	0.02	saccade	n/a	118.7	88.0	n/a	175.5	86.5	2.22	187.0
250.819	0.478	fixation	n/a	163.7	82.6	1005.0	n/a	n/a	n/a	n/a
251.299	0.022	saccade	n/a	164.1	78.1	n/a	105.4	67.3	2.32	175.0
251.323	0.292	fixation	n/a	112.0	71.1	967.0	n/a	n/a	n/a	n/a
251.617	0.032	saccade	n/a	106.5	73.1	n/a	232.6	74.9	4.94	273.0
251.651	0.19	fixation	n/a	227.1	76.6	1034.0	n/a	n/a	n/a	n/a
251.702	0.0	trigger_15	15	n/a	n/a	n/a	n/a	n/a	n/a	n/a
251.706	0.0	trigger_10	10	n/a	n/a	n/a	n/a	n/a	n/a	n/a
251.843	0.02	saccade	n/a	226.8	77.4	n/a	278.9	77.2	2.08	162.0
251.865	0.53	fixation	n/a	279.6	75.8	960.0	n/a	n/a	n/a	n/a
252.397	0.036	saccade	n/a	287.5	76.7	n/a	181.0	73.8	4.23	236.0
252.435	0.476	fixation	n/a	189.4	81.9	988.0	n/a	n/a	n/a	n/a
252.913	0.02	saccade	n/a	189.6	88.2	n/a	129.1	82.3	2.38	186.0
252.935	0.12	fixation	n/a	140.2	85.4	1042.0	n/a	n/a	n/a	n/a
253.057	0.032	saccade	n/a	142.0	86.9	n/a	155.6	212.9	5.09	303.0
253.091	0.308	fixation	n/a	159.4	207.6	1059.0	n/a	n/a	n/a	n/a
253.401	0.024	saccade	n/a	163.6	208.8	n/a	244.3	203.0	3.19	229.0
253.427	0.45	fixation	n/a	246.9	201.4	1016.0	n/a	n/a	n/a	n/a
253.879	0.042	saccade	n/a	245.3	203.7	n/a	139.1	87.8	6.27	318.0
253.923	0.128	fixation	n/a	144.9	96.9	1033.0	n/a	n/a	n/a	n/a
254.053	0.018	saccade	n/a	145.2	97.7	n/a	105.6	81.9	1.66	135.0
254.073	0.15	fixation	n/a	114.7	83.4	989.0	n/a	n/a	n/a	n/a
254.225	0.024	saccade	n/a	112.9	80.1	n/a	189.3	79.2	2.98	231.0
254.251	0.162	fixation	n/a	189.8	79.8	967.0	n/a	n/a	n/a	n/a
254.415	0.022	saccade	n/a	188.9	81.9	n/a	257.0	80.3	2.7	196.0
254.439	0.134	fixation	n/a	253.7	80.1	992.0	n/a	n/a	n/a	n/a
254.486	0.0	trigger_11	11	n/a	n/a	n/a	n/a	n/a	n/a	n/a
254.492	0.0	trigger_12	12	n/a	n/a	n/a	n/a	n/a	n/a	n/a
254.575	0.022	saccade	n/a	254.2	81.8	n/a	319.2	80.4	2.6	203.0
254.599	0.148	fixation	n/a	316.9	81.3	1028.0	n/a	n/a	n/a	n/a
254.749	0.024	saccade	n/a	316.3	81.5	n/a	387.8	81.3	2.88	188.0
254.775	0.222	fixation	n/a	390.3	79.8	1030.0	n/a	n/a	n/a	n/a
254.999	0.022	saccade	n/a	390.7	80.6	n/a	457.3	79.9	2.68	198.0
255.023	0.256	fixation	n/a	460.0	79.2	1009.0	n/a	n/a	n/a	n/a
255.281	0.016	saccade	n/a	459.4	77.3	n/a	495.6	76.8	1.45	130.0
255.299	0.426	fixation	n/a	493.5	74.4	991.0	n/a	n/a	n/a	n/a
255.727	0.06	saccade	n/a	495.2	72.4	n/a	194.3	89.7	12.01	424.0
255.789	0.132	fixation	n/a	186.8	86.6	1029.0	n/a	n/a	n/a	n/a
255.923	0.032	saccade	n/a	186.7	87.8	n/a	118.2	79.6	2.7	287.0
255.957	0.422	fixation	n/a	114.6	79.1	1013.0	n/a	n/a	n/a	n/a
256.381	0.01	saccade	n/a	113.1	81.4	n/a	94.2	76.1	0.76	80.0
256.393	0.346	fixation	n/a	103.1	80.2	1002.0	n/a	n/a	n/a	n/a
256.741	0.022	saccade	n/a	106.8	85.6	n/a	173.5	85.7	2.6	197.0
256.765	0.172	fixation	n/a	166.2	85.1	1057.0	n/a	n/a	n/a	n/a
256.939	0.018	saccade	n/a	165.6	85.4	n/a	126.9	80.6	1.52	124.0
256.959	0.128	fixation	n/a	135.6	81.7	1035.0	n/a	n/a	n/a	n/a
257.089	0.02	saccade	n/a	137.0	79.8	n/a	80.7	76.2	2.18	174.0
257.111	0.096	fixation	n/a	94.9	77.5	988.0	n/a	n/a	n/a	n/a
257.209	0.008	saccade	n/a	92.7	76.8	n/a	82.8	76.0	0.38	48.0
257.219	0.132	fixation	n/a	86.4	77.4	991.0	n/a	n/a	n/a	n/a
257.353	0.032	saccade	n/a	87.3	79.6	n/a	233.7	84.3	5.72	337.0
257.387	0.234	fixation	n/a	230.8	82.3	1035.0	n/a	n/a	n/a	n/a
257.623	0.016	saccade	n/a	231.1	85.1	n/a	267.2	77.3	1.47	133.0
257.641	0.336	fixation	n/a	262.2	75.2	996.0	n/a	n/a	n/a	n/a
257.979	0.022	saccade	n/a	260.7	75.0	n/a	332.0	74.9	2.85	206.0
258.003	0.244	fixation	n/a	337.9	74.7	1002.0	n/a	n/a	n/a	n/a
258.249	0.022	saccade	n/a	337.0	74.5	n/a	392.0	76.7	2.22	156.0
258.273	0.176	fixation	n/a	391.2	74.4	995.0	n/a	n/a	n/a	n/a
258.451	0.02	saccade	n/a	391.6	76.4	n/a	446.2	78.6	2.2	169.0
258.473	0.236	fixation	n/a	441.6	77.3	985.0	n/a	n/a	n/a	n/a
258.711	0.014	saccade	n/a	442.9	75.3	n/a	470.7	71.4	1.13	96.0
258.727	0.238	fixation	n/a	467.8	70.6	970.0	n/a	n/a	n/a	n/a
258.967	0.022	saccade	n/a	468.5	72.8	n/a	415.7	65.6	2.14	174.0
258.991	0.264	fixation	n/a	422.6	65.0	973.0	n/a	n/a	n/a	n/a
259.257	0.022	saccade	n/a	420.9	63.4	n/a	484.9	68.5	2.58	184.0
259.281	0.112	fixation	n/a	482.1	67.1	981.0	n/a	n/a	n/a	n/a
259.395	0.024	saccade	n/a	482.0	69.3	n/a	541.3	72.5	2.38	170.0
259.421	0.226	fixation	n/a	536.1	69.6	966.0	n/a	n/a	n/a	n/a
259.649	0.016	saccade	n/a	537.1	69.2	n/a	572.0	71.6	1.39	119.0
259.667	0.104	fixation	n/a	569.1	71.8	966.0	n/a	n/a	n/a	n/a
259.773	0.072	saccade	n/a	569.4	73.6	n/a	128.2	129.0	17.48	520.0
259.847	0.228	fixation	n/a	117.3	130.3	975.0	n/a	n/a	n/a	n/a
260.077	0.022	saccade	n/a	116.9	136.3	n/a	181.6	127.8	2.55	210.0
260.101	0.19	fixation	n/a	173.0	128.6	996.0	n/a	n/a	n/a	n/a
260.293	0.028	saccade	n/a	175.0	130.6	n/a	261.8	127.8	3.45	236.0
260.323	0.246	fixation	n/a	256.8	126.8	1000.0	n/a	n/a	n/a	n/a
260.571	0.026	saccade	n/a	257.8	127.6	n/a	353.7	128.5	3.84	250.0
260.599	0.198	fixation	n/a	354.4	124.1	1031.0	n/a	n/a	n/a	n/a
260.799	0.026	saccade	n/a	353.0	124.8	n/a	434.0	126.8	3.27	237.0
260.827	0.15	fixation	n/a	427.8	128.3	1040.0	n/a	n/a	n/a	n/a
260.979	0.02	saccade	n/a	428.4	130.8	n/a	484.0	131.1	2.24	167.0
261.001	0.246	fixation	n/a	479.1	129.1	1013.0	n/a	n/a	n/a	n/a
261.249	0.016	saccade	n/a	479.5	127.5	n/a	517.2	128.1	1.51	126.0
261.267	0.134	fixation	n/a	517.5	127.0	1010.0	n/a	n/a	n/a	n/a
261.403	0.066	saccade	n/a	517.0	129.0	n/a	166.6	187.9	14.08	515.0
261.471	0.116	fixation	n/a	155.2	188.3	1041.0	n/a	n/a	n/a	n/a
261.589	0.022	saccade	n/a	155.0	189.2	n/a	94.1	198.9	2.39	183.0
261.613	0.248	fixation	n/a	107.9	200.4	1030.0	n/a	n/a	n/a	n/a
261.863	0.02	saccade	n/a	106.7	202.9	n/a	150.7	199.7	1.71	146.0
261.885	0.138	fixation	n/a	144.8	199.2	1016.0	n/a	n/a	n/a	n/a
262.025	0.026	saccade	n/a	144.2	199.8	n/a	231.4	193.2	3.44	218.0
262.053	0.198	fixation	n/a	229.9	191.4	994.0	n/a	n/a	n/a	n/a
262.253	0.024	saccade	n/a	229.3	191.6	n/a	301.0	189.5	2.86	205.0
262.279	0.224	fixation	n/a	297.9	190.7	990.0	n/a	n/a	n/a	n/a
262.505	0.008	saccade	n/a	297.3	189.1	n/a	284.6	189.1	0.51	62.0
262.515	0.172	fixation	n/a	288.2	189.1	985.0	n/a	n/a	n/a	n/a
262.6	0.0	trigger_13	13	n/a	n/a	n/a	n/a	n/a	n/a	n/a
262.689	0.03	saccade	n/a	289.0	189.6	n/a	408.3	186.9	4.78	276.0
262.721	0.202	fixation	n/a	409.0	185.8	975.0	n/a	n/a	n/a	n/a
262.925	0.022	saccade	n/a	409.4	187.4	n/a	476.6	191.8	2.7	203.0
262.949	0.286	fixation	n/a	475.2	190.6	969.0	n/a	n/a	n/a	n/a
263.237	0.02	saccade	n/a	474.7	192.5	n/a	530.2	192.5	2.22	171.0
263.259	0.148	fixation	n/a	533.4	194.3	949.0	n/a	n/a	n/a	n/a
263.409	0.024	saccade	n/a	533.7	194.9	n/a	599.3	196.5	2.6	154.0
263.435	0.092	fixation	n/a	601.3	198.5	940.0	n/a	n/a	n/a	n/a
263.529	0.076	saccade	n/a	601.5	199.8	n/a	112.9	260.9	19.17	532.0
263.607	0.168	fixation	n/a	99.4	259.1	967.0	n/a	n/a	n/a	n/a
263.777	0.054	saccade	n/a	101.9	259.1	n/a	123.0	77.6	7.28	307.0
263.833	0.098	fixation	n/a	123.3	85.6	911.0	n/a	n/a	n/a	n/a
263.933	0.022	saccade	n/a	121.6	83.0	n/a	166.7	48.8	2.23	200.0
263.957	0.16	fixation	n/a	158.8	54.2	864.0	n/a	n/a	n/a	n/a
264.119	0.026	saccade	n/a	158.9	55.3	n/a	270.2	60.3	4.41	336.0
264.147	0.222	fixation	n/a	269.3	61.3	878.0	n/a	n/a	n/a	n/a
264.371	0.022	saccade	n/a	271.5	67.5	n/a	227.3	65.2	1.76	171.0
264.395	0.166	fixation	n/a	237.2	68.7	908.0	n/a	n/a	n/a	n/a
264.563	0.024	saccade	n/a	237.3	70.9	n/a	147.4	59.0	3.58	282.0
264.589	0.218	fixation	n/a	161.3	72.1	921.0	n/a	n/a	n/a	n/a
264.809	0.018	saccade	n/a	164.7	79.0	n/a	131.6	70.7	1.34	120.0
264.829	0.354	fixation	n/a	144.7	79.3	977.0	n/a	n/a	n/a	n/a
265.185	0.048	saccade	n/a	150.8	86.5	n/a	183.5	217.1	5.41	236.0
265.235	0.248	fixation	n/a	177.8	208.9	1063.0	n/a	n/a	n/a	n/a
265.485	0.058	saccade	n/a	176.4	208.0	n/a	449.9	186.4	10.89	425.0
265.545	0.224	fixation	n/a	460.0	195.6	1017.0	n/a	n/a	n/a	n/a
265.771	0.018	saccade	n/a	460.9	200.6	n/a	437.9	200.1	0.92	102.0
265.791	0.04	fixation	n/a	442.2	208.1	986.0	n/a	n/a	n/a	n/a
265.833	0.158	saccade	n/a	441.8	219.3	n/a	438.1	199.5	0.82	529.0
265.869	0.074	blink	n/a	n/a	n/a	n/a	n/a	n/a	n/a	n/a
265.993	1.378	fixation	n/a	444.0	207.3	1067.0	n/a	n/a	n/a	n/a
267.373	0.022	saccade	n/a	440.0	218.3	n/a	405.1	203.6	1.52	153.0
267.397	0.032	fixation	n/a	413.9	205.3	1089.0	n/a	n/a	n/a	n/a
267.431	0.012	saccade	n/a	416.1	206.5	n/a	440.4	202.8	0.99	98.0
267.445	1.65	fixation	n/a	432.3	203.8	1050.0	n/a	n/a	n/a	n/a
268.296	0.0	trigger_15	15	n/a	n/a	n/a	n/a	n/a	n/a	n/a
268.304	0.0	trigger_10	10	n/a	n/a	n/a	n/a	n/a	n/a	n/a
269.097	0.02	saccade	n/a	436.7	218.0	n/a	390.7	200.5	1.98	155.0
269.119	0.258	fixation	n/a	396.8	198.1	1076.0	n/a	n/a	n/a	n/a
269.379	0.046	saccade	n/a	395.9	198.8	n/a	192.9	199.3	8.07	333.0
269.427	0.192	fixation	n/a	202.9	200.0	1061.0	n/a	n/a	n/a	n/a
269.621	0.022	saccade	n/a	202.8	203.1	n/a	155.6	199.5	1.86	160.0
269.645	0.46	fixation	n/a	179.6	202.8	1025.0	n/a	n/a	n/a	n/a
270.107	0.016	saccade	n/a	193.1	201.4	n/a	153.9	203.5	1.54	126.0
270.125	0.354	fixation	n/a	163.1	202.2	1022.0	n/a	n/a	n/a	n/a
270.481	0.034	saccade	n/a	163.3	199.6	n/a	117.3	100.3	4.37	297.0
270.517	0.106	fixation	n/a	119.9	105.1	973.0	n/a	n/a	n/a	n/a
270.625	0.01	saccade	n/a	118.0	94.3	n/a	114.6	70.0	0.98	101.0
270.637	0.216	fixation	n/a	116.3	68.2	932.0	n/a	n/a	n/a	n/a
270.855	0.02	saccade	n/a	115.0	67.5	n/a	161.1	60.9	1.82	154.0
270.877	0.124	fixation	n/a	155.2	60.7	905.0	n/a	n/a	n/a	n/a
271.003	0.02	saccade	n/a	156.0	64.8	n/a	219.5	69.4	2.51	215.0
271.025	0.26	fixation	n/a	223.4	71.1	942.0	n/a	n/a	n/a	n/a
271.287	0.018	saccade	n/a	225.5	74.8	n/a	190.6	75.2	1.38	132.0
271.307	0.258	fixation	n/a	199.5	77.3	985.0	n/a	n/a	n/a	n/a
271.567	0.016	saccade	n/a	201.3	81.3	n/a	167.5	75.0	1.35	111.0
271.585	0.302	fixation	n/a	172.5	81.7	1051.0	n/a	n/a	n/a	n/a
271.889	0.022	saccade	n/a	173.8	85.9	n/a	233.0	83.0	2.34	181.0
271.913	0.4	fixation	n/a	229.8	83.6	1070.0	n/a	n/a	n/a	n/a
272.315	0.022	saccade	n/a	229.8	83.7	n/a	283.3	81.5	2.13	153.0
272.339	0.146	fixation	n/a	279.6	79.1	1045.0	n/a	n/a	n/a	n/a
272.487	0.02	saccade	n/a	283.2	86.0	n/a	313.0	81.6	1.21	69.0
272.509	0.206	fixation	n/a	341.6	79.2	1051.0	n/a	n/a	n/a	n/a
272.717	0.018	saccade	n/a	344.5	81.0	n/a	305.9	78.3	1.55	125.0
272.737	0.126	fixation	n/a	313.7	79.2	1037.0	n/a	n/a	n/a	n/a
272.865	0.028	saccade	n/a	313.5	79.9	n/a	419.4	82.4	4.26	268.0
272.895	0.156	fixation	n/a	417.3	79.4	1003.0	n/a	n/a	n/a	n/a
273.053	0.02	saccade	n/a	417.2	80.3	n/a	479.3	78.5	2.5	193.0
273.075	0.186	fixation	n/a	477.9	78.6	974.0	n/a	n/a	n/a	n/a
273.263	0.018	saccade	n/a	478.0	78.5	n/a	524.2	77.2	1.85	156.0
273.283	0.314	fixation	n/a	521.6	76.9	952.0	n/a	n/a	n/a	n/a
273.599	0.016	saccade	n/a	523.8	78.3	n/a	552.5	80.2	1.15	108.0
273.617	0.092	fixation	n/a	547.1	80.6	932.0	n/a	n/a	n/a	n/a
273.711	0.064	saccade	n/a	547.9	81.0	n/a	168.1	122.7	15.11	510.0
273.777	0.11	fixation	n/a	155.6	123.2	961.0	n/a	n/a	n/a	n/a
273.889	0.02	saccade	n/a	155.7	123.6	n/a	100.4	131.2	2.17	179.0
273.911	0.436	fixation	n/a	110.7	133.1	966.0	n/a	n/a	n/a	n/a
274.349	0.024	saccade	n/a	109.5	133.4	n/a	191.4	131.0	3.21	206.0
274.375	0.236	fixation	n/a	200.7	129.1	983.0	n/a	n/a	n/a	n/a
274.613	0.026	saccade	n/a	202.0	130.9	n/a	288.0	129.6	3.42	259.0
274.641	0.324	fixation	n/a	286.3	127.7	1008.0	n/a	n/a	n/a	n/a
274.967	0.02	saccade	n/a	286.1	129.3	n/a	340.0	128.5	2.16	168.0
274.989	0.226	fixation	n/a	340.9	128.1	999.0	n/a	n/a	n/a	n/a
275.217	0.026	saccade	n/a	341.8	130.2	n/a	425.1	131.6	3.35	208.0
275.245	0.232	fixation	n/a	427.0	130.1	998.0	n/a	n/a	n/a	n/a
275.479	0.02	saccade	n/a	427.1	132.7	n/a	487.6	135.5	2.44	176.0
275.501	0.148	fixation	n/a	498.5	132.1	983.0	n/a	n/a	n/a	n/a
275.651	0.02	saccade	n/a	498.0	130.9	n/a	552.5	131.8	2.18	156.0
275.673	0.178	fixation	n/a	559.4	132.1	973.0	n/a	n/a	n/a	n/a
275.853	0.022	saccade	n/a	559.5	134.3	n/a	619.0	138.3	2.36	161.0
275.877	0.25	fixation	n/a	616.3	135.6	966.0	n/a	n/a	n/a	n/a
276.129	0.06	saccade	n/a	616.9	137.4	n/a	152.6	187.3	18.32	497.0
276.191	0.134	fixation	n/a	158.1	185.9	962.0	n/a	n/a	n/a	n/a
276.327	0.018	saccade	n/a	157.5	183.9	n/a	119.9	191.6	1.5	141.0
276.347	0.308	fixation	n/a	128.9	191.7	950.0	n/a	n/a	n/a	n/a
276.657	0.024	saccade	n/a	130.0	190.9	n/a	235.6	191.2	4.15	300.0
276.683	0.166	fixation	n/a	253.1	188.5	948.0	n/a	n/a	n/a	n/a
276.704	0.0	trigger_11	11	n/a	n/a	n/a	n/a	n/a	n/a	n/a
276.708	0.0	trigger_10	10	n/a	n/a	n/a	n/a	n/a	n/a	n/a
276.851	0.022	saccade	n/a	253.4	187.7	n/a	327.0	189.2	2.94	216.0
276.875	0.274	fixation	n/a	328.9	188.5	949.0	n/a	n/a	n/a	n/a
277.151	0.022	saccade	n/a	328.4	190.6	n/a	391.5	184.7	2.55	198.0
277.175	0.236	fixation	n/a	390.1	186.9	939.0	n/a	n/a	n/a	n/a
277.413	0.018	saccade	n/a	391.8	188.1	n/a	446.6	183.8	2.21	177.0
277.433	0.252	fixation	n/a	451.4	185.1	929.0	n/a	n/a	n/a	n/a
277.687	0.022	saccade	n/a	452.0	188.8	n/a	518.2	188.0	2.65	203.0
277.711	0.298	fixation	n/a	515.1	188.2	930.0	n/a	n/a	n/a	n/a
278.011	0.012	saccade	n/a	510.7	199.8	n/a	491.4	196.3	0.79	73.0
278.025	0.312	fixation	n/a	472.2	202.9	923.0	n/a	n/a	n/a	n/a
278.339	0.022	saccade	n/a	462.6	201.5	n/a	524.1	192.9	2.48	179.0
278.363	0.11	fixation	n/a	524.3	194.8	937.0	n/a	n/a	n/a	n/a
278.475	0.07	saccade	n/a	525.9	194.1	n/a	175.9	97.8	14.4	480.0
278.547	0.108	fixation	n/a	166.5	91.3	914.0	n/a	n/a	n/a	n/a
278.657	0.022	saccade	n/a	166.7	89.6	n/a	128.9	55.3	2.02	209.0
278.681	0.234	fixation	n/a	134.6	63.9	874.0	n/a	n/a	n/a	n/a
278.917	0.02	saccade	n/a	135.8	69.6	n/a	99.2	61.5	1.46	127.0
278.939	0.174	fixation	n/a	109.4	66.8	925.0	n/a	n/a	n/a	n/a
279.115	0.024	saccade	n/a	108.8	72.5	n/a	185.0	73.9	2.97	229.0
279.141	0.168	fixation	n/a	177.5	66.3	916.0	n/a	n/a	n/a	n/a
279.311	0.024	saccade	n/a	175.7	64.7	n/a	253.6	67.9	3.09	227.0
279.337	0.18	fixation	n/a	249.0	69.0	924.0	n/a	n/a	n/a	n/a
279.519	0.022	saccade	n/a	249.0	74.0	n/a	330.8	76.4	3.27	265.0
279.543	0.288	fixation	n/a	325.3	78.2	963.0	n/a	n/a	n/a	n/a
279.833	0.018	saccade	n/a	325.4	81.4	n/a	369.4	79.0	1.77	148.0
279.853	0.174	fixation	n/a	373.7	78.2	975.0	n/a	n/a	n/a	n/a
280.029	0.028	saccade	n/a	375.8	79.5	n/a	469.8	79.9	3.78	219.0
280.059	0.36	fixation	n/a	472.8	76.0	974.0	n/a	n/a	n/a	n/a
280.421	0.02	saccade	n/a	472.9	73.6	n/a	525.6	74.4	2.11	174.0
280.443	0.166	fixation	n/a	520.7	71.4	968.0	n/a	n/a	n/a	n/a
280.611	0.01	saccade	n/a	523.8	75.8	n/a	537.1	80.7	0.57	63.0
280.623	0.03	fixation	n/a	537.6	79.9	959.0	n/a	n/a	n/a	n/a
280.655	0.064	saccade	n/a	536.7	80.7	n/a	171.3	127.7	14.57	512.0
280.721	0.12	fixation	n/a	162.2	127.9	979.0	n/a	n/a	n/a	n/a
280.843	0.024	saccade	n/a	162.7	128.4	n/a	105.5	133.7	2.24	181.0
280.869	0.202	fixation	n/a	120.3	134.6	990.0	n/a	n/a	n/a	n/a
281.073	0.024	saccade	n/a	120.1	133.5	n/a	209.6	130.8	3.5	269.0
281.099	0.148	fixation	n/a	205.2	130.0	999.0	n/a	n/a	n/a	n/a
281.249	0.022	saccade	n/a	206.1	130.8	n/a	271.6	131.1	2.6	194.0
281.273	0.302	fixation	n/a	270.3	132.3	1017.0	n/a	n/a	n/a	n/a
281.577	0.042	saccade	n/a	271.5	138.9	n/a	117.2	67.1	6.73	324.0
281.621	0.144	fixation	n/a	129.5	75.3	1007.0	n/a	n/a	n/a	n/a
281.767	0.02	saccade	n/a	129.2	74.8	n/a	183.8	64.8	2.17	177.0
281.789	0.176	fixation	n/a	175.0	71.6	994.0	n/a	n/a	n/a	n/a
281.967	0.026	saccade	n/a	173.2	70.7	n/a	277.8	63.4	4.16	275.0
281.995	0.146	fixation	n/a	268.9	63.3	1005.0	n/a	n/a	n/a	n/a
282.05	0.0	trigger_11	11	n/a	n/a	n/a	n/a	n/a	n/a	n/a
282.054	0.0	trigger_10	10	n/a	n/a	n/a	n/a	n/a	n/a	n/a
282.143	0.022	saccade	n/a	270.1	71.1	n/a	336.2	77.2	2.66	167.0
282.167	0.258	fixation	n/a	362.3	76.4	1018.0	n/a	n/a	n/a	n/a
282.427	0.02	saccade	n/a	361.0	74.5	n/a	424.8	75.0	2.57	224.0
282.449	0.118	fixation	n/a	420.4	71.6	988.0	n/a	n/a	n/a	n/a
282.569	0.032	saccade	n/a	420.5	70.7	n/a	258.8	61.3	6.49	408.0
282.603	0.222	fixation	n/a	269.0	61.7	974.0	n/a	n/a	n/a	n/a
282.827	0.02	saccade	n/a	271.2	61.4	n/a	208.5	62.0	2.49	208.0
282.849	0.2	fixation	n/a	213.9	67.9	964.0	n/a	n/a	n/a	n/a
283.051	0.02	saccade	n/a	213.2	68.0	n/a	182.2	66.4	1.23	134.0
283.073	0.12	fixation	n/a	187.8	65.7	926.0	n/a	n/a	n/a	n/a
283.195	0.04	saccade	n/a	185.9	65.4	n/a	355.7	70.7	6.77	298.0
283.237	0.076	fixation	n/a	353.8	70.6	926.0	n/a	n/a	n/a	n/a
283.315	0.028	saccade	n/a	352.8	72.5	n/a	478.1	75.3	5.03	342.0
283.345	0.078	fixation	n/a	470.1	75.4	932.0	n/a	n/a	n/a	n/a
283.425	0.058	saccade	n/a	473.3	76.2	n/a	187.4	76.1	11.37	488.0
283.485	0.19	fixation	n/a	178.0	70.6	921.0	n/a	n/a	n/a	n/a
283.677	0.034	saccade	n/a	180.3	71.6	n/a	121.4	62.5	2.33	238.0
283.713	0.264	fixation	n/a	122.0	71.2	959.0	n/a	n/a	n/a	n/a
283.979	0.01	saccade	n/a	124.7	76.7	n/a	142.8	70.0	0.76	82.0
283.991	0.362	fixation	n/a	142.2	73.9	1008.0	n/a	n/a	n/a	n/a
284.355	0.02	saccade	n/a	141.7	77.0	n/a	193.8	67.7	2.08	179.0
284.377	0.204	fixation	n/a	185.5	71.3	1030.0	n/a	n/a	n/a	n/a
284.583	0.022	saccade	n/a	187.3	71.4	n/a	131.2	67.3	2.2	173.0
284.607	0.174	fixation	n/a	146.2	70.4	1009.0	n/a	n/a	n/a	n/a
284.783	0.024	saccade	n/a	148.2	71.9	n/a	230.4	71.7	3.24	205.0
284.809	0.062	fixation	n/a	238.4	67.4	1027.0	n/a	n/a	n/a	n/a
284.873	0.024	saccade	n/a	238.9	68.7	n/a	316.5	74.1	3.11	239.0
284.899	0.234	fixation	n/a	310.9	73.3	1044.0	n/a	n/a	n/a	n/a
285.135	0.008	saccade	n/a	307.4	75.0	n/a	299.1	70.8	0.37	48.0
285.145	0.162	fixation	n/a	299.0	73.5	1018.0	n/a	n/a	n/a	n/a
285.309	0.03	saccade	n/a	299.8	75.7	n/a	405.5	81.2	4.26	233.0
285.341	0.18	fixation	n/a	405.7	81.0	1002.0	n/a	n/a	n/a	n/a
285.523	0.018	saccade	n/a	404.0	79.4	n/a	364.3	77.2	1.6	123.0
285.543	0.24	fixation	n/a	374.0	80.8	979.0	n/a	n/a	n/a	n/a
285.785	0.024	saccade	n/a	371.5	77.9	n/a	443.9	83.6	2.93	207.0
285.811	0.118	fixation	n/a	438.3	76.8	942.0	n/a	n/a	n/a	n/a
285.931	0.02	saccade	n/a	438.1	74.8	n/a	491.8	76.2	2.16	179.0
285.953	0.216	fixation	n/a	487.7	73.0	912.0	n/a	n/a	n/a	n/a
286.171	0.018	saccade	n/a	486.9	73.2	n/a	525.3	75.8	1.54	130.0
286.191	0.18	fixation	n/a	522.5	74.9	915.0	n/a	n/a	n/a	n/a
286.373	0.064	saccade	n/a	521.8	76.6	n/a	165.4	129.9	14.28	484.0
286.439	0.124	fixation	n/a	153.6	127.8	923.0	n/a	n/a	n/a	n/a
286.565	0.022	saccade	n/a	153.9	128.9	n/a	109.2	129.7	1.74	165.0
286.589	0.122	fixation	n/a	117.9	134.3	927.0	n/a	n/a	n/a	n/a
286.713	0.126	saccade	n/a	125.4	142.6	n/a	124.9	134.5	0.33	458.0
286.841	0.314	fixation	n/a	120.7	131.9	847.0	n/a	n/a	n/a	n/a
287.157	0.022	saccade	n/a	116.2	127.0	n/a	175.0	122.2	2.3	186.0
287.181	0.39	fixation	n/a	172.8	117.9	793.0	n/a	n/a	n/a	n/a
287.573	0.018	saccade	n/a	174.6	121.0	n/a	223.0	122.5	1.91	157.0
287.593	0.174	fixation	n/a	221.2	122.1	810.0	n/a	n/a	n/a	n/a
287.769	0.022	saccade	n/a	222.4	124.7	n/a	284.5	126.8	2.48	187.0
287.793	0.33	fixation	n/a	284.0	128.6	903.0	n/a	n/a	n/a	n/a
288.125	0.026	saccade	n/a	283.7	131.6	n/a	361.0	129.4	3.11	200.0
288.153	0.192	fixation	n/a	361.7	130.7	961.0	n/a	n/a	n/a	n/a
288.347	0.024	saccade	n/a	362.1	134.1	n/a	445.3	134.7	3.35	242.0
288.373	0.17	fixation	n/a	444.2	130.8	950.0	n/a	n/a	n/a	n/a
288.545	0.024	saccade	n/a	444.6	133.4	n/a	358.8	134.0	3.46	251.0
288.571	0.174	fixation	n/a	363.9	135.2	954.0	n/a	n/a	n/a	n/a
288.747	0.028	saccade	n/a	362.5	136.9	n/a	461.1	136.9	3.97	249.0
288.777	0.194	fixation	n/a	459.0	136.6	977.0	n/a	n/a	n/a	n/a
288.973	0.022	saccade	n/a	458.2	140.7	n/a	526.8	138.0	2.75	216.0
288.997	0.146	fixation	n/a	522.2	137.2	987.0	n/a	n/a	n/a	n/a
289.145	0.018	saccade	n/a	520.9	136.4	n/a	565.9	139.3	1.8	146.0
289.165	0.178	fixation	n/a	559.8	135.8	969.0	n/a	n/a	n/a	n/a
289.345	0.072	saccade	n/a	560.8	135.4	n/a	149.6	190.8	16.37	456.0
289.419	0.118	fixation	n/a	139.1	188.4	945.0	n/a	n/a	n/a	n/a
289.539	0.02	saccade	n/a	138.6	187.7	n/a	109.0	194.9	1.18	121.0
289.561	0.232	fixation	n/a	116.7	193.5	935.0	n/a	n/a	n/a	n/a
289.795	0.022	saccade	n/a	116.7	196.8	n/a	188.3	194.7	2.8	200.0
289.819	0.206	fixation	n/a	183.2	193.1	938.0	n/a	n/a	n/a	n/a
290.027	0.024	saccade	n/a	182.7	193.0	n/a	252.0	193.5	2.74	213.0
290.053	0.26	fixation	n/a	245.1	193.1	959.0	n/a	n/a	n/a	n/a
290.315	0.022	saccade	n/a	243.1	193.2	n/a	306.7	195.5	2.54	202.0
290.339	0.144	fixation	n/a	300.8	193.5	976.0	n/a	n/a	n/a	n/a
290.485	0.022	saccade	n/a	301.0	199.4	n/a	353.6	194.7	2.12	178.0
290.509	0.414	fixation	n/a	351.2	195.2	956.0	n/a	n/a	n/a	n/a
290.53	0.0	trigger_11	11	n/a	n/a	n/a	n/a	n/a	n/a	n/a
290.538	0.0	trigger_10	10	n/a	n/a	n/a	n/a	n/a	n/a	n/a
290.925	0.052	saccade	n/a	352.7	197.3	n/a	111.8	55.5	11.09	399.0
290.979	0.408	fixation	n/a	128.3	68.0	934.0	n/a	n/a	n/a	n/a
291.389	0.006	saccade	n/a	131.0	72.1	n/a	142.3	70.2	0.45	67.0
291.397	0.276	fixation	n/a	180.5	74.2	980.0	n/a	n/a	n/a	n/a
291.675	0.022	saccade	n/a	186.9	76.9	n/a	133.5	74.5	2.09	190.0
291.699	0.246	fixation	n/a	147.3	81.8	1015.0	n/a	n/a	n/a	n/a
291.947	0.02	saccade	n/a	147.3	85.8	n/a	105.5	77.9	1.65	131.0
291.969	0.252	fixation	n/a	117.1	84.1	1025.0	n/a	n/a	n/a	n/a
292.223	0.026	saccade	n/a	116.6	86.5	n/a	208.5	86.9	3.6	248.0
292.251	0.228	fixation	n/a	206.6	83.5	987.0	n/a	n/a	n/a	n/a
292.481	0.024	saccade	n/a	206.3	80.1	n/a	144.4	70.9	2.46	193.0
292.507	0.232	fixation	n/a	158.7	76.2	960.0	n/a	n/a	n/a	n/a
292.741	0.024	saccade	n/a	161.0	78.5	n/a	98.2	67.6	2.48	227.0
292.767	0.148	fixation	n/a	114.2	70.8	997.0	n/a	n/a	n/a	n/a
292.917	0.026	saccade	n/a	113.1	72.7	n/a	206.6	76.6	3.66	251.0
292.945	0.116	fixation	n/a	196.4	77.2	1045.0	n/a	n/a	n/a	n/a
293.063	0.022	saccade	n/a	197.2	78.1	n/a	262.1	80.4	2.58	204.0
293.087	0.21	fixation	n/a	249.5	78.0	1022.0	n/a	n/a	n/a	n/a
293.299	0.022	saccade	n/a	246.4	77.3	n/a	324.3	76.2	3.12	261.0
293.323	0.228	fixation	n/a	321.8	77.6	1025.0	n/a	n/a	n/a	n/a
293.553	0.034	saccade	n/a	321.6	75.2	n/a	445.8	80.7	5.0	255.0
293.589	0.152	fixation	n/a	444.7	78.5	1004.0	n/a	n/a	n/a	n/a
293.743	0.02	saccade	n/a	446.2	78.0	n/a	498.7	79.8	2.11	158.0
293.765	0.274	fixation	n/a	497.8	81.2	980.0	n/a	n/a	n/a	n/a
294.041	0.02	saccade	n/a	497.8	81.8	n/a	553.6	84.8	2.24	157.0
294.063	0.328	fixation	n/a	550.7	82.7	984.0	n/a	n/a	n/a	n/a
294.393	0.068	saccade	n/a	552.5	85.0	n/a	133.1	151.9	16.73	538.0
294.463	0.2	fixation	n/a	123.2	149.4	1021.0	n/a	n/a	n/a	n/a
294.665	0.022	saccade	n/a	122.8	147.2	n/a	196.7	137.7	2.92	233.0
294.689	0.376	fixation	n/a	187.5	138.4	1010.0	n/a	n/a	n/a	n/a
294.89	0.0	trigger_11	11	n/a	n/a	n/a	n/a	n/a	n/a	n/a
294.896	0.0	trigger_10	10	n/a	n/a	n/a	n/a	n/a	n/a	n/a
295.067	0.018	saccade	n/a	185.9	142.2	n/a	235.2	140.6	1.95	162.0
295.087	0.122	fixation	n/a	224.0	140.6	1018.0	n/a	n/a	n/a	n/a
295.211	0.022	saccade	n/a	222.1	141.9	n/a	279.8	140.5	2.3	181.0
295.235	0.29	fixation	n/a	273.3	139.6	1040.0	n/a	n/a	n/a	n/a
295.527	0.024	saccade	n/a	270.5	139.5	n/a	347.2	134.2	3.08	199.0
295.553	0.27	fixation	n/a	351.2	135.0	1017.0	n/a	n/a	n/a	n/a
295.825	0.02	saccade	n/a	351.5	138.7	n/a	409.1	135.3	2.32	191.0
295.847	0.196	fixation	n/a	404.1	134.4	991.0	n/a	n/a	n/a	n/a
296.045	0.016	saccade	n/a	404.4	137.5	n/a	440.3	138.0	1.45	122.0
296.063	0.36	fixation	n/a	437.1	140.5	979.0	n/a	n/a	n/a	n/a
296.425	0.056	saccade	n/a	436.9	137.5	n/a	167.9	86.2	10.9	343.0
296.483	0.122	fixation	n/a	179.0	88.2	942.0	n/a	n/a	n/a	n/a
296.607	0.03	saccade	n/a	179.2	88.4	n/a	126.5	66.1	2.25	257.0
296.639	0.194	fixation	n/a	127.1	68.9	947.0	n/a	n/a	n/a	n/a
296.835	0.012	saccade	n/a	125.0	68.4	n/a	113.2	54.3	0.73	66.0
296.849	0.258	fixation	n/a	121.6	63.5	966.0	n/a	n/a	n/a	n/a
297.109	0.016	saccade	n/a	125.0	69.5	n/a	97.1	60.2	1.14	110.0
297.127	0.188	fixation	n/a	107.8	69.4	1006.0	n/a	n/a	n/a	n/a
297.317	0.02	saccade	n/a	108.6	73.5	n/a	158.3	75.5	1.94	174.0
297.339	0.27	fixation	n/a	155.5	74.8	1024.0	n/a	n/a	n/a	n/a
297.611	0.018	saccade	n/a	156.1	74.8	n/a	204.0	75.2	1.89	138.0
297.631	0.148	fixation	n/a	199.4	75.9	1040.0	n/a	n/a	n/a	n/a
297.781	0.022	saccade	n/a	199.6	75.9	n/a	270.1	74.8	2.8	201.0
297.805	0.288	fixation	n/a	267.8	76.0	1060.0	n/a	n/a	n/a	n/a
298.095	0.01	saccade	n/a	265.1	74.4	n/a	286.0	70.0	0.85	88.0
298.107	0.184	fixation	n/a	287.8	68.9	999.0	n/a	n/a	n/a	n/a
298.293	0.01	saccade	n/a	286.0	69.8	n/a	269.8	68.9	0.65	69.0
298.305	0.244	fixation	n/a	274.3	70.2	991.0	n/a	n/a	n/a	n/a
298.551	0.02	saccade	n/a	271.7	72.9	n/a	331.6	79.3	2.41	205.0
298.573	0.192	fixation	n/a	329.8	77.4	998.0	n/a	n/a	n/a	n/a
298.767	0.018	saccade	n/a	329.1	78.6	n/a	377.8	79.3	1.96	146.0
298.787	0.18	fixation	n/a	377.9	81.0	974.0	n/a	n/a	n/a	n/a
298.969	0.024	saccade	n/a	377.1	83.3	n/a	443.4	85.5	2.67	190.0
298.995	0.272	fixation	n/a	443.1	81.0	940.0	n/a	n/a	n/a	n/a
299.269	0.022	saccade	n/a	444.3	80.9	n/a	498.6	75.9	2.19	148.0
299.293	0.32	fixation	n/a	497.2	76.5	937.0	n/a	n/a	n/a	n/a
299.615	0.02	saccade	n/a	496.8	80.2	n/a	551.2	80.7	2.18	156.0
299.637	0.28	fixation	n/a	548.4	78.2	949.0	n/a	n/a	n/a	n/a
299.919	0.07	saccade	n/a	549.8	80.5	n/a	151.2	143.4	15.93	502.0
299.991	0.11	fixation	n/a	140.1	140.5	972.0	n/a	n/a	n/a	n/a
300.103	0.022	saccade	n/a	141.4	139.7	n/a	95.0	136.7	1.8	168.0
300.127	0.158	fixation	n/a	106.4	138.7	943.0	n/a	n/a	n/a	n/a
300.287	0.024	saccade	n/a	105.7	139.5	n/a	179.1	132.8	2.87	210.0
300.313	0.35	fixation	n/a	174.8	133.2	951.0	n/a	n/a	n/a	n/a
300.665	0.024	saccade	n/a	177.5	136.5	n/a	262.0	133.8	3.35	228.0
300.691	0.216	fixation	n/a	263.3	134.6	977.0	n/a	n/a	n/a	n/a
300.909	0.016	saccade	n/a	265.0	138.5	n/a	244.3	132.4	0.86	94.0
300.927	0.408	fixation	n/a	249.3	135.7	969.0	n/a	n/a	n/a	n/a
301.337	0.012	saccade	n/a	250.0	135.8	n/a	275.7	132.6	1.03	95.0
301.351	0.304	fixation	n/a	272.3	131.5	950.0	n/a	n/a	n/a	n/a
301.657	0.026	saccade	n/a	271.5	131.5	n/a	343.5	132.2	2.89	200.0
301.685	0.306	fixation	n/a	345.4	132.5	929.0	n/a	n/a	n/a	n/a
301.993	0.022	saccade	n/a	348.8	131.5	n/a	421.7	131.0	2.93	224.0
302.017	0.186	fixation	n/a	426.3	131.2	929.0	n/a	n/a	n/a	n/a
302.205	0.02	saccade	n/a	424.9	133.4	n/a	480.3	132.8	2.23	157.0
302.227	0.27	fixation	n/a	484.0	132.0	934.0	n/a	n/a	n/a	n/a
302.499	0.018	saccade	n/a	482.6	130.6	n/a	529.8	130.4	1.89	153.0
302.519	0.192	fixation	n/a	527.5	130.2	942.0	n/a	n/a	n/a	n/a
302.713	0.022	saccade	n/a	528.3	130.1	n/a	456.7	127.3	2.87	220.0
302.737	0.192	fixation	n/a	467.5	130.9	954.0	n/a	n/a	n/a	n/a
302.931	0.048	saccade	n/a	470.5	131.5	n/a	194.9	136.6	10.98	425.0
302.981	0.02	fixation	n/a	202.7	138.9	957.0	n/a	n/a	n/a	n/a
303.003	0.036	saccade	n/a	203.2	141.4	n/a	154.8	142.4	1.9	240.0
303.041	0.238	fixation	n/a	143.8	141.9	954.0	n/a	n/a	n/a	n/a
303.281	0.022	saccade	n/a	142.9	142.6	n/a	213.7	136.7	2.8	218.0
303.305	0.198	fixation	n/a	211.1	136.6	928.0	n/a	n/a	n/a	n/a
303.505	0.04	saccade	n/a	210.8	135.2	n/a	432.0	135.9	8.83	410.0
303.547	0.19	fixation	n/a	439.1	132.8	920.0	n/a	n/a	n/a	n/a
303.739	0.02	saccade	n/a	438.5	133.0	n/a	491.7	128.8	2.15	165.0
303.761	0.098	fixation	n/a	485.6	129.4	920.0	n/a	n/a	n/a	n/a
303.861	0.022	saccade	n/a	485.5	129.1	n/a	547.9	132.0	2.5	190.0
303.885	0.152	fixation	n/a	538.4	130.3	916.0	n/a	n/a	n/a	n/a
304.026	0.0	trigger_11	11	n/a	n/a	n/a	n/a	n/a	n/a	n/a
304.03	0.0	trigger_10	10	n/a	n/a	n/a	n/a	n/a	n/a	n/a
304.039	0.062	saccade	n/a	538.7	130.6	n/a	179.5	185.1	14.4	524.0
304.103	0.102	fixation	n/a	167.1	183.3	933.0	n/a	n/a	n/a	n/a
304.207	0.03	saccade	n/a	168.5	186.4	n/a	121.9	191.0	1.83	234.0
304.239	0.1	fixation	n/a	119.5	191.6	929.0	n/a	n/a	n/a	n/a
304.341	0.02	saccade	n/a	119.2	192.7	n/a	88.0	187.9	1.22	122.0
304.363	0.182	fixation	n/a	97.1	191.0	933.0	n/a	n/a	n/a	n/a
304.547	0.026	saccade	n/a	96.2	189.5	n/a	183.7	192.0	3.41	252.0
304.575	0.356	fixation	n/a	175.0	192.2	941.0	n/a	n/a	n/a	n/a
304.933	0.022	saccade	n/a	172.8	192.0	n/a	226.4	193.1	2.11	175.0
304.957	0.156	fixation	n/a	218.6	192.5	940.0	n/a	n/a	n/a	n/a
305.115	0.02	saccade	n/a	218.0	192.7	n/a	274.2	192.0	2.23	190.0
305.137	0.328	fixation	n/a	266.9	190.8	939.0	n/a	n/a	n/a	n/a
305.467	0.016	saccade	n/a	266.2	189.3	n/a	303.8	191.2	1.5	122.0
305.485	0.14	fixation	n/a	297.4	192.0	921.0	n/a	n/a	n/a	n/a
305.627	0.018	saccade	n/a	296.0	198.1	n/a	275.4	182.9	1.03	87.0
305.647	0.164	fixation	n/a	258.7	168.4	897.0	n/a	n/a	n/a	n/a
305.813	0.024	saccade	n/a	257.5	163.9	n/a	167.5	106.1	4.26	312.0
305.839	0.128	fixation	n/a	165.9	94.0	877.0	n/a	n/a	n/a	n/a
305.969	0.022	saccade	n/a	167.4	92.8	n/a	128.8	51.4	2.25	226.0
305.993	0.238	fixation	n/a	136.3	60.7	893.0	n/a	n/a	n/a	n/a
306.233	0.022	saccade	n/a	139.5	63.7	n/a	96.3	54.0	1.72	146.0
306.257	0.416	fixation	n/a	107.8	60.0	926.0	n/a	n/a	n/a	n/a
306.675	0.022	saccade	n/a	106.1	60.1	n/a	177.0	57.6	2.77	229.0
306.699	0.274	fixation	n/a	177.6	55.9	924.0	n/a	n/a	n/a	n/a
306.975	0.024	saccade	n/a	179.3	59.3	n/a	258.4	65.5	3.14	232.0
307.001	0.244	fixation	n/a	251.8	65.8	985.0	n/a	n/a	n/a	n/a
307.247	0.02	saccade	n/a	250.3	67.7	n/a	300.4	65.9	2.01	135.0
307.269	0.688	fixation	n/a	312.6	73.0	1013.0	n/a	n/a	n/a	n/a
307.959	0.006	saccade	n/a	311.2	77.5	n/a	301.3	74.3	0.42	63.0
307.967	0.358	fixation	n/a	301.5	73.9	1023.0	n/a	n/a	n/a	n/a
308.327	0.02	saccade	n/a	300.5	77.4	n/a	352.6	73.8	2.1	149.0
308.349	0.272	fixation	n/a	348.6	71.3	1020.0	n/a	n/a	n/a	n/a
308.623	0.014	saccade	n/a	346.6	71.5	n/a	377.6	73.1	1.25	93.0
308.639	0.564	fixation	n/a	383.3	74.2	1012.0	n/a	n/a	n/a	n/a
309.205	0.02	saccade	n/a	389.4	74.2	n/a	431.7	74.0	1.71	128.0
309.227	0.254	fixation	n/a	430.5	72.0	1001.0	n/a	n/a	n/a	n/a
309.483	0.02	saccade	n/a	430.4	75.6	n/a	482.2	73.4	2.09	149.0
309.505	0.166	fixation	n/a	480.3	72.2	1024.0	n/a	n/a	n/a	n/a
309.673	0.02	saccade	n/a	479.2	74.7	n/a	536.6	78.0	2.3	200.0
309.695	0.178	fixation	n/a	531.3	75.3	1016.0	n/a	n/a	n/a	n/a
309.852	0.0	trigger_11	11	n/a	n/a	n/a	n/a	n/a	n/a	n/a
309.856	0.0	trigger_10	10	n/a	n/a	n/a	n/a	n/a	n/a	n/a
309.875	0.07	saccade	n/a	532.1	77.8	n/a	152.6	140.3	15.21	496.0
309.947	0.262	fixation	n/a	139.0	139.8	1005.0	n/a	n/a	n/a	n/a
310.211	0.018	saccade	n/a	137.9	140.9	n/a	95.5	134.5	1.66	140.0
310.231	0.182	fixation	n/a	106.1	138.5	963.0	n/a	n/a	n/a	n/a
310.415	0.026	saccade	n/a	105.7	138.0	n/a	194.8	136.1	3.48	251.0
310.443	0.218	fixation	n/a	194.3	135.0	963.0	n/a	n/a	n/a	n/a
310.663	0.022	saccade	n/a	196.4	138.6	n/a	276.4	135.2	3.18	216.0
310.687	0.18	fixation	n/a	281.0	133.7	969.0	n/a	n/a	n/a	n/a
310.869	0.018	saccade	n/a	282.4	132.9	n/a	243.1	129.9	1.57	140.0
310.889	0.202	fixation	n/a	252.9	137.1	970.0	n/a	n/a	n/a	n/a
311.093	0.02	saccade	n/a	252.6	142.9	n/a	305.6	143.1	2.12	164.0
311.115	0.408	fixation	n/a	317.4	141.6	972.0	n/a	n/a	n/a	n/a
311.525	0.042	saccade	n/a	317.5	141.7	n/a	146.7	69.7	7.37	382.0
311.569	0.02	fixation	n/a	149.7	73.2	943.0	n/a	n/a	n/a	n/a
311.591	0.014	saccade	n/a	145.0	70.1	n/a	114.1	57.8	1.3	114.0
311.607	0.446	fixation	n/a	122.2	62.6	930.0	n/a	n/a	n/a	n/a
312.055	0.018	saccade	n/a	125.0	66.9	n/a	98.8	56.1	1.1	114.0
312.075	0.166	fixation	n/a	107.5	62.5	979.0	n/a	n/a	n/a	n/a
312.243	0.024	saccade	n/a	105.8	66.0	n/a	178.0	67.6	2.82	222.0
312.269	0.334	fixation	n/a	169.6	62.2	963.0	n/a	n/a	n/a	n/a
312.605	0.024	saccade	n/a	167.7	60.4	n/a	255.5	62.9	3.47	240.0
312.631	0.27	fixation	n/a	251.4	63.4	978.0	n/a	n/a	n/a	n/a
312.903	0.022	saccade	n/a	250.5	65.7	n/a	304.1	64.9	2.14	153.0
312.927	0.288	fixation	n/a	308.4	67.7	985.0	n/a	n/a	n/a	n/a
313.217	0.022	saccade	n/a	310.0	71.0	n/a	369.9	68.7	2.41	167.0
313.241	0.198	fixation	n/a	366.5	67.8	989.0	n/a	n/a	n/a	n/a
313.441	0.022	saccade	n/a	364.5	69.7	n/a	424.0	75.2	2.41	188.0
313.465	0.258	fixation	n/a	418.3	78.6	998.0	n/a	n/a	n/a	n/a
313.725	0.02	saccade	n/a	418.4	82.0	n/a	472.4	79.6	2.18	168.0
313.747	0.212	fixation	n/a	474.3	77.6	1001.0	n/a	n/a	n/a	n/a
313.961	0.016	saccade	n/a	474.5	76.4	n/a	440.8	69.0	1.39	122.0
313.979	0.124	fixation	n/a	445.0	72.8	1011.0	n/a	n/a	n/a	n/a
314.105	0.022	saccade	n/a	443.5	73.1	n/a	508.4	76.4	2.61	174.0
314.129	0.132	fixation	n/a	509.0	74.5	1018.0	n/a	n/a	n/a	n/a
314.263	0.018	saccade	n/a	510.8	75.1	n/a	554.1	76.2	1.73	132.0
314.283	0.146	fixation	n/a	546.2	78.7	1026.0	n/a	n/a	n/a	n/a
314.431	0.068	saccade	n/a	546.7	78.5	n/a	149.2	141.2	15.88	530.0
314.501	0.334	fixation	n/a	135.7	141.1	1011.0	n/a	n/a	n/a	n/a
314.837	0.022	saccade	n/a	136.3	144.4	n/a	90.7	142.4	1.77	161.0
314.861	0.25	fixation	n/a	101.3	142.8	962.0	n/a	n/a	n/a	n/a
315.113	0.032	saccade	n/a	100.8	140.2	n/a	235.3	139.0	5.26	312.0
315.147	0.266	fixation	n/a	233.1	138.5	970.0	n/a	n/a	n/a	n/a
315.415	0.022	saccade	n/a	231.8	139.2	n/a	301.0	132.7	2.78	201.0
315.439	0.454	fixation	n/a	301.5	134.6	958.0	n/a	n/a	n/a	n/a
315.452	0.0	trigger_11	11	n/a	n/a	n/a	n/a	n/a	n/a	n/a
315.458	0.0	trigger_10	10	n/a	n/a	n/a	n/a	n/a	n/a	n/a
315.895	0.01	saccade	n/a	301.6	137.4	n/a	281.4	133.3	0.83	87.0
315.907	0.268	fixation	n/a	283.8	134.4	960.0	n/a	n/a	n/a	n/a
316.177	0.028	saccade	n/a	284.0	135.8	n/a	362.3	138.0	3.15	204.0
316.207	0.216	fixation	n/a	355.7	134.7	1013.0	n/a	n/a	n/a	n/a
316.425	0.026	saccade	n/a	354.6	136.2	n/a	441.4	137.4	3.5	243.0
316.453	0.204	fixation	n/a	439.8	136.5	1020.0	n/a	n/a	n/a	n/a
316.659	0.004	saccade	n/a	451.1	127.1	n/a	451.1	135.6	0.35	67.0
316.665	0.53	fixation	n/a	451.4	140.5	960.0	n/a	n/a	n/a	n/a
317.197	0.008	saccade	n/a	448.2	150.2	n/a	436.7	143.7	0.53	64.0
317.207	0.18	fixation	n/a	404.6	131.1	944.0	n/a	n/a	n/a	n/a
317.389	0.046	saccade	n/a	393.8	126.9	n/a	157.4	68.7	9.69	399.0
317.437	0.21	fixation	n/a	162.4	65.8	904.0	n/a	n/a	n/a	n/a
317.649	0.022	saccade	n/a	162.6	64.0	n/a	99.2	50.3	2.53	227.0
317.673	0.428	fixation	n/a	107.3	55.2	903.0	n/a	n/a	n/a	n/a
318.103	0.016	saccade	n/a	104.1	59.5	n/a	141.3	58.7	1.45	133.0
318.121	0.41	fixation	n/a	139.4	60.0	922.0	n/a	n/a	n/a	n/a
318.533	0.018	saccade	n/a	140.8	60.4	n/a	179.1	54.5	1.52	132.0
318.553	0.336	fixation	n/a	173.5	56.8	934.0	n/a	n/a	n/a	n/a
318.891	0.018	saccade	n/a	175.8	62.4	n/a	221.4	61.5	1.8	155.0
318.911	0.202	fixation	n/a	218.1	62.5	961.0	n/a	n/a	n/a	n/a
319.115	0.018	saccade	n/a	218.1	65.3	n/a	264.4	65.2	1.84	156.0
319.135	0.204	fixation	n/a	261.8	65.6	982.0	n/a	n/a	n/a	n/a
319.341	0.018	saccade	n/a	259.5	66.4	n/a	310.5	68.8	2.04	178.0
319.361	0.23	fixation	n/a	312.8	68.1	973.0	n/a	n/a	n/a	n/a
319.593	0.02	saccade	n/a	315.9	71.3	n/a	373.6	70.9	2.32	171.0
319.615	0.546	fixation	n/a	376.5	71.3	983.0	n/a	n/a	n/a	n/a
320.163	0.022	saccade	n/a	374.2	74.4	n/a	438.1	73.4	2.58	208.0
320.187	0.184	fixation	n/a	441.4	73.4	1012.0	n/a	n/a	n/a	n/a
320.373	0.022	saccade	n/a	441.8	74.9	n/a	494.5	75.2	2.12	157.0
320.397	0.166	fixation	n/a	489.7	71.3	1023.0	n/a	n/a	n/a	n/a
320.565	0.018	saccade	n/a	489.2	73.0	n/a	535.2	73.7	1.84	163.0
320.585	0.21	fixation	n/a	532.7	74.0	1022.0	n/a	n/a	n/a	n/a
320.797	0.068	saccade	n/a	533.9	73.8	n/a	166.7	145.8	14.83	494.0
320.867	0.114	fixation	n/a	153.4	144.1	1005.0	n/a	n/a	n/a	n/a
320.983	0.024	saccade	n/a	153.4	144.2	n/a	98.7	138.8	2.14	198.0
321.009	0.21	fixation	n/a	106.5	144.0	990.0	n/a	n/a	n/a	n/a
321.221	0.02	saccade	n/a	103.3	144.5	n/a	167.3	146.4	2.49	206.0
321.243	0.066	fixation	n/a	157.9	143.8	979.0	n/a	n/a	n/a	n/a
321.311	0.034	saccade	n/a	157.8	145.0	n/a	117.4	81.3	3.01	343.0
321.347	0.126	fixation	n/a	109.9	76.8	925.0	n/a	n/a	n/a	n/a
321.475	0.018	saccade	n/a	108.2	75.2	n/a	101.9	56.9	0.77	88.0
321.495	0.28	fixation	n/a	104.1	65.8	926.0	n/a	n/a	n/a	n/a
321.777	0.018	saccade	n/a	105.7	71.2	n/a	159.8	67.9	2.11	184.0
321.797	0.142	fixation	n/a	152.6	65.4	959.0	n/a	n/a	n/a	n/a
321.941	0.018	saccade	n/a	151.8	66.3	n/a	197.2	64.1	1.79	162.0
321.961	0.3	fixation	n/a	189.9	64.3	941.0	n/a	n/a	n/a	n/a
322.263	0.022	saccade	n/a	191.6	66.0	n/a	273.8	68.0	3.26	243.0
322.287	0.174	fixation	n/a	271.6	67.7	980.0	n/a	n/a	n/a	n/a
322.463	0.022	saccade	n/a	270.6	68.9	n/a	335.1	75.9	2.6	240.0
322.487	0.226	fixation	n/a	327.2	75.2	1001.0	n/a	n/a	n/a	n/a
322.715	0.018	saccade	n/a	325.7	82.4	n/a	371.1	78.9	1.83	134.0
322.735	0.3	fixation	n/a	375.8	77.2	994.0	n/a	n/a	n/a	n/a
323.037	0.022	saccade	n/a	379.5	81.1	n/a	401.4	78.4	0.89	71.0
323.061	0.216	fixation	n/a	441.2	83.7	988.0	n/a	n/a	n/a	n/a
323.279	0.018	saccade	n/a	445.2	86.3	n/a	488.6	80.9	1.76	140.0
323.299	0.264	fixation	n/a	485.4	78.6	955.0	n/a	n/a	n/a	n/a
323.565	0.018	saccade	n/a	483.8	78.5	n/a	523.5	77.2	1.59	137.0
323.585	0.302	fixation	n/a	517.7	77.2	928.0	n/a	n/a	n/a	n/a
323.708	0.0	trigger_11	11	n/a	n/a	n/a	n/a	n/a	n/a	n/a
323.714	0.0	trigger_10	10	n/a	n/a	n/a	n/a	n/a	n/a	n/a
323.889	0.016	saccade	n/a	515.4	78.6	n/a	481.4	75.5	1.37	114.0
323.907	0.13	fixation	n/a	480.7	88.2	921.0	n/a	n/a	n/a	n/a
324.039	0.202	saccade	n/a	478.7	100.7	n/a	396.3	96.9	3.32	278.0
324.243	0.148	fixation	n/a	397.9	93.9	922.0	n/a	n/a	n/a	n/a
324.393	0.024	saccade	n/a	397.9	97.1	n/a	480.3	91.6	3.32	232.0
324.419	0.214	fixation	n/a	475.6	87.9	920.0	n/a	n/a	n/a	n/a
324.635	0.02	saccade	n/a	475.1	86.6	n/a	531.3	89.1	2.25	184.0
324.657	0.146	fixation	n/a	526.5	82.5	857.0	n/a	n/a	n/a	n/a
324.805	0.068	saccade	n/a	527.6	81.1	n/a	130.9	134.9	15.8	498.0
324.875	0.236	fixation	n/a	115.5	130.7	856.0	n/a	n/a	n/a	n/a
325.113	0.022	saccade	n/a	114.3	133.7	n/a	184.9	134.5	2.76	215.0
325.137	0.242	fixation	n/a	177.9	132.1	866.0	n/a	n/a	n/a	n/a
325.381	0.028	saccade	n/a	182.2	133.0	n/a	124.5	66.0	3.52	335.0
325.411	0.156	fixation	n/a	125.0	69.4	851.0	n/a	n/a	n/a	n/a
325.569	0.016	saccade	n/a	124.9	69.3	n/a	122.1	52.1	0.7	87.0
325.587	0.384	fixation	n/a	126.5	65.1	909.0	n/a	n/a	n/a	n/a
325.973	0.024	saccade	n/a	132.4	77.4	n/a	207.7	77.5	2.95	214.0
325.999	0.232	fixation	n/a	203.5	78.5	1000.0	n/a	n/a	n/a	n/a
326.233	0.024	saccade	n/a	201.6	78.5	n/a	274.2	81.4	2.89	222.0
326.259	0.35	fixation	n/a	268.0	80.5	1015.0	n/a	n/a	n/a	n/a
326.611	0.02	saccade	n/a	269.4	84.3	n/a	328.7	84.7	2.38	227.0
326.633	0.216	fixation	n/a	324.9	85.3	1030.0	n/a	n/a	n/a	n/a
326.851	0.016	saccade	n/a	326.5	87.6	n/a	365.0	86.1	1.55	134.0
326.869	0.128	fixation	n/a	358.7	81.9	1035.0	n/a	n/a	n/a	n/a
326.999	0.02	saccade	n/a	358.9	82.9	n/a	311.8	80.4	1.9	161.0
327.021	0.286	fixation	n/a	320.7	83.8	1051.0	n/a	n/a	n/a	n/a
327.309	0.02	saccade	n/a	318.7	85.9	n/a	370.4	85.1	2.08	145.0
327.331	0.108	fixation	n/a	365.7	85.1	1074.0	n/a	n/a	n/a	n/a
327.441	0.02	saccade	n/a	361.8	85.6	n/a	423.1	83.9	2.47	214.0
327.463	0.272	fixation	n/a	417.6	86.2	1075.0	n/a	n/a	n/a	n/a
327.737	0.064	saccade	n/a	417.9	87.1	n/a	151.4	151.3	10.89	416.0
327.803	0.296	fixation	n/a	143.2	148.2	1044.0	n/a	n/a	n/a	n/a
327.854	0.0	trigger_11	11	n/a	n/a	n/a	n/a	n/a	n/a	n/a
327.858	0.0	trigger_10	10	n/a	n/a	n/a	n/a	n/a	n/a	n/a
328.101	0.02	saccade	n/a	142.1	144.6	n/a	204.5	146.4	2.45	188.0
328.123	0.182	fixation	n/a	213.4	145.6	1031.0	n/a	n/a	n/a	n/a
328.307	0.024	saccade	n/a	212.8	146.7	n/a	276.5	142.2	2.54	165.0
328.333	0.214	fixation	n/a	272.2	139.4	1002.0	n/a	n/a	n/a	n/a
328.549	0.024	saccade	n/a	272.3	140.2	n/a	349.0	139.1	3.07	241.0
328.575	0.136	fixation	n/a	341.9	140.5	1015.0	n/a	n/a	n/a	n/a
328.713	0.022	saccade	n/a	337.1	140.5	n/a	406.5	139.6	2.79	207.0
328.737	0.262	fixation	n/a	405.0	141.6	995.0	n/a	n/a	n/a	n/a
329.001	0.022	saccade	n/a	405.6	145.6	n/a	459.6	144.0	2.17	158.0
329.025	0.264	fixation	n/a	455.6	141.5	971.0	n/a	n/a	n/a	n/a
329.291	0.072	saccade	n/a	457.6	145.8	n/a	160.2	74.4	12.15	312.0
329.365	0.186	fixation	n/a	180.3	72.7	957.0	n/a	n/a	n/a	n/a
329.553	0.024	saccade	n/a	182.1	72.1	n/a	133.6	65.9	1.91	188.0
329.579	0.476	fixation	n/a	143.5	68.6	947.0	n/a	n/a	n/a	n/a
330.057	0.02	saccade	n/a	148.8	74.9	n/a	102.7	65.0	1.83	151.0
330.079	0.31	fixation	n/a	115.8	71.5	1002.0	n/a	n/a	n/a	n/a
330.391	0.024	saccade	n/a	114.8	73.9	n/a	202.3	71.8	3.43	244.0
330.417	0.176	fixation	n/a	199.5	72.4	989.0	n/a	n/a	n/a	n/a
330.595	0.03	saccade	n/a	201.4	73.1	n/a	94.3	60.6	4.21	262.0
330.627	0.264	fixation	n/a	99.0	74.3	947.0	n/a	n/a	n/a	n/a
330.893	0.014	saccade	n/a	101.9	83.7	n/a	141.4	82.8	1.53	130.0
330.909	0.02	fixation	n/a	156.7	73.2	949.0	n/a	n/a	n/a	n/a
330.931	0.008	saccade	n/a	178.3	69.9	n/a	198.4	79.2	0.88	110.0
330.941	0.14	fixation	n/a	224.8	84.0	979.0	n/a	n/a	n/a	n/a
331.083	0.108	saccade	n/a	232.5	95.1	n/a	233.9	86.3	0.36	413.0
331.193	0.166	fixation	n/a	235.2	84.2	991.0	n/a	n/a	n/a	n/a
331.361	0.02	saccade	n/a	238.2	85.2	n/a	281.4	75.4	1.77	141.0
331.383	0.286	fixation	n/a	272.9	74.6	986.0	n/a	n/a	n/a	n/a
331.671	0.028	saccade	n/a	272.2	71.7	n/a	354.6	75.8	3.31	206.0
331.701	0.156	fixation	n/a	345.4	77.0	962.0	n/a	n/a	n/a	n/a
331.859	0.024	saccade	n/a	343.7	72.4	n/a	283.8	72.7	2.4	197.0
331.885	0.244	fixation	n/a	295.1	75.6	962.0	n/a	n/a	n/a	n/a
332.131	0.024	saccade	n/a	294.8	78.4	n/a	369.4	80.7	3.0	220.0
332.157	0.12	fixation	n/a	360.7	78.0	987.0	n/a	n/a	n/a	n/a
332.279	0.022	saccade	n/a	358.6	76.9	n/a	430.9	80.7	2.92	235.0
332.303	0.2	fixation	n/a	422.6	77.8	1023.0	n/a	n/a	n/a	n/a
332.505	0.022	saccade	n/a	422.8	79.4	n/a	492.9	84.3	2.83	205.0
332.529	0.184	fixation	n/a	486.7	82.9	1014.0	n/a	n/a	n/a	n/a
332.715	0.022	saccade	n/a	487.1	84.7	n/a	538.8	82.7	2.07	175.0
332.739	0.25	fixation	n/a	532.6	84.7	982.0	n/a	n/a	n/a	n/a
332.991	0.012	saccade	n/a	534.0	85.6	n/a	558.7	86.5	0.99	91.0
333.005	0.108	fixation	n/a	552.4	86.5	958.0	n/a	n/a	n/a	n/a
333.115	0.066	saccade	n/a	552.2	88.8	n/a	175.4	136.2	15.05	523.0
333.183	0.108	fixation	n/a	161.5	137.1	974.0	n/a	n/a	n/a	n/a
333.293	0.022	saccade	n/a	164.3	138.7	n/a	94.7	141.1	2.7	221.0
333.317	0.336	fixation	n/a	113.8	148.3	1035.0	n/a	n/a	n/a	n/a
333.655	0.022	saccade	n/a	115.5	150.7	n/a	184.1	143.9	2.69	207.0
333.679	0.084	fixation	n/a	176.3	140.8	1082.0	n/a	n/a	n/a	n/a
333.765	0.022	saccade	n/a	173.4	140.7	n/a	258.9	135.0	3.39	280.0
333.789	0.244	fixation	n/a	249.9	137.4	1114.0	n/a	n/a	n/a	n/a
334.035	0.024	saccade	n/a	248.6	136.8	n/a	320.7	133.8	2.89	208.0
334.061	0.21	fixation	n/a	321.1	136.3	1139.0	n/a	n/a	n/a	n/a
334.273	0.096	saccade	n/a	323.1	148.5	n/a	371.4	149.9	1.94	507.0
334.371	0.17	fixation	n/a	372.0	145.0	1094.0	n/a	n/a	n/a	n/a
334.543	0.022	saccade	n/a	372.3	145.1	n/a	439.3	142.9	2.7	203.0
334.567	0.184	fixation	n/a	440.3	140.7	1068.0	n/a	n/a	n/a	n/a
334.753	0.022	saccade	n/a	441.2	144.1	n/a	506.8	141.1	2.64	167.0
334.777	0.212	fixation	n/a	502.8	137.6	1064.0	n/a	n/a	n/a	n/a
334.991	0.022	saccade	n/a	502.9	138.5	n/a	574.1	144.0	2.85	194.0
335.015	0.292	fixation	n/a	573.0	141.9	1052.0	n/a	n/a	n/a	n/a
335.309	0.016	saccade	n/a	572.0	142.7	n/a	606.2	140.6	1.36	123.0
335.327	0.16	fixation	n/a	602.2	142.2	1025.0	n/a	n/a	n/a	n/a
335.489	0.068	saccade	n/a	603.6	140.8	n/a	193.0	199.4	16.37	503.0
335.559	0.072	fixation	n/a	181.9	198.5	1064.0	n/a	n/a	n/a	n/a
335.633	0.034	saccade	n/a	182.1	198.4	n/a	146.5	207.2	1.44	233.0
335.669	0.07	fixation	n/a	137.5	206.5	1072.0	n/a	n/a	n/a	n/a
335.741	0.022	saccade	n/a	138.9	207.4	n/a	106.6	202.7	1.27	123.0
335.765	0.116	fixation	n/a	115.2	204.4	1074.0	n/a	n/a	n/a	n/a
335.766	0.0	trigger_11	11	n/a	n/a	n/a	n/a	n/a	n/a	n/a
335.77	0.0	trigger_10	10	n/a	n/a	n/a	n/a	n/a	n/a	n/a
335.883	0.026	saccade	n/a	115.1	205.7	n/a	210.0	199.8	3.71	252.0
335.911	0.142	fixation	n/a	205.0	200.4	1055.0	n/a	n/a	n/a	n/a
336.055	0.024	saccade	n/a	206.1	199.6	n/a	291.2	194.0	3.39	235.0
336.081	0.318	fixation	n/a	285.5	197.3	1039.0	n/a	n/a	n/a	n/a
336.401	0.02	saccade	n/a	283.5	197.4	n/a	342.0	193.7	2.35	181.0
336.423	0.27	fixation	n/a	337.8	196.6	1040.0	n/a	n/a	n/a	n/a
336.695	0.048	saccade	n/a	339.3	198.0	n/a	139.5	72.3	9.4	364.0
336.745	0.202	fixation	n/a	148.2	76.0	1010.0	n/a	n/a	n/a	n/a
336.949	0.024	saccade	n/a	146.9	79.3	n/a	222.1	73.5	2.97	217.0
336.975	0.162	fixation	n/a	215.0	76.4	1029.0	n/a	n/a	n/a	n/a
337.139	0.022	saccade	n/a	216.4	77.1	n/a	286.9	72.5	2.81	220.0
337.163	0.296	fixation	n/a	277.9	73.2	1065.0	n/a	n/a	n/a	n/a
337.461	0.024	saccade	n/a	276.3	75.4	n/a	371.7	74.1	3.83	292.0
337.487	0.15	fixation	n/a	373.3	75.1	1097.0	n/a	n/a	n/a	n/a
337.639	0.038	saccade	n/a	373.9	75.4	n/a	194.7	86.6	7.17	392.0
337.679	0.268	fixation	n/a	201.9	87.3	1078.0	n/a	n/a	n/a	n/a
337.949	0.024	saccade	n/a	201.6	88.2	n/a	114.6	70.8	3.48	265.0
337.975	0.202	fixation	n/a	126.8	79.6	1084.0	n/a	n/a	n/a	n/a
338.022	0.0	trigger_18	18	n/a	n/a	n/a	n/a	n/a	n/a	n/a
338.022	0.0	trigger_11	11	n/a	n/a	n/a	n/a	n/a	n/a	n/a
338.179	0.006	saccade	n/a	123.8	81.9	n/a	114.2	83.3	0.38	57.0
338.187	0.174	fixation	n/a	114.3	83.6	1060.0	n/a	n/a	n/a	n/a
338.363	0.022	saccade	n/a	113.7	81.7	n/a	178.6	81.9	2.54	212.0
338.387	0.31	fixation	n/a	166.1	78.5	1042.0	n/a	n/a	n/a	n/a
338.699	0.02	saccade	n/a	166.2	79.5	n/a	242.9	79.0	3.03	218.0
338.721	0.362	fixation	n/a	264.5	75.1	1099.0	n/a	n/a	n/a	n/a
339.085	0.02	saccade	n/a	262.7	77.4	n/a	319.2	77.9	2.26	194.0
339.107	0.214	fixation	n/a	311.9	75.3	1074.0	n/a	n/a	n/a	n/a
339.323	0.024	saccade	n/a	312.5	72.2	n/a	257.5	73.8	2.2	149.0
339.349	0.224	fixation	n/a	271.8	74.5	1067.0	n/a	n/a	n/a	n/a
339.575	0.022	saccade	n/a	270.5	74.5	n/a	341.8	74.0	2.86	249.0
339.599	0.162	fixation	n/a	334.9	70.3	1104.0	n/a	n/a	n/a	n/a
339.763	0.056	saccade	n/a	333.7	74.4	n/a	176.5	80.2	6.25	196.0
339.821	0.572	fixation	n/a	159.7	89.8	1094.0	n/a	n/a	n/a	n/a
340.395	0.012	saccade	n/a	157.5	93.3	n/a	142.5	81.2	0.76	75.0
340.409	0.132	fixation	n/a	148.3	88.2	1112.0	n/a	n/a	n/a	n/a
340.543	0.188	saccade	n/a	150.4	91.8	n/a	181.5	71.0	1.48	1018.0
340.579	0.092	blink	n/a	n/a	n/a	n/a	n/a	n/a	n/a	n/a
340.733	0.252	fixation	n/a	180.9	93.8	1136.0	n/a	n/a	n/a	n/a
340.987	0.034	saccade	n/a	178.3	96.2	n/a	318.0	80.0	5.59	323.0
341.023	0.968	fixation	n/a	317.1	85.3	1009.0	n/a	n/a	n/a	n/a
341.993	0.042	saccade	n/a	316.2	80.7	n/a	166.4	78.6	5.95	223.0
342.037	0.244	fixation	n/a	181.2	84.8	985.0	n/a	n/a	n/a	n/a
342.283	0.02	saccade	n/a	183.2	89.8	n/a	169.0	74.8	0.82	106.0
342.305	0.236	fixation	n/a	171.4	83.9	1075.0	n/a	n/a	n/a	n/a
