onset	duration	trial_type	value	gaze_x	gaze_y	pupil_size	sacc_endx	sacc_endy	sacc_amplitude	sacc_peakvel
2.003	0.202	fixation	n/a	262.2	190.1	1003.0	n/a	n/a	n/a	n/a
2.04	0.0	trigger_111	111	n/a	n/a	n/a	n/a	n/a	n/a	n/a
2.04	0.0	trigger_19	19	n/a	n/a	n/a	n/a	n/a	n/a	n/a
2.056	0.0	trigger_10	10	n/a	n/a	n/a	n/a	n/a	n/a	n/a
2.207	0.038	saccade	n/a	263.6	192.8	n/a	158.1	96.1	5.71	269.0
2.247	0.286	fixation	n/a	155.0	68.1	966.0	n/a	n/a	n/a	n/a
2.535	0.018	saccade	n/a	153.6	70.8	n/a	195.8	57.4	1.74	129.0
2.555	0.254	fixation	n/a	197.9	59.9	966.0	n/a	n/a	n/a	n/a
2.811	0.116	saccade	n/a	197.7	61.1	n/a	183.7	72.7	0.72	295.0
2.929	0.306	fixation	n/a	180.0	82.2	1017.0	n/a	n/a	n/a	n/a
3.237	0.014	saccade	n/a	177.6	86.1	n/a	148.0	86.7	1.16	104.0
3.253	0.174	fixation	n/a	151.9	90.3	1054.0	n/a	n/a	n/a	n/a
3.429	0.018	saccade	n/a	152.7	94.9	n/a	175.0	61.3	1.61	132.0
3.449	0.186	fixation	n/a	178.0	61.7	1053.0	n/a	n/a	n/a	n/a
3.637	0.02	saccade	n/a	179.4	64.4	n/a	124.9	61.4	2.13	168.0
3.659	0.348	fixation	n/a	128.8	65.8	1030.0	n/a	n/a	n/a	n/a
4.009	0.02	saccade	n/a	128.9	65.9	n/a	176.1	54.0	1.91	146.0
4.031	0.22	fixation	n/a	188.5	54.9	1026.0	n/a	n/a	n/a	n/a
4.253	0.022	saccade	n/a	189.2	57.4	n/a	118.1	63.9	2.79	184.0
4.277	0.234	fixation	n/a	124.2	65.1	1019.0	n/a	n/a	n/a	n/a
4.513	0.018	saccade	n/a	125.1	67.6	n/a	170.0	59.9	1.78	129.0
4.533	0.154	fixation	n/a	171.8	59.1	1031.0	n/a	n/a	n/a	n/a
4.689	0.018	saccade	n/a	171.5	60.0	n/a	216.6	55.9	1.79	148.0
4.709	0.176	fixation	n/a	220.8	56.5	1036.0	n/a	n/a	n/a	n/a
4.887	0.018	saccade	n/a	221.8	57.6	n/a	270.7	58.5	1.95	152.0
4.907	0.17	fixation	n/a	281.8	61.3	1070.0	n/a	n/a	n/a	n/a
5.079	0.022	saccade	n/a	281.6	63.9	n/a	344.7	70.5	2.54	202.0
5.103	0.33	fixation	n/a	344.7	72.1	1116.0	n/a	n/a	n/a	n/a
5.435	0.01	saccade	n/a	341.3	74.1	n/a	362.3	72.5	0.85	89.0
5.447	0.2	fixation	n/a	363.9	73.4	1112.0	n/a	n/a	n/a	n/a
5.649	0.018	saccade	n/a	364.7	75.0	n/a	414.3	77.0	2.0	156.0
5.669	0.178	fixation	n/a	420.9	77.3	1111.0	n/a	n/a	n/a	n/a
5.849	0.016	saccade	n/a	420.5	76.5	n/a	386.5	71.8	1.38	121.0
5.867	0.298	fixation	n/a	388.2	74.1	1117.0	n/a	n/a	n/a	n/a
6.167	0.202	saccade	n/a	382.1	77.2	n/a	420.3	80.7	1.55	487.0
6.371	0.402	fixation	n/a	417.7	79.9	1108.0	n/a	n/a	n/a	n/a
6.775	0.012	saccade	n/a	418.7	77.4	n/a	444.8	69.8	1.1	106.0
6.789	0.158	fixation	n/a	448.6	71.5	1015.0	n/a	n/a	n/a	n/a
6.949	0.018	saccade	n/a	450.3	74.2	n/a	492.6	70.7	1.7	133.0
6.969	0.17	fixation	n/a	496.4	73.5	1007.0	n/a	n/a	n/a	n/a
7.141	0.016	saccade	n/a	495.4	74.5	n/a	530.0	72.6	1.39	128.0
7.159	0.194	fixation	n/a	531.9	72.8	1014.0	n/a	n/a	n/a	n/a
7.355	0.008	saccade	n/a	532.4	71.9	n/a	548.6	69.6	0.65	79.0
7.365	0.748	fixation	n/a	549.6	73.4	1061.0	n/a	n/a	n/a	n/a
8.115	0.01	saccade	n/a	549.3	73.7	n/a	567.9	71.5	0.74	78.0
8.127	0.128	fixation	n/a	568.1	72.7	1072.0	n/a	n/a	n/a	n/a
8.257	0.02	saccade	n/a	568.6	72.5	n/a	524.5	75.9	1.76	120.0
8.279	0.108	fixation	n/a	529.0	74.9	1075.0	n/a	n/a	n/a	n/a
8.389	0.016	saccade	n/a	527.4	75.9	n/a	564.8	71.7	1.5	144.0
8.407	0.148	fixation	n/a	560.9	72.7	1076.0	n/a	n/a	n/a	n/a
8.557	0.068	saccade	n/a	559.0	74.7	n/a	145.7	122.8	16.42	464.0
8.627	0.114	fixation	n/a	142.2	124.8	1098.0	n/a	n/a	n/a	n/a
8.743	0.02	saccade	n/a	144.0	126.3	n/a	111.1	132.6	1.3	125.0
8.765	0.234	fixation	n/a	118.4	133.9	1046.0	n/a	n/a	n/a	n/a
9.001	0.02	saccade	n/a	118.1	134.5	n/a	175.0	123.9	2.26	167.0
9.023	0.16	fixation	n/a	178.1	124.6	991.0	n/a	n/a	n/a	n/a
9.185	0.022	saccade	n/a	178.0	126.3	n/a	252.4	129.9	2.95	221.0
9.209	0.182	fixation	n/a	252.0	129.3	993.0	n/a	n/a	n/a	n/a
9.393	0.024	saccade	n/a	249.7	129.0	n/a	335.2	129.3	3.42	260.0
9.419	0.168	fixation	n/a	336.5	129.7	1033.0	n/a	n/a	n/a	n/a
9.589	0.018	saccade	n/a	338.2	130.8	n/a	387.9	130.2	2.0	154.0
9.609	0.216	fixation	n/a	388.8	130.7	1025.0	n/a	n/a	n/a	n/a
9.827	0.022	saccade	n/a	389.7	132.0	n/a	454.8	130.1	2.62	186.0
9.851	0.27	fixation	n/a	459.4	129.9	1015.0	n/a	n/a	n/a	n/a
10.123	0.054	saccade	n/a	459.2	130.2	n/a	195.0	181.6	10.71	413.0
10.179	0.134	fixation	n/a	190.2	181.3	1014.0	n/a	n/a	n/a	n/a
10.315	0.022	saccade	n/a	192.7	182.9	n/a	119.1	176.3	2.89	226.0
10.339	0.41	fixation	n/a	125.0	177.6	1006.0	n/a	n/a	n/a	n/a
10.751	0.022	saccade	n/a	123.4	179.6	n/a	205.6	185.6	3.23	250.0
10.775	0.198	fixation	n/a	213.3	187.5	1025.0	n/a	n/a	n/a	n/a
10.975	0.022	saccade	n/a	214.0	190.9	n/a	269.7	191.2	2.21	166.0
10.999	0.216	fixation	n/a	266.4	190.6	1057.0	n/a	n/a	n/a	n/a
11.217	0.018	saccade	n/a	266.3	191.0	n/a	224.1	185.8	1.69	134.0
11.237	0.258	fixation	n/a	228.9	188.5	1037.0	n/a	n/a	n/a	n/a
11.497	0.006	saccade	n/a	235.0	189.8	n/a	244.5	188.9	0.38	57.0
11.505	0.284	fixation	n/a	248.2	190.6	1020.0	n/a	n/a	n/a	n/a
11.791	0.012	saccade	n/a	246.3	191.6	n/a	224.3	189.1	0.88	90.0
11.805	0.536	fixation	n/a	229.5	190.3	1027.0	n/a	n/a	n/a	n/a
12.343	0.022	saccade	n/a	227.1	192.7	n/a	292.1	189.7	2.59	177.0
12.367	0.162	fixation	n/a	297.3	188.3	1034.0	n/a	n/a	n/a	n/a
12.531	0.022	saccade	n/a	296.1	189.1	n/a	362.8	190.6	2.67	182.0
12.555	0.152	fixation	n/a	367.3	191.2	1028.0	n/a	n/a	n/a	n/a
12.709	0.022	saccade	n/a	366.2	192.5	n/a	447.2	186.2	3.26	231.0
12.733	0.146	fixation	n/a	466.6	184.0	1015.0	n/a	n/a	n/a	n/a
12.881	0.02	saccade	n/a	466.7	187.7	n/a	522.6	188.0	2.24	169.0
12.903	0.146	fixation	n/a	529.2	185.2	995.0	n/a	n/a	n/a	n/a
13.051	0.016	saccade	n/a	530.1	182.7	n/a	563.5	184.1	1.33	100.0
13.069	0.178	fixation	n/a	571.4	183.3	966.0	n/a	n/a	n/a	n/a
13.249	0.02	saccade	n/a	571.5	184.2	n/a	618.6	181.6	1.86	135.0
13.271	0.162	fixation	n/a	619.4	183.5	930.0	n/a	n/a	n/a	n/a
13.435	0.006	saccade	n/a	620.2	183.5	n/a	631.0	185.2	0.43	57.0
13.443	0.062	fixation	n/a	629.2	186.2	930.0	n/a	n/a	n/a	n/a
13.507	0.064	saccade	n/a	631.0	184.8	n/a	213.0	242.3	16.59	550.0
13.573	0.108	fixation	n/a	205.9	240.2	972.0	n/a	n/a	n/a	n/a
13.683	0.022	saccade	n/a	207.3	239.9	n/a	138.5	239.5	2.69	202.0
13.707	0.234	fixation	n/a	149.2	240.3	977.0	n/a	n/a	n/a	n/a
13.943	0.024	saccade	n/a	148.9	243.8	n/a	222.6	245.3	2.89	213.0
13.969	0.16	fixation	n/a	220.7	246.8	987.0	n/a	n/a	n/a	n/a
14.131	0.022	saccade	n/a	219.4	249.3	n/a	296.6	251.5	3.06	240.0
14.155	0.284	fixation	n/a	299.1	250.2	991.0	n/a	n/a	n/a	n/a
14.17	0.0	trigger_11	11	n/a	n/a	n/a	n/a	n/a	n/a	n/a
14.178	0.0	trigger_10	10	n/a	n/a	n/a	n/a	n/a	n/a	n/a
14.441	0.03	saccade	n/a	297.7	251.4	n/a	399.6	246.1	4.08	232.0
14.473	0.182	fixation	n/a	401.2	247.1	1007.0	n/a	n/a	n/a	n/a
14.657	0.026	saccade	n/a	399.8	247.8	n/a	479.9	246.6	3.21	186.0
14.685	0.252	fixation	n/a	478.3	246.4	990.0	n/a	n/a	n/a	n/a
14.939	0.02	saccade	n/a	479.0	249.7	n/a	534.2	250.7	2.2	177.0
14.961	0.14	fixation	n/a	533.4	251.5	955.0	n/a	n/a	n/a	n/a
15.103	0.048	saccade	n/a	533.9	254.4	n/a	399.9	532.4	12.0	410.0
15.153	0.134	fixation	n/a	396.4	526.3	953.0	n/a	n/a	n/a	n/a
15.289	0.024	saccade	n/a	394.3	527.8	n/a	479.1	514.3	3.31	237.0
15.315	0.082	fixation	n/a	479.1	514.1	946.0	n/a	n/a	n/a	n/a
15.399	0.022	saccade	n/a	479.3	517.1	n/a	553.3	512.1	2.85	243.0
15.423	0.296	fixation	n/a	548.8	514.4	904.0	n/a	n/a	n/a	n/a
15.721	0.018	saccade	n/a	550.0	515.3	n/a	588.0	515.9	1.45	118.0
15.741	0.126	fixation	n/a	583.4	513.8	848.0	n/a	n/a	n/a	n/a
15.869	0.078	saccade	n/a	583.7	514.8	n/a	321.7	151.8	17.5	372.0
15.949	0.1	fixation	n/a	299.8	150.8	809.0	n/a	n/a	n/a	n/a
16.051	0.024	saccade	n/a	295.7	151.0	n/a	178.9	124.3	4.76	331.0
16.077	0.068	fixation	n/a	154.6	116.0	807.0	n/a	n/a	n/a	n/a
16.147	0.022	saccade	n/a	153.5	116.1	n/a	143.4	51.9	2.61	224.0
16.171	0.278	fixation	n/a	146.2	64.5	820.0	n/a	n/a	n/a	n/a
16.451	0.01	saccade	n/a	145.6	66.3	n/a	124.8	63.8	0.82	88.0
16.463	0.42	fixation	n/a	131.0	68.6	886.0	n/a	n/a	n/a	n/a
16.885	0.014	saccade	n/a	132.5	70.9	n/a	164.9	65.6	1.28	113.0
16.901	0.18	fixation	n/a	163.0	66.6	944.0	n/a	n/a	n/a	n/a
17.083	0.02	saccade	n/a	160.7	68.5	n/a	222.1	62.3	2.44	189.0
17.105	0.182	fixation	n/a	227.5	61.1	980.0	n/a	n/a	n/a	n/a
17.289	0.02	saccade	n/a	227.7	62.7	n/a	284.5	61.2	2.26	149.0
17.311	0.268	fixation	n/a	288.1	61.4	1017.0	n/a	n/a	n/a	n/a
17.581	0.02	saccade	n/a	288.8	61.5	n/a	347.7	68.0	2.38	184.0
17.603	0.244	fixation	n/a	349.4	65.3	1049.0	n/a	n/a	n/a	n/a
17.849	0.02	saccade	n/a	347.8	68.0	n/a	403.8	72.0	2.26	189.0
17.871	0.156	fixation	n/a	409.8	72.2	1046.0	n/a	n/a	n/a	n/a
18.029	0.022	saccade	n/a	409.7	74.0	n/a	459.1	75.7	1.99	134.0
18.053	0.224	fixation	n/a	473.8	72.9	1043.0	n/a	n/a	n/a	n/a
18.279	0.018	saccade	n/a	474.8	71.8	n/a	524.7	70.9	2.0	143.0
18.299	0.174	fixation	n/a	534.0	71.3	1037.0	n/a	n/a	n/a	n/a
18.475	0.06	saccade	n/a	536.0	70.5	n/a	181.2	121.6	14.2	473.0
18.537	0.116	fixation	n/a	175.1	123.0	1024.0	n/a	n/a	n/a	n/a
18.655	0.02	saccade	n/a	175.8	123.3	n/a	128.4	131.8	1.89	159.0
18.677	0.428	fixation	n/a	141.7	130.1	999.0	n/a	n/a	n/a	n/a
19.018	0.0	trigger_11	11	n/a	n/a	n/a	n/a	n/a	n/a	n/a
19.03	0.0	trigger_10	10	n/a	n/a	n/a	n/a	n/a	n/a	n/a
19.107	0.01	saccade	n/a	144.2	130.5	n/a	126.0	129.5	0.71	76.0
19.119	0.172	fixation	n/a	129.3	131.6	983.0	n/a	n/a	n/a	n/a
19.293	0.016	saccade	n/a	128.5	132.6	n/a	168.5	121.7	1.62	142.0
19.311	0.16	fixation	n/a	169.9	122.9	973.0	n/a	n/a	n/a	n/a
19.473	0.024	saccade	n/a	167.8	124.6	n/a	248.9	128.0	3.21	230.0
19.499	0.282	fixation	n/a	250.6	132.4	995.0	n/a	n/a	n/a	n/a
19.783	0.018	saccade	n/a	251.1	138.5	n/a	298.7	131.2	1.93	149.0
19.803	0.156	fixation	n/a	297.4	131.5	998.0	n/a	n/a	n/a	n/a
19.961	0.064	saccade	n/a	296.5	134.9	n/a	295.0	512.0	14.76	378.0
20.027	0.14	fixation	n/a	294.6	503.0	1057.0	n/a	n/a	n/a	n/a
20.169	0.02	saccade	n/a	291.7	504.0	n/a	354.9	513.2	2.46	212.0
20.191	0.03	fixation	n/a	350.2	512.1	1060.0	n/a	n/a	n/a	n/a
20.223	0.026	saccade	n/a	348.8	512.4	n/a	445.4	515.1	3.73	232.0
20.251	0.212	fixation	n/a	443.3	515.8	1004.0	n/a	n/a	n/a	n/a
20.465	0.026	saccade	n/a	445.2	518.6	n/a	524.6	515.3	3.06	188.0
20.493	0.184	fixation	n/a	525.2	516.5	909.0	n/a	n/a	n/a	n/a
20.679	0.016	saccade	n/a	525.9	517.7	n/a	562.0	502.3	1.5	117.0
20.697	0.066	fixation	n/a	559.3	501.0	887.0	n/a	n/a	n/a	n/a
20.765	0.076	saccade	n/a	560.4	502.0	n/a	188.2	96.5	21.44	546.0
20.843	0.054	fixation	n/a	191.0	99.9	839.0	n/a	n/a	n/a	n/a
20.899	0.024	saccade	n/a	190.5	98.4	n/a	120.6	66.3	3.02	243.0
20.925	0.146	fixation	n/a	126.1	77.1	831.0	n/a	n/a	n/a	n/a
21.073	0.02	saccade	n/a	125.6	78.3	n/a	152.4	57.8	1.33	134.0
21.095	0.136	fixation	n/a	148.8	63.9	843.0	n/a	n/a	n/a	n/a
21.233	0.016	saccade	n/a	149.0	66.8	n/a	114.0	67.1	1.36	126.0
21.251	0.162	fixation	n/a	122.3	69.5	895.0	n/a	n/a	n/a	n/a
21.415	0.022	saccade	n/a	121.4	70.7	n/a	182.4	64.2	2.4	196.0
21.439	0.182	fixation	n/a	178.3	63.4	956.0	n/a	n/a	n/a	n/a
21.623	0.008	saccade	n/a	177.9	64.7	n/a	162.2	64.4	0.62	73.0
21.633	0.188	fixation	n/a	163.7	65.3	967.0	n/a	n/a	n/a	n/a
21.823	0.018	saccade	n/a	162.3	65.1	n/a	213.7	57.2	2.05	180.0
21.843	0.13	fixation	n/a	212.1	57.0	974.0	n/a	n/a	n/a	n/a
21.975	0.074	saccade	n/a	210.9	55.5	n/a	258.0	52.2	1.87	303.0
22.051	0.154	fixation	n/a	255.8	55.1	993.0	n/a	n/a	n/a	n/a
22.207	0.024	saccade	n/a	255.3	55.8	n/a	335.5	63.7	3.22	256.0
22.233	0.198	fixation	n/a	332.9	63.3	1019.0	n/a	n/a	n/a	n/a
22.433	0.006	saccade	n/a	332.4	64.2	n/a	325.8	60.8	0.3	45.0
22.441	0.772	fixation	n/a	324.8	63.1	1001.0	n/a	n/a	n/a	n/a
23.215	0.018	saccade	n/a	325.2	70.2	n/a	363.6	70.0	1.55	111.0
23.235	0.192	fixation	n/a	371.6	74.1	1065.0	n/a	n/a	n/a	n/a
23.429	0.022	saccade	n/a	372.6	76.5	n/a	435.2	81.1	2.53	188.0
23.453	0.256	fixation	n/a	437.2	80.9	1068.0	n/a	n/a	n/a	n/a
23.711	0.02	saccade	n/a	434.7	79.9	n/a	497.5	80.5	2.53	228.0
23.733	0.138	fixation	n/a	499.9	78.0	1059.0	n/a	n/a	n/a	n/a
23.873	0.048	saccade	n/a	501.6	77.9	n/a	182.0	116.0	12.78	429.0
23.923	0.162	fixation	n/a	195.3	118.7	1055.0	n/a	n/a	n/a	n/a
24.087	0.022	saccade	n/a	196.8	120.6	n/a	127.0	129.1	2.76	195.0
24.111	0.292	fixation	n/a	128.9	128.5	1061.0	n/a	n/a	n/a	n/a
24.405	0.008	saccade	n/a	127.6	128.3	n/a	114.6	128.5	0.5	61.0
24.415	0.172	fixation	n/a	116.4	128.4	1022.0	n/a	n/a	n/a	n/a
24.589	0.024	saccade	n/a	114.8	129.0	n/a	194.9	119.3	3.16	190.0
24.615	0.38	fixation	n/a	207.2	121.1	1038.0	n/a	n/a	n/a	n/a
24.997	0.024	saccade	n/a	205.3	127.1	n/a	277.5	133.9	2.88	220.0
25.023	0.172	fixation	n/a	277.0	132.8	1059.0	n/a	n/a	n/a	n/a
25.197	0.026	saccade	n/a	274.6	132.4	n/a	362.6	130.6	3.53	232.0
25.225	0.162	fixation	n/a	363.0	131.8	1059.0	n/a	n/a	n/a	n/a
25.389	0.024	saccade	n/a	363.9	132.6	n/a	432.1	130.4	2.75	211.0
25.415	0.2	fixation	n/a	430.2	130.6	1032.0	n/a	n/a	n/a	n/a
25.617	0.022	saccade	n/a	429.8	131.8	n/a	507.6	131.7	3.12	233.0
25.641	0.238	fixation	n/a	511.4	129.2	1012.0	n/a	n/a	n/a	n/a
25.881	0.018	saccade	n/a	510.2	129.5	n/a	557.5	128.6	1.89	146.0
25.901	0.242	fixation	n/a	564.8	125.0	1009.0	n/a	n/a	n/a	n/a
25.94	0.0	trigger_11	11	n/a	n/a	n/a	n/a	n/a	n/a	n/a
25.946	0.0	trigger_10	10	n/a	n/a	n/a	n/a	n/a	n/a	n/a
26.145	0.016	saccade	n/a	565.6	128.3	n/a	607.3	129.7	1.65	137.0
26.163	0.486	fixation	n/a	607.0	131.7	1023.0	n/a	n/a	n/a	n/a
26.651	0.066	saccade	n/a	604.4	131.6	n/a	157.2	179.4	17.68	512.0
26.719	0.15	fixation	n/a	146.9	179.3	1049.0	n/a	n/a	n/a	n/a
26.871	0.016	saccade	n/a	142.4	179.2	n/a	109.0	184.2	1.31	114.0
26.889	0.456	fixation	n/a	116.3	184.9	994.0	n/a	n/a	n/a	n/a
27.347	0.026	saccade	n/a	116.3	185.4	n/a	128.0	97.6	3.55	236.0
27.375	0.182	fixation	n/a	152.2	91.3	947.0	n/a	n/a	n/a	n/a
27.559	0.018	saccade	n/a	157.4	91.3	n/a	119.7	70.9	1.68	145.0
27.579	0.566	fixation	n/a	127.1	74.0	935.0	n/a	n/a	n/a	n/a
28.147	0.006	saccade	n/a	124.7	72.3	n/a	116.4	70.0	0.34	48.0
28.155	0.218	fixation	n/a	117.9	71.3	959.0	n/a	n/a	n/a	n/a
28.375	0.018	saccade	n/a	117.0	71.7	n/a	170.8	66.1	2.11	159.0
28.395	0.248	fixation	n/a	177.2	61.7	979.0	n/a	n/a	n/a	n/a
28.645	0.072	saccade	n/a	177.7	65.6	n/a	491.5	529.2	21.75	524.0
28.719	0.072	fixation	n/a	484.5	522.3	1055.0	n/a	n/a	n/a	n/a
28.793	0.022	saccade	n/a	484.8	522.9	n/a	547.9	520.4	2.42	204.0
28.817	0.14	fixation	n/a	540.0	521.4	1055.0	n/a	n/a	n/a	n/a
28.959	0.022	saccade	n/a	538.3	522.4	n/a	600.4	515.7	2.38	167.0
28.983	0.266	fixation	n/a	601.3	514.4	932.0	n/a	n/a	n/a	n/a
29.251	0.086	saccade	n/a	604.6	516.0	n/a	174.0	82.9	23.65	431.0
29.339	0.144	fixation	n/a	167.4	68.8	794.0	n/a	n/a	n/a	n/a
29.485	0.008	saccade	n/a	169.0	65.4	n/a	172.5	52.6	0.53	65.0
29.495	0.34	fixation	n/a	176.2	56.1	754.0	n/a	n/a	n/a	n/a
29.837	0.02	saccade	n/a	177.0	57.2	n/a	227.4	53.0	2.0	162.0
29.859	0.26	fixation	n/a	228.4	54.3	806.0	n/a	n/a	n/a	n/a
30.121	0.018	saccade	n/a	230.1	55.2	n/a	276.5	51.5	1.85	135.0
30.141	0.156	fixation	n/a	283.1	49.6	823.0	n/a	n/a	n/a	n/a
30.299	0.016	saccade	n/a	281.3	49.4	n/a	248.5	50.6	1.31	112.0
30.317	0.314	fixation	n/a	257.1	52.6	840.0	n/a	n/a	n/a	n/a
30.633	0.008	saccade	n/a	256.4	51.7	n/a	273.2	48.0	0.69	87.0
30.643	0.172	fixation	n/a	274.7	50.7	883.0	n/a	n/a	n/a	n/a
30.817	0.02	saccade	n/a	274.3	52.8	n/a	326.2	53.2	2.08	178.0
30.839	0.258	fixation	n/a	328.1	54.2	923.0	n/a	n/a	n/a	n/a
31.099	0.012	saccade	n/a	326.4	57.3	n/a	304.1	53.5	0.91	88.0
31.113	0.154	fixation	n/a	309.5	56.5	940.0	n/a	n/a	n/a	n/a
31.269	0.024	saccade	n/a	309.9	57.4	n/a	391.2	67.2	3.3	218.0
31.295	0.198	fixation	n/a	399.3	65.5	953.0	n/a	n/a	n/a	n/a
31.495	0.028	saccade	n/a	399.9	66.2	n/a	498.2	70.8	3.96	220.0
31.525	0.214	fixation	n/a	500.3	69.3	946.0	n/a	n/a	n/a	n/a
31.741	0.022	saccade	n/a	500.8	70.2	n/a	558.4	69.4	2.3	166.0
31.765	0.204	fixation	n/a	574.3	68.6	932.0	n/a	n/a	n/a	n/a
31.971	0.01	saccade	n/a	578.0	68.2	n/a	597.0	67.0	0.75	80.0
31.983	0.186	fixation	n/a	595.8	68.0	932.0	n/a	n/a	n/a	n/a
32.171	0.064	saccade	n/a	596.8	70.3	n/a	182.1	109.3	16.43	431.0
32.237	0.108	fixation	n/a	191.3	110.5	965.0	n/a	n/a	n/a	n/a
32.347	0.022	saccade	n/a	191.5	110.8	n/a	124.8	122.1	2.66	187.0
32.371	0.144	fixation	n/a	133.7	122.7	971.0	n/a	n/a	n/a	n/a
32.517	0.012	saccade	n/a	132.4	121.8	n/a	113.5	119.5	0.74	73.0
32.531	0.144	fixation	n/a	119.7	121.1	980.0	n/a	n/a	n/a	n/a
32.677	0.024	saccade	n/a	120.5	122.0	n/a	192.7	112.4	2.85	181.0
32.703	0.158	fixation	n/a	192.0	111.6	997.0	n/a	n/a	n/a	n/a
32.863	0.018	saccade	n/a	191.8	112.1	n/a	239.0	114.3	1.88	142.0
32.883	0.246	fixation	n/a	235.6	116.0	1013.0	n/a	n/a	n/a	n/a
33.131	0.006	saccade	n/a	232.0	119.7	n/a	222.7	115.7	0.4	60.0
33.139	0.144	fixation	n/a	224.1	119.2	1012.0	n/a	n/a	n/a	n/a
33.285	0.026	saccade	n/a	224.2	121.3	n/a	299.8	124.8	3.02	186.0
33.313	0.246	fixation	n/a	299.2	123.6	1014.0	n/a	n/a	n/a	n/a
33.561	0.03	saccade	n/a	298.4	123.6	n/a	413.2	129.1	4.63	262.0
33.593	0.284	fixation	n/a	420.7	131.6	1003.0	n/a	n/a	n/a	n/a
33.879	0.016	saccade	n/a	419.5	132.8	n/a	452.4	127.8	1.34	131.0
33.897	0.304	fixation	n/a	454.9	125.9	972.0	n/a	n/a	n/a	n/a
34.203	0.02	saccade	n/a	457.2	124.9	n/a	405.4	129.6	2.09	171.0
34.225	0.27	fixation	n/a	412.5	127.8	959.0	n/a	n/a	n/a	n/a
34.497	0.024	saccade	n/a	413.8	128.7	n/a	491.2	123.5	3.12	211.0
34.523	0.164	fixation	n/a	498.0	121.0	965.0	n/a	n/a	n/a	n/a
34.689	0.016	saccade	n/a	497.0	123.0	n/a	533.5	124.4	1.46	128.0
34.707	0.346	fixation	n/a	534.3	126.4	986.0	n/a	n/a	n/a	n/a
35.055	0.054	saccade	n/a	535.0	130.8	n/a	149.8	171.7	15.31	448.0
35.111	0.122	fixation	n/a	161.9	172.8	991.0	n/a	n/a	n/a	n/a
35.235	0.022	saccade	n/a	160.7	174.0	n/a	107.8	182.5	2.09	157.0
35.259	0.292	fixation	n/a	114.6	184.4	992.0	n/a	n/a	n/a	n/a
35.553	0.02	saccade	n/a	112.0	185.6	n/a	168.3	181.5	2.2	180.0
35.575	0.43	fixation	n/a	168.1	184.2	1000.0	n/a	n/a	n/a	n/a
36.007	0.02	saccade	n/a	170.3	188.3	n/a	225.9	188.4	2.19	167.0
36.029	0.298	fixation	n/a	227.5	190.2	1016.0	n/a	n/a	n/a	n/a
36.329	0.022	saccade	n/a	227.5	192.0	n/a	294.4	189.7	2.67	176.0
36.353	0.218	fixation	n/a	309.4	189.8	1034.0	n/a	n/a	n/a	n/a
36.573	0.008	saccade	n/a	306.9	188.6	n/a	294.9	188.4	0.48	60.0
36.583	0.204	fixation	n/a	293.5	188.8	995.0	n/a	n/a	n/a	n/a
36.789	0.022	saccade	n/a	292.6	188.1	n/a	355.2	186.6	2.51	196.0
36.813	0.11	fixation	n/a	355.7	186.6	981.0	n/a	n/a	n/a	n/a
36.925	0.022	saccade	n/a	354.0	187.5	n/a	418.5	186.1	2.59	182.0
36.949	0.154	fixation	n/a	421.4	184.8	969.0	n/a	n/a	n/a	n/a
37.105	0.016	saccade	n/a	422.7	186.4	n/a	458.3	182.1	1.44	124.0
37.123	0.244	fixation	n/a	464.5	183.5	951.0	n/a	n/a	n/a	n/a
37.369	0.008	saccade	n/a	465.2	186.3	n/a	451.8	184.0	0.55	69.0
37.379	0.136	fixation	n/a	451.2	183.8	944.0	n/a	n/a	n/a	n/a
37.517	0.02	saccade	n/a	450.9	184.4	n/a	503.3	181.4	2.1	180.0
37.539	0.354	fixation	n/a	506.6	183.1	949.0	n/a	n/a	n/a	n/a
37.86	0.0	trigger_11	11	n/a	n/a	n/a	n/a	n/a	n/a	n/a
37.876	0.0	trigger_10	10	n/a	n/a	n/a	n/a	n/a	n/a	n/a
37.895	0.016	saccade	n/a	506.5	184.7	n/a	545.9	182.1	1.58	135.0
37.913	0.222	fixation	n/a	543.2	182.4	940.0	n/a	n/a	n/a	n/a
38.137	0.054	saccade	n/a	545.2	184.8	n/a	125.8	240.6	16.63	510.0
38.193	0.134	fixation	n/a	137.5	242.5	944.0	n/a	n/a	n/a	n/a
38.329	0.016	saccade	n/a	136.6	242.9	n/a	101.0	240.9	1.38	116.0
38.347	0.068	fixation	n/a	106.7	243.7	938.0	n/a	n/a	n/a	n/a
38.417	0.046	saccade	n/a	110.2	244.9	n/a	132.1	233.2	0.97	116.0
38.465	0.26	fixation	n/a	130.0	243.8	901.0	n/a	n/a	n/a	n/a
38.727	0.114	saccade	n/a	132.1	243.6	n/a	187.4	244.6	2.16	418.0
38.843	0.34	fixation	n/a	187.6	252.0	902.0	n/a	n/a	n/a	n/a
39.185	0.016	saccade	n/a	190.0	257.1	n/a	181.4	228.2	1.21	124.0
39.203	0.156	fixation	n/a	186.5	231.6	872.0	n/a	n/a	n/a	n/a
39.361	0.04	saccade	n/a	186.5	231.7	n/a	129.3	69.9	6.87	297.0
39.403	0.186	fixation	n/a	133.1	75.3	830.0	n/a	n/a	n/a	n/a
39.591	0.01	saccade	n/a	133.9	75.6	n/a	120.8	64.1	0.69	74.0
39.603	0.622	fixation	n/a	123.2	70.4	916.0	n/a	n/a	n/a	n/a
40.227	0.02	saccade	n/a	117.4	70.8	n/a	179.3	58.7	2.47	177.0
40.249	0.142	fixation	n/a	182.7	57.8	1002.0	n/a	n/a	n/a	n/a
40.393	0.022	saccade	n/a	183.0	59.4	n/a	259.1	57.7	3.01	222.0
40.417	0.224	fixation	n/a	259.7	53.4	964.0	n/a	n/a	n/a	n/a
40.643	0.022	saccade	n/a	259.4	55.6	n/a	319.4	61.6	2.41	194.0
40.667	0.218	fixation	n/a	316.5	62.0	996.0	n/a	n/a	n/a	n/a
40.887	0.014	saccade	n/a	315.8	60.5	n/a	349.6	58.1	1.36	115.0
40.903	0.324	fixation	n/a	348.8	55.5	972.0	n/a	n/a	n/a	n/a
41.229	0.02	saccade	n/a	347.2	54.2	n/a	394.5	61.7	1.93	159.0
41.251	0.278	fixation	n/a	400.1	65.1	1000.0	n/a	n/a	n/a	n/a
41.531	0.018	saccade	n/a	401.7	67.2	n/a	446.9	69.4	1.82	158.0
41.551	0.452	fixation	n/a	445.8	69.7	1016.0	n/a	n/a	n/a	n/a
42.005	0.018	saccade	n/a	446.4	72.0	n/a	399.4	68.9	1.9	168.0
42.025	0.278	fixation	n/a	399.3	71.3	1028.0	n/a	n/a	n/a	n/a
42.305	0.018	saccade	n/a	398.4	73.6	n/a	442.3	73.3	1.77	144.0
42.325	0.192	fixation	n/a	440.9	71.8	1034.0	n/a	n/a	n/a	n/a
42.519	0.02	saccade	n/a	437.7	73.2	n/a	497.4	75.4	2.4	214.0
42.541	0.194	fixation	n/a	496.7	72.2	1011.0	n/a	n/a	n/a	n/a
42.737	0.02	saccade	n/a	496.9	72.6	n/a	546.1	71.7	1.97	152.0
42.759	0.078	fixation	n/a	545.0	70.0	990.0	n/a	n/a	n/a	n/a
42.839	0.02	saccade	n/a	543.2	70.3	n/a	591.6	75.2	1.93	163.0
42.861	0.144	fixation	n/a	587.6	74.2	971.0	n/a	n/a	n/a	n/a
43.007	0.016	saccade	n/a	586.5	75.1	n/a	621.5	74.9	1.38	129.0
43.025	0.14	fixation	n/a	619.3	74.5	949.0	n/a	n/a	n/a	n/a
43.167	0.068	saccade	n/a	619.3	75.1	n/a	155.2	122.9	18.34	544.0
43.237	0.124	fixation	n/a	150.5	125.0	937.0	n/a	n/a	n/a	n/a
43.363	0.02	saccade	n/a	150.9	126.9	n/a	114.8	130.0	1.41	135.0
43.385	0.2	fixation	n/a	122.7	129.1	943.0	n/a	n/a	n/a	n/a
43.587	0.018	saccade	n/a	122.5	130.6	n/a	163.7	121.0	1.65	141.0
43.607	0.25	fixation	n/a	159.4	121.5	928.0	n/a	n/a	n/a	n/a
43.859	0.02	saccade	n/a	156.7	122.2	n/a	227.5	119.4	2.8	196.0
43.881	0.304	fixation	n/a	251.5	124.4	933.0	n/a	n/a	n/a	n/a
44.187	0.018	saccade	n/a	252.4	125.1	n/a	301.4	124.7	1.96	160.0
44.207	0.16	fixation	n/a	302.6	122.6	949.0	n/a	n/a	n/a	n/a
44.369	0.022	saccade	n/a	303.1	124.3	n/a	367.3	124.9	2.58	210.0
44.393	0.192	fixation	n/a	364.1	125.0	952.0	n/a	n/a	n/a	n/a
44.587	0.012	saccade	n/a	363.7	127.4	n/a	339.5	124.3	0.98	95.0
44.601	0.288	fixation	n/a	343.7	126.5	974.0	n/a	n/a	n/a	n/a
44.891	0.02	saccade	n/a	343.6	130.4	n/a	395.9	129.0	2.11	146.0
44.913	0.292	fixation	n/a	403.6	130.0	1014.0	n/a	n/a	n/a	n/a
45.207	0.018	saccade	n/a	400.8	131.9	n/a	443.6	130.1	1.73	144.0
45.227	0.158	fixation	n/a	443.6	130.8	1004.0	n/a	n/a	n/a	n/a
45.387	0.02	saccade	n/a	442.2	131.1	n/a	491.0	130.3	1.96	157.0
45.409	0.138	fixation	n/a	491.2	129.4	998.0	n/a	n/a	n/a	n/a
45.549	0.06	saccade	n/a	491.5	130.5	n/a	129.8	181.5	14.44	518.0
45.611	0.144	fixation	n/a	125.7	183.8	978.0	n/a	n/a	n/a	n/a
45.757	0.01	saccade	n/a	124.0	185.7	n/a	107.3	186.8	0.65	68.0
45.769	0.16	fixation	n/a	111.2	186.5	957.0	n/a	n/a	n/a	n/a
45.931	0.02	saccade	n/a	111.4	188.2	n/a	171.1	179.1	2.35	195.0
45.953	0.13	fixation	n/a	176.7	181.2	936.0	n/a	n/a	n/a	n/a
46.085	0.04	saccade	n/a	180.5	184.3	n/a	140.7	171.1	1.65	166.0
46.127	0.154	fixation	n/a	145.9	180.3	924.0	n/a	n/a	n/a	n/a
46.283	0.106	saccade	n/a	147.1	180.3	n/a	179.8	183.2	1.29	429.0
46.391	0.17	fixation	n/a	177.4	188.1	897.0	n/a	n/a	n/a	n/a
46.563	0.016	saccade	n/a	178.0	189.0	n/a	215.6	185.7	1.49	116.0
46.581	0.238	fixation	n/a	213.2	184.5	899.0	n/a	n/a	n/a	n/a
46.821	0.022	saccade	n/a	212.9	185.4	n/a	283.3	189.5	2.8	195.0
46.845	0.194	fixation	n/a	293.4	188.4	904.0	n/a	n/a	n/a	n/a
47.041	0.024	saccade	n/a	295.2	192.5	n/a	370.7	192.9	3.03	218.0
47.067	0.16	fixation	n/a	376.3	191.6	920.0	n/a	n/a	n/a	n/a
47.229	0.022	saccade	n/a	376.0	192.7	n/a	450.0	191.7	2.97	206.0
47.253	0.13	fixation	n/a	457.6	189.2	915.0	n/a	n/a	n/a	n/a
47.385	0.024	saccade	n/a	457.0	188.3	n/a	529.3	188.1	2.89	202.0
47.411	0.192	fixation	n/a	531.0	188.0	911.0	n/a	n/a	n/a	n/a
47.605	0.06	saccade	n/a	531.9	188.1	n/a	141.8	241.5	15.51	518.0
47.667	0.174	fixation	n/a	138.6	244.0	902.0	n/a	n/a	n/a	n/a
47.843	0.008	saccade	n/a	140.0	245.4	n/a	127.1	241.4	0.52	66.0
47.853	0.144	fixation	n/a	128.7	242.3	896.0	n/a	n/a	n/a	n/a
47.999	0.014	saccade	n/a	129.8	243.6	n/a	101.6	242.4	1.09	97.0
48.015	0.102	fixation	n/a	108.7	244.3	886.0	n/a	n/a	n/a	n/a
48.119	0.026	saccade	n/a	111.0	246.2	n/a	213.2	248.7	3.99	245.0
48.147	0.29	fixation	n/a	217.9	253.2	897.0	n/a	n/a	n/a	n/a
48.439	0.016	saccade	n/a	217.1	256.7	n/a	189.7	249.7	1.11	108.0
48.457	0.248	fixation	n/a	195.3	251.3	891.0	n/a	n/a	n/a	n/a
48.707	0.022	saccade	n/a	193.3	250.6	n/a	260.0	252.8	2.63	203.0
48.731	0.26	fixation	n/a	260.3	252.6	900.0	n/a	n/a	n/a	n/a
48.993	0.022	saccade	n/a	259.0	253.0	n/a	327.8	253.9	2.74	202.0
49.017	0.176	fixation	n/a	330.8	252.4	908.0	n/a	n/a	n/a	n/a
49.195	0.024	saccade	n/a	330.8	253.1	n/a	410.4	254.2	3.18	193.0
49.221	0.186	fixation	n/a	414.0	253.7	908.0	n/a	n/a	n/a	n/a
49.409	0.03	saccade	n/a	412.8	254.5	n/a	522.1	252.8	4.36	235.0
49.441	0.242	fixation	n/a	526.9	253.1	870.0	n/a	n/a	n/a	n/a
49.685	0.008	saccade	n/a	527.1	255.3	n/a	514.2	254.2	0.51	65.0
49.695	0.226	fixation	n/a	515.2	256.2	822.0	n/a	n/a	n/a	n/a
49.923	0.018	saccade	n/a	515.7	257.2	n/a	560.3	257.4	1.77	133.0
49.943	0.088	fixation	n/a	565.3	253.7	805.0	n/a	n/a	n/a	n/a
50.033	0.018	saccade	n/a	566.1	256.6	n/a	601.5	257.5	1.39	116.0
50.053	0.092	fixation	n/a	599.2	258.2	810.0	n/a	n/a	n/a	n/a
50.147	0.064	saccade	n/a	599.6	258.7	n/a	173.8	299.2	16.71	516.0
50.213	0.126	fixation	n/a	166.1	299.8	831.0	n/a	n/a	n/a	n/a
50.341	0.016	saccade	n/a	164.2	299.5	n/a	127.9	300.5	1.41	115.0
50.359	0.19	fixation	n/a	135.0	300.4	821.0	n/a	n/a	n/a	n/a
50.551	0.034	saccade	n/a	134.8	300.1	n/a	289.0	306.6	6.04	338.0
50.587	0.23	fixation	n/a	291.0	306.7	857.0	n/a	n/a	n/a	n/a
50.819	0.018	saccade	n/a	291.5	308.8	n/a	260.2	308.0	1.24	104.0
50.839	0.238	fixation	n/a	267.1	309.7	868.0	n/a	n/a	n/a	n/a
51.079	0.032	saccade	n/a	267.8	309.9	n/a	364.7	309.3	3.85	185.0
51.113	0.086	fixation	n/a	364.2	308.3	875.0	n/a	n/a	n/a	n/a
51.201	0.022	saccade	n/a	364.3	309.1	n/a	419.0	311.1	2.18	172.0
51.225	0.144	fixation	n/a	418.0	308.7	872.0	n/a	n/a	n/a	n/a
51.371	0.022	saccade	n/a	418.2	309.3	n/a	484.3	308.1	2.63	160.0
51.395	0.16	fixation	n/a	502.7	308.2	847.0	n/a	n/a	n/a	n/a
51.557	0.016	saccade	n/a	504.2	312.0	n/a	543.6	311.3	1.56	126.0
51.575	0.186	fixation	n/a	545.3	310.8	829.0	n/a	n/a	n/a	n/a
51.763	0.06	saccade	n/a	547.6	312.3	n/a	176.6	368.3	14.69	464.0
51.825	0.128	fixation	n/a	171.7	368.3	844.0	n/a	n/a	n/a	n/a
51.955	0.022	saccade	n/a	172.5	369.4	n/a	117.0	365.3	2.14	163.0
51.979	0.156	fixation	n/a	129.0	368.9	843.0	n/a	n/a	n/a	n/a
52.137	0.012	saccade	n/a	129.8	370.1	n/a	107.5	364.1	0.88	85.0
52.151	0.216	fixation	n/a	112.8	365.9	824.0	n/a	n/a	n/a	n/a
52.196	0.0	trigger_11	11	n/a	n/a	n/a	n/a	n/a	n/a	n/a
52.212	0.0	trigger_10	10	n/a	n/a	n/a	n/a	n/a	n/a	n/a
52.369	0.02	saccade	n/a	114.5	366.8	n/a	174.1	366.8	2.29	190.0
52.391	0.13	fixation	n/a	175.4	367.6	830.0	n/a	n/a	n/a	n/a
52.523	0.022	saccade	n/a	175.0	368.7	n/a	238.9	372.5	2.49	193.0
52.547	0.134	fixation	n/a	239.2	370.7	859.0	n/a	n/a	n/a	n/a
52.683	0.022	saccade	n/a	239.0	373.3	n/a	303.7	368.8	2.54	192.0
52.707	0.24	fixation	n/a	305.4	368.4	890.0	n/a	n/a	n/a	n/a
52.949	0.026	saccade	n/a	304.8	370.5	n/a	398.7	367.8	3.71	220.0
52.977	0.172	fixation	n/a	403.7	367.2	880.0	n/a	n/a	n/a	n/a
53.151	0.018	saccade	n/a	403.6	368.1	n/a	448.0	367.3	1.76	141.0
53.171	0.266	fixation	n/a	446.1	365.9	860.0	n/a	n/a	n/a	n/a
53.439	0.006	saccade	n/a	447.8	362.9	n/a	460.8	365.7	0.53	71.0
53.447	0.538	fixation	n/a	459.4	368.1	863.0	n/a	n/a	n/a	n/a
53.987	0.062	saccade	n/a	458.6	370.4	n/a	195.1	118.1	14.5	387.0
54.051	0.118	fixation	n/a	170.3	100.8	827.0	n/a	n/a	n/a	n/a
54.171	0.02	saccade	n/a	170.0	97.2	n/a	132.8	71.7	1.78	160.0
54.193	0.198	fixation	n/a	140.3	74.9	804.0	n/a	n/a	n/a	n/a
54.393	0.014	saccade	n/a	139.8	74.1	n/a	127.8	59.9	0.74	83.0
54.409	0.2	fixation	n/a	132.4	61.9	825.0	n/a	n/a	n/a	n/a
54.611	0.018	saccade	n/a	132.2	62.3	n/a	182.4	56.4	1.98	164.0
54.631	0.26	fixation	n/a	183.6	55.6	866.0	n/a	n/a	n/a	n/a
54.893	0.022	saccade	n/a	184.3	58.0	n/a	247.7	55.2	2.51	182.0
54.917	0.19	fixation	n/a	254.0	54.3	908.0	n/a	n/a	n/a	n/a
55.109	0.024	saccade	n/a	251.4	55.1	n/a	338.9	54.5	3.5	246.0
55.135	0.176	fixation	n/a	345.5	57.5	950.0	n/a	n/a	n/a	n/a
55.313	0.026	saccade	n/a	342.9	60.9	n/a	433.9	72.6	3.69	243.0
55.341	0.168	fixation	n/a	433.1	72.9	966.0	n/a	n/a	n/a	n/a
55.511	0.018	saccade	n/a	432.3	74.8	n/a	487.6	76.6	2.23	184.0
55.531	0.214	fixation	n/a	488.3	77.6	966.0	n/a	n/a	n/a	n/a
55.747	0.02	saccade	n/a	488.7	79.3	n/a	538.8	75.9	2.01	176.0
55.769	0.31	fixation	n/a	537.9	77.1	950.0	n/a	n/a	n/a	n/a
56.081	0.008	saccade	n/a	535.9	77.1	n/a	547.5	72.4	0.5	63.0
56.091	0.206	fixation	n/a	548.6	72.2	934.0	n/a	n/a	n/a	n/a
56.299	0.018	saccade	n/a	547.4	72.0	n/a	592.4	76.0	1.79	160.0
56.319	0.564	fixation	n/a	586.7	76.0	962.0	n/a	n/a	n/a	n/a
56.885	0.062	saccade	n/a	584.3	75.9	n/a	164.4	124.6	16.68	431.0
56.949	0.122	fixation	n/a	176.9	125.6	992.0	n/a	n/a	n/a	n/a
57.073	0.022	saccade	n/a	178.9	124.8	n/a	112.4	130.4	2.61	206.0
57.097	0.264	fixation	n/a	127.3	131.8	979.0	n/a	n/a	n/a	n/a
57.363	0.022	saccade	n/a	128.9	132.9	n/a	187.8	123.4	2.34	172.0
57.387	0.156	fixation	n/a	183.2	123.2	976.0	n/a	n/a	n/a	n/a
57.545	0.026	saccade	n/a	183.6	123.5	n/a	287.7	129.6	4.14	298.0
57.573	0.124	fixation	n/a	280.0	127.9	992.0	n/a	n/a	n/a	n/a
57.699	0.09	saccade	n/a	281.6	130.8	n/a	333.7	130.9	2.09	429.0
57.791	0.152	fixation	n/a	333.8	136.0	1007.0	n/a	n/a	n/a	n/a
57.945	0.022	saccade	n/a	333.2	140.8	n/a	391.3	137.2	2.34	175.0
57.969	0.528	fixation	n/a	384.8	136.0	942.0	n/a	n/a	n/a	n/a
58.142	0.0	trigger_11	11	n/a	n/a	n/a	n/a	n/a	n/a	n/a
58.148	0.0	trigger_12	12	n/a	n/a	n/a	n/a	n/a	n/a	n/a
58.499	0.024	saccade	n/a	383.3	135.8	n/a	461.8	132.0	3.16	192.0
58.525	0.192	fixation	n/a	472.4	130.9	904.0	n/a	n/a	n/a	n/a
58.719	0.02	saccade	n/a	471.0	133.0	n/a	525.1	131.9	2.17	152.0
58.741	0.212	fixation	n/a	524.7	129.8	899.0	n/a	n/a	n/a	n/a
58.955	0.02	saccade	n/a	523.8	131.7	n/a	470.6	129.2	2.13	176.0
58.977	0.264	fixation	n/a	469.7	129.9	902.0	n/a	n/a	n/a	n/a
59.243	0.02	saccade	n/a	468.0	130.5	n/a	410.1	127.0	2.33	175.0
59.265	0.172	fixation	n/a	419.3	130.9	918.0	n/a	n/a	n/a	n/a
59.439	0.022	saccade	n/a	417.7	131.9	n/a	482.4	130.6	2.6	177.0
59.463	0.172	fixation	n/a	483.7	131.5	938.0	n/a	n/a	n/a	n/a
59.637	0.022	saccade	n/a	482.5	130.6	n/a	546.3	134.3	2.56	200.0
59.661	0.108	fixation	n/a	539.6	134.2	941.0	n/a	n/a	n/a	n/a
59.771	0.06	saccade	n/a	540.5	133.8	n/a	162.0	62.9	15.23	401.0
59.833	0.12	fixation	n/a	175.5	66.7	903.0	n/a	n/a	n/a	n/a
59.955	0.022	saccade	n/a	176.9	68.4	n/a	120.1	65.8	2.22	177.0
59.979	0.412	fixation	n/a	129.6	68.4	894.0	n/a	n/a	n/a	n/a
60.393	0.02	saccade	n/a	128.1	69.7	n/a	189.9	58.8	2.46	179.0
60.415	0.228	fixation	n/a	198.0	56.7	939.0	n/a	n/a	n/a	n/a
60.645	0.022	saccade	n/a	199.7	56.1	n/a	263.4	53.0	2.53	180.0
60.669	0.214	fixation	n/a	258.8	52.4	940.0	n/a	n/a	n/a	n/a
60.885	0.026	saccade	n/a	259.9	54.1	n/a	147.9	67.5	4.45	317.0
60.913	0.198	fixation	n/a	154.1	71.3	980.0	n/a	n/a	n/a	n/a
61.113	0.036	saccade	n/a	153.3	74.2	n/a	298.1	68.3	5.73	302.0
61.151	0.208	fixation	n/a	297.0	69.8	1031.0	n/a	n/a	n/a	n/a
61.358	0.0	trigger_13	13	n/a	n/a	n/a	n/a	n/a	n/a	n/a
61.361	0.022	saccade	n/a	298.0	70.7	n/a	365.3	73.0	2.7	197.0
61.376	0.0	trigger_10	10	n/a	n/a	n/a	n/a	n/a	n/a	n/a
61.385	0.162	fixation	n/a	361.7	70.4	1020.0	n/a	n/a	n/a	n/a
61.549	0.022	saccade	n/a	362.5	70.6	n/a	434.2	75.9	2.9	209.0
61.573	0.18	fixation	n/a	431.2	74.6	1005.0	n/a	n/a	n/a	n/a
61.755	0.02	saccade	n/a	431.3	76.8	n/a	476.5	75.3	1.82	139.0
61.777	0.186	fixation	n/a	481.5	75.2	993.0	n/a	n/a	n/a	n/a
61.965	0.02	saccade	n/a	481.6	75.2	n/a	536.9	72.9	2.21	169.0
61.987	0.21	fixation	n/a	531.2	71.6	990.0	n/a	n/a	n/a	n/a
62.199	0.054	saccade	n/a	532.2	72.4	n/a	113.2	122.7	16.62	523.0
62.255	0.362	fixation	n/a	127.8	123.2	990.0	n/a	n/a	n/a	n/a
62.619	0.068	saccade	n/a	132.8	123.4	n/a	282.4	278.9	8.58	290.0
62.689	0.04	fixation	n/a	288.0	285.8	1039.0	n/a	n/a	n/a	n/a
62.731	0.056	saccade	n/a	289.3	287.3	n/a	540.1	475.9	12.27	505.0
62.789	0.094	fixation	n/a	550.2	485.6	1041.0	n/a	n/a	n/a	n/a
62.885	0.022	saccade	n/a	550.8	487.6	n/a	614.1	520.7	2.72	243.0
62.909	0.19	fixation	n/a	601.8	515.0	1009.0	n/a	n/a	n/a	n/a
63.101	0.098	saccade	n/a	604.8	515.3	n/a	149.9	68.6	24.64	559.0
63.201	0.09	fixation	n/a	159.3	68.1	804.0	n/a	n/a	n/a	n/a
63.293	0.022	saccade	n/a	161.7	67.5	n/a	142.6	52.5	0.96	138.0
63.317	0.274	fixation	n/a	143.8	55.6	778.0	n/a	n/a	n/a	n/a
63.593	0.02	saccade	n/a	145.4	58.4	n/a	123.2	63.6	0.89	107.0
63.615	0.172	fixation	n/a	128.1	65.0	861.0	n/a	n/a	n/a	n/a
63.789	0.022	saccade	n/a	126.6	66.0	n/a	193.8	55.8	2.67	198.0
63.813	0.156	fixation	n/a	188.8	54.8	941.0	n/a	n/a	n/a	n/a
63.971	0.024	saccade	n/a	188.7	55.3	n/a	264.8	54.2	3.01	226.0
63.997	0.262	fixation	n/a	257.0	52.9	969.0	n/a	n/a	n/a	n/a
64.261	0.016	saccade	n/a	255.3	53.3	n/a	286.8	56.4	1.26	120.0
64.279	0.096	fixation	n/a	282.6	55.0	1015.0	n/a	n/a	n/a	n/a
64.377	0.11	saccade	n/a	284.8	58.2	n/a	333.4	59.9	1.95	713.0
64.421	0.002	blink	n/a	n/a	n/a	n/a	n/a	n/a	n/a	n/a
64.489	0.158	fixation	n/a	333.1	65.8	1049.0	n/a	n/a	n/a	n/a
64.649	0.022	saccade	n/a	331.0	68.4	n/a	405.3	75.9	3.01	220.0
64.673	0.266	fixation	n/a	403.8	77.6	1054.0	n/a	n/a	n/a	n/a
64.941	0.018	saccade	n/a	403.3	79.9	n/a	446.5	77.4	1.74	130.0
64.961	0.188	fixation	n/a	449.9	74.9	1020.0	n/a	n/a	n/a	n/a
65.151	0.012	saccade	n/a	448.8	73.1	n/a	429.1	76.0	0.8	85.0
65.165	0.396	fixation	n/a	435.9	76.4	1026.0	n/a	n/a	n/a	n/a
65.563	0.028	saccade	n/a	433.7	76.6	n/a	526.8	74.3	3.74	234.0
65.593	0.196	fixation	n/a	524.5	71.8	1030.0	n/a	n/a	n/a	n/a
65.791	0.062	saccade	n/a	524.1	69.5	n/a	159.6	121.1	14.59	501.0
65.855	0.148	fixation	n/a	153.6	122.5	1037.0	n/a	n/a	n/a	n/a
66.005	0.02	saccade	n/a	156.2	123.2	n/a	106.9	125.5	1.92	163.0
66.027	0.224	fixation	n/a	114.9	125.1	1036.0	n/a	n/a	n/a	n/a
66.253	0.024	saccade	n/a	116.1	125.7	n/a	187.8	114.6	2.84	183.0
66.279	0.222	fixation	n/a	188.3	114.2	1013.0	n/a	n/a	n/a	n/a
66.503	0.024	saccade	n/a	187.8	114.7	n/a	259.9	119.1	2.86	204.0
66.529	0.154	fixation	n/a	254.1	118.5	1033.0	n/a	n/a	n/a	n/a
66.566	0.0	trigger_11	11	n/a	n/a	n/a	n/a	n/a	n/a	n/a
66.578	0.0	trigger_10	10	n/a	n/a	n/a	n/a	n/a	n/a	n/a
66.685	0.022	saccade	n/a	252.6	118.9	n/a	323.9	121.8	2.85	218.0
66.709	0.16	fixation	n/a	328.7	121.5	1072.0	n/a	n/a	n/a	n/a
66.871	0.026	saccade	n/a	329.7	122.8	n/a	403.4	123.4	2.97	155.0
66.899	0.218	fixation	n/a	406.2	124.6	1044.0	n/a	n/a	n/a	n/a
67.119	0.028	saccade	n/a	407.8	128.2	n/a	495.3	122.5	3.53	201.0
67.149	0.202	fixation	n/a	495.9	122.1	1033.0	n/a	n/a	n/a	n/a
67.353	0.022	saccade	n/a	495.2	124.1	n/a	554.6	120.8	2.38	173.0
67.377	0.23	fixation	n/a	552.3	123.8	992.0	n/a	n/a	n/a	n/a
67.609	0.008	saccade	n/a	552.9	128.2	n/a	567.7	128.0	0.59	69.0
67.619	0.206	fixation	n/a	569.1	125.8	961.0	n/a	n/a	n/a	n/a
67.827	0.056	saccade	n/a	569.7	126.4	n/a	168.0	64.7	16.04	465.0
67.885	0.424	fixation	n/a	178.7	74.2	910.0	n/a	n/a	n/a	n/a
68.311	0.022	saccade	n/a	178.3	79.7	n/a	119.2	68.6	2.35	181.0
68.335	0.476	fixation	n/a	122.2	69.1	927.0	n/a	n/a	n/a	n/a
68.813	0.008	saccade	n/a	120.3	67.4	n/a	128.0	63.7	0.33	42.0
68.823	0.076	fixation	n/a	130.1	66.1	951.0	n/a	n/a	n/a	n/a
68.901	0.024	saccade	n/a	129.2	67.1	n/a	197.2	55.5	2.71	192.0
68.927	0.348	fixation	n/a	192.5	55.8	958.0	n/a	n/a	n/a	n/a
69.277	0.024	saccade	n/a	193.2	55.4	n/a	265.5	52.0	2.87	199.0
69.303	0.456	fixation	n/a	264.5	50.6	969.0	n/a	n/a	n/a	n/a
69.761	0.02	saccade	n/a	266.7	53.7	n/a	334.7	62.7	2.75	218.0
69.783	0.256	fixation	n/a	341.4	64.0	1010.0	n/a	n/a	n/a	n/a
70.041	0.008	saccade	n/a	341.6	66.5	n/a	357.6	65.3	0.65	81.0
70.051	0.18	fixation	n/a	358.1	66.1	1032.0	n/a	n/a	n/a	n/a
70.233	0.01	saccade	n/a	355.9	66.9	n/a	338.2	60.5	0.76	85.0
70.245	0.466	fixation	n/a	344.5	66.7	1036.0	n/a	n/a	n/a	n/a
70.713	0.018	saccade	n/a	341.6	69.5	n/a	385.8	73.9	1.79	151.0
70.733	0.284	fixation	n/a	389.4	72.2	1043.0	n/a	n/a	n/a	n/a
71.019	0.018	saccade	n/a	388.3	71.7	n/a	433.1	73.6	1.81	150.0
71.039	0.352	fixation	n/a	432.8	71.5	1014.0	n/a	n/a	n/a	n/a
71.393	0.016	saccade	n/a	434.5	69.4	n/a	404.2	66.2	1.23	104.0
71.411	0.152	fixation	n/a	409.8	67.8	989.0	n/a	n/a	n/a	n/a
71.565	0.018	saccade	n/a	411.3	71.1	n/a	455.1	71.2	1.76	120.0
71.585	0.21	fixation	n/a	458.4	72.2	991.0	n/a	n/a	n/a	n/a
71.797	0.012	saccade	n/a	457.2	72.5	n/a	435.1	68.5	0.9	86.0
71.811	0.226	fixation	n/a	440.1	70.5	977.0	n/a	n/a	n/a	n/a
72.039	0.014	saccade	n/a	442.4	70.2	n/a	420.2	68.4	0.9	94.0
72.055	0.306	fixation	n/a	424.5	69.4	1004.0	n/a	n/a	n/a	n/a
72.363	0.064	saccade	n/a	424.6	70.8	n/a	377.0	533.0	18.15	483.0
72.429	0.106	fixation	n/a	371.9	519.3	1098.0	n/a	n/a	n/a	n/a
72.537	0.018	saccade	n/a	369.6	521.7	n/a	415.7	508.2	1.85	161.0
72.557	0.13	fixation	n/a	412.7	511.2	1097.0	n/a	n/a	n/a	n/a
72.689	0.024	saccade	n/a	413.1	512.5	n/a	508.2	515.3	3.67	247.0
72.715	0.106	fixation	n/a	509.8	511.7	1001.0	n/a	n/a	n/a	n/a
72.823	0.056	saccade	n/a	511.7	513.6	n/a	462.4	105.6	16.09	465.0
72.881	0.072	fixation	n/a	458.3	86.1	866.0	n/a	n/a	n/a	n/a
72.955	0.03	saccade	n/a	457.6	85.0	n/a	450.9	50.4	1.44	202.0
72.958	0.0	trigger_11	11	n/a	n/a	n/a	n/a	n/a	n/a	n/a
72.974	0.0	trigger_12	12	n/a	n/a	n/a	n/a	n/a	n/a	n/a
72.987	0.224	fixation	n/a	449.7	44.9	788.0	n/a	n/a	n/a	n/a
73.213	0.022	saccade	n/a	450.5	47.3	n/a	518.4	61.0	2.78	204.0
73.237	0.244	fixation	n/a	517.8	66.5	836.0	n/a	n/a	n/a	n/a
73.483	0.022	saccade	n/a	517.7	71.9	n/a	447.0	67.0	2.84	254.0
73.507	0.082	fixation	n/a	454.5	70.1	902.0	n/a	n/a	n/a	n/a
73.591	0.028	saccade	n/a	453.9	70.9	n/a	554.5	75.7	4.03	268.0
73.621	0.238	fixation	n/a	544.4	74.3	947.0	n/a	n/a	n/a	n/a
73.861	0.064	saccade	n/a	544.8	77.6	n/a	144.0	123.3	15.92	532.0
73.927	0.14	fixation	n/a	135.2	124.0	956.0	n/a	n/a	n/a	n/a
74.069	0.018	saccade	n/a	134.6	123.0	n/a	98.4	127.8	1.42	125.0
74.089	0.226	fixation	n/a	105.8	128.0	945.0	n/a	n/a	n/a	n/a
74.317	0.12	saccade	n/a	102.9	131.0	n/a	433.0	516.8	19.67	330.0
74.439	0.184	fixation	n/a	440.6	519.3	986.0	n/a	n/a	n/a	n/a
74.625	0.026	saccade	n/a	440.3	520.4	n/a	556.2	525.5	4.45	297.0
74.653	0.18	fixation	n/a	559.4	525.8	940.0	n/a	n/a	n/a	n/a
74.835	0.078	saccade	n/a	560.5	525.3	n/a	153.1	72.0	23.58	543.0
74.915	0.124	fixation	n/a	156.6	76.0	803.0	n/a	n/a	n/a	n/a
75.041	0.018	saccade	n/a	158.8	77.8	n/a	120.3	60.8	1.65	144.0
75.061	0.244	fixation	n/a	127.9	65.1	788.0	n/a	n/a	n/a	n/a
75.307	0.022	saccade	n/a	127.8	67.8	n/a	192.7	50.9	2.63	191.0
75.331	0.152	fixation	n/a	202.2	51.4	842.0	n/a	n/a	n/a	n/a
75.485	0.024	saccade	n/a	202.4	51.8	n/a	279.3	46.1	3.07	212.0
75.511	0.19	fixation	n/a	273.6	46.4	885.0	n/a	n/a	n/a	n/a
75.703	0.026	saccade	n/a	273.8	48.4	n/a	377.4	56.2	4.17	266.0
75.731	0.418	fixation	n/a	386.3	62.5	949.0	n/a	n/a	n/a	n/a
76.134	0.0	trigger_13	13	n/a	n/a	n/a	n/a	n/a	n/a	n/a
76.142	0.0	trigger_10	10	n/a	n/a	n/a	n/a	n/a	n/a	n/a
76.151	0.022	saccade	n/a	390.9	68.4	n/a	457.4	70.0	2.68	198.0
76.175	0.53	fixation	n/a	455.7	71.2	1015.0	n/a	n/a	n/a	n/a
76.707	0.012	saccade	n/a	453.0	74.9	n/a	433.8	71.6	0.78	79.0
76.721	0.29	fixation	n/a	439.0	74.8	1052.0	n/a	n/a	n/a	n/a
77.013	0.004	saccade	n/a	440.1	77.8	n/a	445.9	75.5	0.25	53.0
77.019	0.02	fixation	n/a	449.1	74.7	1070.0	n/a	n/a	n/a	n/a
77.041	0.01	saccade	n/a	454.9	74.0	n/a	473.6	75.7	0.75	80.0
77.053	0.37	fixation	n/a	474.7	79.6	1073.0	n/a	n/a	n/a	n/a
77.425	0.01	saccade	n/a	475.6	81.5	n/a	494.5	78.8	0.77	78.0
77.437	0.108	fixation	n/a	495.3	78.0	1022.0	n/a	n/a	n/a	n/a
77.547	0.044	saccade	n/a	495.2	78.5	n/a	240.5	53.8	10.24	450.0
77.593	0.126	fixation	n/a	253.3	56.7	982.0	n/a	n/a	n/a	n/a
77.721	0.026	saccade	n/a	255.9	57.8	n/a	149.6	66.7	4.21	338.0
77.749	0.136	fixation	n/a	159.4	67.5	978.0	n/a	n/a	n/a	n/a
77.887	0.022	saccade	n/a	159.3	68.4	n/a	114.2	67.9	1.76	159.0
77.911	0.428	fixation	n/a	124.3	69.7	984.0	n/a	n/a	n/a	n/a
78.341	0.004	saccade	n/a	121.3	71.5	n/a	115.0	70.1	0.25	49.0
78.347	0.158	fixation	n/a	118.3	69.8	1007.0	n/a	n/a	n/a	n/a
78.507	0.018	saccade	n/a	117.9	68.8	n/a	162.4	59.0	1.78	149.0
78.527	0.202	fixation	n/a	161.1	61.2	987.0	n/a	n/a	n/a	n/a
78.731	0.026	saccade	n/a	161.6	63.5	n/a	251.7	57.2	3.57	246.0
78.759	0.108	fixation	n/a	254.9	55.2	969.0	n/a	n/a	n/a	n/a
78.869	0.024	saccade	n/a	253.3	56.0	n/a	344.8	68.1	3.69	296.0
78.895	0.234	fixation	n/a	338.3	64.9	1009.0	n/a	n/a	n/a	n/a
79.131	0.02	saccade	n/a	337.7	66.8	n/a	387.5	73.7	2.02	170.0
79.153	0.192	fixation	n/a	385.1	73.1	1020.0	n/a	n/a	n/a	n/a
79.347	0.022	saccade	n/a	384.8	73.7	n/a	444.7	74.7	2.42	172.0
79.371	0.314	fixation	n/a	447.1	73.4	1032.0	n/a	n/a	n/a	n/a
79.687	0.094	saccade	n/a	451.8	77.1	n/a	515.6	69.8	2.57	598.0
79.783	0.17	fixation	n/a	518.2	79.7	1002.0	n/a	n/a	n/a	n/a
79.955	0.016	saccade	n/a	518.9	81.6	n/a	551.0	74.1	1.32	108.0
79.973	0.27	fixation	n/a	550.9	74.8	984.0	n/a	n/a	n/a	n/a
80.245	0.01	saccade	n/a	552.2	77.6	n/a	571.1	73.3	0.77	82.0
80.257	0.342	fixation	n/a	573.8	75.7	973.0	n/a	n/a	n/a	n/a
80.601	0.012	saccade	n/a	574.0	78.8	n/a	595.4	75.3	0.86	75.0
80.615	0.238	fixation	n/a	595.2	76.9	975.0	n/a	n/a	n/a	n/a
80.855	0.068	saccade	n/a	595.3	77.4	n/a	152.7	130.1	17.52	517.0
80.925	0.102	fixation	n/a	146.0	132.1	959.0	n/a	n/a	n/a	n/a
81.029	0.022	saccade	n/a	145.9	132.2	n/a	104.9	131.5	1.59	158.0
81.053	0.196	fixation	n/a	112.1	130.9	947.0	n/a	n/a	n/a	n/a
81.251	0.02	saccade	n/a	112.5	132.1	n/a	167.0	121.7	2.17	174.0
81.273	0.196	fixation	n/a	162.8	123.4	956.0	n/a	n/a	n/a	n/a
81.471	0.028	saccade	n/a	162.6	125.5	n/a	271.5	124.0	4.31	268.0
81.501	0.218	fixation	n/a	266.3	124.6	976.0	n/a	n/a	n/a	n/a
81.721	0.02	saccade	n/a	263.5	126.1	n/a	327.0	128.0	2.55	208.0
81.743	0.266	fixation	n/a	323.9	129.8	997.0	n/a	n/a	n/a	n/a
82.011	0.018	saccade	n/a	322.7	131.7	n/a	377.8	130.7	2.22	158.0
82.031	0.298	fixation	n/a	383.3	130.0	981.0	n/a	n/a	n/a	n/a
82.331	0.016	saccade	n/a	385.8	129.2	n/a	353.2	124.6	1.33	119.0
82.349	0.34	fixation	n/a	363.2	128.4	969.0	n/a	n/a	n/a	n/a
82.691	0.02	saccade	n/a	362.9	129.5	n/a	411.7	133.3	1.97	168.0
82.713	0.188	fixation	n/a	411.8	133.1	1003.0	n/a	n/a	n/a	n/a
82.856	0.0	trigger_11	11	n/a	n/a	n/a	n/a	n/a	n/a	n/a
82.87	0.0	trigger_10	10	n/a	n/a	n/a	n/a	n/a	n/a	n/a
82.903	0.018	saccade	n/a	411.4	135.7	n/a	457.4	127.1	1.88	143.0
82.923	0.166	fixation	n/a	456.0	128.3	1019.0	n/a	n/a	n/a	n/a
83.091	0.026	saccade	n/a	455.4	130.7	n/a	536.6	126.5	3.25	206.0
83.119	0.188	fixation	n/a	536.5	126.2	1021.0	n/a	n/a	n/a	n/a
83.309	0.064	saccade	n/a	536.2	128.4	n/a	169.3	178.0	14.67	494.0
83.375	0.11	fixation	n/a	159.8	177.7	1001.0	n/a	n/a	n/a	n/a
83.487	0.022	saccade	n/a	158.3	177.7	n/a	100.0	185.0	2.28	174.0
83.511	0.336	fixation	n/a	112.0	182.8	950.0	n/a	n/a	n/a	n/a
83.849	0.024	saccade	n/a	110.2	182.0	n/a	194.3	176.3	3.29	253.0
83.875	0.282	fixation	n/a	200.0	174.4	892.0	n/a	n/a	n/a	n/a
84.159	0.022	saccade	n/a	198.7	175.2	n/a	267.5	184.3	2.75	232.0
84.183	0.306	fixation	n/a	270.5	183.7	932.0	n/a	n/a	n/a	n/a
84.491	0.024	saccade	n/a	272.0	185.5	n/a	247.5	107.9	3.3	218.0
84.517	0.076	fixation	n/a	254.8	89.4	886.0	n/a	n/a	n/a	n/a
84.595	0.018	saccade	n/a	257.1	88.8	n/a	231.0	48.2	1.95	165.0
84.615	0.118	fixation	n/a	237.2	58.2	884.0	n/a	n/a	n/a	n/a
84.735	0.026	saccade	n/a	237.2	59.2	n/a	120.9	63.4	4.56	296.0
84.763	0.438	fixation	n/a	122.4	67.3	916.0	n/a	n/a	n/a	n/a
85.203	0.022	saccade	n/a	117.9	71.4	n/a	181.4	62.1	2.51	192.0
85.227	0.206	fixation	n/a	177.0	60.4	946.0	n/a	n/a	n/a	n/a
85.435	0.022	saccade	n/a	176.3	61.1	n/a	242.0	52.4	2.63	192.0
85.459	0.14	fixation	n/a	237.5	53.6	938.0	n/a	n/a	n/a	n/a
85.601	0.022	saccade	n/a	237.6	54.2	n/a	298.8	52.4	2.44	166.0
85.625	0.198	fixation	n/a	305.1	53.8	965.0	n/a	n/a	n/a	n/a
85.825	0.018	saccade	n/a	306.9	55.3	n/a	272.4	49.4	1.4	126.0
85.845	0.126	fixation	n/a	279.6	52.2	983.0	n/a	n/a	n/a	n/a
85.973	0.02	saccade	n/a	281.2	53.6	n/a	234.1	57.9	1.88	152.0
85.995	0.228	fixation	n/a	243.7	59.7	1007.0	n/a	n/a	n/a	n/a
86.225	0.018	saccade	n/a	245.4	62.8	n/a	285.9	59.9	1.62	131.0
86.245	0.226	fixation	n/a	282.0	62.1	1059.0	n/a	n/a	n/a	n/a
86.473	0.02	saccade	n/a	282.1	63.9	n/a	341.4	69.2	2.39	186.0
86.495	0.194	fixation	n/a	346.3	68.6	1100.0	n/a	n/a	n/a	n/a
86.691	0.02	saccade	n/a	344.5	71.8	n/a	406.6	77.2	2.51	208.0
86.713	0.254	fixation	n/a	404.9	78.5	1120.0	n/a	n/a	n/a	n/a
86.969	0.014	saccade	n/a	403.5	79.0	n/a	380.1	73.3	0.97	99.0
86.985	0.232	fixation	n/a	387.6	74.0	1069.0	n/a	n/a	n/a	n/a
87.024	0.0	trigger_11	11	n/a	n/a	n/a	n/a	n/a	n/a	n/a
87.04	0.0	trigger_10	10	n/a	n/a	n/a	n/a	n/a	n/a	n/a
87.219	0.018	saccade	n/a	387.3	72.3	n/a	429.0	74.2	1.68	147.0
87.239	0.154	fixation	n/a	424.5	74.8	1054.0	n/a	n/a	n/a	n/a
87.395	0.016	saccade	n/a	422.3	74.0	n/a	454.7	71.5	1.31	106.0
87.413	0.244	fixation	n/a	450.1	72.1	1059.0	n/a	n/a	n/a	n/a
87.659	0.06	saccade	n/a	451.3	73.7	n/a	130.5	120.0	12.82	479.0
87.721	0.128	fixation	n/a	123.1	121.8	1039.0	n/a	n/a	n/a	n/a
87.851	0.014	saccade	n/a	121.7	119.9	n/a	96.2	129.1	1.05	100.0
87.867	0.27	fixation	n/a	103.0	126.9	1014.0	n/a	n/a	n/a	n/a
88.139	0.03	saccade	n/a	103.2	127.5	n/a	126.9	74.8	2.3	95.0
88.171	0.182	fixation	n/a	145.1	67.2	963.0	n/a	n/a	n/a	n/a
88.355	0.02	saccade	n/a	148.1	68.1	n/a	113.7	69.2	1.34	130.0
88.377	0.42	fixation	n/a	122.4	72.7	971.0	n/a	n/a	n/a	n/a
88.799	0.008	saccade	n/a	120.2	77.0	n/a	110.3	73.1	0.41	51.0
88.809	0.444	fixation	n/a	111.9	76.7	974.0	n/a	n/a	n/a	n/a
89.255	0.018	saccade	n/a	110.5	79.3	n/a	153.4	68.9	1.72	145.0
89.275	0.2	fixation	n/a	154.0	67.3	1025.0	n/a	n/a	n/a	n/a
89.477	0.126	saccade	n/a	158.1	68.4	n/a	154.3	65.6	0.19	403.0
89.605	0.1	fixation	n/a	153.8	70.1	999.0	n/a	n/a	n/a	n/a
89.707	0.018	saccade	n/a	153.4	72.2	n/a	193.7	65.4	1.61	131.0
89.727	0.184	fixation	n/a	192.4	66.4	995.0	n/a	n/a	n/a	n/a
89.913	0.02	saccade	n/a	193.9	67.7	n/a	249.1	60.7	2.21	170.0
89.935	0.196	fixation	n/a	253.3	59.0	947.0	n/a	n/a	n/a	n/a
90.133	0.018	saccade	n/a	252.6	58.7	n/a	303.5	59.2	2.04	159.0
90.153	0.302	fixation	n/a	307.1	57.6	931.0	n/a	n/a	n/a	n/a
90.457	0.02	saccade	n/a	306.5	56.4	n/a	355.5	60.1	1.97	150.0
90.479	0.248	fixation	n/a	354.5	59.0	936.0	n/a	n/a	n/a	n/a
90.729	0.024	saccade	n/a	351.7	56.9	n/a	427.4	68.1	3.08	210.0
90.755	0.248	fixation	n/a	428.7	65.3	910.0	n/a	n/a	n/a	n/a
91.005	0.016	saccade	n/a	428.1	68.1	n/a	458.3	63.9	1.23	91.0
91.023	0.216	fixation	n/a	464.3	64.4	900.0	n/a	n/a	n/a	n/a
91.241	0.018	saccade	n/a	464.2	65.0	n/a	425.0	62.3	1.58	138.0
91.261	0.392	fixation	n/a	431.9	67.5	877.0	n/a	n/a	n/a	n/a
91.655	0.018	saccade	n/a	429.1	70.6	n/a	469.3	68.6	1.62	118.0
91.675	0.28	fixation	n/a	476.8	70.8	915.0	n/a	n/a	n/a	n/a
91.957	0.018	saccade	n/a	479.3	71.5	n/a	438.3	63.0	1.69	139.0
91.977	0.23	fixation	n/a	445.0	64.5	883.0	n/a	n/a	n/a	n/a
92.209	0.018	saccade	n/a	443.7	64.6	n/a	488.8	67.2	1.81	148.0
92.229	0.344	fixation	n/a	485.7	68.0	898.0	n/a	n/a	n/a	n/a
92.575	0.018	saccade	n/a	484.9	70.5	n/a	530.4	70.1	1.82	152.0
92.595	0.172	fixation	n/a	529.8	70.7	938.0	n/a	n/a	n/a	n/a
92.769	0.008	saccade	n/a	529.4	70.6	n/a	546.3	71.5	0.68	85.0
92.779	0.128	fixation	n/a	547.2	71.6	953.0	n/a	n/a	n/a	n/a
92.909	0.064	saccade	n/a	547.8	69.7	n/a	143.0	120.7	16.1	526.0
92.975	0.114	fixation	n/a	138.7	122.9	973.0	n/a	n/a	n/a	n/a
93.091	0.016	saccade	n/a	137.3	123.1	n/a	106.0	124.7	1.21	103.0
93.109	0.218	fixation	n/a	115.7	125.9	966.0	n/a	n/a	n/a	n/a
93.329	0.024	saccade	n/a	115.3	127.5	n/a	180.5	117.4	2.58	186.0
93.355	0.304	fixation	n/a	179.2	118.5	934.0	n/a	n/a	n/a	n/a
93.661	0.022	saccade	n/a	180.3	118.7	n/a	251.2	117.2	2.81	207.0
93.685	0.362	fixation	n/a	249.3	119.7	966.0	n/a	n/a	n/a	n/a
94.049	0.016	saccade	n/a	251.2	123.7	n/a	283.0	124.2	1.27	117.0
94.067	0.288	fixation	n/a	275.7	121.8	953.0	n/a	n/a	n/a	n/a
94.357	0.018	saccade	n/a	273.8	121.2	n/a	327.9	123.3	2.17	185.0
94.377	0.284	fixation	n/a	333.2	126.9	947.0	n/a	n/a	n/a	n/a
94.663	0.022	saccade	n/a	333.4	128.8	n/a	389.9	127.7	2.27	147.0
94.687	0.188	fixation	n/a	393.1	129.5	925.0	n/a	n/a	n/a	n/a
94.877	0.024	saccade	n/a	393.9	130.9	n/a	470.4	132.1	3.08	218.0
94.903	0.264	fixation	n/a	470.3	127.7	930.0	n/a	n/a	n/a	n/a
95.169	0.026	saccade	n/a	469.7	127.9	n/a	548.9	127.5	3.17	204.0
95.197	0.302	fixation	n/a	546.0	126.4	940.0	n/a	n/a	n/a	n/a
95.501	0.054	saccade	n/a	550.3	130.7	n/a	144.5	176.4	16.11	466.0
95.557	0.13	fixation	n/a	155.8	176.4	909.0	n/a	n/a	n/a	n/a
95.689	0.022	saccade	n/a	154.4	175.8	n/a	104.5	176.2	1.94	155.0
95.713	0.524	fixation	n/a	113.5	178.0	892.0	n/a	n/a	n/a	n/a
96.239	0.024	saccade	n/a	110.0	181.0	n/a	187.2	174.4	3.02	224.0
96.265	0.144	fixation	n/a	190.2	174.9	896.0	n/a	n/a	n/a	n/a
96.411	0.022	saccade	n/a	190.1	175.7	n/a	259.6	183.8	2.77	204.0
96.435	0.186	fixation	n/a	262.7	183.7	917.0	n/a	n/a	n/a	n/a
96.568	0.0	trigger_11	11	n/a	n/a	n/a	n/a	n/a	n/a	n/a
96.584	0.0	trigger_10	10	n/a	n/a	n/a	n/a	n/a	n/a	n/a
96.623	0.03	saccade	n/a	263.0	183.4	n/a	374.9	185.0	4.48	229.0
96.655	0.314	fixation	n/a	379.1	187.8	914.0	n/a	n/a	n/a	n/a
96.971	0.022	saccade	n/a	379.7	191.2	n/a	447.2	192.4	2.71	188.0
96.995	0.38	fixation	n/a	447.6	194.7	901.0	n/a	n/a	n/a	n/a
97.377	0.016	saccade	n/a	446.1	198.3	n/a	486.6	190.0	1.66	146.0
97.395	0.314	fixation	n/a	490.7	190.2	901.0	n/a	n/a	n/a	n/a
97.711	0.022	saccade	n/a	489.8	190.7	n/a	548.4	190.7	2.34	166.0
97.735	0.13	fixation	n/a	546.0	189.7	895.0	n/a	n/a	n/a	n/a
97.867	0.068	saccade	n/a	546.7	189.6	n/a	130.2	228.4	16.44	500.0
97.937	0.156	fixation	n/a	122.7	230.8	855.0	n/a	n/a	n/a	n/a
98.095	0.014	saccade	n/a	121.7	231.4	n/a	97.7	242.9	1.03	103.0
98.111	0.142	fixation	n/a	102.8	242.2	854.0	n/a	n/a	n/a	n/a
98.255	0.032	saccade	n/a	105.1	241.3	n/a	121.5	96.4	5.82	322.0
98.289	0.19	fixation	n/a	136.1	70.8	833.0	n/a	n/a	n/a	n/a
98.481	0.02	saccade	n/a	140.0	72.8	n/a	121.0	65.3	0.8	105.0
98.503	0.414	fixation	n/a	124.8	70.4	852.0	n/a	n/a	n/a	n/a
98.919	0.028	saccade	n/a	124.4	70.5	n/a	231.4	56.8	4.24	278.0
98.949	0.176	fixation	n/a	237.2	55.6	907.0	n/a	n/a	n/a	n/a
99.127	0.024	saccade	n/a	238.8	57.0	n/a	326.3	52.5	3.5	252.0
99.153	0.284	fixation	n/a	327.1	52.4	913.0	n/a	n/a	n/a	n/a
99.439	0.024	saccade	n/a	329.2	54.0	n/a	420.4	66.0	3.7	257.0
99.465	0.174	fixation	n/a	416.9	66.7	931.0	n/a	n/a	n/a	n/a
99.641	0.026	saccade	n/a	415.6	69.5	n/a	500.8	71.7	3.42	206.0
99.669	0.196	fixation	n/a	498.8	72.7	935.0	n/a	n/a	n/a	n/a
99.867	0.022	saccade	n/a	497.1	74.5	n/a	561.9	74.1	2.59	188.0
99.891	0.134	fixation	n/a	557.8	73.9	938.0	n/a	n/a	n/a	n/a
100.027	0.02	saccade	n/a	556.6	74.7	n/a	605.5	77.2	1.94	166.0
100.049	0.112	fixation	n/a	599.7	76.3	947.0	n/a	n/a	n/a	n/a
100.163	0.068	saccade	n/a	600.0	75.3	n/a	168.7	118.7	17.07	541.0
100.233	0.108	fixation	n/a	160.2	120.5	957.0	n/a	n/a	n/a	n/a
100.304	0.0	trigger_11	11	n/a	n/a	n/a	n/a	n/a	n/a	n/a
100.324	0.0	trigger_10	10	n/a	n/a	n/a	n/a	n/a	n/a	n/a
100.343	0.02	saccade	n/a	161.7	120.8	n/a	111.1	131.5	2.02	184.0
100.365	0.178	fixation	n/a	122.5	129.9	958.0	n/a	n/a	n/a	n/a
100.545	0.024	saccade	n/a	121.7	132.7	n/a	197.6	117.8	3.03	202.0
100.571	0.26	fixation	n/a	192.2	121.0	945.0	n/a	n/a	n/a	n/a
100.833	0.016	saccade	n/a	191.6	122.3	n/a	226.2	116.5	1.39	122.0
100.851	0.17	fixation	n/a	220.5	118.4	923.0	n/a	n/a	n/a	n/a
101.023	0.024	saccade	n/a	218.7	118.8	n/a	294.4	127.0	3.03	215.0
101.049	0.238	fixation	n/a	293.4	124.1	941.0	n/a	n/a	n/a	n/a
101.289	0.03	saccade	n/a	292.8	124.1	n/a	412.9	133.7	4.84	275.0
101.321	0.178	fixation	n/a	424.7	131.2	940.0	n/a	n/a	n/a	n/a
101.501	0.024	saccade	n/a	425.1	131.3	n/a	509.4	129.2	3.39	242.0
101.527	0.208	fixation	n/a	512.5	127.6	935.0	n/a	n/a	n/a	n/a
101.737	0.02	saccade	n/a	511.6	128.6	n/a	557.7	126.6	1.84	143.0
101.759	0.094	fixation	n/a	554.3	127.7	933.0	n/a	n/a	n/a	n/a
101.855	0.062	saccade	n/a	557.0	127.9	n/a	127.9	170.8	16.98	558.0
101.919	0.23	fixation	n/a	119.3	170.7	915.0	n/a	n/a	n/a	n/a
102.151	0.032	saccade	n/a	121.3	172.9	n/a	128.4	70.1	4.13	231.0
102.185	0.338	fixation	n/a	126.2	75.1	887.0	n/a	n/a	n/a	n/a
102.525	0.006	saccade	n/a	126.9	75.0	n/a	126.3	67.0	0.32	49.0
102.533	0.188	fixation	n/a	130.1	67.7	896.0	n/a	n/a	n/a	n/a
102.723	0.022	saccade	n/a	128.6	68.9	n/a	188.3	60.7	2.36	168.0
102.747	0.162	fixation	n/a	186.2	60.8	917.0	n/a	n/a	n/a	n/a
102.911	0.024	saccade	n/a	185.0	61.9	n/a	269.1	56.8	3.34	223.0
102.937	0.158	fixation	n/a	268.0	55.3	935.0	n/a	n/a	n/a	n/a
103.097	0.096	saccade	n/a	268.2	57.4	n/a	262.4	52.7	0.3	373.0
103.195	0.206	fixation	n/a	261.9	58.4	936.0	n/a	n/a	n/a	n/a
103.403	0.02	saccade	n/a	262.7	61.6	n/a	319.0	60.2	2.25	182.0
103.425	0.246	fixation	n/a	313.8	59.3	900.0	n/a	n/a	n/a	n/a
103.673	0.018	saccade	n/a	313.9	59.9	n/a	363.7	68.3	2.03	149.0
103.693	0.168	fixation	n/a	363.5	67.5	888.0	n/a	n/a	n/a	n/a
103.863	0.022	saccade	n/a	363.8	67.2	n/a	426.6	75.8	2.56	197.0
103.887	0.162	fixation	n/a	430.4	73.9	887.0	n/a	n/a	n/a	n/a
104.051	0.026	saccade	n/a	430.4	72.6	n/a	319.2	54.5	4.54	345.0
104.079	0.23	fixation	n/a	327.5	60.9	893.0	n/a	n/a	n/a	n/a
104.311	0.02	saccade	n/a	325.3	62.7	n/a	379.4	72.3	2.21	186.0
104.333	0.286	fixation	n/a	373.2	69.6	904.0	n/a	n/a	n/a	n/a
104.621	0.022	saccade	n/a	371.5	69.3	n/a	435.2	75.0	2.58	198.0
104.645	0.298	fixation	n/a	431.1	74.5	905.0	n/a	n/a	n/a	n/a
104.945	0.022	saccade	n/a	429.8	76.6	n/a	485.9	78.9	2.26	189.0
104.969	0.26	fixation	n/a	484.1	76.2	886.0	n/a	n/a	n/a	n/a
105.231	0.02	saccade	n/a	483.6	72.6	n/a	538.9	72.4	2.21	169.0
105.253	0.258	fixation	n/a	544.3	70.1	825.0	n/a	n/a	n/a	n/a
105.513	0.056	saccade	n/a	547.7	70.6	n/a	130.7	127.9	16.58	486.0
105.571	0.146	fixation	n/a	142.2	128.0	854.0	n/a	n/a	n/a	n/a
105.719	0.012	saccade	n/a	138.1	128.2	n/a	112.8	126.3	0.99	95.0
105.733	0.344	fixation	n/a	117.7	127.8	895.0	n/a	n/a	n/a	n/a
106.079	0.006	saccade	n/a	115.7	129.1	n/a	107.1	126.5	0.35	53.0
106.087	0.43	fixation	n/a	109.6	128.1	936.0	n/a	n/a	n/a	n/a
106.519	0.024	saccade	n/a	107.2	130.1	n/a	178.3	124.4	2.78	176.0
106.545	0.232	fixation	n/a	188.1	123.7	959.0	n/a	n/a	n/a	n/a
106.779	0.022	saccade	n/a	187.6	125.1	n/a	267.6	129.1	3.18	235.0
106.803	0.164	fixation	n/a	271.0	128.3	971.0	n/a	n/a	n/a	n/a
106.969	0.018	saccade	n/a	268.0	129.3	n/a	316.0	130.0	1.92	170.0
106.989	0.596	fixation	n/a	318.0	130.9	952.0	n/a	n/a	n/a	n/a
107.587	0.026	saccade	n/a	316.5	128.7	n/a	408.2	136.1	3.7	208.0
107.615	0.222	fixation	n/a	416.8	132.6	935.0	n/a	n/a	n/a	n/a
107.839	0.022	saccade	n/a	417.0	132.8	n/a	474.7	128.8	2.33	157.0
107.863	0.174	fixation	n/a	473.0	130.5	918.0	n/a	n/a	n/a	n/a
108.039	0.026	saccade	n/a	473.3	130.0	n/a	550.7	128.9	3.1	187.0
108.067	0.182	fixation	n/a	546.5	128.7	926.0	n/a	n/a	n/a	n/a
108.251	0.018	saccade	n/a	543.9	130.7	n/a	591.1	127.6	1.88	149.0
108.271	0.32	fixation	n/a	592.6	129.9	939.0	n/a	n/a	n/a	n/a
108.593	0.012	saccade	n/a	591.3	132.6	n/a	613.9	132.6	0.89	83.0
108.607	0.096	fixation	n/a	612.9	133.2	935.0	n/a	n/a	n/a	n/a
108.705	0.066	saccade	n/a	613.7	131.9	n/a	193.6	182.0	16.66	533.0
108.773	0.08	fixation	n/a	183.7	182.6	936.0	n/a	n/a	n/a	n/a
108.855	0.024	saccade	n/a	185.4	184.2	n/a	109.1	188.5	2.98	232.0
108.881	0.156	fixation	n/a	120.8	185.6	938.0	n/a	n/a	n/a	n/a
109.039	0.024	saccade	n/a	119.9	184.6	n/a	230.0	179.9	4.32	296.0
109.065	0.324	fixation	n/a	235.1	181.0	924.0	n/a	n/a	n/a	n/a
109.391	0.026	saccade	n/a	228.3	177.7	n/a	330.5	187.3	4.1	281.0
109.419	0.334	fixation	n/a	333.6	184.7	926.0	n/a	n/a	n/a	n/a
109.755	0.022	saccade	n/a	333.2	187.6	n/a	402.3	190.9	2.78	211.0
109.779	0.286	fixation	n/a	396.9	191.6	944.0	n/a	n/a	n/a	n/a
110.067	0.02	saccade	n/a	395.2	193.4	n/a	452.9	193.9	2.32	175.0
110.089	0.214	fixation	n/a	452.1	192.0	936.0	n/a	n/a	n/a	n/a
110.305	0.02	saccade	n/a	448.7	193.0	n/a	503.6	189.8	2.2	162.0
110.327	0.12	fixation	n/a	507.4	189.0	929.0	n/a	n/a	n/a	n/a
110.449	0.02	saccade	n/a	507.0	190.3	n/a	558.3	189.8	2.04	174.0
110.471	0.228	fixation	n/a	555.4	187.9	920.0	n/a	n/a	n/a	n/a
110.602	0.0	trigger_11	11	n/a	n/a	n/a	n/a	n/a	n/a	n/a
110.608	0.0	trigger_12	12	n/a	n/a	n/a	n/a	n/a	n/a	n/a
110.701	0.062	saccade	n/a	558.0	189.4	n/a	185.4	237.4	14.83	466.0
110.765	0.138	fixation	n/a	174.7	237.6	894.0	n/a	n/a	n/a	n/a
110.905	0.024	saccade	n/a	175.9	238.9	n/a	115.6	241.7	2.35	178.0
110.931	0.74	fixation	n/a	135.9	241.4	852.0	n/a	n/a	n/a	n/a
111.673	0.05	saccade	n/a	138.8	242.1	n/a	536.9	192.9	15.77	517.0
111.725	0.08	fixation	n/a	536.4	191.1	878.0	n/a	n/a	n/a	n/a
111.807	0.022	saccade	n/a	539.1	193.8	n/a	594.4	185.0	2.22	216.0
111.831	0.222	fixation	n/a	588.8	188.6	873.0	n/a	n/a	n/a	n/a
112.055	0.09	saccade	n/a	591.1	191.4	n/a	191.7	150.2	15.84	448.0
112.147	0.14	fixation	n/a	173.4	102.3	803.0	n/a	n/a	n/a	n/a
112.289	0.03	saccade	n/a	174.5	93.6	n/a	138.9	74.2	1.6	235.0
112.321	0.556	fixation	n/a	132.6	69.7	814.0	n/a	n/a	n/a	n/a
112.879	0.018	saccade	n/a	129.9	73.4	n/a	168.1	64.8	1.53	139.0
112.899	0.178	fixation	n/a	163.7	66.5	900.0	n/a	n/a	n/a	n/a
113.079	0.022	saccade	n/a	162.0	67.1	n/a	244.0	57.7	3.26	252.0
113.103	0.21	fixation	n/a	243.4	57.9	914.0	n/a	n/a	n/a	n/a
113.315	0.022	saccade	n/a	242.4	57.9	n/a	318.4	55.2	3.04	224.0
113.339	0.146	fixation	n/a	319.6	54.2	935.0	n/a	n/a	n/a	n/a
113.487	0.022	saccade	n/a	320.1	54.3	n/a	400.7	68.7	3.3	243.0
113.511	0.246	fixation	n/a	400.4	70.1	950.0	n/a	n/a	n/a	n/a
113.759	0.02	saccade	n/a	401.6	72.9	n/a	343.6	58.3	2.41	194.0
113.781	0.286	fixation	n/a	352.6	62.9	948.0	n/a	n/a	n/a	n/a
113.898	0.0	trigger_13	13	n/a	n/a	n/a	n/a	n/a	n/a	n/a
113.908	0.0	trigger_10	10	n/a	n/a	n/a	n/a	n/a	n/a	n/a
114.069	0.026	saccade	n/a	351.7	63.2	n/a	444.0	74.5	3.74	252.0
114.097	0.152	fixation	n/a	438.7	75.0	975.0	n/a	n/a	n/a	n/a
114.251	0.022	saccade	n/a	435.8	76.8	n/a	503.0	78.5	2.7	237.0
114.275	0.224	fixation	n/a	503.4	76.7	983.0	n/a	n/a	n/a	n/a
114.501	0.056	saccade	n/a	503.2	75.3	n/a	173.9	116.3	13.17	491.0
114.559	0.2	fixation	n/a	169.7	116.7	965.0	n/a	n/a	n/a	n/a
114.761	0.022	saccade	n/a	172.1	117.7	n/a	120.2	129.3	2.08	180.0
114.785	0.142	fixation	n/a	130.8	128.6	978.0	n/a	n/a	n/a	n/a
114.929	0.008	saccade	n/a	129.4	129.5	n/a	117.8	124.5	0.49	63.0
114.939	0.224	fixation	n/a	113.1	121.5	973.0	n/a	n/a	n/a	n/a
115.165	0.022	saccade	n/a	113.8	121.8	n/a	188.2	124.5	2.91	207.0
115.189	0.208	fixation	n/a	191.7	122.7	986.0	n/a	n/a	n/a	n/a
115.399	0.024	saccade	n/a	195.8	125.8	n/a	133.3	80.5	3.06	213.0
115.425	0.196	fixation	n/a	136.9	78.6	961.0	n/a	n/a	n/a	n/a
115.623	0.01	saccade	n/a	137.6	78.0	n/a	129.7	63.7	0.65	69.0
115.635	0.586	fixation	n/a	132.8	66.9	926.0	n/a	n/a	n/a	n/a
116.223	0.15	saccade	n/a	138.3	69.3	n/a	242.7	57.5	4.14	935.0
116.243	0.086	blink	n/a	n/a	n/a	n/a	n/a	n/a	n/a	n/a
116.375	0.276	fixation	n/a	240.6	64.8	957.0	n/a	n/a	n/a	n/a
116.653	0.022	saccade	n/a	240.2	65.4	n/a	175.1	68.3	2.58	204.0
116.677	0.148	fixation	n/a	182.6	67.7	939.0	n/a	n/a	n/a	n/a
116.827	0.034	saccade	n/a	183.4	67.9	n/a	323.2	67.5	5.56	240.0
116.863	0.136	fixation	n/a	321.8	65.3	912.0	n/a	n/a	n/a	n/a
117.001	0.034	saccade	n/a	321.0	65.4	n/a	408.8	73.9	3.55	160.0
117.037	0.204	fixation	n/a	406.3	75.7	945.0	n/a	n/a	n/a	n/a
117.243	0.032	saccade	n/a	404.3	77.8	n/a	509.6	75.8	4.23	208.0
117.277	0.206	fixation	n/a	513.5	77.4	961.0	n/a	n/a	n/a	n/a
117.485	0.01	saccade	n/a	513.2	75.6	n/a	497.1	72.7	0.66	69.0
117.497	0.138	fixation	n/a	501.1	75.0	952.0	n/a	n/a	n/a	n/a
117.637	0.02	saccade	n/a	501.4	75.1	n/a	561.1	74.4	2.38	172.0
117.659	0.16	fixation	n/a	566.2	72.9	955.0	n/a	n/a	n/a	n/a
117.821	0.014	saccade	n/a	568.2	73.5	n/a	598.5	74.9	1.2	98.0
117.837	0.22	fixation	n/a	598.4	78.8	944.0	n/a	n/a	n/a	n/a
118.059	0.02	saccade	n/a	599.6	82.0	n/a	551.6	74.4	1.93	163.0
118.081	0.232	fixation	n/a	558.9	77.5	972.0	n/a	n/a	n/a	n/a
118.315	0.018	saccade	n/a	556.6	75.9	n/a	599.4	76.4	1.7	142.0
118.335	0.32	fixation	n/a	596.0	75.3	995.0	n/a	n/a	n/a	n/a
118.657	0.02	saccade	n/a	594.7	74.6	n/a	545.2	72.0	1.97	156.0
118.679	0.186	fixation	n/a	553.1	75.3	1045.0	n/a	n/a	n/a	n/a
118.867	0.052	saccade	n/a	554.4	76.8	n/a	151.0	119.1	16.01	531.0
118.921	0.118	fixation	n/a	164.4	120.8	1057.0	n/a	n/a	n/a	n/a
119.041	0.022	saccade	n/a	165.2	120.9	n/a	120.7	133.2	1.8	182.0
119.065	0.242	fixation	n/a	132.2	133.0	1054.0	n/a	n/a	n/a	n/a
119.309	0.02	saccade	n/a	131.2	135.5	n/a	189.3	126.3	2.3	165.0
119.331	0.174	fixation	n/a	197.0	127.0	997.0	n/a	n/a	n/a	n/a
119.507	0.02	saccade	n/a	195.7	127.2	n/a	249.4	128.6	2.13	179.0
119.529	0.166	fixation	n/a	245.7	127.5	978.0	n/a	n/a	n/a	n/a
119.697	0.022	saccade	n/a	244.0	127.3	n/a	300.0	128.8	2.24	159.0
119.721	0.218	fixation	n/a	294.7	127.9	957.0	n/a	n/a	n/a	n/a
119.941	0.024	saccade	n/a	292.6	128.5	n/a	377.7	133.5	3.42	268.0
119.967	0.242	fixation	n/a	372.3	132.0	959.0	n/a	n/a	n/a	n/a
120.211	0.026	saccade	n/a	370.5	134.1	n/a	468.4	131.3	3.94	258.0
120.239	0.418	fixation	n/a	467.7	131.1	967.0	n/a	n/a	n/a	n/a
120.659	0.022	saccade	n/a	467.4	130.9	n/a	529.4	128.4	2.49	175.0
120.683	0.092	fixation	n/a	537.7	127.5	960.0	n/a	n/a	n/a	n/a
120.777	0.018	saccade	n/a	537.9	127.3	n/a	579.7	129.8	1.67	151.0
120.797	0.132	fixation	n/a	572.7	129.1	955.0	n/a	n/a	n/a	n/a
120.931	0.064	saccade	n/a	575.0	130.4	n/a	146.4	171.7	16.96	523.0
120.997	0.124	fixation	n/a	139.8	174.0	944.0	n/a	n/a	n/a	n/a
121.123	0.014	saccade	n/a	137.5	174.8	n/a	106.4	180.9	1.23	111.0
121.139	0.146	fixation	n/a	116.4	182.5	946.0	n/a	n/a	n/a	n/a
121.287	0.024	saccade	n/a	115.4	184.2	n/a	217.8	183.4	4.01	315.0
121.313	0.216	fixation	n/a	211.3	185.8	935.0	n/a	n/a	n/a	n/a
121.531	0.02	saccade	n/a	208.7	186.9	n/a	260.2	194.3	2.07	136.0
121.553	0.17	fixation	n/a	267.0	194.8	946.0	n/a	n/a	n/a	n/a
121.725	0.022	saccade	n/a	267.4	195.3	n/a	336.7	192.8	2.77	211.0
121.749	0.158	fixation	n/a	333.2	192.7	949.0	n/a	n/a	n/a	n/a
121.81	0.0	trigger_11	11	n/a	n/a	n/a	n/a	n/a	n/a	n/a
121.818	0.0	trigger_10	10	n/a	n/a	n/a	n/a	n/a	n/a	n/a
121.909	0.026	saccade	n/a	333.7	193.5	n/a	418.8	192.8	3.42	234.0
121.937	0.2	fixation	n/a	416.6	193.8	930.0	n/a	n/a	n/a	n/a
122.139	0.024	saccade	n/a	416.8	195.6	n/a	496.8	187.8	3.22	195.0
122.165	0.174	fixation	n/a	509.2	187.9	890.0	n/a	n/a	n/a	n/a
122.341	0.024	saccade	n/a	510.6	188.0	n/a	574.5	191.1	2.55	169.0
122.367	0.196	fixation	n/a	574.0	190.5	851.0	n/a	n/a	n/a	n/a
122.565	0.062	saccade	n/a	573.6	190.8	n/a	173.2	238.4	15.91	500.0
122.629	0.126	fixation	n/a	163.3	237.3	851.0	n/a	n/a	n/a	n/a
122.757	0.02	saccade	n/a	163.5	238.0	n/a	113.5	240.5	1.94	156.0
122.779	0.154	fixation	n/a	126.2	241.0	868.0	n/a	n/a	n/a	n/a
122.935	0.024	saccade	n/a	126.2	241.6	n/a	235.1	245.7	4.27	310.0
122.961	0.184	fixation	n/a	246.8	245.0	888.0	n/a	n/a	n/a	n/a
123.147	0.03	saccade	n/a	250.2	247.1	n/a	312.0	248.6	2.46	110.0
123.179	0.192	fixation	n/a	327.5	247.7	890.0	n/a	n/a	n/a	n/a
123.373	0.038	saccade	n/a	328.4	247.0	n/a	180.9	120.8	7.77	429.0
123.413	0.02	fixation	n/a	169.1	107.7	824.0	n/a	n/a	n/a	n/a
123.435	0.008	saccade	n/a	159.8	95.5	n/a	146.2	79.1	0.85	105.0
123.445	0.22	fixation	n/a	150.0	77.7	810.0	n/a	n/a	n/a	n/a
123.667	0.02	saccade	n/a	152.8	81.2	n/a	121.1	67.7	1.35	133.0
123.689	0.366	fixation	n/a	127.5	74.2	808.0	n/a	n/a	n/a	n/a
124.057	0.016	saccade	n/a	126.8	76.7	n/a	109.3	74.5	0.68	85.0
124.075	0.156	fixation	n/a	115.1	76.0	891.0	n/a	n/a	n/a	n/a
124.233	0.016	saccade	n/a	113.7	76.2	n/a	151.1	70.6	1.47	128.0
124.251	0.234	fixation	n/a	145.3	69.5	913.0	n/a	n/a	n/a	n/a
124.487	0.022	saccade	n/a	144.6	69.3	n/a	211.7	60.3	2.66	177.0
124.511	0.178	fixation	n/a	213.9	59.0	924.0	n/a	n/a	n/a	n/a
124.691	0.022	saccade	n/a	214.2	59.0	n/a	275.8	53.5	2.46	175.0
124.715	0.168	fixation	n/a	271.9	52.5	947.0	n/a	n/a	n/a	n/a
124.885	0.008	saccade	n/a	273.0	53.6	n/a	258.7	55.9	0.58	73.0
124.895	0.154	fixation	n/a	262.9	56.2	968.0	n/a	n/a	n/a	n/a
125.051	0.022	saccade	n/a	261.6	57.2	n/a	352.8	68.2	3.68	308.0
125.075	0.15	fixation	n/a	353.4	65.0	1014.0	n/a	n/a	n/a	n/a
125.227	0.014	saccade	n/a	354.2	65.1	n/a	329.3	62.8	1.0	98.0
125.243	0.302	fixation	n/a	336.7	65.2	1023.0	n/a	n/a	n/a	n/a
125.547	0.012	saccade	n/a	334.6	66.1	n/a	358.4	65.0	0.96	89.0
125.561	0.178	fixation	n/a	356.6	66.3	1020.0	n/a	n/a	n/a	n/a
125.741	0.024	saccade	n/a	353.9	66.4	n/a	433.0	73.1	3.19	230.0
125.767	0.234	fixation	n/a	427.9	71.7	1006.0	n/a	n/a	n/a	n/a
126.003	0.02	saccade	n/a	428.0	72.5	n/a	486.5	72.4	2.35	172.0
126.025	0.198	fixation	n/a	493.1	71.3	982.0	n/a	n/a	n/a	n/a
126.225	0.056	saccade	n/a	493.3	71.4	n/a	160.1	68.3	13.22	558.0
126.283	0.12	fixation	n/a	150.4	69.8	944.0	n/a	n/a	n/a	n/a
126.405	0.02	saccade	n/a	150.2	70.0	n/a	122.1	69.4	1.09	129.0
126.427	0.224	fixation	n/a	129.6	70.8	937.0	n/a	n/a	n/a	n/a
126.653	0.06	saccade	n/a	128.9	71.3	n/a	471.4	68.0	13.54	463.0
126.715	0.154	fixation	n/a	482.7	71.3	931.0	n/a	n/a	n/a	n/a
126.871	0.006	saccade	n/a	486.4	71.5	n/a	493.5	66.5	0.35	53.0
126.879	0.352	fixation	n/a	495.5	68.9	905.0	n/a	n/a	n/a	n/a
127.233	0.008	saccade	n/a	496.7	69.0	n/a	509.9	65.5	0.55	67.0
127.243	0.352	fixation	n/a	509.8	67.4	926.0	n/a	n/a	n/a	n/a
127.597	0.022	saccade	n/a	508.7	67.6	n/a	565.4	68.5	2.26	155.0
127.621	0.48	fixation	n/a	560.5	70.3	944.0	n/a	n/a	n/a	n/a
128.103	0.06	saccade	n/a	563.9	76.3	n/a	245.2	114.3	12.77	391.0
128.165	0.134	fixation	n/a	240.5	115.0	931.0	n/a	n/a	n/a	n/a
128.301	0.04	saccade	n/a	240.5	116.6	n/a	121.0	129.4	4.72	237.0
128.343	0.3	fixation	n/a	131.8	129.3	919.0	n/a	n/a	n/a	n/a
128.645	0.018	saccade	n/a	131.9	129.8	n/a	180.4	123.3	1.92	154.0
128.665	0.174	fixation	n/a	186.6	122.2	903.0	n/a	n/a	n/a	n/a
128.841	0.028	saccade	n/a	186.6	123.2	n/a	292.1	122.1	4.19	295.0
128.871	0.19	fixation	n/a	292.2	120.2	896.0	n/a	n/a	n/a	n/a
129.063	0.024	saccade	n/a	292.1	119.1	n/a	374.3	129.8	3.33	237.0
129.089	0.192	fixation	n/a	367.5	127.2	889.0	n/a	n/a	n/a	n/a
129.283	0.024	saccade	n/a	365.9	127.1	n/a	431.5	129.5	2.65	168.0
129.309	0.138	fixation	n/a	433.8	130.4	897.0	n/a	n/a	n/a	n/a
129.449	0.022	saccade	n/a	433.9	131.9	n/a	495.6	129.6	2.48	164.0
129.473	0.194	fixation	n/a	502.7	129.7	894.0	n/a	n/a	n/a	n/a
129.636	0.0	trigger_11	11	n/a	n/a	n/a	n/a	n/a	n/a	n/a
129.646	0.0	trigger_10	10	n/a	n/a	n/a	n/a	n/a	n/a	n/a
129.669	0.022	saccade	n/a	504.3	131.6	n/a	567.9	129.2	2.54	177.0
129.693	0.164	fixation	n/a	572.9	130.3	886.0	n/a	n/a	n/a	n/a
129.859	0.014	saccade	n/a	574.3	130.4	n/a	604.6	131.0	1.2	111.0
129.875	0.348	fixation	n/a	602.1	133.1	856.0	n/a	n/a	n/a	n/a
130.225	0.07	saccade	n/a	603.6	136.7	n/a	192.2	78.7	16.43	365.0
130.297	0.16	fixation	n/a	154.7	90.0	818.0	n/a	n/a	n/a	n/a
130.459	0.02	saccade	n/a	152.0	91.2	n/a	124.7	66.9	1.45	143.0
130.481	0.252	fixation	n/a	131.4	73.5	812.0	n/a	n/a	n/a	n/a
130.735	0.022	saccade	n/a	131.2	74.4	n/a	194.3	62.0	2.52	195.0
130.759	0.202	fixation	n/a	196.9	61.3	843.0	n/a	n/a	n/a	n/a
130.963	0.014	saccade	n/a	198.3	63.4	n/a	173.0	65.4	1.0	97.0
130.979	0.412	fixation	n/a	181.4	65.8	867.0	n/a	n/a	n/a	n/a
131.393	0.03	saccade	n/a	182.6	70.6	n/a	154.2	65.8	1.13	160.0
131.425	0.404	fixation	n/a	131.9	79.5	868.0	n/a	n/a	n/a	n/a
131.831	0.008	saccade	n/a	129.4	82.2	n/a	116.9	76.2	0.54	66.0
131.841	0.088	fixation	n/a	119.6	76.3	899.0	n/a	n/a	n/a	n/a
131.931	0.022	saccade	n/a	119.5	77.5	n/a	188.6	64.6	2.75	204.0
131.955	0.172	fixation	n/a	184.0	66.3	918.0	n/a	n/a	n/a	n/a
132.129	0.022	saccade	n/a	182.3	67.9	n/a	248.3	64.4	2.62	204.0
132.153	0.24	fixation	n/a	245.3	65.2	916.0	n/a	n/a	n/a	n/a
132.395	0.02	saccade	n/a	245.0	65.2	n/a	297.7	58.4	2.12	154.0
132.417	0.184	fixation	n/a	296.9	58.8	894.0	n/a	n/a	n/a	n/a
132.603	0.024	saccade	n/a	297.9	59.8	n/a	369.6	62.8	2.88	191.0
132.629	0.332	fixation	n/a	366.8	63.5	893.0	n/a	n/a	n/a	n/a
132.963	0.014	saccade	n/a	364.7	64.2	n/a	393.2	63.3	1.15	96.0
132.979	0.162	fixation	n/a	391.3	64.9	893.0	n/a	n/a	n/a	n/a
133.143	0.022	saccade	n/a	390.2	64.3	n/a	448.9	68.5	2.37	174.0
133.167	0.248	fixation	n/a	446.4	68.4	901.0	n/a	n/a	n/a	n/a
133.417	0.018	saccade	n/a	445.5	69.7	n/a	492.3	70.6	1.88	148.0
133.437	0.174	fixation	n/a	492.9	71.5	908.0	n/a	n/a	n/a	n/a
133.564	0.0	trigger_11	11	n/a	n/a	n/a	n/a	n/a	n/a	n/a
133.576	0.0	trigger_12	12	n/a	n/a	n/a	n/a	n/a	n/a	n/a
133.613	0.018	saccade	n/a	493.3	72.7	n/a	538.0	69.2	1.79	151.0
133.633	0.168	fixation	n/a	534.8	70.0	912.0	n/a	n/a	n/a	n/a
133.803	0.058	saccade	n/a	536.2	71.5	n/a	125.6	118.6	16.28	482.0
133.863	0.134	fixation	n/a	136.8	120.9	920.0	n/a	n/a	n/a	n/a
133.999	0.016	saccade	n/a	135.6	121.4	n/a	113.4	128.7	0.91	99.0
134.017	0.174	fixation	n/a	117.5	126.6	900.0	n/a	n/a	n/a	n/a
134.193	0.022	saccade	n/a	117.6	126.7	n/a	192.1	118.7	2.93	210.0
134.217	0.172	fixation	n/a	191.9	118.9	895.0	n/a	n/a	n/a	n/a
134.391	0.022	saccade	n/a	191.4	120.0	n/a	261.1	116.9	2.77	231.0
134.415	0.212	fixation	n/a	253.9	117.4	902.0	n/a	n/a	n/a	n/a
134.629	0.022	saccade	n/a	256.3	121.9	n/a	321.3	124.1	2.6	178.0
134.653	0.19	fixation	n/a	320.7	125.6	948.0	n/a	n/a	n/a	n/a
134.845	0.026	saccade	n/a	320.7	128.3	n/a	424.0	130.5	4.16	245.0
134.873	0.14	fixation	n/a	425.3	130.5	986.0	n/a	n/a	n/a	n/a
135.015	0.122	saccade	n/a	424.6	134.6	n/a	431.6	132.5	0.29	673.0
135.063	0.014	blink	n/a	n/a	n/a	n/a	n/a	n/a	n/a	n/a
135.139	0.226	fixation	n/a	432.3	136.9	1004.0	n/a	n/a	n/a	n/a
135.367	0.048	saccade	n/a	432.1	138.7	n/a	168.9	74.6	10.78	387.0
135.417	0.128	fixation	n/a	178.9	78.1	958.0	n/a	n/a	n/a	n/a
135.547	0.022	saccade	n/a	179.2	79.2	n/a	136.2	67.5	1.75	175.0
135.571	0.262	fixation	n/a	145.0	76.0	912.0	n/a	n/a	n/a	n/a
135.835	0.014	saccade	n/a	146.5	77.5	n/a	116.9	74.4	1.16	106.0
135.851	0.216	fixation	n/a	125.4	76.8	942.0	n/a	n/a	n/a	n/a
136.069	0.022	saccade	n/a	125.2	76.6	n/a	191.9	62.2	2.67	202.0
136.093	0.148	fixation	n/a	191.4	60.7	951.0	n/a	n/a	n/a	n/a
136.14	0.0	trigger_13	13	n/a	n/a	n/a	n/a	n/a	n/a	n/a
136.154	0.0	trigger_10	10	n/a	n/a	n/a	n/a	n/a	n/a	n/a
136.243	0.026	saccade	n/a	191.2	59.9	n/a	281.5	57.8	3.58	272.0
136.271	0.218	fixation	n/a	273.8	56.8	963.0	n/a	n/a	n/a	n/a
136.491	0.024	saccade	n/a	271.7	56.9	n/a	369.6	68.7	3.96	306.0
136.517	0.182	fixation	n/a	365.6	69.0	988.0	n/a	n/a	n/a	n/a
136.701	0.022	saccade	n/a	365.8	72.2	n/a	423.2	76.3	2.32	186.0
136.725	0.21	fixation	n/a	420.9	74.1	979.0	n/a	n/a	n/a	n/a
136.937	0.028	saccade	n/a	422.9	75.3	n/a	336.3	63.1	3.52	217.0
136.967	0.188	fixation	n/a	343.7	72.7	994.0	n/a	n/a	n/a	n/a
137.157	0.022	saccade	n/a	342.3	75.0	n/a	402.7	75.4	2.43	176.0
137.181	0.182	fixation	n/a	403.3	77.6	1024.0	n/a	n/a	n/a	n/a
137.365	0.018	saccade	n/a	404.7	77.6	n/a	452.8	75.0	1.94	155.0
137.385	0.156	fixation	n/a	452.6	75.9	1027.0	n/a	n/a	n/a	n/a
137.543	0.042	saccade	n/a	454.2	76.3	n/a	192.1	62.1	10.44	420.0
137.587	0.12	fixation	n/a	207.3	64.9	1026.0	n/a	n/a	n/a	n/a
137.709	0.024	saccade	n/a	208.3	66.0	n/a	114.3	76.5	3.7	264.0
137.735	0.234	fixation	n/a	126.1	80.4	1019.0	n/a	n/a	n/a	n/a
137.971	0.01	saccade	n/a	126.5	84.0	n/a	109.6	77.9	0.7	74.0
137.983	0.496	fixation	n/a	115.2	80.5	992.0	n/a	n/a	n/a	n/a
138.481	0.018	saccade	n/a	115.1	83.3	n/a	157.3	73.6	1.69	136.0
138.501	0.148	fixation	n/a	154.7	74.2	1027.0	n/a	n/a	n/a	n/a
138.651	0.018	saccade	n/a	152.9	75.4	n/a	192.8	64.7	1.63	126.0
138.671	0.222	fixation	n/a	195.3	63.9	1007.0	n/a	n/a	n/a	n/a
138.895	0.162	saccade	n/a	199.2	65.9	n/a	270.3	69.2	2.83	1052.0
138.921	0.086	blink	n/a	n/a	n/a	n/a	n/a	n/a	n/a	n/a
139.059	0.352	fixation	n/a	264.6	67.1	963.0	n/a	n/a	n/a	n/a
139.413	0.024	saccade	n/a	263.3	64.3	n/a	361.3	72.0	3.94	298.0
139.439	0.444	fixation	n/a	368.8	64.0	886.0	n/a	n/a	n/a	n/a
139.885	0.022	saccade	n/a	371.5	62.1	n/a	299.2	50.6	2.94	225.0
139.909	0.248	fixation	n/a	305.8	52.3	869.0	n/a	n/a	n/a	n/a
140.159	0.02	saccade	n/a	305.6	53.5	n/a	256.4	55.4	1.97	134.0
140.181	0.392	fixation	n/a	264.6	56.3	865.0	n/a	n/a	n/a	n/a
140.575	0.018	saccade	n/a	264.9	57.5	n/a	314.1	54.1	1.97	166.0
140.595	0.244	fixation	n/a	319.3	53.7	869.0	n/a	n/a	n/a	n/a
140.841	0.018	saccade	n/a	318.6	56.6	n/a	370.7	61.4	2.11	165.0
140.861	0.5	fixation	n/a	374.4	63.1	905.0	n/a	n/a	n/a	n/a
141.363	0.014	saccade	n/a	373.3	67.1	n/a	403.3	68.6	1.21	115.0
141.379	0.114	fixation	n/a	406.7	69.9	942.0	n/a	n/a	n/a	n/a
141.495	0.018	saccade	n/a	406.2	71.9	n/a	451.7	71.7	1.83	138.0
141.515	0.264	fixation	n/a	449.7	71.3	960.0	n/a	n/a	n/a	n/a
141.781	0.02	saccade	n/a	449.9	74.0	n/a	500.2	75.9	2.02	156.0
141.803	0.298	fixation	n/a	500.6	76.1	963.0	n/a	n/a	n/a	n/a
142.103	0.018	saccade	n/a	500.2	77.8	n/a	547.3	75.4	1.89	137.0
142.123	0.242	fixation	n/a	551.1	74.6	953.0	n/a	n/a	n/a	n/a
142.367	0.014	saccade	n/a	549.7	76.5	n/a	576.5	67.6	1.13	109.0
142.383	0.224	fixation	n/a	571.2	72.2	964.0	n/a	n/a	n/a	n/a
142.609	0.064	saccade	n/a	572.6	73.0	n/a	194.4	109.5	15.05	468.0
142.675	0.1	fixation	n/a	188.7	111.7	945.0	n/a	n/a	n/a	n/a
142.777	0.022	saccade	n/a	188.5	111.6	n/a	122.0	132.0	2.72	214.0
142.801	0.298	fixation	n/a	128.3	129.9	926.0	n/a	n/a	n/a	n/a
143.101	0.01	saccade	n/a	129.5	131.6	n/a	149.4	124.4	0.83	86.0
143.113	0.296	fixation	n/a	150.6	125.9	908.0	n/a	n/a	n/a	n/a
143.411	0.022	saccade	n/a	151.4	128.3	n/a	216.6	118.2	2.6	190.0
143.435	0.358	fixation	n/a	213.1	119.3	887.0	n/a	n/a	n/a	n/a
143.795	0.018	saccade	n/a	212.2	121.5	n/a	253.6	117.8	1.65	139.0
143.815	0.276	fixation	n/a	252.6	118.7	832.0	n/a	n/a	n/a	n/a
144.093	0.014	saccade	n/a	254.1	120.5	n/a	284.5	118.0	1.22	106.0
144.109	0.194	fixation	n/a	280.9	117.1	838.0	n/a	n/a	n/a	n/a
144.305	0.02	saccade	n/a	279.9	119.2	n/a	332.0	118.1	2.09	174.0
144.327	0.182	fixation	n/a	334.0	120.3	863.0	n/a	n/a	n/a	n/a
144.511	0.022	saccade	n/a	337.0	122.2	n/a	402.6	129.0	2.65	172.0
144.535	0.454	fixation	n/a	414.4	131.3	884.0	n/a	n/a	n/a	n/a
144.82	0.0	trigger_11	11	n/a	n/a	n/a	n/a	n/a	n/a	n/a
144.836	0.0	trigger_10	10	n/a	n/a	n/a	n/a	n/a	n/a	n/a
144.991	0.008	saccade	n/a	410.9	130.1	n/a	399.0	125.1	0.52	64.0
145.001	0.258	fixation	n/a	402.3	126.3	843.0	n/a	n/a	n/a	n/a
145.261	0.022	saccade	n/a	400.9	126.0	n/a	468.4	129.2	2.72	201.0
145.285	0.312	fixation	n/a	472.0	126.9	825.0	n/a	n/a	n/a	n/a
145.599	0.022	saccade	n/a	471.7	128.5	n/a	533.4	128.8	2.47	168.0
145.623	0.182	fixation	n/a	534.9	126.3	798.0	n/a	n/a	n/a	n/a
145.807	0.06	saccade	n/a	535.3	127.1	n/a	391.2	519.2	16.33	453.0
145.869	0.162	fixation	n/a	392.2	512.9	827.0	n/a	n/a	n/a	n/a
146.033	0.024	saccade	n/a	391.3	514.3	n/a	482.0	519.3	3.51	258.0
146.059	0.066	fixation	n/a	480.6	516.8	822.0	n/a	n/a	n/a	n/a
146.127	0.022	saccade	n/a	480.5	516.8	n/a	547.1	508.5	2.58	209.0
146.151	0.188	fixation	n/a	545.9	511.9	773.0	n/a	n/a	n/a	n/a
146.341	0.012	saccade	n/a	547.6	513.7	n/a	574.5	508.7	1.05	97.0
146.355	0.112	fixation	n/a	575.5	507.6	729.0	n/a	n/a	n/a	n/a
146.469	0.086	saccade	n/a	575.2	508.1	n/a	293.2	123.0	18.67	357.0
146.557	0.12	fixation	n/a	249.1	87.4	680.0	n/a	n/a	n/a	n/a
146.679	0.026	saccade	n/a	240.5	81.9	n/a	145.8	72.6	3.75	277.0
146.707	0.15	fixation	n/a	147.0	72.7	674.0	n/a	n/a	n/a	n/a
146.859	0.012	saccade	n/a	147.9	72.5	n/a	126.6	62.6	0.92	95.0
146.873	0.526	fixation	n/a	133.4	70.9	768.0	n/a	n/a	n/a	n/a
147.401	0.084	saccade	n/a	130.7	75.5	n/a	544.4	518.5	23.45	566.0
147.487	0.164	fixation	n/a	546.8	527.0	989.0	n/a	n/a	n/a	n/a
147.653	0.018	saccade	n/a	544.7	527.0	n/a	581.7	513.7	1.5	121.0
147.673	0.084	fixation	n/a	574.8	517.0	993.0	n/a	n/a	n/a	n/a
147.759	0.2	saccade	n/a	578.2	517.9	n/a	592.7	496.4	0.98	978.0
147.785	0.112	blink	n/a	n/a	n/a	n/a	n/a	n/a	n/a	n/a
147.961	0.248	fixation	n/a	581.3	527.0	888.0	n/a	n/a	n/a	n/a
148.211	0.08	saccade	n/a	581.6	530.2	n/a	471.3	152.8	15.3	384.0
148.293	0.078	fixation	n/a	473.9	158.2	858.0	n/a	n/a	n/a	n/a
148.373	0.02	saccade	n/a	473.9	155.9	n/a	513.6	131.8	1.87	171.0
148.395	0.15	fixation	n/a	510.0	136.8	810.0	n/a	n/a	n/a	n/a
148.547	0.026	saccade	n/a	511.5	136.5	n/a	402.8	112.5	4.47	311.0
148.575	0.388	fixation	n/a	407.6	121.8	820.0	n/a	n/a	n/a	n/a
148.965	0.026	saccade	n/a	407.4	127.8	n/a	520.3	127.6	4.53	284.0
148.993	0.194	fixation	n/a	526.0	128.5	931.0	n/a	n/a	n/a	n/a
149.189	0.06	saccade	n/a	524.2	135.3	n/a	551.8	569.6	16.8	435.0
149.251	0.136	fixation	n/a	549.3	566.4	994.0	n/a	n/a	n/a	n/a
149.389	0.022	saccade	n/a	547.6	568.0	n/a	550.1	517.6	1.87	142.0
149.413	0.198	fixation	n/a	549.7	525.7	971.0	n/a	n/a	n/a	n/a
149.613	0.012	saccade	n/a	550.7	527.2	n/a	567.2	516.3	0.75	66.0
149.627	0.312	fixation	n/a	566.9	520.1	874.0	n/a	n/a	n/a	n/a
149.941	0.012	saccade	n/a	569.5	522.6	n/a	547.2	515.5	0.89	83.0
149.955	1.016	fixation	n/a	558.6	520.5	828.0	n/a	n/a	n/a	n/a
150.973	0.006	saccade	n/a	569.0	522.8	n/a	576.7	517.2	0.36	53.0
150.981	0.304	fixation	n/a	576.6	517.6	942.0	n/a	n/a	n/a	n/a
151.287	0.04	saccade	n/a	579.7	519.1	n/a	427.6	525.3	5.84	248.0
151.329	0.158	fixation	n/a	440.7	527.6	947.0	n/a	n/a	n/a	n/a
151.489	0.132	saccade	n/a	442.9	529.0	n/a	196.1	109.2	18.97	271.0
151.623	0.32	fixation	n/a	194.4	117.4	799.0	n/a	n/a	n/a	n/a
151.945	0.056	saccade	n/a	193.3	119.3	n/a	237.4	535.6	16.23	504.0
152.003	0.216	fixation	n/a	234.4	532.9	847.0	n/a	n/a	n/a	n/a
152.221	0.01	saccade	n/a	234.1	535.2	n/a	219.1	521.2	0.77	79.0
152.233	0.232	fixation	n/a	224.4	526.6	864.0	n/a	n/a	n/a	n/a
152.467	0.034	saccade	n/a	225.1	530.2	n/a	385.1	517.9	6.15	308.0
152.503	0.502	fixation	n/a	386.8	519.8	888.0	n/a	n/a	n/a	n/a
153.007	0.074	saccade	n/a	386.7	519.4	n/a	279.3	147.0	15.15	411.0
153.083	0.334	fixation	n/a	275.7	104.9	822.0	n/a	n/a	n/a	n/a
153.419	0.02	saccade	n/a	277.2	104.1	n/a	233.8	122.1	1.88	161.0
153.441	0.246	fixation	n/a	241.6	122.9	760.0	n/a	n/a	n/a	n/a
153.689	0.02	saccade	n/a	243.0	126.2	n/a	178.6	94.3	2.86	216.0
153.711	0.352	fixation	n/a	168.8	93.1	831.0	n/a	n/a	n/a	n/a
154.065	0.018	saccade	n/a	170.1	97.3	n/a	136.1	71.1	1.7	138.0
154.076	0.0	trigger_11	11	n/a	n/a	n/a	n/a	n/a	n/a	n/a
154.085	0.164	fixation	n/a	141.2	73.2	903.0	n/a	n/a	n/a	n/a
154.088	0.0	trigger_10	10	n/a	n/a	n/a	n/a	n/a	n/a	n/a
154.251	0.06	saccade	n/a	139.0	75.7	n/a	489.6	503.2	21.5	636.0
154.313	0.112	fixation	n/a	491.3	496.7	1056.0	n/a	n/a	n/a	n/a
154.427	0.024	saccade	n/a	490.3	496.9	n/a	587.2	526.7	3.88	299.0
154.453	0.122	fixation	n/a	588.7	513.1	1060.0	n/a	n/a	n/a	n/a
154.577	0.048	saccade	n/a	592.2	516.8	n/a	447.9	206.4	13.35	494.0
154.627	0.078	fixation	n/a	448.2	196.6	946.0	n/a	n/a	n/a	n/a
154.707	0.022	saccade	n/a	451.9	197.6	n/a	433.8	131.9	2.77	250.0
154.731	1.014	fixation	n/a	438.9	148.0	960.0	n/a	n/a	n/a	n/a
155.747	0.018	saccade	n/a	435.3	160.7	n/a	390.4	149.0	1.87	147.0
155.767	0.184	fixation	n/a	397.1	152.7	1063.0	n/a	n/a	n/a	n/a
155.953	0.02	saccade	n/a	397.3	155.7	n/a	380.4	131.6	1.2	118.0
155.975	0.332	fixation	n/a	385.4	138.1	1031.0	n/a	n/a	n/a	n/a
156.309	0.044	saccade	n/a	386.7	139.9	n/a	127.7	68.3	10.66	496.0
156.355	0.32	fixation	n/a	135.0	70.0	1008.0	n/a	n/a	n/a	n/a
156.677	0.024	saccade	n/a	131.1	69.7	n/a	202.8	61.7	2.83	226.0
156.703	0.168	fixation	n/a	197.8	60.6	969.0	n/a	n/a	n/a	n/a
156.873	0.08	saccade	n/a	197.9	63.1	n/a	315.7	65.3	4.69	238.0
156.955	0.09	fixation	n/a	315.4	68.4	988.0	n/a	n/a	n/a	n/a
157.047	0.09	saccade	n/a	316.6	69.0	n/a	273.8	58.4	1.77	687.0
157.139	0.232	fixation	n/a	275.9	62.0	973.0	n/a	n/a	n/a	n/a
157.373	0.016	saccade	n/a	277.3	65.8	n/a	312.8	63.5	1.43	126.0
157.391	0.188	fixation	n/a	309.5	64.5	980.0	n/a	n/a	n/a	n/a
157.581	0.024	saccade	n/a	309.7	62.8	n/a	380.5	69.0	2.86	188.0
157.607	0.252	fixation	n/a	382.1	68.8	960.0	n/a	n/a	n/a	n/a
157.861	0.016	saccade	n/a	381.0	68.6	n/a	418.0	68.7	1.49	118.0
157.879	0.33	fixation	n/a	416.8	70.2	974.0	n/a	n/a	n/a	n/a
158.211	0.016	saccade	n/a	419.1	73.1	n/a	454.3	73.7	1.42	114.0
158.229	0.216	fixation	n/a	451.7	71.8	960.0	n/a	n/a	n/a	n/a
158.447	0.02	saccade	n/a	450.9	72.8	n/a	503.5	72.1	2.11	145.0
158.469	0.238	fixation	n/a	510.0	72.5	998.0	n/a	n/a	n/a	n/a
158.709	0.014	saccade	n/a	509.2	75.9	n/a	537.9	71.5	1.16	107.0
158.725	0.3	fixation	n/a	538.3	74.2	1028.0	n/a	n/a	n/a	n/a
159.027	0.018	saccade	n/a	536.5	77.2	n/a	575.5	73.3	1.56	137.0
159.047	0.274	fixation	n/a	572.4	75.6	1055.0	n/a	n/a	n/a	n/a
159.323	0.018	saccade	n/a	571.6	77.3	n/a	531.5	76.2	1.6	132.0
159.343	0.162	fixation	n/a	537.2	78.4	1050.0	n/a	n/a	n/a	n/a
159.507	0.018	saccade	n/a	536.7	79.1	n/a	581.0	76.0	1.77	142.0
159.527	0.106	fixation	n/a	580.5	76.2	1050.0	n/a	n/a	n/a	n/a
159.635	0.068	saccade	n/a	580.8	76.3	n/a	154.2	127.7	16.92	514.0
159.705	0.128	fixation	n/a	145.3	129.4	1041.0	n/a	n/a	n/a	n/a
159.835	0.02	saccade	n/a	145.7	129.9	n/a	111.6	128.8	1.33	129.0
159.857	0.208	fixation	n/a	121.7	128.4	1025.0	n/a	n/a	n/a	n/a
160.067	0.02	saccade	n/a	122.1	128.4	n/a	178.1	118.6	2.22	185.0
160.089	0.496	fixation	n/a	175.8	116.9	989.0	n/a	n/a	n/a	n/a
160.587	0.02	saccade	n/a	177.3	114.6	n/a	233.7	115.8	2.23	184.0
160.609	0.256	fixation	n/a	230.1	116.0	1006.0	n/a	n/a	n/a	n/a
160.867	0.022	saccade	n/a	230.3	118.8	n/a	302.0	121.3	2.86	212.0
160.891	0.186	fixation	n/a	306.9	118.4	1027.0	n/a	n/a	n/a	n/a
161.079	0.026	saccade	n/a	306.1	120.6	n/a	386.2	121.6	3.22	221.0
161.107	0.172	fixation	n/a	380.2	124.6	1054.0	n/a	n/a	n/a	n/a
161.281	0.016	saccade	n/a	380.8	127.4	n/a	350.3	122.2	1.25	107.0
161.299	0.074	fixation	n/a	358.7	125.4	1047.0	n/a	n/a	n/a	n/a
161.375	0.022	saccade	n/a	359.0	125.3	n/a	438.1	122.3	3.19	228.0
161.399	0.188	fixation	n/a	438.8	124.0	1038.0	n/a	n/a	n/a	n/a
161.589	0.02	saccade	n/a	440.1	124.9	n/a	492.6	122.7	2.11	155.0
161.611	0.226	fixation	n/a	489.0	124.2	1030.0	n/a	n/a	n/a	n/a
161.839	0.02	saccade	n/a	486.7	123.6	n/a	541.8	122.4	2.2	157.0
161.861	0.294	fixation	n/a	538.4	124.2	1026.0	n/a	n/a	n/a	n/a
162.157	0.018	saccade	n/a	537.3	125.5	n/a	582.3	122.8	1.79	155.0
162.177	0.126	fixation	n/a	579.0	126.4	1018.0	n/a	n/a	n/a	n/a
162.305	0.062	saccade	n/a	580.3	128.5	n/a	213.7	183.8	14.69	522.0
162.369	0.134	fixation	n/a	201.9	183.1	1026.0	n/a	n/a	n/a	n/a
162.505	0.024	saccade	n/a	202.3	183.0	n/a	110.7	180.7	3.58	317.0
162.531	0.344	fixation	n/a	120.8	182.8	974.0	n/a	n/a	n/a	n/a
162.877	0.022	saccade	n/a	120.2	184.6	n/a	193.7	180.0	2.88	242.0
162.901	0.2	fixation	n/a	188.2	177.1	925.0	n/a	n/a	n/a	n/a
163.046	0.0	trigger_11	11	n/a	n/a	n/a	n/a	n/a	n/a	n/a
163.06	0.0	trigger_10	10	n/a	n/a	n/a	n/a	n/a	n/a	n/a
163.103	0.02	saccade	n/a	189.7	180.3	n/a	158.2	181.1	1.24	142.0
163.125	0.1	fixation	n/a	165.3	180.0	918.0	n/a	n/a	n/a	n/a
163.227	0.022	saccade	n/a	166.1	178.9	n/a	250.3	183.4	3.33	242.0
163.251	0.244	fixation	n/a	268.1	185.1	965.0	n/a	n/a	n/a	n/a
163.497	0.024	saccade	n/a	270.8	185.1	n/a	191.0	85.7	5.13	368.0
163.523	0.21	fixation	n/a	194.4	60.5	929.0	n/a	n/a	n/a	n/a
163.735	0.028	saccade	n/a	195.2	60.5	n/a	307.0	48.8	4.48	280.0
163.765	0.262	fixation	n/a	307.7	50.6	914.0	n/a	n/a	n/a	n/a
164.029	0.024	saccade	n/a	308.6	53.9	n/a	386.3	61.9	3.14	212.0
164.055	0.15	fixation	n/a	384.1	65.0	959.0	n/a	n/a	n/a	n/a
164.207	0.022	saccade	n/a	384.1	70.4	n/a	461.4	75.2	3.12	250.0
164.231	0.26	fixation	n/a	458.5	73.1	972.0	n/a	n/a	n/a	n/a
164.493	0.022	saccade	n/a	456.0	75.1	n/a	522.0	73.0	2.65	177.0
164.517	0.154	fixation	n/a	529.7	72.3	972.0	n/a	n/a	n/a	n/a
164.673	0.084	saccade	n/a	530.0	71.4	n/a	416.9	461.3	16.05	382.0
164.759	0.118	fixation	n/a	413.6	461.9	1013.0	n/a	n/a	n/a	n/a
164.879	0.036	saccade	n/a	414.1	462.2	n/a	343.6	443.9	2.84	311.0
164.917	0.058	fixation	n/a	335.5	440.6	1024.0	n/a	n/a	n/a	n/a
164.977	0.034	saccade	n/a	333.3	440.4	n/a	396.4	493.5	3.19	323.0
165.013	0.282	fixation	n/a	402.4	499.6	918.0	n/a	n/a	n/a	n/a
165.297	0.062	saccade	n/a	405.2	501.9	n/a	191.2	75.7	18.66	597.0
165.361	0.072	fixation	n/a	195.3	78.8	830.0	n/a	n/a	n/a	n/a
165.435	0.032	saccade	n/a	195.1	79.9	n/a	150.7	85.1	1.76	230.0
165.469	0.062	fixation	n/a	144.3	84.9	823.0	n/a	n/a	n/a	n/a
165.533	0.018	saccade	n/a	143.4	85.0	n/a	132.8	74.2	0.6	87.0
165.553	0.164	fixation	n/a	134.3	74.5	807.0	n/a	n/a	n/a	n/a
165.719	0.022	saccade	n/a	133.4	74.3	n/a	197.1	57.3	2.59	208.0
165.743	0.328	fixation	n/a	196.5	60.4	852.0	n/a	n/a	n/a	n/a
166.073	0.034	saccade	n/a	195.5	63.9	n/a	311.0	52.8	4.62	232.0
166.109	0.242	fixation	n/a	312.4	53.8	908.0	n/a	n/a	n/a	n/a
166.353	0.02	saccade	n/a	312.7	57.6	n/a	357.7	61.1	1.81	152.0
166.375	0.368	fixation	n/a	352.0	61.4	941.0	n/a	n/a	n/a	n/a
166.745	0.016	saccade	n/a	351.4	64.1	n/a	390.8	67.7	1.59	138.0
166.763	0.162	fixation	n/a	389.5	68.4	980.0	n/a	n/a	n/a	n/a
166.918	0.0	trigger_11	11	n/a	n/a	n/a	n/a	n/a	n/a	n/a
166.927	0.022	saccade	n/a	388.4	73.0	n/a	458.7	75.1	2.83	194.0
166.93	0.0	trigger_12	12	n/a	n/a	n/a	n/a	n/a	n/a	n/a
166.951	0.178	fixation	n/a	453.9	74.9	1010.0	n/a	n/a	n/a	n/a
167.131	0.028	saccade	n/a	453.0	75.6	n/a	541.5	77.6	3.54	215.0
167.161	0.148	fixation	n/a	538.2	74.5	1015.0	n/a	n/a	n/a	n/a
167.311	0.02	saccade	n/a	537.1	74.8	n/a	589.9	75.7	2.1	158.0
167.333	0.384	fixation	n/a	584.2	73.3	1009.0	n/a	n/a	n/a	n/a
167.719	0.056	saccade	n/a	584.7	74.6	n/a	161.9	128.8	16.82	464.0
167.777	0.124	fixation	n/a	173.2	127.7	1015.0	n/a	n/a	n/a	n/a
167.903	0.022	saccade	n/a	172.5	127.3	n/a	124.8	129.6	1.87	173.0
167.927	0.166	fixation	n/a	134.0	130.5	1029.0	n/a	n/a	n/a	n/a
168.095	0.026	saccade	n/a	133.2	133.5	n/a	233.0	120.4	3.96	260.0
168.123	0.194	fixation	n/a	231.9	122.1	1006.0	n/a	n/a	n/a	n/a
168.319	0.024	saccade	n/a	230.9	119.3	n/a	316.8	124.1	3.43	234.0
168.345	0.146	fixation	n/a	331.5	121.7	975.0	n/a	n/a	n/a	n/a
168.493	0.02	saccade	n/a	329.0	121.4	n/a	381.2	127.6	2.12	156.0
168.515	0.192	fixation	n/a	374.7	127.5	969.0	n/a	n/a	n/a	n/a
168.709	0.046	saccade	n/a	375.2	128.9	n/a	120.8	64.5	10.39	462.0
168.757	0.36	fixation	n/a	130.7	73.4	936.0	n/a	n/a	n/a	n/a
169.119	0.016	saccade	n/a	128.4	75.4	n/a	107.8	72.2	0.81	83.0
169.137	0.496	fixation	n/a	115.5	71.7	931.0	n/a	n/a	n/a	n/a
169.635	0.018	saccade	n/a	117.1	71.2	n/a	166.2	61.2	1.96	157.0
169.655	0.17	fixation	n/a	168.5	63.3	930.0	n/a	n/a	n/a	n/a
169.827	0.022	saccade	n/a	168.6	66.3	n/a	231.9	57.3	2.52	196.0
169.851	0.17	fixation	n/a	228.9	56.4	930.0	n/a	n/a	n/a	n/a
170.023	0.02	saccade	n/a	228.2	56.1	n/a	277.7	53.2	1.98	172.0
170.045	0.162	fixation	n/a	278.2	52.8	933.0	n/a	n/a	n/a	n/a
170.209	0.02	saccade	n/a	277.4	54.1	n/a	333.7	56.6	2.26	169.0
170.231	0.164	fixation	n/a	335.1	54.6	941.0	n/a	n/a	n/a	n/a
170.397	0.022	saccade	n/a	335.9	56.2	n/a	397.2	65.4	2.5	182.0
170.421	0.184	fixation	n/a	396.2	66.6	968.0	n/a	n/a	n/a	n/a
170.607	0.022	saccade	n/a	397.3	70.2	n/a	465.2	72.3	2.73	204.0
170.631	0.226	fixation	n/a	471.3	72.1	1007.0	n/a	n/a	n/a	n/a
170.654	0.0	trigger_13	13	n/a	n/a	n/a	n/a	n/a	n/a	n/a
170.67	0.0	trigger_10	10	n/a	n/a	n/a	n/a	n/a	n/a	n/a
170.859	0.02	saccade	n/a	473.0	75.6	n/a	523.7	74.3	2.03	147.0
170.881	0.426	fixation	n/a	529.8	74.7	1030.0	n/a	n/a	n/a	n/a
171.309	0.064	saccade	n/a	530.0	76.4	n/a	167.3	122.9	14.49	462.0
171.375	0.124	fixation	n/a	160.4	122.6	1000.0	n/a	n/a	n/a	n/a
171.501	0.018	saccade	n/a	160.6	122.3	n/a	117.1	131.2	1.73	145.0
171.521	0.198	fixation	n/a	126.8	131.8	982.0	n/a	n/a	n/a	n/a
171.721	0.022	saccade	n/a	125.4	131.7	n/a	193.4	121.8	2.7	207.0
171.745	0.122	fixation	n/a	193.1	123.8	994.0	n/a	n/a	n/a	n/a
171.869	0.11	saccade	n/a	196.3	127.5	n/a	239.3	122.4	1.72	484.0
171.981	0.134	fixation	n/a	238.4	129.5	998.0	n/a	n/a	n/a	n/a
172.117	0.026	saccade	n/a	238.2	132.1	n/a	130.1	87.5	4.62	291.0
172.145	0.296	fixation	n/a	129.4	88.6	971.0	n/a	n/a	n/a	n/a
172.443	0.014	saccade	n/a	131.3	88.6	n/a	112.2	69.4	1.07	100.0
172.459	0.44	fixation	n/a	120.9	75.2	963.0	n/a	n/a	n/a	n/a
172.901	0.018	saccade	n/a	123.1	76.7	n/a	160.6	69.6	1.49	126.0
172.921	0.218	fixation	n/a	156.2	67.8	1024.0	n/a	n/a	n/a	n/a
173.141	0.022	saccade	n/a	156.8	67.4	n/a	99.1	69.2	2.25	174.0
173.165	0.196	fixation	n/a	111.3	71.4	985.0	n/a	n/a	n/a	n/a
173.363	0.024	saccade	n/a	112.4	73.2	n/a	205.9	60.8	3.69	254.0
173.389	0.188	fixation	n/a	208.0	60.8	1013.0	n/a	n/a	n/a	n/a
173.579	0.022	saccade	n/a	207.5	63.2	n/a	268.6	64.4	2.43	192.0
173.603	0.222	fixation	n/a	263.8	64.3	1047.0	n/a	n/a	n/a	n/a
173.827	0.022	saccade	n/a	262.8	63.4	n/a	329.2	68.4	2.66	203.0
173.851	0.18	fixation	n/a	332.4	67.9	1055.0	n/a	n/a	n/a	n/a
174.033	0.018	saccade	n/a	333.8	70.2	n/a	294.4	65.4	1.59	136.0
174.053	0.154	fixation	n/a	301.9	67.7	1057.0	n/a	n/a	n/a	n/a
174.209	0.022	saccade	n/a	301.3	69.8	n/a	374.4	73.6	2.95	210.0
174.233	0.178	fixation	n/a	371.7	73.6	1063.0	n/a	n/a	n/a	n/a
174.413	0.022	saccade	n/a	371.1	73.6	n/a	443.3	76.3	2.91	200.0
174.437	0.198	fixation	n/a	443.1	79.0	1053.0	n/a	n/a	n/a	n/a
174.637	0.02	saccade	n/a	442.5	80.8	n/a	502.3	75.8	2.41	182.0
174.659	0.222	fixation	n/a	501.0	75.5	1032.0	n/a	n/a	n/a	n/a
174.883	0.01	saccade	n/a	501.5	74.5	n/a	519.6	82.1	0.79	84.0
174.895	0.13	fixation	n/a	524.5	80.7	1003.0	n/a	n/a	n/a	n/a
175.027	0.064	saccade	n/a	525.0	77.9	n/a	137.3	134.3	15.46	535.0
175.093	0.802	fixation	n/a	125.7	132.2	956.0	n/a	n/a	n/a	n/a
175.897	0.02	saccade	n/a	123.5	129.3	n/a	175.4	123.0	2.05	150.0
175.919	0.372	fixation	n/a	173.3	125.7	935.0	n/a	n/a	n/a	n/a
176.293	0.072	saccade	n/a	178.6	127.8	n/a	518.1	80.4	13.61	384.0
176.367	0.14	fixation	n/a	518.0	83.4	933.0	n/a	n/a	n/a	n/a
176.509	0.016	saccade	n/a	519.1	83.3	n/a	547.5	66.9	1.32	117.0
176.527	0.224	fixation	n/a	544.4	73.0	918.0	n/a	n/a	n/a	n/a
176.753	0.058	saccade	n/a	545.7	74.7	n/a	200.7	122.7	13.83	539.0
176.813	0.158	fixation	n/a	191.5	123.5	892.0	n/a	n/a	n/a	n/a
176.973	0.02	saccade	n/a	189.8	124.5	n/a	244.1	112.7	2.2	196.0
176.995	0.272	fixation	n/a	235.7	116.8	907.0	n/a	n/a	n/a	n/a
177.269	0.032	saccade	n/a	235.0	118.9	n/a	350.2	123.6	4.62	244.0
177.303	0.336	fixation	n/a	353.2	125.5	932.0	n/a	n/a	n/a	n/a
177.641	0.026	saccade	n/a	354.3	128.5	n/a	454.5	129.3	4.03	269.0
177.669	0.288	fixation	n/a	458.9	128.1	936.0	n/a	n/a	n/a	n/a
177.959	0.022	saccade	n/a	456.8	130.6	n/a	517.0	127.7	2.42	174.0
177.983	0.162	fixation	n/a	511.7	128.8	937.0	n/a	n/a	n/a	n/a
178.147	0.02	saccade	n/a	509.8	128.9	n/a	565.6	129.8	2.22	176.0
178.169	0.234	fixation	n/a	564.1	127.1	946.0	n/a	n/a	n/a	n/a
178.405	0.064	saccade	n/a	564.1	127.2	n/a	161.4	179.2	16.02	554.0
178.424	0.0	trigger_11	11	n/a	n/a	n/a	n/a	n/a	n/a	n/a
178.44	0.0	trigger_10	10	n/a	n/a	n/a	n/a	n/a	n/a	n/a
178.471	0.128	fixation	n/a	154.0	180.1	943.0	n/a	n/a	n/a	n/a
178.601	0.024	saccade	n/a	153.4	179.9	n/a	99.2	187.4	2.12	174.0
178.627	0.152	fixation	n/a	112.2	187.9	920.0	n/a	n/a	n/a	n/a
178.781	0.036	saccade	n/a	111.7	189.3	n/a	261.8	180.6	5.9	292.0
178.819	0.182	fixation	n/a	262.8	180.0	895.0	n/a	n/a	n/a	n/a
179.003	0.02	saccade	n/a	262.8	181.5	n/a	334.5	187.5	2.88	250.0
179.025	0.17	fixation	n/a	331.8	191.2	909.0	n/a	n/a	n/a	n/a
179.197	0.024	saccade	n/a	331.5	193.4	n/a	418.5	192.2	3.49	233.0
179.223	0.332	fixation	n/a	425.4	193.0	902.0	n/a	n/a	n/a	n/a
179.557	0.022	saccade	n/a	425.8	194.4	n/a	493.7	189.5	2.73	182.0
179.581	0.144	fixation	n/a	495.2	187.7	900.0	n/a	n/a	n/a	n/a
179.727	0.062	saccade	n/a	497.1	187.8	n/a	137.4	240.0	14.32	502.0
179.791	0.226	fixation	n/a	125.9	242.0	898.0	n/a	n/a	n/a	n/a
180.019	0.016	saccade	n/a	123.8	243.3	n/a	98.8	234.9	1.02	102.0
180.037	0.118	fixation	n/a	106.0	237.3	873.0	n/a	n/a	n/a	n/a
180.157	0.04	saccade	n/a	106.9	238.2	n/a	123.6	80.1	6.34	335.0
180.199	0.146	fixation	n/a	130.4	86.0	822.0	n/a	n/a	n/a	n/a
180.347	0.016	saccade	n/a	132.7	85.8	n/a	124.2	67.2	0.82	88.0
180.365	0.324	fixation	n/a	129.1	75.4	841.0	n/a	n/a	n/a	n/a
180.691	0.006	saccade	n/a	129.1	77.6	n/a	119.5	76.8	0.37	54.0
180.699	0.174	fixation	n/a	120.7	78.3	893.0	n/a	n/a	n/a	n/a
180.875	0.006	saccade	n/a	126.1	75.3	n/a	135.3	74.5	0.36	52.0
180.883	0.028	fixation	n/a	142.7	72.8	908.0	n/a	n/a	n/a	n/a
180.913	0.01	saccade	n/a	157.4	71.7	n/a	174.4	71.3	0.67	73.0
180.925	0.154	fixation	n/a	187.7	71.6	911.0	n/a	n/a	n/a	n/a
181.081	0.024	saccade	n/a	188.4	72.6	n/a	271.4	61.6	3.32	248.0
181.107	0.164	fixation	n/a	270.1	61.4	914.0	n/a	n/a	n/a	n/a
181.273	0.026	saccade	n/a	269.7	63.0	n/a	365.6	69.8	3.86	284.0
181.301	0.29	fixation	n/a	360.2	67.8	910.0	n/a	n/a	n/a	n/a
181.593	0.024	saccade	n/a	358.3	69.2	n/a	452.5	74.6	3.8	258.0
181.619	0.394	fixation	n/a	457.7	73.1	910.0	n/a	n/a	n/a	n/a
182.015	0.026	saccade	n/a	453.9	73.5	n/a	533.9	79.0	3.21	192.0
182.043	0.138	fixation	n/a	527.8	75.4	914.0	n/a	n/a	n/a	n/a
182.183	0.018	saccade	n/a	527.3	76.3	n/a	572.7	74.4	1.81	140.0
182.203	0.178	fixation	n/a	577.2	72.4	923.0	n/a	n/a	n/a	n/a
182.383	0.068	saccade	n/a	577.4	74.1	n/a	138.8	126.3	17.4	517.0
182.453	0.332	fixation	n/a	130.7	129.1	911.0	n/a	n/a	n/a	n/a
182.787	0.022	saccade	n/a	130.7	134.0	n/a	187.9	123.5	2.28	177.0
182.811	0.294	fixation	n/a	183.0	124.2	880.0	n/a	n/a	n/a	n/a
183.107	0.02	saccade	n/a	182.2	125.4	n/a	236.1	117.7	2.16	168.0
183.129	0.154	fixation	n/a	229.6	118.9	908.0	n/a	n/a	n/a	n/a
183.285	0.024	saccade	n/a	228.3	119.7	n/a	314.7	124.4	3.45	238.0
183.311	0.172	fixation	n/a	310.9	123.1	945.0	n/a	n/a	n/a	n/a
183.485	0.022	saccade	n/a	309.9	123.2	n/a	389.6	132.7	3.23	248.0
183.509	0.174	fixation	n/a	383.5	129.8	953.0	n/a	n/a	n/a	n/a
183.685	0.022	saccade	n/a	381.0	128.9	n/a	459.7	126.6	3.17	236.0
183.709	0.256	fixation	n/a	472.0	125.8	950.0	n/a	n/a	n/a	n/a
183.967	0.018	saccade	n/a	470.6	126.9	n/a	512.9	128.2	1.7	152.0
183.987	0.208	fixation	n/a	506.4	127.0	949.0	n/a	n/a	n/a	n/a
184.197	0.06	saccade	n/a	507.6	130.1	n/a	160.6	179.4	13.89	511.0
184.259	0.116	fixation	n/a	152.7	179.7	925.0	n/a	n/a	n/a	n/a
184.377	0.022	saccade	n/a	151.3	179.9	n/a	116.0	185.9	1.39	142.0
184.401	0.348	fixation	n/a	124.7	188.3	915.0	n/a	n/a	n/a	n/a
184.751	0.022	saccade	n/a	124.4	191.5	n/a	195.2	176.5	2.83	216.0
184.775	0.262	fixation	n/a	208.8	175.7	867.0	n/a	n/a	n/a	n/a
185.039	0.02	saccade	n/a	209.0	176.8	n/a	267.3	183.3	2.33	198.0
185.061	0.176	fixation	n/a	263.8	182.5	879.0	n/a	n/a	n/a	n/a
185.239	0.024	saccade	n/a	263.3	183.1	n/a	342.8	189.0	3.19	249.0
185.265	0.084	fixation	n/a	337.9	188.7	895.0	n/a	n/a	n/a	n/a
185.351	0.022	saccade	n/a	336.9	188.8	n/a	403.5	195.1	2.69	202.0
185.375	0.186	fixation	n/a	399.5	194.5	883.0	n/a	n/a	n/a	n/a
185.563	0.022	saccade	n/a	399.0	195.8	n/a	452.4	188.0	2.17	184.0
185.587	0.188	fixation	n/a	449.1	189.6	879.0	n/a	n/a	n/a	n/a
185.72	0.0	trigger_11	11	n/a	n/a	n/a	n/a	n/a	n/a	n/a
185.728	0.0	trigger_10	10	n/a	n/a	n/a	n/a	n/a	n/a	n/a
185.777	0.02	saccade	n/a	448.8	189.8	n/a	505.3	182.9	2.28	173.0
185.799	0.124	fixation	n/a	513.5	183.2	872.0	n/a	n/a	n/a	n/a
185.925	0.022	saccade	n/a	512.8	183.8	n/a	568.2	187.6	2.21	168.0
185.949	0.12	fixation	n/a	562.7	186.5	870.0	n/a	n/a	n/a	n/a
186.071	0.062	saccade	n/a	562.8	187.9	n/a	179.1	233.5	15.25	528.0
186.135	0.14	fixation	n/a	166.0	232.6	871.0	n/a	n/a	n/a	n/a
186.277	0.022	saccade	n/a	168.7	233.8	n/a	128.8	240.2	1.57	177.0
186.301	0.158	fixation	n/a	137.3	240.1	877.0	n/a	n/a	n/a	n/a
186.461	0.022	saccade	n/a	138.2	240.9	n/a	215.9	247.2	3.05	244.0
186.485	0.13	fixation	n/a	211.0	247.1	870.0	n/a	n/a	n/a	n/a
186.617	0.168	saccade	n/a	211.4	252.0	n/a	134.8	77.0	7.64	255.0
186.787	0.194	fixation	n/a	135.6	82.9	807.0	n/a	n/a	n/a	n/a
186.983	0.018	saccade	n/a	137.1	84.7	n/a	122.6	66.3	0.93	100.0
187.003	0.294	fixation	n/a	128.4	73.9	801.0	n/a	n/a	n/a	n/a
187.299	0.016	saccade	n/a	130.1	77.3	n/a	107.7	72.4	0.89	95.0
187.317	0.62	fixation	n/a	113.3	78.6	843.0	n/a	n/a	n/a	n/a
187.939	0.02	saccade	n/a	112.7	83.4	n/a	167.6	72.0	2.19	169.0
187.961	0.224	fixation	n/a	171.1	71.1	890.0	n/a	n/a	n/a	n/a
188.187	0.06	saccade	n/a	170.0	74.6	n/a	349.7	507.8	18.28	540.0
188.249	0.052	fixation	n/a	350.1	499.8	990.0	n/a	n/a	n/a	n/a
188.303	0.028	saccade	n/a	350.3	502.1	n/a	453.2	512.0	4.0	257.0
188.333	0.204	fixation	n/a	442.8	512.9	960.0	n/a	n/a	n/a	n/a
188.539	0.022	saccade	n/a	444.2	515.1	n/a	509.5	519.9	2.52	186.0
188.563	0.17	fixation	n/a	508.6	519.2	838.0	n/a	n/a	n/a	n/a
188.735	0.08	saccade	n/a	511.2	519.2	n/a	148.9	99.6	21.54	411.0
188.817	0.142	fixation	n/a	141.1	79.8	706.0	n/a	n/a	n/a	n/a
188.961	0.016	saccade	n/a	142.7	76.1	n/a	125.4	63.3	0.85	97.0
188.979	0.206	fixation	n/a	129.6	68.3	684.0	n/a	n/a	n/a	n/a
189.187	0.02	saccade	n/a	129.5	71.4	n/a	195.8	61.2	2.63	209.0
189.209	0.276	fixation	n/a	206.8	58.0	744.0	n/a	n/a	n/a	n/a
189.487	0.024	saccade	n/a	207.2	61.1	n/a	297.3	50.5	3.61	247.0
189.513	0.308	fixation	n/a	314.1	50.1	806.0	n/a	n/a	n/a	n/a
189.823	0.014	saccade	n/a	313.5	50.6	n/a	286.9	54.7	1.08	97.0
189.839	0.154	fixation	n/a	291.4	55.2	836.0	n/a	n/a	n/a	n/a
189.995	0.024	saccade	n/a	291.3	56.9	n/a	382.9	60.4	3.68	260.0
190.021	0.188	fixation	n/a	389.7	56.8	854.0	n/a	n/a	n/a	n/a
190.211	0.022	saccade	n/a	391.3	61.2	n/a	465.6	64.2	2.99	220.0
190.235	0.21	fixation	n/a	461.2	64.0	902.0	n/a	n/a	n/a	n/a
190.447	0.02	saccade	n/a	458.4	65.7	n/a	514.7	69.4	2.26	181.0
190.469	0.16	fixation	n/a	508.6	69.9	934.0	n/a	n/a	n/a	n/a
190.631	0.018	saccade	n/a	508.2	71.2	n/a	467.7	67.4	1.63	133.0
190.651	0.226	fixation	n/a	478.5	69.2	921.0	n/a	n/a	n/a	n/a
190.879	0.026	saccade	n/a	476.8	70.5	n/a	568.0	75.4	3.65	274.0
190.907	0.278	fixation	n/a	562.0	75.2	927.0	n/a	n/a	n/a	n/a
191.187	0.048	saccade	n/a	562.4	78.1	n/a	233.5	100.8	13.11	475.0
191.237	0.134	fixation	n/a	239.8	98.8	914.0	n/a	n/a	n/a	n/a
191.373	0.028	saccade	n/a	239.4	97.5	n/a	126.6	123.5	4.56	291.0
191.403	0.544	fixation	n/a	136.4	129.1	916.0	n/a	n/a	n/a	n/a
191.949	0.022	saccade	n/a	135.7	133.5	n/a	205.0	122.9	2.75	188.0
191.973	0.15	fixation	n/a	215.9	121.9	899.0	n/a	n/a	n/a	n/a
192.125	0.024	saccade	n/a	215.9	121.6	n/a	296.4	123.7	3.21	236.0
192.151	0.16	fixation	n/a	293.6	122.9	912.0	n/a	n/a	n/a	n/a
192.313	0.022	saccade	n/a	291.8	122.3	n/a	353.7	130.6	2.51	189.0
192.337	0.242	fixation	n/a	353.2	129.6	923.0	n/a	n/a	n/a	n/a
192.581	0.018	saccade	n/a	354.1	132.0	n/a	401.5	131.0	1.91	142.0
192.601	0.176	fixation	n/a	401.5	131.0	922.0	n/a	n/a	n/a	n/a
192.779	0.022	saccade	n/a	398.1	132.9	n/a	469.6	126.6	2.89	208.0
192.803	0.164	fixation	n/a	469.2	127.9	915.0	n/a	n/a	n/a	n/a
192.969	0.02	saccade	n/a	468.4	126.7	n/a	520.1	128.2	2.07	164.0
192.991	0.158	fixation	n/a	524.4	126.3	913.0	n/a	n/a	n/a	n/a
193.151	0.064	saccade	n/a	526.0	126.1	n/a	167.0	175.5	14.36	438.0
193.217	0.28	fixation	n/a	160.3	177.9	917.0	n/a	n/a	n/a	n/a
193.272	0.0	trigger_11	11	n/a	n/a	n/a	n/a	n/a	n/a	n/a
193.286	0.0	trigger_12	12	n/a	n/a	n/a	n/a	n/a	n/a	n/a
193.499	0.024	saccade	n/a	160.6	181.0	n/a	243.4	188.3	3.28	259.0
193.525	0.11	fixation	n/a	238.8	184.9	925.0	n/a	n/a	n/a	n/a
193.637	0.024	saccade	n/a	238.3	186.4	n/a	318.1	190.8	3.19	255.0
193.663	0.15	fixation	n/a	314.8	191.3	912.0	n/a	n/a	n/a	n/a
193.815	0.022	saccade	n/a	316.0	194.1	n/a	395.9	193.3	3.21	239.0
193.839	0.184	fixation	n/a	393.7	193.6	920.0	n/a	n/a	n/a	n/a
194.025	0.02	saccade	n/a	392.3	194.3	n/a	450.5	190.3	2.34	190.0
194.047	0.378	fixation	n/a	447.0	193.6	900.0	n/a	n/a	n/a	n/a
194.427	0.02	saccade	n/a	445.0	193.8	n/a	498.1	186.8	2.15	161.0
194.449	0.208	fixation	n/a	493.9	188.3	895.0	n/a	n/a	n/a	n/a
194.659	0.036	saccade	n/a	494.3	190.9	n/a	440.5	188.2	2.16	144.0
194.697	0.392	fixation	n/a	415.5	203.8	933.0	n/a	n/a	n/a	n/a
195.091	0.04	saccade	n/a	413.1	206.5	n/a	308.1	171.6	4.45	271.0
195.133	0.12	fixation	n/a	315.8	176.1	953.0	n/a	n/a	n/a	n/a
195.255	0.042	saccade	n/a	315.6	176.1	n/a	150.5	82.4	7.56	409.0
195.299	0.17	fixation	n/a	160.0	88.1	938.0	n/a	n/a	n/a	n/a
195.471	0.018	saccade	n/a	160.5	88.8	n/a	123.6	67.6	1.67	150.0
195.491	0.154	fixation	n/a	130.5	74.1	938.0	n/a	n/a	n/a	n/a
195.647	0.006	saccade	n/a	128.9	75.8	n/a	119.6	74.6	0.36	55.0
195.655	0.138	fixation	n/a	122.9	75.1	920.0	n/a	n/a	n/a	n/a
195.795	0.024	saccade	n/a	122.4	74.9	n/a	193.8	60.8	2.85	213.0
195.821	0.19	fixation	n/a	195.4	60.0	918.0	n/a	n/a	n/a	n/a
196.013	0.026	saccade	n/a	196.3	63.4	n/a	277.6	51.3	3.27	242.0
196.041	0.14	fixation	n/a	271.8	53.4	960.0	n/a	n/a	n/a	n/a
196.183	0.086	saccade	n/a	273.2	60.3	n/a	350.2	69.6	3.11	370.0
196.184	0.0	trigger_13	13	n/a	n/a	n/a	n/a	n/a	n/a	n/a
196.194	0.0	trigger_10	10	n/a	n/a	n/a	n/a	n/a	n/a	n/a
196.271	0.204	fixation	n/a	352.4	72.9	1020.0	n/a	n/a	n/a	n/a
196.477	0.02	saccade	n/a	353.8	73.6	n/a	298.7	61.9	2.26	199.0
196.499	0.098	fixation	n/a	310.0	66.4	1013.0	n/a	n/a	n/a	n/a
196.599	0.03	saccade	n/a	310.5	67.3	n/a	422.7	73.6	4.52	248.0
196.631	0.15	fixation	n/a	422.4	71.8	990.0	n/a	n/a	n/a	n/a
196.783	0.022	saccade	n/a	424.6	72.3	n/a	489.5	70.5	2.61	184.0
196.807	0.226	fixation	n/a	484.3	68.3	971.0	n/a	n/a	n/a	n/a
197.035	0.02	saccade	n/a	484.4	69.6	n/a	542.0	68.7	2.3	189.0
197.057	0.212	fixation	n/a	540.6	70.4	962.0	n/a	n/a	n/a	n/a
197.271	0.008	saccade	n/a	540.8	73.6	n/a	551.8	71.3	0.45	53.0
197.281	0.528	fixation	n/a	550.2	79.3	1009.0	n/a	n/a	n/a	n/a
197.811	0.048	saccade	n/a	549.4	83.9	n/a	334.6	80.7	8.59	306.0
197.861	0.096	fixation	n/a	347.2	84.5	1039.0	n/a	n/a	n/a	n/a
197.959	0.034	saccade	n/a	347.3	87.7	n/a	183.0	74.2	6.56	329.0
197.995	0.028	fixation	n/a	154.8	81.0	1001.0	n/a	n/a	n/a	n/a
198.025	0.0	saccade	n/a	127.0	85.9	n/a	127.0	85.9	0.0	17.0
198.027	0.164	fixation	n/a	140.0	83.6	978.0	n/a	n/a	n/a	n/a
198.193	0.006	saccade	n/a	139.8	81.3	n/a	140.8	73.3	0.32	47.0
198.201	0.198	fixation	n/a	141.7	77.5	950.0	n/a	n/a	n/a	n/a
198.401	0.016	saccade	n/a	138.4	78.2	n/a	114.2	76.6	0.94	99.0
198.419	0.158	fixation	n/a	121.7	76.6	968.0	n/a	n/a	n/a	n/a
198.579	0.03	saccade	n/a	121.2	77.1	n/a	239.0	58.8	4.69	271.0
198.611	0.166	fixation	n/a	241.5	57.1	1000.0	n/a	n/a	n/a	n/a
198.779	0.024	saccade	n/a	240.7	58.4	n/a	325.2	60.3	3.38	235.0
198.805	0.17	fixation	n/a	322.8	59.7	983.0	n/a	n/a	n/a	n/a
198.977	0.02	saccade	n/a	324.0	59.2	n/a	391.5	64.0	2.72	195.0
198.999	0.194	fixation	n/a	399.8	65.9	983.0	n/a	n/a	n/a	n/a
199.195	0.022	saccade	n/a	402.2	67.9	n/a	466.4	65.7	2.59	174.0
199.219	0.258	fixation	n/a	465.6	66.0	985.0	n/a	n/a	n/a	n/a
199.479	0.014	saccade	n/a	465.7	67.7	n/a	493.9	67.5	1.13	112.0
199.495	0.168	fixation	n/a	488.0	69.0	1000.0	n/a	n/a	n/a	n/a
199.665	0.022	saccade	n/a	487.6	70.5	n/a	557.2	73.9	2.79	215.0
199.689	0.184	fixation	n/a	553.3	73.8	1010.0	n/a	n/a	n/a	n/a
199.875	0.054	saccade	n/a	555.0	75.6	n/a	139.9	122.2	16.48	502.0
199.931	0.132	fixation	n/a	152.7	122.8	1021.0	n/a	n/a	n/a	n/a
200.065	0.02	saccade	n/a	153.4	122.3	n/a	120.8	130.9	1.31	131.0
200.087	0.182	fixation	n/a	128.4	132.2	1017.0	n/a	n/a	n/a	n/a
200.271	0.04	saccade	n/a	127.6	133.3	n/a	270.0	126.9	5.62	270.0
200.313	0.136	fixation	n/a	267.5	130.2	999.0	n/a	n/a	n/a	n/a
200.451	0.108	saccade	n/a	270.4	131.0	n/a	277.3	128.9	0.29	509.0
200.456	0.0	trigger_11	11	n/a	n/a	n/a	n/a	n/a	n/a	n/a
200.464	0.0	trigger_10	10	n/a	n/a	n/a	n/a	n/a	n/a	n/a
200.561	0.154	fixation	n/a	276.5	134.6	941.0	n/a	n/a	n/a	n/a
200.717	0.016	saccade	n/a	275.1	135.7	n/a	305.2	126.8	1.26	120.0
200.735	0.646	fixation	n/a	296.7	125.7	893.0	n/a	n/a	n/a	n/a
201.383	0.018	saccade	n/a	289.2	124.2	n/a	325.2	125.2	1.44	133.0
201.403	0.368	fixation	n/a	319.3	122.1	848.0	n/a	n/a	n/a	n/a
201.773	0.062	saccade	n/a	320.0	123.0	n/a	144.0	71.8	7.27	243.0
201.837	0.18	fixation	n/a	155.0	74.1	843.0	n/a	n/a	n/a	n/a
202.019	0.016	saccade	n/a	155.3	75.3	n/a	126.1	67.5	1.18	106.0
202.037	0.288	fixation	n/a	134.1	71.8	835.0	n/a	n/a	n/a	n/a
202.327	0.016	saccade	n/a	136.2	73.8	n/a	107.2	70.4	1.13	108.0
202.345	0.354	fixation	n/a	115.1	72.8	845.0	n/a	n/a	n/a	n/a
202.701	0.02	saccade	n/a	115.3	74.2	n/a	170.8	66.6	2.19	166.0
202.723	0.162	fixation	n/a	168.6	66.1	875.0	n/a	n/a	n/a	n/a
202.887	0.064	saccade	n/a	170.0	64.4	n/a	201.1	58.4	1.25	183.0
202.953	0.172	fixation	n/a	220.2	64.7	923.0	n/a	n/a	n/a	n/a
203.127	0.02	saccade	n/a	222.8	69.4	n/a	271.7	61.0	1.98	144.0
203.149	0.2	fixation	n/a	267.6	62.8	947.0	n/a	n/a	n/a	n/a
203.351	0.024	saccade	n/a	267.0	65.3	n/a	341.1	67.7	2.97	198.0
203.377	0.47	fixation	n/a	340.7	65.4	932.0	n/a	n/a	n/a	n/a
203.849	0.018	saccade	n/a	339.7	66.8	n/a	298.5	56.1	1.71	138.0
203.869	0.202	fixation	n/a	302.4	58.5	916.0	n/a	n/a	n/a	n/a
204.073	0.024	saccade	n/a	301.9	59.1	n/a	377.7	66.7	3.07	218.0
204.099	0.326	fixation	n/a	378.1	63.9	918.0	n/a	n/a	n/a	n/a
204.427	0.018	saccade	n/a	377.3	61.8	n/a	341.2	53.4	1.49	108.0
204.447	0.108	fixation	n/a	347.9	57.4	877.0	n/a	n/a	n/a	n/a
204.557	0.126	saccade	n/a	348.1	60.2	n/a	348.2	56.0	0.17	461.0
204.685	0.354	fixation	n/a	349.8	66.6	889.0	n/a	n/a	n/a	n/a
205.041	0.022	saccade	n/a	352.8	74.4	n/a	309.3	54.0	1.94	157.0
205.065	0.21	fixation	n/a	317.0	59.0	864.0	n/a	n/a	n/a	n/a
205.277	0.024	saccade	n/a	318.1	59.5	n/a	387.3	59.1	2.78	180.0
205.303	0.158	fixation	n/a	381.1	56.9	847.0	n/a	n/a	n/a	n/a
205.463	0.024	saccade	n/a	379.8	54.3	n/a	458.7	66.9	3.22	263.0
205.489	0.23	fixation	n/a	455.9	66.8	899.0	n/a	n/a	n/a	n/a
205.721	0.026	saccade	n/a	455.4	70.2	n/a	535.6	70.9	3.21	180.0
205.749	0.176	fixation	n/a	537.9	71.8	915.0	n/a	n/a	n/a	n/a
205.927	0.02	saccade	n/a	538.1	73.4	n/a	589.1	75.8	2.03	144.0
205.949	0.18	fixation	n/a	585.2	75.3	916.0	n/a	n/a	n/a	n/a
206.131	0.022	saccade	n/a	585.4	77.3	n/a	527.1	68.1	2.35	187.0
206.155	0.366	fixation	n/a	537.6	77.2	952.0	n/a	n/a	n/a	n/a
206.523	0.022	saccade	n/a	536.6	82.5	n/a	593.3	83.3	2.25	162.0
206.547	0.282	fixation	n/a	589.7	82.5	967.0	n/a	n/a	n/a	n/a
206.831	0.054	saccade	n/a	591.6	81.1	n/a	342.6	91.4	9.93	412.0
206.887	0.136	fixation	n/a	339.2	92.1	978.0	n/a	n/a	n/a	n/a
207.025	0.04	saccade	n/a	336.9	90.7	n/a	139.5	118.1	7.9	430.0
207.067	0.164	fixation	n/a	150.2	118.5	978.0	n/a	n/a	n/a	n/a
207.233	0.018	saccade	n/a	149.4	119.0	n/a	112.6	127.9	1.48	135.0
207.253	0.336	fixation	n/a	122.8	125.1	945.0	n/a	n/a	n/a	n/a
207.591	0.022	saccade	n/a	122.6	126.3	n/a	194.9	118.0	2.85	213.0
207.615	0.202	fixation	n/a	197.5	119.2	925.0	n/a	n/a	n/a	n/a
207.819	0.02	saccade	n/a	199.3	121.1	n/a	145.8	125.8	2.11	172.0
207.841	0.128	fixation	n/a	154.6	128.2	918.0	n/a	n/a	n/a	n/a
207.971	0.02	saccade	n/a	155.8	129.2	n/a	110.0	127.4	1.79	153.0
207.993	0.184	fixation	n/a	119.6	128.7	921.0	n/a	n/a	n/a	n/a
208.179	0.062	saccade	n/a	119.9	129.9	n/a	462.4	66.9	13.75	509.0
208.243	0.17	fixation	n/a	472.8	72.6	958.0	n/a	n/a	n/a	n/a
208.415	0.022	saccade	n/a	473.0	75.7	n/a	541.3	77.2	2.73	249.0
208.439	0.53	fixation	n/a	535.5	73.7	927.0	n/a	n/a	n/a	n/a
208.971	0.076	saccade	n/a	538.4	74.8	n/a	144.8	132.8	15.7	362.0
209.049	0.116	fixation	n/a	147.4	136.5	917.0	n/a	n/a	n/a	n/a
209.167	0.016	saccade	n/a	146.5	139.1	n/a	114.7	127.7	1.32	117.0
209.185	0.288	fixation	n/a	123.1	129.1	922.0	n/a	n/a	n/a	n/a
209.475	0.018	saccade	n/a	122.8	131.1	n/a	165.5	120.7	1.72	146.0
209.495	0.268	fixation	n/a	161.8	123.4	912.0	n/a	n/a	n/a	n/a
209.765	0.022	saccade	n/a	161.5	124.5	n/a	223.1	119.1	2.44	180.0
209.789	0.164	fixation	n/a	224.3	118.8	927.0	n/a	n/a	n/a	n/a
209.955	0.03	saccade	n/a	226.1	120.8	n/a	334.3	131.2	4.34	238.0
209.987	0.21	fixation	n/a	332.0	131.0	948.0	n/a	n/a	n/a	n/a
210.199	0.02	saccade	n/a	332.0	131.0	n/a	403.1	136.1	2.87	224.0
210.221	0.252	fixation	n/a	412.9	135.2	938.0	n/a	n/a	n/a	n/a
210.475	0.022	saccade	n/a	412.3	137.7	n/a	487.1	136.4	3.01	212.0
210.499	0.222	fixation	n/a	488.8	133.6	944.0	n/a	n/a	n/a	n/a
210.586	0.0	trigger_11	11	n/a	n/a	n/a	n/a	n/a	n/a	n/a
210.6	0.0	trigger_10	10	n/a	n/a	n/a	n/a	n/a	n/a	n/a
210.723	0.024	saccade	n/a	487.7	136.0	n/a	559.2	133.8	2.86	210.0
210.749	0.248	fixation	n/a	554.5	132.8	943.0	n/a	n/a	n/a	n/a
210.999	0.058	saccade	n/a	555.8	134.0	n/a	192.1	73.9	14.64	396.0
211.059	0.082	fixation	n/a	203.4	78.4	901.0	n/a	n/a	n/a	n/a
211.143	0.024	saccade	n/a	203.3	78.6	n/a	141.9	75.0	2.42	226.0
211.169	0.152	fixation	n/a	150.1	77.1	884.0	n/a	n/a	n/a	n/a
211.323	0.012	saccade	n/a	148.8	77.4	n/a	123.3	73.6	1.0	98.0
211.337	0.224	fixation	n/a	130.8	76.0	872.0	n/a	n/a	n/a	n/a
211.563	0.058	saccade	n/a	130.8	76.3	n/a	478.9	127.8	13.92	528.0
211.623	0.08	fixation	n/a	489.3	134.8	931.0	n/a	n/a	n/a	n/a
211.705	0.022	saccade	n/a	488.8	138.0	n/a	555.4	126.1	2.71	229.0
211.729	0.284	fixation	n/a	546.9	129.7	927.0	n/a	n/a	n/a	n/a
212.015	0.056	saccade	n/a	547.4	132.5	n/a	442.5	482.2	14.37	361.0
212.073	0.25	fixation	n/a	442.9	508.4	919.0	n/a	n/a	n/a	n/a
212.325	0.074	saccade	n/a	445.0	510.7	n/a	234.5	97.9	18.15	534.0
212.401	0.082	fixation	n/a	238.7	105.4	796.0	n/a	n/a	n/a	n/a
212.485	0.024	saccade	n/a	238.3	106.0	n/a	151.1	65.6	3.81	299.0
212.511	0.088	fixation	n/a	157.0	78.9	756.0	n/a	n/a	n/a	n/a
212.601	0.03	saccade	n/a	157.6	78.3	n/a	130.6	75.6	1.06	182.0
212.633	0.238	fixation	n/a	128.4	74.5	755.0	n/a	n/a	n/a	n/a
212.873	0.022	saccade	n/a	129.3	78.2	n/a	187.6	61.6	2.38	196.0
212.897	0.17	fixation	n/a	182.1	65.1	858.0	n/a	n/a	n/a	n/a
213.069	0.026	saccade	n/a	180.7	66.1	n/a	282.8	56.1	4.07	266.0
213.097	0.22	fixation	n/a	279.2	59.1	899.0	n/a	n/a	n/a	n/a
213.319	0.024	saccade	n/a	278.8	61.6	n/a	369.5	67.5	3.65	268.0
213.345	0.17	fixation	n/a	367.9	67.0	922.0	n/a	n/a	n/a	n/a
213.517	0.024	saccade	n/a	365.7	69.6	n/a	466.7	80.9	4.09	329.0
213.543	0.09	fixation	n/a	464.7	74.8	937.0	n/a	n/a	n/a	n/a
213.635	0.13	saccade	n/a	464.1	80.1	n/a	505.3	74.9	1.66	953.0
213.663	0.054	blink	n/a	n/a	n/a	n/a	n/a	n/a	n/a	n/a
213.767	0.17	fixation	n/a	507.4	85.8	941.0	n/a	n/a	n/a	n/a
213.939	0.018	saccade	n/a	506.4	87.7	n/a	548.9	76.8	1.75	136.0
213.959	0.23	fixation	n/a	542.8	79.8	925.0	n/a	n/a	n/a	n/a
214.191	0.064	saccade	n/a	543.5	79.3	n/a	135.4	146.3	16.29	539.0
214.257	0.214	fixation	n/a	125.9	146.2	885.0	n/a	n/a	n/a	n/a
214.473	0.022	saccade	n/a	124.1	147.3	n/a	183.4	123.9	2.5	192.0
214.497	0.274	fixation	n/a	178.3	127.5	906.0	n/a	n/a	n/a	n/a
214.773	0.02	saccade	n/a	178.2	128.0	n/a	157.0	125.1	0.84	97.0
214.795	0.198	fixation	n/a	160.9	126.6	915.0	n/a	n/a	n/a	n/a
214.995	0.022	saccade	n/a	159.9	126.3	n/a	221.9	119.8	2.46	181.0
215.019	0.204	fixation	n/a	214.5	121.5	948.0	n/a	n/a	n/a	n/a
215.225	0.094	saccade	n/a	219.3	127.0	n/a	301.1	143.4	3.33	375.0
215.321	0.062	fixation	n/a	302.3	145.4	997.0	n/a	n/a	n/a	n/a
215.385	0.098	saccade	n/a	304.3	150.1	n/a	317.3	130.9	0.94	231.0
215.485	0.17	fixation	n/a	317.0	140.8	986.0	n/a	n/a	n/a	n/a
215.657	0.02	saccade	n/a	315.8	141.2	n/a	278.6	133.4	1.52	138.0
215.679	0.21	fixation	n/a	288.7	137.7	962.0	n/a	n/a	n/a	n/a
215.891	0.028	saccade	n/a	286.4	138.1	n/a	386.7	137.1	4.03	261.0
215.921	0.256	fixation	n/a	387.0	139.4	941.0	n/a	n/a	n/a	n/a
216.179	0.022	saccade	n/a	387.5	141.3	n/a	453.4	140.3	2.65	200.0
216.203	0.21	fixation	n/a	448.8	140.2	963.0	n/a	n/a	n/a	n/a
216.415	0.02	saccade	n/a	448.6	138.6	n/a	495.0	138.0	1.86	140.0
216.437	0.18	fixation	n/a	488.9	138.6	958.0	n/a	n/a	n/a	n/a
216.619	0.018	saccade	n/a	488.4	139.8	n/a	532.7	138.5	1.78	137.0
216.639	0.28	fixation	n/a	530.7	136.4	956.0	n/a	n/a	n/a	n/a
216.921	0.016	saccade	n/a	529.9	135.6	n/a	567.4	132.8	1.5	124.0
216.939	0.344	fixation	n/a	566.3	135.3	957.0	n/a	n/a	n/a	n/a
217.285	0.014	saccade	n/a	567.0	139.0	n/a	600.8	137.8	1.34	118.0
217.301	0.184	fixation	n/a	600.1	138.6	957.0	n/a	n/a	n/a	n/a
217.487	0.068	saccade	n/a	599.9	139.6	n/a	160.7	187.2	17.36	544.0
217.557	0.12	fixation	n/a	150.3	188.1	935.0	n/a	n/a	n/a	n/a
217.679	0.022	saccade	n/a	150.0	187.9	n/a	112.2	192.0	1.48	142.0
217.703	0.354	fixation	n/a	120.7	191.7	900.0	n/a	n/a	n/a	n/a
218.059	0.03	saccade	n/a	120.8	191.2	n/a	230.2	188.4	4.29	264.0
218.091	0.31	fixation	n/a	228.5	190.7	878.0	n/a	n/a	n/a	n/a
218.403	0.024	saccade	n/a	228.9	193.8	n/a	312.6	201.6	3.35	259.0
218.429	0.194	fixation	n/a	315.0	201.7	917.0	n/a	n/a	n/a	n/a
218.625	0.024	saccade	n/a	314.3	202.0	n/a	397.5	201.0	3.33	241.0
218.651	0.096	fixation	n/a	402.2	199.9	914.0	n/a	n/a	n/a	n/a
218.749	0.024	saccade	n/a	401.1	200.7	n/a	470.8	198.7	2.8	184.0
218.775	0.176	fixation	n/a	463.2	196.9	901.0	n/a	n/a	n/a	n/a
218.953	0.024	saccade	n/a	462.6	198.5	n/a	552.1	196.3	3.57	239.0
218.979	0.19	fixation	n/a	550.6	194.7	900.0	n/a	n/a	n/a	n/a
219.171	0.064	saccade	n/a	551.3	195.5	n/a	165.9	251.8	15.37	525.0
219.237	0.132	fixation	n/a	154.2	251.6	894.0	n/a	n/a	n/a	n/a
219.371	0.02	saccade	n/a	153.5	252.2	n/a	109.7	244.7	1.72	146.0
219.393	0.38	fixation	n/a	118.2	248.5	898.0	n/a	n/a	n/a	n/a
219.775	0.022	saccade	n/a	116.7	253.8	n/a	192.3	243.9	2.97	203.0
219.799	0.228	fixation	n/a	208.4	251.0	936.0	n/a	n/a	n/a	n/a
220.029	0.02	saccade	n/a	207.5	256.1	n/a	266.0	257.1	2.31	165.0
220.051	0.212	fixation	n/a	279.0	263.5	942.0	n/a	n/a	n/a	n/a
220.265	0.028	saccade	n/a	278.0	264.6	n/a	381.5	261.5	4.13	237.0
220.295	0.162	fixation	n/a	381.7	262.2	914.0	n/a	n/a	n/a	n/a
220.459	0.022	saccade	n/a	382.9	262.3	n/a	449.9	256.9	2.69	204.0
220.483	0.17	fixation	n/a	444.3	258.3	902.0	n/a	n/a	n/a	n/a
220.655	0.014	saccade	n/a	442.9	259.1	n/a	419.2	258.9	0.95	92.0
220.671	0.242	fixation	n/a	426.1	260.4	886.0	n/a	n/a	n/a	n/a
220.682	0.0	trigger_11	11	n/a	n/a	n/a	n/a	n/a	n/a	n/a
220.696	0.0	trigger_10	10	n/a	n/a	n/a	n/a	n/a	n/a	n/a
220.915	0.026	saccade	n/a	427.1	261.9	n/a	500.9	265.4	2.95	193.0
220.943	0.258	fixation	n/a	492.9	263.6	865.0	n/a	n/a	n/a	n/a
221.203	0.018	saccade	n/a	493.7	263.8	n/a	536.1	261.0	1.69	139.0
221.223	0.128	fixation	n/a	531.6	261.1	850.0	n/a	n/a	n/a	n/a
221.353	0.064	saccade	n/a	533.2	260.3	n/a	167.2	302.8	14.48	477.0
221.419	0.104	fixation	n/a	156.3	301.6	849.0	n/a	n/a	n/a	n/a
221.525	0.022	saccade	n/a	157.6	302.3	n/a	106.8	305.6	1.96	193.0
221.549	0.168	fixation	n/a	116.7	303.3	839.0	n/a	n/a	n/a	n/a
221.719	0.022	saccade	n/a	116.4	303.4	n/a	188.2	308.3	2.79	206.0
221.743	0.31	fixation	n/a	196.6	309.7	865.0	n/a	n/a	n/a	n/a
222.055	0.03	saccade	n/a	195.8	309.6	n/a	213.3	298.8	0.81	86.0
222.087	0.206	fixation	n/a	227.3	327.5	891.0	n/a	n/a	n/a	n/a
222.295	0.016	saccade	n/a	230.1	331.9	n/a	255.7	309.8	1.34	111.0
222.313	0.122	fixation	n/a	257.4	311.6	909.0	n/a	n/a	n/a	n/a
222.437	0.042	saccade	n/a	259.1	310.9	n/a	164.6	98.6	9.29	441.0
222.481	0.148	fixation	n/a	161.7	82.6	856.0	n/a	n/a	n/a	n/a
222.631	0.022	saccade	n/a	161.8	82.1	n/a	126.1	71.0	1.46	163.0
222.655	0.286	fixation	n/a	131.0	74.2	834.0	n/a	n/a	n/a	n/a
222.943	0.024	saccade	n/a	129.6	75.5	n/a	205.5	63.4	3.02	222.0
222.969	0.134	fixation	n/a	205.7	60.2	889.0	n/a	n/a	n/a	n/a
223.105	0.022	saccade	n/a	207.2	61.5	n/a	138.4	71.9	2.73	210.0
223.129	0.076	fixation	n/a	152.9	73.0	916.0	n/a	n/a	n/a	n/a
223.207	0.022	saccade	n/a	153.4	72.6	n/a	116.5	80.7	1.47	138.0
223.231	0.158	fixation	n/a	126.2	79.9	913.0	n/a	n/a	n/a	n/a
223.391	0.024	saccade	n/a	125.4	80.8	n/a	215.0	61.2	3.61	246.0
223.417	0.36	fixation	n/a	224.4	63.4	946.0	n/a	n/a	n/a	n/a
223.779	0.014	saccade	n/a	224.4	66.1	n/a	193.7	66.3	1.22	108.0
223.795	0.1	fixation	n/a	199.3	66.8	966.0	n/a	n/a	n/a	n/a
223.897	0.028	saccade	n/a	199.6	67.1	n/a	316.1	71.9	4.65	266.0
223.927	0.258	fixation	n/a	314.5	70.8	988.0	n/a	n/a	n/a	n/a
224.187	0.022	saccade	n/a	316.1	74.7	n/a	370.3	75.0	2.18	155.0
224.211	0.216	fixation	n/a	360.6	72.6	993.0	n/a	n/a	n/a	n/a
224.429	0.022	saccade	n/a	358.6	74.2	n/a	424.0	82.3	2.66	197.0
224.453	0.164	fixation	n/a	433.8	82.4	1005.0	n/a	n/a	n/a	n/a
224.619	0.018	saccade	n/a	435.1	82.0	n/a	480.0	77.6	1.82	144.0
224.639	0.206	fixation	n/a	487.6	79.5	1004.0	n/a	n/a	n/a	n/a
224.847	0.056	saccade	n/a	489.9	76.3	n/a	177.4	127.8	12.6	500.0
224.905	0.312	fixation	n/a	166.3	129.7	996.0	n/a	n/a	n/a	n/a
225.114	0.0	trigger_11	11	n/a	n/a	n/a	n/a	n/a	n/a	n/a
225.126	0.0	trigger_10	10	n/a	n/a	n/a	n/a	n/a	n/a	n/a
225.219	0.022	saccade	n/a	163.3	131.7	n/a	230.1	127.1	2.64	180.0
225.243	0.236	fixation	n/a	233.6	124.6	988.0	n/a	n/a	n/a	n/a
225.481	0.024	saccade	n/a	233.1	123.4	n/a	310.5	128.8	3.1	205.0
225.507	0.164	fixation	n/a	310.4	128.1	1027.0	n/a	n/a	n/a	n/a
225.673	0.024	saccade	n/a	306.1	130.3	n/a	395.2	135.5	3.59	287.0
225.699	0.182	fixation	n/a	384.6	136.6	1048.0	n/a	n/a	n/a	n/a
225.883	0.022	saccade	n/a	381.6	139.4	n/a	437.7	139.2	2.26	178.0
225.907	0.432	fixation	n/a	447.4	142.1	982.0	n/a	n/a	n/a	n/a
226.341	0.006	saccade	n/a	456.1	143.9	n/a	450.9	135.9	0.39	58.0
226.349	0.246	fixation	n/a	455.2	137.6	946.0	n/a	n/a	n/a	n/a
226.597	0.018	saccade	n/a	453.6	137.6	n/a	495.2	131.5	1.69	131.0
226.617	0.13	fixation	n/a	490.4	131.7	951.0	n/a	n/a	n/a	n/a
226.749	0.05	saccade	n/a	490.5	132.3	n/a	171.9	79.4	12.82	459.0
226.801	0.122	fixation	n/a	181.8	82.5	925.0	n/a	n/a	n/a	n/a
226.925	0.024	saccade	n/a	182.1	83.6	n/a	121.0	76.6	2.4	219.0
226.951	0.35	fixation	n/a	131.4	79.8	912.0	n/a	n/a	n/a	n/a
227.303	0.008	saccade	n/a	132.2	79.3	n/a	118.2	77.2	0.55	70.0
227.313	0.144	fixation	n/a	122.0	79.5	915.0	n/a	n/a	n/a	n/a
227.442	0.0	trigger_11	11	n/a	n/a	n/a	n/a	n/a	n/a	n/a
227.452	0.0	trigger_12	12	n/a	n/a	n/a	n/a	n/a	n/a	n/a
227.459	0.02	saccade	n/a	121.7	81.0	n/a	174.5	72.0	2.09	184.0
227.481	0.264	fixation	n/a	170.1	72.1	940.0	n/a	n/a	n/a	n/a
227.747	0.022	saccade	n/a	170.4	72.3	n/a	241.8	61.1	2.86	203.0
227.771	0.334	fixation	n/a	243.2	62.6	968.0	n/a	n/a	n/a	n/a
228.107	0.024	saccade	n/a	244.4	65.0	n/a	168.8	72.7	3.0	203.0
228.133	0.086	fixation	n/a	182.2	72.6	985.0	n/a	n/a	n/a	n/a
228.221	0.01	saccade	n/a	181.2	75.1	n/a	164.2	77.5	0.67	74.0
228.233	0.1	fixation	n/a	171.0	78.3	988.0	n/a	n/a	n/a	n/a
228.335	0.028	saccade	n/a	171.0	79.4	n/a	308.4	73.9	5.46	376.0
228.365	0.308	fixation	n/a	319.9	78.5	1056.0	n/a	n/a	n/a	n/a
228.675	0.022	saccade	n/a	322.5	81.8	n/a	374.6	82.8	2.1	158.0
228.699	0.334	fixation	n/a	367.9	79.2	1013.0	n/a	n/a	n/a	n/a
229.035	0.012	saccade	n/a	367.1	78.5	n/a	393.0	77.7	1.04	100.0
229.049	0.104	fixation	n/a	392.3	79.2	991.0	n/a	n/a	n/a	n/a
229.155	0.042	saccade	n/a	392.4	80.7	n/a	123.3	76.7	10.64	460.0
229.199	0.468	fixation	n/a	133.4	83.4	984.0	n/a	n/a	n/a	n/a
229.669	0.01	saccade	n/a	131.7	86.3	n/a	141.9	76.2	0.57	59.0
229.681	0.116	fixation	n/a	142.9	79.6	1029.0	n/a	n/a	n/a	n/a
229.799	0.018	saccade	n/a	143.1	80.2	n/a	192.4	71.0	1.97	162.0
229.819	0.198	fixation	n/a	182.0	71.2	1021.0	n/a	n/a	n/a	n/a
230.019	0.02	saccade	n/a	181.4	70.4	n/a	152.3	75.8	1.16	118.0
230.041	0.174	fixation	n/a	159.7	73.7	990.0	n/a	n/a	n/a	n/a
230.217	0.022	saccade	n/a	158.1	74.2	n/a	214.8	63.8	2.28	183.0
230.241	0.232	fixation	n/a	211.9	64.3	1013.0	n/a	n/a	n/a	n/a
230.242	0.0	trigger_13	13	n/a	n/a	n/a	n/a	n/a	n/a	n/a
230.26	0.0	trigger_10	10	n/a	n/a	n/a	n/a	n/a	n/a	n/a
230.475	0.022	saccade	n/a	211.7	65.1	n/a	277.9	64.5	2.63	191.0
230.499	0.13	fixation	n/a	276.3	65.3	1039.0	n/a	n/a	n/a	n/a
230.631	0.134	saccade	n/a	279.3	71.2	n/a	301.8	71.2	0.9	772.0
230.663	0.04	blink	n/a	n/a	n/a	n/a	n/a	n/a	n/a	n/a
230.767	0.14	fixation	n/a	302.2	75.0	1058.0	n/a	n/a	n/a	n/a
230.909	0.018	saccade	n/a	303.3	76.0	n/a	267.5	65.7	1.49	114.0
230.929	0.488	fixation	n/a	276.3	65.6	987.0	n/a	n/a	n/a	n/a
231.419	0.022	saccade	n/a	276.5	65.8	n/a	334.5	71.0	2.33	183.0
231.443	0.22	fixation	n/a	331.3	72.1	947.0	n/a	n/a	n/a	n/a
231.665	0.024	saccade	n/a	332.5	72.1	n/a	259.6	58.6	2.97	204.0
231.691	0.186	fixation	n/a	264.3	62.4	925.0	n/a	n/a	n/a	n/a
231.879	0.032	saccade	n/a	267.4	63.1	n/a	136.3	74.0	5.19	336.0
231.913	0.53	fixation	n/a	149.3	76.4	964.0	n/a	n/a	n/a	n/a
232.445	0.018	saccade	n/a	149.6	78.6	n/a	115.9	80.5	1.31	120.0
232.465	0.262	fixation	n/a	125.7	81.1	961.0	n/a	n/a	n/a	n/a
232.729	0.026	saccade	n/a	123.5	80.6	n/a	224.0	64.6	3.99	241.0
232.757	0.188	fixation	n/a	229.8	63.8	967.0	n/a	n/a	n/a	n/a
232.947	0.022	saccade	n/a	231.9	65.0	n/a	309.9	64.6	3.11	202.0
232.971	0.146	fixation	n/a	326.6	69.1	966.0	n/a	n/a	n/a	n/a
233.119	0.08	saccade	n/a	330.5	74.8	n/a	364.1	68.9	1.37	421.0
233.201	0.148	fixation	n/a	364.6	73.2	974.0	n/a	n/a	n/a	n/a
233.351	0.022	saccade	n/a	361.6	72.5	n/a	440.9	80.2	3.21	262.0
233.375	0.152	fixation	n/a	437.9	79.4	965.0	n/a	n/a	n/a	n/a
233.529	0.016	saccade	n/a	438.2	77.9	n/a	472.3	78.3	1.37	115.0
233.547	0.29	fixation	n/a	467.5	75.6	934.0	n/a	n/a	n/a	n/a
233.839	0.024	saccade	n/a	466.4	75.2	n/a	544.9	70.2	3.15	234.0
233.865	0.164	fixation	n/a	545.9	72.5	934.0	n/a	n/a	n/a	n/a
234.031	0.016	saccade	n/a	543.6	72.7	n/a	585.1	70.7	1.65	142.0
234.049	0.196	fixation	n/a	586.9	71.8	939.0	n/a	n/a	n/a	n/a
234.247	0.068	saccade	n/a	587.8	72.0	n/a	148.5	125.7	17.4	520.0
234.317	0.382	fixation	n/a	140.4	130.5	957.0	n/a	n/a	n/a	n/a
234.701	0.024	saccade	n/a	141.0	134.0	n/a	227.5	128.1	3.41	216.0
234.727	0.098	fixation	n/a	236.3	127.7	991.0	n/a	n/a	n/a	n/a
234.827	0.102	saccade	n/a	241.6	129.7	n/a	235.8	130.0	0.23	520.0
234.931	0.302	fixation	n/a	236.6	134.5	1042.0	n/a	n/a	n/a	n/a
235.235	0.022	saccade	n/a	236.0	136.2	n/a	290.0	134.1	2.16	158.0
235.259	0.256	fixation	n/a	283.0	134.4	1021.0	n/a	n/a	n/a	n/a
235.517	0.028	saccade	n/a	281.3	133.7	n/a	367.3	136.1	3.46	191.0
235.547	0.298	fixation	n/a	367.9	137.3	996.0	n/a	n/a	n/a	n/a
235.847	0.022	saccade	n/a	366.2	139.5	n/a	420.3	133.1	2.2	159.0
235.871	0.158	fixation	n/a	438.9	135.7	974.0	n/a	n/a	n/a	n/a
236.031	0.02	saccade	n/a	439.9	138.5	n/a	496.6	133.9	2.29	150.0
236.053	0.188	fixation	n/a	499.5	134.4	957.0	n/a	n/a	n/a	n/a
236.243	0.02	saccade	n/a	498.5	134.2	n/a	562.1	131.7	2.55	207.0
236.265	0.174	fixation	n/a	557.7	130.8	943.0	n/a	n/a	n/a	n/a
236.441	0.068	saccade	n/a	559.2	131.8	n/a	129.1	181.8	17.05	530.0
236.468	0.0	trigger_11	11	n/a	n/a	n/a	n/a	n/a	n/a	n/a
236.484	0.0	trigger_10	10	n/a	n/a	n/a	n/a	n/a	n/a	n/a
236.511	0.146	fixation	n/a	120.3	181.5	909.0	n/a	n/a	n/a	n/a
236.659	0.018	saccade	n/a	122.8	181.0	n/a	104.6	188.4	0.76	98.0
236.679	0.098	fixation	n/a	111.4	188.0	910.0	n/a	n/a	n/a	n/a
236.779	0.026	saccade	n/a	110.3	188.3	n/a	224.5	180.5	4.48	350.0
236.807	0.17	fixation	n/a	216.8	181.4	903.0	n/a	n/a	n/a	n/a
236.979	0.024	saccade	n/a	218.2	183.3	n/a	299.9	193.3	3.27	283.0
237.005	0.204	fixation	n/a	294.7	193.1	936.0	n/a	n/a	n/a	n/a
237.211	0.022	saccade	n/a	295.2	193.1	n/a	245.1	186.6	2.02	176.0
237.235	0.186	fixation	n/a	254.6	189.0	911.0	n/a	n/a	n/a	n/a
237.423	0.026	saccade	n/a	254.7	188.9	n/a	342.2	194.9	3.51	221.0
237.451	0.312	fixation	n/a	337.8	193.9	936.0	n/a	n/a	n/a	n/a
237.765	0.02	saccade	n/a	338.8	197.8	n/a	395.6	196.5	2.28	195.0
237.787	0.268	fixation	n/a	393.3	198.9	931.0	n/a	n/a	n/a	n/a
238.057	0.014	saccade	n/a	392.7	199.7	n/a	421.0	193.8	1.16	108.0
238.073	0.148	fixation	n/a	418.9	195.6	916.0	n/a	n/a	n/a	n/a
238.223	0.048	saccade	n/a	419.4	195.0	n/a	153.9	71.5	11.64	487.0
238.273	0.132	fixation	n/a	162.4	74.5	887.0	n/a	n/a	n/a	n/a
238.407	0.022	saccade	n/a	163.5	76.7	n/a	119.7	75.4	1.71	172.0
238.431	0.29	fixation	n/a	128.6	77.9	901.0	n/a	n/a	n/a	n/a
238.723	0.02	saccade	n/a	127.7	79.9	n/a	177.5	69.5	1.99	167.0
238.745	0.32	fixation	n/a	172.5	73.7	943.0	n/a	n/a	n/a	n/a
239.067	0.018	saccade	n/a	171.9	75.2	n/a	220.9	66.4	1.97	159.0
239.087	0.172	fixation	n/a	219.4	67.6	937.0	n/a	n/a	n/a	n/a
239.261	0.022	saccade	n/a	219.6	69.8	n/a	281.2	59.6	2.49	170.0
239.285	0.182	fixation	n/a	287.2	61.6	940.0	n/a	n/a	n/a	n/a
239.469	0.026	saccade	n/a	288.6	63.0	n/a	390.0	73.4	4.09	262.0
239.497	0.284	fixation	n/a	403.3	76.1	958.0	n/a	n/a	n/a	n/a
239.783	0.024	saccade	n/a	404.1	75.7	n/a	468.2	76.3	2.58	163.0
239.809	0.1	fixation	n/a	462.4	76.0	952.0	n/a	n/a	n/a	n/a
239.911	0.024	saccade	n/a	461.4	77.5	n/a	529.9	75.9	2.75	201.0
239.937	0.234	fixation	n/a	527.4	75.3	946.0	n/a	n/a	n/a	n/a
240.084	0.0	trigger_11	11	n/a	n/a	n/a	n/a	n/a	n/a	n/a
240.094	0.0	trigger_10	10	n/a	n/a	n/a	n/a	n/a	n/a	n/a
240.173	0.018	saccade	n/a	528.7	78.4	n/a	574.2	75.2	1.82	135.0
240.193	0.144	fixation	n/a	572.8	75.0	934.0	n/a	n/a	n/a	n/a
240.339	0.066	saccade	n/a	573.4	73.5	n/a	162.0	122.3	16.35	530.0
240.407	0.11	fixation	n/a	153.4	123.3	916.0	n/a	n/a	n/a	n/a
240.519	0.018	saccade	n/a	154.4	124.3	n/a	117.1	132.4	1.49	134.0
240.539	0.16	fixation	n/a	126.0	132.9	926.0	n/a	n/a	n/a	n/a
240.701	0.024	saccade	n/a	128.0	133.1	n/a	194.0	124.3	2.61	190.0
240.727	0.23	fixation	n/a	187.4	125.3	949.0	n/a	n/a	n/a	n/a
240.959	0.024	saccade	n/a	189.0	125.7	n/a	274.5	126.2	3.39	263.0
240.985	0.184	fixation	n/a	274.1	125.6	924.0	n/a	n/a	n/a	n/a
241.171	0.02	saccade	n/a	275.1	128.0	n/a	334.2	129.3	2.37	186.0
241.193	0.2	fixation	n/a	329.5	129.7	932.0	n/a	n/a	n/a	n/a
241.395	0.022	saccade	n/a	329.3	132.0	n/a	391.6	131.4	2.51	188.0
241.419	0.192	fixation	n/a	388.5	132.7	947.0	n/a	n/a	n/a	n/a
241.613	0.01	saccade	n/a	413.5	134.0	n/a	429.5	137.9	0.66	69.0
241.625	0.186	fixation	n/a	436.6	137.1	959.0	n/a	n/a	n/a	n/a
241.813	0.046	saccade	n/a	436.8	138.5	n/a	150.2	83.5	11.59	525.0
241.861	0.13	fixation	n/a	164.2	86.5	918.0	n/a	n/a	n/a	n/a
241.884	0.0	trigger_11	11	n/a	n/a	n/a	n/a	n/a	n/a	n/a
241.898	0.0	trigger_10	10	n/a	n/a	n/a	n/a	n/a	n/a	n/a
241.993	0.028	saccade	n/a	164.7	87.2	n/a	133.0	76.7	1.31	188.0
242.023	0.306	fixation	n/a	130.3	79.5	909.0	n/a	n/a	n/a	n/a
242.331	0.026	saccade	n/a	128.2	80.7	n/a	203.9	64.8	3.04	196.0
242.359	0.188	fixation	n/a	197.1	66.8	958.0	n/a	n/a	n/a	n/a
242.549	0.024	saccade	n/a	196.2	67.9	n/a	281.8	59.6	3.42	259.0
242.575	0.158	fixation	n/a	270.8	58.0	931.0	n/a	n/a	n/a	n/a
242.735	0.024	saccade	n/a	271.5	58.9	n/a	367.3	66.6	3.86	308.0
242.761	0.186	fixation	n/a	361.1	62.4	915.0	n/a	n/a	n/a	n/a
242.949	0.026	saccade	n/a	360.9	64.2	n/a	467.2	75.0	4.3	341.0
242.977	0.136	fixation	n/a	459.2	73.3	943.0	n/a	n/a	n/a	n/a
243.115	0.02	saccade	n/a	457.7	74.5	n/a	513.2	76.6	2.23	168.0
243.137	0.204	fixation	n/a	511.4	75.6	967.0	n/a	n/a	n/a	n/a
243.343	0.012	saccade	n/a	514.3	75.7	n/a	534.9	76.0	0.82	77.0
243.357	0.362	fixation	n/a	535.1	74.4	938.0	n/a	n/a	n/a	n/a
243.721	0.06	saccade	n/a	537.9	73.1	n/a	143.5	80.8	15.56	519.0
243.783	0.136	fixation	n/a	154.9	81.3	921.0	n/a	n/a	n/a	n/a
243.921	0.02	saccade	n/a	153.1	82.5	n/a	137.5	77.3	0.64	97.0
243.943	0.476	fixation	n/a	136.5	78.5	925.0	n/a	n/a	n/a	n/a
244.421	0.018	saccade	n/a	132.1	77.0	n/a	177.2	68.2	1.8	152.0
244.441	0.272	fixation	n/a	171.3	70.0	944.0	n/a	n/a	n/a	n/a
244.715	0.018	saccade	n/a	170.8	71.3	n/a	208.2	66.9	1.48	132.0
244.735	0.37	fixation	n/a	204.6	66.9	961.0	n/a	n/a	n/a	n/a
245.107	0.018	saccade	n/a	205.8	67.9	n/a	252.1	65.8	1.84	153.0
245.127	0.188	fixation	n/a	251.5	64.7	958.0	n/a	n/a	n/a	n/a
245.317	0.018	saccade	n/a	250.6	65.0	n/a	290.7	61.5	1.61	122.0
245.337	0.184	fixation	n/a	289.1	63.7	956.0	n/a	n/a	n/a	n/a
245.523	0.026	saccade	n/a	287.5	63.7	n/a	375.9	71.9	3.57	247.0
245.551	0.158	fixation	n/a	372.9	69.2	945.0	n/a	n/a	n/a	n/a
245.711	0.022	saccade	n/a	372.6	68.9	n/a	462.1	79.6	3.63	299.0
245.735	0.138	fixation	n/a	457.1	78.1	946.0	n/a	n/a	n/a	n/a
245.875	0.026	saccade	n/a	456.1	78.6	n/a	551.8	74.9	3.83	282.0
245.903	0.182	fixation	n/a	550.3	75.0	942.0	n/a	n/a	n/a	n/a
246.087	0.02	saccade	n/a	551.2	73.3	n/a	489.5	74.5	2.47	228.0
246.109	0.152	fixation	n/a	500.9	74.4	927.0	n/a	n/a	n/a	n/a
246.263	0.024	saccade	n/a	502.5	74.0	n/a	576.8	72.7	2.96	193.0
246.289	0.192	fixation	n/a	569.8	70.3	914.0	n/a	n/a	n/a	n/a
246.483	0.038	saccade	n/a	571.0	68.4	n/a	372.1	56.9	7.97	420.0
246.523	0.134	fixation	n/a	378.9	61.3	896.0	n/a	n/a	n/a	n/a
246.659	0.018	saccade	n/a	377.9	61.6	n/a	420.4	69.8	1.75	157.0
246.679	0.156	fixation	n/a	413.5	72.4	914.0	n/a	n/a	n/a	n/a
246.837	0.012	saccade	n/a	416.7	74.7	n/a	435.0	75.7	0.74	68.0
246.851	0.044	fixation	n/a	435.2	77.2	927.0	n/a	n/a	n/a	n/a
246.897	0.016	saccade	n/a	436.0	79.7	n/a	468.0	74.4	1.31	115.0
246.915	0.218	fixation	n/a	459.3	75.1	948.0	n/a	n/a	n/a	n/a
247.135	0.056	saccade	n/a	459.6	76.0	n/a	135.0	119.3	12.95	426.0
247.193	0.124	fixation	n/a	146.1	120.4	957.0	n/a	n/a	n/a	n/a
247.319	0.02	saccade	n/a	144.8	120.5	n/a	96.3	127.6	1.9	170.0
247.341	0.16	fixation	n/a	106.9	127.8	948.0	n/a	n/a	n/a	n/a
247.503	0.024	saccade	n/a	107.0	131.0	n/a	191.5	121.2	3.32	228.0
247.529	0.27	fixation	n/a	191.8	123.6	945.0	n/a	n/a	n/a	n/a
247.801	0.024	saccade	n/a	190.3	124.6	n/a	283.0	132.0	3.69	295.0
247.827	0.412	fixation	n/a	273.2	128.3	960.0	n/a	n/a	n/a	n/a
248.241	0.026	saccade	n/a	270.5	128.4	n/a	381.3	129.8	4.45	289.0
248.269	0.386	fixation	n/a	382.1	129.7	968.0	n/a	n/a	n/a	n/a
248.657	0.024	saccade	n/a	382.6	131.6	n/a	458.0	133.1	3.03	216.0
248.683	0.226	fixation	n/a	457.8	135.2	961.0	n/a	n/a	n/a	n/a
248.911	0.018	saccade	n/a	456.5	135.2	n/a	498.5	135.0	1.69	135.0
248.931	0.122	fixation	n/a	499.4	132.2	959.0	n/a	n/a	n/a	n/a
249.055	0.058	saccade	n/a	499.1	132.1	n/a	155.6	173.8	13.71	508.0
249.115	0.174	fixation	n/a	139.1	176.0	966.0	n/a	n/a	n/a	n/a
249.291	0.018	saccade	n/a	138.1	175.9	n/a	108.7	182.7	1.17	116.0
249.311	0.31	fixation	n/a	118.9	182.6	934.0	n/a	n/a	n/a	n/a
249.623	0.022	saccade	n/a	118.1	183.1	n/a	192.0	174.2	2.91	241.0
249.647	0.23	fixation	n/a	197.3	177.3	888.0	n/a	n/a	n/a	n/a
249.879	0.02	saccade	n/a	197.8	178.4	n/a	247.8	186.3	2.01	163.0
249.901	0.192	fixation	n/a	245.5	186.5	901.0	n/a	n/a	n/a	n/a
250.095	0.024	saccade	n/a	246.1	188.4	n/a	326.1	192.3	3.2	223.0
250.121	0.172	fixation	n/a	320.9	193.2	913.0	n/a	n/a	n/a	n/a
250.132	0.0	trigger_11	11	n/a	n/a	n/a	n/a	n/a	n/a	n/a
250.14	0.0	trigger_10	10	n/a	n/a	n/a	n/a	n/a	n/a	n/a
250.295	0.018	saccade	n/a	321.2	194.3	n/a	364.5	194.5	1.74	154.0
250.315	0.232	fixation	n/a	364.6	196.1	906.0	n/a	n/a	n/a	n/a
250.549	0.02	saccade	n/a	365.4	198.1	n/a	409.5	194.8	1.78	129.0
250.571	0.446	fixation	n/a	405.4	199.3	909.0	n/a	n/a	n/a	n/a
251.019	0.018	saccade	n/a	403.5	203.6	n/a	458.7	202.7	2.22	204.0
251.039	0.266	fixation	n/a	453.6	203.4	928.0	n/a	n/a	n/a	n/a
251.307	0.01	saccade	n/a	456.9	205.7	n/a	472.3	199.2	0.67	72.0
251.319	0.298	fixation	n/a	474.0	196.4	902.0	n/a	n/a	n/a	n/a
251.619	0.048	saccade	n/a	475.5	195.9	n/a	161.8	85.6	13.23	497.0
251.669	0.126	fixation	n/a	172.9	86.2	811.0	n/a	n/a	n/a	n/a
251.797	0.02	saccade	n/a	173.0	86.4	n/a	137.0	59.9	1.77	166.0
251.819	0.168	fixation	n/a	143.4	67.5	809.0	n/a	n/a	n/a	n/a
251.989	0.02	saccade	n/a	144.7	69.2	n/a	122.4	69.3	0.87	101.0
252.011	0.45	fixation	n/a	127.5	76.3	861.0	n/a	n/a	n/a	n/a
252.463	0.014	saccade	n/a	125.1	80.5	n/a	152.6	70.5	1.15	109.0
252.479	0.218	fixation	n/a	144.8	70.9	922.0	n/a	n/a	n/a	n/a
252.699	0.018	saccade	n/a	147.9	72.6	n/a	196.8	64.6	1.95	149.0
252.719	0.306	fixation	n/a	194.3	67.0	900.0	n/a	n/a	n/a	n/a
253.027	0.022	saccade	n/a	194.7	71.0	n/a	255.6	64.7	2.43	188.0
253.051	0.174	fixation	n/a	251.1	66.5	928.0	n/a	n/a	n/a	n/a
253.227	0.022	saccade	n/a	251.3	65.3	n/a	306.9	64.0	2.22	140.0
253.251	0.174	fixation	n/a	304.0	63.2	924.0	n/a	n/a	n/a	n/a
253.427	0.024	saccade	n/a	303.9	65.1	n/a	374.7	71.2	2.86	215.0
253.453	0.146	fixation	n/a	366.5	72.2	954.0	n/a	n/a	n/a	n/a
253.601	0.122	saccade	n/a	366.2	77.4	n/a	445.6	90.3	3.24	540.0
253.725	0.202	fixation	n/a	445.2	91.6	997.0	n/a	n/a	n/a	n/a
253.929	0.02	saccade	n/a	444.0	93.1	n/a	497.7	90.2	2.16	170.0
253.951	0.438	fixation	n/a	496.7	82.8	911.0	n/a	n/a	n/a	n/a
254.391	0.024	saccade	n/a	498.7	80.1	n/a	566.7	75.8	2.72	179.0
254.417	0.396	fixation	n/a	562.0	75.2	888.0	n/a	n/a	n/a	n/a
254.815	0.014	saccade	n/a	559.9	76.9	n/a	589.5	69.1	1.22	115.0
254.831	0.164	fixation	n/a	584.4	70.1	884.0	n/a	n/a	n/a	n/a
254.997	0.062	saccade	n/a	585.1	71.0	n/a	216.2	108.7	14.72	467.0
255.061	0.136	fixation	n/a	207.8	109.8	888.0	n/a	n/a	n/a	n/a
255.199	0.024	saccade	n/a	207.8	109.1	n/a	118.5	124.7	3.55	255.0
255.225	0.42	fixation	n/a	122.2	127.0	893.0	n/a	n/a	n/a	n/a
255.647	0.018	saccade	n/a	116.0	127.5	n/a	95.5	128.1	0.79	95.0
255.667	0.218	fixation	n/a	101.3	127.3	907.0	n/a	n/a	n/a	n/a
255.887	0.024	saccade	n/a	100.7	129.2	n/a	190.1	120.4	3.5	242.0
255.913	0.536	fixation	n/a	194.0	123.6	917.0	n/a	n/a	n/a	n/a
256.451	0.01	saccade	n/a	197.0	125.0	n/a	214.0	118.6	0.72	75.0
256.463	0.336	fixation	n/a	212.0	121.4	928.0	n/a	n/a	n/a	n/a
256.801	0.022	saccade	n/a	211.8	125.6	n/a	286.2	128.1	2.97	253.0
256.825	0.272	fixation	n/a	286.5	128.7	963.0	n/a	n/a	n/a	n/a
257.099	0.024	saccade	n/a	285.6	127.6	n/a	365.3	133.2	3.21	214.0
257.125	0.206	fixation	n/a	375.1	132.3	985.0	n/a	n/a	n/a	n/a
257.333	0.026	saccade	n/a	374.2	135.3	n/a	463.0	134.7	3.57	261.0
257.361	0.19	fixation	n/a	460.5	134.1	974.0	n/a	n/a	n/a	n/a
257.553	0.01	saccade	n/a	461.2	133.9	n/a	478.5	132.4	0.7	70.0
257.556	0.0	trigger_11	11	n/a	n/a	n/a	n/a	n/a	n/a	n/a
257.565	0.246	fixation	n/a	474.9	135.1	955.0	n/a	n/a	n/a	n/a
257.568	0.0	trigger_12	12	n/a	n/a	n/a	n/a	n/a	n/a	n/a
257.813	0.036	saccade	n/a	475.6	136.4	n/a	500.7	86.5	2.27	176.0
257.851	0.15	fixation	n/a	498.4	83.4	923.0	n/a	n/a	n/a	n/a
258.003	0.022	saccade	n/a	497.3	82.5	n/a	559.1	81.2	2.47	180.0
258.027	0.358	fixation	n/a	558.3	82.0	940.0	n/a	n/a	n/a	n/a
258.387	0.056	saccade	n/a	558.0	83.2	n/a	142.1	133.4	16.53	551.0
258.445	0.112	fixation	n/a	149.1	135.4	937.0	n/a	n/a	n/a	n/a
258.559	0.026	saccade	n/a	147.4	136.6	n/a	94.7	131.5	2.05	213.0
258.587	0.266	fixation	n/a	101.7	132.7	929.0	n/a	n/a	n/a	n/a
258.855	0.062	saccade	n/a	102.3	132.0	n/a	436.7	134.9	13.19	448.0
258.919	0.124	fixation	n/a	444.3	139.4	939.0	n/a	n/a	n/a	n/a
259.045	0.016	saccade	n/a	444.8	140.1	n/a	482.9	134.7	1.55	138.0
259.063	0.204	fixation	n/a	476.9	136.3	915.0	n/a	n/a	n/a	n/a
259.142	0.0	trigger_13	13	n/a	n/a	n/a	n/a	n/a	n/a	n/a
259.152	0.0	trigger_10	10	n/a	n/a	n/a	n/a	n/a	n/a	n/a
259.269	0.096	saccade	n/a	479.5	141.6	n/a	161.7	81.2	12.85	252.0
259.367	0.124	fixation	n/a	158.0	81.2	846.0	n/a	n/a	n/a	n/a
259.493	0.022	saccade	n/a	159.9	83.4	n/a	122.0	73.0	1.54	160.0
259.517	0.244	fixation	n/a	131.1	77.8	840.0	n/a	n/a	n/a	n/a
259.763	0.016	saccade	n/a	131.5	80.1	n/a	111.8	79.9	0.77	95.0
259.781	0.14	fixation	n/a	119.1	82.0	882.0	n/a	n/a	n/a	n/a
259.923	0.022	saccade	n/a	116.4	82.9	n/a	181.7	73.4	2.58	224.0
259.947	0.162	fixation	n/a	176.2	70.3	913.0	n/a	n/a	n/a	n/a
260.111	0.024	saccade	n/a	175.9	70.0	n/a	260.4	65.1	3.35	275.0
260.137	0.164	fixation	n/a	251.8	63.9	920.0	n/a	n/a	n/a	n/a
260.303	0.02	saccade	n/a	251.7	63.9	n/a	299.3	62.3	1.9	166.0
260.325	0.21	fixation	n/a	292.6	63.5	948.0	n/a	n/a	n/a	n/a
260.537	0.028	saccade	n/a	295.8	66.5	n/a	145.5	75.4	5.95	364.0
260.567	0.268	fixation	n/a	146.4	80.7	1005.0	n/a	n/a	n/a	n/a
260.837	0.014	saccade	n/a	148.1	83.7	n/a	117.5	82.0	1.19	104.0
260.853	0.514	fixation	n/a	125.0	86.8	1042.0	n/a	n/a	n/a	n/a
261.369	0.01	saccade	n/a	124.8	86.0	n/a	144.6	76.3	0.86	92.0
261.381	0.18	fixation	n/a	141.8	77.3	1053.0	n/a	n/a	n/a	n/a
261.563	0.018	saccade	n/a	140.0	76.7	n/a	186.8	69.1	1.86	143.0
261.583	0.198	fixation	n/a	184.8	70.2	1035.0	n/a	n/a	n/a	n/a
261.783	0.024	saccade	n/a	183.6	71.4	n/a	268.5	68.5	3.37	253.0
261.809	0.166	fixation	n/a	264.9	67.1	1009.0	n/a	n/a	n/a	n/a
261.977	0.026	saccade	n/a	260.4	66.2	n/a	363.5	75.4	4.15	310.0
262.005	0.202	fixation	n/a	356.8	76.0	1018.0	n/a	n/a	n/a	n/a
262.209	0.02	saccade	n/a	359.2	76.9	n/a	297.9	71.1	2.47	220.0
262.231	0.24	fixation	n/a	307.6	72.1	992.0	n/a	n/a	n/a	n/a
262.286	0.0	trigger_11	11	n/a	n/a	n/a	n/a	n/a	n/a	n/a
262.3	0.0	trigger_10	10	n/a	n/a	n/a	n/a	n/a	n/a	n/a
262.473	0.038	saccade	n/a	306.2	71.9	n/a	456.9	82.4	6.07	270.0
262.513	0.206	fixation	n/a	449.6	81.4	1035.0	n/a	n/a	n/a	n/a
262.721	0.024	saccade	n/a	445.7	83.0	n/a	507.8	83.9	2.49	188.0
262.747	0.164	fixation	n/a	502.3	80.8	1052.0	n/a	n/a	n/a	n/a
262.913	0.06	saccade	n/a	501.4	80.9	n/a	174.6	125.9	13.12	537.0
262.975	0.102	fixation	n/a	165.0	126.8	1027.0	n/a	n/a	n/a	n/a
263.079	0.024	saccade	n/a	167.0	126.9	n/a	109.3	131.8	2.26	208.0
263.105	0.252	fixation	n/a	122.2	129.8	1010.0	n/a	n/a	n/a	n/a
263.359	0.03	saccade	n/a	123.0	128.6	n/a	238.8	123.5	4.55	252.0
263.391	0.114	fixation	n/a	232.2	122.3	1005.0	n/a	n/a	n/a	n/a
263.507	0.16	saccade	n/a	239.2	127.8	n/a	238.0	137.1	0.38	879.0
263.535	0.07	blink	n/a	n/a	n/a	n/a	n/a	n/a	n/a	n/a
263.669	0.358	fixation	n/a	234.2	143.5	977.0	n/a	n/a	n/a	n/a
264.029	0.024	saccade	n/a	230.9	145.2	n/a	156.4	99.4	3.47	247.0
264.055	0.172	fixation	n/a	155.4	88.4	944.0	n/a	n/a	n/a	n/a
264.229	0.01	saccade	n/a	155.1	87.1	n/a	147.7	75.1	0.56	58.0
264.241	0.244	fixation	n/a	147.3	79.0	966.0	n/a	n/a	n/a	n/a
264.487	0.018	saccade	n/a	148.3	81.0	n/a	122.1	78.1	1.03	106.0
264.507	0.254	fixation	n/a	128.8	81.5	1014.0	n/a	n/a	n/a	n/a
264.763	0.02	saccade	n/a	126.5	85.7	n/a	175.2	76.9	1.94	174.0
264.785	0.15	fixation	n/a	169.8	78.1	1033.0	n/a	n/a	n/a	n/a
264.937	0.022	saccade	n/a	167.2	79.2	n/a	235.1	72.4	2.69	222.0
264.961	0.138	fixation	n/a	228.1	73.5	1047.0	n/a	n/a	n/a	n/a
265.101	0.026	saccade	n/a	227.5	74.4	n/a	306.6	75.8	3.16	167.0
265.129	0.272	fixation	n/a	300.0	73.0	1050.0	n/a	n/a	n/a	n/a
265.403	0.012	saccade	n/a	299.8	70.9	n/a	279.0	64.1	0.88	80.0
265.417	0.286	fixation	n/a	284.2	65.5	1023.0	n/a	n/a	n/a	n/a
265.67	0.0	trigger_11	11	n/a	n/a	n/a	n/a	n/a	n/a	n/a
265.688	0.0	trigger_10	10	n/a	n/a	n/a	n/a	n/a	n/a	n/a
265.705	0.024	saccade	n/a	283.6	65.8	n/a	376.1	74.2	3.73	293.0
265.731	0.182	fixation	n/a	376.9	69.7	1013.0	n/a	n/a	n/a	n/a
265.915	0.026	saccade	n/a	377.4	70.0	n/a	473.4	77.3	3.87	295.0
265.943	0.116	fixation	n/a	468.6	75.9	1026.0	n/a	n/a	n/a	n/a
266.061	0.024	saccade	n/a	468.0	78.6	n/a	534.4	76.8	2.66	211.0
266.087	0.138	fixation	n/a	530.8	77.1	1014.0	n/a	n/a	n/a	n/a
266.227	0.018	saccade	n/a	530.7	78.2	n/a	575.1	73.5	1.78	138.0
266.247	0.098	fixation	n/a	580.0	76.1	999.0	n/a	n/a	n/a	n/a
266.347	0.066	saccade	n/a	580.7	76.9	n/a	150.2	128.8	17.08	576.0
266.415	0.146	fixation	n/a	138.5	131.4	994.0	n/a	n/a	n/a	n/a
266.563	0.016	saccade	n/a	136.9	131.4	n/a	115.6	134.5	0.84	91.0
266.581	0.138	fixation	n/a	123.8	134.3	985.0	n/a	n/a	n/a	n/a
266.721	0.024	saccade	n/a	123.0	135.9	n/a	204.9	128.3	3.22	224.0
266.747	0.166	fixation	n/a	197.2	128.9	970.0	n/a	n/a	n/a	n/a
266.915	0.054	saccade	n/a	201.7	136.0	n/a	288.4	136.1	3.45	154.0
266.971	0.114	fixation	n/a	288.1	138.7	978.0	n/a	n/a	n/a	n/a
267.087	0.102	saccade	n/a	291.1	138.2	n/a	268.1	134.6	0.93	609.0
267.191	0.216	fixation	n/a	266.8	138.3	993.0	n/a	n/a	n/a	n/a
267.409	0.032	saccade	n/a	266.3	141.4	n/a	127.3	90.7	5.85	350.0
267.443	0.22	fixation	n/a	134.8	87.4	953.0	n/a	n/a	n/a	n/a
267.665	0.006	saccade	n/a	134.5	87.6	n/a	126.2	81.2	0.41	63.0
267.673	0.282	fixation	n/a	130.0	83.2	931.0	n/a	n/a	n/a	n/a
267.957	0.02	saccade	n/a	127.7	84.6	n/a	175.4	70.1	1.96	173.0
267.979	0.288	fixation	n/a	169.0	71.0	952.0	n/a	n/a	n/a	n/a
268.269	0.016	saccade	n/a	166.7	72.3	n/a	147.1	72.6	0.77	80.0
268.287	0.14	fixation	n/a	154.5	72.9	950.0	n/a	n/a	n/a	n/a
268.429	0.024	saccade	n/a	152.1	73.2	n/a	250.2	61.5	3.9	289.0
268.455	0.18	fixation	n/a	253.3	62.0	956.0	n/a	n/a	n/a	n/a
268.637	0.022	saccade	n/a	250.9	64.2	n/a	319.2	68.7	2.74	196.0
268.661	0.202	fixation	n/a	330.4	71.2	986.0	n/a	n/a	n/a	n/a
268.865	0.024	saccade	n/a	332.1	72.0	n/a	402.2	73.6	2.82	174.0
268.891	0.274	fixation	n/a	418.3	77.4	966.0	n/a	n/a	n/a	n/a
269.167	0.022	saccade	n/a	421.1	80.3	n/a	476.5	76.0	2.24	141.0
269.191	0.108	fixation	n/a	472.5	76.0	953.0	n/a	n/a	n/a	n/a
269.301	0.022	saccade	n/a	471.8	78.0	n/a	542.6	76.3	2.83	244.0
269.325	0.15	fixation	n/a	537.4	73.3	957.0	n/a	n/a	n/a	n/a
269.477	0.012	saccade	n/a	539.3	75.4	n/a	564.9	77.4	1.02	94.0
269.491	0.084	fixation	n/a	560.7	76.1	971.0	n/a	n/a	n/a	n/a
269.577	0.064	saccade	n/a	561.9	74.8	n/a	164.7	122.2	15.82	592.0
269.643	0.126	fixation	n/a	151.9	123.7	968.0	n/a	n/a	n/a	n/a
269.771	0.018	saccade	n/a	151.6	123.6	n/a	125.4	127.1	1.03	102.0
269.791	0.224	fixation	n/a	131.8	128.1	968.0	n/a	n/a	n/a	n/a
270.017	0.026	saccade	n/a	130.3	130.8	n/a	214.9	122.2	3.34	211.0
270.045	0.204	fixation	n/a	209.6	123.5	983.0	n/a	n/a	n/a	n/a
270.251	0.024	saccade	n/a	210.6	126.3	n/a	288.7	135.7	3.13	252.0
270.277	0.18	fixation	n/a	282.9	134.6	996.0	n/a	n/a	n/a	n/a
270.459	0.024	saccade	n/a	281.0	135.4	n/a	367.6	140.9	3.49	240.0
270.485	0.162	fixation	n/a	364.7	140.9	1025.0	n/a	n/a	n/a	n/a
270.649	0.024	saccade	n/a	363.8	141.7	n/a	436.4	137.5	2.93	201.0
270.675	0.198	fixation	n/a	433.1	138.4	1030.0	n/a	n/a	n/a	n/a
270.875	0.026	saccade	n/a	433.4	139.6	n/a	519.3	133.5	3.46	208.0
270.903	0.25	fixation	n/a	518.9	134.4	1003.0	n/a	n/a	n/a	n/a
271.054	0.0	trigger_11	11	n/a	n/a	n/a	n/a	n/a	n/a	n/a
271.062	0.0	trigger_10	10	n/a	n/a	n/a	n/a	n/a	n/a	n/a
271.155	0.022	saccade	n/a	520.1	135.8	n/a	573.4	139.2	2.13	153.0
271.179	0.09	fixation	n/a	568.2	137.4	979.0	n/a	n/a	n/a	n/a
271.271	0.062	saccade	n/a	568.8	138.7	n/a	158.0	187.2	16.29	550.0
271.335	0.12	fixation	n/a	149.9	187.6	956.0	n/a	n/a	n/a	n/a
271.457	0.022	saccade	n/a	150.2	187.1	n/a	108.8	186.5	1.61	156.0
271.481	0.192	fixation	n/a	119.1	188.1	949.0	n/a	n/a	n/a	n/a
271.675	0.024	saccade	n/a	119.0	190.2	n/a	199.5	186.0	3.16	257.0
271.701	0.266	fixation	n/a	196.6	184.8	913.0	n/a	n/a	n/a	n/a
271.969	0.056	saccade	n/a	197.8	184.8	n/a	508.5	527.6	18.0	521.0
272.027	0.184	fixation	n/a	507.2	524.4	970.0	n/a	n/a	n/a	n/a
272.213	0.024	saccade	n/a	506.8	526.1	n/a	431.4	516.8	2.93	232.0
272.239	0.192	fixation	n/a	448.7	521.9	890.0	n/a	n/a	n/a	n/a
272.433	0.022	saccade	n/a	447.6	522.3	n/a	511.2	511.6	2.48	190.0
272.457	0.118	fixation	n/a	511.9	513.0	799.0	n/a	n/a	n/a	n/a
272.577	0.094	saccade	n/a	512.9	514.5	n/a	212.5	134.4	18.9	338.0
272.673	0.3	fixation	n/a	197.6	134.8	706.0	n/a	n/a	n/a	n/a
272.975	0.024	saccade	n/a	200.2	138.5	n/a	132.3	74.1	3.72	284.0
273.001	0.336	fixation	n/a	136.7	71.4	745.0	n/a	n/a	n/a	n/a
273.339	0.006	saccade	n/a	136.3	76.5	n/a	127.2	75.8	0.36	54.0
273.347	0.158	fixation	n/a	129.9	77.9	837.0	n/a	n/a	n/a	n/a
273.507	0.012	saccade	n/a	131.7	80.1	n/a	110.4	82.8	0.83	86.0
273.521	0.14	fixation	n/a	119.2	83.8	844.0	n/a	n/a	n/a	n/a
273.663	0.02	saccade	n/a	119.2	84.3	n/a	180.8	68.9	2.48	216.0
273.685	0.17	fixation	n/a	184.9	66.6	868.0	n/a	n/a	n/a	n/a
273.857	0.026	saccade	n/a	185.5	68.5	n/a	282.7	60.2	3.87	279.0
273.885	0.182	fixation	n/a	274.0	61.2	938.0	n/a	n/a	n/a	n/a
274.069	0.024	saccade	n/a	273.7	64.2	n/a	369.2	76.9	3.87	309.0
274.095	0.254	fixation	n/a	362.2	75.6	981.0	n/a	n/a	n/a	n/a
274.351	0.024	saccade	n/a	357.9	72.8	n/a	453.0	84.2	3.86	310.0
274.377	0.12	fixation	n/a	449.6	82.7	963.0	n/a	n/a	n/a	n/a
274.499	0.022	saccade	n/a	447.0	81.7	n/a	500.2	83.2	2.14	160.0
274.523	0.166	fixation	n/a	497.1	82.7	981.0	n/a	n/a	n/a	n/a
274.691	0.022	saccade	n/a	497.0	85.1	n/a	572.3	81.8	3.01	199.0
274.715	0.154	fixation	n/a	583.4	78.8	972.0	n/a	n/a	n/a	n/a
274.871	0.066	saccade	n/a	581.9	78.5	n/a	164.8	133.1	16.6	606.0
274.878	0.0	trigger_11	11	n/a	n/a	n/a	n/a	n/a	n/a	n/a
274.88	0.0	trigger_18	18	n/a	n/a	n/a	n/a	n/a	n/a	n/a
274.939	0.146	fixation	n/a	153.5	135.3	955.0	n/a	n/a	n/a	n/a
275.087	0.02	saccade	n/a	152.4	136.9	n/a	105.7	142.6	1.83	155.0
275.109	0.314	fixation	n/a	116.1	142.1	953.0	n/a	n/a	n/a	n/a
275.425	0.02	saccade	n/a	115.0	144.2	n/a	186.9	130.0	2.87	214.0
275.447	0.242	fixation	n/a	210.4	128.3	949.0	n/a	n/a	n/a	n/a
275.691	0.026	saccade	n/a	211.2	128.9	n/a	295.4	133.0	3.35	250.0
275.719	0.588	fixation	n/a	285.8	131.3	940.0	n/a	n/a	n/a	n/a
276.309	0.008	saccade	n/a	284.0	130.7	n/a	299.7	128.4	0.64	81.0
276.319	0.354	fixation	n/a	299.9	129.1	900.0	n/a	n/a	n/a	n/a
276.675	0.038	saccade	n/a	302.9	132.8	n/a	135.6	83.4	6.91	396.0
276.715	0.138	fixation	n/a	146.8	88.0	882.0	n/a	n/a	n/a	n/a
276.855	0.018	saccade	n/a	147.9	87.2	n/a	133.3	68.3	0.95	100.0
276.875	0.498	fixation	n/a	136.4	77.3	883.0	n/a	n/a	n/a	n/a
277.375	0.056	saccade	n/a	135.6	82.5	n/a	340.1	467.7	17.07	543.0
277.433	0.088	fixation	n/a	337.8	461.2	1037.0	n/a	n/a	n/a	n/a
277.523	0.042	saccade	n/a	337.7	463.2	n/a	471.7	517.5	5.6	410.0
277.567	0.13	fixation	n/a	481.6	525.6	1047.0	n/a	n/a	n/a	n/a
277.699	0.022	saccade	n/a	484.4	528.3	n/a	558.7	519.9	2.86	221.0
277.723	0.224	fixation	n/a	563.6	517.6	904.0	n/a	n/a	n/a	n/a
277.949	0.204	saccade	n/a	565.6	517.5	n/a	564.2	510.8	0.26	908.0
277.973	0.116	blink	n/a	n/a	n/a	n/a	n/a	n/a	n/a	n/a
278.155	0.142	fixation	n/a	556.7	539.6	835.0	n/a	n/a	n/a	n/a
278.299	0.012	saccade	n/a	552.5	543.6	n/a	551.6	521.2	0.84	82.0
278.313	0.372	fixation	n/a	552.1	526.9	840.0	n/a	n/a	n/a	n/a
278.687	0.01	saccade	n/a	552.7	532.9	n/a	564.6	524.3	0.56	59.0
278.699	0.548	fixation	n/a	565.1	521.1	846.0	n/a	n/a	n/a	n/a
279.249	0.04	saccade	n/a	565.9	522.0	n/a	414.4	517.2	5.82	267.0
279.291	0.106	fixation	n/a	428.0	521.7	944.0	n/a	n/a	n/a	n/a
