onset	duration	trial_type	value	gaze_x	gaze_y	pupil_size	sacc_endx	sacc_endy	sacc_amplitude	sacc_peakvel
2.027	0.226	fixation	n/a	440.2	266.3	931.0	n/a	n/a	n/a	n/a
2.064	0.0	trigger_115	115	n/a	n/a	n/a	n/a	n/a	n/a	n/a
2.064	0.0	trigger_19	19	n/a	n/a	n/a	n/a	n/a	n/a	n/a
2.082	0.0	trigger_10	10	n/a	n/a	n/a	n/a	n/a	n/a	n/a
2.255	0.066	saccade	n/a	438.5	271.8	n/a	315.3	194.9	5.83	139.0
2.323	0.14	fixation	n/a	297.7	183.9	906.0	n/a	n/a	n/a	n/a
2.465	0.04	saccade	n/a	298.4	182.8	n/a	162.8	77.5	6.86	364.0
2.507	0.226	fixation	n/a	170.8	83.5	840.0	n/a	n/a	n/a	n/a
2.735	0.01	saccade	n/a	171.6	83.2	n/a	185.2	72.3	0.69	74.0
2.747	0.25	fixation	n/a	185.2	75.0	834.0	n/a	n/a	n/a	n/a
2.999	0.016	saccade	n/a	186.1	75.9	n/a	149.4	73.3	1.44	132.0
3.017	0.338	fixation	n/a	152.9	77.5	874.0	n/a	n/a	n/a	n/a
3.357	0.018	saccade	n/a	153.5	78.1	n/a	200.5	71.5	1.87	159.0
3.377	0.136	fixation	n/a	203.3	71.9	875.0	n/a	n/a	n/a	n/a
3.515	0.14	saccade	n/a	193.1	71.2	n/a	196.2	101.8	1.24	943.0
3.549	0.05	blink	n/a	n/a	n/a	n/a	n/a	n/a	n/a	n/a
3.657	0.614	fixation	n/a	196.4	114.9	902.0	n/a	n/a	n/a	n/a
4.273	0.02	saccade	n/a	197.7	115.9	n/a	149.0	98.8	2.03	145.0
4.295	0.046	fixation	n/a	147.4	88.6	852.0	n/a	n/a	n/a	n/a
4.343	0.022	saccade	n/a	149.2	85.9	n/a	132.3	67.0	1.01	131.0
4.367	0.13	fixation	n/a	134.3	69.8	857.0	n/a	n/a	n/a	n/a
4.499	0.008	saccade	n/a	133.5	68.7	n/a	119.7	72.8	0.56	69.0
4.509	0.168	fixation	n/a	122.4	72.9	859.0	n/a	n/a	n/a	n/a
4.679	0.02	saccade	n/a	122.5	72.3	n/a	185.2	65.8	2.46	186.0
4.701	0.202	fixation	n/a	185.3	65.5	897.0	n/a	n/a	n/a	n/a
4.905	0.022	saccade	n/a	185.1	67.9	n/a	250.1	66.8	2.57	182.0
4.929	0.176	fixation	n/a	249.1	67.3	953.0	n/a	n/a	n/a	n/a
5.107	0.024	saccade	n/a	248.3	68.2	n/a	319.8	74.7	2.87	184.0
5.133	0.162	fixation	n/a	332.8	78.3	973.0	n/a	n/a	n/a	n/a
5.297	0.022	saccade	n/a	332.9	81.1	n/a	393.2	82.8	2.43	182.0
5.321	0.148	fixation	n/a	389.2	83.8	1001.0	n/a	n/a	n/a	n/a
5.471	0.022	saccade	n/a	387.8	85.0	n/a	463.9	87.6	3.06	237.0
5.495	0.17	fixation	n/a	465.0	83.7	1015.0	n/a	n/a	n/a	n/a
5.667	0.02	saccade	n/a	463.1	85.4	n/a	516.9	87.1	2.16	187.0
5.689	0.162	fixation	n/a	516.0	83.1	996.0	n/a	n/a	n/a	n/a
5.853	0.02	saccade	n/a	514.7	81.3	n/a	560.6	79.1	1.83	146.0
5.875	0.216	fixation	n/a	555.5	79.8	996.0	n/a	n/a	n/a	n/a
6.093	0.066	saccade	n/a	557.2	80.6	n/a	206.7	131.4	14.06	449.0
6.161	0.076	fixation	n/a	201.8	129.6	975.0	n/a	n/a	n/a	n/a
6.239	0.024	saccade	n/a	202.7	128.9	n/a	128.6	141.2	2.95	236.0
6.265	0.164	fixation	n/a	142.8	137.0	969.0	n/a	n/a	n/a	n/a
6.431	0.024	saccade	n/a	142.9	138.0	n/a	220.3	134.1	3.05	230.0
6.457	0.392	fixation	n/a	211.2	137.3	990.0	n/a	n/a	n/a	n/a
6.851	0.014	saccade	n/a	213.6	139.3	n/a	241.6	138.1	1.11	93.0
6.867	0.044	fixation	n/a	239.0	138.1	999.0	n/a	n/a	n/a	n/a
6.913	0.02	saccade	n/a	237.2	136.0	n/a	181.5	129.9	2.22	184.0
6.935	0.254	fixation	n/a	189.7	131.2	991.0	n/a	n/a	n/a	n/a
7.191	0.02	saccade	n/a	189.5	134.5	n/a	249.7	139.1	2.39	198.0
7.213	0.28	fixation	n/a	246.3	138.6	1019.0	n/a	n/a	n/a	n/a
7.495	0.016	saccade	n/a	246.2	140.2	n/a	282.5	139.0	1.45	115.0
7.513	0.222	fixation	n/a	279.9	139.1	1011.0	n/a	n/a	n/a	n/a
7.737	0.02	saccade	n/a	276.0	139.2	n/a	324.3	138.5	1.94	161.0
7.759	0.164	fixation	n/a	320.7	137.9	1000.0	n/a	n/a	n/a	n/a
7.925	0.022	saccade	n/a	319.0	138.9	n/a	391.1	140.4	2.9	228.0
7.949	0.154	fixation	n/a	386.6	138.7	980.0	n/a	n/a	n/a	n/a
8.105	0.034	saccade	n/a	385.9	138.9	n/a	528.3	131.3	5.73	292.0
8.141	0.072	fixation	n/a	535.2	133.4	964.0	n/a	n/a	n/a	n/a
8.215	0.02	saccade	n/a	537.3	135.4	n/a	589.2	133.3	2.06	169.0
8.237	0.188	fixation	n/a	579.2	132.0	939.0	n/a	n/a	n/a	n/a
8.427	0.06	saccade	n/a	579.8	132.0	n/a	198.9	192.0	15.25	517.0
8.489	0.062	fixation	n/a	191.4	190.9	938.0	n/a	n/a	n/a	n/a
8.553	0.036	saccade	n/a	190.7	189.4	n/a	140.2	193.3	1.98	268.0
8.591	0.084	fixation	n/a	131.0	194.0	921.0	n/a	n/a	n/a	n/a
8.677	0.026	saccade	n/a	129.2	194.1	n/a	233.8	194.2	4.1	312.0
8.705	0.134	fixation	n/a	225.1	195.8	943.0	n/a	n/a	n/a	n/a
8.841	0.022	saccade	n/a	223.7	195.9	n/a	303.9	202.7	3.21	234.0
8.865	0.292	fixation	n/a	312.4	199.4	955.0	n/a	n/a	n/a	n/a
9.159	0.02	saccade	n/a	311.8	201.2	n/a	373.1	198.7	2.46	198.0
9.181	0.282	fixation	n/a	369.9	202.7	968.0	n/a	n/a	n/a	n/a
9.244	0.0	trigger_11	11	n/a	n/a	n/a	n/a	n/a	n/a	n/a
9.26	0.0	trigger_10	10	n/a	n/a	n/a	n/a	n/a	n/a	n/a
9.465	0.036	saccade	n/a	369.9	208.3	n/a	441.5	207.0	2.88	115.0
9.503	0.33	fixation	n/a	441.7	207.1	976.0	n/a	n/a	n/a	n/a
9.835	0.02	saccade	n/a	440.7	208.0	n/a	497.4	196.5	2.32	170.0
9.857	0.15	fixation	n/a	505.4	194.5	965.0	n/a	n/a	n/a	n/a
10.009	0.024	saccade	n/a	506.1	193.6	n/a	446.5	196.2	2.39	187.0
10.035	0.26	fixation	n/a	452.4	199.3	971.0	n/a	n/a	n/a	n/a
10.297	0.028	saccade	n/a	450.2	202.1	n/a	542.1	193.2	3.69	216.0
10.327	0.218	fixation	n/a	542.2	197.6	961.0	n/a	n/a	n/a	n/a
10.547	0.056	saccade	n/a	541.1	205.8	n/a	543.5	536.0	12.8	380.0
10.605	0.208	fixation	n/a	544.5	528.1	958.0	n/a	n/a	n/a	n/a
10.815	0.016	saccade	n/a	542.6	529.6	n/a	585.2	530.7	1.62	129.0
10.833	0.186	fixation	n/a	583.6	527.4	915.0	n/a	n/a	n/a	n/a
11.021	0.016	saccade	n/a	582.6	524.9	n/a	540.8	522.4	1.6	135.0
11.039	0.13	fixation	n/a	550.5	522.8	855.0	n/a	n/a	n/a	n/a
11.171	0.068	saccade	n/a	551.6	522.3	n/a	379.7	139.1	16.42	414.0
11.241	0.194	fixation	n/a	381.9	146.5	816.0	n/a	n/a	n/a	n/a
11.437	0.044	saccade	n/a	383.2	146.1	n/a	129.5	79.1	10.41	462.0
11.483	0.13	fixation	n/a	136.8	83.3	795.0	n/a	n/a	n/a	n/a
11.615	0.01	saccade	n/a	136.9	82.8	n/a	129.6	69.5	0.6	65.0
11.627	0.28	fixation	n/a	131.5	73.3	816.0	n/a	n/a	n/a	n/a
11.909	0.02	saccade	n/a	131.2	76.4	n/a	177.8	66.3	1.87	162.0
11.931	0.214	fixation	n/a	174.0	68.1	847.0	n/a	n/a	n/a	n/a
12.147	0.022	saccade	n/a	174.3	69.5	n/a	259.4	60.6	3.39	262.0
12.171	0.302	fixation	n/a	263.3	60.4	895.0	n/a	n/a	n/a	n/a
12.475	0.018	saccade	n/a	264.8	64.1	n/a	315.0	68.9	2.02	176.0
12.495	0.196	fixation	n/a	316.2	70.9	936.0	n/a	n/a	n/a	n/a
12.693	0.038	saccade	n/a	317.8	73.6	n/a	480.4	81.6	6.54	258.0
12.733	0.17	fixation	n/a	479.0	80.9	958.0	n/a	n/a	n/a	n/a
12.905	0.02	saccade	n/a	479.1	82.4	n/a	542.7	77.4	2.55	199.0
12.927	0.16	fixation	n/a	542.0	76.7	969.0	n/a	n/a	n/a	n/a
13.089	0.064	saccade	n/a	542.5	76.6	n/a	177.3	133.1	14.64	491.0
13.155	0.114	fixation	n/a	167.3	128.3	962.0	n/a	n/a	n/a	n/a
13.271	0.02	saccade	n/a	165.7	125.6	n/a	127.1	129.6	1.52	158.0
13.293	0.308	fixation	n/a	132.3	128.6	955.0	n/a	n/a	n/a	n/a
13.603	0.022	saccade	n/a	130.6	128.7	n/a	204.1	124.2	2.89	215.0
13.627	0.26	fixation	n/a	197.8	125.6	981.0	n/a	n/a	n/a	n/a
13.889	0.024	saccade	n/a	197.1	127.8	n/a	272.9	133.3	3.02	241.0
13.915	0.536	fixation	n/a	266.9	134.8	993.0	n/a	n/a	n/a	n/a
14.453	0.018	saccade	n/a	268.4	134.5	n/a	322.1	135.5	2.15	170.0
14.473	0.286	fixation	n/a	325.7	132.9	986.0	n/a	n/a	n/a	n/a
14.761	0.012	saccade	n/a	323.5	133.3	n/a	298.1	130.3	1.03	92.0
14.775	0.158	fixation	n/a	298.7	132.2	991.0	n/a	n/a	n/a	n/a
14.935	0.028	saccade	n/a	298.6	135.4	n/a	397.6	136.3	3.98	262.0
14.965	0.236	fixation	n/a	393.6	136.0	1004.0	n/a	n/a	n/a	n/a
15.203	0.022	saccade	n/a	393.6	135.4	n/a	463.3	135.1	2.8	218.0
15.227	0.284	fixation	n/a	462.1	132.2	987.0	n/a	n/a	n/a	n/a
15.513	0.018	saccade	n/a	460.9	135.0	n/a	504.0	128.5	1.75	128.0
15.533	0.132	fixation	n/a	500.2	131.2	984.0	n/a	n/a	n/a	n/a
15.667	0.02	saccade	n/a	499.4	135.1	n/a	550.1	137.8	2.03	162.0
15.689	0.126	fixation	n/a	548.8	135.1	979.0	n/a	n/a	n/a	n/a
15.817	0.064	saccade	n/a	550.5	134.6	n/a	168.3	192.2	15.28	508.0
15.883	0.128	fixation	n/a	158.5	190.5	998.0	n/a	n/a	n/a	n/a
16.013	0.02	saccade	n/a	158.9	190.3	n/a	111.4	187.8	1.85	147.0
16.035	0.112	fixation	n/a	124.2	190.7	986.0	n/a	n/a	n/a	n/a
16.149	0.148	saccade	n/a	129.8	194.4	n/a	173.7	130.0	3.1	605.0
16.191	0.05	blink	n/a	n/a	n/a	n/a	n/a	n/a	n/a	n/a
16.299	0.332	fixation	n/a	175.1	131.5	899.0	n/a	n/a	n/a	n/a
16.633	0.018	saccade	n/a	177.4	129.8	n/a	141.5	126.4	1.41	125.0
16.653	0.54	fixation	n/a	147.1	130.0	924.0	n/a	n/a	n/a	n/a
17.195	0.066	saccade	n/a	143.1	132.8	n/a	547.1	76.7	16.1	459.0
17.263	0.352	fixation	n/a	549.1	81.7	999.0	n/a	n/a	n/a	n/a
17.617	0.054	saccade	n/a	550.9	82.6	n/a	305.5	116.4	9.91	345.0
17.673	0.162	fixation	n/a	302.6	116.6	982.0	n/a	n/a	n/a	n/a
17.837	0.02	saccade	n/a	303.9	117.6	n/a	263.1	133.9	1.76	149.0
17.859	0.212	fixation	n/a	273.0	133.4	982.0	n/a	n/a	n/a	n/a
18.073	0.024	saccade	n/a	275.5	134.9	n/a	201.3	128.0	2.96	235.0
18.099	0.266	fixation	n/a	212.4	130.2	982.0	n/a	n/a	n/a	n/a
18.367	0.066	saccade	n/a	215.0	132.6	n/a	442.5	478.2	16.26	493.0
18.435	0.076	fixation	n/a	447.1	485.7	1046.0	n/a	n/a	n/a	n/a
18.513	0.026	saccade	n/a	447.2	488.1	n/a	541.3	530.2	3.96	330.0
18.541	0.148	fixation	n/a	529.5	522.7	1058.0	n/a	n/a	n/a	n/a
18.691	0.022	saccade	n/a	531.7	524.0	n/a	473.6	524.2	2.23	199.0
18.715	0.22	fixation	n/a	485.8	525.4	952.0	n/a	n/a	n/a	n/a
18.937	0.024	saccade	n/a	488.5	526.9	n/a	419.4	515.1	2.7	200.0
18.963	0.084	fixation	n/a	429.0	516.7	887.0	n/a	n/a	n/a	n/a
19.049	0.064	saccade	n/a	430.0	516.4	n/a	220.3	149.8	16.51	416.0
19.115	0.124	fixation	n/a	224.4	152.5	827.0	n/a	n/a	n/a	n/a
19.241	0.022	saccade	n/a	224.1	154.1	n/a	246.2	107.8	2.07	166.0
19.265	0.314	fixation	n/a	243.7	118.7	825.0	n/a	n/a	n/a	n/a
19.581	0.024	saccade	n/a	242.6	126.2	n/a	320.8	132.3	3.14	186.0
19.607	0.17	fixation	n/a	325.5	135.2	921.0	n/a	n/a	n/a	n/a
19.779	0.024	saccade	n/a	324.4	137.3	n/a	406.2	138.1	3.29	246.0
19.805	0.192	fixation	n/a	401.6	139.1	967.0	n/a	n/a	n/a	n/a
19.999	0.024	saccade	n/a	400.9	142.8	n/a	472.9	137.3	2.91	231.0
20.025	0.23	fixation	n/a	462.7	134.5	982.0	n/a	n/a	n/a	n/a
20.257	0.024	saccade	n/a	461.0	135.4	n/a	531.8	129.7	2.85	217.0
20.283	0.176	fixation	n/a	526.6	132.3	980.0	n/a	n/a	n/a	n/a
20.461	0.02	saccade	n/a	527.1	134.2	n/a	573.2	131.6	1.84	142.0
20.483	0.152	fixation	n/a	567.2	134.8	971.0	n/a	n/a	n/a	n/a
20.637	0.066	saccade	n/a	568.2	133.3	n/a	163.3	193.2	16.15	523.0
20.705	0.148	fixation	n/a	152.5	191.0	963.0	n/a	n/a	n/a	n/a
20.855	0.02	saccade	n/a	150.7	190.7	n/a	104.0	191.7	1.81	168.0
20.877	0.268	fixation	n/a	117.2	190.0	943.0	n/a	n/a	n/a	n/a
21.147	0.05	saccade	n/a	114.2	190.7	n/a	453.4	141.9	13.5	442.0
21.199	0.364	fixation	n/a	453.8	141.7	948.0	n/a	n/a	n/a	n/a
21.565	0.022	saccade	n/a	452.2	142.9	n/a	523.1	129.6	2.89	205.0
21.589	0.218	fixation	n/a	522.4	131.3	964.0	n/a	n/a	n/a	n/a
21.809	0.018	saccade	n/a	519.8	131.2	n/a	563.4	131.3	1.74	142.0
21.829	0.3	fixation	n/a	560.5	134.9	953.0	n/a	n/a	n/a	n/a
22.131	0.082	saccade	n/a	559.4	137.7	n/a	134.8	199.0	16.9	373.0
22.215	0.178	fixation	n/a	139.9	202.6	897.0	n/a	n/a	n/a	n/a
22.395	0.02	saccade	n/a	139.6	202.3	n/a	111.7	193.1	1.14	121.0
22.417	0.664	fixation	n/a	120.3	193.7	894.0	n/a	n/a	n/a	n/a
23.083	0.024	saccade	n/a	118.6	193.0	n/a	193.2	183.0	2.94	225.0
23.109	0.416	fixation	n/a	193.2	187.3	911.0	n/a	n/a	n/a	n/a
23.527	0.016	saccade	n/a	193.1	191.3	n/a	155.5	186.9	1.49	129.0
23.545	0.212	fixation	n/a	164.6	189.9	921.0	n/a	n/a	n/a	n/a
23.759	0.022	saccade	n/a	166.1	190.4	n/a	124.7	131.1	2.88	221.0
23.783	0.246	fixation	n/a	133.5	126.8	891.0	n/a	n/a	n/a	n/a
24.031	0.018	saccade	n/a	136.5	128.8	n/a	150.1	78.3	2.1	155.0
24.051	0.31	fixation	n/a	153.0	77.3	918.0	n/a	n/a	n/a	n/a
24.363	0.02	saccade	n/a	152.4	81.7	n/a	194.3	123.9	2.37	208.0
24.385	0.63	fixation	n/a	202.3	132.9	1035.0	n/a	n/a	n/a	n/a
25.017	0.02	saccade	n/a	202.2	138.3	n/a	153.4	134.0	1.93	148.0
25.039	0.244	fixation	n/a	150.6	137.2	1024.0	n/a	n/a	n/a	n/a
25.285	0.02	saccade	n/a	150.4	139.0	n/a	126.7	94.7	2.01	151.0
25.307	0.198	fixation	n/a	132.9	87.0	1013.0	n/a	n/a	n/a	n/a
25.507	0.022	saccade	n/a	130.9	89.7	n/a	185.5	70.9	2.27	151.0
25.531	0.366	fixation	n/a	192.3	72.3	993.0	n/a	n/a	n/a	n/a
25.899	0.068	saccade	n/a	191.9	73.9	n/a	323.4	557.2	19.38	442.0
25.969	0.122	fixation	n/a	325.0	544.7	1090.0	n/a	n/a	n/a	n/a
26.093	0.024	saccade	n/a	322.0	543.0	n/a	407.5	528.1	3.34	214.0
26.119	0.2	fixation	n/a	410.9	528.7	1032.0	n/a	n/a	n/a	n/a
26.321	0.022	saccade	n/a	413.7	530.9	n/a	480.4	524.2	2.58	192.0
26.345	0.324	fixation	n/a	486.5	524.1	852.0	n/a	n/a	n/a	n/a
26.35	0.0	trigger_11	11	n/a	n/a	n/a	n/a	n/a	n/a	n/a
26.362	0.0	trigger_10	10	n/a	n/a	n/a	n/a	n/a	n/a	n/a
26.671	0.02	saccade	n/a	491.2	531.1	n/a	540.2	529.1	1.88	108.0
26.693	0.45	fixation	n/a	552.9	528.8	835.0	n/a	n/a	n/a	n/a
27.145	0.014	saccade	n/a	552.5	527.3	n/a	583.2	522.7	1.18	105.0
27.161	0.354	fixation	n/a	579.0	519.6	873.0	n/a	n/a	n/a	n/a
27.517	0.018	saccade	n/a	576.8	521.4	n/a	522.6	521.3	2.07	171.0
27.537	0.302	fixation	n/a	511.4	522.6	942.0	n/a	n/a	n/a	n/a
27.841	0.02	saccade	n/a	510.8	522.8	n/a	571.6	519.8	2.33	164.0
27.863	0.216	fixation	n/a	572.1	520.0	962.0	n/a	n/a	n/a	n/a
28.081	0.016	saccade	n/a	573.2	521.7	n/a	541.3	522.0	1.22	119.0
28.099	0.108	fixation	n/a	549.8	522.8	981.0	n/a	n/a	n/a	n/a
28.209	0.09	saccade	n/a	550.5	523.3	n/a	169.0	132.9	21.16	428.0
28.301	0.234	fixation	n/a	158.8	106.6	925.0	n/a	n/a	n/a	n/a
28.51	0.0	trigger_11	11	n/a	n/a	n/a	n/a	n/a	n/a	n/a
28.528	0.0	trigger_10	10	n/a	n/a	n/a	n/a	n/a	n/a	n/a
28.537	0.02	saccade	n/a	161.0	105.9	n/a	126.6	73.2	1.88	166.0
28.559	0.268	fixation	n/a	132.5	75.0	876.0	n/a	n/a	n/a	n/a
28.829	0.018	saccade	n/a	130.5	75.1	n/a	171.7	68.8	1.63	150.0
28.849	0.132	fixation	n/a	167.3	68.4	897.0	n/a	n/a	n/a	n/a
28.983	0.022	saccade	n/a	166.3	68.7	n/a	232.8	66.7	2.62	195.0
29.007	0.142	fixation	n/a	241.9	67.3	920.0	n/a	n/a	n/a	n/a
29.151	0.02	saccade	n/a	244.2	70.7	n/a	301.9	71.8	2.31	169.0
29.173	0.178	fixation	n/a	311.8	75.3	962.0	n/a	n/a	n/a	n/a
29.353	0.038	saccade	n/a	311.0	76.3	n/a	452.7	83.9	5.7	228.0
29.393	0.14	fixation	n/a	446.0	85.8	1003.0	n/a	n/a	n/a	n/a
29.535	0.032	saccade	n/a	443.4	87.2	n/a	582.3	85.1	5.56	303.0
29.569	0.218	fixation	n/a	572.6	82.9	998.0	n/a	n/a	n/a	n/a
29.789	0.062	saccade	n/a	573.3	80.2	n/a	168.1	128.9	16.11	577.0
29.853	0.118	fixation	n/a	151.7	129.2	974.0	n/a	n/a	n/a	n/a
29.973	0.024	saccade	n/a	153.1	129.2	n/a	102.8	131.9	1.96	199.0
29.999	0.318	fixation	n/a	115.1	133.9	963.0	n/a	n/a	n/a	n/a
30.319	0.024	saccade	n/a	121.8	136.7	n/a	138.1	63.4	3.01	245.0
30.345	0.38	fixation	n/a	138.3	75.0	943.0	n/a	n/a	n/a	n/a
30.727	0.008	saccade	n/a	138.1	77.1	n/a	123.9	77.7	0.55	66.0
30.737	0.182	fixation	n/a	126.2	79.5	1021.0	n/a	n/a	n/a	n/a
30.921	0.018	saccade	n/a	124.2	79.3	n/a	165.6	71.0	1.65	137.0
30.941	0.244	fixation	n/a	163.3	73.7	1032.0	n/a	n/a	n/a	n/a
31.187	0.022	saccade	n/a	166.1	77.0	n/a	227.4	70.3	2.43	182.0
31.211	0.238	fixation	n/a	227.2	68.0	991.0	n/a	n/a	n/a	n/a
31.451	0.022	saccade	n/a	227.9	66.6	n/a	289.4	69.6	2.45	165.0
31.475	0.314	fixation	n/a	286.4	69.5	1008.0	n/a	n/a	n/a	n/a
31.791	0.034	saccade	n/a	282.6	72.8	n/a	406.9	77.5	5.0	288.0
31.827	0.326	fixation	n/a	404.3	80.4	1017.0	n/a	n/a	n/a	n/a
32.155	0.022	saccade	n/a	403.8	83.1	n/a	461.6	82.7	2.33	156.0
32.179	0.07	fixation	n/a	469.8	80.7	1008.0	n/a	n/a	n/a	n/a
32.251	0.024	saccade	n/a	469.0	81.7	n/a	552.2	78.8	3.33	238.0
32.277	0.17	fixation	n/a	549.4	76.0	992.0	n/a	n/a	n/a	n/a
32.449	0.05	saccade	n/a	550.7	75.8	n/a	305.4	114.2	9.94	307.0
32.501	0.046	fixation	n/a	314.2	115.6	992.0	n/a	n/a	n/a	n/a
32.549	0.036	saccade	n/a	315.5	116.7	n/a	259.2	129.9	2.32	254.0
32.587	0.182	fixation	n/a	251.9	131.5	979.0	n/a	n/a	n/a	n/a
32.771	0.024	saccade	n/a	253.0	133.7	n/a	176.8	131.6	3.02	211.0
32.797	0.074	fixation	n/a	186.2	131.7	966.0	n/a	n/a	n/a	n/a
32.873	0.022	saccade	n/a	188.5	132.4	n/a	157.6	127.1	1.23	142.0
32.897	0.156	fixation	n/a	165.3	129.5	952.0	n/a	n/a	n/a	n/a
33.055	0.024	saccade	n/a	163.5	129.8	n/a	266.9	135.2	4.1	296.0
33.081	0.274	fixation	n/a	267.5	134.7	975.0	n/a	n/a	n/a	n/a
33.357	0.124	saccade	n/a	262.6	137.2	n/a	299.9	140.7	1.5	424.0
33.483	0.356	fixation	n/a	301.1	143.8	980.0	n/a	n/a	n/a	n/a
33.841	0.018	saccade	n/a	302.8	145.5	n/a	260.3	132.3	1.78	139.0
33.861	0.242	fixation	n/a	264.8	136.8	950.0	n/a	n/a	n/a	n/a
34.105	0.02	saccade	n/a	264.9	138.1	n/a	322.6	139.5	2.31	176.0
34.127	0.628	fixation	n/a	319.5	139.9	976.0	n/a	n/a	n/a	n/a
34.757	0.02	saccade	n/a	316.6	139.7	n/a	374.1	142.9	2.32	180.0
34.779	0.23	fixation	n/a	371.8	143.4	976.0	n/a	n/a	n/a	n/a
35.011	0.018	saccade	n/a	369.4	145.8	n/a	409.3	146.1	1.61	132.0
35.031	0.142	fixation	n/a	407.9	144.1	995.0	n/a	n/a	n/a	n/a
35.175	0.02	saccade	n/a	406.8	145.4	n/a	469.5	144.5	2.52	191.0
35.197	0.356	fixation	n/a	474.7	141.9	981.0	n/a	n/a	n/a	n/a
35.555	0.02	saccade	n/a	474.7	141.9	n/a	521.9	139.7	1.89	157.0
35.577	1.81	fixation	n/a	501.3	140.1	1080.0	n/a	n/a	n/a	n/a
36.094	0.0	trigger_11	11	n/a	n/a	n/a	n/a	n/a	n/a	n/a
36.106	0.0	trigger_10	10	n/a	n/a	n/a	n/a	n/a	n/a	n/a
37.389	0.01	saccade	n/a	493.1	147.5	n/a	474.6	140.4	0.8	83.0
37.401	0.392	fixation	n/a	469.9	150.4	1183.0	n/a	n/a	n/a	n/a
37.795	0.016	saccade	n/a	470.1	153.7	n/a	440.6	145.0	1.24	118.0
37.813	0.448	fixation	n/a	447.6	148.7	1175.0	n/a	n/a	n/a	n/a
38.263	0.058	saccade	n/a	449.0	153.6	n/a	168.9	151.6	11.12	448.0
38.323	0.024	fixation	n/a	165.0	148.3	1141.0	n/a	n/a	n/a	n/a
38.349	0.034	saccade	n/a	162.6	146.9	n/a	138.8	89.5	2.49	279.0
38.385	0.09	fixation	n/a	136.3	86.6	1066.0	n/a	n/a	n/a	n/a
38.477	0.02	saccade	n/a	138.0	85.8	n/a	120.3	78.5	0.75	115.0
38.499	0.192	fixation	n/a	122.8	78.9	988.0	n/a	n/a	n/a	n/a
38.693	0.008	saccade	n/a	123.2	77.4	n/a	135.6	71.3	0.54	65.0
38.703	0.146	fixation	n/a	134.1	72.7	955.0	n/a	n/a	n/a	n/a
38.851	0.02	saccade	n/a	132.6	72.5	n/a	184.1	65.4	2.04	164.0
38.873	0.312	fixation	n/a	185.0	65.5	967.0	n/a	n/a	n/a	n/a
39.187	0.01	saccade	n/a	183.3	68.1	n/a	166.2	68.4	0.67	72.0
39.199	0.324	fixation	n/a	172.1	71.8	1019.0	n/a	n/a	n/a	n/a
39.525	0.02	saccade	n/a	174.8	74.8	n/a	242.2	71.5	2.67	206.0
39.547	0.084	fixation	n/a	246.3	72.8	1098.0	n/a	n/a	n/a	n/a
39.633	0.026	saccade	n/a	246.6	74.3	n/a	370.0	81.2	4.95	318.0
39.661	0.048	fixation	n/a	384.8	79.1	1127.0	n/a	n/a	n/a	n/a
39.711	0.024	saccade	n/a	383.2	78.0	n/a	467.6	78.1	3.4	280.0
39.737	0.096	fixation	n/a	457.4	75.1	1116.0	n/a	n/a	n/a	n/a
39.835	0.024	saccade	n/a	456.0	76.2	n/a	543.0	76.7	3.48	242.0
39.861	0.064	fixation	n/a	543.6	75.7	1098.0	n/a	n/a	n/a	n/a
39.927	0.02	saccade	n/a	542.6	77.4	n/a	588.6	75.3	1.83	176.0
39.949	0.186	fixation	n/a	579.5	74.3	1067.0	n/a	n/a	n/a	n/a
40.137	0.066	saccade	n/a	580.5	76.4	n/a	146.3	128.5	17.22	548.0
40.205	0.492	fixation	n/a	131.9	130.3	1020.0	n/a	n/a	n/a	n/a
40.699	0.018	saccade	n/a	131.8	131.2	n/a	183.9	130.2	2.04	177.0
40.719	0.59	fixation	n/a	183.4	135.3	1034.0	n/a	n/a	n/a	n/a
41.311	0.018	saccade	n/a	182.1	145.5	n/a	224.3	142.7	1.67	148.0
41.331	0.26	fixation	n/a	222.4	146.4	1088.0	n/a	n/a	n/a	n/a
41.593	0.02	saccade	n/a	222.1	148.3	n/a	278.1	142.5	2.24	167.0
41.615	0.202	fixation	n/a	275.3	139.1	1098.0	n/a	n/a	n/a	n/a
41.819	0.012	saccade	n/a	274.5	138.8	n/a	253.7	140.2	0.83	84.0
41.832	0.0	trigger_11	11	n/a	n/a	n/a	n/a	n/a	n/a	n/a
41.833	0.22	fixation	n/a	260.7	139.6	1054.0	n/a	n/a	n/a	n/a
41.852	0.0	trigger_10	10	n/a	n/a	n/a	n/a	n/a	n/a	n/a
42.055	0.032	saccade	n/a	258.8	137.3	n/a	363.9	138.1	4.21	209.0
42.089	0.124	fixation	n/a	361.1	138.7	1041.0	n/a	n/a	n/a	n/a
42.215	0.016	saccade	n/a	356.6	138.8	n/a	359.3	139.7	0.11	76.0
42.233	0.034	fixation	n/a	371.2	136.7	1040.0	n/a	n/a	n/a	n/a
42.269	0.02	saccade	n/a	385.2	138.1	n/a	435.3	140.0	2.02	133.0
42.291	0.17	fixation	n/a	431.2	140.5	1041.0	n/a	n/a	n/a	n/a
42.463	0.02	saccade	n/a	428.6	141.2	n/a	484.9	137.5	2.27	163.0
42.485	0.274	fixation	n/a	484.3	139.6	1007.0	n/a	n/a	n/a	n/a
42.761	0.018	saccade	n/a	485.2	140.7	n/a	523.3	141.4	1.53	122.0
42.781	0.09	fixation	n/a	520.8	142.2	992.0	n/a	n/a	n/a	n/a
42.873	0.058	saccade	n/a	520.9	143.0	n/a	192.1	192.9	13.2	495.0
42.933	0.156	fixation	n/a	181.8	192.0	975.0	n/a	n/a	n/a	n/a
43.091	0.022	saccade	n/a	181.5	191.6	n/a	112.7	194.9	2.69	210.0
43.115	0.488	fixation	n/a	128.1	194.9	951.0	n/a	n/a	n/a	n/a
43.605	0.026	saccade	n/a	126.9	195.6	n/a	240.4	200.5	4.46	315.0
43.633	0.122	fixation	n/a	238.7	199.4	940.0	n/a	n/a	n/a	n/a
43.757	0.024	saccade	n/a	239.7	202.4	n/a	154.4	113.7	4.91	386.0
43.783	0.26	fixation	n/a	131.9	93.0	886.0	n/a	n/a	n/a	n/a
44.045	0.006	saccade	n/a	130.3	88.4	n/a	131.4	81.3	0.29	47.0
44.053	0.144	fixation	n/a	132.3	83.3	861.0	n/a	n/a	n/a	n/a
44.199	0.014	saccade	n/a	132.4	85.2	n/a	106.3	84.3	1.01	90.0
44.215	0.204	fixation	n/a	115.5	86.2	855.0	n/a	n/a	n/a	n/a
44.421	0.02	saccade	n/a	115.4	86.7	n/a	157.1	77.2	1.67	133.0
44.443	0.27	fixation	n/a	154.2	77.4	865.0	n/a	n/a	n/a	n/a
44.715	0.022	saccade	n/a	153.8	78.6	n/a	225.0	66.7	2.84	201.0
44.739	0.132	fixation	n/a	236.5	66.0	886.0	n/a	n/a	n/a	n/a
44.873	0.022	saccade	n/a	236.9	69.1	n/a	300.8	69.1	2.56	190.0
44.897	0.192	fixation	n/a	297.9	71.2	919.0	n/a	n/a	n/a	n/a
45.091	0.022	saccade	n/a	298.4	73.4	n/a	374.9	82.8	3.1	244.0
45.115	0.096	fixation	n/a	379.6	78.8	950.0	n/a	n/a	n/a	n/a
45.213	0.022	saccade	n/a	376.5	78.4	n/a	455.0	81.1	3.16	241.0
45.237	0.132	fixation	n/a	445.9	81.2	963.0	n/a	n/a	n/a	n/a
45.371	0.032	saccade	n/a	444.0	82.3	n/a	589.7	83.2	5.82	357.0
45.405	0.162	fixation	n/a	585.6	81.6	950.0	n/a	n/a	n/a	n/a
45.569	0.058	saccade	n/a	587.5	80.7	n/a	263.9	138.3	13.08	543.0
45.629	0.204	fixation	n/a	250.7	137.8	953.0	n/a	n/a	n/a	n/a
45.835	0.024	saccade	n/a	249.3	140.1	n/a	332.7	137.1	3.34	264.0
45.861	0.17	fixation	n/a	330.0	138.9	969.0	n/a	n/a	n/a	n/a
46.033	0.024	saccade	n/a	333.1	142.2	n/a	408.4	140.6	3.03	210.0
46.059	0.256	fixation	n/a	410.5	138.9	979.0	n/a	n/a	n/a	n/a
46.317	0.02	saccade	n/a	411.0	139.9	n/a	467.4	137.2	2.27	178.0
46.339	0.14	fixation	n/a	463.5	137.7	982.0	n/a	n/a	n/a	n/a
46.481	0.024	saccade	n/a	462.6	138.7	n/a	537.2	137.2	2.98	187.0
46.507	0.214	fixation	n/a	534.7	137.7	985.0	n/a	n/a	n/a	n/a
46.723	0.012	saccade	n/a	535.6	136.9	n/a	560.8	134.7	1.01	97.0
46.736	0.0	trigger_11	11	n/a	n/a	n/a	n/a	n/a	n/a	n/a
46.737	0.112	fixation	n/a	561.2	135.5	981.0	n/a	n/a	n/a	n/a
46.744	0.0	trigger_10	10	n/a	n/a	n/a	n/a	n/a	n/a	n/a
46.851	0.064	saccade	n/a	562.1	135.3	n/a	173.9	201.8	15.58	536.0
46.917	0.114	fixation	n/a	161.4	199.8	955.0	n/a	n/a	n/a	n/a
47.033	0.022	saccade	n/a	160.8	199.6	n/a	111.8	188.9	1.95	179.0
47.057	0.132	fixation	n/a	121.0	189.3	932.0	n/a	n/a	n/a	n/a
47.191	0.022	saccade	n/a	121.8	193.3	n/a	99.7	193.5	0.85	117.0
47.215	0.182	fixation	n/a	104.3	191.4	923.0	n/a	n/a	n/a	n/a
47.399	0.038	saccade	n/a	103.0	191.6	n/a	307.9	205.7	8.07	387.0
47.439	0.112	fixation	n/a	302.2	205.9	940.0	n/a	n/a	n/a	n/a
47.553	0.134	saccade	n/a	306.3	210.0	n/a	290.3	225.1	0.89	814.0
47.583	0.048	blink	n/a	n/a	n/a	n/a	n/a	n/a	n/a	n/a
47.689	0.078	fixation	n/a	291.3	227.1	953.0	n/a	n/a	n/a	n/a
47.769	0.022	saccade	n/a	290.3	227.0	n/a	377.1	224.9	3.47	226.0
47.793	0.062	fixation	n/a	390.2	220.8	947.0	n/a	n/a	n/a	n/a
47.857	0.024	saccade	n/a	389.3	220.6	n/a	456.5	219.7	2.7	208.0
47.883	0.342	fixation	n/a	448.5	216.2	908.0	n/a	n/a	n/a	n/a
48.227	0.01	saccade	n/a	447.8	215.4	n/a	434.5	215.6	0.53	54.0
48.239	0.2	fixation	n/a	435.3	214.9	870.0	n/a	n/a	n/a	n/a
48.441	0.046	saccade	n/a	435.3	212.4	n/a	169.2	91.7	11.64	454.0
48.489	0.128	fixation	n/a	172.5	90.7	819.0	n/a	n/a	n/a	n/a
48.619	0.02	saccade	n/a	172.9	91.2	n/a	122.3	63.1	2.28	202.0
48.641	0.298	fixation	n/a	131.2	73.7	831.0	n/a	n/a	n/a	n/a
48.941	0.016	saccade	n/a	130.1	78.8	n/a	114.0	78.8	0.63	79.0
48.959	0.216	fixation	n/a	119.1	81.4	921.0	n/a	n/a	n/a	n/a
49.177	0.018	saccade	n/a	117.0	82.8	n/a	156.6	75.5	1.57	134.0
49.197	0.176	fixation	n/a	153.2	75.4	962.0	n/a	n/a	n/a	n/a
49.375	0.026	saccade	n/a	151.8	76.8	n/a	255.9	75.2	4.11	278.0
49.403	0.154	fixation	n/a	251.4	72.1	953.0	n/a	n/a	n/a	n/a
49.559	0.044	saccade	n/a	249.4	72.5	n/a	502.7	82.6	10.12	433.0
49.592	0.0	trigger_11	11	n/a	n/a	n/a	n/a	n/a	n/a	n/a
49.6	0.0	trigger_10	10	n/a	n/a	n/a	n/a	n/a	n/a	n/a
49.605	0.07	fixation	n/a	495.8	84.1	1001.0	n/a	n/a	n/a	n/a
49.677	0.024	saccade	n/a	494.5	86.9	n/a	558.4	81.5	2.57	231.0
49.703	0.144	fixation	n/a	546.4	81.0	1001.0	n/a	n/a	n/a	n/a
49.849	0.066	saccade	n/a	547.2	82.8	n/a	156.2	131.3	15.58	589.0
49.917	0.168	fixation	n/a	146.2	132.8	964.0	n/a	n/a	n/a	n/a
50.087	0.022	saccade	n/a	148.5	134.5	n/a	90.5	136.4	2.25	188.0
50.111	0.146	fixation	n/a	104.4	137.2	965.0	n/a	n/a	n/a	n/a
50.259	0.03	saccade	n/a	103.9	137.5	n/a	223.6	134.9	4.69	285.0
50.291	0.26	fixation	n/a	216.1	135.3	976.0	n/a	n/a	n/a	n/a
50.553	0.022	saccade	n/a	215.3	134.2	n/a	276.3	138.2	2.44	214.0
50.577	0.118	fixation	n/a	269.4	138.8	965.0	n/a	n/a	n/a	n/a
50.697	0.014	saccade	n/a	269.1	139.5	n/a	291.0	138.5	0.88	74.0
50.713	0.256	fixation	n/a	295.0	143.7	986.0	n/a	n/a	n/a	n/a
50.971	0.024	saccade	n/a	293.1	147.7	n/a	374.1	145.4	3.25	223.0
50.997	0.282	fixation	n/a	379.0	144.1	988.0	n/a	n/a	n/a	n/a
51.281	0.022	saccade	n/a	378.7	144.1	n/a	441.7	139.4	2.55	193.0
51.305	0.122	fixation	n/a	441.5	139.9	992.0	n/a	n/a	n/a	n/a
51.429	0.046	saccade	n/a	443.2	138.4	n/a	136.3	81.6	12.37	529.0
51.477	0.282	fixation	n/a	149.5	84.3	934.0	n/a	n/a	n/a	n/a
51.761	0.02	saccade	n/a	149.6	86.2	n/a	118.4	77.6	1.26	122.0
51.783	0.27	fixation	n/a	125.8	82.4	953.0	n/a	n/a	n/a	n/a
52.055	0.022	saccade	n/a	123.5	84.5	n/a	177.2	73.4	2.15	160.0
52.079	0.18	fixation	n/a	170.6	75.6	986.0	n/a	n/a	n/a	n/a
52.261	0.022	saccade	n/a	169.7	76.2	n/a	248.4	77.1	3.11	231.0
52.285	0.184	fixation	n/a	239.7	76.6	1004.0	n/a	n/a	n/a	n/a
52.471	0.042	saccade	n/a	237.1	77.3	n/a	502.8	84.9	10.61	447.0
52.515	0.098	fixation	n/a	495.3	84.5	1030.0	n/a	n/a	n/a	n/a
52.615	0.024	saccade	n/a	496.0	86.6	n/a	570.3	86.1	2.97	225.0
52.641	0.116	fixation	n/a	559.4	86.3	1016.0	n/a	n/a	n/a	n/a
52.759	0.06	saccade	n/a	562.6	87.4	n/a	144.9	133.6	16.58	637.0
52.821	0.216	fixation	n/a	134.1	133.8	967.0	n/a	n/a	n/a	n/a
53.024	0.0	trigger_11	11	n/a	n/a	n/a	n/a	n/a	n/a	n/a
53.039	0.024	saccade	n/a	134.2	135.8	n/a	223.0	135.3	3.49	250.0
53.04	0.0	trigger_12	12	n/a	n/a	n/a	n/a	n/a	n/a	n/a
53.065	0.296	fixation	n/a	223.7	135.2	975.0	n/a	n/a	n/a	n/a
53.363	0.02	saccade	n/a	224.8	137.0	n/a	279.1	139.9	2.17	168.0
53.385	0.222	fixation	n/a	273.3	140.1	967.0	n/a	n/a	n/a	n/a
53.609	0.02	saccade	n/a	271.3	140.3	n/a	325.8	135.5	2.19	171.0
53.631	0.15	fixation	n/a	321.9	136.0	982.0	n/a	n/a	n/a	n/a
53.783	0.01	saccade	n/a	321.7	133.3	n/a	337.0	137.4	0.64	62.0
53.795	0.386	fixation	n/a	363.3	141.3	941.0	n/a	n/a	n/a	n/a
54.183	0.018	saccade	n/a	365.4	141.7	n/a	413.6	140.5	1.94	148.0
54.203	0.314	fixation	n/a	415.8	140.1	910.0	n/a	n/a	n/a	n/a
54.519	0.02	saccade	n/a	416.1	143.8	n/a	470.2	141.9	2.18	172.0
54.541	0.306	fixation	n/a	467.4	139.8	928.0	n/a	n/a	n/a	n/a
54.849	0.05	saccade	n/a	468.6	140.6	n/a	147.7	78.2	12.96	498.0
54.901	0.192	fixation	n/a	158.8	79.8	853.0	n/a	n/a	n/a	n/a
55.095	0.016	saccade	n/a	158.4	80.0	n/a	129.8	74.2	1.14	105.0
55.113	0.194	fixation	n/a	137.6	76.8	838.0	n/a	n/a	n/a	n/a
55.309	0.004	saccade	n/a	136.3	78.4	n/a	130.3	77.0	0.24	48.0
55.315	0.122	fixation	n/a	130.9	77.8	878.0	n/a	n/a	n/a	n/a
55.432	0.0	trigger_13	13	n/a	n/a	n/a	n/a	n/a	n/a	n/a
55.439	0.026	saccade	n/a	130.3	78.6	n/a	215.6	64.1	3.4	234.0
55.444	0.0	trigger_10	10	n/a	n/a	n/a	n/a	n/a	n/a	n/a
55.467	0.294	fixation	n/a	214.3	65.6	919.0	n/a	n/a	n/a	n/a
55.763	0.022	saccade	n/a	216.1	67.6	n/a	279.6	68.4	2.53	180.0
55.787	0.144	fixation	n/a	274.1	63.5	904.0	n/a	n/a	n/a	n/a
55.933	0.024	saccade	n/a	273.6	62.6	n/a	377.0	77.6	4.2	316.0
55.959	0.318	fixation	n/a	372.3	79.8	951.0	n/a	n/a	n/a	n/a
56.279	0.026	saccade	n/a	370.1	80.8	n/a	461.1	81.0	3.66	231.0
56.307	0.226	fixation	n/a	460.6	78.4	972.0	n/a	n/a	n/a	n/a
56.535	0.022	saccade	n/a	461.6	79.4	n/a	400.7	79.7	2.45	212.0
56.559	0.172	fixation	n/a	412.3	82.2	978.0	n/a	n/a	n/a	n/a
56.733	0.024	saccade	n/a	411.7	83.2	n/a	484.8	81.5	2.94	195.0
56.759	0.38	fixation	n/a	479.1	82.8	969.0	n/a	n/a	n/a	n/a
57.141	0.008	saccade	n/a	476.7	89.4	n/a	464.5	82.5	0.57	68.0
57.151	0.46	fixation	n/a	445.9	88.8	976.0	n/a	n/a	n/a	n/a
57.613	0.046	saccade	n/a	446.1	89.2	n/a	136.5	96.6	12.27	502.0
57.661	0.074	fixation	n/a	152.3	96.9	998.0	n/a	n/a	n/a	n/a
57.737	0.028	saccade	n/a	152.7	97.1	n/a	133.8	88.2	0.82	163.0
57.767	0.146	fixation	n/a	129.9	89.4	1004.0	n/a	n/a	n/a	n/a
57.915	0.018	saccade	n/a	128.6	91.7	n/a	159.8	74.4	1.4	128.0
57.935	0.138	fixation	n/a	153.1	79.7	982.0	n/a	n/a	n/a	n/a
58.075	0.02	saccade	n/a	151.6	84.0	n/a	206.7	73.5	2.21	183.0
58.097	0.166	fixation	n/a	202.0	74.6	975.0	n/a	n/a	n/a	n/a
58.265	0.03	saccade	n/a	200.0	77.1	n/a	295.2	84.7	3.8	228.0
58.297	0.264	fixation	n/a	285.3	83.7	1002.0	n/a	n/a	n/a	n/a
58.563	0.022	saccade	n/a	281.8	84.1	n/a	363.4	90.9	3.29	257.0
58.587	0.258	fixation	n/a	358.2	90.8	1006.0	n/a	n/a	n/a	n/a
58.847	0.022	saccade	n/a	359.1	91.4	n/a	290.4	81.3	2.79	222.0
58.871	0.434	fixation	n/a	298.2	85.0	991.0	n/a	n/a	n/a	n/a
59.307	0.02	saccade	n/a	298.3	85.2	n/a	351.6	88.9	2.15	164.0
59.329	0.142	fixation	n/a	351.3	88.4	1000.0	n/a	n/a	n/a	n/a
59.473	0.016	saccade	n/a	350.2	88.7	n/a	390.2	88.2	1.61	141.0
59.491	0.404	fixation	n/a	395.3	88.2	984.0	n/a	n/a	n/a	n/a
59.897	0.02	saccade	n/a	397.2	91.6	n/a	456.4	88.3	2.39	182.0
59.919	0.248	fixation	n/a	456.7	87.2	993.0	n/a	n/a	n/a	n/a
60.169	0.018	saccade	n/a	455.3	89.5	n/a	503.3	90.6	1.92	158.0
60.189	0.152	fixation	n/a	501.2	90.6	992.0	n/a	n/a	n/a	n/a
60.343	0.02	saccade	n/a	500.7	91.7	n/a	550.8	90.0	2.01	156.0
60.365	0.474	fixation	n/a	548.8	91.5	994.0	n/a	n/a	n/a	n/a
60.841	0.006	saccade	n/a	550.7	96.0	n/a	544.5	98.2	0.26	46.0
60.849	0.096	fixation	n/a	543.0	97.7	984.0	n/a	n/a	n/a	n/a
60.947	0.066	saccade	n/a	543.5	98.5	n/a	166.1	138.0	15.0	492.0
61.015	0.12	fixation	n/a	154.2	136.7	953.0	n/a	n/a	n/a	n/a
61.137	0.02	saccade	n/a	155.4	137.4	n/a	107.4	139.9	1.87	156.0
61.159	0.13	fixation	n/a	117.5	139.6	950.0	n/a	n/a	n/a	n/a
61.291	0.078	saccade	n/a	117.8	140.7	n/a	119.4	132.8	0.32	354.0
61.371	0.592	fixation	n/a	118.2	136.6	917.0	n/a	n/a	n/a	n/a
61.965	0.022	saccade	n/a	119.4	136.6	n/a	184.2	129.6	2.55	176.0
61.989	0.246	fixation	n/a	183.0	131.8	932.0	n/a	n/a	n/a	n/a
62.237	0.024	saccade	n/a	183.3	135.8	n/a	275.7	141.3	3.67	270.0
62.263	0.498	fixation	n/a	267.8	141.4	955.0	n/a	n/a	n/a	n/a
62.763	0.026	saccade	n/a	270.9	142.8	n/a	181.1	135.9	3.57	236.0
62.791	0.384	fixation	n/a	189.0	137.1	951.0	n/a	n/a	n/a	n/a
63.177	0.024	saccade	n/a	190.3	140.6	n/a	279.4	143.7	3.54	267.0
63.203	0.23	fixation	n/a	280.6	142.8	999.0	n/a	n/a	n/a	n/a
63.435	0.022	saccade	n/a	279.4	144.0	n/a	342.5	144.4	2.53	190.0
63.459	0.26	fixation	n/a	342.3	145.9	1005.0	n/a	n/a	n/a	n/a
63.721	0.02	saccade	n/a	340.6	146.5	n/a	391.2	140.7	2.05	146.0
63.743	0.678	fixation	n/a	388.5	142.0	951.0	n/a	n/a	n/a	n/a
64.423	0.026	saccade	n/a	390.4	146.6	n/a	305.5	134.8	3.45	248.0
64.451	0.282	fixation	n/a	312.4	140.7	932.0	n/a	n/a	n/a	n/a
64.735	0.024	saccade	n/a	312.6	142.0	n/a	346.2	145.0	1.35	80.0
64.761	0.184	fixation	n/a	358.0	147.5	922.0	n/a	n/a	n/a	n/a
64.947	0.022	saccade	n/a	358.3	149.0	n/a	424.8	146.1	2.68	167.0
64.971	0.182	fixation	n/a	429.5	145.7	911.0	n/a	n/a	n/a	n/a
65.155	0.02	saccade	n/a	431.5	150.5	n/a	488.9	144.5	2.32	164.0
65.177	0.204	fixation	n/a	494.4	144.0	904.0	n/a	n/a	n/a	n/a
65.383	0.02	saccade	n/a	494.8	144.7	n/a	552.3	139.5	2.31	182.0
65.405	0.322	fixation	n/a	549.3	141.4	878.0	n/a	n/a	n/a	n/a
65.729	0.022	saccade	n/a	550.2	140.2	n/a	487.5	137.9	2.51	187.0
65.753	0.206	fixation	n/a	494.7	139.3	867.0	n/a	n/a	n/a	n/a
65.961	0.024	saccade	n/a	493.6	137.9	n/a	571.4	140.7	3.11	208.0
65.987	0.144	fixation	n/a	571.4	141.3	893.0	n/a	n/a	n/a	n/a
66.133	0.022	saccade	n/a	570.2	140.8	n/a	638.2	140.9	2.68	172.0
66.157	0.136	fixation	n/a	650.8	140.7	895.0	n/a	n/a	n/a	n/a
66.295	0.072	saccade	n/a	650.7	139.7	n/a	174.1	185.2	18.74	498.0
66.369	0.12	fixation	n/a	162.8	184.6	906.0	n/a	n/a	n/a	n/a
66.491	0.022	saccade	n/a	161.6	183.9	n/a	104.9	193.8	2.24	179.0
66.515	0.312	fixation	n/a	114.9	196.7	878.0	n/a	n/a	n/a	n/a
66.829	0.022	saccade	n/a	113.1	199.9	n/a	198.8	199.0	3.34	257.0
66.853	0.136	fixation	n/a	202.0	196.4	871.0	n/a	n/a	n/a	n/a
66.991	0.024	saccade	n/a	200.7	196.0	n/a	282.6	206.5	3.28	216.0
67.017	0.232	fixation	n/a	291.5	208.0	877.0	n/a	n/a	n/a	n/a
67.251	0.028	saccade	n/a	290.0	209.9	n/a	386.9	200.3	3.9	248.0
67.281	0.278	fixation	n/a	384.6	201.5	892.0	n/a	n/a	n/a	n/a
67.561	0.022	saccade	n/a	386.0	204.8	n/a	456.2	203.2	2.82	217.0
67.585	0.366	fixation	n/a	460.6	203.0	889.0	n/a	n/a	n/a	n/a
67.953	0.026	saccade	n/a	456.7	200.6	n/a	348.6	205.1	4.35	294.0
67.981	0.236	fixation	n/a	345.2	207.5	909.0	n/a	n/a	n/a	n/a
68.218	0.0	trigger_11	11	n/a	n/a	n/a	n/a	n/a	n/a	n/a
68.219	0.028	saccade	n/a	344.4	208.6	n/a	453.5	206.1	4.38	237.0
68.228	0.0	trigger_10	10	n/a	n/a	n/a	n/a	n/a	n/a	n/a
68.249	0.176	fixation	n/a	463.1	202.0	898.0	n/a	n/a	n/a	n/a
68.427	0.052	saccade	n/a	461.9	202.8	n/a	481.4	542.1	13.22	390.0
68.481	0.148	fixation	n/a	477.1	532.6	932.0	n/a	n/a	n/a	n/a
68.631	0.022	saccade	n/a	478.1	532.8	n/a	426.7	524.9	2.0	189.0
68.655	0.192	fixation	n/a	438.3	525.6	935.0	n/a	n/a	n/a	n/a
68.849	0.05	saccade	n/a	439.2	528.1	n/a	438.4	241.1	11.17	394.0
68.901	0.106	fixation	n/a	441.3	231.6	870.0	n/a	n/a	n/a	n/a
69.009	0.018	saccade	n/a	442.7	233.5	n/a	470.6	192.2	2.02	188.0
69.029	0.43	fixation	n/a	465.6	202.5	851.0	n/a	n/a	n/a	n/a
69.461	0.024	saccade	n/a	458.9	201.2	n/a	512.0	189.0	2.19	144.0
69.487	0.074	fixation	n/a	508.2	190.2	909.0	n/a	n/a	n/a	n/a
69.563	0.046	saccade	n/a	508.8	190.5	n/a	248.5	62.7	11.62	449.0
69.611	0.244	fixation	n/a	256.0	65.7	886.0	n/a	n/a	n/a	n/a
69.857	0.028	saccade	n/a	256.9	69.1	n/a	130.3	76.9	4.99	340.0
69.887	0.508	fixation	n/a	138.0	80.4	894.0	n/a	n/a	n/a	n/a
70.397	0.012	saccade	n/a	139.6	85.6	n/a	118.5	82.5	0.83	83.0
70.411	0.228	fixation	n/a	125.5	84.6	945.0	n/a	n/a	n/a	n/a
70.641	0.058	saccade	n/a	124.0	85.0	n/a	391.7	85.6	10.6	471.0
70.701	0.154	fixation	n/a	395.9	88.6	1000.0	n/a	n/a	n/a	n/a
70.857	0.032	saccade	n/a	395.0	89.0	n/a	530.0	84.3	5.43	291.0
70.891	0.05	fixation	n/a	530.8	80.9	1003.0	n/a	n/a	n/a	n/a
70.943	0.03	saccade	n/a	532.0	81.2	n/a	558.3	79.0	1.05	188.0
70.975	0.114	fixation	n/a	564.4	81.5	980.0	n/a	n/a	n/a	n/a
71.091	0.068	saccade	n/a	567.9	82.7	n/a	134.8	122.9	17.1	542.0
71.161	0.204	fixation	n/a	128.7	127.4	953.0	n/a	n/a	n/a	n/a
71.367	0.024	saccade	n/a	130.5	130.6	n/a	209.9	134.0	3.12	240.0
71.393	0.204	fixation	n/a	198.7	135.3	986.0	n/a	n/a	n/a	n/a
71.49	0.0	trigger_11	11	n/a	n/a	n/a	n/a	n/a	n/a	n/a
71.506	0.0	trigger_10	10	n/a	n/a	n/a	n/a	n/a	n/a	n/a
71.599	0.026	saccade	n/a	199.7	139.1	n/a	298.9	143.3	3.96	288.0
71.627	0.12	fixation	n/a	288.2	142.1	1002.0	n/a	n/a	n/a	n/a
71.749	0.14	saccade	n/a	289.7	147.1	n/a	349.2	165.6	2.5	875.0
71.779	0.05	blink	n/a	n/a	n/a	n/a	n/a	n/a	n/a	n/a
71.891	0.188	fixation	n/a	349.8	159.0	1008.0	n/a	n/a	n/a	n/a
72.081	0.022	saccade	n/a	350.7	155.0	n/a	418.3	151.2	2.72	174.0
72.105	0.132	fixation	n/a	417.5	149.1	989.0	n/a	n/a	n/a	n/a
72.239	0.016	saccade	n/a	416.4	148.0	n/a	377.7	143.4	1.57	131.0
72.257	0.322	fixation	n/a	387.8	149.0	969.0	n/a	n/a	n/a	n/a
72.581	0.03	saccade	n/a	385.4	153.2	n/a	488.2	142.6	4.16	251.0
72.613	0.2	fixation	n/a	484.2	145.0	1008.0	n/a	n/a	n/a	n/a
72.815	0.02	saccade	n/a	483.8	147.2	n/a	539.0	139.6	2.23	184.0
72.837	0.128	fixation	n/a	536.0	140.2	965.0	n/a	n/a	n/a	n/a
72.967	0.064	saccade	n/a	536.6	141.9	n/a	152.0	196.8	15.33	544.0
73.033	0.224	fixation	n/a	140.1	195.3	924.0	n/a	n/a	n/a	n/a
73.259	0.022	saccade	n/a	141.0	193.4	n/a	120.8	108.3	3.51	291.0
73.283	0.164	fixation	n/a	132.3	95.0	876.0	n/a	n/a	n/a	n/a
73.449	0.01	saccade	n/a	133.2	95.1	n/a	126.9	78.1	0.73	78.0
73.461	0.27	fixation	n/a	130.7	85.5	868.0	n/a	n/a	n/a	n/a
73.733	0.012	saccade	n/a	130.8	87.6	n/a	108.9	83.6	0.86	88.0
73.747	0.366	fixation	n/a	116.7	87.8	918.0	n/a	n/a	n/a	n/a
74.115	0.018	saccade	n/a	118.2	90.8	n/a	99.7	91.9	0.72	89.0
74.135	0.136	fixation	n/a	105.1	92.1	928.0	n/a	n/a	n/a	n/a
74.273	0.02	saccade	n/a	105.0	93.4	n/a	150.5	83.0	1.82	153.0
74.295	0.252	fixation	n/a	146.2	83.0	967.0	n/a	n/a	n/a	n/a
74.549	0.028	saccade	n/a	144.4	85.7	n/a	260.0	80.9	4.56	319.0
74.579	0.158	fixation	n/a	255.0	81.2	1039.0	n/a	n/a	n/a	n/a
74.739	0.024	saccade	n/a	252.8	80.2	n/a	337.0	86.2	3.38	241.0
74.765	0.074	fixation	n/a	348.0	86.5	1057.0	n/a	n/a	n/a	n/a
74.841	0.028	saccade	n/a	346.5	87.3	n/a	464.6	87.3	4.74	324.0
74.871	0.112	fixation	n/a	458.8	83.7	1057.0	n/a	n/a	n/a	n/a
74.985	0.022	saccade	n/a	458.9	86.8	n/a	519.0	86.8	2.41	200.0
75.009	0.172	fixation	n/a	510.8	86.1	1037.0	n/a	n/a	n/a	n/a
75.183	0.024	saccade	n/a	513.8	86.8	n/a	440.6	81.1	2.95	216.0
75.209	0.188	fixation	n/a	452.3	83.3	996.0	n/a	n/a	n/a	n/a
75.399	0.026	saccade	n/a	454.1	81.2	n/a	336.4	79.2	4.73	324.0
75.427	0.146	fixation	n/a	333.9	80.2	978.0	n/a	n/a	n/a	n/a
75.575	0.02	saccade	n/a	333.0	79.7	n/a	289.1	73.6	1.78	138.0
75.597	0.152	fixation	n/a	294.6	75.3	985.0	n/a	n/a	n/a	n/a
75.751	0.034	saccade	n/a	292.5	75.7	n/a	441.4	82.6	5.99	285.0
75.787	0.184	fixation	n/a	439.3	84.8	1008.0	n/a	n/a	n/a	n/a
75.973	0.016	saccade	n/a	439.6	85.5	n/a	477.2	84.2	1.51	129.0
75.991	0.086	fixation	n/a	473.0	87.6	999.0	n/a	n/a	n/a	n/a
76.079	0.058	saccade	n/a	474.1	85.7	n/a	157.3	130.0	12.7	549.0
76.139	0.172	fixation	n/a	147.1	131.8	970.0	n/a	n/a	n/a	n/a
76.313	0.016	saccade	n/a	146.4	135.2	n/a	125.9	139.1	0.81	96.0
76.331	0.112	fixation	n/a	130.7	140.0	988.0	n/a	n/a	n/a	n/a
76.445	0.024	saccade	n/a	129.6	140.7	n/a	207.4	139.9	3.05	228.0
76.471	0.22	fixation	n/a	193.6	139.2	1004.0	n/a	n/a	n/a	n/a
76.693	0.024	saccade	n/a	193.5	138.4	n/a	282.9	141.4	3.56	279.0
76.719	0.208	fixation	n/a	276.9	139.5	967.0	n/a	n/a	n/a	n/a
76.929	0.024	saccade	n/a	275.5	140.7	n/a	393.9	145.9	4.76	370.0
76.955	0.102	fixation	n/a	402.4	142.8	977.0	n/a	n/a	n/a	n/a
77.059	0.024	saccade	n/a	402.0	145.2	n/a	493.0	147.3	3.66	245.0
77.085	0.192	fixation	n/a	484.4	146.9	960.0	n/a	n/a	n/a	n/a
77.279	0.02	saccade	n/a	483.7	150.4	n/a	528.0	143.0	1.8	152.0
77.301	0.082	fixation	n/a	522.9	143.0	953.0	n/a	n/a	n/a	n/a
77.385	0.062	saccade	n/a	521.9	143.8	n/a	135.7	203.4	15.42	558.0
77.449	0.222	fixation	n/a	123.0	205.2	937.0	n/a	n/a	n/a	n/a
77.673	0.022	saccade	n/a	120.9	206.8	n/a	182.6	209.3	2.41	205.0
77.697	0.194	fixation	n/a	178.2	207.9	937.0	n/a	n/a	n/a	n/a
77.893	0.026	saccade	n/a	178.8	210.1	n/a	268.3	209.4	3.54	230.0
77.921	0.266	fixation	n/a	262.0	210.3	960.0	n/a	n/a	n/a	n/a
78.189	0.02	saccade	n/a	262.1	211.2	n/a	324.7	208.4	2.51	194.0
78.211	0.212	fixation	n/a	323.7	210.6	982.0	n/a	n/a	n/a	n/a
78.425	0.02	saccade	n/a	321.8	211.9	n/a	389.1	211.2	2.7	214.0
78.447	0.198	fixation	n/a	392.2	210.3	953.0	n/a	n/a	n/a	n/a
78.647	0.022	saccade	n/a	391.9	212.6	n/a	452.8	209.1	2.45	190.0
78.671	0.234	fixation	n/a	449.3	207.2	906.0	n/a	n/a	n/a	n/a
78.907	0.02	saccade	n/a	447.5	206.3	n/a	490.5	202.6	1.73	122.0
78.929	0.08	fixation	n/a	492.0	203.2	872.0	n/a	n/a	n/a	n/a
79.011	0.022	saccade	n/a	491.9	203.9	n/a	562.5	203.5	2.81	212.0
79.035	0.202	fixation	n/a	565.0	199.1	844.0	n/a	n/a	n/a	n/a
79.239	0.022	saccade	n/a	565.4	198.6	n/a	621.9	197.7	2.23	169.0
79.263	0.18	fixation	n/a	620.4	196.2	839.0	n/a	n/a	n/a	n/a
79.445	0.074	saccade	n/a	622.1	197.2	n/a	219.3	250.6	16.0	375.0
79.521	0.084	fixation	n/a	212.5	252.4	853.0	n/a	n/a	n/a	n/a
79.607	0.022	saccade	n/a	212.7	252.0	n/a	132.6	256.2	3.13	239.0
79.631	0.292	fixation	n/a	125.6	258.2	843.0	n/a	n/a	n/a	n/a
79.925	0.014	saccade	n/a	126.4	258.8	n/a	100.0	260.9	1.02	90.0
79.941	0.224	fixation	n/a	107.0	262.1	843.0	n/a	n/a	n/a	n/a
80.167	0.018	saccade	n/a	110.7	266.4	n/a	134.5	259.0	0.96	67.0
80.187	0.162	fixation	n/a	158.5	264.4	880.0	n/a	n/a	n/a	n/a
80.351	0.026	saccade	n/a	161.0	266.7	n/a	267.7	273.8	4.2	247.0
80.379	0.324	fixation	n/a	285.6	273.1	913.0	n/a	n/a	n/a	n/a
80.705	0.024	saccade	n/a	288.0	276.5	n/a	356.2	268.3	2.74	171.0
80.731	0.178	fixation	n/a	361.8	267.1	878.0	n/a	n/a	n/a	n/a
80.911	0.022	saccade	n/a	361.4	266.5	n/a	452.4	264.9	3.64	240.0
80.93	0.0	trigger_11	11	n/a	n/a	n/a	n/a	n/a	n/a	n/a
80.935	0.47	fixation	n/a	473.8	266.2	856.0	n/a	n/a	n/a	n/a
80.94	0.0	trigger_12	12	n/a	n/a	n/a	n/a	n/a	n/a	n/a
81.407	0.014	saccade	n/a	472.8	269.0	n/a	440.1	268.0	1.31	112.0
81.423	0.338	fixation	n/a	439.8	266.7	855.0	n/a	n/a	n/a	n/a
81.763	0.022	saccade	n/a	440.0	270.5	n/a	501.1	264.8	2.45	166.0
81.787	0.276	fixation	n/a	502.3	263.5	866.0	n/a	n/a	n/a	n/a
82.065	0.022	saccade	n/a	503.3	264.3	n/a	566.1	267.9	2.5	178.0
82.089	0.128	fixation	n/a	565.5	265.8	842.0	n/a	n/a	n/a	n/a
82.219	0.07	saccade	n/a	565.9	266.4	n/a	146.5	319.3	16.52	459.0
82.291	0.4	fixation	n/a	136.3	315.5	814.0	n/a	n/a	n/a	n/a
82.693	0.044	saccade	n/a	137.6	312.4	n/a	133.2	104.7	8.26	272.0
82.739	0.13	fixation	n/a	137.4	92.2	753.0	n/a	n/a	n/a	n/a
82.871	0.024	saccade	n/a	139.2	92.3	n/a	130.2	66.3	1.1	137.0
82.897	0.25	fixation	n/a	130.5	71.4	750.0	n/a	n/a	n/a	n/a
83.149	0.016	saccade	n/a	130.7	74.7	n/a	118.6	78.0	0.49	74.0
83.167	0.136	fixation	n/a	121.6	77.9	807.0	n/a	n/a	n/a	n/a
83.305	0.026	saccade	n/a	117.4	77.9	n/a	219.6	62.9	4.05	269.0
83.333	0.244	fixation	n/a	226.1	63.2	849.0	n/a	n/a	n/a	n/a
83.49	0.0	trigger_13	13	n/a	n/a	n/a	n/a	n/a	n/a	n/a
83.506	0.0	trigger_10	10	n/a	n/a	n/a	n/a	n/a	n/a	n/a
83.579	0.018	saccade	n/a	228.1	64.7	n/a	276.7	60.4	1.94	153.0
83.599	0.136	fixation	n/a	267.3	59.2	883.0	n/a	n/a	n/a	n/a
83.737	0.02	saccade	n/a	271.0	61.5	n/a	243.5	62.5	1.1	118.0
83.759	0.21	fixation	n/a	253.7	66.6	922.0	n/a	n/a	n/a	n/a
83.971	0.022	saccade	n/a	253.0	68.6	n/a	308.7	74.8	2.24	178.0
83.995	0.412	fixation	n/a	305.4	78.5	995.0	n/a	n/a	n/a	n/a
84.409	0.026	saccade	n/a	303.9	80.2	n/a	390.3	84.6	3.48	209.0
84.437	0.142	fixation	n/a	385.3	85.0	1030.0	n/a	n/a	n/a	n/a
84.581	0.026	saccade	n/a	384.0	86.7	n/a	471.1	84.7	3.51	235.0
84.609	0.216	fixation	n/a	470.6	86.3	1037.0	n/a	n/a	n/a	n/a
84.827	0.016	saccade	n/a	469.9	89.8	n/a	505.1	85.7	1.42	124.0
84.845	0.292	fixation	n/a	500.1	89.0	1000.0	n/a	n/a	n/a	n/a
85.139	0.06	saccade	n/a	500.0	90.8	n/a	144.4	83.9	14.09	524.0
85.201	0.134	fixation	n/a	138.5	85.7	958.0	n/a	n/a	n/a	n/a
85.337	0.022	saccade	n/a	138.4	86.2	n/a	110.7	86.0	1.08	116.0
85.361	0.67	fixation	n/a	116.1	87.9	950.0	n/a	n/a	n/a	n/a
86.033	0.02	saccade	n/a	113.0	86.7	n/a	158.6	75.8	1.83	134.0
86.055	0.262	fixation	n/a	154.1	75.5	971.0	n/a	n/a	n/a	n/a
86.319	0.024	saccade	n/a	152.6	78.0	n/a	227.4	73.9	2.95	212.0
86.345	0.208	fixation	n/a	225.6	76.4	1013.0	n/a	n/a	n/a	n/a
86.555	0.022	saccade	n/a	227.9	79.3	n/a	301.1	85.1	2.93	194.0
86.579	0.234	fixation	n/a	308.2	88.4	1050.0	n/a	n/a	n/a	n/a
86.815	0.022	saccade	n/a	308.7	91.1	n/a	374.2	89.6	2.64	184.0
86.839	0.232	fixation	n/a	381.7	88.4	1052.0	n/a	n/a	n/a	n/a
87.073	0.022	saccade	n/a	381.1	90.4	n/a	448.0	89.4	2.7	199.0
87.097	0.17	fixation	n/a	445.7	89.6	1031.0	n/a	n/a	n/a	n/a
87.269	0.02	saccade	n/a	445.9	89.6	n/a	392.2	89.3	2.17	175.0
87.291	0.09	fixation	n/a	401.0	92.3	1023.0	n/a	n/a	n/a	n/a
87.383	0.032	saccade	n/a	400.9	93.1	n/a	349.3	94.2	2.08	198.0
87.417	0.262	fixation	n/a	349.1	93.3	998.0	n/a	n/a	n/a	n/a
87.681	0.022	saccade	n/a	349.1	92.5	n/a	415.5	88.6	2.68	215.0
87.705	0.262	fixation	n/a	416.6	87.6	971.0	n/a	n/a	n/a	n/a
87.969	0.018	saccade	n/a	416.1	88.9	n/a	460.8	84.8	1.81	145.0
87.989	0.2	fixation	n/a	461.5	83.6	954.0	n/a	n/a	n/a	n/a
88.191	0.028	saccade	n/a	460.2	83.3	n/a	559.2	84.8	3.96	248.0
88.221	0.214	fixation	n/a	552.3	84.1	939.0	n/a	n/a	n/a	n/a
88.437	0.064	saccade	n/a	552.8	83.7	n/a	259.1	131.9	11.86	414.0
88.503	0.04	fixation	n/a	254.4	130.8	908.0	n/a	n/a	n/a	n/a
88.545	0.036	saccade	n/a	248.0	129.3	n/a	187.1	126.3	2.41	246.0
88.583	0.22	fixation	n/a	181.0	127.1	878.0	n/a	n/a	n/a	n/a
88.805	0.034	saccade	n/a	181.0	128.3	n/a	342.2	138.8	6.42	386.0
88.841	0.236	fixation	n/a	344.2	140.6	907.0	n/a	n/a	n/a	n/a
89.079	0.02	saccade	n/a	347.2	144.2	n/a	404.2	137.2	2.31	170.0
89.101	0.14	fixation	n/a	397.3	138.8	904.0	n/a	n/a	n/a	n/a
89.243	0.022	saccade	n/a	397.7	140.4	n/a	472.2	139.9	3.0	234.0
89.267	0.256	fixation	n/a	479.9	139.2	918.0	n/a	n/a	n/a	n/a
89.525	0.02	saccade	n/a	480.5	141.9	n/a	526.6	138.0	1.85	156.0
89.538	0.0	trigger_11	11	n/a	n/a	n/a	n/a	n/a	n/a	n/a
89.547	0.482	fixation	n/a	540.7	139.4	938.0	n/a	n/a	n/a	n/a
89.55	0.0	trigger_10	10	n/a	n/a	n/a	n/a	n/a	n/a	n/a
90.031	0.07	saccade	n/a	547.9	142.7	n/a	133.7	201.3	16.48	520.0
90.103	0.15	fixation	n/a	122.6	201.8	911.0	n/a	n/a	n/a	n/a
90.255	0.008	saccade	n/a	121.8	202.3	n/a	109.8	202.8	0.46	59.0
90.265	0.128	fixation	n/a	113.3	202.2	884.0	n/a	n/a	n/a	n/a
90.395	0.024	saccade	n/a	113.3	203.9	n/a	202.4	205.0	3.48	266.0
90.421	0.162	fixation	n/a	200.0	204.4	877.0	n/a	n/a	n/a	n/a
90.585	0.168	saccade	n/a	207.3	208.4	n/a	251.5	226.0	1.89	766.0
90.619	0.07	blink	n/a	n/a	n/a	n/a	n/a	n/a	n/a	n/a
90.755	0.272	fixation	n/a	252.3	226.8	873.0	n/a	n/a	n/a	n/a
91.029	0.014	saccade	n/a	251.7	227.8	n/a	244.8	211.2	0.72	62.0
91.045	0.166	fixation	n/a	246.2	213.2	832.0	n/a	n/a	n/a	n/a
91.213	0.036	saccade	n/a	244.0	209.2	n/a	145.2	96.3	5.99	309.0
91.251	0.156	fixation	n/a	146.8	93.0	774.0	n/a	n/a	n/a	n/a
91.409	0.014	saccade	n/a	148.7	94.9	n/a	121.9	74.9	1.32	117.0
91.425	0.54	fixation	n/a	127.8	80.2	806.0	n/a	n/a	n/a	n/a
91.967	0.024	saccade	n/a	123.4	83.2	n/a	200.7	68.9	3.08	215.0
91.993	0.266	fixation	n/a	220.1	68.1	880.0	n/a	n/a	n/a	n/a
92.261	0.048	saccade	n/a	222.4	68.6	n/a	501.1	83.5	11.14	480.0
92.311	0.146	fixation	n/a	498.1	85.8	935.0	n/a	n/a	n/a	n/a
92.459	0.02	saccade	n/a	497.6	85.9	n/a	559.6	80.1	2.49	206.0
92.481	0.224	fixation	n/a	551.3	82.0	942.0	n/a	n/a	n/a	n/a
92.707	0.024	saccade	n/a	553.9	84.1	n/a	482.7	80.2	2.85	218.0
92.733	0.152	fixation	n/a	491.4	82.4	969.0	n/a	n/a	n/a	n/a
92.887	0.048	saccade	n/a	492.7	84.3	n/a	164.5	148.0	13.28	471.0
92.937	0.124	fixation	n/a	179.2	150.6	992.0	n/a	n/a	n/a	n/a
93.063	0.024	saccade	n/a	180.3	152.9	n/a	109.0	150.6	2.78	232.0
93.089	0.19	fixation	n/a	120.9	149.0	978.0	n/a	n/a	n/a	n/a
93.281	0.024	saccade	n/a	120.8	150.1	n/a	215.0	152.1	3.69	274.0
93.307	0.078	fixation	n/a	203.1	152.1	1011.0	n/a	n/a	n/a	n/a
93.387	0.022	saccade	n/a	202.6	154.6	n/a	270.7	156.9	2.71	244.0
93.411	0.256	fixation	n/a	262.0	155.7	996.0	n/a	n/a	n/a	n/a
93.669	0.166	saccade	n/a	263.7	157.8	n/a	313.6	148.7	2.03	784.0
93.705	0.068	blink	n/a	n/a	n/a	n/a	n/a	n/a	n/a	n/a
93.837	0.128	fixation	n/a	314.7	150.9	993.0	n/a	n/a	n/a	n/a
93.967	0.022	saccade	n/a	316.6	154.1	n/a	380.0	154.8	2.55	195.0
93.991	0.19	fixation	n/a	375.3	153.5	960.0	n/a	n/a	n/a	n/a
94.183	0.018	saccade	n/a	373.9	154.9	n/a	420.0	151.7	1.86	159.0
94.203	0.07	fixation	n/a	418.3	150.6	905.0	n/a	n/a	n/a	n/a
94.275	0.022	saccade	n/a	417.4	150.8	n/a	477.5	148.4	2.42	172.0
94.299	0.41	fixation	n/a	468.7	146.6	877.0	n/a	n/a	n/a	n/a
94.711	0.022	saccade	n/a	467.5	148.0	n/a	530.6	147.3	2.53	182.0
94.735	0.314	fixation	n/a	530.6	143.4	836.0	n/a	n/a	n/a	n/a
95.051	0.016	saccade	n/a	530.3	143.2	n/a	564.3	139.8	1.36	114.0
95.069	0.132	fixation	n/a	562.3	138.8	824.0	n/a	n/a	n/a	n/a
95.203	0.07	saccade	n/a	562.9	137.5	n/a	150.9	191.0	16.36	396.0
95.275	0.132	fixation	n/a	141.8	192.6	815.0	n/a	n/a	n/a	n/a
95.409	0.018	saccade	n/a	141.3	193.7	n/a	113.6	188.1	1.1	114.0
95.429	0.32	fixation	n/a	120.9	190.4	852.0	n/a	n/a	n/a	n/a
95.751	0.026	saccade	n/a	120.9	195.4	n/a	223.1	195.4	4.01	272.0
95.779	0.338	fixation	n/a	231.2	198.7	894.0	n/a	n/a	n/a	n/a
96.119	0.016	saccade	n/a	231.9	200.4	n/a	267.2	201.7	1.4	140.0
96.137	0.212	fixation	n/a	265.0	202.6	897.0	n/a	n/a	n/a	n/a
96.351	0.026	saccade	n/a	264.2	206.1	n/a	365.1	207.8	4.04	262.0
96.379	0.706	fixation	n/a	374.4	207.1	852.0	n/a	n/a	n/a	n/a
97.087	0.022	saccade	n/a	373.0	209.2	n/a	450.5	208.5	3.11	191.0
97.111	0.494	fixation	n/a	460.5	205.3	846.0	n/a	n/a	n/a	n/a
97.607	0.018	saccade	n/a	460.0	209.4	n/a	510.5	206.7	2.03	161.0
97.627	0.854	fixation	n/a	517.3	200.7	824.0	n/a	n/a	n/a	n/a
98.483	0.054	saccade	n/a	519.8	201.2	n/a	143.7	259.7	14.99	445.0
98.539	0.14	fixation	n/a	154.2	260.3	824.0	n/a	n/a	n/a	n/a
98.681	0.016	saccade	n/a	155.1	259.6	n/a	115.7	251.9	1.56	144.0
98.699	0.492	fixation	n/a	123.2	255.7	803.0	n/a	n/a	n/a	n/a
99.14	0.0	trigger_11	11	n/a	n/a	n/a	n/a	n/a	n/a	n/a
99.156	0.0	trigger_10	10	n/a	n/a	n/a	n/a	n/a	n/a	n/a
99.193	0.008	saccade	n/a	120.9	256.1	n/a	107.4	255.0	0.52	62.0
99.203	0.264	fixation	n/a	111.9	254.9	795.0	n/a	n/a	n/a	n/a
99.469	0.02	saccade	n/a	112.3	255.0	n/a	180.8	253.0	2.66	212.0
99.491	0.342	fixation	n/a	193.0	252.8	810.0	n/a	n/a	n/a	n/a
99.835	0.016	saccade	n/a	193.6	254.5	n/a	237.2	258.8	1.73	146.0
99.853	0.332	fixation	n/a	238.0	261.4	826.0	n/a	n/a	n/a	n/a
100.187	0.018	saccade	n/a	236.9	266.6	n/a	282.2	266.2	1.8	145.0
100.207	0.204	fixation	n/a	281.4	264.2	830.0	n/a	n/a	n/a	n/a
100.413	0.024	saccade	n/a	281.4	264.1	n/a	359.6	264.3	3.12	193.0
100.439	0.042	fixation	n/a	371.4	260.9	828.0	n/a	n/a	n/a	n/a
100.483	0.022	saccade	n/a	372.5	260.2	n/a	444.9	258.8	2.9	216.0
100.507	0.1	fixation	n/a	442.5	258.4	825.0	n/a	n/a	n/a	n/a
100.609	0.024	saccade	n/a	443.3	259.4	n/a	521.4	255.6	3.12	195.0
100.635	0.214	fixation	n/a	523.0	255.3	805.0	n/a	n/a	n/a	n/a
100.851	0.02	saccade	n/a	524.6	256.9	n/a	577.7	254.6	2.11	162.0
100.873	0.444	fixation	n/a	578.0	255.3	762.0	n/a	n/a	n/a	n/a
101.319	0.054	saccade	n/a	579.5	257.3	n/a	213.6	99.3	15.8	438.0
101.375	0.14	fixation	n/a	163.8	87.0	712.0	n/a	n/a	n/a	n/a
101.517	0.022	saccade	n/a	156.1	84.8	n/a	121.5	80.4	1.36	141.0
101.541	0.258	fixation	n/a	127.4	81.4	714.0	n/a	n/a	n/a	n/a
101.801	0.02	saccade	n/a	127.6	83.4	n/a	177.5	70.7	2.02	159.0
101.823	0.21	fixation	n/a	175.8	71.4	762.0	n/a	n/a	n/a	n/a
102.035	0.056	saccade	n/a	176.5	74.1	n/a	462.9	79.9	11.39	529.0
102.093	0.174	fixation	n/a	471.8	83.4	842.0	n/a	n/a	n/a	n/a
102.269	0.026	saccade	n/a	471.1	86.0	n/a	572.7	80.7	4.06	300.0
102.297	0.17	fixation	n/a	566.1	83.9	876.0	n/a	n/a	n/a	n/a
102.316	0.0	trigger_11	11	n/a	n/a	n/a	n/a	n/a	n/a	n/a
102.332	0.0	trigger_10	10	n/a	n/a	n/a	n/a	n/a	n/a	n/a
102.469	0.068	saccade	n/a	567.4	86.0	n/a	143.5	134.6	16.8	530.0
102.539	0.276	fixation	n/a	137.0	137.2	857.0	n/a	n/a	n/a	n/a
102.817	0.026	saccade	n/a	138.1	139.8	n/a	233.3	132.2	3.75	258.0
102.845	0.206	fixation	n/a	232.3	135.2	903.0	n/a	n/a	n/a	n/a
103.053	0.022	saccade	n/a	230.4	137.9	n/a	298.2	141.5	2.71	215.0
103.077	0.448	fixation	n/a	289.0	139.9	925.0	n/a	n/a	n/a	n/a
103.527	0.024	saccade	n/a	288.5	142.9	n/a	371.5	142.7	3.33	235.0
103.553	0.17	fixation	n/a	370.5	144.1	932.0	n/a	n/a	n/a	n/a
103.725	0.022	saccade	n/a	370.6	146.8	n/a	425.3	144.9	2.21	165.0
103.749	0.192	fixation	n/a	418.1	143.1	927.0	n/a	n/a	n/a	n/a
103.943	0.014	saccade	n/a	417.3	142.7	n/a	444.4	142.2	1.09	100.0
103.959	0.058	fixation	n/a	439.7	142.4	899.0	n/a	n/a	n/a	n/a
104.019	0.044	saccade	n/a	439.2	142.9	n/a	185.6	71.8	10.51	578.0
104.065	0.124	fixation	n/a	194.6	76.4	848.0	n/a	n/a	n/a	n/a
104.191	0.022	saccade	n/a	193.8	77.0	n/a	123.3	80.3	2.76	222.0
104.215	0.282	fixation	n/a	138.3	82.7	853.0	n/a	n/a	n/a	n/a
104.499	0.02	saccade	n/a	139.2	84.8	n/a	108.0	82.9	1.21	121.0
104.521	0.206	fixation	n/a	117.9	84.5	913.0	n/a	n/a	n/a	n/a
104.729	0.02	saccade	n/a	117.3	84.7	n/a	164.5	76.2	1.87	150.0
104.751	0.302	fixation	n/a	163.3	78.2	929.0	n/a	n/a	n/a	n/a
105.055	0.056	saccade	n/a	162.6	80.0	n/a	447.5	80.9	11.33	518.0
105.113	0.184	fixation	n/a	456.1	85.9	996.0	n/a	n/a	n/a	n/a
105.299	0.024	saccade	n/a	454.6	88.2	n/a	558.3	85.9	4.15	276.0
105.325	0.064	fixation	n/a	572.0	84.6	979.0	n/a	n/a	n/a	n/a
105.391	0.022	saccade	n/a	572.2	86.2	n/a	623.8	89.5	2.04	178.0
105.415	0.12	fixation	n/a	615.1	90.8	944.0	n/a	n/a	n/a	n/a
105.537	0.068	saccade	n/a	617.0	90.9	n/a	142.9	136.9	18.68	573.0
105.607	0.338	fixation	n/a	133.3	140.3	939.0	n/a	n/a	n/a	n/a
105.947	0.142	saccade	n/a	134.4	145.1	n/a	244.8	143.0	4.35	594.0
105.993	0.042	blink	n/a	n/a	n/a	n/a	n/a	n/a	n/a	n/a
106.091	0.454	fixation	n/a	245.0	145.2	962.0	n/a	n/a	n/a	n/a
106.228	0.0	trigger_11	11	n/a	n/a	n/a	n/a	n/a	n/a	n/a
106.242	0.0	trigger_10	10	n/a	n/a	n/a	n/a	n/a	n/a	n/a
106.547	0.022	saccade	n/a	242.0	144.1	n/a	306.3	145.3	2.57	187.0
106.571	0.302	fixation	n/a	303.9	148.0	942.0	n/a	n/a	n/a	n/a
106.875	0.02	saccade	n/a	302.8	152.5	n/a	358.7	149.8	2.25	185.0
106.897	0.272	fixation	n/a	356.8	151.5	951.0	n/a	n/a	n/a	n/a
107.171	0.042	saccade	n/a	359.9	151.5	n/a	149.7	133.4	8.37	357.0
107.215	0.344	fixation	n/a	160.7	135.4	893.0	n/a	n/a	n/a	n/a
107.561	0.02	saccade	n/a	159.7	137.0	n/a	116.0	97.1	2.34	211.0
107.583	0.198	fixation	n/a	126.5	94.1	914.0	n/a	n/a	n/a	n/a
107.783	0.014	saccade	n/a	126.5	94.8	n/a	147.2	79.0	1.03	87.0
107.799	0.324	fixation	n/a	149.2	83.6	920.0	n/a	n/a	n/a	n/a
108.125	0.042	saccade	n/a	150.2	86.3	n/a	305.6	116.0	6.27	312.0
108.169	0.224	fixation	n/a	297.3	114.0	968.0	n/a	n/a	n/a	n/a
108.395	0.036	saccade	n/a	301.1	117.4	n/a	121.4	82.6	7.23	449.0
108.433	0.146	fixation	n/a	134.7	87.1	968.0	n/a	n/a	n/a	n/a
108.581	0.008	saccade	n/a	134.1	87.6	n/a	122.2	86.1	0.47	55.0
108.591	0.174	fixation	n/a	126.5	85.2	932.0	n/a	n/a	n/a	n/a
108.767	0.022	saccade	n/a	127.6	84.4	n/a	185.5	79.0	2.28	173.0
108.791	0.392	fixation	n/a	178.3	80.4	899.0	n/a	n/a	n/a	n/a
109.185	0.02	saccade	n/a	177.2	85.8	n/a	147.9	88.2	1.15	117.0
109.207	0.228	fixation	n/a	156.3	90.8	950.0	n/a	n/a	n/a	n/a
109.437	0.02	saccade	n/a	153.8	92.9	n/a	212.2	86.2	2.32	185.0
109.459	0.316	fixation	n/a	210.4	90.3	975.0	n/a	n/a	n/a	n/a
109.777	0.018	saccade	n/a	209.1	92.7	n/a	256.8	95.2	1.9	148.0
109.797	0.202	fixation	n/a	254.2	91.1	983.0	n/a	n/a	n/a	n/a
110.001	0.014	saccade	n/a	250.4	87.7	n/a	283.5	88.5	1.32	117.0
110.017	0.246	fixation	n/a	279.7	86.7	969.0	n/a	n/a	n/a	n/a
110.265	0.048	saccade	n/a	279.6	86.5	n/a	535.6	93.8	10.24	380.0
110.315	0.144	fixation	n/a	529.7	93.0	971.0	n/a	n/a	n/a	n/a
110.461	0.022	saccade	n/a	530.7	94.3	n/a	605.4	91.5	2.97	223.0
110.485	0.158	fixation	n/a	602.7	89.8	944.0	n/a	n/a	n/a	n/a
110.645	0.066	saccade	n/a	604.6	89.0	n/a	227.2	133.5	15.06	504.0
110.713	0.166	fixation	n/a	216.3	130.7	887.0	n/a	n/a	n/a	n/a
110.881	0.02	saccade	n/a	216.5	131.2	n/a	186.8	134.7	1.18	126.0
110.903	0.114	fixation	n/a	194.3	135.1	894.0	n/a	n/a	n/a	n/a
111.019	0.026	saccade	n/a	194.0	137.1	n/a	300.0	140.0	4.22	310.0
111.047	0.242	fixation	n/a	292.5	141.8	927.0	n/a	n/a	n/a	n/a
111.291	0.022	saccade	n/a	291.9	143.0	n/a	352.4	144.6	2.43	184.0
111.315	0.416	fixation	n/a	349.1	144.4	926.0	n/a	n/a	n/a	n/a
111.733	0.024	saccade	n/a	351.5	146.9	n/a	397.5	90.1	2.97	225.0
111.759	0.242	fixation	n/a	402.7	95.4	904.0	n/a	n/a	n/a	n/a
112.003	0.024	saccade	n/a	405.9	98.9	n/a	340.1	82.7	2.73	192.0
112.029	0.15	fixation	n/a	350.7	87.6	925.0	n/a	n/a	n/a	n/a
112.181	0.034	saccade	n/a	350.0	88.9	n/a	502.7	90.6	6.13	372.0
112.217	0.056	fixation	n/a	501.0	88.0	958.0	n/a	n/a	n/a	n/a
112.275	0.034	saccade	n/a	501.2	88.8	n/a	580.9	91.0	3.18	236.0
112.311	0.22	fixation	n/a	584.6	87.3	934.0	n/a	n/a	n/a	n/a
112.533	0.07	saccade	n/a	586.1	89.1	n/a	237.8	127.5	13.94	407.0
112.605	0.204	fixation	n/a	231.1	124.6	906.0	n/a	n/a	n/a	n/a
112.811	0.012	saccade	n/a	228.7	126.8	n/a	209.5	133.2	0.8	82.0
112.825	0.062	fixation	n/a	216.2	133.6	896.0	n/a	n/a	n/a	n/a
112.889	0.026	saccade	n/a	216.8	134.8	n/a	313.8	138.9	3.88	278.0
112.917	0.208	fixation	n/a	307.2	139.7	925.0	n/a	n/a	n/a	n/a
113.127	0.02	saccade	n/a	306.0	142.0	n/a	362.7	143.6	2.28	195.0
113.149	0.682	fixation	n/a	357.4	145.2	927.0	n/a	n/a	n/a	n/a
113.833	0.018	saccade	n/a	358.7	147.5	n/a	398.8	141.1	1.64	127.0
113.853	0.254	fixation	n/a	397.7	142.2	938.0	n/a	n/a	n/a	n/a
114.109	0.018	saccade	n/a	397.4	144.6	n/a	440.5	146.3	1.74	150.0
114.129	0.104	fixation	n/a	437.8	144.9	945.0	n/a	n/a	n/a	n/a
114.235	0.022	saccade	n/a	438.6	146.1	n/a	380.0	148.5	2.36	177.0
114.259	0.214	fixation	n/a	389.4	150.8	963.0	n/a	n/a	n/a	n/a
114.475	0.016	saccade	n/a	389.9	150.6	n/a	362.3	148.6	1.12	105.0
114.493	0.264	fixation	n/a	370.0	148.5	978.0	n/a	n/a	n/a	n/a
114.759	0.024	saccade	n/a	369.4	150.5	n/a	451.6	146.5	3.31	224.0
114.785	0.16	fixation	n/a	448.7	145.6	989.0	n/a	n/a	n/a	n/a
114.947	0.088	saccade	n/a	458.3	148.4	n/a	472.8	134.5	0.81	381.0
115.037	0.152	fixation	n/a	475.6	145.2	970.0	n/a	n/a	n/a	n/a
115.191	0.018	saccade	n/a	475.3	146.4	n/a	433.9	146.5	1.67	128.0
115.211	0.318	fixation	n/a	437.2	148.5	954.0	n/a	n/a	n/a	n/a
115.531	0.022	saccade	n/a	435.8	149.9	n/a	376.3	147.9	2.4	174.0
115.555	0.734	fixation	n/a	382.1	148.5	962.0	n/a	n/a	n/a	n/a
116.291	0.02	saccade	n/a	380.6	150.6	n/a	445.4	147.2	2.61	203.0
116.313	0.374	fixation	n/a	446.7	145.5	972.0	n/a	n/a	n/a	n/a
116.689	0.014	saccade	n/a	444.8	144.4	n/a	477.7	141.8	1.33	120.0
116.705	0.314	fixation	n/a	477.1	144.6	966.0	n/a	n/a	n/a	n/a
117.021	0.014	saccade	n/a	476.9	145.9	n/a	508.8	143.5	1.28	112.0
117.037	0.56	fixation	n/a	508.0	143.9	975.0	n/a	n/a	n/a	n/a
117.599	0.07	saccade	n/a	508.4	144.3	n/a	145.7	193.6	14.47	418.0
117.671	0.264	fixation	n/a	138.6	194.5	967.0	n/a	n/a	n/a	n/a
117.937	0.024	saccade	n/a	138.2	194.8	n/a	221.0	201.0	3.26	249.0
117.963	0.212	fixation	n/a	220.9	201.8	946.0	n/a	n/a	n/a	n/a
118.177	0.024	saccade	n/a	221.9	203.7	n/a	304.1	206.8	3.27	232.0
118.203	0.228	fixation	n/a	305.1	204.8	935.0	n/a	n/a	n/a	n/a
118.433	0.03	saccade	n/a	305.7	206.2	n/a	421.0	201.2	4.63	260.0
118.465	0.182	fixation	n/a	420.1	201.3	912.0	n/a	n/a	n/a	n/a
118.649	0.022	saccade	n/a	420.7	203.9	n/a	488.8	196.3	2.75	194.0
118.673	0.264	fixation	n/a	488.4	194.8	883.0	n/a	n/a	n/a	n/a
118.939	0.022	saccade	n/a	491.2	195.4	n/a	433.0	199.0	2.34	181.0
118.963	0.19	fixation	n/a	439.0	199.7	873.0	n/a	n/a	n/a	n/a
119.155	0.018	saccade	n/a	435.7	201.6	n/a	410.3	205.0	1.03	71.0
119.175	0.072	fixation	n/a	399.2	205.0	869.0	n/a	n/a	n/a	n/a
119.249	0.022	saccade	n/a	398.9	206.0	n/a	354.0	207.9	1.8	168.0
119.273	0.126	fixation	n/a	360.7	207.1	877.0	n/a	n/a	n/a	n/a
119.401	0.018	saccade	n/a	360.5	207.7	n/a	323.2	203.5	1.51	114.0
119.421	0.232	fixation	n/a	329.2	205.7	899.0	n/a	n/a	n/a	n/a
119.655	0.028	saccade	n/a	328.3	205.7	n/a	441.8	201.3	4.56	250.0
119.685	0.228	fixation	n/a	455.4	199.6	895.0	n/a	n/a	n/a	n/a
119.915	0.02	saccade	n/a	456.4	199.8	n/a	507.6	192.5	2.07	152.0
119.937	0.08	fixation	n/a	506.9	193.0	876.0	n/a	n/a	n/a	n/a
120.019	0.06	saccade	n/a	507.9	193.5	n/a	175.7	251.2	13.33	495.0
120.081	0.342	fixation	n/a	165.0	251.8	860.0	n/a	n/a	n/a	n/a
120.425	0.022	saccade	n/a	165.1	254.3	n/a	246.3	258.1	3.2	233.0
120.449	0.172	fixation	n/a	253.7	258.1	860.0	n/a	n/a	n/a	n/a
120.623	0.024	saccade	n/a	253.2	259.3	n/a	335.7	258.1	3.29	249.0
120.649	0.292	fixation	n/a	332.5	259.7	868.0	n/a	n/a	n/a	n/a
120.804	0.0	trigger_11	11	n/a	n/a	n/a	n/a	n/a	n/a	n/a
120.82	0.0	trigger_12	12	n/a	n/a	n/a	n/a	n/a	n/a	n/a
120.943	0.022	saccade	n/a	333.4	263.3	n/a	385.4	262.8	2.08	180.0
120.967	0.134	fixation	n/a	382.4	263.5	857.0	n/a	n/a	n/a	n/a
121.103	0.044	saccade	n/a	383.4	261.9	n/a	149.1	133.8	10.6	439.0
121.149	0.114	fixation	n/a	145.9	125.8	793.0	n/a	n/a	n/a	n/a
121.265	0.028	saccade	n/a	147.2	125.1	n/a	135.6	82.9	1.76	174.0
121.295	0.166	fixation	n/a	131.5	84.8	791.0	n/a	n/a	n/a	n/a
121.463	0.022	saccade	n/a	130.6	88.0	n/a	189.4	72.3	2.39	185.0
121.487	0.24	fixation	n/a	194.0	75.6	807.0	n/a	n/a	n/a	n/a
121.729	0.022	saccade	n/a	193.5	80.0	n/a	180.7	134.3	2.25	148.0
121.753	0.096	fixation	n/a	185.3	130.9	837.0	n/a	n/a	n/a	n/a
121.851	0.024	saccade	n/a	184.5	131.7	n/a	269.2	132.1	3.36	263.0
121.877	0.234	fixation	n/a	264.6	134.2	879.0	n/a	n/a	n/a	n/a
122.113	0.024	saccade	n/a	266.0	137.0	n/a	354.1	143.7	3.55	246.0
122.139	0.816	fixation	n/a	355.2	144.1	887.0	n/a	n/a	n/a	n/a
122.957	0.042	saccade	n/a	359.6	148.6	n/a	128.7	91.4	9.43	434.0
123.001	0.084	fixation	n/a	138.5	91.5	874.0	n/a	n/a	n/a	n/a
123.087	0.022	saccade	n/a	138.9	90.5	n/a	118.3	83.5	0.85	109.0
123.111	0.152	fixation	n/a	121.2	86.9	887.0	n/a	n/a	n/a	n/a
123.265	0.022	saccade	n/a	120.0	87.0	n/a	171.9	77.1	2.06	165.0
123.289	0.18	fixation	n/a	166.1	78.2	863.0	n/a	n/a	n/a	n/a
123.471	0.024	saccade	n/a	166.3	79.4	n/a	263.0	76.6	3.83	279.0
123.497	0.16	fixation	n/a	256.0	75.8	897.0	n/a	n/a	n/a	n/a
123.659	0.02	saccade	n/a	257.2	78.8	n/a	211.9	73.4	1.81	159.0
123.681	0.14	fixation	n/a	221.4	72.8	938.0	n/a	n/a	n/a	n/a
123.823	0.024	saccade	n/a	222.7	77.4	n/a	153.9	81.0	2.71	194.0
123.849	0.21	fixation	n/a	165.8	82.9	979.0	n/a	n/a	n/a	n/a
124.061	0.024	saccade	n/a	164.4	84.5	n/a	254.7	88.0	3.57	265.0
124.087	0.258	fixation	n/a	249.3	87.3	1013.0	n/a	n/a	n/a	n/a
124.347	0.02	saccade	n/a	248.6	90.3	n/a	300.1	90.8	2.06	182.0
124.369	0.164	fixation	n/a	295.3	89.9	997.0	n/a	n/a	n/a	n/a
124.535	0.024	saccade	n/a	293.3	87.8	n/a	376.5	95.7	3.36	236.0
124.561	0.322	fixation	n/a	371.4	92.9	1013.0	n/a	n/a	n/a	n/a
124.885	0.026	saccade	n/a	372.0	92.2	n/a	446.5	95.9	3.01	190.0
124.913	0.142	fixation	n/a	442.4	91.7	987.0	n/a	n/a	n/a	n/a
125.057	0.022	saccade	n/a	440.4	89.6	n/a	501.4	88.7	2.46	188.0
125.081	0.238	fixation	n/a	501.1	86.4	997.0	n/a	n/a	n/a	n/a
125.321	0.058	saccade	n/a	501.2	86.7	n/a	116.3	134.8	15.31	482.0
125.381	0.192	fixation	n/a	121.3	135.1	986.0	n/a	n/a	n/a	n/a
125.454	0.0	trigger_13	13	n/a	n/a	n/a	n/a	n/a	n/a	n/a
125.47	0.0	trigger_10	10	n/a	n/a	n/a	n/a	n/a	n/a	n/a
125.575	0.024	saccade	n/a	120.3	137.3	n/a	201.9	139.0	3.19	252.0
125.601	0.162	fixation	n/a	189.3	136.0	967.0	n/a	n/a	n/a	n/a
125.765	0.016	saccade	n/a	190.9	135.2	n/a	160.2	131.2	1.22	105.0
125.783	0.104	fixation	n/a	168.6	131.9	945.0	n/a	n/a	n/a	n/a
125.889	0.022	saccade	n/a	169.2	131.2	n/a	110.4	141.1	2.33	192.0
125.913	0.222	fixation	n/a	123.5	140.4	938.0	n/a	n/a	n/a	n/a
126.137	0.028	saccade	n/a	122.8	141.4	n/a	237.9	139.3	4.52	295.0
126.167	0.104	fixation	n/a	237.5	138.0	961.0	n/a	n/a	n/a	n/a
126.273	0.024	saccade	n/a	238.2	139.2	n/a	318.9	141.0	3.23	254.0
126.299	0.206	fixation	n/a	310.3	144.5	979.0	n/a	n/a	n/a	n/a
126.507	0.022	saccade	n/a	311.0	145.7	n/a	379.4	143.9	2.75	212.0
126.531	0.112	fixation	n/a	375.4	144.7	960.0	n/a	n/a	n/a	n/a
126.645	0.02	saccade	n/a	373.8	149.3	n/a	364.1	138.1	0.6	104.0
126.667	0.336	fixation	n/a	379.5	136.0	954.0	n/a	n/a	n/a	n/a
127.005	0.048	saccade	n/a	383.5	141.3	n/a	128.6	87.1	10.33	418.0
127.055	0.208	fixation	n/a	138.8	90.9	896.0	n/a	n/a	n/a	n/a
127.265	0.016	saccade	n/a	137.5	89.4	n/a	122.0	83.3	0.65	88.0
127.283	0.378	fixation	n/a	125.5	88.0	892.0	n/a	n/a	n/a	n/a
127.663	0.008	saccade	n/a	125.3	89.7	n/a	137.6	83.7	0.54	62.0
127.673	0.124	fixation	n/a	135.5	87.9	976.0	n/a	n/a	n/a	n/a
127.799	0.022	saccade	n/a	132.2	88.4	n/a	188.8	81.7	2.23	177.0
127.823	0.188	fixation	n/a	180.6	79.8	997.0	n/a	n/a	n/a	n/a
128.013	0.036	saccade	n/a	179.9	79.8	n/a	354.4	93.5	6.97	281.0
128.051	0.082	fixation	n/a	347.8	89.8	1005.0	n/a	n/a	n/a	n/a
128.135	0.03	saccade	n/a	346.5	91.4	n/a	505.3	94.5	6.37	412.0
128.167	0.058	fixation	n/a	508.7	88.2	1010.0	n/a	n/a	n/a	n/a
128.227	0.03	saccade	n/a	508.3	89.2	n/a	545.0	82.2	1.49	185.0
128.259	0.144	fixation	n/a	546.1	86.5	1010.0	n/a	n/a	n/a	n/a
128.405	0.022	saccade	n/a	547.2	86.9	n/a	486.2	84.3	2.44	202.0
128.429	0.216	fixation	n/a	499.1	84.5	977.0	n/a	n/a	n/a	n/a
128.647	0.02	saccade	n/a	502.1	85.9	n/a	452.4	85.0	2.0	171.0
128.669	0.156	fixation	n/a	461.9	85.7	975.0	n/a	n/a	n/a	n/a
128.827	0.024	saccade	n/a	462.8	88.1	n/a	536.7	86.4	2.96	208.0
128.853	0.09	fixation	n/a	531.6	86.3	981.0	n/a	n/a	n/a	n/a
128.945	0.06	saccade	n/a	532.2	87.0	n/a	133.1	139.1	15.88	582.0
129.007	0.316	fixation	n/a	123.7	142.8	998.0	n/a	n/a	n/a	n/a
129.325	0.022	saccade	n/a	121.1	148.6	n/a	188.2	140.7	2.64	190.0
129.349	0.304	fixation	n/a	209.4	144.0	978.0	n/a	n/a	n/a	n/a
129.655	0.052	saccade	n/a	209.3	144.8	n/a	485.8	98.9	11.17	499.0
129.709	0.174	fixation	n/a	492.8	99.1	979.0	n/a	n/a	n/a	n/a
129.885	0.008	saccade	n/a	492.6	98.7	n/a	484.5	88.6	0.53	64.0
129.895	0.186	fixation	n/a	482.7	91.4	990.0	n/a	n/a	n/a	n/a
130.083	0.022	saccade	n/a	481.7	93.1	n/a	560.5	91.2	3.15	237.0
130.107	0.216	fixation	n/a	554.5	89.5	1007.0	n/a	n/a	n/a	n/a
130.325	0.064	saccade	n/a	557.7	89.0	n/a	154.2	135.0	16.03	568.0
130.391	0.12	fixation	n/a	137.9	132.9	1026.0	n/a	n/a	n/a	n/a
130.513	0.014	saccade	n/a	136.0	134.6	n/a	109.1	140.6	1.07	97.0
130.529	0.256	fixation	n/a	115.6	139.7	1043.0	n/a	n/a	n/a	n/a
130.787	0.024	saccade	n/a	113.8	140.8	n/a	203.9	137.7	3.53	266.0
130.813	0.25	fixation	n/a	196.4	140.5	1040.0	n/a	n/a	n/a	n/a
131.065	0.024	saccade	n/a	195.0	142.3	n/a	273.4	141.7	3.12	222.0
131.091	0.314	fixation	n/a	267.0	142.2	1037.0	n/a	n/a	n/a	n/a
131.407	0.022	saccade	n/a	266.1	143.8	n/a	328.7	142.3	2.51	214.0
131.431	0.37	fixation	n/a	321.4	140.3	1013.0	n/a	n/a	n/a	n/a
131.803	0.036	saccade	n/a	321.3	141.2	n/a	186.2	135.0	5.38	238.0
131.841	0.142	fixation	n/a	198.9	138.4	1009.0	n/a	n/a	n/a	n/a
131.985	0.024	saccade	n/a	199.9	138.8	n/a	106.1	138.5	3.66	281.0
132.011	0.208	fixation	n/a	114.6	140.0	1009.0	n/a	n/a	n/a	n/a
132.221	0.044	saccade	n/a	113.7	140.6	n/a	378.1	140.7	10.45	437.0
132.267	0.212	fixation	n/a	373.2	140.0	1037.0	n/a	n/a	n/a	n/a
132.481	0.024	saccade	n/a	373.3	141.3	n/a	455.7	136.2	3.32	263.0
132.507	0.192	fixation	n/a	451.7	136.4	1008.0	n/a	n/a	n/a	n/a
132.701	0.022	saccade	n/a	453.1	138.5	n/a	511.8	135.0	2.36	197.0
132.725	0.1	fixation	n/a	502.4	132.5	983.0	n/a	n/a	n/a	n/a
132.827	0.042	saccade	n/a	504.1	134.7	n/a	342.0	137.5	6.5	417.0
132.871	0.194	fixation	n/a	333.5	136.2	956.0	n/a	n/a	n/a	n/a
133.067	0.01	saccade	n/a	328.6	135.9	n/a	312.5	136.2	0.65	71.0
133.079	0.134	fixation	n/a	318.7	139.8	950.0	n/a	n/a	n/a	n/a
133.215	0.024	saccade	n/a	316.6	140.7	n/a	401.1	142.7	3.4	224.0
133.241	0.218	fixation	n/a	406.2	143.3	977.0	n/a	n/a	n/a	n/a
133.461	0.02	saccade	n/a	405.7	146.8	n/a	457.0	141.4	2.08	166.0
133.483	0.478	fixation	n/a	452.6	142.7	981.0	n/a	n/a	n/a	n/a
133.963	0.022	saccade	n/a	449.8	143.0	n/a	510.8	135.0	2.47	168.0
133.987	0.168	fixation	n/a	510.9	137.3	965.0	n/a	n/a	n/a	n/a
134.157	0.056	saccade	n/a	512.8	142.0	n/a	253.3	81.7	10.65	420.0
134.215	0.198	fixation	n/a	245.7	81.0	918.0	n/a	n/a	n/a	n/a
134.415	0.024	saccade	n/a	245.6	83.2	n/a	161.3	79.0	3.34	246.0
134.441	0.21	fixation	n/a	169.2	81.2	887.0	n/a	n/a	n/a	n/a
134.462	0.0	trigger_11	11	n/a	n/a	n/a	n/a	n/a	n/a	n/a
134.474	0.0	trigger_10	10	n/a	n/a	n/a	n/a	n/a	n/a	n/a
134.653	0.026	saccade	n/a	168.6	82.1	n/a	280.7	71.9	4.46	339.0
134.681	0.232	fixation	n/a	279.2	70.7	885.0	n/a	n/a	n/a	n/a
134.915	0.036	saccade	n/a	283.0	72.7	n/a	114.2	85.2	6.66	458.0
134.953	0.256	fixation	n/a	124.1	85.9	870.0	n/a	n/a	n/a	n/a
135.211	0.054	saccade	n/a	121.5	88.4	n/a	486.7	132.2	14.52	479.0
135.267	0.364	fixation	n/a	498.4	145.0	956.0	n/a	n/a	n/a	n/a
135.633	0.022	saccade	n/a	497.9	145.7	n/a	437.4	137.9	2.46	200.0
135.657	0.128	fixation	n/a	450.4	142.7	951.0	n/a	n/a	n/a	n/a
135.787	0.026	saccade	n/a	451.4	143.5	n/a	339.2	100.9	4.83	360.0
135.815	0.08	fixation	n/a	339.6	99.7	931.0	n/a	n/a	n/a	n/a
135.897	0.034	saccade	n/a	338.7	99.1	n/a	267.0	76.8	3.01	335.0
135.933	0.192	fixation	n/a	264.3	75.7	914.0	n/a	n/a	n/a	n/a
136.127	0.07	saccade	n/a	264.4	78.4	n/a	286.8	509.5	16.9	488.0
136.199	0.25	fixation	n/a	286.0	521.3	1030.0	n/a	n/a	n/a	n/a
136.451	0.088	saccade	n/a	287.6	523.8	n/a	166.9	104.4	16.95	369.0
136.541	0.114	fixation	n/a	168.4	101.0	806.0	n/a	n/a	n/a	n/a
136.657	0.022	saccade	n/a	171.2	101.1	n/a	123.0	71.2	2.23	191.0
136.681	0.408	fixation	n/a	131.0	80.4	767.0	n/a	n/a	n/a	n/a
137.091	0.018	saccade	n/a	128.0	82.1	n/a	172.0	74.8	1.74	143.0
137.111	0.172	fixation	n/a	168.5	76.2	861.0	n/a	n/a	n/a	n/a
137.285	0.022	saccade	n/a	170.4	77.2	n/a	117.3	83.9	2.09	147.0
137.309	0.218	fixation	n/a	130.9	84.5	921.0	n/a	n/a	n/a	n/a
137.529	0.022	saccade	n/a	128.9	85.8	n/a	191.2	74.3	2.48	187.0
137.553	0.174	fixation	n/a	188.0	76.2	969.0	n/a	n/a	n/a	n/a
137.729	0.026	saccade	n/a	187.3	78.8	n/a	293.1	82.0	4.2	271.0
137.757	0.102	fixation	n/a	302.1	85.0	1008.0	n/a	n/a	n/a	n/a
137.861	0.034	saccade	n/a	302.2	86.7	n/a	472.8	91.6	6.85	384.0
137.897	0.17	fixation	n/a	466.5	90.4	1007.0	n/a	n/a	n/a	n/a
138.069	0.022	saccade	n/a	464.7	92.1	n/a	523.2	85.0	2.36	177.0
138.093	0.182	fixation	n/a	514.4	84.7	991.0	n/a	n/a	n/a	n/a
138.277	0.06	saccade	n/a	516.6	83.0	n/a	221.6	120.1	11.85	454.0
138.339	0.04	fixation	n/a	217.0	117.8	972.0	n/a	n/a	n/a	n/a
138.381	0.032	saccade	n/a	215.2	116.4	n/a	175.3	128.4	1.65	251.0
138.415	0.258	fixation	n/a	168.9	129.3	955.0	n/a	n/a	n/a	n/a
138.675	0.022	saccade	n/a	169.3	132.5	n/a	243.1	137.5	2.92	223.0
138.699	0.146	fixation	n/a	238.1	138.7	997.0	n/a	n/a	n/a	n/a
138.847	0.024	saccade	n/a	238.1	142.9	n/a	318.0	141.9	3.2	239.0
138.873	0.466	fixation	n/a	316.9	144.6	1022.0	n/a	n/a	n/a	n/a
139.341	0.02	saccade	n/a	315.1	149.0	n/a	366.9	147.4	2.09	171.0
139.363	0.202	fixation	n/a	364.7	147.8	1026.0	n/a	n/a	n/a	n/a
139.567	0.02	saccade	n/a	365.6	149.3	n/a	431.4	143.9	2.66	193.0
139.589	0.098	fixation	n/a	437.6	144.2	1016.0	n/a	n/a	n/a	n/a
139.689	0.134	saccade	n/a	435.3	152.8	n/a	457.6	134.8	1.16	847.0
139.727	0.04	blink	n/a	n/a	n/a	n/a	n/a	n/a	n/a	n/a
139.825	0.252	fixation	n/a	460.1	151.2	997.0	n/a	n/a	n/a	n/a
140.079	0.018	saccade	n/a	458.4	153.2	n/a	493.0	145.9	1.42	115.0
140.099	0.14	fixation	n/a	489.3	144.7	958.0	n/a	n/a	n/a	n/a
140.241	0.022	saccade	n/a	488.8	143.0	n/a	557.1	143.2	2.73	205.0
140.265	0.152	fixation	n/a	556.9	141.8	894.0	n/a	n/a	n/a	n/a
140.419	0.064	saccade	n/a	557.7	138.7	n/a	142.3	179.2	16.44	523.0
140.485	0.248	fixation	n/a	133.2	182.0	884.0	n/a	n/a	n/a	n/a
140.735	0.026	saccade	n/a	132.3	184.0	n/a	229.6	193.2	3.84	300.0
140.763	0.166	fixation	n/a	225.1	191.5	903.0	n/a	n/a	n/a	n/a
140.931	0.024	saccade	n/a	225.6	192.2	n/a	309.4	200.4	3.36	253.0
140.957	0.234	fixation	n/a	303.4	198.5	913.0	n/a	n/a	n/a	n/a
141.094	0.0	trigger_11	11	n/a	n/a	n/a	n/a	n/a	n/a	n/a
141.11	0.0	trigger_10	10	n/a	n/a	n/a	n/a	n/a	n/a	n/a
141.193	0.024	saccade	n/a	303.0	199.3	n/a	396.2	199.4	3.74	262.0
141.219	0.182	fixation	n/a	404.3	199.2	900.0	n/a	n/a	n/a	n/a
141.403	0.024	saccade	n/a	403.4	197.2	n/a	480.7	194.7	3.11	226.0
141.429	0.222	fixation	n/a	483.7	194.2	887.0	n/a	n/a	n/a	n/a
141.653	0.064	saccade	n/a	484.1	194.1	n/a	125.9	258.6	14.31	472.0
141.719	0.348	fixation	n/a	111.7	260.5	869.0	n/a	n/a	n/a	n/a
142.069	0.02	saccade	n/a	111.2	262.3	n/a	161.0	263.2	1.93	177.0
142.091	0.172	fixation	n/a	151.6	260.8	841.0	n/a	n/a	n/a	n/a
142.265	0.048	saccade	n/a	151.2	259.7	n/a	496.0	199.3	13.82	484.0
142.315	0.234	fixation	n/a	490.8	198.6	834.0	n/a	n/a	n/a	n/a
142.551	0.02	saccade	n/a	488.8	199.4	n/a	548.3	194.3	2.38	200.0
142.573	0.164	fixation	n/a	542.4	195.4	833.0	n/a	n/a	n/a	n/a
142.739	0.024	saccade	n/a	542.4	195.6	n/a	519.3	130.8	2.79	218.0
142.765	0.134	fixation	n/a	526.9	132.7	829.0	n/a	n/a	n/a	n/a
142.901	0.082	saccade	n/a	526.5	132.3	n/a	120.6	86.4	16.09	495.0
142.985	0.302	fixation	n/a	132.7	89.1	797.0	n/a	n/a	n/a	n/a
143.289	0.008	saccade	n/a	133.1	89.6	n/a	121.0	84.5	0.51	66.0
143.299	0.19	fixation	n/a	123.5	83.8	830.0	n/a	n/a	n/a	n/a
143.491	0.022	saccade	n/a	121.6	84.9	n/a	189.1	74.6	2.67	213.0
143.515	0.19	fixation	n/a	184.1	74.7	876.0	n/a	n/a	n/a	n/a
143.707	0.022	saccade	n/a	184.6	77.0	n/a	261.3	70.8	3.05	248.0
143.731	0.17	fixation	n/a	249.8	73.0	901.0	n/a	n/a	n/a	n/a
143.903	0.028	saccade	n/a	248.2	76.3	n/a	375.2	90.0	5.12	406.0
143.933	0.172	fixation	n/a	370.3	89.9	946.0	n/a	n/a	n/a	n/a
144.107	0.03	saccade	n/a	371.4	92.4	n/a	493.1	92.0	4.9	280.0
144.139	0.208	fixation	n/a	494.2	90.5	961.0	n/a	n/a	n/a	n/a
144.349	0.022	saccade	n/a	493.0	89.1	n/a	553.4	90.1	2.42	191.0
144.373	0.152	fixation	n/a	546.0	87.3	946.0	n/a	n/a	n/a	n/a
144.527	0.014	saccade	n/a	544.7	89.4	n/a	568.2	89.3	0.93	98.0
144.543	0.136	fixation	n/a	563.8	88.6	953.0	n/a	n/a	n/a	n/a
144.681	0.064	saccade	n/a	566.4	89.8	n/a	143.8	141.1	16.77	560.0
144.747	0.284	fixation	n/a	132.6	144.2	974.0	n/a	n/a	n/a	n/a
145.033	0.012	saccade	n/a	131.8	145.7	n/a	109.1	140.2	0.91	89.0
145.047	0.248	fixation	n/a	111.9	141.5	979.0	n/a	n/a	n/a	n/a
145.297	0.022	saccade	n/a	112.3	143.0	n/a	174.9	135.3	2.46	206.0
145.321	0.256	fixation	n/a	167.9	138.6	1016.0	n/a	n/a	n/a	n/a
145.579	0.026	saccade	n/a	171.2	142.2	n/a	279.9	149.3	4.31	291.0
145.607	0.204	fixation	n/a	282.4	144.8	1083.0	n/a	n/a	n/a	n/a
145.813	0.02	saccade	n/a	282.8	146.8	n/a	230.7	140.6	2.09	177.0
145.835	0.372	fixation	n/a	240.8	141.9	1022.0	n/a	n/a	n/a	n/a
146.209	0.022	saccade	n/a	239.0	141.3	n/a	178.2	136.2	2.42	179.0
146.233	0.196	fixation	n/a	182.5	138.1	984.0	n/a	n/a	n/a	n/a
146.431	0.058	saccade	n/a	180.7	138.9	n/a	468.6	512.7	18.39	543.0
146.491	0.17	fixation	n/a	465.6	506.1	1058.0	n/a	n/a	n/a	n/a
146.663	0.02	saccade	n/a	468.2	510.7	n/a	429.2	522.8	1.57	155.0
146.685	0.208	fixation	n/a	439.1	523.1	997.0	n/a	n/a	n/a	n/a
146.895	0.074	saccade	n/a	441.8	526.4	n/a	170.9	150.1	18.04	462.0
146.971	0.124	fixation	n/a	175.2	152.8	799.0	n/a	n/a	n/a	n/a
147.097	0.02	saccade	n/a	176.8	152.0	n/a	177.4	117.0	1.41	136.0
147.119	0.218	fixation	n/a	177.8	124.4	766.0	n/a	n/a	n/a	n/a
147.339	0.02	saccade	n/a	178.8	125.7	n/a	154.7	130.4	0.96	113.0
147.361	0.494	fixation	n/a	162.5	130.0	874.0	n/a	n/a	n/a	n/a
147.857	0.024	saccade	n/a	167.2	127.7	n/a	246.1	137.5	3.14	246.0
147.883	0.396	fixation	n/a	241.1	138.5	966.0	n/a	n/a	n/a	n/a
148.281	0.01	saccade	n/a	240.1	140.2	n/a	220.1	136.7	0.81	85.0
148.293	0.152	fixation	n/a	224.3	138.2	984.0	n/a	n/a	n/a	n/a
148.447	0.026	saccade	n/a	226.3	140.6	n/a	324.3	141.8	3.91	234.0
148.475	0.206	fixation	n/a	327.0	143.1	1014.0	n/a	n/a	n/a	n/a
148.683	0.022	saccade	n/a	326.9	143.8	n/a	389.8	146.2	2.53	192.0
148.707	0.218	fixation	n/a	394.7	145.9	1011.0	n/a	n/a	n/a	n/a
148.927	0.02	saccade	n/a	393.3	146.9	n/a	453.8	145.9	2.43	193.0
148.949	0.178	fixation	n/a	454.5	143.7	1001.0	n/a	n/a	n/a	n/a
149.129	0.02	saccade	n/a	453.4	144.2	n/a	498.8	141.8	1.83	129.0
149.151	0.156	fixation	n/a	503.1	142.8	973.0	n/a	n/a	n/a	n/a
149.309	0.018	saccade	n/a	502.3	143.9	n/a	549.5	142.9	1.88	149.0
149.329	0.368	fixation	n/a	546.2	141.1	969.0	n/a	n/a	n/a	n/a
149.699	0.05	saccade	n/a	547.4	142.4	n/a	211.5	202.6	13.55	433.0
149.751	0.148	fixation	n/a	223.3	199.6	982.0	n/a	n/a	n/a	n/a
149.901	0.026	saccade	n/a	222.3	199.3	n/a	129.4	187.7	3.67	282.0
149.929	0.142	fixation	n/a	139.2	191.9	960.0	n/a	n/a	n/a	n/a
150.073	0.02	saccade	n/a	141.2	193.2	n/a	92.4	195.7	1.89	151.0
150.095	0.356	fixation	n/a	103.6	196.7	907.0	n/a	n/a	n/a	n/a
150.453	0.032	saccade	n/a	105.2	197.4	n/a	230.0	198.3	4.88	296.0
150.487	0.138	fixation	n/a	230.8	201.0	936.0	n/a	n/a	n/a	n/a
150.627	0.05	saccade	n/a	231.3	204.1	n/a	514.6	139.1	11.59	451.0
150.679	0.17	fixation	n/a	510.5	144.6	950.0	n/a	n/a	n/a	n/a
150.808	0.0	trigger_11	11	n/a	n/a	n/a	n/a	n/a	n/a	n/a
150.824	0.0	trigger_10	10	n/a	n/a	n/a	n/a	n/a	n/a	n/a
150.851	0.02	saccade	n/a	512.4	148.7	n/a	555.6	144.7	1.73	149.0
150.873	0.166	fixation	n/a	547.7	144.5	929.0	n/a	n/a	n/a	n/a
151.041	0.148	saccade	n/a	547.3	145.2	n/a	133.3	200.4	16.45	700.0
151.109	0.018	blink	n/a	n/a	n/a	n/a	n/a	n/a	n/a	n/a
151.191	0.14	fixation	n/a	130.1	203.3	925.0	n/a	n/a	n/a	n/a
151.333	0.008	saccade	n/a	128.3	204.2	n/a	114.3	200.4	0.56	69.0
151.343	0.17	fixation	n/a	119.1	197.4	911.0	n/a	n/a	n/a	n/a
151.515	0.022	saccade	n/a	119.2	198.1	n/a	198.0	196.1	3.08	225.0
151.539	0.146	fixation	n/a	200.4	195.8	901.0	n/a	n/a	n/a	n/a
151.687	0.052	saccade	n/a	200.7	199.9	n/a	292.1	525.0	13.12	383.0
151.741	0.13	fixation	n/a	288.4	516.0	953.0	n/a	n/a	n/a	n/a
151.873	0.024	saccade	n/a	287.3	516.6	n/a	382.4	534.2	3.72	280.0
151.899	0.256	fixation	n/a	388.4	532.4	938.0	n/a	n/a	n/a	n/a
152.157	0.022	saccade	n/a	388.5	534.6	n/a	464.2	531.5	2.92	210.0
152.181	0.296	fixation	n/a	477.0	531.0	839.0	n/a	n/a	n/a	n/a
152.479	0.088	saccade	n/a	477.6	530.5	n/a	178.7	133.3	19.32	451.0
152.569	0.146	fixation	n/a	171.7	119.3	778.0	n/a	n/a	n/a	n/a
152.717	0.024	saccade	n/a	173.0	119.1	n/a	108.1	73.7	3.12	268.0
152.743	0.288	fixation	n/a	116.0	84.9	784.0	n/a	n/a	n/a	n/a
153.033	0.01	saccade	n/a	115.8	83.9	n/a	132.2	76.5	0.7	75.0
153.045	0.15	fixation	n/a	130.2	79.3	851.0	n/a	n/a	n/a	n/a
153.197	0.02	saccade	n/a	127.8	80.7	n/a	179.9	71.7	2.07	169.0
153.219	0.368	fixation	n/a	169.6	75.3	898.0	n/a	n/a	n/a	n/a
153.589	0.026	saccade	n/a	167.7	77.2	n/a	272.1	70.2	4.14	290.0
153.617	0.184	fixation	n/a	265.6	72.1	951.0	n/a	n/a	n/a	n/a
153.803	0.026	saccade	n/a	263.5	73.7	n/a	368.4	84.9	4.24	307.0
153.831	0.698	fixation	n/a	366.9	87.5	997.0	n/a	n/a	n/a	n/a
154.531	0.02	saccade	n/a	370.3	93.7	n/a	422.2	90.9	2.1	172.0
154.553	0.068	fixation	n/a	427.9	91.8	1041.0	n/a	n/a	n/a	n/a
154.623	0.02	saccade	n/a	426.6	92.3	n/a	470.9	84.8	1.81	137.0
154.645	0.246	fixation	n/a	461.3	87.1	1068.0	n/a	n/a	n/a	n/a
154.893	0.018	saccade	n/a	460.8	89.4	n/a	510.3	91.2	1.99	152.0
154.913	0.2	fixation	n/a	510.5	92.1	1070.0	n/a	n/a	n/a	n/a
155.115	0.018	saccade	n/a	510.6	94.2	n/a	555.1	90.8	1.78	143.0
155.135	0.228	fixation	n/a	551.0	88.8	1043.0	n/a	n/a	n/a	n/a
155.365	0.06	saccade	n/a	550.4	90.8	n/a	243.8	136.6	12.36	418.0
155.427	0.116	fixation	n/a	239.2	136.4	1046.0	n/a	n/a	n/a	n/a
155.545	0.038	saccade	n/a	237.2	135.2	n/a	468.4	95.1	9.39	472.0
155.585	0.144	fixation	n/a	464.6	96.7	1024.0	n/a	n/a	n/a	n/a
155.731	0.018	saccade	n/a	464.6	100.4	n/a	511.6	86.9	1.96	165.0
155.751	0.35	fixation	n/a	505.0	90.3	1001.0	n/a	n/a	n/a	n/a
156.103	0.02	saccade	n/a	502.6	92.6	n/a	547.4	88.9	1.8	151.0
156.125	0.184	fixation	n/a	539.7	89.3	980.0	n/a	n/a	n/a	n/a
156.311	0.016	saccade	n/a	537.9	92.2	n/a	572.4	87.9	1.38	126.0
156.329	0.29	fixation	n/a	565.9	88.5	964.0	n/a	n/a	n/a	n/a
156.621	0.066	saccade	n/a	567.9	90.3	n/a	181.1	138.3	15.41	463.0
156.689	0.17	fixation	n/a	172.5	139.4	1004.0	n/a	n/a	n/a	n/a
156.861	0.024	saccade	n/a	174.1	141.9	n/a	102.2	144.3	2.8	244.0
156.887	0.128	fixation	n/a	113.6	144.5	990.0	n/a	n/a	n/a	n/a
157.017	0.01	saccade	n/a	108.9	146.6	n/a	92.9	140.9	0.66	68.0
157.029	0.146	fixation	n/a	98.5	143.5	972.0	n/a	n/a	n/a	n/a
157.177	0.21	saccade	n/a	101.0	141.5	n/a	120.9	143.7	0.77	474.0
157.285	0.04	blink	n/a	n/a	n/a	n/a	n/a	n/a	n/a	n/a
157.389	0.182	fixation	n/a	121.3	147.9	955.0	n/a	n/a	n/a	n/a
157.573	0.026	saccade	n/a	122.8	148.8	n/a	158.3	69.4	3.48	240.0
157.601	0.192	fixation	n/a	157.6	81.7	962.0	n/a	n/a	n/a	n/a
157.795	0.018	saccade	n/a	160.2	85.2	n/a	116.3	89.2	1.72	139.0
157.815	0.188	fixation	n/a	127.3	91.4	919.0	n/a	n/a	n/a	n/a
158.005	0.02	saccade	n/a	125.5	92.5	n/a	176.6	78.5	2.08	170.0
158.027	0.102	fixation	n/a	172.4	82.1	927.0	n/a	n/a	n/a	n/a
158.131	0.026	saccade	n/a	170.3	85.5	n/a	258.9	84.7	3.5	260.0
158.159	0.2	fixation	n/a	253.9	86.6	943.0	n/a	n/a	n/a	n/a
158.361	0.028	saccade	n/a	251.8	87.8	n/a	372.8	92.2	4.85	339.0
158.391	0.408	fixation	n/a	371.9	90.3	979.0	n/a	n/a	n/a	n/a
158.801	0.022	saccade	n/a	371.2	88.6	n/a	449.1	97.2	3.16	225.0
158.825	0.254	fixation	n/a	447.1	92.8	986.0	n/a	n/a	n/a	n/a
159.081	0.02	saccade	n/a	443.0	90.2	n/a	501.0	92.8	2.34	188.0
159.103	0.178	fixation	n/a	497.9	91.9	994.0	n/a	n/a	n/a	n/a
159.283	0.02	saccade	n/a	496.3	90.8	n/a	556.9	94.1	2.43	195.0
159.305	0.178	fixation	n/a	551.0	93.1	1015.0	n/a	n/a	n/a	n/a
159.485	0.064	saccade	n/a	552.5	92.7	n/a	180.8	144.1	14.87	515.0
159.551	0.194	fixation	n/a	170.5	143.7	1051.0	n/a	n/a	n/a	n/a
159.747	0.024	saccade	n/a	170.3	144.6	n/a	77.9	137.4	3.59	276.0
159.773	0.158	fixation	n/a	90.5	139.8	1017.0	n/a	n/a	n/a	n/a
159.933	0.124	saccade	n/a	97.0	143.1	n/a	110.0	142.4	0.5	666.0
159.979	0.01	blink	n/a	n/a	n/a	n/a	n/a	n/a	n/a	n/a
160.059	0.276	fixation	n/a	108.1	144.8	1011.0	n/a	n/a	n/a	n/a
160.337	0.014	saccade	n/a	108.6	143.6	n/a	80.3	141.3	1.09	101.0
160.353	0.4	fixation	n/a	91.2	140.0	989.0	n/a	n/a	n/a	n/a
160.755	0.02	saccade	n/a	90.3	138.8	n/a	143.9	137.2	2.08	165.0
160.777	0.372	fixation	n/a	143.1	139.1	1059.0	n/a	n/a	n/a	n/a
161.151	0.04	saccade	n/a	143.8	140.9	n/a	308.6	82.2	6.95	359.0
161.193	0.198	fixation	n/a	303.9	89.8	1130.0	n/a	n/a	n/a	n/a
161.393	0.022	saccade	n/a	305.3	94.4	n/a	378.9	86.4	2.98	219.0
161.417	0.126	fixation	n/a	375.7	87.7	1095.0	n/a	n/a	n/a	n/a
161.545	0.04	saccade	n/a	377.8	91.0	n/a	163.1	138.3	8.75	434.0
161.587	0.478	fixation	n/a	167.7	138.9	1096.0	n/a	n/a	n/a	n/a
162.067	0.026	saccade	n/a	166.8	141.3	n/a	246.9	143.2	3.17	213.0
162.095	0.186	fixation	n/a	244.6	141.6	1098.0	n/a	n/a	n/a	n/a
162.283	0.024	saccade	n/a	244.7	142.3	n/a	314.9	139.2	2.81	188.0
162.309	0.184	fixation	n/a	307.8	138.9	1066.0	n/a	n/a	n/a	n/a
162.384	0.0	trigger_11	11	n/a	n/a	n/a	n/a	n/a	n/a	n/a
162.394	0.0	trigger_12	12	n/a	n/a	n/a	n/a	n/a	n/a	n/a
162.495	0.108	saccade	n/a	305.0	143.2	n/a	332.2	181.1	1.89	238.0
162.605	0.134	fixation	n/a	331.8	185.4	1031.0	n/a	n/a	n/a	n/a
162.741	0.054	saccade	n/a	329.0	199.6	n/a	426.8	540.8	13.82	427.0
162.797	0.472	fixation	n/a	424.6	533.9	983.0	n/a	n/a	n/a	n/a
163.271	0.022	saccade	n/a	428.6	535.0	n/a	492.8	533.7	2.47	160.0
163.295	0.21	fixation	n/a	502.9	533.0	854.0	n/a	n/a	n/a	n/a
163.507	0.018	saccade	n/a	504.5	532.8	n/a	454.5	529.9	1.92	165.0
163.527	0.148	fixation	n/a	454.3	531.4	837.0	n/a	n/a	n/a	n/a
163.677	0.03	saccade	n/a	455.7	532.5	n/a	565.7	528.8	4.22	263.0
163.709	0.284	fixation	n/a	564.9	527.3	817.0	n/a	n/a	n/a	n/a
163.995	0.1	saccade	n/a	564.7	526.2	n/a	134.5	79.7	23.94	447.0
164.097	0.09	fixation	n/a	140.4	87.2	789.0	n/a	n/a	n/a	n/a
164.189	0.022	saccade	n/a	142.7	87.8	n/a	112.3	70.4	1.37	160.0
164.213	0.406	fixation	n/a	122.8	81.6	807.0	n/a	n/a	n/a	n/a
164.621	0.006	saccade	n/a	125.0	85.7	n/a	115.3	85.2	0.38	53.0
164.629	0.12	fixation	n/a	117.3	86.5	892.0	n/a	n/a	n/a	n/a
164.751	0.022	saccade	n/a	115.6	87.4	n/a	183.0	77.3	2.66	183.0
164.775	0.226	fixation	n/a	182.1	75.6	927.0	n/a	n/a	n/a	n/a
165.003	0.024	saccade	n/a	182.4	76.9	n/a	271.1	76.9	3.52	265.0
165.029	0.164	fixation	n/a	263.4	75.5	971.0	n/a	n/a	n/a	n/a
165.195	0.024	saccade	n/a	260.8	75.7	n/a	348.6	88.9	3.55	281.0
165.221	0.142	fixation	n/a	340.7	85.5	1019.0	n/a	n/a	n/a	n/a
165.365	0.022	saccade	n/a	340.9	85.1	n/a	417.7	85.9	3.09	236.0
165.389	0.194	fixation	n/a	413.9	84.8	1046.0	n/a	n/a	n/a	n/a
165.585	0.026	saccade	n/a	410.7	85.2	n/a	487.1	82.9	3.08	174.0
165.613	0.192	fixation	n/a	484.6	84.5	1017.0	n/a	n/a	n/a	n/a
165.807	0.022	saccade	n/a	485.1	86.9	n/a	553.9	86.6	2.75	202.0
165.831	0.17	fixation	n/a	547.5	86.8	999.0	n/a	n/a	n/a	n/a
166.003	0.066	saccade	n/a	549.0	85.6	n/a	154.3	138.6	15.72	524.0
166.071	0.134	fixation	n/a	143.5	136.3	997.0	n/a	n/a	n/a	n/a
166.207	0.02	saccade	n/a	145.5	138.6	n/a	96.0	140.4	1.92	159.0
166.229	0.288	fixation	n/a	107.0	141.4	998.0	n/a	n/a	n/a	n/a
166.519	0.024	saccade	n/a	106.8	143.7	n/a	184.1	133.4	3.04	239.0
166.545	0.634	fixation	n/a	176.5	134.1	980.0	n/a	n/a	n/a	n/a
166.856	0.0	trigger_13	13	n/a	n/a	n/a	n/a	n/a	n/a	n/a
166.864	0.0	trigger_10	10	n/a	n/a	n/a	n/a	n/a	n/a	n/a
167.181	0.022	saccade	n/a	177.3	138.3	n/a	120.3	99.2	2.73	225.0
167.205	0.15	fixation	n/a	124.8	96.4	986.0	n/a	n/a	n/a	n/a
167.357	0.008	saccade	n/a	125.2	96.3	n/a	118.1	83.9	0.57	70.0
167.367	0.296	fixation	n/a	121.0	87.5	982.0	n/a	n/a	n/a	n/a
167.665	0.024	saccade	n/a	121.2	89.3	n/a	160.9	142.7	2.65	199.0
167.691	0.226	fixation	n/a	159.1	135.6	1031.0	n/a	n/a	n/a	n/a
167.919	0.066	saccade	n/a	161.5	136.3	n/a	508.7	548.9	20.86	563.0
167.987	0.106	fixation	n/a	501.3	541.0	1136.0	n/a	n/a	n/a	n/a
168.095	0.022	saccade	n/a	499.6	541.8	n/a	446.0	527.0	2.13	197.0
168.119	0.146	fixation	n/a	456.7	532.9	1084.0	n/a	n/a	n/a	n/a
168.267	0.026	saccade	n/a	454.2	534.7	n/a	548.2	534.7	3.6	257.0
168.295	0.162	fixation	n/a	538.5	533.2	926.0	n/a	n/a	n/a	n/a
168.459	0.018	saccade	n/a	540.6	533.9	n/a	586.9	527.6	1.78	153.0
168.479	0.164	fixation	n/a	584.2	526.0	839.0	n/a	n/a	n/a	n/a
168.645	0.082	saccade	n/a	586.0	525.4	n/a	157.8	128.2	22.59	467.0
168.729	0.15	fixation	n/a	141.3	98.7	767.0	n/a	n/a	n/a	n/a
168.881	0.02	saccade	n/a	143.3	97.7	n/a	118.8	75.3	1.31	150.0
168.903	0.33	fixation	n/a	123.6	81.1	770.0	n/a	n/a	n/a	n/a
169.235	0.02	saccade	n/a	121.3	83.7	n/a	166.5	72.4	1.82	144.0
169.257	0.148	fixation	n/a	165.9	72.9	845.0	n/a	n/a	n/a	n/a
169.407	0.026	saccade	n/a	164.1	74.4	n/a	256.4	67.8	3.66	269.0
169.435	0.148	fixation	n/a	253.6	65.2	869.0	n/a	n/a	n/a	n/a
169.585	0.052	saccade	n/a	253.2	66.1	n/a	506.8	83.2	10.15	470.0
169.639	0.128	fixation	n/a	514.6	84.4	915.0	n/a	n/a	n/a	n/a
169.769	0.024	saccade	n/a	514.3	85.1	n/a	583.9	84.8	2.77	179.0
169.795	0.136	fixation	n/a	583.8	84.0	930.0	n/a	n/a	n/a	n/a
169.933	0.062	saccade	n/a	584.4	86.2	n/a	159.0	133.8	16.89	616.0
169.997	0.256	fixation	n/a	153.1	134.1	931.0	n/a	n/a	n/a	n/a
170.255	0.026	saccade	n/a	154.6	137.7	n/a	248.4	136.1	3.7	260.0
170.283	0.174	fixation	n/a	237.6	140.0	996.0	n/a	n/a	n/a	n/a
170.459	0.106	saccade	n/a	238.8	146.5	n/a	281.3	140.7	1.71	517.0
170.567	0.23	fixation	n/a	283.5	146.5	1009.0	n/a	n/a	n/a	n/a
170.712	0.0	trigger_11	11	n/a	n/a	n/a	n/a	n/a	n/a	n/a
170.724	0.0	trigger_10	10	n/a	n/a	n/a	n/a	n/a	n/a	n/a
170.799	0.014	saccade	n/a	285.4	148.0	n/a	258.4	148.4	1.08	95.0
170.815	0.568	fixation	n/a	266.5	149.7	1010.0	n/a	n/a	n/a	n/a
171.385	0.06	saccade	n/a	266.7	155.1	n/a	372.9	562.3	16.32	446.0
171.447	0.146	fixation	n/a	366.8	553.0	1079.0	n/a	n/a	n/a	n/a
171.595	0.022	saccade	n/a	365.8	553.6	n/a	423.4	526.3	2.44	180.0
171.619	0.598	fixation	n/a	420.1	529.3	964.0	n/a	n/a	n/a	n/a
172.219	0.074	saccade	n/a	421.8	530.6	n/a	225.9	144.8	16.86	458.0
172.295	0.094	fixation	n/a	224.8	150.0	871.0	n/a	n/a	n/a	n/a
172.391	0.022	saccade	n/a	225.2	151.5	n/a	236.5	119.5	1.37	136.0
172.415	0.168	fixation	n/a	235.7	125.2	853.0	n/a	n/a	n/a	n/a
172.585	0.024	saccade	n/a	237.0	125.9	n/a	165.4	121.5	2.84	235.0
172.611	0.262	fixation	n/a	176.4	124.9	868.0	n/a	n/a	n/a	n/a
172.875	0.022	saccade	n/a	176.4	129.0	n/a	120.1	82.0	2.9	221.0
172.899	0.402	fixation	n/a	123.8	83.6	948.0	n/a	n/a	n/a	n/a
173.303	0.014	saccade	n/a	121.2	87.5	n/a	95.8	89.4	0.99	93.0
173.319	0.268	fixation	n/a	105.3	91.8	975.0	n/a	n/a	n/a	n/a
173.589	0.016	saccade	n/a	108.4	94.0	n/a	148.5	83.2	1.62	126.0
173.607	0.204	fixation	n/a	148.2	86.7	1029.0	n/a	n/a	n/a	n/a
173.813	0.046	saccade	n/a	149.1	89.4	n/a	431.8	87.8	11.22	439.0
173.861	0.15	fixation	n/a	430.8	89.8	1069.0	n/a	n/a	n/a	n/a
174.013	0.022	saccade	n/a	433.2	95.7	n/a	487.7	86.5	2.23	164.0
174.037	0.164	fixation	n/a	486.2	87.3	1050.0	n/a	n/a	n/a	n/a
174.203	0.098	saccade	n/a	483.7	92.0	n/a	493.4	76.1	0.76	545.0
174.303	0.25	fixation	n/a	496.7	93.5	1010.0	n/a	n/a	n/a	n/a
174.555	0.022	saccade	n/a	497.5	96.3	n/a	438.6	90.6	2.38	168.0
174.579	0.304	fixation	n/a	443.8	93.2	1002.0	n/a	n/a	n/a	n/a
174.885	0.022	saccade	n/a	440.2	92.8	n/a	523.5	90.2	3.35	258.0
174.909	0.31	fixation	n/a	526.5	89.7	1006.0	n/a	n/a	n/a	n/a
175.221	0.072	saccade	n/a	522.4	96.4	n/a	466.8	520.1	16.73	459.0
175.295	0.218	fixation	n/a	464.5	527.7	1069.0	n/a	n/a	n/a	n/a
175.515	0.022	saccade	n/a	466.4	528.5	n/a	408.0	531.1	2.25	176.0
175.539	0.426	fixation	n/a	423.0	535.9	937.0	n/a	n/a	n/a	n/a
175.967	0.012	saccade	n/a	425.3	538.1	n/a	403.8	537.7	0.83	86.0
175.981	0.354	fixation	n/a	408.3	538.5	864.0	n/a	n/a	n/a	n/a
176.337	0.018	saccade	n/a	408.1	539.6	n/a	450.2	537.6	1.62	119.0
176.357	0.456	fixation	n/a	445.8	537.6	861.0	n/a	n/a	n/a	n/a
176.378	0.0	trigger_11	11	n/a	n/a	n/a	n/a	n/a	n/a	n/a
176.388	0.0	trigger_10	10	n/a	n/a	n/a	n/a	n/a	n/a	n/a
176.815	0.012	saccade	n/a	445.6	539.7	n/a	421.5	538.2	0.93	89.0
176.829	0.288	fixation	n/a	424.7	537.6	886.0	n/a	n/a	n/a	n/a
177.119	0.13	saccade	n/a	424.1	540.6	n/a	444.1	85.4	17.76	351.0
177.251	0.242	fixation	n/a	467.1	88.9	851.0	n/a	n/a	n/a	n/a
177.495	0.022	saccade	n/a	468.9	85.0	n/a	532.1	84.7	2.53	172.0
177.519	0.222	fixation	n/a	536.4	83.5	820.0	n/a	n/a	n/a	n/a
177.743	0.118	saccade	n/a	530.8	86.0	n/a	524.0	92.7	0.38	602.0
177.781	0.03	blink	n/a	n/a	n/a	n/a	n/a	n/a	n/a	n/a
177.863	0.18	fixation	n/a	523.2	96.4	869.0	n/a	n/a	n/a	n/a
178.045	0.05	saccade	n/a	522.7	98.9	n/a	194.3	70.5	13.11	512.0
178.097	0.136	fixation	n/a	201.9	73.5	886.0	n/a	n/a	n/a	n/a
178.235	0.026	saccade	n/a	200.9	74.3	n/a	113.1	78.7	3.44	232.0
178.263	0.308	fixation	n/a	126.2	81.2	870.0	n/a	n/a	n/a	n/a
178.573	0.014	saccade	n/a	126.5	82.5	n/a	108.7	86.0	0.7	78.0
178.589	0.204	fixation	n/a	114.0	86.4	928.0	n/a	n/a	n/a	n/a
178.795	0.018	saccade	n/a	111.1	87.8	n/a	145.1	78.0	1.38	118.0
178.815	0.156	fixation	n/a	138.5	81.2	921.0	n/a	n/a	n/a	n/a
178.973	0.026	saccade	n/a	136.0	84.0	n/a	230.3	69.6	3.75	249.0
179.001	0.232	fixation	n/a	234.5	74.9	922.0	n/a	n/a	n/a	n/a
179.235	0.048	saccade	n/a	235.4	79.5	n/a	490.5	86.6	10.21	438.0
179.285	0.166	fixation	n/a	482.3	88.6	978.0	n/a	n/a	n/a	n/a
179.453	0.022	saccade	n/a	482.0	91.1	n/a	561.3	88.8	3.17	249.0
179.477	0.146	fixation	n/a	564.6	91.0	947.0	n/a	n/a	n/a	n/a
179.625	0.066	saccade	n/a	568.7	95.2	n/a	126.3	151.9	17.53	570.0
179.693	0.268	fixation	n/a	119.5	150.5	933.0	n/a	n/a	n/a	n/a
179.963	0.026	saccade	n/a	120.0	150.7	n/a	221.7	148.0	3.99	270.0
179.991	0.292	fixation	n/a	222.4	148.1	1013.0	n/a	n/a	n/a	n/a
180.285	0.02	saccade	n/a	225.7	151.5	n/a	281.3	146.9	2.22	181.0
180.307	0.398	fixation	n/a	275.0	146.5	1016.0	n/a	n/a	n/a	n/a
180.707	0.018	saccade	n/a	274.0	149.4	n/a	321.4	144.9	1.91	160.0
180.727	0.182	fixation	n/a	318.6	146.9	1056.0	n/a	n/a	n/a	n/a
180.911	0.022	saccade	n/a	317.8	149.6	n/a	380.9	151.1	2.54	200.0
180.935	0.152	fixation	n/a	381.9	148.7	1068.0	n/a	n/a	n/a	n/a
181.089	0.022	saccade	n/a	380.8	149.9	n/a	443.4	149.5	2.52	188.0
181.113	0.178	fixation	n/a	444.9	148.8	1062.0	n/a	n/a	n/a	n/a
181.293	0.018	saccade	n/a	442.9	149.3	n/a	485.3	145.5	1.71	120.0
181.313	0.22	fixation	n/a	482.2	144.9	1040.0	n/a	n/a	n/a	n/a
181.535	0.012	saccade	n/a	483.6	148.1	n/a	509.2	145.6	1.03	102.0
181.549	0.146	fixation	n/a	511.5	145.4	1003.0	n/a	n/a	n/a	n/a
181.697	0.066	saccade	n/a	511.7	143.9	n/a	141.7	186.8	14.7	475.0
181.765	0.124	fixation	n/a	131.7	187.1	968.0	n/a	n/a	n/a	n/a
181.891	0.016	saccade	n/a	131.9	186.6	n/a	100.6	194.1	1.25	115.0
181.909	0.204	fixation	n/a	109.0	193.5	951.0	n/a	n/a	n/a	n/a
182.115	0.024	saccade	n/a	108.4	195.2	n/a	187.0	196.3	3.06	227.0
182.141	0.164	fixation	n/a	184.8	197.2	953.0	n/a	n/a	n/a	n/a
182.307	0.024	saccade	n/a	184.6	198.4	n/a	276.5	206.0	3.65	236.0
182.333	0.136	fixation	n/a	288.2	203.7	959.0	n/a	n/a	n/a	n/a
182.471	0.022	saccade	n/a	288.4	204.3	n/a	369.0	200.4	3.23	221.0
182.495	0.122	fixation	n/a	387.2	200.3	955.0	n/a	n/a	n/a	n/a
182.619	0.028	saccade	n/a	388.1	201.7	n/a	485.3	195.4	3.9	219.0
182.649	0.244	fixation	n/a	482.9	192.2	935.0	n/a	n/a	n/a	n/a
182.895	0.02	saccade	n/a	483.6	193.9	n/a	545.6	194.3	2.48	183.0
182.917	0.202	fixation	n/a	544.9	192.1	905.0	n/a	n/a	n/a	n/a
183.121	0.062	saccade	n/a	546.7	193.5	n/a	220.0	256.1	13.21	486.0
183.185	0.17	fixation	n/a	214.7	258.2	949.0	n/a	n/a	n/a	n/a
183.356	0.0	trigger_11	11	n/a	n/a	n/a	n/a	n/a	n/a	n/a
183.357	0.028	saccade	n/a	213.5	260.3	n/a	331.3	257.3	4.68	282.0
183.366	0.0	trigger_10	10	n/a	n/a	n/a	n/a	n/a	n/a	n/a
183.387	0.176	fixation	n/a	330.6	260.9	955.0	n/a	n/a	n/a	n/a
183.565	0.062	saccade	n/a	332.5	271.1	n/a	290.1	511.6	9.5	281.0
183.629	0.136	fixation	n/a	299.8	518.8	954.0	n/a	n/a	n/a	n/a
183.767	0.028	saccade	n/a	298.3	520.0	n/a	411.5	529.0	4.38	276.0
183.797	0.222	fixation	n/a	411.4	529.2	928.0	n/a	n/a	n/a	n/a
184.021	0.064	saccade	n/a	411.7	528.3	n/a	233.7	194.4	14.74	461.0
184.087	0.208	fixation	n/a	236.0	198.5	851.0	n/a	n/a	n/a	n/a
184.297	0.04	saccade	n/a	235.9	198.1	n/a	158.7	104.6	4.85	329.0
184.339	0.368	fixation	n/a	158.6	112.1	844.0	n/a	n/a	n/a	n/a
184.709	0.02	saccade	n/a	157.3	112.8	n/a	199.0	137.3	1.92	177.0
184.731	0.322	fixation	n/a	195.2	134.4	938.0	n/a	n/a	n/a	n/a
185.055	0.02	saccade	n/a	196.9	136.7	n/a	149.8	129.7	1.87	168.0
185.077	0.15	fixation	n/a	158.1	130.4	955.0	n/a	n/a	n/a	n/a
185.229	0.022	saccade	n/a	159.3	132.8	n/a	131.4	78.4	2.45	186.0
185.253	0.3	fixation	n/a	136.5	84.9	963.0	n/a	n/a	n/a	n/a
185.555	0.088	saccade	n/a	142.6	89.9	n/a	117.1	75.6	1.15	682.0
185.645	0.49	fixation	n/a	118.6	83.3	969.0	n/a	n/a	n/a	n/a
186.137	0.008	saccade	n/a	119.2	85.4	n/a	106.7	84.6	0.48	60.0
186.147	0.3	fixation	n/a	109.8	87.3	981.0	n/a	n/a	n/a	n/a
186.449	0.112	saccade	n/a	115.3	89.2	n/a	163.9	83.4	1.91	793.0
186.483	0.012	blink	n/a	n/a	n/a	n/a	n/a	n/a	n/a	n/a
186.563	0.258	fixation	n/a	164.3	91.4	1054.0	n/a	n/a	n/a	n/a
186.823	0.012	saccade	n/a	165.0	90.4	n/a	191.8	82.2	1.11	105.0
186.837	0.176	fixation	n/a	189.9	83.6	1037.0	n/a	n/a	n/a	n/a
187.015	0.024	saccade	n/a	187.2	84.1	n/a	275.0	86.6	3.49	252.0
187.041	0.272	fixation	n/a	267.0	82.6	1015.0	n/a	n/a	n/a	n/a
187.315	0.034	saccade	n/a	263.6	84.2	n/a	368.2	90.7	4.21	206.0
187.351	0.084	fixation	n/a	367.7	92.7	1036.0	n/a	n/a	n/a	n/a
187.437	0.044	saccade	n/a	365.2	92.3	n/a	559.3	89.7	7.78	296.0
187.483	0.164	fixation	n/a	546.5	89.6	1032.0	n/a	n/a	n/a	n/a
187.649	0.02	saccade	n/a	543.1	91.6	n/a	596.1	86.0	2.12	174.0
187.671	0.22	fixation	n/a	591.6	84.5	1021.0	n/a	n/a	n/a	n/a
187.893	0.024	saccade	n/a	591.7	85.3	n/a	509.7	84.3	3.26	220.0
187.919	0.198	fixation	n/a	513.5	86.9	987.0	n/a	n/a	n/a	n/a
188.119	0.062	saccade	n/a	514.2	88.6	n/a	145.3	128.2	14.67	532.0
188.183	0.14	fixation	n/a	136.6	128.4	994.0	n/a	n/a	n/a	n/a
188.325	0.022	saccade	n/a	136.8	129.7	n/a	100.0	140.9	1.5	139.0
188.349	0.162	fixation	n/a	108.7	139.9	996.0	n/a	n/a	n/a	n/a
188.513	0.03	saccade	n/a	110.0	140.7	n/a	211.8	142.5	3.99	257.0
188.545	0.128	fixation	n/a	204.4	142.0	1029.0	n/a	n/a	n/a	n/a
188.675	0.106	saccade	n/a	209.4	145.1	n/a	225.3	141.8	0.64	918.0
188.705	0.024	blink	n/a	n/a	n/a	n/a	n/a	n/a	n/a	n/a
188.783	0.328	fixation	n/a	225.2	147.2	1015.0	n/a	n/a	n/a	n/a
189.113	0.026	saccade	n/a	224.5	147.3	n/a	306.1	143.6	3.26	206.0
189.141	0.144	fixation	n/a	302.7	142.5	974.0	n/a	n/a	n/a	n/a
189.287	0.024	saccade	n/a	303.0	144.0	n/a	383.1	148.6	3.23	244.0
189.313	0.376	fixation	n/a	380.1	146.4	961.0	n/a	n/a	n/a	n/a
189.691	0.02	saccade	n/a	383.4	149.7	n/a	340.5	147.2	1.73	150.0
189.706	0.0	trigger_11	11	n/a	n/a	n/a	n/a	n/a	n/a	n/a
189.713	0.492	fixation	n/a	345.7	149.3	963.0	n/a	n/a	n/a	n/a
189.722	0.0	trigger_10	10	n/a	n/a	n/a	n/a	n/a	n/a	n/a
190.207	0.018	saccade	n/a	347.7	149.5	n/a	394.2	147.2	1.87	125.0
190.227	0.168	fixation	n/a	393.7	146.5	990.0	n/a	n/a	n/a	n/a
190.397	0.016	saccade	n/a	394.6	149.0	n/a	363.3	146.5	1.27	114.0
190.415	0.242	fixation	n/a	369.4	148.4	1003.0	n/a	n/a	n/a	n/a
190.659	0.024	saccade	n/a	367.3	149.4	n/a	440.3	146.1	2.95	197.0
190.685	0.2	fixation	n/a	440.2	145.1	1015.0	n/a	n/a	n/a	n/a
190.887	0.018	saccade	n/a	439.1	148.1	n/a	480.3	145.0	1.66	138.0
190.907	0.162	fixation	n/a	479.6	144.3	986.0	n/a	n/a	n/a	n/a
191.071	0.054	saccade	n/a	480.1	144.4	n/a	191.9	194.4	11.64	457.0
191.127	0.228	fixation	n/a	183.2	192.6	955.0	n/a	n/a	n/a	n/a
191.357	0.024	saccade	n/a	181.4	192.2	n/a	100.9	191.4	3.14	235.0
191.383	0.19	fixation	n/a	111.1	191.1	905.0	n/a	n/a	n/a	n/a
191.575	0.03	saccade	n/a	110.7	192.4	n/a	127.5	98.6	3.82	192.0
191.607	0.286	fixation	n/a	125.5	85.4	878.0	n/a	n/a	n/a	n/a
191.895	0.008	saccade	n/a	125.9	86.2	n/a	112.6	80.9	0.56	70.0
191.905	0.194	fixation	n/a	115.2	81.6	891.0	n/a	n/a	n/a	n/a
192.101	0.02	saccade	n/a	113.7	82.5	n/a	162.7	73.3	1.95	149.0
192.123	0.236	fixation	n/a	160.0	74.4	909.0	n/a	n/a	n/a	n/a
192.361	0.032	saccade	n/a	162.0	74.3	n/a	281.3	73.4	4.72	292.0
192.395	0.278	fixation	n/a	280.7	76.3	942.0	n/a	n/a	n/a	n/a
192.675	0.044	saccade	n/a	281.3	80.7	n/a	514.8	85.6	9.34	419.0
192.721	0.132	fixation	n/a	512.9	88.5	968.0	n/a	n/a	n/a	n/a
192.855	0.022	saccade	n/a	513.3	88.8	n/a	566.2	92.1	2.11	159.0
192.879	0.08	fixation	n/a	554.9	90.5	960.0	n/a	n/a	n/a	n/a
192.961	0.06	saccade	n/a	557.7	91.5	n/a	161.1	128.7	15.75	609.0
193.023	0.122	fixation	n/a	149.8	130.3	942.0	n/a	n/a	n/a	n/a
193.026	0.0	trigger_11	11	n/a	n/a	n/a	n/a	n/a	n/a	n/a
193.04	0.0	trigger_12	12	n/a	n/a	n/a	n/a	n/a	n/a	n/a
193.147	0.024	saccade	n/a	151.3	131.8	n/a	113.3	139.3	1.51	166.0
193.173	0.142	fixation	n/a	119.3	138.3	928.0	n/a	n/a	n/a	n/a
193.317	0.026	saccade	n/a	120.3	138.2	n/a	219.5	136.6	3.89	273.0
193.345	0.136	fixation	n/a	218.6	139.1	966.0	n/a	n/a	n/a	n/a
193.483	0.09	saccade	n/a	224.5	143.4	n/a	245.4	137.5	0.86	634.0
193.575	0.36	fixation	n/a	243.0	140.5	963.0	n/a	n/a	n/a	n/a
193.937	0.022	saccade	n/a	243.1	140.8	n/a	306.0	145.2	2.52	178.0
193.961	0.434	fixation	n/a	298.7	142.5	938.0	n/a	n/a	n/a	n/a
194.397	0.022	saccade	n/a	294.9	142.6	n/a	355.4	147.6	2.43	173.0
194.421	0.316	fixation	n/a	364.8	148.4	936.0	n/a	n/a	n/a	n/a
194.739	0.028	saccade	n/a	366.0	150.1	n/a	452.3	141.9	3.49	193.0
194.769	0.176	fixation	n/a	449.6	142.7	912.0	n/a	n/a	n/a	n/a
194.947	0.05	saccade	n/a	450.1	142.9	n/a	132.0	81.2	12.82	510.0
194.999	0.208	fixation	n/a	144.3	87.2	892.0	n/a	n/a	n/a	n/a
195.209	0.016	saccade	n/a	147.0	89.2	n/a	112.8	81.7	1.36	118.0
195.227	0.21	fixation	n/a	122.7	84.5	915.0	n/a	n/a	n/a	n/a
195.439	0.02	saccade	n/a	122.1	85.5	n/a	174.9	76.6	2.09	157.0
195.461	0.064	fixation	n/a	170.0	76.2	945.0	n/a	n/a	n/a	n/a
195.527	0.026	saccade	n/a	169.5	77.9	n/a	273.2	79.2	4.11	338.0
195.555	0.162	fixation	n/a	260.3	76.5	955.0	n/a	n/a	n/a	n/a
195.719	0.024	saccade	n/a	255.8	75.9	n/a	362.8	86.7	4.31	331.0
195.745	0.12	fixation	n/a	358.4	87.2	982.0	n/a	n/a	n/a	n/a
195.867	0.026	saccade	n/a	357.3	91.0	n/a	446.2	95.2	3.59	268.0
195.895	0.204	fixation	n/a	444.0	94.7	1015.0	n/a	n/a	n/a	n/a
196.101	0.022	saccade	n/a	443.9	93.4	n/a	512.1	85.8	2.76	202.0
196.125	0.26	fixation	n/a	511.3	87.9	1016.0	n/a	n/a	n/a	n/a
196.33	0.0	trigger_13	13	n/a	n/a	n/a	n/a	n/a	n/a	n/a
196.338	0.0	trigger_10	10	n/a	n/a	n/a	n/a	n/a	n/a	n/a
196.387	0.064	saccade	n/a	513.2	88.9	n/a	131.6	136.1	15.17	525.0
196.453	0.138	fixation	n/a	121.1	138.0	975.0	n/a	n/a	n/a	n/a
196.593	0.16	saccade	n/a	122.8	141.1	n/a	104.4	161.0	1.07	901.0
196.627	0.068	blink	n/a	n/a	n/a	n/a	n/a	n/a	n/a	n/a
196.755	0.502	fixation	n/a	103.9	165.8	957.0	n/a	n/a	n/a	n/a
197.259	0.024	saccade	n/a	106.8	169.3	n/a	170.7	116.2	3.28	257.0
197.285	0.252	fixation	n/a	165.3	117.9	918.0	n/a	n/a	n/a	n/a
197.539	0.012	saccade	n/a	163.4	116.5	n/a	154.8	95.4	0.92	87.0
197.553	0.24	fixation	n/a	158.5	96.7	895.0	n/a	n/a	n/a	n/a
197.795	0.016	saccade	n/a	157.4	97.3	n/a	130.7	95.5	1.05	92.0
197.813	0.244	fixation	n/a	141.1	96.2	894.0	n/a	n/a	n/a	n/a
198.059	0.018	saccade	n/a	143.5	97.5	n/a	105.1	96.5	1.49	131.0
198.079	0.454	fixation	n/a	115.4	101.7	954.0	n/a	n/a	n/a	n/a
198.535	0.02	saccade	n/a	115.3	103.9	n/a	163.7	97.1	1.91	157.0
198.557	0.216	fixation	n/a	155.7	98.8	1052.0	n/a	n/a	n/a	n/a
198.775	0.05	saccade	n/a	154.5	101.7	n/a	451.1	101.6	11.77	419.0
198.827	0.136	fixation	n/a	441.8	102.0	1060.0	n/a	n/a	n/a	n/a
198.965	0.022	saccade	n/a	440.3	103.9	n/a	517.9	94.2	3.14	256.0
198.989	0.064	fixation	n/a	516.3	94.3	1047.0	n/a	n/a	n/a	n/a
199.055	0.022	saccade	n/a	515.7	94.6	n/a	569.0	97.2	2.13	154.0
199.079	0.224	fixation	n/a	557.0	99.2	1031.0	n/a	n/a	n/a	n/a
199.305	0.026	saccade	n/a	559.2	101.3	n/a	450.5	97.5	4.36	322.0
199.333	0.234	fixation	n/a	454.6	100.6	1039.0	n/a	n/a	n/a	n/a
199.569	0.028	saccade	n/a	452.3	101.8	n/a	555.7	107.8	4.14	230.0
199.599	0.062	fixation	n/a	550.1	105.3	1051.0	n/a	n/a	n/a	n/a
199.663	0.062	saccade	n/a	551.0	106.2	n/a	160.4	167.4	15.64	583.0
199.727	0.146	fixation	n/a	147.5	164.7	1049.0	n/a	n/a	n/a	n/a
199.875	0.016	saccade	n/a	148.2	166.2	n/a	118.5	159.0	1.19	105.0
199.893	0.084	fixation	n/a	127.4	162.9	1052.0	n/a	n/a	n/a	n/a
199.979	0.028	saccade	n/a	128.3	164.8	n/a	236.3	158.7	4.25	294.0
200.009	0.162	fixation	n/a	225.0	160.4	1090.0	n/a	n/a	n/a	n/a
200.173	0.024	saccade	n/a	223.3	160.6	n/a	295.6	156.7	2.88	208.0
200.199	0.19	fixation	n/a	288.3	157.0	1055.0	n/a	n/a	n/a	n/a
200.391	0.018	saccade	n/a	289.7	158.7	n/a	247.7	156.9	1.68	144.0
200.411	0.116	fixation	n/a	255.5	156.7	1037.0	n/a	n/a	n/a	n/a
200.529	0.02	saccade	n/a	254.7	155.8	n/a	197.5	154.0	2.27	200.0
200.551	0.152	fixation	n/a	208.6	154.8	1023.0	n/a	n/a	n/a	n/a
200.705	0.032	saccade	n/a	206.8	158.0	n/a	289.7	141.7	3.36	152.0
200.739	0.294	fixation	n/a	332.6	157.2	1040.0	n/a	n/a	n/a	n/a
201.035	0.02	saccade	n/a	332.4	159.7	n/a	389.4	157.4	2.3	163.0
201.057	0.192	fixation	n/a	384.6	158.7	1004.0	n/a	n/a	n/a	n/a
201.251	0.02	saccade	n/a	386.1	160.5	n/a	435.7	152.8	2.02	169.0
201.273	0.212	fixation	n/a	433.7	150.8	967.0	n/a	n/a	n/a	n/a
201.372	0.0	trigger_11	11	n/a	n/a	n/a	n/a	n/a	n/a	n/a
201.382	0.0	trigger_10	10	n/a	n/a	n/a	n/a	n/a	n/a	n/a
201.487	0.014	saccade	n/a	433.7	150.8	n/a	408.5	148.5	1.02	96.0
201.503	0.142	fixation	n/a	413.3	148.9	958.0	n/a	n/a	n/a	n/a
201.647	0.024	saccade	n/a	412.5	148.0	n/a	488.0	145.3	3.04	207.0
201.673	0.198	fixation	n/a	490.7	145.1	958.0	n/a	n/a	n/a	n/a
201.873	0.012	saccade	n/a	492.1	146.3	n/a	517.7	146.6	1.03	97.0
201.887	0.328	fixation	n/a	513.6	149.3	955.0	n/a	n/a	n/a	n/a
202.217	0.062	saccade	n/a	514.8	148.8	n/a	154.4	195.1	14.37	477.0
202.281	0.16	fixation	n/a	142.9	194.1	945.0	n/a	n/a	n/a	n/a
202.443	0.016	saccade	n/a	143.1	195.8	n/a	109.6	193.5	1.3	117.0
202.461	0.274	fixation	n/a	118.8	193.9	918.0	n/a	n/a	n/a	n/a
202.737	0.022	saccade	n/a	118.3	194.0	n/a	190.6	195.7	2.83	214.0
202.761	0.154	fixation	n/a	193.9	198.1	913.0	n/a	n/a	n/a	n/a
202.917	0.03	saccade	n/a	194.8	199.4	n/a	128.8	103.3	4.65	259.0
202.949	0.136	fixation	n/a	134.5	99.7	885.0	n/a	n/a	n/a	n/a
203.087	0.018	saccade	n/a	134.9	99.5	n/a	120.7	90.3	0.66	80.0
203.107	0.514	fixation	n/a	124.5	94.2	927.0	n/a	n/a	n/a	n/a
203.623	0.008	saccade	n/a	123.1	98.5	n/a	112.5	93.7	0.45	56.0
203.633	0.364	fixation	n/a	113.9	95.6	966.0	n/a	n/a	n/a	n/a
203.999	0.012	saccade	n/a	113.9	97.6	n/a	137.7	88.6	0.99	94.0
204.013	0.138	fixation	n/a	136.9	88.1	975.0	n/a	n/a	n/a	n/a
204.153	0.022	saccade	n/a	134.3	88.6	n/a	188.3	85.6	2.12	135.0
204.177	0.148	fixation	n/a	187.2	85.1	981.0	n/a	n/a	n/a	n/a
204.327	0.082	saccade	n/a	192.2	88.3	n/a	162.1	77.8	1.26	424.0
204.411	0.216	fixation	n/a	160.4	85.1	964.0	n/a	n/a	n/a	n/a
204.629	0.056	saccade	n/a	161.4	88.3	n/a	489.7	95.1	13.03	359.0
204.687	0.062	fixation	n/a	482.9	94.6	993.0	n/a	n/a	n/a	n/a
204.751	0.03	saccade	n/a	482.4	95.0	n/a	542.4	95.8	2.4	263.0
204.783	0.282	fixation	n/a	543.1	93.5	952.0	n/a	n/a	n/a	n/a
204.844	0.0	trigger_11	11	n/a	n/a	n/a	n/a	n/a	n/a	n/a
204.85	0.0	trigger_10	10	n/a	n/a	n/a	n/a	n/a	n/a	n/a
205.067	0.058	saccade	n/a	543.8	93.1	n/a	214.4	132.5	13.19	464.0
205.127	0.168	fixation	n/a	206.9	130.6	920.0	n/a	n/a	n/a	n/a
205.297	0.022	saccade	n/a	207.6	133.7	n/a	280.0	145.3	2.92	231.0
205.321	0.148	fixation	n/a	270.6	141.6	956.0	n/a	n/a	n/a	n/a
205.471	0.028	saccade	n/a	268.7	141.6	n/a	383.3	149.0	4.61	295.0
205.501	0.3	fixation	n/a	378.7	147.7	962.0	n/a	n/a	n/a	n/a
205.803	0.022	saccade	n/a	378.5	149.9	n/a	441.4	151.6	2.53	205.0
205.827	0.09	fixation	n/a	441.2	148.2	953.0	n/a	n/a	n/a	n/a
205.919	0.022	saccade	n/a	441.2	149.9	n/a	495.5	146.3	2.19	156.0
205.943	0.18	fixation	n/a	491.1	147.8	956.0	n/a	n/a	n/a	n/a
206.125	0.022	saccade	n/a	490.6	149.9	n/a	554.2	150.8	2.54	187.0
206.149	0.23	fixation	n/a	551.7	151.4	974.0	n/a	n/a	n/a	n/a
206.381	0.02	saccade	n/a	550.5	153.0	n/a	602.9	155.8	2.08	170.0
206.403	0.078	fixation	n/a	599.3	155.4	968.0	n/a	n/a	n/a	n/a
206.483	0.07	saccade	n/a	599.4	157.0	n/a	123.5	204.6	18.72	589.0
206.555	0.218	fixation	n/a	113.6	203.4	930.0	n/a	n/a	n/a	n/a
206.775	0.024	saccade	n/a	115.6	202.2	n/a	116.5	117.2	3.41	228.0
206.801	0.216	fixation	n/a	128.3	107.8	872.0	n/a	n/a	n/a	n/a
207.019	0.01	saccade	n/a	128.1	107.5	n/a	122.4	93.1	0.62	61.0
207.031	0.22	fixation	n/a	124.2	97.1	873.0	n/a	n/a	n/a	n/a
207.253	0.034	saccade	n/a	121.2	97.9	n/a	252.8	78.0	5.23	287.0
207.289	0.284	fixation	n/a	252.3	78.5	923.0	n/a	n/a	n/a	n/a
207.575	0.024	saccade	n/a	253.0	86.2	n/a	340.9	97.7	3.55	296.0
207.601	0.244	fixation	n/a	337.9	96.2	1031.0	n/a	n/a	n/a	n/a
207.74	0.0	trigger_11	11	n/a	n/a	n/a	n/a	n/a	n/a	n/a
207.758	0.0	trigger_12	12	n/a	n/a	n/a	n/a	n/a	n/a	n/a
207.847	0.024	saccade	n/a	336.5	97.9	n/a	249.9	83.3	3.51	251.0
207.873	0.304	fixation	n/a	258.8	86.3	1023.0	n/a	n/a	n/a	n/a
208.179	0.026	saccade	n/a	257.7	90.0	n/a	359.8	99.3	4.11	291.0
208.207	0.16	fixation	n/a	354.7	99.1	1039.0	n/a	n/a	n/a	n/a
208.369	0.034	saccade	n/a	351.9	101.6	n/a	506.8	96.4	6.22	338.0
208.405	0.058	fixation	n/a	503.0	94.8	1046.0	n/a	n/a	n/a	n/a
208.465	0.03	saccade	n/a	503.7	98.4	n/a	543.1	92.0	1.59	196.0
208.497	0.09	fixation	n/a	546.1	90.4	1025.0	n/a	n/a	n/a	n/a
208.589	0.064	saccade	n/a	547.1	90.3	n/a	147.1	147.1	15.95	570.0
208.655	0.236	fixation	n/a	137.9	146.6	1000.0	n/a	n/a	n/a	n/a
208.893	0.026	saccade	n/a	137.0	148.1	n/a	252.2	149.2	4.54	316.0
208.921	0.046	fixation	n/a	247.8	146.6	1034.0	n/a	n/a	n/a	n/a
208.969	0.024	saccade	n/a	246.4	146.5	n/a	329.1	146.5	3.31	280.0
208.995	0.204	fixation	n/a	318.9	146.7	1026.0	n/a	n/a	n/a	n/a
209.201	0.024	saccade	n/a	319.0	147.4	n/a	397.0	150.2	3.14	241.0
209.227	0.182	fixation	n/a	388.6	148.3	1001.0	n/a	n/a	n/a	n/a
209.411	0.02	saccade	n/a	387.7	148.1	n/a	445.2	142.9	2.32	195.0
209.433	0.102	fixation	n/a	439.0	142.6	969.0	n/a	n/a	n/a	n/a
209.537	0.058	saccade	n/a	438.1	140.6	n/a	138.8	96.4	12.01	552.0
209.597	0.138	fixation	n/a	130.7	96.4	918.0	n/a	n/a	n/a	n/a
209.737	0.014	saccade	n/a	130.7	94.5	n/a	120.0	89.4	0.46	64.0
209.748	0.0	trigger_13	13	n/a	n/a	n/a	n/a	n/a	n/a	n/a
209.753	0.2	fixation	n/a	125.4	95.2	936.0	n/a	n/a	n/a	n/a
209.762	0.0	trigger_10	10	n/a	n/a	n/a	n/a	n/a	n/a	n/a
209.955	0.016	saccade	n/a	125.6	97.7	n/a	108.4	93.9	0.68	81.0
209.973	0.07	fixation	n/a	115.3	96.0	978.0	n/a	n/a	n/a	n/a
210.045	0.022	saccade	n/a	113.3	95.8	n/a	181.9	88.5	2.7	214.0
210.069	0.126	fixation	n/a	172.3	88.3	1013.0	n/a	n/a	n/a	n/a
210.197	0.026	saccade	n/a	172.9	89.8	n/a	265.3	93.4	3.67	283.0
210.225	0.14	fixation	n/a	257.2	91.7	1003.0	n/a	n/a	n/a	n/a
210.367	0.022	saccade	n/a	254.5	88.5	n/a	317.5	91.4	2.52	229.0
210.391	0.256	fixation	n/a	314.5	91.7	990.0	n/a	n/a	n/a	n/a
210.649	0.024	saccade	n/a	315.3	93.0	n/a	246.7	87.6	2.75	186.0
210.675	0.292	fixation	n/a	260.8	92.2	1014.0	n/a	n/a	n/a	n/a
210.969	0.024	saccade	n/a	258.7	93.6	n/a	334.1	95.7	3.02	217.0
210.995	0.154	fixation	n/a	335.6	96.1	1082.0	n/a	n/a	n/a	n/a
211.151	0.124	saccade	n/a	332.1	100.9	n/a	362.3	104.9	1.23	613.0
211.277	0.192	fixation	n/a	363.2	106.4	1100.0	n/a	n/a	n/a	n/a
211.471	0.04	saccade	n/a	364.2	106.6	n/a	125.4	87.1	9.49	430.0
211.513	0.442	fixation	n/a	141.8	92.5	979.0	n/a	n/a	n/a	n/a
211.957	0.018	saccade	n/a	142.4	96.6	n/a	117.5	96.2	0.97	100.0
211.977	0.08	fixation	n/a	124.8	96.1	998.0	n/a	n/a	n/a	n/a
212.059	0.014	saccade	n/a	122.3	95.6	n/a	112.4	97.4	0.39	55.0
212.075	0.218	fixation	n/a	116.1	97.4	1015.0	n/a	n/a	n/a	n/a
212.295	0.018	saccade	n/a	114.1	95.4	n/a	162.7	91.4	1.9	153.0
212.315	0.31	fixation	n/a	157.9	86.0	1001.0	n/a	n/a	n/a	n/a
212.627	0.024	saccade	n/a	159.4	87.1	n/a	238.0	86.0	3.11	239.0
212.653	0.206	fixation	n/a	234.3	84.1	1010.0	n/a	n/a	n/a	n/a
212.861	0.044	saccade	n/a	237.2	86.0	n/a	511.5	88.3	10.95	464.0
212.907	0.224	fixation	n/a	502.5	86.8	1032.0	n/a	n/a	n/a	n/a
213.133	0.02	saccade	n/a	503.2	90.7	n/a	445.3	85.0	2.34	201.0
213.155	0.112	fixation	n/a	455.2	86.2	1030.0	n/a	n/a	n/a	n/a
213.269	0.052	saccade	n/a	455.8	86.3	n/a	233.5	155.0	9.3	465.0
213.323	0.14	fixation	n/a	228.4	155.4	1034.0	n/a	n/a	n/a	n/a
213.465	0.024	saccade	n/a	228.3	157.1	n/a	293.3	149.8	2.61	210.0
213.491	0.172	fixation	n/a	286.3	150.8	1040.0	n/a	n/a	n/a	n/a
213.665	0.024	saccade	n/a	286.0	151.7	n/a	378.6	149.6	3.72	266.0
213.668	0.0	trigger_11	11	n/a	n/a	n/a	n/a	n/a	n/a	n/a
213.682	0.0	trigger_10	10	n/a	n/a	n/a	n/a	n/a	n/a	n/a
213.691	0.256	fixation	n/a	373.4	149.0	1034.0	n/a	n/a	n/a	n/a
213.949	0.018	saccade	n/a	372.4	147.7	n/a	416.9	148.5	1.79	147.0
213.969	0.196	fixation	n/a	416.0	145.6	1002.0	n/a	n/a	n/a	n/a
214.167	0.018	saccade	n/a	415.7	148.4	n/a	467.3	148.8	2.08	163.0
214.187	0.426	fixation	n/a	467.6	146.6	1005.0	n/a	n/a	n/a	n/a
214.615	0.02	saccade	n/a	467.8	146.8	n/a	523.2	148.0	2.22	180.0
214.637	0.184	fixation	n/a	530.3	149.9	967.0	n/a	n/a	n/a	n/a
214.823	0.02	saccade	n/a	530.4	150.3	n/a	582.8	153.5	2.09	154.0
214.845	0.214	fixation	n/a	579.1	153.9	938.0	n/a	n/a	n/a	n/a
215.061	0.066	saccade	n/a	579.2	152.3	n/a	130.7	196.5	17.71	534.0
215.129	0.136	fixation	n/a	120.4	196.3	924.0	n/a	n/a	n/a	n/a
215.267	0.02	saccade	n/a	119.5	196.4	n/a	96.8	200.5	0.89	114.0
215.289	0.244	fixation	n/a	102.9	199.3	903.0	n/a	n/a	n/a	n/a
215.535	0.022	saccade	n/a	103.8	197.4	n/a	113.3	114.5	3.34	242.0
215.559	0.206	fixation	n/a	130.1	104.6	878.0	n/a	n/a	n/a	n/a
215.767	0.008	saccade	n/a	133.1	102.0	n/a	133.4	89.5	0.5	60.0
215.777	0.142	fixation	n/a	134.8	94.3	883.0	n/a	n/a	n/a	n/a
215.921	0.016	saccade	n/a	137.0	94.7	n/a	104.1	96.2	1.28	119.0
215.939	0.208	fixation	n/a	112.4	97.4	920.0	n/a	n/a	n/a	n/a
216.149	0.022	saccade	n/a	109.4	98.6	n/a	160.0	84.2	2.06	161.0
216.173	0.144	fixation	n/a	152.2	87.2	941.0	n/a	n/a	n/a	n/a
216.319	0.01	saccade	n/a	150.3	86.1	n/a	134.1	88.5	0.64	70.0
216.331	0.124	fixation	n/a	140.1	87.5	954.0	n/a	n/a	n/a	n/a
216.34	0.0	trigger_11	11	n/a	n/a	n/a	n/a	n/a	n/a	n/a
216.358	0.0	trigger_10	10	n/a	n/a	n/a	n/a	n/a	n/a	n/a
216.457	0.026	saccade	n/a	140.4	87.9	n/a	275.9	88.3	5.36	436.0
216.485	0.274	fixation	n/a	269.7	86.5	992.0	n/a	n/a	n/a	n/a
216.761	0.026	saccade	n/a	270.0	92.0	n/a	359.8	98.9	3.62	244.0
216.789	0.064	fixation	n/a	354.0	99.5	1019.0	n/a	n/a	n/a	n/a
216.855	0.038	saccade	n/a	349.8	100.1	n/a	548.4	91.5	7.97	367.0
216.895	0.106	fixation	n/a	541.7	93.3	1009.0	n/a	n/a	n/a	n/a
217.003	0.022	saccade	n/a	540.0	97.7	n/a	582.5	96.7	1.69	189.0
217.027	0.108	fixation	n/a	574.3	94.8	982.0	n/a	n/a	n/a	n/a
217.137	0.058	saccade	n/a	574.0	93.4	n/a	219.8	148.8	14.23	558.0
217.197	0.206	fixation	n/a	202.7	144.9	949.0	n/a	n/a	n/a	n/a
217.405	0.02	saccade	n/a	204.1	143.9	n/a	174.0	137.4	1.22	132.0
217.427	0.034	fixation	n/a	180.9	138.9	921.0	n/a	n/a	n/a	n/a
217.463	0.028	saccade	n/a	180.1	138.1	n/a	298.7	142.1	4.72	345.0
217.493	0.214	fixation	n/a	292.0	142.5	938.0	n/a	n/a	n/a	n/a
217.709	0.024	saccade	n/a	292.4	143.1	n/a	385.7	150.9	3.76	292.0
217.735	0.152	fixation	n/a	378.4	149.3	954.0	n/a	n/a	n/a	n/a
217.889	0.142	saccade	n/a	378.7	155.0	n/a	379.8	151.0	0.17	619.0
217.937	0.022	blink	n/a	n/a	n/a	n/a	n/a	n/a	n/a	n/a
218.033	0.126	fixation	n/a	381.1	154.5	955.0	n/a	n/a	n/a	n/a
218.161	0.04	saccade	n/a	382.5	154.6	n/a	133.0	99.3	10.13	424.0
218.203	0.132	fixation	n/a	140.2	102.5	909.0	n/a	n/a	n/a	n/a
218.337	0.018	saccade	n/a	140.2	102.0	n/a	129.5	86.6	0.75	90.0
218.357	0.17	fixation	n/a	131.8	92.2	881.0	n/a	n/a	n/a	n/a
218.529	0.02	saccade	n/a	132.0	91.8	n/a	108.6	89.2	0.91	108.0
218.551	0.206	fixation	n/a	111.7	92.0	888.0	n/a	n/a	n/a	n/a
218.759	0.09	saccade	n/a	108.7	91.9	n/a	404.2	90.3	11.66	478.0
218.851	0.122	fixation	n/a	402.6	90.6	918.0	n/a	n/a	n/a	n/a
218.975	0.028	saccade	n/a	403.1	91.0	n/a	493.1	87.5	3.62	192.0
219.005	0.086	fixation	n/a	492.4	87.7	922.0	n/a	n/a	n/a	n/a
219.093	0.022	saccade	n/a	491.9	89.9	n/a	545.0	90.0	2.12	195.0
219.117	0.176	fixation	n/a	536.5	86.6	935.0	n/a	n/a	n/a	n/a
219.295	0.062	saccade	n/a	535.9	87.0	n/a	144.9	147.9	15.65	583.0
219.359	0.254	fixation	n/a	132.1	151.9	951.0	n/a	n/a	n/a	n/a
219.615	0.024	saccade	n/a	131.1	154.6	n/a	203.6	142.8	2.88	230.0
219.641	0.338	fixation	n/a	198.3	149.4	1007.0	n/a	n/a	n/a	n/a
219.981	0.016	saccade	n/a	201.5	153.0	n/a	171.2	150.0	1.2	107.0
219.999	0.322	fixation	n/a	179.7	152.8	1046.0	n/a	n/a	n/a	n/a
220.323	0.022	saccade	n/a	183.4	160.3	n/a	242.8	155.5	2.36	174.0
220.347	0.358	fixation	n/a	235.4	155.5	1079.0	n/a	n/a	n/a	n/a
220.707	0.022	saccade	n/a	232.8	157.2	n/a	294.4	149.9	2.47	161.0
220.731	0.578	fixation	n/a	297.2	150.5	1036.0	n/a	n/a	n/a	n/a
221.311	0.008	saccade	n/a	295.4	153.6	n/a	287.5	152.4	0.32	40.0
221.321	0.184	fixation	n/a	288.5	151.9	988.0	n/a	n/a	n/a	n/a
221.507	0.024	saccade	n/a	288.1	153.0	n/a	369.3	152.4	3.26	204.0
221.533	0.226	fixation	n/a	384.1	149.9	1021.0	n/a	n/a	n/a	n/a
221.761	0.02	saccade	n/a	383.9	149.3	n/a	442.3	149.0	2.35	175.0
221.783	0.146	fixation	n/a	442.4	150.0	1050.0	n/a	n/a	n/a	n/a
221.931	0.014	saccade	n/a	449.8	144.9	n/a	467.6	143.1	0.72	58.0
221.947	0.288	fixation	n/a	479.7	147.8	1031.0	n/a	n/a	n/a	n/a
222.237	0.022	saccade	n/a	477.8	147.8	n/a	556.0	147.6	3.13	223.0
222.261	0.254	fixation	n/a	567.7	145.0	987.0	n/a	n/a	n/a	n/a
222.517	0.1	saccade	n/a	570.4	144.5	n/a	177.8	197.1	15.63	450.0
222.619	0.112	fixation	n/a	173.5	198.6	967.0	n/a	n/a	n/a	n/a
222.733	0.022	saccade	n/a	173.9	198.7	n/a	108.6	198.6	2.54	219.0
222.757	0.164	fixation	n/a	123.1	201.0	955.0	n/a	n/a	n/a	n/a
222.923	0.038	saccade	n/a	124.5	205.2	n/a	264.4	208.5	5.5	200.0
222.963	0.274	fixation	n/a	280.2	210.8	991.0	n/a	n/a	n/a	n/a
223.239	0.022	saccade	n/a	281.7	212.6	n/a	345.6	207.3	2.57	191.0
223.263	0.14	fixation	n/a	339.0	206.9	970.0	n/a	n/a	n/a	n/a
223.405	0.022	saccade	n/a	337.7	206.8	n/a	413.3	203.2	3.04	215.0
223.429	0.178	fixation	n/a	425.9	203.1	981.0	n/a	n/a	n/a	n/a
223.609	0.024	saccade	n/a	424.2	204.4	n/a	507.0	196.1	3.34	213.0
223.635	0.228	fixation	n/a	506.2	194.8	972.0	n/a	n/a	n/a	n/a
223.865	0.062	saccade	n/a	507.5	197.0	n/a	160.4	258.7	13.92	467.0
223.929	0.136	fixation	n/a	149.6	256.7	969.0	n/a	n/a	n/a	n/a
224.067	0.014	saccade	n/a	148.5	256.0	n/a	121.3	262.3	1.08	98.0
224.083	0.128	fixation	n/a	128.0	262.7	968.0	n/a	n/a	n/a	n/a
224.213	0.04	saccade	n/a	128.8	263.5	n/a	258.9	264.7	5.09	286.0
224.255	0.21	fixation	n/a	253.6	267.5	1011.0	n/a	n/a	n/a	n/a
224.406	0.0	trigger_11	11	n/a	n/a	n/a	n/a	n/a	n/a	n/a
224.42	0.0	trigger_10	10	n/a	n/a	n/a	n/a	n/a	n/a	n/a
224.467	0.024	saccade	n/a	254.7	270.1	n/a	329.9	261.8	3.01	213.0
224.493	0.15	fixation	n/a	328.9	261.5	995.0	n/a	n/a	n/a	n/a
224.645	0.022	saccade	n/a	328.6	261.8	n/a	398.3	261.2	2.79	217.0
224.669	0.136	fixation	n/a	396.3	260.5	983.0	n/a	n/a	n/a	n/a
224.807	0.022	saccade	n/a	395.6	260.2	n/a	451.2	259.9	2.22	175.0
224.831	0.162	fixation	n/a	450.1	259.9	976.0	n/a	n/a	n/a	n/a
224.995	0.02	saccade	n/a	450.1	260.1	n/a	508.9	257.3	2.35	188.0
225.017	0.13	fixation	n/a	507.0	255.6	970.0	n/a	n/a	n/a	n/a
225.149	0.06	saccade	n/a	507.3	255.3	n/a	160.9	331.8	13.95	492.0
225.211	0.17	fixation	n/a	154.7	331.0	968.0	n/a	n/a	n/a	n/a
225.383	0.026	saccade	n/a	155.9	330.6	n/a	250.0	325.0	3.68	249.0
225.411	0.354	fixation	n/a	243.5	327.9	983.0	n/a	n/a	n/a	n/a
225.767	0.022	saccade	n/a	247.3	333.4	n/a	323.1	320.6	3.04	203.0
225.791	0.15	fixation	n/a	343.0	325.1	945.0	n/a	n/a	n/a	n/a
225.943	0.176	saccade	n/a	349.1	325.8	n/a	381.5	298.0	1.71	700.0
225.975	0.084	blink	n/a	n/a	n/a	n/a	n/a	n/a	n/a	n/a
226.121	0.13	fixation	n/a	385.6	322.2	915.0	n/a	n/a	n/a	n/a
226.253	0.02	saccade	n/a	384.0	324.5	n/a	436.6	323.3	2.1	149.0
226.275	0.306	fixation	n/a	432.4	321.0	888.0	n/a	n/a	n/a	n/a
226.583	0.052	saccade	n/a	435.9	326.4	n/a	157.2	100.3	14.26	451.0
226.637	0.07	fixation	n/a	161.3	102.8	806.0	n/a	n/a	n/a	n/a
226.709	0.03	saccade	n/a	159.7	101.1	n/a	136.8	91.7	0.97	168.0
226.741	0.174	fixation	n/a	131.1	87.2	797.0	n/a	n/a	n/a	n/a
226.917	0.028	saccade	n/a	129.7	85.3	n/a	238.0	65.9	4.34	284.0
226.947	0.086	fixation	n/a	237.7	67.6	774.0	n/a	n/a	n/a	n/a
227.035	0.024	saccade	n/a	238.9	71.0	n/a	322.0	67.5	3.33	245.0
227.061	0.232	fixation	n/a	318.7	74.3	837.0	n/a	n/a	n/a	n/a
227.295	0.028	saccade	n/a	321.4	83.6	n/a	410.8	86.2	3.6	217.0
227.325	0.256	fixation	n/a	406.0	89.1	942.0	n/a	n/a	n/a	n/a
227.583	0.022	saccade	n/a	406.0	90.0	n/a	468.9	88.2	2.53	186.0
227.607	0.176	fixation	n/a	471.4	91.3	994.0	n/a	n/a	n/a	n/a
227.785	0.026	saccade	n/a	471.8	93.1	n/a	556.1	94.7	3.37	197.0
227.813	0.264	fixation	n/a	548.0	94.8	1026.0	n/a	n/a	n/a	n/a
228.079	0.028	saccade	n/a	549.1	95.2	n/a	439.6	85.0	4.41	302.0
228.109	0.286	fixation	n/a	453.5	91.5	1057.0	n/a	n/a	n/a	n/a
228.397	0.018	saccade	n/a	455.6	94.1	n/a	422.9	96.4	1.32	120.0
228.417	0.456	fixation	n/a	427.1	96.5	1082.0	n/a	n/a	n/a	n/a
228.875	0.014	saccade	n/a	426.4	96.8	n/a	442.4	98.2	0.65	53.0
228.891	0.022	fixation	n/a	448.5	97.9	1112.0	n/a	n/a	n/a	n/a
228.915	0.004	saccade	n/a	454.3	92.3	n/a	463.6	95.6	0.4	70.0
228.921	0.292	fixation	n/a	465.2	99.8	1093.0	n/a	n/a	n/a	n/a
229.215	0.026	saccade	n/a	462.3	102.4	n/a	559.1	100.1	3.87	234.0
229.243	0.354	fixation	n/a	562.3	96.6	1055.0	n/a	n/a	n/a	n/a
229.599	0.022	saccade	n/a	563.1	100.4	n/a	493.6	94.7	2.79	214.0
229.623	0.222	fixation	n/a	495.1	96.8	1050.0	n/a	n/a	n/a	n/a
229.847	0.022	saccade	n/a	495.5	98.1	n/a	435.6	95.9	2.41	187.0
229.871	0.268	fixation	n/a	443.8	97.1	1039.0	n/a	n/a	n/a	n/a
230.141	0.022	saccade	n/a	445.9	98.4	n/a	390.4	92.7	2.25	170.0
230.165	0.058	fixation	n/a	399.2	97.2	1017.0	n/a	n/a	n/a	n/a
230.225	0.018	saccade	n/a	403.4	97.3	n/a	440.9	99.8	1.52	99.0
230.245	0.332	fixation	n/a	447.2	95.7	1007.0	n/a	n/a	n/a	n/a
230.579	0.012	saccade	n/a	446.8	97.5	n/a	423.7	95.7	0.93	88.0
230.593	0.292	fixation	n/a	427.3	94.4	1006.0	n/a	n/a	n/a	n/a
230.887	0.03	saccade	n/a	427.4	96.1	n/a	554.5	88.5	5.1	308.0
230.919	0.274	fixation	n/a	549.5	92.0	1046.0	n/a	n/a	n/a	n/a
231.195	0.022	saccade	n/a	546.3	94.7	n/a	610.7	90.7	2.56	204.0
231.219	0.982	fixation	n/a	604.8	89.2	1063.0	n/a	n/a	n/a	n/a
232.094	0.0	trigger_11	11	n/a	n/a	n/a	n/a	n/a	n/a	n/a
232.108	0.0	trigger_12	12	n/a	n/a	n/a	n/a	n/a	n/a	n/a
232.203	0.082	saccade	n/a	601.4	95.3	n/a	452.0	512.2	17.3	405.0
232.287	0.138	fixation	n/a	448.3	519.0	1143.0	n/a	n/a	n/a	n/a
232.427	0.022	saccade	n/a	450.6	522.7	n/a	393.4	529.5	2.22	189.0
232.451	0.444	fixation	n/a	410.1	532.3	969.0	n/a	n/a	n/a	n/a
232.897	0.062	saccade	n/a	420.0	534.4	n/a	590.9	98.1	18.24	445.0
232.961	0.144	fixation	n/a	590.9	105.7	792.0	n/a	n/a	n/a	n/a
233.107	0.064	saccade	n/a	591.7	110.0	n/a	152.9	148.0	17.31	559.0
233.173	0.114	fixation	n/a	142.2	149.1	780.0	n/a	n/a	n/a	n/a
233.289	0.022	saccade	n/a	144.5	150.0	n/a	112.3	137.6	1.35	137.0
233.313	0.248	fixation	n/a	117.5	142.3	820.0	n/a	n/a	n/a	n/a
233.563	0.022	saccade	n/a	116.4	144.8	n/a	191.8	129.0	3.02	237.0
233.587	0.222	fixation	n/a	185.8	129.6	866.0	n/a	n/a	n/a	n/a
233.811	0.024	saccade	n/a	187.9	128.5	n/a	129.2	83.6	2.93	230.0
233.837	0.45	fixation	n/a	138.1	87.4	963.0	n/a	n/a	n/a	n/a
234.289	0.01	saccade	n/a	140.2	92.9	n/a	120.7	88.5	0.78	87.0
234.301	0.166	fixation	n/a	123.8	91.1	1049.0	n/a	n/a	n/a	n/a
234.469	0.02	saccade	n/a	121.7	92.4	n/a	179.4	91.2	2.25	190.0
234.491	0.304	fixation	n/a	177.0	93.2	1090.0	n/a	n/a	n/a	n/a
234.797	0.026	saccade	n/a	175.7	96.0	n/a	277.2	91.1	4.03	288.0
234.825	0.136	fixation	n/a	275.2	89.4	1112.0	n/a	n/a	n/a	n/a
234.963	0.026	saccade	n/a	273.8	91.4	n/a	368.5	96.6	3.81	273.0
234.991	0.192	fixation	n/a	362.2	96.8	1127.0	n/a	n/a	n/a	n/a
235.185	0.026	saccade	n/a	359.4	98.0	n/a	459.8	92.6	4.05	287.0
235.213	0.296	fixation	n/a	458.7	92.4	1077.0	n/a	n/a	n/a	n/a
235.511	0.026	saccade	n/a	459.0	93.7	n/a	549.0	92.9	3.6	206.0
235.539	0.208	fixation	n/a	543.9	91.6	1013.0	n/a	n/a	n/a	n/a
235.749	0.036	saccade	n/a	544.0	92.4	n/a	419.5	93.3	4.99	294.0
235.766	0.0	trigger_13	13	n/a	n/a	n/a	n/a	n/a	n/a	n/a
235.778	0.0	trigger_10	10	n/a	n/a	n/a	n/a	n/a	n/a	n/a
235.787	0.178	fixation	n/a	430.0	95.6	1006.0	n/a	n/a	n/a	n/a
235.967	0.02	saccade	n/a	431.1	96.4	n/a	376.8	90.9	2.2	172.0
235.989	0.192	fixation	n/a	386.2	92.7	1038.0	n/a	n/a	n/a	n/a
236.183	0.028	saccade	n/a	386.9	93.9	n/a	257.6	84.0	5.2	381.0
236.213	0.198	fixation	n/a	271.7	88.4	1042.0	n/a	n/a	n/a	n/a
236.413	0.022	saccade	n/a	273.5	90.0	n/a	203.4	82.5	2.8	238.0
236.437	0.154	fixation	n/a	215.3	85.1	1014.0	n/a	n/a	n/a	n/a
236.593	0.034	saccade	n/a	215.2	87.6	n/a	370.3	90.2	6.2	366.0
236.629	0.108	fixation	n/a	360.7	89.5	1009.0	n/a	n/a	n/a	n/a
236.739	0.026	saccade	n/a	359.7	88.9	n/a	451.6	89.6	3.7	294.0
236.767	0.168	fixation	n/a	443.7	88.2	997.0	n/a	n/a	n/a	n/a
236.937	0.02	saccade	n/a	441.9	89.6	n/a	498.8	87.0	2.29	188.0
236.959	0.296	fixation	n/a	493.0	89.6	1010.0	n/a	n/a	n/a	n/a
237.257	0.034	saccade	n/a	493.6	91.8	n/a	348.6	84.7	5.83	330.0
237.293	0.22	fixation	n/a	360.3	90.5	999.0	n/a	n/a	n/a	n/a
237.515	0.042	saccade	n/a	363.1	92.4	n/a	134.0	79.3	9.09	383.0
237.559	0.196	fixation	n/a	149.1	83.5	983.0	n/a	n/a	n/a	n/a
237.757	0.02	saccade	n/a	150.4	84.5	n/a	118.5	91.8	1.28	128.0
237.779	0.258	fixation	n/a	126.8	93.8	1007.0	n/a	n/a	n/a	n/a
238.039	0.024	saccade	n/a	125.2	95.7	n/a	197.2	85.5	2.85	216.0
238.065	0.174	fixation	n/a	193.5	86.5	1064.0	n/a	n/a	n/a	n/a
238.241	0.022	saccade	n/a	192.5	87.2	n/a	128.7	91.4	2.51	174.0
238.265	0.584	fixation	n/a	147.8	93.9	1053.0	n/a	n/a	n/a	n/a
238.851	0.024	saccade	n/a	147.4	97.8	n/a	231.7	90.4	3.33	239.0
238.877	0.144	fixation	n/a	229.2	92.0	1070.0	n/a	n/a	n/a	n/a
239.023	0.022	saccade	n/a	228.8	93.4	n/a	301.3	90.4	2.9	186.0
239.047	0.188	fixation	n/a	316.7	93.8	1087.0	n/a	n/a	n/a	n/a
239.237	0.034	saccade	n/a	316.0	94.8	n/a	463.0	90.8	5.91	340.0
239.273	0.14	fixation	n/a	456.9	88.3	1052.0	n/a	n/a	n/a	n/a
239.415	0.028	saccade	n/a	457.0	87.4	n/a	548.1	91.5	3.65	203.0
239.445	0.184	fixation	n/a	544.1	89.5	1000.0	n/a	n/a	n/a	n/a
239.631	0.02	saccade	n/a	545.9	91.6	n/a	492.9	84.5	2.14	179.0
239.653	0.1	fixation	n/a	499.6	88.6	970.0	n/a	n/a	n/a	n/a
239.755	0.028	saccade	n/a	498.3	87.7	n/a	387.2	147.2	5.09	334.0
239.785	0.18	fixation	n/a	384.8	145.5	973.0	n/a	n/a	n/a	n/a
239.967	0.024	saccade	n/a	383.6	145.4	n/a	470.1	146.3	3.48	249.0
239.993	0.11	fixation	n/a	461.4	144.8	979.0	n/a	n/a	n/a	n/a
240.105	0.022	saccade	n/a	461.1	146.3	n/a	522.8	141.7	2.48	205.0
240.129	0.484	fixation	n/a	517.7	144.4	948.0	n/a	n/a	n/a	n/a
240.615	0.054	saccade	n/a	518.2	144.7	n/a	132.2	191.1	15.34	464.0
240.671	0.184	fixation	n/a	141.0	202.8	977.0	n/a	n/a	n/a	n/a
240.857	0.008	saccade	n/a	139.9	203.2	n/a	127.8	202.3	0.47	57.0
240.867	0.16	fixation	n/a	132.4	203.5	987.0	n/a	n/a	n/a	n/a
241.006	0.0	trigger_11	11	n/a	n/a	n/a	n/a	n/a	n/a	n/a
241.02	0.0	trigger_10	10	n/a	n/a	n/a	n/a	n/a	n/a	n/a
241.029	0.018	saccade	n/a	134.0	203.5	n/a	97.9	201.1	1.4	129.0
241.049	0.318	fixation	n/a	109.5	205.2	969.0	n/a	n/a	n/a	n/a
241.369	0.034	saccade	n/a	113.6	209.4	n/a	230.7	206.4	4.58	244.0
241.405	0.262	fixation	n/a	227.6	206.3	982.0	n/a	n/a	n/a	n/a
241.669	0.024	saccade	n/a	228.1	209.1	n/a	307.3	212.5	3.16	220.0
241.695	0.186	fixation	n/a	317.2	211.8	972.0	n/a	n/a	n/a	n/a
241.883	0.022	saccade	n/a	316.9	214.3	n/a	387.0	214.2	2.81	206.0
241.907	0.232	fixation	n/a	380.9	212.9	950.0	n/a	n/a	n/a	n/a
242.141	0.026	saccade	n/a	382.1	215.1	n/a	469.2	210.1	3.5	231.0
242.169	0.278	fixation	n/a	473.6	209.6	932.0	n/a	n/a	n/a	n/a
242.449	0.022	saccade	n/a	474.1	213.4	n/a	536.8	209.8	2.51	173.0
242.473	0.122	fixation	n/a	541.4	208.4	897.0	n/a	n/a	n/a	n/a
242.597	0.068	saccade	n/a	541.1	210.4	n/a	90.0	268.6	17.77	525.0
242.667	0.16	fixation	n/a	82.2	270.0	875.0	n/a	n/a	n/a	n/a
242.829	0.032	saccade	n/a	83.8	270.1	n/a	91.3	117.3	6.07	323.0
242.863	0.232	fixation	n/a	109.9	101.9	856.0	n/a	n/a	n/a	n/a
243.097	0.022	saccade	n/a	110.3	102.3	n/a	155.2	86.3	1.86	186.0
243.121	0.19	fixation	n/a	148.6	90.7	841.0	n/a	n/a	n/a	n/a
243.313	0.018	saccade	n/a	150.7	93.2	n/a	129.7	90.3	0.83	92.0
243.333	0.11	fixation	n/a	135.7	91.8	881.0	n/a	n/a	n/a	n/a
243.445	0.02	saccade	n/a	136.9	92.2	n/a	107.3	95.8	1.16	127.0
243.467	0.102	fixation	n/a	115.5	95.1	881.0	n/a	n/a	n/a	n/a
243.571	0.046	saccade	n/a	112.4	93.5	n/a	383.4	87.3	10.71	494.0
243.619	0.06	fixation	n/a	380.5	89.5	916.0	n/a	n/a	n/a	n/a
243.681	0.028	saccade	n/a	382.7	92.5	n/a	493.6	94.5	4.46	279.0
243.711	0.09	fixation	n/a	484.3	92.7	935.0	n/a	n/a	n/a	n/a
243.803	0.024	saccade	n/a	484.4	95.8	n/a	551.4	95.1	2.68	242.0
243.829	0.106	fixation	n/a	539.4	93.8	956.0	n/a	n/a	n/a	n/a
243.937	0.062	saccade	n/a	539.4	93.9	n/a	177.4	136.3	14.44	634.0
244.001	0.118	fixation	n/a	161.7	133.6	942.0	n/a	n/a	n/a	n/a
244.121	0.024	saccade	n/a	163.1	134.9	n/a	118.4	146.5	1.8	176.0
244.147	0.164	fixation	n/a	127.3	148.3	937.0	n/a	n/a	n/a	n/a
244.313	0.028	saccade	n/a	125.6	151.0	n/a	250.8	146.7	4.93	314.0
244.343	0.174	fixation	n/a	254.4	149.0	981.0	n/a	n/a	n/a	n/a
244.519	0.026	saccade	n/a	254.4	153.1	n/a	352.5	151.0	3.92	276.0
244.547	0.19	fixation	n/a	352.9	150.8	1001.0	n/a	n/a	n/a	n/a
244.654	0.0	trigger_11	11	n/a	n/a	n/a	n/a	n/a	n/a	n/a
244.67	0.0	trigger_10	10	n/a	n/a	n/a	n/a	n/a	n/a	n/a
244.739	0.022	saccade	n/a	353.3	150.1	n/a	419.7	146.2	2.68	211.0
244.763	0.196	fixation	n/a	415.4	147.5	1008.0	n/a	n/a	n/a	n/a
244.961	0.028	saccade	n/a	416.1	151.1	n/a	521.9	144.7	4.26	258.0
244.991	0.156	fixation	n/a	519.7	145.7	996.0	n/a	n/a	n/a	n/a
245.149	0.02	saccade	n/a	520.3	149.7	n/a	574.2	141.2	2.17	157.0
245.171	0.178	fixation	n/a	566.5	142.4	995.0	n/a	n/a	n/a	n/a
245.351	0.066	saccade	n/a	565.1	139.6	n/a	200.2	210.5	14.71	476.0
245.419	0.114	fixation	n/a	188.9	208.9	986.0	n/a	n/a	n/a	n/a
245.535	0.032	saccade	n/a	188.1	207.0	n/a	150.5	203.4	1.48	202.0
245.569	0.158	fixation	n/a	144.2	202.9	949.0	n/a	n/a	n/a	n/a
245.729	0.026	saccade	n/a	142.9	203.5	n/a	261.3	206.8	4.66	338.0
245.757	0.2	fixation	n/a	259.0	207.1	972.0	n/a	n/a	n/a	n/a
245.959	0.026	saccade	n/a	258.7	207.0	n/a	355.5	207.5	3.87	262.0
245.987	0.236	fixation	n/a	355.9	207.9	956.0	n/a	n/a	n/a	n/a
246.225	0.146	saccade	n/a	357.7	212.7	n/a	428.7	209.5	2.85	418.0
246.373	0.194	fixation	n/a	429.1	212.8	921.0	n/a	n/a	n/a	n/a
246.569	0.022	saccade	n/a	430.8	214.4	n/a	370.6	211.6	2.42	194.0
246.593	0.246	fixation	n/a	380.5	212.4	916.0	n/a	n/a	n/a	n/a
246.841	0.042	saccade	n/a	381.1	214.2	n/a	154.8	91.9	10.25	443.0
246.885	0.106	fixation	n/a	161.8	96.8	872.0	n/a	n/a	n/a	n/a
246.993	0.022	saccade	n/a	161.5	96.5	n/a	110.0	84.9	2.06	187.0
247.017	0.252	fixation	n/a	120.0	89.2	858.0	n/a	n/a	n/a	n/a
247.271	0.096	saccade	n/a	118.8	88.4	n/a	429.6	85.7	12.29	371.0
247.369	0.122	fixation	n/a	422.9	85.0	915.0	n/a	n/a	n/a	n/a
247.464	0.0	trigger_11	11	n/a	n/a	n/a	n/a	n/a	n/a	n/a
247.476	0.0	trigger_10	10	n/a	n/a	n/a	n/a	n/a	n/a	n/a
247.493	0.024	saccade	n/a	425.3	89.3	n/a	497.7	88.6	2.91	203.0
247.519	0.06	fixation	n/a	487.6	85.7	945.0	n/a	n/a	n/a	n/a
247.581	0.024	saccade	n/a	488.3	86.5	n/a	569.1	88.6	3.23	266.0
247.607	0.198	fixation	n/a	558.6	90.0	939.0	n/a	n/a	n/a	n/a
247.807	0.064	saccade	n/a	560.2	91.2	n/a	138.2	139.7	16.73	575.0
247.873	0.294	fixation	n/a	124.8	144.1	894.0	n/a	n/a	n/a	n/a
248.169	0.022	saccade	n/a	124.3	146.9	n/a	188.4	136.1	2.54	200.0
248.193	0.14	fixation	n/a	183.6	137.4	877.0	n/a	n/a	n/a	n/a
248.335	0.144	saccade	n/a	188.8	141.6	n/a	188.8	132.6	0.36	722.0
248.375	0.044	blink	n/a	n/a	n/a	n/a	n/a	n/a	n/a	n/a
248.481	0.49	fixation	n/a	188.1	141.9	917.0	n/a	n/a	n/a	n/a
248.973	0.02	saccade	n/a	189.6	146.7	n/a	146.0	131.2	1.82	160.0
248.995	0.23	fixation	n/a	153.9	134.2	911.0	n/a	n/a	n/a	n/a
249.227	0.024	saccade	n/a	156.1	136.2	n/a	127.9	90.1	2.16	169.0
249.253	0.39	fixation	n/a	130.5	98.7	950.0	n/a	n/a	n/a	n/a
249.645	0.006	saccade	n/a	131.5	99.3	n/a	122.7	96.5	0.36	56.0
249.653	0.216	fixation	n/a	123.0	93.4	1009.0	n/a	n/a	n/a	n/a
249.871	0.018	saccade	n/a	120.8	92.0	n/a	167.6	89.9	1.83	156.0
249.891	0.1	fixation	n/a	161.6	86.8	1013.0	n/a	n/a	n/a	n/a
249.993	0.036	saccade	n/a	158.5	85.2	n/a	333.2	94.6	6.94	378.0
250.031	0.024	fixation	n/a	334.3	92.0	1000.0	n/a	n/a	n/a	n/a
250.057	0.026	saccade	n/a	338.9	92.0	n/a	461.8	96.4	4.94	376.0
250.085	0.152	fixation	n/a	454.0	94.3	989.0	n/a	n/a	n/a	n/a
250.239	0.02	saccade	n/a	452.5	96.0	n/a	509.3	95.5	2.28	218.0
250.261	0.064	fixation	n/a	504.1	93.7	989.0	n/a	n/a	n/a	n/a
250.327	0.056	saccade	n/a	503.3	92.6	n/a	233.2	144.2	10.96	477.0
250.385	0.196	fixation	n/a	227.6	144.6	989.0	n/a	n/a	n/a	n/a
250.583	0.018	saccade	n/a	230.5	146.1	n/a	188.4	145.2	1.66	120.0
250.603	0.276	fixation	n/a	197.5	148.6	996.0	n/a	n/a	n/a	n/a
250.881	0.024	saccade	n/a	197.8	149.8	n/a	284.4	149.7	3.44	249.0
250.907	0.198	fixation	n/a	284.3	149.4	1015.0	n/a	n/a	n/a	n/a
251.107	0.016	saccade	n/a	283.6	150.1	n/a	254.3	148.8	1.17	115.0
251.125	0.174	fixation	n/a	260.8	150.4	1029.0	n/a	n/a	n/a	n/a
251.301	0.022	saccade	n/a	258.1	151.8	n/a	328.0	149.7	2.8	198.0
251.325	0.446	fixation	n/a	328.1	150.5	1045.0	n/a	n/a	n/a	n/a
251.773	0.02	saccade	n/a	327.8	153.4	n/a	384.8	148.2	2.3	183.0
251.795	0.418	fixation	n/a	382.2	147.8	1015.0	n/a	n/a	n/a	n/a
252.215	0.018	saccade	n/a	381.7	149.4	n/a	424.1	148.9	1.71	121.0
252.235	0.366	fixation	n/a	436.6	149.7	976.0	n/a	n/a	n/a	n/a
252.603	0.022	saccade	n/a	435.8	150.3	n/a	502.3	148.5	2.67	184.0
252.627	0.46	fixation	n/a	498.3	146.7	932.0	n/a	n/a	n/a	n/a
253.089	0.012	saccade	n/a	500.3	147.6	n/a	517.3	152.9	0.71	63.0
253.103	0.178	fixation	n/a	520.4	155.8	929.0	n/a	n/a	n/a	n/a
253.283	0.066	saccade	n/a	521.9	158.2	n/a	140.8	197.5	15.12	483.0
253.351	0.144	fixation	n/a	131.7	198.1	930.0	n/a	n/a	n/a	n/a
253.497	0.018	saccade	n/a	132.3	199.8	n/a	107.6	198.8	0.96	103.0
253.517	0.48	fixation	n/a	116.6	198.6	912.0	n/a	n/a	n/a	n/a
253.999	0.016	saccade	n/a	119.4	199.3	n/a	88.2	195.9	1.21	107.0
254.017	0.838	fixation	n/a	96.2	200.3	915.0	n/a	n/a	n/a	n/a
254.857	0.022	saccade	n/a	101.9	203.0	n/a	167.9	199.6	2.57	180.0
254.881	0.192	fixation	n/a	169.2	200.1	926.0	n/a	n/a	n/a	n/a
255.075	0.024	saccade	n/a	169.4	201.4	n/a	248.8	206.1	3.14	234.0
255.101	0.288	fixation	n/a	247.3	206.2	898.0	n/a	n/a	n/a	n/a
255.391	0.02	saccade	n/a	248.1	207.7	n/a	314.6	209.0	2.65	206.0
255.413	0.134	fixation	n/a	325.4	210.3	873.0	n/a	n/a	n/a	n/a
255.549	0.022	saccade	n/a	326.4	210.4	n/a	388.8	212.1	2.51	195.0
255.573	0.18	fixation	n/a	390.7	210.4	862.0	n/a	n/a	n/a	n/a
255.755	0.02	saccade	n/a	391.3	212.2	n/a	458.3	209.4	2.69	222.0
255.777	0.182	fixation	n/a	453.8	208.5	858.0	n/a	n/a	n/a	n/a
255.808	0.0	trigger_11	11	n/a	n/a	n/a	n/a	n/a	n/a	n/a
255.818	0.0	trigger_10	10	n/a	n/a	n/a	n/a	n/a	n/a	n/a
255.961	0.022	saccade	n/a	451.6	208.7	n/a	509.2	207.4	2.31	174.0
255.985	0.112	fixation	n/a	505.6	205.8	842.0	n/a	n/a	n/a	n/a
256.099	0.02	saccade	n/a	504.7	207.6	n/a	561.9	205.5	2.28	172.0
256.121	0.092	fixation	n/a	558.8	204.9	828.0	n/a	n/a	n/a	n/a
256.215	0.066	saccade	n/a	559.5	206.4	n/a	148.6	255.9	16.27	542.0
256.283	0.234	fixation	n/a	135.0	254.6	826.0	n/a	n/a	n/a	n/a
256.519	0.024	saccade	n/a	133.4	255.2	n/a	229.4	260.3	3.76	270.0
256.545	0.228	fixation	n/a	229.2	264.6	855.0	n/a	n/a	n/a	n/a
256.775	0.02	saccade	n/a	231.0	265.0	n/a	291.9	266.1	2.42	186.0
256.797	0.254	fixation	n/a	289.3	266.3	837.0	n/a	n/a	n/a	n/a
257.053	0.024	saccade	n/a	290.2	266.6	n/a	369.2	265.7	3.15	199.0
257.079	0.226	fixation	n/a	369.8	265.2	828.0	n/a	n/a	n/a	n/a
257.096	0.0	trigger_11	11	n/a	n/a	n/a	n/a	n/a	n/a	n/a
257.11	0.0	trigger_12	12	n/a	n/a	n/a	n/a	n/a	n/a	n/a
257.307	0.02	saccade	n/a	367.9	264.8	n/a	423.3	264.7	2.22	151.0
257.329	0.244	fixation	n/a	422.2	264.2	818.0	n/a	n/a	n/a	n/a
257.575	0.052	saccade	n/a	425.2	268.1	n/a	134.7	104.1	13.22	454.0
257.629	0.16	fixation	n/a	132.3	100.6	762.0	n/a	n/a	n/a	n/a
257.791	0.018	saccade	n/a	135.7	99.1	n/a	131.1	77.1	0.9	98.0
257.811	0.31	fixation	n/a	129.8	84.1	766.0	n/a	n/a	n/a	n/a
258.123	0.022	saccade	n/a	125.0	85.3	n/a	188.9	72.8	2.55	213.0
258.147	0.152	fixation	n/a	180.6	75.2	821.0	n/a	n/a	n/a	n/a
258.301	0.052	saccade	n/a	180.7	75.8	n/a	437.8	86.7	10.25	464.0
258.355	0.144	fixation	n/a	444.3	88.3	861.0	n/a	n/a	n/a	n/a
258.501	0.022	saccade	n/a	442.5	88.3	n/a	515.2	89.2	2.92	251.0
258.525	0.264	fixation	n/a	510.7	89.2	873.0	n/a	n/a	n/a	n/a
258.791	0.02	saccade	n/a	510.7	90.9	n/a	560.9	86.3	2.01	164.0
258.813	0.124	fixation	n/a	554.3	89.1	869.0	n/a	n/a	n/a	n/a
258.939	0.052	saccade	n/a	557.9	92.4	n/a	171.7	75.4	15.28	489.0
258.993	0.288	fixation	n/a	182.6	79.0	853.0	n/a	n/a	n/a	n/a
259.283	0.024	saccade	n/a	183.7	81.9	n/a	109.7	95.4	2.94	217.0
259.309	0.166	fixation	n/a	126.1	94.7	924.0	n/a	n/a	n/a	n/a
259.477	0.024	saccade	n/a	125.5	97.7	n/a	191.3	85.9	2.62	207.0
259.503	0.072	fixation	n/a	181.9	85.0	961.0	n/a	n/a	n/a	n/a
259.577	0.026	saccade	n/a	182.0	85.8	n/a	292.5	87.2	4.39	314.0
259.605	0.152	fixation	n/a	277.4	84.1	964.0	n/a	n/a	n/a	n/a
259.759	0.026	saccade	n/a	276.8	85.1	n/a	366.1	91.6	3.6	270.0
259.787	0.224	fixation	n/a	363.2	91.9	964.0	n/a	n/a	n/a	n/a
260.013	0.02	saccade	n/a	359.5	94.4	n/a	422.1	96.4	2.53	207.0
260.035	0.154	fixation	n/a	422.6	98.0	982.0	n/a	n/a	n/a	n/a
260.144	0.0	trigger_13	13	n/a	n/a	n/a	n/a	n/a	n/a	n/a
260.158	0.0	trigger_10	10	n/a	n/a	n/a	n/a	n/a	n/a	n/a
260.191	0.016	saccade	n/a	423.4	99.9	n/a	465.7	92.7	1.73	132.0
260.209	0.164	fixation	n/a	471.6	92.5	965.0	n/a	n/a	n/a	n/a
260.375	0.02	saccade	n/a	471.8	95.7	n/a	529.7	93.7	2.32	157.0
260.397	0.244	fixation	n/a	529.3	92.8	995.0	n/a	n/a	n/a	n/a
260.643	0.066	saccade	n/a	527.3	90.8	n/a	132.1	142.9	15.73	537.0
260.711	0.172	fixation	n/a	122.3	145.3	976.0	n/a	n/a	n/a	n/a
260.885	0.018	saccade	n/a	121.2	146.2	n/a	86.4	147.7	1.34	119.0
260.905	0.208	fixation	n/a	96.1	148.4	961.0	n/a	n/a	n/a	n/a
261.115	0.018	saccade	n/a	98.0	157.7	n/a	103.5	195.7	1.53	99.0
261.135	0.028	fixation	n/a	109.0	206.1	978.0	n/a	n/a	n/a	n/a
261.165	0.03	saccade	n/a	108.1	205.5	n/a	101.1	140.0	2.63	106.0
261.197	0.154	fixation	n/a	111.6	109.9	948.0	n/a	n/a	n/a	n/a
261.353	0.012	saccade	n/a	114.5	106.8	n/a	121.5	84.8	0.92	85.0
261.367	0.686	fixation	n/a	124.4	91.5	933.0	n/a	n/a	n/a	n/a
262.055	0.014	saccade	n/a	126.6	93.7	n/a	99.9	105.1	1.13	99.0
262.071	0.262	fixation	n/a	109.6	105.7	940.0	n/a	n/a	n/a	n/a
262.335	0.014	saccade	n/a	110.7	106.6	n/a	128.5	84.6	1.12	102.0
262.351	0.432	fixation	n/a	129.1	85.2	940.0	n/a	n/a	n/a	n/a
262.785	0.02	saccade	n/a	129.7	86.6	n/a	170.8	79.2	1.63	133.0
262.807	0.214	fixation	n/a	168.3	79.0	936.0	n/a	n/a	n/a	n/a
263.023	0.048	saccade	n/a	167.2	81.3	n/a	451.2	94.5	11.28	435.0
263.073	0.08	fixation	n/a	447.4	95.1	963.0	n/a	n/a	n/a	n/a
263.155	0.024	saccade	n/a	446.0	96.0	n/a	524.6	96.0	3.16	256.0
263.181	0.198	fixation	n/a	515.7	95.0	970.0	n/a	n/a	n/a	n/a
263.381	0.066	saccade	n/a	515.5	96.7	n/a	137.2	142.8	15.04	549.0
263.449	0.252	fixation	n/a	125.5	145.0	916.0	n/a	n/a	n/a	n/a
263.703	0.026	saccade	n/a	123.6	146.6	n/a	197.3	136.7	2.91	210.0
263.731	0.122	fixation	n/a	189.5	138.8	917.0	n/a	n/a	n/a	n/a
263.855	0.142	saccade	n/a	194.6	144.7	n/a	246.0	147.6	2.04	883.0
263.883	0.058	blink	n/a	n/a	n/a	n/a	n/a	n/a	n/a	n/a
263.999	0.154	fixation	n/a	244.2	155.6	919.0	n/a	n/a	n/a	n/a
264.155	0.02	saccade	n/a	241.7	157.7	n/a	187.1	150.8	2.18	193.0
264.177	0.376	fixation	n/a	195.0	147.7	860.0	n/a	n/a	n/a	n/a
264.555	0.024	saccade	n/a	193.0	145.8	n/a	275.5	146.1	3.28	234.0
264.581	0.25	fixation	n/a	273.9	146.4	879.0	n/a	n/a	n/a	n/a
264.616	0.0	trigger_11	11	n/a	n/a	n/a	n/a	n/a	n/a	n/a
264.618	0.0	trigger_18	18	n/a	n/a	n/a	n/a	n/a	n/a	n/a
264.833	0.024	saccade	n/a	272.4	148.0	n/a	344.0	148.9	2.87	217.0
264.859	0.152	fixation	n/a	344.3	150.2	910.0	n/a	n/a	n/a	n/a
265.013	0.022	saccade	n/a	345.5	150.6	n/a	411.4	149.0	2.65	172.0
265.037	0.164	fixation	n/a	415.7	149.0	919.0	n/a	n/a	n/a	n/a
265.203	0.04	saccade	n/a	416.9	149.9	n/a	541.0	149.0	4.97	223.0
265.245	0.182	fixation	n/a	535.9	148.4	932.0	n/a	n/a	n/a	n/a
265.429	0.02	saccade	n/a	534.8	148.9	n/a	596.4	145.9	2.45	179.0
265.451	0.262	fixation	n/a	598.9	146.3	936.0	n/a	n/a	n/a	n/a
265.715	0.018	saccade	n/a	599.0	146.3	n/a	551.2	143.7	1.9	164.0
265.735	0.168	fixation	n/a	562.2	146.0	955.0	n/a	n/a	n/a	n/a
265.905	0.068	saccade	n/a	564.1	148.8	n/a	163.6	198.3	15.92	499.0
265.975	0.126	fixation	n/a	151.2	197.3	975.0	n/a	n/a	n/a	n/a
266.103	0.022	saccade	n/a	151.5	197.6	n/a	112.0	196.8	1.53	151.0
266.127	0.136	fixation	n/a	121.2	199.4	962.0	n/a	n/a	n/a	n/a
266.265	0.03	saccade	n/a	120.4	200.5	n/a	255.0	203.6	5.29	356.0
266.297	0.184	fixation	n/a	247.2	204.3	975.0	n/a	n/a	n/a	n/a
266.483	0.02	saccade	n/a	246.2	205.9	n/a	300.4	207.1	2.16	187.0
266.505	0.43	fixation	n/a	289.6	208.9	954.0	n/a	n/a	n/a	n/a
266.937	0.054	saccade	n/a	287.3	211.8	n/a	396.3	525.8	12.97	354.0
266.993	0.2	fixation	n/a	394.0	520.6	978.0	n/a	n/a	n/a	n/a
267.195	0.024	saccade	n/a	392.1	521.9	n/a	494.5	531.1	3.96	254.0
267.221	0.108	fixation	n/a	505.8	530.3	933.0	n/a	n/a	n/a	n/a
267.331	0.18	saccade	n/a	508.7	533.0	n/a	561.7	494.8	2.49	829.0
267.359	0.092	blink	n/a	n/a	n/a	n/a	n/a	n/a	n/a	n/a
267.513	1.434	fixation	n/a	549.7	528.0	925.0	n/a	n/a	n/a	n/a
268.949	0.188	saccade	n/a	551.1	522.9	n/a	0.0	0.0	5200000.0	472.0
269.101	0.036	blink	n/a	n/a	n/a	n/a	n/a	n/a	n/a	n/a
