onset	duration	trial_type	value	gaze_x	gaze_y	pupil_size	sacc_endx	sacc_endy	sacc_amplitude	sacc_peakvel
0.004	0.422	fixation	n/a	166.4	90.2	897.0	n/a	n/a	n/a	n/a
0.054	0.0	trigger_90	90	n/a	n/a	n/a	n/a	n/a	n/a	n/a
0.428	0.016	saccade	n/a	167.0	94.3	n/a	192.0	79.8	1.15	99.0
0.446	0.79	fixation	n/a	197.9	93.5	1071.0	n/a	n/a	n/a	n/a
1.238	0.042	saccade	n/a	198.3	108.8	n/a	291.4	255.4	6.98	268.0
1.282	0.466	fixation	n/a	287.5	248.4	1252.0	n/a	n/a	n/a	n/a
1.75	0.026	saccade	n/a	290.7	254.7	n/a	202.0	264.9	3.54	212.0
1.778	0.096	fixation	n/a	198.3	267.4	1183.0	n/a	n/a	n/a	n/a
1.876	0.02	saccade	n/a	200.4	269.9	n/a	159.9	286.5	1.71	148.0
1.898	0.204	fixation	n/a	170.5	283.5	1106.0	n/a	n/a	n/a	n/a
2.082	0.0	trigger_12	12	n/a	n/a	n/a	n/a	n/a	n/a	n/a
2.104	0.02	saccade	n/a	173.4	289.9	n/a	228.4	275.5	2.24	162.0
2.126	0.216	fixation	n/a	237.6	275.2	1018.0	n/a	n/a	n/a	n/a
2.344	0.038	saccade	n/a	237.3	275.2	n/a	212.1	104.6	6.94	338.0
2.384	0.05	fixation	n/a	214.5	113.6	968.0	n/a	n/a	n/a	n/a
2.436	0.036	saccade	n/a	215.7	114.8	n/a	155.5	77.8	2.81	332.0
2.474	0.13	fixation	n/a	150.9	71.8	962.0	n/a	n/a	n/a	n/a
2.606	0.004	saccade	n/a	148.0	72.0	n/a	141.0	71.7	0.27	52.0
2.612	0.198	fixation	n/a	140.9	74.3	947.0	n/a	n/a	n/a	n/a
2.812	0.016	saccade	n/a	139.9	75.6	n/a	120.0	77.5	0.78	80.0
2.83	0.136	fixation	n/a	125.9	76.7	958.0	n/a	n/a	n/a	n/a
2.968	0.024	saccade	n/a	125.2	76.7	n/a	195.7	72.3	2.77	208.0
2.994	0.24	fixation	n/a	191.8	70.7	991.0	n/a	n/a	n/a	n/a
3.236	0.018	saccade	n/a	192.3	74.8	n/a	241.0	76.4	1.93	159.0
3.256	0.184	fixation	n/a	247.1	75.9	1053.0	n/a	n/a	n/a	n/a
3.442	0.018	saccade	n/a	245.6	76.6	n/a	295.4	77.0	1.99	154.0
3.462	0.332	fixation	n/a	297.2	81.3	1107.0	n/a	n/a	n/a	n/a
3.796	0.018	saccade	n/a	297.1	86.7	n/a	345.6	88.9	1.95	168.0
3.816	0.356	fixation	n/a	348.0	92.0	1127.0	n/a	n/a	n/a	n/a
4.174	0.01	saccade	n/a	345.9	94.9	n/a	328.2	90.2	0.74	78.0
4.186	1.01	fixation	n/a	327.3	84.9	1003.0	n/a	n/a	n/a	n/a
5.198	0.018	saccade	n/a	327.0	72.4	n/a	366.4	74.8	1.59	132.0
5.218	0.202	fixation	n/a	366.6	74.5	878.0	n/a	n/a	n/a	n/a
5.422	0.02	saccade	n/a	368.7	77.5	n/a	425.6	80.5	2.3	160.0
5.444	0.192	fixation	n/a	432.1	77.5	956.0	n/a	n/a	n/a	n/a
5.638	0.018	saccade	n/a	431.3	79.3	n/a	475.8	73.7	1.81	127.0
5.658	0.17	fixation	n/a	477.7	76.7	1000.0	n/a	n/a	n/a	n/a
5.83	0.024	saccade	n/a	477.8	79.5	n/a	549.3	73.6	2.87	172.0
5.856	0.228	fixation	n/a	552.3	73.9	1000.0	n/a	n/a	n/a	n/a
6.086	0.014	saccade	n/a	551.1	73.2	n/a	581.7	73.5	1.22	110.0
6.102	0.098	fixation	n/a	585.1	73.6	1007.0	n/a	n/a	n/a	n/a
6.202	0.062	saccade	n/a	585.4	73.3	n/a	224.9	128.8	14.48	501.0
6.266	0.12	fixation	n/a	214.3	128.9	1048.0	n/a	n/a	n/a	n/a
6.388	0.024	saccade	n/a	214.2	129.1	n/a	136.1	138.0	3.09	225.0
6.414	0.192	fixation	n/a	151.5	138.9	1056.0	n/a	n/a	n/a	n/a
6.608	0.02	saccade	n/a	153.0	137.7	n/a	109.1	139.2	1.71	153.0
6.63	0.148	fixation	n/a	120.3	142.2	1050.0	n/a	n/a	n/a	n/a
6.78	0.11	saccade	n/a	124.0	145.9	n/a	214.0	143.5	3.53	1063.0
6.812	0.022	blink	n/a	n/a	n/a	n/a	n/a	n/a	n/a	n/a
6.892	0.402	fixation	n/a	216.3	143.1	1041.0	n/a	n/a	n/a	n/a
7.296	0.04	saccade	n/a	217.4	146.2	n/a	344.8	92.2	5.54	252.0
7.338	0.254	fixation	n/a	339.5	96.0	1024.0	n/a	n/a	n/a	n/a
7.594	0.02	saccade	n/a	340.0	97.8	n/a	287.2	87.5	2.16	196.0
7.616	0.27	fixation	n/a	295.9	87.9	960.0	n/a	n/a	n/a	n/a
7.888	0.036	saccade	n/a	296.1	87.7	n/a	163.4	83.7	5.27	267.0
7.926	0.184	fixation	n/a	171.3	82.6	952.0	n/a	n/a	n/a	n/a
8.098	0.0	trigger_13	13	n/a	n/a	n/a	n/a	n/a	n/a	n/a
8.112	0.018	saccade	n/a	170.4	83.8	n/a	206.4	78.5	1.43	125.0
8.132	0.204	fixation	n/a	200.8	82.5	984.0	n/a	n/a	n/a	n/a
8.338	0.024	saccade	n/a	200.7	85.6	n/a	126.4	72.8	2.96	234.0
8.364	0.17	fixation	n/a	138.4	76.1	976.0	n/a	n/a	n/a	n/a
8.536	0.022	saccade	n/a	137.9	76.1	n/a	198.8	69.7	2.4	197.0
8.56	0.118	fixation	n/a	193.4	71.5	1008.0	n/a	n/a	n/a	n/a
8.68	0.024	saccade	n/a	193.5	74.3	n/a	274.1	77.1	3.21	231.0
8.706	0.166	fixation	n/a	273.5	75.5	1031.0	n/a	n/a	n/a	n/a
8.874	0.022	saccade	n/a	273.8	75.9	n/a	340.2	81.3	2.67	190.0
8.898	0.222	fixation	n/a	339.6	79.3	1062.0	n/a	n/a	n/a	n/a
9.122	0.016	saccade	n/a	338.9	79.9	n/a	372.8	81.5	1.37	123.0
9.14	0.378	fixation	n/a	364.5	80.5	1100.0	n/a	n/a	n/a	n/a
9.52	0.048	saccade	n/a	363.0	82.7	n/a	178.8	146.6	7.78	357.0
9.57	0.174	fixation	n/a	176.0	148.2	1146.0	n/a	n/a	n/a	n/a
9.746	0.016	saccade	n/a	178.2	149.7	n/a	142.8	141.2	1.43	128.0
9.764	0.214	fixation	n/a	151.5	145.0	1167.0	n/a	n/a	n/a	n/a
9.98	0.022	saccade	n/a	150.9	146.2	n/a	208.9	88.7	3.25	244.0
10.004	0.306	fixation	n/a	223.0	87.7	1122.0	n/a	n/a	n/a	n/a
10.312	0.02	saccade	n/a	223.0	86.9	n/a	179.8	90.3	1.71	146.0
10.334	0.44	fixation	n/a	188.2	91.7	1158.0	n/a	n/a	n/a	n/a
10.776	0.024	saccade	n/a	187.3	92.6	n/a	148.4	148.0	2.71	186.0
10.802	0.272	fixation	n/a	152.7	147.2	1207.0	n/a	n/a	n/a	n/a
11.076	0.022	saccade	n/a	152.9	148.9	n/a	153.3	207.0	2.34	174.0
11.1	0.394	fixation	n/a	152.1	199.6	1220.0	n/a	n/a	n/a	n/a
11.496	0.024	saccade	n/a	152.0	201.6	n/a	148.9	272.0	2.81	189.0
11.522	0.292	fixation	n/a	150.5	264.8	1193.0	n/a	n/a	n/a	n/a
11.816	0.032	saccade	n/a	154.2	269.3	n/a	174.3	209.6	2.51	150.0
11.85	0.17	fixation	n/a	179.0	201.4	1135.0	n/a	n/a	n/a	n/a
12.022	0.02	saccade	n/a	179.3	199.3	n/a	140.2	185.2	1.63	136.0
12.044	0.076	fixation	n/a	146.9	185.7	1054.0	n/a	n/a	n/a	n/a
12.122	0.022	saccade	n/a	146.7	186.8	n/a	169.5	137.5	2.18	185.0
12.146	0.152	fixation	n/a	166.1	142.0	1020.0	n/a	n/a	n/a	n/a
12.3	0.018	saccade	n/a	167.4	143.7	n/a	147.2	129.0	0.99	99.0
12.32	0.342	fixation	n/a	154.0	137.6	1060.0	n/a	n/a	n/a	n/a
12.664	0.012	saccade	n/a	153.4	141.2	n/a	130.1	135.5	0.94	88.0
12.678	0.256	fixation	n/a	136.9	139.9	1114.0	n/a	n/a	n/a	n/a
12.936	0.018	saccade	n/a	136.8	142.0	n/a	180.8	136.9	1.73	133.0
12.956	0.222	fixation	n/a	184.8	134.7	1157.0	n/a	n/a	n/a	n/a
13.18	0.026	saccade	n/a	183.9	134.0	n/a	148.2	203.7	3.14	179.0
13.208	0.28	fixation	n/a	153.3	198.3	1163.0	n/a	n/a	n/a	n/a
13.49	0.01	saccade	n/a	151.1	196.6	n/a	133.0	193.8	0.71	79.0
13.502	0.346	fixation	n/a	136.9	193.4	1107.0	n/a	n/a	n/a	n/a
13.85	0.022	saccade	n/a	136.8	193.9	n/a	198.7	188.1	2.44	180.0
13.874	0.276	fixation	n/a	205.0	187.2	1118.0	n/a	n/a	n/a	n/a
14.152	0.038	saccade	n/a	204.9	188.7	n/a	129.2	258.9	4.08	210.0
14.192	0.226	fixation	n/a	134.3	250.9	1065.0	n/a	n/a	n/a	n/a
14.42	0.024	saccade	n/a	133.0	251.2	n/a	135.9	313.5	2.47	175.0
14.446	0.112	fixation	n/a	136.1	305.9	1056.0	n/a	n/a	n/a	n/a
14.56	0.022	saccade	n/a	135.1	305.8	n/a	216.6	313.8	3.19	238.0
14.584	0.088	fixation	n/a	225.3	312.2	1044.0	n/a	n/a	n/a	n/a
14.674	0.028	saccade	n/a	224.3	312.4	n/a	324.1	305.5	3.96	249.0
14.704	0.156	fixation	n/a	324.8	308.5	1002.0	n/a	n/a	n/a	n/a
14.862	0.038	saccade	n/a	326.6	310.0	n/a	461.6	293.2	5.42	226.0
14.902	0.168	fixation	n/a	459.7	294.9	938.0	n/a	n/a	n/a	n/a
15.072	0.01	saccade	n/a	462.3	297.5	n/a	482.0	299.9	0.79	84.0
15.084	0.166	fixation	n/a	491.5	300.8	885.0	n/a	n/a	n/a	n/a
15.252	0.06	saccade	n/a	493.3	301.9	n/a	167.8	202.6	13.44	543.0
15.314	0.114	fixation	n/a	158.9	197.1	831.0	n/a	n/a	n/a	n/a
15.43	0.022	saccade	n/a	159.9	197.1	n/a	111.2	184.8	1.95	176.0
15.454	0.19	fixation	n/a	120.2	187.6	807.0	n/a	n/a	n/a	n/a
15.646	0.042	saccade	n/a	122.9	195.9	n/a	136.3	194.9	0.52	152.0
15.69	0.46	fixation	n/a	133.6	211.8	908.0	n/a	n/a	n/a	n/a
16.152	0.02	saccade	n/a	138.0	218.4	n/a	112.1	206.6	1.11	129.0
16.174	0.136	fixation	n/a	120.7	212.7	1015.0	n/a	n/a	n/a	n/a
16.312	0.074	saccade	n/a	125.4	220.1	n/a	124.3	184.5	1.42	248.0
16.388	0.064	fixation	n/a	123.3	183.2	1023.0	n/a	n/a	n/a	n/a
16.454	0.024	saccade	n/a	123.2	184.7	n/a	135.5	109.9	3.04	236.0
16.48	0.06	fixation	n/a	138.9	116.0	1010.0	n/a	n/a	n/a	n/a
16.542	0.03	saccade	n/a	137.5	115.0	n/a	182.2	85.8	2.11	218.0
16.574	0.13	fixation	n/a	178.2	80.4	979.0	n/a	n/a	n/a	n/a
16.706	0.022	saccade	n/a	177.0	76.5	n/a	250.5	75.3	2.91	222.0
16.73	0.246	fixation	n/a	253.3	73.8	943.0	n/a	n/a	n/a	n/a
16.978	0.042	saccade	n/a	254.3	72.7	n/a	177.2	236.4	7.27	350.0
17.022	0.218	fixation	n/a	175.9	229.7	987.0	n/a	n/a	n/a	n/a
17.242	0.018	saccade	n/a	175.3	229.1	n/a	133.9	207.5	1.83	168.0
17.262	0.232	fixation	n/a	138.1	209.3	1018.0	n/a	n/a	n/a	n/a
17.496	0.022	saccade	n/a	136.8	211.5	n/a	143.2	155.0	2.28	158.0
17.52	0.182	fixation	n/a	145.9	147.4	1001.0	n/a	n/a	n/a	n/a
17.704	0.012	saccade	n/a	148.6	149.2	n/a	159.0	131.6	0.82	87.0
17.714	0.0	trigger_15	15	n/a	n/a	n/a	n/a	n/a	n/a	n/a
17.718	0.28	fixation	n/a	156.9	139.6	989.0	n/a	n/a	n/a	n/a
17.798	0.0	trigger_10	10	n/a	n/a	n/a	n/a	n/a	n/a	n/a
18.0	0.024	saccade	n/a	156.7	143.0	n/a	126.7	68.9	3.2	249.0
18.026	0.208	fixation	n/a	131.2	75.5	993.0	n/a	n/a	n/a	n/a
18.236	0.022	saccade	n/a	128.0	75.6	n/a	191.9	76.4	2.51	174.0
18.26	0.088	fixation	n/a	188.7	75.7	1022.0	n/a	n/a	n/a	n/a
18.35	0.14	saccade	n/a	193.4	82.4	n/a	159.5	100.4	1.52	1054.0
18.382	0.05	blink	n/a	n/a	n/a	n/a	n/a	n/a	n/a	n/a
18.492	0.232	fixation	n/a	160.9	105.3	1011.0	n/a	n/a	n/a	n/a
18.726	0.02	saccade	n/a	160.1	106.6	n/a	213.6	102.1	2.12	166.0
18.748	0.158	fixation	n/a	208.2	97.3	1009.0	n/a	n/a	n/a	n/a
18.908	0.022	saccade	n/a	206.4	93.1	n/a	261.2	92.3	2.17	154.0
18.932	0.226	fixation	n/a	259.2	87.0	933.0	n/a	n/a	n/a	n/a
19.16	0.016	saccade	n/a	260.9	84.7	n/a	297.9	85.1	1.48	128.0
19.178	0.222	fixation	n/a	295.5	81.8	890.0	n/a	n/a	n/a	n/a
19.402	0.008	saccade	n/a	295.2	80.6	n/a	281.9	77.4	0.55	66.0
19.412	0.188	fixation	n/a	285.3	81.8	884.0	n/a	n/a	n/a	n/a
19.602	0.018	saccade	n/a	287.4	85.1	n/a	327.4	85.4	1.6	129.0
19.622	0.284	fixation	n/a	330.2	82.8	882.0	n/a	n/a	n/a	n/a
19.908	0.02	saccade	n/a	328.4	82.3	n/a	381.9	85.4	2.16	160.0
19.93	0.16	fixation	n/a	383.4	85.0	868.0	n/a	n/a	n/a	n/a
20.092	0.018	saccade	n/a	381.7	85.6	n/a	420.3	82.9	1.56	135.0
20.112	0.232	fixation	n/a	422.8	84.1	885.0	n/a	n/a	n/a	n/a
20.346	0.016	saccade	n/a	421.7	86.1	n/a	457.4	83.4	1.44	111.0
20.364	0.306	fixation	n/a	457.7	84.2	935.0	n/a	n/a	n/a	n/a
20.672	0.018	saccade	n/a	456.5	83.8	n/a	416.5	87.2	1.62	140.0
20.692	0.55	fixation	n/a	414.3	88.2	972.0	n/a	n/a	n/a	n/a
21.244	0.014	saccade	n/a	409.1	90.5	n/a	440.0	86.7	1.26	105.0
21.26	0.148	fixation	n/a	442.0	86.3	970.0	n/a	n/a	n/a	n/a
21.41	0.018	saccade	n/a	440.6	85.2	n/a	490.5	81.1	2.02	150.0
21.43	0.248	fixation	n/a	498.1	81.3	954.0	n/a	n/a	n/a	n/a
21.68	0.01	saccade	n/a	499.9	81.1	n/a	517.7	77.8	0.73	76.0
21.692	0.326	fixation	n/a	523.0	77.2	944.0	n/a	n/a	n/a	n/a
22.02	0.01	saccade	n/a	527.1	79.0	n/a	549.1	79.2	0.88	94.0
22.032	0.196	fixation	n/a	552.9	76.6	964.0	n/a	n/a	n/a	n/a
22.23	0.012	saccade	n/a	554.6	79.7	n/a	581.3	75.6	1.07	97.0
22.244	0.35	fixation	n/a	579.4	78.7	1034.0	n/a	n/a	n/a	n/a
22.596	0.104	saccade	n/a	579.0	80.9	n/a	235.4	142.7	13.86	368.0
22.702	0.112	fixation	n/a	226.8	143.6	1103.0	n/a	n/a	n/a	n/a
22.816	0.028	saccade	n/a	225.6	145.5	n/a	120.4	160.2	4.17	258.0
22.846	0.674	fixation	n/a	130.2	157.2	1039.0	n/a	n/a	n/a	n/a
23.522	0.018	saccade	n/a	129.2	151.7	n/a	169.8	145.2	1.61	140.0
23.542	0.568	fixation	n/a	165.8	149.6	1031.0	n/a	n/a	n/a	n/a
24.112	0.018	saccade	n/a	162.1	157.2	n/a	209.5	154.3	1.87	148.0
24.132	0.16	fixation	n/a	214.0	152.7	1056.0	n/a	n/a	n/a	n/a
24.294	0.022	saccade	n/a	214.4	154.0	n/a	273.5	153.2	2.35	168.0
24.318	0.174	fixation	n/a	275.8	151.2	1050.0	n/a	n/a	n/a	n/a
24.494	0.024	saccade	n/a	276.0	150.9	n/a	349.1	150.9	2.93	201.0
24.52	0.184	fixation	n/a	348.1	151.1	1015.0	n/a	n/a	n/a	n/a
24.706	0.022	saccade	n/a	349.0	151.3	n/a	416.1	147.7	2.7	179.0
24.73	0.452	fixation	n/a	423.5	143.0	961.0	n/a	n/a	n/a	n/a
25.184	0.022	saccade	n/a	423.1	143.9	n/a	365.1	146.7	2.34	167.0
25.208	0.104	fixation	n/a	373.9	144.2	979.0	n/a	n/a	n/a	n/a
25.314	0.022	saccade	n/a	374.9	146.1	n/a	439.9	141.8	2.63	200.0
25.338	0.316	fixation	n/a	443.6	139.4	991.0	n/a	n/a	n/a	n/a
25.656	0.022	saccade	n/a	442.4	139.3	n/a	511.1	133.8	2.77	173.0
25.68	0.332	fixation	n/a	513.5	132.6	986.0	n/a	n/a	n/a	n/a
26.014	0.016	saccade	n/a	516.2	134.8	n/a	547.8	134.9	1.26	116.0
26.032	0.222	fixation	n/a	549.6	132.4	939.0	n/a	n/a	n/a	n/a
26.256	0.062	saccade	n/a	550.7	132.1	n/a	191.1	194.1	14.46	492.0
26.32	0.12	fixation	n/a	181.4	192.5	922.0	n/a	n/a	n/a	n/a
26.442	0.022	saccade	n/a	181.4	191.3	n/a	111.4	192.7	2.73	199.0
26.466	0.584	fixation	n/a	113.7	191.9	856.0	n/a	n/a	n/a	n/a
27.052	0.018	saccade	n/a	113.1	190.8	n/a	160.1	190.9	1.83	160.0
27.072	0.196	fixation	n/a	162.1	187.8	807.0	n/a	n/a	n/a	n/a
27.27	0.02	saccade	n/a	161.9	188.4	n/a	148.8	165.6	1.05	165.0
27.292	0.026	fixation	n/a	153.1	165.9	804.0	n/a	n/a	n/a	n/a
27.32	0.018	saccade	n/a	160.4	152.2	n/a	172.8	185.8	1.44	148.0
27.34	0.154	fixation	n/a	173.2	193.7	826.0	n/a	n/a	n/a	n/a
27.496	0.092	saccade	n/a	175.9	193.4	n/a	179.8	188.0	0.27	366.0
27.59	0.164	fixation	n/a	180.6	192.6	849.0	n/a	n/a	n/a	n/a
27.756	0.022	saccade	n/a	179.8	192.2	n/a	238.8	195.5	2.34	166.0
27.78	0.192	fixation	n/a	241.0	192.7	889.0	n/a	n/a	n/a	n/a
27.974	0.022	saccade	n/a	240.4	194.4	n/a	300.5	194.9	2.39	164.0
27.998	0.206	fixation	n/a	299.1	192.5	931.0	n/a	n/a	n/a	n/a
28.206	0.022	saccade	n/a	301.6	195.0	n/a	237.9	193.3	2.54	200.0
28.23	0.132	fixation	n/a	250.6	194.7	944.0	n/a	n/a	n/a	n/a
28.364	0.034	saccade	n/a	250.5	196.0	n/a	385.4	194.5	5.4	292.0
28.4	0.202	fixation	n/a	379.9	193.0	954.0	n/a	n/a	n/a	n/a
28.604	0.022	saccade	n/a	377.7	192.6	n/a	451.5	186.8	2.97	214.0
28.628	0.196	fixation	n/a	447.6	185.7	971.0	n/a	n/a	n/a	n/a
28.826	0.018	saccade	n/a	445.7	186.8	n/a	486.5	183.1	1.65	117.0
28.846	0.21	fixation	n/a	486.6	185.1	945.0	n/a	n/a	n/a	n/a
29.058	0.01	saccade	n/a	486.8	187.7	n/a	506.3	185.0	0.79	84.0
29.07	0.172	fixation	n/a	506.1	185.8	930.0	n/a	n/a	n/a	n/a
29.244	0.022	saccade	n/a	506.7	186.1	n/a	438.7	190.1	2.73	209.0
29.268	0.674	fixation	n/a	442.8	191.9	943.0	n/a	n/a	n/a	n/a
29.944	0.024	saccade	n/a	440.6	191.4	n/a	506.6	190.4	2.65	170.0
29.97	0.268	fixation	n/a	508.9	188.3	941.0	n/a	n/a	n/a	n/a
30.24	0.042	saccade	n/a	508.8	187.9	n/a	318.3	153.1	7.77	331.0
30.284	0.168	fixation	n/a	325.6	158.2	949.0	n/a	n/a	n/a	n/a
30.454	0.022	saccade	n/a	324.8	160.1	n/a	248.5	136.3	3.2	258.0
30.478	0.164	fixation	n/a	250.4	137.3	940.0	n/a	n/a	n/a	n/a
30.644	0.038	saccade	n/a	252.2	138.8	n/a	205.0	61.3	3.66	246.0
30.684	0.186	fixation	n/a	208.1	68.9	927.0	n/a	n/a	n/a	n/a
30.872	0.022	saccade	n/a	210.7	73.2	n/a	123.7	78.1	3.41	252.0
30.896	0.166	fixation	n/a	125.2	81.5	942.0	n/a	n/a	n/a	n/a
31.064	0.044	saccade	n/a	125.0	83.4	n/a	312.5	84.6	7.41	346.0
31.11	0.11	fixation	n/a	308.3	86.7	981.0	n/a	n/a	n/a	n/a
31.222	0.03	saccade	n/a	309.3	88.9	n/a	420.0	89.5	4.45	244.0
31.254	0.13	fixation	n/a	419.8	88.5	978.0	n/a	n/a	n/a	n/a
31.386	0.024	saccade	n/a	420.1	87.6	n/a	508.7	80.6	3.57	219.0
31.412	0.274	fixation	n/a	513.9	77.6	959.0	n/a	n/a	n/a	n/a
31.688	0.032	saccade	n/a	515.9	78.9	n/a	431.7	160.6	4.75	340.0
31.722	0.214	fixation	n/a	431.6	155.1	947.0	n/a	n/a	n/a	n/a
31.938	0.02	saccade	n/a	428.9	156.4	n/a	481.3	178.6	2.29	178.0
31.96	0.064	fixation	n/a	480.4	176.9	953.0	n/a	n/a	n/a	n/a
32.026	0.048	saccade	n/a	481.7	176.5	n/a	221.3	80.4	11.1	473.0
32.066	0.0	trigger_11	11	n/a	n/a	n/a	n/a	n/a	n/a	n/a
32.076	0.182	fixation	n/a	232.2	84.0	962.0	n/a	n/a	n/a	n/a
32.076	0.0	trigger_10	10	n/a	n/a	n/a	n/a	n/a	n/a	n/a
32.26	0.026	saccade	n/a	231.3	85.5	n/a	126.5	80.0	4.12	311.0
32.288	0.19	fixation	n/a	134.9	81.7	947.0	n/a	n/a	n/a	n/a
32.48	0.02	saccade	n/a	133.4	82.9	n/a	183.3	80.7	1.96	173.0
32.502	0.152	fixation	n/a	175.0	82.4	967.0	n/a	n/a	n/a	n/a
32.656	0.038	saccade	n/a	175.3	91.4	n/a	239.7	69.0	2.71	190.0
32.696	0.09	fixation	n/a	239.5	90.2	976.0	n/a	n/a	n/a	n/a
32.788	0.104	saccade	n/a	239.8	95.6	n/a	234.6	96.7	0.21	607.0
32.826	0.008	blink	n/a	n/a	n/a	n/a	n/a	n/a	n/a	n/a
32.894	0.16	fixation	n/a	234.1	97.8	1005.0	n/a	n/a	n/a	n/a
33.056	0.024	saccade	n/a	233.8	97.2	n/a	316.4	95.8	3.3	243.0
33.082	0.222	fixation	n/a	318.5	93.0	1042.0	n/a	n/a	n/a	n/a
33.306	0.026	saccade	n/a	319.6	93.3	n/a	418.7	95.8	3.99	273.0
33.334	0.14	fixation	n/a	419.0	94.6	1006.0	n/a	n/a	n/a	n/a
33.476	0.022	saccade	n/a	420.0	94.7	n/a	469.5	89.9	2.0	161.0
33.5	0.136	fixation	n/a	461.5	88.1	1006.0	n/a	n/a	n/a	n/a
33.638	0.026	saccade	n/a	462.2	89.0	n/a	364.8	91.7	3.92	288.0
33.666	0.21	fixation	n/a	376.9	92.5	1029.0	n/a	n/a	n/a	n/a
33.878	0.026	saccade	n/a	375.1	93.5	n/a	461.4	84.6	3.49	223.0
33.906	0.278	fixation	n/a	452.6	85.7	1015.0	n/a	n/a	n/a	n/a
34.186	0.022	saccade	n/a	451.9	84.8	n/a	516.2	78.6	2.59	200.0
34.21	0.214	fixation	n/a	511.4	77.4	1020.0	n/a	n/a	n/a	n/a
34.426	0.07	saccade	n/a	511.8	77.4	n/a	198.6	144.3	12.75	396.0
34.498	0.134	fixation	n/a	187.9	142.2	1079.0	n/a	n/a	n/a	n/a
34.634	0.024	saccade	n/a	189.7	144.2	n/a	115.4	152.4	2.92	251.0
34.66	0.328	fixation	n/a	131.3	152.2	1049.0	n/a	n/a	n/a	n/a
34.99	0.018	saccade	n/a	132.0	147.5	n/a	168.3	133.8	1.52	138.0
35.01	0.152	fixation	n/a	166.2	133.7	972.0	n/a	n/a	n/a	n/a
35.164	0.02	saccade	n/a	164.7	131.2	n/a	213.3	137.5	1.93	156.0
35.186	0.306	fixation	n/a	210.0	137.2	1001.0	n/a	n/a	n/a	n/a
35.494	0.014	saccade	n/a	209.8	139.5	n/a	238.5	141.1	1.14	109.0
35.51	0.396	fixation	n/a	234.5	143.6	1100.0	n/a	n/a	n/a	n/a
35.908	0.02	saccade	n/a	231.4	142.9	n/a	286.3	144.0	2.19	172.0
35.93	0.25	fixation	n/a	285.1	144.3	1076.0	n/a	n/a	n/a	n/a
36.182	0.014	saccade	n/a	286.3	144.4	n/a	259.9	141.2	1.06	96.0
36.198	0.242	fixation	n/a	265.9	142.6	1065.0	n/a	n/a	n/a	n/a
36.442	0.014	saccade	n/a	268.1	145.5	n/a	298.6	141.8	1.23	110.0
36.458	0.186	fixation	n/a	295.3	143.4	1042.0	n/a	n/a	n/a	n/a
36.646	0.02	saccade	n/a	293.5	150.7	n/a	348.4	147.4	2.2	166.0
36.668	0.204	fixation	n/a	348.7	145.6	1004.0	n/a	n/a	n/a	n/a
36.874	0.02	saccade	n/a	349.3	145.7	n/a	398.0	143.7	1.96	162.0
36.896	0.17	fixation	n/a	395.1	142.0	979.0	n/a	n/a	n/a	n/a
37.068	0.016	saccade	n/a	395.4	143.1	n/a	436.1	137.3	1.66	149.0
37.086	0.246	fixation	n/a	435.6	138.3	975.0	n/a	n/a	n/a	n/a
37.334	0.018	saccade	n/a	434.0	139.7	n/a	472.9	136.7	1.57	113.0
37.354	0.356	fixation	n/a	476.3	137.5	919.0	n/a	n/a	n/a	n/a
37.712	0.018	saccade	n/a	478.7	149.8	n/a	441.1	147.4	1.52	124.0
37.732	0.322	fixation	n/a	441.9	147.2	880.0	n/a	n/a	n/a	n/a
38.056	0.024	saccade	n/a	444.2	146.2	n/a	510.8	139.6	2.68	186.0
38.082	0.298	fixation	n/a	530.7	138.3	899.0	n/a	n/a	n/a	n/a
38.382	0.016	saccade	n/a	529.3	140.6	n/a	564.1	136.7	1.4	112.0
38.4	0.234	fixation	n/a	561.8	134.9	918.0	n/a	n/a	n/a	n/a
38.636	0.062	saccade	n/a	562.3	136.4	n/a	194.0	193.1	14.77	507.0
38.7	0.13	fixation	n/a	184.8	193.7	913.0	n/a	n/a	n/a	n/a
38.832	0.022	saccade	n/a	185.5	193.8	n/a	117.3	198.1	2.67	204.0
38.856	0.174	fixation	n/a	128.4	198.5	904.0	n/a	n/a	n/a	n/a
39.032	0.094	saccade	n/a	135.0	207.1	n/a	164.7	194.9	1.26	708.0
39.128	0.16	fixation	n/a	163.4	197.2	914.0	n/a	n/a	n/a	n/a
39.29	0.018	saccade	n/a	164.2	197.4	n/a	120.8	197.0	1.69	150.0
39.31	0.278	fixation	n/a	131.0	198.5	944.0	n/a	n/a	n/a	n/a
39.59	0.02	saccade	n/a	127.6	195.8	n/a	197.4	198.4	2.73	214.0
39.612	0.314	fixation	n/a	203.6	198.1	954.0	n/a	n/a	n/a	n/a
39.928	0.02	saccade	n/a	204.2	199.9	n/a	258.6	195.7	2.17	161.0
39.95	0.396	fixation	n/a	261.8	196.4	952.0	n/a	n/a	n/a	n/a
40.348	0.02	saccade	n/a	261.8	198.1	n/a	274.9	154.2	1.86	146.0
40.37	0.598	fixation	n/a	280.5	149.2	917.0	n/a	n/a	n/a	n/a
40.97	0.04	saccade	n/a	279.9	153.8	n/a	202.6	90.3	4.01	244.0
41.012	0.174	fixation	n/a	213.0	90.4	920.0	n/a	n/a	n/a	n/a
41.188	0.018	saccade	n/a	213.6	92.6	n/a	220.1	77.4	0.67	86.0
41.208	0.198	fixation	n/a	221.0	84.0	954.0	n/a	n/a	n/a	n/a
41.408	0.032	saccade	n/a	221.7	86.0	n/a	307.4	83.5	3.42	166.0
41.442	0.168	fixation	n/a	306.0	85.6	984.0	n/a	n/a	n/a	n/a
41.612	0.052	saccade	n/a	306.2	87.8	n/a	486.4	84.9	7.24	213.0
41.666	0.246	fixation	n/a	482.6	80.7	980.0	n/a	n/a	n/a	n/a
41.914	0.046	saccade	n/a	483.9	78.5	n/a	261.7	138.2	9.21	474.0
41.962	0.226	fixation	n/a	257.3	143.7	990.0	n/a	n/a	n/a	n/a
42.19	0.024	saccade	n/a	257.4	145.8	n/a	350.8	152.0	3.74	262.0
42.216	0.466	fixation	n/a	350.5	147.9	1010.0	n/a	n/a	n/a	n/a
42.684	0.028	saccade	n/a	352.6	151.7	n/a	248.8	186.5	4.39	287.0
42.714	0.304	fixation	n/a	249.7	192.1	1010.0	n/a	n/a	n/a	n/a
43.02	0.034	saccade	n/a	249.0	193.3	n/a	320.2	131.9	3.79	196.0
43.056	0.13	fixation	n/a	317.8	138.1	1015.0	n/a	n/a	n/a	n/a
43.188	0.028	saccade	n/a	318.7	137.9	n/a	192.9	90.4	5.37	339.0
43.218	0.292	fixation	n/a	196.0	85.4	957.0	n/a	n/a	n/a	n/a
43.316	0.0	trigger_11	11	n/a	n/a	n/a	n/a	n/a	n/a	n/a
43.324	0.0	trigger_10	10	n/a	n/a	n/a	n/a	n/a	n/a	n/a
43.512	0.022	saccade	n/a	195.8	84.2	n/a	125.2	70.3	2.82	225.0
43.536	0.214	fixation	n/a	134.9	75.3	947.0	n/a	n/a	n/a	n/a
43.752	0.096	saccade	n/a	137.0	84.0	n/a	137.9	77.2	0.28	523.0
43.85	0.154	fixation	n/a	137.4	76.8	925.0	n/a	n/a	n/a	n/a
44.006	0.014	saccade	n/a	138.7	75.6	n/a	114.4	78.0	0.95	84.0
44.022	0.348	fixation	n/a	123.9	78.6	929.0	n/a	n/a	n/a	n/a
44.372	0.022	saccade	n/a	125.9	78.1	n/a	192.5	71.7	2.62	197.0
44.396	0.178	fixation	n/a	197.6	72.7	956.0	n/a	n/a	n/a	n/a
44.576	0.11	saccade	n/a	204.1	86.5	n/a	198.0	82.9	0.28	598.0
44.688	0.198	fixation	n/a	198.4	87.1	989.0	n/a	n/a	n/a	n/a
44.888	0.018	saccade	n/a	198.1	88.8	n/a	240.4	85.9	1.68	140.0
44.908	0.258	fixation	n/a	236.8	82.5	979.0	n/a	n/a	n/a	n/a
45.168	0.02	saccade	n/a	238.4	79.8	n/a	185.7	71.1	2.12	168.0
45.19	0.22	fixation	n/a	192.2	74.2	918.0	n/a	n/a	n/a	n/a
45.412	0.022	saccade	n/a	193.8	74.8	n/a	132.8	79.9	2.4	171.0
45.436	0.43	fixation	n/a	141.7	80.6	935.0	n/a	n/a	n/a	n/a
45.868	0.02	saccade	n/a	140.0	82.9	n/a	195.5	84.0	2.18	171.0
45.89	0.294	fixation	n/a	193.0	80.9	958.0	n/a	n/a	n/a	n/a
46.186	0.018	saccade	n/a	193.1	79.4	n/a	233.9	77.7	1.62	133.0
46.206	0.088	fixation	n/a	236.1	78.8	977.0	n/a	n/a	n/a	n/a
46.296	0.108	saccade	n/a	243.4	87.2	n/a	282.4	79.6	1.59	674.0
46.406	0.198	fixation	n/a	282.0	82.3	980.0	n/a	n/a	n/a	n/a
46.606	0.018	saccade	n/a	283.0	83.3	n/a	249.0	82.0	1.36	115.0
46.626	0.268	fixation	n/a	256.2	83.4	973.0	n/a	n/a	n/a	n/a
46.896	0.022	saccade	n/a	253.4	80.6	n/a	322.0	86.0	2.75	186.0
46.92	0.322	fixation	n/a	325.0	87.0	988.0	n/a	n/a	n/a	n/a
47.244	0.022	saccade	n/a	322.9	89.8	n/a	389.1	92.5	2.67	163.0
47.268	0.328	fixation	n/a	407.3	92.5	991.0	n/a	n/a	n/a	n/a
47.598	0.018	saccade	n/a	408.6	93.1	n/a	451.7	89.1	1.74	130.0
47.618	0.272	fixation	n/a	451.0	89.9	992.0	n/a	n/a	n/a	n/a
47.892	0.026	saccade	n/a	453.0	91.4	n/a	360.4	84.8	3.74	256.0
47.92	0.326	fixation	n/a	364.8	91.9	1015.0	n/a	n/a	n/a	n/a
48.248	0.106	saccade	n/a	369.3	102.8	n/a	439.7	100.8	2.84	537.0
48.292	0.002	blink	n/a	n/a	n/a	n/a	n/a	n/a	n/a	n/a
48.356	0.268	fixation	n/a	438.0	97.7	1075.0	n/a	n/a	n/a	n/a
48.626	0.02	saccade	n/a	437.6	97.5	n/a	374.6	94.1	2.54	216.0
48.648	0.24	fixation	n/a	384.2	96.5	1032.0	n/a	n/a	n/a	n/a
48.89	0.022	saccade	n/a	386.5	97.5	n/a	448.5	93.2	2.51	194.0
48.914	0.238	fixation	n/a	451.4	89.3	985.0	n/a	n/a	n/a	n/a
49.154	0.018	saccade	n/a	448.8	88.6	n/a	485.7	88.4	1.48	114.0
49.174	0.198	fixation	n/a	483.1	87.2	1004.0	n/a	n/a	n/a	n/a
49.374	0.062	saccade	n/a	483.3	87.6	n/a	173.2	138.2	12.5	449.0
49.438	0.112	fixation	n/a	159.0	135.2	986.0	n/a	n/a	n/a	n/a
49.552	0.022	saccade	n/a	158.6	134.6	n/a	121.2	145.6	1.52	160.0
49.576	0.302	fixation	n/a	125.9	142.9	950.0	n/a	n/a	n/a	n/a
49.88	0.02	saccade	n/a	125.0	145.2	n/a	183.8	139.6	2.31	172.0
49.902	0.262	fixation	n/a	176.7	139.0	969.0	n/a	n/a	n/a	n/a
50.166	0.128	saccade	n/a	179.0	145.5	n/a	209.1	136.1	1.25	884.0
50.202	0.03	blink	n/a	n/a	n/a	n/a	n/a	n/a	n/a	n/a
50.296	0.252	fixation	n/a	206.7	140.6	982.0	n/a	n/a	n/a	n/a
50.55	0.018	saccade	n/a	204.0	140.3	n/a	247.7	138.9	1.74	139.0
50.57	0.192	fixation	n/a	244.7	139.1	974.0	n/a	n/a	n/a	n/a
50.764	0.022	saccade	n/a	246.7	138.6	n/a	180.7	134.7	2.62	199.0
50.788	0.18	fixation	n/a	191.5	135.2	952.0	n/a	n/a	n/a	n/a
50.97	0.022	saccade	n/a	192.1	134.3	n/a	159.8	130.1	1.28	125.0
50.994	0.188	fixation	n/a	167.3	132.2	938.0	n/a	n/a	n/a	n/a
51.184	0.02	saccade	n/a	166.4	130.5	n/a	218.8	109.1	2.24	173.0
51.206	0.032	fixation	n/a	216.2	103.5	928.0	n/a	n/a	n/a	n/a
51.24	0.024	saccade	n/a	217.0	104.9	n/a	141.5	67.6	3.33	270.0
51.266	0.17	fixation	n/a	150.9	73.6	919.0	n/a	n/a	n/a	n/a
51.438	0.018	saccade	n/a	151.3	74.6	n/a	124.4	74.4	1.05	112.0
51.458	0.16	fixation	n/a	132.7	76.1	948.0	n/a	n/a	n/a	n/a
51.62	0.022	saccade	n/a	129.6	76.2	n/a	204.6	71.5	2.95	228.0
51.644	0.234	fixation	n/a	207.2	73.3	1005.0	n/a	n/a	n/a	n/a
51.88	0.028	saccade	n/a	209.7	75.0	n/a	125.4	76.5	3.31	203.0
51.91	0.418	fixation	n/a	135.8	78.4	1010.0	n/a	n/a	n/a	n/a
52.33	0.042	saccade	n/a	134.9	77.8	n/a	318.8	141.7	7.72	287.0
52.374	0.194	fixation	n/a	313.6	137.5	1031.0	n/a	n/a	n/a	n/a
52.57	0.018	saccade	n/a	313.0	138.3	n/a	359.6	135.5	1.88	167.0
52.59	0.172	fixation	n/a	356.5	136.3	1034.0	n/a	n/a	n/a	n/a
52.764	0.02	saccade	n/a	355.6	138.3	n/a	414.4	142.9	2.38	194.0
52.786	0.128	fixation	n/a	411.7	140.7	1000.0	n/a	n/a	n/a	n/a
52.916	0.026	saccade	n/a	411.6	140.0	n/a	302.4	135.9	4.4	301.0
52.944	0.41	fixation	n/a	314.3	137.6	981.0	n/a	n/a	n/a	n/a
53.356	0.022	saccade	n/a	312.1	137.3	n/a	373.0	137.3	2.45	161.0
53.38	0.226	fixation	n/a	379.7	138.7	975.0	n/a	n/a	n/a	n/a
53.608	0.088	saccade	n/a	378.4	149.3	n/a	440.2	133.0	2.58	610.0
53.698	0.2	fixation	n/a	442.9	142.5	940.0	n/a	n/a	n/a	n/a
53.9	0.018	saccade	n/a	442.3	143.1	n/a	487.8	134.2	1.87	148.0
53.92	0.392	fixation	n/a	488.8	133.7	940.0	n/a	n/a	n/a	n/a
54.314	0.022	saccade	n/a	491.6	136.3	n/a	543.4	135.2	2.07	142.0
54.338	0.426	fixation	n/a	551.5	135.2	870.0	n/a	n/a	n/a	n/a
54.766	0.15	saccade	n/a	552.1	149.5	n/a	557.6	138.1	0.51	830.0
54.79	0.088	blink	n/a	n/a	n/a	n/a	n/a	n/a	n/a	n/a
54.918	0.264	fixation	n/a	560.0	149.8	841.0	n/a	n/a	n/a	n/a
55.184	0.02	saccade	n/a	557.4	148.8	n/a	612.2	147.4	2.17	150.0
55.206	0.328	fixation	n/a	614.2	146.2	858.0	n/a	n/a	n/a	n/a
55.536	0.008	saccade	n/a	612.5	146.9	n/a	598.2	142.7	0.59	69.0
55.546	0.396	fixation	n/a	601.9	142.9	838.0	n/a	n/a	n/a	n/a
55.944	0.016	saccade	n/a	602.9	144.5	n/a	642.4	140.8	1.56	137.0
55.962	0.516	fixation	n/a	646.5	137.5	825.0	n/a	n/a	n/a	n/a
56.48	0.014	saccade	n/a	645.6	138.6	n/a	615.1	137.2	1.2	115.0
56.496	0.368	fixation	n/a	621.3	136.1	813.0	n/a	n/a	n/a	n/a
56.866	0.014	saccade	n/a	619.0	136.9	n/a	651.4	134.8	1.27	109.0
56.882	0.468	fixation	n/a	648.1	134.2	865.0	n/a	n/a	n/a	n/a
57.352	0.08	saccade	n/a	648.3	134.1	n/a	173.4	183.6	18.69	450.0
57.434	0.108	fixation	n/a	162.4	185.0	947.0	n/a	n/a	n/a	n/a
57.544	0.02	saccade	n/a	162.2	184.0	n/a	114.9	193.0	1.88	158.0
57.566	0.194	fixation	n/a	124.5	193.1	963.0	n/a	n/a	n/a	n/a
57.762	0.012	saccade	n/a	124.0	197.6	n/a	101.0	197.6	0.89	88.0
57.776	0.306	fixation	n/a	109.8	198.6	964.0	n/a	n/a	n/a	n/a
58.084	0.044	saccade	n/a	112.0	201.9	n/a	166.1	76.4	5.45	272.0
58.13	0.138	fixation	n/a	169.5	87.2	959.0	n/a	n/a	n/a	n/a
58.27	0.02	saccade	n/a	174.3	90.8	n/a	128.7	75.6	1.89	170.0
58.292	0.26	fixation	n/a	142.1	77.6	957.0	n/a	n/a	n/a	n/a
58.554	0.036	saccade	n/a	142.5	78.6	n/a	192.7	200.7	5.29	280.0
58.592	0.186	fixation	n/a	193.3	193.1	1011.0	n/a	n/a	n/a	n/a
58.78	0.016	saccade	n/a	195.2	193.0	n/a	158.4	196.9	1.45	122.0
58.798	0.14	fixation	n/a	168.8	197.8	1033.0	n/a	n/a	n/a	n/a
58.94	0.022	saccade	n/a	167.9	199.4	n/a	228.8	199.5	2.4	188.0
58.964	0.134	fixation	n/a	225.3	198.2	1036.0	n/a	n/a	n/a	n/a
59.1	0.022	saccade	n/a	223.1	196.7	n/a	290.2	196.9	2.67	194.0
59.124	0.322	fixation	n/a	288.4	196.8	967.0	n/a	n/a	n/a	n/a
59.448	0.014	saccade	n/a	289.2	199.2	n/a	261.3	197.3	1.12	95.0
59.464	0.062	fixation	n/a	267.1	201.6	912.0	n/a	n/a	n/a	n/a
59.528	0.11	saccade	n/a	265.6	207.6	n/a	323.4	210.2	2.31	487.0
59.64	0.416	fixation	n/a	322.4	212.1	901.0	n/a	n/a	n/a	n/a
60.058	0.02	saccade	n/a	323.7	212.1	n/a	376.2	206.8	2.12	157.0
60.08	0.188	fixation	n/a	377.8	203.6	901.0	n/a	n/a	n/a	n/a
60.27	0.022	saccade	n/a	377.3	205.6	n/a	441.0	201.6	2.56	173.0
60.294	0.24	fixation	n/a	440.2	200.9	908.0	n/a	n/a	n/a	n/a
60.536	0.024	saccade	n/a	441.6	201.6	n/a	372.7	203.4	2.77	216.0
60.562	0.314	fixation	n/a	380.7	205.7	944.0	n/a	n/a	n/a	n/a
60.878	0.02	saccade	n/a	380.6	204.5	n/a	434.0	203.9	2.14	156.0
60.9	0.178	fixation	n/a	433.6	200.9	957.0	n/a	n/a	n/a	n/a
61.08	0.02	saccade	n/a	431.7	200.5	n/a	485.6	192.9	2.18	167.0
61.102	0.198	fixation	n/a	479.7	193.6	960.0	n/a	n/a	n/a	n/a
61.302	0.022	saccade	n/a	479.4	192.8	n/a	543.6	189.1	2.57	172.0
61.326	0.198	fixation	n/a	546.3	187.7	957.0	n/a	n/a	n/a	n/a
61.526	0.02	saccade	n/a	545.7	191.0	n/a	598.6	188.5	2.1	155.0
61.548	0.22	fixation	n/a	598.7	187.5	959.0	n/a	n/a	n/a	n/a
61.77	0.024	saccade	n/a	600.1	189.0	n/a	531.9	188.1	2.7	210.0
61.796	0.182	fixation	n/a	539.8	188.9	970.0	n/a	n/a	n/a	n/a
61.98	0.022	saccade	n/a	538.5	189.8	n/a	596.7	183.9	2.32	176.0
62.004	0.194	fixation	n/a	592.8	182.7	986.0	n/a	n/a	n/a	n/a
62.2	0.066	saccade	n/a	592.1	181.3	n/a	173.9	249.3	16.66	528.0
62.268	0.11	fixation	n/a	162.4	251.6	1043.0	n/a	n/a	n/a	n/a
62.38	0.022	saccade	n/a	163.8	252.2	n/a	118.4	262.0	1.81	180.0
62.404	0.142	fixation	n/a	128.3	259.6	1030.0	n/a	n/a	n/a	n/a
62.548	0.024	saccade	n/a	128.6	262.0	n/a	217.6	251.7	3.5	256.0
62.574	0.168	fixation	n/a	215.6	251.8	1000.0	n/a	n/a	n/a	n/a
62.744	0.02	saccade	n/a	216.8	253.6	n/a	281.6	253.7	2.57	215.0
62.766	0.58	fixation	n/a	283.8	254.4	965.0	n/a	n/a	n/a	n/a
63.348	0.016	saccade	n/a	284.2	258.8	n/a	326.7	256.4	1.7	151.0
63.366	0.214	fixation	n/a	328.9	257.3	970.0	n/a	n/a	n/a	n/a
63.582	0.022	saccade	n/a	327.2	259.2	n/a	399.8	257.6	2.9	210.0
63.606	0.198	fixation	n/a	400.9	257.8	957.0	n/a	n/a	n/a	n/a
63.806	0.026	saccade	n/a	401.9	256.9	n/a	490.2	249.7	3.54	205.0
63.834	0.18	fixation	n/a	498.1	245.1	928.0	n/a	n/a	n/a	n/a
64.016	0.056	saccade	n/a	500.5	245.0	n/a	251.8	175.2	10.3	425.0
64.074	0.186	fixation	n/a	246.1	174.2	912.0	n/a	n/a	n/a	n/a
64.262	0.024	saccade	n/a	244.6	179.6	n/a	164.7	107.3	4.3	320.0
64.288	0.156	fixation	n/a	163.7	87.0	872.0	n/a	n/a	n/a	n/a
64.446	0.016	saccade	n/a	165.0	84.6	n/a	169.6	60.0	1.01	99.0
64.464	0.222	fixation	n/a	171.7	65.2	867.0	n/a	n/a	n/a	n/a
64.688	0.052	saccade	n/a	173.4	64.4	n/a	347.0	64.7	6.89	210.0
64.742	0.14	fixation	n/a	344.2	65.7	889.0	n/a	n/a	n/a	n/a
64.884	0.026	saccade	n/a	343.4	68.0	n/a	447.9	70.8	4.2	303.0
64.912	0.304	fixation	n/a	454.5	70.8	937.0	n/a	n/a	n/a	n/a
65.218	0.028	saccade	n/a	455.4	73.2	n/a	343.8	73.6	4.48	289.0
65.248	0.046	fixation	n/a	353.7	75.0	951.0	n/a	n/a	n/a	n/a
65.296	0.024	saccade	n/a	355.9	75.9	n/a	282.7	73.6	2.94	250.0
65.322	0.18	fixation	n/a	296.4	78.4	961.0	n/a	n/a	n/a	n/a
65.504	0.024	saccade	n/a	296.6	79.7	n/a	247.4	68.4	2.02	202.0
65.53	0.208	fixation	n/a	256.8	74.4	996.0	n/a	n/a	n/a	n/a
65.74	0.064	saccade	n/a	259.4	82.0	n/a	134.4	163.4	5.92	158.0
65.806	0.23	fixation	n/a	149.5	157.3	1018.0	n/a	n/a	n/a	n/a
66.038	0.082	saccade	n/a	147.4	154.2	n/a	446.9	81.3	12.25	444.0
66.122	0.312	fixation	n/a	443.7	82.9	958.0	n/a	n/a	n/a	n/a
66.436	0.02	saccade	n/a	445.2	83.1	n/a	495.7	77.0	2.05	167.0
66.458	0.182	fixation	n/a	489.6	76.2	930.0	n/a	n/a	n/a	n/a
66.642	0.056	saccade	n/a	488.1	75.0	n/a	180.3	133.1	12.46	563.0
66.7	0.366	fixation	n/a	162.6	132.5	914.0	n/a	n/a	n/a	n/a
67.068	0.028	saccade	n/a	160.2	134.4	n/a	285.4	130.9	4.96	303.0
67.098	0.28	fixation	n/a	285.8	128.0	921.0	n/a	n/a	n/a	n/a
67.38	0.026	saccade	n/a	286.0	128.5	n/a	386.9	126.2	4.05	256.0
67.408	0.236	fixation	n/a	401.6	126.5	959.0	n/a	n/a	n/a	n/a
67.646	0.022	saccade	n/a	400.0	127.8	n/a	475.6	122.8	3.05	222.0
67.67	0.404	fixation	n/a	479.9	123.3	980.0	n/a	n/a	n/a	n/a
68.076	0.022	saccade	n/a	480.1	126.4	n/a	556.1	128.1	3.04	209.0
68.1	0.238	fixation	n/a	562.1	127.2	982.0	n/a	n/a	n/a	n/a
68.34	0.064	saccade	n/a	564.3	126.8	n/a	189.6	202.1	15.12	532.0
68.406	0.17	fixation	n/a	177.1	201.7	970.0	n/a	n/a	n/a	n/a
68.578	0.02	saccade	n/a	175.1	199.5	n/a	121.7	200.2	2.08	179.0
68.6	0.166	fixation	n/a	133.3	199.8	951.0	n/a	n/a	n/a	n/a
68.768	0.012	saccade	n/a	134.8	203.0	n/a	110.8	199.3	0.94	87.0
68.782	0.144	fixation	n/a	117.6	201.0	962.0	n/a	n/a	n/a	n/a
68.928	0.032	saccade	n/a	116.6	203.1	n/a	148.6	68.2	5.55	369.0
68.962	0.166	fixation	n/a	149.0	80.3	951.0	n/a	n/a	n/a	n/a
69.044	0.0	trigger_11	11	n/a	n/a	n/a	n/a	n/a	n/a	n/a
69.052	0.0	trigger_10	10	n/a	n/a	n/a	n/a	n/a	n/a	n/a
69.13	0.02	saccade	n/a	148.3	81.2	n/a	197.5	66.9	2.02	190.0
69.152	0.142	fixation	n/a	189.9	73.9	958.0	n/a	n/a	n/a	n/a
69.296	0.022	saccade	n/a	190.0	73.9	n/a	137.5	64.3	2.09	165.0
69.32	0.096	fixation	n/a	151.5	66.1	955.0	n/a	n/a	n/a	n/a
69.418	0.02	saccade	n/a	152.0	66.2	n/a	118.6	70.5	1.31	136.0
69.44	0.16	fixation	n/a	127.5	70.0	979.0	n/a	n/a	n/a	n/a
69.602	0.032	saccade	n/a	125.9	69.7	n/a	279.5	67.3	6.06	370.0
69.636	0.112	fixation	n/a	286.2	68.9	1009.0	n/a	n/a	n/a	n/a
69.75	0.12	saccade	n/a	288.5	76.5	n/a	324.1	61.8	1.55	980.0
69.78	0.042	blink	n/a	n/a	n/a	n/a	n/a	n/a	n/a	n/a
69.872	0.236	fixation	n/a	326.1	73.4	1048.0	n/a	n/a	n/a	n/a
70.11	0.022	saccade	n/a	324.2	71.8	n/a	387.2	77.0	2.54	207.0
70.134	0.21	fixation	n/a	383.2	77.0	1037.0	n/a	n/a	n/a	n/a
70.346	0.012	saccade	n/a	386.0	79.2	n/a	410.3	78.0	0.98	90.0
70.36	0.324	fixation	n/a	409.4	80.2	1015.0	n/a	n/a	n/a	n/a
70.686	0.02	saccade	n/a	408.3	80.6	n/a	456.3	75.9	1.94	149.0
70.708	0.22	fixation	n/a	452.8	75.4	990.0	n/a	n/a	n/a	n/a
70.93	0.02	saccade	n/a	451.4	76.9	n/a	512.2	74.3	2.44	188.0
70.952	0.124	fixation	n/a	515.7	72.9	968.0	n/a	n/a	n/a	n/a
71.078	0.02	saccade	n/a	514.3	73.9	n/a	559.7	74.0	1.81	152.0
71.1	0.208	fixation	n/a	553.7	71.9	968.0	n/a	n/a	n/a	n/a
71.31	0.064	saccade	n/a	555.1	70.9	n/a	170.3	156.1	15.6	560.0
71.376	0.112	fixation	n/a	155.6	154.6	1015.0	n/a	n/a	n/a	n/a
71.49	0.016	saccade	n/a	155.1	156.0	n/a	117.1	152.2	1.49	133.0
71.508	0.146	fixation	n/a	126.8	154.8	1010.0	n/a	n/a	n/a	n/a
71.656	0.01	saccade	n/a	126.1	157.9	n/a	109.0	153.3	0.69	74.0
71.668	0.146	fixation	n/a	114.2	152.6	988.0	n/a	n/a	n/a	n/a
71.816	0.024	saccade	n/a	113.2	148.9	n/a	193.2	136.2	3.17	228.0
71.842	0.288	fixation	n/a	192.4	135.8	977.0	n/a	n/a	n/a	n/a
72.132	0.02	saccade	n/a	190.6	137.5	n/a	239.2	140.9	1.93	157.0
72.154	0.336	fixation	n/a	234.0	141.5	1033.0	n/a	n/a	n/a	n/a
72.492	0.164	saccade	n/a	239.0	157.8	n/a	281.0	140.6	1.82	1123.0
72.518	0.078	blink	n/a	n/a	n/a	n/a	n/a	n/a	n/a	n/a
72.658	0.128	fixation	n/a	282.9	145.3	1059.0	n/a	n/a	n/a	n/a
72.788	0.022	saccade	n/a	281.9	146.0	n/a	337.8	146.8	2.24	161.0
72.812	0.386	fixation	n/a	338.1	144.1	1005.0	n/a	n/a	n/a	n/a
73.2	0.02	saccade	n/a	342.8	145.0	n/a	399.0	143.3	2.26	159.0
73.222	0.428	fixation	n/a	400.2	139.5	973.0	n/a	n/a	n/a	n/a
73.652	0.026	saccade	n/a	393.2	138.1	n/a	485.1	137.9	3.7	235.0
73.68	0.226	fixation	n/a	483.3	135.4	991.0	n/a	n/a	n/a	n/a
73.908	0.01	saccade	n/a	483.1	136.0	n/a	501.9	130.3	0.79	84.0
73.92	0.258	fixation	n/a	500.5	133.0	991.0	n/a	n/a	n/a	n/a
74.18	0.016	saccade	n/a	498.9	134.0	n/a	537.1	132.6	1.53	130.0
74.198	0.162	fixation	n/a	538.5	131.5	944.0	n/a	n/a	n/a	n/a
74.362	0.018	saccade	n/a	539.2	131.4	n/a	579.5	126.7	1.61	129.0
74.382	0.256	fixation	n/a	580.4	123.8	942.0	n/a	n/a	n/a	n/a
74.64	0.062	saccade	n/a	580.7	122.7	n/a	226.7	183.1	14.26	473.0
74.704	0.102	fixation	n/a	216.0	184.5	974.0	n/a	n/a	n/a	n/a
74.808	0.024	saccade	n/a	215.9	184.3	n/a	122.6	196.4	3.68	284.0
74.834	0.14	fixation	n/a	128.9	193.4	962.0	n/a	n/a	n/a	n/a
74.976	0.016	saccade	n/a	129.2	192.5	n/a	111.9	193.9	0.67	86.0
74.994	0.106	fixation	n/a	117.7	194.0	955.0	n/a	n/a	n/a	n/a
75.102	0.022	saccade	n/a	114.3	195.6	n/a	193.4	189.0	3.1	282.0
75.126	0.17	fixation	n/a	191.1	190.4	959.0	n/a	n/a	n/a	n/a
75.298	0.022	saccade	n/a	190.8	192.4	n/a	267.5	189.6	3.04	229.0
75.322	0.186	fixation	n/a	267.1	190.7	972.0	n/a	n/a	n/a	n/a
75.51	0.022	saccade	n/a	267.5	193.7	n/a	329.3	191.7	2.47	186.0
75.534	0.13	fixation	n/a	323.6	192.9	981.0	n/a	n/a	n/a	n/a
75.666	0.132	saccade	n/a	326.0	202.2	n/a	322.1	187.6	0.61	922.0
75.694	0.05	blink	n/a	n/a	n/a	n/a	n/a	n/a	n/a	n/a
75.8	0.124	fixation	n/a	321.3	187.4	973.0	n/a	n/a	n/a	n/a
75.926	0.036	saccade	n/a	320.7	187.1	n/a	395.3	77.9	5.37	219.0
75.964	0.286	fixation	n/a	392.9	82.8	933.0	n/a	n/a	n/a	n/a
76.252	0.038	saccade	n/a	394.2	81.6	n/a	195.7	56.6	7.99	380.0
76.292	0.158	fixation	n/a	203.6	58.4	874.0	n/a	n/a	n/a	n/a
76.452	0.02	saccade	n/a	203.7	58.2	n/a	155.4	65.1	1.92	159.0
76.474	0.2	fixation	n/a	167.9	65.2	900.0	n/a	n/a	n/a	n/a
76.676	0.036	saccade	n/a	166.4	66.0	n/a	360.2	71.8	7.71	386.0
76.714	0.154	fixation	n/a	360.4	72.9	957.0	n/a	n/a	n/a	n/a
76.87	0.022	saccade	n/a	361.3	75.0	n/a	415.5	78.6	2.19	186.0
76.894	0.342	fixation	n/a	410.6	78.5	967.0	n/a	n/a	n/a	n/a
76.974	0.0	trigger_11	11	n/a	n/a	n/a	n/a	n/a	n/a	n/a
76.982	0.0	trigger_12	12	n/a	n/a	n/a	n/a	n/a	n/a	n/a
77.238	0.06	saccade	n/a	411.1	79.9	n/a	162.8	72.3	9.88	378.0
77.3	0.124	fixation	n/a	156.4	73.9	991.0	n/a	n/a	n/a	n/a
77.426	0.02	saccade	n/a	157.4	76.1	n/a	125.5	71.4	1.26	124.0
77.448	0.132	fixation	n/a	132.1	73.2	972.0	n/a	n/a	n/a	n/a
77.582	0.1	saccade	n/a	133.9	78.1	n/a	200.1	66.9	2.64	688.0
77.684	0.18	fixation	n/a	201.6	70.8	952.0	n/a	n/a	n/a	n/a
77.866	0.016	saccade	n/a	204.1	73.3	n/a	173.2	66.6	1.25	112.0
77.884	0.18	fixation	n/a	183.7	71.5	987.0	n/a	n/a	n/a	n/a
78.066	0.026	saccade	n/a	182.9	72.3	n/a	292.1	73.5	4.33	281.0
78.094	0.184	fixation	n/a	285.8	72.3	999.0	n/a	n/a	n/a	n/a
78.28	0.02	saccade	n/a	286.3	72.1	n/a	238.5	68.6	1.91	154.0
78.302	0.14	fixation	n/a	245.0	71.9	1003.0	n/a	n/a	n/a	n/a
78.444	0.12	saccade	n/a	247.2	79.3	n/a	291.0	74.7	1.76	647.0
78.484	0.024	blink	n/a	n/a	n/a	n/a	n/a	n/a	n/a	n/a
78.566	0.114	fixation	n/a	288.4	74.9	1006.0	n/a	n/a	n/a	n/a
78.682	0.024	saccade	n/a	285.3	73.0	n/a	368.6	81.0	3.36	224.0
78.708	0.168	fixation	n/a	368.7	78.4	1025.0	n/a	n/a	n/a	n/a
78.878	0.02	saccade	n/a	367.8	78.2	n/a	418.4	80.7	2.04	169.0
78.9	0.398	fixation	n/a	413.8	81.8	1004.0	n/a	n/a	n/a	n/a
79.3	0.02	saccade	n/a	412.7	83.4	n/a	464.1	77.3	2.08	151.0
79.322	0.176	fixation	n/a	462.9	79.6	1011.0	n/a	n/a	n/a	n/a
79.5	0.118	saccade	n/a	460.2	92.5	n/a	460.0	86.1	0.26	758.0
79.53	0.04	blink	n/a	n/a	n/a	n/a	n/a	n/a	n/a	n/a
79.62	0.356	fixation	n/a	458.8	82.5	1005.0	n/a	n/a	n/a	n/a
79.978	0.02	saccade	n/a	456.0	81.7	n/a	504.1	77.8	1.93	140.0
80.0	0.256	fixation	n/a	499.3	73.3	939.0	n/a	n/a	n/a	n/a
80.258	0.022	saccade	n/a	499.6	73.2	n/a	442.0	72.8	2.32	178.0
80.282	0.096	fixation	n/a	450.3	73.6	913.0	n/a	n/a	n/a	n/a
80.38	0.024	saccade	n/a	451.4	72.8	n/a	406.2	75.6	1.82	178.0
80.406	0.15	fixation	n/a	414.7	77.0	920.0	n/a	n/a	n/a	n/a
80.558	0.132	saccade	n/a	413.2	85.2	n/a	478.8	83.8	2.64	724.0
80.59	0.052	blink	n/a	n/a	n/a	n/a	n/a	n/a	n/a	n/a
80.692	0.324	fixation	n/a	479.9	83.0	970.0	n/a	n/a	n/a	n/a
81.018	0.006	saccade	n/a	484.1	83.4	n/a	491.5	78.2	0.37	54.0
81.026	0.27	fixation	n/a	491.6	78.3	954.0	n/a	n/a	n/a	n/a
81.298	0.006	saccade	n/a	490.3	78.6	n/a	482.8	78.4	0.3	49.0
81.306	0.126	fixation	n/a	482.3	76.2	958.0	n/a	n/a	n/a	n/a
81.434	0.016	saccade	n/a	481.4	77.1	n/a	521.4	74.3	1.61	134.0
81.452	0.342	fixation	n/a	525.7	73.1	1002.0	n/a	n/a	n/a	n/a
81.796	0.018	saccade	n/a	525.0	73.4	n/a	484.9	75.5	1.61	130.0
81.816	0.248	fixation	n/a	495.3	74.9	1027.0	n/a	n/a	n/a	n/a
82.066	0.024	saccade	n/a	492.5	75.1	n/a	568.1	74.8	3.02	199.0
82.092	0.34	fixation	n/a	564.5	74.3	1022.0	n/a	n/a	n/a	n/a
82.434	0.066	saccade	n/a	564.8	73.4	n/a	213.5	128.7	14.12	445.0
82.502	0.11	fixation	n/a	201.4	132.0	1021.0	n/a	n/a	n/a	n/a
82.614	0.034	saccade	n/a	202.1	131.4	n/a	130.3	137.8	2.83	271.0
82.65	0.252	fixation	n/a	127.6	138.9	993.0	n/a	n/a	n/a	n/a
82.904	0.018	saccade	n/a	126.7	138.9	n/a	174.2	130.6	1.89	161.0
82.924	0.4	fixation	n/a	167.0	129.2	985.0	n/a	n/a	n/a	n/a
83.326	0.026	saccade	n/a	165.9	128.5	n/a	247.3	128.4	3.22	201.0
83.354	0.154	fixation	n/a	242.2	129.3	1033.0	n/a	n/a	n/a	n/a
83.51	0.09	saccade	n/a	244.8	138.4	n/a	219.9	135.0	1.0	624.0
83.602	0.146	fixation	n/a	221.5	136.6	1039.0	n/a	n/a	n/a	n/a
83.75	0.04	saccade	n/a	221.9	135.7	n/a	369.3	136.4	5.9	263.0
83.792	0.234	fixation	n/a	363.2	134.1	1029.0	n/a	n/a	n/a	n/a
84.028	0.096	saccade	n/a	368.7	144.4	n/a	307.4	140.6	2.47	537.0
84.126	0.19	fixation	n/a	307.2	140.8	983.0	n/a	n/a	n/a	n/a
84.318	0.016	saccade	n/a	307.7	139.7	n/a	342.4	136.1	1.4	119.0
84.336	0.304	fixation	n/a	337.6	135.8	970.0	n/a	n/a	n/a	n/a
84.642	0.02	saccade	n/a	336.1	135.1	n/a	287.7	130.1	1.95	157.0
84.664	0.342	fixation	n/a	287.9	133.5	1002.0	n/a	n/a	n/a	n/a
85.008	0.038	saccade	n/a	286.4	133.4	n/a	468.4	129.2	7.3	322.0
85.048	0.276	fixation	n/a	460.0	130.3	1004.0	n/a	n/a	n/a	n/a
85.326	0.02	saccade	n/a	458.4	130.5	n/a	505.2	124.9	1.89	150.0
85.348	0.328	fixation	n/a	501.8	123.3	973.0	n/a	n/a	n/a	n/a
85.678	0.012	saccade	n/a	504.2	124.3	n/a	528.6	126.0	0.98	87.0
85.692	0.128	fixation	n/a	528.6	126.1	944.0	n/a	n/a	n/a	n/a
85.822	0.062	saccade	n/a	528.7	125.2	n/a	181.0	187.8	14.03	484.0
85.886	0.108	fixation	n/a	166.8	189.0	959.0	n/a	n/a	n/a	n/a
85.996	0.022	saccade	n/a	166.4	189.6	n/a	97.2	197.6	2.71	218.0
86.02	0.234	fixation	n/a	113.8	197.1	955.0	n/a	n/a	n/a	n/a
86.256	0.022	saccade	n/a	112.7	198.5	n/a	191.8	189.9	3.1	235.0
86.28	0.174	fixation	n/a	187.9	191.2	953.0	n/a	n/a	n/a	n/a
86.456	0.022	saccade	n/a	187.0	191.4	n/a	262.3	188.4	2.98	226.0
86.48	0.254	fixation	n/a	269.2	188.9	965.0	n/a	n/a	n/a	n/a
86.736	0.02	saccade	n/a	269.2	190.7	n/a	330.3	187.3	2.45	187.0
86.758	0.168	fixation	n/a	326.8	186.4	945.0	n/a	n/a	n/a	n/a
86.928	0.018	saccade	n/a	327.7	187.7	n/a	300.6	188.1	1.09	111.0
86.948	0.244	fixation	n/a	307.4	187.6	939.0	n/a	n/a	n/a	n/a
87.194	0.018	saccade	n/a	307.0	189.0	n/a	346.4	188.4	1.58	139.0
87.214	0.126	fixation	n/a	343.6	189.0	947.0	n/a	n/a	n/a	n/a
87.342	0.012	saccade	n/a	344.0	191.7	n/a	369.6	188.6	1.04	97.0
87.356	0.268	fixation	n/a	367.8	189.3	974.0	n/a	n/a	n/a	n/a
87.626	0.022	saccade	n/a	369.9	189.9	n/a	304.9	189.5	2.61	207.0
87.65	0.444	fixation	n/a	309.8	190.1	990.0	n/a	n/a	n/a	n/a
88.096	0.044	saccade	n/a	313.1	193.2	n/a	149.8	80.0	7.92	330.0
88.142	0.128	fixation	n/a	158.5	86.3	945.0	n/a	n/a	n/a	n/a
88.272	0.022	saccade	n/a	159.0	82.7	n/a	125.6	83.4	1.3	151.0
88.296	0.16	fixation	n/a	132.9	83.9	930.0	n/a	n/a	n/a	n/a
88.458	0.024	saccade	n/a	132.1	86.0	n/a	227.2	82.2	3.74	262.0
88.484	0.204	fixation	n/a	229.6	82.4	947.0	n/a	n/a	n/a	n/a
88.69	0.046	saccade	n/a	228.9	82.9	n/a	374.0	182.1	7.06	418.0
88.738	0.184	fixation	n/a	383.8	189.4	1001.0	n/a	n/a	n/a	n/a
88.924	0.02	saccade	n/a	382.1	190.9	n/a	440.3	191.6	2.34	191.0
88.946	0.238	fixation	n/a	433.2	189.2	989.0	n/a	n/a	n/a	n/a
89.186	0.024	saccade	n/a	433.2	187.9	n/a	500.0	186.3	2.68	191.0
89.212	0.21	fixation	n/a	497.3	184.2	924.0	n/a	n/a	n/a	n/a
89.424	0.02	saccade	n/a	496.5	183.3	n/a	542.8	186.8	1.85	153.0
89.446	0.108	fixation	n/a	535.5	185.4	909.0	n/a	n/a	n/a	n/a
89.556	0.018	saccade	n/a	535.9	185.4	n/a	505.9	185.2	1.2	109.0
89.576	0.294	fixation	n/a	514.1	185.3	898.0	n/a	n/a	n/a	n/a
89.872	0.02	saccade	n/a	513.0	183.9	n/a	578.6	184.8	2.61	190.0
89.894	0.542	fixation	n/a	592.5	187.1	901.0	n/a	n/a	n/a	n/a
90.438	0.02	saccade	n/a	594.3	191.4	n/a	639.1	191.3	1.76	135.0
90.46	0.302	fixation	n/a	637.5	189.1	888.0	n/a	n/a	n/a	n/a
90.764	0.006	saccade	n/a	632.9	189.2	n/a	625.7	180.6	0.45	68.0
90.772	0.11	fixation	n/a	627.1	182.9	899.0	n/a	n/a	n/a	n/a
90.884	0.052	saccade	n/a	628.5	185.0	n/a	366.5	190.4	10.4	455.0
90.938	0.14	fixation	n/a	359.5	190.3	929.0	n/a	n/a	n/a	n/a
91.08	0.02	saccade	n/a	359.3	188.6	n/a	306.5	189.8	2.12	192.0
91.102	0.156	fixation	n/a	310.5	190.1	935.0	n/a	n/a	n/a	n/a
91.26	0.02	saccade	n/a	309.3	189.2	n/a	362.4	195.1	2.14	178.0
91.282	0.14	fixation	n/a	357.5	192.9	932.0	n/a	n/a	n/a	n/a
91.424	0.054	saccade	n/a	360.0	193.3	n/a	144.9	257.8	8.89	406.0
91.48	0.22	fixation	n/a	136.2	257.9	920.0	n/a	n/a	n/a	n/a
91.702	0.022	saccade	n/a	136.1	257.6	n/a	211.7	252.0	2.96	240.0
91.726	0.214	fixation	n/a	207.1	253.5	920.0	n/a	n/a	n/a	n/a
91.942	0.082	saccade	n/a	211.7	261.9	n/a	177.5	254.3	1.38	548.0
92.026	0.524	fixation	n/a	178.0	255.3	891.0	n/a	n/a	n/a	n/a
92.552	0.028	saccade	n/a	178.4	256.3	n/a	283.8	250.6	4.17	263.0
92.582	0.422	fixation	n/a	281.7	250.4	952.0	n/a	n/a	n/a	n/a
93.006	0.018	saccade	n/a	280.5	251.8	n/a	321.5	248.5	1.64	124.0
93.026	0.272	fixation	n/a	317.4	247.8	948.0	n/a	n/a	n/a	n/a
93.3	0.026	saccade	n/a	316.8	248.8	n/a	218.0	253.8	3.93	264.0
93.328	0.186	fixation	n/a	228.2	254.3	976.0	n/a	n/a	n/a	n/a
93.516	0.042	saccade	n/a	227.1	255.5	n/a	463.5	187.5	9.81	403.0
93.56	0.19	fixation	n/a	458.6	189.0	996.0	n/a	n/a	n/a	n/a
93.752	0.02	saccade	n/a	460.0	188.8	n/a	404.6	187.4	2.23	184.0
93.774	0.176	fixation	n/a	414.8	188.2	1006.0	n/a	n/a	n/a	n/a
93.952	0.026	saccade	n/a	415.4	190.8	n/a	507.3	179.9	3.71	232.0
93.98	0.188	fixation	n/a	506.3	177.9	963.0	n/a	n/a	n/a	n/a
94.17	0.03	saccade	n/a	507.4	177.4	n/a	633.9	179.4	5.01	311.0
94.202	0.134	fixation	n/a	633.9	178.2	936.0	n/a	n/a	n/a	n/a
94.338	0.022	saccade	n/a	634.8	180.1	n/a	671.6	184.8	1.45	151.0
94.362	0.144	fixation	n/a	665.1	184.1	924.0	n/a	n/a	n/a	n/a
94.508	0.074	saccade	n/a	666.7	186.0	n/a	161.6	250.1	19.86	511.0
94.584	0.098	fixation	n/a	151.1	251.9	931.0	n/a	n/a	n/a	n/a
94.684	0.022	saccade	n/a	151.9	250.8	n/a	126.3	260.9	1.07	133.0
94.708	0.226	fixation	n/a	132.6	262.3	910.0	n/a	n/a	n/a	n/a
94.936	0.022	saccade	n/a	132.5	266.6	n/a	191.9	263.9	2.32	198.0
94.96	0.214	fixation	n/a	185.6	266.2	931.0	n/a	n/a	n/a	n/a
95.176	0.024	saccade	n/a	185.5	266.3	n/a	265.1	260.8	3.15	234.0
95.202	0.212	fixation	n/a	269.8	258.3	939.0	n/a	n/a	n/a	n/a
95.416	0.024	saccade	n/a	270.5	260.4	n/a	346.6	252.2	3.05	225.0
95.442	0.156	fixation	n/a	348.4	250.1	905.0	n/a	n/a	n/a	n/a
95.6	0.02	saccade	n/a	349.3	249.9	n/a	403.6	253.4	2.18	183.0
95.622	0.12	fixation	n/a	397.7	252.0	899.0	n/a	n/a	n/a	n/a
95.744	0.028	saccade	n/a	399.4	252.6	n/a	286.8	255.2	4.51	301.0
95.774	0.162	fixation	n/a	294.4	256.0	897.0	n/a	n/a	n/a	n/a
95.938	0.02	saccade	n/a	295.3	256.4	n/a	249.6	257.4	1.82	155.0
95.96	0.218	fixation	n/a	260.0	257.5	869.0	n/a	n/a	n/a	n/a
96.18	0.022	saccade	n/a	259.8	257.6	n/a	329.8	254.6	2.79	218.0
96.204	0.186	fixation	n/a	332.4	250.4	870.0	n/a	n/a	n/a	n/a
96.392	0.022	saccade	n/a	331.2	251.2	n/a	394.3	245.9	2.54	203.0
96.416	0.076	fixation	n/a	388.0	244.9	860.0	n/a	n/a	n/a	n/a
96.494	0.05	saccade	n/a	389.1	247.1	n/a	208.3	176.3	7.75	381.0
96.546	0.12	fixation	n/a	209.2	168.7	821.0	n/a	n/a	n/a	n/a
96.668	0.022	saccade	n/a	210.7	166.0	n/a	161.3	158.0	1.97	196.0
96.692	0.156	fixation	n/a	172.9	162.9	798.0	n/a	n/a	n/a	n/a
96.85	0.008	saccade	n/a	173.3	167.0	n/a	177.9	178.9	0.51	65.0
96.86	0.174	fixation	n/a	177.8	180.3	817.0	n/a	n/a	n/a	n/a
97.036	0.03	saccade	n/a	179.4	182.7	n/a	299.5	194.4	4.79	289.0
97.068	0.172	fixation	n/a	300.1	190.6	886.0	n/a	n/a	n/a	n/a
97.242	0.04	saccade	n/a	302.1	192.9	n/a	158.5	87.4	7.11	370.0
97.284	0.158	fixation	n/a	168.4	89.1	875.0	n/a	n/a	n/a	n/a
97.444	0.014	saccade	n/a	171.2	92.5	n/a	156.5	75.8	0.89	91.0
97.46	0.248	fixation	n/a	164.3	86.2	908.0	n/a	n/a	n/a	n/a
97.504	0.0	trigger_13	13	n/a	n/a	n/a	n/a	n/a	n/a	n/a
97.71	0.022	saccade	n/a	167.3	89.6	n/a	127.3	84.1	1.58	158.0
97.734	0.178	fixation	n/a	137.7	89.5	953.0	n/a	n/a	n/a	n/a
97.914	0.024	saccade	n/a	140.2	90.9	n/a	215.5	93.1	2.97	223.0
97.94	0.304	fixation	n/a	202.7	90.6	996.0	n/a	n/a	n/a	n/a
98.246	0.022	saccade	n/a	202.5	90.9	n/a	275.8	89.2	2.92	237.0
98.27	0.178	fixation	n/a	274.1	89.1	1017.0	n/a	n/a	n/a	n/a
98.45	0.014	saccade	n/a	275.9	91.5	n/a	254.8	89.5	0.85	77.0
98.466	0.268	fixation	n/a	262.1	92.9	1079.0	n/a	n/a	n/a	n/a
98.736	0.02	saccade	n/a	260.3	95.2	n/a	317.6	101.7	2.31	170.0
98.758	0.174	fixation	n/a	312.4	98.3	1150.0	n/a	n/a	n/a	n/a
98.934	0.05	saccade	n/a	312.0	98.0	n/a	153.3	198.8	7.49	439.0
98.986	0.308	fixation	n/a	143.3	207.5	1189.0	n/a	n/a	n/a	n/a
99.296	0.024	saccade	n/a	140.0	209.8	n/a	157.1	275.3	2.69	195.0
99.322	0.194	fixation	n/a	154.9	261.6	1157.0	n/a	n/a	n/a	n/a
99.518	0.144	saccade	n/a	163.4	265.5	n/a	146.2	249.3	0.93	1220.0
99.546	0.054	blink	n/a	n/a	n/a	n/a	n/a	n/a	n/a	n/a
99.664	0.518	fixation	n/a	150.8	245.9	1057.0	n/a	n/a	n/a	n/a
100.184	0.016	saccade	n/a	150.7	241.8	n/a	162.2	272.6	1.31	123.0
100.202	0.226	fixation	n/a	160.4	271.3	1078.0	n/a	n/a	n/a	n/a
100.43	0.022	saccade	n/a	161.1	274.3	n/a	137.6	331.0	2.42	170.0
100.454	0.126	fixation	n/a	140.7	325.4	1106.0	n/a	n/a	n/a	n/a
100.582	0.026	saccade	n/a	139.3	326.6	n/a	230.9	319.5	3.58	238.0
100.61	0.158	fixation	n/a	227.5	321.8	1104.0	n/a	n/a	n/a	n/a
100.77	0.038	saccade	n/a	225.6	323.5	n/a	382.6	311.5	6.22	306.0
100.81	0.178	fixation	n/a	379.8	315.3	1055.0	n/a	n/a	n/a	n/a
100.99	0.024	saccade	n/a	380.2	313.8	n/a	467.3	310.6	3.47	225.0
101.016	0.26	fixation	n/a	500.0	309.4	956.0	n/a	n/a	n/a	n/a
101.278	0.066	saccade	n/a	505.2	311.6	n/a	157.9	156.2	15.05	500.0
101.346	0.152	fixation	n/a	149.1	150.5	926.0	n/a	n/a	n/a	n/a
101.5	0.02	saccade	n/a	147.1	150.6	n/a	131.5	139.5	0.75	112.0
101.522	0.174	fixation	n/a	131.8	140.8	907.0	n/a	n/a	n/a	n/a
101.698	0.022	saccade	n/a	130.2	142.2	n/a	157.5	79.7	2.73	205.0
101.722	0.202	fixation	n/a	161.7	82.6	935.0	n/a	n/a	n/a	n/a
101.926	0.024	saccade	n/a	161.2	89.5	n/a	244.7	88.7	3.3	238.0
101.952	0.1	fixation	n/a	240.7	90.7	997.0	n/a	n/a	n/a	n/a
102.054	0.118	saccade	n/a	241.7	101.5	n/a	189.1	103.2	2.08	793.0
102.086	0.028	blink	n/a	n/a	n/a	n/a	n/a	n/a	n/a	n/a
102.174	0.238	fixation	n/a	187.3	101.1	982.0	n/a	n/a	n/a	n/a
102.414	0.02	saccade	n/a	185.2	97.3	n/a	243.1	91.2	2.31	181.0
102.436	0.47	fixation	n/a	237.1	90.3	976.0	n/a	n/a	n/a	n/a
102.908	0.024	saccade	n/a	239.1	93.5	n/a	179.7	89.9	2.36	172.0
102.934	0.232	fixation	n/a	191.1	92.5	1015.0	n/a	n/a	n/a	n/a
103.168	0.022	saccade	n/a	190.5	94.4	n/a	259.8	92.9	2.75	226.0
103.192	0.306	fixation	n/a	254.9	93.5	1058.0	n/a	n/a	n/a	n/a
103.5	0.02	saccade	n/a	255.7	95.7	n/a	305.0	97.7	1.97	161.0
103.522	0.198	fixation	n/a	300.7	95.2	1101.0	n/a	n/a	n/a	n/a
103.722	0.01	saccade	n/a	301.8	93.8	n/a	318.9	100.9	0.75	76.0
103.734	0.174	fixation	n/a	319.2	99.0	1113.0	n/a	n/a	n/a	n/a
103.91	0.02	saccade	n/a	318.3	98.5	n/a	275.1	89.3	1.77	148.0
103.932	0.206	fixation	n/a	286.4	91.8	1089.0	n/a	n/a	n/a	n/a
104.14	0.048	saccade	n/a	287.9	93.3	n/a	119.4	93.2	6.63	363.0
104.19	0.292	fixation	n/a	119.1	96.4	1072.0	n/a	n/a	n/a	n/a
104.484	0.022	saccade	n/a	118.5	97.2	n/a	187.8	89.1	2.73	195.0
104.508	0.124	fixation	n/a	185.8	87.6	1035.0	n/a	n/a	n/a	n/a
104.634	0.126	saccade	n/a	192.4	95.6	n/a	200.2	98.4	0.33	1025.0
104.662	0.042	blink	n/a	n/a	n/a	n/a	n/a	n/a	n/a	n/a
104.762	0.174	fixation	n/a	200.3	98.6	1073.0	n/a	n/a	n/a	n/a
104.938	0.022	saccade	n/a	200.2	97.4	n/a	256.5	97.1	2.23	176.0
104.962	0.228	fixation	n/a	250.5	94.4	1105.0	n/a	n/a	n/a	n/a
105.192	0.02	saccade	n/a	251.0	94.0	n/a	305.1	92.5	2.16	175.0
105.214	0.296	fixation	n/a	300.1	91.8	1051.0	n/a	n/a	n/a	n/a
105.512	0.02	saccade	n/a	299.4	92.3	n/a	352.6	95.7	2.15	160.0
105.534	0.106	fixation	n/a	345.5	93.4	1056.0	n/a	n/a	n/a	n/a
105.642	0.048	saccade	n/a	345.4	93.9	n/a	165.2	151.1	7.52	442.0
105.692	0.25	fixation	n/a	156.4	152.6	1068.0	n/a	n/a	n/a	n/a
105.944	0.016	saccade	n/a	152.0	154.6	n/a	133.6	157.5	0.73	96.0
105.962	0.154	fixation	n/a	137.9	158.4	1074.0	n/a	n/a	n/a	n/a
106.118	0.022	saccade	n/a	136.0	158.3	n/a	136.8	218.6	2.42	162.0
106.142	0.262	fixation	n/a	136.3	208.6	1081.0	n/a	n/a	n/a	n/a
106.406	0.008	saccade	n/a	136.6	208.2	n/a	143.1	197.7	0.49	58.0
106.416	0.258	fixation	n/a	146.6	197.4	1094.0	n/a	n/a	n/a	n/a
106.676	0.008	saccade	n/a	143.1	198.3	n/a	133.4	206.3	0.49	59.0
106.686	0.426	fixation	n/a	137.6	208.6	1080.0	n/a	n/a	n/a	n/a
107.114	0.022	saccade	n/a	137.3	209.7	n/a	161.1	265.3	2.41	161.0
107.138	0.614	fixation	n/a	163.2	267.0	1084.0	n/a	n/a	n/a	n/a
107.754	0.018	saccade	n/a	170.1	271.0	n/a	138.1	239.5	1.77	140.0
107.774	0.36	fixation	n/a	135.3	212.1	1023.0	n/a	n/a	n/a	n/a
108.136	0.012	saccade	n/a	136.4	211.1	n/a	116.7	202.9	0.83	80.0
108.15	0.412	fixation	n/a	123.4	202.7	1103.0	n/a	n/a	n/a	n/a
108.564	0.01	saccade	n/a	122.6	204.6	n/a	102.9	208.0	0.77	81.0
108.576	0.194	fixation	n/a	109.6	210.9	1115.0	n/a	n/a	n/a	n/a
108.772	0.032	saccade	n/a	109.0	213.0	n/a	219.0	284.1	5.14	299.0
108.806	0.386	fixation	n/a	216.6	278.1	1163.0	n/a	n/a	n/a	n/a
109.194	0.016	saccade	n/a	217.2	281.9	n/a	205.7	315.1	1.4	107.0
109.212	0.594	fixation	n/a	207.6	316.3	1128.0	n/a	n/a	n/a	n/a
109.808	0.11	saccade	n/a	213.5	327.5	n/a	210.6	326.4	0.12	758.0
109.92	0.47	fixation	n/a	208.1	326.5	1083.0	n/a	n/a	n/a	n/a
110.392	0.02	saccade	n/a	210.0	329.2	n/a	260.0	320.2	2.0	157.0
110.414	0.228	fixation	n/a	256.0	316.5	1054.0	n/a	n/a	n/a	n/a
110.644	0.024	saccade	n/a	257.3	314.8	n/a	186.3	316.2	2.79	206.0
110.67	0.272	fixation	n/a	198.1	316.8	1075.0	n/a	n/a	n/a	n/a
110.944	0.046	saccade	n/a	200.1	319.4	n/a	432.5	299.0	9.2	336.0
110.992	0.09	fixation	n/a	423.8	299.1	1031.0	n/a	n/a	n/a	n/a
111.084	0.066	saccade	n/a	425.1	300.8	n/a	189.9	114.1	11.98	476.0
111.152	0.092	fixation	n/a	183.1	105.4	975.0	n/a	n/a	n/a	n/a
111.24	0.0	trigger_15	15	n/a	n/a	n/a	n/a	n/a	n/a	n/a
111.246	0.022	saccade	n/a	183.3	103.6	n/a	168.9	72.9	1.36	160.0
111.246	0.0	trigger_10	10	n/a	n/a	n/a	n/a	n/a	n/a	n/a
111.27	0.204	fixation	n/a	171.2	79.4	926.0	n/a	n/a	n/a	n/a
111.476	0.022	saccade	n/a	173.8	81.1	n/a	145.0	69.0	1.23	126.0
111.5	0.096	fixation	n/a	152.1	71.7	921.0	n/a	n/a	n/a	n/a
111.598	0.022	saccade	n/a	152.6	72.2	n/a	115.4	80.7	1.49	142.0
111.622	0.188	fixation	n/a	123.8	80.2	973.0	n/a	n/a	n/a	n/a
111.812	0.024	saccade	n/a	120.0	79.7	n/a	214.6	80.8	3.71	272.0
111.838	0.184	fixation	n/a	214.1	80.8	1031.0	n/a	n/a	n/a	n/a
112.024	0.024	saccade	n/a	216.9	82.3	n/a	305.0	85.5	3.52	223.0
112.05	0.218	fixation	n/a	313.4	86.4	1100.0	n/a	n/a	n/a	n/a
112.27	0.024	saccade	n/a	314.8	90.5	n/a	377.8	90.5	2.54	166.0
112.296	0.114	fixation	n/a	369.4	91.0	1112.0	n/a	n/a	n/a	n/a
112.412	0.092	saccade	n/a	370.0	105.1	n/a	366.6	98.9	0.29	680.0
112.506	0.192	fixation	n/a	365.1	95.2	1080.0	n/a	n/a	n/a	n/a
112.7	0.022	saccade	n/a	366.3	92.6	n/a	326.8	94.6	1.59	146.0
112.724	0.23	fixation	n/a	334.7	93.9	1073.0	n/a	n/a	n/a	n/a
112.956	0.022	saccade	n/a	333.1	93.3	n/a	396.8	95.6	2.57	167.0
112.98	0.174	fixation	n/a	397.0	92.7	1043.0	n/a	n/a	n/a	n/a
113.156	0.03	saccade	n/a	395.9	91.2	n/a	492.7	79.4	3.93	232.0
113.188	0.232	fixation	n/a	487.9	80.8	1066.0	n/a	n/a	n/a	n/a
113.422	0.018	saccade	n/a	490.4	83.3	n/a	448.4	83.6	1.69	142.0
113.442	0.294	fixation	n/a	457.2	85.8	1045.0	n/a	n/a	n/a	n/a
113.738	0.114	saccade	n/a	459.3	98.1	n/a	499.4	95.1	1.62	916.0
113.768	0.04	blink	n/a	n/a	n/a	n/a	n/a	n/a	n/a	n/a
113.854	0.17	fixation	n/a	500.2	88.2	1028.0	n/a	n/a	n/a	n/a
114.026	0.02	saccade	n/a	499.2	85.5	n/a	556.5	86.4	2.29	177.0
114.048	0.244	fixation	n/a	554.3	84.2	1051.0	n/a	n/a	n/a	n/a
114.294	0.064	saccade	n/a	555.8	85.5	n/a	178.3	141.0	15.12	488.0
114.36	0.11	fixation	n/a	164.9	141.5	1044.0	n/a	n/a	n/a	n/a
114.472	0.022	saccade	n/a	166.3	142.9	n/a	113.6	152.5	2.09	189.0
114.496	0.262	fixation	n/a	124.7	153.4	1062.0	n/a	n/a	n/a	n/a
114.76	0.02	saccade	n/a	124.5	157.5	n/a	179.6	147.8	2.19	185.0
114.782	0.198	fixation	n/a	179.3	146.0	1072.0	n/a	n/a	n/a	n/a
114.982	0.02	saccade	n/a	178.8	147.7	n/a	227.8	146.0	1.94	157.0
115.004	0.064	fixation	n/a	221.7	146.8	1075.0	n/a	n/a	n/a	n/a
115.07	0.112	saccade	n/a	221.3	150.7	n/a	303.6	94.5	4.0	599.0
115.184	0.288	fixation	n/a	302.1	93.8	1026.0	n/a	n/a	n/a	n/a
115.474	0.038	saccade	n/a	304.5	91.9	n/a	143.3	86.2	6.39	326.0
115.514	0.236	fixation	n/a	150.9	86.4	941.0	n/a	n/a	n/a	n/a
115.752	0.038	saccade	n/a	148.8	88.6	n/a	325.2	95.6	6.99	328.0
115.792	0.222	fixation	n/a	318.9	95.3	991.0	n/a	n/a	n/a	n/a
115.816	0.0	trigger_11	11	n/a	n/a	n/a	n/a	n/a	n/a	n/a
115.822	0.0	trigger_10	10	n/a	n/a	n/a	n/a	n/a	n/a	n/a
116.016	0.03	saccade	n/a	318.7	97.5	n/a	174.5	94.4	5.73	347.0
116.048	0.04	fixation	n/a	187.0	98.0	1017.0	n/a	n/a	n/a	n/a
116.09	0.034	saccade	n/a	186.2	100.3	n/a	155.6	95.1	1.22	234.0
116.126	0.13	fixation	n/a	149.4	95.3	1024.0	n/a	n/a	n/a	n/a
116.258	0.018	saccade	n/a	150.2	95.6	n/a	128.3	89.2	0.89	99.0
116.278	0.234	fixation	n/a	133.8	89.5	1022.0	n/a	n/a	n/a	n/a
116.514	0.022	saccade	n/a	133.4	90.4	n/a	191.8	87.0	2.29	181.0
116.538	0.222	fixation	n/a	183.7	89.8	1054.0	n/a	n/a	n/a	n/a
116.762	0.02	saccade	n/a	188.6	93.4	n/a	134.5	91.5	2.12	168.0
116.784	0.134	fixation	n/a	146.8	93.9	1090.0	n/a	n/a	n/a	n/a
116.92	0.02	saccade	n/a	147.3	96.0	n/a	116.1	99.2	1.22	116.0
116.942	0.846	fixation	n/a	130.9	110.6	1210.0	n/a	n/a	n/a	n/a
117.79	0.02	saccade	n/a	134.6	108.3	n/a	191.6	101.0	2.25	180.0
117.812	0.238	fixation	n/a	181.3	99.6	1296.0	n/a	n/a	n/a	n/a
118.052	0.014	saccade	n/a	182.4	99.8	n/a	215.1	91.3	1.34	120.0
118.068	0.358	fixation	n/a	211.0	96.2	1279.0	n/a	n/a	n/a	n/a
118.428	0.008	saccade	n/a	209.0	99.0	n/a	193.8	98.7	0.6	72.0
118.438	0.172	fixation	n/a	198.1	99.5	1277.0	n/a	n/a	n/a	n/a
118.612	0.022	saccade	n/a	196.1	99.3	n/a	267.3	95.9	2.83	204.0
118.636	0.158	fixation	n/a	261.2	93.3	1257.0	n/a	n/a	n/a	n/a
118.796	0.028	saccade	n/a	260.9	93.3	n/a	364.3	90.3	4.15	283.0
118.826	0.218	fixation	n/a	357.2	90.4	1215.0	n/a	n/a	n/a	n/a
119.046	0.024	saccade	n/a	357.4	91.7	n/a	434.3	88.7	3.1	208.0
119.072	0.176	fixation	n/a	446.9	88.2	1100.0	n/a	n/a	n/a	n/a
119.25	0.018	saccade	n/a	447.8	91.0	n/a	487.2	84.9	1.6	117.0
119.27	0.154	fixation	n/a	478.7	85.1	1057.0	n/a	n/a	n/a	n/a
119.426	0.018	saccade	n/a	477.7	84.9	n/a	522.0	82.7	1.78	134.0
119.446	0.31	fixation	n/a	517.1	83.6	1005.0	n/a	n/a	n/a	n/a
119.758	0.018	saccade	n/a	516.0	85.5	n/a	557.5	82.3	1.66	133.0
119.778	0.106	fixation	n/a	554.6	84.3	974.0	n/a	n/a	n/a	n/a
119.886	0.064	saccade	n/a	555.6	86.2	n/a	166.3	139.1	15.54	536.0
119.952	0.112	fixation	n/a	153.2	139.7	967.0	n/a	n/a	n/a	n/a
120.066	0.022	saccade	n/a	155.5	139.2	n/a	109.3	148.4	1.84	170.0
120.09	0.15	fixation	n/a	120.4	147.4	972.0	n/a	n/a	n/a	n/a
120.242	0.022	saccade	n/a	122.1	152.5	n/a	189.1	144.2	2.64	211.0
120.266	0.26	fixation	n/a	180.5	146.4	1035.0	n/a	n/a	n/a	n/a
120.528	0.022	saccade	n/a	179.7	149.2	n/a	238.2	147.9	2.32	186.0
120.552	0.282	fixation	n/a	235.9	146.5	1028.0	n/a	n/a	n/a	n/a
120.836	0.026	saccade	n/a	234.4	144.6	n/a	156.3	150.2	3.09	202.0
120.864	0.2	fixation	n/a	168.7	150.2	1022.0	n/a	n/a	n/a	n/a
121.066	0.024	saccade	n/a	167.4	149.7	n/a	270.2	145.6	4.07	285.0
121.092	0.264	fixation	n/a	277.3	146.8	1066.0	n/a	n/a	n/a	n/a
121.358	0.02	saccade	n/a	275.8	147.3	n/a	338.7	148.5	2.52	186.0
121.38	0.39	fixation	n/a	338.0	148.6	1059.0	n/a	n/a	n/a	n/a
121.772	0.018	saccade	n/a	339.3	151.5	n/a	387.0	151.4	1.92	166.0
121.792	0.176	fixation	n/a	383.6	148.9	1035.0	n/a	n/a	n/a	n/a
121.97	0.022	saccade	n/a	384.1	149.6	n/a	448.1	145.9	2.58	185.0
121.994	0.106	fixation	n/a	449.7	142.3	1033.0	n/a	n/a	n/a	n/a
122.102	0.022	saccade	n/a	449.0	141.2	n/a	499.6	137.6	2.04	169.0
122.126	0.164	fixation	n/a	492.5	135.6	1025.0	n/a	n/a	n/a	n/a
122.292	0.02	saccade	n/a	492.3	136.8	n/a	542.7	134.4	2.02	145.0
122.314	0.128	fixation	n/a	538.5	132.4	997.0	n/a	n/a	n/a	n/a
122.444	0.066	saccade	n/a	539.4	130.0	n/a	152.7	198.9	15.51	544.0
122.512	0.142	fixation	n/a	138.2	200.7	993.0	n/a	n/a	n/a	n/a
122.656	0.018	saccade	n/a	139.9	199.0	n/a	101.1	203.0	1.51	134.0
122.676	0.204	fixation	n/a	110.8	202.9	997.0	n/a	n/a	n/a	n/a
122.882	0.036	saccade	n/a	111.0	204.6	n/a	131.9	68.4	5.51	292.0
122.92	0.202	fixation	n/a	136.1	74.8	960.0	n/a	n/a	n/a	n/a
123.124	0.026	saccade	n/a	139.0	76.1	n/a	225.5	77.0	3.4	230.0
123.152	0.164	fixation	n/a	222.5	79.8	972.0	n/a	n/a	n/a	n/a
123.318	0.024	saccade	n/a	225.6	82.9	n/a	153.9	88.0	2.83	229.0
123.344	0.32	fixation	n/a	169.5	94.7	1022.0	n/a	n/a	n/a	n/a
123.474	0.0	trigger_11	11	n/a	n/a	n/a	n/a	n/a	n/a	n/a
123.482	0.0	trigger_10	10	n/a	n/a	n/a	n/a	n/a	n/a	n/a
123.666	0.022	saccade	n/a	172.0	100.5	n/a	116.1	82.4	2.3	214.0
123.69	0.182	fixation	n/a	132.7	87.4	1082.0	n/a	n/a	n/a	n/a
123.874	0.018	saccade	n/a	131.8	88.6	n/a	181.6	92.4	1.96	147.0
123.894	0.174	fixation	n/a	172.1	89.3	1087.0	n/a	n/a	n/a	n/a
124.07	0.018	saccade	n/a	170.6	87.9	n/a	146.4	82.4	0.97	106.0
124.09	0.144	fixation	n/a	151.8	83.2	1025.0	n/a	n/a	n/a	n/a
124.236	0.024	saccade	n/a	151.4	83.6	n/a	214.1	86.5	2.47	180.0
124.262	0.16	fixation	n/a	210.1	85.2	1021.0	n/a	n/a	n/a	n/a
124.424	0.02	saccade	n/a	212.9	87.8	n/a	262.0	85.4	1.96	157.0
124.446	0.238	fixation	n/a	253.0	86.3	1060.0	n/a	n/a	n/a	n/a
124.686	0.02	saccade	n/a	250.0	87.5	n/a	301.7	88.2	2.07	170.0
124.708	0.162	fixation	n/a	297.2	87.9	1065.0	n/a	n/a	n/a	n/a
124.872	0.026	saccade	n/a	297.3	90.4	n/a	376.4	95.8	3.19	176.0
124.9	0.16	fixation	n/a	378.0	93.3	1031.0	n/a	n/a	n/a	n/a
125.062	0.104	saccade	n/a	377.4	103.3	n/a	333.5	100.2	1.77	534.0
125.168	0.152	fixation	n/a	330.9	99.9	1014.0	n/a	n/a	n/a	n/a
125.322	0.022	saccade	n/a	331.7	99.9	n/a	285.5	90.4	1.89	181.0
125.346	0.168	fixation	n/a	293.2	91.9	975.0	n/a	n/a	n/a	n/a
125.516	0.026	saccade	n/a	290.2	91.9	n/a	376.7	97.3	3.48	194.0
125.544	0.2	fixation	n/a	378.2	95.1	969.0	n/a	n/a	n/a	n/a
125.746	0.02	saccade	n/a	377.1	96.5	n/a	432.5	93.5	2.24	170.0
125.768	0.342	fixation	n/a	432.8	90.4	983.0	n/a	n/a	n/a	n/a
126.112	0.024	saccade	n/a	434.1	91.2	n/a	498.4	83.3	2.61	189.0
126.138	0.196	fixation	n/a	497.7	83.3	976.0	n/a	n/a	n/a	n/a
126.336	0.022	saccade	n/a	496.7	84.9	n/a	556.9	80.2	2.42	174.0
126.36	0.202	fixation	n/a	552.7	82.5	1003.0	n/a	n/a	n/a	n/a
126.564	0.02	saccade	n/a	551.8	83.6	n/a	509.1	81.9	1.71	132.0
126.586	0.214	fixation	n/a	519.9	83.0	1027.0	n/a	n/a	n/a	n/a
126.802	0.016	saccade	n/a	521.7	84.3	n/a	562.6	82.5	1.63	139.0
126.82	0.198	fixation	n/a	560.9	81.9	1011.0	n/a	n/a	n/a	n/a
127.02	0.008	saccade	n/a	560.9	82.7	n/a	574.9	81.9	0.56	67.0
127.03	0.346	fixation	n/a	575.9	82.9	1017.0	n/a	n/a	n/a	n/a
127.378	0.008	saccade	n/a	576.7	85.3	n/a	589.5	84.5	0.51	59.0
127.388	0.188	fixation	n/a	587.5	85.9	1008.0	n/a	n/a	n/a	n/a
127.578	0.068	saccade	n/a	587.2	86.0	n/a	174.8	151.9	16.48	512.0
127.648	0.138	fixation	n/a	160.0	152.3	1019.0	n/a	n/a	n/a	n/a
127.788	0.02	saccade	n/a	159.6	151.7	n/a	121.6	149.9	1.48	136.0
127.81	0.114	fixation	n/a	132.4	154.6	1026.0	n/a	n/a	n/a	n/a
127.926	0.104	saccade	n/a	134.6	161.9	n/a	219.4	155.1	3.34	668.0
128.032	0.264	fixation	n/a	218.9	154.3	998.0	n/a	n/a	n/a	n/a
128.298	0.022	saccade	n/a	220.8	154.4	n/a	169.9	147.2	2.03	161.0
128.322	0.354	fixation	n/a	179.7	143.9	954.0	n/a	n/a	n/a	n/a
128.678	0.024	saccade	n/a	179.3	142.2	n/a	269.4	146.5	3.58	259.0
128.704	0.21	fixation	n/a	261.1	143.7	977.0	n/a	n/a	n/a	n/a
128.916	0.02	saccade	n/a	260.5	144.4	n/a	317.6	143.4	2.28	193.0
128.938	0.478	fixation	n/a	325.1	145.0	968.0	n/a	n/a	n/a	n/a
129.418	0.018	saccade	n/a	328.4	149.2	n/a	371.8	149.7	1.75	145.0
129.438	0.318	fixation	n/a	374.0	149.3	978.0	n/a	n/a	n/a	n/a
129.758	0.02	saccade	n/a	376.0	151.2	n/a	321.0	149.6	2.21	178.0
129.78	0.226	fixation	n/a	330.2	150.4	993.0	n/a	n/a	n/a	n/a
130.008	0.022	saccade	n/a	331.9	152.7	n/a	259.3	150.8	2.91	205.0
130.032	0.264	fixation	n/a	253.1	149.7	1003.0	n/a	n/a	n/a	n/a
130.298	0.022	saccade	n/a	252.5	150.6	n/a	321.7	145.4	2.78	191.0
130.322	0.216	fixation	n/a	328.3	145.1	1019.0	n/a	n/a	n/a	n/a
130.54	0.024	saccade	n/a	327.6	144.8	n/a	407.0	145.9	3.2	212.0
130.566	0.252	fixation	n/a	403.1	146.5	1007.0	n/a	n/a	n/a	n/a
130.82	0.02	saccade	n/a	403.2	147.6	n/a	451.2	143.3	1.94	152.0
130.842	0.328	fixation	n/a	445.6	142.3	977.0	n/a	n/a	n/a	n/a
131.172	0.018	saccade	n/a	444.7	140.6	n/a	491.2	136.4	1.88	138.0
131.192	0.236	fixation	n/a	490.1	137.6	954.0	n/a	n/a	n/a	n/a
131.43	0.012	saccade	n/a	489.0	141.1	n/a	514.9	136.1	1.06	97.0
131.444	0.096	fixation	n/a	514.1	136.3	943.0	n/a	n/a	n/a	n/a
131.542	0.022	saccade	n/a	515.1	139.1	n/a	441.6	143.7	2.96	238.0
131.566	0.188	fixation	n/a	455.3	145.1	960.0	n/a	n/a	n/a	n/a
131.756	0.022	saccade	n/a	455.0	144.4	n/a	519.8	140.7	2.6	189.0
131.78	0.198	fixation	n/a	519.3	139.2	973.0	n/a	n/a	n/a	n/a
131.98	0.012	saccade	n/a	517.2	138.9	n/a	495.5	137.8	0.87	82.0
131.994	0.326	fixation	n/a	502.8	139.3	992.0	n/a	n/a	n/a	n/a
132.322	0.018	saccade	n/a	500.5	137.9	n/a	547.5	134.5	1.89	144.0
132.342	0.27	fixation	n/a	546.0	135.9	1002.0	n/a	n/a	n/a	n/a
132.614	0.062	saccade	n/a	549.3	139.4	n/a	248.3	192.3	12.18	407.0
132.678	0.11	fixation	n/a	241.5	191.6	1044.0	n/a	n/a	n/a	n/a
132.79	0.03	saccade	n/a	241.5	191.5	n/a	135.6	212.8	4.25	280.0
132.822	0.436	fixation	n/a	143.7	212.7	1025.0	n/a	n/a	n/a	n/a
133.26	0.008	saccade	n/a	141.2	209.6	n/a	126.8	208.6	0.56	69.0
133.27	0.218	fixation	n/a	127.2	209.2	976.0	n/a	n/a	n/a	n/a
133.49	0.02	saccade	n/a	125.9	209.7	n/a	173.2	204.2	1.86	165.0
133.512	0.206	fixation	n/a	167.4	206.9	993.0	n/a	n/a	n/a	n/a
133.72	0.018	saccade	n/a	166.8	209.4	n/a	138.6	209.9	1.1	106.0
133.74	0.256	fixation	n/a	146.3	211.6	1000.0	n/a	n/a	n/a	n/a
133.998	0.02	saccade	n/a	145.2	212.5	n/a	203.8	207.5	2.31	176.0
134.02	0.352	fixation	n/a	203.4	206.6	993.0	n/a	n/a	n/a	n/a
134.374	0.016	saccade	n/a	203.1	207.7	n/a	237.7	198.9	1.42	124.0
134.392	0.196	fixation	n/a	236.8	198.7	964.0	n/a	n/a	n/a	n/a
134.59	0.02	saccade	n/a	238.5	200.0	n/a	212.9	148.3	2.33	182.0
134.612	0.208	fixation	n/a	226.1	147.0	954.0	n/a	n/a	n/a	n/a
134.822	0.028	saccade	n/a	225.4	148.3	n/a	303.3	203.1	3.82	260.0
134.852	0.242	fixation	n/a	301.8	200.2	993.0	n/a	n/a	n/a	n/a
135.096	0.02	saccade	n/a	301.4	202.4	n/a	361.1	200.8	2.39	184.0
135.118	0.97	fixation	n/a	369.7	195.9	984.0	n/a	n/a	n/a	n/a
136.09	0.024	saccade	n/a	386.8	192.9	n/a	459.4	193.0	2.92	190.0
136.116	0.228	fixation	n/a	464.0	189.6	995.0	n/a	n/a	n/a	n/a
136.346	0.02	saccade	n/a	464.3	191.2	n/a	512.2	184.9	1.94	144.0
136.368	0.166	fixation	n/a	509.2	184.4	982.0	n/a	n/a	n/a	n/a
136.536	0.022	saccade	n/a	508.6	184.2	n/a	571.7	182.4	2.52	172.0
136.56	0.24	fixation	n/a	576.7	181.0	956.0	n/a	n/a	n/a	n/a
136.802	0.014	saccade	n/a	578.6	181.2	n/a	608.9	178.8	1.2	108.0
136.818	0.268	fixation	n/a	605.7	179.8	956.0	n/a	n/a	n/a	n/a
137.088	0.07	saccade	n/a	606.3	181.5	n/a	179.5	250.3	17.0	491.0
137.16	0.11	fixation	n/a	169.1	253.9	995.0	n/a	n/a	n/a	n/a
137.272	0.02	saccade	n/a	168.1	254.6	n/a	118.0	268.4	2.02	172.0
137.294	0.222	fixation	n/a	130.3	268.4	983.0	n/a	n/a	n/a	n/a
137.518	0.022	saccade	n/a	129.6	270.5	n/a	220.1	262.6	3.54	260.0
137.542	0.304	fixation	n/a	234.1	262.8	961.0	n/a	n/a	n/a	n/a
137.848	0.02	saccade	n/a	236.3	263.7	n/a	194.4	267.2	1.66	136.0
137.87	0.256	fixation	n/a	204.9	269.1	958.0	n/a	n/a	n/a	n/a
138.128	0.016	saccade	n/a	202.3	278.2	n/a	192.1	274.3	0.43	71.0
138.146	0.486	fixation	n/a	195.3	273.8	976.0	n/a	n/a	n/a	n/a
138.634	0.02	saccade	n/a	196.3	273.5	n/a	265.0	265.0	2.73	193.0
138.656	0.214	fixation	n/a	267.9	263.7	998.0	n/a	n/a	n/a	n/a
138.872	0.02	saccade	n/a	268.3	265.5	n/a	326.3	263.9	2.31	182.0
138.894	0.17	fixation	n/a	326.8	262.1	1010.0	n/a	n/a	n/a	n/a
139.066	0.018	saccade	n/a	328.0	262.8	n/a	380.3	261.9	2.09	173.0
139.086	0.196	fixation	n/a	382.9	260.1	995.0	n/a	n/a	n/a	n/a
139.284	0.02	saccade	n/a	383.3	261.5	n/a	429.7	258.6	1.86	157.0
139.306	0.256	fixation	n/a	427.1	259.5	955.0	n/a	n/a	n/a	n/a
139.564	0.016	saccade	n/a	427.4	258.2	n/a	462.0	253.2	1.4	119.0
139.582	0.032	fixation	n/a	463.8	251.7	936.0	n/a	n/a	n/a	n/a
139.616	0.024	saccade	n/a	464.3	252.2	n/a	524.2	248.1	2.4	165.0
139.642	0.418	fixation	n/a	515.6	251.7	943.0	n/a	n/a	n/a	n/a
140.062	0.02	saccade	n/a	511.4	252.2	n/a	560.0	247.4	1.94	142.0
140.084	0.16	fixation	n/a	557.1	246.9	930.0	n/a	n/a	n/a	n/a
140.246	0.064	saccade	n/a	555.2	246.8	n/a	219.2	320.3	13.58	488.0
140.312	0.132	fixation	n/a	207.6	322.7	950.0	n/a	n/a	n/a	n/a
140.446	0.022	saccade	n/a	206.4	322.7	n/a	132.3	331.0	2.89	226.0
140.47	0.114	fixation	n/a	137.5	332.0	938.0	n/a	n/a	n/a	n/a
140.586	0.136	saccade	n/a	141.7	338.1	n/a	179.3	326.9	1.52	589.0
140.634	0.018	blink	n/a	n/a	n/a	n/a	n/a	n/a	n/a	n/a
140.724	0.194	fixation	n/a	178.6	330.3	886.0	n/a	n/a	n/a	n/a
140.92	0.04	saccade	n/a	178.6	330.7	n/a	210.6	180.4	6.13	279.0
140.962	0.148	fixation	n/a	211.5	184.0	865.0	n/a	n/a	n/a	n/a
141.112	0.02	saccade	n/a	211.8	184.5	n/a	238.6	142.0	2.03	167.0
141.134	0.17	fixation	n/a	239.8	152.0	842.0	n/a	n/a	n/a	n/a
141.306	0.026	saccade	n/a	241.5	154.1	n/a	176.3	201.1	3.2	258.0
141.334	0.164	fixation	n/a	180.8	195.8	869.0	n/a	n/a	n/a	n/a
141.5	0.02	saccade	n/a	180.9	199.0	n/a	131.9	201.0	1.92	163.0
141.522	0.37	fixation	n/a	143.3	204.6	915.0	n/a	n/a	n/a	n/a
141.894	0.028	saccade	n/a	141.5	208.6	n/a	256.0	201.3	4.52	271.0
141.924	0.104	fixation	n/a	253.8	201.5	969.0	n/a	n/a	n/a	n/a
142.03	0.034	saccade	n/a	253.9	201.9	n/a	380.0	201.8	5.04	262.0
142.066	0.166	fixation	n/a	374.9	200.6	977.0	n/a	n/a	n/a	n/a
142.234	0.024	saccade	n/a	376.8	203.5	n/a	464.3	193.8	3.54	238.0
142.26	0.246	fixation	n/a	470.1	191.3	973.0	n/a	n/a	n/a	n/a
142.508	0.026	saccade	n/a	471.6	192.9	n/a	391.6	198.1	3.22	242.0
142.536	0.154	fixation	n/a	401.8	200.7	957.0	n/a	n/a	n/a	n/a
142.692	0.026	saccade	n/a	403.2	198.8	n/a	306.1	202.9	3.9	266.0
142.72	0.222	fixation	n/a	309.9	203.5	959.0	n/a	n/a	n/a	n/a
142.944	0.024	saccade	n/a	309.9	203.4	n/a	381.0	200.5	2.85	225.0
142.97	0.212	fixation	n/a	371.9	199.9	985.0	n/a	n/a	n/a	n/a
143.184	0.024	saccade	n/a	370.1	200.3	n/a	459.1	197.7	3.58	251.0
143.21	0.206	fixation	n/a	448.3	198.3	967.0	n/a	n/a	n/a	n/a
143.418	0.054	saccade	n/a	448.8	200.5	n/a	237.0	326.8	9.83	482.0
143.474	0.196	fixation	n/a	224.0	330.5	963.0	n/a	n/a	n/a	n/a
143.672	0.022	saccade	n/a	224.9	331.2	n/a	140.9	331.9	3.27	244.0
143.696	0.33	fixation	n/a	144.9	333.5	925.0	n/a	n/a	n/a	n/a
144.028	0.042	saccade	n/a	143.9	331.6	n/a	386.1	257.6	9.96	397.0
144.072	0.082	fixation	n/a	390.0	257.4	895.0	n/a	n/a	n/a	n/a
144.156	0.024	saccade	n/a	391.3	259.2	n/a	468.3	252.0	3.09	238.0
144.182	0.174	fixation	n/a	460.3	250.9	890.0	n/a	n/a	n/a	n/a
144.358	0.02	saccade	n/a	459.0	252.8	n/a	527.0	249.3	2.72	194.0
144.38	0.438	fixation	n/a	540.5	249.4	851.0	n/a	n/a	n/a	n/a
144.82	0.02	saccade	n/a	540.4	251.4	n/a	492.4	252.2	1.91	157.0
144.842	0.228	fixation	n/a	498.3	255.0	836.0	n/a	n/a	n/a	n/a
145.072	0.054	saccade	n/a	500.4	255.0	n/a	216.8	309.1	11.42	454.0
145.128	0.16	fixation	n/a	204.8	313.5	829.0	n/a	n/a	n/a	n/a
145.29	0.02	saccade	n/a	202.3	314.2	n/a	148.1	333.4	2.24	179.0
145.312	0.236	fixation	n/a	159.7	331.0	831.0	n/a	n/a	n/a	n/a
145.55	0.038	saccade	n/a	160.6	330.3	n/a	215.8	151.8	7.45	323.0
145.59	0.068	fixation	n/a	219.9	157.0	824.0	n/a	n/a	n/a	n/a
145.66	0.024	saccade	n/a	221.7	156.1	n/a	166.8	70.7	4.07	353.0
145.686	0.16	fixation	n/a	183.2	77.4	816.0	n/a	n/a	n/a	n/a
145.848	0.016	saccade	n/a	185.6	78.2	n/a	158.4	70.2	1.12	101.0
145.866	0.248	fixation	n/a	167.5	74.5	837.0	n/a	n/a	n/a	n/a
146.116	0.036	saccade	n/a	168.0	75.2	n/a	324.1	69.8	6.2	291.0
146.154	0.108	fixation	n/a	318.4	71.0	894.0	n/a	n/a	n/a	n/a
146.264	0.03	saccade	n/a	320.1	74.6	n/a	178.3	75.3	5.64	334.0
146.274	0.0	trigger_11	11	n/a	n/a	n/a	n/a	n/a	n/a	n/a
146.282	0.0	trigger_10	10	n/a	n/a	n/a	n/a	n/a	n/a	n/a
146.296	0.192	fixation	n/a	193.5	81.6	919.0	n/a	n/a	n/a	n/a
146.49	0.024	saccade	n/a	195.2	84.6	n/a	115.6	75.3	3.14	249.0
146.516	0.162	fixation	n/a	132.0	78.6	941.0	n/a	n/a	n/a	n/a
146.68	0.026	saccade	n/a	131.0	79.7	n/a	231.3	80.8	3.94	290.0
146.708	0.078	fixation	n/a	221.8	80.9	977.0	n/a	n/a	n/a	n/a
146.788	0.022	saccade	n/a	222.6	82.5	n/a	278.7	81.7	2.24	207.0
146.812	0.224	fixation	n/a	265.6	80.8	970.0	n/a	n/a	n/a	n/a
147.038	0.024	saccade	n/a	265.1	83.0	n/a	338.1	85.3	2.93	199.0
147.064	0.116	fixation	n/a	332.5	85.9	968.0	n/a	n/a	n/a	n/a
147.182	0.022	saccade	n/a	332.6	86.4	n/a	401.1	90.1	2.76	239.0
147.206	0.186	fixation	n/a	401.1	89.5	971.0	n/a	n/a	n/a	n/a
147.394	0.022	saccade	n/a	399.7	88.4	n/a	459.1	84.2	2.4	172.0
147.418	0.172	fixation	n/a	458.1	80.8	978.0	n/a	n/a	n/a	n/a
147.592	0.022	saccade	n/a	458.8	79.8	n/a	521.2	77.5	2.5	215.0
147.616	0.484	fixation	n/a	521.5	78.7	981.0	n/a	n/a	n/a	n/a
148.102	0.016	saccade	n/a	520.6	79.3	n/a	555.7	79.8	1.4	125.0
148.12	0.298	fixation	n/a	552.1	78.5	977.0	n/a	n/a	n/a	n/a
148.42	0.066	saccade	n/a	553.9	76.4	n/a	191.2	144.5	14.63	462.0
148.488	0.078	fixation	n/a	185.0	143.9	1015.0	n/a	n/a	n/a	n/a
148.568	0.03	saccade	n/a	184.7	143.7	n/a	149.5	158.6	1.51	216.0
148.6	0.22	fixation	n/a	145.6	160.7	1012.0	n/a	n/a	n/a	n/a
148.822	0.012	saccade	n/a	147.1	161.9	n/a	165.5	151.0	0.84	76.0
148.836	0.34	fixation	n/a	163.7	156.5	1018.0	n/a	n/a	n/a	n/a
149.178	0.006	saccade	n/a	163.6	154.3	n/a	173.8	147.6	0.48	69.0
149.186	0.222	fixation	n/a	173.0	146.1	1002.0	n/a	n/a	n/a	n/a
149.41	0.02	saccade	n/a	171.2	145.7	n/a	225.9	143.0	2.16	162.0
149.432	0.2	fixation	n/a	223.9	145.3	1024.0	n/a	n/a	n/a	n/a
149.634	0.02	saccade	n/a	220.9	145.7	n/a	271.3	147.8	2.01	141.0
149.656	0.184	fixation	n/a	265.7	143.6	1013.0	n/a	n/a	n/a	n/a
149.842	0.022	saccade	n/a	265.5	142.6	n/a	331.0	145.1	2.63	204.0
149.866	0.216	fixation	n/a	328.3	143.8	991.0	n/a	n/a	n/a	n/a
150.084	0.022	saccade	n/a	327.8	145.0	n/a	397.9	144.1	2.82	186.0
150.108	0.186	fixation	n/a	411.1	143.4	974.0	n/a	n/a	n/a	n/a
150.296	0.022	saccade	n/a	407.7	143.3	n/a	470.0	138.8	2.51	178.0
150.32	0.186	fixation	n/a	467.0	138.0	973.0	n/a	n/a	n/a	n/a
150.508	0.024	saccade	n/a	466.4	138.0	n/a	542.2	133.3	3.04	201.0
150.534	0.198	fixation	n/a	546.1	132.5	965.0	n/a	n/a	n/a	n/a
150.734	0.02	saccade	n/a	547.0	134.3	n/a	590.8	130.9	1.74	148.0
150.756	0.288	fixation	n/a	588.7	130.3	947.0	n/a	n/a	n/a	n/a
151.046	0.066	saccade	n/a	590.9	133.0	n/a	195.4	198.3	15.82	496.0
151.114	0.108	fixation	n/a	186.6	198.7	976.0	n/a	n/a	n/a	n/a
151.224	0.022	saccade	n/a	186.0	198.9	n/a	117.2	210.7	2.72	222.0
151.248	0.196	fixation	n/a	133.0	207.9	967.0	n/a	n/a	n/a	n/a
151.446	0.026	saccade	n/a	134.7	209.6	n/a	246.2	199.4	4.4	313.0
151.474	0.148	fixation	n/a	246.2	198.5	968.0	n/a	n/a	n/a	n/a
151.624	0.022	saccade	n/a	246.1	197.4	n/a	210.6	202.6	1.42	163.0
151.648	0.134	fixation	n/a	218.3	201.8	968.0	n/a	n/a	n/a	n/a
151.784	0.026	saccade	n/a	218.1	201.4	n/a	313.0	196.7	3.78	250.0
151.812	0.166	fixation	n/a	306.6	199.8	977.0	n/a	n/a	n/a	n/a
151.98	0.056	saccade	n/a	309.9	212.7	n/a	314.3	194.0	0.78	343.0
152.038	0.14	fixation	n/a	320.4	204.5	972.0	n/a	n/a	n/a	n/a
152.18	0.018	saccade	n/a	319.3	202.8	n/a	275.1	206.9	1.77	154.0
152.2	0.156	fixation	n/a	284.2	208.1	961.0	n/a	n/a	n/a	n/a
152.358	0.09	saccade	n/a	286.0	213.9	n/a	377.5	200.5	3.71	456.0
152.45	0.11	fixation	n/a	387.2	210.3	907.0	n/a	n/a	n/a	n/a
152.562	0.02	saccade	n/a	388.1	213.0	n/a	433.8	203.7	1.87	159.0
152.584	0.274	fixation	n/a	430.1	204.0	885.0	n/a	n/a	n/a	n/a
152.86	0.022	saccade	n/a	430.3	204.5	n/a	491.0	200.1	2.44	162.0
152.884	0.262	fixation	n/a	493.9	198.1	858.0	n/a	n/a	n/a	n/a
153.148	0.022	saccade	n/a	493.5	199.5	n/a	566.1	193.5	2.9	191.0
153.172	0.574	fixation	n/a	564.9	190.4	854.0	n/a	n/a	n/a	n/a
153.748	0.03	saccade	n/a	564.5	192.4	n/a	440.3	197.8	4.96	294.0
153.78	0.138	fixation	n/a	444.3	196.8	860.0	n/a	n/a	n/a	n/a
153.92	0.02	saccade	n/a	444.7	196.3	n/a	399.2	199.4	1.83	151.0
153.942	0.45	fixation	n/a	408.0	200.4	888.0	n/a	n/a	n/a	n/a
154.394	0.036	saccade	n/a	407.1	204.2	n/a	540.1	191.5	5.34	258.0
154.432	0.158	fixation	n/a	534.8	190.1	895.0	n/a	n/a	n/a	n/a
154.592	0.018	saccade	n/a	535.5	191.9	n/a	577.3	192.1	1.66	140.0
154.612	0.372	fixation	n/a	572.2	187.9	883.0	n/a	n/a	n/a	n/a
154.986	0.018	saccade	n/a	572.3	190.6	n/a	614.8	188.7	1.68	132.0
155.006	0.214	fixation	n/a	608.7	188.0	878.0	n/a	n/a	n/a	n/a
155.222	0.066	saccade	n/a	606.9	187.6	n/a	177.2	264.9	17.13	531.0
155.29	0.104	fixation	n/a	162.1	267.3	879.0	n/a	n/a	n/a	n/a
155.396	0.024	saccade	n/a	162.9	270.1	n/a	120.4	261.9	1.68	161.0
155.422	0.23	fixation	n/a	128.7	262.6	846.0	n/a	n/a	n/a	n/a
155.654	0.022	saccade	n/a	128.6	263.3	n/a	187.9	261.3	2.31	177.0
155.678	0.1	fixation	n/a	186.2	262.8	833.0	n/a	n/a	n/a	n/a
155.78	0.022	saccade	n/a	186.6	264.7	n/a	240.3	262.5	2.12	168.0
155.804	0.246	fixation	n/a	233.6	262.5	846.0	n/a	n/a	n/a	n/a
156.052	0.016	saccade	n/a	233.1	267.6	n/a	269.2	256.3	1.5	133.0
156.07	0.184	fixation	n/a	263.3	256.3	875.0	n/a	n/a	n/a	n/a
156.256	0.038	saccade	n/a	263.1	254.6	n/a	199.8	156.2	4.7	250.0
156.296	0.048	fixation	n/a	202.7	161.2	875.0	n/a	n/a	n/a	n/a
156.346	0.026	saccade	n/a	202.9	160.8	n/a	162.9	73.1	3.88	348.0
156.374	0.178	fixation	n/a	165.7	81.3	854.0	n/a	n/a	n/a	n/a
156.554	0.02	saccade	n/a	166.7	80.4	n/a	133.5	67.0	1.4	141.0
156.576	0.332	fixation	n/a	141.1	72.0	863.0	n/a	n/a	n/a	n/a
156.91	0.038	saccade	n/a	139.7	73.6	n/a	227.0	265.3	8.43	457.0
156.95	0.254	fixation	n/a	228.1	260.9	965.0	n/a	n/a	n/a	n/a
157.206	0.018	saccade	n/a	228.3	262.7	n/a	255.8	265.3	1.09	115.0
157.226	0.196	fixation	n/a	250.0	266.9	964.0	n/a	n/a	n/a	n/a
157.424	0.038	saccade	n/a	252.7	269.8	n/a	183.0	65.9	8.66	376.0
157.464	0.144	fixation	n/a	178.0	68.8	843.0	n/a	n/a	n/a	n/a
157.604	0.0	trigger_11	11	n/a	n/a	n/a	n/a	n/a	n/a	n/a
157.608	0.0	trigger_10	10	n/a	n/a	n/a	n/a	n/a	n/a	n/a
157.61	0.02	saccade	n/a	177.1	70.8	n/a	129.5	72.0	1.86	161.0
157.632	0.284	fixation	n/a	141.5	71.8	814.0	n/a	n/a	n/a	n/a
157.918	0.026	saccade	n/a	141.8	72.8	n/a	229.4	66.6	3.46	225.0
157.946	0.152	fixation	n/a	228.1	70.1	879.0	n/a	n/a	n/a	n/a
158.1	0.02	saccade	n/a	228.2	74.9	n/a	313.6	80.9	3.42	292.0
158.122	0.194	fixation	n/a	321.8	81.4	932.0	n/a	n/a	n/a	n/a
158.318	0.02	saccade	n/a	325.4	83.8	n/a	377.8	85.6	2.11	152.0
158.34	0.184	fixation	n/a	372.0	84.8	944.0	n/a	n/a	n/a	n/a
158.526	0.02	saccade	n/a	373.0	86.5	n/a	430.2	86.5	2.31	169.0
158.548	0.268	fixation	n/a	425.6	88.3	962.0	n/a	n/a	n/a	n/a
158.818	0.03	saccade	n/a	427.4	91.6	n/a	525.2	81.7	3.95	197.0
158.85	0.188	fixation	n/a	522.6	82.1	993.0	n/a	n/a	n/a	n/a
159.04	0.02	saccade	n/a	522.6	84.0	n/a	572.8	84.7	2.0	171.0
159.062	0.236	fixation	n/a	569.7	83.9	1011.0	n/a	n/a	n/a	n/a
159.3	0.066	saccade	n/a	570.0	85.7	n/a	182.1	143.7	15.51	541.0
159.368	0.116	fixation	n/a	168.5	143.7	1018.0	n/a	n/a	n/a	n/a
159.486	0.02	saccade	n/a	169.7	146.1	n/a	114.4	156.4	2.2	190.0
159.508	0.14	fixation	n/a	126.7	158.6	1003.0	n/a	n/a	n/a	n/a
159.65	0.106	saccade	n/a	129.6	168.4	n/a	160.4	153.5	1.34	724.0
159.758	0.094	fixation	n/a	158.8	152.8	1009.0	n/a	n/a	n/a	n/a
159.854	0.024	saccade	n/a	157.3	151.3	n/a	221.1	99.5	3.28	241.0
159.88	0.176	fixation	n/a	218.7	100.5	988.0	n/a	n/a	n/a	n/a
160.058	0.028	saccade	n/a	219.1	100.7	n/a	300.5	94.0	3.26	178.0
160.088	0.44	fixation	n/a	297.6	90.0	954.0	n/a	n/a	n/a	n/a
160.53	0.02	saccade	n/a	295.4	89.0	n/a	356.2	87.6	2.44	206.0
160.552	0.29	fixation	n/a	353.4	83.5	906.0	n/a	n/a	n/a	n/a
160.844	0.02	saccade	n/a	354.9	83.2	n/a	320.4	77.8	1.41	139.0
160.866	0.616	fixation	n/a	329.1	78.9	875.0	n/a	n/a	n/a	n/a
161.484	0.018	saccade	n/a	332.0	85.5	n/a	375.3	88.8	1.75	146.0
161.504	0.194	fixation	n/a	372.7	88.7	932.0	n/a	n/a	n/a	n/a
161.7	0.01	saccade	n/a	373.3	96.0	n/a	393.6	94.3	0.82	86.0
161.712	0.196	fixation	n/a	401.3	95.6	948.0	n/a	n/a	n/a	n/a
161.91	0.024	saccade	n/a	400.9	96.2	n/a	477.3	81.8	3.13	203.0
161.936	0.252	fixation	n/a	475.6	82.1	934.0	n/a	n/a	n/a	n/a
162.19	0.026	saccade	n/a	476.4	84.0	n/a	558.9	79.7	3.3	175.0
162.218	0.266	fixation	n/a	562.8	82.6	942.0	n/a	n/a	n/a	n/a
162.486	0.07	saccade	n/a	566.0	83.8	n/a	168.4	147.0	15.89	494.0
162.558	0.16	fixation	n/a	157.8	146.0	931.0	n/a	n/a	n/a	n/a
162.72	0.02	saccade	n/a	158.1	146.0	n/a	118.2	148.7	1.56	157.0
162.742	0.148	fixation	n/a	129.6	147.7	925.0	n/a	n/a	n/a	n/a
162.892	0.022	saccade	n/a	130.6	149.6	n/a	152.1	75.6	3.09	221.0
162.916	0.212	fixation	n/a	153.7	76.0	906.0	n/a	n/a	n/a	n/a
163.13	0.024	saccade	n/a	153.4	78.5	n/a	249.9	82.2	3.81	278.0
163.156	0.232	fixation	n/a	251.7	83.0	934.0	n/a	n/a	n/a	n/a
163.39	0.026	saccade	n/a	254.6	86.0	n/a	147.5	93.3	4.24	315.0
163.418	0.372	fixation	n/a	153.0	95.9	961.0	n/a	n/a	n/a	n/a
163.596	0.0	trigger_11	11	n/a	n/a	n/a	n/a	n/a	n/a	n/a
163.604	0.0	trigger_10	10	n/a	n/a	n/a	n/a	n/a	n/a	n/a
163.792	0.02	saccade	n/a	158.2	103.1	n/a	117.8	86.5	1.71	147.0
163.814	0.362	fixation	n/a	131.0	93.4	999.0	n/a	n/a	n/a	n/a
164.178	0.018	saccade	n/a	126.6	89.9	n/a	110.8	88.1	0.62	78.0
164.198	0.132	fixation	n/a	116.2	88.9	952.0	n/a	n/a	n/a	n/a
164.332	0.128	saccade	n/a	121.2	95.5	n/a	136.3	83.0	0.77	988.0
164.36	0.042	blink	n/a	n/a	n/a	n/a	n/a	n/a	n/a	n/a
164.462	0.16	fixation	n/a	136.8	82.9	940.0	n/a	n/a	n/a	n/a
164.624	0.018	saccade	n/a	135.2	81.0	n/a	183.9	84.4	1.91	161.0
164.644	0.71	fixation	n/a	180.4	82.6	955.0	n/a	n/a	n/a	n/a
165.356	0.022	saccade	n/a	180.2	86.3	n/a	245.1	88.2	2.57	206.0
165.38	0.356	fixation	n/a	245.6	87.1	1015.0	n/a	n/a	n/a	n/a
165.738	0.022	saccade	n/a	250.5	87.8	n/a	192.0	83.7	2.33	191.0
165.762	0.184	fixation	n/a	200.1	87.3	1023.0	n/a	n/a	n/a	n/a
165.948	0.164	saccade	n/a	201.3	97.0	n/a	230.5	96.9	1.16	792.0
165.98	0.062	blink	n/a	n/a	n/a	n/a	n/a	n/a	n/a	n/a
166.114	0.13	fixation	n/a	229.3	98.0	1059.0	n/a	n/a	n/a	n/a
166.246	0.016	saccade	n/a	229.0	98.1	n/a	263.7	95.3	1.39	116.0
166.264	0.3	fixation	n/a	262.2	88.9	1042.0	n/a	n/a	n/a	n/a
166.566	0.014	saccade	n/a	258.1	82.1	n/a	236.8	80.2	0.85	81.0
166.582	0.138	fixation	n/a	244.0	83.2	992.0	n/a	n/a	n/a	n/a
166.722	0.028	saccade	n/a	243.8	81.7	n/a	119.2	75.3	4.9	324.0
166.752	0.512	fixation	n/a	118.7	83.5	1009.0	n/a	n/a	n/a	n/a
167.266	0.022	saccade	n/a	113.5	82.9	n/a	186.6	84.0	2.86	212.0
167.29	0.388	fixation	n/a	192.4	83.6	1034.0	n/a	n/a	n/a	n/a
167.68	0.01	saccade	n/a	193.4	85.9	n/a	173.4	85.1	0.79	81.0
167.692	0.26	fixation	n/a	177.6	86.4	1051.0	n/a	n/a	n/a	n/a
167.954	0.024	saccade	n/a	176.8	87.8	n/a	261.4	85.1	3.35	247.0
167.98	0.116	fixation	n/a	262.9	84.3	1073.0	n/a	n/a	n/a	n/a
168.098	0.128	saccade	n/a	265.0	92.3	n/a	283.9	94.7	0.76	1059.0
168.124	0.048	blink	n/a	n/a	n/a	n/a	n/a	n/a	n/a	n/a
168.228	0.196	fixation	n/a	283.7	94.8	1075.0	n/a	n/a	n/a	n/a
168.426	0.02	saccade	n/a	282.2	92.1	n/a	338.7	90.4	2.27	196.0
168.448	0.38	fixation	n/a	336.7	88.0	996.0	n/a	n/a	n/a	n/a
168.83	0.02	saccade	n/a	341.6	90.2	n/a	311.7	85.7	1.21	123.0
168.852	0.264	fixation	n/a	317.3	90.2	972.0	n/a	n/a	n/a	n/a
169.118	0.024	saccade	n/a	316.0	91.9	n/a	243.9	81.1	2.92	224.0
169.144	0.226	fixation	n/a	254.5	87.3	1014.0	n/a	n/a	n/a	n/a
169.372	0.164	saccade	n/a	257.0	98.7	n/a	327.6	100.5	2.82	1021.0
169.4	0.082	blink	n/a	n/a	n/a	n/a	n/a	n/a	n/a	n/a
169.538	0.236	fixation	n/a	325.2	99.4	1072.0	n/a	n/a	n/a	n/a
169.776	0.012	saccade	n/a	324.7	99.3	n/a	346.9	92.9	0.93	88.0
169.79	0.21	fixation	n/a	344.4	95.8	1051.0	n/a	n/a	n/a	n/a
170.002	0.01	saccade	n/a	345.3	99.6	n/a	329.2	92.5	0.71	75.0
170.014	0.338	fixation	n/a	335.5	91.9	977.0	n/a	n/a	n/a	n/a
170.354	0.014	saccade	n/a	335.9	89.6	n/a	364.5	88.4	1.15	104.0
170.37	0.34	fixation	n/a	360.5	86.3	975.0	n/a	n/a	n/a	n/a
170.712	0.02	saccade	n/a	358.3	85.8	n/a	410.7	85.7	2.11	162.0
170.734	0.32	fixation	n/a	409.8	83.6	991.0	n/a	n/a	n/a	n/a
171.056	0.022	saccade	n/a	409.0	86.3	n/a	470.0	76.2	2.49	150.0
171.08	0.18	fixation	n/a	482.1	76.3	995.0	n/a	n/a	n/a	n/a
171.262	0.02	saccade	n/a	481.4	77.5	n/a	536.6	79.6	2.21	160.0
171.284	0.182	fixation	n/a	531.7	79.0	1002.0	n/a	n/a	n/a	n/a
171.468	0.024	saccade	n/a	533.7	81.4	n/a	472.9	78.1	2.44	192.0
171.494	0.28	fixation	n/a	487.6	78.2	983.0	n/a	n/a	n/a	n/a
171.776	0.02	saccade	n/a	487.4	79.1	n/a	543.6	75.6	2.25	165.0
171.798	0.316	fixation	n/a	541.7	75.7	984.0	n/a	n/a	n/a	n/a
172.116	0.07	saccade	n/a	542.8	76.1	n/a	153.1	135.5	15.56	474.0
172.188	0.126	fixation	n/a	139.8	136.4	1023.0	n/a	n/a	n/a	n/a
172.316	0.012	saccade	n/a	139.9	137.9	n/a	115.6	138.1	0.95	86.0
172.33	0.356	fixation	n/a	121.5	140.3	992.0	n/a	n/a	n/a	n/a
172.688	0.014	saccade	n/a	124.6	143.2	n/a	152.2	140.0	1.08	94.0
172.704	0.224	fixation	n/a	153.4	141.4	988.0	n/a	n/a	n/a	n/a
172.93	0.018	saccade	n/a	152.6	142.4	n/a	195.3	136.4	1.7	144.0
172.95	0.32	fixation	n/a	192.1	137.2	1032.0	n/a	n/a	n/a	n/a
173.272	0.016	saccade	n/a	191.8	138.5	n/a	193.4	103.1	1.43	128.0
173.29	0.35	fixation	n/a	196.0	102.6	1036.0	n/a	n/a	n/a	n/a
173.642	0.02	saccade	n/a	195.3	104.9	n/a	221.8	140.8	1.79	146.0
173.664	0.19	fixation	n/a	217.7	135.3	1074.0	n/a	n/a	n/a	n/a
173.856	0.018	saccade	n/a	218.3	135.3	n/a	267.8	137.3	1.97	165.0
173.876	0.202	fixation	n/a	265.5	137.3	1081.0	n/a	n/a	n/a	n/a
174.08	0.022	saccade	n/a	263.1	136.0	n/a	327.8	138.2	2.59	192.0
174.104	0.258	fixation	n/a	328.0	135.9	1062.0	n/a	n/a	n/a	n/a
174.364	0.022	saccade	n/a	327.2	136.3	n/a	388.0	136.2	2.45	183.0
174.388	0.158	fixation	n/a	387.1	135.2	1023.0	n/a	n/a	n/a	n/a
174.548	0.028	saccade	n/a	388.3	135.2	n/a	283.3	132.7	4.22	284.0
174.578	0.15	fixation	n/a	286.1	135.6	1003.0	n/a	n/a	n/a	n/a
174.73	0.016	saccade	n/a	285.4	134.8	n/a	250.1	134.4	1.41	130.0
174.748	0.262	fixation	n/a	259.7	137.2	1020.0	n/a	n/a	n/a	n/a
175.012	0.024	saccade	n/a	258.5	139.5	n/a	343.3	132.2	3.41	240.0
175.038	0.22	fixation	n/a	341.7	131.7	1049.0	n/a	n/a	n/a	n/a
175.26	0.022	saccade	n/a	340.4	132.9	n/a	404.4	136.9	2.58	192.0
175.284	0.14	fixation	n/a	402.9	134.9	1046.0	n/a	n/a	n/a	n/a
175.426	0.02	saccade	n/a	402.8	134.4	n/a	455.6	130.6	2.13	168.0
175.448	0.192	fixation	n/a	445.6	131.4	1023.0	n/a	n/a	n/a	n/a
175.642	0.026	saccade	n/a	444.0	130.4	n/a	540.4	130.5	3.86	242.0
175.67	0.144	fixation	n/a	534.9	128.2	989.0	n/a	n/a	n/a	n/a
175.816	0.06	saccade	n/a	540.1	129.3	n/a	221.2	85.2	12.81	510.0
175.878	0.14	fixation	n/a	212.2	81.3	977.0	n/a	n/a	n/a	n/a
176.02	0.022	saccade	n/a	211.8	81.6	n/a	144.7	69.7	2.68	223.0
176.044	0.132	fixation	n/a	162.5	75.2	968.0	n/a	n/a	n/a	n/a
176.178	0.022	saccade	n/a	166.3	76.7	n/a	126.0	70.6	1.59	167.0
176.202	0.334	fixation	n/a	135.6	72.1	978.0	n/a	n/a	n/a	n/a
176.538	0.116	saccade	n/a	141.5	84.0	n/a	204.6	83.1	2.48	1068.0
176.566	0.034	blink	n/a	n/a	n/a	n/a	n/a	n/a	n/a	n/a
176.656	0.434	fixation	n/a	203.9	87.5	1061.0	n/a	n/a	n/a	n/a
177.092	0.006	saccade	n/a	201.7	86.8	n/a	193.6	83.4	0.35	53.0
177.1	0.62	fixation	n/a	193.3	83.0	1028.0	n/a	n/a	n/a	n/a
177.722	0.024	saccade	n/a	188.6	84.5	n/a	257.3	84.9	2.72	214.0
177.748	0.436	fixation	n/a	255.0	87.7	1071.0	n/a	n/a	n/a	n/a
178.186	0.014	saccade	n/a	256.5	91.1	n/a	228.4	85.6	1.14	106.0
178.202	0.386	fixation	n/a	236.8	86.8	1057.0	n/a	n/a	n/a	n/a
178.59	0.032	saccade	n/a	238.2	86.9	n/a	114.0	83.5	4.88	274.0
178.624	0.526	fixation	n/a	127.5	88.9	1071.0	n/a	n/a	n/a	n/a
179.152	0.038	saccade	n/a	127.8	85.0	n/a	264.7	85.9	5.4	239.0
179.192	0.146	fixation	n/a	258.5	84.4	1074.0	n/a	n/a	n/a	n/a
179.34	0.026	saccade	n/a	256.3	85.3	n/a	355.1	87.0	3.96	273.0
179.368	0.2	fixation	n/a	350.2	88.7	1095.0	n/a	n/a	n/a	n/a
179.57	0.024	saccade	n/a	348.5	92.4	n/a	440.5	85.0	3.72	244.0
179.596	0.256	fixation	n/a	441.9	87.9	1107.0	n/a	n/a	n/a	n/a
179.854	0.02	saccade	n/a	444.3	88.3	n/a	405.4	88.9	1.57	127.0
179.876	0.324	fixation	n/a	416.4	92.1	1089.0	n/a	n/a	n/a	n/a
180.202	0.028	saccade	n/a	417.7	93.5	n/a	521.8	81.8	4.21	241.0
180.232	0.266	fixation	n/a	524.9	82.5	1068.0	n/a	n/a	n/a	n/a
180.5	0.01	saccade	n/a	527.1	85.6	n/a	544.9	84.9	0.71	74.0
180.512	0.06	fixation	n/a	546.4	84.9	1067.0	n/a	n/a	n/a	n/a
180.574	0.066	saccade	n/a	547.2	83.9	n/a	185.4	137.4	14.49	494.0
180.642	0.186	fixation	n/a	170.3	138.7	1075.0	n/a	n/a	n/a	n/a
180.83	0.024	saccade	n/a	168.1	137.4	n/a	258.9	143.1	3.6	270.0
180.856	0.212	fixation	n/a	249.9	141.7	1063.0	n/a	n/a	n/a	n/a
181.07	0.022	saccade	n/a	249.2	143.7	n/a	313.8	139.9	2.59	212.0
181.094	0.21	fixation	n/a	305.3	138.8	1027.0	n/a	n/a	n/a	n/a
181.306	0.018	saccade	n/a	306.3	139.5	n/a	264.5	134.9	1.69	145.0
181.326	0.206	fixation	n/a	275.4	135.7	997.0	n/a	n/a	n/a	n/a
181.534	0.024	saccade	n/a	272.7	136.6	n/a	350.6	136.6	3.12	232.0
181.56	0.08	fixation	n/a	340.9	127.6	1017.0	n/a	n/a	n/a	n/a
181.642	0.004	saccade	n/a	339.9	117.6	n/a	340.8	129.5	0.49	61.0
181.648	0.222	fixation	n/a	342.6	137.9	1022.0	n/a	n/a	n/a	n/a
181.872	0.018	saccade	n/a	345.0	140.9	n/a	301.6	138.7	1.75	146.0
181.892	0.266	fixation	n/a	314.0	138.9	1006.0	n/a	n/a	n/a	n/a
182.16	0.022	saccade	n/a	313.1	137.1	n/a	383.1	138.1	2.82	212.0
182.184	0.242	fixation	n/a	390.5	135.8	1020.0	n/a	n/a	n/a	n/a
182.428	0.02	saccade	n/a	390.5	137.5	n/a	434.6	137.0	1.78	154.0
182.45	0.326	fixation	n/a	428.0	137.9	1025.0	n/a	n/a	n/a	n/a
182.778	0.018	saccade	n/a	428.0	141.3	n/a	474.7	134.1	1.9	138.0
182.798	0.19	fixation	n/a	474.5	134.4	998.0	n/a	n/a	n/a	n/a
182.99	0.02	saccade	n/a	473.8	134.6	n/a	525.5	130.8	2.08	150.0
183.012	0.12	fixation	n/a	532.0	132.5	992.0	n/a	n/a	n/a	n/a
183.134	0.148	saccade	n/a	525.9	148.4	n/a	505.2	168.8	1.17	909.0
183.158	0.072	blink	n/a	n/a	n/a	n/a	n/a	n/a	n/a	n/a
183.284	0.092	fixation	n/a	504.2	152.1	1002.0	n/a	n/a	n/a	n/a
183.378	0.042	saccade	n/a	502.0	145.4	n/a	286.0	146.6	8.64	398.0
183.422	0.148	fixation	n/a	295.3	148.7	1008.0	n/a	n/a	n/a	n/a
183.572	0.022	saccade	n/a	296.4	144.3	n/a	232.4	140.9	2.55	232.0
183.596	0.104	fixation	n/a	244.7	140.9	979.0	n/a	n/a	n/a	n/a
183.702	0.026	saccade	n/a	244.2	140.7	n/a	183.0	139.0	2.42	227.0
183.73	0.26	fixation	n/a	190.4	137.5	921.0	n/a	n/a	n/a	n/a
183.992	0.024	saccade	n/a	188.7	137.0	n/a	255.3	133.6	2.64	196.0
184.018	0.406	fixation	n/a	252.5	134.8	926.0	n/a	n/a	n/a	n/a
184.426	0.018	saccade	n/a	252.8	142.1	n/a	300.8	142.3	1.92	167.0
184.446	0.122	fixation	n/a	295.4	143.3	938.0	n/a	n/a	n/a	n/a
184.57	0.006	saccade	n/a	294.1	138.0	n/a	291.6	129.6	0.36	50.0
184.578	0.09	fixation	n/a	292.7	136.3	922.0	n/a	n/a	n/a	n/a
184.67	0.16	saccade	n/a	298.1	146.1	n/a	294.3	147.8	0.17	1040.0
184.698	0.076	blink	n/a	n/a	n/a	n/a	n/a	n/a	n/a	n/a
184.832	0.32	fixation	n/a	296.5	149.1	945.0	n/a	n/a	n/a	n/a
185.154	0.022	saccade	n/a	296.0	148.4	n/a	353.0	146.9	2.29	163.0
185.178	0.314	fixation	n/a	347.5	144.4	937.0	n/a	n/a	n/a	n/a
185.494	0.014	saccade	n/a	347.8	143.1	n/a	318.4	140.0	1.19	116.0
185.51	0.45	fixation	n/a	325.6	142.9	941.0	n/a	n/a	n/a	n/a
185.962	0.02	saccade	n/a	324.2	146.0	n/a	385.6	142.5	2.47	183.0
185.984	0.36	fixation	n/a	390.7	142.0	1034.0	n/a	n/a	n/a	n/a
186.346	0.018	saccade	n/a	389.1	143.2	n/a	350.8	144.5	1.54	137.0
186.366	0.27	fixation	n/a	361.5	143.8	1094.0	n/a	n/a	n/a	n/a
186.638	0.018	saccade	n/a	361.7	143.7	n/a	403.7	143.1	1.69	146.0
186.658	0.5	fixation	n/a	404.9	144.6	1094.0	n/a	n/a	n/a	n/a
187.16	0.016	saccade	n/a	406.4	146.3	n/a	368.8	135.5	1.58	133.0
187.178	0.172	fixation	n/a	376.9	137.3	1048.0	n/a	n/a	n/a	n/a
187.352	0.066	saccade	n/a	376.9	137.1	n/a	216.6	82.8	6.78	253.0
187.42	0.088	fixation	n/a	227.6	88.1	1058.0	n/a	n/a	n/a	n/a
187.51	0.024	saccade	n/a	229.3	89.5	n/a	144.1	85.5	3.36	271.0
187.536	0.124	fixation	n/a	157.6	89.4	1061.0	n/a	n/a	n/a	n/a
187.662	0.016	saccade	n/a	156.0	90.1	n/a	122.0	88.3	1.33	119.0
187.68	0.192	fixation	n/a	130.1	89.8	1059.0	n/a	n/a	n/a	n/a
187.874	0.022	saccade	n/a	129.1	91.6	n/a	190.1	84.8	2.4	184.0
187.898	0.49	fixation	n/a	178.0	86.4	1065.0	n/a	n/a	n/a	n/a
188.39	0.024	saccade	n/a	177.9	87.0	n/a	248.8	85.6	2.81	188.0
188.416	1.1	fixation	n/a	253.7	91.1	1078.0	n/a	n/a	n/a	n/a
189.518	0.03	saccade	n/a	272.6	89.8	n/a	162.6	82.1	4.37	261.0
189.55	0.144	fixation	n/a	175.5	85.7	1020.0	n/a	n/a	n/a	n/a
189.696	0.022	saccade	n/a	176.0	85.6	n/a	112.1	88.2	2.5	205.0
189.72	0.178	fixation	n/a	127.5	89.1	1018.0	n/a	n/a	n/a	n/a
189.9	0.032	saccade	n/a	127.4	86.9	n/a	254.3	86.0	5.0	273.0
189.934	0.302	fixation	n/a	246.4	87.3	1071.0	n/a	n/a	n/a	n/a
190.238	0.024	saccade	n/a	247.2	90.2	n/a	325.4	85.1	3.13	214.0
190.264	0.314	fixation	n/a	325.4	86.7	1077.0	n/a	n/a	n/a	n/a
190.58	0.024	saccade	n/a	324.9	87.6	n/a	252.1	87.4	2.91	215.0
190.606	0.268	fixation	n/a	260.4	90.6	1089.0	n/a	n/a	n/a	n/a
190.876	0.026	saccade	n/a	257.7	91.9	n/a	345.7	89.9	3.52	234.0
190.904	0.188	fixation	n/a	339.4	88.7	1094.0	n/a	n/a	n/a	n/a
191.094	0.024	saccade	n/a	340.6	88.0	n/a	415.1	87.1	3.0	211.0
191.12	0.178	fixation	n/a	422.3	86.6	1072.0	n/a	n/a	n/a	n/a
191.3	0.024	saccade	n/a	421.3	88.3	n/a	499.4	83.6	3.15	206.0
191.326	0.304	fixation	n/a	497.2	80.2	1032.0	n/a	n/a	n/a	n/a
191.632	0.02	saccade	n/a	496.4	82.8	n/a	545.5	77.6	1.98	163.0
191.654	0.176	fixation	n/a	537.5	76.9	1021.0	n/a	n/a	n/a	n/a
191.832	0.066	saccade	n/a	538.1	76.8	n/a	168.6	124.9	14.73	485.0
191.9	0.152	fixation	n/a	154.0	124.4	1024.0	n/a	n/a	n/a	n/a
192.054	0.034	saccade	n/a	154.4	124.2	n/a	217.1	126.1	2.47	272.0
192.09	0.132	fixation	n/a	225.3	130.6	1053.0	n/a	n/a	n/a	n/a
192.224	0.028	saccade	n/a	227.1	133.0	n/a	321.5	134.5	3.77	268.0
192.254	0.276	fixation	n/a	314.8	134.0	1069.0	n/a	n/a	n/a	n/a
192.532	0.024	saccade	n/a	314.6	135.3	n/a	404.4	133.8	3.61	260.0
192.558	0.334	fixation	n/a	401.1	133.4	1050.0	n/a	n/a	n/a	n/a
192.894	0.02	saccade	n/a	398.7	134.7	n/a	455.9	132.9	2.3	178.0
192.916	0.156	fixation	n/a	452.1	133.8	1051.0	n/a	n/a	n/a	n/a
193.074	0.022	saccade	n/a	452.0	134.3	n/a	518.5	131.4	2.67	180.0
193.098	0.242	fixation	n/a	518.2	132.6	1031.0	n/a	n/a	n/a	n/a
193.342	0.018	saccade	n/a	519.0	140.8	n/a	524.8	133.7	0.37	70.0
193.362	0.1	fixation	n/a	524.2	128.1	1018.0	n/a	n/a	n/a	n/a
193.464	0.06	saccade	n/a	523.5	126.8	n/a	231.1	99.4	11.7	441.0
193.526	0.12	fixation	n/a	218.6	95.6	996.0	n/a	n/a	n/a	n/a
193.648	0.024	saccade	n/a	217.3	94.5	n/a	128.9	77.4	3.54	278.0
193.674	0.33	fixation	n/a	140.4	83.3	986.0	n/a	n/a	n/a	n/a
194.006	0.016	saccade	n/a	141.0	86.6	n/a	132.3	77.9	0.49	69.0
194.024	0.47	fixation	n/a	134.3	86.2	993.0	n/a	n/a	n/a	n/a
194.246	0.0	trigger_11	11	n/a	n/a	n/a	n/a	n/a	n/a	n/a
194.254	0.0	trigger_12	12	n/a	n/a	n/a	n/a	n/a	n/a	n/a
194.496	0.018	saccade	n/a	135.0	90.7	n/a	107.0	86.1	1.1	106.0
194.516	0.118	fixation	n/a	115.8	92.4	1000.0	n/a	n/a	n/a	n/a
194.636	0.022	saccade	n/a	114.4	99.8	n/a	167.8	92.5	2.1	138.0
194.66	0.186	fixation	n/a	171.1	92.4	1000.0	n/a	n/a	n/a	n/a
194.848	0.018	saccade	n/a	168.9	91.7	n/a	222.1	88.0	2.1	180.0
194.868	0.176	fixation	n/a	215.1	87.2	967.0	n/a	n/a	n/a	n/a
195.046	0.022	saccade	n/a	213.9	87.7	n/a	269.2	87.8	2.2	153.0
195.07	0.15	fixation	n/a	264.6	86.5	953.0	n/a	n/a	n/a	n/a
195.222	0.024	saccade	n/a	264.7	86.0	n/a	353.0	92.9	3.56	265.0
195.248	0.236	fixation	n/a	353.8	90.0	946.0	n/a	n/a	n/a	n/a
195.486	0.022	saccade	n/a	356.1	90.5	n/a	421.9	91.3	2.65	178.0
195.51	0.22	fixation	n/a	422.5	89.3	946.0	n/a	n/a	n/a	n/a
195.732	0.02	saccade	n/a	420.8	89.3	n/a	473.7	83.9	2.14	164.0
195.754	0.034	fixation	n/a	467.2	83.6	956.0	n/a	n/a	n/a	n/a
195.79	0.022	saccade	n/a	466.3	85.4	n/a	526.3	81.1	2.41	169.0
195.814	0.462	fixation	n/a	514.0	83.3	995.0	n/a	n/a	n/a	n/a
196.278	0.072	saccade	n/a	517.0	88.3	n/a	210.6	121.6	12.26	326.0
196.352	0.218	fixation	n/a	200.3	120.5	1029.0	n/a	n/a	n/a	n/a
196.572	0.044	saccade	n/a	199.5	121.5	n/a	448.7	87.6	10.04	426.0
196.618	0.124	fixation	n/a	445.6	89.3	1065.0	n/a	n/a	n/a	n/a
196.744	0.024	saccade	n/a	446.1	94.1	n/a	517.2	85.1	2.88	240.0
196.77	0.322	fixation	n/a	507.2	86.8	1081.0	n/a	n/a	n/a	n/a
197.094	0.062	saccade	n/a	508.1	89.2	n/a	202.9	141.8	12.32	472.0
197.158	0.12	fixation	n/a	190.0	142.9	1105.0	n/a	n/a	n/a	n/a
197.28	0.02	saccade	n/a	191.2	142.8	n/a	132.9	160.1	2.39	205.0
197.302	0.226	fixation	n/a	147.5	157.1	1110.0	n/a	n/a	n/a	n/a
197.53	0.05	saccade	n/a	146.7	157.1	n/a	371.0	91.9	9.28	450.0
197.582	0.294	fixation	n/a	380.4	96.1	1056.0	n/a	n/a	n/a	n/a
197.878	0.02	saccade	n/a	379.9	98.9	n/a	425.6	91.6	1.87	169.0
197.9	0.026	fixation	n/a	416.7	91.6	1018.0	n/a	n/a	n/a	n/a
197.928	0.04	saccade	n/a	415.9	91.5	n/a	301.6	92.5	4.6	370.0
197.97	0.202	fixation	n/a	292.3	95.5	1019.0	n/a	n/a	n/a	n/a
198.174	0.126	saccade	n/a	289.4	101.6	n/a	357.4	177.2	4.12	676.0
198.214	0.006	blink	n/a	n/a	n/a	n/a	n/a	n/a	n/a	n/a
198.302	0.008	fixation	n/a	356.5	186.1	881.0	n/a	n/a	n/a	n/a
198.312	0.182	saccade	n/a	355.1	197.9	n/a	507.1	80.4	7.75	456.0
198.376	0.072	blink	n/a	n/a	n/a	n/a	n/a	n/a	n/a	n/a
198.496	0.194	fixation	n/a	513.2	92.6	1002.0	n/a	n/a	n/a	n/a
198.692	0.062	saccade	n/a	515.7	89.8	n/a	174.3	140.0	13.7	537.0
198.756	0.126	fixation	n/a	161.1	140.7	985.0	n/a	n/a	n/a	n/a
198.884	0.022	saccade	n/a	166.0	140.9	n/a	123.4	145.2	1.67	203.0
198.908	0.274	fixation	n/a	129.5	142.0	919.0	n/a	n/a	n/a	n/a
199.184	0.024	saccade	n/a	127.9	140.1	n/a	200.6	132.9	2.87	203.0
199.21	0.232	fixation	n/a	194.4	136.5	950.0	n/a	n/a	n/a	n/a
199.444	0.024	saccade	n/a	193.8	139.4	n/a	282.6	136.8	3.53	245.0
199.47	0.196	fixation	n/a	293.2	134.6	972.0	n/a	n/a	n/a	n/a
199.668	0.022	saccade	n/a	294.4	137.1	n/a	349.2	139.4	2.2	177.0
199.692	0.608	fixation	n/a	342.1	137.7	990.0	n/a	n/a	n/a	n/a
200.302	0.022	saccade	n/a	338.9	138.0	n/a	397.7	136.2	2.37	144.0
200.326	0.306	fixation	n/a	404.9	136.8	1021.0	n/a	n/a	n/a	n/a
200.634	0.022	saccade	n/a	404.4	138.1	n/a	465.4	132.5	2.47	167.0
200.658	0.252	fixation	n/a	460.2	133.5	1026.0	n/a	n/a	n/a	n/a
200.912	0.02	saccade	n/a	460.1	132.4	n/a	507.0	129.2	1.88	123.0
200.934	0.27	fixation	n/a	517.7	133.0	967.0	n/a	n/a	n/a	n/a
201.206	0.016	saccade	n/a	517.2	135.0	n/a	485.2	135.2	1.28	118.0
201.224	0.176	fixation	n/a	494.7	135.8	943.0	n/a	n/a	n/a	n/a
201.402	0.022	saccade	n/a	493.7	135.3	n/a	548.8	131.2	2.21	167.0
201.426	0.882	fixation	n/a	545.4	137.1	923.0	n/a	n/a	n/a	n/a
202.31	0.024	saccade	n/a	547.4	139.6	n/a	466.8	139.5	3.22	225.0
202.336	0.228	fixation	n/a	467.8	141.0	960.0	n/a	n/a	n/a	n/a
202.566	0.024	saccade	n/a	467.9	141.1	n/a	406.0	139.1	2.49	192.0
202.592	0.21	fixation	n/a	415.9	139.7	983.0	n/a	n/a	n/a	n/a
202.804	0.028	saccade	n/a	414.2	139.9	n/a	523.5	131.8	4.4	266.0
202.834	0.164	fixation	n/a	523.5	132.8	966.0	n/a	n/a	n/a	n/a
203.0	0.018	saccade	n/a	526.7	136.2	n/a	567.4	129.9	1.64	130.0
203.02	0.224	fixation	n/a	560.0	129.6	963.0	n/a	n/a	n/a	n/a
203.246	0.066	saccade	n/a	559.2	131.7	n/a	176.2	203.4	15.41	480.0
203.314	0.114	fixation	n/a	163.6	204.8	997.0	n/a	n/a	n/a	n/a
203.43	0.018	saccade	n/a	162.4	206.1	n/a	122.9	211.2	1.55	146.0
203.45	0.428	fixation	n/a	133.3	209.8	983.0	n/a	n/a	n/a	n/a
203.88	0.02	saccade	n/a	132.4	206.9	n/a	195.9	203.4	2.49	211.0
203.902	0.306	fixation	n/a	199.1	200.3	943.0	n/a	n/a	n/a	n/a
204.21	0.018	saccade	n/a	196.9	201.9	n/a	243.0	198.3	1.83	146.0
204.23	0.226	fixation	n/a	238.2	197.8	929.0	n/a	n/a	n/a	n/a
204.458	0.02	saccade	n/a	236.5	198.7	n/a	286.4	197.9	1.99	145.0
204.48	0.168	fixation	n/a	280.7	198.3	912.0	n/a	n/a	n/a	n/a
204.65	0.022	saccade	n/a	280.3	198.3	n/a	343.8	196.8	2.55	176.0
204.674	0.204	fixation	n/a	355.4	196.9	874.0	n/a	n/a	n/a	n/a
204.88	0.02	saccade	n/a	355.7	196.9	n/a	416.6	193.3	2.45	177.0
204.902	0.29	fixation	n/a	420.3	193.5	837.0	n/a	n/a	n/a	n/a
205.194	0.014	saccade	n/a	422.0	193.4	n/a	450.6	191.8	1.15	96.0
205.21	0.534	fixation	n/a	467.5	193.1	844.0	n/a	n/a	n/a	n/a
205.746	0.042	saccade	n/a	475.4	190.3	n/a	355.4	168.9	4.9	240.0
205.79	0.122	fixation	n/a	367.9	170.5	869.0	n/a	n/a	n/a	n/a
205.914	0.046	saccade	n/a	368.8	168.7	n/a	161.9	82.3	8.93	392.0
205.962	0.122	fixation	n/a	166.5	86.3	831.0	n/a	n/a	n/a	n/a
206.086	0.016	saccade	n/a	164.2	85.4	n/a	154.0	70.2	0.73	82.0
206.104	0.146	fixation	n/a	157.3	74.5	836.0	n/a	n/a	n/a	n/a
206.252	0.024	saccade	n/a	156.6	75.9	n/a	228.3	67.0	2.85	216.0
206.278	0.17	fixation	n/a	225.1	66.1	850.0	n/a	n/a	n/a	n/a
206.45	0.03	saccade	n/a	227.7	68.8	n/a	350.5	78.8	4.92	277.0
206.482	0.216	fixation	n/a	353.2	78.8	889.0	n/a	n/a	n/a	n/a
206.7	0.024	saccade	n/a	353.4	82.1	n/a	441.6	85.3	3.56	254.0
206.726	0.24	fixation	n/a	440.1	85.5	952.0	n/a	n/a	n/a	n/a
206.968	0.022	saccade	n/a	438.7	87.8	n/a	506.2	85.2	2.71	193.0
206.992	0.292	fixation	n/a	510.3	83.6	964.0	n/a	n/a	n/a	n/a
207.286	0.04	saccade	n/a	511.7	83.1	n/a	327.2	102.0	7.43	351.0
207.328	0.182	fixation	n/a	342.0	103.8	999.0	n/a	n/a	n/a	n/a
207.512	0.024	saccade	n/a	340.4	106.8	n/a	413.2	90.2	3.01	226.0
207.538	0.43	fixation	n/a	404.4	97.0	1021.0	n/a	n/a	n/a	n/a
207.97	0.018	saccade	n/a	406.1	99.1	n/a	367.7	95.3	1.56	137.0
207.99	0.258	fixation	n/a	377.4	97.9	1013.0	n/a	n/a	n/a	n/a
208.25	0.024	saccade	n/a	375.0	99.4	n/a	450.5	93.0	3.05	215.0
208.276	0.282	fixation	n/a	443.9	90.9	1010.0	n/a	n/a	n/a	n/a
208.56	0.018	saccade	n/a	445.6	89.6	n/a	411.9	93.7	1.37	116.0
208.58	0.442	fixation	n/a	422.0	93.2	1002.0	n/a	n/a	n/a	n/a
209.024	0.022	saccade	n/a	421.0	93.1	n/a	491.7	84.7	2.87	200.0
209.048	0.192	fixation	n/a	497.2	84.6	1017.0	n/a	n/a	n/a	n/a
209.242	0.066	saccade	n/a	497.9	84.9	n/a	157.2	149.4	13.77	478.0
209.31	0.29	fixation	n/a	144.6	150.7	1025.0	n/a	n/a	n/a	n/a
209.602	0.028	saccade	n/a	142.5	150.5	n/a	253.2	142.6	4.38	290.0
209.632	0.196	fixation	n/a	250.9	142.7	1003.0	n/a	n/a	n/a	n/a
209.83	0.038	saccade	n/a	253.9	141.3	n/a	207.4	71.5	3.38	252.0
209.87	0.1	fixation	n/a	212.9	79.4	953.0	n/a	n/a	n/a	n/a
209.972	0.028	saccade	n/a	212.8	79.8	n/a	299.3	83.8	3.46	231.0
210.002	0.138	fixation	n/a	291.3	81.1	961.0	n/a	n/a	n/a	n/a
210.142	0.024	saccade	n/a	291.9	81.6	n/a	378.9	88.4	3.5	263.0
210.168	0.178	fixation	n/a	375.2	86.7	980.0	n/a	n/a	n/a	n/a
210.348	0.024	saccade	n/a	375.4	88.7	n/a	435.5	83.6	2.43	166.0
210.374	0.044	fixation	n/a	429.7	84.5	978.0	n/a	n/a	n/a	n/a
210.42	0.058	saccade	n/a	428.5	84.9	n/a	153.1	87.8	10.93	487.0
210.48	0.192	fixation	n/a	136.8	84.6	960.0	n/a	n/a	n/a	n/a
210.674	0.052	saccade	n/a	135.5	87.5	n/a	321.7	207.9	8.81	447.0
210.728	0.076	fixation	n/a	332.5	218.4	1015.0	n/a	n/a	n/a	n/a
210.806	0.028	saccade	n/a	333.5	220.6	n/a	425.8	185.3	3.98	277.0
210.836	0.096	fixation	n/a	416.4	186.5	1020.0	n/a	n/a	n/a	n/a
210.934	0.032	saccade	n/a	418.0	188.1	n/a	227.6	105.8	8.31	512.0
210.968	0.0	trigger_13	13	n/a	n/a	n/a	n/a	n/a	n/a	n/a
210.968	0.18	fixation	n/a	227.1	100.8	956.0	n/a	n/a	n/a	n/a
211.15	0.028	saccade	n/a	225.8	96.6	n/a	117.4	78.6	4.31	329.0
211.18	0.158	fixation	n/a	128.3	79.8	892.0	n/a	n/a	n/a	n/a
211.34	0.018	saccade	n/a	127.3	80.6	n/a	179.3	68.8	2.09	186.0
211.36	0.242	fixation	n/a	170.5	69.7	906.0	n/a	n/a	n/a	n/a
211.604	0.022	saccade	n/a	168.3	69.9	n/a	233.6	72.5	2.58	225.0
211.628	0.162	fixation	n/a	225.1	72.8	933.0	n/a	n/a	n/a	n/a
211.792	0.02	saccade	n/a	224.9	78.9	n/a	271.8	78.5	1.87	168.0
211.814	0.172	fixation	n/a	259.5	81.5	989.0	n/a	n/a	n/a	n/a
211.988	0.036	saccade	n/a	259.6	82.1	n/a	128.5	146.8	5.79	340.0
212.026	0.3	fixation	n/a	141.9	146.6	1076.0	n/a	n/a	n/a	n/a
212.328	0.024	saccade	n/a	143.2	149.9	n/a	152.0	214.3	2.6	184.0
212.354	0.28	fixation	n/a	150.9	205.3	1104.0	n/a	n/a	n/a	n/a
212.636	0.024	saccade	n/a	152.2	207.6	n/a	161.9	269.0	2.48	154.0
212.662	0.174	fixation	n/a	161.0	265.4	1110.0	n/a	n/a	n/a	n/a
212.838	0.022	saccade	n/a	160.0	265.3	n/a	233.3	258.2	2.89	215.0
212.862	0.252	fixation	n/a	234.6	257.2	1104.0	n/a	n/a	n/a	n/a
213.116	0.03	saccade	n/a	238.1	266.0	n/a	147.1	203.3	4.37	270.0
213.148	0.23	fixation	n/a	154.5	207.2	1028.0	n/a	n/a	n/a	n/a
213.38	0.022	saccade	n/a	156.6	208.8	n/a	157.8	144.5	2.59	206.0
213.404	0.336	fixation	n/a	163.2	153.8	1022.0	n/a	n/a	n/a	n/a
213.742	0.026	saccade	n/a	165.9	153.8	n/a	123.0	211.1	2.84	207.0
213.77	0.47	fixation	n/a	127.8	204.6	1088.0	n/a	n/a	n/a	n/a
214.242	0.022	saccade	n/a	125.7	208.9	n/a	154.1	149.5	2.63	179.0
214.266	0.358	fixation	n/a	160.4	143.6	1108.0	n/a	n/a	n/a	n/a
214.626	0.19	saccade	n/a	166.7	151.8	n/a	133.7	177.1	1.64	902.0
214.662	0.088	blink	n/a	n/a	n/a	n/a	n/a	n/a	n/a	n/a
214.818	0.306	fixation	n/a	131.7	175.9	1149.0	n/a	n/a	n/a	n/a
215.126	0.022	saccade	n/a	128.8	175.3	n/a	127.4	224.7	1.97	144.0
215.15	0.318	fixation	n/a	127.8	217.1	1050.0	n/a	n/a	n/a	n/a
215.47	0.018	saccade	n/a	126.9	217.2	n/a	171.5	218.2	1.74	151.0
215.49	0.154	fixation	n/a	166.7	217.6	1051.0	n/a	n/a	n/a	n/a
215.646	0.034	saccade	n/a	164.9	216.5	n/a	132.5	338.1	4.99	270.0
215.682	0.166	fixation	n/a	136.7	326.5	1037.0	n/a	n/a	n/a	n/a
215.85	0.024	saccade	n/a	136.4	325.3	n/a	212.3	323.7	2.95	214.0
215.876	0.162	fixation	n/a	209.8	323.6	1017.0	n/a	n/a	n/a	n/a
216.04	0.024	saccade	n/a	208.6	324.0	n/a	287.9	317.0	3.14	246.0
216.066	0.22	fixation	n/a	284.9	312.7	974.0	n/a	n/a	n/a	n/a
216.288	0.02	saccade	n/a	286.0	311.7	n/a	346.0	312.9	2.39	188.0
216.31	0.258	fixation	n/a	355.4	310.2	963.0	n/a	n/a	n/a	n/a
216.57	0.022	saccade	n/a	357.2	311.3	n/a	295.1	314.9	2.47	205.0
216.594	0.216	fixation	n/a	307.1	316.6	979.0	n/a	n/a	n/a	n/a
216.812	0.008	saccade	n/a	305.1	317.1	n/a	293.3	316.8	0.47	57.0
216.822	0.104	fixation	n/a	295.8	316.8	1000.0	n/a	n/a	n/a	n/a
216.928	0.026	saccade	n/a	295.6	318.9	n/a	400.9	308.8	4.21	273.0
216.956	0.182	fixation	n/a	409.4	308.0	1008.0	n/a	n/a	n/a	n/a
217.14	0.022	saccade	n/a	411.4	311.0	n/a	493.7	308.9	3.27	243.0
217.164	0.118	fixation	n/a	494.2	307.9	1003.0	n/a	n/a	n/a	n/a
217.284	0.064	saccade	n/a	495.6	309.5	n/a	164.6	175.5	14.12	526.0
217.35	0.122	fixation	n/a	150.8	165.0	963.0	n/a	n/a	n/a	n/a
217.474	0.028	saccade	n/a	149.5	166.1	n/a	127.2	151.0	1.06	198.0
217.504	0.35	fixation	n/a	119.2	147.9	940.0	n/a	n/a	n/a	n/a
217.656	0.0	trigger_15	15	n/a	n/a	n/a	n/a	n/a	n/a	n/a
217.668	0.0	trigger_10	10	n/a	n/a	n/a	n/a	n/a	n/a	n/a
217.856	0.022	saccade	n/a	119.3	151.2	n/a	132.9	89.3	2.54	196.0
217.88	0.136	fixation	n/a	137.3	92.7	1008.0	n/a	n/a	n/a	n/a
218.018	0.016	saccade	n/a	139.9	96.1	n/a	173.2	83.7	1.4	124.0
218.036	0.226	fixation	n/a	166.7	89.3	1029.0	n/a	n/a	n/a	n/a
218.264	0.02	saccade	n/a	164.6	87.3	n/a	121.8	79.4	1.7	156.0
218.286	0.184	fixation	n/a	134.5	83.0	966.0	n/a	n/a	n/a	n/a
218.472	0.024	saccade	n/a	135.3	92.6	n/a	207.7	96.7	2.84	199.0
218.498	0.18	fixation	n/a	206.1	90.0	991.0	n/a	n/a	n/a	n/a
218.68	0.026	saccade	n/a	205.7	85.4	n/a	119.4	80.1	3.38	265.0
218.708	0.246	fixation	n/a	131.2	80.7	993.0	n/a	n/a	n/a	n/a
218.956	0.016	saccade	n/a	130.5	82.9	n/a	167.5	81.0	1.45	125.0
218.974	0.2	fixation	n/a	161.1	82.9	1014.0	n/a	n/a	n/a	n/a
219.176	0.02	saccade	n/a	160.9	84.7	n/a	209.0	82.9	1.9	153.0
219.198	0.43	fixation	n/a	200.9	84.4	1034.0	n/a	n/a	n/a	n/a
219.63	0.018	saccade	n/a	202.3	84.9	n/a	245.7	81.0	1.73	159.0
219.65	0.242	fixation	n/a	246.9	79.6	1038.0	n/a	n/a	n/a	n/a
219.894	0.018	saccade	n/a	244.7	81.1	n/a	290.6	75.3	1.85	132.0
219.914	0.276	fixation	n/a	292.9	80.4	1041.0	n/a	n/a	n/a	n/a
220.192	0.02	saccade	n/a	294.0	78.6	n/a	222.0	86.1	2.88	219.0
220.214	0.398	fixation	n/a	214.4	84.3	1007.0	n/a	n/a	n/a	n/a
220.614	0.018	saccade	n/a	210.7	83.7	n/a	258.9	82.1	1.91	144.0
220.634	0.594	fixation	n/a	253.1	85.9	1045.0	n/a	n/a	n/a	n/a
221.23	0.016	saccade	n/a	250.6	89.4	n/a	294.4	88.8	1.75	148.0
221.248	0.204	fixation	n/a	297.8	88.2	1053.0	n/a	n/a	n/a	n/a
221.454	0.02	saccade	n/a	296.2	87.2	n/a	344.8	93.8	1.97	141.0
221.476	0.186	fixation	n/a	341.7	92.5	1065.0	n/a	n/a	n/a	n/a
221.664	0.024	saccade	n/a	341.2	92.7	n/a	411.9	95.5	2.85	191.0
221.69	0.296	fixation	n/a	415.9	93.3	1051.0	n/a	n/a	n/a	n/a
221.988	0.026	saccade	n/a	420.1	93.4	n/a	350.3	90.8	2.82	184.0
222.016	0.24	fixation	n/a	363.3	92.3	1011.0	n/a	n/a	n/a	n/a
222.258	0.008	saccade	n/a	362.5	91.0	n/a	350.2	89.4	0.5	62.0
222.268	0.16	fixation	n/a	353.5	91.0	1007.0	n/a	n/a	n/a	n/a
222.43	0.022	saccade	n/a	353.5	91.8	n/a	419.6	93.3	2.67	187.0
222.454	0.222	fixation	n/a	414.9	92.2	1027.0	n/a	n/a	n/a	n/a
222.678	0.014	saccade	n/a	413.3	91.5	n/a	445.7	90.0	1.31	113.0
222.694	0.156	fixation	n/a	443.7	90.8	1023.0	n/a	n/a	n/a	n/a
222.852	0.014	saccade	n/a	443.9	91.1	n/a	468.4	85.3	1.01	99.0
222.868	0.328	fixation	n/a	467.8	87.9	1025.0	n/a	n/a	n/a	n/a
223.198	0.016	saccade	n/a	467.5	89.0	n/a	501.0	85.4	1.35	115.0
223.216	0.212	fixation	n/a	498.0	85.3	1031.0	n/a	n/a	n/a	n/a
223.43	0.06	saccade	n/a	499.7	86.0	n/a	193.5	137.5	12.38	435.0
223.492	0.118	fixation	n/a	183.9	137.5	1041.0	n/a	n/a	n/a	n/a
223.612	0.022	saccade	n/a	183.3	136.3	n/a	134.0	149.2	2.0	167.0
223.636	0.14	fixation	n/a	147.0	146.5	1034.0	n/a	n/a	n/a	n/a
223.778	0.018	saccade	n/a	147.3	146.7	n/a	124.1	140.4	0.94	102.0
223.798	0.252	fixation	n/a	132.6	144.5	1040.0	n/a	n/a	n/a	n/a
224.052	0.018	saccade	n/a	133.5	144.7	n/a	173.9	142.2	1.58	133.0
224.072	0.254	fixation	n/a	166.2	142.7	1031.0	n/a	n/a	n/a	n/a
224.328	0.008	saccade	n/a	166.7	142.3	n/a	181.7	140.4	0.59	72.0
224.338	0.42	fixation	n/a	171.0	140.9	1000.0	n/a	n/a	n/a	n/a
224.76	0.018	saccade	n/a	167.0	141.5	n/a	202.2	138.6	1.39	128.0
224.78	0.272	fixation	n/a	203.5	137.5	969.0	n/a	n/a	n/a	n/a
225.054	0.024	saccade	n/a	204.1	138.8	n/a	291.8	140.3	3.49	246.0
225.08	0.156	fixation	n/a	296.2	136.1	968.0	n/a	n/a	n/a	n/a
225.238	0.032	saccade	n/a	295.9	135.8	n/a	411.0	142.8	4.63	260.0
225.272	0.072	fixation	n/a	407.6	141.0	963.0	n/a	n/a	n/a	n/a
225.346	0.026	saccade	n/a	408.6	142.6	n/a	497.3	137.2	3.58	250.0
225.374	0.074	fixation	n/a	493.4	134.3	963.0	n/a	n/a	n/a	n/a
225.45	0.022	saccade	n/a	492.6	135.3	n/a	564.4	132.9	2.87	226.0
225.474	0.176	fixation	n/a	561.1	132.0	972.0	n/a	n/a	n/a	n/a
225.652	0.024	saccade	n/a	561.7	135.2	n/a	642.2	128.3	3.19	207.0
225.678	0.194	fixation	n/a	640.5	130.9	951.0	n/a	n/a	n/a	n/a
225.874	0.052	saccade	n/a	641.8	131.9	n/a	408.1	198.5	9.66	451.0
225.928	0.174	fixation	n/a	397.6	200.6	960.0	n/a	n/a	n/a	n/a
226.104	0.03	saccade	n/a	395.9	200.3	n/a	511.0	186.5	4.65	280.0
226.136	0.192	fixation	n/a	510.7	187.3	971.0	n/a	n/a	n/a	n/a
226.33	0.054	saccade	n/a	512.2	186.9	n/a	288.1	255.8	9.37	436.0
226.386	0.286	fixation	n/a	276.8	258.9	958.0	n/a	n/a	n/a	n/a
226.674	0.038	saccade	n/a	277.3	262.9	n/a	158.7	98.4	8.12	376.0
226.714	0.184	fixation	n/a	146.0	80.6	883.0	n/a	n/a	n/a	n/a
226.9	0.02	saccade	n/a	145.5	79.5	n/a	125.9	78.8	0.76	102.0
226.922	0.058	fixation	n/a	128.5	82.4	886.0	n/a	n/a	n/a	n/a
226.982	0.152	saccade	n/a	129.7	86.9	n/a	142.0	81.6	0.52	999.0
227.006	0.07	blink	n/a	n/a	n/a	n/a	n/a	n/a	n/a	n/a
227.136	0.334	fixation	n/a	145.6	86.1	933.0	n/a	n/a	n/a	n/a
227.472	0.024	saccade	n/a	146.0	85.6	n/a	224.8	93.3	3.12	231.0
227.498	0.224	fixation	n/a	222.2	90.4	925.0	n/a	n/a	n/a	n/a
227.724	0.016	saccade	n/a	220.5	88.2	n/a	205.5	84.7	0.61	69.0
227.742	0.314	fixation	n/a	208.8	85.1	908.0	n/a	n/a	n/a	n/a
228.058	0.006	saccade	n/a	204.0	82.8	n/a	196.3	81.4	0.31	49.0
228.066	0.228	fixation	n/a	197.4	81.7	911.0	n/a	n/a	n/a	n/a
228.296	0.022	saccade	n/a	196.3	80.0	n/a	258.0	84.5	2.46	198.0
228.32	0.298	fixation	n/a	250.1	83.6	946.0	n/a	n/a	n/a	n/a
228.62	0.034	saccade	n/a	251.5	87.5	n/a	122.6	79.5	5.08	331.0
228.656	0.232	fixation	n/a	132.6	84.6	993.0	n/a	n/a	n/a	n/a
228.89	0.022	saccade	n/a	132.0	85.4	n/a	193.6	81.7	2.42	195.0
228.914	0.06	fixation	n/a	183.2	82.7	1016.0	n/a	n/a	n/a	n/a
228.976	0.02	saccade	n/a	181.8	85.2	n/a	228.6	87.9	1.85	152.0
228.998	0.122	fixation	n/a	218.0	86.7	1031.0	n/a	n/a	n/a	n/a
229.122	0.018	saccade	n/a	217.3	86.3	n/a	193.2	88.3	0.96	104.0
229.142	0.288	fixation	n/a	200.4	88.8	1029.0	n/a	n/a	n/a	n/a
229.432	0.022	saccade	n/a	200.6	88.9	n/a	263.2	84.5	2.5	190.0
229.456	0.408	fixation	n/a	259.0	82.4	1032.0	n/a	n/a	n/a	n/a
229.866	0.02	saccade	n/a	258.2	84.3	n/a	310.9	84.4	2.11	186.0
229.888	0.192	fixation	n/a	307.8	85.7	1036.0	n/a	n/a	n/a	n/a
230.082	0.018	saccade	n/a	307.3	87.0	n/a	350.1	89.8	1.73	141.0
230.102	0.27	fixation	n/a	349.0	88.8	1045.0	n/a	n/a	n/a	n/a
230.374	0.022	saccade	n/a	347.2	89.2	n/a	411.6	90.9	2.59	179.0
230.398	0.25	fixation	n/a	419.1	88.2	1025.0	n/a	n/a	n/a	n/a
230.65	0.02	saccade	n/a	418.7	91.4	n/a	465.2	86.6	1.88	144.0
230.672	0.246	fixation	n/a	457.2	85.1	1004.0	n/a	n/a	n/a	n/a
230.92	0.01	saccade	n/a	455.9	83.7	n/a	473.9	79.4	0.74	74.0
230.932	0.174	fixation	n/a	474.9	80.5	993.0	n/a	n/a	n/a	n/a
231.108	0.016	saccade	n/a	474.9	80.3	n/a	509.4	79.0	1.38	116.0
231.126	0.106	fixation	n/a	504.9	79.8	985.0	n/a	n/a	n/a	n/a
231.234	0.062	saccade	n/a	505.5	79.8	n/a	181.5	136.3	13.06	472.0
231.298	0.112	fixation	n/a	170.1	137.2	995.0	n/a	n/a	n/a	n/a
231.412	0.024	saccade	n/a	170.8	139.5	n/a	132.1	144.0	1.52	165.0
231.438	0.156	fixation	n/a	137.8	145.0	993.0	n/a	n/a	n/a	n/a
231.596	0.008	saccade	n/a	138.6	148.1	n/a	125.4	141.7	0.57	68.0
231.606	0.144	fixation	n/a	129.1	141.7	972.0	n/a	n/a	n/a	n/a
231.752	0.018	saccade	n/a	129.2	140.2	n/a	172.0	135.3	1.68	157.0
231.772	0.32	fixation	n/a	167.6	138.5	958.0	n/a	n/a	n/a	n/a
232.094	0.024	saccade	n/a	166.5	140.8	n/a	259.9	144.2	3.69	260.0
232.12	0.284	fixation	n/a	256.9	146.5	974.0	n/a	n/a	n/a	n/a
232.406	0.022	saccade	n/a	259.0	147.5	n/a	321.1	144.7	2.49	197.0
232.43	0.288	fixation	n/a	315.0	143.5	948.0	n/a	n/a	n/a	n/a
232.72	0.022	saccade	n/a	314.6	146.9	n/a	371.1	144.7	2.28	163.0
232.744	0.408	fixation	n/a	381.8	150.1	969.0	n/a	n/a	n/a	n/a
233.154	0.022	saccade	n/a	388.0	149.8	n/a	454.7	146.0	2.69	202.0
233.178	0.284	fixation	n/a	454.2	145.6	941.0	n/a	n/a	n/a	n/a
233.464	0.016	saccade	n/a	454.4	146.6	n/a	492.8	140.6	1.56	133.0
233.482	0.23	fixation	n/a	495.4	138.6	936.0	n/a	n/a	n/a	n/a
233.714	0.006	saccade	n/a	493.0	129.3	n/a	483.9	127.7	0.37	53.0
233.722	0.15	fixation	n/a	484.2	128.7	927.0	n/a	n/a	n/a	n/a
233.874	0.02	saccade	n/a	483.9	140.5	n/a	544.6	143.7	2.43	185.0
233.896	0.162	fixation	n/a	550.1	138.9	921.0	n/a	n/a	n/a	n/a
234.06	0.022	saccade	n/a	548.4	137.4	n/a	621.2	135.5	2.88	208.0
234.084	0.19	fixation	n/a	633.6	132.5	941.0	n/a	n/a	n/a	n/a
234.276	0.022	saccade	n/a	633.2	133.2	n/a	687.7	132.3	2.13	161.0
234.3	0.294	fixation	n/a	683.4	133.4	945.0	n/a	n/a	n/a	n/a
234.596	0.008	saccade	n/a	685.5	134.1	n/a	699.6	136.4	0.55	67.0
234.606	0.278	fixation	n/a	700.0	138.8	900.0	n/a	n/a	n/a	n/a
234.886	0.068	saccade	n/a	702.2	140.6	n/a	278.1	192.6	16.8	496.0
234.956	0.122	fixation	n/a	267.6	193.6	886.0	n/a	n/a	n/a	n/a
235.08	0.028	saccade	n/a	268.3	194.0	n/a	143.0	200.7	4.94	317.0
235.11	0.14	fixation	n/a	136.7	203.2	872.0	n/a	n/a	n/a	n/a
235.252	0.02	saccade	n/a	136.9	204.2	n/a	111.1	206.6	1.0	116.0
235.274	0.104	fixation	n/a	119.1	206.9	879.0	n/a	n/a	n/a	n/a
235.38	0.024	saccade	n/a	119.9	207.7	n/a	191.9	201.6	2.82	237.0
235.406	0.216	fixation	n/a	184.1	203.0	925.0	n/a	n/a	n/a	n/a
235.624	0.018	saccade	n/a	182.6	203.5	n/a	228.7	201.6	1.82	153.0
235.644	0.318	fixation	n/a	226.3	202.5	970.0	n/a	n/a	n/a	n/a
235.964	0.022	saccade	n/a	226.9	203.9	n/a	284.5	202.2	2.3	183.0
235.988	0.16	fixation	n/a	279.8	201.9	995.0	n/a	n/a	n/a	n/a
236.15	0.02	saccade	n/a	279.0	203.9	n/a	344.3	199.5	2.62	205.0
236.172	0.208	fixation	n/a	352.3	199.5	1004.0	n/a	n/a	n/a	n/a
236.382	0.024	saccade	n/a	354.2	202.1	n/a	423.3	196.7	2.78	189.0
236.408	0.034	fixation	n/a	418.1	197.4	1002.0	n/a	n/a	n/a	n/a
236.444	0.022	saccade	n/a	417.9	198.1	n/a	482.8	192.4	2.62	211.0
236.468	0.178	fixation	n/a	471.4	192.8	988.0	n/a	n/a	n/a	n/a
236.648	0.026	saccade	n/a	469.9	193.8	n/a	539.0	188.5	2.77	190.0
236.676	0.072	fixation	n/a	530.7	189.2	963.0	n/a	n/a	n/a	n/a
236.75	0.02	saccade	n/a	529.8	189.5	n/a	571.1	189.6	1.64	151.0
236.772	0.314	fixation	n/a	565.3	189.3	933.0	n/a	n/a	n/a	n/a
237.088	0.058	saccade	n/a	565.1	190.7	n/a	289.9	257.2	11.27	402.0
237.148	0.128	fixation	n/a	281.6	258.6	964.0	n/a	n/a	n/a	n/a
237.278	0.034	saccade	n/a	280.0	258.1	n/a	147.7	272.0	5.23	253.0
237.314	0.122	fixation	n/a	155.1	273.7	974.0	n/a	n/a	n/a	n/a
237.438	0.02	saccade	n/a	154.6	275.1	n/a	123.7	273.7	1.2	116.0
237.46	0.304	fixation	n/a	131.1	274.1	960.0	n/a	n/a	n/a	n/a
237.766	0.022	saccade	n/a	130.8	276.1	n/a	203.0	270.2	2.82	209.0
237.79	0.16	fixation	n/a	206.7	267.8	948.0	n/a	n/a	n/a	n/a
237.952	0.138	saccade	n/a	213.5	277.8	n/a	228.3	294.6	0.89	938.0
237.984	0.05	blink	n/a	n/a	n/a	n/a	n/a	n/a	n/a	n/a
238.092	0.192	fixation	n/a	226.0	293.7	956.0	n/a	n/a	n/a	n/a
238.286	0.022	saccade	n/a	226.4	292.6	n/a	280.4	284.0	2.16	163.0
238.31	0.608	fixation	n/a	283.0	276.2	928.0	n/a	n/a	n/a	n/a
238.92	0.01	saccade	n/a	281.2	273.8	n/a	267.2	270.2	0.57	58.0
238.932	0.28	fixation	n/a	271.1	273.7	944.0	n/a	n/a	n/a	n/a
239.214	0.054	saccade	n/a	270.4	274.4	n/a	158.9	75.5	9.13	364.0
239.27	0.198	fixation	n/a	162.3	84.7	937.0	n/a	n/a	n/a	n/a
239.47	0.024	saccade	n/a	163.3	86.5	n/a	232.3	88.2	2.72	195.0
239.496	0.136	fixation	n/a	232.0	87.2	957.0	n/a	n/a	n/a	n/a
239.634	0.024	saccade	n/a	233.2	88.1	n/a	163.7	84.5	2.75	215.0
239.66	0.044	fixation	n/a	178.8	87.4	963.0	n/a	n/a	n/a	n/a
239.706	0.02	saccade	n/a	179.4	87.9	n/a	138.3	86.3	1.61	146.0
239.728	0.28	fixation	n/a	149.2	87.9	973.0	n/a	n/a	n/a	n/a
240.01	0.024	saccade	n/a	150.3	90.5	n/a	240.0	92.0	3.54	262.0
240.036	0.31	fixation	n/a	235.2	90.8	1024.0	n/a	n/a	n/a	n/a
240.348	0.052	saccade	n/a	234.1	93.7	n/a	226.2	265.4	6.94	291.0
240.402	0.156	fixation	n/a	225.2	270.0	1106.0	n/a	n/a	n/a	n/a
240.56	0.022	saccade	n/a	223.7	271.9	n/a	286.8	265.6	2.51	213.0
240.584	0.228	fixation	n/a	279.8	265.9	1082.0	n/a	n/a	n/a	n/a
240.814	0.024	saccade	n/a	279.8	264.6	n/a	367.6	261.5	3.51	236.0
240.84	0.302	fixation	n/a	368.9	259.2	973.0	n/a	n/a	n/a	n/a
241.144	0.02	saccade	n/a	373.3	259.4	n/a	319.9	262.7	2.14	184.0
241.166	0.228	fixation	n/a	327.4	262.5	927.0	n/a	n/a	n/a	n/a
241.396	0.022	saccade	n/a	330.4	265.8	n/a	265.5	264.4	2.59	203.0
241.42	0.302	fixation	n/a	275.1	268.4	919.0	n/a	n/a	n/a	n/a
241.724	0.022	saccade	n/a	274.2	274.2	n/a	308.7	269.2	1.39	82.0
241.748	0.188	fixation	n/a	325.5	267.4	957.0	n/a	n/a	n/a	n/a
241.938	0.022	saccade	n/a	325.2	267.7	n/a	382.6	253.8	2.36	178.0
241.962	0.106	fixation	n/a	375.9	255.0	976.0	n/a	n/a	n/a	n/a
242.07	0.05	saccade	n/a	375.4	256.1	n/a	197.8	87.1	9.83	428.0
242.122	0.14	fixation	n/a	202.2	92.0	933.0	n/a	n/a	n/a	n/a
242.17	0.0	trigger_11	11	n/a	n/a	n/a	n/a	n/a	n/a	n/a
242.174	0.0	trigger_10	10	n/a	n/a	n/a	n/a	n/a	n/a	n/a
242.264	0.024	saccade	n/a	199.8	92.3	n/a	155.3	83.2	1.79	193.0
242.29	0.136	fixation	n/a	165.8	86.6	907.0	n/a	n/a	n/a	n/a
242.428	0.02	saccade	n/a	165.1	87.1	n/a	123.0	84.4	1.64	162.0
242.45	0.23	fixation	n/a	132.0	87.1	923.0	n/a	n/a	n/a	n/a
242.682	0.022	saccade	n/a	131.0	87.6	n/a	196.7	85.1	2.58	193.0
242.706	0.186	fixation	n/a	199.1	83.1	945.0	n/a	n/a	n/a	n/a
242.894	0.022	saccade	n/a	199.6	83.7	n/a	171.0	81.0	1.13	130.0
242.918	0.086	fixation	n/a	176.9	82.5	953.0	n/a	n/a	n/a	n/a
243.006	0.022	saccade	n/a	177.1	82.1	n/a	141.1	81.9	1.41	142.0
243.03	0.438	fixation	n/a	147.7	88.0	1007.0	n/a	n/a	n/a	n/a
243.47	0.02	saccade	n/a	142.8	95.1	n/a	195.7	94.1	2.08	156.0
243.492	0.166	fixation	n/a	199.5	93.6	1067.0	n/a	n/a	n/a	n/a
243.66	0.026	saccade	n/a	198.6	96.9	n/a	277.3	92.7	3.13	220.0
243.688	0.096	fixation	n/a	270.6	92.6	1063.0	n/a	n/a	n/a	n/a
243.786	0.024	saccade	n/a	269.9	94.4	n/a	331.4	96.4	2.47	182.0
243.812	0.338	fixation	n/a	324.7	95.3	1047.0	n/a	n/a	n/a	n/a
244.152	0.022	saccade	n/a	325.7	93.0	n/a	381.4	93.7	2.24	160.0
244.176	0.166	fixation	n/a	378.2	91.4	978.0	n/a	n/a	n/a	n/a
244.344	0.026	saccade	n/a	379.0	92.5	n/a	460.5	89.9	3.28	212.0
244.372	0.214	fixation	n/a	455.6	86.6	989.0	n/a	n/a	n/a	n/a
244.588	0.06	saccade	n/a	456.1	86.5	n/a	149.7	150.1	12.4	496.0
244.65	0.248	fixation	n/a	131.7	152.2	1035.0	n/a	n/a	n/a	n/a
244.9	0.018	saccade	n/a	127.8	156.3	n/a	125.9	121.6	1.4	125.0
244.92	0.136	fixation	n/a	142.5	106.6	1016.0	n/a	n/a	n/a	n/a
245.058	0.016	saccade	n/a	144.1	103.3	n/a	146.4	85.0	0.74	80.0
245.076	0.274	fixation	n/a	149.8	91.9	1007.0	n/a	n/a	n/a	n/a
245.098	0.0	trigger_11	11	n/a	n/a	n/a	n/a	n/a	n/a	n/a
245.108	0.0	trigger_10	10	n/a	n/a	n/a	n/a	n/a	n/a	n/a
245.352	0.01	saccade	n/a	154.1	96.0	n/a	135.4	92.5	0.74	79.0
245.364	0.15	fixation	n/a	139.8	94.9	1025.0	n/a	n/a	n/a	n/a
245.516	0.024	saccade	n/a	140.8	99.9	n/a	229.1	96.8	3.48	242.0
245.542	0.17	fixation	n/a	234.4	94.6	1054.0	n/a	n/a	n/a	n/a
245.714	0.018	saccade	n/a	238.0	95.4	n/a	269.9	94.5	1.27	97.0
245.734	0.146	fixation	n/a	293.3	94.8	1041.0	n/a	n/a	n/a	n/a
245.882	0.026	saccade	n/a	296.6	94.9	n/a	196.4	96.6	3.99	264.0
245.91	0.242	fixation	n/a	194.9	96.6	999.0	n/a	n/a	n/a	n/a
246.154	0.024	saccade	n/a	194.1	94.8	n/a	275.0	92.7	3.22	227.0
246.18	0.114	fixation	n/a	287.1	91.7	989.0	n/a	n/a	n/a	n/a
246.296	0.022	saccade	n/a	287.2	93.6	n/a	356.4	93.1	2.78	206.0
246.32	0.174	fixation	n/a	350.5	92.6	994.0	n/a	n/a	n/a	n/a
246.496	0.022	saccade	n/a	350.4	93.8	n/a	416.1	91.9	2.65	193.0
246.52	0.17	fixation	n/a	412.4	93.8	1009.0	n/a	n/a	n/a	n/a
246.692	0.024	saccade	n/a	412.8	94.1	n/a	489.4	85.3	3.1	207.0
246.718	0.202	fixation	n/a	490.4	85.1	1002.0	n/a	n/a	n/a	n/a
246.922	0.018	saccade	n/a	492.6	84.2	n/a	532.7	80.5	1.61	128.0
246.942	0.498	fixation	n/a	528.3	83.4	991.0	n/a	n/a	n/a	n/a
247.442	0.006	saccade	n/a	527.6	88.8	n/a	536.8	88.9	0.37	54.0
247.45	0.158	fixation	n/a	543.5	86.7	997.0	n/a	n/a	n/a	n/a
247.61	0.02	saccade	n/a	542.6	87.8	n/a	598.2	86.6	2.21	184.0
247.632	0.208	fixation	n/a	597.0	85.8	995.0	n/a	n/a	n/a	n/a
247.842	0.066	saccade	n/a	598.8	83.4	n/a	191.0	145.3	16.28	501.0
247.91	0.114	fixation	n/a	176.1	144.2	1009.0	n/a	n/a	n/a	n/a
248.026	0.02	saccade	n/a	176.3	143.6	n/a	128.4	146.7	1.88	172.0
248.048	0.474	fixation	n/a	135.4	145.5	972.0	n/a	n/a	n/a	n/a
248.524	0.024	saccade	n/a	133.5	147.9	n/a	223.3	140.5	3.54	234.0
248.55	0.53	fixation	n/a	217.6	144.4	990.0	n/a	n/a	n/a	n/a
249.082	0.026	saccade	n/a	215.1	149.2	n/a	290.5	144.6	3.01	179.0
249.11	0.192	fixation	n/a	292.3	147.5	1002.0	n/a	n/a	n/a	n/a
249.304	0.014	saccade	n/a	291.7	150.0	n/a	261.8	147.8	1.2	110.0
249.32	0.242	fixation	n/a	270.6	151.5	1007.0	n/a	n/a	n/a	n/a
249.564	0.018	saccade	n/a	269.5	152.4	n/a	317.3	149.7	1.92	149.0
249.584	0.254	fixation	n/a	316.4	147.1	1001.0	n/a	n/a	n/a	n/a
249.84	0.022	saccade	n/a	317.3	147.1	n/a	381.3	148.2	2.58	168.0
249.864	0.612	fixation	n/a	394.9	148.2	983.0	n/a	n/a	n/a	n/a
250.478	0.03	saccade	n/a	405.9	147.4	n/a	487.3	144.0	3.28	150.0
250.51	0.44	fixation	n/a	487.1	143.7	1020.0	n/a	n/a	n/a	n/a
250.952	0.008	saccade	n/a	489.3	142.6	n/a	503.7	135.8	0.64	76.0
250.962	0.334	fixation	n/a	502.7	137.8	997.0	n/a	n/a	n/a	n/a
251.298	0.02	saccade	n/a	502.2	137.6	n/a	439.6	140.8	2.52	192.0
251.32	0.272	fixation	n/a	432.1	144.6	987.0	n/a	n/a	n/a	n/a
251.594	0.014	saccade	n/a	431.7	146.8	n/a	400.6	147.4	1.25	105.0
251.61	0.314	fixation	n/a	401.7	148.5	975.0	n/a	n/a	n/a	n/a
251.926	0.028	saccade	n/a	399.8	156.4	n/a	481.2	146.2	3.3	159.0
251.956	0.338	fixation	n/a	503.0	145.7	956.0	n/a	n/a	n/a	n/a
252.296	0.02	saccade	n/a	505.4	145.6	n/a	553.2	141.7	1.91	146.0
252.318	0.162	fixation	n/a	552.9	138.5	906.0	n/a	n/a	n/a	n/a
252.482	0.01	saccade	n/a	553.4	140.0	n/a	569.6	136.3	0.66	69.0
252.494	0.164	fixation	n/a	569.6	136.6	888.0	n/a	n/a	n/a	n/a
252.66	0.064	saccade	n/a	570.0	135.3	n/a	194.0	202.4	15.11	484.0
252.726	0.106	fixation	n/a	182.5	205.2	919.0	n/a	n/a	n/a	n/a
252.834	0.022	saccade	n/a	182.4	207.8	n/a	122.8	212.5	2.33	203.0
252.858	0.348	fixation	n/a	130.7	209.3	892.0	n/a	n/a	n/a	n/a
253.208	0.018	saccade	n/a	128.1	208.0	n/a	181.3	201.6	2.09	165.0
253.228	0.638	fixation	n/a	187.2	204.1	875.0	n/a	n/a	n/a	n/a
253.868	0.02	saccade	n/a	185.8	208.9	n/a	250.4	205.9	2.56	203.0
253.89	0.2	fixation	n/a	254.6	206.7	882.0	n/a	n/a	n/a	n/a
254.092	0.138	saccade	n/a	258.7	216.7	n/a	293.7	213.7	1.4	622.0
254.136	0.03	blink	n/a	n/a	n/a	n/a	n/a	n/a	n/a	n/a
254.232	0.3	fixation	n/a	294.4	213.5	871.0	n/a	n/a	n/a	n/a
254.534	0.02	saccade	n/a	293.7	210.7	n/a	340.6	206.6	1.89	146.0
254.556	0.126	fixation	n/a	347.5	203.2	850.0	n/a	n/a	n/a	n/a
254.684	0.024	saccade	n/a	347.3	203.3	n/a	418.6	202.8	2.86	193.0
254.71	0.244	fixation	n/a	423.1	200.7	829.0	n/a	n/a	n/a	n/a
254.956	0.018	saccade	n/a	424.5	199.2	n/a	468.2	199.5	1.76	153.0
254.976	0.216	fixation	n/a	469.8	197.4	841.0	n/a	n/a	n/a	n/a
255.194	0.02	saccade	n/a	470.9	197.5	n/a	424.2	198.4	1.88	151.0
255.216	0.146	fixation	n/a	432.4	199.8	850.0	n/a	n/a	n/a	n/a
255.364	0.022	saccade	n/a	431.7	200.2	n/a	506.1	198.4	2.98	196.0
255.388	0.156	fixation	n/a	503.3	198.4	857.0	n/a	n/a	n/a	n/a
255.546	0.018	saccade	n/a	503.4	200.7	n/a	551.9	195.0	1.95	154.0
255.566	0.234	fixation	n/a	554.7	196.0	864.0	n/a	n/a	n/a	n/a
255.802	0.064	saccade	n/a	555.6	195.9	n/a	197.0	270.9	14.46	496.0
255.868	0.11	fixation	n/a	184.1	273.5	906.0	n/a	n/a	n/a	n/a
255.98	0.022	saccade	n/a	182.8	272.8	n/a	126.1	277.3	2.21	184.0
256.004	0.236	fixation	n/a	137.3	278.1	895.0	n/a	n/a	n/a	n/a
256.242	0.024	saccade	n/a	138.0	281.5	n/a	215.7	272.1	3.06	228.0
256.268	0.364	fixation	n/a	212.2	274.7	901.0	n/a	n/a	n/a	n/a
256.634	0.176	saccade	n/a	219.3	283.8	n/a	266.5	282.3	1.87	940.0
256.666	0.08	blink	n/a	n/a	n/a	n/a	n/a	n/a	n/a	n/a
256.812	0.148	fixation	n/a	267.6	287.6	936.0	n/a	n/a	n/a	n/a
256.962	0.02	saccade	n/a	265.2	288.6	n/a	319.1	279.8	2.17	174.0
256.984	0.47	fixation	n/a	313.5	279.7	904.0	n/a	n/a	n/a	n/a
257.456	0.02	saccade	n/a	313.2	279.2	n/a	366.6	272.6	2.15	153.0
257.478	0.18	fixation	n/a	365.2	271.6	860.0	n/a	n/a	n/a	n/a
257.66	0.022	saccade	n/a	364.4	272.0	n/a	439.8	271.3	3.02	210.0
257.684	0.286	fixation	n/a	449.4	266.8	842.0	n/a	n/a	n/a	n/a
257.972	0.018	saccade	n/a	450.0	267.4	n/a	402.5	271.5	1.91	167.0
257.992	0.222	fixation	n/a	409.8	271.0	836.0	n/a	n/a	n/a	n/a
258.216	0.026	saccade	n/a	407.7	270.4	n/a	493.8	263.8	3.45	200.0
258.244	0.416	fixation	n/a	507.9	262.6	836.0	n/a	n/a	n/a	n/a
258.662	0.028	saccade	n/a	507.7	264.4	n/a	590.1	260.5	3.27	171.0
258.692	0.398	fixation	n/a	589.0	258.3	864.0	n/a	n/a	n/a	n/a
259.092	0.068	saccade	n/a	590.1	257.4	n/a	197.8	323.0	15.6	470.0
259.162	0.096	fixation	n/a	186.6	322.5	905.0	n/a	n/a	n/a	n/a
259.26	0.022	saccade	n/a	186.3	320.9	n/a	130.7	332.9	2.21	198.0
259.284	0.448	fixation	n/a	141.6	333.0	901.0	n/a	n/a	n/a	n/a
259.734	0.024	saccade	n/a	142.2	334.3	n/a	223.3	321.1	3.2	222.0
259.76	0.356	fixation	n/a	223.0	324.1	904.0	n/a	n/a	n/a	n/a
260.118	0.02	saccade	n/a	225.2	331.2	n/a	282.2	326.6	2.25	161.0
260.14	0.418	fixation	n/a	297.9	325.1	908.0	n/a	n/a	n/a	n/a
260.56	0.034	saccade	n/a	294.7	325.8	n/a	416.9	323.0	4.86	218.0
260.596	0.154	fixation	n/a	420.4	322.1	879.0	n/a	n/a	n/a	n/a
260.752	0.024	saccade	n/a	420.4	323.5	n/a	495.4	319.3	2.99	200.0
260.778	0.166	fixation	n/a	494.8	316.6	859.0	n/a	n/a	n/a	n/a
260.946	0.022	saccade	n/a	495.6	316.9	n/a	568.3	317.8	2.87	188.0
260.97	0.136	fixation	n/a	576.9	316.9	841.0	n/a	n/a	n/a	n/a
261.108	0.02	saccade	n/a	577.5	318.2	n/a	618.6	315.9	1.61	129.0
261.13	0.226	fixation	n/a	613.6	318.2	823.0	n/a	n/a	n/a	n/a
261.358	0.078	saccade	n/a	615.2	319.2	n/a	217.4	91.4	18.09	480.0
261.438	0.104	fixation	n/a	212.5	89.3	778.0	n/a	n/a	n/a	n/a
261.544	0.022	saccade	n/a	214.4	88.7	n/a	142.6	86.8	2.83	231.0
261.568	0.306	fixation	n/a	151.6	85.5	782.0	n/a	n/a	n/a	n/a
261.876	0.018	saccade	n/a	153.1	85.8	n/a	193.5	77.1	1.63	136.0
261.896	0.25	fixation	n/a	184.5	78.0	844.0	n/a	n/a	n/a	n/a
261.94	0.0	trigger_11	11	n/a	n/a	n/a	n/a	n/a	n/a	n/a
261.944	0.0	trigger_12	12	n/a	n/a	n/a	n/a	n/a	n/a	n/a
262.148	0.024	saccade	n/a	185.2	78.1	n/a	106.3	86.8	3.1	243.0
262.174	0.19	fixation	n/a	124.1	87.9	910.0	n/a	n/a	n/a	n/a
262.366	0.03	saccade	n/a	122.1	89.2	n/a	251.8	90.7	5.1	302.0
262.398	0.166	fixation	n/a	242.1	87.0	961.0	n/a	n/a	n/a	n/a
262.566	0.024	saccade	n/a	241.2	89.5	n/a	325.7	93.8	3.38	253.0
262.592	0.08	fixation	n/a	322.3	92.2	979.0	n/a	n/a	n/a	n/a
262.674	0.024	saccade	n/a	323.2	95.0	n/a	393.5	98.2	2.83	214.0
262.7	0.166	fixation	n/a	386.7	98.3	1006.0	n/a	n/a	n/a	n/a
262.868	0.022	saccade	n/a	388.0	99.5	n/a	449.7	94.8	2.5	194.0
262.892	0.168	fixation	n/a	445.8	94.3	1039.0	n/a	n/a	n/a	n/a
263.062	0.022	saccade	n/a	445.2	94.1	n/a	511.1	88.1	2.66	199.0
263.086	0.252	fixation	n/a	508.1	88.8	1048.0	n/a	n/a	n/a	n/a
263.34	0.016	saccade	n/a	506.0	88.0	n/a	541.3	90.6	1.41	122.0
263.358	0.282	fixation	n/a	539.1	91.2	1020.0	n/a	n/a	n/a	n/a
263.642	0.062	saccade	n/a	539.9	92.9	n/a	214.5	145.9	13.12	426.0
263.706	0.108	fixation	n/a	206.1	143.8	996.0	n/a	n/a	n/a	n/a
263.816	0.024	saccade	n/a	206.8	143.8	n/a	124.3	157.4	3.28	250.0
263.842	0.256	fixation	n/a	136.7	158.0	1009.0	n/a	n/a	n/a	n/a
264.1	0.022	saccade	n/a	135.3	159.1	n/a	214.1	151.1	3.11	221.0
264.124	0.162	fixation	n/a	222.1	146.2	1002.0	n/a	n/a	n/a	n/a
264.288	0.024	saccade	n/a	221.1	146.2	n/a	303.0	147.0	3.27	243.0
264.314	0.208	fixation	n/a	300.1	146.1	981.0	n/a	n/a	n/a	n/a
264.524	0.016	saccade	n/a	302.3	147.4	n/a	273.4	143.0	1.17	112.0
264.542	0.202	fixation	n/a	280.0	145.9	989.0	n/a	n/a	n/a	n/a
264.746	0.112	saccade	n/a	278.4	154.6	n/a	334.3	147.1	2.26	583.0
264.782	0.022	blink	n/a	n/a	n/a	n/a	n/a	n/a	n/a	n/a
264.86	0.578	fixation	n/a	337.5	150.6	944.0	n/a	n/a	n/a	n/a
265.44	0.02	saccade	n/a	337.9	143.6	n/a	394.3	146.2	2.27	171.0
265.462	0.486	fixation	n/a	395.4	145.4	921.0	n/a	n/a	n/a	n/a
265.95	0.052	saccade	n/a	395.1	146.4	n/a	178.9	94.6	8.87	387.0
266.004	0.268	fixation	n/a	175.5	93.7	911.0	n/a	n/a	n/a	n/a
266.274	0.014	saccade	n/a	174.8	93.2	n/a	200.6	83.7	1.09	98.0
266.29	0.12	fixation	n/a	197.5	90.7	938.0	n/a	n/a	n/a	n/a
266.412	0.024	saccade	n/a	199.0	92.8	n/a	129.1	93.3	2.74	217.0
266.438	0.388	fixation	n/a	145.6	95.6	977.0	n/a	n/a	n/a	n/a
266.588	0.0	trigger_13	13	n/a	n/a	n/a	n/a	n/a	n/a	n/a
266.828	0.008	saccade	n/a	151.1	92.8	n/a	160.4	89.6	0.39	48.0
266.838	0.174	fixation	n/a	164.8	94.2	1057.0	n/a	n/a	n/a	n/a
267.014	0.026	saccade	n/a	160.7	94.9	n/a	258.1	91.7	3.85	256.0
267.042	0.178	fixation	n/a	253.4	88.8	1066.0	n/a	n/a	n/a	n/a
267.222	0.02	saccade	n/a	252.7	88.5	n/a	305.2	92.8	2.11	176.0
267.244	0.17	fixation	n/a	296.9	90.3	1056.0	n/a	n/a	n/a	n/a
267.416	0.024	saccade	n/a	300.0	90.3	n/a	215.3	86.8	3.38	242.0
267.442	0.228	fixation	n/a	225.6	91.2	1064.0	n/a	n/a	n/a	n/a
267.672	0.028	saccade	n/a	224.2	92.4	n/a	319.5	92.2	3.8	244.0
267.702	0.114	fixation	n/a	314.0	91.0	1106.0	n/a	n/a	n/a	n/a
267.818	0.022	saccade	n/a	312.5	91.5	n/a	371.7	93.4	2.38	184.0
267.842	0.164	fixation	n/a	363.1	92.0	1130.0	n/a	n/a	n/a	n/a
268.008	0.026	saccade	n/a	364.0	96.3	n/a	437.0	89.7	2.96	182.0
268.036	0.174	fixation	n/a	431.6	91.1	1134.0	n/a	n/a	n/a	n/a
268.212	0.06	saccade	n/a	431.6	91.8	n/a	154.0	148.9	11.26	455.0
268.274	0.492	fixation	n/a	141.3	150.8	1112.0	n/a	n/a	n/a	n/a
268.768	0.008	saccade	n/a	146.3	152.2	n/a	154.0	147.1	0.36	47.0
268.778	0.166	fixation	n/a	154.5	148.2	1107.0	n/a	n/a	n/a	n/a
268.946	0.022	saccade	n/a	153.3	148.8	n/a	148.2	206.2	2.31	167.0
268.97	0.592	fixation	n/a	149.9	204.1	1107.0	n/a	n/a	n/a	n/a
269.564	0.022	saccade	n/a	150.3	208.7	n/a	145.4	271.0	2.49	173.0
269.588	0.54	fixation	n/a	143.7	274.2	1067.0	n/a	n/a	n/a	n/a
270.13	0.018	saccade	n/a	136.6	281.0	n/a	180.7	270.0	1.77	134.0
270.15	0.21	fixation	n/a	181.4	270.1	1052.0	n/a	n/a	n/a	n/a
270.362	0.024	saccade	n/a	182.3	272.8	n/a	140.0	325.1	2.64	171.0
270.388	0.12	fixation	n/a	145.9	320.6	1055.0	n/a	n/a	n/a	n/a
270.51	0.026	saccade	n/a	145.2	320.9	n/a	259.7	313.9	4.48	286.0
270.538	0.098	fixation	n/a	273.4	314.0	1049.0	n/a	n/a	n/a	n/a
270.638	0.026	saccade	n/a	274.0	315.1	n/a	379.4	310.0	4.19	301.0
270.666	0.066	fixation	n/a	371.5	306.7	1020.0	n/a	n/a	n/a	n/a
270.734	0.024	saccade	n/a	371.3	308.8	n/a	454.6	305.4	3.32	248.0
270.76	0.166	fixation	n/a	445.8	307.0	974.0	n/a	n/a	n/a	n/a
270.928	0.026	saccade	n/a	446.4	310.4	n/a	521.3	301.2	3.0	180.0
270.956	0.056	fixation	n/a	524.1	298.6	908.0	n/a	n/a	n/a	n/a
271.014	0.062	saccade	n/a	524.1	299.0	n/a	168.4	106.1	16.03	544.0
271.078	0.106	fixation	n/a	160.1	101.8	833.0	n/a	n/a	n/a	n/a
271.14	0.0	trigger_15	15	n/a	n/a	n/a	n/a	n/a	n/a	n/a
271.148	0.0	trigger_10	10	n/a	n/a	n/a	n/a	n/a	n/a	n/a
271.186	0.026	saccade	n/a	162.0	101.5	n/a	146.4	81.3	1.02	178.0
271.214	0.158	fixation	n/a	144.0	81.8	801.0	n/a	n/a	n/a	n/a
271.374	0.02	saccade	n/a	145.7	84.0	n/a	123.5	79.8	0.88	97.0
271.396	0.168	fixation	n/a	129.8	83.3	804.0	n/a	n/a	n/a	n/a
271.566	0.022	saccade	n/a	127.4	85.2	n/a	208.7	74.8	3.22	235.0
271.59	0.234	fixation	n/a	217.3	73.8	838.0	n/a	n/a	n/a	n/a
271.826	0.024	saccade	n/a	217.8	77.8	n/a	288.9	81.3	2.84	214.0
271.852	0.094	fixation	n/a	284.4	81.6	880.0	n/a	n/a	n/a	n/a
271.948	0.114	saccade	n/a	285.7	94.4	n/a	311.1	99.9	1.04	800.0
271.976	0.034	blink	n/a	n/a	n/a	n/a	n/a	n/a	n/a	n/a
272.064	0.212	fixation	n/a	311.7	100.5	913.0	n/a	n/a	n/a	n/a
272.278	0.024	saccade	n/a	311.6	101.2	n/a	390.1	101.0	3.16	205.0
272.304	0.366	fixation	n/a	396.9	100.6	926.0	n/a	n/a	n/a	n/a
272.672	0.026	saccade	n/a	398.2	100.0	n/a	477.7	89.8	3.23	188.0
272.7	0.326	fixation	n/a	477.9	90.3	968.0	n/a	n/a	n/a	n/a
273.028	0.018	saccade	n/a	476.4	89.8	n/a	521.4	83.9	1.82	126.0
273.048	0.592	fixation	n/a	521.4	85.2	985.0	n/a	n/a	n/a	n/a
273.642	0.02	saccade	n/a	520.2	86.1	n/a	579.9	84.9	2.38	168.0
273.664	0.336	fixation	n/a	579.3	81.4	937.0	n/a	n/a	n/a	n/a
274.002	0.024	saccade	n/a	580.6	82.5	n/a	509.0	81.8	2.85	205.0
274.028	0.192	fixation	n/a	522.7	85.7	934.0	n/a	n/a	n/a	n/a
274.222	0.06	saccade	n/a	522.9	87.7	n/a	218.7	102.5	12.13	376.0
274.284	0.154	fixation	n/a	194.8	106.4	924.0	n/a	n/a	n/a	n/a
274.44	0.022	saccade	n/a	193.6	106.1	n/a	136.4	90.1	2.33	201.0
274.464	0.456	fixation	n/a	143.5	93.9	920.0	n/a	n/a	n/a	n/a
274.74	0.0	trigger_11	11	n/a	n/a	n/a	n/a	n/a	n/a	n/a
274.746	0.0	trigger_10	10	n/a	n/a	n/a	n/a	n/a	n/a	n/a
274.922	0.02	saccade	n/a	146.7	95.5	n/a	116.7	88.0	1.21	118.0
274.944	0.198	fixation	n/a	125.8	93.7	954.0	n/a	n/a	n/a	n/a
275.144	0.02	saccade	n/a	126.7	99.8	n/a	194.1	95.9	2.65	203.0
275.166	0.202	fixation	n/a	197.7	93.7	975.0	n/a	n/a	n/a	n/a
275.37	0.022	saccade	n/a	196.1	93.0	n/a	266.9	92.5	2.82	206.0
275.394	0.824	fixation	n/a	282.3	91.6	1000.0	n/a	n/a	n/a	n/a
276.22	0.022	saccade	n/a	297.0	95.5	n/a	353.1	102.2	2.27	172.0
276.244	0.338	fixation	n/a	348.2	100.0	999.0	n/a	n/a	n/a	n/a
276.584	0.018	saccade	n/a	347.6	101.7	n/a	390.5	103.2	1.73	134.0
276.604	0.184	fixation	n/a	387.9	101.6	981.0	n/a	n/a	n/a	n/a
276.79	0.02	saccade	n/a	385.7	101.2	n/a	432.3	95.6	1.89	146.0
276.812	0.096	fixation	n/a	429.0	97.0	981.0	n/a	n/a	n/a	n/a
276.91	0.022	saccade	n/a	427.1	97.4	n/a	472.6	92.3	1.84	134.0
276.934	0.166	fixation	n/a	466.0	89.5	984.0	n/a	n/a	n/a	n/a
277.102	0.018	saccade	n/a	465.3	92.0	n/a	508.2	84.0	1.75	128.0
277.122	0.168	fixation	n/a	501.8	86.1	1001.0	n/a	n/a	n/a	n/a
277.292	0.064	saccade	n/a	502.3	88.3	n/a	179.0	147.1	13.07	480.0
277.358	0.12	fixation	n/a	165.7	145.7	1017.0	n/a	n/a	n/a	n/a
277.48	0.022	saccade	n/a	166.6	146.0	n/a	126.9	147.5	1.55	142.0
277.504	0.196	fixation	n/a	135.6	146.0	1007.0	n/a	n/a	n/a	n/a
277.702	0.02	saccade	n/a	137.8	146.5	n/a	196.8	140.8	2.33	202.0
277.724	0.166	fixation	n/a	191.9	139.6	990.0	n/a	n/a	n/a	n/a
277.892	0.022	saccade	n/a	192.2	140.9	n/a	264.6	139.8	2.88	231.0
277.916	0.376	fixation	n/a	263.6	144.9	1003.0	n/a	n/a	n/a	n/a
278.294	0.02	saccade	n/a	265.1	151.5	n/a	320.1	148.6	2.21	175.0
278.316	0.198	fixation	n/a	318.1	148.1	1010.0	n/a	n/a	n/a	n/a
278.516	0.02	saccade	n/a	319.6	146.7	n/a	376.1	147.2	2.27	167.0
278.538	0.088	fixation	n/a	383.8	147.0	1001.0	n/a	n/a	n/a	n/a
278.628	0.02	saccade	n/a	382.4	145.5	n/a	440.8	143.5	2.36	175.0
278.65	0.2	fixation	n/a	442.0	143.0	987.0	n/a	n/a	n/a	n/a
278.852	0.024	saccade	n/a	441.4	145.0	n/a	517.4	140.0	3.06	212.0
278.878	0.304	fixation	n/a	513.4	139.3	965.0	n/a	n/a	n/a	n/a
279.184	0.024	saccade	n/a	511.9	139.5	n/a	573.0	137.2	2.44	152.0
279.21	0.17	fixation	n/a	569.1	135.2	953.0	n/a	n/a	n/a	n/a
279.382	0.066	saccade	n/a	569.2	136.3	n/a	184.0	201.8	15.45	503.0
279.45	0.14	fixation	n/a	168.3	204.7	953.0	n/a	n/a	n/a	n/a
279.592	0.02	saccade	n/a	168.8	204.9	n/a	127.6	209.4	1.62	154.0
279.614	0.156	fixation	n/a	136.7	209.3	949.0	n/a	n/a	n/a	n/a
279.772	0.018	saccade	n/a	138.1	210.0	n/a	96.1	210.1	1.62	144.0
279.792	0.148	fixation	n/a	106.4	207.9	937.0	n/a	n/a	n/a	n/a
279.942	0.036	saccade	n/a	108.4	207.3	n/a	129.3	86.2	4.91	305.0
279.98	0.17	fixation	n/a	129.7	94.7	891.0	n/a	n/a	n/a	n/a
280.152	0.018	saccade	n/a	130.2	96.2	n/a	164.5	75.1	1.59	139.0
280.172	0.362	fixation	n/a	159.3	84.5	873.0	n/a	n/a	n/a	n/a
280.342	0.0	trigger_11	11	n/a	n/a	n/a	n/a	n/a	n/a	n/a
280.346	0.0	trigger_12	12	n/a	n/a	n/a	n/a	n/a	n/a	n/a
280.536	0.02	saccade	n/a	160.4	88.0	n/a	114.8	92.2	1.79	159.0
280.558	0.184	fixation	n/a	129.8	93.3	902.0	n/a	n/a	n/a	n/a
280.744	0.014	saccade	n/a	160.1	94.1	n/a	195.1	99.8	1.4	109.0
280.76	0.148	fixation	n/a	209.0	100.6	932.0	n/a	n/a	n/a	n/a
280.91	0.022	saccade	n/a	209.2	100.2	n/a	283.8	96.6	2.97	209.0
280.934	0.252	fixation	n/a	305.0	95.5	949.0	n/a	n/a	n/a	n/a
281.188	0.022	saccade	n/a	308.3	97.3	n/a	375.9	101.1	2.72	199.0
281.212	0.146	fixation	n/a	378.7	99.3	960.0	n/a	n/a	n/a	n/a
281.36	0.024	saccade	n/a	379.5	100.5	n/a	449.3	95.4	2.82	185.0
281.386	0.202	fixation	n/a	449.5	97.4	961.0	n/a	n/a	n/a	n/a
281.59	0.02	saccade	n/a	448.6	99.8	n/a	493.6	93.0	1.83	135.0
281.612	0.342	fixation	n/a	484.9	94.3	986.0	n/a	n/a	n/a	n/a
281.956	0.02	saccade	n/a	481.4	95.1	n/a	536.8	88.9	2.23	163.0
281.978	0.298	fixation	n/a	542.7	90.0	993.0	n/a	n/a	n/a	n/a
282.278	0.016	saccade	n/a	540.0	93.0	n/a	577.3	92.6	1.48	127.0
282.296	0.08	fixation	n/a	571.3	90.8	990.0	n/a	n/a	n/a	n/a
282.378	0.066	saccade	n/a	571.6	88.5	n/a	189.2	150.3	15.32	533.0
282.446	0.206	fixation	n/a	172.1	151.1	1026.0	n/a	n/a	n/a	n/a
282.654	0.024	saccade	n/a	169.8	152.8	n/a	247.3	142.7	3.09	224.0
282.68	0.184	fixation	n/a	243.4	142.5	999.0	n/a	n/a	n/a	n/a
282.866	0.022	saccade	n/a	243.9	142.2	n/a	309.8	144.3	2.64	212.0
282.89	0.148	fixation	n/a	302.2	142.1	969.0	n/a	n/a	n/a	n/a
283.04	0.022	saccade	n/a	300.8	142.4	n/a	367.3	143.8	2.68	190.0
283.064	0.19	fixation	n/a	367.9	144.3	947.0	n/a	n/a	n/a	n/a
283.256	0.024	saccade	n/a	366.5	143.9	n/a	433.0	142.2	2.68	186.0
283.282	0.318	fixation	n/a	431.1	141.2	920.0	n/a	n/a	n/a	n/a
283.602	0.02	saccade	n/a	431.7	142.4	n/a	484.4	139.7	2.12	166.0
283.624	0.18	fixation	n/a	479.5	139.0	907.0	n/a	n/a	n/a	n/a
283.806	0.02	saccade	n/a	478.9	140.1	n/a	531.9	138.7	2.13	160.0
283.828	0.238	fixation	n/a	535.9	137.4	892.0	n/a	n/a	n/a	n/a
284.068	0.008	saccade	n/a	540.1	139.0	n/a	556.3	138.8	0.65	79.0
284.078	0.286	fixation	n/a	554.8	137.6	882.0	n/a	n/a	n/a	n/a
284.366	0.066	saccade	n/a	554.8	137.5	n/a	204.8	201.8	14.13	443.0
284.434	0.112	fixation	n/a	192.5	202.3	907.0	n/a	n/a	n/a	n/a
284.548	0.022	saccade	n/a	193.9	205.2	n/a	128.8	210.9	2.55	207.0
284.572	0.304	fixation	n/a	138.4	214.3	954.0	n/a	n/a	n/a	n/a
284.878	0.026	saccade	n/a	134.2	216.5	n/a	237.9	204.5	4.1	263.0
284.906	0.17	fixation	n/a	240.5	205.1	966.0	n/a	n/a	n/a	n/a
285.078	0.026	saccade	n/a	241.7	206.4	n/a	326.5	202.5	3.39	219.0
285.106	0.208	fixation	n/a	320.7	203.4	977.0	n/a	n/a	n/a	n/a
285.316	0.026	saccade	n/a	318.7	205.9	n/a	411.3	201.4	3.72	236.0
285.344	0.63	fixation	n/a	413.3	201.8	930.0	n/a	n/a	n/a	n/a
285.976	0.058	saccade	n/a	415.9	202.4	n/a	176.3	90.9	10.54	438.0
286.036	0.146	fixation	n/a	170.0	86.4	856.0	n/a	n/a	n/a	n/a
286.184	0.022	saccade	n/a	169.4	83.4	n/a	135.7	78.4	1.33	135.0
286.208	0.252	fixation	n/a	143.8	81.9	835.0	n/a	n/a	n/a	n/a
286.214	0.0	trigger_13	13	n/a	n/a	n/a	n/a	n/a	n/a	n/a
286.462	0.02	saccade	n/a	145.6	83.3	n/a	116.3	91.9	1.19	113.0
286.484	0.136	fixation	n/a	124.5	89.4	859.0	n/a	n/a	n/a	n/a
286.622	0.024	saccade	n/a	123.1	89.1	n/a	201.4	84.1	3.07	222.0
286.648	0.214	fixation	n/a	205.1	83.1	887.0	n/a	n/a	n/a	n/a
286.864	0.022	saccade	n/a	208.1	87.2	n/a	269.2	84.9	2.43	196.0
286.888	0.23	fixation	n/a	266.7	83.0	911.0	n/a	n/a	n/a	n/a
287.12	0.024	saccade	n/a	267.6	82.8	n/a	364.6	89.0	3.9	276.0
287.146	0.394	fixation	n/a	369.6	89.5	970.0	n/a	n/a	n/a	n/a
287.542	0.022	saccade	n/a	371.3	95.0	n/a	424.5	96.3	2.15	152.0
287.566	0.298	fixation	n/a	416.5	97.3	969.0	n/a	n/a	n/a	n/a
287.866	0.028	saccade	n/a	415.9	98.7	n/a	491.7	88.0	3.08	176.0
287.896	0.646	fixation	n/a	489.6	88.3	991.0	n/a	n/a	n/a	n/a
288.544	0.02	saccade	n/a	487.0	90.5	n/a	538.8	87.4	2.08	146.0
288.566	0.186	fixation	n/a	541.2	85.0	1055.0	n/a	n/a	n/a	n/a
288.754	0.02	saccade	n/a	538.1	82.7	n/a	592.9	82.4	2.17	171.0
288.776	0.246	fixation	n/a	595.2	82.8	1082.0	n/a	n/a	n/a	n/a
289.024	0.07	saccade	n/a	594.1	83.5	n/a	155.1	159.7	17.52	608.0
289.096	0.122	fixation	n/a	138.8	164.6	1115.0	n/a	n/a	n/a	n/a
289.22	0.024	saccade	n/a	138.1	165.3	n/a	113.5	180.5	1.13	129.0
289.246	0.108	fixation	n/a	116.3	179.1	1073.0	n/a	n/a	n/a	n/a
289.356	0.018	saccade	n/a	114.6	179.7	n/a	128.9	225.4	1.91	170.0
289.376	0.208	fixation	n/a	125.7	212.8	1035.0	n/a	n/a	n/a	n/a
289.586	0.02	saccade	n/a	126.2	212.1	n/a	100.6	225.8	1.13	122.0
289.608	0.898	fixation	n/a	113.1	251.0	1015.0	n/a	n/a	n/a	n/a
290.508	0.014	saccade	n/a	117.7	269.1	n/a	134.0	264.3	0.66	62.0
290.524	0.348	fixation	n/a	137.2	261.7	1073.0	n/a	n/a	n/a	n/a
290.874	0.014	saccade	n/a	144.6	269.1	n/a	139.2	237.8	1.26	118.0
290.89	0.208	fixation	n/a	143.8	243.4	1092.0	n/a	n/a	n/a	n/a
291.1	0.022	saccade	n/a	144.2	245.7	n/a	151.1	305.9	2.4	158.0
291.124	0.124	fixation	n/a	151.8	301.3	1080.0	n/a	n/a	n/a	n/a
291.25	0.018	saccade	n/a	151.5	302.9	n/a	186.7	323.5	1.59	128.0
291.27	0.25	fixation	n/a	183.7	322.9	1046.0	n/a	n/a	n/a	n/a
291.522	0.01	saccade	n/a	183.3	324.2	n/a	165.9	329.6	0.71	73.0
291.534	0.204	fixation	n/a	170.7	330.8	1002.0	n/a	n/a	n/a	n/a
291.74	0.024	saccade	n/a	168.9	331.7	n/a	252.2	324.1	3.27	213.0
291.766	0.152	fixation	n/a	260.1	321.9	974.0	n/a	n/a	n/a	n/a
291.92	0.024	saccade	n/a	259.0	323.7	n/a	357.3	319.4	3.9	237.0
291.946	0.2	fixation	n/a	379.7	317.8	951.0	n/a	n/a	n/a	n/a
292.148	0.022	saccade	n/a	380.2	321.0	n/a	457.3	316.9	3.08	221.0
292.172	0.164	fixation	n/a	459.6	314.2	905.0	n/a	n/a	n/a	n/a
292.338	0.054	saccade	n/a	461.7	316.0	n/a	119.2	150.9	15.0	481.0
292.394	0.122	fixation	n/a	121.9	154.8	835.0	n/a	n/a	n/a	n/a
292.518	0.028	saccade	n/a	122.0	152.0	n/a	126.9	118.8	1.35	193.0
292.548	0.178	fixation	n/a	125.4	116.2	813.0	n/a	n/a	n/a	n/a
292.55	0.0	trigger_15	15	n/a	n/a	n/a	n/a	n/a	n/a	n/a
292.556	0.0	trigger_10	10	n/a	n/a	n/a	n/a	n/a	n/a	n/a
292.728	0.018	saccade	n/a	126.5	117.5	n/a	141.6	76.0	1.77	158.0
292.748	0.388	fixation	n/a	141.0	75.7	854.0	n/a	n/a	n/a	n/a
293.138	0.024	saccade	n/a	139.9	76.8	n/a	235.6	78.8	3.78	266.0
293.164	0.136	fixation	n/a	233.2	76.7	875.0	n/a	n/a	n/a	n/a
293.302	0.094	saccade	n/a	241.1	88.1	n/a	224.5	83.3	0.69	555.0
293.398	0.092	fixation	n/a	225.7	82.7	905.0	n/a	n/a	n/a	n/a
293.492	0.026	saccade	n/a	228.5	82.9	n/a	160.6	84.9	2.68	234.0
293.52	0.056	fixation	n/a	173.2	85.7	929.0	n/a	n/a	n/a	n/a
293.578	0.028	saccade	n/a	170.4	86.2	n/a	143.5	88.0	1.06	162.0
293.608	0.152	fixation	n/a	141.0	87.8	956.0	n/a	n/a	n/a	n/a
293.762	0.026	saccade	n/a	139.3	89.1	n/a	238.9	89.0	3.93	261.0
293.79	0.34	fixation	n/a	240.1	90.2	1021.0	n/a	n/a	n/a	n/a
294.132	0.02	saccade	n/a	239.6	93.8	n/a	293.2	87.9	2.15	167.0
294.154	0.492	fixation	n/a	290.7	91.5	1002.0	n/a	n/a	n/a	n/a
294.648	0.024	saccade	n/a	293.2	93.5	n/a	364.9	99.4	2.89	209.0
294.674	0.366	fixation	n/a	358.8	97.4	984.0	n/a	n/a	n/a	n/a
295.042	0.012	saccade	n/a	357.7	99.6	n/a	380.8	96.4	0.94	92.0
295.056	0.464	fixation	n/a	377.9	97.2	969.0	n/a	n/a	n/a	n/a
295.522	0.014	saccade	n/a	377.4	96.8	n/a	412.9	95.5	1.43	120.0
295.538	0.25	fixation	n/a	413.8	94.9	954.0	n/a	n/a	n/a	n/a
295.79	0.012	saccade	n/a	411.5	93.7	n/a	393.1	92.7	0.74	73.0
295.804	0.146	fixation	n/a	398.6	93.6	910.0	n/a	n/a	n/a	n/a
295.952	0.022	saccade	n/a	397.8	92.5	n/a	465.3	87.6	2.72	173.0
295.976	0.152	fixation	n/a	472.2	84.0	878.0	n/a	n/a	n/a	n/a
296.13	0.018	saccade	n/a	472.7	84.1	n/a	515.5	83.3	1.72	134.0
296.15	0.204	fixation	n/a	519.7	82.5	862.0	n/a	n/a	n/a	n/a
296.356	0.022	saccade	n/a	521.4	84.0	n/a	572.8	85.9	2.05	148.0
296.38	0.286	fixation	n/a	569.3	83.1	868.0	n/a	n/a	n/a	n/a
296.668	0.068	saccade	n/a	570.0	84.5	n/a	174.2	135.0	15.78	457.0
296.738	0.102	fixation	n/a	163.4	134.8	937.0	n/a	n/a	n/a	n/a
296.842	0.02	saccade	n/a	163.9	135.0	n/a	117.2	145.1	1.87	180.0
296.864	1.016	fixation	n/a	126.6	150.6	980.0	n/a	n/a	n/a	n/a
297.882	0.02	saccade	n/a	129.4	157.6	n/a	187.3	148.9	2.29	164.0
297.904	0.162	fixation	n/a	194.9	148.4	1023.0	n/a	n/a	n/a	n/a
298.068	0.182	saccade	n/a	198.5	154.8	n/a	213.9	172.7	0.95	932.0
298.1	0.078	blink	n/a	n/a	n/a	n/a	n/a	n/a	n/a	n/a
298.252	0.146	fixation	n/a	212.3	172.3	1017.0	n/a	n/a	n/a	n/a
298.4	0.012	saccade	n/a	209.2	170.3	n/a	189.4	163.4	0.83	86.0
298.414	0.2	fixation	n/a	196.9	161.1	993.0	n/a	n/a	n/a	n/a
298.616	0.02	saccade	n/a	196.2	158.5	n/a	260.4	153.6	2.56	198.0
298.638	0.444	fixation	n/a	260.0	148.9	937.0	n/a	n/a	n/a	n/a
299.084	0.022	saccade	n/a	260.1	148.7	n/a	220.7	95.8	2.66	204.0
299.108	0.184	fixation	n/a	230.6	87.9	916.0	n/a	n/a	n/a	n/a
299.294	0.026	saccade	n/a	232.4	89.0	n/a	133.6	87.4	3.88	262.0
299.322	0.586	fixation	n/a	145.7	94.0	959.0	n/a	n/a	n/a	n/a
299.91	0.024	saccade	n/a	148.7	98.6	n/a	238.5	90.6	3.56	224.0
299.936	0.178	fixation	n/a	240.7	93.5	1035.0	n/a	n/a	n/a	n/a
300.116	0.022	saccade	n/a	243.0	97.2	n/a	165.7	94.8	3.06	230.0
300.14	0.214	fixation	n/a	166.8	98.1	1030.0	n/a	n/a	n/a	n/a
300.356	0.042	saccade	n/a	164.8	97.6	n/a	296.9	96.2	5.24	274.0
300.4	0.172	fixation	n/a	296.9	95.8	1002.0	n/a	n/a	n/a	n/a
300.574	0.022	saccade	n/a	300.9	97.5	n/a	237.5	95.7	2.54	196.0
300.598	0.21	fixation	n/a	248.0	98.7	1004.0	n/a	n/a	n/a	n/a
300.81	0.02	saccade	n/a	246.4	97.3	n/a	305.8	96.0	2.38	207.0
300.832	0.17	fixation	n/a	303.6	95.2	995.0	n/a	n/a	n/a	n/a
301.004	0.02	saccade	n/a	303.0	95.8	n/a	366.8	98.2	2.57	188.0
301.026	0.314	fixation	n/a	366.5	97.4	979.0	n/a	n/a	n/a	n/a
301.342	0.05	saccade	n/a	364.5	94.4	n/a	191.9	96.8	6.89	398.0
301.376	0.0	trigger_11	11	n/a	n/a	n/a	n/a	n/a	n/a	n/a
301.38	0.0	trigger_10	10	n/a	n/a	n/a	n/a	n/a	n/a	n/a
301.394	0.172	fixation	n/a	184.2	95.0	940.0	n/a	n/a	n/a	n/a
301.568	0.024	saccade	n/a	182.2	94.1	n/a	119.1	82.9	2.51	220.0
301.594	0.24	fixation	n/a	134.3	85.7	934.0	n/a	n/a	n/a	n/a
301.836	0.02	saccade	n/a	133.7	87.9	n/a	186.5	84.9	2.07	186.0
301.858	0.102	fixation	n/a	176.4	84.9	952.0	n/a	n/a	n/a	n/a
301.962	0.032	saccade	n/a	177.6	87.2	n/a	127.3	84.1	1.97	217.0
301.996	0.31	fixation	n/a	121.8	86.2	928.0	n/a	n/a	n/a	n/a
302.308	0.02	saccade	n/a	122.6	87.8	n/a	175.8	87.7	2.08	184.0
302.33	0.188	fixation	n/a	171.8	88.0	954.0	n/a	n/a	n/a	n/a
302.52	0.022	saccade	n/a	170.2	88.7	n/a	237.0	88.5	2.64	214.0
302.544	0.152	fixation	n/a	228.1	89.7	968.0	n/a	n/a	n/a	n/a
302.698	0.022	saccade	n/a	228.6	88.1	n/a	284.5	85.7	2.23	180.0
302.722	0.228	fixation	n/a	282.8	85.7	979.0	n/a	n/a	n/a	n/a
302.952	0.022	saccade	n/a	282.7	86.5	n/a	346.6	88.5	2.56	188.0
302.976	0.172	fixation	n/a	346.2	90.5	997.0	n/a	n/a	n/a	n/a
303.15	0.022	saccade	n/a	345.7	93.2	n/a	423.0	93.3	3.11	234.0
303.174	0.17	fixation	n/a	433.6	92.6	993.0	n/a	n/a	n/a	n/a
303.346	0.02	saccade	n/a	432.6	92.9	n/a	487.2	87.2	2.21	171.0
303.368	0.374	fixation	n/a	491.8	87.0	997.0	n/a	n/a	n/a	n/a
303.744	0.016	saccade	n/a	494.9	87.9	n/a	537.0	87.1	1.68	134.0
303.762	0.354	fixation	n/a	541.2	88.9	999.0	n/a	n/a	n/a	n/a
304.118	0.008	saccade	n/a	546.5	91.1	n/a	559.9	89.8	0.54	66.0
304.128	0.186	fixation	n/a	560.3	89.0	971.0	n/a	n/a	n/a	n/a
304.316	0.066	saccade	n/a	561.7	88.2	n/a	176.4	146.0	15.44	496.0
304.384	0.134	fixation	n/a	159.8	146.2	993.0	n/a	n/a	n/a	n/a
304.52	0.018	saccade	n/a	162.2	146.7	n/a	124.8	149.2	1.46	133.0
304.54	0.142	fixation	n/a	136.8	151.1	992.0	n/a	n/a	n/a	n/a
304.684	0.022	saccade	n/a	137.9	152.4	n/a	200.2	145.0	2.46	193.0
304.708	0.264	fixation	n/a	198.9	145.1	981.0	n/a	n/a	n/a	n/a
304.974	0.022	saccade	n/a	198.5	145.3	n/a	272.9	144.6	2.96	231.0
304.998	0.17	fixation	n/a	265.3	141.2	963.0	n/a	n/a	n/a	n/a
305.17	0.024	saccade	n/a	263.3	139.9	n/a	358.7	145.0	3.84	260.0
305.196	0.23	fixation	n/a	368.6	141.8	981.0	n/a	n/a	n/a	n/a
305.428	0.024	saccade	n/a	370.1	144.0	n/a	434.4	138.5	2.6	184.0
305.454	0.416	fixation	n/a	427.0	143.8	968.0	n/a	n/a	n/a	n/a
305.872	0.024	saccade	n/a	425.9	142.7	n/a	500.1	136.9	3.0	189.0
305.898	0.264	fixation	n/a	501.4	136.4	977.0	n/a	n/a	n/a	n/a
306.164	0.09	saccade	n/a	499.2	141.6	n/a	148.6	98.8	13.99	292.0
306.256	0.132	fixation	n/a	159.4	101.7	965.0	n/a	n/a	n/a	n/a
306.39	0.022	saccade	n/a	159.2	101.3	n/a	128.4	84.9	1.37	165.0
306.414	0.502	fixation	n/a	133.2	88.6	947.0	n/a	n/a	n/a	n/a
306.918	0.008	saccade	n/a	132.1	88.4	n/a	117.2	84.2	0.6	71.0
306.928	0.45	fixation	n/a	125.0	92.1	968.0	n/a	n/a	n/a	n/a
307.136	0.0	trigger_11	11	n/a	n/a	n/a	n/a	n/a	n/a	n/a
307.144	0.0	trigger_10	10	n/a	n/a	n/a	n/a	n/a	n/a	n/a
307.38	0.006	saccade	n/a	130.7	94.7	n/a	138.8	90.5	0.36	53.0
307.388	0.118	fixation	n/a	141.0	93.8	996.0	n/a	n/a	n/a	n/a
307.508	0.022	saccade	n/a	139.9	95.8	n/a	214.4	95.1	2.93	215.0
307.532	0.22	fixation	n/a	216.0	91.1	1013.0	n/a	n/a	n/a	n/a
307.754	0.018	saccade	n/a	215.2	89.5	n/a	253.8	88.7	1.54	126.0
307.774	0.308	fixation	n/a	251.7	86.8	979.0	n/a	n/a	n/a	n/a
308.084	0.02	saccade	n/a	252.6	93.2	n/a	302.2	94.2	1.98	152.0
308.106	0.258	fixation	n/a	304.8	94.3	986.0	n/a	n/a	n/a	n/a
308.366	0.024	saccade	n/a	305.5	94.9	n/a	357.8	96.0	2.11	130.0
308.392	0.272	fixation	n/a	350.2	94.7	981.0	n/a	n/a	n/a	n/a
308.666	0.02	saccade	n/a	350.0	95.6	n/a	402.2	96.9	2.11	180.0
308.688	0.158	fixation	n/a	408.1	94.3	954.0	n/a	n/a	n/a	n/a
308.848	0.022	saccade	n/a	407.7	95.3	n/a	473.0	87.7	2.65	175.0
308.872	0.12	fixation	n/a	482.7	88.4	947.0	n/a	n/a	n/a	n/a
308.994	0.068	saccade	n/a	480.2	101.7	n/a	560.9	105.7	3.23	426.0
309.064	0.23	fixation	n/a	556.8	94.5	966.0	n/a	n/a	n/a	n/a
309.296	0.066	saccade	n/a	558.5	95.4	n/a	177.8	154.1	15.26	500.0
309.364	0.088	fixation	n/a	164.0	154.9	994.0	n/a	n/a	n/a	n/a
309.454	0.028	saccade	n/a	165.9	155.6	n/a	146.0	157.6	0.78	157.0
309.484	0.162	fixation	n/a	141.3	158.9	971.0	n/a	n/a	n/a	n/a
309.648	0.02	saccade	n/a	142.6	159.5	n/a	202.3	154.8	2.35	189.0
309.67	0.36	fixation	n/a	192.8	155.4	998.0	n/a	n/a	n/a	n/a
310.032	0.024	saccade	n/a	190.9	155.9	n/a	276.6	153.4	3.4	248.0
310.058	0.216	fixation	n/a	268.7	150.1	1027.0	n/a	n/a	n/a	n/a
310.276	0.028	saccade	n/a	267.9	149.2	n/a	172.7	157.3	3.78	306.0
310.306	0.12	fixation	n/a	183.5	157.2	1042.0	n/a	n/a	n/a	n/a
310.428	0.018	saccade	n/a	180.9	157.2	n/a	165.8	161.2	0.61	98.0
310.448	0.158	fixation	n/a	169.9	161.4	1047.0	n/a	n/a	n/a	n/a
310.608	0.016	saccade	n/a	168.4	163.2	n/a	155.5	162.2	0.51	65.0
310.626	0.156	fixation	n/a	160.0	163.9	1044.0	n/a	n/a	n/a	n/a
310.784	0.02	saccade	n/a	158.9	164.9	n/a	214.0	161.5	2.17	180.0
310.806	0.254	fixation	n/a	207.7	159.8	1046.0	n/a	n/a	n/a	n/a
311.062	0.018	saccade	n/a	208.1	160.6	n/a	244.6	156.0	1.46	123.0
311.082	0.176	fixation	n/a	237.9	156.1	1038.0	n/a	n/a	n/a	n/a
311.26	0.006	saccade	n/a	237.2	157.0	n/a	229.6	153.8	0.33	50.0
311.268	0.072	fixation	n/a	230.0	155.6	1025.0	n/a	n/a	n/a	n/a
311.342	0.026	saccade	n/a	231.1	155.1	n/a	310.1	151.6	3.16	210.0
311.37	0.25	fixation	n/a	301.9	149.7	1003.0	n/a	n/a	n/a	n/a
311.622	0.022	saccade	n/a	301.0	149.7	n/a	368.8	149.6	2.73	213.0
311.646	0.18	fixation	n/a	361.3	147.5	969.0	n/a	n/a	n/a	n/a
311.828	0.026	saccade	n/a	361.6	147.3	n/a	444.1	145.4	3.32	220.0
311.856	0.328	fixation	n/a	442.7	146.9	958.0	n/a	n/a	n/a	n/a
312.186	0.018	saccade	n/a	444.3	147.2	n/a	485.6	145.3	1.66	130.0
312.206	0.174	fixation	n/a	480.0	143.9	963.0	n/a	n/a	n/a	n/a
312.382	0.016	saccade	n/a	479.9	146.6	n/a	456.3	141.9	0.97	98.0
312.4	0.14	fixation	n/a	463.7	142.7	978.0	n/a	n/a	n/a	n/a
312.542	0.012	saccade	n/a	461.9	145.3	n/a	441.5	141.9	0.83	82.0
312.556	0.186	fixation	n/a	448.9	145.3	996.0	n/a	n/a	n/a	n/a
312.744	0.024	saccade	n/a	447.6	148.1	n/a	537.0	144.3	3.58	240.0
312.77	0.198	fixation	n/a	541.9	142.2	1028.0	n/a	n/a	n/a	n/a
312.97	0.014	saccade	n/a	542.1	144.4	n/a	570.7	141.7	1.14	105.0
312.986	0.45	fixation	n/a	566.1	140.2	1017.0	n/a	n/a	n/a	n/a
313.438	0.008	saccade	n/a	570.3	139.3	n/a	583.1	139.1	0.51	62.0
313.448	0.114	fixation	n/a	585.5	141.1	993.0	n/a	n/a	n/a	n/a
313.564	0.066	saccade	n/a	585.9	141.1	n/a	189.9	208.7	15.86	507.0
313.632	0.118	fixation	n/a	172.6	208.0	1010.0	n/a	n/a	n/a	n/a
313.752	0.022	saccade	n/a	172.4	208.8	n/a	121.2	219.6	2.04	192.0
313.776	0.264	fixation	n/a	132.2	217.5	973.0	n/a	n/a	n/a	n/a
314.042	0.016	saccade	n/a	130.0	216.2	n/a	113.5	214.3	0.64	84.0
314.06	0.242	fixation	n/a	120.6	216.9	932.0	n/a	n/a	n/a	n/a
314.304	0.018	saccade	n/a	119.2	221.4	n/a	164.3	212.0	1.79	148.0
314.324	0.478	fixation	n/a	177.7	209.5	961.0	n/a	n/a	n/a	n/a
314.804	0.018	saccade	n/a	178.4	209.6	n/a	228.4	206.7	1.98	158.0
314.824	0.198	fixation	n/a	226.5	204.2	981.0	n/a	n/a	n/a	n/a
315.024	0.02	saccade	n/a	226.1	205.4	n/a	282.2	202.0	2.24	178.0
315.046	0.168	fixation	n/a	282.9	201.0	987.0	n/a	n/a	n/a	n/a
315.216	0.01	saccade	n/a	283.2	201.8	n/a	267.2	199.8	0.64	72.0
315.228	0.262	fixation	n/a	274.9	202.6	987.0	n/a	n/a	n/a	n/a
315.492	0.02	saccade	n/a	274.1	201.0	n/a	325.1	200.7	2.04	151.0
315.514	0.174	fixation	n/a	320.4	200.2	986.0	n/a	n/a	n/a	n/a
315.69	0.022	saccade	n/a	319.7	201.1	n/a	380.0	199.0	2.42	175.0
315.714	0.188	fixation	n/a	374.0	200.8	992.0	n/a	n/a	n/a	n/a
315.904	0.022	saccade	n/a	375.0	204.5	n/a	431.0	202.7	2.25	166.0
315.928	0.156	fixation	n/a	427.6	201.0	992.0	n/a	n/a	n/a	n/a
316.086	0.022	saccade	n/a	428.2	202.6	n/a	497.1	199.2	2.76	189.0
316.11	0.144	fixation	n/a	494.8	196.6	981.0	n/a	n/a	n/a	n/a
316.256	0.018	saccade	n/a	493.6	198.5	n/a	535.4	194.3	1.68	131.0
316.276	0.194	fixation	n/a	532.8	193.5	971.0	n/a	n/a	n/a	n/a
316.472	0.064	saccade	n/a	533.8	195.6	n/a	177.8	267.4	14.34	522.0
316.538	0.128	fixation	n/a	163.1	270.5	985.0	n/a	n/a	n/a	n/a
316.668	0.02	saccade	n/a	162.2	270.7	n/a	133.9	277.3	1.13	126.0
316.69	0.172	fixation	n/a	141.3	277.4	978.0	n/a	n/a	n/a	n/a
316.864	0.066	saccade	n/a	139.3	277.2	n/a	550.6	177.8	16.64	469.0
316.932	0.288	fixation	n/a	556.9	186.8	930.0	n/a	n/a	n/a	n/a
317.222	0.134	saccade	n/a	555.6	205.9	n/a	514.3	206.4	1.65	790.0
317.244	0.076	blink	n/a	n/a	n/a	n/a	n/a	n/a	n/a	n/a
317.358	0.184	fixation	n/a	516.1	208.6	919.0	n/a	n/a	n/a	n/a
317.544	0.022	saccade	n/a	514.9	206.1	n/a	566.0	200.2	2.05	151.0
317.568	0.476	fixation	n/a	563.3	199.3	890.0	n/a	n/a	n/a	n/a
318.046	0.032	saccade	n/a	563.8	201.3	n/a	446.9	202.3	4.67	272.0
318.08	0.164	fixation	n/a	455.5	202.5	882.0	n/a	n/a	n/a	n/a
318.246	0.028	saccade	n/a	453.9	198.7	n/a	553.2	196.1	3.97	253.0
318.276	0.228	fixation	n/a	553.5	194.7	886.0	n/a	n/a	n/a	n/a
318.506	0.066	saccade	n/a	554.4	196.2	n/a	202.7	263.1	14.16	456.0
318.574	0.162	fixation	n/a	190.0	264.0	945.0	n/a	n/a	n/a	n/a
318.738	0.03	saccade	n/a	189.0	264.6	n/a	160.3	131.0	5.48	309.0
318.77	0.154	fixation	n/a	170.4	125.1	899.0	n/a	n/a	n/a	n/a
318.926	0.022	saccade	n/a	169.4	124.2	n/a	143.5	79.1	2.08	222.0
318.95	0.164	fixation	n/a	150.5	87.2	855.0	n/a	n/a	n/a	n/a
319.116	0.02	saccade	n/a	151.5	88.4	n/a	114.3	92.7	1.46	140.0
319.138	0.296	fixation	n/a	124.2	94.1	894.0	n/a	n/a	n/a	n/a
319.176	0.0	trigger_11	11	n/a	n/a	n/a	n/a	n/a	n/a	n/a
319.18	0.0	trigger_10	10	n/a	n/a	n/a	n/a	n/a	n/a	n/a
319.436	0.024	saccade	n/a	124.8	95.4	n/a	228.5	104.6	4.09	286.0
319.462	0.274	fixation	n/a	236.5	109.1	994.0	n/a	n/a	n/a	n/a
319.738	0.024	saccade	n/a	236.5	109.3	n/a	153.3	96.8	3.32	226.0
319.764	0.174	fixation	n/a	160.6	98.3	969.0	n/a	n/a	n/a	n/a
319.94	0.034	saccade	n/a	160.1	100.9	n/a	353.0	111.5	7.68	363.0
319.976	0.234	fixation	n/a	354.7	110.0	994.0	n/a	n/a	n/a	n/a
320.212	0.026	saccade	n/a	355.8	113.5	n/a	458.7	107.8	4.15	255.0
320.24	0.076	fixation	n/a	463.5	106.1	1005.0	n/a	n/a	n/a	n/a
320.318	0.024	saccade	n/a	462.5	107.8	n/a	546.0	99.3	3.36	240.0
320.344	0.16	fixation	n/a	537.4	99.8	967.0	n/a	n/a	n/a	n/a
320.506	0.014	saccade	n/a	540.1	97.3	n/a	573.0	99.3	1.31	113.0
320.522	0.19	fixation	n/a	575.2	99.9	937.0	n/a	n/a	n/a	n/a
320.714	0.062	saccade	n/a	576.3	99.2	n/a	201.4	153.5	15.01	502.0
320.778	0.1	fixation	n/a	186.7	151.0	951.0	n/a	n/a	n/a	n/a
320.88	0.022	saccade	n/a	187.8	150.1	n/a	137.4	160.3	2.02	189.0
320.904	0.708	fixation	n/a	153.5	163.1	952.0	n/a	n/a	n/a	n/a
321.614	0.02	saccade	n/a	154.8	164.8	n/a	206.7	159.1	2.05	160.0
321.636	0.246	fixation	n/a	203.9	158.0	979.0	n/a	n/a	n/a	n/a
321.884	0.02	saccade	n/a	204.7	160.9	n/a	259.4	159.3	2.17	166.0
321.906	0.236	fixation	n/a	258.5	160.8	1007.0	n/a	n/a	n/a	n/a
322.144	0.02	saccade	n/a	258.6	161.8	n/a	209.9	167.6	1.95	170.0
322.166	0.244	fixation	n/a	220.1	167.2	991.0	n/a	n/a	n/a	n/a
322.412	0.02	saccade	n/a	219.6	168.6	n/a	170.6	161.2	1.96	150.0
322.434	0.302	fixation	n/a	177.7	163.9	972.0	n/a	n/a	n/a	n/a
322.738	0.02	saccade	n/a	175.1	165.8	n/a	227.7	163.4	2.08	173.0
322.76	0.326	fixation	n/a	229.5	163.3	989.0	n/a	n/a	n/a	n/a
323.088	0.016	saccade	n/a	229.8	165.8	n/a	264.5	159.3	1.4	127.0
323.106	0.18	fixation	n/a	264.4	158.9	993.0	n/a	n/a	n/a	n/a
323.288	0.02	saccade	n/a	263.0	157.5	n/a	326.8	157.3	2.55	192.0
323.31	0.194	fixation	n/a	332.4	157.6	994.0	n/a	n/a	n/a	n/a
323.506	0.016	saccade	n/a	332.0	156.3	n/a	376.2	158.3	1.78	138.0
323.524	0.48	fixation	n/a	376.3	157.4	985.0	n/a	n/a	n/a	n/a
324.006	0.02	saccade	n/a	379.5	157.9	n/a	331.3	158.2	1.94	142.0
324.028	0.18	fixation	n/a	340.0	157.9	985.0	n/a	n/a	n/a	n/a
324.21	0.022	saccade	n/a	342.4	158.8	n/a	282.4	155.5	2.41	191.0
324.234	0.336	fixation	n/a	286.6	157.6	994.0	n/a	n/a	n/a	n/a
324.572	0.026	saccade	n/a	284.0	158.6	n/a	381.4	159.6	3.91	273.0
324.6	0.232	fixation	n/a	377.6	156.7	1017.0	n/a	n/a	n/a	n/a
324.834	0.038	saccade	n/a	381.3	158.1	n/a	324.3	90.6	3.58	224.0
324.874	0.208	fixation	n/a	328.9	96.4	1010.0	n/a	n/a	n/a	n/a
325.084	0.02	saccade	n/a	329.6	98.9	n/a	382.9	107.8	2.18	147.0
325.106	0.244	fixation	n/a	388.7	105.5	987.0	n/a	n/a	n/a	n/a
325.352	0.012	saccade	n/a	389.2	108.5	n/a	363.9	104.1	1.04	98.0
325.366	0.154	fixation	n/a	370.3	104.4	981.0	n/a	n/a	n/a	n/a
325.522	0.028	saccade	n/a	370.3	106.3	n/a	478.1	101.5	4.34	252.0
325.552	0.16	fixation	n/a	474.0	97.3	965.0	n/a	n/a	n/a	n/a
325.714	0.018	saccade	n/a	474.9	97.4	n/a	516.7	95.5	1.68	143.0
325.734	0.462	fixation	n/a	515.5	95.3	952.0	n/a	n/a	n/a	n/a
326.198	0.024	saccade	n/a	513.0	95.8	n/a	432.4	98.7	3.24	226.0
326.224	0.138	fixation	n/a	431.8	101.0	951.0	n/a	n/a	n/a	n/a
326.364	0.028	saccade	n/a	433.8	102.1	n/a	335.1	101.9	3.97	329.0
326.394	0.172	fixation	n/a	343.4	105.1	965.0	n/a	n/a	n/a	n/a
326.568	0.02	saccade	n/a	341.4	108.0	n/a	389.5	106.6	1.94	176.0
326.59	0.324	fixation	n/a	384.5	111.1	976.0	n/a	n/a	n/a	n/a
326.916	0.026	saccade	n/a	386.5	113.3	n/a	283.8	103.9	4.14	290.0
326.944	0.154	fixation	n/a	283.9	102.6	960.0	n/a	n/a	n/a	n/a
327.1	0.028	saccade	n/a	287.5	105.1	n/a	176.2	96.8	4.43	291.0
327.13	0.14	fixation	n/a	185.7	99.2	937.0	n/a	n/a	n/a	n/a
327.272	0.02	saccade	n/a	185.7	97.9	n/a	142.5	92.8	1.71	137.0
327.294	0.164	fixation	n/a	152.5	97.5	939.0	n/a	n/a	n/a	n/a
327.46	0.026	saccade	n/a	152.7	99.0	n/a	244.3	101.5	3.61	256.0
327.488	0.464	fixation	n/a	244.2	103.2	977.0	n/a	n/a	n/a	n/a
327.954	0.052	saccade	n/a	240.3	106.9	n/a	536.1	107.4	11.81	388.0
328.008	0.174	fixation	n/a	529.3	109.2	969.0	n/a	n/a	n/a	n/a
328.184	0.018	saccade	n/a	527.4	108.2	n/a	569.1	103.2	1.67	135.0
328.204	0.096	fixation	n/a	565.7	104.3	967.0	n/a	n/a	n/a	n/a
328.302	0.048	saccade	n/a	568.4	106.1	n/a	343.9	162.6	9.25	483.0
328.352	0.372	fixation	n/a	334.9	163.3	967.0	n/a	n/a	n/a	n/a
328.726	0.024	saccade	n/a	333.5	170.1	n/a	283.9	152.8	2.11	145.0
328.752	0.188	fixation	n/a	236.7	141.2	946.0	n/a	n/a	n/a	n/a
328.942	0.024	saccade	n/a	233.1	138.6	n/a	158.9	103.1	3.26	269.0
328.968	0.17	fixation	n/a	162.6	106.6	881.0	n/a	n/a	n/a	n/a
329.14	0.012	saccade	n/a	161.6	104.3	n/a	144.1	85.9	1.01	100.0
329.154	0.214	fixation	n/a	150.6	88.7	870.0	n/a	n/a	n/a	n/a
329.37	0.02	saccade	n/a	152.2	87.5	n/a	124.7	87.3	1.07	112.0
329.392	0.648	fixation	n/a	134.7	87.4	871.0	n/a	n/a	n/a	n/a
329.45	0.0	trigger_11	11	n/a	n/a	n/a	n/a	n/a	n/a	n/a
329.454	0.0	trigger_10	10	n/a	n/a	n/a	n/a	n/a	n/a	n/a
330.042	0.018	saccade	n/a	139.1	88.5	n/a	179.8	84.8	1.6	139.0
330.062	0.22	fixation	n/a	176.2	90.8	940.0	n/a	n/a	n/a	n/a
330.284	0.02	saccade	n/a	177.7	95.0	n/a	238.7	101.4	2.43	192.0
330.306	0.214	fixation	n/a	236.5	102.4	1006.0	n/a	n/a	n/a	n/a
330.522	0.016	saccade	n/a	235.2	104.5	n/a	271.9	98.5	1.49	118.0
330.54	0.106	fixation	n/a	276.5	97.5	1045.0	n/a	n/a	n/a	n/a
330.648	0.022	saccade	n/a	276.5	98.9	n/a	343.2	104.6	2.68	204.0
330.672	0.342	fixation	n/a	337.8	103.9	1061.0	n/a	n/a	n/a	n/a
331.016	0.116	saccade	n/a	336.1	116.0	n/a	380.4	108.7	1.81	715.0
331.05	0.04	blink	n/a	n/a	n/a	n/a	n/a	n/a	n/a	n/a
331.134	0.268	fixation	n/a	388.2	119.9	1033.0	n/a	n/a	n/a	n/a
331.404	0.026	saccade	n/a	387.6	119.7	n/a	473.7	109.7	3.49	225.0
331.432	0.168	fixation	n/a	472.9	105.6	1000.0	n/a	n/a	n/a	n/a
331.602	0.014	saccade	n/a	472.3	105.5	n/a	447.8	103.8	0.99	97.0
331.618	0.17	fixation	n/a	455.9	105.8	968.0	n/a	n/a	n/a	n/a
331.79	0.036	saccade	n/a	456.9	106.9	n/a	313.6	148.6	6.0	324.0
331.828	0.182	fixation	n/a	322.0	148.7	984.0	n/a	n/a	n/a	n/a
332.012	0.022	saccade	n/a	320.5	150.9	n/a	381.1	158.3	2.46	194.0
332.036	0.048	fixation	n/a	374.4	155.3	984.0	n/a	n/a	n/a	n/a
332.086	0.048	saccade	n/a	374.8	154.0	n/a	190.8	156.2	7.33	414.0
332.136	0.234	fixation	n/a	179.8	156.1	990.0	n/a	n/a	n/a	n/a
332.372	0.02	saccade	n/a	182.5	158.1	n/a	131.4	160.9	2.0	168.0
332.394	0.138	fixation	n/a	143.9	160.7	976.0	n/a	n/a	n/a	n/a
332.534	0.048	saccade	n/a	142.8	161.8	n/a	324.3	108.0	7.51	428.0
332.584	0.242	fixation	n/a	331.6	109.7	967.0	n/a	n/a	n/a	n/a
332.828	0.02	saccade	n/a	330.8	111.0	n/a	393.2	112.4	2.51	212.0
332.85	0.192	fixation	n/a	387.2	110.7	941.0	n/a	n/a	n/a	n/a
333.044	0.022	saccade	n/a	387.1	108.5	n/a	451.2	107.3	2.59	191.0
333.068	0.232	fixation	n/a	447.0	106.5	945.0	n/a	n/a	n/a	n/a
333.302	0.022	saccade	n/a	446.1	106.1	n/a	505.1	100.0	2.38	175.0
333.326	0.292	fixation	n/a	501.4	100.5	961.0	n/a	n/a	n/a	n/a
333.62	0.018	saccade	n/a	502.8	102.1	n/a	454.7	99.4	1.93	156.0
333.64	0.156	fixation	n/a	457.2	102.8	961.0	n/a	n/a	n/a	n/a
333.798	0.028	saccade	n/a	456.2	105.0	n/a	548.4	99.0	3.7	246.0
333.828	0.182	fixation	n/a	543.0	96.9	953.0	n/a	n/a	n/a	n/a
334.012	0.064	saccade	n/a	544.7	95.4	n/a	160.1	157.5	15.41	522.0
334.078	0.218	fixation	n/a	148.2	157.6	988.0	n/a	n/a	n/a	n/a
334.298	0.014	saccade	n/a	148.8	158.2	n/a	127.3	160.6	0.84	87.0
334.314	0.414	fixation	n/a	133.7	161.7	953.0	n/a	n/a	n/a	n/a
334.73	0.02	saccade	n/a	133.5	161.4	n/a	102.0	160.5	1.22	124.0
334.752	0.202	fixation	n/a	106.8	161.0	915.0	n/a	n/a	n/a	n/a
334.956	0.022	saccade	n/a	102.1	159.3	n/a	167.2	154.3	2.54	197.0
334.98	0.384	fixation	n/a	160.7	152.8	908.0	n/a	n/a	n/a	n/a
335.366	0.012	saccade	n/a	162.2	150.4	n/a	188.7	152.9	1.05	101.0
335.38	0.364	fixation	n/a	183.7	149.1	883.0	n/a	n/a	n/a	n/a
335.746	0.02	saccade	n/a	183.7	148.8	n/a	244.0	151.8	2.39	189.0
335.768	0.286	fixation	n/a	242.5	151.1	885.0	n/a	n/a	n/a	n/a
336.056	0.016	saccade	n/a	241.7	152.1	n/a	279.6	151.5	1.51	120.0
336.074	0.294	fixation	n/a	281.8	149.2	885.0	n/a	n/a	n/a	n/a
336.37	0.022	saccade	n/a	281.5	151.6	n/a	345.0	154.2	2.55	186.0
336.394	0.166	fixation	n/a	342.7	151.0	869.0	n/a	n/a	n/a	n/a
336.562	0.024	saccade	n/a	343.4	152.6	n/a	414.2	151.7	2.85	194.0
336.588	0.234	fixation	n/a	416.3	150.5	855.0	n/a	n/a	n/a	n/a
336.824	0.02	saccade	n/a	417.3	152.6	n/a	474.1	148.4	2.29	161.0
336.846	0.184	fixation	n/a	481.0	144.6	849.0	n/a	n/a	n/a	n/a
337.032	0.058	saccade	n/a	482.9	143.6	n/a	181.9	86.6	12.19	444.0
337.092	0.142	fixation	n/a	177.2	88.7	839.0	n/a	n/a	n/a	n/a
337.236	0.018	saccade	n/a	177.1	91.6	n/a	155.3	81.2	0.95	100.0
337.256	0.234	fixation	n/a	159.1	85.4	856.0	n/a	n/a	n/a	n/a
337.492	0.044	saccade	n/a	160.1	88.5	n/a	345.8	95.5	7.37	304.0
337.538	0.364	fixation	n/a	340.5	96.4	932.0	n/a	n/a	n/a	n/a
337.904	0.024	saccade	n/a	335.4	100.2	n/a	429.4	106.2	3.79	282.0
337.93	0.132	fixation	n/a	430.8	102.5	933.0	n/a	n/a	n/a	n/a
338.064	0.058	saccade	n/a	431.6	102.2	n/a	142.4	91.3	11.48	517.0
338.124	0.21	fixation	n/a	134.8	91.5	902.0	n/a	n/a	n/a	n/a
338.336	0.018	saccade	n/a	133.2	92.8	n/a	171.1	89.9	1.49	139.0
338.356	0.204	fixation	n/a	163.8	96.7	927.0	n/a	n/a	n/a	n/a
338.37	0.0	trigger_11	11	n/a	n/a	n/a	n/a	n/a	n/a	n/a
338.374	0.0	trigger_10	10	n/a	n/a	n/a	n/a	n/a	n/a	n/a
338.562	0.022	saccade	n/a	163.7	101.2	n/a	104.3	89.9	2.36	208.0
338.586	0.158	fixation	n/a	121.2	91.3	951.0	n/a	n/a	n/a	n/a
338.746	0.024	saccade	n/a	119.4	92.8	n/a	204.9	96.2	3.35	268.0
338.772	0.282	fixation	n/a	193.0	96.6	977.0	n/a	n/a	n/a	n/a
339.056	0.02	saccade	n/a	195.5	99.2	n/a	253.5	98.2	2.3	181.0
339.078	0.174	fixation	n/a	245.9	98.4	958.0	n/a	n/a	n/a	n/a
339.254	0.022	saccade	n/a	246.6	103.6	n/a	307.7	110.1	2.46	188.0
339.278	0.344	fixation	n/a	300.7	109.7	986.0	n/a	n/a	n/a	n/a
339.624	0.022	saccade	n/a	301.0	114.6	n/a	353.6	113.9	2.12	156.0
339.648	0.202	fixation	n/a	347.3	112.0	999.0	n/a	n/a	n/a	n/a
339.852	0.022	saccade	n/a	344.9	112.9	n/a	417.4	112.1	2.92	231.0
339.876	0.3	fixation	n/a	425.5	108.6	996.0	n/a	n/a	n/a	n/a
340.178	0.01	saccade	n/a	428.6	106.6	n/a	447.0	102.7	0.76	77.0
340.19	0.086	fixation	n/a	447.7	103.7	978.0	n/a	n/a	n/a	n/a
340.278	0.032	saccade	n/a	446.7	102.1	n/a	381.2	110.9	2.67	260.0
340.312	0.264	fixation	n/a	380.1	108.5	976.0	n/a	n/a	n/a	n/a
340.578	0.018	saccade	n/a	379.5	108.9	n/a	429.1	105.2	2.01	158.0
340.598	0.24	fixation	n/a	429.0	104.1	1003.0	n/a	n/a	n/a	n/a
340.84	0.01	saccade	n/a	427.6	104.7	n/a	448.9	100.1	0.88	93.0
340.852	0.506	fixation	n/a	450.7	100.5	963.0	n/a	n/a	n/a	n/a
341.36	0.02	saccade	n/a	449.3	96.7	n/a	499.5	95.5	2.02	142.0
341.382	0.204	fixation	n/a	503.9	93.5	936.0	n/a	n/a	n/a	n/a
341.588	0.018	saccade	n/a	504.4	98.3	n/a	548.8	96.4	1.77	125.0
341.608	0.196	fixation	n/a	551.3	93.4	932.0	n/a	n/a	n/a	n/a
341.806	0.018	saccade	n/a	550.7	95.4	n/a	588.0	93.4	1.48	118.0
341.826	0.156	fixation	n/a	583.5	93.1	945.0	n/a	n/a	n/a	n/a
341.984	0.068	saccade	n/a	583.4	93.1	n/a	178.5	143.8	16.13	494.0
342.054	0.106	fixation	n/a	166.1	144.5	974.0	n/a	n/a	n/a	n/a
342.162	0.02	saccade	n/a	167.3	145.7	n/a	131.8	157.5	1.47	136.0
342.184	0.154	fixation	n/a	139.4	159.3	988.0	n/a	n/a	n/a	n/a
342.34	0.12	saccade	n/a	135.7	167.4	n/a	167.5	165.0	1.25	310.0
342.462	0.674	fixation	n/a	168.9	163.1	937.0	n/a	n/a	n/a	n/a
343.138	0.024	saccade	n/a	170.8	156.5	n/a	250.6	153.3	3.16	211.0
343.164	0.3	fixation	n/a	257.4	153.7	905.0	n/a	n/a	n/a	n/a
343.466	0.02	saccade	n/a	257.5	156.0	n/a	300.2	151.1	1.72	137.0
343.488	0.338	fixation	n/a	297.3	153.3	947.0	n/a	n/a	n/a	n/a
343.828	0.024	saccade	n/a	299.0	160.0	n/a	374.9	159.1	3.05	194.0
343.854	0.2	fixation	n/a	374.9	158.4	987.0	n/a	n/a	n/a	n/a
344.056	0.02	saccade	n/a	375.3	159.1	n/a	422.6	156.0	1.91	154.0
344.078	0.25	fixation	n/a	419.5	155.4	970.0	n/a	n/a	n/a	n/a
344.33	0.014	saccade	n/a	420.6	158.0	n/a	393.7	154.6	1.09	99.0
344.346	0.878	fixation	n/a	397.1	156.8	944.0	n/a	n/a	n/a	n/a
345.226	0.02	saccade	n/a	397.8	162.9	n/a	454.1	154.3	2.29	164.0
345.248	0.232	fixation	n/a	460.4	149.9	878.0	n/a	n/a	n/a	n/a
345.482	0.016	saccade	n/a	462.9	150.4	n/a	438.8	150.6	0.97	90.0
345.5	0.092	fixation	n/a	445.0	150.8	874.0	n/a	n/a	n/a	n/a
345.594	0.02	saccade	n/a	444.6	148.5	n/a	501.4	145.8	2.28	177.0
345.616	0.302	fixation	n/a	499.2	144.7	911.0	n/a	n/a	n/a	n/a
345.92	0.012	saccade	n/a	501.9	143.1	n/a	522.3	141.0	0.82	77.0
345.934	0.238	fixation	n/a	521.3	142.3	940.0	n/a	n/a	n/a	n/a
346.174	0.058	saccade	n/a	521.0	141.5	n/a	235.7	106.0	11.48	416.0
346.234	0.124	fixation	n/a	232.9	104.7	920.0	n/a	n/a	n/a	n/a
346.36	0.02	saccade	n/a	234.3	102.8	n/a	185.4	83.1	2.1	186.0
346.382	0.184	fixation	n/a	195.3	89.4	911.0	n/a	n/a	n/a	n/a
346.568	0.028	saccade	n/a	194.8	90.3	n/a	303.4	90.8	4.33	222.0
346.598	0.102	fixation	n/a	317.4	93.4	928.0	n/a	n/a	n/a	n/a
346.702	0.026	saccade	n/a	321.4	95.8	n/a	438.0	104.8	4.71	365.0
346.73	0.184	fixation	n/a	434.2	101.1	943.0	n/a	n/a	n/a	n/a
346.916	0.024	saccade	n/a	434.0	102.1	n/a	519.4	93.9	3.45	245.0
346.942	0.218	fixation	n/a	515.6	94.0	955.0	n/a	n/a	n/a	n/a
347.162	0.062	saccade	n/a	517.9	94.7	n/a	184.2	160.7	13.51	528.0
347.226	0.152	fixation	n/a	174.7	160.3	968.0	n/a	n/a	n/a	n/a
347.38	0.024	saccade	n/a	170.3	158.4	n/a	264.6	156.9	3.73	293.0
347.406	0.192	fixation	n/a	260.8	155.9	956.0	n/a	n/a	n/a	n/a
347.6	0.028	saccade	n/a	264.1	156.5	n/a	189.2	82.7	4.21	364.0
347.63	0.288	fixation	n/a	192.2	88.7	915.0	n/a	n/a	n/a	n/a
347.706	0.0	trigger_11	11	n/a	n/a	n/a	n/a	n/a	n/a	n/a
347.716	0.0	trigger_10	10	n/a	n/a	n/a	n/a	n/a	n/a	n/a
347.92	0.024	saccade	n/a	191.5	90.5	n/a	118.8	83.1	2.86	224.0
347.946	0.174	fixation	n/a	132.2	86.9	944.0	n/a	n/a	n/a	n/a
348.122	0.028	saccade	n/a	130.7	89.8	n/a	259.0	92.3	5.05	324.0
348.152	0.19	fixation	n/a	270.5	92.9	967.0	n/a	n/a	n/a	n/a
348.344	0.022	saccade	n/a	273.8	97.1	n/a	348.8	100.5	3.02	252.0
348.368	0.158	fixation	n/a	338.2	97.7	940.0	n/a	n/a	n/a	n/a
348.528	0.02	saccade	n/a	338.8	98.8	n/a	407.6	104.5	2.78	248.0
348.55	0.262	fixation	n/a	415.1	101.2	932.0	n/a	n/a	n/a	n/a
348.814	0.032	saccade	n/a	414.3	102.5	n/a	517.5	91.0	4.17	205.0
348.848	0.362	fixation	n/a	514.8	93.6	941.0	n/a	n/a	n/a	n/a
349.212	0.004	saccade	n/a	515.7	96.0	n/a	522.7	95.9	0.28	66.0
349.218	0.176	fixation	n/a	532.4	96.5	937.0	n/a	n/a	n/a	n/a
349.396	0.018	saccade	n/a	531.6	95.3	n/a	568.4	97.1	1.47	120.0
349.416	0.176	fixation	n/a	562.0	95.7	941.0	n/a	n/a	n/a	n/a
349.594	0.066	saccade	n/a	565.6	96.4	n/a	183.9	150.1	15.24	467.0
349.662	0.1	fixation	n/a	171.4	149.9	977.0	n/a	n/a	n/a	n/a
349.764	0.022	saccade	n/a	173.6	150.1	n/a	118.8	162.5	2.19	183.0
349.788	1.0	fixation	n/a	130.0	165.3	967.0	n/a	n/a	n/a	n/a
350.79	0.018	saccade	n/a	126.2	168.6	n/a	168.4	158.6	1.69	131.0
350.81	0.358	fixation	n/a	167.8	156.1	973.0	n/a	n/a	n/a	n/a
351.17	0.018	saccade	n/a	167.1	158.2	n/a	211.7	156.8	1.76	155.0
351.19	0.194	fixation	n/a	208.5	156.0	968.0	n/a	n/a	n/a	n/a
351.386	0.018	saccade	n/a	208.5	156.0	n/a	249.2	156.0	1.62	134.0
351.406	0.128	fixation	n/a	246.8	154.2	969.0	n/a	n/a	n/a	n/a
351.536	0.016	saccade	n/a	243.8	153.9	n/a	226.2	155.3	0.7	88.0
351.554	0.198	fixation	n/a	230.9	155.2	959.0	n/a	n/a	n/a	n/a
351.754	0.018	saccade	n/a	230.6	157.5	n/a	273.7	154.3	1.72	130.0
351.774	0.252	fixation	n/a	273.2	151.8	952.0	n/a	n/a	n/a	n/a
352.028	0.016	saccade	n/a	273.4	153.0	n/a	312.7	154.4	1.58	127.0
352.046	0.32	fixation	n/a	310.3	156.1	957.0	n/a	n/a	n/a	n/a
352.368	0.012	saccade	n/a	311.3	159.0	n/a	337.9	157.6	1.07	102.0
352.382	0.294	fixation	n/a	336.4	155.5	946.0	n/a	n/a	n/a	n/a
352.678	0.016	saccade	n/a	335.9	154.5	n/a	371.7	155.0	1.44	121.0
352.696	0.156	fixation	n/a	372.1	156.0	941.0	n/a	n/a	n/a	n/a
352.854	0.02	saccade	n/a	369.6	161.5	n/a	423.9	157.8	2.19	165.0
352.876	0.232	fixation	n/a	433.7	156.6	938.0	n/a	n/a	n/a	n/a
353.11	0.014	saccade	n/a	434.2	155.9	n/a	462.0	148.7	1.16	111.0
353.126	0.116	fixation	n/a	459.4	151.2	923.0	n/a	n/a	n/a	n/a
353.244	0.018	saccade	n/a	457.8	150.4	n/a	518.7	146.4	2.45	187.0
353.264	0.142	fixation	n/a	529.4	144.7	901.0	n/a	n/a	n/a	n/a
353.408	0.162	saccade	n/a	525.3	159.8	n/a	564.0	152.6	1.57	931.0
353.434	0.084	blink	n/a	n/a	n/a	n/a	n/a	n/a	n/a	n/a
353.572	0.126	fixation	n/a	565.8	144.6	896.0	n/a	n/a	n/a	n/a
353.7	0.018	saccade	n/a	567.6	142.4	n/a	540.9	142.7	1.06	110.0
353.72	0.174	fixation	n/a	548.3	143.0	909.0	n/a	n/a	n/a	n/a
353.896	0.012	saccade	n/a	550.2	144.2	n/a	574.8	142.3	0.98	90.0
353.91	0.374	fixation	n/a	568.5	138.7	881.0	n/a	n/a	n/a	n/a
354.286	0.008	saccade	n/a	564.4	136.7	n/a	551.1	134.4	0.54	64.0
354.296	0.246	fixation	n/a	555.5	137.0	896.0	n/a	n/a	n/a	n/a
354.544	0.152	saccade	n/a	549.5	148.3	n/a	563.4	156.5	0.65	794.0
354.57	0.076	blink	n/a	n/a	n/a	n/a	n/a	n/a	n/a	n/a
354.698	0.138	fixation	n/a	564.4	148.2	953.0	n/a	n/a	n/a	n/a
354.838	0.014	saccade	n/a	561.5	145.1	n/a	536.1	136.9	1.07	102.0
354.854	0.368	fixation	n/a	545.1	139.5	968.0	n/a	n/a	n/a	n/a
355.224	0.006	saccade	n/a	548.4	140.8	n/a	556.3	139.8	0.32	49.0
355.232	0.42	fixation	n/a	557.9	140.1	911.0	n/a	n/a	n/a	n/a
355.654	0.012	saccade	n/a	559.2	139.0	n/a	538.8	134.2	0.84	82.0
355.668	0.26	fixation	n/a	545.2	134.5	919.0	n/a	n/a	n/a	n/a
355.93	0.014	saccade	n/a	543.4	136.3	n/a	514.4	135.3	1.16	97.0
355.946	0.274	fixation	n/a	519.3	134.5	1017.0	n/a	n/a	n/a	n/a
356.222	0.016	saccade	n/a	519.3	133.7	n/a	555.8	129.3	1.47	124.0
356.24	0.416	fixation	n/a	551.4	133.8	1044.0	n/a	n/a	n/a	n/a
356.658	0.022	saccade	n/a	550.0	137.2	n/a	611.6	133.6	2.44	166.0
356.682	0.502	fixation	n/a	613.1	130.8	1046.0	n/a	n/a	n/a	n/a
357.186	0.076	saccade	n/a	613.1	129.8	n/a	241.5	197.6	14.94	346.0
357.264	0.106	fixation	n/a	234.1	194.7	1127.0	n/a	n/a	n/a	n/a
357.372	0.026	saccade	n/a	233.7	198.5	n/a	142.6	210.9	3.61	246.0
357.4	0.2	fixation	n/a	151.4	214.3	1159.0	n/a	n/a	n/a	n/a
357.602	0.016	saccade	n/a	153.9	218.2	n/a	116.1	220.4	1.47	124.0
357.62	0.284	fixation	n/a	127.9	223.4	1130.0	n/a	n/a	n/a	n/a
357.906	0.008	saccade	n/a	128.8	225.0	n/a	115.1	225.7	0.53	64.0
357.916	0.526	fixation	n/a	120.0	228.2	1112.0	n/a	n/a	n/a	n/a
358.444	0.014	saccade	n/a	122.6	228.1	n/a	148.4	219.5	1.06	86.0
358.46	0.174	fixation	n/a	148.3	219.8	1107.0	n/a	n/a	n/a	n/a
358.636	0.02	saccade	n/a	147.9	220.5	n/a	196.5	215.6	1.91	157.0
358.658	0.336	fixation	n/a	194.7	211.4	1109.0	n/a	n/a	n/a	n/a
358.996	0.018	saccade	n/a	191.4	209.4	n/a	230.8	203.3	1.58	126.0
359.016	0.248	fixation	n/a	229.7	202.7	1065.0	n/a	n/a	n/a	n/a
359.266	0.022	saccade	n/a	229.9	202.9	n/a	294.6	201.5	2.58	194.0
359.29	0.116	fixation	n/a	291.0	202.5	1014.0	n/a	n/a	n/a	n/a
359.408	0.096	saccade	n/a	295.8	210.0	n/a	325.1	206.3	1.18	532.0
359.506	0.186	fixation	n/a	328.5	207.4	967.0	n/a	n/a	n/a	n/a
359.694	0.018	saccade	n/a	328.6	205.8	n/a	373.3	204.0	1.8	148.0
359.714	0.25	fixation	n/a	369.4	203.7	911.0	n/a	n/a	n/a	n/a
359.966	0.02	saccade	n/a	368.4	202.4	n/a	327.0	203.0	1.66	157.0
359.988	0.246	fixation	n/a	335.6	203.8	868.0	n/a	n/a	n/a	n/a
360.236	0.016	saccade	n/a	335.0	201.0	n/a	370.2	200.6	1.41	117.0
360.254	0.15	fixation	n/a	367.7	199.7	900.0	n/a	n/a	n/a	n/a
360.406	0.02	saccade	n/a	366.8	201.7	n/a	412.1	197.5	1.83	138.0
360.428	0.222	fixation	n/a	409.4	198.9	961.0	n/a	n/a	n/a	n/a
360.652	0.02	saccade	n/a	407.3	203.0	n/a	466.6	192.1	2.42	180.0
360.674	0.37	fixation	n/a	468.8	192.5	979.0	n/a	n/a	n/a	n/a
361.046	0.018	saccade	n/a	468.2	193.0	n/a	511.8	189.9	1.75	137.0
361.066	0.284	fixation	n/a	509.3	190.5	975.0	n/a	n/a	n/a	n/a
361.352	0.066	saccade	n/a	509.7	189.2	n/a	193.8	247.9	12.73	386.0
361.42	0.084	fixation	n/a	185.4	248.3	984.0	n/a	n/a	n/a	n/a
361.506	0.022	saccade	n/a	185.0	249.7	n/a	128.4	276.6	2.45	191.0
361.53	0.238	fixation	n/a	134.2	272.8	977.0	n/a	n/a	n/a	n/a
361.77	0.006	saccade	n/a	130.5	272.2	n/a	119.9	272.8	0.41	60.0
361.778	0.258	fixation	n/a	124.4	273.8	950.0	n/a	n/a	n/a	n/a
362.038	0.02	saccade	n/a	125.5	274.5	n/a	179.2	270.0	2.09	184.0
362.06	0.382	fixation	n/a	178.0	271.8	940.0	n/a	n/a	n/a	n/a
362.444	0.022	saccade	n/a	180.9	273.2	n/a	247.8	267.2	2.64	190.0
362.468	0.266	fixation	n/a	242.8	266.1	956.0	n/a	n/a	n/a	n/a
362.736	0.016	saccade	n/a	241.9	264.7	n/a	279.4	263.2	1.49	134.0
362.754	0.142	fixation	n/a	274.0	262.1	960.0	n/a	n/a	n/a	n/a
362.898	0.02	saccade	n/a	275.7	264.4	n/a	329.3	260.3	2.14	155.0
362.92	0.196	fixation	n/a	332.9	258.7	955.0	n/a	n/a	n/a	n/a
363.118	0.022	saccade	n/a	332.9	259.5	n/a	389.5	259.0	2.26	168.0
363.142	0.152	fixation	n/a	384.2	257.7	953.0	n/a	n/a	n/a	n/a
363.296	0.018	saccade	n/a	383.6	258.6	n/a	428.7	255.2	1.81	142.0
363.316	0.272	fixation	n/a	427.3	254.8	961.0	n/a	n/a	n/a	n/a
363.59	0.02	saccade	n/a	427.6	254.2	n/a	387.2	251.0	1.62	135.0
363.612	0.472	fixation	n/a	381.2	257.2	956.0	n/a	n/a	n/a	n/a
364.086	0.022	saccade	n/a	369.8	258.6	n/a	424.0	250.8	2.19	158.0
364.11	0.678	fixation	n/a	422.1	255.3	944.0	n/a	n/a	n/a	n/a
364.79	0.016	saccade	n/a	420.9	258.0	n/a	461.0	254.5	1.61	138.0
364.808	0.256	fixation	n/a	462.8	252.0	918.0	n/a	n/a	n/a	n/a
365.066	0.02	saccade	n/a	461.9	251.4	n/a	520.6	244.2	2.36	178.0
365.088	0.312	fixation	n/a	518.6	246.1	914.0	n/a	n/a	n/a	n/a
365.402	0.046	saccade	n/a	520.2	249.5	n/a	289.6	203.2	9.39	352.0
365.45	0.124	fixation	n/a	301.0	205.3	921.0	n/a	n/a	n/a	n/a
365.576	0.022	saccade	n/a	302.5	205.1	n/a	248.6	195.8	2.18	198.0
365.6	0.18	fixation	n/a	257.0	199.3	913.0	n/a	n/a	n/a	n/a
365.782	0.04	saccade	n/a	259.3	202.0	n/a	134.9	269.7	5.59	352.0
365.824	0.17	fixation	n/a	145.5	271.9	922.0	n/a	n/a	n/a	n/a
365.996	0.02	saccade	n/a	142.2	272.6	n/a	197.6	271.2	2.16	166.0
366.018	0.112	fixation	n/a	199.5	270.4	937.0	n/a	n/a	n/a	n/a
366.132	0.02	saccade	n/a	198.7	271.8	n/a	253.2	262.9	2.18	181.0
366.154	0.25	fixation	n/a	243.6	264.5	921.0	n/a	n/a	n/a	n/a
366.406	0.046	saccade	n/a	243.4	265.0	n/a	531.1	245.4	11.44	398.0
366.454	0.184	fixation	n/a	525.7	250.9	907.0	n/a	n/a	n/a	n/a
366.64	0.018	saccade	n/a	527.2	255.2	n/a	573.1	252.4	1.82	152.0
366.66	0.154	fixation	n/a	564.5	253.8	914.0	n/a	n/a	n/a	n/a
366.816	0.064	saccade	n/a	565.0	256.2	n/a	191.5	325.4	14.93	522.0
366.882	0.12	fixation	n/a	177.6	330.2	951.0	n/a	n/a	n/a	n/a
367.004	0.022	saccade	n/a	177.7	332.2	n/a	125.2	338.7	2.04	171.0
367.028	0.252	fixation	n/a	136.9	338.7	946.0	n/a	n/a	n/a	n/a
367.282	0.02	saccade	n/a	135.3	341.2	n/a	201.3	334.0	2.57	197.0
367.304	0.278	fixation	n/a	208.1	331.5	946.0	n/a	n/a	n/a	n/a
367.584	0.016	saccade	n/a	209.8	332.2	n/a	241.4	328.6	1.25	115.0
367.602	0.226	fixation	n/a	235.9	328.0	946.0	n/a	n/a	n/a	n/a
367.83	0.018	saccade	n/a	234.5	327.4	n/a	281.2	325.3	1.84	147.0
367.85	0.122	fixation	n/a	281.8	324.4	953.0	n/a	n/a	n/a	n/a
367.974	0.018	saccade	n/a	281.8	325.7	n/a	330.3	322.5	1.93	157.0
367.994	0.196	fixation	n/a	337.1	321.6	945.0	n/a	n/a	n/a	n/a
368.192	0.024	saccade	n/a	337.6	323.7	n/a	424.0	319.4	3.44	230.0
368.218	0.266	fixation	n/a	431.5	316.6	909.0	n/a	n/a	n/a	n/a
368.486	0.02	saccade	n/a	433.0	316.5	n/a	486.7	314.3	2.14	150.0
368.508	0.204	fixation	n/a	485.4	313.7	878.0	n/a	n/a	n/a	n/a
368.714	0.024	saccade	n/a	486.5	314.2	n/a	401.3	318.5	3.39	249.0
368.74	0.092	fixation	n/a	407.1	319.1	874.0	n/a	n/a	n/a	n/a
368.834	0.02	saccade	n/a	406.1	319.1	n/a	370.2	322.2	1.44	136.0
368.856	0.168	fixation	n/a	377.0	322.2	890.0	n/a	n/a	n/a	n/a
369.026	0.01	saccade	n/a	376.1	322.7	n/a	357.8	320.0	0.74	78.0
369.038	0.182	fixation	n/a	363.9	322.4	891.0	n/a	n/a	n/a	n/a
369.222	0.022	saccade	n/a	363.0	322.5	n/a	424.1	317.5	2.44	171.0
369.246	0.23	fixation	n/a	422.9	316.8	879.0	n/a	n/a	n/a	n/a
369.478	0.02	saccade	n/a	422.2	317.5	n/a	470.3	317.7	1.91	130.0
369.5	0.198	fixation	n/a	468.6	313.1	899.0	n/a	n/a	n/a	n/a
369.7	0.014	saccade	n/a	469.5	311.9	n/a	496.9	312.2	1.09	99.0
369.716	0.254	fixation	n/a	491.9	313.7	883.0	n/a	n/a	n/a	n/a
369.972	0.02	saccade	n/a	490.4	316.8	n/a	545.9	315.6	2.2	157.0
369.994	0.21	fixation	n/a	547.4	314.6	879.0	n/a	n/a	n/a	n/a
370.206	0.018	saccade	n/a	547.8	315.4	n/a	601.8	313.9	2.12	163.0
370.226	0.332	fixation	n/a	608.1	314.1	878.0	n/a	n/a	n/a	n/a
370.56	0.018	saccade	n/a	610.2	315.8	n/a	657.3	317.2	1.83	145.0
370.58	0.098	fixation	n/a	655.0	313.9	877.0	n/a	n/a	n/a	n/a
370.68	0.07	saccade	n/a	655.6	314.2	n/a	193.3	370.0	18.02	518.0
370.752	0.094	fixation	n/a	180.1	373.1	938.0	n/a	n/a	n/a	n/a
370.848	0.02	saccade	n/a	180.8	374.1	n/a	133.6	386.5	1.88	161.0
370.87	0.208	fixation	n/a	142.5	385.5	949.0	n/a	n/a	n/a	n/a
371.08	0.02	saccade	n/a	143.2	387.3	n/a	103.1	391.9	1.54	128.0
371.102	0.214	fixation	n/a	112.7	390.9	932.0	n/a	n/a	n/a	n/a
371.318	0.022	saccade	n/a	110.1	391.7	n/a	178.1	375.3	2.68	218.0
371.342	0.048	fixation	n/a	171.0	376.9	924.0	n/a	n/a	n/a	n/a
371.392	0.028	saccade	n/a	170.7	378.4	n/a	274.0	329.3	4.47	284.0
371.422	0.158	fixation	n/a	274.4	333.7	914.0	n/a	n/a	n/a	n/a
371.582	0.018	saccade	n/a	274.4	334.6	n/a	318.2	311.7	1.96	147.0
371.602	0.232	fixation	n/a	324.1	314.9	919.0	n/a	n/a	n/a	n/a
371.836	0.02	saccade	n/a	324.0	317.1	n/a	347.4	255.7	2.64	207.0
371.858	0.124	fixation	n/a	352.0	251.8	910.0	n/a	n/a	n/a	n/a
371.984	0.04	saccade	n/a	353.2	252.8	n/a	229.8	148.1	6.5	329.0
372.026	0.042	fixation	n/a	238.7	149.2	894.0	n/a	n/a	n/a	n/a
372.07	0.038	saccade	n/a	239.7	148.9	n/a	163.6	126.2	3.15	379.0
372.11	0.108	fixation	n/a	159.3	115.8	869.0	n/a	n/a	n/a	n/a
372.22	0.018	saccade	n/a	156.1	112.2	n/a	151.1	92.4	0.82	102.0
372.24	0.144	fixation	n/a	154.1	98.1	840.0	n/a	n/a	n/a	n/a
372.386	0.024	saccade	n/a	154.2	98.8	n/a	270.7	97.3	4.61	339.0
372.412	0.18	fixation	n/a	283.9	96.2	847.0	n/a	n/a	n/a	n/a
372.594	0.024	saccade	n/a	285.0	98.8	n/a	378.4	107.6	3.77	245.0
372.62	0.176	fixation	n/a	396.5	109.2	864.0	n/a	n/a	n/a	n/a
372.798	0.014	saccade	n/a	410.6	110.1	n/a	440.2	110.2	1.19	96.0
372.814	0.19	fixation	n/a	444.1	106.5	838.0	n/a	n/a	n/a	n/a
373.006	0.024	saccade	n/a	444.0	107.3	n/a	527.0	96.4	3.36	222.0
373.032	0.806	fixation	n/a	527.3	99.1	888.0	n/a	n/a	n/a	n/a
373.84	0.01	saccade	n/a	525.2	110.0	n/a	547.6	108.6	0.9	96.0
373.852	0.358	fixation	n/a	569.5	105.4	923.0	n/a	n/a	n/a	n/a
374.212	0.068	saccade	n/a	573.0	100.9	n/a	165.8	142.3	16.15	489.0
374.282	0.11	fixation	n/a	150.3	138.5	875.0	n/a	n/a	n/a	n/a
374.394	0.022	saccade	n/a	149.9	136.5	n/a	107.9	138.7	1.63	160.0
374.418	0.396	fixation	n/a	118.1	140.4	861.0	n/a	n/a	n/a	n/a
374.816	0.024	saccade	n/a	121.1	143.1	n/a	208.5	137.3	3.43	236.0
374.842	0.234	fixation	n/a	209.4	138.7	931.0	n/a	n/a	n/a	n/a
375.078	0.026	saccade	n/a	209.8	140.7	n/a	306.4	140.2	3.85	279.0
375.106	0.184	fixation	n/a	308.0	139.5	978.0	n/a	n/a	n/a	n/a
375.292	0.022	saccade	n/a	308.2	138.8	n/a	378.5	144.1	2.84	223.0
375.316	0.066	fixation	n/a	369.9	140.8	998.0	n/a	n/a	n/a	n/a
375.384	0.024	saccade	n/a	368.7	140.5	n/a	442.1	140.9	2.96	208.0
375.41	0.096	fixation	n/a	435.5	140.7	991.0	n/a	n/a	n/a	n/a
375.508	0.026	saccade	n/a	434.0	143.1	n/a	523.5	137.9	3.6	249.0
375.536	0.152	fixation	n/a	515.3	138.7	962.0	n/a	n/a	n/a	n/a
375.69	0.018	saccade	n/a	516.8	139.5	n/a	559.9	136.9	1.72	142.0
375.71	0.28	fixation	n/a	553.4	136.8	936.0	n/a	n/a	n/a	n/a
375.992	0.022	saccade	n/a	551.8	134.5	n/a	617.9	135.0	2.62	202.0
376.016	0.182	fixation	n/a	610.3	131.4	929.0	n/a	n/a	n/a	n/a
376.2	0.074	saccade	n/a	610.8	128.8	n/a	230.9	188.8	15.21	427.0
376.276	0.032	fixation	n/a	226.3	189.1	959.0	n/a	n/a	n/a	n/a
376.31	0.032	saccade	n/a	223.8	189.8	n/a	176.2	203.1	1.95	244.0
376.344	0.06	fixation	n/a	172.2	204.3	956.0	n/a	n/a	n/a	n/a
376.406	0.018	saccade	n/a	173.2	206.2	n/a	139.1	205.3	1.33	114.0
376.426	0.174	fixation	n/a	150.1	208.6	964.0	n/a	n/a	n/a	n/a
376.602	0.024	saccade	n/a	148.3	210.1	n/a	232.3	199.1	3.33	244.0
376.628	0.188	fixation	n/a	233.3	201.7	972.0	n/a	n/a	n/a	n/a
376.818	0.024	saccade	n/a	230.0	202.1	n/a	308.2	196.5	3.12	228.0
376.844	0.18	fixation	n/a	305.1	197.4	974.0	n/a	n/a	n/a	n/a
377.026	0.03	saccade	n/a	305.2	196.9	n/a	423.5	194.4	4.74	287.0
377.058	0.184	fixation	n/a	421.5	194.2	971.0	n/a	n/a	n/a	n/a
377.244	0.024	saccade	n/a	421.4	196.3	n/a	485.6	190.6	2.58	199.0
377.27	0.292	fixation	n/a	478.2	193.8	957.0	n/a	n/a	n/a	n/a
377.564	0.06	saccade	n/a	477.8	194.4	n/a	179.4	270.7	12.21	456.0
377.626	0.212	fixation	n/a	168.1	273.4	924.0	n/a	n/a	n/a	n/a
377.84	0.024	saccade	n/a	169.3	274.9	n/a	265.1	266.2	3.79	261.0
377.866	0.208	fixation	n/a	278.4	261.1	924.0	n/a	n/a	n/a	n/a
378.076	0.022	saccade	n/a	281.4	261.4	n/a	234.5	261.1	1.86	163.0
378.1	0.122	fixation	n/a	244.1	263.4	907.0	n/a	n/a	n/a	n/a
378.224	0.026	saccade	n/a	242.0	262.8	n/a	354.9	264.0	4.49	275.0
378.252	0.508	fixation	n/a	369.7	259.0	910.0	n/a	n/a	n/a	n/a
378.762	0.05	saccade	n/a	376.7	258.8	n/a	249.1	119.2	7.62	339.0
378.814	0.154	fixation	n/a	252.4	121.5	891.0	n/a	n/a	n/a	n/a
378.97	0.042	saccade	n/a	251.6	120.9	n/a	142.9	91.2	4.45	265.0
379.014	0.208	fixation	n/a	149.6	93.5	865.0	n/a	n/a	n/a	n/a
379.224	0.098	saccade	n/a	148.5	93.2	n/a	287.1	122.7	5.61	433.0
379.324	0.084	fixation	n/a	274.8	123.0	904.0	n/a	n/a	n/a	n/a
379.41	0.052	saccade	n/a	273.8	121.8	n/a	515.3	99.6	9.7	454.0
379.464	0.084	fixation	n/a	522.7	100.4	910.0	n/a	n/a	n/a	n/a
379.55	0.02	saccade	n/a	521.0	103.3	n/a	569.8	95.4	1.97	162.0
379.572	0.146	fixation	n/a	563.7	97.4	921.0	n/a	n/a	n/a	n/a
379.72	0.064	saccade	n/a	563.5	99.7	n/a	154.9	127.3	16.19	573.0
379.786	0.126	fixation	n/a	140.0	125.0	889.0	n/a	n/a	n/a	n/a
379.914	0.016	saccade	n/a	139.3	122.8	n/a	116.6	143.6	1.21	111.0
379.932	0.046	fixation	n/a	122.4	143.5	875.0	n/a	n/a	n/a	n/a
379.98	0.056	saccade	n/a	122.7	143.0	n/a	383.1	248.7	11.12	493.0
380.038	0.116	fixation	n/a	391.3	255.4	908.0	n/a	n/a	n/a	n/a
380.156	0.024	saccade	n/a	390.4	255.0	n/a	469.1	254.8	3.15	242.0
380.182	0.188	fixation	n/a	463.3	251.5	922.0	n/a	n/a	n/a	n/a
380.372	0.024	saccade	n/a	462.7	254.0	n/a	533.0	247.4	2.81	215.0
380.398	0.208	fixation	n/a	527.3	248.0	885.0	n/a	n/a	n/a	n/a
380.608	0.014	saccade	n/a	529.0	251.0	n/a	558.0	256.5	1.17	100.0
380.624	0.066	fixation	n/a	557.0	255.1	848.0	n/a	n/a	n/a	n/a
380.692	0.06	saccade	n/a	558.4	256.3	n/a	196.9	322.0	14.44	544.0
380.754	0.12	fixation	n/a	186.4	325.2	866.0	n/a	n/a	n/a	n/a
380.876	0.022	saccade	n/a	188.0	325.6	n/a	132.4	330.7	2.16	207.0
380.9	0.266	fixation	n/a	139.9	329.2	845.0	n/a	n/a	n/a	n/a
381.168	0.022	saccade	n/a	137.9	336.9	n/a	222.1	323.6	3.31	230.0
381.192	0.202	fixation	n/a	246.4	323.9	831.0	n/a	n/a	n/a	n/a
381.396	0.018	saccade	n/a	249.4	323.3	n/a	205.0	324.4	1.74	152.0
381.416	0.212	fixation	n/a	215.2	324.3	817.0	n/a	n/a	n/a	n/a
381.63	0.04	saccade	n/a	215.8	325.2	n/a	386.3	247.5	7.45	351.0
381.672	0.136	fixation	n/a	384.3	249.9	838.0	n/a	n/a	n/a	n/a
381.81	0.024	saccade	n/a	383.8	251.2	n/a	451.9	254.2	2.73	194.0
381.836	0.154	fixation	n/a	447.2	251.3	875.0	n/a	n/a	n/a	n/a
381.992	0.02	saccade	n/a	446.4	250.8	n/a	499.4	250.0	2.12	157.0
382.014	0.286	fixation	n/a	496.7	253.2	893.0	n/a	n/a	n/a	n/a
382.302	0.02	saccade	n/a	496.3	259.2	n/a	543.4	256.3	1.88	154.0
382.324	0.246	fixation	n/a	539.7	258.0	874.0	n/a	n/a	n/a	n/a
382.572	0.042	saccade	n/a	541.4	260.8	n/a	285.1	316.2	10.41	434.0
382.616	0.18	fixation	n/a	297.0	317.6	915.0	n/a	n/a	n/a	n/a
382.798	0.02	saccade	n/a	296.6	319.1	n/a	357.1	324.0	2.41	200.0
382.82	0.152	fixation	n/a	350.4	322.1	935.0	n/a	n/a	n/a	n/a
382.974	0.028	saccade	n/a	349.3	323.6	n/a	441.2	322.0	3.66	222.0
383.004	0.278	fixation	n/a	437.5	322.1	921.0	n/a	n/a	n/a	n/a
383.284	0.022	saccade	n/a	438.1	324.3	n/a	499.0	318.1	2.43	190.0
383.308	0.116	fixation	n/a	496.3	317.7	898.0	n/a	n/a	n/a	n/a
383.426	0.03	saccade	n/a	496.9	318.4	n/a	348.3	325.7	5.92	381.0
383.458	0.332	fixation	n/a	354.5	326.5	909.0	n/a	n/a	n/a	n/a
383.792	0.026	saccade	n/a	352.8	326.5	n/a	430.4	322.7	3.1	222.0
383.82	0.07	fixation	n/a	423.2	321.5	898.0	n/a	n/a	n/a	n/a
383.892	0.022	saccade	n/a	423.4	322.7	n/a	487.3	318.4	2.55	207.0
383.916	0.168	fixation	n/a	481.7	316.2	883.0	n/a	n/a	n/a	n/a
384.086	0.028	saccade	n/a	481.4	315.4	n/a	565.2	316.5	3.31	202.0
384.116	0.046	fixation	n/a	563.3	314.1	872.0	n/a	n/a	n/a	n/a
384.164	0.022	saccade	n/a	562.5	314.6	n/a	628.8	315.8	2.6	220.0
384.188	0.208	fixation	n/a	618.2	317.0	859.0	n/a	n/a	n/a	n/a
384.398	0.056	saccade	n/a	619.8	319.0	n/a	164.0	380.5	17.83	547.0
384.456	0.118	fixation	n/a	169.2	379.3	862.0	n/a	n/a	n/a	n/a
384.576	0.02	saccade	n/a	168.7	379.5	n/a	120.3	391.8	1.91	170.0
384.598	0.228	fixation	n/a	128.7	391.9	860.0	n/a	n/a	n/a	n/a
384.828	0.044	saccade	n/a	126.8	397.9	n/a	198.3	382.8	2.81	118.0
384.874	0.218	fixation	n/a	223.0	373.9	868.0	n/a	n/a	n/a	n/a
385.094	0.048	saccade	n/a	224.7	373.5	n/a	481.7	299.8	10.55	390.0
385.144	0.174	fixation	n/a	478.9	303.0	850.0	n/a	n/a	n/a	n/a
385.32	0.052	saccade	n/a	484.2	307.6	n/a	325.1	240.0	6.9	352.0
385.374	0.112	fixation	n/a	319.6	237.8	851.0	n/a	n/a	n/a	n/a
385.488	0.038	saccade	n/a	319.1	236.5	n/a	172.5	112.0	7.69	400.0
385.528	0.122	fixation	n/a	178.1	115.0	808.0	n/a	n/a	n/a	n/a
385.652	0.022	saccade	n/a	178.8	115.8	n/a	141.2	99.7	1.61	165.0
385.676	0.266	fixation	n/a	149.8	104.1	816.0	n/a	n/a	n/a	n/a
385.702	0.0	trigger_11	11	n/a	n/a	n/a	n/a	n/a	n/a	n/a
385.706	0.0	trigger_10	10	n/a	n/a	n/a	n/a	n/a	n/a	n/a
385.944	0.026	saccade	n/a	149.8	104.7	n/a	238.7	93.0	3.54	244.0
385.972	0.324	fixation	n/a	235.2	94.8	873.0	n/a	n/a	n/a	n/a
386.298	0.016	saccade	n/a	232.9	94.7	n/a	215.3	95.6	0.7	92.0
386.316	0.392	fixation	n/a	218.9	97.9	909.0	n/a	n/a	n/a	n/a
386.71	0.02	saccade	n/a	219.0	99.5	n/a	268.8	100.0	1.98	160.0
386.732	0.248	fixation	n/a	266.0	100.8	966.0	n/a	n/a	n/a	n/a
386.982	0.022	saccade	n/a	264.9	103.4	n/a	330.3	107.0	2.63	197.0
387.006	0.36	fixation	n/a	331.8	111.2	1001.0	n/a	n/a	n/a	n/a
387.368	0.014	saccade	n/a	331.0	118.3	n/a	350.9	119.2	0.8	64.0
387.384	0.42	fixation	n/a	378.3	119.5	995.0	n/a	n/a	n/a	n/a
387.806	0.036	saccade	n/a	381.0	119.3	n/a	250.8	108.3	5.24	268.0
387.844	0.132	fixation	n/a	261.5	108.1	956.0	n/a	n/a	n/a	n/a
387.978	0.028	saccade	n/a	259.1	107.0	n/a	384.8	110.7	5.04	324.0
388.008	0.182	fixation	n/a	383.2	109.1	961.0	n/a	n/a	n/a	n/a
388.192	0.022	saccade	n/a	382.1	110.8	n/a	449.5	104.0	2.73	194.0
388.216	0.212	fixation	n/a	446.9	107.4	986.0	n/a	n/a	n/a	n/a
388.43	0.022	saccade	n/a	448.7	111.2	n/a	501.4	105.3	2.13	161.0
388.454	0.166	fixation	n/a	496.2	105.0	970.0	n/a	n/a	n/a	n/a
388.622	0.022	saccade	n/a	498.3	105.2	n/a	439.4	109.5	2.38	194.0
388.646	0.216	fixation	n/a	450.6	110.0	963.0	n/a	n/a	n/a	n/a
388.864	0.022	saccade	n/a	448.3	110.0	n/a	505.1	109.7	2.28	172.0
388.888	0.14	fixation	n/a	499.1	106.2	992.0	n/a	n/a	n/a	n/a
389.03	0.02	saccade	n/a	497.6	107.2	n/a	543.3	103.9	1.83	138.0
389.052	0.278	fixation	n/a	538.6	105.2	1030.0	n/a	n/a	n/a	n/a
389.332	0.014	saccade	n/a	539.3	104.9	n/a	570.1	103.8	1.23	101.0
389.348	0.142	fixation	n/a	571.8	104.0	1009.0	n/a	n/a	n/a	n/a
389.492	0.066	saccade	n/a	573.3	103.7	n/a	168.8	153.3	16.08	518.0
389.56	0.134	fixation	n/a	157.0	157.2	1008.0	n/a	n/a	n/a	n/a
389.696	0.018	saccade	n/a	155.6	159.5	n/a	126.7	160.9	1.13	110.0
389.716	0.168	fixation	n/a	133.2	159.8	995.0	n/a	n/a	n/a	n/a
389.886	0.032	saccade	n/a	130.0	159.8	n/a	252.9	151.5	4.85	275.0
389.92	0.1	fixation	n/a	246.5	151.3	975.0	n/a	n/a	n/a	n/a
390.022	0.072	saccade	n/a	248.2	160.2	n/a	259.4	139.5	0.95	510.0
390.096	0.084	fixation	n/a	264.3	151.7	942.0	n/a	n/a	n/a	n/a
390.182	0.102	saccade	n/a	267.7	153.6	n/a	300.6	143.9	1.38	878.0
390.206	0.038	blink	n/a	n/a	n/a	n/a	n/a	n/a	n/a	n/a
390.286	0.24	fixation	n/a	305.9	155.7	959.0	n/a	n/a	n/a	n/a
390.528	0.004	saccade	n/a	303.1	153.4	n/a	296.7	152.9	0.26	49.0
390.534	0.218	fixation	n/a	296.2	151.4	921.0	n/a	n/a	n/a	n/a
390.754	0.018	saccade	n/a	296.6	149.8	n/a	276.9	118.7	1.49	122.0
390.774	0.108	fixation	n/a	285.9	118.6	896.0	n/a	n/a	n/a	n/a
390.884	0.018	saccade	n/a	286.4	120.0	n/a	326.2	107.5	1.67	138.0
390.904	0.176	fixation	n/a	327.2	110.7	917.0	n/a	n/a	n/a	n/a
391.082	0.022	saccade	n/a	326.9	111.2	n/a	390.4	114.7	2.56	188.0
391.106	0.208	fixation	n/a	390.6	113.9	928.0	n/a	n/a	n/a	n/a
391.316	0.022	saccade	n/a	392.2	116.5	n/a	415.5	156.5	1.88	142.0
391.34	0.21	fixation	n/a	413.7	149.0	957.0	n/a	n/a	n/a	n/a
391.552	0.024	saccade	n/a	414.1	151.2	n/a	486.0	146.6	2.9	203.0
391.578	0.244	fixation	n/a	483.4	147.7	994.0	n/a	n/a	n/a	n/a
391.824	0.018	saccade	n/a	483.7	148.1	n/a	524.9	145.5	1.65	130.0
391.844	0.412	fixation	n/a	524.1	147.1	965.0	n/a	n/a	n/a	n/a
392.258	0.054	saccade	n/a	524.7	145.3	n/a	170.3	115.1	14.09	434.0
392.314	0.124	fixation	n/a	183.3	120.4	964.0	n/a	n/a	n/a	n/a
392.44	0.022	saccade	n/a	182.7	122.4	n/a	140.2	111.4	1.72	172.0
392.464	0.184	fixation	n/a	146.5	115.5	956.0	n/a	n/a	n/a	n/a
392.65	0.036	saccade	n/a	146.2	121.2	n/a	213.7	100.6	2.78	168.0
392.688	0.118	fixation	n/a	220.3	113.5	965.0	n/a	n/a	n/a	n/a
392.808	0.11	saccade	n/a	221.1	115.7	n/a	233.5	111.2	0.52	680.0
392.844	0.018	blink	n/a	n/a	n/a	n/a	n/a	n/a	n/a	n/a
392.92	0.252	fixation	n/a	234.1	111.2	963.0	n/a	n/a	n/a	n/a
393.174	0.022	saccade	n/a	234.6	110.4	n/a	305.4	112.7	2.83	200.0
393.198	0.47	fixation	n/a	300.2	109.8	954.0	n/a	n/a	n/a	n/a
393.67	0.012	saccade	n/a	299.5	107.2	n/a	277.4	104.3	0.89	84.0
393.684	0.176	fixation	n/a	278.7	104.9	940.0	n/a	n/a	n/a	n/a
393.862	0.028	saccade	n/a	277.4	103.0	n/a	381.7	111.5	4.2	280.0
393.892	0.542	fixation	n/a	382.5	111.6	949.0	n/a	n/a	n/a	n/a
394.436	0.016	saccade	n/a	385.3	114.5	n/a	427.2	109.7	1.7	136.0
394.454	0.162	fixation	n/a	425.8	108.5	962.0	n/a	n/a	n/a	n/a
394.618	0.022	saccade	n/a	426.8	110.3	n/a	491.6	106.1	2.61	176.0
394.642	0.234	fixation	n/a	494.5	104.7	974.0	n/a	n/a	n/a	n/a
394.878	0.02	saccade	n/a	493.1	104.1	n/a	550.6	99.2	2.31	168.0
394.9	0.242	fixation	n/a	546.7	99.9	997.0	n/a	n/a	n/a	n/a
395.144	0.062	saccade	n/a	546.5	102.0	n/a	192.6	149.3	14.17	504.0
395.208	0.216	fixation	n/a	182.3	150.3	1007.0	n/a	n/a	n/a	n/a
395.426	0.024	saccade	n/a	182.2	153.3	n/a	279.1	153.2	3.85	260.0
395.452	0.374	fixation	n/a	296.8	154.2	1015.0	n/a	n/a	n/a	n/a
395.828	0.032	saccade	n/a	296.3	164.3	n/a	390.7	154.6	3.81	201.0
395.862	0.216	fixation	n/a	405.3	158.1	989.0	n/a	n/a	n/a	n/a
396.08	0.026	saccade	n/a	403.5	156.5	n/a	485.9	150.0	3.33	216.0
396.108	0.168	fixation	n/a	484.4	146.3	979.0	n/a	n/a	n/a	n/a
396.278	0.052	saccade	n/a	483.9	142.4	n/a	232.3	112.6	10.12	458.0
396.332	0.374	fixation	n/a	225.8	111.7	954.0	n/a	n/a	n/a	n/a
396.708	0.022	saccade	n/a	225.2	111.1	n/a	202.5	108.1	0.91	127.0
396.732	0.272	fixation	n/a	208.5	112.9	966.0	n/a	n/a	n/a	n/a
396.814	0.0	trigger_11	11	n/a	n/a	n/a	n/a	n/a	n/a	n/a
396.818	0.0	trigger_10	10	n/a	n/a	n/a	n/a	n/a	n/a	n/a
397.006	0.024	saccade	n/a	210.6	116.7	n/a	126.6	107.8	3.31	264.0
397.032	0.386	fixation	n/a	138.2	108.9	985.0	n/a	n/a	n/a	n/a
397.42	0.02	saccade	n/a	134.4	101.9	n/a	199.5	102.2	2.55	208.0
397.442	0.07	fixation	n/a	203.8	99.9	957.0	n/a	n/a	n/a	n/a
397.514	0.022	saccade	n/a	203.8	98.7	n/a	271.8	102.5	2.71	218.0
397.538	0.284	fixation	n/a	265.1	97.8	984.0	n/a	n/a	n/a	n/a
397.824	0.016	saccade	n/a	267.8	99.7	n/a	311.2	103.6	1.75	152.0
397.842	0.31	fixation	n/a	317.5	104.7	1038.0	n/a	n/a	n/a	n/a
398.154	0.018	saccade	n/a	320.7	105.7	n/a	367.4	106.7	1.88	150.0
398.174	0.282	fixation	n/a	371.0	109.6	1047.0	n/a	n/a	n/a	n/a
398.458	0.018	saccade	n/a	371.1	119.7	n/a	418.6	117.6	1.92	142.0
398.478	0.312	fixation	n/a	428.7	113.6	1042.0	n/a	n/a	n/a	n/a
398.792	0.02	saccade	n/a	428.0	111.9	n/a	480.0	102.9	2.12	148.0
398.814	0.184	fixation	n/a	484.1	102.7	1049.0	n/a	n/a	n/a	n/a
399.0	0.018	saccade	n/a	483.5	105.0	n/a	527.2	100.2	1.76	136.0
399.02	0.18	fixation	n/a	520.9	99.5	1045.0	n/a	n/a	n/a	n/a
399.202	0.062	saccade	n/a	519.0	98.5	n/a	193.4	146.3	13.09	488.0
399.266	0.112	fixation	n/a	180.9	147.1	1051.0	n/a	n/a	n/a	n/a
399.38	0.022	saccade	n/a	181.2	146.7	n/a	114.9	153.8	2.61	223.0
399.404	0.476	fixation	n/a	125.4	152.2	984.0	n/a	n/a	n/a	n/a
399.882	0.022	saccade	n/a	120.5	147.9	n/a	191.4	146.3	2.77	210.0
399.906	0.31	fixation	n/a	191.5	143.2	936.0	n/a	n/a	n/a	n/a
400.218	0.02	saccade	n/a	191.3	142.5	n/a	245.0	143.7	2.13	177.0
400.24	0.31	fixation	n/a	240.3	145.6	954.0	n/a	n/a	n/a	n/a
400.552	0.012	saccade	n/a	237.5	146.8	n/a	218.3	143.6	0.77	72.0
400.566	0.298	fixation	n/a	222.9	145.7	947.0	n/a	n/a	n/a	n/a
400.866	0.018	saccade	n/a	222.4	144.5	n/a	260.1	143.2	1.5	136.0
400.886	0.178	fixation	n/a	257.7	143.1	944.0	n/a	n/a	n/a	n/a
401.066	0.016	saccade	n/a	256.1	143.9	n/a	291.2	144.9	1.4	116.0
401.084	0.192	fixation	n/a	286.8	144.0	961.0	n/a	n/a	n/a	n/a
401.278	0.026	saccade	n/a	288.3	145.6	n/a	183.9	111.8	4.36	280.0
401.306	0.332	fixation	n/a	174.9	108.4	952.0	n/a	n/a	n/a	n/a
401.64	0.014	saccade	n/a	175.7	108.5	n/a	204.2	99.4	1.18	114.0
401.656	0.128	fixation	n/a	204.5	99.2	953.0	n/a	n/a	n/a	n/a
401.786	0.022	saccade	n/a	205.8	99.4	n/a	131.9	90.9	2.92	230.0
401.81	0.418	fixation	n/a	143.4	95.9	963.0	n/a	n/a	n/a	n/a
402.23	0.014	saccade	n/a	146.2	100.4	n/a	119.3	98.5	1.05	101.0
402.246	0.382	fixation	n/a	128.8	105.5	987.0	n/a	n/a	n/a	n/a
402.358	0.0	trigger_11	11	n/a	n/a	n/a	n/a	n/a	n/a	n/a
402.368	0.0	trigger_10	10	n/a	n/a	n/a	n/a	n/a	n/a	n/a
402.63	0.02	saccade	n/a	127.4	108.0	n/a	178.1	108.1	1.98	143.0
402.652	0.174	fixation	n/a	173.3	109.2	1018.0	n/a	n/a	n/a	n/a
402.828	0.022	saccade	n/a	170.6	110.9	n/a	245.0	108.9	2.94	215.0
402.852	0.164	fixation	n/a	241.0	108.1	1001.0	n/a	n/a	n/a	n/a
403.018	0.02	saccade	n/a	241.2	110.3	n/a	294.9	109.2	2.15	170.0
403.04	0.118	fixation	n/a	303.2	107.7	992.0	n/a	n/a	n/a	n/a
403.16	0.022	saccade	n/a	303.8	110.2	n/a	250.2	104.2	2.16	173.0
403.184	0.152	fixation	n/a	263.7	107.6	983.0	n/a	n/a	n/a	n/a
403.338	0.024	saccade	n/a	261.9	108.0	n/a	366.4	115.3	4.21	282.0
403.364	0.156	fixation	n/a	382.5	117.2	979.0	n/a	n/a	n/a	n/a
403.522	0.086	saccade	n/a	385.6	122.6	n/a	418.6	121.6	1.33	574.0
403.61	0.102	fixation	n/a	419.5	114.6	972.0	n/a	n/a	n/a	n/a
403.714	0.09	saccade	n/a	419.0	120.7	n/a	414.5	129.0	0.38	467.0
403.806	0.302	fixation	n/a	415.0	120.2	947.0	n/a	n/a	n/a	n/a
404.11	0.018	saccade	n/a	414.1	118.1	n/a	459.3	110.1	1.85	151.0
404.13	0.364	fixation	n/a	462.3	108.0	927.0	n/a	n/a	n/a	n/a
404.496	0.016	saccade	n/a	458.5	108.9	n/a	488.1	101.7	1.22	103.0
404.514	0.202	fixation	n/a	490.2	100.9	931.0	n/a	n/a	n/a	n/a
404.718	0.018	saccade	n/a	490.9	99.3	n/a	537.5	99.9	1.86	140.0
404.738	0.186	fixation	n/a	538.2	99.6	954.0	n/a	n/a	n/a	n/a
404.926	0.016	saccade	n/a	539.3	100.0	n/a	574.7	96.5	1.41	118.0
404.944	0.282	fixation	n/a	573.3	98.2	961.0	n/a	n/a	n/a	n/a
405.228	0.068	saccade	n/a	573.7	99.9	n/a	173.2	147.8	15.92	447.0
405.298	0.114	fixation	n/a	163.2	145.4	936.0	n/a	n/a	n/a	n/a
405.414	0.02	saccade	n/a	164.4	145.1	n/a	119.5	151.2	1.77	151.0
405.436	0.216	fixation	n/a	127.1	152.3	935.0	n/a	n/a	n/a	n/a
405.654	0.124	saccade	n/a	130.7	159.6	n/a	133.4	162.1	0.15	727.0
405.696	0.02	blink	n/a	n/a	n/a	n/a	n/a	n/a	n/a	n/a
405.78	0.788	fixation	n/a	131.2	156.0	930.0	n/a	n/a	n/a	n/a
406.57	0.018	saccade	n/a	128.1	151.7	n/a	174.8	150.0	1.83	136.0
406.59	0.196	fixation	n/a	176.1	148.6	958.0	n/a	n/a	n/a	n/a
406.788	0.128	saccade	n/a	181.9	156.2	n/a	245.6	155.1	2.52	725.0
406.824	0.03	blink	n/a	n/a	n/a	n/a	n/a	n/a	n/a	n/a
406.918	0.234	fixation	n/a	249.0	157.6	983.0	n/a	n/a	n/a	n/a
407.154	0.026	saccade	n/a	252.4	159.0	n/a	180.4	152.5	2.86	194.0
407.182	0.418	fixation	n/a	191.2	152.1	928.0	n/a	n/a	n/a	n/a
407.602	0.026	saccade	n/a	189.4	150.3	n/a	283.1	151.3	3.72	234.0
407.63	0.404	fixation	n/a	291.4	151.4	949.0	n/a	n/a	n/a	n/a
408.036	0.032	saccade	n/a	291.3	151.1	n/a	183.8	150.6	4.27	198.0
408.07	0.18	fixation	n/a	196.2	150.9	934.0	n/a	n/a	n/a	n/a
408.252	0.014	saccade	n/a	196.4	152.3	n/a	174.0	150.5	0.89	85.0
408.268	0.168	fixation	n/a	181.7	150.8	945.0	n/a	n/a	n/a	n/a
408.438	0.026	saccade	n/a	180.2	151.8	n/a	277.8	153.3	3.87	257.0
408.466	0.712	fixation	n/a	280.2	154.7	980.0	n/a	n/a	n/a	n/a
409.18	0.024	saccade	n/a	276.9	157.4	n/a	357.6	156.1	3.23	203.0
409.206	0.5	fixation	n/a	364.6	156.3	938.0	n/a	n/a	n/a	n/a
409.708	0.008	saccade	n/a	369.2	154.6	n/a	355.7	152.9	0.55	66.0
409.718	0.37	fixation	n/a	359.5	152.7	939.0	n/a	n/a	n/a	n/a
410.09	0.008	saccade	n/a	357.9	149.8	n/a	347.1	150.4	0.44	54.0
410.1	0.208	fixation	n/a	350.6	149.5	920.0	n/a	n/a	n/a	n/a
410.31	0.02	saccade	n/a	352.7	151.2	n/a	397.2	149.1	1.79	144.0
410.332	0.154	fixation	n/a	398.1	149.6	926.0	n/a	n/a	n/a	n/a
410.488	0.022	saccade	n/a	398.3	151.0	n/a	462.8	146.2	2.6	166.0
410.512	0.18	fixation	n/a	459.5	144.3	933.0	n/a	n/a	n/a	n/a
410.694	0.022	saccade	n/a	460.0	147.9	n/a	511.6	143.5	2.08	142.0
410.718	0.136	fixation	n/a	506.9	140.2	927.0	n/a	n/a	n/a	n/a
410.856	0.022	saccade	n/a	507.0	140.5	n/a	434.9	143.4	2.9	203.0
410.88	0.24	fixation	n/a	442.6	144.9	934.0	n/a	n/a	n/a	n/a
411.122	0.022	saccade	n/a	442.1	144.0	n/a	500.1	143.7	2.33	157.0
411.146	0.324	fixation	n/a	498.8	143.2	949.0	n/a	n/a	n/a	n/a
411.472	0.018	saccade	n/a	498.3	143.5	n/a	541.4	143.8	1.72	135.0
411.492	0.242	fixation	n/a	540.8	143.0	953.0	n/a	n/a	n/a	n/a
411.736	0.014	saccade	n/a	541.1	145.3	n/a	566.7	140.9	1.03	83.0
411.752	0.146	fixation	n/a	566.5	142.5	941.0	n/a	n/a	n/a	n/a
411.9	0.06	saccade	n/a	566.6	141.0	n/a	264.4	110.0	12.11	420.0
411.962	0.094	fixation	n/a	258.8	109.7	926.0	n/a	n/a	n/a	n/a
412.058	0.022	saccade	n/a	259.6	109.1	n/a	170.7	97.0	3.55	315.0
412.082	0.192	fixation	n/a	175.2	97.4	895.0	n/a	n/a	n/a	n/a
412.276	0.02	saccade	n/a	175.7	97.9	n/a	139.3	89.3	1.47	149.0
412.298	0.094	fixation	n/a	148.4	91.3	890.0	n/a	n/a	n/a	n/a
412.394	0.038	saccade	n/a	148.7	91.9	n/a	365.4	103.3	8.61	420.0
412.434	0.286	fixation	n/a	359.9	103.2	907.0	n/a	n/a	n/a	n/a
412.722	0.036	saccade	n/a	359.9	103.9	n/a	551.4	144.6	7.85	381.0
412.76	0.232	fixation	n/a	551.6	139.4	917.0	n/a	n/a	n/a	n/a
412.994	0.066	saccade	n/a	554.2	141.5	n/a	194.1	207.1	14.51	488.0
413.062	0.114	fixation	n/a	179.0	208.2	904.0	n/a	n/a	n/a	n/a
413.178	0.022	saccade	n/a	181.2	207.4	n/a	118.6	203.2	2.45	227.0
413.202	0.306	fixation	n/a	131.9	206.9	867.0	n/a	n/a	n/a	n/a
413.51	0.006	saccade	n/a	132.3	211.2	n/a	122.1	208.1	0.41	59.0
413.518	0.196	fixation	n/a	125.4	205.8	862.0	n/a	n/a	n/a	n/a
413.716	0.022	saccade	n/a	126.0	204.9	n/a	191.3	204.9	2.55	207.0
413.74	0.236	fixation	n/a	188.9	204.0	908.0	n/a	n/a	n/a	n/a
413.978	0.016	saccade	n/a	187.2	205.1	n/a	230.4	201.9	1.71	149.0
413.996	0.412	fixation	n/a	235.4	201.9	944.0	n/a	n/a	n/a	n/a
414.41	0.02	saccade	n/a	237.5	204.0	n/a	287.1	201.0	1.98	157.0
414.432	0.558	fixation	n/a	286.1	200.3	925.0	n/a	n/a	n/a	n/a
414.992	0.04	saccade	n/a	281.9	200.1	n/a	430.1	150.7	6.28	304.0
415.034	0.166	fixation	n/a	428.0	153.5	920.0	n/a	n/a	n/a	n/a
415.202	0.026	saccade	n/a	428.4	152.4	n/a	338.2	139.9	3.67	274.0
415.23	0.172	fixation	n/a	348.9	143.8	916.0	n/a	n/a	n/a	n/a
415.404	0.038	saccade	n/a	350.9	143.1	n/a	138.4	100.0	8.59	368.0
415.444	0.226	fixation	n/a	146.6	102.1	889.0	n/a	n/a	n/a	n/a
415.672	0.022	saccade	n/a	145.3	100.7	n/a	207.1	94.3	2.44	198.0
415.696	0.13	fixation	n/a	198.7	95.7	902.0	n/a	n/a	n/a	n/a
415.828	0.026	saccade	n/a	199.2	96.0	n/a	297.5	98.4	3.92	260.0
415.856	0.206	fixation	n/a	293.9	99.1	909.0	n/a	n/a	n/a	n/a
416.064	0.028	saccade	n/a	292.7	99.7	n/a	385.2	106.3	3.72	232.0
416.094	0.08	fixation	n/a	383.1	106.7	904.0	n/a	n/a	n/a	n/a
416.176	0.01	saccade	n/a	382.4	106.4	n/a	380.8	92.0	0.59	62.0
416.188	0.026	fixation	n/a	379.5	90.2	902.0	n/a	n/a	n/a	n/a
416.216	0.048	saccade	n/a	378.8	89.7	n/a	422.4	108.6	1.92	104.0
416.266	0.032	fixation	n/a	433.6	105.5	912.0	n/a	n/a	n/a	n/a
416.3	0.024	saccade	n/a	432.5	95.8	n/a	429.9	88.8	0.3	86.0
416.326	0.108	fixation	n/a	433.1	104.8	913.0	n/a	n/a	n/a	n/a
416.436	0.02	saccade	n/a	432.0	103.2	n/a	486.6	100.5	2.2	170.0
416.458	0.19	fixation	n/a	486.8	97.2	897.0	n/a	n/a	n/a	n/a
416.65	0.024	saccade	n/a	486.5	97.8	n/a	550.3	91.8	2.56	165.0
416.676	0.266	fixation	n/a	546.9	92.9	912.0	n/a	n/a	n/a	n/a
416.944	0.036	saccade	n/a	546.0	93.4	n/a	381.7	139.2	6.84	349.0
416.982	0.14	fixation	n/a	394.5	141.6	959.0	n/a	n/a	n/a	n/a
417.124	0.02	saccade	n/a	395.4	144.3	n/a	356.2	141.0	1.59	128.0
417.146	0.262	fixation	n/a	364.3	144.3	991.0	n/a	n/a	n/a	n/a
417.41	0.026	saccade	n/a	363.1	144.0	n/a	453.6	139.4	3.65	249.0
417.438	0.182	fixation	n/a	452.6	140.9	973.0	n/a	n/a	n/a	n/a
417.622	0.092	saccade	n/a	452.5	149.9	n/a	515.6	143.0	2.54	780.0
417.648	0.034	blink	n/a	n/a	n/a	n/a	n/a	n/a	n/a	n/a
417.716	0.068	fixation	n/a	520.6	138.9	977.0	n/a	n/a	n/a	n/a
417.786	0.16	saccade	n/a	519.0	138.9	n/a	541.2	154.7	1.09	996.0
417.816	0.08	blink	n/a	n/a	n/a	n/a	n/a	n/a	n/a	n/a
417.948	0.312	fixation	n/a	541.7	152.7	940.0	n/a	n/a	n/a	n/a
418.262	0.032	saccade	n/a	541.1	151.8	n/a	418.7	154.3	4.91	268.0
418.296	0.17	fixation	n/a	420.0	157.4	897.0	n/a	n/a	n/a	n/a
418.468	0.044	saccade	n/a	420.3	158.2	n/a	162.1	204.6	10.42	385.0
418.514	0.228	fixation	n/a	170.7	202.5	887.0	n/a	n/a	n/a	n/a
418.744	0.016	saccade	n/a	170.7	201.6	n/a	141.3	211.6	1.22	104.0
418.762	0.288	fixation	n/a	149.2	208.8	898.0	n/a	n/a	n/a	n/a
419.052	0.016	saccade	n/a	147.7	207.8	n/a	187.1	207.4	1.54	131.0
419.07	0.27	fixation	n/a	182.5	205.2	878.0	n/a	n/a	n/a	n/a
419.342	0.02	saccade	n/a	182.6	204.3	n/a	236.6	202.4	2.14	175.0
419.364	0.28	fixation	n/a	234.7	200.0	859.0	n/a	n/a	n/a	n/a
419.646	0.022	saccade	n/a	234.6	198.4	n/a	293.6	200.4	2.35	182.0
419.67	0.264	fixation	n/a	292.5	199.4	844.0	n/a	n/a	n/a	n/a
419.936	0.012	saccade	n/a	294.5	201.6	n/a	318.5	199.4	0.97	95.0
419.95	0.26	fixation	n/a	317.6	200.5	847.0	n/a	n/a	n/a	n/a
420.212	0.022	saccade	n/a	316.7	202.0	n/a	367.4	202.6	2.03	160.0
420.236	0.184	fixation	n/a	365.0	202.5	885.0	n/a	n/a	n/a	n/a
420.422	0.014	saccade	n/a	365.5	211.3	n/a	331.8	208.7	1.36	113.0
420.438	0.186	fixation	n/a	312.9	208.8	901.0	n/a	n/a	n/a	n/a
420.626	0.012	saccade	n/a	309.7	208.2	n/a	288.6	201.5	0.89	88.0
420.64	0.304	fixation	n/a	293.9	204.8	909.0	n/a	n/a	n/a	n/a
420.946	0.01	saccade	n/a	294.9	206.4	n/a	317.1	205.7	0.89	97.0
420.958	0.466	fixation	n/a	319.1	205.2	934.0	n/a	n/a	n/a	n/a
421.426	0.02	saccade	n/a	317.4	206.6	n/a	375.0	207.9	2.31	176.0
421.448	0.22	fixation	n/a	370.8	205.2	931.0	n/a	n/a	n/a	n/a
421.67	0.018	saccade	n/a	369.1	208.2	n/a	407.8	203.4	1.57	133.0
421.69	0.18	fixation	n/a	404.0	203.2	941.0	n/a	n/a	n/a	n/a
421.872	0.012	saccade	n/a	401.7	204.0	n/a	378.2	201.7	0.95	96.0
421.886	0.158	fixation	n/a	384.4	201.2	939.0	n/a	n/a	n/a	n/a
422.046	0.022	saccade	n/a	384.0	199.9	n/a	451.0	195.5	2.7	176.0
422.07	0.168	fixation	n/a	453.0	195.4	951.0	n/a	n/a	n/a	n/a
422.24	0.018	saccade	n/a	451.9	196.1	n/a	501.3	193.4	1.98	154.0
422.26	0.252	fixation	n/a	502.2	193.7	947.0	n/a	n/a	n/a	n/a
422.514	0.018	saccade	n/a	502.3	194.1	n/a	542.6	190.9	1.61	138.0
422.534	0.146	fixation	n/a	537.4	189.5	919.0	n/a	n/a	n/a	n/a
422.682	0.066	saccade	n/a	538.9	189.8	n/a	165.8	271.8	15.08	484.0
422.75	0.154	fixation	n/a	152.0	273.8	927.0	n/a	n/a	n/a	n/a
422.906	0.016	saccade	n/a	150.0	274.1	n/a	137.5	274.5	0.49	65.0
422.924	0.37	fixation	n/a	143.3	275.0	913.0	n/a	n/a	n/a	n/a
423.296	0.022	saccade	n/a	144.0	273.7	n/a	213.1	264.7	2.72	199.0
423.32	0.392	fixation	n/a	216.5	265.2	910.0	n/a	n/a	n/a	n/a
423.714	0.022	saccade	n/a	218.7	269.7	n/a	160.0	273.4	2.3	175.0
423.738	0.356	fixation	n/a	170.7	277.2	937.0	n/a	n/a	n/a	n/a
424.096	0.022	saccade	n/a	170.8	279.8	n/a	234.7	268.0	2.55	193.0
424.12	0.176	fixation	n/a	234.9	267.5	944.0	n/a	n/a	n/a	n/a
424.298	0.022	saccade	n/a	234.9	269.0	n/a	298.6	262.5	2.54	186.0
424.322	0.294	fixation	n/a	297.5	262.3	937.0	n/a	n/a	n/a	n/a
424.618	0.018	saccade	n/a	298.2	265.8	n/a	341.0	261.9	1.72	141.0
424.638	0.192	fixation	n/a	342.4	261.0	922.0	n/a	n/a	n/a	n/a
424.832	0.02	saccade	n/a	343.1	264.8	n/a	396.0	260.8	2.12	150.0
424.854	0.696	fixation	n/a	395.4	259.5	880.0	n/a	n/a	n/a	n/a
425.552	0.018	saccade	n/a	390.9	259.9	n/a	435.3	262.6	1.78	145.0
425.572	0.178	fixation	n/a	437.8	260.6	878.0	n/a	n/a	n/a	n/a
425.752	0.018	saccade	n/a	436.2	260.4	n/a	481.8	259.1	1.82	124.0
425.772	0.594	fixation	n/a	488.7	256.0	835.0	n/a	n/a	n/a	n/a
426.368	0.012	saccade	n/a	488.4	256.9	n/a	468.4	253.7	0.81	92.0
426.382	0.272	fixation	n/a	476.6	253.4	830.0	n/a	n/a	n/a	n/a
426.656	0.024	saccade	n/a	476.5	254.4	n/a	561.9	252.7	3.4	224.0
426.682	0.948	fixation	n/a	576.5	253.8	873.0	n/a	n/a	n/a	n/a
427.632	0.022	saccade	n/a	572.7	256.9	n/a	631.2	256.7	2.3	165.0
427.656	0.158	fixation	n/a	627.6	257.0	885.0	n/a	n/a	n/a	n/a
427.816	0.07	saccade	n/a	627.8	257.0	n/a	187.6	319.8	17.38	486.0
427.888	0.126	fixation	n/a	173.9	320.6	903.0	n/a	n/a	n/a	n/a
428.016	0.014	saccade	n/a	172.3	320.8	n/a	148.2	333.5	1.06	95.0
428.032	0.152	fixation	n/a	153.0	332.2	898.0	n/a	n/a	n/a	n/a
428.186	0.02	saccade	n/a	153.9	335.9	n/a	218.6	329.4	2.53	206.0
428.208	0.188	fixation	n/a	219.8	330.8	895.0	n/a	n/a	n/a	n/a
428.398	0.022	saccade	n/a	220.5	334.2	n/a	183.8	334.5	1.43	141.0
428.422	0.218	fixation	n/a	189.3	335.7	888.0	n/a	n/a	n/a	n/a
428.642	0.022	saccade	n/a	189.4	333.8	n/a	250.5	328.1	2.4	196.0
428.666	0.184	fixation	n/a	247.4	328.2	895.0	n/a	n/a	n/a	n/a
428.852	0.02	saccade	n/a	246.1	329.1	n/a	288.6	324.5	1.69	143.0
428.874	0.204	fixation	n/a	280.9	324.7	899.0	n/a	n/a	n/a	n/a
429.08	0.02	saccade	n/a	278.8	323.7	n/a	335.5	319.9	2.26	175.0
429.102	0.166	fixation	n/a	335.4	321.5	892.0	n/a	n/a	n/a	n/a
429.27	0.022	saccade	n/a	336.0	323.2	n/a	396.6	319.9	2.41	166.0
429.294	0.232	fixation	n/a	394.0	318.6	882.0	n/a	n/a	n/a	n/a
429.528	0.022	saccade	n/a	396.1	320.4	n/a	462.9	316.3	2.67	191.0
429.552	0.502	fixation	n/a	477.3	312.9	851.0	n/a	n/a	n/a	n/a
430.056	0.02	saccade	n/a	477.7	316.1	n/a	542.0	312.3	2.55	194.0
430.078	0.198	fixation	n/a	546.3	310.4	843.0	n/a	n/a	n/a	n/a
430.278	0.062	saccade	n/a	548.5	311.6	n/a	199.9	370.0	13.86	486.0
430.342	0.114	fixation	n/a	190.5	371.1	899.0	n/a	n/a	n/a	n/a
430.458	0.024	saccade	n/a	191.4	372.2	n/a	132.7	386.3	2.32	176.0
430.484	0.402	fixation	n/a	144.9	387.1	891.0	n/a	n/a	n/a	n/a
430.888	0.02	saccade	n/a	146.1	388.9	n/a	201.4	379.4	2.17	171.0
430.91	0.552	fixation	n/a	207.4	380.1	881.0	n/a	n/a	n/a	n/a
431.464	0.022	saccade	n/a	206.4	378.5	n/a	150.6	382.4	2.16	161.0
431.488	0.192	fixation	n/a	154.0	384.1	898.0	n/a	n/a	n/a	n/a
431.682	0.008	saccade	n/a	153.6	384.9	n/a	140.2	384.2	0.52	65.0
431.692	0.046	fixation	n/a	141.4	382.9	898.0	n/a	n/a	n/a	n/a
431.74	0.026	saccade	n/a	140.6	383.4	n/a	236.6	375.8	3.73	269.0
431.768	0.41	fixation	n/a	232.0	376.5	889.0	n/a	n/a	n/a	n/a
432.18	0.028	saccade	n/a	230.0	377.3	n/a	341.5	373.6	4.38	259.0
432.21	0.208	fixation	n/a	348.5	375.2	881.0	n/a	n/a	n/a	n/a
432.42	0.022	saccade	n/a	347.9	378.4	n/a	420.4	373.8	2.87	209.0
432.444	0.064	fixation	n/a	424.7	372.8	869.0	n/a	n/a	n/a	n/a
432.51	0.018	saccade	n/a	426.6	373.1	n/a	478.1	373.9	2.04	173.0
432.53	0.314	fixation	n/a	472.2	372.3	848.0	n/a	n/a	n/a	n/a
432.846	0.05	saccade	n/a	477.8	376.0	n/a	340.1	376.1	5.44	328.0
432.898	0.18	fixation	n/a	344.3	379.2	840.0	n/a	n/a	n/a	n/a
433.08	0.008	saccade	n/a	341.6	380.0	n/a	327.7	378.1	0.55	68.0
433.09	0.144	fixation	n/a	328.0	378.2	847.0	n/a	n/a	n/a	n/a
433.236	0.024	saccade	n/a	326.9	378.5	n/a	387.6	375.4	2.4	148.0
433.262	0.258	fixation	n/a	381.1	378.1	841.0	n/a	n/a	n/a	n/a
433.522	0.018	saccade	n/a	380.0	379.6	n/a	423.0	380.1	1.7	144.0
433.542	0.262	fixation	n/a	417.8	380.0	810.0	n/a	n/a	n/a	n/a
433.806	0.012	saccade	n/a	417.0	384.9	n/a	441.3	383.1	0.96	91.0
433.82	0.024	fixation	n/a	449.8	379.2	814.0	n/a	n/a	n/a	n/a
433.846	0.014	saccade	n/a	464.0	377.2	n/a	498.6	384.6	1.4	134.0
433.862	0.168	fixation	n/a	497.3	378.2	816.0	n/a	n/a	n/a	n/a
434.032	0.062	saccade	n/a	498.5	377.6	n/a	269.3	131.4	13.41	382.0
434.096	0.094	fixation	n/a	273.4	135.5	790.0	n/a	n/a	n/a	n/a
434.192	0.024	saccade	n/a	273.2	136.5	n/a	185.2	98.3	3.82	312.0
434.218	0.126	fixation	n/a	191.8	103.7	760.0	n/a	n/a	n/a	n/a
434.296	0.0	trigger_11	11	n/a	n/a	n/a	n/a	n/a	n/a	n/a
434.302	0.0	trigger_12	12	n/a	n/a	n/a	n/a	n/a	n/a	n/a
434.346	0.02	saccade	n/a	192.0	104.8	n/a	170.7	89.8	1.03	110.0
434.368	0.162	fixation	n/a	176.3	95.1	749.0	n/a	n/a	n/a	n/a
434.532	0.018	saccade	n/a	177.6	96.7	n/a	131.4	99.1	1.81	154.0
434.552	0.34	fixation	n/a	139.3	100.1	800.0	n/a	n/a	n/a	n/a
434.894	0.02	saccade	n/a	137.1	101.6	n/a	195.5	92.7	2.32	186.0
434.916	0.164	fixation	n/a	190.7	92.7	831.0	n/a	n/a	n/a	n/a
435.082	0.022	saccade	n/a	189.9	95.3	n/a	274.2	100.4	3.35	252.0
435.106	0.134	fixation	n/a	274.2	99.9	874.0	n/a	n/a	n/a	n/a
435.242	0.106	saccade	n/a	277.1	111.0	n/a	281.8	108.7	0.21	648.0
435.272	0.022	blink	n/a	n/a	n/a	n/a	n/a	n/a	n/a	n/a
435.35	0.17	fixation	n/a	281.9	108.2	900.0	n/a	n/a	n/a	n/a
435.522	0.026	saccade	n/a	283.2	109.8	n/a	353.8	110.0	2.84	197.0
435.55	0.17	fixation	n/a	347.7	108.9	923.0	n/a	n/a	n/a	n/a
435.722	0.02	saccade	n/a	347.5	108.1	n/a	398.5	109.1	2.06	174.0
435.744	0.164	fixation	n/a	393.7	108.2	895.0	n/a	n/a	n/a	n/a
435.91	0.024	saccade	n/a	394.5	108.1	n/a	459.1	104.1	2.6	176.0
435.936	0.168	fixation	n/a	458.3	100.5	898.0	n/a	n/a	n/a	n/a
436.106	0.024	saccade	n/a	458.3	101.7	n/a	537.7	96.7	3.18	210.0
436.132	0.208	fixation	n/a	543.1	95.5	915.0	n/a	n/a	n/a	n/a
436.342	0.016	saccade	n/a	544.5	96.3	n/a	585.5	98.1	1.63	127.0
436.36	0.236	fixation	n/a	584.6	97.3	903.0	n/a	n/a	n/a	n/a
436.598	0.064	saccade	n/a	587.7	98.7	n/a	240.0	140.2	13.9	441.0
436.664	0.114	fixation	n/a	231.2	139.4	906.0	n/a	n/a	n/a	n/a
436.78	0.024	saccade	n/a	233.0	140.2	n/a	146.3	144.5	3.42	258.0
436.806	0.162	fixation	n/a	159.3	147.0	898.0	n/a	n/a	n/a	n/a
436.97	0.018	saccade	n/a	160.6	146.4	n/a	121.8	144.2	1.52	129.0
436.99	0.172	fixation	n/a	129.1	147.1	899.0	n/a	n/a	n/a	n/a
437.164	0.12	saccade	n/a	131.3	157.0	n/a	260.2	155.4	5.08	357.0
437.286	0.624	fixation	n/a	258.8	155.5	938.0	n/a	n/a	n/a	n/a
437.912	0.02	saccade	n/a	258.7	156.1	n/a	234.1	145.5	1.07	121.0
437.934	0.268	fixation	n/a	241.7	150.4	899.0	n/a	n/a	n/a	n/a
438.204	0.014	saccade	n/a	239.0	151.2	n/a	213.0	146.0	1.06	94.0
438.22	0.192	fixation	n/a	220.7	147.1	910.0	n/a	n/a	n/a	n/a
438.414	0.02	saccade	n/a	221.2	146.7	n/a	274.0	145.9	2.1	182.0
438.436	0.182	fixation	n/a	268.2	143.4	916.0	n/a	n/a	n/a	n/a
438.62	0.022	saccade	n/a	266.4	144.0	n/a	330.2	143.7	2.56	197.0
438.644	0.188	fixation	n/a	326.1	143.9	937.0	n/a	n/a	n/a	n/a
438.834	0.024	saccade	n/a	325.1	145.2	n/a	394.8	146.2	2.81	186.0
438.86	0.178	fixation	n/a	391.0	145.4	963.0	n/a	n/a	n/a	n/a
439.04	0.02	saccade	n/a	390.2	145.1	n/a	441.7	143.3	2.08	154.0
439.062	0.178	fixation	n/a	441.5	143.2	947.0	n/a	n/a	n/a	n/a
439.242	0.02	saccade	n/a	441.8	143.3	n/a	491.2	138.7	2.0	151.0
439.264	0.158	fixation	n/a	489.3	138.9	912.0	n/a	n/a	n/a	n/a
439.424	0.02	saccade	n/a	491.8	138.4	n/a	446.3	137.7	1.83	141.0
439.446	0.158	fixation	n/a	456.6	137.5	902.0	n/a	n/a	n/a	n/a
439.606	0.044	saccade	n/a	458.9	140.2	n/a	213.5	93.3	9.98	387.0
439.652	0.2	fixation	n/a	226.0	100.7	887.0	n/a	n/a	n/a	n/a
439.854	0.022	saccade	n/a	226.1	102.4	n/a	168.5	97.1	2.28	202.0
439.878	0.136	fixation	n/a	176.0	101.6	888.0	n/a	n/a	n/a	n/a
440.016	0.04	saccade	n/a	175.4	102.1	n/a	376.7	107.6	8.02	375.0
440.058	0.136	fixation	n/a	369.9	106.6	946.0	n/a	n/a	n/a	n/a
440.196	0.022	saccade	n/a	371.0	106.9	n/a	307.8	101.0	2.55	214.0
440.22	0.234	fixation	n/a	320.9	106.0	976.0	n/a	n/a	n/a	n/a
440.456	0.036	saccade	n/a	319.5	106.2	n/a	157.2	146.2	6.64	348.0
440.494	0.252	fixation	n/a	163.6	143.5	966.0	n/a	n/a	n/a	n/a
440.748	0.022	saccade	n/a	162.1	142.9	n/a	223.5	143.6	2.42	205.0
440.772	0.206	fixation	n/a	214.7	144.3	958.0	n/a	n/a	n/a	n/a
440.98	0.02	saccade	n/a	216.1	146.4	n/a	151.5	117.9	2.79	244.0
441.002	0.544	fixation	n/a	153.9	108.5	898.0	n/a	n/a	n/a	n/a
441.146	0.0	trigger_13	13	n/a	n/a	n/a	n/a	n/a	n/a	n/a
441.548	0.022	saccade	n/a	156.3	104.8	n/a	233.7	101.4	3.06	229.0
441.572	0.154	fixation	n/a	236.0	98.5	918.0	n/a	n/a	n/a	n/a
441.728	0.02	saccade	n/a	236.0	95.3	n/a	297.9	98.9	2.48	202.0
441.75	0.296	fixation	n/a	296.3	94.8	918.0	n/a	n/a	n/a	n/a
442.048	0.036	saccade	n/a	299.8	96.0	n/a	145.8	134.0	6.29	356.0
442.086	0.3	fixation	n/a	154.9	139.3	1024.0	n/a	n/a	n/a	n/a
442.388	0.02	saccade	n/a	155.0	148.0	n/a	152.2	207.8	2.41	161.0
442.41	0.278	fixation	n/a	151.9	212.3	1114.0	n/a	n/a	n/a	n/a
442.69	0.022	saccade	n/a	151.7	214.8	n/a	158.3	274.6	2.4	172.0
442.714	0.18	fixation	n/a	158.3	268.4	1119.0	n/a	n/a	n/a	n/a
442.896	0.156	saccade	n/a	168.3	275.9	n/a	163.2	290.7	0.62	1076.0
442.922	0.07	blink	n/a	n/a	n/a	n/a	n/a	n/a	n/a	n/a
443.054	0.214	fixation	n/a	162.1	295.2	1058.0	n/a	n/a	n/a	n/a
443.27	0.014	saccade	n/a	160.5	295.0	n/a	129.6	291.2	1.21	109.0
443.286	0.314	fixation	n/a	131.9	286.4	993.0	n/a	n/a	n/a	n/a
443.602	0.026	saccade	n/a	128.8	285.5	n/a	210.2	294.8	3.19	198.0
443.63	0.202	fixation	n/a	207.1	294.2	981.0	n/a	n/a	n/a	n/a
443.834	0.042	saccade	n/a	207.8	295.3	n/a	169.3	119.4	7.21	317.0
443.878	0.11	fixation	n/a	171.9	120.6	938.0	n/a	n/a	n/a	n/a
443.99	0.024	saccade	n/a	171.2	122.0	n/a	242.6	103.5	2.92	227.0
444.016	0.18	fixation	n/a	234.8	102.8	899.0	n/a	n/a	n/a	n/a
444.198	0.024	saccade	n/a	231.8	99.6	n/a	304.1	100.1	2.89	218.0
444.224	0.09	fixation	n/a	301.2	100.8	897.0	n/a	n/a	n/a	n/a
444.316	0.18	saccade	n/a	304.9	111.2	n/a	305.2	103.5	0.31	868.0
444.34	0.102	blink	n/a	n/a	n/a	n/a	n/a	n/a	n/a	n/a
444.498	0.21	fixation	n/a	302.1	90.9	930.0	n/a	n/a	n/a	n/a
444.71	0.036	saccade	n/a	300.9	77.1	n/a	145.3	129.6	6.52	332.0
444.748	0.364	fixation	n/a	148.8	131.2	893.0	n/a	n/a	n/a	n/a
445.114	0.016	saccade	n/a	146.0	130.4	n/a	139.7	125.8	0.31	63.0
445.132	0.226	fixation	n/a	141.5	127.3	892.0	n/a	n/a	n/a	n/a
445.36	0.018	saccade	n/a	141.3	129.9	n/a	170.0	89.6	1.97	160.0
445.38	0.152	fixation	n/a	176.0	88.9	914.0	n/a	n/a	n/a	n/a
445.534	0.04	saccade	n/a	176.5	91.2	n/a	350.5	85.4	6.94	371.0
445.576	0.286	fixation	n/a	347.2	82.6	955.0	n/a	n/a	n/a	n/a
445.864	0.044	saccade	n/a	350.6	83.9	n/a	134.8	156.1	9.03	460.0
445.91	0.188	fixation	n/a	140.7	154.1	985.0	n/a	n/a	n/a	n/a
446.1	0.012	saccade	n/a	142.5	155.0	n/a	165.8	147.5	0.96	92.0
446.114	0.318	fixation	n/a	160.0	153.0	1031.0	n/a	n/a	n/a	n/a
446.434	0.016	saccade	n/a	158.4	153.3	n/a	149.6	141.8	0.58	66.0
446.452	0.24	fixation	n/a	153.5	146.8	1015.0	n/a	n/a	n/a	n/a
446.694	0.026	saccade	n/a	150.7	146.7	n/a	138.9	214.8	2.77	155.0
446.722	0.21	fixation	n/a	141.8	209.9	1026.0	n/a	n/a	n/a	n/a
446.934	0.018	saccade	n/a	138.5	209.6	n/a	140.3	255.4	1.83	133.0
446.954	0.282	fixation	n/a	138.8	261.8	1045.0	n/a	n/a	n/a	n/a
447.238	0.02	saccade	n/a	140.5	263.4	n/a	143.9	209.5	2.15	149.0
447.26	0.496	fixation	n/a	145.7	209.3	993.0	n/a	n/a	n/a	n/a
447.758	0.02	saccade	n/a	145.9	214.0	n/a	155.9	275.9	2.5	188.0
447.78	0.23	fixation	n/a	153.8	270.1	1006.0	n/a	n/a	n/a	n/a
448.012	0.02	saccade	n/a	153.9	269.7	n/a	109.6	277.2	1.74	153.0
448.034	0.16	fixation	n/a	121.4	277.9	989.0	n/a	n/a	n/a	n/a
448.196	0.06	saccade	n/a	125.3	285.2	n/a	140.2	304.8	0.96	174.0
448.258	0.236	fixation	n/a	139.5	308.3	978.0	n/a	n/a	n/a	n/a
448.496	0.02	saccade	n/a	137.1	307.9	n/a	183.0	334.6	2.07	176.0
448.518	0.262	fixation	n/a	175.3	329.5	1010.0	n/a	n/a	n/a	n/a
448.782	0.028	saccade	n/a	175.6	329.3	n/a	286.2	318.6	4.37	232.0
448.812	0.074	fixation	n/a	298.9	316.9	1031.0	n/a	n/a	n/a	n/a
448.888	0.028	saccade	n/a	298.4	319.5	n/a	398.8	314.3	4.0	259.0
448.918	0.102	fixation	n/a	390.0	312.0	1019.0	n/a	n/a	n/a	n/a
449.022	0.026	saccade	n/a	389.1	312.9	n/a	484.1	312.2	3.78	228.0
449.05	0.104	fixation	n/a	482.4	309.8	986.0	n/a	n/a	n/a	n/a
449.156	0.064	saccade	n/a	485.3	310.7	n/a	163.9	104.6	15.14	547.0
449.218	0.0	trigger_15	15	n/a	n/a	n/a	n/a	n/a	n/a	n/a
449.222	0.17	fixation	n/a	163.1	95.3	857.0	n/a	n/a	n/a	n/a
449.226	0.0	trigger_10	10	n/a	n/a	n/a	n/a	n/a	n/a	n/a
449.394	0.02	saccade	n/a	168.9	95.8	n/a	146.4	73.5	1.26	137.0
449.416	0.108	fixation	n/a	154.2	79.9	820.0	n/a	n/a	n/a	n/a
449.526	0.018	saccade	n/a	154.8	80.2	n/a	135.6	85.2	0.78	99.0
449.546	0.16	fixation	n/a	141.0	83.6	843.0	n/a	n/a	n/a	n/a
449.708	0.022	saccade	n/a	140.9	84.9	n/a	218.1	89.0	3.04	238.0
449.732	0.18	fixation	n/a	225.9	93.1	908.0	n/a	n/a	n/a	n/a
449.914	0.022	saccade	n/a	230.2	95.3	n/a	293.9	94.4	2.54	171.0
449.938	0.108	fixation	n/a	292.2	96.7	952.0	n/a	n/a	n/a	n/a
450.048	0.11	saccade	n/a	295.9	101.3	n/a	341.1	103.4	1.82	763.0
450.078	0.024	blink	n/a	n/a	n/a	n/a	n/a	n/a	n/a	n/a
450.16	0.188	fixation	n/a	339.5	103.1	973.0	n/a	n/a	n/a	n/a
450.35	0.014	saccade	n/a	338.1	105.1	n/a	367.1	108.2	1.17	108.0
450.366	0.414	fixation	n/a	358.4	105.3	944.0	n/a	n/a	n/a	n/a
450.782	0.022	saccade	n/a	356.7	103.9	n/a	421.4	99.8	2.61	180.0
450.806	0.194	fixation	n/a	420.1	100.4	962.0	n/a	n/a	n/a	n/a
451.002	0.012	saccade	n/a	419.6	101.7	n/a	395.0	100.3	0.99	95.0
451.016	0.184	fixation	n/a	400.5	102.5	964.0	n/a	n/a	n/a	n/a
451.202	0.024	saccade	n/a	399.6	102.6	n/a	469.1	96.7	2.81	215.0
451.228	0.18	fixation	n/a	463.6	94.5	967.0	n/a	n/a	n/a	n/a
451.41	0.024	saccade	n/a	463.8	95.8	n/a	529.2	93.8	2.62	172.0
451.436	0.306	fixation	n/a	523.3	94.3	982.0	n/a	n/a	n/a	n/a
451.744	0.016	saccade	n/a	523.5	94.7	n/a	556.4	94.3	1.31	112.0
451.762	0.25	fixation	n/a	554.8	92.0	981.0	n/a	n/a	n/a	n/a
452.014	0.016	saccade	n/a	556.1	93.0	n/a	526.0	91.5	1.2	115.0
452.032	0.424	fixation	n/a	535.9	94.3	997.0	n/a	n/a	n/a	n/a
452.458	0.014	saccade	n/a	535.4	93.3	n/a	564.4	90.1	1.16	106.0
452.474	0.286	fixation	n/a	563.3	88.6	1042.0	n/a	n/a	n/a	n/a
452.762	0.016	saccade	n/a	564.7	89.2	n/a	535.4	85.1	1.18	106.0
452.78	0.2	fixation	n/a	543.2	88.9	1071.0	n/a	n/a	n/a	n/a
452.982	0.014	saccade	n/a	543.9	91.2	n/a	572.5	91.7	1.14	109.0
452.998	0.166	fixation	n/a	569.4	90.6	1042.0	n/a	n/a	n/a	n/a
453.166	0.068	saccade	n/a	571.4	93.1	n/a	173.9	154.8	15.88	522.0
453.236	0.288	fixation	n/a	160.0	157.7	1069.0	n/a	n/a	n/a	n/a
453.526	0.022	saccade	n/a	157.9	156.6	n/a	227.3	143.7	2.79	203.0
453.55	0.458	fixation	n/a	221.9	139.0	1004.0	n/a	n/a	n/a	n/a
454.01	0.02	saccade	n/a	218.3	137.2	n/a	267.4	131.0	1.97	166.0
454.032	0.162	fixation	n/a	260.6	131.8	985.0	n/a	n/a	n/a	n/a
454.196	0.02	saccade	n/a	257.5	132.8	n/a	316.6	139.4	2.38	204.0
454.218	0.168	fixation	n/a	319.2	140.7	987.0	n/a	n/a	n/a	n/a
454.388	0.022	saccade	n/a	319.8	143.1	n/a	375.3	142.9	2.23	162.0
454.412	0.172	fixation	n/a	376.3	143.0	997.0	n/a	n/a	n/a	n/a
454.586	0.016	saccade	n/a	378.1	144.6	n/a	417.3	140.7	1.59	139.0
454.604	0.35	fixation	n/a	414.6	141.1	997.0	n/a	n/a	n/a	n/a
454.956	0.018	saccade	n/a	415.7	141.4	n/a	454.4	141.4	1.56	125.0
454.976	0.238	fixation	n/a	451.6	140.3	1011.0	n/a	n/a	n/a	n/a
455.216	0.02	saccade	n/a	449.9	143.3	n/a	494.2	138.3	1.79	153.0
455.238	0.174	fixation	n/a	490.5	140.4	1000.0	n/a	n/a	n/a	n/a
455.414	0.02	saccade	n/a	491.2	142.8	n/a	550.4	141.1	2.37	190.0
455.436	0.21	fixation	n/a	551.5	140.4	993.0	n/a	n/a	n/a	n/a
455.648	0.014	saccade	n/a	549.9	141.0	n/a	579.4	136.7	1.19	108.0
455.664	0.158	fixation	n/a	577.1	136.2	979.0	n/a	n/a	n/a	n/a
455.824	0.064	saccade	n/a	573.8	135.5	n/a	195.2	206.6	15.24	489.0
455.89	0.128	fixation	n/a	182.6	210.2	1028.0	n/a	n/a	n/a	n/a
456.02	0.02	saccade	n/a	182.5	212.0	n/a	135.3	215.0	1.85	156.0
456.042	0.118	fixation	n/a	145.7	216.1	1037.0	n/a	n/a	n/a	n/a
456.162	0.028	saccade	n/a	144.1	216.5	n/a	249.2	197.2	4.21	247.0
456.192	0.262	fixation	n/a	244.0	199.3	1031.0	n/a	n/a	n/a	n/a
456.456	0.026	saccade	n/a	244.1	201.6	n/a	332.8	202.5	3.54	235.0
456.484	0.424	fixation	n/a	325.6	202.5	985.0	n/a	n/a	n/a	n/a
456.91	0.024	saccade	n/a	308.0	206.9	n/a	227.5	204.0	3.21	243.0
456.936	0.44	fixation	n/a	230.3	201.7	932.0	n/a	n/a	n/a	n/a
457.378	0.02	saccade	n/a	229.8	208.3	n/a	264.9	207.6	1.4	82.0
457.4	0.212	fixation	n/a	282.4	205.5	917.0	n/a	n/a	n/a	n/a
457.614	0.02	saccade	n/a	282.5	206.1	n/a	329.6	202.8	1.89	171.0
457.636	0.184	fixation	n/a	322.9	201.3	936.0	n/a	n/a	n/a	n/a
457.822	0.022	saccade	n/a	323.3	201.4	n/a	384.0	199.0	2.44	191.0
457.846	0.18	fixation	n/a	382.2	197.2	952.0	n/a	n/a	n/a	n/a
458.028	0.022	saccade	n/a	382.4	196.5	n/a	317.4	194.6	2.61	218.0
458.052	0.208	fixation	n/a	328.9	198.6	943.0	n/a	n/a	n/a	n/a
458.262	0.034	saccade	n/a	327.7	197.9	n/a	264.8	112.3	4.3	188.0
458.298	0.148	fixation	n/a	279.1	120.1	942.0	n/a	n/a	n/a	n/a
458.448	0.02	saccade	n/a	281.0	125.1	n/a	352.7	109.2	2.95	257.0
458.47	0.516	fixation	n/a	345.7	109.4	992.0	n/a	n/a	n/a	n/a
458.988	0.022	saccade	n/a	342.2	105.5	n/a	413.8	147.0	3.34	298.0
459.012	0.304	fixation	n/a	411.6	145.6	973.0	n/a	n/a	n/a	n/a
459.318	0.022	saccade	n/a	412.1	145.6	n/a	336.0	109.3	3.4	318.0
459.342	0.23	fixation	n/a	339.6	107.4	959.0	n/a	n/a	n/a	n/a
459.574	0.024	saccade	n/a	344.4	107.7	n/a	210.9	85.9	5.39	515.0
459.6	0.176	fixation	n/a	223.1	93.1	926.0	n/a	n/a	n/a	n/a
459.778	0.02	saccade	n/a	227.0	95.4	n/a	180.9	92.9	1.82	155.0
459.8	0.106	fixation	n/a	189.9	94.8	927.0	n/a	n/a	n/a	n/a
459.908	0.052	saccade	n/a	192.1	93.4	n/a	425.0	97.5	9.3	602.0
459.962	0.124	fixation	n/a	434.7	98.8	948.0	n/a	n/a	n/a	n/a
460.088	0.024	saccade	n/a	434.6	100.1	n/a	520.7	91.0	3.48	260.0
460.114	0.134	fixation	n/a	522.5	89.5	947.0	n/a	n/a	n/a	n/a
460.25	0.062	saccade	n/a	525.3	91.8	n/a	189.2	144.8	13.51	525.0
460.314	0.126	fixation	n/a	176.2	144.6	944.0	n/a	n/a	n/a	n/a
460.442	0.022	saccade	n/a	179.7	147.1	n/a	148.2	144.9	1.24	167.0
460.466	0.148	fixation	n/a	154.1	145.6	922.0	n/a	n/a	n/a	n/a
460.616	0.028	saccade	n/a	153.2	148.3	n/a	277.8	145.8	4.93	370.0
460.646	0.096	fixation	n/a	270.5	145.6	934.0	n/a	n/a	n/a	n/a
460.744	0.028	saccade	n/a	270.3	146.0	n/a	354.9	146.2	3.4	202.0
460.774	0.214	fixation	n/a	351.2	144.2	953.0	n/a	n/a	n/a	n/a
460.99	0.026	saccade	n/a	355.1	146.2	n/a	307.6	133.0	1.99	140.0
461.018	0.11	fixation	n/a	317.0	143.1	973.0	n/a	n/a	n/a	n/a
461.076	0.0	trigger_11	11	n/a	n/a	n/a	n/a	n/a	n/a	n/a
461.08	0.0	trigger_10	10	n/a	n/a	n/a	n/a	n/a	n/a	n/a
461.13	0.032	saccade	n/a	318.9	144.4	n/a	285.5	120.1	1.67	286.0
461.164	0.118	fixation	n/a	283.2	117.1	978.0	n/a	n/a	n/a	n/a
461.284	0.034	saccade	n/a	281.5	116.7	n/a	154.4	95.6	5.1	310.0
461.32	0.34	fixation	n/a	155.8	95.0	964.0	n/a	n/a	n/a	n/a
461.662	0.02	saccade	n/a	150.4	90.0	n/a	201.6	89.7	2.01	166.0
461.684	0.198	fixation	n/a	197.2	88.9	932.0	n/a	n/a	n/a	n/a
461.884	0.02	saccade	n/a	200.4	90.8	n/a	244.2	88.9	1.74	123.0
461.906	0.19	fixation	n/a	235.4	86.2	951.0	n/a	n/a	n/a	n/a
462.098	0.024	saccade	n/a	232.3	86.6	n/a	331.2	100.2	3.99	351.0
462.124	0.344	fixation	n/a	321.2	99.7	1004.0	n/a	n/a	n/a	n/a
462.47	0.03	saccade	n/a	322.4	97.9	n/a	200.8	95.8	4.85	352.0
462.502	0.22	fixation	n/a	209.4	97.5	989.0	n/a	n/a	n/a	n/a
462.724	0.022	saccade	n/a	208.4	97.1	n/a	160.4	85.9	1.94	187.0
462.748	0.086	fixation	n/a	172.9	87.8	977.0	n/a	n/a	n/a	n/a
462.836	0.02	saccade	n/a	172.8	87.3	n/a	129.3	91.9	1.71	131.0
462.858	0.248	fixation	n/a	141.8	90.6	976.0	n/a	n/a	n/a	n/a
463.108	0.056	saccade	n/a	142.4	91.4	n/a	394.2	97.2	9.99	401.0
463.166	0.438	fixation	n/a	407.8	98.4	959.0	n/a	n/a	n/a	n/a
463.606	0.022	saccade	n/a	412.0	97.3	n/a	481.1	89.1	2.8	210.0
463.63	0.158	fixation	n/a	482.5	84.8	944.0	n/a	n/a	n/a	n/a
463.79	0.022	saccade	n/a	482.9	84.1	n/a	543.7	86.6	2.43	173.0
463.814	0.224	fixation	n/a	542.0	85.1	967.0	n/a	n/a	n/a	n/a
464.04	0.066	saccade	n/a	543.6	87.6	n/a	187.0	147.5	14.33	487.0
464.108	0.154	fixation	n/a	178.6	149.1	996.0	n/a	n/a	n/a	n/a
464.264	0.022	saccade	n/a	181.0	149.4	n/a	133.5	148.9	1.86	217.0
464.288	0.11	fixation	n/a	140.0	151.7	988.0	n/a	n/a	n/a	n/a
464.4	0.13	saccade	n/a	139.0	158.0	n/a	173.5	153.2	1.36	394.0
464.532	0.224	fixation	n/a	173.1	155.0	955.0	n/a	n/a	n/a	n/a
464.758	0.03	saccade	n/a	170.9	155.3	n/a	211.5	94.0	2.95	199.0
464.79	0.178	fixation	n/a	210.6	99.3	939.0	n/a	n/a	n/a	n/a
464.97	0.024	saccade	n/a	210.2	99.8	n/a	135.3	90.8	2.96	241.0
464.996	0.266	fixation	n/a	148.1	91.9	923.0	n/a	n/a	n/a	n/a
465.02	0.0	trigger_11	11	n/a	n/a	n/a	n/a	n/a	n/a	n/a
465.024	0.0	trigger_10	10	n/a	n/a	n/a	n/a	n/a	n/a	n/a
465.264	0.008	saccade	n/a	148.6	92.5	n/a	148.7	81.2	0.46	51.0
465.274	0.166	fixation	n/a	151.7	84.8	956.0	n/a	n/a	n/a	n/a
465.442	0.026	saccade	n/a	150.7	84.5	n/a	249.4	88.7	3.9	291.0
465.47	0.22	fixation	n/a	240.0	85.6	964.0	n/a	n/a	n/a	n/a
465.692	0.024	saccade	n/a	234.7	83.4	n/a	328.2	92.4	3.75	318.0
465.718	0.19	fixation	n/a	323.4	91.7	952.0	n/a	n/a	n/a	n/a
465.91	0.016	saccade	n/a	324.3	91.8	n/a	300.2	86.1	1.0	94.0
465.928	0.166	fixation	n/a	309.3	91.9	951.0	n/a	n/a	n/a	n/a
466.096	0.022	saccade	n/a	309.1	94.1	n/a	367.2	100.5	2.35	188.0
466.12	0.178	fixation	n/a	363.8	98.9	958.0	n/a	n/a	n/a	n/a
466.3	0.024	saccade	n/a	364.5	99.2	n/a	427.0	101.0	2.52	185.0
466.326	0.188	fixation	n/a	419.9	100.9	956.0	n/a	n/a	n/a	n/a
466.516	0.056	saccade	n/a	421.4	101.5	n/a	157.1	87.6	10.52	392.0
466.574	0.14	fixation	n/a	148.3	86.6	935.0	n/a	n/a	n/a	n/a
466.716	0.108	saccade	n/a	146.7	92.9	n/a	131.3	85.3	0.67	578.0
466.826	0.54	fixation	n/a	130.1	86.6	918.0	n/a	n/a	n/a	n/a
467.368	0.014	saccade	n/a	131.5	85.6	n/a	159.9	74.2	1.2	95.0
467.384	0.238	fixation	n/a	163.6	74.1	884.0	n/a	n/a	n/a	n/a
467.624	0.024	saccade	n/a	165.5	75.0	n/a	246.3	87.6	3.23	234.0
467.65	0.172	fixation	n/a	241.7	83.5	893.0	n/a	n/a	n/a	n/a
467.824	0.016	saccade	n/a	237.6	82.9	n/a	274.3	88.0	1.48	132.0
467.842	0.17	fixation	n/a	272.4	87.8	918.0	n/a	n/a	n/a	n/a
468.014	0.02	saccade	n/a	273.3	91.9	n/a	322.9	89.7	1.99	148.0
468.036	0.204	fixation	n/a	319.0	90.4	933.0	n/a	n/a	n/a	n/a
468.242	0.02	saccade	n/a	316.5	92.4	n/a	367.8	95.3	2.07	164.0
468.264	0.326	fixation	n/a	360.9	98.6	932.0	n/a	n/a	n/a	n/a
468.592	0.022	saccade	n/a	357.8	99.5	n/a	416.7	104.4	2.38	156.0
468.616	0.414	fixation	n/a	410.6	104.0	937.0	n/a	n/a	n/a	n/a
469.032	0.018	saccade	n/a	410.9	105.8	n/a	390.9	103.5	0.81	107.0
469.052	0.32	fixation	n/a	395.9	104.1	922.0	n/a	n/a	n/a	n/a
469.374	0.016	saccade	n/a	396.1	106.5	n/a	426.5	103.2	1.23	94.0
469.392	0.078	fixation	n/a	425.6	103.8	938.0	n/a	n/a	n/a	n/a
469.472	0.054	saccade	n/a	425.3	106.4	n/a	168.0	94.8	10.24	433.0
469.528	0.15	fixation	n/a	159.6	93.3	928.0	n/a	n/a	n/a	n/a
469.68	0.02	saccade	n/a	159.1	92.9	n/a	127.8	95.0	1.23	118.0
469.702	0.336	fixation	n/a	138.3	99.7	941.0	n/a	n/a	n/a	n/a
469.788	0.0	trigger_11	11	n/a	n/a	n/a	n/a	n/a	n/a	n/a
469.796	0.0	trigger_10	10	n/a	n/a	n/a	n/a	n/a	n/a	n/a
470.04	0.008	saccade	n/a	140.1	99.4	n/a	146.6	91.2	0.42	56.0
470.05	0.166	fixation	n/a	147.9	92.7	987.0	n/a	n/a	n/a	n/a
470.218	0.02	saccade	n/a	148.5	93.6	n/a	131.2	95.6	0.68	104.0
470.24	0.418	fixation	n/a	132.7	91.4	975.0	n/a	n/a	n/a	n/a
470.66	0.008	saccade	n/a	133.9	86.1	n/a	147.0	82.4	0.53	68.0
470.67	0.134	fixation	n/a	149.8	82.4	969.0	n/a	n/a	n/a	n/a
470.806	0.024	saccade	n/a	150.4	84.0	n/a	224.6	94.6	2.95	213.0
470.832	0.232	fixation	n/a	228.2	94.9	1006.0	n/a	n/a	n/a	n/a
471.066	0.016	saccade	n/a	231.4	97.6	n/a	271.3	102.0	1.6	133.0
471.084	0.15	fixation	n/a	267.1	100.4	1020.0	n/a	n/a	n/a	n/a
471.236	0.024	saccade	n/a	267.9	103.1	n/a	325.9	102.6	2.32	135.0
471.262	0.178	fixation	n/a	321.9	103.0	1030.0	n/a	n/a	n/a	n/a
471.442	0.024	saccade	n/a	321.1	103.4	n/a	393.3	104.2	2.91	193.0
471.468	0.2	fixation	n/a	389.3	102.5	1014.0	n/a	n/a	n/a	n/a
471.67	0.02	saccade	n/a	389.0	102.8	n/a	440.1	98.8	2.07	151.0
471.692	0.234	fixation	n/a	437.2	100.0	988.0	n/a	n/a	n/a	n/a
471.928	0.018	saccade	n/a	436.1	101.8	n/a	478.7	97.7	1.72	139.0
471.948	0.188	fixation	n/a	476.0	94.8	964.0	n/a	n/a	n/a	n/a
472.138	0.02	saccade	n/a	476.7	93.3	n/a	527.2	91.6	2.03	168.0
472.16	0.184	fixation	n/a	523.7	92.8	971.0	n/a	n/a	n/a	n/a
472.346	0.014	saccade	n/a	523.5	95.5	n/a	556.3	91.3	1.32	113.0
472.362	0.674	fixation	n/a	553.2	93.0	979.0	n/a	n/a	n/a	n/a
473.038	0.066	saccade	n/a	551.5	97.2	n/a	184.6	158.6	14.74	575.0
473.106	0.13	fixation	n/a	171.3	158.5	1033.0	n/a	n/a	n/a	n/a
473.238	0.022	saccade	n/a	173.1	159.4	n/a	129.3	150.3	1.75	193.0
473.262	0.126	fixation	n/a	141.0	151.9	1038.0	n/a	n/a	n/a	n/a
473.39	0.118	saccade	n/a	145.7	156.2	n/a	163.7	147.0	0.8	759.0
473.432	0.012	blink	n/a	n/a	n/a	n/a	n/a	n/a	n/a	n/a
473.51	0.194	fixation	n/a	162.3	149.7	1039.0	n/a	n/a	n/a	n/a
473.706	0.02	saccade	n/a	161.4	151.5	n/a	161.1	88.7	2.53	216.0
473.728	0.248	fixation	n/a	165.6	93.8	1001.0	n/a	n/a	n/a	n/a
473.978	0.014	saccade	n/a	165.6	92.8	n/a	140.0	88.6	1.02	98.0
473.994	0.186	fixation	n/a	147.6	91.2	971.0	n/a	n/a	n/a	n/a
474.182	0.018	saccade	n/a	149.2	95.3	n/a	132.8	92.8	0.65	82.0
474.202	0.604	fixation	n/a	136.3	98.4	997.0	n/a	n/a	n/a	n/a
474.508	0.0	trigger_11	11	n/a	n/a	n/a	n/a	n/a	n/a	n/a
474.514	0.0	trigger_12	12	n/a	n/a	n/a	n/a	n/a	n/a	n/a
474.808	0.016	saccade	n/a	134.2	99.9	n/a	166.0	92.4	1.28	112.0
474.826	0.17	fixation	n/a	167.1	95.7	1047.0	n/a	n/a	n/a	n/a
474.998	0.018	saccade	n/a	166.0	97.0	n/a	129.1	94.8	1.44	107.0
475.018	0.188	fixation	n/a	139.1	97.1	1042.0	n/a	n/a	n/a	n/a
475.208	0.022	saccade	n/a	137.9	99.0	n/a	204.3	103.3	2.61	198.0
475.232	0.322	fixation	n/a	205.7	101.7	1053.0	n/a	n/a	n/a	n/a
475.556	0.02	saccade	n/a	207.1	104.9	n/a	261.3	108.2	2.16	136.0
475.578	0.288	fixation	n/a	259.6	107.3	1072.0	n/a	n/a	n/a	n/a
475.868	0.026	saccade	n/a	260.8	109.3	n/a	351.1	109.1	3.62	216.0
475.896	0.316	fixation	n/a	354.7	106.8	1013.0	n/a	n/a	n/a	n/a
476.214	0.02	saccade	n/a	356.6	105.0	n/a	312.1	109.6	1.8	155.0
476.236	0.09	fixation	n/a	318.9	111.9	1000.0	n/a	n/a	n/a	n/a
476.328	0.024	saccade	n/a	317.8	108.2	n/a	294.5	142.2	1.67	137.0
476.354	0.284	fixation	n/a	295.0	138.5	1003.0	n/a	n/a	n/a	n/a
476.64	0.024	saccade	n/a	295.4	139.5	n/a	226.6	148.8	2.77	232.0
476.666	0.146	fixation	n/a	236.3	148.6	1015.0	n/a	n/a	n/a	n/a
476.814	0.02	saccade	n/a	235.7	148.6	n/a	277.4	117.3	2.09	156.0
476.836	0.19	fixation	n/a	282.9	111.6	992.0	n/a	n/a	n/a	n/a
477.028	0.02	saccade	n/a	283.8	112.3	n/a	346.6	110.2	2.52	202.0
477.05	0.11	fixation	n/a	344.7	110.4	1005.0	n/a	n/a	n/a	n/a
477.162	0.098	saccade	n/a	344.1	118.4	n/a	399.8	99.3	2.37	728.0
477.196	0.016	blink	n/a	n/a	n/a	n/a	n/a	n/a	n/a	n/a
477.262	0.254	fixation	n/a	405.8	111.9	1032.0	n/a	n/a	n/a	n/a
477.518	0.016	saccade	n/a	404.9	113.1	n/a	437.6	106.1	1.35	116.0
477.536	0.296	fixation	n/a	436.2	107.5	987.0	n/a	n/a	n/a	n/a
477.834	0.006	saccade	n/a	436.1	105.5	n/a	425.8	105.1	0.42	62.0
477.842	0.182	fixation	n/a	430.8	103.8	948.0	n/a	n/a	n/a	n/a
478.026	0.026	saccade	n/a	432.4	105.3	n/a	347.4	111.8	3.44	235.0
478.054	0.234	fixation	n/a	359.9	112.2	944.0	n/a	n/a	n/a	n/a
478.29	0.028	saccade	n/a	358.6	111.9	n/a	457.6	99.5	4.02	256.0
478.32	0.168	fixation	n/a	448.2	97.2	967.0	n/a	n/a	n/a	n/a
478.49	0.02	saccade	n/a	445.5	98.3	n/a	510.8	90.9	2.64	222.0
478.512	0.226	fixation	n/a	504.4	90.2	967.0	n/a	n/a	n/a	n/a
478.74	0.02	saccade	n/a	502.1	93.1	n/a	550.7	90.0	1.95	152.0
478.762	0.22	fixation	n/a	540.7	90.4	952.0	n/a	n/a	n/a	n/a
478.984	0.066	saccade	n/a	541.6	94.1	n/a	177.2	141.1	14.56	450.0
479.052	0.112	fixation	n/a	162.5	142.8	956.0	n/a	n/a	n/a	n/a
479.166	0.022	saccade	n/a	163.8	144.0	n/a	121.5	150.2	1.67	177.0
479.19	0.278	fixation	n/a	135.3	153.4	976.0	n/a	n/a	n/a	n/a
479.47	0.022	saccade	n/a	136.0	156.4	n/a	194.6	148.8	2.32	158.0
479.494	0.3	fixation	n/a	190.9	147.4	967.0	n/a	n/a	n/a	n/a
479.796	0.016	saccade	n/a	191.1	147.4	n/a	161.7	143.7	1.16	92.0
479.814	0.422	fixation	n/a	170.4	151.7	995.0	n/a	n/a	n/a	n/a
480.238	0.01	saccade	n/a	170.1	156.1	n/a	155.0	149.3	0.65	70.0
480.25	0.206	fixation	n/a	160.6	152.6	1001.0	n/a	n/a	n/a	n/a
480.458	0.032	saccade	n/a	158.5	149.5	n/a	198.1	96.5	2.65	125.0
480.492	0.324	fixation	n/a	200.5	104.6	1022.0	n/a	n/a	n/a	n/a
480.818	0.024	saccade	n/a	202.0	108.1	n/a	125.3	102.6	3.02	195.0
480.844	0.32	fixation	n/a	133.5	106.2	1018.0	n/a	n/a	n/a	n/a
481.166	0.024	saccade	n/a	133.5	107.8	n/a	203.9	105.8	2.76	206.0
481.192	0.292	fixation	n/a	204.1	103.9	1007.0	n/a	n/a	n/a	n/a
481.486	0.028	saccade	n/a	204.6	103.9	n/a	241.1	165.8	2.9	189.0
481.516	0.15	fixation	n/a	237.1	157.0	1019.0	n/a	n/a	n/a	n/a
481.668	0.022	saccade	n/a	236.7	158.1	n/a	297.2	151.7	2.42	198.0
481.692	0.274	fixation	n/a	290.0	146.0	1009.0	n/a	n/a	n/a	n/a
481.968	0.02	saccade	n/a	287.2	142.9	n/a	353.3	147.8	2.66	220.0
481.99	0.12	fixation	n/a	358.0	145.3	961.0	n/a	n/a	n/a	n/a
482.112	0.108	saccade	n/a	358.5	157.8	n/a	370.8	145.5	0.71	701.0
482.142	0.022	blink	n/a	n/a	n/a	n/a	n/a	n/a	n/a	n/a
482.222	0.43	fixation	n/a	376.3	144.1	900.0	n/a	n/a	n/a	n/a
482.654	0.024	saccade	n/a	378.0	143.5	n/a	301.9	137.9	3.07	213.0
482.68	0.174	fixation	n/a	308.7	138.6	875.0	n/a	n/a	n/a	n/a
482.856	0.024	saccade	n/a	307.9	139.1	n/a	383.3	139.7	3.03	183.0
482.882	0.152	fixation	n/a	383.2	140.8	884.0	n/a	n/a	n/a	n/a
483.036	0.04	saccade	n/a	384.6	141.3	n/a	263.3	83.6	5.41	247.0
483.078	0.194	fixation	n/a	271.4	88.9	872.0	n/a	n/a	n/a	n/a
483.274	0.024	saccade	n/a	272.1	91.2	n/a	362.1	94.2	3.62	264.0
483.3	0.17	fixation	n/a	359.6	94.5	863.0	n/a	n/a	n/a	n/a
483.472	0.022	saccade	n/a	359.6	98.3	n/a	422.7	97.4	2.54	189.0
483.496	0.148	fixation	n/a	417.5	96.0	884.0	n/a	n/a	n/a	n/a
483.646	0.012	saccade	n/a	417.1	98.1	n/a	442.6	95.5	1.03	98.0
483.66	0.29	fixation	n/a	440.3	95.5	904.0	n/a	n/a	n/a	n/a
483.952	0.06	saccade	n/a	440.6	96.2	n/a	160.3	83.4	11.16	422.0
484.014	0.152	fixation	n/a	152.9	83.5	884.0	n/a	n/a	n/a	n/a
484.168	0.016	saccade	n/a	153.3	84.9	n/a	124.5	86.7	1.13	114.0
484.186	0.198	fixation	n/a	134.3	90.2	899.0	n/a	n/a	n/a	n/a
484.386	0.024	saccade	n/a	136.0	92.6	n/a	217.3	96.3	3.2	225.0
484.412	0.232	fixation	n/a	215.7	99.4	952.0	n/a	n/a	n/a	n/a
484.462	0.0	trigger_13	13	n/a	n/a	n/a	n/a	n/a	n/a	n/a
484.646	0.03	saccade	n/a	215.8	103.0	n/a	117.6	101.7	3.85	250.0
484.678	0.232	fixation	n/a	132.3	105.3	993.0	n/a	n/a	n/a	n/a
484.912	0.022	saccade	n/a	131.1	107.0	n/a	198.9	106.9	2.66	218.0
484.936	0.184	fixation	n/a	192.9	102.4	985.0	n/a	n/a	n/a	n/a
485.122	0.026	saccade	n/a	192.8	99.3	n/a	132.9	155.5	3.26	219.0
485.15	0.224	fixation	n/a	142.4	148.9	987.0	n/a	n/a	n/a	n/a
485.376	0.024	saccade	n/a	145.1	154.3	n/a	164.8	221.6	2.81	213.0
485.402	0.314	fixation	n/a	163.3	215.6	1061.0	n/a	n/a	n/a	n/a
485.718	0.024	saccade	n/a	160.9	215.6	n/a	144.8	291.3	3.08	214.0
485.744	0.228	fixation	n/a	147.3	280.4	1089.0	n/a	n/a	n/a	n/a
485.974	0.022	saccade	n/a	148.1	281.6	n/a	167.6	222.5	2.48	172.0
485.998	0.184	fixation	n/a	176.1	222.2	1061.0	n/a	n/a	n/a	n/a
486.184	0.022	saccade	n/a	176.4	221.6	n/a	150.9	294.2	3.06	229.0
486.208	0.466	fixation	n/a	157.7	284.1	1049.0	n/a	n/a	n/a	n/a
486.676	0.02	saccade	n/a	154.8	276.6	n/a	114.7	289.8	1.64	138.0
486.698	0.678	fixation	n/a	129.5	290.4	1044.0	n/a	n/a	n/a	n/a
487.378	0.018	saccade	n/a	133.7	301.6	n/a	119.5	304.1	0.56	83.0
487.398	0.478	fixation	n/a	129.7	315.8	1101.0	n/a	n/a	n/a	n/a
487.878	0.022	saccade	n/a	124.8	318.0	n/a	180.3	330.3	2.2	168.0
487.902	0.354	fixation	n/a	187.2	328.5	1116.0	n/a	n/a	n/a	n/a
488.258	0.012	saccade	n/a	186.1	329.2	n/a	161.5	329.7	0.96	92.0
488.272	0.104	fixation	n/a	168.9	330.8	1090.0	n/a	n/a	n/a	n/a
488.378	0.034	saccade	n/a	169.7	330.8	n/a	283.0	315.6	4.48	196.0
488.414	0.156	fixation	n/a	277.5	316.7	1040.0	n/a	n/a	n/a	n/a
488.572	0.038	saccade	n/a	277.5	317.1	n/a	425.0	313.2	5.86	299.0
488.612	0.16	fixation	n/a	421.5	312.6	1002.0	n/a	n/a	n/a	n/a
488.774	0.022	saccade	n/a	421.9	317.3	n/a	492.5	306.0	2.84	199.0
488.798	0.09	fixation	n/a	503.4	305.1	963.0	n/a	n/a	n/a	n/a
488.89	0.06	saccade	n/a	505.8	305.8	n/a	176.1	285.3	13.01	479.0
488.952	0.134	fixation	n/a	164.7	284.4	937.0	n/a	n/a	n/a	n/a
489.088	0.02	saccade	n/a	166.9	285.1	n/a	143.8	263.7	1.24	114.0
489.11	0.084	fixation	n/a	149.7	269.7	911.0	n/a	n/a	n/a	n/a
489.196	0.034	saccade	n/a	149.3	270.5	n/a	153.3	133.7	5.47	330.0
489.232	0.564	fixation	n/a	149.5	125.4	888.0	n/a	n/a	n/a	n/a
489.798	0.018	saccade	n/a	147.3	109.6	n/a	134.9	85.6	1.08	100.0
489.818	0.436	fixation	n/a	139.5	96.5	960.0	n/a	n/a	n/a	n/a
489.854	0.0	trigger_15	15	n/a	n/a	n/a	n/a	n/a	n/a	n/a
489.862	0.0	trigger_10	10	n/a	n/a	n/a	n/a	n/a	n/a	n/a
490.256	0.11	saccade	n/a	143.5	102.5	n/a	208.5	96.5	2.57	785.0
490.29	0.018	blink	n/a	n/a	n/a	n/a	n/a	n/a	n/a	n/a
490.368	0.324	fixation	n/a	209.0	99.0	984.0	n/a	n/a	n/a	n/a
490.694	0.03	saccade	n/a	212.1	102.5	n/a	120.0	99.5	3.61	213.0
490.726	0.236	fixation	n/a	130.5	103.7	991.0	n/a	n/a	n/a	n/a
490.964	0.008	saccade	n/a	126.2	105.7	n/a	111.8	104.2	0.56	70.0
490.974	0.758	fixation	n/a	115.2	109.4	1049.0	n/a	n/a	n/a	n/a
491.734	0.022	saccade	n/a	119.5	112.8	n/a	178.0	103.9	2.31	163.0
491.758	0.2	fixation	n/a	175.8	104.9	1130.0	n/a	n/a	n/a	n/a
491.96	0.022	saccade	n/a	174.4	106.6	n/a	228.9	102.1	2.16	170.0
491.984	0.086	fixation	n/a	221.4	104.1	1135.0	n/a	n/a	n/a	n/a
492.072	0.148	saccade	n/a	226.0	111.5	n/a	216.8	106.0	0.43	795.0
492.106	0.046	blink	n/a	n/a	n/a	n/a	n/a	n/a	n/a	n/a
492.222	0.242	fixation	n/a	216.3	104.1	1053.0	n/a	n/a	n/a	n/a
492.466	0.01	saccade	n/a	217.5	100.8	n/a	233.3	98.7	0.63	66.0
492.478	0.682	fixation	n/a	236.1	98.2	988.0	n/a	n/a	n/a	n/a
493.162	0.016	saccade	n/a	234.2	96.0	n/a	265.1	94.8	1.23	124.0
493.18	0.192	fixation	n/a	261.5	93.0	980.0	n/a	n/a	n/a	n/a
493.374	0.018	saccade	n/a	259.7	94.6	n/a	302.4	95.4	1.71	162.0
493.394	0.198	fixation	n/a	298.0	95.7	989.0	n/a	n/a	n/a	n/a
493.594	0.02	saccade	n/a	296.8	96.8	n/a	342.5	99.2	1.84	148.0
493.616	0.186	fixation	n/a	337.4	99.7	985.0	n/a	n/a	n/a	n/a
493.804	0.018	saccade	n/a	338.8	102.9	n/a	385.9	100.2	1.9	144.0
493.824	0.16	fixation	n/a	389.2	101.0	974.0	n/a	n/a	n/a	n/a
493.986	0.02	saccade	n/a	389.7	102.1	n/a	450.6	97.7	2.46	178.0
494.008	0.178	fixation	n/a	452.0	98.7	999.0	n/a	n/a	n/a	n/a
494.188	0.022	saccade	n/a	451.7	100.1	n/a	514.8	91.6	2.55	169.0
494.212	0.188	fixation	n/a	511.4	92.8	1019.0	n/a	n/a	n/a	n/a
494.402	0.02	saccade	n/a	509.2	95.6	n/a	567.5	91.3	2.33	171.0
494.424	0.184	fixation	n/a	566.1	90.1	1000.0	n/a	n/a	n/a	n/a
494.61	0.016	saccade	n/a	563.5	92.0	n/a	600.4	88.4	1.47	138.0
494.628	0.074	fixation	n/a	595.2	89.1	986.0	n/a	n/a	n/a	n/a
494.704	0.066	saccade	n/a	595.2	91.9	n/a	181.5	147.6	16.47	535.0
494.772	0.118	fixation	n/a	164.8	149.4	1007.0	n/a	n/a	n/a	n/a
494.892	0.02	saccade	n/a	168.4	151.5	n/a	124.9	151.8	1.7	177.0
494.914	0.232	fixation	n/a	134.1	153.2	999.0	n/a	n/a	n/a	n/a
495.148	0.054	saccade	n/a	133.9	156.9	n/a	290.4	148.6	6.18	212.0
495.204	0.202	fixation	n/a	286.7	151.5	972.0	n/a	n/a	n/a	n/a
495.408	0.02	saccade	n/a	286.4	154.4	n/a	233.1	153.2	2.12	177.0
495.43	0.15	fixation	n/a	243.6	153.1	958.0	n/a	n/a	n/a	n/a
495.582	0.022	saccade	n/a	242.3	153.6	n/a	312.7	155.6	2.82	222.0
495.606	0.116	fixation	n/a	304.0	154.8	972.0	n/a	n/a	n/a	n/a
495.724	0.024	saccade	n/a	303.3	156.9	n/a	373.6	154.6	2.83	230.0
495.75	0.146	fixation	n/a	362.2	156.5	991.0	n/a	n/a	n/a	n/a
495.898	0.096	saccade	n/a	364.1	165.9	n/a	403.6	155.2	1.65	384.0
495.996	0.192	fixation	n/a	409.6	164.2	973.0	n/a	n/a	n/a	n/a
496.19	0.022	saccade	n/a	408.8	162.4	n/a	464.9	155.4	2.28	185.0
496.214	0.53	fixation	n/a	464.0	151.6	868.0	n/a	n/a	n/a	n/a
496.746	0.02	saccade	n/a	466.7	150.5	n/a	513.3	146.9	1.87	135.0
496.768	0.17	fixation	n/a	516.5	145.3	855.0	n/a	n/a	n/a	n/a
496.94	0.022	saccade	n/a	515.7	143.8	n/a	565.8	146.0	2.0	149.0
496.964	0.32	fixation	n/a	559.9	145.0	902.0	n/a	n/a	n/a	n/a
497.286	0.064	saccade	n/a	559.2	147.8	n/a	211.5	206.0	14.0	489.0
497.352	0.124	fixation	n/a	198.5	207.0	949.0	n/a	n/a	n/a	n/a
497.478	0.022	saccade	n/a	198.0	208.2	n/a	129.7	217.0	2.69	242.0
497.502	0.2	fixation	n/a	140.9	219.6	955.0	n/a	n/a	n/a	n/a
497.704	0.112	saccade	n/a	146.1	231.4	n/a	176.2	220.3	1.26	447.0
497.818	0.3	fixation	n/a	175.6	222.8	964.0	n/a	n/a	n/a	n/a
498.12	0.016	saccade	n/a	173.7	222.2	n/a	140.8	219.7	1.29	118.0
498.138	0.484	fixation	n/a	146.4	215.7	948.0	n/a	n/a	n/a	n/a
498.624	0.018	saccade	n/a	146.1	217.1	n/a	190.7	217.0	1.75	140.0
498.644	0.408	fixation	n/a	185.6	216.1	961.0	n/a	n/a	n/a	n/a
499.054	0.018	saccade	n/a	186.4	219.6	n/a	236.3	216.3	1.98	162.0
499.074	0.57	fixation	n/a	234.1	218.2	1005.0	n/a	n/a	n/a	n/a
499.646	0.01	saccade	n/a	235.6	216.0	n/a	218.9	210.1	0.7	78.0
499.658	0.346	fixation	n/a	219.8	212.9	1025.0	n/a	n/a	n/a	n/a
500.006	0.022	saccade	n/a	221.4	217.0	n/a	285.8	220.4	2.56	171.0
500.03	0.254	fixation	n/a	283.2	220.3	1053.0	n/a	n/a	n/a	n/a
500.286	0.016	saccade	n/a	280.3	222.1	n/a	315.1	212.3	1.44	128.0
500.304	0.236	fixation	n/a	313.5	209.3	1012.0	n/a	n/a	n/a	n/a
500.542	0.022	saccade	n/a	314.1	209.9	n/a	382.9	204.4	2.77	214.0
500.566	0.25	fixation	n/a	376.7	203.9	974.0	n/a	n/a	n/a	n/a
500.818	0.018	saccade	n/a	375.0	205.2	n/a	420.5	206.0	1.83	153.0
500.838	0.152	fixation	n/a	419.6	203.9	954.0	n/a	n/a	n/a	n/a
500.992	0.02	saccade	n/a	418.4	204.2	n/a	471.0	197.6	2.13	164.0
501.014	0.228	fixation	n/a	468.5	199.1	936.0	n/a	n/a	n/a	n/a
501.244	0.022	saccade	n/a	465.9	200.4	n/a	528.8	198.3	2.52	182.0
501.268	0.202	fixation	n/a	526.0	196.8	918.0	n/a	n/a	n/a	n/a
501.472	0.016	saccade	n/a	525.9	198.2	n/a	560.6	197.2	1.38	118.0
501.49	0.312	fixation	n/a	554.4	194.8	901.0	n/a	n/a	n/a	n/a
501.804	0.07	saccade	n/a	554.6	192.3	n/a	165.2	264.4	15.6	460.0
501.876	0.116	fixation	n/a	151.0	266.9	923.0	n/a	n/a	n/a	n/a
501.994	0.014	saccade	n/a	150.2	271.0	n/a	127.2	288.4	1.13	110.0
502.01	0.22	fixation	n/a	135.9	286.2	923.0	n/a	n/a	n/a	n/a
502.232	0.038	saccade	n/a	135.4	287.2	n/a	310.9	203.7	7.67	386.0
502.272	0.226	fixation	n/a	307.2	210.0	907.0	n/a	n/a	n/a	n/a
502.5	0.022	saccade	n/a	309.6	211.6	n/a	379.6	210.8	2.81	238.0
502.524	0.146	fixation	n/a	394.8	205.4	884.0	n/a	n/a	n/a	n/a
502.672	0.022	saccade	n/a	398.0	206.2	n/a	379.4	149.0	2.45	211.0
502.696	0.112	fixation	n/a	384.9	157.2	891.0	n/a	n/a	n/a	n/a
502.81	0.02	saccade	n/a	383.5	157.9	n/a	437.8	147.5	2.23	155.0
502.832	0.15	fixation	n/a	444.9	147.6	894.0	n/a	n/a	n/a	n/a
502.984	0.02	saccade	n/a	443.7	151.3	n/a	500.2	146.0	2.27	182.0
503.006	0.14	fixation	n/a	506.8	143.4	906.0	n/a	n/a	n/a	n/a
503.148	0.02	saccade	n/a	508.7	142.8	n/a	562.3	142.6	2.14	176.0
503.17	0.238	fixation	n/a	557.9	140.8	902.0	n/a	n/a	n/a	n/a
503.41	0.064	saccade	n/a	557.9	138.8	n/a	222.4	198.4	13.56	445.0
503.476	0.15	fixation	n/a	211.5	199.0	919.0	n/a	n/a	n/a	n/a
503.628	0.024	saccade	n/a	210.7	200.0	n/a	164.2	198.3	1.83	177.0
503.654	0.198	fixation	n/a	173.6	200.1	914.0	n/a	n/a	n/a	n/a
503.854	0.008	saccade	n/a	175.8	203.7	n/a	168.2	216.3	0.59	69.0
503.864	0.162	fixation	n/a	168.2	216.4	923.0	n/a	n/a	n/a	n/a
504.028	0.022	saccade	n/a	166.6	215.9	n/a	234.1	208.6	2.67	206.0
504.052	0.13	fixation	n/a	226.9	210.3	921.0	n/a	n/a	n/a	n/a
504.184	0.022	saccade	n/a	228.3	210.4	n/a	199.7	148.6	2.74	236.0
504.208	0.204	fixation	n/a	208.4	146.6	907.0	n/a	n/a	n/a	n/a
504.414	0.036	saccade	n/a	209.8	148.7	n/a	337.8	102.7	5.43	268.0
504.452	0.094	fixation	n/a	337.0	104.1	898.0	n/a	n/a	n/a	n/a
504.548	0.022	saccade	n/a	335.4	104.7	n/a	408.6	106.6	2.95	251.0
504.572	0.144	fixation	n/a	402.2	107.1	909.0	n/a	n/a	n/a	n/a
504.718	0.022	saccade	n/a	402.6	108.1	n/a	484.3	94.8	3.33	240.0
504.742	0.19	fixation	n/a	498.7	92.4	927.0	n/a	n/a	n/a	n/a
504.934	0.026	saccade	n/a	500.7	91.6	n/a	577.7	92.4	3.07	204.0
504.962	0.29	fixation	n/a	572.2	90.4	888.0	n/a	n/a	n/a	n/a
505.254	0.066	saccade	n/a	575.0	91.5	n/a	176.6	137.0	15.85	484.0
505.322	0.194	fixation	n/a	161.6	134.7	849.0	n/a	n/a	n/a	n/a
505.518	0.022	saccade	n/a	166.0	137.6	n/a	146.4	139.8	0.77	134.0
505.542	0.196	fixation	n/a	151.5	142.7	884.0	n/a	n/a	n/a	n/a
505.74	0.036	saccade	n/a	152.3	147.6	n/a	318.7	142.8	6.59	392.0
505.778	0.374	fixation	n/a	316.0	144.5	965.0	n/a	n/a	n/a	n/a
506.154	0.016	saccade	n/a	316.4	144.0	n/a	281.6	139.6	1.41	120.0
506.172	0.406	fixation	n/a	290.6	140.5	966.0	n/a	n/a	n/a	n/a
506.58	0.03	saccade	n/a	290.1	145.5	n/a	410.1	147.6	4.82	247.0
506.612	0.262	fixation	n/a	406.8	148.4	973.0	n/a	n/a	n/a	n/a
506.876	0.02	saccade	n/a	404.0	148.1	n/a	469.7	143.1	2.65	193.0
506.898	0.514	fixation	n/a	470.6	143.9	966.0	n/a	n/a	n/a	n/a
507.414	0.024	saccade	n/a	468.1	147.7	n/a	528.1	139.4	2.43	159.0
507.44	0.184	fixation	n/a	535.8	141.2	947.0	n/a	n/a	n/a	n/a
507.626	0.014	saccade	n/a	537.3	146.1	n/a	562.5	142.3	1.01	93.0
507.642	0.13	fixation	n/a	554.3	143.0	935.0	n/a	n/a	n/a	n/a
507.774	0.064	saccade	n/a	555.0	142.7	n/a	199.6	213.9	14.37	495.0
507.84	0.118	fixation	n/a	190.2	216.9	950.0	n/a	n/a	n/a	n/a
507.96	0.022	saccade	n/a	191.1	218.7	n/a	131.7	221.3	2.32	201.0
507.984	0.42	fixation	n/a	143.2	218.6	920.0	n/a	n/a	n/a	n/a
508.406	0.026	saccade	n/a	145.2	218.6	n/a	232.2	209.0	3.44	197.0
508.434	0.236	fixation	n/a	234.3	209.9	918.0	n/a	n/a	n/a	n/a
508.672	0.046	saccade	n/a	235.6	209.4	n/a	192.8	71.2	5.85	301.0
508.72	0.208	fixation	n/a	195.8	85.3	884.0	n/a	n/a	n/a	n/a
508.93	0.022	saccade	n/a	194.8	88.0	n/a	278.3	89.8	3.32	253.0
508.954	0.228	fixation	n/a	278.0	88.1	891.0	n/a	n/a	n/a	n/a
509.184	0.032	saccade	n/a	279.4	92.9	n/a	311.2	228.1	5.64	293.0
509.218	0.148	fixation	n/a	312.6	220.5	924.0	n/a	n/a	n/a	n/a
509.368	0.022	saccade	n/a	315.8	222.9	n/a	377.5	213.9	2.5	187.0
509.392	0.2	fixation	n/a	368.4	215.1	926.0	n/a	n/a	n/a	n/a
509.594	0.034	saccade	n/a	370.6	217.0	n/a	232.1	211.0	5.53	295.0
509.63	0.174	fixation	n/a	235.3	209.8	878.0	n/a	n/a	n/a	n/a
509.806	0.02	saccade	n/a	235.7	207.8	n/a	195.6	207.9	1.58	146.0
509.828	0.476	fixation	n/a	204.4	210.1	898.0	n/a	n/a	n/a	n/a
510.306	0.022	saccade	n/a	204.1	214.0	n/a	291.3	211.5	3.46	279.0
510.33	0.2	fixation	n/a	298.6	210.8	916.0	n/a	n/a	n/a	n/a
510.532	0.022	saccade	n/a	298.8	212.6	n/a	373.3	213.8	2.99	238.0
510.556	0.276	fixation	n/a	364.5	211.2	907.0	n/a	n/a	n/a	n/a
510.834	0.024	saccade	n/a	365.3	211.7	n/a	296.2	212.2	2.77	231.0
510.86	0.416	fixation	n/a	306.8	212.0	913.0	n/a	n/a	n/a	n/a
511.278	0.016	saccade	n/a	309.3	216.5	n/a	316.7	187.1	1.23	117.0
511.296	0.088	fixation	n/a	318.7	184.5	925.0	n/a	n/a	n/a	n/a
511.386	0.008	saccade	n/a	323.3	185.9	n/a	334.0	184.6	0.43	53.0
511.396	0.22	fixation	n/a	334.1	182.5	932.0	n/a	n/a	n/a	n/a
511.618	0.018	saccade	n/a	333.4	183.8	n/a	299.2	214.3	1.85	147.0
511.638	0.216	fixation	n/a	306.9	213.4	938.0	n/a	n/a	n/a	n/a
511.856	0.016	saccade	n/a	307.6	214.4	n/a	272.5	213.5	1.4	109.0
511.874	0.09	fixation	n/a	280.8	213.8	935.0	n/a	n/a	n/a	n/a
511.966	0.022	saccade	n/a	282.4	212.8	n/a	220.6	211.4	2.45	203.0
511.99	0.152	fixation	n/a	230.3	211.0	935.0	n/a	n/a	n/a	n/a
512.144	0.034	saccade	n/a	230.3	211.1	n/a	363.0	214.5	5.3	224.0
512.18	0.178	fixation	n/a	363.1	212.8	948.0	n/a	n/a	n/a	n/a
512.36	0.02	saccade	n/a	359.8	210.9	n/a	422.4	202.2	2.54	205.0
512.382	0.126	fixation	n/a	417.0	201.1	935.0	n/a	n/a	n/a	n/a
512.51	0.024	saccade	n/a	415.7	201.4	n/a	485.6	200.7	2.8	184.0
512.536	0.128	fixation	n/a	483.8	196.2	921.0	n/a	n/a	n/a	n/a
512.666	0.022	saccade	n/a	484.2	199.2	n/a	539.4	194.6	2.21	161.0
512.69	0.196	fixation	n/a	538.7	193.0	908.0	n/a	n/a	n/a	n/a
512.888	0.064	saccade	n/a	540.9	193.0	n/a	177.0	274.8	14.73	489.0
512.954	0.138	fixation	n/a	164.8	278.3	922.0	n/a	n/a	n/a	n/a
513.094	0.02	saccade	n/a	163.0	280.3	n/a	122.3	285.8	1.59	124.0
513.116	0.142	fixation	n/a	133.2	286.5	912.0	n/a	n/a	n/a	n/a
513.26	0.046	saccade	n/a	133.8	292.3	n/a	130.1	143.3	5.94	219.0
513.308	0.162	fixation	n/a	141.0	101.7	849.0	n/a	n/a	n/a	n/a
513.472	0.022	saccade	n/a	141.6	99.1	n/a	163.2	76.5	1.24	121.0
513.496	0.288	fixation	n/a	158.4	84.5	830.0	n/a	n/a	n/a	n/a
513.56	0.0	trigger_11	11	n/a	n/a	n/a	n/a	n/a	n/a	n/a
513.562	0.0	trigger_10	10	n/a	n/a	n/a	n/a	n/a	n/a	n/a
513.786	0.012	saccade	n/a	157.0	83.6	n/a	133.0	80.3	0.95	93.0
513.8	0.196	fixation	n/a	142.9	84.2	849.0	n/a	n/a	n/a	n/a
513.998	0.02	saccade	n/a	142.6	86.1	n/a	210.1	88.2	2.65	231.0
514.02	0.29	fixation	n/a	208.0	82.4	849.0	n/a	n/a	n/a	n/a
514.312	0.02	saccade	n/a	208.5	80.6	n/a	261.2	86.1	2.1	161.0
514.334	0.166	fixation	n/a	251.5	87.0	877.0	n/a	n/a	n/a	n/a
514.502	0.018	saccade	n/a	253.6	91.3	n/a	230.4	91.5	0.92	90.0
514.522	0.218	fixation	n/a	239.3	92.3	903.0	n/a	n/a	n/a	n/a
514.742	0.04	saccade	n/a	239.9	94.3	n/a	451.2	97.9	8.45	441.0
514.784	0.27	fixation	n/a	448.0	102.6	927.0	n/a	n/a	n/a	n/a
515.056	0.012	saccade	n/a	450.0	105.5	n/a	474.7	97.5	1.05	99.0
515.07	0.204	fixation	n/a	472.1	99.7	917.0	n/a	n/a	n/a	n/a
515.276	0.054	saccade	n/a	473.2	99.8	n/a	223.7	95.3	9.96	413.0
515.332	0.118	fixation	n/a	215.7	91.6	884.0	n/a	n/a	n/a	n/a
515.452	0.022	saccade	n/a	216.1	91.9	n/a	138.8	83.5	3.06	245.0
515.476	0.254	fixation	n/a	150.8	83.2	876.0	n/a	n/a	n/a	n/a
515.732	0.014	saccade	n/a	149.5	84.9	n/a	125.9	83.8	0.92	85.0
515.748	0.134	fixation	n/a	135.4	84.0	886.0	n/a	n/a	n/a	n/a
515.884	0.028	saccade	n/a	135.5	85.2	n/a	237.8	61.7	4.14	275.0
515.914	0.358	fixation	n/a	239.4	77.4	904.0	n/a	n/a	n/a	n/a
516.274	0.018	saccade	n/a	238.3	70.7	n/a	188.9	78.2	1.98	160.0
516.294	0.29	fixation	n/a	201.3	89.6	914.0	n/a	n/a	n/a	n/a
516.586	0.022	saccade	n/a	198.3	83.3	n/a	280.6	77.9	3.28	221.0
516.61	0.314	fixation	n/a	297.3	82.8	930.0	n/a	n/a	n/a	n/a
516.926	0.012	saccade	n/a	299.2	96.6	n/a	326.5	95.6	1.1	103.0
516.94	0.172	fixation	n/a	323.1	100.3	929.0	n/a	n/a	n/a	n/a
517.114	0.022	saccade	n/a	321.7	99.6	n/a	385.8	103.5	2.58	165.0
517.138	0.542	fixation	n/a	384.3	100.3	911.0	n/a	n/a	n/a	n/a
517.682	0.022	saccade	n/a	383.5	102.1	n/a	452.2	98.9	2.77	187.0
517.706	0.278	fixation	n/a	448.4	94.4	921.0	n/a	n/a	n/a	n/a
517.986	0.062	saccade	n/a	449.7	99.7	n/a	153.7	84.6	11.76	453.0
518.05	0.276	fixation	n/a	146.2	81.0	871.0	n/a	n/a	n/a	n/a
518.328	0.024	saccade	n/a	146.0	79.5	n/a	235.6	84.2	3.54	258.0
518.354	0.412	fixation	n/a	236.4	86.6	901.0	n/a	n/a	n/a	n/a
518.768	0.01	saccade	n/a	233.2	100.5	n/a	213.9	97.3	0.78	82.0
518.78	0.404	fixation	n/a	214.9	99.6	910.0	n/a	n/a	n/a	n/a
519.186	0.012	saccade	n/a	211.8	106.0	n/a	188.5	95.5	1.01	96.0
519.2	0.158	fixation	n/a	196.3	99.6	951.0	n/a	n/a	n/a	n/a
519.36	0.022	saccade	n/a	194.5	100.1	n/a	245.3	100.7	2.02	162.0
519.384	0.562	fixation	n/a	237.3	97.9	957.0	n/a	n/a	n/a	n/a
519.948	0.02	saccade	n/a	234.0	95.6	n/a	297.7	94.6	2.54	190.0
519.97	0.58	fixation	n/a	299.4	95.0	917.0	n/a	n/a	n/a	n/a
520.552	0.022	saccade	n/a	297.9	95.2	n/a	353.5	103.0	2.26	178.0
520.576	0.056	fixation	n/a	361.5	100.4	905.0	n/a	n/a	n/a	n/a
520.634	0.022	saccade	n/a	359.3	99.9	n/a	404.5	102.6	1.83	168.0
520.658	0.214	fixation	n/a	393.8	102.0	896.0	n/a	n/a	n/a	n/a
520.874	0.012	saccade	n/a	392.4	103.4	n/a	370.1	99.1	0.92	93.0
520.888	0.108	fixation	n/a	377.0	99.4	884.0	n/a	n/a	n/a	n/a
520.998	0.024	saccade	n/a	378.2	99.5	n/a	456.2	96.8	3.14	205.0
521.024	0.188	fixation	n/a	454.3	95.3	870.0	n/a	n/a	n/a	n/a
521.214	0.058	saccade	n/a	457.6	94.4	n/a	192.6	88.6	10.56	408.0
521.274	0.164	fixation	n/a	185.1	86.0	856.0	n/a	n/a	n/a	n/a
521.44	0.024	saccade	n/a	183.7	85.8	n/a	142.8	78.6	1.63	169.0
521.466	0.36	fixation	n/a	151.5	80.2	872.0	n/a	n/a	n/a	n/a
521.592	0.0	trigger_11	11	n/a	n/a	n/a	n/a	n/a	n/a	n/a
521.596	0.0	trigger_10	10	n/a	n/a	n/a	n/a	n/a	n/a	n/a
521.828	0.02	saccade	n/a	156.4	83.3	n/a	110.9	82.8	1.77	148.0
521.85	0.148	fixation	n/a	122.0	86.4	901.0	n/a	n/a	n/a	n/a
522.0	0.026	saccade	n/a	122.5	89.1	n/a	204.7	91.5	3.22	243.0
522.028	0.106	fixation	n/a	196.9	90.2	927.0	n/a	n/a	n/a	n/a
522.136	0.022	saccade	n/a	197.3	90.3	n/a	265.3	91.8	2.7	214.0
522.16	0.224	fixation	n/a	266.8	88.0	922.0	n/a	n/a	n/a	n/a
522.386	0.026	saccade	n/a	266.7	89.4	n/a	352.8	98.9	3.48	229.0
522.414	0.158	fixation	n/a	348.7	99.0	948.0	n/a	n/a	n/a	n/a
522.574	0.024	saccade	n/a	346.7	102.6	n/a	433.3	102.4	3.48	265.0
522.6	0.246	fixation	n/a	431.2	101.4	983.0	n/a	n/a	n/a	n/a
522.848	0.068	saccade	n/a	432.1	104.0	n/a	140.7	104.1	11.56	438.0
522.918	0.234	fixation	n/a	129.4	102.4	964.0	n/a	n/a	n/a	n/a
523.154	0.022	saccade	n/a	128.6	102.4	n/a	180.7	95.7	2.06	180.0
523.178	0.116	fixation	n/a	171.0	96.8	948.0	n/a	n/a	n/a	n/a
523.296	0.024	saccade	n/a	170.5	97.4	n/a	254.8	98.2	3.33	249.0
523.322	0.196	fixation	n/a	246.5	97.2	976.0	n/a	n/a	n/a	n/a
523.52	0.02	saccade	n/a	245.7	99.4	n/a	304.6	100.9	2.36	221.0
523.542	0.206	fixation	n/a	301.2	99.9	994.0	n/a	n/a	n/a	n/a
523.75	0.022	saccade	n/a	301.9	103.1	n/a	367.9	105.9	2.66	186.0
523.774	0.368	fixation	n/a	358.2	104.1	986.0	n/a	n/a	n/a	n/a
524.144	0.024	saccade	n/a	362.5	102.0	n/a	445.8	99.6	3.36	215.0
524.17	0.304	fixation	n/a	449.9	100.4	978.0	n/a	n/a	n/a	n/a
524.476	0.022	saccade	n/a	450.2	101.5	n/a	517.8	95.7	2.73	227.0
524.5	0.196	fixation	n/a	514.2	97.0	978.0	n/a	n/a	n/a	n/a
524.698	0.06	saccade	n/a	514.8	97.6	n/a	176.8	153.4	13.6	516.0
524.76	0.14	fixation	n/a	166.1	153.5	1006.0	n/a	n/a	n/a	n/a
524.902	0.02	saccade	n/a	170.8	156.0	n/a	151.3	160.7	0.79	107.0
524.924	0.27	fixation	n/a	157.7	162.5	1000.0	n/a	n/a	n/a	n/a
525.196	0.022	saccade	n/a	155.8	161.6	n/a	219.6	155.0	2.53	166.0
525.22	0.124	fixation	n/a	227.3	154.1	973.0	n/a	n/a	n/a	n/a
525.346	0.024	saccade	n/a	228.7	154.9	n/a	317.2	158.3	3.54	253.0
525.372	0.176	fixation	n/a	307.4	153.3	971.0	n/a	n/a	n/a	n/a
525.55	0.026	saccade	n/a	307.5	153.5	n/a	410.0	153.3	4.12	250.0
525.578	0.172	fixation	n/a	406.5	152.5	996.0	n/a	n/a	n/a	n/a
525.752	0.03	saccade	n/a	406.5	154.3	n/a	515.9	95.4	5.01	279.0
525.784	0.294	fixation	n/a	519.4	98.5	964.0	n/a	n/a	n/a	n/a
526.08	0.018	saccade	n/a	519.3	101.8	n/a	556.2	99.1	1.48	128.0
526.1	0.224	fixation	n/a	551.0	100.4	938.0	n/a	n/a	n/a	n/a
526.326	0.08	saccade	n/a	551.3	103.7	n/a	152.1	154.2	15.88	338.0
526.408	0.144	fixation	n/a	160.1	158.9	930.0	n/a	n/a	n/a	n/a
526.554	0.022	saccade	n/a	162.8	158.1	n/a	141.5	160.9	0.84	137.0
526.578	0.352	fixation	n/a	143.2	161.6	933.0	n/a	n/a	n/a	n/a
526.932	0.018	saccade	n/a	144.3	164.6	n/a	183.9	154.4	1.61	117.0
526.952	0.182	fixation	n/a	175.9	154.4	938.0	n/a	n/a	n/a	n/a
527.136	0.02	saccade	n/a	176.3	156.2	n/a	231.5	154.9	2.18	184.0
527.158	0.316	fixation	n/a	226.3	156.1	948.0	n/a	n/a	n/a	n/a
527.476	0.016	saccade	n/a	226.3	156.9	n/a	266.7	154.8	1.61	132.0
527.494	0.306	fixation	n/a	269.9	153.5	938.0	n/a	n/a	n/a	n/a
527.802	0.018	saccade	n/a	270.8	153.1	n/a	313.5	153.5	1.71	157.0
527.822	0.258	fixation	n/a	311.9	153.5	926.0	n/a	n/a	n/a	n/a
528.082	0.022	saccade	n/a	312.6	154.2	n/a	378.1	154.8	2.64	214.0
528.106	0.428	fixation	n/a	395.8	152.7	914.0	n/a	n/a	n/a	n/a
528.536	0.016	saccade	n/a	396.3	153.0	n/a	394.7	117.2	1.46	110.0
528.554	0.23	fixation	n/a	403.0	108.8	878.0	n/a	n/a	n/a	n/a
528.786	0.018	saccade	n/a	406.0	108.2	n/a	457.0	92.9	2.15	174.0
528.806	0.21	fixation	n/a	462.4	95.8	871.0	n/a	n/a	n/a	n/a
529.018	0.058	saccade	n/a	464.5	95.3	n/a	208.0	87.2	10.22	388.0
529.078	0.088	fixation	n/a	203.4	85.5	835.0	n/a	n/a	n/a	n/a
529.168	0.026	saccade	n/a	202.0	85.4	n/a	137.5	84.7	2.53	226.0
529.196	0.166	fixation	n/a	146.6	86.1	820.0	n/a	n/a	n/a	n/a
529.364	0.022	saccade	n/a	146.4	89.3	n/a	223.0	83.2	3.03	256.0
529.388	0.184	fixation	n/a	215.8	87.2	861.0	n/a	n/a	n/a	n/a
529.574	0.026	saccade	n/a	220.0	93.7	n/a	136.3	86.3	3.3	246.0
529.602	0.268	fixation	n/a	154.6	96.9	953.0	n/a	n/a	n/a	n/a
529.624	0.0	trigger_11	11	n/a	n/a	n/a	n/a	n/a	n/a	n/a
529.63	0.0	trigger_10	10	n/a	n/a	n/a	n/a	n/a	n/a	n/a
529.872	0.014	saccade	n/a	156.4	103.4	n/a	124.2	101.3	1.26	105.0
529.888	0.136	fixation	n/a	135.3	104.2	1020.0	n/a	n/a	n/a	n/a
530.026	0.03	saccade	n/a	134.9	106.4	n/a	257.9	108.1	4.84	328.0
530.058	0.206	fixation	n/a	244.2	106.5	1050.0	n/a	n/a	n/a	n/a
530.266	0.01	saccade	n/a	241.9	106.2	n/a	223.2	103.5	0.75	80.0
530.278	0.154	fixation	n/a	231.6	104.9	1019.0	n/a	n/a	n/a	n/a
530.434	0.022	saccade	n/a	233.7	103.7	n/a	178.0	105.2	2.2	176.0
530.458	0.138	fixation	n/a	190.6	107.9	1014.0	n/a	n/a	n/a	n/a
530.598	0.018	saccade	n/a	191.8	110.1	n/a	157.7	105.0	1.36	109.0
530.618	0.142	fixation	n/a	167.9	106.6	1010.0	n/a	n/a	n/a	n/a
530.762	0.028	saccade	n/a	167.4	105.8	n/a	269.3	104.6	4.04	275.0
530.792	0.086	fixation	n/a	261.1	100.6	1014.0	n/a	n/a	n/a	n/a
530.88	0.026	saccade	n/a	260.1	101.6	n/a	353.9	109.4	3.77	292.0
530.908	0.122	fixation	n/a	343.2	108.2	1027.0	n/a	n/a	n/a	n/a
531.032	0.022	saccade	n/a	341.9	108.6	n/a	409.3	108.5	2.71	231.0
531.056	0.116	fixation	n/a	403.9	109.3	1001.0	n/a	n/a	n/a	n/a
531.174	0.088	saccade	n/a	403.0	117.3	n/a	455.9	115.7	2.13	548.0
531.264	0.178	fixation	n/a	457.9	104.1	940.0	n/a	n/a	n/a	n/a
531.444	0.02	saccade	n/a	456.7	102.9	n/a	515.4	93.5	2.38	206.0
531.466	0.318	fixation	n/a	510.6	95.7	935.0	n/a	n/a	n/a	n/a
531.786	0.018	saccade	n/a	510.9	99.5	n/a	545.4	99.4	1.38	125.0
531.806	0.196	fixation	n/a	540.8	98.1	892.0	n/a	n/a	n/a	n/a
532.004	0.062	saccade	n/a	542.6	95.7	n/a	182.5	140.2	14.37	468.0
532.068	0.13	fixation	n/a	171.2	135.6	852.0	n/a	n/a	n/a	n/a
532.2	0.022	saccade	n/a	173.1	135.2	n/a	138.8	141.9	1.37	151.0
532.224	0.42	fixation	n/a	145.0	141.4	839.0	n/a	n/a	n/a	n/a
532.646	0.018	saccade	n/a	149.9	145.1	n/a	198.1	139.8	1.91	127.0
532.666	0.194	fixation	n/a	204.9	141.0	865.0	n/a	n/a	n/a	n/a
532.862	0.018	saccade	n/a	205.0	142.1	n/a	257.6	144.2	2.09	179.0
532.882	0.228	fixation	n/a	256.9	143.2	928.0	n/a	n/a	n/a	n/a
533.112	0.02	saccade	n/a	255.8	144.7	n/a	317.3	142.4	2.46	200.0
533.134	0.724	fixation	n/a	316.4	144.7	974.0	n/a	n/a	n/a	n/a
533.86	0.02	saccade	n/a	310.7	145.7	n/a	361.8	146.8	2.06	147.0
533.882	0.178	fixation	n/a	356.7	145.6	942.0	n/a	n/a	n/a	n/a
534.062	0.022	saccade	n/a	355.2	145.0	n/a	418.4	148.8	2.55	204.0
534.086	0.106	fixation	n/a	416.1	149.5	947.0	n/a	n/a	n/a	n/a
534.194	0.098	saccade	n/a	415.6	160.4	n/a	348.4	146.4	2.76	539.0
534.294	0.214	fixation	n/a	357.3	155.1	926.0	n/a	n/a	n/a	n/a
534.51	0.008	saccade	n/a	361.2	152.5	n/a	375.5	147.8	0.61	75.0
534.52	0.406	fixation	n/a	378.0	149.0	932.0	n/a	n/a	n/a	n/a
534.928	0.02	saccade	n/a	379.9	147.9	n/a	428.1	146.5	1.94	134.0
534.95	0.204	fixation	n/a	423.7	147.2	953.0	n/a	n/a	n/a	n/a
535.156	0.02	saccade	n/a	423.9	147.9	n/a	369.3	143.2	2.21	177.0
535.178	0.24	fixation	n/a	377.3	146.3	962.0	n/a	n/a	n/a	n/a
535.42	0.022	saccade	n/a	375.5	147.2	n/a	310.5	145.4	2.62	210.0
535.444	0.244	fixation	n/a	319.6	149.6	995.0	n/a	n/a	n/a	n/a
535.69	0.036	saccade	n/a	317.6	152.5	n/a	463.9	148.3	5.88	279.0
535.728	0.168	fixation	n/a	469.1	147.0	1022.0	n/a	n/a	n/a	n/a
535.898	0.068	saccade	n/a	468.9	147.3	n/a	273.6	154.6	7.83	312.0
535.968	0.11	fixation	n/a	264.7	156.3	1023.0	n/a	n/a	n/a	n/a
536.08	0.018	saccade	n/a	261.7	156.9	n/a	250.0	154.4	0.48	81.0
536.1	0.27	fixation	n/a	253.2	155.8	984.0	n/a	n/a	n/a	n/a
536.372	0.022	saccade	n/a	250.6	157.7	n/a	318.8	151.9	2.74	241.0
536.396	0.208	fixation	n/a	311.3	151.1	965.0	n/a	n/a	n/a	n/a
536.606	0.02	saccade	n/a	310.7	151.8	n/a	359.0	149.4	1.95	152.0
536.628	0.186	fixation	n/a	355.0	148.0	948.0	n/a	n/a	n/a	n/a
536.816	0.026	saccade	n/a	355.8	147.6	n/a	438.6	148.9	3.34	208.0
536.844	0.244	fixation	n/a	437.7	144.5	934.0	n/a	n/a	n/a	n/a
537.09	0.014	saccade	n/a	440.1	146.0	n/a	469.1	145.2	1.17	103.0
537.106	0.502	fixation	n/a	462.8	147.7	937.0	n/a	n/a	n/a	n/a
537.61	0.01	saccade	n/a	466.7	149.7	n/a	485.9	141.5	0.84	88.0
537.622	0.2	fixation	n/a	485.1	142.3	941.0	n/a	n/a	n/a	n/a
537.824	0.022	saccade	n/a	485.5	143.6	n/a	550.2	143.2	2.59	180.0
537.848	0.09	fixation	n/a	549.1	138.4	940.0	n/a	n/a	n/a	n/a
537.94	0.012	saccade	n/a	549.4	137.1	n/a	572.3	137.6	0.91	89.0
537.954	0.106	fixation	n/a	565.2	135.7	940.0	n/a	n/a	n/a	n/a
538.062	0.064	saccade	n/a	566.3	134.6	n/a	204.1	205.6	14.63	530.0
538.128	0.108	fixation	n/a	190.4	206.3	972.0	n/a	n/a	n/a	n/a
538.238	0.022	saccade	n/a	193.4	207.7	n/a	129.3	210.5	2.51	208.0
538.262	0.202	fixation	n/a	143.6	212.7	946.0	n/a	n/a	n/a	n/a
538.466	0.024	saccade	n/a	141.9	211.7	n/a	215.2	205.8	2.88	198.0
538.492	0.168	fixation	n/a	216.3	204.8	915.0	n/a	n/a	n/a	n/a
538.662	0.022	saccade	n/a	217.6	206.0	n/a	308.3	208.1	3.61	313.0
538.686	0.632	fixation	n/a	297.4	215.2	916.0	n/a	n/a	n/a	n/a
539.32	0.028	saccade	n/a	287.5	214.6	n/a	340.7	131.0	4.01	251.0
539.35	0.14	fixation	n/a	346.2	118.9	886.0	n/a	n/a	n/a	n/a
539.492	0.02	saccade	n/a	346.2	122.1	n/a	368.1	94.6	1.43	123.0
539.514	0.174	fixation	n/a	369.1	97.9	875.0	n/a	n/a	n/a	n/a
539.69	0.026	saccade	n/a	369.6	102.5	n/a	484.0	98.6	4.61	272.0
539.718	0.18	fixation	n/a	503.0	91.2	874.0	n/a	n/a	n/a	n/a
539.9	0.058	saccade	n/a	503.4	90.5	n/a	200.6	134.8	12.17	509.0
539.96	0.146	fixation	n/a	188.3	134.4	866.0	n/a	n/a	n/a	n/a
540.108	0.018	saccade	n/a	187.9	132.5	n/a	148.3	136.0	1.56	132.0
540.128	0.246	fixation	n/a	162.0	140.1	869.0	n/a	n/a	n/a	n/a
540.376	0.024	saccade	n/a	158.1	141.9	n/a	250.8	143.9	3.66	288.0
540.402	0.142	fixation	n/a	250.2	141.6	882.0	n/a	n/a	n/a	n/a
540.546	0.024	saccade	n/a	250.2	145.5	n/a	328.9	145.5	3.15	258.0
540.572	0.328	fixation	n/a	325.8	145.1	898.0	n/a	n/a	n/a	n/a
540.902	0.024	saccade	n/a	326.6	149.2	n/a	407.1	150.5	3.24	196.0
540.928	0.258	fixation	n/a	416.1	150.8	907.0	n/a	n/a	n/a	n/a
541.188	0.018	saccade	n/a	419.2	153.9	n/a	374.3	150.0	1.82	157.0
541.208	0.212	fixation	n/a	383.2	150.5	904.0	n/a	n/a	n/a	n/a
541.422	0.028	saccade	n/a	383.7	151.6	n/a	480.6	165.9	3.94	265.0
541.452	0.072	fixation	n/a	469.8	163.5	902.0	n/a	n/a	n/a	n/a
541.526	0.048	saccade	n/a	470.5	163.7	n/a	294.5	210.0	7.3	388.0
541.576	0.306	fixation	n/a	289.1	214.6	920.0	n/a	n/a	n/a	n/a
541.884	0.022	saccade	n/a	287.9	222.7	n/a	281.0	177.5	1.85	121.0
541.908	0.146	fixation	n/a	284.7	179.2	878.0	n/a	n/a	n/a	n/a
542.056	0.04	saccade	n/a	286.7	178.9	n/a	154.6	71.7	6.79	362.0
542.098	0.464	fixation	n/a	161.6	79.9	838.0	n/a	n/a	n/a	n/a
542.362	0.0	trigger_11	11	n/a	n/a	n/a	n/a	n/a	n/a	n/a
542.366	0.0	trigger_10	10	n/a	n/a	n/a	n/a	n/a	n/a	n/a
542.564	0.022	saccade	n/a	162.4	85.9	n/a	128.9	85.4	1.31	140.0
542.588	0.1	fixation	n/a	137.0	86.5	885.0	n/a	n/a	n/a	n/a
542.69	0.022	saccade	n/a	136.0	89.2	n/a	232.3	99.3	3.81	301.0
542.714	0.176	fixation	n/a	222.0	96.7	932.0	n/a	n/a	n/a	n/a
542.892	0.02	saccade	n/a	223.7	97.6	n/a	266.2	95.8	1.69	147.0
542.914	0.074	fixation	n/a	255.5	95.0	932.0	n/a	n/a	n/a	n/a
542.99	0.04	saccade	n/a	256.2	98.0	n/a	149.8	90.0	4.21	393.0
543.032	0.142	fixation	n/a	143.8	93.6	920.0	n/a	n/a	n/a	n/a
543.176	0.028	saccade	n/a	142.0	96.4	n/a	277.0	103.1	5.34	377.0
543.206	0.178	fixation	n/a	271.9	102.9	945.0	n/a	n/a	n/a	n/a
543.386	0.02	saccade	n/a	273.1	114.7	n/a	337.5	114.3	2.58	186.0
543.408	0.156	fixation	n/a	345.6	109.8	943.0	n/a	n/a	n/a	n/a
543.566	0.07	saccade	n/a	344.7	116.9	n/a	234.9	107.8	4.41	388.0
543.638	0.18	fixation	n/a	224.6	109.1	904.0	n/a	n/a	n/a	n/a
543.82	0.016	saccade	n/a	225.3	108.0	n/a	258.4	100.7	1.35	113.0
543.838	0.116	fixation	n/a	252.4	101.6	909.0	n/a	n/a	n/a	n/a
543.956	0.022	saccade	n/a	253.4	102.3	n/a	326.0	108.2	2.91	220.0
543.98	0.18	fixation	n/a	319.7	107.5	916.0	n/a	n/a	n/a	n/a
544.162	0.014	saccade	n/a	320.3	108.8	n/a	349.8	108.1	1.19	96.0
544.178	0.254	fixation	n/a	349.5	109.5	923.0	n/a	n/a	n/a	n/a
544.434	0.026	saccade	n/a	349.7	110.1	n/a	443.2	107.9	3.77	236.0
544.462	0.276	fixation	n/a	441.4	104.2	895.0	n/a	n/a	n/a	n/a
544.74	0.02	saccade	n/a	442.4	105.4	n/a	497.7	93.2	2.28	171.0
544.762	0.278	fixation	n/a	497.1	96.5	893.0	n/a	n/a	n/a	n/a
545.042	0.02	saccade	n/a	497.5	96.9	n/a	452.6	99.2	1.81	133.0
545.064	0.238	fixation	n/a	463.5	101.0	918.0	n/a	n/a	n/a	n/a
545.304	0.022	saccade	n/a	461.6	101.9	n/a	533.0	99.8	2.86	223.0
545.328	0.236	fixation	n/a	531.6	96.6	914.0	n/a	n/a	n/a	n/a
545.566	0.018	saccade	n/a	532.8	97.2	n/a	574.3	99.3	1.66	128.0
545.586	0.406	fixation	n/a	568.5	95.5	907.0	n/a	n/a	n/a	n/a
545.994	0.02	saccade	n/a	566.9	95.1	n/a	615.3	91.1	1.92	152.0
546.016	0.138	fixation	n/a	614.8	89.5	882.0	n/a	n/a	n/a	n/a
546.156	0.068	saccade	n/a	615.1	89.8	n/a	190.0	138.7	16.85	504.0
546.226	0.132	fixation	n/a	176.4	139.5	905.0	n/a	n/a	n/a	n/a
546.36	0.022	saccade	n/a	177.4	141.0	n/a	144.9	145.8	1.29	128.0
546.384	0.11	fixation	n/a	153.9	148.7	913.0	n/a	n/a	n/a	n/a
546.496	0.02	saccade	n/a	152.9	149.2	n/a	103.7	148.0	1.91	158.0
546.518	0.122	fixation	n/a	114.4	149.0	908.0	n/a	n/a	n/a	n/a
546.642	0.036	saccade	n/a	114.7	149.0	n/a	280.2	144.3	6.52	369.0
546.68	0.214	fixation	n/a	277.9	141.9	914.0	n/a	n/a	n/a	n/a
546.896	0.02	saccade	n/a	277.8	149.3	n/a	342.1	150.7	2.58	189.0
546.918	0.242	fixation	n/a	353.5	151.1	923.0	n/a	n/a	n/a	n/a
547.162	0.038	saccade	n/a	355.0	152.3	n/a	243.4	104.5	4.87	288.0
547.202	0.128	fixation	n/a	252.9	105.9	902.0	n/a	n/a	n/a	n/a
547.332	0.02	saccade	n/a	253.5	104.6	n/a	223.5	85.8	1.42	148.0
547.354	0.26	fixation	n/a	232.5	92.4	897.0	n/a	n/a	n/a	n/a
547.616	0.026	saccade	n/a	235.6	93.9	n/a	148.3	86.7	3.46	248.0
547.644	0.28	fixation	n/a	162.2	90.5	909.0	n/a	n/a	n/a	n/a
547.926	0.022	saccade	n/a	161.2	89.5	n/a	229.1	91.6	2.68	194.0
547.95	0.074	fixation	n/a	228.6	89.5	907.0	n/a	n/a	n/a	n/a
548.026	0.03	saccade	n/a	227.8	90.5	n/a	340.6	100.3	4.52	285.0
548.058	0.104	fixation	n/a	341.7	96.3	922.0	n/a	n/a	n/a	n/a
548.164	0.022	saccade	n/a	340.5	96.6	n/a	424.2	102.3	3.38	285.0
548.188	0.248	fixation	n/a	418.5	101.0	930.0	n/a	n/a	n/a	n/a
548.438	0.022	saccade	n/a	420.6	101.8	n/a	348.1	96.5	2.93	237.0
548.462	0.284	fixation	n/a	359.8	100.8	915.0	n/a	n/a	n/a	n/a
548.748	0.04	saccade	n/a	361.3	97.9	n/a	163.8	100.7	7.85	372.0
548.79	0.308	fixation	n/a	171.7	99.0	834.0	n/a	n/a	n/a	n/a
549.1	0.014	saccade	n/a	168.6	100.4	n/a	144.1	82.4	1.2	106.0
549.116	0.274	fixation	n/a	156.0	84.2	808.0	n/a	n/a	n/a	n/a
549.392	0.018	saccade	n/a	158.6	84.5	n/a	123.6	83.5	1.37	122.0
549.412	0.3	fixation	n/a	131.8	88.3	836.0	n/a	n/a	n/a	n/a
549.714	0.01	saccade	n/a	133.0	89.8	n/a	146.0	83.1	0.57	59.0
549.726	0.326	fixation	n/a	146.1	87.9	898.0	n/a	n/a	n/a	n/a
549.778	0.0	trigger_11	11	n/a	n/a	n/a	n/a	n/a	n/a	n/a
549.782	0.0	trigger_10	10	n/a	n/a	n/a	n/a	n/a	n/a	n/a
550.054	0.006	saccade	n/a	143.6	86.8	n/a	131.4	86.2	0.48	72.0
550.062	0.12	fixation	n/a	133.2	89.4	906.0	n/a	n/a	n/a	n/a
550.184	0.028	saccade	n/a	135.3	92.4	n/a	254.1	99.9	4.69	306.0
550.214	0.348	fixation	n/a	249.3	97.1	947.0	n/a	n/a	n/a	n/a
550.564	0.022	saccade	n/a	251.7	98.8	n/a	331.2	103.6	3.19	242.0
550.588	0.108	fixation	n/a	331.5	104.3	973.0	n/a	n/a	n/a	n/a
550.698	0.12	saccade	n/a	332.3	113.7	n/a	366.3	113.1	1.37	799.0
550.732	0.034	blink	n/a	n/a	n/a	n/a	n/a	n/a	n/a	n/a
550.82	0.15	fixation	n/a	367.2	110.5	1018.0	n/a	n/a	n/a	n/a
550.972	0.022	saccade	n/a	366.8	109.3	n/a	426.1	107.7	2.39	180.0
550.996	0.384	fixation	n/a	424.3	106.1	1003.0	n/a	n/a	n/a	n/a
551.382	0.022	saccade	n/a	427.7	107.1	n/a	350.9	103.7	3.1	262.0
551.406	0.146	fixation	n/a	362.2	103.4	945.0	n/a	n/a	n/a	n/a
551.554	0.018	saccade	n/a	364.2	103.2	n/a	324.9	97.6	1.6	130.0
551.574	0.216	fixation	n/a	332.7	100.3	966.0	n/a	n/a	n/a	n/a
551.792	0.024	saccade	n/a	329.7	101.1	n/a	410.7	100.8	3.26	213.0
551.818	0.27	fixation	n/a	409.6	102.2	1018.0	n/a	n/a	n/a	n/a
552.09	0.012	saccade	n/a	411.5	106.3	n/a	435.7	103.6	0.98	96.0
552.104	0.36	fixation	n/a	427.9	101.6	1026.0	n/a	n/a	n/a	n/a
552.466	0.006	saccade	n/a	422.4	101.6	n/a	411.7	100.0	0.44	66.0
552.474	0.494	fixation	n/a	413.3	100.1	1065.0	n/a	n/a	n/a	n/a
552.97	0.01	saccade	n/a	416.5	99.9	n/a	430.8	94.6	0.62	63.0
552.982	0.156	fixation	n/a	429.6	95.6	1069.0	n/a	n/a	n/a	n/a
553.14	0.06	saccade	n/a	431.2	96.3	n/a	162.3	105.1	10.7	436.0
553.202	0.13	fixation	n/a	155.4	105.3	1075.0	n/a	n/a	n/a	n/a
553.334	0.02	saccade	n/a	156.9	107.8	n/a	141.0	87.5	1.03	106.0
553.356	0.296	fixation	n/a	146.5	94.6	1046.0	n/a	n/a	n/a	n/a
553.45	0.0	trigger_11	11	n/a	n/a	n/a	n/a	n/a	n/a	n/a
553.456	0.0	trigger_10	10	n/a	n/a	n/a	n/a	n/a	n/a	n/a
553.654	0.012	saccade	n/a	146.1	96.0	n/a	126.8	93.9	0.76	74.0
553.668	0.076	fixation	n/a	135.3	93.6	1035.0	n/a	n/a	n/a	n/a
553.746	0.024	saccade	n/a	135.0	92.5	n/a	218.3	95.2	3.27	250.0
553.772	0.214	fixation	n/a	209.6	93.1	1057.0	n/a	n/a	n/a	n/a
553.988	0.02	saccade	n/a	211.6	94.8	n/a	171.2	95.2	1.59	142.0
554.01	0.098	fixation	n/a	181.8	96.4	1068.0	n/a	n/a	n/a	n/a
554.11	0.018	saccade	n/a	179.8	96.5	n/a	140.8	99.9	1.54	120.0
554.13	0.22	fixation	n/a	153.4	100.5	1086.0	n/a	n/a	n/a	n/a
554.352	0.02	saccade	n/a	155.4	104.4	n/a	215.9	100.7	2.39	195.0
554.374	0.2	fixation	n/a	211.9	99.9	1110.0	n/a	n/a	n/a	n/a
554.576	0.022	saccade	n/a	213.6	101.1	n/a	273.9	100.6	2.4	174.0
554.6	0.152	fixation	n/a	267.7	96.7	1117.0	n/a	n/a	n/a	n/a
554.754	0.078	saccade	n/a	272.8	108.4	n/a	304.5	89.6	1.48	522.0
554.834	0.212	fixation	n/a	309.2	104.4	1090.0	n/a	n/a	n/a	n/a
555.048	0.02	saccade	n/a	308.2	105.5	n/a	359.7	111.3	2.09	149.0
555.07	0.226	fixation	n/a	353.8	106.7	1040.0	n/a	n/a	n/a	n/a
555.298	0.02	saccade	n/a	352.0	106.5	n/a	403.9	106.7	2.09	188.0
555.32	0.164	fixation	n/a	395.7	104.2	1004.0	n/a	n/a	n/a	n/a
555.486	0.02	saccade	n/a	394.0	103.0	n/a	442.2	98.8	1.95	151.0
555.508	0.43	fixation	n/a	434.4	96.2	1013.0	n/a	n/a	n/a	n/a
555.94	0.008	saccade	n/a	434.2	96.3	n/a	449.5	92.9	0.63	77.0
555.95	0.17	fixation	n/a	449.1	94.2	981.0	n/a	n/a	n/a	n/a
556.122	0.014	saccade	n/a	449.6	93.3	n/a	424.1	92.6	1.03	92.0
556.138	0.478	fixation	n/a	431.7	97.0	1004.0	n/a	n/a	n/a	n/a
556.618	0.018	saccade	n/a	429.6	101.9	n/a	475.0	97.3	1.84	151.0
556.638	0.194	fixation	n/a	477.5	95.7	1061.0	n/a	n/a	n/a	n/a
556.834	0.016	saccade	n/a	478.8	99.0	n/a	512.2	94.6	1.35	100.0
556.852	0.142	fixation	n/a	508.2	94.9	1054.0	n/a	n/a	n/a	n/a
556.996	0.012	saccade	n/a	509.4	97.0	n/a	534.4	92.5	1.02	93.0
557.01	0.08	fixation	n/a	528.9	93.2	1044.0	n/a	n/a	n/a	n/a
557.092	0.062	saccade	n/a	528.8	91.5	n/a	195.8	148.1	13.44	521.0
557.156	0.112	fixation	n/a	183.9	149.3	1045.0	n/a	n/a	n/a	n/a
557.27	0.022	saccade	n/a	182.8	150.5	n/a	150.4	161.1	1.34	154.0
557.294	0.182	fixation	n/a	160.8	161.8	1038.0	n/a	n/a	n/a	n/a
557.478	0.016	saccade	n/a	163.1	164.2	n/a	133.2	159.1	1.19	108.0
557.496	0.198	fixation	n/a	140.8	156.8	1002.0	n/a	n/a	n/a	n/a
557.696	0.024	saccade	n/a	140.5	155.7	n/a	191.6	139.7	2.11	128.0
557.722	0.188	fixation	n/a	186.6	140.4	972.0	n/a	n/a	n/a	n/a
557.912	0.022	saccade	n/a	188.8	141.3	n/a	267.1	144.1	3.11	252.0
557.936	0.228	fixation	n/a	260.4	148.1	992.0	n/a	n/a	n/a	n/a
558.166	0.02	saccade	n/a	257.2	152.5	n/a	310.8	151.8	2.14	178.0
558.188	0.27	fixation	n/a	319.4	149.3	989.0	n/a	n/a	n/a	n/a
558.46	0.024	saccade	n/a	322.7	148.2	n/a	259.9	146.2	2.51	200.0
558.486	0.308	fixation	n/a	270.4	146.3	953.0	n/a	n/a	n/a	n/a
558.796	0.022	saccade	n/a	270.1	145.1	n/a	336.4	145.8	2.66	198.0
558.82	0.128	fixation	n/a	329.7	146.4	962.0	n/a	n/a	n/a	n/a
558.95	0.03	saccade	n/a	329.7	147.5	n/a	212.1	97.1	5.12	342.0
558.982	0.058	fixation	n/a	223.2	107.4	959.0	n/a	n/a	n/a	n/a
559.042	0.036	saccade	n/a	223.3	108.2	n/a	169.3	100.8	2.15	269.0
559.08	0.12	fixation	n/a	162.4	100.7	954.0	n/a	n/a	n/a	n/a
559.202	0.02	saccade	n/a	164.5	102.7	n/a	141.9	94.2	0.95	107.0
559.224	0.106	fixation	n/a	148.3	95.6	955.0	n/a	n/a	n/a	n/a
559.332	0.026	saccade	n/a	146.8	96.6	n/a	251.6	94.8	4.13	306.0
559.36	0.174	fixation	n/a	251.7	95.0	974.0	n/a	n/a	n/a	n/a
559.536	0.028	saccade	n/a	252.0	97.1	n/a	369.8	153.1	5.24	401.0
559.566	0.198	fixation	n/a	367.8	143.5	995.0	n/a	n/a	n/a	n/a
559.766	0.024	saccade	n/a	368.0	143.4	n/a	439.0	145.3	2.86	184.0
559.792	0.14	fixation	n/a	437.2	144.5	1000.0	n/a	n/a	n/a	n/a
559.934	0.018	saccade	n/a	439.5	145.8	n/a	490.0	142.7	2.04	160.0
559.954	0.164	fixation	n/a	502.5	138.3	969.0	n/a	n/a	n/a	n/a
560.12	0.022	saccade	n/a	504.2	137.8	n/a	577.5	138.7	2.92	228.0
560.144	0.18	fixation	n/a	576.1	136.4	929.0	n/a	n/a	n/a	n/a
560.326	0.02	saccade	n/a	577.0	137.6	n/a	631.8	137.7	2.16	167.0
560.348	0.302	fixation	n/a	637.2	138.4	905.0	n/a	n/a	n/a	n/a
560.652	0.016	saccade	n/a	639.3	143.0	n/a	672.7	141.1	1.31	97.0
560.67	0.12	fixation	n/a	674.5	141.5	895.0	n/a	n/a	n/a	n/a
560.792	0.022	saccade	n/a	674.2	141.8	n/a	628.1	137.9	1.8	177.0
560.816	0.206	fixation	n/a	635.9	137.2	909.0	n/a	n/a	n/a	n/a
561.024	0.016	saccade	n/a	636.2	137.0	n/a	676.3	139.5	1.57	120.0
561.042	0.276	fixation	n/a	670.2	137.9	910.0	n/a	n/a	n/a	n/a
561.32	0.018	saccade	n/a	669.1	139.3	n/a	714.7	139.0	1.76	140.0
561.34	0.18	fixation	n/a	707.2	137.8	891.0	n/a	n/a	n/a	n/a
561.522	0.076	saccade	n/a	706.7	137.0	n/a	200.9	201.5	19.85	536.0
561.6	0.106	fixation	n/a	186.4	204.5	941.0	n/a	n/a	n/a	n/a
561.708	0.024	saccade	n/a	186.9	206.4	n/a	133.2	210.9	2.11	234.0
561.734	0.204	fixation	n/a	143.0	214.9	948.0	n/a	n/a	n/a	n/a
561.94	0.024	saccade	n/a	142.1	217.0	n/a	209.7	210.4	2.66	192.0
561.966	0.146	fixation	n/a	202.5	212.0	914.0	n/a	n/a	n/a	n/a
562.114	0.11	saccade	n/a	205.5	221.8	n/a	197.6	212.5	0.49	869.0
562.144	0.024	blink	n/a	n/a	n/a	n/a	n/a	n/a	n/a	n/a
562.226	0.22	fixation	n/a	195.6	214.2	894.0	n/a	n/a	n/a	n/a
562.448	0.052	saccade	n/a	194.9	214.5	n/a	553.7	142.4	14.51	438.0
562.502	0.194	fixation	n/a	549.7	146.4	878.0	n/a	n/a	n/a	n/a
562.698	0.054	saccade	n/a	551.7	148.9	n/a	209.4	86.9	13.81	448.0
562.754	0.126	fixation	n/a	219.9	87.0	825.0	n/a	n/a	n/a	n/a
562.882	0.024	saccade	n/a	221.2	87.9	n/a	142.7	78.7	3.11	274.0
562.908	0.174	fixation	n/a	153.1	81.6	825.0	n/a	n/a	n/a	n/a
563.084	0.028	saccade	n/a	151.9	83.2	n/a	261.4	82.9	4.32	306.0
563.114	0.22	fixation	n/a	255.2	81.3	862.0	n/a	n/a	n/a	n/a
563.336	0.026	saccade	n/a	255.0	84.5	n/a	345.8	97.3	3.67	257.0
563.364	0.34	fixation	n/a	344.9	97.2	899.0	n/a	n/a	n/a	n/a
563.706	0.042	saccade	n/a	348.5	99.9	n/a	161.0	98.3	7.46	336.0
563.75	0.31	fixation	n/a	171.8	100.9	910.0	n/a	n/a	n/a	n/a
564.062	0.02	saccade	n/a	172.2	101.9	n/a	150.8	86.7	1.04	123.0
564.084	0.318	fixation	n/a	157.7	94.1	920.0	n/a	n/a	n/a	n/a
564.196	0.0	trigger_11	11	n/a	n/a	n/a	n/a	n/a	n/a	n/a
564.2	0.0	trigger_10	10	n/a	n/a	n/a	n/a	n/a	n/a	n/a
564.404	0.012	saccade	n/a	160.1	96.4	n/a	140.4	90.4	0.81	73.0
564.418	0.166	fixation	n/a	144.5	92.5	980.0	n/a	n/a	n/a	n/a
564.586	0.02	saccade	n/a	146.3	94.9	n/a	218.5	99.2	2.85	230.0
564.608	0.168	fixation	n/a	214.5	96.8	1001.0	n/a	n/a	n/a	n/a
564.778	0.022	saccade	n/a	212.6	95.8	n/a	276.4	96.5	2.54	175.0
564.802	0.246	fixation	n/a	265.7	92.6	982.0	n/a	n/a	n/a	n/a
565.05	0.026	saccade	n/a	265.1	97.3	n/a	364.0	107.9	4.0	275.0
565.078	0.428	fixation	n/a	353.8	105.6	993.0	n/a	n/a	n/a	n/a
565.508	0.02	saccade	n/a	350.4	106.9	n/a	407.9	109.6	2.32	198.0
565.53	0.04	fixation	n/a	404.8	108.4	974.0	n/a	n/a	n/a	n/a
565.572	0.02	saccade	n/a	404.7	109.9	n/a	456.7	101.9	2.12	146.0
565.594	0.186	fixation	n/a	447.9	103.3	961.0	n/a	n/a	n/a	n/a
565.782	0.022	saccade	n/a	448.6	104.7	n/a	389.5	108.7	2.39	203.0
565.806	0.206	fixation	n/a	400.9	111.9	974.0	n/a	n/a	n/a	n/a
566.014	0.024	saccade	n/a	401.2	111.8	n/a	474.7	102.5	2.98	194.0
566.04	0.246	fixation	n/a	470.3	98.5	971.0	n/a	n/a	n/a	n/a
566.288	0.026	saccade	n/a	470.1	99.6	n/a	539.0	93.3	2.77	190.0
566.316	0.166	fixation	n/a	534.6	93.2	965.0	n/a	n/a	n/a	n/a
566.484	0.018	saccade	n/a	534.5	93.0	n/a	570.4	95.1	1.43	120.0
566.504	0.616	fixation	n/a	567.6	92.9	963.0	n/a	n/a	n/a	n/a
567.122	0.006	saccade	n/a	565.7	96.2	n/a	556.7	92.7	0.39	61.0
567.13	0.422	fixation	n/a	557.1	93.7	966.0	n/a	n/a	n/a	n/a
567.554	0.07	saccade	n/a	558.1	92.7	n/a	190.1	149.0	14.75	418.0
567.626	0.118	fixation	n/a	180.2	145.5	932.0	n/a	n/a	n/a	n/a
567.746	0.022	saccade	n/a	182.0	145.4	n/a	156.9	149.5	1.0	135.0
567.77	1.076	fixation	n/a	166.8	151.5	912.0	n/a	n/a	n/a	n/a
568.848	0.02	saccade	n/a	163.3	156.1	n/a	233.0	156.7	2.75	225.0
568.87	0.308	fixation	n/a	237.2	154.1	945.0	n/a	n/a	n/a	n/a
569.18	0.022	saccade	n/a	238.9	154.8	n/a	298.2	151.2	2.37	138.0
569.204	0.228	fixation	n/a	318.2	151.1	929.0	n/a	n/a	n/a	n/a
569.434	0.03	saccade	n/a	319.6	149.1	n/a	432.8	149.6	4.56	231.0
569.466	0.222	fixation	n/a	446.0	147.6	918.0	n/a	n/a	n/a	n/a
569.69	0.012	saccade	n/a	447.8	148.9	n/a	469.9	144.8	0.9	88.0
569.704	0.266	fixation	n/a	463.0	147.4	913.0	n/a	n/a	n/a	n/a
569.972	0.016	saccade	n/a	462.6	148.4	n/a	489.7	145.8	1.09	105.0
569.99	0.142	fixation	n/a	483.8	147.6	915.0	n/a	n/a	n/a	n/a
570.134	0.06	saccade	n/a	484.6	150.7	n/a	205.1	211.9	11.41	437.0
570.196	0.11	fixation	n/a	196.2	212.6	931.0	n/a	n/a	n/a	n/a
570.308	0.022	saccade	n/a	196.7	212.4	n/a	133.8	221.1	2.48	219.0
570.332	0.148	fixation	n/a	144.2	221.1	929.0	n/a	n/a	n/a	n/a
570.482	0.024	saccade	n/a	144.6	222.6	n/a	218.4	216.6	2.9	221.0
570.508	0.284	fixation	n/a	209.2	217.6	945.0	n/a	n/a	n/a	n/a
570.794	0.018	saccade	n/a	208.8	218.7	n/a	248.1	211.3	1.58	146.0
570.814	0.272	fixation	n/a	247.2	211.2	940.0	n/a	n/a	n/a	n/a
571.088	0.02	saccade	n/a	247.3	210.6	n/a	297.4	210.9	2.0	160.0
571.11	0.286	fixation	n/a	295.2	210.9	942.0	n/a	n/a	n/a	n/a
571.398	0.016	saccade	n/a	292.2	209.6	n/a	326.5	206.4	1.38	118.0
571.416	0.202	fixation	n/a	323.9	207.7	934.0	n/a	n/a	n/a	n/a
571.62	0.022	saccade	n/a	321.7	206.4	n/a	375.8	208.2	2.17	168.0
571.644	0.206	fixation	n/a	372.3	206.6	921.0	n/a	n/a	n/a	n/a
571.852	0.022	saccade	n/a	373.8	207.7	n/a	433.6	200.2	2.42	174.0
571.876	0.448	fixation	n/a	427.1	202.8	898.0	n/a	n/a	n/a	n/a
572.326	0.014	saccade	n/a	425.2	207.2	n/a	400.0	205.1	1.02	88.0
572.342	0.168	fixation	n/a	405.8	206.4	871.0	n/a	n/a	n/a	n/a
572.512	0.014	saccade	n/a	404.1	212.2	n/a	379.9	214.5	0.98	91.0
572.528	0.202	fixation	n/a	376.6	214.9	891.0	n/a	n/a	n/a	n/a
572.732	0.014	saccade	n/a	374.9	213.7	n/a	347.1	212.1	1.12	99.0
572.748	0.244	fixation	n/a	349.0	212.7	922.0	n/a	n/a	n/a	n/a
572.994	0.024	saccade	n/a	348.5	215.2	n/a	417.6	205.5	2.8	195.0
573.02	0.534	fixation	n/a	415.8	204.1	915.0	n/a	n/a	n/a	n/a
573.556	0.018	saccade	n/a	418.9	210.0	n/a	448.2	205.5	1.19	82.0
573.576	0.346	fixation	n/a	459.6	204.3	901.0	n/a	n/a	n/a	n/a
573.924	0.012	saccade	n/a	460.2	205.3	n/a	482.8	202.6	0.91	85.0
573.938	0.226	fixation	n/a	483.4	203.9	902.0	n/a	n/a	n/a	n/a
574.166	0.022	saccade	n/a	483.7	203.6	n/a	549.5	203.4	2.62	188.0
574.19	0.182	fixation	n/a	551.6	199.6	902.0	n/a	n/a	n/a	n/a
574.374	0.024	saccade	n/a	550.2	201.4	n/a	631.0	196.3	3.19	218.0
574.4	0.246	fixation	n/a	626.3	196.0	880.0	n/a	n/a	n/a	n/a
574.648	0.014	saccade	n/a	627.8	196.5	n/a	655.3	193.8	1.08	98.0
574.664	0.716	fixation	n/a	648.7	195.7	848.0	n/a	n/a	n/a	n/a
575.382	0.06	saccade	n/a	649.7	196.3	n/a	192.3	208.6	17.94	454.0
575.444	0.226	fixation	n/a	199.7	210.9	873.0	n/a	n/a	n/a	n/a
575.672	0.016	saccade	n/a	197.2	208.2	n/a	227.3	202.8	1.21	120.0
575.69	0.342	fixation	n/a	221.6	202.8	847.0	n/a	n/a	n/a	n/a
576.034	0.016	saccade	n/a	223.1	202.8	n/a	258.4	200.1	1.41	120.0
576.052	0.226	fixation	n/a	255.1	203.7	842.0	n/a	n/a	n/a	n/a
576.28	0.026	saccade	n/a	256.5	206.5	n/a	319.5	206.5	2.51	151.0
576.308	0.234	fixation	n/a	313.3	206.0	858.0	n/a	n/a	n/a	n/a
576.544	0.022	saccade	n/a	312.8	208.3	n/a	379.9	210.8	2.69	195.0
576.568	0.146	fixation	n/a	372.9	212.8	872.0	n/a	n/a	n/a	n/a
576.716	0.01	saccade	n/a	372.2	222.8	n/a	386.8	221.4	0.59	62.0
576.728	0.182	fixation	n/a	402.8	214.2	863.0	n/a	n/a	n/a	n/a
576.912	0.092	saccade	n/a	410.1	217.8	n/a	474.8	229.9	2.64	202.0
577.006	0.144	fixation	n/a	500.5	222.4	846.0	n/a	n/a	n/a	n/a
577.152	0.052	saccade	n/a	502.4	223.4	n/a	305.4	179.7	8.08	372.0
577.206	0.11	fixation	n/a	299.3	176.1	860.0	n/a	n/a	n/a	n/a
577.318	0.038	saccade	n/a	299.9	176.0	n/a	192.6	106.6	5.11	340.0
577.358	0.12	fixation	n/a	199.3	111.5	831.0	n/a	n/a	n/a	n/a
577.48	0.02	saccade	n/a	197.7	110.6	n/a	157.0	78.4	2.06	192.0
577.502	0.332	fixation	n/a	164.2	85.6	825.0	n/a	n/a	n/a	n/a
577.612	0.0	trigger_11	11	n/a	n/a	n/a	n/a	n/a	n/a	n/a
577.616	0.0	trigger_10	10	n/a	n/a	n/a	n/a	n/a	n/a	n/a
577.836	0.02	saccade	n/a	164.3	88.1	n/a	133.6	81.5	1.23	132.0
577.858	0.152	fixation	n/a	141.4	83.3	863.0	n/a	n/a	n/a	n/a
578.012	0.022	saccade	n/a	140.3	84.0	n/a	215.2	90.9	2.96	248.0
578.036	0.22	fixation	n/a	217.3	88.1	897.0	n/a	n/a	n/a	n/a
578.258	0.024	saccade	n/a	218.7	87.9	n/a	308.5	95.9	3.6	222.0
578.284	0.134	fixation	n/a	317.3	96.4	928.0	n/a	n/a	n/a	n/a
578.42	0.094	saccade	n/a	320.6	108.5	n/a	359.3	100.3	1.59	622.0
578.516	0.226	fixation	n/a	367.0	108.8	941.0	n/a	n/a	n/a	n/a
578.744	0.026	saccade	n/a	367.9	110.3	n/a	440.6	102.2	2.95	191.0
578.772	0.16	fixation	n/a	438.8	101.3	931.0	n/a	n/a	n/a	n/a
578.934	0.02	saccade	n/a	438.3	102.5	n/a	494.0	96.8	2.25	169.0
578.956	0.252	fixation	n/a	498.2	92.5	902.0	n/a	n/a	n/a	n/a
579.21	0.058	saccade	n/a	498.8	90.7	n/a	197.0	140.8	12.2	460.0
579.27	0.154	fixation	n/a	188.1	138.6	923.0	n/a	n/a	n/a	n/a
579.426	0.02	saccade	n/a	188.0	136.7	n/a	161.0	152.9	1.25	140.0
579.448	0.268	fixation	n/a	171.5	152.2	931.0	n/a	n/a	n/a	n/a
579.718	0.024	saccade	n/a	173.4	157.7	n/a	182.0	98.4	2.42	138.0
579.744	0.088	fixation	n/a	189.3	100.3	939.0	n/a	n/a	n/a	n/a
579.834	0.022	saccade	n/a	190.8	102.8	n/a	258.8	96.4	2.71	218.0
579.858	0.166	fixation	n/a	246.7	99.0	967.0	n/a	n/a	n/a	n/a
580.026	0.024	saccade	n/a	245.1	99.0	n/a	327.3	100.4	3.29	254.0
580.052	0.132	fixation	n/a	328.6	101.7	1001.0	n/a	n/a	n/a	n/a
580.186	0.02	saccade	n/a	332.7	103.9	n/a	384.9	110.1	2.12	152.0
580.208	0.328	fixation	n/a	375.8	107.8	1029.0	n/a	n/a	n/a	n/a
580.538	0.024	saccade	n/a	373.7	106.8	n/a	446.4	101.1	2.94	186.0
580.564	0.354	fixation	n/a	446.0	98.3	997.0	n/a	n/a	n/a	n/a
580.92	0.018	saccade	n/a	445.6	99.9	n/a	488.2	91.3	1.75	128.0
580.94	0.246	fixation	n/a	487.0	92.6	984.0	n/a	n/a	n/a	n/a
581.188	0.06	saccade	n/a	485.9	96.4	n/a	180.0	158.1	12.42	483.0
581.25	0.144	fixation	n/a	168.4	156.3	992.0	n/a	n/a	n/a	n/a
581.396	0.02	saccade	n/a	172.6	157.5	n/a	149.5	155.7	0.91	106.0
581.418	0.26	fixation	n/a	156.7	157.9	963.0	n/a	n/a	n/a	n/a
581.68	0.162	saccade	n/a	162.4	164.0	n/a	101.9	156.0	2.38	522.0
581.844	0.132	fixation	n/a	112.1	151.6	876.0	n/a	n/a	n/a	n/a
581.978	0.02	saccade	n/a	111.6	149.2	n/a	164.9	146.0	2.08	187.0
582.0	0.158	fixation	n/a	155.3	145.2	856.0	n/a	n/a	n/a	n/a
582.16	0.022	saccade	n/a	152.4	140.3	n/a	231.8	138.8	3.13	281.0
582.184	0.294	fixation	n/a	234.5	139.0	826.0	n/a	n/a	n/a	n/a
582.48	0.02	saccade	n/a	238.9	139.6	n/a	293.3	137.7	2.17	143.0
582.502	0.454	fixation	n/a	297.0	138.7	822.0	n/a	n/a	n/a	n/a
582.958	0.024	saccade	n/a	298.6	140.2	n/a	377.7	147.1	3.2	219.0
582.984	0.358	fixation	n/a	374.0	147.9	871.0	n/a	n/a	n/a	n/a
583.344	0.012	saccade	n/a	375.0	148.9	n/a	354.3	144.8	0.85	85.0
583.358	0.186	fixation	n/a	361.9	146.2	852.0	n/a	n/a	n/a	n/a
583.546	0.018	saccade	n/a	360.5	144.3	n/a	418.5	148.5	2.34	215.0
583.566	0.15	fixation	n/a	419.8	146.2	826.0	n/a	n/a	n/a	n/a
583.718	0.022	saccade	n/a	419.5	147.5	n/a	479.5	145.5	2.42	173.0
583.742	0.208	fixation	n/a	477.0	144.8	831.0	n/a	n/a	n/a	n/a
583.952	0.022	saccade	n/a	476.7	147.5	n/a	547.9	143.5	2.85	201.0
583.976	0.176	fixation	n/a	558.5	144.1	852.0	n/a	n/a	n/a	n/a
584.154	0.018	saccade	n/a	560.0	143.8	n/a	602.5	143.3	1.69	119.0
584.174	0.18	fixation	n/a	612.3	140.9	881.0	n/a	n/a	n/a	n/a
584.356	0.022	saccade	n/a	611.9	141.4	n/a	554.5	136.0	2.28	169.0
584.38	0.118	fixation	n/a	564.4	139.6	892.0	n/a	n/a	n/a	n/a
584.5	0.022	saccade	n/a	565.0	140.4	n/a	499.4	140.9	2.62	221.0
584.524	0.258	fixation	n/a	512.9	140.5	901.0	n/a	n/a	n/a	n/a
584.784	0.024	saccade	n/a	514.1	140.7	n/a	586.4	140.5	2.87	220.0
584.81	0.388	fixation	n/a	583.4	139.8	909.0	n/a	n/a	n/a	n/a
585.2	0.02	saccade	n/a	584.8	141.0	n/a	538.7	141.7	1.83	156.0
585.222	0.17	fixation	n/a	550.4	143.7	898.0	n/a	n/a	n/a	n/a
585.394	0.024	saccade	n/a	550.6	145.9	n/a	619.6	142.1	2.74	200.0
585.42	0.22	fixation	n/a	613.5	140.6	901.0	n/a	n/a	n/a	n/a
585.642	0.06	saccade	n/a	615.2	139.0	n/a	246.2	154.2	14.63	491.0
585.704	0.14	fixation	n/a	263.1	156.4	929.0	n/a	n/a	n/a	n/a
585.846	0.022	saccade	n/a	263.1	152.6	n/a	219.7	145.3	1.75	180.0
585.87	0.27	fixation	n/a	228.7	148.7	888.0	n/a	n/a	n/a	n/a
586.142	0.034	saccade	n/a	228.9	149.6	n/a	133.3	145.0	3.76	202.0
586.178	0.246	fixation	n/a	146.3	147.5	852.0	n/a	n/a	n/a	n/a
586.426	0.022	saccade	n/a	149.5	150.7	n/a	178.4	104.1	2.19	165.0
586.45	0.154	fixation	n/a	183.5	107.1	864.0	n/a	n/a	n/a	n/a
586.606	0.02	saccade	n/a	184.2	109.5	n/a	142.8	78.9	2.04	188.0
586.628	0.362	fixation	n/a	155.9	87.7	888.0	n/a	n/a	n/a	n/a
586.798	0.0	trigger_11	11	n/a	n/a	n/a	n/a	n/a	n/a	n/a
586.806	0.0	trigger_10	10	n/a	n/a	n/a	n/a	n/a	n/a	n/a
586.992	0.018	saccade	n/a	157.3	88.0	n/a	124.0	84.5	1.31	119.0
587.012	0.26	fixation	n/a	132.8	85.8	922.0	n/a	n/a	n/a	n/a
587.274	0.018	saccade	n/a	131.0	86.0	n/a	173.6	85.9	1.67	153.0
587.294	0.166	fixation	n/a	168.1	84.2	921.0	n/a	n/a	n/a	n/a
587.462	0.022	saccade	n/a	165.9	83.3	n/a	227.4	86.1	2.43	174.0
587.486	0.206	fixation	n/a	226.4	85.9	926.0	n/a	n/a	n/a	n/a
587.694	0.024	saccade	n/a	229.7	88.6	n/a	313.3	92.9	3.34	211.0
587.72	0.236	fixation	n/a	315.2	93.1	959.0	n/a	n/a	n/a	n/a
587.958	0.02	saccade	n/a	315.8	97.0	n/a	361.9	99.0	1.86	158.0
587.98	0.504	fixation	n/a	356.0	94.4	932.0	n/a	n/a	n/a	n/a
588.486	0.026	saccade	n/a	355.8	95.3	n/a	256.5	80.4	4.03	282.0
588.514	0.232	fixation	n/a	273.5	87.9	899.0	n/a	n/a	n/a	n/a
588.748	0.018	saccade	n/a	277.6	92.7	n/a	336.9	95.3	2.38	189.0
588.768	0.148	fixation	n/a	339.6	99.1	924.0	n/a	n/a	n/a	n/a
588.918	0.014	saccade	n/a	340.3	102.8	n/a	367.1	103.4	1.08	107.0
588.934	0.158	fixation	n/a	363.7	102.0	945.0	n/a	n/a	n/a	n/a
589.094	0.026	saccade	n/a	362.2	101.7	n/a	449.8	101.7	3.53	253.0
589.122	0.164	fixation	n/a	444.6	98.1	950.0	n/a	n/a	n/a	n/a
589.288	0.018	saccade	n/a	444.0	99.4	n/a	483.8	95.6	1.61	134.0
589.308	0.136	fixation	n/a	484.0	92.0	950.0	n/a	n/a	n/a	n/a
589.446	0.016	saccade	n/a	484.3	92.1	n/a	521.4	89.9	1.49	126.0
589.464	0.548	fixation	n/a	519.1	91.6	931.0	n/a	n/a	n/a	n/a
590.014	0.022	saccade	n/a	520.4	95.2	n/a	584.6	96.1	2.56	191.0
590.038	0.186	fixation	n/a	579.2	92.8	914.0	n/a	n/a	n/a	n/a
590.226	0.064	saccade	n/a	580.9	93.9	n/a	235.0	141.1	13.86	471.0
590.292	0.096	fixation	n/a	223.7	140.7	956.0	n/a	n/a	n/a	n/a
590.39	0.028	saccade	n/a	223.0	142.0	n/a	146.1	154.4	3.07	184.0
590.42	0.282	fixation	n/a	159.3	154.6	969.0	n/a	n/a	n/a	n/a
590.704	0.014	saccade	n/a	156.5	156.1	n/a	133.4	154.4	0.9	83.0
590.72	0.158	fixation	n/a	140.4	154.1	947.0	n/a	n/a	n/a	n/a
590.88	0.094	saccade	n/a	141.3	161.3	n/a	174.1	153.6	1.32	470.0
590.976	0.49	fixation	n/a	173.0	154.4	941.0	n/a	n/a	n/a	n/a
591.468	0.022	saccade	n/a	168.9	149.4	n/a	224.9	147.4	2.21	198.0
591.492	0.222	fixation	n/a	223.4	146.4	901.0	n/a	n/a	n/a	n/a
591.716	0.02	saccade	n/a	223.8	149.7	n/a	268.2	144.0	1.78	154.0
591.738	0.29	fixation	n/a	262.5	143.6	886.0	n/a	n/a	n/a	n/a
592.03	0.014	saccade	n/a	261.0	142.9	n/a	235.7	140.0	1.01	103.0
592.046	0.226	fixation	n/a	244.0	140.1	857.0	n/a	n/a	n/a	n/a
592.274	0.014	saccade	n/a	245.6	139.0	n/a	272.5	140.1	1.07	93.0
592.29	0.31	fixation	n/a	269.4	142.8	859.0	n/a	n/a	n/a	n/a
592.602	0.022	saccade	n/a	267.2	142.5	n/a	325.4	146.1	2.34	189.0
592.626	0.11	fixation	n/a	327.1	147.7	848.0	n/a	n/a	n/a	n/a
592.738	0.116	saccade	n/a	328.9	156.7	n/a	331.2	146.4	0.43	513.0
592.776	0.026	blink	n/a	n/a	n/a	n/a	n/a	n/a	n/a	n/a
592.856	0.196	fixation	n/a	337.2	162.5	908.0	n/a	n/a	n/a	n/a
593.054	0.016	saccade	n/a	336.9	164.3	n/a	366.9	154.9	1.27	114.0
593.072	0.334	fixation	n/a	362.0	155.9	923.0	n/a	n/a	n/a	n/a
593.408	0.022	saccade	n/a	366.2	155.0	n/a	317.0	151.6	1.98	191.0
593.432	0.258	fixation	n/a	328.5	154.2	868.0	n/a	n/a	n/a	n/a
593.692	0.022	saccade	n/a	329.8	153.3	n/a	262.8	148.7	2.69	214.0
593.716	0.386	fixation	n/a	267.7	151.5	872.0	n/a	n/a	n/a	n/a
594.104	0.008	saccade	n/a	266.5	154.1	n/a	252.3	151.2	0.58	70.0
594.114	0.248	fixation	n/a	256.6	152.8	907.0	n/a	n/a	n/a	n/a
594.364	0.012	saccade	n/a	256.3	151.6	n/a	279.9	150.6	0.94	83.0
594.378	0.192	fixation	n/a	275.4	147.7	913.0	n/a	n/a	n/a	n/a
594.572	0.024	saccade	n/a	273.3	147.1	n/a	345.4	154.7	2.91	209.0
594.598	0.314	fixation	n/a	338.4	152.0	919.0	n/a	n/a	n/a	n/a
594.914	0.014	saccade	n/a	339.6	152.8	n/a	370.1	150.3	1.23	100.0
594.93	0.31	fixation	n/a	368.1	149.8	932.0	n/a	n/a	n/a	n/a
595.242	0.024	saccade	n/a	366.9	151.7	n/a	439.4	152.1	2.92	177.0
595.268	0.232	fixation	n/a	442.0	148.4	927.0	n/a	n/a	n/a	n/a
595.502	0.016	saccade	n/a	445.3	147.7	n/a	482.2	145.7	1.48	110.0
595.52	0.266	fixation	n/a	491.4	142.1	890.0	n/a	n/a	n/a	n/a
595.788	0.016	saccade	n/a	493.0	143.0	n/a	534.2	141.5	1.65	128.0
595.806	0.194	fixation	n/a	535.0	141.7	883.0	n/a	n/a	n/a	n/a
596.002	0.022	saccade	n/a	536.3	144.1	n/a	588.2	141.3	2.06	136.0
596.026	0.466	fixation	n/a	583.0	140.5	849.0	n/a	n/a	n/a	n/a
596.494	0.074	saccade	n/a	584.0	142.3	n/a	190.8	208.6	15.77	424.0
596.57	0.112	fixation	n/a	177.7	209.7	898.0	n/a	n/a	n/a	n/a
596.684	0.02	saccade	n/a	176.2	210.1	n/a	134.5	212.2	1.63	136.0
596.706	0.39	fixation	n/a	145.3	214.5	917.0	n/a	n/a	n/a	n/a
597.098	0.014	saccade	n/a	145.1	215.3	n/a	120.6	210.2	0.97	89.0
597.114	0.358	fixation	n/a	128.6	211.9	898.0	n/a	n/a	n/a	n/a
597.474	0.02	saccade	n/a	128.4	215.4	n/a	174.7	208.7	1.82	140.0
597.496	0.144	fixation	n/a	172.1	212.3	925.0	n/a	n/a	n/a	n/a
597.642	0.018	saccade	n/a	170.6	211.9	n/a	216.3	212.7	1.8	142.0
597.662	0.222	fixation	n/a	213.5	211.8	930.0	n/a	n/a	n/a	n/a
597.886	0.022	saccade	n/a	212.0	210.7	n/a	272.2	211.6	2.39	165.0
597.91	0.368	fixation	n/a	276.1	209.5	923.0	n/a	n/a	n/a	n/a
598.28	0.018	saccade	n/a	277.1	211.1	n/a	238.4	206.8	1.55	122.0
598.3	0.162	fixation	n/a	250.2	207.8	892.0	n/a	n/a	n/a	n/a
598.464	0.026	saccade	n/a	252.1	206.3	n/a	332.2	205.7	3.2	173.0
598.492	0.248	fixation	n/a	331.2	204.6	912.0	n/a	n/a	n/a	n/a
598.742	0.02	saccade	n/a	333.5	205.3	n/a	389.9	200.8	2.27	178.0
598.764	0.454	fixation	n/a	383.7	201.3	917.0	n/a	n/a	n/a	n/a
599.22	0.006	saccade	n/a	387.1	203.1	n/a	395.7	203.9	0.35	56.0
599.228	0.236	fixation	n/a	397.6	204.8	919.0	n/a	n/a	n/a	n/a
599.466	0.02	saccade	n/a	396.3	205.8	n/a	443.0	201.5	1.88	145.0
599.488	0.128	fixation	n/a	439.1	201.8	944.0	n/a	n/a	n/a	n/a
599.618	0.05	saccade	n/a	438.1	200.7	n/a	224.4	214.2	8.53	425.0
599.67	0.144	fixation	n/a	217.6	213.0	967.0	n/a	n/a	n/a	n/a
599.816	0.02	saccade	n/a	216.5	212.8	n/a	191.1	212.5	1.0	120.0
599.838	0.258	fixation	n/a	198.9	214.6	966.0	n/a	n/a	n/a	n/a
600.098	0.026	saccade	n/a	196.2	214.5	n/a	302.5	208.9	4.22	290.0
600.126	0.638	fixation	n/a	305.8	210.9	935.0	n/a	n/a	n/a	n/a
600.766	0.022	saccade	n/a	317.2	217.9	n/a	384.3	209.6	2.71	219.0
600.79	0.192	fixation	n/a	377.2	207.7	908.0	n/a	n/a	n/a	n/a
600.984	0.022	saccade	n/a	375.4	207.5	n/a	449.5	205.4	2.98	191.0
601.008	0.458	fixation	n/a	458.0	199.7	900.0	n/a	n/a	n/a	n/a
601.468	0.028	saccade	n/a	458.9	200.5	n/a	355.6	203.0	4.15	271.0
601.498	0.702	fixation	n/a	361.8	211.0	937.0	n/a	n/a	n/a	n/a
602.202	0.016	saccade	n/a	361.0	218.1	n/a	330.3	210.8	1.27	118.0
602.22	0.22	fixation	n/a	338.4	212.8	977.0	n/a	n/a	n/a	n/a
602.442	0.03	saccade	n/a	342.0	213.8	n/a	469.2	205.8	5.12	283.0
602.474	0.164	fixation	n/a	464.9	202.0	992.0	n/a	n/a	n/a	n/a
602.64	0.036	saccade	n/a	468.8	201.5	n/a	324.4	106.9	6.96	363.0
602.678	0.188	fixation	n/a	329.2	97.9	973.0	n/a	n/a	n/a	n/a
602.868	0.02	saccade	n/a	329.2	98.2	n/a	260.3	90.8	2.77	229.0
602.89	0.172	fixation	n/a	274.1	91.4	926.0	n/a	n/a	n/a	n/a
603.064	0.026	saccade	n/a	272.1	93.4	n/a	368.6	101.5	3.89	258.0
603.092	0.33	fixation	n/a	362.1	102.3	938.0	n/a	n/a	n/a	n/a
603.424	0.028	saccade	n/a	360.2	106.9	n/a	477.6	105.2	4.72	324.0
603.454	0.218	fixation	n/a	472.3	103.5	951.0	n/a	n/a	n/a	n/a
603.674	0.018	saccade	n/a	472.8	101.8	n/a	514.3	100.8	1.66	140.0
603.694	0.472	fixation	n/a	510.7	98.1	918.0	n/a	n/a	n/a	n/a
604.168	0.07	saccade	n/a	509.1	97.9	n/a	214.1	103.6	11.76	351.0
604.24	0.088	fixation	n/a	205.4	100.3	890.0	n/a	n/a	n/a	n/a
604.33	0.022	saccade	n/a	205.5	103.0	n/a	162.1	95.6	1.73	163.0
604.354	0.13	fixation	n/a	173.7	98.4	894.0	n/a	n/a	n/a	n/a
604.486	0.02	saccade	n/a	174.7	99.3	n/a	132.4	94.7	1.67	145.0
604.508	0.182	fixation	n/a	143.8	96.7	898.0	n/a	n/a	n/a	n/a
604.692	0.02	saccade	n/a	146.0	98.3	n/a	125.2	96.9	0.81	104.0
604.714	0.358	fixation	n/a	132.3	98.3	925.0	n/a	n/a	n/a	n/a
604.826	0.0	trigger_11	11	n/a	n/a	n/a	n/a	n/a	n/a	n/a
604.83	0.0	trigger_10	10	n/a	n/a	n/a	n/a	n/a	n/a	n/a
605.074	0.018	saccade	n/a	133.6	99.4	n/a	195.2	96.1	2.42	199.0
605.094	0.132	fixation	n/a	208.4	98.9	957.0	n/a	n/a	n/a	n/a
605.228	0.024	saccade	n/a	211.0	99.6	n/a	288.1	100.4	3.07	228.0
605.254	0.284	fixation	n/a	276.2	98.6	989.0	n/a	n/a	n/a	n/a
605.54	0.02	saccade	n/a	275.0	100.3	n/a	319.0	97.0	1.77	174.0
605.562	0.172	fixation	n/a	312.8	97.4	984.0	n/a	n/a	n/a	n/a
605.736	0.024	saccade	n/a	311.9	94.2	n/a	377.1	101.7	2.64	209.0
605.762	0.364	fixation	n/a	368.1	100.4	1020.0	n/a	n/a	n/a	n/a
606.128	0.022	saccade	n/a	365.7	102.3	n/a	425.9	102.1	2.43	205.0
606.152	0.174	fixation	n/a	421.5	103.9	1007.0	n/a	n/a	n/a	n/a
606.328	0.016	saccade	n/a	425.7	110.3	n/a	461.4	108.2	1.44	109.0
606.346	0.232	fixation	n/a	474.8	108.1	979.0	n/a	n/a	n/a	n/a
606.58	0.048	saccade	n/a	475.0	117.4	n/a	570.6	109.1	3.83	239.0
606.63	0.2	fixation	n/a	569.9	107.4	952.0	n/a	n/a	n/a	n/a
606.832	0.05	saccade	n/a	568.6	123.5	n/a	582.1	112.0	0.71	132.0
606.884	0.634	fixation	n/a	583.2	102.4	951.0	n/a	n/a	n/a	n/a
607.52	0.076	saccade	n/a	581.4	101.9	n/a	179.1	141.7	15.98	416.0
607.598	0.118	fixation	n/a	168.7	142.0	925.0	n/a	n/a	n/a	n/a
607.718	0.018	saccade	n/a	169.7	141.7	n/a	137.2	152.2	1.34	130.0
607.738	0.248	fixation	n/a	143.6	156.2	950.0	n/a	n/a	n/a	n/a
607.988	0.096	saccade	n/a	146.0	165.6	n/a	172.5	163.6	1.04	284.0
608.086	0.364	fixation	n/a	169.8	158.7	974.0	n/a	n/a	n/a	n/a
608.452	0.016	saccade	n/a	167.4	159.9	n/a	199.7	149.7	1.34	119.0
608.47	0.412	fixation	n/a	199.7	151.6	973.0	n/a	n/a	n/a	n/a
608.884	0.022	saccade	n/a	201.7	154.1	n/a	259.5	152.0	2.3	163.0
608.908	0.336	fixation	n/a	253.5	152.6	1018.0	n/a	n/a	n/a	n/a
609.246	0.022	saccade	n/a	254.5	152.5	n/a	311.3	151.7	2.27	140.0
609.27	0.21	fixation	n/a	312.9	152.8	1033.0	n/a	n/a	n/a	n/a
609.482	0.02	saccade	n/a	316.7	154.9	n/a	364.5	156.4	1.92	146.0
609.504	0.358	fixation	n/a	361.0	157.0	1027.0	n/a	n/a	n/a	n/a
609.864	0.018	saccade	n/a	359.0	156.4	n/a	409.6	158.6	2.04	175.0
609.884	0.146	fixation	n/a	414.8	155.0	997.0	n/a	n/a	n/a	n/a
610.032	0.022	saccade	n/a	414.7	154.3	n/a	474.4	150.1	2.41	183.0
610.056	0.118	fixation	n/a	472.2	150.5	958.0	n/a	n/a	n/a	n/a
610.176	0.022	saccade	n/a	471.1	150.6	n/a	532.1	148.6	2.45	185.0
610.2	0.132	fixation	n/a	533.7	147.0	929.0	n/a	n/a	n/a	n/a
610.334	0.02	saccade	n/a	534.6	147.4	n/a	579.9	146.7	1.8	131.0
610.356	0.176	fixation	n/a	573.1	147.5	925.0	n/a	n/a	n/a	n/a
610.534	0.066	saccade	n/a	574.8	149.9	n/a	203.3	210.1	14.88	497.0
610.602	0.124	fixation	n/a	188.3	210.2	954.0	n/a	n/a	n/a	n/a
610.728	0.028	saccade	n/a	189.5	212.2	n/a	159.5	221.3	1.23	186.0
610.758	0.144	fixation	n/a	156.0	222.5	957.0	n/a	n/a	n/a	n/a
610.904	0.026	saccade	n/a	156.4	225.7	n/a	234.5	215.8	3.1	207.0
610.932	0.204	fixation	n/a	229.0	214.4	964.0	n/a	n/a	n/a	n/a
611.138	0.02	saccade	n/a	230.7	213.5	n/a	184.6	213.6	1.82	157.0
611.16	0.162	fixation	n/a	198.0	214.6	947.0	n/a	n/a	n/a	n/a
611.324	0.04	saccade	n/a	199.7	213.4	n/a	174.4	94.1	4.91	265.0
611.366	0.144	fixation	n/a	176.8	103.6	920.0	n/a	n/a	n/a	n/a
611.512	0.022	saccade	n/a	176.2	105.2	n/a	233.3	87.4	2.37	199.0
611.536	0.18	fixation	n/a	227.9	92.9	916.0	n/a	n/a	n/a	n/a
611.718	0.026	saccade	n/a	229.7	93.7	n/a	307.6	91.5	3.11	197.0
611.746	0.256	fixation	n/a	306.3	88.8	918.0	n/a	n/a	n/a	n/a
612.004	0.024	saccade	n/a	305.2	89.9	n/a	382.1	99.2	3.12	248.0
612.03	0.16	fixation	n/a	373.9	98.9	924.0	n/a	n/a	n/a	n/a
612.192	0.05	saccade	n/a	377.0	100.4	n/a	163.5	85.9	8.51	464.0
612.244	0.356	fixation	n/a	153.8	86.0	924.0	n/a	n/a	n/a	n/a
612.374	0.0	trigger_11	11	n/a	n/a	n/a	n/a	n/a	n/a	n/a
612.38	0.0	trigger_12	12	n/a	n/a	n/a	n/a	n/a	n/a	n/a
612.602	0.02	saccade	n/a	155.7	93.1	n/a	133.7	92.0	0.86	104.0
612.624	0.124	fixation	n/a	140.3	94.4	931.0	n/a	n/a	n/a	n/a
612.75	0.04	saccade	n/a	148.0	93.4	n/a	208.9	100.7	2.41	116.0
612.792	0.138	fixation	n/a	207.7	100.7	936.0	n/a	n/a	n/a	n/a
612.932	0.076	saccade	n/a	212.0	101.4	n/a	222.8	90.3	0.62	320.0
613.01	0.172	fixation	n/a	220.7	91.5	923.0	n/a	n/a	n/a	n/a
613.184	0.022	saccade	n/a	222.5	92.1	n/a	171.5	91.5	2.01	191.0
613.208	0.214	fixation	n/a	181.4	91.0	909.0	n/a	n/a	n/a	n/a
613.424	0.022	saccade	n/a	181.8	94.1	n/a	242.5	92.7	2.4	176.0
613.448	0.19	fixation	n/a	236.2	94.0	942.0	n/a	n/a	n/a	n/a
613.64	0.018	saccade	n/a	235.4	96.0	n/a	274.5	99.2	1.57	127.0
613.66	0.262	fixation	n/a	263.5	96.1	952.0	n/a	n/a	n/a	n/a
613.924	0.016	saccade	n/a	262.2	94.2	n/a	228.4	89.5	1.36	124.0
613.942	0.242	fixation	n/a	234.0	86.5	880.0	n/a	n/a	n/a	n/a
614.186	0.016	saccade	n/a	234.9	85.2	n/a	279.9	83.5	1.8	166.0
614.204	0.428	fixation	n/a	289.2	83.9	867.0	n/a	n/a	n/a	n/a
614.634	0.086	saccade	n/a	290.4	97.8	n/a	340.1	91.4	2.01	428.0
614.722	0.258	fixation	n/a	347.5	104.3	941.0	n/a	n/a	n/a	n/a
614.982	0.018	saccade	n/a	349.0	105.9	n/a	300.6	95.3	2.0	183.0
615.002	0.32	fixation	n/a	309.7	99.3	943.0	n/a	n/a	n/a	n/a
615.324	0.022	saccade	n/a	311.7	101.4	n/a	251.5	90.9	2.45	198.0
615.348	0.212	fixation	n/a	264.2	95.6	942.0	n/a	n/a	n/a	n/a
615.562	0.022	saccade	n/a	265.8	98.0	n/a	237.4	94.1	1.14	146.0
615.586	0.334	fixation	n/a	244.7	96.0	965.0	n/a	n/a	n/a	n/a
615.922	0.02	saccade	n/a	246.0	94.2	n/a	218.3	88.7	1.12	110.0
615.944	0.142	fixation	n/a	227.5	93.9	1003.0	n/a	n/a	n/a	n/a
616.088	0.12	saccade	n/a	233.9	100.8	n/a	134.0	84.9	3.98	495.0
616.21	0.264	fixation	n/a	135.3	87.3	989.0	n/a	n/a	n/a	n/a
616.476	0.022	saccade	n/a	133.7	85.1	n/a	194.7	91.0	2.4	174.0
616.5	0.228	fixation	n/a	191.3	86.2	909.0	n/a	n/a	n/a	n/a
616.73	0.022	saccade	n/a	191.2	82.2	n/a	256.1	87.8	2.59	203.0
616.754	0.258	fixation	n/a	260.1	90.4	908.0	n/a	n/a	n/a	n/a
617.014	0.124	saccade	n/a	265.6	105.4	n/a	270.1	94.1	0.49	503.0
617.14	0.244	fixation	n/a	268.0	92.6	998.0	n/a	n/a	n/a	n/a
617.386	0.018	saccade	n/a	266.4	91.9	n/a	308.8	99.1	1.72	133.0
617.406	0.43	fixation	n/a	310.5	101.0	974.0	n/a	n/a	n/a	n/a
617.838	0.024	saccade	n/a	313.9	104.0	n/a	376.3	108.3	2.52	172.0
617.864	0.132	fixation	n/a	370.4	107.4	976.0	n/a	n/a	n/a	n/a
617.998	0.026	saccade	n/a	368.4	107.2	n/a	445.5	104.1	3.11	207.0
618.026	0.16	fixation	n/a	441.2	100.5	958.0	n/a	n/a	n/a	n/a
618.188	0.018	saccade	n/a	441.0	100.7	n/a	491.8	95.2	2.06	159.0
618.208	0.15	fixation	n/a	499.3	92.6	962.0	n/a	n/a	n/a	n/a
618.36	0.02	saccade	n/a	498.4	93.6	n/a	453.8	97.2	1.8	147.0
618.382	0.254	fixation	n/a	467.0	99.1	984.0	n/a	n/a	n/a	n/a
618.638	0.022	saccade	n/a	468.0	98.3	n/a	415.0	101.2	2.14	166.0
618.662	0.174	fixation	n/a	427.1	102.4	988.0	n/a	n/a	n/a	n/a
618.838	0.022	saccade	n/a	427.9	101.7	n/a	474.8	95.9	1.9	138.0
618.862	0.216	fixation	n/a	467.2	96.2	1016.0	n/a	n/a	n/a	n/a
619.08	0.02	saccade	n/a	466.1	95.3	n/a	532.1	92.2	2.65	224.0
619.102	0.164	fixation	n/a	527.1	89.4	1052.0	n/a	n/a	n/a	n/a
619.268	0.014	saccade	n/a	524.1	89.9	n/a	552.8	87.9	1.15	106.0
619.284	0.356	fixation	n/a	552.5	86.8	1065.0	n/a	n/a	n/a	n/a
619.642	0.066	saccade	n/a	551.4	87.0	n/a	196.1	137.6	14.25	444.0
619.71	0.108	fixation	n/a	186.4	139.0	1077.0	n/a	n/a	n/a	n/a
619.82	0.022	saccade	n/a	190.1	142.6	n/a	144.5	157.1	1.88	181.0
619.844	0.19	fixation	n/a	154.7	156.4	1065.0	n/a	n/a	n/a	n/a
620.036	0.02	saccade	n/a	153.3	159.1	n/a	128.3	158.8	0.97	92.0
620.058	0.404	fixation	n/a	131.3	159.5	1039.0	n/a	n/a	n/a	n/a
620.464	0.016	saccade	n/a	127.5	157.3	n/a	168.4	157.1	1.6	129.0
620.482	0.176	fixation	n/a	164.7	157.4	1029.0	n/a	n/a	n/a	n/a
620.66	0.016	saccade	n/a	168.3	156.9	n/a	196.4	150.0	1.14	102.0
620.678	0.182	fixation	n/a	188.7	149.4	1014.0	n/a	n/a	n/a	n/a
620.862	0.022	saccade	n/a	187.5	149.6	n/a	245.6	153.2	2.31	193.0
620.886	0.298	fixation	n/a	237.6	154.2	1025.0	n/a	n/a	n/a	n/a
621.186	0.022	saccade	n/a	236.3	159.3	n/a	286.6	156.3	2.01	154.0
621.21	0.254	fixation	n/a	281.1	156.2	1029.0	n/a	n/a	n/a	n/a
621.466	0.024	saccade	n/a	280.5	156.5	n/a	375.4	161.9	3.82	265.0
621.492	0.248	fixation	n/a	370.6	154.0	1010.0	n/a	n/a	n/a	n/a
621.742	0.028	saccade	n/a	373.2	152.6	n/a	262.0	150.8	4.46	318.0
621.772	0.118	fixation	n/a	275.6	153.1	1012.0	n/a	n/a	n/a	n/a
621.892	0.114	saccade	n/a	279.1	160.7	n/a	270.6	158.1	0.36	640.0
622.008	0.128	fixation	n/a	273.1	162.3	1041.0	n/a	n/a	n/a	n/a
622.138	0.022	saccade	n/a	276.3	164.8	n/a	240.5	160.0	1.44	155.0
622.162	0.242	fixation	n/a	251.4	160.0	1038.0	n/a	n/a	n/a	n/a
622.406	0.018	saccade	n/a	251.1	161.2	n/a	206.0	158.4	1.79	148.0
622.426	0.422	fixation	n/a	217.3	157.7	987.0	n/a	n/a	n/a	n/a
622.85	0.02	saccade	n/a	217.6	158.3	n/a	268.4	153.4	2.03	167.0
622.872	0.214	fixation	n/a	259.1	154.7	1016.0	n/a	n/a	n/a	n/a
623.088	0.012	saccade	n/a	256.1	156.6	n/a	233.1	155.4	0.92	91.0
623.102	0.668	fixation	n/a	232.9	163.3	1129.0	n/a	n/a	n/a	n/a
623.772	0.018	saccade	n/a	224.9	171.7	n/a	223.2	165.2	0.27	79.0
623.792	0.242	fixation	n/a	232.7	164.6	1241.0	n/a	n/a	n/a	n/a
624.036	0.016	saccade	n/a	233.1	164.0	n/a	269.3	163.9	1.44	113.0
624.054	0.16	fixation	n/a	267.2	158.3	1231.0	n/a	n/a	n/a	n/a
624.216	0.022	saccade	n/a	267.3	159.4	n/a	332.1	158.1	2.6	173.0
624.24	0.248	fixation	n/a	334.8	155.8	1160.0	n/a	n/a	n/a	n/a
624.49	0.016	saccade	n/a	339.3	155.2	n/a	378.2	149.4	1.58	120.0
624.508	0.26	fixation	n/a	378.4	152.0	1076.0	n/a	n/a	n/a	n/a
624.77	0.022	saccade	n/a	383.3	153.1	n/a	452.1	145.9	2.78	164.0
624.794	0.152	fixation	n/a	457.6	146.1	1021.0	n/a	n/a	n/a	n/a
624.948	0.02	saccade	n/a	459.5	146.1	n/a	428.9	146.7	1.23	128.0
624.97	0.308	fixation	n/a	437.3	148.0	1011.0	n/a	n/a	n/a	n/a
625.28	0.012	saccade	n/a	441.1	148.1	n/a	466.6	144.2	1.04	94.0
625.294	0.184	fixation	n/a	463.5	144.9	1016.0	n/a	n/a	n/a	n/a
625.48	0.02	saccade	n/a	461.1	144.1	n/a	513.3	138.3	2.11	174.0
625.502	0.156	fixation	n/a	508.3	135.2	1023.0	n/a	n/a	n/a	n/a
625.66	0.022	saccade	n/a	506.6	135.4	n/a	575.0	135.7	2.73	228.0
625.684	0.226	fixation	n/a	568.8	132.9	1017.0	n/a	n/a	n/a	n/a
625.912	0.008	saccade	n/a	568.9	136.0	n/a	586.5	138.6	0.7	82.0
625.922	0.1	fixation	n/a	584.1	138.1	1009.0	n/a	n/a	n/a	n/a
626.024	0.066	saccade	n/a	584.3	137.8	n/a	197.4	204.4	15.53	539.0
626.092	0.102	fixation	n/a	182.8	207.3	1048.0	n/a	n/a	n/a	n/a
626.196	0.03	saccade	n/a	184.3	209.0	n/a	139.6	213.9	1.76	206.0
626.228	0.16	fixation	n/a	138.7	216.3	1056.0	n/a	n/a	n/a	n/a
626.39	0.026	saccade	n/a	137.7	218.0	n/a	229.2	202.9	3.65	238.0
626.418	0.184	fixation	n/a	224.9	204.3	1045.0	n/a	n/a	n/a	n/a
626.604	0.024	saccade	n/a	225.4	206.2	n/a	303.1	202.1	3.1	262.0
626.63	0.062	fixation	n/a	293.8	203.4	1033.0	n/a	n/a	n/a	n/a
626.694	0.144	saccade	n/a	298.9	211.4	n/a	251.8	180.1	2.27	692.0
626.734	0.042	blink	n/a	n/a	n/a	n/a	n/a	n/a	n/a	n/a
626.84	0.266	fixation	n/a	251.5	183.4	1008.0	n/a	n/a	n/a	n/a
627.108	0.026	saccade	n/a	248.0	186.5	n/a	308.7	212.1	2.64	172.0
627.136	1.154	fixation	n/a	299.2	210.2	1069.0	n/a	n/a	n/a	n/a
628.292	0.014	saccade	n/a	296.3	209.9	n/a	268.7	209.3	1.1	103.0
628.308	0.39	fixation	n/a	280.7	209.5	1178.0	n/a	n/a	n/a	n/a
628.7	0.02	saccade	n/a	284.2	208.9	n/a	232.9	206.3	2.05	185.0
628.722	0.27	fixation	n/a	242.8	203.3	1255.0	n/a	n/a	n/a	n/a
628.808	0.0	trigger_13	13	n/a	n/a	n/a	n/a	n/a	n/a	n/a
628.994	0.038	saccade	n/a	241.1	203.6	n/a	142.9	98.5	5.74	308.0
629.034	0.146	fixation	n/a	149.6	103.8	1221.0	n/a	n/a	n/a	n/a
629.182	0.02	saccade	n/a	148.0	105.6	n/a	191.5	101.8	1.72	145.0
629.204	0.194	fixation	n/a	183.3	102.9	1144.0	n/a	n/a	n/a	n/a
629.4	0.024	saccade	n/a	183.3	102.9	n/a	271.6	100.5	3.51	258.0
629.426	0.166	fixation	n/a	270.9	95.8	1091.0	n/a	n/a	n/a	n/a
629.594	0.022	saccade	n/a	271.7	93.4	n/a	331.8	95.9	2.41	216.0
629.618	0.2	fixation	n/a	327.9	95.6	1144.0	n/a	n/a	n/a	n/a
629.82	0.03	saccade	n/a	326.8	97.5	n/a	417.5	92.3	3.66	191.0
629.852	0.226	fixation	n/a	412.8	96.7	1178.0	n/a	n/a	n/a	n/a
630.08	0.022	saccade	n/a	410.3	98.8	n/a	463.9	95.4	2.16	171.0
630.104	0.084	fixation	n/a	457.0	95.7	1184.0	n/a	n/a	n/a	n/a
630.19	0.056	saccade	n/a	457.2	94.2	n/a	193.3	147.9	10.74	488.0
630.248	0.148	fixation	n/a	177.9	151.5	1204.0	n/a	n/a	n/a	n/a
630.398	0.012	saccade	n/a	180.1	155.2	n/a	158.6	154.1	0.85	90.0
630.412	0.088	fixation	n/a	167.6	156.3	1213.0	n/a	n/a	n/a	n/a
630.502	0.118	saccade	n/a	168.9	163.3	n/a	176.7	212.7	2.01	926.0
630.536	0.02	blink	n/a	n/a	n/a	n/a	n/a	n/a	n/a	n/a
630.622	0.308	fixation	n/a	176.7	211.4	1211.0	n/a	n/a	n/a	n/a
630.932	0.016	saccade	n/a	178.4	213.2	n/a	146.1	223.7	1.33	110.0
630.95	0.144	fixation	n/a	153.6	224.9	1142.0	n/a	n/a	n/a	n/a
631.096	0.014	saccade	n/a	154.3	224.2	n/a	180.0	217.8	1.04	105.0
631.112	0.246	fixation	n/a	177.3	221.2	1105.0	n/a	n/a	n/a	n/a
631.36	0.032	saccade	n/a	177.8	222.1	n/a	151.5	162.2	2.62	223.0
631.394	0.176	fixation	n/a	151.8	170.2	1055.0	n/a	n/a	n/a	n/a
631.572	0.014	saccade	n/a	152.3	171.4	n/a	176.0	160.0	1.04	90.0
631.588	0.264	fixation	n/a	168.8	159.5	1031.0	n/a	n/a	n/a	n/a
631.854	0.018	saccade	n/a	168.7	159.6	n/a	152.8	155.4	0.64	78.0
631.874	0.29	fixation	n/a	157.4	157.7	1028.0	n/a	n/a	n/a	n/a
632.166	0.012	saccade	n/a	160.3	158.2	n/a	182.9	152.7	0.92	89.0
632.18	0.212	fixation	n/a	178.2	151.7	1067.0	n/a	n/a	n/a	n/a
632.394	0.032	saccade	n/a	179.3	153.8	n/a	154.7	256.5	4.23	231.0
632.428	0.116	fixation	n/a	155.3	249.5	1084.0	n/a	n/a	n/a	n/a
632.546	0.016	saccade	n/a	154.5	251.3	n/a	146.1	282.8	1.29	120.0
632.564	0.284	fixation	n/a	147.2	279.4	1101.0	n/a	n/a	n/a	n/a
632.85	0.024	saccade	n/a	149.2	282.3	n/a	160.8	228.1	2.21	132.0
632.876	0.23	fixation	n/a	164.2	224.0	1025.0	n/a	n/a	n/a	n/a
633.108	0.014	saccade	n/a	167.8	224.9	n/a	195.0	215.6	1.13	102.0
633.124	0.282	fixation	n/a	193.5	219.9	1008.0	n/a	n/a	n/a	n/a
633.408	0.026	saccade	n/a	195.6	221.1	n/a	113.8	222.8	3.19	236.0
633.436	0.398	fixation	n/a	125.2	227.1	1059.0	n/a	n/a	n/a	n/a
633.836	0.04	saccade	n/a	123.6	231.4	n/a	158.4	371.1	5.66	199.0
633.878	0.14	fixation	n/a	160.5	364.6	1108.0	n/a	n/a	n/a	n/a
634.02	0.018	saccade	n/a	159.1	364.9	n/a	199.7	349.0	1.69	131.0
634.04	0.27	fixation	n/a	193.9	352.5	1115.0	n/a	n/a	n/a	n/a
634.312	0.008	saccade	n/a	195.9	352.8	n/a	204.4	346.6	0.41	54.0
634.322	0.108	fixation	n/a	207.3	346.0	1062.0	n/a	n/a	n/a	n/a
634.432	0.028	saccade	n/a	206.6	346.8	n/a	320.6	331.2	4.53	280.0
634.462	0.134	fixation	n/a	319.9	331.5	1027.0	n/a	n/a	n/a	n/a
634.598	0.024	saccade	n/a	321.1	333.2	n/a	406.7	329.4	3.41	207.0
634.624	0.182	fixation	n/a	422.4	327.6	991.0	n/a	n/a	n/a	n/a
634.808	0.024	saccade	n/a	421.7	329.7	n/a	502.5	321.6	3.23	210.0
634.834	0.082	fixation	n/a	508.7	319.8	971.0	n/a	n/a	n/a	n/a
634.918	0.056	saccade	n/a	510.4	321.9	n/a	253.6	192.5	11.44	498.0
634.944	0.0	trigger_15	15	n/a	n/a	n/a	n/a	n/a	n/a	n/a
634.95	0.0	trigger_10	10	n/a	n/a	n/a	n/a	n/a	n/a	n/a
634.976	0.182	fixation	n/a	239.7	183.7	959.0	n/a	n/a	n/a	n/a
635.16	0.024	saccade	n/a	239.1	181.4	n/a	158.8	110.2	4.28	368.0
635.186	0.242	fixation	n/a	172.9	84.0	894.0	n/a	n/a	n/a	n/a
635.43	0.02	saccade	n/a	178.3	83.4	n/a	138.4	82.7	1.56	146.0
635.452	0.102	fixation	n/a	148.9	87.1	917.0	n/a	n/a	n/a	n/a
635.556	0.122	saccade	n/a	156.1	94.2	n/a	155.1	90.9	0.14	1005.0
635.588	0.034	blink	n/a	n/a	n/a	n/a	n/a	n/a	n/a	n/a
635.68	0.17	fixation	n/a	158.9	98.0	984.0	n/a	n/a	n/a	n/a
635.852	0.026	saccade	n/a	159.9	101.7	n/a	266.6	105.2	4.23	287.0
635.88	0.14	fixation	n/a	261.9	103.3	1025.0	n/a	n/a	n/a	n/a
636.022	0.024	saccade	n/a	261.9	102.6	n/a	351.2	105.2	3.59	276.0
636.048	0.188	fixation	n/a	350.5	105.3	988.0	n/a	n/a	n/a	n/a
636.238	0.02	saccade	n/a	352.7	105.6	n/a	403.3	105.5	2.04	159.0
636.26	0.15	fixation	n/a	395.1	104.8	983.0	n/a	n/a	n/a	n/a
636.412	0.02	saccade	n/a	394.0	103.1	n/a	355.7	100.2	1.55	120.0
636.434	0.092	fixation	n/a	367.5	101.9	992.0	n/a	n/a	n/a	n/a
636.528	0.034	saccade	n/a	368.9	101.2	n/a	286.3	93.8	3.33	344.0
636.564	0.272	fixation	n/a	280.6	95.7	1013.0	n/a	n/a	n/a	n/a
636.838	0.026	saccade	n/a	279.7	95.1	n/a	369.8	100.3	3.62	253.0
636.866	0.264	fixation	n/a	363.0	99.3	1071.0	n/a	n/a	n/a	n/a
637.132	0.016	saccade	n/a	359.1	101.0	n/a	387.7	101.1	1.15	113.0
637.15	0.596	fixation	n/a	379.8	103.1	1045.0	n/a	n/a	n/a	n/a
637.748	0.028	saccade	n/a	380.7	106.0	n/a	472.8	99.8	3.71	196.0
637.778	0.232	fixation	n/a	473.1	97.7	1031.0	n/a	n/a	n/a	n/a
638.012	0.02	saccade	n/a	472.2	97.9	n/a	529.7	93.3	2.31	207.0
638.034	0.202	fixation	n/a	525.2	92.1	1029.0	n/a	n/a	n/a	n/a
638.238	0.076	saccade	n/a	526.6	92.8	n/a	307.3	103.6	8.8	350.0
638.316	0.17	fixation	n/a	298.8	107.5	995.0	n/a	n/a	n/a	n/a
638.488	0.046	saccade	n/a	296.9	104.0	n/a	163.9	97.7	5.28	345.0
638.536	0.278	fixation	n/a	157.1	96.6	992.0	n/a	n/a	n/a	n/a
638.816	0.016	saccade	n/a	159.6	100.6	n/a	132.0	89.4	1.17	104.0
638.834	0.658	fixation	n/a	143.4	99.1	1000.0	n/a	n/a	n/a	n/a
638.992	0.0	trigger_11	11	n/a	n/a	n/a	n/a	n/a	n/a	n/a
638.996	0.0	trigger_18	18	n/a	n/a	n/a	n/a	n/a	n/a	n/a
639.494	0.056	saccade	n/a	148.3	102.4	n/a	422.9	97.9	10.9	451.0
639.552	0.082	fixation	n/a	431.2	103.1	1048.0	n/a	n/a	n/a	n/a
639.636	0.102	saccade	n/a	432.7	113.8	n/a	436.6	95.4	0.77	980.0
639.662	0.036	blink	n/a	n/a	n/a	n/a	n/a	n/a	n/a	n/a
639.74	0.318	fixation	n/a	442.2	102.2	1106.0	n/a	n/a	n/a	n/a
640.06	0.024	saccade	n/a	440.4	100.2	n/a	501.5	92.2	2.48	176.0
640.086	0.418	fixation	n/a	491.9	92.1	1091.0	n/a	n/a	n/a	n/a
640.506	0.124	saccade	n/a	490.1	104.4	n/a	468.5	106.6	0.87	942.0
640.532	0.052	blink	n/a	n/a	n/a	n/a	n/a	n/a	n/a	n/a
640.632	0.432	fixation	n/a	464.6	103.9	1190.0	n/a	n/a	n/a	n/a
641.066	0.02	saccade	n/a	464.9	108.2	n/a	422.1	110.2	1.72	153.0
641.088	0.24	fixation	n/a	436.2	111.7	1157.0	n/a	n/a	n/a	n/a
641.33	0.016	saccade	n/a	434.8	112.1	n/a	417.7	107.8	0.71	81.0
641.348	0.182	fixation	n/a	422.9	108.1	1198.0	n/a	n/a	n/a	n/a
