onset	duration	trial_type	value	gaze_x	gaze_y	pupil_size	sacc_endx	sacc_endy	sacc_amplitude	sacc_peakvel
2.013	0.052	fixation	n/a	425.0	307.7	754.0	n/a	n/a	n/a	n/a
2.05	0.0	trigger_19	19	n/a	n/a	n/a	n/a	n/a	n/a	n/a
2.05	0.0	trigger_101	101	n/a	n/a	n/a	n/a	n/a	n/a	n/a
2.056	0.0	trigger_10	10	n/a	n/a	n/a	n/a	n/a	n/a	n/a
2.067	0.006	saccade	n/a	422.9	307.6	n/a	418.7	299.3	0.37	56.0
2.075	0.664	fixation	n/a	423.7	298.7	770.0	n/a	n/a	n/a	n/a
2.741	0.014	saccade	n/a	421.8	297.3	n/a	409.2	277.9	0.93	86.0
2.757	0.378	fixation	n/a	408.3	280.1	869.0	n/a	n/a	n/a	n/a
3.137	0.008	saccade	n/a	408.9	284.7	n/a	416.3	290.8	0.38	47.0
3.147	0.588	fixation	n/a	417.7	296.8	878.0	n/a	n/a	n/a	n/a
3.737	0.006	saccade	n/a	419.0	297.1	n/a	416.0	288.9	0.35	53.0
3.745	0.492	fixation	n/a	415.8	293.5	940.0	n/a	n/a	n/a	n/a
4.239	0.048	saccade	n/a	415.0	296.6	n/a	259.5	41.3	12.04	407.0
4.289	0.096	fixation	n/a	263.5	44.4	844.0	n/a	n/a	n/a	n/a
4.387	0.024	saccade	n/a	265.2	45.2	n/a	172.4	53.6	3.68	263.0
4.413	0.106	fixation	n/a	172.2	56.4	822.0	n/a	n/a	n/a	n/a
4.521	0.014	saccade	n/a	172.8	55.6	n/a	143.2	50.3	1.18	103.0
4.537	0.112	fixation	n/a	145.9	53.2	813.0	n/a	n/a	n/a	n/a
4.651	0.01	saccade	n/a	145.4	53.5	n/a	126.1	57.2	0.77	79.0
4.663	0.262	fixation	n/a	127.5	58.1	854.0	n/a	n/a	n/a	n/a
4.927	0.018	saccade	n/a	125.4	59.4	n/a	167.5	54.2	1.66	128.0
4.947	0.15	fixation	n/a	171.7	52.8	894.0	n/a	n/a	n/a	n/a
5.099	0.018	saccade	n/a	170.9	53.5	n/a	216.1	50.7	1.79	144.0
5.119	0.23	fixation	n/a	219.0	50.4	932.0	n/a	n/a	n/a	n/a
5.351	0.012	saccade	n/a	220.7	52.9	n/a	249.2	51.9	1.13	110.0
5.365	0.132	fixation	n/a	253.4	51.3	953.0	n/a	n/a	n/a	n/a
5.499	0.018	saccade	n/a	253.0	51.3	n/a	292.0	53.9	1.56	112.0
5.519	0.206	fixation	n/a	296.9	55.2	976.0	n/a	n/a	n/a	n/a
5.727	0.02	saccade	n/a	295.6	56.9	n/a	350.6	65.3	2.23	170.0
5.749	0.184	fixation	n/a	355.7	66.5	1014.0	n/a	n/a	n/a	n/a
5.935	0.016	saccade	n/a	353.5	67.9	n/a	395.7	73.2	1.71	148.0
5.953	0.254	fixation	n/a	402.9	76.4	1030.0	n/a	n/a	n/a	n/a
6.209	0.022	saccade	n/a	404.5	77.3	n/a	466.0	72.3	2.48	146.0
6.233	0.254	fixation	n/a	478.3	71.7	1015.0	n/a	n/a	n/a	n/a
6.489	0.014	saccade	n/a	482.0	74.0	n/a	513.1	71.3	1.25	114.0
6.505	0.236	fixation	n/a	517.1	69.4	987.0	n/a	n/a	n/a	n/a
6.743	0.012	saccade	n/a	519.9	72.3	n/a	546.3	70.3	1.06	96.0
6.757	0.22	fixation	n/a	549.2	70.7	969.0	n/a	n/a	n/a	n/a
6.979	0.07	saccade	n/a	550.2	76.7	n/a	352.1	67.7	7.93	185.0
7.051	0.382	fixation	n/a	355.8	69.1	936.0	n/a	n/a	n/a	n/a
7.16	0.0	trigger_11	11	n/a	n/a	n/a	n/a	n/a	n/a	n/a
7.164	0.0	trigger_10	10	n/a	n/a	n/a	n/a	n/a	n/a	n/a
7.435	0.024	saccade	n/a	362.9	68.0	n/a	261.1	49.9	4.15	327.0
7.461	0.214	fixation	n/a	257.9	53.8	922.0	n/a	n/a	n/a	n/a
7.677	0.022	saccade	n/a	258.8	54.6	n/a	193.5	49.1	2.6	182.0
7.701	0.29	fixation	n/a	189.8	51.6	939.0	n/a	n/a	n/a	n/a
7.993	0.024	saccade	n/a	189.9	53.3	n/a	272.8	56.7	3.29	200.0
8.019	0.158	fixation	n/a	286.2	58.1	942.0	n/a	n/a	n/a	n/a
8.179	0.06	saccade	n/a	293.6	66.2	n/a	335.8	60.7	1.71	115.0
8.241	0.328	fixation	n/a	346.0	68.4	972.0	n/a	n/a	n/a	n/a
8.571	0.038	saccade	n/a	346.9	73.0	n/a	176.3	53.3	6.83	281.0
8.611	0.202	fixation	n/a	186.1	57.9	944.0	n/a	n/a	n/a	n/a
8.815	0.018	saccade	n/a	186.7	59.8	n/a	139.7	57.9	1.84	141.0
8.835	0.212	fixation	n/a	141.0	58.4	937.0	n/a	n/a	n/a	n/a
9.049	0.008	saccade	n/a	141.8	57.7	n/a	127.8	56.7	0.55	70.0
9.059	0.362	fixation	n/a	128.4	59.6	960.0	n/a	n/a	n/a	n/a
9.423	0.02	saccade	n/a	126.7	62.3	n/a	183.0	56.1	2.22	169.0
9.445	0.18	fixation	n/a	192.4	54.6	967.0	n/a	n/a	n/a	n/a
9.627	0.018	saccade	n/a	194.3	54.9	n/a	239.2	54.4	1.78	137.0
9.647	0.142	fixation	n/a	240.7	52.1	971.0	n/a	n/a	n/a	n/a
9.791	0.016	saccade	n/a	241.1	53.5	n/a	275.1	54.3	1.36	103.0
9.809	0.16	fixation	n/a	278.0	56.2	973.0	n/a	n/a	n/a	n/a
9.848	0.0	trigger_11	11	n/a	n/a	n/a	n/a	n/a	n/a	n/a
9.852	0.0	trigger_10	10	n/a	n/a	n/a	n/a	n/a	n/a	n/a
9.971	0.02	saccade	n/a	277.8	60.5	n/a	333.9	66.3	2.26	192.0
9.993	0.4	fixation	n/a	341.3	69.5	1008.0	n/a	n/a	n/a	n/a
10.395	0.02	saccade	n/a	343.6	73.8	n/a	391.9	75.9	1.95	142.0
10.417	0.182	fixation	n/a	401.0	76.6	1028.0	n/a	n/a	n/a	n/a
10.601	0.016	saccade	n/a	403.9	78.9	n/a	448.3	75.2	1.79	148.0
10.619	0.262	fixation	n/a	452.2	74.7	1035.0	n/a	n/a	n/a	n/a
10.883	0.018	saccade	n/a	450.2	76.7	n/a	494.0	75.2	1.76	145.0
10.903	0.196	fixation	n/a	499.7	74.4	1044.0	n/a	n/a	n/a	n/a
11.101	0.042	saccade	n/a	500.2	74.9	n/a	307.4	69.5	7.75	346.0
11.145	0.208	fixation	n/a	313.1	70.1	1005.0	n/a	n/a	n/a	n/a
11.355	0.018	saccade	n/a	310.1	68.8	n/a	263.3	57.8	1.92	159.0
11.375	0.2	fixation	n/a	267.7	60.3	994.0	n/a	n/a	n/a	n/a
11.577	0.022	saccade	n/a	268.8	62.3	n/a	201.5	54.1	2.7	212.0
11.601	0.19	fixation	n/a	199.2	52.7	1003.0	n/a	n/a	n/a	n/a
11.793	0.018	saccade	n/a	197.6	53.1	n/a	151.0	58.8	1.85	147.0
11.813	0.272	fixation	n/a	149.1	63.8	1018.0	n/a	n/a	n/a	n/a
12.087	0.008	saccade	n/a	146.7	67.9	n/a	135.7	64.0	0.46	54.0
12.097	0.144	fixation	n/a	136.4	65.9	1003.0	n/a	n/a	n/a	n/a
12.243	0.02	saccade	n/a	135.0	65.5	n/a	186.4	61.0	2.02	152.0
12.265	0.136	fixation	n/a	193.8	58.1	981.0	n/a	n/a	n/a	n/a
12.403	0.022	saccade	n/a	195.5	58.3	n/a	257.8	55.3	2.48	180.0
12.427	0.338	fixation	n/a	258.6	55.1	976.0	n/a	n/a	n/a	n/a
12.767	0.014	saccade	n/a	255.2	59.5	n/a	234.8	56.1	0.82	63.0
12.783	0.162	fixation	n/a	231.2	58.3	983.0	n/a	n/a	n/a	n/a
12.947	0.422	saccade	n/a	236.3	59.9	n/a	337.9	76.2	4.11	734.0
12.985	0.06	blink	n/a	n/a	n/a	n/a	n/a	n/a	n/a	n/a
13.371	0.178	fixation	n/a	338.4	80.7	1099.0	n/a	n/a	n/a	n/a
13.551	0.018	saccade	n/a	337.2	81.0	n/a	379.2	82.8	1.69	120.0
13.571	0.248	fixation	n/a	385.7	81.7	1058.0	n/a	n/a	n/a	n/a
13.821	0.02	saccade	n/a	383.6	79.2	n/a	437.4	75.7	2.17	162.0
13.843	0.294	fixation	n/a	439.6	75.2	944.0	n/a	n/a	n/a	n/a
14.139	0.018	saccade	n/a	439.0	76.9	n/a	485.4	74.0	1.87	142.0
14.159	0.274	fixation	n/a	487.7	74.5	944.0	n/a	n/a	n/a	n/a
14.435	0.02	saccade	n/a	487.2	75.7	n/a	542.1	78.1	2.2	150.0
14.457	0.22	fixation	n/a	547.1	75.0	946.0	n/a	n/a	n/a	n/a
14.679	0.016	saccade	n/a	548.4	73.4	n/a	512.5	68.4	1.45	133.0
14.697	0.184	fixation	n/a	512.8	71.1	958.0	n/a	n/a	n/a	n/a
14.883	0.022	saccade	n/a	511.3	72.1	n/a	445.7	71.5	2.63	192.0
14.907	0.224	fixation	n/a	446.2	75.3	993.0	n/a	n/a	n/a	n/a
14.912	0.0	trigger_11	11	n/a	n/a	n/a	n/a	n/a	n/a	n/a
14.922	0.0	trigger_10	10	n/a	n/a	n/a	n/a	n/a	n/a	n/a
15.133	0.028	saccade	n/a	445.4	77.8	n/a	539.2	71.6	3.77	191.0
15.163	0.234	fixation	n/a	536.1	70.1	1029.0	n/a	n/a	n/a	n/a
15.399	0.056	saccade	n/a	537.2	71.1	n/a	111.4	122.7	16.86	459.0
15.457	0.402	fixation	n/a	128.6	122.3	991.0	n/a	n/a	n/a	n/a
15.861	0.022	saccade	n/a	133.0	118.2	n/a	131.7	65.2	2.13	139.0
15.885	0.442	fixation	n/a	136.2	57.9	955.0	n/a	n/a	n/a	n/a
16.329	0.014	saccade	n/a	136.3	63.1	n/a	166.1	56.7	1.19	112.0
16.345	0.274	fixation	n/a	164.0	62.8	1042.0	n/a	n/a	n/a	n/a
16.621	0.022	saccade	n/a	163.4	68.9	n/a	120.4	109.0	2.33	168.0
16.645	0.19	fixation	n/a	124.2	114.7	1045.0	n/a	n/a	n/a	n/a
16.837	0.018	saccade	n/a	125.6	114.4	n/a	122.2	72.1	1.7	142.0
16.857	0.324	fixation	n/a	131.8	68.5	1023.0	n/a	n/a	n/a	n/a
17.183	0.016	saccade	n/a	129.8	70.3	n/a	171.0	59.9	1.66	147.0
17.201	0.15	fixation	n/a	173.6	58.6	997.0	n/a	n/a	n/a	n/a
17.353	0.02	saccade	n/a	172.0	58.2	n/a	229.4	54.0	2.27	176.0
17.375	0.204	fixation	n/a	234.4	54.9	980.0	n/a	n/a	n/a	n/a
17.581	0.016	saccade	n/a	236.5	55.8	n/a	273.3	58.4	1.47	121.0
17.599	0.176	fixation	n/a	278.9	58.7	973.0	n/a	n/a	n/a	n/a
17.777	0.022	saccade	n/a	280.0	62.3	n/a	337.1	70.1	2.31	160.0
17.801	0.202	fixation	n/a	340.3	69.1	998.0	n/a	n/a	n/a	n/a
18.005	0.018	saccade	n/a	340.3	70.6	n/a	390.2	77.1	2.03	149.0
18.025	0.362	fixation	n/a	398.4	79.7	1009.0	n/a	n/a	n/a	n/a
18.389	0.018	saccade	n/a	397.9	83.7	n/a	440.1	81.9	1.7	138.0
18.409	0.254	fixation	n/a	447.3	78.8	997.0	n/a	n/a	n/a	n/a
18.665	0.016	saccade	n/a	447.2	77.4	n/a	483.8	76.4	1.47	117.0
18.683	0.244	fixation	n/a	486.9	74.1	988.0	n/a	n/a	n/a	n/a
18.929	0.01	saccade	n/a	487.9	72.8	n/a	507.3	72.0	0.78	83.0
18.941	0.116	fixation	n/a	508.8	74.7	1014.0	n/a	n/a	n/a	n/a
19.059	0.018	saccade	n/a	508.8	76.2	n/a	556.4	69.0	1.92	145.0
19.079	0.276	fixation	n/a	558.9	68.8	1022.0	n/a	n/a	n/a	n/a
19.357	0.014	saccade	n/a	556.8	70.6	n/a	585.7	67.2	1.16	105.0
19.373	0.124	fixation	n/a	588.1	66.4	1024.0	n/a	n/a	n/a	n/a
19.499	0.012	saccade	n/a	588.3	65.7	n/a	615.0	66.9	1.05	99.0
19.513	0.122	fixation	n/a	612.5	65.0	1000.0	n/a	n/a	n/a	n/a
19.637	0.058	saccade	n/a	612.1	62.0	n/a	148.4	105.4	18.27	491.0
19.697	0.132	fixation	n/a	159.4	108.6	994.0	n/a	n/a	n/a	n/a
19.831	0.016	saccade	n/a	160.6	109.7	n/a	123.7	115.9	1.46	130.0
19.849	0.154	fixation	n/a	130.4	116.7	986.0	n/a	n/a	n/a	n/a
20.005	0.018	saccade	n/a	129.7	118.0	n/a	171.0	109.0	1.65	136.0
20.025	0.178	fixation	n/a	170.7	108.9	958.0	n/a	n/a	n/a	n/a
20.205	0.018	saccade	n/a	170.5	108.1	n/a	216.3	108.4	1.81	140.0
20.225	0.196	fixation	n/a	215.9	106.7	942.0	n/a	n/a	n/a	n/a
20.423	0.022	saccade	n/a	216.2	108.2	n/a	276.8	114.4	2.43	194.0
20.447	0.124	fixation	n/a	278.3	114.9	971.0	n/a	n/a	n/a	n/a
20.573	0.024	saccade	n/a	277.4	116.2	n/a	350.7	122.8	2.96	202.0
20.599	0.17	fixation	n/a	357.6	122.5	984.0	n/a	n/a	n/a	n/a
20.771	0.018	saccade	n/a	359.5	125.6	n/a	409.1	127.5	2.0	152.0
20.791	0.132	fixation	n/a	415.5	127.4	978.0	n/a	n/a	n/a	n/a
20.925	0.02	saccade	n/a	416.1	128.3	n/a	472.5	126.3	2.27	177.0
20.947	0.134	fixation	n/a	478.1	124.6	979.0	n/a	n/a	n/a	n/a
21.083	0.018	saccade	n/a	477.0	123.4	n/a	518.1	122.1	1.65	133.0
21.103	0.168	fixation	n/a	518.1	119.3	979.0	n/a	n/a	n/a	n/a
21.273	0.016	saccade	n/a	518.8	121.0	n/a	556.6	120.7	1.51	127.0
21.291	0.072	fixation	n/a	557.7	119.6	980.0	n/a	n/a	n/a	n/a
21.365	0.064	saccade	n/a	559.8	120.4	n/a	166.0	169.8	15.69	511.0
21.431	0.14	fixation	n/a	158.8	169.0	965.0	n/a	n/a	n/a	n/a
21.573	0.016	saccade	n/a	159.3	168.8	n/a	123.8	169.1	1.38	120.0
21.591	0.19	fixation	n/a	126.0	170.0	972.0	n/a	n/a	n/a	n/a
21.783	0.028	saccade	n/a	123.7	171.9	n/a	227.8	179.2	4.09	254.0
21.813	0.274	fixation	n/a	226.6	179.2	955.0	n/a	n/a	n/a	n/a
22.089	0.022	saccade	n/a	225.8	180.3	n/a	282.3	186.1	2.26	167.0
22.113	0.208	fixation	n/a	283.9	184.7	964.0	n/a	n/a	n/a	n/a
22.323	0.018	saccade	n/a	284.0	186.2	n/a	333.6	186.9	1.99	168.0
22.343	0.292	fixation	n/a	337.1	190.0	976.0	n/a	n/a	n/a	n/a
22.637	0.022	saccade	n/a	337.6	196.0	n/a	380.0	196.7	1.7	87.0
22.661	0.2	fixation	n/a	396.5	193.5	951.0	n/a	n/a	n/a	n/a
22.794	0.0	trigger_11	11	n/a	n/a	n/a	n/a	n/a	n/a	n/a
22.802	0.0	trigger_10	10	n/a	n/a	n/a	n/a	n/a	n/a	n/a
22.863	0.028	saccade	n/a	397.2	192.6	n/a	274.0	185.8	4.95	267.0
22.893	0.308	fixation	n/a	269.6	184.8	912.0	n/a	n/a	n/a	n/a
23.203	0.018	saccade	n/a	268.8	185.6	n/a	308.2	184.9	1.57	132.0
23.223	0.21	fixation	n/a	307.8	185.9	926.0	n/a	n/a	n/a	n/a
23.435	0.018	saccade	n/a	309.5	187.8	n/a	354.2	192.3	1.8	144.0
23.455	0.55	fixation	n/a	362.8	190.2	945.0	n/a	n/a	n/a	n/a
24.007	0.02	saccade	n/a	367.8	191.8	n/a	420.2	191.9	2.1	156.0
24.029	0.204	fixation	n/a	425.9	191.4	921.0	n/a	n/a	n/a	n/a
24.235	0.046	saccade	n/a	427.8	192.4	n/a	216.9	103.4	9.16	330.0
24.283	0.138	fixation	n/a	226.8	106.0	891.0	n/a	n/a	n/a	n/a
24.423	0.022	saccade	n/a	228.3	105.0	n/a	159.8	71.1	3.03	238.0
24.447	0.17	fixation	n/a	155.7	69.8	883.0	n/a	n/a	n/a	n/a
24.619	0.006	saccade	n/a	153.0	69.5	n/a	147.8	63.3	0.32	49.0
24.627	0.428	fixation	n/a	150.5	64.2	907.0	n/a	n/a	n/a	n/a
25.057	0.006	saccade	n/a	152.3	63.1	n/a	159.9	60.7	0.31	49.0
25.065	0.178	fixation	n/a	164.2	61.4	933.0	n/a	n/a	n/a	n/a
25.245	0.014	saccade	n/a	164.3	61.5	n/a	197.7	59.5	1.32	124.0
25.261	0.066	fixation	n/a	199.8	58.7	936.0	n/a	n/a	n/a	n/a
25.329	0.026	saccade	n/a	200.3	59.8	n/a	113.3	65.1	3.41	222.0
25.357	0.262	fixation	n/a	119.8	69.4	943.0	n/a	n/a	n/a	n/a
25.621	0.018	saccade	n/a	120.2	73.9	n/a	160.1	66.5	1.58	129.0
25.641	0.18	fixation	n/a	161.3	65.5	955.0	n/a	n/a	n/a	n/a
25.823	0.024	saccade	n/a	158.4	66.3	n/a	254.4	63.1	3.8	238.0
25.849	0.198	fixation	n/a	270.1	61.0	963.0	n/a	n/a	n/a	n/a
26.049	0.022	saccade	n/a	269.6	61.2	n/a	349.4	71.4	3.23	223.0
26.073	0.084	fixation	n/a	356.3	72.4	996.0	n/a	n/a	n/a	n/a
26.159	0.02	saccade	n/a	354.5	72.1	n/a	411.8	76.8	2.32	182.0
26.181	0.254	fixation	n/a	412.4	75.7	965.0	n/a	n/a	n/a	n/a
26.437	0.014	saccade	n/a	413.4	75.8	n/a	442.9	73.7	1.19	112.0
26.453	0.226	fixation	n/a	441.7	72.4	935.0	n/a	n/a	n/a	n/a
26.681	0.018	saccade	n/a	442.8	72.6	n/a	492.1	71.3	1.98	148.0
26.701	0.184	fixation	n/a	502.2	69.3	940.0	n/a	n/a	n/a	n/a
26.887	0.016	saccade	n/a	502.4	71.3	n/a	536.8	72.9	1.37	107.0
26.905	0.18	fixation	n/a	538.9	75.2	964.0	n/a	n/a	n/a	n/a
27.087	0.052	saccade	n/a	540.2	75.2	n/a	173.8	107.1	14.57	443.0
27.141	0.106	fixation	n/a	186.4	110.3	955.0	n/a	n/a	n/a	n/a
27.249	0.02	saccade	n/a	188.2	111.1	n/a	133.6	119.6	2.16	172.0
27.271	0.156	fixation	n/a	135.8	122.7	960.0	n/a	n/a	n/a	n/a
27.429	0.158	saccade	n/a	139.9	127.8	n/a	165.3	114.8	1.12	621.0
27.491	0.026	blink	n/a	n/a	n/a	n/a	n/a	n/a	n/a	n/a
27.589	0.274	fixation	n/a	164.9	121.9	946.0	n/a	n/a	n/a	n/a
27.865	0.018	saccade	n/a	164.8	123.1	n/a	213.0	120.8	1.9	155.0
27.885	0.226	fixation	n/a	213.9	120.0	921.0	n/a	n/a	n/a	n/a
28.113	0.026	saccade	n/a	213.0	118.1	n/a	279.3	124.5	2.65	157.0
28.141	0.18	fixation	n/a	293.1	126.7	941.0	n/a	n/a	n/a	n/a
28.323	0.018	saccade	n/a	291.0	128.2	n/a	242.0	122.6	1.97	168.0
28.343	0.248	fixation	n/a	244.7	122.4	945.0	n/a	n/a	n/a	n/a
28.593	0.014	saccade	n/a	244.1	125.7	n/a	216.4	116.3	1.17	107.0
28.609	0.068	fixation	n/a	220.6	117.3	927.0	n/a	n/a	n/a	n/a
28.679	0.02	saccade	n/a	221.2	117.2	n/a	173.4	117.0	1.89	172.0
28.701	0.308	fixation	n/a	183.7	117.9	925.0	n/a	n/a	n/a	n/a
29.011	0.016	saccade	n/a	185.2	119.0	n/a	224.8	118.7	1.57	133.0
29.029	0.166	fixation	n/a	231.2	120.5	950.0	n/a	n/a	n/a	n/a
29.197	0.022	saccade	n/a	231.4	121.2	n/a	296.5	130.0	2.62	190.0
29.221	0.156	fixation	n/a	307.6	127.2	951.0	n/a	n/a	n/a	n/a
29.379	0.022	saccade	n/a	308.6	128.5	n/a	376.1	134.3	2.73	182.0
29.403	0.204	fixation	n/a	377.3	132.5	953.0	n/a	n/a	n/a	n/a
29.609	0.018	saccade	n/a	375.6	133.9	n/a	420.0	132.9	1.79	140.0
29.629	0.386	fixation	n/a	423.1	133.2	935.0	n/a	n/a	n/a	n/a
30.017	0.02	saccade	n/a	423.3	134.4	n/a	466.0	132.2	1.72	125.0
30.039	0.388	fixation	n/a	472.7	130.6	917.0	n/a	n/a	n/a	n/a
30.429	0.008	saccade	n/a	473.9	131.9	n/a	462.1	133.4	0.48	58.0
30.439	0.17	fixation	n/a	461.6	131.8	905.0	n/a	n/a	n/a	n/a
30.611	0.022	saccade	n/a	462.5	133.6	n/a	531.1	131.7	2.75	182.0
30.635	0.234	fixation	n/a	543.7	127.0	897.0	n/a	n/a	n/a	n/a
30.871	0.018	saccade	n/a	543.6	126.1	n/a	591.5	124.6	1.9	139.0
30.891	0.18	fixation	n/a	597.9	126.5	905.0	n/a	n/a	n/a	n/a
31.073	0.012	saccade	n/a	596.9	127.4	n/a	619.1	127.3	0.88	82.0
31.087	0.13	fixation	n/a	622.8	130.4	909.0	n/a	n/a	n/a	n/a
31.219	0.062	saccade	n/a	622.9	130.1	n/a	146.7	171.8	18.75	494.0
31.283	0.274	fixation	n/a	153.1	173.1	920.0	n/a	n/a	n/a	n/a
31.554	0.0	trigger_11	11	n/a	n/a	n/a	n/a	n/a	n/a	n/a
31.559	0.012	saccade	n/a	150.9	174.2	n/a	127.2	175.3	0.93	88.0
31.56	0.0	trigger_10	10	n/a	n/a	n/a	n/a	n/a	n/a	n/a
31.573	0.178	fixation	n/a	128.9	177.8	907.0	n/a	n/a	n/a	n/a
31.753	0.026	saccade	n/a	129.3	179.1	n/a	246.5	187.6	4.63	311.0
31.781	0.226	fixation	n/a	263.9	187.6	902.0	n/a	n/a	n/a	n/a
32.009	0.022	saccade	n/a	264.8	187.8	n/a	336.2	191.7	2.86	208.0
32.033	0.41	fixation	n/a	339.2	189.9	908.0	n/a	n/a	n/a	n/a
32.445	0.016	saccade	n/a	338.6	188.4	n/a	379.7	189.4	1.65	135.0
32.463	0.182	fixation	n/a	385.7	190.2	887.0	n/a	n/a	n/a	n/a
32.647	0.02	saccade	n/a	385.3	191.0	n/a	436.3	191.2	2.05	145.0
32.669	0.162	fixation	n/a	439.8	188.6	898.0	n/a	n/a	n/a	n/a
32.833	0.022	saccade	n/a	440.5	191.3	n/a	507.1	185.7	2.68	186.0
32.857	0.14	fixation	n/a	518.4	186.2	904.0	n/a	n/a	n/a	n/a
32.999	0.148	saccade	n/a	513.6	191.4	n/a	386.2	181.0	5.12	587.0
33.041	0.04	blink	n/a	n/a	n/a	n/a	n/a	n/a	n/a	n/a
33.149	0.112	fixation	n/a	386.8	184.0	893.0	n/a	n/a	n/a	n/a
33.263	0.042	saccade	n/a	387.5	183.8	n/a	221.9	111.7	7.23	286.0
33.307	0.17	fixation	n/a	229.2	115.2	853.0	n/a	n/a	n/a	n/a
33.479	0.022	saccade	n/a	231.9	116.5	n/a	171.4	73.1	2.96	224.0
33.503	0.26	fixation	n/a	173.6	65.0	829.0	n/a	n/a	n/a	n/a
33.765	0.018	saccade	n/a	175.0	67.4	n/a	139.4	63.6	1.4	122.0
33.785	0.222	fixation	n/a	144.0	63.3	854.0	n/a	n/a	n/a	n/a
34.009	0.02	saccade	n/a	141.8	63.9	n/a	199.1	60.5	2.26	167.0
34.031	0.208	fixation	n/a	210.6	56.9	877.0	n/a	n/a	n/a	n/a
34.241	0.022	saccade	n/a	211.1	59.5	n/a	271.2	58.6	2.39	170.0
34.265	0.128	fixation	n/a	276.0	55.5	890.0	n/a	n/a	n/a	n/a
34.395	0.024	saccade	n/a	275.1	57.0	n/a	353.8	69.7	3.2	209.0
34.421	0.324	fixation	n/a	355.7	73.2	942.0	n/a	n/a	n/a	n/a
34.747	0.016	saccade	n/a	356.3	78.2	n/a	390.3	77.5	1.37	111.0
34.765	0.182	fixation	n/a	392.8	75.8	941.0	n/a	n/a	n/a	n/a
34.949	0.02	saccade	n/a	392.0	76.1	n/a	448.0	77.5	2.25	170.0
34.971	0.3	fixation	n/a	446.8	75.8	945.0	n/a	n/a	n/a	n/a
35.273	0.018	saccade	n/a	444.8	76.4	n/a	498.1	74.3	2.15	177.0
35.293	0.178	fixation	n/a	506.9	73.3	936.0	n/a	n/a	n/a	n/a
35.473	0.012	saccade	n/a	507.6	73.7	n/a	532.1	70.7	0.99	90.0
35.487	0.388	fixation	n/a	534.7	72.3	916.0	n/a	n/a	n/a	n/a
35.877	0.008	saccade	n/a	533.4	70.6	n/a	519.3	70.8	0.56	68.0
35.887	0.104	fixation	n/a	522.1	70.8	922.0	n/a	n/a	n/a	n/a
35.993	0.052	saccade	n/a	523.8	71.9	n/a	150.7	112.0	14.84	458.0
36.047	0.128	fixation	n/a	159.9	115.2	927.0	n/a	n/a	n/a	n/a
36.177	0.016	saccade	n/a	161.2	116.3	n/a	126.7	117.9	1.35	120.0
36.195	0.242	fixation	n/a	132.0	118.7	916.0	n/a	n/a	n/a	n/a
36.439	0.014	saccade	n/a	133.1	120.2	n/a	165.1	113.3	1.28	120.0
36.455	0.212	fixation	n/a	168.0	112.5	891.0	n/a	n/a	n/a	n/a
36.669	0.02	saccade	n/a	166.4	113.9	n/a	221.1	111.3	2.16	168.0
36.691	0.196	fixation	n/a	224.7	111.4	890.0	n/a	n/a	n/a	n/a
36.889	0.02	saccade	n/a	224.3	112.0	n/a	282.6	122.7	2.36	199.0
36.911	0.176	fixation	n/a	283.4	122.5	924.0	n/a	n/a	n/a	n/a
37.089	0.022	saccade	n/a	281.2	121.4	n/a	347.6	127.1	2.67	179.0
37.113	0.124	fixation	n/a	353.6	127.4	931.0	n/a	n/a	n/a	n/a
37.239	0.02	saccade	n/a	353.4	126.7	n/a	404.7	131.7	2.08	146.0
37.261	0.262	fixation	n/a	413.1	130.2	912.0	n/a	n/a	n/a	n/a
37.525	0.02	saccade	n/a	414.6	131.5	n/a	460.4	126.7	1.85	139.0
37.547	0.168	fixation	n/a	465.2	128.4	923.0	n/a	n/a	n/a	n/a
37.717	0.022	saccade	n/a	466.2	130.2	n/a	402.7	132.9	2.56	191.0
37.741	0.134	fixation	n/a	404.6	133.9	922.0	n/a	n/a	n/a	n/a
37.877	0.016	saccade	n/a	404.0	132.0	n/a	366.7	127.9	1.51	129.0
37.895	0.296	fixation	n/a	368.7	132.3	922.0	n/a	n/a	n/a	n/a
38.193	0.018	saccade	n/a	368.0	131.8	n/a	422.0	135.2	2.18	169.0
38.213	0.396	fixation	n/a	420.4	133.0	930.0	n/a	n/a	n/a	n/a
38.611	0.022	saccade	n/a	419.3	136.0	n/a	479.3	129.6	2.43	171.0
38.635	0.214	fixation	n/a	479.9	127.1	937.0	n/a	n/a	n/a	n/a
38.851	0.016	saccade	n/a	479.7	129.8	n/a	517.8	126.8	1.53	132.0
38.869	0.156	fixation	n/a	520.4	126.6	938.0	n/a	n/a	n/a	n/a
39.027	0.018	saccade	n/a	521.4	129.1	n/a	572.0	125.5	2.02	145.0
39.047	0.186	fixation	n/a	582.7	127.9	912.0	n/a	n/a	n/a	n/a
39.235	0.014	saccade	n/a	582.6	126.9	n/a	613.7	127.3	1.23	107.0
39.251	0.152	fixation	n/a	614.4	127.3	884.0	n/a	n/a	n/a	n/a
39.405	0.062	saccade	n/a	615.6	126.5	n/a	119.7	169.9	19.45	496.0
39.469	0.274	fixation	n/a	131.5	172.5	870.0	n/a	n/a	n/a	n/a
39.745	0.01	saccade	n/a	131.4	172.3	n/a	116.3	166.2	0.64	64.0
39.757	0.204	fixation	n/a	120.1	166.0	872.0	n/a	n/a	n/a	n/a
39.963	0.026	saccade	n/a	120.3	167.5	n/a	129.3	82.8	3.41	220.0
39.991	0.218	fixation	n/a	137.6	65.6	847.0	n/a	n/a	n/a	n/a
39.994	0.0	trigger_11	11	n/a	n/a	n/a	n/a	n/a	n/a	n/a
40.002	0.0	trigger_10	10	n/a	n/a	n/a	n/a	n/a	n/a	n/a
40.211	0.018	saccade	n/a	137.2	66.7	n/a	176.8	55.7	1.61	133.0
40.231	0.2	fixation	n/a	178.9	56.2	862.0	n/a	n/a	n/a	n/a
40.433	0.016	saccade	n/a	177.0	59.5	n/a	142.8	59.8	1.34	114.0
40.451	0.204	fixation	n/a	150.0	61.9	879.0	n/a	n/a	n/a	n/a
40.657	0.028	saccade	n/a	149.4	63.4	n/a	259.1	58.0	4.33	280.0
40.687	0.198	fixation	n/a	262.4	56.5	898.0	n/a	n/a	n/a	n/a
40.887	0.026	saccade	n/a	263.3	58.2	n/a	179.8	56.1	3.31	225.0
40.915	0.046	fixation	n/a	180.5	59.1	925.0	n/a	n/a	n/a	n/a
40.963	0.024	saccade	n/a	179.3	60.9	n/a	115.3	67.2	2.51	188.0
40.989	0.3	fixation	n/a	127.4	68.4	909.0	n/a	n/a	n/a	n/a
41.291	0.022	saccade	n/a	127.4	70.1	n/a	199.3	58.6	2.86	206.0
41.315	0.082	fixation	n/a	200.7	58.3	908.0	n/a	n/a	n/a	n/a
41.399	0.022	saccade	n/a	201.9	59.7	n/a	269.2	60.1	2.68	192.0
41.423	0.236	fixation	n/a	267.3	59.9	888.0	n/a	n/a	n/a	n/a
41.661	0.026	saccade	n/a	266.2	60.4	n/a	373.0	75.1	4.33	275.0
41.689	0.134	fixation	n/a	376.8	75.2	897.0	n/a	n/a	n/a	n/a
41.825	0.042	saccade	n/a	377.8	73.4	n/a	159.5	70.7	8.68	395.0
41.869	0.306	fixation	n/a	167.9	71.9	910.0	n/a	n/a	n/a	n/a
42.177	0.016	saccade	n/a	167.4	71.1	n/a	131.8	64.2	1.42	123.0
42.195	0.28	fixation	n/a	136.8	67.1	911.0	n/a	n/a	n/a	n/a
42.477	0.018	saccade	n/a	136.4	69.4	n/a	173.4	60.9	1.49	124.0
42.497	0.174	fixation	n/a	175.7	61.8	912.0	n/a	n/a	n/a	n/a
42.673	0.02	saccade	n/a	176.8	63.7	n/a	123.4	65.5	2.09	148.0
42.695	0.108	fixation	n/a	128.3	67.2	922.0	n/a	n/a	n/a	n/a
42.805	0.022	saccade	n/a	128.0	67.7	n/a	199.0	59.4	2.8	216.0
42.829	0.266	fixation	n/a	196.6	59.4	953.0	n/a	n/a	n/a	n/a
43.097	0.022	saccade	n/a	196.0	60.0	n/a	256.2	59.0	2.39	168.0
43.121	0.174	fixation	n/a	261.0	59.5	963.0	n/a	n/a	n/a	n/a
43.297	0.008	saccade	n/a	277.5	60.5	n/a	291.9	64.4	0.6	76.0
43.307	0.212	fixation	n/a	302.8	67.0	965.0	n/a	n/a	n/a	n/a
43.521	0.02	saccade	n/a	302.9	68.4	n/a	241.1	59.1	2.5	187.0
43.543	0.224	fixation	n/a	234.2	60.2	942.0	n/a	n/a	n/a	n/a
43.769	0.028	saccade	n/a	235.4	60.2	n/a	112.1	64.7	4.84	301.0
43.799	0.272	fixation	n/a	120.8	71.3	955.0	n/a	n/a	n/a	n/a
44.073	0.01	saccade	n/a	121.2	71.2	n/a	142.2	65.7	0.85	89.0
44.085	0.258	fixation	n/a	142.7	65.2	934.0	n/a	n/a	n/a	n/a
44.345	0.018	saccade	n/a	142.2	66.4	n/a	181.7	64.1	1.55	138.0
44.365	0.104	fixation	n/a	181.3	63.4	931.0	n/a	n/a	n/a	n/a
44.471	0.018	saccade	n/a	181.3	63.5	n/a	226.8	61.4	1.8	150.0
44.491	0.188	fixation	n/a	225.4	59.6	939.0	n/a	n/a	n/a	n/a
44.681	0.02	saccade	n/a	225.8	60.2	n/a	276.1	62.2	2.01	150.0
44.703	0.24	fixation	n/a	278.2	62.3	979.0	n/a	n/a	n/a	n/a
44.945	0.03	saccade	n/a	278.0	63.7	n/a	396.6	82.2	4.82	288.0
44.977	0.358	fixation	n/a	401.0	80.0	993.0	n/a	n/a	n/a	n/a
45.337	0.01	saccade	n/a	399.0	80.3	n/a	381.2	77.3	0.73	78.0
45.349	0.146	fixation	n/a	381.9	77.9	956.0	n/a	n/a	n/a	n/a
45.497	0.022	saccade	n/a	381.2	78.6	n/a	460.9	78.7	3.21	220.0
45.521	0.178	fixation	n/a	478.3	76.5	941.0	n/a	n/a	n/a	n/a
45.701	0.018	saccade	n/a	478.8	76.9	n/a	521.4	77.3	1.71	142.0
45.721	0.196	fixation	n/a	523.6	77.8	954.0	n/a	n/a	n/a	n/a
45.919	0.054	saccade	n/a	524.3	76.7	n/a	151.6	114.7	14.81	435.0
45.975	0.14	fixation	n/a	161.5	115.5	912.0	n/a	n/a	n/a	n/a
46.068	0.0	trigger_11	11	n/a	n/a	n/a	n/a	n/a	n/a	n/a
46.074	0.0	trigger_10	10	n/a	n/a	n/a	n/a	n/a	n/a	n/a
46.117	0.016	saccade	n/a	164.0	115.9	n/a	133.9	119.5	1.18	107.0
46.135	0.152	fixation	n/a	140.6	120.6	903.0	n/a	n/a	n/a	n/a
46.289	0.026	saccade	n/a	141.3	122.1	n/a	218.9	117.6	3.06	196.0
46.317	0.37	fixation	n/a	221.1	114.8	911.0	n/a	n/a	n/a	n/a
46.689	0.018	saccade	n/a	221.8	116.1	n/a	271.9	119.9	2.0	172.0
46.709	0.202	fixation	n/a	274.0	120.2	936.0	n/a	n/a	n/a	n/a
46.913	0.02	saccade	n/a	274.1	121.4	n/a	324.0	127.4	2.01	147.0
46.935	0.132	fixation	n/a	323.6	125.3	957.0	n/a	n/a	n/a	n/a
47.069	0.02	saccade	n/a	323.0	125.3	n/a	385.9	131.7	2.54	183.0
47.091	0.146	fixation	n/a	389.7	131.5	971.0	n/a	n/a	n/a	n/a
47.239	0.018	saccade	n/a	390.3	133.1	n/a	436.9	131.2	1.88	157.0
47.259	0.562	fixation	n/a	472.3	130.5	939.0	n/a	n/a	n/a	n/a
47.823	0.05	saccade	n/a	503.8	132.3	n/a	200.2	58.3	12.44	427.0
47.875	0.114	fixation	n/a	211.1	60.7	879.0	n/a	n/a	n/a	n/a
47.991	0.022	saccade	n/a	213.5	61.2	n/a	146.3	52.8	2.66	216.0
48.015	0.254	fixation	n/a	152.5	57.4	879.0	n/a	n/a	n/a	n/a
48.271	0.016	saccade	n/a	153.1	58.7	n/a	122.3	55.5	1.21	109.0
48.289	0.162	fixation	n/a	129.9	57.9	919.0	n/a	n/a	n/a	n/a
48.453	0.02	saccade	n/a	127.5	58.8	n/a	183.9	53.6	2.22	184.0
48.475	0.224	fixation	n/a	182.0	53.8	920.0	n/a	n/a	n/a	n/a
48.701	0.02	saccade	n/a	180.3	55.2	n/a	242.5	54.6	2.46	186.0
48.723	0.222	fixation	n/a	255.8	54.8	908.0	n/a	n/a	n/a	n/a
48.947	0.018	saccade	n/a	255.7	55.6	n/a	296.8	56.5	1.64	137.0
48.967	0.17	fixation	n/a	295.3	58.0	939.0	n/a	n/a	n/a	n/a
49.139	0.022	saccade	n/a	294.8	59.8	n/a	363.3	67.5	2.77	196.0
49.163	0.222	fixation	n/a	380.0	72.6	965.0	n/a	n/a	n/a	n/a
49.387	0.022	saccade	n/a	380.6	75.3	n/a	449.5	72.7	2.77	186.0
49.411	0.212	fixation	n/a	460.9	73.5	987.0	n/a	n/a	n/a	n/a
49.625	0.02	saccade	n/a	461.6	74.8	n/a	407.0	76.1	2.2	185.0
49.647	0.194	fixation	n/a	407.9	77.3	987.0	n/a	n/a	n/a	n/a
49.843	0.026	saccade	n/a	407.9	79.4	n/a	502.1	73.0	3.79	221.0
49.871	0.174	fixation	n/a	508.6	71.3	994.0	n/a	n/a	n/a	n/a
50.047	0.018	saccade	n/a	508.7	71.0	n/a	553.4	67.3	1.79	152.0
50.067	0.204	fixation	n/a	555.2	69.7	1017.0	n/a	n/a	n/a	n/a
50.273	0.056	saccade	n/a	555.0	70.0	n/a	141.4	119.4	16.44	464.0
50.331	0.134	fixation	n/a	155.6	121.0	1006.0	n/a	n/a	n/a	n/a
50.467	0.016	saccade	n/a	156.5	122.1	n/a	122.7	123.0	1.32	122.0
50.485	0.176	fixation	n/a	129.5	123.7	986.0	n/a	n/a	n/a	n/a
50.663	0.018	saccade	n/a	129.8	125.5	n/a	171.7	114.3	1.7	140.0
50.683	0.19	fixation	n/a	174.5	113.5	955.0	n/a	n/a	n/a	n/a
50.875	0.018	saccade	n/a	174.2	113.9	n/a	229.8	117.5	2.2	187.0
50.895	0.328	fixation	n/a	231.9	116.4	952.0	n/a	n/a	n/a	n/a
51.02	0.0	trigger_11	11	n/a	n/a	n/a	n/a	n/a	n/a	n/a
51.024	0.0	trigger_10	10	n/a	n/a	n/a	n/a	n/a	n/a	n/a
51.225	0.02	saccade	n/a	229.8	117.0	n/a	275.6	121.4	1.83	150.0
51.247	0.528	fixation	n/a	273.9	126.2	961.0	n/a	n/a	n/a	n/a
51.777	0.02	saccade	n/a	273.6	130.9	n/a	310.7	130.2	1.49	122.0
51.799	0.24	fixation	n/a	320.7	127.5	938.0	n/a	n/a	n/a	n/a
52.041	0.02	saccade	n/a	322.7	131.5	n/a	376.6	135.8	2.18	157.0
52.063	0.478	fixation	n/a	381.2	134.3	947.0	n/a	n/a	n/a	n/a
52.543	0.02	saccade	n/a	384.1	133.5	n/a	325.0	126.2	2.4	207.0
52.565	0.228	fixation	n/a	321.5	129.5	949.0	n/a	n/a	n/a	n/a
52.795	0.038	saccade	n/a	322.4	132.1	n/a	152.9	67.8	7.2	374.0
52.835	0.388	fixation	n/a	161.0	68.1	923.0	n/a	n/a	n/a	n/a
53.225	0.01	saccade	n/a	161.3	68.8	n/a	141.9	65.9	0.77	84.0
53.237	0.224	fixation	n/a	140.6	65.1	938.0	n/a	n/a	n/a	n/a
53.463	0.016	saccade	n/a	139.6	64.4	n/a	180.9	62.3	1.62	144.0
53.481	0.168	fixation	n/a	187.6	61.5	920.0	n/a	n/a	n/a	n/a
53.651	0.02	saccade	n/a	188.2	62.8	n/a	123.6	62.7	2.52	181.0
53.673	0.258	fixation	n/a	124.3	67.6	917.0	n/a	n/a	n/a	n/a
53.933	0.016	saccade	n/a	123.2	69.1	n/a	159.9	67.8	1.43	113.0
53.951	0.156	fixation	n/a	163.0	66.4	929.0	n/a	n/a	n/a	n/a
54.109	0.02	saccade	n/a	162.0	66.3	n/a	219.9	62.7	2.29	156.0
54.131	0.156	fixation	n/a	227.7	60.1	928.0	n/a	n/a	n/a	n/a
54.289	0.018	saccade	n/a	228.7	60.8	n/a	271.3	58.6	1.7	132.0
54.309	0.184	fixation	n/a	276.9	58.1	903.0	n/a	n/a	n/a	n/a
54.495	0.02	saccade	n/a	277.2	59.7	n/a	329.8	68.4	2.14	171.0
54.517	0.208	fixation	n/a	332.8	67.0	897.0	n/a	n/a	n/a	n/a
54.727	0.02	saccade	n/a	333.8	68.0	n/a	396.0	76.0	2.52	177.0
54.749	0.112	fixation	n/a	410.5	73.5	918.0	n/a	n/a	n/a	n/a
54.863	0.024	saccade	n/a	410.5	74.2	n/a	473.7	74.9	2.54	166.0
54.889	0.206	fixation	n/a	474.6	72.6	919.0	n/a	n/a	n/a	n/a
55.097	0.018	saccade	n/a	473.1	73.6	n/a	519.1	73.7	1.84	137.0
55.117	0.144	fixation	n/a	523.0	71.6	900.0	n/a	n/a	n/a	n/a
55.263	0.018	saccade	n/a	523.4	71.9	n/a	569.0	71.1	1.82	142.0
55.283	0.166	fixation	n/a	576.3	70.5	887.0	n/a	n/a	n/a	n/a
55.451	0.052	saccade	n/a	578.7	71.1	n/a	186.1	105.3	15.58	475.0
55.505	0.088	fixation	n/a	198.8	107.2	873.0	n/a	n/a	n/a	n/a
55.595	0.02	saccade	n/a	199.3	107.6	n/a	140.1	118.5	2.37	186.0
55.617	0.144	fixation	n/a	149.6	118.3	880.0	n/a	n/a	n/a	n/a
55.763	0.006	saccade	n/a	149.1	117.5	n/a	140.5	115.7	0.34	55.0
55.764	0.0	trigger_11	11	n/a	n/a	n/a	n/a	n/a	n/a	n/a
55.77	0.0	trigger_10	10	n/a	n/a	n/a	n/a	n/a	n/a	n/a
55.771	0.17	fixation	n/a	139.9	116.2	885.0	n/a	n/a	n/a	n/a
55.943	0.02	saccade	n/a	140.7	116.6	n/a	204.8	109.4	2.54	193.0
55.965	0.17	fixation	n/a	214.5	108.0	898.0	n/a	n/a	n/a	n/a
56.137	0.024	saccade	n/a	214.2	108.1	n/a	310.7	118.4	3.87	266.0
56.163	0.128	fixation	n/a	312.6	120.0	928.0	n/a	n/a	n/a	n/a
56.293	0.022	saccade	n/a	313.0	123.5	n/a	383.0	133.3	2.85	209.0
56.317	0.246	fixation	n/a	388.6	132.9	950.0	n/a	n/a	n/a	n/a
56.565	0.018	saccade	n/a	387.5	133.6	n/a	429.5	133.8	1.69	131.0
56.585	0.444	fixation	n/a	403.8	132.4	943.0	n/a	n/a	n/a	n/a
57.031	0.02	saccade	n/a	380.7	132.4	n/a	442.3	127.5	2.49	197.0
57.053	0.212	fixation	n/a	445.0	128.0	937.0	n/a	n/a	n/a	n/a
57.267	0.048	saccade	n/a	445.8	127.2	n/a	149.1	62.8	12.06	459.0
57.317	0.186	fixation	n/a	162.2	66.3	880.0	n/a	n/a	n/a	n/a
57.505	0.02	saccade	n/a	162.8	67.3	n/a	140.5	55.2	1.0	117.0
57.527	0.478	fixation	n/a	145.5	60.2	879.0	n/a	n/a	n/a	n/a
58.007	0.01	saccade	n/a	146.3	64.9	n/a	125.9	62.0	0.8	87.0
58.019	0.246	fixation	n/a	128.4	63.1	905.0	n/a	n/a	n/a	n/a
58.267	0.024	saccade	n/a	126.0	64.3	n/a	189.4	56.9	2.5	157.0
58.293	0.292	fixation	n/a	205.4	55.5	895.0	n/a	n/a	n/a	n/a
58.587	0.018	saccade	n/a	206.9	58.7	n/a	249.0	57.1	1.67	132.0
58.607	0.108	fixation	n/a	251.2	56.9	906.0	n/a	n/a	n/a	n/a
58.717	0.16	saccade	n/a	252.8	61.2	n/a	282.2	55.9	1.19	968.0
58.745	0.076	blink	n/a	n/a	n/a	n/a	n/a	n/a	n/a	n/a
58.879	0.526	fixation	n/a	284.1	60.1	881.0	n/a	n/a	n/a	n/a
59.407	0.016	saccade	n/a	285.1	60.4	n/a	254.4	59.7	1.23	105.0
59.425	0.606	fixation	n/a	257.8	61.9	811.0	n/a	n/a	n/a	n/a
60.033	0.008	saccade	n/a	257.0	65.6	n/a	269.3	60.7	0.53	67.0
60.043	0.184	fixation	n/a	270.4	61.1	819.0	n/a	n/a	n/a	n/a
60.229	0.01	saccade	n/a	269.6	62.7	n/a	253.0	59.7	0.67	74.0
60.241	0.202	fixation	n/a	254.4	59.8	839.0	n/a	n/a	n/a	n/a
60.445	0.022	saccade	n/a	254.1	59.9	n/a	318.6	62.6	2.58	163.0
60.469	0.298	fixation	n/a	330.6	66.0	871.0	n/a	n/a	n/a	n/a
60.769	0.022	saccade	n/a	329.1	66.9	n/a	397.0	77.8	2.77	184.0
60.793	0.376	fixation	n/a	408.4	76.9	865.0	n/a	n/a	n/a	n/a
61.171	0.016	saccade	n/a	409.7	76.8	n/a	454.3	73.1	1.8	146.0
61.189	0.36	fixation	n/a	461.3	71.9	848.0	n/a	n/a	n/a	n/a
61.551	0.018	saccade	n/a	463.5	72.7	n/a	420.1	68.2	1.76	150.0
61.571	0.202	fixation	n/a	422.0	67.8	819.0	n/a	n/a	n/a	n/a
61.775	0.024	saccade	n/a	423.5	66.1	n/a	344.0	49.8	3.27	248.0
61.801	0.224	fixation	n/a	345.8	53.5	777.0	n/a	n/a	n/a	n/a
62.027	0.022	saccade	n/a	345.6	52.9	n/a	416.2	62.5	2.87	204.0
62.051	0.12	fixation	n/a	420.8	59.4	764.0	n/a	n/a	n/a	n/a
62.173	0.018	saccade	n/a	420.1	59.1	n/a	468.9	61.7	1.97	156.0
62.193	0.164	fixation	n/a	470.6	59.7	766.0	n/a	n/a	n/a	n/a
62.359	0.02	saccade	n/a	471.0	61.2	n/a	523.0	64.0	2.09	148.0
62.381	0.184	fixation	n/a	531.1	66.3	807.0	n/a	n/a	n/a	n/a
62.567	0.014	saccade	n/a	532.5	69.5	n/a	562.6	69.6	1.2	101.0
62.583	0.124	fixation	n/a	561.5	69.4	837.0	n/a	n/a	n/a	n/a
62.709	0.058	saccade	n/a	562.3	70.9	n/a	143.0	110.1	16.58	450.0
62.769	0.148	fixation	n/a	155.4	112.7	815.0	n/a	n/a	n/a	n/a
62.919	0.014	saccade	n/a	156.4	113.5	n/a	129.7	117.9	1.06	89.0
62.935	0.146	fixation	n/a	133.3	119.8	812.0	n/a	n/a	n/a	n/a
63.083	0.142	saccade	n/a	138.1	122.6	n/a	141.2	112.3	0.43	823.0
63.113	0.058	blink	n/a	n/a	n/a	n/a	n/a	n/a	n/a	n/a
63.227	0.204	fixation	n/a	139.9	119.2	797.0	n/a	n/a	n/a	n/a
63.433	0.02	saccade	n/a	139.6	121.5	n/a	197.9	117.1	2.3	178.0
63.455	0.376	fixation	n/a	200.3	113.7	797.0	n/a	n/a	n/a	n/a
63.833	0.008	saccade	n/a	198.1	112.7	n/a	183.2	112.7	0.59	72.0
63.843	0.268	fixation	n/a	184.2	113.7	823.0	n/a	n/a	n/a	n/a
64.113	0.018	saccade	n/a	183.8	114.6	n/a	235.9	109.9	2.07	167.0
64.133	0.272	fixation	n/a	243.4	109.2	849.0	n/a	n/a	n/a	n/a
64.407	0.028	saccade	n/a	245.3	112.4	n/a	322.9	120.0	3.12	169.0
64.437	0.244	fixation	n/a	337.8	122.3	896.0	n/a	n/a	n/a	n/a
64.683	0.022	saccade	n/a	337.8	123.1	n/a	278.6	115.9	2.39	175.0
64.707	0.328	fixation	n/a	285.4	119.4	889.0	n/a	n/a	n/a	n/a
65.037	0.02	saccade	n/a	285.3	120.7	n/a	339.9	128.4	2.21	175.0
65.059	0.298	fixation	n/a	342.5	126.8	918.0	n/a	n/a	n/a	n/a
65.359	0.016	saccade	n/a	345.1	129.3	n/a	388.2	130.7	1.74	135.0
65.377	0.252	fixation	n/a	396.3	131.9	939.0	n/a	n/a	n/a	n/a
65.631	0.022	saccade	n/a	398.4	135.8	n/a	462.5	132.8	2.58	185.0
65.655	0.202	fixation	n/a	464.7	132.9	968.0	n/a	n/a	n/a	n/a
65.859	0.02	saccade	n/a	463.7	134.5	n/a	516.4	132.3	2.11	164.0
65.881	0.208	fixation	n/a	521.0	131.1	965.0	n/a	n/a	n/a	n/a
66.091	0.018	saccade	n/a	522.0	133.0	n/a	564.7	130.8	1.7	134.0
66.111	0.216	fixation	n/a	564.3	129.7	949.0	n/a	n/a	n/a	n/a
66.329	0.008	saccade	n/a	565.5	132.9	n/a	582.3	134.6	0.67	83.0
66.339	0.196	fixation	n/a	585.8	135.4	929.0	n/a	n/a	n/a	n/a
66.537	0.058	saccade	n/a	586.7	137.1	n/a	130.2	181.3	17.99	497.0
66.597	0.136	fixation	n/a	142.7	184.1	918.0	n/a	n/a	n/a	n/a
66.735	0.016	saccade	n/a	141.3	184.0	n/a	120.6	184.8	0.8	92.0
66.753	0.388	fixation	n/a	125.7	185.0	892.0	n/a	n/a	n/a	n/a
67.143	0.02	saccade	n/a	123.4	184.3	n/a	185.4	176.5	2.44	190.0
67.165	0.158	fixation	n/a	192.5	172.7	848.0	n/a	n/a	n/a	n/a
67.325	0.024	saccade	n/a	192.3	172.8	n/a	265.1	183.9	2.92	211.0
67.351	0.338	fixation	n/a	266.5	184.5	882.0	n/a	n/a	n/a	n/a
67.691	0.016	saccade	n/a	267.6	185.5	n/a	236.9	180.4	1.24	102.0
67.709	0.208	fixation	n/a	241.5	182.1	881.0	n/a	n/a	n/a	n/a
67.919	0.028	saccade	n/a	241.7	182.3	n/a	341.5	192.3	4.0	229.0
67.949	0.256	fixation	n/a	352.3	192.0	887.0	n/a	n/a	n/a	n/a
68.046	0.0	trigger_11	11	n/a	n/a	n/a	n/a	n/a	n/a	n/a
68.05	0.0	trigger_10	10	n/a	n/a	n/a	n/a	n/a	n/a	n/a
68.207	0.024	saccade	n/a	353.1	194.9	n/a	424.6	190.0	2.88	198.0
68.233	0.08	fixation	n/a	425.2	189.2	883.0	n/a	n/a	n/a	n/a
68.315	0.018	saccade	n/a	426.3	190.9	n/a	473.6	188.3	1.9	161.0
68.335	0.36	fixation	n/a	479.0	188.8	870.0	n/a	n/a	n/a	n/a
68.697	0.016	saccade	n/a	479.6	188.8	n/a	521.7	184.9	1.69	129.0
68.715	0.158	fixation	n/a	527.9	185.5	861.0	n/a	n/a	n/a	n/a
68.875	0.056	saccade	n/a	528.9	186.0	n/a	161.3	74.6	15.21	467.0
68.933	0.046	fixation	n/a	169.9	74.0	824.0	n/a	n/a	n/a	n/a
68.981	0.006	saccade	n/a	167.2	71.4	n/a	159.2	66.8	0.36	54.0
68.989	0.226	fixation	n/a	157.9	62.5	827.0	n/a	n/a	n/a	n/a
69.217	0.018	saccade	n/a	160.8	64.5	n/a	128.7	64.5	1.25	110.0
69.237	0.222	fixation	n/a	135.9	66.9	842.0	n/a	n/a	n/a	n/a
69.461	0.028	saccade	n/a	135.2	68.7	n/a	242.1	61.6	4.22	228.0
69.491	0.372	fixation	n/a	244.9	60.7	860.0	n/a	n/a	n/a	n/a
69.865	0.022	saccade	n/a	245.1	64.2	n/a	309.9	57.2	2.61	195.0
69.889	0.096	fixation	n/a	323.6	59.5	865.0	n/a	n/a	n/a	n/a
69.987	0.034	saccade	n/a	325.0	62.2	n/a	147.4	66.5	7.04	386.0
70.023	0.242	fixation	n/a	156.1	68.9	877.0	n/a	n/a	n/a	n/a
70.267	0.02	saccade	n/a	158.7	71.4	n/a	122.8	68.9	1.4	134.0
70.289	0.178	fixation	n/a	131.9	71.9	902.0	n/a	n/a	n/a	n/a
70.469	0.024	saccade	n/a	130.3	72.2	n/a	199.3	64.9	2.72	195.0
70.495	0.28	fixation	n/a	199.0	63.1	877.0	n/a	n/a	n/a	n/a
70.777	0.022	saccade	n/a	199.5	63.6	n/a	264.6	61.2	2.59	187.0
70.801	0.306	fixation	n/a	263.7	60.5	876.0	n/a	n/a	n/a	n/a
71.109	0.02	saccade	n/a	264.8	62.2	n/a	320.7	65.5	2.24	171.0
71.131	0.364	fixation	n/a	320.4	64.9	897.0	n/a	n/a	n/a	n/a
71.497	0.022	saccade	n/a	322.4	65.7	n/a	389.0	79.4	2.74	190.0
71.521	0.182	fixation	n/a	391.7	78.4	921.0	n/a	n/a	n/a	n/a
71.705	0.02	saccade	n/a	391.1	78.0	n/a	446.7	78.4	2.24	160.0
71.727	0.166	fixation	n/a	453.7	76.8	937.0	n/a	n/a	n/a	n/a
71.895	0.02	saccade	n/a	453.8	78.7	n/a	512.3	78.4	2.34	165.0
71.917	0.212	fixation	n/a	517.5	76.4	946.0	n/a	n/a	n/a	n/a
72.131	0.052	saccade	n/a	518.4	79.2	n/a	150.6	117.3	14.62	469.0
72.185	0.16	fixation	n/a	163.2	117.6	945.0	n/a	n/a	n/a	n/a
72.347	0.016	saccade	n/a	164.4	116.7	n/a	127.5	121.1	1.45	122.0
72.365	0.378	fixation	n/a	134.3	120.9	955.0	n/a	n/a	n/a	n/a
72.745	0.024	saccade	n/a	132.3	122.5	n/a	218.1	120.5	3.37	210.0
72.771	0.166	fixation	n/a	225.2	120.8	936.0	n/a	n/a	n/a	n/a
72.939	0.022	saccade	n/a	226.2	122.6	n/a	296.7	128.8	2.83	218.0
72.963	0.222	fixation	n/a	293.8	126.2	958.0	n/a	n/a	n/a	n/a
72.998	0.0	trigger_11	11	n/a	n/a	n/a	n/a	n/a	n/a	n/a
73.004	0.0	trigger_10	10	n/a	n/a	n/a	n/a	n/a	n/a	n/a
73.187	0.022	saccade	n/a	292.4	128.8	n/a	361.0	135.6	2.77	204.0
73.211	0.232	fixation	n/a	359.9	135.1	967.0	n/a	n/a	n/a	n/a
73.445	0.022	saccade	n/a	358.6	136.2	n/a	423.1	136.9	2.6	168.0
73.469	0.508	fixation	n/a	432.5	136.1	961.0	n/a	n/a	n/a	n/a
73.979	0.018	saccade	n/a	433.2	136.1	n/a	474.4	133.3	1.66	129.0
73.999	0.284	fixation	n/a	476.3	130.7	942.0	n/a	n/a	n/a	n/a
74.285	0.008	saccade	n/a	476.9	129.1	n/a	483.7	120.8	0.44	53.0
74.295	0.04	fixation	n/a	486.1	122.0	955.0	n/a	n/a	n/a	n/a
74.337	0.046	saccade	n/a	485.9	121.6	n/a	220.7	72.2	10.78	392.0
74.385	0.138	fixation	n/a	230.6	75.6	931.0	n/a	n/a	n/a	n/a
74.525	0.022	saccade	n/a	231.6	77.5	n/a	164.8	66.1	2.68	189.0
74.549	0.316	fixation	n/a	154.7	69.6	927.0	n/a	n/a	n/a	n/a
74.867	0.012	saccade	n/a	155.6	71.8	n/a	132.8	67.3	0.91	83.0
74.881	0.402	fixation	n/a	134.9	70.2	925.0	n/a	n/a	n/a	n/a
75.285	0.016	saccade	n/a	133.5	72.4	n/a	171.0	67.1	1.48	122.0
75.303	0.276	fixation	n/a	168.0	65.5	973.0	n/a	n/a	n/a	n/a
75.581	0.016	saccade	n/a	165.4	66.7	n/a	205.0	63.3	1.57	118.0
75.599	0.212	fixation	n/a	210.0	63.6	934.0	n/a	n/a	n/a	n/a
75.813	0.02	saccade	n/a	210.3	64.6	n/a	267.6	61.1	2.28	173.0
75.835	0.212	fixation	n/a	269.8	61.6	936.0	n/a	n/a	n/a	n/a
76.049	0.018	saccade	n/a	268.2	63.2	n/a	315.0	70.8	1.9	145.0
76.069	0.17	fixation	n/a	313.0	70.2	954.0	n/a	n/a	n/a	n/a
76.241	0.02	saccade	n/a	310.9	70.9	n/a	369.3	78.8	2.37	167.0
76.263	0.19	fixation	n/a	369.9	78.2	957.0	n/a	n/a	n/a	n/a
76.455	0.024	saccade	n/a	368.9	76.9	n/a	443.5	82.2	3.02	182.0
76.481	0.154	fixation	n/a	443.8	79.5	945.0	n/a	n/a	n/a	n/a
76.637	0.02	saccade	n/a	443.6	79.6	n/a	386.9	77.5	2.29	174.0
76.659	0.272	fixation	n/a	391.8	80.3	929.0	n/a	n/a	n/a	n/a
76.933	0.046	saccade	n/a	393.1	80.5	n/a	125.7	113.1	10.67	390.0
76.981	0.34	fixation	n/a	136.2	114.1	936.0	n/a	n/a	n/a	n/a
77.323	0.026	saccade	n/a	135.6	114.3	n/a	224.1	119.0	3.48	198.0
77.351	0.202	fixation	n/a	235.0	119.7	941.0	n/a	n/a	n/a	n/a
77.555	0.01	saccade	n/a	231.2	122.9	n/a	216.4	120.7	0.59	61.0
77.567	0.092	fixation	n/a	210.4	118.9	914.0	n/a	n/a	n/a	n/a
77.661	0.052	saccade	n/a	208.2	120.3	n/a	493.5	74.0	11.52	394.0
77.715	0.27	fixation	n/a	491.7	73.8	929.0	n/a	n/a	n/a	n/a
77.987	0.042	saccade	n/a	494.1	73.5	n/a	268.5	111.6	9.17	373.0
78.031	0.148	fixation	n/a	279.5	115.9	905.0	n/a	n/a	n/a	n/a
78.181	0.026	saccade	n/a	280.7	116.2	n/a	178.6	115.6	4.05	278.0
78.209	0.06	fixation	n/a	180.3	117.6	889.0	n/a	n/a	n/a	n/a
78.271	0.02	saccade	n/a	180.8	118.7	n/a	135.9	118.9	1.76	155.0
78.293	0.252	fixation	n/a	146.0	121.5	877.0	n/a	n/a	n/a	n/a
78.547	0.028	saccade	n/a	144.5	122.0	n/a	241.7	116.1	3.84	233.0
78.577	0.182	fixation	n/a	243.3	115.9	883.0	n/a	n/a	n/a	n/a
78.761	0.026	saccade	n/a	244.0	118.1	n/a	340.1	126.3	3.86	240.0
78.789	0.112	fixation	n/a	352.4	130.2	914.0	n/a	n/a	n/a	n/a
78.903	0.022	saccade	n/a	353.1	131.2	n/a	410.9	135.2	2.34	168.0
78.927	0.186	fixation	n/a	407.9	134.0	919.0	n/a	n/a	n/a	n/a
79.115	0.02	saccade	n/a	406.2	133.3	n/a	465.7	131.9	2.4	180.0
79.137	0.244	fixation	n/a	466.7	131.9	899.0	n/a	n/a	n/a	n/a
79.383	0.022	saccade	n/a	464.8	131.4	n/a	531.6	130.7	2.68	179.0
79.407	0.266	fixation	n/a	543.6	132.4	879.0	n/a	n/a	n/a	n/a
79.542	0.0	trigger_11	11	n/a	n/a	n/a	n/a	n/a	n/a	n/a
79.546	0.0	trigger_10	10	n/a	n/a	n/a	n/a	n/a	n/a	n/a
79.675	0.02	saccade	n/a	543.4	133.9	n/a	496.0	131.8	1.9	160.0
79.697	0.252	fixation	n/a	503.4	131.6	875.0	n/a	n/a	n/a	n/a
79.951	0.028	saccade	n/a	504.1	134.4	n/a	608.2	133.4	4.13	242.0
79.981	0.28	fixation	n/a	615.4	130.3	878.0	n/a	n/a	n/a	n/a
80.263	0.018	saccade	n/a	616.2	132.1	n/a	668.6	130.8	2.05	156.0
80.283	0.416	fixation	n/a	674.4	130.6	858.0	n/a	n/a	n/a	n/a
80.701	0.064	saccade	n/a	675.4	128.5	n/a	164.3	169.3	19.99	468.0
80.767	0.15	fixation	n/a	175.3	170.8	861.0	n/a	n/a	n/a	n/a
80.919	0.02	saccade	n/a	175.3	169.7	n/a	128.4	170.7	1.83	151.0
80.941	0.236	fixation	n/a	133.9	173.2	867.0	n/a	n/a	n/a	n/a
81.179	0.008	saccade	n/a	133.7	174.5	n/a	116.7	174.5	0.66	81.0
81.189	0.174	fixation	n/a	117.2	175.4	858.0	n/a	n/a	n/a	n/a
81.365	0.026	saccade	n/a	117.3	177.3	n/a	125.5	85.2	3.71	235.0
81.393	0.458	fixation	n/a	155.5	70.7	837.0	n/a	n/a	n/a	n/a
81.853	0.012	saccade	n/a	159.5	68.8	n/a	178.1	64.3	0.75	71.0
81.867	0.184	fixation	n/a	177.5	65.0	887.0	n/a	n/a	n/a	n/a
82.053	0.018	saccade	n/a	177.2	67.2	n/a	138.2	63.7	1.53	129.0
82.073	0.242	fixation	n/a	145.8	66.5	893.0	n/a	n/a	n/a	n/a
82.317	0.018	saccade	n/a	146.3	67.9	n/a	194.0	64.3	1.88	146.0
82.337	0.266	fixation	n/a	192.8	63.4	911.0	n/a	n/a	n/a	n/a
82.605	0.02	saccade	n/a	192.3	64.1	n/a	116.8	71.2	2.96	224.0
82.627	0.26	fixation	n/a	118.0	75.5	953.0	n/a	n/a	n/a	n/a
82.889	0.018	saccade	n/a	117.6	77.9	n/a	161.5	70.7	1.74	142.0
82.909	0.216	fixation	n/a	163.7	70.5	957.0	n/a	n/a	n/a	n/a
83.127	0.014	saccade	n/a	163.1	72.4	n/a	195.0	66.7	1.28	113.0
83.143	0.272	fixation	n/a	195.4	69.1	943.0	n/a	n/a	n/a	n/a
83.417	0.018	saccade	n/a	195.7	70.9	n/a	238.9	66.7	1.72	141.0
83.437	0.154	fixation	n/a	237.9	65.5	941.0	n/a	n/a	n/a	n/a
83.593	0.018	saccade	n/a	237.5	65.4	n/a	282.4	69.9	1.8	148.0
83.613	0.202	fixation	n/a	278.6	69.2	963.0	n/a	n/a	n/a	n/a
83.817	0.024	saccade	n/a	278.2	69.1	n/a	368.9	80.6	3.67	242.0
83.843	0.108	fixation	n/a	384.0	82.1	976.0	n/a	n/a	n/a	n/a
83.953	0.02	saccade	n/a	384.3	83.0	n/a	443.0	83.0	2.37	173.0
83.975	0.36	fixation	n/a	440.7	82.0	966.0	n/a	n/a	n/a	n/a
84.337	0.022	saccade	n/a	437.9	81.3	n/a	494.6	78.0	2.29	160.0
84.361	0.166	fixation	n/a	496.4	77.7	969.0	n/a	n/a	n/a	n/a
84.529	0.018	saccade	n/a	495.7	79.6	n/a	542.3	79.0	1.86	151.0
84.549	0.194	fixation	n/a	541.3	78.3	976.0	n/a	n/a	n/a	n/a
84.745	0.052	saccade	n/a	540.8	75.5	n/a	225.0	112.8	12.65	380.0
84.799	0.074	fixation	n/a	236.7	116.2	984.0	n/a	n/a	n/a	n/a
84.83	0.0	trigger_11	11	n/a	n/a	n/a	n/a	n/a	n/a	n/a
84.838	0.0	trigger_10	10	n/a	n/a	n/a	n/a	n/a	n/a	n/a
84.875	0.024	saccade	n/a	238.1	116.8	n/a	160.3	120.9	3.08	228.0
84.901	0.13	fixation	n/a	166.0	124.9	976.0	n/a	n/a	n/a	n/a
85.033	0.016	saccade	n/a	165.3	126.7	n/a	128.4	125.9	1.44	122.0
85.051	0.21	fixation	n/a	133.8	128.2	962.0	n/a	n/a	n/a	n/a
85.263	0.01	saccade	n/a	132.7	129.1	n/a	113.5	127.9	0.75	78.0
85.275	0.258	fixation	n/a	119.0	128.9	938.0	n/a	n/a	n/a	n/a
85.535	0.036	saccade	n/a	119.6	130.1	n/a	240.2	127.6	4.74	212.0
85.573	0.214	fixation	n/a	240.0	125.0	944.0	n/a	n/a	n/a	n/a
85.789	0.022	saccade	n/a	241.2	124.0	n/a	300.8	129.7	2.4	178.0
85.813	0.398	fixation	n/a	297.8	127.8	941.0	n/a	n/a	n/a	n/a
86.213	0.022	saccade	n/a	297.2	128.7	n/a	353.5	133.0	2.27	161.0
86.237	0.186	fixation	n/a	354.6	132.7	942.0	n/a	n/a	n/a	n/a
86.425	0.058	saccade	n/a	354.3	133.0	n/a	179.8	71.3	7.39	264.0
86.485	0.184	fixation	n/a	194.4	72.6	915.0	n/a	n/a	n/a	n/a
86.671	0.018	saccade	n/a	197.3	72.8	n/a	159.5	67.9	1.5	129.0
86.691	0.34	fixation	n/a	167.7	72.8	926.0	n/a	n/a	n/a	n/a
87.033	0.018	saccade	n/a	169.3	74.5	n/a	130.1	71.2	1.54	121.0
87.053	0.326	fixation	n/a	137.4	73.4	982.0	n/a	n/a	n/a	n/a
87.381	0.018	saccade	n/a	137.6	74.3	n/a	181.3	67.6	1.73	132.0
87.401	0.304	fixation	n/a	185.9	65.5	923.0	n/a	n/a	n/a	n/a
87.707	0.02	saccade	n/a	186.3	66.6	n/a	243.0	61.3	2.26	170.0
87.729	0.112	fixation	n/a	244.1	61.3	919.0	n/a	n/a	n/a	n/a
87.843	0.144	saccade	n/a	247.0	65.3	n/a	243.5	58.9	0.3	998.0
87.871	0.064	blink	n/a	n/a	n/a	n/a	n/a	n/a	n/a	n/a
87.989	0.16	fixation	n/a	246.0	76.2	916.0	n/a	n/a	n/a	n/a
88.151	0.02	saccade	n/a	247.0	77.9	n/a	306.5	82.9	2.39	168.0
88.173	0.304	fixation	n/a	315.1	80.4	907.0	n/a	n/a	n/a	n/a
88.479	0.02	saccade	n/a	316.0	78.5	n/a	365.3	85.6	2.0	165.0
88.501	0.168	fixation	n/a	369.0	85.7	914.0	n/a	n/a	n/a	n/a
88.671	0.018	saccade	n/a	367.6	84.0	n/a	412.0	87.2	1.8	150.0
88.691	0.402	fixation	n/a	410.7	88.5	971.0	n/a	n/a	n/a	n/a
89.095	0.02	saccade	n/a	409.5	90.7	n/a	359.1	85.4	2.04	168.0
89.117	0.23	fixation	n/a	364.9	87.5	973.0	n/a	n/a	n/a	n/a
89.349	0.026	saccade	n/a	366.2	90.7	n/a	448.2	91.2	3.31	195.0
89.377	0.158	fixation	n/a	443.2	89.9	988.0	n/a	n/a	n/a	n/a
89.537	0.01	saccade	n/a	442.0	90.1	n/a	422.6	88.8	0.78	83.0
89.549	0.156	fixation	n/a	423.5	89.6	983.0	n/a	n/a	n/a	n/a
89.707	0.022	saccade	n/a	423.5	92.0	n/a	477.1	87.1	2.17	151.0
89.731	0.236	fixation	n/a	473.9	85.0	967.0	n/a	n/a	n/a	n/a
89.969	0.018	saccade	n/a	474.3	83.6	n/a	513.5	84.5	1.57	127.0
89.989	0.174	fixation	n/a	512.4	82.5	966.0	n/a	n/a	n/a	n/a
90.165	0.064	saccade	n/a	514.1	81.7	n/a	152.3	122.8	14.4	462.0
90.231	0.124	fixation	n/a	147.8	123.4	944.0	n/a	n/a	n/a	n/a
90.357	0.01	saccade	n/a	146.6	122.6	n/a	127.0	120.5	0.77	82.0
90.369	0.232	fixation	n/a	133.1	122.5	930.0	n/a	n/a	n/a	n/a
90.603	0.02	saccade	n/a	134.3	122.1	n/a	193.1	114.4	2.33	169.0
90.625	0.146	fixation	n/a	201.7	112.7	918.0	n/a	n/a	n/a	n/a
90.773	0.022	saccade	n/a	201.3	113.9	n/a	269.9	123.1	2.75	212.0
90.797	0.294	fixation	n/a	267.1	122.5	925.0	n/a	n/a	n/a	n/a
91.093	0.02	saccade	n/a	268.9	126.2	n/a	315.7	124.6	1.88	138.0
91.115	0.278	fixation	n/a	318.2	125.5	943.0	n/a	n/a	n/a	n/a
91.395	0.018	saccade	n/a	318.9	127.6	n/a	359.6	131.6	1.65	134.0
91.415	0.144	fixation	n/a	358.0	131.2	950.0	n/a	n/a	n/a	n/a
91.561	0.016	saccade	n/a	358.6	132.9	n/a	322.1	125.9	1.5	130.0
91.579	0.112	fixation	n/a	329.4	128.1	954.0	n/a	n/a	n/a	n/a
91.693	0.022	saccade	n/a	330.3	128.5	n/a	389.1	134.4	2.38	195.0
91.717	0.278	fixation	n/a	389.1	134.9	961.0	n/a	n/a	n/a	n/a
91.997	0.018	saccade	n/a	387.7	136.7	n/a	430.8	133.6	1.74	141.0
92.017	0.246	fixation	n/a	431.7	134.6	932.0	n/a	n/a	n/a	n/a
92.265	0.012	saccade	n/a	431.5	135.3	n/a	406.3	131.5	1.03	98.0
92.279	0.164	fixation	n/a	408.8	131.6	874.0	n/a	n/a	n/a	n/a
92.445	0.022	saccade	n/a	407.9	133.6	n/a	470.8	133.6	2.53	184.0
92.469	0.196	fixation	n/a	472.9	131.7	869.0	n/a	n/a	n/a	n/a
92.667	0.022	saccade	n/a	472.3	133.5	n/a	540.5	131.0	2.73	178.0
92.691	0.128	fixation	n/a	550.7	131.1	879.0	n/a	n/a	n/a	n/a
92.821	0.018	saccade	n/a	550.1	131.7	n/a	596.5	135.3	1.85	141.0
92.841	0.208	fixation	n/a	597.8	133.6	876.0	n/a	n/a	n/a	n/a
93.051	0.01	saccade	n/a	599.6	135.1	n/a	619.1	136.2	0.77	80.0
93.063	0.104	fixation	n/a	621.0	133.9	868.0	n/a	n/a	n/a	n/a
93.169	0.058	saccade	n/a	621.9	134.2	n/a	153.3	174.0	18.45	497.0
93.229	0.102	fixation	n/a	164.1	175.8	863.0	n/a	n/a	n/a	n/a
93.333	0.022	saccade	n/a	162.0	175.2	n/a	118.7	178.4	1.69	165.0
93.357	0.268	fixation	n/a	126.1	176.9	868.0	n/a	n/a	n/a	n/a
93.627	0.022	saccade	n/a	125.8	177.2	n/a	203.3	170.3	3.05	224.0
93.651	0.306	fixation	n/a	207.8	171.9	857.0	n/a	n/a	n/a	n/a
93.959	0.02	saccade	n/a	209.2	171.1	n/a	278.4	184.4	2.8	204.0
93.981	0.234	fixation	n/a	300.3	187.2	902.0	n/a	n/a	n/a	n/a
94.217	0.024	saccade	n/a	301.9	189.7	n/a	372.6	192.1	2.84	192.0
94.243	0.286	fixation	n/a	376.0	195.1	929.0	n/a	n/a	n/a	n/a
94.531	0.016	saccade	n/a	376.3	199.9	n/a	413.8	194.5	1.52	141.0
94.549	0.166	fixation	n/a	413.9	196.0	925.0	n/a	n/a	n/a	n/a
94.717	0.022	saccade	n/a	413.7	199.6	n/a	464.2	196.8	2.03	154.0
94.741	0.186	fixation	n/a	462.2	194.6	922.0	n/a	n/a	n/a	n/a
94.904	0.0	trigger_11	11	n/a	n/a	n/a	n/a	n/a	n/a	n/a
94.908	0.0	trigger_10	10	n/a	n/a	n/a	n/a	n/a	n/a	n/a
94.929	0.014	saccade	n/a	462.2	197.0	n/a	434.9	194.1	1.1	101.0
94.945	0.5	fixation	n/a	424.7	196.7	917.0	n/a	n/a	n/a	n/a
95.447	0.018	saccade	n/a	408.5	199.7	n/a	449.3	195.1	1.65	137.0
95.467	0.148	fixation	n/a	450.4	192.8	905.0	n/a	n/a	n/a	n/a
95.617	0.022	saccade	n/a	449.4	192.0	n/a	383.4	151.7	3.12	248.0
95.641	0.206	fixation	n/a	374.3	137.7	909.0	n/a	n/a	n/a	n/a
95.849	0.016	saccade	n/a	372.8	138.4	n/a	407.6	134.3	1.41	127.0
95.867	0.428	fixation	n/a	403.0	136.5	906.0	n/a	n/a	n/a	n/a
96.297	0.02	saccade	n/a	403.4	140.7	n/a	458.9	136.7	2.24	173.0
96.319	0.128	fixation	n/a	461.1	133.5	891.0	n/a	n/a	n/a	n/a
96.449	0.056	saccade	n/a	461.5	132.3	n/a	213.9	58.3	10.31	378.0
96.507	0.192	fixation	n/a	225.4	59.7	844.0	n/a	n/a	n/a	n/a
96.701	0.024	saccade	n/a	228.0	60.7	n/a	148.8	61.4	3.12	232.0
96.727	0.398	fixation	n/a	152.9	67.1	863.0	n/a	n/a	n/a	n/a
97.127	0.012	saccade	n/a	154.7	71.3	n/a	132.0	65.7	0.91	85.0
97.141	0.102	fixation	n/a	137.7	67.8	891.0	n/a	n/a	n/a	n/a
97.245	0.024	saccade	n/a	137.1	68.4	n/a	215.2	63.1	3.08	213.0
97.271	0.196	fixation	n/a	217.7	60.3	878.0	n/a	n/a	n/a	n/a
97.469	0.022	saccade	n/a	218.2	59.6	n/a	281.5	58.6	2.52	181.0
97.493	0.204	fixation	n/a	278.4	57.0	866.0	n/a	n/a	n/a	n/a
97.699	0.022	saccade	n/a	277.2	58.7	n/a	338.6	67.0	2.48	203.0
97.723	0.354	fixation	n/a	339.0	68.5	912.0	n/a	n/a	n/a	n/a
98.032	0.0	trigger_11	11	n/a	n/a	n/a	n/a	n/a	n/a	n/a
98.034	0.0	trigger_10	10	n/a	n/a	n/a	n/a	n/a	n/a	n/a
98.079	0.018	saccade	n/a	337.0	70.3	n/a	385.2	78.2	1.97	154.0
98.099	0.138	fixation	n/a	387.5	76.4	934.0	n/a	n/a	n/a	n/a
98.239	0.018	saccade	n/a	387.6	76.5	n/a	432.0	78.8	1.79	143.0
98.259	0.198	fixation	n/a	435.6	79.8	946.0	n/a	n/a	n/a	n/a
98.459	0.02	saccade	n/a	434.0	80.3	n/a	482.3	78.8	1.94	141.0
98.481	0.12	fixation	n/a	489.5	78.9	970.0	n/a	n/a	n/a	n/a
98.603	0.022	saccade	n/a	489.4	81.9	n/a	541.2	80.3	2.07	154.0
98.627	0.206	fixation	n/a	538.2	81.6	994.0	n/a	n/a	n/a	n/a
98.835	0.068	saccade	n/a	537.8	78.6	n/a	131.5	124.7	16.1	482.0
98.905	0.282	fixation	n/a	124.5	126.8	960.0	n/a	n/a	n/a	n/a
99.189	0.016	saccade	n/a	124.3	129.6	n/a	150.3	124.8	1.03	76.0
99.207	0.236	fixation	n/a	170.0	120.9	911.0	n/a	n/a	n/a	n/a
99.445	0.018	saccade	n/a	174.1	117.9	n/a	139.4	81.4	2.0	178.0
99.465	0.282	fixation	n/a	141.8	70.7	863.0	n/a	n/a	n/a	n/a
99.749	0.026	saccade	n/a	142.6	73.5	n/a	217.6	61.2	2.99	185.0
99.777	0.164	fixation	n/a	229.2	60.7	887.0	n/a	n/a	n/a	n/a
99.943	0.022	saccade	n/a	229.8	61.8	n/a	173.1	69.5	2.26	185.0
99.967	0.314	fixation	n/a	183.3	72.5	910.0	n/a	n/a	n/a	n/a
100.283	0.016	saccade	n/a	183.8	74.3	n/a	149.7	67.9	1.36	121.0
100.301	0.154	fixation	n/a	149.2	69.7	958.0	n/a	n/a	n/a	n/a
100.457	0.014	saccade	n/a	149.2	70.3	n/a	120.4	69.5	1.12	103.0
100.473	0.14	fixation	n/a	130.4	70.4	927.0	n/a	n/a	n/a	n/a
100.615	0.022	saccade	n/a	131.1	70.3	n/a	211.5	61.7	3.17	225.0
100.639	0.148	fixation	n/a	224.7	59.8	910.0	n/a	n/a	n/a	n/a
100.789	0.02	saccade	n/a	225.2	60.2	n/a	277.6	61.3	2.09	164.0
100.811	0.45	fixation	n/a	272.7	65.4	955.0	n/a	n/a	n/a	n/a
101.263	0.006	saccade	n/a	271.1	66.7	n/a	262.7	62.8	0.37	58.0
101.271	0.302	fixation	n/a	265.4	65.8	951.0	n/a	n/a	n/a	n/a
101.575	0.02	saccade	n/a	264.0	65.6	n/a	316.8	74.2	2.14	151.0
101.597	0.272	fixation	n/a	320.1	71.5	963.0	n/a	n/a	n/a	n/a
101.871	0.02	saccade	n/a	321.0	73.8	n/a	372.5	78.9	2.08	145.0
101.893	0.172	fixation	n/a	372.5	79.0	992.0	n/a	n/a	n/a	n/a
102.048	0.0	trigger_11	11	n/a	n/a	n/a	n/a	n/a	n/a	n/a
102.054	0.0	trigger_10	10	n/a	n/a	n/a	n/a	n/a	n/a	n/a
102.067	0.02	saccade	n/a	370.5	79.5	n/a	421.9	80.2	2.07	150.0
102.089	0.158	fixation	n/a	423.6	80.3	999.0	n/a	n/a	n/a	n/a
102.249	0.022	saccade	n/a	424.3	83.3	n/a	482.9	82.5	2.36	156.0
102.273	0.258	fixation	n/a	482.8	81.8	973.0	n/a	n/a	n/a	n/a
102.533	0.02	saccade	n/a	481.5	80.0	n/a	533.5	78.7	2.08	153.0
102.555	0.092	fixation	n/a	541.1	79.9	958.0	n/a	n/a	n/a	n/a
102.649	0.018	saccade	n/a	539.9	80.0	n/a	575.2	78.1	1.41	118.0
102.669	0.176	fixation	n/a	570.2	76.4	940.0	n/a	n/a	n/a	n/a
102.847	0.068	saccade	n/a	571.3	75.8	n/a	132.1	116.5	17.34	470.0
102.917	0.22	fixation	n/a	123.7	118.6	905.0	n/a	n/a	n/a	n/a
103.139	0.078	saccade	n/a	126.9	122.5	n/a	114.6	115.7	0.55	385.0
103.219	0.042	fixation	n/a	112.4	118.6	902.0	n/a	n/a	n/a	n/a
103.263	0.122	saccade	n/a	113.6	120.3	n/a	112.0	107.7	0.51	556.0
103.305	0.028	blink	n/a	n/a	n/a	n/a	n/a	n/a	n/a	n/a
103.387	0.168	fixation	n/a	111.6	109.8	892.0	n/a	n/a	n/a	n/a
103.557	0.018	saccade	n/a	111.6	109.9	n/a	127.3	71.5	1.66	131.0
103.577	0.338	fixation	n/a	129.7	68.2	898.0	n/a	n/a	n/a	n/a
103.917	0.016	saccade	n/a	130.3	69.6	n/a	168.2	59.6	1.53	120.0
103.935	0.318	fixation	n/a	166.9	59.7	926.0	n/a	n/a	n/a	n/a
104.255	0.018	saccade	n/a	167.5	62.9	n/a	126.4	59.9	1.61	137.0
104.275	0.292	fixation	n/a	136.7	64.6	953.0	n/a	n/a	n/a	n/a
104.569	0.016	saccade	n/a	136.6	68.5	n/a	172.6	60.9	1.44	129.0
104.587	0.238	fixation	n/a	170.1	63.0	930.0	n/a	n/a	n/a	n/a
104.827	0.016	saccade	n/a	170.9	64.5	n/a	211.7	63.0	1.61	132.0
104.845	0.24	fixation	n/a	212.1	62.1	941.0	n/a	n/a	n/a	n/a
105.087	0.016	saccade	n/a	213.3	63.1	n/a	251.5	61.6	1.52	123.0
105.105	0.114	fixation	n/a	251.2	63.8	935.0	n/a	n/a	n/a	n/a
105.221	0.11	saccade	n/a	248.7	64.8	n/a	233.5	60.9	0.62	468.0
105.333	0.19	fixation	n/a	232.0	65.0	915.0	n/a	n/a	n/a	n/a
105.525	0.012	saccade	n/a	232.5	66.4	n/a	255.2	64.5	0.91	82.0
105.539	0.544	fixation	n/a	255.8	64.9	903.0	n/a	n/a	n/a	n/a
106.085	0.01	saccade	n/a	255.3	66.7	n/a	274.5	63.6	0.78	83.0
106.097	0.146	fixation	n/a	276.5	62.3	890.0	n/a	n/a	n/a	n/a
106.245	0.02	saccade	n/a	274.9	63.2	n/a	337.0	70.2	2.51	184.0
106.267	0.38	fixation	n/a	340.3	68.7	896.0	n/a	n/a	n/a	n/a
106.649	0.022	saccade	n/a	338.6	68.3	n/a	406.9	77.7	2.78	185.0
106.673	0.348	fixation	n/a	418.0	76.5	929.0	n/a	n/a	n/a	n/a
107.023	0.02	saccade	n/a	420.2	78.2	n/a	472.9	78.5	2.12	148.0
107.045	0.53	fixation	n/a	480.3	81.6	974.0	n/a	n/a	n/a	n/a
107.577	0.052	saccade	n/a	480.2	84.5	n/a	139.3	119.6	13.58	420.0
107.631	0.126	fixation	n/a	150.8	120.6	963.0	n/a	n/a	n/a	n/a
107.759	0.016	saccade	n/a	151.7	121.3	n/a	119.2	122.6	1.27	107.0
107.777	0.164	fixation	n/a	125.7	122.1	954.0	n/a	n/a	n/a	n/a
107.943	0.024	saccade	n/a	125.1	123.1	n/a	201.3	116.5	3.0	207.0
107.969	0.162	fixation	n/a	202.2	116.4	958.0	n/a	n/a	n/a	n/a
108.133	0.022	saccade	n/a	202.8	118.1	n/a	150.1	119.1	2.07	153.0
108.157	0.32	fixation	n/a	157.5	122.1	953.0	n/a	n/a	n/a	n/a
108.479	0.02	saccade	n/a	157.9	124.7	n/a	217.7	126.8	2.36	178.0
108.501	0.26	fixation	n/a	218.7	126.1	991.0	n/a	n/a	n/a	n/a
108.763	0.018	saccade	n/a	216.8	127.9	n/a	257.6	128.6	1.62	143.0
108.783	0.204	fixation	n/a	261.2	128.7	976.0	n/a	n/a	n/a	n/a
108.989	0.02	saccade	n/a	259.1	127.7	n/a	307.7	131.4	1.95	152.0
109.011	0.15	fixation	n/a	306.5	130.7	967.0	n/a	n/a	n/a	n/a
109.163	0.026	saccade	n/a	306.2	131.0	n/a	382.1	136.1	3.06	190.0
109.191	0.184	fixation	n/a	383.1	134.3	962.0	n/a	n/a	n/a	n/a
109.377	0.02	saccade	n/a	382.8	135.6	n/a	439.5	136.0	2.29	166.0
109.399	0.148	fixation	n/a	438.4	133.4	958.0	n/a	n/a	n/a	n/a
109.549	0.026	saccade	n/a	440.2	133.5	n/a	518.2	130.7	3.13	173.0
109.577	0.23	fixation	n/a	529.0	130.8	948.0	n/a	n/a	n/a	n/a
109.809	0.022	saccade	n/a	528.0	130.5	n/a	583.4	126.5	2.21	153.0
109.833	0.22	fixation	n/a	581.2	126.4	925.0	n/a	n/a	n/a	n/a
109.92	0.0	trigger_11	11	n/a	n/a	n/a	n/a	n/a	n/a	n/a
109.924	0.0	trigger_10	10	n/a	n/a	n/a	n/a	n/a	n/a	n/a
110.055	0.018	saccade	n/a	582.0	126.7	n/a	630.1	127.5	1.9	146.0
110.075	0.148	fixation	n/a	630.3	126.2	908.0	n/a	n/a	n/a	n/a
110.225	0.012	saccade	n/a	630.4	128.2	n/a	655.0	129.8	0.96	90.0
110.239	0.086	fixation	n/a	658.6	129.2	895.0	n/a	n/a	n/a	n/a
110.327	0.074	saccade	n/a	659.1	129.2	n/a	144.7	179.8	20.2	553.0
110.403	0.1	fixation	n/a	137.8	182.5	893.0	n/a	n/a	n/a	n/a
110.505	0.02	saccade	n/a	139.5	183.5	n/a	110.3	179.8	1.14	131.0
110.527	0.204	fixation	n/a	118.4	180.9	884.0	n/a	n/a	n/a	n/a
110.733	0.022	saccade	n/a	118.1	182.1	n/a	184.3	174.8	2.6	196.0
110.757	0.216	fixation	n/a	193.4	174.3	845.0	n/a	n/a	n/a	n/a
110.975	0.022	saccade	n/a	195.2	174.8	n/a	257.3	181.6	2.47	192.0
110.999	0.138	fixation	n/a	254.9	181.9	858.0	n/a	n/a	n/a	n/a
111.139	0.016	saccade	n/a	254.2	182.9	n/a	298.1	189.1	1.77	157.0
111.157	0.154	fixation	n/a	295.8	187.2	870.0	n/a	n/a	n/a	n/a
111.313	0.052	saccade	n/a	293.2	187.9	n/a	152.3	86.3	6.92	301.0
111.367	0.21	fixation	n/a	147.5	76.8	839.0	n/a	n/a	n/a	n/a
111.579	0.014	saccade	n/a	147.7	77.5	n/a	170.2	61.1	1.1	99.0
111.595	0.196	fixation	n/a	168.2	63.9	850.0	n/a	n/a	n/a	n/a
111.793	0.01	saccade	n/a	167.9	65.5	n/a	147.0	64.2	0.82	85.0
111.805	0.716	fixation	n/a	149.5	69.2	903.0	n/a	n/a	n/a	n/a
112.472	0.0	trigger_11	11	n/a	n/a	n/a	n/a	n/a	n/a	n/a
112.478	0.0	trigger_10	10	n/a	n/a	n/a	n/a	n/a	n/a	n/a
112.523	0.012	saccade	n/a	143.9	67.9	n/a	121.4	69.2	0.88	88.0
112.537	0.268	fixation	n/a	130.2	69.4	911.0	n/a	n/a	n/a	n/a
112.807	0.022	saccade	n/a	131.2	69.1	n/a	189.5	61.7	2.3	155.0
112.831	0.324	fixation	n/a	193.7	62.7	933.0	n/a	n/a	n/a	n/a
113.157	0.016	saccade	n/a	195.0	64.5	n/a	226.1	62.8	1.23	103.0
113.175	0.25	fixation	n/a	224.5	61.3	969.0	n/a	n/a	n/a	n/a
113.427	0.02	saccade	n/a	225.3	61.9	n/a	279.1	67.5	2.16	158.0
113.449	0.43	fixation	n/a	280.6	67.4	997.0	n/a	n/a	n/a	n/a
113.881	0.022	saccade	n/a	279.4	71.1	n/a	223.3	59.4	2.28	139.0
113.905	0.252	fixation	n/a	209.0	67.1	992.0	n/a	n/a	n/a	n/a
114.159	0.018	saccade	n/a	211.5	70.6	n/a	163.1	72.5	1.91	147.0
114.179	0.54	fixation	n/a	160.6	78.2	1022.0	n/a	n/a	n/a	n/a
114.721	0.008	saccade	n/a	160.1	81.8	n/a	151.6	75.7	0.41	48.0
114.731	0.088	fixation	n/a	155.4	72.5	1030.0	n/a	n/a	n/a	n/a
114.821	0.014	saccade	n/a	154.9	72.3	n/a	127.3	71.7	1.08	98.0
114.837	0.13	fixation	n/a	134.7	72.2	1030.0	n/a	n/a	n/a	n/a
114.969	0.008	saccade	n/a	133.0	73.1	n/a	121.5	73.4	0.45	55.0
114.979	0.196	fixation	n/a	121.8	73.5	981.0	n/a	n/a	n/a	n/a
115.177	0.028	saccade	n/a	121.8	76.0	n/a	221.5	66.7	3.93	210.0
115.207	0.214	fixation	n/a	225.3	64.3	978.0	n/a	n/a	n/a	n/a
115.423	0.022	saccade	n/a	224.4	65.0	n/a	280.2	71.3	2.24	161.0
115.447	0.172	fixation	n/a	274.3	66.4	957.0	n/a	n/a	n/a	n/a
115.621	0.02	saccade	n/a	272.9	63.2	n/a	332.8	71.6	2.43	188.0
115.643	0.228	fixation	n/a	335.1	71.7	946.0	n/a	n/a	n/a	n/a
115.873	0.02	saccade	n/a	335.1	72.2	n/a	386.7	78.2	2.09	155.0
115.895	0.286	fixation	n/a	384.5	75.5	937.0	n/a	n/a	n/a	n/a
116.183	0.018	saccade	n/a	384.5	76.2	n/a	430.3	75.2	1.85	160.0
116.203	0.202	fixation	n/a	429.5	74.8	923.0	n/a	n/a	n/a	n/a
116.407	0.02	saccade	n/a	430.5	74.5	n/a	479.1	74.1	1.96	149.0
116.429	0.246	fixation	n/a	480.2	73.4	950.0	n/a	n/a	n/a	n/a
116.677	0.02	saccade	n/a	479.5	72.7	n/a	535.7	72.0	2.25	156.0
116.698	0.0	trigger_11	11	n/a	n/a	n/a	n/a	n/a	n/a	n/a
116.699	0.178	fixation	n/a	539.0	71.6	968.0	n/a	n/a	n/a	n/a
116.702	0.0	trigger_12	12	n/a	n/a	n/a	n/a	n/a	n/a	n/a
116.879	0.056	saccade	n/a	539.6	74.1	n/a	143.5	106.3	15.68	448.0
116.937	0.138	fixation	n/a	155.2	108.8	957.0	n/a	n/a	n/a	n/a
117.077	0.014	saccade	n/a	154.7	109.8	n/a	126.8	117.0	1.13	102.0
117.093	0.386	fixation	n/a	133.1	119.4	986.0	n/a	n/a	n/a	n/a
117.481	0.018	saccade	n/a	132.8	121.9	n/a	177.1	117.3	1.74	130.0
117.501	0.24	fixation	n/a	181.9	118.8	965.0	n/a	n/a	n/a	n/a
117.743	0.024	saccade	n/a	180.5	119.1	n/a	253.0	127.8	2.89	204.0
117.769	0.152	fixation	n/a	249.3	127.9	995.0	n/a	n/a	n/a	n/a
117.923	0.02	saccade	n/a	248.6	128.0	n/a	304.9	132.8	2.26	176.0
117.945	0.244	fixation	n/a	304.8	131.7	1011.0	n/a	n/a	n/a	n/a
118.191	0.014	saccade	n/a	304.7	132.1	n/a	277.4	126.0	1.12	100.0
118.207	0.17	fixation	n/a	282.6	127.1	980.0	n/a	n/a	n/a	n/a
118.379	0.022	saccade	n/a	280.8	126.2	n/a	352.8	129.3	2.89	221.0
118.403	0.212	fixation	n/a	358.9	127.9	991.0	n/a	n/a	n/a	n/a
118.617	0.046	saccade	n/a	360.1	127.4	n/a	132.2	65.8	9.36	474.0
118.665	0.232	fixation	n/a	143.1	69.0	994.0	n/a	n/a	n/a	n/a
118.899	0.02	saccade	n/a	143.2	70.9	n/a	118.0	65.7	1.0	114.0
118.921	0.212	fixation	n/a	123.7	67.5	1010.0	n/a	n/a	n/a	n/a
119.026	0.0	trigger_13	13	n/a	n/a	n/a	n/a	n/a	n/a	n/a
119.135	0.02	saccade	n/a	122.7	67.9	n/a	181.1	59.2	2.31	180.0
119.157	0.164	fixation	n/a	179.6	58.3	971.0	n/a	n/a	n/a	n/a
119.323	0.022	saccade	n/a	179.9	58.0	n/a	249.3	55.8	2.75	203.0
119.347	0.258	fixation	n/a	247.0	56.5	947.0	n/a	n/a	n/a	n/a
119.607	0.022	saccade	n/a	247.0	58.9	n/a	316.9	67.7	2.82	199.0
119.631	0.29	fixation	n/a	319.6	70.2	971.0	n/a	n/a	n/a	n/a
119.923	0.02	saccade	n/a	321.6	75.4	n/a	372.0	78.7	2.03	148.0
119.945	0.16	fixation	n/a	373.3	77.6	990.0	n/a	n/a	n/a	n/a
120.107	0.018	saccade	n/a	371.8	77.7	n/a	418.8	77.7	1.9	147.0
120.127	0.142	fixation	n/a	422.4	77.7	1005.0	n/a	n/a	n/a	n/a
120.271	0.018	saccade	n/a	422.0	78.4	n/a	467.5	74.4	1.84	145.0
120.291	0.278	fixation	n/a	470.4	76.4	1011.0	n/a	n/a	n/a	n/a
120.571	0.02	saccade	n/a	470.8	80.6	n/a	511.6	83.2	1.64	104.0
120.593	0.218	fixation	n/a	530.2	81.7	992.0	n/a	n/a	n/a	n/a
120.813	0.058	saccade	n/a	530.2	81.8	n/a	171.4	70.5	14.22	389.0
120.873	0.15	fixation	n/a	184.5	70.2	939.0	n/a	n/a	n/a	n/a
121.025	0.02	saccade	n/a	184.5	69.5	n/a	158.4	69.3	1.03	109.0
121.047	0.402	fixation	n/a	161.3	75.6	951.0	n/a	n/a	n/a	n/a
121.451	0.156	saccade	n/a	164.1	83.4	n/a	296.9	136.5	5.69	1077.0
121.477	0.082	blink	n/a	n/a	n/a	n/a	n/a	n/a	n/a	n/a
121.609	0.41	fixation	n/a	300.4	153.5	979.0	n/a	n/a	n/a	n/a
122.021	0.018	saccade	n/a	300.3	153.1	n/a	282.2	183.4	1.43	109.0
122.041	0.258	fixation	n/a	285.7	189.9	956.0	n/a	n/a	n/a	n/a
122.301	0.032	saccade	n/a	285.2	191.6	n/a	163.4	183.3	4.84	238.0
122.335	0.432	fixation	n/a	170.5	187.2	942.0	n/a	n/a	n/a	n/a
122.769	0.026	saccade	n/a	172.2	189.0	n/a	290.4	197.4	4.69	282.0
122.797	0.348	fixation	n/a	307.4	195.5	966.0	n/a	n/a	n/a	n/a
123.147	0.016	saccade	n/a	308.3	198.2	n/a	346.5	196.1	1.53	131.0
123.165	0.136	fixation	n/a	343.5	196.8	1017.0	n/a	n/a	n/a	n/a
123.303	0.142	saccade	n/a	342.3	201.6	n/a	338.0	197.3	0.25	807.0
123.337	0.042	blink	n/a	n/a	n/a	n/a	n/a	n/a	n/a	n/a
123.447	0.378	fixation	n/a	337.6	202.3	1059.0	n/a	n/a	n/a	n/a
123.827	0.014	saccade	n/a	339.7	203.1	n/a	368.8	199.8	1.18	99.0
123.843	0.16	fixation	n/a	371.7	199.2	988.0	n/a	n/a	n/a	n/a
123.906	0.0	trigger_15	15	n/a	n/a	n/a	n/a	n/a	n/a	n/a
123.91	0.0	trigger_10	10	n/a	n/a	n/a	n/a	n/a	n/a	n/a
124.005	0.016	saccade	n/a	372.6	197.7	n/a	410.4	193.6	1.53	129.0
124.023	0.28	fixation	n/a	406.8	192.0	983.0	n/a	n/a	n/a	n/a
124.305	0.01	saccade	n/a	405.0	194.6	n/a	386.5	192.9	0.75	82.0
124.317	0.158	fixation	n/a	391.0	195.7	986.0	n/a	n/a	n/a	n/a
124.477	0.022	saccade	n/a	391.9	197.5	n/a	333.8	192.4	2.34	162.0
124.501	0.274	fixation	n/a	340.4	197.4	995.0	n/a	n/a	n/a	n/a
124.777	0.008	saccade	n/a	338.2	200.4	n/a	340.8	187.7	0.53	67.0
124.787	1.296	fixation	n/a	337.0	199.9	984.0	n/a	n/a	n/a	n/a
126.085	0.04	saccade	n/a	335.0	196.3	n/a	137.2	96.4	8.8	384.0
126.127	0.08	fixation	n/a	147.5	98.1	917.0	n/a	n/a	n/a	n/a
126.209	0.018	saccade	n/a	147.6	94.2	n/a	132.8	61.6	1.43	110.0
126.229	0.19	fixation	n/a	138.8	64.8	880.0	n/a	n/a	n/a	n/a
126.421	0.018	saccade	n/a	137.9	65.2	n/a	171.2	59.1	1.32	117.0
126.441	0.14	fixation	n/a	167.5	59.3	840.0	n/a	n/a	n/a	n/a
126.583	0.018	saccade	n/a	168.6	60.2	n/a	219.5	54.8	2.02	165.0
126.603	0.296	fixation	n/a	219.1	54.4	860.0	n/a	n/a	n/a	n/a
126.901	0.02	saccade	n/a	219.2	56.3	n/a	277.0	55.5	2.3	169.0
126.923	0.132	fixation	n/a	285.7	55.4	885.0	n/a	n/a	n/a	n/a
127.057	0.12	saccade	n/a	288.6	60.7	n/a	293.9	62.2	0.22	780.0
127.087	0.036	blink	n/a	n/a	n/a	n/a	n/a	n/a	n/a	n/a
127.179	0.2	fixation	n/a	294.6	66.4	922.0	n/a	n/a	n/a	n/a
127.381	0.018	saccade	n/a	293.6	65.7	n/a	332.5	70.6	1.57	125.0
127.401	0.242	fixation	n/a	330.2	70.1	927.0	n/a	n/a	n/a	n/a
127.645	0.016	saccade	n/a	330.9	69.3	n/a	367.1	73.8	1.47	124.0
127.663	0.154	fixation	n/a	367.8	73.0	923.0	n/a	n/a	n/a	n/a
127.819	0.018	saccade	n/a	366.9	74.1	n/a	417.6	79.6	2.06	161.0
127.839	0.154	fixation	n/a	418.2	77.9	958.0	n/a	n/a	n/a	n/a
127.995	0.02	saccade	n/a	417.5	78.2	n/a	471.5	76.3	2.17	158.0
128.017	0.23	fixation	n/a	480.9	77.5	979.0	n/a	n/a	n/a	n/a
128.249	0.02	saccade	n/a	479.5	78.7	n/a	543.7	80.2	2.57	175.0
128.271	0.248	fixation	n/a	551.4	78.1	971.0	n/a	n/a	n/a	n/a
128.521	0.018	saccade	n/a	551.2	80.5	n/a	591.7	79.0	1.61	132.0
128.541	0.448	fixation	n/a	591.7	76.8	957.0	n/a	n/a	n/a	n/a
128.991	0.068	saccade	n/a	595.4	76.8	n/a	151.5	114.8	17.51	466.0
129.061	0.116	fixation	n/a	148.7	116.4	929.0	n/a	n/a	n/a	n/a
129.179	0.016	saccade	n/a	148.9	117.5	n/a	111.3	121.4	1.47	135.0
129.197	0.148	fixation	n/a	119.8	121.6	931.0	n/a	n/a	n/a	n/a
129.347	0.024	saccade	n/a	119.4	124.0	n/a	194.0	113.0	2.95	217.0
129.373	0.108	fixation	n/a	191.5	113.9	936.0	n/a	n/a	n/a	n/a
129.483	0.022	saccade	n/a	190.3	115.3	n/a	268.8	123.1	3.13	259.0
129.507	0.27	fixation	n/a	265.1	122.5	934.0	n/a	n/a	n/a	n/a
129.779	0.02	saccade	n/a	264.5	125.7	n/a	326.4	129.0	2.48	182.0
129.801	0.148	fixation	n/a	328.6	128.3	959.0	n/a	n/a	n/a	n/a
129.951	0.024	saccade	n/a	328.7	129.2	n/a	405.6	133.5	3.1	219.0
129.977	0.25	fixation	n/a	407.8	132.4	977.0	n/a	n/a	n/a	n/a
130.229	0.024	saccade	n/a	409.1	132.5	n/a	485.6	127.9	3.08	217.0
130.255	0.268	fixation	n/a	489.7	127.9	1006.0	n/a	n/a	n/a	n/a
130.49	0.0	trigger_11	11	n/a	n/a	n/a	n/a	n/a	n/a	n/a
130.496	0.0	trigger_10	10	n/a	n/a	n/a	n/a	n/a	n/a	n/a
130.525	0.018	saccade	n/a	490.3	128.9	n/a	534.8	128.7	1.78	134.0
130.545	0.194	fixation	n/a	535.8	128.2	988.0	n/a	n/a	n/a	n/a
130.741	0.022	saccade	n/a	535.7	130.2	n/a	485.8	123.1	2.02	166.0
130.765	0.222	fixation	n/a	495.8	125.8	979.0	n/a	n/a	n/a	n/a
130.989	0.02	saccade	n/a	494.9	130.2	n/a	542.3	128.6	1.9	149.0
131.011	0.266	fixation	n/a	536.5	132.5	986.0	n/a	n/a	n/a	n/a
131.279	0.01	saccade	n/a	536.4	136.7	n/a	558.2	134.0	0.88	94.0
131.291	0.186	fixation	n/a	557.1	136.3	952.0	n/a	n/a	n/a	n/a
131.479	0.064	saccade	n/a	558.9	137.4	n/a	173.3	172.9	15.31	468.0
131.545	0.122	fixation	n/a	164.1	173.1	915.0	n/a	n/a	n/a	n/a
131.669	0.022	saccade	n/a	164.7	173.6	n/a	114.0	177.5	1.98	155.0
131.693	0.188	fixation	n/a	125.3	179.3	899.0	n/a	n/a	n/a	n/a
131.883	0.008	saccade	n/a	124.7	183.3	n/a	112.2	185.0	0.49	59.0
131.893	0.228	fixation	n/a	113.5	179.2	874.0	n/a	n/a	n/a	n/a
132.123	0.036	saccade	n/a	115.2	178.2	n/a	132.1	81.2	3.94	194.0
132.161	0.128	fixation	n/a	136.6	87.7	841.0	n/a	n/a	n/a	n/a
132.291	0.016	saccade	n/a	137.7	86.0	n/a	147.3	53.7	1.35	101.0
132.309	0.398	fixation	n/a	146.8	62.4	855.0	n/a	n/a	n/a	n/a
132.709	0.01	saccade	n/a	147.7	66.3	n/a	132.8	61.4	0.61	65.0
132.721	0.138	fixation	n/a	138.2	61.8	892.0	n/a	n/a	n/a	n/a
132.861	0.022	saccade	n/a	137.6	63.3	n/a	201.1	54.9	2.51	183.0
132.885	0.16	fixation	n/a	199.8	53.7	896.0	n/a	n/a	n/a	n/a
133.047	0.022	saccade	n/a	200.6	53.6	n/a	262.9	51.7	2.47	180.0
133.071	0.204	fixation	n/a	259.5	51.1	877.0	n/a	n/a	n/a	n/a
133.277	0.018	saccade	n/a	258.0	52.5	n/a	301.5	53.7	1.74	138.0
133.297	0.324	fixation	n/a	307.7	56.5	900.0	n/a	n/a	n/a	n/a
133.623	0.02	saccade	n/a	309.3	59.6	n/a	356.0	64.6	1.89	161.0
133.645	0.128	fixation	n/a	354.1	65.3	917.0	n/a	n/a	n/a	n/a
133.775	0.018	saccade	n/a	354.1	67.3	n/a	401.3	73.3	1.92	161.0
133.795	0.236	fixation	n/a	399.5	73.7	942.0	n/a	n/a	n/a	n/a
134.033	0.018	saccade	n/a	400.2	78.4	n/a	444.2	74.5	1.78	148.0
134.053	0.244	fixation	n/a	442.3	75.0	952.0	n/a	n/a	n/a	n/a
134.299	0.02	saccade	n/a	441.1	76.7	n/a	492.3	76.6	2.06	155.0
134.321	0.23	fixation	n/a	490.0	76.0	924.0	n/a	n/a	n/a	n/a
134.553	0.02	saccade	n/a	488.7	75.3	n/a	540.2	74.2	2.06	161.0
134.575	0.35	fixation	n/a	538.3	74.7	909.0	n/a	n/a	n/a	n/a
134.927	0.006	saccade	n/a	539.6	76.3	n/a	549.1	75.2	0.38	56.0
134.935	0.22	fixation	n/a	547.9	78.0	899.0	n/a	n/a	n/a	n/a
135.157	0.058	saccade	n/a	548.0	78.3	n/a	141.0	120.0	16.14	473.0
135.217	0.166	fixation	n/a	151.8	121.4	902.0	n/a	n/a	n/a	n/a
135.346	0.0	trigger_11	11	n/a	n/a	n/a	n/a	n/a	n/a	n/a
135.352	0.0	trigger_10	10	n/a	n/a	n/a	n/a	n/a	n/a	n/a
135.385	0.016	saccade	n/a	151.1	123.0	n/a	119.6	121.5	1.23	108.0
135.403	0.15	fixation	n/a	127.5	123.9	903.0	n/a	n/a	n/a	n/a
135.555	0.02	saccade	n/a	127.5	125.1	n/a	187.0	118.5	2.34	174.0
135.577	0.216	fixation	n/a	182.8	118.5	879.0	n/a	n/a	n/a	n/a
135.795	0.018	saccade	n/a	182.5	118.5	n/a	226.1	116.5	1.73	143.0
135.815	0.286	fixation	n/a	220.9	116.3	850.0	n/a	n/a	n/a	n/a
136.103	0.022	saccade	n/a	220.4	116.0	n/a	301.1	118.1	3.22	227.0
136.127	0.208	fixation	n/a	309.7	116.7	858.0	n/a	n/a	n/a	n/a
136.337	0.024	saccade	n/a	309.4	115.8	n/a	371.9	126.5	2.55	172.0
136.363	0.19	fixation	n/a	373.3	125.4	853.0	n/a	n/a	n/a	n/a
136.555	0.018	saccade	n/a	373.2	125.5	n/a	424.5	125.8	2.07	165.0
136.575	0.162	fixation	n/a	423.1	125.6	856.0	n/a	n/a	n/a	n/a
136.739	0.094	saccade	n/a	421.7	129.1	n/a	202.1	69.1	9.1	184.0
136.835	0.142	fixation	n/a	188.1	68.4	811.0	n/a	n/a	n/a	n/a
136.979	0.016	saccade	n/a	188.7	68.0	n/a	156.2	56.9	1.35	127.0
136.997	0.582	fixation	n/a	163.1	62.0	806.0	n/a	n/a	n/a	n/a
137.581	0.016	saccade	n/a	165.1	66.9	n/a	129.2	59.5	1.43	124.0
137.599	0.202	fixation	n/a	136.0	63.0	860.0	n/a	n/a	n/a	n/a
137.803	0.022	saccade	n/a	134.0	65.0	n/a	204.8	58.1	2.79	192.0
137.827	0.23	fixation	n/a	205.3	56.5	897.0	n/a	n/a	n/a	n/a
138.059	0.02	saccade	n/a	205.7	57.0	n/a	260.0	54.1	2.16	165.0
138.081	0.19	fixation	n/a	258.4	54.8	902.0	n/a	n/a	n/a	n/a
138.273	0.02	saccade	n/a	256.6	56.4	n/a	311.5	63.4	2.21	177.0
138.295	0.206	fixation	n/a	315.9	61.0	905.0	n/a	n/a	n/a	n/a
138.503	0.024	saccade	n/a	315.9	61.6	n/a	400.1	73.8	3.42	220.0
138.529	0.222	fixation	n/a	404.2	72.4	901.0	n/a	n/a	n/a	n/a
138.753	0.02	saccade	n/a	403.4	73.7	n/a	452.7	71.3	1.99	144.0
138.775	0.3	fixation	n/a	447.4	69.6	850.0	n/a	n/a	n/a	n/a
139.077	0.01	saccade	n/a	447.1	70.8	n/a	427.4	66.1	0.82	84.0
139.089	0.148	fixation	n/a	432.9	69.4	842.0	n/a	n/a	n/a	n/a
139.239	0.02	saccade	n/a	432.2	69.6	n/a	481.4	71.3	1.98	152.0
139.261	0.494	fixation	n/a	478.1	71.3	899.0	n/a	n/a	n/a	n/a
139.628	0.0	trigger_11	11	n/a	n/a	n/a	n/a	n/a	n/a	n/a
139.634	0.0	trigger_10	10	n/a	n/a	n/a	n/a	n/a	n/a	n/a
139.757	0.02	saccade	n/a	476.0	72.1	n/a	426.4	67.9	2.0	164.0
139.779	0.32	fixation	n/a	431.1	71.6	957.0	n/a	n/a	n/a	n/a
140.101	0.016	saccade	n/a	432.7	75.3	n/a	468.9	75.4	1.46	121.0
140.119	0.266	fixation	n/a	466.7	74.9	976.0	n/a	n/a	n/a	n/a
140.387	0.014	saccade	n/a	468.1	73.7	n/a	494.9	73.0	1.08	95.0
140.403	0.122	fixation	n/a	496.3	75.2	981.0	n/a	n/a	n/a	n/a
140.527	0.064	saccade	n/a	498.3	77.2	n/a	155.3	115.7	13.7	480.0
140.593	0.14	fixation	n/a	149.8	116.2	990.0	n/a	n/a	n/a	n/a
140.735	0.018	saccade	n/a	149.9	117.6	n/a	130.8	116.0	0.75	79.0
140.755	0.088	fixation	n/a	136.9	118.0	996.0	n/a	n/a	n/a	n/a
140.845	0.024	saccade	n/a	135.6	119.2	n/a	213.2	124.0	3.06	233.0
140.871	0.184	fixation	n/a	204.7	121.6	986.0	n/a	n/a	n/a	n/a
141.057	0.09	saccade	n/a	208.0	123.8	n/a	228.4	115.3	0.88	294.0
141.149	0.172	fixation	n/a	228.5	117.6	934.0	n/a	n/a	n/a	n/a
141.323	0.024	saccade	n/a	229.8	120.6	n/a	144.8	69.3	3.94	291.0
141.349	0.486	fixation	n/a	147.0	64.1	900.0	n/a	n/a	n/a	n/a
141.837	0.008	saccade	n/a	144.2	65.1	n/a	130.5	60.0	0.57	70.0
141.847	0.176	fixation	n/a	133.1	62.2	919.0	n/a	n/a	n/a	n/a
142.025	0.018	saccade	n/a	131.8	64.7	n/a	184.3	57.9	2.07	161.0
142.045	0.242	fixation	n/a	191.0	57.7	920.0	n/a	n/a	n/a	n/a
142.289	0.024	saccade	n/a	192.5	57.9	n/a	265.5	54.5	2.89	208.0
142.315	0.182	fixation	n/a	263.0	53.0	908.0	n/a	n/a	n/a	n/a
142.499	0.022	saccade	n/a	262.5	53.5	n/a	337.8	65.9	3.05	226.0
142.523	0.204	fixation	n/a	331.9	63.2	920.0	n/a	n/a	n/a	n/a
142.729	0.02	saccade	n/a	334.4	67.1	n/a	382.7	70.5	1.95	162.0
142.751	0.182	fixation	n/a	380.0	70.6	933.0	n/a	n/a	n/a	n/a
142.935	0.024	saccade	n/a	379.8	73.0	n/a	454.1	76.4	2.99	212.0
142.961	0.194	fixation	n/a	447.5	75.7	950.0	n/a	n/a	n/a	n/a
143.157	0.024	saccade	n/a	447.2	76.4	n/a	519.3	78.3	2.89	204.0
143.183	0.296	fixation	n/a	517.7	79.0	976.0	n/a	n/a	n/a	n/a
143.481	0.022	saccade	n/a	518.0	79.5	n/a	461.1	75.7	2.29	158.0
143.505	0.162	fixation	n/a	471.9	77.1	957.0	n/a	n/a	n/a	n/a
143.669	0.022	saccade	n/a	471.3	75.5	n/a	537.5	76.5	2.65	202.0
143.693	0.248	fixation	n/a	531.4	71.3	982.0	n/a	n/a	n/a	n/a
143.943	0.068	saccade	n/a	531.4	70.5	n/a	153.4	115.0	15.05	445.0
144.013	0.542	fixation	n/a	146.8	119.2	1004.0	n/a	n/a	n/a	n/a
144.372	0.0	trigger_11	11	n/a	n/a	n/a	n/a	n/a	n/a	n/a
144.376	0.0	trigger_10	10	n/a	n/a	n/a	n/a	n/a	n/a	n/a
144.557	0.02	saccade	n/a	144.6	120.5	n/a	196.9	114.3	2.07	152.0
144.579	0.288	fixation	n/a	199.1	116.3	957.0	n/a	n/a	n/a	n/a
144.869	0.018	saccade	n/a	196.7	119.8	n/a	240.1	125.8	1.74	126.0
144.889	0.14	fixation	n/a	236.4	125.0	980.0	n/a	n/a	n/a	n/a
145.031	0.028	saccade	n/a	235.1	125.4	n/a	116.7	118.4	4.66	290.0
145.061	0.46	fixation	n/a	125.2	121.8	938.0	n/a	n/a	n/a	n/a
145.523	0.024	saccade	n/a	124.5	122.2	n/a	197.5	112.2	2.89	201.0
145.549	0.244	fixation	n/a	195.2	113.9	912.0	n/a	n/a	n/a	n/a
145.795	0.018	saccade	n/a	197.1	115.3	n/a	238.9	114.7	1.66	127.0
145.815	0.166	fixation	n/a	241.2	116.5	915.0	n/a	n/a	n/a	n/a
145.983	0.028	saccade	n/a	244.1	119.7	n/a	144.5	69.1	4.43	284.0
146.013	0.158	fixation	n/a	149.8	67.1	907.0	n/a	n/a	n/a	n/a
146.173	0.018	saccade	n/a	150.2	65.6	n/a	133.9	57.2	0.72	81.0
146.193	0.562	fixation	n/a	143.6	61.4	902.0	n/a	n/a	n/a	n/a
146.757	0.024	saccade	n/a	149.8	59.4	n/a	220.2	56.7	2.77	203.0
146.783	0.26	fixation	n/a	215.9	56.3	919.0	n/a	n/a	n/a	n/a
147.045	0.024	saccade	n/a	216.3	57.6	n/a	286.5	55.5	2.8	182.0
147.071	0.144	fixation	n/a	296.4	57.3	930.0	n/a	n/a	n/a	n/a
147.217	0.022	saccade	n/a	296.8	59.4	n/a	365.8	74.6	2.84	219.0
147.241	0.162	fixation	n/a	360.8	72.2	965.0	n/a	n/a	n/a	n/a
147.405	0.022	saccade	n/a	362.2	75.6	n/a	426.1	77.0	2.58	182.0
147.429	0.38	fixation	n/a	426.9	78.0	997.0	n/a	n/a	n/a	n/a
147.811	0.018	saccade	n/a	428.2	80.1	n/a	476.0	79.1	1.92	140.0
147.831	0.082	fixation	n/a	478.7	76.6	986.0	n/a	n/a	n/a	n/a
147.915	0.02	saccade	n/a	478.2	79.0	n/a	521.4	74.1	1.74	142.0
147.937	0.298	fixation	n/a	514.0	75.1	995.0	n/a	n/a	n/a	n/a
148.237	0.064	saccade	n/a	513.6	77.0	n/a	163.7	116.2	13.95	439.0
148.303	0.264	fixation	n/a	154.5	118.5	980.0	n/a	n/a	n/a	n/a
148.569	0.022	saccade	n/a	153.8	120.4	n/a	230.5	121.8	3.02	236.0
148.593	0.22	fixation	n/a	223.3	116.2	930.0	n/a	n/a	n/a	n/a
148.7	0.0	trigger_11	11	n/a	n/a	n/a	n/a	n/a	n/a	n/a
148.704	0.0	trigger_10	10	n/a	n/a	n/a	n/a	n/a	n/a	n/a
148.815	0.016	saccade	n/a	223.0	114.7	n/a	192.0	112.4	1.23	112.0
148.833	0.11	fixation	n/a	200.8	114.3	898.0	n/a	n/a	n/a	n/a
148.945	0.022	saccade	n/a	200.1	115.8	n/a	268.5	118.3	2.72	223.0
148.969	0.316	fixation	n/a	259.8	120.3	927.0	n/a	n/a	n/a	n/a
149.287	0.006	saccade	n/a	261.4	126.3	n/a	272.3	126.9	0.44	69.0
149.295	0.478	fixation	n/a	247.3	122.1	908.0	n/a	n/a	n/a	n/a
149.775	0.018	saccade	n/a	244.8	122.9	n/a	282.9	121.9	1.52	132.0
149.795	0.16	fixation	n/a	278.8	121.4	911.0	n/a	n/a	n/a	n/a
149.957	0.02	saccade	n/a	279.2	122.8	n/a	335.6	127.9	2.27	193.0
149.979	0.35	fixation	n/a	331.5	128.1	907.0	n/a	n/a	n/a	n/a
150.331	0.042	saccade	n/a	332.2	128.7	n/a	145.1	61.7	7.89	360.0
150.375	0.226	fixation	n/a	156.9	65.8	853.0	n/a	n/a	n/a	n/a
150.603	0.012	saccade	n/a	158.6	66.1	n/a	172.0	57.0	0.64	61.0
150.617	0.286	fixation	n/a	172.8	61.9	887.0	n/a	n/a	n/a	n/a
150.905	0.02	saccade	n/a	174.3	63.6	n/a	124.3	62.3	1.95	160.0
150.927	0.48	fixation	n/a	133.6	65.8	934.0	n/a	n/a	n/a	n/a
151.409	0.018	saccade	n/a	134.7	65.0	n/a	185.6	59.0	2.01	166.0
151.429	0.144	fixation	n/a	188.8	57.8	935.0	n/a	n/a	n/a	n/a
151.575	0.024	saccade	n/a	189.1	60.7	n/a	258.6	56.2	2.76	179.0
151.601	0.264	fixation	n/a	260.8	56.4	918.0	n/a	n/a	n/a	n/a
151.867	0.016	saccade	n/a	260.6	57.9	n/a	295.6	53.2	1.41	127.0
151.885	0.202	fixation	n/a	292.5	52.6	914.0	n/a	n/a	n/a	n/a
152.089	0.03	saccade	n/a	292.4	52.9	n/a	393.3	72.7	4.13	251.0
152.121	0.262	fixation	n/a	389.1	69.5	921.0	n/a	n/a	n/a	n/a
152.385	0.024	saccade	n/a	388.5	69.8	n/a	462.9	68.7	2.99	197.0
152.411	0.204	fixation	n/a	461.8	68.8	939.0	n/a	n/a	n/a	n/a
152.492	0.0	trigger_11	11	n/a	n/a	n/a	n/a	n/a	n/a	n/a
152.496	0.0	trigger_10	10	n/a	n/a	n/a	n/a	n/a	n/a	n/a
152.617	0.018	saccade	n/a	459.9	70.0	n/a	510.1	69.4	2.01	163.0
152.637	0.19	fixation	n/a	507.8	70.3	942.0	n/a	n/a	n/a	n/a
152.829	0.022	saccade	n/a	508.4	73.2	n/a	566.1	73.6	2.3	162.0
152.853	0.23	fixation	n/a	567.7	70.4	942.0	n/a	n/a	n/a	n/a
153.085	0.09	saccade	n/a	571.5	71.6	n/a	154.4	110.3	16.5	454.0
153.177	0.27	fixation	n/a	145.8	111.8	941.0	n/a	n/a	n/a	n/a
153.449	0.022	saccade	n/a	144.6	114.1	n/a	224.3	119.1	3.14	247.0
153.473	0.194	fixation	n/a	219.3	117.2	966.0	n/a	n/a	n/a	n/a
153.669	0.022	saccade	n/a	220.2	118.1	n/a	291.8	122.4	2.86	231.0
153.693	0.274	fixation	n/a	285.3	123.1	967.0	n/a	n/a	n/a	n/a
153.969	0.022	saccade	n/a	285.7	126.3	n/a	341.7	135.6	2.28	175.0
153.993	0.198	fixation	n/a	336.0	132.1	965.0	n/a	n/a	n/a	n/a
154.193	0.066	saccade	n/a	335.5	135.1	n/a	177.5	74.3	6.75	182.0
154.261	0.198	fixation	n/a	151.1	71.9	948.0	n/a	n/a	n/a	n/a
154.461	0.012	saccade	n/a	151.9	70.6	n/a	176.4	60.2	1.05	99.0
154.475	0.214	fixation	n/a	175.0	64.2	945.0	n/a	n/a	n/a	n/a
154.691	0.022	saccade	n/a	177.5	66.1	n/a	124.7	61.7	2.07	164.0
154.715	0.474	fixation	n/a	133.7	64.5	962.0	n/a	n/a	n/a	n/a
155.191	0.02	saccade	n/a	132.2	63.7	n/a	178.8	58.5	1.84	149.0
155.213	0.16	fixation	n/a	175.4	57.1	931.0	n/a	n/a	n/a	n/a
155.375	0.022	saccade	n/a	173.9	58.3	n/a	232.3	54.0	2.31	176.0
155.399	0.208	fixation	n/a	228.4	54.0	907.0	n/a	n/a	n/a	n/a
155.609	0.02	saccade	n/a	228.6	55.5	n/a	282.6	49.9	2.16	159.0
155.631	0.186	fixation	n/a	284.0	50.5	874.0	n/a	n/a	n/a	n/a
155.819	0.022	saccade	n/a	284.1	51.0	n/a	361.3	62.5	3.14	221.0
155.843	0.206	fixation	n/a	368.1	63.2	886.0	n/a	n/a	n/a	n/a
156.051	0.024	saccade	n/a	369.9	64.7	n/a	300.1	50.5	2.86	218.0
156.077	0.224	fixation	n/a	307.4	54.7	873.0	n/a	n/a	n/a	n/a
156.303	0.126	saccade	n/a	307.1	60.1	n/a	328.2	40.8	1.16	505.0
156.351	0.018	blink	n/a	n/a	n/a	n/a	n/a	n/a	n/a	n/a
156.431	0.19	fixation	n/a	331.0	62.8	887.0	n/a	n/a	n/a	n/a
156.623	0.02	saccade	n/a	331.7	64.9	n/a	394.3	72.9	2.54	199.0
156.645	0.29	fixation	n/a	393.7	71.0	890.0	n/a	n/a	n/a	n/a
156.937	0.016	saccade	n/a	393.1	70.8	n/a	431.6	70.2	1.55	124.0
156.955	0.456	fixation	n/a	434.2	68.8	870.0	n/a	n/a	n/a	n/a
157.413	0.006	saccade	n/a	432.2	74.6	n/a	423.8	71.8	0.36	58.0
157.421	0.312	fixation	n/a	426.8	71.1	855.0	n/a	n/a	n/a	n/a
157.735	0.014	saccade	n/a	428.4	73.6	n/a	456.5	67.8	1.16	106.0
157.751	0.208	fixation	n/a	454.6	68.9	871.0	n/a	n/a	n/a	n/a
157.961	0.018	saccade	n/a	454.2	71.0	n/a	494.9	71.1	1.63	128.0
157.981	0.256	fixation	n/a	489.2	70.9	902.0	n/a	n/a	n/a	n/a
158.239	0.016	saccade	n/a	488.9	71.7	n/a	529.2	70.3	1.62	139.0
158.257	0.494	fixation	n/a	526.6	71.5	930.0	n/a	n/a	n/a	n/a
158.708	0.0	trigger_11	11	n/a	n/a	n/a	n/a	n/a	n/a	n/a
158.712	0.0	trigger_10	10	n/a	n/a	n/a	n/a	n/a	n/a	n/a
158.753	0.058	saccade	n/a	526.6	76.8	n/a	126.8	111.3	15.83	436.0
158.813	0.51	fixation	n/a	138.0	115.6	910.0	n/a	n/a	n/a	n/a
159.325	0.02	saccade	n/a	138.6	116.6	n/a	192.5	113.0	2.12	162.0
159.347	0.328	fixation	n/a	191.0	112.7	865.0	n/a	n/a	n/a	n/a
159.677	0.02	saccade	n/a	190.6	113.0	n/a	157.8	74.9	2.01	138.0
159.699	0.124	fixation	n/a	158.8	58.4	879.0	n/a	n/a	n/a	n/a
159.825	0.024	saccade	n/a	159.2	58.9	n/a	237.2	52.9	3.09	216.0
159.851	0.274	fixation	n/a	244.6	54.4	897.0	n/a	n/a	n/a	n/a
160.127	0.026	saccade	n/a	244.3	56.6	n/a	347.7	70.4	4.17	279.0
160.155	0.248	fixation	n/a	349.4	69.5	943.0	n/a	n/a	n/a	n/a
160.405	0.046	saccade	n/a	350.8	69.5	n/a	136.6	57.0	8.48	382.0
160.453	0.444	fixation	n/a	147.9	58.6	923.0	n/a	n/a	n/a	n/a
160.899	0.014	saccade	n/a	149.2	60.7	n/a	121.8	56.3	1.08	95.0
160.915	0.174	fixation	n/a	131.5	59.7	957.0	n/a	n/a	n/a	n/a
161.091	0.02	saccade	n/a	132.3	62.1	n/a	181.1	55.1	1.93	153.0
161.113	0.284	fixation	n/a	178.0	56.4	958.0	n/a	n/a	n/a	n/a
161.399	0.018	saccade	n/a	177.4	58.0	n/a	214.8	56.0	1.48	118.0
161.419	0.196	fixation	n/a	210.5	55.5	937.0	n/a	n/a	n/a	n/a
161.617	0.02	saccade	n/a	208.2	58.6	n/a	254.9	52.9	1.87	149.0
161.639	0.14	fixation	n/a	249.1	53.7	960.0	n/a	n/a	n/a	n/a
161.781	0.02	saccade	n/a	247.9	54.8	n/a	294.5	63.5	1.89	160.0
161.803	0.262	fixation	n/a	290.7	61.1	961.0	n/a	n/a	n/a	n/a
162.067	0.018	saccade	n/a	292.4	62.9	n/a	338.8	66.9	1.87	158.0
162.087	0.204	fixation	n/a	337.7	69.8	953.0	n/a	n/a	n/a	n/a
162.293	0.018	saccade	n/a	339.4	70.1	n/a	302.7	61.0	1.52	124.0
162.313	0.642	fixation	n/a	314.8	64.6	946.0	n/a	n/a	n/a	n/a
162.957	0.02	saccade	n/a	319.2	72.5	n/a	375.7	75.9	2.28	176.0
162.979	0.276	fixation	n/a	374.3	74.7	982.0	n/a	n/a	n/a	n/a
163.257	0.02	saccade	n/a	376.2	78.0	n/a	421.2	77.7	1.81	140.0
163.279	0.276	fixation	n/a	432.3	76.1	989.0	n/a	n/a	n/a	n/a
163.557	0.016	saccade	n/a	434.0	74.9	n/a	396.2	72.6	1.53	124.0
163.575	0.176	fixation	n/a	403.4	75.9	967.0	n/a	n/a	n/a	n/a
163.753	0.02	saccade	n/a	402.5	75.4	n/a	455.6	70.1	2.15	162.0
163.775	0.28	fixation	n/a	459.9	71.1	962.0	n/a	n/a	n/a	n/a
164.057	0.018	saccade	n/a	460.5	74.5	n/a	507.9	72.9	1.9	148.0
164.077	0.29	fixation	n/a	505.3	71.2	986.0	n/a	n/a	n/a	n/a
164.212	0.0	trigger_11	11	n/a	n/a	n/a	n/a	n/a	n/a	n/a
164.222	0.0	trigger_10	10	n/a	n/a	n/a	n/a	n/a	n/a	n/a
164.369	0.016	saccade	n/a	503.9	72.5	n/a	538.8	71.3	1.39	120.0
164.387	0.1	fixation	n/a	539.1	70.6	972.0	n/a	n/a	n/a	n/a
164.489	0.07	saccade	n/a	540.7	71.2	n/a	150.1	115.1	15.51	440.0
164.561	0.45	fixation	n/a	141.0	115.4	940.0	n/a	n/a	n/a	n/a
165.013	0.022	saccade	n/a	139.7	115.8	n/a	195.4	111.3	2.2	167.0
165.037	0.184	fixation	n/a	194.1	110.6	900.0	n/a	n/a	n/a	n/a
165.223	0.024	saccade	n/a	195.2	110.9	n/a	261.3	109.4	2.63	184.0
165.249	0.296	fixation	n/a	255.9	111.5	910.0	n/a	n/a	n/a	n/a
165.547	0.018	saccade	n/a	256.1	115.9	n/a	308.2	119.1	2.09	174.0
165.567	0.234	fixation	n/a	309.0	120.2	919.0	n/a	n/a	n/a	n/a
165.803	0.042	saccade	n/a	312.6	124.2	n/a	151.6	52.4	7.01	350.0
165.847	0.55	fixation	n/a	163.8	55.2	890.0	n/a	n/a	n/a	n/a
166.399	0.018	saccade	n/a	164.7	57.0	n/a	126.1	54.1	1.51	117.0
166.419	0.154	fixation	n/a	137.8	55.9	938.0	n/a	n/a	n/a	n/a
166.575	0.022	saccade	n/a	136.2	55.6	n/a	193.9	51.6	2.26	179.0
166.599	0.146	fixation	n/a	187.5	51.0	957.0	n/a	n/a	n/a	n/a
166.747	0.02	saccade	n/a	187.4	51.9	n/a	151.5	53.1	1.41	132.0
166.769	0.248	fixation	n/a	161.2	54.7	942.0	n/a	n/a	n/a	n/a
167.019	0.022	saccade	n/a	161.9	57.8	n/a	233.5	54.0	2.83	209.0
167.043	0.152	fixation	n/a	229.6	54.0	965.0	n/a	n/a	n/a	n/a
167.197	0.108	saccade	n/a	232.9	56.7	n/a	258.5	38.8	1.25	422.0
167.307	0.264	fixation	n/a	257.4	55.7	956.0	n/a	n/a	n/a	n/a
167.573	0.02	saccade	n/a	256.7	57.7	n/a	310.2	65.4	2.16	169.0
167.595	0.382	fixation	n/a	303.8	60.4	892.0	n/a	n/a	n/a	n/a
167.979	0.018	saccade	n/a	303.0	59.4	n/a	266.1	52.4	1.5	129.0
167.999	0.358	fixation	n/a	271.8	56.8	857.0	n/a	n/a	n/a	n/a
168.359	0.018	saccade	n/a	270.4	60.3	n/a	309.0	56.0	1.56	137.0
168.379	0.3	fixation	n/a	305.5	59.3	877.0	n/a	n/a	n/a	n/a
168.681	0.018	saccade	n/a	305.7	63.1	n/a	350.3	63.8	1.79	130.0
168.701	0.112	fixation	n/a	354.8	64.8	916.0	n/a	n/a	n/a	n/a
168.815	0.02	saccade	n/a	355.3	67.2	n/a	413.0	73.1	2.33	170.0
168.837	0.256	fixation	n/a	411.6	73.0	934.0	n/a	n/a	n/a	n/a
169.068	0.0	trigger_11	11	n/a	n/a	n/a	n/a	n/a	n/a	n/a
169.076	0.0	trigger_10	10	n/a	n/a	n/a	n/a	n/a	n/a	n/a
169.095	0.02	saccade	n/a	412.2	73.0	n/a	459.4	71.8	1.9	146.0
169.117	0.17	fixation	n/a	453.5	68.1	915.0	n/a	n/a	n/a	n/a
169.289	0.024	saccade	n/a	453.1	66.7	n/a	519.3	67.6	2.65	182.0
169.315	0.182	fixation	n/a	517.0	67.1	924.0	n/a	n/a	n/a	n/a
169.499	0.018	saccade	n/a	518.7	68.7	n/a	564.5	68.5	1.82	124.0
169.519	0.182	fixation	n/a	561.7	68.3	936.0	n/a	n/a	n/a	n/a
169.703	0.068	saccade	n/a	562.9	69.7	n/a	156.5	106.4	16.1	491.0
169.773	0.126	fixation	n/a	146.9	107.4	914.0	n/a	n/a	n/a	n/a
169.901	0.02	saccade	n/a	146.1	109.2	n/a	114.3	115.8	1.27	133.0
169.923	0.274	fixation	n/a	122.8	117.2	897.0	n/a	n/a	n/a	n/a
170.199	0.018	saccade	n/a	122.8	119.9	n/a	163.2	112.8	1.6	140.0
170.219	0.218	fixation	n/a	157.3	111.5	869.0	n/a	n/a	n/a	n/a
170.439	0.018	saccade	n/a	157.4	113.5	n/a	143.4	74.4	1.67	133.0
170.459	0.18	fixation	n/a	148.4	70.0	860.0	n/a	n/a	n/a	n/a
170.641	0.014	saccade	n/a	148.1	71.1	n/a	171.0	52.5	1.17	102.0
170.657	0.236	fixation	n/a	171.1	57.5	868.0	n/a	n/a	n/a	n/a
170.895	0.016	saccade	n/a	171.9	59.8	n/a	142.4	58.3	1.16	107.0
170.913	0.578	fixation	n/a	152.0	63.2	875.0	n/a	n/a	n/a	n/a
171.493	0.022	saccade	n/a	149.6	62.7	n/a	224.9	54.5	2.98	206.0
171.517	0.234	fixation	n/a	228.4	53.5	892.0	n/a	n/a	n/a	n/a
171.753	0.02	saccade	n/a	228.8	53.8	n/a	278.3	54.2	1.97	162.0
171.775	0.136	fixation	n/a	272.5	53.9	870.0	n/a	n/a	n/a	n/a
171.913	0.02	saccade	n/a	272.8	55.4	n/a	330.7	58.5	2.32	180.0
171.935	0.726	fixation	n/a	322.8	58.8	861.0	n/a	n/a	n/a	n/a
172.663	0.02	saccade	n/a	320.6	62.5	n/a	367.7	65.7	1.9	153.0
172.685	0.146	fixation	n/a	367.8	64.5	852.0	n/a	n/a	n/a	n/a
172.833	0.02	saccade	n/a	368.1	64.1	n/a	416.2	70.7	1.96	147.0
172.855	0.18	fixation	n/a	413.9	68.6	860.0	n/a	n/a	n/a	n/a
173.037	0.016	saccade	n/a	413.7	69.5	n/a	382.8	63.9	1.27	121.0
173.055	0.236	fixation	n/a	390.7	66.8	872.0	n/a	n/a	n/a	n/a
173.293	0.018	saccade	n/a	390.2	68.9	n/a	430.0	69.2	1.6	135.0
173.313	0.094	fixation	n/a	424.9	70.3	901.0	n/a	n/a	n/a	n/a
173.409	0.014	saccade	n/a	425.3	70.3	n/a	453.3	72.4	1.13	107.0
173.425	0.236	fixation	n/a	447.0	73.3	924.0	n/a	n/a	n/a	n/a
173.663	0.018	saccade	n/a	447.0	76.4	n/a	493.1	74.4	1.85	144.0
173.683	0.194	fixation	n/a	493.5	74.7	938.0	n/a	n/a	n/a	n/a
173.879	0.016	saccade	n/a	493.3	76.4	n/a	528.0	77.4	1.39	118.0
173.897	0.156	fixation	n/a	528.2	76.2	949.0	n/a	n/a	n/a	n/a
174.055	0.06	saccade	n/a	529.1	75.9	n/a	162.7	110.7	14.58	429.0
174.117	0.116	fixation	n/a	168.5	111.2	944.0	n/a	n/a	n/a	n/a
174.235	0.02	saccade	n/a	168.8	112.1	n/a	120.3	118.0	1.91	158.0
174.257	0.338	fixation	n/a	127.2	118.4	928.0	n/a	n/a	n/a	n/a
174.597	0.022	saccade	n/a	124.1	118.9	n/a	191.0	112.9	2.63	199.0
174.621	0.186	fixation	n/a	187.1	113.6	900.0	n/a	n/a	n/a	n/a
174.809	0.024	saccade	n/a	188.0	114.9	n/a	266.2	119.7	3.11	230.0
174.835	0.186	fixation	n/a	257.5	119.5	913.0	n/a	n/a	n/a	n/a
175.023	0.022	saccade	n/a	256.6	121.9	n/a	315.4	125.5	2.36	185.0
175.047	0.226	fixation	n/a	311.3	125.6	921.0	n/a	n/a	n/a	n/a
175.275	0.022	saccade	n/a	312.8	127.2	n/a	385.7	131.4	2.94	219.0
175.299	0.186	fixation	n/a	394.4	131.4	917.0	n/a	n/a	n/a	n/a
175.487	0.022	saccade	n/a	395.5	132.1	n/a	469.2	128.2	2.97	220.0
175.511	0.29	fixation	n/a	468.9	130.0	904.0	n/a	n/a	n/a	n/a
175.803	0.022	saccade	n/a	468.2	131.4	n/a	531.2	132.0	2.53	176.0
175.827	0.204	fixation	n/a	529.9	130.9	879.0	n/a	n/a	n/a	n/a
176.033	0.012	saccade	n/a	534.4	135.6	n/a	555.3	131.7	0.85	79.0
176.047	0.124	fixation	n/a	552.7	135.4	863.0	n/a	n/a	n/a	n/a
176.173	0.056	saccade	n/a	553.1	134.8	n/a	164.8	168.7	15.41	436.0
176.231	0.108	fixation	n/a	174.7	169.3	846.0	n/a	n/a	n/a	n/a
176.341	0.02	saccade	n/a	174.2	170.5	n/a	120.4	177.2	2.11	177.0
176.363	0.238	fixation	n/a	131.4	176.0	845.0	n/a	n/a	n/a	n/a
176.603	0.022	saccade	n/a	132.2	175.7	n/a	191.1	168.2	2.32	178.0
176.627	0.256	fixation	n/a	189.7	168.9	842.0	n/a	n/a	n/a	n/a
176.885	0.034	saccade	n/a	190.8	172.9	n/a	313.7	184.5	4.91	266.0
176.921	0.148	fixation	n/a	316.2	186.7	870.0	n/a	n/a	n/a	n/a
177.071	0.314	saccade	n/a	315.8	193.7	n/a	400.8	194.2	3.41	693.0
177.111	0.206	blink	n/a	n/a	n/a	n/a	n/a	n/a	n/a	n/a
177.387	0.122	fixation	n/a	403.3	197.7	869.0	n/a	n/a	n/a	n/a
177.511	0.02	saccade	n/a	404.3	199.0	n/a	454.3	195.2	2.01	150.0
177.533	0.222	fixation	n/a	452.4	194.7	849.0	n/a	n/a	n/a	n/a
177.757	0.018	saccade	n/a	452.9	196.6	n/a	496.8	189.9	1.78	150.0
177.777	0.166	fixation	n/a	502.7	190.3	797.0	n/a	n/a	n/a	n/a
177.806	0.0	trigger_11	11	n/a	n/a	n/a	n/a	n/a	n/a	n/a
177.812	0.0	trigger_10	10	n/a	n/a	n/a	n/a	n/a	n/a	n/a
177.945	0.018	saccade	n/a	502.5	190.6	n/a	548.3	190.6	1.83	144.0
177.965	0.178	fixation	n/a	550.7	189.9	777.0	n/a	n/a	n/a	n/a
178.145	0.012	saccade	n/a	551.7	191.8	n/a	574.9	192.8	0.92	91.0
178.159	0.052	fixation	n/a	572.6	193.2	775.0	n/a	n/a	n/a	n/a
178.213	0.064	saccade	n/a	572.7	192.8	n/a	175.6	230.5	15.74	495.0
178.279	0.126	fixation	n/a	165.0	231.5	782.0	n/a	n/a	n/a	n/a
178.407	0.018	saccade	n/a	164.1	231.4	n/a	124.3	233.1	1.55	140.0
178.427	0.22	fixation	n/a	133.4	232.6	788.0	n/a	n/a	n/a	n/a
178.649	0.026	saccade	n/a	134.1	233.4	n/a	223.2	235.5	3.49	268.0
178.677	0.244	fixation	n/a	221.4	234.0	806.0	n/a	n/a	n/a	n/a
178.923	0.024	saccade	n/a	223.5	235.4	n/a	307.3	246.2	3.36	252.0
178.949	0.152	fixation	n/a	306.4	246.7	841.0	n/a	n/a	n/a	n/a
179.103	0.022	saccade	n/a	305.1	248.3	n/a	376.9	250.6	2.87	195.0
179.127	0.16	fixation	n/a	370.6	248.9	862.0	n/a	n/a	n/a	n/a
179.289	0.022	saccade	n/a	370.4	249.4	n/a	438.8	249.1	2.74	202.0
179.313	0.164	fixation	n/a	430.7	247.4	868.0	n/a	n/a	n/a	n/a
179.479	0.056	saccade	n/a	432.0	247.4	n/a	149.7	74.1	13.17	459.0
179.537	0.13	fixation	n/a	158.3	73.0	820.0	n/a	n/a	n/a	n/a
179.669	0.018	saccade	n/a	157.1	71.7	n/a	149.0	46.7	1.05	108.0
179.689	0.396	fixation	n/a	152.3	57.5	830.0	n/a	n/a	n/a	n/a
180.087	0.022	saccade	n/a	156.2	63.8	n/a	227.5	58.2	2.82	220.0
180.111	0.248	fixation	n/a	222.1	57.5	922.0	n/a	n/a	n/a	n/a
180.361	0.026	saccade	n/a	221.4	57.4	n/a	304.2	64.0	3.32	207.0
180.389	0.22	fixation	n/a	298.8	62.3	904.0	n/a	n/a	n/a	n/a
180.611	0.022	saccade	n/a	299.7	63.3	n/a	359.8	71.0	2.44	186.0
180.635	0.176	fixation	n/a	357.1	69.5	919.0	n/a	n/a	n/a	n/a
180.813	0.022	saccade	n/a	355.8	69.3	n/a	424.3	75.3	2.77	190.0
180.837	0.38	fixation	n/a	421.8	76.1	936.0	n/a	n/a	n/a	n/a
181.219	0.018	saccade	n/a	422.2	78.2	n/a	376.9	73.5	1.84	150.0
181.239	0.444	fixation	n/a	389.1	78.2	949.0	n/a	n/a	n/a	n/a
181.685	0.018	saccade	n/a	388.8	82.3	n/a	440.8	79.5	2.1	163.0
181.705	0.276	fixation	n/a	439.2	81.2	962.0	n/a	n/a	n/a	n/a
181.983	0.016	saccade	n/a	435.9	81.5	n/a	474.2	79.8	1.54	125.0
182.001	0.26	fixation	n/a	473.8	78.7	919.0	n/a	n/a	n/a	n/a
182.263	0.022	saccade	n/a	474.4	79.4	n/a	536.3	77.4	2.48	172.0
182.287	0.208	fixation	n/a	532.5	77.1	909.0	n/a	n/a	n/a	n/a
182.497	0.066	saccade	n/a	533.4	79.2	n/a	163.7	121.5	14.74	456.0
182.565	0.128	fixation	n/a	154.6	121.6	898.0	n/a	n/a	n/a	n/a
182.695	0.02	saccade	n/a	155.4	122.4	n/a	113.1	126.3	1.66	140.0
182.717	0.2	fixation	n/a	124.7	126.7	889.0	n/a	n/a	n/a	n/a
182.806	0.0	trigger_11	11	n/a	n/a	n/a	n/a	n/a	n/a	n/a
182.81	0.0	trigger_10	10	n/a	n/a	n/a	n/a	n/a	n/a	n/a
182.919	0.02	saccade	n/a	124.2	128.0	n/a	177.0	115.6	2.13	175.0
182.941	0.454	fixation	n/a	171.7	118.1	889.0	n/a	n/a	n/a	n/a
183.397	0.024	saccade	n/a	171.7	120.1	n/a	252.6	125.1	3.2	238.0
183.423	0.158	fixation	n/a	257.6	124.9	916.0	n/a	n/a	n/a	n/a
183.583	0.024	saccade	n/a	256.8	126.0	n/a	342.5	130.3	3.43	227.0
183.609	0.158	fixation	n/a	351.6	130.5	921.0	n/a	n/a	n/a	n/a
183.769	0.022	saccade	n/a	351.8	130.2	n/a	412.8	134.1	2.46	183.0
183.793	0.158	fixation	n/a	407.7	133.1	920.0	n/a	n/a	n/a	n/a
183.953	0.024	saccade	n/a	408.7	133.1	n/a	481.6	127.6	2.94	198.0
183.979	0.168	fixation	n/a	477.9	130.9	913.0	n/a	n/a	n/a	n/a
184.149	0.022	saccade	n/a	479.4	133.2	n/a	539.2	130.9	2.39	162.0
184.173	0.15	fixation	n/a	538.5	128.9	902.0	n/a	n/a	n/a	n/a
184.325	0.02	saccade	n/a	539.1	131.5	n/a	534.8	79.5	2.12	141.0
184.347	0.114	fixation	n/a	540.2	76.8	876.0	n/a	n/a	n/a	n/a
184.463	0.064	saccade	n/a	540.1	77.7	n/a	181.1	62.5	14.23	481.0
184.529	0.192	fixation	n/a	167.9	64.2	841.0	n/a	n/a	n/a	n/a
184.723	0.01	saccade	n/a	168.6	65.1	n/a	153.0	58.3	0.67	70.0
184.735	0.264	fixation	n/a	157.2	61.6	841.0	n/a	n/a	n/a	n/a
185.001	0.018	saccade	n/a	157.8	63.4	n/a	121.5	56.5	1.44	122.0
185.021	0.272	fixation	n/a	130.8	60.7	849.0	n/a	n/a	n/a	n/a
185.295	0.018	saccade	n/a	128.1	62.1	n/a	179.7	56.7	2.03	166.0
185.315	0.114	fixation	n/a	174.5	56.3	839.0	n/a	n/a	n/a	n/a
185.431	0.022	saccade	n/a	175.1	57.6	n/a	244.9	56.0	2.77	221.0
185.455	0.344	fixation	n/a	237.5	55.4	847.0	n/a	n/a	n/a	n/a
185.801	0.02	saccade	n/a	237.7	57.1	n/a	285.1	58.1	1.89	157.0
185.823	0.344	fixation	n/a	279.6	59.5	896.0	n/a	n/a	n/a	n/a
186.169	0.02	saccade	n/a	280.8	62.5	n/a	328.6	70.4	1.94	153.0
186.191	0.222	fixation	n/a	322.4	68.9	925.0	n/a	n/a	n/a	n/a
186.415	0.018	saccade	n/a	322.0	70.0	n/a	286.2	59.8	1.49	126.0
186.435	0.2	fixation	n/a	292.7	63.2	934.0	n/a	n/a	n/a	n/a
186.637	0.014	saccade	n/a	295.7	68.6	n/a	311.8	66.0	0.65	51.0
186.653	0.374	fixation	n/a	339.8	71.0	960.0	n/a	n/a	n/a	n/a
187.029	0.028	saccade	n/a	343.6	74.1	n/a	245.6	54.3	4.0	264.0
187.059	0.226	fixation	n/a	257.9	61.6	956.0	n/a	n/a	n/a	n/a
187.287	0.024	saccade	n/a	257.2	62.8	n/a	336.0	74.9	3.19	248.0
187.313	0.286	fixation	n/a	327.1	73.9	960.0	n/a	n/a	n/a	n/a
187.601	0.012	saccade	n/a	326.0	74.7	n/a	349.0	72.2	0.93	92.0
187.615	0.274	fixation	n/a	343.7	69.6	931.0	n/a	n/a	n/a	n/a
187.886	0.0	trigger_11	11	n/a	n/a	n/a	n/a	n/a	n/a	n/a
187.891	0.016	saccade	n/a	342.3	67.7	n/a	376.8	71.3	1.4	130.0
187.892	0.0	trigger_10	10	n/a	n/a	n/a	n/a	n/a	n/a	n/a
187.909	0.128	fixation	n/a	373.4	70.6	900.0	n/a	n/a	n/a	n/a
188.039	0.05	saccade	n/a	375.2	70.9	n/a	187.1	55.7	7.52	434.0
188.091	0.614	fixation	n/a	181.9	56.3	859.0	n/a	n/a	n/a	n/a
188.707	0.022	saccade	n/a	175.2	56.6	n/a	244.2	53.6	2.74	201.0
188.731	0.296	fixation	n/a	246.5	53.6	839.0	n/a	n/a	n/a	n/a
189.029	0.018	saccade	n/a	247.0	55.8	n/a	289.5	50.1	1.71	140.0
189.049	0.23	fixation	n/a	289.8	52.5	822.0	n/a	n/a	n/a	n/a
189.281	0.018	saccade	n/a	291.5	54.7	n/a	334.9	54.8	1.74	146.0
189.301	0.226	fixation	n/a	333.3	56.3	835.0	n/a	n/a	n/a	n/a
189.529	0.02	saccade	n/a	334.3	57.6	n/a	378.5	68.0	1.83	145.0
189.551	0.144	fixation	n/a	375.6	67.9	867.0	n/a	n/a	n/a	n/a
189.697	0.042	saccade	n/a	378.0	69.8	n/a	154.3	56.2	8.89	378.0
189.741	0.17	fixation	n/a	168.5	57.7	854.0	n/a	n/a	n/a	n/a
189.913	0.02	saccade	n/a	168.4	59.0	n/a	138.4	58.9	1.17	122.0
189.935	0.388	fixation	n/a	145.7	62.6	878.0	n/a	n/a	n/a	n/a
190.325	0.024	saccade	n/a	144.0	64.1	n/a	215.2	55.7	2.82	217.0
190.351	0.194	fixation	n/a	212.3	57.1	909.0	n/a	n/a	n/a	n/a
190.547	0.022	saccade	n/a	212.5	58.2	n/a	271.4	58.1	2.34	177.0
190.571	0.416	fixation	n/a	266.9	55.7	906.0	n/a	n/a	n/a	n/a
190.989	0.02	saccade	n/a	268.1	55.1	n/a	306.2	62.1	1.55	130.0
191.011	0.382	fixation	n/a	293.6	62.8	953.0	n/a	n/a	n/a	n/a
191.395	0.02	saccade	n/a	289.9	67.4	n/a	341.4	72.9	2.08	168.0
191.417	0.172	fixation	n/a	340.7	73.9	982.0	n/a	n/a	n/a	n/a
191.591	0.022	saccade	n/a	339.9	75.4	n/a	400.7	80.1	2.45	188.0
191.615	0.202	fixation	n/a	401.2	81.0	987.0	n/a	n/a	n/a	n/a
191.819	0.018	saccade	n/a	400.5	81.6	n/a	440.5	77.3	1.62	124.0
191.839	0.226	fixation	n/a	434.6	77.3	987.0	n/a	n/a	n/a	n/a
192.067	0.022	saccade	n/a	434.7	77.0	n/a	495.8	77.0	2.46	195.0
192.091	0.176	fixation	n/a	490.4	74.5	968.0	n/a	n/a	n/a	n/a
192.269	0.022	saccade	n/a	489.7	77.5	n/a	544.0	75.5	2.17	159.0
192.293	0.214	fixation	n/a	538.5	73.8	973.0	n/a	n/a	n/a	n/a
192.509	0.064	saccade	n/a	540.8	75.5	n/a	173.0	112.4	14.64	504.0
192.575	0.138	fixation	n/a	159.6	114.3	938.0	n/a	n/a	n/a	n/a
192.715	0.016	saccade	n/a	160.6	116.2	n/a	125.9	116.0	1.36	111.0
192.733	0.292	fixation	n/a	137.6	117.3	919.0	n/a	n/a	n/a	n/a
193.027	0.02	saccade	n/a	137.5	117.9	n/a	180.2	111.4	1.69	144.0
193.049	0.198	fixation	n/a	174.1	111.1	901.0	n/a	n/a	n/a	n/a
193.249	0.026	saccade	n/a	175.3	110.8	n/a	261.3	115.6	3.42	242.0
193.277	0.256	fixation	n/a	254.9	115.4	917.0	n/a	n/a	n/a	n/a
193.535	0.02	saccade	n/a	254.8	114.7	n/a	312.7	121.2	2.33	186.0
193.557	0.27	fixation	n/a	304.8	120.7	962.0	n/a	n/a	n/a	n/a
193.829	0.022	saccade	n/a	301.4	121.2	n/a	366.3	124.4	2.61	202.0
193.853	0.16	fixation	n/a	363.8	124.0	945.0	n/a	n/a	n/a	n/a
194.015	0.022	saccade	n/a	364.5	125.8	n/a	433.6	126.0	2.79	210.0
194.039	0.304	fixation	n/a	435.0	125.0	967.0	n/a	n/a	n/a	n/a
194.345	0.012	saccade	n/a	434.4	130.1	n/a	412.7	128.5	0.88	80.0
194.359	0.356	fixation	n/a	375.2	126.5	976.0	n/a	n/a	n/a	n/a
194.717	0.018	saccade	n/a	375.2	130.3	n/a	336.3	125.4	1.58	147.0
194.737	0.502	fixation	n/a	350.9	126.0	960.0	n/a	n/a	n/a	n/a
195.241	0.02	saccade	n/a	356.2	129.4	n/a	411.0	132.0	2.21	164.0
195.263	0.326	fixation	n/a	408.4	133.0	946.0	n/a	n/a	n/a	n/a
195.591	0.018	saccade	n/a	407.9	134.2	n/a	449.8	129.9	1.7	133.0
195.611	0.232	fixation	n/a	443.9	131.9	907.0	n/a	n/a	n/a	n/a
195.845	0.014	saccade	n/a	441.9	133.4	n/a	471.5	130.4	1.2	115.0
195.861	0.292	fixation	n/a	471.0	131.8	875.0	n/a	n/a	n/a	n/a
196.155	0.068	saccade	n/a	469.8	134.8	n/a	220.1	65.0	10.36	237.0
196.225	0.226	fixation	n/a	171.7	60.4	801.0	n/a	n/a	n/a	n/a
196.32	0.0	trigger_11	11	n/a	n/a	n/a	n/a	n/a	n/a	n/a
196.326	0.0	trigger_10	10	n/a	n/a	n/a	n/a	n/a	n/a	n/a
196.453	0.018	saccade	n/a	167.9	58.6	n/a	120.9	54.1	1.84	157.0
196.473	0.568	fixation	n/a	131.8	58.7	800.0	n/a	n/a	n/a	n/a
197.043	0.05	saccade	n/a	133.4	62.8	n/a	456.2	63.4	12.76	421.0
197.095	0.216	fixation	n/a	447.2	66.4	835.0	n/a	n/a	n/a	n/a
197.313	0.024	saccade	n/a	447.3	68.6	n/a	529.4	69.5	3.29	248.0
197.339	0.086	fixation	n/a	525.9	67.0	827.0	n/a	n/a	n/a	n/a
197.427	0.03	saccade	n/a	527.6	69.5	n/a	335.6	46.5	7.75	431.0
197.459	0.342	fixation	n/a	330.9	52.0	792.0	n/a	n/a	n/a	n/a
197.803	0.05	saccade	n/a	334.1	54.1	n/a	167.8	55.4	6.6	311.0
197.855	0.158	fixation	n/a	164.7	54.9	809.0	n/a	n/a	n/a	n/a
198.015	0.022	saccade	n/a	165.3	55.2	n/a	134.4	55.6	1.21	133.0
198.039	0.492	fixation	n/a	141.0	60.7	836.0	n/a	n/a	n/a	n/a
198.533	0.006	saccade	n/a	139.9	65.2	n/a	131.3	63.9	0.34	51.0
198.541	0.184	fixation	n/a	131.3	62.3	876.0	n/a	n/a	n/a	n/a
198.727	0.022	saccade	n/a	129.4	64.4	n/a	191.6	55.7	2.46	188.0
198.751	0.108	fixation	n/a	188.9	55.1	866.0	n/a	n/a	n/a	n/a
198.861	0.026	saccade	n/a	190.1	55.5	n/a	262.1	54.9	2.85	199.0
198.889	0.158	fixation	n/a	256.1	54.8	847.0	n/a	n/a	n/a	n/a
199.049	0.022	saccade	n/a	256.7	55.4	n/a	325.6	56.7	2.76	212.0
199.073	0.202	fixation	n/a	318.2	57.5	850.0	n/a	n/a	n/a	n/a
199.277	0.022	saccade	n/a	317.4	57.6	n/a	384.3	66.4	2.72	197.0
199.301	0.188	fixation	n/a	381.4	66.5	840.0	n/a	n/a	n/a	n/a
199.491	0.07	saccade	n/a	378.3	66.4	n/a	419.3	64.2	1.66	266.0
199.563	0.172	fixation	n/a	440.4	77.6	844.0	n/a	n/a	n/a	n/a
199.737	0.022	saccade	n/a	440.8	80.6	n/a	505.8	74.1	2.62	216.0
199.761	0.172	fixation	n/a	503.5	73.1	864.0	n/a	n/a	n/a	n/a
199.935	0.02	saccade	n/a	502.9	73.2	n/a	560.7	70.9	2.31	181.0
199.957	0.312	fixation	n/a	564.9	72.9	854.0	n/a	n/a	n/a	n/a
200.271	0.018	saccade	n/a	564.9	75.4	n/a	601.1	75.1	1.43	123.0
200.291	0.178	fixation	n/a	597.1	75.6	888.0	n/a	n/a	n/a	n/a
200.471	0.06	saccade	n/a	598.0	75.3	n/a	130.1	119.8	18.44	508.0
200.533	0.134	fixation	n/a	143.2	119.5	886.0	n/a	n/a	n/a	n/a
200.669	0.018	saccade	n/a	143.3	119.0	n/a	124.6	117.8	0.73	85.0
200.689	0.232	fixation	n/a	131.1	120.7	905.0	n/a	n/a	n/a	n/a
200.923	0.02	saccade	n/a	130.3	123.5	n/a	176.9	116.9	1.84	141.0
200.945	0.364	fixation	n/a	171.2	120.0	924.0	n/a	n/a	n/a	n/a
201.311	0.014	saccade	n/a	169.1	122.0	n/a	203.2	119.0	1.35	111.0
201.327	0.266	fixation	n/a	200.1	120.8	951.0	n/a	n/a	n/a	n/a
201.595	0.022	saccade	n/a	197.6	123.1	n/a	262.0	129.1	2.57	198.0
201.619	0.194	fixation	n/a	260.5	129.1	977.0	n/a	n/a	n/a	n/a
201.815	0.024	saccade	n/a	260.5	130.0	n/a	347.6	136.0	3.49	253.0
201.841	0.142	fixation	n/a	344.4	136.5	1005.0	n/a	n/a	n/a	n/a
201.985	0.022	saccade	n/a	345.4	138.8	n/a	407.2	137.3	2.49	179.0
202.009	0.176	fixation	n/a	404.8	138.2	1003.0	n/a	n/a	n/a	n/a
202.187	0.022	saccade	n/a	403.9	138.8	n/a	471.6	132.3	2.74	194.0
202.211	0.138	fixation	n/a	470.9	131.8	972.0	n/a	n/a	n/a	n/a
202.351	0.02	saccade	n/a	471.7	133.5	n/a	529.5	129.3	2.32	170.0
202.373	0.224	fixation	n/a	526.5	130.2	954.0	n/a	n/a	n/a	n/a
202.504	0.0	trigger_11	11	n/a	n/a	n/a	n/a	n/a	n/a	n/a
202.51	0.0	trigger_10	10	n/a	n/a	n/a	n/a	n/a	n/a	n/a
202.599	0.016	saccade	n/a	527.5	130.2	n/a	558.7	130.5	1.25	106.0
202.617	0.108	fixation	n/a	554.2	133.3	957.0	n/a	n/a	n/a	n/a
202.727	0.066	saccade	n/a	555.9	135.8	n/a	174.1	179.7	15.2	503.0
202.795	0.114	fixation	n/a	161.5	180.4	966.0	n/a	n/a	n/a	n/a
202.911	0.02	saccade	n/a	161.4	181.1	n/a	117.3	184.4	1.72	143.0
202.933	0.198	fixation	n/a	130.4	184.2	963.0	n/a	n/a	n/a	n/a
203.133	0.022	saccade	n/a	131.9	186.3	n/a	194.8	185.8	2.46	204.0
203.157	0.24	fixation	n/a	187.3	186.2	944.0	n/a	n/a	n/a	n/a
203.399	0.022	saccade	n/a	188.3	188.5	n/a	262.7	193.1	2.95	234.0
203.423	0.206	fixation	n/a	263.3	195.3	949.0	n/a	n/a	n/a	n/a
203.631	0.022	saccade	n/a	263.1	195.2	n/a	339.3	196.8	3.05	230.0
203.655	0.168	fixation	n/a	340.8	196.1	968.0	n/a	n/a	n/a	n/a
203.825	0.026	saccade	n/a	340.6	196.7	n/a	417.5	193.0	3.09	190.0
203.853	0.156	fixation	n/a	410.1	193.3	982.0	n/a	n/a	n/a	n/a
204.011	0.022	saccade	n/a	410.1	196.0	n/a	474.8	191.3	2.61	174.0
204.035	0.19	fixation	n/a	474.1	190.4	976.0	n/a	n/a	n/a	n/a
204.227	0.05	saccade	n/a	475.1	191.5	n/a	160.5	67.8	13.45	476.0
204.279	0.424	fixation	n/a	150.9	62.5	892.0	n/a	n/a	n/a	n/a
204.705	0.018	saccade	n/a	154.4	65.7	n/a	126.9	61.8	1.08	104.0
204.725	0.118	fixation	n/a	134.8	66.0	915.0	n/a	n/a	n/a	n/a
204.845	0.024	saccade	n/a	133.3	68.2	n/a	204.4	60.3	2.81	205.0
204.871	0.222	fixation	n/a	195.8	61.7	929.0	n/a	n/a	n/a	n/a
205.095	0.022	saccade	n/a	195.9	64.1	n/a	248.6	60.2	2.1	148.0
205.119	0.178	fixation	n/a	244.7	61.0	925.0	n/a	n/a	n/a	n/a
205.299	0.024	saccade	n/a	243.9	61.1	n/a	337.2	77.2	3.79	296.0
205.325	0.452	fixation	n/a	334.4	75.1	926.0	n/a	n/a	n/a	n/a
205.779	0.026	saccade	n/a	334.3	75.0	n/a	422.2	80.3	3.54	244.0
205.807	0.098	fixation	n/a	419.7	80.3	909.0	n/a	n/a	n/a	n/a
205.907	0.148	saccade	n/a	419.1	89.6	n/a	437.9	68.5	1.15	648.0
205.947	0.05	blink	n/a	n/a	n/a	n/a	n/a	n/a	n/a	n/a
206.057	0.246	fixation	n/a	442.0	86.9	920.0	n/a	n/a	n/a	n/a
206.305	0.016	saccade	n/a	441.1	90.5	n/a	474.5	83.3	1.38	113.0
206.323	0.182	fixation	n/a	472.2	84.8	905.0	n/a	n/a	n/a	n/a
206.507	0.018	saccade	n/a	473.3	87.1	n/a	520.3	78.3	1.92	143.0
206.527	0.39	fixation	n/a	521.2	78.7	872.0	n/a	n/a	n/a	n/a
206.919	0.184	saccade	n/a	506.1	79.6	n/a	496.6	74.7	0.43	569.0
206.959	0.082	blink	n/a	n/a	n/a	n/a	n/a	n/a	n/a	n/a
207.105	0.132	fixation	n/a	500.2	91.8	829.0	n/a	n/a	n/a	n/a
207.239	0.018	saccade	n/a	498.6	92.6	n/a	457.3	75.2	1.8	155.0
207.259	0.262	fixation	n/a	462.4	79.3	833.0	n/a	n/a	n/a	n/a
207.523	0.022	saccade	n/a	460.5	77.7	n/a	526.6	66.2	2.69	190.0
207.547	0.404	fixation	n/a	529.3	67.0	779.0	n/a	n/a	n/a	n/a
207.953	0.008	saccade	n/a	531.6	71.8	n/a	543.2	68.9	0.48	58.0
207.963	0.256	fixation	n/a	543.2	73.5	817.0	n/a	n/a	n/a	n/a
208.221	0.068	saccade	n/a	544.0	75.4	n/a	171.1	89.2	14.75	354.0
208.291	0.098	fixation	n/a	180.3	92.7	840.0	n/a	n/a	n/a	n/a
208.391	0.02	saccade	n/a	179.1	92.9	n/a	123.5	113.5	2.33	188.0
208.413	0.226	fixation	n/a	131.5	114.1	878.0	n/a	n/a	n/a	n/a
208.641	0.024	saccade	n/a	129.2	117.4	n/a	203.2	112.9	2.91	199.0
208.667	0.188	fixation	n/a	195.3	114.0	888.0	n/a	n/a	n/a	n/a
208.857	0.022	saccade	n/a	194.5	114.5	n/a	270.6	117.9	3.03	236.0
208.881	0.23	fixation	n/a	263.4	116.8	883.0	n/a	n/a	n/a	n/a
209.113	0.022	saccade	n/a	264.2	116.2	n/a	230.0	109.0	1.39	155.0
209.137	0.168	fixation	n/a	238.9	113.4	896.0	n/a	n/a	n/a	n/a
209.307	0.022	saccade	n/a	239.7	115.4	n/a	302.3	122.2	2.52	197.0
209.331	0.164	fixation	n/a	301.1	121.7	948.0	n/a	n/a	n/a	n/a
209.497	0.024	saccade	n/a	303.0	123.1	n/a	373.6	131.9	2.86	220.0
209.523	0.216	fixation	n/a	363.7	130.1	971.0	n/a	n/a	n/a	n/a
209.741	0.024	saccade	n/a	363.8	131.1	n/a	430.2	132.7	2.68	209.0
209.767	0.174	fixation	n/a	425.5	132.6	967.0	n/a	n/a	n/a	n/a
209.943	0.014	saccade	n/a	426.9	135.5	n/a	400.0	131.6	1.1	98.0
209.959	0.208	fixation	n/a	411.6	132.5	964.0	n/a	n/a	n/a	n/a
210.169	0.016	saccade	n/a	414.9	132.2	n/a	456.1	130.1	1.66	141.0
210.187	0.156	fixation	n/a	452.8	130.4	982.0	n/a	n/a	n/a	n/a
210.345	0.016	saccade	n/a	450.4	132.0	n/a	427.0	129.0	0.95	95.0
210.363	0.188	fixation	n/a	436.0	131.0	991.0	n/a	n/a	n/a	n/a
210.553	0.022	saccade	n/a	435.4	129.2	n/a	490.3	128.4	2.21	154.0
210.577	0.178	fixation	n/a	485.5	127.5	1006.0	n/a	n/a	n/a	n/a
210.757	0.024	saccade	n/a	484.8	129.3	n/a	559.9	126.5	3.01	205.0
210.783	0.22	fixation	n/a	553.9	123.8	996.0	n/a	n/a	n/a	n/a
211.005	0.018	saccade	n/a	552.9	123.7	n/a	600.5	124.7	1.89	160.0
211.025	0.132	fixation	n/a	595.3	123.5	972.0	n/a	n/a	n/a	n/a
211.159	0.068	saccade	n/a	596.7	123.2	n/a	164.8	169.7	17.11	532.0
211.229	0.126	fixation	n/a	154.9	168.7	925.0	n/a	n/a	n/a	n/a
211.357	0.016	saccade	n/a	154.4	169.5	n/a	117.7	169.3	1.43	119.0
211.375	0.228	fixation	n/a	126.9	171.7	908.0	n/a	n/a	n/a	n/a
211.605	0.024	saccade	n/a	126.8	175.3	n/a	217.8	177.4	3.57	275.0
211.631	0.188	fixation	n/a	217.0	177.0	898.0	n/a	n/a	n/a	n/a
211.821	0.024	saccade	n/a	217.0	177.5	n/a	288.5	185.3	2.86	234.0
211.847	0.162	fixation	n/a	283.1	183.9	907.0	n/a	n/a	n/a	n/a
212.011	0.026	saccade	n/a	285.2	183.5	n/a	380.9	188.8	3.84	284.0
212.039	0.272	fixation	n/a	378.6	189.4	909.0	n/a	n/a	n/a	n/a
212.232	0.0	trigger_11	11	n/a	n/a	n/a	n/a	n/a	n/a	n/a
212.24	0.0	trigger_10	10	n/a	n/a	n/a	n/a	n/a	n/a	n/a
212.313	0.022	saccade	n/a	379.9	192.6	n/a	440.0	186.0	2.43	169.0
212.337	0.242	fixation	n/a	439.5	188.0	872.0	n/a	n/a	n/a	n/a
212.581	0.058	saccade	n/a	439.9	187.4	n/a	138.7	54.8	13.06	448.0
212.641	0.238	fixation	n/a	151.1	53.3	803.0	n/a	n/a	n/a	n/a
212.881	0.024	saccade	n/a	151.0	52.4	n/a	217.6	47.8	2.63	197.0
212.907	0.184	fixation	n/a	214.0	49.0	814.0	n/a	n/a	n/a	n/a
213.093	0.022	saccade	n/a	214.4	51.2	n/a	279.8	48.3	2.6	190.0
213.117	0.116	fixation	n/a	277.1	48.7	841.0	n/a	n/a	n/a	n/a
213.235	0.022	saccade	n/a	277.4	51.1	n/a	352.5	59.9	3.03	221.0
213.259	0.168	fixation	n/a	355.8	62.2	870.0	n/a	n/a	n/a	n/a
213.429	0.024	saccade	n/a	355.1	64.5	n/a	427.8	71.6	2.94	218.0
213.455	0.242	fixation	n/a	428.8	73.8	884.0	n/a	n/a	n/a	n/a
213.699	0.026	saccade	n/a	430.5	76.1	n/a	327.5	57.7	4.21	334.0
213.727	0.276	fixation	n/a	337.7	66.7	875.0	n/a	n/a	n/a	n/a
214.005	0.022	saccade	n/a	338.3	70.7	n/a	437.2	80.5	4.0	300.0
214.029	0.154	fixation	n/a	470.1	82.9	909.0	n/a	n/a	n/a	n/a
214.185	0.038	saccade	n/a	473.4	83.1	n/a	250.6	67.0	8.94	443.0
214.225	0.19	fixation	n/a	257.2	72.4	889.0	n/a	n/a	n/a	n/a
214.417	0.026	saccade	n/a	259.1	72.8	n/a	139.0	59.0	4.76	352.0
214.445	0.246	fixation	n/a	148.9	64.9	910.0	n/a	n/a	n/a	n/a
214.693	0.022	saccade	n/a	145.2	66.8	n/a	215.5	60.1	2.78	201.0
214.717	0.192	fixation	n/a	209.8	60.0	873.0	n/a	n/a	n/a	n/a
214.911	0.006	saccade	n/a	207.9	60.6	n/a	198.6	58.8	0.37	56.0
214.919	0.098	fixation	n/a	200.8	59.6	864.0	n/a	n/a	n/a	n/a
215.019	0.02	saccade	n/a	201.6	60.9	n/a	265.0	54.9	2.53	196.0
215.041	0.1	fixation	n/a	257.9	54.3	859.0	n/a	n/a	n/a	n/a
215.143	0.024	saccade	n/a	257.5	54.8	n/a	342.1	65.4	3.41	270.0
215.169	0.154	fixation	n/a	331.2	62.9	877.0	n/a	n/a	n/a	n/a
215.325	0.026	saccade	n/a	330.4	66.5	n/a	419.8	75.4	3.62	261.0
215.353	0.394	fixation	n/a	416.3	77.1	913.0	n/a	n/a	n/a	n/a
215.749	0.022	saccade	n/a	418.3	78.5	n/a	484.6	78.4	2.67	152.0
215.773	0.28	fixation	n/a	490.9	78.1	924.0	n/a	n/a	n/a	n/a
216.055	0.018	saccade	n/a	490.8	81.1	n/a	534.4	78.4	1.75	133.0
216.075	0.264	fixation	n/a	528.9	77.8	940.0	n/a	n/a	n/a	n/a
216.341	0.018	saccade	n/a	528.2	78.6	n/a	568.9	77.8	1.62	131.0
216.361	0.132	fixation	n/a	561.6	78.0	927.0	n/a	n/a	n/a	n/a
216.495	0.05	saccade	n/a	562.3	79.3	n/a	219.1	92.4	13.66	449.0
216.547	0.046	fixation	n/a	232.7	97.1	935.0	n/a	n/a	n/a	n/a
216.595	0.036	saccade	n/a	230.7	96.8	n/a	147.3	123.5	3.46	304.0
216.633	0.348	fixation	n/a	142.3	124.6	947.0	n/a	n/a	n/a	n/a
216.983	0.026	saccade	n/a	142.5	123.6	n/a	232.6	126.8	3.55	257.0
217.011	0.152	fixation	n/a	229.2	126.1	970.0	n/a	n/a	n/a	n/a
217.165	0.022	saccade	n/a	231.0	126.7	n/a	290.7	130.2	2.38	170.0
217.189	0.294	fixation	n/a	287.0	131.4	990.0	n/a	n/a	n/a	n/a
217.485	0.024	saccade	n/a	284.8	131.5	n/a	369.4	138.4	3.41	239.0
217.511	0.234	fixation	n/a	371.3	135.0	1009.0	n/a	n/a	n/a	n/a
217.747	0.024	saccade	n/a	370.6	134.9	n/a	438.8	133.3	2.75	214.0
217.773	0.17	fixation	n/a	434.1	132.7	990.0	n/a	n/a	n/a	n/a
217.945	0.022	saccade	n/a	433.8	134.5	n/a	493.6	128.8	2.42	186.0
217.969	0.318	fixation	n/a	488.3	128.8	969.0	n/a	n/a	n/a	n/a
218.289	0.016	saccade	n/a	489.1	131.3	n/a	524.4	129.7	1.42	119.0
218.307	0.2	fixation	n/a	519.9	130.5	930.0	n/a	n/a	n/a	n/a
218.509	0.064	saccade	n/a	521.2	128.7	n/a	157.6	168.4	14.46	450.0
218.575	0.114	fixation	n/a	147.6	169.9	900.0	n/a	n/a	n/a	n/a
218.691	0.022	saccade	n/a	147.2	171.0	n/a	109.8	171.1	1.45	144.0
218.715	0.192	fixation	n/a	118.3	172.7	890.0	n/a	n/a	n/a	n/a
218.909	0.018	saccade	n/a	118.1	173.7	n/a	109.9	151.4	0.95	69.0
218.929	0.19	fixation	n/a	138.1	118.1	846.0	n/a	n/a	n/a	n/a
219.121	0.018	saccade	n/a	146.6	111.2	n/a	123.8	61.7	2.18	168.0
219.141	0.286	fixation	n/a	138.6	57.2	817.0	n/a	n/a	n/a	n/a
219.429	0.046	saccade	n/a	139.5	59.4	n/a	393.8	123.2	10.4	391.0
219.477	0.228	fixation	n/a	390.4	124.3	931.0	n/a	n/a	n/a	n/a
219.707	0.026	saccade	n/a	393.2	126.6	n/a	458.6	70.9	3.48	274.0
219.735	0.312	fixation	n/a	460.8	78.2	934.0	n/a	n/a	n/a	n/a
220.049	0.024	saccade	n/a	465.5	77.9	n/a	541.1	72.9	3.03	217.0
220.075	0.212	fixation	n/a	534.5	72.0	891.0	n/a	n/a	n/a	n/a
220.289	0.066	saccade	n/a	536.8	73.9	n/a	148.7	115.3	15.4	479.0
220.357	0.286	fixation	n/a	141.6	116.4	889.0	n/a	n/a	n/a	n/a
220.392	0.0	trigger_11	11	n/a	n/a	n/a	n/a	n/a	n/a	n/a
220.398	0.0	trigger_10	10	n/a	n/a	n/a	n/a	n/a	n/a	n/a
220.645	0.022	saccade	n/a	142.3	118.5	n/a	208.6	110.6	2.62	187.0
220.669	0.146	fixation	n/a	206.3	111.8	913.0	n/a	n/a	n/a	n/a
220.817	0.024	saccade	n/a	207.5	113.0	n/a	289.4	121.5	3.27	234.0
220.843	0.15	fixation	n/a	283.5	120.5	937.0	n/a	n/a	n/a	n/a
220.995	0.014	saccade	n/a	282.8	120.4	n/a	257.2	115.0	1.05	96.0
221.011	0.172	fixation	n/a	265.1	119.7	957.0	n/a	n/a	n/a	n/a
221.185	0.026	saccade	n/a	264.5	122.2	n/a	368.4	130.2	4.19	317.0
221.213	0.074	fixation	n/a	360.1	129.6	1002.0	n/a	n/a	n/a	n/a
221.289	0.022	saccade	n/a	357.7	128.1	n/a	418.8	128.3	2.46	203.0
221.313	0.242	fixation	n/a	408.4	129.1	1002.0	n/a	n/a	n/a	n/a
221.557	0.022	saccade	n/a	408.0	130.5	n/a	467.3	127.6	2.39	174.0
221.581	0.274	fixation	n/a	463.4	126.7	977.0	n/a	n/a	n/a	n/a
221.857	0.096	saccade	n/a	463.0	133.7	n/a	168.3	66.9	12.0	220.0
221.955	0.132	fixation	n/a	172.2	65.6	914.0	n/a	n/a	n/a	n/a
222.089	0.02	saccade	n/a	173.1	64.0	n/a	132.0	52.1	1.68	142.0
222.111	0.592	fixation	n/a	142.8	58.4	923.0	n/a	n/a	n/a	n/a
222.705	0.022	saccade	n/a	138.6	58.9	n/a	200.2	50.7	2.44	202.0
222.729	0.204	fixation	n/a	191.6	53.6	972.0	n/a	n/a	n/a	n/a
222.935	0.022	saccade	n/a	193.7	54.8	n/a	134.9	58.8	2.31	198.0
222.959	0.202	fixation	n/a	150.5	59.8	935.0	n/a	n/a	n/a	n/a
223.163	0.024	saccade	n/a	150.7	61.0	n/a	216.8	54.0	2.62	179.0
223.189	0.186	fixation	n/a	210.9	54.8	944.0	n/a	n/a	n/a	n/a
223.377	0.022	saccade	n/a	211.1	56.4	n/a	276.8	59.4	2.62	192.0
223.401	0.21	fixation	n/a	273.3	60.0	984.0	n/a	n/a	n/a	n/a
223.613	0.024	saccade	n/a	275.4	67.4	n/a	344.6	71.3	2.78	213.0
223.639	0.274	fixation	n/a	339.3	72.2	1026.0	n/a	n/a	n/a	n/a
223.666	0.0	trigger_11	11	n/a	n/a	n/a	n/a	n/a	n/a	n/a
223.67	0.0	trigger_10	10	n/a	n/a	n/a	n/a	n/a	n/a	n/a
223.915	0.016	saccade	n/a	339.9	74.4	n/a	378.0	77.3	1.54	134.0
223.933	0.188	fixation	n/a	376.8	77.8	1033.0	n/a	n/a	n/a	n/a
224.123	0.024	saccade	n/a	376.6	79.0	n/a	452.0	78.6	3.03	203.0
224.149	0.364	fixation	n/a	445.4	78.1	1038.0	n/a	n/a	n/a	n/a
224.515	0.008	saccade	n/a	443.7	77.7	n/a	430.5	79.0	0.53	65.0
224.525	0.268	fixation	n/a	433.7	79.6	1032.0	n/a	n/a	n/a	n/a
224.795	0.01	saccade	n/a	433.7	80.8	n/a	453.0	78.9	0.78	84.0
224.807	0.224	fixation	n/a	453.2	81.1	1003.0	n/a	n/a	n/a	n/a
225.033	0.09	saccade	n/a	452.9	84.9	n/a	170.5	61.5	11.25	213.0
225.125	0.272	fixation	n/a	171.8	70.0	954.0	n/a	n/a	n/a	n/a
225.399	0.018	saccade	n/a	172.3	72.1	n/a	126.9	63.0	1.81	153.0
225.419	0.688	fixation	n/a	135.3	63.9	896.0	n/a	n/a	n/a	n/a
226.109	0.02	saccade	n/a	134.0	61.0	n/a	176.4	55.5	1.67	145.0
226.131	0.23	fixation	n/a	173.7	57.6	890.0	n/a	n/a	n/a	n/a
226.363	0.006	saccade	n/a	191.7	53.5	n/a	202.4	53.6	0.42	65.0
226.371	0.136	fixation	n/a	211.5	56.5	901.0	n/a	n/a	n/a	n/a
226.509	0.144	saccade	n/a	216.4	58.7	n/a	217.3	60.9	0.1	756.0
226.541	0.056	blink	n/a	n/a	n/a	n/a	n/a	n/a	n/a	n/a
226.655	0.196	fixation	n/a	216.6	63.6	878.0	n/a	n/a	n/a	n/a
226.853	0.006	saccade	n/a	215.2	63.8	n/a	209.2	58.0	0.33	49.0
226.861	0.296	fixation	n/a	213.6	59.2	858.0	n/a	n/a	n/a	n/a
227.159	0.02	saccade	n/a	215.5	59.4	n/a	166.7	55.7	1.93	158.0
227.181	0.22	fixation	n/a	174.7	57.0	835.0	n/a	n/a	n/a	n/a
227.403	0.012	saccade	n/a	172.9	59.2	n/a	147.4	57.0	1.0	94.0
227.417	0.336	fixation	n/a	154.6	60.1	863.0	n/a	n/a	n/a	n/a
227.755	0.022	saccade	n/a	154.2	62.5	n/a	220.7	55.2	2.63	174.0
227.779	0.26	fixation	n/a	229.8	55.1	866.0	n/a	n/a	n/a	n/a
228.041	0.018	saccade	n/a	230.2	58.6	n/a	275.7	54.1	1.82	152.0
228.061	0.176	fixation	n/a	270.5	54.3	891.0	n/a	n/a	n/a	n/a
228.218	0.0	trigger_11	11	n/a	n/a	n/a	n/a	n/a	n/a	n/a
228.226	0.0	trigger_10	10	n/a	n/a	n/a	n/a	n/a	n/a	n/a
228.239	0.024	saccade	n/a	269.6	57.7	n/a	341.4	68.0	2.91	220.0
228.265	0.248	fixation	n/a	336.5	69.7	943.0	n/a	n/a	n/a	n/a
228.515	0.018	saccade	n/a	337.0	72.4	n/a	294.4	65.0	1.73	151.0
228.535	0.136	fixation	n/a	302.0	66.7	937.0	n/a	n/a	n/a	n/a
228.673	0.026	saccade	n/a	302.1	66.7	n/a	397.9	80.2	3.89	254.0
228.701	0.256	fixation	n/a	396.6	79.1	950.0	n/a	n/a	n/a	n/a
228.959	0.02	saccade	n/a	398.4	81.6	n/a	451.3	78.3	2.13	164.0
228.981	0.438	fixation	n/a	445.4	76.1	941.0	n/a	n/a	n/a	n/a
229.421	0.018	saccade	n/a	447.1	77.2	n/a	481.5	78.0	1.38	122.0
229.441	0.16	fixation	n/a	480.4	77.1	941.0	n/a	n/a	n/a	n/a
229.603	0.012	saccade	n/a	483.1	78.3	n/a	504.0	72.6	0.87	76.0
229.617	0.196	fixation	n/a	504.3	72.4	944.0	n/a	n/a	n/a	n/a
229.815	0.05	saccade	n/a	505.1	73.9	n/a	261.0	59.7	9.76	347.0
229.867	0.142	fixation	n/a	273.0	60.3	921.0	n/a	n/a	n/a	n/a
230.011	0.04	saccade	n/a	272.4	59.7	n/a	124.5	57.9	5.82	306.0
230.053	0.418	fixation	n/a	139.2	61.1	900.0	n/a	n/a	n/a	n/a
230.426	0.0	trigger_11	11	n/a	n/a	n/a	n/a	n/a	n/a	n/a
230.43	0.0	trigger_10	10	n/a	n/a	n/a	n/a	n/a	n/a	n/a
230.473	0.018	saccade	n/a	140.9	65.8	n/a	180.9	58.6	1.6	112.0
230.493	0.102	fixation	n/a	186.2	58.0	939.0	n/a	n/a	n/a	n/a
230.597	0.02	saccade	n/a	186.1	57.1	n/a	244.5	51.9	2.32	186.0
230.619	0.18	fixation	n/a	238.9	52.1	934.0	n/a	n/a	n/a	n/a
230.801	0.022	saccade	n/a	238.7	51.3	n/a	301.1	58.0	2.51	183.0
230.825	0.218	fixation	n/a	298.1	55.4	915.0	n/a	n/a	n/a	n/a
231.045	0.024	saccade	n/a	299.0	57.2	n/a	374.9	69.4	3.09	203.0
231.071	0.126	fixation	n/a	373.7	68.7	942.0	n/a	n/a	n/a	n/a
231.199	0.024	saccade	n/a	374.6	69.4	n/a	455.1	73.6	3.24	236.0
231.225	0.186	fixation	n/a	450.6	74.0	950.0	n/a	n/a	n/a	n/a
231.413	0.022	saccade	n/a	449.5	74.6	n/a	512.1	72.5	2.51	190.0
231.437	0.134	fixation	n/a	505.4	74.0	957.0	n/a	n/a	n/a	n/a
231.573	0.018	saccade	n/a	505.1	76.7	n/a	546.1	76.6	1.64	134.0
231.593	0.1	fixation	n/a	538.9	75.7	971.0	n/a	n/a	n/a	n/a
231.695	0.066	saccade	n/a	539.6	77.6	n/a	150.6	108.2	15.4	521.0
231.763	0.104	fixation	n/a	139.0	109.2	952.0	n/a	n/a	n/a	n/a
231.869	0.018	saccade	n/a	138.5	109.2	n/a	106.1	113.0	1.27	124.0
231.889	0.236	fixation	n/a	112.9	115.1	948.0	n/a	n/a	n/a	n/a
232.127	0.086	saccade	n/a	112.2	116.8	n/a	514.4	77.3	15.91	426.0
232.215	0.046	fixation	n/a	503.3	69.3	954.0	n/a	n/a	n/a	n/a
232.263	0.004	saccade	n/a	498.3	63.0	n/a	492.3	62.6	0.24	55.0
232.269	0.058	fixation	n/a	488.3	60.4	938.0	n/a	n/a	n/a	n/a
232.329	0.046	saccade	n/a	486.8	61.0	n/a	166.1	44.7	12.74	514.0
232.377	0.266	fixation	n/a	179.2	47.8	898.0	n/a	n/a	n/a	n/a
232.645	0.024	saccade	n/a	179.9	51.1	n/a	122.7	56.0	2.24	212.0
232.671	0.258	fixation	n/a	131.5	60.6	927.0	n/a	n/a	n/a	n/a
232.931	0.02	saccade	n/a	129.3	62.2	n/a	176.5	56.0	1.86	170.0
232.953	0.362	fixation	n/a	170.1	57.2	910.0	n/a	n/a	n/a	n/a
233.317	0.022	saccade	n/a	170.8	59.5	n/a	237.0	55.7	2.62	205.0
233.341	0.268	fixation	n/a	235.1	54.1	903.0	n/a	n/a	n/a	n/a
233.611	0.018	saccade	n/a	235.4	54.6	n/a	275.5	51.2	1.6	133.0
233.631	0.358	fixation	n/a	268.9	48.7	923.0	n/a	n/a	n/a	n/a
233.991	0.024	saccade	n/a	267.6	49.1	n/a	350.3	63.0	3.36	253.0
234.017	0.23	fixation	n/a	346.7	62.6	961.0	n/a	n/a	n/a	n/a
234.249	0.022	saccade	n/a	345.7	64.7	n/a	416.0	72.9	2.85	215.0
234.273	0.158	fixation	n/a	416.4	71.6	983.0	n/a	n/a	n/a	n/a
234.433	0.02	saccade	n/a	417.1	73.8	n/a	475.3	70.4	2.35	171.0
234.455	0.302	fixation	n/a	480.7	73.8	985.0	n/a	n/a	n/a	n/a
234.722	0.0	trigger_11	11	n/a	n/a	n/a	n/a	n/a	n/a	n/a
234.726	0.0	trigger_10	10	n/a	n/a	n/a	n/a	n/a	n/a	n/a
234.759	0.02	saccade	n/a	483.7	75.0	n/a	538.8	73.4	2.2	143.0
234.781	0.142	fixation	n/a	544.9	74.5	984.0	n/a	n/a	n/a	n/a
234.925	0.066	saccade	n/a	545.1	74.8	n/a	154.1	112.1	15.5	511.0
234.993	0.214	fixation	n/a	145.3	113.7	969.0	n/a	n/a	n/a	n/a
235.209	0.02	saccade	n/a	144.4	115.2	n/a	204.1	111.1	2.35	190.0
235.231	0.23	fixation	n/a	201.5	111.1	961.0	n/a	n/a	n/a	n/a
235.463	0.018	saccade	n/a	200.9	114.2	n/a	247.8	116.4	1.86	137.0
235.483	0.454	fixation	n/a	260.5	116.3	908.0	n/a	n/a	n/a	n/a
235.939	0.016	saccade	n/a	259.4	117.5	n/a	226.2	110.5	1.35	121.0
235.957	0.39	fixation	n/a	231.0	114.0	923.0	n/a	n/a	n/a	n/a
236.349	0.02	saccade	n/a	231.9	114.8	n/a	177.1	97.1	2.28	185.0
236.371	0.152	fixation	n/a	182.0	92.8	901.0	n/a	n/a	n/a	n/a
236.525	0.022	saccade	n/a	181.8	92.7	n/a	132.3	58.1	2.39	195.0
236.549	0.38	fixation	n/a	140.0	59.3	883.0	n/a	n/a	n/a	n/a
236.562	0.0	trigger_11	11	n/a	n/a	n/a	n/a	n/a	n/a	n/a
236.568	0.0	trigger_10	10	n/a	n/a	n/a	n/a	n/a	n/a	n/a
236.931	0.016	saccade	n/a	140.3	64.4	n/a	127.8	57.7	0.56	66.0
236.949	0.222	fixation	n/a	132.4	62.8	899.0	n/a	n/a	n/a	n/a
237.173	0.022	saccade	n/a	131.2	64.0	n/a	212.4	55.0	3.2	234.0
237.197	0.152	fixation	n/a	217.4	56.0	896.0	n/a	n/a	n/a	n/a
237.351	0.016	saccade	n/a	218.7	56.3	n/a	256.5	54.5	1.5	130.0
237.369	0.518	fixation	n/a	258.4	51.9	904.0	n/a	n/a	n/a	n/a
237.889	0.03	saccade	n/a	262.9	53.3	n/a	145.5	53.2	4.63	259.0
237.921	0.412	fixation	n/a	157.7	57.9	975.0	n/a	n/a	n/a	n/a
238.335	0.006	saccade	n/a	158.4	59.4	n/a	148.8	59.9	0.38	58.0
238.343	0.51	fixation	n/a	150.3	65.7	1059.0	n/a	n/a	n/a	n/a
238.855	0.012	saccade	n/a	148.6	71.7	n/a	172.6	65.9	0.97	91.0
238.869	0.138	fixation	n/a	167.8	67.0	1066.0	n/a	n/a	n/a	n/a
239.009	0.02	saccade	n/a	165.5	69.9	n/a	115.8	70.0	1.94	150.0
239.031	0.306	fixation	n/a	127.0	68.9	976.0	n/a	n/a	n/a	n/a
239.339	0.018	saccade	n/a	128.0	69.8	n/a	172.7	64.5	1.76	136.0
239.359	0.272	fixation	n/a	172.5	63.3	951.0	n/a	n/a	n/a	n/a
239.633	0.188	saccade	n/a	180.5	69.6	n/a	192.1	54.6	0.76	893.0
239.667	0.096	blink	n/a	n/a	n/a	n/a	n/a	n/a	n/a	n/a
239.823	0.114	fixation	n/a	191.4	60.4	966.0	n/a	n/a	n/a	n/a
239.939	0.018	saccade	n/a	191.3	62.7	n/a	152.3	64.3	1.53	118.0
239.959	0.242	fixation	n/a	159.1	67.0	965.0	n/a	n/a	n/a	n/a
240.203	0.024	saccade	n/a	158.1	69.0	n/a	231.7	60.5	2.92	197.0
240.229	0.166	fixation	n/a	230.7	60.0	913.0	n/a	n/a	n/a	n/a
240.397	0.018	saccade	n/a	231.5	60.2	n/a	196.3	58.5	1.4	116.0
240.417	0.218	fixation	n/a	205.0	59.0	911.0	n/a	n/a	n/a	n/a
240.637	0.038	saccade	n/a	205.8	58.3	n/a	316.4	67.6	4.42	229.0
240.677	0.226	fixation	n/a	314.8	68.3	938.0	n/a	n/a	n/a	n/a
240.905	0.018	saccade	n/a	317.6	73.8	n/a	358.7	75.4	1.66	149.0
240.925	0.278	fixation	n/a	354.0	78.7	968.0	n/a	n/a	n/a	n/a
241.205	0.016	saccade	n/a	354.7	81.1	n/a	323.1	70.7	1.34	121.0
241.223	0.27	fixation	n/a	332.6	74.6	994.0	n/a	n/a	n/a	n/a
241.495	0.018	saccade	n/a	332.1	76.3	n/a	380.0	80.7	1.94	152.0
241.515	0.194	fixation	n/a	383.3	81.2	1055.0	n/a	n/a	n/a	n/a
241.711	0.024	saccade	n/a	382.1	80.5	n/a	446.7	82.5	2.61	182.0
241.737	0.174	fixation	n/a	440.4	82.1	1079.0	n/a	n/a	n/a	n/a
241.913	0.022	saccade	n/a	438.7	83.7	n/a	499.5	80.2	2.45	153.0
241.937	0.264	fixation	n/a	497.8	81.9	1028.0	n/a	n/a	n/a	n/a
242.203	0.062	saccade	n/a	498.5	82.7	n/a	154.3	120.2	13.72	501.0
242.267	0.262	fixation	n/a	144.1	120.2	963.0	n/a	n/a	n/a	n/a
242.531	0.02	saccade	n/a	143.8	121.8	n/a	198.8	117.9	2.17	166.0
242.553	0.194	fixation	n/a	190.0	116.2	931.0	n/a	n/a	n/a	n/a
242.749	0.024	saccade	n/a	188.8	116.9	n/a	275.7	125.8	3.47	243.0
242.775	0.186	fixation	n/a	272.2	123.0	924.0	n/a	n/a	n/a	n/a
242.963	0.02	saccade	n/a	272.0	123.1	n/a	318.4	125.5	1.86	141.0
242.985	0.166	fixation	n/a	320.4	126.0	927.0	n/a	n/a	n/a	n/a
243.153	0.022	saccade	n/a	320.8	128.4	n/a	385.0	133.6	2.59	198.0
243.177	0.194	fixation	n/a	379.4	134.9	952.0	n/a	n/a	n/a	n/a
243.373	0.024	saccade	n/a	378.9	136.4	n/a	445.0	132.7	2.67	175.0
243.399	0.218	fixation	n/a	441.3	131.6	948.0	n/a	n/a	n/a	n/a
243.619	0.02	saccade	n/a	441.4	133.0	n/a	488.6	131.9	1.9	149.0
243.641	0.096	fixation	n/a	491.7	130.5	945.0	n/a	n/a	n/a	n/a
243.739	0.024	saccade	n/a	491.6	132.0	n/a	554.9	130.0	2.53	176.0
243.765	0.154	fixation	n/a	550.4	128.1	940.0	n/a	n/a	n/a	n/a
243.921	0.022	saccade	n/a	550.5	127.6	n/a	618.7	129.3	2.7	194.0
243.945	0.136	fixation	n/a	617.1	129.1	920.0	n/a	n/a	n/a	n/a
244.034	0.0	trigger_11	11	n/a	n/a	n/a	n/a	n/a	n/a	n/a
244.038	0.0	trigger_10	10	n/a	n/a	n/a	n/a	n/a	n/a	n/a
244.083	0.014	saccade	n/a	619.7	129.5	n/a	650.1	131.5	1.19	104.0
244.099	0.102	fixation	n/a	644.8	131.6	904.0	n/a	n/a	n/a	n/a
244.203	0.072	saccade	n/a	645.7	132.4	n/a	160.6	168.4	19.04	555.0
244.277	0.12	fixation	n/a	151.9	168.6	901.0	n/a	n/a	n/a	n/a
244.399	0.022	saccade	n/a	152.5	169.9	n/a	122.2	171.5	1.18	122.0
244.423	0.152	fixation	n/a	128.3	172.3	902.0	n/a	n/a	n/a	n/a
244.577	0.028	saccade	n/a	126.7	175.9	n/a	248.8	178.2	4.8	334.0
244.607	0.194	fixation	n/a	245.7	179.7	901.0	n/a	n/a	n/a	n/a
244.803	0.02	saccade	n/a	248.6	181.6	n/a	203.8	176.8	1.79	147.0
244.825	0.19	fixation	n/a	214.8	180.7	887.0	n/a	n/a	n/a	n/a
245.017	0.026	saccade	n/a	214.6	181.5	n/a	323.5	191.6	4.36	282.0
245.045	0.142	fixation	n/a	323.9	191.8	930.0	n/a	n/a	n/a	n/a
245.189	0.02	saccade	n/a	324.7	192.3	n/a	381.4	194.2	2.28	190.0
245.211	0.228	fixation	n/a	375.2	194.6	952.0	n/a	n/a	n/a	n/a
245.441	0.046	saccade	n/a	372.5	197.5	n/a	344.4	184.9	1.24	110.0
245.489	0.11	fixation	n/a	340.5	175.5	934.0	n/a	n/a	n/a	n/a
245.601	0.046	saccade	n/a	338.7	175.3	n/a	138.2	67.1	9.06	436.0
245.649	0.166	fixation	n/a	146.1	68.7	864.0	n/a	n/a	n/a	n/a
245.817	0.018	saccade	n/a	146.4	68.3	n/a	132.9	55.7	0.73	81.0
245.837	0.494	fixation	n/a	137.1	60.6	872.0	n/a	n/a	n/a	n/a
246.333	0.024	saccade	n/a	136.8	63.4	n/a	204.4	58.8	2.66	196.0
246.359	0.204	fixation	n/a	198.9	56.6	917.0	n/a	n/a	n/a	n/a
246.565	0.022	saccade	n/a	199.2	57.9	n/a	263.9	55.8	2.57	192.0
246.589	0.19	fixation	n/a	258.8	54.4	894.0	n/a	n/a	n/a	n/a
246.684	0.0	trigger_11	11	n/a	n/a	n/a	n/a	n/a	n/a	n/a
246.692	0.0	trigger_10	10	n/a	n/a	n/a	n/a	n/a	n/a	n/a
246.781	0.022	saccade	n/a	261.4	56.7	n/a	232.4	55.9	1.15	125.0
246.805	0.254	fixation	n/a	238.3	57.6	938.0	n/a	n/a	n/a	n/a
247.061	0.024	saccade	n/a	238.0	59.0	n/a	315.7	70.3	3.14	224.0
247.087	0.256	fixation	n/a	314.3	70.6	991.0	n/a	n/a	n/a	n/a
247.345	0.026	saccade	n/a	318.4	76.8	n/a	359.9	78.8	1.67	91.0
247.373	0.682	fixation	n/a	368.4	79.7	1002.0	n/a	n/a	n/a	n/a
248.057	0.046	saccade	n/a	370.0	79.7	n/a	128.1	63.1	9.6	411.0
248.105	0.31	fixation	n/a	142.6	65.8	988.0	n/a	n/a	n/a	n/a
248.417	0.042	saccade	n/a	141.2	68.7	n/a	353.9	78.6	8.45	401.0
248.461	0.156	fixation	n/a	353.5	80.8	1031.0	n/a	n/a	n/a	n/a
248.619	0.038	saccade	n/a	355.7	83.3	n/a	191.9	63.4	6.58	338.0
248.659	0.212	fixation	n/a	201.9	67.0	988.0	n/a	n/a	n/a	n/a
248.873	0.032	saccade	n/a	200.8	67.8	n/a	141.9	63.0	2.32	253.0
248.907	0.374	fixation	n/a	137.5	66.4	984.0	n/a	n/a	n/a	n/a
249.283	0.022	saccade	n/a	134.9	66.7	n/a	193.3	60.7	2.3	181.0
249.307	0.238	fixation	n/a	192.4	57.7	916.0	n/a	n/a	n/a	n/a
249.547	0.024	saccade	n/a	192.5	59.5	n/a	273.4	57.0	3.21	231.0
249.573	0.222	fixation	n/a	267.3	56.3	909.0	n/a	n/a	n/a	n/a
249.797	0.02	saccade	n/a	265.5	56.8	n/a	308.3	61.9	1.72	139.0
249.819	0.336	fixation	n/a	300.3	61.9	925.0	n/a	n/a	n/a	n/a
250.157	0.018	saccade	n/a	299.6	62.6	n/a	348.5	70.6	1.99	159.0
250.177	0.198	fixation	n/a	349.7	71.5	935.0	n/a	n/a	n/a	n/a
250.377	0.022	saccade	n/a	350.5	73.1	n/a	414.1	80.8	2.58	183.0
250.401	0.106	fixation	n/a	408.6	82.0	938.0	n/a	n/a	n/a	n/a
250.509	0.142	saccade	n/a	406.1	88.8	n/a	433.5	69.5	1.36	550.0
250.555	0.044	blink	n/a	n/a	n/a	n/a	n/a	n/a	n/a	n/a
250.653	0.204	fixation	n/a	438.0	86.2	899.0	n/a	n/a	n/a	n/a
250.859	0.006	saccade	n/a	439.6	83.9	n/a	448.6	80.3	0.39	59.0
250.867	0.228	fixation	n/a	447.8	80.3	877.0	n/a	n/a	n/a	n/a
251.097	0.018	saccade	n/a	445.4	77.8	n/a	484.8	75.5	1.59	117.0
251.117	0.26	fixation	n/a	481.3	73.8	817.0	n/a	n/a	n/a	n/a
251.379	0.018	saccade	n/a	480.6	74.2	n/a	456.2	65.7	1.04	108.0
251.399	0.236	fixation	n/a	464.1	71.0	813.0	n/a	n/a	n/a	n/a
251.637	0.016	saccade	n/a	466.2	75.3	n/a	500.3	74.5	1.37	120.0
251.655	0.158	fixation	n/a	497.2	77.6	877.0	n/a	n/a	n/a	n/a
251.815	0.018	saccade	n/a	496.4	80.6	n/a	538.9	75.9	1.71	144.0
251.835	0.128	fixation	n/a	535.7	75.5	913.0	n/a	n/a	n/a	n/a
251.965	0.066	saccade	n/a	536.2	76.3	n/a	148.0	106.6	15.36	506.0
252.033	0.138	fixation	n/a	139.6	108.4	908.0	n/a	n/a	n/a	n/a
252.173	0.008	saccade	n/a	135.8	109.4	n/a	124.8	114.6	0.48	61.0
252.183	0.112	fixation	n/a	127.5	115.7	909.0	n/a	n/a	n/a	n/a
252.297	0.024	saccade	n/a	128.5	118.1	n/a	204.2	112.4	2.98	209.0
252.323	0.226	fixation	n/a	194.9	113.7	899.0	n/a	n/a	n/a	n/a
252.551	0.026	saccade	n/a	194.1	114.5	n/a	296.4	123.2	4.09	312.0
252.579	0.216	fixation	n/a	289.1	120.4	908.0	n/a	n/a	n/a	n/a
252.797	0.024	saccade	n/a	288.3	121.5	n/a	373.7	130.2	3.45	271.0
252.823	0.236	fixation	n/a	364.9	128.2	919.0	n/a	n/a	n/a	n/a
252.852	0.0	trigger_11	11	n/a	n/a	n/a	n/a	n/a	n/a	n/a
252.856	0.0	trigger_10	10	n/a	n/a	n/a	n/a	n/a	n/a	n/a
253.061	0.022	saccade	n/a	365.7	128.9	n/a	425.7	129.9	2.42	185.0
253.085	0.19	fixation	n/a	422.5	128.2	914.0	n/a	n/a	n/a	n/a
253.277	0.02	saccade	n/a	423.0	128.1	n/a	476.7	125.9	2.16	165.0
253.299	0.328	fixation	n/a	469.7	127.3	930.0	n/a	n/a	n/a	n/a
253.629	0.064	saccade	n/a	471.1	128.6	n/a	123.0	165.8	13.81	472.0
253.695	0.44	fixation	n/a	115.3	167.0	885.0	n/a	n/a	n/a	n/a
254.137	0.04	saccade	n/a	117.7	169.8	n/a	241.9	99.4	5.65	281.0
254.179	0.168	fixation	n/a	231.0	69.8	859.0	n/a	n/a	n/a	n/a
254.349	0.024	saccade	n/a	229.6	68.8	n/a	156.8	57.1	2.91	212.0
254.375	0.314	fixation	n/a	167.0	61.2	879.0	n/a	n/a	n/a	n/a
254.691	0.006	saccade	n/a	166.4	61.2	n/a	158.5	54.6	0.41	60.0
254.699	0.35	fixation	n/a	160.2	57.9	943.0	n/a	n/a	n/a	n/a
255.051	0.016	saccade	n/a	161.3	62.1	n/a	125.3	61.2	1.41	114.0
255.069	0.186	fixation	n/a	135.3	65.7	981.0	n/a	n/a	n/a	n/a
255.257	0.02	saccade	n/a	133.7	67.2	n/a	185.4	61.0	2.04	158.0
255.279	0.242	fixation	n/a	181.4	60.5	959.0	n/a	n/a	n/a	n/a
255.523	0.022	saccade	n/a	182.7	61.0	n/a	124.8	62.7	2.26	176.0
255.547	0.266	fixation	n/a	138.9	64.3	921.0	n/a	n/a	n/a	n/a
255.815	0.024	saccade	n/a	137.8	66.5	n/a	208.1	57.4	2.78	211.0
255.841	0.244	fixation	n/a	198.9	57.3	934.0	n/a	n/a	n/a	n/a
256.087	0.026	saccade	n/a	197.2	58.1	n/a	283.3	56.9	3.42	232.0
256.115	0.09	fixation	n/a	274.9	53.5	915.0	n/a	n/a	n/a	n/a
256.207	0.024	saccade	n/a	273.4	53.5	n/a	336.4	63.9	2.56	200.0
256.233	0.304	fixation	n/a	328.6	61.8	922.0	n/a	n/a	n/a	n/a
256.539	0.02	saccade	n/a	328.9	62.4	n/a	385.6	69.7	2.3	173.0
256.561	0.176	fixation	n/a	384.9	70.2	931.0	n/a	n/a	n/a	n/a
256.739	0.022	saccade	n/a	385.9	71.2	n/a	446.2	75.3	2.43	178.0
256.763	0.304	fixation	n/a	443.9	73.9	930.0	n/a	n/a	n/a	n/a
257.069	0.006	saccade	n/a	442.6	75.1	n/a	435.9	72.6	0.29	45.0
257.077	0.316	fixation	n/a	436.4	76.1	932.0	n/a	n/a	n/a	n/a
257.395	0.02	saccade	n/a	437.8	80.8	n/a	391.5	76.0	1.88	155.0
257.417	0.15	fixation	n/a	404.0	80.2	936.0	n/a	n/a	n/a	n/a
257.569	0.026	saccade	n/a	404.4	82.0	n/a	493.6	80.6	3.59	229.0
257.597	0.156	fixation	n/a	490.3	80.1	964.0	n/a	n/a	n/a	n/a
257.612	0.0	trigger_11	11	n/a	n/a	n/a	n/a	n/a	n/a	n/a
257.62	0.0	trigger_10	10	n/a	n/a	n/a	n/a	n/a	n/a	n/a
257.755	0.016	saccade	n/a	491.2	80.4	n/a	527.8	80.6	1.47	126.0
257.773	0.084	fixation	n/a	523.8	81.1	968.0	n/a	n/a	n/a	n/a
257.859	0.062	saccade	n/a	524.1	80.6	n/a	174.9	110.7	13.91	493.0
257.923	0.118	fixation	n/a	166.9	111.0	954.0	n/a	n/a	n/a	n/a
258.043	0.022	saccade	n/a	167.4	112.2	n/a	117.3	117.9	1.97	170.0
258.067	0.232	fixation	n/a	129.7	120.0	942.0	n/a	n/a	n/a	n/a
258.301	0.024	saccade	n/a	129.8	122.7	n/a	214.9	114.8	3.36	226.0
258.327	0.176	fixation	n/a	213.4	114.8	911.0	n/a	n/a	n/a	n/a
258.505	0.026	saccade	n/a	212.7	116.1	n/a	297.8	126.2	3.42	264.0
258.533	0.184	fixation	n/a	288.9	123.3	909.0	n/a	n/a	n/a	n/a
258.719	0.022	saccade	n/a	287.3	124.6	n/a	358.6	133.1	2.88	218.0
258.743	0.284	fixation	n/a	351.4	130.7	938.0	n/a	n/a	n/a	n/a
259.029	0.022	saccade	n/a	352.9	132.0	n/a	410.7	134.6	2.33	173.0
259.053	0.126	fixation	n/a	408.2	130.9	924.0	n/a	n/a	n/a	n/a
259.181	0.02	saccade	n/a	408.9	131.3	n/a	466.3	130.6	2.31	179.0
259.203	0.202	fixation	n/a	462.2	130.4	916.0	n/a	n/a	n/a	n/a
259.407	0.048	saccade	n/a	464.8	130.8	n/a	185.8	73.3	11.34	402.0
259.457	0.164	fixation	n/a	193.7	74.4	881.0	n/a	n/a	n/a	n/a
259.623	0.008	saccade	n/a	193.8	72.9	n/a	202.1	62.1	0.55	65.0
259.633	0.184	fixation	n/a	200.7	66.4	884.0	n/a	n/a	n/a	n/a
259.819	0.024	saccade	n/a	202.1	68.9	n/a	123.9	53.6	3.12	223.0
259.845	0.248	fixation	n/a	137.5	60.5	904.0	n/a	n/a	n/a	n/a
260.095	0.018	saccade	n/a	136.2	61.9	n/a	180.7	54.0	1.77	154.0
260.115	0.158	fixation	n/a	174.9	53.0	871.0	n/a	n/a	n/a	n/a
260.275	0.02	saccade	n/a	176.9	53.7	n/a	144.4	51.6	1.28	122.0
260.297	0.194	fixation	n/a	153.2	54.6	871.0	n/a	n/a	n/a	n/a
260.493	0.02	saccade	n/a	153.7	56.0	n/a	119.1	55.5	1.35	119.0
260.515	0.296	fixation	n/a	128.3	64.3	933.0	n/a	n/a	n/a	n/a
260.813	0.022	saccade	n/a	128.2	69.8	n/a	194.4	63.9	2.61	181.0
260.837	0.38	fixation	n/a	193.2	62.5	964.0	n/a	n/a	n/a	n/a
261.219	0.018	saccade	n/a	193.8	65.6	n/a	244.3	63.3	2.01	162.0
261.239	0.036	fixation	n/a	243.4	61.5	974.0	n/a	n/a	n/a	n/a
261.277	0.01	saccade	n/a	245.1	59.1	n/a	258.2	62.0	0.54	55.0
261.289	0.116	fixation	n/a	261.8	65.6	976.0	n/a	n/a	n/a	n/a
261.407	0.084	saccade	n/a	264.5	70.0	n/a	284.7	72.2	0.81	233.0
261.493	0.12	fixation	n/a	285.1	75.3	992.0	n/a	n/a	n/a	n/a
261.615	0.088	saccade	n/a	287.0	79.6	n/a	313.1	74.9	1.06	352.0
261.705	0.2	fixation	n/a	310.0	74.4	970.0	n/a	n/a	n/a	n/a
261.907	0.02	saccade	n/a	308.3	75.7	n/a	351.7	79.6	1.75	150.0
261.929	0.35	fixation	n/a	346.8	78.4	935.0	n/a	n/a	n/a	n/a
262.281	0.014	saccade	n/a	345.0	75.7	n/a	321.0	65.3	1.05	94.0
262.297	0.438	fixation	n/a	327.0	68.1	907.0	n/a	n/a	n/a	n/a
262.737	0.018	saccade	n/a	327.5	72.0	n/a	368.4	76.3	1.66	130.0
262.757	0.122	fixation	n/a	363.8	75.3	930.0	n/a	n/a	n/a	n/a
262.881	0.02	saccade	n/a	363.7	76.6	n/a	418.3	78.7	2.2	162.0
262.903	0.36	fixation	n/a	412.8	81.5	971.0	n/a	n/a	n/a	n/a
263.265	0.018	saccade	n/a	412.4	80.1	n/a	461.7	77.4	1.99	145.0
263.285	0.144	fixation	n/a	466.8	75.4	952.0	n/a	n/a	n/a	n/a
263.431	0.022	saccade	n/a	466.4	76.1	n/a	525.5	73.2	2.37	178.0
263.455	0.262	fixation	n/a	518.8	72.9	949.0	n/a	n/a	n/a	n/a
263.719	0.024	saccade	n/a	519.5	74.9	n/a	585.5	72.7	2.63	170.0
263.745	0.312	fixation	n/a	580.0	75.5	975.0	n/a	n/a	n/a	n/a
264.059	0.012	saccade	n/a	580.6	77.4	n/a	601.4	82.1	0.85	78.0
264.073	0.188	fixation	n/a	596.2	82.1	1018.0	n/a	n/a	n/a	n/a
264.263	0.022	saccade	n/a	595.4	82.0	n/a	564.9	77.2	1.22	125.0
264.287	0.444	fixation	n/a	578.0	79.6	1110.0	n/a	n/a	n/a	n/a
264.733	0.074	saccade	n/a	582.3	81.4	n/a	169.7	121.2	16.36	428.0
264.809	0.122	fixation	n/a	157.2	121.1	1112.0	n/a	n/a	n/a	n/a
264.933	0.022	saccade	n/a	157.4	122.5	n/a	120.5	117.9	1.45	153.0
264.957	0.454	fixation	n/a	125.4	117.6	1062.0	n/a	n/a	n/a	n/a
265.413	0.024	saccade	n/a	122.6	117.1	n/a	215.2	117.3	3.63	231.0
265.439	0.202	fixation	n/a	222.8	118.2	1014.0	n/a	n/a	n/a	n/a
265.643	0.024	saccade	n/a	221.8	119.2	n/a	296.3	123.8	2.98	221.0
265.669	0.16	fixation	n/a	290.2	124.2	1015.0	n/a	n/a	n/a	n/a
265.831	0.024	saccade	n/a	289.4	125.7	n/a	371.8	132.3	3.32	232.0
265.857	0.178	fixation	n/a	369.1	130.5	1014.0	n/a	n/a	n/a	n/a
266.037	0.024	saccade	n/a	370.2	131.9	n/a	450.5	131.6	3.23	219.0
266.063	0.254	fixation	n/a	449.1	131.0	1012.0	n/a	n/a	n/a	n/a
266.319	0.02	saccade	n/a	449.3	132.9	n/a	503.6	129.0	2.18	164.0
266.341	0.198	fixation	n/a	499.9	128.2	989.0	n/a	n/a	n/a	n/a
266.541	0.062	saccade	n/a	500.1	129.4	n/a	151.8	174.1	13.91	497.0
266.605	0.166	fixation	n/a	136.3	172.9	954.0	n/a	n/a	n/a	n/a
266.773	0.018	saccade	n/a	135.7	174.2	n/a	118.7	174.7	0.66	83.0
266.793	0.312	fixation	n/a	124.1	175.7	925.0	n/a	n/a	n/a	n/a
267.107	0.022	saccade	n/a	125.0	177.7	n/a	194.6	174.8	2.72	190.0
267.131	0.252	fixation	n/a	216.9	178.2	896.0	n/a	n/a	n/a	n/a
267.385	0.024	saccade	n/a	218.4	181.3	n/a	298.2	187.7	3.19	221.0
267.411	0.172	fixation	n/a	301.7	186.9	928.0	n/a	n/a	n/a	n/a
267.585	0.024	saccade	n/a	301.3	187.6	n/a	378.4	190.4	3.09	217.0
267.611	0.296	fixation	n/a	375.0	190.2	924.0	n/a	n/a	n/a	n/a
267.909	0.018	saccade	n/a	374.1	190.3	n/a	340.4	185.8	1.37	125.0
267.929	0.198	fixation	n/a	348.5	190.1	905.0	n/a	n/a	n/a	n/a
268.129	0.022	saccade	n/a	347.8	191.8	n/a	410.3	191.2	2.51	192.0
268.153	0.186	fixation	n/a	405.6	192.5	896.0	n/a	n/a	n/a	n/a
268.341	0.018	saccade	n/a	406.0	193.7	n/a	453.4	191.9	1.91	149.0
268.361	0.194	fixation	n/a	450.6	191.4	884.0	n/a	n/a	n/a	n/a
268.557	0.02	saccade	n/a	452.0	193.8	n/a	504.0	187.0	2.1	173.0
268.579	0.372	fixation	n/a	506.5	189.3	848.0	n/a	n/a	n/a	n/a
268.953	0.034	saccade	n/a	507.7	191.1	n/a	582.9	188.0	2.99	170.0
268.989	0.276	fixation	n/a	578.8	187.7	858.0	n/a	n/a	n/a	n/a
269.267	0.016	saccade	n/a	578.5	189.1	n/a	610.2	189.0	1.25	98.0
269.285	0.23	fixation	n/a	606.3	187.8	842.0	n/a	n/a	n/a	n/a
269.517	0.086	saccade	n/a	607.1	187.3	n/a	118.0	238.6	19.18	448.0
269.605	0.162	fixation	n/a	114.8	253.0	810.0	n/a	n/a	n/a	n/a
269.769	0.018	saccade	n/a	117.1	253.9	n/a	151.1	232.3	1.57	135.0
269.789	0.326	fixation	n/a	147.5	238.5	786.0	n/a	n/a	n/a	n/a
270.117	0.018	saccade	n/a	149.8	240.5	n/a	193.1	233.3	1.72	142.0
270.137	0.482	fixation	n/a	187.4	236.4	779.0	n/a	n/a	n/a	n/a
270.621	0.024	saccade	n/a	191.1	239.8	n/a	265.1	249.4	2.94	208.0
270.647	0.146	fixation	n/a	261.2	250.6	816.0	n/a	n/a	n/a	n/a
270.795	0.024	saccade	n/a	261.6	251.6	n/a	341.5	251.2	3.18	225.0
270.821	0.23	fixation	n/a	341.4	251.8	862.0	n/a	n/a	n/a	n/a
271.053	0.026	saccade	n/a	341.7	253.0	n/a	407.8	255.1	2.65	157.0
271.081	0.316	fixation	n/a	402.4	253.9	868.0	n/a	n/a	n/a	n/a
271.399	0.026	saccade	n/a	402.9	254.2	n/a	488.5	252.9	3.42	213.0
271.427	0.958	fixation	n/a	485.5	260.9	869.0	n/a	n/a	n/a	n/a
272.387	0.01	saccade	n/a	476.0	266.1	n/a	467.8	249.3	0.75	78.0
272.399	0.934	fixation	n/a	470.4	246.7	948.0	n/a	n/a	n/a	n/a
273.18	0.0	trigger_11	11	n/a	n/a	n/a	n/a	n/a	n/a	n/a
273.186	0.0	trigger_10	10	n/a	n/a	n/a	n/a	n/a	n/a	n/a
273.335	0.03	saccade	n/a	468.1	252.5	n/a	419.8	248.4	1.94	103.0
273.367	0.372	fixation	n/a	428.0	253.0	1022.0	n/a	n/a	n/a	n/a
273.741	0.024	saccade	n/a	428.1	253.4	n/a	498.2	253.0	2.8	194.0
273.767	0.234	fixation	n/a	489.7	253.6	1033.0	n/a	n/a	n/a	n/a
274.003	0.008	saccade	n/a	492.0	254.9	n/a	499.4	249.4	0.37	46.0
274.013	0.402	fixation	n/a	497.1	250.8	1065.0	n/a	n/a	n/a	n/a
274.417	0.006	saccade	n/a	491.1	250.3	n/a	483.2	249.8	0.32	51.0
274.425	0.438	fixation	n/a	477.1	252.1	986.0	n/a	n/a	n/a	n/a
274.865	0.022	saccade	n/a	477.2	255.8	n/a	417.7	253.9	2.38	177.0
274.889	0.192	fixation	n/a	425.4	259.8	1002.0	n/a	n/a	n/a	n/a
275.083	0.024	saccade	n/a	426.1	261.7	n/a	363.8	246.6	2.57	215.0
275.109	0.26	fixation	n/a	372.3	249.4	1056.0	n/a	n/a	n/a	n/a
275.371	0.048	saccade	n/a	368.9	246.8	n/a	142.9	72.5	11.38	446.0
275.421	0.074	fixation	n/a	152.9	76.6	1003.0	n/a	n/a	n/a	n/a
275.497	0.028	saccade	n/a	152.3	75.9	n/a	132.7	70.5	0.79	148.0
275.527	0.138	fixation	n/a	129.2	70.1	935.0	n/a	n/a	n/a	n/a
275.667	0.02	saccade	n/a	128.7	70.9	n/a	170.3	58.1	1.7	150.0
275.689	0.336	fixation	n/a	166.5	62.4	877.0	n/a	n/a	n/a	n/a
276.027	0.016	saccade	n/a	167.0	67.9	n/a	153.5	63.4	0.56	66.0
276.045	0.108	fixation	n/a	158.8	67.7	925.0	n/a	n/a	n/a	n/a
276.155	0.024	saccade	n/a	158.9	68.2	n/a	230.7	58.0	2.86	216.0
276.181	0.236	fixation	n/a	223.9	57.8	961.0	n/a	n/a	n/a	n/a
276.419	0.018	saccade	n/a	224.0	57.4	n/a	273.0	60.7	1.96	160.0
276.439	0.202	fixation	n/a	266.6	58.9	953.0	n/a	n/a	n/a	n/a
276.643	0.022	saccade	n/a	267.7	60.1	n/a	335.0	70.5	2.73	211.0
276.667	0.212	fixation	n/a	336.0	68.0	971.0	n/a	n/a	n/a	n/a
276.881	0.022	saccade	n/a	336.1	68.8	n/a	396.2	76.3	2.44	177.0
276.905	0.314	fixation	n/a	391.1	75.2	1027.0	n/a	n/a	n/a	n/a
277.221	0.018	saccade	n/a	389.4	76.5	n/a	431.7	76.4	1.71	135.0
277.241	0.248	fixation	n/a	432.5	75.2	1005.0	n/a	n/a	n/a	n/a
277.491	0.018	saccade	n/a	433.1	77.6	n/a	479.3	76.3	1.86	149.0
277.511	0.216	fixation	n/a	477.3	76.8	1004.0	n/a	n/a	n/a	n/a
277.729	0.098	saccade	n/a	476.3	84.1	n/a	552.7	69.9	3.11	205.0
277.829	0.2	fixation	n/a	554.0	79.2	1039.0	n/a	n/a	n/a	n/a
278.031	0.01	saccade	n/a	555.2	83.9	n/a	575.0	82.1	0.79	85.0
278.043	0.054	fixation	n/a	574.5	81.6	1040.0	n/a	n/a	n/a	n/a
278.099	0.066	saccade	n/a	573.7	80.7	n/a	171.2	118.6	15.95	527.0
278.167	0.136	fixation	n/a	154.0	117.9	1022.0	n/a	n/a	n/a	n/a
278.305	0.018	saccade	n/a	151.9	119.3	n/a	125.6	122.6	1.03	106.0
278.325	0.208	fixation	n/a	131.8	122.2	990.0	n/a	n/a	n/a	n/a
278.535	0.024	saccade	n/a	130.3	124.7	n/a	212.0	121.0	3.21	242.0
278.561	0.184	fixation	n/a	203.9	118.3	968.0	n/a	n/a	n/a	n/a
278.747	0.024	saccade	n/a	203.3	119.4	n/a	284.8	130.2	3.27	259.0
278.773	0.182	fixation	n/a	275.3	125.6	955.0	n/a	n/a	n/a	n/a
278.957	0.026	saccade	n/a	273.5	125.0	n/a	366.8	133.7	3.76	236.0
278.985	0.324	fixation	n/a	359.8	132.5	953.0	n/a	n/a	n/a	n/a
279.311	0.02	saccade	n/a	359.3	135.5	n/a	407.7	133.0	1.95	162.0
279.333	0.092	fixation	n/a	400.2	135.4	946.0	n/a	n/a	n/a	n/a
279.427	0.02	saccade	n/a	399.9	137.3	n/a	447.8	129.3	1.96	149.0
279.449	0.29	fixation	n/a	442.4	134.3	941.0	n/a	n/a	n/a	n/a
279.741	0.006	saccade	n/a	440.2	135.4	n/a	433.0	136.1	0.29	48.0
279.749	0.106	fixation	n/a	433.3	135.7	955.0	n/a	n/a	n/a	n/a
279.857	0.024	saccade	n/a	434.0	136.5	n/a	517.7	135.5	3.36	227.0
279.883	0.116	fixation	n/a	512.6	132.7	972.0	n/a	n/a	n/a	n/a
280.001	0.018	saccade	n/a	512.8	134.9	n/a	564.4	131.8	2.06	173.0
280.021	0.154	fixation	n/a	555.4	132.4	973.0	n/a	n/a	n/a	n/a
280.177	0.02	saccade	n/a	555.1	132.8	n/a	611.5	133.1	2.23	179.0
280.199	0.282	fixation	n/a	603.7	130.8	946.0	n/a	n/a	n/a	n/a
280.483	0.014	saccade	n/a	604.0	131.8	n/a	630.4	130.8	1.04	85.0
280.499	0.192	fixation	n/a	624.1	131.9	949.0	n/a	n/a	n/a	n/a
280.693	0.074	saccade	n/a	624.7	130.9	n/a	189.2	178.9	17.25	505.0
280.769	0.09	fixation	n/a	177.4	177.7	953.0	n/a	n/a	n/a	n/a
280.861	0.022	saccade	n/a	178.0	179.1	n/a	119.4	176.4	2.29	202.0
280.885	0.29	fixation	n/a	131.5	176.3	935.0	n/a	n/a	n/a	n/a
280.958	0.0	trigger_11	11	n/a	n/a	n/a	n/a	n/a	n/a	n/a
280.964	0.0	trigger_10	10	n/a	n/a	n/a	n/a	n/a	n/a	n/a
281.177	0.022	saccade	n/a	130.8	177.8	n/a	202.6	181.1	2.82	222.0
281.201	0.224	fixation	n/a	193.3	180.5	937.0	n/a	n/a	n/a	n/a
281.427	0.022	saccade	n/a	192.0	181.5	n/a	271.4	188.2	3.16	242.0
281.451	0.264	fixation	n/a	262.0	188.7	959.0	n/a	n/a	n/a	n/a
281.717	0.024	saccade	n/a	261.6	190.5	n/a	346.0	192.8	3.38	257.0
281.743	0.362	fixation	n/a	336.6	192.9	970.0	n/a	n/a	n/a	n/a
282.107	0.022	saccade	n/a	338.1	194.7	n/a	277.9	190.7	2.42	202.0
282.131	0.334	fixation	n/a	287.2	193.3	936.0	n/a	n/a	n/a	n/a
282.467	0.04	saccade	n/a	284.8	194.3	n/a	239.4	160.2	2.28	119.0
282.509	0.264	fixation	n/a	209.9	127.2	898.0	n/a	n/a	n/a	n/a
282.775	0.022	saccade	n/a	210.1	121.0	n/a	160.5	75.2	2.69	215.0
282.799	0.356	fixation	n/a	164.2	64.4	882.0	n/a	n/a	n/a	n/a
283.157	0.02	saccade	n/a	165.5	67.4	n/a	123.5	59.4	1.67	143.0
283.179	0.176	fixation	n/a	133.7	62.9	907.0	n/a	n/a	n/a	n/a
283.357	0.02	saccade	n/a	132.4	64.5	n/a	186.9	55.6	2.16	178.0
283.379	0.212	fixation	n/a	184.5	56.6	894.0	n/a	n/a	n/a	n/a
283.593	0.022	saccade	n/a	185.5	58.2	n/a	260.1	52.5	2.96	219.0
283.617	0.136	fixation	n/a	259.2	50.6	886.0	n/a	n/a	n/a	n/a
283.755	0.02	saccade	n/a	258.2	52.9	n/a	324.6	58.2	2.66	222.0
283.777	0.176	fixation	n/a	320.1	59.8	910.0	n/a	n/a	n/a	n/a
283.955	0.02	saccade	n/a	319.2	61.2	n/a	388.5	72.5	2.83	224.0
283.977	0.182	fixation	n/a	387.7	70.8	908.0	n/a	n/a	n/a	n/a
284.161	0.022	saccade	n/a	388.4	72.5	n/a	455.1	72.8	2.68	196.0
284.185	0.166	fixation	n/a	454.6	73.1	913.0	n/a	n/a	n/a	n/a
284.353	0.024	saccade	n/a	456.6	75.5	n/a	536.5	74.3	3.2	215.0
284.379	0.126	fixation	n/a	536.7	71.7	937.0	n/a	n/a	n/a	n/a
284.507	0.018	saccade	n/a	537.8	72.2	n/a	583.3	71.0	1.81	156.0
284.527	0.168	fixation	n/a	575.5	71.7	955.0	n/a	n/a	n/a	n/a
284.697	0.07	saccade	n/a	574.9	71.2	n/a	153.1	110.1	16.68	500.0
284.769	0.21	fixation	n/a	144.7	109.6	965.0	n/a	n/a	n/a	n/a
284.981	0.024	saccade	n/a	143.2	110.8	n/a	220.5	116.5	3.05	237.0
285.007	0.16	fixation	n/a	210.7	114.5	976.0	n/a	n/a	n/a	n/a
285.169	0.022	saccade	n/a	209.8	116.2	n/a	290.8	123.6	3.23	243.0
285.193	0.242	fixation	n/a	280.1	122.3	983.0	n/a	n/a	n/a	n/a
285.437	0.024	saccade	n/a	277.8	122.7	n/a	370.5	133.8	3.75	284.0
285.463	0.276	fixation	n/a	359.0	133.8	984.0	n/a	n/a	n/a	n/a
285.741	0.036	saccade	n/a	356.4	132.0	n/a	475.6	128.4	4.8	243.0
285.779	0.2	fixation	n/a	470.2	128.5	970.0	n/a	n/a	n/a	n/a
285.981	0.022	saccade	n/a	470.0	131.0	n/a	524.6	128.9	2.19	181.0
286.005	0.158	fixation	n/a	518.3	130.3	953.0	n/a	n/a	n/a	n/a
286.165	0.064	saccade	n/a	520.0	130.7	n/a	160.5	169.9	14.33	476.0
286.231	0.114	fixation	n/a	150.0	169.8	930.0	n/a	n/a	n/a	n/a
286.347	0.02	saccade	n/a	150.6	171.9	n/a	109.2	176.1	1.62	132.0
286.369	0.374	fixation	n/a	121.5	178.0	904.0	n/a	n/a	n/a	n/a
286.745	0.022	saccade	n/a	121.2	180.6	n/a	187.7	177.2	2.6	200.0
286.769	0.156	fixation	n/a	185.5	177.9	878.0	n/a	n/a	n/a	n/a
286.927	0.012	saccade	n/a	189.2	185.4	n/a	210.5	184.1	0.84	74.0
286.941	0.298	fixation	n/a	248.0	186.5	893.0	n/a	n/a	n/a	n/a
286.982	0.0	trigger_11	11	n/a	n/a	n/a	n/a	n/a	n/a	n/a
286.99	0.0	trigger_10	10	n/a	n/a	n/a	n/a	n/a	n/a	n/a
287.241	0.024	saccade	n/a	250.6	186.4	n/a	325.0	191.7	2.98	206.0
287.267	0.176	fixation	n/a	323.5	191.0	918.0	n/a	n/a	n/a	n/a
287.445	0.026	saccade	n/a	325.0	192.6	n/a	408.5	193.7	3.35	215.0
287.473	0.298	fixation	n/a	406.8	195.2	911.0	n/a	n/a	n/a	n/a
287.773	0.03	saccade	n/a	408.7	198.6	n/a	498.2	190.6	3.6	191.0
287.805	0.228	fixation	n/a	493.9	190.5	905.0	n/a	n/a	n/a	n/a
288.035	0.022	saccade	n/a	495.7	193.5	n/a	559.2	188.7	2.54	175.0
288.059	0.182	fixation	n/a	555.2	188.5	900.0	n/a	n/a	n/a	n/a
288.243	0.02	saccade	n/a	555.0	189.7	n/a	612.3	186.9	2.27	190.0
288.265	0.158	fixation	n/a	612.6	186.6	885.0	n/a	n/a	n/a	n/a
288.425	0.072	saccade	n/a	614.4	188.1	n/a	165.4	238.6	17.72	530.0
288.499	0.122	fixation	n/a	152.2	236.5	855.0	n/a	n/a	n/a	n/a
288.623	0.022	saccade	n/a	152.8	235.1	n/a	112.3	236.6	1.57	159.0
288.647	0.126	fixation	n/a	118.8	235.8	833.0	n/a	n/a	n/a	n/a
288.775	0.042	saccade	n/a	119.3	235.2	n/a	134.0	65.6	6.81	327.0
288.819	0.136	fixation	n/a	140.6	63.5	784.0	n/a	n/a	n/a	n/a
288.957	0.014	saccade	n/a	142.0	63.5	n/a	163.0	48.7	1.02	94.0
288.973	0.234	fixation	n/a	158.9	55.7	768.0	n/a	n/a	n/a	n/a
289.209	0.022	saccade	n/a	161.1	59.7	n/a	126.3	55.5	1.37	130.0
289.233	0.162	fixation	n/a	134.4	58.3	797.0	n/a	n/a	n/a	n/a
289.397	0.024	saccade	n/a	131.7	58.9	n/a	205.5	51.3	2.91	212.0
289.423	0.176	fixation	n/a	199.5	51.1	814.0	n/a	n/a	n/a	n/a
289.601	0.02	saccade	n/a	199.7	52.8	n/a	253.2	51.2	2.12	166.0
289.623	0.136	fixation	n/a	248.1	52.8	827.0	n/a	n/a	n/a	n/a
289.761	0.114	saccade	n/a	249.6	61.1	n/a	324.1	61.1	2.98	434.0
289.877	0.174	fixation	n/a	329.0	67.7	876.0	n/a	n/a	n/a	n/a
290.053	0.01	saccade	n/a	331.5	71.3	n/a	314.4	60.9	0.81	83.0
290.065	0.138	fixation	n/a	321.3	66.5	883.0	n/a	n/a	n/a	n/a
290.205	0.024	saccade	n/a	320.6	69.4	n/a	385.4	77.2	2.63	205.0
290.231	0.222	fixation	n/a	379.1	73.3	847.0	n/a	n/a	n/a	n/a
290.455	0.022	saccade	n/a	380.9	74.8	n/a	438.9	78.4	2.34	175.0
290.479	0.266	fixation	n/a	437.6	81.4	863.0	n/a	n/a	n/a	n/a
290.747	0.018	saccade	n/a	438.6	85.6	n/a	491.3	82.0	2.13	164.0
290.767	0.114	fixation	n/a	489.6	81.5	881.0	n/a	n/a	n/a	n/a
290.883	0.022	saccade	n/a	489.2	79.7	n/a	552.4	76.7	2.53	182.0
290.907	0.276	fixation	n/a	545.8	78.1	882.0	n/a	n/a	n/a	n/a
291.185	0.012	saccade	n/a	545.7	78.5	n/a	568.4	80.3	0.91	83.0
291.199	0.114	fixation	n/a	566.5	80.3	893.0	n/a	n/a	n/a	n/a
291.315	0.066	saccade	n/a	567.4	80.2	n/a	172.5	113.7	15.67	497.0
291.383	0.104	fixation	n/a	164.2	113.7	909.0	n/a	n/a	n/a	n/a
291.489	0.02	saccade	n/a	164.0	114.5	n/a	114.9	120.7	1.93	165.0
291.511	0.236	fixation	n/a	124.0	120.9	923.0	n/a	n/a	n/a	n/a
291.749	0.02	saccade	n/a	124.3	121.0	n/a	177.8	113.4	2.12	186.0
291.771	0.47	fixation	n/a	166.6	114.6	901.0	n/a	n/a	n/a	n/a
292.243	0.024	saccade	n/a	159.2	116.0	n/a	235.5	111.8	3.02	209.0
292.269	0.19	fixation	n/a	236.3	112.7	881.0	n/a	n/a	n/a	n/a
292.461	0.02	saccade	n/a	237.3	115.3	n/a	209.3	111.3	1.12	110.0
292.483	0.166	fixation	n/a	216.0	114.4	891.0	n/a	n/a	n/a	n/a
292.651	0.022	saccade	n/a	215.5	116.0	n/a	283.9	121.1	2.73	220.0
292.675	0.224	fixation	n/a	275.9	121.2	902.0	n/a	n/a	n/a	n/a
292.901	0.018	saccade	n/a	276.2	125.2	n/a	317.7	131.4	1.68	144.0
292.921	0.196	fixation	n/a	313.2	129.0	918.0	n/a	n/a	n/a	n/a
293.119	0.022	saccade	n/a	314.2	129.8	n/a	383.3	136.8	2.8	189.0
293.143	0.178	fixation	n/a	383.0	134.6	926.0	n/a	n/a	n/a	n/a
293.323	0.022	saccade	n/a	384.7	134.8	n/a	448.3	135.8	2.56	197.0
293.347	0.438	fixation	n/a	441.5	136.2	943.0	n/a	n/a	n/a	n/a
293.787	0.024	saccade	n/a	444.8	132.4	n/a	520.9	136.9	3.06	207.0
293.813	0.106	fixation	n/a	516.7	136.8	940.0	n/a	n/a	n/a	n/a
293.921	0.022	saccade	n/a	514.7	137.6	n/a	558.1	131.7	1.75	130.0
293.945	0.344	fixation	n/a	553.0	132.3	927.0	n/a	n/a	n/a	n/a
294.291	0.008	saccade	n/a	555.0	131.0	n/a	543.0	130.5	0.48	62.0
294.301	0.206	fixation	n/a	544.7	130.3	860.0	n/a	n/a	n/a	n/a
294.509	0.054	saccade	n/a	545.7	130.5	n/a	154.9	167.7	15.49	430.0
294.565	0.132	fixation	n/a	164.1	168.2	846.0	n/a	n/a	n/a	n/a
294.699	0.024	saccade	n/a	164.7	166.8	n/a	119.8	175.0	1.78	164.0
294.725	0.122	fixation	n/a	129.4	176.4	874.0	n/a	n/a	n/a	n/a
294.734	0.0	trigger_11	11	n/a	n/a	n/a	n/a	n/a	n/a	n/a
294.74	0.0	trigger_10	10	n/a	n/a	n/a	n/a	n/a	n/a	n/a
294.849	0.026	saccade	n/a	129.8	178.4	n/a	218.4	180.7	3.48	267.0
294.877	0.12	fixation	n/a	211.1	179.2	890.0	n/a	n/a	n/a	n/a
294.999	0.022	saccade	n/a	212.8	180.5	n/a	283.7	187.3	2.83	226.0
295.023	0.23	fixation	n/a	273.5	186.3	895.0	n/a	n/a	n/a	n/a
295.255	0.022	saccade	n/a	274.6	188.9	n/a	342.8	193.1	2.74	197.0
295.279	0.126	fixation	n/a	336.1	192.6	903.0	n/a	n/a	n/a	n/a
295.407	0.154	saccade	n/a	336.1	200.5	n/a	349.4	216.7	0.85	807.0
295.437	0.058	blink	n/a	n/a	n/a	n/a	n/a	n/a	n/a	n/a
295.563	0.28	fixation	n/a	349.5	217.4	901.0	n/a	n/a	n/a	n/a
295.845	0.042	saccade	n/a	346.6	213.6	n/a	295.9	40.7	7.32	342.0
295.889	0.316	fixation	n/a	298.0	52.6	805.0	n/a	n/a	n/a	n/a
296.207	0.038	saccade	n/a	299.7	54.8	n/a	155.9	55.9	5.68	263.0
296.247	0.226	fixation	n/a	164.0	60.8	832.0	n/a	n/a	n/a	n/a
296.475	0.016	saccade	n/a	161.2	61.8	n/a	142.8	56.2	0.75	92.0
296.493	0.446	fixation	n/a	150.1	60.5	840.0	n/a	n/a	n/a	n/a
296.941	0.02	saccade	n/a	151.5	63.6	n/a	127.7	57.3	0.96	115.0
296.963	0.224	fixation	n/a	133.7	59.1	884.0	n/a	n/a	n/a	n/a
297.189	0.018	saccade	n/a	133.3	59.0	n/a	169.7	55.8	1.43	122.0
297.209	0.242	fixation	n/a	161.6	55.9	892.0	n/a	n/a	n/a	n/a
297.453	0.022	saccade	n/a	162.7	57.4	n/a	232.7	53.1	2.77	212.0
297.477	0.258	fixation	n/a	234.5	52.3	919.0	n/a	n/a	n/a	n/a
297.737	0.02	saccade	n/a	234.5	54.0	n/a	285.5	58.1	2.04	151.0
297.759	0.258	fixation	n/a	279.8	57.1	936.0	n/a	n/a	n/a	n/a
298.019	0.022	saccade	n/a	281.9	59.0	n/a	340.7	69.4	2.39	183.0
298.043	0.15	fixation	n/a	340.2	68.0	954.0	n/a	n/a	n/a	n/a
298.195	0.022	saccade	n/a	340.3	70.1	n/a	399.1	78.4	2.39	174.0
298.219	0.218	fixation	n/a	401.8	78.3	962.0	n/a	n/a	n/a	n/a
298.439	0.022	saccade	n/a	402.4	79.4	n/a	464.9	78.6	2.52	177.0
298.463	0.198	fixation	n/a	462.2	79.7	969.0	n/a	n/a	n/a	n/a
298.663	0.018	saccade	n/a	463.9	82.4	n/a	417.9	82.2	1.85	159.0
298.683	0.312	fixation	n/a	427.5	83.9	952.0	n/a	n/a	n/a	n/a
298.997	0.022	saccade	n/a	425.9	84.4	n/a	476.4	82.6	2.03	151.0
299.021	0.314	fixation	n/a	467.2	81.0	937.0	n/a	n/a	n/a	n/a
299.337	0.018	saccade	n/a	466.0	80.0	n/a	514.5	78.6	1.94	151.0
299.357	0.19	fixation	n/a	512.6	76.7	916.0	n/a	n/a	n/a	n/a
299.549	0.024	saccade	n/a	510.4	77.4	n/a	578.0	76.9	2.69	177.0
299.575	0.55	fixation	n/a	571.2	75.4	925.0	n/a	n/a	n/a	n/a
300.127	0.07	saccade	n/a	572.1	75.6	n/a	178.3	117.7	15.66	436.0
300.199	0.11	fixation	n/a	170.3	117.9	950.0	n/a	n/a	n/a	n/a
300.311	0.022	saccade	n/a	170.5	118.7	n/a	109.1	120.9	2.4	192.0
300.335	0.164	fixation	n/a	124.2	121.3	959.0	n/a	n/a	n/a	n/a
300.501	0.052	saccade	n/a	125.3	122.1	n/a	518.1	72.5	15.62	524.0
300.555	0.136	fixation	n/a	510.3	77.1	981.0	n/a	n/a	n/a	n/a
300.693	0.022	saccade	n/a	511.0	77.4	n/a	564.8	71.9	2.16	204.0
300.696	0.0	trigger_11	11	n/a	n/a	n/a	n/a	n/a	n/a	n/a
300.696	0.0	trigger_18	18	n/a	n/a	n/a	n/a	n/a	n/a	n/a
300.717	0.202	fixation	n/a	558.0	71.7	946.0	n/a	n/a	n/a	n/a
300.921	0.022	saccade	n/a	559.3	74.6	n/a	616.2	69.3	2.26	194.0
300.945	0.11	fixation	n/a	607.3	72.4	933.0	n/a	n/a	n/a	n/a
301.057	0.056	saccade	n/a	608.4	73.6	n/a	160.9	103.4	17.62	532.0
301.115	0.088	fixation	n/a	171.5	105.6	925.0	n/a	n/a	n/a	n/a
301.205	0.032	saccade	n/a	172.4	105.0	n/a	136.5	117.1	1.49	234.0
301.239	0.16	fixation	n/a	128.6	118.6	909.0	n/a	n/a	n/a	n/a
301.401	0.024	saccade	n/a	129.6	120.8	n/a	202.1	114.5	2.85	222.0
301.427	0.206	fixation	n/a	195.7	115.6	933.0	n/a	n/a	n/a	n/a
301.635	0.024	saccade	n/a	196.2	115.6	n/a	274.3	127.3	3.14	233.0
301.661	0.432	fixation	n/a	261.7	125.0	958.0	n/a	n/a	n/a	n/a
302.095	0.02	saccade	n/a	260.4	130.0	n/a	304.9	127.2	1.78	144.0
302.117	0.27	fixation	n/a	301.8	128.6	959.0	n/a	n/a	n/a	n/a
302.389	0.036	saccade	n/a	303.6	130.9	n/a	150.6	75.6	6.46	348.0
302.427	0.208	fixation	n/a	143.4	74.1	904.0	n/a	n/a	n/a	n/a
302.637	0.008	saccade	n/a	142.2	71.4	n/a	137.2	61.0	0.46	57.0
302.647	0.524	fixation	n/a	142.5	69.0	908.0	n/a	n/a	n/a	n/a
303.173	0.052	saccade	n/a	141.7	78.2	n/a	266.4	167.1	6.09	235.0
303.227	0.168	fixation	n/a	273.8	176.0	992.0	n/a	n/a	n/a	n/a
303.397	0.284	saccade	n/a	275.5	175.3	n/a	298.5	127.4	2.16	1009.0
303.445	0.17	blink	n/a	n/a	n/a	n/a	n/a	n/a	n/a	n/a
303.683	0.158	fixation	n/a	300.4	135.6	838.0	n/a	n/a	n/a	n/a
303.843	0.02	saccade	n/a	300.3	139.3	n/a	291.2	123.9	0.73	105.0
303.865	0.21	fixation	n/a	291.1	133.0	862.0	n/a	n/a	n/a	n/a
304.077	0.022	saccade	n/a	288.5	133.5	n/a	221.5	115.8	2.76	229.0
304.101	0.26	fixation	n/a	222.9	116.8	784.0	n/a	n/a	n/a	n/a
304.363	0.02	saccade	n/a	222.2	118.9	n/a	167.8	112.1	2.16	168.0
304.385	0.58	fixation	n/a	176.8	118.1	836.0	n/a	n/a	n/a	n/a
304.967	0.03	saccade	n/a	177.7	124.6	n/a	297.0	124.5	4.74	272.0
304.999	0.216	fixation	n/a	294.3	125.5	871.0	n/a	n/a	n/a	n/a
