onset	duration	trial_type	value	gaze_x	gaze_y	pupil_size	sacc_endx	sacc_endy	sacc_amplitude	sacc_peakvel
2.046	0.296	fixation	n/a	309.4	193.3	978.0	n/a	n/a	n/a	n/a
2.08	0.0	trigger_116	116	n/a	n/a	n/a	n/a	n/a	n/a	n/a
2.082	0.0	trigger_19	19	n/a	n/a	n/a	n/a	n/a	n/a	n/a
2.096	0.0	trigger_10	10	n/a	n/a	n/a	n/a	n/a	n/a	n/a
2.344	0.028	saccade	n/a	308.5	195.9	n/a	278.4	138.3	2.63	149.0
2.374	0.226	fixation	n/a	257.7	122.8	1012.0	n/a	n/a	n/a	n/a
2.602	0.02	saccade	n/a	257.1	125.7	n/a	220.9	92.4	1.97	183.0
2.624	1.318	fixation	n/a	230.2	113.5	1035.0	n/a	n/a	n/a	n/a
3.944	0.018	saccade	n/a	234.5	139.0	n/a	249.8	172.3	1.48	114.0
3.964	0.196	fixation	n/a	250.1	178.4	1174.0	n/a	n/a	n/a	n/a
4.162	0.036	saccade	n/a	249.7	180.0	n/a	185.7	92.2	4.37	228.0
4.2	0.122	fixation	n/a	188.6	95.5	1125.0	n/a	n/a	n/a	n/a
4.324	0.018	saccade	n/a	189.4	98.0	n/a	139.2	78.7	2.12	182.0
4.344	0.506	fixation	n/a	132.3	71.0	1034.0	n/a	n/a	n/a	n/a
4.852	0.016	saccade	n/a	125.1	67.3	n/a	162.2	60.6	1.47	127.0
4.87	0.158	fixation	n/a	168.2	59.7	1046.0	n/a	n/a	n/a	n/a
5.03	0.018	saccade	n/a	167.4	61.5	n/a	205.9	57.5	1.52	125.0
5.05	0.16	fixation	n/a	209.2	57.1	1062.0	n/a	n/a	n/a	n/a
5.212	0.008	saccade	n/a	210.0	60.3	n/a	196.1	57.5	0.56	68.0
5.222	0.104	fixation	n/a	197.3	58.5	1050.0	n/a	n/a	n/a	n/a
5.328	0.024	saccade	n/a	197.9	58.8	n/a	279.9	65.6	3.27	210.0
5.354	0.202	fixation	n/a	284.7	63.6	1074.0	n/a	n/a	n/a	n/a
5.558	0.02	saccade	n/a	286.2	65.0	n/a	340.9	67.7	2.2	174.0
5.58	0.126	fixation	n/a	342.9	68.2	1103.0	n/a	n/a	n/a	n/a
5.708	0.02	saccade	n/a	342.2	69.4	n/a	394.6	76.9	2.13	160.0
5.73	0.096	fixation	n/a	399.0	72.4	1089.0	n/a	n/a	n/a	n/a
5.828	0.02	saccade	n/a	399.2	72.9	n/a	447.0	74.0	1.92	151.0
5.85	0.184	fixation	n/a	444.9	71.4	1067.0	n/a	n/a	n/a	n/a
6.036	0.014	saccade	n/a	445.0	72.1	n/a	472.2	71.4	1.09	111.0
6.052	0.052	fixation	n/a	476.1	71.1	1055.0	n/a	n/a	n/a	n/a
6.106	0.056	saccade	n/a	478.0	70.4	n/a	155.9	111.7	12.89	450.0
6.164	0.134	fixation	n/a	152.3	112.4	1035.0	n/a	n/a	n/a	n/a
6.3	0.012	saccade	n/a	152.1	112.5	n/a	129.2	117.6	0.92	91.0
6.314	0.37	fixation	n/a	133.9	118.9	1048.0	n/a	n/a	n/a	n/a
6.686	0.022	saccade	n/a	135.1	120.3	n/a	200.0	118.4	2.55	174.0
6.71	0.424	fixation	n/a	209.7	121.4	1086.0	n/a	n/a	n/a	n/a
7.136	0.018	saccade	n/a	210.5	127.3	n/a	165.0	122.1	1.8	151.0
7.156	0.214	fixation	n/a	170.0	124.6	1100.0	n/a	n/a	n/a	n/a
7.372	0.016	saccade	n/a	171.8	125.3	n/a	134.2	124.4	1.47	132.0
7.39	0.428	fixation	n/a	138.6	126.6	1091.0	n/a	n/a	n/a	n/a
7.82	0.02	saccade	n/a	137.5	127.2	n/a	182.8	129.7	1.78	146.0
7.842	0.316	fixation	n/a	191.7	123.7	1104.0	n/a	n/a	n/a	n/a
8.16	0.022	saccade	n/a	188.1	123.7	n/a	258.3	126.4	2.78	196.0
8.184	0.206	fixation	n/a	262.6	125.0	1099.0	n/a	n/a	n/a	n/a
8.392	0.024	saccade	n/a	260.5	124.3	n/a	331.2	127.1	2.83	189.0
8.418	0.262	fixation	n/a	350.9	128.1	1072.0	n/a	n/a	n/a	n/a
8.682	0.02	saccade	n/a	351.5	127.4	n/a	411.7	128.1	2.43	162.0
8.704	0.242	fixation	n/a	418.4	125.3	1017.0	n/a	n/a	n/a	n/a
8.948	0.024	saccade	n/a	418.3	125.9	n/a	348.8	123.0	2.8	172.0
8.974	0.238	fixation	n/a	346.7	126.8	987.0	n/a	n/a	n/a	n/a
9.214	0.016	saccade	n/a	348.1	129.9	n/a	387.1	128.4	1.57	133.0
9.232	0.206	fixation	n/a	390.0	128.4	982.0	n/a	n/a	n/a	n/a
9.44	0.018	saccade	n/a	388.3	127.2	n/a	437.8	129.7	2.0	162.0
9.46	0.306	fixation	n/a	442.1	126.7	1004.0	n/a	n/a	n/a	n/a
9.768	0.04	saccade	n/a	445.1	131.4	n/a	324.9	57.5	5.7	243.0
9.81	0.184	fixation	n/a	328.8	59.5	973.0	n/a	n/a	n/a	n/a
9.996	0.024	saccade	n/a	329.9	63.5	n/a	259.6	48.3	2.88	183.0
10.022	0.224	fixation	n/a	260.4	53.6	955.0	n/a	n/a	n/a	n/a
10.248	0.038	saccade	n/a	258.0	55.0	n/a	481.6	67.7	8.96	379.0
10.288	0.222	fixation	n/a	480.3	70.5	996.0	n/a	n/a	n/a	n/a
10.512	0.046	saccade	n/a	481.7	71.3	n/a	191.5	121.6	11.74	416.0
10.56	0.146	fixation	n/a	203.2	125.5	980.0	n/a	n/a	n/a	n/a
10.708	0.02	saccade	n/a	203.8	124.5	n/a	147.5	121.9	2.21	182.0
10.73	0.31	fixation	n/a	149.6	123.8	963.0	n/a	n/a	n/a	n/a
10.948	0.0	trigger_11	11	n/a	n/a	n/a	n/a	n/a	n/a	n/a
10.96	0.0	trigger_10	10	n/a	n/a	n/a	n/a	n/a	n/a	n/a
11.042	0.022	saccade	n/a	149.3	124.7	n/a	213.3	120.7	2.52	170.0
11.066	0.21	fixation	n/a	224.2	120.1	952.0	n/a	n/a	n/a	n/a
11.278	0.062	saccade	n/a	224.0	121.3	n/a	356.9	560.4	17.79	428.0
11.342	0.086	fixation	n/a	358.2	554.8	1016.0	n/a	n/a	n/a	n/a
11.43	0.024	saccade	n/a	356.2	554.7	n/a	421.4	524.2	2.75	195.0
11.456	0.348	fixation	n/a	425.8	525.8	935.0	n/a	n/a	n/a	n/a
11.806	0.03	saccade	n/a	427.5	525.3	n/a	518.6	516.3	3.53	134.0
11.838	0.152	fixation	n/a	531.2	515.8	819.0	n/a	n/a	n/a	n/a
11.992	0.088	saccade	n/a	534.1	518.0	n/a	166.3	91.8	21.84	406.0
12.082	0.186	fixation	n/a	169.7	87.7	786.0	n/a	n/a	n/a	n/a
12.27	0.02	saccade	n/a	173.1	90.9	n/a	130.9	61.6	2.03	171.0
12.292	0.302	fixation	n/a	138.2	66.2	840.0	n/a	n/a	n/a	n/a
12.596	0.008	saccade	n/a	138.7	66.4	n/a	125.4	60.9	0.56	70.0
12.606	0.236	fixation	n/a	128.6	63.4	936.0	n/a	n/a	n/a	n/a
12.844	0.02	saccade	n/a	129.8	66.2	n/a	180.0	60.7	1.98	152.0
12.866	0.278	fixation	n/a	186.7	61.4	988.0	n/a	n/a	n/a	n/a
13.146	0.022	saccade	n/a	188.1	64.7	n/a	125.8	65.0	2.44	181.0
13.17	0.406	fixation	n/a	129.6	67.7	990.0	n/a	n/a	n/a	n/a
13.578	0.016	saccade	n/a	129.2	71.8	n/a	165.8	65.4	1.45	125.0
13.596	0.076	fixation	n/a	167.8	64.0	984.0	n/a	n/a	n/a	n/a
13.674	0.022	saccade	n/a	167.5	65.3	n/a	235.0	62.9	2.66	199.0
13.698	0.146	fixation	n/a	236.2	60.5	1003.0	n/a	n/a	n/a	n/a
13.846	0.02	saccade	n/a	235.8	60.4	n/a	296.8	63.6	2.43	165.0
13.868	0.16	fixation	n/a	311.8	68.2	1042.0	n/a	n/a	n/a	n/a
14.03	0.02	saccade	n/a	314.2	71.9	n/a	375.2	74.9	2.46	179.0
14.052	0.162	fixation	n/a	381.6	74.2	1063.0	n/a	n/a	n/a	n/a
14.216	0.024	saccade	n/a	380.5	76.5	n/a	470.1	74.1	3.61	216.0
14.242	0.216	fixation	n/a	486.9	73.8	1031.0	n/a	n/a	n/a	n/a
14.46	0.022	saccade	n/a	487.5	74.1	n/a	430.8	74.0	2.28	184.0
14.484	0.222	fixation	n/a	431.3	72.8	1012.0	n/a	n/a	n/a	n/a
14.708	0.016	saccade	n/a	428.3	73.0	n/a	462.2	69.6	1.37	118.0
14.726	0.206	fixation	n/a	463.2	69.9	1015.0	n/a	n/a	n/a	n/a
14.934	0.016	saccade	n/a	462.3	72.1	n/a	503.2	69.5	1.64	142.0
14.952	0.314	fixation	n/a	507.0	69.7	1031.0	n/a	n/a	n/a	n/a
15.268	0.014	saccade	n/a	508.6	73.4	n/a	544.1	73.7	1.42	116.0
15.284	0.134	fixation	n/a	544.1	73.4	993.0	n/a	n/a	n/a	n/a
15.42	0.052	saccade	n/a	545.0	70.8	n/a	133.6	118.4	16.31	527.0
15.474	0.126	fixation	n/a	147.4	119.1	969.0	n/a	n/a	n/a	n/a
15.602	0.014	saccade	n/a	148.7	119.3	n/a	120.3	125.0	1.13	104.0
15.618	0.254	fixation	n/a	127.5	125.7	971.0	n/a	n/a	n/a	n/a
15.874	0.022	saccade	n/a	127.3	126.6	n/a	201.3	118.5	2.92	203.0
15.898	0.19	fixation	n/a	210.2	118.4	984.0	n/a	n/a	n/a	n/a
16.09	0.028	saccade	n/a	211.1	119.1	n/a	305.6	122.5	3.77	235.0
16.12	0.158	fixation	n/a	322.3	122.9	1017.0	n/a	n/a	n/a	n/a
16.28	0.022	saccade	n/a	322.7	124.2	n/a	392.4	128.1	2.81	190.0
16.304	0.222	fixation	n/a	397.5	126.4	1021.0	n/a	n/a	n/a	n/a
16.528	0.02	saccade	n/a	395.1	129.6	n/a	453.4	125.9	2.35	170.0
16.55	0.2	fixation	n/a	464.4	127.6	989.0	n/a	n/a	n/a	n/a
16.752	0.02	saccade	n/a	463.1	129.8	n/a	512.1	131.3	1.96	136.0
16.774	0.2	fixation	n/a	522.0	129.3	944.0	n/a	n/a	n/a	n/a
16.976	0.016	saccade	n/a	523.0	129.3	n/a	565.2	130.0	1.68	140.0
16.994	0.344	fixation	n/a	566.4	128.6	938.0	n/a	n/a	n/a	n/a
17.34	0.016	saccade	n/a	565.4	129.1	n/a	605.7	127.8	1.6	122.0
17.358	0.222	fixation	n/a	609.9	127.2	954.0	n/a	n/a	n/a	n/a
17.582	0.058	saccade	n/a	609.5	128.4	n/a	142.6	167.0	18.38	510.0
17.642	0.12	fixation	n/a	154.2	169.7	942.0	n/a	n/a	n/a	n/a
17.764	0.018	saccade	n/a	156.2	169.4	n/a	118.7	177.6	1.5	130.0
17.784	0.498	fixation	n/a	124.6	178.8	898.0	n/a	n/a	n/a	n/a
18.284	0.02	saccade	n/a	117.6	177.2	n/a	179.5	173.8	2.42	196.0
18.306	0.256	fixation	n/a	181.8	173.5	892.0	n/a	n/a	n/a	n/a
18.564	0.026	saccade	n/a	182.0	173.8	n/a	279.5	185.1	3.9	238.0
18.592	0.348	fixation	n/a	288.4	186.3	919.0	n/a	n/a	n/a	n/a
18.942	0.018	saccade	n/a	287.3	188.2	n/a	333.5	188.1	1.85	155.0
18.962	0.264	fixation	n/a	338.8	189.0	929.0	n/a	n/a	n/a	n/a
19.228	0.018	saccade	n/a	336.6	189.8	n/a	388.1	191.9	2.07	160.0
19.248	0.182	fixation	n/a	392.5	193.0	952.0	n/a	n/a	n/a	n/a
19.432	0.024	saccade	n/a	391.0	193.8	n/a	469.5	190.1	3.16	185.0
19.458	0.224	fixation	n/a	479.1	188.4	965.0	n/a	n/a	n/a	n/a
19.684	0.022	saccade	n/a	480.5	190.7	n/a	535.2	188.0	2.19	161.0
19.708	0.206	fixation	n/a	539.9	187.1	930.0	n/a	n/a	n/a	n/a
19.916	0.016	saccade	n/a	538.5	187.0	n/a	574.4	185.2	1.43	120.0
19.934	0.224	fixation	n/a	581.0	186.7	896.0	n/a	n/a	n/a	n/a
20.16	0.014	saccade	n/a	580.7	188.5	n/a	605.7	188.7	0.99	93.0
20.176	0.26	fixation	n/a	609.4	189.3	867.0	n/a	n/a	n/a	n/a
20.438	0.01	saccade	n/a	610.5	191.7	n/a	631.7	187.1	0.85	92.0
20.45	0.378	fixation	n/a	634.5	189.9	859.0	n/a	n/a	n/a	n/a
20.596	0.0	trigger_11	11	n/a	n/a	n/a	n/a	n/a	n/a	n/a
20.614	0.0	trigger_10	10	n/a	n/a	n/a	n/a	n/a	n/a	n/a
20.83	0.06	saccade	n/a	634.9	189.1	n/a	159.7	245.1	18.73	512.0
20.892	0.3	fixation	n/a	170.4	248.4	908.0	n/a	n/a	n/a	n/a
21.194	0.02	saccade	n/a	174.2	248.7	n/a	120.0	244.1	2.11	174.0
21.216	0.242	fixation	n/a	125.9	244.8	884.0	n/a	n/a	n/a	n/a
21.46	0.016	saccade	n/a	127.1	245.6	n/a	168.2	246.0	1.6	149.0
21.478	0.162	fixation	n/a	170.5	245.9	895.0	n/a	n/a	n/a	n/a
21.642	0.018	saccade	n/a	171.1	248.2	n/a	216.0	254.3	1.78	172.0
21.662	0.518	fixation	n/a	213.7	252.1	883.0	n/a	n/a	n/a	n/a
22.182	0.02	saccade	n/a	217.4	252.4	n/a	177.2	209.0	2.35	190.0
22.204	0.22	fixation	n/a	179.9	204.8	849.0	n/a	n/a	n/a	n/a
22.426	0.044	saccade	n/a	182.7	210.5	n/a	135.5	64.3	6.15	203.0
22.472	0.374	fixation	n/a	137.6	64.9	854.0	n/a	n/a	n/a	n/a
22.848	0.012	saccade	n/a	136.3	64.1	n/a	115.7	59.0	0.83	82.0
22.862	0.37	fixation	n/a	117.5	63.1	879.0	n/a	n/a	n/a	n/a
23.234	0.014	saccade	n/a	118.0	66.0	n/a	147.0	59.5	1.16	97.0
23.25	0.222	fixation	n/a	151.1	59.4	913.0	n/a	n/a	n/a	n/a
23.474	0.016	saccade	n/a	150.4	60.5	n/a	191.2	53.9	1.62	137.0
23.492	0.182	fixation	n/a	196.5	55.2	943.0	n/a	n/a	n/a	n/a
23.676	0.018	saccade	n/a	197.2	57.1	n/a	241.9	52.5	1.78	155.0
23.696	0.206	fixation	n/a	245.1	53.0	946.0	n/a	n/a	n/a	n/a
23.904	0.006	saccade	n/a	243.4	54.8	n/a	234.3	55.7	0.36	56.0
23.912	0.23	fixation	n/a	235.6	56.5	937.0	n/a	n/a	n/a	n/a
24.144	0.012	saccade	n/a	235.3	56.6	n/a	210.0	57.0	1.0	97.0
24.158	0.206	fixation	n/a	214.3	57.0	937.0	n/a	n/a	n/a	n/a
24.366	0.024	saccade	n/a	216.4	57.2	n/a	298.4	58.3	3.27	196.0
24.392	0.318	fixation	n/a	309.6	59.3	963.0	n/a	n/a	n/a	n/a
24.712	0.016	saccade	n/a	310.4	59.8	n/a	345.6	60.3	1.41	131.0
24.73	0.158	fixation	n/a	351.6	60.4	938.0	n/a	n/a	n/a	n/a
24.89	0.02	saccade	n/a	351.4	62.9	n/a	300.7	53.9	2.06	171.0
24.912	0.128	fixation	n/a	305.6	55.3	946.0	n/a	n/a	n/a	n/a
25.042	0.01	saccade	n/a	304.1	55.9	n/a	286.9	54.0	0.69	70.0
25.054	0.088	fixation	n/a	287.1	56.9	964.0	n/a	n/a	n/a	n/a
25.144	0.042	saccade	n/a	287.8	59.4	n/a	502.8	67.0	8.61	348.0
25.188	0.084	fixation	n/a	499.6	67.8	1014.0	n/a	n/a	n/a	n/a
25.274	0.022	saccade	n/a	499.7	70.0	n/a	560.7	68.9	2.44	176.0
25.298	0.104	fixation	n/a	558.5	69.4	1013.0	n/a	n/a	n/a	n/a
25.404	0.016	saccade	n/a	555.7	70.5	n/a	594.7	66.8	1.55	143.0
25.422	0.164	fixation	n/a	589.2	67.9	987.0	n/a	n/a	n/a	n/a
25.588	0.062	saccade	n/a	588.1	69.1	n/a	160.0	113.4	16.95	522.0
25.652	0.112	fixation	n/a	156.5	115.6	956.0	n/a	n/a	n/a	n/a
25.766	0.02	saccade	n/a	157.7	115.5	n/a	112.4	122.8	1.79	152.0
25.788	0.348	fixation	n/a	118.6	125.2	956.0	n/a	n/a	n/a	n/a
26.138	0.018	saccade	n/a	118.1	128.0	n/a	160.5	122.7	1.67	128.0
26.158	0.408	fixation	n/a	163.3	119.4	949.0	n/a	n/a	n/a	n/a
26.568	0.014	saccade	n/a	164.0	118.9	n/a	191.8	112.2	1.13	99.0
26.584	0.258	fixation	n/a	192.0	113.4	975.0	n/a	n/a	n/a	n/a
26.844	0.022	saccade	n/a	191.8	114.0	n/a	259.1	118.2	2.68	198.0
26.868	0.298	fixation	n/a	268.0	120.1	992.0	n/a	n/a	n/a	n/a
27.044	0.0	trigger_11	11	n/a	n/a	n/a	n/a	n/a	n/a	n/a
27.06	0.0	trigger_10	10	n/a	n/a	n/a	n/a	n/a	n/a	n/a
27.168	0.02	saccade	n/a	267.8	124.0	n/a	333.4	126.1	2.63	191.0
27.19	0.164	fixation	n/a	347.4	126.3	974.0	n/a	n/a	n/a	n/a
27.356	0.024	saccade	n/a	349.9	128.6	n/a	431.8	127.3	3.3	190.0
27.382	0.182	fixation	n/a	440.8	125.1	984.0	n/a	n/a	n/a	n/a
27.566	0.018	saccade	n/a	441.9	129.5	n/a	490.4	129.9	1.95	161.0
27.586	0.358	fixation	n/a	491.1	129.4	984.0	n/a	n/a	n/a	n/a
27.946	0.018	saccade	n/a	488.1	130.9	n/a	540.5	128.1	2.1	158.0
27.966	0.288	fixation	n/a	549.8	129.4	973.0	n/a	n/a	n/a	n/a
28.256	0.054	saccade	n/a	551.5	131.2	n/a	138.2	171.8	16.35	505.0
28.312	0.194	fixation	n/a	147.6	170.9	948.0	n/a	n/a	n/a	n/a
28.508	0.016	saccade	n/a	147.2	171.6	n/a	114.0	177.3	1.31	117.0
28.526	0.136	fixation	n/a	119.5	177.5	926.0	n/a	n/a	n/a	n/a
28.664	0.022	saccade	n/a	119.1	180.3	n/a	96.6	135.3	2.0	121.0
28.688	0.17	fixation	n/a	119.4	90.0	895.0	n/a	n/a	n/a	n/a
28.86	0.012	saccade	n/a	121.8	83.7	n/a	132.4	65.8	0.83	77.0
28.874	0.188	fixation	n/a	135.0	65.3	869.0	n/a	n/a	n/a	n/a
29.064	0.008	saccade	n/a	135.4	66.5	n/a	120.7	60.9	0.61	76.0
29.074	0.296	fixation	n/a	123.2	63.8	900.0	n/a	n/a	n/a	n/a
29.372	0.018	saccade	n/a	122.0	65.6	n/a	169.3	58.9	1.86	142.0
29.392	0.164	fixation	n/a	172.8	56.6	966.0	n/a	n/a	n/a	n/a
29.558	0.022	saccade	n/a	171.4	58.1	n/a	236.4	55.4	2.57	178.0
29.582	0.194	fixation	n/a	237.5	51.7	971.0	n/a	n/a	n/a	n/a
29.778	0.02	saccade	n/a	236.5	52.1	n/a	292.9	56.2	2.25	194.0
29.8	0.178	fixation	n/a	298.5	57.3	967.0	n/a	n/a	n/a	n/a
29.98	0.022	saccade	n/a	299.3	58.4	n/a	366.7	68.1	2.74	185.0
30.004	0.15	fixation	n/a	375.1	68.5	990.0	n/a	n/a	n/a	n/a
30.156	0.022	saccade	n/a	375.4	71.6	n/a	438.3	73.3	2.54	176.0
30.18	0.18	fixation	n/a	441.4	69.0	983.0	n/a	n/a	n/a	n/a
30.362	0.022	saccade	n/a	441.4	70.9	n/a	510.5	70.1	2.78	197.0
30.386	0.12	fixation	n/a	518.9	69.8	988.0	n/a	n/a	n/a	n/a
30.508	0.018	saccade	n/a	518.8	70.8	n/a	559.1	68.5	1.61	122.0
30.528	0.164	fixation	n/a	560.3	70.0	986.0	n/a	n/a	n/a	n/a
30.694	0.052	saccade	n/a	560.9	70.8	n/a	139.8	114.4	16.7	509.0
30.748	0.344	fixation	n/a	153.0	117.4	977.0	n/a	n/a	n/a	n/a
31.094	0.022	saccade	n/a	152.5	120.5	n/a	218.6	118.7	2.6	185.0
31.118	0.162	fixation	n/a	218.4	118.8	967.0	n/a	n/a	n/a	n/a
31.282	0.016	saccade	n/a	217.3	119.4	n/a	186.2	119.2	1.23	117.0
31.3	0.166	fixation	n/a	191.1	119.8	952.0	n/a	n/a	n/a	n/a
31.468	0.026	saccade	n/a	191.2	120.3	n/a	300.6	125.3	4.36	274.0
31.496	0.224	fixation	n/a	309.1	123.9	992.0	n/a	n/a	n/a	n/a
31.722	0.018	saccade	n/a	307.6	122.7	n/a	357.9	128.8	2.04	160.0
31.742	0.682	fixation	n/a	352.0	126.8	970.0	n/a	n/a	n/a	n/a
32.426	0.026	saccade	n/a	347.0	125.4	n/a	442.7	128.8	3.85	236.0
32.454	0.196	fixation	n/a	454.3	124.8	965.0	n/a	n/a	n/a	n/a
32.534	0.0	trigger_11	11	n/a	n/a	n/a	n/a	n/a	n/a	n/a
32.544	0.0	trigger_10	10	n/a	n/a	n/a	n/a	n/a	n/a	n/a
32.652	0.022	saccade	n/a	453.8	126.2	n/a	525.7	123.5	2.88	193.0
32.676	0.332	fixation	n/a	537.4	121.3	954.0	n/a	n/a	n/a	n/a
33.01	0.04	saccade	n/a	532.0	125.9	n/a	486.3	122.4	1.84	103.0
33.052	0.024	fixation	n/a	472.0	137.8	889.0	n/a	n/a	n/a	n/a
33.078	0.132	saccade	n/a	464.4	157.2	n/a	470.6	117.8	1.63	416.0
33.142	0.012	blink	n/a	n/a	n/a	n/a	n/a	n/a	n/a	n/a
33.212	0.238	fixation	n/a	476.0	128.3	937.0	n/a	n/a	n/a	n/a
33.452	0.022	saccade	n/a	476.2	133.4	n/a	548.4	129.3	2.89	199.0
33.476	0.216	fixation	n/a	556.8	128.9	963.0	n/a	n/a	n/a	n/a
33.694	0.056	saccade	n/a	559.8	132.2	n/a	131.7	171.9	16.93	512.0
33.752	0.394	fixation	n/a	143.1	174.1	905.0	n/a	n/a	n/a	n/a
34.148	0.02	saccade	n/a	144.6	175.6	n/a	123.3	106.5	2.9	232.0
34.17	0.134	fixation	n/a	134.3	89.1	877.0	n/a	n/a	n/a	n/a
34.306	0.018	saccade	n/a	136.7	90.6	n/a	149.4	49.9	1.71	135.0
34.326	0.4	fixation	n/a	152.4	60.8	877.0	n/a	n/a	n/a	n/a
34.728	0.012	saccade	n/a	151.3	65.1	n/a	124.1	61.4	1.07	104.0
34.742	0.2	fixation	n/a	130.0	64.5	905.0	n/a	n/a	n/a	n/a
34.944	0.016	saccade	n/a	131.1	66.1	n/a	177.9	61.3	1.84	150.0
34.962	0.328	fixation	n/a	182.5	61.4	922.0	n/a	n/a	n/a	n/a
35.292	0.018	saccade	n/a	181.8	61.9	n/a	223.8	57.9	1.67	140.0
35.312	0.288	fixation	n/a	227.6	56.8	925.0	n/a	n/a	n/a	n/a
35.602	0.018	saccade	n/a	227.7	57.3	n/a	271.3	56.4	1.74	132.0
35.622	0.15	fixation	n/a	280.3	58.1	945.0	n/a	n/a	n/a	n/a
35.774	0.058	saccade	n/a	279.8	58.7	n/a	516.3	73.8	9.48	248.0
35.834	0.118	fixation	n/a	514.1	72.2	970.0	n/a	n/a	n/a	n/a
35.954	0.022	saccade	n/a	512.0	71.6	n/a	572.7	72.7	2.42	175.0
35.978	0.274	fixation	n/a	577.2	70.8	966.0	n/a	n/a	n/a	n/a
36.254	0.062	saccade	n/a	580.1	72.9	n/a	137.6	121.8	17.5	542.0
36.318	0.34	fixation	n/a	136.4	123.5	956.0	n/a	n/a	n/a	n/a
36.66	0.008	saccade	n/a	137.0	125.0	n/a	121.0	125.5	0.62	74.0
36.67	0.048	fixation	n/a	125.0	124.3	958.0	n/a	n/a	n/a	n/a
36.72	0.024	saccade	n/a	124.7	125.1	n/a	204.0	115.6	3.13	228.0
36.746	0.098	fixation	n/a	201.9	115.5	967.0	n/a	n/a	n/a	n/a
36.846	0.024	saccade	n/a	200.8	115.9	n/a	280.1	124.5	3.17	236.0
36.872	0.208	fixation	n/a	276.8	121.4	978.0	n/a	n/a	n/a	n/a
37.082	0.026	saccade	n/a	273.6	120.3	n/a	370.8	126.5	3.91	251.0
37.11	0.212	fixation	n/a	371.6	126.7	998.0	n/a	n/a	n/a	n/a
37.324	0.022	saccade	n/a	370.3	127.2	n/a	422.3	126.1	2.1	149.0
37.348	0.262	fixation	n/a	422.4	126.3	963.0	n/a	n/a	n/a	n/a
37.612	0.022	saccade	n/a	422.0	128.9	n/a	484.3	129.4	2.51	184.0
37.636	0.29	fixation	n/a	497.5	126.3	961.0	n/a	n/a	n/a	n/a
37.928	0.016	saccade	n/a	497.1	126.9	n/a	537.2	127.2	1.6	133.0
37.946	0.132	fixation	n/a	539.9	126.4	977.0	n/a	n/a	n/a	n/a
38.08	0.05	saccade	n/a	540.1	127.2	n/a	219.4	169.5	12.87	444.0
38.132	0.166	fixation	n/a	229.1	171.7	991.0	n/a	n/a	n/a	n/a
38.3	0.026	saccade	n/a	231.1	172.1	n/a	120.3	176.0	4.35	298.0
38.328	0.318	fixation	n/a	123.3	178.6	960.0	n/a	n/a	n/a	n/a
38.614	0.0	trigger_11	11	n/a	n/a	n/a	n/a	n/a	n/a	n/a
38.63	0.0	trigger_12	12	n/a	n/a	n/a	n/a	n/a	n/a	n/a
38.648	0.022	saccade	n/a	124.0	180.8	n/a	188.6	175.8	2.53	181.0
38.672	0.126	fixation	n/a	191.3	177.1	950.0	n/a	n/a	n/a	n/a
38.8	0.022	saccade	n/a	192.0	179.3	n/a	268.8	184.7	3.05	219.0
38.824	0.16	fixation	n/a	269.9	184.8	963.0	n/a	n/a	n/a	n/a
38.986	0.02	saccade	n/a	268.3	189.2	n/a	305.3	187.4	1.48	85.0
39.008	1.04	fixation	n/a	326.6	194.1	932.0	n/a	n/a	n/a	n/a
40.05	0.056	saccade	n/a	324.2	202.8	n/a	447.9	528.3	13.59	382.0
40.108	0.13	fixation	n/a	445.5	522.5	923.0	n/a	n/a	n/a	n/a
40.24	0.026	saccade	n/a	443.3	522.3	n/a	540.9	526.4	3.76	241.0
40.268	0.158	fixation	n/a	543.6	522.9	909.0	n/a	n/a	n/a	n/a
40.428	0.022	saccade	n/a	545.8	522.6	n/a	471.6	510.4	2.89	236.0
40.452	0.09	fixation	n/a	480.9	512.1	846.0	n/a	n/a	n/a	n/a
40.544	0.072	saccade	n/a	483.3	512.5	n/a	210.4	83.6	19.86	440.0
40.618	0.192	fixation	n/a	209.9	88.4	746.0	n/a	n/a	n/a	n/a
40.812	0.022	saccade	n/a	211.9	90.7	n/a	141.1	57.8	3.09	243.0
40.836	0.146	fixation	n/a	131.9	54.6	734.0	n/a	n/a	n/a	n/a
40.984	0.004	saccade	n/a	129.7	54.4	n/a	124.9	53.4	0.19	43.0
40.99	0.368	fixation	n/a	124.1	53.4	783.0	n/a	n/a	n/a	n/a
41.36	0.022	saccade	n/a	123.7	53.7	n/a	195.9	48.8	2.83	202.0
41.384	0.174	fixation	n/a	212.5	48.0	857.0	n/a	n/a	n/a	n/a
41.56	0.022	saccade	n/a	213.4	51.8	n/a	278.4	47.5	2.59	175.0
41.584	0.268	fixation	n/a	281.5	46.9	887.0	n/a	n/a	n/a	n/a
41.854	0.022	saccade	n/a	284.6	50.3	n/a	361.3	61.0	3.11	224.0
41.878	0.174	fixation	n/a	372.7	61.8	917.0	n/a	n/a	n/a	n/a
42.054	0.024	saccade	n/a	374.6	65.6	n/a	460.7	70.7	3.47	214.0
42.08	0.25	fixation	n/a	465.6	68.6	921.0	n/a	n/a	n/a	n/a
42.332	0.022	saccade	n/a	464.8	71.0	n/a	518.4	72.7	2.15	150.0
42.356	0.214	fixation	n/a	517.2	70.5	952.0	n/a	n/a	n/a	n/a
42.572	0.016	saccade	n/a	518.2	72.3	n/a	559.2	71.0	1.64	130.0
42.59	0.124	fixation	n/a	562.9	69.4	955.0	n/a	n/a	n/a	n/a
42.716	0.062	saccade	n/a	563.9	71.9	n/a	159.9	115.5	16.03	525.0
42.78	0.156	fixation	n/a	155.8	116.2	966.0	n/a	n/a	n/a	n/a
42.938	0.018	saccade	n/a	158.4	116.8	n/a	116.5	123.4	1.65	142.0
42.958	0.298	fixation	n/a	123.7	124.7	963.0	n/a	n/a	n/a	n/a
43.258	0.044	saccade	n/a	122.7	125.0	n/a	374.9	74.6	10.18	354.0
43.304	0.166	fixation	n/a	377.2	72.8	934.0	n/a	n/a	n/a	n/a
43.472	0.024	saccade	n/a	377.4	73.9	n/a	463.0	67.4	3.45	222.0
43.498	0.394	fixation	n/a	472.2	70.5	955.0	n/a	n/a	n/a	n/a
43.894	0.022	saccade	n/a	474.0	73.7	n/a	540.4	76.1	2.66	180.0
43.918	0.28	fixation	n/a	544.5	77.0	966.0	n/a	n/a	n/a	n/a
44.2	0.02	saccade	n/a	544.7	78.8	n/a	486.9	67.7	2.36	199.0
44.222	0.344	fixation	n/a	488.3	68.6	947.0	n/a	n/a	n/a	n/a
44.568	0.024	saccade	n/a	486.9	66.8	n/a	557.1	68.0	2.81	177.0
44.594	0.22	fixation	n/a	557.4	67.0	956.0	n/a	n/a	n/a	n/a
44.734	0.0	trigger_13	13	n/a	n/a	n/a	n/a	n/a	n/a	n/a
44.744	0.0	trigger_10	10	n/a	n/a	n/a	n/a	n/a	n/a	n/a
44.816	0.056	saccade	n/a	558.3	67.8	n/a	130.8	124.0	16.98	478.0
44.874	0.144	fixation	n/a	140.1	125.2	935.0	n/a	n/a	n/a	n/a
45.02	0.014	saccade	n/a	140.9	124.6	n/a	125.0	120.2	0.64	80.0
45.036	0.3	fixation	n/a	130.8	123.1	922.0	n/a	n/a	n/a	n/a
45.338	0.022	saccade	n/a	130.3	126.8	n/a	135.1	72.8	2.18	145.0
45.362	0.322	fixation	n/a	137.4	67.6	897.0	n/a	n/a	n/a	n/a
45.686	0.012	saccade	n/a	136.6	71.8	n/a	115.2	64.4	0.88	88.0
45.7	0.214	fixation	n/a	120.9	66.3	900.0	n/a	n/a	n/a	n/a
45.916	0.024	saccade	n/a	120.5	66.7	n/a	199.3	55.8	3.12	213.0
45.942	0.1	fixation	n/a	223.5	53.9	911.0	n/a	n/a	n/a	n/a
46.044	0.024	saccade	n/a	226.0	54.4	n/a	312.5	58.7	3.46	240.0
46.07	0.194	fixation	n/a	328.1	59.1	915.0	n/a	n/a	n/a	n/a
46.266	0.038	saccade	n/a	328.9	60.9	n/a	487.9	76.7	6.42	278.0
46.306	0.16	fixation	n/a	488.2	76.8	932.0	n/a	n/a	n/a	n/a
46.468	0.048	saccade	n/a	488.4	75.0	n/a	134.6	124.2	14.13	499.0
46.518	0.132	fixation	n/a	147.4	124.6	896.0	n/a	n/a	n/a	n/a
46.652	0.016	saccade	n/a	148.7	124.2	n/a	117.2	121.0	1.23	119.0
46.67	0.282	fixation	n/a	126.0	121.0	865.0	n/a	n/a	n/a	n/a
46.954	0.022	saccade	n/a	128.9	121.6	n/a	121.6	64.1	2.33	162.0
46.978	0.252	fixation	n/a	125.0	58.4	842.0	n/a	n/a	n/a	n/a
47.232	0.022	saccade	n/a	121.4	55.8	n/a	137.2	80.0	1.15	128.0
47.256	0.018	fixation	n/a	138.4	96.3	762.0	n/a	n/a	n/a	n/a
47.276	0.046	saccade	n/a	137.6	105.9	n/a	147.8	50.7	2.25	157.0
47.324	0.16	fixation	n/a	147.8	54.5	844.0	n/a	n/a	n/a	n/a
47.486	0.06	saccade	n/a	149.2	52.5	n/a	119.3	55.1	1.17	274.0
47.548	0.2	fixation	n/a	122.8	71.4	883.0	n/a	n/a	n/a	n/a
47.75	0.02	saccade	n/a	123.3	75.8	n/a	175.8	63.3	2.11	164.0
47.772	0.164	fixation	n/a	178.7	63.5	883.0	n/a	n/a	n/a	n/a
47.938	0.02	saccade	n/a	177.3	64.2	n/a	235.1	59.8	2.29	168.0
47.96	0.282	fixation	n/a	240.8	57.8	877.0	n/a	n/a	n/a	n/a
48.244	0.018	saccade	n/a	240.7	58.6	n/a	288.2	56.5	1.9	153.0
48.264	0.578	fixation	n/a	295.3	54.3	858.0	n/a	n/a	n/a	n/a
48.844	0.016	saccade	n/a	296.1	59.0	n/a	327.4	59.0	1.25	125.0
48.862	0.228	fixation	n/a	338.9	62.0	897.0	n/a	n/a	n/a	n/a
49.092	0.036	saccade	n/a	339.7	65.1	n/a	480.0	69.6	5.64	253.0
49.13	0.056	fixation	n/a	486.6	69.7	930.0	n/a	n/a	n/a	n/a
49.188	0.02	saccade	n/a	486.5	70.9	n/a	553.1	76.2	2.67	215.0
49.21	0.21	fixation	n/a	552.4	72.4	933.0	n/a	n/a	n/a	n/a
49.422	0.054	saccade	n/a	555.2	73.3	n/a	122.3	120.6	17.12	501.0
49.478	0.272	fixation	n/a	139.2	123.7	906.0	n/a	n/a	n/a	n/a
49.752	0.02	saccade	n/a	138.3	124.8	n/a	200.3	117.7	2.45	182.0
49.774	0.344	fixation	n/a	211.2	116.4	895.0	n/a	n/a	n/a	n/a
50.12	0.022	saccade	n/a	211.0	117.8	n/a	279.4	120.5	2.72	209.0
50.144	0.194	fixation	n/a	284.2	120.1	923.0	n/a	n/a	n/a	n/a
50.33	0.0	trigger_11	11	n/a	n/a	n/a	n/a	n/a	n/a	n/a
50.338	0.0	trigger_10	10	n/a	n/a	n/a	n/a	n/a	n/a	n/a
50.34	0.024	saccade	n/a	284.0	121.4	n/a	372.2	124.5	3.54	251.0
50.366	0.336	fixation	n/a	374.8	125.6	919.0	n/a	n/a	n/a	n/a
50.704	0.022	saccade	n/a	374.6	127.2	n/a	438.0	128.7	2.56	166.0
50.728	0.064	fixation	n/a	446.6	125.6	916.0	n/a	n/a	n/a	n/a
50.794	0.022	saccade	n/a	446.9	126.5	n/a	509.3	127.3	2.51	183.0
50.818	0.19	fixation	n/a	509.7	125.4	910.0	n/a	n/a	n/a	n/a
51.01	0.018	saccade	n/a	511.4	128.4	n/a	561.1	125.7	1.99	160.0
51.03	0.13	fixation	n/a	568.5	123.7	918.0	n/a	n/a	n/a	n/a
51.162	0.056	saccade	n/a	568.8	120.8	n/a	129.9	183.1	17.43	516.0
51.22	0.342	fixation	n/a	142.7	182.7	896.0	n/a	n/a	n/a	n/a
51.564	0.016	saccade	n/a	142.6	185.8	n/a	137.6	171.6	0.6	56.0
51.582	0.216	fixation	n/a	174.2	141.6	874.0	n/a	n/a	n/a	n/a
51.8	0.022	saccade	n/a	181.5	144.3	n/a	135.0	91.2	2.81	226.0
51.824	0.17	fixation	n/a	137.0	79.5	835.0	n/a	n/a	n/a	n/a
51.996	0.012	saccade	n/a	137.5	81.3	n/a	121.5	63.2	0.96	94.0
52.01	0.616	fixation	n/a	124.0	63.2	871.0	n/a	n/a	n/a	n/a
52.628	0.016	saccade	n/a	124.3	63.6	n/a	168.6	56.8	1.75	150.0
52.646	0.096	fixation	n/a	171.5	57.2	918.0	n/a	n/a	n/a	n/a
52.744	0.022	saccade	n/a	170.5	59.1	n/a	229.0	55.2	2.31	167.0
52.768	0.28	fixation	n/a	241.1	53.4	916.0	n/a	n/a	n/a	n/a
53.05	0.034	saccade	n/a	240.3	55.4	n/a	376.1	68.4	5.47	271.0
53.086	0.18	fixation	n/a	382.2	69.5	926.0	n/a	n/a	n/a	n/a
53.268	0.024	saccade	n/a	382.0	72.3	n/a	462.9	70.0	3.26	209.0
53.294	0.19	fixation	n/a	477.9	68.1	939.0	n/a	n/a	n/a	n/a
53.486	0.022	saccade	n/a	478.0	68.5	n/a	542.2	70.2	2.57	175.0
53.51	0.164	fixation	n/a	543.0	70.7	936.0	n/a	n/a	n/a	n/a
53.676	0.012	saccade	n/a	542.9	72.5	n/a	570.0	70.8	1.08	100.0
53.69	0.314	fixation	n/a	572.5	75.2	954.0	n/a	n/a	n/a	n/a
54.006	0.06	saccade	n/a	575.2	77.6	n/a	137.0	119.8	17.3	454.0
54.068	0.132	fixation	n/a	149.0	121.8	974.0	n/a	n/a	n/a	n/a
54.202	0.018	saccade	n/a	151.5	121.6	n/a	115.2	128.2	1.44	124.0
54.222	0.218	fixation	n/a	124.9	129.4	971.0	n/a	n/a	n/a	n/a
54.442	0.018	saccade	n/a	124.7	130.7	n/a	164.7	122.5	1.6	127.0
54.462	0.356	fixation	n/a	167.8	121.5	957.0	n/a	n/a	n/a	n/a
54.82	0.02	saccade	n/a	166.5	121.8	n/a	219.7	121.8	2.1	157.0
54.842	0.366	fixation	n/a	219.0	120.8	974.0	n/a	n/a	n/a	n/a
55.21	0.02	saccade	n/a	216.6	119.2	n/a	269.1	126.1	2.11	158.0
55.232	0.2	fixation	n/a	270.9	125.6	965.0	n/a	n/a	n/a	n/a
55.296	0.0	trigger_11	11	n/a	n/a	n/a	n/a	n/a	n/a	n/a
55.31	0.0	trigger_10	10	n/a	n/a	n/a	n/a	n/a	n/a	n/a
55.434	0.022	saccade	n/a	269.6	126.6	n/a	333.1	128.0	2.55	177.0
55.458	0.16	fixation	n/a	346.8	129.5	967.0	n/a	n/a	n/a	n/a
55.62	0.018	saccade	n/a	346.3	128.8	n/a	401.3	130.6	2.21	168.0
55.64	0.36	fixation	n/a	406.1	128.7	963.0	n/a	n/a	n/a	n/a
56.002	0.02	saccade	n/a	402.3	129.4	n/a	456.2	123.4	2.18	161.0
56.024	0.148	fixation	n/a	467.9	123.5	955.0	n/a	n/a	n/a	n/a
56.174	0.022	saccade	n/a	467.6	124.1	n/a	526.5	126.7	2.36	158.0
56.198	0.204	fixation	n/a	532.5	124.9	954.0	n/a	n/a	n/a	n/a
56.404	0.062	saccade	n/a	534.8	126.9	n/a	151.1	174.8	15.29	480.0
56.468	0.13	fixation	n/a	147.3	175.4	949.0	n/a	n/a	n/a	n/a
56.6	0.018	saccade	n/a	148.3	174.9	n/a	109.7	182.5	1.53	125.0
56.62	0.214	fixation	n/a	115.9	185.1	938.0	n/a	n/a	n/a	n/a
56.836	0.024	saccade	n/a	116.7	188.3	n/a	185.7	182.4	2.71	142.0
56.862	0.184	fixation	n/a	211.8	185.3	929.0	n/a	n/a	n/a	n/a
57.048	0.02	saccade	n/a	212.5	186.1	n/a	263.7	183.4	2.03	164.0
57.07	0.122	fixation	n/a	262.9	182.7	919.0	n/a	n/a	n/a	n/a
57.194	0.042	saccade	n/a	263.9	184.5	n/a	144.9	63.7	6.77	400.0
57.238	0.24	fixation	n/a	151.6	66.4	883.0	n/a	n/a	n/a	n/a
57.48	0.016	saccade	n/a	153.1	70.6	n/a	119.8	59.5	1.37	119.0
57.498	0.218	fixation	n/a	125.0	63.0	893.0	n/a	n/a	n/a	n/a
57.718	0.018	saccade	n/a	124.8	66.5	n/a	175.2	59.2	1.99	156.0
57.738	0.3	fixation	n/a	173.5	57.2	900.0	n/a	n/a	n/a	n/a
58.04	0.018	saccade	n/a	171.9	59.0	n/a	218.3	52.8	1.85	153.0
58.06	0.42	fixation	n/a	223.6	54.2	899.0	n/a	n/a	n/a	n/a
58.482	0.014	saccade	n/a	223.1	55.7	n/a	251.5	53.4	1.13	105.0
58.498	0.208	fixation	n/a	255.9	52.7	894.0	n/a	n/a	n/a	n/a
58.708	0.02	saccade	n/a	255.9	53.0	n/a	302.7	51.6	1.87	156.0
58.73	0.468	fixation	n/a	312.4	54.4	894.0	n/a	n/a	n/a	n/a
59.2	0.022	saccade	n/a	311.8	56.3	n/a	369.1	64.3	2.33	154.0
59.224	0.214	fixation	n/a	388.9	66.0	893.0	n/a	n/a	n/a	n/a
59.44	0.022	saccade	n/a	388.6	66.2	n/a	449.8	68.3	2.46	159.0
59.464	0.392	fixation	n/a	461.7	65.8	891.0	n/a	n/a	n/a	n/a
59.858	0.024	saccade	n/a	465.7	67.9	n/a	539.4	71.7	2.95	172.0
59.884	0.36	fixation	n/a	551.9	72.3	905.0	n/a	n/a	n/a	n/a
60.246	0.012	saccade	n/a	551.1	72.1	n/a	576.5	68.7	1.02	100.0
60.26	0.14	fixation	n/a	578.7	70.1	905.0	n/a	n/a	n/a	n/a
60.402	0.016	saccade	n/a	577.6	71.8	n/a	613.5	69.8	1.42	126.0
60.42	0.09	fixation	n/a	617.1	72.0	898.0	n/a	n/a	n/a	n/a
60.512	0.058	saccade	n/a	617.0	71.2	n/a	129.9	121.4	19.17	528.0
60.572	0.144	fixation	n/a	140.1	121.5	895.0	n/a	n/a	n/a	n/a
60.718	0.008	saccade	n/a	140.0	122.2	n/a	124.9	123.0	0.59	69.0
60.728	0.224	fixation	n/a	130.7	125.7	900.0	n/a	n/a	n/a	n/a
60.954	0.008	saccade	n/a	129.7	126.5	n/a	114.1	126.1	0.61	75.0
60.964	0.158	fixation	n/a	113.8	125.0	894.0	n/a	n/a	n/a	n/a
61.124	0.038	saccade	n/a	112.4	124.8	n/a	302.8	112.7	7.53	332.0
61.164	0.134	fixation	n/a	301.4	111.6	895.0	n/a	n/a	n/a	n/a
61.3	0.024	saccade	n/a	301.4	112.3	n/a	392.1	123.6	3.68	248.0
61.326	0.096	fixation	n/a	399.5	124.7	916.0	n/a	n/a	n/a	n/a
61.424	0.022	saccade	n/a	399.6	126.5	n/a	469.9	125.8	2.83	224.0
61.448	0.34	fixation	n/a	471.3	124.8	897.0	n/a	n/a	n/a	n/a
61.79	0.02	saccade	n/a	473.0	126.6	n/a	524.6	125.5	2.07	145.0
61.812	0.164	fixation	n/a	522.4	125.4	876.0	n/a	n/a	n/a	n/a
61.978	0.016	saccade	n/a	522.8	127.5	n/a	560.3	124.6	1.5	125.0
61.996	0.112	fixation	n/a	557.4	124.2	859.0	n/a	n/a	n/a	n/a
62.11	0.054	saccade	n/a	558.3	123.8	n/a	121.0	163.1	17.26	515.0
62.166	0.36	fixation	n/a	133.4	166.3	860.0	n/a	n/a	n/a	n/a
62.528	0.02	saccade	n/a	133.2	170.2	n/a	191.2	169.5	2.27	172.0
62.55	0.344	fixation	n/a	200.7	172.0	869.0	n/a	n/a	n/a	n/a
62.896	0.014	saccade	n/a	203.0	175.0	n/a	177.7	171.2	1.01	98.0
62.912	0.206	fixation	n/a	180.8	174.4	884.0	n/a	n/a	n/a	n/a
63.12	0.01	saccade	n/a	180.4	180.4	n/a	167.6	175.2	0.54	55.0
63.132	0.16	fixation	n/a	165.3	176.3	893.0	n/a	n/a	n/a	n/a
63.294	0.022	saccade	n/a	164.3	177.3	n/a	241.7	183.1	3.06	206.0
63.318	0.318	fixation	n/a	257.7	185.3	929.0	n/a	n/a	n/a	n/a
63.638	0.02	saccade	n/a	256.3	185.1	n/a	317.5	187.4	2.45	184.0
63.66	0.458	fixation	n/a	325.5	187.7	919.0	n/a	n/a	n/a	n/a
64.12	0.01	saccade	n/a	325.5	189.2	n/a	345.9	188.6	0.82	88.0
64.132	0.212	fixation	n/a	347.9	187.0	923.0	n/a	n/a	n/a	n/a
64.346	0.02	saccade	n/a	346.4	186.7	n/a	404.9	189.2	2.35	161.0
64.368	0.184	fixation	n/a	418.4	187.5	918.0	n/a	n/a	n/a	n/a
64.554	0.02	saccade	n/a	418.8	187.5	n/a	471.4	186.1	2.11	145.0
64.576	0.136	fixation	n/a	479.2	183.2	913.0	n/a	n/a	n/a	n/a
64.714	0.022	saccade	n/a	477.7	182.8	n/a	554.8	184.2	3.08	220.0
64.738	0.16	fixation	n/a	565.4	184.1	903.0	n/a	n/a	n/a	n/a
64.9	0.018	saccade	n/a	563.8	185.3	n/a	625.5	189.7	2.44	204.0
64.92	0.204	fixation	n/a	629.5	186.8	871.0	n/a	n/a	n/a	n/a
65.126	0.068	saccade	n/a	631.8	187.0	n/a	172.4	237.1	18.13	518.0
65.196	0.356	fixation	n/a	169.3	239.0	879.0	n/a	n/a	n/a	n/a
65.554	0.016	saccade	n/a	173.5	241.4	n/a	141.5	239.2	1.25	119.0
65.572	0.154	fixation	n/a	149.1	240.6	873.0	n/a	n/a	n/a	n/a
65.728	0.02	saccade	n/a	150.6	241.1	n/a	204.5	245.8	2.12	171.0
65.75	0.2	fixation	n/a	207.3	246.9	882.0	n/a	n/a	n/a	n/a
65.952	0.012	saccade	n/a	203.5	241.3	n/a	225.9	244.6	0.89	78.0
65.966	0.156	fixation	n/a	232.8	251.4	893.0	n/a	n/a	n/a	n/a
66.124	0.102	saccade	n/a	234.6	250.9	n/a	261.1	252.7	1.05	361.0
66.176	0.0	trigger_11	11	n/a	n/a	n/a	n/a	n/a	n/a	n/a
66.188	0.0	trigger_12	12	n/a	n/a	n/a	n/a	n/a	n/a	n/a
66.228	0.182	fixation	n/a	260.3	257.6	902.0	n/a	n/a	n/a	n/a
66.412	0.018	saccade	n/a	258.0	258.1	n/a	304.2	254.5	1.84	160.0
66.432	0.262	fixation	n/a	308.6	256.1	874.0	n/a	n/a	n/a	n/a
66.696	0.086	saccade	n/a	310.3	259.7	n/a	373.0	242.7	2.6	388.0
66.784	0.108	fixation	n/a	375.6	256.7	843.0	n/a	n/a	n/a	n/a
66.894	0.094	saccade	n/a	377.6	258.1	n/a	389.6	247.7	0.64	472.0
66.99	0.196	fixation	n/a	392.3	260.2	844.0	n/a	n/a	n/a	n/a
67.188	0.006	saccade	n/a	391.0	262.0	n/a	382.3	258.4	0.38	55.0
67.196	0.654	fixation	n/a	383.3	260.8	840.0	n/a	n/a	n/a	n/a
67.852	0.048	saccade	n/a	385.4	264.1	n/a	218.3	120.3	8.84	303.0
67.902	0.138	fixation	n/a	224.7	123.8	768.0	n/a	n/a	n/a	n/a
68.042	0.022	saccade	n/a	227.5	124.7	n/a	166.1	72.0	3.23	246.0
68.066	0.166	fixation	n/a	155.2	58.8	757.0	n/a	n/a	n/a	n/a
68.234	0.012	saccade	n/a	156.2	59.9	n/a	129.3	58.5	1.05	99.0
68.248	0.26	fixation	n/a	135.6	60.9	779.0	n/a	n/a	n/a	n/a
68.51	0.016	saccade	n/a	137.8	62.3	n/a	177.4	54.7	1.58	142.0
68.528	0.114	fixation	n/a	183.9	52.3	819.0	n/a	n/a	n/a	n/a
68.644	0.022	saccade	n/a	183.7	52.5	n/a	251.9	48.4	2.71	202.0
68.668	0.22	fixation	n/a	254.0	45.5	821.0	n/a	n/a	n/a	n/a
68.89	0.022	saccade	n/a	253.3	46.6	n/a	306.8	45.1	2.14	153.0
68.914	0.48	fixation	n/a	320.7	52.8	875.0	n/a	n/a	n/a	n/a
69.396	0.02	saccade	n/a	326.2	62.2	n/a	375.2	65.6	1.98	132.0
69.418	0.07	fixation	n/a	378.3	66.8	924.0	n/a	n/a	n/a	n/a
69.49	0.02	saccade	n/a	378.5	68.8	n/a	434.8	73.0	2.28	176.0
69.512	0.172	fixation	n/a	433.4	73.4	960.0	n/a	n/a	n/a	n/a
69.686	0.02	saccade	n/a	431.9	75.4	n/a	483.2	71.5	2.07	147.0
69.708	0.258	fixation	n/a	495.8	72.0	976.0	n/a	n/a	n/a	n/a
69.968	0.018	saccade	n/a	496.6	74.0	n/a	545.1	72.1	1.94	153.0
69.988	0.196	fixation	n/a	550.7	73.4	971.0	n/a	n/a	n/a	n/a
70.12	0.0	trigger_13	13	n/a	n/a	n/a	n/a	n/a	n/a	n/a
70.128	0.0	trigger_10	10	n/a	n/a	n/a	n/a	n/a	n/a	n/a
70.186	0.064	saccade	n/a	552.0	75.1	n/a	158.2	120.5	15.67	503.0
70.252	1.204	fixation	n/a	148.1	125.2	912.0	n/a	n/a	n/a	n/a
71.458	0.02	saccade	n/a	143.1	127.2	n/a	194.6	117.1	2.06	133.0
71.48	0.242	fixation	n/a	204.5	117.0	910.0	n/a	n/a	n/a	n/a
71.724	0.036	saccade	n/a	208.3	118.6	n/a	132.8	59.0	3.81	203.0
71.762	0.26	fixation	n/a	141.8	63.3	874.0	n/a	n/a	n/a	n/a
72.024	0.01	saccade	n/a	142.5	62.5	n/a	126.5	59.9	0.63	69.0
72.036	0.784	fixation	n/a	131.4	61.5	910.0	n/a	n/a	n/a	n/a
72.822	0.022	saccade	n/a	133.6	64.9	n/a	199.3	56.3	2.6	173.0
72.846	0.314	fixation	n/a	211.1	57.5	952.0	n/a	n/a	n/a	n/a
73.162	0.02	saccade	n/a	209.0	62.6	n/a	259.8	60.2	2.02	160.0
73.184	0.158	fixation	n/a	259.2	59.3	960.0	n/a	n/a	n/a	n/a
73.344	0.026	saccade	n/a	258.5	60.8	n/a	339.0	70.8	3.25	203.0
73.372	0.162	fixation	n/a	345.1	70.5	964.0	n/a	n/a	n/a	n/a
73.536	0.044	saccade	n/a	344.1	68.2	n/a	569.7	73.5	9.01	343.0
73.582	0.15	fixation	n/a	565.3	72.4	958.0	n/a	n/a	n/a	n/a
73.734	0.018	saccade	n/a	563.8	70.8	n/a	606.5	66.4	1.7	150.0
73.754	0.112	fixation	n/a	607.0	63.8	928.0	n/a	n/a	n/a	n/a
73.868	0.054	saccade	n/a	607.0	63.6	n/a	148.8	112.7	18.08	527.0
73.924	0.128	fixation	n/a	162.2	113.0	897.0	n/a	n/a	n/a	n/a
74.054	0.02	saccade	n/a	163.6	113.5	n/a	122.9	117.2	1.59	150.0
74.076	0.104	fixation	n/a	130.3	116.9	883.0	n/a	n/a	n/a	n/a
74.182	0.012	saccade	n/a	130.5	117.6	n/a	108.3	116.9	0.86	83.0
74.196	0.112	fixation	n/a	115.0	116.3	883.0	n/a	n/a	n/a	n/a
74.31	0.026	saccade	n/a	116.0	118.0	n/a	230.7	103.5	4.54	268.0
74.338	0.154	fixation	n/a	248.0	104.7	893.0	n/a	n/a	n/a	n/a
74.494	0.022	saccade	n/a	250.5	106.6	n/a	201.7	106.1	1.94	165.0
74.518	0.282	fixation	n/a	210.5	108.1	903.0	n/a	n/a	n/a	n/a
74.802	0.022	saccade	n/a	209.9	109.6	n/a	279.5	115.2	2.78	218.0
74.826	0.338	fixation	n/a	275.2	114.7	934.0	n/a	n/a	n/a	n/a
75.166	0.022	saccade	n/a	275.4	119.4	n/a	341.9	123.8	2.67	201.0
75.19	0.5	fixation	n/a	369.5	126.1	936.0	n/a	n/a	n/a	n/a
75.692	0.02	saccade	n/a	382.2	129.1	n/a	433.6	129.0	2.07	146.0
75.714	0.188	fixation	n/a	439.8	129.9	916.0	n/a	n/a	n/a	n/a
75.904	0.016	saccade	n/a	439.1	130.5	n/a	478.7	125.8	1.61	129.0
75.922	0.264	fixation	n/a	484.3	128.6	896.0	n/a	n/a	n/a	n/a
76.188	0.016	saccade	n/a	485.4	129.4	n/a	523.5	127.3	1.53	119.0
76.206	0.094	fixation	n/a	528.3	127.2	886.0	n/a	n/a	n/a	n/a
76.302	0.05	saccade	n/a	528.1	127.1	n/a	153.4	167.8	14.9	474.0
76.354	0.132	fixation	n/a	164.6	169.6	852.0	n/a	n/a	n/a	n/a
76.488	0.018	saccade	n/a	164.1	170.5	n/a	124.7	175.9	1.55	136.0
76.508	0.288	fixation	n/a	130.3	178.7	838.0	n/a	n/a	n/a	n/a
76.798	0.018	saccade	n/a	131.2	184.2	n/a	184.9	179.7	2.11	160.0
76.818	0.17	fixation	n/a	200.9	179.8	821.0	n/a	n/a	n/a	n/a
76.99	0.146	saccade	n/a	211.5	184.5	n/a	230.2	170.9	0.92	786.0
77.022	0.068	blink	n/a	n/a	n/a	n/a	n/a	n/a	n/a	n/a
77.138	0.208	fixation	n/a	232.5	187.5	806.0	n/a	n/a	n/a	n/a
77.348	0.014	saccade	n/a	232.8	191.1	n/a	263.3	187.0	1.22	115.0
77.364	0.932	fixation	n/a	267.7	181.8	766.0	n/a	n/a	n/a	n/a
77.464	0.0	trigger_11	11	n/a	n/a	n/a	n/a	n/a	n/a	n/a
77.476	0.0	trigger_10	10	n/a	n/a	n/a	n/a	n/a	n/a	n/a
78.298	0.018	saccade	n/a	274.2	188.9	n/a	336.2	193.3	2.49	212.0
78.318	0.364	fixation	n/a	350.1	188.4	804.0	n/a	n/a	n/a	n/a
78.684	0.012	saccade	n/a	353.8	191.3	n/a	375.0	186.7	0.87	80.0
78.698	0.132	fixation	n/a	377.8	187.5	801.0	n/a	n/a	n/a	n/a
78.832	0.042	saccade	n/a	378.6	185.7	n/a	160.9	80.3	9.64	416.0
78.876	0.132	fixation	n/a	164.2	74.3	750.0	n/a	n/a	n/a	n/a
79.01	0.016	saccade	n/a	165.3	74.4	n/a	129.4	59.0	1.53	136.0
79.028	0.282	fixation	n/a	134.0	62.0	773.0	n/a	n/a	n/a	n/a
79.312	0.008	saccade	n/a	134.9	64.3	n/a	125.1	61.5	0.4	48.0
79.322	0.376	fixation	n/a	126.2	66.5	827.0	n/a	n/a	n/a	n/a
79.7	0.008	saccade	n/a	126.8	70.0	n/a	140.4	65.5	0.56	70.0
79.71	0.124	fixation	n/a	141.9	65.2	854.0	n/a	n/a	n/a	n/a
79.836	0.02	saccade	n/a	141.5	65.8	n/a	197.6	54.7	2.25	161.0
79.858	0.264	fixation	n/a	206.2	53.9	854.0	n/a	n/a	n/a	n/a
80.124	0.026	saccade	n/a	206.3	53.0	n/a	125.4	65.6	3.21	190.0
80.152	0.392	fixation	n/a	133.0	65.2	855.0	n/a	n/a	n/a	n/a
80.546	0.014	saccade	n/a	133.3	66.4	n/a	160.7	60.8	1.09	99.0
80.562	0.206	fixation	n/a	161.7	60.8	885.0	n/a	n/a	n/a	n/a
80.77	0.022	saccade	n/a	160.9	62.1	n/a	236.8	54.4	3.01	216.0
80.794	0.216	fixation	n/a	241.2	54.9	898.0	n/a	n/a	n/a	n/a
81.012	0.018	saccade	n/a	241.1	55.9	n/a	277.8	52.9	1.47	113.0
81.032	0.192	fixation	n/a	287.0	56.3	921.0	n/a	n/a	n/a	n/a
81.226	0.022	saccade	n/a	288.0	57.8	n/a	353.8	66.1	2.66	193.0
81.25	0.274	fixation	n/a	360.5	65.4	921.0	n/a	n/a	n/a	n/a
81.512	0.0	trigger_11	11	n/a	n/a	n/a	n/a	n/a	n/a	n/a
81.526	0.02	saccade	n/a	359.7	65.4	n/a	414.9	68.3	2.23	157.0
81.526	0.0	trigger_10	10	n/a	n/a	n/a	n/a	n/a	n/a	n/a
81.548	0.332	fixation	n/a	422.0	69.9	926.0	n/a	n/a	n/a	n/a
81.882	0.022	saccade	n/a	424.9	72.6	n/a	474.1	69.2	1.98	104.0
81.906	0.272	fixation	n/a	484.5	72.2	928.0	n/a	n/a	n/a	n/a
82.18	0.052	saccade	n/a	485.3	73.3	n/a	138.7	114.2	13.83	454.0
82.234	0.152	fixation	n/a	147.9	116.0	926.0	n/a	n/a	n/a	n/a
82.388	0.014	saccade	n/a	146.6	117.6	n/a	117.3	126.3	1.19	107.0
82.404	0.388	fixation	n/a	121.8	124.3	897.0	n/a	n/a	n/a	n/a
82.794	0.018	saccade	n/a	119.2	125.4	n/a	161.7	114.2	1.72	157.0
82.814	0.404	fixation	n/a	165.7	112.2	853.0	n/a	n/a	n/a	n/a
83.22	0.02	saccade	n/a	166.7	115.3	n/a	132.5	85.7	1.79	135.0
83.242	0.138	fixation	n/a	131.7	73.2	832.0	n/a	n/a	n/a	n/a
83.382	0.01	saccade	n/a	130.6	72.0	n/a	126.0	55.1	0.7	73.0
83.394	0.314	fixation	n/a	128.6	59.2	838.0	n/a	n/a	n/a	n/a
83.71	0.006	saccade	n/a	125.9	59.9	n/a	116.5	58.9	0.37	55.0
83.718	0.126	fixation	n/a	118.7	59.8	864.0	n/a	n/a	n/a	n/a
83.846	0.02	saccade	n/a	117.8	60.4	n/a	175.2	55.2	2.25	160.0
83.868	0.222	fixation	n/a	180.9	51.5	874.0	n/a	n/a	n/a	n/a
84.092	0.008	saccade	n/a	179.5	51.9	n/a	167.4	52.8	0.48	62.0
84.102	0.262	fixation	n/a	169.7	55.3	855.0	n/a	n/a	n/a	n/a
84.366	0.01	saccade	n/a	170.4	57.7	n/a	148.0	57.7	0.88	93.0
84.378	0.206	fixation	n/a	152.9	59.8	869.0	n/a	n/a	n/a	n/a
84.586	0.024	saccade	n/a	153.8	62.4	n/a	239.5	56.1	3.39	216.0
84.612	0.314	fixation	n/a	248.4	56.2	897.0	n/a	n/a	n/a	n/a
84.928	0.012	saccade	n/a	248.9	57.2	n/a	271.4	54.4	0.91	84.0
84.942	0.236	fixation	n/a	270.2	52.6	882.0	n/a	n/a	n/a	n/a
85.18	0.02	saccade	n/a	268.8	52.2	n/a	325.8	59.9	2.31	186.0
85.202	0.578	fixation	n/a	326.7	60.8	891.0	n/a	n/a	n/a	n/a
85.782	0.024	saccade	n/a	326.8	63.1	n/a	248.8	50.1	3.16	226.0
85.808	0.656	fixation	n/a	249.1	56.1	891.0	n/a	n/a	n/a	n/a
86.466	0.01	saccade	n/a	248.9	56.4	n/a	270.3	52.6	0.87	90.0
86.478	0.172	fixation	n/a	276.0	53.5	889.0	n/a	n/a	n/a	n/a
86.652	0.022	saccade	n/a	276.0	54.5	n/a	333.2	60.5	2.31	169.0
86.676	0.19	fixation	n/a	335.7	59.9	905.0	n/a	n/a	n/a	n/a
86.868	0.018	saccade	n/a	333.0	59.8	n/a	376.9	66.5	1.79	161.0
86.888	0.276	fixation	n/a	382.4	65.7	907.0	n/a	n/a	n/a	n/a
87.166	0.03	saccade	n/a	384.3	68.7	n/a	471.7	67.1	3.52	180.0
87.198	0.222	fixation	n/a	485.4	68.4	909.0	n/a	n/a	n/a	n/a
87.422	0.018	saccade	n/a	485.9	69.5	n/a	546.0	69.1	2.4	191.0
87.442	0.162	fixation	n/a	553.2	68.1	896.0	n/a	n/a	n/a	n/a
87.606	0.014	saccade	n/a	554.7	71.2	n/a	582.0	68.3	1.09	104.0
87.622	0.19	fixation	n/a	583.7	69.4	885.0	n/a	n/a	n/a	n/a
87.814	0.056	saccade	n/a	584.7	70.5	n/a	139.1	110.9	17.62	512.0
87.872	0.602	fixation	n/a	154.8	114.4	897.0	n/a	n/a	n/a	n/a
88.476	0.018	saccade	n/a	153.7	114.6	n/a	198.2	111.1	1.75	140.0
88.496	0.308	fixation	n/a	202.4	111.9	891.0	n/a	n/a	n/a	n/a
88.806	0.022	saccade	n/a	201.5	115.7	n/a	277.9	120.3	3.04	230.0
88.83	0.156	fixation	n/a	276.6	117.6	929.0	n/a	n/a	n/a	n/a
88.988	0.022	saccade	n/a	275.4	118.9	n/a	364.7	127.5	3.6	271.0
89.012	0.194	fixation	n/a	372.4	126.4	939.0	n/a	n/a	n/a	n/a
89.208	0.024	saccade	n/a	370.9	126.4	n/a	449.2	129.1	3.15	226.0
89.234	0.264	fixation	n/a	453.2	126.9	917.0	n/a	n/a	n/a	n/a
89.5	0.02	saccade	n/a	450.9	126.4	n/a	504.7	127.2	2.16	169.0
89.522	0.146	fixation	n/a	515.1	126.3	911.0	n/a	n/a	n/a	n/a
89.67	0.016	saccade	n/a	516.5	127.9	n/a	552.9	124.6	1.46	121.0
89.688	0.116	fixation	n/a	558.2	124.7	914.0	n/a	n/a	n/a	n/a
89.806	0.062	saccade	n/a	560.0	125.1	n/a	156.2	168.9	16.03	527.0
89.87	0.266	fixation	n/a	152.1	170.9	910.0	n/a	n/a	n/a	n/a
90.138	0.024	saccade	n/a	152.1	172.2	n/a	231.0	182.6	3.13	238.0
90.164	0.372	fixation	n/a	225.8	180.2	889.0	n/a	n/a	n/a	n/a
90.538	0.014	saccade	n/a	225.9	181.2	n/a	195.9	174.4	1.22	113.0
90.554	0.172	fixation	n/a	205.8	178.0	870.0	n/a	n/a	n/a	n/a
90.728	0.022	saccade	n/a	204.9	178.2	n/a	269.8	183.9	2.59	208.0
90.752	0.258	fixation	n/a	271.1	185.7	904.0	n/a	n/a	n/a	n/a
91.012	0.022	saccade	n/a	272.7	189.3	n/a	337.3	189.3	2.58	206.0
91.036	0.21	fixation	n/a	339.2	189.6	918.0	n/a	n/a	n/a	n/a
91.248	0.03	saccade	n/a	339.2	190.5	n/a	444.6	192.7	4.23	197.0
91.28	0.176	fixation	n/a	445.2	192.9	898.0	n/a	n/a	n/a	n/a
91.458	0.028	saccade	n/a	442.8	193.4	n/a	549.4	190.2	4.27	246.0
91.488	0.218	fixation	n/a	554.8	188.6	879.0	n/a	n/a	n/a	n/a
91.708	0.02	saccade	n/a	555.7	188.8	n/a	502.0	188.5	2.14	207.0
91.73	0.11	fixation	n/a	508.6	190.8	865.0	n/a	n/a	n/a	n/a
91.842	0.032	saccade	n/a	509.0	192.0	n/a	605.4	191.3	3.83	164.0
91.876	0.128	fixation	n/a	608.0	189.7	853.0	n/a	n/a	n/a	n/a
92.006	0.012	saccade	n/a	609.3	189.2	n/a	637.2	186.8	1.1	103.0
92.02	0.306	fixation	n/a	638.9	188.1	860.0	n/a	n/a	n/a	n/a
92.328	0.06	saccade	n/a	638.8	188.1	n/a	185.8	247.4	17.89	482.0
92.39	0.106	fixation	n/a	195.5	247.8	893.0	n/a	n/a	n/a	n/a
92.498	0.022	saccade	n/a	194.7	246.7	n/a	127.6	239.1	2.64	217.0
92.522	0.35	fixation	n/a	132.9	237.6	847.0	n/a	n/a	n/a	n/a
92.874	0.022	saccade	n/a	130.7	237.1	n/a	210.7	243.0	3.13	245.0
92.898	0.238	fixation	n/a	215.5	243.9	833.0	n/a	n/a	n/a	n/a
93.138	0.02	saccade	n/a	214.8	244.5	n/a	270.9	245.7	2.23	186.0
93.16	0.244	fixation	n/a	277.0	246.8	841.0	n/a	n/a	n/a	n/a
93.406	0.022	saccade	n/a	277.7	248.5	n/a	333.3	251.1	2.22	166.0
93.43	0.176	fixation	n/a	344.2	251.4	869.0	n/a	n/a	n/a	n/a
93.608	0.024	saccade	n/a	343.1	251.8	n/a	419.3	251.6	3.05	209.0
93.634	0.238	fixation	n/a	432.3	253.9	874.0	n/a	n/a	n/a	n/a
93.874	0.022	saccade	n/a	432.4	256.0	n/a	506.1	251.7	2.95	200.0
93.898	0.172	fixation	n/a	525.2	250.2	873.0	n/a	n/a	n/a	n/a
94.072	0.046	saccade	n/a	525.1	250.3	n/a	218.0	310.6	12.38	444.0
94.12	0.222	fixation	n/a	231.5	314.4	898.0	n/a	n/a	n/a	n/a
94.344	0.024	saccade	n/a	234.9	317.2	n/a	136.2	315.6	3.85	284.0
94.37	0.234	fixation	n/a	143.8	317.0	880.0	n/a	n/a	n/a	n/a
94.606	0.018	saccade	n/a	156.1	323.7	n/a	196.3	326.3	1.57	101.0
94.626	0.168	fixation	n/a	209.8	332.9	867.0	n/a	n/a	n/a	n/a
94.796	0.082	saccade	n/a	211.5	333.8	n/a	158.5	62.9	11.01	287.0
94.88	0.312	fixation	n/a	166.3	60.9	810.0	n/a	n/a	n/a	n/a
95.194	0.066	saccade	n/a	169.2	66.3	n/a	279.8	585.8	20.36	513.0
95.262	0.104	fixation	n/a	285.7	573.8	916.0	n/a	n/a	n/a	n/a
95.368	0.014	saccade	n/a	284.9	572.7	n/a	274.8	542.9	1.17	99.0
95.384	0.116	fixation	n/a	277.8	543.8	942.0	n/a	n/a	n/a	n/a
95.502	0.026	saccade	n/a	275.3	544.1	n/a	382.2	519.1	4.21	262.0
95.53	0.188	fixation	n/a	395.3	521.5	872.0	n/a	n/a	n/a	n/a
95.72	0.028	saccade	n/a	400.3	523.7	n/a	258.7	524.0	5.45	344.0
95.75	0.134	fixation	n/a	267.7	526.1	820.0	n/a	n/a	n/a	n/a
95.886	0.044	saccade	n/a	268.1	526.5	n/a	499.4	519.1	8.88	340.0
95.932	0.172	fixation	n/a	503.2	519.2	788.0	n/a	n/a	n/a	n/a
96.106	0.022	saccade	n/a	502.0	519.2	n/a	561.1	517.2	2.27	164.0
96.13	0.09	fixation	n/a	560.9	515.1	780.0	n/a	n/a	n/a	n/a
96.222	0.076	saccade	n/a	562.6	515.3	n/a	142.5	98.2	22.9	469.0
96.3	0.198	fixation	n/a	140.1	78.5	748.0	n/a	n/a	n/a	n/a
96.5	0.018	saccade	n/a	140.9	81.8	n/a	143.3	48.3	1.35	120.0
96.52	0.332	fixation	n/a	146.2	58.1	772.0	n/a	n/a	n/a	n/a
96.854	0.026	saccade	n/a	146.5	60.4	n/a	257.3	49.7	4.39	292.0
96.882	0.228	fixation	n/a	253.0	47.0	859.0	n/a	n/a	n/a	n/a
97.112	0.024	saccade	n/a	251.3	48.1	n/a	352.9	56.1	4.08	323.0
97.138	0.26	fixation	n/a	365.3	57.3	906.0	n/a	n/a	n/a	n/a
97.4	0.018	saccade	n/a	367.4	60.6	n/a	322.1	56.7	1.83	141.0
97.42	0.242	fixation	n/a	329.3	62.5	908.0	n/a	n/a	n/a	n/a
97.664	0.008	saccade	n/a	326.7	70.2	n/a	313.7	65.1	0.56	67.0
97.674	0.268	fixation	n/a	322.0	69.1	927.0	n/a	n/a	n/a	n/a
97.826	0.0	trigger_11	11	n/a	n/a	n/a	n/a	n/a	n/a	n/a
97.838	0.0	trigger_10	10	n/a	n/a	n/a	n/a	n/a	n/a	n/a
97.944	0.016	saccade	n/a	321.2	71.1	n/a	360.8	72.7	1.59	126.0
97.962	0.294	fixation	n/a	362.8	69.0	931.0	n/a	n/a	n/a	n/a
98.258	0.022	saccade	n/a	361.0	70.2	n/a	430.0	77.5	2.8	207.0
98.282	0.628	fixation	n/a	428.1	75.4	944.0	n/a	n/a	n/a	n/a
98.912	0.068	saccade	n/a	427.2	82.5	n/a	370.5	453.3	14.89	352.0
98.982	0.128	fixation	n/a	372.3	461.8	991.0	n/a	n/a	n/a	n/a
99.112	0.028	saccade	n/a	369.9	459.9	n/a	471.1	540.9	4.98	295.0
99.142	0.178	fixation	n/a	469.7	532.9	966.0	n/a	n/a	n/a	n/a
99.322	0.02	saccade	n/a	470.3	534.5	n/a	519.3	522.6	1.94	156.0
99.344	0.152	fixation	n/a	518.1	519.1	876.0	n/a	n/a	n/a	n/a
99.498	0.024	saccade	n/a	517.5	518.9	n/a	601.4	514.0	3.21	208.0
99.524	0.144	fixation	n/a	604.7	514.1	827.0	n/a	n/a	n/a	n/a
99.67	0.098	saccade	n/a	605.8	514.0	n/a	176.5	44.8	24.65	479.0
99.77	0.156	fixation	n/a	163.5	62.1	771.0	n/a	n/a	n/a	n/a
99.928	0.02	saccade	n/a	165.4	65.7	n/a	132.7	57.5	1.32	141.0
99.95	0.32	fixation	n/a	139.3	63.2	794.0	n/a	n/a	n/a	n/a
100.272	0.024	saccade	n/a	140.1	68.8	n/a	221.0	50.3	3.27	225.0
100.298	0.152	fixation	n/a	230.2	52.3	863.0	n/a	n/a	n/a	n/a
100.452	0.044	saccade	n/a	229.6	53.2	n/a	452.5	65.1	8.91	381.0
100.498	0.136	fixation	n/a	445.6	68.0	920.0	n/a	n/a	n/a	n/a
100.636	0.024	saccade	n/a	443.9	70.9	n/a	514.3	64.5	2.84	229.0
100.662	0.054	fixation	n/a	513.1	64.3	934.0	n/a	n/a	n/a	n/a
100.718	0.018	saccade	n/a	513.8	65.8	n/a	561.3	71.8	1.91	151.0
100.738	0.156	fixation	n/a	550.7	69.3	952.0	n/a	n/a	n/a	n/a
100.896	0.062	saccade	n/a	550.9	69.0	n/a	162.1	111.2	15.46	574.0
100.96	0.29	fixation	n/a	160.3	114.2	968.0	n/a	n/a	n/a	n/a
101.034	0.0	trigger_11	11	n/a	n/a	n/a	n/a	n/a	n/a	n/a
101.046	0.0	trigger_12	12	n/a	n/a	n/a	n/a	n/a	n/a	n/a
101.252	0.024	saccade	n/a	159.5	113.9	n/a	242.3	127.1	3.32	233.0
101.278	0.436	fixation	n/a	237.8	126.3	1006.0	n/a	n/a	n/a	n/a
101.716	0.014	saccade	n/a	236.9	124.7	n/a	258.1	125.9	0.85	69.0
101.732	0.234	fixation	n/a	274.0	128.2	1003.0	n/a	n/a	n/a	n/a
101.968	0.02	saccade	n/a	272.6	132.8	n/a	326.0	131.1	2.14	173.0
101.99	0.13	fixation	n/a	330.9	132.2	1004.0	n/a	n/a	n/a	n/a
102.122	0.022	saccade	n/a	330.5	134.1	n/a	389.0	129.9	2.36	140.0
102.146	0.316	fixation	n/a	390.9	131.7	995.0	n/a	n/a	n/a	n/a
102.464	0.04	saccade	n/a	389.9	135.3	n/a	154.8	73.9	9.66	426.0
102.506	0.174	fixation	n/a	166.8	76.4	919.0	n/a	n/a	n/a	n/a
102.682	0.022	saccade	n/a	168.8	77.9	n/a	135.3	52.8	1.65	161.0
102.706	0.212	fixation	n/a	143.4	61.5	900.0	n/a	n/a	n/a	n/a
102.92	0.012	saccade	n/a	142.7	62.4	n/a	119.4	57.8	0.93	91.0
102.934	0.34	fixation	n/a	125.0	61.7	951.0	n/a	n/a	n/a	n/a
103.276	0.016	saccade	n/a	124.2	66.0	n/a	166.8	57.7	1.69	140.0
103.294	0.126	fixation	n/a	169.1	57.0	1018.0	n/a	n/a	n/a	n/a
103.422	0.024	saccade	n/a	168.0	59.2	n/a	248.7	61.2	3.19	250.0
103.448	0.168	fixation	n/a	242.5	58.9	1047.0	n/a	n/a	n/a	n/a
103.618	0.024	saccade	n/a	240.1	58.5	n/a	321.8	69.5	3.3	233.0
103.644	0.154	fixation	n/a	329.1	69.4	1039.0	n/a	n/a	n/a	n/a
103.8	0.07	saccade	n/a	330.0	74.0	n/a	382.9	68.0	2.14	453.0
103.872	0.176	fixation	n/a	382.7	67.7	1015.0	n/a	n/a	n/a	n/a
104.05	0.02	saccade	n/a	381.3	70.2	n/a	440.5	66.9	2.39	203.0
104.072	0.144	fixation	n/a	438.0	65.4	1009.0	n/a	n/a	n/a	n/a
104.218	0.018	saccade	n/a	434.6	66.0	n/a	487.6	64.5	2.13	179.0
104.238	0.144	fixation	n/a	486.0	65.7	1020.0	n/a	n/a	n/a	n/a
104.37	0.0	trigger_13	13	n/a	n/a	n/a	n/a	n/a	n/a	n/a
104.384	0.022	saccade	n/a	483.8	68.8	n/a	540.8	66.6	2.28	175.0
104.384	0.0	trigger_10	10	n/a	n/a	n/a	n/a	n/a	n/a	n/a
104.408	0.4	fixation	n/a	537.5	66.7	1037.0	n/a	n/a	n/a	n/a
104.81	0.012	saccade	n/a	534.7	63.4	n/a	557.2	61.5	0.9	96.0
104.824	0.186	fixation	n/a	558.3	63.7	1025.0	n/a	n/a	n/a	n/a
105.012	0.06	saccade	n/a	559.9	63.7	n/a	120.0	115.6	17.41	492.0
105.074	0.176	fixation	n/a	134.2	116.1	1039.0	n/a	n/a	n/a	n/a
105.252	0.012	saccade	n/a	134.2	115.8	n/a	109.9	117.2	0.95	90.0
105.266	0.132	fixation	n/a	117.9	117.1	1040.0	n/a	n/a	n/a	n/a
105.4	0.118	saccade	n/a	125.0	116.2	n/a	162.6	109.4	1.49	507.0
105.52	0.258	fixation	n/a	164.1	113.7	1049.0	n/a	n/a	n/a	n/a
105.78	0.014	saccade	n/a	164.9	118.3	n/a	136.6	112.0	1.13	99.0
105.796	0.214	fixation	n/a	143.6	115.2	1024.0	n/a	n/a	n/a	n/a
106.012	0.02	saccade	n/a	146.1	118.3	n/a	123.9	68.7	2.17	172.0
106.034	0.204	fixation	n/a	128.1	66.7	1031.0	n/a	n/a	n/a	n/a
106.24	0.012	saccade	n/a	128.6	69.8	n/a	148.3	56.7	0.93	89.0
106.254	0.3	fixation	n/a	150.6	61.7	1040.0	n/a	n/a	n/a	n/a
106.556	0.018	saccade	n/a	152.6	63.6	n/a	111.5	64.0	1.6	137.0
106.576	0.286	fixation	n/a	120.9	65.7	1093.0	n/a	n/a	n/a	n/a
106.864	0.016	saccade	n/a	120.0	69.0	n/a	154.0	66.7	1.33	117.0
106.882	0.222	fixation	n/a	151.5	66.7	1082.0	n/a	n/a	n/a	n/a
107.106	0.02	saccade	n/a	151.6	69.1	n/a	211.2	64.7	2.35	172.0
107.128	0.082	fixation	n/a	217.5	66.4	1096.0	n/a	n/a	n/a	n/a
107.212	0.032	saccade	n/a	219.3	69.3	n/a	363.5	79.1	5.78	348.0
107.246	0.118	fixation	n/a	364.9	77.9	1131.0	n/a	n/a	n/a	n/a
107.366	0.026	saccade	n/a	363.4	78.7	n/a	456.5	74.2	3.75	258.0
107.394	0.076	fixation	n/a	456.1	74.0	1140.0	n/a	n/a	n/a	n/a
107.472	0.02	saccade	n/a	455.2	75.8	n/a	509.3	75.7	2.17	178.0
107.494	0.214	fixation	n/a	508.2	76.9	1104.0	n/a	n/a	n/a	n/a
107.71	0.02	saccade	n/a	509.0	78.8	n/a	556.5	78.2	1.9	135.0
107.732	0.28	fixation	n/a	560.3	76.2	1048.0	n/a	n/a	n/a	n/a
108.014	0.064	saccade	n/a	561.7	77.7	n/a	159.3	125.1	16.02	502.0
108.08	0.156	fixation	n/a	152.0	123.9	1013.0	n/a	n/a	n/a	n/a
108.238	0.022	saccade	n/a	152.5	124.3	n/a	108.1	128.9	1.73	172.0
108.262	0.158	fixation	n/a	114.9	130.1	1010.0	n/a	n/a	n/a	n/a
108.422	0.064	saccade	n/a	111.3	131.4	n/a	193.6	124.3	3.23	171.0
108.488	0.328	fixation	n/a	200.5	126.6	1010.0	n/a	n/a	n/a	n/a
108.818	0.024	saccade	n/a	199.6	127.9	n/a	283.4	130.0	3.33	240.0
108.844	0.184	fixation	n/a	280.0	128.9	1007.0	n/a	n/a	n/a	n/a
109.03	0.088	saccade	n/a	280.2	126.2	n/a	292.4	122.4	0.51	354.0
109.12	0.118	fixation	n/a	289.9	124.2	964.0	n/a	n/a	n/a	n/a
109.24	0.024	saccade	n/a	287.5	124.4	n/a	368.4	132.8	3.27	252.0
109.266	0.164	fixation	n/a	363.8	133.1	956.0	n/a	n/a	n/a	n/a
109.354	0.0	trigger_11	11	n/a	n/a	n/a	n/a	n/a	n/a	n/a
109.366	0.0	trigger_10	10	n/a	n/a	n/a	n/a	n/a	n/a	n/a
109.432	0.02	saccade	n/a	364.4	135.7	n/a	426.5	134.2	2.5	202.0
109.454	0.232	fixation	n/a	434.0	137.6	946.0	n/a	n/a	n/a	n/a
109.688	0.016	saccade	n/a	434.5	139.9	n/a	467.6	133.0	1.36	107.0
109.706	0.144	fixation	n/a	468.5	132.2	931.0	n/a	n/a	n/a	n/a
109.852	0.02	saccade	n/a	468.3	131.2	n/a	523.4	132.5	2.21	173.0
109.874	0.122	fixation	n/a	520.6	131.3	948.0	n/a	n/a	n/a	n/a
109.998	0.052	saccade	n/a	520.5	132.5	n/a	136.5	174.1	15.24	503.0
110.052	0.31	fixation	n/a	144.5	177.9	930.0	n/a	n/a	n/a	n/a
110.364	0.024	saccade	n/a	142.6	180.0	n/a	217.8	183.0	2.95	219.0
110.39	0.182	fixation	n/a	212.6	184.0	921.0	n/a	n/a	n/a	n/a
110.574	0.012	saccade	n/a	214.0	186.7	n/a	232.8	186.8	0.74	80.0
110.588	0.19	fixation	n/a	226.7	187.2	917.0	n/a	n/a	n/a	n/a
110.78	0.032	saccade	n/a	226.7	188.3	n/a	148.0	93.9	4.91	293.0
110.814	0.148	fixation	n/a	150.5	83.7	877.0	n/a	n/a	n/a	n/a
110.964	0.018	saccade	n/a	152.4	83.7	n/a	112.5	63.7	1.75	151.0
110.984	0.372	fixation	n/a	121.0	70.0	872.0	n/a	n/a	n/a	n/a
111.358	0.008	saccade	n/a	121.7	71.3	n/a	136.4	65.4	0.62	76.0
111.368	0.222	fixation	n/a	139.4	68.9	885.0	n/a	n/a	n/a	n/a
111.592	0.01	saccade	n/a	139.9	69.8	n/a	118.5	69.9	0.83	86.0
111.604	0.154	fixation	n/a	123.9	70.8	889.0	n/a	n/a	n/a	n/a
111.76	0.024	saccade	n/a	125.2	71.1	n/a	200.0	59.1	2.97	173.0
111.786	0.166	fixation	n/a	204.4	58.9	908.0	n/a	n/a	n/a	n/a
111.954	0.02	saccade	n/a	205.7	60.5	n/a	262.0	55.3	2.24	180.0
111.976	0.166	fixation	n/a	278.0	54.0	911.0	n/a	n/a	n/a	n/a
112.144	0.022	saccade	n/a	277.9	53.2	n/a	358.0	67.8	3.27	254.0
112.168	0.15	fixation	n/a	357.2	64.4	920.0	n/a	n/a	n/a	n/a
112.32	0.026	saccade	n/a	356.5	65.3	n/a	449.6	72.5	3.75	266.0
112.348	0.188	fixation	n/a	449.2	71.0	952.0	n/a	n/a	n/a	n/a
112.538	0.022	saccade	n/a	447.2	73.9	n/a	519.5	71.1	2.9	207.0
112.562	0.204	fixation	n/a	531.3	72.0	974.0	n/a	n/a	n/a	n/a
112.768	0.016	saccade	n/a	530.8	75.1	n/a	568.8	72.9	1.52	113.0
112.786	0.162	fixation	n/a	572.1	73.6	965.0	n/a	n/a	n/a	n/a
112.95	0.016	saccade	n/a	570.6	73.3	n/a	541.3	75.4	1.17	95.0
112.968	0.194	fixation	n/a	546.8	75.8	958.0	n/a	n/a	n/a	n/a
113.164	0.02	saccade	n/a	549.4	73.8	n/a	484.8	70.5	2.59	228.0
113.186	0.174	fixation	n/a	484.3	73.1	968.0	n/a	n/a	n/a	n/a
113.362	0.022	saccade	n/a	485.3	74.7	n/a	556.9	76.2	2.86	216.0
113.386	0.208	fixation	n/a	568.2	74.4	966.0	n/a	n/a	n/a	n/a
113.596	0.02	saccade	n/a	568.2	77.3	n/a	617.3	78.9	1.94	137.0
113.618	0.306	fixation	n/a	617.1	76.9	940.0	n/a	n/a	n/a	n/a
113.926	0.076	saccade	n/a	618.0	75.7	n/a	163.2	118.8	17.95	430.0
114.004	0.114	fixation	n/a	159.6	120.1	932.0	n/a	n/a	n/a	n/a
114.12	0.016	saccade	n/a	160.5	120.0	n/a	123.2	121.0	1.45	130.0
114.138	0.262	fixation	n/a	133.1	122.0	932.0	n/a	n/a	n/a	n/a
114.402	0.024	saccade	n/a	133.5	122.4	n/a	232.7	120.9	3.9	250.0
114.428	0.258	fixation	n/a	247.1	123.1	939.0	n/a	n/a	n/a	n/a
114.688	0.02	saccade	n/a	246.7	124.9	n/a	300.5	122.0	2.16	177.0
114.71	0.192	fixation	n/a	308.1	119.0	910.0	n/a	n/a	n/a	n/a
114.904	0.022	saccade	n/a	308.1	118.1	n/a	380.2	125.7	2.92	224.0
114.928	0.13	fixation	n/a	382.7	124.5	914.0	n/a	n/a	n/a	n/a
115.06	0.024	saccade	n/a	381.2	125.5	n/a	462.4	124.3	3.27	223.0
115.086	0.2	fixation	n/a	464.1	123.4	945.0	n/a	n/a	n/a	n/a
115.288	0.018	saccade	n/a	463.9	126.1	n/a	507.4	127.1	1.74	155.0
115.308	0.116	fixation	n/a	507.2	125.9	960.0	n/a	n/a	n/a	n/a
115.426	0.06	saccade	n/a	508.2	126.8	n/a	166.9	171.7	13.64	494.0
115.488	0.192	fixation	n/a	155.2	172.9	939.0	n/a	n/a	n/a	n/a
115.532	0.0	trigger_11	11	n/a	n/a	n/a	n/a	n/a	n/a	n/a
115.542	0.0	trigger_10	10	n/a	n/a	n/a	n/a	n/a	n/a	n/a
115.682	0.016	saccade	n/a	153.4	172.5	n/a	120.6	177.4	1.29	104.0
115.7	0.394	fixation	n/a	128.2	177.2	899.0	n/a	n/a	n/a	n/a
116.096	0.026	saccade	n/a	128.1	177.4	n/a	226.3	179.6	3.86	253.0
116.124	0.26	fixation	n/a	243.5	181.6	890.0	n/a	n/a	n/a	n/a
116.386	0.024	saccade	n/a	242.3	182.2	n/a	324.7	188.2	3.3	206.0
116.412	0.182	fixation	n/a	337.9	186.1	905.0	n/a	n/a	n/a	n/a
116.596	0.03	saccade	n/a	337.9	187.0	n/a	415.0	186.9	3.1	180.0
116.628	0.164	fixation	n/a	429.5	190.7	887.0	n/a	n/a	n/a	n/a
116.794	0.014	saccade	n/a	428.0	190.8	n/a	397.7	186.7	1.23	112.0
116.81	0.136	fixation	n/a	406.3	189.7	867.0	n/a	n/a	n/a	n/a
116.948	0.022	saccade	n/a	407.8	190.9	n/a	477.4	184.2	2.81	176.0
116.972	0.178	fixation	n/a	483.9	182.5	859.0	n/a	n/a	n/a	n/a
117.152	0.054	saccade	n/a	485.4	188.7	n/a	400.6	547.0	14.31	423.0
117.208	0.098	fixation	n/a	397.6	537.0	873.0	n/a	n/a	n/a	n/a
117.308	0.022	saccade	n/a	399.1	538.4	n/a	457.0	518.9	2.35	181.0
117.332	0.124	fixation	n/a	452.6	519.5	862.0	n/a	n/a	n/a	n/a
117.458	0.068	saccade	n/a	451.6	519.5	n/a	180.1	128.1	18.55	495.0
117.528	0.136	fixation	n/a	156.1	105.4	756.0	n/a	n/a	n/a	n/a
117.666	0.022	saccade	n/a	157.1	103.4	n/a	117.7	52.7	2.55	212.0
117.69	0.24	fixation	n/a	126.0	53.4	711.0	n/a	n/a	n/a	n/a
117.932	0.018	saccade	n/a	127.7	55.0	n/a	170.0	49.9	1.67	146.0
117.952	0.19	fixation	n/a	169.1	48.6	760.0	n/a	n/a	n/a	n/a
118.144	0.022	saccade	n/a	169.3	49.4	n/a	235.1	47.0	2.6	201.0
118.168	0.212	fixation	n/a	236.9	47.7	822.0	n/a	n/a	n/a	n/a
118.382	0.02	saccade	n/a	238.7	49.9	n/a	192.8	50.2	1.81	149.0
118.404	0.162	fixation	n/a	201.5	52.6	868.0	n/a	n/a	n/a	n/a
118.568	0.02	saccade	n/a	201.7	54.8	n/a	256.2	50.2	2.17	166.0
118.59	0.152	fixation	n/a	255.7	50.9	900.0	n/a	n/a	n/a	n/a
118.744	0.024	saccade	n/a	254.3	54.0	n/a	342.5	67.8	3.57	293.0
118.77	0.236	fixation	n/a	338.3	67.0	955.0	n/a	n/a	n/a	n/a
119.008	0.024	saccade	n/a	335.0	69.1	n/a	419.6	74.1	3.41	238.0
119.034	0.206	fixation	n/a	425.8	72.5	976.0	n/a	n/a	n/a	n/a
119.242	0.022	saccade	n/a	426.4	72.6	n/a	491.5	66.9	2.63	187.0
119.266	0.216	fixation	n/a	491.9	69.2	956.0	n/a	n/a	n/a	n/a
119.484	0.018	saccade	n/a	491.3	72.7	n/a	534.8	73.4	1.74	151.0
119.504	0.222	fixation	n/a	531.0	73.8	936.0	n/a	n/a	n/a	n/a
119.728	0.016	saccade	n/a	530.3	75.5	n/a	564.9	77.7	1.38	108.0
119.746	0.288	fixation	n/a	561.5	76.5	927.0	n/a	n/a	n/a	n/a
120.036	0.016	saccade	n/a	560.0	77.8	n/a	526.0	69.4	1.4	122.0
120.054	0.174	fixation	n/a	532.8	73.5	929.0	n/a	n/a	n/a	n/a
120.23	0.014	saccade	n/a	531.8	76.4	n/a	560.6	75.1	1.15	105.0
120.246	0.142	fixation	n/a	560.6	74.3	933.0	n/a	n/a	n/a	n/a
120.39	0.066	saccade	n/a	563.3	76.0	n/a	149.7	125.4	16.41	510.0
120.458	0.23	fixation	n/a	145.4	129.4	947.0	n/a	n/a	n/a	n/a
120.58	0.0	trigger_11	11	n/a	n/a	n/a	n/a	n/a	n/a	n/a
120.594	0.0	trigger_10	10	n/a	n/a	n/a	n/a	n/a	n/a	n/a
120.69	0.006	saccade	n/a	144.4	130.5	n/a	135.5	129.1	0.35	54.0
120.698	0.14	fixation	n/a	137.5	127.8	940.0	n/a	n/a	n/a	n/a
120.84	0.022	saccade	n/a	137.1	128.1	n/a	218.9	119.5	3.23	216.0
120.864	0.192	fixation	n/a	235.7	121.0	930.0	n/a	n/a	n/a	n/a
121.058	0.024	saccade	n/a	237.7	123.2	n/a	317.2	123.0	3.18	182.0
121.084	0.22	fixation	n/a	322.5	126.2	968.0	n/a	n/a	n/a	n/a
121.306	0.026	saccade	n/a	323.7	128.5	n/a	402.2	131.1	3.16	173.0
121.334	0.134	fixation	n/a	404.4	131.8	968.0	n/a	n/a	n/a	n/a
121.47	0.022	saccade	n/a	405.4	134.0	n/a	472.5	130.1	2.7	188.0
121.494	0.19	fixation	n/a	481.6	129.7	952.0	n/a	n/a	n/a	n/a
121.686	0.058	saccade	n/a	483.2	129.4	n/a	163.2	175.8	12.84	484.0
121.746	0.254	fixation	n/a	157.2	177.0	922.0	n/a	n/a	n/a	n/a
122.002	0.022	saccade	n/a	156.9	179.8	n/a	228.9	183.5	2.84	214.0
122.026	0.2	fixation	n/a	226.3	181.7	881.0	n/a	n/a	n/a	n/a
122.228	0.032	saccade	n/a	224.8	185.8	n/a	289.0	190.8	2.57	146.0
122.262	0.228	fixation	n/a	311.6	192.9	863.0	n/a	n/a	n/a	n/a
122.492	0.04	saccade	n/a	313.5	194.2	n/a	138.6	73.7	8.44	445.0
122.534	0.246	fixation	n/a	143.1	63.8	812.0	n/a	n/a	n/a	n/a
122.782	0.008	saccade	n/a	143.6	63.8	n/a	128.4	58.8	0.63	74.0
122.792	0.272	fixation	n/a	128.1	59.6	815.0	n/a	n/a	n/a	n/a
123.066	0.018	saccade	n/a	127.6	61.0	n/a	173.6	52.3	1.83	142.0
123.086	0.204	fixation	n/a	172.2	51.5	829.0	n/a	n/a	n/a	n/a
123.292	0.022	saccade	n/a	172.9	54.0	n/a	244.2	48.9	2.83	207.0
123.316	0.28	fixation	n/a	242.5	49.3	843.0	n/a	n/a	n/a	n/a
123.598	0.024	saccade	n/a	240.0	50.2	n/a	320.9	50.6	3.24	228.0
123.624	0.114	fixation	n/a	325.9	50.1	851.0	n/a	n/a	n/a	n/a
123.74	0.042	saccade	n/a	325.8	51.9	n/a	548.1	67.7	8.92	394.0
123.784	0.148	fixation	n/a	540.7	66.7	886.0	n/a	n/a	n/a	n/a
123.934	0.022	saccade	n/a	538.7	72.3	n/a	603.5	69.6	2.57	220.0
123.958	0.234	fixation	n/a	603.6	68.6	906.0	n/a	n/a	n/a	n/a
124.194	0.052	saccade	n/a	605.4	69.6	n/a	188.7	114.9	16.54	534.0
124.248	0.06	fixation	n/a	198.0	114.7	897.0	n/a	n/a	n/a	n/a
124.31	0.036	saccade	n/a	197.0	113.6	n/a	131.9	126.3	2.6	269.0
124.348	0.208	fixation	n/a	121.9	124.3	900.0	n/a	n/a	n/a	n/a
124.558	0.022	saccade	n/a	122.2	125.3	n/a	182.3	111.8	2.41	181.0
124.582	0.234	fixation	n/a	179.1	113.5	901.0	n/a	n/a	n/a	n/a
124.818	0.022	saccade	n/a	178.3	113.7	n/a	245.6	115.0	2.67	208.0
124.842	0.238	fixation	n/a	245.3	114.5	917.0	n/a	n/a	n/a	n/a
125.082	0.024	saccade	n/a	246.5	116.3	n/a	324.8	124.3	3.15	204.0
125.108	0.19	fixation	n/a	340.2	127.4	942.0	n/a	n/a	n/a	n/a
125.3	0.098	saccade	n/a	343.6	133.8	n/a	352.0	104.1	1.26	502.0
125.4	0.274	fixation	n/a	354.9	126.9	957.0	n/a	n/a	n/a	n/a
125.676	0.1	saccade	n/a	357.2	132.9	n/a	407.4	508.4	14.86	977.0
125.708	0.018	blink	n/a	n/a	n/a	n/a	n/a	n/a	n/a	n/a
125.778	0.474	fixation	n/a	406.3	523.4	952.0	n/a	n/a	n/a	n/a
126.254	0.018	saccade	n/a	407.9	528.0	n/a	455.9	530.5	1.85	147.0
126.274	0.25	fixation	n/a	462.4	527.7	838.0	n/a	n/a	n/a	n/a
126.526	0.066	saccade	n/a	466.0	527.1	n/a	314.4	133.5	16.49	394.0
126.594	0.136	fixation	n/a	317.3	137.9	836.0	n/a	n/a	n/a	n/a
126.732	0.016	saccade	n/a	317.5	139.5	n/a	337.3	114.8	1.28	118.0
126.75	0.416	fixation	n/a	337.3	124.1	859.0	n/a	n/a	n/a	n/a
127.168	0.024	saccade	n/a	339.3	129.6	n/a	264.2	118.5	3.04	206.0
127.194	0.384	fixation	n/a	269.2	127.6	936.0	n/a	n/a	n/a	n/a
127.468	0.0	trigger_11	11	n/a	n/a	n/a	n/a	n/a	n/a	n/a
127.482	0.0	trigger_12	12	n/a	n/a	n/a	n/a	n/a	n/a	n/a
127.58	0.058	saccade	n/a	268.2	131.9	n/a	450.0	515.6	16.63	456.0
127.64	0.146	fixation	n/a	450.6	510.5	979.0	n/a	n/a	n/a	n/a
127.788	0.014	saccade	n/a	452.0	512.8	n/a	477.9	528.8	1.17	105.0
127.804	0.138	fixation	n/a	473.4	525.4	963.0	n/a	n/a	n/a	n/a
127.944	0.024	saccade	n/a	474.9	525.8	n/a	407.1	523.6	2.61	190.0
127.97	0.406	fixation	n/a	417.7	528.8	870.0	n/a	n/a	n/a	n/a
128.378	0.022	saccade	n/a	418.5	531.1	n/a	472.6	523.0	2.11	156.0
128.402	0.114	fixation	n/a	479.9	521.8	842.0	n/a	n/a	n/a	n/a
128.518	0.076	saccade	n/a	481.4	522.0	n/a	343.0	127.2	16.38	418.0
128.596	0.126	fixation	n/a	346.2	135.7	829.0	n/a	n/a	n/a	n/a
128.724	0.012	saccade	n/a	346.5	138.4	n/a	347.8	118.0	0.83	77.0
128.738	0.368	fixation	n/a	349.3	125.5	844.0	n/a	n/a	n/a	n/a
129.108	0.042	saccade	n/a	350.6	128.2	n/a	201.4	53.0	6.69	360.0
129.152	0.162	fixation	n/a	211.0	57.3	869.0	n/a	n/a	n/a	n/a
129.316	0.022	saccade	n/a	212.6	58.8	n/a	142.9	55.7	2.74	206.0
129.34	0.322	fixation	n/a	145.5	64.1	890.0	n/a	n/a	n/a	n/a
129.664	0.014	saccade	n/a	146.7	64.7	n/a	119.2	61.8	1.08	103.0
129.68	0.3	fixation	n/a	125.0	63.0	951.0	n/a	n/a	n/a	n/a
129.982	0.028	saccade	n/a	121.9	63.6	n/a	223.3	49.9	4.01	240.0
130.012	0.162	fixation	n/a	229.6	51.7	926.0	n/a	n/a	n/a	n/a
130.176	0.016	saccade	n/a	231.1	53.4	n/a	265.2	48.7	1.37	110.0
130.194	0.208	fixation	n/a	268.9	52.1	953.0	n/a	n/a	n/a	n/a
130.404	0.024	saccade	n/a	270.7	59.4	n/a	365.9	67.8	3.84	243.0
130.43	0.188	fixation	n/a	376.7	69.0	1018.0	n/a	n/a	n/a	n/a
130.62	0.024	saccade	n/a	374.0	70.0	n/a	443.7	72.3	2.81	203.0
130.646	0.268	fixation	n/a	441.3	72.2	1008.0	n/a	n/a	n/a	n/a
130.916	0.02	saccade	n/a	442.0	76.2	n/a	494.0	72.4	2.1	155.0
130.938	0.468	fixation	n/a	495.2	76.5	987.0	n/a	n/a	n/a	n/a
131.408	0.006	saccade	n/a	495.6	82.8	n/a	504.2	77.2	0.41	62.0
131.416	0.27	fixation	n/a	506.8	78.1	977.0	n/a	n/a	n/a	n/a
131.688	0.014	saccade	n/a	507.2	80.8	n/a	540.2	77.7	1.32	112.0
131.704	0.118	fixation	n/a	542.2	78.1	969.0	n/a	n/a	n/a	n/a
131.824	0.062	saccade	n/a	544.0	78.5	n/a	174.2	117.5	14.73	494.0
131.888	0.146	fixation	n/a	168.4	117.8	936.0	n/a	n/a	n/a	n/a
132.036	0.022	saccade	n/a	170.3	117.6	n/a	128.4	123.6	1.65	156.0
132.06	0.316	fixation	n/a	137.5	121.4	929.0	n/a	n/a	n/a	n/a
132.378	0.016	saccade	n/a	137.8	120.2	n/a	104.1	120.1	1.31	108.0
132.396	0.154	fixation	n/a	113.7	120.9	902.0	n/a	n/a	n/a	n/a
132.5	0.0	trigger_13	13	n/a	n/a	n/a	n/a	n/a	n/a	n/a
132.514	0.0	trigger_10	10	n/a	n/a	n/a	n/a	n/a	n/a	n/a
132.552	0.024	saccade	n/a	113.6	122.3	n/a	184.1	111.4	2.79	186.0
132.578	0.322	fixation	n/a	180.7	115.0	908.0	n/a	n/a	n/a	n/a
132.902	0.118	saccade	n/a	173.4	108.9	n/a	155.3	95.8	0.89	271.0
133.022	0.36	fixation	n/a	159.8	98.9	896.0	n/a	n/a	n/a	n/a
133.384	0.014	saccade	n/a	162.7	104.7	n/a	187.7	117.1	1.1	98.0
133.4	0.278	fixation	n/a	185.0	119.0	853.0	n/a	n/a	n/a	n/a
133.68	0.018	saccade	n/a	185.6	120.4	n/a	239.8	112.3	2.17	175.0
133.7	0.116	fixation	n/a	239.2	111.7	861.0	n/a	n/a	n/a	n/a
133.818	0.026	saccade	n/a	240.1	113.8	n/a	137.0	68.3	4.46	291.0
133.846	0.844	fixation	n/a	136.4	62.7	887.0	n/a	n/a	n/a	n/a
134.692	0.006	saccade	n/a	134.2	68.7	n/a	125.1	65.2	0.38	60.0
134.7	0.132	fixation	n/a	126.3	65.0	982.0	n/a	n/a	n/a	n/a
134.834	0.018	saccade	n/a	126.0	66.6	n/a	171.2	58.1	1.8	146.0
134.854	0.268	fixation	n/a	171.2	60.1	998.0	n/a	n/a	n/a	n/a
135.124	0.022	saccade	n/a	171.6	62.7	n/a	247.0	59.3	2.98	214.0
135.148	0.202	fixation	n/a	250.8	53.4	951.0	n/a	n/a	n/a	n/a
135.352	0.042	saccade	n/a	249.5	54.6	n/a	481.4	72.6	9.3	389.0
135.396	0.112	fixation	n/a	477.5	72.4	973.0	n/a	n/a	n/a	n/a
135.51	0.022	saccade	n/a	478.7	74.0	n/a	552.0	72.7	2.93	236.0
135.534	0.104	fixation	n/a	549.3	73.0	961.0	n/a	n/a	n/a	n/a
135.64	0.02	saccade	n/a	547.7	73.3	n/a	594.8	69.7	1.87	170.0
135.662	0.134	fixation	n/a	589.7	70.6	943.0	n/a	n/a	n/a	n/a
135.798	0.07	saccade	n/a	591.3	71.8	n/a	149.5	125.7	17.5	528.0
135.87	0.232	fixation	n/a	143.5	126.3	899.0	n/a	n/a	n/a	n/a
136.104	0.022	saccade	n/a	142.2	128.4	n/a	198.6	113.2	2.3	172.0
136.128	0.472	fixation	n/a	192.9	116.2	893.0	n/a	n/a	n/a	n/a
136.602	0.022	saccade	n/a	190.9	118.3	n/a	261.8	122.0	2.82	226.0
136.626	0.166	fixation	n/a	261.2	122.2	930.0	n/a	n/a	n/a	n/a
136.652	0.0	trigger_11	11	n/a	n/a	n/a	n/a	n/a	n/a	n/a
136.664	0.0	trigger_10	10	n/a	n/a	n/a	n/a	n/a	n/a	n/a
136.794	0.024	saccade	n/a	259.8	125.1	n/a	352.8	131.7	3.74	269.0
136.82	0.2	fixation	n/a	358.0	132.3	963.0	n/a	n/a	n/a	n/a
137.022	0.022	saccade	n/a	357.2	132.6	n/a	420.7	134.5	2.56	200.0
137.046	0.274	fixation	n/a	420.5	134.8	965.0	n/a	n/a	n/a	n/a
137.322	0.02	saccade	n/a	420.2	136.8	n/a	480.1	134.4	2.41	159.0
137.344	0.212	fixation	n/a	488.2	134.4	950.0	n/a	n/a	n/a	n/a
137.558	0.022	saccade	n/a	487.2	136.3	n/a	552.8	132.7	2.63	185.0
137.582	0.194	fixation	n/a	552.2	133.9	928.0	n/a	n/a	n/a	n/a
137.778	0.02	saccade	n/a	552.3	136.1	n/a	603.8	135.0	2.04	169.0
137.8	0.252	fixation	n/a	602.1	134.3	914.0	n/a	n/a	n/a	n/a
138.054	0.066	saccade	n/a	603.9	137.5	n/a	136.7	170.5	18.37	461.0
138.122	0.128	fixation	n/a	144.0	170.5	879.0	n/a	n/a	n/a	n/a
138.252	0.018	saccade	n/a	141.1	169.1	n/a	106.7	179.5	1.4	126.0
138.272	0.26	fixation	n/a	116.3	177.9	854.0	n/a	n/a	n/a	n/a
138.534	0.026	saccade	n/a	115.6	179.1	n/a	118.7	81.6	3.91	245.0
138.562	0.326	fixation	n/a	132.1	62.8	792.0	n/a	n/a	n/a	n/a
138.89	0.01	saccade	n/a	134.4	64.9	n/a	114.8	62.4	0.77	82.0
138.902	0.18	fixation	n/a	121.1	63.4	802.0	n/a	n/a	n/a	n/a
139.084	0.02	saccade	n/a	120.4	63.6	n/a	173.5	55.0	2.1	172.0
139.106	0.182	fixation	n/a	174.0	53.2	823.0	n/a	n/a	n/a	n/a
139.29	0.026	saccade	n/a	174.5	52.9	n/a	259.7	46.1	3.38	231.0
139.318	0.246	fixation	n/a	258.8	45.6	828.0	n/a	n/a	n/a	n/a
139.566	0.026	saccade	n/a	260.0	48.0	n/a	350.5	55.5	3.63	261.0
139.594	0.174	fixation	n/a	369.9	57.1	845.0	n/a	n/a	n/a	n/a
139.77	0.028	saccade	n/a	372.4	58.0	n/a	477.4	66.9	4.24	235.0
139.8	0.228	fixation	n/a	488.8	64.2	874.0	n/a	n/a	n/a	n/a
140.03	0.02	saccade	n/a	489.8	66.4	n/a	432.9	61.0	2.3	191.0
140.052	0.164	fixation	n/a	441.8	64.6	895.0	n/a	n/a	n/a	n/a
140.218	0.026	saccade	n/a	443.1	67.7	n/a	553.4	71.9	4.42	301.0
140.246	0.17	fixation	n/a	551.4	68.4	931.0	n/a	n/a	n/a	n/a
140.418	0.018	saccade	n/a	549.0	66.9	n/a	587.3	67.1	1.52	133.0
140.438	0.104	fixation	n/a	584.0	66.2	958.0	n/a	n/a	n/a	n/a
140.544	0.062	saccade	n/a	583.8	67.2	n/a	156.2	117.6	16.99	545.0
140.608	0.164	fixation	n/a	153.7	120.3	945.0	n/a	n/a	n/a	n/a
140.742	0.0	trigger_11	11	n/a	n/a	n/a	n/a	n/a	n/a	n/a
140.754	0.0	trigger_10	10	n/a	n/a	n/a	n/a	n/a	n/a	n/a
140.774	0.014	saccade	n/a	154.4	123.2	n/a	129.3	124.3	0.98	93.0
140.79	0.086	fixation	n/a	137.5	126.9	942.0	n/a	n/a	n/a	n/a
140.878	0.024	saccade	n/a	136.6	129.0	n/a	225.1	120.5	3.49	262.0
140.904	0.234	fixation	n/a	227.8	123.7	941.0	n/a	n/a	n/a	n/a
141.14	0.02	saccade	n/a	228.6	126.1	n/a	288.0	122.4	2.37	161.0
141.162	0.24	fixation	n/a	291.3	123.1	913.0	n/a	n/a	n/a	n/a
141.404	0.024	saccade	n/a	292.8	124.3	n/a	375.8	131.2	3.35	262.0
141.43	0.188	fixation	n/a	375.9	131.5	914.0	n/a	n/a	n/a	n/a
141.62	0.024	saccade	n/a	376.3	134.3	n/a	459.6	139.0	3.36	244.0
141.646	0.316	fixation	n/a	454.3	135.9	897.0	n/a	n/a	n/a	n/a
141.964	0.01	saccade	n/a	453.9	137.2	n/a	471.6	138.7	0.71	76.0
141.976	0.02	fixation	n/a	470.9	141.4	887.0	n/a	n/a	n/a	n/a
141.998	0.058	saccade	n/a	470.6	140.6	n/a	128.3	169.4	13.58	512.0
142.058	0.262	fixation	n/a	120.3	170.8	865.0	n/a	n/a	n/a	n/a
142.322	0.02	saccade	n/a	118.9	171.2	n/a	109.2	148.9	0.97	112.0
142.344	0.182	fixation	n/a	131.1	93.7	857.0	n/a	n/a	n/a	n/a
142.528	0.022	saccade	n/a	135.1	84.0	n/a	128.1	53.3	1.26	120.0
142.552	0.458	fixation	n/a	131.5	62.9	842.0	n/a	n/a	n/a	n/a
143.012	0.022	saccade	n/a	130.3	66.2	n/a	196.1	54.7	2.62	186.0
143.036	0.172	fixation	n/a	196.0	53.9	881.0	n/a	n/a	n/a	n/a
143.21	0.022	saccade	n/a	196.0	54.1	n/a	266.6	47.5	2.81	187.0
143.234	0.252	fixation	n/a	279.2	47.1	875.0	n/a	n/a	n/a	n/a
143.31	0.0	trigger_11	11	n/a	n/a	n/a	n/a	n/a	n/a	n/a
143.322	0.0	trigger_10	10	n/a	n/a	n/a	n/a	n/a	n/a	n/a
143.488	0.024	saccade	n/a	280.1	47.0	n/a	351.3	58.7	2.89	192.0
143.514	0.22	fixation	n/a	354.2	56.7	894.0	n/a	n/a	n/a	n/a
143.736	0.024	saccade	n/a	354.7	60.5	n/a	432.4	65.2	3.13	216.0
143.762	0.158	fixation	n/a	428.9	65.0	917.0	n/a	n/a	n/a	n/a
143.922	0.022	saccade	n/a	428.1	65.6	n/a	500.0	68.7	2.89	240.0
143.946	0.196	fixation	n/a	502.1	69.3	924.0	n/a	n/a	n/a	n/a
144.144	0.016	saccade	n/a	502.3	71.4	n/a	468.4	70.0	1.36	123.0
144.162	0.17	fixation	n/a	476.1	73.6	928.0	n/a	n/a	n/a	n/a
144.334	0.02	saccade	n/a	476.0	77.4	n/a	525.9	71.6	2.01	162.0
144.356	0.28	fixation	n/a	524.4	73.3	938.0	n/a	n/a	n/a	n/a
144.638	0.052	saccade	n/a	525.0	74.8	n/a	147.9	111.4	14.98	488.0
144.692	0.128	fixation	n/a	160.8	113.9	916.0	n/a	n/a	n/a	n/a
144.822	0.022	saccade	n/a	162.3	114.4	n/a	130.3	129.2	1.38	150.0
144.846	0.202	fixation	n/a	137.5	127.9	889.0	n/a	n/a	n/a	n/a
145.05	0.022	saccade	n/a	139.8	129.2	n/a	129.6	69.9	2.41	174.0
145.074	0.224	fixation	n/a	132.3	72.4	859.0	n/a	n/a	n/a	n/a
145.3	0.008	saccade	n/a	133.6	74.2	n/a	129.9	63.8	0.44	56.0
145.31	0.376	fixation	n/a	131.9	66.3	855.0	n/a	n/a	n/a	n/a
145.688	0.024	saccade	n/a	128.5	66.8	n/a	197.9	53.5	2.77	192.0
145.714	0.2	fixation	n/a	209.3	52.5	861.0	n/a	n/a	n/a	n/a
145.916	0.016	saccade	n/a	210.7	53.2	n/a	248.4	51.5	1.5	123.0
145.934	0.116	fixation	n/a	249.9	50.7	856.0	n/a	n/a	n/a	n/a
146.052	0.15	saccade	n/a	253.8	56.2	n/a	344.6	80.5	3.76	977.0
146.07	0.0	trigger_11	11	n/a	n/a	n/a	n/a	n/a	n/a	n/a
146.078	0.0	trigger_12	12	n/a	n/a	n/a	n/a	n/a	n/a	n/a
146.08	0.072	blink	n/a	n/a	n/a	n/a	n/a	n/a	n/a	n/a
146.204	0.226	fixation	n/a	347.7	81.2	869.0	n/a	n/a	n/a	n/a
146.432	0.02	saccade	n/a	348.3	82.3	n/a	409.0	84.8	2.44	203.0
146.454	0.498	fixation	n/a	406.9	81.4	839.0	n/a	n/a	n/a	n/a
146.954	0.026	saccade	n/a	406.2	81.0	n/a	482.4	82.7	3.07	174.0
146.982	0.148	fixation	n/a	485.9	82.9	858.0	n/a	n/a	n/a	n/a
147.132	0.022	saccade	n/a	486.1	85.2	n/a	560.2	87.5	2.97	203.0
147.156	0.304	fixation	n/a	567.8	84.0	877.0	n/a	n/a	n/a	n/a
147.462	0.06	saccade	n/a	569.0	86.1	n/a	147.0	110.0	16.64	450.0
147.524	0.146	fixation	n/a	157.7	111.4	837.0	n/a	n/a	n/a	n/a
147.672	0.016	saccade	n/a	158.4	112.8	n/a	125.3	122.2	1.35	116.0
147.69	0.302	fixation	n/a	130.0	124.6	833.0	n/a	n/a	n/a	n/a
147.994	0.02	saccade	n/a	132.1	128.1	n/a	113.4	84.0	1.91	145.0
148.016	0.25	fixation	n/a	122.7	87.3	802.0	n/a	n/a	n/a	n/a
148.268	0.008	saccade	n/a	123.0	87.4	n/a	132.3	77.9	0.53	63.0
148.278	0.182	fixation	n/a	132.0	79.2	815.0	n/a	n/a	n/a	n/a
148.334	0.0	trigger_13	13	n/a	n/a	n/a	n/a	n/a	n/a	n/a
148.344	0.0	trigger_10	10	n/a	n/a	n/a	n/a	n/a	n/a	n/a
148.462	0.022	saccade	n/a	130.2	79.0	n/a	199.6	67.6	2.76	197.0
148.486	0.228	fixation	n/a	202.0	65.5	844.0	n/a	n/a	n/a	n/a
148.716	0.02	saccade	n/a	202.1	65.0	n/a	255.0	60.8	2.11	156.0
148.738	0.26	fixation	n/a	256.2	60.2	854.0	n/a	n/a	n/a	n/a
149.0	0.02	saccade	n/a	255.5	61.0	n/a	310.1	63.4	2.19	179.0
149.022	0.18	fixation	n/a	317.1	63.1	884.0	n/a	n/a	n/a	n/a
149.204	0.022	saccade	n/a	318.1	64.1	n/a	381.6	74.5	2.59	176.0
149.228	0.162	fixation	n/a	384.8	74.0	924.0	n/a	n/a	n/a	n/a
149.392	0.022	saccade	n/a	384.8	75.3	n/a	445.9	76.8	2.46	161.0
149.416	0.308	fixation	n/a	454.9	77.5	946.0	n/a	n/a	n/a	n/a
149.726	0.05	saccade	n/a	457.7	79.5	n/a	135.1	118.5	12.85	444.0
149.778	0.298	fixation	n/a	151.6	119.1	943.0	n/a	n/a	n/a	n/a
150.078	0.018	saccade	n/a	155.5	121.6	n/a	129.3	87.5	1.71	148.0
150.098	0.21	fixation	n/a	134.5	85.4	914.0	n/a	n/a	n/a	n/a
150.31	0.006	saccade	n/a	135.5	87.0	n/a	140.4	79.2	0.37	55.0
150.318	0.212	fixation	n/a	141.9	81.1	909.0	n/a	n/a	n/a	n/a
150.532	0.006	saccade	n/a	140.2	84.0	n/a	131.7	82.0	0.34	53.0
150.54	0.116	fixation	n/a	133.4	82.6	927.0	n/a	n/a	n/a	n/a
150.658	0.02	saccade	n/a	132.0	82.7	n/a	184.4	70.8	2.11	166.0
150.68	0.188	fixation	n/a	185.3	69.7	935.0	n/a	n/a	n/a	n/a
150.87	0.024	saccade	n/a	184.6	69.7	n/a	260.7	64.8	3.02	215.0
150.896	0.162	fixation	n/a	254.7	60.4	915.0	n/a	n/a	n/a	n/a
150.974	0.0	trigger_11	11	n/a	n/a	n/a	n/a	n/a	n/a	n/a
150.982	0.0	trigger_10	10	n/a	n/a	n/a	n/a	n/a	n/a	n/a
151.06	0.022	saccade	n/a	254.1	60.2	n/a	317.5	70.8	2.57	204.0
151.084	0.294	fixation	n/a	312.3	65.6	917.0	n/a	n/a	n/a	n/a
151.38	0.024	saccade	n/a	312.1	67.9	n/a	384.5	76.5	2.93	176.0
151.406	0.506	fixation	n/a	392.9	81.2	943.0	n/a	n/a	n/a	n/a
151.914	0.006	saccade	n/a	395.3	85.2	n/a	404.7	83.5	0.39	56.0
151.922	0.458	fixation	n/a	404.9	83.2	947.0	n/a	n/a	n/a	n/a
152.382	0.006	saccade	n/a	403.8	83.3	n/a	411.5	81.5	0.32	47.0
152.39	0.188	fixation	n/a	415.4	79.6	957.0	n/a	n/a	n/a	n/a
152.58	0.032	saccade	n/a	416.9	78.6	n/a	299.7	64.8	4.75	247.0
152.614	0.286	fixation	n/a	302.7	68.1	963.0	n/a	n/a	n/a	n/a
152.902	0.038	saccade	n/a	304.6	69.4	n/a	131.3	80.3	6.86	322.0
152.942	0.226	fixation	n/a	140.6	81.6	942.0	n/a	n/a	n/a	n/a
153.17	0.006	saccade	n/a	138.7	82.0	n/a	129.0	79.8	0.39	55.0
153.178	0.482	fixation	n/a	128.4	76.5	914.0	n/a	n/a	n/a	n/a
153.662	0.016	saccade	n/a	128.8	77.1	n/a	160.6	66.0	1.32	112.0
153.68	0.42	fixation	n/a	160.9	68.3	890.0	n/a	n/a	n/a	n/a
154.102	0.02	saccade	n/a	161.7	70.5	n/a	218.0	63.7	2.24	176.0
154.124	0.24	fixation	n/a	222.2	63.9	904.0	n/a	n/a	n/a	n/a
154.366	0.018	saccade	n/a	223.1	65.1	n/a	269.4	56.9	1.87	127.0
154.386	0.08	fixation	n/a	271.8	55.7	899.0	n/a	n/a	n/a	n/a
154.468	0.04	saccade	n/a	271.4	57.2	n/a	457.0	72.0	7.46	333.0
154.51	0.05	fixation	n/a	452.1	72.6	927.0	n/a	n/a	n/a	n/a
154.562	0.024	saccade	n/a	451.0	74.9	n/a	533.6	81.0	3.32	259.0
154.588	0.136	fixation	n/a	525.3	78.4	917.0	n/a	n/a	n/a	n/a
154.726	0.018	saccade	n/a	525.1	79.5	n/a	573.9	78.2	1.94	159.0
154.746	0.132	fixation	n/a	572.8	77.9	892.0	n/a	n/a	n/a	n/a
154.88	0.064	saccade	n/a	571.5	79.3	n/a	150.1	119.6	16.67	559.0
154.946	0.268	fixation	n/a	142.9	117.2	872.0	n/a	n/a	n/a	n/a
155.216	0.024	saccade	n/a	142.2	117.9	n/a	213.5	109.5	2.83	206.0
155.242	0.34	fixation	n/a	207.6	110.2	889.0	n/a	n/a	n/a	n/a
155.262	0.0	trigger_11	11	n/a	n/a	n/a	n/a	n/a	n/a	n/a
155.272	0.0	trigger_10	10	n/a	n/a	n/a	n/a	n/a	n/a	n/a
155.584	0.024	saccade	n/a	208.0	110.6	n/a	293.2	120.9	3.41	257.0
155.61	0.264	fixation	n/a	292.4	118.2	922.0	n/a	n/a	n/a	n/a
155.876	0.02	saccade	n/a	293.9	120.7	n/a	346.5	123.9	2.11	178.0
155.898	0.452	fixation	n/a	347.9	125.3	949.0	n/a	n/a	n/a	n/a
156.352	0.006	saccade	n/a	344.6	130.9	n/a	341.1	122.2	0.38	53.0
156.36	0.618	fixation	n/a	340.7	122.6	935.0	n/a	n/a	n/a	n/a
156.98	0.042	saccade	n/a	341.3	131.2	n/a	184.8	75.8	6.62	295.0
157.024	0.118	fixation	n/a	192.8	75.8	865.0	n/a	n/a	n/a	n/a
157.144	0.022	saccade	n/a	193.9	76.6	n/a	134.7	64.8	2.37	189.0
157.168	0.288	fixation	n/a	143.3	68.8	849.0	n/a	n/a	n/a	n/a
157.458	0.014	saccade	n/a	144.1	70.4	n/a	117.7	66.5	1.04	98.0
157.474	0.224	fixation	n/a	126.2	70.3	897.0	n/a	n/a	n/a	n/a
157.7	0.02	saccade	n/a	125.2	72.4	n/a	178.0	65.4	2.09	163.0
157.722	0.248	fixation	n/a	178.8	63.7	908.0	n/a	n/a	n/a	n/a
157.972	0.008	saccade	n/a	177.7	63.8	n/a	165.1	64.6	0.5	61.0
157.982	0.154	fixation	n/a	168.1	66.2	910.0	n/a	n/a	n/a	n/a
158.138	0.058	saccade	n/a	169.9	68.0	n/a	506.5	72.1	13.33	495.0
158.198	0.138	fixation	n/a	515.7	77.6	967.0	n/a	n/a	n/a	n/a
158.338	0.016	saccade	n/a	516.5	81.1	n/a	497.1	76.4	0.8	80.0
158.356	0.022	fixation	n/a	503.5	76.5	963.0	n/a	n/a	n/a	n/a
158.38	0.022	saccade	n/a	502.7	76.3	n/a	574.2	77.1	2.85	218.0
158.404	0.222	fixation	n/a	567.2	78.0	929.0	n/a	n/a	n/a	n/a
158.628	0.062	saccade	n/a	569.2	80.2	n/a	165.9	121.4	16.0	520.0
158.692	0.12	fixation	n/a	162.0	121.6	901.0	n/a	n/a	n/a	n/a
158.814	0.022	saccade	n/a	163.5	121.7	n/a	129.7	123.9	1.32	137.0
158.838	0.462	fixation	n/a	136.5	124.9	917.0	n/a	n/a	n/a	n/a
159.302	0.018	saccade	n/a	137.4	124.6	n/a	181.6	113.6	1.79	138.0
159.322	0.198	fixation	n/a	180.3	113.4	925.0	n/a	n/a	n/a	n/a
159.522	0.022	saccade	n/a	179.1	114.8	n/a	242.5	119.3	2.52	204.0
159.546	0.184	fixation	n/a	238.5	119.7	943.0	n/a	n/a	n/a	n/a
159.732	0.024	saccade	n/a	237.8	122.0	n/a	307.7	124.7	2.8	189.0
159.758	0.308	fixation	n/a	305.9	124.5	947.0	n/a	n/a	n/a	n/a
160.068	0.022	saccade	n/a	305.6	127.9	n/a	368.1	131.0	2.52	181.0
160.092	0.27	fixation	n/a	367.6	129.8	926.0	n/a	n/a	n/a	n/a
160.364	0.022	saccade	n/a	366.8	130.4	n/a	449.6	131.2	3.33	208.0
160.388	0.208	fixation	n/a	467.4	128.6	919.0	n/a	n/a	n/a	n/a
160.598	0.022	saccade	n/a	466.9	129.1	n/a	534.4	129.2	2.71	192.0
160.622	0.316	fixation	n/a	533.8	128.3	905.0	n/a	n/a	n/a	n/a
160.94	0.016	saccade	n/a	534.5	131.2	n/a	494.2	131.7	1.62	142.0
160.958	0.246	fixation	n/a	500.3	131.5	881.0	n/a	n/a	n/a	n/a
161.206	0.02	saccade	n/a	501.1	132.3	n/a	555.6	129.5	2.18	172.0
161.228	0.2	fixation	n/a	560.6	128.3	882.0	n/a	n/a	n/a	n/a
161.43	0.012	saccade	n/a	560.8	127.2	n/a	583.2	125.1	0.89	82.0
161.444	0.25	fixation	n/a	585.4	127.1	896.0	n/a	n/a	n/a	n/a
161.696	0.06	saccade	n/a	587.4	129.4	n/a	115.1	175.4	18.58	498.0
161.758	0.23	fixation	n/a	124.3	175.0	878.0	n/a	n/a	n/a	n/a
161.984	0.0	trigger_11	11	n/a	n/a	n/a	n/a	n/a	n/a	n/a
161.99	0.014	saccade	n/a	123.7	176.2	n/a	110.3	174.7	0.52	68.0
161.998	0.0	trigger_10	10	n/a	n/a	n/a	n/a	n/a	n/a	n/a
162.006	0.606	fixation	n/a	116.1	176.7	824.0	n/a	n/a	n/a	n/a
162.614	0.008	saccade	n/a	115.2	177.9	n/a	104.1	171.0	0.51	60.0
162.624	0.152	fixation	n/a	108.8	172.8	791.0	n/a	n/a	n/a	n/a
162.778	0.044	saccade	n/a	108.3	174.2	n/a	122.0	63.5	4.47	207.0
162.824	0.156	fixation	n/a	124.5	70.7	775.0	n/a	n/a	n/a	n/a
162.982	0.022	saccade	n/a	125.1	73.1	n/a	184.7	58.8	2.4	171.0
163.006	0.122	fixation	n/a	188.3	58.3	776.0	n/a	n/a	n/a	n/a
163.13	0.016	saccade	n/a	188.8	59.6	n/a	156.6	61.2	1.26	107.0
163.148	0.834	fixation	n/a	165.0	65.2	790.0	n/a	n/a	n/a	n/a
163.984	0.02	saccade	n/a	167.8	69.7	n/a	116.4	73.1	2.01	163.0
164.006	0.328	fixation	n/a	127.8	75.6	820.0	n/a	n/a	n/a	n/a
164.336	0.014	saccade	n/a	127.9	77.5	n/a	158.2	67.6	1.25	105.0
164.352	0.264	fixation	n/a	158.2	67.8	807.0	n/a	n/a	n/a	n/a
164.618	0.018	saccade	n/a	157.7	67.2	n/a	199.1	61.6	1.65	139.0
164.638	0.178	fixation	n/a	197.7	60.3	819.0	n/a	n/a	n/a	n/a
164.76	0.0	trigger_11	11	n/a	n/a	n/a	n/a	n/a	n/a	n/a
164.766	0.0	trigger_12	12	n/a	n/a	n/a	n/a	n/a	n/a	n/a
164.818	0.01	saccade	n/a	196.9	62.4	n/a	178.4	64.3	0.73	77.0
164.83	0.136	fixation	n/a	180.6	64.3	844.0	n/a	n/a	n/a	n/a
164.968	0.044	saccade	n/a	180.0	63.9	n/a	449.3	72.1	10.71	407.0
165.014	0.122	fixation	n/a	441.4	71.4	868.0	n/a	n/a	n/a	n/a
165.138	0.022	saccade	n/a	440.1	73.2	n/a	516.8	76.1	3.08	243.0
165.162	0.072	fixation	n/a	516.9	73.1	865.0	n/a	n/a	n/a	n/a
165.236	0.018	saccade	n/a	518.5	75.3	n/a	560.6	75.7	1.68	152.0
165.256	0.148	fixation	n/a	555.8	77.4	869.0	n/a	n/a	n/a	n/a
165.406	0.062	saccade	n/a	556.6	77.2	n/a	171.1	112.1	15.3	537.0
165.47	0.116	fixation	n/a	164.4	112.2	855.0	n/a	n/a	n/a	n/a
165.588	0.022	saccade	n/a	164.9	111.1	n/a	135.9	123.0	1.23	131.0
165.612	0.152	fixation	n/a	140.9	122.4	860.0	n/a	n/a	n/a	n/a
165.766	0.024	saccade	n/a	139.9	124.0	n/a	221.5	114.5	3.24	220.0
165.792	0.22	fixation	n/a	224.9	113.6	866.0	n/a	n/a	n/a	n/a
166.014	0.024	saccade	n/a	223.9	113.8	n/a	294.9	119.0	2.84	223.0
166.04	0.232	fixation	n/a	286.8	117.6	858.0	n/a	n/a	n/a	n/a
166.274	0.022	saccade	n/a	288.1	119.7	n/a	244.2	73.4	2.57	218.0
166.298	0.252	fixation	n/a	245.3	67.1	838.0	n/a	n/a	n/a	n/a
166.552	0.03	saccade	n/a	245.8	70.2	n/a	147.5	68.5	3.88	230.0
166.584	0.192	fixation	n/a	155.4	72.9	838.0	n/a	n/a	n/a	n/a
166.778	0.008	saccade	n/a	154.5	73.3	n/a	141.8	71.2	0.5	65.0
166.788	0.296	fixation	n/a	142.9	74.1	833.0	n/a	n/a	n/a	n/a
167.086	0.01	saccade	n/a	142.6	75.6	n/a	157.8	64.4	0.75	81.0
167.098	0.152	fixation	n/a	157.7	64.8	853.0	n/a	n/a	n/a	n/a
167.252	0.022	saccade	n/a	156.7	65.6	n/a	224.5	60.3	2.68	204.0
167.276	0.15	fixation	n/a	223.9	59.8	844.0	n/a	n/a	n/a	n/a
167.428	0.022	saccade	n/a	224.6	61.0	n/a	279.7	55.8	2.21	156.0
167.452	0.174	fixation	n/a	279.8	56.9	843.0	n/a	n/a	n/a	n/a
167.628	0.024	saccade	n/a	281.0	59.3	n/a	357.5	69.6	3.1	233.0
167.654	0.28	fixation	n/a	350.7	67.1	871.0	n/a	n/a	n/a	n/a
167.936	0.02	saccade	n/a	349.5	68.5	n/a	394.6	70.7	1.82	154.0
167.958	0.126	fixation	n/a	392.3	70.4	891.0	n/a	n/a	n/a	n/a
168.086	0.02	saccade	n/a	391.8	70.9	n/a	448.0	72.7	2.26	165.0
168.108	0.128	fixation	n/a	450.6	72.2	903.0	n/a	n/a	n/a	n/a
168.238	0.024	saccade	n/a	450.4	74.7	n/a	517.0	74.5	2.67	184.0
168.264	0.162	fixation	n/a	517.4	74.2	920.0	n/a	n/a	n/a	n/a
168.428	0.064	saccade	n/a	516.1	74.3	n/a	156.0	117.6	14.37	488.0
168.494	0.318	fixation	n/a	151.1	120.4	932.0	n/a	n/a	n/a	n/a
168.814	0.018	saccade	n/a	153.2	124.4	n/a	190.2	119.0	1.47	138.0
168.834	0.316	fixation	n/a	183.7	121.0	907.0	n/a	n/a	n/a	n/a
169.152	0.114	saccade	n/a	192.6	116.8	n/a	218.0	109.3	1.05	579.0
169.268	0.324	fixation	n/a	219.8	125.3	892.0	n/a	n/a	n/a	n/a
169.594	0.012	saccade	n/a	221.2	124.2	n/a	245.6	120.9	0.98	96.0
169.608	0.484	fixation	n/a	240.9	118.7	846.0	n/a	n/a	n/a	n/a
169.704	0.0	trigger_13	13	n/a	n/a	n/a	n/a	n/a	n/a	n/a
169.718	0.0	trigger_10	10	n/a	n/a	n/a	n/a	n/a	n/a	n/a
170.094	0.02	saccade	n/a	241.2	121.9	n/a	248.7	67.1	2.25	153.0
170.116	0.224	fixation	n/a	252.1	65.1	834.0	n/a	n/a	n/a	n/a
170.342	0.028	saccade	n/a	254.1	66.7	n/a	140.8	64.0	4.47	301.0
170.372	0.292	fixation	n/a	146.5	69.6	827.0	n/a	n/a	n/a	n/a
170.666	0.01	saccade	n/a	147.4	70.3	n/a	129.5	62.8	0.76	82.0
170.678	0.53	fixation	n/a	134.7	67.9	854.0	n/a	n/a	n/a	n/a
171.21	0.01	saccade	n/a	133.0	70.8	n/a	116.5	67.1	0.66	71.0
171.222	0.306	fixation	n/a	125.0	72.9	885.0	n/a	n/a	n/a	n/a
171.53	0.008	saccade	n/a	128.0	77.0	n/a	115.5	70.5	0.55	70.0
171.54	0.42	fixation	n/a	120.0	74.2	916.0	n/a	n/a	n/a	n/a
171.962	0.018	saccade	n/a	120.0	77.0	n/a	160.5	69.9	1.6	130.0
171.982	0.346	fixation	n/a	154.5	70.3	918.0	n/a	n/a	n/a	n/a
172.33	0.018	saccade	n/a	151.8	73.4	n/a	194.2	67.7	1.68	135.0
172.35	0.352	fixation	n/a	192.2	67.6	924.0	n/a	n/a	n/a	n/a
172.704	0.02	saccade	n/a	191.6	69.0	n/a	249.8	65.8	2.31	175.0
172.726	0.204	fixation	n/a	248.2	66.3	966.0	n/a	n/a	n/a	n/a
172.932	0.086	saccade	n/a	247.4	70.4	n/a	513.8	77.9	10.64	294.0
173.02	0.104	fixation	n/a	516.1	76.9	1009.0	n/a	n/a	n/a	n/a
173.126	0.02	saccade	n/a	515.1	77.4	n/a	564.4	79.0	1.97	148.0
173.148	0.084	fixation	n/a	559.0	77.3	986.0	n/a	n/a	n/a	n/a
173.234	0.014	saccade	n/a	559.5	79.0	n/a	588.2	80.6	1.14	100.0
173.25	0.07	fixation	n/a	584.2	79.3	947.0	n/a	n/a	n/a	n/a
173.322	0.066	saccade	n/a	585.4	80.6	n/a	158.3	116.6	16.91	579.0
173.39	0.138	fixation	n/a	151.6	116.4	884.0	n/a	n/a	n/a	n/a
173.53	0.01	saccade	n/a	152.0	115.5	n/a	133.8	120.4	0.74	77.0
173.542	0.152	fixation	n/a	137.8	120.6	870.0	n/a	n/a	n/a	n/a
173.696	0.026	saccade	n/a	138.5	121.6	n/a	224.6	109.8	3.42	214.0
173.724	0.214	fixation	n/a	221.7	110.1	890.0	n/a	n/a	n/a	n/a
173.94	0.024	saccade	n/a	221.4	111.7	n/a	305.7	121.9	3.39	249.0
173.966	0.162	fixation	n/a	303.6	120.2	913.0	n/a	n/a	n/a	n/a
174.13	0.022	saccade	n/a	303.6	122.6	n/a	380.3	127.3	3.09	245.0
174.154	0.304	fixation	n/a	385.5	126.1	929.0	n/a	n/a	n/a	n/a
174.46	0.024	saccade	n/a	384.4	127.6	n/a	459.0	127.0	3.0	216.0
174.486	0.728	fixation	n/a	455.4	128.2	927.0	n/a	n/a	n/a	n/a
175.04	0.0	trigger_11	11	n/a	n/a	n/a	n/a	n/a	n/a	n/a
175.05	0.0	trigger_10	10	n/a	n/a	n/a	n/a	n/a	n/a	n/a
175.216	0.016	saccade	n/a	454.6	131.8	n/a	495.1	128.2	1.63	140.0
175.234	0.184	fixation	n/a	498.0	128.2	962.0	n/a	n/a	n/a	n/a
175.42	0.02	saccade	n/a	497.5	129.9	n/a	562.9	128.6	2.62	191.0
175.442	0.178	fixation	n/a	572.1	126.3	969.0	n/a	n/a	n/a	n/a
175.622	0.066	saccade	n/a	573.9	127.5	n/a	167.2	167.4	16.12	498.0
175.69	0.124	fixation	n/a	159.7	164.8	950.0	n/a	n/a	n/a	n/a
175.816	0.016	saccade	n/a	157.7	164.0	n/a	120.7	173.3	1.49	116.0
175.834	0.178	fixation	n/a	131.3	173.3	936.0	n/a	n/a	n/a	n/a
176.014	0.026	saccade	n/a	130.1	174.9	n/a	234.7	179.0	4.11	292.0
176.042	0.314	fixation	n/a	239.9	182.9	946.0	n/a	n/a	n/a	n/a
176.358	0.016	saccade	n/a	240.4	186.2	n/a	275.6	187.6	1.4	116.0
176.376	0.204	fixation	n/a	271.3	186.4	935.0	n/a	n/a	n/a	n/a
176.582	0.018	saccade	n/a	271.6	185.7	n/a	310.8	182.5	1.57	137.0
176.602	0.23	fixation	n/a	305.7	182.5	896.0	n/a	n/a	n/a	n/a
176.834	0.054	saccade	n/a	305.9	185.1	n/a	175.8	88.8	6.47	198.0
176.89	0.166	fixation	n/a	154.2	84.1	856.0	n/a	n/a	n/a	n/a
177.058	0.02	saccade	n/a	151.9	82.9	n/a	129.2	63.3	1.19	113.0
177.08	0.262	fixation	n/a	135.6	70.1	860.0	n/a	n/a	n/a	n/a
177.344	0.02	saccade	n/a	135.4	73.2	n/a	188.2	58.4	2.15	159.0
177.366	0.22	fixation	n/a	188.1	61.0	924.0	n/a	n/a	n/a	n/a
177.588	0.024	saccade	n/a	189.5	61.8	n/a	259.1	55.5	2.77	193.0
177.614	0.338	fixation	n/a	252.2	55.2	939.0	n/a	n/a	n/a	n/a
177.954	0.024	saccade	n/a	254.0	60.4	n/a	339.9	68.9	3.45	268.0
177.98	0.212	fixation	n/a	343.3	69.8	994.0	n/a	n/a	n/a	n/a
178.194	0.016	saccade	n/a	345.2	73.6	n/a	379.8	73.4	1.39	119.0
178.212	0.168	fixation	n/a	379.3	75.1	998.0	n/a	n/a	n/a	n/a
178.382	0.022	saccade	n/a	380.8	78.7	n/a	447.7	79.2	2.69	204.0
178.406	0.172	fixation	n/a	453.3	77.9	1001.0	n/a	n/a	n/a	n/a
178.58	0.02	saccade	n/a	451.9	80.1	n/a	522.8	81.1	2.84	206.0
178.602	0.248	fixation	n/a	534.4	80.2	984.0	n/a	n/a	n/a	n/a
178.852	0.052	saccade	n/a	534.2	82.3	n/a	182.4	111.9	14.01	454.0
178.906	0.124	fixation	n/a	191.6	112.9	935.0	n/a	n/a	n/a	n/a
179.032	0.022	saccade	n/a	191.7	113.7	n/a	128.5	122.9	2.51	202.0
179.056	0.212	fixation	n/a	137.1	124.8	902.0	n/a	n/a	n/a	n/a
179.27	0.016	saccade	n/a	137.3	125.2	n/a	123.1	124.7	0.55	61.0
179.288	0.146	fixation	n/a	127.6	124.7	897.0	n/a	n/a	n/a	n/a
179.436	0.024	saccade	n/a	126.4	124.6	n/a	205.7	110.6	3.16	210.0
179.462	0.342	fixation	n/a	208.3	112.8	893.0	n/a	n/a	n/a	n/a
179.806	0.022	saccade	n/a	207.1	115.1	n/a	272.6	122.6	2.62	210.0
179.83	0.156	fixation	n/a	274.7	120.7	917.0	n/a	n/a	n/a	n/a
179.988	0.022	saccade	n/a	273.5	122.1	n/a	349.8	129.7	3.08	223.0
180.012	0.162	fixation	n/a	352.2	126.5	910.0	n/a	n/a	n/a	n/a
180.176	0.014	saccade	n/a	352.6	127.6	n/a	322.9	122.1	1.22	113.0
180.192	0.242	fixation	n/a	330.2	121.3	878.0	n/a	n/a	n/a	n/a
180.436	0.02	saccade	n/a	333.0	123.3	n/a	387.0	126.9	2.18	178.0
180.458	0.18	fixation	n/a	394.3	125.0	856.0	n/a	n/a	n/a	n/a
180.64	0.022	saccade	n/a	395.2	126.0	n/a	470.8	128.4	3.04	222.0
180.664	0.218	fixation	n/a	473.2	126.0	856.0	n/a	n/a	n/a	n/a
180.884	0.024	saccade	n/a	474.6	127.2	n/a	558.0	127.1	3.34	230.0
180.91	0.158	fixation	n/a	556.1	126.3	854.0	n/a	n/a	n/a	n/a
181.07	0.068	saccade	n/a	557.6	126.1	n/a	138.0	165.7	16.6	486.0
181.14	0.148	fixation	n/a	131.1	168.6	811.0	n/a	n/a	n/a	n/a
181.29	0.018	saccade	n/a	131.3	169.4	n/a	110.7	174.7	0.83	88.0
181.31	0.156	fixation	n/a	116.1	174.1	801.0	n/a	n/a	n/a	n/a
181.468	0.032	saccade	n/a	117.6	174.0	n/a	121.4	84.8	3.58	231.0
181.502	0.24	fixation	n/a	128.3	71.5	783.0	n/a	n/a	n/a	n/a
181.608	0.0	trigger_11	11	n/a	n/a	n/a	n/a	n/a	n/a	n/a
181.618	0.0	trigger_10	10	n/a	n/a	n/a	n/a	n/a	n/a	n/a
181.744	0.018	saccade	n/a	129.3	73.0	n/a	172.7	61.1	1.76	150.0
181.764	0.146	fixation	n/a	168.9	62.2	776.0	n/a	n/a	n/a	n/a
181.912	0.02	saccade	n/a	170.3	63.8	n/a	123.4	65.6	1.83	153.0
181.934	0.394	fixation	n/a	132.9	69.1	805.0	n/a	n/a	n/a	n/a
182.33	0.024	saccade	n/a	131.5	70.4	n/a	222.6	61.9	3.6	262.0
182.356	0.2	fixation	n/a	223.3	61.9	820.0	n/a	n/a	n/a	n/a
182.558	0.022	saccade	n/a	223.9	61.9	n/a	286.7	53.0	2.53	183.0
182.582	0.206	fixation	n/a	287.4	54.3	832.0	n/a	n/a	n/a	n/a
182.79	0.02	saccade	n/a	288.6	55.7	n/a	354.8	62.2	2.67	196.0
182.812	0.224	fixation	n/a	361.3	60.7	832.0	n/a	n/a	n/a	n/a
183.038	0.028	saccade	n/a	362.0	60.8	n/a	404.6	141.3	3.71	242.0
183.068	0.292	fixation	n/a	402.8	134.4	866.0	n/a	n/a	n/a	n/a
183.362	0.056	saccade	n/a	403.0	137.4	n/a	134.2	132.7	10.65	373.0
183.42	0.152	fixation	n/a	132.1	134.6	828.0	n/a	n/a	n/a	n/a
183.574	0.024	saccade	n/a	134.1	134.0	n/a	138.8	56.4	3.12	242.0
183.6	0.286	fixation	n/a	142.3	72.3	795.0	n/a	n/a	n/a	n/a
183.888	0.008	saccade	n/a	143.0	74.3	n/a	129.0	68.7	0.59	71.0
183.898	0.26	fixation	n/a	132.8	69.6	819.0	n/a	n/a	n/a	n/a
184.16	0.008	saccade	n/a	132.5	70.7	n/a	119.4	68.7	0.52	63.0
184.17	0.296	fixation	n/a	124.2	69.3	859.0	n/a	n/a	n/a	n/a
184.468	0.02	saccade	n/a	122.8	72.5	n/a	181.6	62.9	2.33	166.0
184.49	0.328	fixation	n/a	184.3	65.9	912.0	n/a	n/a	n/a	n/a
184.82	0.008	saccade	n/a	183.8	69.5	n/a	172.1	68.6	0.46	56.0
184.83	0.238	fixation	n/a	173.1	70.2	947.0	n/a	n/a	n/a	n/a
185.07	0.024	saccade	n/a	174.1	71.7	n/a	256.7	67.2	3.28	232.0
185.096	0.216	fixation	n/a	257.6	65.2	944.0	n/a	n/a	n/a	n/a
185.314	0.024	saccade	n/a	254.8	65.8	n/a	355.6	74.2	4.05	298.0
185.34	0.056	fixation	n/a	371.6	73.6	950.0	n/a	n/a	n/a	n/a
185.398	0.022	saccade	n/a	372.4	75.8	n/a	457.2	77.3	3.41	264.0
185.422	0.124	fixation	n/a	448.1	74.5	957.0	n/a	n/a	n/a	n/a
185.548	0.026	saccade	n/a	445.8	75.0	n/a	529.5	71.1	3.36	223.0
185.576	0.04	fixation	n/a	526.1	72.5	951.0	n/a	n/a	n/a	n/a
185.618	0.022	saccade	n/a	527.3	75.0	n/a	564.8	75.9	1.49	143.0
185.642	0.294	fixation	n/a	555.7	73.8	920.0	n/a	n/a	n/a	n/a
185.938	0.022	saccade	n/a	556.2	73.0	n/a	488.1	68.1	2.73	225.0
185.962	0.23	fixation	n/a	495.6	70.4	900.0	n/a	n/a	n/a	n/a
186.194	0.022	saccade	n/a	494.0	71.0	n/a	548.4	73.4	2.18	183.0
186.218	0.204	fixation	n/a	542.0	70.1	899.0	n/a	n/a	n/a	n/a
186.424	0.016	saccade	n/a	540.0	69.6	n/a	576.0	72.9	1.44	131.0
186.442	0.21	fixation	n/a	572.2	71.8	900.0	n/a	n/a	n/a	n/a
186.654	0.064	saccade	n/a	573.4	72.7	n/a	167.6	111.1	16.08	520.0
186.72	0.116	fixation	n/a	155.6	113.2	893.0	n/a	n/a	n/a	n/a
186.838	0.022	saccade	n/a	155.9	113.2	n/a	118.4	120.1	1.49	158.0
186.862	0.282	fixation	n/a	125.4	119.5	879.0	n/a	n/a	n/a	n/a
187.146	0.008	saccade	n/a	128.2	121.0	n/a	140.2	115.8	0.51	63.0
187.156	0.144	fixation	n/a	141.8	117.1	864.0	n/a	n/a	n/a	n/a
187.302	0.018	saccade	n/a	142.4	117.9	n/a	105.4	117.4	1.44	126.0
187.322	0.702	fixation	n/a	118.2	117.9	859.0	n/a	n/a	n/a	n/a
188.026	0.022	saccade	n/a	118.5	117.9	n/a	184.6	114.0	2.59	174.0
188.05	0.322	fixation	n/a	186.6	114.9	866.0	n/a	n/a	n/a	n/a
188.374	0.054	saccade	n/a	185.9	117.0	n/a	565.3	71.1	15.11	456.0
188.43	0.126	fixation	n/a	555.9	76.9	904.0	n/a	n/a	n/a	n/a
188.558	0.018	saccade	n/a	555.4	79.4	n/a	588.3	69.7	1.36	127.0
188.578	0.348	fixation	n/a	581.8	74.7	889.0	n/a	n/a	n/a	n/a
188.928	0.098	saccade	n/a	582.9	79.1	n/a	215.7	110.7	14.63	246.0
189.028	0.148	fixation	n/a	187.0	131.7	832.0	n/a	n/a	n/a	n/a
189.178	0.006	saccade	n/a	184.1	131.1	n/a	183.6	122.5	0.35	52.0
189.186	0.136	fixation	n/a	184.8	122.7	805.0	n/a	n/a	n/a	n/a
189.324	0.026	saccade	n/a	185.0	124.1	n/a	277.7	109.2	3.73	252.0
189.352	0.2	fixation	n/a	280.1	108.4	798.0	n/a	n/a	n/a	n/a
189.554	0.026	saccade	n/a	280.6	110.2	n/a	387.6	125.3	4.34	307.0
189.582	0.132	fixation	n/a	382.6	121.4	825.0	n/a	n/a	n/a	n/a
189.716	0.022	saccade	n/a	384.7	121.5	n/a	321.9	113.2	2.55	226.0
189.74	0.462	fixation	n/a	329.2	116.4	836.0	n/a	n/a	n/a	n/a
190.204	0.016	saccade	n/a	327.4	118.0	n/a	291.5	111.1	1.47	132.0
190.222	0.23	fixation	n/a	301.8	114.5	852.0	n/a	n/a	n/a	n/a
190.454	0.026	saccade	n/a	302.2	116.4	n/a	400.7	128.5	3.99	270.0
190.482	0.62	fixation	n/a	407.4	127.2	902.0	n/a	n/a	n/a	n/a
191.104	0.022	saccade	n/a	409.0	129.7	n/a	473.8	126.8	2.61	179.0
191.128	0.366	fixation	n/a	472.6	127.8	920.0	n/a	n/a	n/a	n/a
191.496	0.018	saccade	n/a	472.1	130.3	n/a	490.7	127.6	0.76	48.0
191.516	0.134	fixation	n/a	511.2	130.6	960.0	n/a	n/a	n/a	n/a
191.652	0.062	saccade	n/a	511.4	131.2	n/a	166.1	169.5	13.76	481.0
191.716	0.12	fixation	n/a	155.6	169.3	920.0	n/a	n/a	n/a	n/a
191.838	0.022	saccade	n/a	156.0	170.7	n/a	123.4	181.1	1.34	126.0
191.862	0.352	fixation	n/a	131.4	181.0	916.0	n/a	n/a	n/a	n/a
192.216	0.018	saccade	n/a	131.5	183.2	n/a	174.7	176.5	1.71	147.0
192.236	0.242	fixation	n/a	168.3	176.5	884.0	n/a	n/a	n/a	n/a
192.48	0.024	saccade	n/a	168.9	178.3	n/a	253.7	181.6	3.35	245.0
192.506	0.28	fixation	n/a	256.1	184.0	898.0	n/a	n/a	n/a	n/a
192.788	0.03	saccade	n/a	255.2	185.8	n/a	355.1	185.3	4.0	222.0
192.82	0.134	fixation	n/a	353.7	187.3	909.0	n/a	n/a	n/a	n/a
192.956	0.022	saccade	n/a	352.8	188.0	n/a	421.2	190.3	2.75	191.0
192.98	0.14	fixation	n/a	418.4	188.7	906.0	n/a	n/a	n/a	n/a
193.122	0.022	saccade	n/a	417.3	189.3	n/a	484.9	186.8	2.72	189.0
193.146	0.154	fixation	n/a	495.5	185.7	896.0	n/a	n/a	n/a	n/a
193.302	0.022	saccade	n/a	498.6	189.6	n/a	565.2	186.9	2.66	202.0
193.326	0.81	fixation	n/a	580.3	185.3	880.0	n/a	n/a	n/a	n/a
194.138	0.066	saccade	n/a	590.3	186.2	n/a	178.4	237.4	16.35	496.0
194.206	0.12	fixation	n/a	172.1	240.2	922.0	n/a	n/a	n/a	n/a
194.328	0.022	saccade	n/a	172.0	241.5	n/a	125.3	245.7	1.82	177.0
194.338	0.0	trigger_11	11	n/a	n/a	n/a	n/a	n/a	n/a	n/a
194.35	0.0	trigger_10	10	n/a	n/a	n/a	n/a	n/a	n/a	n/a
194.352	0.124	fixation	n/a	138.6	248.3	920.0	n/a	n/a	n/a	n/a
194.478	0.174	saccade	n/a	155.3	252.7	n/a	163.8	252.4	0.33	943.0
194.506	0.088	blink	n/a	n/a	n/a	n/a	n/a	n/a	n/a	n/a
194.654	0.53	fixation	n/a	163.1	258.3	928.0	n/a	n/a	n/a	n/a
195.186	0.04	saccade	n/a	159.9	258.8	n/a	122.9	76.7	7.42	378.0
195.228	0.244	fixation	n/a	126.8	85.8	857.0	n/a	n/a	n/a	n/a
195.474	0.016	saccade	n/a	126.7	87.0	n/a	143.0	72.6	0.86	93.0
195.492	0.352	fixation	n/a	138.6	77.9	852.0	n/a	n/a	n/a	n/a
195.846	0.014	saccade	n/a	136.8	81.4	n/a	120.8	80.2	0.62	70.0
195.862	0.36	fixation	n/a	126.4	82.1	881.0	n/a	n/a	n/a	n/a
196.224	0.014	saccade	n/a	123.6	82.9	n/a	115.3	78.9	0.36	51.0
196.24	0.334	fixation	n/a	120.1	80.6	879.0	n/a	n/a	n/a	n/a
196.576	0.018	saccade	n/a	118.5	80.7	n/a	164.7	73.7	1.82	149.0
196.596	0.168	fixation	n/a	163.6	70.5	936.0	n/a	n/a	n/a	n/a
196.766	0.024	saccade	n/a	163.3	68.6	n/a	237.2	63.0	2.93	201.0
196.792	0.2	fixation	n/a	234.7	60.0	925.0	n/a	n/a	n/a	n/a
196.954	0.0	trigger_11	11	n/a	n/a	n/a	n/a	n/a	n/a	n/a
196.966	0.0	trigger_10	10	n/a	n/a	n/a	n/a	n/a	n/a	n/a
196.994	0.018	saccade	n/a	235.2	59.4	n/a	282.4	61.2	1.88	164.0
197.014	0.144	fixation	n/a	283.1	61.3	935.0	n/a	n/a	n/a	n/a
197.16	0.044	saccade	n/a	286.3	65.5	n/a	506.4	74.8	8.81	408.0
197.206	0.082	fixation	n/a	502.6	74.4	989.0	n/a	n/a	n/a	n/a
197.29	0.024	saccade	n/a	501.5	74.8	n/a	569.0	75.6	2.69	187.0
197.316	0.108	fixation	n/a	556.1	72.3	995.0	n/a	n/a	n/a	n/a
197.426	0.018	saccade	n/a	554.5	68.4	n/a	599.3	69.6	1.78	134.0
197.446	0.086	fixation	n/a	596.0	71.2	994.0	n/a	n/a	n/a	n/a
197.534	0.068	saccade	n/a	596.9	71.6	n/a	154.9	112.8	17.48	570.0
197.604	0.334	fixation	n/a	146.8	118.2	977.0	n/a	n/a	n/a	n/a
197.94	0.028	saccade	n/a	147.2	120.1	n/a	260.0	123.3	4.45	285.0
197.97	0.234	fixation	n/a	254.4	123.0	1009.0	n/a	n/a	n/a	n/a
198.206	0.024	saccade	n/a	251.2	120.9	n/a	328.5	126.6	3.1	212.0
198.232	0.198	fixation	n/a	328.5	125.1	1003.0	n/a	n/a	n/a	n/a
198.432	0.026	saccade	n/a	325.9	124.2	n/a	411.7	126.7	3.45	201.0
198.46	0.214	fixation	n/a	412.7	127.9	1011.0	n/a	n/a	n/a	n/a
198.676	0.024	saccade	n/a	412.4	131.9	n/a	485.1	129.2	2.93	192.0
198.702	0.45	fixation	n/a	479.6	131.1	1002.0	n/a	n/a	n/a	n/a
199.154	0.05	saccade	n/a	479.6	132.2	n/a	141.4	85.5	13.53	466.0
199.206	0.174	fixation	n/a	141.0	83.3	988.0	n/a	n/a	n/a	n/a
199.382	0.014	saccade	n/a	139.6	81.7	n/a	130.0	75.2	0.46	59.0
199.398	0.158	fixation	n/a	133.1	78.0	954.0	n/a	n/a	n/a	n/a
199.558	0.024	saccade	n/a	131.5	77.1	n/a	219.1	62.1	3.49	255.0
199.584	0.246	fixation	n/a	217.9	63.2	977.0	n/a	n/a	n/a	n/a
199.832	0.028	saccade	n/a	218.9	67.9	n/a	345.4	74.5	5.06	335.0
199.862	0.142	fixation	n/a	344.3	74.8	1003.0	n/a	n/a	n/a	n/a
200.006	0.022	saccade	n/a	346.8	77.0	n/a	295.1	72.0	2.08	199.0
200.03	0.188	fixation	n/a	307.3	76.0	982.0	n/a	n/a	n/a	n/a
200.22	0.03	saccade	n/a	306.3	76.7	n/a	422.6	79.6	4.68	252.0
200.252	0.172	fixation	n/a	420.5	77.5	991.0	n/a	n/a	n/a	n/a
200.426	0.02	saccade	n/a	420.9	78.9	n/a	478.6	76.2	2.32	180.0
200.448	0.164	fixation	n/a	477.5	73.7	1066.0	n/a	n/a	n/a	n/a
200.614	0.02	saccade	n/a	477.0	72.0	n/a	533.0	70.4	2.25	173.0
200.636	0.186	fixation	n/a	528.8	67.3	1131.0	n/a	n/a	n/a	n/a
200.824	0.014	saccade	n/a	527.5	70.0	n/a	556.3	64.9	1.17	102.0
200.84	0.134	fixation	n/a	556.1	68.4	1116.0	n/a	n/a	n/a	n/a
200.976	0.066	saccade	n/a	559.0	71.7	n/a	152.0	118.8	16.17	523.0
201.044	0.118	fixation	n/a	139.7	116.6	1080.0	n/a	n/a	n/a	n/a
201.164	0.012	saccade	n/a	138.9	116.7	n/a	115.9	121.2	0.91	83.0
201.178	0.464	fixation	n/a	116.5	123.6	1083.0	n/a	n/a	n/a	n/a
201.644	0.024	saccade	n/a	110.5	126.1	n/a	190.6	127.7	3.13	227.0
201.67	0.154	fixation	n/a	185.7	129.9	1088.0	n/a	n/a	n/a	n/a
201.826	0.026	saccade	n/a	184.0	131.0	n/a	276.4	131.3	3.67	252.0
201.854	0.216	fixation	n/a	268.7	131.1	1097.0	n/a	n/a	n/a	n/a
202.072	0.02	saccade	n/a	264.4	130.0	n/a	311.1	131.2	1.87	144.0
202.094	0.536	fixation	n/a	305.0	133.2	1096.0	n/a	n/a	n/a	n/a
202.632	0.01	saccade	n/a	306.7	132.9	n/a	291.8	126.6	0.65	71.0
202.644	0.324	fixation	n/a	296.8	128.3	1088.0	n/a	n/a	n/a	n/a
202.97	0.016	saccade	n/a	296.0	128.9	n/a	331.7	130.6	1.44	126.0
202.988	0.106	fixation	n/a	326.7	129.7	1105.0	n/a	n/a	n/a	n/a
203.096	0.022	saccade	n/a	327.0	130.7	n/a	390.2	130.5	2.54	186.0
203.12	0.1	fixation	n/a	386.8	130.8	1106.0	n/a	n/a	n/a	n/a
203.222	0.024	saccade	n/a	388.7	134.3	n/a	459.0	131.2	2.83	203.0
203.248	0.184	fixation	n/a	452.6	128.9	1087.0	n/a	n/a	n/a	n/a
203.434	0.024	saccade	n/a	451.6	130.2	n/a	532.0	127.8	3.22	215.0
203.46	0.184	fixation	n/a	529.0	126.4	1070.0	n/a	n/a	n/a	n/a
203.646	0.022	saccade	n/a	528.3	127.4	n/a	595.4	124.2	2.67	187.0
203.67	0.328	fixation	n/a	593.4	126.8	1041.0	n/a	n/a	n/a	n/a
204.0	0.068	saccade	n/a	594.4	129.2	n/a	172.7	178.0	16.72	497.0
204.07	0.134	fixation	n/a	163.2	178.1	1057.0	n/a	n/a	n/a	n/a
204.098	0.0	trigger_11	11	n/a	n/a	n/a	n/a	n/a	n/a	n/a
204.114	0.0	trigger_12	12	n/a	n/a	n/a	n/a	n/a	n/a	n/a
204.206	0.02	saccade	n/a	162.7	178.2	n/a	119.1	180.5	1.7	140.0
204.228	0.138	fixation	n/a	132.0	182.6	1025.0	n/a	n/a	n/a	n/a
204.368	0.026	saccade	n/a	131.4	183.4	n/a	236.8	187.2	4.14	291.0
204.396	0.126	fixation	n/a	237.9	187.8	1024.0	n/a	n/a	n/a	n/a
204.524	0.024	saccade	n/a	238.2	189.9	n/a	320.9	192.8	3.3	235.0
204.55	0.318	fixation	n/a	315.3	191.4	1000.0	n/a	n/a	n/a	n/a
204.87	0.008	saccade	n/a	313.3	192.4	n/a	301.8	190.1	0.47	58.0
204.88	0.096	fixation	n/a	304.4	190.4	980.0	n/a	n/a	n/a	n/a
204.978	0.016	saccade	n/a	304.4	192.5	n/a	338.0	187.8	1.36	115.0
204.996	0.106	fixation	n/a	338.4	187.9	950.0	n/a	n/a	n/a	n/a
205.104	0.022	saccade	n/a	337.7	187.5	n/a	402.5	193.3	2.61	202.0
205.128	0.254	fixation	n/a	394.6	191.1	930.0	n/a	n/a	n/a	n/a
205.384	0.006	saccade	n/a	397.1	189.7	n/a	407.3	189.1	0.41	56.0
205.392	0.238	fixation	n/a	407.6	189.2	935.0	n/a	n/a	n/a	n/a
205.632	0.064	saccade	n/a	409.3	191.0	n/a	184.0	69.1	10.23	381.0
205.698	0.112	fixation	n/a	192.5	72.2	862.0	n/a	n/a	n/a	n/a
205.812	0.024	saccade	n/a	193.5	73.8	n/a	125.5	79.5	2.68	224.0
205.838	0.164	fixation	n/a	137.6	81.1	875.0	n/a	n/a	n/a	n/a
206.004	0.006	saccade	n/a	136.3	81.0	n/a	134.4	71.2	0.4	58.0
206.012	0.348	fixation	n/a	136.5	73.9	911.0	n/a	n/a	n/a	n/a
206.362	0.02	saccade	n/a	136.6	74.3	n/a	189.0	66.8	2.07	170.0
206.384	0.138	fixation	n/a	183.7	66.5	966.0	n/a	n/a	n/a	n/a
206.524	0.024	saccade	n/a	183.7	68.3	n/a	260.4	69.7	3.04	230.0
206.55	0.216	fixation	n/a	255.2	69.2	991.0	n/a	n/a	n/a	n/a
206.768	0.032	saccade	n/a	252.6	70.6	n/a	380.7	80.1	5.15	296.0
206.802	0.224	fixation	n/a	380.4	80.9	1021.0	n/a	n/a	n/a	n/a
207.028	0.03	saccade	n/a	382.2	84.4	n/a	491.8	76.3	4.42	222.0
207.06	0.466	fixation	n/a	490.0	78.0	1036.0	n/a	n/a	n/a	n/a
207.528	0.06	saccade	n/a	487.2	77.8	n/a	168.2	120.9	12.78	490.0
207.59	0.124	fixation	n/a	156.5	119.9	1002.0	n/a	n/a	n/a	n/a
207.716	0.018	saccade	n/a	156.3	120.2	n/a	113.3	122.7	1.68	136.0
207.736	0.27	fixation	n/a	124.4	124.5	1002.0	n/a	n/a	n/a	n/a
208.008	0.026	saccade	n/a	123.6	127.3	n/a	224.9	126.3	3.98	285.0
208.036	0.286	fixation	n/a	222.0	124.3	1004.0	n/a	n/a	n/a	n/a
208.324	0.018	saccade	n/a	223.3	124.3	n/a	192.2	118.7	1.25	116.0
208.344	0.204	fixation	n/a	200.4	122.8	982.0	n/a	n/a	n/a	n/a
208.55	0.058	saccade	n/a	199.3	122.7	n/a	462.8	75.6	10.67	468.0
208.61	0.332	fixation	n/a	474.1	77.8	992.0	n/a	n/a	n/a	n/a
208.944	0.018	saccade	n/a	476.4	81.9	n/a	525.9	75.1	2.0	169.0
208.964	0.27	fixation	n/a	519.0	76.4	990.0	n/a	n/a	n/a	n/a
209.236	0.008	saccade	n/a	520.7	78.3	n/a	534.9	78.0	0.57	69.0
209.246	0.036	fixation	n/a	536.4	77.0	983.0	n/a	n/a	n/a	n/a
209.284	0.062	saccade	n/a	535.5	77.4	n/a	176.2	111.7	14.3	482.0
209.348	0.12	fixation	n/a	165.6	112.3	972.0	n/a	n/a	n/a	n/a
209.47	0.022	saccade	n/a	166.3	111.4	n/a	134.2	125.2	1.37	146.0
209.494	0.554	fixation	n/a	140.7	123.0	975.0	n/a	n/a	n/a	n/a
210.05	0.022	saccade	n/a	140.6	122.1	n/a	212.7	122.0	2.84	221.0
210.074	0.228	fixation	n/a	211.2	119.4	988.0	n/a	n/a	n/a	n/a
210.304	0.02	saccade	n/a	212.5	121.3	n/a	275.4	126.5	2.51	215.0
210.326	0.242	fixation	n/a	267.7	124.5	1007.0	n/a	n/a	n/a	n/a
210.57	0.026	saccade	n/a	268.5	124.5	n/a	143.1	116.6	4.97	334.0
210.598	0.228	fixation	n/a	137.1	120.7	951.0	n/a	n/a	n/a	n/a
210.828	0.018	saccade	n/a	138.0	122.1	n/a	112.5	123.9	0.99	111.0
210.848	0.164	fixation	n/a	119.0	124.4	928.0	n/a	n/a	n/a	n/a
211.014	0.02	saccade	n/a	120.7	125.4	n/a	126.5	72.7	2.13	167.0
211.036	0.134	fixation	n/a	132.5	78.2	924.0	n/a	n/a	n/a	n/a
211.172	0.018	saccade	n/a	131.7	78.9	n/a	177.2	66.6	1.85	162.0
211.192	0.224	fixation	n/a	178.5	68.7	934.0	n/a	n/a	n/a	n/a
211.418	0.02	saccade	n/a	179.3	71.0	n/a	223.6	60.9	1.8	147.0
211.44	0.072	fixation	n/a	218.2	61.4	943.0	n/a	n/a	n/a	n/a
211.514	0.026	saccade	n/a	217.5	62.3	n/a	133.4	74.5	3.34	220.0
211.542	0.254	fixation	n/a	144.1	75.7	941.0	n/a	n/a	n/a	n/a
211.798	0.022	saccade	n/a	144.3	76.7	n/a	206.8	63.4	2.51	183.0
211.822	0.322	fixation	n/a	198.1	66.3	932.0	n/a	n/a	n/a	n/a
212.146	0.018	saccade	n/a	195.8	67.0	n/a	241.0	58.3	1.83	149.0
212.166	0.212	fixation	n/a	241.2	57.7	921.0	n/a	n/a	n/a	n/a
212.38	0.02	saccade	n/a	240.7	57.1	n/a	294.5	59.1	2.15	167.0
212.402	0.158	fixation	n/a	294.6	62.4	951.0	n/a	n/a	n/a	n/a
212.562	0.022	saccade	n/a	295.7	66.1	n/a	364.0	75.4	2.77	196.0
212.586	0.174	fixation	n/a	371.9	74.0	975.0	n/a	n/a	n/a	n/a
212.762	0.026	saccade	n/a	371.7	74.0	n/a	473.1	76.8	4.08	221.0
212.79	0.142	fixation	n/a	483.4	75.0	973.0	n/a	n/a	n/a	n/a
212.934	0.108	saccade	n/a	480.2	82.6	n/a	513.2	76.6	1.35	727.0
212.972	0.018	blink	n/a	n/a	n/a	n/a	n/a	n/a	n/a	n/a
213.044	0.346	fixation	n/a	518.5	77.4	942.0	n/a	n/a	n/a	n/a
213.392	0.012	saccade	n/a	517.4	78.4	n/a	537.1	79.0	0.79	70.0
213.406	0.058	fixation	n/a	536.2	79.2	936.0	n/a	n/a	n/a	n/a
213.466	0.056	saccade	n/a	535.7	79.8	n/a	224.4	114.1	12.46	450.0
213.524	0.218	fixation	n/a	214.0	110.0	889.0	n/a	n/a	n/a	n/a
213.744	0.018	saccade	n/a	215.1	112.7	n/a	179.4	113.3	1.41	114.0
213.764	0.252	fixation	n/a	187.0	114.1	889.0	n/a	n/a	n/a	n/a
214.018	0.022	saccade	n/a	185.9	115.1	n/a	253.1	114.9	2.66	215.0
214.042	0.292	fixation	n/a	248.6	114.3	885.0	n/a	n/a	n/a	n/a
214.336	0.018	saccade	n/a	250.6	115.9	n/a	299.3	121.4	1.96	164.0
214.356	0.094	fixation	n/a	293.5	121.6	897.0	n/a	n/a	n/a	n/a
214.452	0.028	saccade	n/a	293.7	121.7	n/a	192.3	107.4	4.07	296.0
214.482	0.218	fixation	n/a	200.8	112.1	857.0	n/a	n/a	n/a	n/a
214.69	0.0	trigger_13	13	n/a	n/a	n/a	n/a	n/a	n/a	n/a
214.7	0.0	trigger_10	10	n/a	n/a	n/a	n/a	n/a	n/a	n/a
214.702	0.024	saccade	n/a	200.2	112.6	n/a	120.3	117.4	3.13	217.0
214.728	0.406	fixation	n/a	130.1	118.7	857.0	n/a	n/a	n/a	n/a
215.136	0.016	saccade	n/a	131.5	120.1	n/a	114.2	120.0	0.67	81.0
215.154	0.456	fixation	n/a	122.1	125.1	910.0	n/a	n/a	n/a	n/a
215.612	0.006	saccade	n/a	149.1	145.7	n/a	159.8	147.3	0.42	69.0
215.62	0.152	fixation	n/a	164.7	143.4	954.0	n/a	n/a	n/a	n/a
215.774	0.02	saccade	n/a	169.2	148.1	n/a	133.3	104.6	2.24	183.0
215.796	0.154	fixation	n/a	143.4	102.5	940.0	n/a	n/a	n/a	n/a
215.952	0.014	saccade	n/a	143.6	103.8	n/a	144.8	71.5	1.3	116.0
215.968	0.224	fixation	n/a	147.9	76.8	922.0	n/a	n/a	n/a	n/a
216.194	0.066	saccade	n/a	148.5	79.3	n/a	527.8	507.5	22.24	608.0
216.262	0.098	fixation	n/a	519.5	498.8	1020.0	n/a	n/a	n/a	n/a
216.362	0.024	saccade	n/a	518.7	499.8	n/a	594.6	522.3	3.03	230.0
216.388	0.152	fixation	n/a	588.9	513.8	1017.0	n/a	n/a	n/a	n/a
216.542	0.02	saccade	n/a	587.5	515.6	n/a	648.0	507.4	2.31	178.0
216.564	0.126	fixation	n/a	644.0	509.5	892.0	n/a	n/a	n/a	n/a
216.692	0.08	saccade	n/a	648.2	512.1	n/a	150.9	43.5	26.3	576.0
216.774	0.148	fixation	n/a	157.2	55.5	759.0	n/a	n/a	n/a	n/a
216.924	0.02	saccade	n/a	160.6	59.2	n/a	129.9	48.8	1.27	140.0
216.946	0.264	fixation	n/a	135.9	56.0	748.0	n/a	n/a	n/a	n/a
217.212	0.012	saccade	n/a	134.9	60.8	n/a	114.7	59.2	0.79	77.0
217.226	0.204	fixation	n/a	120.4	60.5	840.0	n/a	n/a	n/a	n/a
217.432	0.024	saccade	n/a	119.1	62.9	n/a	213.1	62.4	3.68	237.0
217.458	0.23	fixation	n/a	220.9	61.9	907.0	n/a	n/a	n/a	n/a
217.69	0.024	saccade	n/a	220.7	63.1	n/a	299.8	63.5	3.16	225.0
217.716	0.338	fixation	n/a	295.1	64.3	947.0	n/a	n/a	n/a	n/a
218.056	0.024	saccade	n/a	295.1	67.0	n/a	364.0	73.0	2.78	188.0
218.082	0.216	fixation	n/a	362.7	71.4	938.0	n/a	n/a	n/a	n/a
218.3	0.024	saccade	n/a	364.3	74.0	n/a	438.7	77.4	3.0	205.0
218.326	0.164	fixation	n/a	435.8	75.8	956.0	n/a	n/a	n/a	n/a
218.492	0.02	saccade	n/a	433.9	76.2	n/a	487.9	74.8	2.17	162.0
218.514	0.42	fixation	n/a	487.6	75.1	974.0	n/a	n/a	n/a	n/a
218.936	0.014	saccade	n/a	486.5	77.1	n/a	514.6	80.5	1.13	96.0
218.952	0.02	fixation	n/a	516.1	81.5	969.0	n/a	n/a	n/a	n/a
218.974	0.062	saccade	n/a	514.6	81.2	n/a	162.9	114.8	14.0	448.0
219.038	0.13	fixation	n/a	158.1	116.6	916.0	n/a	n/a	n/a	n/a
219.17	0.02	saccade	n/a	159.6	117.2	n/a	126.7	120.0	1.29	131.0
219.192	0.136	fixation	n/a	133.6	122.3	910.0	n/a	n/a	n/a	n/a
219.33	0.132	saccade	n/a	133.6	124.2	n/a	142.2	119.5	0.38	587.0
219.376	0.03	blink	n/a	n/a	n/a	n/a	n/a	n/a	n/a	n/a
219.464	0.276	fixation	n/a	142.0	125.4	928.0	n/a	n/a	n/a	n/a
219.62	0.0	trigger_11	11	n/a	n/a	n/a	n/a	n/a	n/a	n/a
219.634	0.0	trigger_10	10	n/a	n/a	n/a	n/a	n/a	n/a	n/a
219.742	0.022	saccade	n/a	140.2	128.5	n/a	204.1	126.0	2.51	185.0
219.766	0.222	fixation	n/a	196.2	125.2	923.0	n/a	n/a	n/a	n/a
219.99	0.022	saccade	n/a	196.5	129.0	n/a	268.3	131.9	2.86	212.0
220.014	0.154	fixation	n/a	266.7	130.4	940.0	n/a	n/a	n/a	n/a
220.17	0.022	saccade	n/a	264.9	130.5	n/a	340.9	136.5	3.06	226.0
220.194	0.126	fixation	n/a	340.8	136.0	962.0	n/a	n/a	n/a	n/a
220.322	0.026	saccade	n/a	338.8	136.0	n/a	420.2	137.1	3.28	209.0
220.35	0.19	fixation	n/a	420.1	137.3	958.0	n/a	n/a	n/a	n/a
220.542	0.02	saccade	n/a	418.8	136.2	n/a	475.0	134.8	2.26	157.0
220.564	0.174	fixation	n/a	478.2	135.4	945.0	n/a	n/a	n/a	n/a
220.74	0.022	saccade	n/a	478.5	136.5	n/a	544.2	137.5	2.63	199.0
220.764	0.162	fixation	n/a	541.2	139.6	935.0	n/a	n/a	n/a	n/a
220.928	0.064	saccade	n/a	542.7	140.1	n/a	155.8	189.0	15.39	500.0
220.994	0.16	fixation	n/a	144.6	190.3	927.0	n/a	n/a	n/a	n/a
221.156	0.016	saccade	n/a	143.1	189.7	n/a	111.2	187.6	1.24	104.0
221.174	0.282	fixation	n/a	122.2	189.2	929.0	n/a	n/a	n/a	n/a
221.458	0.022	saccade	n/a	121.4	190.9	n/a	198.8	178.6	3.07	249.0
221.482	0.12	fixation	n/a	196.1	179.3	920.0	n/a	n/a	n/a	n/a
221.604	0.024	saccade	n/a	199.6	179.7	n/a	128.9	97.6	4.31	307.0
221.63	0.204	fixation	n/a	135.5	82.4	896.0	n/a	n/a	n/a	n/a
221.836	0.01	saccade	n/a	136.1	82.7	n/a	143.3	66.2	0.72	76.0
221.848	0.314	fixation	n/a	140.9	71.0	907.0	n/a	n/a	n/a	n/a
222.164	0.022	saccade	n/a	136.5	70.8	n/a	193.8	60.7	2.28	176.0
222.188	0.206	fixation	n/a	186.6	61.5	950.0	n/a	n/a	n/a	n/a
222.396	0.022	saccade	n/a	186.3	63.0	n/a	251.3	68.6	2.58	192.0
222.42	0.132	fixation	n/a	243.9	67.0	977.0	n/a	n/a	n/a	n/a
222.554	0.042	saccade	n/a	241.9	70.1	n/a	478.4	80.1	9.47	414.0
222.598	0.064	fixation	n/a	474.5	80.3	1021.0	n/a	n/a	n/a	n/a
222.664	0.024	saccade	n/a	476.7	83.2	n/a	561.2	75.8	3.39	264.0
222.69	0.186	fixation	n/a	548.1	80.3	1001.0	n/a	n/a	n/a	n/a
222.878	0.018	saccade	n/a	550.9	84.5	n/a	511.8	78.2	1.58	148.0
222.898	0.244	fixation	n/a	521.1	81.6	998.0	n/a	n/a	n/a	n/a
223.144	0.066	saccade	n/a	521.2	85.1	n/a	182.3	138.4	13.62	467.0
223.212	0.112	fixation	n/a	175.0	136.6	1016.0	n/a	n/a	n/a	n/a
223.326	0.022	saccade	n/a	175.9	135.5	n/a	129.3	136.5	1.82	172.0
223.35	0.228	fixation	n/a	137.5	134.5	993.0	n/a	n/a	n/a	n/a
223.58	0.022	saccade	n/a	137.8	136.1	n/a	214.8	133.1	3.03	230.0
223.604	0.208	fixation	n/a	213.2	133.6	1004.0	n/a	n/a	n/a	n/a
223.814	0.022	saccade	n/a	211.3	133.9	n/a	292.9	135.4	3.25	242.0
223.838	0.326	fixation	n/a	291.4	135.4	1003.0	n/a	n/a	n/a	n/a
224.166	0.026	saccade	n/a	290.3	136.6	n/a	372.6	140.1	3.31	218.0
224.194	0.566	fixation	n/a	368.1	138.6	994.0	n/a	n/a	n/a	n/a
224.762	0.022	saccade	n/a	366.0	139.9	n/a	429.9	136.0	2.58	167.0
224.786	0.174	fixation	n/a	439.4	133.3	976.0	n/a	n/a	n/a	n/a
224.962	0.02	saccade	n/a	440.0	134.3	n/a	496.1	132.8	2.26	170.0
224.984	0.18	fixation	n/a	502.6	132.7	972.0	n/a	n/a	n/a	n/a
225.166	0.022	saccade	n/a	503.9	133.1	n/a	563.4	132.0	2.37	159.0
225.19	0.186	fixation	n/a	569.3	132.1	954.0	n/a	n/a	n/a	n/a
225.378	0.066	saccade	n/a	569.8	131.6	n/a	156.6	182.0	16.39	486.0
225.446	0.124	fixation	n/a	148.3	181.3	929.0	n/a	n/a	n/a	n/a
225.572	0.016	saccade	n/a	145.8	180.7	n/a	109.8	178.4	1.4	117.0
225.59	0.242	fixation	n/a	122.5	178.6	920.0	n/a	n/a	n/a	n/a
225.684	0.0	trigger_11	11	n/a	n/a	n/a	n/a	n/a	n/a	n/a
225.698	0.0	trigger_10	10	n/a	n/a	n/a	n/a	n/a	n/a	n/a
225.834	0.026	saccade	n/a	121.8	179.6	n/a	230.5	184.3	4.27	312.0
225.862	0.254	fixation	n/a	228.3	187.1	929.0	n/a	n/a	n/a	n/a
226.118	0.018	saccade	n/a	230.5	189.1	n/a	273.5	193.5	1.72	156.0
226.138	0.288	fixation	n/a	271.3	193.3	962.0	n/a	n/a	n/a	n/a
226.428	0.022	saccade	n/a	270.6	193.4	n/a	323.4	196.0	2.11	155.0
226.452	0.324	fixation	n/a	317.1	194.3	948.0	n/a	n/a	n/a	n/a
226.778	0.028	saccade	n/a	315.9	197.4	n/a	401.0	195.4	3.41	219.0
226.808	0.234	fixation	n/a	398.9	196.3	932.0	n/a	n/a	n/a	n/a
227.044	0.016	saccade	n/a	397.4	198.6	n/a	375.9	197.1	0.87	92.0
227.062	0.292	fixation	n/a	382.7	200.5	899.0	n/a	n/a	n/a	n/a
227.356	0.042	saccade	n/a	383.9	200.0	n/a	169.2	80.3	9.8	433.0
227.4	0.144	fixation	n/a	153.0	79.5	795.0	n/a	n/a	n/a	n/a
227.532	0.0	trigger_11	11	n/a	n/a	n/a	n/a	n/a	n/a	n/a
227.544	0.0	trigger_10	10	n/a	n/a	n/a	n/a	n/a	n/a	n/a
227.546	0.022	saccade	n/a	155.1	80.6	n/a	126.1	67.0	1.26	133.0
227.57	0.326	fixation	n/a	132.6	71.7	808.0	n/a	n/a	n/a	n/a
227.898	0.012	saccade	n/a	133.8	74.2	n/a	114.0	67.4	0.82	78.0
227.912	0.126	fixation	n/a	120.6	69.3	855.0	n/a	n/a	n/a	n/a
228.04	0.026	saccade	n/a	120.2	71.5	n/a	214.7	57.8	3.75	243.0
228.068	0.236	fixation	n/a	215.7	60.4	859.0	n/a	n/a	n/a	n/a
228.306	0.016	saccade	n/a	217.3	61.6	n/a	252.2	57.8	1.4	120.0
228.324	0.186	fixation	n/a	247.9	57.3	849.0	n/a	n/a	n/a	n/a
228.512	0.024	saccade	n/a	247.1	59.4	n/a	327.3	67.4	3.22	247.0
228.538	0.306	fixation	n/a	325.6	70.4	908.0	n/a	n/a	n/a	n/a
228.846	0.028	saccade	n/a	325.1	79.2	n/a	438.2	83.8	4.56	328.0
228.876	0.17	fixation	n/a	430.9	82.5	1019.0	n/a	n/a	n/a	n/a
229.048	0.02	saccade	n/a	429.0	83.6	n/a	480.0	83.6	2.05	162.0
229.07	0.246	fixation	n/a	475.8	83.5	1037.0	n/a	n/a	n/a	n/a
229.276	0.0	trigger_11	11	n/a	n/a	n/a	n/a	n/a	n/a	n/a
229.288	0.0	trigger_12	12	n/a	n/a	n/a	n/a	n/a	n/a	n/a
229.318	0.062	saccade	n/a	475.3	84.1	n/a	153.0	66.4	12.78	387.0
229.382	0.33	fixation	n/a	147.9	68.3	958.0	n/a	n/a	n/a	n/a
229.714	0.016	saccade	n/a	147.9	71.9	n/a	116.5	71.6	1.22	111.0
229.732	0.14	fixation	n/a	125.2	72.2	1005.0	n/a	n/a	n/a	n/a
229.874	0.026	saccade	n/a	123.8	72.8	n/a	198.7	64.0	2.95	206.0
229.902	0.164	fixation	n/a	190.0	62.6	1027.0	n/a	n/a	n/a	n/a
230.068	0.028	saccade	n/a	188.9	62.5	n/a	295.0	78.2	4.26	240.0
230.098	0.15	fixation	n/a	292.6	76.0	1007.0	n/a	n/a	n/a	n/a
230.25	0.026	saccade	n/a	292.5	75.6	n/a	375.2	81.7	3.33	208.0
230.278	0.75	fixation	n/a	375.3	78.6	960.0	n/a	n/a	n/a	n/a
231.03	0.02	saccade	n/a	371.0	82.4	n/a	325.4	76.2	1.85	172.0
231.052	0.11	fixation	n/a	334.7	78.3	927.0	n/a	n/a	n/a	n/a
231.164	0.038	saccade	n/a	336.0	78.2	n/a	141.7	63.9	7.72	346.0
231.204	0.262	fixation	n/a	149.2	67.6	901.0	n/a	n/a	n/a	n/a
231.468	0.02	saccade	n/a	150.4	70.6	n/a	123.9	68.1	1.04	107.0
231.49	0.114	fixation	n/a	132.3	69.0	923.0	n/a	n/a	n/a	n/a
231.606	0.022	saccade	n/a	131.9	69.9	n/a	198.4	62.9	2.62	211.0
231.63	0.16	fixation	n/a	193.2	61.0	947.0	n/a	n/a	n/a	n/a
231.792	0.024	saccade	n/a	193.4	60.5	n/a	269.2	64.5	3.02	218.0
231.818	0.224	fixation	n/a	262.0	61.9	956.0	n/a	n/a	n/a	n/a
232.044	0.026	saccade	n/a	263.0	64.1	n/a	340.5	77.2	3.15	234.0
232.072	0.154	fixation	n/a	337.4	77.9	982.0	n/a	n/a	n/a	n/a
232.228	0.022	saccade	n/a	337.8	81.4	n/a	396.6	83.8	2.37	183.0
232.252	0.21	fixation	n/a	392.5	84.1	1000.0	n/a	n/a	n/a	n/a
232.464	0.022	saccade	n/a	393.1	86.6	n/a	460.1	83.2	2.7	176.0
232.488	0.434	fixation	n/a	463.5	85.9	1039.0	n/a	n/a	n/a	n/a
232.908	0.0	trigger_13	13	n/a	n/a	n/a	n/a	n/a	n/a	n/a
232.916	0.0	trigger_10	10	n/a	n/a	n/a	n/a	n/a	n/a	n/a
232.924	0.01	saccade	n/a	465.1	90.3	n/a	481.1	86.2	0.66	67.0
232.936	0.1	fixation	n/a	482.2	86.7	1046.0	n/a	n/a	n/a	n/a
233.038	0.018	saccade	n/a	482.3	88.0	n/a	530.5	82.6	1.94	150.0
233.058	0.374	fixation	n/a	527.3	82.4	1022.0	n/a	n/a	n/a	n/a
233.434	0.064	saccade	n/a	527.7	82.7	n/a	150.0	123.8	15.02	510.0
233.5	0.218	fixation	n/a	139.7	126.0	990.0	n/a	n/a	n/a	n/a
233.72	0.014	saccade	n/a	140.5	127.0	n/a	111.0	130.0	1.15	102.0
233.736	0.22	fixation	n/a	120.4	129.6	952.0	n/a	n/a	n/a	n/a
233.958	0.02	saccade	n/a	122.5	130.9	n/a	124.7	74.0	2.29	167.0
233.98	0.486	fixation	n/a	136.7	66.8	913.0	n/a	n/a	n/a	n/a
234.468	0.02	saccade	n/a	139.0	72.1	n/a	117.0	75.0	0.86	108.0
234.49	0.156	fixation	n/a	121.2	74.8	925.0	n/a	n/a	n/a	n/a
234.648	0.016	saccade	n/a	119.4	75.0	n/a	151.0	58.5	1.4	123.0
234.666	0.232	fixation	n/a	145.8	65.2	931.0	n/a	n/a	n/a	n/a
234.9	0.012	saccade	n/a	146.2	66.2	n/a	122.9	63.0	0.92	88.0
234.914	0.314	fixation	n/a	131.0	67.2	943.0	n/a	n/a	n/a	n/a
235.23	0.016	saccade	n/a	130.9	71.9	n/a	170.9	63.2	1.6	133.0
235.248	0.15	fixation	n/a	170.8	63.0	980.0	n/a	n/a	n/a	n/a
235.4	0.024	saccade	n/a	169.5	64.2	n/a	247.8	67.0	3.1	233.0
235.426	0.236	fixation	n/a	239.9	62.7	967.0	n/a	n/a	n/a	n/a
235.664	0.016	saccade	n/a	237.3	61.7	n/a	273.6	66.4	1.46	135.0
235.682	0.108	fixation	n/a	271.7	66.8	964.0	n/a	n/a	n/a	n/a
235.792	0.042	saccade	n/a	271.1	67.9	n/a	504.1	82.1	9.34	384.0
235.836	0.206	fixation	n/a	501.0	80.7	986.0	n/a	n/a	n/a	n/a
236.044	0.064	saccade	n/a	503.1	81.0	n/a	163.6	123.3	13.55	492.0
236.11	0.266	fixation	n/a	155.2	122.7	943.0	n/a	n/a	n/a	n/a
236.244	0.0	trigger_11	11	n/a	n/a	n/a	n/a	n/a	n/a	n/a
236.254	0.0	trigger_10	10	n/a	n/a	n/a	n/a	n/a	n/a	n/a
236.378	0.022	saccade	n/a	153.8	122.8	n/a	215.9	123.9	2.45	198.0
236.402	0.208	fixation	n/a	209.2	121.1	931.0	n/a	n/a	n/a	n/a
236.612	0.022	saccade	n/a	208.6	121.7	n/a	278.7	125.9	2.79	210.0
236.636	0.214	fixation	n/a	279.5	123.6	949.0	n/a	n/a	n/a	n/a
236.852	0.022	saccade	n/a	277.1	122.7	n/a	338.3	125.5	2.46	200.0
236.876	0.364	fixation	n/a	336.3	128.3	949.0	n/a	n/a	n/a	n/a
237.242	0.022	saccade	n/a	336.0	131.3	n/a	403.1	133.3	2.7	166.0
237.266	0.216	fixation	n/a	416.1	133.0	931.0	n/a	n/a	n/a	n/a
237.484	0.02	saccade	n/a	418.4	135.6	n/a	466.1	132.1	1.92	149.0
237.506	0.164	fixation	n/a	466.3	131.0	918.0	n/a	n/a	n/a	n/a
237.672	0.02	saccade	n/a	471.7	133.8	n/a	516.7	134.2	1.8	101.0
237.694	0.19	fixation	n/a	545.0	132.2	906.0	n/a	n/a	n/a	n/a
237.886	0.066	saccade	n/a	547.5	130.8	n/a	156.7	74.9	15.61	503.0
237.954	0.128	fixation	n/a	150.7	74.9	833.0	n/a	n/a	n/a	n/a
238.084	0.018	saccade	n/a	150.5	74.5	n/a	130.0	57.0	1.07	95.0
238.104	0.326	fixation	n/a	135.6	63.3	824.0	n/a	n/a	n/a	n/a
238.432	0.016	saccade	n/a	135.1	65.5	n/a	119.4	61.3	0.63	64.0
238.45	0.066	fixation	n/a	125.1	62.7	840.0	n/a	n/a	n/a	n/a
238.518	0.022	saccade	n/a	123.8	63.4	n/a	181.6	56.2	2.28	178.0
238.542	0.18	fixation	n/a	174.7	58.1	858.0	n/a	n/a	n/a	n/a
238.724	0.022	saccade	n/a	173.8	59.6	n/a	243.2	55.1	2.75	210.0
238.748	0.24	fixation	n/a	238.5	56.3	864.0	n/a	n/a	n/a	n/a
238.99	0.022	saccade	n/a	237.7	59.8	n/a	302.5	63.0	2.6	219.0
239.014	0.124	fixation	n/a	299.8	63.0	884.0	n/a	n/a	n/a	n/a
239.14	0.022	saccade	n/a	299.9	65.3	n/a	368.2	75.3	2.78	189.0
239.164	0.15	fixation	n/a	371.3	75.3	915.0	n/a	n/a	n/a	n/a
239.316	0.024	saccade	n/a	370.3	76.2	n/a	436.7	80.8	2.68	192.0
239.342	0.17	fixation	n/a	433.8	78.6	943.0	n/a	n/a	n/a	n/a
239.514	0.022	saccade	n/a	432.4	78.2	n/a	501.9	80.2	2.79	211.0
239.538	0.186	fixation	n/a	506.2	79.4	943.0	n/a	n/a	n/a	n/a
239.726	0.018	saccade	n/a	505.8	81.0	n/a	553.1	80.3	1.89	131.0
239.746	0.174	fixation	n/a	555.0	79.7	946.0	n/a	n/a	n/a	n/a
239.922	0.012	saccade	n/a	555.7	80.7	n/a	582.3	79.4	1.06	99.0
239.936	0.43	fixation	n/a	582.7	77.0	946.0	n/a	n/a	n/a	n/a
240.368	0.06	saccade	n/a	583.7	76.3	n/a	137.9	123.7	17.62	499.0
240.43	0.28	fixation	n/a	149.7	123.4	958.0	n/a	n/a	n/a	n/a
240.712	0.022	saccade	n/a	148.9	126.3	n/a	215.3	123.1	2.62	198.0
240.736	0.284	fixation	n/a	208.2	124.6	952.0	n/a	n/a	n/a	n/a
241.022	0.022	saccade	n/a	209.1	128.9	n/a	288.6	131.8	3.16	232.0
241.046	0.512	fixation	n/a	300.3	128.7	975.0	n/a	n/a	n/a	n/a
241.56	0.02	saccade	n/a	299.3	129.4	n/a	360.8	136.2	2.49	200.0
241.582	0.176	fixation	n/a	361.9	135.7	986.0	n/a	n/a	n/a	n/a
241.76	0.018	saccade	n/a	361.9	139.3	n/a	408.0	136.9	1.86	133.0
241.78	0.15	fixation	n/a	413.0	139.2	991.0	n/a	n/a	n/a	n/a
241.932	0.022	saccade	n/a	413.6	140.5	n/a	478.6	136.3	2.62	181.0
241.956	0.156	fixation	n/a	473.6	135.2	976.0	n/a	n/a	n/a	n/a
242.114	0.058	saccade	n/a	477.3	139.8	n/a	185.8	179.2	11.7	442.0
242.174	0.148	fixation	n/a	177.5	178.6	932.0	n/a	n/a	n/a	n/a
242.324	0.022	saccade	n/a	177.8	177.9	n/a	115.5	180.5	2.44	183.0
242.348	0.226	fixation	n/a	129.4	178.5	901.0	n/a	n/a	n/a	n/a
242.576	0.024	saccade	n/a	128.4	180.3	n/a	232.2	183.0	4.08	296.0
242.602	0.198	fixation	n/a	240.8	184.8	892.0	n/a	n/a	n/a	n/a
242.802	0.024	saccade	n/a	239.4	185.3	n/a	315.0	195.2	3.04	229.0
242.828	0.18	fixation	n/a	313.5	194.3	897.0	n/a	n/a	n/a	n/a
242.91	0.0	trigger_11	11	n/a	n/a	n/a	n/a	n/a	n/a	n/a
242.92	0.0	trigger_10	10	n/a	n/a	n/a	n/a	n/a	n/a	n/a
243.01	0.018	saccade	n/a	314.7	195.8	n/a	276.8	190.6	1.53	135.0
243.03	0.186	fixation	n/a	285.2	194.2	873.0	n/a	n/a	n/a	n/a
243.218	0.03	saccade	n/a	285.5	195.4	n/a	395.8	192.7	4.42	246.0
243.25	0.136	fixation	n/a	399.3	194.1	871.0	n/a	n/a	n/a	n/a
243.388	0.022	saccade	n/a	401.5	196.2	n/a	462.2	194.7	2.44	167.0
243.412	0.182	fixation	n/a	476.9	195.1	855.0	n/a	n/a	n/a	n/a
243.596	0.022	saccade	n/a	478.7	196.5	n/a	562.9	194.8	3.36	234.0
243.62	0.17	fixation	n/a	569.7	194.0	842.0	n/a	n/a	n/a	n/a
243.792	0.02	saccade	n/a	571.5	195.7	n/a	623.0	194.7	2.03	138.0
243.814	0.462	fixation	n/a	618.8	195.1	834.0	n/a	n/a	n/a	n/a
244.278	0.076	saccade	n/a	612.2	205.1	n/a	167.7	242.6	17.5	432.0
244.356	0.132	fixation	n/a	159.9	241.2	823.0	n/a	n/a	n/a	n/a
244.49	0.022	saccade	n/a	160.7	240.8	n/a	134.6	237.0	1.03	127.0
244.514	0.224	fixation	n/a	138.4	236.9	809.0	n/a	n/a	n/a	n/a
244.74	0.03	saccade	n/a	141.3	237.2	n/a	143.0	120.4	4.67	312.0
244.772	0.202	fixation	n/a	148.0	73.9	762.0	n/a	n/a	n/a	n/a
244.976	0.02	saccade	n/a	149.8	66.1	n/a	129.0	56.1	0.9	103.0
244.998	0.212	fixation	n/a	132.7	62.5	761.0	n/a	n/a	n/a	n/a
245.212	0.022	saccade	n/a	132.4	68.3	n/a	198.6	54.2	2.66	198.0
245.236	0.314	fixation	n/a	192.8	54.8	806.0	n/a	n/a	n/a	n/a
245.552	0.02	saccade	n/a	191.9	56.4	n/a	242.3	52.2	2.0	160.0
245.574	0.132	fixation	n/a	239.3	52.7	816.0	n/a	n/a	n/a	n/a
245.708	0.024	saccade	n/a	239.8	53.2	n/a	166.3	55.7	2.91	233.0
245.734	0.27	fixation	n/a	176.3	58.7	830.0	n/a	n/a	n/a	n/a
246.006	0.022	saccade	n/a	176.0	61.1	n/a	252.9	54.1	3.06	237.0
246.03	0.148	fixation	n/a	248.6	53.6	843.0	n/a	n/a	n/a	n/a
246.18	0.046	saccade	n/a	246.9	55.4	n/a	501.2	74.2	10.18	442.0
246.228	0.132	fixation	n/a	497.8	74.3	854.0	n/a	n/a	n/a	n/a
246.362	0.02	saccade	n/a	500.4	77.7	n/a	555.8	72.9	2.22	174.0
246.384	0.112	fixation	n/a	553.1	72.5	854.0	n/a	n/a	n/a	n/a
246.498	0.022	saccade	n/a	553.4	74.4	n/a	630.1	73.4	3.03	219.0
246.522	0.244	fixation	n/a	624.0	75.2	842.0	n/a	n/a	n/a	n/a
246.768	0.06	saccade	n/a	625.1	76.5	n/a	159.7	114.6	18.35	485.0
246.83	0.132	fixation	n/a	165.8	117.8	818.0	n/a	n/a	n/a	n/a
246.964	0.02	saccade	n/a	166.5	118.8	n/a	130.4	124.3	1.43	132.0
246.986	0.338	fixation	n/a	138.7	126.3	828.0	n/a	n/a	n/a	n/a
247.326	0.14	saccade	n/a	138.1	132.1	n/a	264.4	129.7	4.98	609.0
247.396	0.012	blink	n/a	n/a	n/a	n/a	n/a	n/a	n/a	n/a
247.468	0.248	fixation	n/a	264.3	132.3	848.0	n/a	n/a	n/a	n/a
247.718	0.02	saccade	n/a	264.6	136.9	n/a	314.3	132.2	2.0	160.0
247.74	0.454	fixation	n/a	309.8	130.9	841.0	n/a	n/a	n/a	n/a
248.196	0.02	saccade	n/a	310.0	131.4	n/a	373.0	139.2	2.56	197.0
248.218	0.17	fixation	n/a	384.4	136.8	854.0	n/a	n/a	n/a	n/a
248.39	0.022	saccade	n/a	384.7	139.9	n/a	446.7	140.6	2.5	191.0
248.414	0.164	fixation	n/a	444.6	136.8	856.0	n/a	n/a	n/a	n/a
248.58	0.022	saccade	n/a	444.8	137.5	n/a	515.2	137.3	2.83	186.0
248.604	0.182	fixation	n/a	528.8	135.5	870.0	n/a	n/a	n/a	n/a
248.788	0.054	saccade	n/a	530.0	137.1	n/a	149.0	178.7	15.15	471.0
248.844	0.458	fixation	n/a	158.7	182.3	837.0	n/a	n/a	n/a	n/a
249.304	0.022	saccade	n/a	157.8	185.3	n/a	218.9	180.5	2.41	186.0
249.328	0.148	fixation	n/a	217.3	181.7	813.0	n/a	n/a	n/a	n/a
249.382	0.0	trigger_11	11	n/a	n/a	n/a	n/a	n/a	n/a	n/a
249.384	0.0	trigger_18	18	n/a	n/a	n/a	n/a	n/a	n/a	n/a
249.478	0.024	saccade	n/a	218.9	183.8	n/a	291.8	190.7	2.91	192.0
249.504	0.248	fixation	n/a	291.5	193.9	835.0	n/a	n/a	n/a	n/a
249.754	0.022	saccade	n/a	294.0	198.2	n/a	359.6	194.3	2.63	180.0
249.778	0.434	fixation	n/a	362.8	195.0	829.0	n/a	n/a	n/a	n/a
250.214	0.022	saccade	n/a	362.3	198.3	n/a	418.4	198.6	2.25	170.0
250.238	0.242	fixation	n/a	416.9	196.6	814.0	n/a	n/a	n/a	n/a
250.482	0.008	saccade	n/a	420.3	201.1	n/a	434.2	196.5	0.59	71.0
250.492	0.196	fixation	n/a	436.3	196.6	815.0	n/a	n/a	n/a	n/a
250.69	0.042	saccade	n/a	435.6	198.0	n/a	183.3	130.4	10.4	449.0
250.734	0.228	fixation	n/a	176.3	129.5	760.0	n/a	n/a	n/a	n/a
250.964	0.006	saccade	n/a	177.8	131.3	n/a	169.7	127.6	0.35	54.0
250.972	0.282	fixation	n/a	173.2	128.3	777.0	n/a	n/a	n/a	n/a
251.256	0.022	saccade	n/a	174.4	130.0	n/a	124.6	68.5	3.15	248.0
251.28	0.284	fixation	n/a	130.0	72.5	821.0	n/a	n/a	n/a	n/a
251.566	0.01	saccade	n/a	129.9	75.3	n/a	144.4	67.3	0.65	68.0
251.578	0.254	fixation	n/a	142.8	70.2	842.0	n/a	n/a	n/a	n/a
251.834	0.234	saccade	n/a	142.2	78.2	n/a	528.2	546.8	23.44	629.0
251.938	0.09	blink	n/a	n/a	n/a	n/a	n/a	n/a	n/a	n/a
252.07	0.11	fixation	n/a	547.6	551.7	925.0	n/a	n/a	n/a	n/a
252.182	0.022	saccade	n/a	552.3	549.9	n/a	622.1	520.8	2.86	212.0
252.206	0.26	fixation	n/a	620.4	523.4	813.0	n/a	n/a	n/a	n/a
252.468	0.028	saccade	n/a	626.5	526.3	n/a	504.0	526.0	4.67	305.0
252.498	0.776	fixation	n/a	504.1	529.0	760.0	n/a	n/a	n/a	n/a
253.276	0.032	saccade	n/a	501.3	529.1	n/a	623.6	511.5	4.71	264.0
253.31	0.23	fixation	n/a	620.6	512.7	898.0	n/a	n/a	n/a	n/a
253.542	0.218	saccade	n/a	624.3	510.7	n/a	565.9	494.7	2.3	1085.0
253.562	0.15	blink	n/a	n/a	n/a	n/a	n/a	n/a	n/a	n/a
253.762	0.146	fixation	n/a	563.5	515.9	925.0	n/a	n/a	n/a	n/a
